iteration,continuity,epsilon,k,vf-phase-2,x-velocity,y-velocity,z-velocity
1.0,1.0,0.3658375408096591,0.5629511561556366,0.1326810677474254,0.0008116503884190419,0.0008547506188685373,0.0008388820427011523
2.0,1.0,0.2068382575917816,0.1946463867842758,0.6117572938287315,0.000568745710027118,0.0005574949778887711,0.0005738078167092139
3.0,0.8014861670597384,0.3685429223934028,0.1102885203624607,0.3086113234392781,0.000398196639868805,0.0003414876742780955,0.000399192745263304
4.0,0.8858506495741859,0.3657224766845414,0.08444155069249883,0.2061421156229827,0.0004322091409556406,0.0003239316373635193,0.000402625683866969
5.0,0.704375259733867,0.2813025943754278,0.0657571337401602,0.1536776572912074,0.0003887036379445339,0.0002808023018605124,0.0003534060964838072
6.0,0.681599076054415,2.398522731958583,0.06144584348217454,0.1209459949758385,0.0003718342368254415,0.0002669523412124831,0.000335447977442236
7.0,0.5757290284421761,0.5317081648845622,0.05173454448242722,0.1008129921898164,0.000345129217677764,0.0002400017386073911,0.000306901293243561
8.0,0.5455562577928892,0.3724378229594414,0.04723434869630207,0.08652287593964107,0.0003337917243234556,0.0002276762492652023,0.0002944918830333128
9.0,0.5041209895200615,0.2380878457320455,0.04001626413615698,0.07579759435637975,0.0003231300024034107,0.0002148139021916015,0.0002821614080540198
10.0,0.5766547142304461,0.1617903179594588,0.03336571305699413,0.06743445247571897,0.0003263682341983776,0.000223204816007579,0.0002824953683548889
11.0,0.4974159163943668,0.1129167261133786,0.02858789774842421,0.0606919450140643,0.0003086485783296844,0.0002101330844506243,0.0002654739909568585
12.0,0.4808637031726739,0.08683184750255,0.02549762140728764,0.05521304616740381,0.000301953861899347,0.0002053799433807024,0.0002563375879014542
13.0,0.4848922032322206,0.07016662430456101,0.02316789993571267,0.05073822640713568,0.0002952628521696009,0.0002034380981597187,0.0002521280727163845
14.0,0.4537726696965536,0.05921290638399751,0.02142759195925843,0.0469428959497545,0.0002838368625100628,0.0001953075338379259,0.0002413093360971154
15.0,0.4793939580535399,0.04756500269260582,0.0200404592095581,0.0436730714356519,0.0002805623836273938,0.0002003415824773477,0.0002366485321672706
16.0,0.4447703131044415,0.0456701683161754,0.01901479823127006,0.04080764253978713,0.0002720030069532005,0.0001942064496233406,0.0002286261644262605
17.0,0.4716329487081413,0.0399354544032931,0.01814392290450741,0.03828126613622556,0.0002686708682399367,0.0001983237389109699,0.0002244551755474768
18.0,0.4345698674807493,0.03646389190379509,0.01743739685172338,0.03602614523464964,0.0002604770589237563,0.000192607608870877,0.0002172174871193711
19.0,0.4409127420717199,0.03454487101628096,0.0168906196178649,0.03400246306429906,0.0002555886573729551,0.0001931274021626579,0.0002110755556065843
20.0,0.4364485041132823,0.03291367090569854,0.01638118183409779,0.03219346558184559,0.000249239106330367,0.0001916992320328835,0.0002054561568852948
21.0,0.4324314474370417,0.03190194368724541,0.01593899111029134,0.03058764295065396,0.0002441242602569409,0.0001907857547500813,0.0002008257951674396
22.0,0.4300921133452622,0.03081281170055174,0.01552464102572629,0.02914454361762896,0.0002391867654634751,0.0001895937972748136,0.0001961901045580957
23.0,0.4240188547672002,0.02946126165075802,0.01513434679685651,0.02783409697712173,0.0002342828221764146,0.0001882651886154642,0.0001913982310647127
24.0,0.4190635182425615,0.02904094550224199,0.01478267540226289,0.0266360084139557,0.0002288044879791493,0.0001869245565352852,0.0001870712794544281
25.0,0.4196461621362059,0.02834806684307911,0.01442784333508035,0.02553701589186705,0.0002238725068286969,0.0001857029862015406,0.0001829908776281442
26.0,0.4175588944161807,0.0274132687213656,0.01409161954829389,0.02451418931394399,0.0002195943068876882,0.0001845192849862425,0.0001794360103838417
27.0,0.4183329726323189,0.02640898242880463,0.01376834742551222,0.02356710254126922,0.000215547106848123,0.000183170398224956,0.0001761967760986395
28.0,0.4168098047209952,0.025913445902206,0.01349577782826735,0.02268926762808588,0.0002119432969715029,0.0001816990395859536,0.0001741532483693984
29.0,0.4175528012320489,0.0254467176729925,0.01322847509365069,0.02186941830739053,0.0002078712619295672,0.0001796370820030186,0.0001715179132392022
30.0,0.4179404991527557,0.02511425092119686,0.01295827684069719,0.02111045675009608,0.0002039893363935387,0.0001777356491581866,0.0001695820744684845
31.0,0.419798807775902,0.02462266554341347,0.0127058798221637,0.02039969735131813,0.0002004487389615077,0.0001760023456002572,0.0001675892466307468
32.0,0.422018458534514,0.02446602432011798,0.01247382050000205,0.01973345667038748,0.0001963613220474297,0.0001739036647295984,0.0001657337729052625
33.0,0.4242839665460976,0.02431969193467409,0.01224348016342291,0.01911393221219192,0.0001926420663847156,0.0001726119923661437,0.0001644596722218494
34.0,0.422938326527689,0.02365430279296238,0.01200401591520588,0.01853107237740008,0.0001877027510901246,0.0001710619353913089,0.0001624592923108609
35.0,0.4223936526807641,0.02318587146021715,0.01177094227440323,0.01798315375571144,0.0001828444565742994,0.000169522772573217,0.0001602586021925562
36.0,0.4219386181977294,0.02258954113754663,0.01153870878600981,0.01746885270266144,0.0001777559471642874,0.0001680622582607474,0.0001578517682231445
37.0,0.4198149599956554,0.02201028554797648,0.01131572687522674,0.01698430928771367,0.0001729611108631913,0.0001667673355630908,0.0001560640404865227
38.0,0.4170641097988204,0.02150278233790481,0.01109745639382369,0.01652760597271781,0.0001687668028005103,0.000165589522772598,0.0001542411217859591
39.0,0.4132132358745618,0.02104260669675759,0.01089348321099338,0.01609205195666413,0.0001647731096829561,0.0001643415398647585,0.000152281370119206
40.0,0.4031091968901951,0.02096547079915901,0.01072125508265032,0.01567526100117636,0.0001611645518202011,0.000162669634939838,0.0001503915853243893
41.0,0.4092963714851282,0.02065075086161416,0.01051541097230345,0.01527865982764437,0.0001576631107412145,0.0001622524113013476,0.0001491153674886949
42.0,0.3915360119538882,0.02034228479419521,0.01031655008301035,0.01490049419133056,0.0001541605110181398,0.0001602258815597396,0.0001467665709300428
43.0,0.3907196270270967,0.01968821460696951,0.01010060807381106,0.01454150474686813,0.0001507780577965372,0.0001591620004053684,0.0001453686219747628
44.0,0.374451357998186,0.01883998646753199,0.00988856867087642,0.01419979572902476,0.0001473418799874648,0.0001572479798535045,0.0001433946905640952
45.0,0.3746486257061513,0.01860213684174132,0.009665580768481976,0.01387189847223661,0.0001446165652530972,0.000156252855459555,0.0001422762510884834
46.0,0.360712143726597,0.0178906764288657,0.009458146192385277,0.01355896564233217,0.0001415848955456541,0.0001547655088691408,0.0001405981669950528
47.0,0.3622032534861312,0.01743807114667929,0.009246776009839495,0.01326070765545446,0.000139618474029101,0.0001537609499810909,0.0001401153440200064
48.0,0.3514731407021991,0.01717355418556037,0.009064685945006711,0.01297631530660473,0.0001370523971166822,0.0001518785870173726,0.000138593144400449
49.0,0.3575969252184227,0.01731826629365152,0.008905075601204328,0.01270448298919449,0.000135876506770466,0.0001511304478992807,0.0001385483470901584
50.0,0.3486232725993569,0.01683790269106532,0.008754002897997883,0.01244387083916912,0.0001338597984892261,0.0001495352740882727,0.0001375109590986027
51.0,0.3548568193412364,0.01657848267533985,0.008614123139195701,0.01219279214250941,0.0001329103354450957,0.0001487534684548591,0.0001371629161439727
52.0,0.3486294236531473,0.01653345307424654,0.008503799316887986,0.01195264491152473,0.0001315618006552443,0.0001474686290347181,0.0001365783155244925
53.0,0.3568073450685668,0.01663200198174782,0.008396563149737423,0.01172221137036537,0.0001308231711851459,0.0001463621990823041,0.0001361097681556947
54.0,0.3518048881689224,0.01659473224386922,0.008299104693846492,0.01150128391760005,0.0001293897545281304,0.0001452915788288828,0.0001352548447617053
55.0,0.3590242319497026,0.01648846383919025,0.008198048195267689,0.0112880092778569,0.0001290061164010468,0.0001444068687411114,0.0001346728493195169
56.0,0.3544594815082025,0.01631747661140634,0.008103652141975566,0.01108084756466024,0.0001279870578096106,0.0001431921922437362,0.0001335469874299979
57.0,0.3622734807765616,0.01700393622954872,0.008038197541978013,0.01088158585886681,0.0001286562637441618,0.0001424332688538482,0.0001332946358042101
58.0,0.3587976330635663,0.01706299273320343,0.007954811020202646,0.01069101227117847,0.0001273926685000947,0.0001411864883082137,0.0001323669610314233
59.0,0.3649390261985896,0.01682550417697239,0.007862789169037323,0.01050705734844059,0.0001275556677411865,0.000140104513051095,0.0001318238742983667
60.0,0.3623722543078917,0.01664640664359807,0.00777701626791,0.01032828397381934,0.0001263757303014012,0.0001391082002449128,0.0001307225128238984
61.0,0.3703652120283761,0.01676586442694798,0.007691237794386008,0.01015525356846142,0.000126700806975474,0.0001383880075613113,0.0001299673453909679
62.0,0.3675939886794934,0.01658152373033478,0.007602421336257101,0.009988945554862658,0.0001255496400772699,0.0001373836664307155,0.0001290673351891428
63.0,0.3766071066125005,0.01644069647662608,0.007500501770742265,0.00982843038620065,0.0001259481730464991,0.0001365256900922498,0.0001284516318081051
64.0,0.3737175780818417,0.01636079718450654,0.007414654462203513,0.009672809233140858,0.0001247646155326831,0.0001354591126065588,0.000127601320702118
65.0,0.3800315579447461,0.01611423104675671,0.007326754193710761,0.009521862662954593,0.0001246160149425832,0.0001346670803030303,0.0001267821407759192
66.0,0.3792560516584913,0.01631142889746376,0.007256511550320573,0.009375134241406383,0.0001237221695643323,0.0001340152483777454,0.0001260634808812456
67.0,0.3875172770055332,0.01619501728418994,0.007173187049598098,0.009232612004164052,0.0001235640138562946,0.0001331326940240886,0.0001252678540727989
68.0,0.3821049985919508,0.01608765517265466,0.007093496004223297,0.009094913967117863,0.0001220545896307229,0.0001322000365734734,0.0001245365803474769
69.0,0.3882450647547746,0.0160774843423473,0.007010146964071179,0.008961973324167706,0.0001219614419133986,0.0001316268557344309,0.0001241650406960592
70.0,0.3855102659891153,0.01615992396169492,0.006937800877165779,0.008833064783213579,0.0001208071783291794,0.0001305791069988651,0.0001233493697882322
71.0,0.3903911059654381,0.01598949528733803,0.006862264347581725,0.008707517839036293,0.0001202597737807925,0.0001296070392008147,0.0001230126875922006
72.0,0.3970461664005364,0.01573989812093339,0.006775907112980652,0.008585343148574696,0.0001202397887869283,0.000129379759223031,0.0001225548919259605
73.0,0.393431703951807,0.01556683522495706,0.006702684048989064,0.008466767957581481,0.0001189690838084445,0.0001286022174323154,0.0001221723543875997
74.0,0.3979812224610487,0.0155574434124226,0.006628382010299454,0.008351363761632086,0.0001185222178168289,0.0001279179293665224,0.0001218435397357925
75.0,0.401738670479396,0.01541362601457179,0.006554172999677937,0.008238259784182368,0.0001179781965592569,0.0001270338522563382,0.0001213777547890648
76.0,0.4037925928662307,0.0153288348262079,0.00648810069067045,0.008127602385231079,0.0001176148982749777,0.0001264887277603869,0.0001209953707217269
77.0,0.4054555048178939,0.01505263015458906,0.006399656504232546,0.008020218238588468,0.0001164858017291569,0.000125698922360464,0.0001202905848012202
78.0,0.4064543397003587,0.01479269552194263,0.006335896328135451,0.007915628318425407,0.0001158911794295058,0.000125129432246555,0.0001200600207591237
79.0,0.4060545445835491,0.01452392748507643,0.006267504444567923,0.007813825454519118,0.0001152302265217133,0.0001244141911266708,0.0001197426157956932
80.0,0.4078583166439206,0.01444657794862299,0.006193106470749951,0.007714878387410054,0.0001143661242396286,0.0001235064723534878,0.0001192162720036801
81.0,0.411306056309811,0.01447616201491343,0.006127431838992321,0.007618309341593871,0.0001138234308286717,0.0001229795166642597,0.0001189167380264503
82.0,0.4122626759443193,0.014382178357952,0.006064645171858482,0.007524158728380359,0.0001132070142020671,0.0001222687800204827,0.0001188707918774079
83.0,0.4147512617808822,0.01436683216514168,0.006003424595410146,0.007432444601387537,0.0001125588032402226,0.0001215276290888155,0.0001187752164668112
84.0,0.41662961013025,0.01440779858662444,0.005941232133777809,0.007342610213832068,0.0001120398224733318,0.0001206997692329943,0.0001186332898278847
85.0,0.4209987952886482,0.01432494981578177,0.005883299781940087,0.007254614358125827,0.0001115773197324527,0.0001200738586882305,0.0001186220133270213
86.0,0.4226768516091373,0.01429812134287778,0.005820985611774043,0.007168692019489948,0.0001111515112495256,0.0001193125885413349,0.0001185908837320891
87.0,0.4262872666809783,0.01404039368493839,0.005747928262842048,0.007085096257953802,0.0001108302882813292,0.0001187417824860457,0.0001185847841323759
88.0,0.4280461242923849,0.01358606635195867,0.005661541251463519,0.007003249082697427,0.0001103259638447322,0.000117937560971313,0.0001183150616352798
89.0,0.4286733611342368,0.0137742712670761,0.005603954265665919,0.006923126506191789,0.0001099637208221598,0.0001172700000718382,0.0001183086285320695
90.0,0.4304811319556662,0.01314807892724828,0.005518993332923362,0.006844698924166369,0.0001095353984819484,0.0001163876338559202,0.0001179874932844166
91.0,0.4320825092990765,0.01325829802344547,0.00546272522544067,0.006768070160009257,0.0001092771512657442,0.000115543190534934,0.0001177444591598365
92.0,0.4335878035442247,0.01327651648316789,0.005402153978428244,0.006693328813996751,0.0001088337209176039,0.0001146920741801605,0.0001173422375037842
93.0,0.4344590507460189,0.01271746883835566,0.005316593331973132,0.006620714136437911,0.000108521863824534,0.0001139817743819878,0.0001171261142473151
94.0,0.4372169663328246,0.01278184006570957,0.005252146583002984,0.006549993860826558,0.0001083873259021887,0.0001135366480497188,0.0001171096851415305
95.0,0.4397701270608976,0.01262762353975338,0.005184743223474941,0.006480397949352934,0.0001083685169894771,0.0001129910521161698,0.0001169829371520801
96.0,0.4438655118715787,0.01253139171295999,0.005112957986490332,0.00641231081552914,0.0001080525618052815,0.0001123319272902038,0.0001169104489220962
97.0,0.4467729485312702,0.0126050785672984,0.005062759260047574,0.006345768069167723,0.0001081198255162759,0.0001119946564588149,0.0001170648339983497
98.0,0.4496729407620576,0.0121717051098082,0.004992611014796929,0.006280365307234318,0.0001079542843778333,0.0001114327562105846,0.0001167836608674516
99.0,0.4501091995145365,0.0121291670076664,0.004930912130939021,0.006216126705200962,0.000107693265199281,0.0001108277788655434,0.0001165611045961548
100.0,0.450478514616737,0.01153823186536513,0.004853042238384706,0.006152438295233219,0.0001073370653404531,0.0001102380676471774,0.0001160934372198997
101.0,0.4522316607631393,0.01136690900203763,0.004799126301184806,0.006089732393651987,0.0001070561747050069,0.0001095586070381459,0.0001158102259764001
102.0,0.4520830480642499,0.011577647994415,0.004752547570366717,0.006027740583566021,0.0001066035972636417,0.0001087705289610811,0.0001154667851602767
103.0,0.4536335913940438,0.01102583828305831,0.004687317165484734,0.005966829087160523,0.0001061551904122146,0.0001080854508462933,0.0001151477480136618
104.0,0.4545312047345919,0.01178551168395011,0.004658794439614976,0.00590710093219668,0.0001059939512651829,0.0001074607322953105,0.0001149976263620923
105.0,0.456728659926369,0.0113970410266081,0.004597476162136208,0.005849140333360999,0.0001055888624884688,0.0001068306788298356,0.0001149238852760342
106.0,0.4606479259108367,0.01075370201304807,0.004530628939005544,0.005792455373639663,0.0001050237114573711,0.0001063185651739342,0.0001145254886881257
107.0,0.4631984917807347,0.01084243767361163,0.004489650927841201,0.005737279467882784,0.0001046616166808749,0.0001059549381259545,0.0001143042002756119
108.0,0.4656451987100624,0.01099160049494039,0.004451651982675942,0.00568319552706138,0.0001044681242885611,0.0001058768177678576,0.0001141638452178384
109.0,0.4653056425648427,0.01082923757752344,0.004401781947598404,0.005629969255335933,0.0001040784020118332,0.0001056989276031413,0.0001140111545503088
110.0,0.467424452132658,0.01084921157587288,0.004359711596100282,0.00557788486229204,0.0001038069708850408,0.0001053500500261331,0.0001138068222186538
111.0,0.4681940904116714,0.01025792220464336,0.004295690413724688,0.005526593182134822,0.0001033343765990539,0.0001049989439906647,0.0001132796318143789
112.0,0.4700136154112884,0.01031586526837595,0.004256409290135398,0.005476107348647476,0.0001028491931258306,0.0001048199513982828,0.0001129438191021485
113.0,0.471337357884934,0.0100502872185618,0.004211171668860532,0.005426589811146979,0.0001022388765869632,0.0001045917231381066,0.0001124873952284438
114.0,0.4731052677605083,0.01004668363255774,0.004170850660540624,0.005378140856433592,0.0001018262910012242,0.0001044775123631145,0.0001122284065932171
115.0,0.4744860260185551,0.0102466509077606,0.004146266297772218,0.005330651301405073,0.0001014819850276421,0.0001044000534425845,0.0001120155465068015
116.0,0.477728878654089,0.01035626172250447,0.004118356382939219,0.005283804030714199,0.0001011473273172033,0.0001043510931504189,0.0001117131981603554
117.0,0.4789616869265001,0.01040057866275382,0.00409604486402067,0.005237786846661892,0.0001008514265876536,0.0001042305078531567,0.0001115822335498079
118.0,0.4814102535673546,0.0100924324984945,0.004053422774057103,0.00519218204251508,0.0001003712243191522,0.0001040254952815465,0.0001112087217913453
119.0,0.4836727562022753,0.009916005529659851,0.004021345245253904,0.005147600573732062,0.000100052819674677,0.0001038827581299013,0.0001108632716934778
120.0,0.485548082554297,0.009964801554322935,0.003992035072585165,0.005104126632054736,9.995107227905705e-05,0.0001038489916896196,0.0001107050387876511
121.0,0.4896023373965535,0.009789420087660356,0.003959947079703668,0.005061208271835506,9.986207518251825e-05,0.0001038115579922442,0.0001104842067433492
122.0,0.4917883316841405,0.00978661772487104,0.00392887256359664,0.005018325484519794,9.974655311781582e-05,0.0001036804414647458,0.0001101612550243479
123.0,0.4929098684038358,0.009767851426633495,0.003889758208538369,0.004976532103801497,9.9620393259246e-05,0.0001034432958695876,0.0001097490108439721
124.0,0.4946229137523939,0.009573710147936619,0.003850571759967256,0.0049356950505534,9.94880663262105e-05,0.0001033232307110978,0.0001093484166317965
125.0,0.4945626398642282,0.009370927070399262,0.003807157775885372,0.004895596040386452,9.935650612633362e-05,0.0001031279627867887,0.0001087882200547445
126.0,0.4954634491718493,0.009336063782845844,0.003770504410862706,0.00485608334411195,9.91283403421102e-05,0.0001027979106919646,0.0001080916790923031
127.0,0.4961926650086457,0.009240943592308573,0.003732490519842711,0.004816957146073932,9.911226921678986e-05,0.0001025908639410149,0.0001075174524412022
128.0,0.4969654785301734,0.009657849370349029,0.003709772960617048,0.004778305739672689,9.91034518168485e-05,0.0001024229170095496,0.0001069920061755453
129.0,0.4983879000014348,0.009171015675581257,0.003652380688415193,0.00474053326248066,9.895528751133003e-05,0.0001022619058280569,0.0001063282820129975
130.0,0.4999799020784306,0.009143949820326153,0.003616534428570902,0.004703160680342624,9.885226365695768e-05,0.0001020151010695915,0.0001057650738073504
131.0,0.5018599734680863,0.00913721281801832,0.003585631934841455,0.004666384256778372,9.891497194746162e-05,0.0001018688654399149,0.0001053780202443337
132.0,0.5028881273279316,0.008944875914439678,0.003536075779952708,0.004630170340608445,9.864263279223653e-05,0.0001017146490635802,0.0001049014123930277
133.0,0.5020344413115644,0.00886064878971082,0.003499514567228828,0.004594541927231153,9.853453490261378e-05,0.0001015130091589743,0.0001043910840548981
134.0,0.5038910406668848,0.008816803921079261,0.003461622268199492,0.004559520724149206,9.850151616216384e-05,0.0001013030382911359,0.0001039788009330939
135.0,0.5055186936756544,0.00862666145476741,0.003418965006794591,0.004525026214878334,9.856505821284352e-05,0.0001012075071491912,0.0001036776578506475
136.0,0.5081694595275906,0.008963426745295081,0.003396144789494634,0.004490964588838645,9.864080880943599e-05,0.0001012271309845692,0.0001034267718677301
137.0,0.5080625629956393,0.008666540182613551,0.003357194590682328,0.004456855800762214,9.851264032158416e-05,0.0001010147012586848,0.0001030324905983003
138.0,0.5074219821112573,0.008911681924234286,0.003340079672279501,0.004423191283193378,9.847764143965408e-05,0.0001008546734615365,0.0001026317336341549
139.0,0.5081101195696345,0.008619826241374423,0.003301534204452889,0.004390816488754928,9.843082821267867e-05,0.0001007605368290944,0.0001022911339660504
140.0,0.5088624229791037,0.008792774354075578,0.003281291994558358,0.004358835424371529,9.83614246124177e-05,0.0001008174363249782,0.0001019472144254296
141.0,0.5096429913663296,0.008891332004027723,0.003269547380143195,0.004327484877928454,9.863196433459991e-05,0.0001009140708876358,0.0001018125988212589
142.0,0.5099823016355604,0.008857478160918029,0.0032555788564691,0.004296730100982079,9.863049012600557e-05,0.0001008786147868838,0.0001017180073863363
143.0,0.5112273181761995,0.008963753169203737,0.003234304030571157,0.004266434751869928,9.868833220630557e-05,0.0001010085528546645,0.0001015242196897805
144.0,0.5127596194592904,0.00870758809826592,0.003213791172409721,0.004236516939806981,9.866698772329524e-05,0.0001012973271069533,0.0001014105285896836
145.0,0.5136266954360899,0.008531285558082483,0.00319933612905436,0.004207198883134681,9.87603576661733e-05,0.0001014235312128659,0.0001012018954323388
146.0,0.5152965962838035,0.008624074201251719,0.003190955307248551,0.004178475834323198,9.886899409219241e-05,0.000101679352857844,0.0001010847577430046
147.0,0.516842034704468,0.00914085750677931,0.003202755687359844,0.004150276500857789,9.907064946673878e-05,0.0001019795886168599,0.0001010056599158913
148.0,0.5199812661387431,0.008862322376305763,0.003183533195911845,0.004122416415902328,9.912806782698065e-05,0.0001023085609710801,0.0001008195529864504
149.0,0.5222911851528779,0.00908164460534792,0.003192255066402063,0.004094816993202733,9.918351407312997e-05,0.0001026472790199549,0.0001007390987949245
150.0,0.5257208767579706,0.009038094135535015,0.003194133503277013,0.004067480259997103,9.93156422770014e-05,0.0001029779878660918,0.0001006815802522546
151.0,0.5271298924929679,0.00878773685684655,0.003186573457103178,0.004040442894014038,9.934932519107115e-05,0.0001032360907912899,0.0001005810524595525
152.0,0.5294419612444071,0.00894209385278473,0.003193542155318261,0.004013801005908234,9.951120011300257e-05,0.0001035969465421018,0.0001005535841755731
153.0,0.5334437626999259,0.008879154160241794,0.003201551826370516,0.003987895687385057,9.981579477011632e-05,0.0001038993648883681,0.0001005692023526024
154.0,0.5345986945976356,0.00886815585284589,0.003209545202648102,0.003962374547887317,9.977949146306502e-05,0.0001040387704705339,0.0001004434843914977
155.0,0.5346351327120978,0.008741506318538598,0.003211999388436275,0.003937405409614797,9.98903515935519e-05,0.0001043717761949137,0.0001003239955087824
156.0,0.5368014256605609,0.008724377194097535,0.003212260196398277,0.00391270369539299,0.0001000207491558101,0.0001048290469385376,0.0001000947665898827
157.0,0.5395300973166725,0.008812584957536687,0.003220005320386727,0.003888359458344598,0.0001001933913655804,0.0001050774897294508,0.0001000634900736169
158.0,0.5413819941962378,0.00931444344900945,0.003239189625392893,0.003864343463972734,0.0001005775689641426,0.0001053330424661841,0.0001000731133541254
159.0,0.5422831423937302,0.009269313573537703,0.003242583290850867,0.003840536933992392,0.000100687180463707,0.0001054777355208661,9.998133942309627e-05
160.0,0.5455156449960586,0.00913300831116911,0.00323917344594149,0.003816857351858453,0.0001009306116356655,0.0001057579715180786,9.994062528199091e-05
161.0,0.5475631737122431,0.009438572204454161,0.00325228658060602,0.003793288761755424,0.0001012643196428333,0.0001061046131468199,0.0001000518828923076
162.0,0.5496209110613128,0.0092072933713459,0.003241538056066453,0.003769914871488912,0.0001015203247862416,0.0001062743692203177,0.0001001048276063881
163.0,0.5520779989498145,0.009384177228870742,0.003248846495870909,0.003746693395391676,0.0001017355814761322,0.0001063836507444001,0.0001000261963332889
164.0,0.5519321886012567,0.008954882547868094,0.00323029627209106,0.003723779428253861,0.0001016802827584953,0.0001064481452652831,9.988462203732724e-05
165.0,0.5537896004273875,0.009359097898412801,0.003245502931976696,0.003701098854932359,0.0001018713758362078,0.0001065675130835805,9.995610629021657e-05
166.0,0.5565368426229197,0.009604224406215568,0.003248718064492213,0.003678673092657701,0.0001021075695942385,0.0001066321280063303,0.0001000035152618066
167.0,0.5584405692187265,0.009734929305863291,0.003244642594696976,0.003656462903691569,0.0001021357028919726,0.0001065836897275711,9.999985835755217e-05
168.0,0.5605122202131018,0.009471059230517971,0.003237352086317791,0.00363460194528494,0.0001021600813875599,0.0001066007190483057,0.0001000176001902125
169.0,0.5604416783391168,0.009323638937157631,0.003221280292172448,0.003613117062610852,0.0001020674950540464,0.0001066040502229181,9.991343884778286e-05
170.0,0.5621542893507585,0.009266420981618943,0.003218680995888798,0.003591917853710201,0.0001020454607618559,0.000106668671989193,9.998451220013595e-05
171.0,0.5615041113956828,0.009184592682491506,0.003212259691797728,0.003570970589310464,0.0001019160569686147,0.0001067211175647995,0.0001001239307819635
172.0,0.5620447310839942,0.009315338459999819,0.003213603942911463,0.003550313407663117,0.0001017481233447253,0.0001067274430669493,0.0001001971963256364
173.0,0.5636996850494047,0.009261634788398615,0.003209076137190569,0.003529801505491412,0.0001016213907997221,0.0001067360267244444,0.0001002825624792442
174.0,0.5661300471988021,0.009260361868259853,0.0032036032963606,0.003509626925990186,0.0001014530031586693,0.0001067962847937701,0.0001004210898051853
175.0,0.5678817396028311,0.009202233676211341,0.003200884084833368,0.003489748095407496,0.0001012499869040536,0.0001069070761131376,0.0001004872770289996
176.0,0.5695460648595866,0.009427961643548016,0.00320320888992066,0.003470065748843005,0.0001010338179726173,0.0001070320564626851,0.0001005137707495249
177.0,0.5719249069852897,0.009323690706398338,0.003194203134103487,0.003450283605654193,0.0001008092290484706,0.0001070972488919401,0.0001005617244129066
178.0,0.5741088888726595,0.009833122194388437,0.003203120386172554,0.003430906225933358,0.0001006281711248262,0.0001071072256970547,0.0001007611859182291
179.0,0.574137725801622,0.009457965939934587,0.003192953130521621,0.00341176312675666,0.0001001711418926039,0.0001071407584998466,0.0001007257300336752
180.0,0.5743488688625714,0.01013304903051174,0.003197526458706031,0.003392811419895195,9.9783989709657e-05,0.0001071234281763055,0.0001008872079742686
181.0,0.5759048480613174,0.009819528297401436,0.003192502697033328,0.003373383417548573,9.941591886044812e-05,0.0001070936993658855,0.0001010959546312679
182.0,0.5779460359298413,0.01022282058975297,0.003202825460752485,0.003354428602044006,9.922765275910589e-05,0.0001072848558673629,0.00010145114160111
183.0,0.5775952650318671,0.009598876106261018,0.003190660415552491,0.003335885815439038,9.872988416298668e-05,0.000107006365358114,0.0001014692776355596
184.0,0.5783741169919419,0.009657546651108547,0.003193734242980175,0.003317655818549622,9.831699478395115e-05,0.0001070603686035828,0.000101601587842532
185.0,0.5806528420663326,0.009540460570889198,0.003184691933470522,0.003299586646121774,9.803190036963154e-05,0.0001070368561826058,0.0001016496802503462
186.0,0.5816768209813953,0.009874170160786263,0.003195239207615331,0.003281793599704753,9.76437442817961e-05,0.0001069890450910496,0.0001015925572406798
187.0,0.5832786982792947,0.009673680137971558,0.003178776119335988,0.003263967354986579,9.719594540507034e-05,0.0001068348971388489,0.0001016003380583629
188.0,0.5841940173092252,0.009409564058066961,0.003156930937907486,0.00324648957793212,9.662560498837342e-05,0.0001067491522134096,0.0001015327696123074
189.0,0.5843103738503262,0.009471723659958213,0.003145037369353479,0.003229264610178321,9.610277747943795e-05,0.0001067127173829498,0.0001014995169662456
190.0,0.5856947977061165,0.00951503390767036,0.003133555532919413,0.003212338888521982,9.57255445854772e-05,0.0001066217450940859,0.0001015869718355864
191.0,0.5872053567115146,0.009533137843678784,0.003124104052578359,0.003195648886128001,9.539828671109383e-05,0.0001065413114064101,0.0001015606488364061
192.0,0.5890331338046138,0.009408307164869144,0.00310640377526499,0.003179122613436909,9.514866792232745e-05,0.0001063094142449286,0.0001016246491395867
193.0,0.5917251449007653,0.009526437509089323,0.003099725603105935,0.003162811080312603,9.489312121151325e-05,0.0001061555995129554,0.0001015293096637139
194.0,0.5927229911098788,0.009729516945461135,0.003103782197802574,0.003146707049667742,9.473653073426029e-05,0.0001059844617002588,0.0001014742092523043
195.0,0.5939869686257947,0.009454960356223847,0.003085535370599039,0.003130688572465481,9.435070914950445e-05,0.0001057610907972623,0.0001013801700982434
196.0,0.5946305890064255,0.009441436355174174,0.003078927950306023,0.003114890902584953,9.406160789868363e-05,0.0001055670189379219,0.0001011871011163353
197.0,0.5968577056520906,0.01031760631206207,0.003084979921510051,0.00309925064720503,9.382370462698073e-05,0.0001053898945801525,0.0001010697777529893
198.0,0.597272851407909,0.009812672403079353,0.003072121066078741,0.003083753776779035,9.352057669484429e-05,0.0001051625711062018,0.0001008578757713728
199.0,0.5956253199642149,0.01040899189308949,0.003090214731879673,0.003068436309533514,9.342729826677765e-05,0.0001049201146140708,0.0001006970085825525
200.0,0.5934053686202035,0.009894163390492235,0.003076683187155435,0.003053333354442857,9.31653249522352e-05,0.0001044473704524888,0.0001001921059698177
201.0,0.5917063711593235,0.009734853870514405,0.003073269828663468,0.003038335646094677,9.272777658675117e-05,0.0001041153433858938,9.971930320623044e-05
202.0,0.5901101752403944,0.009123168245492733,0.003051879538306235,0.00302345565713341,9.2358397841881e-05,0.0001038110186320626,9.921376465228518e-05
203.0,0.5901421607225101,0.009581836425466766,0.003063252680525116,0.003008652973837787,9.212317212830293e-05,0.0001035667530487649,9.88522457491148e-05
204.0,0.5903453966427769,0.009355550794140568,0.003056277502611494,0.002993968227050186,9.183180117801279e-05,0.0001033179286190764,9.843395586986004e-05
205.0,0.5883195548476107,0.009168769428442976,0.003052386065861009,0.002979392259105683,9.176151529062689e-05,0.0001029897205483252,9.811832736265075e-05
206.0,0.5879042062453734,0.009499366621888319,0.003054925065092681,0.002965012166524806,9.162291904768271e-05,0.0001026524444019604,9.783313968626858e-05
207.0,0.5862094425649172,0.009057655251913809,0.003039784402764412,0.002950731785823301,9.131663189929297e-05,0.0001022146896479631,9.73777993813653e-05
208.0,0.5854408086827655,0.009067482941818729,0.0030280099313458,0.002936635075217174,9.10938420111587e-05,0.0001018429185254449,9.69584455834463e-05
209.0,0.5858763347893325,0.008990305219410242,0.003020844314535889,0.002922644893332997,9.100374906960833e-05,0.0001015300347948999,9.667669923512397e-05
210.0,0.5861143816131443,0.009358375599031927,0.003019210457588913,0.002908803126600896,9.075875917462613e-05,0.0001011207117164864,9.620337337055968e-05
211.0,0.5864195632037676,0.008801050076625795,0.002993768997232378,0.00289505363246522,9.061119851424167e-05,0.0001007796817299981,9.578068136829009e-05
212.0,0.5857078987742846,0.00901654822576485,0.002991012748503426,0.002881432379699813,9.052728312292709e-05,0.0001004581264955145,9.540563455911389e-05
213.0,0.5854087148927059,0.008569369561372353,0.002962539362543218,0.002867836877288579,9.024577274417614e-05,0.0001000613538493764,9.511105398830767e-05
214.0,0.5858745242637107,0.00857459915980589,0.002953212455627273,0.002854424892827776,9.005713771907456e-05,9.974414886776404e-05,9.481949454911454e-05
215.0,0.5874145621963641,0.009232665181611768,0.00295726804898188,0.002841070604792077,9.001962483624745e-05,9.949488337686399e-05,9.460508143081713e-05
216.0,0.5895848328168496,0.008789909183702437,0.002938848447647841,0.002827840345984787,8.998218094849215e-05,9.928021435699876e-05,9.434454977844887e-05
217.0,0.5895456914264733,0.00918692151972242,0.002947456257866211,0.002814714462163065,9.002067875588378e-05,9.904267103288645e-05,9.415249726196349e-05
218.0,0.5890866614966305,0.008658580674785329,0.002926241005573323,0.002801747093908819,8.983250846471588e-05,9.869078910262549e-05,9.382427951169187e-05
219.0,0.587592756758322,0.008677360251304186,0.002910216253943126,0.00278892849745173,8.966082170509189e-05,9.838059928019593e-05,9.34967764854967e-05
220.0,0.5863208004306254,0.009164885129417615,0.002921015165535377,0.002776173904486921,8.950767806249467e-05,9.80983265556478e-05,9.314979996497761e-05
221.0,0.5852849850213407,0.008965729618756777,0.002905012970033908,0.002763513907866678,8.939429665618058e-05,9.797779065858185e-05,9.292317632472921e-05
222.0,0.5857760550618399,0.008552151838726419,0.002887761901499867,0.002751053985106081,8.937395640592696e-05,9.785646576708758e-05,9.264978715829914e-05
223.0,0.5831342108975354,0.008608789451503595,0.002886606091179445,0.002738785600418945,8.927468406754997e-05,9.756496962687863e-05,9.23047908029048e-05
224.0,0.5808610878075374,0.009076465604204857,0.002887406953550152,0.002726611139541007,8.923577554296836e-05,9.72986445878341e-05,9.195889189962955e-05
225.0,0.5788167390529043,0.00862949992514263,0.002868076294418463,0.00271457340221695,8.907679936269767e-05,9.703155838458831e-05,9.148824426174632e-05
226.0,0.5773346002041391,0.008322907393637757,0.002846820450007054,0.002702706550856143,8.893309112826247e-05,9.689394059928806e-05,9.107979950147875e-05
227.0,0.5767474629771187,0.00852430911007739,0.002847674971763486,0.002690954840927671,8.903501267375845e-05,9.676218133132788e-05,9.08686450679532e-05
228.0,0.5750730226789995,0.009273430886885693,0.002850671709555425,0.002679355153125163,8.91535633258678e-05,9.653602043487249e-05,9.049433000371984e-05
229.0,0.5735785650823806,0.008678657985919123,0.002814412685746664,0.002667899859218922,8.912103959525187e-05,9.630395123283094e-05,8.99974025547532e-05
230.0,0.5720155666197999,0.008472495379646913,0.002796904607326367,0.002656532002976067,8.911191397355306e-05,9.611534622030013e-05,8.9595517326586e-05
231.0,0.5707829867323039,0.008233507797317635,0.002769870509118691,0.00264526648596138,8.91558823594784e-05,9.590823916703438e-05,8.924777495175426e-05
232.0,0.5687953814653256,0.008681824660096519,0.002763711327419629,0.002634085463067929,8.914321916558582e-05,9.570658257682544e-05,8.88904375500721e-05
233.0,0.5679399819125311,0.008184896966856713,0.002736832234144209,0.002622973875604021,8.910715596503585e-05,9.555819393636571e-05,8.85250169521738e-05
234.0,0.5675696436549409,0.008184739401415954,0.002724115432584737,0.002611884134306063,8.906757394147051e-05,9.544030249412062e-05,8.823009831857144e-05
235.0,0.5659249502517072,0.008305318983603725,0.002713775264536835,0.002600901724537807,8.910023546101978e-05,9.528817582044791e-05,8.787510450704181e-05
236.0,0.564337639381268,0.008463753593855778,0.002702742732885362,0.002590086293963559,8.90617018446192e-05,9.508234910529037e-05,8.757285424127046e-05
237.0,0.5621610071078533,0.008145599550420926,0.002678992870611862,0.002579361766571071,8.898788601357015e-05,9.4930726112476e-05,8.717155569830766e-05
238.0,0.5616361408159797,0.0080024755379006,0.002665228358809086,0.002568771752348012,8.88356405990273e-05,9.482358823311285e-05,8.684489370176381e-05
239.0,0.5612931214714575,0.008354122338400582,0.002664993042340438,0.002558284084674019,8.876239436875415e-05,9.476945441959156e-05,8.659502876029689e-05
240.0,0.5602621438795333,0.008014674671641221,0.002643371391175562,0.002547905236934485,8.863697188151211e-05,9.464724052570343e-05,8.625559817256574e-05
241.0,0.5599696276185107,0.008249667730208205,0.002644408612809505,0.002537561440033827,8.861907364921742e-05,9.461312295940357e-05,8.607510340290976e-05
242.0,0.5608356948982424,0.00756867944097043,0.002610310029070617,0.002527320772479635,8.845057778188516e-05,9.453129084238907e-05,8.577635912445018e-05
243.0,0.5610915407272616,0.008073495568942818,0.002617228093419477,0.002517129829949095,8.84824711264037e-05,9.462075563010678e-05,8.566129764406566e-05
244.0,0.5606469463294728,0.00757766867155047,0.002599008531817339,0.002507048448876796,8.841800982061789e-05,9.455093224498762e-05,8.542360785484961e-05
245.0,0.5600575062099281,0.008257233644837802,0.002610548869289137,0.002496995279071015,8.845037150959056e-05,9.450739254168086e-05,8.533550604996194e-05
246.0,0.5597549339537928,0.00796840985676917,0.002590891391785641,0.00248705168764968,8.838081586983746e-05,9.444121705427656e-05,8.522202955435223e-05
247.0,0.5597638848107761,0.00800454427962472,0.00259146766081825,0.002477120360125232,8.825681592313907e-05,9.44234134618301e-05,8.50775062967597e-05
248.0,0.560132765292885,0.00786148021686698,0.002575216843419966,0.002467244402640296,8.813848363797498e-05,9.429934367908581e-05,8.494507740190552e-05
249.0,0.5599045407697768,0.007881231662935887,0.002565891622586617,0.002457436615217215,8.800414982819799e-05,9.426744834260185e-05,8.478894359605657e-05
250.0,0.5608529443765159,0.007776472448982001,0.002560813786161721,0.002447720212892359,8.791746405283687e-05,9.426240621612287e-05,8.472574910018916e-05
251.0,0.5612023592052117,0.008146932340921896,0.002556870200286103,0.002438045529151865,8.783600768371848e-05,9.418666349035243e-05,8.45950648639392e-05
252.0,0.561310315087785,0.007773935121421098,0.002544057553139042,0.002428403084372969,8.768161668248451e-05,9.407730381209584e-05,8.444814244816995e-05
253.0,0.5614498872786395,0.008185463245764345,0.002541138441665282,0.002418858427458577,8.763433610304818e-05,9.40574649973382e-05,8.42890368449842e-05
254.0,0.5622449658019358,0.007671158528341977,0.002518698111308936,0.002409440772258907,8.745419688975773e-05,9.394922845383916e-05,8.402513072453982e-05
255.0,0.562416864205343,0.007649135189091828,0.002506882072331882,0.002400234516082761,8.736366115296777e-05,9.389961941564503e-05,8.388900391983963e-05
256.0,0.5625974925366256,0.007636366098033659,0.002495882747073483,0.002390986025844618,8.729740427045186e-05,9.381946116159883e-05,8.372825179197985e-05
257.0,0.5620843632948467,0.007700569917252987,0.002483188618877088,0.002381708458922065,8.719565587023449e-05,9.368582348580335e-05,8.356358083194848e-05
258.0,0.5616592000788646,0.007382929767865143,0.002464461731604854,0.002372664800470852,8.702887130584724e-05,9.360688219496507e-05,8.342031230265464e-05
259.0,0.5606163193444409,0.007790740466455162,0.002471529771466439,0.002363654990288612,8.694740111631773e-05,9.344095584247119e-05,8.319688903388736e-05
260.0,0.5598435459734195,0.007487170511220332,0.002449153271391576,0.002354692030318254,8.681665433729668e-05,9.322371761462491e-05,8.293063415113496e-05
261.0,0.559090259994996,0.007644848273264553,0.002440401180065384,0.002345804958620005,8.66784729674343e-05,9.300359910107138e-05,8.262231703956105e-05
262.0,0.5584230262415523,0.007342518141249383,0.002420334157862895,0.002337033924039496,8.653892470736133e-05,9.285078991330658e-05,8.23491886337118e-05
263.0,0.5567600065733097,0.007491941145403786,0.002410809161067618,0.00232849322440291,8.639026361760559e-05,9.269956853225685e-05,8.200984718281272e-05
264.0,0.5559486197407577,0.00734251194242492,0.00240222916751959,0.002320048384724756,8.632392762133552e-05,9.24864013367542e-05,8.159705454079474e-05
265.0,0.5540995620328086,0.007176571092540006,0.002381944384093513,0.00231174088855735,8.618534717661564e-05,9.220802489004897e-05,8.117202003548773e-05
266.0,0.5530459449413889,0.007312124458293856,0.002380822456301833,0.002303499423335416,8.600502285566456e-05,9.198666429490868e-05,8.070341818190923e-05
267.0,0.5515688322110305,0.00723344817417765,0.002366279314812669,0.002295292311635121,8.579001588270192e-05,9.179894101096575e-05,8.018690629172577e-05
268.0,0.5502879875183828,0.007196518893188932,0.00235383419137229,0.002286713084599495,8.56855507099178e-05,9.155176351863935e-05,7.97349989226354e-05
269.0,0.5480693383788183,0.007332457345182266,0.002354010244319013,0.002277839629557606,8.55177258817556e-05,9.126282874725242e-05,7.929740224758303e-05
270.0,0.5463718573727233,0.007253118775420702,0.002344963797493454,0.00226942504722404,8.535134687662937e-05,9.09885569164342e-05,7.880167722217215e-05
271.0,0.5445061866540579,0.007021967908986079,0.002330311931992764,0.002261285551910577,8.517471810006015e-05,9.064641697853388e-05,7.825903928998564e-05
272.0,0.5419313615219222,0.006951900800470426,0.002320287172621822,0.002253263584976062,8.500043257699666e-05,9.036430893978592e-05,7.771865933621651e-05
273.0,0.5399971672900166,0.006834849057188206,0.002309435674760929,0.002245355871208186,8.473478117163414e-05,9.008080075009265e-05,7.714919544802162e-05
274.0,0.5376828195580301,0.007107779040627843,0.002306943134748691,0.002237585376631702,8.448861563652794e-05,8.982187170959077e-05,7.668394923905437e-05
275.0,0.5358317583366454,0.007074710256065797,0.002298295240856572,0.002229997486007029,8.42460457387508e-05,8.943993484921313e-05,7.625681381472418e-05
276.0,0.5346198257036341,0.007212061500718671,0.002287805714983125,0.002222460974650022,8.393531249073786e-05,8.918105283712369e-05,7.584416312528018e-05
277.0,0.5315840525903334,0.007217808921414482,0.002286869663172273,0.002215016720037118,8.369314419968224e-05,8.887700464350293e-05,7.538422331411168e-05
278.0,0.529401407782017,0.006636769704576712,0.002258647640227445,0.002207735883069598,8.336023202556612e-05,8.847904926795407e-05,7.482912324932365e-05
279.0,0.5262009742280189,0.006981536295892177,0.0022538691807137,0.002200592210692062,8.296662150377479e-05,8.812528385174021e-05,7.424328569536935e-05
280.0,0.5222979233356524,0.006772613006822328,0.002234756702049033,0.002193545058873769,8.260636790805576e-05,8.779996397397343e-05,7.373185603933854e-05
281.0,0.5195201399035867,0.006745612319455574,0.002224640381648485,0.002186518409272574,8.218222405035248e-05,8.748012828770598e-05,7.324487999309068e-05
282.0,0.5158794951103337,0.006681009331904454,0.002215072153353667,0.002179571991474531,8.18027221439116e-05,8.719604880929712e-05,7.281847196703645e-05
283.0,0.5137214104358205,0.006911870696703648,0.002214004928426981,0.002172740942852348,8.143292903552516e-05,8.686345031109477e-05,7.248376226669501e-05
284.0,0.5110355500118983,0.006813569409158999,0.002200932795928711,0.002166017722999263,8.099884832470115e-05,8.654910471445054e-05,7.207325177977297e-05
285.0,0.5091165543663874,0.006520241269438911,0.002185093729159302,0.00215927177409441,8.047568219295004e-05,8.621067524244112e-05,7.164239310852994e-05
286.0,0.5059162793049143,0.00714074438594403,0.002191999851065049,0.002152565872514179,8.00917463702655e-05,8.593589392546132e-05,7.136819386653346e-05
287.0,0.5034862974985176,0.006869664301457383,0.002181851350071862,0.002145846942945018,7.964815867988453e-05,8.563881100996235e-05,7.098823178464899e-05
288.0,0.5005481370861545,0.007028888979337748,0.00217299673945733,0.002139227091614011,7.925600596890224e-05,8.526211627501231e-05,7.06734609881471e-05
289.0,0.4986217766939708,0.006624551487473011,0.00216126659037231,0.002132579196243941,7.876430566229676e-05,8.4873091126875e-05,7.039802834347836e-05
290.0,0.4952837774528633,0.00667247406142452,0.002153644751901692,0.002125924915872294,7.839060028089824e-05,8.453432754256355e-05,7.005851014439558e-05
291.0,0.4920673336963057,0.006563753027039182,0.002144770021149073,0.002119254444228694,7.788713761907531e-05,8.421446342089301e-05,6.98255742897928e-05
292.0,0.4909149621768208,0.006992487804801601,0.002144552853069282,0.002112596725085994,7.74049802257996e-05,8.390281944036713e-05,6.957662122593358e-05
293.0,0.4879424737456124,0.006897592937525988,0.002135853647368741,0.002105967458279741,7.70206728628452e-05,8.351575375725803e-05,6.932010545148464e-05
294.0,0.4847204577989175,0.006971743552361648,0.002126574877918305,0.002099355619147721,7.662206425800918e-05,8.315916098077258e-05,6.918508107836778e-05
295.0,0.4830788171545468,0.006547985376945842,0.00210745454578123,0.002092774430854523,7.61942488472972e-05,8.278492535747563e-05,6.903145545730656e-05
296.0,0.4815008436383275,0.006627184309024202,0.002106233846769359,0.002086173689825252,7.586949474289977e-05,8.249431000367594e-05,6.887717529501261e-05
297.0,0.4807410571425616,0.007287500617602961,0.002106754011908341,0.002079548294744004,7.549546667983733e-05,8.223906981566037e-05,6.875650163556236e-05
298.0,0.4799788577597462,0.00669157745518257,0.002087486706693649,0.002072807431781834,7.508362752913316e-05,8.192720934208486e-05,6.857816204601654e-05
299.0,0.4780626810652957,0.00679937883491501,0.002084728260981503,0.002066075452086829,7.462706186622964e-05,8.160333187461354e-05,6.841557460776241e-05
300.0,0.4765837925942446,0.006398897659448982,0.002066703103326929,0.002059365878403155,7.428151706363185e-05,8.128713821195739e-05,6.833045543988645e-05
301.0,0.4751386782290645,0.0064568736614462,0.002061428122128743,0.002052703163277055,7.386139509267401e-05,8.10084338066407e-05,6.828226626943987e-05
302.0,0.4747723936553463,0.006504684141864742,0.002059518700520998,0.002045943527344409,7.347094754642255e-05,8.074965285905628e-05,6.825437322811046e-05
303.0,0.4739855448047896,0.006317387451471789,0.002045260317661359,0.002039100265137521,7.305835790028939e-05,8.053758083426628e-05,6.823462996570433e-05
304.0,0.4738898796025146,0.006275153985964438,0.002037996139571967,0.002032277661875558,7.276308505720596e-05,8.035735443226615e-05,6.82389589490981e-05
305.0,0.4732292606903749,0.006393148555088372,0.002032931814879095,0.00202549571632264,7.237202516832933e-05,8.01824331072724e-05,6.823677391951047e-05
306.0,0.4737677156525034,0.006403944849894086,0.00202195446276783,0.00201871274372816,7.196953751370916e-05,7.997181739425461e-05,6.832426241800081e-05
307.0,0.4726008715840669,0.006550383812895523,0.002016796833803815,0.002011972811633794,7.161311819259561e-05,7.976191346034478e-05,6.836185102955556e-05
308.0,0.4721634384076367,0.006347273911480247,0.002002863123230459,0.002005183249116996,7.113643025321285e-05,7.949174941704695e-05,6.840946180802036e-05
309.0,0.4708006834827101,0.006284679202491912,0.001993800545402655,0.001998505513595475,7.06888999553427e-05,7.928910677714703e-05,6.843205489042928e-05
310.0,0.4712978453828908,0.006821525200722359,0.001996276870934207,0.001991772271508372,7.029672382367734e-05,7.909935826090592e-05,6.852794616817384e-05
311.0,0.4706431028223111,0.006477620097912757,0.001976753621724902,0.001985158549614344,6.982897827920752e-05,7.883247075330626e-05,6.851140860258354e-05
312.0,0.4700692077709643,0.00689806452054452,0.001982925577556732,0.00197859957638627,6.9446032002623e-05,7.871243390995949e-05,6.86656018530091e-05
313.0,0.4706965168014575,0.006333625941199735,0.001954901326903583,0.001972105803809538,6.894437286908655e-05,7.845947685414214e-05,6.881862907278368e-05
314.0,0.4703159316305086,0.00655068115818233,0.00195103360714921,0.001965494595516286,6.85235992556054e-05,7.825696725188779e-05,6.893421653612138e-05
315.0,0.4694568655815535,0.006473691650702391,0.001941143534403573,0.001959062309351452,6.810957377651567e-05,7.808130538591493e-05,6.896849082161605e-05
316.0,0.4698777428463006,0.006597048845974839,0.001931054282162824,0.001952752704041166,6.764488208663951e-05,7.787672044715686e-05,6.905441928719954e-05
317.0,0.4686221224444443,0.006372809963867455,0.001918690498134213,0.001946503660668024,6.724657469080375e-05,7.77201651032571e-05,6.909269101069372e-05
318.0,0.4675377728239663,0.005989860148470087,0.001900129552251926,0.001940387574166993,6.681887653681323e-05,7.748457555940918e-05,6.914184870186449e-05
319.0,0.4668713663905407,0.006146350351741135,0.001894198953648132,0.001934347111937398,6.634114013298353e-05,7.736283217247155e-05,6.92485636856812e-05
320.0,0.4668570859939873,0.006274959491792275,0.001891523183209419,0.001928406978618298,6.592460235895093e-05,7.722027467816496e-05,6.927372466962208e-05
321.0,0.4656217862263483,0.006540061744049522,0.001892005847123413,0.001922571963689001,6.563111233791254e-05,7.707851990541152e-05,6.939188336082949e-05
322.0,0.4650285530934752,0.006424399556705924,0.001888199811960307,0.001916740038153551,6.522922628424176e-05,7.702364077229635e-05,6.940700465066029e-05
323.0,0.4642689439172396,0.006442786676787184,0.00188116897304048,0.001910965497290445,6.481048551174039e-05,7.682316785522717e-05,6.942455713995875e-05
324.0,0.46387326728856,0.006775581710027194,0.001887850395923704,0.001905259137385407,6.44415666754564e-05,7.670663672444432e-05,6.937697171144321e-05
325.0,0.4645726911716193,0.006542980692954599,0.001879089260634169,0.00189958932567021,6.414914146716334e-05,7.65764520736043e-05,6.94379385931651e-05
326.0,0.4642145249307479,0.006921244628365682,0.001888511796341696,0.001893961739439851,6.37729188393272e-05,7.64626052557184e-05,6.934577811515607e-05
327.0,0.4642315092250131,0.006577129848836656,0.001877048708412817,0.001888281172262136,6.341945514638957e-05,7.631181604899853e-05,6.926791915484773e-05
328.0,0.4645473610862642,0.006558244704363124,0.001883711568600696,0.001882690735934513,6.326493535619188e-05,7.612847492593816e-05,6.92575378736957e-05
329.0,0.4624563258411812,0.006547293839711935,0.001880916198656992,0.00187719301762627,6.288674373258743e-05,7.597987773225909e-05,6.914409998139557e-05
330.0,0.4617757457454436,0.006501714024382671,0.001879535692714075,0.001871668371329538,6.252521954513103e-05,7.578582114135261e-05,6.89483800089565e-05
331.0,0.4616611908035381,0.006686990614605722,0.001881441239957969,0.001866211138384616,6.226219682302692e-05,7.560306480039483e-05,6.887587257956797e-05
332.0,0.4618121404878034,0.006930975941440528,0.001885225273404679,0.00186077092953657,6.195753513858238e-05,7.540933947039554e-05,6.875031687835784e-05
333.0,0.4621872981166181,0.006802740165585479,0.001886986926425985,0.001855376602801807,6.181365323072797e-05,7.525845917677472e-05,6.862279328194867e-05
334.0,0.4625272624399889,0.007002435013206323,0.001893855798333916,0.00185002987949012,6.156669437803473e-05,7.506952486375524e-05,6.84702067395467e-05
335.0,0.4616229664626814,0.00712229726824607,0.001898432136712656,0.00184475197396947,6.129072698079553e-05,7.487782518379465e-05,6.823371664055301e-05
336.0,0.462311175205739,0.006849643255275917,0.001890180825354235,0.00183943632277208,6.108282504233833e-05,7.471572580429005e-05,6.792995403310175e-05
337.0,0.4622711479106256,0.006661550896555588,0.001888846054923456,0.001834145717050614,6.093597303161399e-05,7.454975780588984e-05,6.764199408461684e-05
338.0,0.4629100972639533,0.006714091404013388,0.001890486453605306,0.001828889241872753,6.073307714427276e-05,7.435684179966184e-05,6.736956091370457e-05
339.0,0.4619173119882607,0.006807701566167427,0.001896088233163272,0.001823686213442216,6.061823758595429e-05,7.413283723425468e-05,6.711869174340117e-05
340.0,0.4629386695138658,0.007036170832675412,0.001899249059346958,0.001818474211459288,6.044337408664633e-05,7.397954166140054e-05,6.685693170693603e-05
341.0,0.4617319376868799,0.006895961623770344,0.001896747422773972,0.001813093320434179,6.023983497210788e-05,7.379601659633444e-05,6.643319856154253e-05
342.0,0.4613152192596247,0.007153966202045317,0.001903227621691522,0.00180777897235857,6.014121637041269e-05,7.349003443408002e-05,6.604335107528517e-05
343.0,0.4599439053116014,0.006927075563393234,0.001892833744196454,0.001802566076862015,5.994416997392358e-05,7.326916804607992e-05,6.567653824307777e-05
344.0,0.4592076137531316,0.007396264535079579,0.001906904468387443,0.001797382216372119,5.977237238989148e-05,7.300916723541853e-05,6.526410189694427e-05
345.0,0.4595122373625078,0.006985072677343735,0.001896573234824081,0.001792236407152954,5.964130879694137e-05,7.27578596165343e-05,6.484464290092174e-05
346.0,0.459552911967772,0.007334084974552578,0.00190499502599671,0.001787093529405582,5.961203238237154e-05,7.259326760495831e-05,6.447218352774949e-05
347.0,0.4587344163389137,0.007138683295900698,0.001896948473447011,0.00178198727044022,5.947198846079917e-05,7.231869869148587e-05,6.40704524688714e-05
348.0,0.4582675775360975,0.006940693096646216,0.001894120728353909,0.001776913694164001,5.940750961468787e-05,7.208272310204302e-05,6.364898643485341e-05
349.0,0.4569844733480724,0.007115522683148297,0.00189416945564519,0.001771870278332871,5.928186867851357e-05,7.181983663822543e-05,6.322076699696181e-05
350.0,0.4560514878314012,0.007473653976194898,0.00189705986490828,0.001766814722400756,5.925100131201412e-05,7.161783608925514e-05,6.276840040703354e-05
351.0,0.4562083435721545,0.007965642951225472,0.00190242665768702,0.001761818910180196,5.914604892347923e-05,7.141402997344798e-05,6.234522550352331e-05
352.0,0.4540193304399632,0.007121004421666027,0.001873472858985944,0.001756851941515239,5.897802639707678e-05,7.105750416614128e-05,6.185430370382872e-05
353.0,0.4539960876129512,0.007279660436348069,0.00187005783260839,0.001751906907937204,5.890403430857359e-05,7.083456631435715e-05,6.143499569960828e-05
354.0,0.4516471404123206,0.006865820549607208,0.001861907192845888,0.001747030756428897,5.888111755946639e-05,7.053843006138846e-05,6.108104054697182e-05
355.0,0.4508765929662672,0.006891147349222887,0.001849060597922553,0.00174215773659224,5.871058611935457e-05,7.027922031566925e-05,6.066710460626433e-05
356.0,0.4484303233195252,0.006618274358928001,0.00184048856484159,0.001737348379761133,5.860430607259606e-05,7.009325922947244e-05,6.037485437828101e-05
357.0,0.447757579477875,0.007038074168329861,0.001846352559962101,0.001732603963475424,5.850896838368561e-05,6.982396806674845e-05,6.008501596539736e-05
358.0,0.4466817902978633,0.007661784303245184,0.001847366351668006,0.0017278881226,5.848652736994661e-05,6.966016943837077e-05,5.972663362763584e-05
359.0,0.4455579501657074,0.007140146966167076,0.001832849301170488,0.001723223702918515,5.822108992506124e-05,6.941974842438526e-05,5.919634410010612e-05
360.0,0.4436107302856308,0.006859339702901315,0.001821545906070718,0.00171861266167588,5.801085085523025e-05,6.915459879317437e-05,5.880739317648676e-05
361.0,0.4411806675048743,0.006615340759027254,0.001799144342177732,0.001714059575505037,5.774758292400755e-05,6.889752803865283e-05,5.851081235374334e-05
362.0,0.4391578953951956,0.006613795312895594,0.001791265077176287,0.001709516276326788,5.757170859390236e-05,6.862276427748334e-05,5.821193921012996e-05
363.0,0.4368395596539023,0.006500235896580065,0.001779877898212404,0.001704980642736725,5.730769889206197e-05,6.845304835132592e-05,5.781532542077544e-05
364.0,0.4350676295927438,0.006420033186052408,0.001767614531905001,0.001700469425188907,5.699222200573408e-05,6.816177637699464e-05,5.753451525863718e-05
365.0,0.434061442992364,0.006234789618522589,0.001754455409328513,0.00169604573023534,5.673625209805269e-05,6.787576038078836e-05,5.728380478026333e-05
366.0,0.4347011896307932,0.006466023117398173,0.001750705315839358,0.001691620019725529,5.653995889649881e-05,6.758110382819012e-05,5.70157645144493e-05
367.0,0.4336916457676455,0.006674810447454564,0.001753757247105695,0.001687188580031959,5.633907009980574e-05,6.728565784838833e-05,5.669107969431183e-05
368.0,0.4315338651834057,0.006779318692776593,0.001745967887490127,0.00168284977003304,5.603495149658392e-05,6.698440970147345e-05,5.636236535660012e-05
369.0,0.4306629384950995,0.006454434550521216,0.001735032244990423,0.001678565908425289,5.572878107314841e-05,6.66956694141807e-05,5.60113154499005e-05
370.0,0.4310019544577452,0.006097574136490556,0.001720802587144882,0.001674306104902023,5.546243478944904e-05,6.64919489491337e-05,5.570078440959695e-05
371.0,0.4297342762962823,0.006493794331454993,0.001722038531416962,0.001670107667840296,5.53705385202157e-05,6.627986735808146e-05,5.545077219218808e-05
372.0,0.4281568275466079,0.006726019454206048,0.001724111023646678,0.001665956324986703,5.510849039020121e-05,6.600370253339966e-05,5.512883255944039e-05
373.0,0.4255808421244605,0.006168047861457268,0.001700148115473753,0.001661842338247389,5.470860044050463e-05,6.570814027443125e-05,5.477222593183807e-05
374.0,0.4242311382960736,0.00606929740224922,0.00168555178913174,0.001657745893914509,5.438951001680238e-05,6.534816541129176e-05,5.448732062871675e-05
375.0,0.4223643273124585,0.006034017679657339,0.00167826093693171,0.00165371502595293,5.419211688182661e-05,6.506097690497196e-05,5.422441391121947e-05
376.0,0.4215043421795144,0.005909343429406798,0.001662417395027532,0.001649696649842066,5.407011418970315e-05,6.48457012075579e-05,5.404302925881306e-05
377.0,0.4205171631201621,0.005950560450570076,0.001657106997557156,0.001645746219521208,5.393434002893822e-05,6.466204997734838e-05,5.386552310709819e-05
378.0,0.4180500418215929,0.005821327743864186,0.001650581881661642,0.001641776117776828,5.365371389508767e-05,6.445678960107849e-05,5.362303854432311e-05
379.0,0.4161181826689101,0.005684169786741007,0.001634448085807347,0.001637833340354627,5.348262653421129e-05,6.418081526031587e-05,5.33496090481946e-05
380.0,0.4147618166557985,0.005679587884572891,0.001625897602540433,0.001633934434227783,5.328505786961058e-05,6.39397047019609e-05,5.305356131108285e-05
381.0,0.4140935036748464,0.005737838478319919,0.001620849017662173,0.001630040141563743,5.314227617688297e-05,6.381303937876932e-05,5.286210295321679e-05
382.0,0.4139495372450898,0.005295422552194123,0.001603347201370894,0.001626142720438053,5.303291791861154e-05,6.360397651646827e-05,5.265868282056093e-05
383.0,0.4132434803517551,0.00603663235063435,0.001613270018440493,0.001622299476661593,5.291134590967528e-05,6.336190273114894e-05,5.249661809685012e-05
384.0,0.4109928673778542,0.00585169236937175,0.001599999923443568,0.001618467561482367,5.2739767377604e-05,6.314720356099058e-05,5.225219578983577e-05
385.0,0.4094382722412166,0.005730328804242358,0.001590870786448853,0.001614658375656096,5.251965881121509e-05,6.293285815591504e-05,5.197058586032959e-05
386.0,0.4088081306678908,0.006035373989538098,0.001588151893010304,0.001610878514545473,5.232461262212569e-05,6.271952488543028e-05,5.176216215502041e-05
387.0,0.4083567259664224,0.00638661970689056,0.001584313956584149,0.001607115707947902,5.216423927410182e-05,6.248563631934674e-05,5.153432130181591e-05
388.0,0.4067853308950652,0.006356105371015142,0.001571546986692185,0.001603365239383926,5.19527719754166e-05,6.229453117909219e-05,5.130893595721207e-05
389.0,0.406200870044475,0.006436680827745941,0.001572215252900217,0.0015996141900983,5.177497435982722e-05,6.213666093946202e-05,5.11971674061778e-05
390.0,0.4057990954825906,0.005603587861513178,0.00154519082107654,0.001595897170391899,5.159031924161347e-05,6.20347051186616e-05,5.096300688434172e-05
391.0,0.4046290070379323,0.005688870226167872,0.001542346247417793,0.001592235008969361,5.150854175894666e-05,6.189655558742466e-05,5.076302345259089e-05
392.0,0.4038299729383695,0.00574222996149853,0.001538785795176815,0.001588580080061201,5.140625473497045e-05,6.175060285025623e-05,5.060931172366046e-05
393.0,0.4044121469385464,0.006897965325922006,0.00155077753101972,0.001584953733282463,5.133137681837322e-05,6.160251185645103e-05,5.044664796682654e-05
394.0,0.4023421229040287,0.006332653117485196,0.001540712632809015,0.00158138727765683,5.114729706469547e-05,6.150242170751444e-05,5.031379844415169e-05
395.0,0.4009807549222579,0.005713156069024717,0.00152052909614436,0.001577826306782002,5.10797840747122e-05,6.13756386537739e-05,5.011729968285946e-05
396.0,0.3997333091702489,0.005286319642696726,0.001505756939620785,0.001574258401538882,5.095270053928707e-05,6.118394612791507e-05,4.993446289515465e-05
397.0,0.3988768063515405,0.006376173203277461,0.001522375693460853,0.001570704985982886,5.098578526163107e-05,6.099593217282529e-05,4.989370531473861e-05
398.0,0.3958222120513803,0.005866079182234662,0.001506938078019109,0.001567178529498753,5.077979776384478e-05,6.078818734781892e-05,4.963301942127921e-05
399.0,0.3944034839289701,0.005766089199051095,0.001507418536486311,0.001563622329165302,5.065022368634048e-05,6.067054359250477e-05,4.944325957241935e-05
400.0,0.3925409984643596,0.005548820352797731,0.001501395159482568,0.001560085081173074,5.0621885858666e-05,6.057098440103428e-05,4.932768124497097e-05
401.0,0.3920294820385002,0.005827022644594899,0.001495945164712688,0.001556548898536206,5.055534754843163e-05,6.039461989505595e-05,4.918245990648443e-05
402.0,0.3900463262654806,0.005582224999321885,0.001490691044882355,0.001553057198948488,5.046282799451642e-05,6.018619601406617e-05,4.90552616276467e-05
403.0,0.3885690666038931,0.005182458370589799,0.001483855641629482,0.001549603581702597,5.030087042376945e-05,5.998723471702156e-05,4.894097291320725e-05
404.0,0.3867013724697764,0.005247255225318263,0.001481099911711566,0.001546147818992583,5.017572575219464e-05,5.984836195580214e-05,4.888113679434664e-05
405.0,0.3849986288431071,0.00489018682399522,0.001470066917637524,0.001542727338306731,5.004186012887044e-05,5.970711270764144e-05,4.878019756446901e-05
406.0,0.3843782119739753,0.005495569925624454,0.001485200574194057,0.001539318466023916,4.995486024381043e-05,5.96048834904719e-05,4.87863570512457e-05
407.0,0.3839708637762341,0.005124076273501747,0.001472639658576198,0.001535951939956476,4.98686123919064e-05,5.943703262027355e-05,4.874209361416757e-05
408.0,0.3831889021162623,0.005703673303633145,0.001486146357254394,0.00153259515649412,4.982439017656339e-05,5.933888919004898e-05,4.881368200901675e-05
409.0,0.3823163572691093,0.005433065792386423,0.001479223919388086,0.001529277358676939,4.964493955451933e-05,5.91842277435903e-05,4.877667539193339e-05
410.0,0.3824879764537361,0.005454539110375291,0.001484937443937046,0.001525964201847641,4.95421017669911e-05,5.90122318872713e-05,4.882370376118627e-05
411.0,0.3827000712825787,0.005174820249097813,0.001480092658197407,0.001522682389428147,4.940392268587354e-05,5.891723204850257e-05,4.884940392565946e-05
412.0,0.3832137918621907,0.005104616104125912,0.001475100613616273,0.001519436703640221,4.937023740225946e-05,5.880031240280813e-05,4.893619378259503e-05
413.0,0.3834069780811842,0.005013769656151412,0.001477814997490231,0.001516170907088053,4.922417794229462e-05,5.867798130114971e-05,4.90143347243691e-05
414.0,0.3838961514437969,0.004838335779547685,0.001473921498805647,0.001512919451598617,4.905693065750477e-05,5.862127758161518e-05,4.907160916836754e-05
415.0,0.3847237805263977,0.00541666809676678,0.001491987775993827,0.001509688141186388,4.904086210371434e-05,5.856220434072022e-05,4.92303883903334e-05
416.0,0.3844415157624769,0.005076627038767583,0.001484029679583951,0.001506477781746777,4.895626023535205e-05,5.837354363115497e-05,4.93184368329949e-05
417.0,0.3847977304796803,0.004725878253794781,0.001480593860849487,0.001503251293882654,4.88043890254289e-05,5.827856531939732e-05,4.935688820161698e-05
418.0,0.3854216520906059,0.005153044893811954,0.001497191110094569,0.001500032240680128,4.875868484355032e-05,5.821979008649121e-05,4.953514120273117e-05
419.0,0.3864044436469076,0.005162820033235836,0.001495636052466681,0.001496751647654918,4.873076394648919e-05,5.815026402536419e-05,4.96714971045801e-05
420.0,0.385344788982098,0.005131199471885656,0.001497326530766775,0.001493494245292213,4.853862536141511e-05,5.803144250524255e-05,4.967146997296522e-05
421.0,0.3856734672928438,0.004871438716850592,0.001495297867556093,0.00149020220622712,4.834774594157308e-05,5.789883405350881e-05,4.972310577687279e-05
422.0,0.3855537965227571,0.004804664304734812,0.001496032167223062,0.001486908564760222,4.821851699964782e-05,5.778413795422692e-05,4.985352075638719e-05
423.0,0.385825542117151,0.004765148350672976,0.001499689789052895,0.001483591346656993,4.812566181123477e-05,5.763847848459508e-05,4.991558298968916e-05
424.0,0.3851656160593517,0.005588570409937313,0.001521720516740249,0.001480299144607693,4.806903931488714e-05,5.750681299110421e-05,4.996296015841111e-05
425.0,0.3852027246006484,0.005089890243911175,0.001507305082426223,0.001476979060026627,4.792619332145219e-05,5.738232211582828e-05,4.995555864093681e-05
426.0,0.385493619924247,0.005025227255451009,0.001507301319801068,0.001473694071325619,4.778250629766834e-05,5.731570213982132e-05,4.99625277972108e-05
427.0,0.3863755811090711,0.005203850978367576,0.001513552514575558,0.0014703903226621,4.775552671663304e-05,5.723273020498665e-05,5.001269281189143e-05
428.0,0.3872210565463413,0.005454669605019282,0.001521536782211161,0.001467099351366816,4.76381139304782e-05,5.716997228256711e-05,5.004528893438912e-05
429.0,0.3872050858085198,0.005348351407358968,0.001516417327753247,0.001463816946640069,4.75860283996978e-05,5.707998472514167e-05,5.005043664415985e-05
430.0,0.3867544499011947,0.005355115866688628,0.001521427421752925,0.001460591551838871,4.751321559637692e-05,5.696483434952392e-05,4.995545562918902e-05
431.0,0.3855202513240488,0.005420076996528377,0.001518883136597936,0.001457373244580386,4.733589948122007e-05,5.68404112145345e-05,4.987326044361745e-05
432.0,0.3855194336808668,0.005158676358250285,0.001512586685583776,0.001454196051578787,4.71573943257106e-05,5.678880755321438e-05,4.982466660010631e-05
433.0,0.3863680550320084,0.005454066817101826,0.001518975678080582,0.001451009199770587,4.709772813355172e-05,5.66832842379598e-05,4.975053468567411e-05
434.0,0.3864696547699889,0.005870330112357339,0.001527857115087902,0.001447870712473541,4.707247170941126e-05,5.655547399279438e-05,4.971987102245783e-05
435.0,0.3851395687437746,0.005981293052843741,0.001528693616315042,0.00144473324056271,4.700268955252923e-05,5.643296017857789e-05,4.970393193054861e-05
436.0,0.3848485181701008,0.005552836493435738,0.001513591960256964,0.001441582271398432,4.687054057646195e-05,5.632675025821358e-05,4.959018371497597e-05
437.0,0.3838123224935318,0.00516023504903715,0.001506632735712027,0.001438451162808884,4.682734839627195e-05,5.616628773594521e-05,4.946939433342584e-05
438.0,0.3843387624734664,0.005909493056722876,0.001514198707392533,0.001435316713470381,4.683767009414783e-05,5.601785380267444e-05,4.937529011694663e-05
439.0,0.3837864967870459,0.005569914301793306,0.001506922479363648,0.00143220003197215,4.677341331801476e-05,5.589288558526259e-05,4.926470641321491e-05
440.0,0.3843574250486432,0.005507817808403498,0.001501817488490549,0.001429110639981383,4.672169234434294e-05,5.579215678401357e-05,4.920309548474425e-05
441.0,0.3847336008593728,0.005421478375348517,0.001491479006450571,0.001426055654207513,4.670449719085998e-05,5.574038727419427e-05,4.911858178367066e-05
442.0,0.3844115303944829,0.005347232856718742,0.001491644855605277,0.001423024472767951,4.674039795306983e-05,5.56090324182844e-05,4.902357559458152e-05
443.0,0.3833747134409755,0.00533624375542614,0.001484622939083566,0.001420032157073745,4.663199558220151e-05,5.545217478914199e-05,4.897130095941669e-05
444.0,0.3834932761178078,0.005421207706826683,0.001477450826673018,0.001417051695555434,4.659608127856483e-05,5.527665820304138e-05,4.884384836747851e-05
445.0,0.3834258187702243,0.005219585332793595,0.001470153029520783,0.001414114513125305,4.655907833701234e-05,5.518317284451198e-05,4.875034043075371e-05
446.0,0.3836778140576741,0.005442782016734492,0.001468326454465073,0.001411203534580509,4.664845442100399e-05,5.507878719705701e-05,4.865466943386933e-05
447.0,0.3830970863048043,0.005890863096742953,0.001475184827311829,0.001408361561928055,4.66634805689133e-05,5.4994673109717e-05,4.865687639513004e-05
448.0,0.3827223211413623,0.005592725832146673,0.001463436420706017,0.001405508072311363,4.660947965434345e-05,5.486123193307474e-05,4.85018122986778e-05
449.0,0.3826977947484499,0.005663211113794131,0.001462399782945276,0.001402667703305894,4.665332621285765e-05,5.483063503539173e-05,4.837327272308769e-05
450.0,0.3841389552436,0.006233500521610604,0.001473255097102421,0.001399859637459915,4.674049583200239e-05,5.474417387717742e-05,4.83595246512758e-05
451.0,0.3835224385896642,0.006066684082431923,0.001463357175090968,0.001397094479819185,4.672766263449339e-05,5.467371219272788e-05,4.825905924686351e-05
452.0,0.3838585764671788,0.005709296667252243,0.001456035564516157,0.001394378336704604,4.673158999574546e-05,5.458438820910023e-05,4.817746662582807e-05
453.0,0.3826838466918615,0.005826514680375068,0.001454333444613862,0.00139172335122759,4.680454992355036e-05,5.453132294107942e-05,4.812084529777354e-05
454.0,0.3826518665208039,0.005906221995806598,0.001455511809976842,0.001389070280088441,4.694295815434726e-05,5.438924957209792e-05,4.788062708905596e-05
455.0,0.3801640940059524,0.00630666901363026,0.001460811254458813,0.001386478395690294,4.690320657635893e-05,5.427440424762575e-05,4.784386252619631e-05
456.0,0.380062024169555,0.005947788826356353,0.001439603150055819,0.001383909922683153,4.690591595867232e-05,5.419348468189082e-05,4.762673194835281e-05
457.0,0.3791734993199922,0.005638840391943631,0.001444405022953212,0.001381343114580649,4.700546991371548e-05,5.411141238685359e-05,4.745195216622976e-05
458.0,0.3785527487416629,0.006267612306753262,0.001453271584485027,0.001378790890204379,4.709136584399368e-05,5.402226718810625e-05,4.74435200328415e-05
459.0,0.3774790810505432,0.005779236011794531,0.001444827877183727,0.001376243975632182,4.709120889528531e-05,5.38967578108855e-05,4.739578904374868e-05
460.0,0.3776965244128586,0.006147713586069644,0.001445469667957463,0.001373705575683469,4.71575394253993e-05,5.390546274579727e-05,4.739845332037741e-05
461.0,0.3769168672356706,0.005821259383897171,0.001438024290529163,0.001371146820723593,4.715962834055815e-05,5.381533309544422e-05,4.730198149001706e-05
462.0,0.3763731023880288,0.005700835264767,0.001438944507882726,0.001368590466553444,4.729180305183775e-05,5.369840316831979e-05,4.724811227751321e-05
463.0,0.3772824715886157,0.006187555931688181,0.001454100658363646,0.001366008183901986,4.731777510766227e-05,5.362988065164343e-05,4.720550897465202e-05
464.0,0.3771328901901979,0.005734834596010006,0.001451372271859049,0.001363430616320464,4.738706917840484e-05,5.349901552620259e-05,4.714385118832022e-05
465.0,0.3762184612543645,0.005758231364523274,0.001455472003548865,0.001360834269844225,4.752272060045784e-05,5.341327358207915e-05,4.722385918001144e-05
466.0,0.3770010294271291,0.006658367920792165,0.00147023286039211,0.001358293433798916,4.752071262978008e-05,5.343727808420582e-05,4.722523400824157e-05
467.0,0.377738237076556,0.005984625719989203,0.001450392794499991,0.001355737559254966,4.746093071272557e-05,5.335853372406837e-05,4.711113129629689e-05
468.0,0.3770045949495242,0.006322092379703125,0.001466905294480105,0.001353198944123579,4.762733990215735e-05,5.320716018308324e-05,4.718461219936779e-05
469.0,0.3766314894575274,0.00591585185697137,0.00145844771239432,0.001350653238456805,4.760000692017403e-05,5.305551513829845e-05,4.707798677137132e-05
470.0,0.3755186754861184,0.00658777672391433,0.001470478032065061,0.001348147464073966,4.755553300037755e-05,5.297476373359482e-05,4.704674078003722e-05
471.0,0.3737099130301424,0.006150637727182316,0.001461202380692544,0.001345648429589664,4.74521823586375e-05,5.281811720706258e-05,4.702656918906985e-05
472.0,0.3727403869087322,0.006639293231065888,0.001478933479582695,0.001343178370852659,4.751878552776865e-05,5.273368290075108e-05,4.70617743696215e-05
473.0,0.3728704864699743,0.006825728848263364,0.001486486511698176,0.001340679503650407,4.742579930865703e-05,5.263590001598148e-05,4.702613613552493e-05
474.0,0.3725119471821915,0.006738337204255714,0.00147481220950278,0.001338199892780034,4.73794154823255e-05,5.251837327692405e-05,4.703442424616743e-05
475.0,0.3721556668733766,0.006401287555135272,0.001477777192619604,0.001335709662005616,4.728297122444749e-05,5.240059683668622e-05,4.697714305065301e-05
476.0,0.3729584616390383,0.005972819403278891,0.001473632495077492,0.001333230629896673,4.718631810723743e-05,5.226642428157572e-05,4.700445494652154e-05
477.0,0.372887377529471,0.005828814646924386,0.0014703638053341,0.001330735044139061,4.719200546884082e-05,5.217454791982196e-05,4.702941880725247e-05
478.0,0.372695174072443,0.005693429117201943,0.001467954118247028,0.001328243187690557,4.706806541861903e-05,5.201626859405909e-05,4.700273497146063e-05
479.0,0.3720541537425773,0.005691937672557004,0.001465886046467162,0.001325773021041986,4.685274887487038e-05,5.19794858374959e-05,4.694398952400598e-05
480.0,0.3722533234086891,0.005843295098316902,0.001467794250082531,0.001323351831031717,4.669640081511422e-05,5.185918985383448e-05,4.701018227612738e-05
481.0,0.3724379526389801,0.005649662193824682,0.001466745601739937,0.001320896422305271,4.663010811247807e-05,5.17166468284495e-05,4.702267900279647e-05
482.0,0.3726517285670792,0.005928044008148841,0.001476577753526735,0.001318456091829804,4.662590485009184e-05,5.169059850977842e-05,4.703883328137216e-05
483.0,0.37287963953422,0.005305748227195749,0.001462246086854371,0.001315988010645145,4.646895434315144e-05,5.159668107236762e-05,4.713250631252872e-05
484.0,0.3738802471440285,0.005703509129116791,0.001469583328080393,0.001313517577773712,4.636396981931724e-05,5.152298547730598e-05,4.717984625042351e-05
485.0,0.3735228591685781,0.005741356014506658,0.001474697766503519,0.001311028707351366,4.621844300237388e-05,5.152828153941866e-05,4.72309956797844e-05
486.0,0.373708372389878,0.00552218280459074,0.00146779686010464,0.00130852475605865,4.592437817480086e-05,5.140636088728948e-05,4.717967139477315e-05
487.0,0.3737343253841418,0.005259296627422711,0.001459477018984075,0.001306006236907939,4.570924214568838e-05,5.125211253914708e-05,4.710659315796177e-05
488.0,0.3738725983515061,0.00586597207600761,0.001467530422155314,0.00130351618036454,4.566437432265903e-05,5.123752946061306e-05,4.71164204845026e-05
489.0,0.3740466824171574,0.005798059481079171,0.001464506919078904,0.001301036479080072,4.548529953260947e-05,5.110275089349587e-05,4.708091212684588e-05
490.0,0.3745906472086269,0.005905130515591499,0.001462326906426222,0.00129852339594856,4.539724344637338e-05,5.103097104460066e-05,4.712818697428944e-05
491.0,0.3747833209407906,0.005708112143776728,0.001458017540051766,0.001296021811642169,4.522539989359208e-05,5.092317196136314e-05,4.716109263322535e-05
492.0,0.3740092035807254,0.005804465143814819,0.001457565138665087,0.001293505727701241,4.506191045909921e-05,5.084858526654908e-05,4.71595432878875e-05
493.0,0.3732179645083566,0.00561915519863113,0.001449674511900115,0.001291026504778279,4.487606674571245e-05,5.065872138836332e-05,4.708874585023148e-05
494.0,0.3738300043730918,0.005519744543562908,0.001442707479078464,0.001288524719433337,4.471090890946908e-05,5.068208221199939e-05,4.705376204249689e-05
495.0,0.3747375479369418,0.006306039535013993,0.001453799286580214,0.00128604608553055,4.463063996398844e-05,5.061871705592615e-05,4.707504905551552e-05
496.0,0.375603688236166,0.005928650314569708,0.001445782799536508,0.001283563717154846,4.450383236659351e-05,5.055475570702137e-05,4.706741185416868e-05
497.0,0.3779504702579003,0.005884352113450876,0.001441232446932518,0.001281110947421561,4.44584275005278e-05,5.052396594814799e-05,4.706425133191997e-05
498.0,0.3873443681508945,0.006011377444018519,0.001435668600754577,0.00127862183622532,4.426359798050339e-05,5.047356623811324e-05,4.707948024942216e-05
499.0,0.4025684579078608,0.1611381705593421,0.001794534536373399,0.001276083944382445,4.433953927527474e-05,5.12159332121595e-05,4.714373520705707e-05
500.0,0.4016460673811466,1.149480696372227,0.005756763497614587,0.00127379020072592,4.819495067311404e-05,5.584216295145127e-05,5.047437310936225e-05
501.0,0.3959959845061725,0.4617523667733727,0.007513416426052889,0.001271304112758611,4.678340990072795e-05,5.190391568926081e-05,4.972737472531531e-05
502.0,0.3929290664524024,0.1667460507191723,0.003162881106605753,0.001268791295484084,4.49460936521473e-05,5.174323248175062e-05,4.806226266512977e-05
503.0,0.3958682528956276,0.03206782927711873,0.001890424344098289,0.001266248152415902,4.471769613162061e-05,5.137882199604302e-05,4.810375159076091e-05
504.0,0.3948712365683228,0.02050771993632118,0.001671014768068085,0.001263985050380319,4.454009456205173e-05,5.126632236060291e-05,4.781374959815729e-05
505.0,0.3951087398607628,0.01148152567752367,0.001606004492608672,0.001261486336480558,4.471996766149418e-05,5.126772685190284e-05,4.804259635119881e-05
506.0,0.3914319934610883,0.0086633284153568,0.001551508094101752,0.00125897838065457,4.427089621476249e-05,5.070822040192152e-05,4.766150883095832e-05
507.0,0.3919714796947184,0.007691074649500809,0.00152724754380846,0.00125673393528309,4.401762121021055e-05,5.0644321518022e-05,4.747700926355731e-05
508.0,0.390312314711968,0.007003097993309311,0.001508210703188479,0.001254230360194719,4.401656252935524e-05,5.061038500676451e-05,4.76909919232045e-05
509.0,0.383692827475119,0.006033167069059277,0.001480736279398465,0.00125176082128605,4.360226640613358e-05,5.024774634643215e-05,4.722985157662649e-05
510.0,0.3843224743747521,0.006337253713856397,0.001480450764311802,0.00124936339062366,4.329807718210284e-05,4.993169777135261e-05,4.702898152375395e-05
511.0,0.3861478481456177,0.006103121458252507,0.0014717130271438,0.001247039755420838,4.310009290525752e-05,4.971759703110805e-05,4.692398560618128e-05
512.0,0.3864139566650833,0.005607187688594846,0.001446462247981552,0.001244698470675309,4.290696189629501e-05,4.954668045835191e-05,4.676906329893869e-05
513.0,0.3868858570260658,0.006249031304685066,0.001452654440145267,0.001242387712604861,4.288272532047007e-05,4.958080852016157e-05,4.676490513193743e-05
514.0,0.3851078312900421,0.005782406762656414,0.001441256397943468,0.001240120774583614,4.2706113355883e-05,4.959835401514107e-05,4.668649568114915e-05
515.0,0.3847842515727105,0.005560797336929053,0.001432736256966862,0.001237907737878288,4.263175251349483e-05,4.931913721623281e-05,4.659692718678915e-05
516.0,0.3830835602077989,0.00596351073394707,0.001435326166205378,0.001235667038742611,4.245948542039689e-05,4.919142131237414e-05,4.641943861949536e-05
517.0,0.3832910958934172,0.005992626196150277,0.001423285472843708,0.001233440170344142,4.245726052270575e-05,4.909549426687655e-05,4.634685522487921e-05
518.0,0.3842970042774809,0.005941417368414728,0.001423841630530494,0.00123121814997691,4.245083943119601e-05,4.91258083931883e-05,4.622804601322205e-05
519.0,0.3819835451165992,0.005895621348117509,0.001423918982651484,0.001229049265750376,4.23507457293475e-05,4.896197575646844e-05,4.634499110590349e-05
520.0,0.3831438418246385,0.005752210374874484,0.001414049557962282,0.001226904893346927,4.218110179798667e-05,4.894079817992502e-05,4.625982621155288e-05
521.0,0.3835242291379518,0.005532925235564835,0.00141050083682407,0.001224811025004292,4.21695204088722e-05,4.898976275023654e-05,4.620067509418226e-05
522.0,0.3829954112458065,0.005379512924418099,0.001405461160501824,0.001222749514233755,4.228390853744227e-05,4.891663974126722e-05,4.617714906875273e-05
523.0,0.382605345155915,0.005836057907254799,0.001410911986123067,0.001220690619991925,4.210739415867012e-05,4.882126556719886e-05,4.618249922040298e-05
524.0,0.3834911044034397,0.005764859937250331,0.001403752231767716,0.001218665976392038,4.204503436655509e-05,4.872077750522165e-05,4.605848723105229e-05
525.0,0.3807917166266581,0.005474716193287541,0.001395265992588847,0.001216638285562977,4.199434852749747e-05,4.866639071710054e-05,4.597981641979386e-05
526.0,0.3795577515902305,0.005690894984910881,0.001397777236801619,0.001214678520339082,4.204817098637157e-05,4.851167014202917e-05,4.587648614541695e-05
527.0,0.3795825826336204,0.00562989765693732,0.001390221547900774,0.001212718369975511,4.201833559722669e-05,4.833083177611486e-05,4.574683889658085e-05
528.0,0.3771016611443064,0.00571843862175144,0.001393807217772035,0.001210816465301178,4.192279780504798e-05,4.818514957634576e-05,4.561108214856378e-05
529.0,0.3765046892616196,0.006164022951186091,0.001401877342995532,0.001208902039470939,4.190119430484501e-05,4.816750986901103e-05,4.562550461109682e-05
530.0,0.3754896396410224,0.005641970284139551,0.001386759427343813,0.001207029174082378,4.182306218438521e-05,4.801131018706645e-05,4.550620337217917e-05
531.0,0.3744900666681489,0.006175940932623887,0.001395534188242205,0.001205124199031143,4.17333846278872e-05,4.779712498220289e-05,4.526045659622039e-05
532.0,0.3725289116136178,0.005851703407951764,0.0013836724651269,0.001203275200402231,4.153813974526613e-05,4.75939598935578e-05,4.505077619472392e-05
533.0,0.3728307170244914,0.00543989051411804,0.001372555996768728,0.001201411984809762,4.154224823348017e-05,4.744243925471901e-05,4.497264743327941e-05
534.0,0.3736688187549748,0.005887297690455626,0.001379703454077475,0.001199574008522348,4.153638754048648e-05,4.725908609856947e-05,4.491090753890117e-05
535.0,0.3722775577357446,0.005969578420417359,0.001368817351240081,0.001197743548367722,4.155143805084791e-05,4.716827473344985e-05,4.484278823477547e-05
536.0,0.3721676435677416,0.005743189911587689,0.001367957624856526,0.001195927528058165,4.150863750626427e-05,4.695412684380981e-05,4.470453982044995e-05
537.0,0.3714308910568589,0.005566724033695442,0.001351994366584261,0.001194089616974233,4.140915119949827e-05,4.677372886256229e-05,4.45936200424064e-05
538.0,0.3717226559892733,0.005009206708434563,0.001341593971402789,0.001192249547467454,4.128815384180822e-05,4.661775840798837e-05,4.445076886560386e-05
539.0,0.3722735849335141,0.005438811368492778,0.001346150632771889,0.001190388468559401,4.120864707874481e-05,4.655340173430354e-05,4.433295054076008e-05
540.0,0.3721381960320529,0.005393417570202714,0.001340594854153134,0.001188538509615511,4.119402882732636e-05,4.639853916309723e-05,4.417229916728294e-05
541.0,0.3713095878844388,0.005916750447635095,0.001347450300328975,0.001186669860652338,4.121203142354837e-05,4.623253738759617e-05,4.415965539505975e-05
542.0,0.3695327512331456,0.005807742090484824,0.001334372549568475,0.00118479772828595,4.114526204573601e-05,4.608930019069782e-05,4.403756150542091e-05
543.0,0.3687592372980442,0.005760863543278324,0.001334548785513767,0.001182888161864454,4.106904728218261e-05,4.593147729815895e-05,4.382409682243076e-05
544.0,0.3703740810284924,0.005781778178759614,0.00132980292752824,0.001180961352303178,4.104924757416799e-05,4.576920177665082e-05,4.375974273289351e-05
545.0,0.3691282220454511,0.005885134328438837,0.001320725399602694,0.00117903555388443,4.097680644439153e-05,4.574469882707545e-05,4.377764883303114e-05
546.0,0.366533635370776,0.005975735417746446,0.001321087789936898,0.001177175407011415,4.090851858783694e-05,4.562222092676258e-05,4.364054502997113e-05
547.0,0.3685408590847019,0.005812298750632313,0.001301807516775805,0.001175324773693723,4.087232055059966e-05,4.539007383641974e-05,4.344472469824548e-05
548.0,0.3667258321548413,0.005333844876794021,0.001287372730910553,0.001173445396804236,4.077434854103937e-05,4.520703710983145e-05,4.335191449369939e-05
549.0,0.3639776893375072,0.00554160332070572,0.001291891325083695,0.001171562062385913,4.07359897769107e-05,4.526996371132591e-05,4.327879197928059e-05
550.0,0.3637290867003057,0.005889899617387177,0.001290273953580191,0.001169716031806375,4.073308097938187e-05,4.504907680126788e-05,4.303509917075181e-05
551.0,0.3633754741087516,0.005375780640375316,0.001269985994319718,0.001167886380345313,4.075373338072324e-05,4.485892358799505e-05,4.294968100433491e-05
552.0,0.3611518644247702,0.006369052332534103,0.001289793893313422,0.001166100289585435,4.080534409576269e-05,4.468065611849483e-05,4.289735877090597e-05
553.0,0.3598205576921093,0.005695427609290376,0.001259903615819755,0.001164306453039137,4.070027423638819e-05,4.446969198891449e-05,4.259976305936058e-05
554.0,0.3586442602698868,0.005651606233992966,0.001253880608518522,0.001162518061395927,4.071541432010875e-05,4.434333711915984e-05,4.24377897715316e-05
555.0,0.3589482320135374,0.005001187409973499,0.001239575039885525,0.001160746258601113,4.054744254742757e-05,4.413291503849026e-05,4.22917197359198e-05
556.0,0.3567101933712658,0.005279941897213223,0.001230069244074875,0.001159006323952672,4.050779132926549e-05,4.410942240374126e-05,4.230422232943163e-05
557.0,0.3563712865218055,0.005825964177764716,0.001238539663955482,0.001157260257205722,4.04380460218587e-05,4.403926846262237e-05,4.22619873724524e-05
558.0,0.3565869616669513,0.005587481737519828,0.001224835277221877,0.001155513515002936,4.030446469783442e-05,4.384481248176094e-05,4.206794362143134e-05
559.0,0.3560521778322169,0.005534562534135078,0.001227039151574576,0.001153758079052086,4.021734483682514e-05,4.382126041039311e-05,4.191414534243153e-05
560.0,0.3540884177780512,0.005829467126666318,0.001229007901485121,0.001152026834658536,4.014689500919234e-05,4.367543837324445e-05,4.168465648809423e-05
561.0,0.3525504581205334,0.006065875516327447,0.001225264519898147,0.001150277443493508,4.008583709151245e-05,4.353012512579223e-05,4.161977119552292e-05
562.0,0.3515520639832841,0.005829879291253023,0.00122596053898,0.001148547178916156,4.004718247776093e-05,4.352135441673596e-05,4.150083174694446e-05
563.0,0.3505242077694659,0.005366822734267059,0.001211871863964648,0.00114680339053768,4.008226159304429e-05,4.336505786398957e-05,4.147467559104578e-05
564.0,0.3504416683491932,0.004957432411568129,0.001198036245685593,0.001145043414820568,4.009073615317509e-05,4.322804207017287e-05,4.138421950255399e-05
565.0,0.3496410805410897,0.005091491584285283,0.001197979587433082,0.001143257264763526,3.98925424665563e-05,4.311366972727251e-05,4.120171394229058e-05
566.0,0.3494697641973494,0.004935974750586308,0.001191312482881607,0.001141525116572916,4.001263903825585e-05,4.308283599854799e-05,4.123660490095287e-05
567.0,0.3497668437934037,0.005151527077096867,0.001195400520147488,0.001139773569226106,3.995286020051457e-05,4.294441430782007e-05,4.116913827868953e-05
568.0,0.3482257434423914,0.005086565843758846,0.001193907201309253,0.001138001458750296,3.981490175398315e-05,4.280861752295442e-05,4.09840369519298e-05
569.0,0.3469201106828311,0.004781644569390905,0.001188371352913513,0.001136240655891746,3.977953278562677e-05,4.27508273837958e-05,4.085766565607437e-05
570.0,0.3466389791920114,0.004663473138326002,0.001185162357282014,0.001134510121307891,3.95256882103519e-05,4.266927932753073e-05,4.082155458070256e-05
571.0,0.3459814795309695,0.004951536037199529,0.001194257170562075,0.001132760479222776,3.939775819746524e-05,4.237870626092449e-05,4.073217304185904e-05
572.0,0.3459747520296325,0.005327339924927788,0.001197235265062297,0.001131008269509995,3.932019735816208e-05,4.223361659061139e-05,4.070525241747308e-05
573.0,0.3457863399274628,0.00480653479862859,0.001188518358363416,0.001129245790386529,3.91934225170213e-05,4.222686322544632e-05,4.059843054996078e-05
574.0,0.3466284676944743,0.00564984658807281,0.001204775341230715,0.001127476302756254,3.912321626357227e-05,4.221647375144515e-05,4.066287983652737e-05
575.0,0.3468302874495395,0.00558996650513597,0.001207406642525485,0.00112568571583588,3.913521377744264e-05,4.207676999928831e-05,4.056375966549041e-05
576.0,0.348388463472556,0.005983349861029392,0.001212640111162851,0.001123887060142155,3.912705032171784e-05,4.202651394286616e-05,4.054447312022511e-05
577.0,0.3507509114300609,0.005400955961960809,0.001217555658083872,0.001122113261504045,3.902784231895571e-05,4.196767656991926e-05,4.046240914965358e-05
578.0,0.3630010353283531,0.006174839565090229,0.001220882979578228,0.001120310152798464,3.890051905029421e-05,4.190657090617037e-05,4.046564010189622e-05
579.0,0.3892456686548152,0.3617108582709197,0.001772762366756024,0.001118585872042796,3.90493989885444e-05,4.318313809311377e-05,4.054549224789937e-05
580.0,0.3857034694949882,2.80230189584584,0.01200108027446641,0.00111663931645516,4.823845664511299e-05,5.327641090895993e-05,4.836816250372905e-05
581.0,0.3736298654176903,0.5752926317840237,0.01460943176289022,0.001115103121506745,4.371129306266425e-05,4.411655742794593e-05,4.500185779957405e-05
582.0,0.3789044781348063,0.3327849105183688,0.006025974663222065,0.001113202864956838,4.101969748618499e-05,4.42913775328213e-05,4.277180295865793e-05
583.0,0.3717533723126902,0.07518816051909173,0.002591468460435881,0.00111124989889818,4.032724024142147e-05,4.348231682352795e-05,4.222453860889322e-05
584.0,0.3718807037740644,0.04201410149817079,0.001868537512294967,0.001109698739266283,3.988184638155484e-05,4.35749666470484e-05,4.183455285006697e-05
585.0,0.3643019129957767,0.01992150627904277,0.001588014442851172,0.001107832703124801,3.998965078737575e-05,4.349699817748615e-05,4.176501922548914e-05
586.0,0.360668088734354,0.01049509981953774,0.001431237208857729,0.001106060665012698,3.914650852299195e-05,4.229605417189379e-05,4.112864098328971e-05
587.0,0.3593687155408549,0.008353309643100772,0.001363788346944265,0.001104602542861208,3.889900513702685e-05,4.196626188488112e-05,4.090901373005602e-05
588.0,0.3574565825854032,0.006810168943152131,0.001311022142515896,0.001102885812476902,3.90474398793509e-05,4.177517298304325e-05,4.085069238511763e-05
589.0,0.3512659618823215,0.006290848224213716,0.001296558279453477,0.00110114688850388,3.869122345735088e-05,4.154642854983425e-05,4.065245045373803e-05
590.0,0.3481038727974956,0.005629409825779936,0.001272379887377549,0.001099505583374893,3.843884141419812e-05,4.118277129570627e-05,4.046914903437767e-05
591.0,0.3474783668875424,0.005800498308409067,0.00126572137004168,0.001097900149803714,3.824460696518371e-05,4.097479125149687e-05,4.034300884532516e-05
592.0,0.3476973773377283,0.005357869129879627,0.001262265587799433,0.00109637566251727,3.817574360232917e-05,4.078539204982138e-05,4.024351640477373e-05
593.0,0.3460864977655714,0.005414387937278077,0.001261972077843478,0.00109481054992555,3.795368310510446e-05,4.059192963622668e-05,4.006506026336535e-05
594.0,0.3449209494385986,0.005028638995680857,0.001248107826126191,0.00109326463871707,3.781656851539551e-05,4.041676512510485e-05,3.988397476137222e-05
595.0,0.3428210508258376,0.005326495107769596,0.00124903588511956,0.001091773770785328,3.777417998189599e-05,4.022703344234126e-05,3.979339697730869e-05
596.0,0.3426161517971504,0.005456344348670073,0.001250516655188836,0.001090282785140669,3.76244345327561e-05,4.008719203589838e-05,3.954591139672366e-05
597.0,0.3405963039355933,0.005380400655908987,0.001244983006417147,0.001088785054679594,3.749587011533027e-05,4.003690218560582e-05,3.94513712713972e-05
598.0,0.3393761609096602,0.005232227180816637,0.001235145509613508,0.001087302161523305,3.741190322389318e-05,3.986864890538961e-05,3.923910733605642e-05
599.0,0.3396448198938955,0.005158767320898718,0.001229192914326611,0.001085802658757748,3.734147459113155e-05,3.972174993835802e-05,3.910205473784095e-05
600.0,0.3383801484208829,0.005390565429165889,0.001227029628005993,0.001084378944025645,3.735831968410273e-05,3.970724972892525e-05,3.900732309153344e-05
601.0,0.3359307400231236,0.005071004214231946,0.001211199931782218,0.001082874469296518,3.730204546707848e-05,3.955431077596428e-05,3.88466902127048e-05
602.0,0.3342137845705161,0.005052584313985261,0.001211440158894676,0.001081397980814383,3.720189374319753e-05,3.944174677958425e-05,3.869562646344435e-05
603.0,0.3347187477277689,0.004828918528422439,0.001198659385520396,0.001079853492587908,3.712856177724551e-05,3.934199953619434e-05,3.858675045258397e-05
604.0,0.3330050731252067,0.004742778037481735,0.001188846109728961,0.001078406919313969,3.705969385187528e-05,3.932865434706365e-05,3.839958370501611e-05
605.0,0.3314894795879983,0.004420199424854011,0.001181673269121941,0.00107687626071629,3.707654349752282e-05,3.911655547800411e-05,3.816171826037054e-05
606.0,0.3292970397228563,0.004477710799076452,0.001178017721405255,0.001075395621491051,3.705445677484798e-05,3.908322432577038e-05,3.792383701057914e-05
607.0,0.3277725728881444,0.004450457662855984,0.001176369745681937,0.001073872423490988,3.697311451743874e-05,3.893596050834714e-05,3.77846989304652e-05
608.0,0.3253066270356311,0.0043807509909136,0.001165458788325878,0.001072400654653963,3.682519455155973e-05,3.874943143296864e-05,3.760839563758417e-05
609.0,0.325312539378422,0.004270291784732081,0.001155247854831199,0.001070894464598012,3.672727513524726e-05,3.868091110379521e-05,3.738227498518274e-05
610.0,0.3246155789994388,0.004924636597262717,0.001170987931169926,0.001069454504106399,3.68485693222412e-05,3.866521694082248e-05,3.736526665256108e-05
611.0,0.3217926640298365,0.004479972356101551,0.001153458203101828,0.001067981976629699,3.677770201092825e-05,3.846757381632979e-05,3.707899018080234e-05
612.0,0.3203591653912258,0.005386985315088771,0.001156423436643111,0.001066551227631285,3.66160734668945e-05,3.839165236749547e-05,3.691418829862895e-05
613.0,0.3202139325337504,0.00509248772307457,0.001151588135066289,0.00106510374984047,3.657387684494197e-05,3.828143244549853e-05,3.676047993788275e-05
614.0,0.3208581438914355,0.004699139369079763,0.001144328593039164,0.001063660908799042,3.650331572209168e-05,3.818047096278358e-05,3.673272072637183e-05
615.0,0.3227293959211083,0.004906374998637961,0.001146788588059855,0.0010622873235935,3.658311319823498e-05,3.817910595093608e-05,3.659386945059161e-05
616.0,0.3354251418852502,0.006848697019236866,0.001146489328065113,0.001060810899252779,3.6601648632016e-05,3.809063488790209e-05,3.641313261379122e-05
617.0,0.3513474329818954,0.729084895562456,0.002318525475631383,0.001059597408657783,3.70074262238714e-05,3.98873868769814e-05,3.669433884032954e-05
618.0,0.3545533406846962,0.9652028119075335,0.005422501658779011,0.001058060179836384,4.621233815887168e-05,4.74631985967434e-05,4.42340655082192e-05
619.0,0.3379630053341398,0.5343898691025588,0.009833882150464135,0.001056915597152709,4.050180750833451e-05,4.018321121531282e-05,3.964499961300727e-05
620.0,0.3484120879085791,0.1847779444900388,0.003623745202614426,0.001055323885578096,3.888189699247702e-05,4.041607793650064e-05,3.833906043941633e-05
621.0,0.338094815420766,0.03989621130880961,0.001819478135579215,0.001054204308536351,3.786681138101754e-05,3.920154107363599e-05,3.73489555171347e-05
622.0,0.3388387362906354,0.02623867585847805,0.001462923237177694,0.001052644254525587,3.788486496377148e-05,3.970809080386599e-05,3.723204739943445e-05
623.0,0.329638795453942,0.01269054967473025,0.001322921553660395,0.001051305004711035,3.77054027655409e-05,3.914537853106734e-05,3.697956346361358e-05
624.0,0.3282305395794272,0.007925192559435737,0.001249417545392473,0.001050212516620866,3.700563469928499e-05,3.831408250817393e-05,3.623539335557671e-05
625.0,0.3270635295823969,0.006401631106398706,0.001191651588701952,0.001048835778905339,3.691524097193151e-05,3.799166236957311e-05,3.611180223239518e-05
626.0,0.3207473968823956,0.007373049300433948,0.001194287052215125,0.001047404773270009,3.684625113096439e-05,3.770629568559241e-05,3.587450269633409e-05
627.0,0.3205157173999386,0.006718077053550443,0.001169944017545583,0.001046088638753521,3.692453939252356e-05,3.765146843496642e-05,3.569353948817153e-05
628.0,0.3180832875456996,0.005876602962439301,0.001149181983396097,0.001044767929907922,3.675023604884062e-05,3.7379073685947e-05,3.55169512163458e-05
629.0,0.3160455357391992,0.005844641997840181,0.001157643765242004,0.001043485779061958,3.664839456117181e-05,3.704931226541446e-05,3.53759834200858e-05
630.0,0.3147960774644559,0.005037995229677805,0.001125156496339705,0.001042220489141523,3.644799753078522e-05,3.686828092456544e-05,3.521274641515788e-05
631.0,0.3129018620410914,0.004329659786061077,0.001095935188574851,0.001040905537444016,3.623768656668223e-05,3.665845547092312e-05,3.512070229260422e-05
632.0,0.3114206479726218,0.004862653362519142,0.001093046246764042,0.001039579300038227,3.613039031306188e-05,3.664559399709255e-05,3.502985589293816e-05
633.0,0.311874030705598,0.00469076036880812,0.001090569684872961,0.001038334491724908,3.602731527433212e-05,3.650872722993968e-05,3.487516456968707e-05
634.0,0.3115032130114928,0.004323063969300762,0.001079177659802071,0.001037046485334921,3.590284167662629e-05,3.638700285964325e-05,3.47724458420076e-05
635.0,0.3109321950229105,0.004457393409603415,0.00107205057862636,0.001035794166999018,3.585750668009853e-05,3.645905358364993e-05,3.470714194136585e-05
636.0,0.3102360964829027,0.004140995794462967,0.001059605737513693,0.001034507831063771,3.571537214984187e-05,3.629108559288191e-05,3.459695914706329e-05
637.0,0.3098340497767278,0.004168160136094142,0.001052065853791637,0.001033295330870071,3.573663066040147e-05,3.6265433708578e-05,3.458380292433464e-05
638.0,0.3088696904180361,0.003793972606245501,0.001036656003041514,0.001032038903763913,3.548805114615784e-05,3.618866037287322e-05,3.440623332827412e-05
639.0,0.3068751272041338,0.004345478179008699,0.001039129071494956,0.001030763914236296,3.533501698886029e-05,3.615839517845714e-05,3.441370473578362e-05
640.0,0.3055054972778191,0.004661723102061001,0.001033725184416108,0.001029489082979866,3.516810548824876e-05,3.602029547912408e-05,3.422898677178107e-05
641.0,0.3062534656822082,0.004424573783391234,0.001024936277867899,0.001028225461112429,3.497799725784559e-05,3.593743885195308e-05,3.408981577557388e-05
642.0,0.3043441366837248,0.004400873266217045,0.001026259227832402,0.001026982928385254,3.483885440345216e-05,3.572904410790531e-05,3.392479098541566e-05
643.0,0.3045570302811029,0.004286940513964545,0.001014774329080567,0.001025662908885594,3.467884939702042e-05,3.560606903093692e-05,3.381752707454666e-05
644.0,0.3040838284981298,0.004221514475769193,0.001003192610362437,0.001024354015932546,3.450836436075552e-05,3.564710750041763e-05,3.378071720112667e-05
645.0,0.3017688987604574,0.003799969448943463,0.0009927303153474142,0.001023078548781666,3.431515709092341e-05,3.561433901897525e-05,3.36617528972066e-05
646.0,0.2998270497791272,0.003749025733116578,0.0009892528730386478,0.001021799182407567,3.407872553909715e-05,3.548784366688414e-05,3.354744801928958e-05
647.0,0.2993539000094208,0.003918913646134041,0.0009868443633998035,0.001020411589169056,3.387036589996836e-05,3.537642337600961e-05,3.33528141499045e-05
648.0,0.2975817744559288,0.003592635984493124,0.0009764837105339986,0.001019157566982618,3.377043444841472e-05,3.529043545988785e-05,3.326993710080006e-05
649.0,0.2996192624098157,0.003816946642203294,0.0009756026577980648,0.001017792329517236,3.365704756503659e-05,3.522522239965895e-05,3.322746888233872e-05
650.0,0.2994270345302361,0.004260104049342519,0.0009818392403880476,0.001016357737414056,3.349433611139202e-05,3.520440644545182e-05,3.320470104046295e-05
651.0,0.2980339547440256,0.00438067767089732,0.0009829395158660842,0.001015042936090715,3.347519056203627e-05,3.523841955630046e-05,3.329856001678509e-05
652.0,0.2999099651204635,0.003807652278124495,0.000960507700202241,0.001013684511818651,3.305962199983591e-05,3.515268516045651e-05,3.31715321019046e-05
653.0,0.2959701060218992,0.003466065209819233,0.0009467395657256671,0.001012335970328543,3.285245064328462e-05,3.505011521260839e-05,3.29929984525169e-05
654.0,0.2946161908284749,0.003684679603574856,0.0009457215119051611,0.001010956733077181,3.266528681855313e-05,3.49414399600606e-05,3.290604935653583e-05
655.0,0.2942053045907876,0.003679940251449403,0.0009417468985922359,0.001009520307740242,3.240652626631424e-05,3.489432969284331e-05,3.27247876363985e-05
656.0,0.2922347854312985,0.003718433814761243,0.0009387259067728896,0.001008158669551899,3.22833674115149e-05,3.48250789557854e-05,3.271791351442462e-05
657.0,0.2926335115312867,0.003610735342907886,0.0009320662682954249,0.001006750663713258,3.206350805945582e-05,3.467217826180591e-05,3.258513998607724e-05
658.0,0.2904942015089699,0.004077025015266599,0.0009399233351817076,0.001005362307632213,3.189931494316118e-05,3.462592643669238e-05,3.258520183885271e-05
659.0,0.2898024938290087,0.003604421620393985,0.0009285563015337498,0.001003921531392846,3.168037868069925e-05,3.443472293910108e-05,3.24932647218727e-05
660.0,0.2893246908207355,0.003811147647765366,0.0009295439449718315,0.001002502596438905,3.148636890126827e-05,3.437209010560277e-05,3.240833395522827e-05
661.0,0.2868888072581602,0.00365926567609725,0.0009203938313545481,0.001001080087716585,3.117353827467887e-05,3.429303091862343e-05,3.219735982008839e-05
662.0,0.2871249222370129,0.003799648425884299,0.0009229368890662667,0.0009996156100362343,3.102778649494491e-05,3.419588343864311e-05,3.215740252951335e-05
663.0,0.2854303906164284,0.003769327893506186,0.0009181374102578952,0.0009981463256992131,3.085544845424462e-05,3.409484673693306e-05,3.200502558901954e-05
664.0,0.284849123669365,0.003508465427529158,0.0009069716228286773,0.0009965955318577036,3.057400983598271e-05,3.403146698721474e-05,3.191825579871917e-05
665.0,0.2851469983985203,0.003336016815493376,0.0009029360961940265,0.0009950416272997322,3.041728809336864e-05,3.397947316997447e-05,3.18693673879589e-05
666.0,0.2851384537835443,0.003758557738318308,0.0009148830006629775,0.000993484312582941,3.035298675253165e-05,3.401559573029073e-05,3.184846321490186e-05
667.0,0.2858505898768916,0.003546658176405592,0.0009089337445965739,0.0009918357709182517,3.023116126390009e-05,3.401747146763991e-05,3.180390566523709e-05
668.0,0.286449722605618,0.003736764446171563,0.0009154908651189792,0.0009902882459000536,3.022345711571665e-05,3.399238777298956e-05,3.174623285550634e-05
669.0,0.2853856551851404,0.003791036657329837,0.0009118630593632525,0.0009887136751509733,3.006549026986804e-05,3.3894630938727e-05,3.168373128739742e-05
670.0,0.2834520074873492,0.00347678722560783,0.0009065281933841111,0.0009871288848477995,2.988762034394252e-05,3.382898042668093e-05,3.147027960928858e-05
671.0,0.2824438239821986,0.003424493458425454,0.0009025530994954547,0.0009855618459438285,2.965423029345497e-05,3.370354347665874e-05,3.139494109339197e-05
672.0,0.2821254161011471,0.003688393492266626,0.0009098224384672584,0.0009839244528361951,2.957940326523009e-05,3.360366323370396e-05,3.129097524535413e-05
673.0,0.2813294501462137,0.003873793463787749,0.0009105525631290114,0.0009823144660169585,2.955987567813113e-05,3.361898164301917e-05,3.11532584682163e-05
674.0,0.282088398846338,0.003529684858821848,0.0009051628735729306,0.0009806302727599517,2.935363356756637e-05,3.350618939388668e-05,3.092624367648475e-05
675.0,0.2837836601266076,0.003717364661314853,0.0009138186733051295,0.0009789759738174121,2.931215122571945e-05,3.349751362155806e-05,3.090043894205597e-05
676.0,0.2828579339591957,0.004012248456356842,0.0009183057832638243,0.000977343850800066,2.931977793603052e-05,3.348741835219119e-05,3.094134707630251e-05
677.0,0.2826185417432621,0.003882059102130224,0.0009101771967715026,0.0009756656808434498,2.918057153621507e-05,3.334340911494861e-05,3.069874725097346e-05
678.0,0.283942567255126,0.004078759996243771,0.0009189826794367447,0.0009739686842392995,2.909368204384193e-05,3.331313271578981e-05,3.05779646995625e-05
679.0,0.2845183525306521,0.004258360840763292,0.0009227770034464566,0.0009723335924937136,2.928004917387809e-05,3.334379454427103e-05,3.05465289088953e-05
680.0,0.2839480323469941,0.004159513563427883,0.0009222940163018013,0.0009706356339102577,2.927018681702957e-05,3.327969087607537e-05,3.038120174832017e-05
681.0,0.2820832526667455,0.004072748276664964,0.0009237341237888929,0.0009689486641349446,2.912535229228613e-05,3.310636368092249e-05,3.032116465672888e-05
682.0,0.2824485561912685,0.003757210304541113,0.0009140523683054634,0.0009672501716479124,2.902129877626208e-05,3.300655274971396e-05,3.015761174124558e-05
683.0,0.2827861826158838,0.003735957683546762,0.0009140190812613422,0.0009655744597728023,2.890027149030402e-05,3.291155800136531e-05,3.013169499348147e-05
684.0,0.2833139417718789,0.003887158042578455,0.0009229627783060804,0.0009638817499781192,2.899477219602747e-05,3.301147805878008e-05,3.016481969487612e-05
685.0,0.2841053774254984,0.004193710718413873,0.0009307795133425828,0.0009621933606978427,2.896180620897586e-05,3.286975363256131e-05,3.004233011698124e-05
686.0,0.2841560771003231,0.004084882732936197,0.0009259479832523139,0.0009605063586808456,2.909072592481032e-05,3.279182717710626e-05,2.98462533214974e-05
687.0,0.283295358571554,0.004249969806689946,0.0009277724646621536,0.0009587847669946799,2.903335035606543e-05,3.266104908242961e-05,2.967016838580145e-05
688.0,0.2809727597958229,0.004082570559995143,0.0009274813639508201,0.0009570567259798382,2.888119612741687e-05,3.250882802721692e-05,2.956285053097672e-05
689.0,0.279996906558883,0.003611230230691032,0.0009187421455026075,0.0009553235711764961,2.883171736247243e-05,3.237553344297382e-05,2.944464803496611e-05
690.0,0.2813039441294499,0.004002954595652951,0.0009252371689900631,0.0009535505441948689,2.876682071597051e-05,3.233575644107193e-05,2.933398576467849e-05
691.0,0.2806689151191252,0.003890504433093511,0.0009262831099817135,0.000951861543997735,2.874007638858388e-05,3.222940331185944e-05,2.925467218979142e-05
692.0,0.2808919542866083,0.00361143900233606,0.0009173275328796018,0.0009501830527472712,2.876265263206531e-05,3.217277834020367e-05,2.918832245433404e-05
693.0,0.2810214120577788,0.003794149540843257,0.0009238589979718872,0.0009485222054307705,2.891284114609733e-05,3.208291929417776e-05,2.9148521518786e-05
694.0,0.2816322175118477,0.003472635241322999,0.0009161412389704922,0.0009468447403794396,2.898533244422834e-05,3.199153015995579e-05,2.897073670993476e-05
695.0,0.2791121284114616,0.003961955565241896,0.0009308411299615904,0.0009451973278389919,2.898361591629971e-05,3.183531859000682e-05,2.88271467345745e-05
696.0,0.2791764918240182,0.003463257630617615,0.0009162526461119645,0.0009435655083364698,2.87667546931555e-05,3.17793127088627e-05,2.865206606441321e-05
697.0,0.2774357539243225,0.003440937232910175,0.000913440460089243,0.0009419846911286174,2.880375812401347e-05,3.169910756899124e-05,2.866587189868941e-05
698.0,0.2780968179526791,0.003326931348647682,0.0009100155064990593,0.0009403687129160002,2.872469369835713e-05,3.150216487844098e-05,2.855079241042058e-05
699.0,0.277321098067583,0.00342380598678057,0.0009147739689832174,0.0009388562912465236,2.886333828914017e-05,3.147964099378787e-05,2.849003005988988e-05
700.0,0.2762026337341129,0.003373625916886559,0.0009105073485749957,0.0009373603618305003,2.876949140128729e-05,3.137603955676938e-05,2.833355217335676e-05
701.0,0.2744336291493313,0.00355818048436423,0.0009142297340791025,0.0009358410091210126,2.873068931363442e-05,3.123459513298242e-05,2.816631333844095e-05
702.0,0.2721204565798222,0.003304262059455816,0.0009043034115321142,0.0009343657001295913,2.868927370158549e-05,3.105295330153333e-05,2.803365596724988e-05
703.0,0.2727146391665192,0.003467886200740056,0.0009131503500240251,0.0009328105174041058,2.863062813618531e-05,3.098076542722691e-05,2.794799924588779e-05
704.0,0.273211370773134,0.003946574317127412,0.0009254894116412427,0.0009313199766612255,2.865429990676221e-05,3.099812910496401e-05,2.804196712271238e-05
705.0,0.2726094570396363,0.004666936901212923,0.0009422125036848644,0.0009298873810449528,2.860086275739432e-05,3.094145830164714e-05,2.80644393096699e-05
706.0,0.2705556880741414,0.003731574603356018,0.0009300285211950797,0.0009284557577730981,2.857922540070809e-05,3.084146337153004e-05,2.791520854089971e-05
707.0,0.270435154845485,0.004161783186599847,0.0009351215688080704,0.0009270191973493925,2.852368660975896e-05,3.07093566281038e-05,2.77464409423806e-05
708.0,0.2682773873506271,0.003598220725621063,0.000922542406161019,0.0009256245611111193,2.844610801303584e-05,3.059151946789068e-05,2.76161853408239e-05
709.0,0.2675643682526466,0.003723537211978122,0.0009322472746934571,0.0009242220192768301,2.838834597350864e-05,3.049485763500754e-05,2.755541858666035e-05
710.0,0.2667609120508028,0.003766764474994425,0.0009392310382575519,0.0009228975178813973,2.836520563935325e-05,3.040835888917205e-05,2.752903794685729e-05
711.0,0.2652154645206264,0.00383103488340407,0.0009414835459774928,0.0009215473447054953,2.824423162321991e-05,3.024399799273293e-05,2.741831094458302e-05
712.0,0.2643609345873297,0.003354005598125653,0.0009281961589672675,0.0009202762396158265,2.820757147150303e-05,3.026695588396937e-05,2.747010380723263e-05
713.0,0.264479449113562,0.003167373926298633,0.0009238726397660216,0.0009189117134895255,2.809925481214434e-05,3.007193153300946e-05,2.731887566600505e-05
714.0,0.261324571683287,0.003499414723642486,0.0009280983167960448,0.0009176641899231827,2.808749135859762e-05,2.998511923241561e-05,2.723010925593109e-05
715.0,0.2606911355933684,0.003330768956984172,0.0009267140564794878,0.0009163948725144415,2.798713647014625e-05,2.982698949354825e-05,2.714023180999203e-05
716.0,0.2588411328932381,0.003301864428050924,0.0009279412460339957,0.0009151281587177697,2.783299538754791e-05,2.965639229608545e-05,2.703196370361529e-05
717.0,0.256738781905998,0.003754216613192945,0.0009341207951023372,0.0009138725396713184,2.775559600638317e-05,2.960384904884466e-05,2.691924965641171e-05
718.0,0.2568079244551185,0.003547433166423399,0.0009242201977627909,0.0009125901732311033,2.762332992631274e-05,2.951188477701737e-05,2.680331174711556e-05
719.0,0.2558709022752844,0.003953348757913243,0.0009439870858372249,0.0009113010464998732,2.764318963101965e-05,2.945589704859633e-05,2.681524434390944e-05
720.0,0.2543842000543359,0.003721068674791398,0.0009426352483171873,0.0009100561357419269,2.752850452395538e-05,2.937841881214688e-05,2.677147405995099e-05
721.0,0.2537291237077797,0.003309165370548276,0.0009342246349213248,0.0009087141160631894,2.744838371359256e-05,2.924914095264796e-05,2.674987471766372e-05
722.0,0.251263129204709,0.00344646595290505,0.0009403924692963221,0.0009075213527838499,2.741993032132154e-05,2.913297296664024e-05,2.667548243095606e-05
723.0,0.2514456948326934,0.003332669615355347,0.0009346136421783009,0.000906247187306057,2.736152809796908e-05,2.903668035134805e-05,2.656080958052212e-05
724.0,0.2497575601166367,0.003188072783241534,0.0009288634866672754,0.0009049437600374989,2.721994389305746e-05,2.899278397927092e-05,2.641582265162593e-05
725.0,0.249826167539582,0.003997437728162551,0.000942867311928269,0.0009036721962688309,2.715560747294154e-05,2.887435869875554e-05,2.644661967690757e-05
726.0,0.2477467878775272,0.003714403731642627,0.0009417964345939676,0.0009024597504954205,2.713637594361126e-05,2.864756093066454e-05,2.63784030103855e-05
727.0,0.2470681885561097,0.003422038118824525,0.0009381298600506808,0.0009011985914287817,2.696413310082804e-05,2.856866047898237e-05,2.623084400009441e-05
728.0,0.2465712616534747,0.003437316156951307,0.000930855251149229,0.0008999249574409155,2.683993595391251e-05,2.853964067896193e-05,2.608153972424001e-05
729.0,0.2461715827950829,0.003611128883929563,0.0009402579824390479,0.0008986620067195707,2.688023821587389e-05,2.845154609660827e-05,2.610408080076407e-05
730.0,0.2447347835552707,0.003523865079179457,0.0009385391924454318,0.0008974902340621511,2.682466700807697e-05,2.839965552949013e-05,2.60915357397345e-05
731.0,0.2438951043541488,0.003120298353782332,0.0009339683034395474,0.0008962087789623109,2.666020019322297e-05,2.824313088877399e-05,2.591846162005009e-05
732.0,0.2417527708731993,0.00357897796766525,0.0009398593338018987,0.0008950862104663278,2.668773372117364e-05,2.822775902828625e-05,2.588562048630676e-05
733.0,0.2415595268763082,0.003322371468907229,0.0009346753342393151,0.000893945322341992,2.663732617097228e-05,2.80733296574514e-05,2.583767404093765e-05
734.0,0.2406177922111031,0.003493489386780433,0.0009392062067257434,0.0008927500673835898,2.654691925208642e-05,2.807969846440793e-05,2.574641357151961e-05
735.0,0.2388210169672475,0.003348796008524575,0.0009364741034746066,0.0008916067315985353,2.645569843995309e-05,2.797563570440986e-05,2.567407208165699e-05
736.0,0.2380479265102826,0.0032088660191151,0.0009340286485226395,0.0008904237974321009,2.638598125865176e-05,2.785497097398565e-05,2.558707902589593e-05
737.0,0.238213913768069,0.003192239952523661,0.0009380318947721572,0.0008892395204221693,2.626360602925905e-05,2.783516259659146e-05,2.564841009452559e-05
738.0,0.2376469952265922,0.003324032627009093,0.0009419920151531644,0.0008881033533458035,2.627968814008528e-05,2.777872617150506e-05,2.570299046079259e-05
739.0,0.2369677475670278,0.003265716253621178,0.000939422075199818,0.0008869982142138202,2.619962538894869e-05,2.774992580483421e-05,2.56136492135972e-05
740.0,0.2368835495966531,0.003138462780097731,0.0009394625037548572,0.0008857615474710686,2.606120773830529e-05,2.770132217063133e-05,2.562203943241026e-05
741.0,0.2356547526831468,0.003270605504698557,0.0009411252107722494,0.0008846864776753387,2.611056224874251e-05,2.753254617800038e-05,2.561026326153813e-05
742.0,0.2359838120109018,0.003106430148061241,0.0009394685250087491,0.0008835665594980477,2.610463351755721e-05,2.744874525308827e-05,2.55493282479252e-05
743.0,0.2328756440681689,0.003182918383064666,0.000939540272412387,0.0008824217024862183,2.595254946068696e-05,2.737133610660511e-05,2.548820567087285e-05
744.0,0.2321539878458607,0.002868695493402083,0.0009347011172501834,0.0008813169304956362,2.582956636218239e-05,2.723637515755759e-05,2.541993261182506e-05
745.0,0.2324553663199134,0.003113848553475053,0.0009389991236918295,0.000880195109087828,2.573416365586623e-05,2.713174325347726e-05,2.545858217791087e-05
746.0,0.2322028370649745,0.003004583826228786,0.0009382096691849175,0.0008790676841096229,2.568944391587806e-05,2.705604665490463e-05,2.546625399422945e-05
747.0,0.2314286511658682,0.003133819246370622,0.000941195883104828,0.0008779581719776952,2.566732709248247e-05,2.700114630360775e-05,2.547223667749624e-05
748.0,0.2309992087611595,0.003225251933635052,0.0009396256568965299,0.0008768822716101752,2.557573159937192e-05,2.691961570028695e-05,2.543423544776952e-05
749.0,0.22948464538463,0.002890406705747196,0.0009339574064117731,0.0008757463734393282,2.538557686740621e-05,2.677930008762609e-05,2.535987351277609e-05
750.0,0.2283418046517058,0.003184448984412977,0.000941252787064647,0.0008746852210443296,2.534915433426062e-05,2.669013478373515e-05,2.544153949347819e-05
751.0,0.227272516086419,0.003010098930966642,0.0009319213787301548,0.0008736036605209218,2.52914684367317e-05,2.656876083632094e-05,2.541134207394643e-05
752.0,0.2277666067225815,0.00299642809528794,0.0009313336302999081,0.0008724873844286525,2.530011565822998e-05,2.65400026430871e-05,2.537247923968385e-05
753.0,0.2297427249344687,0.003079891237132358,0.000932998210403199,0.0008712743898036711,2.528825983844723e-05,2.644677354010367e-05,2.539253721159536e-05
754.0,0.2298121973818737,0.003276275344725915,0.0009404799449242051,0.0008702266884659394,2.536021532401401e-05,2.65543158742107e-05,2.558775127710681e-05
755.0,0.2304685332308706,0.003107598390886853,0.0009413388004832977,0.0008691329315457797,2.529839981176557e-05,2.65079691613182e-05,2.558759602610493e-05
756.0,0.2288796692359014,0.003117663082374079,0.0009407835990697817,0.0008679346428806586,2.513998267006634e-05,2.643292547215422e-05,2.557543150590922e-05
757.0,0.2283369278490511,0.003008086935759418,0.0009326463090651856,0.0008668531313480715,2.507943472165577e-05,2.626094367567285e-05,2.555449899350793e-05
758.0,0.2287528206421704,0.003194367327443419,0.0009345745072208935,0.000865713700062578,2.501383394988961e-05,2.618830791717435e-05,2.559516203046357e-05
759.0,0.2269061740684712,0.003239351432470842,0.000935149769391845,0.0008646347259455757,2.49216842320754e-05,2.613153759342703e-05,2.559738979951688e-05
760.0,0.2268743079271848,0.003170342852681403,0.0009308475622137871,0.0008635076617848523,2.482538827192864e-05,2.602468388711727e-05,2.550581302475895e-05
761.0,0.225158579610156,0.003331354208753937,0.0009304640453467452,0.0008623794293338928,2.469152866861028e-05,2.592685300616607e-05,2.547748687447789e-05
762.0,0.2246855397116595,0.002971930380052634,0.0009196007941916812,0.0008612563608002736,2.457503519819636e-05,2.580314021945499e-05,2.537385027827697e-05
763.0,0.224101156050254,0.003446191445687027,0.000929471729755366,0.000860112997177716,2.451967705483729e-05,2.57471415165075e-05,2.538838822009802e-05
764.0,0.2243206505477472,0.003329866134129886,0.0009274788264936569,0.000859006664337378,2.449148825777891e-05,2.572097054553712e-05,2.537930312332562e-05
765.0,0.2239006824421073,0.003288497799232198,0.0009246700393263723,0.0008578706153955958,2.449550059175869e-05,2.568026993098466e-05,2.532321985455165e-05
766.0,0.2228607836721902,0.003308164612958007,0.0009230937921843102,0.00085674882993735,2.4380314227582e-05,2.561979542439463e-05,2.523426070264021e-05
767.0,0.2229892951394939,0.00309300641364987,0.0009117516230346559,0.0008555725815727485,2.421342946447266e-05,2.546597160416154e-05,2.514000789773446e-05
768.0,0.2221074282030236,0.003249214355522093,0.0009164349440809552,0.0008544456287076121,2.406508765351426e-05,2.541874890982302e-05,2.508077045393798e-05
769.0,0.2215321817391483,0.003598756222539004,0.0009215122692355486,0.000853327473047334,2.405564510415212e-05,2.536277242217014e-05,2.509336653692959e-05
770.0,0.2218476119196715,0.00338793494175694,0.0009196013751153323,0.0008522013616123447,2.396535479208503e-05,2.527966507585751e-05,2.49906058553399e-05
771.0,0.2212894924078104,0.003592347265948455,0.0009235102053900796,0.0008511618787722538,2.392719396118478e-05,2.522411470786592e-05,2.491956334780523e-05
772.0,0.2214952071498394,0.00335295871093046,0.0009209446770906921,0.0008501180682771469,2.386928876251083e-05,2.518237394187971e-05,2.486701853899369e-05
773.0,0.2216369668153509,0.003525135254390735,0.0009196376882168631,0.000849012765486629,2.376737027947134e-05,2.507269919688692e-05,2.477585992720282e-05
774.0,0.2219572369109811,0.003717659958135469,0.0009274726205103326,0.0008479892350727001,2.366528353855554e-05,2.5054804878565e-05,2.473916672780384e-05
775.0,0.2209703351430409,0.003487062808844309,0.000926086624605558,0.0008469296757403524,2.370916862856251e-05,2.496383301676094e-05,2.473585737746462e-05
776.0,0.2204774072148947,0.003372773836490486,0.0009263503942294567,0.000845868443403066,2.358534261309038e-05,2.487253350021529e-05,2.463802522777941e-05
777.0,0.2191691496738818,0.003447596200190164,0.0009230418560538187,0.0008448306082215454,2.3492629404432e-05,2.480891483033598e-05,2.459072584088586e-05
778.0,0.2192836862796612,0.003466894550564615,0.0009254402438324204,0.0008438064568013601,2.349591050115349e-05,2.477082440989127e-05,2.451673230850052e-05
779.0,0.2185867874625385,0.00379228967546283,0.0009383421528252222,0.0008427636812164298,2.345988929960128e-05,2.470887951236479e-05,2.435854030437891e-05
780.0,0.2170820105528178,0.00344953006922235,0.0009358217713542835,0.0008417408828996017,2.341258166835802e-05,2.45552337643898e-05,2.423506875792141e-05
781.0,0.2169324469529985,0.003338726358429924,0.000934622010493378,0.0008406823586260421,2.33727254892526e-05,2.444767969393461e-05,2.411442564967895e-05
782.0,0.2164243725563458,0.003257514070264514,0.0009366583651794298,0.0008396550930915831,2.334277905511198e-05,2.436528164166644e-05,2.413912905495057e-05
783.0,0.2168236070366584,0.003501276154215668,0.0009437607484686097,0.0008385410346839905,2.329918389572921e-05,2.429832806238984e-05,2.408249801506991e-05
784.0,0.2159808345795169,0.003556389024689048,0.0009501129720645669,0.0008375006654844844,2.322165173918063e-05,2.423238988461888e-05,2.399448497377584e-05
785.0,0.2158222272965862,0.003501346875656757,0.0009517905460588602,0.0008364922987707342,2.323770757847356e-05,2.417225242737608e-05,2.392279341776316e-05
786.0,0.2149846791778404,0.003497685896110722,0.0009551620356283361,0.0008354714495955649,2.31764163841455e-05,2.404858270039525e-05,2.38455309367141e-05
787.0,0.2137158303739588,0.003371602343112374,0.0009579434060229408,0.0008344362267478135,2.305257830796471e-05,2.392611745485829e-05,2.372570086989525e-05
788.0,0.2135484566453704,0.00331281573122434,0.0009639073155813056,0.000833443002086281,2.304426460596259e-05,2.388632200825663e-05,2.363052308752942e-05
789.0,0.2135699547313548,0.00349559778036683,0.0009697237186908949,0.0008324478316686134,2.308849154947734e-05,2.381413046143084e-05,2.356629972801593e-05
790.0,0.212806558639237,0.003614047647017842,0.0009745206981179444,0.000831509417915656,2.306460705201576e-05,2.382231416936191e-05,2.351624757002773e-05
791.0,0.2132694722826546,0.00344083329221303,0.000975923054020283,0.0008305102758435324,2.308117418614046e-05,2.379131327275744e-05,2.335620532783649e-05
792.0,0.2122822413521202,0.003438212457148323,0.0009827097051018892,0.0008295761039123312,2.308998272032432e-05,2.367593335348939e-05,2.323963342047211e-05
793.0,0.2130379517700989,0.003455395608428329,0.0009882402967193284,0.0008286628740713759,2.308041034748864e-05,2.359639483191721e-05,2.318943074881855e-05
794.0,0.2119219764031014,0.003590947645035572,0.0009923280725968675,0.0008277628830461592,2.301713015393627e-05,2.349249031816256e-05,2.311495809989321e-05
795.0,0.2109932240814752,0.003516917096455008,0.0009943592440841878,0.000826908727977515,2.302074468086125e-05,2.349985405811976e-05,2.307504053806355e-05
796.0,0.2092430982941171,0.003314099341719564,0.0009926932392667982,0.0008261140817969467,2.2967439239333e-05,2.340531002128214e-05,2.288355444519021e-05
797.0,0.2088495451945667,0.003470131705019516,0.0009953331593048208,0.0008252968358372171,2.286883735734586e-05,2.335893189550589e-05,2.273601254618579e-05
798.0,0.2083280900643091,0.003373322400529225,0.0009943593845692803,0.0008245201370102327,2.287568165907596e-05,2.333337003127951e-05,2.260677579411728e-05
799.0,0.208374258962703,0.003625023567693765,0.001001338805362186,0.0008237451810939737,2.287240212646875e-05,2.332694038987932e-05,2.259735565881416e-05
800.0,0.2079899763710778,0.003510998047630713,0.0009983851657333564,0.0008230284012106189,2.295868081991374e-05,2.325656382934784e-05,2.263641922849389e-05
801.0,0.2065774739634105,0.003276696708362352,0.0009954602049917357,0.0008223199326379838,2.283784556958151e-05,2.314920474227212e-05,2.2460853329705e-05
802.0,0.2055712562523726,0.003375874092079539,0.000995614032190956,0.0008215807442486331,2.279326340594991e-05,2.318488512455219e-05,2.233673376985764e-05
803.0,0.2059460635462984,0.003291247232585119,0.0009943297396440955,0.0008208694718180519,2.279030705388377e-05,2.314676403511397e-05,2.22094612260733e-05
804.0,0.2053225235564926,0.003807982336525649,0.001007858987688527,0.0008201812041380769,2.279519363455441e-05,2.306310950711226e-05,2.217950531715929e-05
805.0,0.2041491162517807,0.003664387927731069,0.000994371624553902,0.0008195459672232976,2.274919601437727e-05,2.302931160900728e-05,2.211497393680089e-05
806.0,0.2042460324238373,0.003672057551160937,0.0009977314432189398,0.0008188521341938193,2.266021979475975e-05,2.293547981778352e-05,2.201103189614812e-05
807.0,0.2042851163046964,0.003651842931108823,0.0009980436822619593,0.0008181781283797088,2.264200281212496e-05,2.296800781916076e-05,2.193448410983054e-05
808.0,0.2057725329678734,0.003425549073189082,0.0009872463077230478,0.0008175080070231542,2.264811958130416e-05,2.299129155807141e-05,2.1826980128942e-05
809.0,0.2057243150898547,0.003623472771901325,0.000992565636988448,0.000816909932539962,2.281746954854711e-05,2.296618060682743e-05,2.184656289121046e-05
810.0,0.2048652577599621,0.003373236278307709,0.0009827035271126648,0.0008162783093500295,2.27330659109971e-05,2.28509297820931e-05,2.166663459499496e-05
811.0,0.2048194383414165,0.003924817988325976,0.0009926024726356274,0.0008156706893358545,2.261342322612832e-05,2.287817878585233e-05,2.157220240854662e-05
812.0,0.2042701040664094,0.003923759858975918,0.0009863355509422227,0.000815067344119443,2.249272316034311e-05,2.278769505131445e-05,2.150124610693923e-05
813.0,0.2032056086577789,0.003597895103732392,0.0009785289363306363,0.0008145479173553756,2.251205271625447e-05,2.274218899341192e-05,2.147817538783272e-05
814.0,0.203450786822032,0.003487262349539988,0.0009703221744862072,0.0008140108715075829,2.241212784822638e-05,2.265653567673491e-05,2.143204319551316e-05
815.0,0.2030202807885134,0.003239075408891291,0.000961264426071424,0.0008134861055714626,2.227969833074898e-05,2.256852153683675e-05,2.133828969093564e-05
816.0,0.2032166326760844,0.003658371467453809,0.0009682389801733401,0.0008129821959993691,2.219334395909361e-05,2.252683204701527e-05,2.126072439947936e-05
817.0,0.2044638680459517,0.004392879538614852,0.0009835990929669954,0.0008124383938701415,2.210696251058513e-05,2.255176248627713e-05,2.123592098902778e-05
818.0,0.2041346615023395,0.004442143009866606,0.0009842966702762598,0.0008119556729336659,2.204889878719257e-05,2.252632108208383e-05,2.12204758673066e-05
819.0,0.2058010107997014,0.00405782327357299,0.0009740577048618128,0.0008114100754108189,2.197667610270603e-05,2.247520482239443e-05,2.113391064540923e-05
820.0,0.2062644900247083,0.004002512103018186,0.0009708014500697015,0.0008109352770483064,2.203451574852468e-05,2.254576160475918e-05,2.118047970705283e-05
821.0,0.2056453473952989,0.003680181758998596,0.0009597542319815243,0.0008104476556869492,2.197718853849728e-05,2.247925771383647e-05,2.110686649538599e-05
822.0,0.2046588541389443,0.003754210648701687,0.0009579230776200746,0.000809997383935234,2.178592454983742e-05,2.235114298541311e-05,2.102825520019983e-05
823.0,0.2038944290924237,0.004021252589148478,0.0009576338886627429,0.0008095507312161713,2.168388388073913e-05,2.227634398711668e-05,2.097092375952358e-05
824.0,0.2033718284270172,0.003604696964391101,0.0009456783548197806,0.0008091381874537206,2.15414700399409e-05,2.222304793461065e-05,2.084424485117732e-05
825.0,0.2040564616267942,0.003757670636185774,0.000947014545392376,0.0008087712232076769,2.162910494623567e-05,2.224639936426023e-05,2.094076490297971e-05
826.0,0.2035049055079761,0.003350208057562157,0.0009337803389455721,0.0008084207812316083,2.14035449283041e-05,2.214984206579362e-05,2.088837996111495e-05
827.0,0.2021108200567418,0.003300147884181776,0.0009282892254979891,0.0008080985733792346,2.126056071422499e-05,2.206570690724452e-05,2.077977253163044e-05
828.0,0.2014809567309847,0.003165535657345155,0.0009200098262686422,0.0008077962057630587,2.113250819549853e-05,2.201683174248697e-05,2.068099786736149e-05
829.0,0.2013303822535942,0.003768446109098844,0.0009304585751092576,0.0008074488448699197,2.097576519028057e-05,2.192522936422452e-05,2.072994032540304e-05
830.0,0.2020167271335217,0.003676488421716868,0.0009176093635650561,0.0008071304205946594,2.085514420541263e-05,2.192090714762651e-05,2.070026802265509e-05
831.0,0.2024699434878151,0.003839728193489211,0.0009236964876913852,0.0008068138186782822,2.08042493686332e-05,2.186167460574319e-05,2.071779228015948e-05
832.0,0.2019684474713837,0.003566200720190925,0.0009157208756903633,0.0008065482765216273,2.083404868297455e-05,2.186239446217148e-05,2.076532946259585e-05
833.0,0.2003275316375615,0.003279876832700483,0.00090334592195759,0.0008063164286424755,2.071888340563324e-05,2.172574151399608e-05,2.066911508245767e-05
834.0,0.1995715757357381,0.003141653291947906,0.0008947937954170012,0.0008060590931548793,2.052753607243942e-05,2.158577089682171e-05,2.053493744132743e-05
835.0,0.1985091423686716,0.003279958145420915,0.000889431836468641,0.0008058529246849148,2.047842808358327e-05,2.15682598572016e-05,2.051121575471444e-05
836.0,0.1984585238547489,0.003675109032209201,0.0008956874946255968,0.0008056419883784581,2.036234029229125e-05,2.148373305435859e-05,2.049497987481026e-05
837.0,0.1963627661030012,0.003528592864680591,0.0008856270833063449,0.0008053813873210624,2.023474637471524e-05,2.140320705078123e-05,2.045041241043284e-05
838.0,0.1966454879148234,0.003727057250484408,0.0008890298845701398,0.0008051433283050276,2.010632428423761e-05,2.124193701076269e-05,2.043874192203239e-05
839.0,0.1967634151256797,0.003348877744685788,0.0008817635952627894,0.0008049005387882407,2.006165079774336e-05,2.12087739804549e-05,2.034360857955408e-05
840.0,0.1957146353696461,0.003100763259798545,0.0008690389009357742,0.0008046482638917542,2.003657297977083e-05,2.113168633696274e-05,2.032339478201259e-05
841.0,0.1945686336362397,0.003249571150861632,0.0008693151962342528,0.0008042897150963477,1.994351881749461e-05,2.106199800891183e-05,2.027358907231023e-05
842.0,0.1936764751514818,0.003084815565459016,0.0008573596636997278,0.0008038957365398827,1.979407705902126e-05,2.091433478358377e-05,2.017935327223222e-05
843.0,0.1912809540140267,0.003112881363148284,0.0008510849268372893,0.0008034828798790503,1.970468247311161e-05,2.080913383091794e-05,2.012141264522579e-05
844.0,0.1917635038449568,0.003209848445556803,0.0008466415464427324,0.0008030566119174228,1.965332579867979e-05,2.071058607668839e-05,2.008227052346949e-05
845.0,0.1905977653602572,0.003166008415260576,0.0008457207542401767,0.0008026134276165079,1.96044818865922e-05,2.071965379164526e-05,2.002578817569629e-05
846.0,0.1897419775628827,0.003241823551626598,0.000841483284706468,0.00080220539427625,1.950914489086048e-05,2.059407325455051e-05,1.997261953191519e-05
847.0,0.1898840470682133,0.003020823913366686,0.0008328897094412879,0.0008017496242022186,1.938763905570554e-05,2.056102333070478e-05,1.988171784747745e-05
848.0,0.1901384166756056,0.003019780827040771,0.0008307703477390638,0.0008012679246575234,1.935508533024601e-05,2.052710804098086e-05,1.98101110527337e-05
849.0,0.1899107040633176,0.003024366793865682,0.000828298460019727,0.0008007729842452353,1.936677439847804e-05,2.050922031037214e-05,1.983280631957156e-05
850.0,0.1900566126809376,0.002855706225914606,0.0008197004447036201,0.0008002696922484752,1.930535966907501e-05,2.048176743793465e-05,1.976224018322394e-05
851.0,0.1903248751341685,0.003087666045647341,0.0008192147658672589,0.0007997337594306628,1.914810757412583e-05,2.041311595530258e-05,1.969006744692652e-05
852.0,0.1897450092773195,0.003439760139168761,0.0008258365217341845,0.0007992134633839847,1.915206287698566e-05,2.031452460865651e-05,1.969198180356157e-05
853.0,0.1883400972270106,0.003332336470603565,0.000815708130920832,0.0007987099747872418,1.919320880303448e-05,2.012279643691391e-05,1.96434069440404e-05
854.0,0.1867673150848402,0.002945448858282552,0.0008038330814137695,0.0007982123067651784,1.905993723160376e-05,1.99881603834401e-05,1.956449715467165e-05
855.0,0.1845524463679838,0.002719648802317633,0.0007884879616784622,0.0007976233418352471,1.884549821330254e-05,1.986109929083532e-05,1.938216204613367e-05
856.0,0.1843990733120778,0.002729775311230513,0.0007832099871362874,0.0007970903529190001,1.877991134921246e-05,1.984958083583919e-05,1.93586552788918e-05
857.0,0.1839438505072395,0.003065024269738437,0.0007914125937581519,0.0007964957272539921,1.867556753190341e-05,1.972508807869346e-05,1.934943824004628e-05
858.0,0.1844435391021585,0.003301519741827809,0.0007877180081934771,0.0007958886498923009,1.856493588661542e-05,1.968775874081132e-05,1.920449463095091e-05
859.0,0.1834734389912298,0.003390330918666906,0.0007812897940149027,0.0007952661001322135,1.864064047663773e-05,1.967749596175638e-05,1.916447170624613e-05
860.0,0.1827033891540006,0.003388111101252897,0.0007813004949608476,0.0007947092177872231,1.863384654553304e-05,1.950286445992413e-05,1.911828994458706e-05
861.0,0.1806752849649282,0.002868750439663317,0.0007678610689721972,0.0007940192568097974,1.84408812143462e-05,1.930600902793937e-05,1.895084430755656e-05
862.0,0.1788917162671594,0.002790391938838174,0.0007567271880794474,0.0007933885811195415,1.828849555732234e-05,1.925150457866802e-05,1.886221679859348e-05
863.0,0.1791667000119194,0.002650012781342651,0.0007507211766820277,0.000792688907286277,1.826557109809124e-05,1.918655890677217e-05,1.88389325347384e-05
864.0,0.1779946777861036,0.00285384492289379,0.0007526449661828085,0.0007920137357355442,1.8241397204864e-05,1.906532073599108e-05,1.87683532175117e-05
865.0,0.1774338466669036,0.002921801072887744,0.0007422577681970485,0.0007912536528369521,1.809904830415241e-05,1.892401759425728e-05,1.867266405029083e-05
866.0,0.177325831835467,0.002856021995508849,0.0007405238849435248,0.0007905190893580506,1.803137795618665e-05,1.885917065003912e-05,1.854094359719241e-05
867.0,0.1776789309609158,0.00274309385775572,0.0007303572568553181,0.0007897403546006555,1.804573167796753e-05,1.882982981543762e-05,1.852975661157274e-05
868.0,0.174932075984246,0.002590370746056355,0.0007225711693385444,0.0007889842828721907,1.793237925868982e-05,1.87366377235322e-05,1.846896404016062e-05
869.0,0.1746271625540096,0.002573919678441001,0.0007154599303291049,0.0007881863544041078,1.782435896042218e-05,1.863447684643366e-05,1.836507061340908e-05
870.0,0.1738224076219584,0.002312770725308329,0.0007018693814843663,0.0007873647697555886,1.778300243598815e-05,1.851068729631405e-05,1.830420290958634e-05
871.0,0.1741104982279163,0.002527434013079631,0.000699230334348977,0.000786553545496268,1.772147509456427e-05,1.841173001057239e-05,1.824396877641106e-05
872.0,0.1745542503183746,0.002943230641826194,0.0007084073507804647,0.0007857684915592316,1.78207018267343e-05,1.838925661576286e-05,1.824560022241286e-05
873.0,0.1734528159763983,0.00286296911143042,0.0006918023073631558,0.0007849933243021851,1.778079497489843e-05,1.836588970243989e-05,1.822314211380345e-05
874.0,0.1733919883814472,0.003000780744472921,0.0006972363289925179,0.0007841888095662115,1.772281788388285e-05,1.825943630381135e-05,1.814239600733438e-05
875.0,0.1722901924711532,0.002698963914045318,0.0006878698689637228,0.0007834468289441031,1.762975755030592e-05,1.828312339549618e-05,1.810283031346291e-05
876.0,0.1708059183210857,0.002471250169517148,0.0006752496349570492,0.0007826988802284696,1.754525567963592e-05,1.816749385878821e-05,1.79064023834444e-05
877.0,0.1695975802497526,0.002443694903253532,0.0006693873885185095,0.0007818766566029139,1.748350542904448e-05,1.802358192429461e-05,1.776376054616419e-05
878.0,0.1689697524568008,0.002350693156937252,0.0006594453377054943,0.0007810988477954892,1.74089727669415e-05,1.793983308610118e-05,1.769038268529811e-05
879.0,0.1694712749256255,0.002739754401478274,0.0006635988755161286,0.0007802983000121868,1.735224621599983e-05,1.787716263153378e-05,1.766738788895042e-05
880.0,0.1686843019045653,0.00267409435399415,0.0006514031745126052,0.0007795287798381645,1.739550721076619e-05,1.783162899458198e-05,1.759891738265851e-05
881.0,0.1684369327079342,0.002896030880604184,0.0006565579820598357,0.0007787422955491636,1.735322412629633e-05,1.776030293521163e-05,1.760122033618049e-05
882.0,0.1685732368443162,0.002323288845485128,0.0006370483598311114,0.0007779734033225785,1.722576527454492e-05,1.767169437102001e-05,1.737493758113583e-05
883.0,0.1684327211130708,0.002370787140206579,0.0006330726074981077,0.0007772344968213739,1.722969353914197e-05,1.770160582879465e-05,1.736952610351488e-05
884.0,0.1681948992912281,0.002246449754492078,0.0006262669875528102,0.0007764477405124915,1.715165688775637e-05,1.766226173037031e-05,1.731053960351918e-05
885.0,0.166732769629231,0.002258410468029848,0.0006230259979462679,0.0007756459527375809,1.70837079973863e-05,1.761451723510476e-05,1.721283340027732e-05
886.0,0.1664099359160876,0.00217119353150505,0.0006150779234441008,0.000774894417058694,1.702741212595172e-05,1.755153583435034e-05,1.708221247310308e-05
887.0,0.1658102182545524,0.002586808071726062,0.0006221929750249625,0.0007741699560804142,1.699788426297207e-05,1.745714047564566e-05,1.703800882528073e-05
888.0,0.1662417660259906,0.00266331093581424,0.0006171382856237173,0.0007734442414065137,1.693335356196588e-05,1.73928644458627e-05,1.693898219483164e-05
889.0,0.1663746374180949,0.002159743103179893,0.0006039283226883257,0.0007726720769457849,1.684717137717716e-05,1.735409327851948e-05,1.68171321092436e-05
890.0,0.1647348328069554,0.002166023426493869,0.000597986438888686,0.0007720728974281875,1.687713123315935e-05,1.739928522943196e-05,1.675418874113291e-05
891.0,0.164356146763849,0.001937136565659315,0.0005879091533115848,0.000771415503174675,1.674256639786847e-05,1.725712775077424e-05,1.664095810187028e-05
892.0,0.1636878122252848,0.002079460902684748,0.0005873758798544593,0.0007707871687512201,1.666452404574867e-05,1.722124605491788e-05,1.655540762376823e-05
893.0,0.1640006261371723,0.001948797313824068,0.0005797344530441368,0.0007700996248129695,1.657555046523242e-05,1.717012422413773e-05,1.639696935510951e-05
894.0,0.1646932727683388,0.002427160120033156,0.0005875653388112824,0.0007694353019061812,1.663793765931423e-05,1.715824034642964e-05,1.64274197291631e-05
895.0,0.1648570004194129,0.002496895336940976,0.0005827152612211766,0.0007688127154483519,1.667332273503235e-05,1.713595477828941e-05,1.643446430329614e-05
896.0,0.1651445879124587,0.001988650035211076,0.0005684887160472694,0.0007681372735167431,1.653229550841865e-05,1.709851514089502e-05,1.621135788867512e-05
897.0,0.1648874444801947,0.002266154876202939,0.0005687985104296991,0.0007675081393515662,1.655711470936089e-05,1.712653044690055e-05,1.620712269332789e-05
898.0,0.164481425210053,0.002245464209579861,0.0005646206751673072,0.0007669090665170407,1.660464516729374e-05,1.704693848309783e-05,1.616374701273907e-05
899.0,0.1640034724703241,0.001952563433364881,0.0005528539824152931,0.0007662553329657357,1.652108496206017e-05,1.698336411519436e-05,1.608061729767751e-05
900.0,0.1642109018573629,0.001877036732108683,0.0005476677854969082,0.0007656291658417027,1.646838671540375e-05,1.697162731124458e-05,1.593021439055152e-05
901.0,0.164292729245178,0.002247569462271691,0.0005545993156556808,0.0007650388036669624,1.645117536737243e-05,1.697724823974105e-05,1.59291154947477e-05
902.0,0.1647691898487059,0.002308555110706437,0.0005511779129511792,0.0007644160449605577,1.647449500336006e-05,1.693792685369846e-05,1.589447269759968e-05
903.0,0.1641576600987614,0.002210795697544675,0.0005429956171727904,0.0007637939303846129,1.642551582130332e-05,1.690437267740489e-05,1.575389918341413e-05
904.0,0.1641026941680977,0.002069979052856621,0.0005362775946304243,0.0007631839760948659,1.640563357219045e-05,1.687873317468686e-05,1.572823470071266e-05
905.0,0.1626747087935426,0.001973670112528203,0.000531081195253711,0.0007626461712179806,1.630230999614883e-05,1.675995986990347e-05,1.565780306062967e-05
906.0,0.1632750404431947,0.002117675328963368,0.0005337242869982273,0.0007620159403555644,1.628999304658659e-05,1.672546905515543e-05,1.564246261548151e-05
907.0,0.1637368584308811,0.00202836246383159,0.0005303168890113529,0.0007613462414406084,1.627368436452522e-05,1.672004449853205e-05,1.556971834650184e-05
908.0,0.1640958209980414,0.001930166674955886,0.0005243165721581447,0.0007607934542846163,1.625225387334651e-05,1.674403667803149e-05,1.561700107877755e-05
909.0,0.1659802955542314,0.001798995934975528,0.0005200324759981943,0.0007602602104088049,1.62950830728579e-05,1.677680135649038e-05,1.570468183808152e-05
910.0,0.1666090234912237,0.001799988931446002,0.0005153381139649434,0.0007596067948864009,1.631581444908938e-05,1.682190536350197e-05,1.563499042269445e-05
911.0,0.1662594737634104,0.001857665584829766,0.0005161567097852458,0.0007589861907428162,1.630495533289751e-05,1.678366964170965e-05,1.558615268279957e-05
912.0,0.1675734998805636,0.002226707300530728,0.0005238759030904834,0.0007583914127764722,1.628258161271175e-05,1.67386276720363e-05,1.563748472939153e-05
913.0,0.1675304026691118,0.002421415769963895,0.0005276657106877931,0.0007577943428811361,1.628412903631426e-05,1.670102953036933e-05,1.563350321304591e-05
914.0,0.1677072152414831,0.002422236326605289,0.0005254129645004396,0.0007572278192628004,1.632785911744323e-05,1.671741534122296e-05,1.562214547136676e-05
915.0,0.1688045992891612,0.002604833936777548,0.000524114832466063,0.0007566598426351983,1.629870354230073e-05,1.673835418826113e-05,1.565932664978641e-05
916.0,0.1685425540678153,0.002275488576889595,0.0005161761990066159,0.0007560445973523564,1.626423599268541e-05,1.666568114950814e-05,1.560870297567422e-05
917.0,0.1679670771338388,0.002419782780669692,0.000515674023254296,0.0007554572948998582,1.619450071416228e-05,1.661219809995207e-05,1.563792773504692e-05
918.0,0.1677672025054059,0.002654167130957806,0.0005241849279215528,0.0007549255661339668,1.62745913748709e-05,1.662476110362778e-05,1.567862520144416e-05
919.0,0.1675982005743257,0.002128687523001719,0.0005079034759920086,0.0007543482936744188,1.615696275578869e-05,1.658063489159875e-05,1.567045662627399e-05
920.0,0.1670734241880401,0.002414423467995103,0.0005118717540680681,0.0007536617427934944,1.602067893576444e-05,1.652549989780115e-05,1.558881946901958e-05
921.0,0.1673719731959326,0.002395625181143078,0.0005133403046786706,0.0007530641805843105,1.609113700117329e-05,1.653251773058147e-05,1.574146549681993e-05
922.0,0.1686450945534808,0.002165464483297909,0.0005075100434968143,0.0007524250726141833,1.611105851032751e-05,1.651617695016699e-05,1.576043348528632e-05
923.0,0.1683473084532306,0.002259888627527198,0.0005149174233987721,0.0007517994710796998,1.610997668204273e-05,1.650151110285979e-05,1.587343498453741e-05
924.0,0.1674136113351421,0.002201325211959848,0.0005106179761599542,0.0007510739842361825,1.597000023434115e-05,1.64341428124434e-05,1.576863174895962e-05
925.0,0.1665410433061198,0.002136391991928951,0.0005080954701608265,0.0007504250727090081,1.590480080894995e-05,1.64184584301135e-05,1.574443091009886e-05
926.0,0.166803609579432,0.002291466823170278,0.0005142787816717388,0.0007498077698067869,1.583220729066983e-05,1.640285257029796e-05,1.573935943773872e-05
927.0,0.1660474430355409,0.001929156364041977,0.0005053257193576783,0.0007490968656665478,1.572880538647324e-05,1.635069289113198e-05,1.567226637556373e-05
928.0,0.1643925751988933,0.001970729236792364,0.0005090303487497557,0.0007484031177417995,1.572841697033945e-05,1.632469455263959e-05,1.569369511326936e-05
929.0,0.1668440855508496,0.002187026560534455,0.000515277157671185,0.0007476520188913294,1.573338193877247e-05,1.633500304701527e-05,1.570878439629582e-05
930.0,0.1677422592732575,0.00215862138610258,0.0005150982497698336,0.000746906469102374,1.56989423468678e-05,1.63341028564445e-05,1.578874074249477e-05
931.0,0.1678997082353724,0.002186995771848583,0.0005138641519595482,0.0007462286569515197,1.577129463445684e-05,1.635481516122409e-05,1.583759225501602e-05
932.0,0.1670830805208145,0.002277746333464455,0.0005155524696583883,0.0007455090474104013,1.5748618610661e-05,1.634964313875944e-05,1.580403770148091e-05
933.0,0.1671408155648521,0.001949807264349547,0.0005102269160137417,0.0007447783400540596,1.565999878963194e-05,1.634464384286745e-05,1.580087220059587e-05
934.0,0.1662858491922789,0.002196304063854665,0.0005158756191825276,0.000744057276239322,1.557793658811554e-05,1.628393138234929e-05,1.57926527353971e-05
935.0,0.1659840274727863,0.002090419702001662,0.0005160936982048199,0.0007433142669463739,1.555893955353603e-05,1.626445776093895e-05,1.576189940445044e-05
936.0,0.1648911797293681,0.002223030464250074,0.0005204437611020602,0.0007425705789951714,1.561005579221309e-05,1.617414928378933e-05,1.578697326370453e-05
937.0,0.1664435983641726,0.002473466202043037,0.000523905120171014,0.0007417629233012813,1.557742235928796e-05,1.62319760579118e-05,1.57984964166429e-05
938.0,0.1675902307774438,0.002391138227974188,0.0005264688886964348,0.0007412168245027698,1.565172685162509e-05,1.631984573313453e-05,1.590577359584633e-05
939.0,0.1694002344017495,0.002444476577269102,0.0005314041844656925,0.0007403876402232403,1.581792308483834e-05,1.65172605043143e-05,1.609930862928089e-05
940.0,0.1670668445784121,0.002344339070878326,0.0005319669281837882,0.0007396220473879252,1.575943231734848e-05,1.636830564244685e-05,1.595135704089462e-05
941.0,0.1669172979188759,0.002186833995881068,0.0005251014868097059,0.0007389150245863556,1.569004470931785e-05,1.632654686020074e-05,1.588663524255435e-05
942.0,0.1666012223567795,0.002086550597460311,0.0005259662386284687,0.0007382245883653702,1.565016908823418e-05,1.626470011740724e-05,1.593240045516999e-05
943.0,0.166463148042555,0.002366020954690799,0.0005335322312738547,0.0007375894674467347,1.561033938667201e-05,1.620935347441924e-05,1.589927935503424e-05
944.0,0.1661196200725123,0.002405550118755044,0.0005374185683821678,0.0007369038154725874,1.557503815354219e-05,1.615120471347186e-05,1.589599227966946e-05
945.0,0.165539171187715,0.002220744407151421,0.0005319648711456581,0.0007362573676222594,1.553967722121864e-05,1.618886087406621e-05,1.589442348930671e-05
946.0,0.1653434846793937,0.002432318439459897,0.0005382654946154864,0.0007356219774305949,1.556167111710515e-05,1.618376451439982e-05,1.581090829107795e-05
947.0,0.1654876886633686,0.002483491671536562,0.000546973106449507,0.0007350211119351542,1.560656365797711e-05,1.616116938561075e-05,1.581911622906869e-05
948.0,0.1649107724433343,0.0024337109781754,0.0005436824839446077,0.0007344319943904863,1.55906611855054e-05,1.609517066934024e-05,1.578423716386041e-05
949.0,0.1643354562411051,0.002550357734801944,0.0005493106076611462,0.0007338667278289783,1.559283474572358e-05,1.607913298371347e-05,1.578180659677765e-05
950.0,0.1646676326389279,0.002445495619179245,0.0005476240435910067,0.0007332634159982361,1.56091104385756e-05,1.603321331759914e-05,1.575860421614612e-05
951.0,0.1650573552331643,0.002379976855383641,0.0005481127433882863,0.0007327769462816069,1.567006096828172e-05,1.60227783195438e-05,1.579505105664533e-05
952.0,0.1661847929521507,0.002370367857853987,0.000557656711541047,0.0007321897440612825,1.568497828182593e-05,1.602272005219655e-05,1.581597830397711e-05
953.0,0.1660010856906264,0.002818319683457143,0.0005634005742851156,0.0007317130280331158,1.570950321833377e-05,1.608461442639631e-05,1.574988115687852e-05
954.0,0.1657057534191386,0.002794206207896426,0.0005635985467995373,0.0007312629196486134,1.574883553111138e-05,1.609809965357702e-05,1.581525070300719e-05
955.0,0.1660463980157602,0.002647314925539701,0.0005612088400849701,0.0007308699184487112,1.575136280823843e-05,1.610844828914531e-05,1.577151487345234e-05
956.0,0.165519402391886,0.002349204078034033,0.0005590083773234606,0.0007304280708893681,1.568559663640455e-05,1.600774591061336e-05,1.568896526329889e-05
957.0,0.1653831896573234,0.00239889119028527,0.0005613097749844136,0.0007300293860859653,1.570466358024925e-05,1.603354590597868e-05,1.566574201506961e-05
958.0,0.1656430540018006,0.002574318370113871,0.0005724277432131407,0.0007296629043003921,1.580412686029485e-05,1.603542701051759e-05,1.570666160353553e-05
959.0,0.1659454882536243,0.00257116412895751,0.0005750795451474181,0.0007293081961968848,1.577994068060668e-05,1.595677431689249e-05,1.566073865373178e-05
960.0,0.1648145329376817,0.002317953250870283,0.0005657176138284532,0.0007290252106772665,1.575640852081512e-05,1.59261367647658e-05,1.560183524069316e-05
961.0,0.1653044179108035,0.002322006169937931,0.0005731041417651103,0.0007287064574935648,1.579934597218696e-05,1.591429678103879e-05,1.555152011138299e-05
962.0,0.1653751850839838,0.00291122010796045,0.0005883917177503656,0.0007283690570426683,1.583177737865719e-05,1.588850299802476e-05,1.549953622263505e-05
963.0,0.1659581409844829,0.002808003542176756,0.0005851822809535107,0.0007281076076444589,1.588103413732415e-05,1.588122429300495e-05,1.560137448666161e-05
964.0,0.1661277078275129,0.00244028847497962,0.0005858721067318687,0.0007278704907526991,1.588445084852448e-05,1.583805203642081e-05,1.557866665321669e-05
965.0,0.1646984976418274,0.002601081125857378,0.000582947994123943,0.0007276322505830006,1.580944941866984e-05,1.5786971909777e-05,1.549586960781677e-05
966.0,0.1653221327901684,0.002350641149728341,0.0005822845386490432,0.0007273613916115407,1.581472603751579e-05,1.577162277138739e-05,1.541483233187958e-05
967.0,0.1659027792329842,0.002421898994349199,0.0005886322636200324,0.0007271446871657366,1.585983261777761e-05,1.579854928930205e-05,1.549146157886046e-05
968.0,0.167157114802289,0.002680261092407241,0.0005988015766089956,0.0007270085749625177,1.590926964294587e-05,1.58727916274574e-05,1.553078627085332e-05
969.0,0.1666665813422397,0.002740753216363755,0.0006067767468012335,0.0007268577634202888,1.594527077790382e-05,1.580464374559683e-05,1.551038700801291e-05
970.0,0.1660180395005867,0.00237710009891785,0.000598275777362432,0.0007266638465745557,1.586452990364248e-05,1.574243120998484e-05,1.540108100914278e-05
971.0,0.1664929231901076,0.002492220542337354,0.0006018407271352387,0.000726570550525187,1.587026828746862e-05,1.57553682105021e-05,1.541520761492102e-05
972.0,0.1673032482415623,0.00266074176394418,0.0006071891081826363,0.0007265317336759622,1.599496803251698e-05,1.574076189727374e-05,1.548527782354332e-05
973.0,0.1668138611626975,0.002852585159669943,0.000604357767684645,0.0007264236463230702,1.59289584053375e-05,1.572168222269396e-05,1.537935674335993e-05
974.0,0.1645530858183634,0.00292241618567151,0.0006038649051421439,0.0007263884096256867,1.587315979728882e-05,1.571764928531818e-05,1.536743713179311e-05
975.0,0.1654443626505341,0.002614986465780074,0.0006059718996795505,0.000726362425700336,1.583454209334907e-05,1.567345407525482e-05,1.531823433466285e-05
976.0,0.1644499845892292,0.002844863766770531,0.0006131765932251663,0.0007264307686936928,1.58356107598258e-05,1.566667109432159e-05,1.53590153706614e-05
977.0,0.1647047017534104,0.00234285607814735,0.0006014487765926385,0.0007264095196366668,1.574588246447794e-05,1.551052255552312e-05,1.521223252145468e-05
978.0,0.1645134427941056,0.00272138430725958,0.0006128110496140899,0.0007264240125743544,1.573268155558962e-05,1.5518725196848e-05,1.526572874054741e-05
979.0,0.1639394703593892,0.002603565957169449,0.0006148198391790216,0.0007265145754946615,1.568019376907071e-05,1.546848460094417e-05,1.528985013247766e-05
980.0,0.1638130541455927,0.002257027631564173,0.0006036710050240898,0.0007265497023760722,1.565470571706431e-05,1.544699361640767e-05,1.513801368706649e-05
981.0,0.1627833544187933,0.002251746557348178,0.0006029857172644579,0.000726645142322365,1.564950920521621e-05,1.543272995759314e-05,1.518627801461895e-05
982.0,0.1627578088508504,0.002476107124000524,0.0006076311757872278,0.0007267517097665074,1.562371965492525e-05,1.534226836546694e-05,1.521732066483416e-05
983.0,0.1630500385883782,0.002414510812317285,0.0006057591800430603,0.0007268651369687874,1.55455824116874e-05,1.529126430151435e-05,1.515421779504978e-05
984.0,0.1618771176771365,0.002896285100628508,0.0006112452501447718,0.0007270381022331307,1.555812821108352e-05,1.532614695641164e-05,1.514114874281051e-05
985.0,0.1613422876820551,0.002653205134525573,0.0006013398752711454,0.0007272014675587821,1.547608714666037e-05,1.5287020444871e-05,1.518604717495929e-05
986.0,0.1608856185338449,0.002233233123890472,0.0005935495299440863,0.0007273573093402717,1.544323041043889e-05,1.525525745513777e-05,1.512731801372021e-05
987.0,0.1595309152087183,0.002407071966202772,0.000593821298598621,0.0007275709977121917,1.540966690039788e-05,1.52460131626848e-05,1.505520100196271e-05
988.0,0.1597824331183173,0.002504430430815471,0.0005999234073358018,0.0007277394864381498,1.540085159344212e-05,1.516052179323956e-05,1.50779364479004e-05
989.0,0.1594121686091425,0.002937007699448469,0.0006049315398805902,0.000727881705617699,1.534886525724115e-05,1.509607227576772e-05,1.506001077656216e-05
990.0,0.1594362429535746,0.002712395551057718,0.0006009511551732474,0.0007280060109159398,1.531305737272109e-05,1.506695490463924e-05,1.502520855611278e-05
991.0,0.1591810804858056,0.002465882169483654,0.0005938292944715427,0.0007282005265835184,1.52700085547085e-05,1.503186498342275e-05,1.510881070175283e-05
992.0,0.1599945222538821,0.002218288522593357,0.0005864168156238205,0.000728345436476966,1.526580334195451e-05,1.501147759743426e-05,1.505849137331581e-05
993.0,0.1598603258620445,0.002185856996659602,0.0005869376933918711,0.0007285307492194004,1.525777086382968e-05,1.500560522579328e-05,1.516689648300682e-05
994.0,0.1603097501131972,0.002050294237351076,0.0005812144692653945,0.0007286694842324245,1.526760134466714e-05,1.495936337312898e-05,1.51391674395485e-05
995.0,0.1608713431392539,0.002602183926564004,0.0005958757205983283,0.0007288745479766905,1.53131364995024e-05,1.497888460390267e-05,1.517930586429474e-05
996.0,0.1621082606627236,0.002736545340843991,0.0005885248419176183,0.0007290742303562783,1.528969152031428e-05,1.490291452187589e-05,1.512074277663845e-05
997.0,0.1609149022416948,0.002854727872134857,0.0005895946018199,0.0007292720612227991,1.527861509444788e-05,1.487314820955473e-05,1.515487803701468e-05
998.0,0.1611814258084392,0.002533712920170735,0.0005817725550389427,0.0007294315836449004,1.526769654906886e-05,1.479358695952087e-05,1.510660739140658e-05
999.0,0.1631669777481734,0.002898621675368947,0.0005895599552073864,0.0007296391466149369,1.519946542208221e-05,1.481296910589632e-05,1.508014159019632e-05
1000.0,0.1626994304248196,0.003072762937046699,0.0005788156869209783,0.0007298459775588503,1.51387152013028e-05,1.486415083785885e-05,1.504891824225825e-05
1001.0,0.1628900314834129,0.003549791115328809,0.0005905951554669701,0.0007301044545398955,1.547760645169169e-05,1.507478662432345e-05,1.533973845153923e-05
1002.0,0.1627398373160498,0.003987987582094911,0.0005986134198903702,0.0007302853011470348,1.542426969898475e-05,1.484014084727549e-05,1.535349192345479e-05
1003.0,0.1631976292485092,0.002694929969229638,0.0005786499013665734,0.0007307236781504499,1.53043630508186e-05,1.484325545976818e-05,1.523776801525249e-05
1004.0,0.1635062639128993,0.002771564553749585,0.0005765894194528193,0.0007308916926989019,1.551466533564477e-05,1.502371641894735e-05,1.547535126673468e-05
1005.0,0.159302947773771,0.002572321488436891,0.0005666354141928617,0.0007311585155553343,1.535790584593621e-05,1.472645889053315e-05,1.529429100698882e-05
1006.0,0.1587594817117915,0.002666923044491662,0.0005677562111999426,0.0007313782339082471,1.521724464149126e-05,1.459421304137288e-05,1.522443385555227e-05
1007.0,0.1580476328490801,0.002654951208030636,0.0005641479025870176,0.0007316540689214716,1.510390526934345e-05,1.454219633947873e-05,1.515308927587172e-05
1008.0,0.1562563744625277,0.00251423323537366,0.0005600451445303828,0.0007319632167783676,1.50671533761192e-05,1.449256874394656e-05,1.519289458537769e-05
1009.0,0.1551129440351748,0.002167893743825686,0.0005485602837269965,0.0007322279312646507,1.498202549589635e-05,1.433790496400131e-05,1.512030569288179e-05
1010.0,0.153115715904656,0.002604080817055275,0.0005541187853324549,0.0007325322833448409,1.497951729028705e-05,1.426565606414895e-05,1.50748339260773e-05
1011.0,0.1531142573516469,0.002440549178380188,0.0005460948969825305,0.0007328735725748909,1.490150351570814e-05,1.417528299900099e-05,1.505014372788031e-05
1012.0,0.1529571425660575,0.002490946536160241,0.0005463664285617025,0.0007332016363969521,1.492765295329708e-05,1.414302630881322e-05,1.505339098364637e-05
1013.0,0.1530484618753239,0.002527847986201565,0.0005412736337684702,0.000733547392088897,1.498879220712996e-05,1.410185619407112e-05,1.507724887489123e-05
1014.0,0.1521399387935096,0.002368494882372529,0.0005431451574296881,0.000733938032486254,1.490414946348792e-05,1.40109334520193e-05,1.511167456166535e-05
1015.0,0.1517913685560189,0.002061193883908523,0.0005365824906899422,0.0007343096381246759,1.483054541726277e-05,1.396112791522586e-05,1.50724600567327e-05
1016.0,0.1499734626948434,0.002329976788258248,0.0005379259136191103,0.0007346812033021258,1.485920713447719e-05,1.391587445391806e-05,1.507353981886012e-05
1017.0,0.1504129711283283,0.002460461533785945,0.0005434594669499509,0.00073507321589641,1.487045831132137e-05,1.387344669940878e-05,1.515151083762024e-05
1018.0,0.1509015678947967,0.002478550544674642,0.0005391113877658026,0.000735501911008435,1.489516724158168e-05,1.394362458329662e-05,1.512383992557881e-05
1019.0,0.1511575947488008,0.002325310570777756,0.0005345256618978392,0.0007359750822283911,1.492092382135786e-05,1.387229488250375e-05,1.51732677163859e-05
1020.0,0.1535295123444552,0.002525498689064264,0.0005388516592798119,0.0007364473322962551,1.495480474265782e-05,1.388491769030945e-05,1.522147045320082e-05
1021.0,0.1515610421498315,0.002227015416432956,0.0005307201629555283,0.0007370042026242754,1.496760101413639e-05,1.388763833502786e-05,1.5284008011553e-05
1022.0,0.1505557251843918,0.002695677158885027,0.0005392076088515786,0.0007375648521038477,1.489711977764698e-05,1.380647591249122e-05,1.521474183983873e-05
1023.0,0.1498438243684702,0.002562849805001328,0.0005365976351101895,0.0007381233422157229,1.480963588886252e-05,1.377631031686159e-05,1.519720714917715e-05
1024.0,0.1500008676747099,0.002135009847293799,0.0005261287778505725,0.0007386904294620292,1.48140791509013e-05,1.376002300788837e-05,1.519336789320557e-05
1025.0,0.149584728145949,0.002123241661109253,0.000525389532835912,0.0007393466984546538,1.481891139585516e-05,1.375966144220618e-05,1.520163064742474e-05
1026.0,0.1502304412038791,0.002319674437775402,0.0005292283351034967,0.0007399978936260684,1.479018625970441e-05,1.375748023473621e-05,1.520271813231417e-05
1027.0,0.1501398253052,0.002050818495647512,0.0005180514445708855,0.0007406482663418341,1.481391247171892e-05,1.37609717589682e-05,1.518240352107222e-05
1028.0,0.1514452501159566,0.00272392270908313,0.0005334901059386352,0.0007413084793864739,1.482154011131409e-05,1.372949465269622e-05,1.525936801788035e-05
1029.0,0.1519785538406021,0.002629372563298757,0.0005303941863852852,0.0007420573135331325,1.489804974814173e-05,1.380506187434653e-05,1.531834733876289e-05
1030.0,0.1517196923904924,0.002543182656696312,0.0005284036627566268,0.0007428308894922279,1.491870159327026e-05,1.373323067762405e-05,1.531422290699287e-05
1031.0,0.1514967296458122,0.002385766131656117,0.0005277508619580335,0.0007436008950937557,1.489451913237711e-05,1.368526081244322e-05,1.530281298505505e-05
1032.0,0.1512779206805339,0.002448259142837659,0.0005272169020728888,0.0007443822451683336,1.483269738684412e-05,1.372799306301578e-05,1.527412335417543e-05
1033.0,0.1518456068684247,0.002352565489168238,0.0005253818350503957,0.0007451442490005386,1.483717150206104e-05,1.373694337916043e-05,1.530315993263426e-05
1034.0,0.1520482150274726,0.002472908841307058,0.0005251452875407338,0.0007459361353849629,1.484088798373771e-05,1.37233096081642e-05,1.525776088801886e-05
1035.0,0.1532360398521993,0.002352388505009189,0.0005200964999845016,0.0007467957214374316,1.482474338729965e-05,1.373980968777862e-05,1.527844509501236e-05
1036.0,0.1544594746508721,0.002683622360680688,0.0005380024727005548,0.000747636587989065,1.488342062697485e-05,1.382535359808232e-05,1.532244141823829e-05
1037.0,0.1537667292219241,0.002228928466866092,0.000522071244468238,0.0007484872112276086,1.476720141264827e-05,1.380247112360324e-05,1.528149480790588e-05
1038.0,0.1530557058365292,0.002686824147775805,0.0005350166453510301,0.0007494360166966674,1.482946080848265e-05,1.376661347299094e-05,1.535268646170928e-05
1039.0,0.1536903519463312,0.00232094652305412,0.0005227428691051451,0.0007503398097038029,1.4766737674882e-05,1.37300459757668e-05,1.525132291554681e-05
1040.0,0.1538791271602094,0.002601158302118821,0.0005307447731852194,0.0007512112536634002,1.477242634399372e-05,1.37076551427408e-05,1.522114942206384e-05
1041.0,0.1553186804867391,0.002318836149842122,0.000530755481901449,0.0007520785071288595,1.481308132004328e-05,1.370407638045402e-05,1.524485069277487e-05
1042.0,0.1551470262529145,0.002643014611730741,0.0005381992332030121,0.0007529668151431039,1.483322547538248e-05,1.364413142953308e-05,1.528434669755713e-05
1043.0,0.1562286097209966,0.002454894483649759,0.0005329539823527451,0.0007538920380136946,1.485218012052993e-05,1.3676326541596e-05,1.521894599137646e-05
1044.0,0.1574731768907823,0.002702077839727148,0.0005388993951418072,0.0007547587623331571,1.480420399214467e-05,1.370448008352367e-05,1.523331414136798e-05
1045.0,0.157527874709973,0.002428501274577083,0.0005340454345504023,0.0007556705659763445,1.485375829539283e-05,1.36921768061894e-05,1.521744590068777e-05
1046.0,0.1577785194629887,0.002522446271383887,0.0005361524158894242,0.0007565960547704753,1.494714939917257e-05,1.365600599199262e-05,1.524929110651088e-05
1047.0,0.1583109619908912,0.002617757889924143,0.0005404379169555285,0.0007574859398870844,1.490900245893256e-05,1.362853853659232e-05,1.513900346883135e-05
1048.0,0.1576381802351657,0.002626068359817542,0.0005450687432037747,0.0007583835630594845,1.48542904948396e-05,1.361588931072878e-05,1.513606401479571e-05
1049.0,0.1575450809070512,0.002202705705992756,0.0005378984210148042,0.0007592269832076666,1.483779667853118e-05,1.359857760961684e-05,1.508160462981218e-05
1050.0,0.1575666557214601,0.00250449695759595,0.000543655883121353,0.0007600936684370471,1.483148264637355e-05,1.355965967943122e-05,1.507726389394412e-05
1051.0,0.1567649542803073,0.0023684200107221,0.0005397874661766063,0.0007610487966931629,1.480172450274188e-05,1.351923184306069e-05,1.499493949633645e-05
1052.0,0.1568276583850993,0.002396748001234951,0.0005385758080046788,0.0007619398944533782,1.476013350539782e-05,1.348970353803326e-05,1.491402235876277e-05
1053.0,0.1559309450414991,0.002414098363978597,0.0005399530395776761,0.000762860391881941,1.476613638707922e-05,1.34638758907592e-05,1.490868294858198e-05
1054.0,0.1569794448347201,0.002749151358435372,0.0005475003708721792,0.000763736812149043,1.475274114517479e-05,1.340435956249067e-05,1.489138733455846e-05
1055.0,0.1558548845227947,0.002448506553104053,0.000542128189925923,0.0007646885489420777,1.473846020667333e-05,1.332935157237012e-05,1.490812569899163e-05
1056.0,0.1567355583040273,0.002676312592355899,0.0005452649120534964,0.0007655742306917889,1.470617014649228e-05,1.331438331360378e-05,1.483894363541041e-05
1057.0,0.1574611783357325,0.002531785783647656,0.0005447255474470199,0.0007665010736621644,1.469390509736254e-05,1.337077570140802e-05,1.489089609543647e-05
1058.0,0.1567565284952293,0.002727361236132445,0.0005471775369631556,0.0007674002198824362,1.472791251147358e-05,1.329495824767332e-05,1.486305887468094e-05
1059.0,0.1570122715798036,0.00247259220453637,0.0005418740137741741,0.0007683230005054686,1.467408481694972e-05,1.321848955567729e-05,1.481210648782789e-05
1060.0,0.1563470578014318,0.00236357941116835,0.0005392420270726374,0.0007692256514471081,1.463118315895075e-05,1.315980943207894e-05,1.478153681151598e-05
1061.0,0.1563546972201715,0.002694635496266799,0.0005452686694804588,0.0007701630143946448,1.46275717687081e-05,1.317401997003563e-05,1.479614071332796e-05
1062.0,0.156682101378351,0.002601062329855592,0.0005424795595802514,0.0007710076435311537,1.458349296081356e-05,1.318123023272011e-05,1.473523256289384e-05
1063.0,0.1559191481239371,0.002628958071828032,0.0005447967106279933,0.00077197047208666,1.456943438394353e-05,1.311342518077705e-05,1.475432268311991e-05
1064.0,0.1545137011984146,0.002414158812713289,0.0005362551441720541,0.0007728748551499353,1.44967591893111e-05,1.304490524592806e-05,1.469149982172225e-05
1065.0,0.1538752856182416,0.002440609869313878,0.0005358621926907821,0.000773784097806815,1.443379442210485e-05,1.298692931482063e-05,1.463273931723551e-05
1066.0,0.1539210053370674,0.002353542361429363,0.000533694818718177,0.0007745874924747416,1.435427218716526e-05,1.298175219156176e-05,1.451000946867421e-05
1067.0,0.1523010005349562,0.002578914325111377,0.0005353622249249206,0.0007754328223630144,1.43358689381066e-05,1.295262526377771e-05,1.44944198078966e-05
1068.0,0.1525641743633003,0.002317975017403701,0.0005231077663610056,0.0007762326036270669,1.426847699459932e-05,1.287614053691246e-05,1.446265714630204e-05
1069.0,0.1518586619253685,0.002452501382651218,0.0005274054465466681,0.0007770280655112203,1.423294762052081e-05,1.280211804321891e-05,1.447822929234329e-05
1070.0,0.1513694402689391,0.002343263776619463,0.0005202887841773289,0.0007777870231992881,1.414924075293628e-05,1.27444545379272e-05,1.443187675503852e-05
1071.0,0.150766198271193,0.002394896463863167,0.000518464873195122,0.0007785718276081986,1.411044715250366e-05,1.270160668754413e-05,1.438907532996054e-05
1072.0,0.1513226459538239,0.002312954334947944,0.0005135860034728865,0.0007793475284848208,1.405936375448539e-05,1.270247423024624e-05,1.438697064907753e-05
1073.0,0.1512934128125602,0.002698203165398732,0.0005214873599775807,0.0007801141706642804,1.406429152598172e-05,1.267927131161765e-05,1.437527523105831e-05
1074.0,0.1515172337310412,0.002702974128997231,0.0005204811185498814,0.0007808327052432774,1.402391960423058e-05,1.262691995780421e-05,1.434434180424479e-05
1075.0,0.1504663509519426,0.002680018131852481,0.0005169138412693192,0.0007816100296051375,1.405458422315138e-05,1.257941102400649e-05,1.436494659831191e-05
1076.0,0.1503728580593421,0.002411878373900054,0.0004999501674552523,0.0007823031289152494,1.396459834558167e-05,1.259607593487611e-05,1.426167014549491e-05
1077.0,0.1504685402385503,0.002474613648595483,0.0005009769129339821,0.0007829890590068612,1.399738327549349e-05,1.258586389695505e-05,1.428474046603761e-05
1078.0,0.1496314740003902,0.002102122091150572,0.0004921129349237105,0.0007836400157831006,1.398758847231678e-05,1.255013983494271e-05,1.424047213602771e-05
1079.0,0.1492739115259626,0.002408691729596385,0.0004929250485910276,0.0007843519705870708,1.395521189138646e-05,1.251388794126805e-05,1.425577465576439e-05
1080.0,0.1483146083992122,0.002217442118530413,0.0004879376235611526,0.0007849979912460358,1.38617041708343e-05,1.240493149607232e-05,1.421699148919671e-05
1081.0,0.1472067154758664,0.00225071801700884,0.0004818255427669105,0.0007857006438180558,1.383391585907207e-05,1.237376408580293e-05,1.413489004417006e-05
1082.0,0.1480844141215492,0.002248104623938512,0.0004771507944169582,0.0007863050253940296,1.383565583475471e-05,1.233146427913438e-05,1.4116602108996e-05
1083.0,0.1461485882488827,0.002188302597431124,0.0004741464176588487,0.0007869734064966144,1.374953244576676e-05,1.226457668886217e-05,1.406154069474648e-05
1084.0,0.1461379505724247,0.002043137965669736,0.0004621994426372076,0.00078759597808411,1.367151600923289e-05,1.224247181512631e-05,1.402341550739386e-05
1085.0,0.1456709146543925,0.002129835281855353,0.0004631469533882375,0.000788211132091186,1.37481769494369e-05,1.21986935613178e-05,1.405166753248656e-05
1086.0,0.146225309156726,0.001939289083720816,0.0004527346843323549,0.0007887977056612976,1.37248986829211e-05,1.217850734764505e-05,1.398673237527657e-05
1087.0,0.146333578805539,0.002264409867708416,0.0004593443106102102,0.0007895041985440637,1.373675692022855e-05,1.221829002778544e-05,1.403507319406646e-05
1088.0,0.14610901992671,0.001938297065601086,0.0004493781561270905,0.0007901361194278295,1.371038980190696e-05,1.214339593575962e-05,1.395944235024119e-05
1089.0,0.1456519213257226,0.002280051983120721,0.0004523257742808066,0.0007907309178428007,1.362146497640326e-05,1.208221154104337e-05,1.393987416683656e-05
1090.0,0.1446591211085014,0.002074666340713959,0.0004468515662346032,0.0007913445678994145,1.359688830421281e-05,1.203668286890571e-05,1.388140061581826e-05
1091.0,0.1444742697378823,0.001902164755985957,0.0004372955227211669,0.0007918702572778437,1.355420499250542e-05,1.201998129563459e-05,1.384190422457155e-05
1092.0,0.145267614459696,0.001963746141287489,0.0004378174336383559,0.0007923401215508007,1.361173351283335e-05,1.201066226880691e-05,1.384777703033991e-05
1093.0,0.1439446937114853,0.001986372436178668,0.0004349363827643506,0.0007928754375405435,1.358085563861912e-05,1.194090127559218e-05,1.382660385250098e-05
1094.0,0.1443011956806039,0.002170173237764327,0.0004321244304782226,0.0007934654172277974,1.352332506570909e-05,1.192776965368878e-05,1.377245860229813e-05
1095.0,0.1442033022977773,0.001743560985722473,0.0004231792603402676,0.0007940242660688751,1.341127999358621e-05,1.187435848371558e-05,1.367878139466704e-05
1096.0,0.1438467772922307,0.001843904876055625,0.0004226022242780095,0.0007945384529395301,1.341569163484881e-05,1.187062157637871e-05,1.368038743328343e-05
1097.0,0.1448403384856913,0.001885721571893125,0.0004225834625806321,0.0007949947141035256,1.342707244779281e-05,1.185308006891189e-05,1.369063395202109e-05
1098.0,0.1445139838889637,0.002074486536051215,0.0004218528649785038,0.0007954919315662211,1.339917545066671e-05,1.18469658500896e-05,1.365646639998451e-05
1099.0,0.1451787197827987,0.00172910816228479,0.0004137577152346305,0.000796016825878406,1.335997339968233e-05,1.185462991686175e-05,1.363725417060396e-05
1100.0,0.1455701199477266,0.001819780726976745,0.0004138660052385861,0.0007965119473033436,1.332926154696876e-05,1.18628814434343e-05,1.363272978535753e-05
1101.0,0.1458763240844351,0.001960106569583698,0.0004168295463255893,0.0007969505000139696,1.341234462193555e-05,1.188068247798824e-05,1.361245166836328e-05
1102.0,0.146413482074486,0.002005281146135456,0.0004139289469826956,0.0007972853783330244,1.340805467906675e-05,1.189521220515544e-05,1.35932688775535e-05
1103.0,0.1467003463701148,0.002039591226345216,0.0004146856360463634,0.0007978995860034851,1.33546498397973e-05,1.191816851169968e-05,1.364575275599632e-05
1104.0,0.1474491711588971,0.002137756469597415,0.0004156762015744972,0.0007981591275371939,1.336323927945304e-05,1.200609132661105e-05,1.362075190912832e-05
1105.0,0.1453451823228553,0.001990253043951859,0.0004119128961544686,0.0007985402307048677,1.33287261788429e-05,1.191577346527865e-05,1.356427744755958e-05
1106.0,0.1462711977444099,0.002067373243534625,0.0004133523780043587,0.0007988265830795188,1.326660437818834e-05,1.191841451214094e-05,1.351202483172228e-05
1107.0,0.145029479879714,0.002166797690411452,0.0004162604272710616,0.0007994408823928995,1.32471124068404e-05,1.188827284088755e-05,1.352234458022335e-05
1108.0,0.1456801418248161,0.002022134566744404,0.0004074961746836376,0.0007996379977029249,1.318489958747546e-05,1.192191429377293e-05,1.350330240300543e-05
1109.0,0.1431039934618854,0.002154915080631387,0.0004139282277302827,0.000799885288464936,1.316366513352342e-05,1.179099488353591e-05,1.346614879333427e-05
1110.0,0.1434071956155988,0.002173378338717573,0.0004117057414085018,0.0008001417517313831,1.310108326562954e-05,1.175812055204876e-05,1.342324155087898e-05
1111.0,0.1433565938910301,0.001985855423382521,0.000409696115264479,0.0008004368447349057,1.30395977739395e-05,1.175309183773688e-05,1.341034253032446e-05
1112.0,0.1444147896150839,0.00211623643883823,0.0004109754525466296,0.0008006791061064288,1.30220344344308e-05,1.179250577507641e-05,1.339746985750588e-05
1113.0,0.1442358642324196,0.001926076476554712,0.0004076006815935707,0.0008009246941669057,1.303172325617709e-05,1.178226681739161e-05,1.343723126862549e-05
1114.0,0.1441552746746488,0.002179969748472343,0.0004129817340830759,0.000801236915903748,1.296809207657972e-05,1.178849430649221e-05,1.343046034559152e-05
1115.0,0.1443363167021635,0.002072346646063674,0.0004086417213454503,0.0008014838996338855,1.290842911619334e-05,1.178426488223171e-05,1.335048235304701e-05
1116.0,0.1437807963349398,0.002459639015913548,0.0004197993883251284,0.0008016924115184997,1.287967506811594e-05,1.175054001450688e-05,1.337405715420777e-05
1117.0,0.1450938686602767,0.002206526205526301,0.0004168295815754508,0.0008018807947737297,1.287412345107781e-05,1.176730558924509e-05,1.33660423710891e-05
1118.0,0.1449771545255992,0.002128137717037963,0.0004150566472877923,0.0008021107875532946,1.287082639866117e-05,1.181950363243787e-05,1.340730431221287e-05
1119.0,0.1449235700162683,0.002069853218095011,0.0004148698409365406,0.0008023262436240619,1.281855681931526e-05,1.180748608592219e-05,1.338679257371603e-05
1120.0,0.1443479250752033,0.002064079072822946,0.0004184423770764792,0.0008025673491363607,1.276702050391346e-05,1.175931004031896e-05,1.337867842866706e-05
1121.0,0.1438051882063056,0.001951860692584597,0.0004150491292086495,0.0008027975536236147,1.273167730977029e-05,1.176711660112942e-05,1.337182912331501e-05
1122.0,0.1437949434141859,0.002094393415466488,0.0004168639940643065,0.0008029820674746234,1.268120583109441e-05,1.172959243580741e-05,1.333611833538664e-05
1123.0,0.1436205252545601,0.002011336225744406,0.0004147277880480974,0.0008031408930409709,1.263383581969196e-05,1.173682776694459e-05,1.331072362064811e-05
1124.0,0.1433763755905595,0.002183711551585557,0.0004193993284244553,0.0008032826700312763,1.266355767788906e-05,1.17222836664048e-05,1.335174005869103e-05
1125.0,0.1426128338251485,0.002122611772154767,0.0004209873713154424,0.0008034476538023501,1.264304863810538e-05,1.167449887276905e-05,1.331296092338939e-05
1126.0,0.1435485685573148,0.002213981461315016,0.0004203748971614654,0.0008035190071848018,1.264683036463267e-05,1.169342362366224e-05,1.324977691959047e-05
1127.0,0.1428324203498375,0.001980336061324259,0.0004176692526091131,0.0008035863673806814,1.255598784890214e-05,1.166444147309948e-05,1.322915488814633e-05
1128.0,0.1427690147311275,0.002146251484455052,0.0004229406676508617,0.0008036317321848255,1.250219562227496e-05,1.16547697668841e-05,1.320546441923441e-05
1129.0,0.1430064513297966,0.002186697530551849,0.0004211509859668889,0.0008035883783284767,1.248569485027904e-05,1.163799743562077e-05,1.318496952553161e-05
1130.0,0.1434435835324572,0.002062001617267897,0.0004200286838716057,0.0008034962592487647,1.245923392017888e-05,1.162541621150156e-05,1.315221190971285e-05
1131.0,0.1427908970271761,0.002293521456652849,0.0004276741743087421,0.0008034096796549687,1.244501237402213e-05,1.161449251602671e-05,1.316008482120058e-05
1132.0,0.1429884150048719,0.002060518132980901,0.0004204451385872669,0.0008032703999533649,1.240354556075715e-05,1.160713781551548e-05,1.309190366819519e-05
1133.0,0.1435867512051593,0.002170096691564435,0.0004253015015608765,0.0008030945383675787,1.239344938962957e-05,1.159087682832344e-05,1.309588959328333e-05
1134.0,0.1435475855644345,0.002330042504057073,0.0004314497779634822,0.0008029341744133134,1.24105311506545e-05,1.155422279622703e-05,1.312079901836313e-05
1135.0,0.1435787809347266,0.002097346309239988,0.000424212772393991,0.0008027538898677121,1.237033334353796e-05,1.155826759622123e-05,1.307343708051769e-05
1136.0,0.1442013046827076,0.002077410222908774,0.0004225393057471128,0.0008024841190661711,1.232241744544832e-05,1.155539789871629e-05,1.308823517486499e-05
1137.0,0.1441785718053958,0.002191555819225801,0.0004252526991043502,0.000802172030310619,1.230580699940816e-05,1.154541919625153e-05,1.304667897349458e-05
1138.0,0.1447384044881473,0.002235037908269706,0.000422456208740466,0.0008018057051137879,1.233579534006122e-05,1.158103250228966e-05,1.303547726798603e-05
1139.0,0.1451455300788802,0.002307575552115808,0.0004217454357551004,0.0008014188083440454,1.231827788345784e-05,1.160392076632305e-05,1.29920059491755e-05
1140.0,0.145072342731754,0.002201176544913142,0.0004199580847595048,0.0008010320015661405,1.230861394606157e-05,1.160110572932571e-05,1.293601249311667e-05
1141.0,0.1457262733508312,0.002011120644388888,0.0004158720528646486,0.0008005854160375741,1.229256536292245e-05,1.157028230644514e-05,1.291797201040463e-05
1142.0,0.1453669118731199,0.002094669994457993,0.0004206657991436634,0.0008001422699094641,1.226472613192395e-05,1.1542893481423e-05,1.292890083511356e-05
1143.0,0.1445749613419675,0.001979304066711249,0.0004179870819107367,0.00079971856563412,1.222520301030156e-05,1.150854362923794e-05,1.287972331873158e-05
1144.0,0.143429585409701,0.002098810189710158,0.0004188906832335698,0.0007992964056146487,1.215479875991725e-05,1.14851740568643e-05,1.278368887813249e-05
1145.0,0.1421638191368006,0.002089353905779028,0.0004166682426844677,0.000798798906543265,1.209289631700312e-05,1.143996832955637e-05,1.273429348040938e-05
1146.0,0.1426849557836631,0.002335963138614983,0.0004204191719451903,0.0007982921977833071,1.20142196929063e-05,1.144413780467511e-05,1.270705705068264e-05
1147.0,0.1413757843529273,0.002109552203920631,0.0004150760737907101,0.0007978453067411446,1.19549080736725e-05,1.137468161227825e-05,1.264466253096446e-05
1148.0,0.1414345609499567,0.001978299788138473,0.0004075553970193933,0.000797402126653249,1.192079185275266e-05,1.138140956547738e-05,1.256962032089871e-05
1149.0,0.1403664598100916,0.001981719672516977,0.0004088967136344946,0.0007969793927044055,1.189855955982678e-05,1.134963392155491e-05,1.255589958550191e-05
1150.0,0.1394595880443667,0.00206980015995889,0.0004078973811935698,0.0007965588409346584,1.185861096444849e-05,1.13013483921407e-05,1.246311801098611e-05
1151.0,0.1389555580480883,0.002001322100063918,0.0004081651442483419,0.0007961195645426836,1.180222557172476e-05,1.129154164981344e-05,1.240032039867516e-05
1152.0,0.1381883359572499,0.001944873243461834,0.0004021877545067546,0.0007956721161434488,1.178790014575911e-05,1.127366411242644e-05,1.235219621359565e-05
1153.0,0.1385991094444545,0.002033139019029291,0.0004037285959486878,0.0007952761738163424,1.175762337896697e-05,1.126358792390502e-05,1.232767000643928e-05
1154.0,0.1393845960661604,0.002228983170388641,0.0004041841460865068,0.000794833970102744,1.175020696600801e-05,1.126448801632985e-05,1.228170188422802e-05
1155.0,0.1391594371787292,0.002239605762508214,0.0004052510374788723,0.0007944478816847216,1.178134886883045e-05,1.129553315577372e-05,1.228518569196822e-05
1156.0,0.1397456516556283,0.002216656982649137,0.00039986942992518,0.0007940023186154679,1.175183652517197e-05,1.12995070769034e-05,1.227426003945972e-05
1157.0,0.1385988803212566,0.002146797468534572,0.0003956112899275754,0.0007936211500991611,1.172938379308789e-05,1.127783695428251e-05,1.220314520519666e-05
1158.0,0.1372343704903006,0.002111684225629201,0.0003928101101846816,0.000793218661610281,1.166097598750111e-05,1.121612314644506e-05,1.21098387718419e-05
1159.0,0.1361132854124751,0.002004726545761466,0.0003916780036388847,0.000792835712785195,1.160424028477287e-05,1.116285797963953e-05,1.204410469594585e-05
1160.0,0.1364505993259574,0.001928643340591877,0.0003871057639084272,0.0007924172044057247,1.152743076592265e-05,1.11005084722486e-05,1.199547370789448e-05
1161.0,0.1359368621574886,0.002112253303487038,0.0003902445214096214,0.0007920819937485031,1.152332108806907e-05,1.105863824863212e-05,1.201772177482153e-05
1162.0,0.1361587231797229,0.002117974489937486,0.0003841136137077789,0.0007917141098825633,1.14747071114939e-05,1.108501203154411e-05,1.191430425422645e-05
1163.0,0.1356826024379862,0.00192677393633374,0.0003805448783759334,0.0007912863642859718,1.143828518381293e-05,1.106222799904228e-05,1.183861305263547e-05
1164.0,0.1359923988377676,0.002176294037808041,0.0003831119303323103,0.000790853955016411,1.142459804326821e-05,1.104921826157367e-05,1.181353895339817e-05
1165.0,0.1351405643269067,0.001893580100472424,0.0003751456726820354,0.000790471595908473,1.142221571691991e-05,1.0993304257575e-05,1.179800615551517e-05
1166.0,0.1365926764903535,0.002145698798999556,0.0003778062301694561,0.0007900974359568216,1.145761002758804e-05,1.097792402437246e-05,1.179512879474496e-05
1167.0,0.1347110257718431,0.001931073824718787,0.0003746145604772822,0.0007897612728139631,1.139634069680901e-05,1.093822165703523e-05,1.169714156181522e-05
1168.0,0.1349059760439427,0.002148380081220954,0.0003760694475155609,0.000789410299733997,1.13829481260083e-05,1.090112038595154e-05,1.169341447304401e-05
1169.0,0.1330831687101791,0.001836149917378525,0.0003650880734386327,0.0007890568725117662,1.128841676370627e-05,1.079394999857417e-05,1.158820593174805e-05
1170.0,0.132525049150465,0.001883743321354766,0.0003625781690097774,0.0007887339488745667,1.124772266478978e-05,1.075103346377959e-05,1.153700194338317e-05
1171.0,0.1319673924408884,0.001798658666618124,0.0003607537299964229,0.0007883783548755667,1.116661499394202e-05,1.069010506301325e-05,1.148436640850729e-05
1172.0,0.1318172732444449,0.001867943708677679,0.0003596987839994677,0.0007880626144318441,1.116148420783962e-05,1.065335119906195e-05,1.144859707672155e-05
1173.0,0.1317015701943051,0.001916362235018554,0.0003590027042088418,0.0007877813787848561,1.111351499443459e-05,1.061145242995687e-05,1.139951597531123e-05
1174.0,0.1309252050730333,0.002020771886703074,0.0003613185147580749,0.0007875754392821227,1.113538549070957e-05,1.059399549088857e-05,1.138963906203245e-05
1175.0,0.1318048114289871,0.001756954924177027,0.0003498837383686184,0.0007873565121519206,1.107068227777969e-05,1.057341486624706e-05,1.133881469119607e-05
1176.0,0.1312466774937613,0.001955122540390618,0.0003533179509977826,0.0007871295363057767,1.10382148056154e-05,1.057402723468506e-05,1.128103947057002e-05
1177.0,0.130570536292619,0.001907806187184755,0.0003532390747096896,0.0007869351875983147,1.108816685437949e-05,1.051223088688471e-05,1.133912047097491e-05
1178.0,0.1313541894601204,0.002015735101184735,0.000349137435163312,0.0007866983826891721,1.102524467105299e-05,1.045323432759002e-05,1.128838382697218e-05
1179.0,0.1300890568658676,0.001717624625157811,0.0003461777003321795,0.0007865022968802265,1.100465121095931e-05,1.040431764871422e-05,1.120527964836148e-05
1180.0,0.1297420493351846,0.001749132097359804,0.000342009819683846,0.0007863417826942253,1.096068212824451e-05,1.03722117120522e-05,1.119507927417414e-05
1181.0,0.1281625616911183,0.00176520023778288,0.0003399422630204662,0.0007862088853491084,1.087265513096527e-05,1.029207138370929e-05,1.114802122558575e-05
1182.0,0.1280800349585086,0.001751370438371937,0.0003378492433603196,0.0007860385511844357,1.084326730139261e-05,1.026941328292537e-05,1.109947971696577e-05
1183.0,0.1280276254336245,0.001821073090137086,0.0003369147784415688,0.0007859194876947671,1.084077893389866e-05,1.022109281210362e-05,1.10609195984133e-05
1184.0,0.1285846041089031,0.001785376228026268,0.0003342631830316105,0.0007858117068915975,1.079923605543458e-05,1.019570756762224e-05,1.104191779954168e-05
1185.0,0.1274275998058396,0.001723328580648123,0.0003311777430523335,0.0007856979872258479,1.079370545361553e-05,1.016533253957089e-05,1.100392353088582e-05
1186.0,0.1282868944039252,0.001879580243923328,0.0003319700458429403,0.0007855233206422912,1.07590892327191e-05,1.01146512687042e-05,1.098667390938428e-05
1187.0,0.1274503725179805,0.001507319151863243,0.0003250581113511606,0.0007853393427747098,1.073229199744991e-05,1.009806369120207e-05,1.093636069860627e-05
1188.0,0.1270782806350536,0.001802209652637061,0.0003287379921553468,0.0007852090016461788,1.072444595437503e-05,1.005310908683834e-05,1.093574165726427e-05
1189.0,0.1268671516965278,0.001510149799151553,0.0003198065059839465,0.0007850349007171071,1.070864209020711e-05,9.984636318581554e-06,1.091100646949961e-05
1190.0,0.1268946888226458,0.001877354909554882,0.0003255355011378865,0.0007848677176639583,1.068648277837109e-05,9.979894015772842e-06,1.090759327512207e-05
1191.0,0.1279244575645925,0.001566338963424175,0.000322820039776265,0.0007846433024394132,1.065932525986315e-05,9.96914797401958e-06,1.084046876842323e-05
1192.0,0.1262899365700905,0.001733033910192,0.0003217844827455314,0.0007844784743964461,1.068652200861668e-05,9.925535434639235e-06,1.081977330863343e-05
1193.0,0.1268066859931048,0.001886966974253274,0.0003210541789887657,0.0007842591845900286,1.066526071233614e-05,9.849201738707679e-06,1.081179448506501e-05
1194.0,0.1259360510038371,0.001924034961912727,0.0003199324110497684,0.0007840467845180488,1.058122592464202e-05,9.817355160588365e-06,1.071781177481372e-05
1195.0,0.1260394585642979,0.001644726255632892,0.0003177331010171048,0.0007838051524465806,1.059015984326381e-05,9.81142530708522e-06,1.07081838496325e-05
1196.0,0.12613606738828,0.001796836653916647,0.0003179716442397034,0.0007835216669883899,1.059414890131968e-05,9.779855856418912e-06,1.070367352251104e-05
1197.0,0.1252682272845115,0.001580991491016656,0.000309883043375757,0.00078327998257522,1.055394683444803e-05,9.727631986879388e-06,1.062654125007426e-05
1198.0,0.1252077064485395,0.001708301120876878,0.0003131445241152312,0.000783024242257617,1.052971598422713e-05,9.691703038149285e-06,1.060565034139709e-05
1199.0,0.1249384039117861,0.001387822379681892,0.000305119585468089,0.0007827249583668287,1.04762767069555e-05,9.643568350800717e-06,1.053567503645836e-05
1200.0,0.125622214040821,0.001998079140186332,0.0003170156048456942,0.0007823792663516882,1.049208422089996e-05,9.64964091241121e-06,1.054733604136079e-05
1201.0,0.1251768100015987,0.001643117006728986,0.0003051511690085464,0.0007819983017320658,1.048489846831767e-05,9.642996116313382e-06,1.053756437630356e-05
1202.0,0.1252287427050917,0.00212565385082916,0.0003180755568955769,0.0007816671509485979,1.049392107587861e-05,9.594128526401368e-06,1.05562045932714e-05
1203.0,0.1261728738538398,0.00154472596195864,0.0003065193883502793,0.0007812154100028471,1.041689460315052e-05,9.54458723816888e-06,1.047363169681122e-05
1204.0,0.1249684845574788,0.001792477176772602,0.0003095760110870353,0.000780779528056388,1.04159156190767e-05,9.517802541405897e-06,1.048851183759463e-05
1205.0,0.1245572539411837,0.00156139952569283,0.0003029093168049154,0.0007803044947894166,1.036461990431486e-05,9.475497058888359e-06,1.04076265317151e-05
1206.0,0.1247679144480564,0.001762676782246965,0.0003058273119625069,0.0007797825309615185,1.032398025894179e-05,9.458722520471768e-06,1.039315700254861e-05
1207.0,0.1242738167639153,0.001463519341711571,0.000301568969448637,0.0007793065759964798,1.031902644279049e-05,9.445795421225917e-06,1.037919061278741e-05
1208.0,0.1244773937227259,0.001759034347130933,0.0003041774440933037,0.000778770876022511,1.030667667671439e-05,9.435671673779806e-06,1.037945037043025e-05
1209.0,0.1238674957419851,0.001423799126729804,0.00029670107564826,0.0007782257613447364,1.024057650416255e-05,9.391376373472265e-06,1.030684728414398e-05
1210.0,0.1246169603957539,0.001637430852278954,0.0003026568040980856,0.000777620720367503,1.025328374323933e-05,9.39474823776631e-06,1.030093036937831e-05
1211.0,0.1247645125786253,0.001627105298670037,0.0003021179382289841,0.0007770166038909811,1.023094456846002e-05,9.390362988986776e-06,1.025464909232635e-05
1212.0,0.1242646040312187,0.001915846620727645,0.0003027406393473572,0.0007764218784564686,1.024998793434951e-05,9.382351937010262e-06,1.027556023242194e-05
1213.0,0.1239129005592046,0.001818868893220698,0.0003006216367306758,0.0007757965019032616,1.017832534682878e-05,9.330751986403758e-06,1.013352033949265e-05
1214.0,0.1233233495020493,0.001689517027078575,0.000298921567448239,0.0007751326681602635,1.009902750670848e-05,9.301320702662168e-06,1.01247689287369e-05
1215.0,0.1233229275037108,0.00140018964719509,0.0002935226985795889,0.0007744402620525931,1.008048811482979e-05,9.288142135317501e-06,1.006669443661147e-05
1216.0,0.1235621559048314,0.001554707858182921,0.0002975493969184242,0.0007737302928980267,1.007248912516733e-05,9.258534242900141e-06,1.012127839964408e-05
1217.0,0.122004531537223,0.001610478639130214,0.0002963830424315218,0.0007731002631036939,1.002012968248209e-05,9.218217854737358e-06,1.005474866839816e-05
1218.0,0.1236020359777985,0.001555469730182852,0.0002926673063733638,0.0007723857926350402,9.97296326640274e-06,9.197439223441528e-06,1.000595598354535e-05
1219.0,0.1230011243022374,0.001447751710670151,0.0002918997019275844,0.0007716436723961477,9.983305174486526e-06,9.185596398306403e-06,9.979241710321206e-06
1220.0,0.1248272957464205,0.001784083438565788,0.0003024125963204323,0.0007709304218538694,1.007923049567621e-05,9.201739788938754e-06,1.008492437513936e-05
1221.0,0.1245155859043399,0.001668614545461835,0.0002949514121508728,0.00077020099100944,1.002283778196546e-05,9.171201643843449e-06,9.99688155340656e-06
1222.0,0.1240376078015628,0.001784528629983311,0.0003010196879182851,0.0007695780677191536,9.979685209193298e-06,9.150752532933197e-06,9.936307157662758e-06
1223.0,0.1247617947880537,0.001422358515981617,0.0002948793437454001,0.0007688812434456598,9.929094813718523e-06,9.161704152864504e-06,9.879353525497755e-06
1224.0,0.125051517119848,0.001642858236164103,0.000298371123242543,0.0007682465874027339,9.934885326227507e-06,9.166704802295351e-06,9.87267611163894e-06
1225.0,0.1248991114752051,0.001483956566201726,0.0002966119535819487,0.0007676239541556306,9.977848009731029e-06,9.130525273986947e-06,9.880162882214911e-06
1226.0,0.1253205878648526,0.001562012368035337,0.0002961480655692806,0.0007670178938368234,9.921857204787184e-06,9.108662513416943e-06,9.850357704262499e-06
1227.0,0.1242889648164013,0.001297895075717986,0.0002935616245785764,0.0007664436248533829,9.893915307928245e-06,9.069256860248133e-06,9.797532637764296e-06
1228.0,0.126077150164448,0.001679788483896589,0.0002984335102497045,0.0007658697421995544,9.881855412662137e-06,9.085034112041015e-06,9.807133111904751e-06
1229.0,0.1263810226984785,0.001441564446822056,0.0002966922407715602,0.0007653233716444534,9.875377880138944e-06,9.10489205172322e-06,9.730257505258614e-06
1230.0,0.1270118238040753,0.001787239309499357,0.0003042977653516134,0.0007648152314234133,9.938420204549928e-06,9.105977556292103e-06,9.773332628587837e-06
1231.0,0.1274772342716653,0.001806564109468529,0.0003049727139025978,0.000764329837791513,9.918746901408403e-06,9.061118122850794e-06,9.72898117808624e-06
1232.0,0.1274563885871233,0.001627058626581613,0.0003029595318695205,0.0007638560331346268,9.90040725886601e-06,9.066047481900226e-06,9.661018832426547e-06
1233.0,0.1270174903682814,0.001680838478241602,0.0003023075876387591,0.000763392532673888,9.893104193620796e-06,9.066751328769032e-06,9.655457720909465e-06
1234.0,0.1274104366111694,0.001702319975183049,0.0003056020229237671,0.0007629679587575405,9.89771892192987e-06,9.06506711937126e-06,9.63647520750963e-06
1235.0,0.1276628978529434,0.001644932836228098,0.0003061853952566516,0.000762565617447535,9.879782546761784e-06,9.03651495446771e-06,9.683910252748898e-06
1236.0,0.1270835746139741,0.001784780899023149,0.0003111981084910571,0.0007622265444075355,9.905376551296575e-06,9.034984746676963e-06,9.682455024597713e-06
1237.0,0.127016986347992,0.001454726683108035,0.0003035701512219148,0.0007618295107517209,9.823742040083031e-06,8.987326817321558e-06,9.58172048425595e-06
1238.0,0.1277740633654168,0.001691982654946586,0.0003110862814048966,0.0007614880800550074,9.826329602896693e-06,9.010443823815991e-06,9.611198067615655e-06
1239.0,0.1286768081992991,0.00153130548118824,0.0003076046407620964,0.0007611421855286281,9.84519910261172e-06,8.987843922528386e-06,9.632148192924246e-06
1240.0,0.1274713968663603,0.001729908628641896,0.0003121064197387569,0.0007608174134405178,9.80931358135364e-06,8.956465090426655e-06,9.608215385712843e-06
1241.0,0.1265749645214403,0.00161717755819767,0.0003080485420431896,0.0007604972696778207,9.779785474458719e-06,9.011706057698246e-06,9.545639434069886e-06
1242.0,0.1266514938341923,0.00176601213225117,0.0003124215574491231,0.0007601792327076326,9.749911936972632e-06,8.984918259713883e-06,9.507078358935116e-06
1243.0,0.1281419339946915,0.001621243135667626,0.0003120501168604133,0.0007598379845936142,9.761324889879799e-06,8.97536440719762e-06,9.546397999446249e-06
1244.0,0.1285252291494767,0.001714119996093508,0.000316027734785038,0.0007595431420759206,9.771158022797301e-06,8.987341221779077e-06,9.529265019680997e-06
1245.0,0.1284968021238595,0.001787275416470236,0.0003199322128677049,0.0007592565926404724,9.770019568386087e-06,9.022958580610831e-06,9.572216968370807e-06
1246.0,0.1287993443481116,0.001860748398069963,0.0003185488435695782,0.0007589896487259933,9.752575891481295e-06,9.022063570899195e-06,9.524615211512253e-06
1247.0,0.1290394831376584,0.001620177033300311,0.0003178556211109203,0.000758731142747107,9.693596179458594e-06,9.007456773800557e-06,9.516479987892436e-06
1248.0,0.1286926106194278,0.001808135248016344,0.0003214088542458386,0.0007585193658473632,9.676814895962116e-06,8.983530771442255e-06,9.569994116818424e-06
1249.0,0.1279542790211888,0.001585845038682636,0.0003155243131075186,0.0007582441615135731,9.635143145560287e-06,8.965275287230757e-06,9.525364620305116e-06
1250.0,0.1277580584236605,0.001956561806893821,0.0003235164085904386,0.0007579785292689905,9.644090693523818e-06,9.006290174947974e-06,9.587704085365462e-06
1251.0,0.1272871790487179,0.001575188384990813,0.0003198250575022135,0.0007577421319987567,9.625258837061908e-06,9.013796509344842e-06,9.571521453065805e-06
1252.0,0.1273387947524048,0.001791799479460673,0.000323887882573192,0.0007574879643738533,9.593381101830382e-06,8.99972908964668e-06,9.591989715886476e-06
1253.0,0.1269147726272891,0.001688572157843874,0.000322702761856019,0.0007571992340537545,9.565240033625205e-06,8.983715466381693e-06,9.528339058858058e-06
1254.0,0.127252521335433,0.001756732731523632,0.0003234712234457686,0.0007569209629643858,9.492749060158777e-06,8.984063670624116e-06,9.511874904203553e-06
1255.0,0.1284576187816416,0.001662500276074119,0.0003234718170482762,0.0007566477457966788,9.508640615374129e-06,9.004877940125705e-06,9.570278757217963e-06
1256.0,0.1267326441046691,0.001820079182728263,0.0003257709614397756,0.0007564093378416665,9.432837607736165e-06,8.948186951114755e-06,9.501824620109348e-06
1257.0,0.126300206373531,0.001626765674862229,0.0003205216125244511,0.0007561462211385573,9.385193936526766e-06,8.943561070574643e-06,9.477585846023553e-06
1258.0,0.1270685929072032,0.002027521167056264,0.0003301003762779,0.0007558930371847915,9.407314934521009e-06,9.000178472759643e-06,9.573411487615535e-06
1259.0,0.1288437924507737,0.00172018995985802,0.0003268433445728805,0.000755610446685415,9.421889288690335e-06,9.014880553950355e-06,9.590302934767884e-06
1260.0,0.1266120011330725,0.0019701615450941,0.0003342275514286874,0.0007553383013843629,9.393724698866848e-06,8.99129325735534e-06,9.620321782140876e-06
1261.0,0.1261385371915708,0.00176300023313575,0.0003247058768749065,0.0007550864122721467,9.320367516506945e-06,8.929806351157915e-06,9.546029841489427e-06
1262.0,0.1266955113207713,0.001858867357977897,0.0003254638742155083,0.0007547271581164695,9.21244737023735e-06,8.938367572508035e-06,9.48979953436012e-06
1263.0,0.1267414981700286,0.001837162933684568,0.0003277921299482627,0.000754400862223639,9.269269113229072e-06,8.949335488913167e-06,9.531558019491867e-06
1264.0,0.1266162894035639,0.00188724336400254,0.0003267877527566613,0.0007540889220784603,9.249759466322676e-06,8.925183504815943e-06,9.57810634561381e-06
1265.0,0.1247863115173823,0.001702663093480328,0.0003228871678011239,0.0007537885256831402,9.178781503418515e-06,8.91350987909119e-06,9.566407649327483e-06
1266.0,0.1240701257339999,0.001592904426430114,0.000317155221059035,0.0007534820427729052,9.09930841469237e-06,8.867245140525099e-06,9.484177815918187e-06
1267.0,0.1250384454515862,0.001513560223041962,0.0003168317475627839,0.0007531594511230186,9.113656318081763e-06,8.866540602641314e-06,9.48062447826445e-06
1268.0,0.1254968932608536,0.001608170472614119,0.0003194943491006868,0.0007527790856384828,9.10687021128209e-06,8.8792400193334e-06,9.513459057638457e-06
1269.0,0.1256126244158969,0.002005790838170326,0.0003272334087539271,0.0007524675816090342,9.180432926422588e-06,8.892394300854158e-06,9.539246349362436e-06
1270.0,0.1271074870199318,0.002132025488062751,0.0003300976678973569,0.0007520774872180613,9.196748347104074e-06,8.929247293796755e-06,9.61627475004495e-06
1271.0,0.1250670538724639,0.001713790152468233,0.0003244992005757622,0.0007517027771289531,9.12143973973475e-06,8.855225849794588e-06,9.534752142760811e-06
1272.0,0.1261573724069951,0.0018552744640545,0.0003289093612189489,0.0007512601050939493,9.111938065939276e-06,8.867884948609514e-06,9.570599133680932e-06
1273.0,0.1261255260664709,0.001665598588130636,0.0003218839057594935,0.0007508741847041452,9.07608558826059e-06,8.87327404247579e-06,9.512486214098513e-06
1274.0,0.125732970202911,0.001688574773611673,0.0003226981139296122,0.0007504906597232212,9.034214399140404e-06,8.854760099163529e-06,9.490590046232337e-06
1275.0,0.1266986596430554,0.001568288516426369,0.0003206428732548303,0.0007500930374107299,9.028012049795702e-06,8.846500559482047e-06,9.433088316072106e-06
1276.0,0.1266890892132438,0.001736497199420834,0.0003258881649736218,0.0007497104139691734,9.070454646368374e-06,8.875344729890122e-06,9.537606293981873e-06
1277.0,0.1257595748798011,0.001813230549256317,0.0003232070869629418,0.0007493142988897784,8.98369757137903e-06,8.818245668744944e-06,9.420859754554858e-06
1278.0,0.1257837476198217,0.001995871691309466,0.0003295594902345397,0.0007489363610503977,8.999135598850805e-06,8.823695574942716e-06,9.45013217927347e-06
1279.0,0.1253322425917027,0.001593034883979939,0.0003216307463798037,0.000748575007788286,8.953076626413047e-06,8.789779088133623e-06,9.34996178583596e-06
1280.0,0.1254627677710015,0.001644034107491635,0.0003232950115041758,0.0007481956240545511,8.99543041094375e-06,8.791130047319292e-06,9.394153793146165e-06
1281.0,0.1262946063009957,0.001720368524529582,0.0003236341408764153,0.0007477927494023275,9.018445968261063e-06,8.828148276207697e-06,9.403472191789825e-06
1282.0,0.1264059348221581,0.001685590404148321,0.000324810239173535,0.0007474495462760776,9.04096875158134e-06,8.811780064141076e-06,9.405262031959343e-06
1283.0,0.1262604609150091,0.001545231124248084,0.0003233962632488448,0.0007471071029556948,8.996739431083764e-06,8.809820223317065e-06,9.366587086888215e-06
1284.0,0.1269724223414577,0.001919437565976728,0.0003316296180545418,0.0007467046037469773,8.990011300504566e-06,8.850748069275783e-06,9.320380397334125e-06
1285.0,0.1271126054549585,0.001797290108319904,0.0003293186732433162,0.0007462929999797406,8.98245486303552e-06,8.810167697908735e-06,9.337707625745086e-06
1286.0,0.1278384732594028,0.002077699847927427,0.0003367126721536223,0.0007458903751469505,9.033560035201127e-06,8.835401659941055e-06,9.362874973385455e-06
1287.0,0.126675496600728,0.001877472103181106,0.0003288970584726169,0.0007455195745542446,8.996667574718966e-06,8.799319678922716e-06,9.291802529768453e-06
1288.0,0.127222250789934,0.001763824999871507,0.0003290185501848141,0.0007450778507989288,8.982239638100202e-06,8.80535718041879e-06,9.262763297544119e-06
1289.0,0.1268926191103477,0.001758219018597981,0.0003289120025433979,0.000744611484515946,8.961514937674035e-06,8.774640413984554e-06,9.204201724332509e-06
1290.0,0.126784891780934,0.001896284258325783,0.0003322224582493786,0.0007442050478804154,8.985047492373713e-06,8.755867299448566e-06,9.254102414665527e-06
1291.0,0.1268104120994534,0.001706594541013937,0.0003266894634449926,0.0007437837296897333,8.954370359464757e-06,8.734200866484329e-06,9.155995457372643e-06
1292.0,0.1265474126414631,0.001617570135240119,0.000328223514114785,0.0007433106486952776,8.934010341237996e-06,8.730874831266596e-06,9.147233424288956e-06
1293.0,0.1259381704051204,0.001703861006944379,0.0003286451261739123,0.0007428355216425243,8.945342514693897e-06,8.6983602361034e-06,9.11975283145782e-06
1294.0,0.1257658671184706,0.00184293398353841,0.0003324235240292702,0.0007423737234603523,8.94860990367561e-06,8.695118286936587e-06,9.107233382181944e-06
1295.0,0.1263486280139042,0.00165680952793262,0.0003282971573873714,0.0007418714673738402,8.924937545352096e-06,8.672853394414059e-06,9.090393718742126e-06
1296.0,0.126471299316322,0.001985364828888372,0.0003371214922832568,0.0007413439848219227,8.954042239910072e-06,8.668243874339664e-06,9.070831399179024e-06
1297.0,0.1265866478866959,0.00172408782219077,0.0003336709411290783,0.0007408640462215604,8.940531901731586e-06,8.61448685824439e-06,9.065120143266984e-06
1298.0,0.1260111792802799,0.001792042508345753,0.0003311734417102544,0.0007403919359987045,8.92150172404436e-06,8.63977693310233e-06,9.035446598120988e-06
1299.0,0.1255059168651223,0.001393104113769574,0.0003260272883141579,0.0007398566839893849,8.866951126090854e-06,8.5878580970715e-06,8.943450147710608e-06
1300.0,0.1251098148451473,0.001595359083564011,0.0003304446374416409,0.0007393101643481329,8.897160526266851e-06,8.578281075188947e-06,8.945875450809598e-06
1301.0,0.1247246633662032,0.001460132884295268,0.0003265542095918886,0.0007387478783195453,8.893582423749567e-06,8.532832595126438e-06,8.909172355792611e-06
1302.0,0.1242590047855754,0.001827612178593299,0.0003355352090261747,0.0007382082318746722,8.903704012145602e-06,8.518569571992559e-06,8.926197914161197e-06
1303.0,0.1242888186603147,0.001670087545007628,0.0003319309873001362,0.0007376345252802221,8.846493333493243e-06,8.49354418602636e-06,8.829059906044085e-06
1304.0,0.1244816045098854,0.001727235199049127,0.000335683110150207,0.0007370747216318048,8.866730050676666e-06,8.526219208004156e-06,8.919080746981542e-06
1305.0,0.1243311127703661,0.001588215980300623,0.0003332385369781637,0.0007365198188470299,8.8586990106257e-06,8.456933607775293e-06,8.870502774241243e-06
1306.0,0.1234120093969481,0.001617346613877478,0.0003340827474204112,0.0007359744406461758,8.810635833626836e-06,8.423644246591563e-06,8.790652392220687e-06
1307.0,0.1227870082148839,0.001524458644496455,0.0003317435978964729,0.0007354123482588568,8.795490747237142e-06,8.39885893275048e-06,8.731854991596287e-06
1308.0,0.1232600573437977,0.001714939177631622,0.0003365794839938794,0.0007348202633307457,8.824410477495438e-06,8.417549523582292e-06,8.749034874430179e-06
1309.0,0.1231261949446684,0.001593116179349509,0.0003325032944967649,0.0007342315300827245,8.794361123525058e-06,8.34986051065915e-06,8.695440539167214e-06
1310.0,0.1230163533531197,0.001929078100624009,0.0003412975351628981,0.0007336915824179641,8.810076558934719e-06,8.385132272503138e-06,8.740865948657635e-06
1311.0,0.1223579498776039,0.001596070625364641,0.0003338488681878034,0.0007331351295948816,8.811845122274482e-06,8.403065170925416e-06,8.661164933056962e-06
1312.0,0.122456224236018,0.00180615467629933,0.000342309920683162,0.0007325907885129978,8.819685085260709e-06,8.382794860145028e-06,8.717190413961847e-06
1313.0,0.1211794433928114,0.001572956425138353,0.0003338061490754916,0.000732072908138661,8.754447103493425e-06,8.309081541286586e-06,8.60472604296281e-06
1314.0,0.1207579338162941,0.001691062211730227,0.0003360069480532456,0.0007315912462295983,8.749994688517546e-06,8.298439591099914e-06,8.596697175903802e-06
1315.0,0.1212535937479719,0.001559679175646646,0.0003359567126779266,0.0007310749646189862,8.732949358498626e-06,8.281870731149827e-06,8.577101739857234e-06
1316.0,0.1212322671653671,0.00162950719107976,0.0003357898514853078,0.0007305529025402409,8.695792797865699e-06,8.268561637112822e-06,8.603256745943411e-06
1317.0,0.1203864908739172,0.001627607620016558,0.0003389322521096662,0.0007300851041750628,8.711380426600263e-06,8.252608458703135e-06,8.636084131318342e-06
1318.0,0.1205594884808424,0.001447125059767001,0.0003329306411092438,0.0007295538864503575,8.65191563309068e-06,8.252274613613458e-06,8.519504661712941e-06
1319.0,0.1196834279254498,0.001497427410476284,0.0003362629870809029,0.0007290735926643858,8.664644321096218e-06,8.213104884360419e-06,8.516582443493563e-06
1320.0,0.1208515124648851,0.001611697844658986,0.0003378735421435282,0.0007285951505785544,8.675785157255587e-06,8.198360530133507e-06,8.520592282532126e-06
1321.0,0.1217076828491049,0.001803288532153751,0.0003463915788705601,0.0007281376392904951,8.756459434965362e-06,8.276964388250405e-06,8.5479511936859e-06
1322.0,0.1205877657592974,0.001660174237375279,0.0003388389520577757,0.0007276865631233062,8.671754060913488e-06,8.18085362446748e-06,8.460634220448611e-06
1323.0,0.1209708585538052,0.001952723545581693,0.00034988397696358,0.0007272806251753641,8.722530301891718e-06,8.155894008886144e-06,8.4845776176442e-06
1324.0,0.1212234345320207,0.001735631200903143,0.0003437738559006728,0.0007268545166162983,8.702740346723059e-06,8.208550503195397e-06,8.445105227102183e-06
1325.0,0.1205675002001623,0.001580376221473244,0.0003396650658812678,0.0007264634853427623,8.690214898302127e-06,8.19082850436256e-06,8.493773509666065e-06
1326.0,0.1195889429249644,0.001602535363394633,0.0003403977839706452,0.0007260408362805012,8.651390918843636e-06,8.140962981745697e-06,8.418590581835804e-06
1327.0,0.1189171268796608,0.00164437985209751,0.0003426896577742508,0.000725653223431823,8.6637726297406e-06,8.123335946493463e-06,8.434683745596655e-06
1328.0,0.121089693967603,0.001764485917472728,0.0003419713551631341,0.0007252405968524774,8.661943589275973e-06,8.113789703341475e-06,8.46740042885557e-06
1329.0,0.1202305014268854,0.001731812599706982,0.0003466630636268333,0.0007248807085304105,8.671753460244075e-06,8.092590561984494e-06,8.497834199773078e-06
1330.0,0.1204189694637699,0.00194432136732133,0.0003491915398171332,0.0007245003569615157,8.671224279404504e-06,8.130741859007681e-06,8.509345513170662e-06
1331.0,0.1205094632052297,0.001660814168298642,0.000344613577949219,0.0007241336358908985,8.621295813390792e-06,8.085179903471587e-06,8.504317814875217e-06
1332.0,0.1202372095237398,0.001637616031608959,0.0003451117686297174,0.0007238670993585446,8.61755773802893e-06,8.085518890483508e-06,8.497692204771252e-06
1333.0,0.1217482572145297,0.001738688808061313,0.0003483074338983587,0.0007233949272179313,8.704596142105066e-06,8.15524914489746e-06,8.600007292842763e-06
1334.0,0.1209611732511802,0.001456838171945582,0.0003429849339898547,0.0007229790870509443,8.70017582387208e-06,8.088781825064402e-06,8.527304109503892e-06
1335.0,0.1207760168464085,0.001793639761689181,0.0003515136140030205,0.0007226561967138879,8.721783908774307e-06,8.064733031406111e-06,8.569857543837163e-06
1336.0,0.122060428483006,0.001822925674370343,0.0003478075810596853,0.0007222909973696813,8.661455653710974e-06,8.082731665373734e-06,8.559994887878585e-06
1337.0,0.1224317744488572,0.001997887045313096,0.0003596926275773594,0.0007219682687993641,8.720832128389933e-06,8.105824103898147e-06,8.61850569491224e-06
1338.0,0.1228444749409305,0.001893843666109695,0.0003541236126108118,0.0007216134814996296,8.695770833005225e-06,8.11446153235559e-06,8.62886061913219e-06
1339.0,0.1233988807267483,0.002042660839497514,0.0003610623311099555,0.0007213227910405027,8.733052210400309e-06,8.19258159181633e-06,8.74010713131344e-06
1340.0,0.1235205532637316,0.001944676550468712,0.0003590160754755744,0.0007210110000111327,8.722259755993828e-06,8.190581989708855e-06,8.770259168585505e-06
1341.0,0.1233104774152091,0.001781044894383612,0.0003539787801201492,0.0007206776247345928,8.692059859851394e-06,8.14817797639239e-06,8.775901752814748e-06
1342.0,0.1225159104817691,0.001684524631188998,0.0003534175105783818,0.0007203709894972285,8.67960418370012e-06,8.092266590357511e-06,8.713603956457724e-06
1343.0,0.1225982974897897,0.001886843062812214,0.0003583996129918913,0.000720061780120754,8.632976391098887e-06,8.101289936970362e-06,8.730044861100797e-06
1344.0,0.1224129294079823,0.00164120830855655,0.0003517103446114113,0.0007196814579064506,8.58857305708685e-06,8.088553809240343e-06,8.702904650634982e-06
1345.0,0.122860750291722,0.001868672704559197,0.0003583658072855885,0.0007193838644741805,8.585907622634744e-06,8.103095829457417e-06,8.743640339198382e-06
1346.0,0.1226665523060642,0.001636292284029929,0.0003551646759593426,0.0007190477054630256,8.562444282407496e-06,8.107718295117273e-06,8.713257863562577e-06
1347.0,0.123478686089591,0.001683391595087689,0.0003570071812977026,0.0007187466920663877,8.586698341299945e-06,8.116366319936712e-06,8.796160109235425e-06
1348.0,0.1243614919815683,0.00180798582953423,0.0003588694942758022,0.0007183614455178624,8.57650275552482e-06,8.084876595438453e-06,8.785653908655512e-06
1349.0,0.1231302870041836,0.00168523076345709,0.0003605510320266307,0.0007179780522067427,8.577681046505684e-06,8.086787418889197e-06,8.782039999702518e-06
1350.0,0.1230912665087532,0.00154158019256394,0.0003544895504195989,0.0007176040472265143,8.537540609437356e-06,8.05146118267217e-06,8.773579799973663e-06
1351.0,0.1229386040072596,0.001696703286839106,0.000360837986598458,0.0007172712163864396,8.540728290677151e-06,8.02379493300396e-06,8.7822871629422e-06
1352.0,0.122855935898234,0.001703764727420298,0.0003603584521468061,0.0007169141059541955,8.502552217587056e-06,8.036098222787931e-06,8.759697675531165e-06
1353.0,0.1232841812550485,0.001649456854968562,0.0003621421564823987,0.0007165753297615166,8.522298357315485e-06,8.061854892698009e-06,8.733347173403765e-06
1354.0,0.1240467891960531,0.001776763173778242,0.0003658465611265125,0.0007161732618183243,8.477170041641582e-06,8.10103475256454e-06,8.763726458284889e-06
1355.0,0.1247900366223543,0.001893544428858145,0.0003719965595432003,0.0007158300457684351,8.501504718198598e-06,8.105709895001211e-06,8.8024164298093e-06
1356.0,0.1256506794174629,0.002019960708751713,0.0003752948250320367,0.0007154477513207155,8.52208826651749e-06,8.129945320181732e-06,8.82083487778617e-06
1357.0,0.1253993769318522,0.001835796747070208,0.0003728687316247739,0.0007150805536430017,8.530091489875607e-06,8.157503877561262e-06,8.827358033677398e-06
1358.0,0.1246446883921882,0.001793535757346009,0.0003732732878946549,0.0007146613446861002,8.489773451044708e-06,8.123296987146205e-06,8.820128265970933e-06
1359.0,0.1238990200521469,0.00185084605732129,0.0003710016447939217,0.0007143115044891917,8.480470076885742e-06,8.140263290895181e-06,8.775121144062155e-06
1360.0,0.1242467955233626,0.001903259162743475,0.0003742824292636718,0.0007139186235329064,8.450550050333091e-06,8.12051417250962e-06,8.773027657445387e-06
1361.0,0.1250137988503367,0.002001898382718294,0.0003790140521232195,0.0007135354909526199,8.470209524127842e-06,8.158529805981906e-06,8.772479013737902e-06
1362.0,0.1249454196303517,0.001968553810209173,0.0003793791513709421,0.0007131611430483332,8.4926627778309e-06,8.161829726546054e-06,8.750037716223656e-06
1363.0,0.1255493381300703,0.002313834041880847,0.0003893881216692539,0.000712819297651201,8.521759407539011e-06,8.171836180677293e-06,8.757449318958995e-06
1364.0,0.1252992144263599,0.002413975499252267,0.000392746653340762,0.0007124351804000033,8.47506848286459e-06,8.17111129639843e-06,8.787738309804313e-06
1365.0,0.1243507894315383,0.001850318242555183,0.0003822669696617782,0.0007120500635779933,8.413312215444e-06,8.175363311035503e-06,8.710197865743377e-06
1366.0,0.1240046214837463,0.001863221785159331,0.0003831703931118787,0.0007116192979154507,8.341616351965683e-06,8.148363560612155e-06,8.693376162421618e-06
1367.0,0.1238480358943834,0.001894838653268382,0.0003823471909641652,0.0007113018169577872,8.362992963157469e-06,8.128622714470093e-06,8.694132688931418e-06
1368.0,0.1232946596828025,0.00189417104520975,0.000381108153561098,0.0007109210135862514,8.313942418614489e-06,8.105863272243703e-06,8.635281160544558e-06
1369.0,0.1237550177969653,0.002280400900722411,0.0003940062919633728,0.0007105601516256786,8.324265201205513e-06,8.106846801490763e-06,8.583485357462521e-06
1370.0,0.1238572414888297,0.002129831586257485,0.0003868910236492614,0.0007101746379501305,8.275320911600946e-06,8.131493710144963e-06,8.579346833614395e-06
1371.0,0.1233846425136578,0.002651716482862717,0.0004080859188490589,0.0007100114197753894,8.281032632679403e-06,8.133940186161568e-06,8.62431430140547e-06
1372.0,0.1235754961709351,0.002287077001053977,0.0003989576895325679,0.0007095498866744467,8.281480065210594e-06,8.149576048220817e-06,8.60923529431813e-06
1373.0,0.1207943635192728,0.00195973811251327,0.0003926665382248234,0.0007091830623068682,8.20976111864268e-06,8.045321973710829e-06,8.494128726342186e-06
1374.0,0.1208110839375625,0.001805868890291632,0.0003885720191977088,0.0007088303593664359,8.155897865940589e-06,8.015443977251761e-06,8.491917567996832e-06
1375.0,0.1203454858540972,0.001986089022473866,0.00039367005806379,0.0007085830577938578,8.182598774904134e-06,8.004808458667692e-06,8.477907335697585e-06
1376.0,0.1199529413511081,0.001794156371877265,0.0003874262335642731,0.0007082060409481374,8.091760731734167e-06,7.994161282145374e-06,8.383039633846184e-06
1377.0,0.1193801191619066,0.001870549994499453,0.0003938591408900989,0.0007078664537220185,8.117715847705357e-06,8.018084090019212e-06,8.397425402565141e-06
1378.0,0.1194540765943872,0.002193719135791368,0.0003997471913928895,0.0007075219137315426,8.073303005033806e-06,7.998074587504776e-06,8.432240636202792e-06
1379.0,0.1181360435903477,0.002173875311217374,0.0003950509235497659,0.0007073099379418003,8.070937924530513e-06,7.981951553905107e-06,8.350652503071688e-06
1380.0,0.1177049349006444,0.002275165287541301,0.0004004830478748955,0.0007070040870069524,7.985684234952952e-06,7.927673903894286e-06,8.281559130634803e-06
1381.0,0.1168641939637635,0.002073155239525743,0.0004003764052906616,0.00070672844249956,8.001539209897668e-06,7.928849073452852e-06,8.266865704213837e-06
1382.0,0.1172691081661851,0.002014667367800417,0.0003997778144686407,0.0007063941306348695,8.006257978669859e-06,7.912324965784687e-06,8.29712230874584e-06
1383.0,0.1160031604453623,0.001993935056149703,0.0003981994822012887,0.0007061908234725847,7.978653670177608e-06,7.860856192245467e-06,8.229318444918587e-06
1384.0,0.116399618243198,0.00199761479889228,0.0003997753027080357,0.0007058700133024837,7.950510884045345e-06,7.863482422182367e-06,8.214787480190055e-06
1385.0,0.1154996813102625,0.001891061544673939,0.0004005991333723334,0.0007056085026381085,7.938738913014222e-06,7.866126631990046e-06,8.195553569712305e-06
1386.0,0.1167462395368687,0.002077945415556698,0.0003994053312510029,0.0007052318411092562,7.877606537191125e-06,7.852966859303036e-06,8.142447242262213e-06
1387.0,0.1156243169319781,0.002288248221738507,0.0004005223030547175,0.0007050053635298403,7.929987827950164e-06,7.862909096597155e-06,8.168305007434388e-06
1388.0,0.1157428671336415,0.002500272262249906,0.0004079245220033136,0.0007046959432309251,7.94724271668052e-06,7.865658647143067e-06,8.103517881007833e-06
1389.0,0.1159529631415532,0.002016013676533472,0.0004020787969732231,0.0007044270583530992,7.885674060916577e-06,7.85540622278846e-06,8.083074099035856e-06
1390.0,0.1160644640764401,0.002008686985474596,0.0004037022028005436,0.0007041140553090489,7.894860366183932e-06,7.882204362730924e-06,8.155846046062488e-06
1391.0,0.1153933149081682,0.001979943741414914,0.0004013427653718141,0.0007038691481118972,7.868039963377981e-06,7.854265864091496e-06,8.083956817527964e-06
1392.0,0.1145436907376751,0.001765878240580439,0.0003966710019138905,0.0007035394672992253,7.78577863416354e-06,7.8182325803194e-06,7.99464410119584e-06
1393.0,0.1149101362396432,0.002196056994484006,0.0004062149109983761,0.0007032556577732793,7.809590701910731e-06,7.829280105082484e-06,7.977138677295889e-06
1394.0,0.1156307914578162,0.002092842131460487,0.0004010964586215345,0.0007029161360741221,7.862811122593562e-06,7.840333815441571e-06,8.059436677434018e-06
1395.0,0.1154911730321228,0.002369877317925977,0.0004101184744885379,0.0007027149197215065,7.841774612637196e-06,7.793107330796838e-06,8.006249283869872e-06
1396.0,0.1156754730912925,0.00201055020275401,0.0004021712524258384,0.0007024155813117945,7.808661218121574e-06,7.824361256000176e-06,7.997800006462268e-06
1397.0,0.1147061128991565,0.001965556361883239,0.0004067299877992299,0.0007022104000703185,7.836458399127358e-06,7.851693668976477e-06,7.999857785605864e-06
1398.0,0.1149091149696524,0.001795846592159971,0.0004006841525299982,0.0007019344463741013,7.767357220073585e-06,7.812747732080841e-06,7.96758265111961e-06
1399.0,0.1136749867684922,0.001963208040130476,0.0004030773343581658,0.0007017505914354173,7.731496288430398e-06,7.790584158442564e-06,7.888738138804565e-06
1400.0,0.1134854373868133,0.001850360730536771,0.0004001503719405111,0.0007014801000791434,7.715803879397342e-06,7.80517260141677e-06,7.888067794518593e-06
1401.0,0.1135088389754058,0.001787139246384483,0.0003990994001182896,0.0007012842501583682,7.728540438839222e-06,7.812673958053481e-06,7.840174249112175e-06
1402.0,0.1136892879758026,0.002110908590907411,0.0004052888909225983,0.0007010556523937827,7.769154911208416e-06,7.81496039267197e-06,7.892057658434176e-06
1403.0,0.113912608674848,0.002275057148474752,0.0004039877427264578,0.0007009050132123031,7.805583020437547e-06,7.820515990427475e-06,7.863630028139108e-06
1404.0,0.1140041164180836,0.002359226844259471,0.0004101723580480733,0.0007007162438816795,7.722478937437655e-06,7.786624567695788e-06,7.821421208313428e-06
1405.0,0.115373843739609,0.002357535958241689,0.0004157840303152416,0.0007005668372216934,7.773733116819521e-06,7.845097270451334e-06,7.842828354718247e-06
1406.0,0.1151747928939401,0.002072034690601156,0.0004073492892314468,0.0007003636220684103,7.774277635237673e-06,7.81733607380141e-06,7.82803441648177e-06
1407.0,0.1138922606778114,0.002009680336349333,0.0004055722443862743,0.0007002287471777776,7.722683354189524e-06,7.815702626885338e-06,7.758934981045256e-06
1408.0,0.1147516811886548,0.002147717303221154,0.0004093524487479989,0.0007000906022925524,7.78392511300131e-06,7.836537712887817e-06,7.808212987744183e-06
1409.0,0.1152777937481786,0.002053358705717285,0.000406129760278886,0.0006999341041722879,7.81903585929781e-06,7.823188045540205e-06,7.792236380241799e-06
1410.0,0.1137638371466821,0.00225030371682141,0.0004091204307844738,0.0006998417336473674,7.770565524012361e-06,7.753886779386535e-06,7.792707137305428e-06
1411.0,0.1131640209309242,0.002497555068912369,0.0004147142669917986,0.0006997599717694366,7.736599363112449e-06,7.758484214049485e-06,7.739552970483478e-06
1412.0,0.1121716383021508,0.002117441041196928,0.0004097804200860316,0.0006996414203863909,7.683625573212724e-06,7.733874761448514e-06,7.741442083332274e-06
1413.0,0.111678432810572,0.002100596117804558,0.0004102776946815056,0.0006996486522374127,7.728707790142381e-06,7.732927580251912e-06,7.698094818839917e-06
1414.0,0.1128350909201654,0.002178812399709868,0.0004118212976404238,0.0006995779865016466,7.7087509078117e-06,7.753787878704342e-06,7.646686133119314e-06
1415.0,0.1127238817398632,0.002133952911400634,0.0004107477436478043,0.0006995427339563979,7.735351398131121e-06,7.754950638814118e-06,7.622648220110352e-06
1416.0,0.1132539787001426,0.00226734660349569,0.0004158427795938324,0.0006994649340135396,7.766396796913543e-06,7.752951163482346e-06,7.702576889655497e-06
1417.0,0.1116281450120424,0.001915247260844062,0.0004062024835126505,0.0006993950061136315,7.692202436229604e-06,7.680748535513596e-06,7.627098809788076e-06
1418.0,0.1112950354151267,0.001885625723519081,0.0004049827295026014,0.0006992867573752094,7.663882221933724e-06,7.633288426407462e-06,7.60239804163721e-06
1419.0,0.1099363280165995,0.001794097294219432,0.0004018434933983282,0.0006992518982608981,7.689629269365282e-06,7.612615382953156e-06,7.600593767405856e-06
1420.0,0.1100742763802191,0.001775972927029901,0.0003986175683279635,0.0006991601556944799,7.66178614487578e-06,7.596925055505436e-06,7.544931029375048e-06
1421.0,0.1096427657337388,0.001806189327907849,0.0004017609771565681,0.0006991521501423245,7.643247316021576e-06,7.590285929143977e-06,7.491867889775266e-06
1422.0,0.1089004588236152,0.002162988419536111,0.0004088240936808388,0.00069912224493465,7.607792034617423e-06,7.586128854635519e-06,7.50636432981362e-06
1423.0,0.1086440129900651,0.002089096429491206,0.0004088725475793012,0.0006990820187455487,7.549717051667051e-06,7.5688927648143e-06,7.428965631488128e-06
1424.0,0.1082203513030622,0.002036132983751227,0.0004055312983593005,0.0006989817628708477,7.523687175089049e-06,7.515074759600015e-06,7.376645303365691e-06
1425.0,0.1083331680068129,0.001697579949558364,0.0003991278222928565,0.0006988814614378734,7.530415588893374e-06,7.513915371680858e-06,7.406946287726536e-06
1426.0,0.1074345836498012,0.002115063973425928,0.0004042407199615666,0.0006987184234605166,7.547610239865458e-06,7.470825471852905e-06,7.400489864837061e-06
1427.0,0.1067293545493181,0.001941839744443116,0.0004024200755011571,0.000698590267940416,7.481217098258046e-06,7.404159440898883e-06,7.364095643958776e-06
1428.0,0.1057956529195789,0.00181439405397937,0.0003985000564733008,0.0006984270865571459,7.433216165642189e-06,7.391262993717779e-06,7.318250920521538e-06
1429.0,0.1052179820726382,0.001644351949879408,0.0003936446790714284,0.0006982664474272571,7.354404448732712e-06,7.347342591042319e-06,7.24977614203687e-06
1430.0,0.1054996610528153,0.001596501868005441,0.0003916019976643498,0.000698045738555989,7.331379484298684e-06,7.382403559538539e-06,7.1730096010149e-06
1431.0,0.1056515584119774,0.002052931394696673,0.0004024434807877836,0.0006978707944111277,7.391372580926298e-06,7.386094092010759e-06,7.260836178855542e-06
1432.0,0.1048970771730076,0.00174793688254912,0.0003958057182749382,0.0006976377582186933,7.369476303235165e-06,7.333474974636723e-06,7.229261119511978e-06
1433.0,0.1047948946662172,0.001889493652923301,0.000396200394865863,0.0006973818374816502,7.317607721345527e-06,7.328285242143493e-06,7.230148747298089e-06
1434.0,0.1040271408076948,0.001828676675036542,0.0003936440311391053,0.0006970788455718305,7.279933140238315e-06,7.300133069203695e-06,7.164419285984926e-06
1435.0,0.1042378573220709,0.001658029482736443,0.0003899168212326219,0.0006967838601943926,7.262890336575167e-06,7.289984222288279e-06,7.168819520364574e-06
1436.0,0.1043834760805205,0.001950059624898068,0.0003966950354296888,0.0006964741656092536,7.254530955960382e-06,7.267019159921459e-06,7.17785850571399e-06
1437.0,0.1035286454302426,0.001851657820095753,0.000391565212335897,0.0006962199337719686,7.211103124661465e-06,7.261033037128285e-06,7.105474524524071e-06
1438.0,0.1035770640056831,0.002137275107694678,0.0003967271317698413,0.0006958667196627437,7.146585926248096e-06,7.22293945946843e-06,7.109225195433974e-06
1439.0,0.1020296162985744,0.001730034391446155,0.0003882970615472009,0.0006955364735126277,7.065548388759462e-06,7.152191671654104e-06,7.067414848981912e-06
1440.0,0.1017802508802285,0.001809936096731707,0.000387340284114189,0.0006951592802128143,7.053978786044375e-06,7.144374514850631e-06,7.015728645755073e-06
1441.0,0.1020413268687711,0.001810112791935446,0.0003884938843287073,0.0006948142278767052,7.037816959419406e-06,7.112820885905401e-06,7.045946346809396e-06
1442.0,0.1018088191949225,0.001973082468163561,0.0003887647583404647,0.0006944173872452872,7.056063404309706e-06,7.149161424046007e-06,7.040870704875793e-06
1443.0,0.1023609388439434,0.001717779464429978,0.0003844766311070896,0.0006940195710796205,7.026318037768261e-06,7.148892039492332e-06,7.058590522266369e-06
1444.0,0.102514084849449,0.001660565333676467,0.0003827184299264619,0.0006936014189995028,7.064223679330665e-06,7.167444626006812e-06,7.065279550429397e-06
1445.0,0.1027711299135461,0.002117067293473144,0.0003909978219614764,0.0006932289941821766,7.050012521906064e-06,7.136955475872788e-06,7.099260963200733e-06
1446.0,0.1015845280491323,0.001937912311612432,0.0003892143779068999,0.0006927958202495325,6.953809210252119e-06,7.063153998338577e-06,7.053348006488324e-06
1447.0,0.1010230410189517,0.001722553433365617,0.0003779544773851,0.0006924127339772707,6.913651048957794e-06,7.064836236033863e-06,7.006494934233032e-06
1448.0,0.1017632431036389,0.001958527826925615,0.000383611108031106,0.0006919624473506488,6.940024129056568e-06,7.076696156784664e-06,7.054012391267356e-06
1449.0,0.1009637257951924,0.00160888918995746,0.00037394472725955,0.0006915342744455691,6.908447118772621e-06,7.04779200398842e-06,6.99243464603685e-06
1450.0,0.1011853084558287,0.002154662752665443,0.0003848025330311903,0.0006910964659335534,6.92309025360373e-06,7.045089159399752e-06,7.05528462760764e-06
1451.0,0.1002896250515702,0.001858789816757563,0.0003794885543746318,0.0006906869551317343,6.845350919855893e-06,7.000701187760971e-06,7.024745185481736e-06
1452.0,0.1000714168115692,0.002044847011341093,0.0003814220829873707,0.0006902326258642586,6.828094560946289e-06,6.981977268355411e-06,7.042022279321999e-06
1453.0,0.09938663423996834,0.001717258086853091,0.0003736915992639809,0.000689811174860917,6.803694734286786e-06,6.957914036608892e-06,6.979233878593743e-06
1454.0,0.09877850155034099,0.001583162130368403,0.0003689743052674447,0.0006893451532148593,6.717806259416903e-06,6.924887563766312e-06,6.968169349188858e-06
1455.0,0.098982410597932,0.001799661356657281,0.0003738028447917664,0.0006889084970749476,6.720413813619867e-06,6.93485425493197e-06,6.939604930189576e-06
1456.0,0.09939848181974306,0.001751147036164929,0.0003741575586407941,0.0006884261227368801,6.766413872586237e-06,6.982709776173424e-06,7.020559648623095e-06
1457.0,0.09926637391744829,0.002042110881887168,0.0003755364890682456,0.0006879558502608972,6.828940900824824e-06,7.007631789835083e-06,7.029903813046513e-06
1458.0,0.1001605172471691,0.001906355369472661,0.0003743573995655515,0.0006874510901503333,6.78244351252717e-06,6.982929470518438e-06,6.980610951870191e-06
1459.0,0.09926110015233079,0.001669334027267888,0.000369844403718405,0.0006869934899029727,6.753587871112377e-06,6.986310453958066e-06,7.00381736282759e-06
1460.0,0.09902925332790392,0.001923256423686424,0.0003720968250427435,0.000686477037575601,6.716606613507668e-06,6.942954466131863e-06,6.974925931197363e-06
1461.0,0.0982135541490287,0.001876151811846319,0.000369417342301456,0.000685955364980428,6.663599181827081e-06,6.888726985288074e-06,6.899691429673973e-06
1462.0,0.09831345272939863,0.002020286007508879,0.0003700978761440988,0.0006854273735089261,6.645968695732488e-06,6.874242597608082e-06,6.909687965867561e-06
1463.0,0.09838235930204915,0.001926935003545875,0.0003671993049599405,0.0006849857019543226,6.664776070662971e-06,6.870564884295127e-06,6.894336029486024e-06
1464.0,0.09876148150786103,0.001902783264771931,0.0003649653551792849,0.0006844617522192025,6.677398304879603e-06,6.913360612871447e-06,6.901886623404108e-06
1465.0,0.09827373435543872,0.001677079790243815,0.0003615810843386258,0.0006839853951532169,6.655706162822752e-06,6.900208484804973e-06,6.865510493264933e-06
1466.0,0.09898697568655854,0.002309282977507264,0.0003767316535247423,0.0006834777329766392,6.61766766454075e-06,6.889330850954424e-06,6.884098727612614e-06
1467.0,0.09926668554593772,0.002095913061176059,0.0003677516290189356,0.000682946466698005,6.6705631682306e-06,6.905209845813685e-06,6.874775568564648e-06
1468.0,0.098600495039152,0.001695104527826908,0.0003623030845146018,0.0006823858768288529,6.622489337397759e-06,6.86696186875208e-06,6.849674159674883e-06
1469.0,0.09850733425028049,0.00189174216075061,0.0003630542934559688,0.0006818153431877197,6.605503739394236e-06,6.860940421737897e-06,6.831901889587434e-06
1470.0,0.09779747792725842,0.001936484961737534,0.0003641633334806256,0.0006812226218030369,6.618218123524309e-06,6.855459829013654e-06,6.817544309950424e-06
1471.0,0.09825983245584172,0.001847170150541643,0.0003605441318098328,0.000680627663010038,6.673337367681894e-06,6.894131003667235e-06,6.858782393305652e-06
1472.0,0.09875554145966935,0.001746881737402709,0.0003539288860781492,0.0006799843045154615,6.649682497860713e-06,6.902084328594073e-06,6.817494456678372e-06
1473.0,0.09830550884708784,0.001866612160756953,0.0003596150032791115,0.0006794206784252873,6.637271372056796e-06,6.898539014917517e-06,6.841570852151858e-06
1474.0,0.0987244578609638,0.002102499099130498,0.0003572558008349664,0.0006787911359400631,6.61369868538521e-06,6.875742212752038e-06,6.827434273808175e-06
1475.0,0.09801726703705775,0.001947575868840812,0.0003571523090491776,0.0006781946174980389,6.642893957546692e-06,6.841908394810663e-06,6.790466593293554e-06
1476.0,0.09778637191917905,0.001868429546183519,0.0003558940600360073,0.0006775679965826615,6.619745145236287e-06,6.826729331781421e-06,6.761056037670588e-06
1477.0,0.09829016931300967,0.002030393773513199,0.0003574698148859862,0.0006769577212187685,6.677176186531755e-06,6.839811160465779e-06,6.791696730299433e-06
1478.0,0.09788382734255421,0.002103725667301967,0.0003560380916748796,0.0006763445534224401,6.676155797571092e-06,6.831893956599595e-06,6.794697561414146e-06
1479.0,0.0979700554188747,0.001752438215350831,0.0003472593793414398,0.0006757071330340073,6.646846949680614e-06,6.817701629333915e-06,6.773373024559009e-06
1480.0,0.09796397979425957,0.001794960168183415,0.0003508162359569361,0.0006750454411663287,6.643169724710058e-06,6.820042675449649e-06,6.767117283499655e-06
1481.0,0.0986669145371549,0.002056584696262064,0.0003563720071713483,0.0006743775045965427,6.666100057003984e-06,6.826911623358339e-06,6.780650354004506e-06
1482.0,0.09794349051816907,0.002075405857598103,0.0003536769582319926,0.0006736989157290876,6.679680976860415e-06,6.828779543392003e-06,6.796924118972139e-06
1483.0,0.09767534787907066,0.001753812412876856,0.0003461343844849781,0.0006730547126820878,6.680165684250646e-06,6.806583174282272e-06,6.733299138514443e-06
1484.0,0.09822103845455163,0.001792806464558407,0.0003450077918501631,0.0006723506055353755,6.704715853196448e-06,6.816291173434731e-06,6.753256999200619e-06
1485.0,0.09891555100393279,0.002016706244031378,0.0003491769766533024,0.000671637053405646,6.761948302112885e-06,6.826319394074096e-06,6.738353823774162e-06
1486.0,0.09833002722576457,0.001971102949717271,0.0003475074151157684,0.0006709403439212993,6.763818459359358e-06,6.836760683210805e-06,6.798389991650037e-06
1487.0,0.09933356113041569,0.001850626688794504,0.0003461163066080544,0.0006702035686116232,6.793941093308728e-06,6.839064302256876e-06,6.756963565685408e-06
1488.0,0.0998519997547304,0.001888208977039531,0.0003440558672716179,0.0006696967840821869,6.814186806428861e-06,6.883733936023513e-06,6.803568472882036e-06
1489.0,0.09988753616976974,0.001697394306301504,0.0003397187689925618,0.0006689311781273611,6.807375760048033e-06,6.876582605492112e-06,6.860228316176216e-06
1490.0,0.09850575874880266,0.001900046785223467,0.0003414320263079959,0.0006681577907094658,6.814482717342571e-06,6.833154128772596e-06,6.85152236785027e-06
1491.0,0.0985067515257337,0.00159038217199307,0.0003338904572316773,0.0006673769795146174,6.856852216333044e-06,6.826672344130897e-06,6.800370902862425e-06
1492.0,0.09947509014707995,0.001764971649660952,0.0003378482830726967,0.0006668318840989895,6.850433644708974e-06,6.807392041999424e-06,6.807914081684898e-06
1493.0,0.09893743255260432,0.001786658351965977,0.0003394831748476124,0.0006660523444344601,6.869584493998277e-06,6.873081792513524e-06,6.798431796256646e-06
1494.0,0.09904967622811815,0.001718818598830271,0.0003357649633173659,0.0006652797130311064,6.865164308495288e-06,6.836187073404958e-06,6.81337097885296e-06
1495.0,0.09769234993993521,0.001964621328354507,0.0003432059972373971,0.0006645678740434159,6.823680802112429e-06,6.790253229137585e-06,6.760355051421161e-06
1496.0,0.09818486908842596,0.00159431116545279,0.0003343388888680195,0.000663822743055658,6.795365047934238e-06,6.747862555868833e-06,6.737531785000271e-06
1497.0,0.09764301015166316,0.00176823000541784,0.0003362929858011067,0.0006630953363967217,6.809090796251743e-06,6.745890498588719e-06,6.723879097110908e-06
1498.0,0.0987585782062194,0.001805285228088477,0.0003322930126505843,0.0006623214186164115,6.83599874544361e-06,6.741281329700428e-06,6.715874782494132e-06
1499.0,0.0989456137022895,0.001859323811314321,0.0003354015065088012,0.000661587910310146,6.869484070777746e-06,6.759646724253513e-06,6.751874280489498e-06
1500.0,0.09823047585382118,0.00180255136272945,0.0003370026078489188,0.0006609086103855376,6.887091688504795e-06,6.759540667346585e-06,6.732837625122546e-06
1501.0,0.09811678417483682,0.001875801507382571,0.0003384830539077202,0.0006601567433547496,6.858208384328618e-06,6.732859406239922e-06,6.745424159747721e-06
1502.0,0.09665388847068657,0.001607104749503246,0.0003295898545833567,0.0006594280869785187,6.813124320610593e-06,6.723787223183671e-06,6.678993119480147e-06
1503.0,0.097115212797736,0.001721795215643568,0.0003306890413053787,0.00065873821159935,6.795045435621154e-06,6.692498809418733e-06,6.705986425578902e-06
1504.0,0.09805940555600771,0.001661016613835718,0.0003268981945710044,0.0006580155060654396,6.860700241769666e-06,6.749978363748948e-06,6.737238116741424e-06
1505.0,0.09860868324385899,0.001656697148178248,0.0003266568040226949,0.0006573003312584052,6.819711770576348e-06,6.748901020323562e-06,6.742536447607913e-06
1506.0,0.09813488151801612,0.001887484226588139,0.0003366260647127192,0.0006566557119197603,6.873889143812416e-06,6.759654247798928e-06,6.783937528065817e-06
1507.0,0.09803937872549151,0.001693235469580924,0.0003279315372442669,0.0006560736164982034,6.851005531410985e-06,6.729155335955477e-06,6.744108261708264e-06
1508.0,0.09758699452488388,0.001606318057580555,0.0003256474104687571,0.0006555103771545347,6.764376026511585e-06,6.696499803979661e-06,6.654410679685246e-06
1509.0,0.09691837767389629,0.001725271328299794,0.0003302301254869615,0.0006549233793025965,6.760225827717096e-06,6.696002564299089e-06,6.659255138920998e-06
1510.0,0.09711953206638049,0.001646399211849465,0.0003270454228438496,0.0006543779805582241,6.793683081073083e-06,6.678514732147291e-06,6.671315393422296e-06
1511.0,0.09659995704563402,0.001857796072260885,0.0003330957887579368,0.0006539016832576037,6.874328345673784e-06,6.679048302095283e-06,6.74034962454775e-06
1512.0,0.09669107330974822,0.001686893919302963,0.0003240101581702957,0.0006534232139190686,6.806772014006225e-06,6.648968324953426e-06,6.669288516145088e-06
1513.0,0.09705091677331852,0.001956724696403736,0.0003320643194473195,0.0006529711261495291,6.841294134190109e-06,6.680252029346706e-06,6.736551602111495e-06
1514.0,0.09584416205677178,0.001593748500686196,0.0003220065410801863,0.0006525473911079306,6.768383632984423e-06,6.635008064809822e-06,6.695789308716584e-06
1515.0,0.09546832317194213,0.00163967500142643,0.0003250656804636952,0.0006521646253198258,6.793629611532773e-06,6.622889895529068e-06,6.697569458850724e-06
1516.0,0.09509863477154984,0.001696127760406716,0.0003260772384098904,0.0006518424353452044,6.834436378233017e-06,6.638195240577439e-06,6.69662118615408e-06
1517.0,0.09364827985824378,0.001539850312593182,0.00031800134866517,0.0006515312142510579,6.797962676339681e-06,6.62182567706244e-06,6.616877375375235e-06
1518.0,0.09445511760943272,0.001537773263201675,0.0003193428974003985,0.0006512732464140338,6.767513355557516e-06,6.612009097162649e-06,6.618754437386684e-06
1519.0,0.09372326019813243,0.001728306280379486,0.0003235620241199121,0.0006510696464191078,6.746746474964327e-06,6.603261153207894e-06,6.616641173425136e-06
1520.0,0.09397577239502773,0.001832269227031319,0.0003239135119760339,0.0006508282187342565,6.758501111500155e-06,6.614542815753178e-06,6.637425184975088e-06
1521.0,0.09336871878592432,0.001722476672839455,0.0003262381668922562,0.0006506406424294513,6.76699318032056e-06,6.604269560521537e-06,6.622224565003081e-06
1522.0,0.09289314149355031,0.001746531972664572,0.0003237744135433306,0.0006504783341659458,6.771745777980555e-06,6.607600030104574e-06,6.638414825099648e-06
1523.0,0.09344310216347469,0.001521089502843011,0.0003200981294307183,0.0006504248369512247,6.78213552868566e-06,6.570055626471578e-06,6.630445239248816e-06
1524.0,0.09379254685388135,0.001553102143328373,0.0003158191368417913,0.0006503414638618007,6.760722138795188e-06,6.590922128591315e-06,6.617294200148885e-06
1525.0,0.09311684371903743,0.001713870626169529,0.0003222959331769043,0.0006503081592427216,6.795154185679851e-06,6.616519871972138e-06,6.660926826892724e-06
1526.0,0.0928669773031149,0.001798129081868909,0.0003205755365397672,0.0006503106685948768,6.750738417167762e-06,6.600696969948443e-06,6.647237276455439e-06
1527.0,0.09205744342772304,0.001576650451075365,0.0003148393031632057,0.0006503394790393646,6.776423129961378e-06,6.627994888013719e-06,6.606867282352235e-06
1528.0,0.09242154031527869,0.001524810661421718,0.0003134110887870502,0.0006503501100187176,6.737295601766103e-06,6.598919216718243e-06,6.620414712931454e-06
1529.0,0.09203838971211138,0.001321343040551872,0.0003105024312373091,0.0006503678440072126,6.780466430226222e-06,6.647133533550287e-06,6.62161663538312e-06
1530.0,0.09137266429223591,0.001522514025930018,0.0003130706222134237,0.000650397597078747,6.76166145578626e-06,6.615773758147446e-06,6.634436958729267e-06
1531.0,0.09043940062458869,0.001605993890934834,0.000315356856540556,0.0006504493050841432,6.725449184754655e-06,6.567253453491201e-06,6.595235663176113e-06
1532.0,0.09067474423012589,0.001795215044724963,0.0003164966725394565,0.0006505210396263968,6.713730078588751e-06,6.562604025823928e-06,6.598690246221272e-06
1533.0,0.09004655068949358,0.001634096570135615,0.000314253177545682,0.0006505449435624049,6.698222326192724e-06,6.561228329260831e-06,6.572952354485403e-06
1534.0,0.08965247878073236,0.001574147712069889,0.0003125779833664948,0.0006505801971778986,6.683493622882909e-06,6.577128297181273e-06,6.620097867939163e-06
1535.0,0.08970070433028819,0.001620670290054686,0.0003157420685076483,0.0006505896694669803,6.663508450416748e-06,6.561247230706914e-06,6.57094086467701e-06
1536.0,0.0897008414419611,0.001788535728338955,0.0003217866947016642,0.0006507907030070045,6.700384833436212e-06,6.542722860467763e-06,6.592660006266047e-06
1537.0,0.09051384910715679,0.001791703047977048,0.0003173222841882675,0.0006507276100171367,6.721288826668124e-06,6.582247674973077e-06,6.673456481326236e-06
1538.0,0.08777778553118866,0.001528700442104209,0.0003086069061363444,0.0006506694557872976,6.629442796111666e-06,6.518095281675504e-06,6.579574097558509e-06
1539.0,0.08729590875883876,0.00171907202480171,0.0003125597273559698,0.0006505765990095062,6.652235053492354e-06,6.527429738545907e-06,6.559093434609074e-06
1540.0,0.08795529806156853,0.001591817156722886,0.0003109775270047352,0.0006506416044312942,6.637839897725942e-06,6.534708620738574e-06,6.540554049519098e-06
1541.0,0.08740367305675999,0.001494532178611382,0.0003106684454629012,0.0006505093936383566,6.645185042682511e-06,6.534404800859858e-06,6.566987004665316e-06
1542.0,0.08598809194174517,0.001507044962426726,0.0003083154785097037,0.0006503899181310811,6.644686311226556e-06,6.493645629564468e-06,6.559807312987498e-06
1543.0,0.08610582308471926,0.001342730257596174,0.0003043626002310787,0.0006502791397019558,6.565322964730511e-06,6.471696565414758e-06,6.505586148986872e-06
1544.0,0.08720573004545724,0.001387051832986581,0.0003040239842840685,0.0006501180264083001,6.597983000129396e-06,6.515292817416786e-06,6.54808632678091e-06
1545.0,0.08667444541525536,0.001809974088715263,0.0003148208200635493,0.0006500013189679488,6.6262550920174e-06,6.508917495401409e-06,6.558841442511484e-06
1546.0,0.08670683564399997,0.001673687828519877,0.0003137291772276694,0.0006499453760967894,6.589082519796216e-06,6.4854971785747e-06,6.559412258142322e-06
1547.0,0.08685000974330483,0.001527730973595477,0.0003076081340192938,0.0006496618382685961,6.601197322382962e-06,6.545497960889633e-06,6.580409219324481e-06
1548.0,0.08626517426591354,0.001500463439328747,0.0003100661243534692,0.0006493663154855624,6.598283007271683e-06,6.504189276339998e-06,6.571593914675911e-06
1549.0,0.08656502083302091,0.001270194233163256,0.0003033843601071941,0.0006490593803031035,6.591585884805293e-06,6.523600371269666e-06,6.582220503018359e-06
1550.0,0.08534116753481344,0.001589717702347299,0.0003091918517231616,0.0006489095240820344,6.542357900799874e-06,6.488080260479954e-06,6.577682374721011e-06
1551.0,0.0857558135191413,0.001614816469345954,0.0003083705135703527,0.000648524605106587,6.563070857404068e-06,6.529681443671011e-06,6.611818981551814e-06
1552.0,0.08489599262674365,0.001584853028844493,0.0003049717592671279,0.0006481180591398235,6.51827155007892e-06,6.484384906862817e-06,6.548817846700603e-06
1553.0,0.08456875824316012,0.001623542613846046,0.0003093882625324473,0.0006479123011646052,6.596542010793964e-06,6.495863556001618e-06,6.593173885470614e-06
1554.0,0.08674038059325845,0.001790374488092507,0.0003087159764202343,0.0006474475049981927,6.595761351537827e-06,6.541763262044953e-06,6.608432842001214e-06
1555.0,0.0832031497341239,0.001596646550361203,0.0003093364157466273,0.0006469951356778316,6.554280010553904e-06,6.463733593234502e-06,6.527576502500045e-06
1556.0,0.08238845249646573,0.001407366179962603,0.000304140678231607,0.0006467114308727843,6.443219696543953e-06,6.35209948370526e-06,6.455481186717714e-06
1557.0,0.08489763800354964,0.00146747079554063,0.000303858490658306,0.0006462026253058322,6.440033322728717e-06,6.423242100278474e-06,6.586819042708959e-06
1558.0,0.0822330886523315,0.001480698928220362,0.0003038589116117824,0.0006456950033608759,6.46385640804516e-06,6.402249371810178e-06,6.520674723780636e-06
1559.0,0.08288259764675948,0.001740562537860329,0.0003101620685790339,0.0006453889872668382,6.492520909053126e-06,6.394258727541305e-06,6.564170275232616e-06
1560.0,0.08348080529481366,0.001450663224919796,0.0003007104362452029,0.0006448727819603691,6.448550845404437e-06,6.437008114128419e-06,6.555470445621734e-06
1561.0,0.08250084456285367,0.001637596890836038,0.0003036926040050746,0.0006443946064497953,6.439948115552242e-06,6.409890594342894e-06,6.537714624181258e-06
1562.0,0.08281030479967824,0.001504811426749462,0.0003020442071933034,0.0006438890937073693,6.445176449950926e-06,6.386161308472341e-06,6.552638339092628e-06
1563.0,0.08238987939342571,0.001521844573814942,0.0003032419490049888,0.0006435228400752945,6.406716513919809e-06,6.36419661849858e-06,6.532960446699425e-06
1564.0,0.08333021105106084,0.001496047270061529,0.0003058363415851926,0.0006429752373393096,6.458430044949875e-06,6.432988271158345e-06,6.688695247688981e-06
1565.0,0.08059528822595337,0.001239686555853538,0.0002947859093991772,0.0006424723718490538,6.324203078987226e-06,6.288725176284656e-06,6.522209880358901e-06
1566.0,0.08130659497244314,0.0014420018561328,0.0002997348141535328,0.000641963177475825,6.32142929113129e-06,6.295996826257536e-06,6.559116369096439e-06
1567.0,0.08315906893243383,0.00144161934147781,0.0003018404185466131,0.0006414506581383481,6.354373773192034e-06,6.33842353525973e-06,6.581597116559657e-06
1568.0,0.08337442097348781,0.001666882351458888,0.0003070536046787968,0.0006411515663160312,6.412868490087891e-06,6.387040844141871e-06,6.694618396513811e-06
1569.0,0.08491218659756462,0.0014048449951046,0.0003001436436246477,0.0006406558483680755,6.437963070065867e-06,6.404156888242206e-06,6.660821384294675e-06
1570.0,0.08297380673810173,0.00141145414003731,0.0003028959043663251,0.000640167058825145,6.398677122627906e-06,6.331562504527335e-06,6.625354536279205e-06
1571.0,0.08340002899446772,0.001384904046430322,0.0003011822699967515,0.000639666707203727,6.377616698333314e-06,6.340422059958192e-06,6.648961768575318e-06
1572.0,0.08319716544438087,0.00141868042410053,0.0003039699928231292,0.000639198129026184,6.367623841838645e-06,6.343417254390851e-06,6.688759776328805e-06
1573.0,0.08328342241235503,0.001546789475627478,0.0003049133780612017,0.0006388053042419917,6.354905896841808e-06,6.32127347759296e-06,6.668830209911983e-06
1574.0,0.08236827757474238,0.001364750060318273,0.0003008848390242071,0.0006384399649943066,6.308116852289519e-06,6.284393675782498e-06,6.661609697997651e-06
1575.0,0.08239259452682023,0.001361827081730933,0.0002994694921666089,0.0006381287786897034,6.35276870176705e-06,6.291017857187721e-06,6.643456354486276e-06
1576.0,0.08232663322973116,0.001666516843291471,0.00030331839772055,0.0006378054044456403,6.365699821320263e-06,6.2822732155972e-06,6.65352987902274e-06
1577.0,0.08182722647848942,0.001621404609268038,0.0003020547105182014,0.0006375073275282182,6.314477002767805e-06,6.267478700914684e-06,6.634144076696557e-06
1578.0,0.08129366126598743,0.001503564084334884,0.0003028876147005938,0.0006372178970553763,6.298124989335303e-06,6.235505446720301e-06,6.636227830821694e-06
1579.0,0.08201527078578656,0.001391441607092959,0.0002965118987831839,0.0006369647594685465,6.292392942630918e-06,6.257363261059352e-06,6.612027371735213e-06
1580.0,0.08258285580371023,0.00138346003441993,0.0002998616356390003,0.0006366892698437636,6.287149221637468e-06,6.243018993591288e-06,6.578481107357606e-06
1581.0,0.08206573452083288,0.001670803034381966,0.0003081498980837282,0.0006365139624683848,6.332781991150063e-06,6.254311892488561e-06,6.709392838369623e-06
1582.0,0.08301303115641516,0.001354729681094153,0.0003000077118218396,0.0006362992282584777,6.31446972306374e-06,6.225808459198938e-06,6.658095545788288e-06
1583.0,0.08257964570212724,0.001430403029621374,0.0003025625726371094,0.0006361461446311537,6.29213455285443e-06,6.222090335533426e-06,6.680176670075049e-06
1584.0,0.08257835122941257,0.001467393131158363,0.0003041160998787036,0.0006359704266173371,6.27106321072082e-06,6.217848967758218e-06,6.625974827431329e-06
1585.0,0.08136427837187435,0.001306832964818395,0.0003013555416208942,0.000635857353542542,6.218342665036135e-06,6.198860734206225e-06,6.608510437100239e-06
1586.0,0.08131890279420559,0.001560013321062722,0.0003017257330438699,0.0006357397236460497,6.241726159959743e-06,6.211010898010478e-06,6.604826283325778e-06
1587.0,0.08167589470302554,0.001382199747580962,0.0003007491736606262,0.0006356241511292427,6.219512493549656e-06,6.190499302212496e-06,6.56967255715004e-06
1588.0,0.08106462821653485,0.001470729795867042,0.0003003167115706732,0.0006357636300517922,6.271958592686608e-06,6.222160664346995e-06,6.57550213984391e-06
1589.0,0.08207982944566618,0.001624840582914963,0.0003055177899691074,0.0006356361385173474,6.361533856011632e-06,6.267169617844003e-06,6.632834683341271e-06
1590.0,0.079979550415948,0.001386011231270969,0.0002987494777776153,0.0006354370461176838,6.294414171597463e-06,6.174673631839057e-06,6.49441440402068e-06
1591.0,0.08023175214066802,0.001462657881446013,0.0003010455066751338,0.0006353062308110731,6.250492566290801e-06,6.153676835484649e-06,6.52186772092542e-06
1592.0,0.08092626210639198,0.001411471075223597,0.000301494054629155,0.0006354194658480571,6.232295143058526e-06,6.150235389876612e-06,6.511615152748191e-06
1593.0,0.0818151226711074,0.001448345053891907,0.0003041141076955558,0.0006352826467034593,6.268773998163223e-06,6.200970214921818e-06,6.618467517536374e-06
1594.0,0.07969842540732512,0.001528989618336912,0.0002995377617416841,0.0006351633726820834,6.196393068500637e-06,6.103094100224857e-06,6.506779025930402e-06
1595.0,0.0806200718749875,0.001479819931000512,0.0003005571176365332,0.0006350538136684205,6.16882205225054e-06,6.131643609194015e-06,6.463746392140191e-06
1596.0,0.08124158321744306,0.001640309230899005,0.0003049738766149851,0.0006349306633110811,6.26284781715441e-06,6.183615751585354e-06,6.521649941673463e-06
1597.0,0.08125602097503772,0.001454649742864523,0.0003034593116097949,0.0006351077310327494,6.285765874134096e-06,6.19366963107502e-06,6.5362186412564e-06
1598.0,0.08502935567496246,0.001681905597740343,0.000306443581016416,0.0006349355330444288,6.466089071953201e-06,6.348533389316689e-06,6.601640115003338e-06
1599.0,0.08092776100268564,0.001480912660969041,0.0003026932393846439,0.0006347279612192969,6.345768605682127e-06,6.188192904424804e-06,6.408696216951016e-06
1600.0,0.08035983889680841,0.00148133618815266,0.0003035968347966479,0.0006347717680556307,6.322485426719839e-06,6.151713114046972e-06,6.445262689342431e-06
1601.0,0.08176453082465342,0.001419671752260727,0.0003005662924524631,0.0006345282299145694,6.320467285965862e-06,6.182972080581208e-06,6.471941513497643e-06
1602.0,0.07861729102981163,0.001360684870572692,0.000301379705171206,0.0006342897542681869,6.248974882801147e-06,6.035799272328732e-06,6.402380513936926e-06
1603.0,0.07858748594949137,0.001386088233405908,0.0002967888284757852,0.0006340813116846113,6.21025571580058e-06,5.992562944745609e-06,6.35940557919673e-06
1604.0,0.07920605626029022,0.001440378754252982,0.0002987417635097055,0.0006338606048097053,6.191759705709014e-06,6.007372298263748e-06,6.322201407513772e-06
1605.0,0.07845086864061462,0.001238742898179195,0.0002968412648331442,0.0006339010688823189,6.212574872496597e-06,5.990542902919299e-06,6.315976495004109e-06
1606.0,0.07984427152858196,0.00151020115650935,0.0003011925148636043,0.0006336555984200797,6.26738360042787e-06,6.033731494870216e-06,6.373304858434675e-06
1607.0,0.08033648260964499,0.001543465883929511,0.0002998816636022854,0.0006333934809402259,6.216089807050202e-06,5.993939544693843e-06,6.263138407062025e-06
1608.0,0.08085034779797216,0.001599001136629997,0.0003046505241306809,0.0006333778529157823,6.310967358752273e-06,6.01826002693406e-06,6.311586088345118e-06
1609.0,0.08163816165644773,0.001445228924482729,0.0002983384960797901,0.000633064092011952,6.313625313506258e-06,6.054776630405299e-06,6.301150379715814e-06
1610.0,0.07888398097689032,0.001392110644460691,0.0003006576192994867,0.0006327801181785258,6.240924757136207e-06,5.919407871633249e-06,6.226086666681704e-06
1611.0,0.07944969863016728,0.001436908694336767,0.0002984302039760312,0.0006326952883061186,6.242006887376734e-06,5.916841556787769e-06,6.230007608412769e-06
1612.0,0.08037721565824324,0.001277845395200851,0.0002948442274680522,0.0006323526880425541,6.21622029255905e-06,5.92100595073668e-06,6.207777394039771e-06
1613.0,0.07898899506197578,0.001354723075576595,0.00029537586496439,0.0006320252856630023,6.225790107054939e-06,5.851957677210592e-06,6.188409762655618e-06
1614.0,0.07962923095159746,0.001326895746747918,0.000294819868555214,0.0006317459144221761,6.201013878921093e-06,5.853259268220462e-06,6.173034354733114e-06
1615.0,0.08021234134031467,0.001121672506888912,0.0002907872872671232,0.000631676197167268,6.155622396499198e-06,5.853497695464054e-06,6.141252529428915e-06
1616.0,0.08258597897790593,0.001470873637895253,0.0002979058473969971,0.0006313329233305904,6.25995010651939e-06,5.987975877504021e-06,6.313320438236408e-06
1617.0,0.0813591848721714,0.001430216277841719,0.0002976420760785582,0.000630992455857983,6.265971203313603e-06,5.913291439936025e-06,6.276933587747243e-06
1618.0,0.08003159091877798,0.001354112498260612,0.0002944617421388891,0.0006306946758967814,6.228020093053044e-06,5.885247627941068e-06,6.235224054878585e-06
1619.0,0.07894110336712211,0.001208936175558855,0.0002903513031890261,0.0006305592179544059,6.169418800502273e-06,5.799525003697136e-06,6.154772698969959e-06
1620.0,0.08024063804915096,0.001449459710240415,0.000294792345986378,0.0006301348946661735,6.236823475166929e-06,5.858186667940754e-06,6.153976201896608e-06
1621.0,0.0806631204504387,0.001388493000004031,0.0002917124661826069,0.0006297058570863848,6.155169298500223e-06,5.795332905836511e-06,6.10537815341146e-06
1622.0,0.08100940049717972,0.001487679575922167,0.0002964641705031616,0.0006295898966018475,6.227947602101851e-06,5.807428936615696e-06,6.15149908560162e-06
1623.0,0.08286128354872105,0.001860158813644724,0.0003058468719439467,0.00062917728476766,6.327512121350945e-06,5.933223740478872e-06,6.224799399486273e-06
1624.0,0.08143438630635287,0.001594690015654301,0.0003006771486282327,0.0006287698626940293,6.21117508791925e-06,5.850927668651773e-06,6.126995405191793e-06
1625.0,0.08319065292492767,0.001486842881274965,0.0002967730765352541,0.0006285933849437869,6.206237587820689e-06,5.84393268898444e-06,6.202823372998986e-06
1626.0,0.08340885913182608,0.001663019885451782,0.0003015402398563012,0.0006281227228321782,6.300174111176131e-06,5.891682652918369e-06,6.273190349362129e-06
1627.0,0.08271098118276315,0.001425908077580855,0.0002929102912847734,0.0006276846781440354,6.234800869896964e-06,5.862896532701706e-06,6.201901796465485e-06
1628.0,0.0830949486979866,0.001282782961917908,0.000290594267509826,0.0006272653768458014,6.227917116961636e-06,5.817040301348053e-06,6.209543745048894e-06
1629.0,0.08195726869678893,0.001330674109149744,0.0002896301947994451,0.0006270897947883371,6.170344285082452e-06,5.775453893451806e-06,6.187836990783229e-06
1630.0,0.08248114972360082,0.001235037482638781,0.0002885167486603758,0.0006265697915675034,6.15921249893506e-06,5.81802987128642e-06,6.172120702736417e-06
1631.0,0.08191255582998638,0.001300677278988566,0.0002866128361279547,0.0006260576977205614,6.114072256976745e-06,5.777429488785683e-06,6.18171265273212e-06
1632.0,0.08230146144367366,0.001595221072246311,0.000297122452856006,0.0006258150733580899,6.135650675928384e-06,5.769841142169144e-06,6.173636050966803e-06
1633.0,0.08419366172079248,0.001654140286188088,0.0002973893029155372,0.0006252631516967971,6.191324603976388e-06,5.818064395374197e-06,6.277085712544255e-06
1634.0,0.08319725422469594,0.001507581367291664,0.0002927449889351044,0.000624681842033378,6.139001526112666e-06,5.800350254645453e-06,6.167311873704791e-06
1635.0,0.08416110774527294,0.001502264361101013,0.0002958127711106786,0.000624368389731926,6.204981748567552e-06,5.80130171053694e-06,6.281712148692864e-06
1636.0,0.08649482502209166,0.002103215627408582,0.0003034872486062022,0.0006237303909559977,6.286105140013194e-06,5.938230627873501e-06,6.274877746768956e-06
1637.0,0.08459624465206704,0.001903303276639615,0.0003023219785217665,0.000623367412972117,6.24249287953345e-06,5.889518178654397e-06,6.240962907137213e-06
1638.0,0.08660311639959609,0.00168231836644721,0.0002983190335091978,0.0006226971933138314,6.370552411046684e-06,5.979905151022041e-06,6.367879136248052e-06
1639.0,0.08420110562258223,0.001368662984455717,0.000288701433590551,0.0006222731956804195,6.242683982416607e-06,5.809356452990601e-06,6.232666662610646e-06
1640.0,0.0826459232918807,0.001223150072789575,0.0002844482365035708,0.0006216224649063024,6.170499490941936e-06,5.821611235698023e-06,6.236858729043392e-06
1641.0,0.08263977999462105,0.001358523960734092,0.000288416103969613,0.0006209768306854931,6.133710417475253e-06,5.764936565142567e-06,6.267769114195326e-06
1642.0,0.08290552781753302,0.001319753521836389,0.0002864984107060427,0.0006202497116835096,6.107187148448889e-06,5.748837629572012e-06,6.241042772151051e-06
1643.0,0.0812690451664868,0.001561372223965578,0.0002899126407675558,0.0006198367878981266,6.13706808784111e-06,5.728869410114616e-06,6.250132616352385e-06
1644.0,0.08171596132751661,0.001709118097990876,0.0002886842902519124,0.0006190868256544317,6.079745798561478e-06,5.739883692279558e-06,6.15975457576619e-06
1645.0,0.08138523101895474,0.002013774318262508,0.0002957614232975384,0.0006184069251417888,6.180303976556071e-06,5.770228093310358e-06,6.228424952017339e-06
1646.0,0.08269837794727805,0.002033053731064942,0.0002977999656751177,0.0006179138659319571,6.196721219943493e-06,5.739905753780305e-06,6.242047267074157e-06
1647.0,0.08517709541721909,0.001792227261877883,0.000297748339164471,0.0006171549691362171,6.312482973430815e-06,5.905349558490886e-06,6.281153572288919e-06
1648.0,0.08180304932011558,0.001641668467800547,0.0002932662382979495,0.0006165150216351866,6.222943970320811e-06,5.846678374037839e-06,6.218096786805056e-06
1649.0,0.08151684857148211,0.00127501470382597,0.0002819653207855463,0.0006156914104664602,6.148371900797973e-06,5.812476461623758e-06,6.276290325414306e-06
1650.0,0.07865577472881559,0.001179617215699817,0.0002815712327055805,0.0006149306578367257,6.067677226974863e-06,5.685458075991624e-06,6.161283873209025e-06
1651.0,0.0775428665009418,0.001283086453394771,0.0002831103007402177,0.0006144468386216452,6.014096320627417e-06,5.66345105128281e-06,6.145717087882283e-06
1652.0,0.0777124278784683,0.001522894478986353,0.0002836911204224869,0.0006136547105553406,5.997767465953839e-06,5.688474038736265e-06,6.130779308669862e-06
1653.0,0.07615353676101964,0.001827978430544816,0.0002919491712661852,0.0006130247896100884,6.056862928357825e-06,5.610775210686591e-06,6.147884716966469e-06
1654.0,0.07503434609547796,0.001307828149975297,0.0002773026355766605,0.0006123239340458785,5.997988365443137e-06,5.573570469062489e-06,6.072716264227705e-06
1655.0,0.07535182543472461,0.001363340520313435,0.0002783102299974837,0.000611698992765064,5.984057095842724e-06,5.583813777806082e-06,6.079018622478806e-06
1656.0,0.07526151135399445,0.001602018282460507,0.0002835966490253451,0.0006113282723338705,5.947480687778708e-06,5.582217694679739e-06,6.086698759546533e-06
1657.0,0.07744561302064251,0.001583215595759614,0.0002820010475480086,0.0006107194832406192,5.948666145103677e-06,5.672620092883232e-06,6.137978781879554e-06
1658.0,0.0751733438757502,0.001816777250602509,0.0002940303397348783,0.000610160083524923,6.016569525055997e-06,5.629588111012818e-06,6.167143231353424e-06
1659.0,0.0751419560298097,0.00163064697472313,0.0002861437656091526,0.0006096192066507328,6.008972279235351e-06,5.616372030486401e-06,6.126173828392787e-06
1660.0,0.0745817014414999,0.001163536839815807,0.0002736916636172976,0.0006094159730459662,5.94616611823395e-06,5.544248504179282e-06,6.055019600611066e-06
1661.0,0.07547440125348094,0.001506051920613581,0.0002831682008078606,0.0006089968381676653,6.025256419291303e-06,5.668360330320139e-06,6.212932785935559e-06
1662.0,0.07362112325062646,0.001153704258635907,0.0002730285518688758,0.0006086131416599948,5.92309679516771e-06,5.60922818566687e-06,6.114128881940922e-06
1663.0,0.073748049997256,0.001715088844741008,0.0002856419080441272,0.0006085731136715786,5.953353439051438e-06,5.617305147821205e-06,6.122032458769422e-06
1664.0,0.07494230015908804,0.001594649491624157,0.0002763857507691033,0.0006082221571625968,5.920271667767603e-06,5.657023106163438e-06,6.170675834807648e-06
1665.0,0.07175188462518228,0.001806368035930898,0.0002874280458064534,0.0006079937686444809,5.899481464493494e-06,5.528825296731294e-06,6.097688053571053e-06
1666.0,0.07144034887301842,0.001562326992664066,0.0002768057786854367,0.0006078014812353199,5.820541614495327e-06,5.52039359753963e-06,6.08037359102536e-06
1667.0,0.07138491623889194,0.001411527043065783,0.000274159052381154,0.0006079829154598228,5.820850175666833e-06,5.474291307315277e-06,6.044676631206072e-06
1668.0,0.07171849878007651,0.001202455629819571,0.0002677531979772381,0.0006078465709398383,5.816539789028898e-06,5.51219101313346e-06,6.078072394976634e-06
1669.0,0.07017968200144824,0.001556126692207511,0.0002758606248974523,0.0006078086869727029,5.858419743422438e-06,5.492568271246566e-06,6.116676760170583e-06
1670.0,0.07098209852938511,0.001428395163579912,0.0002670314539786439,0.0006077342593002606,5.835226518563348e-06,5.483902633067386e-06,6.072335383588849e-06
1671.0,0.07087705895957482,0.001607822868051892,0.0002764223417302868,0.0006077217244529395,5.795493323759674e-06,5.486182456505704e-06,6.093136142595769e-06
1672.0,0.07011078488769995,0.00164644771364646,0.0002756647925433815,0.0006079478594557774,5.739913381360518e-06,5.471231050630222e-06,6.088734579791162e-06
1673.0,0.07093431836263968,0.001733376918560591,0.000274825002334752,0.0006079039849901634,5.774651138382553e-06,5.509400625666056e-06,6.191150208067023e-06
1674.0,0.06919630264099517,0.001482180278282576,0.00026881381452138,0.0006078275782686018,5.692376245576982e-06,5.419603623925934e-06,6.060894933769786e-06
1675.0,0.0690824155503587,0.001461004684612495,0.0002705524065775569,0.0006078608831631384,5.757648621233281e-06,5.430510682976984e-06,6.080987693566975e-06
1676.0,0.07033031545033182,0.001572542200163894,0.0002688277806424861,0.000607926959018791,5.710005846860068e-06,5.423080224958497e-06,6.044772075225254e-06
1677.0,0.0705486660763046,0.001658876208476557,0.0002711166044040484,0.0006080773974111363,5.813163214275482e-06,5.452871466852523e-06,6.116466506619526e-06
1678.0,0.07051983318740426,0.001667675282613099,0.0002741549739520678,0.0006081934409655351,5.786728066922011e-06,5.444907453936952e-06,6.105212045960402e-06
1679.0,0.06995394223227817,0.001365578974109558,0.0002678393180145468,0.0006082991642928329,5.729295382355755e-06,5.453690090970786e-06,6.088971980824333e-06
1680.0,0.07011705824998073,0.001360844024192241,0.000267365131535418,0.0006083905945197298,5.707859054589485e-06,5.472553971993613e-06,6.09910854213741e-06
1681.0,0.070248940793567,0.001544137789246763,0.0002705686912698884,0.0006085750757759136,5.707215387891336e-06,5.442192052750224e-06,6.151461208469243e-06
1682.0,0.06994024425926489,0.001621037208897954,0.0002671744379842778,0.0006086934841723807,5.634012761832989e-06,5.427473996140968e-06,6.052562298361844e-06
1683.0,0.06967869730390139,0.001750241608172623,0.0002690139642757358,0.0006088164682248821,5.661398464218756e-06,5.450642936305471e-06,6.115839486886275e-06
1684.0,0.06895778255035011,0.001748725143519372,0.0002686981464972097,0.0006089695434036838,5.643445900593486e-06,5.402106503606093e-06,6.105175746396626e-06
1685.0,0.06779764367344994,0.001457317824894522,0.0002652153373957974,0.0006091899831313179,5.594646783427778e-06,5.344766542196029e-06,6.056047487584034e-06
1686.0,0.06852363309895053,0.001512008853682959,0.0002619288528439974,0.0006093376865578719,5.598495375292891e-06,5.353233381575992e-06,6.013026804607825e-06
1687.0,0.06882206601416822,0.00142781065608668,0.0002645026072584859,0.0006095061594867566,5.634338746584833e-06,5.376477351388178e-06,6.028857856721055e-06
1688.0,0.06909779422283384,0.001412799642099848,0.0002597574314782487,0.0006096682168348997,5.640403939715779e-06,5.387778459170258e-06,6.023422070365667e-06
1689.0,0.06880116402603662,0.001393965142197841,0.0002614020567507819,0.0006098781953073755,5.637197308349944e-06,5.365650954737983e-06,6.015997377313023e-06
1690.0,0.06917818590299112,0.001240613090281261,0.0002542485746812789,0.0006099764644553904,5.569581033511313e-06,5.379803515103476e-06,5.965947877852699e-06
1691.0,0.06861584544501943,0.001613995816862662,0.0002639385420125214,0.0006103798338422602,5.620920210704648e-06,5.368172534272303e-06,6.043897927235142e-06
1692.0,0.07078966431190536,0.001432801040446235,0.0002535571184227551,0.0006104661225079523,5.668874501554879e-06,5.435979564652617e-06,6.028963261657088e-06
1693.0,0.068416475485925,0.001662754940480186,0.0002635461059926919,0.0006105735765886884,5.660663915591048e-06,5.348693918107151e-06,6.015381461298649e-06
1694.0,0.06748711627286771,0.001480818884406687,0.0002563409945450533,0.0006107004348748874,5.604088418484741e-06,5.33676104544903e-06,5.936469236258155e-06
1695.0,0.067311753678201,0.001321636891877931,0.000255175258523574,0.0006111010508143287,5.527141173096756e-06,5.331104114958018e-06,5.941500237597868e-06
1696.0,0.06926472334214881,0.001535604979182762,0.0002586157141986921,0.0006111993926955741,5.548595945943561e-06,5.380622277829598e-06,5.972102844065629e-06
1697.0,0.06746329777719379,0.001417645788130187,0.0002600137198742431,0.0006113487285691408,5.541408395752059e-06,5.299323496761333e-06,5.919991931566893e-06
1698.0,0.06719660170133493,0.001367400544852048,0.0002528485433657479,0.0006114738845541141,5.537514540953921e-06,5.311120705516129e-06,5.873549556588499e-06
1699.0,0.06710729769680339,0.001542735386360041,0.0002616557044386986,0.0006116083542573254,5.552897790852059e-06,5.276020104083363e-06,5.869714016180393e-06
1700.0,0.06695845963514722,0.001379475309360064,0.0002523278655541818,0.0006117408403087004,5.513962850840911e-06,5.274246189671401e-06,5.821354169960882e-06
1701.0,0.06657881017377601,0.001776530748498501,0.0002650942788287804,0.000611996823390218,5.554717040294932e-06,5.24139141040945e-06,5.855771723941647e-06
1702.0,0.06786105627098613,0.001457562704416996,0.0002545517629548876,0.0006121528514358151,5.477757042464588e-06,5.264932996334492e-06,5.750097486784743e-06
1703.0,0.06922568722823988,0.001565862550288629,0.0002585657684927552,0.0006123502883237057,5.551465402691023e-06,5.322396458536627e-06,5.862797832099515e-06
1704.0,0.06995584545338897,0.001532262392418966,0.0002576965635853779,0.0006125327356087212,5.61495404602073e-06,5.370034362060409e-06,5.850303955588994e-06
1705.0,0.07035183288065579,0.00140401629453871,0.0002534143598858846,0.0006126758703623494,5.604358519371434e-06,5.394647474519165e-06,5.910605159377409e-06
1706.0,0.06872860686993829,0.00153407270626268,0.0002540925409886443,0.0006128188123602641,5.592411877873215e-06,5.361998617938657e-06,5.851767130251115e-06
1707.0,0.06739713602369994,0.001414550125619417,0.0002522771229744649,0.000612992407545202,5.520993758813418e-06,5.316093903387855e-06,5.781453274512691e-06
1708.0,0.0675366811118904,0.001520219553151831,0.0002507586461653339,0.0006131480816544604,5.514232725697508e-06,5.288282839608721e-06,5.784901374801239e-06
1709.0,0.06685850313498669,0.001617266619521309,0.0002556116819848071,0.0006132909541668184,5.502148311798498e-06,5.261451955100585e-06,5.753555307672262e-06
1710.0,0.06619222740178783,0.001362183242012347,0.0002495409549437569,0.0006134289081907465,5.436127077713449e-06,5.238236713568283e-06,5.683389095840542e-06
1711.0,0.06570917603542617,0.0014172162812693,0.0002483635745542751,0.0006138162509866765,5.450143850013119e-06,5.216900764130025e-06,5.671487158215993e-06
1712.0,0.06702026472728143,0.001224777546844723,0.000242503648828923,0.0006139137784717002,5.443393365585357e-06,5.255734602211491e-06,5.643513505344444e-06
1713.0,0.0659641429566683,0.001537789582378769,0.0002509411224945322,0.0006140041476037774,5.405523585513628e-06,5.213669403920493e-06,5.602948668655643e-06
1714.0,0.06665357998547425,0.001488056150865419,0.0002495699397289217,0.0006140889565636855,5.457228700315313e-06,5.257462225168248e-06,5.624060566705797e-06
1715.0,0.06674659389235565,0.001247259047149452,0.0002451051535026094,0.0006144023354664358,5.444229903429716e-06,5.218865958332545e-06,5.59947602507758e-06
1716.0,0.06877180674292492,0.001490802100743112,0.0002497682723820332,0.0006144613932398556,5.542942239718573e-06,5.339758570097239e-06,5.749260279130152e-06
1717.0,0.06806543923276753,0.001506421649778467,0.0002493156989199813,0.0006145631535819872,5.454627064759691e-06,5.272770144532812e-06,5.673599614326926e-06
1718.0,0.06728084812139525,0.001537302376974915,0.0002482224666493651,0.000614721115996507,5.449606619099603e-06,5.27178801729351e-06,5.652321883554775e-06
1719.0,0.06557372645052388,0.001335339983875349,0.0002444968021423003,0.0006149372617463549,5.410781039037913e-06,5.207945089611694e-06,5.554225396267349e-06
1720.0,0.0663741841168211,0.001563648619477047,0.0002459067465975716,0.000615070618828878,5.360184051811689e-06,5.217737002225864e-06,5.56984150927342e-06
1721.0,0.06659037367595885,0.001719447142778055,0.0002486015341723001,0.0006152723507271977,5.38605773939317e-06,5.214005362901714e-06,5.601420500128604e-06
1722.0,0.06768036749367559,0.001619339160220515,0.0002451646149313151,0.0006154726858811808,5.406546703678312e-06,5.251469370090336e-06,5.587757677006724e-06
1723.0,0.06745705271991077,0.001829266560000585,0.0002530800907381284,0.0006156796013357075,5.449241458804836e-06,5.24285541545973e-06,5.603295196243015e-06
1724.0,0.06747937539334999,0.001643008304009527,0.0002421660706995552,0.0006158480598949781,5.446446101882526e-06,5.244042542800156e-06,5.536449215978882e-06
1725.0,0.06794852015552272,0.001589068571969097,0.000245807938764853,0.0006160009069740318,5.410467257823954e-06,5.263175815869077e-06,5.563630906468442e-06
1726.0,0.06905569441818118,0.001665189869930854,0.0002473000456413407,0.0006163861775980389,5.427875559245559e-06,5.304499636510751e-06,5.609202883672728e-06
1727.0,0.07260655536316832,0.001553424729986634,0.0002481066747682343,0.0006165223164452903,5.649510158194566e-06,5.485303593718813e-06,5.763745537372262e-06
1728.0,0.07021423841301949,0.001560564492334861,0.0002436874445369965,0.0006166470502176674,5.538907301364504e-06,5.408061174659871e-06,5.633851174881865e-06
1729.0,0.07024625658580867,0.0014274840574803,0.000242498674254651,0.0006167669928033334,5.518602430162422e-06,5.338727927004214e-06,5.625780401564814e-06
1730.0,0.06850706791838301,0.001323379493827825,0.0002387151835045391,0.0006168946979445804,5.437022362308993e-06,5.28409145633323e-06,5.609110075056271e-06
1731.0,0.0679184542722555,0.001611130903483459,0.0002465523106923473,0.0006172987377737895,5.469114860046454e-06,5.248424032013973e-06,5.615432313258829e-06
1732.0,0.06850351610726937,0.001484711080135,0.0002394146931477925,0.0006173872727465613,5.468850192112975e-06,5.280206598830007e-06,5.61559662514323e-06
1733.0,0.06576779747423378,0.001411455726902659,0.0002385278294452693,0.0006174306626666735,5.372307308088126e-06,5.17643219572382e-06,5.539007539305801e-06
1734.0,0.06564995687325918,0.001446390070581295,0.0002378255553128249,0.0006175251603496989,5.361460477623814e-06,5.145140060247944e-06,5.464711693929157e-06
1735.0,0.06476479700024187,0.00127681868158474,0.0002331816760496929,0.0006176497234532824,5.314641905093367e-06,5.107422409865474e-06,5.418196182576798e-06
1736.0,0.06490068690723837,0.001385206168064574,0.0002341589087867309,0.0006177974629792896,5.340729403066526e-06,5.090562689717791e-06,5.448743258970851e-06
1737.0,0.06610438665628429,0.001310661496967405,0.0002308053970514712,0.0006178525337492279,5.260694007481732e-06,5.110265383003295e-06,5.383041207948325e-06
1738.0,0.06664866682818403,0.001120887328421118,0.0002287419250646532,0.0006179411231250787,5.344737714395807e-06,5.139702177332773e-06,5.420027501297984e-06
1739.0,0.06779681259407291,0.001541133008295515,0.0002402882582743205,0.0006180463241505393,5.423541504750661e-06,5.193320644546124e-06,5.510621843615379e-06
1740.0,0.06830973419899365,0.001474734840256558,0.0002386645297927648,0.000618125514060209,5.368289070048343e-06,5.142690068284433e-06,5.471355923473143e-06
1741.0,0.06579598209822866,0.001229302486356811,0.0002329025680851273,0.0006181937373855646,5.356853538203413e-06,5.094873656956031e-06,5.404427699812793e-06
1742.0,0.06623189946970204,0.001365929144200667,0.0002316378628189318,0.0006182109013629034,5.365457670623281e-06,5.094059197159263e-06,5.448130696349142e-06
1743.0,0.06524186056745838,0.001393962745400703,0.0002335815760214091,0.0006182105679666313,5.298644892354467e-06,5.089648912225504e-06,5.400861079403863e-06
1744.0,0.06540293391608186,0.001560315412803395,0.0002364980313940345,0.0006181951050099164,5.312389424509599e-06,5.083320403087759e-06,5.421934223281716e-06
1745.0,0.06602461721455799,0.001499335960093183,0.0002332667821410624,0.000618172463233419,5.27152003626262e-06,5.077036235358012e-06,5.389143734704884e-06
1746.0,0.065930820588922,0.00136995413541015,0.000231872802699155,0.0006181663974773713,5.285156669879291e-06,5.07245317199151e-06,5.350535308374259e-06
1747.0,0.064584360657433,0.001327002977942157,0.0002283875738028946,0.0006182084682744668,5.257340176008584e-06,5.053799322419858e-06,5.34618433712077e-06
1748.0,0.06516917584267938,0.001381201189121332,0.0002285247440589162,0.0006181428316046837,5.210361070925241e-06,5.031603698835377e-06,5.29722896947018e-06
1749.0,0.06531928213252956,0.001329705725060043,0.0002271125449490472,0.000618053629779755,5.226305672416543e-06,5.031663299487479e-06,5.303848533708107e-06
1750.0,0.06514448063138366,0.001482495295645768,0.0002355175980864963,0.0006179719896599072,5.230619767730063e-06,5.009636934671591e-06,5.317961299484597e-06
1751.0,0.06414398587544543,0.001374841951437406,0.0002280665768512549,0.0006178257970359361,5.191369807665575e-06,5.00966600788472e-06,5.257891007698383e-06
1752.0,0.0647746953424606,0.001163772769836044,0.0002240590203463482,0.0006176568341672571,5.131414510288812e-06,4.970292496081647e-06,5.226482542448303e-06
1753.0,0.06535890395796544,0.001322238489204601,0.0002290021460218235,0.000617836380630513,5.215348690102968e-06,4.997648236427081e-06,5.301133687543737e-06
1754.0,0.07039724912282176,0.001337861199511267,0.0002274877322435305,0.0006176851440023523,5.449241815168576e-06,5.198238892728682e-06,5.456948202316903e-06
1755.0,0.0669797956640414,0.001355482977012483,0.0002262288758901532,0.0006174641604651358,5.30422539205969e-06,5.115653253305833e-06,5.359899403672225e-06
1756.0,0.06604064033770385,0.001406480760869746,0.0002270898677063315,0.0006174252488593472,5.25531816679235e-06,5.098403535452796e-06,5.321490754457916e-06
1757.0,0.06766687721449016,0.001323345233554674,0.0002237667203316732,0.0006170915919830461,5.201674950423936e-06,5.142784129225843e-06,5.362782970136525e-06
1758.0,0.06598762924071715,0.001443587807365263,0.0002305049091857037,0.000616782556861558,5.157748101636269e-06,5.05289933759584e-06,5.322850985388401e-06
1759.0,0.06674635866357567,0.00124123162466508,0.0002217740720659066,0.000616717669269411,5.12408603245405e-06,5.083250037588447e-06,5.277316753630544e-06
1760.0,0.06759453762315232,0.001508910080397344,0.0002310855927009541,0.0006164230304483477,5.336166605886049e-06,5.123655070156102e-06,5.34934074924285e-06
1761.0,0.06651809381953619,0.001479804319998322,0.0002287656899138591,0.0006161132665849115,5.271728217374899e-06,5.027053281217978e-06,5.263660277735794e-06
1762.0,0.06549202430673078,0.00136740866773843,0.0002265165808611102,0.0006158268661481306,5.160314754028996e-06,5.007421003096946e-06,5.215050366161871e-06
1763.0,0.06572770436612388,0.001431438033788368,0.0002260930687722065,0.0006155328492446863,5.144656018563803e-06,5.019146165829762e-06,5.228750892146491e-06
1764.0,0.06652459124746755,0.001312615250388894,0.0002266372920172913,0.0006152755526828608,5.161872997544077e-06,5.001449638851753e-06,5.216371041001393e-06
1765.0,0.06621589475728988,0.001325381624641525,0.0002225256291680078,0.0006149662700279997,5.109856648150817e-06,5.040726707444153e-06,5.19362690415471e-06
1766.0,0.06445260917072508,0.001306130712596766,0.0002231739865305845,0.0006147341250585212,5.136825571971775e-06,5.02143542388241e-06,5.220506565618876e-06
1767.0,0.06599279668564623,0.001106494618542294,0.0002182228736962236,0.0006143544727881641,5.069915883314564e-06,5.036254226516694e-06,5.165728094173411e-06
1768.0,0.06458820561040132,0.001207602329939978,0.0002213482649546008,0.0006140031514862364,5.096023289176026e-06,5.022691551302553e-06,5.226707895687868e-06
1769.0,0.06593677410635987,0.001431940840611977,0.000225309805173973,0.000613686172836484,5.126971408364616e-06,5.040478182261466e-06,5.234681820429024e-06
1770.0,0.0672025782127615,0.001432640558487403,0.000221829350606388,0.0006135896615254365,5.127666686788445e-06,5.049014350276103e-06,5.204081580840443e-06
1771.0,0.06814966903738161,0.001473654006511097,0.0002234287406832736,0.0006131761885299157,5.22680812338423e-06,5.139584004297643e-06,5.279277738890085e-06
1772.0,0.06595381984844063,0.001294019137052989,0.0002231435396435304,0.0006126980087574756,5.219676454547351e-06,5.084168931521541e-06,5.223466209710054e-06
1773.0,0.06582810924227604,0.001400705553656192,0.000222316893400236,0.000612229835713865,5.157791255151512e-06,5.064420245099238e-06,5.189062651407807e-06
1774.0,0.0646015610799657,0.001264978919385257,0.0002200165300496989,0.0006117970707551996,5.112372469634881e-06,5.036674099783839e-06,5.157618593992291e-06
1775.0,0.064783558255405,0.001341098350324965,0.000221167693718699,0.0006116901686330913,5.116156746559906e-06,5.033761122736501e-06,5.164144324257194e-06
1776.0,0.06549781769037043,0.001135337193606734,0.0002178560227553082,0.0006112380032008258,5.200566544981275e-06,5.110556560346501e-06,5.162016852597994e-06
1777.0,0.06546101385324693,0.001183465877395247,0.0002167780168241642,0.0006107639123796813,5.148977686528789e-06,5.084547278366363e-06,5.131055970426018e-06
1778.0,0.0648709563360433,0.001472143586470296,0.0002262712444794829,0.0006103285929527912,5.214900921816177e-06,5.076766351387299e-06,5.238047561060796e-06
1779.0,0.06574123200960807,0.00114232002932026,0.0002162244525393239,0.0006102271377457717,5.148810231196817e-06,5.062311561436219e-06,5.181220636064989e-06
1780.0,0.0676883473658393,0.001383526035877344,0.0002218695563542693,0.0006097827514409024,5.243615178758223e-06,5.140302449888231e-06,5.24964674624809e-06
1781.0,0.06487365328053257,0.001353900690710917,0.0002196756316867619,0.0006093076951138188,5.181428939891651e-06,5.099611420233868e-06,5.134613303785283e-06
1782.0,0.06567535820584276,0.001123465488698536,0.0002140904338098986,0.0006091138182607355,5.127316906009097e-06,5.08403589247884e-06,5.098636396852354e-06
1783.0,0.0678595421120176,0.001298043020896302,0.0002177076014247678,0.0006086643362025918,5.279165341936825e-06,5.188228401544056e-06,5.251734894966583e-06
1784.0,0.06648256040859132,0.001311679332822809,0.0002204667371673904,0.0006082690569881907,5.311466985603436e-06,5.153203006440228e-06,5.256174532838437e-06
1785.0,0.06688472954512757,0.001257997333648312,0.0002178108127810335,0.0006079377229753736,5.233019507148714e-06,5.109783482924455e-06,5.188559915358253e-06
1786.0,0.06542283000269279,0.001318071391103329,0.0002185839741357397,0.00060761791299095,5.206979047285943e-06,5.123011310825289e-06,5.18324975814343e-06
1787.0,0.06521641563091705,0.001417831237831905,0.0002195831393362568,0.0006073303524938365,5.189180470156343e-06,5.136668757043203e-06,5.161292523450833e-06
1788.0,0.06732887393434285,0.001531523073561596,0.0002227940812677166,0.0006070291625339023,5.266581393791099e-06,5.155690195284449e-06,5.2297386284458e-06
1789.0,0.068347755992215,0.001527820364840753,0.0002207934740936535,0.0006069968084167559,5.239214496495245e-06,5.247047331149843e-06,5.233481609159702e-06
1790.0,0.0688410877102111,0.001975195311529285,0.0002333051339384533,0.0006067364917096739,5.389399285846471e-06,5.329141550458119e-06,5.360648470516877e-06
1791.0,0.06701295347097935,0.001589716429949212,0.0002227203994861877,0.0006064344826408907,5.25798540853127e-06,5.181984429726487e-06,5.237215269971964e-06
1792.0,0.06687755921451491,0.001751200936888019,0.0002252925047558651,0.0006061184353786252,5.250463220577709e-06,5.19032560667347e-06,5.248213264940487e-06
1793.0,0.06706115085777017,0.001461779192586309,0.0002202203061878778,0.0006061968184176718,5.268155533067218e-06,5.204219921738789e-06,5.197449307312842e-06
1794.0,0.06993000619459948,0.001327099059051917,0.0002165955216296408,0.0006059232496280384,5.390155033252222e-06,5.292550905992281e-06,5.24370509370663e-06
1795.0,0.06828846137765006,0.001332966570870261,0.0002154591758920184,0.0006056816906806142,5.36956316207426e-06,5.277857029357041e-06,5.249934235836157e-06
1796.0,0.06847476436912296,0.001627083580695609,0.0002239901247894143,0.0006054679510416424,5.395031822340814e-06,5.250738605810863e-06,5.301562393378406e-06
1797.0,0.0670492438810791,0.001419909349475465,0.0002189442833808581,0.0006052504147884857,5.280055582939732e-06,5.174824965275244e-06,5.220721277653049e-06
1798.0,0.06540368557623145,0.001576267544989092,0.0002219557400211979,0.0006050503413670702,5.254834366049627e-06,5.163525721915486e-06,5.211892111466382e-06
1799.0,0.06534026380223598,0.001411109935560897,0.0002156055096523212,0.0006051846055267956,5.21549262858668e-06,5.144999352704731e-06,5.168270652135471e-06
1800.0,0.06775213563044213,0.00134850982614961,0.0002152556970216491,0.0006050636494489206,5.30122634949455e-06,5.2236595478028e-06,5.206441121590054e-06
1801.0,0.06684099876520493,0.001566426910708563,0.000217603900270129,0.0006049375454859902,5.293524060662749e-06,5.204936547177373e-06,5.243168002030555e-06
1802.0,0.06562049422104495,0.001743789112169477,0.0002229287089355001,0.0006048659983773101,5.359343129653168e-06,5.217289883493435e-06,5.245584902243733e-06
1803.0,0.06548373673103997,0.001480235005445935,0.0002181424778901462,0.0006048433531981856,5.289168413758107e-06,5.149389481809927e-06,5.190805412188845e-06
1804.0,0.06425916478752015,0.001380488728502984,0.0002128996198997316,0.0006048067477441018,5.226459697955485e-06,5.134437136832146e-06,5.153866716560002e-06
1805.0,0.06459563643439593,0.001328823874029829,0.0002106774775378988,0.0006047496664004147,5.214677470578143e-06,5.142144508030162e-06,5.135243046085306e-06
1806.0,0.06430434208535404,0.001457875816422621,0.0002168949567291459,0.0006050485849774598,5.288420197038108e-06,5.121691918316248e-06,5.202585546345232e-06
1807.0,0.06831439616431387,0.001460122155826472,0.0002125406303683697,0.0006050186166108682,5.322493315957773e-06,5.215128528412029e-06,5.228659559542301e-06
1808.0,0.06652936614933308,0.001516573504336874,0.0002169968608378501,0.0006049676559300651,5.305632188965678e-06,5.19928664502266e-06,5.196871245156101e-06
1809.0,0.06742044091528862,0.001566845869529305,0.0002159136124510995,0.000604996365579023,5.406688950182341e-06,5.239742217799407e-06,5.30644891847971e-06
1810.0,0.06777272607263161,0.001312156491030982,0.0002125852987982025,0.0006050319882596038,5.410665967712918e-06,5.300511372250128e-06,5.30357890843781e-06
1811.0,0.0674254608939695,0.001466420474965341,0.0002153976488565556,0.0006051093591429716,5.397825022250434e-06,5.265927987954957e-06,5.311813376123657e-06
1812.0,0.06691560622998993,0.001498178410592151,0.0002163625112374028,0.0006054533130991442,5.370009220254956e-06,5.237893718634335e-06,5.292225987893816e-06
1813.0,0.06864558861923407,0.001548811554431547,0.000218065694101492,0.0006055614322646459,5.400364313741027e-06,5.337927683938542e-06,5.337534331367648e-06
1814.0,0.06624978420051493,0.00142297241850111,0.000216463044182206,0.0006057132099243612,5.413457254917204e-06,5.249475567433505e-06,5.293883734199549e-06
1815.0,0.06741091584835189,0.001459999914746652,0.000215369203104729,0.0006058969978179755,5.460025806441879e-06,5.245029935556301e-06,5.310208025454215e-06
1816.0,0.06686331295827282,0.001225507150166441,0.0002062597739041959,0.0006061094690069534,5.368726569757502e-06,5.230343902603013e-06,5.283164198765552e-06
1817.0,0.06660434581297933,0.001387844806311989,0.0002097336753920977,0.0006063224047602006,5.384230463192557e-06,5.248790724588768e-06,5.308752305375796e-06
1818.0,0.0661130114959684,0.001430640681394114,0.0002120093061305494,0.0006068820446711546,5.420893913440274e-06,5.187273839912544e-06,5.344662549360426e-06
1819.0,0.0688822451230161,0.001369803458519698,0.0002101177074543235,0.0006071376430455552,5.402461675175651e-06,5.266053794694576e-06,5.378218428906616e-06
1820.0,0.06517058481828183,0.001478577661215428,0.0002104964814973304,0.0006073786192074415,5.339317900809592e-06,5.156559394455676e-06,5.280443351895236e-06
1821.0,0.06605514907634914,0.001470417848420774,0.0002120454272671898,0.0006076218536178298,5.32822200214182e-06,5.173677632147726e-06,5.294689903592142e-06
1822.0,0.06530918538394923,0.001435951719763241,0.0002108076728714907,0.0006079363665250393,5.337236455252267e-06,5.165929197798813e-06,5.266241371163211e-06
1823.0,0.06740160754524387,0.001281500746622828,0.0002038912481084789,0.0006084992704262947,5.37508454056816e-06,5.193791229816174e-06,5.284181018858727e-06
1824.0,0.06813936688764602,0.001333065085832807,0.0002080615915385912,0.0006088838009034652,5.538313794736927e-06,5.315643126923375e-06,5.432932458036872e-06
1825.0,0.06771131665185318,0.001568300017472571,0.0002121301437556164,0.0006092408681050141,5.499610268067201e-06,5.266096897844289e-06,5.421421574491206e-06
1826.0,0.06667254782319529,0.001343666380298203,0.0002101697689472241,0.0006096768224651345,5.476554945611227e-06,5.230802112945462e-06,5.360136450878557e-06
1827.0,0.06593587160545501,0.001352776609394238,0.0002087561177764991,0.0006101649145893019,5.42699791336666e-06,5.181260963301858e-06,5.347909793072981e-06
1828.0,0.06636908599629414,0.001319213768015814,0.0002075877038787467,0.0006106326649549646,5.39971570627779e-06,5.185670536822787e-06,5.379688453310749e-06
1829.0,0.06594046431403201,0.001260157690085428,0.0002026446441757513,0.0006111840437216022,5.376315263055945e-06,5.192606485424791e-06,5.3903118359511e-06
1830.0,0.06577380350141511,0.001230820365220949,0.0002049739319918158,0.0006117137908758052,5.384977290286415e-06,5.16820089808419e-06,5.405243625238699e-06
1831.0,0.06609350688733749,0.00140222599497084,0.000206010020832909,0.000612266211130818,5.384425221611326e-06,5.156577345451412e-06,5.392102416699365e-06
1832.0,0.06494716416477664,0.001393048531302023,0.0002048965960382171,0.0006128874836362567,5.337745858404231e-06,5.1334618028082e-06,5.342139079109856e-06
1833.0,0.06477316825221797,0.001580210817150813,0.0002081315417833956,0.0006135364565883504,5.341986869091527e-06,5.13755927657159e-06,5.39087264687354e-06
1834.0,0.06438323332722735,0.001401488854490501,0.0002050650258742256,0.0006142005161044197,5.3293107522225e-06,5.096576256791228e-06,5.378020965559213e-06
1835.0,0.06454329232311287,0.001288496091927809,0.0001998492770457045,0.0006148262032384839,5.294715853600192e-06,5.081395635623324e-06,5.344279612954023e-06
1836.0,0.0665869881174741,0.00134814620166155,0.0002037086598707488,0.0006154538755657759,5.365865275105736e-06,5.195671267227278e-06,5.446159886478359e-06
1837.0,0.06775382518262343,0.001426031316486564,0.000202877503903915,0.0006161178560584612,5.438203201548748e-06,5.25318441333953e-06,5.475405583741157e-06
1838.0,0.06872780257081618,0.001266737346751541,0.000202269319813632,0.0006167706919949761,5.44339407686676e-06,5.262302005405341e-06,5.456258053695361e-06
1839.0,0.06859069087449131,0.001253684074782963,0.000201301968583403,0.0006174531860237934,5.454724748149966e-06,5.272920484102378e-06,5.507769599153823e-06
1840.0,0.07012879775160996,0.001475268756046218,0.0002058476915035326,0.0006181259882132216,5.492157155082042e-06,5.303868615919664e-06,5.513417702562192e-06
1841.0,0.06970654193723985,0.001740077712111231,0.0002100370109020712,0.0006190717395117821,5.501933517441943e-06,5.273497160698669e-06,5.546578294787839e-06
1842.0,0.0702041872508627,0.001466249411169967,0.0002071615960806269,0.0006197603314547245,5.546418265622366e-06,5.297584801457533e-06,5.596231333526165e-06
1843.0,0.06840266204740882,0.001565773226528909,0.0002060714633921167,0.0006203957037074967,5.475195591446268e-06,5.241755968619542e-06,5.523965361276698e-06
1844.0,0.06875205645596574,0.001459699024968831,0.0002009327708515359,0.0006210496426178306,5.409589927050219e-06,5.230440544345005e-06,5.482133328323527e-06
1845.0,0.06815469027585529,0.001475451521870489,0.0001999857422676369,0.0006219253886217092,5.368693723159243e-06,5.228304887777457e-06,5.501303867779759e-06
1846.0,0.07027316455784931,0.001275298117322253,0.0001962384303401011,0.0006225599454596991,5.376415290364552e-06,5.261929062378355e-06,5.532609051906806e-06
1847.0,0.06793219030110244,0.001274016090769093,0.0001960017333255899,0.0006232205160144824,5.340348401291114e-06,5.246929168709845e-06,5.568934382803948e-06
1848.0,0.06971343902165389,0.001356185895689828,0.0001961495497398509,0.000623820610241551,5.417414408863792e-06,5.228846999592053e-06,5.588942173265402e-06
1849.0,0.06910625645529876,0.001409884799489667,0.0001956177267203819,0.0006244522739344841,5.356835374058267e-06,5.209151504466582e-06,5.505371084795557e-06
1850.0,0.06967243589286645,0.001313637401340014,0.0001960265702952604,0.0006252811624950115,5.365411477398935e-06,5.198143010816526e-06,5.53450968436573e-06
1851.0,0.07150264386562984,0.001270272085719439,0.0001943999983044171,0.0006258598842630381,5.369249072569035e-06,5.275009529566388e-06,5.592184627514493e-06
1852.0,0.07057348790683746,0.001639563886346955,0.0002005949772826708,0.0006264460091340968,5.409036499856361e-06,5.263101801746618e-06,5.554774358238162e-06
1853.0,0.07116446576764948,0.001610269215560407,0.0001995749586853324,0.0006270428553945336,5.405804677434264e-06,5.27030968035989e-06,5.588144766214744e-06
1854.0,0.07134525914861532,0.0015580552891514,0.00020083157078982,0.0006276096071660261,5.440458404801529e-06,5.312586143031067e-06,5.579408630312391e-06
1855.0,0.07061218196888051,0.001415787236273667,0.0001959238602369305,0.000628210431653325,5.35034496399289e-06,5.265267142438781e-06,5.525040506353949e-06
1856.0,0.07066194020188879,0.001284379151829763,0.0001902610481447816,0.0006288417065534167,5.320056560274674e-06,5.241071837873409e-06,5.46841389807388e-06
1857.0,0.07042253754962619,0.001530697464284156,0.0001956272564874998,0.0006294317308391784,5.31156106431043e-06,5.206639448175495e-06,5.523870874443017e-06
1858.0,0.0689002746166817,0.001280611507105185,0.0001883326623316377,0.0006300319231145875,5.297711218132198e-06,5.162486008087492e-06,5.510432617680125e-06
1859.0,0.07006401671660842,0.001354072345302687,0.0001907429371812031,0.0006305558233374406,5.285952313162775e-06,5.156325235956083e-06,5.508773402570201e-06
1860.0,0.07022670915979301,0.00120361971509054,0.0001860033428109495,0.0006312639128302214,5.267547118913666e-06,5.197637211454068e-06,5.550092420950185e-06
1861.0,0.07314995161470923,0.001425616387979199,0.0001933402227601053,0.0006317313695972321,5.390218439308501e-06,5.257764111009952e-06,5.690031933415374e-06
1862.0,0.07068956715844267,0.001348152139620316,0.0001904223391354472,0.0006321525427666982,5.315090160556618e-06,5.166016276322307e-06,5.565827164488996e-06
1863.0,0.07031063664685054,0.00131094062855149,0.0001903794550637535,0.0006325708071618358,5.259760638105403e-06,5.157041887261778e-06,5.567885154618275e-06
1864.0,0.0702047979918168,0.00164387138069797,0.0001956027172105987,0.0006332411574130926,5.262935582543409e-06,5.147025408887711e-06,5.559890149344113e-06
1865.0,0.07484285716218943,0.001625207060698943,0.0001930010912501624,0.0006336119582202615,5.328412001451e-06,5.307106132752622e-06,5.63984856810293e-06
1866.0,0.07154716982573299,0.001524108748125232,0.0001963755163087392,0.000633940173146837,5.264685816914885e-06,5.15899851558267e-06,5.526366034410949e-06
1867.0,0.0713952531682966,0.001545623542757245,0.0001927915475809017,0.0006342446387372638,5.247468785418295e-06,5.173615322942576e-06,5.559874502603191e-06
1868.0,0.07040445452972367,0.001159853586065902,0.0001830060216610397,0.0006345596173157672,5.19070684010569e-06,5.117807579644676e-06,5.464833636271232e-06
1869.0,0.07267798177439849,0.00139036687446699,0.0001897370746535477,0.0006348393654618808,5.297578564951357e-06,5.167191666620902e-06,5.529800665699161e-06
1870.0,0.07268486605409892,0.001233213188239254,0.0001869644581473863,0.000635317975669493,5.29431611747062e-06,5.145358893774013e-06,5.580202837298255e-06
1871.0,0.07475012605147976,0.001363461939338863,0.0001895751587366477,0.0006355309834303835,5.351921105522639e-06,5.260442433308711e-06,5.638416282887059e-06
1872.0,0.07147092787393033,0.00118382337535905,0.0001805130943946082,0.0006357121095272108,5.225340395906202e-06,5.12946019649854e-06,5.497339019313368e-06
1873.0,0.07134570369945899,0.00138718652601229,0.0001866654523649216,0.0006359202968062085,5.208874209218598e-06,5.141605622292511e-06,5.565906916554927e-06
1874.0,0.07193311684528117,0.001332852599985868,0.0001822555903552908,0.0006361018882783422,5.218535200491886e-06,5.136847506509168e-06,5.556638744312921e-06
1875.0,0.07296357561454805,0.00133993333001514,0.0001828089300920906,0.0006361981136196143,5.180850816675494e-06,5.131605460600536e-06,5.527291500961951e-06
1876.0,0.07190004041063026,0.001435008054356168,0.0001852953215647485,0.0006365599200358412,5.186463661437492e-06,5.10408961574971e-06,5.558944162903265e-06
1877.0,0.07348527347103816,0.001124946073826277,0.0001794145194222504,0.0006366184322949925,5.21480387620007e-06,5.09579551626061e-06,5.547915985859819e-06
1878.0,0.07115098019427148,0.001312626618137038,0.0001856007143229575,0.0006366708643316258,5.154622308140897e-06,5.044925693388311e-06,5.556672683927182e-06
1879.0,0.07126263812785671,0.001260048769011534,0.0001810034094666707,0.0006367314071865018,5.163450219388582e-06,5.068333429491888e-06,5.552299632244907e-06
1880.0,0.07129255362439924,0.001281921461039435,0.0001804581746241521,0.0006367789121341401,5.133261657213565e-06,5.032054221323517e-06,5.481973417115206e-06
1881.0,0.07022700256182682,0.001198665623323056,0.0001815149700694473,0.0006368553924427041,5.129183826714661e-06,5.024300520157859e-06,5.499677046857411e-06
1882.0,0.07029272584979326,0.001460047920294476,0.0001856637058516057,0.0006369328241655213,5.125072518360513e-06,4.996577841981881e-06,5.497284714210828e-06
1883.0,0.06933549627682903,0.001242306557955956,0.000176415175899741,0.0006369538044906371,5.039186859900143e-06,4.942716854265738e-06,5.397292854045361e-06
1884.0,0.07071841193898547,0.001426190563001066,0.0001841379842894005,0.0006369366912105214,5.101937217304916e-06,4.9744431920718e-06,5.443079540150929e-06
1885.0,0.07156381665205482,0.001433950996379085,0.0001844340310502772,0.0006369252618622685,5.132541842445364e-06,4.982623899065022e-06,5.46328571203059e-06
1886.0,0.07073256168026235,0.00125103015465393,0.0001798003616105245,0.0006369462551563751,5.104170811840751e-06,4.945365958986397e-06,5.408687468708893e-06
1887.0,0.07173737269233944,0.001202114631175827,0.000175567473868695,0.0006368784597927813,5.099934128177338e-06,4.945243334594734e-06,5.416298522725823e-06
1888.0,0.07288929587743095,0.001326305817014916,0.0001796815165273031,0.0006370444036680712,5.186354807506783e-06,4.999577925095041e-06,5.483660604018982e-06
1889.0,0.07638419259904602,0.001475312394436519,0.0001818254220873243,0.0006369325497750464,5.266831357829685e-06,5.150322616533883e-06,5.583606530199795e-06
1890.0,0.07574879999541231,0.001376374236530042,0.0001803831666450699,0.0006368028578238108,5.254743790944159e-06,5.127402253069922e-06,5.562487568943814e-06
1891.0,0.07596217589503826,0.00159421178288836,0.0001842367129059874,0.0006366515268950697,5.291358186221736e-06,5.137328248633179e-06,5.595331747871005e-06
1892.0,0.07561088716436591,0.001422630449328053,0.0001824786642806384,0.0006364920136270188,5.283756905096348e-06,5.123718534728848e-06,5.518862861909295e-06
1893.0,0.07445112522015601,0.00101343579428215,0.0001739229525076504,0.0006365441001270004,5.230851652944398e-06,5.077995292803455e-06,5.480408496143243e-06
1894.0,0.07477525594920535,0.001453916207307751,0.000185562105189972,0.0006363476825789388,5.361260261260168e-06,5.093827171609499e-06,5.608757025364679e-06
1895.0,0.07230639391867574,0.001251957916810952,0.0001787829028732868,0.0006361671143493999,5.228360429217132e-06,4.944973844187073e-06,5.45864009629616e-06
1896.0,0.07190896444061806,0.001205291041154827,0.0001763958635382187,0.0006359776131177534,5.214303596798205e-06,4.919784137000369e-06,5.429531624028273e-06
1897.0,0.07166661748771087,0.001290224738413184,0.0001765199718893561,0.0006357630732347516,5.204358603918351e-06,4.925678416350946e-06,5.41200281797865e-06
1898.0,0.07222257323269643,0.001554854053280451,0.0001812036279806461,0.0006356055400025581,5.215453115526547e-06,4.934957458263165e-06,5.417861367723565e-06
1899.0,0.07240402151015167,0.001108655526917604,0.0001711281514640659,0.0006354469660428349,5.17507986052676e-06,4.983547928840401e-06,5.404634428344204e-06
1900.0,0.07185862160379469,0.001443028072708792,0.000179957202148607,0.000635249907925216,5.21025162682156e-06,4.944846673030294e-06,5.387690974622993e-06
1901.0,0.07257316855635922,0.001230664851987456,0.0001716142668236551,0.0006350105630649084,5.173722198431703e-06,4.916014517384373e-06,5.323331678390691e-06
1902.0,0.07230237617775115,0.001542421670385172,0.0001824447506559703,0.000634818127440684,5.206510755129666e-06,4.894930033131307e-06,5.362917941164326e-06
1903.0,0.0723797845530957,0.001312449619184446,0.000175270205279068,0.0006345798353899567,5.217301566476797e-06,4.889479546652643e-06,5.382880727726082e-06
1904.0,0.07228747142020919,0.001369948151128383,0.000177257193701862,0.0006343149484979815,5.213075455607808e-06,4.848058127394644e-06,5.380771267118658e-06
1905.0,0.07143946934889889,0.001009326809683987,0.0001681623129883129,0.0006340120805702135,5.156073805385041e-06,4.831527610036593e-06,5.283695158897943e-06
1906.0,0.07064588526479726,0.001553946677730684,0.0001797333865996266,0.000633774108979534,5.188929819899687e-06,4.839352807557551e-06,5.329236296053096e-06
1907.0,0.0705395856794603,0.001298413682784613,0.0001736467642345323,0.0006334914985234631,5.116690841723549e-06,4.800959754137992e-06,5.224373830185397e-06
1908.0,0.07049674882515014,0.001231782144321353,0.0001741184622281751,0.0006331928008803835,5.186057490242788e-06,4.83761777206158e-06,5.255978162040072e-06
1909.0,0.07175980503840992,0.001260012873227735,0.0001727404443417264,0.0006328964127312885,5.180653199636656e-06,4.832040187459691e-06,5.207302084812981e-06
1910.0,0.07214745434729013,0.00154028158694414,0.0001817296891433328,0.0006326425456434993,5.225077285348254e-06,4.844390417010356e-06,5.307482872091723e-06
1911.0,0.07208997440286495,0.001273377449844933,0.0001706776338245681,0.000632310411489065,5.210987467896222e-06,4.87473733080181e-06,5.262950025142211e-06
1912.0,0.07228811643879121,0.001344865991244142,0.0001749121230385533,0.0006319257309866092,5.230542906368576e-06,4.852200893732886e-06,5.332081984107952e-06
1913.0,0.07175570462383803,0.001343046652592268,0.0001729811247155635,0.0006315723780786602,5.156011600582492e-06,4.81330775185842e-06,5.218139536994107e-06
1914.0,0.07086181602194512,0.001542129014138372,0.0001789223810505929,0.0006311978788468009,5.172883677242017e-06,4.828551901277181e-06,5.253277088364163e-06
1915.0,0.07112791511021659,0.00138290437160188,0.000171700044064041,0.0006307824087409719,5.153406668684152e-06,4.85052172045941e-06,5.22420281240475e-06
1916.0,0.0712163225541282,0.001464849358824155,0.0001779695283963496,0.0006304031979911164,5.205852704334277e-06,4.824372744790234e-06,5.204718280443702e-06
1917.0,0.071218155498411,0.001391304129451571,0.000172924418325217,0.0006300056987046458,5.202630218778967e-06,4.869089795163837e-06,5.166634130094762e-06
1918.0,0.0714680298523374,0.001277969488965156,0.0001704470549452899,0.0006295273590093667,5.1953853605795e-06,4.854631170221714e-06,5.185343821980054e-06
1919.0,0.07172113356284728,0.001378479262119596,0.000170881273629369,0.0006290813148611806,5.201415438182961e-06,4.850676261808959e-06,5.185325138406257e-06
1920.0,0.07217854143509216,0.001175659730276513,0.0001698413735527616,0.0006288490511204343,5.218617995136039e-06,4.873737918933679e-06,5.231661378363486e-06
1921.0,0.07376196314099065,0.001388133030559241,0.000171773789454361,0.000628314705543797,5.267649051091646e-06,4.986537508475926e-06,5.327514535228912e-06
1922.0,0.0704560293968831,0.001178028803842398,0.0001709101643398798,0.0006277679381206923,5.150067325100778e-06,4.86443367744765e-06,5.169194299312251e-06
1923.0,0.0700787716815519,0.001157108882896074,0.0001692633247652983,0.0006272017619454007,5.154821586084356e-06,4.865979865194878e-06,5.183354597108673e-06
1924.0,0.07039700430399783,0.001347145435244939,0.0001729186280776403,0.000626640935484902,5.22075355506767e-06,4.883449636482172e-06,5.186189496970151e-06
1925.0,0.0713737478585961,0.00130893657301148,0.0001739339698382635,0.0006260457143353369,5.203655385728694e-06,4.893512199391979e-06,5.185176129544828e-06
1926.0,0.06996226484670938,0.001105576152990954,0.000168540774502079,0.0006257474450646275,5.213985870501155e-06,4.865185594901734e-06,5.133444775268334e-06
1927.0,0.07195434245719282,0.001238357327740768,0.000170153388326651,0.0006251156378537405,5.262162087197991e-06,4.945005351274466e-06,5.20455498473e-06
1928.0,0.07077922638317344,0.001351172266143093,0.0001720933281990335,0.0006244324350249083,5.20208383476427e-06,4.872977106581976e-06,5.184310724654741e-06
1929.0,0.07002647677970422,0.001449577234115398,0.0001743844710508419,0.0006237619533911526,5.185608433242203e-06,4.854135312027105e-06,5.152855739075972e-06
1930.0,0.06979547806355485,0.001455136004925802,0.0001729437467025877,0.0006233609220220518,5.179983890313353e-06,4.875197320254025e-06,5.161708545661335e-06
1931.0,0.07094799738059543,0.001259609699155304,0.0001688309559910397,0.0006226195548139082,5.191272930747942e-06,4.921062436320815e-06,5.116156108535612e-06
1932.0,0.06904854427320854,0.001208360019366837,0.0001701523536939746,0.0006218801702772626,5.19527216004293e-06,4.892324452762123e-06,5.118565447726117e-06
1933.0,0.07016528978009685,0.001332256123798284,0.0001710387530766682,0.0006211364692553676,5.192492117666249e-06,4.909988338764137e-06,5.116477523086431e-06
1934.0,0.0692641128073763,0.001167997805215592,0.0001691706499347249,0.0006204175242920194,5.169631356638395e-06,4.910672624185002e-06,5.146521622326931e-06
1935.0,0.06821195496067484,0.001210038959884932,0.0001690789152771889,0.0006196958239840821,5.167430253311999e-06,4.873558321859585e-06,5.125509360464441e-06
1936.0,0.06828787558473234,0.001135939032803322,0.0001684045834747906,0.0006189942954899087,5.123452469854352e-06,4.843930198641272e-06,5.084712400863322e-06
1937.0,0.06913655131519544,0.001064487854348139,0.0001656705488592162,0.000618268230451526,5.142067834688319e-06,4.851864644404918e-06,5.059986689794368e-06
1938.0,0.06935941760391565,0.00135237921755782,0.0001703209801066033,0.0006175677954875677,5.193954629119222e-06,4.890868315099178e-06,5.098952644642132e-06
1939.0,0.06997760763539264,0.001261746565683214,0.0001721333789193915,0.0006168039354056809,5.191249527696975e-06,4.914457669895169e-06,5.106196066590997e-06
1940.0,0.06959322971077357,0.001408039555029063,0.0001723112695042115,0.0006160403009139522,5.166787819781538e-06,4.902055433632693e-06,5.116894216300836e-06
1941.0,0.06969383130155883,0.001180209361977446,0.0001676915894153052,0.0006151978939412325,5.2256039397233e-06,4.913700143862586e-06,5.086434604843915e-06
1942.0,0.06924225655312888,0.001273007896905955,0.0001701262662046533,0.0006144004669088901,5.216497311977004e-06,4.893355130975751e-06,5.136771424824987e-06
1943.0,0.06778243071051573,0.001235583821232691,0.0001692312159172179,0.0006135693733178728,5.14185998013325e-06,4.838175422827018e-06,5.098093689566485e-06
1944.0,0.06745017459403557,0.001151612895771665,0.0001686282865514842,0.0006127187689834276,5.125424049435705e-06,4.835301696887386e-06,5.072326951141473e-06
1945.0,0.06690150672548925,0.00125468956380554,0.0001704469191803116,0.0006118512748541937,5.14372912817901e-06,4.835273156415494e-06,5.035821553973458e-06
1946.0,0.06584831892871065,0.0009549328777272291,0.0001618200574965829,0.00061100745406368,5.102196107520967e-06,4.796829447959498e-06,4.953150649302806e-06
1947.0,0.06604757225648841,0.001121599258285265,0.0001648901433430203,0.000610092270719164,5.142253504724465e-06,4.817035560861608e-06,4.94446396065137e-06
1948.0,0.06655874937720782,0.001193726401414081,0.0001640331321133746,0.0006091771349501812,5.137190879147127e-06,4.836058478563461e-06,4.965489413958306e-06
1949.0,0.06667614280880259,0.001308041129737209,0.0001692960849026418,0.000608287508922162,5.181416616759314e-06,4.842803892445232e-06,4.990245287622316e-06
1950.0,0.06597948584697691,0.00103862576303099,0.0001643605046257169,0.0006074255523552792,5.181784487874286e-06,4.807292457763287e-06,4.976919078167022e-06
1951.0,0.06652999612654602,0.000970321805072255,0.0001609744049836977,0.0006064905401855553,5.15261004582937e-06,4.801807138190381e-06,4.921561208129458e-06
1952.0,0.06591636786698878,0.0009305531034955103,0.0001625499521142812,0.000605563625086469,5.146997960925233e-06,4.794943717692716e-06,4.954599027591632e-06
1953.0,0.0655575980394634,0.001255744915532545,0.000167292323972784,0.000604623417878853,5.169232102976799e-06,4.786191871406732e-06,4.942298564320413e-06
1954.0,0.06512828086322241,0.001184789145708689,0.0001631173025330187,0.0006036878357218066,5.146691891418166e-06,4.767692232378837e-06,4.937046516234644e-06
1955.0,0.0646916549913833,0.001170554847438321,0.0001653311855757869,0.0006027487093079589,5.127204283273071e-06,4.773137926894787e-06,4.895025864584495e-06
1956.0,0.06477451620524555,0.001059060022340298,0.0001662410628619414,0.0006018046421594674,5.143061544940966e-06,4.778978302631151e-06,4.930894869022969e-06
1957.0,0.06489049531165816,0.00119084802271628,0.0001665253942099607,0.0006008361929169371,5.142041566953015e-06,4.752986758215498e-06,4.910910006482107e-06
1958.0,0.06458544224856809,0.001347494783665307,0.0001668349876523517,0.0005998944499563868,5.117865044129095e-06,4.776454751443872e-06,4.91180354052213e-06
1959.0,0.0647192326458106,0.001208771242610031,0.0001688245139448157,0.0005989609372352677,5.15394606876543e-06,4.786345121736864e-06,4.916066446168212e-06
1960.0,0.0639435163642183,0.0009833455221906658,0.0001619269750644874,0.0005982593895834076,5.153741574115309e-06,4.765047867542643e-06,4.895570297763883e-06
1961.0,0.06679762280282066,0.0009469176707769012,0.0001592042847894836,0.0005972654973170962,5.19599856296453e-06,4.872824820708746e-06,4.961970788098188e-06
1962.0,0.06472102823001467,0.001303108248766783,0.00016759592297265,0.0005962316386127174,5.199889731383015e-06,4.79815131162561e-06,4.954767634342264e-06
1963.0,0.06594783847007368,0.001256892896834297,0.0001667531146599602,0.0005954609092323693,5.17505331753131e-06,4.810251252896084e-06,4.936043087062389e-06
1964.0,0.0699480247745798,0.001220825678784047,0.0001678678440475124,0.0005944468742245699,5.315456376650008e-06,4.967921168817375e-06,5.027362965926006e-06
1965.0,0.0680217866950269,0.001283018234390379,0.0001688141541814918,0.0005934364971076285,5.328165315117333e-06,4.895984486570069e-06,5.063517005277244e-06
1966.0,0.0671457026934706,0.0013194135938281,0.0001693458682192064,0.0005924690686871973,5.299705274091734e-06,4.870261917597868e-06,5.019867801008549e-06
1967.0,0.06638979327593339,0.001173692225466359,0.0001670058321009618,0.0005917859794314807,5.229494051344078e-06,4.8351471978439e-06,4.982218642046954e-06
1968.0,0.0680293419476329,0.001452197179902621,0.0001759177241710068,0.0005908074334594772,5.264335644996798e-06,4.904244698044845e-06,5.098434871522393e-06
1969.0,0.06592435464771017,0.001262901807764968,0.0001677075576951595,0.0005897826318339406,5.218441574203817e-06,4.814189670497451e-06,5.018358914606672e-06
1970.0,0.06625049217123807,0.001222330669405364,0.0001672250386913778,0.0005888623030226857,5.192945958516588e-06,4.791855004134829e-06,4.977240952198204e-06
1971.0,0.06707592243169927,0.001278553580446786,0.0001698130680645884,0.0005879454154144612,5.220289619263156e-06,4.824921767767131e-06,4.971967676958013e-06
1972.0,0.06663258471349802,0.001085864176062265,0.0001659894337024405,0.000587025657928428,5.236922628508786e-06,4.816774034192846e-06,4.963264796488172e-06
1973.0,0.06574830559933298,0.001319463802778576,0.0001685274956499455,0.0005861873011247967,5.192194958825217e-06,4.819326096795323e-06,4.981564006098068e-06
1974.0,0.06665343667171773,0.001200809571691162,0.0001691783116107495,0.0005855484938331763,5.232535534526771e-06,4.842570514621552e-06,5.010569218932099e-06
1975.0,0.06868075389716934,0.001273876377834414,0.0001692318701946625,0.0005846650096237691,5.242045423985012e-06,4.915902003926864e-06,5.041000074509845e-06
1976.0,0.06770343439354215,0.001071058664897765,0.0001652857227448463,0.0005837496868501484,5.178820072514887e-06,4.846237297109826e-06,4.918173063036154e-06
1977.0,0.06741510360672362,0.001143825080202893,0.0001693918291755347,0.0005828961911306315,5.252736941141683e-06,4.863686297748071e-06,5.012197862376195e-06
1978.0,0.06733662499382177,0.001025440518054515,0.0001680708433993439,0.0005820786888135379,5.250975795505512e-06,4.819598589523855e-06,4.97729956462822e-06
1979.0,0.06838807110045453,0.001362593192591535,0.0001710835131165493,0.0005813494093119489,5.259126662004401e-06,4.862066968540535e-06,4.998572433276292e-06
1980.0,0.06856558116570159,0.001351750117916548,0.0001727920221489775,0.0005806462793560073,5.229712383003332e-06,4.838316229235402e-06,4.996556172813382e-06
1981.0,0.06871141831362168,0.001266670530643469,0.0001714437876621304,0.0005801413210676427,5.224438324880225e-06,4.843286889260547e-06,5.051123402352523e-06
1982.0,0.06987698830579832,0.001006623354963337,0.0001677023617518949,0.0005794062237806807,5.2706316598231e-06,4.93351106415536e-06,5.114002876961044e-06
1983.0,0.06839708438936147,0.001244188704703209,0.0001719027879877156,0.0005787185858558214,5.313698815386636e-06,4.906368349657124e-06,5.158115648111051e-06
1984.0,0.06806878598498525,0.001093333742686162,0.0001690875463588932,0.0005780626742442813,5.314973086611286e-06,4.909253387269324e-06,5.093768487738275e-06
1985.0,0.0685524647268496,0.001117433205827333,0.0001731351306689625,0.0005774301913853159,5.270708685859944e-06,4.926582824411715e-06,5.050116681364164e-06
1986.0,0.06980396474908102,0.001397940283108322,0.0001802972471139531,0.0005770826609447553,5.323992026231481e-06,4.949991557981768e-06,5.092537191236193e-06
1987.0,0.0724274399383231,0.001360496656034746,0.000178738155507235,0.0005765072627396844,5.391270414516712e-06,5.038069049398054e-06,5.189964530217273e-06
1988.0,0.06964139212369072,0.001285194518914934,0.0001737605074733183,0.0005759638949235907,5.2930787420034e-06,4.982295877155886e-06,5.133748517206679e-06
1989.0,0.07032009098862932,0.001198256862058006,0.0001722599813568544,0.000575427026720624,5.297672611072012e-06,4.956410382326822e-06,5.114458296257936e-06
1990.0,0.07218842919757623,0.001451647949028274,0.0001784139971111127,0.0005751499497064256,5.377740095610023e-06,5.037410464558474e-06,5.194799081206318e-06
1991.0,0.0726221366103053,0.001225720520367341,0.000173915370107579,0.0005746644370839796,5.433005857062386e-06,5.109958278688549e-06,5.288814240322586e-06
1992.0,0.07171435106022589,0.001253817659441818,0.000175114654475896,0.0005742085992405617,5.38236051823659e-06,5.039603112258098e-06,5.264528393710908e-06
1993.0,0.07129928061343603,0.00122946265662928,0.0001771868567121278,0.0005737917821556131,5.343322523257118e-06,5.01618556717813e-06,5.229150927656286e-06
1994.0,0.07114222391582159,0.001402263445191083,0.0001787551339772745,0.0005736693480877487,5.342143811642244e-06,5.059206427931738e-06,5.263000186493181e-06
1995.0,0.07261013120286128,0.001341498441971548,0.0001791347825922555,0.000573331506682056,5.343977859286679e-06,5.118466800494673e-06,5.322421897650372e-06
1996.0,0.07099961858368979,0.001450607210574812,0.0001791554784035245,0.0005730274834791989,5.282451045032641e-06,5.041876457702977e-06,5.264443851188729e-06
1997.0,0.07129457303058553,0.001719045837907952,0.0001870443897493477,0.0005727386047583113,5.272532240925212e-06,5.032424022293739e-06,5.205871383594664e-06
1998.0,0.07148534741069044,0.001788058625940778,0.0001861693829260123,0.0005727269817927057,5.302720691070985e-06,5.081350602128752e-06,5.230707640844901e-06
1999.0,0.071966957280777,0.001352852640411109,0.0001776363782814118,0.0005724969816387172,5.264355037526639e-06,5.106394882687636e-06,5.228348517925201e-06
2000.0,0.07089978565378653,0.001421186143514782,0.0001807007681899662,0.0005722564783195806,5.24664693381891e-06,5.081349444827091e-06,5.220050586513284e-06
2001.0,0.0720801627147053,0.001365930513173274,0.0001820722124294929,0.0005720526466716436,5.278834822707603e-06,5.102091134989337e-06,5.197527630511861e-06
2002.0,0.07290592478075988,0.001604254201737091,0.0001858664071010489,0.0005721099304930733,5.278461702288026e-06,5.125392671342416e-06,5.266129353856359e-06
2003.0,0.07409749514353034,0.001421705336863342,0.0001802079208949155,0.0005719730598685333,5.312445822249104e-06,5.171759014471287e-06,5.28073899702228e-06
2004.0,0.07200169548252965,0.001497863648680985,0.0001820251909492445,0.0005718511328117645,5.300031079554804e-06,5.115454243625778e-06,5.269942927249605e-06
2005.0,0.07346334794661102,0.001258207842169261,0.0001789783152738495,0.0005717221147677668,5.275910690040028e-06,5.110679593912265e-06,5.230630627014267e-06
2006.0,0.07477015745957365,0.001528244730383763,0.0001815893882930808,0.0005718481924963513,5.275160454991055e-06,5.166570907349804e-06,5.290175952423462e-06
2007.0,0.07646274236934324,0.00152866832262551,0.0001867987728868139,0.0005717514085776186,5.389136392676482e-06,5.289609808562266e-06,5.442168611830568e-06
2008.0,0.07510325455850339,0.001574603156666421,0.0001874699745123406,0.0005716534089554152,5.344707730722766e-06,5.22065151820774e-06,5.358972862291893e-06
2009.0,0.07328570897544588,0.001448164432678998,0.0001867618114850823,0.000571564894540808,5.252936252583982e-06,5.16693774128272e-06,5.311449522031821e-06
2010.0,0.07247167562360154,0.001460843942651913,0.0001828372664786702,0.0005716914780009962,5.253307939626551e-06,5.150713960643528e-06,5.31285189756245e-06
2011.0,0.0749763236803665,0.001442154681922676,0.0001867887281583836,0.0005715793830617908,5.236326498507513e-06,5.166031598135311e-06,5.323055733234666e-06
2012.0,0.07263324067380121,0.001123875966294226,0.0001759432043706797,0.000571455564857655,5.149100748210074e-06,5.079635203413961e-06,5.218932240516264e-06
2013.0,0.07183711593064282,0.001624175287274369,0.0001892393161258938,0.0005715379711802371,5.153378209978558e-06,5.035143265426976e-06,5.202830524135254e-06
2014.0,0.07294151120289967,0.001423354668585483,0.000185390099263692,0.0005714109899986367,5.150584231983323e-06,5.110999445354526e-06,5.224047338236318e-06
2015.0,0.07291995346735813,0.001533852723952448,0.0001860914447022909,0.0005713166739833006,5.194171473093279e-06,5.103950377141047e-06,5.217922325388188e-06
2016.0,0.07323898264190942,0.00128495166736391,0.0001823442598279708,0.000571219854410721,5.178799513118359e-06,5.079431998848671e-06,5.254547217581863e-06
2017.0,0.07407278489329158,0.001239837214465946,0.0001805212812459736,0.0005711201007708827,5.162217191497841e-06,5.065294562645369e-06,5.281884249746067e-06
2018.0,0.07421219390780122,0.001462979071932908,0.0001869200855033264,0.0005710357040949117,5.13969699494891e-06,5.037078120998488e-06,5.272495325692817e-06
2019.0,0.07384551141322422,0.001253275754892868,0.0001790438085638686,0.000570915723540714,5.137090891388734e-06,5.04846954859973e-06,5.223604199110403e-06
2020.0,0.07339641414792275,0.001145006869989922,0.0001789762018406854,0.0005709920552045666,5.125863596107117e-06,5.04296420191965e-06,5.237384345583724e-06
2021.0,0.07637423009363475,0.001477442850978872,0.0001880561551473616,0.000570822596030219,5.18483172602857e-06,5.103853158895125e-06,5.311885205306013e-06
2022.0,0.0742416353346168,0.001374725037262572,0.0001827414206145255,0.0005706558602365634,5.139604216680467e-06,5.049000162572347e-06,5.258287436908094e-06
2023.0,0.07488271387944638,0.001311293621722889,0.0001857924470308047,0.0005705085690755728,5.224433398250471e-06,5.069851863285442e-06,5.323659487324077e-06
2024.0,0.07533658332971929,0.001303660066782944,0.000184257933947945,0.0005703353151779268,5.191877548958448e-06,5.010942492009755e-06,5.265484530372247e-06
2025.0,0.07551393887230352,0.001315806452575941,0.0001817831312310602,0.0005701909198944907,5.160923286644747e-06,5.030108552630431e-06,5.26284802710158e-06
2026.0,0.07564330793061608,0.001279438711464049,0.0001815047250737814,0.0005700210313535695,5.143637075918257e-06,4.986737989927111e-06,5.287314450852692e-06
2027.0,0.07672243113385163,0.001328907035030701,0.0001869921360774002,0.0005698511003524372,5.164433030835079e-06,5.035920374968607e-06,5.276693999388218e-06
2028.0,0.0786135599889529,0.001272777045651773,0.0001856241784549607,0.0005696230596779481,5.169050576170109e-06,5.032323488499288e-06,5.347040905569745e-06
2029.0,0.07717758919623421,0.001419712238227696,0.0001874526344734166,0.0005694120692822496,5.178077215501465e-06,5.022376132701663e-06,5.327555545141949e-06
2030.0,0.07642149003622772,0.00119293517619729,0.0001789019796854792,0.0005691601386778783,5.162307363057185e-06,4.985777271065155e-06,5.268465749897396e-06
2031.0,0.07636164814537258,0.001534040917596807,0.0001865605911885505,0.0005689339910932708,5.20020034739498e-06,5.029779653716208e-06,5.279889249875979e-06
2032.0,0.07613521817338496,0.001482430472659677,0.0001884438690195617,0.0005686657464839716,5.10921996425618e-06,4.97951350885334e-06,5.260577268139167e-06
2033.0,0.07528469235788547,0.001486045699724507,0.0001875245680303239,0.0005683923087264838,5.069210061107715e-06,4.940449326925016e-06,5.23678216385517e-06
2034.0,0.0761884122546945,0.001340175889253586,0.0001815132282385612,0.0005680318921367867,5.074238253564776e-06,4.933622703747858e-06,5.225231151162247e-06
2035.0,0.07583680072471509,0.0013441162584807,0.0001874318118722443,0.0005677407727670382,5.154115083715725e-06,4.933747426681345e-06,5.276079708946229e-06
2036.0,0.07748928165229665,0.001357747182821435,0.0001873228332932544,0.0005674286022751573,5.105943196753348e-06,4.938828437557391e-06,5.280125977210875e-06
2037.0,0.0778703591407661,0.001339906874076417,0.0001842323570136292,0.0005670960821598528,5.163841291730048e-06,4.941187877934195e-06,5.264928247549322e-06
2038.0,0.07792226434757511,0.001238164747020246,0.000184823749975915,0.0005667144395662965,5.176438992835255e-06,4.900000684201509e-06,5.293266978171617e-06
2039.0,0.07793038389147623,0.001065563241513585,0.0001818893171061714,0.0005663189628074099,5.146407559582348e-06,4.90571045997063e-06,5.295968561411255e-06
2040.0,0.07888874727351934,0.001240197797342766,0.0001841016986383177,0.0005659286186385749,5.190245594684881e-06,4.960155490470525e-06,5.289464128388408e-06
2041.0,0.07989362958066046,0.001240269008981896,0.0001824882847515265,0.0005655243147722017,5.184576709131877e-06,4.946978686866763e-06,5.334216278586915e-06
2042.0,0.0791345217351924,0.001397489061311202,0.0001868803983305302,0.0005651097811548587,5.183379676231922e-06,4.965576731304986e-06,5.329764721707987e-06
2043.0,0.07875455204803869,0.001571540161617092,0.0001899608195804518,0.0005647028521538458,5.175074965025052e-06,4.940989347164795e-06,5.336232719292415e-06
2044.0,0.07827229392216678,0.001328349670144305,0.0001803645048659031,0.0005642814250273264,5.099952908698115e-06,4.907400073755994e-06,5.266375468910966e-06
2045.0,0.07772409547184789,0.0013641998093922,0.0001866828023339104,0.0005637838970120022,5.087579738353101e-06,4.896494348015091e-06,5.252007793924442e-06
2046.0,0.07864319579379604,0.001223619253671078,0.0001823790093579723,0.0005633987011942426,5.082834413086886e-06,4.887083404832027e-06,5.273521244348326e-06
2047.0,0.08065647941713022,0.001300688815689662,0.0001860732851233692,0.0005628384914322365,5.276402942731573e-06,4.958806410284192e-06,5.358852348848726e-06
2048.0,0.08059778798085414,0.001422491270154199,0.000189367551876944,0.0005622971117695735,5.260812649767844e-06,4.969867227731848e-06,5.367506092861025e-06
2049.0,0.08161023698215177,0.001288619341123097,0.0001828728584160645,0.0005617549008274209,5.240760457967208e-06,4.980795425499426e-06,5.391130233088318e-06
2050.0,0.08167448186510433,0.001544855772251659,0.0001891024497775734,0.0005613973050595381,5.25328928337454e-06,4.971392923062814e-06,5.351440718033805e-06
2051.0,0.08297473591274893,0.001236757844459638,0.0001824063568749394,0.0005608221522983656,5.296773123519482e-06,5.036956343849133e-06,5.44110133949688e-06
2052.0,0.0815815490944473,0.001195808300778316,0.0001796604737696091,0.0005602495766844459,5.251979663938075e-06,5.023164102569205e-06,5.399526024078218e-06
2053.0,0.08311464617193934,0.001334233890610916,0.0001846317977668902,0.0005597221362022729,5.309410566837012e-06,4.988727096903312e-06,5.475918010735375e-06
2054.0,0.08274531277750433,0.001468014893056063,0.0001865899768642647,0.0005593639874686792,5.251534911208699e-06,5.011307825310295e-06,5.415138960201031e-06
2055.0,0.08316089769957043,0.00146807241298849,0.0001862136240315207,0.00055880488447523,5.360443159152067e-06,5.069581884567287e-06,5.447416901821725e-06
2056.0,0.08307627806093015,0.001413656993246922,0.0001852034389493586,0.0005582214524858204,5.304842361654775e-06,5.078599572312274e-06,5.42765570304011e-06
2057.0,0.08239341061292187,0.001369205960986026,0.0001886945385325624,0.0005578185152471096,5.355157556326594e-06,5.095025337906743e-06,5.453274727038624e-06
2058.0,0.08321248454383522,0.001357353126328889,0.0001851288854643455,0.0005572408291556548,5.436727257399844e-06,5.159226106515742e-06,5.481540084075438e-06
2059.0,0.08215538500530334,0.00135940925927325,0.0001882999049779761,0.0005566913761225084,5.345771127945447e-06,5.069299902874538e-06,5.414984130921905e-06
2060.0,0.08211270101932651,0.001272149328368809,0.0001818454233892126,0.0005561684691112307,5.28331342105695e-06,5.078509002722576e-06,5.357369486179115e-06
2061.0,0.08154962581002372,0.001357981903336399,0.0001872194170464449,0.0005556591688875082,5.3367747096376e-06,5.066700838062429e-06,5.408251402023129e-06
2062.0,0.07997479373744631,0.001173743181969579,0.000179516083800841,0.0005551296274502604,5.259124490741823e-06,5.047828578592441e-06,5.364124241824184e-06
2063.0,0.0787318752842787,0.001118764583740279,0.0001808157475953426,0.0005546539825491185,5.235746421952934e-06,5.046640225053275e-06,5.34089154021458e-06
2064.0,0.07996190223782491,0.001113732300522175,0.0001788728789939311,0.000554164300271642,5.194653055963981e-06,5.085755643018128e-06,5.333858688902481e-06
2065.0,0.08114784036587926,0.001071619013460684,0.0001819539810771779,0.0005538498365697031,5.259904648953858e-06,5.100324796919202e-06,5.370300699862096e-06
2066.0,0.08250816970618895,0.001340327196843169,0.0001874332640446208,0.0005533363762642887,5.414221303884201e-06,5.227850147133656e-06,5.396281908513806e-06
2067.0,0.08210979436313681,0.001270267708595664,0.000185919238250433,0.0005528277592725636,5.429926221360923e-06,5.181486074619371e-06,5.391812693564583e-06
2068.0,0.0819808836500838,0.001439541128926138,0.0001863982100882238,0.0005523476727579014,5.361951954744315e-06,5.18993358560612e-06,5.351971957097817e-06
2069.0,0.08059547117088309,0.001338966772175578,0.0001871676279957609,0.0005520249148706192,5.342865277153456e-06,5.181760171790672e-06,5.363533866562907e-06
2070.0,0.08050984614644445,0.00113161531443226,0.0001798755108399284,0.0005515090514521023,5.390464635451801e-06,5.296224328794045e-06,5.400605868188811e-06
2071.0,0.07947692401960214,0.001123526507650033,0.0001797019675519921,0.000550991784588188,5.3741504146849e-06,5.24009827571971e-06,5.362085099779782e-06
2072.0,0.07841640003346304,0.0010202118361604,0.0001761801848147068,0.0005505376228317572,5.302995986212484e-06,5.200964751356529e-06,5.308421004430892e-06
2073.0,0.07888961865536474,0.001296685034556882,0.0001824209813295117,0.0005503051180471789,5.31332587539752e-06,5.188067571870313e-06,5.26506393883647e-06
2074.0,0.08159621756704181,0.001343843153630711,0.0001829044419002481,0.0005498477225824995,5.47149765884239e-06,5.362024376387376e-06,5.347604543313608e-06
2075.0,0.07918287483801867,0.001223263682954024,0.0001829855515529899,0.0005495069492663512,5.375195134550667e-06,5.278713061227994e-06,5.271494498260527e-06
2076.0,0.08046618872141499,0.001384378094567553,0.0001847518260287998,0.0005490548061302923,5.511141469002715e-06,5.399324601598441e-06,5.420454319688624e-06
2077.0,0.07845609477268005,0.00128048352646248,0.0001806446692750265,0.0005486353342192033,5.399077149064119e-06,5.29172169725308e-06,5.33812707348592e-06
2078.0,0.07852581349893914,0.001042790781508528,0.0001778814227859964,0.0005482694660186886,5.410046958550733e-06,5.285779162118755e-06,5.335958608632597e-06
2079.0,0.07816429432350756,0.001192417073479879,0.0001794509596056506,0.0005479507970523553,5.421511138308672e-06,5.31831725089345e-06,5.318887923993995e-06
2080.0,0.0775220748587004,0.001106909336154926,0.0001773927307007608,0.0005478674155970716,5.402537639903064e-06,5.291179388876565e-06,5.267204355302535e-06
2081.0,0.07740537055074294,0.001097420630438573,0.0001784827728411566,0.0005476014274161602,5.419596590790081e-06,5.3543805861198e-06,5.238699098588666e-06
2082.0,0.07711403430399648,0.001365598295422289,0.0001839626355680364,0.0005473314899466896,5.445106094516618e-06,5.290403058498367e-06,5.216256560732461e-06
2083.0,0.0770440100774267,0.001136233260003971,0.0001798516993791546,0.0005471081312470096,5.463962945628675e-06,5.302105359636171e-06,5.199098585710701e-06
2084.0,0.0753192729547174,0.001119184544026345,0.0001768640802260509,0.000546937363402954,5.365062870159627e-06,5.236649390717597e-06,5.172868116827295e-06
2085.0,0.07420516957428797,0.001107693152673274,0.0001740543870790614,0.0005467923137409341,5.360555647030201e-06,5.264915483529762e-06,5.111455750335239e-06
2086.0,0.07562230358248469,0.001332078592769316,0.0001840958655700217,0.0005466675397597241,5.395788590270815e-06,5.300987660624609e-06,5.172684268411759e-06
2087.0,0.07569077913986541,0.001243852474249364,0.0001831312885256245,0.0005465663030270963,5.403224936513279e-06,5.332114504270169e-06,5.174577273171206e-06
2088.0,0.07551520653041705,0.001346595074734735,0.0001812158303796188,0.0005464810503584252,5.424360698084091e-06,5.36948632210881e-06,5.190031093475459e-06
2089.0,0.07596724132052138,0.001210905934252816,0.0001791759973111145,0.0005463986559845678,5.431781491867119e-06,5.350668349076273e-06,5.171141986977963e-06
2090.0,0.0751202799336656,0.00121603845513152,0.0001811443927924782,0.0005463626653400491,5.52039958013667e-06,5.385859068230693e-06,5.254031857682445e-06
2091.0,0.07477409467258675,0.001181358037440148,0.0001783540250835707,0.0005463261928316692,5.519043826977858e-06,5.382231712716186e-06,5.182048873101272e-06
2092.0,0.07344399121751076,0.001321431101741518,0.000184152542729091,0.0005462968846483333,5.466755137250244e-06,5.321926185161779e-06,5.169502462837265e-06
2093.0,0.07338146965811862,0.001173681809584926,0.0001798966922479116,0.000546265907658086,5.430397758966119e-06,5.302915735085651e-06,5.125954682999604e-06
2094.0,0.0731498661120719,0.001248675956941973,0.0001819989076077942,0.0005462695744348098,5.45927006044464e-06,5.319825561218373e-06,5.194624848738748e-06
2095.0,0.07354252002928444,0.001117226958540258,0.0001774173881798923,0.0005462647366528074,5.449685839068841e-06,5.29667502730948e-06,5.202769116355426e-06
2096.0,0.07237689496777028,0.001200266955722107,0.0001792505911072362,0.0005463145180388322,5.437388327532065e-06,5.287399930117112e-06,5.190401338879131e-06
2097.0,0.07145770544689116,0.001339597689742376,0.0001801413575346927,0.0005463842768567181,5.415606122417533e-06,5.292590977928861e-06,5.150833102821424e-06
2098.0,0.07332520300505418,0.001290693472880839,0.0001796606288079863,0.0005466414495470325,5.422401873678737e-06,5.310342422968451e-06,5.171182567492591e-06
2099.0,0.07456292795209098,0.001150196281025788,0.0001777348755250357,0.0005466917586603474,5.558682918803924e-06,5.42495748160663e-06,5.217130239991691e-06
2100.0,0.07219436152029599,0.001309770698999463,0.0001800130054602432,0.0005467243058765752,5.513870287957457e-06,5.335982035585872e-06,5.181962048330112e-06
2101.0,0.07143250875405394,0.001258185299049179,0.0001791014308463038,0.0005467865950647501,5.438372479740087e-06,5.248276047835856e-06,5.144904008738219e-06
2102.0,0.07201335336570883,0.001289301140970647,0.0001785620404854834,0.0005468620338122575,5.42254386978891e-06,5.289711452053493e-06,5.13084125963828e-06
2103.0,0.07212037017174795,0.00128851182834347,0.0001804939219589014,0.0005471391800352814,5.440085625599258e-06,5.268209987108373e-06,5.167575682167236e-06
2104.0,0.07458602403221991,0.001378972307393854,0.0001840863265441756,0.0005471914497094798,5.557698489134958e-06,5.36478486964226e-06,5.301639138464712e-06
2105.0,0.07259479073397841,0.001082202088005346,0.0001756269680810703,0.0005472130882512407,5.473735532784778e-06,5.270161431836685e-06,5.242250314104728e-06
2106.0,0.0726919728926976,0.001052452956308281,0.0001741557654182718,0.0005472242090241235,5.453110612905732e-06,5.269715273575885e-06,5.187341195712966e-06
2107.0,0.0744959295459172,0.001300108911184712,0.0001847124398689368,0.0005475446812846063,5.546527585809435e-06,5.329253570616e-06,5.264828861556509e-06
2108.0,0.07666252735598855,0.001292120606588147,0.0001841815167350605,0.0005476298139468508,5.624757973486299e-06,5.480302717872297e-06,5.322714400157865e-06
2109.0,0.07443449461736275,0.001510133227788448,0.0001899298568308885,0.0005477144742576677,5.61449204650555e-06,5.389526198936892e-06,5.322485529848812e-06
2110.0,0.07496850152522744,0.001440394621895239,0.0001866516443743365,0.0005477864157462861,5.567548713169556e-06,5.327927807277726e-06,5.370142191908488e-06
2111.0,0.07344536611222671,0.00120631156748578,0.0001799946635608283,0.0005478502586024053,5.462117515882521e-06,5.287865994859595e-06,5.299187594943527e-06
2112.0,0.07315486972270027,0.00140314071950081,0.0001855898985479374,0.0005479420961232576,5.507666215942018e-06,5.286639604964418e-06,5.295391681899469e-06
2113.0,0.07420706977410892,0.001360357346977225,0.0001820841736916061,0.0005480496813042666,5.511039724967155e-06,5.279612221553093e-06,5.279908899242934e-06
2114.0,0.07301302140128069,0.001291213776018637,0.000180462544584104,0.000548181042265054,5.545119785948185e-06,5.269800550371092e-06,5.319750943994983e-06
2115.0,0.07281799808969566,0.001388219568996021,0.000181420573507558,0.0005483000786921866,5.54154220656043e-06,5.237165138142157e-06,5.29817840806258e-06
2116.0,0.07230750071557748,0.001276044924643999,0.0001810372303747076,0.0005484010366978278,5.46343319717989e-06,5.18698119264978e-06,5.246863548039138e-06
2117.0,0.07213022525187537,0.001266290355381414,0.0001821351317002378,0.0005485174959961225,5.491638086500513e-06,5.213652407633686e-06,5.254730708767695e-06
2118.0,0.07295152846552524,0.001276489129414679,0.0001823637632187,0.0005486099955196787,5.450534278235067e-06,5.188576296343188e-06,5.272366122453497e-06
2119.0,0.07391065019141498,0.001494477783824173,0.0001866158477131093,0.0005487301507073614,5.458304656439937e-06,5.226900441073452e-06,5.285887607046185e-06
2120.0,0.07383371805800963,0.001274155621535687,0.0001817922319853855,0.000548873316343642,5.439967610689283e-06,5.210624894545711e-06,5.358134663559021e-06
2121.0,0.07552151236426094,0.001295775221478553,0.0001806030322699319,0.000549036241820525,5.435542572966974e-06,5.226899520782025e-06,5.334460708408277e-06
2122.0,0.07472763832679424,0.001461421001515406,0.0001882812104058097,0.0005491975503926957,5.493595405857969e-06,5.240187929610873e-06,5.366676526104184e-06
2123.0,0.073277160133685,0.001143027636954701,0.0001778667078336845,0.0005493635952921891,5.437739102338275e-06,5.216970249146766e-06,5.310423193806362e-06
2124.0,0.07269375191302666,0.001345666316684198,0.0001828914321349707,0.0005495736153540604,5.453985044723044e-06,5.157407373152726e-06,5.309428431297682e-06
2125.0,0.0730150149596281,0.001277161874861303,0.0001791043435259083,0.0005497358976731033,5.385293105452757e-06,5.127547962689645e-06,5.251704047315236e-06
2126.0,0.07298078332344075,0.001054408401833568,0.000177556580631016,0.0005499162333537942,5.454291922284717e-06,5.149448761394444e-06,5.281651243154599e-06
2127.0,0.07445806084508849,0.001374101285920968,0.0001832792006432416,0.0005501165013422957,5.461491212233704e-06,5.195601335216976e-06,5.294079544762626e-06
2128.0,0.07478078576935757,0.001251535436124624,0.0001808262439694323,0.0005503261266039026,5.410716522882274e-06,5.145841236431319e-06,5.290417863770135e-06
2129.0,0.07479873269311405,0.001437239643246534,0.0001836356237421536,0.0005505210765759093,5.422947298827614e-06,5.197394028436039e-06,5.343840677037665e-06
2130.0,0.07379150430295446,0.001441080200426652,0.0001845652199871549,0.0005507447006942977,5.402687054971787e-06,5.123294018865918e-06,5.29403298231195e-06
2131.0,0.07445683572172893,0.001235818232286659,0.0001797278602908103,0.000550962213950099,5.378507840525927e-06,5.149551090185626e-06,5.263573086513619e-06
2132.0,0.07346426199724533,0.001445139948558678,0.0001856011449751654,0.0005512174644140544,5.391128753519809e-06,5.137647128509427e-06,5.322062698937954e-06
2133.0,0.07557528931686361,0.001327495878297042,0.000179643373300386,0.0005514570623912223,5.345624208512099e-06,5.146849865869485e-06,5.31179891492011e-06
2134.0,0.07465836603263477,0.00134136363375934,0.0001842554455450858,0.000551733239091894,5.376676748322784e-06,5.138841773852257e-06,5.309514902737725e-06
2135.0,0.0756963451664948,0.001376929154238263,0.000179383030506657,0.0005520185759952818,5.334936800243752e-06,5.171388501991582e-06,5.283154398606169e-06
2136.0,0.07595995277157314,0.001308177171051397,0.0001831340703046994,0.0005525301888352937,5.448765507432081e-06,5.233702742501913e-06,5.373313985255073e-06
2137.0,0.07818154943284085,0.001452458170566428,0.0001845733017498342,0.0005528084507140331,5.529777712730051e-06,5.366496567291954e-06,5.403643004922723e-06
2138.0,0.07488154717579308,0.001297145476039212,0.0001812927879497893,0.0005530702863906537,5.412922078037803e-06,5.184500187280328e-06,5.268102124651768e-06
2139.0,0.0740621561335248,0.001294514348904034,0.0001803200002560333,0.0005535265173040221,5.344504296782893e-06,5.146328766139487e-06,5.220088348294235e-06
2140.0,0.07568792675517864,0.001338153017151598,0.0001810654612377963,0.0005537609119899027,5.377706910500053e-06,5.17136637586227e-06,5.334876598704974e-06
2141.0,0.07381845843070023,0.00107400512535754,0.0001748204354163823,0.0005540360701334099,5.288466223123204e-06,5.104621640256269e-06,5.241894165698604e-06
2142.0,0.07536431826404913,0.001406024526820343,0.0001832929313822069,0.0005543328150883544,5.305265293422102e-06,5.14032761225188e-06,5.257606971476749e-06
2143.0,0.07508685836268146,0.001367341836198464,0.0001826465461762492,0.0005546683969385267,5.282466150362467e-06,5.149996709896888e-06,5.2986508699716e-06
2144.0,0.07593847412973348,0.001361109585813506,0.0001792109256191571,0.0005549973504133206,5.292630183808573e-06,5.149569619346062e-06,5.304384133391286e-06
2145.0,0.07649896953054813,0.001432451116735992,0.0001826189644134306,0.0005553188548582083,5.276144878317289e-06,5.149879846421515e-06,5.276716386042108e-06
2146.0,0.07658865606152108,0.001491209739093234,0.0001856868859613496,0.000555646243637132,5.370058988566877e-06,5.215013098393455e-06,5.269865475519761e-06
2147.0,0.07720092215112719,0.001397172115370223,0.0001846160126328571,0.0005559539827972127,5.393104172970167e-06,5.218302940201022e-06,5.344945281723027e-06
2148.0,0.07650105008037297,0.001407641234677899,0.0001814982093428683,0.0005562398523952953,5.37272408931177e-06,5.175068674330601e-06,5.305921778837051e-06
2149.0,0.07646805553108192,0.001274271896450385,0.0001795888603133619,0.0005565108670924294,5.303641509322921e-06,5.141007963431312e-06,5.247830150536868e-06
2150.0,0.07727454209717889,0.001416059617678666,0.0001815027953885636,0.0005567527343440685,5.317011334948099e-06,5.148566480807391e-06,5.260008722729702e-06
2151.0,0.07735506621214618,0.001348710139342308,0.0001818062154342767,0.0005569918536193389,5.286685343338726e-06,5.15109311462735e-06,5.303662302882167e-06
2152.0,0.0764808308121724,0.00148760595004383,0.0001843790082107395,0.0005572265494432358,5.272906375066762e-06,5.120320503284182e-06,5.287438625282788e-06
2153.0,0.07547172393740736,0.001336091884606863,0.0001794054746462345,0.0005573968185416904,5.205281124242786e-06,5.05747918527184e-06,5.235509413519159e-06
2154.0,0.07571412028321123,0.001348905049107884,0.0001791767054982275,0.000557562457902194,5.171240139917449e-06,5.081329945511314e-06,5.220397883065687e-06
2155.0,0.07721895712231745,0.001454446806103806,0.0001829587130521672,0.0005576697266510779,5.228911256985969e-06,5.132656415426663e-06,5.320122583110609e-06
2156.0,0.0769860324207783,0.001389905586895599,0.0001795783606149655,0.0005577634515936417,5.229497610495375e-06,5.115710088754725e-06,5.260061527507494e-06
2157.0,0.07631758115872553,0.001380517772889815,0.0001814882059686594,0.0005578899919020063,5.251637194034909e-06,5.094980791479375e-06,5.301891179447081e-06
2158.0,0.07702536258079659,0.001355221521920486,0.0001803648245421704,0.0005579382945108504,5.287465605828549e-06,5.13177372120206e-06,5.224396199029975e-06
2159.0,0.07784449342172832,0.001333709534984906,0.0001820994058090731,0.0005579637762660401,5.274018885792978e-06,5.08364019282935e-06,5.286057467546551e-06
2160.0,0.0780839194378369,0.00149466665135757,0.0001828510134859459,0.0005579513237425245,5.247663938599896e-06,5.111214436888552e-06,5.280857395749585e-06
2161.0,0.07752399095100612,0.001341396905334253,0.0001807556805610913,0.0005579182996713486,5.270234811815945e-06,5.088689557489214e-06,5.266060564837214e-06
2162.0,0.07881424313995183,0.001567394791110227,0.0001861034954208965,0.000557863318039033,5.290733795956104e-06,5.11579973148723e-06,5.339534548479911e-06
2163.0,0.07973891477476336,0.001324778383256136,0.0001818080958196474,0.0005577743102837065,5.264686014623976e-06,5.108103040437026e-06,5.355513233724008e-06
2164.0,0.0792180924178571,0.001474721619477314,0.0001829049151941505,0.0005576403975351047,5.25566538026183e-06,5.133248749837965e-06,5.328805599488336e-06
2165.0,0.07806728784641394,0.001495614036286957,0.0001837512075759498,0.000557508475340604,5.276020161571284e-06,5.064923878959244e-06,5.363682015544384e-06
2166.0,0.07923810570698771,0.001438447503626756,0.0001817343212924262,0.0005573526299752523,5.273932330632239e-06,5.119796240783994e-06,5.335573559841402e-06
2167.0,0.0790101389362572,0.001347025301301419,0.0001796726406137843,0.0005571933885785664,5.300465825381872e-06,5.101811030393528e-06,5.358789465006691e-06
2168.0,0.07827773102451134,0.001337890091981001,0.0001801553183007829,0.0005569910635193992,5.317934668964174e-06,5.073877735463753e-06,5.337823548039696e-06
2169.0,0.07775996579825287,0.001362099466896557,0.0001809692073983773,0.0005567645965307506,5.269199432259496e-06,5.050642501352293e-06,5.320615030867075e-06
2170.0,0.07878088650360364,0.001528567952976941,0.0001821515021829017,0.0005564870087651601,5.26028288434029e-06,5.063161567283521e-06,5.297684124517443e-06
2171.0,0.08032796556377719,0.001339683898078327,0.0001811863877044292,0.0005563174741197432,5.329386162341542e-06,5.105981530337629e-06,5.327992177165276e-06
2172.0,0.08176502154972093,0.001584189055749915,0.0001868801877608636,0.0005559389131810814,5.461729263004058e-06,5.233235718678392e-06,5.558681452423392e-06
2173.0,0.07890838766273647,0.001331319639418937,0.0001780299755517206,0.0005555626029696227,5.316713190523004e-06,5.059764009832537e-06,5.361328455628259e-06
2174.0,0.07871056989952163,0.001379594905407541,0.0001803620936352994,0.0005552024367864983,5.313972512423629e-06,5.057283380368982e-06,5.346839877836895e-06
2175.0,0.07920247616133583,0.00148247740000513,0.000180335645786488,0.0005548288034132162,5.277159903874334e-06,5.0760418650992e-06,5.370143058725143e-06
2176.0,0.07905450887490299,0.001451980860810088,0.0001818856153971943,0.0005544303347839014,5.309581629344317e-06,5.107510559075064e-06,5.425773445114696e-06
2177.0,0.07938122912682638,0.001479593884150159,0.0001826228756174016,0.0005540405219399559,5.377442662459845e-06,5.106661726169283e-06,5.443772602133989e-06
2178.0,0.07892306933009365,0.001633700521546647,0.0001866300539509763,0.0005536326203782053,5.396893080972512e-06,5.123523081305667e-06,5.446145105149334e-06
2179.0,0.0784911199104869,0.001379803554479613,0.0001812683322024307,0.0005531862529839723,5.340557726692158e-06,5.077466433379532e-06,5.411437469797723e-06
2180.0,0.07812006259057107,0.001522790615588099,0.0001850736625927592,0.0005527086334363963,5.32456677780144e-06,5.029784194830112e-06,5.428110094697919e-06
2181.0,0.07798401125385707,0.001420156052828054,0.0001840670657105119,0.0005522262375711236,5.323415489239213e-06,5.062362615009388e-06,5.425747580791171e-06
2182.0,0.07773627766118921,0.001390694833949569,0.0001782611673255866,0.0005517025296590576,5.301823001787846e-06,5.00981208334443e-06,5.440791533652367e-06
2183.0,0.07714253811097362,0.001410157297036999,0.000182029013435142,0.0005511562790545991,5.268594191104003e-06,4.992352841714437e-06,5.396172904445656e-06
2184.0,0.07662781994476071,0.001458395640868535,0.0001820475696229937,0.0005506668546973644,5.29375260002043e-06,5.032282950697491e-06,5.422505315536546e-06
2185.0,0.07764448049814877,0.001512433917019981,0.0001827720151809418,0.0005501458170715787,5.347334572478447e-06,5.051991711563021e-06,5.513067059746693e-06
2186.0,0.07631910519571483,0.001571241347820021,0.0001842795015560679,0.0005496084501431546,5.346644484741132e-06,5.051165749505773e-06,5.432096225618437e-06
2187.0,0.07596689142670698,0.001581698180133784,0.0001842794112876979,0.0005490824688034208,5.357210614963741e-06,5.066583873853499e-06,5.475109073054318e-06
2188.0,0.07638610174949112,0.001387258802635108,0.0001782140352165272,0.0005484956952162303,5.347596420855874e-06,5.041751971594722e-06,5.444085529223124e-06
2189.0,0.07634435624947067,0.001524268226043829,0.0001842721663385333,0.0005480179496271835,5.336946712749021e-06,5.065007887868292e-06,5.512452319140671e-06
2190.0,0.07847262349043128,0.001671826969108592,0.0001843839447200246,0.0005473329773235429,5.440695439224279e-06,5.193983843010749e-06,5.612194108929134e-06
2191.0,0.0757420650168981,0.001414885320721156,0.0001784903283647017,0.0005466564607266962,5.349217341805393e-06,5.049990445231076e-06,5.441386246176633e-06
2192.0,0.07466852345952274,0.001501535510855409,0.0001810634637806727,0.0005459916937353885,5.324367900976902e-06,5.044278323714373e-06,5.47746550814992e-06
2193.0,0.07375219539653065,0.001349351709473717,0.0001760466473349128,0.0005453608278553355,5.29299116870641e-06,5.029107423648246e-06,5.466788065299685e-06
2194.0,0.07317803037676263,0.001157744363308248,0.0001727997701783912,0.0005446833061124325,5.270228297895282e-06,5.003196290578379e-06,5.47958060391891e-06
2195.0,0.07307490240174136,0.001521892272244559,0.000177882605853309,0.0005440013996714807,5.233391638605342e-06,5.010778116442631e-06,5.440218816638513e-06
2196.0,0.07350719664727924,0.001338734225517086,0.0001780971245967455,0.0005432606499363217,5.264086966577216e-06,5.041556516371536e-06,5.464137656595651e-06
2197.0,0.07424726846489996,0.001495203742679396,0.0001778632830557318,0.0005426710930476491,5.28899915391579e-06,5.092534585496886e-06,5.507632471461809e-06
2198.0,0.07767446668807103,0.001484521953743448,0.000177676108773589,0.0005419027644742123,5.436601796032034e-06,5.244728786772643e-06,5.651481514468634e-06
2199.0,0.07585198425701807,0.001480939476102513,0.0001802909466057441,0.0005411257729152371,5.416111682732903e-06,5.223714535384364e-06,5.620355478340026e-06
2200.0,0.07446048119306334,0.00148404850843005,0.0001775723433025641,0.000540355017619149,5.354160527014504e-06,5.13883779916223e-06,5.589907178391933e-06
2201.0,0.0733440528061538,0.001203484210075053,0.0001716980401358387,0.0005395790431742662,5.278678770315193e-06,5.118438579912511e-06,5.507390146329335e-06
2202.0,0.07225240709993759,0.00126692655256402,0.0001720434524553964,0.0005388191380769615,5.244976151743938e-06,5.108673087799915e-06,5.524204725033577e-06
2203.0,0.07395229465269697,0.0009994379840726289,0.0001653255821483869,0.0005380163323125457,5.212965585757144e-06,5.122220606063744e-06,5.454370939298357e-06
2204.0,0.07462788499322688,0.001418732447689036,0.0001776017118746245,0.0005372281903671342,5.330947599420834e-06,5.216089553106579e-06,5.568897133076732e-06
2205.0,0.07509704434688134,0.001641849097324501,0.0001777894460722197,0.0005364781457806501,5.348000405781938e-06,5.246746768340423e-06,5.621823237569143e-06
2206.0,0.07543750196131617,0.001606999503312218,0.0001813318708308065,0.0005357353963368712,5.355836190986089e-06,5.258636902000209e-06,5.606223335702841e-06
2207.0,0.07594753279540906,0.001411584084515169,0.0001774474051999965,0.0005349945605839883,5.330905879218361e-06,5.286185279412313e-06,5.540047906144512e-06
2208.0,0.07421830192336465,0.001171817556601962,0.0001710674433752551,0.0005342572587379361,5.334406750343545e-06,5.267487407583675e-06,5.555313549711889e-06
2209.0,0.07363975078890603,0.001165917357576872,0.0001702889071144659,0.0005335333914350271,5.391909646710118e-06,5.313465521213754e-06,5.563399210073995e-06
2210.0,0.07362349262148067,0.00145495436444023,0.0001763491582161869,0.000532791417181377,5.344162460439532e-06,5.276935534623002e-06,5.529102405037826e-06
2211.0,0.07334136885463727,0.001434594023126297,0.0001721048955592388,0.0005320761364040364,5.345964167748687e-06,5.298063155068519e-06,5.51751908549588e-06
2212.0,0.07362431755742327,0.001509421975257757,0.0001753518945175857,0.0005313676733304229,5.35603602051078e-06,5.305925600076035e-06,5.513653177695936e-06
2213.0,0.07464230999921918,0.001359113383145143,0.0001737122456935775,0.0005306539389782185,5.365815227201658e-06,5.330911987048408e-06,5.510564284778964e-06
2214.0,0.07322977129003265,0.001226558147196825,0.0001694248518712168,0.0005299522361427545,5.31970977774625e-06,5.321115473099636e-06,5.483237626570523e-06
2215.0,0.0737795902246711,0.001238372745581426,0.0001709558007912294,0.000529285464938224,5.334157274986695e-06,5.327221701318514e-06,5.521783356007744e-06
2216.0,0.07286853434976966,0.001019572741134937,0.0001661948791851136,0.0005286311538726271,5.310900235304537e-06,5.324385774310166e-06,5.454616485298011e-06
2217.0,0.07356395275717685,0.001526037833798601,0.0001773408312156277,0.0005280262050699786,5.348637636964116e-06,5.369876110613031e-06,5.54478145552885e-06
2218.0,0.07228596723090631,0.001410414854752308,0.0001749824511223586,0.0005274382927429932,5.356888609862213e-06,5.358355695715787e-06,5.50110563113993e-06
2219.0,0.07126491176788124,0.001060255140310611,0.0001684440927876119,0.0005268524767777994,5.359124618700794e-06,5.33116382789063e-06,5.463452170580109e-06
2220.0,0.07161459186630102,0.001048572770612598,0.0001671571067428827,0.0005262859534185558,5.336607113935277e-06,5.328314691018027e-06,5.432722887532055e-06
2221.0,0.07106945202170149,0.001076682393140415,0.0001663209370670111,0.0005257473847272222,5.368784707996898e-06,5.354610309120242e-06,5.437473003021369e-06
2222.0,0.07247064391772375,0.001141832014645638,0.000167089337497669,0.0005252293371061266,5.411979233317954e-06,5.396853234047919e-06,5.432742864329236e-06
2223.0,0.07215868800556534,0.001533198944558414,0.0001757832128563231,0.0005247715399907549,5.400981871850042e-06,5.363610102839352e-06,5.453905151755578e-06
2224.0,0.0714057351531391,0.001465326694534681,0.0001739379884879241,0.0005243496305163219,5.395374831174036e-06,5.367294819869675e-06,5.365215169647494e-06
2225.0,0.0724800475775085,0.001077223926496337,0.0001662218155562257,0.00052392382911792,5.410391273988381e-06,5.381512292199459e-06,5.370772837472214e-06
2226.0,0.07335119410782003,0.001185636123121709,0.0001680578655075334,0.0005235117275220816,5.450954210320581e-06,5.439600234392356e-06,5.447484287202801e-06
2227.0,0.0726118758905154,0.001085537770251539,0.0001641306939568042,0.0005231288582932199,5.42351631900589e-06,5.412710860538312e-06,5.463894931347973e-06
2228.0,0.0723724906706948,0.001380061357312412,0.0001712936268405395,0.0005227854880144208,5.429553126195565e-06,5.400364691803594e-06,5.417352226762966e-06
2229.0,0.0723094865577932,0.001393267681875513,0.0001668870662182308,0.0005224540247045338,5.428212030594096e-06,5.420677800635456e-06,5.441062645653611e-06
2230.0,0.07117854931855284,0.001409370234788604,0.0001702867580102164,0.000522329114041859,5.421870708553857e-06,5.413192456829954e-06,5.413982284967867e-06
2231.0,0.07190373480367752,0.001126596528042466,0.0001663705824345589,0.0005220485664005402,5.507427242163196e-06,5.445793190931816e-06,5.445190137116738e-06
2232.0,0.06953508261005181,0.001070593956552856,0.0001621952384537354,0.0005217741398171523,5.452020637143548e-06,5.356028320930241e-06,5.344242493623491e-06
2233.0,0.06984286588243911,0.0009950985189946743,0.0001614180435048367,0.0005215199880100704,5.470375479233096e-06,5.352128747778978e-06,5.382370698588526e-06
2234.0,0.07050961112866683,0.001312636127224212,0.0001691413207248466,0.0005213236282319544,5.413197839199917e-06,5.372192487670642e-06,5.316158146382996e-06
2235.0,0.07134313676125904,0.001502590671457028,0.0001754363264796652,0.0005213306577519567,5.53566513861885e-06,5.425873746007767e-06,5.429174276149909e-06
2236.0,0.07436521231953722,0.001218879400837835,0.0001659422332166272,0.0005211912029975102,5.583911554407943e-06,5.502822282542073e-06,5.476249636576312e-06
2237.0,0.07238612225085597,0.00123975824174504,0.0001675460387701269,0.0005210960589598478,5.541518097435764e-06,5.421847912367476e-06,5.384994351799113e-06
2238.0,0.07148060777348565,0.001104444770558895,0.0001628359806978638,0.0005210273799160784,5.542570139615576e-06,5.433368628602849e-06,5.439675698377345e-06
2239.0,0.07160690587706654,0.0009552343361262228,0.0001593727562811349,0.0005210484615794668,5.499914755558127e-06,5.394457671690308e-06,5.434684012233394e-06
2240.0,0.07250862541852275,0.001269216186880212,0.0001665665545672759,0.000521082198257274,5.507604659404681e-06,5.371337709880732e-06,5.39453214879282e-06
2241.0,0.07132200773644976,0.001580820835719747,0.0001713497094172671,0.0005211720574320218,5.523727490418387e-06,5.365209705076984e-06,5.444036297491785e-06
2242.0,0.069536194184946,0.00152214518059306,0.0001729775709368881,0.0005212920500780121,5.50777981909372e-06,5.302399559179496e-06,5.375713706077259e-06
2243.0,0.06906520787236504,0.001152129027894658,0.0001663195426380034,0.0005214583227338551,5.449886526165424e-06,5.273905258836875e-06,5.332287877560381e-06
2244.0,0.0690191799215045,0.001087113669005929,0.000161629482772504,0.0005216635842848054,5.432523943450883e-06,5.248040862584319e-06,5.320768024073255e-06
2245.0,0.06986772212319524,0.001025714016746675,0.0001585890638162556,0.0005218702134809733,5.400205893976649e-06,5.278214079114784e-06,5.317526915837475e-06
2246.0,0.06999754409794279,0.001392229370243994,0.0001682997721795873,0.0005221215798455456,5.457916692322892e-06,5.266186830142337e-06,5.339659116052925e-06
2247.0,0.07290683450147575,0.001663749014635149,0.0001710241511762996,0.0005224240035984181,5.522154807510421e-06,5.354965702665351e-06,5.396508660261055e-06
2248.0,0.07342098993544499,0.001623718853414898,0.0001732028554607134,0.0005227591250615112,5.577524399211941e-06,5.391411619462896e-06,5.458017782102098e-06
2249.0,0.07181954809847338,0.001461440248717522,0.0001695024327034552,0.0005231275118177144,5.558350328742143e-06,5.350764029135806e-06,5.390139829066482e-06
2250.0,0.07060343282248807,0.001108809409573658,0.0001602723459392615,0.0005235247108020978,5.515629982219619e-06,5.300496636207348e-06,5.37686901561689e-06
2251.0,0.0706105874264126,0.001080262861413973,0.0001580618502908792,0.0005239316056162256,5.449612882332025e-06,5.26726997458198e-06,5.394344435810005e-06
2252.0,0.07208947850882753,0.00152770858904721,0.0001673786959407915,0.0005243652814148035,5.438681705166335e-06,5.282896893281085e-06,5.386252553505107e-06
2253.0,0.07206745509956067,0.001499614802205241,0.0001648292433605129,0.0005248584696389952,5.489406085422652e-06,5.303543193400191e-06,5.430788362785469e-06
2254.0,0.07148482549280681,0.001540970480574738,0.0001671022017317985,0.0005253678255538865,5.512171930720408e-06,5.26315845102197e-06,5.430974337832218e-06
2255.0,0.0702431836807899,0.001128556907066543,0.0001606644772751217,0.0005259046734413882,5.443219226903114e-06,5.220912294222394e-06,5.376480872238558e-06
2256.0,0.07003124103642071,0.001116460937616117,0.000157764352762412,0.0005264812996606063,5.449858800605209e-06,5.196882074066469e-06,5.415009936676925e-06
2257.0,0.07076991706258529,0.001051525394317992,0.0001569701607094015,0.000527019703053774,5.403047899656512e-06,5.150501004564799e-06,5.388271710798001e-06
2258.0,0.06964848746024575,0.001239541675992534,0.000160268684806851,0.0005276052992506972,5.409207668397832e-06,5.168236574053798e-06,5.403335700577857e-06
2259.0,0.07014181296344124,0.001347939332811985,0.0001572645732671565,0.000528216116266871,5.473529195905588e-06,5.236056217884502e-06,5.447867325054822e-06
2260.0,0.07144345668661266,0.001558579698957994,0.0001639413676608624,0.0005287723590082259,5.398504995913891e-06,5.227134964081324e-06,5.349938978118433e-06
2261.0,0.07139366423930117,0.001300186772974939,0.0001629485236504068,0.0005293976027894816,5.463446256240813e-06,5.251017166526965e-06,5.409605575773384e-06
2262.0,0.07082932128232058,0.00125120862193088,0.0001575793392854051,0.0005300349099847479,5.435865802478262e-06,5.225591773493399e-06,5.424824659402944e-06
2263.0,0.0699729364494063,0.001120324656432227,0.0001553335049790034,0.0005306707804156241,5.362828116401227e-06,5.192188753598567e-06,5.450850588652183e-06
2264.0,0.06950526286420537,0.001379965841414241,0.0001590658028841896,0.0005313406960547658,5.32483724572106e-06,5.159902870607378e-06,5.386940655625519e-06
2265.0,0.06848028770386592,0.001266107312340114,0.0001525613282457383,0.0005320762937720294,5.306401084632365e-06,5.11922729634125e-06,5.350652516727127e-06
2266.0,0.06883298842299507,0.001207222315377281,0.0001524697526528968,0.0005328107581411509,5.326717575849518e-06,5.096508776116386e-06,5.331184637833376e-06
2267.0,0.06815361908557181,0.001284780532952922,0.0001535435100735152,0.0005334713477613567,5.303159952220821e-06,5.074025414601296e-06,5.338924373431929e-06
2268.0,0.069093525848661,0.001487155656874211,0.0001562772537241948,0.0005341510153398337,5.336981086431681e-06,5.160807612341684e-06,5.404540310002317e-06
2269.0,0.06951477505564886,0.001112636765790197,0.0001527247522809351,0.0005348440323106806,5.281629442787452e-06,5.157823256660149e-06,5.385078351278853e-06
2270.0,0.06920608872084222,0.001594679936040954,0.0001651644886993399,0.0005355581231041519,5.305832084268742e-06,5.13397496925015e-06,5.37122087543425e-06
2271.0,0.07002662425459616,0.001392997249986461,0.0001569443138940246,0.0005362814907668683,5.294964890194346e-06,5.167863441059119e-06,5.37328146366752e-06
2272.0,0.06976402169301578,0.001514693517577552,0.0001599438490473588,0.0005370120996041148,5.294202324802721e-06,5.169287192638465e-06,5.371805532637066e-06
2273.0,0.06989274705808243,0.001233494630342396,0.0001545489861189339,0.000537685216119903,5.282058129997384e-06,5.166903737809199e-06,5.30323555853191e-06
2274.0,0.07057195805192297,0.001234666484089404,0.0001541939076313949,0.0005383816746633012,5.311785528867234e-06,5.191967904426952e-06,5.362447057822287e-06
2275.0,0.07172730872297471,0.001044013015531065,0.0001511693501284475,0.0005390482765506812,5.320760541881195e-06,5.183964340057275e-06,5.375208612372255e-06
2276.0,0.07059933758738902,0.001442076734113059,0.0001576830492875465,0.000539797986446058,5.313342252896152e-06,5.165571251849158e-06,5.387702360509402e-06
2277.0,0.0700548914761388,0.001343927072047174,0.0001491319564487889,0.0005404810449035472,5.262481573516347e-06,5.154261276922463e-06,5.331953327104644e-06
2278.0,0.07018281240470237,0.001358048357426059,0.0001531625265364475,0.0005411697630977207,5.276716790055186e-06,5.087334579723705e-06,5.333294460843985e-06
2279.0,0.06997554138113904,0.001191839464272831,0.0001520561083420329,0.0005417877441831289,5.250835223630933e-06,5.101442240257161e-06,5.259645930479251e-06
2280.0,0.06914095514854358,0.001196035849451783,0.0001516363355770494,0.0005424754908666243,5.245931680100776e-06,5.109501550097969e-06,5.299315254585712e-06
2281.0,0.0693304209790132,0.0009375672578638438,0.0001433000631970782,0.000543093393346801,5.213728384365667e-06,5.099857500054862e-06,5.253782174905179e-06
2282.0,0.0699561088132092,0.00105925478852243,0.0001481861489716784,0.0005437345467978041,5.227727956063854e-06,5.13916826197899e-06,5.270060797611728e-06
2283.0,0.07062270010069718,0.001330833335393788,0.000154531434331522,0.0005443358861397508,5.239908673133307e-06,5.125607525385794e-06,5.30848467117084e-06
2284.0,0.06980678441689045,0.00142923014201166,0.0001549301924436565,0.000544954890558011,5.220600090974498e-06,5.067237627008738e-06,5.245694743804415e-06
2285.0,0.070472191282362,0.001153295318387556,0.0001480734262855717,0.0005455237592282504,5.179371633929139e-06,5.056340543977135e-06,5.198805319293521e-06
2286.0,0.07055017757459275,0.001040638130503626,0.0001455517914073225,0.0005460780044368895,5.229424850922811e-06,5.070975170956581e-06,5.220559580882746e-06
2287.0,0.0698588132064094,0.0009082521581417355,0.0001399985421594619,0.000546650574186525,5.237863055736303e-06,5.100973275699922e-06,5.230154019962314e-06
2288.0,0.07095567945108493,0.001099577279310922,0.000148633948234058,0.0005471954713879613,5.226852689554267e-06,5.098016448599393e-06,5.229238832385642e-06
2289.0,0.07083888681570194,0.001506409602615295,0.0001544954565707998,0.0005477364495972868,5.26901515349609e-06,5.109916554531465e-06,5.205184945802381e-06
2290.0,0.07066827093181784,0.001416255014508,0.0001490296454450732,0.0005482429839982702,5.241315299577818e-06,5.086469649205238e-06,5.150379041304347e-06
2291.0,0.07049478669410675,0.001277737925618334,0.0001484709678628195,0.000548739205095796,5.23687064588708e-06,5.058862821756862e-06,5.126563324697131e-06
2292.0,0.070058235401114,0.001093260886924407,0.0001439534319650196,0.0005492202119794503,5.18714066962661e-06,5.043241498043041e-06,5.11163277007419e-06
2293.0,0.07068180248738533,0.0009561081246439053,0.0001382711799607006,0.0005496934462454862,5.173532529002082e-06,5.082805032667487e-06,5.092444155481402e-06
2294.0,0.07016285006071775,0.001419356038571626,0.0001496734511971337,0.0005501636431609355,5.217431813694676e-06,5.07380772187161e-06,5.154352345885335e-06
2295.0,0.07177519825161907,0.00158219690788508,0.0001568411655502276,0.000550611749383119,5.22430471312092e-06,5.083989279154179e-06,5.121651472493303e-06
2296.0,0.07279256917335701,0.001261518732309777,0.0001496611662880491,0.0005510027762652544,5.214363022556565e-06,5.092206083254734e-06,5.121841320754516e-06
2297.0,0.07211298616306457,0.001232646434843261,0.000147010014728568,0.0005514153803823955,5.260936833464542e-06,5.12009897457729e-06,5.159523481850233e-06
2298.0,0.07181674682741888,0.001081662177307599,0.0001423224721001934,0.0005518539382959202,5.290179655075078e-06,5.088121820544911e-06,5.186397085406675e-06
2299.0,0.0713154776400376,0.0008977820587733654,0.0001389838168536024,0.0005522316564252982,5.213660120912265e-06,5.019367778694207e-06,5.108138492543166e-06
2300.0,0.07007385393298318,0.0007456430562937332,0.0001324477464365297,0.0005525446890586875,5.186804778941505e-06,5.006064325820428e-06,5.048075218310648e-06
2301.0,0.06991359358232636,0.001464893880520101,0.0001475497516423898,0.0005529117932826528,5.244050216287081e-06,5.03627979670399e-06,5.066660331245177e-06
2302.0,0.07005843870299902,0.001445143571484113,0.0001417149804625831,0.0005532086692356935,5.188894174695378e-06,5.04851538422106e-06,4.987637202579036e-06
2303.0,0.07124912145963076,0.001648950582020892,0.0001549590684460424,0.0005534770965875282,5.221563382676408e-06,5.062106081793282e-06,4.981660623495732e-06
2304.0,0.07052624263221356,0.001422003501032641,0.0001481981880355083,0.0005537431291028115,5.222898869800954e-06,5.071706076129713e-06,5.013639965712267e-06
2305.0,0.07095243950962227,0.001461173140317332,0.0001435777567451445,0.0005539708920050571,5.198831946712617e-06,5.089576704244409e-06,5.01113847759567e-06
2306.0,0.07149726325127909,0.00142108407580372,0.0001451530717939979,0.0005541502003758989,5.185760857475644e-06,5.056436084090976e-06,4.989480201159049e-06
2307.0,0.0718845188678558,0.001571544559715702,0.0001501211456521157,0.0005543175953581663,5.207015277665263e-06,5.069013970249643e-06,5.037036979729796e-06
2308.0,0.07315437675703501,0.001380396591817616,0.0001487299575299074,0.0005544502611369292,5.260123279173316e-06,5.108406273089106e-06,5.087492939180045e-06
2309.0,0.07135744643328651,0.00109164960769179,0.0001430014083429728,0.0005546267219787637,5.284827654956672e-06,5.121949794800207e-06,5.123546801986103e-06
2310.0,0.07068947339701163,0.001323860700768745,0.000147170394760084,0.0005547385714134969,5.196462573887089e-06,5.057148169225024e-06,5.055928102630071e-06
2311.0,0.07014361128933369,0.001249266705391771,0.0001407131237970202,0.0005548296090058345,5.133331424353102e-06,5.027348472167867e-06,5.009878408300236e-06
2312.0,0.07046771516707337,0.001149527791512858,0.0001379732945270307,0.000554805954263167,5.149054088961148e-06,4.987533594363272e-06,4.976915336840381e-06
2313.0,0.06872271057362567,0.001585637991265118,0.0001471069340934695,0.0005548279010111793,5.158685321482815e-06,4.950741608988709e-06,5.020260561140109e-06
2314.0,0.06796023332471739,0.001356740200613233,0.0001393008485762474,0.0005547757904276952,5.12788146021889e-06,4.985707277878293e-06,4.924333251563243e-06
2315.0,0.0671888769736783,0.00125810015976895,0.0001404493193831856,0.0005547294218070936,5.123480464591001e-06,4.953817445490729e-06,4.910181338570023e-06
2316.0,0.06740198751677598,0.001027987761243048,0.0001331374088780931,0.0005546426141134811,5.076079720442399e-06,4.948518536087961e-06,4.870174660440399e-06
2317.0,0.06728503197723301,0.00104608408291481,0.0001363936834800017,0.0005544645044827167,5.014645926346127e-06,4.905502665206424e-06,4.818893256007593e-06
2318.0,0.06648858832724276,0.001130722888689224,0.0001346648512248209,0.0005543038290160038,4.985153517142849e-06,4.906365097982832e-06,4.818254189008944e-06
2319.0,0.06758740461294313,0.001406544760068302,0.0001409865017594234,0.0005541430178646928,5.080790487787077e-06,4.901373135164037e-06,4.89058618110032e-06
2320.0,0.06831045025508922,0.001143119998887913,0.00013724332485107,0.0005539010953422107,5.004623822782801e-06,4.880186371715623e-06,4.826947042723844e-06
2321.0,0.06766088843601475,0.001256299161208028,0.0001391934200611017,0.0005536707595743182,5.061939994242318e-06,4.897976465047222e-06,4.907303694740769e-06
2322.0,0.06854074117678224,0.001442327244007862,0.0001398790326892276,0.000553374263715643,5.067480723374743e-06,4.93864535484871e-06,4.911851958280414e-06
2323.0,0.06781532886303253,0.001293676297249318,0.0001369560015952788,0.000553066404200569,5.019620999349589e-06,4.943467564266011e-06,4.865958151649629e-06
2324.0,0.06799841198375631,0.0009779324158710851,0.0001328589653706066,0.0005527060730014576,4.998392675677799e-06,4.938879541667149e-06,4.852454910503559e-06
2325.0,0.06821512329355454,0.0008952831709613221,0.0001287711583367578,0.0005523137563306977,4.96225837814245e-06,4.93909302926702e-06,4.855567693492038e-06
2326.0,0.0696775360405012,0.00172315355226846,0.000150020396229392,0.0005521060955693077,5.015727271640152e-06,4.957586912852794e-06,4.936338521091031e-06
2327.0,0.07305661457380927,0.001869648840864841,0.0001494045004274853,0.0005516254314233092,5.150968338845388e-06,5.104119120793959e-06,5.125093320288556e-06
2328.0,0.06900051677970143,0.001725766630293677,0.0001485923311169612,0.0005511277893175524,5.018985143484341e-06,4.988172356897424e-06,4.946211288555492e-06
2329.0,0.06873157676119776,0.001804253001921538,0.0001519448259526324,0.0005506059133058353,4.983757261150104e-06,4.984997194833156e-06,4.935746624925466e-06
2330.0,0.06987039488786563,0.001329029871738199,0.0001401629202161965,0.0005500401955858794,4.993095867640046e-06,4.959637607328039e-06,4.923911221113483e-06
2331.0,0.06980435540884765,0.001225087002454358,0.0001370645421279199,0.0005494936832199611,4.980990560251819e-06,4.923591180226964e-06,4.946649461255614e-06
2332.0,0.0679839102966377,0.001070083964458241,0.0001323381975263536,0.0005489330915998774,4.910938425048442e-06,4.920932713152454e-06,4.894856082890932e-06
2333.0,0.06782763029727608,0.001339925889296733,0.0001379459481243434,0.0005483479726106234,4.878366279595224e-06,4.88736399421375e-06,4.860818726046351e-06
2334.0,0.06716066819407279,0.001318340550432516,0.0001305045544980297,0.0005477347507242273,4.886126326538464e-06,4.888642843295544e-06,4.817742971731995e-06
2335.0,0.06631328324970089,0.001358732285068395,0.00013364655281882,0.0005470945990625491,4.851698915556992e-06,4.899048054909418e-06,4.776715040804241e-06
2336.0,0.0661676115513396,0.001395222996769499,0.0001370558320155611,0.0005463784425177484,4.812391458444541e-06,4.891770758368476e-06,4.800361178763277e-06
2337.0,0.0663959571052087,0.001433366808098415,0.00013891344267762,0.0005456405830646735,4.809076145199687e-06,4.89445343464411e-06,4.843669825331178e-06
2338.0,0.06745048639796923,0.001321270073177857,0.0001364896373075756,0.0005448931793386807,4.772150684126914e-06,4.907190832484783e-06,4.81080197060774e-06
2339.0,0.06761888909905062,0.001675045713927012,0.000148503477218927,0.0005443165048477432,4.805150477466535e-06,4.934618025139862e-06,4.877771571481827e-06
2340.0,0.0689314828973821,0.001679787014730239,0.0001429776310313387,0.0005434670161714752,4.882851341142026e-06,5.00745346887961e-06,4.94160885446208e-06
2341.0,0.06755336091491974,0.001531694041700689,0.0001388039321506268,0.0005425959362150798,4.801303139640388e-06,4.964928679871007e-06,4.869112851811099e-06
2342.0,0.06856070181336801,0.001463588020788339,0.0001408666818225812,0.0005417058672743817,4.764330212842721e-06,4.970620828606238e-06,4.861280735179804e-06
2343.0,0.06788536853648525,0.00129724818058733,0.0001375317419098712,0.000541020341056561,4.766336149212052e-06,4.979413532390354e-06,4.864800758810579e-06
2344.0,0.06791026109654916,0.0009705141716689134,0.0001285782575280782,0.0005400755301056253,4.75134921073027e-06,5.067329890378472e-06,4.875537663033426e-06
2345.0,0.0691526535894322,0.001209624488451875,0.0001350221871583172,0.0005391066909293923,4.754702056305783e-06,5.070750457942563e-06,4.844057999748656e-06
2346.0,0.06877138064408254,0.001586296104947117,0.0001401024317743025,0.0005383235011654829,4.815594240134569e-06,5.125993822444056e-06,4.984636624365077e-06
2347.0,0.06942265967570109,0.00168101622074468,0.0001457550929015255,0.0005373229047850854,4.762100172695541e-06,5.095868178287509e-06,4.915595994450452e-06
2348.0,0.06715138627985319,0.0014229052181984,0.0001401631405074875,0.0005363117653111736,4.721170523036092e-06,5.030324741240334e-06,4.835729248480676e-06
2349.0,0.06744540931207776,0.001273110099514887,0.0001355372515073958,0.0005353049839075168,4.685613278624019e-06,4.993676664443475e-06,4.817515885896307e-06
2350.0,0.06781981690397504,0.001376971213771062,0.0001411581666491627,0.0005342742137354545,4.71804249500727e-06,5.053473769970447e-06,4.844136716135571e-06
2351.0,0.06803884715957864,0.00157413426663947,0.0001435647791532889,0.0005332442350584116,4.689794814945388e-06,5.068576348981174e-06,4.823773232559369e-06
2352.0,0.06771594391535193,0.001537381038940989,0.0001399995199480163,0.0005321902759661903,4.658382301036226e-06,5.087710793150542e-06,4.809698864853142e-06
2353.0,0.06759940059518599,0.00159678339699206,0.0001438196150553291,0.0005313551799836368,4.691188834016096e-06,5.080652938927388e-06,4.844540318316345e-06
2354.0,0.06900058312798532,0.001277088376395746,0.0001383572662303463,0.0005302569383941387,4.733364599757277e-06,5.142795440453489e-06,4.859649903572449e-06
2355.0,0.06740454049462767,0.001548251275374644,0.0001442043556074887,0.0005291477420842544,4.699010592176112e-06,5.108825177199132e-06,4.814862683261341e-06
2356.0,0.06853848546427188,0.00194441775669796,0.0001502315729116914,0.0005280386714125896,4.72413282574366e-06,5.196610752900241e-06,4.842828719707501e-06
2357.0,0.0692415115494819,0.001816639029259394,0.0001530970980821269,0.0005269026237578446,4.721375854435255e-06,5.168933195201227e-06,4.825110689805903e-06
2358.0,0.06814686354891149,0.001521354667344141,0.0001484356679190851,0.0005257650042468221,4.71729229912578e-06,5.138424377121071e-06,4.82067253121516e-06
2359.0,0.06860954200791779,0.001505951579325739,0.0001478658424481545,0.0005246407068076984,4.697552251554175e-06,5.147066808396133e-06,4.852051208934996e-06
2360.0,0.0682297200426669,0.001279887003489826,0.0001409727093791183,0.0005236988672684326,4.712979118807484e-06,5.169586413174231e-06,4.811303503542643e-06
2361.0,0.06966414218338958,0.001011685985347899,0.0001364877073987562,0.0005225506225167527,4.785686850056352e-06,5.20572010579059e-06,4.860887149427073e-06
2362.0,0.06750933136879406,0.001362725830298014,0.0001423654715962042,0.0005213621524747629,4.787519855149697e-06,5.162384353141874e-06,4.833559312390191e-06
2363.0,0.06616635962360275,0.001294033412075601,0.0001407218917131455,0.0005202507285509949,4.726217605148897e-06,5.125862545508963e-06,4.79307548736086e-06
2364.0,0.06819085868150848,0.00150638994635114,0.0001409191717627762,0.0005191308998884743,4.722277999870863e-06,5.155795852145442e-06,4.752406481403031e-06
2365.0,0.06755776500309876,0.001090580113469944,0.0001371137579902656,0.0005180443547607579,4.725114597560186e-06,5.158801283656126e-06,4.756427403854072e-06
2366.0,0.06586747590174419,0.00134345991348908,0.0001417945288522069,0.0005169352944496138,4.686993495073067e-06,5.133887795767032e-06,4.726229742405072e-06
2367.0,0.06364056447712949,0.001145130485287596,0.0001374209083230165,0.0005158572058595892,4.600287496790899e-06,5.059735022038313e-06,4.672632340462085e-06
2368.0,0.062482463112651,0.001162707557252666,0.0001403450619723552,0.0005148143707790281,4.614437334167282e-06,5.004877472327279e-06,4.647747063325326e-06
2369.0,0.06374975160723659,0.001262096033847171,0.0001407719710987068,0.000513765478349883,4.556348410694786e-06,5.008862715199536e-06,4.593632288101905e-06
2370.0,0.06321041774233957,0.001394277706617117,0.0001455448320858236,0.000512761026790917,4.650811626869005e-06,5.018554044622241e-06,4.64173243920979e-06
2371.0,0.06365395462952148,0.001387127033026945,0.0001440996723237716,0.0005117513600938038,4.647482735201424e-06,5.036992005214443e-06,4.653354148034497e-06
2372.0,0.063701670785295,0.001295251799838649,0.0001431514098460172,0.0005107559128872511,4.650558618101126e-06,5.012011896623276e-06,4.623748798167456e-06
2373.0,0.06250931699907519,0.00121692167234847,0.0001389623793338811,0.0005097805445414411,4.618901368362751e-06,5.006195012158336e-06,4.600234837489789e-06
2374.0,0.06144137164427523,0.001144674651900502,0.0001392257745263937,0.0005088108170137873,4.628176901177291e-06,4.955425558251415e-06,4.561362264819841e-06
2375.0,0.06178577124681105,0.001028371539891672,0.0001387095249311079,0.0005078742376056201,4.63485537312773e-06,4.948626844513508e-06,4.565774794054005e-06
2376.0,0.06186342211673356,0.001332497938371433,0.0001426089163327608,0.0005069613754657439,4.659539562580813e-06,4.99991068087449e-06,4.602266419330293e-06
2377.0,0.0624603686954896,0.001081048247676628,0.0001405049638257142,0.0005060719461370994,4.60742900177491e-06,4.944456569869363e-06,4.56680814335886e-06
2378.0,0.06182129999993622,0.001245112935420923,0.0001446677720794784,0.0005052268648000779,4.672777457942116e-06,4.969941405771835e-06,4.585601790121649e-06
2379.0,0.06290250032849899,0.001287855517604431,0.0001462083311805122,0.0005043736853693842,4.638537385647277e-06,4.954903125740058e-06,4.588518058916093e-06
2380.0,0.06217657672599259,0.001234919470100968,0.0001436111054059621,0.0005035805894748688,4.659864144720587e-06,4.982129940375151e-06,4.586604359917269e-06
2381.0,0.06215966005938114,0.001215315734542779,0.000145709121193583,0.0005028125293072581,4.731703973475411e-06,4.9706123541201e-06,4.610741689784592e-06
2382.0,0.06217612193658315,0.001156733522238888,0.0001417879968091072,0.0005020496285439848,4.697659979045192e-06,4.920412220513073e-06,4.583281070740476e-06
2383.0,0.06228518606811132,0.001075985205411061,0.0001417822426426966,0.0005013159921476082,4.727174304529659e-06,4.922364037299355e-06,4.584349701385879e-06
2384.0,0.06251918715425193,0.001269548413897711,0.0001434660749081125,0.0005006582523684534,4.740303660955564e-06,4.911486033727542e-06,4.601908829233821e-06
2385.0,0.06220441962655419,0.001143588471912337,0.0001431212950918371,0.000500083764971748,4.732213789021139e-06,4.945352209820449e-06,4.585553798037911e-06
2386.0,0.0621305921265491,0.001193818773098447,0.0001430003224284195,0.0004995199902302805,4.714725069721502e-06,4.926375741449956e-06,4.548789902050198e-06
2387.0,0.06209805122833244,0.00120560273149216,0.0001430538550551845,0.0004989934873775211,4.677861292825563e-06,4.899796601151819e-06,4.587211791646312e-06
2388.0,0.0606916502381469,0.001228259241852623,0.0001447784873476968,0.0004985489735097215,4.734272661474822e-06,4.914862068997588e-06,4.635155257023652e-06
2389.0,0.06194341029678421,0.001017571290109181,0.0001411564076126665,0.0004981268177557467,4.665330699830653e-06,4.882626131380616e-06,4.581527228184006e-06
2390.0,0.06145238438675848,0.00116794709593423,0.0001432806203708079,0.0004977742103108632,4.730674289875715e-06,4.912196161270684e-06,4.623994043658875e-06
2391.0,0.06297694213751086,0.001142687902155193,0.0001453967940665956,0.0004974574414265115,4.775868530195276e-06,4.920819087946477e-06,4.639900444150996e-06
2392.0,0.06227644885141291,0.001152243991630668,0.0001425464177129695,0.0004971642710967226,4.739427140896022e-06,4.872693359420433e-06,4.610591395006478e-06
2393.0,0.06111368853580683,0.001144399261770317,0.0001437166811847751,0.0004969265732356033,4.749093595310379e-06,4.880268274026053e-06,4.590544258680679e-06
2394.0,0.06140046725327655,0.001169452915006707,0.0001435702379815111,0.0004967128341508794,4.77667137234842e-06,4.879337139796957e-06,4.610011997894436e-06
2395.0,0.05961878564361447,0.001086072290581986,0.0001420649021237263,0.0004965738830941957,4.730055262125715e-06,4.856740364399623e-06,4.591330801990103e-06
2396.0,0.05910331003546684,0.001142560830026913,0.0001430238936780436,0.0004964913251061026,4.703645656031959e-06,4.814901980800935e-06,4.569250496036168e-06
2397.0,0.05913091506264353,0.001094261279361726,0.0001417118057706019,0.0004964072300575253,4.664169055328482e-06,4.794219018456483e-06,4.537958538121871e-06
2398.0,0.05856412171542219,0.001203716922122947,0.0001432594221433746,0.0004963791507514148,4.658688156506248e-06,4.789579541701088e-06,4.529951638301765e-06
2399.0,0.05949064305150229,0.001203759182575188,0.0001450023244629352,0.0004963869950787878,4.686756524543092e-06,4.797725841626067e-06,4.559998216812625e-06
2400.0,0.06052245051936077,0.001261786942312098,0.0001458652080116283,0.0004964289057562227,4.738328873257785e-06,4.831444566817781e-06,4.566639047049692e-06
2401.0,0.06048147243565295,0.001057456245389797,0.0001411778463818262,0.0004964740613308483,4.750566996032435e-06,4.821747985192219e-06,4.595244547677434e-06
2402.0,0.05965311859618856,0.001112093134151243,0.0001411576534953503,0.0004965186495156891,4.769359610038022e-06,4.804801764730943e-06,4.599677196642919e-06
2403.0,0.05953849228452527,0.001056822614889921,0.0001408886184108422,0.0004966028649443613,4.704398315341377e-06,4.759072707426254e-06,4.576531952388593e-06
2404.0,0.06000749555537588,0.001143807751068465,0.0001429419805528139,0.0004967183403951802,4.723466620964749e-06,4.793022555131196e-06,4.570419941151442e-06
2405.0,0.05937775055591751,0.001076142009627646,0.0001411617607017328,0.0004968771306275248,4.71887646745283e-06,4.809726327096265e-06,4.585588456228454e-06
2406.0,0.05907961636409539,0.001285800166853313,0.0001452051551802149,0.0004970327922688272,4.729953746883255e-06,4.828670214901362e-06,4.618579238763507e-06
2407.0,0.05896463490432572,0.001100593054563471,0.0001402803412193436,0.0004972237492169681,4.693371997816597e-06,4.791796137737237e-06,4.538413585698802e-06
2408.0,0.05973198261480609,0.001242631798585667,0.0001447964504113796,0.0004974433131867068,4.708097726059043e-06,4.807158119128677e-06,4.59869416562532e-06
2409.0,0.06084477347753117,0.001062898479429013,0.0001411837728672535,0.0004976835654083217,4.68663211608077e-06,4.80714399891134e-06,4.606302181798099e-06
2410.0,0.06168413018624338,0.001244850643694506,0.0001450299348531822,0.0004979538260585439,4.769700977312595e-06,4.84857211331349e-06,4.642271048675523e-06
2411.0,0.06232884919794883,0.001189135409751721,0.0001439975944443435,0.000498207358185821,4.793554515105016e-06,4.830702378977424e-06,4.655293664483338e-06
2412.0,0.061357929643924,0.001221589064291519,0.000144472143943945,0.0004984530765600859,4.793523493866623e-06,4.848150524046117e-06,4.670425066621936e-06
2413.0,0.05999959608544297,0.001123464675641276,0.0001420966047514286,0.0004987478942523809,4.736343788225799e-06,4.785508706881141e-06,4.613553205373534e-06
2414.0,0.06091513153819719,0.001124749488859042,0.0001407356746342929,0.0004990392582136533,4.786734818274034e-06,4.820239790077059e-06,4.601152420655984e-06
2415.0,0.06210826118036667,0.001501133595772796,0.000147692836592998,0.0004993279071923268,4.793920847697335e-06,4.830753964941872e-06,4.616553013763536e-06
2416.0,0.05992500571514153,0.001300275117076204,0.0001422876261675959,0.0004996687940825187,4.775339022201549e-06,4.803090799721126e-06,4.607488803046187e-06
2417.0,0.06061995009467688,0.001462089738482948,0.0001467309504640859,0.0005000257251475003,4.773211035635091e-06,4.766527685982754e-06,4.613027134613271e-06
2418.0,0.0603211359517125,0.001314673556139394,0.0001424882220716937,0.0005003310568055052,4.726040739721194e-06,4.779062656430586e-06,4.560027846017291e-06
2419.0,0.06036815015837851,0.001230345529474864,0.0001419875375953206,0.0005006698986988618,4.760277066766141e-06,4.768820015585526e-06,4.570224458081902e-06
2420.0,0.06081938201305072,0.001280289920602441,0.0001420818021999717,0.0005009753039021725,4.785565777465429e-06,4.761929547208892e-06,4.593698316264099e-06
2421.0,0.0612996645381822,0.001280855033414939,0.0001433608733437962,0.0005012936842690396,4.761148788251181e-06,4.771743232120929e-06,4.625406663114642e-06
2422.0,0.06027530174756503,0.000935369351153797,0.00013473823067886,0.000501642747841676,4.766232764387415e-06,4.801690033062814e-06,4.620156897433697e-06
2423.0,0.06241446541395466,0.001222349009078205,0.0001395257457848609,0.0005019846087747938,4.798481311626158e-06,4.808261326236095e-06,4.620111011601173e-06
2424.0,0.0619517845974474,0.001250573275763152,0.0001428987208983725,0.0005023477529542525,4.844671951271278e-06,4.859529911128921e-06,4.598472400928813e-06
2425.0,0.06169842242070066,0.0009549952671635656,0.0001361938296522025,0.0005026456731580326,4.792919213654543e-06,4.809748290117984e-06,4.580843947592149e-06
2426.0,0.06206726004088968,0.001437542749928146,0.0001446816466035032,0.0005029514565546171,4.794253373987334e-06,4.781973563745419e-06,4.577082654070957e-06
2427.0,0.06245510408649706,0.001296124545959484,0.0001421670304113254,0.0005032807608114758,4.80936927598115e-06,4.780718759833634e-06,4.578426450353747e-06
2428.0,0.06449761312108916,0.001359204355665573,0.0001424244772034011,0.0005035909122688831,4.822795170548454e-06,4.820346221745997e-06,4.568553351089952e-06
2429.0,0.06410394658275242,0.001411342594029248,0.0001457866520797331,0.0005039348970107355,4.837345512740236e-06,4.837783216917484e-06,4.679305037542521e-06
2430.0,0.06353632152744394,0.001277162468598761,0.0001414692132910828,0.0005042564168061424,4.837040275148005e-06,4.833543442329906e-06,4.656464096209103e-06
2431.0,0.0632277014453862,0.001196518431179026,0.0001414374251204942,0.0005045722989678502,4.824343415142585e-06,4.787939117992291e-06,4.604290343791535e-06
2432.0,0.06321305928396385,0.001384938952272694,0.0001412712876392637,0.0005048572526751194,4.825059431290568e-06,4.820756731202557e-06,4.591436230042567e-06
2433.0,0.06331635311570752,0.001149175278871642,0.0001384186053238199,0.0005051326846290305,4.747535665872919e-06,4.77267811494121e-06,4.556358013755765e-06
2434.0,0.06291686410059898,0.0014422730598618,0.0001454953434715111,0.0005054591723618774,4.845108901746258e-06,4.812146265668692e-06,4.570437065501339e-06
2435.0,0.06430784088438031,0.001477944549905951,0.000147180239914709,0.0005057550789664361,4.917228958471266e-06,4.821516418592025e-06,4.625707830387314e-06
2436.0,0.065138606743644,0.001421267982849809,0.0001443153640196532,0.0005060089978118128,4.854297711547469e-06,4.819161831083228e-06,4.619872259178819e-06
2437.0,0.06658592131488404,0.001557830697872548,0.0001475255420360133,0.0005062628219716693,4.917321470660174e-06,4.898112210070678e-06,4.694053602065433e-06
2438.0,0.06480533787184772,0.001470935116605726,0.0001455853594932687,0.0005064752985448306,4.883562514655489e-06,4.802179563800494e-06,4.640524194735594e-06
2439.0,0.06389881414206429,0.001147338260058872,0.0001391988261499253,0.0005066830989922233,4.813896622951208e-06,4.770761126086058e-06,4.549622752060487e-06
2440.0,0.06438305671176606,0.001006461143239945,0.0001364651329277699,0.0005068602658806098,4.833044333693243e-06,4.812940283027406e-06,4.584088445670981e-06
2441.0,0.06582919958898235,0.001242868756999525,0.0001411536638789054,0.0005070381215171656,4.851250815980134e-06,4.818763131000677e-06,4.612318601533703e-06
2442.0,0.06296080227846439,0.001409207550482102,0.0001444161298545705,0.0005072558638178154,4.921882470425946e-06,4.806509399290356e-06,4.668651171867241e-06
2443.0,0.06330914853164063,0.001393860932511638,0.0001441928585468813,0.0005074099763637414,4.885392084387933e-06,4.76208549396181e-06,4.605377201676584e-06
2444.0,0.06187894338852117,0.001285092717851649,0.0001405300636837763,0.0005075550272700333,4.83556947483844e-06,4.729986679457296e-06,4.581616610037414e-06
2445.0,0.06127100637617119,0.001136077231503175,0.0001339259201463309,0.0005077110661389645,4.779104732187496e-06,4.724849784283044e-06,4.536409765819907e-06
2446.0,0.06085723229317443,0.001294926113774891,0.0001400952894978243,0.0005079039557820054,4.795577457364421e-06,4.700124622244174e-06,4.548719306527515e-06
2447.0,0.06176367316407223,0.001268845368271335,0.0001383801202195673,0.0005080341217634812,4.756251999282962e-06,4.70281172370369e-06,4.538706117440353e-06
2448.0,0.06180730801707345,0.001149720170458996,0.00013570702016822,0.0005081247533534675,4.702338395099002e-06,4.691372828472503e-06,4.516477509720733e-06
2449.0,0.06287099060340769,0.001534082257602194,0.0001467460788777129,0.0005082495472648866,4.773027306564853e-06,4.736758687341568e-06,4.611311338670487e-06
2450.0,0.0637953982857075,0.001433204053774634,0.0001435229027601932,0.000508349679418999,4.783090326105747e-06,4.742431455359197e-06,4.627959838780161e-06
2451.0,0.06274230830531825,0.001433199972813932,0.0001446947353085522,0.0005084210315306504,4.79216069413048e-06,4.771728337487161e-06,4.644288365600467e-06
2452.0,0.06409369728239203,0.001366243683588918,0.0001423763233733387,0.0005084739719731413,4.794043149122228e-06,4.742940563061494e-06,4.590310960030229e-06
2453.0,0.06439569464860215,0.00127910641121959,0.0001401181983269603,0.0005085390029391055,4.840075980311621e-06,4.76692717438982e-06,4.656265530823735e-06
2454.0,0.06349965510322514,0.001075928378364216,0.000137081159715513,0.0005086041548287333,4.815141832290456e-06,4.742084848190835e-06,4.632711882981068e-06
2455.0,0.06482183460750965,0.001323420084260059,0.0001388938629257045,0.0005086466642477808,4.796452948545751e-06,4.770697974153329e-06,4.627909594554087e-06
2456.0,0.0657896609120946,0.001381924265859213,0.0001414690404353905,0.0005086839943198586,4.810855682753473e-06,4.742356468479517e-06,4.643025869766909e-06
2457.0,0.06389416508102717,0.001281294044054394,0.0001376233367581922,0.0005087561138038338,4.819409032533438e-06,4.77021909867038e-06,4.681438990432814e-06
2458.0,0.06462840457461992,0.001487199270053504,0.0001460435879339826,0.000508841069348208,4.806630332626254e-06,4.785922337717944e-06,4.719866987959753e-06
2459.0,0.06641465283707512,0.001400524403813175,0.0001421444363255783,0.000508855170578118,4.858765401218494e-06,4.863582129652709e-06,4.751919864721019e-06
2460.0,0.06480696252006082,0.001275647584639116,0.0001402219318778729,0.0005088823736603832,4.78011629842163e-06,4.812688094480285e-06,4.710963364312121e-06
2461.0,0.06562399190287012,0.001335173018730116,0.0001447992975469605,0.000509061840190817,4.807363940298488e-06,4.801008733767342e-06,4.720185206083474e-06
2462.0,0.06893108220677543,0.001532802251247299,0.0001467611076582584,0.0005090311399915242,4.970827419236378e-06,4.960452356969282e-06,4.86632877322025e-06
2463.0,0.0659498999983964,0.001348254672425413,0.000141304313586285,0.0005089793319376735,4.818951163329026e-06,4.853175419607718e-06,4.725708223959025e-06
2464.0,0.06649638206216248,0.001688466043779373,0.0001493852648165085,0.0005089758419261876,4.821306113490622e-06,4.862735085542288e-06,4.781407487130876e-06
2465.0,0.06639969182109924,0.00134712871933688,0.0001423305206605819,0.000508952810053307,4.869158405764293e-06,4.835079627430149e-06,4.819481708141763e-06
2466.0,0.06548890934833616,0.001365607704606184,0.0001434183348354605,0.0005089639712779529,4.777750307230271e-06,4.778398306272254e-06,4.723912522971607e-06
2467.0,0.06505109511676682,0.001231762255159204,0.0001365885667324595,0.0005089253670285264,4.717707873346088e-06,4.81185017540271e-06,4.712178926730804e-06
2468.0,0.06408750379545401,0.00185387817103957,0.0001527978796615516,0.0005089353267923157,4.707903472420501e-06,4.775142280613311e-06,4.752466296273658e-06
2469.0,0.06476992510460002,0.001862042394755471,0.0001505753094657923,0.0005089394314023461,4.702104369771855e-06,4.774233174131699e-06,4.749853061825899e-06
2470.0,0.06488513705041465,0.001700521041490191,0.0001489773235764391,0.0005089594149097777,4.699215860468297e-06,4.787115607559031e-06,4.738886025441217e-06
2471.0,0.06625964098767666,0.001459814411668262,0.0001435306589725194,0.0005089548745133864,4.694346203445246e-06,4.826211541140407e-06,4.793965061603203e-06
2472.0,0.06620882956867218,0.00135007757924025,0.0001404506133404151,0.0005089456460613556,4.64820669613886e-06,4.813134441098974e-06,4.750177015961485e-06
2473.0,0.06604934120223806,0.001432362815858438,0.0001401678547878463,0.0005089068692962438,4.650319597828632e-06,4.820310338475434e-06,4.76025619767975e-06
2474.0,0.06521900411373524,0.001445464682473047,0.0001414606358298861,0.0005088760110375767,4.661196836889475e-06,4.800548857402951e-06,4.762199060765016e-06
2475.0,0.065915728338624,0.001053154135171423,0.0001349297865278407,0.0005087955322489603,4.614936605765578e-06,4.773740001160516e-06,4.70996551439116e-06
2476.0,0.06639547773745987,0.001211534443072274,0.000137924046602353,0.0005087713039293655,4.688533067510344e-06,4.824027405028776e-06,4.784210626710617e-06
2477.0,0.06817072792443439,0.002031580945438094,0.0001566608129573315,0.0005087207521116375,4.80311171954764e-06,4.914109872876864e-06,4.896954938111927e-06
2478.0,0.06768824449598163,0.001664367310960754,0.0001522693387551951,0.0005086792412341168,4.766989884015095e-06,4.867451518248726e-06,4.885348861356376e-06
2479.0,0.06683896430948713,0.00154005851821653,0.0001444014811957004,0.0005085993708724128,4.691173107407563e-06,4.877421051542104e-06,4.843348970632757e-06
2480.0,0.06590797254162784,0.001542104165013702,0.0001470305559020238,0.0005085246967735912,4.626072844100232e-06,4.841673393663096e-06,4.802091960602679e-06
2481.0,0.06575107549761525,0.001629614387900282,0.0001477431158167935,0.0005084313599580505,4.61618319107392e-06,4.830727021608344e-06,4.802642126962263e-06
2482.0,0.0657289840659016,0.00156104236449782,0.0001445146968039244,0.0005083370105294123,4.616136175228584e-06,4.847755729775439e-06,4.791846962726165e-06
2483.0,0.06563480999870643,0.001484568096424283,0.0001448265745526176,0.0005082405186514884,4.600074628052758e-06,4.804838472864967e-06,4.808158399803979e-06
2484.0,0.06454925234876877,0.001473246511786442,0.0001419551795877614,0.0005081494230568977,4.561796594784756e-06,4.794296705728781e-06,4.781650958456491e-06
2485.0,0.06532562904222207,0.001529410553987223,0.000145631863116879,0.0005080282314718176,4.592491620208647e-06,4.774903180646433e-06,4.770924405116315e-06
2486.0,0.06563695869746045,0.001357365677250212,0.0001402390673785454,0.0005079481716802477,4.573760590841962e-06,4.802258578513615e-06,4.793504964832158e-06
2487.0,0.06695550516413647,0.001321150681526197,0.0001432228418475798,0.0005078035079040577,4.639108215364907e-06,4.86856316077546e-06,4.861569165668245e-06
2488.0,0.06746297011989083,0.001206787394503008,0.0001386614919194039,0.0005076592110931428,4.604104663309565e-06,4.839146976787775e-06,4.817063864778951e-06
2489.0,0.06646003607433211,0.001613914971659251,0.0001491136792589971,0.000507496253326125,4.626361110785336e-06,4.851313709581601e-06,4.875971667277586e-06
2490.0,0.06521115688275098,0.001662709770147725,0.0001491775025674575,0.0005073566422271759,4.545404361900918e-06,4.846613919443869e-06,4.829485214849941e-06
2491.0,0.06501593880627961,0.001602867398037706,0.0001455382833163091,0.0005072452509109862,4.530893427071289e-06,4.814178094122466e-06,4.798082141838278e-06
2492.0,0.06561842091377831,0.001818536742360314,0.000149503502260001,0.0005070665523269757,4.541737132221655e-06,4.845661801766956e-06,4.797273019349732e-06
2493.0,0.06632770419437883,0.001834524666346061,0.0001511461768106959,0.0005068752028038069,4.529726588370934e-06,4.826926129328941e-06,4.803986937098967e-06
2494.0,0.06701678836911326,0.001577683440188876,0.0001468584912992655,0.0005067204925637043,4.593188565107596e-06,4.867312962832373e-06,4.832899888559511e-06
2495.0,0.06789605687367913,0.001399026924452827,0.0001443546837255466,0.0005065275573278258,4.540426630475223e-06,4.844078432465121e-06,4.830692298767025e-06
2496.0,0.06830058191150573,0.001193808789802974,0.0001374761064015226,0.0005063350536401182,4.544574881556465e-06,4.870836395066901e-06,4.842269879595072e-06
2497.0,0.06763520797741436,0.001386264419230734,0.0001448646202249112,0.0005061195399149064,4.563259874260688e-06,4.890200043584526e-06,4.873922810470001e-06
2498.0,0.06779605530128537,0.001766970004735576,0.0001510885282041484,0.0005058799473693991,4.554999433457731e-06,4.896001342523405e-06,4.885414451910002e-06
2499.0,0.06773304496946311,0.001593084434297104,0.0001483442932170335,0.0005058627967376038,4.591526891921467e-06,4.92624538267983e-06,4.862412020838808e-06
2500.0,0.06946958794518066,0.00189253560143933,0.0001540928814221568,0.0005055646205182883,4.690184835963058e-06,4.978616226952729e-06,4.933812372847277e-06
2501.0,0.06660279809416819,0.002189114491394294,0.0001593617955595652,0.0005052564813752122,4.621073709582461e-06,4.891053072967982e-06,4.882478653154977e-06
2502.0,0.06655680163322411,0.001950856295839985,0.0001605263784400779,0.0005049297135867975,4.568845525093045e-06,4.901849945306449e-06,4.884174580659836e-06
2503.0,0.06686408130103952,0.001980191788030255,0.0001566991738778578,0.0005046297895977393,4.519000726641197e-06,4.912908160347889e-06,4.857980393828368e-06
2504.0,0.06689538558794038,0.001895925865158648,0.0001555683121132572,0.0005043710261683629,4.560720042497871e-06,4.881081136036432e-06,4.857337089369404e-06
2505.0,0.06740395033810263,0.001749740292332154,0.000146969885391373,0.0005040783449493046,4.571227165984006e-06,4.886282738965814e-06,4.857755297282327e-06
2506.0,0.06642864340977288,0.001964487483016869,0.0001564318464202888,0.0005037488755443607,4.549293032582926e-06,4.887908377106153e-06,4.827158366306588e-06
2507.0,0.0657074505133886,0.001973349576410163,0.0001497269612165765,0.0005034024970263653,4.520759406456477e-06,4.8895577544069e-06,4.833655350733007e-06
2508.0,0.06424958189441957,0.001896472582118569,0.0001547583254083407,0.0005030622896605622,4.511864935486617e-06,4.815109134942063e-06,4.804415003531684e-06
2509.0,0.06493755407079471,0.001467683015159801,0.0001459506846343923,0.0005027042504035324,4.452534435127131e-06,4.793351512854757e-06,4.751017943773452e-06
2510.0,0.06352033183987542,0.001594199183494473,0.0001476767192911707,0.000502380523624203,4.508672235707287e-06,4.791613273444167e-06,4.793723067414492e-06
2511.0,0.06506939686748067,0.001622747979078461,0.0001466154541223178,0.000502056203823932,4.557516327381359e-06,4.803449423052047e-06,4.799823771117563e-06
2512.0,0.06488295165284877,0.001605621987201698,0.0001497286332126151,0.0005017080541749931,4.572270286822445e-06,4.820542706497838e-06,4.783768440362836e-06
2513.0,0.06444600102055004,0.001419091779147238,0.0001447184331775264,0.0005013450317802644,4.536684928026918e-06,4.78977004074547e-06,4.743163588783679e-06
2514.0,0.06431726141223235,0.001300413351224789,0.0001435371549326059,0.0005009279883400263,4.523281207567703e-06,4.757167874229612e-06,4.738442591661386e-06
2515.0,0.06495364759394244,0.001531667533944816,0.0001479063032567945,0.0005005263400889582,4.536865475331469e-06,4.75227916475893e-06,4.76390145154156e-06
2516.0,0.06455163075387169,0.001951335001609749,0.0001519518393869388,0.0005000913179683344,4.528879592474461e-06,4.742457194052762e-06,4.740167402044513e-06
2517.0,0.06461585117463879,0.002181221398753036,0.0001605994103902829,0.0004996698350193064,4.557165423323722e-06,4.760392544464148e-06,4.788672165527829e-06
2518.0,0.06441929074755542,0.001683354493386734,0.0001541009724137003,0.0004992338891414553,4.503294848538531e-06,4.769829076171559e-06,4.758691106079262e-06
2519.0,0.06488233648361288,0.001816903053954279,0.0001519917278283901,0.0004987906357506547,4.573558276802712e-06,4.813813526147471e-06,4.791512790013082e-06
2520.0,0.0655393001074984,0.002005676708103335,0.0001538456286991189,0.0004983392557987517,4.572744592862432e-06,4.780465160013788e-06,4.76773602634085e-06
2521.0,0.06546202168514575,0.001783987432973575,0.000157234765790437,0.000497900664240781,4.560505167112696e-06,4.835709269845852e-06,4.75715176703982e-06
2522.0,0.06669498880565806,0.001384642947406387,0.0001456277583390652,0.0004974143207901773,4.52350221963178e-06,4.770011518885665e-06,4.749893170181847e-06
2523.0,0.06431942536227275,0.001710144938773352,0.0001552547361777603,0.000496950610822093,4.589455740071682e-06,4.762239094870473e-06,4.766483425395874e-06
2524.0,0.06447876821422421,0.001757144635956176,0.0001519588822138796,0.0004964393912634243,4.585440781170338e-06,4.726685442008006e-06,4.743339200959735e-06
2525.0,0.06426060172504361,0.00194653610775637,0.0001545125215231026,0.0004959499663548552,4.562802580678026e-06,4.721356292398188e-06,4.734740455004764e-06
2526.0,0.06312762541472898,0.00161836910732342,0.000150597801344152,0.0004954486587420004,4.505882865027917e-06,4.709174315397596e-06,4.69736495418929e-06
2527.0,0.06237156236170478,0.001798781753488204,0.0001564046501807976,0.0004949626386054818,4.539797041059878e-06,4.678226489446761e-06,4.716110115677947e-06
2528.0,0.06232318692578721,0.001522015606136318,0.0001463497588712512,0.0004944213942074133,4.4622464461464e-06,4.655140449495071e-06,4.681781894293107e-06
2529.0,0.06304181415938422,0.001445062425780189,0.0001466531442444405,0.0004939053495482318,4.496208479321372e-06,4.67278628140406e-06,4.709574447032501e-06
2530.0,0.0622613828602588,0.001540579815861495,0.0001487759477034182,0.0004934021607487196,4.489450139021413e-06,4.670216387444005e-06,4.705710598578237e-06
2531.0,0.06186655290048161,0.001566091967064254,0.0001509381456620464,0.00049290846462703,4.496107704187842e-06,4.708933414304839e-06,4.720697756403428e-06
2532.0,0.06201849812825395,0.001256051839510366,0.0001404553777532143,0.0004923071151257796,4.477891041149739e-06,4.680120460022077e-06,4.669952484531553e-06
2533.0,0.06128254518196778,0.001640664373647574,0.0001495790056861352,0.0004917385570669868,4.45211058305331e-06,4.637827663164136e-06,4.667158551174758e-06
2534.0,0.06281658966296035,0.001444932601888095,0.0001462063557986399,0.0004911414116894767,4.435412597789368e-06,4.631904342434959e-06,4.669188257596203e-06
2535.0,0.06393239607079351,0.00174057296332676,0.0001476588236137249,0.0004905620611365119,4.502945768740925e-06,4.670825945750106e-06,4.732650720394002e-06
2536.0,0.06262434917021359,0.001877979953828514,0.000155356110212632,0.0004899718430370506,4.508917649084123e-06,4.677277080248713e-06,4.768053056844186e-06
2537.0,0.06169505053765416,0.001562480598086459,0.0001506457869268671,0.000489401443106179,4.498039246785548e-06,4.63139432209221e-06,4.722868407214504e-06
2538.0,0.06072110022433441,0.001241064287607847,0.0001418858534651303,0.0004887645939974877,4.445381194098668e-06,4.6145004073258e-06,4.667247898320166e-06
2539.0,0.06002854463549497,0.001512952919600594,0.0001465906537123634,0.0004881459384435167,4.438152976070922e-06,4.611028464763065e-06,4.676822860560004e-06
2540.0,0.06012029076593027,0.001457595406567723,0.0001450800268381346,0.0004875235218962255,4.428097518148547e-06,4.607239098374318e-06,4.664169208197197e-06
2541.0,0.05957647607998973,0.001258645014352911,0.000142282928814205,0.0004869337484146725,4.425782888702736e-06,4.60683569926189e-06,4.678356884660712e-06
2542.0,0.06023263449719671,0.001601249649808698,0.0001515980341586938,0.0004863179888819751,4.446126389611684e-06,4.565449776236742e-06,4.668320432862243e-06
2543.0,0.0603947647146485,0.001904436576769757,0.0001522092622576505,0.0004856989121854592,4.419958455143773e-06,4.634435736314899e-06,4.679074030634851e-06
2544.0,0.06111220625345878,0.001843168250258997,0.0001544449956257802,0.0004851094116145766,4.48794033342401e-06,4.625442680032531e-06,4.714015287366624e-06
2545.0,0.06252488953009398,0.001626480769955818,0.000151688595558401,0.0004845560872162559,4.525884452811785e-06,4.710127498990105e-06,4.760342056094173e-06
2546.0,0.06186874515498419,0.001638557723923628,0.0001502323894676982,0.0004839580694918838,4.498135756706409e-06,4.676974777788015e-06,4.722988693052361e-06
2547.0,0.06062407690566268,0.001395179534069182,0.0001460643276054483,0.000483356943783264,4.467354565467857e-06,4.675976038873471e-06,4.720116604205303e-06
2548.0,0.06037881401572966,0.001602480565684365,0.0001493323895796632,0.0004827686604195893,4.477273122230112e-06,4.62566883977038e-06,4.712305709766877e-06
2549.0,0.06038327535592631,0.00176269697325972,0.0001538982424018714,0.0004822516077917025,4.444752568320865e-06,4.577613577466032e-06,4.693265332892295e-06
2550.0,0.06158666846452326,0.001663211698339357,0.0001448294125877671,0.0004816666103008976,4.452525155659818e-06,4.617542110588154e-06,4.72785516869199e-06
2551.0,0.06069113042282891,0.001941911020269182,0.0001564824847362443,0.0004811255521670083,4.439045305595817e-06,4.64472953590011e-06,4.72788051236442e-06
2552.0,0.05880911061789908,0.001841945955373221,0.0001553454096064748,0.0004805872650286998,4.458825090973418e-06,4.626421572045405e-06,4.695307312219e-06
2553.0,0.05805654075512933,0.001368538419145127,0.0001407335711499847,0.0004800761618709519,4.399566200988972e-06,4.573820387120877e-06,4.660594336215226e-06
2554.0,0.05911935324240004,0.001386598695905814,0.0001429422721857939,0.0004795658713887347,4.42538046474323e-06,4.545851054826283e-06,4.645467554412268e-06
2555.0,0.05979168342519076,0.001541088470839314,0.0001467868355740561,0.000479078814462982,4.429773111064548e-06,4.605515288901563e-06,4.649579137464223e-06
2556.0,0.0585929556360495,0.001654894631291396,0.0001499042374841368,0.0004786050779834589,4.430443493131159e-06,4.562727725199795e-06,4.627803394552982e-06
2557.0,0.05821553752382898,0.001676693728976529,0.0001447408693087461,0.0004781291001483153,4.413477918207947e-06,4.563112839265999e-06,4.590007913125734e-06
2558.0,0.05818316281930037,0.001788996436403468,0.0001520504520116025,0.0004776799033862623,4.386367795755679e-06,4.533511943276567e-06,4.609011299094213e-06
2559.0,0.05916612639592797,0.001462810196613438,0.0001428933772542802,0.0004772497999164379,4.397336941015923e-06,4.571067408563272e-06,4.621307362883191e-06
2560.0,0.06080420592707779,0.001551921309190768,0.0001451739319372863,0.0004768711661642566,4.426049544567554e-06,4.591013692968914e-06,4.641060245063328e-06
2561.0,0.05901927693458017,0.001633741080453709,0.0001499120996644935,0.0004765360983146336,4.447514028214811e-06,4.589807068572303e-06,4.666789397007347e-06
2562.0,0.05808744446993718,0.001356228401381381,0.0001400374779959367,0.0004761890540395687,4.408839373633364e-06,4.575488973268504e-06,4.618773676175674e-06
2563.0,0.05692091556244401,0.001549868979075803,0.0001465674548845733,0.000475852653187008,4.382426780941987e-06,4.531769310768175e-06,4.594513178122915e-06
2564.0,0.05801868557331488,0.001676318045158667,0.000144602879492208,0.000475578014855792,4.391079374271336e-06,4.544394276081181e-06,4.561153994631701e-06
2565.0,0.05874411366439446,0.001651947528212648,0.0001472323792296897,0.0004753006714822045,4.482140646876079e-06,4.565197189887466e-06,4.614290387912646e-06
2566.0,0.05867780364558996,0.001498152179685191,0.0001434328036616239,0.0004750406120954287,4.472068874137792e-06,4.569607977576704e-06,4.608508496743917e-06
2567.0,0.05902211443067829,0.00164056495298953,0.0001487777692904703,0.0004748249038982068,4.49610375372266e-06,4.582601712187093e-06,4.637900712352623e-06
2568.0,0.060210619207747,0.001654239879772572,0.0001490753158280999,0.0004747641855555964,4.47919010501588e-06,4.630032168415163e-06,4.648540555199678e-06
2569.0,0.06251676036502901,0.001890121220288309,0.0001537446291854186,0.0004745571775696386,4.60438033558375e-06,4.777359241313401e-06,4.732381822789647e-06
2570.0,0.05901085419256159,0.00195511822248522,0.0001559599172735503,0.0004743730704225849,4.455678310225959e-06,4.645923435448626e-06,4.593691499220943e-06
2571.0,0.05914266197104474,0.001417896449972709,0.0001377530050906946,0.0004742266246890376,4.454004063305331e-06,4.613898013481007e-06,4.593535940536221e-06
2572.0,0.05834147232046319,0.001595719045373502,0.0001468507244718528,0.0004740929666157661,4.439822634386034e-06,4.560242641334594e-06,4.578510821849068e-06
2573.0,0.05898573815942325,0.001559381716894163,0.0001465877550209181,0.0004739927598374501,4.444243088861968e-06,4.548137178612044e-06,4.594361911979439e-06
2574.0,0.05832309538767699,0.00149798862927057,0.0001411091823512744,0.0004739469619381179,4.489857161806496e-06,4.573027559750535e-06,4.643632446809167e-06
2575.0,0.05730744986054521,0.001387614237648952,0.0001395777880335677,0.0004739090260516104,4.399731469157359e-06,4.516525404373175e-06,4.513090029724136e-06
2576.0,0.05796189867889329,0.001511354903819129,0.0001455885104325269,0.0004739431462070851,4.427587394237072e-06,4.562810114393912e-06,4.5762931042091e-06
2577.0,0.05881387933366493,0.001685762384068816,0.0001470140460477243,0.000473952139293691,4.452866729304823e-06,4.577126227474804e-06,4.55570784025651e-06
2578.0,0.0570485084690694,0.001842675761575211,0.0001524015850279473,0.0004740013064138998,4.45146281939155e-06,4.557774976592209e-06,4.570202234274193e-06
2579.0,0.05667201398216424,0.001454768278161976,0.0001430151165700971,0.000474052044388835,4.37262641266679e-06,4.515993835070744e-06,4.474598157364215e-06
2580.0,0.05601937503250252,0.001357348813461773,0.0001418894600483941,0.0004740977409907213,4.374241884032483e-06,4.483431274394694e-06,4.50182414613419e-06
2581.0,0.05675091571817601,0.001799642274519242,0.0001502439089420183,0.0004741548374361461,4.425618362621195e-06,4.490758621311019e-06,4.541131622255403e-06
2582.0,0.05726730361726678,0.001749562827389522,0.0001506433503141212,0.0004742520988485631,4.401729692875023e-06,4.493013146493648e-06,4.481730161935578e-06
2583.0,0.05732909162413333,0.001606822788929209,0.0001442595557289516,0.0004745083125210653,4.432132017522133e-06,4.52912529410107e-06,4.480640298100877e-06
2584.0,0.05867873773425989,0.001531560545584827,0.000143765637449834,0.0004746224233966342,4.54649058520222e-06,4.600203521135461e-06,4.585176582593702e-06
2585.0,0.05777507371814299,0.001445231493966752,0.0001431913407193244,0.0004747360100120971,4.456859217577434e-06,4.512913821046142e-06,4.493461788573867e-06
2586.0,0.05643449399475035,0.001322100610720057,0.000137819070033462,0.0004748762280536966,4.455301459889663e-06,4.511672118234757e-06,4.520450816934025e-06
2587.0,0.05560971086818375,0.001663180364359252,0.0001478714393834643,0.000475166820545225,4.455709975729953e-06,4.49047938353558e-06,4.515726084606999e-06
2588.0,0.05810351857089378,0.001537088497182742,0.0001403434293086086,0.0004752831909248717,4.422068816130123e-06,4.550001099530596e-06,4.50698337738446e-06
2589.0,0.05532838242923525,0.001768445796228881,0.0001443238667794436,0.0004754284921234664,4.391688640939142e-06,4.469978785086651e-06,4.451971184472209e-06
2590.0,0.05694373603888146,0.001804202757565654,0.0001462392316873139,0.000475575716262909,4.43423330622173e-06,4.467247839102226e-06,4.507802257378293e-06
2591.0,0.05791264999145693,0.001474782117167841,0.0001412025678485528,0.0004757240222703728,4.414361955039909e-06,4.471149820828955e-06,4.483774248340096e-06
2592.0,0.05651089721652085,0.001846981020091737,0.0001490323382433085,0.0004759299099478883,4.413487456069684e-06,4.457580493932749e-06,4.511817100426701e-06
2593.0,0.05599362202231088,0.001325145524578043,0.0001349707194515123,0.0004761379276923809,4.375080328991096e-06,4.455237706743261e-06,4.430949462045947e-06
2594.0,0.05597549987857416,0.00178009014012543,0.0001498323102628699,0.0004763807368581263,4.386217226947959e-06,4.440536470512535e-06,4.421572606518426e-06
2595.0,0.05589144663019398,0.001645438702595674,0.0001434764501263986,0.0004765895695366747,4.385672938256981e-06,4.430862693457824e-06,4.419422922835033e-06
2596.0,0.05648353514344388,0.001727006760137769,0.00014542829527869,0.0004768186826302394,4.377050697629963e-06,4.417861000212309e-06,4.438179643005519e-06
2597.0,0.05565817193618271,0.001658439122654345,0.0001476943524331234,0.0004770448328082889,4.425579927464025e-06,4.409616805948248e-06,4.424758123431095e-06
2598.0,0.05605668093178498,0.001361711063857424,0.0001381042322769371,0.0004772657152619705,4.398138235482175e-06,4.405810249876891e-06,4.43695222178305e-06
2599.0,0.05674781093571194,0.001657653481808125,0.0001443546337212401,0.0004774915656813705,4.382941643647514e-06,4.406803568831802e-06,4.416914610737103e-06
2600.0,0.05580412894016898,0.001751881491038757,0.0001464318254153518,0.000477719580654302,4.380175353638261e-06,4.41740968828421e-06,4.401703128587745e-06
2601.0,0.05516265765283927,0.001717672314877225,0.0001486981202470845,0.0004779248086421123,4.334153455259695e-06,4.372130748903167e-06,4.37330855423834e-06
2602.0,0.05473582987895007,0.001613398594142513,0.0001406109197247454,0.0004781041998495156,4.299752871973215e-06,4.334834340184459e-06,4.358160260378749e-06
2603.0,0.05428643209345588,0.001643243827174179,0.00014059264014083,0.0004782906940670882,4.322940051365302e-06,4.315942523370371e-06,4.338586763864416e-06
2604.0,0.0553359160953198,0.002015386983313447,0.000150064144405309,0.0004784735530930819,4.347971990920937e-06,4.330101045260052e-06,4.330093767294886e-06
2605.0,0.05522760074166647,0.001457752260356786,0.0001393959731348014,0.000478639673309306,4.267333637737448e-06,4.335828454464599e-06,4.299858376264614e-06
2606.0,0.05783602374320338,0.001740998585660716,0.0001473060935599179,0.000478806360077443,4.354702542141042e-06,4.363031163082726e-06,4.350782038818415e-06
2607.0,0.05877309271114679,0.00155042662056975,0.0001423295798446414,0.000478985099520558,4.39351634541865e-06,4.392432457349847e-06,4.396516680601086e-06
2608.0,0.05824504015869089,0.001644511067075297,0.0001459904558077689,0.0004791058162750905,4.459213785317748e-06,4.472655106755874e-06,4.449398283468103e-06
2609.0,0.05593313742438615,0.00152600047179181,0.0001419479787311735,0.0004792614676050213,4.36040701077177e-06,4.417357050856851e-06,4.370772046909001e-06
2610.0,0.05863137775884037,0.001800235097013136,0.0001476506878948745,0.0004794009664066594,4.370065455239625e-06,4.394937945337165e-06,4.377109734672649e-06
2611.0,0.05721354923734075,0.001802586843251724,0.0001491476239030001,0.0004795003377823402,4.373165519665137e-06,4.389711918269323e-06,4.408220165260431e-06
2612.0,0.0565522277911161,0.001934235499652018,0.0001503312153455562,0.0004796002765670557,4.405846968127364e-06,4.36751998165685e-06,4.365551024961602e-06
2613.0,0.05472747666816982,0.001642543552832666,0.0001397902023534899,0.000479693605230972,4.307437692180924e-06,4.319253526532127e-06,4.273762955855315e-06
2614.0,0.054530138699937,0.001608885389150883,0.0001413962108717799,0.0004797657803522624,4.284244088785969e-06,4.273469067425828e-06,4.235435315093543e-06
2615.0,0.05514003128594802,0.001529107608737626,0.0001379284814789455,0.0004798386845223898,4.322004863254299e-06,4.279498941133789e-06,4.237567947231522e-06
2616.0,0.0570179379564117,0.001906877124645818,0.0001523677664005249,0.0004798837074836048,4.348466207136869e-06,4.293834278624435e-06,4.318241647039497e-06
2617.0,0.0555019609182378,0.00166443588175463,0.0001449421543519005,0.000479960896964806,4.348616513096999e-06,4.292929461472809e-06,4.297506054133373e-06
2618.0,0.05566255720697947,0.001265190484700644,0.000136875138164815,0.0004799805301762657,4.32896109031687e-06,4.27229930736303e-06,4.244013128889458e-06
2619.0,0.0553861404455619,0.001483752745835518,0.00013925071177149,0.000479979882823655,4.304138250827311e-06,4.265813020424837e-06,4.220390313229141e-06
2620.0,0.05439079122621675,0.001658304903366661,0.0001434134994008785,0.0004799813785755686,4.284098550379739e-06,4.266377429726535e-06,4.199178297184767e-06
2621.0,0.05417811665761006,0.001667705905168005,0.0001441079418382434,0.0004799939868628001,4.304694708912181e-06,4.231180050612087e-06,4.21520647233144e-06
2622.0,0.05576452127676178,0.001781615375629396,0.0001450715302579535,0.0004799452014189143,4.271306569904385e-06,4.214762636890968e-06,4.190123924411567e-06
2623.0,0.05371716901852053,0.001317503847668904,0.0001360127651362274,0.0004798703086888682,4.245629352393748e-06,4.2224481880065e-06,4.188066274296462e-06
2624.0,0.05444560296830194,0.001891888057519855,0.0001443965326537219,0.0004797821491596152,4.290401674941057e-06,4.204350922749248e-06,4.17178841534677e-06
2625.0,0.05531031481663209,0.001750793892972863,0.0001396339632430855,0.0004797083971086652,4.26393780042653e-06,4.211360452421662e-06,4.127808567936173e-06
2626.0,0.05469087157980481,0.001441661922231577,0.0001351097657212527,0.0004796244664803904,4.260379283401629e-06,4.228085727298796e-06,4.108280359580501e-06
2627.0,0.05516598468067278,0.001267961651308576,0.0001345928820000257,0.0004795235050479621,4.283590010612856e-06,4.247090798803203e-06,4.108301637120674e-06
2628.0,0.0567626292864478,0.001309557603166565,0.0001366770418137726,0.0004793926482389347,4.32322756459886e-06,4.271432498928981e-06,4.160442732106751e-06
2629.0,0.05782844515454028,0.001597744190733958,0.0001410730164121913,0.0004792620681040864,4.363161749037552e-06,4.294633550096509e-06,4.174804565821762e-06
2630.0,0.05679183794362778,0.001976361923859578,0.0001549774639907612,0.0004790984940572815,4.390819869202207e-06,4.277284633053307e-06,4.210731374256171e-06
2631.0,0.05668660605727457,0.001840039201616477,0.0001424445339617472,0.0004789498357642876,4.314983612242049e-06,4.289793984137711e-06,4.16479884836337e-06
2632.0,0.05592158129743124,0.001655042091783029,0.0001429673382640895,0.0004787878736307338,4.32511856839144e-06,4.271012494548395e-06,4.141140813142376e-06
2633.0,0.05565087263957388,0.001806642834938646,0.0001429790618018212,0.000478628151884768,4.318993456419712e-06,4.263126473573005e-06,4.098325143235557e-06
2634.0,0.05564692606889404,0.001533088229324182,0.0001392290858504445,0.0004784689932000458,4.285821354698336e-06,4.248767065474846e-06,4.098862550921458e-06
2635.0,0.05622500581215272,0.001280655216785882,0.0001329267216322594,0.0004782841103518181,4.28144177902063e-06,4.275739781368119e-06,4.091144579695039e-06
2636.0,0.05534978063992717,0.001653905381961899,0.0001413445675175638,0.0004780674089301279,4.303324223514158e-06,4.235861921911404e-06,4.06625103597141e-06
2637.0,0.05568889200686679,0.001486802786131718,0.0001325887744212295,0.0004778820108293079,4.278153122907033e-06,4.255215686937642e-06,4.046996965900535e-06
2638.0,0.05526902347311564,0.001635565179329708,0.0001426315465188257,0.0004776727272009118,4.327974859151401e-06,4.240869627434847e-06,4.087645246994774e-06
2639.0,0.05342408962908251,0.001342898763796862,0.0001312206178361639,0.0004774863762294805,4.270767603142467e-06,4.180276207042337e-06,3.996494153004585e-06
2640.0,0.05443166654620602,0.001279157845709916,0.0001306350795904446,0.0004772706236506231,4.256640802391765e-06,4.185400719944474e-06,3.994810639755687e-06
2641.0,0.05577648110338923,0.001493314944111613,0.0001343028789157607,0.0004770844130200652,4.342954441678083e-06,4.235866857817393e-06,4.084029214871913e-06
2642.0,0.05550792926579137,0.002006886717525595,0.0001460979238331574,0.0004768809668517288,4.360425094050901e-06,4.278024203450512e-06,4.075074010523904e-06
2643.0,0.05366548533134793,0.001746955753667133,0.0001432380316602434,0.000476711851415403,4.298495124218823e-06,4.241063402798827e-06,3.993956528288828e-06
2644.0,0.05440685101159812,0.001710961465904363,0.0001411979789600866,0.0004764934746235207,4.323339215490924e-06,4.224348490389877e-06,3.995197104437484e-06
2645.0,0.05295666368513934,0.001633941160376987,0.0001363046992994315,0.0004762665933612726,4.29886043570089e-06,4.187738239866025e-06,3.98347891034346e-06
2646.0,0.05352891495340981,0.001640984962019021,0.0001381378179592589,0.0004760767910328505,4.25617511415364e-06,4.188252618380119e-06,3.975567205714563e-06
2647.0,0.05430737575295908,0.0014698877565844,0.0001334744621814939,0.0004758574527063012,4.304761065667028e-06,4.22787442528955e-06,3.987290156618506e-06
2648.0,0.05446284640610018,0.001641438237520992,0.0001351780275570872,0.0004756257988491214,4.297902435208455e-06,4.201328832207161e-06,3.945941162691737e-06
2649.0,0.05479385097264308,0.001612694531971013,0.0001368069811673608,0.0004754103570288112,4.31232401116498e-06,4.22633210483288e-06,3.986343348202506e-06
2650.0,0.0550094254362663,0.001371032299920275,0.0001300454544002292,0.0004753562250962757,4.329146662254637e-06,4.236774239037758e-06,3.963530786556849e-06
2651.0,0.05635020057438211,0.001516442224419211,0.0001347111525318358,0.0004750992559248731,4.410057137610747e-06,4.382021699938533e-06,4.07827322930115e-06
2652.0,0.0535435458198761,0.001690445926495515,0.0001435367468991512,0.0004748240868313481,4.336300495719987e-06,4.270893133284326e-06,3.967495750877046e-06
2653.0,0.05433725717399193,0.001510329315212339,0.0001309276201414133,0.0004745668377381612,4.334031891916703e-06,4.24473495437461e-06,3.961541674528396e-06
2654.0,0.05484149537586247,0.001856753140813275,0.0001411707426005485,0.0004743367364271781,4.353503052116584e-06,4.222461839802429e-06,3.951593574029257e-06
2655.0,0.05481721394822617,0.002095659195077286,0.0001477876577150392,0.000474131963412297,4.369779034338281e-06,4.227277268225477e-06,3.96967634666016e-06
2656.0,0.0545715252288388,0.001705239922209897,0.0001375545966367462,0.0004739240364167625,4.350291401032464e-06,4.219917332180295e-06,3.932947576132938e-06
2657.0,0.05415528777488206,0.001441846267933679,0.0001309948696024058,0.000473713304794926,4.328894443456339e-06,4.187730441043708e-06,3.907562156242086e-06
2658.0,0.05610452226484165,0.001610322978004904,0.0001343758592331508,0.0004735152217883384,4.342721978030623e-06,4.268438481694709e-06,3.920259097939402e-06
2659.0,0.05579784106201391,0.001338141913497497,0.000128949568405779,0.0004733222702727574,4.369319449473582e-06,4.287948716773512e-06,3.998855727848602e-06
2660.0,0.05579896313089925,0.001755985367336438,0.0001416625947648966,0.000473147712275084,4.414007508788303e-06,4.243592800923438e-06,4.000815289565825e-06
2661.0,0.0549660461833096,0.001528680156776266,0.0001360967957442401,0.0004729610352968429,4.358014654452758e-06,4.255155988184079e-06,3.965068216062219e-06
2662.0,0.0544171147092906,0.0015547838786857,0.0001355266001792864,0.0004727831809091675,4.326297137422584e-06,4.254192761553834e-06,3.926546907308492e-06
2663.0,0.05442158342000462,0.00167847367485631,0.0001357990771726794,0.0004726340829736314,4.38217185369383e-06,4.263260252152024e-06,3.946474989873654e-06
2664.0,0.05480464445899639,0.001736341484982723,0.0001372833212114393,0.0004724722970257188,4.317748008960654e-06,4.232792473030754e-06,3.902387038535402e-06
2665.0,0.05407552737152121,0.001593401261330552,0.0001324934185425552,0.0004723030342769798,4.329558336669312e-06,4.214380298536342e-06,3.893431587909072e-06
2666.0,0.05356613976546332,0.001637291696474567,0.0001351964922517634,0.0004721519427276256,4.308270346621464e-06,4.178147107985943e-06,3.900728457105498e-06
2667.0,0.05240617274880558,0.001784163072330889,0.0001361954221034638,0.0004720677306133242,4.264051456532874e-06,4.165775979991645e-06,3.881027854600841e-06
2668.0,0.0533825929386947,0.001511542179855249,0.0001267522759916949,0.0004719492886497826,4.282991156009705e-06,4.197837357238906e-06,3.902461887354733e-06
2669.0,0.05328492296110639,0.001576768038915692,0.0001343393805428426,0.0004718575226735261,4.311035318109027e-06,4.194472812022072e-06,3.879892157081175e-06
2670.0,0.0541107900622953,0.00171498139593331,0.0001363101692216937,0.0004717505389936541,4.277523266683614e-06,4.212689344831148e-06,3.922346827811151e-06
2671.0,0.05296210682192667,0.00152112153235572,0.0001309873941515764,0.0004716464295226595,4.290793831517439e-06,4.20656616330018e-06,3.937000473026281e-06
2672.0,0.05257434353822211,0.001541593535182223,0.0001296022079282983,0.0004715407029212975,4.253582510586301e-06,4.175845408149646e-06,3.901998724636001e-06
2673.0,0.05294811908636773,0.002006196037312297,0.0001420151010458764,0.0004714734139268489,4.242644528870066e-06,4.201739103104563e-06,3.875530194693986e-06
2674.0,0.05331077465039574,0.001788898870569841,0.0001303493118303553,0.0004714140980214933,4.227109779194757e-06,4.25326230194453e-06,3.891323936329761e-06
2675.0,0.05397287506156587,0.002110643999242566,0.000143581645584796,0.000471433231557022,4.253795701787549e-06,4.262217685374535e-06,3.910224648234487e-06
2676.0,0.05618659947572677,0.001865363892126019,0.0001372628588329596,0.0004714426619424895,4.284785607010717e-06,4.298793762663859e-06,3.912705863226788e-06
2677.0,0.05541243751317619,0.001714245593641082,0.0001374766852428226,0.0004714558803852038,4.307368717466722e-06,4.292977507332789e-06,3.993152057600221e-06
2678.0,0.05481686315359348,0.001737645044873267,0.000135899666080467,0.0004714527807211809,4.283274951370437e-06,4.277478949152236e-06,3.993678507519655e-06
2679.0,0.05581247213126692,0.001573440541998095,0.0001350005583576503,0.0004714717911077915,4.242452639327083e-06,4.270236135252311e-06,3.99022477556832e-06
2680.0,0.05532872192732536,0.001443237760108857,0.0001312810341296228,0.0004715257429412535,4.242135094613101e-06,4.271656445892217e-06,3.97688583267343e-06
2681.0,0.05695286989471292,0.001856765589937107,0.0001378102411028795,0.000471582507164161,4.297378105783222e-06,4.283486778390839e-06,3.987470895479883e-06
2682.0,0.05652976687469518,0.001859030802324938,0.0001439463096125235,0.0004716514195901173,4.321373787315344e-06,4.323818437983682e-06,4.094389924330235e-06
2683.0,0.05716540976473674,0.001598785970736907,0.0001338080284203964,0.0004717274902580771,4.291947072727049e-06,4.302842780702141e-06,4.040294581968307e-06
2684.0,0.05580093626785079,0.001807984874669551,0.0001392171430501972,0.0004718015655511671,4.273728911830432e-06,4.354244854256742e-06,4.07159886959996e-06
2685.0,0.0548256808750484,0.001976883010890185,0.00014325040534236,0.0004719129607061785,4.265964000524184e-06,4.283989059756717e-06,4.069603118612172e-06
2686.0,0.05433455901577929,0.00176969543952437,0.000133290348442224,0.0004720206155670441,4.220006835863084e-06,4.270358558271754e-06,4.03079511870452e-06
2687.0,0.05265925187626411,0.001682274309559489,0.0001337285383347319,0.0004721405719842441,4.163936525211122e-06,4.264891637922322e-06,3.967420998777755e-06
2688.0,0.05312958522180038,0.001466688006371795,0.0001299860853980422,0.0004722388770188239,4.147954293610749e-06,4.243494839025683e-06,3.987865872464803e-06
2689.0,0.05383950394878411,0.001612127112427626,0.0001337113433061115,0.0004723821395424511,4.166337831496725e-06,4.213209053406762e-06,3.988985609780427e-06
2690.0,0.05302664480488845,0.00188898671137404,0.0001404852610679571,0.0004725105494181264,4.166126585044711e-06,4.262350482674347e-06,3.995467312472242e-06
2691.0,0.0533037257589315,0.001516201365402511,0.0001292984420345953,0.0004726194994906294,4.15742387103548e-06,4.224348425991327e-06,3.997028627824171e-06
2692.0,0.05481670981982298,0.001736170008685796,0.0001336489221862213,0.0004727031835006676,4.142512121442801e-06,4.205671175349287e-06,3.989577438165938e-06
2693.0,0.05427099577182689,0.001819923709814102,0.0001403292439516487,0.0004728113619024054,4.204686809429741e-06,4.248532223982731e-06,4.05982373287732e-06
2694.0,0.05344854368109044,0.001847434735967831,0.0001396509782112067,0.000472909352121722,4.20800905405553e-06,4.213077774194765e-06,4.033527613367722e-06
2695.0,0.0523577476782388,0.001603758599723662,0.0001344705394696395,0.0004729936451359376,4.097605784393083e-06,4.175449443391946e-06,3.9839528994504e-06
2696.0,0.05226820828900874,0.001430980797330972,0.0001302999709001942,0.0004730559201403687,4.073875506325718e-06,4.211612086419336e-06,3.969479925080265e-06
2697.0,0.05260183570968655,0.00160623362142645,0.0001347812762327951,0.0004731290421525382,4.08531058392681e-06,4.218088382502174e-06,3.977880904249672e-06
2698.0,0.05306994532806096,0.00168141363973049,0.0001330483845859374,0.0004731953560079421,4.124405311889232e-06,4.217192338931508e-06,4.025367935617395e-06
2699.0,0.05290777713125844,0.001747618231896976,0.0001388911275606634,0.0004732347468153919,4.117352836035858e-06,4.236462368598127e-06,4.013536665481313e-06
2700.0,0.05380770746269006,0.00142316833854019,0.0001304781363521316,0.0004732431130110513,4.076581131624674e-06,4.218660463192072e-06,3.969308149191651e-06
2701.0,0.05261422772987443,0.001593828006294368,0.0001364018666217932,0.0004732605015230136,4.162568952984759e-06,4.214596236113475e-06,4.04078051139227e-06
2702.0,0.05385918778426492,0.001807563601629819,0.000140463246895498,0.0004732473401526782,4.16733406965756e-06,4.25860921461364e-06,4.062551218524975e-06
2703.0,0.05523577309554152,0.001471306962007606,0.0001367063281713921,0.0004731817352923263,4.164505287353929e-06,4.227093511261604e-06,4.105384213488934e-06
2704.0,0.05503476283527445,0.001525988770872813,0.0001343142713707944,0.0004731206315867886,4.184772195632787e-06,4.23211866505673e-06,4.109158350653465e-06
2705.0,0.05444496945391569,0.001690076017264934,0.0001400053339654915,0.0004730419133300566,4.142262859838998e-06,4.238304982096591e-06,4.121254272739782e-06
2706.0,0.05187820097082156,0.001982162006798563,0.0001447969283394428,0.0004729695220159292,4.116103034315903e-06,4.207308551779749e-06,4.071334184898723e-06
2707.0,0.05099467104707672,0.001759193574852603,0.0001346127314696146,0.0004729119362450699,4.044545137192596e-06,4.150961097165601e-06,4.013260350295873e-06
2708.0,0.0519543641603374,0.001637626810124412,0.0001332798991933144,0.0004727716038748528,4.020582998807649e-06,4.183248787085899e-06,3.988568394856022e-06
2709.0,0.05123682239934502,0.001758753871705865,0.000139094998184617,0.0004726115985415031,4.061313542892285e-06,4.194862756316149e-06,4.028162998813797e-06
2710.0,0.05208619625265671,0.001989154007991478,0.0001450247672031256,0.0004724514534826482,4.053165342287347e-06,4.182440054298849e-06,4.064792832877507e-06
2711.0,0.05226962213164512,0.001696300441456181,0.0001407097715258052,0.0004724688149165428,4.093291216603078e-06,4.182454754904038e-06,4.045601197758476e-06
2712.0,0.05508432807278865,0.001892729787985971,0.0001444210003461293,0.00047224713544575,4.198105744468715e-06,4.270088348014561e-06,4.170483097355e-06
2713.0,0.05265305899207522,0.001575427331911884,0.0001378626563069271,0.0004719890957297623,4.133255610116718e-06,4.157590509500786e-06,4.127629024825003e-06
2714.0,0.05292516717647838,0.001652311787685997,0.0001401012765405913,0.000471737916193807,4.145164753517097e-06,4.17101045571864e-06,4.121096194775814e-06
2715.0,0.05317644219974579,0.001710969292285406,0.0001428945224378224,0.0004714860617186036,4.136771849196982e-06,4.181009500101437e-06,4.100256180205943e-06
2716.0,0.05346576290299171,0.001867300264664565,0.0001402647041032463,0.0004714000532498058,4.103020877958607e-06,4.167312565603737e-06,4.068351315056158e-06
2717.0,0.05500326998468698,0.001818168688356372,0.0001388365739785356,0.0004710902333224963,4.123572480154916e-06,4.305331039144616e-06,4.150896749994177e-06
2718.0,0.05355027031081599,0.001870267901808923,0.0001440191627264687,0.0004707555306397701,4.132005910229009e-06,4.237935542169253e-06,4.141296703123186e-06
2719.0,0.05407204258838027,0.001644129640300642,0.0001403866053799657,0.0004704021839394254,4.141352916950757e-06,4.201435314609048e-06,4.159576421567289e-06
2720.0,0.05352930464381158,0.001835085289112715,0.0001413709855970834,0.0004700116112506265,4.126227704677538e-06,4.192637148378304e-06,4.118353911782776e-06
2721.0,0.05296484850080525,0.001762349200056258,0.0001473213551309319,0.0004697871256061192,4.163695778910281e-06,4.133946930163272e-06,4.139680461073676e-06
2722.0,0.05422315703246069,0.001586000643506325,0.0001376408489160749,0.000469375968327927,4.201891514901733e-06,4.178973526491119e-06,4.199174819478723e-06
2723.0,0.05173748455390335,0.001511563191324007,0.0001376857778472493,0.0004689348461314139,4.116294845432269e-06,4.13401631943787e-06,4.125112788289395e-06
2724.0,0.05180480397484859,0.001395951556279103,0.0001340054585206569,0.0004685068924528615,4.089992038175403e-06,4.133809673498409e-06,4.075061483712827e-06
2725.0,0.05158494257025393,0.001395924586495371,0.0001319487641444138,0.0004680955161371645,4.102651178342435e-06,4.140583872130871e-06,4.084033817729103e-06
2726.0,0.0517606903490456,0.00165483848684209,0.0001371079788226558,0.0004676560534913,4.09442144878115e-06,4.135239549874573e-06,4.072326597017514e-06
2727.0,0.05269132313966305,0.001801861491839238,0.0001442266410765251,0.000467182331475578,4.072680078208819e-06,4.139797276092288e-06,4.085046822817858e-06
2728.0,0.0531061700095961,0.002046317483646912,0.0001452967217544403,0.0004667313373677141,4.159227954294397e-06,4.120152136325311e-06,4.170522401674239e-06
2729.0,0.05445917124563128,0.002086101190636791,0.0001482651643524625,0.0004662549781121665,4.173026220956717e-06,4.119226893776758e-06,4.198014608593322e-06
2730.0,0.05365173099323244,0.00195617886543331,0.0001473506190541366,0.0004657663620463121,4.124048433950389e-06,4.131077327412263e-06,4.117891991626513e-06
2731.0,0.05342577846940215,0.001545051245001216,0.0001368546721709312,0.0004653285952554497,4.122888126555988e-06,4.144183448247358e-06,4.114518266079422e-06
2732.0,0.05430135144793093,0.001545962753676141,0.0001390981863368504,0.0004648639391623636,4.167070256997884e-06,4.198042207817542e-06,4.20725135678892e-06
2733.0,0.05299162995532732,0.001877980489864528,0.0001491282913893826,0.0004643987709529804,4.171376439095994e-06,4.143674611611325e-06,4.201185657524842e-06
2734.0,0.05414570873973096,0.001566651779081554,0.0001356448530079559,0.000463940495926492,4.173052412822559e-06,4.138487458471464e-06,4.175549839353026e-06
2735.0,0.05496557613988221,0.001703626761121318,0.000145475743579642,0.000463454028814816,4.177822827760139e-06,4.1828458307385e-06,4.208610921336164e-06
2736.0,0.05293971693701088,0.001680271588080889,0.0001466866159108583,0.0004629828202222286,4.171353757077691e-06,4.131019049994586e-06,4.148548654013459e-06
2737.0,0.05314013726597717,0.001411604026088454,0.0001358743803404024,0.0004625130845696618,4.163176798872245e-06,4.124078382692801e-06,4.140712014058564e-06
2738.0,0.05214615479583536,0.001408892754854146,0.0001363095310155047,0.0004619913978252919,4.140433871265146e-06,4.078869334995652e-06,4.122027619929325e-06
2739.0,0.0520272587161925,0.001710991589165142,0.0001429144173347325,0.0004614901262222504,4.170213169069542e-06,4.114509740476331e-06,4.16099593778821e-06
2740.0,0.0515091364717178,0.001639269026478053,0.0001440127231704275,0.0004610384775072912,4.194194001166866e-06,4.105405283357039e-06,4.1674417433458e-06
2741.0,0.05107745666859603,0.001589038679810492,0.0001397006811181388,0.0004605597593997499,4.14521492210074e-06,4.082804647913727e-06,4.13799826278748e-06
2742.0,0.05155532579718403,0.001374978595963279,0.0001360709613423094,0.0004600969160442716,4.119788323849212e-06,4.072803749478277e-06,4.097080164924269e-06
2743.0,0.05218727196866335,0.001545015059958155,0.000142038286674919,0.0004596478697517645,4.164683555287528e-06,4.081149253712916e-06,4.133586333175427e-06
2744.0,0.0524847657763973,0.001570611791505273,0.0001408944553730318,0.0004592219493565114,4.158581224077019e-06,4.047603574051152e-06,4.124291653209751e-06
2745.0,0.05288912132287178,0.001775456985688735,0.0001438865294812461,0.0004588013956997388,4.178676680218104e-06,4.133291003172754e-06,4.141623732742808e-06
2746.0,0.05159342762501604,0.001740238569717311,0.0001473685540643583,0.0004584086580387618,4.157872455457094e-06,4.076504359671067e-06,4.128636059912965e-06
2747.0,0.05292108558972232,0.00152040139457167,0.000142199218707296,0.0004580019232208582,4.168035855973131e-06,4.103641976525559e-06,4.183888263140584e-06
2748.0,0.05272525915143961,0.001721097100563853,0.0001439980912950869,0.0004575958014899675,4.145192233981452e-06,4.093358720182875e-06,4.182950791162338e-06
2749.0,0.05366110431272117,0.001710028540641047,0.0001450197358122802,0.000457385713923617,4.190156874380967e-06,4.127136454449137e-06,4.180090682340018e-06
2750.0,0.05428848085973073,0.001767827270339944,0.0001507135378746126,0.0004569780088091637,4.26035528633132e-06,4.23376123340477e-06,4.266891917487409e-06
2751.0,0.05142904567270951,0.001758301921501604,0.0001459891757310567,0.0004565508226929238,4.189108917069474e-06,4.13221622476027e-06,4.133693778815334e-06
2752.0,0.05099997244346105,0.001401019481573694,0.0001420800490209052,0.0004561762344153961,4.118607470329221e-06,4.084388063614548e-06,4.134650780359926e-06
2753.0,0.05291469885739317,0.001516445253667584,0.000142870295534692,0.0004557654863818701,4.149051677641819e-06,4.109627776473065e-06,4.168550506429426e-06
2754.0,0.05099929429427829,0.001704394012346367,0.0001449456967037629,0.0004553815375943316,4.16031996116177e-06,4.060829775450044e-06,4.103762367974815e-06
2755.0,0.05124725616805282,0.001537855274780101,0.000143657682415453,0.0004550517071231944,4.151045686494788e-06,4.048992609281359e-06,4.12272792956244e-06
2756.0,0.04997698472354203,0.001267720178963229,0.0001382429771596513,0.0004547240751134977,4.12498196775442e-06,4.055338976561876e-06,4.071922564079314e-06
2757.0,0.0504536555878345,0.001662413853237239,0.0001441950842803278,0.0004544024108429765,4.117115264558633e-06,4.079119342055667e-06,4.087496056017849e-06
2758.0,0.05050179198248607,0.001613342450171647,0.000141622050954103,0.0004540444021121837,4.118827949910177e-06,4.054944912497657e-06,4.070557759328052e-06
2759.0,0.05172253635611766,0.00159968263729211,0.0001461112364321413,0.0004537261313897785,4.146251470977528e-06,4.080636070057652e-06,4.113161831708757e-06
2760.0,0.05046042167798789,0.001609910963560268,0.0001447970492492734,0.0004534631971030502,4.153274528519387e-06,4.080786006937839e-06,4.14174713694486e-06
2761.0,0.05126232443661752,0.001481034687314328,0.0001407629171003258,0.0004531724040375531,4.133400372884187e-06,4.067963198398613e-06,4.15530491008953e-06
2762.0,0.05070414525281728,0.00156944646797091,0.0001451519822502024,0.0004528836956319633,4.129322109801736e-06,4.054677952482023e-06,4.135442438074908e-06
2763.0,0.05250177913318024,0.00172160845420581,0.000143453539557183,0.0004525966276183836,4.137442157793143e-06,4.096762314135358e-06,4.155350747062925e-06
2764.0,0.05233286114036945,0.001603282173569257,0.0001458568018937465,0.0004523314142272873,4.139941755985372e-06,4.084578115817999e-06,4.165462457575673e-06
2765.0,0.05187951276300726,0.001520963123621434,0.0001419341251576867,0.0004520784311980818,4.168702940226735e-06,4.130944626508037e-06,4.205240578911603e-06
2766.0,0.05180283356575494,0.001678575210487078,0.0001462180377048547,0.0004518472866327833,4.130584110675691e-06,4.094593295171118e-06,4.169651700354863e-06
2767.0,0.05100384024640481,0.001412401234744386,0.0001365147995548579,0.0004516269545153618,4.063784600560492e-06,4.110474635664775e-06,4.138515308932189e-06
2768.0,0.05211060938888507,0.00170749932446074,0.0001446002240805793,0.0004514203677540362,4.126477408078658e-06,4.094591553634485e-06,4.154496107771221e-06
2769.0,0.05251639976182129,0.001699829151939974,0.0001433093550634769,0.0004512922026287542,4.183823860220802e-06,4.134236565331936e-06,4.206748626742053e-06
2770.0,0.05160714153181774,0.001763744192680994,0.000148590169522064,0.0004511105014775656,4.143099722224986e-06,4.131001740748016e-06,4.161462356689919e-06
2771.0,0.05140527009217126,0.001522706685318719,0.0001416398331609091,0.000450960685132944,4.096975163821767e-06,4.112323050540349e-06,4.146235926172895e-06
2772.0,0.05320575650231236,0.001794578057388661,0.0001500289902785091,0.0004507625150153638,4.144242781062255e-06,4.159665364670886e-06,4.215746041647012e-06
2773.0,0.0527071255500377,0.001777865146809718,0.0001500023485050357,0.0004505763635010584,4.135137916901521e-06,4.111402414986156e-06,4.214004627618468e-06
2774.0,0.05139157896124629,0.001320137392230908,0.0001397872456500602,0.0004504074723737121,4.136350711249375e-06,4.120678227225123e-06,4.193509512855886e-06
2775.0,0.05012535465839901,0.001471220606368223,0.0001424452542333517,0.0004502628938893822,4.085294594587351e-06,4.097024561781315e-06,4.163387849122251e-06
2776.0,0.04837197871697385,0.001293737209124883,0.0001358132726925563,0.0004501343293736601,4.018336364823316e-06,4.035681168077239e-06,4.083357190524758e-06
2777.0,0.04868374599554533,0.001416477958686989,0.0001380921593162515,0.0004500313417148419,4.030048373087794e-06,4.043290735390687e-06,4.103713907124913e-06
2778.0,0.05038256657535503,0.001408239689438527,0.0001368530346557223,0.0004498977698045938,4.037217343947732e-06,4.087093311745956e-06,4.099333162604919e-06
2779.0,0.05145088223217451,0.001389479958522267,0.00013820610258127,0.0004497801652246292,4.103218646602899e-06,4.111436484828051e-06,4.154053980023837e-06
2780.0,0.04935442966778938,0.001605319472826837,0.0001439202551532669,0.0004496803598681287,4.112487946863436e-06,4.092460212382398e-06,4.180718671220339e-06
2781.0,0.0485585510442662,0.001459769902544835,0.0001397449039174199,0.0004495189495438675,4.018606931255952e-06,4.03295079243924e-06,4.123587039043809e-06
2782.0,0.04848614973273748,0.001340688227935321,0.000139357140520617,0.0004493761785469218,3.982050614181585e-06,4.00432852663262e-06,4.109800999076696e-06
2783.0,0.05089812953865037,0.001614220139401192,0.0001436235863664957,0.0004492299692421862,4.032749274601932e-06,4.089351882121803e-06,4.138691474152571e-06
2784.0,0.05136339030205163,0.001739954257900428,0.0001477066224831156,0.0004491077931515513,4.064237306088696e-06,4.120067875117546e-06,4.205231116786118e-06
2785.0,0.05079228488580141,0.001677343623874165,0.0001468335349716997,0.000449013632753358,4.094393066571426e-06,4.125962761577464e-06,4.223286999053546e-06
2786.0,0.05138954949088296,0.001293896275637759,0.0001355868985342354,0.000448894235070732,4.041664097395581e-06,4.128656219935777e-06,4.140860945703913e-06
2787.0,0.05140503865038688,0.001832906674798519,0.0001469069467858757,0.000448769171605511,4.051232244207013e-06,4.147844284637389e-06,4.217674020364773e-06
2788.0,0.05149815054740329,0.00182325195471554,0.0001519741667502826,0.0004486223607320421,4.102575079949698e-06,4.134709134363979e-06,4.207241246864389e-06
2789.0,0.05132080115195089,0.001606489447013444,0.0001433264686882275,0.0004484570412448521,4.042949044817218e-06,4.102450055936892e-06,4.169465887176727e-06
2790.0,0.04921029281732606,0.0017147051598763,0.0001444989531088043,0.0004483026555946457,4.030799884877814e-06,4.071883944573751e-06,4.168253058048665e-06
2791.0,0.04943693656872394,0.001747879732583376,0.0001453078530107757,0.0004481345257664478,4.000442701002315e-06,4.07982878600428e-06,4.189043511636845e-06
2792.0,0.04871938380866771,0.001411263567260979,0.0001358517420392022,0.0004479696828930828,3.925907473329448e-06,4.046859162977149e-06,4.155260965933161e-06
2793.0,0.05128769578877843,0.001858627158089723,0.0001468097654364787,0.0004478048503021073,3.986657870300162e-06,4.074792272205239e-06,4.185271401962219e-06
2794.0,0.05241933499174364,0.001485074309269608,0.0001397465574223919,0.0004476307854297132,4.019298453103557e-06,4.145340479725102e-06,4.20533544078237e-06
2795.0,0.05058739417157733,0.001278515857507715,0.0001347858730532256,0.0004474958732208107,4.022732361647162e-06,4.147768425891458e-06,4.214110761034536e-06
2796.0,0.05138275944717945,0.001564435175920864,0.0001403821895784522,0.0004473387337040828,4.021888229834593e-06,4.165620746928828e-06,4.261576325298425e-06
2797.0,0.0504583148901441,0.001601478756927968,0.0001421661700938247,0.0004471420727371924,3.984865462245474e-06,4.10591752371015e-06,4.20873753584016e-06
2798.0,0.05025610078989078,0.001391629517414664,0.0001379248621497501,0.0004469329366060469,3.980509706489271e-06,4.113972375130753e-06,4.204304125638128e-06
2799.0,0.05028740198470208,0.001835494005881397,0.0001445940919266215,0.0004467443594495026,3.972552771728051e-06,4.100448936598259e-06,4.217700712509695e-06
2800.0,0.05089856568440854,0.001723051848371675,0.0001443725968745398,0.0004465430205569567,3.993223360490479e-06,4.129333352380451e-06,4.25983505144894e-06
2801.0,0.05005156691083217,0.001312587477906796,0.0001374850696075139,0.000446353220867506,3.944406683093218e-06,4.101996412662774e-06,4.228234692598672e-06
2802.0,0.0487284757455796,0.001604773193354589,0.0001399731540329416,0.0004461997344426384,3.930539024430768e-06,4.091490299072675e-06,4.221910517086442e-06
2803.0,0.05020833744915472,0.001518973097088124,0.0001391411957280058,0.000446060760375658,3.930298025536149e-06,4.105728444627206e-06,4.221861854157019e-06
2804.0,0.05257284129601017,0.001335973205426568,0.000135518758052909,0.0004458848930051946,3.981792852984833e-06,4.194132786619539e-06,4.277391029864317e-06
2805.0,0.05056934007470663,0.001568165496657665,0.000137831755566285,0.0004457038891545162,3.998130887192973e-06,4.162449586165289e-06,4.271201694739598e-06
2806.0,0.0500978829405947,0.00149676931484514,0.0001390992741518505,0.0004454893543784498,3.958122887013158e-06,4.130380175647229e-06,4.246516139507749e-06
2807.0,0.04946067905258772,0.001130390699847246,0.0001316580327443433,0.0004452454810787187,3.884511069177527e-06,4.08781845601249e-06,4.216737190469908e-06
2808.0,0.05043194645943945,0.001387620301986027,0.0001342942705962454,0.0004450025526419071,3.91918284189987e-06,4.102668590526348e-06,4.227572101205935e-06
2809.0,0.05088534510124316,0.001374100762131872,0.0001340539955411666,0.0004447752544336325,3.89014190840963e-06,4.105144119422754e-06,4.251876730430923e-06
2810.0,0.04996375010556495,0.001226239246564092,0.0001313027433997804,0.0004445491190342904,3.94759667294073e-06,4.109414685809591e-06,4.259836701442179e-06
2811.0,0.04972652853455248,0.001448533409503973,0.0001339840727065686,0.0004443164653926933,3.890560589257028e-06,4.106424972903435e-06,4.235239856467978e-06
2812.0,0.04823664759220208,0.001497851452173638,0.0001376203906969119,0.0004441134028763744,3.851725183910272e-06,4.04910947066577e-06,4.192424219191036e-06
2813.0,0.04949341035392978,0.001525151873698122,0.0001371166566352446,0.0004438468020991712,3.866221848177214e-06,4.11036383760853e-06,4.18817236102706e-06
2814.0,0.04897005173081931,0.001651028437350628,0.0001391208920151577,0.0004435686217653588,3.861203100151811e-06,4.088436663372275e-06,4.202034940841782e-06
2815.0,0.05065933851450285,0.001356992505539168,0.0001349220041639067,0.0004432554860640395,3.927131528309188e-06,4.095240493603416e-06,4.242549095478638e-06
2816.0,0.0493268167748073,0.001274693902818734,0.0001310658604381172,0.0004429395812393265,3.879554514552635e-06,4.086263727623567e-06,4.253856021023562e-06
2817.0,0.04847750516072111,0.00134265266871513,0.0001311365577318586,0.0004425965680441434,3.832381321943715e-06,4.047560388638053e-06,4.20214067098919e-06
2818.0,0.04880321707368128,0.001546817746891458,0.0001396899127332134,0.0004422538415016589,3.881551440761413e-06,4.077664495875722e-06,4.24237025130886e-06
2819.0,0.04913818948230726,0.001141754902236458,0.0001279639984727267,0.0004418855821154346,3.826023327987711e-06,4.069237915979812e-06,4.186789582243903e-06
2820.0,0.0495247606463568,0.001247440953063805,0.0001294232868096468,0.0004414855178929714,3.846332570052448e-06,4.093181938937181e-06,4.212896881188501e-06
2821.0,0.05084217032693479,0.001356946835456993,0.0001344156933535484,0.000441055048014103,3.892301888111904e-06,4.096187792553655e-06,4.236795858429944e-06
2822.0,0.05139805713035878,0.001376989127975316,0.0001328081697681393,0.0004406193616330083,3.901321032391632e-06,4.15453229252317e-06,4.268287151220252e-06
2823.0,0.05194387546412045,0.001552335010441333,0.0001330902064486706,0.0004401728116449002,3.927110773021048e-06,4.165889905189078e-06,4.283092149308026e-06
2824.0,0.05088511522491521,0.001389850833139799,0.0001299801403639604,0.0004397390511085557,3.952403403678687e-06,4.175111311898449e-06,4.251182322156725e-06
2825.0,0.05091273855929417,0.001432129566981858,0.0001342391231096725,0.0004392656782916912,3.956422663869235e-06,4.168247485199575e-06,4.263574739469269e-06
2826.0,0.04968650580598757,0.001475662046296621,0.0001320329066162629,0.000438756794514514,3.935525534192651e-06,4.161257617285811e-06,4.2408513872465e-06
2827.0,0.0498693485005453,0.001206289959819016,0.0001290511666854346,0.0004382376854843391,3.919828645617136e-06,4.092074527223482e-06,4.238602860826475e-06
2828.0,0.05130682415250679,0.001228517650322359,0.0001292678940773283,0.0004377159685155509,3.968577141905403e-06,4.117820301146751e-06,4.279575152071461e-06
2829.0,0.05116945822661665,0.001781858121377174,0.0001402513635500242,0.0004371472173348797,3.945757514203407e-06,4.12186371237224e-06,4.27592492843641e-06
2830.0,0.05064024358267199,0.001730034539871321,0.0001415279914776264,0.0004365663428168499,3.976220771730758e-06,4.170311466405765e-06,4.287266759188791e-06
2831.0,0.05005200122427731,0.001447013887056864,0.0001339677807774606,0.0004359394976685921,3.924082142432266e-06,4.13629095035389e-06,4.221261994862018e-06
2832.0,0.0494442656279008,0.001735870616167174,0.000137475721162928,0.0004354152153287845,3.899976963394159e-06,4.108410868336786e-06,4.205231677659604e-06
2833.0,0.05097709902547977,0.001680214054009994,0.0001377612477669227,0.0004347208189668811,3.987966464973936e-06,4.170990887885268e-06,4.259980478690474e-06
2834.0,0.04987031604843879,0.001312564981425007,0.0001271506795542997,0.000434046040731631,3.900467419970974e-06,4.11593197327431e-06,4.177335385662191e-06
2835.0,0.0494140658438716,0.001424669077689563,0.000130749527754636,0.00043335757579701,3.925553183239531e-06,4.132167733172214e-06,4.193010148243531e-06
2836.0,0.04997816268820487,0.001378644052577534,0.0001311824295651838,0.0004327063251888332,3.945370852857361e-06,4.15264474228131e-06,4.182608915882162e-06
2837.0,0.04957256363269416,0.001340951029936772,0.0001314366253677056,0.0004320842684523911,3.934310941667489e-06,4.115787053428705e-06,4.210560235788834e-06
2838.0,0.05070934472407344,0.001492405894817629,0.0001301590408322984,0.0004314588702864478,3.957901576089852e-06,4.148214498661214e-06,4.204890382819227e-06
2839.0,0.05170158752854324,0.001445509387258642,0.0001317518676896347,0.0004308110028112929,3.998192845180337e-06,4.165706064658337e-06,4.245138360712055e-06
2840.0,0.05160501272402056,0.00132069037139797,0.0001298460725331608,0.0004301571934366981,3.993898395137386e-06,4.164041233044141e-06,4.265816855129215e-06
2841.0,0.05012607529448076,0.001362435512898365,0.0001307784022815225,0.0004295335109339553,3.977020746564778e-06,4.108153982842761e-06,4.210648492111168e-06
2842.0,0.04976819713863595,0.001390275115912266,0.0001268709367042252,0.0004289106151463513,3.954655071956486e-06,4.117683334523056e-06,4.182690787200893e-06
2843.0,0.04844595180591088,0.001532428388801826,0.0001326064506773981,0.0004282874800579452,3.957729003994523e-06,4.091906509778248e-06,4.12591635466039e-06
2844.0,0.04902130955607834,0.001717218428226018,0.0001348250382824656,0.000427705527299981,3.94870171837209e-06,4.107751535654357e-06,4.143589116968061e-06
2845.0,0.04889861942192212,0.001495821535577173,0.000134260699917481,0.0004271202017515111,3.944006226649132e-06,4.087007383210466e-06,4.107058001079721e-06
2846.0,0.04885032804135649,0.001371577177750475,0.0001265426452578142,0.000426513876608147,3.932377937717476e-06,4.105912907766214e-06,4.048434650965869e-06
2847.0,0.05130415014359531,0.00170354239440849,0.000139667596526427,0.0004259230296879125,4.019862488154967e-06,4.130531542413733e-06,4.175627383763148e-06
2848.0,0.05237661038881897,0.001832704854333489,0.0001420326197933378,0.0004253622589136615,4.072231760503873e-06,4.150794453667513e-06,4.191042141929447e-06
2849.0,0.05095345998589169,0.001575086344736089,0.000137708027146482,0.0004248440727442744,4.07677177733658e-06,4.142939005887619e-06,4.198259340976654e-06
2850.0,0.04975612426516975,0.001539984096134286,0.0001308731943386886,0.0004243427420014799,3.981955853142595e-06,4.14895742844858e-06,4.144112175318879e-06
2851.0,0.05029140577314231,0.001590076986129488,0.000136360684964912,0.0004238911649542191,4.041042823128183e-06,4.131691094127721e-06,4.168918295903458e-06
2852.0,0.0494836911103895,0.001482920672199532,0.0001295929752594603,0.0004234670038764848,4.023999201089161e-06,4.124781393209525e-06,4.117395092838238e-06
2853.0,0.04953782261890349,0.00190626735274297,0.0001434513751422598,0.0004230849295993466,4.062313124974464e-06,4.146534342325097e-06,4.137015506114765e-06
2854.0,0.04944782955744539,0.001746846660349068,0.0001384942208109168,0.0004227495741344205,4.043328191345803e-06,4.12414710628817e-06,4.078628868987356e-06
2855.0,0.04893725638324464,0.001312326352363537,0.0001292797319888649,0.0004225798414967953,4.006771632256747e-06,4.121472527608194e-06,4.073852320415495e-06
2856.0,0.0502515875462622,0.001766691831570586,0.0001381913472329564,0.0004222470544435681,4.144738582369681e-06,4.245944796508722e-06,4.169980066332558e-06
2857.0,0.04814478880168236,0.001355944478808824,0.0001302540906855048,0.0004219251258508651,4.057421782704691e-06,4.09849084794595e-06,4.066026819994065e-06
2858.0,0.04793210109376744,0.001303020909426638,0.0001280296343597471,0.0004217531405601299,4.064013864532271e-06,4.104812635918657e-06,4.10977232522707e-06
2859.0,0.0498993747420514,0.001366065859827115,0.0001269958172530515,0.000421448128765211,4.119643478254009e-06,4.205124028706585e-06,4.145640991540554e-06
2860.0,0.04883116497963738,0.001339606190952752,0.0001299854547715528,0.0004211931123087383,4.069178191490148e-06,4.155163447399327e-06,4.122343578404317e-06
2861.0,0.04984982708383071,0.001210068993524899,0.0001278622831423756,0.0004209778103334238,4.087577563256422e-06,4.175060007483786e-06,4.075612923957179e-06
2862.0,0.05034578287639244,0.001410469911300837,0.0001299039354546499,0.0004207585828676495,4.078729095557275e-06,4.176333807948965e-06,4.125048150103981e-06
2863.0,0.04918958237800894,0.001589378556411664,0.0001372225733270178,0.0004205837517002709,4.127583655232421e-06,4.139410975571707e-06,4.145848688280895e-06
2864.0,0.05035259253021304,0.00154949215348244,0.0001295782018503739,0.0004204060952102972,4.145151810614062e-06,4.153453882011856e-06,4.140203115081785e-06
2865.0,0.0499549302733442,0.001391104871915387,0.0001300834141688083,0.0004202467672187752,4.132880744368502e-06,4.149571993462481e-06,4.149938532731384e-06
2866.0,0.05060154256967499,0.001375171479264377,0.0001324534871795205,0.000420111372492775,4.186087969504802e-06,4.202819628847956e-06,4.159599197188723e-06
2867.0,0.05073850494469929,0.001507656790864355,0.000132569250105738,0.0004200011662414374,4.137761692867726e-06,4.19961789704003e-06,4.147892176260918e-06
2868.0,0.0499914123898552,0.001553284702814417,0.000136533922309505,0.0004199251879684069,4.125312866160204e-06,4.214157965927198e-06,4.161117846003014e-06
2869.0,0.04913825817841908,0.00139296526511903,0.0001280046612531559,0.0004198225596106155,4.090361586796643e-06,4.204229648297224e-06,4.123389532996693e-06
2870.0,0.04910055621031686,0.001541307356617761,0.0001303785830618672,0.0004197172217695748,4.113544288666716e-06,4.184950615884837e-06,4.154967132639234e-06
2871.0,0.04937135215028076,0.001549762144423189,0.0001310529027290543,0.0004196180227340008,4.119263437751702e-06,4.179671740718016e-06,4.077729834754697e-06
2872.0,0.04961919943553756,0.001510335493803843,0.0001322912166289186,0.0004195292502168924,4.134835540068047e-06,4.156457767608663e-06,4.099807504332165e-06
2873.0,0.04940152875204429,0.001673200325122552,0.0001348060513691608,0.0004194470785158908,4.165607711535399e-06,4.172919979428251e-06,4.121891453635074e-06
2874.0,0.04874116375923575,0.001835195982767462,0.0001361183903876247,0.0004193936577491916,4.125882906279027e-06,4.146281583150824e-06,4.103868593702874e-06
2875.0,0.04949927429166814,0.001515717477000534,0.0001299836496301849,0.0004193012997158402,4.111254696597827e-06,4.191505584920746e-06,4.065125921678526e-06
2876.0,0.04992552510344785,0.001594639075933038,0.0001341986018895428,0.000419240012853703,4.151452791012718e-06,4.204627878609921e-06,4.100037234818339e-06
2877.0,0.05094621819553286,0.001624254312078012,0.0001315790065309081,0.000419170141616571,4.154354895750154e-06,4.241969775778324e-06,4.128143706145883e-06
2878.0,0.05037527750727749,0.001780409807498752,0.000142538663612817,0.0004192633715082841,4.210028118771568e-06,4.219535897564062e-06,4.196125729067544e-06
2879.0,0.05417528224150148,0.00155910965125596,0.0001319612038571162,0.0004191843749175493,4.377984774618693e-06,4.345407127082693e-06,4.320447146874646e-06
2880.0,0.05141668011609375,0.001567382532766333,0.0001402211219635178,0.00041909370340482,4.313135231435192e-06,4.275566425848749e-06,4.308654129827781e-06
2881.0,0.0505563098470394,0.001504849955966338,0.0001348981949720968,0.0004190545911931984,4.246360633556119e-06,4.268525032086387e-06,4.24890995931442e-06
2882.0,0.05070647961009066,0.001585132247454872,0.0001375835153665448,0.0004189946791308833,4.203831004290626e-06,4.283580490109185e-06,4.204967793745391e-06
2883.0,0.05137368054898614,0.001533309894403577,0.0001357961658175469,0.0004189182448524423,4.219568410810997e-06,4.277614798165908e-06,4.206202711603061e-06
2884.0,0.04898444518158291,0.0013580265240652,0.0001312487729820696,0.0004188673094688087,4.170615330165945e-06,4.220052341529178e-06,4.174003871783955e-06
2885.0,0.04863522693675092,0.001288374060287421,0.0001260305841293498,0.0004188146021556807,4.122579373303687e-06,4.186974581114346e-06,4.112730589772362e-06
2886.0,0.04899562894862247,0.001226987462057769,0.0001267910345915467,0.0004187453233790907,4.160067571451464e-06,4.205883333889409e-06,4.103779227039782e-06
2887.0,0.04951615882552542,0.001392437928812751,0.0001288724950545887,0.000418657627367779,4.145519171523485e-06,4.20957632172954e-06,4.134040246983744e-06
2888.0,0.04836950183342844,0.001368523664838753,0.000129393590935367,0.0004185840816828424,4.144361215876237e-06,4.181057002842734e-06,4.118725767584454e-06
2889.0,0.04915453775063715,0.001363609883497213,0.0001254525069914746,0.0004184946223328674,4.112366395136238e-06,4.188293328717203e-06,4.097278201458663e-06
2890.0,0.0514330261848417,0.001624778178191575,0.0001336291414792438,0.0004183826601992496,4.143142460575109e-06,4.2260836606004e-06,4.187636120851405e-06
2891.0,0.05035430822917526,0.001608500986042156,0.000134324023992793,0.0004182771653869376,4.226054644932064e-06,4.236833472219958e-06,4.231936294898257e-06
2892.0,0.04982684850754064,0.00172114741516481,0.0001393013484240876,0.0004181662414119755,4.168960684497349e-06,4.20983955808838e-06,4.208395968964713e-06
2893.0,0.05023380629686737,0.001578247136440876,0.0001363183609962717,0.0004180265795618738,4.172628018906241e-06,4.195986505457479e-06,4.150188817775986e-06
2894.0,0.05009304306290144,0.00154164373318071,0.0001348835015135218,0.0004178916242680999,4.202032420178489e-06,4.261143843342362e-06,4.221900194639054e-06
2895.0,0.05032408829608943,0.001372691154695712,0.0001278845936176179,0.0004177177196983715,4.213654858689132e-06,4.299769027560647e-06,4.22596209140322e-06
2896.0,0.05103301918344343,0.001452489594247157,0.0001301505681554958,0.0004175235683826458,4.225733141323226e-06,4.319902839674852e-06,4.174214197345296e-06
2897.0,0.05180830299164989,0.00142484393571284,0.0001290561219111335,0.0004173479792041525,4.227859796188955e-06,4.324238134104152e-06,4.218519943959931e-06
2898.0,0.05129359062789959,0.001485246686431363,0.0001329360968422697,0.0004172022891485851,4.244177514665342e-06,4.297922450684552e-06,4.25352721001057e-06
2899.0,0.05117146901483207,0.001562893671557223,0.0001308178683980626,0.0004170150323653742,4.207763649983336e-06,4.266358851167888e-06,4.285724753875912e-06
2900.0,0.05145005983336094,0.001628815105256338,0.0001334886780253656,0.0004167772714190298,4.217974426555076e-06,4.258554305034817e-06,4.28764709991694e-06
2901.0,0.05091111411706614,0.001684815397659362,0.0001373687236556633,0.0004165069612509936,4.189144078834454e-06,4.227349916983898e-06,4.23825597462144e-06
2902.0,0.04907178049467701,0.001502568511678908,0.000129347770711817,0.0004162679945539531,4.13103592811459e-06,4.218399365869925e-06,4.208181958638308e-06
2903.0,0.04888319847639207,0.0013821074223134,0.0001279611530874331,0.0004160088244838789,4.104292951061615e-06,4.216503536676559e-06,4.202540166940858e-06
2904.0,0.04864624848609285,0.001325782503554861,0.0001289235366052273,0.000415766271686743,4.134894836033927e-06,4.219514819204202e-06,4.218092134646245e-06
2905.0,0.04913638026139071,0.001475485484399152,0.0001294400442685652,0.0004154967742509901,4.110776550384339e-06,4.23646613562293e-06,4.217313476915434e-06
2906.0,0.04897526325908873,0.001479674342881158,0.0001304332653115861,0.0004152372368054359,4.114323375474003e-06,4.251111913647697e-06,4.250841873795283e-06
2907.0,0.04972203331384407,0.001483054963183854,0.0001292516565404303,0.0004149798352968519,4.120827930000238e-06,4.231933018177369e-06,4.254761128890951e-06
2908.0,0.04865971413709731,0.001331350043392136,0.0001263425526452361,0.0004147350403637686,4.130407182739787e-06,4.209920222064402e-06,4.19767905803814e-06
2909.0,0.04835356298546074,0.001351596832436294,0.0001232393060040465,0.0004145144669002552,4.108760164891029e-06,4.214704947342969e-06,4.195786794933869e-06
2910.0,0.0487723267435578,0.001292341566569364,0.0001262775834062242,0.0004142964339551063,4.107127095626078e-06,4.207460110573489e-06,4.251020613772597e-06
2911.0,0.05005994285119526,0.001519056114294549,0.0001274004090042325,0.0004141221065306166,4.158387200388091e-06,4.224121072420927e-06,4.264145412319209e-06
2912.0,0.05095656921262843,0.001496552730586821,0.0001308830975660014,0.0004138973840000324,4.162595377602009e-06,4.238699165828035e-06,4.286856842809206e-06
2913.0,0.05027002647569861,0.00158993373614005,0.0001308875124658191,0.0004136748777939628,4.150268399815905e-06,4.257005758230149e-06,4.284794433360921e-06
2914.0,0.04949949222885019,0.0013619290880556,0.0001257575310624413,0.0004134387224853129,4.164311350657355e-06,4.234069545419563e-06,4.268681253308505e-06
2915.0,0.04865422918648393,0.001417954662863263,0.0001228887296469173,0.000413188393550391,4.098277448738586e-06,4.235646272823041e-06,4.215251581600959e-06
2916.0,0.04876587321677001,0.001395950151764,0.0001274388972495033,0.0004129676062375241,4.119256077501201e-06,4.234272779495651e-06,4.240988151453726e-06
2917.0,0.05071662822248802,0.001499142240534031,0.000124804563031862,0.0004127454382773109,4.137243783651363e-06,4.262739379195182e-06,4.279026890364973e-06
2918.0,0.0497258267011076,0.001482217062161322,0.0001307637189090296,0.0004125619464679217,4.198389128604454e-06,4.246899840171801e-06,4.293408634440032e-06
2919.0,0.05113938720608087,0.001470553612411712,0.0001274862836035255,0.0004123365789763319,4.218121268239466e-06,4.282054769142692e-06,4.320469672774984e-06
2920.0,0.04981062133702482,0.001311208703110056,0.0001265207514216432,0.0004121195751361193,4.181032176489617e-06,4.253168790720683e-06,4.311029127246148e-06
2921.0,0.05072403881162942,0.001447832364312348,0.0001286662423611702,0.000411903033655227,4.224345326546475e-06,4.291389426798634e-06,4.264091129235611e-06
2922.0,0.05137132649874204,0.001327190747380621,0.0001269516344331473,0.0004116949642369163,4.22326876443975e-06,4.254561197257537e-06,4.243153287571379e-06
2923.0,0.05134516176877045,0.001532274236527412,0.0001270278474913828,0.0004115179506301912,4.262404529965616e-06,4.309521056592175e-06,4.289946870732259e-06
2924.0,0.04940955018649889,0.001323447391128591,0.0001241015313475795,0.0004113391940598239,4.194544081986971e-06,4.249628359255299e-06,4.267963455637672e-06
2925.0,0.04950495637214538,0.001432625415796895,0.0001265712043709372,0.0004112025582574336,4.233889499708327e-06,4.226335833371872e-06,4.300309115534325e-06
2926.0,0.04845405919212583,0.001313679243457893,0.0001253944505797907,0.0004110829855822659,4.239937803035121e-06,4.174953946698178e-06,4.24921101481484e-06
2927.0,0.04845392983669257,0.001293269175518147,0.0001221661094567889,0.0004109419213515301,4.168801971804938e-06,4.176060486772384e-06,4.228756877205261e-06
2928.0,0.0478986583036714,0.001304936458759568,0.0001245903453631115,0.0004108093106657926,4.198626955160456e-06,4.166367083985371e-06,4.214392956409023e-06
2929.0,0.04951297772872975,0.001439565153627848,0.0001246294913418832,0.0004106767449567371,4.246432787556471e-06,4.211771352992521e-06,4.278708820456439e-06
2930.0,0.05022500036750367,0.001436762104016033,0.0001263629725650253,0.0004105496340545158,4.225242883530356e-06,4.252818447407469e-06,4.274800227561725e-06
2931.0,0.05128487759160123,0.001401347498481209,0.00012606720245811,0.0004104427930845988,4.249252656420269e-06,4.289213960675422e-06,4.337626025118097e-06
2932.0,0.05028813257544998,0.001446581024861394,0.0001270520747417988,0.0004103453688628598,4.241450558842789e-06,4.2485098041579e-06,4.282730573732385e-06
2933.0,0.04882215209489533,0.001406772617962547,0.0001296589652128769,0.000410273990206885,4.272490349112701e-06,4.211315357718954e-06,4.254841951044087e-06
2934.0,0.04886147024523843,0.001475031299411814,0.000126061921958792,0.0004102411909621016,4.270556052962415e-06,4.218509239101084e-06,4.238501948956077e-06
2935.0,0.0498910683578845,0.001476988837749499,0.000127422696337954,0.0004102004248961952,4.247866259524458e-06,4.209604923850306e-06,4.278486708542411e-06
2936.0,0.04932807051800614,0.001496910903819717,0.0001263425421562499,0.0004101786575007878,4.311430185885933e-06,4.243830238297883e-06,4.283347393504984e-06
2937.0,0.04909645962518009,0.001457596908313125,0.0001262954365522046,0.0004101929062623895,4.313719443126933e-06,4.210097785764632e-06,4.309789081057372e-06
2938.0,0.0486024121500056,0.001420683753235684,0.0001252082567685944,0.000410224517631986,4.296900132539045e-06,4.183069965867986e-06,4.239362623660679e-06
2939.0,0.0498813515202655,0.001349021813988398,0.0001257908344538305,0.000410249843270895,4.322174745105657e-06,4.207312258584096e-06,4.265399919780226e-06
2940.0,0.04948772094082791,0.001442842899142697,0.000127805505346249,0.0004102987255775593,4.295864203013952e-06,4.219710362175096e-06,4.274049953693783e-06
2941.0,0.04966300167656244,0.001521529535310906,0.0001298021642800605,0.0004104031369452536,4.32598668476757e-06,4.229649637087995e-06,4.284178680522316e-06
2942.0,0.05115660698914389,0.001521788482467859,0.0001309705922396963,0.0004104873304664437,4.367338551494398e-06,4.292671619073187e-06,4.287313591056608e-06
2943.0,0.05220673191088948,0.001457975762240272,0.0001309798566657059,0.0004105744993994976,4.401216255866688e-06,4.33760570455385e-06,4.418716889408128e-06
2944.0,0.05259602427517383,0.001658225434963798,0.0001336428474855544,0.000410662273272163,4.445248159336703e-06,4.365047870559213e-06,4.401200160152759e-06
2945.0,0.05078581479619736,0.001465237485811259,0.000130421613199583,0.0004107744214134501,4.367168389093511e-06,4.243575225624817e-06,4.304956418331264e-06
2946.0,0.04994287802626934,0.001544551844381133,0.0001307694175346484,0.0004109443963718067,4.361457104023605e-06,4.241004901628706e-06,4.256954315660446e-06
2947.0,0.05116206998207204,0.001492959780977575,0.0001307926623910436,0.0004111032551208644,4.386973955829296e-06,4.243065459144961e-06,4.333018461665761e-06
2948.0,0.05182004028200553,0.001468258037271533,0.0001294524048126815,0.0004112781819670129,4.412228722661215e-06,4.272448904364078e-06,4.315474395744497e-06
2949.0,0.05186816758319877,0.001740579031907034,0.0001373401205429543,0.0004114867581723205,4.433686651677711e-06,4.289821258044716e-06,4.352714940593487e-06
2950.0,0.05253532322744034,0.001679371993971327,0.0001369020341480913,0.0004117114369361575,4.424049672318545e-06,4.334245626122115e-06,4.311370501246008e-06
2951.0,0.05339374496760164,0.001512127196469706,0.0001319041781794164,0.0004119233212858951,4.427821573631966e-06,4.37801569756753e-06,4.378939977193524e-06
2952.0,0.05198118261041912,0.001679910657551306,0.000136432528800299,0.0004121348327265198,4.4700475435658e-06,4.362754774660365e-06,4.388353569852313e-06
2953.0,0.04995473432965996,0.001574261854525293,0.0001328742339137547,0.0004123611761341653,4.415180409502897e-06,4.262784048094162e-06,4.333197112739522e-06
2954.0,0.05118435215038345,0.001492594941984274,0.0001317861532982666,0.0004126017671017727,4.403557240692071e-06,4.26029308320534e-06,4.24792787686278e-06
2955.0,0.05172618552295029,0.001564662192008745,0.0001369684430799236,0.000412856978163671,4.449868416522558e-06,4.297941087450034e-06,4.377944921334349e-06
2956.0,0.05315022547462539,0.001596660905439536,0.0001364165690124112,0.0004131073252374421,4.491736071133533e-06,4.306086070750833e-06,4.404294681985157e-06
2957.0,0.05155660594203382,0.001359317252153863,0.0001345644871478074,0.0004133703490888709,4.46865064133436e-06,4.291197007486334e-06,4.381728152918118e-06
2958.0,0.051890686481708,0.001554598891811844,0.0001394017050586251,0.000413631906292603,4.467286559541788e-06,4.32788916071996e-06,4.351866274121382e-06
2959.0,0.05146423219751797,0.00153483683888132,0.000137262997024928,0.0004138692837059294,4.426809191455651e-06,4.308251523095813e-06,4.376408315857158e-06
2960.0,0.05049431233678617,0.00146121746433838,0.000133726000524683,0.0004141180095422178,4.44088263581865e-06,4.303343337326328e-06,4.345079884921267e-06
2961.0,0.05093712592301348,0.001331036006333818,0.0001328770329148221,0.0004143649198519154,4.418448623787496e-06,4.283322142298106e-06,4.322229860939588e-06
2962.0,0.05126327155181314,0.001652149503907217,0.0001382967783447117,0.0004146411657242882,4.466114256851494e-06,4.332090393296194e-06,4.350562165037457e-06
2963.0,0.0516637500333483,0.001518532947568933,0.0001373709172589536,0.0004148713752219726,4.47483320034008e-06,4.344797300998794e-06,4.370544863734703e-06
2964.0,0.05083815152738138,0.001643132046807184,0.0001387245472111098,0.0004150791336955291,4.471139607368583e-06,4.327355424593854e-06,4.381514759714891e-06
2965.0,0.05042896285784134,0.001471420598020284,0.0001352266750216018,0.0004153007833772983,4.46402385186108e-06,4.290575856151043e-06,4.330076304498165e-06
2966.0,0.05072224190623782,0.0014842442012002,0.000135795610482328,0.0004155274125742475,4.472297706418928e-06,4.291604920982301e-06,4.324453272236698e-06
2967.0,0.05079405675975658,0.00147725886764233,0.0001359380541268512,0.0004157443072665529,4.451489066394796e-06,4.308797408320605e-06,4.352655877929918e-06
2968.0,0.05165670246348105,0.001611428768734205,0.0001404444071488516,0.0004159607450180219,4.480670595391031e-06,4.325020456472791e-06,4.389959544341499e-06
2969.0,0.05224327099174139,0.001436852528303246,0.00013668283200295,0.0004161551459603507,4.48960674450279e-06,4.29763704519633e-06,4.43225060312561e-06
2970.0,0.05216086219473378,0.001389570257853435,0.0001378807220514176,0.0004163335638932025,4.540456843793361e-06,4.34007284178375e-06,4.452215289546654e-06
2971.0,0.05222201685536754,0.001565524296737355,0.0001399975771162797,0.0004165263097120196,4.497628109697709e-06,4.362715166502147e-06,4.431055573011598e-06
2972.0,0.05264999660914037,0.001495680374181537,0.0001409010448933329,0.0004167128530734227,4.52706740773344e-06,4.348989646600993e-06,4.471360161401077e-06
2973.0,0.05159214496765564,0.00127861450023774,0.000137139895557362,0.0004169383740245457,4.528106972810467e-06,4.351785147667077e-06,4.469189305853894e-06
2974.0,0.05146235225470569,0.001491482887080895,0.0001393091592051354,0.0004171437984441288,4.495140914578205e-06,4.320478958125906e-06,4.424678325091067e-06
2975.0,0.0501781806008398,0.001536046113095959,0.0001405397795403792,0.0004173173966198057,4.484859948602619e-06,4.306613945283007e-06,4.389038097959065e-06
2976.0,0.0493851218746128,0.001602111322354141,0.0001422294022664612,0.0004174859851406735,4.474890142849636e-06,4.315719986858864e-06,4.400458482156376e-06
2977.0,0.05015340677841017,0.001417627930814054,0.0001362343829121761,0.0004176576626543054,4.47513480854336e-06,4.287707047226618e-06,4.381858765186364e-06
2978.0,0.0502463528263112,0.001432567961411182,0.0001368159624369373,0.0004178290545405358,4.48197128647408e-06,4.310730233041848e-06,4.392961772898674e-06
2979.0,0.0513217199537331,0.001443498352545177,0.0001404436639864473,0.0004179800537650966,4.498802845324269e-06,4.322278300657079e-06,4.434682217462588e-06
2980.0,0.05205478348593169,0.001249569628112322,0.0001388864868114918,0.0004181344836755009,4.573805020965724e-06,4.35178899208647e-06,4.521770016700678e-06
2981.0,0.05289815142104105,0.001535101524275263,0.0001406049917867973,0.0004182726747215825,4.595554368567077e-06,4.330996501375309e-06,4.522016883941312e-06
2982.0,0.05201573903884228,0.001513089533808188,0.0001430163648456101,0.0004184265860692656,4.547729641218923e-06,4.339322092261265e-06,4.493197500968079e-06
2983.0,0.05203428092267005,0.001565799152701335,0.0001428272334984949,0.0004185888181807602,4.517155827205216e-06,4.350758504148948e-06,4.528021651979995e-06
2984.0,0.05254809903393834,0.001521724927205593,0.0001409759097916514,0.0004187705240993286,4.577170672414542e-06,4.361552549245141e-06,4.546533161956989e-06
2985.0,0.05204641052548164,0.001438977542839592,0.0001448080356370435,0.0004189350988067561,4.535577468755502e-06,4.386946980054992e-06,4.543261622734297e-06
2986.0,0.05159816086454364,0.001496949158466428,0.0001404953071031555,0.0004190651732036801,4.518813610485714e-06,4.344125736083733e-06,4.509922841021922e-06
2987.0,0.05117331103988672,0.001430061828274905,0.0001429032539485173,0.0004192259073112388,4.567946088123209e-06,4.331422843371475e-06,4.514997343569415e-06
2988.0,0.05128487387248989,0.001623921170367466,0.0001440487096842962,0.000419401677748142,4.571878679887642e-06,4.344920054888365e-06,4.497029515806654e-06
2989.0,0.05110230432923357,0.001299169708076284,0.0001378807075667979,0.0004195546386065123,4.521049284344112e-06,4.342541861613056e-06,4.492634377414639e-06
2990.0,0.05102409920672144,0.001453671388908195,0.00014157932439611,0.0004197397358853352,4.541361529696014e-06,4.335095958722241e-06,4.528729136818132e-06
2991.0,0.05077571757790188,0.001479280849927814,0.0001395537683873232,0.0004199245882761335,4.540611283917684e-06,4.330664951216491e-06,4.488585276881376e-06
2992.0,0.05054202036904943,0.001439439304682172,0.0001393958538915172,0.0004201040274432828,4.496593797724416e-06,4.347502601240119e-06,4.487370747258297e-06
2993.0,0.05050143440259403,0.001389917198495674,0.0001378636669896126,0.0004202805637779109,4.506369459437025e-06,4.337459816683686e-06,4.516521009112656e-06
2994.0,0.05288763356802003,0.001368112736369517,0.0001375669339655212,0.0004204529364650675,4.508456234016317e-06,4.364889842165533e-06,4.53854596022019e-06
2995.0,0.05254817979872548,0.001530362419323981,0.0001441667974256875,0.0004206215604968696,4.553854203358254e-06,4.397083018086218e-06,4.631561132286977e-06
2996.0,0.05274549469320707,0.001496493072263246,0.0001425291943466555,0.0004208123304860222,4.645780396463382e-06,4.397638829975926e-06,4.612134077324099e-06
2997.0,0.05235276087732792,0.001545304927488234,0.0001459179493190046,0.0004209442689401479,4.646830815574808e-06,4.412283630470791e-06,4.593507861649228e-06
2998.0,0.05060845427084883,0.001239504750166034,0.0001365618531376842,0.0004210999726186437,4.551045532987267e-06,4.356961044663472e-06,4.533115806259926e-06
2999.0,0.0503981253874525,0.00136843122062818,0.0001389497630157839,0.0004212857841818832,4.547960774452802e-06,4.34963777180318e-06,4.536980398770354e-06
3000.0,0.05124173259744795,0.001434447836203309,0.0001405397429735689,0.0004215419769638955,4.581280724396926e-06,4.393751051817099e-06,4.598191642314887e-06
