native_iteration,total_liquid_mass_kg,phase2_steamoutlet_flux_kg_s,ewf_film_mass_kg,active_ewf_wall_geometric_area_m2_static,ewf_wetted_area_m2_at_native_13586,ewf_velocity_area_weighted_average_m_s,ewf_maximum_film_thickness_mm
8586,63.02335540190473,-1.736546966818777,3.111232139629345,53.4369522992766,,46.3388993615908,0.3310326137579978
8587,63.01026986998372,-1.732248790398882,3.112044722100587,53.4369522992766,,46.3520481203734,0.3314263885840774
8588,63.00201525304729,-1.730208113981964,3.112856509306961,53.4369522992766,,46.36515697267551,0.3318095114082098
8589,62.99504402616031,-1.73157303179858,3.1136649716125,53.4369522992766,,46.37823646096763,0.3321820695418864
8590,62.99396483931449,-1.730059811229801,3.114471017803242,53.4369522992766,,46.39130732102359,0.33254415029659873
8591,63.00322167113563,-1.733811218343219,3.11527495087086,53.4369522992766,,46.40439051976431,0.3328958118800074
8592,63.01103163564228,-1.732031404950513,3.116079806146063,53.4369522992766,,46.41753637596816,0.3332371124997735
8593,62.99585135893046,-1.729246646423223,3.116888092059383,53.4369522992766,,46.43077406010726,0.3335681976750493
8594,62.99545584382086,-1.728290681863022,3.117700213506167,53.4369522992766,,46.44405282182277,0.3338891256134957
8595,62.98959815111267,-1.729821232563052,3.118512548205997,53.4369522992766,,46.45738188769338,0.3342000127304345
8596,62.97883731852628,-1.731959544380228,3.119322868711463,53.4369522992766,,46.47062509069499,0.3345009463373572
8597,62.97183875393416,-1.730557896412961,3.120128785013403,53.4369522992766,,46.48374988978252,0.3347919846419245
8598,62.98714601477617,-1.734651565796153,3.120930547823654,53.4369522992766,,46.4967854650002,0.3350732149556279
8599,62.97797160683809,-1.730038661633144,3.12173155751354,53.4369522992766,,46.50982539547968,0.3353447536937892
8600,62.97148771667928,-1.730130393610462,3.122532465450822,53.4369522992766,,46.52288123030566,0.3356066008564085
8601,62.99575378422111,-1.730560793457687,3.123333552761654,53.4369522992766,,46.53595637047857,0.3358589019626379
8602,63.006122664303,-1.72854042240327,3.124137411359544,53.4369522992766,,46.54912669875054,0.3361017152201384
8603,63.00961116327831,-1.732485542074927,3.12494428013614,53.4369522992766,,46.56237216193077,0.3363351570442319
8604,62.98760680400936,-1.731910644871383,3.125753249258919,53.4369522992766,,46.57569165217755,0.3365593147464097
8605,62.97008827256191,-1.727164747945944,3.126562929931282,53.4369522992766,,46.58901994046988,0.3367742465343326
8606,62.95588713440323,-1.72942223577285,3.127370295872861,53.4369522992766,,46.6023403454834,0.3369800688233227
8607,62.96149408474655,-1.725813214236976,3.128172695192517,53.4369522992766,,46.61551294419353,0.3371768689248711
8608,62.9592756421099,-1.726944154936847,3.128971002087718,53.4369522992766,,46.6285672938712,0.3373647341504693
8609,62.95125780169712,-1.728040911451098,3.129766021466896,53.4369522992766,,46.64155091309357,0.3375437518116087
8610,62.96492254983765,-1.734495325509219,3.130558713628705,53.4369522992766,,46.65450614095263,0.3377140092197806
8611,62.98076292852333,-1.731479397167457,3.131352376303821,53.4369522992766,,46.66749877089608,0.3378755645826459
8612,62.97695032761241,-1.729562843382796,3.132150144426401,53.4369522992766,,46.68057569973477,0.3380285634193569
8613,62.98883452600897,-1.727177626546787,3.132951581112371,53.4369522992766,,46.69373729780001,0.3381730057299137
8614,62.98417039959678,-1.731159454572079,3.133754457334151,53.4369522992766,,46.70695022885,0.3385005984455347
8615,62.98524577245412,-1.732342714215182,3.134558425775449,53.4369522992766,,46.72021261761531,0.3388416953384876
8616,62.98894485572882,-1.737811691111189,3.135364687330447,53.4369522992766,,46.73353811713383,0.3391746431589127
8617,62.97233350024536,-1.729403767814423,3.136171227244925,53.4369522992766,,46.74683626066126,0.3394994419068098
8618,62.96601320658185,-1.729614656698217,3.136972254654143,53.4369522992766,,46.75998907738831,0.33981614978984
8619,62.96309430624861,-1.729189237328296,3.137768406028566,53.4369522992766,,46.77304940230913,0.3401248541194946
8620,62.96791038801641,-1.728735473529796,3.138562135284338,53.4369522992766,,46.78607355204225,0.340425583999604
8621,62.97415635617908,-1.730509318761438,3.139356361755348,53.4369522992766,,46.79912939334661,0.3407183976378292
8622,62.96797468363818,-1.733866742276323,3.140151873965154,53.4369522992766,,46.81224250164083,0.3410033532418311
8623,62.96721856315114,-1.731159304467429,3.140946734271192,53.4369522992766,,46.82539175122919,0.3412805090192705
8624,62.97215296787903,-1.727644044662818,3.141740823465207,53.4369522992766,,46.83858420307143,0.3415499231778085
8625,62.9762296161357,-1.724811852979922,3.142535863861587,53.4369522992766,,46.85180659087739,0.3418116830289364
8626,62.98338114546843,-1.730859267300679,3.143332108350056,53.4369522992766,,46.86502487783534,0.3420658176764846
8627,62.97624290448691,-1.731534565782849,3.144130345963986,53.4369522992766,,46.87828120408384,0.3423124144319445
8628,62.9689986191402,-1.731229541937433,3.144929781502519,53.4369522992766,,46.8915086124174,0.3426770272199064
8629,62.95768397196714,-1.728300613014412,3.145727437089893,53.4369522992766,,46.90465752272613,0.3431899531278759
8630,62.96935455374727,-1.735454492913416,3.146520318504684,53.4369522992766,,46.91771572837121,0.3436910919845104
8631,62.95897989101046,-1.731937744123371,3.147309688661907,53.4369522992766,,46.93074189556884,0.3441805602051318
8632,62.95879038974013,-1.728768885164085,3.148098497168111,53.4369522992766,,46.9437662852428,0.3446583868935704
8633,62.96171652592139,-1.72833960784044,3.14888649178113,53.4369522992766,,46.9567961734614,0.3451246884651482
8634,62.97642603210396,-1.736907590389744,3.149676119267175,53.4369522992766,,46.9698804245186,0.3455794940236956
8635,62.96634288089134,-1.731460729968819,3.150468269662169,53.4369522992766,,46.98304851788746,0.3460229490883648
8636,62.95416080047604,-1.728354176385005,3.151262613258313,53.4369522992766,,46.99629058580953,0.3464550827629864
8637,62.94462987144807,-1.731422530123424,3.152055855158901,53.4369522992766,,47.00957645382466,0.3468759823590517
8638,62.96310184395195,-1.735963909644328,3.152845398033763,53.4369522992766,,47.02276402396559,0.347285793395713
8639,62.9631732465226,-1.725315753634273,3.15363311556513,53.4369522992766,,47.03588472667739,0.3476845740806311
8640,62.98208330407572,-1.735825737504217,3.15442028505411,53.4369522992766,,47.04893867295422,0.3480723826214671
8641,62.97052822451968,-1.735163321392046,3.155208860459551,53.4369522992766,,47.06200667892919,0.3484493354335427
8642,62.96064118974417,-1.734922821690821,3.155999384728519,53.4369522992766,,47.07508920140851,0.3488155198283494
8643,62.95929772520405,-1.728013804425311,3.156788612748456,53.4369522992766,,47.08815875532935,0.3491709940135479
8644,62.95576429083947,-1.728666651910455,3.157575182402698,53.4369522992766,,47.10122152975027,0.3495158744044602
8645,62.95884194918045,-1.729385130634,3.158360573558083,53.4369522992766,,47.11430173153005,0.3498501901049167
8646,62.94774156629335,-1.729718717234623,3.159146449525417,53.4369522992766,,47.1274258059866,0.3501740866340697
8647,62.92914458055262,-1.72988306328736,3.159933092662709,53.4369522992766,,47.14062268705622,0.3504875930957496
8648,62.94677339149248,-1.737724665389945,3.160716743300794,53.4369522992766,,47.15374072538281,0.3507908841129392
8649,62.97145365690166,-1.727964851774947,3.161497827537395,53.4369522992766,,47.16682103731871,0.351083988789469
8650,62.96349578664535,-1.731984884957273,3.162279469324685,53.4369522992766,,47.17987277980611,0.3513670526444912
8651,62.96864694933291,-1.731851330375553,3.163063772264461,53.4369522992766,,47.19291349037474,0.3516401629894972
8652,62.97321381641233,-1.733270846176906,3.16385025543085,53.4369522992766,,47.20597051928348,0.3519033780321479
8653,62.95928313472179,-1.730561736478013,3.16463840061163,53.4369522992766,,47.219065711695,0.3521567850839347
8654,62.94377568385286,-1.735410484103643,3.165426032994285,53.4369522992766,,47.23219337718905,0.3524004714563489
8655,62.94778439200844,-1.731680110786661,3.16621024733955,53.4369522992766,,47.24532458338232,0.3526344953570515
8656,62.96898228298441,-1.73680738029379,3.166989538276666,53.4369522992766,,47.25843373033268,0.3528590314090252
8657,62.98046489520346,-1.735240457293154,3.167767071747279,53.4369522992766,,47.27159579667261,0.3530741087161005
8658,62.98972129107629,-1.733375720272899,3.168546500822474,53.4369522992766,,47.28474543032083,0.3532798145897686
8659,62.99146839296439,-1.733628347208985,3.169331410594597,53.4369522992766,,47.2979016672824,0.3534762945491821
8660,62.9999882102886,-1.739241721582271,3.170119718117748,53.4369522992766,,47.3110431054001,0.3536636068020016
8661,62.99180331087852,-1.733348264201087,3.170910140073152,53.4369522992766,,47.32420470353279,0.3538418677635491
8662,62.97555386895783,-1.73086432246632,3.171699073696635,53.4369522992766,,47.33735120714948,0.3540111356414855
8663,62.96648556390457,-1.730162353908568,3.172479714519165,53.4369522992766,,47.35042467483122,0.3541715268511325
8664,62.96142811658729,-1.732410107068069,3.17325312570085,53.4369522992766,,47.3634479607139,0.3543230704963207
8665,62.96550707835392,-1.731779952045263,3.174024692535962,53.4369522992766,,47.37647492144674,0.3544659120962024
8666,62.98834204810516,-1.735054799963938,3.174800646721184,53.4369522992766,,47.38959178995279,0.3547720843926072
8667,62.9868929570703,-1.734411879014192,3.175582464549624,53.4369522992766,,47.40285625252314,0.3550864348653704
8668,62.99872497744052,-1.740990604465368,3.176366305071264,53.4369522992766,,47.41609338776102,0.3553889400791377
8669,62.98694894930173,-1.730220626759241,3.177148068972163,53.4369522992766,,47.42922264370172,0.3556797746568918
8670,62.97333889884152,-1.730405134705906,3.177927047154305,53.4369522992766,,47.44226271261497,0.3559589968062937
8671,62.97037844049485,-1.734123131305759,3.178702165159807,53.4369522992766,,47.45524585640698,0.3562267811503261
8672,62.97483416152602,-1.734929663999726,3.179475124837441,53.4369522992766,,47.46821913895925,0.3564832150004804
8673,62.96862186036554,-1.728708581692478,3.180247020954746,53.4369522992766,,47.48121894100804,0.3567283565644175
8674,62.95748259762883,-1.735695904526308,3.181018886928038,53.4369522992766,,47.49427343459173,0.3571486158762127
8675,62.9608712265482,-1.729651958912267,3.181791401254516,53.4369522992766,,47.50737412331205,0.3576917806640267
8676,62.98993177873032,-1.733574669021787,3.182565547221731,53.4369522992766,,47.52051626465398,0.3582225472200662
8677,62.97162953172086,-1.732495208670857,3.183344217120019,53.4369522992766,,47.53378173932836,0.3587410901673138
8678,62.95620797431049,-1.732293216146449,3.184126388072614,53.4369522992766,,47.54706668962735,0.359247496817261
8679,62.94879692094972,-1.733382172904691,3.184906221717169,53.4369522992766,,47.56023423616941,0.3597418253775686
8680,62.96233481173318,-1.737433115652839,3.18568112213633,53.4369522992766,,47.57329841402836,0.360224221367389
8681,62.95785953583156,-1.729645957673086,3.18645249666324,53.4369522992766,,47.58632548835627,0.360694742994383
8682,62.96110678323641,-1.729686636340007,3.18722211253951,53.4369522992766,,47.59934032894631,0.361153477570042
8683,62.9734965524223,-1.73410062296186,3.187991838292014,53.4369522992766,,47.61238724155052,0.3616005124058574
8684,62.97230661030451,-1.737387739281445,3.188763560648951,53.4369522992766,,47.62551988534454,0.3620359348133206
8685,62.97871200324195,-1.733217169593855,3.189536387064124,53.4369522992766,,47.63871569010247,0.3624598612077534
8686,62.99330122353651,-1.735386912418958,3.190308739732255,53.4369522992766,,47.65193370448401,0.3628724080044776
8687,62.9853562174971,-1.73550267182091,3.191081792073378,53.4369522992766,,47.66519258109476,0.3632736625149846
8688,62.99483308981531,-1.735334259429463,3.191855785684227,53.4369522992766,,47.67842302734841,0.3636637411545962
8689,62.98324283283331,-1.732103735975788,3.192630109620138,53.4369522992766,,47.69163688954401,0.3640427603386343
8690,62.97599582911592,-1.737004483072152,3.193402175899372,53.4369522992766,,47.70474995081153,0.3644107491709292
8691,62.9791831994981,-1.733337200584562,3.194172921309017,53.4369522992766,,47.71784107052807,0.36476788227446383
8692,62.97393485443274,-1.731805027019222,3.194944210378755,53.4369522992766,,47.7309791756408,0.365114159649238
8693,62.98072091410216,-1.732162460430036,3.195714946287331,53.4369522992766,,47.7441241148145,0.3654497559182346
8694,62.97201638187334,-1.732815683077015,3.196485127704405,53.4369522992766,,47.75728509060627,0.3657747583929449
8695,62.98668886634439,-1.736166685826448,3.197255088553018,53.4369522992766,,47.77046364494837,0.3660892543848604
8696,62.97240532709359,-1.731810258973684,3.198024136605539,53.4369522992766,,47.78366151423583,0.3663933312054724
8697,62.97747330175389,-1.733469192261892,3.198791148679314,53.4369522992766,,47.79680536700013,0.3666871343739331
8698,62.99545862323802,-1.736340617366765,3.199555924224414,53.4369522992766,,47.80992498095762,0.3669707220979035
8699,63.01046247305939,-1.732905022529147,3.200320689305387,53.4369522992766,,47.82305013968269,0.3672442398965359
8700,63.01446985399811,-1.72955617344049,3.201087532273101,53.4369522992766,,47.83621462954004,0.3675077459774911
8701,63.01071106729452,-1.731290446857126,3.201858331273748,53.4369522992766,,47.84947379181497,0.3677613567560911
8702,62.98473172413672,-1.735460586141956,3.20263084981122,53.4369522992766,,47.86273150794685,0.3680051304399967
8703,62.9596491632223,-1.72917315054188,3.203400745227463,53.4369522992766,,47.87593056823181,0.3682392125483602
8704,62.95876290584211,-1.731211136680369,3.204164479251324,53.4369522992766,,47.88903585670114,0.3684636612888426
8705,62.96802709515611,-1.733802399246115,3.204924040518284,53.4369522992766,,47.90208902928193,0.3686785930767655
8706,62.99197396452441,-1.737604063784072,3.205683381935387,53.4369522992766,,47.91512853182432,0.3688840952236205
8707,62.99388738659491,-1.732209372488051,3.206444953216779,53.4369522992766,,47.92820333084185,0.3690803132485598
8708,63.0052473517846,-1.734210146673686,3.207208736994277,53.4369522992766,,47.94130036757927,0.3692672762554139
8709,63.00969189670053,-1.736149400964974,3.207974630610151,53.4369522992766,,47.95443508393208,0.369445129763335
8710,62.98370472393423,-1.735588568377367,3.208742458731219,53.4369522992766,,47.96766175785645,0.3696139610838145
8711,62.96233207461135,-1.730686162164341,3.209508971453033,53.4369522992766,,47.98089057871601,0.3697738284245133
8712,62.959564102545,-1.733748431005466,3.210269296789726,53.4369522992766,,47.99400428526319,0.3699248482007533
8713,62.98417502262217,-1.734685203826358,3.21102489565759,53.4369522992766,,48.00702911785174,0.3700671368278563
8714,62.98757656756197,-1.732002751771963,3.211779614856429,53.4369522992766,,48.0200356861338,0.3702007234096527
8715,62.99415100993508,-1.735422599612309,3.212535772021682,53.4369522992766,,48.03305317038171,0.3703257825691253
8716,62.99150938581254,-1.733658274762229,3.213295812263978,53.4369522992766,,48.04613577518067,0.3704423434101045
8717,62.97853561826626,-1.730764707819923,3.214059994350456,53.4369522992766,,48.05925511676841,0.3705505223479122
8718,62.96287437656569,-1.735313449212586,3.21482163863188,53.4369522992766,,48.07237923869657,0.3706504357978702
8719,62.95940089477926,-1.729879006792137,3.21557817009785,53.4369522992766,,48.08544550642332,0.3707421419676393
8720,62.98740507418144,-1.736376539666812,3.216331456955532,53.4369522992766,,48.09847908338566,0.3708257281687111
8721,62.98266699760359,-1.733465790304173,3.217086617429049,53.4369522992766,,48.11158923045205,0.3709012817125767
8722,62.98391559895848,-1.736913233833166,3.217844306254253,53.4369522992766,,48.12473998501342,0.3709688899107277
8723,62.98963751990824,-1.734858646705929,3.218603181145111,53.4369522992766,,48.13789332911717,0.3710286691784859
8724,62.98912757120402,-1.73366693981421,3.219363429512441,53.4369522992766,,48.15103470943,0.3710807068273425
8725,62.98554517773108,-1.733753831572257,3.22012195959723,53.4369522992766,,48.16411037942007,0.371125090168789
8726,62.98361286846031,-1.73033184332077,3.220875171454722,53.4369522992766,,48.17710963624553,0.3711618774104863
8727,62.99413292602996,-1.732633877549024,3.221624109193562,53.4369522992766,,48.19008094271149,0.3711911558639258
8728,63.02128547620563,-1.737669533900458,3.222374392424253,53.4369522992766,,48.20310798252684,0.3712130419444293
8729,63.00816108492073,-1.735033296603649,3.223132459880492,53.4369522992766,,48.21628429585639,0.37158522172831
8730,63.02417265508532,-1.738522458392997,3.223895928680125,53.4369522992766,,48.22956397240237,0.3719781525433064
8731,62.99835228108706,-1.730400593471026,3.224660263997283,53.4369522992766,,48.24291586928108,0.3723617701325566
8732,63.00377225273098,-1.738367976143019,3.225421540534706,53.4369522992766,,48.25618121923553,0.3727361035998911
8733,62.99414032562072,-1.734620497286461,3.226178268502681,53.4369522992766,,48.26935896590987,0.3731012402568012
8734,63.00791437884466,-1.740385869465513,3.226930777872672,53.4369522992766,,48.28242696924377,0.3734572674147785
8735,63.02393488353432,-1.736785415698404,3.227679914004709,53.4369522992766,,48.2954510885584,0.3738042432814837
8736,63.01895371359532,-1.737626117207791,3.228428955197054,53.4369522992766,,48.30850324591791,0.3741421969607472
8737,63.02060684592697,-1.738935781426929,3.229181206410949,53.4369522992766,,48.32164016320029,0.3744711866602302
8738,63.0113193015849,-1.732015709510609,3.229937964683519,53.4369522992766,,48.3348576252975,0.3747912996914238
8739,63.01274704697423,-1.736245014382509,3.230696096004372,53.4369522992766,,48.34809208307316,0.3751026524696499
8740,63.01791015257282,-1.73865932959206,3.231453102896219,53.4369522992766,,48.3613307740315,0.375405274098739
8741,63.02793831239275,-1.74031302656312,3.232207823979795,53.4369522992766,,48.37452651429833,0.3756992518901825
8742,63.01320059180429,-1.736878741816923,3.232960728090559,53.4369522992766,,48.38769063013612,0.3759847022593021
8743,62.98586980234668,-1.730205503347263,3.233713208007543,53.4369522992766,,48.40088037239757,0.376261625206098
8744,62.98001435634349,-1.733864188387783,3.234463921830103,53.4369522992766,,48.41401835807217,0.3765301371458918
8745,63.00313499936859,-1.740318144802457,3.235211492192715,53.4369522992766,,48.42710942100056,0.3767902671825141
8746,63.03402616116841,-1.73981774069087,3.235958548200032,53.4369522992766,,48.44020485599975,0.3770421608351171
8747,63.02619799562913,-1.735082508053494,3.236708891664954,53.4369522992766,,48.45333212303299,0.3772858181037009
8748,63.00405799220717,-1.738804616496258,3.237460564574291,53.4369522992766,,48.46648086486911,0.3775213262997568
8749,62.99371692613808,-1.736046164320442,3.238211088628969,53.4369522992766,,48.47960493702321,0.3777487727347761
8750,63.01231660226439,-1.739196817922368,3.238959006549583,53.4369522992766,,48.49270220872569,0.3779682156164199
8751,63.00614928525111,-1.733778642180086,3.239706449015234,53.4369522992766,,48.50582125771277,0.3781797422561795
8752,63.03637352511911,-1.743040867046791,3.240454190394034,53.4369522992766,,48.51893759365013,0.3783834108617157
8753,63.02105851216271,-1.739023605143378,3.24120412829104,53.4369522992766,,48.53210271756289,0.3785792796406895
8754,63.00776306807694,-1.738364007685646,3.241954969571145,53.4369522992766,,48.54528256670562,0.3787674359045923
8755,63.01741519751748,-1.73274562835349,3.242702290248731,53.4369522992766,,48.55842369906977,0.3789479378610849
8756,63.03124589072763,-1.739337611271274,3.243446775017354,53.4369522992766,,48.57156432390052,0.3791208728216588
8757,63.04246695671308,-1.737214630894667,3.244191625770414,53.4369522992766,,48.58468820208285,0.3792863280978054
8758,63.01687314616967,-1.734150801309067,3.244937752582693,53.4369522992766,,48.59783182532749,0.3794443618971854
8759,63.00767138527859,-1.736050709718171,3.24568432164562,53.4369522992766,,48.61098240049418,0.3795950033236295
8760,62.99706850166054,-1.737742546557437,3.246429247982951,53.4369522992766,,48.62416293454193,0.3797383687924594
8761,62.99983459766933,-1.736698828484589,3.247172917005894,53.4369522992766,,48.6372745737436,0.3798744583036751
8762,63.01940345834812,-1.732939921501566,3.247914093732537,53.4369522992766,,48.65031140244707,0.3800034464802593
8763,63.01945570269196,-1.730721740154332,3.248654195621464,53.4369522992766,,48.66332667157653,0.3801253333222121
8764,62.99905688806253,-1.734965615610701,3.249395691536273,53.4369522992766,,48.67638221145504,0.3802401770371944
8765,62.98497385127605,-1.735252690102358,3.250138453066966,53.4369522992766,,48.68942833465456,0.3803480649366975
8766,62.99728389426852,-1.737393176165753,3.250879575807017,53.4369522992766,,48.70244022924684,0.3804490843322128
8767,63.0044348967417,-1.734463791127758,3.251620791859875,53.4369522992766,,48.71548892126263,0.3805432643275708
8768,63.02446327252563,-1.738928678383071,3.252361741501327,53.4369522992766,,48.72856891103483,0.3806307213380933
8769,63.01593190538176,-1.734826458903115,3.25310262388173,53.4369522992766,,48.74169060205242,0.3807115135714412
8770,63.02220581293084,-1.736371903612083,3.253844627634431,53.4369522992766,,48.75484611329831,0.3807856992352754
8771,63.01898149792572,-1.736978588537348,3.254588267331505,53.4369522992766,,48.76805664055947,0.3808533074334264
8772,63.02778978227528,-1.741330400531096,3.255332496008324,53.4369522992766,,48.78123237275901,0.380914454581216
8773,63.01365210416308,-1.732269849038186,3.256076317212028,53.4369522992766,,48.79438805870443,0.3809691697824746
8774,63.00326151004003,-1.734711248090574,3.25681732278458,53.4369522992766,,48.80746904983501,0.3810175112448633
8775,62.99830933669051,-1.731961362182985,3.257554188227815,53.4369522992766,,48.82047302901048,0.3810595662798733
8776,63.01484120551707,-1.736781236837136,3.258289795053791,53.4369522992766,,48.83345868953213,0.3810953348875046
8777,63.02376350715262,-1.734096278647675,3.259027006022331,53.4369522992766,,48.84649665412672,0.3811249625869095
8778,63.02042465457306,-1.737867418504941,3.25976783254772,53.4369522992766,,48.85962604155932,0.381148507585749
8779,63.0173365737735,-1.736224402261213,3.260509143378262,53.4369522992766,,48.87278158531065,0.3811659989878535
8780,63.01928750939078,-1.737783644134785,3.26124917684696,53.4369522992766,,48.8859434599164,0.3811775532085449
8781,63.02658559018016,-1.737298627842502,3.261988581303061,53.4369522992766,,48.89912858197242,0.3811831993516535
8782,63.01161780406186,-1.737625778358216,3.262727256375057,53.4369522992766,,48.91229621049566,0.3811829956248403
8783,63.0075872057234,-1.733885719843062,3.263462947399767,53.4369522992766,,48.92535750311872,0.3811770293395966
8784,63.00883059304087,-1.73533346320605,3.264197259631101,53.4369522992766,,48.93839895769725,0.3811653004959226
8785,63.02069049954063,-1.73696330518005,3.264931877529841,53.4369522992766,,48.9514562278473,0.3811478964053094
8786,63.00413660817528,-1.735597972170237,3.265666879485082,53.4369522992766,,48.96454293689141,0.3811248752754182
8787,63.00484427158428,-1.735557721967313,3.266401496209768,53.4369522992766,,48.97763005896037,0.3810962953139096
8788,63.01116827732184,-1.735012277327456,3.267136229825379,53.4369522992766,,48.99074795553296,0.3810622147284448
8789,63.0159212731857,-1.737342277529733,3.267873703990904,53.4369522992766,,49.00391519271023,0.381022720830515
8790,63.03097216747307,-1.742433943364643,3.268610611640709,53.4369522992766,,49.01706877424066,0.3809778718277812
8791,63.02757192580745,-1.735551346551157,3.269345426246034,53.4369522992766,,49.03021708731429,0.3809276968240738
8792,63.04484883131366,-1.738547959182978,3.270079972441315,53.4369522992766,,49.04336685846501,0.3808722831308842
8793,63.0257187578009,-1.735800057152644,3.270817259581991,53.4369522992766,,49.05656367143726,0.3808116889558733
8794,63.0324820443438,-1.740268305955561,3.27155511678676,53.4369522992766,,49.06971148125957,0.3807459725067019
8795,63.01728675882967,-1.734239993894542,3.272289791200082,53.4369522992766,,49.08278905212507,0.3806751337833703
8796,63.01322714460077,-1.735838578176384,3.273020489599805,53.4369522992766,,49.09579443130279,0.3805992600973696
8797,63.00672579750948,-1.733048494043025,3.273746679030611,53.4369522992766,,49.10874261729734,0.3805184096563607
8798,63.00762887067147,-1.736659958154898,3.27447226269982,53.4369522992766,,49.1217141584029,0.3804326406680048
8799,62.99841912452365,-1.733564865646819,3.275198182665796,53.4369522992766,,49.13471620193939,0.3803420113399625
8800,63.00007241976927,-1.732026036153119,3.275924435651006,53.4369522992766,,49.14773731255187,0.3802465798798949
8801,63.02705488131739,-1.737075990837622,3.276651822381917,53.4369522992766,,49.1607919860076,0.3801463753916323
8802,63.00748883115411,-1.735870282343803,3.277383210381418,53.4369522992766,,49.17395739702827,0.3800415142904967
8803,63.00305550021923,-1.735619314857684,3.278117833732574,53.4369522992766,,49.18715343406393,0.3801285638473928
8804,63.00963226079317,-1.738024948618257,3.278851135754231,53.4369522992766,,49.20029973485511,0.3804061561822891
8805,63.01253947089215,-1.736337044272231,3.279581412701864,53.4369522992766,,49.21337483072602,0.3806768509093672
8806,63.01142205713128,-1.734993528628573,3.280308636040173,53.4369522992766,,49.2263944650268,0.3809407353401184
8807,63.00453664884727,-1.733277721876262,3.281032802123575,53.4369522992766,,49.23937660109814,0.3811978385783732
8808,62.99987505554534,-1.73552346970936,3.281755556353214,53.4369522992766,,49.25236088023392,0.3814481606241316
8809,63.01501743857438,-1.73312979275563,3.282479643915621,53.4369522992766,,49.2653766221324,0.3816917887888849
8810,63.01264346064295,-1.735993562340502,3.283207265538882,53.4369522992766,,49.2784706333218,0.3819287521764636
8811,62.99547393395268,-1.734418409270581,3.283937406538124,53.4369522992766,,49.29162100722079,0.3821591380983591
8812,62.99382926090967,-1.734726502839351,3.284667619521435,53.4369522992766,,49.30480317917432,0.3823829465545714
8813,62.99133976523696,-1.732203800072552,3.285395391356473,53.4369522992766,,49.31794084878734,0.3826002939604223
8814,62.98606784714993,-1.740631673719994,3.286119755825413,53.4369522992766,,49.33099039912771,0.3828112385235727
8815,62.9985206445473,-1.733844058364642,3.286841805413148,53.4369522992766,,49.34397525455978,0.3830157802440226
8816,63.00800666659259,-1.73078448705419,3.287564335697581,53.4369522992766,,49.35695719503327,0.3832140064332634
8817,63.00838200422491,-1.732814247900221,3.28828778710113,53.4369522992766,,49.36995893192336,0.3834059461951256
8818,62.99286704156129,-1.736008022676659,3.28901209757195,53.4369522992766,,49.38299255710107,0.3835915995296091
8819,62.98163973047695,-1.725594694925567,3.289737472909234,53.4369522992766,,49.39603365795838,0.3837710246443748
8820,62.99028731197818,-1.730378332807473,3.290460944727681,53.4369522992766,,49.40909144298134,0.3839443088509142
8821,63.02299365547568,-1.739012688142289,3.29118248516957,53.4369522992766,,49.42218002635851,0.3841114812530577
8822,63.01043670930511,-1.737926730255524,3.291905870044024,53.4369522992766,,49.43544596041551,0.3842726291622967
8823,63.01639667175682,-1.731085991480277,3.292631389698068,53.4369522992766,,49.44871043051072,0.3844277816824615
8824,63.01778986224517,-1.732629662098922,3.293358566920453,53.4369522992766,,49.46159524685328,0.3845770261250436
8825,63.01730325578913,-1.736379298605241,3.294087684514985,53.4369522992766,,49.4747282582824,0.3847203333862126
8826,63.0039340153465,-1.734356681045365,3.294815690790738,53.4369522992766,,49.48782139406052,0.3848578198812902
8827,62.99436388886873,-1.734508848082015,3.295538011410884,53.4369522992766,,49.50084538450935,0.3849894856102765
8828,63.00413477594684,-1.734215799026081,3.296254768613042,53.4369522992766,,49.51382722819807,0.3851153887808323
8829,63.00169512169647,-1.732868945726022,3.2969701221144,53.4369522992766,,49.52686342178513,0.3852355584967881
8830,63.02354760166856,-1.738924551399539,3.297686430760952,53.4369522992766,,49.54005724053743,0.3853500238619745
8831,63.00605361728755,-1.733018015781491,3.298406033791462,53.4369522992766,,49.55344439452998,0.3854589012917131
8832,63.01162748623342,-1.73522809573512,3.299128180133101,53.4369522992766,,49.56536452240057,0.3855621907860041
8833,63.00426489033242,-1.731290880787382,3.299850081323637,53.4369522992766,,49.57868272948316,0.3856600087601691
8834,63.0140959817124,-1.737499334140419,3.300569165279467,53.4369522992766,,49.59183801766694,0.3857523261103779
8835,63.00167229841581,-1.731736432204855,3.301286610012029,53.4369522992766,,49.60494790572672,0.3858392883557826
8836,63.00558187089466,-1.731246536538395,3.302002563294273,53.4369522992766,,49.61797898696764,0.3859208372887224
8837,63.00615308684371,-1.726234132597215,3.302717338620016,53.4369522992766,,49.63096182634288,0.385997089324519
8838,63.00570082399764,-1.731185414924427,3.303433196562179,53.4369522992766,,49.64395407953906,0.3860680153593421
8839,63.02400306165097,-1.733346560888383,3.304152063861027,53.4369522992766,,49.65699449479333,0.3861337027046829
8840,63.01582880569596,-1.730410693239037,3.304872927861898,53.4369522992766,,49.67010667222142,0.386194180464372
8841,63.03516834337776,-1.734946869489295,3.305593125329278,53.4369522992766,,49.68323683438521,0.3862495068460703
8842,63.05172844638443,-1.736443749108719,3.306311359732082,53.4369522992766,,49.69635771315551,0.3862997691612691
8843,63.06829315111344,-1.736006576280571,3.307032707945918,53.4369522992766,,49.70949815560177,0.3863449965137988
8844,63.02823604253234,-1.728731524514307,3.307759231222484,53.4369522992766,,49.72276815875053,0.38638521800749
8845,63.0018158291326,-1.73144316720589,3.308482929539645,53.4369522992766,,49.73590815775415,0.3864204918500036
8846,63.00077964206744,-1.739088379505545,3.30920023204633,53.4369522992766,,49.74894042304857,0.3864508180413395
8847,63.01507388834521,-1.734457241868575,3.309914039465394,53.4369522992766,,49.76192369784296,0.3864762838929892
8848,63.03423834366613,-1.735165642794713,3.310627688885461,53.4369522992766,,49.77494712064193,0.386496918508783
8849,63.0230625102187,-1.733971104366051,3.311342134083576,53.4369522992766,,49.78800529583249,0.3865127509925514
8850,63.02129604982022,-1.734396281619862,3.312056768780434,53.4369522992766,,49.80109136872974,0.386523810448125
8851,63.02390431841445,-1.727572344129852,3.312770780415474,53.4369522992766,,49.81417038511939,0.38653015508316463
8852,63.01940749146166,-1.730667998758243,3.313485819106377,53.4369522992766,,49.827328059611,0.3865318722091615
8853,62.99932791823181,-1.733173396928277,3.314202120984102,53.4369522992766,,49.84035698045173,0.3865289909299463
8854,62.98307567622379,-1.736434824099121,3.314916949567322,53.4369522992766,,49.85381705083264,0.3865215694531798
8855,62.99494236823207,-1.733888112975791,3.315626671949518,53.4369522992766,,49.86612329306156,0.3865096077788621
8856,62.98839845323972,-1.727394528685017,3.316333541701241,53.4369522992766,,49.87912315182029,0.3864931932184845
8857,63.00556655939131,-1.739992858520704,3.317040286614232,53.4369522992766,,49.89207618170823,0.386472325772047
8858,63.03157549302674,-1.738355498757884,3.31774869634664,53.4369522992766,,49.9050068565958,0.3864470636472106
8859,63.03928980066815,-1.733499036817616,3.318461653096024,53.4369522992766,,49.91797981104242,0.3864174650516361
8860,63.03186254676285,-1.732586900581857,3.31917765068297,53.4369522992766,,49.93099408707794,0.386383559089154
8861,63.01893847193417,-1.736362982203379,3.319893714933112,53.4369522992766,,49.94405316829103,0.3863453748635948
8862,63.01460762585722,-1.733369812076295,3.320607800475221,53.4369522992766,,49.9570781314865,0.3863029414787889
8863,63.00847280765839,-1.728820823414106,3.321318902491284,53.4369522992766,,49.97009419895507,0.3862563462462276
8864,63.00619824477039,-1.729719743943872,3.32202711012357,53.4369522992766,,49.98309509155544,0.3862055600620806
8865,63.01853793759275,-1.738017657856752,3.322733101860633,53.4369522992766,,49.99611966769443,0.3861506702378392
8866,63.01116731368379,-1.732647969951534,3.32343970442797,53.4369522992766,,50.00916376514687,0.3860917349811643
8867,63.00451412628392,-1.725722699281912,3.324148191817698,53.4369522992766,,50.02219557186948,0.3860287833958864
8868,62.9942330118528,-1.727867414685924,3.324856747192855,53.4369522992766,,50.03518479208568,0.3859618154820055
8869,62.98177447106254,-1.730715712740522,3.325564187723455,53.4369522992766,,50.04814462209994,0.3858909476548433
8870,62.9797339321289,-1.73438135505279,3.326269644692243,53.4369522992766,,50.06104578404761,0.3858161799144
8871,62.98551676783785,-1.726483890438498,3.326971501568952,53.4369522992766,,50.07389597269184,0.3857375704683363
8872,62.99466445324678,-1.724582085154261,3.327671343199098,53.4369522992766,,50.08676998810971,0.385655090212822
8873,63.00824881256013,-1.730070001012943,3.32837254383327,53.4369522992766,,50.0998308104773,0.3855688555631787
8874,63.01320561078084,-1.730994172576581,3.329078261430658,53.4369522992766,,50.11531440273824,0.3854788083117455
8875,63.01533433099873,-1.728302177470423,3.329788575847336,53.4369522992766,,50.12696810639558,0.3853850648738444
8876,63.00201226962285,-1.725845784951002,3.33050096461101,53.4369522992766,,50.13848745461349,0.3852876543533057
8877,62.9921977240307,-1.733352336477343,3.331210459762296,53.4369522992766,,50.15079730515989,0.3855239483527839
8878,62.98197930526545,-1.733876475324605,3.331913392371392,53.4369522992766,,50.1637721188338,0.3857765404973179
8879,62.98722591063462,-1.724846219281454,3.332612030982907,53.4369522992766,,50.17636904896747,0.3860222932416946
8880,62.99350895077654,-1.72918628066072,3.333309131734383,53.4369522992766,,50.18893832069232,0.3862612938974053
8881,63.00485634772823,-1.729444615790031,3.334007863041838,53.4369522992766,,50.20154952257817,0.38649354246445
8882,63.00218413048266,-1.730807205928941,3.334707777425408,53.4369522992766,,50.21422588322519,0.3867191262543201
8883,62.9834110114322,-1.722659724691457,3.335408027514391,53.4369522992766,,50.22697040202679,0.3869380743708462
8884,62.97122541283276,-1.725454847854935,3.336109377782162,53.4369522992766,,50.23976518697612,0.3871504159178585
8885,62.98111577057524,-1.73383214389676,3.336812278771637,53.4369522992766,,50.25259401951033,0.3873562382068485
8886,62.99482870612735,-1.732383547362932,3.337517420807907,53.4369522992766,,50.26548215990347,0.3875556285493076
8887,63.00940654865162,-1.725270879376533,3.338224897327249,53.4369522992766,,50.27837596295727,0.3877486160490662
8888,63.01980366366136,-1.729037633959352,3.338931835588165,53.4369522992766,,50.29121583927559,0.3879352298099548
8889,63.02359320704478,-1.735133219990208,3.33963800189581,53.4369522992766,,50.30401435697907,0.38811552803963417
8890,63.00261319773543,-1.732113054177471,3.340343371948332,53.4369522992766,,50.31681777499865,0.3882895689457655
8891,62.98252412838198,-1.723360179304236,3.341044211110503,53.4369522992766,,50.32960430841225,0.388457381632179
8892,62.97469164770416,-1.7294420462335,3.341738801219755,53.4369522992766,,50.34233301008487,0.3886189952027053
8893,62.97379997037919,-1.731020192298879,3.342431593305839,53.4369522992766,,50.35506531246007,0.3887744678650051
8894,62.99956549096646,-1.73035417916669,3.343126836654617,53.4369522992766,,50.36785665208868,0.3889238578267395
8895,63.01775597236198,-1.732106839328631,3.343826028207911,53.4369522992766,,50.38075342232416,0.3890672232955694
8896,63.03074460628362,-1.739305941655052,3.344529361181292,53.4369522992766,,50.39369567753163,0.3892046515829861
8897,63.0355821236442,-1.73469585084937,3.345234907677499,53.4369522992766,,50.40660621613349,0.3893361426889896
8898,63.03029220165735,-1.729596683564562,3.345941261321555,53.4369522992766,,50.41946668891718,0.3894617839250714
8899,63.00534689349272,-1.730260797844301,3.346646180088441,53.4369522992766,,50.43229967284864,0.3895815752912313
8900,62.9849539728893,-1.731732154427595,3.34734533087287,53.4369522992766,,50.44509801935904,0.3896956040989608
8901,62.97582802551085,-1.729836534017679,3.348038503210374,53.4369522992766,,50.45784415051028,0.3898038412444293
8902,62.97561116529685,-1.732004494282356,3.348730208669751,53.4369522992766,,50.47060381084613,0.389906344935298
8903,63.00006547290296,-1.735738578106428,3.349425262528701,53.4369522992766,,50.48344687706568,0.3900032315868884
8904,63.02125672896457,-1.736889398758557,3.35012440852294,53.4369522992766,,50.49641856595566,0.3900945011992007
8905,63.03483085325661,-1.734272824753735,3.350825072018944,53.4369522992766,,50.50938466016748,0.3901802119798958
8906,63.0408432056899,-1.735007623750685,3.351525597550052,53.4369522992766,,50.52230760965016,0.390260451240465
8907,63.04431348202841,-1.735284672266888,3.352227538780099,53.4369522992766,,50.53522915502514,0.3903352189809084
8908,63.02401513041776,-1.734212826540402,3.352932112538271,53.4369522992766,,50.54821332431766,0.3904046025127172
8909,62.99338506075412,-1.733402945468217,3.353634516682075,53.4369522992766,,50.5612205651962,0.3904686018358916
8910,62.97352653098526,-1.734559669682581,3.354330343929943,53.4369522992766,,50.57413894815468,0.3905272751580924
8911,62.9718201993913,-1.731081472921775,3.355020203326347,53.4369522992766,,50.58695550838095,0.39058062247931963
8912,62.9859462135844,-1.735112553850811,3.355708935126093,53.4369522992766,,50.59973829586914,0.3906287020072341
8913,62.99388794685481,-1.733971983611986,3.356399845953121,53.4369522992766,,50.61252644982647,0.3906716010533273
8914,63.01241313424341,-1.733663208338241,3.357091825707506,53.4369522992766,,50.62538429346129,0.3907093487214297
8915,63.02047376868386,-1.736684040268297,3.357784533928641,53.4369522992766,,50.63810413726642,0.3907420323230326
8916,63.02999230287327,-1.735044758086873,3.358481405470701,53.4369522992766,,50.65121067044538,0.3907696518581361
8917,63.00769056207952,-1.729990704290718,3.359178963108332,53.4369522992766,,50.66336656728198,0.3907922364305705
8918,62.99390312393776,-1.730828680065674,3.359873991918542,53.4369522992766,,50.67634510175964,0.3908098733518273
8919,62.98804766601494,-1.732823319811676,3.360564950009762,53.4369522992766,,50.68923559793475,0.3908225335180759
8920,62.98982943937895,-1.732177225412216,3.361253944922575,53.4369522992766,,50.70209387082613,0.3908303042408079
8921,63.01545529264907,-1.736671506230406,3.361943429574813,53.4369522992766,,50.71496790696937,0.3908331855200231
8922,63.02623379124469,-1.737821932758342,3.362636338118036,53.4369522992766,,50.72793803233905,0.390831264667213
8923,63.05028443911917,-1.736518670369408,3.36333190607631,53.4369522992766,,50.74092139894051,0.3908245998900384
8924,63.04616276032036,-1.734276712129971,3.364028636577102,53.4369522992766,,50.75404852949029,0.3908132202923298
8925,63.04066864164927,-1.738764994960177,3.364728932069259,53.4369522992766,,50.77437661951869,0.3907971840817481
8926,63.02043260093922,-1.733236394016476,3.365429023105035,53.4369522992766,,50.77888137129216,0.3907764912582934
8927,62.99806405107118,-1.73284469668223,3.366122828543111,53.4369522992766,,50.79189739440413,0.3907512000296265
8928,62.99078026652233,-1.733859054627577,3.36680848058955,53.4369522992766,,50.80475679934018,0.3907213103957474
8929,63.00086728251209,-1.73443914454625,3.367490866767841,53.4369522992766,,50.81756947762322,0.3906868805643171
8930,63.03324548006681,-1.734736680072304,3.368175759219225,53.4369522992766,,50.83043170601916,0.390647939639166
8931,63.03630073664304,-1.733133599014087,3.368866468771214,53.4369522992766,,50.84341887357937,0.390604545827955
8932,63.04087249996073,-1.737673109657755,3.369560964421548,53.4369522992766,,50.85644197105163,0.3905567573383451
8933,63.05479490798461,-1.742846366048071,3.370254361976956,53.4369522992766,,50.86939998662836,0.390504632377997
8934,63.04813060839476,-1.735396429525956,3.370947971335579,53.4369522992766,,50.88231271066677,0.3904482000507414
8935,63.0276374522128,-1.729369610424793,3.371641281893945,53.4369522992766,,50.89519726691963,0.3903874603565782
8936,63.01189602382392,-1.735784041826032,3.3723302348116,53.4369522992766,,50.90800265334214,0.3903225006069988
8937,63.00422381693045,-1.73414931813588,3.373015063669476,53.4369522992766,,50.92075659271836,0.3902532916981727
8938,63.00606683352916,-1.731700764259644,3.37369908802685,53.4369522992766,,50.93352556892059,0.3901798627339303
8939,63.02269305463103,-1.7349302107987,3.37438381604028,53.4369522992766,,50.94634062304075,0.3901023010257632
8940,63.06307519464829,-1.743154342960058,3.375069253306124,53.4369522992766,,50.95920718823078,0.3900206356775016
8941,63.06796811764516,-1.738616452184493,3.375757478919382,53.4369522992766,,50.9721572111784,0.389934895792976
8942,63.06932195413832,-1.738189266982125,3.376448932665133,53.4369522992766,,50.9851379577011,0.3898451686836779
8943,63.05283357833611,-1.735619151360796,3.377144176294737,53.4369522992766,,50.99812377956525,0.3897514543496072
8944,63.04802802792108,-1.73644193478871,3.377840076132462,53.4369522992766,,51.01104750712003,0.3896538109984249
8945,63.02806218265229,-1.736429385338245,3.37853200019602,53.4369522992766,,51.02392615766853,0.3895522386301309
8946,63.01278337808375,-1.736308781413606,3.379216731154173,53.4369522992766,,51.03671499097373,0.3894467954523861
8947,63.00827741067629,-1.733261227516757,3.379894496336994,53.4369522992766,,51.0494214176739,0.3893374523613602
8948,63.02210663457499,-1.736513364072863,3.380571169378257,53.4369522992766,,51.06214423286679,0.389224267564714
8949,63.05299145741355,-1.737440079570117,3.381253308187365,53.4369522992766,,51.074987943685,0.3891072992701083
8950,63.06004819078318,-1.739890956585776,3.381943351775865,53.4369522992766,,51.08797219594792,0.3889866056852043
8951,63.04534729021034,-1.738354712658378,3.382636765888081,53.4369522992766,,51.10098292047299,0.3888622159138322
8952,63.06156219958665,-1.740861714508475,3.38332651613887,53.4369522992766,,51.11384631542687,0.388734188163653
8953,63.05892103247334,-1.736530846838172,3.384015270356346,53.4369522992766,,51.12665125457816,0.3886025515384972
8954,63.03797792837881,-1.73758134906729,3.384702393041356,53.4369522992766,,51.13945369904344,0.3884673060383648
8955,63.02569233178103,-1.73574102872617,3.385385767494308,53.4369522992766,,51.15224476400883,0.3883284807670861
8956,63.01941790765629,-1.735489651409457,3.38606629981289,53.4369522992766,,51.16503545859126,0.3881861048284918
8957,63.03704983702549,-1.736193244011553,3.386744931280513,53.4369522992766,,51.17784047985593,0.3880401782225817
8958,63.03750212727559,-1.736254989297649,3.387424548894432,53.4369522992766,,51.19072498135901,0.3878907882608473
8959,63.02994301405914,-1.739082494153475,3.388107119277702,53.4369522992766,,51.2037092884073,0.387737964047119
8960,63.0298308175668,-1.737146950145098,3.388790395311791,53.4369522992766,,51.21657744101002,0.3875817346852273
8961,63.03557501552709,-1.733706192674448,3.389473422243234,53.4369522992766,,51.22934285092877,0.387422158382833
8962,63.04137177547106,-1.732723979983258,3.390157232854325,53.4369522992766,,51.24209641613213,0.3872956149280071
8963,63.0331081032113,-1.736707644999442,3.390839517629128,53.4369522992766,,51.25480043476237,0.3872404631692916
8964,63.02689133407328,-1.733413298557612,3.391520500791038,53.4369522992766,,51.2695382527296,0.3871821390930563
8965,63.01973198666045,-1.735026940411431,3.392199270350924,53.4369522992766,,51.28238166433499,0.3871206718031317
8966,63.0162598511416,-1.738237391165638,3.392919899426097,53.4369522992766,,51.29120206894468,0.3870560321956873
8967,63.03962708018253,-1.734916249899044,3.393596322945416,53.4369522992766,,51.3044059092981,0.386988278478384
8968,63.03511515447185,-1.73081194225572,3.394274794612022,53.4369522992766,,51.31740035048597,0.3869174688588828
8969,63.0254967432095,-1.737405903130112,3.394954513433324,53.4369522992766,,51.33030019987842,0.3868436324410141
8970,63.02979660935336,-1.736487128541618,3.395634387508178,53.4369522992766,,51.34310630735845,0.3867667983286083
8971,63.02088043517359,-1.734421872183398,3.396316155207652,53.4369522992766,,51.35586581267614,0.3866870247293264
8972,63.02920244021009,-1.735354407897558,3.396997084955559,53.4369522992766,,51.36858711447562,0.3866043116431683
8973,63.03907372924452,-1.731362830560168,3.397675079446738,53.4369522992766,,51.38129291527204,0.3865187172777951
8974,63.03482960619365,-1.737262593078174,3.39835281296712,53.4369522992766,,51.39403073757597,0.3864301834255457
8975,63.02958460611622,-1.733500715228507,3.399032044041009,53.4369522992766,,51.40683328857254,0.3863387682940811
8976,63.04183258733576,-1.7325689599097,3.399714070735873,53.4369522992766,,51.41971425403921,0.3862444718834013
8977,63.02889264417374,-1.731135992630862,3.400399233456624,53.4369522992766,,51.43268869546117,0.3861473815049976
8978,63.00349410339327,-1.741178155465589,3.401083172291911,53.4369522992766,,51.44561031996362,0.386122235795483
8979,62.99133780046678,-1.732158894052245,3.401760228119306,53.4369522992766,,51.4583290022258,0.3863032325170934
8980,62.98790920379502,-1.72735296076672,3.402431175265387,53.4369522992766,,51.47089842700191,0.3864792524836957
8981,62.99558610145382,-1.73150684072046,3.403099310971104,53.4369522992766,,51.48341897877769,0.38665029569529
8982,63.01222992552346,-1.73872061853572,3.403766747929327,53.4369522992766,,51.49597884559243,0.3868163912557065
8983,63.02315849426531,-1.726745422830518,3.404436904425849,53.4369522992766,,51.50863081980106,0.3869775973726064
8984,63.01836743122333,-1.729021746753342,3.405111632356327,53.4369522992766,,51.52138118932965,0.38713394314982
8985,63.01907786034717,-1.733339312395302,3.405789187657096,53.4369522992766,,51.53418784190586,0.3872854285873473
8986,63.01982436619032,-1.736122554993316,3.406469470658248,53.4369522992766,,51.54702230703374,0.3874321118928492
8987,63.00762179487271,-1.729618044141579,3.407151949666739,53.4369522992766,,51.55985799840641,0.3875740221701562
8988,62.99015038450712,-1.729739960737806,3.407832375222061,53.4369522992766,,51.57258649579473,0.3877112176269293
8989,62.98807428956466,-1.730900238824427,3.408506189122571,53.4369522992766,,51.58517717656636,0.3878437273669988
8990,62.99289844086562,-1.734300810931384,3.409172804959781,53.4369522992766,,51.59766559168784,0.3879715804941952
8991,63.00514418210885,-1.732188592897426,3.409836573916326,53.4369522992766,,51.61014383263266,0.3880947770085186
8992,63.01173256691685,-1.726753683997439,3.410502618455387,53.4369522992766,,51.622704824906,0.3882133751176298
8993,63.00298017248089,-1.7276093803478,3.411174175837558,53.4369522992766,,51.63536993424406,0.3883274039253592
8994,63.01592053608621,-1.739895682159137,3.411850135503395,53.4369522992766,,51.64809415808169,0.3884368343278766
8995,63.00464327906025,-1.728657343111403,3.412527676483335,53.4369522992766,,51.66088835717024,0.3885417827405035
8996,63.01381892515975,-1.732400957496317,3.413203918390105,53.4369522992766,,51.67366924022598,0.3886422491632402
8997,63.0237290340248,-1.735349263119269,3.413878525241307,53.4369522992766,,51.68639189502311,0.3887382918037474
8998,63.01753007550563,-1.732797347716612,3.414553859018465,53.4369522992766,,51.69906803713624,0.3888299397658557
8999,63.01891968226793,-1.729592124138097,3.415227311161781,53.4369522992766,,51.71159815708621,0.3889172221533954
9000,63.01526005987017,-1.730065419662213,3.41589766887572,53.4369522992766,,51.72418612529314,0.3890001680701971
9001,63.00107330498231,-1.732143421562461,3.416565871777487,53.4369522992766,,51.73658866049955,0.3890787484124303
9002,62.99395794007236,-1.738208211005384,3.417233665226382,53.4369522992766,,51.74931597331401,0.38915305049158627
9003,62.99670655415729,-1.733430722960595,3.417901074342353,53.4369522992766,,51.76183900561001,0.3892230743076652
9004,63.02418243486231,-1.730899124260069,3.418568844339894,53.4369522992766,,51.77455545191686,0.3892888780683279
9005,63.01906905044724,-1.73733014208971,3.419238810049964,53.4369522992766,,51.78681133174771,0.3893504908774048
9006,63.03065459943801,-1.741093357886323,3.419912297963742,53.4369522992766,,51.79962255449034,0.3894079418387264
9007,63.02965977354663,-1.733620770679794,3.420587645433068,53.4369522992766,,51.81250892219149,0.3894613182637841
9008,63.03427063661327,-1.733580102423005,3.421262480136737,53.4369522992766,,51.8303379897003,0.3895105619449168
9009,63.02284994912846,-1.735384219998698,3.421935783627811,53.4369522992766,,51.83681474196167,0.3895557601936162
9010,63.00631619627465,-1.736935052527522,3.4226048143973,53.4369522992766,,51.84952094911209,0.3895968839060515
9011,62.99581517925023,-1.730287863762809,3.423269415013315,53.4369522992766,,51.86214846784774,0.3896339912898839
9012,62.99083145973749,-1.729282044194711,3.423933062864041,53.4369522992766,,51.87477552584024,0.3896671114489436
9013,63.00280891360583,-1.735350302943333,3.424599327040683,53.4369522992766,,51.88745235495311,0.3896962152794003
9014,63.03773294146632,-1.743073490884561,3.425269694904562,53.4369522992766,,51.90020886208708,0.3897214191965759
9015,63.01614957225729,-1.733293647859681,3.425944766685385,53.4369522992766,,51.91307216829448,0.3897427523043007
9016,63.00620387680343,-1.734774127756656,3.426621555788547,53.4369522992766,,51.92585353089425,0.3897602146025747
9017,63.00847046299339,-1.735898640704868,3.427293785143897,53.4369522992766,,51.93843737312941,0.3897738934028894
9018,63.00568214448537,-1.732606468665265,3.427959781386255,53.4369522992766,,51.95089717412222,0.3897837304975837
9019,63.00163506953974,-1.732128616575066,3.428621964441203,53.4369522992766,,51.96333171413924,0.3897898131981492
9020,62.99377157546699,-1.734005948444858,3.429283660397211,53.4369522992766,,51.97579196805906,0.3897921124007553
9021,62.98999599405744,-1.732233215737278,3.429947263848006,53.4369522992766,,51.98830451425204,0.3897906572092324
9022,63.00831663946713,-1.738863190187171,3.430615217506675,53.4369522992766,,52.00090620860741,0.3897855058312416
9023,63.00980174068713,-1.732748580766377,3.43128722634391,53.4369522992766,,52.013623834325,0.3897766873706132
9024,63.02834899945717,-1.740767686295199,3.431960761190238,53.4369522992766,,52.02640860255855,0.3897642309311777
9025,63.00702708310363,-1.734005072547244,3.432631976418255,53.4369522992766,,52.03911133451803,0.3897481656167656
9026,63.02419315093623,-1.742098270998627,3.433298810953151,53.4369522992766,,52.05167430042136,0.3897285496350378
9027,63.01949511458,-1.73682323522919,3.433965067327015,53.4369522992766,,52.06419298157206,0.3897054120898247
9028,63.01238933932662,-1.736702502203364,3.434631466723823,53.4369522992766,,52.07673505493233,0.3896787238772959
9029,63.01025220412592,-1.731849894971303,3.435298447183557,53.4369522992766,,52.08932675788973,0.3896485432051122
9030,63.0028885585396,-1.734410178990648,3.435966538187691,53.4369522992766,,52.10194527871742,0.3896148409694433
9031,63.012490433366,-1.739735651491034,3.436634000751617,53.4369522992766,,52.11452464927223,0.38957767537795013
9032,63.0397724829877,-1.741731004476321,3.437299321147601,53.4369522992766,,52.12707319367548,0.3895371046382934
9033,63.03267879279623,-1.734161177966554,3.437964233174045,53.4369522992766,,52.13960796375498,0.3894931287504733
9034,63.01797160711295,-1.738382185533064,3.438627825996473,53.4369522992766,,52.15208497061242,0.3894457768183202
9035,63.00443873232598,-1.737244828341252,3.439290799725718,53.4369522992766,,52.16453841428645,0.389395107049495
9036,62.98647908398833,-1.732587717999685,3.439955578527654,53.4369522992766,,52.17703582698919,0.3893411485478282
9037,62.99844301884696,-1.73556608872519,3.440620000423721,53.4369522992766,,52.18956731630987,0.3892839013133198
9038,62.99750921660582,-1.737431938426133,3.441283864203158,53.4369522992766,,52.20209905640377,0.3892233944498003
9039,62.99908363413165,-1.741681211491134,3.441945008594386,53.4369522992766,,52.21459202532667,0.3891595988534391
9040,63.0118167526971,-1.733292010357619,3.44260423995506,53.4369522992766,,52.22707093341565,0.3890926018357277
9041,63.02860684803899,-1.729735531753257,3.443265938073391,53.4369522992766,,52.23959315113087,0.389022403396666
9042,63.018111461106,-1.734934871290663,3.443932779085738,53.4369522992766,,52.25220835042551,0.3889490326400846
9043,63.01261868579553,-1.735078175006645,3.444602330658982,53.4369522992766,,52.26479901853168,0.3888725477736443
9044,63.00079453367639,-1.729995997046757,3.445270137970384,53.4369522992766,,52.27734656119287,0.3887929779011756
9045,62.99767542057186,-1.731110904205696,3.445933628575484,53.4369522992766,,52.28977193313649,0.3887103230226785
9046,63.00632822006065,-1.736107941253995,3.446590484308259,53.4369522992766,,52.30234876301229,0.3886246122419834
9047,63.0215236589074,-1.732139076418206,3.447243873482448,53.4369522992766,,52.31383413806106,0.3885358455590904
9048,63.01565495367355,-1.730813465186004,3.447900703646921,53.4369522992766,,52.32626294879898,0.3884440811816603
9049,63.00457477959786,-1.73122933514936,3.44856224708346,53.4369522992766,,52.33877937361067,0.3883492900058627
9050,63.01853500285806,-1.736254675896872,3.449226688440667,53.4369522992766,,52.35133253163987,0.388251559343189
9051,63.01921971008529,-1.733223507694572,3.449893236046659,53.4369522992766,,52.36393907653325,0.3881509182974696
9052,63.00680707602183,-1.735039243653843,3.450560204071029,53.4369522992766,,52.37658697223413,0.3880473668687046
9053,62.99613190176304,-1.733228429223035,3.451223266093433,53.4369522992766,,52.38943724308533,0.3879409341607243
9054,62.99856886218685,-1.732038372758742,3.451879136170427,53.4369522992766,,52.40949975124067,0.3878316201735288
9055,62.99161292513386,-1.732247560577418,3.452529424406913,53.4369522992766,,52.41257093824233,0.5295941373333335
9056,62.98129954866837,-1.733232834688655,3.453179545140237,53.4369522992766,,52.42437274670937,0.527976721059531
9057,63.00027307177059,-1.735795281985281,3.453833731856645,53.4369522992766,,52.43629675295558,0.5264211795292795
9058,63.00742127383238,-1.734185947502876,3.454493891307016,53.4369522992766,,52.44839964631108,0.5249398527666926
9059,63.00730996308076,-1.732480725308606,3.455156845380551,53.4369522992766,,52.46062376968174,0.5235453136265278
9060,62.99975928582695,-1.735059562807026,3.455818598252498,53.4369522992766,,52.47284376721862,0.5222736508585513
9061,63.02666705573073,-1.737526426105105,3.456476790792025,53.4369522992766,,52.48502962595723,0.5212724208831787
9062,63.00867605743864,-1.734106083306105,3.45713412892296,53.4369522992766,,52.49725255081142,0.5205418565310538
9063,63.00091480226323,-1.734906632862135,3.457793007855519,53.4369522992766,,52.50942488430052,0.5200783489271998
9064,62.99778692064596,-1.732959266685747,3.458449883204668,53.4369522992766,,52.52152356176249,0.5198755534365773
9065,62.98554032964039,-1.733442659257682,3.459106203183942,53.4369522992766,,52.53361666345234,0.5199241568334401
9066,62.99505411578912,-1.735455043271062,3.459761044734969,53.4369522992766,,52.54569530180478,0.5202114698477089
9067,62.98223020867015,-1.72985030544585,3.460412974977324,53.4369522992766,,52.55774015864818,0.5212138639762998
9068,63.00047045829493,-1.734472107363277,3.461063076834132,53.4369522992766,,52.56979497812188,0.5222882027737796
9069,63.00892076932246,-1.737114112250052,3.461715693194657,53.4369522992766,,52.58191242809004,0.5231355899013579
9070,63.03088014530943,-1.740629873739986,3.462373546464057,53.4369522992766,,52.59413638173182,0.5239723832346499
9071,63.02654648366661,-1.735137790933559,3.463036708284311,53.4369522992766,,52.60646798720096,0.5247592343948781
9072,63.04961124653704,-1.74073226589689,3.46370302014391,53.4369522992766,,52.61886305154752,0.5254538264125586
9073,63.03210849430192,-1.736763056888973,3.464369985629009,53.4369522992766,,52.6313359139044,0.5260120378807187
9074,63.02888191592264,-1.739184294059557,3.465032457989441,53.4369522992766,,52.64366254019256,0.526389863807708
9075,63.00857438693304,-1.733325449745964,3.46568903141318,53.4369522992766,,52.65590943552106,0.5265468498691916
9076,62.9966797851317,-1.73231104012628,3.466341851227142,53.4369522992766,,52.66821088797204,0.5264540086500347
9077,63.00491175344775,-1.738773524029376,3.466990726841943,53.4369522992766,,52.68072180937366,0.5261106416583061
9078,63.0257890814051,-1.743547075099657,3.467638833284847,53.4369522992766,,52.69392083240987,0.5255641299299896
9079,63.02944653285881,-1.734769648256354,3.46829077318609,53.4369522992766,,52.70771734796249,0.5272115813568234
9080,63.01833840963472,-1.732682325068656,3.468947012563419,53.4369522992766,,52.71625025189689,0.5311344866640866
9081,63.03318598311897,-1.741152175788516,3.469606376089902,53.4369522992766,,52.72854788165952,0.5043349810875952
9082,63.0541408738388,-1.74275323806315,3.470267649935623,53.4369522992766,,52.7409016513561,0.4770104715134948
9083,63.04941599398718,-1.736389659825144,3.470931764330516,53.4369522992766,,52.75333967629675,0.449515733635053
9084,63.03929800106133,-1.735724898715697,3.471591835429503,53.4369522992766,,52.76562436029518,0.4221303388476372
9085,63.01509857039407,-1.730812649077258,3.472246366172953,53.4369522992766,,52.77777630661709,0.3950672107748687
9086,63.00105875616388,-1.736525467099698,3.472897389364231,53.4369522992766,,52.78985033916524,0.3829573397524655
9087,63.0002561468979,-1.733021200919034,3.473545167700189,53.4369522992766,,52.80186307902827,0.3827662148978561
9088,63.02913470981772,-1.734766772997711,3.474192063114453,53.4369522992766,,52.81386118374486,0.3825729654636234
9089,63.01294601965451,-1.735234807249195,3.474840785189843,53.4369522992766,,52.82591310618403,0.3823776496574283
9090,63.02285119521451,-1.741260774704168,3.475492800913397,53.4369522992766,,52.83800373489865,0.3821802383754402
9091,63.05280889122689,-1.735849930127099,3.476147088091533,53.4369522992766,,52.85013221227163,0.3819808189291507
9092,63.02891472812663,-1.733456726753912,3.476805189820976,53.4369522992766,,52.86233540686578,0.3817794204223901
9093,63.01514548281902,-1.73449864625974,3.477466128861712,53.4369522992766,,52.87450923759934,0.3815760428551584
9094,62.99845074891266,-1.739797573676502,3.478123494046319,53.4369522992766,,52.88657560568914,0.3813706862274557
9095,63.00282190704367,-1.73419209180831,3.478776822014071,53.4369522992766,,52.89858153884175,0.3811633796431124
9096,62.98783848056931,-1.732549913055948,3.479428184683599,53.4369522992766,,52.9105932871373,0.380954152205959
9097,62.99612777332144,-1.73958434789072,3.48007632846439,53.4369522992766,,52.92260190067957,0.3807429457083344
9098,63.02326318180422,-1.739120203907916,3.480721918819745,53.4369522992766,,52.93463303089626,0.3805298474617302
9099,63.03543820713746,-1.73482661688615,3.481369031455447,53.4369522992766,,52.9467640423325,0.3803148865699768
9100,63.05202437682324,-1.73708528180327,3.482020157456799,53.4369522992766,,52.95898553870847,0.3800980630330741
9101,63.03305685506065,-1.739237689450806,3.482675759627676,53.4369522992766,,52.97131417385162,0.3798794350586832
9102,63.03110502660236,-1.741014266916471,3.483333113674782,53.4369522992766,,52.98354095436009,0.3796590026468039
9103,63.00911727783591,-1.730565516188228,3.483989336762854,53.4369522992766,,52.99566177304024,0.3794367949012667
9104,63.00068334527616,-1.737672073031498,3.484642246301789,53.4369522992766,,53.00772228093502,0.3792127827182412
9105,63.01235172351909,-1.739458981306067,3.485290626829784,53.4369522992766,,53.0197591991969,0.3789870243053883
9106,63.02185712387814,-1.737198244928631,3.485936502704492,53.4369522992766,,53.03181806995151,0.3787594905588776
9107,63.05336506193183,-1.739023879004658,3.48658388157313,53.4369522992766,,53.04393521903843,0.3785302396863699
9108,63.05694629092996,-1.737345592529657,3.487237465824769,53.4369522992766,,53.05618049958402,0.3782992425840348
9109,63.03382688173608,-1.739247671005751,3.487895496780365,53.4369522992766,,53.06852968093086,0.3780665574595332
9110,63.05031981934565,-1.738194190984637,3.488553660364148,53.4369522992766,,53.08090569004264,0.3778322134166956
9111,63.02078492879506,-1.73181649597743,3.489211149238815,53.4369522992766,,53.09328833491099,0.3775962686631829
9112,62.9994938925805,-1.735957876177982,3.489865833840305,53.4369522992766,,53.10553324433191,0.3773586649913341
9113,62.99540755809461,-1.737066714400415,3.490513202280869,53.4369522992766,,53.11761886818631,0.3771194606088102
9114,63.01196507572757,-1.738846972943737,3.491154635031768,53.4369522992766,,53.12961596915748,0.3768786555156112
9115,63.00911683037251,-1.732698557230418,3.49179548862196,53.4369522992766,,53.14162327081166,0.3769071190617979
9116,62.99844650298893,-1.732185702400017,3.492438684961103,53.4369522992766,,53.15366504254963,0.3770070907194167
9117,63.02114684746081,-1.734152784586069,3.49308299624706,53.4369522992766,,53.16570851558831,0.3771036863327026
9118,63.00770606730218,-1.733751631665214,3.493729519543085,53.4369522992766,,53.1778003437646,0.377196935005486
9119,63.0097379925635,-1.736103048115297,3.49437972629641,53.4369522992766,,53.18993988276547,0.3772868658415973
9120,63.02288169070822,-1.736493449993328,3.495031081269929,53.4369522992766,,53.20208419084967,0.377373507944867
9121,63.01013275008435,-1.731899510968459,3.495682404421507,53.4369522992766,,53.21425267284726,0.3774568613152951
9122,63.0022729716315,-1.736441637272283,3.496332033038966,53.4369522992766,,53.22636909081888,0.377536955056712
9123,62.9914617682765,-1.73100023082775,3.496979796559833,53.4369522992766,,53.23845869811711,0.3776137891691178
9124,63.002195302435,-1.734653014557073,3.497626549640494,53.4369522992766,,53.25055384874087,0.3776873927563429
9125,63.00836185067786,-1.735532657285687,3.498272742646718,53.4369522992766,,53.26267032828504,0.3777577949222177
9126,63.02747968930302,-1.737658921752213,3.498919543263459,53.4369522992766,,53.27480204322989,0.3778249665629119
9127,63.04243417092183,-1.738000862880837,3.499567616034136,53.4369522992766,,53.28689910022439,0.3778889949899167
9128,63.03748647878245,-1.735904401399393,3.500217742164951,53.4369522992766,,53.29903637226133,0.3779498219955713
9129,63.02243392653708,-1.731556408148627,3.500869264781273,53.4369522992766,,53.31117750024664,0.3780075057875365
9130,63.00781717719023,-1.732510121789666,3.501519105546171,53.4369522992766,,53.3233170862846,0.3780620754696429
9131,62.99652381668845,-1.731006455920577,3.502164308642207,53.4369522992766,,53.33540223813124,0.3781135310418904
9132,62.99959239791558,-1.736121361081622,3.502805819327482,53.4369522992766,,53.34742872891205,0.378161872504279
9133,62.99953594776581,-1.732118473222461,3.503446279612175,53.4369522992766,,53.35944630349385,0.3782071289606392
9134,63.00364089595551,-1.73322436760957,3.504088608003243,53.4369522992766,,53.37149980810845,0.3782493295148015
9135,63.0153996384609,-1.732727067191499,3.504734383982862,53.4369522992766,,53.3835533551479,0.3782885032705963
9136,63.00954999365243,-1.73469438147482,3.505384014356659,53.4369522992766,,53.39564384745576,0.3783246502280235
9137,63.01721950600334,-1.73726794102836,3.506033361738199,53.4369522992766,,53.40771095796138,0.3783577703870833
9138,63.01306283214922,-1.732713566977306,3.506679039231947,53.4369522992766,,53.4197235658451,0.3783879510592669
9139,63.00633747373537,-1.730811052535212,3.507321148373606,53.4369522992766,,53.43169248022485,0.3784151340369135
9140,62.98916504697505,-1.731520772923978,3.507960907234795,53.4369522992766,,53.44366754373005,0.378439377527684
9141,63.00307383214353,-1.737369217547951,3.508599230171578,53.4369522992766,,53.45562486482683,0.3784606815315783
9142,63.00536400814906,-1.73011565407016,3.509239771634054,53.4369522992766,,53.46759487725661,0.3784790460485965
9143,63.00751621031685,-1.729946247357088,3.509883128435874,53.4369522992766,,53.47962313718569,0.378494500182569
9144,63.00021866399911,-1.733046015686138,3.510527911246434,53.4369522992766,,53.49168475874011,0.3785070439334959
9145,63.01959633143762,-1.737096606481184,3.511173541583987,53.4369522992766,,53.50374585025314,0.3785167064052075
9146,63.0044592155967,-1.732958918585437,3.511818907630613,53.4369522992766,,53.51579414310663,0.3785235458053648
9147,63.00381022941924,-1.73343107279556,3.51246362245324,53.4369522992766,,53.52780301229156,0.3785275621339679
9148,62.99731949856833,-1.728359068644353,3.513105876012668,53.4369522992766,,53.5397282149526,0.3785287844948471
9149,62.98625795310508,-1.731654408191927,3.513746520975625,53.4369522992766,,53.55166708082849,0.3785272419918329
9150,62.97368776989545,-1.73104726331202,3.514386909176011,53.4369522992766,,53.56361056839167,0.3785228764172643
9151,62.99269998592673,-1.733978906643785,3.515025207831225,53.4369522992766,,53.57552715644426,0.3785157459788024
9152,63.00001331726168,-1.735543960131025,3.515662280714023,53.4369522992766,,53.58745246702851,0.3785058506764472
9153,63.0137547411461,-1.732737557254607,3.516299852261382,53.4369522992766,,53.59940070011881,0.3784932196140289
9154,63.00777099373815,-1.728806325569112,3.516940148012803,53.4369522992766,,53.61135673758231,0.3784778527915478
9155,63.00303627822824,-1.731677219887681,3.517584345898417,53.4369522992766,,53.62337649698368,0.3784598084166646
9156,62.99065049518081,-1.730786489780627,3.518231434859763,53.4369522992766,,53.63540284290735,0.3784391155932099
9157,62.98946659560539,-1.729901215350738,3.518877254487153,53.4369522992766,,53.64738172107198,0.3784157452173531
9158,62.98114927086573,-1.732167962375668,3.519519164399463,53.4369522992766,,53.65931125347503,0.3783897554967552
9159,62.97357885326556,-1.731076517209599,3.520157123772909,53.4369522992766,,53.67122140922761,0.3783611464314163
9160,62.98276552218654,-1.727983113167325,3.520792017989753,53.4369522992766,,53.68308587006038,0.3783299180213362
9161,63.01518642699429,-1.73375982135152,3.521426580878468,53.4369522992766,,53.69493793439096,0.378296070266515
9162,63.01562078973055,-1.737231651036376,3.522064986000908,53.4369522992766,,53.70684668483651,0.3782596613746136
9163,63.0344471358049,-1.736896196735696,3.522707705073887,53.4369522992766,,53.71883282741834,0.3782206622418016
9164,63.05008984212466,-1.740034428217741,3.523354145798778,53.4369522992766,,53.7308881860915,0.3781791310757399
9165,63.05598181024118,-1.735415878984529,3.524004040743784,53.4369522992766,,53.74298053110226,0.3781350969802588
9166,63.03769164886397,-1.735449635202158,3.524654502448358,53.4369522992766,,53.75502659102541,0.3780885599553585
9167,63.03778525316637,-1.737384741177059,3.525300481919724,53.4369522992766,,53.7669782641422,0.3780395491048694
9168,63.01691462492704,-1.734814529519359,3.525939660046056,53.4369522992766,,53.77884654283132,0.3779880935326219
9169,63.00046667028512,-1.730145418319685,3.526575864202421,53.4369522992766,,53.79069750518163,0.3779341350309551
9170,62.99015755945598,-1.736628749877506,3.527211505247725,53.4369522992766,,53.80255149562848,0.3778777027036995
9171,63.00623484182958,-1.734894650158681,3.52784678496388,53.4369522992766,,53.8144160696481,0.3778188256546855
9172,63.00671979002547,-1.73357237837681,3.528482111501465,53.4369522992766,,53.8263165758093,0.3777575329877436
9173,63.02318426360117,-1.736216612978967,3.529118711809015,53.4369522992766,,53.8382439300852,0.3776938538067043
9174,63.01998291156482,-1.736406791617433,3.529757831064344,53.4369522992766,,53.85019979485563,0.377627817215398
9175,63.01517131683805,-1.738341636567854,3.530399966359461,53.4369522992766,,53.86217279329451,0.3775594232138246
9176,63.01763998134842,-1.735562388213951,3.531042786634917,53.4369522992766,,53.87410025794072,0.3774887300096452
9177,63.0066778355517,-1.734273552791589,3.531684854340498,53.4369522992766,,53.88599163009742,0.3774157667066902
9178,62.99552048540458,-1.735395240943148,3.532325087033807,53.4369522992766,,53.89786158386763,0.3773404459934682
9179,62.99186014409349,-1.730913873749875,3.532962422655433,53.4369522992766,,53.90970757849563,0.3772628551814705
9180,62.99177281937239,-1.728835512475766,3.533597507190648,53.4369522992766,,53.92154453541203,0.3771829651668668
9181,62.9952225373609,-1.73419218315492,3.534231168485742,53.4369522992766,,53.93338360782904,0.3771008050534874
9182,63.02050388798082,-1.740794592364188,3.53486452487804,53.4369522992766,,53.94523654940579,0.3770163748413324
9183,63.02104718146974,-1.729317436247979,3.535501678688274,53.4369522992766,,53.95715110057475,0.3769297327380627
9184,63.01099994769667,-1.730362326824515,3.536144014111264,53.4369522992766,,53.96912545560829,0.3768408787436783
9185,62.98892861764535,-1.73200553474624,3.53678941313153,53.4369522992766,,53.98112511634559,0.3767498710658401
9186,62.97269925845282,-1.734046324761686,3.537429786841843,53.4369522992766,,53.99300513918277,0.3766567097045481
9187,62.97091439181847,-1.733576531144709,3.53806319151896,53.4369522992766,,54.00476655516047,0.3765613946598023
9188,62.98861277833171,-1.734340684771703,3.538692114936496,53.4369522992766,,54.01647278854541,0.3764639841392636
9189,62.99164645979288,-1.735718518779798,3.539321983703585,53.4369522992766,,54.02822120435736,0.3763644199352711
9190,62.98365320160978,-1.73525816468138,3.53995464234916,53.4369522992766,,54.0400006653914,0.3762627311516553
9191,62.98781212544843,-1.736034667789217,3.540590319787594,53.4369522992766,,54.05182998940702,0.3761589177884161
9192,63.00459256095837,-1.735991508744405,3.541228363289614,53.4369522992766,,54.06371548582318,0.3760530380532146
9193,63.03132862664941,-1.738873056632275,3.541869270242863,53.4369522992766,,54.07565871230921,0.3759450919460505
9194,63.00155461820515,-1.737642459412832,3.542514754791958,53.4369522992766,,54.08767388638084,0.375835137674585
9195,62.98677112537933,-1.740636303213978,3.543160258953199,53.4369522992766,,54.09963983647451,0.3757231461349875
9196,62.98999610725595,-1.738340018102436,3.543798866525401,53.4369522992766,,54.11148176436028,0.3756091464310884
9197,62.98246056366939,-1.730648128660131,3.544431806645691,53.4369522992766,,54.12324547143083,0.3754931676667184
9198,63.00210996221857,-1.739908536211764,3.545062828402315,53.4369522992766,,54.13498940481968,0.3753751807380468
9199,63.0017689959345,-1.741711232782239,3.545695057168639,53.4369522992766,,54.14677228515985,0.3752552438527346
9200,63.02345579757896,-1.737702487897182,3.546330527203671,53.4369522992766,,54.15862290995742,0.3751333570107818
9201,62.99626086137924,-1.732085884015374,3.546968032955715,53.4369522992766,,54.17055219944046,0.3750095202121884
9202,62.98191447016421,-1.742621354685303,3.547605235250973,53.4369522992766,,54.1824239054349,0.3748837334569544
9203,62.99017207659766,-1.738055675565209,3.548239805756209,53.4369522992766,,54.19422015456141,0.3747560258489102
9204,62.9874606157991,-1.732225413549237,3.54887384354543,53.4369522992766,,54.20599695868332,0.3746264555957168
9205,62.9943115685881,-1.73134404085136,3.549509145178182,53.4369522992766,,54.21779019389715,0.3744950226973742
9206,62.99323771006783,-1.738685197085291,3.550146587856911,53.4369522992766,,54.22964856486393,0.3743617271538824
9207,62.99514880718181,-1.740308039640857,3.550786861654181,53.4369522992766,,54.24158176866793,0.3742265980690718
9208,63.00572476800963,-1.733871807053767,3.551426888440973,53.4369522992766,,54.25354635855663,0.3740896354429424
9209,63.00172542103417,-1.736216603386276,3.552064388213098,53.4369522992766,,54.26547116542545,0.3739508683793247
9210,63.00472872699322,-1.740042619253546,3.552697757486861,53.4369522992766,,54.27731225089494,0.3738102968782187
9211,63.00801218447545,-1.73629793180807,3.553329058294359,53.4369522992766,,54.2891090074415,0.3736679209396243
9212,63.01845188542211,-1.735691535922703,3.553961527226198,53.4369522992766,,54.30088865267768,0.3735237987712026
9213,63.01675991530038,-1.738210645690041,3.554596411061996,53.4369522992766,,54.31268028700045,0.3733779303729534
9214,63.00699056384019,-1.744544967549634,3.555232935442672,53.4369522992766,,54.32449051152474,0.3732303157448769
9215,62.99886424572934,-1.734314950716221,3.555868603312178,53.4369522992766,,54.33626808695025,0.3730809548869729
9216,62.98948997823149,-1.731719047454183,3.556501867691984,53.4369522992766,,54.34798372782972,0.372929876903072
9217,63.0029008154264,-1.739391629654459,3.557132744611038,53.4369522992766,,54.35964650893388,0.3727771108970046
9218,62.99803423025445,-1.740310334756564,3.557762658322244,53.4369522992766,,54.37128941776115,0.3726226568687707
9219,62.99336463954143,-1.735020391207531,3.558393602576233,53.4369522992766,,54.38294719647229,0.3724665730260313
9220,62.97940879910531,-1.734136882840583,3.559025353040795,53.4369522992766,,54.39463770681829,0.3723088011611253
9221,62.97470596883982,-1.735868350699395,3.559656770749557,53.4369522992766,,54.40635188054322,0.3721493994817138
9222,62.97680613001793,-1.73528587913334,3.560285521725573,53.4369522992766,,54.41806978490048,0.3719883970916271
9223,63.00676357743977,-1.734791777496942,3.56091190959603,53.4369522992766,,54.42977072806923,0.3718257357832044
9224,62.99343301710455,-1.731686579031908,3.56153991753087,53.4369522992766,,54.44151517005952,0.3716615319717675
9225,62.99049868459397,-1.737209691525321,3.562172632118088,53.4369522992766,,54.4532687829774,0.3714957274496555
9226,62.99044828971744,-1.734575477391843,3.562807776988191,53.4369522992766,,54.46500461137695,0.3713283804245293
9227,62.9928762090574,-1.736661336907087,3.563442780597154,53.4369522992766,,54.47671635567284,0.3711594908963889
9228,62.98130376283469,-1.732526042900819,3.564076448857588,53.4369522992766,,54.48840346816657,0.3709890879690647
9229,62.97298361216067,-1.730265422585871,3.564706634764671,53.4369522992766,,54.50004821779957,0.3708172007463872
9230,62.97910431851048,-1.736063507824336,3.565332861468655,53.4369522992766,,54.51165043308401,0.370643800124526
9231,62.9976038220175,-1.737439804903926,3.565959407654473,53.4369522992766,,54.52326994901619,0.3704689152073115
9232,63.0249890555414,-1.738880575334537,3.566590595450896,53.4369522992766,,54.53495809315327,0.3702925459947437
9233,63.03922430128711,-1.732123553115908,3.567227649815282,53.4369522992766,,54.54672610355582,0.3701147215906531
9234,63.02506926452401,-1.738252456003865,3.56786587431987,53.4369522992766,,54.55852836659091,0.3699354128912091
9235,63.02033204877202,-1.735137708546731,3.56850236320499,53.4369522992766,,54.57027990494492,0.3697546781040728
9236,62.99500174948754,-1.729570246529554,3.569136929430358,53.4369522992766,,54.58198300351391,0.3695725172292441
9237,62.97552222743963,-1.731114068258345,3.569769469824426,53.4369522992766,,54.59363787470699,0.369388988474384
9238,62.96541324398791,-1.736061075618669,3.570397107916175,53.4369522992766,,54.60522226692242,0.3692040627356619
9239,62.98667986548819,-1.736131083688558,3.571020249667979,53.4369522992766,,54.61676269385335,0.3690177982207388
9240,62.98593130823656,-1.733124342041708,3.571641582885898,53.4369522992766,,54.62830859804481,0.3688301367219537
9241,63.00540219487458,-1.733380433932663,3.572264577374351,53.4369522992766,,54.63987595727198,0.3686410782393068
9242,63.02132108242237,-1.738228888199715,3.572892054085564,53.4369522992766,,54.65150083298099,0.3684507100842893
9243,63.0286502871008,-1.738246444225068,3.573526116429788,53.4369522992766,,54.66321009110594,0.3682590031530708
9244,63.02676485834576,-1.736208452321792,3.574165800486039,53.4369522992766,,54.67502044563834,0.3680659865494817
9245,63.00978722530137,-1.734426955206929,3.574806080754221,53.4369522992766,,54.68682748377132,0.3678717184811831
9246,62.98917494616841,-1.732731131572347,3.575442042708845,53.4369522992766,,54.69859131892261,0.3676761698443443
9247,62.99143476500616,-1.732702588182679,3.576071283729461,53.4369522992766,,54.7102107573295,0.3674793406389654
9248,62.99004965722945,-1.728338724102575,3.576695010209387,53.4369522992766,,54.72172057302258,0.3672813181765378
9249,63.00117426861783,-1.731226476401746,3.577316868173134,53.4369522992766,,54.73319465214013,0.3670819860417396
9250,63.00606831297092,-1.735573136804825,3.5779408147439,53.4369522992766,,54.74469733965775,0.3668814315460622
9251,62.99419275342837,-1.734739661474035,3.578569220727691,53.4369522992766,,54.75627081946303,0.3666796546895057
9252,62.97937997568999,-1.72720851657552,3.579200292450819,53.4369522992766,,54.76789189552567,0.3664766263682395
9253,62.98416275024682,-1.728081039098249,3.579828717511691,53.4369522992766,,54.77948800141542,0.3662724338937551
9254,63.01387162223617,-1.740516971284261,3.580455764036414,53.4369522992766,,54.79108440391961,0.3660671063698828
9255,62.99678319339112,-1.733756775496811,3.581086519996085,53.4369522992766,,54.80273536273094,0.3658606437966228
9256,62.98650411362811,-1.731126575797634,3.581720283937662,53.4369522992766,,54.81438229641882,0.3656530170701444
9257,62.97891608622891,-1.732264688946008,3.582352441535133,53.4369522992766,,54.82596511462392,0.3654442843981087
9258,62.96578902705636,-1.736987575521169,3.582981515972961,53.4369522992766,,54.83748530329775,0.3652344166766852
9259,62.96784516732717,-1.731036811204981,3.583608109971467,53.4369522992766,,54.84897837693372,0.3650234139058739
9260,62.97133827029342,-1.730865158530042,3.584232380611396,53.4369522992766,,54.86046098729699,0.3648113342933357
9261,62.97586117341007,-1.732032718144921,3.584855001074441,53.4369522992766,,54.87194442212741,0.3645981487352401
9262,62.98590929678906,-1.739700581017015,3.58547847046016,53.4369522992766,,54.88346059319723,0.3643838572315872
9263,63.00851244775535,-1.739435617553299,3.586104513313156,53.4369522992766,,54.89502666540914,0.3641685470938683
9264,62.99411134629616,-1.731647595600627,3.586735206967291,53.4369522992766,,54.90666082643818,0.3639521601144224
9265,62.99414494981389,-1.739964380661531,3.587367364494545,53.4369522992766,,54.91824500508243,0.3637347836047411
9266,62.99262974894073,-1.736271115211283,3.587998205703473,53.4369522992766,,54.92977397004897,0.3635163884609938
9267,62.98192641443471,-1.729454024230055,3.588627287515489,53.4369522992766,,54.9412830068907,0.3632969746831805
9268,62.96846527329581,-1.731449443387996,3.589254714261271,53.4369522992766,,54.95277903388185,0.3630765713751316
9269,62.96109637323974,-1.73733232336172,3.58987951095056,53.4369522992766,,54.96425366096224,0.3628551785368472
9270,62.96581969165777,-1.733870906698382,3.590501151873964,53.4369522992766,,54.97569156356031,0.3626328252721578
9271,62.98321070351629,-1.730591657098604,3.591121307532016,53.4369522992766,,54.98712392574868,0.3624095115810633
9272,63.00917990348115,-1.738400387185611,3.59174372884428,53.4369522992766,,54.99858522563631,0.3621852374635637
9273,63.02695091035197,-1.738971969594284,3.592370948707579,53.4369522992766,,55.01012677063237,0.3619600320234895
9274,63.0170284052652,-1.732971413418943,3.593003824194589,53.4369522992766,,55.02174509833134,0.3617338952608407
9275,63.00975679168148,-1.737011302647924,3.593638030122634,53.4369522992766,,55.03336228030535,0.3615068562794477
9276,63.02326205378165,-1.739870322234289,3.594270969048521,53.4369522992766,,55.04494196498128,0.3612789732869714
9277,63.00780319682102,-1.734515062023866,3.594902276990705,53.4369522992766,,55.05648585512782,0.3610501880757511
9278,62.99843382859743,-1.734438404450501,3.595529737870092,53.4369522992766,,55.06795717872587,0.3608205879572779
9279,63.00440966363202,-1.72887465938566,3.596153728642994,53.4369522992766,,55.0793620656435,0.3605900856200606
9280,62.99083654298272,-1.7341762484357,3.59677637822007,53.4369522992766,,55.09076532940806,0.36035873927176
9281,62.97607013317381,-1.730679465127297,3.597399666214011,53.4369522992766,,55.1021890030349,0.3601265198085457
9282,62.99184599309436,-1.73859638057502,3.598022705351714,53.4369522992766,,55.113619405511,0.3598934272304177
9283,63.01334770608408,-1.735709515103848,3.598646095923116,53.4369522992766,,55.1250745230695,0.3596595488488674
9284,63.00789331079846,-1.733680335644314,3.599272684656458,53.4369522992766,,55.13657483382253,0.3594248555600643
9285,63.00660644952169,-1.732652579755673,3.599901204098247,53.4369522992766,,55.14807783798967,0.3591893764678389
9286,63.01352653718681,-1.738207415293157,3.6005306657815,53.4369522992766,,55.15956483790244,0.3589531406760216
9287,63.00191589061584,-1.735121017226717,3.601161475238972,53.4369522992766,,55.17105073392516,0.3589251136872917
9288,62.99305970596814,-1.731554608582661,3.601791234856079,53.4369522992766,,55.1825098282964,0.3589643747545779
9289,62.99450794019416,-1.731565468927875,3.602416768579989,53.4369522992766,,55.1939150578868,0.3590014239307493
9290,62.98479405836942,-1.738965666614164,3.603037658727091,53.4369522992766,,55.20527413541825,0.3590362321119756
9291,62.97630353311122,-1.727035662365445,3.603656516494911,53.4369522992766,,55.21660953428439,0.3590688575059175
9292,62.99450768593105,-1.731052627709771,3.604275631939843,53.4369522992766,,55.22794233535947,0.3590992419049144
9293,62.99339825376673,-1.73331755251436,3.604897895010271,53.4369522992766,,55.23932694486329,0.3591274144127965
9294,63.01132955536298,-1.740434247244078,3.605524299444617,53.4369522992766,,55.25076750818042,0.3591534041333944
9295,62.99507580208808,-1.73329826581571,3.606153040010053,53.4369522992766,,55.26224104957721,0.3591772401705384
9296,62.98698600367396,-1.735357631137177,3.606781669133708,53.4369522992766,,55.27369192814869,0.3591988934203982
9297,63.01014513636678,-1.735140309629294,3.60740793288589,53.4369522992766,,55.28508837296493,0.3592184511944652
9298,63.02590011854957,-1.734367213570449,3.608034166252321,53.4369522992766,,55.29647731577677,0.3592358843889087
9299,63.01395679611385,-1.73541012704184,3.608660784365451,53.4369522992766,,55.30786936851128,0.3592512221075594
9300,62.99102611211781,-1.736367946548567,3.609286911697591,53.4369522992766,,55.31925897528127,0.3592644643504173
9301,62.97629433136754,-1.731817563934498,3.609910957482342,53.4369522992766,,55.33062100855971,0.3592755820136517
9302,62.97904500002716,-1.736815433274986,3.610531577937232,53.4369522992766,,55.34193974751773,0.3592846042010933
9303,63.00943458783978,-1.736318185805876,3.611151638244053,53.4369522992766,,55.35325858259093,0.359291530912742
9304,62.99005379372012,-1.731541466744813,3.611775698567539,53.4369522992766,,55.36464573365882,0.3592963621485978
9305,62.98643533536703,-1.731419429464963,3.612402514534288,53.4369522992766,,55.37604822584566,0.3592991561163217
9306,63.00358394432642,-1.738247169600273,3.613029052847733,53.4369522992766,,55.38742449832099,0.3592999128159136
9307,62.99755821139213,-1.73706878816597,3.613655001738978,53.4369522992766,,55.39880869530303,0.3592986613512039
9308,62.99938370636166,-1.73175517924467,3.614280798347352,53.4369522992766,,55.41016505363133,0.3592954017221928
9309,63.01709592373807,-1.733086642748404,3.614904298123599,53.4369522992766,,55.42147579091122,0.359290192136541
9310,63.00506969580124,-1.734321308972369,3.615527756164404,53.4369522992766,,55.43278370986896,0.3592830034904182
9311,63.00328761124742,-1.737756912252446,3.61615081818671,53.4369522992766,,55.44408606483121,0.3592737775761634
9312,62.99425792894881,-1.731710510428543,3.616773291423247,53.4369522992766,,55.45538572818374,0.3592625726014376
9313,62.97944554705501,-1.730393149020131,3.617396256089237,53.4369522992766,,55.46670786784499,0.3592493885662407
9314,62.98431491862438,-1.735519331781044,3.618017904407112,53.4369522992766,,55.478030779116,0.3592342545744032
9315,63.01020011402609,-1.738570439306179,3.618638356405933,53.4369522992766,,55.48934455154476,0.3592171706259251
9316,62.99952862291287,-1.730368845485105,3.61926211235474,53.4369522992766,,55.50071289751225,0.3591981658246368
9317,63.0012703378064,-1.73607077329576,3.619888422810044,53.4369522992766,,55.51206112421127,0.3591772692743689
9318,62.98968064512495,-1.737870501091415,3.620514708959651,53.4369522992766,,55.52337253784644,0.3591544809751213
9319,62.99896366938125,-1.736289846381623,3.621140317301804,53.4369522992766,,55.53466833068155,0.3591298009268939
9320,62.99984537631526,-1.73576384421088,3.621765209381517,53.4369522992766,,55.54596966623026,0.3591032582335174
9321,62.99850187936529,-1.735440299600154,3.62238853873239,53.4369522992766,,55.55726347715825,0.3590748237911612
9322,62.98684441059655,-1.731962189839476,3.623008922906807,53.4369522992766,,55.56855051333876,0.3590445267036557
9323,63.00089176515895,-1.735082744925832,3.623627874130321,53.4369522992766,,55.57981433107082,0.3590123960748315
9324,62.99853152480026,-1.740073210274472,3.624248709579633,53.4369522992766,,55.59108810345209,0.358978402800858
9325,63.00722146320891,-1.733664922589404,3.624872779935439,53.4369522992766,,55.60238210104526,0.3589425759855658
9326,63.02308994705511,-1.736838936711039,3.625498573468095,53.4369522992766,,55.61367845379279,0.3589049447327852
9327,63.01378876802877,-1.739136595986522,3.626124835660768,53.4369522992766,,55.62495037403204,0.3588655090425164
9328,62.99560754409664,-1.732178019117551,3.626749558695169,53.4369522992766,,55.63620092207834,0.3588242980185896
9329,62.98732368339356,-1.727904082223629,3.627372333541506,53.4369522992766,,55.64741289772816,0.3587812825571746
9330,62.998562822426,-1.73913160392879,3.627993093988271,53.4369522992766,,55.65860228773,0.3587365208659321
9331,63.00484068680032,-1.737151227742531,3.62861383901502,53.4369522992766,,55.66981578173971,0.3586900129448622
9332,62.9925685110363,-1.732971483632369,3.629234103714556,53.4369522992766,,55.68108361069413,0.3586417296901345
9333,63.01389106106158,-1.736853288167359,3.629853254313868,53.4369522992766,,55.69225028839047,0.3585917293094099
9334,63.00441622725262,-1.737564654701117,3.630473672173196,53.4369522992766,,55.70352906064062,0.3585399826988578
9335,63.01361341287367,-1.738640328999648,3.631096195747075,53.4369522992766,,55.71478759404774,0.3584864898584783
9336,63.02908571731834,-1.738742048570356,3.631720506933765,53.4369522992766,,55.72587630565022,0.3584313089959323
9337,63.01660040931245,-1.734105051651643,3.632347578972007,53.4369522992766,,55.73713520808752,0.3583744110073894
9338,63.00498403128816,-1.740511930780785,3.632973207992946,53.4369522992766,,55.74834552181053,0.3583158832043409
9339,62.99387336942503,-1.739265405322721,3.633596367192581,53.4369522992766,,55.75951925873976,0.358255667379126
9340,63.00099858885066,-1.730441286596098,3.63421802648533,53.4369522992766,,55.77067334501251,0.3581938217394054
9341,63.01684407646771,-1.731597208171215,3.634838470756686,53.4369522992766,,55.78182852643087,0.3581303171813488
9342,62.99914463826454,-1.741737218475234,3.63545892018593,53.4369522992766,,55.79302362641413,0.3580651537049562
9343,63.00675594788139,-1.738000777430631,3.6360796444685,53.4369522992766,,55.80423135316045,0.357998360414058
9344,62.99739140339037,-1.73419235544673,3.63670024209213,53.4369522992766,,55.81545470653219,0.3579299373086542
9345,63.00987850586012,-1.734424607519142,3.637320739324317,53.4369522992766,,55.82666745413525,0.3578599134925753
9346,62.99470638411184,-1.735573001898557,3.637942147745814,53.4369522992766,,55.83789428044351,0.3577882889658213
9347,63.00372076404814,-1.740020655625403,3.63856317567285,53.4369522992766,,55.8490697437393,0.3577150928322226
9348,63.00324869772068,-1.732199083629696,3.639184153835598,53.4369522992766,,55.86021938279388,0.3576403541956097
9349,63.00063186245664,-1.733550667050674,3.639804806056932,53.4369522992766,,55.87133914317579,0.3575640439521521
9350,62.98988211129605,-1.736939142994003,3.64042412675179,53.4369522992766,,55.88244742289086,0.3574861621018499
9351,62.9962807952076,-1.740151320618049,3.641042746080728,53.4369522992766,,55.89354095138122,0.3574067668523639
9352,63.0237132247394,-1.734897564128079,3.641660943277532,53.4369522992766,,55.90462891987033,0.3573258290998638
9353,63.01132040530169,-1.729875425789379,3.642282082084819,53.4369522992766,,55.91576819207368,0.3572433488443494
9354,63.00646236990237,-1.739572466311372,3.64290469301695,53.4369522992766,,55.92692783331794,0.3571593551896513
9355,63.02374289330424,-1.740655396679827,3.643526667159047,53.4369522992766,,55.93809252115423,0.3570738481357694
9356,63.00961880203342,-1.73155277579401,3.644149335424747,53.4369522992766,,55.94928400006562,0.3569868567865342
9357,63.00186831562259,-1.735049169661828,3.644771666730153,53.4369522992766,,55.96044399992744,0.3568983811419457
9358,63.01423249447384,-1.740310752364124,3.645392459905495,53.4369522992766,,55.97156646788376,0.3568084503058344
9359,63.00604807096978,-1.732604209147814,3.646012756298559,53.4369522992766,,55.98267881082901,0.3567170351743698
9360,62.99793777089106,-1.731662129533757,3.646631959908205,53.4369522992766,,55.9937608327505,0.3566241939552128
9361,62.987392724006,-1.732129245309821,3.647250045663312,53.4369522992766,,56.00481922366974,0.356529897544533
9362,62.98806515338974,-1.740213893873655,3.647868550856782,53.4369522992766,,56.01587752286809,0.3564341750461608
9363,63.00545694188179,-1.736789110657044,3.648487196047864,53.4369522992766,,56.02694150549932,0.3563370264600962
9364,62.99936794118317,-1.730688144497406,3.649105488771192,53.4369522992766,,56.03802807833544,0.3562384517863393
9365,63.01461758807775,-1.733666290777333,3.649724471088267,53.4369522992766,,56.04912065420731,0.3561385092325509
9366,63.0188831189875,-1.739459763932104,3.650345575147588,53.4369522992766,,56.06024622439208,0.3560371405910701
9367,63.00908133373326,-1.730233301250361,3.650968904801667,53.4369522992766,,56.07140317014628,0.3559344331733882
9368,63.0216002242919,-1.737204519252055,3.651592779237725,53.4369522992766,,56.08254841890967,0.3558303287718445
9369,63.01264819974104,-1.736031760940521,3.652216164721468,53.4369522992766,,56.09367763313521,0.3557249146979302
9370,63.00705366225215,-1.73897161182167,3.652837834295561,53.4369522992766,,56.10476968596736,0.3556181327439845
9371,62.99054675954838,-1.731959601086847,3.653457480839457,53.4369522992766,,56.11583630144124,0.3555100411176682
9372,62.98088294224752,-1.733460859746359,3.654074840564815,53.4369522992766,,56.12685898794548,0.3554006107151508
9373,62.99672031091909,-1.731324609449812,3.654688667486099,53.4369522992766,,56.13782547502166,0.3552898415364325
9374,62.99920682570821,-1.738101576067209,3.655301564829183,53.4369522992766,,56.14878541308772,0.3551777917891741
9375,63.01523618867534,-1.736937442447376,3.655917191888379,53.4369522992766,,56.15979034535884,0.3550644323695451
9376,63.01295326593991,-1.732844962857047,3.656536877987102,53.4369522992766,,56.17085746455786,0.354949792381376
9377,63.0203113653492,-1.7368291702474,3.657159706884662,53.4369522992766,,56.18195743120965,0.3548338427208364
9378,63.00050328093661,-1.733694175570903,3.657783680661936,53.4369522992766,,56.19305751544123,0.3547166415955871
9379,62.99765161443437,-1.732278055475798,3.658404953067025,53.4369522992766,,56.20408607666485,0.3545981890056282
9380,62.98959731315694,-1.735041819938396,3.659022565774584,53.4369522992766,,56.21504633670446,0.3544784849509597
9381,62.99023743075592,-1.735491696692865,3.659637534704637,53.4369522992766,,56.22597285623824,0.354357558535412
9382,62.99988094093252,-1.73422147898184,3.660251491000247,53.4369522992766,,56.23690365772174,0.354235409758985
9383,62.99355434373641,-1.731849029455526,3.660866576517983,53.4369522992766,,56.24786807561008,0.3541120386216789
9384,62.99670657982786,-1.733644088425401,3.661484206659751,53.4369522992766,,56.25887147190276,0.3539874451234937
9385,63.00970240629176,-1.730779545708223,3.662102989785827,53.4369522992766,,56.26989759703235,0.3538616583682597
9386,63.01181183390734,-1.735794795667469,3.662722388366845,53.4369522992766,,56.28093119501319,0.3537346783559769
9387,63.01267036017942,-1.734391696402862,3.66334197755719,53.4369522992766,,56.29196305049519,0.3536065050866455
9388,63.00230573651533,-1.732994198779918,3.663962658785178,53.4369522992766,,56.30300552368561,0.3534771676640958
9389,62.9945880624793,-1.732717718303611,3.664583556141389,53.4369522992766,,56.31400923439364,0.3533466660883278
9390,62.99644810500783,-1.735259058247557,3.665203475466318,53.4369522992766,,56.32496470534891,0.3532150585670024
9391,62.99298873080083,-1.730856245479807,3.665821922732716,53.4369522992766,,56.33588943727956,0.3530822868924588
9392,62.98426099351209,-1.733507310265451,3.66643757334275,53.4369522992766,,56.34679192323863,0.3529484092723578
9393,62.97953967456782,-1.729021770602328,3.667051456240018,53.4369522992766,,56.35768509420122,0.352813396602869
9394,62.98708011086767,-1.730607283882598,3.667664451613024,53.4369522992766,,56.36856995176443,0.3526772779878229
9395,62.99935987782426,-1.733009521093037,3.668277846195695,53.4369522992766,,56.37948278335255,0.3525400534272194
9396,63.00278884723834,-1.731243446586982,3.668892438491181,53.4369522992766,,56.39041817956219,0.3524017229210585
9397,62.98718458759777,-1.723195139701241,3.669508501914086,53.4369522992766,,56.40137233904656,0.3522622864693403
9398,62.96785476455336,-1.728508807913213,3.670126342258993,53.4369522992766,,56.41235855806094,0.3521218022797257
9399,62.97361006093718,-1.737016804158138,3.670744017408477,53.4369522992766,,56.42329483315096,0.3519802412483841
9400,62.98944837927893,-1.73393027920883,3.671361331805918,53.4369522992766,,56.43418621138293,0.3518376615829766
9401,62.98892125871529,-1.725470502687694,3.671979026823363,53.4369522992766,,56.4450635593568,0.3516940341796726
9402,62.99909986779409,-1.73518474350888,3.672597138607781,53.4369522992766,,56.45594013152358,0.3515493881423026
9403,62.99554750266881,-1.739734208883952,3.67321535682978,53.4369522992766,,56.46684468993083,0.3514036943670362
9404,62.99126559974497,-1.735052094144766,3.673834667356277,53.4369522992766,,56.4777722529269,0.3512570110615343
9405,63.00369890528796,-1.727473190412811,3.674453393796877,53.4369522992766,,56.48870614178205,0.3513871924951673
9406,62.99900990537381,-1.736253801413396,3.6750697460329,53.4369522992766,,56.49963184330415,0.3516213619150221
9407,62.98548019495536,-1.736304816321335,3.675684885996037,53.4369522992766,,56.51055321478565,0.3518516023177654
9408,62.98047135878586,-1.729393779182444,3.676299246643072,53.4369522992766,,56.52142359401953,0.3520779719110578
9409,62.99671172754145,-1.729575927002613,3.676913435505923,53.4369522992766,,56.53224422292109,0.3523004415910691
9410,62.99682317632649,-1.737294357043913,3.677528957368628,53.4369522992766,,56.54306101509496,0.3525190986692905
9411,63.00873029961858,-1.734535266792215,3.67814631236979,53.4369522992766,,56.5538970689816,0.3527339140418917
9412,63.01030031768371,-1.730550922247915,3.678765700030272,53.4369522992766,,56.56476777101433,0.3529449459165335
9413,62.98954242311962,-1.731372668925613,3.679386089620626,53.4369522992766,,56.57567602110503,0.3531521942932159
9414,62.97255751689652,-1.734599904330316,3.680005894126708,53.4369522992766,,56.58659433235341,0.3533557173795998
9415,62.97763799734622,-1.732220083995044,3.680621807043174,53.4369522992766,,56.59746968158409,0.3535554860718548
9416,63.00202397937807,-1.735292842359081,3.681235255288233,53.4369522992766,,56.60832024590239,0.3537515876814723
9417,63.0062238924382,-1.733830183420272,3.681850252353704,53.4369522992766,,56.61921022032755,0.3539440222084522
9418,63.02319037806271,-1.738770453135338,3.682467996320761,53.4369522992766,,56.6300953297652,0.3541327896527946
9419,63.04271791218666,-1.73719583205803,3.68308694712964,53.4369522992766,,56.64095854222087,0.3543179482221603
9420,63.03950229796354,-1.735643170995524,3.683708038218148,53.4369522992766,,56.65182871559183,0.3544994979165494
9421,63.02424807816227,-1.734690966023382,3.684331408165726,53.4369522992766,,56.66272471287357,0.35467749694362277
9422,63.01975984675987,-1.737191349600857,3.684954473225149,53.4369522992766,,56.67362497873124,0.35485191619955
9423,63.0126328461818,-1.734846089470891,3.685574171588041,53.4369522992766,,56.68450340191118,0.3550227847881615
9424,63.00104433550322,-1.732376605543241,3.686191097189297,53.4369522992766,,56.69535559393623,0.3551901609171182
9425,62.98604217711259,-1.734174921389254,3.6868071046645,53.4369522992766,,56.70620431524148,0.3553540445864201
9426,62.97637736050466,-1.73330223043485,3.687420635530136,53.4369522992766,,56.7170093005349,0.3555144357960671
9427,62.99848595931471,-1.733309203263838,3.688031764622914,53.4369522992766,,56.72776336830129,0.3556713927537203
9428,63.02587870326489,-1.736606554579955,3.688644348649088,53.4369522992766,,56.73853507889114,0.35582494456321
9429,63.03883203720206,-1.738848865889365,3.689262083361922,53.4369522992766,,56.74935921069357,0.3559750912245363
9430,63.03911152382788,-1.739450257050867,3.689884759621753,53.4369522992766,,56.76022875049751,0.3561218618415296
9431,63.04352435816446,-1.735411319547934,3.690509779599479,53.4369522992766,,56.77112513877272,0.3562652855180204
9432,63.03124547709965,-1.736556408198222,3.691134763194055,53.4369522992766,,56.78203664625784,0.3564053913578391
9433,63.00418685660793,-1.733100139361118,3.691755981029327,53.4369522992766,,56.79292709164695,0.3565421502571553
9434,62.99213621389796,-1.730718136991658,3.692369748861674,53.4369522992766,,56.80370857024183,0.3566756204236299
9435,62.99778613239783,-1.735107414377262,3.692978334403929,53.4369522992766,,56.8143996740941,0.3568058309610933
9436,63.03112815956008,-1.738323402700346,3.693587603020229,53.4369522992766,,56.82508694551043,0.3569327818695456
9437,63.01549181716793,-1.730532303433207,3.694202920687445,53.4369522992766,,56.83586434656868,0.3570564731489867
9438,63.01189389163434,-1.737428522872252,3.69482221655926,53.4369522992766,,56.84666746340304,0.357176992110908
9439,63.0244974370906,-1.737249144726712,3.695441132402825,53.4369522992766,,56.85745942308694,0.3572943096514791
9440,63.01625198665548,-1.729745170964219,3.696060103821097,53.4369522992766,,56.86825087130583,0.3574084548745304
9441,63.01304983249588,-1.73615688948327,3.696680765106212,53.4369522992766,,56.87905983416089,0.3575194568838924
9442,62.99856211478881,-1.737899903318853,3.697301404357315,53.4369522992766,,56.88987187718938,0.3576273447833955
9443,62.99830939522242,-1.737994059338146,3.69791950152913,53.4369522992766,,56.90066123774853,0.3577320894692093
9444,62.99688908709406,-1.728336334947981,3.698532877983081,53.4369522992766,,56.91139213970388,0.3578337491489947
9445,62.99904554705101,-1.735713032195488,3.699141823344783,53.4369522992766,,56.92205451150205,0.3579323529265821
9446,63.00288840829627,-1.73763254979528,3.699749677837929,53.4369522992766,,56.9327003128074,0.3580278716981411
9447,63.00863366269222,-1.728934476174357,3.700360570764308,53.4369522992766,,56.94338804813211,0.3581203927751631
9448,63.00457518982309,-1.728974583377393,3.70097620369701,53.4369522992766,,56.95412709910657,0.3582098579499871
9449,63.00281999163545,-1.734251452237551,3.701594885756219,53.4369522992766,,56.96488503383522,0.3582963545341045
9450,63.00106863048859,-1.739824808814993,3.702214213602959,53.4369522992766,,56.97565973722485,0.3583798534236848
9451,63.00033276875223,-1.732963243115489,3.702832306303254,53.4369522992766,,56.98642526822455,0.3584604128263891
9452,62.99114762280593,-1.730567867439776,3.703447747851166,53.4369522992766,,56.99715967029413,0.3585380036383867
9453,62.99930948782319,-1.737077640308781,3.704060168558733,53.4369522992766,,57.00784052353959,0.3586127131711692
9454,63.01357009528316,-1.738068217794141,3.704671059468787,53.4369522992766,,57.01847450065386,0.3586845123209059
9455,63.01634170938154,-1.734068952760791,3.705283686022499,53.4369522992766,,57.02911805611601,0.358753401087597
9456,62.99764555032764,-1.730876181142803,3.705901232510827,53.4369522992766,,57.0398317512551,0.3588194376789033
9457,62.98850568962909,-1.733407927674979,3.706521293101529,53.4369522992766,,57.05057726761052,0.3588826220948249
9458,62.989287143071,-1.733915244275795,3.707138103788863,53.4369522992766,,57.06129747936355,0.3589429834391922
9459,63.01515372042074,-1.732939999296129,3.707750268110402,53.4369522992766,,57.07197478369703,0.3590004926081747
9460,63.00656891342332,-1.733440338290226,3.708363384726444,53.4369522992766,,57.08267456239751,0.3590552369132638
9461,63.00284240606072,-1.733211226846884,3.708980368339811,53.4369522992766,,57.09337416095461,0.3591071872506291
9462,62.99630015413149,-1.733395934797872,3.709599780848245,53.4369522992766,,57.10405741767624,0.3591564018279314
9463,62.99446031322292,-1.733163976919793,3.710219510281549,53.4369522992766,,57.11473602143429,0.3592028224375099
9464,62.99738408072268,-1.732026288413663,3.710835924015898,53.4369522992766,,57.12537367193504,0.3592465363908559
9465,63.00259448094111,-1.730654301943182,3.711445830622393,53.4369522992766,,57.13593532063219,0.359287514584139
9466,63.01352211284122,-1.733388713954574,3.71205198310431,53.4369522992766,,57.14646435564631,0.3593258152250201
9467,63.00737698798918,-1.732913620285889,3.712660830822412,53.4369522992766,,57.15705445229838,0.3593614092096686
9468,63.00019917101073,-1.733436398235843,3.713276479248159,53.4369522992766,,57.1677327422733,0.3593943256419152
9469,63.01296445990546,-1.734137747667384,3.71389638627177,53.4369522992766,,57.17846218972027,0.3594246227294207
9470,63.00044591800179,-1.728125809918352,3.714516302176381,53.4369522992766,,57.18920791263073,0.3594522422645241
9471,63.00007544391822,-1.733987132515141,3.715133767780451,53.4369522992766,,57.19990954843887,0.3594772715587169
9472,63.01884856230502,-1.737170967717678,3.715748167664255,53.4369522992766,,57.21053814211028,0.359499710611999
9473,63.01164543328156,-1.730248823488788,3.716362759677042,53.4369522992766,,57.22115318780804,0.3595195303205401
9474,63.00638267936212,-1.734705466198501,3.716980526040504,53.4369522992766,,57.23179432146693,0.3595367888920009
9475,63.00258930217063,-1.733425327646659,3.717598623388021,53.4369522992766,,57.24242844457938,0.3595514863263816
9476,63.00541177303891,-1.734197681212039,3.718213388832214,53.4369522992766,,57.2530327764826,0.359563622623682
9477,63.0064217434869,-1.726731162253027,3.7188230970184,53.4369522992766,,57.26359520410298,0.3595732559915632
9478,63.01237574697375,-1.730570601532036,3.719431045680554,53.4369522992766,,57.27414159783173,0.3595803282223642
9479,63.03598608338395,-1.734451536472812,3.720041825285322,53.4369522992766,,57.28472278875264,0.3595849266275764
9480,63.02611849312937,-1.735269582589838,3.720659313528521,53.4369522992766,,57.29539379288858,0.3595870512071997
9481,63.03472670722101,-1.735949493362382,3.721281826243081,53.4369522992766,,57.3060983042601,0.3595866728574038
9482,63.01820812567188,-1.733761061309132,3.721903474638783,53.4369522992766,,57.31676314186875,0.3595838788896799
9483,63.01982044322875,-1.736127041948636,3.722521462678471,53.4369522992766,,57.32736358123746,0.3595786110963672
9484,63.03018231552535,-1.732731472608862,3.723136423939041,53.4369522992766,,57.33792026413914,0.3595709567889571
9485,63.02801923648986,-1.733149024551243,3.723751167755612,53.4369522992766,,57.34848501933052,0.3595608577597886
9486,63.00284050610689,-1.736220636507612,3.724365766531422,53.4369522992766,,57.35907169161638,0.3595483722165227
9487,62.98776083708763,-1.732691633090834,3.724979334652061,53.4369522992766,,57.36964813713892,0.3595334710553288
9488,62.97786451846013,-1.730424464772065,3.725591293848329,53.4369522992766,,57.3802082460007,0.3595162415876985
9489,62.99775218165502,-1.732691135441563,3.726202397705222,53.4369522992766,,57.3907578334392,0.3594966256059706
9490,63.00215602176564,-1.734967739103604,3.726814295394716,53.4369522992766,,57.40132974997721,0.3594746522139758
9491,63.02724146917609,-1.737338587127654,3.727428687630666,53.4369522992766,,57.41189668838875,0.3594503796193749
9492,63.01979102289255,-1.733963468064628,3.728044644764467,53.4369522992766,,57.42245555085903,0.3594237787183374
9493,63.00872721675334,-1.732337047628125,3.728661420168019,53.4369522992766,,57.43300576918399,0.3593949077185243
9494,62.99997791871575,-1.733716638249942,3.729277398936411,53.4369522992766,,57.44354057495491,0.3593637375161052
9495,63.01398828127444,-1.735391635302116,3.729891009637516,53.4369522992766,,57.45404889320531,0.3593302681110799
9496,63.00186153599495,-1.730948377698383,3.730503115877572,53.4369522992766,,57.46455200325026,0.3592945577111095
9497,62.98961910796028,-1.72890307041276,3.731113842525427,53.4369522992766,,57.47505251906734,0.3592565772123635
9498,62.98645613333431,-1.730661007245101,3.731724230078976,53.4369522992766,,57.48554735935885,0.3592163848225027
9499,63.00707714583253,-1.739518076017393,3.732336168690047,53.4369522992766,,57.49605424594287,0.3591739514376968
9500,63.01993849817546,-1.739007494265156,3.732952046351037,53.4369522992766,,57.50661771271786,0.3591293061617762
9501,63.02985078738337,-1.732598513054522,3.733572051929971,53.4369522992766,,57.5172097619527,0.3590824780985713
9502,63.01268702986954,-1.734077408600983,3.734194051824953,53.4369522992766,,57.52779194660162,0.3590334672480822
9503,62.99982989768878,-1.735109207536461,3.734813283157527,53.4369522992766,,57.53831024898695,0.3589823027141392
9504,63.0013629980846,-1.733730114438212,3.735428178811258,53.4369522992766,,57.54877574761106,0.3589289844967425
9505,63.01070591578207,-1.730406601633906,3.736037858892995,53.4369522992766,,57.5591992572101,0.3588734834920615
9506,63.00243353742606,-1.732840604404957,3.736644734015125,53.4369522992766,,57.56961192327657,0.3588158870115876
9507,62.99076209741045,-1.733667883613708,3.737252171330065,53.4369522992766,,57.58006626467906,0.3587561368476599
9508,62.98183600081083,-1.726960798491074,3.73786328875432,53.4369522992766,,57.59054816913824,0.3586942912079394
9509,62.99926051302671,-1.727949319344586,3.738478269969228,53.4369522992766,,57.60104655576151,0.3586303500924259
9510,63.00641577398551,-1.737148219019483,3.739096799669796,53.4369522992766,,57.61158276418141,0.3585643426049501
9511,63.00693820463289,-1.735391062399164,3.739716734291622,53.4369522992766,,57.62211861890695,0.3584962396416813
9512,63.00904666795152,-1.739289018087124,3.740334290561405,53.4369522992766,,57.63260130265947,0.3584260994102806
9513,63.00108260324564,-1.733531731059961,3.740949558517618,53.4369522992766,,57.64304857051371,0.3583539219107479
9514,62.99076329880398,-1.731095336999742,3.741563074896757,53.4369522992766,,57.65348131642531,0.3582797071430832
9515,62.9967472202724,-1.73358127220563,3.742176136520389,53.4369522992766,,57.66391569872159,0.358203484211117
9516,63.00655297901998,-1.733182598266037,3.742786659801558,53.4369522992766,,57.67432921342958,0.35812522401101893
9517,63.02428870217764,-1.736917246237776,3.743396256698824,53.4369522992766,,57.68475174945776,0.3580449847504497
9518,63.01651164924488,-1.734586766321808,3.744008327086447,53.4369522992766,,57.69521444215357,0.3579627664294094
9519,63.01336416250561,-1.733584802797568,3.744623880089642,53.4369522992766,,57.70571385780674,0.3578785690478981
9520,63.01733829031081,-1.735461149928279,3.745241769275976,53.4369522992766,,57.71623048507688,0.3577924217097461
9521,62.99859728171297,-1.728757641785891,3.745861408135449,53.4369522992766,,57.72673734671255,0.3577042953111231
9522,62.98811882212968,-1.735062835046416,3.746479296056718,53.4369522992766,,57.73718608671919,0.35761424805969
9523,62.98536396978012,-1.72952707270447,3.747093481328182,53.4369522992766,,57.74758382166687,0.3575222799554467
9524,62.98932755735579,-1.734467319145946,3.747704058216106,53.4369522992766,,57.75795053162344,0.3574283909983933
9525,62.9866469065385,-1.730177869366899,3.748311009101912,53.4369522992766,,57.76828709681478,0.3573326102923602
9526,62.99579142759624,-1.73381921009485,3.748916698369547,53.4369522992766,,57.77861674835401,0.3572349087335169
9527,63.01497450622147,-1.735194420738685,3.749525166258461,53.4369522992766,,57.78898803158015,0.3571353445295244
9528,63.01654599311448,-1.738844591832217,3.750139373493027,53.4369522992766,,57.79942639842159,0.3570339176803827
9529,63.04711298160637,-1.73874433825199,3.750758598972939,53.4369522992766,,57.80991343417941,0.3569306281860918
9530,63.03107927653814,-1.735649690602946,3.751381372848059,53.4369522992766,,57.82046265579046,0.3568255051504821
9531,63.0167801348553,-1.737257890961281,3.752003647224709,53.4369522992766,,57.83099094332496,0.3567185485735536
9532,63.01078197008918,-1.7362189710831,3.752621272193098,53.4369522992766,,57.8414496523209,0.3566097875591367
9533,63.01025203538989,-1.730376569517429,3.753235713789516,53.4369522992766,,57.85185855641451,0.3564991930034012
9534,63.01527711322166,-1.736310188163264,3.753849543305213,53.4369522992766,,57.86224624440609,0.3563867940101773
9535,63.02176738914628,-1.737947962757479,3.754464691257568,53.4369522992766,,57.87264719198279,0.356272590579465
9536,63.03863740517173,-1.735423176097616,3.755081655105852,53.4369522992766,,57.88307826088131,0.3561566409189254
9537,63.01965288161764,-1.733982693931901,3.755699680665782,53.4369522992766,,57.8935400323585,0.3560388868208975
9538,63.0316277864239,-1.740731284511922,3.756316302664411,53.4369522992766,,57.90398645498403,0.3559194155968726
9539,63.04441734571525,-1.733482357512107,3.756930135473095,53.4369522992766,,57.91441653304509,0.3557981690391898
9540,63.04129576080873,-1.735233442741844,3.757543421705571,53.4369522992766,,57.92482372585498,0.3556752053555101
9541,63.03117716461706,-1.731494970280755,3.758157854088414,53.4369522992766,,57.93520967033964,0.355550495442003
9542,63.02073907689068,-1.733632501797316,3.758773713289751,53.4369522992766,,57.94559490094383,0.3554240975063294
9543,63.02601227980086,-1.738318334952231,3.759389638774554,53.4369522992766,,57.95596816851334,0.3552960115484893
9544,63.04071840545195,-1.737120895710081,3.760004366769881,53.4369522992766,,57.96632995708838,0.3551662084646523
9545,63.03318382812897,-1.730149031476167,3.760618507078015,53.4369522992766,,57.97668998836138,0.3550347464624792
9546,63.03233031161209,-1.736060695671321,3.761233054467431,53.4369522992766,,57.9870485274856,0.3549015964381397
9547,63.03052724064361,-1.737865567298281,3.761847494093257,53.4369522992766,,57.99741012673861,0.3547667874954641
9548,63.04276301430532,-1.737608892003706,3.762461745144626,53.4369522992766,,58.00779352218148,0.3546303487382829
9549,63.0298219639776,-1.735610366638047,3.76307635087106,53.4369522992766,,58.01820578227104,0.3544922801665962
9550,63.02225501542294,-1.737739856100039,3.763691700732742,53.4369522992766,,58.0286563129824,0.3543525817804039
9551,63.02078503703082,-1.735079737129707,3.76430553687921,53.4369522992766,,58.03906129452538,0.354211253579706
9552,63.01927102623766,-1.735276953965702,3.764916831900647,53.4369522992766,,58.04937885803135,0.3540683537721634
9553,63.03028310406287,-1.734405454396334,3.765527049263055,53.4369522992766,,58.0596457610124,0.3539238241501153
9554,63.01448865069015,-1.73676683915799,3.766138629044039,53.4369522992766,,58.06991624235198,0.3537777520250529
9555,62.99894173036344,-1.732214440374315,3.76675228116091,53.4369522992766,,58.08020072483574,0.3536300791893154
9556,62.99394712668511,-1.730494720538319,3.76736396144093,53.4369522992766,,58.09045326951835,0.3534808347467333
9557,63.0104562844716,-1.73098667165387,3.767972564646455,53.4369522992766,,58.10066710677667,0.353330047801137
9558,63.02738032572919,-1.735223974382923,3.768581011285561,53.4369522992766,,58.11089558622298,0.3531777474563569
9559,63.01926306609854,-1.733395628718538,3.769193067041627,53.4369522992766,,58.12117744056273,0.3530239046085626
9560,63.00015220594351,-1.730750799893713,3.769806933522698,53.4369522992766,,58.13148493455334,0.3528685192577541
9561,63.01313691948548,-1.733485513023785,3.770420532405622,53.4369522992766,,58.14177555415628,0.3527116496115923
9562,63.01493254390652,-1.734847803560467,3.771034062719502,53.4369522992766,,58.15206549814709,0.3525532665662467
9563,63.00487346023171,-1.731268547692491,3.771647782174453,53.4369522992766,,58.16235297492435,0.3523934283293784
9564,63.00049432136692,-1.730763344401779,3.772261226681577,53.4369522992766,,58.17263617940915,0.3522320766933262
9565,62.98801434116972,-1.732884960100061,3.772875041302019,53.4369522992766,,58.18292984641365,0.3520692698657513
9566,62.97445251549773,-1.734526891092275,3.77348757804313,53.4369522992766,,58.19318982553899,0.3519050078466535
9567,62.97594208531969,-1.733097103606608,3.774096399736914,53.4369522992766,,58.20338985402952,0.3517393197398633
9568,62.99218992468285,-1.732169961636396,3.774701920896947,53.4369522992766,,58.2135449397104,0.3515721473377198
9569,62.99221875621706,-1.731371608214485,3.775307107850486,53.4369522992766,,58.22370028777254,0.3514035779517144
9570,63.0080959315474,-1.738695930710044,3.77591450175243,53.4369522992766,,58.23386902048415,0.3512336115818471
9571,63.02542382314293,-1.731732435756585,3.776525522275795,53.4369522992766,,58.24408571605335,0.3511420800350606
9572,63.02423055043423,-1.733290381402034,3.777141776786817,53.4369522992766,,58.25438116645577,0.3511559625621885
9573,63.02317213979918,-1.733380666226954,3.77776168419072,53.4369522992766,,58.26474605639338,0.3511677787173539
9574,63.01112394379052,-1.735997189611456,3.778382470117715,53.4369522992766,,58.27512636920293,0.3511775576043874
9575,62.98820958114757,-1.727975635685818,3.779001699556483,53.4369522992766,,58.28548901203199,0.3511852992232889
9576,62.97803597223483,-1.728343952997232,3.779612944591708,53.4369522992766,,58.29569838956593,0.3511910326778889
9577,62.97645277964139,-1.7297589487243,3.780217562461342,53.4369522992766,,58.30578004049203,0.3511947579681873
9578,62.99409905309516,-1.736975158806119,3.780820287503815,53.4369522992766,,58.31582241526216,0.3511965041980147
9579,63.01545027244427,-1.733672544609564,3.781425510017591,53.4369522992766,,58.32590623148814,0.3511962422635406
9580,63.01166599020659,-1.733432209845773,3.78203443930333,53.4369522992766,,58.33606442498325,0.3511940012685955
9581,63.00704991913834,-1.730314780050049,3.782647402531361,53.4369522992766,,58.34629270541123,0.3511897812131792
9582,63.00910637875925,-1.73299716510257,3.783263645919396,53.4369522992766,,58.35657318022668,0.3511835820972919
9583,63.00279073641786,-1.729018108743403,3.783879864986354,53.4369522992766,,58.36684887971397,0.3511754621285945
9584,63.00107003430836,-1.728527092434268,3.78449469112305,53.4369522992766,,58.37708964621131,0.351165363099426
9585,63.01564062207491,-1.735261891145521,3.785109580821774,53.4369522992766,,58.38731632349197,0.3511533432174474
9586,62.99168945186654,-1.735058206206301,3.785726743962666,53.4369522992766,,58.39756700743926,0.3511394024826586
9587,62.97553508850723,-1.728748891242459,3.786344001602727,53.4369522992766,,58.407806197998,0.3511235408950597
9588,62.98149581590337,-1.732390730536837,3.786956634388782,53.4369522992766,,58.41798178435135,0.3511057584546506
9589,63.00730897130296,-1.734158827130511,3.787563886667088,53.4369522992766,,58.42809365560182,0.3510860842652619
9590,63.01427140312143,-1.735022298196952,3.78817057394836,53.4369522992766,,58.4382086470586,0.3510645183268934
9591,63.02741712640142,-1.731830393727077,3.788781331947383,53.4369522992766,,58.44838749848269,0.3510410897433758
9592,63.02928975534449,-1.733235664915414,3.789396472614873,53.4369522992766,,58.45862358538785,0.351015740307048
9593,63.01283101916233,-1.73354265696539,3.790014721950157,53.4369522992766,,58.46889235760373,0.3509885573294014
9594,62.99248896178604,-1.736457646204085,3.79063242490231,53.4369522992766,,58.4791355966195,0.3509595117066056
9595,62.99107367424895,-1.729735714368094,3.79124728496847,53.4369522992766,,58.48931853681527,0.3509286034386605
9596,63.01006322859016,-1.735810373722193,3.791859222327912,53.4369522992766,,58.49944183336468,0.3508958907332271
9597,63.00851237263772,-1.735664851515996,3.79247061900409,53.4369522992766,,58.50955570114582,0.3508613153826445
9598,63.00142340318058,-1.736235603983734,3.79308247664332,53.4369522992766,,58.51968524389856,0.3508249064907432
9599,62.99099093335705,-1.729603940999015,3.793695488057654,53.4369522992766,,58.52984220825393,0.3507867222651839
9600,63.00720538399595,-1.738039371797522,3.794310282003655,53.4369522992766,,58.54002587272582,0.3507467044983059
9601,63.00681524212613,-1.736648241137294,3.79492592816187,53.4369522992766,,58.55024543326739,0.35070491139777
9602,63.02310133573159,-1.737595856596103,3.795542141989739,53.4369522992766,,58.56047542264638,0.3506613138597459
9603,63.05274175382085,-1.740028052863765,3.796157993045957,53.4369522992766,,58.57068930873469,0.3506159409880638
9604,63.02930600467451,-1.739484943138649,3.79677633259764,53.4369522992766,,58.58090194801858,0.3505687927827239
9605,63.00478046523931,-1.73767100718692,3.797392798216889,53.4369522992766,,58.59104933144589,0.3505198692437261
9606,63.00434928185764,-1.7367783293792,3.79800754072761,53.4369522992766,,58.6011488132721,0.3504692285787314
9607,63.02211533707415,-1.740615662309253,3.798622482165552,53.4369522992766,,58.61125546489699,0.3504168125800788
9608,63.00556847809137,-1.73598410173484,3.799238076492909,53.4369522992766,,58.6213936864202,0.3503626794554293
9609,63.01477270824471,-1.738528715552477,3.799851968573096,53.4369522992766,,58.63152176945445,0.3503068001009524
9610,63.00684331739426,-1.73639109491954,3.800464369353736,53.4369522992766,,58.64165290562146,0.3502492036204785
9611,63.00946421115567,-1.739704272663883,3.801077620745231,53.4369522992766,,58.65179654742846,0.3501898900140077
9612,63.02393592137446,-1.74069421173673,3.801691097024024,53.4369522992766,,58.66193688314041,0.3501288883853704
9613,63.01134956329998,-1.734130100738762,3.802305325994586,53.4369522992766,,58.67208450727308,0.3500661696307361
9614,63.01139465734715,-1.738069136795926,3.802918737683371,53.4369522992766,,58.68220035262066,0.3500017919577658
9615,63.01218990133111,-1.738608667308489,3.803531058903155,53.4369522992766,,58.69229198321961,0.3499356971587986
9616,63.02568438575102,-1.738725269008147,3.804144179372222,53.4369522992766,,58.70238780489108,0.3498679725453258
9617,63.01900976584434,-1.736319845762565,3.804760477611559,53.4369522992766,,58.71252392097671,0.3497985599096864
9618,63.02640220480484,-1.742861233417129,3.805377505180084,53.4369522992766,,58.72266445045182,0.3497274883557111
9619,63.01714482581421,-1.737398238983389,3.805992683754752,53.4369522992766,,58.73278259537513,0.3496547869872302
9620,63.01041759717184,-1.732748802832011,3.806605496524297,53.4369522992766,,58.74286772204805,0.3495804558042437
9621,63.00834806277634,-1.731624211875603,3.80721714537116,53.4369522992766,,58.75293055971005,0.3495044657029212
9622,63.0064090332144,-1.739244055192138,3.807828309509923,53.4369522992766,,58.762998341521,0.3494268748909235
9623,63.00510386393955,-1.73468047444848,3.8084390028935,53.4369522992766,,58.77306342589037,0.3493476542644203
9624,63.00154760375585,-1.731730552929553,3.809050211424513,53.4369522992766,,58.78313753568981,0.3492668620310724
9625,63.00371416223054,-1.7311411582837,3.809662901331779,53.4369522992766,,58.79321433918409,0.3491844399832189
9626,63.03083872809459,-1.740275386734995,3.810275664412269,53.4369522992766,,58.80328652216244,0.3491004463285208
9627,63.0306389914414,-1.739235528733256,3.810889074834865,53.4369522992766,,58.8133720322006,0.3490148519631475
9628,63.05398497033562,-1.740141894957679,3.811503974495294,53.4369522992766,,58.82345650650129,0.3489276859909296
9629,63.0426471998903,-1.733757648519133,3.812119341249454,53.4369522992766,,58.83353555889115,0.3488389775156975
9630,63.02902282763237,-1.742362837331967,3.812735216656812,53.4369522992766,,58.84360842261992,0.3487486974336207
9631,63.01343621973814,-1.734630513882206,3.813351152941992,53.4369522992766,,58.85367804062437,0.3486568748485297
9632,63.00213927157886,-1.730301436700086,3.813966372569774,53.4369522992766,,58.86373771779859,0.3485635097604245
9633,62.9917794054555,-1.73353576408478,3.814577901499103,53.4369522992766,,58.87375300734986,0.3484686021693051
9634,63.00395315823145,-1.739469562502295,3.815185641207194,53.4369522992766,,58.88372736998183,0.34837218117900187
9635,63.01119779947073,-1.734856534368602,3.815793814108134,53.4369522992766,,58.89371577604974,0.348274246789515
9636,63.00196988340009,-1.737071726205571,3.8164052994373,53.4369522992766,,58.90374128379116,0.3481747698970139
9637,63.01000990882662,-1.736172865596213,3.817019749055198,53.4369522992766,,58.91378746432741,0.34807383781299
9638,63.02432890806132,-1.738347144962322,3.817635579830846,53.4369522992766,,58.92383920303776,0.3479713923297822
9639,63.01796848778763,-1.734014076459446,3.818253328668482,53.4369522992766,,58.9339088210029,0.3478674625512213
9640,63.00597995088706,-1.734491222901711,3.818869013016917,53.4369522992766,,58.943958416082,0.347762048477307
9641,62.99898927745765,-1.734492551424398,3.819479707186359,53.4369522992766,,58.95394532240339,0.3476551792118698
9642,62.99268697463157,-1.738886112897435,3.820087377857275,53.4369522992766,,58.96388997233937,0.3475468256510794
9643,63.02087451630594,-1.73642762506964,3.820694223134156,53.4369522992766,,58.97381663479666,0.3474370460025966
9644,63.01775182751166,-1.734029911288878,3.821303122370912,53.4369522992766,,58.98377491180712,0.347325811162591
9645,63.01826834686699,-1.737411626727176,3.8219157383132,53.4369522992766,,58.99376610537556,0.347213150234893
9646,63.04026238174596,-1.739045410113356,3.822529166208565,53.4369522992766,,59.00376029445745,0.3470990341156721
9647,63.02152517597283,-1.73411767594148,3.823143698509762,53.4369522992766,,59.01377053335129,0.3469835210125893
9648,63.01864799015302,-1.736831067895797,3.823759801086665,53.4369522992766,,59.02378373185927,0.3468665818218142
9649,63.01033831474933,-1.737262908893813,3.824375815270002,53.4369522992766,,59.03378594323124,0.3467482165433466
9650,63.00461107475047,-1.735317205416354,3.82499059322824,53.4369522992766,,59.04377124944471,0.3466284833848476
9651,62.9981710949091,-1.733221654732361,3.825602851609231,53.4369522992766,,59.05374736301913,0.3465073532424867
9652,62.99171044102989,-1.731659932340024,3.82621169132156,53.4369522992766,,59.06369134024505,0.3463848261162639
9653,63.00272428704648,-1.735366374914506,3.826818360025887,53.4369522992766,,59.07360547783154,0.3462609311100096
9654,63.01115232635024,-1.739630155622854,3.827426038472639,53.4369522992766,,59.08352385927024,0.3461356682237238
9655,63.02142077034832,-1.73566527461794,3.828036972687465,53.4369522992766,,59.09347324083861,0.346009066561237
9656,63.04083409877492,-1.734271087310589,3.828650809069774,53.4369522992766,,59.10344926471073,0.3458810970187187
9657,63.03122240331855,-1.736586604783811,3.829268098789402,53.4369522992766,,59.11345932926181,0.345751759596169
9658,63.03494365391025,-1.739131154532585,3.829888803448684,53.4369522992766,,59.12350611185735,0.3456211125012487
9659,63.02422151393341,-1.735960097018614,3.830509562832168,53.4369522992766,,59.13355092417288,0.3454891266301274
9660,63.01019825122792,-1.736240888016586,3.831126345039194,53.4369522992766,,59.14356039429933,0.3453558310866356
9661,63.00325886641198,-1.734529236608465,3.831737333058311,53.4369522992766,,59.1535035468357,0.3452212258707732
9662,63.02600250494723,-1.741386582156395,3.832344618645279,53.4369522992766,,59.16338939358171,0.3450853109825402
9663,63.01954343149445,-1.73261701642831,3.832953198349825,53.4369522992766,,59.17329594584999,0.3449480864219368
9664,63.01440417590611,-1.736097377593651,3.833564386111257,53.4369522992766,,59.18322805298238,0.3448095812927932
9665,63.010950428943,-1.735304765440672,3.834176220946874,53.4369522992766,,59.19315247445761,0.3446697955951095
9666,63.02246964776178,-1.741203853349386,3.834788636739943,53.4369522992766,,59.20305847323522,0.3445287293288857
9667,63.01891115708361,-1.737271867365704,3.835402755387554,53.4369522992766,,59.21297373697666,0.3443864115979522
9668,63.03103923790934,-1.740700250730226,3.836018088131821,53.4369522992766,,59.22289851717566,0.3442428132984787
9669,63.03726330004262,-1.73746256702174,3.836633881949782,53.4369522992766,,59.23284073417064,0.3441305307205766
9670,63.02326351524448,-1.73763130569273,3.837250759032087,53.4369522992766,,59.24280928592302,0.3440873988438398
9671,63.01366473052266,-1.736619203141577,3.837866687961617,53.4369522992766,,59.25276396719643,0.3440427826717496
9672,63.00261984529344,-1.734105208817548,3.838480758150848,53.4369522992766,,59.26268949077988,0.3439966822043061
9673,63.01151164013642,-1.737081439047384,3.839093074434171,53.4369522992766,,59.27258987009327,0.3439490974415094
9674,63.00706745540825,-1.739568555899465,3.839703125168788,53.4369522992766,,59.28248354651041,0.3438999992795289
9675,63.01693294895372,-1.741209344595776,3.840311247973356,53.4369522992766,,59.2923468981928,0.3438494459260255
9676,63.03477655753559,-1.732606935708519,3.840919864768025,53.4369522992766,,59.30220737195676,0.3437974373809993
9677,63.03161346792146,-1.732981716793507,3.841532330288269,53.4369522992766,,59.31209368691093,0.3437439736444503
9678,63.01813462091569,-1.743218454994732,3.842149490900569,53.4369522992766,,59.3220260292269,0.3436890547163785
9679,63.02403834410021,-1.73996941332168,3.842767367788479,53.4369522992766,,59.33196368226056,0.3436327097006142
9680,63.0121012026597,-1.72922424786019,3.843383595903352,53.4369522992766,,59.3418960252266,0.3435749094933271
9681,63.00066910289061,-1.735398715754785,3.843998150792767,53.4369522992766,,59.3518019320188,0.3435156831983477
9682,62.98619084163103,-1.736620592117887,3.844609992795429,53.4369522992766,,59.36167102288552,0.3434550017118454
9683,62.97922425003116,-1.735446143459785,3.845219342914715,53.4369522992766,,59.37149360096058,0.3433929232414812
9684,63.00284838635999,-1.735461837507967,3.845826633893749,53.4369522992766,,59.38128623512176,0.3433294186834246
9685,62.99720539092262,-1.731408701213112,3.846435339368812,53.4369522992766,,59.39111299716338,0.3432645171415061
9686,63.0212453457554,-1.743629604983575,3.847046424219652,53.4369522992766,,59.40095166270115,0.3431982186157256
9687,63.04024793818387,-1.742049505215289,3.847660241963351,53.4369522992766,,59.41082525717801,0.3431304940022528
9688,63.05870405145919,-1.737838063134242,3.848277162643939,53.4369522992766,,59.42073545299074,0.3430614015087485
9689,63.0764106825369,-1.73583351613373,3.848896642487381,53.4369522992766,,59.43067398168456,0.3429909120313823
9690,63.05947253754907,-1.742240634384801,3.84952085864639,53.4369522992766,,59.44067466394424,0.3429190546739846
9691,63.02118896508941,-1.7386209150838,3.850143468681304,53.4369522992766,,59.45065210498262,0.3428458294365555
9692,62.99626047945627,-1.734997313838154,3.850759763873815,53.4369522992766,,59.46052886165863,0.3427712363190949
9693,62.97959815995721,-1.73494508186417,3.851369479842209,53.4369522992766,,59.47030135642322,0.3426952462177724
9694,62.99654559645965,-1.740604916982601,3.851975735371997,53.4369522992766,,59.48002917965798,0.3426179464440793
9695,63.02146303228046,-1.735249306762961,3.852583202174229,53.4369522992766,,59.48979283888342,0.3425392496865243
9696,63.05604779703347,-1.739284617593912,3.853193160266418,53.4369522992766,,59.49959767111408,0.3424592432565987
9697,63.0830953513768,-1.745697322806919,3.853807331964842,53.4369522992766,,59.50946247779186,0.3423778980504721
9698,63.06793038531831,-1.743058314538583,3.854429265930381,53.4369522992766,,59.51941690032317,0.3422952140681446
9699,63.04010531609772,-1.737737703654694,3.855055166805729,53.4369522992766,,59.52939111282633,0.342211191309616
9700,63.02880888141438,-1.736047396039357,3.855677330143097,53.4369522992766,,59.53929166808879,0.3421258879825473
9701,63.0398581017187,-1.739245908399099,3.856293548558985,53.4369522992766,,59.54910951721459,0.3420392458792776
9702,63.0325794140973,-1.734972580866287,3.856904178451752,53.4369522992766,,59.55887590289434,0.3419512649998069
9703,63.01675764710308,-1.734178448460386,3.857510686214504,53.4369522992766,,59.56860544807171,0.3418620326556265
9704,63.00758951265621,-1.735483808798771,3.858116456719828,53.4369522992766,,59.57832455245806,0.3417714615352452
9705,63.02204231185819,-1.740555282333406,3.858724273766632,53.4369522992766,,59.5880574601296,0.3416796389501542
9706,63.03727843274074,-1.735907223844107,3.859336641145902,53.4369522992766,,59.59785245320635,0.3415865066926926
9707,63.04026326284799,-1.735044071243733,3.859952939419596,53.4369522992766,,59.60770292420106,0.341492093866691
9708,63.04902285504704,-1.738350271325305,3.860571176336392,53.4369522992766,,59.61756142626999,0.3413964295759797
9709,63.03212535926804,-1.73783896358702,3.861189367675207,53.4369522992766,,59.62739609469055,0.3412994847167283
9710,63.03087746100194,-1.740010881222793,3.861804708866603,53.4369522992766,,59.63717402049176,0.3412012883927673
9711,63.02977625436592,-1.735898272394715,3.862418554413601,53.4369522992766,,59.64693439248661,0.3411018406040967
9712,63.01724497570883,-1.734492693091677,3.863030786441858,53.4369522992766,,59.6566918166108,0.3410011122468859
9713,63.0065278232389,-1.732373303200588,3.863641296490965,53.4369522992766,,59.6664348935225,0.340899161528796
9714,63.0057991599925,-1.735746120056563,3.864249931434256,53.4369522992766,,59.67614729188315,0.3407959884498268
9715,63.00478994007074,-1.733047251632429,3.86485887743144,53.4369522992766,,59.68586231174066,0.3406915639061481
9716,63.02653547157222,-1.73717015256055,3.865469490063292,53.4369522992766,,59.69559720291558,0.3405859170015901
9717,63.02262638071793,-1.734799993411606,3.866082360671932,53.4369522992766,,59.7053612020654,0.340479047736153
9718,63.03418552380251,-1.737055625826094,3.86669884105571,53.4369522992766,,59.71515933704066,0.3403709852136672
9719,63.04552752455368,-1.739101784080697,3.867317781062694,53.4369522992766,,59.72497650868608,0.3402617003303021
9720,63.05172686671573,-1.73510642283935,3.867938345888758,53.4369522992766,,59.73480337012852,0.3401512221898884
9721,63.04451484102037,-1.733578564593843,3.868559217565405,53.4369522992766,,59.74463687597279,0.3400395216885954
9722,63.04703065910878,-1.741095343444334,3.869177650702292,53.4369522992766,,59.75445149393482,0.3399266570340842
9723,63.03695393288308,-1.736541774536497,3.869794327720238,53.4369522992766,,59.76424921457264,0.3398125991225243
9724,63.02746425125993,-1.733612158293713,3.870408606752165,53.4369522992766,,59.77402295517754,0.3396973479539156
9725,63.01829813654175,-1.729477518321315,3.871017890511467,53.4369522992766,,59.78373510589841,0.3395809617359191
9726,63.02335243491804,-1.736538077252882,3.871624338104223,53.4369522992766,,59.79339758372677,0.3394633822608739
9727,63.04224820384617,-1.736846882506542,3.872232252223199,53.4369522992766,,59.80305899478797,0.3393446386326104
9728,63.05544847605246,-1.73439236811401,3.872845185248486,53.4369522992766,,59.81277317707809,0.3392247599549592
9729,63.06501617864031,-1.736429727794825,3.87346403107057,53.4369522992766,,59.82253952888478,0.3391037171240896
9730,63.06696343369085,-1.742433529195931,3.874085896073534,53.4369522992766,,59.83232354483417,0.3389815392438322
9731,63.07457372756274,-1.737327860875663,3.874706373196738,53.4369522992766,,59.84208744852586,0.338858226314187
9732,63.05676524195808,-1.734238787080865,3.875325367204104,53.4369522992766,,59.85185306033288,0.3387337783351541
9733,63.02733358518384,-1.734844623967312,3.875940657085668,53.4369522992766,,59.86159399975008,0.3386081953067333
9734,63.0122487797078,-1.734000159099848,3.87655110616713,53.4369522992766,,59.87127714668357,0.3384815063327551
9735,63.00473860407697,-1.735053768954165,3.877157860730576,53.4369522992766,,59.88090761934313,0.3383537114132196
9736,63.02566367639135,-1.736144201405035,3.877763935236895,53.4369522992766,,59.89053025542887,0.3382247814442962
9737,63.02726961629632,-1.732667384379773,3.878372263784665,53.4369522992766,,59.90019640165811,0.338094774633646
9738,63.05394759721254,-1.740737186372898,3.878985030490035,53.4369522992766,,59.90988891668859,0.3379636618774384
9739,63.04716537552925,-1.73692551842445,3.87960136991949,53.4369522992766,,59.91959441815306,0.3378314722795039
9740,63.05432677006942,-1.73759261981138,3.880220758876119,53.4369522992766,,59.92931264495871,0.3376981767360121
9741,63.04714800050002,-1.736044093742724,3.88084079782599,53.4369522992766,,59.9390320354268,0.3375638334546238
9742,63.04645583628495,-1.739681529383048,3.881460563655277,53.4369522992766,,59.9487628405188,0.3374283842276782
9743,63.01714554287678,-1.732485888537819,3.882077174788055,53.4369522992766,,59.95848055980702,0.3372918872628361
9744,62.9976684428892,-1.73242891164598,3.882689820284956,53.4369522992766,,59.96815905769068,0.3371543134562671
9745,62.98963454885693,-1.732640848385327,3.883297018438674,53.4369522992766,,59.9777641468287,0.3370157210156322
9746,63.00702327323236,-1.738197676134426,3.883901515223386,53.4369522992766,,59.98733070953458,0.3368760517332703
9747,63.03967191740129,-1.739596470908714,3.884508356258469,53.4369522992766,,59.99692822618056,0.336735334713012
9748,63.04078275656533,-1.735749723705895,3.885121590274606,53.4369522992766,,60.00658894100842,0.3365935990586877
9749,63.04697406859754,-1.738168583854557,3.885739868562544,53.4369522992766,,60.01628881348707,0.336450815666467
9750,63.03481238212136,-1.740490904408827,3.886359497396056,53.4369522992766,,60.02598367723363,0.3363070136401802
9751,63.03188355319418,-1.735284771344945,3.886979057647898,53.4369522992766,,60.03566359284311,0.3361621929798275
9752,63.02805101560713,-1.731383644335689,3.887595885128312,53.4369522992766,,60.04532492969999,0.3360163536854088
9753,63.0172016601495,-1.734586964271904,3.88820950294607,53.4369522992766,,60.05498107294044,0.3358694957569242
9754,63.00566645804801,-1.73797742275189,3.888820783316362,53.4369522992766,,60.06461875769992,0.3357216482982039
9755,63.00673361296079,-1.730874730156466,3.889431395515365,53.4369522992766,,60.07423488021676,0.3355728113092482
9756,63.03319748542258,-1.732721090929837,3.890043851411353,53.4369522992766,,60.0838565453237,0.3354229556862265
9757,63.00977099255599,-1.737466152782351,3.890661434511297,53.4369522992766,,60.09354583981715,0.3352721396367997
9758,63.01244956199698,-1.736614023838505,3.891280902273838,53.4369522992766,,60.1032265379575,0.3351203340571374
9759,63.00748763819671,-1.732754616600909,3.89189733306221,53.4369522992766,,60.11285903383219,0.33496756805107
9760,63.02056500918189,-1.738575880372427,3.892510926692144,53.4369522992766,,60.12245849422268,0.3348138125147671
9761,63.00964899536355,-1.735246551103397,3.893124058396282,53.4369522992766,,60.13206347356324,0.3346591256558895
9762,63.00925128441405,-1.736740567326139,3.893737869157695,53.4369522992766,,60.14168614879168,0.3345034492667764
9763,63.00663366914652,-1.732453878885918,3.89435220775064,53.4369522992766,,60.15133156935207,0.3343468415550888
9764,62.99358160051947,-1.733112410944623,3.894965790928441,53.4369522992766,,60.16096613749878,0.334189273416996
9765,62.98618061570307,-1.733736476127165,3.895576915448959,53.4369522992766,,60.170547891693,0.3340307739563286
9766,63.00734767975197,-1.733969126248738,3.896187032779179,53.4369522992766,,60.18009626679902,0.3338713431730866
9767,63.02143706505361,-1.735580969473923,3.896799077463574,53.4369522992766,,60.18967262219673,0.3337110101711005
9768,63.0074440171072,-1.735118115418541,3.897414929995379,53.4369522992766,,60.19928881043837,0.3335497458465397
9769,63.01476738671909,-1.732973517163258,3.898031365099603,53.4369522992766,,60.20889832739671,0.3333875501994044
9770,63.01914125376571,-1.732381879603409,3.898645852858567,53.4369522992766,,60.21847819179997,0.3332244523335248
9771,63.01042381049621,-1.730225901297026,3.89926032510776,53.4369522992766,,60.22806568745894,0.3330604522489011
9772,63.00483515069261,-1.733865350751002,3.899875665699103,53.4369522992766,,60.23767844206284,0.3328955790493637
9773,62.99179333788901,-1.733888199466499,3.9004894681149,53.4369522992766,,60.2472873105945,0.3327298036310822
9774,62.98863505718202,-1.728840236776849,3.901100292774152,53.4369522992766,,60.25684236900427,0.3325631550978869
9775,63.00777544098287,-1.731933745413847,3.901709475697579,53.4369522992766,,60.26635706174201,0.3323956043459475
9776,63.0246376528112,-1.733619055595748,3.902318636943923,53.4369522992766,,60.27586162704269,0.3322272095829248
9777,63.02432395771131,-1.7298214862729,3.902929699047109,53.4369522992766,,60.28539405094268,0.3320579417049885
9778,63.01825054845838,-1.729633736280938,3.903544758110669,53.4369522992766,,60.29499329213472,0.3318878007121384
9779,63.01220129563463,-1.730448447681386,3.904164696629392,53.4369522992766,,60.30465420064541,0.3317168157082051
9780,63.00379990140212,-1.72879617423852,3.904783812709481,53.4369522992766,,60.31429903766424,0.3315449866931885
9781,62.98479323514742,-1.729793500578273,3.905397890023368,53.4369522992766,,60.32388900929088,0.3313723136670887
9782,62.97078646530263,-1.728607259151719,3.906008509139241,53.4369522992766,,60.33340013988987,0.3311988257337362
9783,62.97961393582953,-1.730824456442262,3.906617934999681,53.4369522992766,,60.34285740143258,0.3310244937893003
9784,63.00139037095704,-1.732655460760224,3.907228144832926,53.4369522992766,,60.3523025571884,0.3308493178337812
9785,63.02282948239244,-1.735823698465286,3.907840392841289,53.4369522992766,,60.36177733975905,0.3306733560748398
9786,63.0436155815075,-1.734612191173387,3.908454675828302,53.4369522992766,,60.37129118001293,0.3304965794086456
9787,63.05166000309764,-1.732891979064999,3.909071492784365,53.4369522992766,,60.38086233343084,0.3303189878351986
9788,63.04766252468774,-1.73428463303472,3.909692020999148,53.4369522992766,,60.39050527294845,0.3301406104583293
9789,63.00882130623386,-1.728114818105828,3.910310882610231,53.4369522992766,,60.40014539999795,0.3299614181742072
9790,62.98312350374114,-1.7307844968844,3.91092612131138,53.4369522992766,,60.40969403424269,0.3297814691904932
9791,62.97550409435121,-1.733642953192183,3.911538099360382,53.4369522992766,,60.41914729679078,0.3296007344033569
9792,62.99867515001695,-1.737129201473256,3.912149163405271,53.4369522992766,,60.42856595482817,0.3294192138127983
9793,63.02752359650209,-1.733656729852806,3.912761226517419,53.4369522992766,,60.43800015674513,0.3292369074188173
9794,63.02366561191377,-1.733326922000449,3.913375789138043,53.4369522992766,,60.44748099211231,0.3290538734290749
9795,63.02008647191501,-1.734979860426431,3.913990215303639,53.4369522992766,,60.45697441413561,0.3288700536359102
9796,63.01622211033443,-1.73124281386169,3.914602543463733,53.4369522992766,,60.46646994962964,0.328685506246984
9797,63.00570065222242,-1.728154688297282,3.915216319769519,53.4369522992766,,60.47600422126912,0.328500202158466
9798,63.02186418365995,-1.736079534493884,3.915830160689615,53.4369522992766,,60.48553322226876,0.3283141704741865
9799,63.0154970927174,-1.735354890598769,3.916445547736394,53.4369522992766,,60.49508514252837,0.3281274111941457
9800,63.02158175835878,-1.732698203412963,3.917060746239275,53.4369522992766,,60.50460153376074,0.3279398952145129
9801,63.01564733617886,-1.733033981907207,3.917673975803509,53.4369522992766,,60.51406893591437,0.3277517098467797
9802,63.03927803611177,-1.743971308057011,3.918286282514877,53.4369522992766,,60.52349904768872,0.3275627677794546
9803,63.02996258025243,-1.734783399347785,3.918900855027238,53.4369522992766,,60.53295348920859,0.327373156324029
9804,63.01635500117193,-1.732053792729898,3.91951852271308,53.4369522992766,,60.54245735467247,0.3271828172728419
9805,62.99937140621002,-1.735182181381605,3.920136199180394,53.4369522992766,,60.55197864311999,0.3269917797297239
9806,62.98437505516746,-1.73305260044947,3.920751926766302,53.4369522992766,,60.56147260950666,0.326800043694675
9807,62.98257127909271,-1.731837376807176,3.921364761930791,53.4369522992766,,60.57091802309462,0.3266076382715255
9808,63.00522981542537,-1.736172356407476,3.921975743340792,53.4369522992766,,60.58034120115087,0.3264145634602755
9809,63.02574964813511,-1.737458236938151,3.922585138178713,53.4369522992766,,60.5897543953327,0.3262208192609251
9810,63.0447431359533,-1.739602627398345,3.923195245987313,53.4369522992766,,60.59917674381958,0.3260264056734741
9811,63.06627657896921,-1.738877766331407,3.923809040131225,53.4369522992766,,60.60863734653348,0.3258313226979226
9812,63.04875591008587,-1.736015984145415,3.924430120379105,53.4369522992766,,60.61819064557866,0.3256355703342706
9813,63.0443056310767,-1.737729995921922,3.925056107490181,53.4369522992766,,60.62780141181773,0.3254391776863486
9814,63.03459389132952,-1.736569547897127,3.925680526753186,53.4369522992766,,60.6373897081061,0.3252421738579869
9815,63.03455042084413,-1.736006808081314,3.9263003286744,53.4369522992766,,60.64691420513731,0.3250445006415248
9816,63.03251428590183,-1.737941948855532,3.926916042668692,53.4369522992766,,60.65639164959966,0.3248462162446231
9817,63.04477914006624,-1.73770979712872,3.927528812697723,53.4369522992766,,60.66581578622518,0.3246473206672817
9818,63.03845734213051,-1.731385757394353,3.928139628248517,53.4369522992766,,60.67521925346004,0.3244477848056704
9819,63.02355702077298,-1.734384050174865,3.928748572864079,53.4369522992766,,60.684606254548,0.324247608659789
9820,63.01750410024865,-1.73568781193382,3.929357382226597,53.4369522992766,,60.69398054049618,0.3240468504372984
9821,63.01388788733158,-1.728513950952766,3.929968365881099,53.4369522992766,,60.70336660070151,0.3238455101381987
9822,63.03289926256951,-1.736712930127541,3.930581716208966,53.4369522992766,,60.71277440414575,0.3236435586586595
9823,63.02571345215381,-1.733473871258249,3.931196000174836,53.4369522992766,,60.72219972486287,0.323441025102511
9824,63.04231694482844,-1.73752817281998,3.931810162221863,53.4369522992766,,60.73160644994706,0.3232379094697535
9825,63.04440707933713,-1.73329295892652,3.932423863594006,53.4369522992766,,60.74098965233732,0.3230342117603868
9826,63.03739845140319,-1.736828095624382,3.933039738007212,53.4369522992766,,60.75039048088757,0.322829931974411
9827,63.02709325432476,-1.732311925128025,3.933657552929299,53.4369522992766,,60.75982727557991,0.322625128319487
9828,63.01468057060675,-1.731899831781673,3.934274973658388,53.4369522992766,,60.76926427532717,0.3224197425879538
9829,63.00966481082799,-1.729207072071888,3.934889259862346,53.4369522992766,,60.7786561173156,0.322213803883642
9830,62.99016220289158,-1.734020401849418,3.935498531640791,53.4369522992766,,60.7879882565945,0.3220073122065514
9831,63.0053940638666,-1.735112736713573,3.936104933509871,53.4369522992766,,60.79729207813335,0.3218002966605127
9832,63.02999779043351,-1.73061155772012,3.936711590077172,53.4369522992766,,60.80659598243157,0.3215927281416953
9833,63.05784475611337,-1.736182685888081,3.937325067468919,53.4369522992766,,60.81596529934215,0.3213846648577601
9834,63.0589588058013,-1.738100885405205,3.937946918078026,53.4369522992766,,60.82541356000971,0.3211760486010462
9835,63.02317028252791,-1.736953321852646,3.938572604343462,53.4369522992766,,60.83490219427792,0.3209669375792146
9836,62.9930207018396,-1.731303202794623,3.939194086128216,53.4369522992766,,60.84434424237156,0.3207573026884347
9837,62.9914054132966,-1.731080669803486,3.939804984475184,53.4369522992766,,60.8536667291143,0.3205471730325371
9838,63.01885760623922,-1.74072940630781,3.940409210166539,53.4369522992766,,60.86291382635603,0.3203365486115217
9839,63.03052442002284,-1.734502037129796,3.941015672983601,53.4369522992766,,60.87218488124879,0.3201254294253886
9840,63.02066262117284,-1.730040840154553,3.941629128281823,53.4369522992766,,60.88153819038324,0.3199138154741377
9841,63.03229142601192,-1.738971925022407,3.942248910027178,53.4369522992766,,60.89095809750085,0.319701706757769
9842,63.02317301109425,-1.740188013218276,3.942870468181647,53.4369522992766,,60.90040862544355,0.3194891614839435
9843,63.01874159842883,-1.736969505125891,3.943489383176462,53.4369522992766,,60.9098140111931,0.3192761214450002
9844,63.01332416429848,-1.729495502156648,3.94410481410559,53.4369522992766,,60.91916743119196,0.3190626157447696
9845,63.00725125149488,-1.731792371420961,3.944716414144973,53.4369522992766,,60.92847163659637,0.3188486443832517
9846,63.0029454703396,-1.738136125246057,3.945325429189879,53.4369522992766,,60.93774499323045,0.3186342364642769
9847,63.00540559822741,-1.733512809854356,3.945934301358235,53.4369522992766,,60.94701656235892,0.3184193919878453
9848,62.99614298058864,-1.729857121764095,3.946545510561031,53.4369522992766,,60.95632493747442,0.3182041109539568
9849,63.00946586774152,-1.737892333127032,3.947158597827126,53.4369522992766,,60.96566152399771,0.3179883642587811
9850,62.99471718292494,-1.733299188746141,3.947771657805408,53.4369522992766,,60.97500393864652,0.3177722101099789
9851,63.00065978175979,-1.732976284498172,3.948384752281449,53.4369522992766,,60.98432803411215,0.3175556485075504
9852,63.01769704499362,-1.73472315761672,3.948998338865536,53.4369522992766,,60.99364193648692,0.317338650347665
9853,62.99285560277809,-1.734395243024804,3.949614429694569,53.4369522992766,,61.00296627481463,0.3171212447341532
9854,62.99418519692186,-1.739085006412189,3.950231865128763,53.4369522992766,,61.01228175816486,0.316903431667015
9855,62.98265046318453,-1.73124121724026,3.950849425515516,53.4369522992766,,61.02159094216628,0.3166852402500808
9856,62.9917799006196,-1.734939371058754,3.951464613831273,53.4369522992766,,61.03088915711766,0.3164666413795203
9857,62.98549845227146,-1.730332044503232,3.952075651126644,53.4369522992766,,61.04016660365505,0.3162476641591638
9858,62.98338708862434,-1.731054222376027,3.952683275857966,53.4369522992766,,61.04942027160969,0.3160283085890114
9859,62.98541648739915,-1.735045012356874,3.953291045515619,53.4369522992766,,61.05867099534247,0.3158343024551868
9860,62.9862079738068,-1.734859209220798,3.953900896700417,53.4369522992766,,61.06793265497299,0.315740006044507
9861,62.9937903075965,-1.734147989874088,3.954513132026523,53.4369522992766,,61.07721145250048,0.3156450984533876
9862,63.0014017492077,-1.735058357172423,3.955127217408239,53.4369522992766,,61.08649627747446,0.3155495796818286
9863,62.9990959202884,-1.731596773420945,3.955742918963638,53.4369522992766,,61.09577830182136,0.3154533915221691
9864,63.0080831189052,-1.733620952401463,3.956360893640576,53.4369522992766,,61.1050737633385,0.3153563884552568
9865,63.00603158060264,-1.73457052528622,3.956980781981254,53.4369522992766,,61.11439949444701,0.3152584831696004
9866,62.99642351677078,-1.736130442838028,3.957601278102175,53.4369522992766,,61.12374716040634,0.3151597047690302
9867,62.98236471990471,-1.732724220219945,3.958216941949042,53.4369522992766,,61.13305997028498,0.3150601987726986
9868,62.97285675280168,-1.73057396113202,3.958827146753415,53.4369522992766,,61.14230773068581,0.314960052492097
9869,62.99192233296847,-1.734663556897846,3.959432996458911,53.4369522992766,,61.15148871056594,0.3148592950310558
9870,62.99069531869216,-1.733972508876176,3.960038493854757,53.4369522992766,,61.16065059626657,0.3147578390780836
9871,62.99435738511183,-1.736533715170618,3.960647304827171,53.4369522992766,,61.16983810763043,0.3146556264255196
9872,63.00099920301523,-1.73347362344927,3.961259935139529,53.4369522992766,,61.17907227246514,0.3145525988657027
9873,63.00159461812166,-1.731663488578495,3.96187628012292,53.4369522992766,,61.18834992463931,0.3144487855024636
9874,62.98840349868524,-1.735469737377564,3.962493777202131,53.4369522992766,,61.19764338953988,0.3143443027511239
9875,62.99382394588719,-1.734936902424389,3.963110970309704,53.4369522992766,,61.20693600046682,0.3142391797155142
9876,62.98689004782675,-1.728060785517741,3.963726608353256,53.4369522992766,,61.21620841065241,0.3141334163956344
9877,62.98233150244742,-1.728497907273073,3.96434004830843,53.4369522992766,,61.22543884524848,0.3140269545838237
9878,62.97133799957341,-1.738896472036876,3.964951046572193,53.4369522992766,,61.23463430801112,0.3139196778647602
9879,62.96470886978767,-1.732267525452784,3.965561767094681,53.4369522992766,,61.24381701618055,0.3138115862384439
9880,62.96518590231717,-1.728630903352322,3.966172084716901,53.4369522992766,,61.2529907353405,0.3137027670163661
9881,62.98043750896738,-1.733093633466488,3.966781690204077,53.4369522992766,,61.26217238478873,0.3135933657176793
9882,63.00231803654609,-1.738172621539532,3.967391091416992,53.4369522992766,,61.27136641070125,0.3134834696538746
9883,63.01013401644418,-1.734943839221191,3.968002866985484,53.4369522992766,,61.2805907271485,0.3133729915134609
9884,63.03154473371779,-1.740151201990407,3.968618693262435,53.4369522992766,,61.28985370139294,0.3132617857772857
9885,63.02315706026589,-1.734850251547574,3.969239714361761,53.4369522992766,,61.29916585294762,0.3131498233415186
9886,63.01915310378,-1.738930866571032,3.969862632766598,53.4369522992766,,61.30848192394895,0.3130370168946683
9887,63.00451356345521,-1.731435592000049,3.970483636748637,53.4369522992766,,61.31777164606052,0.3129235119558871
9888,62.99732280802674,-1.733895249661109,3.971101392525176,53.4369522992766,,61.32701473708951,0.3128093958366662
9889,62.99535515390396,-1.732580258962314,3.971715864810157,53.4369522992766,,61.33621745419652,0.3126946976408362
9890,62.98663138964641,-1.734557586684125,3.972329094212952,53.4369522992766,,61.34541026520184,0.3125793882645667
9891,62.97531571198478,-1.730178275205429,3.972941776542565,53.4369522992766,,61.35460351692203,0.3124633512925357
9892,62.98043144646912,-1.732333251753682,3.973550688740084,53.4369522992766,,61.36375557545388,0.3123466158285737
9893,62.98993984206436,-1.7304842832835,3.974156497905437,53.4369522992766,,61.37286240019169,0.3122291818726808
9894,62.99075314568899,-1.734940465508649,3.974763071775987,53.4369522992766,,61.38197059138959,0.3121111949440092
9895,62.99993364883213,-1.732302032193505,3.975372666596297,53.4369522992766,,61.39109992975533,0.3119926550425589
9896,62.99132126884933,-1.728005215746336,3.975985875487326,53.4369522992766,,61.40026300183385,0.31187356216833
9897,62.98026912529538,-1.731692658434811,3.976602611300468,53.4369522992766,,61.40945707238994,0.311753829009831
9898,62.99581641117486,-1.739983287476381,3.977219715996477,53.4369522992766,,61.41864828722316,0.3116333682555705
9899,62.98893735809775,-1.728639387845887,3.977834619280919,53.4369522992766,,61.42783159621894,0.3115121799055487
9900,63.00483491728518,-1.730531888520707,3.97844601736419,53.4369522992766,,61.43697716976145,0.3113904094789177
9901,63.01666648311507,-1.732738452353268,3.979055308931617,53.4369522992766,,61.44611597937032,0.311268144287169
9902,63.02629521376505,-1.738050058363994,3.9796672305997,53.4369522992766,,61.45528386112409,0.3111453843303025
9903,63.01131295503688,-1.729101049743662,3.980284158566302,53.4369522992766,,61.46452162176692,0.3110220422968268
9904,63.00273107478055,-1.730956996719147,3.980904569039711,53.4369522992766,,61.47378455757583,0.3108980017714202
9905,62.98433067897788,-1.731695221175415,3.981523693423552,53.4369522992766,,61.48301528590191,0.3107732045464218
9906,62.98547744428812,-1.735004511851584,3.982138514798673,53.4369522992766,,61.49217197745263,0.3106476797256619
9907,62.99275219848056,-1.731459329600221,3.982747928410835,53.4369522992766,,61.5012489908167,0.3105216019321233
9908,63.00153530038234,-1.731708212177523,3.983356918300584,53.4369522992766,,61.51031650751894,0.3103950875811279
9909,63.02829785453894,-1.734450180291752,3.983966833916915,53.4369522992766,,61.51939453032917,0.3102681366726756
9910,63.03552742358649,-1.736977110872066,3.984580145335129,53.4369522992766,,61.52853210736571,0.3101406036876142
9911,63.01868100240824,-1.734665283152064,3.985198776543206,53.4369522992766,,61.53774548466461,0.3100124304182827
9912,62.9838367352781,-1.735357824546859,3.985818212002886,53.4369522992766,,61.54697836016123,0.3098835877608508
9913,62.9655443588852,-1.7291169964921,3.986432897107698,53.4369522992766,,61.55613416749254,0.3097540757153183
9914,62.9879257876101,-1.73574819425808,3.987041617448359,53.4369522992766,,61.56518253974056,0.3096240689046681
9915,63.00068280576689,-1.738060437725691,3.987650065258714,53.4369522992766,,61.57420947787023,0.3094935673289001
9916,63.0114898171716,-1.73906388960789,3.988261824709406,53.4369522992766,,61.58326362270151,0.3093626000918448
9917,63.00626716976056,-1.729727634452724,3.988875108632389,53.4369522992766,,61.59233815761657,0.3092310798820108
9918,62.9959220570538,-1.732281595286695,3.989488768204245,53.4369522992766,,61.60143547464867,0.3090988902840763
9919,62.98770085716266,-1.738928869736497,3.990101158927372,53.4369522992766,,61.61053333689215,0.3089660312980413
9920,62.99452390693052,-1.732129152749164,3.990711794072004,53.4369522992766,,61.61961923975147,0.3088325902353972
9921,63.02544128870719,-1.734516964239436,3.991321950577432,53.4369522992766,,61.6287105475926,0.3086987417191267
9922,63.00347059461225,-1.741278095608388,3.991936368944932,53.4369522992766,,61.63787938916605,0.3085644857492298
9923,63.00807594846793,-1.737640865382761,3.992554834542459,53.4369522992766,,61.64704923893679,0.308429793221876
9924,63.00752934370703,-1.733547369314158,3.993174360113471,53.4369522992766,,61.6561953347392,0.3082945186179131
9925,63.00952882904733,-1.735955627790293,3.993794989540623,53.4369522992766,,61.66533796797734,0.3081585746258497
9926,62.99003767547932,-1.736077647640836,3.994415932272561,53.4369522992766,,61.67448881757012,0.30802199034951633
9927,62.98093978166149,-1.73647274672838,3.995033196172628,53.4369522992766,,61.68360854085157,0.3078849113080651
9928,62.98140971307591,-1.734058185317035,3.995645107413301,53.4369522992766,,61.69267697444759,0.3077474248129874
9929,62.97441120390035,-1.731691110933017,3.996254571235331,53.4369522992766,,61.70171902140144,0.3076095308642834
9930,62.99091581658774,-1.740736710583592,3.996864116042853,53.4369522992766,,61.7107503026827,0.3074711421504617
9931,62.99415040565654,-1.732645277097728,3.997474558811593,53.4369522992766,,61.71979328061641,0.3073321713600308
9932,62.99445637071962,-1.732497766466734,3.998085777491692,53.4369522992766,,61.72886698733745,0.3071926184929907
9933,63.01705336332457,-1.738540520500834,3.99869729148803,53.4369522992766,,61.73792876291373,0.30705254175700253
9934,63.0116405901637,-1.738013119595693,3.999312266453807,53.4369522992766,,61.74702125840137,0.3069120575673878
9935,63.00443218969363,-1.733949724605208,3.999931318026913,53.4369522992766,,61.75614620898924,0.3067711659241468
9936,62.99823239945766,-1.731653936874491,4.000552438052464,53.4369522992766,,61.76528187144758,0.3066298668272793
9937,62.98488123593663,-1.732024010190114,4.001172739338977,53.4369522992766,,61.7744025298001,0.3064880147576332
9938,62.97610441815951,-1.733091376779618,4.001789658492285,53.4369522992766,,61.78347804961552,0.306345580611378
9939,62.98637896104884,-1.733758798102814,4.002401503915461,53.4369522992766,,61.79249641558194,0.3062025643885136
9940,62.98630016324971,-1.73038169418093,4.003009215852738,53.4369522992766,,61.80148059005406,0.3060590825043619
9941,62.9884794077069,-1.735018692915364,4.003615947943922,53.4369522992766,,61.81046304468564,0.3059152804780751
9942,62.98799272442666,-1.734081464453143,4.004224856530743,53.4369522992766,,61.81947552535993,0.3057711583096534
9943,63.00430167121735,-1.734301307733522,4.004837164511187,53.4369522992766,,61.82852121694954,0.3056266577914357
9944,63.01400374454454,-1.732730898485878,4.005453716829362,53.4369522992766,,61.837626699114,0.3054816334042698
9945,63.02064437877606,-1.735958594839961,4.006075120685703,53.4369522992766,,61.8467727929694,0.3053360269404948
9946,63.01282598402527,-1.737878780023328,4.006697321504907,53.4369522992766,,61.85591790129237,0.3051898966077715
9947,63.00459624710716,-1.731306370544569,4.00731578623116,53.4369522992766,,61.86501677168062,0.3050433297175914
9948,62.99821506354925,-1.732654146873345,4.007929550558831,53.4369522992766,,61.87405049778682,0.3048964135814458
9949,63.0075133126094,-1.735836669127206,4.008542032445009,53.4369522992766,,61.88305489309263,0.3047491773031652
9950,63.00543046710145,-1.732320974023409,4.009156821379054,53.4369522992766,,61.89207679908078,0.3046014753635973
9951,62.9966529575776,-1.732280332653678,4.009774141526028,53.4369522992766,,61.90111891325902,0.3044532495550811
9952,62.98953401870206,-1.734861445585083,4.010390575851241,53.4369522992766,,61.91013996020084,0.3043045289814472
9953,62.98715490524781,-1.734762126776521,4.011003472986592,53.4369522992766,,61.91912501271293,0.3041554009541869
9954,62.98892255695728,-1.728627409065465,4.011612479202649,53.4369522992766,,61.92807658648075,0.3040059236809611
9955,63.00425927482036,-1.730364253444742,4.012220012613307,53.4369522992766,,61.93703051357846,0.3038561262656003
9956,63.0134919493034,-1.734840780241016,4.012830318522699,53.4369522992766,,61.94604399698008,0.3037059505004436
9957,63.0145011218076,-1.730243810753304,4.013445402004856,53.4369522992766,,61.95510170903798,0.3035552799701691
9958,63.00241259113474,-1.72837428485006,4.014063953722264,53.4369522992766,,61.96418988639282,0.3034041437786072
9959,62.98051682290684,-1.732950883172977,4.014683919040674,53.4369522992766,,61.97327656848873,0.3032525710295886
9960,62.96644387123166,-1.736182443701627,4.015301110434653,53.4369522992766,,61.9822953637815,0.3031006781384349
9961,62.98148448472079,-1.734138745061895,4.015912693035151,53.4369522992766,,61.99122305209646,0.3029484942089766
9962,62.99838372177277,-1.731313651488005,4.016521763890546,53.4369522992766,,62.00012056953705,0.3027960192412138
9963,62.99882943761892,-1.735946465321646,4.017132167692278,53.4369522992766,,62.0090460818859,0.3026431950274855
9964,63.01451791796743,-1.737693440603125,4.017744251558834,53.4369522992766,,62.01799517491447,0.3024898760486394
9965,63.01232480240428,-1.735854418102674,4.018359840056785,53.4369522992766,,62.0270120341975,0.3023360623046756
9966,63.00796462269954,-1.734902135514858,4.018978681010452,53.4369522992766,,62.03608033950281,0.3021817828994244
9967,62.9929261299427,-1.734283200727321,4.019595796472336,53.4369522992766,,62.0451226024496,0.3020271542482078
9968,62.97792329457479,-1.732378899660562,4.020208671566148,53.4369522992766,,62.05410217788848,0.30187229276634747
9969,62.97133701187,-1.73108778443028,4.020817879601664,53.4369522992766,,62.06300856369136,0.3017172275576741
9970,62.99268227010144,-1.739018437921284,4.021427023893542,53.4369522992766,,62.07188701432379,0.3015618422068655
9971,62.997711638868,-1.736254067046991,4.022039535547399,53.4369522992766,,62.08079870153176,0.3014060202986002
9972,63.01963156346983,-1.73885178699605,4.022655783056271,53.4369522992766,,62.08975270880737,0.3012496745213866
9973,63.03178009741042,-1.730359488153665,4.023275610785231,53.4369522992766,,62.09876908357727,0.3010928630828857
9974,63.01511465436303,-1.736552822499682,4.023897243331582,53.4369522992766,,62.10785284630401,0.3009357606060803
9975,62.99458729776623,-1.738068383451636,4.024517229986885,53.4369522992766,,62.11693191965866,0.3007784252986312
9976,62.98793708885368,-1.732355732045193,4.025129618614287,53.4369522992766,,62.12589524983823,0.3006208862643689
9977,62.99370095637379,-1.732681745672143,4.025737780794831,53.4369522992766,,62.13477312547353,0.300463056191802
9978,63.02396351515188,-1.742032497529037,4.026347417131008,53.4369522992766,,62.14364394255561,0.3003048186656088
9979,63.00809359330888,-1.735811720697302,4.02696173624858,53.4369522992766,,62.15256500250894,0.3001461445819587
9980,62.99602700807769,-1.732534097462858,4.027578714362162,53.4369522992766,,62.16150132176368,0.2999870921485126
9981,63.00067535836347,-1.734991274265341,4.028194404025428,53.4369522992766,,62.17041352114449,0.2998277777805924
9982,63.0012617098445,-1.737580584461214,4.028807461994004,53.4369522992766,,62.17930490411776,0.29966823058202857
9983,62.99146062124962,-1.734140243444967,4.029419457080105,53.4369522992766,,62.18820737724378,0.2995084796566516
9984,62.98947255158381,-1.735369764592756,4.030031103822671,53.4369522992766,,62.19711086270953,0.2993483794853091
9985,62.98929777272237,-1.731503907682943,4.030642370210781,53.4369522992766,,62.20601805087875,0.2991878718603402
9986,62.99046632145222,-1.737297713542258,4.031254861782377,53.4369522992766,,62.21492930942201,0.299026898574084
9987,63.01406250055891,-1.735611803797676,4.03186927489938,53.4369522992766,,62.2238421336255,0.2988656051456928
9988,62.9950551700327,-1.732239661811713,4.032487267173368,53.4369522992766,,62.23279119023697,0.2987041370943189
9989,62.98186146557582,-1.736274069589727,4.033106647281875,53.4369522992766,,62.24175354464075,0.2985425526276231
9990,63.00817640913906,-1.742406789524106,4.033721838749903,53.4369522992766,,62.2506554951206,0.2983807935379446
9991,63.00440096706334,-1.736257557850921,4.034335379870941,53.4369522992766,,62.25953896788452,0.298218714306131
9992,62.99035392104122,-1.735025187102833,4.034948413872339,53.4369522992766,,62.26841987062057,0.2980561694130301
9993,62.97759493694718,-1.729164848664722,4.035561184220409,53.4369522992766,,62.27730544102989,0.2978932170663029
9994,62.97272027031849,-1.739432808297745,4.036174465879937,53.4369522992766,,62.28620493978725,0.2977299154736102
9995,62.99713292009957,-1.740154685517382,4.036788034736284,53.4369522992766,,62.29511373075453,0.2975664392579347
9996,63.01654430343044,-1.73665956397709,4.037400959663555,53.4369522992766,,62.30402596305389,0.2974028175231069
9997,63.00892160640278,-1.735321297606518,4.038013829075928,53.4369522992766,,62.31292573794067,0.2972390793729573
9998,63.02144010631083,-1.743675271088548,4.038629545037344,53.4369522992766,,62.32183667733597,0.2970751083921641
9999,63.04621700188792,-1.74176410638251,4.039248941831906,53.4369522992766,,62.33077389997794,0.2969107881654054
10000,63.04336553602101,-1.738351529302191,4.039873312458216,53.4369522992766,,62.33976102564311,0.2967460604850203
10001,63.03882369535432,-1.737073585560766,4.040500442680858,53.4369522992766,,62.34877838068878,0.2965810417663306
10002,63.01907197704956,-1.741207984326724,4.041120931336915,53.4369522992766,,62.35772640409137,0.2964158484246582
10003,63.00210310984721,-1.736549286741553,4.041732981503596,53.4369522992766,,62.36658766163037,0.2962505095638335
10004,62.9947699738208,-1.733408911642387,4.042341219075322,53.4369522992766,,62.37541023117892,0.296084996080026
10005,63.00324882308502,-1.731579953357018,4.042949055635578,53.4369522992766,,62.38422259711353,0.2959192206617445
10006,63.03058685180874,-1.741159407265968,4.043558901647299,53.4369522992766,,62.39305649288094,0.2957531251013279
10007,63.00770383669876,-1.737581129242311,4.044173815801633,53.4369522992766,,62.40194850627628,0.2955866511911154
10008,63.00869894219944,-1.737361407399536,4.044792399385985,53.4369522992766,,62.41086336646012,0.2954199735540897
10009,62.99279190760072,-1.731880385387335,4.045411536770948,53.4369522992766,,62.41976514214371,0.2952531795017421
10010,63.00085087729848,-1.740976131776629,4.046029108340935,53.4369522992766,,62.42862975628864,0.2950863272417337
10011,63.0041631762959,-1.736907281823415,4.046644188473209,53.4369522992766,,62.43746800907072,0.294919649604708
10012,63.00655737716598,-1.733895571057785,4.047257853328617,53.4369522992766,,62.4463076989365,0.2948433684650809
10013,63.00125546860016,-1.732592232083587,4.047871532429381,53.4369522992766,,62.45516536150786,0.2947670000139624
10014,62.99509271270641,-1.740540468210512,4.048485418115808,53.4369522992766,,62.46404149835257,0.2946904860436916
10015,63.00348789965692,-1.736063805889917,4.049099104771066,53.4369522992766,,62.47291270856671,0.2946137392427772
10016,63.00173018317118,-1.732312041969384,4.049713392805014,53.4369522992766,,62.48177876476103,0.2945367887150496
10017,63.00586427657374,-1.73549467925677,4.05032764114435,53.4369522992766,,62.49062652966205,0.2944596053566784
10018,63.02005605959481,-1.742183214593463,4.050941007553217,53.4369522992766,,62.49945116917595,0.2943821891676635
10019,63.02452839810628,-1.737759281108667,4.051554471492189,53.4369522992766,,62.50826884184192,0.2943045983556658
10020,63.02497825990946,-1.734386861385738,4.052168548985644,53.4369522992766,,62.51708449597753,0.2942268329206854
10021,63.02767847510248,-1.736877638248365,4.052784745136911,53.4369522992766,,62.5259226321731,0.2941488928627223
10022,63.01839741351477,-1.740451515298649,4.053401592908381,53.4369522992766,,62.53477288536715,0.2940708072856069
10023,63.00053280494616,-1.729220447132837,4.054017653698037,53.4369522992766,,62.54361697247507,0.2939925761893392
10024,62.98642743710698,-1.728632253545614,4.054632094640203,53.4369522992766,,62.55243904180607,0.2939141995739192
10025,62.98527021717619,-1.734378757143149,4.055244662954131,53.4369522992766,,62.56123124321516,0.2938399265985936
10026,63.0134389041317,-1.740393945315763,4.055855652568897,53.4369522992766,,62.57000730041817,0.2937676908914
10027,63.00052693248753,-1.733244495827048,4.056466388134128,53.4369522992766,,62.57879058263075,0.2936952805612236
10028,62.99720945474753,-1.732922589994691,4.057076394557246,53.4369522992766,,62.5875580684207,0.293622724711895
10029,63.00231675177277,-1.733112274368539,4.057685999545136,53.4369522992766,,62.59630307471321,0.2935499360319227
10030,63.01798675496604,-1.73984830429101,4.058297034056281,53.4369522992766,,62.60505069514171,0.2935244119726121
10031,63.02226640884015,-1.733619812053783,4.058911899174621,53.4369522992766,,62.61383900285948,0.2935141965281218
10032,63.01873121575656,-1.735918609434456,4.059532004939191,53.4369522992766,,62.62268822525574,0.2935035736300051
10033,63.00791732009261,-1.740107227784473,4.060153160939106,53.4369522992766,,62.63155750220122,0.293492543278262
10034,63.01784861154842,-1.742138011559654,4.060770064492876,53.4369522992766,,62.64038887132879,0.2934811054728925
10035,63.03904235451075,-1.73276469238196,4.061383664311926,53.4369522992766,,62.6491918885785,0.2934692893177271
10036,63.02920572414551,-1.736732690481719,4.061998451524768,53.4369522992766,,62.65801125903062,0.2934570657089353
10037,63.02078289201135,-1.738952458738573,4.062616791864699,53.4369522992766,,62.66685978575534,0.293444434646517
10038,63.01608181244835,-1.73989240342895,4.06323491235908,53.4369522992766,,62.67569357895545,0.2934314252343029
10039,63.02384832136443,-1.739140391773807,4.063851800307782,53.4369522992766,,62.68449986838118,0.2934180374722928
10040,63.01348241306734,-1.737341160084088,4.064468897263264,53.4369522992766,,62.69329639680621,0.2934042422566563
10041,63.0112782329724,-1.738181074238461,4.065085543046115,53.4369522992766,,62.70207724475742,0.2933900395873934
10042,62.99825803726843,-1.733908295436979,4.065699254275247,53.4369522992766,,62.7108271567767,0.293375487672165
10043,62.98000128768813,-1.731736129608074,4.066310143341454,53.4369522992766,,62.71955480111996,0.2933605283033103
10044,62.99517868919177,-1.739147344377127,4.066918984619914,53.4369522992766,,62.72825201594194,0.2933451614808291
10045,63.01425227337471,-1.735037450670113,4.067526980576703,53.4369522992766,,62.73693341527385,0.2933294454123825
10046,63.02582495025139,-1.739655621765767,4.068136623818051,53.4369522992766,,62.74562857596686,0.2933133218903095
10047,63.0203874756536,-1.73288905270037,4.068750088763025,53.4369522992766,,62.75436597436639,0.2932968491222709
10048,63.02297276014443,-1.735087300358701,4.069367949834609,53.4369522992766,,62.76315466198835,0.293279968900606
10049,63.0144562305526,-1.735376519999223,4.069989430925799,53.4369522992766,,62.77198365332121,0.2932627394329756
10050,63.01893762077186,-1.739943131720757,4.070610700086545,53.4369522992766,,62.78080138595101,0.2932451025117189
10051,63.01870889979912,-1.735064792150064,4.071229515754323,53.4369522992766,,62.78959113156309,0.2932271163444966
10052,63.02787953826557,-1.734191739514441,4.071843851243774,53.4369522992766,,62.79833079914364,0.2932087518274784
10053,63.02248201652007,-1.734535925275015,4.072454778667652,53.4369522992766,,62.80704246456573,0.29319000896066433
10054,63.01110704871461,-1.736440584616382,4.073066167316535,53.4369522992766,,62.81577738087467,0.2931709168478847
10055,63.00848403205232,-1.734586314527957,4.073680298840641,53.4369522992766,,62.82453969810966,0.2931514463853091
10056,63.01942315257733,-1.73270379025218,4.074293429814813,53.4369522992766,,62.83327702534325,0.2931315975729376
10057,63.04600277079285,-1.737883564094631,4.074905978395512,53.4369522992766,,62.84199963912029,0.2931113995146006
10058,63.04100924923651,-1.742588320901358,4.075521657457404,53.4369522992766,,62.85075041937323,0.2930908231064677
10059,63.05257283707112,-1.740141516777823,4.076140942365329,53.4369522992766,,62.85952702842225,0.2930699265561998
10060,63.04112741083725,-1.734881990809099,4.076761358241107,53.4369522992766,,62.86829873973692,0.2930486225523055
10061,63.04270089064452,-1.738213804159769,4.077381182835369,53.4369522992766,,62.87705385617615,0.2930269693024457
10062,63.03673743568859,-1.73664631789129,4.077997876778245,53.4369522992766,,62.88578338292852,0.2930049668066204
10063,63.01936279394801,-1.73536957241927,4.078612101238133,53.4369522992766,,62.89451156815275,0.2929826150648296
10064,63.00588358299403,-1.729837952717234,4.079224807749989,53.4369522992766,,62.90322805540143,0.2929599140770733
10065,63.01534154884328,-1.737430075560375,4.079835883099394,53.4369522992766,,62.91191444574271,0.2929368347395211
10066,63.03999450383539,-1.742044072002487,4.080446648950915,53.4369522992766,,62.9205948496548,0.2929134352598339
10067,63.0273464489733,-1.732166126972894,4.081060556517989,53.4369522992766,,62.92931848167007,0.2928896574303508
10068,63.03369847284804,-1.730689070124494,4.081676886942082,53.4369522992766,,62.93804025807404,0.2928655303549021
10069,63.02680999824484,-1.735676722115103,4.082292902528409,53.4369522992766,,62.94673035865588,0.2928410831373185
10070,63.01419946523241,-1.73988945081524,4.082907791712641,53.4369522992766,,62.95540191634154,0.2928162866737694
10071,63.02503085943854,-1.731953945857406,4.083521844679694,53.4369522992766,,62.9640723164632,0.2927911118604243
10072,63.01667507586112,-1.728217841095197,4.08413631897519,53.4369522992766,,62.972760927214,0.2927656169049442
10073,63.0047411539328,-1.731222037970693,4.084751371656499,53.4369522992766,,62.98147109339484,0.2927398018073291
10074,62.99568436789393,-1.734751173755959,4.085365949680963,53.4369522992766,,62.99017134427676,0.292713608359918
10075,63.00072307140749,-1.732897767142625,4.0859792927902,53.4369522992766,,62.99884265930378,0.2926870947703719
10076,63.03085948143541,-1.734986637538584,4.086592018413667,53.4369522992766,,63.00750642821487,0.2926602610386908
10077,63.022642862289,-1.733815267040484,4.087205449803771,53.4369522992766,,63.01618251390106,0.2926330780610442
10078,63.03048579397223,-1.739183570398925,4.087818711574229,53.4369522992766,,63.02485222752826,0.2926055749412626
10079,63.02900034599221,-1.725595285918813,4.088431956084161,53.4369522992766,,63.03352088944526,0.2925777225755155
10080,63.02475848262871,-1.726043016580656,4.089047947788828,53.4369522992766,,63.04221982931124,0.2925495500676334
10081,63.01949716460476,-1.732096009345967,4.089665469202043,53.4369522992766,,63.05092769857006,0.2925210574176162
10082,63.02934112766306,-1.738775879628767,4.090283731229533,53.4369522992766,,63.05963998298951,0.2924922446254641
10083,63.00937751115752,-1.729388989963649,4.090902594995871,53.4369522992766,,63.06836847941805,0.2924630825873464
10084,62.99988293381047,-1.72832283324713,4.091518943278787,53.4369522992766,,63.07705926935064,0.2924336004070938
10085,62.98899393473676,-1.731304223584457,4.092130236568123,53.4369522992766,,63.08567683221769,0.2924038271885365
10086,62.99610536577254,-1.734976770778764,4.092739524461059,53.4369522992766,,63.09426600877806,0.2923737047240138
10087,62.99477017495619,-1.726514608131556,4.093349218308165,53.4369522992766,,63.10286414420728,0.2923432621173561
10088,62.9942426892243,-1.730536051545236,4.093960508379644,53.4369522992766,,63.11147237960875,0.2923125284723938
10089,63.01309899627963,-1.736630815131233,4.094572176652374,53.4369522992766,,63.12007422124984,0.2922814746852964
10090,63.00478076724225,-1.739560299256544,4.095183689756574,53.4369522992766,,63.12867482002954,0.2922501007560641
10091,63.02068062414455,-1.736134648272328,4.095795737288952,53.4369522992766,,63.13727911605292,0.2922184066846967
10092,63.04219884933185,-1.732182578715468,4.096409064781374,53.4369522992766,,63.14590162261808,0.2921863924711943
10093,63.03332311159897,-1.735174426380719,4.097026344169885,53.4369522992766,,63.15457366869396,0.2921540872193873
10094,63.01642375366421,-1.738159370262744,4.097644658849738,53.4369522992766,,63.16325302779926,0.2921214618254453
10095,63.00654875867692,-1.731590234274556,4.09826127426684,53.4369522992766,,63.17190010536071,0.2920885453931987
10096,63.00343012114593,-1.728228002413051,4.098876153827322,53.4369522992766,,63.18052038191566,0.2920553088188171
10097,62.99314682355858,-1.73229750544708,4.099488789989533,53.4369522992766,,63.18912729771642,0.292021781206131
10098,62.98599653262551,-1.736045760985407,4.100099079483813,53.4369522992766,,63.19771481928674,0.2919879334513098
10099,63.01261322574074,-1.734122970697585,4.100707938238125,53.4369522992766,,63.20627669455322,0.2919537946581841
10100,62.99634863468144,-1.725926942843354,4.10131808939517,53.4369522992766,,63.21484239062912,0.2919193648267537
10101,63.00617325045586,-1.73255913706547,4.101931405055161,53.4369522992766,,63.22343047682504,0.2918846439570189
10102,62.99823320075416,-1.739903169238163,4.10254768259065,53.4369522992766,,63.23205239113685,0.2918496320489794
10103,63.019896471396,-1.73314584032554,4.103164861236183,53.4369522992766,,63.24068182724067,0.2918142999988049
10104,63.00509958704216,-1.727174026017435,4.103781157409396,53.4369522992766,,63.24930809425825,0.2917786769103259
10105,63.00355063819291,-1.736940849233011,4.104393936033693,53.4369522992766,,63.2578974499599,0.2917427627835423
10106,63.00794295097353,-1.73208888166584,4.105002219559607,53.4369522992766,,63.26642923958046,0.2917065576184541
10107,63.0018880257427,-1.731018876311676,4.10561006727567,53.4369522992766,,63.27495084261102,0.2916700614150614
10108,62.99819179624965,-1.731423511409383,4.1062209045027,53.4369522992766,,63.28349939460392,0.291633274173364
10109,63.02198708836227,-1.734568483088045,4.106834614713159,53.4369522992766,,63.29207428143649,0.2915962249971926
10110,63.0045496583911,-1.735383679110675,4.107450626491941,53.4369522992766,,63.30068459575975,0.2915588847827166
10111,62.99158835133404,-1.735038515489158,4.108065282004694,53.4369522992766,,63.30928014549372,0.2915212535299361
10112,62.97231425095895,-1.729184283980672,4.1086774737339,53.4369522992766,,63.31784145117761,0.2914833603426814
10113,62.98049518152751,-1.733917828505046,4.109287765666889,53.4369522992766,,63.3263560458375,0.2914451761171222
10114,62.98418552475393,-1.736823993196372,4.10989856117126,53.4369522992766,,63.33486078250542,0.2914067008532584
10115,62.97695251757691,-1.730155573147481,4.110509616272589,53.4369522992766,,63.34337035769732,0.2913679636549205
10116,62.98629582176418,-1.732182980860021,4.111120390414857,53.4369522992766,,63.3518843980598,0.291328935418278
10117,62.9686242397126,-1.734738576608765,4.111731197170716,53.4369522992766,,63.36041400476129,0.2912896452471614
10118,62.98157134127437,-1.736236877363618,4.112341725781296,53.4369522992766,,63.36895190936908,0.2912500931415707
10119,62.99755883444357,-1.733638732978375,4.112951607554418,53.4369522992766,,63.37748924186372,0.2912102791015059
10120,63.02249360420666,-1.739924437025827,4.113564014401367,53.4369522992766,,63.38604491742538,0.2911701740231365
10121,63.01560235002576,-1.73796691858729,4.114182485070474,53.4369522992766,,63.3946615975204,0.291129807010293
10122,63.00781874016966,-1.738249657996324,4.114806463929322,53.4369522992766,,63.40332655895957,0.2910891780629754
10123,62.99789006698402,-1.735410094322588,4.115431182774754,53.4369522992766,,63.41197821127483,0.2910482580773532
10124,62.98258034510037,-1.735979333238626,4.116049849763069,53.4369522992766,,63.42055198929766,0.2910071052610874
10125,62.97185355065356,-1.734911739651409,4.116660135345215,53.4369522992766,,63.42903934166794,0.290965661406517
10126,62.99442383559703,-1.737454195828295,4.117264397228489,53.4369522992766,,63.43747349419208,0.290923984721303
10127,63.00128803125646,-1.735508251527177,4.117869205984977,53.4369522992766,,63.44593042475622,0.2908820461016148
10128,62.98954418100605,-1.737197942231383,4.118479673450067,53.4369522992766,,63.45445927258209,0.2908398164436221
10129,62.97875447280817,-1.735519200184974,4.119095462913812,53.4369522992766,,63.46303461361045,0.2907973539549857
10130,62.98580940661187,-1.731168838078605,4.119714010233201,53.4369522992766,,63.47161490305177,0.2907546586357057
10131,62.99404672270839,-1.735502560909774,4.120332386341298,53.4369522992766,,63.480176093746,0.2907116722781211
10132,63.00231477670886,-1.742174909512361,4.120949787901596,53.4369522992766,,63.48872202824973,0.2906684530898929
10133,63.01760485245391,-1.739836120243463,4.121566212555927,53.4369522992766,,63.49726434016708,0.2906249719671905
10134,63.01307473653615,-1.736042701110901,4.122183050503847,53.4369522992766,,63.5058294130767,0.290581228910014
10135,63.02099700243122,-1.73928197962044,4.12279959191793,53.4369522992766,,63.51439869954645,0.2905372530221939
10136,63.01435143233322,-1.735180742569606,4.123416291839329,53.4369522992766,,63.52298083134878,0.2904930151998997
10137,63.00359450268888,-1.732661084497831,4.124033063245158,53.4369522992766,,63.53157331314578,0.2904485445469618
10138,63.01004365204869,-1.738873222212123,4.124647900501088,53.4369522992766,,63.54013991757192,0.2904038119595498
10139,63.00530770258349,-1.738213349331499,4.125260193212825,53.4369522992766,,63.54866381155794,0.2903588465414941
10140,63.00444790588516,-1.730142419871175,4.125871973074803,53.4369522992766,,63.55715847548786,0.2903136482927948
10141,62.99573510858679,-1.731522920101429,4.126484921252208,53.4369522992766,,63.56564926080762,0.2902681881096214
10142,62.99918749911622,-1.743168295169572,4.12709833180562,53.4369522992766,,63.57413558595664,0.2902224950958043
10143,63.00306939539074,-1.734782426990021,4.127711742777157,53.4369522992766,,63.58261653481158,0.2901765692513436
10144,63.00998894232075,-1.731308447792248,4.128325269044642,53.4369522992766,,63.59110119546296,0.2901304105762392
10145,63.00292987478961,-1.734616011828733,4.128940996643678,53.4369522992766,,63.59962868533443,0.2900840190704912
10146,63.00614634941326,-1.741416873253205,4.129556926867838,53.4369522992766,,63.60817376084474,0.2900373656302691
10147,63.00146210107841,-1.73438679654912,4.130170894129068,53.4369522992766,,63.61669707256418,0.2899905084632337
10148,62.99807650012306,-1.730883364799678,4.13078371464301,53.4369522992766,,63.6252238436713,0.2899433893617243
10149,63.00927993342314,-1.730888060672229,4.131396040029374,53.4369522992766,,63.63372416932108,0.2898960665334016
10150,63.0123453969764,-1.740260608464506,4.132007819804556,53.4369522992766,,63.64219223119296,0.2898485108744353
10151,63.02765071682774,-1.739590700172771,4.132619302852953,53.4369522992766,,63.65063898517143,0.2898007223848253
10152,63.04469506616055,-1.738255433412834,4.133233146073037,53.4369522992766,,63.65911213294033,0.2897527010645717
10153,63.02548551167006,-1.735340979361584,4.133853102796014,53.4369522992766,,63.6676646626208,0.2897044760175049
10154,63.00871632477399,-1.73622456431548,4.134474379928722,53.4369522992766,,63.67623928012134,0.2896560181397945
10155,62.99461764518642,-1.733625716437049,4.135090297122872,53.4369522992766,,63.68475245222926,0.2896073274314404
10156,62.98979623070622,-1.731168381848949,4.135699806733429,53.4369522992766,,63.6931760157539,0.289558432996273
10157,63.0097865152859,-1.735886576767694,4.136305916664259,53.4369522992766,,63.70154754508518,0.2895093057304621
10158,63.00412315118117,-1.737045556969244,4.136913757156475,53.4369522992766,,63.70993465322174,0.2894599456340075
10159,63.00444127514847,-1.733697408299371,4.137525513016129,53.4369522992766,,63.71836603935962,0.2894103818107396
10160,62.99795244996141,-1.731782918590573,4.138138897917527,53.4369522992766,,63.72681833886205,0.2893606142606586
10161,62.99591572500883,-1.73310541303812,4.138752889319234,53.4369522992766,,63.73527136193088,0.2893106429837644
10162,63.0061601492371,-1.739335232697805,4.139366401361711,53.4369522992766,,63.74370568849012,0.2892604388762265
10163,62.99259871877597,-1.73338770196114,4.139979394901383,53.4369522992766,,63.75213004706449,0.2892100310418755
10164,62.99138141860061,-1.732990352575299,4.140591327330955,53.4369522992766,,63.76054358562531,0.2891593903768808
10165,62.99994168560332,-1.732143230710975,4.141202246908341,53.4369522992766,,63.76895462633325,0.2891085459850729
10166,62.99308942572297,-1.732636919285753,4.141814096902207,53.4369522992766,,63.77739051185418,0.2890575269702822
10167,62.97850430039893,-1.728139149278024,4.142427115307007,53.4369522992766,,63.78584511793786,0.2890062751248479
10168,62.98071001274279,-1.728646999657097,4.143039144482637,53.4369522992766,,63.79427721985709,0.2889548195526004
10169,62.99545142551402,-1.735554108474151,4.143648070609292,53.4369522992766,,63.80266263061553,0.2889031602535397
10170,62.99331241045973,-1.735209206639963,4.144256475547951,53.4369522992766,,63.81103316542323,0.2888512972276658
10171,63.00272523510309,-1.731221689953448,4.144866544782783,53.4369522992766,,63.81940986114157,0.2887992304749787
10172,63.00442852675224,-1.729986657992773,4.145478957211654,53.4369522992766,,63.82780851123835,0.2887469890993088
10173,63.00085570358937,-1.731206145826872,4.146094937867759,53.4369522992766,,63.83625218133716,0.2886945148929954
10174,62.9881053029336,-1.731423381736134,4.146712688118155,53.4369522992766,,63.84471422565051,0.2886418660636991
10175,62.98333802149232,-1.730862436421979,4.147329376786937,53.4369522992766,,63.85316377270875,0.2885890135075897
10176,62.97011367679548,-1.728215828194578,4.147942560250868,53.4369522992766,,63.86158637544464,0.2885359863284975
10177,62.97024506098565,-1.731317035898768,4.148551684186137,53.4369522992766,,63.86995990442175,0.2884827263187617
10178,62.96996020100742,-1.730777270243637,4.149158459321814,53.4369522992766,,63.87830963189105,0.2884293207898736
10179,62.96563250052114,-1.728165818763698,4.149765640312117,53.4369522992766,,63.88666889803795,0.2883756824303418
10180,62.9779465143184,-1.727443757881348,4.150373248736324,53.4369522992766,,63.89501674735545,0.2883218985516578
10181,62.99176559786033,-1.731133541511818,4.150981453621995,53.4369522992766,,63.90335740218337,0.2882679109461606
10182,63.00946475930608,-1.733234776867715,4.151592639818886,53.4369522992766,,63.91172586459501,0.2882137196138501
10183,62.99851999606608,-1.729530047658674,4.152208123941714,53.4369522992766,,63.92015081403476,0.2881593536585569
10184,62.98111467920945,-1.726984944535049,4.152826728558515,53.4369522992766,,63.92862094685704,0.288104813080281
10185,62.99511437923179,-1.732525278002772,4.15344481352261,53.4369522992766,,63.93707833865626,0.2880500978790224
10186,62.99470393783055,-1.735003302671313,4.154061076826918,53.4369522992766,,63.94550648049555,0.2879951789509505
10187,63.01654045350055,-1.736590457279088,4.1546757366784,53.4369522992766,,63.95390027105362,0.2879400853998959
10188,63.0092801863275,-1.731717930135915,4.155289194323427,53.4369522992766,,63.96228855755547,0.2878848172258586
10189,63.01827720703025,-1.73393614400984,4.155901805586465,53.4369522992766,,63.97067037945435,0.2878293744288385
10190,63.00876170703282,-1.735554588557766,4.156513368057672,53.4369522992766,,63.97905182100546,0.2877737570088357
10191,62.99288240414312,-1.732631070690927,4.157126917265574,53.4369522992766,,63.98746061459347,0.2877179358620197
10192,62.98037998888582,-1.725784598879157,4.157738858098653,53.4369522992766,,63.99583879589772,0.2876619691960514
10193,62.97999020889944,-1.731012299312899,4.158346059933536,53.4369522992766,,64.00413164245322,0.2876058279071003
10194,63.00310040796741,-1.740900171986749,4.158951232880197,53.4369522992766,,64.01237453305724,0.2875495119951665
10195,62.99277305217449,-1.73145283056483,4.159559876309095,53.4369522992766,,64.02065558108974,0.2874930505640805
10196,62.99344807386365,-1.73167763732279,4.160174478810298,53.4369522992766,,64.02900914617749,0.2874363854061812
10197,62.97953345427547,-1.72937929635444,4.160791245844461,53.4369522992766,,64.03739553380755,0.2873795747291297
10198,62.98228419534457,-1.737349293868424,4.161406202381198,53.4369522992766,,64.04577394958794,0.2873225603252649
10199,62.97808730828749,-1.729139765140731,4.162017611957653,53.4369522992766,,64.05411739771046,0.2872654004022479
10200,62.99545328778522,-1.730452977350482,4.162626771444852,53.4369522992766,,64.06243929834613,0.2872080949600786
10201,62.99589553506351,-1.731514204522508,4.163236550113035,53.4369522992766,,64.07077810151092,0.2871506148949265
10202,62.98976624706637,-1.736571053863093,4.163847640862649,53.4369522992766,,64.07913759823188,0.2870929602067918
10203,62.98061384456501,-1.730308164953313,4.164460507426668,53.4369522992766,,64.08750955480998,0.2870351599995047
10204,62.98341620181411,-1.726367105649602,4.1650733789398,53.4369522992766,,64.09585862317452,0.2869771851692349
10205,63.00390392283942,-1.734864151848872,4.165687051009446,53.4369522992766,,64.10419506703985,0.2869190648198128
10206,63.02390657682298,-1.741397546584136,4.166302747862345,53.4369522992766,,64.11254916244178,0.2868607989512384
10207,63.02285643543645,-1.735976326780066,4.166919508697053,53.4369522992766,,64.12092163057261,0.28680235845968133
10208,63.01233103600784,-1.732671462708877,4.167535104384389,53.4369522992766,,64.129289995748,0.2867437724489719
10209,63.01357451244,-1.734047007163729,4.168149413019913,53.4369522992766,,64.13765236670359,0.2866850118152797
10210,63.01912498518505,-1.738112218037843,4.16876164244578,53.4369522992766,,64.14599432216629,0.2866261056624353
10211,63.01322543328455,-1.728861348907862,4.169373699536356,53.4369522992766,,64.15433744045338,0.2865670539904386
10212,63.00009255007021,-1.72964812587256,4.169986199838491,53.4369522992766,,64.16267794488681,0.2865078567992896
10213,62.99425592695726,-1.736243698784586,4.170598768140255,53.4369522992766,,64.17099832843627,0.2864484849851578
10214,63.01603941834968,-1.738107723429839,4.171209773267273,53.4369522992766,,64.17928386272906,0.2863889967557043
10215,63.00396529943968,-1.729958359225518,4.17181999132249,53.4369522992766,,64.18755837697374,0.2863293630070984
10216,63.01309134483979,-1.735730475947628,4.172430996800518,53.4369522992766,,64.19584231104645,0.2862695546355098
10217,63.02032818200063,-1.735289799246997,4.17304228444273,53.4369522992766,,64.20413089967528,0.2862096298485994
10218,63.03237260688618,-1.737357190983753,4.173656028600813,53.4369522992766,,64.21245487013856,0.2861495304387063
10219,63.03896107621959,-1.730448880895967,4.174273764907024,53.4369522992766,,64.22083752550276,0.2860893146134913
10220,63.01214041463815,-1.733041141502528,4.174892137358531,53.4369522992766,,64.22924579898455,0.2860289241652936
10221,62.98829224327035,-1.738159357201148,4.175505640100013,53.4369522992766,,64.2375948072142,0.285968417301774
10222,62.97677533155543,-1.731730647771429,4.176112965333758,53.4369522992766,,64.24583870523526,0.2859077649191022
10223,62.97213751838036,-1.729269995295068,4.176719964042372,53.4369522992766,,64.25405448874416,0.2858469670172781
10224,62.99486846386831,-1.735723708620795,4.177329754854678,53.4369522992766,,64.26228903315237,0.2857860527001321
10225,63.01739473908476,-1.736932584205382,4.177943203865681,53.4369522992766,,64.27056975688849,0.2857249928638339
10226,63.04442325150671,-1.742114522106521,4.17855919047939,53.4369522992766,,64.27889294868653,0.2856637875083834
10227,63.07443081754728,-1.73866301606284,4.179176969419592,53.4369522992766,,64.28725833252234,0.2856024657376111
10228,63.05434797414348,-1.733829699437007,4.179800028681793,53.4369522992766,,64.2957231687634,0.285540969343856
10229,63.02148489085168,-1.737077900419689,4.180422002975845,53.4369522992766,,64.30418402060509,0.2854793856386095
10230,63.00391965542045,-1.737055389035573,4.181035993733556,53.4369522992766,,64.31252179417075,0.2854176273103803
10231,62.99647885542414,-1.732129710241113,4.181642936414585,53.4369522992766,,64.32073648415962,0.2853557816706598
10232,63.0160302382745,-1.734906826881874,4.182249486720914,53.4369522992766,,64.32891941200174,0.2852937905117869
10233,63.03194642908382,-1.741373727845923,4.182860401256101,53.4369522992766,,64.33714552282834,0.2852316538337618
10234,63.04516154205501,-1.741015555080722,4.183475997169789,53.4369522992766,,64.34542819878187,0.2851694298442453
10235,63.04065315345593,-1.735555034063571,4.184094182796393,53.4369522992766,,64.35375151924809,0.2851070603355765
10236,63.04707522305756,-1.737521515048797,4.184712415122561,53.4369522992766,,64.36208877775117,0.2850445453077555
10237,63.0372131013983,-1.74076215873548,4.185329984415258,53.4369522992766,,64.37043625654287,0.2849819138646126
10238,63.02440981625926,-1.738386302603463,4.185945273551121,53.4369522992766,,64.3787689065497,0.2849191660061479
10239,63.00932404513181,-1.73313876340659,4.186557086801219,53.4369522992766,,64.38706486806618,0.2848563017323613
10240,63.0052180671879,-1.735038049588132,4.187166216846629,53.4369522992766,,64.39531051829898,0.2847933210432529
10241,63.02815083732449,-1.738712033736507,4.187775057584174,53.4369522992766,,64.40352690128302,0.2847301948349923
10242,63.01339737182699,-1.737390004776315,4.188386561111652,53.4369522992766,,64.41176261696627,0.2846669813152403
10243,63.0081044166046,-1.735618418824548,4.189000015473222,53.4369522992766,,64.42000734151702,0.2846036513801664
10244,63.02196061632426,-1.736231667998524,4.189612348589702,53.4369522992766,,64.42822795037277,0.2845401759259403
10245,63.00731255696448,-1.73795239293021,4.190224504890784,53.4369522992766,,64.43644755008597,0.2844766131602228
10246,63.01642236108577,-1.742171383714838,4.190837492721617,53.4369522992766,,64.44468120547722,0.284412904875353
10247,62.99957511647148,-1.731602873997415,4.191452424392355,53.4369522992766,,64.45295010100051,0.2843491092789918
10248,62.99484928090161,-1.733309802322713,4.192066521059723,53.4369522992766,,64.4612192529428,0.2842851681634784
10249,62.98515738764225,-1.737045110349305,4.192676477503126,53.4369522992766,,64.46945081133047,0.2842211397364736
10250,62.98039499784029,-1.737514069594829,4.193282322594951,53.4369522992766,,64.47762352186476,0.2841569948941469
10251,62.99623485880388,-1.735723098217239,4.193886465207609,53.4369522992766,,64.48576141847772,0.2840927627403289
10252,62.99158935720687,-1.732163349231866,4.194492137592801,53.4369522992766,,64.49391318573365,0.2840283850673586
10253,62.98704295188038,-1.732444505576371,4.195100781448136,53.4369522992766,,64.50209712395745,0.2839639200828969
10254,62.99535396088203,-1.735981236286524,4.195709799418346,53.4369522992766,,64.51028392806892,0.2838993677869439
10255,62.99727724018785,-1.733282356494766,4.19631875686604,53.4369522992766,,64.51846553428916,0.2838346699718386
10256,62.99551485279683,-1.731332950887665,4.196929655969279,53.4369522992766,,64.5266672031966,0.2837698848452419
10257,62.98634003082989,-1.732820982577407,4.197543617491491,53.4369522992766,,64.5348994702897,0.2837050124071538
10258,62.98649796354931,-1.73571901532499,4.19815942395499,53.4369522992766,,64.54314847162098,0.283640023553744
10259,62.97519902209982,-1.72978656443153,4.198774640863954,53.4369522992766,,64.5513903341011,0.2835749182850122
10260,62.96805493330434,-1.732672857348687,4.199386837227586,53.4369522992766,,64.55959785142802,0.2835097548086196
10261,62.97449902161176,-1.732497137270902,4.199994767201554,53.4369522992766,,64.56775565028934,0.2834444458130747
10262,62.98333814074531,-1.735292888491335,4.200598815177257,53.4369522992766,,64.5758717352608,0.2833790786098689
10263,62.98363859349486,-1.734156989310364,4.201202485058687,53.4369522992766,,64.58398994663735,0.2833135949913412
10264,63.00884785777179,-1.737346914265357,4.201808899325012,53.4369522992766,,64.5921344135967,0.2832480240613222
10265,63.02088019133742,-1.737653065724267,4.202420140657529,53.4369522992766,,64.60032655446727,0.2831823658198118
10266,63.03520043922542,-1.737247176872897,4.203036624411492,53.4369522992766,,64.6085674548404,0.2831165911629796
10267,63.02720213024411,-1.734689874878214,4.203655666050723,53.4369522992766,,64.61682544491048,0.2830507582984865
10268,63.02492163249722,-1.737232256878929,4.20427435653053,53.4369522992766,,64.62507722829282,0.2829848090186715
10269,63.01923367380023,-1.740555445783035,4.204889675066635,53.4369522992766,,64.633302074755,0.2829187724273652
10270,63.01718991595015,-1.739633769248468,4.205501901773745,53.4369522992766,,64.64150758033814,0.2828526485245675
10271,63.00575410470334,-1.736216465677712,4.206112718916973,53.4369522992766,,64.64970175211822,0.282786408206448
10272,63.02466324255713,-1.739267637930642,4.206722845076448,53.4369522992766,,64.6578775184603,0.2827201096806675
10273,63.01256811234187,-1.732073726740001,4.207333927454355,53.4369522992766,,64.66605589342471,0.2826901327352971
10274,63.00932694791071,-1.738460682174114,4.20794595850959,53.4369522992766,,64.67422995260469,0.2826735144481063
10275,63.00493221270734,-1.73434617244953,4.208557704352866,53.4369522992766,,64.68239010828938,0.2826566051226109
10276,63.01220755079837,-1.738964352186954,4.209168495314339,53.4369522992766,,64.69053747635034,0.2826394338626415
10277,63.01662381640814,-1.7323854098554,4.209778457040638,53.4369522992766,,64.69867581710238,0.2826220006681979
10278,63.0064636478653,-1.735037415491995,4.210388445219248,53.4369522992766,,64.7068183944952,0.2826043346431106
10279,62.99720228130586,-1.73712891441179,4.210998693108049,53.4369522992766,,64.71496827137544,0.2825863775797188
10280,63.020025676887,-1.736268289087491,4.211609080381622,53.4369522992766,,64.723119126621,0.2825681585818529
10281,63.00912096763678,-1.733428842318931,4.212220444144945,53.4369522992766,,64.73128556994676,0.2825496776495129
10282,62.99764015267407,-1.741090686760687,4.21283246246392,53.4369522992766,,64.73945721255909,0.2825309347826988
10283,63.00739517356486,-1.735593364987451,4.213443736620391,53.4369522992766,,64.74760920468279,0.282511959085241
10284,62.99324416486148,-1.733485547755584,4.214054520302867,53.4369522992766,,64.75574381329403,0.2824926923494786
10285,62.99230559181943,-1.735016716757859,4.214665866634456,53.4369522992766,,64.76387610010292,0.2824731927830726
10286,63.00399481152634,-1.739564508419812,4.215277500962061,53.4369522992766,,64.77200746808855,0.2824534312821925
10287,62.99611453766035,-1.734501201956214,4.215889908165472,53.4369522992766,,64.78015258340719,0.2824334369506687
10288,62.99683989700834,-1.735169175037568,4.216501908982487,53.4369522992766,,64.78830625802911,0.2824131806846708
10289,62.9973000401473,-1.737924798467061,4.217112137769072,53.4369522992766,,64.7964620020618,0.2823926624841988
10290,62.99218130525131,-1.736099524912814,4.217721992863916,53.4369522992766,,64.80461732811446,0.2823718823492527
10291,62.98596208644027,-1.731471882617693,4.218331688535553,53.4369522992766,,64.81275237882588,0.2823508693836629
10292,63.00315601291697,-1.735724638743724,4.218941804800244,53.4369522992766,,64.82086488110014,0.2823295944835991
10293,62.99823532468737,-1.734396880362977,4.219553104537449,53.4369522992766,,64.82897428288946,0.2823080867528915
10294,63.00026159154809,-1.742765093073005,4.220165135143914,53.4369522992766,,64.83708651754286,0.2822863461915404
10295,63.01103758492881,-1.734935928496744,4.220776704118578,53.4369522992766,,64.84519875402232,0.2822643436957151
10296,63.02072691483357,-1.735696555806677,4.221387985290765,53.4369522992766,,64.85332178859944,0.2822420792654157
10297,63.01495320429175,-1.738335412519187,4.2220004293766,53.4369522992766,,64.8614779796376,0.2822195820044726
10298,63.01830551635067,-1.740012238439597,4.222612088576049,53.4369522992766,,64.8696285423798,0.2821968519128859
10299,63.00848658440697,-1.731656062207756,4.223224204821446,53.4369522992766,,64.87778750242428,0.2821738889906555
10300,63.00467460028271,-1.733964176922651,4.22383683012609,53.4369522992766,,64.88593150354477,0.2821506641339511
10301,62.99097022448075,-1.737361374608257,4.224448460494247,53.4369522992766,,64.89404369752403,0.2821272064466029
10302,62.99455485020391,-1.738084780282201,4.225057978494018,53.4369522992766,,64.90211936348298,0.2821035159286112
10303,62.99340530106276,-1.72991357932806,4.225665190889242,53.4369522992766,,64.91017378046934,0.2820795634761453
10304,63.00335221806898,-1.735593408727235,4.226271714390172,53.4369522992766,,64.91822295626949,0.2820554072968662
10305,62.9966778934272,-1.735571074376223,4.226880014966826,53.4369522992766,,64.92628718308907,0.282030989183113
10306,62.99702824790539,-1.735101309980275,4.227491333832202,53.4369522992766,,64.93437752129482,0.2820063673425466
10307,62.98806176923375,-1.735353891337237,4.228105207259103,53.4369522992766,,64.94249693278299,0.2819814835675061
10308,62.98550342731686,-1.737663790225482,4.228720079283699,53.4369522992766,,64.95063181634389,0.2819563669618219
10309,62.99055288330378,-1.736855507671319,4.229332672533413,53.4369522992766,,64.95874774538566,0.2819310466293246
10310,62.98723648632757,-1.732191063057227,4.229941476344598,53.4369522992766,,64.9668284626525,0.2819054643623531
10311,62.9915265581549,-1.73537296228867,4.230547400915365,53.4369522992766,,64.9748696023148,0.2818796783685684
10312,63.00076212985518,-1.740588740174651,4.231153113376588,53.4369522992766,,64.98290029985438,0.2818536304403096
10313,62.99794512003272,-1.734427092079812,4.231761420651545,53.4369522992766,,64.99095781367696,0.2818273787852377
10314,62.99854912542612,-1.737746855006309,4.232372274997235,53.4369522992766,,64.99904002909093,0.281800894299522
10315,62.98431524441051,-1.73463683259206,4.232984290545506,53.4369522992766,,65.00712997778524,0.2817741769831628
10316,62.99431863010136,-1.736124824297241,4.233595194488929,53.4369522992766,,65.01519814470429,0.2817472559399903
10317,62.99513993957675,-1.733963408404527,4.234204169988414,53.4369522992766,,65.02324083683094,0.2817200729623437
10318,63.00951611897968,-1.736756487020919,4.234812364066586,53.4369522992766,,65.03127217206819,0.2816927153617144
10319,63.0099476279209,-1.736586875746373,4.235422470162315,53.4369522992766,,65.03932587848587,0.2816650958266109
10320,63.01786782340967,-1.738476486190834,4.236034764780991,53.4369522992766,,65.04740535791095,0.2816372725646943
10321,63.00722642199261,-1.733952041021429,4.236648551105409,53.4369522992766,,65.05550591368952,0.281609216472134
10322,63.00286946378959,-1.735572395318866,4.237260909337014,53.4369522992766,,65.0635853798704,0.2815809566527605
10323,62.99585624165626,-1.733749433864392,4.237869647979861,53.4369522992766,,65.07162460979616,0.2815524640027434
10324,62.98940336173423,-1.731205377548794,4.238474719082419,53.4369522992766,,65.07963450260365,0.281523767625913
10325,62.98418312677943,-1.732356466463916,4.239076694568254,53.4369522992766,,65.08760905548294,0.281494838418439
10326,62.99521967019504,-1.736367211612395,4.239679068362968,53.4369522992766,,65.09557429208559,0.2814657054841518
10327,63.02496458291321,-1.739377015036469,4.240285424633167,53.4369522992766,,65.10356784084006,0.2814363688230515
10328,63.00652690943509,-1.735216018430914,4.240898340029876,53.4369522992766,,65.11163002353713,0.2814067993313074
10329,63.00751419846642,-1.736057558701985,4.241515369223651,53.4369522992766,,65.11972678273887,0.28137702611275023
10330,63.02754590675399,-1.741008550769183,4.24213270695261,53.4369522992766,,65.12782568478374,0.2813470491673797
10331,63.01320557872451,-1.736173572323081,4.242749539748552,53.4369522992766,,65.13594086505834,0.2813168393913656
10332,62.99897572462768,-1.739164318876494,4.243362465784561,53.4369522992766,,65.14403104884057,0.2812864258885384
10333,62.99217773415994,-1.733804323422081,4.243970070091748,53.4369522992766,,65.15206016903197,0.2812558086588979
10334,63.01075753095551,-1.737816543625529,4.244574667948712,53.4369522992766,,65.16004085412548,0.2812249877024442
10335,63.01698762746001,-1.733610173905206,4.245180752329501,53.4369522992766,,65.16803005288502,0.2811939339153469
10336,63.02400662240314,-1.733850777644469,4.245789872601263,53.4369522992766,,65.17604327689139,0.2811627055052668
10337,63.02174679155293,-1.734373418827419,4.24640152315509,53.4369522992766,,65.18408709408412,0.2811312442645431
10338,63.0159377478009,-1.736197367318154,4.247014057917808,53.4369522992766,,65.19215207570508,0.2810996084008366
10339,63.00381663574474,-1.73433543915137,4.247625829593077,53.4369522992766,,65.20021285693154,0.2810677397064865
10340,63.01105473667553,-1.732902766271749,4.248236864212456,53.4369522992766,,65.20825800821355,0.2810356963891536
10341,63.01383101948135,-1.729345977220032,4.248848797626052,53.4369522992766,,65.21630454316332,0.2810034493450075
10342,63.00850713379171,-1.739464028329533,4.249461328148213,53.4369522992766,,65.22433941923201,0.2809709694702178
10343,63.01853823346147,-1.732207306658081,4.250072009572687,53.4369522992766,,65.23233516698973,0.2809383149724454
10344,63.01228859433447,-1.730516378839173,4.250679594507563,53.4369522992766,,65.24030276543618,0.2809054567478597
10345,63.01123951073611,-1.732922970985677,4.251285465651192,53.4369522992766,,65.24827897458137,0.2808723947964609
10346,63.03326685970723,-1.739238924104204,4.251890632562731,53.4369522992766,,65.25627018393065,0.2808391582220793
10347,63.02666474702351,-1.729935691493759,4.252498982477898,53.4369522992766,,65.26430540299518,0.2808057179208845
10348,63.00760930026585,-1.731602738538013,4.253110750747077,53.4369522992766,,65.27236640545308,0.2807720738928765
10349,63.01233854611702,-1.733743528631281,4.253723567847629,53.4369522992766,,65.28041069130064,0.2807382261380553
10350,63.01124018205563,-1.736156680167293,4.254336106158395,53.4369522992766,,65.28843059759181,0.2807042037602514
10351,63.01109651733113,-1.733145373527533,4.254947873834707,53.4369522992766,,65.29643870993202,0.2806700067594647
10352,63.01906954467927,-1.737339084667593,4.255555226322701,53.4369522992766,,65.30439404957154,0.2806355769280344
10353,63.03328852352159,-1.732455669142561,4.256159872504453,53.4369522992766,,65.31232581403198,0.2806009724736214
10354,63.02960694455221,-1.734178593991027,4.256766988936002,53.4369522992766,,65.32029741799784,0.2805661933962256
10355,63.02107908699943,-1.732168961692062,4.257377630793297,53.4369522992766,,65.32831145782306,0.2805312105920166
10356,63.02124472035724,-1.736474239767117,4.257988954852212,53.4369522992766,,65.33632455404711,0.2804960531648248
10357,63.00457719309596,-1.730839290197052,4.258599200183699,53.4369522992766,,65.3443195737101,0.2804606920108199
10358,63.01809298693114,-1.735008501273192,4.259207529487389,53.4369522992766,,65.35228022864239,0.2804251562338322
10359,63.01404794229647,-1.734225769130634,4.259814267124525,53.4369522992766,,65.36021251322714,0.2803894458338618
10360,63.00873114037195,-1.731811913723983,4.26042210539645,53.4369522992766,,65.36815273911058,0.2803535317070782
10361,63.0132713721365,-1.729017096709539,4.261031253009205,53.4369522992766,,65.37610633109479,0.2803174429573119
10362,63.00559627201896,-1.73494443224146,4.261640168670247,53.4369522992766,,65.38406882017122,0.2802811795845628
10363,62.99333311060141,-1.731668574911251,4.262249029444014,53.4369522992766,,65.39203739169508,0.2802447415888309
10364,62.9835461257158,-1.729351021527194,4.262855989936606,53.4369522992766,,65.39997775885388,0.2802080998662859
10365,62.99116613717166,-1.728067269889343,4.263460424356303,53.4369522992766,,65.40787734787196,0.2801712835207582
10366,63.023874083835,-1.735059220328899,4.264063081898023,53.4369522992766,,65.41574708434031,0.2801342925522476
10367,63.01208290260503,-1.732283807163691,4.26466753185272,53.4369522992766,,65.42363982549702,0.2800971560645849
10368,63.01234083297953,-1.731354259197256,4.265275065619196,53.4369522992766,,65.43156941853391,0.2800598158501089
10369,63.01840887724094,-1.730897752924182,4.265884722899439,53.4369522992766,,65.43952674775159,0.2800223010126501
10370,63.0196952251013,-1.735155758661228,4.266496351169426,53.4369522992766,,65.44751157023622,0.2799846115522087
10371,63.00871566709384,-1.730534021699131,4.267110145514863,53.4369522992766,,65.45552478298748,0.2799467474687845
10372,62.99701420807497,-1.730573891574226,4.267723812758236,53.4369522992766,,65.46353018519854,0.2799087087623775
10373,62.98733954259821,-1.729754217512242,4.268334415352788,53.4369522992766,,65.47148570966492,0.2798704954329878
10374,62.99674649772346,-1.736850005294212,4.26894146534945,53.4369522992766,,65.47939585018247,0.2798321365844458
10375,62.99590850376811,-1.728913535627028,4.269544961347288,53.4369522992766,,65.48727308842591,0.2797935740090907
10376,63.00296380188949,-1.733196452192374,4.270146024651987,53.4369522992766,,65.49513166096143,0.2797548659145832
10377,63.02627970399291,-1.733224060860389,4.270747657179232,53.4369522992766,,65.50300227872174,0.279715983197093
10378,63.01658275247529,-1.733022263475902,4.271353775858345,53.4369522992766,,65.51092588236148,0.2796769549604505
10379,63.02045722280047,-1.733250589201019,4.271963747647566,53.4369522992766,,65.51887041915462,0.2796512562781572
10380,63.03975602546889,-1.738270679014472,4.272576629310354,53.4369522992766,,65.52682500109054,0.2796363842207938
10381,63.02480546639077,-1.734028106964229,4.273193874995421,53.4369522992766,,65.5348325067983,0.2796212502289563
10382,63.00206203534532,-1.7358843988603,4.273811396966062,53.4369522992766,,65.54285634566715,0.2796059125103056
10383,62.99478643721777,-1.729404077394675,4.274422651111503,53.4369522992766,,65.55081379291252,0.2795904001686722
10384,62.99379203048266,-1.734187570369687,4.275027292835983,53.4369522992766,,65.55869741001209,0.279574713204056
10385,62.98666291708497,-1.731359716521726,4.275627185515866,53.4369522992766,,65.5665235693885,0.2795588807202876
10386,62.98565637953011,-1.733470260576373,4.276227306788259,53.4369522992766,,65.57434135694639,0.2795428736135364
10387,63.00281327140868,-1.735778913694901,4.276829524753176,53.4369522992766,,65.5821723245539,0.2795266336761415
10388,63.01354002434925,-1.734367081542349,4.277433885084148,53.4369522992766,,65.59002757915931,0.2795101027004421
10389,63.00914904160246,-1.730983470573954,4.278040936841942,53.4369522992766,,65.59791147930785,0.2794932515826076
10390,63.02746635120121,-1.740058337344581,4.278650613595657,53.4369522992766,,65.60582161977716,0.2794761094264686
10391,63.00570634904992,-1.730893697952216,4.27926309017159,53.4369522992766,,65.61376864316084,0.27945867623202497
10392,62.99692748406878,-1.733878032826591,4.279875667785246,53.4369522992766,,65.62171568716666,0.2794410684145987
10393,63.00181951656134,-1.729088829579896,4.280484447253235,53.4369522992766,,65.6296180281593,0.2794233441818506
10394,62.98470034329713,-1.733924067342515,4.281090308104963,53.4369522992766,,65.63748928531709,0.279405532637611
10395,62.96944238632654,-1.732241950665146,4.281693264372995,53.4369522992766,,65.64532063368146,0.2793876046780497
10396,62.98142279779158,-1.733640090845563,4.282292895055009,53.4369522992766,,65.6531037539622,0.2793694438878447
10397,63.00166010311344,-1.731518694598393,4.282891633743995,53.4369522992766,,65.6608785026926,0.2793509920593351
10398,63.00290356930695,-1.738930731751188,4.283492977223069,53.4369522992766,,65.66868436182132,0.2793321909848601
10399,63.01872294566838,-1.73814109636509,4.284099055836513,53.4369522992766,,65.67654207125271,0.2793130406644195
10400,63.03319046628028,-1.736292079951676,4.284710716828027,53.4369522992766,,65.68446512474051,0.2792935993056744
10401,63.01792974282542,-1.734640131838275,4.285327283942403,53.4369522992766,,65.69244608747809,0.2792738669086248
10402,63.0166651161298,-1.739073676012096,4.285944745753684,53.4369522992766,,65.70043336824133,0.2792539889924228
10403,63.00346912973343,-1.732715571641951,4.286558702890924,53.4369522992766,,65.70837587848726,0.2792340237647295
10404,62.99018355055181,-1.731642541952419,4.287166169137348,53.4369522992766,,65.71623728165565,0.2792139421217144
10405,62.98761736184085,-1.73146889426816,4.287767794776395,53.4369522992766,,65.72403168420325,0.2791937149595469
10406,62.9922682901352,-1.738507887084531,4.288366508177814,53.4369522992766,,65.73179285071876,0.2791733131743968
10407,63.02576528847782,-1.734947363381462,4.28896701737424,53.4369522992766,,65.73957457870645,0.2791525912471116
10408,63.01201336248415,-1.730502872699302,4.289573778255311,53.4369522992766,,65.7474329601267,0.2791315782815218
10409,62.99473433220992,-1.734310254107241,4.290186613422631,53.4369522992766,,65.75535374455637,0.2791102160699666
10410,63.01252640934494,-1.738290862011314,4.290799728149411,53.4369522992766,,65.76326090084386,0.2790885919239372
10411,63.00903068322101,-1.73139118681891,4.291409898184312,53.4369522992766,,65.77113135344544,0.2790667931549251
10412,63.0089513932577,-1.734348235144164,4.292017370702274,53.4369522992766,,65.77897402841552,0.2790448779705912
10413,63.0026278977094,-1.729961820540025,4.292623004485243,53.4369522992766,,65.7868057839403,0.2790229045785964
10414,62.98901326076776,-1.735419628284486,4.293227952563297,53.4369522992766,,65.79463950019051,0.2790008147712797
10415,62.99608673532209,-1.734302094130769,4.293832908454521,53.4369522992766,,65.80246971510931,0.2789785794448107
10416,63.01851778790856,-1.731890870220356,4.29443802205425,53.4369522992766,,65.81030019499877,0.2789561403915286
10417,63.0164082510375,-1.732692730622029,4.29504435092431,53.4369522992766,,65.81814660762275,0.2789334102999419
10418,63.04409171575359,-1.742409427113017,4.295652862138522,53.4369522992766,,65.82601061610083,0.2789103600662202
10419,63.05598030096719,-1.742299007541242,4.296264775961437,53.4369522992766,,65.8339087895022,0.278886960586533
10420,63.07732306650038,-1.738690522406676,4.296880467405604,53.4369522992766,,65.8418468666561,0.2788632409647107
10421,63.04801033224091,-1.734487212372366,4.297499435348245,53.4369522992766,,65.84983041018675,0.2788393176160753
10422,63.02850289497099,-1.74109310128814,4.298114440246059,53.4369522992766,,65.85776431102894,0.278815277852118
10423,63.01990192884946,-1.734256965041654,4.298721405297846,53.4369522992766,,65.86560071205331,0.2787912089843303
10424,63.04799919012264,-1.739959647197417,4.299323314311985,53.4369522992766,,65.87338231893253,0.2787670819088817
10425,63.05486083888896,-1.737142087257733,4.299925210405009,53.4369522992766,,65.8811785852762,0.2787427802104503
10426,63.06200013759872,-1.741698445938473,4.300532328934424,53.4369522992766,,65.8890363843545,0.2787181874737144
10427,63.04345864989323,-1.735431971878305,4.301145070891944,53.4369522992766,,65.8969432332501,0.2786933036986738
10428,63.02785421025648,-1.732235736791192,4.301758788506403,53.4369522992766,,65.90483102157657,0.2786681579891592
10429,63.01574942433621,-1.732209555111667,4.302369598967246,53.4369522992766,,65.91266650770687,0.2786428085528314
10430,63.01428410192316,-1.736403206881992,4.302976958539526,53.4369522992766,,65.92046123617897,0.2786173427011818
10431,63.02576621796344,-1.735585524921907,4.30358053045633,53.4369522992766,,65.92822310106475,0.27859187684953207
10432,63.02248174536336,-1.731681020133824,4.304183914742213,53.4369522992766,,65.9360021054682,0.278566381894052
10433,63.02028134207451,-1.734421226489531,4.304788806453324,53.4369522992766,,65.9438085405231,0.2785407414194196
10434,63.02602854617871,-1.738479037553497,4.3053953531184,53.4369522992766,,65.95163512566535,0.2785148681141436
10435,63.00596235783193,-1.731142199956347,4.306003652912514,53.4369522992766,,65.9594765507103,0.2784887619782239
10436,63.02079812447805,-1.735911878314979,4.306611548274104,53.4369522992766,,65.96729334896312,0.2784624812193215
10437,63.01473599907503,-1.736941777179989,4.307218480643044,53.4369522992766,,65.97508787180938,0.2784360258374363
10438,63.00266764375269,-1.737536546573794,4.307824539894905,53.4369522992766,,65.98287346069509,0.2784094249363989
10439,62.99529355728346,-1.730349657487477,4.308428441440197,53.4369522992766,,65.99063749294149,0.2783826494123787
10440,62.99898118841026,-1.731870780183604,4.309030433785411,53.4369522992766,,65.99837489460064,0.2783557283692062
10441,63.0067154297133,-1.73168813399849,4.309632798755308,53.4369522992766,,66.00610955545885,0.2783286618068814
10442,63.00968938041669,-1.73408204272817,4.310237571199368,53.4369522992766,,66.01386855476645,0.2783014788292348
10443,63.02879789471282,-1.736160230683638,4.310845801220387,53.4369522992766,,66.0216682899055,0.278274150332436
10444,63.01566978453705,-1.732878429222899,4.311456391280765,53.4369522992766,,66.02951440066528,0.2782466763164848
10445,63.00228219273787,-1.735743019442788,4.31206607509934,53.4369522992766,,66.03736666279957,0.27821896946989
10446,62.98783632454055,-1.737684773870196,4.312672748655926,53.4369522992766,,66.04518382870076,0.2781910880003124
10447,62.99757294249395,-1.731759829904028,4.313276250293844,53.4369522992766,,66.05294826183295,0.2781630610115826
10448,62.99891482730821,-1.730777491868685,4.313878677688788,53.4369522992766,,66.06068568347418,0.27813485939987
10449,63.00538891746692,-1.739422139494505,4.314480874211611,53.4369522992766,,66.0684104572864,0.2781065122690052
10450,63.00704575268738,-1.737770241791626,4.315081741235075,53.4369522992766,,66.0761184746041,0.2780779323074967
10451,62.99945309123004,-1.731237681671609,4.315683771949545,53.4369522992766,,66.08384022247701,0.278049148619175
10452,62.9890033716997,-1.730049992836777,4.316288960217364,53.4369522992766,,66.09159247270293,0.278020219411701
10453,63.00406404858882,-1.73752786306168,4.316895805614928,53.4369522992766,,66.09935542845231,0.2779911737889051
10454,63.01487817368918,-1.73799729633513,4.317503087049995,53.4369522992766,,66.10712521520081,0.2779619535431266
10455,63.02571204127116,-1.738903184367243,4.318111855648787,53.4369522992766,,66.114918955411,0.2779325877781957
10456,63.03165010201633,-1.738796675673866,4.318720741996405,53.4369522992766,,66.12272423003557,0.2779029600787908
10457,63.05103765647632,-1.739062741965093,4.319328718265517,53.4369522992766,,66.13052992718096,0.2778730995487422
10458,63.04220414982368,-1.735651165700827,4.319937347109599,53.4369522992766,,66.13836919813693,0.2778430934995413
10459,63.02701930044454,-1.73468679900548,4.320547020603543,53.4369522992766,,66.14623356690043,0.2778129419311881
10460,63.02994856619888,-1.733162756216427,4.321153075684698,53.4369522992766,,66.15403502575644,0.2777827030513436
10461,63.02993656034766,-1.731344679001192,4.321755931228877,53.4369522992766,,66.16176861807962,0.2777523186523467
10462,63.0289273957036,-1.73690087274294,4.322359321556938,53.4369522992766,,66.16948303827752,0.2777217887341976
10463,63.0347740806246,-1.734780346559438,4.322965792289715,53.4369522992766,,66.17721780911343,0.2776910841930658
10464,63.05075252604269,-1.734464696242273,4.323575997918338,53.4369522992766,,66.18498962387423,0.2776601177174598
10465,63.02829445766885,-1.732665661899787,4.324189760442188,53.4369522992766,,66.19281075787552,0.2776289475150406
10466,63.02762239880182,-1.740626705837134,4.324802065606127,53.4369522992766,,66.2006238807097,0.2775975444819778
10467,63.01589014941682,-1.734466371552816,4.325408470352746,53.4369522992766,,66.20837845791189,0.2775659959297627
10468,63.01927304031674,-1.730617097619857,4.326010519860505,53.4369522992766,,66.21608871273864,0.2775343309622258
10469,63.02019895829402,-1.731200056866461,4.326609122321392,53.4369522992766,,66.22375645406855,0.277502549579367
10470,63.0256886480072,-1.73783794917777,4.327207258950327,53.4369522992766,,66.23141300975615,0.2774705935735255
10471,63.01635838777318,-1.731855560299617,4.327806971469255,53.4369522992766,,66.23907692105894,0.2774384920485318
10472,63.00357798505637,-1.730248330389099,4.328409588179104,53.4369522992766,,66.24676266327205,0.2774062159005553
10473,63.01930563895122,-1.732255577703392,4.329012935527527,53.4369522992766,,66.25444908139345,0.277373765129596
10474,63.01976260733838,-1.735835052052618,4.329617798600596,53.4369522992766,,66.26215668260099,0.2773411106318235
10475,63.00121575400502,-1.734470457362958,4.33022524237243,53.4369522992766,,66.2698971851706,0.2773083106148988
10476,62.99230152318943,-1.731054590482819,4.330832743396362,53.4369522992766,,66.27763320591515,0.2772753359749913
10477,62.99215131154736,-1.731244269821951,4.331437283809013,53.4369522992766,,66.28533431327095,0.277242244919762
10478,63.00058599826127,-1.733488319369054,4.332038274607994,53.4369522992766,,66.2930055363364,0.2772091247607023
10479,63.00271792844408,-1.73032271705974,4.332637281821944,53.4369522992766,,66.30066395941333,0.2771759172901511
10480,62.98980811575541,-1.731177320877056,4.333236983009861,53.4369522992766,,66.30832973795863,0.2771426225081086
10481,62.98680952208382,-1.733514969551271,4.333837127196031,53.4369522992766,,66.3159847207172,0.2771092113107443
10482,63.00310429753443,-1.738433373617761,4.334437635930969,53.4369522992766,,66.32362937162873,0.2770755963865668
10483,63.01270440648973,-1.734551358468302,4.335040950748869,53.4369522992766,,66.33130259584694,0.2770417195279151
10484,63.0234962273661,-1.735919477892898,4.335648809806868,53.4369522992766,,66.33903252770342,0.2770076098386198
10485,63.01703024792309,-1.732263111806427,4.336258815459511,53.4369522992766,,66.34679714509811,0.2769732964225113
10486,63.00158923697222,-1.734244168301713,4.336867831947795,53.4369522992766,,66.35456022585937,0.276938866591081
10487,62.98952635042024,-1.736751677779821,4.337473531221629,53.4369522992766,,66.36228376605779,0.2769044076558203
10488,62.98308074465465,-1.731565328843656,4.338075427207793,53.4369522992766,,66.36995433637463,0.2768698905128986
10489,62.98419556093519,-1.728132667221513,4.33867449507788,53.4369522992766,,66.3775813855156,0.2768352860584855
10490,62.97757249265831,-1.735728775037714,4.339273499764174,53.4369522992766,,66.38520071069199,0.2768005069810897
10491,62.98762627368447,-1.733007052199026,4.339875171097711,53.4369522992766,,66.39284113490537,0.2767655532807112
10492,63.00421100577871,-1.731022640410718,4.340479796428703,53.4369522992766,,66.40051114522939,0.2767303958535194
10493,62.99107880476123,-1.734108601048778,4.341085252583091,53.4369522992766,,66.40819392407475,0.2766950055956841
10494,63.00359915468815,-1.737650107608175,4.341690260693524,53.4369522992766,,66.41587684687724,0.2766594407148659
10495,63.01550239815646,-1.737950029855257,4.342294678322422,53.4369522992766,,66.42355923437184,0.2766237012110651
10496,63.00664777229569,-1.732811995208478,4.342898973235497,53.4369522992766,,66.43125040149373,0.2765878743957728
10497,63.00251359776139,-1.730417627386568,4.343503215465887,53.4369522992766,,66.43894035010366,0.2765519893728197
10498,62.99854134943384,-1.738075508888499,4.344108538977591,53.4369522992766,,66.4466328865852,0.2765160461422056
10499,63.01424040446399,-1.739829692933016,4.344714274799129,53.4369522992766,,66.45431394070451,0.2764800447039306
10500,62.99595714630986,-1.727922416849946,4.34532087118747,53.4369522992766,,66.46200630460979,0.2764438977465034
10501,62.99060782196884,-1.731307924801516,4.34592609303576,53.4369522992766,,66.46968522379596,0.2764075179584324
10502,62.98031162270069,-1.736394747957157,4.346529543426253,53.4369522992766,,66.47734248128387,0.2763709344435483
10503,62.98271038767913,-1.729042963738589,4.347132234128524,53.4369522992766,,66.48498033466105,0.2763342054095119
10504,62.99606688369543,-1.728632855600599,4.34773409381649,53.4369522992766,,66.4925993488628,0.2762973890639842
10505,62.98906317618358,-1.73168547280655,4.348336366913831,53.4369522992766,,66.50022588289924,0.2762605145107955
10506,62.99315893737582,-1.738299865811969,4.34893803830288,53.4369522992766,,66.50785485735337,0.2762235526461154
10507,62.98544132948719,-1.728602177578567,4.349539261417578,53.4369522992766,,66.51549224210585,0.2761865325737745
10508,62.97369271260361,-1.727806984002448,4.350141113268534,53.4369522992766,,66.52313497139532,0.2761493960861117
10509,62.98011824613393,-1.732640425990352,4.350742291848655,53.4369522992766,,66.53075599179137,0.276112143183127
10510,62.99564111605694,-1.735819033498268,4.351342906661287,53.4369522992766,,66.53836135261906,0.2760747447609901
10511,62.99153559406978,-1.732929764839009,4.351945018585729,53.4369522992766,,66.54597966342293,0.2760371717158705
10512,62.99366985151237,-1.730891236610002,4.352549508414648,53.4369522992766,,66.5536244671276,0.2759993949439377
10513,62.99197779200556,-1.730881938652405,4.353154755648907,53.4369522992766,,66.56127752327284,0.2759614726528525
10514,62.99374922890131,-1.734180361206128,4.35375832899806,53.4369522992766,,66.56890723709864,0.2759234921541065
10515,62.99177021574453,-1.728310961361662,4.354359517080097,53.4369522992766,,66.57651485160088,0.2758854534476995
10516,62.98768368052016,-1.728843894366623,4.354960131977546,53.4369522992766,,66.58411841555262,0.2758473856374621
10517,62.97900333498374,-1.731301069445536,4.355561772924338,53.4369522992766,,66.59172995290007,0.2758092305157334
10518,62.98756769235078,-1.736729696024976,4.356163365570772,53.4369522992766,,66.59933354954772,0.2757709589786828
10519,62.97796223146548,-1.729614193150304,4.356763720128599,53.4369522992766,,66.60692034645814,0.2757325419224799
10520,62.99887292929383,-1.735028228863248,4.357363599548066,53.4369522992766,,66.61450067625434,0.2756939793471247
10521,63.00012829542702,-1.735495759962993,4.357965791746611,53.4369522992766,,66.62211173960955,0.2756552130449563
10522,63.00641827962772,-1.738161734901206,4.358570435430969,53.4369522992766,,66.62975273328962,0.2756163303274661
10523,63.00238404209811,-1.733251420190973,4.359175478418408,53.4369522992766,,66.63740011958598,0.2755772438831627
10524,63.00867735784655,-1.733026182023621,4.359780156670425,53.4369522992766,,66.64504227927232,0.2755628083832562
10525,63.0016035846323,-1.734405803179229,4.360383845796886,53.4369522992766,,66.65266914399015,0.2755651366896927
10526,62.9863385647795,-1.736986462220234,4.360988169614178,53.4369522992766,,66.66029296220546,0.2755673485808074
10527,62.97397110215078,-1.728856895366627,4.361591441526757,53.4369522992766,,66.66789028958082,0.2755694149527699
10528,62.99587159868351,-1.732856675181025,4.362190667601242,53.4369522992766,,66.67543670152565,0.27557133580558
10529,62.9975603657674,-1.733354861042146,4.362788358438134,53.4369522992766,,66.68297968143476,0.2755730238277465
10530,63.00920353108796,-1.737674223927865,4.36338608101158,53.4369522992766,,66.69053089488565,0.2755744499154389
10531,63.01244683578007,-1.734974312294793,4.363984911246182,53.4369522992766,,66.6981030590731,0.2755756140686572
10532,63.00791764109208,-1.731090366535091,4.364585949104324,53.4369522992766,,66.70570830852307,0.2755765453912318
10533,63.01100050253789,-1.728778038860143,4.365189015295252,53.4369522992766,,66.7133366993343,0.2755772729869932
10534,63.01005471053723,-1.737078115634506,4.365792045346355,53.4369522992766,,66.72095172021561,0.2755779132712632
10535,63.02856214477716,-1.736569800749989,4.366396426952559,53.4369522992766,,66.7285674152352,0.275578408036381
10536,63.00203898298061,-1.732026737071225,4.367003740099813,53.4369522992766,,66.73621289334982,0.2755786990746856
10537,63.00200893011232,-1.73608762900386,4.367609899725049,53.4369522992766,,66.74383440087288,0.275578728178516
10538,62.99600533915515,-1.738488777841381,4.368209666405527,53.4369522992766,,66.7513760784754,0.2755784953478724
10539,62.9886102016798,-1.732967937263865,4.368806778707689,53.4369522992766,,66.7588955730578,0.2755780296865851
10540,62.99274405085342,-1.730734479897156,4.369404559627244,53.4369522992766,,66.76643060131643,0.275577389402315
10541,62.98509124450209,-1.733739610802377,4.370002535441601,53.4369522992766,,66.77396382355768,0.2755766327027231
10542,62.98476621819839,-1.736307725733893,4.370600707020267,53.4369522992766,,66.78149106533395,0.2755757013801485
10543,63.00170373151538,-1.733364765639229,4.371197910609451,53.4369522992766,,66.78900602294104,0.2755746245384216
10544,62.99299863311292,-1.732537340954263,4.371796093639741,53.4369522992766,,66.79653627575668,0.2755733148660511
10545,63.00962219869871,-1.739011011672932,4.372397490310012,53.4369522992766,,66.80410056844316,0.2755717432592064
10546,63.01869039446585,-1.739366183643394,4.373001439076332,53.4369522992766,,66.81169142532825,0.2755699388217181
10547,63.03979848460121,-1.73731044188763,4.373607552401222,53.4369522992766,,66.81930710872385,0.2755679015535861
10548,63.04615969495125,-1.736539390177192,4.374213960548006,53.4369522992766,,66.82692973856933,0.275565660558641
10549,63.01738933834851,-1.739271171492135,4.374819750924288,53.4369522992766,,66.83454902273577,0.275563244940713
10550,62.99310893750489,-1.734467647472675,4.375424531830772,53.4369522992766,,66.84216077668152,0.2755607129074633
10551,62.9784180655082,-1.73558565160803,4.376025199353376,53.4369522992766,,66.84971622964153,0.2755581517703831
10552,63.00136190730634,-1.737354538992514,4.376621411694146,53.4369522992766,,66.85721047444454,0.2755554451141506
10553,63.04331232281096,-1.738881896735436,4.377217069916936,53.4369522992766,,66.8646975481305,0.275552534731105
10554,63.02698924922113,-1.739442473910542,4.377817017465236,53.4369522992766,,66.87224055314176,0.2755493333097547
10555,63.03432225847297,-1.742491403394121,4.378420573119335,53.4369522992766,,66.8798209569055,0.275545782642439
10556,63.07140515040759,-1.739602801887305,4.379024744058871,53.4369522992766,,66.88739671228953,0.2755419409368187
10557,63.04781624658573,-1.736131507446842,4.379633758908563,53.4369522992766,,66.8950349065562,0.2755379246082157
10558,63.01393975890412,-1.739756733701578,4.380243363055674,53.4369522992766,,66.90268166503358,0.2755337627604604
10559,62.99184127286831,-1.734014841598379,4.380847909609494,53.4369522992766,,66.91027331852287,0.2755295718088746
10560,62.99822210379375,-1.737570117920558,4.381446182062999,53.4369522992766,,66.91778678231674,0.2755253517534584
10561,63.01338041825465,-1.738306692958541,4.382041856575022,53.4369522992766,,66.92526505306053,0.27552101528272027
10562,63.01227272551129,-1.741482725552129,4.382639329487485,53.4369522992766,,66.93275459182593,0.2755164750851691
10563,63.02816471704018,-1.74194841600039,4.383238730855036,53.4369522992766,,66.94025123954697,0.2755115565378219
10564,63.03450814089369,-1.736412211225007,4.383841297487506,53.4369522992766,,66.94778266950458,0.2755063469521701
10565,63.04865513049694,-1.739397776397936,4.38444815370731,53.4369522992766,,66.9553704280535,0.2755008172243834
10566,63.02613980672288,-1.741793147337891,4.38505755433764,53.4369522992766,,66.96300023256453,0.2754951710812747
10567,63.03066352016402,-1.742843217523085,4.385664959314429,53.4369522992766,,66.97061841414198,0.2754894085228443
10568,63.01955713588858,-1.738083934180981,4.386266379073381,53.4369522992766,,66.9781709062171,0.275483587756753
10569,63.01832934452792,-1.738932553400375,4.38686284474165,53.4369522992766,,66.98565625981182,0.2754776796791703
10570,63.03535802370895,-1.740469892534025,4.387458631315102,53.4369522992766,,66.9931230152707,0.2754716842900962
10571,63.02956948746947,-1.735845474956362,4.388055676385392,53.4369522992766,,67.00059690356952,0.2754655142780393
10572,63.02659143615242,-1.735776668784829,4.388656894776576,53.4369522992766,,67.00810997801186,0.2754591114353389
10573,63.0226241534622,-1.737492402983172,4.389261113049423,53.4369522992766,,67.01564647572646,0.2754524466581643
10574,63.01770928536414,-1.743280382777574,4.389863952542426,53.4369522992766,,67.02316085063462,0.2754455781541765
10575,63.03239361747539,-1.739635186588322,4.390462756489873,53.4369522992766,,67.03063345682311,0.2754385059233755
10576,63.01820858583014,-1.731139147217958,4.391061426010694,53.4369522992766,,67.03811820467722,0.2754313463810831
10577,63.01223649596648,-1.735693663431296,4.391662443582481,53.4369522992766,,67.04563921416971,0.2754240704234689
10578,63.01937967257901,-1.742283629736051,4.392264474996221,53.4369522992766,,67.0531706687943,0.2754166780505329
10579,63.00983304899898,-1.734329704693535,4.392865911647111,53.4369522992766,,67.0606909382605,0.2754091692622751
10580,63.00409142561055,-1.732317009574875,4.393466384922945,53.4369522992766,,67.06819451837298,0.2754015440586954
10581,62.99582911072854,-1.7339930032465,4.394064260132513,53.4369522992766,,67.07566224190882,0.2753937151283026
10582,63.00123139252363,-1.74045217951625,4.394660313109206,53.4369522992766,,67.08310230673102,0.2753857697825879
10583,63.01203609453028,-1.734959395486939,4.395256175501954,53.4369522992766,,67.0905429745902,0.2753776789177209
10584,63.00989308510164,-1.730556375283198,4.395851850438896,53.4369522992766,,67.09798157099952,0.2753693552222103
10585,63.02611071332707,-1.737614680038067,4.3964480892765,53.4369522992766,,67.10542690964876,0.2753608569037169
10586,63.03538653892487,-1.743565088443482,4.39704691369903,53.4369522992766,,67.11291046674262,0.2753521548584104
10587,63.0185529903501,-1.73566425631061,4.397650260240661,53.4369522992766,,67.12045710685699,0.275343336397782
10588,63.00839745608664,-1.730580638883219,4.398254157230255,53.4369522992766,,67.12799949614195,0.2753343724180013
10589,63.0139988676073,-1.734513689681937,4.398856624884107,53.4369522992766,,67.13550550563443,0.2753253211267292
10590,63.00625166371774,-1.737062766351077,4.399458213950661,53.4369522992766,,67.14299195133613,0.2753161534201354
10591,62.99824448359148,-1.731483459778613,4.400057913814604,53.4369522992766,,67.15045908741371,0.2753068984020501
10592,62.99616490388107,-1.730578130324855,4.400655655039526,53.4369522992766,,67.15790581404745,0.2752974978648126
10593,63.00740797628404,-1.736231094043324,4.401253049818369,53.4369522992766,,67.16534955036008,0.2752879809122533
10594,62.99554494922104,-1.738883420502521,4.401851044224566,53.4369522992766,,67.17280134391973,0.2752782602328807
10595,62.99892461169299,-1.732493714784081,4.402447612526441,53.4369522992766,,67.1802265040938,0.275268335826695
10596,63.00693851640908,-1.72869004246833,4.403043266219122,53.4369522992766,,67.1876389298704,0.275258207693696
10597,63.00882092392717,-1.734087050717422,4.403640564262679,53.4369522992766,,67.19507193338214,0.2752479631453753
10598,63.00455710047376,-1.734795888380522,4.404240705518898,53.4369522992766,,67.20254199625539,0.2752376603893936
10599,62.99137025838357,-1.728475514679642,4.404841215550982,53.4369522992766,,67.2100190698688,0.275227299425751
10600,62.98170594019467,-1.729715917554205,4.40543762649007,53.4369522992766,,67.21744096058492,0.2752168802544475
10601,62.97151228231931,-1.733446270129058,4.406029306458229,53.4369522992766,,67.22479363043938,0.2752063155639917
10602,62.97245692275588,-1.729384297784981,4.406619768158134,53.4369522992766,,67.23212016066367,0.2751956053543836
10603,62.98689158618907,-1.726473143948111,4.407211875209615,53.4369522992766,,67.23946221742592,0.2751846914179623
10604,63.00679464923105,-1.733196986382577,4.407807324135782,53.4369522992766,,67.24684799764944,0.2751735737547278
10605,63.01094860165864,-1.739476177483167,4.408406452474663,53.4369522992766,,67.25428715127437,0.2751622232608497
10606,63.02092517688968,-1.733155580881315,4.409008253456434,53.4369522992766,,67.26176916666226,0.2751506690401584
10607,63.02927864425847,-1.728019160992125,4.409611059066155,53.4369522992766,,67.269280700104,0.2751389693003148
10608,63.00236882234285,-1.731487572396094,4.410213463560567,53.4369522992766,,67.27679980727821,0.2751272113528103
10609,62.97968780423801,-1.733041355673651,4.410813633981254,53.4369522992766,,67.28427455863655,0.2751154243014753
10610,62.96750116723874,-1.729894472659356,4.411409061329329,53.4369522992766,,67.29166319677168,0.2751036081463099
10611,62.9651481450212,-1.729947412179839,4.412002256065145,53.4369522992766,,67.29900829119526,0.2750916464719921
10612,62.98324281031326,-1.734790385912302,4.412596522218265,53.4369522992766,,67.30636281218959,0.2750795392785221
10613,62.99977020262931,-1.733335838680731,4.413191042594089,53.4369522992766,,67.31372404359526,0.275067170150578
10614,62.9972017929432,-1.731153087586029,4.413785432012226,53.4369522992766,,67.32109511172031,0.2750545390881598
10615,63.00089203181783,-1.732957971420819,4.414380887935299,53.4369522992766,,67.32848808865259,0.2750416460912675
10616,63.00608854653342,-1.727563685402023,4.414979096222444,53.4369522992766,,67.33591845627079,0.2750286075752228
10617,62.99581646804991,-1.729749107730007,4.41558033904869,53.4369522992766,,67.34338328727084,0.2750154526438564
10618,62.97919026577497,-1.734758678098782,4.416181835222607,53.4369522992766,,67.35083972690367,0.2750022686086595
10619,62.9883491653749,-1.730139987716348,4.416781474994171,53.4369522992766,,67.35826046564867,0.2749890554696321
10620,62.97815830533413,-1.729635887523106,4.417379885963181,53.4369522992766,,67.36566571205785,0.274975725915283
10621,62.97070000895804,-1.731458002731253,4.417974586632874,53.4369522992766,,67.37302937591154,0.2749621926341206
10622,62.98071086875494,-1.732185857766074,4.418564692446525,53.4369522992766,,67.38033753330603,0.2749483974184841
10623,62.99254679246972,-1.731726817161186,4.419153429496328,53.4369522992766,,67.38762835115612,0.2749343984760344
10624,62.98901418755408,-1.733518078876409,4.41974554495167,53.4369522992766,,67.39496384541954,0.2749201958067715
10625,62.97796457598427,-1.732361938101076,4.420340992657932,53.4369522992766,,67.40232851603665,0.2749058185145259
10626,62.96431266046707,-1.726462832880691,4.420938873245642,53.4369522992766,,67.40970410451712,0.2748913539107889
10627,62.9786479308669,-1.73315633642294,4.421536687204268,53.4369522992766,,67.41707143119606,0.2748768019955605
10628,62.9820252349322,-1.732751589212618,4.42213284157166,53.4369522992766,,67.4244245314967,0.2748621336650103
10629,62.98154903438838,-1.730281280101131,4.42272771438451,53.4369522992766,,67.43176719547321,0.2748472616076469
10630,62.98859256821207,-1.735858872563487,4.423322269077358,53.4369522992766,,67.4391083963469,0.2748321858234704
10631,62.98444620510052,-1.730951599686029,4.423917731015388,53.4369522992766,,67.44646439194536,0.2748168772086501
10632,62.98103631873227,-1.73222908953958,4.424515119050533,53.4369522992766,,67.45385088220647,0.2748170518316329
10633,62.96693186454013,-1.730359678130528,4.425112760471814,53.4369522992766,,67.46125329153233,0.2748212718870491
10634,62.97194795909854,-1.73112853963754,4.425707017298189,53.4369522992766,,67.46860772002562,0.2748254337348044
10635,62.99350837941773,-1.731601841885085,4.426297853238522,53.4369522992766,,67.47590800143013,0.2748294791672379
10636,62.99559926581657,-1.729330190781365,4.426889502693761,53.4369522992766,,67.48320739283903,0.2748334081843495
10637,63.00615156285622,-1.733701661515311,4.427485723296895,53.4369522992766,,67.4905523372665,0.2748371625784785
10638,62.99394586721215,-1.736043197830386,4.428087781763375,53.4369522992766,,67.49796282395056,0.2748407423496246
10639,62.98724831116917,-1.733206500307755,4.428691110715727,53.4369522992766,,67.50538833661628,0.274847203399986
10640,62.9711251440618,-1.728919255919392,4.429290509169834,53.4369522992766,,67.51277234982707,0.2748630649875849
10641,62.96956362575317,-1.731700964107894,4.429883924185309,53.4369522992766,,67.52009133527861,0.2748787228483707
10642,62.98679658334888,-1.734003509918174,4.430472150012804,53.4369522992766,,67.52735662993558,0.2748942351900041
10643,62.99175269276142,-1.732626780478515,4.431058215442052,53.4369522992766,,67.53460033234681,0.2749096020124853
10644,62.98539882370582,-1.730984880986665,4.431647351848984,53.4369522992766,,67.54187841033153,0.2749247651081532
10645,62.97468417152116,-1.726782774477356,4.432242418681282,53.4369522992766,,67.54921541423906,0.274939724477008
10646,62.99277881257273,-1.735347484113583,4.432840699303595,53.4369522992766,,67.5565744371963,0.2749544801190495
10647,62.98875143858069,-1.730905788092304,4.433438719059135,53.4369522992766,,67.5639279830231,0.2749690029304475
10648,62.98863114098109,-1.732016521914822,4.434034469193223,53.4369522992766,,67.57125426044897,0.2749832638073713
10649,62.97854373860989,-1.731995394826715,4.434630247336393,53.4369522992766,,67.57857958329656,0.2749973209574819
10650,62.99289999915015,-1.737440650816273,4.435227552165106,53.4369522992766,,67.58591956803205,0.2750112325884402
10651,62.98316234914001,-1.730411764034407,4.435827112710175,53.4369522992766,,67.59329238858048,0.2750250278040767
10652,62.9762747047879,-1.731002455744614,4.436426662146576,53.4369522992766,,67.60066931144274,0.2750386483967304
10653,62.96473511994519,-1.731428585406604,4.437021418710976,53.4369522992766,,67.60798862758014,0.2750520943664014
10654,62.96723863471346,-1.732957823875865,4.437610241810658,53.4369522992766,,67.6152405025756,0.2750653657130897
10655,62.9752563357504,-1.732355159109279,4.438195898114649,53.4369522992766,,67.62245498493574,0.2750784624367952
10656,62.99065993065011,-1.730237795392679,4.43878381861346,53.4369522992766,,67.62969023285588,0.2750913554336876
10657,63.00101994563187,-1.733543825605545,4.439376460644882,53.4369522992766,,67.63697100568729,0.2751040738075972
10658,63.0146276261825,-1.735714002671765,4.439974917790033,53.4369522992766,,67.64431489126292,0.275116617558524
10659,62.99802901504972,-1.733692168312603,4.440578421180552,53.4369522992766,,67.65171976044118,0.2751289866864681
10660,62.98794386173581,-1.734223596186456,4.441181570775282,53.4369522992766,,67.65912280116164,0.2751411229837686
10661,62.9729010989391,-1.730738111017684,4.441780107796049,53.4369522992766,,67.6664797982261,0.2751531137619168
10662,62.96682033650421,-1.737801666623507,4.442373105460776,53.4369522992766,,67.67377366887004,0.2751649590209126
10663,62.98251488830705,-1.736592475927579,4.442962668717596,53.4369522992766,,67.68102098443633,0.2751766878645867
10664,62.97772586535049,-1.731793898658635,4.443551690512228,53.4369522992766,,67.68825451521525,0.2751882129814476
10665,62.98287600085093,-1.731564726358722,4.444142503667194,53.4369522992766,,67.69549536038377,0.2751995634753257
10666,62.98505374700926,-1.737766638837256,4.444735499962874,53.4369522992766,,67.7027533577297,0.2752106520347297
10667,62.98551310260218,-1.739687406637048,4.445329566416278,53.4369522992766,,67.71002400789469,0.2752215368673205
10668,62.99217707564678,-1.734453191546383,4.445923722389696,53.4369522992766,,67.71730572604055,0.2752321306616068
10669,63.00782589573805,-1.735464931372136,4.446518082976654,53.4369522992766,,67.7246024335195,0.2752425498329103
10670,63.00028322256401,-1.739355093794846,4.447115752253886,53.4369522992766,,67.73194987394778,0.2752527943812311
10671,62.98657392348274,-1.736015096168385,4.447713366812831,53.4369522992766,,67.73928858461201,0.2752628934103996
10672,62.97224999846244,-1.733800398746575,4.448310000386073,53.4369522992766,,67.74660078347864,0.2752728760242462
10673,62.97731150502044,-1.737072838548368,4.448905479606996,53.4369522992766,,67.7538829107023,0.275282742222771
10674,63.00245688812434,-1.741393814444214,4.449499436794052,53.4369522992766,,67.76114480782451,0.2752924046944827
10675,62.99056824161353,-1.739848286006153,4.450093267001268,53.4369522992766,,67.76842028480353,0.2753018343355507
10676,62.99680895769378,-1.736226610333796,4.450686306048425,53.4369522992766,,67.77569261315881,0.2753110020421445
10677,62.99974311032633,-1.738329912993769,4.451279230982227,53.4369522992766,,67.78295979582478,0.2753198787104338
10678,63.02131748656126,-1.741217034261229,4.451873876099643,53.4369522992766,,67.7902381898366,0.2753285516519099
10679,63.02880431343513,-1.744465480974219,4.45247168749273,53.4369522992766,,67.79755260571247,0.2753370499704033
10680,63.02107715510062,-1.73864945273291,4.453073598331359,53.4369522992766,,67.80492682934066,0.2753454027697444
10681,63.00245717190897,-1.736501046651104,4.453674628478541,53.4369522992766,,67.81230798004849,0.2753536682575941
10682,62.99186016484512,-1.740290637945073,4.454269881172937,53.4369522992766,,67.81962638429319,0.2753617882262915
10683,62.98662432870351,-1.737338322557113,4.454860444504305,53.4369522992766,,67.82688068087361,0.2753697917796671
10684,63.00127653849576,-1.732305402659031,4.455449338415651,53.4369522992766,,67.83409646723473,0.27537762071006
10685,63.01162768967414,-1.738028697477962,4.456038820265317,53.4369522992766,,67.84130424537204,0.2753852459136397
10686,62.9972981117474,-1.74034247438331,4.456631719572474,53.4369522992766,,67.84854346754364,0.2753926091827452
10687,63.00473958374913,-1.739076139592187,4.45722644195086,53.4369522992766,,67.85578810188761,0.2753996814135462
10688,63.0159579216113,-1.734295499153047,4.457822868108083,53.4369522992766,,67.86305304919762,0.2754065208137035
10689,63.00502037548883,-1.734479945332429,4.458420743000051,53.4369522992766,,67.87034969196526,0.2754132146947086
10690,63.01081454425399,-1.742750199448492,4.459018535039709,53.4369522992766,,67.87766557291009,0.2754198503680527
10691,62.99327099675797,-1.738845916852468,4.459615871070577,53.4369522992766,,67.88499463688778,0.2754263987299055
10692,62.98665834095454,-1.735344445190098,4.460209689802558,53.4369522992766,,67.89227932517946,0.2754328306764364
10693,62.98640312326018,-1.734440327812401,4.46079702020096,53.4369522992766,,67.89946699212418,0.2754390879999846
10694,62.99328748885689,-1.736964186174747,4.461380067214304,53.4369522992766,,67.90657908733795,0.2754451415967196
10695,63.01504564838075,-1.739697877561137,4.461964884184658,53.4369522992766,,67.9136996961201,0.2754510205704719
10696,63.00542310359451,-1.73295854049662,4.462554884846805,53.4369522992766,,67.92088394735323,0.2754566667135805
10697,63.00148065480507,-1.734488061683538,4.463148107564464,53.4369522992766,,67.92811687393647,0.2754621091298759
10698,63.00898853160869,-1.737644234050906,4.463740959507033,53.4369522992766,,67.93535252782655,0.2754673769231886
10699,63.0167477857327,-1.739405758104016,4.464332415392278,53.4369522992766,,67.94257051854163,0.2754725283011794
10700,63.02427400527065,-1.738538059837373,4.464924629597517,53.4369522992766,,67.94979375146217,0.2754775050561875
10701,63.00756992489151,-1.732673089754452,4.465519959326341,53.4369522992766,,67.9570602733531,0.2754823071882129
10702,63.00211646103163,-1.738448305777519,4.466116981227483,53.4369522992766,,67.96434857361461,0.2754869638010859
10703,62.99569240047139,-1.734524452961058,4.466712946899405,53.4369522992766,,67.97161746686204,0.2754914748948067
10704,62.98979370302316,-1.734460638931167,4.467305857231464,53.4369522992766,,67.9788403699837,0.2754958695732057
10705,63.00505622161457,-1.737273680435884,4.467893416548016,53.4369522992766,,67.98599579324363,0.2755001478362828
10706,62.99908795334049,-1.732109674704666,4.468477300965961,53.4369522992766,,67.99311635804523,0.2755042805802077
10707,62.99910696504375,-1.733230235810384,4.469061359758342,53.4369522992766,,68.0002483264793,0.2755082678049803
10708,63.0137734289907,-1.732894007295336,4.469647047797295,53.4369522992766,,68.00740233243711,0.2755120513029397
10709,63.01906029706014,-1.729578935281864,4.470234741606688,53.4369522992766,,68.0145742161551,0.2755157183855772
10710,63.01158326020129,-1.732335912543075,4.470826165535043,53.4369522992766,,68.02178103016892,0.2755192690528929
10711,63.00173992821168,-1.733855218515595,4.471422215056544,53.4369522992766,,68.02903353644027,0.2755227033048868
10712,62.99587584545178,-1.733638262693936,4.472019220892681,53.4369522992766,,68.03629071754393,0.2755259920377284
10713,62.992756897006,-1.731898994700116,4.472612454418528,53.4369522992766,,68.0435013673171,0.2755291934590787
10714,62.98313418909378,-1.730027408334714,4.473202956250257,53.4369522992766,,68.05068422649998,0.2755321911536157
10715,62.97523937712808,-1.728482498775139,4.473791830445647,53.4369522992766,,68.05784608907959,0.2755350724328309
10716,62.98660323600206,-1.731911408966108,4.474378829991513,53.4369522992766,,68.06498043404369,0.2755377499852329
10717,63.00571526852982,-1.735169843168044,4.474963855648475,53.4369522992766,,68.07209001852401,0.2755402820184827
10718,63.0193244769526,-1.732734464705831,4.475550627494131,53.4369522992766,,68.07922547506776,0.2755426103249192
10719,63.02459882435218,-1.732620136129325,4.476140463650684,53.4369522992766,,68.08640389900887,0.275544764008373
10720,63.03158138660239,-1.735141276098542,4.476732688519364,53.4369522992766,,68.09361183693666,0.2755467430688441
10721,63.02114357363081,-1.734171114186467,4.477326156792239,53.4369522992766,,68.1008319760064,0.2755485475063324
10722,63.02028974353336,-1.736275985150751,4.4779193931361,53.4369522992766,,68.10804691299536,0.2755502355284989
10723,63.01223162633195,-1.730489114259108,4.478509955137264,53.4369522992766,,68.11522625480258,0.275551836239174
10724,62.99842092960046,-1.734403645862117,4.479098330263374,53.4369522992766,,68.1223764472835,0.2755533205345273
10725,63.01100248215292,-1.736903635564675,4.479685907585363,53.4369522992766,,68.12951114540581,0.2755546884145588
10726,63.00723066773151,-1.732278009697549,4.480273463682867,53.4369522992766,,68.13664465192379,0.2755558816716075
10727,63.01351150821402,-1.726598927174868,4.480862276544809,53.4369522992766,,68.14378325173608,0.275556871201843
10728,63.00253779375963,-1.732898027927216,4.481452725499454,53.4369522992766,,68.15092872165022,0.2755576279014349
10729,62.99081132742953,-1.734605557126348,4.482043723670679,53.4369522992766,,68.15807970536751,0.2755581808742136
10730,62.9949692881211,-1.727299143263712,4.482633232512454,53.4369522992766,,68.16521859126563,0.27555861743167037
10731,63.02089992190743,-1.735477403934794,4.48322198322456,53.4369522992766,,68.17235329828495,0.2755589666776359
10732,63.00550379542047,-1.73262771043742,4.483813485426341,53.4369522992766,,68.17953178426768,0.2755591995082796
10733,62.99263559865858,-1.731892933705857,4.484405458046287,53.4369522992766,,68.18671590151094,0.2755592577159405
10734,62.9888829923873,-1.729304679784039,4.484994998394195,53.4369522992766,,68.19386385663904,0.2755591704044491
10735,63.01276741259451,-1.736719621984602,4.485581658019477,53.4369522992766,,68.20097342670152,0.2755589375738055
10736,63.0211540606584,-1.738108497983549,4.486168780293583,53.4369522992766,,68.20809716509459,0.2755585301201791
10737,63.00792434934791,-1.733409075204194,4.48675901036664,53.4369522992766,,68.21526514909205,0.2755579189397395
10738,62.99582092484521,-1.729855175100839,4.487351091065902,53.4369522992766,,68.22245101200112,0.2755571040324867
10739,62.99156112878084,-1.736457600337226,4.487942553277258,53.4369522992766,,68.229614845719,0.2755560853984207
10740,62.99606972958911,-1.733471988007413,4.488532796415919,53.4369522992766,,68.23674711883746,0.2755549794528633
10741,63.00543734449094,-1.731276663943525,4.489121397894689,53.4369522992766,,68.24384633999279,0.2755537861958146
10742,63.00476200463638,-1.731119614446665,4.489710934925837,53.4369522992766,,68.25096060932958,0.2755524765234441
10743,63.00718422466219,-1.737964499175985,4.490301500823787,53.4369522992766,,68.25810160994786,0.2755510213319212
10744,63.00971798521964,-1.732901844165809,4.490892341769909,53.4369522992766,,68.26526445921837,0.2755494206212461
10745,62.99957227837176,-1.729781391375797,4.491483270588116,53.4369522992766,,68.27244190794143,0.2755476161837578
10746,62.99672897400369,-1.733931849851838,4.492072633018314,53.4369522992766,,68.27959795234376,0.2755456662271172
10747,63.00536190134279,-1.734992629595362,4.492659897628905,53.4369522992766,,68.28671856224337,0.2755435416474938
10748,63.00283965641789,-1.73407779285065,4.493245184704759,53.4369522992766,,68.29380255808765,0.27554132975637907
10749,62.9979070301243,-1.730136113752864,4.493829788660626,53.4369522992766,,68.30086680292442,0.2755390014499426
10750,62.99190645677585,-1.730330570628624,4.494415815500752,53.4369522992766,,68.30793882974224,0.2755365276243538
10751,62.9828658054122,-1.73132935340861,4.495003294812609,53.4369522992766,,68.31502450964454,0.2755339082796127
10752,62.98708434086068,-1.731435714683235,4.495591470721619,53.4369522992766,,68.32211467098269,0.2755312016233802
10753,63.00068010857184,-1.732976066287956,4.496180101958982,53.4369522992766,,68.32921112045182,0.2755283785518259
10754,63.02732442816342,-1.738266965575908,4.496770652893263,53.4369522992766,,68.33634106119094,0.2755254099611193
10755,63.01258707043023,-1.737226618536377,4.497363377539902,53.4369522992766,,68.3435179841574,0.27552226674743
10756,63.00274953823447,-1.731802037793937,4.497956056482616,53.4369522992766,,68.3507068591252,0.2755189198069274
10757,62.9938340824762,-1.729465628734593,4.498545234059978,53.4369522992766,,68.3578555311265,0.2755154564511031
10758,62.98598493901643,-1.732900603462668,4.499130290052962,53.4369522992766,,68.36494920477209,0.2755119057837874
10759,62.98819164246156,-1.733704667916888,4.49971214417002,53.4369522992766,,68.37199054377119,0.2755082969088107
10760,62.99158572365577,-1.729949907678207,4.500293241347646,53.4369522992766,,68.37900546954172,0.2755045425146818
10761,62.98710241419222,-1.730702836999948,4.500875556188404,53.4369522992766,,68.38601937268065,0.27550070080906147
10762,62.98506669079055,-1.731286847774852,4.501459624981111,53.4369522992766,,68.39304461863806,0.275496713584289
10763,62.99498396582274,-1.732398286284071,4.502046958305861,53.4369522992766,,68.40010487166631,0.2754925517365336
10764,63.0043724128078,-1.732452785312308,4.502639730999285,53.4369522992766,,68.40723125553077,0.2754882734734565
10765,62.99350895819268,-1.731062961360193,4.50323480858556,53.4369522992766,,68.41439559707895,0.2754837914835662
10766,62.97573819722771,-1.736148647810041,4.503826051679376,53.4369522992766,,68.42152883682296,0.275479193078354
10767,62.96397265093624,-1.734207598665608,4.504411019997356,53.4369522992766,,68.4285943002928,0.2754744491539896
10768,62.96561433100997,-1.730822363597313,4.504990643459074,53.4369522992766,,68.43558914301946,0.2754696179181337
10769,62.9853121375648,-1.733111646216204,4.505571029036075,53.4369522992766,,68.4425872534013,0.2754646993707865
10770,62.99023545143896,-1.738370505100826,4.506154722452981,53.4369522992766,,68.44961823997171,0.2754596062004566
10771,62.99433751772036,-1.733387009966858,4.506740360363175,53.4369522992766,,68.45666467300823,0.275454338407144
10772,63.00461065726603,-1.732962585829326,4.507326457507248,53.4369522992766,,68.46371350374717,0.2754488668870181
10773,63.0211123695567,-1.735952748529058,4.507913172374218,53.4369522992766,,68.47077173339814,0.275443191640079
10774,62.99397169997836,-1.735462893852391,4.508502309024126,53.4369522992766,,68.47786651804195,0.2754373999778181
10775,62.99217840719197,-1.736142979537807,4.509093249551116,53.4369522992766,,68.48497816039797,0.2754315210040659
10776,62.98478119872444,-1.731862392484098,4.509682712965281,53.4369522992766,,68.49206644063952,0.2754256129264832
10777,62.98214593293351,-1.732274134299116,4.510267714394278,53.4369522992766,,68.49909665472424,0.2754196175374091
10778,62.97385435814352,-1.734856687696653,4.510847751538588,53.4369522992766,,68.50606736731268,0.2754134475253522
10779,62.97985650927763,-1.732193122897106,4.511426555988457,53.4369522992766,,68.5130261627892,0.2754071610979736
10780,62.99907681586903,-1.732158319609662,4.512007908576057,53.4369522992766,,68.52001915907185,0.2754006709437817
10781,62.98886506568725,-1.731793605524646,4.512592968989285,53.4369522992766,,68.52705826802432,0.2753940061666071
10782,62.99457709249668,-1.735006403008465,4.513179802993109,53.4369522992766,,68.53411230584348,0.2753871958702803
10783,62.98949975374208,-1.731423556846393,4.513766682018181,53.4369522992766,,68.54115687841423,0.2753802691586316
10784,63.00177484758356,-1.736041048724335,4.514353146816711,53.4369522992766,,68.54818938252654,0.2753732551354915
10785,62.99001903737201,-1.733867905472557,4.514938374602698,53.4369522992766,,68.55521368358345,0.2753661246970296
10786,62.98805311331276,-1.733020960820365,4.515522171219596,53.4369522992766,,68.56223196485851,0.2753715089056641
10787,62.98892805653881,-1.73332937375834,4.516103840380091,53.4369522992766,,68.56922578972461,0.2753787848632783
10788,62.99823125450455,-1.733326336131435,4.516685387038542,53.4369522992766,,68.57621065132261,0.2753859444055706
10789,63.0065429104372,-1.732188819811306,4.517269339523244,53.4369522992766,,68.58321648451678,0.2753930166363716
10790,63.01622598056658,-1.734675125105498,4.517857329732776,53.4369522992766,,68.59026972090494,0.2754000015556812
10791,62.98741589240613,-1.734008619662404,4.518447368153712,53.4369522992766,,68.5973516851389,0.275406870059669
10792,62.98652791928716,-1.736490782322083,4.519034052833171,53.4369522992766,,68.60439209569886,0.275413622148335
10793,63.00840352579167,-1.738007003271138,4.519615413734552,53.4369522992766,,68.61136532713184,0.2754202287178487
10794,63.02984418998481,-1.742978710703323,4.520197102500263,53.4369522992766,,68.6183459969357,0.2754266897682101
10795,63.03511398084692,-1.733087526215539,4.520783079318326,53.4369522992766,,68.62539028667814,0.2754330344032496
10796,63.01999627788743,-1.734998036386864,4.521370952405922,53.4369522992766,,68.63245934231239,0.2754392626229674
10797,62.99208460754163,-1.737791016113722,4.521958671462715,53.4369522992766,,68.63951988997496,0.2754454035311937
10798,62.97460931065963,-1.735806957254758,4.522543733388401,53.4369522992766,,68.64653442895637,0.2754514862317592
10799,62.97381417748226,-1.734347538907918,4.523124413580418,53.4369522992766,,68.65348452061419,0.2754575107246637
10800,63.00064461254567,-1.737888946674944,4.523703246854669,53.4369522992766,,68.66040679752729,0.2754634188022465
10801,63.02347853457616,-1.738700597154041,4.524284420305906,53.4369522992766,,68.66735911828862,0.2754691813606769
10802,63.06298791666168,-1.742347209669732,4.524871030088748,53.4369522992766,,68.6743784927935,0.2754747401922941
10803,63.03131325455195,-1.739215242193154,4.525464950888085,53.4369522992766,,68.6815018805007,0.2754801535047591
10804,63.00326325875348,-1.739622896962076,4.526059794910887,53.4369522992766,,68.68863891048355,0.2754854212980717
10805,63.00382306327653,-1.738758937264363,4.526648765475976,53.4369522992766,,68.69570144549058,0.2754906308837235
10806,63.03317886798011,-1.745113412218069,4.527231155515603,53.4369522992766,,68.70268837317498,0.2754958113655448
10807,63.02369585129037,-1.736533603122315,4.527812275868178,53.4369522992766,,68.70967127551828,0.2755009627435356
10808,63.01209529486531,-1.735519011270133,4.528394722088594,53.4369522992766,,68.71665805473589,0.2755059686023742
10809,63.01475404050977,-1.741925282199861,4.528977463971255,53.4369522992766,,68.72362857055147,0.27551085804589087
10810,63.0197639668902,-1.741521718421966,4.529560798182375,53.4369522992766,,68.73059137257063,0.2755156019702554
10811,63.00521701262665,-1.737557651983313,4.530146718893823,53.4369522992766,,68.73758316957945,0.275520229479298
10812,63.00040759929958,-1.738822930283926,4.530733812670538,53.4369522992766,,68.74458938763537,0.2755247405730188
10813,63.00897222888834,-1.735769878310184,4.531318576210049,53.4369522992766,,68.75157409509758,0.2755291643552482
10814,62.99034649215129,-1.737572420069958,4.531901729708052,53.4369522992766,,68.75855310896515,0.2755335008259863
10815,62.9992528910047,-1.742439082157096,4.532484385258273,53.4369522992766,,68.76552683607346,0.2755377499852329
10816,63.00197451836988,-1.738129103322757,4.533066689482162,53.4369522992766,,68.77249503037842,0.2755418827291578
10817,63.00025177871157,-1.735654909893651,4.533649208920066,53.4369522992766,,68.77946164887837,0.2755459281615913
10818,62.98937747523113,-1.734525888421155,4.534230586916746,53.4369522992766,,68.78641438627307,0.275549857178703
10819,62.98550519018062,-1.735894556165266,4.534809667162921,53.4369522992766,,68.79334248803403,0.2755536988843232
10820,62.99719092826292,-1.736594170161835,4.53538701254003,53.4369522992766,,68.80024758396877,0.2755574532784522
10821,63.01270641270433,-1.735056130200906,4.53596686544243,53.4369522992766,,68.80718123583847,0.2755610621534288
10822,63.01747601464001,-1.737973706367116,4.536551471931073,53.4369522992766,,68.81417284500368,0.2755645837169141
10823,63.02097257476483,-1.738084210505711,4.537137031152477,53.4369522992766,,68.82117044061933,0.2755679306574166
10824,63.01572324153152,-1.736104783342302,4.537722757470013,53.4369522992766,,68.82816487158435,0.2755711902864277
10825,63.01322356350586,-1.733793077322182,4.538309235773283,53.4369522992766,,68.83516091993441,0.2755743626039475
10826,63.02058309916767,-1.734922804399993,4.538895915409295,53.4369522992766,,68.84215304645386,0.2755775058176368
10827,63.01382849833399,-1.73275970277091,4.539482395567143,53.4369522992766,,68.84914790155801,0.2755805617198348
10828,63.00165732962513,-1.735304424660733,4.540065986989115,53.4369522992766,,68.85611932385818,0.2755835303105414
10829,62.98865428113146,-1.734673871768889,4.54064595648506,53.4369522992766,,68.86305536733938,0.2755863533820957
10830,62.98228896161549,-1.734822697302734,4.541222209777622,53.4369522992766,,68.86993890266791,0.2755890309344977
10831,63.00728072392562,-1.732096536104811,4.54179686707162,53.4369522992766,,68.87679269155171,0.2755916211754084
10832,63.02489029899374,-1.734955996246998,4.542373196828983,53.4369522992766,,68.88366650427116,0.2755940658971667
10833,63.02987520674336,-1.737075458377247,4.542955892668137,53.4369522992766,,68.89061958491911,0.2755964524112642
10834,63.02872989833778,-1.732231967983558,4.543542543328,53.4369522992766,,68.89760882362596,0.2755986934062093
10835,63.01250677805012,-1.73146192818198,4.544128577143296,53.4369522992766,,68.90458607663378,0.2756008470896631
10836,63.00749909235523,-1.736272313860381,4.544712247861129,53.4369522992766,,68.91153881239565,0.2756029716692865
10837,63.01355526307461,-1.736955490935378,4.545293194095846,53.4369522992766,,68.91846141453398,0.2756050089374185
10838,63.00616423420201,-1.731577786915227,4.545874072542452,53.4369522992766,,68.92538668412463,0.2756069879978895
10839,62.99819768589687,-1.729351511452795,4.546455993871449,53.4369522992766,,68.93232037861526,0.2756088506430387
10840,62.98861352356739,-1.73279539563902,4.547037495199078,53.4369522992766,,68.93923811044955,0.2756105968728662
10841,62.9865177277354,-1.733786621131824,4.54761491420969,53.4369522992766,,68.9460990742866,0.2756122266873717
10842,62.99704324536749,-1.731431769254665,4.548188910060717,53.4369522992766,,68.95292595620936,0.2756137400865555
10843,63.02317018883056,-1.733435657102817,4.54876248399961,53.4369522992766,,68.95975689448969,0.2756151370704174
10844,63.0166866751956,-1.732642444492673,4.549339800025212,53.4369522992766,,68.96663788379658,0.275616446742788
10845,63.03303713689213,-1.735333235701863,4.549922061061544,53.4369522992766,,68.97357088239875,0.2756176982074976
10846,63.01892598751999,-1.731058657146289,4.550508102132317,53.4369522992766,,68.98054576077512,0.2756188623607159
10847,63.02633131298914,-1.739314248704654,4.551093270678381,53.4369522992766,,68.98751176033018,0.2756199392024428
10848,63.01710565150293,-1.731654202606056,4.55167507294475,53.4369522992766,,68.99445188728745,0.2756208996288478
10849,63.00752764318759,-1.730012636317428,4.552254567098633,53.4369522992766,,69.00136615388894,0.2756217727437615
10850,63.00593637884003,-1.734769785943548,4.552832713156864,53.4369522992766,,69.008253952315,0.2756225585471839
10851,62.99633283338605,-1.734485561583285,4.553410277691405,53.4369522992766,,69.01511413488434,0.2756232570391148
10852,62.99926357562522,-1.728785526145374,4.553988101795222,53.4369522992766,,69.02196254286314,0.275623839115724
10853,63.00110315357063,-1.732570747702276,4.554565136177517,53.4369522992766,,69.02880308982485,0.2756243629846722
10854,63.02545194508043,-1.738614597777365,4.555141722621191,53.4369522992766,,69.03565270369799,0.2756247704382986
10855,63.01135722124103,-1.736357540478309,4.55572076649314,53.4369522992766,,69.04254574501725,0.2756250905804336
10856,63.01817884518914,-1.733803656584165,4.556303115380468,53.4369522992766,,69.0494742708833,0.2756252652034163
10857,63.00945948198805,-1.730706858092105,4.556887171494586,53.4369522992766,,69.05641509877294,0.2756253525149077
10858,62.99553445901599,-1.733964298482404,4.557469704195531,53.4369522992766,,69.06333261455435,0.2756253525149077
10859,62.99484862718688,-1.735262257012765,4.558047310153342,53.4369522992766,,69.07019500984158,0.2756252652034163
10860,63.01307877350206,-1.731073765030745,4.558620757070249,53.4369522992766,,69.07701674709203,0.2756251487880945
10861,63.00432943450603,-1.729403970638537,4.559193186349907,53.4369522992766,,69.08382890964211,0.2756249450612813
10862,62.99213986116594,-1.734158501729958,4.559767541278668,53.4369522992766,,69.0906515967917,0.2756246249191463
10863,62.99377558917982,-1.730937117014407,4.560344777129872,53.4369522992766,,69.09748839590927,0.2756242174655199
10864,63.01510862827089,-1.733802914739134,4.560923192652753,53.4369522992766,,69.10432915253467,0.2756236935965717
10865,63.01698999994461,-1.733834841255187,4.561503676648645,53.4369522992766,,69.11120506065096,0.2756230242084712
10866,63.00837226990541,-1.736516833562881,4.562085777278008,53.4369522992766,,69.11810525536984,0.2756222384050488
10867,63.01083359583736,-1.735120475387395,4.562668500624289,53.4369522992766,,69.12501262004216,0.2756213652901351
10868,63.01097200372226,-1.73164038292115,4.56325192826723,53.4369522992766,,69.13193005098726,0.2756204339675605
10869,63.00365754239057,-1.733926209506425,4.563834190795026,53.4369522992766,,69.13884152136791,0.275619444437325
10870,62.99374211844683,-1.731586094567322,4.564412003025359,53.4369522992766,,69.14570971722566,0.2756183966994286
10871,62.9886500690032,-1.731690201067471,4.564985211030825,53.4369522992766,,69.15252711259889,0.2756172907538712
10872,63.0140275711936,-1.736707588599969,4.565556627240063,53.4369522992766,,69.15931604453576,0.2756160974968225
10873,63.00012552126721,-1.733354636974944,4.566131280482466,53.4369522992766,,69.16613592009404,0.2756147587206215
10874,62.99716934111912,-1.732098804863749,4.566709647693424,53.4369522992766,,69.172976047241,0.2756132744252682
10875,62.99293271792182,-1.727482696949382,4.567289053630365,53.4369522992766,,69.17981808661057,0.2756116737145931
10876,62.98348689073593,-1.731807209317843,4.567869123469276,53.4369522992766,,69.18667357080318,0.2756099856924266
10877,62.98526654353128,-1.732672712253884,4.568448904419284,53.4369522992766,,69.19352809165193,0.2756082976702601
10878,62.98065503532327,-1.734914421972571,4.569029222740465,53.4369522992766,,69.20039200343739,0.2756066096480936
10879,62.97659696316946,-1.734329395411625,4.569609131343768,53.4369522992766,,69.2072522876018,0.2756048343144357
10880,62.9747237664231,-1.731212176179635,4.570186792722889,53.4369522992766,,69.21408886826768,0.2756029134616256
10881,62.9820650497498,-1.734795225553758,4.570760427877324,53.4369522992766,,69.22088082756476,0.2756008470896631
10882,63.00569304882416,-1.737264407553795,4.571332272362478,53.4369522992766,,69.22765569524952,0.2755986351985484
10883,62.99910499925175,-1.729452897828088,4.57190604282297,53.4369522992766,,69.2344608756149,0.2755963068921119
10884,62.9986510441624,-1.73124110972583,4.572483386610285,53.4369522992766,,69.24131198151701,0.2755939494818449
10885,62.99483558054886,-1.734299787998531,4.573061977635959,53.4369522992766,,69.2481741835234,0.275591533863917
10886,62.99250936920222,-1.73413950899814,4.573640699554952,53.4369522992766,,69.25502651577182,0.27558908914215857
10887,62.97937366503925,-1.729566364247659,4.574218591189043,53.4369522992766,,69.26185203839196,0.2755866153165698
10888,62.98194928879458,-1.730596724564602,4.574795065603682,53.4369522992766,,69.26864115440524,0.2755840832833201
10889,62.99944317073214,-1.735052661910209,4.575370028295812,53.4369522992766,,69.27540611888621,0.2755995083134621
10890,62.99282064269807,-1.734747694104495,4.575945714825478,53.4369522992766,,69.28219643415699,0.2756157191470265
10891,62.99302055949455,-1.732779679646765,4.576521072828823,53.4369522992766,,69.28900282142763,0.2756317262537777
10892,63.00329716371324,-1.733866706752581,4.577096438397775,53.4369522992766,,69.29582522394561,0.2756476460490376
10893,63.02314851180621,-1.738866645359438,4.577672608435791,53.4369522992766,,69.30266035450717,0.2756634494289756
10894,63.00875829668423,-1.737855424231501,4.578250556920855,53.4369522992766,,69.30951495278008,0.2756791946012527
10895,63.00186477057723,-1.728388843022331,4.578830370156211,53.4369522992766,,69.3163813619765,0.2756948524620384
10896,63.00862301322029,-1.732348209308745,4.579410503021062,53.4369522992766,,69.32323080901934,0.2757104521151632
10897,62.99528828680896,-1.737889526649789,4.57998970536652,53.4369522992766,,69.33006069477148,0.2757259644567966
10898,62.99231917981297,-1.737643032631419,4.580564974273824,53.4369522992766,,69.3368377779716,0.2757413894869387
10899,62.97940999895027,-1.730099200019901,4.581136961980413,53.4369522992766,,69.34357738724343,0.2757567272055894
10900,63.00100526888254,-1.732951396806503,4.581709254068415,53.4369522992766,,69.35032448447897,0.2757719194050878
10901,63.0108187124964,-1.733682599955717,4.582284900403719,53.4369522992766,,69.35712071901536,0.2757869951892644
10902,63.00363135905594,-1.736108776671979,4.582864817870904,53.4369522992766,,69.36397036972348,0.2758019545581192
10903,63.00411531198549,-1.733309855208512,4.583443842625444,53.4369522992766,,69.37081378855511,0.2758167975116521
10904,63.00326609992436,-1.73805219944452,4.58401846870092,53.4369522992766,,69.37760949068758,0.2758315240498632
10905,63.01812998704136,-1.740350750312947,4.584590862814515,53.4369522992766,,69.38437475669781,0.2758461923804134
10906,63.00502127309188,-1.731976464510222,4.585165400972786,53.4369522992766,,69.39116215727164,0.2758607442956418
10907,63.01704126778042,-1.732053889304198,4.585741401550289,53.4369522992766,,69.39795471901546,0.2758751797955483
10908,63.00050131317946,-1.734162218370963,4.586317062562721,53.4369522992766,,69.40473373464589,0.2758895570877939
10909,62.98504358350188,-1.734035668851698,4.586891094433692,53.4369522992766,,69.41149173812316,0.2759038179647177
10910,62.99204344186661,-1.734874436375865,4.587463421866666,53.4369522992766,,69.41823325018426,0.2759180206339806
10911,63.00844104811585,-1.736713296773805,4.588036480622955,53.4369522992766,,69.42499095196096,0.2759321359917521
10912,63.02951861111822,-1.738435592859764,4.588611111683457,53.4369522992766,,69.43176991223437,0.2759461058303714
10913,63.01806201119785,-1.732797616308697,4.589186691548847,53.4369522992766,,69.43856467368006,0.2759599301498383
10914,63.02348446348846,-1.735788729432522,4.58976237062075,53.4369522992766,,69.44535597479445,0.275973608950153
10915,63.03598584301616,-1.736998228193078,4.590339033020278,53.4369522992766,,69.45215630332348,0.2759871713351458
10916,63.03003118994405,-1.734682448170494,4.590917300083094,53.4369522992766,,69.45897541441246,0.2760007046163082
10917,63.01707185858999,-1.73491821877838,4.591495729078063,53.4369522992766,,69.46579611817862,0.2760142087936401
10918,63.03380694488042,-1.737030444520558,4.592071740517147,53.4369522992766,,69.47258278956885,0.2760276547633111
10919,63.01108414978582,-1.730853376554898,4.592644842229494,53.4369522992766,,69.47933252323126,0.2760410425253212
10920,63.02075981287906,-1.733895372855293,4.593216051019184,53.4369522992766,,69.48605310826233,0.2760542556643486
10921,63.01650439703825,-1.734433438653085,4.593785643196154,53.4369522992766,,69.49275496276405,0.2760673523880541
10922,63.02982410161776,-1.739343552964101,4.594355810626347,53.4369522992766,,69.49946601560565,0.2760802744887769
10923,63.03818522583252,-1.736999084070932,4.594927543507703,53.4369522992766,,69.50619978147627,0.2760930801741779
10924,63.02281966908093,-1.729800794047236,4.595503132594388,53.4369522992766,,69.51298133590896,0.2761057985480875
10925,62.99996318196536,-1.729950157018651,4.596078963159997,53.4369522992766,,69.51975917409119,0.2761184005066752
10926,63.00525222746656,-1.739124896948552,4.596652336931493,53.4369522992766,,69.52649441920103,0.2761309733614326
10927,63.0294781642183,-1.739755538739067,4.597223130830222,53.4369522992766,,69.53319189496787,0.2761434880085289
10928,63.06157473422404,-1.736309730427381,4.597796018092907,53.4369522992766,,69.53992209984709,0.2761558862403035
10929,63.05490954019694,-1.73666974418962,4.59837455251314,53.4369522992766,,69.54673576241568,0.2761681389529258
10930,63.05173021539333,-1.737645054935919,4.598955723079944,53.4369522992766,,69.55359628108569,0.2761802461463958
10931,63.02285194298287,-1.732820226342523,4.599535344245671,53.4369522992766,,69.56045445091846,0.276192236924544
10932,63.00553985620528,-1.729192316436575,4.600109824346726,53.4369522992766,,69.56725204344426,0.2762041985988617
10933,63.01191136008667,-1.734164477205586,4.600678435613066,53.4369522992766,,69.57395831491004,0.2762161020655185
10934,63.02677936808233,-1.739747430287749,4.601245190538378,53.4369522992766,,69.58061825600223,0.2762279473245144
10935,63.03440297298253,-1.739092416231302,4.601813923546647,53.4369522992766,,69.5872789982132,0.2762396761681885
10936,63.04518208638262,-1.734983143011999,4.602386375000549,53.4369522992766,,69.59397044585226,0.2762512594927102
10937,63.07553895136014,-1.739710311129311,4.602961460246908,53.4369522992766,,69.60069918074075,0.2762626972980797
10938,63.04523285522687,-1.738789065089695,4.603540622259866,53.4369522992766,,69.60750313183479,0.2762740186881274
10939,63.04789373787323,-1.736805817285084,4.604122356498847,53.4369522992766,,69.61435675363629,0.2762852236628532
10940,63.03726238448596,-1.731817419777826,4.604702103213817,53.4369522992766,,69.62119559106942,0.2762963995337486
10941,63.0198509568711,-1.73955793102212,4.605278959223652,53.4369522992766,,69.62800175546984,0.2763075171969831
10942,63.00899974452785,-1.739362175113827,4.605853099725469,53.4369522992766,,69.63476686633302,0.2763185766525567
10943,63.01890836246687,-1.730619924625828,4.606422909816501,53.4369522992766,,69.64145680416006,0.2763295779004693
10944,63.01603504061497,-1.729452516051939,4.606990952827831,53.4369522992766,,69.6481095704802,0.2763404627330601
10945,63.02151264463499,-1.741893933651105,4.60755942126689,53.4369522992766,,69.6547568086247,0.2763512020464987
10946,63.03695910662451,-1.740547523667268,4.608129098916566,53.4369522992766,,69.66141755547726,0.2763617958407849
10947,63.0277641298017,-1.73439615446529,4.608701590549807,53.4369522992766,,69.66812294891425,0.2763722441159189
10948,63.02214112683373,-1.733109078737302,4.60927478977001,53.4369522992766,,69.67484097586706,0.2763826050795615
10949,63.02001520614334,-1.737272678701636,4.609847724071475,53.4369522992766,,69.68156074858766,0.2763929078355432
10950,63.02264046414134,-1.740784597054221,4.610420993390787,53.4369522992766,,69.68828857506934,0.2764031814876944
10951,63.01327474874625,-1.730802924197644,4.610995597407742,53.4369522992766,,69.6950323783408,0.2764134260360152
10952,63.01806918056067,-1.734026624941408,4.611570609293095,53.4369522992766,,69.70176998055278,0.2764235832728446
10953,63.01025468308397,-1.736805987679418,4.612144381588227,53.4369522992766,,69.708493252353,0.2764335949905217
10954,63.00916466707574,-1.736167208240405,4.612715332318276,53.4369522992766,,69.71518638896688,0.2764434611890465
10955,63.00460883372926,-1.735055458503457,4.613283296040327,53.4369522992766,,69.72184716675,0.27645324007608
10956,63.03129261781736,-1.733942859665466,4.613849792048454,53.4369522992766,,69.72848497524923,0.2764629025477916
10957,63.02749786293512,-1.733452350336961,4.614420022593624,53.4369522992766,,69.7351690859399,0.2764725068118423
10958,63.03090105049105,-1.741770986380979,4.614994927852197,53.4369522992766,,69.74190284557925,0.2764820528682321
10959,63.02339579687878,-1.732457516898131,4.615571162246338,53.4369522992766,,69.74865784260365,0.2764915116131306
10960,63.02468321712787,-1.732957802568733,4.616145065563562,53.4369522992766,,69.75538851627543,0.2765008830465376
10961,63.0200720084763,-1.734900881364253,4.616715957598677,53.4369522992766,,69.76207820695265,0.2765102253761142
10962,63.01759416477825,-1.735819704488983,4.617286935220354,53.4369522992766,,69.76876264148103,0.2765194803941995
10963,62.99806049213196,-1.729834633945506,4.617857992404238,53.4369522992766,,69.77544364049454,0.2765286481007934
10964,62.98191086271542,-1.72747065707323,4.618426447980622,53.4369522992766,,69.78208690330871,0.2765377575997263
10965,62.97270675080664,-1.731842977833222,4.618989160724507,53.4369522992766,,69.78866039498486,0.2765467506833375
10966,62.98015860991732,-1.736126552083002,4.619548822738002,53.4369522992766,,69.7952000049814,0.2765556273516268
10967,62.99134799251669,-1.731048158206843,4.620109540441618,53.4369522992766,,69.80175730950452,0.2765644167084247
10968,62.9921030714039,-1.726259282769611,4.620674424508328,53.4369522992766,,69.80836813671388,0.2765730896499008
10969,62.99687652582329,-1.73435468961876,4.621243014951725,53.4369522992766,,69.81502319952035,0.2765816752798855
10970,62.99422067661175,-1.73507740076983,4.621812576190814,53.4369522992766,,69.82167824618618,0.2765901735983789
10971,62.99424100484487,-1.72857093703137,4.62238235631298,53.4369522992766,,69.8283244176273,0.2765985846053809
10972,62.98594716852558,-1.727600214622876,4.622951873492932,53.4369522992766,,69.83496255739867,0.2766069956123829
10973,63.00145109736988,-1.735987037533705,4.623521323842771,53.4369522992766,,69.84160150564159,0.2766152902040631
10974,62.9923693099596,-1.734817719864739,4.624091240714901,53.4369522992766,,69.84826031973094,0.2766235265880823
10975,62.98511767525844,-1.730310695317038,4.624659368839549,53.4369522992766,,69.85490927264627,0.2766316174529493
10976,62.98082715027996,-1.726457882452228,4.625224921577887,53.4369522992766,,69.86153143337415,0.2766395919024944
10977,62.98094808302869,-1.735621129166689,4.625788954172041,53.4369522992766,,69.86813203919581,0.2766475081443787
10978,62.99319566925515,-1.736978616865335,4.626353219710232,53.4369522992766,,69.87473127502123,0.2766553370747715
10979,62.99136564111885,-1.733445837260026,4.626918128542023,53.4369522992766,,69.88132960958127,0.2766631077975035
10980,63.00397518634132,-1.727558812348841,4.627484181712027,53.4369522992766,,69.88792648786311,0.2766708203125745
10981,63.0336760801878,-1.735977408060251,4.628051815918364,53.4369522992766,,69.89454057178042,0.2766784164123237
10982,63.02877800818374,-1.738462502439538,4.62862385170218,53.4369522992766,,69.90122172637193,0.2766859252005816
10983,63.00687620728142,-1.731778351303904,4.629199014395851,53.4369522992766,,69.90794982491619,0.2766933175735176
10984,62.98506029422968,-1.730127874311429,4.62977293161924,53.4369522992766,,69.91465833955989,0.2767005935311317
10985,62.98416642706719,-1.738296522149479,4.630340918428085,53.4369522992766,,69.92127741884954,0.276707811281085
10986,62.99110987880952,-1.739710115977101,4.630905985412215,53.4369522992766,,69.92785410700044,0.2767149708233774
10987,62.98854168006561,-1.731814603390381,4.631469180569267,53.4369522992766,,69.93440975792309,0.2767220430541784
10988,62.99412919603912,-1.732095555528832,4.632031000968663,53.4369522992766,,69.94095401218823,0.276729027973488
10989,62.99670278179404,-1.732937300525332,4.632594203436954,53.4369522992766,,69.94751778658035,0.2767359255813062
10990,63.00690327661854,-1.737607966648963,4.633161117306888,53.4369522992766,,69.95412418237672,0.2767427067738026
10991,62.98045919233644,-1.731065621622747,4.633732271703926,53.4369522992766,,69.96078022834622,0.2767494297586381
10992,62.97523882320033,-1.735041431431613,4.634302619292214,53.4369522992766,,69.96741718620247,0.2767560654319823
10993,62.98922704952055,-1.733722298730521,4.634867532018759,53.4369522992766,,69.97398235626372,0.276762613793835
10994,63.00289982185259,-1.73705091143375,4.635430156940665,53.4369522992766,,69.98052400007789,0.2767690748441964
10995,63.00993733941778,-1.735767388845243,4.635995091211336,53.4369522992766,,69.98709821358608,0.2767810656223446
10996,63.01859194663727,-1.735411333567701,4.636564125480708,53.4369522992766,,69.99372460437522,0.2768044068943709
10997,63.01371223393664,-1.735339694313484,4.637134822675343,53.4369522992766,,70.00037546102872,0.2768276317510754
10998,63.00522457544006,-1.737376193352394,4.637705377884957,53.4369522992766,,70.00702394710639,0.2768507692962885
10999,62.97647477824574,-1.734442338124774,4.638274882525108,53.4369522992766,,70.01365497803867,0.2768738486338407
11000,62.96082261212618,-1.729575573164362,4.638839791375921,53.4369522992766,,70.02021762953919,0.276896869763732
11001,62.95216649202408,-1.734253243596813,4.639399880954657,53.4369522992766,,70.02672103695396,0.2769198035821319
11002,62.9690027945221,-1.739079795298136,4.639957024257301,53.4369522992766,,70.03319360032567,0.2769426209852099
11003,63.00792391212942,-1.74009382769215,4.640514282359122,53.4369522992766,,70.03967765248308,0.2769653510767967
11004,63.0377769990155,-1.735206153289265,4.641075935272724,53.4369522992766,,70.04623065306248,0.2769879356492311
11005,63.05365301393024,-1.740251169245459,4.641642856973647,53.4369522992766,,70.05285249367911,0.2770103455986828
11006,63.04738313283897,-1.73993844404347,4.642216064101237,53.4369522992766,,70.05955062578184,0.2770326391328126
11007,63.03405556392705,-1.736528244287145,4.642793831838842,53.4369522992766,,70.06629070404854,0.2770548162516207
11008,63.02000714019421,-1.735008917222273,4.643372820183326,53.4369522992766,,70.07302682316468,0.2770769933704287
11009,62.99619952620363,-1.73674517040765,4.643949177254646,53.4369522992766,,70.07972668714265,0.2770990831777453
11010,62.99915788088045,-1.73967258924391,4.644516057093535,53.4369522992766,,70.08631235054516,0.2771211438812315
11011,62.99987994075229,-1.731082636968925,4.64507322501552,53.4369522992766,,70.0927869122923,0.2771430590655655
11012,62.99953671434909,-1.728927586849777,4.645627432205341,53.4369522992766,,70.0992322174449,0.277164886938408
11013,62.99794528672983,-1.735065476251114,4.64618409385678,53.4369522992766,,70.10570194478466,0.2771865692920983
11014,63.00128465194847,-1.736101694510321,4.64674482756318,53.4369522992766,,70.11220614962278,0.2772081643342972
11015,63.02296060175504,-1.73418382125403,4.647309285083653,53.4369522992766,,70.11874793738362,0.2772296138573438
11016,63.02596391134693,-1.730702205596734,4.647876454698675,53.4369522992766,,70.12533139331083,0.2772509469650686
11017,63.02688756968359,-1.738402637155382,4.648444935377809,53.4369522992766,,70.13193672564663,0.277272192761302
11018,63.02764262374431,-1.741771738417753,4.649013911294404,53.4369522992766,,70.13854969840084,0.277293351246044
11019,63.02693329357378,-1.733005632891826,4.649584673686769,53.4369522992766,,70.14518885116192,0.2773143933154643
11020,63.0288423081689,-1.729447802539841,4.65015512707146,53.4369522992766,,70.15182824443343,0.2773353771772236
11021,63.01905934610299,-1.732619756760288,4.650720105542199,53.4369522992766,,70.15839983532864,0.277356244623661
11022,63.01180206990709,-1.738810367754447,4.651280235588135,53.4369522992766,,70.16490608429426,0.2773770538624376
11023,63.00703175838119,-1.73123355645263,4.651839012292784,53.4369522992766,,70.17138836712118,0.2773977757897228
11024,63.00416608568992,-1.725675457831493,4.652399742084913,53.4369522992766,,70.17788886509143,0.2774184104055166
11025,63.02131432793493,-1.736093725532345,4.652962713975537,53.4369522992766,,70.18441318995836,0.2774388995021582
11026,63.02133903327476,-1.739917967321757,4.65352792982796,53.4369522992766,,70.19096195371372,0.2774593012873083
11027,63.02988485375867,-1.735096849374375,4.654094786094566,53.4369522992766,,70.19752822234248,0.2774795866571367
11028,63.03569843941148,-1.733227301727108,4.654662833364247,53.4369522992766,,70.20411225417489,0.2774997847154737
11029,63.02607353072777,-1.735175825057787,4.655232736431098,53.4369522992766,,70.21073705699624,0.2775198954623193
11030,63.02313290940467,-1.736526840343402,4.655798932956626,53.4369522992766,,70.21732659663036,0.2775398606900126
11031,63.01055018990684,-1.731800096787477,4.65635948944812,53.4369522992766,,70.22384572978063,0.2775597968138754
11032,63.00525578142575,-1.731725492496055,4.656916890161054,53.4369522992766,,70.23031083688849,0.2775796456262469
11033,63.02284991093179,-1.736925715541567,4.657474698160087,53.4369522992766,,70.23676438014732,0.277599465334788
11034,63.02854467772885,-1.737889921260207,4.658036717324831,53.4369522992766,,70.24326446950802,0.2776191686280072
11035,63.03339069256745,-1.736139980964938,4.658603266939451,53.4369522992766,,70.24981946741569,0.2776387264020741
11036,63.03486106258633,-1.733559773073153,4.659171743222018,53.4369522992766,,70.25639514741077,0.2776581386569887
11037,63.03677157746061,-1.741317413803255,4.659738939640713,53.4369522992766,,70.26296314568427,0.277677463600412
11038,63.03568376117045,-1.740348763954035,4.660304041207366,53.4369522992766,,70.2695179235906,0.2776967012323439
11039,63.02713567269592,-1.732377723046714,4.660868220904712,53.4369522992766,,70.27606984329401,0.2777158515527844
11040,63.02278056964957,-1.731871528918603,4.661430900039834,53.4369522992766,,70.28259631620486,0.2777349727693945
11041,63.01228387851798,-1.739044765672943,4.661993846022336,53.4369522992766,,70.28911283435701,0.2777540357783437
11042,63.00075634825238,-1.737335321947139,4.662557532624893,53.4369522992766,,70.29562355825563,0.2777730114758015
11043,62.98830434447832,-1.730168868374854,4.663119988215366,53.4369522992766,,70.30211453437313,0.2777918998617679
11044,62.98966199631754,-1.729454333144362,4.663680075646859,53.4369522992766,,70.30858112597593,0.277810642728582
11045,63.01377378588614,-1.738482309863151,4.664237253097693,53.4369522992766,,70.3150168914799,0.2778292982839048
11046,62.99930198958336,-1.737839750271194,4.664794347142056,53.4369522992766,,70.3214573335185,0.2778478083200753
11047,62.99132700637765,-1.732573662265959,4.665352732064959,53.4369522992766,,70.32791414396667,0.2778662310447544
11048,62.99099534951743,-1.728754989439295,4.665912753008254,53.4369522992766,,70.3343907931281,0.2778845664579421
11049,62.99568180884153,-1.733869191692692,4.666474081467308,53.4369522992766,,70.34088720075584,0.277902843663469
11050,62.98990133634136,-1.73505758046396,4.667036413718054,53.4369522992766,,70.34740086320247,0.27792106266133493
11051,62.97982809077301,-1.727223626468272,4.66760019637236,53.4369522992766,,70.35393042298186,0.2779392234515399
11052,62.99331409883148,-1.729779370923116,4.66816339326441,53.4369522992766,,70.36044511822578,0.277957267826423
11053,62.98657278382511,-1.737293803974478,4.668724760348047,53.4369522992766,,70.36693594466587,0.2779752248898149
11054,63.0043562219913,-1.737355023242266,4.669284394246868,53.4369522992766,,70.37340191466554,0.2779930073302239
11055,63.00257175082298,-1.731344628386539,4.66984228074676,53.4369522992766,,70.3798442653867,0.2780106733553112
11056,62.99693644611822,-1.730297152314965,4.670400084618904,53.4369522992766,,70.38628438488807,0.278028252068907
11057,62.99912172482468,-1.727910271510245,4.670958426645289,53.4369522992766,,70.39272986154889,0.278045772574842
11058,62.98715231187941,-1.735022886563806,4.671517392924142,53.4369522992766,,70.39918388502956,0.2780632639769465
11059,62.98033707420341,-1.73348802943352,4.672076865700197,53.4369522992766,,70.40564459222325,0.2780806971713901
11060,63.00047506885083,-1.732081388510501,4.672635953575156,53.4369522992766,,70.4120974284218,0.2780981012620032
11061,63.01555258914024,-1.737013497315556,4.673196749528242,53.4369522992766,,70.41857466339496,0.2781153889372945
11062,62.99876479958215,-1.738258799953776,4.673760835838047,53.4369522992766,,70.42510261340381,0.2781325310934335
11063,62.99217727784202,-1.730678704266768,4.674324243467778,53.4369522992766,,70.43162297278495,0.2781495277304202
11064,62.98882169140883,-1.728981897927808,4.674885642061252,53.4369522992766,,70.43811140235755,0.2781664079520851
11065,63.00400001505406,-1.737703398637079,4.675443958078791,53.4369522992766,,70.44455491748585,0.2781832299660891
11066,62.99972608845006,-1.735827674572528,4.67600001989511,53.4369522992766,,70.45097773201016,0.2782000228762627
11067,62.98979497746371,-1.728360688062063,4.676554019909323,53.4369522992766,,70.45737131020638,0.2782167575787753
11068,62.98162715518191,-1.729922546451443,4.677108069184665,53.4369522992766,,70.46375205888705,0.278233434073627
11069,62.99908384939287,-1.737736946371603,4.677664442227901,53.4369522992766,,70.47014456834692,0.2782500523608178
11070,62.98061593876334,-1.730544133914295,4.678225378299425,53.4369522992766,,70.47658914051101,0.2782666124403477
11071,62.9783576895327,-1.734148711620275,4.678788345489006,53.4369522992766,,70.48306450946143,0.2782830270007253
11072,62.98511481400922,-1.732911276550372,4.679348918970916,53.4369522992766,,70.48952012575657,0.278299325145781
11073,63.00146308807649,-1.735471187146874,4.679907136248446,53.4369522992766,,70.49595512411733,0.278315506875515
11074,62.99778083538248,-1.735313713652419,4.680464441627711,53.4369522992766,,70.50238820489342,0.2783315721899271
11075,62.99135221233112,-1.72905984882173,4.681021287046507,53.4369522992766,,70.50882197682006,0.2783475792966783
11076,62.97990654754476,-1.73015674574651,4.681577607760821,53.4369522992766,,70.51524401349998,0.2783635281957686
11077,62.99327147651055,-1.737100396481597,4.682133874763229,53.4369522992766,,70.5216496351431,0.2783794479910284
11078,63.02780532962016,-1.738873190554258,4.682691662975927,53.4369522992766,,70.52806352640404,0.2783953095786273
11079,63.01332432139923,-1.729815314902586,4.68325403776827,53.4369522992766,,70.5345396197941,0.278411025647074
11080,63.00153729333682,-1.732351560528008,4.683817603313047,53.4369522992766,,70.54102772875915,0.2784266253001988
11081,62.99942940938716,-1.738736678346823,4.68437906928555,53.4369522992766,,70.54748560282937,0.2784421085380018
11082,62.99337669306666,-1.735835290056317,4.684939243327223,53.4369522992766,,70.5539250518721,0.2784575626719743
11083,62.99196852338342,-1.731796154968621,4.685497946263519,53.4369522992766,,70.56034789746391,0.2784729294944555
11084,62.98692886812183,-1.73189013568916,4.686055031201638,53.4369522992766,,70.56675745621848,0.2784882090054452
11085,62.99463171917019,-1.739328566960492,4.686612125338478,53.4369522992766,,70.57317224302244,0.2785034303087741
11086,62.99777452451563,-1.735133401206633,4.687171049907716,53.4369522992766,,70.57961513885476,0.2785185351967812
11087,62.98435458694516,-1.728759898371898,4.687729172448485,53.4369522992766,,70.58605469920545,0.2785335527732968
11088,62.97481975125341,-1.731004599727202,4.688283919641937,53.4369522992766,,70.59245178180853,0.2785484539344907
11089,62.99549862903758,-1.738612768633425,4.688836400591737,53.4369522992766,,70.59880619957816,0.2785632968880236
11090,62.98527188212238,-1.732407032426303,4.689391433374948,53.4369522992766,,70.60517937594189,0.2785780816338956
11091,62.98823371809812,-1.73551770334525,4.689950248507024,53.4369522992766,,70.61158380065329,0.2785928081721067
11092,62.99741865415386,-1.737863273423562,4.690511265379475,53.4369522992766,,70.61800913202993,0.2786073891911656
11093,63.00764368700899,-1.738395643888752,4.691072215824994,53.4369522992766,,70.62444629653264,0.278621882898733
11094,63.01845360195308,-1.735760506650846,4.691632406995576,53.4369522992766,,70.63089182757528,0.2786362601909786
11095,63.01419211809966,-1.738200066766798,4.692191171961857,53.4369522992766,,70.6373352286661,0.2786505210679024
11096,63.02190525578105,-1.736356706816156,4.69274881597366,53.4369522992766,,70.64377698330495,0.2786647237371653
11097,63.00994838131286,-1.736821929959842,4.693303553984007,53.4369522992766,,70.6501819277296,0.2786788681987673
11098,62.99333242031375,-1.733234084129206,4.69385777803794,53.4369522992766,,70.65657067383228,0.2786929544527084
11099,62.98075447837519,-1.73220089846457,4.69441212503132,53.4369522992766,,70.66294091815266,0.2787069824989885
11100,62.98601060369874,-1.7377116883797,4.694966746174692,53.4369522992766,,70.66929086110802,0.2787209814414382
11101,62.9983859381817,-1.734755548862494,4.695522108765478,53.4369522992766,,70.6756397717724,0.2787348930723965
11102,62.98901224801513,-1.735632432046572,4.696078406711517,53.4369522992766,,70.68200484882382,0.2787486591842026
11103,63.0014952450789,-1.739048533961404,4.69663369292256,53.4369522992766,,70.68836323828698,0.2787623088806868
11104,62.9962863421557,-1.735355746990984,4.69718731716621,53.4369522992766,,70.69471102528787,0.2787758421618491
11105,62.98722896881726,-1.732461750162016,4.697740943715455,53.4369522992766,,70.70106961431323,0.2787892881315202
11106,62.98919823683882,-1.7331368558385,4.698295562458947,53.4369522992766,,70.70744031173972,0.2788027049973607
11107,62.99332096995705,-1.73651243676551,4.698851083984104,53.4369522992766,,70.71381279160728,0.2788160927593708
11108,62.98090315616447,-1.733454684180385,4.699407485238557,53.4369522992766,,70.72018997619973,0.2788293932098895
11109,62.96304437375721,-1.733891536304101,4.699963158813722,53.4369522992766,,70.7265567772367,0.2788426645565778
11110,62.95985447285961,-1.733884804091234,4.700516663780679,53.4369522992766,,70.73289772273411,0.2788558194879442
11111,62.98419456382024,-1.734359846325726,4.701066618040089,53.4369522992766,,70.7391942819146,0.2788689162116498
11112,62.99060625041756,-1.734050589098298,4.701617533847086,53.4369522992766,,70.74550508290265,0.2788818965200335
11113,63.01057038022666,-1.739581917064729,4.702171438725404,53.4369522992766,,70.75184862131383,0.2788947604130954
11114,63.00610050953196,-1.735289981755675,4.702728883965565,53.4369522992766,,70.75824099978949,0.2789075078908354
11115,62.99344498834922,-1.733000527115333,4.703289404540772,53.4369522992766,,70.76467709705724,0.2789201680570841
11116,62.98077633664114,-1.732663521819675,4.703850702445711,53.4369522992766,,70.77112055769838,0.2789327991195023
11117,62.97679323485315,-1.734366420783913,4.704407752206228,53.4369522992766,,70.77750810218652,0.2789454010780901
11118,63.00548982377916,-1.736832443789737,4.704958559643474,53.4369522992766,,70.78381827570101,0.2789579448290169
11119,62.99494306895298,-1.732611840977659,4.705507825893987,53.4369522992766,,70.79010731116594,0.2789704303722829
11120,62.98262888090154,-1.733307177915248,4.706059307559816,53.4369522992766,,70.79641105555737,0.278982799500227
11121,62.98777941252425,-1.735802357305041,4.706613813497764,53.4369522992766,,70.80273959329685,0.2789950813166797
11122,63.01424863618819,-1.739061249771007,4.707171058502787,53.4369522992766,,70.80910159569761,0.2790072758216411
11123,62.99242233716035,-1.735783693622143,4.707731300182112,53.4369522992766,,70.81551969086881,0.2790193830151111
11124,62.97471305805969,-1.732526936040461,4.708290854748737,53.4369522992766,,70.8219388103231,0.2790313737932593
11125,62.97420497626565,-1.733938380048341,4.708846434418222,53.4369522992766,,70.82830562155657,0.279043335467577
11126,62.97339613874916,-1.738434073678417,4.709398852816413,53.4369522992766,,70.83462676183859,0.2790552389342338
11127,62.98734988169734,-1.736458218888602,4.709950194249208,53.4369522992766,,70.84092719675743,0.2790670841932297
11128,62.98522109464753,-1.73006069769746,4.710502031952791,53.4369522992766,,70.84723016915034,0.2790788421407342
11129,62.98164537735865,-1.733832934318856,4.71105477098003,53.4369522992766,,70.85354175431226,0.2790904836729169
11130,62.99898706779492,-1.737205198575142,4.711608471116921,53.4369522992766,,70.85986546778001,0.2791020961012691
11131,62.98022611707604,-1.733963572860343,4.712162629575761,53.4369522992766,,70.86619877365628,0.27911362121813
11132,62.99825590917435,-1.735008407366865,4.712716217867653,53.4369522992766,,70.87253195694623,0.2791250881273299
11133,63.0085511691015,-1.73688944511651,4.713269820954132,53.4369522992766,,70.87887719779901,0.2791364677250385
11134,63.00054972967483,-1.738866833706963,4.713825317754058,53.4369522992766,,70.88524771632113,0.2791477600112557
11135,62.99070655969499,-1.737138892148127,4.714380570507458,53.4369522992766,,70.89160820576852,0.2791589358821511
11136,62.98499523210058,-1.730279997435261,4.714934909836293,53.4369522992766,,70.89795175882026,0.2791700826492161
11137,62.97619017531578,-1.733255283617179,4.715487161689429,53.4369522992766,,70.90425968608065,0.2791811712086201
11138,62.97052144828357,-1.735665163069031,4.716038114621164,53.4369522992766,,70.91054036617994,0.2791922015603632
11139,62.97362424221792,-1.734021479226848,4.716585721212659,53.4369522992766,,70.91677356369873,0.2792031737044454
11140,62.97527597284691,-1.729555733464352,4.717131329618867,53.4369522992766,,70.92298388264558,0.2792140585370362
11141,62.98387254374321,-1.736267695210497,4.717679142294907,53.4369522992766,,70.92922100012966,0.2792248560581356
11142,62.98212865460794,-1.735542642977772,4.718231300853936,53.4369522992766,,70.9355071523614,0.2792355662677437
11143,62.99150967677788,-1.734249432082573,4.718787348845336,53.4369522992766,,70.9418354617201,0.2792461891658604
11144,62.98466528245787,-1.732290858687818,4.719345187745562,53.4369522992766,,70.948185761655,0.2792567247524858
11145,62.99814683394473,-1.738771784085394,4.719900615152079,53.4369522992766,,70.9545152573104,0.2792672021314502
11146,62.99484037797156,-1.739234169048574,4.720452580567411,53.4369522992766,,70.96082044361987,0.2792775921989232
11147,62.99041092468214,-1.733783428434234,4.721001404573356,53.4369522992766,,70.96709554539098,0.2792879240587354
11148,62.98402204363106,-1.728483580234503,4.721550142628919,53.4369522992766,,70.97337028212895,0.2792981686070561
11149,62.99332432336197,-1.737337260895663,4.722099510953909,53.4369522992766,,70.9796464014554,0.2793083840515465
11150,63.00188961281943,-1.737331816047693,4.722649036610368,53.4369522992766,,70.98591191758976,0.2793185703922063
11151,62.99798416363838,-1.731444897406499,4.723199521916916,53.4369522992766,,70.99217532853083,0.2793286403175443
11152,62.9932470766254,-1.732401651524163,4.723751595908414,53.4369522992766,,70.9984487959682,0.279338622931391
11153,62.99756190258056,-1.736797297400032,4.724304471342673,53.4369522992766,,71.00472975013206,0.2793485182337463
11154,62.99064851736665,-1.73093895303775,4.724856796716991,53.4369522992766,,71.01101394543078,0.2793583262246102
11155,62.99391420081169,-1.730556549871744,4.725409581222523,53.4369522992766,,71.01731471583058,0.2793757885228842
11156,62.98549403058772,-1.731538951448986,4.725963615713752,53.4369522992766,,71.02363556094377,0.2794000611174852
11157,62.9798515141992,-1.733801945094256,4.726516687984524,53.4369522992766,,71.02994252719323,0.2794242755044252
11158,62.96860392099785,-1.729989625930476,4.727066423142483,53.4369522992766,,71.03620301648235,0.2794483443722129
11159,62.96378767692454,-1.731144299734799,4.727613273538708,53.4369522992766,,71.04241818994878,0.2794723550323397
11160,62.97748892672583,-1.733462013170987,4.728157498157531,53.4369522992766,,71.04858683246955,0.2794962492771447
11161,62.99180904259117,-1.736192129952593,4.728701461051219,53.4369522992766,,71.0547561507915,0.2795200853142887
11162,63.00124334246699,-1.731609449711916,4.729248266787609,53.4369522992766,,71.06097651706054,0.279543804936111
11163,63.00339590994531,-1.731756043612775,4.72979883828747,53.4369522992766,,71.06724581861262,0.2795674663502723
11164,62.99928184807131,-1.733802148040208,4.730352976722176,53.4369522992766,,71.07355046397907,0.2795910404529423
11165,62.98221866317147,-1.734078230201872,4.730908720467594,53.4369522992766,,71.07986468032801,0.2796145563479513
11166,62.97710420511412,-1.7351195078972,4.731463507280107,53.4369522992766,,71.08615914082752,0.2796380431391299
11167,62.98320054158449,-1.732923529509234,4.732014350053259,53.4369522992766,,71.09241123425366,0.2796614135149866
11168,62.98269188970551,-1.731348426971043,4.732561436244497,53.4369522992766,,71.09863061417276,0.2796847256831825
11169,62.99063956495937,-1.735685772522335,4.733106837345436,53.4369522992766,,71.10483170177447,0.279707892332226
11170,63.01526744892021,-1.737118153058617,4.733652938890072,53.4369522992766,,71.11103790623477,0.2797309716697782
11171,63.01274992770907,-1.736690382674408,4.734201666307307,53.4369522992766,,71.11727297119234,0.279753963695839
11172,63.00974308476658,-1.729648666409566,4.734754603331494,53.4369522992766,,71.12356309222194,0.2797768684104085
11173,63.00160657045515,-1.72877793751243,4.735308780671661,53.4369522992766,,71.12987634661408,0.2797997440211475
11174,62.99355716324379,-1.732689592482588,4.735859148420773,53.4369522992766,,71.13614153292558,0.279822590528056
11175,62.99049638796225,-1.73357804945985,4.736404911433646,53.4369522992766,,71.14233739812097,0.2798453788273036
11176,63.0012956969624,-1.730788568141202,4.736950087848601,53.4369522992766,,71.14851030851159,0.2798681089188904
11177,62.99948442337003,-1.732637915663264,4.737498055627873,53.4369522992766,,71.15470883854357,0.2798906934913248
11178,63.00883707255758,-1.737864030403726,4.73804890211662,53.4369522992766,,71.1609446009616,0.2799131616484374
11179,63.0029045226533,-1.735340127905211,4.738600604781056,53.4369522992766,,71.16719949075757,0.2799354842863977
11180,62.99468648375256,-1.733313847861847,4.739152538051747,53.4369522992766,,71.17346829532372,0.2799577487166971
11181,63.00260111053974,-1.733941516426539,4.739701888008415,53.4369522992766,,71.17971409847759,0.2799799258355051
11182,63.00094075750801,-1.737392528143261,4.74024799137337,53.4369522992766,,71.18592800565482,0.2800021029543132
11183,62.99583010083465,-1.735792741686079,4.740792445889369,53.4369522992766,,71.19211723974868,0.2800242218654603
11184,63.0039845410238,-1.731118062833352,4.741338200306782,53.4369522992766,,71.19830776492891,0.2800462825689465
11185,63.00512442148555,-1.734531994930102,4.741885845694193,53.4369522992766,,71.2045066490453,0.2800682850647718
11186,63.01683266356218,-1.740242133594734,4.742435197648096,53.4369522992766,,71.21071889635908,0.2800901711452752
11187,62.99562330889033,-1.728705933984425,4.742985283497908,53.4369522992766,,71.21694679102022,0.2801119699142873
11188,62.99799477265547,-1.73281893335304,4.743533128773459,53.4369522992766,,71.22315431911545,0.2801336231641471
11189,63.00237047720594,-1.736604146320523,4.744078740420099,53.4369522992766,,71.22934040699589,0.2801551891025156
11190,63.00941889755217,-1.736222001323219,4.744625411523437,53.4369522992766,,71.23554618454214,0.2801766968332231
11191,62.9993860593607,-1.727995352691257,4.745173045265052,53.4369522992766,,71.24175942141403,0.2801981172524393
11192,62.9896998222973,-1.728198259862017,4.745721022041979,53.4369522992766,,71.24796844045648,0.2802195376716554
11193,63.00041493968708,-1.735470889812609,4.746266669266869,53.4369522992766,,71.25414249714558,0.2802408707793802
11194,63.02509005162926,-1.737209162488521,4.746810729869393,53.4369522992766,,71.26029917584427,0.2802621456794441
11195,63.0448879371054,-1.733704280450383,4.747357607930772,53.4369522992766,,71.26649928782503,0.2802832750603557
11196,63.04498816838715,-1.734520304506871,4.747908952560638,53.4369522992766,,71.27276025243499,0.2803042880259454
11197,63.06024413624041,-1.742023653122657,4.748461137554039,53.4369522992766,,71.27903131173218,0.2803251845762134
11198,63.06100359484243,-1.737757437942129,4.749013545855199,53.4369522992766,,71.2853152940305,0.2803459938149899
11199,63.03935274877698,-1.732592350015665,4.749563785528495,53.4369522992766,,71.29156800393777,0.2803667448461056
11200,63.01510118466935,-1.730049513693798,4.7501115864046,53.4369522992766,,71.29776791622582,0.2803874667733908
11201,63.00078871455398,-1.733157723324517,4.750655882391493,53.4369522992766,,71.3038973734054,0.280408188700676
11202,62.99486745641736,-1.738388240764581,4.751197919114492,53.4369522992766,,71.30999158857183,0.2804288524203002
11203,63.01896074326498,-1.735323568224066,4.75174060809112,53.4369522992766,,71.31609634897194,0.2804493997246027
11204,63.03783247701273,-1.733099483415483,4.752287358904438,53.4369522992766,,71.32226017465497,0.2804698015097529
11205,63.05882217545575,-1.738610385392049,4.752838089687101,53.4369522992766,,71.32848479494982,0.2804900868795812
11206,63.06364608639181,-1.737588410782342,4.753391411794885,53.4369522992766,,71.33476275301732,0.28051022673025733
11207,63.04543999112839,-1.736671116190181,4.753945865525379,53.4369522992766,,71.34108449486519,0.2805303083732724
11208,63.02244129427918,-1.730949645322627,4.754496375156517,53.4369522992766,,71.34736812866724,0.2805503609124571
11209,63.01006956217459,-1.734162472169485,4.755041211618126,53.4369522992766,,71.35355642832239,0.2805704425554723
11210,63.01561190539782,-1.739074420717477,4.755584063214313,53.4369522992766,,71.35968633120791,0.280590436886996
11211,63.00762032588288,-1.732513752598347,4.756129408766318,53.4369522992766,,71.36582971217537,0.2806103730108589
11212,63.01377716983557,-1.72960981583298,4.756675617434595,53.4369522992766,,71.37196420467899,0.28063016361556953
11213,63.02792102962208,-1.733607277558057,4.757220534649947,53.4369522992766,,71.37807847856067,0.2806498378049582
11214,63.02799136423265,-1.741540810515222,4.75776516783873,53.4369522992766,,71.3842056525508,0.2806694246828556
11215,63.00801282566238,-1.733027137835866,4.758312025267194,53.4369522992766,,71.39038395711317,0.2806889242492616
11216,63.01494785871422,-1.733933149273318,4.758859511410817,53.4369522992766,,71.39657878794613,0.28070839471183723
11217,63.0076461510188,-1.731745646831815,4.759406005969153,53.4369522992766,,71.40276157960925,0.2807277778629214
11218,62.99522885100936,-1.736287470755961,4.759951492738686,53.4369522992766,,71.40892215907182,0.2807471028063446
11219,62.99279663225347,-1.732508828709633,4.760495488755398,53.4369522992766,,71.41505069259831,0.280766369542107
11220,62.98756049692506,-1.730963905962325,4.76103767417322,53.4369522992766,,71.42114880438895,0.280785548966378
11221,62.97332197424726,-1.730267015791221,4.761576056582401,53.4369522992766,,71.42719617072115,0.2808046119753271
11222,62.98366643036549,-1.739345255183391,4.762110789398892,53.4369522992766,,71.43319807908146,0.2808236167766154
11223,63.00333573913856,-1.733432115165544,4.762645701661041,53.4369522992766,,71.439207921854,0.2808425633702427
11224,63.02207147891237,-1.728446294645408,4.763184975654332,53.4369522992766,,71.44527048518417,0.2808614226523787
11225,63.03714691855859,-1.734909670900809,4.763731646847125,53.4369522992766,,71.45141550038689,0.2808801655191928
11226,63.01436821055968,-1.739853397459053,4.764286243681755,53.4369522992766,,71.45765360086645,0.280898850178346
11227,63.00399909040826,-1.733967894979456,4.764842671693688,53.4369522992766,,71.46391982633953,0.2809174184221774
11228,62.98913034020702,-1.73027544031925,4.765393237706276,53.4369522992766,,71.47012806195488,0.2809359575621784
11229,63.00132824194494,-1.734321035556222,4.765935230749763,53.4369522992766,,71.47623829937802,0.2809543802868575
11230,63.00437040075587,-1.739312989377837,4.766472571174154,53.4369522992766,,71.48229378500054,0.2809727739077061
11231,62.99440036973934,-1.726613725343737,4.767008803365446,53.4369522992766,,71.48832669302101,0.2809911093208939
11232,62.98619385468832,-1.728871404050763,4.767546574343026,53.4369522992766,,71.49436406619479,0.2810093865264207
11233,62.99509978556979,-1.736940286130373,4.768085289088212,53.4369522992766,,71.50040349185846,0.2810276346281171
11234,63.02502882822107,-1.739682837759096,4.768625843344814,53.4369522992766,,71.50646580382762,0.2810457663144916
11235,63.00196722197427,-1.731044685882439,4.76917051262164,53.4369522992766,,71.51258949501225,0.2810638397932053
11236,63.01222053723496,-1.734316006602767,4.769717500232549,53.4369522992766,,71.5187438768363,0.2810817968565971
11237,63.00160622211028,-1.733385866466514,4.770263964314907,53.4369522992766,,71.52488966223576,0.281099695712328
11238,62.98897306775211,-1.736521854052701,4.770809788767873,53.4369522992766,,71.53102316455536,0.2811175363603979
11239,62.98423093922695,-1.731203916056329,4.77135363372552,53.4369522992766,,71.53712915112047,0.281135318800807
11240,62.99201999671389,-1.729351435560301,4.771895284657584,53.4369522992766,,71.54320800885881,0.2811530139297247
11241,62.98194391589362,-1.729393806390944,4.772434250199352,53.4369522992766,,71.54925511209083,0.2811706799548119
11242,62.97470506036282,-1.73359184613529,4.772970025807311,53.4369522992766,,71.55526397731869,0.2811882586684078
11243,62.99882256883683,-1.734016360565855,4.773503992251897,53.4369522992766,,71.56124719638372,0.2812058082781732
11244,62.9934386596027,-1.728841055800611,4.774039922399177,53.4369522992766,,71.56725225079252,0.2812232705764472
11245,63.00809734397192,-1.733950268223538,4.774579926941716,53.4369522992766,,71.57329910118534,0.2812406455632299
11246,63.00252729260781,-1.736909058963348,4.775123463776796,53.4369522992766,,71.57938453491904,0.2812579041346908
11247,63.00591507462522,-1.734426471483198,4.775670214023763,53.4369522992766,,71.58550964048946,0.2812751336023211
11248,63.00680602108983,-1.729147251870448,4.776218942446571,53.4369522992766,,71.59166371690297,0.2812922757584602
11249,62.99424026044451,-1.730471847342701,4.77676611577527,53.4369522992766,,71.59780629653768,0.2813093597069383
11250,62.98339908840204,-1.737478574142375,4.77730842560263,53.4369522992766,,71.603892375379,0.281326356343925
11251,62.97803305903072,-1.733419789497171,4.777845295683474,53.4369522992766,,71.60990885095094,0.2813433238770813
11252,62.99675451164602,-1.730602250054779,4.77837983566657,53.4369522992766,,71.61588908035388,0.2813602623064071
11253,62.98870619847091,-1.730201003635383,4.77891705119822,53.4369522992766,,71.62189738045639,0.281377142528072
11254,62.99392247365894,-1.741355381146886,4.779458456699978,53.4369522992766,,71.62794729625918,0.2813939063344151
11255,63.00266810964574,-1.727773479313674,4.780001316295997,53.4369522992766,,71.63401183235446,0.2814105828292668
11256,63.00448968112681,-1.730476200749909,4.780543426024344,53.4369522992766,,71.6400713751086,0.2814271720126271
11257,63.01257059522242,-1.741047402030764,4.781085034159096,53.4369522992766,,71.64613278307225,0.281443732092157
11258,63.01421417531751,-1.737941950842155,4.781628148572171,53.4369522992766,,71.65222085278937,0.281460233964026
11259,63.00408336534402,-1.731135671734489,4.782173600810764,53.4369522992766,,71.65834402805228,0.2814766485244036
11260,62.98994051165909,-1.736187824805697,4.782718150540289,53.4369522992766,,71.66445483088418,0.2814930048771203
11261,62.98857128109591,-1.731964796204343,4.783259227568171,53.4369522992766,,71.67051601525164,0.2815092739183456
11262,63.01429053687652,-1.738855369962979,4.783797385196884,53.4369522992766,,71.6765309799783,0.2815255138557404
11263,62.99926045789151,-1.733624412878612,4.784336393824212,53.4369522992766,,71.68255755627837,0.2815416664816439
11264,62.98915810927742,-1.733973453516714,4.784876372823037,53.4369522992766,,71.68858908193472,0.281557731796056
11265,62.99541402953843,-1.734716404568291,4.785415115946265,53.4369522992766,,71.6945994873572,0.2815737389028072
11266,62.99384092839436,-1.738071880427177,4.785953747337652,53.4369522992766,,71.70060851696662,0.2815896586980671
11267,62.99862472831142,-1.733806816003555,4.786493470670925,53.4369522992766,,71.70663621950342,0.281605520285666
11268,63.00243411156657,-1.734453368153497,4.787035050924697,53.4369522992766,,71.71268808550249,0.2816213527694345
11269,62.99793175175292,-1.732551673789075,4.787577951998935,53.4369522992766,,71.71875932882548,0.2816370979417115
11270,62.98561106500409,-1.735418347592753,4.788119223422179,53.4369522992766,,71.7248142126739,0.2816527558024973
11271,62.97717473991075,-1.731918448056947,4.788656688601718,53.4369522992766,,71.73081952699236,0.2816683554556221
11272,62.97940495412931,-1.729552936791637,4.789190411131377,53.4369522992766,,71.7367686528169,0.2816838386934251
11273,62.99717405362973,-1.736198755219209,4.789723566973009,53.4369522992766,,71.74270369821458,0.2816992928273976
11274,63.01602566524436,-1.738780415950408,4.790259977889455,53.4369522992766,,71.74867553081255,0.2817146596498787
11275,63.03233218753651,-1.733472271595884,4.79080111734174,53.4369522992766,,71.75470538557046,0.281729968264699
11276,63.0302855093141,-1.736224996807968,4.791345869143702,53.4369522992766,,71.76078165970172,0.2817452186718583
11277,63.01721606294569,-1.735140983681302,4.791891765272098,53.4369522992766,,71.76688135814841,0.2817604108713567
11278,63.01318451406891,-1.734575337687505,4.792436138205229,53.4369522992766,,71.77297276785914,0.2817756030708551
11279,62.9976189986365,-1.732871858147478,4.792976660039241,53.4369522992766,,71.77902207246962,0.2817907079588622
11280,62.98340078981501,-1.731683610471831,4.793513285738764,53.4369522992766,,71.78501492374897,0.2818057837430388
11281,62.97992644304389,-1.732093993212666,4.794047158392504,53.4369522992766,,71.7909526197408,0.2818208013195544
11282,62.99245312442335,-1.732179683072028,4.794581011799846,53.4369522992766,,71.79687819460027,0.2818357024807483
11283,63.00776951205482,-1.737066620645536,4.795115547365624,53.4369522992766,,71.80281493198672,0.2818505454342812
11284,63.04171593821445,-1.736518961922778,4.795650273443819,53.4369522992766,,71.80876954796528,0.2818653010763228
11285,63.02567256862516,-1.733606790722897,4.79618784111392,53.4369522992766,,71.81478080413969,0.281879969406873
11286,63.03823932829887,-1.742887019402437,4.796728661135103,53.4369522992766,,71.82083024208616,0.2818945795297623
11287,63.02540156447415,-1.733931529155961,4.797273763969028,53.4369522992766,,71.82692530828886,0.2819091605488211
11288,63.01865738073361,-1.734935970477289,4.797820594824637,53.4369522992766,,71.8330298549147,0.2819236542563885
11289,63.01099039390117,-1.737828030165431,4.79836369111417,53.4369522992766,,71.83908251242148,0.281938147963956
11290,63.00047311748261,-1.73534025843476,4.798901962240929,53.4369522992766,,71.84507958876368,0.2819525543600321
11291,62.99895984834426,-1.728865009531258,4.799436746561528,53.4369522992766,,71.85103691515202,0.2819669025484473
11292,63.00806781404013,-1.729637608850463,4.799969031368227,53.4369522992766,,71.85696375698457,0.2819811925292015
11293,63.02660340729499,-1.733119075217084,4.800500211064196,53.4369522992766,,71.8628747404573,0.2819953951984644
11294,63.01147185967206,-1.733461117001663,4.801033825627064,53.4369522992766,,71.86881350109806,0.2820095396600664
11295,63.00910762435146,-1.731468419004732,4.80157172274716,53.4369522992766,,71.87480477821627,0.2820236259140074
11296,63.01716298532662,-1.733584156178385,4.802111483794509,53.4369522992766,,71.88081470298651,0.2820376539602876
11297,63.0173576196532,-1.73770316548902,4.80265158403939,53.4369522992766,,71.88682209462294,0.2820516237989068
11298,63.02982642270881,-1.739226204885084,4.803190506147945,53.4369522992766,,71.89280573699946,0.2820655063260347
11299,63.03240538697131,-1.734699076324403,4.803727489584039,53.4369522992766,,71.89876239913808,0.2820793015416712
11300,63.02470198764973,-1.729359906439004,4.80426505706517,53.4369522992766,,71.90473799734775,0.2820930385496467
11301,63.01654939506952,-1.734512961219457,4.804803093226807,53.4369522992766,,71.91072851009564,0.2821067173499614
11302,63.01083115784244,-1.740249489469153,4.805338889977421,53.4369522992766,,71.91669132938324,0.2821203670464456
11303,63.01827782500084,-1.730615348935224,4.805871171147739,53.4369522992766,,71.92260356651651,0.2821339585352689
11304,63.00925468288683,-1.726996170003526,4.806402318929987,53.4369522992766,,71.92849108298077,0.2821475209202617
11305,63.00691571810031,-1.729793133917764,4.806934244004663,53.4369522992766,,71.93438099056958,0.2821610250975937
11306,63.03143615582911,-1.741273562237946,4.807467005059099,53.4369522992766,,71.94028104136363,0.2821744419634342
11307,63.02071505537859,-1.730225976539882,4.808003100816428,53.4369522992766,,71.94622925695136,0.2821878006216139
11308,63.01099966591968,-1.727135600178487,4.808542188333271,53.4369522992766,,71.95221277651999,0.2822010428644717
11309,63.00275995137024,-1.733379046522396,4.809080167738575,53.4369522992766,,71.95817524982985,0.2822141977958381
11310,62.99358671775658,-1.738069630738679,4.809616189198915,53.4369522992766,,71.96411130476547,0.2822273236233741
11311,62.97629849098206,-1.727147532370529,4.810149673137589,53.4369522992766,,71.97001978638778,0.2822404203470796
11312,62.97197490309162,-1.727085834365379,4.81068113504502,53.4369522992766,,71.97590082572731,0.2822534297592938
11313,62.98331267259402,-1.733374565188616,4.811211140205131,53.4369522992766,,71.98175710302948,0.282266380963847
11314,62.98578910427635,-1.737388505366836,4.811741408002422,53.4369522992766,,71.98760990551163,0.2822792739607394
11315,63.01077406809648,-1.736396048914048,4.81227174343967,53.4369522992766,,71.99346126596707,0.2822921087499708
11316,63.02564062268598,-1.731312980207435,4.812804477710479,53.4369522992766,,71.99935401446118,0.2823048562277108
11317,63.01058477820838,-1.740009863679327,4.813342825923867,53.4369522992766,,72.00532673511897,0.28231754549779
11318,62.99272929057311,-1.734494912990441,4.813884765316478,53.4369522992766,,72.0113421735872,0.2823301474563777
11319,62.99860959421002,-1.734575365446892,4.814423130558056,53.4369522992766,,72.0173070508501,0.2823427203111351
11320,63.00047477505561,-1.731243342287769,4.81495674799156,53.4369522992766,,72.02322227553523,0.282355205854401
11321,63.00456302185942,-1.73587015454693,4.81548699101053,53.4369522992766,,72.02909950421022,0.2823676622938365
11322,63.01094019594452,-1.734081387560778,4.81601515215881,53.4369522992766,,72.03494821850225,0.282380060525611
11323,63.00682809824278,-1.727651066512361,4.816542160637686,53.4369522992766,,72.0407748569295,0.2823924296535552
11324,63.00649328814124,-1.727790518115975,4.817071570383125,53.4369522992766,,72.046614683018,0.2824047405738384
11325,63.02531401493417,-1.737748425540702,4.817606312144022,53.4369522992766,,72.05250208629894,0.2824170223902911
11326,63.00518992362684,-1.735198361814861,4.81814767740607,53.4369522992766,,72.05846933319349,0.2824292168952525
11327,63.00566116316959,-1.734169357204226,4.818691696950712,53.4369522992766,,72.064476210031,0.2824413531925529
11328,63.00125640012613,-1.729420473518263,4.819231547550254,53.4369522992766,,72.07044568860809,0.2824534312821925
11329,63.00361975086693,-1.733668550901918,4.819764174365431,53.4369522992766,,72.07634336369878,0.2824654220603406
11330,63.00205607747006,-1.732852732476362,4.820290972843136,53.4369522992766,,72.08217616812055,0.2824773837346584
11331,62.99401990835089,-1.728974034963814,4.820817873307933,53.4369522992766,,72.08800913035073,0.2824893163051456
11332,63.01131326091057,-1.733592133896428,4.821346792923492,53.4369522992766,,72.09385556544865,0.2825012197718024
11333,63.03230943528325,-1.738374529081252,4.821878423844831,53.4369522992766,,72.09972219142789,0.28251309413462883
11334,63.04890399852782,-1.738309232156048,4.822415483116258,53.4369522992766,,72.10564841617618,0.2825248811859637
11335,63.07779927882771,-1.73866170348676,4.822955693195102,53.4369522992766,,72.11161839309872,0.2825365809258074
11336,63.053369254937,-1.734360915676181,4.823498893457368,53.4369522992766,,72.11764555914918,0.2825481933541596
11337,63.02797488315287,-1.735959517613833,4.824042693150883,53.4369522992766,,72.12368379270828,0.2825597475748509
11338,63.03190460138956,-1.739930721840254,4.824583238064561,53.4369522992766,,72.12967124870502,0.2825713017955422
11339,63.02916195468889,-1.736179552122763,4.825121302554814,53.4369522992766,,72.13561973619926,0.2825828269124031
11340,63.01905048956267,-1.732541428037348,4.825656823707228,53.4369522992766,,72.14152567477451,0.2825943229254335
11341,63.0090174168221,-1.735178606135521,4.826189804624859,53.4369522992766,,72.14739803583369,0.282605760730803
11342,63.01704881954721,-1.73886725327072,4.82672085803275,53.4369522992766,,72.15324325551353,0.2826171112246811
11343,63.01570892421077,-1.73266018164703,4.827250535853205,53.4369522992766,,72.15906969885718,0.2826284035108984
11344,63.03488872450806,-1.736116002103204,4.827780566289205,53.4369522992766,,72.16489720126295,0.2826396084856242
11345,63.01992349804091,-1.738953331351069,4.82831031516807,53.4369522992766,,72.17072540513344,0.2826507552526891
11346,63.02676632219789,-1.741554547416964,4.82884072245623,53.4369522992766,,72.17656398824529,0.2826618147082627
11347,63.03242701985204,-1.73472824553219,4.829372232744046,53.4369522992766,,72.18241876333006,0.2826729032676667
11348,63.04407553711864,-1.739133376252679,4.829906521000654,53.4369522992766,,72.18830971316977,0.2826889976859093
11349,63.02477909880793,-1.736225342171904,4.830444337048315,53.4369522992766,,72.1942475695767,0.2827121061272919
11350,63.01023410497697,-1.736483244594005,4.830981634642818,53.4369522992766,,72.2001755440341,0.2827351854648441
11351,63.00244303503472,-1.73423828934386,4.831515433960797,53.4369522992766,,72.20605169080562,0.28275817749090487
11352,63.01699875480573,-1.73991632755361,4.832045775607734,53.4369522992766,,72.21187741887879,0.2827810822054744
11353,63.02235085373117,-1.734271548327523,4.832574742044175,53.4369522992766,,72.21768722912672,0.2828039287123829
11354,63.03897808749497,-1.73875726215431,4.833106226377136,53.4369522992766,,72.2235337994213,0.2828266879078001
11355,63.02394335519641,-1.730914712642466,4.833641287616316,53.4369522992766,,72.22943145096578,0.2828493597917259
11356,63.01283857763847,-1.735730950732858,4.834176452777559,53.4369522992766,,72.23532332284944,0.2828719734679908
11357,63.01244319357922,-1.73426467459431,4.834707799652149,53.4369522992766,,72.24116191226466,0.2828945289365947
11358,63.0285982310882,-1.737816850646013,4.835233860276514,53.4369522992766,,72.24693848711364,0.2829170261975378
11359,63.03573870711607,-1.733665919272143,4.835758750365935,53.4369522992766,,72.25271323890104,0.2829394943546504
11360,63.03665859449309,-1.732332582568066,4.836286270265908,53.4369522992766,,72.25852313171795,0.2829619043041021
11361,63.03617878442198,-1.73248612516385,4.836817894562028,53.4369522992766,,72.26436718180959,0.2829842560458928
11362,63.0587491098684,-1.738393046330135,4.837353296634896,53.4369522992766,,72.27023940693041,0.2830065204761922
11363,63.03363798164013,-1.735896619935692,4.837893358550626,53.4369522992766,,72.27617071628377,0.2830286975950003
11364,63.01108816008502,-1.733012582658743,4.838432774452494,53.4369522992766,,72.28208680400445,0.2830507874023169
11365,62.99400772123842,-1.736277533735924,4.838965603137367,53.4369522992766,,72.28792522403465,0.2830727898981422
11366,63.00744201778973,-1.738383446713907,4.839489958052456,53.4369522992766,,72.29366636467833,0.2830947632901371
11367,63.02417609228683,-1.731597445967614,4.840010557591301,53.4369522992766,,72.29936804430135,0.2831167075783014
11368,63.03166319033202,-1.733516490550278,4.840533471207181,53.4369522992766,,72.30509336736202,0.2831385645549744
11369,63.03069790161172,-1.735836449797489,4.84106225585941,53.4369522992766,,72.31088281930616,0.2831603633239865
11370,63.03243882616556,-1.735447503085953,4.841596842294296,53.4369522992766,,72.31673539223819,0.2831821038853377
11371,63.00956457400552,-1.731802756015302,4.842132230218716,53.4369522992766,,72.32260317731405,0.2832037571351975
11372,62.99551018983642,-1.730871763728161,4.842664550606402,53.4369522992766,,72.3284420720594,0.2832253521773964
11373,62.99342325572503,-1.731606175388215,4.843191424464111,53.4369522992766,,72.33421266135313,0.2832468890119344
11374,63.01331384775564,-1.734991587737654,4.843715213639525,53.4369522992766,,72.33993552918892,0.2832683676388115
11375,63.00975857516471,-1.733759768876528,4.844240001880848,53.4369522992766,,72.34566632665152,0.2832897880580276
11376,63.01160145642561,-1.729825670174144,4.844767097768269,53.4369522992766,,72.35142319753436,0.2833111211657524
11377,63.0192027333153,-1.730973531347225,4.845294637073605,53.4369522992766,,72.35719049132312,0.2833324251696467
11378,63.00701855345687,-1.734961575779939,4.845824026010918,53.4369522992766,,72.36298920351436,0.2833536418620497
11379,63.01490658351862,-1.730617374555613,4.846354592116054,53.4369522992766,,72.36880806181183,0.2833748003467917
11380,63.01906505356641,-1.729527200331813,4.846883898632365,53.4369522992766,,72.37460823136416,0.2833959297277033
11381,63.04291043972073,-1.738299600264648,4.847412978678697,53.4369522992766,,72.38040342451583,0.2834170300047845
11382,63.04762431298259,-1.740384208978373,4.847942550612529,53.4369522992766,,72.3862043713705,0.2834380429703742
11383,63.04454275775944,-1.732573821876071,4.848472851345404,53.4369522992766,,72.39201599326901,0.2834589977283031
11384,63.04143983462898,-1.732944957777316,4.849004278248837,53.4369522992766,,72.39784655011128,0.2834798360709101
11385,63.03018975459698,-1.733075119088435,4.849537576019258,53.4369522992766,,72.40371268058877,0.2835006744135171
11386,63.00566102023529,-1.731744022469251,4.850066819034617,53.4369522992766,,72.40951842522499,0.2835214836522937
11387,62.99427857628522,-1.729531366484773,4.850591023885542,53.4369522992766,,72.41523521984865,0.2835422637872398
11388,62.98796417038595,-1.732717285759321,4.851113301832576,53.4369522992766,,72.42090682687626,0.2835630148183554
11389,63.00576567034732,-1.73609185638754,4.851637365172266,53.4369522992766,,72.42659331789089,0.2835837076418102
11390,63.0404440280883,-1.737130574254029,4.852164155067852,53.4369522992766,,72.4323205251884,0.2836042840499431
11391,63.0372114382814,-1.731875058155761,4.852695164334309,53.4369522992766,,72.43811615711668,0.2836247731465846
11392,63.03323006247197,-1.734154701888937,4.853229766816734,53.4369522992766,,72.44396912091108,0.2836451749317348
11393,63.00378912319643,-1.734958533723278,4.853766662390433,53.4369522992766,,72.44987571566429,0.2836655185092241
11394,62.98613913918684,-1.734433561303411,4.854297156069318,53.4369522992766,,72.45570090930066,0.2836858620867133
11395,63.0072004391225,-1.734346109739598,4.854818288288762,53.4369522992766,,72.46138673595568,0.2837061765603721
11396,63.04674135382606,-1.738510389383862,4.855336669591616,53.4369522992766,,72.4670209199176,0.2837264910340309
11397,63.03850977522541,-1.735289842036696,4.855861878220331,53.4369522992766,,72.47273614096474,0.2837467181961983
11398,63.04995752153349,-1.74029443619905,4.856393963925478,53.4369522992766,,72.47852590575697,0.2837668580468744
11399,63.04515542953982,-1.732781787232424,4.856928227890364,53.4369522992766,,72.4843407128959,0.2837869105860591
11400,63.04606598271584,-1.736079919715837,4.85746369523227,53.4369522992766,,72.49018750928839,0.2838069049175829
11401,63.03640936193913,-1.737420422294178,4.857997206559559,53.4369522992766,,72.49602195331421,0.2838268119376153
11402,63.01720806096652,-1.736314756311112,4.858527402776081,53.4369522992766,,72.50181620830804,0.2838466898538172
11403,63.00966262668189,-1.729165993675939,4.859054088642164,53.4369522992766,,72.50755381477165,0.2838665677700192
11404,63.00085960525362,-1.730034640135086,4.859578525537769,53.4369522992766,,72.51325054844315,0.2838863874785602
11405,62.99841369582141,-1.734495846257563,4.860101087670255,53.4369522992766,,72.51891687948374,0.2839061489794403
11406,63.01188427226688,-1.737008856171312,4.860622252272023,53.4369522992766,,72.52456574572435,0.2839258231688291
11407,63.01312251987885,-1.731548381413969,4.861143872867547,53.4369522992766,,72.53022018928543,0.283945380942896
11408,63.02034921993847,-1.733297390664299,4.861667333691226,53.4369522992766,,72.53589625684926,0.2839648514054716
11409,63.01335758429644,-1.730695692884822,4.862191527452463,53.4369522992766,,72.54158233371002,0.2839842927642167
11410,63.0017259169023,-1.734696583377644,4.862718239392294,53.4369522992766,,72.54730607640185,0.2840036468114704
11411,62.99257558024571,-1.728809738557371,4.863246854177757,53.4369522992766,,72.55305414756448,0.2840230299625546
11412,62.98471021234698,-1.727154032448427,4.863775563094216,53.4369522992766,,72.55879162824861,0.2840423549059778
11413,62.99104897444709,-1.732187348126698,4.864302110429731,53.4369522992766,,72.56449389063995,0.2840616216417402
11414,62.97955284328756,-1.732834162634572,4.86482484922191,53.4369522992766,,72.57015318594046,0.2840808010660112
11415,62.98458561725499,-1.729580666282027,4.865345538283892,53.4369522992766,,72.57579256359166,0.2840998931787908
11416,62.99013718341568,-1.727286879361941,4.865865004308111,53.4369522992766,,72.581422134327,0.2841188979800791
11417,62.99876788792403,-1.733154787894406,4.86638632301517,53.4369522992766,,72.58707614354157,0.2841378154698759
11418,63.0184267046189,-1.73687249175507,4.866909551195366,53.4369522992766,,72.59275215235554,0.2841566747520119
11419,63.00326802135102,-1.730609971626991,4.867435287704119,53.4369522992766,,72.59845892878448,0.2841755049303174
11420,62.99727244848165,-1.73082067258933,4.86796399592488,53.4369522992766,,72.60419640542835,0.284194276900962
11421,62.99088729145312,-1.730958287279563,4.868491860097022,53.4369522992766,,72.60991523929437,0.2842130197677761
11422,62.98734051045301,-1.731470581662637,4.869017506098333,53.4369522992766,,72.61560394616188,0.2842317335307598
11423,62.9856464118654,-1.728613858177993,4.869540466255086,53.4369522992766,,72.62125831548094,0.284250418189913
11424,63.0058829295691,-1.736070517625929,4.870063730838898,53.4369522992766,,72.62691285721,0.2842690155375749
11425,63.01064109047591,-1.734359078251257,4.870589920766935,53.4369522992766,,72.63260559148223,0.2842874964699149
11426,63.00760944601829,-1.738691349222993,4.871118402501784,53.4369522992766,,72.63833495548654,0.284305919194594
11427,63.00357269900596,-1.732036480426931,4.871645869106724,53.4369522992766,,72.64406302309179,0.2843242255039513
11428,63.00298086736911,-1.730371281955936,4.872170409847515,53.4369522992766,,72.6497621375302,0.2843425027094781
11429,62.99534981985069,-1.728598349920067,4.872694350049151,53.4369522992766,,72.65546349418526,0.2843607508111745
11430,62.99597446490729,-1.734079101390061,4.87321702996436,53.4369522992766,,72.66114044936118,0.2843789989128709
11431,62.99320134905727,-1.729841173788275,4.873735961160507,53.4369522992766,,72.6667494864786,0.2843972470145673
11432,62.99893828081611,-1.728784147535895,4.874252824950354,53.4369522992766,,72.6723099945052,0.2844154660124332
11433,63.01018594644839,-1.733883320367977,4.874771443136085,53.4369522992766,,72.67787724899081,0.2844336268026382
11434,63.01726102552399,-1.737645943650212,4.875295626206475,53.4369522992766,,72.68351044602241,0.2844516711775213
11435,63.00931698069458,-1.730093621687042,4.875824237993603,53.4369522992766,,72.68921535409224,0.2844696282409132
11436,63.01626342611502,-1.730303119005984,4.876353456028295,53.4369522992766,,72.69494530591922,0.2844874979928136
11437,63.00865789370538,-1.733103904766412,4.876880759508362,53.4369522992766,,72.7006657999547,0.2845053386408836
11438,63.00718185335375,-1.740197349717229,4.877405481217535,53.4369522992766,,72.70635832577474,0.2845231210812926
11439,62.99250005749812,-1.727382535370965,4.87792795499656,53.4369522992766,,72.71201886186783,0.2845409326255322
11440,62.97989881075041,-1.72588522575784,4.878448410501756,53.4369522992766,,72.71764524928888,0.2845587150659412
11441,62.97288141896873,-1.734107271281558,4.878967249616085,53.4369522992766,,72.7232367292195,0.2845764975063503
11442,62.98998162330512,-1.737438482242875,4.87948618410176,53.4369522992766,,72.72881719138503,0.2845942217390984
11443,62.99608694428301,-1.73072391751881,4.880006907666825,53.4369522992766,,72.73442291214562,0.2846118586603552
11444,63.00392635224811,-1.733761594300536,4.880528235507911,53.4369522992766,,72.74003734261646,0.2846293791662902
11445,62.99762692739085,-1.735166373158378,4.881051139570201,53.4369522992766,,72.7456708207777,0.2846468414645642
11446,62.99066447888218,-1.736402304862869,4.881575702929718,53.4369522992766,,72.75132104941942,0.2846642164513469
11447,62.99010878830975,-1.730132374265707,4.882101072049067,53.4369522992766,,72.75698545138405,0.2846815623342991
11448,62.98347629219091,-1.730497639618062,4.882626746186994,53.4369522992766,,72.76265564598424,0.2846988791134208
11449,62.96935858514536,-1.733785989240446,4.883149138912751,53.4369522992766,,72.76828519580339,0.2847161667887121
11450,62.96657598723423,-1.732091763579962,4.883665713387455,53.4369522992766,,72.77384359713092,0.2847334544640034
11451,62.97902542808823,-1.733759841255962,4.884177341296343,53.4369522992766,,72.77933729715396,0.2847506839316338
11452,63.01148827732273,-1.73309352918706,4.884690170908453,53.4369522992766,,72.7848378370928,0.2847678551916033
11453,63.00123373087008,-1.730827428114128,4.885209291116947,53.4369522992766,,72.79041394233073,0.2847849391400814
11454,63.01328142487516,-1.741224540322795,4.885735746379598,53.4369522992766,,72.7960771386652,0.2848019357770681
11455,62.99599460330109,-1.733490639797477,4.886267097669355,53.4369522992766,,72.80180107256021,0.2848189033102244
11456,62.99614351158478,-1.734863902213236,4.886799177512572,53.4369522992766,,72.8075407433504,0.2848357835318893
11457,63.00627278485776,-1.731832918346246,4.887327419224969,53.4369522992766,,72.81324886235738,0.2848526055458933
11458,63.00870061831239,-1.737483519435492,4.887851065578669,53.4369522992766,,72.81891445409026,0.2848693984560668
11459,62.98306081391789,-1.734567809998966,4.888371598545218,53.4369522992766,,72.82454283465384,0.2848861622624099
11460,62.96491504874748,-1.727742114275588,4.888890616787876,53.4369522992766,,72.83013158201396,0.2849028969649225
11461,62.95457742831982,-1.729080421101695,4.88940717835635,53.4369522992766,,72.83565703493225,0.2849196316674352
11462,62.97666949359747,-1.74212714942595,4.889922363584665,53.4369522992766,,72.8411458891991,0.2849362790584564
11463,63.0021465454617,-1.738344376562393,4.890438733633772,53.4369522992766,,72.84665781123181,0.2849528682418168
11464,63.02733237738633,-1.738378449696194,4.890958641116269,53.4369522992766,,72.85223096012437,0.28496937011368567
11465,63.02827180918555,-1.734905904349413,4.891483421695147,53.4369522992766,,72.85787924583319,0.2849857555702329
11466,63.04136871962764,-1.739945190756118,4.892011114262635,53.4369522992766,,72.86357477340698,0.2850020828191191
11467,63.0311449044723,-1.736768994204594,4.892539821786806,53.4369522992766,,72.86930342023174,0.2850183809641749
11468,63.01376790377574,-1.734561112577608,4.893067896831957,53.4369522992766,,72.87503054745713,0.2850346791092306
11469,63.00793825542925,-1.7353276911112,4.893592188527426,53.4369522992766,,72.88068674830328,0.2850509772542864
11470,63.00687724841519,-1.737117887136702,4.894112348073778,53.4369522992766,,72.88625984739826,0.2850672462955117
11471,63.02278577274866,-1.735349995785525,4.894629902782964,53.4369522992766,,72.8917855815146,0.2850834862329066
11472,63.03917703734007,-1.737076519599354,4.895147299051025,53.4369522992766,,72.89731836883234,0.2850996679626405
11473,63.07027508867283,-1.738403400345093,4.895668088839024,53.4369522992766,,72.90290901859487,0.2851157623808831
11474,63.08605840674207,-1.743195590698738,4.896194465969529,53.4369522992766,,72.9085807140998,0.2851317403838038
11475,63.08357234512377,-1.741838280456338,4.896726199502534,53.4369522992766,,72.9143271294428,0.2851476892828941
11476,63.05523274704886,-1.734772149585238,4.897260354720112,53.4369522992766,,72.92011170351746,0.2851635508704931
11477,63.010385248079,-1.735381650500352,4.897792701820043,53.4369522992766,,72.92587404840116,0.285179412458092
11478,62.98438862563221,-1.736776224272146,4.89831672250616,53.4369522992766,,72.93151677070726,0.2851953031495214
11479,62.99224914848635,-1.735545177906894,4.898830330129361,53.4369522992766,,72.9370071970082,0.2852111647371203
11480,63.01129604787168,-1.735859527059363,4.899339864704049,53.4369522992766,,72.94243499320908,0.2852269972208887
11481,63.03155012212828,-1.742628931156352,4.899852291297996,53.4369522992766,,72.94788805013685,0.2852427423931658
11482,63.0641521261004,-1.742060149850711,4.900370041139494,53.4369522992766,,72.95340232386125,0.2852583711501211
11483,63.08177207803522,-1.739915899108606,4.900894828944834,53.4369522992766,,72.9590134942596,0.285273912595585
11484,63.04847686467426,-1.738117207562808,4.901426569592311,53.4369522992766,,72.96473022658438,0.2852893667295575
11485,63.02220006491462,-1.737197779358501,4.901960766063327,53.4369522992766,,72.97048953098297,0.2853047917596996
11486,63.03096392084202,-1.743706252570454,4.902488072368602,53.4369522992766,,72.9761523150972,0.2853202458936721
11487,63.01319132721017,-1.738450592857569,4.903006718214012,53.4369522992766,,72.98170223697282,0.2853357000276446
11488,63.01284233979379,-1.733657075789511,4.903520009379112,53.4369522992766,,72.98717771213646,0.2853510959539562
11489,63.02428470227815,-1.734356449511905,4.904031440610511,53.4369522992766,,72.99262644594126,0.2853664045687765
11490,63.02487200805086,-1.74096053796052,4.904545278600818,53.4369522992766,,72.99810464961728,0.2853816549759358
11491,63.00878595527452,-1.731206014463404,4.90506402666683,53.4369522992766,,73.00364358979141,0.2853968180716038
11492,62.98968643902538,-1.729431356407317,4.905585410159359,53.4369522992766,,73.00919887047336,0.2854119520634413
11493,62.99638646117967,-1.737892046460063,4.906106025310323,53.4369522992766,,73.01472941185898,0.2854270278476179
11494,63.02566674957034,-1.741565629238871,4.906624207433214,53.4369522992766,,73.02023874477086,0.2854421036317945
11495,63.01740543793716,-1.731696063213327,4.907141677507507,53.4369522992766,,73.02575775667597,0.2854570921044797
11496,63.02280426469699,-1.73327695080453,4.907660315582023,53.4369522992766,,73.0312992199244,0.285472022369504
11497,63.01329455206388,-1.734079400261118,4.908181250824956,53.4369522992766,,73.03687366811002,0.2854868944268674
11498,63.01066920634015,-1.739986731227425,4.90870326013583,53.4369522992766,,73.0424612056796,0.2855017664842308
11499,63.01892351521012,-1.733370299098003,4.909225708252698,53.4369522992766,,73.04804950094999,0.2855165803339332
11500,63.01901273430431,-1.733953949285994,4.909748166191932,53.4369522992766,,73.0536340433142,0.2855313941836357
11501,63.03104045743297,-1.739979417445878,4.910269192367539,53.4369522992766,,73.05919755615486,0.2855461498256773
11502,63.0434248492267,-1.740827528973138,4.910787883929764,53.4369522992766,,73.06473552141547,0.2855608763638884
11503,63.06937681156542,-1.735386541313184,4.91130422010829,53.4369522992766,,73.07025350927164,0.2855755155906081
11504,63.04857339616426,-1.733458405366377,4.911820357691223,53.4369522992766,,73.07577863003267,0.2855900675058365
11505,63.02891420311209,-1.739953830704279,4.912338754453645,53.4369522992766,,73.08133432147132,0.2856046194210649
11506,63.02609542308481,-1.7380997315972,4.912857704342084,53.4369522992766,,73.08688466754666,0.2856191713362932
11507,63.03558585221473,-1.73594914778483,4.913376743926255,53.4369522992766,,73.09241950142156,0.285633752355352
11508,63.05130155549946,-1.736197282772913,4.913897014137248,53.4369522992766,,73.09795539734527,0.2856482460629195
11509,63.03774261632923,-1.735690740688994,4.914419931980115,53.4369522992766,,73.10352340636136,0.285662681562826
11510,63.02602896975181,-1.739010998055219,4.914942264434417,53.4369522992766,,73.10908258995491,0.2856770297512412
11511,63.00405893215918,-1.731592509378241,4.915461579740684,53.4369522992766,,73.11460199001006,0.2856913197319955
11512,63.01930617573248,-1.735354878367068,4.915977661329057,53.4369522992766,,73.12007632796244,0.2857055806089193
11513,63.00743374556233,-1.734382932738365,4.916492268695803,53.4369522992766,,73.12553806519625,0.2857198414858431
11514,63.02113359227961,-1.735774817886038,4.917005511923911,53.4369522992766,,73.13098462261625,0.2857340441551059
11515,63.0292820641207,-1.7293557580895,4.917517259321635,53.4369522992766,,73.13641539092622,0.2857482177205384
11516,63.01261128235917,-1.727311976561547,4.918030596242607,53.4369522992766,,73.14186719691509,0.2857623039744794
11517,62.99873096954992,-1.731263357158181,4.918548014893289,53.4369522992766,,73.14736526432878,0.2857763902284205
11518,63.01192219792625,-1.738546449355872,4.919066681392669,53.4369522992766,,73.15287321727638,0.2857904182747006
11519,63.02281573079262,-1.735770272867168,4.919585224562481,53.4369522992766,,73.15838426277968,0.2858043881133199
11520,63.03869991602512,-1.731997092972735,4.920104098605809,53.4369522992766,,73.16390443668108,0.2858182706404477
11521,63.03818482005909,-1.731734415954363,4.920623199628425,53.4369522992766,,73.16943038275056,0.2858320949599147
11522,63.01797195957381,-1.736779427074854,4.921142554209665,53.4369522992766,,73.17495910057737,0.2858458901755512
11523,63.00837330649647,-1.731549438816531,4.921660999778088,53.4369522992766,,73.18046916976739,0.2858596562873572
11524,63.0077614131956,-1.731265190727599,4.922177765210041,53.4369522992766,,73.18595054245299,0.2858734223991632
11525,63.02131866373408,-1.736941636625257,4.92269437825505,53.4369522992766,,73.19141813950021,0.2858871594071388
11526,63.01081437468255,-1.7360524516997,4.923211250899144,53.4369522992766,,73.19688617598625,0.2859008382074535
11527,63.01396269427232,-1.734175485083206,4.923726657182183,53.4369522992766,,73.20234174720359,0.2859144588001072
11528,63.01622307579066,-1.72986864772415,4.924240108866955,53.4369522992766,,73.20778323623806,0.2859280211851001
11529,63.01270161564474,-1.73308658843557,4.924752622696086,53.4369522992766,,73.21321292774073,0.2859415544662625
11530,63.0306382105543,-1.7379598159762,4.925264732082941,53.4369522992766,,73.21863498020622,0.2859550586435944
11531,63.01711266031728,-1.734671334972165,4.925778658880725,53.4369522992766,,73.22408087177597,0.2859685628209263
11532,63.02972139835536,-1.732387252745071,4.926294067584771,53.4369522992766,,73.22954001071385,0.2859820378944278
11533,63.01739158513381,-1.731791193084174,4.926809378322131,53.4369522992766,,73.23499729770221,0.2859955129679292
11534,63.02222310522203,-1.739664996660081,4.927324533940627,53.4369522992766,,73.2404466366434,0.2860089298337698
11535,63.01834806034665,-1.732062806510938,4.927839944979537,53.4369522992766,,73.24589323628659,0.286022259388119
11536,63.04273099266643,-1.734299095839425,4.928357316294765,53.4369522992766,,73.25136138023316,0.2860355889424682
11537,63.02762853612439,-1.735089764772688,4.928876888794173,53.4369522992766,,73.2568714982455,0.286048831185326
11538,63.03118261417043,-1.738047979393897,4.929396258030416,53.4369522992766,,73.26238327752465,0.2860620734281838
11539,63.00615764464795,-1.73353660807984,4.929915236642809,53.4369522992766,,73.26789296118082,0.2860752574633807
11540,62.98740411021197,-1.727485240751411,4.93043217165425,53.4369522992766,,73.27337477285556,0.2860884414985776
11541,63.00340837275109,-1.732253764938492,4.930943157095374,53.4369522992766,,73.27876993478058,0.286101596429944
11542,63.01019506648433,-1.733135320385413,4.931450828928028,53.4369522992766,,73.28411710839698,0.2861146931536496
11543,63.02139525766037,-1.731188861859779,4.931958799216208,53.4369522992766,,73.28945600687297,0.2861277316696942
11544,63.01025177054465,-1.72943722500859,4.932469089401832,53.4369522992766,,73.29482083898658,0.2861406828742474
11545,63.00928080436398,-1.730280056692913,4.932983266621546,53.4369522992766,,73.30023384354678,0.2861536049749702
11546,63.02660547854726,-1.738646601483192,4.933498472985855,53.4369522992766,,73.30566346358235,0.2861664979718626
11547,63.01209136740953,-1.730721995915822,4.934013936437296,53.4369522992766,,73.3111131644117,0.2861793618649244
11548,63.02525874949171,-1.731757695332195,4.934528737546422,53.4369522992766,,73.31655143460212,0.2861921384464949
11549,63.01326833566323,-1.736415629554882,4.935043730206542,53.4369522992766,,73.32198434900782,0.286204885924235
11550,63.00607742627703,-1.73623605418118,4.935560134626143,53.4369522992766,,73.3274270860204,0.2862175460904837
11551,63.01653206920815,-1.734766111337491,4.936076948515843,53.4369522992766,,73.33287087855616,0.2862301771529019
11552,63.02684938922746,-1.734584618719838,4.936591979707838,53.4369522992766,,73.33830072241845,0.2862428082153201
11553,63.04437172802222,-1.735578520824081,4.937104217137849,53.4369522992766,,73.34371024615834,0.2862553810700774
11554,63.0358126519553,-1.737652257217702,4.937616327738571,53.4369522992766,,73.34912944278472,0.2862678957171738
11555,63.01698967823553,-1.733007298630402,4.93812972848966,53.4369522992766,,73.35455904812832,0.2862804103642702
11556,63.01190787962558,-1.730474863867241,4.938642906080043,53.4369522992766,,73.35996250905028,0.2862929250113666
11557,63.03070146542478,-1.736149896240246,4.93915585787715,53.4369522992766,,73.36534372762141,0.2863054105546325
11558,63.02320318235952,-1.74152403348593,4.939671129468339,53.4369522992766,,73.37075336577027,0.2863178378902376
11559,63.02929320532746,-1.737022038771328,4.940188834332186,53.4369522992766,,73.37619242562091,0.2863302361220121
11560,63.01922908811646,-1.729904558195319,4.940706110492274,53.4369522992766,,73.3816339358155,0.2863425470422953
11561,63.00944178199316,-1.735482188027689,4.941221480487263,53.4369522992766,,73.3870670676193,0.2863548288587481
11562,63.00952721532877,-1.738582595666398,4.94173228650813,53.4369522992766,,73.39244758022022,0.2863670815713704
11563,63.01366661682881,-1.733574780205171,4.942240770918612,53.4369522992766,,73.39779353528385,0.2863793051801622
11564,63.02348970711697,-1.728837041637203,4.942750109454455,53.4369522992766,,73.40314115093783,0.2863915578927845
11565,63.02117080311544,-1.729404167177638,4.943263110016549,53.4369522992766,,73.4085275648575,0.2864037815015763
11566,63.01263617443625,-1.736303260879602,4.9437793483236,53.4369522992766,,73.41394894838888,0.2864159469027072
11567,62.98858280880467,-1.729728488911596,4.944295072845017,53.4369522992766,,73.41935942983478,0.2864280832000077
11568,62.97871737663606,-1.723999932608239,4.9448058789282,53.4369522992766,,73.4246938368072,0.2864401321858168
11569,62.97777989108186,-1.727785168833376,4.945312706482337,53.4369522992766,,73.42997327106923,0.2864521229639649
11570,62.99251952700724,-1.737795396450261,4.945818505681564,53.4369522992766,,73.43524028936453,0.2864640264306217
11571,63.00564981688963,-1.729416369243792,4.946326149962626,53.4369522992766,,73.44053764009922,0.2864759007934481
11572,63.00920301191871,-1.723279584644109,4.946836158175024,53.4369522992766,,73.44587949518109,0.286487746052444
11573,63.00149874803355,-1.731834053486783,4.947348938827619,53.4369522992766,,73.4512695746898,0.2864995913114399
11574,62.98874600346306,-1.734852544575605,4.94786464635783,53.4369522992766,,73.45669667930753,0.2865113492589444
11575,62.96796965332594,-1.728097039241587,4.94838004010785,53.4369522992766,,73.46210702024797,0.2865231072064489
11576,62.95705503905001,-1.72589819199724,4.94889032002399,53.4369522992766,,73.46743427758304,0.2865347778424621
11577,62.97118196870439,-1.734275064127724,4.949395961298357,53.4369522992766,,73.47270189364625,0.2865463902708143
11578,62.99426729507783,-1.736522734168975,4.949900504633447,53.4369522992766,,73.477964635401,0.2865579735953361
11579,63.00533518971162,-1.7272246048749,4.950407922711699,53.4369522992766,,73.48326852367458,0.2865695278160274
11580,63.0102828936704,-1.727759035392277,4.950919313705447,53.4369522992766,,73.48862495288863,0.2865810529328883
11581,63.0051328788517,-1.734584847130887,4.951434518156873,53.4369522992766,,73.49403459252346,0.2865925198420882
11582,62.97721974417895,-1.736028532887539,4.951952221005304,53.4369522992766,,73.49947683159232,0.2866039867512882
11583,62.95776690239857,-1.725151255497539,4.95246751547399,53.4369522992766,,73.50487011997531,0.2866154827643186
11584,62.94704425930613,-1.725581831155398,4.952977279902609,53.4369522992766,,73.51017805283611,0.2866269496735185
11585,62.96890711527512,-1.735998636880057,4.953483287870638,53.4369522992766,,73.51543385673125,0.286638387478888
11586,62.9779889130172,-1.732705453178422,4.953990859879696,53.4369522992766,,73.5207161783003,0.2866497670765966
11587,63.00420341524678,-1.729615262379997,4.954498837338829,53.4369522992766,,73.52600379255449,0.2866610884666443
11588,63.00592641514049,-1.731068718774267,4.955007379887247,53.4369522992766,,73.53131303592214,0.2866722934413701
11589,63.00860043291495,-1.736002601379194,4.955520092915886,53.4369522992766,,73.53670141188728,0.286683498416096
11590,62.99230161746235,-1.73371292041073,4.956035245993383,53.4369522992766,,73.54213288709418,0.2866947324946523
11591,62.96960141987747,-1.726410102807842,4.956548743444032,53.4369522992766,,73.54752315073775,0.28670599567703897
11592,62.95678154467681,-1.726769265256561,4.9570576038121,53.4369522992766,,73.55281678469672,0.2867172879632562
11593,62.9494689246458,-1.73329016438176,4.957564676094673,53.4369522992766,,73.55806146114288,0.2867285220418125
11594,62.96227649624052,-1.736633449588717,4.958073046621781,53.4369522992766,,73.56331796736711,0.2867397270165384
11595,62.98094822051752,-1.736253126472033,4.958583888260136,53.4369522992766,,73.56861840627471,0.2867508155759424
11596,62.99727538376908,-1.728763074258332,4.959095587875055,53.4369522992766,,73.57395315040478,0.2867618459276855
11597,63.00744870132377,-1.740560157467545,4.959604065807365,53.4369522992766,,73.57926901407022,0.2867727889679372
11598,63.01797625168967,-1.733838129831792,4.960112229918781,53.4369522992766,,73.58460410120536,0.2867837029043585
11599,63.00707054608726,-1.732002534594725,4.960622564744616,53.4369522992766,,73.58996964233557,0.2867946750484407
11600,62.98100430637191,-1.734731386908034,4.96113476205666,53.4369522992766,,73.59533120827489,0.2868057054001838
11601,62.96352952846871,-1.732293806454627,4.96164552107195,53.4369522992766,,73.60063340899444,0.2868167357519269
11602,62.95351153001905,-1.733457544499737,4.962154207481043,53.4369522992766,,73.60588435904845,0.2868279116228223
11603,62.97231210364815,-1.731571116424468,4.962661462992093,53.4369522992766,,73.61111676938083,0.2868484007194638
11604,62.97801416082149,-1.731313753150201,4.963167930123201,53.4369522992766,,73.61635548805502,0.286868802504614
11605,62.99493878811511,-1.738980077654617,4.963674929029406,53.4369522992766,,73.6216211728466,0.2868890878744423
11606,63.01427026302547,-1.739070942466321,4.964183370126215,53.4369522992766,,73.62692264843342,0.2869093150366098
11607,63.02120284625339,-1.731703327793854,4.964695054264355,53.4369522992766,,73.63227662079284,0.2869295130949467
11608,63.00007829840438,-1.728219096287048,4.965211059509468,53.4369522992766,,73.63768969336387,0.2869497111532837
11609,62.9742330870477,-1.732914780546896,4.965725508744339,53.4369522992766,,73.64306313271894,0.2869699092116207
11610,62.9614121781375,-1.734435222517163,4.966233524814374,53.4369522992766,,73.64832985869275,0.2869901072699577
11611,62.95638809286472,-1.729522327518938,4.966736621531663,53.4369522992766,,73.65352118985771,0.2870102762244642
11612,62.96865786775259,-1.733104250202153,4.967238987186459,53.4369522992766,,73.65870224565433,0.2870303578674793
11613,63.00385248092324,-1.738712323484121,4.967743083288765,53.4369522992766,,73.6639084082365,0.2870503521990031
11614,63.00997375480448,-1.737519996496453,4.968251614988576,53.4369522992766,,73.66918085799237,0.287070230115205
11615,63.0160951603882,-1.734468338234366,4.968765500839775,53.4369522992766,,73.67453108736528,0.2870900498237461
11616,63.00296849030659,-1.731676732863474,4.969284279501859,53.4369522992766,,73.67994962724316,0.2871098404284567
11617,63.0082484540368,-1.73646254496943,4.969804010366892,53.4369522992766,,73.68538861759242,0.2871296019293368
11618,62.98839697079332,-1.737371256106266,4.970318223737889,53.4369522992766,,73.69076528483978,0.2871493343263865
11619,62.97278320784972,-1.732052820844644,4.970823365903732,53.4369522992766,,73.69601016097121,0.2871690667234361
11620,62.96836573257058,-1.730088063524591,4.971322195704705,53.4369522992766,,73.70115216867754,0.2871887700166553
11621,62.96667905519388,-1.733157952890287,4.971821345561477,53.4369522992766,,73.70628749822885,0.2872084442060441
11622,62.98462381743769,-1.736178892550811,4.972324887025086,53.4369522992766,,73.71147674180395,0.2872280601877719
11623,63.01895123413467,-1.735613559866974,4.972833867683427,53.4369522992766,,73.71673675400119,0.2872475888580084
11624,63.01648971318274,-1.736254301136335,4.973348072689289,53.4369522992766,,73.7220706897864,0.2872670302167535
11625,63.01519002079188,-1.736145314980874,4.973864139969621,53.4369522992766,,73.72743850382264,0.2872863842640072
11626,63.01318835463198,-1.736094871925935,4.974379482015682,53.4369522992766,,73.73281910675247,0.2873057092074305
11627,63.03354318618514,-1.734461760723356,4.974893596783534,53.4369522992766,,73.73820644333784,0.2873250341508538
11628,63.01572798139036,-1.72940875773986,4.975405042118622,53.4369522992766,,73.74356239271461,0.2873443008866161
11629,62.99813173425996,-1.730424508614533,4.975911557884278,53.4369522992766,,73.7488236043098,0.2873635967262089
11630,62.98964689448506,-1.736264394936611,4.976415096664452,53.4369522992766,,73.75401076655578,0.2873828634619713
11631,62.98255514937085,-1.731684258446264,4.976920022374485,53.4369522992766,,73.75919642483628,0.2874021010939032
11632,62.98092430938155,-1.727918901141751,4.977428439114976,53.4369522992766,,73.7644237217911,0.2874212805181742
11633,63.00632275660767,-1.737544423435473,4.977937580242378,53.4369522992766,,73.76966727673225,0.2874403726309538
11634,62.99813699525757,-1.7363155731346,4.978445996910155,53.4369522992766,,73.77492245687651,0.287459377432242
11635,63.00184680141916,-1.734281666177344,4.978953869747547,53.4369522992766,,73.78018068766559,0.2874783531296998
11636,63.01738649024953,-1.735370537686665,4.979460484752958,53.4369522992766,,73.78543079200435,0.2874972706194967
11637,63.02457171217611,-1.734983169252126,4.979969900076238,53.4369522992766,,73.79073378288275,0.2875161881092936
11638,63.00768023438077,-1.737107250376797,4.980480603629306,53.4369522992766,,73.79606061324392,0.2875350473914295
11639,62.98538713084234,-1.731580122645568,4.980987117139994,53.4369522992766,,73.80131448032456,0.2875538775697351
11640,62.97110077992414,-1.725829756382417,4.981488493534179,53.4369522992766,,73.80647472515156,0.287572736851871
11641,62.97008706887543,-1.729912941529614,4.981988717313853,53.4369522992766,,73.811597705265,0.2875915379263461
11642,62.99304642801823,-1.741219809658961,4.982491571164235,53.4369522992766,,73.81674856089431,0.2876103098969907
11643,63.01930551344543,-1.739487973463315,4.982997360762392,53.4369522992766,,73.8219472685688,0.2876289945561439
11644,63.04911241594075,-1.738533602382741,4.983505819887724,53.4369522992766,,73.82719720068464,0.2876475919038057
11645,63.05765127566083,-1.734218721106306,4.984016065511074,53.4369522992766,,73.8324894311592,0.2876661019399762
11646,63.05896707974536,-1.743792875030859,4.984531512743277,53.4369522992766,,73.8378829191118,0.2876845828723162
11647,63.03383817672893,-1.733729230605717,4.985048163101575,53.4369522992766,,73.84330389814188,0.2877030347008258
11648,63.00346055586164,-1.730789885444686,4.985559666709538,53.4369522992766,,73.84862516587513,0.2877215447369963
11649,62.98734495264243,-1.735841296804326,4.986064714429539,53.4369522992766,,73.85381552927575,0.2877400547731668
11650,62.97891131320595,-1.738708809342663,4.986564925160425,53.4369522992766,,73.85892256968607,0.2877585357055068
11651,62.98291111411884,-1.730989025716475,4.987064676423349,53.4369522992766,,73.86402723932079,0.2877769293263555
11652,63.00966625969986,-1.732741426248068,4.987566509620962,53.4369522992766,,73.86917071766591,0.2877952647395432
11653,63.01242572272835,-1.734699486390337,4.988071554914737,53.4369522992766,,73.87436779866515,0.2878135128412396
11654,63.02996991529707,-1.741358500624897,4.988578670112163,53.4369522992766,,73.87960163365459,0.287831702735275
11655,63.03936301604787,-1.735878765207178,4.989086754289827,53.4369522992766,,73.88485849648268,0.2878498344216496
11656,63.05328982947853,-1.733043039819152,4.98959901618644,53.4369522992766,,73.89018693207655,0.2878679661080241
11657,63.03384895320587,-1.736830372461849,4.990115530806853,53.4369522992766,,73.89558037026941,0.2878860686905682
11658,62.9994813328946,-1.734545991545634,4.990628479714589,53.4369522992766,,73.90090632503475,0.2879041712731123
11659,62.98090514596872,-1.728336838902655,4.991133567658817,53.4369522992766,,73.9060981265338,0.2879223029594868
11660,62.97357750920576,-1.728678090896685,4.991631774091498,53.4369522992766,,73.91118128618365,0.2879404055420309
11661,62.97465527791736,-1.733335128170793,4.992127922815161,53.4369522992766,,73.91623803909087,0.2879584208130836
11662,63.00531286891811,-1.737572296888993,4.992625775079349,53.4369522992766,,73.92132264740823,0.287976348772645
11663,62.99705290255714,-1.729649440417,4.993128924202103,53.4369522992766,,73.92648473514389,0.287994189420715
11664,63.00623601192763,-1.732294290385956,4.993636566588314,53.4369522992766,,73.93170620685645,0.2880120009649545
11665,63.00617547066235,-1.732603712456927,4.994144095455145,53.4369522992766,,73.93693479098518,0.2880297834053636
11666,63.01263981778899,-1.735370834532691,4.994652405524876,53.4369522992766,,73.94219618645995,0.2880475367419422
11667,62.99636694836765,-1.731109679537569,4.995161360084964,53.4369522992766,,73.94748064435453,0.2880652900785208
11668,62.97514339766515,-1.729981085987633,4.995665616472432,53.4369522992766,,73.95268330147108,0.2880830434150994
11669,62.9653331952515,-1.731225822047009,4.99616469291712,53.4369522992766,,73.95778317171877,0.2881007676478475
11670,62.96077959960633,-1.733041299925008,4.996661519573888,53.4369522992766,,73.96283332313298,0.2881184336729348
11671,62.97332676776912,-1.731046447446209,4.997160629071097,53.4369522992766,,73.96791082459058,0.2881360414903611
11672,63.00646001131668,-1.732288182759525,4.99766369438964,53.4369522992766,,73.97304340066101,0.2881535911001265
11673,62.98839333014,-1.732412643867175,4.998171868839547,53.4369522992766,,73.97825254130726,0.288171082502231
11674,62.98891862707292,-1.736346273640722,4.998681278186144,53.4369522992766,,73.98348786831559,0.2881884865928441
11675,62.9901080208354,-1.731133344756254,4.999186614500491,53.4369522992766,,73.9886905337519,0.2882058615796268
11676,62.9861032494003,-1.727635368813204,4.999691007549142,53.4369522992766,,73.99390710520223,0.288223207462579
11677,62.97254536321432,-1.728829327063974,5.000193026106374,53.4369522992766,,73.99908608828916,0.2882405824493617
11678,62.96982760963647,-1.732632783703796,5.000689746963767,53.4369522992766,,74.00416357205116,0.2882579574361444
11679,62.9712348785952,-1.730151550644949,5.001184442822347,53.4369522992766,,74.00918112764025,0.288275332422927
11680,62.99044694964274,-1.729207202436261,5.001683677991414,53.4369522992766,,74.01423768421698,0.2882926200982183
11681,63.00184911681477,-1.734348234446273,5.0021886354179,53.4369522992766,,74.01936759362671,0.2883098204620183
11682,63.01680619488238,-1.74060402287699,5.002696407513723,53.4369522992766,,74.02454959618947,0.2883269626181573
11683,63.01818639583976,-1.734488964340483,5.003204359385405,53.4369522992766,,74.02975866039633,0.2883440465666354
11684,63.03406896022003,-1.7289145732703,5.003713045261797,53.4369522992766,,74.03500633054534,0.288361101411283
11685,63.02445354128189,-1.732106881663541,5.004223838592637,53.4369522992766,,74.04030918892182,0.2883781271521002
11686,62.99476257552867,-1.738445354885484,5.004732292518113,53.4369522992766,,74.04557296415723,0.2883951819967479
11687,62.98011405785913,-1.731726200294859,5.00523531758939,53.4369522992766,,74.05073115960545,0.288412265945226
11688,62.97171813554804,-1.725153162288265,5.005734954672285,53.4369522992766,,74.05581163020588,0.2884293207898736
11689,62.96782212069785,-1.729250561171687,5.00623606001097,53.4369522992766,,74.06089268402947,0.2884463465306908
11690,62.98238888174545,-1.738532490484114,5.006738130924099,53.4369522992766,,74.06598425233305,0.2884632849600166
11691,63.00489444875974,-1.734555259481275,5.007239580112604,53.4369522992766,,74.07107706568159,0.2884801651816815
11692,63.04603482020879,-1.735363540157878,5.007741300238111,53.4369522992766,,74.0761849961896,0.2884969871956855
11693,63.05076800293185,-1.736045134953415,5.00824648396814,53.4369522992766,,74.08135662257605,0.2885137510020286
11694,63.04192000042619,-1.741847892788939,5.008758981579893,53.4369522992766,,74.08666392625116,0.2885304566007107
11695,63.02932743073492,-1.731349931908058,5.009273391842088,53.4369522992766,,74.09201598955322,0.2885471330955625
11696,62.99669851557022,-1.728020267706055,5.009784102760689,53.4369522992766,,74.09729520122391,0.2885638386942446
11697,62.97774839337366,-1.734444681427727,5.010289167684773,53.4369522992766,,74.10245426799234,0.2885805733967572
11698,62.96843120277957,-1.736785848616862,5.010788016174692,53.4369522992766,,74.10750341632509,0.2885972789954394
11699,62.96399158160108,-1.729101993364245,5.011285506655541,53.4369522992766,,74.11252992558063,0.2886139263864607
11700,62.98531595927821,-1.72973103723285,5.011785401414217,53.4369522992766,,74.11759237887425,0.288630515569821
11701,62.99505798715589,-1.735465023540636,5.012288298898513,53.4369522992766,,74.1227035870938,0.2886469883378595
11702,62.99709906711496,-1.738905398334968,5.012792790868719,53.4369522992766,,74.12785209192666,0.2886634028982371
11703,63.0064466015221,-1.7319832688712,5.013295473719435,53.4369522992766,,74.13298045636793,0.2886797592509538
11704,63.00057342494296,-1.732305759884228,5.013798201150173,53.4369522992766,,74.13811611490125,0.28869608649984
11705,62.98880524185279,-1.733276296198983,5.014304391080584,53.4369522992766,,74.14331160498702,0.2887124137487262
11706,62.96809367125773,-1.732986235070692,5.014808973445822,53.4369522992766,,74.14848003025197,0.2887287409976125
11707,62.95561043859667,-1.732835566360961,5.015310373579762,53.4369522992766,,74.15358244336326,0.2887450682464987
11708,62.94931571148973,-1.726109343049086,5.015809143734783,53.4369522992766,,74.15863116500614,0.2887647424358875
11709,62.96983790280586,-1.733009944848199,5.016307707531604,53.4369522992766,,74.16367205057011,0.2887862210627645
11710,62.95391238176843,-1.736009016054363,5.016808620682065,53.4369522992766,,74.16875253296787,0.2888075832743198
11711,62.96256818411508,-1.731318317659179,5.01730929952028,53.4369522992766,,74.17383063879977,0.2888289163820446
11712,62.98779685034567,-1.728796541908169,5.017808116849775,53.4369522992766,,74.1788916832987,0.288850162178278
11713,62.98076472487817,-1.733379514882623,5.018309005779616,53.4369522992766,,74.18399318387127,0.2888713788706809
11714,62.96945225672349,-1.736081824978226,5.018814338414051,53.4369522992766,,74.1891712506901,0.2888926246669143
11715,62.95395997988149,-1.727147598130507,5.01931774112524,53.4369522992766,,74.1943225074545,0.2889138413593173
11716,62.93816551517338,-1.725195968405209,5.019816545819142,53.4369522992766,,74.19939103727589,0.2889350580517203
11717,62.92960800757585,-1.731748661805644,5.020312390143157,53.4369522992766,,74.20439792519544,0.2889562456402928
11718,62.93862867404535,-1.737547558783845,5.020808190131927,53.4369522992766,,74.20939545946834,0.2889773750212044
11719,62.96997168689727,-1.735743399251647,5.02130629459244,53.4369522992766,,74.21442327018848,0.2889984170906246
11720,62.97100999771793,-1.727047175954014,5.021809150366418,53.4369522992766,,74.21952006266949,0.2890194009523839
11721,62.97282248472603,-1.736512787050432,5.022315051999716,53.4369522992766,,74.22465842175559,0.2890403266064823
11722,62.97956639520675,-1.735903018584543,5.022820768702317,53.4369522992766,,74.22980067354867,0.2890611940529197
11723,62.98119872223413,-1.729597758933795,5.023326454503828,53.4369522992766,,74.23497021715842,0.2890820614993572
11724,62.95952604433955,-1.726150922717403,5.023829139568066,53.4369522992766,,74.24010930935495,0.2891029289457947
11725,62.94410516023132,-1.73186081258518,5.024327587991497,53.4369522992766,,74.24517162202135,0.2891238254960626
11726,62.93576213446757,-1.730421792674721,5.02482345054304,53.4369522992766,,74.25017081359476,0.2891446638386697
11727,62.93040875990684,-1.720869861522071,5.02532073622087,53.4369522992766,,74.2551736738963,0.2891654439736158
11728,62.94945203378776,-1.727876193446114,5.02582070984134,53.4369522992766,,74.26020809391167,0.289186165900901
11729,62.95448826450539,-1.733283792673745,5.026322431841853,53.4369522992766,,74.26527702592851,0.2892068005166948
11730,62.94935282766046,-1.73152921530961,5.026824741078816,53.4369522992766,,74.27036654377314,0.2892273769248277
11731,62.95797579489606,-1.727812715821025,5.027324125933024,53.4369522992766,,74.27542378850606,0.2892478951252997
11732,62.95692449577005,-1.727455202695619,5.027822659260162,53.4369522992766,,74.2804759681558,0.2892683842219412
11733,62.94544843409795,-1.72893712350182,5.028323152746794,53.4369522992766,,74.28555156094879,0.2892888733185828
11734,62.92476798472697,-1.725854363083258,5.028824904314472,53.4369522992766,,74.29063511921858,0.2893093624152243
11735,62.91998201875406,-1.724615884236812,5.029324093104939,53.4369522992766,,74.295676197266,0.2893297933042049
11736,62.93408304351679,-1.72798639164933,5.029819843393483,53.4369522992766,,74.30067235517721,0.2893501950893551
11737,62.965198914552,-1.732193172654637,5.03031724823694,53.4369522992766,,74.30569177440438,0.2893705386668444
11738,63.01009503845289,-1.733332897646909,5.030819409639022,53.4369522992766,,74.31077894350778,0.2893907949328423
11739,62.98293099901531,-1.726182210778077,5.031327512799963,53.4369522992766,,74.31596270906884,0.2894109638873488
11740,62.95600283360289,-1.728540492959599,5.031835950126998,53.4369522992766,,74.32115925215223,0.2894311037380248
11741,62.95425970825244,-1.726421913910682,5.03233856424821,53.4369522992766,,74.32627300412508,0.2894512144848704
11742,62.95639689618157,-1.730320669810935,5.032838270111128,53.4369522992766,,74.33133751847342,0.2894713543355465
11743,62.94748781714921,-1.72910885387642,5.033339424418995,53.4369522992766,,74.33640008728116,0.2894914650823921
11744,62.93709410178134,-1.726288660182197,5.033840919795432,53.4369522992766,,74.3414402009364,0.2895115467254072
11745,62.94318095221259,-1.723288805294887,5.034340339618132,53.4369522992766,,74.34644481754077,0.2895315701607615
11746,62.97448161627538,-1.728050287462389,5.034837307965454,53.4369522992766,,74.35142740724021,0.2895515353884548
11747,62.9816882208447,-1.728002791906604,5.035335706648943,53.4369522992766,,74.35645338654511,0.2895714424084872
11748,62.99619332128351,-1.725962444218426,5.035836569498284,53.4369522992766,,74.36153362374974,0.2895912621170282
11749,63.00209357197398,-1.728334173772813,5.036339222352717,53.4369522992766,,74.36665059739576,0.2896110527217388
11750,63.00454012922262,-1.733431521102341,5.03684202540995,53.4369522992766,,74.37176088062303,0.2896308142226189
11751,62.99532545786344,-1.728346512241969,5.037345801285646,53.4369522992766,,74.37686795593966,0.2896505466196686
11752,62.9711252344693,-1.720876124113276,5.037851807457212,53.4369522992766,,74.38198914431969,0.2896702790167183
11753,62.95972865826779,-1.725408821874081,5.038352976538691,53.4369522992766,,74.38702850910698,0.2896899823099375
11754,62.95048379502693,-1.730898380521666,5.038848222189635,53.4369522992766,,74.3919835556716,0.2897096564993262
11755,62.9706920625684,-1.72921973852401,5.039340395957907,53.4369522992766,,74.39690364415281,0.2897292724810541
11756,62.96987261906883,-1.720891007756777,5.039833923113613,53.4369522992766,,74.40185302439419,0.289748830255121
11757,62.96377927969266,-1.724286892629278,5.040330424233786,53.4369522992766,,74.40685093013936,0.2897683007176965
11758,62.95104242316206,-1.727589634337952,5.040826696737113,53.4369522992766,,74.41185045421331,0.2897877711802721
11759,62.94297595178575,-1.724075515869666,5.041320204633561,53.4369522992766,,74.41680945022311,0.2898072125390172
11760,62.93619647697852,-1.719072348290899,5.041810353305173,53.4369522992766,,74.42171334196334,0.2898266247939318
11761,62.94767062209204,-1.722263275520644,5.042298412950405,53.4369522992766,,74.42658113320316,0.2898460370488465
11762,62.98021023725843,-1.734730708804296,5.042788929401741,53.4369522992766,,74.43147937050954,0.2898653619922698
11763,62.98587819100257,-1.724435929619137,5.043287009969818,53.4369522992766,,74.4364790640243,0.2898846578318626
11764,62.98249285847187,-1.721218344628361,5.043791482302459,53.4369522992766,,74.44155690756314,0.289903866359964
11765,62.98725152381903,-1.727552832229041,5.044297689950288,53.4369522992766,,74.44665168493316,0.289923045784235
11766,62.9659286464219,-1.72590639050613,5.044803006662302,53.4369522992766,,74.45174992915092,0.2899421961046755
11767,62.95754002714772,-1.725644376362939,5.045304518819403,53.4369522992766,,74.45681271305737,0.2899613173212856
11768,62.95473997027105,-1.724721552074641,5.045800182797926,53.4369522992766,,74.46180370975776,0.2899804094340652
11769,62.95491718752672,-1.723593181496521,5.046292302994752,53.4369522992766,,74.46673775719155,0.2899995015468448
11770,62.95994424492821,-1.725385680865428,5.046783898846241,53.4369522992766,,74.4716494746491,0.2900185354519635
11771,62.97385042419301,-1.724131395532882,5.047276679433216,53.4369522992766,,74.47656407795775,0.2900375693570822
11772,62.97863581924062,-1.720345891789243,5.047772386592376,53.4369522992766,,74.48152619585738,0.2900565159507096
11773,62.97604849615835,-1.725533104971438,5.048269761437473,53.4369522992766,,74.48652089024277,0.290075404336676
11774,62.98056466103439,-1.732554893068641,5.048766885253609,53.4369522992766,,74.4915131574085,0.290094263618812
11775,62.97443244175361,-1.726251949799002,5.04926351688383,53.4369522992766,,74.49649467847146,0.290113064693287
11776,62.97217110754092,-1.719336631190225,5.049761943495296,53.4369522992766,,74.50149398134675,0.2901318075601012
11777,62.9613169880399,-1.724925130363414,5.050262980071973,53.4369522992766,,74.50652162935079,0.2901505504269153
11778,62.94766603602021,-1.730703859873063,5.05076203393184,53.4369522992766,,74.51151414504093,0.2901692350860685
11779,62.93551333369487,-1.724532061125147,5.051255799355978,53.4369522992766,,74.51643249989297,0.2901878906413913
11780,62.94046611855822,-1.724627597598359,5.051744976253856,53.4369522992766,,74.52129051512988,0.290206546196714
11781,62.9724357061915,-1.731547355918566,5.05223376028124,53.4369522992766,,74.526155974528,0.2902251435443759
11782,63.0034956951781,-1.736715054279124,5.052725968601126,53.4369522992766,,74.53108755942682,0.2902436826843768
11783,63.02714950377731,-1.732778419596034,5.053224883161213,53.4369522992766,,74.5361222989967,0.2902621636167169
11784,63.03570678916435,-1.73076319276116,5.053730426501818,53.4369522992766,,74.5412482709172,0.290280586341396
11785,63.00790859576239,-1.732197558026899,5.054242860346893,53.4369522992766,,74.5464723171096,0.2902989799622446
11786,62.98556485660995,-1.739193461978255,5.054753729098058,53.4369522992766,,74.55165919822028,0.2903173444792628
11787,62.95810690297519,-1.729947069533571,5.055254743033341,53.4369522992766,,74.55669152614942,0.290335708996281
11788,62.94686332014988,-1.726540196991873,5.055745317038826,53.4369522992766,,74.56157106514509,0.2903540735132992
11789,62.95910518104364,-1.734652244380839,5.056231840809289,53.4369522992766,,74.56639232331703,0.290372408926487
11790,62.99191236390918,-1.737950597664065,5.056721316289258,53.4369522992766,,74.5712471188714,0.2903906861320138
11791,62.98424303994612,-1.732096658423233,5.057217587828433,53.4369522992766,,74.57619345790198,0.2904088760260493
11792,62.9805713575749,-1.733509335792118,5.057718721418314,53.4369522992766,,74.58120319606613,0.2904270077124238
11793,62.98132471591379,-1.736750940509693,5.05821866438859,53.4369522992766,,74.58620598824449,0.2904451102949679
11794,62.99639128098908,-1.738315552050784,5.058716094913744,53.4369522992766,,74.59119490468473,0.2904631546698511
11795,62.96971205010643,-1.731637615110705,5.059213828193188,53.4369522992766,,74.59621131959516,0.2904811990447342
11796,62.96589093047033,-1.73210137892665,5.059711060099291,53.4369522992766,,74.60121064334022,0.290499214315787
11797,62.96102191280012,-1.73228878400625,5.060206258789121,53.4369522992766,,74.60615478159237,0.2905172004830092
11798,62.9617273216519,-1.738552915465479,5.060701436162589,53.4369522992766,,74.61107086909239,0.2905351866502315
11799,62.95227989084911,-1.733867460798746,5.061197376213771,53.4369522992766,,74.61598400660296,0.2905531146097928
11800,62.95699600476692,-1.730871744843099,5.061692250857994,53.4369522992766,,74.62088977055399,0.2905709843616933
11801,62.95855248960692,-1.733495772702909,5.062185880685477,53.4369522992766,,74.62580659650098,0.2905887959059328
11802,62.95475357040107,-1.73800638108326,5.062678822834923,53.4369522992766,,74.63073398169493,0.2906065783463418
11803,62.95153207374184,-1.731137592200756,5.063172090937505,53.4369522992766,,74.63566548715788,0.29062430257909
11804,62.94951545968927,-1.728070778935837,5.063665863293901,53.4369522992766,,74.64059034292075,0.2906419977080077
11805,62.9614713789742,-1.73594015764194,5.064161011893816,53.4369522992766,,74.64552527303174,0.2906596928369254
11806,62.94669165159537,-1.738870995188335,5.064656829081091,53.4369522992766,,74.65046579406632,0.2906773588620126
11807,62.94265825807842,-1.73031554687731,5.065149043295478,53.4369522992766,,74.65535691494864,0.2906949957832694
11808,62.9571417199132,-1.728626697861814,5.0656372213803,53.4369522992766,,74.66019728980663,0.2907126036006957
11809,62.98685379530458,-1.737181881870056,5.066126446217277,53.4369522992766,,74.66505701789437,0.2907301532104611
11810,62.97434167863204,-1.743927244833056,5.066621692173041,53.4369522992766,,74.67000347998817,0.2907476446125656
11811,62.98195396164579,-1.735426521350052,5.067120701564926,53.4369522992766,,74.67499508594797,0.2907651069108397
11812,62.98657161774185,-1.73274153506345,5.067619906243053,53.4369522992766,,74.67998401242382,0.2907825110014528
11813,62.96865351015342,-1.73955566269501,5.068119135133196,53.4369522992766,,74.68497705540001,0.290799856884405
11814,62.95270006452875,-1.737694257112794,5.068617674681303,53.4369522992766,,74.68998006200582,0.2908172027673572
11815,62.94045698055638,-1.731035190974684,5.069109457133588,53.4369522992766,,74.69490015072593,0.2908345486503094
11816,62.965261484515,-1.73676729088017,5.069595205327452,53.4369522992766,,74.69972697006943,0.2908518363256007
11817,62.949601367044,-1.73831404440653,5.070080609362799,53.4369522992766,,74.70454110248504,0.2908690948970616
11818,62.95721022635534,-1.741322370423788,5.070569767732502,53.4369522992766,,74.70938805465184,0.2908862952608615
11819,62.97911181744061,-1.738462069699586,5.071061695466607,53.4369522992766,,74.71426408601853,0.2909034374170005
11820,62.9704832031724,-1.734745384471715,5.071558692255144,53.4369522992766,,74.71921888756972,0.2909205213654786
11821,62.974125581129,-1.73933980201138,5.072057432506128,53.4369522992766,,74.72419849523048,0.2909375180024654
11822,62.95375067376494,-1.738758822201242,5.072552187127373,53.4369522992766,,74.72913765938964,0.2909544855356216
11823,62.93533045264847,-1.734595917500456,5.073040914026242,53.4369522992766,,74.7339988782546,0.2909714821726084
11824,62.93851157903264,-1.736348076811516,5.073525865154779,53.4369522992766,,74.73879312779914,0.2909884788095951
11825,62.96674074281587,-1.739724136713631,5.074010832618114,53.4369522992766,,74.7435744538225,0.2910054754465818
11826,62.9528687845215,-1.735859948458401,5.07450014547577,53.4369522992766,,74.74841391210013,0.2910223847720772
11827,62.94061616225126,-1.731762318872391,5.074992776141968,53.4369522992766,,74.7532943732597,0.2910392358899117
11828,62.92471736272338,-1.732449318495183,5.075485450266623,53.4369522992766,,74.75816977079721,0.2910559996962547
11829,62.92886310563726,-1.738857827665185,5.075977757576906,53.4369522992766,,74.76303399643015,0.2910727343987674
11830,62.93650041187295,-1.742733855216084,5.076469735208299,53.4369522992766,,74.76789866147826,0.2910894108936191
11831,62.9510468002059,-1.732153407265114,5.076960539291731,53.4369522992766,,74.77276217680382,0.2911060582846403
11832,62.94193142774668,-1.729052417895879,5.077451630806308,53.4369522992766,,74.77764447132046,0.2911226765718311
11833,62.93585480319179,-1.73483258739292,5.077942644994327,53.4369522992766,,74.78252847839131,0.291139236651361
11834,62.95994927672409,-1.739508703071001,5.078431849904405,53.4369522992766,,74.78737914123136,0.2911558258347213
11835,62.96329768505375,-1.731797075362345,5.078921369545045,53.4369522992766,,74.7922309364398,0.2911723568104208
11836,62.96173384236732,-1.732810947788696,5.079414103449987,53.4369522992766,,74.79711797198398,0.2911888586822897
11837,62.95241341758742,-1.733572550869477,5.079908700793025,53.4369522992766,,74.80201928272056,0.2912053605541587
11838,62.96299314226879,-1.738292528419737,5.080403262719516,53.4369522992766,,74.80691246061099,0.2912218042183667
11839,62.97225206278856,-1.731363384318442,5.080897066798789,53.4369522992766,,74.81180617339047,0.2912381896749139
11840,62.96899146708432,-1.729611962097614,5.081390733218504,53.4369522992766,,74.8167115082292,0.2912544878199697
11841,62.97406843117575,-1.735666372809075,5.081883210605455,53.4369522992766,,74.8216090167046,0.2912707859650254
11842,62.96333510379505,-1.739643134613621,5.082374207151717,53.4369522992766,,74.82648738860118,0.2912870259024203
11843,62.94823944446999,-1.725389736537959,5.082863688196757,53.4369522992766,,74.831342080272,0.2913032658398151
11844,62.94354128428176,-1.725979158763904,5.083351032846259,53.4369522992766,,74.83615503523805,0.29131950577721
11845,62.96672862557802,-1.73853095581536,5.08383853450878,53.4369522992766,,74.8409606850072,0.2913357166107744
11846,62.95968438711196,-1.733158354760259,5.084328121783424,53.4369522992766,,74.8457922720349,0.2913518983405083
11847,62.95556515743056,-1.729398100978599,5.084818415858331,53.4369522992766,,74.85062999459053,0.2913679927587509
11848,62.96675322642817,-1.732022525477985,5.085308739302506,53.4369522992766,,74.85547145656167,0.291384058073163
11849,62.98545499204769,-1.73737083636944,5.085799962262135,53.4369522992766,,74.86032789777371,0.2914000651799142
11850,63.00660098934396,-1.736203224816355,5.086293166521292,53.4369522992766,,74.8652203075932,0.2914160140790045
11851,62.98849341548065,-1.730913982211886,5.086789982593086,53.4369522992766,,74.87017664552049,0.2914319338742644
11852,62.96483896480079,-1.730325051512573,5.087289691598297,53.4369522992766,,74.87516425763326,0.2914477954618633
11853,62.95441807152297,-1.731925993958679,5.087786877212733,53.4369522992766,,74.8800949749959,0.2914636861532927
11854,62.96526063598667,-1.73541797325838,5.088278640759137,53.4369522992766,,74.8849456211174,0.2914795477408916
11855,62.9794332196572,-1.734496011651053,5.088764859399132,53.4369522992766,,74.88972992425346,0.29149538022466
11856,63.02237027769094,-1.735929911501593,5.089250355443841,53.4369522992766,,74.89451212520407,0.2915111545007676
11857,63.00576506735074,-1.728841815528868,5.089741151367426,53.4369522992766,,74.89938119500894,0.2915268705692142
11858,62.98455819159823,-1.734902748472879,5.090238235029641,53.4369522992766,,74.90433389477342,0.2915425284299999
11859,62.99106459027615,-1.73696120001502,5.09073563818554,53.4369522992766,,74.90928254741416,0.2915581571869552
11860,63.00209651430484,-1.732385546130423,5.091231656832905,53.4369522992766,,74.9142095219468,0.29157375684008
11861,62.98645733194224,-1.732983693419352,5.091727428379224,53.4369522992766,,74.91913213258118,0.2915893564932048
11862,62.9734667160994,-1.736431944345939,5.092220052919471,53.4369522992766,,74.92400173073189,0.2916048979386687
11863,62.9725147297018,-1.729339257199574,5.092708554193933,53.4369522992766,,74.92880958956529,0.2916203811764717
11864,62.97732600930345,-1.730289274266258,5.093194416215979,53.4369522992766,,74.93358952065648,0.2916358353104442
11865,62.97520513934341,-1.733377515788453,5.093679269280846,53.4369522992766,,74.93835785290788,0.2916512603405863
11866,62.97111466499793,-1.732808317396053,5.094166018462646,53.4369522992766,,74.94314535225875,0.2916666271630675
11867,62.96055294382581,-1.730024295143468,5.094655214168755,53.4369522992766,,74.94795464633854,0.2916819648817182
11868,62.95745213007138,-1.727277948263698,5.095145209922427,53.4369522992766,,74.95276545901453,0.2916972734965384
11869,62.94725141292287,-1.728789193427454,5.095634179825806,53.4369522992766,,74.95756028467227,0.29171249479986733
11870,62.96499024765048,-1.737122689098961,5.096121656819435,53.4369522992766,,74.96234208206737,0.2917277161031961
11871,62.95526971428886,-1.728300694517752,5.096609196150257,53.4369522992766,,74.96713790121109,0.2917428500950336
11872,62.94582339063433,-1.72566751095103,5.097098333115214,53.4369522992766,,74.97195864351204,0.2917579549830407
11873,62.93925696339521,-1.729853854251281,5.097587794497795,53.4369522992766,,74.97678304802444,0.2917730016633868
11874,62.9530836991532,-1.737591570820339,5.098077010353093,53.4369522992766,,74.98160081022512,0.2917880192399025
11875,62.96654344640479,-1.727917940267678,5.098566226618689,53.4369522992766,,74.98642310784928,0.2918030368164182
11876,62.97879851965294,-1.726511838069035,5.099055046583113,53.4369522992766,,74.99124483565612,0.2918179961852729
11877,62.97753146213885,-1.730320369677474,5.099544133620073,53.4369522992766,,74.99606506676375,0.2918329555541277
11878,62.96869938403269,-1.735012177125203,5.100034326119983,53.4369522992766,,75.00089250068064,0.291847885819152
11879,62.96038835835481,-1.729104281059164,5.100523894881622,53.4369522992766,,75.00571174305934,0.2918628160841763
11880,62.96421791983211,-1.725801406206186,5.10101266096601,53.4369522992766,,75.01052437330624,0.2918776881415397
11881,62.96084208306905,-1.728697984793821,5.101501752200795,53.4369522992766,,75.01534077787613,0.2918925019912422
11882,62.94974200645252,-1.733710149157675,5.101991755579947,53.4369522992766,,75.02016670400559,0.2919072867371142
11883,62.95713418609476,-1.727614230990128,5.102479301106892,53.4369522992766,,75.02494951705984,0.2919220423791558
11884,62.95096790860006,-1.727951510145982,5.102965325717463,53.4369522992766,,75.02970881873513,0.2919367107097059
11885,62.95972705864699,-1.736157869398749,5.103453198055289,53.4369522992766,,75.03449269733014,0.2919513499364257
11886,62.9590539614444,-1.73325282381541,5.103941870825528,53.4369522992766,,75.03929579320558,0.2919659891631454
11887,62.960496931777,-1.727978329368098,5.104428705770633,53.4369522992766,,75.04407913351504,0.2919805701822042
11888,62.95725047495804,-1.727432175653318,5.104913675461765,53.4369522992766,,75.04883893233126,0.2919951803050935
11889,62.95661380730175,-1.732554136159278,5.105398787122399,53.4369522992766,,75.05359582772189,0.2920097322203219
11890,62.96914750200742,-1.733119019233283,5.105885808439714,53.4369522992766,,75.05837108534506,0.2920242550317198
11891,62.95847978922869,-1.730462597399105,5.106376444817831,53.4369522992766,,75.0631911129671,0.2920386905316263
11892,62.94425579027315,-1.726866678042981,5.106870236870511,53.4369522992766,,75.06805103388135,0.2920530969277024
11893,62.94316945683104,-1.728722101338321,5.107361532082204,53.4369522992766,,75.07288120770275,0.2920674451161176
11894,62.93698134872808,-1.73205940096041,5.107848467306882,53.4369522992766,,75.07766554209559,0.2920817350968719
11895,62.93233298641279,-1.728413428770253,5.108333606067759,53.4369522992766,,75.08243725273618,0.2920960250776261
11896,62.94324129552678,-1.724319816151476,5.108817247752385,53.4369522992766,,75.08718655509354,0.2921102859545499
11897,62.95965599470042,-1.729809999850664,5.109300671356516,53.4369522992766,,75.09192363445764,0.2921245468314737
11898,62.96133296692042,-1.737362211618851,5.109785101213332,53.4369522992766,,75.09666616337178,0.2921387786045671
11899,62.96688702102638,-1.729660089337419,5.110271752647625,53.4369522992766,,75.10143072354468,0.2921529521699995
11900,62.95487632009958,-1.723281099222839,5.110762617651676,53.4369522992766,,75.10624477196906,0.2921670966316015
11901,62.95887354258156,-1.731958454528141,5.111256171978739,53.4369522992766,,75.11109092616138,0.2921811537817121
11902,62.95059288182129,-1.733767818309676,5.111748616668113,53.4369522992766,,75.11592716161536,0.2921951818279922
11903,62.96243919555692,-1.727408178388155,5.112239038835927,53.4369522992766,,75.12074824129918,0.2922091516666114
11904,62.95081173883376,-1.723905915666509,5.112724417929568,53.4369522992766,,75.12551016748914,0.2922230341937393
11905,62.94045304897796,-1.728396804322278,5.113207906061233,53.4369522992766,,75.13024714243099,0.2922369167208672
11906,62.93454734104861,-1.732494215187973,5.113691523959979,53.4369522992766,,75.134978537395,0.292250799247995
11907,62.95844816154477,-1.729462679539726,5.114177159911938,53.4369522992766,,75.13972862615563,0.2922646526712924
11908,62.95631622457445,-1.724060154920457,5.114666041983836,53.4369522992766,,75.14451787492614,0.29227847699075943
11909,62.95752969021508,-1.731220039990534,5.115157121425865,53.4369522992766,,75.149323921696,0.292292213998735
11910,62.94814783080156,-1.733230140012982,5.115648157441645,53.4369522992766,,75.15412863850605,0.29230592190288013
11911,62.9536422874478,-1.72922802085234,5.116138812073193,53.4369522992766,,75.1589405235771,0.2923195715993643
11912,62.95139194047453,-1.725164960086654,5.116628034862591,53.4369522992766,,75.16375463560864,0.2923331630881876
11913,62.94089232362023,-1.73237423132119,5.117116452307936,53.4369522992766,,75.16857232846667,0.2923467254731804
11914,62.93068230349348,-1.727931313365055,5.117604716074966,53.4369522992766,,75.17338084901792,0.2923602587543428
11915,62.91954318184371,-1.724041639544688,5.118092253046481,53.4369522992766,,75.17815933582816,0.2923737920355052
11916,62.92069811453376,-1.72649592377814,5.118576584456379,53.4369522992766,,75.18287646603589,0.2923872962128371
11917,62.94354298088652,-1.730817477968597,5.1190583346447,53.4369522992766,,75.18755115575597,0.292400800390169
11918,62.93091419103528,-1.729576538901858,5.119542649673321,53.4369522992766,,75.19226560774784,0.2924142172560096
11919,62.9183882054032,-1.726669446240863,5.12003258755134,53.4369522992766,,75.1970626445009,0.2924276050180197
11920,62.94207762230822,-1.7255792884095,5.120523432998372,53.4369522992766,,75.20186990667447,0.2924409345723689
11921,62.94670847328257,-1.728657207329937,5.12101424681741,53.4369522992766,,75.20668181719994,0.2924542059190571
11922,62.93906825759352,-1.730867531220114,5.121503605143012,53.4369522992766,,75.21147338402918,0.292467389954254
11923,62.91108510120772,-1.725433216882814,5.121990327728376,53.4369522992766,,75.21623495587043,0.2924805448856205
11924,62.89449236715325,-1.72340794306412,5.122473656407271,53.4369522992766,,75.2209570180784,0.2924936998169869
11925,62.91152240855877,-1.729976592052977,5.122953070528308,53.4369522992766,,75.22562612253125,0.2925067965406924
11926,62.93256985790057,-1.731626092869454,5.123432228991823,53.4369522992766,,75.23029083926961,0.292519893264398
11927,62.95508014631774,-1.728293222227084,5.123914442325397,53.4369522992766,,75.23498112396537,0.2925329026766121
11928,62.96505644274984,-1.724597459778487,5.124401618306269,53.4369522992766,,75.23972366242724,0.2925458829849958
11929,62.97432895097184,-1.730595163440059,5.124893917770756,53.4369522992766,,75.24453392565047,0.2925588050857186
11930,62.93908899277187,-1.732972909238406,5.12539107173605,53.4369522992766,,75.24943457092014,0.292571698082611
11931,62.92931322851082,-1.726984346369569,5.125887002153632,53.4369522992766,,75.25432653820947,0.2925845328718424
11932,62.92032819067036,-1.721422494575837,5.12637703271682,53.4369522992766,,75.25912993326436,0.2925973385572433
11933,62.92759943753606,-1.727105386191679,5.126861614416192,53.4369522992766,,75.26384903200494,0.292616430670023
11934,62.93640484903992,-1.726740298872856,5.12734120134504,53.4369522992766,,75.26849710954747,0.2926367160398513
11935,62.94491708460831,-1.72367921491975,5.127818959547254,53.4369522992766,,75.27312913217554,0.2926569723058492
11936,62.93366057027499,-1.721573406208303,5.128297557553118,53.4369522992766,,75.2777740836966,0.2926771994680166
11937,62.9260232092129,-1.722847365060593,5.128778286016001,53.4369522992766,,75.28243965192341,0.2926973684225231
11938,62.92170715316906,-1.727356025009543,5.129259776099431,53.4369522992766,,75.28710562639456,0.2927175082731992
11939,62.94151857723899,-1.725310972504376,5.129743673990427,53.4369522992766,,75.29179803383944,0.2927376190200448
11940,62.94937913842392,-1.720135185965814,5.130231474958652,53.4369522992766,,75.29653792761025,0.292757642455399
11941,62.96920381710684,-1.729456193983511,5.130722856242662,53.4369522992766,,75.30132355893612,0.2927775785792619
11942,62.96926849186796,-1.732882169230873,5.131213515332478,53.4369522992766,,75.3061175980537,0.2927974855992943
11943,62.9716375399784,-1.723826435074884,5.131703495487994,53.4369522992766,,75.3109354133659,0.2928173635154963
11944,62.9576278083621,-1.719940066196523,5.13219300026297,53.4369522992766,,75.31577431288994,0.2928372123278677
11945,62.94321144831583,-1.723153188233164,5.132678981469698,53.4369522992766,,75.32055097097808,0.2928570611402392
11946,62.93615969986684,-1.7268433575082,5.133161393295794,53.4369522992766,,75.32524645610074,0.2928768808487803
11947,62.95775569276899,-1.727500030869359,5.133642536612035,53.4369522992766,,75.32990099846329,0.2928966714534909
11948,62.97656771995939,-1.724488415503653,5.134124673243043,53.4369522992766,,75.33456706070316,0.2929164038505405
11949,63.01813365357151,-1.729177525378724,5.134609524095083,53.4369522992766,,75.33928083112914,0.2929360198322684
11950,63.02047203505371,-1.733457831638209,5.135097811584453,53.4369522992766,,75.34406211151503,0.2929556067101657
11951,63.00619101622434,-1.724554718207551,5.135591446792507,53.4369522992766,,75.34894053785489,0.2929751062765718
11952,62.97939478418608,-1.723441249438103,5.13608608633074,53.4369522992766,,75.3538349994136,0.2929945767391473
11953,62.95007927697321,-1.727341385805423,5.136576167557481,53.4369522992766,,75.3586383707508,0.2930140763055533
11954,62.93554678347687,-1.728392818968964,5.137059463822081,53.4369522992766,,75.36331464292158,0.2930335467681289
11955,62.93435737252319,-1.724918248000278,5.137537635379199,53.4369522992766,,75.36791285506011,0.293052988126874
11956,62.964475809825,-1.727338402883522,5.138014584316338,53.4369522992766,,75.3725028688387,0.2930723712779582
11957,62.97518295069605,-1.727064366602092,5.138494661763369,53.4369522992766,,75.3771478435048,0.2930916380137205
11958,62.98221298301264,-1.730385453096914,5.138980836046541,53.4369522992766,,75.38187830479299,0.293110846541822
11959,62.97149819878024,-1.727775425172718,5.139470913857885,53.4369522992766,,75.38666653338684,0.2931299968622625
11960,62.96375650347602,-1.727047594135323,5.139958772462242,53.4369522992766,,75.3914282666342,0.2931491180788726
11961,62.95978475719177,-1.725578984849156,5.140443285202257,53.4369522992766,,75.39616004782832,0.2931681810878217
11962,62.95275262696754,-1.73187843113323,5.140923085259341,53.4369522992766,,75.40082356522329,0.2931872732006013
11963,62.95008533578896,-1.72649237944496,5.141401407350376,53.4369522992766,,75.40544765369472,0.2932063362095505
11964,62.9605414740375,-1.724546878991339,5.141882321867789,53.4369522992766,,75.41008225813025,0.2932253410108387
11965,62.97533911672836,-1.729784972273788,5.14236839267309,53.4369522992766,,75.41477744300087,0.2932443167082965
11966,62.99848366434929,-1.740820355224785,5.142859277289675,53.4369522992766,,75.41953931159581,0.293263205094263
11967,62.99155321434085,-1.73453331413896,5.143352816314289,53.4369522992766,,75.4243537332844,0.2932820352725685
11968,63.0030718818102,-1.732774613396788,5.143843305900035,53.4369522992766,,75.42914970943538,0.2933008072432131
11969,62.99042700262531,-1.730916022732038,5.144329886607843,53.4369522992766,,75.43392526315773,0.2933195501100272
11970,62.98676169270553,-1.737964568696854,5.144815778576326,53.4369522992766,,75.43871031800457,0.2933382638730109
11971,62.9705912825634,-1.731497304368036,5.145299039971826,53.4369522992766,,75.4434409984812,0.2933569776359946
11972,62.95934970229955,-1.728636756355229,5.145780429275818,53.4369522992766,,75.4481068530569,0.2933756913989782
11973,62.95205925869953,-1.732607443316553,5.146261130436532,53.4369522992766,,75.4527313763281,0.2933943760581315
11974,62.9586678908704,-1.740024879579767,5.146742745806923,53.4369522992766,,75.45735634261858,0.2934130025096238
11975,62.9829963461325,-1.733741978634318,5.147225452454753,53.4369522992766,,75.46200729839394,0.2934315416496247
11976,62.99524807639921,-1.732338765770202,5.147710231811917,53.4369522992766,,75.46670862846776,0.2934500516857952
11977,63.03271931636559,-1.742044206489744,5.148196347423032,53.4369522992766,,75.47144173592895,0.2934684744104743
11978,63.03116106387005,-1.745384535336311,5.148685101734508,53.4369522992766,,75.47622542608377,0.293486868031323
11979,63.02147472623838,-1.735824742331014,5.149179336767916,53.4369522992766,,75.48109941122354,0.2935052325483412
11980,62.98092235691151,-1.734253709990943,5.149674214043211,53.4369522992766,,75.48597922962095,0.2935235388576984
11981,62.95356777427644,-1.735196958866585,5.150162969583603,53.4369522992766,,75.49075123885723,0.2935418742708862
11982,62.93985838176778,-1.734958106723309,5.150641528978968,53.4369522992766,,75.49536765102029,0.2935601805802435
11983,62.94736504681065,-1.735644008079907,5.15111371750679,53.4369522992766,,75.49989261528407,0.2935784577857703
11984,62.97973465597184,-1.740925906154508,5.151585716736996,53.4369522992766,,75.50441595849642,0.2935966767836362
11985,63.00016545123141,-1.740788030056428,5.152062030931171,53.4369522992766,,75.50900192307536,0.2936147793661803
11986,63.00522073885585,-1.741359920741353,5.152545975991788,53.4369522992766,,75.5136945814216,0.2936328237410635
11987,62.99673987938635,-1.741062273693685,5.153036391472235,53.4369522992766,,75.5184819687006,0.2936508390121162
11988,62.98136929349621,-1.734140881677142,5.15352834033671,53.4369522992766,,75.52329561657231,0.293668796075508
11989,62.96306875612263,-1.736865853120318,5.154016155633432,53.4369522992766,,75.52805271668667,0.2936867531388998
11990,62.94772833679987,-1.740227001227782,5.154498212658229,53.4369522992766,,75.5327215076989,0.2937047102022916
11991,62.94247741267242,-1.738158493228688,5.154975815499798,53.4369522992766,,75.53731444360484,0.293722638161853
11992,62.95974019286567,-1.73567259980875,5.155452072883747,53.4369522992766,,75.5418850856432,0.2937405370175838
11993,62.98440483356993,-1.737663377761782,5.155930289756283,53.4369522992766,,75.54649182317875,0.2937583194579929
11994,62.99622707751747,-1.741922263443634,5.15641345775733,53.4369522992766,,75.55117812922005,0.2937760145869106
11995,62.98750401604427,-1.737503681242119,5.156899282539401,53.4369522992766,,75.5559030373511,0.2937936515081674
11996,62.97816888014978,-1.735292679973582,5.157384809934508,53.4369522992766,,75.56062583302992,0.2938112302217633
11997,62.96959911628379,-1.735452201932765,5.15786851536313,53.4369522992766,,75.56533650451509,0.2938288089353591
11998,62.95556119755233,-1.740828996481191,5.158350686337421,53.4369522992766,,75.57003550594456,0.293846387648955
11999,62.96306263991929,-1.732883978397248,5.158830858652857,53.4369522992766,,75.57469790685916,0.2938639372587204
12000,62.95833617028067,-1.727844999971548,5.159309367375098,53.4369522992766,,75.57931510207463,0.2938814577646554
12001,62.94919349485536,-1.733205831825648,5.159788718183799,53.4369522992766,,75.58392343891207,0.2938989200629294
12002,62.95400964365555,-1.738050479543463,5.160269109085183,53.4369522992766,,75.58853664928459,0.2939162950497121
12003,62.97638306273024,-1.737485665084396,5.160751132492526,53.4369522992766,,75.59317571921257,0.2939335827250034
12004,62.95479727705099,-1.731195264632187,5.161236401886626,53.4369522992766,,75.59787119984536,0.2939508121926337
12005,62.96121429104424,-1.737143733322582,5.161721940300791,53.4369522992766,,75.60258199481073,0.2939680125564337
12006,62.95629155109741,-1.736472139066155,5.162204982427163,53.4369522992766,,75.60727215501957,0.2939851547125727
12007,62.96457404437864,-1.733394014680197,5.162686581782922,53.4369522992766,,75.61194686286804,0.2940022968687117
12008,62.95634287386638,-1.729695015242987,5.163167434164976,53.4369522992766,,75.61660985511915,0.2940193808171898
12009,62.94397169175886,-1.732997588383382,5.163645932515049,53.4369522992766,,75.62122931528832,0.2940364356618375
12010,62.9414420731585,-1.739546561934993,5.164120980292233,53.4369522992766,,75.62578770885956,0.2940534905064851
12011,62.95001794587049,-1.72993741071335,5.164595762593557,53.4369522992766,,75.63033438535982,0.2940704871434718
12012,62.95436913564171,-1.729697472389543,5.165073997635678,53.4369522992766,,75.63492955964252,0.2940874255727977
12013,62.95227122660139,-1.737181836249777,5.16555518206525,53.4369522992766,,75.63956943046259,0.2941043057944626
12014,62.95886044720989,-1.737988580378168,5.166036341660661,53.4369522992766,,75.64421241237982,0.2941211278084666
12015,62.98341217103305,-1.732557681526981,5.166516162285959,53.4369522992766,,75.64884535328048,0.2941379207186401
12016,62.9893668565626,-1.731534747267753,5.166998428733843,53.4369522992766,,75.65353979791581,0.2941546554211527
12017,62.9869794227001,-1.735335227723122,5.167482934688358,53.4369522992766,,75.65828548022048,0.2941713610198349
12018,62.96270354170829,-1.730805599051821,5.167965206251361,53.4369522992766,,75.6629807756258,0.294188066618517
12019,62.94763867133674,-1.726258282060614,5.168445115866077,53.4369522992766,,75.66760579204187,0.2942047431133687
12020,62.93815224784461,-1.727568136884743,5.16892404175471,53.4369522992766,,75.67219094848697,0.29422139050439
12021,62.93955533675247,-1.732846032904803,5.169403549733394,53.4369522992766,,75.67678241403446,0.2942379796877503
12022,62.96447059142625,-1.737079152824109,5.169882050959829,53.4369522992766,,75.68137601886066,0.2942544815596193
12023,62.9776379674787,-1.730255375467369,5.170359900355882,53.4369522992766,,75.68598210194692,0.2942708961199969
12024,62.99136954405076,-1.731537003735524,5.170838928958574,53.4369522992766,,75.69061624527666,0.2942872524727136
12025,62.99830381460316,-1.731522925424844,5.171320603209102,53.4369522992766,,75.69529575916361,0.2943035506177694
12026,62.99452598145862,-1.732940549033091,5.171805957879382,53.4369522992766,,75.7000270176118,0.2943198487628251
12027,62.97982683060147,-1.72800978724279,5.172295958266997,53.4369522992766,,75.70482655870217,0.2943361178040504
12028,62.95318521768601,-1.726765703736489,5.172783546646992,53.4369522992766,,75.70957233390729,0.2943523868452758
12029,62.93746339780177,-1.72816403216898,5.173263249931106,53.4369522992766,,75.71418300803774,0.2943686267826706
12030,62.9335776118605,-1.72992604388555,5.173736104573679,53.4369522992766,,75.71869370538592,0.294384837616235
12031,62.93900489148067,-1.729658507739324,5.174207839131628,53.4369522992766,,75.72319914351515,0.2944009320344776
12032,62.96591851461995,-1.72795575676166,5.174683822064334,53.4369522992766,,75.72776884640354,0.2944169682450593
12033,62.96502162766377,-1.729117856476384,5.175165767399717,53.4369522992766,,75.73242163679782,0.2944329171441495
12034,62.97096467093176,-1.734552206020046,5.175650997315484,53.4369522992766,,75.73711726720414,0.2944488078355789
12035,62.96890560303025,-1.727627372978541,5.176133341197366,53.4369522992766,,75.74177937279967,0.2944646403193474
12036,62.96168262146182,-1.725430201819619,5.176612558166214,53.4369522992766,,75.74642486288104,0.2944804728031158
12037,62.94367514114451,-1.728612735076262,5.177088747977189,53.4369522992766,,75.75103929304332,0.2944963343907148
12038,62.93535030324094,-1.73192113158348,5.1775631284772,53.4369522992766,,75.7556027012591,0.29451216687448317
12039,62.93525454539266,-1.726262120710021,5.178038325097402,53.4369522992766,,75.76014107070131,0.2945279702544212
12040,62.95469557714043,-1.727651755167382,5.178516483599273,53.4369522992766,,75.76470022098896,0.2945437154266983
12041,62.98708002381751,-1.734361737926624,5.178996226091877,53.4369522992766,,75.76928982348817,0.2945593441836536
12042,63.03769699796532,-1.740862115516386,5.179477864509668,53.4369522992766,,75.77393009557636,0.2945749147329479
12043,63.03594252816004,-1.732444009942294,5.179964728398385,53.4369522992766,,75.77867323016159,0.2945903979707509
12044,63.03871898568019,-1.728742908390036,5.18046011472755,53.4369522992766,,75.78358013573376,0.2946058521047235
12045,63.01381648835233,-1.731623598748964,5.180956873402841,53.4369522992766,,75.78853869372372,0.2946212771348655
12046,62.98515294210782,-1.737188637415483,5.181445345892483,53.4369522992766,,75.7933488248083,0.294636731268838
12047,62.97317832933636,-1.729510155001332,5.181924128846644,53.4369522992766,,75.79796837875791,0.2946521854028106
12048,62.96818943379197,-1.726775784373821,5.182397655096251,53.4369522992766,,75.8024797045725,0.2946676104329526
12049,62.97078689739301,-1.73001163384477,5.182872087789463,53.4369522992766,,75.80699518616703,0.2946829772554338
12050,62.99644867448509,-1.737772950318349,5.183348083082542,53.4369522992766,,75.81154060408564,0.294698285870254
12051,62.99204902077057,-1.727208358173727,5.183825918330501,53.4369522992766,,75.81612423859748,0.2947134780697525
12052,63.01173739486401,-1.732051456630641,5.184306563441297,53.4369522992766,,75.82075277872293,0.29472861206159
12053,62.99499207320849,-1.732944406296406,5.184789904411506,53.4369522992766,,75.82542807874903,0.294743716949597
12054,62.98745058467019,-1.734718734321974,5.18527450421259,53.4369522992766,,75.8301238409405,0.2947587636299431
12055,62.9745875545072,-1.725280398233591,5.185757905903255,53.4369522992766,,75.83481324008436,0.2947737812064588
12056,62.95989251637966,-1.725551908345169,5.186236826354687,53.4369522992766,,75.8394297402769,0.2947887987829745
12057,62.95496096846757,-1.73134581259229,5.186710530902647,53.4369522992766,,75.8439576835813,0.2948037872556597
12058,62.96519141279905,-1.73373963499643,5.187180720375998,53.4369522992766,,75.84843057914688,0.2948187466245145
12059,62.99923772396824,-1.735582501045967,5.187651843498262,53.4369522992766,,75.85292068211615,0.2948336477857083
12060,63.00005147833008,-1.730875927401257,5.188129318580761,53.4369522992766,,75.85750539521653,0.2948484616354108
12061,63.0009706286565,-1.739122950173636,5.188613232446412,53.4369522992766,,75.86217047878246,0.2948631881736219
12062,62.99602979451176,-1.737340830686341,5.189100224916315,53.4369522992766,,75.86687444352836,0.2948778856080025
12063,62.9811049226472,-1.731413839263227,5.189586499756965,53.4369522992766,,75.87158598304943,0.2948925539385527
12064,62.95894235992735,-1.727961138370853,5.190069802592864,53.4369522992766,,75.87627749872816,0.2949071931652725
12065,62.93977009337982,-1.732318070343216,5.190548596161002,53.4369522992766,,75.88090242952232,0.2949218032881618
12066,62.93527246009621,-1.735188571326964,5.191022590714739,53.4369522992766,,75.88543974251294,0.2949363552033901
12067,62.95606372469645,-1.731001013649214,5.191492109097627,53.4369522992766,,75.88990416033712,0.2949509071186185
12068,62.95900949153657,-1.728351078777753,5.191961985628923,53.4369522992766,,75.8943707843769,0.2949653717223555
12069,62.96765846931816,-1.733094165126194,5.192436864235083,53.4369522992766,,75.8989075979119,0.2949797781184316
12070,62.97072243590445,-1.734856393798883,5.192915656985446,53.4369522992766,,75.90350141383279,0.2949940972030163
12071,62.95694859331706,-1.729998712113733,5.193395896545226,53.4369522992766,,75.90813097338504,0.2950083871837705
12072,62.94499102272806,-1.728325960048585,5.193872586374954,53.4369522992766,,75.91271950264796,0.2950226189568639
12073,62.9363745023198,-1.729847781960513,5.194345497730968,53.4369522992766,,75.91725407413843,0.2950368216261268
12074,62.93294969078498,-1.731749734564553,5.194817535023004,53.4369522992766,,75.92175995913259,0.2950510242953897
12075,62.94995788025778,-1.732732097953576,5.195290603069412,53.4369522992766,,75.92626663773154,0.2950651978608221
12076,62.96723425102653,-1.728369117010045,5.195766989497827,53.4369522992766,,75.93081391838362,0.2950793423224241
12077,63.00681859562705,-1.735449391776291,5.196247285611797,53.4369522992766,,75.9354124686806,0.2950933703687042
12078,62.99238544653818,-1.737157553703232,5.19673188794629,53.4369522992766,,75.94008685617963,0.2951073402073234
12079,62.97155480080792,-1.733203027162774,5.197217627264077,53.4369522992766,,75.94480287476881,0.2951212518382818
12080,62.95852339756562,-1.728940518027178,5.197697315667424,53.4369522992766,,75.94945396058662,0.2951351052615792
12081,62.96069666705051,-1.730945707808517,5.198171284738851,53.4369522992766,,75.9540372216118,0.2951489586848766
12082,62.96232584099663,-1.732338537230937,5.198642086830606,53.4369522992766,,75.95855806734171,0.295162812108174
12083,62.95826078114402,-1.728307308192363,5.199113800440962,53.4369522992766,,75.96305569032363,0.2951766364276409
12084,62.95731946807784,-1.728558714249926,5.199588678025524,53.4369522992766,,75.9675666091012,0.2951903734356165
12085,62.97398882519043,-1.734001539534874,5.200066619628629,53.4369522992766,,75.97211133074812,0.2952040813397616
12086,63.0046578033748,-1.737312777302954,5.20054752608567,53.4369522992766,,75.97671446892126,0.2952176728285849
12087,62.98051353913048,-1.72877705264059,5.201031498337832,53.4369522992766,,75.98139247770645,0.2952312061097473
12088,62.96481335330256,-1.728467524488977,5.201514280553084,53.4369522992766,,75.98606504734909,0.2952446811832488
12089,62.95259159004343,-1.731996711170889,5.201992566948325,53.4369522992766,,75.99067270003981,0.2952581271529198
12090,62.94951868874234,-1.73491438562641,5.202467225347904,53.4369522992766,,75.99522125195158,0.2952715440187603
12091,62.95573731708105,-1.730038671474694,5.202940085112017,53.4369522992766,,75.99973676285974,0.2952849608846009
12092,62.95624179205611,-1.729095644592877,5.203411816467995,53.4369522992766,,76.00423524015906,0.2952982904389501
12093,62.95696173972854,-1.731726332265234,5.20388209349889,53.4369522992766,,76.008714363977,0.2953115908894688
12094,62.9578171472793,-1.728904146826624,5.204352600408148,53.4369522992766,,76.01319796655393,0.2953248331323266
12095,62.96592284645531,-1.728450197017823,5.204826748584429,53.4369522992766,,76.01772645060566,0.2953380171675235
12096,62.95497436898755,-1.726693050970638,5.205305716805102,53.4369522992766,,76.02232006377412,0.2953511429950595
12097,62.93927853419994,-1.731131730369853,5.205785961684887,53.4369522992766,,76.02692983867536,0.2953642106149346
12098,62.92571726255065,-1.730896748748644,5.206263266178561,53.4369522992766,,76.03149550656323,0.2953772782348096
12099,62.94889708114124,-1.73323849896208,5.206736339625925,53.4369522992766,,76.03600056036838,0.2953902876470238
12100,62.94801224177995,-1.726900004779388,5.207207317790126,53.4369522992766,,76.04049505039845,0.295403238851577
12101,62.95531953169686,-1.730690289325325,5.207678679123995,53.4369522992766,,76.04500203430071,0.2954161609522998
12102,62.95976340394266,-1.730460040855055,5.208152631084618,53.4369522992766,,76.04953850737701,0.2954290539491922
12103,62.95372545678298,-1.732062743466755,5.208629997052018,53.4369522992766,,76.05410942069032,0.2954418887384236
12104,62.95030537778886,-1.726420047867375,5.209109741322345,53.4369522992766,,76.05870357796347,0.2954546944238245
12105,62.93372442500396,-1.727825307834189,5.209590286897466,53.4369522992766,,76.0633079921002,0.2954674710053951
12106,62.93080277194635,-1.732314648742181,5.210067327953752,53.4369522992766,,76.06786898696606,0.2954801893793046
12107,62.95241990444381,-1.731743145052433,5.210538564289887,53.4369522992766,,76.07236683495489,0.2954928495455533
12108,62.96373416625631,-1.724233068643242,5.211006749926277,53.4369522992766,,76.07684170057777,0.2955054515041411
12109,62.97454428463644,-1.732189285156075,5.211476870445898,53.4369522992766,,76.08134558704654,0.2955180243588984
12110,62.99861157042812,-1.740904767767411,5.211951767851116,53.4369522992766,,76.08590465067236,0.2955305681098253
12111,62.98872181507389,-1.730078892329248,5.212433941833404,53.4369522992766,,76.090560409172,0.2955430827569216
12112,62.96756585596496,-1.726423572219249,5.2129198223519,53.4369522992766,,76.09525736850256,0.2955555683001876
12113,62.948841005607,-1.728895088540569,5.2134028114216,53.4369522992766,,76.09990345463143,0.2955680247396231
12114,62.93894128700909,-1.73414489876318,5.213878815261766,53.4369522992766,,76.1044509292791,0.2955804229713976
12115,62.96266340578126,-1.733210859685485,5.214349044066029,53.4369522992766,,76.10892930516123,0.2955927629955113
12116,62.96035775679419,-1.726178007107093,5.214819184150231,53.4369522992766,,76.11341871727366,0.295605044811964
12117,62.95768078230182,-1.730980685934845,5.215291470397423,53.4369522992766,,76.11793369826715,0.2956172393169254
12118,62.95138644508013,-1.734733849737322,5.215764345515552,53.4369522992766,,76.12244665621063,0.2956293756142259
12119,62.9435885730641,-1.728025638015486,5.216237814259255,53.4369522992766,,76.12696079276922,0.2956414828076959
12120,62.92959401843392,-1.722301804897958,5.216711645718515,53.4369522992766,,76.13148874555624,0.2956535608973354
12121,62.92339094347522,-1.728510371799281,5.217182420610518,53.4369522992766,,76.13597247512676,0.295665638986975
12122,62.93037671751541,-1.735952290855863,5.217649048760615,53.4369522992766,,76.14039269334326,0.2956776588689536
12123,62.95178675924912,-1.729458930467445,5.218116841018508,53.4369522992766,,76.14482462680874,0.2956896205432713
12124,62.95920776333692,-1.727771711556579,5.218589779516203,53.4369522992766,,76.14932618330289,0.2957015240099281
12125,62.98511644357093,-1.735083744330482,5.21906831215704,53.4369522992766,,76.15390602085942,0.2957133401650935
12126,62.97024366544589,-1.733584035247141,5.219550957210203,53.4369522992766,,76.15856042090527,0.2957250981125981
12127,62.95818280174009,-1.73258626268633,5.220032187774506,53.4369522992766,,76.1632095843022,0.2957367978524417
12128,62.94945777069639,-1.728622011257085,5.220506433776728,53.4369522992766,,76.16776911062549,0.2957484684884548
12129,62.94780976975177,-1.73178102912577,5.220974509011517,53.4369522992766,,76.17223469548466,0.295760139124468
12130,62.94922535159095,-1.732520664667558,5.221440455067366,53.4369522992766,,76.17665461167041,0.2957717806566507
12131,62.96926991413105,-1.729895796150481,5.221908419772658,53.4369522992766,,76.18108862107506,0.2957834221888334
12132,62.96828525692801,-1.726776100140736,5.222381117210091,53.4369522992766,,76.18557938417314,0.2957949764095247
12133,62.96221483651527,-1.734561130046718,5.222859122650642,53.4369522992766,,76.19013646578442,0.2958064433187246
12134,62.97103086850439,-1.737043089827934,5.223339271954318,53.4369522992766,,76.19472700660549,0.2958178520202637
12135,62.97958344580641,-1.734526199223643,5.22381710231331,53.4369522992766,,76.19931272310534,0.2958292025141418
12136,62.98564013494875,-1.731639767757679,5.224292783464556,53.4369522992766,,76.20390743254673,0.295840494800359
12137,62.98323928360284,-1.730722041900116,5.224764756349356,53.4369522992766,,76.20845445296005,0.2958517288789153
12138,62.97171091902462,-1.733177657156678,5.225235199199838,53.4369522992766,,76.21295403839144,0.2958629920613021
12139,62.96160100294003,-1.729853016549069,5.225706915484367,53.4369522992766,,76.2174390192659,0.2958742261398584
12140,62.9649093254976,-1.73132550121364,5.2261809982042,53.4369522992766,,76.22194221248238,0.2958854311145842
12141,62.9687658042619,-1.735039999755818,5.226655427105403,53.4369522992766,,76.22645807062814,0.2958965487778187
12142,62.98124387244427,-1.737136398819829,5.227129128458563,53.4369522992766,,76.23097530373984,0.2959076082333922
12143,62.98260464873467,-1.731047185481925,5.227601829629037,53.4369522992766,,76.23549050707615,0.29591858037747437
12144,62.9868000475959,-1.728343230494408,5.228074072431595,53.4369522992766,,76.24001575263844,0.2959294652100652
12145,62.98700352345955,-1.732800579965799,5.228545240709456,53.4369522992766,,76.24453724995135,0.2959403209388256
12146,62.97472732054088,-1.734881676186335,5.229018590864135,53.4369522992766,,76.24908541458932,0.295951176667586
12147,62.95872577447752,-1.730858960271823,5.229494133801402,53.4369522992766,,76.25363849145585,0.2959620032925159
12148,62.948855166697,-1.727018395991916,5.22996914550659,53.4369522992766,,76.25815820163261,0.2959728299174458
12149,62.94455322814956,-1.725532912978891,5.230442326072387,53.4369522992766,,76.26264808911615,0.2959835692308843
12150,62.96715032542852,-1.733273758492918,5.230913215783728,53.4369522992766,,76.26712237797163,0.2959942503366619
12151,62.96856031520696,-1.733032664014851,5.231384056729713,53.4369522992766,,76.27161737134549,0.2960048441309482
12152,62.97038633392086,-1.730673405695796,5.231856463127522,53.4369522992766,,76.27613577866737,0.2960153506137431
12153,62.97495871805375,-1.734102661989757,5.23233064945524,53.4369522992766,,76.28067186741879,0.296025798888877
12154,62.98587540545749,-1.739060482881537,5.232807380786401,53.4369522992766,,76.2852376607358,0.2960362180601805
12155,62.96163115097524,-1.729806782058594,5.233286767563216,53.4369522992766,,76.28984332147488,0.2960466081276536
12156,62.95864688058991,-1.728307638815549,5.233764019536883,53.4369522992766,,76.29442332262893,0.2960599376820028
12157,62.95193852047963,-1.73254700121751,5.234235345793947,53.4369522992766,,76.29892392641199,0.2960828715004027
12158,62.96330047345931,-1.73710624440234,5.234703391462654,53.4369522992766,,76.30337100786724,0.2961057180073112
12159,62.97022006462051,-1.732822300689627,5.235172642463356,53.4369522992766,,76.30782714481715,0.2961285354103893
12160,62.9789500037276,-1.731818483625865,5.235644589361877,53.4369522992766,,76.31231956612015,0.296151265501976
12161,62.98152111605274,-1.73640061881701,5.236118735274983,53.4369522992766,,76.31684582118238,0.2961739373859018
12162,62.96969919687735,-1.731791737810556,5.236593809838226,53.4369522992766,,76.32138892146332,0.2961965510621667
12163,62.96885728877301,-1.732196846938221,5.237067981650392,53.4369522992766,,76.32591916123269,0.2962191065307707
12164,62.96968020299337,-1.725669899586394,5.237541102287778,53.4369522992766,,76.33044389036378,0.2962416619993746
12165,62.96293584026411,-1.728784049876486,5.238011895452948,53.4369522992766,,76.3349492919903,0.2962641883641481
12166,62.94998401284565,-1.735503725738472,5.238480328820653,53.4369522992766,,76.339417088103,0.2962866856250912
12167,62.94358821633176,-1.729166508506694,5.238946766629144,53.4369522992766,,76.34384625300925,0.2963091246783733
12168,62.94892482543978,-1.724791990654609,5.239411668369359,53.4369522992766,,76.34825343462579,0.2963315055239946
12169,62.97702163984793,-1.732166416354673,5.239878378658901,53.4369522992766,,76.35268373935111,0.2963538281619549
12170,62.98615849825352,-1.737532371921885,5.240350958795566,53.4369522992766,,76.35718946483018,0.2963760925922543
12171,62.97763261540819,-1.732012512400565,5.240828309013245,53.4369522992766,,76.3617540016327,0.2963982697110623
12172,62.98009123713355,-1.727231250347842,5.241305750981009,53.4369522992766,,76.3663240726227,0.2964204468298703
12173,62.98555705135213,-1.731630333982737,5.241779451166719,53.4369522992766,,76.37086665554577,0.2964425948448479
12174,62.97590408542923,-1.734144428859687,5.242251143652811,53.4369522992766,,76.37541131951244,0.296464713755995
12175,62.9556799308621,-1.727564890303932,5.242720679129126,53.4369522992766,,76.37991296585685,0.2964868035633117
12176,62.94389325216794,-1.726329406169907,5.2431883152091,53.4369522992766,,76.38435311945727,0.2965088642667979
12177,62.93904660626568,-1.73136813399718,5.243656150875381,53.4369522992766,,76.38877651983088,0.2965308085549623
12178,62.95929445306184,-1.736179820278049,5.244125654976381,53.4369522992766,,76.39322223212739,0.2965526946354657
12179,62.98495011470826,-1.734159800242038,5.244597309360348,53.4369522992766,,76.39770780132594,0.2965744934044778
12180,62.9896351723926,-1.732161622922222,5.245069775229674,53.4369522992766,,76.40222677347364,0.296596233965829
12181,62.98846738119655,-1.729561643808538,5.245541800914564,53.4369522992766,,76.40676378810383,0.2966179163195193
12182,62.99825591604617,-1.735481184660544,5.246015026245654,53.4369522992766,,76.41133476198385,0.2966395986732095
12183,62.97451762963864,-1.734013009593784,5.24648931104415,53.4369522992766,,76.41592202171172,0.2966612519230694
12184,62.95257331849007,-1.727495812320621,5.246961160815447,53.4369522992766,,76.42044150538959,0.2966829051729292
12185,62.94038666962771,-1.728917022832608,5.247428741602462,53.4369522992766,,76.42486416958471,0.2967045293189585
12186,62.9379309791653,-1.733676725023508,5.247894039823853,53.4369522992766,,76.42924301617158,0.2967260661534965
12187,62.96115227652446,-1.730552697637414,5.248359724354398,53.4369522992766,,76.43363708356947,0.2967475156765431
12188,62.97324327991407,-1.729725428261323,5.248828202563929,53.4369522992766,,76.4380838109413,0.2967689069919288
12189,62.98782343714343,-1.737772858252246,5.249299222647282,53.4369522992766,,76.4425759731973,0.2967901818919927
12190,62.99901285535579,-1.737823335973752,5.249770449411773,53.4369522992766,,76.44709203962849,0.2968113985843956
12191,62.99351449037117,-1.735392069782722,5.250244882847953,53.4369522992766,,76.45167832429591,0.2968325861729681
12192,62.96904371835591,-1.727702713284601,5.250719839739354,53.4369522992766,,76.4562705601532,0.2968537737615407
12193,62.94730881243773,-1.729185788523396,5.251191533385915,53.4369522992766,,76.46079027136513,0.2968749613501132
12194,62.93719173283829,-1.73658262016536,5.251657307010101,53.4369522992766,,76.46520100286678,0.2968961198348552
12195,62.94943376806491,-1.732403115214254,5.252118665564378,53.4369522992766,,76.46954177128988,0.2969172201119363
12196,62.96568622396021,-1.7321600870798,5.25258056662667,53.4369522992766,,76.47389419665961,0.2969382330775261
12197,63.00233252829754,-1.739440084275303,5.253046875032842,53.4369522992766,,76.47831018327436,0.2969591587316245
12198,63.00981116767737,-1.738398987406428,5.253519669118598,53.4369522992766,,76.48282618759593,0.296980026178062
12199,62.99276972273356,-1.735029962377537,5.253999178280184,53.4369522992766,,76.48744742704051,0.2970008063130081
12200,62.98431455634162,-1.73369697217819,5.25448208874371,53.4369522992766,,76.49212778102175,0.2970215573441237
12201,62.96958652030798,-1.731375399681915,5.254960874537034,53.4369522992766,,76.49675431741944,0.29704230837523943
12202,62.95211474245355,-1.736846583294399,5.255430366411893,53.4369522992766,,76.50123850445998,0.2970630303025246
12203,62.94289522521409,-1.732100167826617,5.255891892569996,53.4369522992766,,76.50559926868611,0.2970837522298098
12204,62.95298349954864,-1.730048697136261,5.256351380497574,53.4369522992766,,76.50992568412633,0.297104415949434
12205,62.98263267330751,-1.738819652807196,5.256814315025485,53.4369522992766,,76.51430005814662,0.297124992357567
12206,62.98402823660164,-1.740490167124377,5.257284741513131,53.4369522992766,,76.51877933421045,0.2971454814542085
12207,62.98849280663903,-1.73687871729392,5.257760931322507,53.4369522992766,,76.52333299265318,0.2971658832393587
12208,62.98352009758491,-1.733165562344671,5.258238250753799,53.4369522992766,,76.52790870038721,0.2971862268168479
12209,62.98271763791205,-1.739016827875774,5.25871415391665,53.4369522992766,,76.53246649189683,0.2972065703943372
12210,62.96037677639814,-1.736646133147237,5.259186628956111,53.4369522992766,,76.53698024185611,0.297226884867996
12211,62.95424462324871,-1.733495451419077,5.259655535560932,53.4369522992766,,76.54144682322253,0.2972471702378243
12212,62.97578230255385,-1.734205202476514,5.260122006860451,53.4369522992766,,76.54588039980658,0.2972673973999918
12213,62.96678640650764,-1.729411825952048,5.2605914186541,53.4369522992766,,76.55035073897255,0.2972875954583287
12214,62.9617396886586,-1.73771389126599,5.261064461621679,53.4369522992766,,76.5548598191587,0.2973076771013439
12215,62.95622690908449,-1.737042203943074,5.261537180438211,53.4369522992766,,76.55936369135712,0.2973277005366981
12216,62.95389311627611,-1.727766476190065,5.26200576273288,53.4369522992766,,76.56382450377077,0.2973476948682219
12217,62.95891899576469,-1.732063637981734,5.262470401894032,53.4369522992766,,76.56824254226119,0.2973676018882543
12218,62.97760004811115,-1.742073672557434,5.26293450220456,53.4369522992766,,76.57265804696264,0.2973874798044562
12219,62.9731590855413,-1.732420254014605,5.263401656345583,53.4369522992766,,76.57712132642348,0.2974073286168277
12220,62.98277306503211,-1.729796514758486,5.263871173255844,53.4369522992766,,76.58160373849873,0.2974271483253688
12221,62.98055131517538,-1.735237977579169,5.264343514012152,53.4369522992766,,76.58610661581204,0.2974469680339098
12222,62.96538520095146,-1.734791384529433,5.264818279425606,53.4369522992766,,76.59063074891417,0.2974667004309595
12223,62.94777179180959,-1.73143805073111,5.265292365047369,53.4369522992766,,76.59514335001867,0.2974863746203482
12224,62.9492744495721,-1.72979973627643,5.265762493341634,53.4369522992766,,76.59961121545264,0.2975059906020761
12225,62.97686843227014,-1.734252900846856,5.266228528162543,53.4369522992766,,76.60403893371588,0.297525548376143
12226,62.97266767511529,-1.735718138164879,5.266693718898559,53.4369522992766,,76.6084712861918,0.297545047942549
12227,62.98713034487245,-1.734528923713647,5.267158643710232,53.4369522992766,,76.61289565052533,0.2975644601974636
12228,62.99726691221284,-1.725845108713704,5.267623370871323,53.4369522992766,,76.61731181538029,0.2975838433485478
12229,62.99912357690211,-1.730818152029626,5.268091327203786,53.4369522992766,,76.62177668136512,0.2976031973958015
12230,62.989124685595,-1.738200458842629,5.268563237007371,53.4369522992766,,76.62630781912696,0.2976225223392248
12231,62.96679764274623,-1.726608765205731,5.269035902808816,53.4369522992766,,76.63083686739992,0.2976418472826481
12232,62.95080345606928,-1.724583057008876,5.269506162341683,53.4369522992766,,76.63531030095653,0.2976611140184104
12233,62.94921111719999,-1.733539019599244,5.269973228286921,53.4369522992766,,76.6397300185872,0.2976803225465119
12234,62.96856994115301,-1.736524754263604,5.270439177106071,53.4369522992766,,76.64414364521448,0.297699443763122
12235,62.94883259058879,-1.729426875252458,5.270905816074107,53.4369522992766,,76.64857806653616,0.2977184485644102
12236,62.95551299674754,-1.731660244605757,5.271373022769252,53.4369522992766,,76.6530232420749,0.2977373951580375
12237,62.9692574312427,-1.729523932709477,5.271838443245785,53.4369522992766,,76.65745139476844,0.297756283544004
12238,62.97160292842168,-1.734112285094747,5.272303820058958,53.4369522992766,,76.66189018271652,0.2977751719299704
12239,62.96235010629721,-1.73314951626494,5.272767965515208,53.4369522992766,,76.66631891217807,0.2977940312121063
12240,62.94421400541416,-1.727133500278694,5.273231376122751,53.4369522992766,,76.67072668958492,0.2978128904942423
12241,62.94036259902882,-1.730796275827476,5.273694834496728,53.4369522992766,,76.67511393373455,0.2978316624648869
12242,62.96508888129301,-1.738755408679648,5.274159348637721,53.4369522992766,,76.67950609013056,0.2978503762278706
12243,62.97528408233072,-1.733554553204711,5.274627308651146,53.4369522992766,,76.68394841751446,0.2978690026793629
12244,62.98534923171012,-1.731053351905712,5.275097929153858,53.4369522992766,,76.68843426262688,0.2978875709231943
12245,62.97961948787209,-1.732885125651172,5.275568358293349,53.4369522992766,,76.69293598784984,0.2979060518555343
12246,62.95809093172866,-1.73752025247063,5.276038446099836,53.4369522992766,,76.69746160035756,0.2979245036840439
12247,62.94364050254681,-1.731319613486744,5.276505059055546,53.4369522992766,,76.70193671694572,0.297942926408723
12248,62.95325472209048,-1.731577741418053,5.276966695820287,53.4369522992766,,76.70632327047716,0.2979613782372326
12249,62.97655024737125,-1.734985359159447,5.277426987640584,53.4369522992766,,76.71068044946017,0.2979797718580812
12250,63.01265404667994,-1.740646327776055,5.277890383571159,53.4369522992766,,76.71507114279987,0.297998107271269
12251,62.99280937031098,-1.732068833586734,5.278359907650732,53.4369522992766,,76.71954639620537,0.2980163553729653
12252,63.01356056685479,-1.737517242946424,5.278832708458634,53.4369522992766,,76.72406925400527,0.2980345161631703
12253,62.98781067667808,-1.734192822276285,5.279306830729251,53.4369522992766,,76.7286276846091,0.2980526478495449
12254,62.97345908633269,-1.736555814093639,5.279780876964184,53.4369522992766,,76.73319687057443,0.298070750432089
12255,62.9689086206978,-1.73218527292476,5.280250783597976,53.4369522992766,,76.73770605467179,0.2980888239108026
12256,62.95460752900436,-1.729638353848268,5.280715826984136,53.4369522992766,,76.74212909714592,0.2981068682856858
12257,62.93867739441239,-1.731444947267293,5.281177087968167,53.4369522992766,,76.74647823039749,0.2981248835567385
12258,62.94765209003545,-1.737614689740383,5.281636477469202,53.4369522992766,,76.75079148125792,0.2981428406201303
12259,62.96763319791231,-1.733830447842608,5.282096169783407,53.4369522992766,,76.75511671829796,0.2981607394758612
12260,62.97112469757188,-1.731910841342891,5.282558057280595,53.4369522992766,,76.75948751502821,0.2981785510201007
12261,62.99434617756708,-1.738043569080624,5.283023641167661,53.4369522992766,,76.76392379621169,0.2981962752528489
12262,63.00434654009663,-1.740989015443419,5.283493520260827,53.4369522992766,,76.76843235923539,0.2982139412779361
12263,63.00112081224569,-1.734594475266907,5.283968066341149,53.4369522992766,,76.77301178031101,0.2982315490953624
12264,62.97993200290364,-1.732383625496951,5.284443310638665,53.4369522992766,,76.77759895766069,0.2982491278089583
12265,62.96809105461378,-1.735164029477927,5.28491614188902,53.4369522992766,,76.78214535590278,0.2982666774187237
12266,62.97740866081051,-1.735239546679185,5.285383324631075,53.4369522992766,,76.78660435565271,0.2982842270284891
12267,62.97090862479482,-1.731757034866903,5.285845150731438,53.4369522992766,,76.79098969575338,0.2983017475344241
12268,62.95892176114556,-1.72848477001331,5.286305011148963,53.4369522992766,,76.79534567213788,0.2983192098326981
12269,62.94669102063216,-1.729508276239054,5.286766513677592,53.4369522992766,,76.7997063145066,0.2983365848194808
12270,62.9625568520178,-1.738080444636364,5.287231911971429,53.4369522992766,,76.80410292230027,0.2983539015986025
12271,62.97579486381943,-1.736253088491015,5.287701274285086,53.4369522992766,,76.8085545528774,0.2983711019624025
12272,62.97781222052134,-1.732019349154763,5.288172779932232,53.4369522992766,,76.8130486164616,0.2983882441185415
12273,62.98056384584232,-1.73046259250957,5.288641833107889,53.4369522992766,,76.81752939456153,0.2984053280670196
12274,62.95833620208359,-1.737532216627903,5.289108292790592,53.4369522992766,,76.82200704576375,0.29842238291166717
12275,62.95291637423716,-1.735118732142154,5.289571868951162,53.4369522992766,,76.82644994973465,0.2984394377563149
12276,62.9719519346364,-1.731426098530545,5.290032680235738,53.4369522992766,,76.83083911267867,0.2984564634971321
12277,62.99064998636298,-1.7325494714096,5.29049339009627,53.4369522992766,,76.83520398123231,0.2984734601341188
12278,62.97185361894219,-1.740608452337,5.290958059278717,53.4369522992766,,76.83960365269364,0.2984903694596142
12279,62.9724799055151,-1.734711868422721,5.291426661819028,53.4369522992766,,76.84404287625091,0.2985072205774486
12280,62.97432951210721,-1.730449299582336,5.291896843968001,53.4369522992766,,76.84850535656246,0.2985240134876221
12281,62.97579445350357,-1.735611755743735,5.292366072400606,53.4369522992766,,76.85297336012601,0.2985407481901348
12282,62.9714384720539,-1.737850509600658,5.292832029719848,53.4369522992766,,76.85741978492445,0.2985574246849865
12283,62.96535370037165,-1.732916201970439,5.29329587511711,53.4369522992766,,76.86185197640312,0.2985740138683468
12284,62.95675054382662,-1.7304554149576,5.293759108608192,53.4369522992766,,76.86627503663655,0.2985905739478767
12285,62.98238905547117,-1.737516128748644,5.294222175542068,53.4369522992766,,76.87067718729489,0.2986070758197457
12286,62.99772981719946,-1.739146048274064,5.29468614152283,53.4369522992766,,76.87508144797927,0.2986235194839537
12287,63.01587434270264,-1.733841319533568,5.295152134240976,53.4369522992766,,76.8795123645508,0.2986399340443313
12288,62.99992576909687,-1.731263146871443,5.295619783572798,53.4369522992766,,76.8839810931619,0.2986562612932175
12289,63.00235642595437,-1.739123241295176,5.296087429177431,53.4369522992766,,76.88846107614292,0.2986725303344429
12290,62.99354590417634,-1.739987245108648,5.296555211263666,53.4369522992766,,76.89294427924565,0.2986887702718377
12291,62.97972480104442,-1.732780293130089,5.297024027171841,53.4369522992766,,76.89743517758393,0.2987049811054021
12292,62.96706493832376,-1.729275949813641,5.29749186590879,53.4369522992766,,76.90189691906156,0.2987211046274751
12293,62.95669832830104,-1.731564234555089,5.297957828767201,53.4369522992766,,76.90632399963698,0.2987371990457177
12294,62.95179510264813,-1.733158688053572,5.298420043105962,53.4369522992766,,76.91069573742358,0.2987532352562994
12295,62.95068164838379,-1.733005539054179,5.298877071283574,53.4369522992766,,76.914998176081,0.2987692423630506
12296,62.95258118541255,-1.726789764230298,5.299331829990534,53.4369522992766,,76.91927797119733,0.2987851912621409
12297,62.97446843366124,-1.733740601059183,5.299789892256854,53.4369522992766,,76.92360706153438,0.2988010528497398
12298,62.97343801769561,-1.736234324911037,5.300254981660157,53.4369522992766,,76.92803461112214,0.2988168562296778
12299,62.9650929995329,-1.729831013643812,5.300725739832077,53.4369522992766,,76.93253566248417,0.2988325722981244
12300,62.94998132861571,-1.72377119513726,5.301196629913621,53.4369522992766,,76.93703331753363,0.2988482592627406
12301,62.9518258562854,-1.729278664713836,5.301662554173976,53.4369522992766,,76.94146418156991,0.2988639171235263
12302,62.95468765879524,-1.737383790618417,5.302123839166003,53.4369522992766,,76.94585147264344,0.2988794876728207
12303,62.95556287448173,-1.729418086107191,5.302580684615159,53.4369522992766,,76.95018416321489,0.2988950291182846
12304,62.95948289093556,-1.724927156805372,5.303037226226454,53.4369522992766,,76.95450247877055,0.298910541459918
12305,62.95749344008147,-1.729139148775728,5.303497284364074,53.4369522992766,,76.95885079127352,0.2989259955938905
12306,62.97334614251444,-1.736009176158342,5.303961887649492,53.4369522992766,,76.96323990840258,0.2989413915202022
12307,62.98232271859121,-1.732491340833477,5.304430747088828,53.4369522992766,,76.96768428818179,0.2989567292388529
12308,62.97580488158026,-1.733465442267182,5.304902552176179,53.4369522992766,,76.9721886612381,0.2989720087498426
12309,62.95803194515214,-1.73423567889944,5.305371901415925,53.4369522992766,,76.97668575866884,0.2989872009493411
12310,62.95537981502005,-1.733779453196917,5.305835497996531,53.4369522992766,,76.98113043103412,0.299002364045009
12311,62.94676228297906,-1.72531852709077,5.30629427254157,53.4369522992766,,76.98552693142014,0.2990174689330161
12312,62.95440867933827,-1.728358963272577,5.306751403637886,53.4369522992766,,76.9898845627157,0.2990325447171926
12313,62.95298945904148,-1.73188796647818,5.307210072608338,53.4369522992766,,76.99423521407904,0.2990475913975388
12314,62.95844040392281,-1.736101367229854,5.307670920362999,53.4369522992766,,76.9985881623894,0.2990626089740545
12315,62.97939879999792,-1.732458755266379,5.308132501147002,53.4369522992766,,77.00294050008647,0.2990775392390788
12316,63.00981317045186,-1.733958078171729,5.308595461492032,53.4369522992766,,77.00732635787887,0.2990924404002726
12317,63.00588886876461,-1.736455834427023,5.309062095085999,53.4369522992766,,77.01179042348691,0.2991072542499751
12318,63.00414703002817,-1.737391480430497,5.30953167707156,53.4369522992766,,77.01630677420566,0.2991220098920166
12319,63.01406112919419,-1.73274252102535,5.310001892190853,53.4369522992766,,77.02083041872514,0.2991367364302278
12320,63.0145894458073,-1.732677034092094,5.310473651988183,53.4369522992766,,77.02537736316997,0.2991514338646084
12321,63.00154949459025,-1.737483452356642,5.310944081139318,53.4369522992766,,77.0298921860494,0.2991660730913281
12322,62.98311347677645,-1.733485354404431,5.311410923683904,53.4369522992766,,77.0343452778156,0.2991807123180479
12323,62.97031733571764,-1.728046018491244,5.311871520302725,53.4369522992766,,77.0387154296979,0.2991952933371067
12324,62.97765272322708,-1.729538032847557,5.312326806366231,53.4369522992766,,77.04302432267083,0.2992098161485046
12325,63.00632542766603,-1.734061319649879,5.312782538855115,53.4369522992766,,77.04734343800293,0.2992242807522416
12326,63.00937610394191,-1.735204423059486,5.313243296547141,53.4369522992766,,77.05172836709082,0.2992386580444872
12327,63.00699506328883,-1.73479017334211,5.313708901539616,53.4369522992766,,77.05616728126175,0.2992529480252415
12328,62.99504832931476,-1.729062894534236,5.314176413238355,53.4369522992766,,77.06062184269963,0.2992672380059958
12329,62.98838788323257,-1.729462435206941,5.314645152903136,53.4369522992766,,77.06510346529281,0.2992814988829195
12330,62.98523449258899,-1.732698687589304,5.315112989517927,53.4369522992766,,77.06960086098879,0.2992957597598433
12331,62.97911839855349,-1.729730161625995,5.315576322065922,53.4369522992766,,77.07405227185421,0.2993099624291062
12332,62.96946293941767,-1.724652312108253,5.31603342466553,53.4369522992766,,77.07840276709663,0.2993241068907082
12333,62.96389089185183,-1.727169240161507,5.316488840153895,53.4369522992766,,77.08270570016779,0.2993381640408188
12334,62.96504293609746,-1.733736768653838,5.316947125308802,53.4369522992766,,77.08702937366772,0.2993521629832685
12335,62.98656633018594,-1.730986643965866,5.317409718346503,53.4369522992766,,77.09141180009067,0.2993660746142268
12336,62.99507121416123,-1.726419711763479,5.317875954360885,53.4369522992766,,77.0958621264912,0.2993799571413547
12337,63.01604464750908,-1.730153961155808,5.318341853142428,53.4369522992766,,77.1003271536996,0.2993937814608216
12338,63.01507700738592,-1.736403568696002,5.318805084176106,53.4369522992766,,77.10477603220804,0.2994075766764581
12339,63.02440775959785,-1.732041017507167,5.319269324221937,53.4369522992766,,77.10925643154184,0.2994213427882642
12340,63.02125866620344,-1.725650006932337,5.319736083819124,53.4369522992766,,77.11378724769673,0.2994350506924093
12341,62.99164657194018,-1.728230370102881,5.320200966991579,53.4369522992766,,77.11825916916733,0.2994487585965544
12342,62.97071766139081,-1.733068244981352,5.320662956578669,53.4369522992766,,77.12264506564019,0.2994624082930386
12343,62.95684714471528,-1.726444123360404,5.321121643218174,53.4369522992766,,77.12696677642967,0.2994760288856924
12344,62.97302831563559,-1.727062182229183,5.321577681141401,53.4369522992766,,77.13126468601754,0.2994895330630243
12345,63.00920977041271,-1.733278114548263,5.322032722312973,53.4369522992766,,77.1355732756812,0.2995029790326953
12346,63.01657751877904,-1.738950924341753,5.322490173442779,53.4369522992766,,77.13993342686443,0.2995163085870445
12347,62.99970625031327,-1.727102046507872,5.322952320834702,53.4369522992766,,77.14436802578344,0.2995295508299023
12348,62.98675529787397,-1.725011126348016,5.323416913690741,53.4369522992766,,77.14883302708493,0.2995427930727601
12349,62.98821681658633,-1.732604163082897,5.323880713190925,53.4369522992766,,77.15327260388968,0.299555977107957
12350,63.01156299144688,-1.737177845461698,5.32434130557734,53.4369522992766,,77.15766230957989,0.2995691902469844
12351,63.00256907811403,-1.730856989763549,5.324800127395833,53.4369522992766,,77.16203551413074,0.2995823160745203
12352,62.99533623830889,-1.729967234219208,5.325259240068489,53.4369522992766,,77.166414243774,0.299595354590565
12353,62.99137200509576,-1.730055373052541,5.325719032536719,53.4369522992766,,77.17079209430864,0.2996083057951182
12354,62.9849492485133,-1.734740097672232,5.326181157310288,53.4369522992766,,77.17519241153894,0.2996211696881801
12355,62.9982060791351,-1.73149303108168,5.326645479848281,53.4369522992766,,77.17961533139712,0.2996339753735811
12356,62.98059243091225,-1.727154842069336,5.327110537663085,53.4369522992766,,77.18405347778054,0.2996467228513211
12357,62.96697636339696,-1.733271601076618,5.327573072413841,53.4369522992766,,77.18846394146718,0.2996594121214002
12358,62.97368626430017,-1.734376933321759,5.328030025497116,53.4369522992766,,77.19280876431921,0.2996720722876489
12359,62.98119964264165,-1.728832070216357,5.328482508554259,53.4369522992766,,77.19709979046036,0.2996847033500671
12360,62.9878366115261,-1.726010370951407,5.328936263395615,53.4369522992766,,77.20140255445263,0.299697247100994
12361,62.97534950407386,-1.728255290489894,5.329395602177162,53.4369522992766,,77.20576978568421,0.2997097326442599
12362,62.96288365273331,-1.73204435741069,5.32985820552388,53.4369522992766,,77.21016750031202,0.2997221308760345
12363,62.94992190535379,-1.726973051794696,5.330320611025354,53.4369522992766,,77.21455691098349,0.2997344417963177
12364,62.95474861954283,-1.726537865578576,5.330779960420964,53.4369522992766,,77.21890541232715,0.2997467527166009
12365,62.97719517995018,-1.734597613929169,5.331234741045241,53.4369522992766,,77.22320853837321,0.2997590054292232
12366,63.00786775252607,-1.734849270807139,5.331687675062872,53.4369522992766,,77.22750656633426,0.299771229038015
12367,63.02093523262284,-1.730154714319733,5.332146225515304,53.4369522992766,,77.23189716365043,0.2997833653353155
12368,63.03476057445106,-1.732084290721549,5.332612009406014,53.4369522992766,,77.23637420210183,0.299795443424955
12369,63.02781161737618,-1.735544923853698,5.333083481732332,53.4369522992766,,77.24091354480655,0.2998074342031032
12370,63.0054750183315,-1.734684984735392,5.333557883766607,53.4369522992766,,77.24549166519111,0.2998194249812514
12371,62.98143167908853,-1.729567237688556,5.334029751047807,53.4369522992766,,77.25004440747428,0.2998314157593995
12372,62.97367016038838,-1.730383311627918,5.334491097551402,53.4369522992766,,77.25446191883917,0.2998433192260563
12373,62.97335877452407,-1.727836858869077,5.334941748900018,53.4369522992766,,77.25874222381016,0.2998551644850522
12374,62.99382813759924,-1.732148516828317,5.33538866588918,53.4369522992766,,77.26296878274988,0.2998669515363872
12375,63.00887347371847,-1.73071346914185,5.335838024404708,53.4369522992766,,77.26721345594581,0.2998786512762308
12376,63.02150607842096,-1.729234143600859,5.336294799228378,53.4369522992766,,77.27154138535835,0.299890321912244
12377,62.99498342675097,-1.729589502765296,5.336759702659282,53.4369522992766,,77.27597076779801,0.2999019343405962
12378,62.97600137712227,-1.733060642382765,5.337226503476922,53.4369522992766,,77.28043182323053,0.299913517665118
12379,62.98806991755767,-1.73260602785222,5.33768773389888,53.4369522992766,,77.28483352247991,0.2999250718858093
12380,62.98832889111862,-1.728399020058202,5.338144994266706,53.4369522992766,,77.28920924161095,0.2999365387950093
12381,62.99155454912138,-1.731606273434994,5.338601500858275,53.4369522992766,,77.29358149562323,0.2999479474965483
12382,62.98264053105071,-1.735756696836235,5.339058453497286,53.4369522992766,,77.29795021869478,0.2999592979904264
12383,62.97671108828123,-1.728778574887276,5.339515643118832,53.4369522992766,,77.30230452225683,0.2999705902766436
12384,62.98083208658586,-1.724884491363457,5.339972399635476,53.4369522992766,,77.3066374310853,0.2999818243551999
12385,62.99731699118766,-1.733267896190787,5.34042781068485,53.4369522992766,,77.31095113414581,0.2999930293299258
12386,63.00717806256946,-1.733050876832603,5.340882821462284,53.4369522992766,,77.31528283012139,0.3000041469931602
12387,63.00534393898362,-1.729423980065081,5.341336862691747,53.4369522992766,,77.31961051415222,0.3000152355525643
12388,62.99294982532292,-1.72479075104606,5.341793579246565,53.4369522992766,,77.32396979846877,0.3000262950081378
12389,62.98063372737338,-1.730927023050966,5.342254485024649,53.4369522992766,,77.3283696450294,0.3000372962560505
12390,62.98464064190027,-1.735638297581682,5.342716841925801,53.4369522992766,,77.3327765789832,0.3000482684001327
12391,62.99991783526885,-1.72916414827537,5.343180181746013,53.4369522992766,,77.33719989207509,0.3000591532327235
12392,62.97862106775017,-1.726913186073195,5.343644804075767,53.4369522992766,,77.34165770357033,0.3000699507538229
12393,62.96385103368968,-1.731124364021334,5.344105177231883,53.4369522992766,,77.34606715812552,0.3000806900672615
12394,62.96183006986109,-1.734738993971081,5.344557621000081,53.4369522992766,,77.35037214487289,0.3000913711730391
12395,62.97477461050939,-1.73186647672901,5.345007246480014,53.4369522992766,,77.35464448933695,0.3001020522788167
12396,62.98571344566414,-1.726583442258383,5.345459460400451,53.4369522992766,,77.35894793261059,0.300112646073103
12397,62.98677905763184,-1.726937747620471,5.345916454373491,53.4369522992766,,77.36330379958586,0.3001232107635587
12398,62.97018489468178,-1.736219683483072,5.346375117332844,53.4369522992766,,77.36766569635566,0.3001337463501841
12399,62.9525689113356,-1.72901951542352,5.346833124259584,53.4369522992766,,77.3720090943606,0.300144252832979
12400,62.96829972268777,-1.730562365279469,5.347288299697616,53.4369522992766,,77.37632002470863,0.3001546720042825
12401,62.99818459313069,-1.733467769900367,5.347743100607569,53.4369522992766,,77.38065165120227,0.3001650329679251
12402,62.98904350669189,-1.742741046980658,5.348201847587509,53.4369522992766,,77.38506138242234,0.3001753066200763
12403,62.97942725955373,-1.728566752325384,5.348661734477002,53.4369522992766,,77.38948206440082,0.3001854929607362
12404,62.96903232651469,-1.727379281937409,5.349122261923481,53.4369522992766,,77.39390767042609,0.3001956501975656
12405,62.96359510427111,-1.73228043211634,5.349581057975856,53.4369522992766,,77.39829612470288,0.300205807434395
12406,62.95745059725827,-1.734376798567605,5.350037022737681,53.4369522992766,,77.40263941055458,0.3002159064635634
12407,62.95246824077002,-1.731359475839033,5.350489678857735,53.4369522992766,,77.40694048221702,0.3002260054927319
12408,62.94945257209486,-1.72596188112994,5.350940082236987,53.4369522992766,,77.41121262968628,0.3002359881065786
12409,62.9782574384601,-1.731589560199407,5.351390837297576,53.4369522992766,,77.41548493732762,0.3002459125127643
12410,62.97850692086712,-1.738857207906051,5.351845298183272,53.4369522992766,,77.41980762887331,0.3002557496074587
12411,62.98745625063398,-1.732422754487949,5.352305956083639,53.4369522992766,,77.4242121796633,0.3002654993906617
12412,63.00753665529258,-1.732571245071441,5.352770795926595,53.4369522992766,,77.42866904158966,0.3002751909662038
12413,63.02193950813488,-1.73647976318713,5.353237853352022,53.4369522992766,,77.43316367417543,0.300284824334085
12414,63.00945815557898,-1.739169940365171,5.353704592604,53.4369522992766,,77.43768564731752,0.3002944285981357
12415,63.01979476835315,-1.731771283982691,5.35416914597873,53.4369522992766,,77.44221390747934,0.300304003758356
12416,63.01762419620741,-1.7289655167598,5.354630871790367,53.4369522992766,,77.44670646814345,0.3003135498147458
12417,63.00219288975087,-1.72975163128371,5.355090304821811,53.4369522992766,,77.45113314959977,0.3003230376634747
12418,62.9938250620823,-1.735017744639634,5.355547958458274,53.4369522992766,,77.45549437799035,0.3003324964083731
12419,62.99849352166556,-1.732989558974401,5.356005537399784,53.4369522992766,,77.45983424492167,0.3003418969456106
12420,63.00737831350205,-1.732485217198363,5.35646419075291,53.4369522992766,,77.46419198665653,0.3003511810675263
12421,63.02369030151203,-1.732623221396441,5.356922427688418,53.4369522992766,,77.46856210035916,0.3003604069817811
12422,63.01864697671046,-1.738959562472368,5.357378290877247,53.4369522992766,,77.47292214832028,0.3003695455845445
12423,62.99698631817175,-1.733887593124614,5.357833760379631,53.4369522992766,,77.47729134912258,0.300378625979647
12424,62.97810379581073,-1.725749043503749,5.358290121710295,53.4369522992766,,77.48165974432683,0.3003877063747495
12425,62.98858456115891,-1.733290955847306,5.358747386367515,53.4369522992766,,77.48601819767292,0.300396786769852
12426,62.9976706393141,-1.741910147076174,5.359205359280487,53.4369522992766,,77.49038020566262,0.3004058089572936
12427,62.99540183091375,-1.735097682636938,5.359663106010091,53.4369522992766,,77.49473905398654,0.3004147729370743
12428,63.00974654163677,-1.730535027483303,5.360119459256256,53.4369522992766,,77.49909137962275,0.3004236496053636
12429,62.99691822438864,-1.734680487888611,5.360574136930106,53.4369522992766,,77.50344254641895,0.3004324389621615
12430,63.00333026737179,-1.742864452909584,5.361030743162335,53.4369522992766,,77.50783853569648,0.3004411701112986
12431,63.00098290190927,-1.733834250946677,5.361489522418278,53.4369522992766,,77.51226820290412,0.3004498139489442
12432,63.00646310177145,-1.733313299397617,5.361948878649898,53.4369522992766,,77.51668875539494,0.3004584577865899
12433,62.98903446706482,-1.734349399918974,5.362407842224715,53.4369522992766,,77.52108275687414,0.3004670434165746
12434,62.9701523503828,-1.739310575139987,5.362864960463027,53.4369522992766,,77.52544380276004,0.3004756290465593
12435,62.97151918074786,-1.730575434241117,5.363317796864708,53.4369522992766,,77.52975558490373,0.3004841855727136
12436,62.99182147804203,-1.733349541039784,5.363767168987106,53.4369522992766,,77.53403214708085,0.3004926547873765
12437,62.99965223629793,-1.73892154686721,5.364219377605151,53.4369522992766,,77.53835219624868,0.300501094898209
12438,62.99743274334202,-1.741061721998386,5.364676179900287,53.4369522992766,,77.54272111406527,0.3005094185937196
12439,62.99968836809209,-1.737397588406357,5.365137552887925,53.4369522992766,,77.54714044258226,0.3005176840815693
12440,63.00239114827193,-1.737850064208484,5.365600016991053,53.4369522992766,,77.55157209334786,0.3005258913617581
12441,62.98744181559436,-1.736828571354029,5.366060818861863,53.4369522992766,,77.55599992743697,0.3005340695381165
12442,62.97984057321811,-1.738898232737204,5.366514993228456,53.4369522992766,,77.56035376995848,0.3005421895068139
12443,62.98468754394726,-1.731406855547852,5.366962935549801,53.4369522992766,,77.56462948399775,0.3005503094755113
12444,63.00192449933309,-1.735237407054909,5.367409657051927,53.4369522992766,,77.56888119293109,0.30055837123654777
12445,63.01907289145431,-1.735695924485899,5.367860975531716,53.4369522992766,,77.57318146067473,0.3005663747899234
12446,63.00830521581026,-1.735247454255882,5.368318225639224,53.4369522992766,,77.57754737409054,0.3005742910318077
12447,62.99714105375261,-1.731108842906322,5.368778474683241,53.4369522992766,,77.58194408390878,0.300582149066031
12448,62.99406905346838,-1.73334984242823,5.369237238418775,53.4369522992766,,77.58632121057566,0.3005899197887629
12449,62.99545156240755,-1.730190851110744,5.369692498155502,53.4369522992766,,77.59066230018834,0.3005976614076644
12450,62.98932547801124,-1.736192570283813,5.370143335461606,53.4369522992766,,77.59496029924381,0.3006054030265659
12451,62.99584635947134,-1.731415217146532,5.370592374897983,53.4369522992766,,77.59924118766683,0.300613057333976
12452,62.9940663750227,-1.729131541553922,5.371043139310574,53.4369522992766,,77.60353982370681,0.3006206825375557
12453,62.99839052097013,-1.729668226518009,5.371496998696108,53.4369522992766,,77.60786438728259,0.3006282495334744
12454,62.98974494506124,-1.735769309642212,5.371953064445425,53.4369522992766,,77.61221334293361,0.3006357292179018
12455,62.97787603446918,-1.725366232373497,5.372409163320089,53.4369522992766,,77.61656162100749,0.3006431797984987
12456,62.97026809690654,-1.724343562785376,5.372861337461202,53.4369522992766,,77.62086552092612,0.3006505430676043
12457,62.97785550015049,-1.731737510549733,5.373308691540076,53.4369522992766,,77.62511902664816,0.3006578190252185
12458,62.99272167412955,-1.737671432940565,5.37375481668514,53.4369522992766,,77.62936345614465,0.3006650658790022
12459,62.98064936926295,-1.725465233807965,5.374204049641744,53.4369522992766,,77.63364337417477,0.300672254525125
12460,62.98230066938028,-1.725736226470171,5.374656918797172,53.4369522992766,,77.63795911947895,0.3006794140674174
12461,62.98287037979759,-1.728261340095816,5.375110586164155,53.4369522992766,,77.64227913362936,0.3006865154020488
12462,62.98467215806815,-1.732565315677556,5.375565843687871,53.4369522992766,,77.64662081300685,0.3006935876328498
12463,62.99080704585852,-1.727476419296801,5.376021516718542,53.4369522992766,,77.6509806466483,0.3007006307598203
12464,62.97138244658248,-1.725921238554968,5.37647545804603,53.4369522992766,,77.65533320192777,0.300707557471469
12465,62.95463677759793,-1.729512456810949,5.376927974753597,53.4369522992766,,77.65967051962357,0.3007144550792873
12466,62.94309719080199,-1.730372551684772,5.377377881444419,53.4369522992766,,77.66396249068316,0.3007212653756142
12467,62.96142531917545,-1.728804165148639,5.377826481053948,53.4369522992766,,77.66822585175768,0.3007279883604497
12468,62.97822454898827,-1.728936840789913,5.378276488828996,53.4369522992766,,77.67250748657753,0.3007346822414547
12469,62.98517625783809,-1.732732967717984,5.378727552890242,53.4369522992766,,77.67680801458225,0.3007413179147989
12470,62.99885319059229,-1.735582903935475,5.379178715865583,53.4369522992766,,77.68112314434993,0.3007479244843125
12471,63.00887114159161,-1.728003633150224,5.379631203613471,53.4369522992766,,77.68546826057303,0.3007544728461653
12472,63.00096953827673,-1.727026184144985,5.380087819707256,53.4369522992766,,77.68987962576125,0.3007610212080181
12473,62.97501595588113,-1.729402158077373,5.380546961262908,53.4369522992766,,77.69431314645522,0.3007674822583795
12474,62.95589051984916,-1.73044512752193,5.381004250452287,53.4369522992766,,77.69869402836302,0.3007739142049104
12475,62.96477505013912,-1.730412486239721,5.381458356935893,53.4369522992766,,77.70301948375383,0.3007802879437804
12476,62.95590994651549,-1.729049275329627,5.381908879524087,53.4369522992766,,77.7073119335042,0.3007865743711591
12477,62.96098481998449,-1.731116526333794,5.382353744608578,53.4369522992766,,77.7115445455184,0.3007928316947073
12478,62.97482562468799,-1.730708451632304,5.382794843873024,53.4369522992766,,77.71573919612213,0.3007990308105946
12479,62.97707601684723,-1.726365852387966,5.383238340529562,53.4369522992766,,77.71997230337405,0.3008051717188209
12480,62.97498996719083,-1.727991417415919,5.38368796039027,53.4369522992766,,77.72428085511812,0.3008113126270473
12481,62.96522579111759,-1.727262238352685,5.38414153041992,53.4369522992766,,77.72862321401817,0.3008174244314432
12482,62.97197468127793,-1.734238025821536,5.384597445412894,53.4369522992766,,77.73298147044201,0.3008235071320087
12483,62.99841653487574,-1.734379147613635,5.385054418908735,53.4369522992766,,77.73735969838881,0.3008295316249132
12484,62.97845680185048,-1.729347918660708,5.385511537409761,53.4369522992766,,77.74177010015535,0.3008354688063264
12485,62.98059293677831,-1.728971125474996,5.385965500301913,53.4369522992766,,77.7461509377557,0.3008413186762482
12486,62.96859447709981,-1.732912664175214,5.386415682473754,53.4369522992766,,77.75047943177076,0.3008471394423395
12487,62.96710300032185,-1.733315678795176,5.386865650331492,53.4369522992766,,77.75479361346885,0.30085290200077003
12488,62.96572879647039,-1.728290866631474,5.387316606752937,53.4369522992766,,77.759113662483,0.3008586645592004
12489,62.96927795005843,-1.730773930114707,5.387768088740701,53.4369522992766,,77.7634364704739,0.3008643980138004
12490,62.97595450757225,-1.736729002708941,5.388219528056216,53.4369522992766,,77.76776103753483,0.3008701023645699
12491,62.96224139700772,-1.725128426774698,5.388669817949051,53.4369522992766,,77.77207409934252,0.3008757194038481
12492,62.95611721448702,-1.724081384729402,5.389118374863486,53.4369522992766,,77.77636748086127,0.3008812782354653
12493,62.96449569549729,-1.73162254531064,5.389566929621583,53.4369522992766,,77.78066158973559,0.3008867788594216
12494,62.98967916313377,-1.739581105089628,5.39001847558988,53.4369522992766,,77.78499287861085,0.300892221275717
12495,62.97431052854645,-1.731834842590828,5.390474655731887,53.4369522992766,,77.78938513609091,0.3008975763805211
12496,62.95772710271036,-1.72992564138034,5.390932243317946,53.4369522992766,,77.79378271119094,0.3009028441738337
12497,62.95380386129409,-1.731498013742038,5.391386761228278,53.4369522992766,,77.79813118292752,0.3009081119671464
12498,62.98064244529958,-1.739571474960254,5.391835742520463,53.4369522992766,,77.80241368636389,0.3009133215527982
12499,62.97326477436479,-1.732025628521799,5.392282852897495,53.4369522992766,,77.8066941997571,0.3009185020346195
12500,62.96433106000704,-1.731368051409134,5.392731572694566,53.4369522992766,,77.81100220718814,0.3009236534126103
12501,62.96738560598143,-1.733018982822948,5.393181803419335,53.4369522992766,,77.81532123499969,0.3009287174791098
12502,62.97248552378653,-1.739468028168538,5.393633408056592,53.4369522992766,,77.81964368799957,0.3009337233379483
12503,62.96898547165544,-1.730578408741564,5.394086080077965,53.4369522992766,,77.82397291937967,0.3009386418852955
12504,62.96781335079528,-1.728038060081711,5.394538545756769,53.4369522992766,,77.82830965218444,0.3009435313288122
12505,62.97763348009434,-1.734124435727097,5.394989334402281,53.4369522992766,,77.83264136348714,0.3009483334608376
12506,62.99300665727878,-1.738474731185606,5.395437790999327,53.4369522992766,,77.83695621377923,0.3009531064890325
12507,62.9843211875901,-1.731564738735474,5.395886818728859,53.4369522992766,,77.84128574239018,0.3009578213095665
12508,62.96934549453145,-1.728634309971876,5.396337811649206,53.4369522992766,,77.8456296899783,0.30096250702627
12509,62.95478884705317,-1.732549214715191,5.396789380506156,53.4369522992766,,77.84995278254436,0.3009671636391431
12510,62.97134533296839,-1.73868286351369,5.397240412057585,53.4369522992766,,77.85425402146475,0.3009717911481857
12511,62.97512306121587,-1.732239029280604,5.397691447953435,53.4369522992766,,77.85856124041823,0.300976331345737
12512,62.99924239417803,-1.737958919140816,5.398141703970702,53.4369522992766,,77.86287050670002,0.3009808133356273
12513,63.01632009025165,-1.737589952855106,5.398591255257132,53.4369522992766,,77.86719517487296,0.3009852080140263
12514,63.03316684717849,-1.742304866980405,5.399043750189026,53.4369522992766,,77.87157428065713,0.3009895153809339
12515,63.0246334812512,-1.736282374231684,5.399500601814545,53.4369522992766,,77.87601700204468,0.3009937645401806
12516,63.02325473531748,-1.732283545936618,5.399959970206166,53.4369522992766,,77.88049310385219,0.3009979845955968
12517,62.99936405139619,-1.733857171420965,5.400417737613866,53.4369522992766,,77.88493843185667,0.301002204651013
12518,62.97849780359276,-1.737707619645103,5.400870689549944,53.4369522992766,,77.88930296877591,0.3010063664987683
12519,62.97014550453683,-1.734392148951457,5.401315401238866,53.4369522992766,,77.8935482091334,0.3010105283465236
12520,62.99469087912965,-1.732164194202661,5.401754456170311,53.4369522992766,,77.89772094700754,0.3010146028827876
12521,63.00517478650578,-1.73541282046929,5.402196443952482,53.4369522992766,,77.90193697658617,0.3010186192113906
12522,63.02252547437821,-1.743146104797874,5.402646137871528,53.4369522992766,,77.90624524240859,0.3010224900208414
12523,63.01281674682144,-1.734711140271163,5.403103401791541,53.4369522992766,,77.91064714673648,0.3010263026226312
12524,63.01185107941209,-1.736142487889856,5.403565089132501,53.4369522992766,,77.9151077766352,0.3010300570167601
12525,63.02529812950472,-1.743514204292086,5.404024528675067,53.4369522992766,,77.9195575665439,0.30103378230705863
12526,63.0131591630387,-1.74258869025118,5.404479608160599,53.4369522992766,,77.92398645765957,0.3010374493896961
12527,63.00168051482643,-1.734530067599831,5.404928169563394,53.4369522992766,,77.92833346507047,0.3010411164723337
12528,62.99465263950849,-1.732738894123835,5.405372598536921,53.4369522992766,,77.93261256593848,0.3010447253473103
12529,63.00865321400795,-1.73806789037896,5.405816340681264,53.4369522992766,,77.93686291984378,0.301048276014626
12530,63.04003082954284,-1.740871539301813,5.406264381249951,53.4369522992766,,77.94115783072438,0.3010517393704504
12531,63.02585861427939,-1.737345318585749,5.406719567353123,53.4369522992766,,77.94554925190909,0.3010551154147834
12532,63.02555290281758,-1.735349165130776,5.407176341538598,53.4369522992766,,77.94996592260892,0.3010584332514554
12533,63.02631628702489,-1.734996233405368,5.40763050329547,53.4369522992766,,77.95435443852449,0.3010616928804666
12534,63.01421378291157,-1.738268326494818,5.408083390626663,53.4369522992766,,77.9587301838486,0.3010649234056473
12535,63.01741550557472,-1.735278872777376,5.408536720309718,53.4369522992766,,77.96311212997188,0.3010681248269975
12536,63.01268398100086,-1.731842558322089,5.408988674262904,53.4369522992766,,77.96747369782905,0.3010712680406868
12537,63.00987333423174,-1.73659118106596,5.409438693097946,53.4369522992766,,77.97180031801433,0.3010743530467153
12538,62.9958481949415,-1.741071410832881,5.409887370691313,53.4369522992766,,77.97610163825487,0.3010804357472807
12539,62.99003715159509,-1.733698824495411,5.41033488594729,53.4369522992766,,77.98038271744024,0.301095744362101
12540,62.99858999619825,-1.732209192341915,5.410779628799453,53.4369522992766,,77.98462872524271,0.3011109947692603
12541,63.00204789172683,-1.733672748933021,5.411222586759556,53.4369522992766,,77.98886440265807,0.3011262160725892
12542,63.00407593635766,-1.738836540216731,5.411666147231248,53.4369522992766,,77.99311808612852,0.3011413791682571
12543,63.01581799027967,-1.735882881667977,5.412110520107445,53.4369522992766,,77.99738511977351,0.3011564840562642
12544,63.0085949716031,-1.732334697601434,5.412556199196008,53.4369522992766,,78.0016730371349,0.3011715598404408
12545,63.00552423309271,-1.73470769827909,5.413004758900644,53.4369522992766,,78.00599206448578,0.3011865774169564
12546,63.00029689784081,-1.73907954216786,5.413456808348952,53.4369522992766,,78.01034838047674,0.3012015658896416
12547,62.98952856860807,-1.731935988378525,5.413910465567881,53.4369522992766,,78.01472310824204,0.3012164670508355
12548,62.9778694783211,-1.731807837136357,5.414361519371734,53.4369522992766,,78.01906369685165,0.3012313100043684
12549,62.97620003463875,-1.732543319305698,5.414806669191179,53.4369522992766,,78.02333440493747,0.3012460947502404
12550,62.9922317558859,-1.73834416573949,5.415246312905948,53.4369522992766,,78.02754078683213,0.301260850392282
12551,62.99089340184468,-1.732746612925553,5.415687725336475,53.4369522992766,,78.03177843372632,0.3012755478266627
12552,63.00397430202771,-1.732493016176046,5.416132703941224,53.4369522992766,,78.03605486256018,0.3012901870533824
12553,63.01244624262434,-1.734160192080923,5.416580895065307,53.4369522992766,,78.04036718751914,0.3013047680724412
12554,63.01347707018097,-1.733881783907707,5.417032080789031,53.4369522992766,,78.04471962960342,0.3013193199876696
12555,63.01322613258364,-1.73052028647869,5.417485305719204,53.4369522992766,,78.04910211354695,0.3013337845914066
12556,62.9954792051854,-1.731732353324722,5.417937168573657,53.4369522992766,,78.0534802271945,0.3013481618836522
12557,62.98118375538239,-1.733256583302137,5.418384384669356,53.4369522992766,,78.05780690810573,0.3013625100720674
12558,62.97707169552659,-1.734719429438184,5.418826574957343,53.4369522992766,,78.06205702778625,0.3013768000528216
12559,63.00001282412967,-1.735039423149141,5.419268216561012,53.4369522992766,,78.06628607184375,0.301391031825915
12560,62.98240009055698,-1.729953662955345,5.419713227537183,53.4369522992766,,78.07055482361916,0.301405176287517
12561,62.98129255175301,-1.732443166846459,5.420161533209546,53.4369522992766,,78.07486025758213,0.3014192916452885
12562,62.98745766674646,-1.737231012794693,5.420607510584104,53.4369522992766,,78.07914281501246,0.3014333487953991
12563,62.99166449641861,-1.731637655991622,5.421051047170115,53.4369522992766,,78.08340744563303,0.3014473477378488
12564,63.00065353255604,-1.730368515019975,5.421494851841206,53.4369522992766,,78.08768630109071,0.3014613466802984
12565,62.9918827104709,-1.729937446275005,5.42194166305576,53.4369522992766,,78.09200970083744,0.3014752583112568
12566,62.97381497070174,-1.73384087997864,5.422390808016778,53.4369522992766,,78.09636088857663,0.3014891117345542
12567,62.96404911893367,-1.729624164234484,5.42283763827851,53.4369522992766,,78.10066818628938,0.3015029069501907
12568,62.9811656616658,-1.732881601343037,5.423281580596404,53.4369522992766,,78.10493230209585,0.3015165857505053
12569,62.96936707795392,-1.732517084869964,5.42372504574313,53.4369522992766,,78.10919838556386,0.3015302354469895
12570,62.9812974942628,-1.736046304656343,5.424167971568904,53.4369522992766,,78.1134570885159,0.3015438269358128
12571,62.98035549057885,-1.728897787241316,5.424607857020975,53.4369522992766,,78.11768022256808,0.3015573602169752
12572,62.98189977799738,-1.729693830777288,5.425048055499627,53.4369522992766,,78.12191143324793,0.3015708934981376
12573,62.98389186903254,-1.731592535038593,5.425492320751247,53.4369522992766,,78.12618970899071,0.3015843976754695
12574,62.97980777523716,-1.73404443136803,5.425940336250812,53.4369522992766,,78.13051056864938,0.3015978436451405
12575,62.97179790185129,-1.727905207165281,5.426389854867062,53.4369522992766,,78.13484794873352,0.3016112314071506
12576,62.96456084301988,-1.730931602123939,5.426838761028383,53.4369522992766,,78.13917837930595,0.3016245318576694
12577,62.97412259915755,-1.735105213626531,5.42728556994884,53.4369522992766,,78.14348165548863,0.3016377741005272
12578,62.96576791450296,-1.732909957059491,5.427730771765647,53.4369522992766,,78.14777983279187,0.3016508999280632
12579,62.96248021172399,-1.730126039028597,5.428173360124857,53.4369522992766,,78.15204960560159,0.3016639966517687
12580,62.96757944321659,-1.729943755712205,5.428614211076495,53.4369522992766,,78.15629340310137,0.3016770351678133
12581,62.97548050241127,-1.732770675223938,5.429055299336325,53.4369522992766,,78.16053353755697,0.3016900445800275
12582,62.97065758815653,-1.732694421939172,5.429498701600333,53.4369522992766,,78.16479827826238,0.3017030248884112
12583,62.96404566063369,-1.732664082301054,5.429945134155865,53.4369522992766,,78.16909467792719,0.301715946989134
12584,62.9585789071843,-1.728178803291828,5.430391451230183,53.4369522992766,,78.17339106720134,0.3017288399860263
12585,62.96937469809566,-1.729065477583174,5.430836097751714,53.4369522992766,,78.17767303689234,0.3017416456714272
12586,62.95586870892821,-1.734506112016258,5.431279950105842,53.4369522992766,,78.1819516959911,0.3017543640453368
12587,62.95843198085903,-1.732375849732936,5.431724231987479,53.4369522992766,,78.18623123441164,0.3017669951077551
12588,62.96307205970394,-1.728349400951982,5.43216871123843,53.4369522992766,,78.19051714581066,0.3017795679625124
12589,62.98528918253788,-1.73473476071309,5.432613193729035,53.4369522992766,,78.19480250935912,0.3017920826096088
12590,62.97677508029395,-1.736173672187333,5.433057204129437,53.4369522992766,,78.19909084790638,0.3018045390490443
12591,62.97932401518739,-1.731353627011006,5.433500429451653,53.4369522992766,,78.20338118694137,0.3018169663846493
12592,62.97949707485282,-1.727641098859417,5.433944151104313,53.4369522992766,,78.20768661821505,0.3018293646164238
12593,62.96605770443009,-1.730886469599017,5.434389950933575,53.4369522992766,,78.21201329919133,0.301841733744368
12594,62.96874139294582,-1.736965211785557,5.434835269585162,53.4369522992766,,78.2163142402657,0.3018540155608207
12595,62.98428483081128,-1.733864737248207,5.435279091334334,53.4369522992766,,78.22058398261795,0.3018662100657821
12596,62.9798527374974,-1.730946310460171,5.435725059669622,53.4369522992766,,78.22488529039103,0.3018783172592521
12597,62.99369721903955,-1.732725288889381,5.436173173373825,53.4369522992766,,78.22921855985092,0.3018903662450612
12598,62.98805358623702,-1.734991443967729,5.436620316895275,53.4369522992766,,78.2335509012535,0.3019022988155484
12599,62.98541795982798,-1.732070053226471,5.437065221994234,53.4369522992766,,78.23786731207876,0.3019142313860357
12600,62.97951429012814,-1.729623363630023,5.43750724421933,53.4369522992766,,78.24215638980328,0.3019261348526925
12601,62.97827310147389,-1.732566900370984,5.43794777340006,53.4369522992766,,78.2464207687199,0.3019380092155188
12602,62.98718037829173,-1.735640534818033,5.438390168910027,53.4369522992766,,78.2506968232101,0.3019498544745147
12603,62.96718144975797,-1.731009140940919,5.438835905086386,53.4369522992766,,78.25500756513472,0.3019616124220192
12604,62.98281508334227,-1.734204325605746,5.43928248874785,53.4369522992766,,78.25931969737246,0.3019732830580324
12605,63.01243139333201,-1.737948444631322,5.439727304382938,53.4369522992766,,78.26361285801103,0.3019848663825542
12606,63.02757419172138,-1.739726373172897,5.440174683880652,53.4369522992766,,78.26796170348736,0.3019963332917541
12607,63.02441467309161,-1.735924939733782,5.44062580693693,53.4369522992766,,78.27238438982975,0.3020077710971236
12608,62.99013891029738,-1.735523794729485,5.441079099307847,53.4369522992766,,78.27685143025445,0.3020191215910017
12609,62.97160123480465,-1.735001191228312,5.441530119275994,53.4369522992766,,78.28128128055818,0.3020305011887103
12610,62.98783296110788,-1.738900062357085,5.44197381747431,53.4369522992766,,78.28559244422492,0.3020418516825885
12611,63.01139292890922,-1.734080532864721,5.442412906678354,53.4369522992766,,78.28983675176191,0.30205317307263607
12612,63.00523336558074,-1.734174605942212,5.442853156320657,53.4369522992766,,78.29408938510052,0.3020644071511924
12613,62.9895229301676,-1.737142407497768,5.443296927666694,53.4369522992766,,78.29838135638374,0.3020755539182574
12614,62.97033735477574,-1.736988880828046,5.443742212384507,53.4369522992766,,78.30269045098107,0.3020866133738309
12615,62.96511789168256,-1.734981954290811,5.444186701173281,53.4369522992766,,78.30698874800673,0.3020975855179131
12616,62.98571891941444,-1.732952926479153,5.444630347856784,53.4369522992766,,78.3112811342535,0.3021085285581648
12617,62.97187069989965,-1.731893183184173,5.445074758372124,53.4369522992766,,78.31559217651002,0.3021193842869252
12618,62.96691350949964,-1.739058336223749,5.445517519815647,53.4369522992766,,78.3198749686729,0.3021302109118551
12619,62.97170164118377,-1.73635906084391,5.445957654860463,53.4369522992766,,78.32412093195609,0.3021409793291241
12620,62.97346180361222,-1.731274299575722,5.446398122714771,53.4369522992766,,78.32836782721907,0.3021517186425626
12621,62.96612783655614,-1.731786821707504,5.446842054254192,53.4369522992766,,78.33266624461297,0.3021623997483402
12622,62.95245427616356,-1.738607760945797,5.447287276777004,53.4369522992766,,78.33697931435242,0.302173022646457
12623,62.94656126260324,-1.733516228173209,5.447731016083603,53.4369522992766,,78.34126439027422,0.3021835582330823
12624,62.96755279739799,-1.734153818280006,5.448172621027904,53.4369522992766,,78.34552215929936,0.3021940356120467
12625,62.97990723491223,-1.738384723463912,5.44861545502167,53.4369522992766,,78.34980368793555,0.3022043965756893
12626,63.00581452933518,-1.746149559936534,5.449060069950426,53.4369522992766,,78.35411239484107,0.3022147284355015
12627,63.02567580750545,-1.736569159227167,5.449505884190981,53.4369522992766,,78.35845121817826,0.3022249729838222
12628,63.03891639052806,-1.734928097676386,5.449955019514643,53.4369522992766,,78.36285347755394,0.3022351884283125
12629,63.01919046499249,-1.737175123832135,5.450407852518391,53.4369522992766,,78.36731731199981,0.3022453747689724
12630,62.99785247804927,-1.73923875411336,5.450859853256118,53.4369522992766,,78.37174769515364,0.3022555320058018
12631,62.97571909129958,-1.73385827487675,5.45130674715732,53.4369522992766,,78.37608095665759,0.3022656601388007
12632,62.97932531040364,-1.737861878823314,5.45174771023548,53.4369522992766,,78.38032688633885,0.3022757009603083
12633,62.99782418389621,-1.740182950606286,5.45218562603098,53.4369522992766,,78.38454346551853,0.302285683574155
12634,63.00509834104039,-1.741388895514012,5.452624943258714,53.4369522992766,,78.38879269738267,0.3022955788765103
12635,63.01633217182982,-1.73434126042382,5.453067510367499,53.4369522992766,,78.39309120366975,0.3023053868673742
12636,63.02318012290708,-1.735915413532389,5.453512891910457,53.4369522992766,,78.39743180287147,0.3023151366505772
12637,62.99930142826387,-1.739291458463191,5.453960669355753,53.4369522992766,,78.40181157530196,0.3023248573299497
12638,62.980344988198,-1.737620022395352,5.454408686562256,53.4369522992766,,78.40619039431253,0.3023345780093223
12639,62.97380354067987,-1.732273894409161,5.454851032589739,53.4369522992766,,78.41048390910692,0.3023442695848644
12640,62.9989430517798,-1.737393440832042,5.455288115334107,53.4369522992766,,78.41470789410765,0.3023539029527456
12641,63.00178937022347,-1.737059274526581,5.45572509094131,53.4369522992766,,78.41894304481933,0.3023634199053049
12642,63.01341956272915,-1.739239096654948,5.456163878558366,53.4369522992766,,78.42320152104269,0.3023728495463729
12643,63.00827165950884,-1.736484891189693,5.456604405170249,53.4369522992766,,78.4274834084859,0.30238222097978
12644,62.99533267435664,-1.736000925169355,5.457049122283632,53.4369522992766,,78.43182296879421,0.3023915051016957
12645,62.99942038855829,-1.73595902841474,5.457493904360401,53.4369522992766,,78.4361487609565,0.3024007892236114
12646,62.99719219453011,-1.73664079344373,5.457935311572609,53.4369522992766,,78.44042430899337,0.3024100733455271
12647,62.98934520817842,-1.730382294107819,5.458373709506952,53.4369522992766,,78.44467009426602,0.3024193283636123
12648,62.989061559299,-1.731955620051887,5.458811801519602,53.4369522992766,,78.44891318477792,0.3024285251740366
12649,63.01271611149635,-1.740022293992072,5.459251641952058,53.4369522992766,,78.45317431350556,0.3024376055691391
12650,62.99755994956941,-1.735213864307966,5.459694444992337,53.4369522992766,,78.4574806613851,0.3024465986527503
12651,62.99225028849253,-1.737393088949265,5.460138678379653,53.4369522992766,,78.46181505261868,0.30245550442487
12652,63.00669979344521,-1.738537493990208,5.46058000394233,53.4369522992766,,78.4661172187227,0.3024643519893289
12653,63.00899819265486,-1.736460343984934,5.461019714332355,53.4369522992766,,78.47040551334419,0.3024731704499573
12654,63.0201524672206,-1.73658963493774,5.461460593859239,53.4369522992766,,78.4747067076829,0.3024819598067552
12655,63.01243014039935,-1.740643927686343,5.461904150373053,53.4369522992766,,78.47904274540618,0.3024906909558922
12656,63.00250920508572,-1.740190864600675,5.462349185701646,53.4369522992766,,78.48339292412848,0.3024993930011988
12657,63.00046956244193,-1.736142969539664,5.462793225620122,53.4369522992766,,78.48772528826632,0.3025080368388444
12658,63.00032560078343,-1.735848188934517,5.463235083877325,53.4369522992766,,78.4920323401034,0.3025166224688292
12659,62.99155926243499,-1.7343721470325,5.46367604464312,53.4369522992766,,78.49632764402185,0.3025251207873225
12660,62.97509955164476,-1.730584258912311,5.464116391296822,53.4369522992766,,78.50061479247546,0.3025335900019854
12661,62.9760989882511,-1.732529065871686,5.464554330584818,53.4369522992766,,78.50486239442533,0.302541971905157
12662,62.97040475856748,-1.734418784668353,5.464990719556452,53.4369522992766,,78.50908729084026,0.3025502664968371
12663,62.95908449120783,-1.733317872332448,5.465426617224623,53.4369522992766,,78.5132997196144,0.3025585028808564
12664,62.97920496691245,-1.732446548052875,5.465861254356681,53.4369522992766,,78.5174957670737,0.3025667101610452
12665,62.97605844392662,-1.729218240183288,5.466296001938835,53.4369522992766,,78.52170699877661,0.3025748592335731
12666,62.98951025533461,-1.738244926443699,5.466733108820003,53.4369522992766,,78.52595299146464,0.3025829792022705
12667,62.9812029001285,-1.735102168310114,5.467174397629247,53.4369522992766,,78.53026072243424,0.302591040963307
12668,62.98460478336921,-1.7324049040907,5.46761825442956,53.4369522992766,,78.53460104709208,0.3025990154128522
12669,62.98322298440566,-1.731517716673978,5.468061882554127,53.4369522992766,,78.53894177772003,0.3026069607585669
12670,62.96997216452168,-1.738555455374152,5.468505026107144,53.4369522992766,,78.54327805573988,0.3026148478966206
12671,62.97416585581655,-1.73225215291771,5.468946337329379,53.4369522992766,,78.54758962766466,0.3026227350346744
12672,62.96513052522221,-1.72780851528889,5.469384568611766,53.4369522992766,,78.55186560142748,0.3026305348612368
12673,62.97283704731749,-1.733342111243481,5.469821013764924,53.4369522992766,,78.55611022192413,0.3026382764801383
12674,62.96842543064574,-1.734952636311397,5.47025634229941,53.4369522992766,,78.56033585424147,0.3026459307875484
12675,62.95687510417103,-1.73007460207683,5.47069105749298,53.4369522992766,,78.5645460702611,0.3026535559911281
12676,62.97816467550783,-1.732950410648249,5.471126568103006,53.4369522992766,,78.5687593418528,0.3026611229870468
12677,62.9777109827268,-1.733415351538565,5.471564441474701,53.4369522992766,,78.57301178517287,0.3026686608791351
12678,62.99050667935194,-1.735689382568453,5.472003975287953,53.4369522992766,,78.57729655094506,0.3026761114597321
12679,62.99207048250732,-1.732647521898515,5.47244338893648,53.4369522992766,,78.58159037019352,0.3026835329364985
12680,62.99497217727101,-1.73530148309087,5.472884377564459,53.4369522992766,,78.5859088144128,0.3026908962056041
12681,62.98699562920386,-1.734549701903434,5.473326018091242,53.4369522992766,,78.59024087572169,0.3026981721632183
12682,62.98964479077401,-1.737385491530896,5.473766707846309,53.4369522992766,,78.59455852582866,0.302705419017002
12683,62.98439146911213,-1.729123838236455,5.474206757658559,53.4369522992766,,78.59886080455956,0.3027126076631248
12684,62.97748692988944,-1.728552900010546,5.474647065564465,53.4369522992766,,78.60315933729207,0.3027197381015867
12685,62.96200249389669,-1.729503701008386,5.475084644158783,53.4369522992766,,78.60741184295101,0.3027268685400486
12686,62.96341397535812,-1.732197290737506,5.475519373555731,53.4369522992766,,78.61162174796826,0.3027339407708496
12687,62.99317231938066,-1.735455760451474,5.475952705087693,53.4369522992766,,78.6158203116014,0.3027409256901592
12688,62.97925770514887,-1.729940176462459,5.476388524098661,53.4369522992766,,78.62007208776802,0.3027478232979774
12689,62.97992353815988,-1.731613315538144,5.47682705316253,53.4369522992766,,78.62436004461081,0.3027546626981348
12690,62.9963672496533,-1.736207445943925,5.477267431422386,53.4369522992766,,78.62867208689957,0.3027614729944617
12691,62.97942025437773,-1.731170129459897,5.47771025047952,53.4369522992766,,78.63302171510188,0.3027682250831276
12692,62.97946317509799,-1.732951911302949,5.478151492042064,53.4369522992766,,78.63734336739364,0.3027749189641327
12693,62.97088635704487,-1.732860112884608,5.478589581254271,53.4369522992766,,78.64162497761482,0.3027815546374768
12694,62.97772467061034,-1.735296463345751,5.479025802271232,53.4369522992766,,78.64587514989407,0.3027881612069905
12695,62.97209732154495,-1.730615954874023,5.479463179680536,53.4369522992766,,78.65013576669692,0.3027946804650128
12696,62.96268849499276,-1.729574438940182,5.479900532490138,53.4369522992766,,78.65439016465835,0.3028011706192046
12697,62.97853334499852,-1.731479516562113,5.480336985718443,53.4369522992766,,78.65863569094583,0.3028076025657356
12698,62.99370260100401,-1.735711225656677,5.480775064535634,53.4369522992766,,78.6629088861154,0.3028139763046056
12699,62.9765111295548,-1.733351669920699,5.481216576529844,53.4369522992766,,78.6672438051123,0.3028202918358147
12700,62.98123621575914,-1.737283988733533,5.481657663509996,53.4369522992766,,78.67157788104478,0.3028265200555325
12701,62.98778510585747,-1.736394187364696,5.482096067031175,53.4369522992766,,78.6758793150178,0.3028392675332725
12702,62.97443115909843,-1.733606788585432,5.482534312776608,53.4369522992766,,78.68017943212902,0.3028709616046399
12703,62.97782016284426,-1.73290014910804,5.482972501528525,53.4369522992766,,78.6844701123525,0.3029025683645159
12704,62.9730169671719,-1.732805948257646,5.483409944616579,53.4369522992766,,78.68874249202882,0.302934116916731
12705,62.96510531938899,-1.732052944907309,5.48384584520248,53.4369522992766,,78.69298760757658,0.3029656072612852
12706,62.96667100326064,-1.73461330846944,5.48427875488315,53.4369522992766,,78.69719327512894,0.3029970393981785
12707,62.98376073198703,-1.735039426550142,5.484710390777149,53.4369522992766,,78.70138298260117,0.3030284424312413
12708,62.99150808618332,-1.733485182002469,5.485144222815123,53.4369522992766,,78.7056042763978,0.3030597581528127
12709,63.00585919047843,-1.736241083479288,5.485581926648901,53.4369522992766,,78.70987819165114,0.3030910156667233
12710,62.99799100263621,-1.738586587260919,5.486023985371965,53.4369522992766,,78.7142154439338,0.3031222440768033
12711,63.01645983447444,-1.742287253729819,5.486467941263548,53.4369522992766,,78.71858409443654,0.303153385175392
12712,63.01320686355302,-1.732850539401404,5.486911208661486,53.4369522992766,,78.72296424874979,0.3031844680663198
12713,63.02279087283755,-1.736609163334458,5.487352420353879,53.4369522992766,,78.72732233160917,0.3032155218534172
12714,63.01765805317274,-1.73714101553146,5.487792080522349,53.4369522992766,,78.73166788950098,0.3032464883290231
12715,63.00003785891757,-1.734085119992421,5.488229152319509,53.4369522992766,,78.73597732563702,0.3032774257007986
12716,62.99087240827014,-1.730198178420483,5.488662403680494,53.4369522992766,,78.74021835776858,0.3033082757610828
12717,62.99741834022669,-1.735506366472111,5.489093813436547,53.4369522992766,,78.7444159328278,0.3033390967175364
12718,63.02525282275887,-1.740967309608709,5.489527716094353,53.4369522992766,,78.74864055024881,0.3033698303624988
12719,63.01272919939561,-1.736467457225893,5.489967119579097,53.4369522992766,,78.75294628181672,0.3034005349036306
12720,63.01929404051058,-1.739077485157924,5.490409533905117,53.4369522992766,,78.75729520000975,0.3034311521332711
12721,63.02189085931474,-1.736459857247139,5.490851272100255,53.4369522992766,,78.76164672456324,0.3034617402590811
12722,63.01178451680028,-1.737719301250771,5.491292557787345,53.4369522992766,,78.76600755513877,0.3034922410733998
12723,63.00063283838431,-1.734222093167995,5.491731597937598,53.4369522992766,,78.77034097803173,0.303522712783888
12724,62.9914108550975,-1.734592081525352,5.492166755153541,53.4369522992766,,78.7746212591928,0.3035530971828848
12725,62.99747408452354,-1.737436981717694,5.49259876328483,53.4369522992766,,78.77885085375422,0.3035834524780512
12726,62.99060281700184,-1.73305367510871,5.493030186536151,53.4369522992766,,78.78305613605608,0.3036137495655566
12727,62.99635716565886,-1.733211583488292,5.493463035841234,53.4369522992766,,78.78727226202781,0.3036439593415707
12728,62.99920897964424,-1.735727640801289,5.493897314230789,53.4369522992766,,78.7915176657833,0.3036741400137544
12729,62.9993271194501,-1.739955680974078,5.494332775578162,53.4369522992766,,78.79578685276309,0.3037042333744466
12730,63.01723250833982,-1.738935181054903,5.49477026190335,53.4369522992766,,78.800082692449,0.3037342976313084
12731,63.01778946072262,-1.738122153686587,5.495211201259051,53.4369522992766,,78.80442666598113,0.3037642745766789
12732,63.00063628863112,-1.737005769841875,5.495655638690863,53.4369522992766,,78.80882457572902,0.3037942224182189
12733,62.98910937714624,-1.736889757613405,5.496096904660964,53.4369522992766,,78.81317582663577,0.3038240829482675
12734,62.98263651707101,-1.736765108996327,5.496532171557499,53.4369522992766,,78.81744885903419,0.3038539143744856
12735,62.97495100837139,-1.734393874824059,5.49696297600053,53.4369522992766,,78.82166148301367,0.3038836584892124
12736,62.98745300645852,-1.733862005195931,5.497391633156516,53.4369522992766,,78.82584210158632,0.3039133735001087
12737,62.98871621109622,-1.734880278899371,5.497821611136349,53.4369522992766,,78.8300405495692,0.3039430011995137
12738,63.00552316082256,-1.739843221843561,5.498255074948386,53.4369522992766,,78.83427937017744,0.3039725997950882
12739,63.00491743165368,-1.736068009893541,5.49869077880531,53.4369522992766,,78.83855330790878,0.3040021110791713
12740,63.02595380313414,-1.736472828083752,5.49912790664688,53.4369522992766,,78.84285971559771,0.3040315641555935
12741,63.00326801468228,-1.736333169472049,5.499567008903163,53.4369522992766,,78.84720713015962,0.3040609881281853
12742,62.99300548719746,-1.738506175687052,5.500006946393791,53.4369522992766,,78.85156310367175,0.3040903247892857
12743,62.98008754608541,-1.734721353719781,5.500444248720039,53.4369522992766,,78.85587410682686,0.3041196323465556
12744,62.97513601429901,-1.732922952995252,5.500878292957614,53.4369522992766,,78.86013153262499,0.3041488525923342
12745,62.98584792305844,-1.733947939058907,5.501310154646513,53.4369522992766,,78.86435588235,0.3041780146304518
12746,62.9926474412129,-1.736300448854626,5.501742424859585,53.4369522992766,,78.8685901441076,0.3042071184609085
12747,63.00319164410003,-1.731086196198835,5.502175737447923,53.4369522992766,,78.87284255934384,0.3042361931875348
12748,63.0132635159468,-1.733691739741256,5.502610207104207,53.4369522992766,,78.87712163816867,0.3042651806026697
12749,63.02507105612666,-1.737895462438468,5.503046149932075,53.4369522992766,,78.88143175042572,0.3042941098101437
12750,63.01119553626398,-1.737322628837187,5.503484265607683,53.4369522992766,,78.88578066625946,0.3043229808099568
12751,63.00920253102704,-1.736698617985706,5.503922585745112,53.4369522992766,,78.89012518196326,0.304351793602109
12752,63.01211829326082,-1.735123996281417,5.504359598258175,53.4369522992766,,78.89444192731266,0.3043805481866002
12753,63.00488465209536,-1.734653329959109,5.504796011008839,53.4369522992766,,78.8987435171762,0.3044092445634305
12754,62.9891933404185,-1.734825990934182,5.505232300659367,53.4369522992766,,78.90303348871413,0.3044378827326
12755,62.97864045534164,-1.731466201351678,5.50566751211893,53.4369522992766,,78.90730560045631,0.3044664626941085
12756,62.98920930873958,-1.734610394798721,5.506099063886057,53.4369522992766,,78.91153249269206,0.3044949844479561
12757,62.98509322861925,-1.731741194630796,5.506527685934587,53.4369522992766,,78.91572904001715,0.3045234479941428
12758,62.9842717802639,-1.731715783755293,5.506956389928227,53.4369522992766,,78.91992646419415,0.3045518533326685
12759,62.98175603209666,-1.73245415222279,5.507386351043924,53.4369522992766,,78.924135837728,0.3045801713597029
12760,62.99417174608671,-1.731439274460182,5.507818727629084,53.4369522992766,,78.92837619205956,0.3046084602829069
12761,62.99838297481325,-1.726930671666021,5.508251677015559,53.4369522992766,,78.93263088044387,0.3046366909984499
12762,63.00105924180812,-1.731779080910025,5.508685572663248,53.4369522992766,,78.93690931506177,0.3046648344025016
12763,63.00466053053786,-1.733268739202886,5.509122866590789,53.4369522992766,,78.94123794916402,0.3046929487027228
12764,62.99562785520985,-1.72733786972377,5.509562433159546,53.4369522992766,,78.94559865132493,0.3047210047952831
12765,62.97815881866314,-1.728914003505001,5.510001401997703,53.4369522992766,,78.94994983578916,0.304748973576352
12766,62.97458883353201,-1.731868366231638,5.510436042021915,53.4369522992766,,78.95423146729951,0.30477688414976
12767,62.984883821235,-1.730901330181856,5.510865652121925,53.4369522992766,,78.9584404370744,0.3048047656193376
12768,62.98249399681861,-1.728447009800242,5.511293295025096,53.4369522992766,,78.96262175328641,0.3048325597774237
12769,62.98810778216168,-1.734904505520964,5.511721801836297,53.4369522992766,,78.96681198136848,0.304860295727849
12770,62.99958723248376,-1.734557067676985,5.512152595162266,53.4369522992766,,78.97103473957772,0.3048880025744438
12771,62.99657438183336,-1.726704456489162,5.512585638727868,53.4369522992766,,78.97529896588762,0.3049156221095473
12772,62.98534891345197,-1.727873594353887,5.513020386216542,53.4369522992766,,78.9795994921614,0.3049431834369898
12773,62.97941366339649,-1.728913127512983,5.51345508296908,53.4369522992766,,78.98390314561661,0.3049706865567714
12774,62.98926984746194,-1.73380395445127,5.513888063934964,53.4369522992766,,78.98818005620832,0.3049981314688921
12775,62.98233268269746,-1.731906857549977,5.514319756104509,53.4369522992766,,78.99244084158045,0.3050255181733519
12776,62.97641659705366,-1.727317554794886,5.514749051432036,53.4369522992766,,78.9966668511521,0.3050528466701508
12777,62.9747431036003,-1.726103172383013,5.515177044662823,53.4369522992766,,79.00087588287025,0.3050800878554583
12778,62.97406504150921,-1.731556388831534,5.515605269373774,53.4369522992766,,79.00508312293016,0.3051072999369353
12779,62.97624482205835,-1.728655411432585,5.51603456956291,53.4369522992766,,79.00929381013218,0.3051344538107514
12780,62.9950435144823,-1.729699454510263,5.516464582884412,53.4369522992766,,79.01350684145909,0.3051615203730762
12781,62.99401078526319,-1.732339454165241,5.516895789440804,53.4369522992766,,79.01773832289979,0.3051885578315705
12782,63.00545581092084,-1.7399126145447,5.51732934912166,53.4369522992766,,79.02200434145755,0.3052155079785734
12783,63.00443461220237,-1.733708483354202,5.51776491003568,53.4369522992766,,79.02631338661085,0.3052424290217459
12784,63.02828779879322,-1.735745136181214,5.518200827212428,53.4369522992766,,79.03064658459834,0.305269262753427
12785,63.02313957622964,-1.736051241657659,5.518636471002468,53.4369522992766,,79.03500039337173,0.3052960382774472
12786,63.01031358146211,-1.735922587221956,5.519070553358894,53.4369522992766,,79.03932866436912,0.3053227555938065
12787,63.00057051599605,-1.73448240918935,5.519503282202857,53.4369522992766,,79.04362175850277,0.3053494438063353
12788,62.98959111754557,-1.731722924752169,5.519933787344081,53.4369522992766,,79.04786275336897,0.3053760447073728
12789,62.99211855596198,-1.730364701162217,5.520361360331079,53.4369522992766,,79.05205092299572,0.3054025582969189
12790,63.02289260813622,-1.736420019441215,5.52078704661606,53.4369522992766,,79.05622066290198,0.3054290427826345
12791,63.0354296898083,-1.736104549451546,5.52121459701171,53.4369522992766,,79.06042909738386,0.3054554690606892
12792,63.0648928858383,-1.73448150522071,5.521648336291938,53.4369522992766,,79.06472473658063,0.305481837131083
12793,63.05590415695383,-1.735225590983188,5.522089047955899,53.4369522992766,,79.06912283027636,0.3055081469938159
12794,63.06391952351743,-1.742523256100742,5.522534831200987,53.4369522992766,,79.07360086113495,0.3055343695450574
12795,63.0426614001396,-1.73427412649794,5.522979510192257,53.4369522992766,,79.07808915332289,0.3055605629924685
12796,63.0229989735777,-1.730348553080956,5.523417905838225,53.4369522992766,,79.08250654337397,0.3055866691283882
12797,63.0147819778542,-1.733799582429479,5.523847723199237,53.4369522992766,,79.08678823511836,0.3056127170566469
12798,63.01100122504934,-1.736229815338813,5.524271897658663,53.4369522992766,,79.09096344292247,0.3056387067772448
12799,63.01008924127889,-1.733169920100026,5.524693619640221,53.4369522992766,,79.09508997002918,0.3056646673940122
12800,63.03874397420623,-1.734167152531369,5.525116420188242,53.4369522992766,,79.09922387961086,0.3056905406992882
12801,63.03699306584795,-1.736018259837941,5.525544328291088,53.4369522992766,,79.10343166683056,0.3057163557969034
12802,63.05018288056124,-1.741072125101754,5.525979816521046,53.4369522992766,,79.10775034213357,0.3057421126868576
12803,63.07116745838341,-1.736444668051472,5.526419526251507,53.4369522992766,,79.11214075453002,0.3057677822653204
12804,63.06306076292225,-1.73452235301562,5.526860662088418,53.4369522992766,,79.1165754895211,0.3057934227399528
12805,63.0644184989557,-1.736265493426735,5.527300811517122,53.4369522992766,,79.12102147278614,0.3058190050069243
12806,63.04685675253125,-1.739649212976594,5.527736824708272,53.4369522992766,,79.12541481465756,0.3058444999624044
12807,63.02314453360253,-1.735300485314401,5.528168062134905,53.4369522992766,,79.12971951444975,0.305869965814054
12808,63.00992879798071,-1.729761369780803,5.528595575462594,53.4369522992766,,79.13394678535937,0.3058953443542123
12809,63.00890270336282,-1.734730356921699,5.529021091137068,53.4369522992766,,79.13813128723532,0.3059206937905401
12810,63.03554872977189,-1.741243494581022,5.529447917853552,53.4369522992766,,79.14232581982901,0.3059459559153765
12811,63.01580527184569,-1.732762614328895,5.5298766824534,53.4369522992766,,79.14655498656629,0.3059711598325521
12812,63.02547980031608,-1.738025125496693,5.530306236142138,53.4369522992766,,79.15080420233389,0.3059963055420667
12813,63.02499669358957,-1.737792490522994,5.530735784289025,53.4369522992766,,79.15506706828889,0.3060213930439204
12814,63.04660401256942,-1.743163526007529,5.531166866210589,53.4369522992766,,79.15936155520147,0.3060464223381132
12815,63.03277166264686,-1.733090531277545,5.531601249684123,53.4369522992766,,79.16371205648932,0.3060713934246451
12816,63.0088990755997,-1.733904161853232,5.532037321074046,53.4369522992766,,79.1680731144975,0.3060962771996856
12817,62.99207535423854,-1.732956318297223,5.532470746512775,53.4369522992766,,79.17238434324298,0.3061211318708956
12818,63.00125201848491,-1.739591975110877,5.532899049273293,53.4369522992766,,79.17662846085851,0.3061458992306143
12819,63.03594013804722,-1.739092320253333,5.533324315445967,53.4369522992766,,79.18083416794165,0.3061706374865025
12820,63.01807831573036,-1.733882093251072,5.533751530833333,53.4369522992766,,79.18507567138901,0.3061952884308994
12821,63.01229870636862,-1.736814640455077,5.534181147978191,53.4369522992766,,79.18934570156864,0.3062198811676353
12822,63.03101815932712,-1.738190286437446,5.53461254372717,53.4369522992766,,79.19363412171883,0.3062444156967103
12823,63.00895870411717,-1.734125088212513,5.535045496215087,53.4369522992766,,79.19795638990894,0.3062688920181245
12824,63.00293347905833,-1.735595074512812,5.535478156919284,53.4369522992766,,79.20228102728534,0.3062933101318777
12825,63.00089720490823,-1.736450063155468,5.53590896229073,53.4369522992766,,79.20658017804809,0.3063176700379699
12826,62.99492194733074,-1.734956098480298,5.536337022869023,53.4369522992766,,79.21083482058053,0.3063419717364013
12827,62.98560182040171,-1.731568888365652,5.536761600509479,53.4369522992766,,79.21503663126397,0.3063662152271718
12828,62.98468391834407,-1.730454824035406,5.537183025220157,53.4369522992766,,79.21919192478349,0.3063903714064509
12829,62.98625723688043,-1.730603691502058,5.537604053140218,53.4369522992766,,79.22333436288054,0.3064144984818995
12830,62.99833688449123,-1.736589628308304,5.538028375130753,53.4369522992766,,79.22750982808424,0.3064385382458568
12831,62.9855148097433,-1.731278773203596,5.538456514768264,53.4369522992766,,79.23173742060553,0.3064625198021531
12832,62.98055542231877,-1.729925220639419,5.538886112602213,53.4369522992766,,79.23599271296683,0.3064864431507885
12833,63.00604286630924,-1.735166180484476,5.539314583390037,53.4369522992766,,79.24024317894336,0.3065103082917631
12834,62.99085050564053,-1.732104411750334,5.539743245364198,53.4369522992766,,79.24451073937834,0.3065341152250767
12835,62.98320018736614,-1.734272887270477,5.540173012450907,53.4369522992766,,79.24879615564761,0.3065578639507294
12836,63.00411525607627,-1.733708474761631,5.540602833913923,53.4369522992766,,79.25308185968397,0.3065815544687212
12837,62.99187206788184,-1.730938997505918,5.541034353445162,53.4369522992766,,79.25739778056341,0.3066051576752216
12838,62.97921882431915,-1.735839814795797,5.541465909692421,53.4369522992766,,79.2616999977518,0.3066287317778915
12839,62.96918262846887,-1.72999172898982,5.541894320539805,53.4369522992766,,79.26595234372112,0.3066522185690701
12840,62.98385674602312,-1.72976431479033,5.542318704104527,53.4369522992766,,79.27015198631018,0.3066756471525878
12841,62.98320373405932,-1.729192483447888,5.542742027209899,53.4369522992766,,79.27434484214331,0.306699046632275
12842,62.99175361742316,-1.740045167248809,5.543168095944838,53.4369522992766,,79.27856958385269,0.3067223588004708
12843,63.00542147279034,-1.733662916318063,5.543598584020608,53.4369522992766,,79.28284483330116,0.3067456127610058
12844,63.0006671058843,-1.733543372022943,5.544031616357614,53.4369522992766,,79.28714998101545,0.3067687794100493
12845,62.99273435980045,-1.73232723664589,5.544463322294447,53.4369522992766,,79.29145060450334,0.3067919169552624
12846,62.99344642775957,-1.733886971226573,5.544891451413319,53.4369522992766,,79.29572125920083,0.3068149962928146
12847,62.98748089734475,-1.732622094760816,5.545316864263995,53.4369522992766,,79.29996626463635,0.3068379883188754
12848,62.98266484317958,-1.734120679558212,5.5457411745648,53.4369522992766,,79.30418939757573,0.3068609512411058
12849,62.97438626325359,-1.730280626375997,5.54616624613645,53.4369522992766,,79.30840716524732,0.3068838268518448
12850,62.96758573973305,-1.733905058656255,5.546591654218219,53.4369522992766,,79.31261617035538,0.3069066442549229
12851,62.97259294786451,-1.731828503285747,5.547015097187751,53.4369522992766,,79.31680026215965,0.30692940345034
12852,62.97783519882987,-1.728079366653478,5.547436218148987,53.4369522992766,,79.32097023561309,0.3069521044380963
12853,62.98514832187981,-1.727097312706698,5.54785802327949,53.4369522992766,,79.32515828587503,0.3069747472181916
12854,63.01802197054971,-1.737891148503373,5.548282819502242,53.4369522992766,,79.329379025087,0.306997331790626
12855,63.0055102289115,-1.733861177694135,5.548712518725126,53.4369522992766,,79.33366479652203,0.3070198290515691
12856,62.99333640034473,-1.730916792814088,5.549146640535085,53.4369522992766,,79.33801193513611,0.3070422972086817
12857,62.97870360755734,-1.728340753277216,5.549580308582303,53.4369522992766,,79.34235710818514,0.3070646780543029
12858,62.96407972836894,-1.7336284021095,5.550009663880071,53.4369522992766,,79.34665088555275,0.3070870006922632
12859,62.9603035533741,-1.731829157616148,5.550434432092556,53.4369522992766,,79.35087885199825,0.3071092651225626
12860,62.98102907233779,-1.732340304891347,5.550855585682973,53.4369522992766,,79.3550529838377,0.3071314713452011
12861,62.97263923870414,-1.730759955500822,5.551276084609215,53.4369522992766,,79.35921758991847,0.3071536193601787
12862,62.97369643950999,-1.737560647696242,5.551697869528693,53.4369522992766,,79.3633973709578,0.3071757091674954
12863,62.98066879023254,-1.730050820431755,5.552119242587405,53.4369522992766,,79.36757703365329,0.3071977407671511
12864,62.99096818717543,-1.728807338531545,5.552541345050021,53.4369522992766,,79.3717726959843,0.3072196850553155
12865,63.00494419708797,-1.732512274185506,5.552965880917299,53.4369522992766,,79.37600500304056,0.3072416002396494
12866,63.0108949267085,-1.739486948548836,5.553395088840315,53.4369522992766,,79.38030189848016,0.307263428112492
12867,62.99259113358025,-1.735460894015329,5.553828040972498,53.4369522992766,,79.38464831398484,0.3072852268815041
12868,62.98980770069296,-1.734811330041582,5.554260467537562,53.4369522992766,,79.38897945440323,0.3073069383390248
12869,62.97899000423292,-1.733538789991783,5.554689402016559,53.4369522992766,,79.39326419619114,0.3073285915888846
12870,62.99077891150096,-1.738591743446948,5.555114149677292,53.4369522992766,,79.39749068184155,0.3073501866310835
12871,62.98679921379116,-1.732401744280696,5.555536458122377,53.4369522992766,,79.40169469525071,0.3073717234656215
12872,62.98784514184061,-1.734449526164836,5.55595737000375,53.4369522992766,,79.40588831428926,0.3073931729886681
12873,63.00190869217029,-1.73883671240464,5.55637783782021,53.4369522992766,,79.41007625587717,0.3074145934078842
12874,63.00878646203473,-1.740776261123604,5.556800002888851,53.4369522992766,,79.4142844412592,0.3074359556194395
12875,63.00628301669369,-1.735981498428336,5.55722541228122,53.4369522992766,,79.41853194390116,0.3074572305195034
12876,62.99514295862913,-1.733145002448021,5.557653272512296,53.4369522992766,,79.42281785492688,0.3074784472119063
12877,62.99655201741816,-1.735193641900389,5.558081310902388,53.4369522992766,,79.42711301978792,0.3074996348004788
12878,62.99813094831697,-1.737094986638628,5.558508736618993,53.4369522992766,,79.4313997067256,0.3075207350775599
12879,62.9855888587375,-1.732376678023281,5.558933838321943,53.4369522992766,,79.43564510757936,0.3075417771469802
12880,62.9799906122056,-1.731451828325588,5.559355633941889,53.4369522992766,,79.43984172371212,0.3075627610087395
12881,62.98673629199251,-1.735474476569889,5.559774443227571,53.4369522992766,,79.44399590409292,0.3075836575590074
12882,63.01976050191411,-1.736277124684962,5.56019409769265,53.4369522992766,,79.44816297834389,0.3076045250054449
12883,63.00048380137541,-1.732094524154267,5.560619519023119,53.4369522992766,,79.45241853208474,0.3076253342442214
12884,62.97840455726519,-1.732635827177272,5.561049307000727,53.4369522992766,,79.45672941798209,0.3076460561715066
12885,62.99155696260011,-1.738130574471356,5.561478056888047,53.4369522992766,,79.46102325842064,0.3076667489949614
12886,63.00077727779769,-1.735257993745684,5.561903661357126,53.4369522992766,,79.46529113572228,0.3076873545069247
12887,62.99675698989213,-1.735644114942221,5.562328948463958,53.4369522992766,,79.46957033847454,0.3077079018112272
12888,62.98622815950456,-1.733305537115905,5.562753633823488,53.4369522992766,,79.47384319869458,0.3077283909078687
12889,62.9791039903134,-1.732421646388334,5.563177234745122,53.4369522992766,,79.47809200697188,0.3077488509006798
12890,62.99400273698195,-1.737772669277824,5.563599351981286,53.4369522992766,,79.48230460330821,0.3077691944781691
12891,63.00989110353616,-1.739660584692059,5.564021259488805,53.4369522992766,,79.48651285464676,0.3077895089518279
12892,62.99815830431024,-1.73312830276865,5.564444726748825,53.4369522992766,,79.49074444724575,0.3078097652178258
12893,62.99312600536368,-1.733908713050174,5.564870658980836,53.4369522992766,,79.49500565338376,0.3078299632761627
12894,63.0099272711477,-1.73849987407835,5.565298866203278,53.4369522992766,,79.49929512752821,0.3078500740230083
12895,63.02069417043644,-1.737490123262459,5.565728534296097,53.4369522992766,,79.50361470304777,0.3078701556660235
12896,63.00852595645495,-1.734106614123769,5.566159411209593,53.4369522992766,,79.50796958260436,0.3078901499975473
12897,63.00577737385369,-1.736280187698451,5.566587520754296,53.4369522992766,,79.51229047720447,0.3079100861214101
12898,62.99621778829748,-1.736776456284327,5.567011104574607,53.4369522992766,,79.51654802979856,0.3079299931414425
12899,63.00345606758431,-1.737181516395864,5.567431228232149,53.4369522992766,,79.52075878717349,0.3079498128499836
12900,63.00192298361688,-1.734432433688544,5.567848616625944,53.4369522992766,,79.52493031534885,0.3079695743508637
12901,63.02800242400605,-1.737375898235786,5.568266190605053,53.4369522992766,,79.5290965448067,0.3079892776440829
12902,63.01860553730579,-1.734810169168129,5.568687364343623,53.4369522992766,,79.5333065862469,0.3080088936258107
12903,63.00744312073499,-1.736714608209096,5.569114266625619,53.4369522992766,,79.5375801868011,0.3080284805037081
12904,62.99564873376518,-1.732134562377144,5.569543775142841,53.4369522992766,,79.54187923003823,0.3080480091739446
12905,62.99687097147206,-1.735404464281516,5.569971922440673,53.4369522992766,,79.5461682868074,0.3080674505326897
12906,62.99966830178675,-1.739405891712976,5.570396285312991,53.4369522992766,,79.55042393360995,0.3080868627876043
12907,63.00014375500987,-1.73851515246673,5.570818320588509,53.4369522992766,,79.55466463147356,0.3081061877310276
12908,63.01059605783218,-1.732456303696593,5.57123910860961,53.4369522992766,,79.55889850604011,0.30812545446679
12909,63.00980680423618,-1.733141322269549,5.571659847546712,53.4369522992766,,79.56313222548923,0.3081446629948914
12910,63.00422746181916,-1.738517703068245,5.572080511776694,53.4369522992766,,79.567351283683,0.3081638133153319
12911,62.99735149657272,-1.735203060048373,5.572501545686001,53.4369522992766,,79.57156201252562,0.3081829054281116
12912,63.01803800381144,-1.734395720166821,5.572923373331812,53.4369522992766,,79.57577489352244,0.3082019393332303
12913,63.00667236043407,-1.732645924454293,5.573346752335138,53.4369522992766,,79.58002039330442,0.308220915030688
12914,62.99918135982021,-1.736910199658711,5.573770164110758,53.4369522992766,,79.58427236650995,0.3082398034166545
12915,63.01816210722517,-1.735210021057416,5.57419211217093,53.4369522992766,,79.58850370876455,0.3082586626987904
12916,63.00858082066127,-1.731644527361886,5.574615073663701,53.4369522992766,,79.59275102849537,0.308277434669435
12917,63.00598109498617,-1.733381515784911,5.575040886732581,53.4369522992766,,79.59703598042805,0.3082961775362492
12918,63.01772534866777,-1.740105031442164,5.57546822337799,53.4369522992766,,79.60133764170028,0.3083148330915719
12919,63.004511065283,-1.731621631854301,5.575896051798848,53.4369522992766,,79.60565478217698,0.3083334304392338
12920,62.99674175114927,-1.731856634755324,5.576319339771862,53.4369522992766,,79.60991964552372,0.3083519695792347
12921,62.9904305229019,-1.733835629201685,5.576736984111299,53.4369522992766,,79.61411288977219,0.3083704505115747
12922,62.98548391767137,-1.733821172115446,5.577152430362506,53.4369522992766,,79.61826865122883,0.3083888732362539
12923,62.99029708959944,-1.731878928164022,5.577569477741005,53.4369522992766,,79.62243813376763,0.3084072377532721
12924,63.00152045070348,-1.733859700968997,5.57798785033922,53.4369522992766,,79.62661723489623,0.3084255149587989
12925,63.02665636766858,-1.73977700503537,5.578406415245794,53.4369522992766,,79.63080176663532,0.3084437630604953
12926,63.04638777964583,-1.73811816480368,5.578827121532299,53.4369522992766,,79.63502669369271,0.3084619238507003
12927,63.06925657642526,-1.739361997734842,5.579254469378389,53.4369522992766,,79.63935220047638,0.3084800555370748
12928,63.05686021197244,-1.7373332411078,5.579689422025212,53.4369522992766,,79.6437987098924,0.308498099911958
12929,63.0387404957137,-1.738728782377125,5.580125754404008,53.4369522992766,,79.64827596263413,0.3085160860791802
12930,63.01932613273586,-1.738204168012981,5.580556882466679,53.4369522992766,,79.65267927859148,0.3085340140387416
12931,63.00196368056974,-1.736413286790075,5.580980549793585,53.4369522992766,,79.65696893661091,0.308551883790642
12932,62.99545324846818,-1.732032108708678,5.581397411688003,53.4369522992766,,79.66115039003036,0.3085696953348815
12933,63.0050991729314,-1.734905002300496,5.581810142911115,53.4369522992766,,79.66526860601512,0.3085874486714602
12934,63.01840585854904,-1.737090112045462,5.582223238006684,53.4369522992766,,79.66939236448566,0.3086051438003778
12935,63.0116739309744,-1.732272160200577,5.582639742816951,53.4369522992766,,79.67356518840985,0.3086227807216346
12936,63.02661570234227,-1.73664313216501,5.583059748661258,53.4369522992766,,79.677786152782,0.3086403303314
12937,63.02088547542165,-1.733362848499353,5.583482213704943,53.4369522992766,,79.68204809372196,0.308657850837335
12938,63.01846553975221,-1.734889547265024,5.583906495923145,53.4369522992766,,79.6863407398525,0.3086752840317786
12939,62.99560020187358,-1.731181440965874,5.584332092130074,53.4369522992766,,79.69065559219688,0.3086926590185612
12940,62.99136160575564,-1.733620803254387,5.58475749822955,53.4369522992766,,79.69495583310699,0.3087100049015135
12941,63.00229419061678,-1.737578204590359,5.585179089092135,53.4369522992766,,79.69919897764113,0.3087272634729743
12942,63.00042738454503,-1.734832134674486,5.585597908839357,53.4369522992766,,79.70341144729919,0.3087444638367742
12943,63.0124764203466,-1.731697051563325,5.586014838386617,53.4369522992766,,79.70760085331703,0.3087616059929132
12944,63.01096182266986,-1.732461857081819,5.5864321335064,53.4369522992766,,79.7118012703652,0.3087786608375609
12945,63.0148129261794,-1.734941269524672,5.586852684463084,53.4369522992766,,79.71605735069204,0.3087956865783781
12946,63.00525726208443,-1.731496093952663,5.587275074691988,53.4369522992766,,79.72033771130792,0.3088126541115344
12947,63.00461680537711,-1.733018125601704,5.587696674259897,53.4369522992766,,79.72459723756516,0.3088295634370297
12948,63.02509809192874,-1.73695464977984,5.588115581108173,53.4369522992766,,79.72881966274117,0.3088463854510337
12949,63.03451291743884,-1.738527369506159,5.588535035144165,53.4369522992766,,79.73305988550851,0.3088631783612072
12950,63.02249917250433,-1.733966987124158,5.5889571559029,53.4369522992766,,79.73734094518478,0.3088798839598894
12951,63.00357505782634,-1.733100626712293,5.589380215132913,53.4369522992766,,79.74163235016799,0.3088965313509107
12952,62.98709473090823,-1.733717336978167,5.589802181489445,53.4369522992766,,79.74590455393913,0.308913120534271
12953,63.00377280836427,-1.736917665171422,5.590219790313615,53.4369522992766,,79.7501139935843,0.3089296806138009
12954,62.99584121752773,-1.733529704822371,5.590636136612736,53.4369522992766,,79.75431597175036,0.3089461533818394
12955,63.00151454824442,-1.734475897271544,5.591053379782655,53.4369522992766,,79.75852533616316,0.308962567942217
12956,63.00175705582868,-1.733660149209602,5.591470796897284,53.4369522992766,,79.76273539045593,0.3089789242949337
12957,62.99238336172368,-1.733265921594549,5.591888564982302,53.4369522992766,,79.76695439754491,0.308995193336159
12958,63.01172118157992,-1.737266236910655,5.592307855094582,53.4369522992766,,79.77120195112222,0.3090114332735538
12959,62.98925262666862,-1.729922289458074,5.592730086496755,53.4369522992766,,79.77549984042174,0.3090276150032878
12960,62.97863254687493,-1.731936779467833,5.593152753507669,53.4369522992766,,79.77979390917812,0.3090437385253608
12961,62.97272009822849,-1.734635116234351,5.593571545210128,53.4369522992766,,79.78402739039693,0.3090597747359425
12962,62.98801727391523,-1.737477887211795,5.593986074983603,53.4369522992766,,79.78819990151699,0.3090757818426937
12963,62.98492363979862,-1.733292941910523,5.594399718502297,53.4369522992766,,79.7923630719057,0.3090917016379535
12964,62.98047541690718,-1.727635612070212,5.594814574633691,53.4369522992766,,79.79653931086389,0.3091075632255524
12965,62.99636427663689,-1.733323160125804,5.5952308158129,53.4369522992766,,79.80072680414963,0.3091233957093209
12966,63.0150240070828,-1.739647384739353,5.595649372721313,53.4369522992766,,79.80494784070409,0.309139140881598
12967,62.99752037035485,-1.736858564440011,5.596070395720956,53.4369522992766,,79.80920447606502,0.3091548278462142
12968,62.99907121517564,-1.73428515029139,5.596493208358018,53.4369522992766,,79.81348486191158,0.3091704566031694
12969,63.00739005343959,-1.735560401306907,5.596915617802199,53.4369522992766,,79.81777311540915,0.3091860271524638
12970,63.02506775511096,-1.741957863464926,5.597336880117591,53.4369522992766,,79.82206513183827,0.3092015394940972
12971,63.02125896254513,-1.735066416851787,5.597757255992494,53.4369522992766,,79.82635900893919,0.3092169936280698
12972,63.01849045436767,-1.733459442061614,5.598176569775718,53.4369522992766,,79.83063165866373,0.3092323895543814
12973,62.99636234337059,-1.734504383915243,5.598594447435799,53.4369522992766,,79.83486612349131,0.3092477272730321
12974,62.99727697022578,-1.739385690597153,5.599012554130977,53.4369522992766,,79.83908267684976,0.3092629776801914
12975,62.9882092864713,-1.733870518050419,5.599431261014637,53.4369522992766,,79.84330167920882,0.3092781989835203
12976,63.0050689346373,-1.737324902001897,5.599848713254637,53.4369522992766,,79.84751113451739,0.30929336207918817
12977,62.99171907281972,-1.733110256479391,5.600265390735653,53.4369522992766,,79.85172585336683,0.3093084378633648
12978,62.98513451953376,-1.737615702032791,5.60068299680515,53.4369522992766,,79.85595698969493,0.3093234845437109
12979,62.9907075963778,-1.736307504746049,5.601100854363616,53.4369522992766,,79.86018800624633,0.3093384439125657
12980,63.0068764715411,-1.738389334216905,5.601519562786284,53.4369522992766,,79.86443038585526,0.3093533450737596
12981,63.00231318828928,-1.736986045034737,5.601938263043893,53.4369522992766,,79.86868570348788,0.3093682171311229
12982,63.00514059175649,-1.739170876007007,5.602354799629339,53.4369522992766,,79.8729158730905,0.309383001876995
12983,63.01241523735463,-1.735004086692619,5.602770202478579,53.4369522992766,,79.87712562208678,0.3093977284152061
12984,62.99915467245193,-1.734029245827963,5.60318737353156,53.4369522992766,,79.88135557350985,0.3094123967457563
12985,63.00759060409012,-1.739474724085065,5.603603953248072,53.4369522992766,,79.88556947931517,0.309427035972476
12986,63.01193092245632,-1.737080444412573,5.604020256461429,53.4369522992766,,79.88978009676684,0.30944158788770443
12987,63.00312406203938,-1.735683905717785,5.604438890513648,53.4369522992766,,79.89402431042245,0.3094560815952718
12988,62.99647420282078,-1.733356341143625,5.604860084478558,53.4369522992766,,79.89830104402006,0.3094705170951784
12989,63.00295761112573,-1.734733538604724,5.60528056292732,53.4369522992766,,79.90257235745511,0.309484894387424
12990,62.98836085448343,-1.734545587622734,5.605699520299716,53.4369522992766,,79.90683612279616,0.3094992134720087
12991,62.9886198585739,-1.73792024203282,5.606116074743195,53.4369522992766,,79.91107102497095,0.309513445245102
12992,62.98462540925478,-1.731182329968331,5.606529379464065,53.4369522992766,,79.9152588777983,0.3095276479143649
12993,62.97766955330707,-1.732427526402554,5.606941495947919,53.4369522992766,,79.91942442762155,0.3095417923759669
12994,62.97880540636385,-1.735651075203202,5.607353340609003,53.4369522992766,,79.92357898539632,0.309555878629908
12995,62.99643040268784,-1.736307680018687,5.6077661834046,53.4369522992766,,79.92774376788194,0.3095698775723577
12996,63.03153404191278,-1.735223272070604,5.608182704703584,53.4369522992766,,79.93195668411188,0.3095838474109769
12997,63.01274783372243,-1.732284077041093,5.608603672950351,53.4369522992766,,79.93624766758383,0.3095977590419352
12998,63.01603044478224,-1.742604606383611,5.609024683783032,53.4369522992766,,79.94054776648319,0.3096115833614022
12999,63.03952341305983,-1.739652066749369,5.609445114632126,53.4369522992766,,79.94484992004138,0.3096253785770386
13000,63.02219172314045,-1.734887270234583,5.609869451630756,53.4369522992766,,79.94921923680576,0.3096390864811838
13001,63.01028057639272,-1.735476589853817,5.610293623516781,53.4369522992766,,79.95357500361965,0.3096527652814984
13002,62.99757969210147,-1.737426596595561,5.610714608848507,53.4369522992766,,79.95786998403929,0.3096663567703217
13003,62.98363966591707,-1.733920448823595,5.611132169890261,53.4369522992766,,79.96210895892628,0.3096798900514841
13004,62.99695643926512,-1.735996395310823,5.611545297616606,53.4369522992766,,79.96628897189629,0.309693394228816
13005,63.02364027176064,-1.741987708110609,5.611956316873574,53.4369522992766,,79.97045248957221,0.3097068110946566
13006,63.06855467218767,-1.742012172548486,5.612369747065111,53.4369522992766,,79.97465799424822,0.30972016975283617
13007,63.05015930322512,-1.734911420318002,5.612790106235575,53.4369522992766,,79.97897224237728,0.3097334993071854
13008,63.03211192467243,-1.734702597766833,5.613214857435947,53.4369522992766,,79.98334476734179,0.3097467415500432
13009,63.01362073261602,-1.733289326751387,5.613638095097913,53.4369522992766,,79.9876965047836,0.3097599255852401
13010,63.00489961307238,-1.737983443870186,5.614056760305942,53.4369522992766,,79.9919821763475,0.3097730514127761
13011,63.01485424385305,-1.739505534993151,5.614471870516906,53.4369522992766,,79.99621023932751,0.3097861190326512
13012,63.01072264750172,-1.733235879184047,5.614887259935506,53.4369522992766,,80.00043050468042,0.3097991575486958
13013,63.01412803076425,-1.733081917149487,5.615304025400148,53.4369522992766,,80.00466121598092,0.309812108753249
13014,63.00115822962277,-1.736054235871343,5.615720417843796,53.4369522992766,,80.00888745917015,0.3098250017501414
13015,63.00561132798859,-1.737382328013217,5.616135137765195,53.4369522992766,,80.01309316213151,0.3098378365393728
13016,63.03790840745135,-1.736653829277889,5.61654796602469,53.4369522992766,,80.01728676839745,0.3098506131209433
13017,63.03913279572033,-1.734336899488076,5.616961780404059,53.4369522992766,,80.0215287269527,0.3098633314948529
13018,63.03252007752108,-1.738188050115318,5.617376621885696,53.4369522992766,,80.02579611228225,0.3098759916611016
13019,63.01930397481061,-1.732251040472073,5.617792155513094,53.4369522992766,,80.03005875357444,0.3098885936196893
13020,63.00733638483837,-1.728203793383704,5.618209672705627,53.4369522992766,,80.03432838734912,0.3099011373706162
13021,63.01897157376399,-1.736240935347109,5.618628851089345,53.4369522992766,,80.03860696758461,0.3099136229138821
13022,63.0160725438868,-1.737211994316209,5.619049091658635,53.4369522992766,,80.04290107878948,0.3099260502494872
13023,62.99888429779432,-1.736348392265674,5.619468069075649,53.4369522992766,,80.04717947448205,0.3099384193774313
13024,62.99759977656693,-1.731988232820997,5.619883397528519,53.4369522992766,,80.05141319692163,0.3099507302977145
13025,63.00564974793336,-1.732437564506282,5.620294137345379,53.4369522992766,,80.05559213145166,0.3099629539065063
13026,63.00523076224688,-1.734893570764492,5.620703974246078,53.4369522992766,,80.05976636043776,0.3099751484114677
13027,62.99283689793153,-1.729848751525288,5.621117751689289,53.4369522992766,,80.06399665453786,0.3099872847087681
13028,62.97781255845935,-1.73130230569327,5.621532785218355,53.4369522992766,,80.06823296941128,0.3099993627984077
13029,62.97140721373542,-1.731117760517149,5.621944984908466,53.4369522992766,,80.07242162140751,0.3100113826803863
13030,62.98964740266715,-1.738148888847136,5.622354159201505,53.4369522992766,,80.07657285929606,0.310023344354704
13031,62.9898676130091,-1.730938666376944,5.622763797372882,53.4369522992766,,80.08074819696441,0.3100352478213608
13032,63.00379878840506,-1.733320990607446,5.623175296973558,53.4369522992766,,80.08495399327437,0.3100470930803567
13033,63.01342883822486,-1.733275760295949,5.623588966526637,53.4369522992766,,80.08918675370538,0.3100588801316917
13034,63.00401300284542,-1.73798180535227,5.624005708450312,53.4369522992766,,80.0934566730172,0.3100706089753658
13035,63.00531575792003,-1.735803000699274,5.624423872216621,53.4369522992766,,80.09773797166969,0.3100822505075485
13036,63.00154838776759,-1.733249357665683,5.624841134824554,53.4369522992766,,80.10201201321436,0.3100938629359007
13037,63.00657688889719,-1.73347113969733,5.625255900741906,53.4369522992766,,80.10626350554912,0.310105417156592
13038,62.9971149298578,-1.733383952463542,5.625666638714468,53.4369522992766,,80.11046404924264,0.3101169131696224
13039,62.98442129977109,-1.728949316820152,5.626076964891507,53.4369522992766,,80.1146515117083,0.3101283509749919
13040,62.97421361672529,-1.729744698053144,5.626488947740228,53.4369522992766,,80.11884851531379,0.3101397305727005
13041,62.9818144138825,-1.734847275981254,5.626903273063865,53.4369522992766,,80.1230770092621,0.3101510519627482
13042,63.00760174809235,-1.738946359362914,5.627318791153317,53.4369522992766,,80.1273337444161,0.3101623151451349
13043,63.00061121209012,-1.729933061507591,5.627734639980526,53.4369522992766,,80.13161564096976,0.3101735201198608
13044,62.98930033778147,-1.729140322868766,5.628148522382244,53.4369522992766,,80.13587412559438,0.3101846668869257
13045,62.97893467903995,-1.734168469035788,5.628557774876297,53.4369522992766,,80.14006000081001,0.3101957554463297
13046,62.98213892406599,-1.734699822321533,5.628965227374872,53.4369522992766,,80.14420928187118,0.3102067857980728
13047,63.01233428368674,-1.733149462939761,5.629373224054259,53.4369522992766,,80.14835734100441,0.310217757942155
13048,63.00409818687561,-1.731100578422246,5.629785659786293,53.4369522992766,,80.15256626211925,0.3102287009824067
13049,62.99425754114566,-1.73586072872187,5.630202514609133,53.4369522992766,,80.1568256599112,0.3102395567111671
13050,62.9969922372089,-1.735509271251758,5.630620416193432,53.4369522992766,,80.16109437520898,0.3102503542322665
13051,62.97886453168461,-1.727046887090739,5.631037377226768,53.4369522992766,,80.1653704033261,0.3102610935457051
13052,62.98994135065877,-1.73228327670087,5.6314516273211,53.4369522992766,,80.16962724503287,0.3102717746514827
13053,62.9790406728636,-1.734589727877952,5.631863781721396,53.4369522992766,,80.17386690619229,0.3102823975495994
13054,62.97258614517294,-1.734737498370732,5.632274483483757,53.4369522992766,,80.17808006077351,0.3102929913438857
13055,62.96983309204816,-1.727389215845568,5.632682725741446,53.4369522992766,,80.18224216423522,0.3103034978266805
13056,62.9679592400044,-1.729103085474064,5.633090498249066,53.4369522992766,,80.1863846272619,0.3103139461018145
13057,62.9914927220415,-1.737037669715045,5.633498535369708,53.4369522992766,,80.1905285607465,0.310324365273118
13058,62.98832503331223,-1.732802396102607,5.633907888389984,53.4369522992766,,80.19470271768323,0.3103346971329302
13059,62.97424511819916,-1.731622975631142,5.634317718865586,53.4369522992766,,80.19889062546997,0.3103449998889118
13060,62.9664509213444,-1.730744928831377,5.63472817226492,53.4369522992766,,80.20308836900864,0.3103552153334022
13061,62.98347544545851,-1.735359139361245,5.635139379484179,53.4369522992766,,80.20729597225176,0.3103653725702316
13062,62.9891160129833,-1.734958489768825,5.635552849767118,53.4369522992766,,80.21154056209761,0.3103755007032305
13063,62.98792330278971,-1.733839778242074,5.635969345226938,53.4369522992766,,80.21582287006127,0.3103855706285685
13064,62.97609109845499,-1.731438335485449,5.63638605131665,53.4369522992766,,80.2200986664717,0.3103955532424152
13065,62.96652569725085,-1.733471003596452,5.636800262145027,53.4369522992766,,80.22434018126808,0.3104055067524314
13066,62.9665790805055,-1.73325418522933,5.637209805883402,53.4369522992766,,80.22853165676676,0.3104154020547867
13067,62.99213430378995,-1.737226103805989,5.637615257663444,53.4369522992766,,80.23268421898194,0.3104252100456506
13068,63.02014803861814,-1.730807161601241,5.638022854623026,53.4369522992766,,80.23688037357563,0.3104349889326841
13069,63.0170343251031,-1.731508803271314,5.63843352587083,53.4369522992766,,80.24111082290946,0.3104447096120566
13070,63.00846758735022,-1.73303541239297,5.638849181758689,53.4369522992766,,80.24539365319758,0.3104543720837682
13071,62.9990335304787,-1.731649269400384,5.639268632143431,53.4369522992766,,80.24971171439924,0.310463976347819
13072,63.01033066178005,-1.736034298172546,5.639689233401257,53.4369522992766,,80.25404418009366,0.3104735224042088
13073,62.99668986587363,-1.732929055964129,5.64010782935178,53.4369522992766,,80.25836986333455,0.3104830102529377
13074,63.00148167399775,-1.73582910789636,5.64052077106501,53.4369522992766,,80.26262587517567,0.3104924398940057
13075,63.0047941940927,-1.733879259508185,5.640928390900975,53.4369522992766,,80.26680943126411,0.3105018113274127
13076,63.02092832053324,-1.735894821110738,5.641334794791909,53.4369522992766,,80.2709708633568,0.3105111245531589
13077,63.03150947640711,-1.732405290262342,5.641743848209067,53.4369522992766,,80.27516308077439,0.3105204086750746
13078,63.02065178790568,-1.733717487999005,5.642159572787663,53.4369522992766,,80.27945927846153,0.3105296054854989
13079,62.9994268300326,-1.736560169651751,5.642574820558581,53.4369522992766,,80.28374783113294,0.3105387440882623
13080,62.98487076648981,-1.731984744443588,5.642985912964704,53.4369522992766,,80.28797409157059,0.3105478535871953
13081,62.980127902215,-1.730480540569268,5.643391701203345,53.4369522992766,,80.29212776529727,0.3105568757746369
13082,63.00342482348464,-1.737608042660543,5.643795887178034,53.4369522992766,,80.2962680065289,0.310565868858248
13083,63.01148223102777,-1.732702221861587,5.644203297689794,53.4369522992766,,80.30045608191924,0.3105748037341982
13084,63.01032327233563,-1.732294757207482,5.644615390186927,53.4369522992766,,80.30469322593493,0.3105836512986571
13085,63.00843939033921,-1.733743958774585,5.64503073560314,53.4369522992766,,80.30896128864414,0.3105924697592854
13086,63.01569702967117,-1.73579331307971,5.645444820385658,53.4369522992766,,80.31320580578814,0.3106012300122529
13087,63.00799154189282,-1.73257374556189,5.645854864118111,53.4369522992766,,80.3174148831007,0.3106099320575595
13088,62.99722059721235,-1.729507788740517,5.646261805271362,53.4369522992766,,80.32160856714992,0.3106185758952051
13089,62.99089756917932,-1.729041019818844,5.646666195443848,53.4369522992766,,80.32576595644203,0.3106271615251899
13090,63.00143823168364,-1.73710139902358,5.647071256350798,53.4369522992766,,80.32991475563973,0.3106356889475137
13091,63.02998174984445,-1.738427221907569,5.647480064511043,53.4369522992766,,80.33410351402499,0.3106441872660071
13092,63.01690568921055,-1.731460700149901,5.647894012623292,53.4369522992766,,80.3383661681394,0.3106525982730091
13093,63.01990449423145,-1.735174785713167,5.648309366256482,53.4369522992766,,80.34265901361607,0.3106609510723501
13094,63.02763884249762,-1.739622042671042,5.648721905906886,53.4369522992766,,80.34692506875467,0.3106692747678608
13095,63.02354717569641,-1.734200578210992,5.64913417485589,53.4369522992766,,80.35119807207768,0.3106775402557105
13096,63.03200905848227,-1.731185289192849,5.64954660620883,53.4369522992766,,80.35547435915247,0.3106857184320688
13097,63.01603304973159,-1.731077768450149,5.649957065889414,53.4369522992766,,80.3597189683662,0.3106938675045967
13098,62.99538235677615,-1.736776765788474,5.650365904586915,53.4369522992766,,80.36392956229584,0.3107019583694637
13099,62.98230624466338,-1.730748748766584,5.650773596030118,53.4369522992766,,80.36811149370727,0.3107099910266697
13100,62.98913490842948,-1.732139144163625,5.651180541482964,53.4369522992766,,80.37227420653082,0.3107179654762149
13101,63.01542486637786,-1.733419425854324,5.651588073107288,53.4369522992766,,80.37645352638137,0.3107258817180991
13102,63.02988808175478,-1.738271007519827,5.651997170714585,53.4369522992766,,80.3806708929591,0.3107337688561529
13103,63.02995585452739,-1.735887384866597,5.652408303207384,53.4369522992766,,80.38492702905265,0.3107415686827153
13104,63.02872958443727,-1.733927740640449,5.652819589465676,53.4369522992766,,80.38918703769085,0.3107493103016168
13105,63.01943225030416,-1.732477353915954,5.653231079412063,53.4369522992766,,80.3934534893802,0.3107570228166878
13106,63.02341867508224,-1.738005503829118,5.653643057244007,53.4369522992766,,80.39772899287162,0.3107646771240979
13107,63.01835570486377,-1.732227872508215,5.654053484767678,53.4369522992766,,80.40197898340877,0.3107722732238472
13108,63.00499305194026,-1.728427491422968,5.6544606902712,53.4369522992766,,80.40617050477766,0.3107798111159354
13109,63.00279272781145,-1.7320175352192,5.654864314801184,53.4369522992766,,80.41030596926839,0.3107872908003628
13110,63.01763531631742,-1.737904493864,5.655266943946087,53.4369522992766,,80.41443286512792,0.3107947122771293
13111,63.03194318926466,-1.73279081429656,5.655673511377699,53.4369522992766,,80.4186192000024,0.3108020755462348
13112,63.00869013587521,-1.731705525744678,5.656085651492786,53.4369522992766,,80.42288045848636,0.3108093806076795
13113,63.01088018110413,-1.735373637471445,5.65650075765693,53.4369522992766,,80.42717834097472,0.3108166565652937
13114,63.01816622287261,-1.736918639639929,5.656913507910998,53.4369522992766,,80.4314501443354,0.3108238743152469
13115,63.03383130934706,-1.732687311823697,5.657321142041567,53.4369522992766,,80.43566543808859,0.3108310047537088
13116,63.05159115956236,-1.732845765500504,5.657726151677389,53.4369522992766,,80.43986015523505,0.3108381060883403
13117,63.03777803265461,-1.733483780662821,5.658132991214958,53.4369522992766,,80.44408921408268,0.3108451492153108
13118,63.01777487016245,-1.732005478567829,5.658542297089589,53.4369522992766,,80.44833573383399,0.3108521341346204
13119,63.00577238000405,-1.728241496312378,5.658950846084544,53.4369522992766,,80.45255212641096,0.3108590899500996
13120,63.01575015078552,-1.730621745841047,5.659358269063629,53.4369522992766,,80.45674396175686,0.3108659584540874
13121,63.04952337248333,-1.738250523305719,5.659765413544125,53.4369522992766,,80.46093849906035,0.3108727978542447
13122,63.02463599238857,-1.733517460997559,5.660174970447416,53.4369522992766,,80.46517709685337,0.3108795499429107
13123,63.02628838497483,-1.737804531359373,5.660586431004044,53.4369522992766,,80.46944232325426,0.3108862729277462
13124,63.02817168684341,-1.733260386135193,5.660996282072265,53.4369522992766,,80.47369120386502,0.3108929377049208
13125,63.01896752812503,-1.732434076207247,5.661405233077888,53.4369522992766,,80.47793729255596,0.3108995442744344
13126,63.01666405264614,-1.734488735498046,5.661812742825735,53.4369522992766,,80.4821761579344,0.3109060926362872
13127,63.01597127578952,-1.730619860773057,5.662216583376703,53.4369522992766,,80.48636309090276,0.3109126118943095
13128,63.01974563943728,-1.728067947298429,5.662618781140399,53.4369522992766,,80.4905088860757,0.3109190438408405
13129,63.02125992990794,-1.731390572233535,5.663022856922967,53.4369522992766,,80.49466064106267,0.3109254466835409
13130,63.04431130997996,-1.737497491237846,5.663430800447063,53.4369522992766,,80.49886355240055,0.3109317913185805
13131,63.03742910159977,-1.732807638584073,5.663842182005114,53.4369522992766,,80.50313401930768,0.3109380486421287
13132,63.04511236334893,-1.733168536246317,5.664256339713929,53.4369522992766,,80.507460012863,0.3109443059656769
13133,63.05898681114284,-1.735139055243907,5.664669177165096,53.4369522992766,,80.5117793636996,0.3109504759777337
13134,63.05289097454393,-1.737552851733578,5.665080924445389,53.4369522992766,,80.51609379868326,0.3109565877821296
13135,63.04568462541557,-1.732093125775568,5.66549309633582,53.4369522992766,,80.52041946447437,0.3109626704826951
13136,63.03357573790005,-1.732363597638001,5.66590393868267,53.4369522992766,,80.52471428999485,0.3109686658717692
13137,63.01476974737236,-1.733187205139059,5.666312296833814,53.4369522992766,,80.52895283043898,0.3109746321570128
13138,63.0041691158488,-1.734124996482367,5.666717187805169,53.4369522992766,,80.53312563957569,0.3109805402345955
13139,63.01045799797272,-1.731340415452026,5.667119544594913,53.4369522992766,,80.53726146095791,0.3109864192083478
13140,63.0307105506789,-1.732840291446644,5.66752133679555,53.4369522992766,,80.54140017069551,0.3109922108706087
13141,63.01827728805934,-1.73635055382755,5.667924593750541,53.4369522992766,,80.54556934790303,0.3109979443252087
13142,63.03664571214014,-1.741241645504384,5.668331093248149,53.4369522992766,,80.549784695128,0.3110036486759782
13143,63.05520429667986,-1.73743729829548,5.668740047000697,53.4369522992766,,80.55404315039117,0.3110092948190868
13144,63.05030570187467,-1.732642235883325,5.669151870815803,53.4369522992766,,80.55835496222554,0.3110148827545345
13145,63.03245205124149,-1.735248953316248,5.669564629438784,53.4369522992766,,80.56268192134827,0.3110204124823213
13146,63.01951990108057,-1.737200849580539,5.669975003837302,53.4369522992766,,80.56696673925651,0.3110259131062776
13147,63.02057554942929,-1.733876109091476,5.670380847998227,53.4369522992766,,80.57118628408595,0.3110313264187425
13148,63.01033123557937,-1.732646460877894,5.670784064090659,53.4369522992766,,80.57536446840744,0.311036710627377
13149,62.99542940650917,-1.730572247326052,5.671187150528532,53.4369522992766,,80.57952532158721,0.3110420366283506
13150,63.00595055191158,-1.738076892251453,5.671590774641562,53.4369522992766,,80.58368317088447,0.3110473044216633
13151,63.03298876496566,-1.736129869824508,5.671994190606936,53.4369522992766,,80.58785311063723,0.311052514007315
13152,63.01415873452112,-1.729834194027146,5.672399967611387,53.4369522992766,,80.59207397533667,0.3110576944891363
13153,63.00976408910958,-1.733785921372756,5.672808216893943,53.4369522992766,,80.59632937623952,0.3110628167632967
13154,63.02778889611737,-1.740622864503829,5.67321694861667,53.4369522992766,,80.60058812746651,0.3110678517259657
13155,63.02543481328384,-1.73477918182194,5.673625083064235,53.4369522992766,,80.6048401781933,0.3110728575848043
13156,63.0147222729214,-1.734394651087799,5.67403221447103,53.4369522992766,,80.60908020301747,0.3110778343398124
13157,63.03166541305928,-1.733579793482633,5.674437884697093,53.4369522992766,,80.61329893276974,0.3110827237833291
13158,63.03273916206772,-1.732269582243245,5.674842777564177,53.4369522992766,,80.61751683654909,0.3110875841230154
13159,63.02576042383441,-1.73947822813105,5.675247696977284,53.4369522992766,,80.62174013243347,0.3110923862550408
13160,63.03935222835145,-1.737339076274308,5.675654020201788,53.4369522992766,,80.62597167484796,0.3110971301794052
13161,63.04090061385718,-1.734135181437102,5.676064134671497,53.4369522992766,,80.63024455237448,0.3111018158961087
13162,63.03131393111438,-1.739449398222197,5.676476595291,53.4369522992766,,80.6345400462214,0.3111064725089818
13163,63.02777077460058,-1.736412874850542,5.676888159576722,53.4369522992766,,80.63882564597469,0.3111110418103635
13164,63.01851942700184,-1.733713072648547,5.677295948908,53.4369522992766,,80.64307664411776,0.3111155820079148
13165,63.04169483307963,-1.739651318981861,5.677698956370682,53.4369522992766,,80.64726999276432,0.3111200639978051
13166,63.0404118177098,-1.737229209789723,5.678101764724035,53.4369522992766,,80.65146744130746,0.311124516883865
13167,63.03504087575519,-1.736372700311173,5.67850725334271,53.4369522992766,,80.65569478860745,0.3111288824584335
13168,63.03143613894711,-1.734257537248284,5.678914877445362,53.4369522992766,,80.65994157763974,0.3111332189291716
13169,63.01941043390762,-1.733762014152514,5.679324101727178,53.4369522992766,,80.66421366124311,0.3111374971922487
13170,63.01441837202422,-1.733228139674041,5.679733475107091,53.4369522992766,,80.66848219897552,0.3111417172476649
13171,63.01085111908449,-1.732138717637974,5.680139777862861,53.4369522992766,,80.67271135619028,0.3111459081992507
13172,63.0054800413836,-1.733876666246937,5.680542130845125,53.4369522992766,,80.67689748279174,0.3111500118393451
13173,63.00736343939467,-1.730896974455142,5.680941637143567,53.4369522992766,,80.68105241428046,0.311154086375609
13174,63.00813395954532,-1.73062612509188,5.68134170002306,53.4369522992766,,80.6852108880168,0.3111581027042121
13175,63.02665019823765,-1.735019807663795,5.681745795894086,53.4369522992766,,80.68941306631994,0.3111620899289846
13176,63.0149774269269,-1.728375766572346,5.682155046868722,53.4369522992766,,80.69368132930204,0.3111659898422658
13177,63.00896100233833,-1.729050844588516,5.682564526881944,53.4369522992766,,80.69794999121572,0.3111698606517166
13178,62.99579993547066,-1.732323987209329,5.682969612183175,53.4369522992766,,80.70216759213629,0.3111736732535064
13179,62.99323343497012,-1.733249092725442,5.683369638683622,53.4369522992766,,80.70631969775788,0.3111774276476353
13180,63.02028260543997,-1.734546291869439,5.68376842245652,53.4369522992766,,80.71045789454267,0.3111811529379338
13181,63.00450881601651,-1.72725551534205,5.684170073147274,53.4369522992766,,80.71464458230946,0.3111848200205714
13182,63.00006410294998,-1.731461331505295,5.684573931422893,53.4369522992766,,80.7188586254325,0.311188428895548
13183,63.00495790852993,-1.733616061441652,5.684975167339839,53.4369522992766,,80.72303706385703,0.3111919795628637
13184,63.01171505010949,-1.73217074354197,5.685374394784965,53.4369522992766,,80.72718891048883,0.31119550112634903
13185,63.02229865620313,-1.728221735506577,5.685774123505004,53.4369522992766,,80.73134683090676,0.3111989353783429
13186,63.01193985994551,-1.729029672037108,5.686177776904497,53.4369522992766,,80.73556139578267,0.3112023405265063
13187,62.99392099318115,-1.729790208021841,5.686584663862448,53.4369522992766,,80.73981229582817,0.3112057165708393
13188,62.98690152564569,-1.726184904747552,5.68698954046512,53.4369522992766,,80.74402794998727,0.3112090053036809
13189,63.00033143070654,-1.731542878593522,5.687390951474622,53.4369522992766,,80.74819745943621,0.3112122649326921
13190,63.01847221142792,-1.734979724027455,5.687790171960479,53.4369522992766,,80.75234394148195,0.3112154663540423
13191,63.03327754656355,-1.732625343332785,5.68818897532731,53.4369522992766,,80.75649570391923,0.3112186386715621
13192,63.05908111769013,-1.72772501095963,5.688589916943988,53.4369522992766,,80.76069149116786,0.3112217236775905
13193,63.05439436334443,-1.728228231317583,5.688994294443217,53.4369522992766,,80.76494405439412,0.3112247795797884
13194,63.03386533012758,-1.731154314646988,5.689403287833362,53.4369522992766,,80.76926173627189,0.3112277772743255
13195,63.01426224452416,-1.729384925353696,5.689813288508184,53.4369522992766,,80.7735721816597,0.3112307458650321
13196,63.00054473181321,-1.728791098869261,5.690220803204733,53.4369522992766,,80.77782941089907,0.3112336271442473
13197,63.00053978133273,-1.728955651149044,5.690623335201521,53.4369522992766,,80.78202535183925,0.3112364793196321
13198,63.02480474706249,-1.734613679155627,5.691022584820965,53.4369522992766,,80.78619188755118,0.3112393023911864
13199,63.03643488362817,-1.733389986526496,5.691422283106755,53.4369522992766,,80.79037330666787,0.3112420381512493
13200,63.04296176127877,-1.730238994419791,5.691825697162853,53.4369522992766,,80.79460307657385,0.3112447448074818
13201,63.05098217236719,-1.729558196002522,5.692231369974637,53.4369522992766,,80.79886001377193,0.3112473932560533
13202,63.05719218554305,-1.732706933511734,5.692639870476288,53.4369522992766,,80.80316611986696,0.3112500126007944
13203,63.02751081786691,-1.731502917217479,5.693050003402307,53.4369522992766,,80.80751684032084,0.3112525446340442
13204,63.00557667306749,-1.73063538533033,5.693455618871971,53.4369522992766,,80.81179758765258,0.3112550475634634
13205,62.99505986285028,-1.729557189929047,5.693854412902626,53.4369522992766,,80.81596790981703,0.3112575213890523
13206,62.98859847586398,-1.727798216182378,5.694251519918637,53.4369522992766,,80.82010999097726,0.3112599079031497
13207,63.00734275622209,-1.733229488966486,5.694650560326014,53.4369522992766,,80.8242741342716,0.3112622653134167
13208,63.03716816265601,-1.735383527928591,5.695052934094831,53.4369522992766,,80.82848289359991,0.3112645645160228
13209,63.04318607915528,-1.734858645164739,5.69545855322867,53.4369522992766,,80.83273641819163,0.3112668346147984
13210,63.05108610626681,-1.735433502927947,5.695865487567866,53.4369522992766,,80.83701431430578,0.3112690465059131
13211,63.04825730273916,-1.733865264600557,5.696272318661933,53.4369522992766,,80.84131448046247,0.3112712001893669
13212,63.01527284338236,-1.729521466190716,5.696679741219915,53.4369522992766,,80.84565039830679,0.3112732956651598
13213,62.99290284511308,-1.727878268368664,5.697081863567506,53.4369522992766,,80.84989433422363,0.3112753620371222
13214,62.9813041933436,-1.734382360186254,5.69747760199701,53.4369522992766,,80.85401702143545,0.3112773702014238
13215,62.97832904025154,-1.731998919899453,5.697872507198914,53.4369522992766,,80.85810974334814,0.3112793492618948
13216,62.99486735868553,-1.735001527856883,5.698270968101977,53.4369522992766,,80.86224994146554,0.3112812410108745
13217,63.02107949058906,-1.734032546901556,5.698671165647351,53.4369522992766,,80.86642745850737,0.3112831036560237
13218,63.03216130081998,-1.735394188047766,5.699070714443255,53.4369522992766,,80.87061559328133,0.3112849371973425
13219,63.04071219993017,-1.733519211561856,5.69947178339801,53.4369522992766,,80.87484263622476,0.3112866834271699
13220,63.04763761592841,-1.734377675755397,5.699876977435846,53.4369522992766,,80.87913981188059,0.3112884005531669
13221,63.01609032896819,-1.733352327072719,5.700284146794917,53.4369522992766,,80.88345930136344,0.3112900885753334
13222,62.9955252862853,-1.734329315400287,5.700689256064381,53.4369522992766,,80.88771758286815,0.3112916892860085
13223,62.98206451635468,-1.734062815781797,5.701089049626932,53.4369522992766,,80.89187898537963,0.3112932608928531
13224,62.97864172288914,-1.729679292776233,5.701485730839414,53.4369522992766,,80.89600595938556,0.3112948033958673
13225,63.00031606261894,-1.735305701906637,5.701882095348909,53.4369522992766,,80.90014927205341,0.3112962585873902
13226,63.00285426078811,-1.73541460726454,5.702280476254217,53.4369522992766,,80.90433325289479,0.3112976846750826
13227,63.00917838705964,-1.740040867029638,5.702681188440833,53.4369522992766,,80.90854515608119,0.3112990816589445
13228,63.00399748971842,-1.729872760602328,5.703083866909444,53.4369522992766,,80.91278278014433,0.311300391331315
13229,62.99105245008899,-1.731671309307918,5.703489154625491,53.4369522992766,,80.91706028328316,0.3113016718998551
13230,62.97368939900754,-1.737415665544096,5.7038924068565,53.4369522992766,,80.9213044083405,0.3113029233645648
13231,62.97328000966183,-1.732353505555798,5.704290548780736,53.4369522992766,,80.925475731553,0.3113042912445962
13232,62.97581913372972,-1.727931480804429,5.704683404812482,53.4369522992766,,80.92957421703598,0.3113056009169668
13233,62.98768029490181,-1.733889901593141,5.705075679998252,53.4369522992766,,80.93366029395013,0.3113070270046592
13234,63.01791435239956,-1.741082007668386,5.705472728645411,53.4369522992766,,80.9378119806829,0.3113085986115038
13235,63.04216102455057,-1.737182026291366,5.705878841311225,53.4369522992766,,80.94209551182004,0.3113102575298399
13236,63.02766908264609,-1.731731715224522,5.706293362340269,53.4369522992766,,80.94650744912138,0.3113120328634977
13237,62.99321618790654,-1.734982477984542,5.706707522006022,53.4369522992766,,80.95091967911497,0.311313895508647
13238,62.97665199138315,-1.736755598006989,5.707111759595175,53.4369522992766,,80.95518913563623,0.311315874569118
13239,62.96781484118313,-1.732847902518464,5.707506663834126,53.4369522992766,,80.95933268966319,0.31131791183725
13240,62.97506412044767,-1.732910938801935,5.707896998643151,53.4369522992766,,80.96341101357314,0.3113200364168733
13241,63.00883833914976,-1.73903346364823,5.708288432010338,53.4369522992766,,80.96750049449776,0.311322248307988
13242,63.00597866092828,-1.733529484047331,5.708686295964404,53.4369522992766,,80.97167634094025,0.31132451840676373
13243,62.99971572052644,-1.732917666245215,5.709089045233224,53.4369522992766,,80.97590414861156,0.3113268467132002
13244,63.00103330336643,-1.731876920070109,5.709493193895918,53.4369522992766,,80.9801495326458,0.3113292332272977
13245,62.99671487417267,-1.7347951220484,5.709898418804921,53.4369522992766,,80.9844329874203,0.31133164884522563
13246,63.0028917872384,-1.735963534827652,5.710303212685904,53.4369522992766,,80.98873040971466,0.3113341517746449
13247,62.98557138837261,-1.732607215127962,5.710705337188955,53.4369522992766,,80.99298819261331,0.3113366547040641
13248,62.99002176587246,-1.736375805960631,5.711105396351906,53.4369522992766,,80.99719942197856,0.3113392158411443
13249,62.98971436374036,-1.732192599077971,5.7115034584189,53.4369522992766,,81.00136890227085,0.3113418351858854
13250,62.99397292951899,-1.735398486421167,5.711902065562395,53.4369522992766,,81.00554018297969,0.3113444545306265
13251,63.00032346222923,-1.732586918023473,5.712302132317852,53.4369522992766,,81.00974084314386,0.3113471029791981
13252,62.98386224356936,-1.731240452643677,5.712701103240093,53.4369522992766,,81.01394073894822,0.3113497805316001
13253,62.97162167368295,-1.732231649294266,5.713097706065438,53.4369522992766,,81.0181177590844,0.3113524580840021
13254,62.96635000114999,-1.730988311314921,5.713492242496221,53.4369522992766,,81.02226316525122,0.3113551647402346
13255,62.97504359777395,-1.732354557327644,5.713888731698946,53.4369522992766,,81.02642898116282,0.3113578713964671
13256,62.97701984497391,-1.731400556754214,5.714289182015461,53.4369522992766,,81.03064621361274,0.31136060715653
13257,62.96868324542962,-1.733001428845484,5.714691952560767,53.4369522992766,,81.03488495473802,0.311363342916593
13258,62.98882024284575,-1.736456745963229,5.715092593146236,53.4369522992766,,81.03908413640538,0.3113660495728254
13259,63.0003360526799,-1.737080359792377,5.715490401619503,53.4369522992766,,81.0432580787997,0.3113687853328884
13260,62.99309967385663,-1.732322382473905,5.7158895946955,53.4369522992766,,81.0474776802298,0.3113715210929513
13261,62.98723647718073,-1.730988763904017,5.716290084362009,53.4369522992766,,81.05173434053668,0.3113742277491838
13262,62.98302786987446,-1.733732546458122,5.716690003904116,53.4369522992766,,81.05598356955467,0.3113769344054163
13263,62.96868167163252,-1.731693590794222,5.717088872802998,53.4369522992766,,81.06019841119831,0.3113796119578183
13264,62.95784950996014,-1.729399918951077,5.717486677958391,53.4369522992766,,81.06437770051582,0.3113823186140507
13265,62.95898913359775,-1.732168291786033,5.717883521874094,53.4369522992766,,81.06854283871382,0.3113849670626223
13266,62.97269975259381,-1.735913538016571,5.718278760646688,53.4369522992766,,81.07270138674748,0.3113876155111939
13267,62.98384023957277,-1.733243184611344,5.718672451118721,53.4369522992766,,81.07685010523642,0.311390234855935
13268,62.98367512753362,-1.730274540269814,5.719066421871461,53.4369522992766,,81.08100312354146,0.3113928542006761
13269,62.99096408536537,-1.732104997676347,5.71946095642137,53.4369522992766,,81.08515733190762,0.3113954153377563
13270,63.00542690878446,-1.734859865637008,5.719857402208032,53.4369522992766,,81.08932536730087,0.3113979764748365
13271,63.01625491969491,-1.735299740499104,5.720260338677824,53.4369522992766,,81.09358416116297,0.3114005085080862
13272,62.99666607941083,-1.731056330241371,5.720669147645378,53.4369522992766,,81.09794382743277,0.311402982333675
13273,62.97616157357791,-1.733035708281981,5.721075304416299,53.4369522992766,,81.10227059009168,0.3114054561592638
13274,62.97227000078068,-1.73205769820276,5.721474099782544,53.4369522992766,,81.10648979384372,0.3114078717771918
13275,62.97809626726539,-1.732582707147091,5.721866410252153,53.4369522992766,,81.11062272432997,0.3114102873951197
13276,62.98147864716874,-1.726955460093831,5.722257365630375,53.4369522992766,,81.11474729622887,0.3114126448053867
13277,62.98369582292192,-1.727885212785041,5.722647939959293,53.4369522992766,,81.11885695053768,0.3114149731118232
13278,62.97596037783114,-1.730951589422947,5.723040105849512,53.4369522992766,,81.12296870266569,0.3114172432105988
13279,62.96908957335417,-1.731912342231136,5.723434921710115,53.4369522992766,,81.12710090004656,0.311419484205544
13280,62.97614136715002,-1.728554553850753,5.723831956843862,53.4369522992766,,81.13126936123702,0.3114216960966587
13281,62.98473218738685,-1.729444402569458,5.724229710255652,53.4369522992766,,81.13547442193567,0.3114238497801125
13282,63.00185567039085,-1.738143984051776,5.724626784140937,53.4369522992766,,81.13968945480389,0.3114259743597358
13283,63.01280610875388,-1.735293429723384,5.725025488856168,53.4369522992766,,81.14393394932726,0.3114280698355287
13284,63.02902165519338,-1.732474970061034,5.725427271791824,53.4369522992766,,81.14821155839876,0.3114300779998302
13285,63.03864231449548,-1.731974955629125,5.725832478952558,53.4369522992766,,81.15253018331785,0.3114320861641318
13286,63.01635579724236,-1.737120410211063,5.726239728109347,53.4369522992766,,81.15687227309803,0.3114340070169419
13287,62.99157111879472,-1.730924312562427,5.726642872025002,53.4369522992766,,81.16115654254483,0.3114358987659216
13288,62.98265818171954,-1.728239354315293,5.727038151061803,53.4369522992766,,81.16532898261471,0.3114377614110708
13289,62.9813831720809,-1.729572903995977,5.72742848029531,53.4369522992766,,81.16943121052385,0.3114395658485591
13290,62.9959562730017,-1.735890421464032,5.727818739842904,53.4369522992766,,81.17353480423446,0.3114413120783865
13291,63.0288060161168,-1.736344354190359,5.728210944333167,53.4369522992766,,81.17767094191238,0.311443000100553
13292,63.03892351402071,-1.737150028603039,5.728607185800454,53.4369522992766,,81.18186551062051,0.3114446590188891
13293,63.04206442522879,-1.73405935779186,5.72900846474637,53.4369522992766,,81.18613554728813,0.3114462306257337
13294,63.03801833358165,-1.733727900647999,5.729413075421774,53.4369522992766,,81.19046197149453,0.3114478022325784
13295,63.03066523024038,-1.73730045120587,5.729818745413219,53.4369522992766,,81.19481573349411,0.3114492865279317
13296,63.00898535076806,-1.730560355216532,5.73022153300427,53.4369522992766,,81.1991382918639,0.3114507126156241
13297,62.98994829647248,-1.731730218964326,5.730616733080718,53.4369522992766,,81.20333895249348,0.311452109599486
13298,62.98164325597855,-1.735173589673836,5.731006571192332,53.4369522992766,,81.2074449272532,0.311453448375687
13299,62.9822754700869,-1.732462326724487,5.731396747310344,53.4369522992766,,81.21154364123282,0.3114547289442271
13300,63.00689056720374,-1.733463731335943,5.731791562512511,53.4369522992766,,81.21570309627234,0.3114559513051063
13301,63.005471850615,-1.735386493100084,5.732191266150428,53.4369522992766,,81.21993866613224,0.3114571154583246
13302,63.01038632492013,-1.73773371871375,5.732592850517015,53.4369522992766,,81.22421326892442,0.3114582214038819
13303,63.00144673638184,-1.733145905345002,5.732992086875379,53.4369522992766,,81.22847579606297,0.3114592982456088
13304,63.00491506683845,-1.734755512929956,5.733386471363054,53.4369522992766,,81.2326772975729,0.3114602877758443
13305,62.9987726058478,-1.733416946874049,5.733779738018023,53.4369522992766,,81.23686737483636,0.3114612482022494
13306,62.98787722583851,-1.730179977343268,5.734171630468194,53.4369522992766,,81.24102243561524,0.3114621213171631
13307,62.98740406433693,-1.733374553530566,5.734563142198979,53.4369522992766,,81.2451468047884,0.3114629653282464
13308,63.0131223798042,-1.734697201999015,5.734954700243432,53.4369522992766,,81.24926116779878,0.3114637511316687
13309,63.00727973667261,-1.732304398876215,5.735349802574012,53.4369522992766,,81.25343421504256,0.3114644496235996
13310,63.01852911385682,-1.740166086464839,5.735749610660934,53.4369522992766,,81.25767705904093,0.3114651190117002
13311,63.01417693454293,-1.731869881836042,5.736150768203968,53.4369522992766,,81.26195580578546,0.3114657301921397
13312,63.01053737336707,-1.732621958076354,5.736550743140398,53.4369522992766,,81.26624311085654,0.3114662831649184
13313,63.0226400666193,-1.733711071761452,5.736947711811339,53.4369522992766,,81.27050521418438,0.3114667779300362
13314,63.01383070963359,-1.733349525128943,5.737340390271822,53.4369522992766,,81.2746960929814,0.311467214487493
13315,63.00071806704889,-1.731811668314809,5.737731378641434,53.4369522992766,,81.27883687497966,0.311467592837289
13316,62.99361005950314,-1.730356026129707,5.738122273341324,53.4369522992766,,81.28295159325573,0.311467912979424
13317,62.99138384648806,-1.732085918941155,5.738514646559777,53.4369522992766,,81.28708192087562,0.3114681749138981
13318,63.00669312392539,-1.734460346738699,5.738907916172694,53.4369522992766,,81.29124530946504,0.3114683786407113
13319,63.00649732924023,-1.735094933598651,5.739302201655844,53.4369522992766,,81.29544478168977,0.3114685241598636
13320,63.03132322543181,-1.735010806996693,5.739698229599357,53.4369522992766,,81.2996689181266,0.311468611471355
13321,63.02012681263,-1.733202207315991,5.740096292741971,53.4369522992766,,81.30392236264267,0.3114686405751854
13322,63.01519432984426,-1.741032110548356,5.740497299876369,53.4369522992766,,81.30821916324969,0.3114685823675245
13323,63.01673194953865,-1.733448566612187,5.740896915157067,53.4369522992766,,81.31250219705116,0.3114684950560331
13324,63.00436613738053,-1.727784039537381,5.741294759332224,53.4369522992766,,81.31676456705307,0.3114683495368809
13325,62.98880707746257,-1.73212297445194,5.741689043749213,53.4369522992766,,81.32095625036912,0.3114681458100677
13326,62.98262592018737,-1.735121921831458,5.742079737762544,53.4369522992766,,81.32508156799342,0.3114678838755935
13327,62.97991626218832,-1.732362257324515,5.742469036960395,53.4369522992766,,81.32919086828898,0.3114675637334585
13328,62.99523455163342,-1.732452889771873,5.742859492045153,53.4369522992766,,81.33333137175414,0.3114671853836626
13329,63.01125349608432,-1.735305305509525,5.743252816524917,53.4369522992766,,81.33752657241773,0.3114667488262057
13330,63.03338298315623,-1.740864824706684,5.743649398497703,53.4369522992766,,81.34177035914554,0.311466254061088
13331,63.01703140317681,-1.731545273135731,5.744048375795208,53.4369522992766,,81.34605169185203,0.3114657010883093
13332,63.01713808009595,-1.731495184009639,5.744447496876853,53.4369522992766,,81.35031981207155,0.3114650899078697
13333,63.02454414537604,-1.734160100842395,5.744846463750468,53.4369522992766,,81.35458549500792,0.3114644205197692
13334,63.02088934755616,-1.735886453125318,5.745244898042715,53.4369522992766,,81.35885506360871,0.3114636929240078
13335,63.00949076486337,-1.728542797077375,5.745639349950367,53.4369522992766,,81.3630643456102,0.3114629071205854
13336,63.00103265203077,-1.729585195077982,5.746030295157421,53.4369522992766,,81.3672136575391,0.3114620631095022
13337,62.99734028830575,-1.733826801414923,5.746420768733049,53.4369522992766,,81.3713539225443,0.311461160890758
13338,63.00881090843775,-1.731141473669767,5.74681400229969,53.4369522992766,,81.37553247892434,0.311460200464353
13339,63.00701434638951,-1.731606628295563,5.747210559756761,53.4369522992766,,81.37975971780962,0.311459181830287
13340,63.02298991642914,-1.739157674257855,5.747607878584438,53.4369522992766,,81.38400372472135,0.3114581049885601
13341,63.0432408526804,-1.739645161395015,5.748003051385455,53.4369522992766,,81.38823450398986,0.3114569990430027
13342,63.05404100826961,-1.73667217652254,5.748398074562594,53.4369522992766,,81.39247608381845,0.311455805785954
13343,63.0610268470229,-1.73441757229568,5.748796388884843,53.4369522992766,,81.39677990104846,0.3114545543212444
13344,63.03380148878276,-1.730364513268818,5.749197344580999,53.4369522992766,,81.40112283645483,0.3114532446488738
13345,63.00617754491835,-1.731787200652744,5.749595915468398,53.4369522992766,,81.4053994222575,0.3114518767688423
13346,62.99046465264041,-1.73505333755178,5.749988578763412,53.4369522992766,,81.40956834866016,0.3114504797849804
13347,62.98836112882069,-1.732806624770832,5.750376540477495,53.4369522992766,,81.41367632687223,0.3114489954896271
13348,63.01449935953185,-1.733092800310992,5.75076390307596,53.4369522992766,,81.4177928664742,0.3114474529866129
13349,63.03188349672153,-1.734778555585019,5.751154556954981,53.4369522992766,,81.42196520822702,0.3114458813797683
13350,63.02826324097296,-1.737065369081017,5.751548713290219,53.4369522992766,,81.42618565939715,0.3114442224614322
13351,63.03429139748181,-1.738077389839022,5.751943322928531,53.4369522992766,,81.43040585965403,0.3114425344392657
13352,63.04405084945265,-1.734932697304617,5.752338861324262,53.4369522992766,,81.43463874990796,0.3114407882094383
13353,63.03892040677217,-1.735589744527728,5.752737820678461,53.4369522992766,,81.43893257450678,0.31143898377195
13354,63.01144135111848,-1.738283983957192,5.75313572898819,53.4369522992766,,81.44321674391513,0.3114370920229703
13355,63.01099698138279,-1.735910826459778,5.75352758371962,53.4369522992766,,81.44741707636007,0.3114351711701602
13356,63.01490355405549,-1.729156591011432,5.753913905113247,53.4369522992766,,81.4515461953426,0.3114331921096891
13357,63.04519808520966,-1.737442664125596,5.75429958507715,53.4369522992766,,81.45566075347311,0.3114311548415571
13358,63.0412872768836,-1.741104060007439,5.754688992433703,53.4369522992766,,81.45982053794718,0.3114290884695947
13359,63.02691541100948,-1.734191056009424,5.755084635063771,53.4369522992766,,81.46405727083543,0.3114269347861409
13360,63.00717387858936,-1.733118712414455,5.755481456399698,53.4369522992766,,81.46829757505442,0.3114247228950262
13361,63.00397902942811,-1.735001173704144,5.755877249791983,53.4369522992766,,81.47252040505184,0.311422481900081
13362,63.01933054209129,-1.739205342499766,5.756269951611517,53.4369522992766,,81.47671635897471,0.311420182697475
13363,63.01701352696877,-1.730731916420978,5.756659917529513,53.4369522992766,,81.48089750787113,0.3114177961833775
13364,63.0109900493047,-1.73529755053245,5.757048158241599,53.4369522992766,,81.48506100106393,0.3114153805654496
13365,63.00359049723044,-1.736635726976154,5.757436616701607,53.4369522992766,,81.48922169426656,0.3114129067398608
13366,62.99361191625518,-1.73081160968708,5.757825373032954,53.4369522992766,,81.49336892806868,0.311410374706611
13367,62.98030455075538,-1.732672369840962,5.75821537525133,53.4369522992766,,81.4975207767673,0.3114078135695308
13368,62.97707545572284,-1.732936909396338,5.758604831244988,53.4369522992766,,81.5016617717499,0.3114051651209593
13369,62.98467498966727,-1.730683604610274,5.758991512044115,53.4369522992766,,81.50577208124803,0.3114024875685573
13370,62.9796107671407,-1.732306819664427,5.759377143638829,53.4369522992766,,81.50987605460925,0.3113997518084943
13371,62.97315164234072,-1.730521198440269,5.759765952501221,53.4369522992766,,81.51402409179104,0.31139692873694
13372,62.99075272091992,-1.739363338347074,5.7601581526829,53.4369522992766,,81.51821512111333,0.3113941056653857
13373,62.99444384763659,-1.735308338336979,5.760552383939268,53.4369522992766,,81.52244580820374,0.31139119528234
13374,62.98618126006747,-1.728183698116149,5.760946206590422,53.4369522992766,,81.52668772254087,0.3113882266916335
13375,62.97664958181435,-1.731237767810563,5.761336652721838,53.4369522992766,,81.53088217938044,0.3113852289970964
13376,62.96478374948342,-1.734915364503138,5.761724776921593,53.4369522992766,,81.53503310391459,0.3113821730948985
13377,62.98465726510335,-1.735069284961213,5.762112891491007,53.4369522992766,,81.53918072484758,0.3113790589850396
13378,62.99623884023584,-1.730216534825407,5.762502256223338,53.4369522992766,,81.54335737849878,0.3113758866675198
13379,62.99036962847,-1.737636245420812,5.76289227218766,53.4369522992766,,81.54753912273144,0.3113726561423391
13380,63.00486077912181,-1.737250299523739,5.763283772558882,53.4369522992766,,81.55173500578185,0.311369396513328
13381,63.00470426475961,-1.731009120172709,5.76367777290173,53.4369522992766,,81.55596600382361,0.3113660786766559
13382,63.01210093430143,-1.736870113402423,5.764074465251021,53.4369522992766,,81.56023899634526,0.3113627026323229
13383,63.01741316296663,-1.7358760593586,5.764471196123929,53.4369522992766,,81.56451940692165,0.311359268380329
13384,63.00179153110597,-1.736080769103859,5.764865314318131,53.4369522992766,,81.56876112262567,0.3113558050245047
13385,62.9793682469913,-1.731600095450491,5.765256582727535,53.4369522992766,,81.57295370071768,0.3113522834610194
13386,62.98776540290099,-1.733593750975505,5.765645585370646,53.4369522992766,,81.57711329459451,0.3113487036898732
13387,62.98516079781982,-1.735424396522855,5.766033315099187,53.4369522992766,,81.58126792518235,0.3113450657110661
13388,62.99180288930496,-1.733936913074784,5.766420870988886,53.4369522992766,,81.5854166864084,0.3113413695245981
13389,63.00220535853455,-1.732538733819693,5.766809805259926,53.4369522992766,,81.58957854132272,0.3113376442342997
13390,62.98546308048761,-1.734946760847941,5.767200376440289,53.4369522992766,,81.59376635421435,0.3113338607363403
13391,63.0057400936175,-1.738436178888005,5.767591653713657,53.4369522992766,,81.59797143456251,0.3113300481345505
13392,62.99383485280237,-1.73219636051881,5.767982981475015,53.4369522992766,,81.60219315125893,0.3113261482212692
13393,62.97773905776178,-1.733331010344396,5.768373576704949,53.4369522992766,,81.60639746034585,0.3113222192041576
13394,62.96833789083457,-1.73341829401121,5.768763260238604,53.4369522992766,,81.6105707350816,0.311318231979385
13395,62.96661867309003,-1.735681471197074,5.769152644171827,53.4369522992766,,81.61472064275182,0.311314215650782
13396,62.98490914944361,-1.735739083697704,5.769540377024152,53.4369522992766,,81.6188454289755,0.3113101120106876
13397,62.99281951493743,-1.732396172698056,5.769927259539892,53.4369522992766,,81.62297496532577,0.3113059792667627
13398,62.98567819843125,-1.735598369720812,5.77031577487522,53.4369522992766,,81.62714253634455,0.3113018174190074
13399,62.97979580141946,-1.732535801411917,5.77070641669929,53.4369522992766,,81.631353212202,0.3112975682597607
13400,62.99721417441969,-1.732513653606979,5.771097410488591,53.4369522992766,,81.63557713145197,0.3112932899966836
13401,62.98064985008637,-1.733928169074497,5.771489883651236,53.4369522992766,,81.63982889148033,0.311288982629776
13402,63.00266311375296,-1.742014619898004,5.771881997678825,53.4369522992766,,81.64405906474322,0.311284587951377
13403,62.98700509862329,-1.732784377630002,5.772273438980176,53.4369522992766,,81.64827487751529,0.3112801641691476
13404,62.97623822715744,-1.733782127491471,5.772663564516224,53.4369522992766,,81.65246417867293,0.3112756821792573
13405,62.97033873717341,-1.73433808580126,5.773051101700145,53.4369522992766,,81.65662022897554,0.3112711710855365
13406,62.98117026973594,-1.73696316670388,5.773435648685244,53.4369522992766,,81.66073802369411,0.31126660178415483
13407,62.98503643125154,-1.73123881021004,5.773819812979562,53.4369522992766,,81.66485124033773,0.3112619742751122
13408,62.98143697806098,-1.735624593412729,5.774206746060791,53.4369522992766,,81.66900259856678,0.3112573176622391
13409,62.99917749759275,-1.738365306734845,5.774595497718791,53.4369522992766,,81.67317279838828,0.3112526028417051
13410,62.98385579953671,-1.734431825850186,5.77498771524854,53.4369522992766,,81.67739420878918,0.3112478298135102
13411,62.97413436017332,-1.733795619303074,5.7753819700955,53.4369522992766,,81.6816430702999,0.3112430276814848
13412,62.99251750641439,-1.740707191842195,5.775773978109848,53.4369522992766,,81.68586877304666,0.3112381673417985
13413,62.9872610222136,-1.737047552558048,5.776163411840852,53.4369522992766,,81.69007455170104,0.3112332487944514
13414,63.00329475159074,-1.73557343491222,5.776550979451365,53.4369522992766,,81.69425358912717,0.3112283011432737
13415,62.99774557155145,-1.735559862784725,5.776938397715652,53.4369522992766,,81.69842707777352,0.3112233243882656
13416,63.00032623040051,-1.738908943288509,5.777327043609234,53.4369522992766,,81.70260488353351,0.3112182603217661
13417,63.00154516790938,-1.732768663645724,5.77771580811627,53.4369522992766,,81.70677673996505,0.3112131671514362
13418,62.98166037614334,-1.732165825304359,5.778104652368589,53.4369522992766,,81.71095581877738,0.3112080448772758
13419,62.9620831886635,-1.734119318254895,5.778493284956481,53.4369522992766,,81.71513702898277,0.3112028643954545
13420,62.95752632236552,-1.73536789239891,5.77888090698983,53.4369522992766,,81.71930153296704,0.3111976257059723
13421,62.96858675658875,-1.735269161756323,5.779266648058689,53.4369522992766,,81.7234401245924,0.3111923579126596
13422,62.95672053044533,-1.731984413300557,5.779652142741356,53.4369522992766,,81.72758443844732,0.3111870319116861
13423,62.97706271067266,-1.737966228735212,5.780037093430169,53.4369522992766,,81.73172149643324,0.3111816477030516
13424,62.98978473248146,-1.731825332465627,5.780422604527768,53.4369522992766,,81.73587629560939,0.3111762343905866
13425,62.98842069466642,-1.732498501168579,5.780810007855553,53.4369522992766,,81.74005332868138,0.3111707919742912
13426,62.98540768786546,-1.735639642599321,5.781198289796158,53.4369522992766,,81.74423521756489,0.3111652622465044
13427,62.98042740957909,-1.733720775551084,5.781584208472125,53.4369522992766,,81.74838504657475,0.3111597325187176
13428,63.00261083274279,-1.734302234554232,5.781967884630902,53.4369522992766,,81.75250882923419,0.31115414458327
13429,62.99660458411872,-1.731900996206266,5.782353259843067,53.4369522992766,,81.75666468492051,0.3111484984401613
13430,62.99913785702505,-1.733161691252835,5.782741066195777,53.4369522992766,,81.76084729027347,0.31114279408939177
13431,63.01608294342183,-1.733785057159169,5.783129772157073,53.4369522992766,,81.76503169573968,0.3111370897386223
13432,63.00329550988384,-1.734867629322893,5.783521356684577,53.4369522992766,,81.76925653244182,0.3111312980763614
13433,62.99582833326302,-1.732799413171771,5.783916540976857,53.4369522992766,,81.7735332641492,0.3111254773102701
13434,62.99829288144463,-1.736164291211488,5.784310492364364,53.4369522992766,,81.77779947472332,0.3111196274403483
13435,62.98309618642152,-1.735538096217942,5.784701286226068,53.4369522992766,,81.78204433590516,0.3111137193627656
13436,62.97651521246948,-1.731949044643436,5.785086431802964,53.4369522992766,,81.78621547098827,0.3111077821813524
13437,62.97602244635245,-1.729426120255484,5.785466037141923,53.4369522992766,,81.79029900739117,0.3111017867922783
13438,62.97809422231793,-1.733384981077382,5.785844545622849,53.4369522992766,,81.79435024544146,0.3110957331955433
13439,63.00263745788035,-1.734694847659854,5.786225577411434,53.4369522992766,,81.798425045153,0.3110896795988083
13440,63.00476244694192,-1.732886690055194,5.78661132002804,53.4369522992766,,81.8025692779221,0.3110835386905819
13441,62.9839246794773,-1.72964805223133,5.787000165534452,53.4369522992766,,81.8067686381235,0.3110773686785251
13442,62.96606280368096,-1.731392564599036,5.787389820742592,53.4369522992766,,81.81099053673024,0.3110711695626378
13443,62.98346473163078,-1.734488565384982,5.787777694231392,53.4369522992766,,81.81518985273036,0.3110649122390896
13444,62.98171209133884,-1.733096926806214,5.788166329409301,53.4369522992766,,81.81940475233607,0.311058625811711
13445,62.98821622989436,-1.732678775920302,5.78855690625533,53.4369522992766,,81.8236427053109,0.3110522811766714
13446,62.98167816329261,-1.733380760278524,5.788944813928337,53.4369522992766,,81.82784137548592,0.3110459074378014
13447,62.96455136486291,-1.736461497957319,5.789327900075033,53.4369522992766,,81.83197007516617,0.3110394754912704
13448,62.95624412974952,-1.729007707847836,5.78970786128972,53.4369522992766,,81.83605335121506,0.311033014440909
13449,62.96080311662666,-1.724248963235532,5.790087410425349,53.4369522992766,,81.84013363198827,0.3110265242867172
13450,62.98103769130243,-1.734768525264214,5.790468875901081,53.4369522992766,,81.84424607460542,0.3110199759248644
13451,62.97433021375451,-1.736034778354182,5.790852686882593,53.4369522992766,,81.84838844110526,0.3110133984591812
13452,62.99266958732333,-1.734816439055482,5.791238692667738,53.4369522992766,,81.85255508182033,0.3110067627858371
13453,63.01428064910453,-1.732814601406101,5.791626650458058,53.4369522992766,,81.8567520075978,0.311000068904832
13454,63.02910459487749,-1.739939690872491,5.792018199958388,53.4369522992766,,81.86101220676461,0.310993375023827
13455,63.02096626486799,-1.734895020578442,5.792413094336781,53.4369522992766,,81.86533946898064,0.310986622935161
13456,62.9929570403403,-1.731776065697006,5.792807389423358,53.4369522992766,,81.86966154330966,0.3109798126388341
13457,62.97241244993018,-1.729893251317848,5.793196891856574,53.4369522992766,,81.87389844198503,0.3109729732386768
13458,62.97183276338725,-1.73819592194352,5.793580969349161,53.4369522992766,,81.87804316458211,0.310966104734689
13459,63.00312615870485,-1.738956795307784,5.793961358512469,53.4369522992766,,81.88213427177288,0.3109591780230403
13460,63.00799490063794,-1.734251432253496,5.794343153343992,53.4369522992766,,81.88625376990002,0.3109522222075611
13461,63.02238940907529,-1.733771278036611,5.794729691849058,53.4369522992766,,81.89043748499698,0.3109452372882515
13462,63.03360565601764,-1.73610158495128,5.795119693371785,53.4369522992766,,81.89467314779999,0.310938194161281
13463,63.0172918208504,-1.731912542652161,5.795512096323744,53.4369522992766,,81.89895967049742,0.3109310928266495
13464,63.01430794800721,-1.734122020223419,5.795904559580997,53.4369522992766,,81.9032569378326,0.3109239914920181
13465,62.99620048756888,-1.733980844692235,5.796295813661997,53.4369522992766,,81.90753452295809,0.3109168319497257
13466,62.99603392499166,-1.736890613828716,5.796683372318483,53.4369522992766,,81.9117375365939,0.3109096141997725
13467,63.01136329993612,-1.735135955100695,5.797068191730579,53.4369522992766,,81.91588558028992,0.3109023964498192
13468,63.01058337370156,-1.732070388455327,5.797453349470411,53.4369522992766,,81.92004057052036,0.3108950913883746
13469,63.01779802678572,-1.733086185356884,5.797838020907644,53.4369522992766,,81.92419670617886,0.3108877863269299
13470,63.01311089163997,-1.734595888102447,5.798222964173603,53.4369522992766,,81.92836867050129,0.3108804230578244
13471,62.99659957456263,-1.731409163801367,5.798610623713678,53.4369522992766,,81.93259066515097,0.3108730306848884
13472,62.99702057295364,-1.736881706236875,5.798998835140365,53.4369522992766,,81.9368238815344,0.3108655801042914
13473,62.99129489866166,-1.731576692898165,5.799386588805931,53.4369522992766,,81.94105424203514,0.3108581004198641
13474,62.9867003432735,-1.731254687886472,5.799770880840219,53.4369522992766,,81.94523032208849,0.3108505916316062
13475,62.97982989777922,-1.733488467842257,5.800152121651246,53.4369522992766,,81.94936172630088,0.31084305373951787
13476,62.987176367059,-1.732839387468891,5.80053240386149,53.4369522992766,,81.95346887744536,0.3108354576397687
13477,62.9893284459289,-1.728760571186339,5.800913049875179,53.4369522992766,,81.9575707796899,0.3108278324361891
13478,62.98376205890949,-1.729933682044771,5.801294447140437,53.4369522992766,,81.96168307441677,0.3108201490249485
13479,62.97954161583314,-1.73177362207118,5.801676591065249,53.4369522992766,,81.96581052577898,0.3108124365098774
13480,62.98055724694821,-1.729456957886539,5.802058584419095,53.4369522992766,,81.96993934579382,0.310804694890976
13481,62.99099920850729,-1.726494089015602,5.802441498075363,53.4369522992766,,81.97407855501093,0.310796924168244
13482,62.99124450583347,-1.732649336596564,5.80282570588301,53.4369522992766,,81.9782361054189,0.3107890952378511
13483,62.99908131456995,-1.733893417142284,5.803210977385527,53.4369522992766,,81.98241875489863,0.3107812372036278
13484,62.99403887210886,-1.734938241314746,5.803596508128417,53.4369522992766,,81.98661676501767,0.310773350065574
13485,62.99665716624865,-1.73209938589138,5.803983220995126,53.4369522992766,,81.99083516748412,0.3107654047198594
13486,63.00476065341397,-1.728786051203506,5.804370152853,53.4369522992766,,81.99505396696358,0.3107574302703142
13487,63.00254710843488,-1.734149220757949,5.804754927761927,53.4369522992766,,81.9992371135964,0.3107494267169386
13488,63.00635394877195,-1.731525542417018,5.805138498647349,53.4369522992766,,82.00339975195986,0.3107413940597326
13489,63.01425825537503,-1.730103837411831,5.805521957912893,53.4369522992766,,82.00755790435124,0.3107333031948656
13490,62.99770287475653,-1.732470572916024,5.805906076965889,53.4369522992766,,82.01173077062784,0.3107251832261682
13491,62.97807228685694,-1.731845852322015,5.806289850143844,53.4369522992766,,82.01590211450154,0.3107170341536403
13492,62.96624566436572,-1.730525500125499,5.806672134032506,53.4369522992766,,82.02005205177318,0.3107088268734515
13493,62.97622908244988,-1.732252844358383,5.807054329121118,53.4369522992766,,82.0241999328905,0.3107005904894322
13494,62.99235603428959,-1.731987829140708,5.807438793133334,53.4369522992766,,82.02837713952141,0.3106923250015825
13495,62.98326112824584,-1.731089808011083,5.807826035598026,53.4369522992766,,82.03258889722116,0.3106840304099023
13496,62.98609335311022,-1.739748222697984,5.808212269237831,53.4369522992766,,82.03678520424295,0.3106756776105613
13497,62.9937870246328,-1.734583186321038,5.808594355769875,53.4369522992766,,82.04093168547364,0.3106673248112202
13498,62.99134646336447,-1.729537165973939,5.808974128467423,53.4369522992766,,82.04505695907858,0.3106589138042182
13499,63.00338078836404,-1.733003207416181,5.809354401126659,53.4369522992766,,82.04919423001692,0.3106504445895553
13500,62.99109453114534,-1.734336110423393,5.809736546469344,53.4369522992766,,82.05335677195272,0.3106419753748924
13501,63.0003393415397,-1.735470495546426,5.810120610939622,53.4369522992766,,82.05753503654495,0.3106334479525685
13502,62.99653955517485,-1.733869026378213,5.810504907673241,53.4369522992766,,82.06171599553547,0.3106248914264143
13503,63.00090236062603,-1.73663039774861,5.81088825859031,53.4369522992766,,82.06588284358756,0.3106163057964295
13504,62.98188078493845,-1.7333193590265,5.811273048925829,53.4369522992766,,82.07007646557847,0.3106076910626143
13505,62.97237099089529,-1.730272055967687,5.811658235840093,53.4369522992766,,82.07427229263025,0.3105990181211382
13506,62.96428189612445,-1.731349707866848,5.81204133551393,53.4369522992766,,82.07843464310534,0.3105903160758317
13507,62.97373042037385,-1.738729132563122,5.812421429548714,53.4369522992766,,82.08255254729589,0.3105815849266946
13508,62.97180789236381,-1.731991762314403,5.812800010544932,53.4369522992766,,82.08665444662518,0.3105728246737272
13509,62.96022208925655,-1.730557316677063,5.813179373677944,53.4369522992766,,82.09076615305855,0.3105640353169292
13510,62.97309599619965,-1.73574695227436,5.813558724399232,53.4369522992766,,82.09487755455395,0.3105551877524704
13511,62.9801966543522,-1.733000461117555,5.813938416877685,53.4369522992766,,82.09900836260303,0.3105463110841811
13512,62.97954469188115,-1.730667789168841,5.81431995238986,53.4369522992766,,82.10317194844545,0.3105374053120613
13513,62.97614150351865,-1.73105304604144,5.814703741456087,53.4369522992766,,82.10736298969911,0.3105284704361111
13514,62.9736029192334,-1.733362461271457,5.815088879114539,53.4369522992766,,82.11156576345599,0.3105195064563304
13515,62.96707257582239,-1.731086740900739,5.815473342977328,53.4369522992766,,82.11575357352882,0.3105104842688888
13516,62.96807344386661,-1.731522584097918,5.815856578646991,53.4369522992766,,82.11991983945973,0.3105014329776168
13517,62.96434991084959,-1.728074090324903,5.816239401436288,53.4369522992766,,82.12408264818006,0.3104923525825143
13518,62.95835022184487,-1.730851458113316,5.81662159097433,53.4369522992766,,82.12823851096978,0.3104832430835813
13519,62.95276877327534,-1.732882879584775,5.817000535043874,53.4369522992766,,82.13235444272003,0.3104741044808179
13520,62.95199021290139,-1.733135875614904,5.817376074385373,53.4369522992766,,82.13642724699791,0.310464936774224
13521,62.95757073140612,-1.731615193947534,5.817751433283197,53.4369522992766,,82.1404955684098,0.3104557108599693
13522,62.96693505029158,-1.731980989660225,5.818129453552828,53.4369522992766,,82.14459618720869,0.3104464849457145
13523,62.96437032973985,-1.732945921135219,5.818511607139421,53.4369522992766,,82.14875413651725,0.3104372008237988
13524,62.97318873658573,-1.732671142120304,5.818893991177541,53.4369522992766,,82.15291651601734,0.3104278875980526
13525,62.9698761239751,-1.729568950773722,5.819274774331173,53.4369522992766,,82.15706225264483,0.310418545268476
13526,62.97887450278851,-1.727600096812617,5.819654830932564,53.4369522992766,,82.16120023734672,0.3104091738350689
13527,62.97786711272572,-1.733115468663532,5.820036189310076,53.4369522992766,,82.16536105326256,0.310399744194001
13528,62.95989413942156,-1.733004253423936,5.820420217945275,53.4369522992766,,82.16955636732888,0.310390314552933
13529,62.94219345985842,-1.725207970867395,5.820804046980738,53.4369522992766,,82.17374114739044,0.3103808267042041
13530,62.94914252271289,-1.730024225639842,5.82118512485628,53.4369522992766,,82.17788687027638,0.3103713388554752
13531,62.95545644285575,-1.735398452160116,5.821564067991086,53.4369522992766,,82.18201307163059,0.3103617927990854
13532,62.98374731330473,-1.737600266999224,5.821943360937138,53.4369522992766,,82.18614739111837,0.3103522176388651
13533,63.02757199403766,-1.738128968044819,5.822325295025409,53.4369522992766,,82.19032881300069,0.3103426133748144
13534,63.03210508282968,-1.733381477129586,5.822713090326504,53.4369522992766,,82.19461703429495,0.3103329800069332
13535,63.02389372853367,-1.739832171798413,5.823102038651954,53.4369522992766,,82.19892006396323,0.3103233175352216
13536,63.00343381373017,-1.733201888039839,5.823489181731061,53.4369522992766,,82.20318983414164,0.31031359685584897
13537,63.01511432897129,-1.73264457675283,5.82387379815037,53.4369522992766,,82.2074097946614,0.3103038761764765
13538,63.0152415550595,-1.734243226219653,5.824257172173164,53.4369522992766,,82.21161063666703,0.310294097289443
13539,63.03158891293093,-1.739720559131792,5.824637149557657,53.4369522992766,,82.21575762852,0.3102843184024096
13540,63.0313500512522,-1.732568781134543,5.825014234039591,53.4369522992766,,82.21986110055155,0.3102744813077152
13541,63.02731326805915,-1.726562905845385,5.825392349538086,53.4369522992766,,82.22397697401084,0.3102646442130208
13542,63.02439736745377,-1.731097468540172,5.825774825808252,53.4369522992766,,82.22816559290133,0.3102547489106655
13543,63.00795632105466,-1.734896665378579,5.826158067945431,53.4369522992766,,82.23236379301602,0.3102448245044798
13544,62.99393949409846,-1.729294376568557,5.826539106101547,53.4369522992766,,82.23652345408837,0.3102348709944636
13545,62.98581765491114,-1.726827512355887,5.82691868591732,53.4369522992766,,82.24065884676924,0.3102248883806169
13546,63.00111068397623,-1.7402058209752,5.827297583181992,53.4369522992766,,82.24479356088312,0.3102148766629398
13547,63.01964933960643,-1.73607324654336,5.827676330577402,53.4369522992766,,82.2489451196797,0.3102048358414322
13548,63.01418914203418,-1.73390749389513,5.828056698957004,53.4369522992766,,82.25313215100357,0.3101947659160942
13549,63.02055872161495,-1.733956583918726,5.828438310042319,53.4369522992766,,82.25732684838425,0.3101846668869257
13550,63.02421604497802,-1.732295738400506,5.828821415084875,53.4369522992766,,82.2615307798673,0.3101745387539268
13551,63.02067489576999,-1.734667330037067,5.829205164276197,53.4369522992766,,82.26573455425714,0.3101643815170974
13552,63.00400944503794,-1.732533218540897,5.829589848571181,53.4369522992766,,82.26994849702325,0.310154166072607
13553,62.98674067036802,-1.730566548483641,5.829971513597616,53.4369522992766,,82.27412036519081,0.3101439506281167
13554,62.97790236915608,-1.734280810479672,5.830349559778504,53.4369522992766,,82.27824869188886,0.310133706079796
13555,62.99382623513236,-1.733565231795209,5.830726050903799,53.4369522992766,,82.28236284270776,0.3101234324276447
13556,63.0309832111348,-1.736136043772359,5.831103618308492,53.4369522992766,,82.28649707625208,0.3101131005678326
13557,63.01577736442916,-1.735739265865296,5.831485243193114,53.4369522992766,,82.29069001948551,0.3101027687080204
13558,63.01640992903501,-1.74143067994872,5.831868680033751,53.4369522992766,,82.29490033603504,0.3100924077443779
13559,63.02207348363395,-1.732049017058809,5.832250301744962,53.4369522992766,,82.29909408339623,0.3100820176769048
13560,63.01833512988895,-1.735010305549916,5.832631702347332,53.4369522992766,,82.30329973612523,0.3100715694017708
13561,63.00009627069905,-1.735449785875745,5.833010950700061,53.4369522992766,,82.30747009500213,0.3100611211266369
13562,62.99307328589637,-1.731337286107724,5.833386540239707,53.4369522992766,,82.31157199807159,0.3100506437476724
13563,62.99010738702257,-1.732194847816149,5.833761200754564,53.4369522992766,,82.31564698021047,0.3100401372648776
13564,62.9938774421922,-1.736897307242327,5.834139690525163,53.4369522992766,,82.31977542256674,0.3100295725744218
13565,63.01574822957294,-1.736864387930427,5.834522685813932,53.4369522992766,,82.32397290339597,0.310019007883966
13566,62.99820313226734,-1.733298936933818,5.834908732845566,53.4369522992766,,82.32822597175463,0.3100084140896797
13567,62.99855822297745,-1.736219773271206,5.835293612222986,53.4369522992766,,82.33246947862612,0.309997791191563
13568,62.99825584206621,-1.735171581344426,5.835673524219458,53.4369522992766,,82.33665467987719,0.3099871391896158
13569,62.99749148180724,-1.732283672970213,5.836051002938959,53.4369522992766,,82.34081083710225,0.3099764289800078
13570,62.99698443803788,-1.731799571422446,5.836427490110342,53.4369522992766,,82.34494927342409,0.3099657187703997
13571,62.98860586769044,-1.734983310494986,5.836802015312168,53.4369522992766,,82.34904662324655,0.3099549794569612
13572,62.97930151837098,-1.731000824686655,5.837176399187886,53.4369522992766,,82.3531280531144,0.3099442110396922
13573,62.97745373981437,-1.728312104122123,5.837553503302781,53.4369522992766,,82.35723825092377,0.3099334135185927
13574,63.00105205737405,-1.733300523060535,5.837933033419134,53.4369522992766,,82.36138702595085,0.3099225868936628
13575,62.98546018654127,-1.739411933856568,5.838314566934637,53.4369522992766,,82.36558415909457,0.3099117602687329
13576,62.98477748229489,-1.733691554921255,5.838695703930433,53.4369522992766,,82.36978134560823,0.3099008754361421
13577,62.98080942436239,-1.731866563213667,5.839073726868651,53.4369522992766,,82.37392884228338,0.3098899614997208
13578,63.00115500019975,-1.741804131634911,5.839450808043879,53.4369522992766,,82.37805089926306,0.3098790184594691
13579,63.03387537897706,-1.739931198017055,5.839829272224163,53.4369522992766,,82.38219145830831,0.3098680754192173
13580,63.02481162434533,-1.73182423864553,5.840213070058486,53.4369522992766,,82.38642569543612,0.3098570741713047
13581,63.01722964951923,-1.734183868103704,5.840597963441279,53.4369522992766,,82.39068456966353,0.3098460729233921
13582,62.99738221855172,-1.736316499013967,5.840980607636055,53.4369522992766,,82.39491652131039,0.3098350134678185
13583,62.97983012388034,-1.734192685275247,5.841359861293943,53.4369522992766,,82.39909207443003,0.3098239540122449
13584,62.96650170303551,-1.73204602479499,5.841735468883789,53.4369522992766,,82.40320834721707,0.3098128654528409
13585,62.97112629076748,-1.733227790323447,5.842107973211995,53.4369522992766,,82.40727651231177,0.3098017477896065
13586,62.98913049879675,-1.734624033250239,5.842478445133369,53.4369522992766,50.689694342827835,82.41131537736712,0.3097905719187111
