Connecting to Fluent server 1 using IP/port: 10.104.145.85:51652
/Users/andy/Desktop/P4P/P4P_knowledgeWiki/PyAnsys/.venv/lib/python3.12/site-packages/ansys/fluent/core/fluent_connection.py:306: InsecureGrpcWarning: The Fluent session will be connected in insecure gRPC mode. This mode is not recommended. For more details on the implications and usage of insecure mode, refer to the Fluent documentation.
  warnings.warn(
/Users/andy/Desktop/P4P/P4P_knowledgeWiki/PyAnsys/.venv/lib/python3.12/site-packages/ansys/tools/common/cyberchannel.py:188: UserWarning: Starting gRPC client without TLS on 10.104.145.85:51652. This is INSECURE. Consider using a secure connection.
  warn(f"Starting gRPC client without TLS on {target}. This is INSECURE. Consider using a secure connection.")

Connected to Fluent Ansys Fluent 2024 R2
seed_results_csv: loaded 9 rows from /Users/andy/Desktop/P4P/P4P_knowledgeWiki/PyAnsys/output/enthalpy_sweep_verified_20260721_v2/case_1_1600_25pct_1500iter_recovered_from_925_injection_results.csv
seed_case_summary_csv: loaded 1 rows from /Users/andy/Desktop/P4P/P4P_knowledgeWiki/PyAnsys/output/enthalpy_sweep_verified_20260721_v2/case_1_1600_25pct_1500iter_recovered_from_925_case_summary.csv

=== Run Case 2 / 1440 ===

=== Load Base Case ===
Note: Rank = 0: Process affinity not being set (6).
Note: Rank = 1: Process affinity not being set (6).
Note: Rank = 2: Process affinity not being set (6).
Note: Rank = 3: Process affinity not being set (6).
Note: Rank = 4: Process affinity not being set (6).
Note: Rank = 5: Process affinity not being set (6).
Note: Rank = 6: Process affinity not being set (6).
Note: Rank = 7: Process affinity not being set (6).
Note: Rank = 8: Process affinity not being set (6).
Note: Rank = 9: Process affinity not being set (6).

       Clearing partially read grid.

Reading from EN439159:"C:\Users\qtra338\Documents\baseline.cas.h5" in NODE0 mode ...
  Reading mesh ...
     5578299 cells,     1 cell zone  ...
        5578299 tetrahedral cells,  zone id: 3
    11355491 faces,     5 face zones ...
         374376 triangular wall faces,  zone id: 1
       10957705 triangular interior faces,  zone id: 2
           8700 triangular mass-flow-inlet faces,  zone id: 6
           5435 triangular pressure-outlet faces,  zone id: 7
           9275 triangular wall faces,  zone id: 8
     1026091 nodes,     1 node zone  ...
  Done.


Building...
     mesh
	distributing mesh
		parts..........,
		faces..........,
		nodes..........,
		cells..........,
        bandwidth reduction using Reverse Cuthill-McKee: 558580/15010 = 37.2139
     materials,
     interface,
     domains,
	mixture
	phase-1
	phase-2
	interaction
     zones,
	fluid  (phase-2)
	interior-fluid  (phase-2)
	fluid  (phase-1)
	interior-fluid  (phase-1)
	wall-fluid  (phase-1)
	wall-fluid  (phase-2)
	inlet  (phase-1)
	inlet  (phase-2)
	steam_outlet  (phase-1)
	steam_outlet  (phase-2)
	fluid_outlet  (phase-1)
	fluid_outlet  (phase-2)
	interior-fluid
	wall-fluid
	inlet
	steam_outlet
	fluid_outlet
	fluid
     parallel,
Done.
read_base_case: OK
fluent_internal_autosave: VERIFIED disabled -> {"before": {"autosave/frequency/data": 100, "autosave/frequency/case": 0, "mmp/autosave/frequency/data": 1, "mmp/autosave/frequency/case": 1, "autosave/filename": "C:\\Users\\qtra338\\Documents\\Bangma Design (swirl 0.15)\\Bangma_separator_files\\dp0\\FFF\\Fluent\\FFF-6", "mmp/autosave/filename": ""}, "after": {"autosave/frequency/data": 0, "autosave/frequency/case": 0, "mmp/autosave/frequency/data": 0, "mmp/autosave/frequency/case": 0, "autosave/filename": "C:/Users/qtra338/Documents/enthalpy_sweep_verified_20260721_v2/case_2_1440_internal_autosave_disabled", "mmp/autosave/filename": "C:/Users/qtra338/Documents/enthalpy_sweep_verified_20260721_v2/case_2_1440_internal_autosave_disabled"}, "python_checkpoints_enabled": true}

=== Set Inlet Phase Mass Flows ===
set_inlet_phase_mass_flows: OK
{
  "mixture": {
    "momentum": {
      "reference_frame": "Absolute",
      "supersonic_gauge_pressure": {
        "option": "value",
        "value": 1140000
      },
      "direction_specification": "Normal to Boundary"
    },
    "turbulence": {
      "turbulence_specification": "Intensity and Hydraulic Diameter",
      "turbulent_intensity": 0.02152499951888,
      "hydraulic_diameter": 0.7240000000000001
    },
    "dpm": {
      "discrete_phase_bc_type": "escape"
    },
    "multiphase": {}
  },
  "phase-1": {
    "momentum": {
      "mass_flow_specification": "Mass Flow Rate",
      "mass_flow_rate": {
        "option": "value",
        "value": 64.85
      }
    },
    "turbulence": {},
    "dpm": {},
    "multiphase": {}
  },
  "phase-2": {
    "momentum": {
      "mass_flow_specification": "Mass Flow Rate",
      "mass_flow_rate": {
        "option": "value",
        "value": 132.76
      }
    },
    "turbulence": {},
    "dpm": {},
    "multiphase": {}
  }
}

=== Set DPM Injections ===
DPM velocity mode: face-normal
injection-0_particle_type: OK
injection-0_material: OK
injection-0_injection_type_surface: OK
injection-0_location: OK
injection-0_mass_flow_rate: OK
injection-0_use_face_normal_direction: OK
injection-0_velocity_magnitude: OK
injection-0_particle_size: OK
injection-0_readback: VERIFIED
injection-1_particle_type: OK
injection-1_material: OK
injection-1_injection_type_surface: OK
injection-1_location: OK
injection-1_mass_flow_rate: OK
injection-1_use_face_normal_direction: OK
injection-1_velocity_magnitude: OK
injection-1_particle_size: OK
injection-1_readback: VERIFIED
injection-2_particle_type: OK
injection-2_material: OK
injection-2_injection_type_surface: OK
injection-2_location: OK
injection-2_mass_flow_rate: OK
injection-2_use_face_normal_direction: OK
injection-2_velocity_magnitude: OK
injection-2_particle_size: OK
injection-2_readback: VERIFIED
injection-3_particle_type: OK
injection-3_material: OK
injection-3_injection_type_surface: OK
injection-3_location: OK
injection-3_mass_flow_rate: OK
injection-3_use_face_normal_direction: OK
injection-3_velocity_magnitude: OK
injection-3_particle_size: OK
injection-3_readback: VERIFIED
injection-4_particle_type: OK
injection-4_material: OK
injection-4_injection_type_surface: OK
injection-4_location: OK
injection-4_mass_flow_rate: OK
injection-4_use_face_normal_direction: OK
injection-4_velocity_magnitude: OK
injection-4_particle_size: OK
injection-4_readback: VERIFIED
injection-5_particle_type: OK
injection-5_material: OK
injection-5_injection_type_surface: OK
injection-5_location: OK
injection-5_mass_flow_rate: OK
injection-5_use_face_normal_direction: OK
injection-5_velocity_magnitude: OK
injection-5_particle_size: OK
injection-5_readback: VERIFIED
injection-6_particle_type: OK
injection-6_material: OK
injection-6_injection_type_surface: OK
injection-6_location: OK
injection-6_mass_flow_rate: OK
injection-6_use_face_normal_direction: OK
injection-6_velocity_magnitude: OK
injection-6_particle_size: OK
injection-6_readback: VERIFIED
injection-7_particle_type: OK
injection-7_material: OK
injection-7_injection_type_surface: OK
injection-7_location: OK
injection-7_mass_flow_rate: OK
injection-7_use_face_normal_direction: OK
injection-7_velocity_magnitude: OK
injection-7_particle_size: OK
injection-7_readback: VERIFIED
injection-8_particle_type: OK
injection-8_material: OK
injection-8_injection_type_surface: OK
injection-8_location: OK
injection-8_mass_flow_rate: OK
injection-8_use_face_normal_direction: OK
injection-8_velocity_magnitude: OK
injection-8_particle_size: OK
injection-8_readback: VERIFIED

=== Hybrid Initialization ===

Initialize using the hybrid initialization method.

Checking case topology... 
-This case has both inlets & outlets 
-Pressure information is not available at the boundaries.
 Case will be initialized with constant pressure

	iter		scalar-0

	1		1.000000e+00
	2		2.902463e-04
	3		5.344461e-05
	4		1.945017e-05
	5		6.037563e-06
	6		2.150747e-06
	7		7.443881e-07
	8		2.662060e-07
	9		9.551195e-08
	10		3.578380e-08

Hybrid initialization is done.
hybrid_initialize_settings_api: OK

=== Configure Residual History ===
set_residual_n_save: OK
set_residual_n_display: OK
enable_residual_print: OK
enable_residual_plot: OK
residual_convergence_stop_flags: {"continuity": false, "epsilon": false, "k": false, "vf-phase-2": false, "x-velocity": false, "y-velocity": false, "z-velocity": false}

=== Run Iterations ===
iteration_monitor_sets: ['residual']

  iter  continuity  x-velocity  y-velocity  z-velocity           k     epsilon  vf-phase-2     time/iter

 turbulent viscosity limited to viscosity ratio of 1.000000e+05 in 184 cells 
     1  1.0000e+00  1.0425e-03  1.4471e-03  1.1176e-03  7.0434e+01  2.0993e+06  1.5056e-01  0:04:24   24

 turbulent viscosity limited to viscosity ratio of 1.000000e+05 in 694 cells 
     2  1.0000e+00  7.0760e-04  9.2923e-04  7.3085e-04  1.5556e-01  2.7678e-01  6.0067e-01  0:04:04   23

 turbulent viscosity limited to viscosity ratio of 1.000000e+05 in 1024 cells 

 Reversed flow on 31 faces of pressure-outlet 7.
     3  7.9030e-01  4.4047e-04  6.0706e-04  4.5031e-04  1.4356e-01  1.0777e+00  3.0032e-01  0:03:42   22

 turbulent viscosity limited to viscosity ratio of 1.000000e+05 in 756 cells 

 Reversed flow on 179 faces of pressure-outlet 7.
     4  5.8854e-01  3.5466e-04  4.8635e-04  3.6567e-04  1.2841e-01  5.2933e-01  2.0021e-01  0:03:27   21

 turbulent viscosity limited to viscosity ratio of 1.000000e+05 in 452 cells 

 Reversed flow on 317 faces of pressure-outlet 7.
     5  6.2234e-01  3.3981e-04  4.3659e-04  3.5328e-04  1.1692e-01  3.8258e-01  1.5015e-01  0:03:10   20

 turbulent viscosity limited to viscosity ratio of 1.000000e+05 in 245 cells 

 Reversed flow on 409 faces of pressure-outlet 7.
     6  4.6769e-01  2.9624e-04  3.6809e-04  3.1013e-04  9.2737e-02  3.0400e-01  1.2012e-01  0:02:55   19

 turbulent viscosity limited to viscosity ratio of 1.000000e+05 in 191 cells 

 Reversed flow on 523 faces of pressure-outlet 7.
     7  4.2500e-01  2.7100e-04  3.1853e-04  2.8635e-04  7.7048e-02  7.4188e-01  1.0010e-01  0:02:45   18

 turbulent viscosity limited to viscosity ratio of 1.000000e+05 in 182 cells 

 Reversed flow on 619 faces of pressure-outlet 7.
     8  4.6662e-01  2.6113e-04  2.9192e-04  2.8026e-04  7.0701e-02  7.8963e-01  8.5805e-02  0:02:32   17

 turbulent viscosity limited to viscosity ratio of 1.000000e+05 in 185 cells 

 Reversed flow on 637 faces of pressure-outlet 7.
     9  3.6892e-01  2.3900e-04  2.5421e-04  2.6062e-04  5.9451e-02  3.4491e-01  7.5081e-02  0:02:20   16

 turbulent viscosity limited to viscosity ratio of 1.000000e+05 in 207 cells 

 Reversed flow on 658 faces of pressure-outlet 7.
    10  3.2454e-01  2.2430e-04  2.2790e-04  2.4611e-04  5.4329e-02  3.4852e-01  6.6741e-02  0:02:12   15

 turbulent viscosity limited to viscosity ratio of 1.000000e+05 in 226 cells 

 Reversed flow on 647 faces of pressure-outlet 7.
    11  4.4804e-01  2.2818e-04  2.2049e-04  2.5352e-04  4.4989e-02  2.7346e-01  6.0071e-02  0:02:01   14

 turbulent viscosity limited to viscosity ratio of 1.000000e+05 in 253 cells 

 Reversed flow on 643 faces of pressure-outlet 7.

  iter  continuity  x-velocity  y-velocity  z-velocity           k     epsilon  vf-phase-2     time/iter
    12  3.5142e-01  2.1046e-04  1.9638e-04  2.3795e-04  3.7164e-02  2.3102e-01  5.4613e-02  0:01:51   13

 turbulent viscosity limited to viscosity ratio of 1.000000e+05 in 293 cells 

 Reversed flow on 634 faces of pressure-outlet 7.
    13  3.1461e-01  2.0399e-04  1.8426e-04  2.3063e-04  3.1424e-02  1.8351e-01  5.0063e-02  0:01:43   12

 turbulent viscosity limited to viscosity ratio of 1.000000e+05 in 350 cells 

 Reversed flow on 634 faces of pressure-outlet 7.
    14  3.3994e-01  2.0098e-04  1.7337e-04  2.2732e-04  2.7055e-02  1.7460e-01  4.6213e-02  0:01:33   11

 turbulent viscosity limited to viscosity ratio of 1.000000e+05 in 405 cells 

 Reversed flow on 630 faces of pressure-outlet 7.
    15  2.9391e-01  1.9140e-04  1.6138e-04  2.1943e-04  2.3950e-02  1.3065e-01  4.2913e-02  0:01:26   10

 turbulent viscosity limited to viscosity ratio of 1.000000e+05 in 501 cells 

 Reversed flow on 635 faces of pressure-outlet 7.
    16  3.2044e-01  1.9210e-04  1.6257e-04  2.2485e-04  2.1737e-02  1.2212e-01  4.0054e-02  0:01:16    9

 turbulent viscosity limited to viscosity ratio of 1.000000e+05 in 606 cells 

 Reversed flow on 656 faces of pressure-outlet 7.
    17  2.8935e-01  1.8339e-04  1.5281e-04  2.1892e-04  1.9034e-02  8.8077e-02  3.7552e-02  0:01:09    8

 turbulent viscosity limited to viscosity ratio of 1.000000e+05 in 747 cells 

 Reversed flow on 659 faces of pressure-outlet 7.
    18  2.9261e-01  1.8251e-04  1.5102e-04  2.1869e-04  1.7136e-02  7.5503e-02  3.5345e-02  0:00:59    7

 turbulent viscosity limited to viscosity ratio of 1.000000e+05 in 891 cells 

 Reversed flow on 658 faces of pressure-outlet 7.
    19  3.3359e-01  1.8379e-04  1.5010e-04  2.2051e-04  1.5701e-02  6.5745e-02  3.3383e-02  0:00:50    6

 turbulent viscosity limited to viscosity ratio of 1.000000e+05 in 1039 cells 

 Reversed flow on 671 faces of pressure-outlet 7.
    20  3.0523e-01  1.7877e-04  1.4485e-04  2.1824e-04  1.4508e-02  5.9832e-02  3.1627e-02  0:00:42    5

 turbulent viscosity limited to viscosity ratio of 1.000000e+05 in 1251 cells 

 Reversed flow on 681 faces of pressure-outlet 7.
    21  3.6273e-01  1.8483e-04  1.5305e-04  2.2755e-04  1.3867e-02  3.9036e+00  3.0047e-02  0:00:34    4

 turbulent viscosity limited to viscosity ratio of 1.000000e+05 in 1465 cells 

 Reversed flow on 688 faces of pressure-outlet 7.
    22  3.2304e-01  1.7980e-04  1.4809e-04  2.2588e-04  5.3066e-02  7.4862e+00  2.8617e-02  0:00:26    3

 turbulent viscosity limited to viscosity ratio of 1.000000e+05 in 1663 cells 

 Reversed flow on 707 faces of pressure-outlet 7.

  iter  continuity  x-velocity  y-velocity  z-velocity           k     epsilon  vf-phase-2     time/iter
    23  3.3602e-01  1.8358e-04  1.5202e-04  2.3035e-04  4.8212e-02  3.8116e-01  2.7318e-02  0:00:17    2

 turbulent viscosity limited to viscosity ratio of 1.000000e+05 in 1870 cells 

 Reversed flow on 717 faces of pressure-outlet 7.
    24  3.6856e-01  1.8763e-04  1.5716e-04  2.4042e-04  4.1005e-02  6.3232e-01  2.6132e-02  0:00:09    1

 turbulent viscosity limited to viscosity ratio of 1.000000e+05 in 2062 cells 

 Reversed flow on 712 faces of pressure-outlet 7.
    25  3.4248e-01  1.8588e-04  1.5409e-04  2.4096e-04  1.6473e-02  3.7536e-01  2.5044e-02  0:00:00    0
iterate_25: RPC returned
progress: 25/1500

  iter  continuity  x-velocity  y-velocity  z-velocity           k     epsilon  vf-phase-2     time/iter
    25  3.4248e-01  1.8588e-04  1.5409e-04  2.4096e-04  1.6473e-02  3.7536e-01  2.5044e-02  0:03:31   25

 turbulent viscosity limited to viscosity ratio of 1.000000e+05 in 2342 cells 

 Reversed flow on 721 faces of pressure-outlet 7.
    26  3.8822e-01  1.9188e-04  1.6187e-04  2.4940e-04  1.1222e-02  1.4397e-01  2.4044e-02  0:03:25   24

 turbulent viscosity limited to viscosity ratio of 1.000000e+05 in 2590 cells 

 Reversed flow on 723 faces of pressure-outlet 7.
    27  3.6652e-01  1.9105e-04  1.6075e-04  2.5286e-04  1.0744e-02  1.0802e-01  2.3120e-02  0:03:19   23

 turbulent viscosity limited to viscosity ratio of 1.000000e+05 in 2866 cells 

 Reversed flow on 718 faces of pressure-outlet 7.
    28  4.5077e-01  1.9828e-04  1.7342e-04  2.6672e-04  1.0155e-02  7.2480e-02  2.2265e-02  0:03:07   22

 turbulent viscosity limited to viscosity ratio of 1.000000e+05 in 3160 cells 

 Reversed flow on 710 faces of pressure-outlet 7.
    29  3.9879e-01  1.9498e-04  1.6894e-04  2.6651e-04  9.5586e-03  3.9854e-02  2.1471e-02  0:02:56   21

 turbulent viscosity limited to viscosity ratio of 1.000000e+05 in 3462 cells 

 Reversed flow on 712 faces of pressure-outlet 7.
    30  4.1858e-01  1.9729e-04  1.7384e-04  2.6997e-04  9.2016e-03  3.2469e-02  2.0732e-02  0:02:50   20

 turbulent viscosity limited to viscosity ratio of 1.000000e+05 in 3771 cells 

 Reversed flow on 719 faces of pressure-outlet 7.
    31  4.4878e-01  1.9908e-04  1.7988e-04  2.7494e-04  8.8532e-03  2.9239e-02  2.0042e-02  0:02:40   19

 turbulent viscosity limited to viscosity ratio of 1.000000e+05 in 4090 cells 

 Reversed flow on 702 faces of pressure-outlet 7.
    32  4.2444e-01  1.9636e-04  1.7766e-04  2.7614e-04  8.5580e-03  2.6385e-02  1.9396e-02  0:02:34   18

 turbulent viscosity limited to viscosity ratio of 1.000000e+05 in 4427 cells 

 Reversed flow on 701 faces of pressure-outlet 7.
    33  4.7748e-01  1.9847e-04  1.8470e-04  2.8004e-04  8.2702e-03  2.4512e-02  1.8791e-02  0:02:23   17

 turbulent viscosity limited to viscosity ratio of 1.000000e+05 in 4706 cells 

 Reversed flow on 720 faces of pressure-outlet 7.
    34  4.4532e-01  1.9360e-04  1.8130e-04  2.7743e-04  8.0117e-03  2.2420e-02  1.8223e-02  0:02:17   16

 turbulent viscosity limited to viscosity ratio of 1.000000e+05 in 4969 cells 

 Reversed flow on 719 faces of pressure-outlet 7.
    35  4.8755e-01  1.9320e-04  1.8793e-04  2.7763e-04  7.7836e-03  2.1515e-02  1.7688e-02  0:02:07   15

 turbulent viscosity limited to viscosity ratio of 1.000000e+05 in 5215 cells 

 Reversed flow on 723 faces of pressure-outlet 7.

  iter  continuity  x-velocity  y-velocity  z-velocity           k     epsilon  vf-phase-2     time/iter
    36  4.5802e-01  1.8824e-04  1.8457e-04  2.7385e-04  7.5592e-03  2.0438e-02  1.7183e-02  0:01:57   14

 turbulent viscosity limited to viscosity ratio of 1.000000e+05 in 5492 cells 

 Reversed flow on 721 faces of pressure-outlet 7.
    37  4.9959e-01  1.8730e-04  1.9035e-04  2.7138e-04  7.3663e-03  1.9911e-02  1.6707e-02  0:01:48   13

 turbulent viscosity limited to viscosity ratio of 1.000000e+05 in 5782 cells 

 Reversed flow on 719 faces of pressure-outlet 7.
    38  4.6372e-01  1.8176e-04  1.8669e-04  2.6582e-04  7.2086e-03  1.8779e-02  1.6256e-02  0:01:41   12

 turbulent viscosity limited to viscosity ratio of 1.000000e+05 in 6073 cells 

 Reversed flow on 725 faces of pressure-outlet 7.
    39  4.7714e-01  1.7868e-04  1.8876e-04  2.6198e-04  7.0605e-03  1.7703e-02  1.5829e-02  0:01:32   11

 turbulent viscosity limited to viscosity ratio of 1.000000e+05 in 6378 cells 

 Reversed flow on 718 faces of pressure-outlet 7.
    40  4.7670e-01  1.7528e-04  1.8868e-04  2.5675e-04  6.9550e-03  1.7378e-02  1.5424e-02  0:01:25   10

 turbulent viscosity limited to viscosity ratio of 1.000000e+05 in 6694 cells 

 Reversed flow on 715 faces of pressure-outlet 7.
    41  4.6787e-01  1.7135e-04  1.8810e-04  2.5282e-04  6.8746e-03  1.6941e-02  1.5039e-02  0:01:15    9

 turbulent viscosity limited to viscosity ratio of 1.000000e+05 in 7042 cells 

 Reversed flow on 718 faces of pressure-outlet 7.
    42  4.6498e-01  1.6723e-04  1.8695e-04  2.4877e-04  6.8107e-03  1.6744e-02  1.4673e-02  0:01:06    8

 turbulent viscosity limited to viscosity ratio of 1.000000e+05 in 7350 cells 

 Reversed flow on 719 faces of pressure-outlet 7.
    43  4.6509e-01  1.6314e-04  1.8554e-04  2.4475e-04  6.7640e-03  1.6620e-02  1.4324e-02  0:00:59    7

 turbulent viscosity limited to viscosity ratio of 1.000000e+05 in 7658 cells 

 Reversed flow on 721 faces of pressure-outlet 7.
    44  4.6683e-01  1.5937e-04  1.8444e-04  2.4025e-04  6.7490e-03  1.7069e-02  1.3992e-02  0:00:50    6

 turbulent viscosity limited to viscosity ratio of 1.000000e+05 in 8007 cells 

 Reversed flow on 707 faces of pressure-outlet 7.
    45  4.6557e-01  1.5550e-04  1.8321e-04  2.3532e-04  6.7467e-03  1.7220e-02  1.3674e-02  0:00:42    5

 turbulent viscosity limited to viscosity ratio of 1.000000e+05 in 8271 cells 

 Reversed flow on 713 faces of pressure-outlet 7.
    46  4.6600e-01  1.5181e-04  1.8191e-04  2.3042e-04  6.7497e-03  1.7115e-02  1.3371e-02  0:00:34    4

 turbulent viscosity limited to viscosity ratio of 1.000000e+05 in 8543 cells 

 Reversed flow on 706 faces of pressure-outlet 7.

  iter  continuity  x-velocity  y-velocity  z-velocity           k     epsilon  vf-phase-2     time/iter
    47  4.6747e-01  1.4856e-04  1.8086e-04  2.2577e-04  6.7579e-03  1.7329e-02  1.3081e-02  0:00:26    3

 turbulent viscosity limited to viscosity ratio of 1.000000e+05 in 8837 cells 

 Reversed flow on 702 faces of pressure-outlet 7.
    48  4.6735e-01  1.4556e-04  1.7975e-04  2.2110e-04  6.7804e-03  1.7986e-02  1.2803e-02  0:00:17    2

 turbulent viscosity limited to viscosity ratio of 1.000000e+05 in 9133 cells 

 Reversed flow on 703 faces of pressure-outlet 7.
    49  4.6651e-01  1.4283e-04  1.7880e-04  2.1681e-04  6.8021e-03  1.8356e-02  1.2537e-02  0:00:09    1

 turbulent viscosity limited to viscosity ratio of 1.000000e+05 in 9396 cells 

 Reversed flow on 701 faces of pressure-outlet 7.
    50  4.6748e-01  1.4068e-04  1.7766e-04  2.1279e-04  6.8256e-03  1.8517e-02  1.2282e-02  0:00:00    0
iterate_50: RPC returned
progress: 50/1500

  iter  continuity  x-velocity  y-velocity  z-velocity           k     epsilon  vf-phase-2     time/iter
    50  4.6748e-01  1.4068e-04  1.7766e-04  2.1279e-04  6.8256e-03  1.8517e-02  1.2282e-02  0:03:31   25

 turbulent viscosity limited to viscosity ratio of 1.000000e+05 in 9638 cells 

 Reversed flow on 710 faces of pressure-outlet 7.
    51  4.7008e-01  1.3886e-04  1.7705e-04  2.0911e-04  6.8499e-03  1.8548e-02  1.2036e-02  0:03:25   24

 turbulent viscosity limited to viscosity ratio of 1.000000e+05 in 9961 cells 

 Reversed flow on 715 faces of pressure-outlet 7.
    52  4.7260e-01  1.3749e-04  1.7633e-04  2.0561e-04  6.8731e-03  1.9198e-02  1.1801e-02  0:03:14   23

 turbulent viscosity limited to viscosity ratio of 1.000000e+05 in 10218 cells 

 Reversed flow on 717 faces of pressure-outlet 7.
    53  4.7546e-01  1.3641e-04  1.7584e-04  2.0270e-04  6.8785e-03  1.8601e-02  1.1574e-02  0:03:08   22

 turbulent viscosity limited to viscosity ratio of 1.000000e+05 in 10461 cells 

 Reversed flow on 718 faces of pressure-outlet 7.
    54  4.7853e-01  1.3554e-04  1.7548e-04  1.9970e-04  6.8828e-03  1.8056e-02  1.1356e-02  0:02:57   21

 turbulent viscosity limited to viscosity ratio of 1.000000e+05 in 10744 cells 

 Reversed flow on 700 faces of pressure-outlet 7.
    55  4.8021e-01  1.3442e-04  1.7427e-04  1.9726e-04  6.8910e-03  1.7657e-02  1.1146e-02  0:02:51   20

 turbulent viscosity limited to viscosity ratio of 1.000000e+05 in 10988 cells 

 Reversed flow on 702 faces of pressure-outlet 7.
    56  5.0838e-01  1.3563e-04  1.7536e-04  1.9323e-04  6.8930e-03  1.7565e-02  1.0944e-02  0:02:40   19

 turbulent viscosity limited to viscosity ratio of 1.000000e+05 in 11169 cells 

 Reversed flow on 707 faces of pressure-outlet 7.
    57  4.9828e-01  1.3434e-04  1.7383e-04  1.9146e-04  6.8930e-03  1.7078e-02  1.0749e-02  0:02:30   18

 turbulent viscosity limited to viscosity ratio of 1.000000e+05 in 11385 cells 

 Reversed flow on 715 faces of pressure-outlet 7.
    58  5.2126e-01  1.3529e-04  1.7469e-04  1.8836e-04  6.8987e-03  1.6945e-02  1.0561e-02  0:02:24   17

 turbulent viscosity limited to viscosity ratio of 1.000000e+05 in 11555 cells 

 Reversed flow on 721 faces of pressure-outlet 7.
    59  5.1412e-01  1.3447e-04  1.7340e-04  1.8729e-04  6.9066e-03  1.6405e-02  1.0379e-02  0:02:14   16

 turbulent viscosity limited to viscosity ratio of 1.000000e+05 in 11748 cells 

 Reversed flow on 708 faces of pressure-outlet 7.
    60  5.3865e-01  1.3575e-04  1.7448e-04  1.8454e-04  6.9101e-03  1.5974e-02  1.0203e-02  0:02:05   15

 turbulent viscosity limited to viscosity ratio of 1.000000e+05 in 11974 cells 

 Reversed flow on 705 faces of pressure-outlet 7.

  iter  continuity  x-velocity  y-velocity  z-velocity           k     epsilon  vf-phase-2     time/iter
    61  5.3416e-01  1.3497e-04  1.7330e-04  1.8371e-04  6.9162e-03  1.5307e-02  1.0034e-02  0:01:58   14

 turbulent viscosity limited to viscosity ratio of 1.000000e+05 in 12146 cells 

 Reversed flow on 705 faces of pressure-outlet 7.
    62  5.5835e-01  1.3635e-04  1.7408e-04  1.8116e-04  6.9337e-03  1.4919e-02  9.8693e-03  0:01:49   13

 turbulent viscosity limited to viscosity ratio of 1.000000e+05 in 12305 cells 

 Reversed flow on 709 faces of pressure-outlet 7.
    63  5.5195e-01  1.3570e-04  1.7268e-04  1.8059e-04  6.9436e-03  1.4203e-02  9.7104e-03  0:01:39   12

 turbulent viscosity limited to viscosity ratio of 1.000000e+05 in 12466 cells 

 Reversed flow on 717 faces of pressure-outlet 7.
    64  5.7650e-01  1.3715e-04  1.7335e-04  1.7834e-04  6.9682e-03  1.4573e-02  9.5565e-03  0:01:33   11

 turbulent viscosity limited to viscosity ratio of 1.000000e+05 in 12579 cells 

 Reversed flow on 720 faces of pressure-outlet 7.
    65  5.7086e-01  1.3688e-04  1.7199e-04  1.7789e-04  7.0016e-03  1.4555e-02  9.4074e-03  0:01:23   10

 turbulent viscosity limited to viscosity ratio of 1.000000e+05 in 12680 cells 

 Reversed flow on 721 faces of pressure-outlet 7.
    66  5.9559e-01  1.3854e-04  1.7267e-04  1.7596e-04  7.0335e-03  1.4410e-02  9.2628e-03  0:01:14    9

 turbulent viscosity limited to viscosity ratio of 1.000000e+05 in 12746 cells 

 Reversed flow on 716 faces of pressure-outlet 7.
    67  5.8982e-01  1.3865e-04  1.7141e-04  1.7560e-04  7.0756e-03  1.4227e-02  9.1227e-03  0:01:07    8

 turbulent viscosity limited to viscosity ratio of 1.000000e+05 in 12844 cells 

 Reversed flow on 728 faces of pressure-outlet 7.
    68  6.1613e-01  1.4022e-04  1.7206e-04  1.7416e-04  7.1176e-03  1.4761e-02  8.9868e-03  0:00:58    7

 turbulent viscosity limited to viscosity ratio of 1.000000e+05 in 12918 cells 

 Reversed flow on 715 faces of pressure-outlet 7.
    69  6.1174e-01  1.4024e-04  1.7076e-04  1.7399e-04  7.1617e-03  1.4355e-02  8.8549e-03  0:00:50    6

 turbulent viscosity limited to viscosity ratio of 1.000000e+05 in 12969 cells 

 Reversed flow on 717 faces of pressure-outlet 7.
    70  6.3636e-01  1.4188e-04  1.7151e-04  1.7244e-04  7.2043e-03  1.4283e-02  8.7268e-03  0:00:42    5

 turbulent viscosity limited to viscosity ratio of 1.000000e+05 in 13004 cells 

 Reversed flow on 712 faces of pressure-outlet 7.
    71  6.3123e-01  1.4219e-04  1.7045e-04  1.7225e-04  7.2560e-03  1.4899e-02  8.6023e-03  0:00:33    4

 turbulent viscosity limited to viscosity ratio of 1.000000e+05 in 13057 cells 

 Reversed flow on 721 faces of pressure-outlet 7.

  iter  continuity  x-velocity  y-velocity  z-velocity           k     epsilon  vf-phase-2     time/iter
    72  6.5386e-01  1.4387e-04  1.7126e-04  1.7107e-04  7.2949e-03  1.5146e-02  8.4813e-03  0:00:25    3

 turbulent viscosity limited to viscosity ratio of 1.000000e+05 in 13077 cells 

 Reversed flow on 726 faces of pressure-outlet 7.
    73  6.5121e-01  1.4409e-04  1.7033e-04  1.7082e-04  7.3320e-03  1.5336e-02  8.3638e-03  0:00:17    2

 turbulent viscosity limited to viscosity ratio of 1.000000e+05 in 13067 cells 

 Reversed flow on 720 faces of pressure-outlet 7.
    74  6.7262e-01  1.4572e-04  1.7121e-04  1.6987e-04  7.3655e-03  1.5455e-02  8.2494e-03  0:00:08    1

 turbulent viscosity limited to viscosity ratio of 1.000000e+05 in 13054 cells 

 Reversed flow on 712 faces of pressure-outlet 7.
    75  6.6840e-01  1.4602e-04  1.7026e-04  1.6974e-04  7.3958e-03  1.5535e-02  8.1381e-03  0:00:00    0
iterate_75: RPC returned
progress: 75/1500

  iter  continuity  x-velocity  y-velocity  z-velocity           k     epsilon  vf-phase-2     time/iter
    75  6.6840e-01  1.4602e-04  1.7026e-04  1.6974e-04  7.3958e-03  1.5535e-02  8.1381e-03  0:03:32   25

 turbulent viscosity limited to viscosity ratio of 1.000000e+05 in 13058 cells 

 Reversed flow on 717 faces of pressure-outlet 7.
    76  6.8872e-01  1.4753e-04  1.7113e-04  1.6879e-04  7.4263e-03  1.5825e-02  8.0298e-03  0:03:21   24

 turbulent viscosity limited to viscosity ratio of 1.000000e+05 in 13129 cells 

 Reversed flow on 716 faces of pressure-outlet 7.
    77  6.8354e-01  1.4775e-04  1.7030e-04  1.6869e-04  7.4446e-03  1.5965e-02  7.9243e-03  0:03:15   23

 turbulent viscosity limited to viscosity ratio of 1.000000e+05 in 13093 cells 

 Reversed flow on 723 faces of pressure-outlet 7.
    78  7.0184e-01  1.4916e-04  1.7113e-04  1.6795e-04  7.4653e-03  1.6148e-02  7.8215e-03  0:03:05   22

 turbulent viscosity limited to viscosity ratio of 1.000000e+05 in 13049 cells 

 Reversed flow on 721 faces of pressure-outlet 7.
    79  6.9591e-01  1.4927e-04  1.7047e-04  1.6774e-04  7.4899e-03  1.6446e-02  7.7214e-03  0:02:59   21

 turbulent viscosity limited to viscosity ratio of 1.000000e+05 in 13042 cells 

 Reversed flow on 717 faces of pressure-outlet 7.
    80  7.1152e-01  1.5030e-04  1.7100e-04  1.6727e-04  7.5128e-03  1.6972e-02  7.6238e-03  0:02:48   20

 turbulent viscosity limited to viscosity ratio of 1.000000e+05 in 13005 cells 

 Reversed flow on 720 faces of pressure-outlet 7.
    81  7.0580e-01  1.5020e-04  1.7022e-04  1.6697e-04  7.5309e-03  1.7227e-02  7.5287e-03  0:02:38   19

 turbulent viscosity limited to viscosity ratio of 1.000000e+05 in 13004 cells 

 Reversed flow on 731 faces of pressure-outlet 7.
    82  7.2093e-01  1.5111e-04  1.7050e-04  1.6657e-04  7.5636e-03  1.7333e-02  7.4359e-03  0:02:32   18

 turbulent viscosity limited to viscosity ratio of 1.000000e+05 in 12998 cells 

 Reversed flow on 728 faces of pressure-outlet 7.
    83  7.1494e-01  1.5076e-04  1.6964e-04  1.6638e-04  7.5894e-03  1.7249e-02  7.3454e-03  0:02:22   17

 turbulent viscosity limited to viscosity ratio of 1.000000e+05 in 12974 cells 

 Reversed flow on 732 faces of pressure-outlet 7.
    84  7.2275e-01  1.5094e-04  1.6915e-04  1.6630e-04  7.6244e-03  1.7505e-02  7.2570e-03  0:02:13   16

 turbulent viscosity limited to viscosity ratio of 1.000000e+05 in 12922 cells 

 Reversed flow on 725 faces of pressure-outlet 7.
    85  7.4039e-01  1.5205e-04  1.6965e-04  1.6642e-04  7.6689e-03  1.7682e-02  7.1707e-03  0:02:07   15

 turbulent viscosity limited to viscosity ratio of 1.000000e+05 in 12896 cells 

 Reversed flow on 733 faces of pressure-outlet 7.

  iter  continuity  x-velocity  y-velocity  z-velocity           k     epsilon  vf-phase-2     time/iter
    86  7.3047e-01  1.5141e-04  1.6862e-04  1.6614e-04  7.7260e-03  1.7734e-02  7.0865e-03  0:01:57   14

 turbulent viscosity limited to viscosity ratio of 1.000000e+05 in 12858 cells 

 Reversed flow on 728 faces of pressure-outlet 7.
    87  7.3772e-01  1.5133e-04  1.6769e-04  1.6616e-04  7.7816e-03  1.7744e-02  7.0043e-03  0:01:48   13

 turbulent viscosity limited to viscosity ratio of 1.000000e+05 in 12830 cells 

 Reversed flow on 719 faces of pressure-outlet 7.
    88  7.5167e-01  1.5228e-04  1.6752e-04  1.6662e-04  7.8352e-03  1.7903e-02  6.9240e-03  0:01:41   12

 turbulent viscosity limited to viscosity ratio of 1.000000e+05 in 12753 cells 

 Reversed flow on 712 faces of pressure-outlet 7.
    89  7.4533e-01  1.5165e-04  1.6650e-04  1.6640e-04  7.8844e-03  1.8172e-02  6.8455e-03  0:01:32   11

 turbulent viscosity limited to viscosity ratio of 1.000000e+05 in 12673 cells 

 Reversed flow on 724 faces of pressure-outlet 7.
    90  7.5339e-01  1.5161e-04  1.6549e-04  1.6641e-04  7.9209e-03  1.8155e-02  6.7687e-03  0:01:23   10

 turbulent viscosity limited to viscosity ratio of 1.000000e+05 in 12594 cells 

 Reversed flow on 712 faces of pressure-outlet 7.
    91  7.6123e-01  1.5171e-04  1.6472e-04  1.6648e-04  7.9489e-03  1.8110e-02  6.6937e-03  0:01:16    9

 turbulent viscosity limited to viscosity ratio of 1.000000e+05 in 12528 cells 

 Reversed flow on 711 faces of pressure-outlet 7.
    92  7.6514e-01  1.5194e-04  1.6405e-04  1.6636e-04  7.9634e-03  1.8323e-02  6.6203e-03  0:01:07    8

 turbulent viscosity limited to viscosity ratio of 1.000000e+05 in 12456 cells 

 Reversed flow on 716 faces of pressure-outlet 7.
    93  7.6985e-01  1.5203e-04  1.6328e-04  1.6630e-04  7.9680e-03  1.8332e-02  6.5485e-03  0:00:58    7

 turbulent viscosity limited to viscosity ratio of 1.000000e+05 in 12393 cells 

 Reversed flow on 713 faces of pressure-outlet 7.
    94  7.7664e-01  1.5222e-04  1.6244e-04  1.6637e-04  7.9605e-03  1.8103e-02  6.4783e-03  0:00:50    6

 turbulent viscosity limited to viscosity ratio of 1.000000e+05 in 12317 cells 

 Reversed flow on 707 faces of pressure-outlet 7.
    95  7.8196e-01  1.5237e-04  1.6164e-04  1.6626e-04  7.9487e-03  1.8124e-02  6.4095e-03  0:00:42    5

 turbulent viscosity limited to viscosity ratio of 1.000000e+05 in 12254 cells 

 Reversed flow on 717 faces of pressure-outlet 7.
    96  7.8594e-01  1.5237e-04  1.6062e-04  1.6634e-04  7.9309e-03  1.7872e-02  6.3421e-03  0:00:33    4

 turbulent viscosity limited to viscosity ratio of 1.000000e+05 in 12158 cells 

 Reversed flow on 715 faces of pressure-outlet 7.

  iter  continuity  x-velocity  y-velocity  z-velocity           k     epsilon  vf-phase-2     time/iter
    97  7.9011e-01  1.5244e-04  1.5967e-04  1.6619e-04  7.9106e-03  1.7858e-02  6.2762e-03  0:00:25    3

 turbulent viscosity limited to viscosity ratio of 1.000000e+05 in 12098 cells 

 Reversed flow on 707 faces of pressure-outlet 7.
    98  7.9330e-01  1.5238e-04  1.5869e-04  1.6612e-04  7.8810e-03  1.7701e-02  6.2117e-03  0:00:17    2

 turbulent viscosity limited to viscosity ratio of 1.000000e+05 in 12025 cells 

 Reversed flow on 708 faces of pressure-outlet 7.
    99  7.9647e-01  1.5231e-04  1.5770e-04  1.6605e-04  7.8459e-03  1.7450e-02  6.1484e-03  0:00:08    1

 turbulent viscosity limited to viscosity ratio of 1.000000e+05 in 11952 cells 

 Reversed flow on 718 faces of pressure-outlet 7.
   100  8.0194e-01  1.5215e-04  1.5666e-04  1.6594e-04  7.8027e-03  1.7141e-02  6.0864e-03  0:00:00    0
iterate_100: RPC returned
progress: 100/1500

  iter  continuity  x-velocity  y-velocity  z-velocity           k     epsilon  vf-phase-2     time/iter
   100  8.0194e-01  1.5215e-04  1.5666e-04  1.6594e-04  7.8027e-03  1.7141e-02  6.0864e-03  0:03:25   25

 turbulent viscosity limited to viscosity ratio of 1.000000e+05 in 11877 cells 

 Reversed flow on 706 faces of pressure-outlet 7.
   101  8.0653e-01  1.5200e-04  1.5566e-04  1.6568e-04  7.7581e-03  1.7040e-02  6.0257e-03  0:03:21   24

 turbulent viscosity limited to viscosity ratio of 1.000000e+05 in 11809 cells 

 Reversed flow on 700 faces of pressure-outlet 7.
   102  8.0874e-01  1.5167e-04  1.5452e-04  1.6534e-04  7.7061e-03  1.6642e-02  5.9662e-03  0:03:11   23

 turbulent viscosity limited to viscosity ratio of 1.000000e+05 in 11753 cells 

 Reversed flow on 694 faces of pressure-outlet 7.
   103  8.1141e-01  1.5120e-04  1.5337e-04  1.6500e-04  7.6512e-03  1.6277e-02  5.9078e-03  0:03:01   22

 turbulent viscosity limited to viscosity ratio of 1.000000e+05 in 11658 cells 

 Reversed flow on 700 faces of pressure-outlet 7.
   104  8.1259e-01  1.5069e-04  1.5228e-04  1.6451e-04  7.5808e-03  1.5941e-02  5.8506e-03  0:02:56   21

 turbulent viscosity limited to viscosity ratio of 1.000000e+05 in 11588 cells 

 Reversed flow on 696 faces of pressure-outlet 7.
   105  8.1420e-01  1.5002e-04  1.5121e-04  1.6400e-04  7.5133e-03  1.5710e-02  5.7944e-03  0:02:46   20

 turbulent viscosity limited to viscosity ratio of 1.000000e+05 in 11481 cells 

 Reversed flow on 696 faces of pressure-outlet 7.
   106  8.1595e-01  1.4938e-04  1.5034e-04  1.6350e-04  7.4377e-03  1.5392e-02  5.7394e-03  0:02:37   19

 turbulent viscosity limited to viscosity ratio of 1.000000e+05 in 11380 cells 

 Reversed flow on 685 faces of pressure-outlet 7.
   107  8.1713e-01  1.4862e-04  1.4932e-04  1.6292e-04  7.3697e-03  1.5027e-02  5.6854e-03  0:02:31   18

 turbulent viscosity limited to viscosity ratio of 1.000000e+05 in 11310 cells 

 Reversed flow on 693 faces of pressure-outlet 7.
   108  8.1660e-01  1.4774e-04  1.4819e-04  1.6222e-04  7.3034e-03  1.4796e-02  5.6325e-03  0:02:21   17

 turbulent viscosity limited to viscosity ratio of 1.000000e+05 in 11206 cells 

 Reversed flow on 706 faces of pressure-outlet 7.
   109  8.1413e-01  1.4681e-04  1.4712e-04  1.6148e-04  7.2413e-03  1.4492e-02  5.5805e-03  0:02:12   16

 turbulent viscosity limited to viscosity ratio of 1.000000e+05 in 11079 cells 

 Reversed flow on 695 faces of pressure-outlet 7.
   110  8.1036e-01  1.4598e-04  1.4603e-04  1.6072e-04  7.1781e-03  1.4198e-02  5.5294e-03  0:02:06   15

 turbulent viscosity limited to viscosity ratio of 1.000000e+05 in 10969 cells 

 Reversed flow on 697 faces of pressure-outlet 7.

  iter  continuity  x-velocity  y-velocity  z-velocity           k     epsilon  vf-phase-2     time/iter
   111  8.0662e-01  1.4510e-04  1.4492e-04  1.5985e-04  7.1178e-03  1.4112e-02  5.4793e-03  0:01:57   14

 turbulent viscosity limited to viscosity ratio of 1.000000e+05 in 10877 cells 

 Reversed flow on 675 faces of pressure-outlet 7.
   112  8.0214e-01  1.4419e-04  1.4384e-04  1.5895e-04  7.0606e-03  1.3830e-02  5.4301e-03  0:01:50   13

 turbulent viscosity limited to viscosity ratio of 1.000000e+05 in 10767 cells 

 Reversed flow on 669 faces of pressure-outlet 7.
   113  7.9834e-01  1.4322e-04  1.4274e-04  1.5801e-04  7.0044e-03  1.3654e-02  5.3818e-03  0:01:43   12

 turbulent viscosity limited to viscosity ratio of 1.000000e+05 in 10667 cells 

 Reversed flow on 671 faces of pressure-outlet 7.
   114  7.9464e-01  1.4222e-04  1.4179e-04  1.5716e-04  6.9588e-03  1.3516e-02  5.3344e-03  0:01:33   11

 turbulent viscosity limited to viscosity ratio of 1.000000e+05 in 10567 cells 

 Reversed flow on 681 faces of pressure-outlet 7.
   115  7.9117e-01  1.4129e-04  1.4085e-04  1.5626e-04  6.9277e-03  1.3439e-02  5.2877e-03  0:01:26   10

 turbulent viscosity limited to viscosity ratio of 1.000000e+05 in 10490 cells 

 Reversed flow on 690 faces of pressure-outlet 7.
   116  7.8504e-01  1.4037e-04  1.4000e-04  1.5539e-04  6.9122e-03  1.3472e-02  5.2419e-03  0:01:18    9

 turbulent viscosity limited to viscosity ratio of 1.000000e+05 in 10402 cells 

 Reversed flow on 682 faces of pressure-outlet 7.
   117  7.7837e-01  1.3946e-04  1.3910e-04  1.5451e-04  6.9054e-03  1.3619e-02  5.1969e-03  0:01:08    8

 turbulent viscosity limited to viscosity ratio of 1.000000e+05 in 10309 cells 

 Reversed flow on 679 faces of pressure-outlet 7.
   118  7.7340e-01  1.3865e-04  1.3820e-04  1.5360e-04  6.9017e-03  1.3675e-02  5.1526e-03  0:00:59    7

 turbulent viscosity limited to viscosity ratio of 1.000000e+05 in 10211 cells 

 Reversed flow on 677 faces of pressure-outlet 7.
   119  7.6760e-01  1.3777e-04  1.3719e-04  1.5268e-04  6.8995e-03  1.3753e-02  5.1091e-03  0:00:51    6

 turbulent viscosity limited to viscosity ratio of 1.000000e+05 in 10138 cells 

 Reversed flow on 668 faces of pressure-outlet 7.
   120  7.6150e-01  1.3698e-04  1.3628e-04  1.5176e-04  6.8945e-03  1.3811e-02  5.0663e-03  0:00:42    5

 turbulent viscosity limited to viscosity ratio of 1.000000e+05 in 10033 cells 

 Reversed flow on 680 faces of pressure-outlet 7.
   121  7.5442e-01  1.3611e-04  1.3532e-04  1.5084e-04  6.8841e-03  1.3826e-02  5.0243e-03  0:00:33    4

 turbulent viscosity limited to viscosity ratio of 1.000000e+05 in 9932 cells 

 Reversed flow on 669 faces of pressure-outlet 7.

  iter  continuity  x-velocity  y-velocity  z-velocity           k     epsilon  vf-phase-2     time/iter
   122  7.4841e-01  1.3525e-04  1.3436e-04  1.4992e-04  6.8680e-03  1.3767e-02  4.9829e-03  0:00:25    3

 turbulent viscosity limited to viscosity ratio of 1.000000e+05 in 9844 cells 

 Reversed flow on 671 faces of pressure-outlet 7.
   123  7.4276e-01  1.3439e-04  1.3340e-04  1.4908e-04  6.8431e-03  1.3729e-02  4.9422e-03  0:00:17    2

 turbulent viscosity limited to viscosity ratio of 1.000000e+05 in 9766 cells 

 Reversed flow on 673 faces of pressure-outlet 7.
   124  7.3779e-01  1.3354e-04  1.3244e-04  1.4823e-04  6.8163e-03  1.3708e-02  4.9023e-03  0:00:08    1

iterate_125: RPC returned
progress: 125/1500
 turbulent viscosity limited to viscosity ratio of 1.000000e+05 in 9673 cells 

 Reversed flow on 682 faces of pressure-outlet 7.
   125  7.3183e-01  1.3269e-04  1.3144e-04  1.4735e-04  6.7787e-03  1.3652e-02  4.8629e-03  0:00:00    0

  iter  continuity  x-velocity  y-velocity  z-velocity           k     epsilon  vf-phase-2     time/iter
   125  7.3183e-01  1.3269e-04  1.3144e-04  1.4735e-04  6.7787e-03  1.3652e-02  4.8629e-03  0:03:26   25

 turbulent viscosity limited to viscosity ratio of 1.000000e+05 in 9574 cells 

 Reversed flow on 675 faces of pressure-outlet 7.
   126  7.2747e-01  1.3182e-04  1.3049e-04  1.4654e-04  6.7365e-03  1.3636e-02  4.8242e-03  0:03:21   24

 turbulent viscosity limited to viscosity ratio of 1.000000e+05 in 9470 cells 

 Reversed flow on 664 faces of pressure-outlet 7.
   127  7.2356e-01  1.3085e-04  1.2966e-04  1.4581e-04  6.6892e-03  1.3615e-02  4.7860e-03  0:03:11   23

 turbulent viscosity limited to viscosity ratio of 1.000000e+05 in 9363 cells 

 Reversed flow on 669 faces of pressure-outlet 7.
   128  7.1744e-01  1.2985e-04  1.2878e-04  1.4507e-04  6.6392e-03  1.3547e-02  4.7485e-03  0:03:02   22

 turbulent viscosity limited to viscosity ratio of 1.000000e+05 in 9273 cells 

 Reversed flow on 674 faces of pressure-outlet 7.
   129  7.1200e-01  1.2882e-04  1.2791e-04  1.4438e-04  6.5847e-03  1.3309e-02  4.7116e-03  0:02:52   21

 turbulent viscosity limited to viscosity ratio of 1.000000e+05 in 9176 cells 

 Reversed flow on 663 faces of pressure-outlet 7.
   130  7.0852e-01  1.2782e-04  1.2702e-04  1.4366e-04  6.5303e-03  1.3188e-02  4.6752e-03  0:02:47   20

 turbulent viscosity limited to viscosity ratio of 1.000000e+05 in 9062 cells 

 Reversed flow on 664 faces of pressure-outlet 7.
   131  7.0387e-01  1.2684e-04  1.2617e-04  1.4296e-04  6.4773e-03  1.3144e-02  4.6394e-03  0:02:37   19

 turbulent viscosity limited to viscosity ratio of 1.000000e+05 in 8965 cells 

 Reversed flow on 669 faces of pressure-outlet 7.
   132  6.9911e-01  1.2587e-04  1.2521e-04  1.4232e-04  6.4212e-03  1.3041e-02  4.6041e-03  0:02:28   18

 turbulent viscosity limited to viscosity ratio of 1.000000e+05 in 8861 cells 

 Reversed flow on 675 faces of pressure-outlet 7.
   133  6.9481e-01  1.2486e-04  1.2434e-04  1.4165e-04  6.3638e-03  1.2822e-02  4.5694e-03  0:02:23   17

 turbulent viscosity limited to viscosity ratio of 1.000000e+05 in 8758 cells 

 Reversed flow on 666 faces of pressure-outlet 7.
   134  6.9135e-01  1.2388e-04  1.2354e-04  1.4106e-04  6.3079e-03  1.2582e-02  4.5352e-03  0:02:13   16

 turbulent viscosity limited to viscosity ratio of 1.000000e+05 in 8665 cells 

 Reversed flow on 666 faces of pressure-outlet 7.
   135  6.8694e-01  1.2289e-04  1.2270e-04  1.4049e-04  6.2566e-03  1.2474e-02  4.5015e-03  0:02:04   15

 turbulent viscosity limited to viscosity ratio of 1.000000e+05 in 8589 cells 

 Reversed flow on 668 faces of pressure-outlet 7.

  iter  continuity  x-velocity  y-velocity  z-velocity           k     epsilon  vf-phase-2     time/iter
   136  6.8296e-01  1.2197e-04  1.2196e-04  1.3994e-04  6.2084e-03  1.2498e-02  4.4683e-03  0:01:58   14

 turbulent viscosity limited to viscosity ratio of 1.000000e+05 in 8498 cells 

 Reversed flow on 670 faces of pressure-outlet 7.
   137  6.7874e-01  1.2106e-04  1.2125e-04  1.3932e-04  6.1625e-03  1.2301e-02  4.4356e-03  0:01:48   13

 turbulent viscosity limited to viscosity ratio of 1.000000e+05 in 8399 cells 

 Reversed flow on 662 faces of pressure-outlet 7.
   138  6.7505e-01  1.2017e-04  1.2061e-04  1.3878e-04  6.1200e-03  1.2162e-02  4.4034e-03  0:01:39   12

 turbulent viscosity limited to viscosity ratio of 1.000000e+05 in 8326 cells 

 Reversed flow on 670 faces of pressure-outlet 7.
   139  6.7188e-01  1.1926e-04  1.2003e-04  1.3823e-04  6.0778e-03  1.2053e-02  4.3717e-03  0:01:32   11

 turbulent viscosity limited to viscosity ratio of 1.000000e+05 in 8234 cells 

 Reversed flow on 660 faces of pressure-outlet 7.
   140  6.6944e-01  1.1838e-04  1.1947e-04  1.3777e-04  6.0335e-03  1.2024e-02  4.3404e-03  0:01:23   10

 turbulent viscosity limited to viscosity ratio of 1.000000e+05 in 8147 cells 

 Reversed flow on 652 faces of pressure-outlet 7.
   141  6.6811e-01  1.1756e-04  1.1899e-04  1.3728e-04  5.9891e-03  1.2010e-02  4.3096e-03  0:01:14    9

 turbulent viscosity limited to viscosity ratio of 1.000000e+05 in 8052 cells 

 Reversed flow on 646 faces of pressure-outlet 7.
   142  6.6436e-01  1.1687e-04  1.1844e-04  1.3673e-04  5.9429e-03  1.1805e-02  4.2793e-03  0:01:07    8

 turbulent viscosity limited to viscosity ratio of 1.000000e+05 in 7952 cells 

 Reversed flow on 641 faces of pressure-outlet 7.
   143  6.6144e-01  1.1609e-04  1.1790e-04  1.3631e-04  5.8999e-03  1.1794e-02  4.2494e-03  0:00:58    7

 turbulent viscosity limited to viscosity ratio of 1.000000e+05 in 7872 cells 

 Reversed flow on 647 faces of pressure-outlet 7.
   144  6.5939e-01  1.1535e-04  1.1739e-04  1.3580e-04  5.8576e-03  1.1694e-02  4.2198e-03  0:00:50    6

 turbulent viscosity limited to viscosity ratio of 1.000000e+05 in 7779 cells 

 Reversed flow on 652 faces of pressure-outlet 7.
   145  6.5796e-01  1.1478e-04  1.1690e-04  1.3527e-04  5.8161e-03  1.1751e-02  4.1907e-03  0:00:42    5

 turbulent viscosity limited to viscosity ratio of 1.000000e+05 in 7696 cells 

 Reversed flow on 637 faces of pressure-outlet 7.
   146  6.5521e-01  1.1422e-04  1.1642e-04  1.3477e-04  5.7713e-03  1.1733e-02  4.1620e-03  0:00:33    4

 turbulent viscosity limited to viscosity ratio of 1.000000e+05 in 7614 cells 

 Reversed flow on 649 faces of pressure-outlet 7.

  iter  continuity  x-velocity  y-velocity  z-velocity           k     epsilon  vf-phase-2     time/iter
   147  6.5153e-01  1.1374e-04  1.1596e-04  1.3420e-04  5.7263e-03  1.1633e-02  4.1337e-03  0:00:25    3

 turbulent viscosity limited to viscosity ratio of 1.000000e+05 in 7522 cells 

 Reversed flow on 634 faces of pressure-outlet 7.
   148  6.4746e-01  1.1319e-04  1.1547e-04  1.3370e-04  5.6819e-03  1.1492e-02  4.1057e-03  0:00:16    2

 turbulent viscosity limited to viscosity ratio of 1.000000e+05 in 7438 cells 

 Reversed flow on 631 faces of pressure-outlet 7.
   149  6.4503e-01  1.1263e-04  1.1504e-04  1.3323e-04  5.6406e-03  1.1421e-02  4.0781e-03  0:00:08    1

 turbulent viscosity limited to viscosity ratio of 1.000000e+05 in 7355 cells 

 Reversed flow on 613 faces of pressure-outlet 7.
   150  6.4302e-01  1.1216e-04  1.1464e-04  1.3267e-04  5.5976e-03  1.1676e-02  4.0509e-03  0:00:00    0
iterate_150: RPC returned
progress: 150/1500

  iter  continuity  x-velocity  y-velocity  z-velocity           k     epsilon  vf-phase-2     time/iter
   150  6.4302e-01  1.1216e-04  1.1464e-04  1.3267e-04  5.5976e-03  1.1676e-02  4.0509e-03  0:03:27   25

 turbulent viscosity limited to viscosity ratio of 1.000000e+05 in 7264 cells 

 Reversed flow on 625 faces of pressure-outlet 7.
   151  6.4129e-01  1.1166e-04  1.1424e-04  1.3209e-04  5.5500e-03  1.1443e-02  4.0241e-03  0:03:18   24

 turbulent viscosity limited to viscosity ratio of 1.000000e+05 in 7177 cells 

 Reversed flow on 624 faces of pressure-outlet 7.
   152  6.3944e-01  1.1117e-04  1.1383e-04  1.3154e-04  5.5046e-03  1.1223e-02  3.9976e-03  0:03:13   23

 turbulent viscosity limited to viscosity ratio of 1.000000e+05 in 7063 cells 

 Reversed flow on 621 faces of pressure-outlet 7.
   153  6.3898e-01  1.1076e-04  1.1343e-04  1.3092e-04  5.4567e-03  1.1177e-02  3.9714e-03  0:03:03   22

 turbulent viscosity limited to viscosity ratio of 1.000000e+05 in 6978 cells 

 Reversed flow on 615 faces of pressure-outlet 7.
   154  6.3668e-01  1.1038e-04  1.1307e-04  1.3043e-04  5.4120e-03  1.1164e-02  3.9456e-03  0:02:53   21

 turbulent viscosity limited to viscosity ratio of 1.000000e+05 in 6882 cells 

 Reversed flow on 614 faces of pressure-outlet 7.
   155  6.3437e-01  1.0999e-04  1.1274e-04  1.2992e-04  5.3670e-03  1.1027e-02  3.9201e-03  0:02:48   20

 turbulent viscosity limited to viscosity ratio of 1.000000e+05 in 6791 cells 

 Reversed flow on 614 faces of pressure-outlet 7.
   156  6.3346e-01  1.0958e-04  1.1241e-04  1.2947e-04  5.3208e-03  1.0998e-02  3.8950e-03  0:02:38   19

 turbulent viscosity limited to viscosity ratio of 1.000000e+05 in 6709 cells 

 Reversed flow on 614 faces of pressure-outlet 7.
   157  6.3254e-01  1.0922e-04  1.1213e-04  1.2902e-04  5.2747e-03  1.1209e-02  3.8702e-03  0:02:29   18

 turbulent viscosity limited to viscosity ratio of 1.000000e+05 in 6629 cells 

 Reversed flow on 598 faces of pressure-outlet 7.
   158  6.3159e-01  1.0879e-04  1.1188e-04  1.2864e-04  5.2245e-03  1.0949e-02  3.8458e-03  0:02:19   17

 turbulent viscosity limited to viscosity ratio of 1.000000e+05 in 6529 cells 

 Reversed flow on 606 faces of pressure-outlet 7.
   159  6.3091e-01  1.0841e-04  1.1171e-04  1.2829e-04  5.1777e-03  1.0808e-02  3.8216e-03  0:02:14   16

 turbulent viscosity limited to viscosity ratio of 1.000000e+05 in 6461 cells 

 Reversed flow on 596 faces of pressure-outlet 7.
   160  6.2986e-01  1.0801e-04  1.1149e-04  1.2799e-04  5.1311e-03  1.0711e-02  3.7978e-03  0:02:04   15

 turbulent viscosity limited to viscosity ratio of 1.000000e+05 in 6379 cells 

 Reversed flow on 604 faces of pressure-outlet 7.

  iter  continuity  x-velocity  y-velocity  z-velocity           k     epsilon  vf-phase-2     time/iter
   161  6.2811e-01  1.0767e-04  1.1124e-04  1.2771e-04  5.0864e-03  1.0599e-02  3.7742e-03  0:01:55   14

 turbulent viscosity limited to viscosity ratio of 1.000000e+05 in 6287 cells 

 Reversed flow on 588 faces of pressure-outlet 7.
   162  6.2604e-01  1.0731e-04  1.1098e-04  1.2754e-04  5.0468e-03  1.0685e-02  3.7510e-03  0:01:49   13

 turbulent viscosity limited to viscosity ratio of 1.000000e+05 in 6222 cells 

 Reversed flow on 593 faces of pressure-outlet 7.
   163  6.2553e-01  1.0700e-04  1.1079e-04  1.2732e-04  5.0097e-03  1.0616e-02  3.7280e-03  0:01:40   12

 turbulent viscosity limited to viscosity ratio of 1.000000e+05 in 6150 cells 

 Reversed flow on 594 faces of pressure-outlet 7.
   164  6.2484e-01  1.0664e-04  1.1060e-04  1.2714e-04  4.9757e-03  1.0669e-02  3.7053e-03  0:01:31   11

 turbulent viscosity limited to viscosity ratio of 1.000000e+05 in 6085 cells 

 Reversed flow on 593 faces of pressure-outlet 7.
   165  6.2412e-01  1.0634e-04  1.1040e-04  1.2694e-04  4.9424e-03  1.0789e-02  3.6829e-03  0:01:24   10

 turbulent viscosity limited to viscosity ratio of 1.000000e+05 in 6028 cells 

 Reversed flow on 597 faces of pressure-outlet 7.
   166  6.2371e-01  1.0610e-04  1.1022e-04  1.2686e-04  4.9110e-03  1.0724e-02  3.6608e-03  0:01:15    9

 turbulent viscosity limited to viscosity ratio of 1.000000e+05 in 5948 cells 

 Reversed flow on 580 faces of pressure-outlet 7.
   167  6.2351e-01  1.0590e-04  1.1003e-04  1.2675e-04  4.8804e-03  1.0692e-02  3.6389e-03  0:01:06    8

 turbulent viscosity limited to viscosity ratio of 1.000000e+05 in 5882 cells 

 Reversed flow on 587 faces of pressure-outlet 7.
   168  6.2349e-01  1.0573e-04  1.0988e-04  1.2662e-04  4.8511e-03  1.0613e-02  3.6174e-03  0:00:57    7

 turbulent viscosity limited to viscosity ratio of 1.000000e+05 in 5817 cells 

 Reversed flow on 575 faces of pressure-outlet 7.
   169  6.2385e-01  1.0561e-04  1.0971e-04  1.2656e-04  4.8239e-03  1.0589e-02  3.5961e-03  0:00:50    6

 turbulent viscosity limited to viscosity ratio of 1.000000e+05 in 5761 cells 

 Reversed flow on 573 faces of pressure-outlet 7.
   170  6.2487e-01  1.0556e-04  1.0961e-04  1.2647e-04  4.7983e-03  1.0595e-02  3.5750e-03  0:00:41    5

 turbulent viscosity limited to viscosity ratio of 1.000000e+05 in 5686 cells 

 Reversed flow on 574 faces of pressure-outlet 7.
   171  6.2551e-01  1.0548e-04  1.0952e-04  1.2641e-04  4.7730e-03  1.0696e-02  3.5542e-03  0:00:33    4

 turbulent viscosity limited to viscosity ratio of 1.000000e+05 in 5618 cells 

 Reversed flow on 573 faces of pressure-outlet 7.

  iter  continuity  x-velocity  y-velocity  z-velocity           k     epsilon  vf-phase-2     time/iter
   172  6.2685e-01  1.0548e-04  1.0944e-04  1.2636e-04  4.7502e-03  1.0692e-02  3.5336e-03  0:00:25    3

 turbulent viscosity limited to viscosity ratio of 1.000000e+05 in 5563 cells 

 Reversed flow on 574 faces of pressure-outlet 7.
   173  6.2838e-01  1.0555e-04  1.0941e-04  1.2632e-04  4.7255e-03  1.0735e-02  3.5132e-03  0:00:17    2

 turbulent viscosity limited to viscosity ratio of 1.000000e+05 in 5480 cells 

 Reversed flow on 573 faces of pressure-outlet 7.
   174  6.2977e-01  1.0558e-04  1.0939e-04  1.2628e-04  4.6994e-03  1.0634e-02  3.4931e-03  0:00:08    1

iterate_175: RPC returned
progress: 175/1500
 turbulent viscosity limited to viscosity ratio of 1.000000e+05 in 5418 cells 

 Reversed flow on 557 faces of pressure-outlet 7.
   175  6.3120e-01  1.0569e-04  1.0938e-04  1.2624e-04  4.6740e-03  1.0705e-02  3.4732e-03  0:00:00    0

  iter  continuity  x-velocity  y-velocity  z-velocity           k     epsilon  vf-phase-2     time/iter
   175  6.3120e-01  1.0569e-04  1.0938e-04  1.2624e-04  4.6740e-03  1.0705e-02  3.4732e-03  0:03:25   25

 turbulent viscosity limited to viscosity ratio of 1.000000e+05 in 5354 cells 

 Reversed flow on 562 faces of pressure-outlet 7.
   176  6.3183e-01  1.0582e-04  1.0938e-04  1.2617e-04  4.6466e-03  1.0694e-02  3.4535e-03  0:03:21   24

 turbulent viscosity limited to viscosity ratio of 1.000000e+05 in 5277 cells 

 Reversed flow on 565 faces of pressure-outlet 7.
   177  6.3231e-01  1.0597e-04  1.0939e-04  1.2609e-04  4.6192e-03  1.0514e-02  3.4340e-03  0:03:11   23

 turbulent viscosity limited to viscosity ratio of 1.000000e+05 in 5219 cells 

 Reversed flow on 559 faces of pressure-outlet 7.
   178  6.3283e-01  1.0614e-04  1.0949e-04  1.2603e-04  4.5939e-03  1.0423e-02  3.4148e-03  0:03:01   22

 turbulent viscosity limited to viscosity ratio of 1.000000e+05 in 5166 cells 

 Reversed flow on 552 faces of pressure-outlet 7.
   179  6.3414e-01  1.0630e-04  1.0953e-04  1.2597e-04  4.5711e-03  1.0702e-02  3.3958e-03  0:02:56   21

 turbulent viscosity limited to viscosity ratio of 1.000000e+05 in 5108 cells 

 Reversed flow on 561 faces of pressure-outlet 7.
   180  6.3438e-01  1.0645e-04  1.0963e-04  1.2593e-04  4.5462e-03  1.0673e-02  3.3771e-03  0:02:46   20

 turbulent viscosity limited to viscosity ratio of 1.000000e+05 in 5066 cells 

 Reversed flow on 572 faces of pressure-outlet 7.
   181  6.3475e-01  1.0657e-04  1.0974e-04  1.2588e-04  4.5225e-03  1.0796e-02  3.3586e-03  0:02:37   19

 turbulent viscosity limited to viscosity ratio of 1.000000e+05 in 5004 cells 

 Reversed flow on 554 faces of pressure-outlet 7.
   182  6.3522e-01  1.0676e-04  1.0985e-04  1.2586e-04  4.4994e-03  1.0826e-02  3.3402e-03  0:02:28   18

 turbulent viscosity limited to viscosity ratio of 1.000000e+05 in 4940 cells 

 Reversed flow on 550 faces of pressure-outlet 7.
   183  6.3546e-01  1.0696e-04  1.0996e-04  1.2579e-04  4.4764e-03  1.0804e-02  3.3221e-03  0:02:22   17

 turbulent viscosity limited to viscosity ratio of 1.000000e+05 in 4890 cells 

 Reversed flow on 546 faces of pressure-outlet 7.
   184  6.3529e-01  1.0717e-04  1.1008e-04  1.2577e-04  4.4539e-03  1.0808e-02  3.3041e-03  0:02:13   16

 turbulent viscosity limited to viscosity ratio of 1.000000e+05 in 4836 cells 

 Reversed flow on 536 faces of pressure-outlet 7.
   185  6.3519e-01  1.0730e-04  1.1017e-04  1.2572e-04  4.4355e-03  1.0893e-02  3.2863e-03  0:02:03   15

 turbulent viscosity limited to viscosity ratio of 1.000000e+05 in 4772 cells 

 Reversed flow on 538 faces of pressure-outlet 7.

  iter  continuity  x-velocity  y-velocity  z-velocity           k     epsilon  vf-phase-2     time/iter
   186  6.3513e-01  1.0747e-04  1.1034e-04  1.2567e-04  4.4156e-03  1.0829e-02  3.2687e-03  0:01:55   14

 turbulent viscosity limited to viscosity ratio of 1.000000e+05 in 4710 cells 

 Reversed flow on 544 faces of pressure-outlet 7.
   187  6.3534e-01  1.0765e-04  1.1044e-04  1.2563e-04  4.3972e-03  1.1029e-02  3.2512e-03  0:01:49   13

 turbulent viscosity limited to viscosity ratio of 1.000000e+05 in 4672 cells 

 Reversed flow on 552 faces of pressure-outlet 7.
   188  6.3602e-01  1.0781e-04  1.1059e-04  1.2557e-04  4.3823e-03  1.1126e-02  3.2339e-03  0:01:39   12

 turbulent viscosity limited to viscosity ratio of 1.000000e+05 in 4620 cells 

 Reversed flow on 547 faces of pressure-outlet 7.
   189  6.3577e-01  1.0803e-04  1.1067e-04  1.2544e-04  4.3673e-03  1.1170e-02  3.2168e-03  0:01:30   11

 turbulent viscosity limited to viscosity ratio of 1.000000e+05 in 4575 cells 

 Reversed flow on 536 faces of pressure-outlet 7.
   190  6.3542e-01  1.0826e-04  1.1078e-04  1.2528e-04  4.3508e-03  1.1047e-02  3.1998e-03  0:01:24   10

 turbulent viscosity limited to viscosity ratio of 1.000000e+05 in 4521 cells 

 Reversed flow on 524 faces of pressure-outlet 7.
   191  6.3479e-01  1.0846e-04  1.1093e-04  1.2511e-04  4.3356e-03  1.1409e-02  3.1831e-03  0:01:15    9

 turbulent viscosity limited to viscosity ratio of 1.000000e+05 in 4481 cells 

 Reversed flow on 524 faces of pressure-outlet 7.
   192  6.3420e-01  1.0861e-04  1.1100e-04  1.2497e-04  4.3189e-03  1.1294e-02  3.1667e-03  0:01:06    8

 turbulent viscosity limited to viscosity ratio of 1.000000e+05 in 4439 cells 

 Reversed flow on 538 faces of pressure-outlet 7.
   193  6.3398e-01  1.0873e-04  1.1106e-04  1.2478e-04  4.3047e-03  1.2042e-02  3.1503e-03  0:00:57    7

 turbulent viscosity limited to viscosity ratio of 1.000000e+05 in 4382 cells 

 Reversed flow on 532 faces of pressure-outlet 7.
   194  6.3462e-01  1.0888e-04  1.1109e-04  1.2453e-04  4.2873e-03  1.2292e-02  3.1342e-03  0:00:50    6

 turbulent viscosity limited to viscosity ratio of 1.000000e+05 in 4337 cells 

 Reversed flow on 522 faces of pressure-outlet 7.
   195  6.3447e-01  1.0902e-04  1.1114e-04  1.2432e-04  4.2687e-03  1.1696e-02  3.1182e-03  0:00:41    5

 turbulent viscosity limited to viscosity ratio of 1.000000e+05 in 4290 cells 

 Reversed flow on 498 faces of pressure-outlet 7.
   196  6.3392e-01  1.0914e-04  1.1119e-04  1.2408e-04  4.2499e-03  1.2093e-02  3.1023e-03  0:00:33    4

 turbulent viscosity limited to viscosity ratio of 1.000000e+05 in 4244 cells 

 Reversed flow on 506 faces of pressure-outlet 7.

  iter  continuity  x-velocity  y-velocity  z-velocity           k     epsilon  vf-phase-2     time/iter
   197  6.3384e-01  1.0931e-04  1.1122e-04  1.2380e-04  4.2333e-03  1.2636e-02  3.0867e-03  0:00:25    3

 turbulent viscosity limited to viscosity ratio of 1.000000e+05 in 4201 cells 

 Reversed flow on 512 faces of pressure-outlet 7.
   198  6.3368e-01  1.0948e-04  1.1119e-04  1.2352e-04  4.2133e-03  1.2130e-02  3.0712e-03  0:00:17    2

 turbulent viscosity limited to viscosity ratio of 1.000000e+05 in 4151 cells 

 Reversed flow on 501 faces of pressure-outlet 7.
   199  6.3335e-01  1.0963e-04  1.1119e-04  1.2319e-04  4.1972e-03  1.2423e-02  3.0559e-03  0:00:08    1

 turbulent viscosity limited to viscosity ratio of 1.000000e+05 in 4103 cells 

 Reversed flow on 502 faces of pressure-outlet 7.
   200  6.3283e-01  1.0977e-04  1.1109e-04  1.2291e-04  4.1767e-03  1.2156e-02  3.0407e-03  0:00:00    0
iterate_200: RPC returned
progress: 200/1500

  iter  continuity  x-velocity  y-velocity  z-velocity           k     epsilon  vf-phase-2     time/iter
   200  6.3283e-01  1.0977e-04  1.1109e-04  1.2291e-04  4.1767e-03  1.2156e-02  3.0407e-03  0:03:26   25

 turbulent viscosity limited to viscosity ratio of 1.000000e+05 in 4056 cells 

 Reversed flow on 505 faces of pressure-outlet 7.
   201  6.3188e-01  1.0989e-04  1.1102e-04  1.2257e-04  4.1586e-03  1.1988e-02  3.0257e-03  0:03:21   24

 turbulent viscosity limited to viscosity ratio of 1.000000e+05 in 4001 cells 

 Reversed flow on 508 faces of pressure-outlet 7.
   202  6.3117e-01  1.0996e-04  1.1096e-04  1.2225e-04  4.1390e-03  1.1960e-02  3.0108e-03  0:03:11   23

 turbulent viscosity limited to viscosity ratio of 1.000000e+05 in 3952 cells 

 Reversed flow on 512 faces of pressure-outlet 7.
   203  6.3016e-01  1.1004e-04  1.1092e-04  1.2192e-04  4.1196e-03  1.1678e-02  2.9961e-03  0:03:01   22

 turbulent viscosity limited to viscosity ratio of 1.000000e+05 in 3909 cells 

 Reversed flow on 508 faces of pressure-outlet 7.
   204  6.2928e-01  1.1012e-04  1.1081e-04  1.2156e-04  4.1049e-03  1.1905e-02  2.9815e-03  0:02:56   21

 turbulent viscosity limited to viscosity ratio of 1.000000e+05 in 3866 cells 

 Reversed flow on 502 faces of pressure-outlet 7.
   205  6.2863e-01  1.1022e-04  1.1070e-04  1.2124e-04  4.0900e-03  1.1585e-02  2.9670e-03  0:02:46   20

 turbulent viscosity limited to viscosity ratio of 1.000000e+05 in 3829 cells 

 Reversed flow on 496 faces of pressure-outlet 7.
   206  6.2810e-01  1.1031e-04  1.1060e-04  1.2087e-04  4.0740e-03  1.1559e-02  2.9526e-03  0:02:37   19

 turbulent viscosity limited to viscosity ratio of 1.000000e+05 in 3791 cells 

 Reversed flow on 506 faces of pressure-outlet 7.
   207  6.2792e-01  1.1036e-04  1.1052e-04  1.2050e-04  4.0598e-03  1.1570e-02  2.9384e-03  0:02:28   18

 turbulent viscosity limited to viscosity ratio of 1.000000e+05 in 3737 cells 

 Reversed flow on 494 faces of pressure-outlet 7.
   208  6.2747e-01  1.1043e-04  1.1039e-04  1.2016e-04  4.0428e-03  1.1305e-02  2.9244e-03  0:02:22   17

 turbulent viscosity limited to viscosity ratio of 1.000000e+05 in 3695 cells 

 Reversed flow on 489 faces of pressure-outlet 7.
   209  6.2735e-01  1.1048e-04  1.1028e-04  1.1981e-04  4.0304e-03  1.2065e-02  2.9104e-03  0:02:13   16

 turbulent viscosity limited to viscosity ratio of 1.000000e+05 in 3648 cells 

 Reversed flow on 499 faces of pressure-outlet 7.
   210  6.2689e-01  1.1053e-04  1.1020e-04  1.1951e-04  4.0156e-03  1.1882e-02  2.8967e-03  0:02:03   15

 turbulent viscosity limited to viscosity ratio of 1.000000e+05 in 3594 cells 

 Reversed flow on 494 faces of pressure-outlet 7.

  iter  continuity  x-velocity  y-velocity  z-velocity           k     epsilon  vf-phase-2     time/iter
   211  6.2664e-01  1.1057e-04  1.1012e-04  1.1919e-04  4.0013e-03  1.1768e-02  2.8830e-03  0:01:55   14

 turbulent viscosity limited to viscosity ratio of 1.000000e+05 in 3562 cells 

 Reversed flow on 490 faces of pressure-outlet 7.
   212  6.2548e-01  1.1056e-04  1.1006e-04  1.1893e-04  3.9891e-03  1.1890e-02  2.8695e-03  0:01:49   13

 turbulent viscosity limited to viscosity ratio of 1.000000e+05 in 3529 cells 

 Reversed flow on 488 faces of pressure-outlet 7.
   213  6.2416e-01  1.1056e-04  1.0997e-04  1.1861e-04  3.9754e-03  1.1883e-02  2.8560e-03  0:01:39   12

 turbulent viscosity limited to viscosity ratio of 1.000000e+05 in 3497 cells 

 Reversed flow on 490 faces of pressure-outlet 7.
   214  6.2405e-01  1.1055e-04  1.0989e-04  1.1830e-04  3.9611e-03  1.1688e-02  2.8427e-03  0:01:30   11

 turbulent viscosity limited to viscosity ratio of 1.000000e+05 in 3464 cells 

 Reversed flow on 489 faces of pressure-outlet 7.
   215  6.2430e-01  1.1054e-04  1.0986e-04  1.1801e-04  3.9495e-03  1.2330e-02  2.8295e-03  0:01:24   10

 turbulent viscosity limited to viscosity ratio of 1.000000e+05 in 3436 cells 

 Reversed flow on 483 faces of pressure-outlet 7.
   216  6.2428e-01  1.1050e-04  1.0986e-04  1.1776e-04  3.9353e-03  1.1945e-02  2.8164e-03  0:01:15    9

 turbulent viscosity limited to viscosity ratio of 1.000000e+05 in 3403 cells 

 Reversed flow on 481 faces of pressure-outlet 7.
   217  6.2482e-01  1.1048e-04  1.0984e-04  1.1748e-04  3.9243e-03  1.2294e-02  2.8034e-03  0:01:06    8

 turbulent viscosity limited to viscosity ratio of 1.000000e+05 in 3376 cells 

 Reversed flow on 484 faces of pressure-outlet 7.
   218  6.2522e-01  1.1042e-04  1.0987e-04  1.1717e-04  3.9104e-03  1.2171e-02  2.7905e-03  0:00:59    7

 turbulent viscosity limited to viscosity ratio of 1.000000e+05 in 3341 cells 

 Reversed flow on 488 faces of pressure-outlet 7.
   219  6.2525e-01  1.1039e-04  1.0988e-04  1.1690e-04  3.8969e-03  1.1509e-02  2.7778e-03  0:00:50    6

 turbulent viscosity limited to viscosity ratio of 1.000000e+05 in 3306 cells 

 Reversed flow on 485 faces of pressure-outlet 7.
   220  6.2450e-01  1.1032e-04  1.0985e-04  1.1670e-04  3.8825e-03  1.1358e-02  2.7652e-03  0:00:41    5

 turbulent viscosity limited to viscosity ratio of 1.000000e+05 in 3273 cells 

 Reversed flow on 471 faces of pressure-outlet 7.
   221  6.2400e-01  1.1024e-04  1.0984e-04  1.1647e-04  3.8697e-03  1.1727e-02  2.7527e-03  0:00:34    4

 turbulent viscosity limited to viscosity ratio of 1.000000e+05 in 3249 cells 

 Reversed flow on 465 faces of pressure-outlet 7.

  iter  continuity  x-velocity  y-velocity  z-velocity           k     epsilon  vf-phase-2     time/iter
   222  6.2370e-01  1.1013e-04  1.0988e-04  1.1625e-04  3.8581e-03  1.2400e-02  2.7403e-03  0:00:25    3

 turbulent viscosity limited to viscosity ratio of 1.000000e+05 in 3221 cells 

 Reversed flow on 482 faces of pressure-outlet 7.
   223  6.2409e-01  1.1005e-04  1.0989e-04  1.1603e-04  3.8460e-03  1.2206e-02  2.7280e-03  0:00:17    2

 turbulent viscosity limited to viscosity ratio of 1.000000e+05 in 3185 cells 

 Reversed flow on 480 faces of pressure-outlet 7.
   224  6.2367e-01  1.0997e-04  1.0996e-04  1.1581e-04  3.8306e-03  1.2132e-02  2.7159e-03  0:00:08    1

 turbulent viscosity limited to viscosity ratio of 1.000000e+05 in 3159 cells 

 Reversed flow on 465 faces of pressure-outlet 7.
   225  6.2352e-01  1.0989e-04  1.1000e-04  1.1560e-04  3.8145e-03  1.1816e-02  2.7039e-03  0:00:00    0
iterate_225: RPC returned
progress: 225/1500

  iter  continuity  x-velocity  y-velocity  z-velocity           k     epsilon  vf-phase-2     time/iter
   225  6.2352e-01  1.0989e-04  1.1000e-04  1.1560e-04  3.8145e-03  1.1816e-02  2.7039e-03  0:03:29   25

 turbulent viscosity limited to viscosity ratio of 1.000000e+05 in 3125 cells 

 Reversed flow on 478 faces of pressure-outlet 7.
   226  6.2457e-01  1.0977e-04  1.1001e-04  1.1542e-04  3.7979e-03  1.1222e-02  2.6921e-03  0:03:24   24

 turbulent viscosity limited to viscosity ratio of 1.000000e+05 in 3102 cells 

 Reversed flow on 467 faces of pressure-outlet 7.
   227  6.2506e-01  1.0963e-04  1.1006e-04  1.1522e-04  3.7787e-03  1.0869e-02  2.6804e-03  0:03:13   23

 turbulent viscosity limited to viscosity ratio of 1.000000e+05 in 3077 cells 

 Reversed flow on 472 faces of pressure-outlet 7.
   228  6.2527e-01  1.0953e-04  1.1013e-04  1.1506e-04  3.7653e-03  1.1004e-02  2.6688e-03  0:03:07   22

 turbulent viscosity limited to viscosity ratio of 1.000000e+05 in 3053 cells 

 Reversed flow on 473 faces of pressure-outlet 7.
   229  6.2607e-01  1.0945e-04  1.1020e-04  1.1495e-04  3.7541e-03  1.3014e-02  2.6572e-03  0:02:57   21

 turbulent viscosity limited to viscosity ratio of 1.000000e+05 in 3013 cells 

 Reversed flow on 465 faces of pressure-outlet 7.
   230  6.2662e-01  1.0939e-04  1.1031e-04  1.1476e-04  3.7388e-03  1.2121e-02  2.6457e-03  0:02:51   20

 turbulent viscosity limited to viscosity ratio of 1.000000e+05 in 2987 cells 

 Reversed flow on 459 faces of pressure-outlet 7.
   231  6.2858e-01  1.0930e-04  1.1040e-04  1.1458e-04  3.7262e-03  1.1813e-02  2.6343e-03  0:02:40   19

 turbulent viscosity limited to viscosity ratio of 1.000000e+05 in 2952 cells 

 Reversed flow on 460 faces of pressure-outlet 7.
   232  6.3118e-01  1.0926e-04  1.1047e-04  1.1445e-04  3.7121e-03  1.1374e-02  2.6230e-03  0:02:34   18

 turbulent viscosity limited to viscosity ratio of 1.000000e+05 in 2928 cells 

 Reversed flow on 459 faces of pressure-outlet 7.
   233  6.3182e-01  1.0923e-04  1.1050e-04  1.1426e-04  3.6950e-03  1.0995e-02  2.6118e-03  0:02:27   17

 turbulent viscosity limited to viscosity ratio of 1.000000e+05 in 2902 cells 

 Reversed flow on 461 faces of pressure-outlet 7.
   234  6.3357e-01  1.0924e-04  1.1055e-04  1.1407e-04  3.6825e-03  1.1108e-02  2.6007e-03  0:02:16   16

 turbulent viscosity limited to viscosity ratio of 1.000000e+05 in 2877 cells 

 Reversed flow on 455 faces of pressure-outlet 7.
   235  6.3470e-01  1.0923e-04  1.1056e-04  1.1386e-04  3.6662e-03  1.0196e-02  2.5896e-03  0:02:09   15

 turbulent viscosity limited to viscosity ratio of 1.000000e+05 in 2847 cells 

 Reversed flow on 453 faces of pressure-outlet 7.

  iter  continuity  x-velocity  y-velocity  z-velocity           k     epsilon  vf-phase-2     time/iter
   236  6.3651e-01  1.0919e-04  1.1056e-04  1.1368e-04  3.6525e-03  1.0070e-02  2.5787e-03  0:01:59   14

 turbulent viscosity limited to viscosity ratio of 1.000000e+05 in 2820 cells 

 Reversed flow on 450 faces of pressure-outlet 7.
   237  6.3749e-01  1.0920e-04  1.1054e-04  1.1350e-04  3.6458e-03  1.0885e-02  2.5678e-03  0:01:52   13

 turbulent viscosity limited to viscosity ratio of 1.000000e+05 in 2798 cells 

 Reversed flow on 454 faces of pressure-outlet 7.
   238  6.3869e-01  1.0921e-04  1.1047e-04  1.1330e-04  3.6350e-03  1.0712e-02  2.5571e-03  0:01:42   12

 turbulent viscosity limited to viscosity ratio of 1.000000e+05 in 2770 cells 

 Reversed flow on 448 faces of pressure-outlet 7.
   239  6.3889e-01  1.0914e-04  1.1034e-04  1.1306e-04  3.6219e-03  1.1346e-02  2.5464e-03  0:01:34   11

 turbulent viscosity limited to viscosity ratio of 1.000000e+05 in 2743 cells 

 Reversed flow on 460 faces of pressure-outlet 7.
   240  6.3915e-01  1.0908e-04  1.1021e-04  1.1279e-04  3.6082e-03  1.0554e-02  2.5359e-03  0:01:27   10

 turbulent viscosity limited to viscosity ratio of 1.000000e+05 in 2721 cells 

 Reversed flow on 453 faces of pressure-outlet 7.
   241  6.3902e-01  1.0907e-04  1.1011e-04  1.1255e-04  3.5907e-03  9.7261e-03  2.5254e-03  0:01:17    9

 turbulent viscosity limited to viscosity ratio of 1.000000e+05 in 2705 cells 

 Reversed flow on 440 faces of pressure-outlet 7.
   242  6.3828e-01  1.0898e-04  1.0996e-04  1.1229e-04  3.5787e-03  1.1766e-02  2.5151e-03  0:01:07    8

 turbulent viscosity limited to viscosity ratio of 1.000000e+05 in 2681 cells 

 Reversed flow on 443 faces of pressure-outlet 7.
   243  6.3774e-01  1.0891e-04  1.0976e-04  1.1198e-04  3.5630e-03  1.1289e-02  2.5048e-03  0:01:00    7

 turbulent viscosity limited to viscosity ratio of 1.000000e+05 in 2661 cells 

 Reversed flow on 439 faces of pressure-outlet 7.
   244  6.3623e-01  1.0882e-04  1.0958e-04  1.1169e-04  3.5519e-03  1.1427e-02  2.4946e-03  0:00:51    6

 turbulent viscosity limited to viscosity ratio of 1.000000e+05 in 2636 cells 

 Reversed flow on 430 faces of pressure-outlet 7.
   245  6.3568e-01  1.0870e-04  1.0939e-04  1.1139e-04  3.5307e-03  1.0322e-02  2.4845e-03  0:00:42    5

 turbulent viscosity limited to viscosity ratio of 1.000000e+05 in 2614 cells 

 Reversed flow on 430 faces of pressure-outlet 7.
   246  6.3522e-01  1.0860e-04  1.0919e-04  1.1104e-04  3.5237e-03  1.2363e-02  2.4745e-03  0:00:34    4

 turbulent viscosity limited to viscosity ratio of 1.000000e+05 in 2593 cells 

 Reversed flow on 438 faces of pressure-outlet 7.

  iter  continuity  x-velocity  y-velocity  z-velocity           k     epsilon  vf-phase-2     time/iter
   247  6.3467e-01  1.0849e-04  1.0904e-04  1.1076e-04  3.5055e-03  1.1378e-02  2.4645e-03  0:00:25    3

 turbulent viscosity limited to viscosity ratio of 1.000000e+05 in 2568 cells 

 Reversed flow on 437 faces of pressure-outlet 7.
   248  6.3431e-01  1.0839e-04  1.0883e-04  1.1044e-04  3.4963e-03  1.1994e-02  2.4546e-03  0:00:17    2

 turbulent viscosity limited to viscosity ratio of 1.000000e+05 in 2543 cells 

 Reversed flow on 435 faces of pressure-outlet 7.
   249  6.3338e-01  1.0826e-04  1.0862e-04  1.1012e-04  3.4791e-03  1.0339e-02  2.4447e-03  0:00:08    1

 turbulent viscosity limited to viscosity ratio of 1.000000e+05 in 2519 cells 

 Reversed flow on 438 faces of pressure-outlet 7.
   250  6.3228e-01  1.0809e-04  1.0842e-04  1.0976e-04  3.4646e-03  1.1420e-02  2.4349e-03  0:00:00    0
iterate_250: RPC returned
progress: 250/1500

  iter  continuity  x-velocity  y-velocity  z-velocity           k     epsilon  vf-phase-2     time/iter
   250  6.3228e-01  1.0809e-04  1.0842e-04  1.0976e-04  3.4646e-03  1.1420e-02  2.4349e-03  0:03:29   25

 turbulent viscosity limited to viscosity ratio of 1.000000e+05 in 2498 cells 

 Reversed flow on 442 faces of pressure-outlet 7.
   251  6.3123e-01  1.0793e-04  1.0825e-04  1.0945e-04  3.4495e-03  1.0723e-02  2.4253e-03  0:03:24   24

 turbulent viscosity limited to viscosity ratio of 1.000000e+05 in 2481 cells 

 Reversed flow on 445 faces of pressure-outlet 7.
   252  6.3016e-01  1.0775e-04  1.0811e-04  1.0912e-04  3.4364e-03  1.0914e-02  2.4157e-03  0:03:13   23

 turbulent viscosity limited to viscosity ratio of 1.000000e+05 in 2460 cells 

 Reversed flow on 441 faces of pressure-outlet 7.
   253  6.2958e-01  1.0759e-04  1.0790e-04  1.0883e-04  3.4240e-03  1.0728e-02  2.4061e-03  0:03:07   22

 turbulent viscosity limited to viscosity ratio of 1.000000e+05 in 2436 cells 

 Reversed flow on 433 faces of pressure-outlet 7.
   254  6.2821e-01  1.0742e-04  1.0767e-04  1.0846e-04  3.4112e-03  1.0533e-02  2.3967e-03  0:02:57   21

 turbulent viscosity limited to viscosity ratio of 1.000000e+05 in 2417 cells 

 Reversed flow on 435 faces of pressure-outlet 7.
   255  6.2634e-01  1.0727e-04  1.0750e-04  1.0810e-04  3.3976e-03  1.0352e-02  2.3874e-03  0:02:47   20

 turbulent viscosity limited to viscosity ratio of 1.000000e+05 in 2399 cells 

 Reversed flow on 434 faces of pressure-outlet 7.
   256  6.2497e-01  1.0706e-04  1.0732e-04  1.0774e-04  3.3860e-03  1.0092e-02  2.3781e-03  0:02:37   19

 turbulent viscosity limited to viscosity ratio of 1.000000e+05 in 2378 cells 

 Reversed flow on 427 faces of pressure-outlet 7.
   257  6.2387e-01  1.0684e-04  1.0723e-04  1.0746e-04  3.3798e-03  1.1052e-02  2.3689e-03  0:02:31   18

 turbulent viscosity limited to viscosity ratio of 1.000000e+05 in 2358 cells 

 Reversed flow on 431 faces of pressure-outlet 7.
   258  6.2343e-01  1.0663e-04  1.0709e-04  1.0716e-04  3.3685e-03  1.0410e-02  2.3597e-03  0:02:22   17

 turbulent viscosity limited to viscosity ratio of 1.000000e+05 in 2341 cells 

 Reversed flow on 424 faces of pressure-outlet 7.
   259  6.2284e-01  1.0642e-04  1.0699e-04  1.0681e-04  3.3569e-03  9.9132e-03  2.3507e-03  0:02:12   16

 turbulent viscosity limited to viscosity ratio of 1.000000e+05 in 2323 cells 

 Reversed flow on 428 faces of pressure-outlet 7.
   260  6.2178e-01  1.0618e-04  1.0692e-04  1.0648e-04  3.3464e-03  9.5466e-03  2.3417e-03  0:02:06   15

 turbulent viscosity limited to viscosity ratio of 1.000000e+05 in 2305 cells 

 Reversed flow on 438 faces of pressure-outlet 7.

  iter  continuity  x-velocity  y-velocity  z-velocity           k     epsilon  vf-phase-2     time/iter
   261  6.2069e-01  1.0591e-04  1.0688e-04  1.0613e-04  3.3351e-03  9.0967e-03  2.3327e-03  0:01:57   14

 turbulent viscosity limited to viscosity ratio of 1.000000e+05 in 2287 cells 

 Reversed flow on 429 faces of pressure-outlet 7.
   262  6.1989e-01  1.0566e-04  1.0683e-04  1.0574e-04  3.3274e-03  9.3498e-03  2.3238e-03  0:01:47   13

 turbulent viscosity limited to viscosity ratio of 1.000000e+05 in 2270 cells 

 Reversed flow on 433 faces of pressure-outlet 7.
   263  6.1922e-01  1.0540e-04  1.0683e-04  1.0541e-04  3.3234e-03  9.8392e-03  2.3150e-03  0:01:41   12

 turbulent viscosity limited to viscosity ratio of 1.000000e+05 in 2248 cells 

 Reversed flow on 441 faces of pressure-outlet 7.
   264  6.1878e-01  1.0521e-04  1.0682e-04  1.0508e-04  3.3184e-03  9.7194e-03  2.3063e-03  0:01:32   11

 turbulent viscosity limited to viscosity ratio of 1.000000e+05 in 2231 cells 

 Reversed flow on 435 faces of pressure-outlet 7.
   265  6.1836e-01  1.0498e-04  1.0688e-04  1.0478e-04  3.3130e-03  9.3789e-03  2.2977e-03  0:01:23   10

 turbulent viscosity limited to viscosity ratio of 1.000000e+05 in 2214 cells 

 Reversed flow on 430 faces of pressure-outlet 7.
   266  6.1783e-01  1.0472e-04  1.0696e-04  1.0448e-04  3.3075e-03  1.0073e-02  2.2891e-03  0:01:14    9

 turbulent viscosity limited to viscosity ratio of 1.000000e+05 in 2197 cells 

 Reversed flow on 433 faces of pressure-outlet 7.
   267  6.1727e-01  1.0451e-04  1.0700e-04  1.0416e-04  3.3062e-03  1.0483e-02  2.2805e-03  0:01:07    8

 turbulent viscosity limited to viscosity ratio of 1.000000e+05 in 2181 cells 

 Reversed flow on 432 faces of pressure-outlet 7.
   268  6.1728e-01  1.0433e-04  1.0704e-04  1.0391e-04  3.3022e-03  9.8004e-03  2.2721e-03  0:00:58    7

 turbulent viscosity limited to viscosity ratio of 1.000000e+05 in 2167 cells 

 Reversed flow on 427 faces of pressure-outlet 7.
   269  6.1708e-01  1.0412e-04  1.0712e-04  1.0362e-04  3.2989e-03  9.7575e-03  2.2636e-03  0:00:49    6

 turbulent viscosity limited to viscosity ratio of 1.000000e+05 in 2158 cells 

 Reversed flow on 440 faces of pressure-outlet 7.
   270  6.1683e-01  1.0393e-04  1.0716e-04  1.0339e-04  3.2982e-03  9.6758e-03  2.2553e-03  0:00:42    5

 turbulent viscosity limited to viscosity ratio of 1.000000e+05 in 2149 cells 

 Reversed flow on 433 faces of pressure-outlet 7.
   271  6.1670e-01  1.0370e-04  1.0726e-04  1.0323e-04  3.2961e-03  9.6021e-03  2.2470e-03  0:00:33    4

 turbulent viscosity limited to viscosity ratio of 1.000000e+05 in 2138 cells 

 Reversed flow on 431 faces of pressure-outlet 7.

  iter  continuity  x-velocity  y-velocity  z-velocity           k     epsilon  vf-phase-2     time/iter
   272  6.1669e-01  1.0343e-04  1.0737e-04  1.0305e-04  3.2944e-03  9.8708e-03  2.2387e-03  0:00:25    3

 turbulent viscosity limited to viscosity ratio of 1.000000e+05 in 2130 cells 

 Reversed flow on 432 faces of pressure-outlet 7.
   273  6.1578e-01  1.0317e-04  1.0743e-04  1.0287e-04  3.2891e-03  9.1521e-03  2.2305e-03  0:00:17    2

 turbulent viscosity limited to viscosity ratio of 1.000000e+05 in 2119 cells 

 Reversed flow on 439 faces of pressure-outlet 7.
   274  6.1539e-01  1.0295e-04  1.0747e-04  1.0272e-04  3.2922e-03  1.0835e-02  2.2224e-03  0:00:08    1

 turbulent viscosity limited to viscosity ratio of 1.000000e+05 in 2103 cells 

 Reversed flow on 457 faces of pressure-outlet 7.
   275  6.1525e-01  1.0274e-04  1.0755e-04  1.0253e-04  3.2908e-03  1.0205e-02  2.2143e-03  0:00:00    0
iterate_275: RPC returned
progress: 275/1500

  iter  continuity  x-velocity  y-velocity  z-velocity           k     epsilon  vf-phase-2     time/iter
   275  6.1525e-01  1.0274e-04  1.0755e-04  1.0253e-04  3.2908e-03  1.0205e-02  2.2143e-03  0:03:26   25

 turbulent viscosity limited to viscosity ratio of 1.000000e+05 in 2095 cells 

 Reversed flow on 436 faces of pressure-outlet 7.
   276  6.1477e-01  1.0253e-04  1.0761e-04  1.0234e-04  3.2890e-03  1.0162e-02  2.2063e-03  0:03:22   24

 turbulent viscosity limited to viscosity ratio of 1.000000e+05 in 2081 cells 

 Reversed flow on 444 faces of pressure-outlet 7.
   277  6.1535e-01  1.0227e-04  1.0770e-04  1.0219e-04  3.2848e-03  9.5809e-03  2.1983e-03  0:03:16   23

 turbulent viscosity limited to viscosity ratio of 1.000000e+05 in 2059 cells 

 Reversed flow on 439 faces of pressure-outlet 7.
   278  6.1510e-01  1.0204e-04  1.0776e-04  1.0202e-04  3.2809e-03  9.4632e-03  2.1903e-03  0:03:05   22

 turbulent viscosity limited to viscosity ratio of 1.000000e+05 in 2051 cells 

 Reversed flow on 444 faces of pressure-outlet 7.
   279  6.1500e-01  1.0181e-04  1.0783e-04  1.0188e-04  3.2819e-03  1.0424e-02  2.1825e-03  0:02:55   21

 turbulent viscosity limited to viscosity ratio of 1.000000e+05 in 2027 cells 

 Reversed flow on 456 faces of pressure-outlet 7.
   280  6.1445e-01  1.0162e-04  1.0791e-04  1.0179e-04  3.2773e-03  9.9308e-03  2.1747e-03  0:02:49   20

 turbulent viscosity limited to viscosity ratio of 1.000000e+05 in 2017 cells 

 Reversed flow on 454 faces of pressure-outlet 7.
   281  6.1363e-01  1.0138e-04  1.0795e-04  1.0167e-04  3.2778e-03  1.2127e-02  2.1670e-03  0:02:39   19

 turbulent viscosity limited to viscosity ratio of 1.000000e+05 in 2011 cells 

 Reversed flow on 458 faces of pressure-outlet 7.
   282  6.1391e-01  1.0119e-04  1.0799e-04  1.0154e-04  3.2761e-03  1.0970e-02  2.1593e-03  0:02:29   18

 turbulent viscosity limited to viscosity ratio of 1.000000e+05 in 2000 cells 

 Reversed flow on 457 faces of pressure-outlet 7.
   283  6.1373e-01  1.0096e-04  1.0806e-04  1.0142e-04  3.2678e-03  9.8663e-03  2.1516e-03  0:02:20   17

 turbulent viscosity limited to viscosity ratio of 1.000000e+05 in 1989 cells 

 Reversed flow on 467 faces of pressure-outlet 7.
   284  6.1408e-01  1.0080e-04  1.0812e-04  1.0132e-04  3.2647e-03  1.0780e-02  2.1440e-03  0:02:14   16

 turbulent viscosity limited to viscosity ratio of 1.000000e+05 in 1978 cells 

 Reversed flow on 463 faces of pressure-outlet 7.
   285  6.1376e-01  1.0066e-04  1.0816e-04  1.0124e-04  3.2560e-03  9.5051e-03  2.1365e-03  0:02:05   15

 turbulent viscosity limited to viscosity ratio of 1.000000e+05 in 1970 cells 

 Reversed flow on 459 faces of pressure-outlet 7.

  iter  continuity  x-velocity  y-velocity  z-velocity           k     epsilon  vf-phase-2     time/iter
   286  6.1387e-01  1.0045e-04  1.0820e-04  1.0117e-04  3.2516e-03  9.5216e-03  2.1290e-03  0:01:56   14

 turbulent viscosity limited to viscosity ratio of 1.000000e+05 in 1960 cells 

 Reversed flow on 469 faces of pressure-outlet 7.
   287  6.1398e-01  1.0028e-04  1.0824e-04  1.0111e-04  3.2434e-03  8.9908e-03  2.1215e-03  0:01:49   13

 turbulent viscosity limited to viscosity ratio of 1.000000e+05 in 1945 cells 

 Reversed flow on 487 faces of pressure-outlet 7.
   288  6.1477e-01  1.0012e-04  1.0836e-04  1.0116e-04  3.2386e-03  9.3357e-03  2.1141e-03  0:01:40   12

 turbulent viscosity limited to viscosity ratio of 1.000000e+05 in 1930 cells 

 Reversed flow on 486 faces of pressure-outlet 7.
   289  6.1546e-01  9.9990e-05  1.0842e-04  1.0112e-04  3.2295e-03  8.7529e-03  2.1067e-03  0:01:31   11

 turbulent viscosity limited to viscosity ratio of 1.000000e+05 in 1917 cells 

 Reversed flow on 486 faces of pressure-outlet 7.
   290  6.1594e-01  9.9803e-05  1.0849e-04  1.0105e-04  3.2222e-03  8.7529e-03  2.0994e-03  0:01:22   10

 turbulent viscosity limited to viscosity ratio of 1.000000e+05 in 1906 cells 

 Reversed flow on 498 faces of pressure-outlet 7.
   291  6.1606e-01  9.9626e-05  1.0857e-04  1.0103e-04  3.2140e-03  8.5135e-03  2.0922e-03  0:01:15    9

 turbulent viscosity limited to viscosity ratio of 1.000000e+05 in 1900 cells 

 Reversed flow on 496 faces of pressure-outlet 7.
   292  6.1530e-01  9.9501e-05  1.0861e-04  1.0101e-04  3.2062e-03  8.4734e-03  2.0850e-03  0:01:06    8

 turbulent viscosity limited to viscosity ratio of 1.000000e+05 in 1888 cells 

 Reversed flow on 504 faces of pressure-outlet 7.
   293  6.1531e-01  9.9376e-05  1.0865e-04  1.0098e-04  3.1982e-03  8.5025e-03  2.0779e-03  0:00:58    7

 turbulent viscosity limited to viscosity ratio of 1.000000e+05 in 1882 cells 

 Reversed flow on 502 faces of pressure-outlet 7.
   294  6.1474e-01  9.9240e-05  1.0870e-04  1.0097e-04  3.1918e-03  8.4274e-03  2.0708e-03  0:00:50    6

 turbulent viscosity limited to viscosity ratio of 1.000000e+05 in 1875 cells 

 Reversed flow on 508 faces of pressure-outlet 7.
   295  6.1514e-01  9.9074e-05  1.0875e-04  1.0096e-04  3.1838e-03  8.4950e-03  2.0637e-03  0:00:42    5

 turbulent viscosity limited to viscosity ratio of 1.000000e+05 in 1865 cells 

 Reversed flow on 507 faces of pressure-outlet 7.
   296  6.1574e-01  9.8931e-05  1.0885e-04  1.0097e-04  3.1789e-03  8.2450e-03  2.0567e-03  0:00:33    4

 turbulent viscosity limited to viscosity ratio of 1.000000e+05 in 1854 cells 

 Reversed flow on 509 faces of pressure-outlet 7.

  iter  continuity  x-velocity  y-velocity  z-velocity           k     epsilon  vf-phase-2     time/iter
   297  6.1634e-01  9.8823e-05  1.0897e-04  1.0095e-04  3.1732e-03  8.4319e-03  2.0498e-03  0:00:25    3

 turbulent viscosity limited to viscosity ratio of 1.000000e+05 in 1846 cells 

 Reversed flow on 504 faces of pressure-outlet 7.
   298  6.1591e-01  9.8668e-05  1.0904e-04  1.0093e-04  3.1695e-03  8.3214e-03  2.0429e-03  0:00:17    2

 turbulent viscosity limited to viscosity ratio of 1.000000e+05 in 1832 cells 

 Reversed flow on 506 faces of pressure-outlet 7.
   299  6.1584e-01  9.8514e-05  1.0914e-04  1.0092e-04  3.1652e-03  7.9742e-03  2.0360e-03  0:00:08    1

 turbulent viscosity limited to viscosity ratio of 1.000000e+05 in 1824 cells 

 Reversed flow on 507 faces of pressure-outlet 7.
   300  6.1627e-01  9.8341e-05  1.0924e-04  1.0090e-04  3.1630e-03  8.2346e-03  2.0292e-03  0:00:00    0
iterate_300: RPC returned
progress: 300/1500

  iter  continuity  x-velocity  y-velocity  z-velocity           k     epsilon  vf-phase-2     time/iter
   300  6.1627e-01  9.8341e-05  1.0924e-04  1.0090e-04  3.1630e-03  8.2346e-03  2.0292e-03  0:03:30   25

 turbulent viscosity limited to viscosity ratio of 1.000000e+05 in 1814 cells 

 Reversed flow on 508 faces of pressure-outlet 7.
   301  6.1693e-01  9.8199e-05  1.0934e-04  1.0090e-04  3.1594e-03  7.8803e-03  2.0224e-03  0:03:25   24

 turbulent viscosity limited to viscosity ratio of 1.000000e+05 in 1805 cells 

 Reversed flow on 520 faces of pressure-outlet 7.
   302  6.1772e-01  9.8033e-05  1.0948e-04  1.0090e-04  3.1576e-03  7.7058e-03  2.0157e-03  0:03:14   23

 turbulent viscosity limited to viscosity ratio of 1.000000e+05 in 1798 cells 

 Reversed flow on 508 faces of pressure-outlet 7.
   303  6.1794e-01  9.7923e-05  1.0962e-04  1.0092e-04  3.1543e-03  7.5382e-03  2.0090e-03  0:03:03   22

 turbulent viscosity limited to viscosity ratio of 1.000000e+05 in 1787 cells 

 Reversed flow on 509 faces of pressure-outlet 7.
   304  6.1851e-01  9.7787e-05  1.0975e-04  1.0091e-04  3.1532e-03  7.6898e-03  2.0024e-03  0:02:58   21

 turbulent viscosity limited to viscosity ratio of 1.000000e+05 in 1779 cells 

 Reversed flow on 526 faces of pressure-outlet 7.
   305  6.2002e-01  9.7698e-05  1.0991e-04  1.0092e-04  3.1534e-03  7.4879e-03  1.9958e-03  0:02:47   20

 turbulent viscosity limited to viscosity ratio of 1.000000e+05 in 1771 cells 

 Reversed flow on 518 faces of pressure-outlet 7.
   306  6.2065e-01  9.7510e-05  1.1005e-04  1.0093e-04  3.1521e-03  7.4682e-03  1.9893e-03  0:02:38   19

 turbulent viscosity limited to viscosity ratio of 1.000000e+05 in 1761 cells 

 Reversed flow on 512 faces of pressure-outlet 7.
   307  6.2051e-01  9.7340e-05  1.1017e-04  1.0091e-04  3.1498e-03  7.5463e-03  1.9828e-03  0:02:28   18

 turbulent viscosity limited to viscosity ratio of 1.000000e+05 in 1749 cells 

 Reversed flow on 527 faces of pressure-outlet 7.
   308  6.2065e-01  9.7200e-05  1.1026e-04  1.0090e-04  3.1471e-03  7.4656e-03  1.9763e-03  0:02:23   17

 turbulent viscosity limited to viscosity ratio of 1.000000e+05 in 1745 cells 

 Reversed flow on 521 faces of pressure-outlet 7.
   309  6.2096e-01  9.7055e-05  1.1030e-04  1.0089e-04  3.1457e-03  7.5974e-03  1.9699e-03  0:02:13   16

 turbulent viscosity limited to viscosity ratio of 1.000000e+05 in 1744 cells 

 Reversed flow on 536 faces of pressure-outlet 7.
   310  6.2208e-01  9.6931e-05  1.1038e-04  1.0092e-04  3.1444e-03  7.5618e-03  1.9635e-03  0:02:04   15

 turbulent viscosity limited to viscosity ratio of 1.000000e+05 in 1734 cells 

 Reversed flow on 534 faces of pressure-outlet 7.

  iter  continuity  x-velocity  y-velocity  z-velocity           k     epsilon  vf-phase-2     time/iter
   311  6.2254e-01  9.6777e-05  1.1050e-04  1.0094e-04  3.1407e-03  7.1934e-03  1.9571e-03  0:01:58   14

 turbulent viscosity limited to viscosity ratio of 1.000000e+05 in 1721 cells 

 Reversed flow on 535 faces of pressure-outlet 7.
   312  6.2230e-01  9.6632e-05  1.1059e-04  1.0095e-04  3.1385e-03  7.1952e-03  1.9508e-03  0:01:48   13

 turbulent viscosity limited to viscosity ratio of 1.000000e+05 in 1712 cells 

 Reversed flow on 537 faces of pressure-outlet 7.
   313  6.2300e-01  9.6511e-05  1.1070e-04  1.0096e-04  3.1380e-03  7.1320e-03  1.9446e-03  0:01:39   12

 turbulent viscosity limited to viscosity ratio of 1.000000e+05 in 1700 cells 

 Reversed flow on 545 faces of pressure-outlet 7.
   314  6.2377e-01  9.6403e-05  1.1077e-04  1.0099e-04  3.1370e-03  7.0341e-03  1.9383e-03  0:01:32   11

 turbulent viscosity limited to viscosity ratio of 1.000000e+05 in 1692 cells 

 Reversed flow on 537 faces of pressure-outlet 7.
   315  6.2438e-01  9.6304e-05  1.1085e-04  1.0099e-04  3.1365e-03  7.1398e-03  1.9321e-03  0:01:23   10

 turbulent viscosity limited to viscosity ratio of 1.000000e+05 in 1682 cells 

 Reversed flow on 552 faces of pressure-outlet 7.
   316  6.2428e-01  9.6175e-05  1.1095e-04  1.0100e-04  3.1367e-03  7.1542e-03  1.9259e-03  0:01:14    9

 turbulent viscosity limited to viscosity ratio of 1.000000e+05 in 1676 cells 

 Reversed flow on 557 faces of pressure-outlet 7.
   317  6.2488e-01  9.6070e-05  1.1102e-04  1.0098e-04  3.1368e-03  7.2744e-03  1.9198e-03  0:01:06    8

 turbulent viscosity limited to viscosity ratio of 1.000000e+05 in 1671 cells 

 Reversed flow on 568 faces of pressure-outlet 7.
   318  6.2557e-01  9.5969e-05  1.1107e-04  1.0097e-04  3.1355e-03  7.1579e-03  1.9137e-03  0:00:59    7

 turbulent viscosity limited to viscosity ratio of 1.000000e+05 in 1664 cells 

 Reversed flow on 563 faces of pressure-outlet 7.
   319  6.2608e-01  9.5858e-05  1.1112e-04  1.0097e-04  3.1339e-03  7.2726e-03  1.9077e-03  0:00:50    6

 turbulent viscosity limited to viscosity ratio of 1.000000e+05 in 1658 cells 

 Reversed flow on 570 faces of pressure-outlet 7.
   320  6.2696e-01  9.5791e-05  1.1114e-04  1.0098e-04  3.1307e-03  7.0746e-03  1.9016e-03  0:00:41    5

 turbulent viscosity limited to viscosity ratio of 1.000000e+05 in 1654 cells 

 Reversed flow on 577 faces of pressure-outlet 7.
   321  6.2743e-01  9.5720e-05  1.1116e-04  1.0096e-04  3.1290e-03  7.1231e-03  1.8956e-03  0:00:34    4

 turbulent viscosity limited to viscosity ratio of 1.000000e+05 in 1646 cells 

 Reversed flow on 581 faces of pressure-outlet 7.

  iter  continuity  x-velocity  y-velocity  z-velocity           k     epsilon  vf-phase-2     time/iter
   322  6.2715e-01  9.5622e-05  1.1124e-04  1.0096e-04  3.1258e-03  7.0474e-03  1.8896e-03  0:00:25    3

 turbulent viscosity limited to viscosity ratio of 1.000000e+05 in 1642 cells 

 Reversed flow on 582 faces of pressure-outlet 7.
   323  6.2679e-01  9.5527e-05  1.1129e-04  1.0093e-04  3.1229e-03  7.0305e-03  1.8837e-03  0:00:16    2

 turbulent viscosity limited to viscosity ratio of 1.000000e+05 in 1637 cells 

 Reversed flow on 579 faces of pressure-outlet 7.
   324  6.2665e-01  9.5445e-05  1.1133e-04  1.0091e-04  3.1200e-03  6.9733e-03  1.8778e-03  0:00:08    1

 turbulent viscosity limited to viscosity ratio of 1.000000e+05 in 1628 cells 

 Reversed flow on 584 faces of pressure-outlet 7.
   325  6.2663e-01  9.5326e-05  1.1133e-04  1.0084e-04  3.1176e-03  6.9617e-03  1.8719e-03  0:00:00    0
iterate_325: RPC returned
progress: 325/1500

  iter  continuity  x-velocity  y-velocity  z-velocity           k     epsilon  vf-phase-2     time/iter
   325  6.2663e-01  9.5326e-05  1.1133e-04  1.0084e-04  3.1176e-03  6.9617e-03  1.8719e-03  0:03:29   25

 turbulent viscosity limited to viscosity ratio of 1.000000e+05 in 1617 cells 

 Reversed flow on 575 faces of pressure-outlet 7.
   326  6.2686e-01  9.5239e-05  1.1132e-04  1.0079e-04  3.1143e-03  6.8989e-03  1.8661e-03  0:03:24   24

 turbulent viscosity limited to viscosity ratio of 1.000000e+05 in 1615 cells 

 Reversed flow on 583 faces of pressure-outlet 7.
   327  6.2693e-01  9.5151e-05  1.1133e-04  1.0072e-04  3.1120e-03  6.9062e-03  1.8603e-03  0:03:13   23

 turbulent viscosity limited to viscosity ratio of 1.000000e+05 in 1612 cells 

 Reversed flow on 579 faces of pressure-outlet 7.
   328  6.2679e-01  9.5078e-05  1.1131e-04  1.0066e-04  3.1083e-03  6.7694e-03  1.8545e-03  0:03:03   22

 turbulent viscosity limited to viscosity ratio of 1.000000e+05 in 1604 cells 

 Reversed flow on 578 faces of pressure-outlet 7.
   329  6.2648e-01  9.5016e-05  1.1130e-04  1.0059e-04  3.1048e-03  6.7831e-03  1.8488e-03  0:02:57   21

 turbulent viscosity limited to viscosity ratio of 1.000000e+05 in 1601 cells 

 Reversed flow on 585 faces of pressure-outlet 7.
   330  6.2680e-01  9.4924e-05  1.1127e-04  1.0054e-04  3.1021e-03  6.7363e-03  1.8431e-03  0:02:47   20

 turbulent viscosity limited to viscosity ratio of 1.000000e+05 in 1597 cells 

 Reversed flow on 583 faces of pressure-outlet 7.
   331  6.2610e-01  9.4840e-05  1.1123e-04  1.0043e-04  3.0989e-03  6.7168e-03  1.8375e-03  0:02:37   19

 turbulent viscosity limited to viscosity ratio of 1.000000e+05 in 1586 cells 

 Reversed flow on 582 faces of pressure-outlet 7.
   332  6.2580e-01  9.4796e-05  1.1116e-04  1.0031e-04  3.0957e-03  6.7038e-03  1.8319e-03  0:02:32   18

 turbulent viscosity limited to viscosity ratio of 1.000000e+05 in 1582 cells 

 Reversed flow on 575 faces of pressure-outlet 7.
   333  6.2573e-01  9.4686e-05  1.1110e-04  1.0017e-04  3.0912e-03  6.7533e-03  1.8263e-03  0:02:22   17

 turbulent viscosity limited to viscosity ratio of 1.000000e+05 in 1571 cells 

 Reversed flow on 579 faces of pressure-outlet 7.
   334  6.2480e-01  9.4564e-05  1.1098e-04  1.0007e-04  3.0872e-03  6.7549e-03  1.8207e-03  0:02:16   16

 turbulent viscosity limited to viscosity ratio of 1.000000e+05 in 1565 cells 

 Reversed flow on 576 faces of pressure-outlet 7.
   335  6.2401e-01  9.4483e-05  1.1079e-04  9.9883e-05  3.0832e-03  6.7083e-03  1.8152e-03  0:02:06   15

 turbulent viscosity limited to viscosity ratio of 1.000000e+05 in 1553 cells 

 Reversed flow on 575 faces of pressure-outlet 7.

  iter  continuity  x-velocity  y-velocity  z-velocity           k     epsilon  vf-phase-2     time/iter
   336  6.2336e-01  9.4360e-05  1.1064e-04  9.9680e-05  3.0790e-03  6.7632e-03  1.8097e-03  0:01:56   14

 turbulent viscosity limited to viscosity ratio of 1.000000e+05 in 1547 cells 

 Reversed flow on 588 faces of pressure-outlet 7.
   337  6.2338e-01  9.4242e-05  1.1050e-04  9.9467e-05  3.0756e-03  6.9155e-03  1.8042e-03  0:01:50   13

 turbulent viscosity limited to viscosity ratio of 1.000000e+05 in 1538 cells 

 Reversed flow on 585 faces of pressure-outlet 7.
   338  6.2424e-01  9.4124e-05  1.1032e-04  9.9245e-05  3.0724e-03  6.8736e-03  1.7988e-03  0:01:40   12

 turbulent viscosity limited to viscosity ratio of 1.000000e+05 in 1527 cells 

 Reversed flow on 588 faces of pressure-outlet 7.
   339  6.2299e-01  9.3947e-05  1.1007e-04  9.9030e-05  3.0667e-03  6.6925e-03  1.7934e-03  0:01:31   11

 turbulent viscosity limited to viscosity ratio of 1.000000e+05 in 1519 cells 

 Reversed flow on 583 faces of pressure-outlet 7.
   340  6.2169e-01  9.3763e-05  1.0983e-04  9.8776e-05  3.0615e-03  6.6183e-03  1.7881e-03  0:01:24   10

 turbulent viscosity limited to viscosity ratio of 1.000000e+05 in 1508 cells 

 Reversed flow on 586 faces of pressure-outlet 7.
   341  6.2114e-01  9.3597e-05  1.0960e-04  9.8542e-05  3.0575e-03  6.6162e-03  1.7827e-03  0:01:15    9

 turbulent viscosity limited to viscosity ratio of 1.000000e+05 in 1500 cells 

 Reversed flow on 582 faces of pressure-outlet 7.
   342  6.2003e-01  9.3413e-05  1.0940e-04  9.8322e-05  3.0540e-03  6.6378e-03  1.7774e-03  0:01:06    8

 turbulent viscosity limited to viscosity ratio of 1.000000e+05 in 1500 cells 

 Reversed flow on 581 faces of pressure-outlet 7.
   343  6.1873e-01  9.3228e-05  1.0914e-04  9.8061e-05  3.0502e-03  6.5895e-03  1.7722e-03  0:00:58    7

 turbulent viscosity limited to viscosity ratio of 1.000000e+05 in 1494 cells 

 Reversed flow on 579 faces of pressure-outlet 7.
   344  6.1810e-01  9.3062e-05  1.0890e-04  9.7788e-05  3.0464e-03  6.5764e-03  1.7669e-03  0:00:50    6

 turbulent viscosity limited to viscosity ratio of 1.000000e+05 in 1489 cells 

 Reversed flow on 574 faces of pressure-outlet 7.
   345  6.1707e-01  9.2873e-05  1.0860e-04  9.7523e-05  3.0424e-03  6.5646e-03  1.7617e-03  0:00:42    5

 turbulent viscosity limited to viscosity ratio of 1.000000e+05 in 1484 cells 

 Reversed flow on 585 faces of pressure-outlet 7.
   346  6.1620e-01  9.2662e-05  1.0834e-04  9.7275e-05  3.0394e-03  6.6979e-03  1.7566e-03  0:00:34    4

 turbulent viscosity limited to viscosity ratio of 1.000000e+05 in 1482 cells 

 Reversed flow on 588 faces of pressure-outlet 7.

  iter  continuity  x-velocity  y-velocity  z-velocity           k     epsilon  vf-phase-2     time/iter
   347  6.1577e-01  9.2478e-05  1.0806e-04  9.7000e-05  3.0359e-03  6.7110e-03  1.7515e-03  0:00:25    3

 turbulent viscosity limited to viscosity ratio of 1.000000e+05 in 1479 cells 

 Reversed flow on 586 faces of pressure-outlet 7.
   348  6.1557e-01  9.2320e-05  1.0774e-04  9.6734e-05  3.0319e-03  6.7519e-03  1.7464e-03  0:00:17    2

 turbulent viscosity limited to viscosity ratio of 1.000000e+05 in 1473 cells 

 Reversed flow on 586 faces of pressure-outlet 7.
   349  6.1446e-01  9.2083e-05  1.0748e-04  9.6476e-05  3.0272e-03  6.6333e-03  1.7414e-03  0:00:08    1
iterate_350: RPC returned

 turbulent viscosity limited to viscosity ratio of 1.000000e+05 in 1469 cells 

 Reversed flow on 583 faces of pressure-outlet 7.
   350  6.1338e-01  9.1855e-05  1.0721e-04  9.6191e-05  3.0233e-03  6.5811e-03  1.7365e-03  0:00:00    0
progress: 350/1500

  iter  continuity  x-velocity  y-velocity  z-velocity           k     epsilon  vf-phase-2     time/iter
   350  6.1338e-01  9.1855e-05  1.0721e-04  9.6191e-05  3.0233e-03  6.5811e-03  1.7365e-03  0:03:27   25

 turbulent viscosity limited to viscosity ratio of 1.000000e+05 in 1463 cells 

 Reversed flow on 578 faces of pressure-outlet 7.
   351  6.1248e-01  9.1649e-05  1.0689e-04  9.5900e-05  3.0183e-03  6.4857e-03  1.7316e-03  0:03:22   24

 turbulent viscosity limited to viscosity ratio of 1.000000e+05 in 1458 cells 

 Reversed flow on 590 faces of pressure-outlet 7.
   352  6.1238e-01  9.1445e-05  1.0658e-04  9.5668e-05  3.0146e-03  6.3833e-03  1.7267e-03  0:03:12   23

 turbulent viscosity limited to viscosity ratio of 1.000000e+05 in 1450 cells 

 Reversed flow on 591 faces of pressure-outlet 7.
   353  6.1123e-01  9.1260e-05  1.0629e-04  9.5431e-05  3.0102e-03  6.3626e-03  1.7220e-03  0:03:02   22

 turbulent viscosity limited to viscosity ratio of 1.000000e+05 in 1440 cells 

 Reversed flow on 588 faces of pressure-outlet 7.
   354  6.0921e-01  9.1094e-05  1.0596e-04  9.5187e-05  3.0068e-03  6.4777e-03  1.7172e-03  0:02:57   21

 turbulent viscosity limited to viscosity ratio of 1.000000e+05 in 1434 cells 

 Reversed flow on 589 faces of pressure-outlet 7.
   355  6.0826e-01  9.0928e-05  1.0559e-04  9.4952e-05  3.0025e-03  6.4902e-03  1.7125e-03  0:02:51   20

 turbulent viscosity limited to viscosity ratio of 1.000000e+05 in 1429 cells 

 Reversed flow on 591 faces of pressure-outlet 7.
   356  6.0648e-01  9.0776e-05  1.0522e-04  9.4702e-05  2.9975e-03  6.5089e-03  1.7080e-03  0:02:40   19

 turbulent viscosity limited to viscosity ratio of 1.000000e+05 in 1427 cells 

 Reversed flow on 586 faces of pressure-outlet 7.
   357  6.0521e-01  9.0589e-05  1.0483e-04  9.4455e-05  2.9923e-03  6.4382e-03  1.7034e-03  0:02:34   18

 turbulent viscosity limited to viscosity ratio of 1.000000e+05 in 1425 cells 

 Reversed flow on 592 faces of pressure-outlet 7.
   358  6.0427e-01  9.0413e-05  1.0452e-04  9.4178e-05  2.9871e-03  6.4936e-03  1.6989e-03  0:02:23   17

 turbulent viscosity limited to viscosity ratio of 1.000000e+05 in 1417 cells 

 Reversed flow on 589 faces of pressure-outlet 7.
   359  6.0240e-01  9.0207e-05  1.0415e-04  9.3931e-05  2.9793e-03  6.5607e-03  1.6945e-03  0:02:14   16

 turbulent viscosity limited to viscosity ratio of 1.000000e+05 in 1416 cells 

 Reversed flow on 595 faces of pressure-outlet 7.
   360  6.0155e-01  9.0030e-05  1.0379e-04  9.3688e-05  2.9730e-03  6.6160e-03  1.6901e-03  0:02:07   15

 turbulent viscosity limited to viscosity ratio of 1.000000e+05 in 1415 cells 

 Reversed flow on 594 faces of pressure-outlet 7.

  iter  continuity  x-velocity  y-velocity  z-velocity           k     epsilon  vf-phase-2     time/iter
   361  6.0164e-01  8.9867e-05  1.0343e-04  9.3419e-05  2.9675e-03  6.8649e-03  1.6858e-03  0:02:00   14

 turbulent viscosity limited to viscosity ratio of 1.000000e+05 in 1415 cells 

 Reversed flow on 593 faces of pressure-outlet 7.
   362  6.0045e-01  8.9668e-05  1.0308e-04  9.3162e-05  2.9593e-03  6.7169e-03  1.6814e-03  0:01:50   13

 turbulent viscosity limited to viscosity ratio of 1.000000e+05 in 1410 cells 

 Reversed flow on 597 faces of pressure-outlet 7.
   363  5.9810e-01  8.9467e-05  1.0266e-04  9.2868e-05  2.9491e-03  6.6793e-03  1.6771e-03  0:01:43   12

 turbulent viscosity limited to viscosity ratio of 1.000000e+05 in 1407 cells 

 Reversed flow on 602 faces of pressure-outlet 7.
   364  5.9608e-01  8.9265e-05  1.0230e-04  9.2577e-05  2.9401e-03  6.6844e-03  1.6728e-03  0:01:35   11

 turbulent viscosity limited to viscosity ratio of 1.000000e+05 in 1404 cells 

 Reversed flow on 599 faces of pressure-outlet 7.
   365  5.9415e-01  8.9059e-05  1.0197e-04  9.2290e-05  2.9303e-03  6.6583e-03  1.6686e-03  0:01:27   10

 turbulent viscosity limited to viscosity ratio of 1.000000e+05 in 1402 cells 

 Reversed flow on 599 faces of pressure-outlet 7.
   366  5.9262e-01  8.8879e-05  1.0160e-04  9.1987e-05  2.9185e-03  6.6826e-03  1.6644e-03  0:01:19    9

 turbulent viscosity limited to viscosity ratio of 1.000000e+05 in 1396 cells 

 Reversed flow on 616 faces of pressure-outlet 7.
   367  5.9107e-01  8.8707e-05  1.0126e-04  9.1724e-05  2.9078e-03  6.7475e-03  1.6602e-03  0:01:09    8

 turbulent viscosity limited to viscosity ratio of 1.000000e+05 in 1391 cells 

 Reversed flow on 608 faces of pressure-outlet 7.
   368  5.9035e-01  8.8540e-05  1.0094e-04  9.1410e-05  2.8948e-03  6.5608e-03  1.6561e-03  0:01:00    7

 turbulent viscosity limited to viscosity ratio of 1.000000e+05 in 1389 cells 

 Reversed flow on 612 faces of pressure-outlet 7.
   369  5.8890e-01  8.8316e-05  1.0059e-04  9.1078e-05  2.8835e-03  6.7925e-03  1.6519e-03  0:00:52    6

 turbulent viscosity limited to viscosity ratio of 1.000000e+05 in 1383 cells 

 Reversed flow on 610 faces of pressure-outlet 7.
   370  5.8770e-01  8.8142e-05  1.0019e-04  9.0762e-05  2.8724e-03  6.7641e-03  1.6479e-03  0:00:42    5

 turbulent viscosity limited to viscosity ratio of 1.000000e+05 in 1382 cells 

 Reversed flow on 616 faces of pressure-outlet 7.
   371  5.8693e-01  8.7925e-05  9.9806e-05  9.0436e-05  2.8602e-03  6.6541e-03  1.6439e-03  0:00:34    4

 turbulent viscosity limited to viscosity ratio of 1.000000e+05 in 1378 cells 

 Reversed flow on 616 faces of pressure-outlet 7.

  iter  continuity  x-velocity  y-velocity  z-velocity           k     epsilon  vf-phase-2     time/iter
   372  5.8589e-01  8.7751e-05  9.9487e-05  9.0109e-05  2.8501e-03  6.7728e-03  1.6401e-03  0:00:26    3

 turbulent viscosity limited to viscosity ratio of 1.000000e+05 in 1372 cells 

 Reversed flow on 622 faces of pressure-outlet 7.
   373  5.8471e-01  8.7552e-05  9.9158e-05  8.9804e-05  2.8394e-03  6.5857e-03  1.6363e-03  0:00:17    2

 turbulent viscosity limited to viscosity ratio of 1.000000e+05 in 1366 cells 

 Reversed flow on 617 faces of pressure-outlet 7.
   374  5.8353e-01  8.7361e-05  9.8792e-05  8.9495e-05  2.8287e-03  6.6151e-03  1.6326e-03  0:00:08    1

 turbulent viscosity limited to viscosity ratio of 1.000000e+05 in 1360 cells 

 Reversed flow on 622 faces of pressure-outlet 7.
   375  5.8192e-01  8.7171e-05  9.8454e-05  8.9165e-05  2.8176e-03  6.6014e-03  1.6289e-03  0:00:00    0
iterate_375: RPC returned
progress: 375/1500

  iter  continuity  x-velocity  y-velocity  z-velocity           k     epsilon  vf-phase-2     time/iter
   375  5.8192e-01  8.7171e-05  9.8454e-05  8.9165e-05  2.8176e-03  6.6014e-03  1.6289e-03  0:03:26   25

 turbulent viscosity limited to viscosity ratio of 1.000000e+05 in 1354 cells 

 Reversed flow on 631 faces of pressure-outlet 7.
   376  5.8029e-01  8.6991e-05  9.8110e-05  8.8865e-05  2.8061e-03  6.4908e-03  1.6253e-03  0:03:22   24

 turbulent viscosity limited to viscosity ratio of 1.000000e+05 in 1352 cells 

 Reversed flow on 625 faces of pressure-outlet 7.
   377  5.7937e-01  8.6804e-05  9.7760e-05  8.8510e-05  2.7936e-03  6.4462e-03  1.6219e-03  0:03:12   23

 turbulent viscosity limited to viscosity ratio of 1.000000e+05 in 1350 cells 

 Reversed flow on 627 faces of pressure-outlet 7.
   378  5.7821e-01  8.6627e-05  9.7467e-05  8.8168e-05  2.7815e-03  6.4705e-03  1.6185e-03  0:03:02   22

 turbulent viscosity limited to viscosity ratio of 1.000000e+05 in 1349 cells 

 Reversed flow on 626 faces of pressure-outlet 7.
   379  5.7750e-01  8.6433e-05  9.7156e-05  8.7835e-05  2.7708e-03  6.4257e-03  1.6152e-03  0:02:57   21

 turbulent viscosity limited to viscosity ratio of 1.000000e+05 in 1346 cells 

 Reversed flow on 629 faces of pressure-outlet 7.
   380  5.7635e-01  8.6258e-05  9.6842e-05  8.7558e-05  2.7588e-03  6.2421e-03  1.6120e-03  0:02:47   20

 turbulent viscosity limited to viscosity ratio of 1.000000e+05 in 1342 cells 

 Reversed flow on 626 faces of pressure-outlet 7.
   381  5.7562e-01  8.6090e-05  9.6546e-05  8.7265e-05  2.7485e-03  6.3240e-03  1.6088e-03  0:02:37   19

 turbulent viscosity limited to viscosity ratio of 1.000000e+05 in 1336 cells 

 Reversed flow on 631 faces of pressure-outlet 7.
   382  5.7433e-01  8.5950e-05  9.6240e-05  8.6983e-05  2.7394e-03  6.3441e-03  1.6056e-03  0:02:31   18

 turbulent viscosity limited to viscosity ratio of 1.000000e+05 in 1331 cells 

 Reversed flow on 633 faces of pressure-outlet 7.
   383  5.7432e-01  8.5788e-05  9.5909e-05  8.6734e-05  2.7305e-03  6.4304e-03  1.6026e-03  0:02:22   17

 turbulent viscosity limited to viscosity ratio of 1.000000e+05 in 1326 cells 

 Reversed flow on 631 faces of pressure-outlet 7.
   384  5.7187e-01  8.5634e-05  9.5622e-05  8.6499e-05  2.7218e-03  6.4686e-03  1.5995e-03  0:02:12   16

 turbulent viscosity limited to viscosity ratio of 1.000000e+05 in 1321 cells 

 Reversed flow on 636 faces of pressure-outlet 7.
   385  5.7061e-01  8.5458e-05  9.5324e-05  8.6246e-05  2.7137e-03  6.4640e-03  1.5966e-03  0:02:06   15

 turbulent viscosity limited to viscosity ratio of 1.000000e+05 in 1319 cells 

 Reversed flow on 629 faces of pressure-outlet 7.

  iter  continuity  x-velocity  y-velocity  z-velocity           k     epsilon  vf-phase-2     time/iter
   386  5.7014e-01  8.5318e-05  9.5017e-05  8.6020e-05  2.7054e-03  6.2998e-03  1.5937e-03  0:01:57   14

 turbulent viscosity limited to viscosity ratio of 1.000000e+05 in 1316 cells 

 Reversed flow on 639 faces of pressure-outlet 7.
   387  5.6945e-01  8.5186e-05  9.4729e-05  8.5779e-05  2.6964e-03  6.1882e-03  1.5908e-03  0:01:47   13

 turbulent viscosity limited to viscosity ratio of 1.000000e+05 in 1316 cells 

 Reversed flow on 620 faces of pressure-outlet 7.
   388  5.6818e-01  8.5066e-05  9.4435e-05  8.5556e-05  2.6900e-03  6.2435e-03  1.5879e-03  0:01:41   12

 turbulent viscosity limited to viscosity ratio of 1.000000e+05 in 1313 cells 

 Reversed flow on 618 faces of pressure-outlet 7.
   389  5.6676e-01  8.4957e-05  9.4169e-05  8.5343e-05  2.6836e-03  6.2013e-03  1.5851e-03  0:01:32   11

 turbulent viscosity limited to viscosity ratio of 1.000000e+05 in 1310 cells 

 Reversed flow on 628 faces of pressure-outlet 7.
   390  5.6577e-01  8.4869e-05  9.3854e-05  8.5145e-05  2.6770e-03  6.1628e-03  1.5824e-03  0:01:23   10

 turbulent viscosity limited to viscosity ratio of 1.000000e+05 in 1307 cells 

 Reversed flow on 631 faces of pressure-outlet 7.
   391  5.6537e-01  8.4781e-05  9.3596e-05  8.4942e-05  2.6731e-03  6.3975e-03  1.5796e-03  0:01:14    9

 turbulent viscosity limited to viscosity ratio of 1.000000e+05 in 1307 cells 

 Reversed flow on 624 faces of pressure-outlet 7.
   392  5.6562e-01  8.4687e-05  9.3361e-05  8.4782e-05  2.6666e-03  6.3025e-03  1.5770e-03  0:01:07    8

 turbulent viscosity limited to viscosity ratio of 1.000000e+05 in 1308 cells 

 Reversed flow on 627 faces of pressure-outlet 7.
   393  5.6532e-01  8.4612e-05  9.3136e-05  8.4611e-05  2.6597e-03  6.2258e-03  1.5744e-03  0:00:58    7

 turbulent viscosity limited to viscosity ratio of 1.000000e+05 in 1303 cells 

 Reversed flow on 632 faces of pressure-outlet 7.
   394  5.6428e-01  8.4562e-05  9.2889e-05  8.4437e-05  2.6547e-03  6.2676e-03  1.5717e-03  0:00:49    6

 turbulent viscosity limited to viscosity ratio of 1.000000e+05 in 1304 cells 

 Reversed flow on 636 faces of pressure-outlet 7.
   395  5.6355e-01  8.4474e-05  9.2664e-05  8.4269e-05  2.6483e-03  6.1682e-03  1.5692e-03  0:00:42    5

 turbulent viscosity limited to viscosity ratio of 1.000000e+05 in 1302 cells 

 Reversed flow on 625 faces of pressure-outlet 7.
   396  5.6327e-01  8.4410e-05  9.2444e-05  8.4088e-05  2.6418e-03  5.9990e-03  1.5667e-03  0:00:33    4

 turbulent viscosity limited to viscosity ratio of 1.000000e+05 in 1300 cells 

 Reversed flow on 618 faces of pressure-outlet 7.

  iter  continuity  x-velocity  y-velocity  z-velocity           k     epsilon  vf-phase-2     time/iter
   397  5.6276e-01  8.4308e-05  9.2252e-05  8.3893e-05  2.6368e-03  6.0524e-03  1.5643e-03  0:00:25    3

 turbulent viscosity limited to viscosity ratio of 1.000000e+05 in 1298 cells 

 Reversed flow on 623 faces of pressure-outlet 7.
   398  5.6198e-01  8.4230e-05  9.2055e-05  8.3724e-05  2.6301e-03  5.9661e-03  1.5620e-03  0:00:17    2

 turbulent viscosity limited to viscosity ratio of 1.000000e+05 in 1295 cells 

 Reversed flow on 623 faces of pressure-outlet 7.
   399  5.6133e-01  8.4153e-05  9.1871e-05  8.3565e-05  2.6232e-03  5.8503e-03  1.5597e-03  0:00:08    1

 turbulent viscosity limited to viscosity ratio of 1.000000e+05 in 1294 cells 

 Reversed flow on 615 faces of pressure-outlet 7.
   400  5.6119e-01  8.4031e-05  9.1706e-05  8.3386e-05  2.6166e-03  5.8860e-03  1.5574e-03  0:00:00    0
iterate_400: RPC returned
progress: 400/1500

  iter  continuity  x-velocity  y-velocity  z-velocity           k     epsilon  vf-phase-2     time/iter
   400  5.6119e-01  8.4031e-05  9.1706e-05  8.3386e-05  2.6166e-03  5.8860e-03  1.5574e-03  0:03:26   25

 turbulent viscosity limited to viscosity ratio of 1.000000e+05 in 1294 cells 

 Reversed flow on 623 faces of pressure-outlet 7.
   401  5.6041e-01  8.3959e-05  9.1559e-05  8.3226e-05  2.6097e-03  5.8175e-03  1.5552e-03  0:03:22   24

 turbulent viscosity limited to viscosity ratio of 1.000000e+05 in 1290 cells 

 Reversed flow on 618 faces of pressure-outlet 7.
   402  5.5992e-01  8.3846e-05  9.1377e-05  8.3039e-05  2.6017e-03  5.9433e-03  1.5531e-03  0:03:16   23

 turbulent viscosity limited to viscosity ratio of 1.000000e+05 in 1289 cells 

 Reversed flow on 623 faces of pressure-outlet 7.
   403  5.5945e-01  8.3746e-05  9.1229e-05  8.2850e-05  2.5931e-03  5.7472e-03  1.5510e-03  0:03:05   22

 turbulent viscosity limited to viscosity ratio of 1.000000e+05 in 1283 cells 

 Reversed flow on 609 faces of pressure-outlet 7.
   404  5.5949e-01  8.3611e-05  9.1118e-05  8.2657e-05  2.5860e-03  5.8520e-03  1.5489e-03  0:02:55   21

 turbulent viscosity limited to viscosity ratio of 1.000000e+05 in 1279 cells 

 Reversed flow on 614 faces of pressure-outlet 7.
   405  5.5857e-01  8.3507e-05  9.1011e-05  8.2519e-05  2.5789e-03  5.7261e-03  1.5470e-03  0:02:49   20

 turbulent viscosity limited to viscosity ratio of 1.000000e+05 in 1273 cells 

 Reversed flow on 610 faces of pressure-outlet 7.
   406  5.5867e-01  8.3404e-05  9.0898e-05  8.2351e-05  2.5714e-03  5.6826e-03  1.5450e-03  0:02:39   19

 turbulent viscosity limited to viscosity ratio of 1.000000e+05 in 1271 cells 

 Reversed flow on 612 faces of pressure-outlet 7.
   407  5.5779e-01  8.3276e-05  9.0799e-05  8.2192e-05  2.5643e-03  5.6097e-03  1.5430e-03  0:02:29   18

 turbulent viscosity limited to viscosity ratio of 1.000000e+05 in 1269 cells 

 Reversed flow on 597 faces of pressure-outlet 7.
   408  5.5706e-01  8.3157e-05  9.0705e-05  8.2032e-05  2.5571e-03  5.6197e-03  1.5411e-03  0:02:23   17

 turbulent viscosity limited to viscosity ratio of 1.000000e+05 in 1265 cells 

 Reversed flow on 610 faces of pressure-outlet 7.
   409  5.5666e-01  8.3070e-05  9.0614e-05  8.1882e-05  2.5517e-03  5.6825e-03  1.5392e-03  0:02:14   16

 turbulent viscosity limited to viscosity ratio of 1.000000e+05 in 1259 cells 

 Reversed flow on 616 faces of pressure-outlet 7.
   410  5.5559e-01  8.2976e-05  9.0501e-05  8.1716e-05  2.5456e-03  5.5189e-03  1.5374e-03  0:02:04   15

 turbulent viscosity limited to viscosity ratio of 1.000000e+05 in 1255 cells 

 Reversed flow on 615 faces of pressure-outlet 7.

  iter  continuity  x-velocity  y-velocity  z-velocity           k     epsilon  vf-phase-2     time/iter
   411  5.5412e-01  8.2888e-05  9.0399e-05  8.1562e-05  2.5409e-03  5.7484e-03  1.5356e-03  0:01:58   14

 turbulent viscosity limited to viscosity ratio of 1.000000e+05 in 1254 cells 

 Reversed flow on 610 faces of pressure-outlet 7.
   412  5.5291e-01  8.2801e-05  9.0343e-05  8.1448e-05  2.5351e-03  5.5563e-03  1.5338e-03  0:01:48   13

 turbulent viscosity limited to viscosity ratio of 1.000000e+05 in 1253 cells 

 Reversed flow on 609 faces of pressure-outlet 7.
   413  5.5168e-01  8.2722e-05  9.0300e-05  8.1318e-05  2.5298e-03  5.5840e-03  1.5320e-03  0:01:39   12

 turbulent viscosity limited to viscosity ratio of 1.000000e+05 in 1252 cells 

 Reversed flow on 613 faces of pressure-outlet 7.
   414  5.5080e-01  8.2663e-05  9.0237e-05  8.1196e-05  2.5251e-03  5.5300e-03  1.5303e-03  0:01:30   11

 turbulent viscosity limited to viscosity ratio of 1.000000e+05 in 1248 cells 

 Reversed flow on 608 faces of pressure-outlet 7.
   415  5.4984e-01  8.2604e-05  9.0187e-05  8.1048e-05  2.5211e-03  5.5629e-03  1.5286e-03  0:01:24   10

 turbulent viscosity limited to viscosity ratio of 1.000000e+05 in 1246 cells 

 Reversed flow on 617 faces of pressure-outlet 7.
   416  5.4919e-01  8.2528e-05  9.0162e-05  8.0955e-05  2.5179e-03  5.6158e-03  1.5268e-03  0:01:15    9

 turbulent viscosity limited to viscosity ratio of 1.000000e+05 in 1239 cells 

 Reversed flow on 618 faces of pressure-outlet 7.
   417  5.4805e-01  8.2492e-05  9.0124e-05  8.0869e-05  2.5128e-03  5.5451e-03  1.5250e-03  0:01:06    8

 turbulent viscosity limited to viscosity ratio of 1.000000e+05 in 1235 cells 

 Reversed flow on 616 faces of pressure-outlet 7.
   418  5.4711e-01  8.2422e-05  9.0079e-05  8.0731e-05  2.5085e-03  5.5327e-03  1.5233e-03  0:00:59    7

 turbulent viscosity limited to viscosity ratio of 1.000000e+05 in 1234 cells 

 Reversed flow on 609 faces of pressure-outlet 7.
   419  5.4557e-01  8.2342e-05  8.9988e-05  8.0647e-05  2.5059e-03  5.7504e-03  1.5215e-03  0:00:50    6

 turbulent viscosity limited to viscosity ratio of 1.000000e+05 in 1234 cells 

 Reversed flow on 615 faces of pressure-outlet 7.
   420  5.4418e-01  8.2279e-05  8.9972e-05  8.0534e-05  2.5021e-03  5.6525e-03  1.5198e-03  0:00:41    5

 turbulent viscosity limited to viscosity ratio of 1.000000e+05 in 1232 cells 

 Reversed flow on 612 faces of pressure-outlet 7.
   421  5.4286e-01  8.2215e-05  8.9921e-05  8.0417e-05  2.4982e-03  5.5606e-03  1.5181e-03  0:00:33    4

 turbulent viscosity limited to viscosity ratio of 1.000000e+05 in 1227 cells 

 Reversed flow on 619 faces of pressure-outlet 7.

  iter  continuity  x-velocity  y-velocity  z-velocity           k     epsilon  vf-phase-2     time/iter
   422  5.4205e-01  8.2172e-05  8.9866e-05  8.0313e-05  2.4956e-03  5.5957e-03  1.5163e-03  0:00:25    3

 turbulent viscosity limited to viscosity ratio of 1.000000e+05 in 1224 cells 

 Reversed flow on 618 faces of pressure-outlet 7.
   423  5.4158e-01  8.2165e-05  8.9813e-05  8.0234e-05  2.4928e-03  5.5280e-03  1.5146e-03  0:00:17    2

 turbulent viscosity limited to viscosity ratio of 1.000000e+05 in 1221 cells 

 Reversed flow on 621 faces of pressure-outlet 7.
   424  5.4079e-01  8.2135e-05  8.9767e-05  8.0137e-05  2.4916e-03  5.6151e-03  1.5128e-03  0:00:08    1

 turbulent viscosity limited to viscosity ratio of 1.000000e+05 in 1218 cells 

 Reversed flow on 616 faces of pressure-outlet 7.
   425  5.4032e-01  8.2085e-05  8.9719e-05  8.0053e-05  2.4891e-03  5.5212e-03  1.5110e-03  0:00:00    0
iterate_425: RPC returned
progress: 425/1500

  iter  continuity  x-velocity  y-velocity  z-velocity           k     epsilon  vf-phase-2     time/iter
   425  5.4032e-01  8.2085e-05  8.9719e-05  8.0053e-05  2.4891e-03  5.5212e-03  1.5110e-03  0:03:30   25

 turbulent viscosity limited to viscosity ratio of 1.000000e+05 in 1213 cells 

 Reversed flow on 619 faces of pressure-outlet 7.
   426  5.4029e-01  8.2056e-05  8.9652e-05  7.9958e-05  2.4874e-03  5.5687e-03  1.5092e-03  0:03:24   24

 turbulent viscosity limited to viscosity ratio of 1.000000e+05 in 1209 cells 

 Reversed flow on 621 faces of pressure-outlet 7.
   427  5.4008e-01  8.2072e-05  8.9625e-05  7.9889e-05  2.4863e-03  5.6676e-03  1.5073e-03  0:03:13   23

 turbulent viscosity limited to viscosity ratio of 1.000000e+05 in 1206 cells 

 Reversed flow on 627 faces of pressure-outlet 7.
   428  5.3995e-01  8.2076e-05  8.9562e-05  7.9808e-05  2.4860e-03  5.6776e-03  1.5055e-03  0:03:03   22

 turbulent viscosity limited to viscosity ratio of 1.000000e+05 in 1205 cells 

 Reversed flow on 622 faces of pressure-outlet 7.
   429  5.3924e-01  8.2077e-05  8.9464e-05  7.9767e-05  2.4848e-03  5.5935e-03  1.5037e-03  0:02:58   21

 turbulent viscosity limited to viscosity ratio of 1.000000e+05 in 1200 cells 

 Reversed flow on 623 faces of pressure-outlet 7.
   430  5.3883e-01  8.2117e-05  8.9403e-05  7.9679e-05  2.4858e-03  5.6325e-03  1.5018e-03  0:02:47   20

 turbulent viscosity limited to viscosity ratio of 1.000000e+05 in 1196 cells 

 Reversed flow on 627 faces of pressure-outlet 7.
   431  5.3845e-01  8.2121e-05  8.9347e-05  7.9594e-05  2.4856e-03  5.4705e-03  1.5000e-03  0:02:41   19

 turbulent viscosity limited to viscosity ratio of 1.000000e+05 in 1194 cells 

 Reversed flow on 625 faces of pressure-outlet 7.
   432  5.3887e-01  8.2142e-05  8.9292e-05  7.9532e-05  2.4873e-03  5.5556e-03  1.4981e-03  0:02:31   18

 turbulent viscosity limited to viscosity ratio of 1.000000e+05 in 1192 cells 

 Reversed flow on 624 faces of pressure-outlet 7.
   433  5.3880e-01  8.2173e-05  8.9244e-05  7.9467e-05  2.4878e-03  5.5572e-03  1.4963e-03  0:02:21   17

 turbulent viscosity limited to viscosity ratio of 1.000000e+05 in 1190 cells 

 Reversed flow on 610 faces of pressure-outlet 7.
   434  5.3808e-01  8.2188e-05  8.9207e-05  7.9396e-05  2.4891e-03  5.7770e-03  1.4944e-03  0:02:12   16

 turbulent viscosity limited to viscosity ratio of 1.000000e+05 in 1188 cells 

 Reversed flow on 622 faces of pressure-outlet 7.
   435  5.3805e-01  8.2214e-05  8.9159e-05  7.9337e-05  2.4889e-03  5.7629e-03  1.4926e-03  0:02:06   15

 turbulent viscosity limited to viscosity ratio of 1.000000e+05 in 1187 cells 

 Reversed flow on 622 faces of pressure-outlet 7.

  iter  continuity  x-velocity  y-velocity  z-velocity           k     epsilon  vf-phase-2     time/iter
   436  5.3860e-01  8.2279e-05  8.9128e-05  7.9265e-05  2.4914e-03  5.9576e-03  1.4906e-03  0:01:57   14

 turbulent viscosity limited to viscosity ratio of 1.000000e+05 in 1186 cells 

 Reversed flow on 628 faces of pressure-outlet 7.
   437  5.3875e-01  8.2342e-05  8.9104e-05  7.9209e-05  2.4912e-03  5.8487e-03  1.4887e-03  0:01:47   13

 turbulent viscosity limited to viscosity ratio of 1.000000e+05 in 1186 cells 

 Reversed flow on 634 faces of pressure-outlet 7.
   438  5.3908e-01  8.2389e-05  8.9118e-05  7.9100e-05  2.4914e-03  5.6608e-03  1.4868e-03  0:01:38   12

 turbulent viscosity limited to viscosity ratio of 1.000000e+05 in 1185 cells 

 Reversed flow on 633 faces of pressure-outlet 7.
   439  5.3873e-01  8.2404e-05  8.9143e-05  7.9015e-05  2.4925e-03  5.6742e-03  1.4848e-03  0:01:32   11

 turbulent viscosity limited to viscosity ratio of 1.000000e+05 in 1185 cells 

 Reversed flow on 629 faces of pressure-outlet 7.
   440  5.3826e-01  8.2406e-05  8.9188e-05  7.8938e-05  2.4950e-03  5.6727e-03  1.4829e-03  0:01:23   10

 turbulent viscosity limited to viscosity ratio of 1.000000e+05 in 1182 cells 

 Reversed flow on 620 faces of pressure-outlet 7.
   441  5.3829e-01  8.2409e-05  8.9250e-05  7.8840e-05  2.4967e-03  5.6388e-03  1.4810e-03  0:01:14    9

 turbulent viscosity limited to viscosity ratio of 1.000000e+05 in 1180 cells 

 Reversed flow on 639 faces of pressure-outlet 7.
   442  5.3768e-01  8.2409e-05  8.9321e-05  7.8740e-05  2.5002e-03  5.8251e-03  1.4792e-03  0:01:07    8

 turbulent viscosity limited to viscosity ratio of 1.000000e+05 in 1178 cells 

 Reversed flow on 638 faces of pressure-outlet 7.
   443  5.3723e-01  8.2410e-05  8.9394e-05  7.8659e-05  2.5026e-03  5.7940e-03  1.4773e-03  0:00:58    7

 turbulent viscosity limited to viscosity ratio of 1.000000e+05 in 1177 cells 

 Reversed flow on 632 faces of pressure-outlet 7.
   444  5.3720e-01  8.2422e-05  8.9458e-05  7.8608e-05  2.5068e-03  5.9208e-03  1.4755e-03  0:00:49    6

 turbulent viscosity limited to viscosity ratio of 1.000000e+05 in 1173 cells 

 Reversed flow on 650 faces of pressure-outlet 7.
   445  5.3781e-01  8.2403e-05  8.9553e-05  7.8547e-05  2.5104e-03  5.8591e-03  1.4737e-03  0:00:42    5

 turbulent viscosity limited to viscosity ratio of 1.000000e+05 in 1171 cells 

 Reversed flow on 629 faces of pressure-outlet 7.
   446  5.3776e-01  8.2362e-05  8.9680e-05  7.8478e-05  2.5147e-03  6.1667e-03  1.4719e-03  0:00:33    4

 turbulent viscosity limited to viscosity ratio of 1.000000e+05 in 1169 cells 

 Reversed flow on 634 faces of pressure-outlet 7.

  iter  continuity  x-velocity  y-velocity  z-velocity           k     epsilon  vf-phase-2     time/iter
   447  5.3836e-01  8.2339e-05  8.9778e-05  7.8445e-05  2.5156e-03  6.0553e-03  1.4702e-03  0:00:25    3

 turbulent viscosity limited to viscosity ratio of 1.000000e+05 in 1168 cells 

 Reversed flow on 652 faces of pressure-outlet 7.
   448  5.3913e-01  8.2287e-05  8.9915e-05  7.8417e-05  2.5183e-03  6.0184e-03  1.4685e-03  0:00:17    2

 turbulent viscosity limited to viscosity ratio of 1.000000e+05 in 1167 cells 

 Reversed flow on 645 faces of pressure-outlet 7.
   449  5.3966e-01  8.2259e-05  9.0044e-05  7.8380e-05  2.5208e-03  6.0928e-03  1.4668e-03  0:00:08    1

 turbulent viscosity limited to viscosity ratio of 1.000000e+05 in 1165 cells 

 Reversed flow on 645 faces of pressure-outlet 7.
   450  5.4039e-01  8.2228e-05  9.0183e-05  7.8375e-05  2.5214e-03  6.0804e-03  1.4651e-03  0:00:00    0
iterate_450: RPC returned
progress: 450/1500

  iter  continuity  x-velocity  y-velocity  z-velocity           k     epsilon  vf-phase-2     time/iter
   450  5.4039e-01  8.2228e-05  9.0183e-05  7.8375e-05  2.5214e-03  6.0804e-03  1.4651e-03  0:03:26   25

 turbulent viscosity limited to viscosity ratio of 1.000000e+05 in 1164 cells 

 Reversed flow on 650 faces of pressure-outlet 7.
   451  5.4046e-01  8.2135e-05  9.0333e-05  7.8345e-05  2.5219e-03  5.9282e-03  1.4635e-03  0:03:22   24

 turbulent viscosity limited to viscosity ratio of 1.000000e+05 in 1163 cells 

 Reversed flow on 636 faces of pressure-outlet 7.
   452  5.4112e-01  8.2041e-05  9.0490e-05  7.8317e-05  2.5229e-03  5.9965e-03  1.4619e-03  0:03:16   23

 turbulent viscosity limited to viscosity ratio of 1.000000e+05 in 1158 cells 

 Reversed flow on 637 faces of pressure-outlet 7.
   453  5.4152e-01  8.2001e-05  9.0633e-05  7.8315e-05  2.5226e-03  6.0073e-03  1.4604e-03  0:03:05   22

 turbulent viscosity limited to viscosity ratio of 1.000000e+05 in 1155 cells 

 Reversed flow on 649 faces of pressure-outlet 7.
   454  5.4209e-01  8.1947e-05  9.0805e-05  7.8332e-05  2.5227e-03  5.8609e-03  1.4589e-03  0:02:55   21

 turbulent viscosity limited to viscosity ratio of 1.000000e+05 in 1156 cells 

 Reversed flow on 639 faces of pressure-outlet 7.
   455  5.4358e-01  8.1905e-05  9.0947e-05  7.8343e-05  2.5234e-03  5.9178e-03  1.4574e-03  0:02:49   20

 turbulent viscosity limited to viscosity ratio of 1.000000e+05 in 1154 cells 

 Reversed flow on 645 faces of pressure-outlet 7.
   456  5.4465e-01  8.1834e-05  9.1101e-05  7.8390e-05  2.5230e-03  5.9297e-03  1.4560e-03  0:02:39   19

 turbulent viscosity limited to viscosity ratio of 1.000000e+05 in 1152 cells 

 Reversed flow on 649 faces of pressure-outlet 7.
   457  5.4566e-01  8.1785e-05  9.1283e-05  7.8438e-05  2.5236e-03  5.9877e-03  1.4546e-03  0:02:29   18

 turbulent viscosity limited to viscosity ratio of 1.000000e+05 in 1150 cells 

 Reversed flow on 643 faces of pressure-outlet 7.
   458  5.4689e-01  8.1729e-05  9.1479e-05  7.8491e-05  2.5231e-03  6.3329e-03  1.4531e-03  0:02:23   17

 turbulent viscosity limited to viscosity ratio of 1.000000e+05 in 1147 cells 

 Reversed flow on 638 faces of pressure-outlet 7.
   459  5.4808e-01  8.1693e-05  9.1649e-05  7.8540e-05  2.5237e-03  6.4310e-03  1.4517e-03  0:02:14   16

 turbulent viscosity limited to viscosity ratio of 1.000000e+05 in 1145 cells 

 Reversed flow on 638 faces of pressure-outlet 7.
   460  5.4968e-01  8.1647e-05  9.1803e-05  7.8600e-05  2.5239e-03  6.5693e-03  1.4502e-03  0:02:04   15

 turbulent viscosity limited to viscosity ratio of 1.000000e+05 in 1144 cells 

 Reversed flow on 631 faces of pressure-outlet 7.

  iter  continuity  x-velocity  y-velocity  z-velocity           k     epsilon  vf-phase-2     time/iter
   461  5.5109e-01  8.1580e-05  9.1952e-05  7.8657e-05  2.5230e-03  6.2260e-03  1.4487e-03  0:01:58   14

 turbulent viscosity limited to viscosity ratio of 1.000000e+05 in 1141 cells 

 Reversed flow on 638 faces of pressure-outlet 7.
   462  5.5268e-01  8.1560e-05  9.2124e-05  7.8753e-05  2.5210e-03  6.0754e-03  1.4471e-03  0:01:48   13

 turbulent viscosity limited to viscosity ratio of 1.000000e+05 in 1141 cells 

 Reversed flow on 643 faces of pressure-outlet 7.
   463  5.5398e-01  8.1512e-05  9.2285e-05  7.8845e-05  2.5209e-03  5.9210e-03  1.4455e-03  0:01:39   12

 turbulent viscosity limited to viscosity ratio of 1.000000e+05 in 1139 cells 

 Reversed flow on 642 faces of pressure-outlet 7.
   464  5.5561e-01  8.1449e-05  9.2447e-05  7.8952e-05  2.5219e-03  6.0433e-03  1.4439e-03  0:01:33   11

 turbulent viscosity limited to viscosity ratio of 1.000000e+05 in 1138 cells 

 Reversed flow on 642 faces of pressure-outlet 7.
   465  5.5715e-01  8.1384e-05  9.2605e-05  7.9073e-05  2.5237e-03  6.0080e-03  1.4422e-03  0:01:23   10

 turbulent viscosity limited to viscosity ratio of 1.000000e+05 in 1136 cells 

 Reversed flow on 637 faces of pressure-outlet 7.
   466  5.5880e-01  8.1347e-05  9.2764e-05  7.9224e-05  2.5248e-03  5.9234e-03  1.4404e-03  0:01:14    9

 turbulent viscosity limited to viscosity ratio of 1.000000e+05 in 1134 cells 

 Reversed flow on 638 faces of pressure-outlet 7.
   467  5.6029e-01  8.1295e-05  9.2907e-05  7.9348e-05  2.5273e-03  6.0843e-03  1.4384e-03  0:01:07    8

 turbulent viscosity limited to viscosity ratio of 1.000000e+05 in 1130 cells 

 Reversed flow on 629 faces of pressure-outlet 7.
   468  5.6187e-01  8.1260e-05  9.3099e-05  7.9524e-05  2.5276e-03  6.0094e-03  1.4364e-03  0:00:58    7

 turbulent viscosity limited to viscosity ratio of 1.000000e+05 in 1129 cells 

 Reversed flow on 630 faces of pressure-outlet 7.
   469  5.6369e-01  8.1192e-05  9.3287e-05  7.9703e-05  2.5293e-03  6.0006e-03  1.4343e-03  0:00:50    6

 turbulent viscosity limited to viscosity ratio of 1.000000e+05 in 1127 cells 

 Reversed flow on 633 faces of pressure-outlet 7.
   470  5.6531e-01  8.1159e-05  9.3451e-05  7.9894e-05  2.5308e-03  5.8828e-03  1.4320e-03  0:00:41    5

 turbulent viscosity limited to viscosity ratio of 1.000000e+05 in 1125 cells 

 Reversed flow on 627 faces of pressure-outlet 7.
   471  5.6720e-01  8.1107e-05  9.3660e-05  8.0091e-05  2.5347e-03  6.0997e-03  1.4297e-03  0:00:33    4

 turbulent viscosity limited to viscosity ratio of 1.000000e+05 in 1125 cells 

 Reversed flow on 623 faces of pressure-outlet 7.

  iter  continuity  x-velocity  y-velocity  z-velocity           k     epsilon  vf-phase-2     time/iter
   472  5.6962e-01  8.1035e-05  9.3868e-05  8.0323e-05  2.5377e-03  6.2573e-03  1.4272e-03  0:00:25    3

 turbulent viscosity limited to viscosity ratio of 1.000000e+05 in 1125 cells 

 Reversed flow on 633 faces of pressure-outlet 7.
   473  5.7216e-01  8.0998e-05  9.4082e-05  8.0524e-05  2.5422e-03  6.4139e-03  1.4247e-03  0:00:16    2

 turbulent viscosity limited to viscosity ratio of 1.000000e+05 in 1124 cells 

 Reversed flow on 641 faces of pressure-outlet 7.
   474  5.7514e-01  8.1013e-05  9.4314e-05  8.0746e-05  2.5454e-03  6.1475e-03  1.4222e-03  0:00:08    1

 turbulent viscosity limited to viscosity ratio of 1.000000e+05 in 1120 cells 

 Reversed flow on 644 faces of pressure-outlet 7.
   475  5.7783e-01  8.1018e-05  9.4562e-05  8.0970e-05  2.5489e-03  6.2011e-03  1.4195e-03  0:00:00    0
iterate_475: RPC returned
progress: 475/1500

  iter  continuity  x-velocity  y-velocity  z-velocity           k     epsilon  vf-phase-2     time/iter
   475  5.7783e-01  8.1018e-05  9.4562e-05  8.0970e-05  2.5489e-03  6.2011e-03  1.4195e-03  0:03:28   25

 turbulent viscosity limited to viscosity ratio of 1.000000e+05 in 1117 cells 

 Reversed flow on 651 faces of pressure-outlet 7.
   476  5.8010e-01  8.0996e-05  9.4826e-05  8.1222e-05  2.5529e-03  6.3962e-03  1.4167e-03  0:03:23   24

 turbulent viscosity limited to viscosity ratio of 1.000000e+05 in 1115 cells 

 Reversed flow on 641 faces of pressure-outlet 7.
   477  5.8149e-01  8.1012e-05  9.5074e-05  8.1455e-05  2.5557e-03  6.2620e-03  1.4138e-03  0:03:12   23

 turbulent viscosity limited to viscosity ratio of 1.000000e+05 in 1115 cells 

 Reversed flow on 642 faces of pressure-outlet 7.
   478  5.8330e-01  8.1021e-05  9.5366e-05  8.1708e-05  2.5595e-03  6.3860e-03  1.4108e-03  0:03:07   22

 turbulent viscosity limited to viscosity ratio of 1.000000e+05 in 1113 cells 

 Reversed flow on 636 faces of pressure-outlet 7.
   479  5.8567e-01  8.1055e-05  9.5646e-05  8.1949e-05  2.5630e-03  6.4221e-03  1.4078e-03  0:02:56   21

 turbulent viscosity limited to viscosity ratio of 1.000000e+05 in 1111 cells 

 Reversed flow on 639 faces of pressure-outlet 7.
   480  5.8762e-01  8.1118e-05  9.5933e-05  8.2186e-05  2.5664e-03  6.5303e-03  1.4046e-03  0:02:46   20

 turbulent viscosity limited to viscosity ratio of 1.000000e+05 in 1110 cells 

 Reversed flow on 650 faces of pressure-outlet 7.
   481  5.8930e-01  8.1201e-05  9.6234e-05  8.2424e-05  2.5697e-03  6.5614e-03  1.4015e-03  0:02:37   19

 turbulent viscosity limited to viscosity ratio of 1.000000e+05 in 1109 cells 

 Reversed flow on 645 faces of pressure-outlet 7.
   482  5.9169e-01  8.1262e-05  9.6568e-05  8.2656e-05  2.5731e-03  6.5339e-03  1.3982e-03  0:02:31   18

 turbulent viscosity limited to viscosity ratio of 1.000000e+05 in 1108 cells 

 Reversed flow on 637 faces of pressure-outlet 7.
   483  5.9471e-01  8.1298e-05  9.6889e-05  8.2861e-05  2.5775e-03  7.2615e-03  1.3950e-03  0:02:21   17

 turbulent viscosity limited to viscosity ratio of 1.000000e+05 in 1106 cells 

 Reversed flow on 639 faces of pressure-outlet 7.
   484  5.9663e-01  8.1313e-05  9.7241e-05  8.3080e-05  2.5806e-03  7.3515e-03  1.3918e-03  0:02:12   16

 turbulent viscosity limited to viscosity ratio of 1.000000e+05 in 1105 cells 

 Reversed flow on 655 faces of pressure-outlet 7.
   485  5.9837e-01  8.1339e-05  9.7587e-05  8.3297e-05  2.5839e-03  6.9348e-03  1.3885e-03  0:02:06   15

 turbulent viscosity limited to viscosity ratio of 1.000000e+05 in 1103 cells 

 Reversed flow on 650 faces of pressure-outlet 7.

  iter  continuity  x-velocity  y-velocity  z-velocity           k     epsilon  vf-phase-2     time/iter
   486  5.9955e-01  8.1399e-05  9.7901e-05  8.3514e-05  2.5864e-03  7.2059e-03  1.3853e-03  0:01:57   14

 turbulent viscosity limited to viscosity ratio of 1.000000e+05 in 1102 cells 

 Reversed flow on 655 faces of pressure-outlet 7.
   487  6.0170e-01  8.1435e-05  9.8244e-05  8.3708e-05  2.5890e-03  7.2360e-03  1.3820e-03  0:01:47   13

 turbulent viscosity limited to viscosity ratio of 1.000000e+05 in 1100 cells 

 Reversed flow on 645 faces of pressure-outlet 7.
   488  6.0437e-01  8.1494e-05  9.8579e-05  8.3884e-05  2.5920e-03  7.1952e-03  1.3787e-03  0:01:41   12

 turbulent viscosity limited to viscosity ratio of 1.000000e+05 in 1100 cells 

 Reversed flow on 643 faces of pressure-outlet 7.
   489  6.0618e-01  8.1535e-05  9.8913e-05  8.4026e-05  2.5943e-03  6.9965e-03  1.3754e-03  0:01:32   11

 turbulent viscosity limited to viscosity ratio of 1.000000e+05 in 1099 cells 

 Reversed flow on 641 faces of pressure-outlet 7.
   490  6.0810e-01  8.1573e-05  9.9235e-05  8.4181e-05  2.5959e-03  6.6585e-03  1.3721e-03  0:01:23   10

 turbulent viscosity limited to viscosity ratio of 1.000000e+05 in 1097 cells 

 Reversed flow on 645 faces of pressure-outlet 7.
   491  6.0982e-01  8.1640e-05  9.9553e-05  8.4310e-05  2.5972e-03  6.5719e-03  1.3689e-03  0:01:14    9

 turbulent viscosity limited to viscosity ratio of 1.000000e+05 in 1096 cells 

 Reversed flow on 651 faces of pressure-outlet 7.
   492  6.1226e-01  8.1699e-05  9.9860e-05  8.4464e-05  2.6006e-03  6.9904e-03  1.3656e-03  0:01:07    8

 turbulent viscosity limited to viscosity ratio of 1.000000e+05 in 1097 cells 

 Reversed flow on 652 faces of pressure-outlet 7.
   493  6.1435e-01  8.1740e-05  1.0016e-04  8.4623e-05  2.6017e-03  6.8865e-03  1.3624e-03  0:00:58    7

 turbulent viscosity limited to viscosity ratio of 1.000000e+05 in 1095 cells 

 Reversed flow on 653 faces of pressure-outlet 7.
   494  6.1657e-01  8.1781e-05  1.0048e-04  8.4757e-05  2.6071e-03  7.4441e-03  1.3591e-03  0:00:49    6

 turbulent viscosity limited to viscosity ratio of 1.000000e+05 in 1095 cells 

 Reversed flow on 665 faces of pressure-outlet 7.
   495  6.1877e-01  8.1865e-05  1.0077e-04  8.4890e-05  2.6119e-03  7.4218e-03  1.3559e-03  0:00:42    5

 turbulent viscosity limited to viscosity ratio of 1.000000e+05 in 1095 cells 

 Reversed flow on 657 faces of pressure-outlet 7.
   496  6.2050e-01  8.1948e-05  1.0107e-04  8.5028e-05  2.6165e-03  7.6401e-03  1.3526e-03  0:00:33    4

 turbulent viscosity limited to viscosity ratio of 1.000000e+05 in 1091 cells 

 Reversed flow on 659 faces of pressure-outlet 7.

  iter  continuity  x-velocity  y-velocity  z-velocity           k     epsilon  vf-phase-2     time/iter
   497  6.2209e-01  8.1997e-05  1.0140e-04  8.5166e-05  2.6187e-03  7.0654e-03  1.3493e-03  0:00:25    3

 turbulent viscosity limited to viscosity ratio of 1.000000e+05 in 1091 cells 

 Reversed flow on 669 faces of pressure-outlet 7.
   498  6.2441e-01  8.2066e-05  1.0168e-04  8.5288e-05  2.6219e-03  7.1519e-03  1.3460e-03  0:00:17    2

 turbulent viscosity limited to viscosity ratio of 1.000000e+05 in 1089 cells 

 Reversed flow on 670 faces of pressure-outlet 7.
   499  6.2609e-01  8.2150e-05  1.0198e-04  8.5453e-05  2.6264e-03  7.2694e-03  1.3426e-03  0:00:08    1

iterate_500: RPC returned
progress: 500/1500

=== autosave_500 ===
 turbulent viscosity limited to viscosity ratio of 1.000000e+05 in 1088 cells 

 Reversed flow on 676 faces of pressure-outlet 7.
   500  6.2749e-01  8.2197e-05  1.0228e-04  8.5615e-05  2.6305e-03  7.2857e-03  1.3393e-03  0:00:00    0

Writing to EN439159:"C:\Users\qtra338\Documents\enthalpy_sweep_verified_20260721_v2\case_2_1440_autosave_iter500.cas.h5" in NODE0 mode and compression level 1 ...
Grouping cells for Laplace smoothing ...
     5578299 cells,     1 zone  ...
    11355491 faces,     5 zones ...
     1026091 nodes,     1 zone  ...
  Done.
Done.
write_case_autosave_500: OK

Writing to EN439159:"C:\Users\qtra338\Documents\enthalpy_sweep_verified_20260721_v2\case_2_1440_autosave_iter500.dat.h5" in NODE0 mode and compression level 1 ...
  Writing results.
Done.write_data_autosave_500: OK

saved_pair_autosave_500: VERIFIED

  iter  continuity  x-velocity  y-velocity  z-velocity           k     epsilon  vf-phase-2     time/iter
   500  6.2749e-01  8.2197e-05  1.0228e-04  8.5615e-05  2.6305e-03  7.2857e-03  1.3393e-03  0:03:26   25

 turbulent viscosity limited to viscosity ratio of 1.000000e+05 in 1084 cells 

 Reversed flow on 668 faces of pressure-outlet 7.
   501  6.2871e-01  8.2226e-05  1.0256e-04  8.5747e-05  2.6360e-03  7.3714e-03  1.3359e-03  0:03:22   24

 turbulent viscosity limited to viscosity ratio of 1.000000e+05 in 1081 cells 

 Reversed flow on 666 faces of pressure-outlet 7.
   502  6.2994e-01  8.2280e-05  1.0283e-04  8.5892e-05  2.6415e-03  7.3905e-03  1.3324e-03  0:03:11   23

 turbulent viscosity limited to viscosity ratio of 1.000000e+05 in 1079 cells 

 Reversed flow on 663 faces of pressure-outlet 7.
   503  6.3121e-01  8.2327e-05  1.0309e-04  8.6072e-05  2.6479e-03  7.4045e-03  1.3290e-03  0:03:02   22

 turbulent viscosity limited to viscosity ratio of 1.000000e+05 in 1077 cells 

 Reversed flow on 675 faces of pressure-outlet 7.
   504  6.3250e-01  8.2389e-05  1.0337e-04  8.6242e-05  2.6540e-03  8.2363e-03  1.3255e-03  0:02:57   21

 turbulent viscosity limited to viscosity ratio of 1.000000e+05 in 1078 cells 

 Reversed flow on 679 faces of pressure-outlet 7.
   505  6.3387e-01  8.2443e-05  1.0361e-04  8.6454e-05  2.6589e-03  8.0038e-03  1.3219e-03  0:02:47   20

 turbulent viscosity limited to viscosity ratio of 1.000000e+05 in 1076 cells 

 Reversed flow on 679 faces of pressure-outlet 7.
   506  6.3493e-01  8.2504e-05  1.0384e-04  8.6641e-05  2.6657e-03  8.3463e-03  1.3183e-03  0:02:37   19

 turbulent viscosity limited to viscosity ratio of 1.000000e+05 in 1075 cells 

 Reversed flow on 668 faces of pressure-outlet 7.
   507  6.3651e-01  8.2583e-05  1.0409e-04  8.6845e-05  2.6706e-03  8.2164e-03  1.3146e-03  0:02:31   18

 turbulent viscosity limited to viscosity ratio of 1.000000e+05 in 1074 cells 

 Reversed flow on 664 faces of pressure-outlet 7.
   508  6.3849e-01  8.2648e-05  1.0431e-04  8.7051e-05  2.6755e-03  8.4368e-03  1.3109e-03  0:02:22   17

 turbulent viscosity limited to viscosity ratio of 1.000000e+05 in 1072 cells 

 Reversed flow on 681 faces of pressure-outlet 7.
   509  6.3942e-01  8.2689e-05  1.0453e-04  8.7207e-05  2.6786e-03  7.8483e-03  1.3071e-03  0:02:12   16

 turbulent viscosity limited to viscosity ratio of 1.000000e+05 in 1072 cells 

 Reversed flow on 671 faces of pressure-outlet 7.
   510  6.4023e-01  8.2740e-05  1.0473e-04  8.7396e-05  2.6838e-03  8.0302e-03  1.3031e-03  0:02:06   15

 turbulent viscosity limited to viscosity ratio of 1.000000e+05 in 1070 cells 

 Reversed flow on 675 faces of pressure-outlet 7.

  iter  continuity  x-velocity  y-velocity  z-velocity           k     epsilon  vf-phase-2     time/iter
   511  6.4048e-01  8.2800e-05  1.0485e-04  8.7578e-05  2.6884e-03  8.3283e-03  1.2992e-03  0:01:57   14

 turbulent viscosity limited to viscosity ratio of 1.000000e+05 in 1070 cells 

 Reversed flow on 684 faces of pressure-outlet 7.
   512  6.4098e-01  8.2858e-05  1.0501e-04  8.7716e-05  2.6904e-03  8.1333e-03  1.2953e-03  0:01:47   13

 turbulent viscosity limited to viscosity ratio of 1.000000e+05 in 1069 cells 

 Reversed flow on 675 faces of pressure-outlet 7.
   513  6.4161e-01  8.2894e-05  1.0518e-04  8.7851e-05  2.6932e-03  8.0864e-03  1.2913e-03  0:01:41   12

 turbulent viscosity limited to viscosity ratio of 1.000000e+05 in 1065 cells 

 Reversed flow on 664 faces of pressure-outlet 7.
   514  6.4188e-01  8.2897e-05  1.0534e-04  8.7960e-05  2.6976e-03  8.2216e-03  1.2873e-03  0:01:32   11

 turbulent viscosity limited to viscosity ratio of 1.000000e+05 in 1064 cells 

 Reversed flow on 673 faces of pressure-outlet 7.
   515  6.4258e-01  8.2921e-05  1.0548e-04  8.8053e-05  2.7000e-03  7.9508e-03  1.2833e-03  0:01:23   10

 turbulent viscosity limited to viscosity ratio of 1.000000e+05 in 1061 cells 

 Reversed flow on 678 faces of pressure-outlet 7.
   516  6.4348e-01  8.2956e-05  1.0554e-04  8.8142e-05  2.7042e-03  8.3161e-03  1.2794e-03  0:01:14    9

 turbulent viscosity limited to viscosity ratio of 1.000000e+05 in 1057 cells 

 Reversed flow on 673 faces of pressure-outlet 7.
   517  6.4498e-01  8.3001e-05  1.0561e-04  8.8224e-05  2.7050e-03  7.8747e-03  1.2754e-03  0:01:07    8

 turbulent viscosity limited to viscosity ratio of 1.000000e+05 in 1057 cells 

 Reversed flow on 659 faces of pressure-outlet 7.
   518  6.4583e-01  8.3020e-05  1.0563e-04  8.8260e-05  2.7098e-03  8.4331e-03  1.2714e-03  0:00:58    7

 turbulent viscosity limited to viscosity ratio of 1.000000e+05 in 1056 cells 

 Reversed flow on 659 faces of pressure-outlet 7.
   519  6.4666e-01  8.3051e-05  1.0564e-04  8.8280e-05  2.7132e-03  8.4328e-03  1.2674e-03  0:00:49    6

 turbulent viscosity limited to viscosity ratio of 1.000000e+05 in 1055 cells 

 Reversed flow on 659 faces of pressure-outlet 7.
   520  6.4759e-01  8.3088e-05  1.0571e-04  8.8285e-05  2.7155e-03  8.7575e-03  1.2634e-03  0:00:42    5

 turbulent viscosity limited to viscosity ratio of 1.000000e+05 in 1054 cells 

 Reversed flow on 661 faces of pressure-outlet 7.
   521  6.4750e-01  8.3117e-05  1.0574e-04  8.8254e-05  2.7177e-03  8.8205e-03  1.2594e-03  0:00:33    4

 turbulent viscosity limited to viscosity ratio of 1.000000e+05 in 1050 cells 

 Reversed flow on 661 faces of pressure-outlet 7.

  iter  continuity  x-velocity  y-velocity  z-velocity           k     epsilon  vf-phase-2     time/iter
   522  6.4759e-01  8.3112e-05  1.0576e-04  8.8175e-05  2.7214e-03  9.4168e-03  1.2555e-03  0:00:25    3

 turbulent viscosity limited to viscosity ratio of 1.000000e+05 in 1049 cells 

 Reversed flow on 658 faces of pressure-outlet 7.
   523  6.4784e-01  8.3115e-05  1.0579e-04  8.8137e-05  2.7197e-03  8.7641e-03  1.2517e-03  0:00:16    2

 turbulent viscosity limited to viscosity ratio of 1.000000e+05 in 1047 cells 

 Reversed flow on 650 faces of pressure-outlet 7.
   524  6.4810e-01  8.3173e-05  1.0577e-04  8.8028e-05  2.7206e-03  9.1159e-03  1.2479e-03  0:00:08    1

 turbulent viscosity limited to viscosity ratio of 1.000000e+05 in 1046 cells 

 Reversed flow on 665 faces of pressure-outlet 7.
   525  6.4882e-01  8.3182e-05  1.0576e-04  8.7956e-05  2.7226e-03  8.6241e-03  1.2443e-03  0:00:00    0
iterate_525: RPC returned
progress: 525/1500

  iter  continuity  x-velocity  y-velocity  z-velocity           k     epsilon  vf-phase-2     time/iter
   525  6.4882e-01  8.3182e-05  1.0576e-04  8.7956e-05  2.7226e-03  8.6241e-03  1.2443e-03  0:03:27   25

 turbulent viscosity limited to viscosity ratio of 1.000000e+05 in 1043 cells 

 Reversed flow on 652 faces of pressure-outlet 7.
   526  6.4898e-01  8.3209e-05  1.0573e-04  8.7831e-05  2.7258e-03  9.3103e-03  1.2407e-03  0:03:22   24

 turbulent viscosity limited to viscosity ratio of 1.000000e+05 in 1043 cells 

 Reversed flow on 646 faces of pressure-outlet 7.
   527  6.4798e-01  8.3201e-05  1.0565e-04  8.7686e-05  2.7262e-03  9.2000e-03  1.2373e-03  0:03:12   23

 turbulent viscosity limited to viscosity ratio of 1.000000e+05 in 1043 cells 

 Reversed flow on 657 faces of pressure-outlet 7.
   528  6.4769e-01  8.3215e-05  1.0560e-04  8.7531e-05  2.7296e-03  9.5314e-03  1.2339e-03  0:03:06   22

 turbulent viscosity limited to viscosity ratio of 1.000000e+05 in 1042 cells 

 Reversed flow on 654 faces of pressure-outlet 7.
   529  6.4712e-01  8.3223e-05  1.0552e-04  8.7345e-05  2.7332e-03  1.0130e-02  1.2307e-03  0:02:56   21

 turbulent viscosity limited to viscosity ratio of 1.000000e+05 in 1042 cells 

 Reversed flow on 652 faces of pressure-outlet 7.
   530  6.4695e-01  8.3212e-05  1.0542e-04  8.7119e-05  2.7282e-03  8.8187e-03  1.2275e-03  0:02:46   20

 turbulent viscosity limited to viscosity ratio of 1.000000e+05 in 1035 cells 

 Reversed flow on 644 faces of pressure-outlet 7.
   531  6.4680e-01  8.3164e-05  1.0533e-04  8.6946e-05  2.7270e-03  9.3261e-03  1.2243e-03  0:02:40   19

 turbulent viscosity limited to viscosity ratio of 1.000000e+05 in 1033 cells 

 Reversed flow on 647 faces of pressure-outlet 7.
   532  6.4640e-01  8.3173e-05  1.0523e-04  8.6744e-05  2.7271e-03  9.4148e-03  1.2213e-03  0:02:30   18

 turbulent viscosity limited to viscosity ratio of 1.000000e+05 in 1033 cells 

 Reversed flow on 646 faces of pressure-outlet 7.
   533  6.4638e-01  8.3134e-05  1.0508e-04  8.6547e-05  2.7277e-03  9.4885e-03  1.2184e-03  0:02:21   17

 turbulent viscosity limited to viscosity ratio of 1.000000e+05 in 1032 cells 

 Reversed flow on 651 faces of pressure-outlet 7.
   534  6.4608e-01  8.3119e-05  1.0496e-04  8.6344e-05  2.7278e-03  8.9713e-03  1.2155e-03  0:02:15   16

 turbulent viscosity limited to viscosity ratio of 1.000000e+05 in 1031 cells 

 Reversed flow on 642 faces of pressure-outlet 7.
   535  6.4576e-01  8.3100e-05  1.0477e-04  8.6133e-05  2.7290e-03  8.9298e-03  1.2127e-03  0:02:05   15

 turbulent viscosity limited to viscosity ratio of 1.000000e+05 in 1032 cells 

 Reversed flow on 644 faces of pressure-outlet 7.

  iter  continuity  x-velocity  y-velocity  z-velocity           k     epsilon  vf-phase-2     time/iter
   536  6.4501e-01  8.3123e-05  1.0457e-04  8.5909e-05  2.7304e-03  9.5628e-03  1.2100e-03  0:01:56   14

 turbulent viscosity limited to viscosity ratio of 1.000000e+05 in 1032 cells 

 Reversed flow on 633 faces of pressure-outlet 7.
   537  6.4365e-01  8.3125e-05  1.0445e-04  8.5673e-05  2.7305e-03  9.3467e-03  1.2073e-03  0:01:49   13

 turbulent viscosity limited to viscosity ratio of 1.000000e+05 in 1031 cells 

 Reversed flow on 623 faces of pressure-outlet 7.
   538  6.4312e-01  8.3107e-05  1.0427e-04  8.5429e-05  2.7298e-03  9.4310e-03  1.2047e-03  0:01:40   12

 turbulent viscosity limited to viscosity ratio of 1.000000e+05 in 1030 cells 

 Reversed flow on 626 faces of pressure-outlet 7.
   539  6.4265e-01  8.3088e-05  1.0402e-04  8.5190e-05  2.7342e-03  1.0572e-02  1.2023e-03  0:01:31   11

 turbulent viscosity limited to viscosity ratio of 1.000000e+05 in 1030 cells 

 Reversed flow on 621 faces of pressure-outlet 7.
   540  6.4208e-01  8.3055e-05  1.0379e-04  8.4956e-05  2.7347e-03  1.0662e-02  1.1999e-03  0:01:24   10

 turbulent viscosity limited to viscosity ratio of 1.000000e+05 in 1026 cells 

 Reversed flow on 618 faces of pressure-outlet 7.
   541  6.4140e-01  8.3027e-05  1.0358e-04  8.4729e-05  2.7355e-03  1.0770e-02  1.1975e-03  0:01:15    9

 turbulent viscosity limited to viscosity ratio of 1.000000e+05 in 1026 cells 

 Reversed flow on 622 faces of pressure-outlet 7.
   542  6.4039e-01  8.2987e-05  1.0337e-04  8.4486e-05  2.7352e-03  1.0289e-02  1.1952e-03  0:01:06    8

 turbulent viscosity limited to viscosity ratio of 1.000000e+05 in 1026 cells 

 Reversed flow on 617 faces of pressure-outlet 7.
   543  6.3961e-01  8.2956e-05  1.0319e-04  8.4263e-05  2.7352e-03  1.0492e-02  1.1929e-03  0:00:59    7

 turbulent viscosity limited to viscosity ratio of 1.000000e+05 in 1024 cells 

 Reversed flow on 624 faces of pressure-outlet 7.
   544  6.3901e-01  8.2897e-05  1.0300e-04  8.4041e-05  2.7318e-03  9.7903e-03  1.1907e-03  0:00:50    6

 turbulent viscosity limited to viscosity ratio of 1.000000e+05 in 1023 cells 

 Reversed flow on 627 faces of pressure-outlet 7.
   545  6.3881e-01  8.2863e-05  1.0281e-04  8.3804e-05  2.7370e-03  1.0883e-02  1.1885e-03  0:00:41    5

 turbulent viscosity limited to viscosity ratio of 1.000000e+05 in 1022 cells 

 Reversed flow on 624 faces of pressure-outlet 7.
   546  6.3825e-01  8.2839e-05  1.0261e-04  8.3576e-05  2.7351e-03  1.0334e-02  1.1863e-03  0:00:33    4

 turbulent viscosity limited to viscosity ratio of 1.000000e+05 in 1021 cells 

 Reversed flow on 621 faces of pressure-outlet 7.

  iter  continuity  x-velocity  y-velocity  z-velocity           k     epsilon  vf-phase-2     time/iter
   547  6.3672e-01  8.2760e-05  1.0238e-04  8.3347e-05  2.7314e-03  9.2653e-03  1.1842e-03  0:00:25    3

 turbulent viscosity limited to viscosity ratio of 1.000000e+05 in 1020 cells 

 Reversed flow on 609 faces of pressure-outlet 7.
   548  6.3428e-01  8.2662e-05  1.0218e-04  8.3073e-05  2.7325e-03  9.7393e-03  1.1821e-03  0:00:17    2

 turbulent viscosity limited to viscosity ratio of 1.000000e+05 in 1020 cells 

 Reversed flow on 612 faces of pressure-outlet 7.
   549  6.3380e-01  8.2555e-05  1.0202e-04  8.2805e-05  2.7327e-03  9.9937e-03  1.1801e-03  0:00:08    1

 turbulent viscosity limited to viscosity ratio of 1.000000e+05 in 1019 cells 

 Reversed flow on 612 faces of pressure-outlet 7.
   550  6.3348e-01  8.2440e-05  1.0183e-04  8.2581e-05  2.7312e-03  9.9343e-03  1.1780e-03  0:00:00    0
iterate_550: RPC returned
progress: 550/1500

  iter  continuity  x-velocity  y-velocity  z-velocity           k     epsilon  vf-phase-2     time/iter
   550  6.3348e-01  8.2440e-05  1.0183e-04  8.2581e-05  2.7312e-03  9.9343e-03  1.1780e-03  0:03:29   25

 turbulent viscosity limited to viscosity ratio of 1.000000e+05 in 1017 cells 

 Reversed flow on 627 faces of pressure-outlet 7.
   551  6.3219e-01  8.2340e-05  1.0162e-04  8.2347e-05  2.7271e-03  8.9927e-03  1.1760e-03  0:03:23   24

 turbulent viscosity limited to viscosity ratio of 1.000000e+05 in 1015 cells 

 Reversed flow on 616 faces of pressure-outlet 7.
   552  6.3073e-01  8.2223e-05  1.0144e-04  8.2074e-05  2.7246e-03  9.1392e-03  1.1740e-03  0:03:17   23

 turbulent viscosity limited to viscosity ratio of 1.000000e+05 in 1014 cells 

 Reversed flow on 611 faces of pressure-outlet 7.
   553  6.2930e-01  8.2103e-05  1.0127e-04  8.1792e-05  2.7214e-03  8.9426e-03  1.1720e-03  0:03:06   22

 turbulent viscosity limited to viscosity ratio of 1.000000e+05 in 1014 cells 

 Reversed flow on 616 faces of pressure-outlet 7.
   554  6.2804e-01  8.1968e-05  1.0109e-04  8.1542e-05  2.7202e-03  9.1481e-03  1.1701e-03  0:02:56   21

 turbulent viscosity limited to viscosity ratio of 1.000000e+05 in 1011 cells 

 Reversed flow on 611 faces of pressure-outlet 7.
   555  6.2674e-01  8.1852e-05  1.0090e-04  8.1325e-05  2.7178e-03  9.0878e-03  1.1682e-03  0:02:46   20

 turbulent viscosity limited to viscosity ratio of 1.000000e+05 in 1012 cells 

 Reversed flow on 609 faces of pressure-outlet 7.
   556  6.2519e-01  8.1766e-05  1.0073e-04  8.1058e-05  2.7137e-03  9.0042e-03  1.1664e-03  0:02:40   19

 turbulent viscosity limited to viscosity ratio of 1.000000e+05 in 1011 cells 

 Reversed flow on 611 faces of pressure-outlet 7.
   557  6.2327e-01  8.1668e-05  1.0055e-04  8.0807e-05  2.7103e-03  9.0192e-03  1.1646e-03  0:02:30   18

 turbulent viscosity limited to viscosity ratio of 1.000000e+05 in 1011 cells 

 Reversed flow on 609 faces of pressure-outlet 7.
   558  6.2225e-01  8.1556e-05  1.0038e-04  8.0600e-05  2.7032e-03  9.2268e-03  1.1628e-03  0:02:21   17

 turbulent viscosity limited to viscosity ratio of 1.000000e+05 in 1011 cells 

 Reversed flow on 616 faces of pressure-outlet 7.
   559  6.2108e-01  8.1464e-05  1.0019e-04  8.0386e-05  2.6995e-03  9.5712e-03  1.1610e-03  0:02:15   16

 turbulent viscosity limited to viscosity ratio of 1.000000e+05 in 1011 cells 

 Reversed flow on 608 faces of pressure-outlet 7.
   560  6.1942e-01  8.1365e-05  9.9966e-05  8.0205e-05  2.6948e-03  9.4190e-03  1.1593e-03  0:02:05   15

 turbulent viscosity limited to viscosity ratio of 1.000000e+05 in 1011 cells 

 Reversed flow on 604 faces of pressure-outlet 7.

  iter  continuity  x-velocity  y-velocity  z-velocity           k     epsilon  vf-phase-2     time/iter
   561  6.1809e-01  8.1270e-05  9.9739e-05  8.0016e-05  2.6873e-03  8.9108e-03  1.1575e-03  0:01:59   14

 turbulent viscosity limited to viscosity ratio of 1.000000e+05 in 1010 cells 

 Reversed flow on 613 faces of pressure-outlet 7.
   562  6.1700e-01  8.1173e-05  9.9515e-05  7.9790e-05  2.6801e-03  9.7085e-03  1.1558e-03  0:01:49   13

 turbulent viscosity limited to viscosity ratio of 1.000000e+05 in 1009 cells 

 Reversed flow on 609 faces of pressure-outlet 7.
   563  6.1606e-01  8.1107e-05  9.9331e-05  7.9590e-05  2.6723e-03  9.4741e-03  1.1540e-03  0:01:42   12

 turbulent viscosity limited to viscosity ratio of 1.000000e+05 in 1009 cells 

 Reversed flow on 602 faces of pressure-outlet 7.
   564  6.1508e-01  8.1054e-05  9.9131e-05  7.9431e-05  2.6675e-03  9.9357e-03  1.1524e-03  0:01:32   11

 turbulent viscosity limited to viscosity ratio of 1.000000e+05 in 1010 cells 

 Reversed flow on 610 faces of pressure-outlet 7.
   565  6.1411e-01  8.0976e-05  9.8927e-05  7.9250e-05  2.6586e-03  9.5424e-03  1.1507e-03  0:01:23   10

 turbulent viscosity limited to viscosity ratio of 1.000000e+05 in 1009 cells 

 Reversed flow on 599 faces of pressure-outlet 7.
   566  6.1250e-01  8.0928e-05  9.8725e-05  7.9097e-05  2.6482e-03  8.8796e-03  1.1490e-03  0:01:14    9

 turbulent viscosity limited to viscosity ratio of 1.000000e+05 in 1009 cells 

 Reversed flow on 595 faces of pressure-outlet 7.
   567  6.1105e-01  8.0823e-05  9.8509e-05  7.8949e-05  2.6377e-03  8.8304e-03  1.1474e-03  0:01:07    8

 turbulent viscosity limited to viscosity ratio of 1.000000e+05 in 1009 cells 

 Reversed flow on 609 faces of pressure-outlet 7.
   568  6.0921e-01  8.0756e-05  9.8337e-05  7.8815e-05  2.6313e-03  9.7881e-03  1.1457e-03  0:00:58    7

 turbulent viscosity limited to viscosity ratio of 1.000000e+05 in 1009 cells 

 Reversed flow on 601 faces of pressure-outlet 7.
   569  6.0749e-01  8.0693e-05  9.8161e-05  7.8670e-05  2.6217e-03  9.5160e-03  1.1441e-03  0:00:50    6

 turbulent viscosity limited to viscosity ratio of 1.000000e+05 in 1008 cells 

 Reversed flow on 592 faces of pressure-outlet 7.
   570  6.0641e-01  8.0617e-05  9.7977e-05  7.8546e-05  2.6141e-03  9.9586e-03  1.1426e-03  0:00:42    5

 turbulent viscosity limited to viscosity ratio of 1.000000e+05 in 1006 cells 

 Reversed flow on 602 faces of pressure-outlet 7.
   571  6.0448e-01  8.0539e-05  9.7764e-05  7.8383e-05  2.6030e-03  9.6470e-03  1.1410e-03  0:00:33    4

 turbulent viscosity limited to viscosity ratio of 1.000000e+05 in 1005 cells 

 Reversed flow on 597 faces of pressure-outlet 7.

  iter  continuity  x-velocity  y-velocity  z-velocity           k     epsilon  vf-phase-2     time/iter
   572  6.0333e-01  8.0444e-05  9.7575e-05  7.8247e-05  2.5927e-03  9.6784e-03  1.1394e-03  0:00:25    3

 turbulent viscosity limited to viscosity ratio of 1.000000e+05 in 1005 cells 

 Reversed flow on 588 faces of pressure-outlet 7.
   573  6.0182e-01  8.0349e-05  9.7368e-05  7.8103e-05  2.5834e-03  9.5574e-03  1.1378e-03  0:00:16    2

 turbulent viscosity limited to viscosity ratio of 1.000000e+05 in 1004 cells 

 Reversed flow on 590 faces of pressure-outlet 7.
   574  5.9986e-01  8.0238e-05  9.7157e-05  7.7991e-05  2.5703e-03  8.3406e-03  1.1363e-03  0:00:08    1

 turbulent viscosity limited to viscosity ratio of 1.000000e+05 in 1001 cells 

 Reversed flow on 579 faces of pressure-outlet 7.
   575  5.9856e-01  8.0132e-05  9.6919e-05  7.7854e-05  2.5624e-03  9.3406e-03  1.1348e-03  0:00:00    0
iterate_575: RPC returned
progress: 575/1500

  iter  continuity  x-velocity  y-velocity  z-velocity           k     epsilon  vf-phase-2     time/iter
   575  5.9856e-01  8.0132e-05  9.6919e-05  7.7854e-05  2.5624e-03  9.3406e-03  1.1348e-03  0:03:27   25

 turbulent viscosity limited to viscosity ratio of 1.000000e+05 in 999 cells 

 Reversed flow on 578 faces of pressure-outlet 7.
   576  5.9684e-01  8.0027e-05  9.6675e-05  7.7747e-05  2.5507e-03  9.0943e-03  1.1333e-03  0:03:22   24

 turbulent viscosity limited to viscosity ratio of 1.000000e+05 in 996 cells 

 Reversed flow on 574 faces of pressure-outlet 7.
   577  5.9559e-01  7.9910e-05  9.6464e-05  7.7637e-05  2.5445e-03  9.1588e-03  1.1319e-03  0:03:17   23

 turbulent viscosity limited to viscosity ratio of 1.000000e+05 in 996 cells 

 Reversed flow on 565 faces of pressure-outlet 7.
   578  5.9338e-01  7.9786e-05  9.6254e-05  7.7528e-05  2.5376e-03  9.5734e-03  1.1305e-03  0:03:06   22

 turbulent viscosity limited to viscosity ratio of 1.000000e+05 in 996 cells 

 Reversed flow on 575 faces of pressure-outlet 7.
   579  5.9199e-01  7.9683e-05  9.6028e-05  7.7409e-05  2.5338e-03  9.6298e-03  1.1291e-03  0:02:55   21

 turbulent viscosity limited to viscosity ratio of 1.000000e+05 in 995 cells 

 Reversed flow on 565 faces of pressure-outlet 7.
   580  5.9072e-01  7.9593e-05  9.5777e-05  7.7310e-05  2.5405e-03  1.0270e-02  1.1277e-03  0:02:50   20

 turbulent viscosity limited to viscosity ratio of 1.000000e+05 in 993 cells 

 Reversed flow on 566 faces of pressure-outlet 7.
   581  5.8955e-01  7.9517e-05  9.5519e-05  7.7222e-05  2.5283e-03  9.6865e-03  1.1263e-03  0:02:39   19

 turbulent viscosity limited to viscosity ratio of 1.000000e+05 in 993 cells 

 Reversed flow on 561 faces of pressure-outlet 7.
   582  5.8826e-01  7.9433e-05  9.5276e-05  7.7113e-05  2.5150e-03  9.8873e-03  1.1250e-03  0:02:30   18

 turbulent viscosity limited to viscosity ratio of 1.000000e+05 in 993 cells 

 Reversed flow on 561 faces of pressure-outlet 7.
   583  5.8676e-01  7.9348e-05  9.5032e-05  7.7004e-05  2.5008e-03  9.1045e-03  1.1238e-03  0:02:24   17

 turbulent viscosity limited to viscosity ratio of 1.000000e+05 in 991 cells 

 Reversed flow on 558 faces of pressure-outlet 7.
   584  5.8465e-01  7.9275e-05  9.4791e-05  7.6872e-05  2.4928e-03  9.0186e-03  1.1226e-03  0:02:14   16

 turbulent viscosity limited to viscosity ratio of 1.000000e+05 in 991 cells 

 Reversed flow on 560 faces of pressure-outlet 7.
   585  5.8283e-01  7.9188e-05  9.4541e-05  7.6784e-05  2.4843e-03  9.4663e-03  1.1215e-03  0:02:04   15

 turbulent viscosity limited to viscosity ratio of 1.000000e+05 in 991 cells 

 Reversed flow on 550 faces of pressure-outlet 7.

  iter  continuity  x-velocity  y-velocity  z-velocity           k     epsilon  vf-phase-2     time/iter
   586  5.8153e-01  7.9085e-05  9.4306e-05  7.6680e-05  2.4759e-03  9.3229e-03  1.1204e-03  0:01:58   14

 turbulent viscosity limited to viscosity ratio of 1.000000e+05 in 991 cells 

 Reversed flow on 551 faces of pressure-outlet 7.
   587  5.7955e-01  7.9013e-05  9.4078e-05  7.6586e-05  2.4648e-03  9.0985e-03  1.1194e-03  0:01:48   13

 turbulent viscosity limited to viscosity ratio of 1.000000e+05 in 992 cells 

 Reversed flow on 541 faces of pressure-outlet 7.
   588  5.7853e-01  7.8962e-05  9.3830e-05  7.6496e-05  2.4532e-03  9.4070e-03  1.1183e-03  0:01:39   12

 turbulent viscosity limited to viscosity ratio of 1.000000e+05 in 992 cells 

 Reversed flow on 531 faces of pressure-outlet 7.
   589  5.7744e-01  7.8883e-05  9.3573e-05  7.6391e-05  2.4412e-03  8.8900e-03  1.1172e-03  0:01:33   11

 turbulent viscosity limited to viscosity ratio of 1.000000e+05 in 992 cells 

 Reversed flow on 536 faces of pressure-outlet 7.
   590  5.7600e-01  7.8817e-05  9.3320e-05  7.6272e-05  2.4266e-03  8.0054e-03  1.1162e-03  0:01:23   10

 turbulent viscosity limited to viscosity ratio of 1.000000e+05 in 992 cells 

 Reversed flow on 540 faces of pressure-outlet 7.
   591  5.7486e-01  7.8739e-05  9.3056e-05  7.6142e-05  2.4155e-03  8.3177e-03  1.1151e-03  0:01:14    9

 turbulent viscosity limited to viscosity ratio of 1.000000e+05 in 992 cells 

 Reversed flow on 524 faces of pressure-outlet 7.
   592  5.7321e-01  7.8651e-05  9.2790e-05  7.6032e-05  2.4056e-03  8.5233e-03  1.1141e-03  0:01:06    8

 turbulent viscosity limited to viscosity ratio of 1.000000e+05 in 991 cells 

 Reversed flow on 514 faces of pressure-outlet 7.
   593  5.7214e-01  7.8586e-05  9.2530e-05  7.5931e-05  2.3966e-03  9.6085e-03  1.1131e-03  0:00:59    7

 turbulent viscosity limited to viscosity ratio of 1.000000e+05 in 990 cells 

 Reversed flow on 537 faces of pressure-outlet 7.
   594  5.7148e-01  7.8506e-05  9.2256e-05  7.5818e-05  2.3875e-03  9.4952e-03  1.1121e-03  0:00:50    6

 turbulent viscosity limited to viscosity ratio of 1.000000e+05 in 989 cells 

 Reversed flow on 537 faces of pressure-outlet 7.
   595  5.7047e-01  7.8435e-05  9.1985e-05  7.5735e-05  2.3798e-03  9.5412e-03  1.1112e-03  0:00:42    5

 turbulent viscosity limited to viscosity ratio of 1.000000e+05 in 988 cells 

 Reversed flow on 526 faces of pressure-outlet 7.
   596  5.6974e-01  7.8391e-05  9.1686e-05  7.5644e-05  2.3704e-03  9.3380e-03  1.1102e-03  0:00:33    4

 turbulent viscosity limited to viscosity ratio of 1.000000e+05 in 988 cells 

 Reversed flow on 528 faces of pressure-outlet 7.

  iter  continuity  x-velocity  y-velocity  z-velocity           k     epsilon  vf-phase-2     time/iter
   597  5.6845e-01  7.8334e-05  9.1391e-05  7.5542e-05  2.3603e-03  9.1363e-03  1.1093e-03  0:00:25    3

 turbulent viscosity limited to viscosity ratio of 1.000000e+05 in 988 cells 

 Reversed flow on 526 faces of pressure-outlet 7.
   598  5.6679e-01  7.8243e-05  9.1093e-05  7.5448e-05  2.3512e-03  8.8854e-03  1.1083e-03  0:00:17    2

 turbulent viscosity limited to viscosity ratio of 1.000000e+05 in 987 cells 

 Reversed flow on 525 faces of pressure-outlet 7.
   599  5.6527e-01  7.8185e-05  9.0797e-05  7.5338e-05  2.3483e-03  1.0193e-02  1.1074e-03  0:00:08    1

 turbulent viscosity limited to viscosity ratio of 1.000000e+05 in 985 cells 

 Reversed flow on 523 faces of pressure-outlet 7.
   600  5.6371e-01  7.8087e-05  9.0513e-05  7.5230e-05  2.3419e-03  1.0337e-02  1.1066e-03  0:00:00    0
iterate_600: RPC returned
progress: 600/1500

  iter  continuity  x-velocity  y-velocity  z-velocity           k     epsilon  vf-phase-2     time/iter
   600  5.6371e-01  7.8087e-05  9.0513e-05  7.5230e-05  2.3419e-03  1.0337e-02  1.1066e-03  0:03:27   25

 turbulent viscosity limited to viscosity ratio of 1.000000e+05 in 984 cells 

 Reversed flow on 521 faces of pressure-outlet 7.
   601  5.6324e-01  7.8029e-05  9.0201e-05  7.5148e-05  2.3352e-03  1.0576e-02  1.1057e-03  0:03:17   24

 turbulent viscosity limited to viscosity ratio of 1.000000e+05 in 981 cells 

 Reversed flow on 518 faces of pressure-outlet 7.
   602  5.6229e-01  7.7916e-05  8.9907e-05  7.5021e-05  2.3264e-03  1.0144e-02  1.1048e-03  0:03:13   23

 turbulent viscosity limited to viscosity ratio of 1.000000e+05 in 981 cells 

 Reversed flow on 511 faces of pressure-outlet 7.
   603  5.6094e-01  7.7811e-05  8.9590e-05  7.4902e-05  2.3175e-03  9.4999e-03  1.1039e-03  0:03:03   22

 turbulent viscosity limited to viscosity ratio of 1.000000e+05 in 981 cells 

 Reversed flow on 502 faces of pressure-outlet 7.
   604  5.5975e-01  7.7697e-05  8.9307e-05  7.4799e-05  2.3137e-03  9.8868e-03  1.1031e-03  0:02:53   21

 turbulent viscosity limited to viscosity ratio of 1.000000e+05 in 980 cells 

 Reversed flow on 505 faces of pressure-outlet 7.
   605  5.5919e-01  7.7590e-05  8.9036e-05  7.4696e-05  2.3066e-03  9.5637e-03  1.1022e-03  0:02:48   20

 turbulent viscosity limited to viscosity ratio of 1.000000e+05 in 979 cells 

 Reversed flow on 497 faces of pressure-outlet 7.
   606  5.5847e-01  7.7450e-05  8.8749e-05  7.4569e-05  2.3033e-03  9.9099e-03  1.1012e-03  0:02:38   19

 turbulent viscosity limited to viscosity ratio of 1.000000e+05 in 979 cells 

 Reversed flow on 506 faces of pressure-outlet 7.
   607  5.5749e-01  7.7304e-05  8.8465e-05  7.4456e-05  2.2983e-03  9.2590e-03  1.1002e-03  0:02:29   18

 turbulent viscosity limited to viscosity ratio of 1.000000e+05 in 979 cells 

 Reversed flow on 514 faces of pressure-outlet 7.
   608  5.5620e-01  7.7168e-05  8.8214e-05  7.4328e-05  2.2953e-03  9.1496e-03  1.0992e-03  0:02:23   17

 turbulent viscosity limited to viscosity ratio of 1.000000e+05 in 978 cells 

 Reversed flow on 502 faces of pressure-outlet 7.
   609  5.5513e-01  7.7007e-05  8.7962e-05  7.4199e-05  2.2886e-03  8.2905e-03  1.0980e-03  0:02:13   16

 turbulent viscosity limited to viscosity ratio of 1.000000e+05 in 977 cells 

 Reversed flow on 490 faces of pressure-outlet 7.
   610  5.5358e-01  7.6850e-05  8.7693e-05  7.4058e-05  2.2886e-03  8.5843e-03  1.0968e-03  0:02:04   15

 turbulent viscosity limited to viscosity ratio of 1.000000e+05 in 977 cells 

 Reversed flow on 484 faces of pressure-outlet 7.

  iter  continuity  x-velocity  y-velocity  z-velocity           k     epsilon  vf-phase-2     time/iter
   611  5.5183e-01  7.6700e-05  8.7403e-05  7.3944e-05  2.2858e-03  9.1732e-03  1.0956e-03  0:01:58   14

 turbulent viscosity limited to viscosity ratio of 1.000000e+05 in 976 cells 

 Reversed flow on 486 faces of pressure-outlet 7.
   612  5.5053e-01  7.6543e-05  8.7126e-05  7.3774e-05  2.2842e-03  9.0952e-03  1.0942e-03  0:01:48   13

 turbulent viscosity limited to viscosity ratio of 1.000000e+05 in 976 cells 

 Reversed flow on 480 faces of pressure-outlet 7.
   613  5.4959e-01  7.6393e-05  8.6873e-05  7.3624e-05  2.2806e-03  8.8010e-03  1.0928e-03  0:01:39   12

 turbulent viscosity limited to viscosity ratio of 1.000000e+05 in 975 cells 

 Reversed flow on 467 faces of pressure-outlet 7.
   614  5.4848e-01  7.6233e-05  8.6617e-05  7.3490e-05  2.2805e-03  9.6839e-03  1.0913e-03  0:01:32   11

 turbulent viscosity limited to viscosity ratio of 1.000000e+05 in 974 cells 

 Reversed flow on 462 faces of pressure-outlet 7.
   615  5.4796e-01  7.6090e-05  8.6362e-05  7.3353e-05  2.2789e-03  9.8827e-03  1.0897e-03  0:01:23   10

 turbulent viscosity limited to viscosity ratio of 1.000000e+05 in 974 cells 

 Reversed flow on 461 faces of pressure-outlet 7.
   616  5.4705e-01  7.5951e-05  8.6093e-05  7.3200e-05  2.2736e-03  8.7754e-03  1.0881e-03  0:01:14    9

 turbulent viscosity limited to viscosity ratio of 1.000000e+05 in 973 cells 

 Reversed flow on 455 faces of pressure-outlet 7.
   617  5.4546e-01  7.5813e-05  8.5844e-05  7.3025e-05  2.2722e-03  9.2244e-03  1.0863e-03  0:01:06    8

 turbulent viscosity limited to viscosity ratio of 1.000000e+05 in 973 cells 

 Reversed flow on 451 faces of pressure-outlet 7.
   618  5.4404e-01  7.5665e-05  8.5580e-05  7.2865e-05  2.2674e-03  8.5484e-03  1.0845e-03  0:00:59    7

 turbulent viscosity limited to viscosity ratio of 1.000000e+05 in 974 cells 

 Reversed flow on 438 faces of pressure-outlet 7.
   619  5.4276e-01  7.5544e-05  8.5329e-05  7.2698e-05  2.2636e-03  8.6495e-03  1.0826e-03  0:00:50    6

 turbulent viscosity limited to viscosity ratio of 1.000000e+05 in 976 cells 

 Reversed flow on 432 faces of pressure-outlet 7.
   620  5.4150e-01  7.5425e-05  8.5077e-05  7.2536e-05  2.2636e-03  8.8222e-03  1.0807e-03  0:00:41    5

 turbulent viscosity limited to viscosity ratio of 1.000000e+05 in 976 cells 

 Reversed flow on 440 faces of pressure-outlet 7.
   621  5.4027e-01  7.5319e-05  8.4844e-05  7.2349e-05  2.2564e-03  8.3759e-03  1.0787e-03  0:00:34    4

 turbulent viscosity limited to viscosity ratio of 1.000000e+05 in 976 cells 

 Reversed flow on 433 faces of pressure-outlet 7.

  iter  continuity  x-velocity  y-velocity  z-velocity           k     epsilon  vf-phase-2     time/iter
   622  5.3919e-01  7.5195e-05  8.4622e-05  7.2186e-05  2.2518e-03  8.5237e-03  1.0766e-03  0:00:25    3

 turbulent viscosity limited to viscosity ratio of 1.000000e+05 in 974 cells 

 Reversed flow on 434 faces of pressure-outlet 7.
   623  5.3775e-01  7.5104e-05  8.4401e-05  7.2023e-05  2.2489e-03  8.6330e-03  1.0745e-03  0:00:16    2

 turbulent viscosity limited to viscosity ratio of 1.000000e+05 in 974 cells 

 Reversed flow on 430 faces of pressure-outlet 7.
   624  5.3618e-01  7.5021e-05  8.4188e-05  7.1848e-05  2.2449e-03  8.0627e-03  1.0723e-03  0:00:08    1

 turbulent viscosity limited to viscosity ratio of 1.000000e+05 in 974 cells 

 Reversed flow on 424 faces of pressure-outlet 7.
   625  5.3547e-01  7.4937e-05  8.3973e-05  7.1669e-05  2.2407e-03  8.0568e-03  1.0701e-03  0:00:00    0
iterate_625: RPC returned
progress: 625/1500

  iter  continuity  x-velocity  y-velocity  z-velocity           k     epsilon  vf-phase-2     time/iter
   625  5.3547e-01  7.4937e-05  8.3973e-05  7.1669e-05  2.2407e-03  8.0568e-03  1.0701e-03  0:03:28   25

 turbulent viscosity limited to viscosity ratio of 1.000000e+05 in 974 cells 

 Reversed flow on 425 faces of pressure-outlet 7.
   626  5.3403e-01  7.4826e-05  8.3773e-05  7.1509e-05  2.2385e-03  7.8957e-03  1.0679e-03  0:03:23   24

 turbulent viscosity limited to viscosity ratio of 1.000000e+05 in 974 cells 

 Reversed flow on 423 faces of pressure-outlet 7.
   627  5.3283e-01  7.4722e-05  8.3570e-05  7.1359e-05  2.2384e-03  8.5896e-03  1.0657e-03  0:03:12   23

 turbulent viscosity limited to viscosity ratio of 1.000000e+05 in 974 cells 

 Reversed flow on 417 faces of pressure-outlet 7.
   628  5.3119e-01  7.4610e-05  8.3373e-05  7.1199e-05  2.2367e-03  8.5885e-03  1.0635e-03  0:03:07   22

 turbulent viscosity limited to viscosity ratio of 1.000000e+05 in 973 cells 

 Reversed flow on 420 faces of pressure-outlet 7.
   629  5.2921e-01  7.4509e-05  8.3186e-05  7.1036e-05  2.2381e-03  9.2298e-03  1.0613e-03  0:02:56   21

 turbulent viscosity limited to viscosity ratio of 1.000000e+05 in 971 cells 

 Reversed flow on 413 faces of pressure-outlet 7.
   630  5.2788e-01  7.4386e-05  8.3014e-05  7.0894e-05  2.2373e-03  8.6544e-03  1.0592e-03  0:02:46   20

 turbulent viscosity limited to viscosity ratio of 1.000000e+05 in 970 cells 

 Reversed flow on 408 faces of pressure-outlet 7.
   631  5.2694e-01  7.4253e-05  8.2872e-05  7.0760e-05  2.2371e-03  9.1510e-03  1.0570e-03  0:02:41   19

 turbulent viscosity limited to viscosity ratio of 1.000000e+05 in 970 cells 

 Reversed flow on 416 faces of pressure-outlet 7.
   632  5.2552e-01  7.4145e-05  8.2715e-05  7.0633e-05  2.2365e-03  8.5381e-03  1.0550e-03  0:02:31   18

 turbulent viscosity limited to viscosity ratio of 1.000000e+05 in 969 cells 

 Reversed flow on 408 faces of pressure-outlet 7.
   633  5.2437e-01  7.3994e-05  8.2549e-05  7.0504e-05  2.2381e-03  9.2746e-03  1.0529e-03  0:02:21   17

 turbulent viscosity limited to viscosity ratio of 1.000000e+05 in 970 cells 

 Reversed flow on 412 faces of pressure-outlet 7.
   634  5.2386e-01  7.3889e-05  8.2410e-05  7.0399e-05  2.2366e-03  8.5517e-03  1.0510e-03  0:02:15   16

 turbulent viscosity limited to viscosity ratio of 1.000000e+05 in 969 cells 

 Reversed flow on 415 faces of pressure-outlet 7.
   635  5.2276e-01  7.3770e-05  8.2274e-05  7.0325e-05  2.2362e-03  8.8677e-03  1.0490e-03  0:02:05   15

 turbulent viscosity limited to viscosity ratio of 1.000000e+05 in 968 cells 

 Reversed flow on 419 faces of pressure-outlet 7.

  iter  continuity  x-velocity  y-velocity  z-velocity           k     epsilon  vf-phase-2     time/iter
   636  5.2146e-01  7.3611e-05  8.2136e-05  7.0250e-05  2.2353e-03  8.5617e-03  1.0471e-03  0:01:56   14

 turbulent viscosity limited to viscosity ratio of 1.000000e+05 in 968 cells 

 Reversed flow on 429 faces of pressure-outlet 7.
   637  5.2062e-01  7.3453e-05  8.2005e-05  7.0195e-05  2.2344e-03  8.2822e-03  1.0453e-03  0:01:49   13

 turbulent viscosity limited to viscosity ratio of 1.000000e+05 in 968 cells 

 Reversed flow on 421 faces of pressure-outlet 7.
   638  5.2003e-01  7.3300e-05  8.1874e-05  7.0126e-05  2.2332e-03  8.1693e-03  1.0436e-03  0:01:40   12

 turbulent viscosity limited to viscosity ratio of 1.000000e+05 in 966 cells 

 Reversed flow on 418 faces of pressure-outlet 7.
   639  5.1888e-01  7.3146e-05  8.1724e-05  7.0077e-05  2.2350e-03  9.3435e-03  1.0419e-03  0:01:31   11

 turbulent viscosity limited to viscosity ratio of 1.000000e+05 in 966 cells 

 Reversed flow on 410 faces of pressure-outlet 7.
   640  5.1738e-01  7.2980e-05  8.1556e-05  7.0041e-05  2.2314e-03  8.6912e-03  1.0404e-03  0:01:22   10

 turbulent viscosity limited to viscosity ratio of 1.000000e+05 in 966 cells 

 Reversed flow on 412 faces of pressure-outlet 7.
   641  5.1592e-01  7.2791e-05  8.1403e-05  7.0000e-05  2.2312e-03  9.8639e-03  1.0389e-03  0:01:15    9

 turbulent viscosity limited to viscosity ratio of 1.000000e+05 in 966 cells 

 Reversed flow on 428 faces of pressure-outlet 7.
   642  5.1473e-01  7.2621e-05  8.1270e-05  6.9973e-05  2.2270e-03  8.8371e-03  1.0374e-03  0:01:06    8

 turbulent viscosity limited to viscosity ratio of 1.000000e+05 in 965 cells 

 Reversed flow on 429 faces of pressure-outlet 7.
   643  5.1349e-01  7.2441e-05  8.1132e-05  6.9957e-05  2.2226e-03  9.2374e-03  1.0360e-03  0:00:58    7

 turbulent viscosity limited to viscosity ratio of 1.000000e+05 in 963 cells 

 Reversed flow on 424 faces of pressure-outlet 7.
   644  5.1267e-01  7.2266e-05  8.0995e-05  6.9924e-05  2.2174e-03  8.6876e-03  1.0347e-03  0:00:50    6

 turbulent viscosity limited to viscosity ratio of 1.000000e+05 in 962 cells 

 Reversed flow on 424 faces of pressure-outlet 7.
   645  5.1217e-01  7.2098e-05  8.0876e-05  6.9906e-05  2.2146e-03  9.2156e-03  1.0334e-03  0:00:42    5

 turbulent viscosity limited to viscosity ratio of 1.000000e+05 in 961 cells 

 Reversed flow on 429 faces of pressure-outlet 7.
   646  5.1126e-01  7.1901e-05  8.0743e-05  6.9875e-05  2.2073e-03  8.8799e-03  1.0321e-03  0:00:33    4

 turbulent viscosity limited to viscosity ratio of 1.000000e+05 in 960 cells 

 Reversed flow on 431 faces of pressure-outlet 7.

  iter  continuity  x-velocity  y-velocity  z-velocity           k     epsilon  vf-phase-2     time/iter
   647  5.1033e-01  7.1728e-05  8.0621e-05  6.9853e-05  2.2055e-03  1.0537e-02  1.0308e-03  0:00:25    3

 turbulent viscosity limited to viscosity ratio of 1.000000e+05 in 960 cells 

 Reversed flow on 429 faces of pressure-outlet 7.
   648  5.0897e-01  7.1565e-05  8.0481e-05  6.9825e-05  2.1993e-03  1.0284e-02  1.0295e-03  0:00:17    2

 turbulent viscosity limited to viscosity ratio of 1.000000e+05 in 959 cells 

 Reversed flow on 431 faces of pressure-outlet 7.
   649  5.0825e-01  7.1373e-05  8.0332e-05  6.9789e-05  2.1913e-03  9.9404e-03  1.0282e-03  0:00:08    1

 turbulent viscosity limited to viscosity ratio of 1.000000e+05 in 957 cells 

 Reversed flow on 443 faces of pressure-outlet 7.
   650  5.0725e-01  7.1177e-05  8.0199e-05  6.9695e-05  2.1827e-03  9.1356e-03  1.0269e-03  0:00:00    0
iterate_650: RPC returned
progress: 650/1500

  iter  continuity  x-velocity  y-velocity  z-velocity           k     epsilon  vf-phase-2     time/iter
   650  5.0725e-01  7.1177e-05  8.0199e-05  6.9695e-05  2.1827e-03  9.1356e-03  1.0269e-03  0:03:31   25

 turbulent viscosity limited to viscosity ratio of 1.000000e+05 in 957 cells 

 Reversed flow on 445 faces of pressure-outlet 7.
   651  5.0593e-01  7.1012e-05  8.0061e-05  6.9594e-05  2.1758e-03  8.8908e-03  1.0256e-03  0:03:25   24

 turbulent viscosity limited to viscosity ratio of 1.000000e+05 in 953 cells 

 Reversed flow on 443 faces of pressure-outlet 7.
   652  5.0523e-01  7.0859e-05  7.9930e-05  6.9484e-05  2.1664e-03  8.4070e-03  1.0243e-03  0:03:14   23

 turbulent viscosity limited to viscosity ratio of 1.000000e+05 in 953 cells 

 Reversed flow on 440 faces of pressure-outlet 7.
   653  5.0479e-01  7.0722e-05  7.9817e-05  6.9367e-05  2.1557e-03  7.6701e-03  1.0230e-03  0:03:08   22

 turbulent viscosity limited to viscosity ratio of 1.000000e+05 in 954 cells 

 Reversed flow on 436 faces of pressure-outlet 7.
   654  5.0449e-01  7.0572e-05  7.9695e-05  6.9275e-05  2.1492e-03  7.9596e-03  1.0217e-03  0:02:57   21

 turbulent viscosity limited to viscosity ratio of 1.000000e+05 in 953 cells 

 Reversed flow on 440 faces of pressure-outlet 7.
   655  5.0406e-01  7.0428e-05  7.9560e-05  6.9172e-05  2.1438e-03  8.3710e-03  1.0204e-03  0:02:47   20

 turbulent viscosity limited to viscosity ratio of 1.000000e+05 in 951 cells 

 Reversed flow on 439 faces of pressure-outlet 7.
   656  5.0347e-01  7.0296e-05  7.9447e-05  6.9072e-05  2.1395e-03  9.7091e-03  1.0191e-03  0:02:37   19

 turbulent viscosity limited to viscosity ratio of 1.000000e+05 in 951 cells 

 Reversed flow on 450 faces of pressure-outlet 7.
   657  5.0341e-01  7.0213e-05  7.9319e-05  6.8947e-05  2.1340e-03  9.3788e-03  1.0178e-03  0:02:32   18

 turbulent viscosity limited to viscosity ratio of 1.000000e+05 in 951 cells 

 Reversed flow on 455 faces of pressure-outlet 7.
   658  5.0241e-01  7.0110e-05  7.9220e-05  6.8788e-05  2.1244e-03  9.2846e-03  1.0165e-03  0:02:22   17

 turbulent viscosity limited to viscosity ratio of 1.000000e+05 in 951 cells 

 Reversed flow on 456 faces of pressure-outlet 7.
   659  5.0136e-01  7.0019e-05  7.9118e-05  6.8638e-05  2.1171e-03  9.0884e-03  1.0153e-03  0:02:12   16

 turbulent viscosity limited to viscosity ratio of 1.000000e+05 in 950 cells 

 Reversed flow on 462 faces of pressure-outlet 7.
   660  4.9965e-01  6.9919e-05  7.9041e-05  6.8444e-05  2.1071e-03  7.8862e-03  1.0140e-03  0:02:06   15

 turbulent viscosity limited to viscosity ratio of 1.000000e+05 in 950 cells 

 Reversed flow on 451 faces of pressure-outlet 7.

  iter  continuity  x-velocity  y-velocity  z-velocity           k     epsilon  vf-phase-2     time/iter
   661  4.9838e-01  6.9838e-05  7.8960e-05  6.8216e-05  2.0979e-03  7.2609e-03  1.0128e-03  0:01:57   14

 turbulent viscosity limited to viscosity ratio of 1.000000e+05 in 951 cells 

 Reversed flow on 452 faces of pressure-outlet 7.
   662  4.9709e-01  6.9759e-05  7.8879e-05  6.7991e-05  2.0932e-03  7.3831e-03  1.0116e-03  0:01:50   13

 turbulent viscosity limited to viscosity ratio of 1.000000e+05 in 950 cells 

 Reversed flow on 448 faces of pressure-outlet 7.
   663  4.9579e-01  6.9677e-05  7.8807e-05  6.7773e-05  2.0883e-03  7.5461e-03  1.0105e-03  0:01:40   12

 turbulent viscosity limited to viscosity ratio of 1.000000e+05 in 948 cells 

 Reversed flow on 449 faces of pressure-outlet 7.
   664  4.9420e-01  6.9615e-05  7.8730e-05  6.7553e-05  2.0804e-03  7.0526e-03  1.0093e-03  0:01:31   11

 turbulent viscosity limited to viscosity ratio of 1.000000e+05 in 945 cells 

 Reversed flow on 455 faces of pressure-outlet 7.
   665  4.9232e-01  6.9543e-05  7.8649e-05  6.7320e-05  2.0789e-03  8.2753e-03  1.0082e-03  0:01:24   10

 turbulent viscosity limited to viscosity ratio of 1.000000e+05 in 944 cells 

 Reversed flow on 461 faces of pressure-outlet 7.
   666  4.9075e-01  6.9491e-05  7.8608e-05  6.7074e-05  2.0731e-03  7.5254e-03  1.0071e-03  0:01:15    9

 turbulent viscosity limited to viscosity ratio of 1.000000e+05 in 943 cells 

 Reversed flow on 455 faces of pressure-outlet 7.
   667  4.8927e-01  6.9465e-05  7.8564e-05  6.6800e-05  2.0688e-03  8.1628e-03  1.0061e-03  0:01:08    8

 turbulent viscosity limited to viscosity ratio of 1.000000e+05 in 942 cells 

 Reversed flow on 461 faces of pressure-outlet 7.
   668  4.8825e-01  6.9441e-05  7.8528e-05  6.6550e-05  2.0655e-03  8.1231e-03  1.0051e-03  0:00:59    7

 turbulent viscosity limited to viscosity ratio of 1.000000e+05 in 941 cells 

 Reversed flow on 455 faces of pressure-outlet 7.
   669  4.8667e-01  6.9428e-05  7.8489e-05  6.6330e-05  2.0637e-03  8.5256e-03  1.0042e-03  0:00:50    6

 turbulent viscosity limited to viscosity ratio of 1.000000e+05 in 941 cells 

 Reversed flow on 464 faces of pressure-outlet 7.
   670  4.8514e-01  6.9406e-05  7.8454e-05  6.6120e-05  2.0601e-03  8.5967e-03  1.0033e-03  0:00:42    5

 turbulent viscosity limited to viscosity ratio of 1.000000e+05 in 940 cells 

 Reversed flow on 473 faces of pressure-outlet 7.
   671  4.8435e-01  6.9384e-05  7.8410e-05  6.5877e-05  2.0548e-03  7.7440e-03  1.0025e-03  0:00:33    4

 turbulent viscosity limited to viscosity ratio of 1.000000e+05 in 939 cells 

 Reversed flow on 463 faces of pressure-outlet 7.

  iter  continuity  x-velocity  y-velocity  z-velocity           k     epsilon  vf-phase-2     time/iter
   672  4.8328e-01  6.9377e-05  7.8370e-05  6.5638e-05  2.0533e-03  8.2675e-03  1.0017e-03  0:00:25    3

 turbulent viscosity limited to viscosity ratio of 1.000000e+05 in 939 cells 

 Reversed flow on 462 faces of pressure-outlet 7.
   673  4.8166e-01  6.9369e-05  7.8334e-05  6.5424e-05  2.0490e-03  8.0625e-03  1.0010e-03  0:00:17    2

 turbulent viscosity limited to viscosity ratio of 1.000000e+05 in 938 cells 

 Reversed flow on 462 faces of pressure-outlet 7.
   674  4.8011e-01  6.9360e-05  7.8275e-05  6.5218e-05  2.0453e-03  7.6440e-03  1.0002e-03  0:00:08    1

 turbulent viscosity limited to viscosity ratio of 1.000000e+05 in 938 cells 

 Reversed flow on 462 faces of pressure-outlet 7.
   675  4.7902e-01  6.9354e-05  7.8219e-05  6.5011e-05  2.0444e-03  7.6114e-03  9.9949e-04  0:00:00    0
iterate_675: RPC returned
progress: 675/1500

  iter  continuity  x-velocity  y-velocity  z-velocity           k     epsilon  vf-phase-2     time/iter
   675  4.7902e-01  6.9354e-05  7.8219e-05  6.5011e-05  2.0444e-03  7.6114e-03  9.9949e-04  0:03:31   25

 turbulent viscosity limited to viscosity ratio of 1.000000e+05 in 939 cells 

 Reversed flow on 461 faces of pressure-outlet 7.
   676  4.7773e-01  6.9337e-05  7.8165e-05  6.4812e-05  2.0415e-03  7.2085e-03  9.9878e-04  0:03:25   24

 turbulent viscosity limited to viscosity ratio of 1.000000e+05 in 937 cells 

 Reversed flow on 458 faces of pressure-outlet 7.
   677  4.7616e-01  6.9328e-05  7.8108e-05  6.4630e-05  2.0405e-03  7.4302e-03  9.9807e-04  0:03:14   23

 turbulent viscosity limited to viscosity ratio of 1.000000e+05 in 937 cells 

 Reversed flow on 452 faces of pressure-outlet 7.
   678  4.7563e-01  6.9343e-05  7.8071e-05  6.4436e-05  2.0378e-03  6.9309e-03  9.9735e-04  0:03:04   22

 turbulent viscosity limited to viscosity ratio of 1.000000e+05 in 937 cells 

 Reversed flow on 465 faces of pressure-outlet 7.
   679  4.7459e-01  6.9315e-05  7.8032e-05  6.4272e-05  2.0366e-03  6.7757e-03  9.9670e-04  0:02:58   21

 turbulent viscosity limited to viscosity ratio of 1.000000e+05 in 936 cells 

 Reversed flow on 468 faces of pressure-outlet 7.
   680  4.7359e-01  6.9315e-05  7.7962e-05  6.4101e-05  2.0354e-03  6.9351e-03  9.9619e-04  0:02:48   20

 turbulent viscosity limited to viscosity ratio of 1.000000e+05 in 935 cells 

 Reversed flow on 460 faces of pressure-outlet 7.
   681  4.7274e-01  6.9304e-05  7.7892e-05  6.3942e-05  2.0353e-03  6.6173e-03  9.9567e-04  0:02:38   19

 turbulent viscosity limited to viscosity ratio of 1.000000e+05 in 934 cells 

 Reversed flow on 461 faces of pressure-outlet 7.
   682  4.7153e-01  6.9267e-05  7.7840e-05  6.3775e-05  2.0365e-03  6.7980e-03  9.9509e-04  0:02:32   18

 turbulent viscosity limited to viscosity ratio of 1.000000e+05 in 933 cells 

 Reversed flow on 460 faces of pressure-outlet 7.
   683  4.7072e-01  6.9235e-05  7.7781e-05  6.3620e-05  2.0376e-03  7.0323e-03  9.9451e-04  0:02:22   17

 turbulent viscosity limited to viscosity ratio of 1.000000e+05 in 933 cells 

 Reversed flow on 450 faces of pressure-outlet 7.
   684  4.7001e-01  6.9201e-05  7.7706e-05  6.3468e-05  2.0376e-03  7.0364e-03  9.9391e-04  0:02:13   16

 turbulent viscosity limited to viscosity ratio of 1.000000e+05 in 932 cells 

 Reversed flow on 448 faces of pressure-outlet 7.
   685  4.6968e-01  6.9176e-05  7.7640e-05  6.3331e-05  2.0357e-03  6.5219e-03  9.9331e-04  0:02:06   15

 turbulent viscosity limited to viscosity ratio of 1.000000e+05 in 930 cells 

 Reversed flow on 449 faces of pressure-outlet 7.

  iter  continuity  x-velocity  y-velocity  z-velocity           k     epsilon  vf-phase-2     time/iter
   686  4.6918e-01  6.9127e-05  7.7539e-05  6.3194e-05  2.0372e-03  6.8458e-03  9.9272e-04  0:01:57   14

 turbulent viscosity limited to viscosity ratio of 1.000000e+05 in 930 cells 

 Reversed flow on 457 faces of pressure-outlet 7.
   687  4.6847e-01  6.9077e-05  7.7445e-05  6.3049e-05  2.0379e-03  7.1575e-03  9.9207e-04  0:01:48   13

 turbulent viscosity limited to viscosity ratio of 1.000000e+05 in 931 cells 

 Reversed flow on 452 faces of pressure-outlet 7.
   688  4.6804e-01  6.9023e-05  7.7351e-05  6.2923e-05  2.0387e-03  8.4491e-03  9.9144e-04  0:01:41   12

 turbulent viscosity limited to viscosity ratio of 1.000000e+05 in 931 cells 

 Reversed flow on 452 faces of pressure-outlet 7.
   689  4.6762e-01  6.8959e-05  7.7269e-05  6.2811e-05  2.0397e-03  7.8197e-03  9.9085e-04  0:01:32   11

 turbulent viscosity limited to viscosity ratio of 1.000000e+05 in 930 cells 

 Reversed flow on 464 faces of pressure-outlet 7.
   690  4.6664e-01  6.8867e-05  7.7167e-05  6.2702e-05  2.0362e-03  7.1610e-03  9.9023e-04  0:01:23   10

 turbulent viscosity limited to viscosity ratio of 1.000000e+05 in 930 cells 

 Reversed flow on 460 faces of pressure-outlet 7.
   691  4.6581e-01  6.8753e-05  7.7060e-05  6.2576e-05  2.0334e-03  6.6011e-03  9.8955e-04  0:01:16    9

 turbulent viscosity limited to viscosity ratio of 1.000000e+05 in 930 cells 

 Reversed flow on 461 faces of pressure-outlet 7.
   692  4.6503e-01  6.8615e-05  7.6928e-05  6.2441e-05  2.0313e-03  6.4667e-03  9.8887e-04  0:01:07    8

 turbulent viscosity limited to viscosity ratio of 1.000000e+05 in 931 cells 

 Reversed flow on 467 faces of pressure-outlet 7.
   693  4.6402e-01  6.8475e-05  7.6799e-05  6.2307e-05  2.0285e-03  6.2174e-03  9.8825e-04  0:00:58    7

 turbulent viscosity limited to viscosity ratio of 1.000000e+05 in 931 cells 

 Reversed flow on 466 faces of pressure-outlet 7.
   694  4.6320e-01  6.8323e-05  7.6652e-05  6.2176e-05  2.0281e-03  6.4036e-03  9.8759e-04  0:00:50    6

 turbulent viscosity limited to viscosity ratio of 1.000000e+05 in 931 cells 

 Reversed flow on 463 faces of pressure-outlet 7.
   695  4.6235e-01  6.8163e-05  7.6521e-05  6.2044e-05  2.0268e-03  6.9619e-03  9.8697e-04  0:00:42    5

 turbulent viscosity limited to viscosity ratio of 1.000000e+05 in 930 cells 

 Reversed flow on 465 faces of pressure-outlet 7.
   696  4.6185e-01  6.7998e-05  7.6386e-05  6.1928e-05  2.0241e-03  6.5492e-03  9.8638e-04  0:00:33    4

 turbulent viscosity limited to viscosity ratio of 1.000000e+05 in 930 cells 

 Reversed flow on 473 faces of pressure-outlet 7.

  iter  continuity  x-velocity  y-velocity  z-velocity           k     epsilon  vf-phase-2     time/iter
   697  4.6144e-01  6.7833e-05  7.6217e-05  6.1802e-05  2.0216e-03  7.0918e-03  9.8580e-04  0:00:25    3

 turbulent viscosity limited to viscosity ratio of 1.000000e+05 in 929 cells 

 Reversed flow on 481 faces of pressure-outlet 7.
   698  4.6115e-01  6.7625e-05  7.6073e-05  6.1668e-05  2.0178e-03  6.8202e-03  9.8523e-04  0:00:17    2

 turbulent viscosity limited to viscosity ratio of 1.000000e+05 in 928 cells 

 Reversed flow on 471 faces of pressure-outlet 7.
   699  4.6049e-01  6.7418e-05  7.5903e-05  6.1530e-05  2.0121e-03  7.0013e-03  9.8465e-04  0:00:08    1

 turbulent viscosity limited to viscosity ratio of 1.000000e+05 in 928 cells 

 Reversed flow on 466 faces of pressure-outlet 7.
   700  4.6032e-01  6.7221e-05  7.5723e-05  6.1402e-05  2.0084e-03  6.7399e-03  9.8410e-04  0:00:00    0
iterate_700: RPC returned
progress: 700/1500

  iter  continuity  x-velocity  y-velocity  z-velocity           k     epsilon  vf-phase-2     time/iter
   700  4.6032e-01  6.7221e-05  7.5723e-05  6.1402e-05  2.0084e-03  6.7399e-03  9.8410e-04  0:03:30   25

 turbulent viscosity limited to viscosity ratio of 1.000000e+05 in 928 cells 

 Reversed flow on 459 faces of pressure-outlet 7.
   701  4.5976e-01  6.7005e-05  7.5516e-05  6.1266e-05  2.0022e-03  6.4217e-03  9.8367e-04  0:03:25   24

 turbulent viscosity limited to viscosity ratio of 1.000000e+05 in 927 cells 

 Reversed flow on 475 faces of pressure-outlet 7.
   702  4.5899e-01  6.6768e-05  7.5327e-05  6.1119e-05  1.9961e-03  6.8590e-03  9.8332e-04  0:03:14   23

 turbulent viscosity limited to viscosity ratio of 1.000000e+05 in 926 cells 

 Reversed flow on 480 faces of pressure-outlet 7.
   703  4.5834e-01  6.6536e-05  7.5118e-05  6.0976e-05  1.9901e-03  7.0285e-03  9.8315e-04  0:03:03   22

 turbulent viscosity limited to viscosity ratio of 1.000000e+05 in 925 cells 

 Reversed flow on 485 faces of pressure-outlet 7.
   704  4.5779e-01  6.6290e-05  7.4906e-05  6.0825e-05  1.9832e-03  6.6978e-03  9.8307e-04  0:02:58   21

 turbulent viscosity limited to viscosity ratio of 1.000000e+05 in 925 cells 

 Reversed flow on 479 faces of pressure-outlet 7.
   705  4.5717e-01  6.6058e-05  7.4675e-05  6.0650e-05  1.9762e-03  6.7891e-03  9.8310e-04  0:02:48   20

 turbulent viscosity limited to viscosity ratio of 1.000000e+05 in 925 cells 

 Reversed flow on 492 faces of pressure-outlet 7.
   706  4.5631e-01  6.5822e-05  7.4488e-05  6.0485e-05  1.9676e-03  6.3078e-03  9.8323e-04  0:02:38   19

 turbulent viscosity limited to viscosity ratio of 1.000000e+05 in 924 cells 

 Reversed flow on 487 faces of pressure-outlet 7.
   707  4.5596e-01  6.5564e-05  7.4247e-05  6.0327e-05  1.9604e-03  6.4261e-03  9.8345e-04  0:02:32   18

 turbulent viscosity limited to viscosity ratio of 1.000000e+05 in 922 cells 

 Reversed flow on 487 faces of pressure-outlet 7.
   708  4.5466e-01  6.5307e-05  7.3998e-05  6.0158e-05  1.9509e-03  6.1434e-03  9.8378e-04  0:02:22   17

 turbulent viscosity limited to viscosity ratio of 1.000000e+05 in 922 cells 

 Reversed flow on 488 faces of pressure-outlet 7.
   709  4.5377e-01  6.5047e-05  7.3735e-05  5.9986e-05  1.9427e-03  6.2347e-03  9.8416e-04  0:02:13   16

 turbulent viscosity limited to viscosity ratio of 1.000000e+05 in 922 cells 

 Reversed flow on 485 faces of pressure-outlet 7.
   710  4.5275e-01  6.4777e-05  7.3459e-05  5.9809e-05  1.9333e-03  6.0686e-03  9.8466e-04  0:02:03   15

 turbulent viscosity limited to viscosity ratio of 1.000000e+05 in 922 cells 

 Reversed flow on 484 faces of pressure-outlet 7.

  iter  continuity  x-velocity  y-velocity  z-velocity           k     epsilon  vf-phase-2     time/iter
   711  4.5195e-01  6.4514e-05  7.3187e-05  5.9641e-05  1.9250e-03  6.3583e-03  9.8528e-04  0:01:57   14

 turbulent viscosity limited to viscosity ratio of 1.000000e+05 in 922 cells 

 Reversed flow on 481 faces of pressure-outlet 7.
   712  4.5178e-01  6.4260e-05  7.2932e-05  5.9491e-05  1.9173e-03  6.6734e-03  9.8596e-04  0:01:48   13

 turbulent viscosity limited to viscosity ratio of 1.000000e+05 in 922 cells 

 Reversed flow on 483 faces of pressure-outlet 7.
   713  4.5161e-01  6.3994e-05  7.2642e-05  5.9326e-05  1.9063e-03  6.2933e-03  9.8677e-04  0:01:39   12

 turbulent viscosity limited to viscosity ratio of 1.000000e+05 in 922 cells 

 Reversed flow on 493 faces of pressure-outlet 7.
   714  4.5062e-01  6.3730e-05  7.2328e-05  5.9160e-05  1.8965e-03  6.1582e-03  9.8769e-04  0:01:32   11

 turbulent viscosity limited to viscosity ratio of 1.000000e+05 in 922 cells 

 Reversed flow on 493 faces of pressure-outlet 7.
   715  4.4948e-01  6.3437e-05  7.2013e-05  5.8991e-05  1.8864e-03  6.0833e-03  9.8863e-04  0:01:23   10

 turbulent viscosity limited to viscosity ratio of 1.000000e+05 in 920 cells 

 Reversed flow on 482 faces of pressure-outlet 7.
   716  4.4833e-01  6.3173e-05  7.1717e-05  5.8810e-05  1.8761e-03  5.7098e-03  9.8962e-04  0:01:14    9

 turbulent viscosity limited to viscosity ratio of 1.000000e+05 in 922 cells 

 Reversed flow on 487 faces of pressure-outlet 7.
   717  4.4730e-01  6.2896e-05  7.1422e-05  5.8646e-05  1.8689e-03  6.5956e-03  9.9074e-04  0:01:07    8

 turbulent viscosity limited to viscosity ratio of 1.000000e+05 in 922 cells 

 Reversed flow on 485 faces of pressure-outlet 7.
   718  4.4646e-01  6.2646e-05  7.1123e-05  5.8494e-05  1.8596e-03  6.1053e-03  9.9200e-04  0:00:58    7

 turbulent viscosity limited to viscosity ratio of 1.000000e+05 in 921 cells 

 Reversed flow on 487 faces of pressure-outlet 7.
   719  4.4542e-01  6.2351e-05  7.0824e-05  5.8366e-05  1.8529e-03  6.4254e-03  9.9338e-04  0:00:50    6

 turbulent viscosity limited to viscosity ratio of 1.000000e+05 in 920 cells 

 Reversed flow on 486 faces of pressure-outlet 7.
   720  4.4481e-01  6.2060e-05  7.0532e-05  5.8228e-05  1.8445e-03  6.2130e-03  9.9481e-04  0:00:41    5

 turbulent viscosity limited to viscosity ratio of 1.000000e+05 in 919 cells 

 Reversed flow on 487 faces of pressure-outlet 7.
   721  4.4401e-01  6.1779e-05  7.0223e-05  5.8098e-05  1.8366e-03  6.6322e-03  9.9631e-04  0:00:33    4

 turbulent viscosity limited to viscosity ratio of 1.000000e+05 in 915 cells 

 Reversed flow on 501 faces of pressure-outlet 7.

  iter  continuity  x-velocity  y-velocity  z-velocity           k     epsilon  vf-phase-2     time/iter
   722  4.4336e-01  6.1518e-05  6.9939e-05  5.7960e-05  1.8285e-03  6.0658e-03  9.9790e-04  0:00:25    3

 turbulent viscosity limited to viscosity ratio of 1.000000e+05 in 915 cells 

 Reversed flow on 484 faces of pressure-outlet 7.
   723  4.4278e-01  6.1236e-05  6.9644e-05  5.7807e-05  1.8222e-03  6.0437e-03  9.9953e-04  0:00:16    2

 turbulent viscosity limited to viscosity ratio of 1.000000e+05 in 915 cells 

 Reversed flow on 482 faces of pressure-outlet 7.
   724  4.4233e-01  6.0964e-05  6.9379e-05  5.7664e-05  1.8162e-03  5.9707e-03  1.0012e-03  0:00:08    1

iterate_725: RPC returned
progress: 725/1500
 turbulent viscosity limited to viscosity ratio of 1.000000e+05 in 915 cells 

 Reversed flow on 494 faces of pressure-outlet 7.
   725  4.4189e-01  6.0712e-05  6.9106e-05  5.7527e-05  1.8107e-03  6.5419e-03  1.0030e-03  0:00:00    0

  iter  continuity  x-velocity  y-velocity  z-velocity           k     epsilon  vf-phase-2     time/iter
   725  4.4189e-01  6.0712e-05  6.9106e-05  5.7527e-05  1.8107e-03  6.5419e-03  1.0030e-03  0:03:28   25

 turbulent viscosity limited to viscosity ratio of 1.000000e+05 in 913 cells 

 Reversed flow on 496 faces of pressure-outlet 7.
   726  4.4148e-01  6.0438e-05  6.8837e-05  5.7382e-05  1.8064e-03  6.2840e-03  1.0047e-03  0:03:23   24

 turbulent viscosity limited to viscosity ratio of 1.000000e+05 in 913 cells 

 Reversed flow on 497 faces of pressure-outlet 7.
   727  4.4070e-01  6.0156e-05  6.8554e-05  5.7242e-05  1.7985e-03  5.9164e-03  1.0065e-03  0:03:17   23

 turbulent viscosity limited to viscosity ratio of 1.000000e+05 in 912 cells 

 Reversed flow on 493 faces of pressure-outlet 7.
   728  4.3960e-01  5.9878e-05  6.8287e-05  5.7128e-05  1.7923e-03  6.2386e-03  1.0084e-03  0:03:06   22

 turbulent viscosity limited to viscosity ratio of 1.000000e+05 in 910 cells 

 Reversed flow on 485 faces of pressure-outlet 7.
   729  4.3851e-01  5.9615e-05  6.8010e-05  5.6988e-05  1.7868e-03  5.8355e-03  1.0103e-03  0:02:55   21

 turbulent viscosity limited to viscosity ratio of 1.000000e+05 in 909 cells 

 Reversed flow on 490 faces of pressure-outlet 7.
   730  4.3751e-01  5.9343e-05  6.7756e-05  5.6847e-05  1.7826e-03  6.2253e-03  1.0122e-03  0:02:50   20

 turbulent viscosity limited to viscosity ratio of 1.000000e+05 in 908 cells 

 Reversed flow on 498 faces of pressure-outlet 7.
   731  4.3657e-01  5.9103e-05  6.7511e-05  5.6703e-05  1.7780e-03  6.3568e-03  1.0141e-03  0:02:39   19

 turbulent viscosity limited to viscosity ratio of 1.000000e+05 in 907 cells 

 Reversed flow on 491 faces of pressure-outlet 7.
   732  4.3582e-01  5.8853e-05  6.7266e-05  5.6558e-05  1.7729e-03  6.0737e-03  1.0159e-03  0:02:30   18

 turbulent viscosity limited to viscosity ratio of 1.000000e+05 in 907 cells 

 Reversed flow on 493 faces of pressure-outlet 7.
   733  4.3505e-01  5.8615e-05  6.7029e-05  5.6407e-05  1.7672e-03  5.9512e-03  1.0178e-03  0:02:24   17

 turbulent viscosity limited to viscosity ratio of 1.000000e+05 in 906 cells 

 Reversed flow on 489 faces of pressure-outlet 7.
   734  4.3425e-01  5.8389e-05  6.6808e-05  5.6257e-05  1.7622e-03  5.7302e-03  1.0197e-03  0:02:14   16

 turbulent viscosity limited to viscosity ratio of 1.000000e+05 in 903 cells 

 Reversed flow on 492 faces of pressure-outlet 7.
   735  4.3384e-01  5.8165e-05  6.6595e-05  5.6098e-05  1.7569e-03  5.7000e-03  1.0215e-03  0:02:04   15

 turbulent viscosity limited to viscosity ratio of 1.000000e+05 in 903 cells 

 Reversed flow on 497 faces of pressure-outlet 7.

  iter  continuity  x-velocity  y-velocity  z-velocity           k     epsilon  vf-phase-2     time/iter
   736  4.3325e-01  5.7955e-05  6.6384e-05  5.5956e-05  1.7541e-03  7.1298e-03  1.0233e-03  0:01:58   14

 turbulent viscosity limited to viscosity ratio of 1.000000e+05 in 903 cells 

 Reversed flow on 497 faces of pressure-outlet 7.
   737  4.3252e-01  5.7755e-05  6.6158e-05  5.5832e-05  1.7487e-03  6.8984e-03  1.0250e-03  0:01:48   13

 turbulent viscosity limited to viscosity ratio of 1.000000e+05 in 904 cells 

 Reversed flow on 502 faces of pressure-outlet 7.
   738  4.3186e-01  5.7555e-05  6.5932e-05  5.5682e-05  1.7458e-03  6.8689e-03  1.0266e-03  0:01:39   12

 turbulent viscosity limited to viscosity ratio of 1.000000e+05 in 902 cells 

 Reversed flow on 494 faces of pressure-outlet 7.
   739  4.3122e-01  5.7350e-05  6.5724e-05  5.5521e-05  1.7383e-03  5.8361e-03  1.0280e-03  0:01:33   11

 turbulent viscosity limited to viscosity ratio of 1.000000e+05 in 901 cells 

 Reversed flow on 491 faces of pressure-outlet 7.
   740  4.3055e-01  5.7151e-05  6.5524e-05  5.5356e-05  1.7338e-03  5.7806e-03  1.0293e-03  0:01:23   10

 turbulent viscosity limited to viscosity ratio of 1.000000e+05 in 900 cells 

 Reversed flow on 487 faces of pressure-outlet 7.
   741  4.2994e-01  5.6964e-05  6.5338e-05  5.5196e-05  1.7292e-03  5.4754e-03  1.0306e-03  0:01:14    9

 turbulent viscosity limited to viscosity ratio of 1.000000e+05 in 898 cells 

 Reversed flow on 479 faces of pressure-outlet 7.
   742  4.2913e-01  5.6762e-05  6.5161e-05  5.5030e-05  1.7292e-03  7.5772e-03  1.0316e-03  0:01:07    8

 turbulent viscosity limited to viscosity ratio of 1.000000e+05 in 896 cells 

 Reversed flow on 487 faces of pressure-outlet 7.
   743  4.2847e-01  5.6589e-05  6.4978e-05  5.4873e-05  1.7271e-03  7.2087e-03  1.0325e-03  0:00:58    7

 turbulent viscosity limited to viscosity ratio of 1.000000e+05 in 893 cells 

 Reversed flow on 503 faces of pressure-outlet 7.
   744  4.2794e-01  5.6423e-05  6.4805e-05  5.4702e-05  1.7263e-03  7.4344e-03  1.0333e-03  0:00:50    6

 turbulent viscosity limited to viscosity ratio of 1.000000e+05 in 892 cells 

 Reversed flow on 499 faces of pressure-outlet 7.
   745  4.2755e-01  5.6256e-05  6.4628e-05  5.4540e-05  1.7209e-03  6.5410e-03  1.0339e-03  0:00:42    5

 turbulent viscosity limited to viscosity ratio of 1.000000e+05 in 892 cells 

 Reversed flow on 498 faces of pressure-outlet 7.
   746  4.2689e-01  5.6084e-05  6.4454e-05  5.4378e-05  1.7169e-03  6.0296e-03  1.0344e-03  0:00:33    4

 turbulent viscosity limited to viscosity ratio of 1.000000e+05 in 892 cells 

 Reversed flow on 500 faces of pressure-outlet 7.

  iter  continuity  x-velocity  y-velocity  z-velocity           k     epsilon  vf-phase-2     time/iter
   747  4.2621e-01  5.5925e-05  6.4280e-05  5.4225e-05  1.7157e-03  6.6170e-03  1.0346e-03  0:00:25    3

 turbulent viscosity limited to viscosity ratio of 1.000000e+05 in 893 cells 

 Reversed flow on 503 faces of pressure-outlet 7.
   748  4.2535e-01  5.5767e-05  6.4103e-05  5.4052e-05  1.7130e-03  5.8638e-03  1.0347e-03  0:00:17    2

 turbulent viscosity limited to viscosity ratio of 1.000000e+05 in 892 cells 

 Reversed flow on 500 faces of pressure-outlet 7.
   749  4.2463e-01  5.5613e-05  6.3946e-05  5.3872e-05  1.7119e-03  6.1350e-03  1.0347e-03  0:00:08    1

 turbulent viscosity limited to viscosity ratio of 1.000000e+05 in 891 cells 

 Reversed flow on 504 faces of pressure-outlet 7.
   750  4.2397e-01  5.5459e-05  6.3798e-05  5.3717e-05  1.7105e-03  5.8451e-03  1.0347e-03  0:00:00    0
iterate_750: RPC returned
progress: 750/1500

  iter  continuity  x-velocity  y-velocity  z-velocity           k     epsilon  vf-phase-2     time/iter
   750  4.2397e-01  5.5459e-05  6.3798e-05  5.3717e-05  1.7105e-03  5.8451e-03  1.0347e-03  0:03:27   25

 turbulent viscosity limited to viscosity ratio of 1.000000e+05 in 891 cells 

 Reversed flow on 495 faces of pressure-outlet 7.
   751  4.2382e-01  5.5327e-05  6.3639e-05  5.3560e-05  1.7084e-03  5.7384e-03  1.0344e-03  0:03:22   24

 turbulent viscosity limited to viscosity ratio of 1.000000e+05 in 891 cells 

 Reversed flow on 500 faces of pressure-outlet 7.
   752  4.2346e-01  5.5197e-05  6.3473e-05  5.3384e-05  1.7069e-03  5.8710e-03  1.0341e-03  0:03:16   23

 turbulent viscosity limited to viscosity ratio of 1.000000e+05 in 892 cells 

 Reversed flow on 490 faces of pressure-outlet 7.
   753  4.2282e-01  5.5067e-05  6.3323e-05  5.3215e-05  1.7068e-03  5.7551e-03  1.0337e-03  0:03:05   22

 turbulent viscosity limited to viscosity ratio of 1.000000e+05 in 892 cells 

 Reversed flow on 495 faces of pressure-outlet 7.
   754  4.2192e-01  5.4936e-05  6.3185e-05  5.3051e-05  1.7052e-03  5.5976e-03  1.0333e-03  0:02:55   21

 turbulent viscosity limited to viscosity ratio of 1.000000e+05 in 892 cells 

 Reversed flow on 502 faces of pressure-outlet 7.
   755  4.2141e-01  5.4794e-05  6.3026e-05  5.2901e-05  1.7038e-03  5.3882e-03  1.0328e-03  0:02:49   20

 turbulent viscosity limited to viscosity ratio of 1.000000e+05 in 891 cells 

 Reversed flow on 494 faces of pressure-outlet 7.
   756  4.2056e-01  5.4664e-05  6.2849e-05  5.2730e-05  1.7039e-03  5.6037e-03  1.0321e-03  0:02:39   19

 turbulent viscosity limited to viscosity ratio of 1.000000e+05 in 890 cells 

 Reversed flow on 494 faces of pressure-outlet 7.
   757  4.1983e-01  5.4530e-05  6.2674e-05  5.2575e-05  1.7053e-03  7.4060e-03  1.0314e-03  0:02:29   18

 turbulent viscosity limited to viscosity ratio of 1.000000e+05 in 890 cells 

 Reversed flow on 486 faces of pressure-outlet 7.
   758  4.1923e-01  5.4391e-05  6.2494e-05  5.2411e-05  1.7034e-03  7.1397e-03  1.0307e-03  0:02:23   17

 turbulent viscosity limited to viscosity ratio of 1.000000e+05 in 889 cells 

 Reversed flow on 497 faces of pressure-outlet 7.
   759  4.1827e-01  5.4267e-05  6.2298e-05  5.2261e-05  1.7026e-03  7.2141e-03  1.0300e-03  0:02:14   16

 turbulent viscosity limited to viscosity ratio of 1.000000e+05 in 889 cells 

 Reversed flow on 502 faces of pressure-outlet 7.
   760  4.1775e-01  5.4140e-05  6.2092e-05  5.2106e-05  1.6997e-03  6.3237e-03  1.0294e-03  0:02:04   15

 turbulent viscosity limited to viscosity ratio of 1.000000e+05 in 888 cells 

 Reversed flow on 504 faces of pressure-outlet 7.

  iter  continuity  x-velocity  y-velocity  z-velocity           k     epsilon  vf-phase-2     time/iter
   761  4.1678e-01  5.3984e-05  6.1902e-05  5.1940e-05  1.6967e-03  6.4772e-03  1.0287e-03  0:01:55   14

 turbulent viscosity limited to viscosity ratio of 1.000000e+05 in 888 cells 

 Reversed flow on 490 faces of pressure-outlet 7.
   762  4.1585e-01  5.3835e-05  6.1706e-05  5.1760e-05  1.6944e-03  6.1782e-03  1.0280e-03  0:01:49   13

 turbulent viscosity limited to viscosity ratio of 1.000000e+05 in 888 cells 

 Reversed flow on 489 faces of pressure-outlet 7.
   763  4.1524e-01  5.3686e-05  6.1502e-05  5.1610e-05  1.6901e-03  6.1138e-03  1.0271e-03  0:01:40   12

 turbulent viscosity limited to viscosity ratio of 1.000000e+05 in 883 cells 

 Reversed flow on 487 faces of pressure-outlet 7.
   764  4.1452e-01  5.3510e-05  6.1296e-05  5.1446e-05  1.6885e-03  6.8626e-03  1.0263e-03  0:01:31   11

 turbulent viscosity limited to viscosity ratio of 1.000000e+05 in 883 cells 

 Reversed flow on 489 faces of pressure-outlet 7.
   765  4.1344e-01  5.3342e-05  6.1088e-05  5.1280e-05  1.6835e-03  5.9122e-03  1.0256e-03  0:01:24   10

 turbulent viscosity limited to viscosity ratio of 1.000000e+05 in 882 cells 

 Reversed flow on 492 faces of pressure-outlet 7.
   766  4.1225e-01  5.3160e-05  6.0851e-05  5.1109e-05  1.6771e-03  5.8971e-03  1.0249e-03  0:01:15    9

 turbulent viscosity limited to viscosity ratio of 1.000000e+05 in 882 cells 

 Reversed flow on 489 faces of pressure-outlet 7.
   767  4.1089e-01  5.2965e-05  6.0627e-05  5.0949e-05  1.6728e-03  5.6377e-03  1.0243e-03  0:01:06    8

 turbulent viscosity limited to viscosity ratio of 1.000000e+05 in 882 cells 

 Reversed flow on 480 faces of pressure-outlet 7.
   768  4.1013e-01  5.2770e-05  6.0421e-05  5.0800e-05  1.6681e-03  5.4810e-03  1.0237e-03  0:00:59    7

 turbulent viscosity limited to viscosity ratio of 1.000000e+05 in 883 cells 

 Reversed flow on 479 faces of pressure-outlet 7.
   769  4.0930e-01  5.2587e-05  6.0215e-05  5.0648e-05  1.6662e-03  7.5681e-03  1.0230e-03  0:00:50    6

 turbulent viscosity limited to viscosity ratio of 1.000000e+05 in 883 cells 

 Reversed flow on 496 faces of pressure-outlet 7.
   770  4.0847e-01  5.2412e-05  5.9983e-05  5.0501e-05  1.6602e-03  6.9512e-03  1.0224e-03  0:00:41    5

 turbulent viscosity limited to viscosity ratio of 1.000000e+05 in 883 cells 

 Reversed flow on 495 faces of pressure-outlet 7.
   771  4.0739e-01  5.2221e-05  5.9750e-05  5.0355e-05  1.6535e-03  6.9646e-03  1.0219e-03  0:00:34    4

 turbulent viscosity limited to viscosity ratio of 1.000000e+05 in 882 cells 

 Reversed flow on 487 faces of pressure-outlet 7.

  iter  continuity  x-velocity  y-velocity  z-velocity           k     epsilon  vf-phase-2     time/iter
   772  4.0674e-01  5.2027e-05  5.9511e-05  5.0204e-05  1.6490e-03  6.1181e-03  1.0213e-03  0:00:25    3

 turbulent viscosity limited to viscosity ratio of 1.000000e+05 in 882 cells 

 Reversed flow on 480 faces of pressure-outlet 7.
   773  4.0576e-01  5.1838e-05  5.9279e-05  5.0065e-05  1.6438e-03  6.6338e-03  1.0206e-03  0:00:17    2

 turbulent viscosity limited to viscosity ratio of 1.000000e+05 in 882 cells 

 Reversed flow on 495 faces of pressure-outlet 7.
   774  4.0480e-01  5.1635e-05  5.9053e-05  4.9931e-05  1.6380e-03  6.4858e-03  1.0199e-03  0:00:08    1

 turbulent viscosity limited to viscosity ratio of 1.000000e+05 in 881 cells 

 Reversed flow on 508 faces of pressure-outlet 7.
   775  4.0375e-01  5.1436e-05  5.8821e-05  4.9796e-05  1.6320e-03  6.3000e-03  1.0192e-03  0:00:00    0
iterate_775: RPC returned
progress: 775/1500

  iter  continuity  x-velocity  y-velocity  z-velocity           k     epsilon  vf-phase-2     time/iter
   775  4.0375e-01  5.1436e-05  5.8821e-05  4.9796e-05  1.6320e-03  6.3000e-03  1.0192e-03  0:03:28   25

 turbulent viscosity limited to viscosity ratio of 1.000000e+05 in 881 cells 

 Reversed flow on 498 faces of pressure-outlet 7.
   776  4.0274e-01  5.1211e-05  5.8576e-05  4.9647e-05  1.6257e-03  6.0276e-03  1.0186e-03  0:03:23   24

 turbulent viscosity limited to viscosity ratio of 1.000000e+05 in 881 cells 

 Reversed flow on 494 faces of pressure-outlet 7.
   777  4.0184e-01  5.0998e-05  5.8334e-05  4.9497e-05  1.6194e-03  5.8243e-03  1.0179e-03  0:03:17   23

 turbulent viscosity limited to viscosity ratio of 1.000000e+05 in 879 cells 

 Reversed flow on 488 faces of pressure-outlet 7.
   778  4.0099e-01  5.0782e-05  5.8099e-05  4.9354e-05  1.6134e-03  5.8637e-03  1.0172e-03  0:03:06   22

 turbulent viscosity limited to viscosity ratio of 1.000000e+05 in 879 cells 

 Reversed flow on 493 faces of pressure-outlet 7.
   779  3.9988e-01  5.0555e-05  5.7855e-05  4.9209e-05  1.6076e-03  6.0457e-03  1.0165e-03  0:02:56   21

 turbulent viscosity limited to viscosity ratio of 1.000000e+05 in 879 cells 

 Reversed flow on 495 faces of pressure-outlet 7.
   780  3.9816e-01  5.0338e-05  5.7609e-05  4.9047e-05  1.6022e-03  5.8768e-03  1.0159e-03  0:02:46   20

 turbulent viscosity limited to viscosity ratio of 1.000000e+05 in 880 cells 

 Reversed flow on 490 faces of pressure-outlet 7.
   781  3.9675e-01  5.0104e-05  5.7357e-05  4.8889e-05  1.5959e-03  5.6231e-03  1.0153e-03  0:02:40   19

 turbulent viscosity limited to viscosity ratio of 1.000000e+05 in 878 cells 

 Reversed flow on 497 faces of pressure-outlet 7.
   782  3.9512e-01  4.9862e-05  5.7102e-05  4.8735e-05  1.5916e-03  6.3789e-03  1.0146e-03  0:02:30   18

 turbulent viscosity limited to viscosity ratio of 1.000000e+05 in 878 cells 

 Reversed flow on 513 faces of pressure-outlet 7.
   783  3.9382e-01  4.9641e-05  5.6845e-05  4.8594e-05  1.5854e-03  5.7198e-03  1.0139e-03  0:02:24   17

 turbulent viscosity limited to viscosity ratio of 1.000000e+05 in 879 cells 

 Reversed flow on 500 faces of pressure-outlet 7.
   784  3.9270e-01  4.9400e-05  5.6590e-05  4.8445e-05  1.5807e-03  5.7968e-03  1.0131e-03  0:02:14   16

 turbulent viscosity limited to viscosity ratio of 1.000000e+05 in 879 cells 

 Reversed flow on 506 faces of pressure-outlet 7.
   785  3.9138e-01  4.9178e-05  5.6343e-05  4.8287e-05  1.5778e-03  7.0357e-03  1.0123e-03  0:02:05   15

 turbulent viscosity limited to viscosity ratio of 1.000000e+05 in 880 cells 

 Reversed flow on 512 faces of pressure-outlet 7.

  iter  continuity  x-velocity  y-velocity  z-velocity           k     epsilon  vf-phase-2     time/iter
   786  3.8993e-01  4.8948e-05  5.6082e-05  4.8152e-05  1.5737e-03  7.0305e-03  1.0115e-03  0:01:55   14

 turbulent viscosity limited to viscosity ratio of 1.000000e+05 in 880 cells 

 Reversed flow on 524 faces of pressure-outlet 7.
   787  3.8855e-01  4.8714e-05  5.5798e-05  4.7955e-05  1.5673e-03  6.3443e-03  1.0106e-03  0:01:49   13

 turbulent viscosity limited to viscosity ratio of 1.000000e+05 in 880 cells 

 Reversed flow on 528 faces of pressure-outlet 7.
   788  3.8697e-01  4.8484e-05  5.5522e-05  4.7777e-05  1.5627e-03  6.3567e-03  1.0099e-03  0:01:40   12

 turbulent viscosity limited to viscosity ratio of 1.000000e+05 in 879 cells 

 Reversed flow on 528 faces of pressure-outlet 7.
   789  3.8546e-01  4.8247e-05  5.5226e-05  4.7577e-05  1.5568e-03  6.0495e-03  1.0091e-03  0:01:33   11

 turbulent viscosity limited to viscosity ratio of 1.000000e+05 in 879 cells 

 Reversed flow on 529 faces of pressure-outlet 7.
   790  3.8383e-01  4.8034e-05  5.4944e-05  4.7385e-05  1.5522e-03  6.1559e-03  1.0084e-03  0:01:24   10

 turbulent viscosity limited to viscosity ratio of 1.000000e+05 in 879 cells 

 Reversed flow on 533 faces of pressure-outlet 7.
   791  3.8209e-01  4.7797e-05  5.4668e-05  4.7193e-05  1.5449e-03  5.6571e-03  1.0075e-03  0:01:15    9

 turbulent viscosity limited to viscosity ratio of 1.000000e+05 in 878 cells 

 Reversed flow on 537 faces of pressure-outlet 7.
   792  3.8057e-01  4.7586e-05  5.4384e-05  4.6996e-05  1.5385e-03  5.1284e-03  1.0065e-03  0:01:06    8

 turbulent viscosity limited to viscosity ratio of 1.000000e+05 in 876 cells 

 Reversed flow on 524 faces of pressure-outlet 7.
   793  3.7910e-01  4.7388e-05  5.4099e-05  4.6792e-05  1.5330e-03  4.9765e-03  1.0056e-03  0:00:59    7

 turbulent viscosity limited to viscosity ratio of 1.000000e+05 in 876 cells 

 Reversed flow on 530 faces of pressure-outlet 7.
   794  3.7769e-01  4.7195e-05  5.3816e-05  4.6590e-05  1.5293e-03  5.6452e-03  1.0045e-03  0:00:50    6

 turbulent viscosity limited to viscosity ratio of 1.000000e+05 in 875 cells 

 Reversed flow on 532 faces of pressure-outlet 7.
   795  3.7620e-01  4.7000e-05  5.3534e-05  4.6382e-05  1.5252e-03  6.1872e-03  1.0035e-03  0:00:41    5

 turbulent viscosity limited to viscosity ratio of 1.000000e+05 in 875 cells 

 Reversed flow on 539 faces of pressure-outlet 7.
   796  3.7461e-01  4.6800e-05  5.3252e-05  4.6183e-05  1.5205e-03  6.2301e-03  1.0024e-03  0:00:34    4

 turbulent viscosity limited to viscosity ratio of 1.000000e+05 in 873 cells 

 Reversed flow on 546 faces of pressure-outlet 7.

  iter  continuity  x-velocity  y-velocity  z-velocity           k     epsilon  vf-phase-2     time/iter
   797  3.7264e-01  4.6599e-05  5.2965e-05  4.5958e-05  1.5140e-03  5.9875e-03  1.0012e-03  0:00:25    3

 turbulent viscosity limited to viscosity ratio of 1.000000e+05 in 873 cells 

 Reversed flow on 544 faces of pressure-outlet 7.
   798  3.7108e-01  4.6399e-05  5.2695e-05  4.5739e-05  1.5072e-03  5.3720e-03  9.9997e-04  0:00:17    2

 turbulent viscosity limited to viscosity ratio of 1.000000e+05 in 873 cells 

 Reversed flow on 536 faces of pressure-outlet 7.
   799  3.6961e-01  4.6222e-05  5.2423e-05  4.5510e-05  1.5039e-03  5.6692e-03  9.9877e-04  0:00:08    1

 turbulent viscosity limited to viscosity ratio of 1.000000e+05 in 873 cells 

 Reversed flow on 542 faces of pressure-outlet 7.
   800  3.6816e-01  4.6047e-05  5.2155e-05  4.5305e-05  1.4982e-03  5.8108e-03  9.9759e-04  0:00:00    0
iterate_800: RPC returned
progress: 800/1500

  iter  continuity  x-velocity  y-velocity  z-velocity           k     epsilon  vf-phase-2     time/iter
   800  3.6816e-01  4.6047e-05  5.2155e-05  4.5305e-05  1.4982e-03  5.8108e-03  9.9759e-04  0:03:28   25

 turbulent viscosity limited to viscosity ratio of 1.000000e+05 in 874 cells 

 Reversed flow on 551 faces of pressure-outlet 7.
   801  3.6674e-01  4.5863e-05  5.1868e-05  4.5086e-05  1.4950e-03  7.1078e-03  9.9642e-04  0:03:23   24

 turbulent viscosity limited to viscosity ratio of 1.000000e+05 in 873 cells 

 Reversed flow on 553 faces of pressure-outlet 7.
   802  3.6514e-01  4.5669e-05  5.1606e-05  4.4872e-05  1.4878e-03  6.6170e-03  9.9522e-04  0:03:12   23

 turbulent viscosity limited to viscosity ratio of 1.000000e+05 in 873 cells 

 Reversed flow on 553 faces of pressure-outlet 7.
   803  3.6370e-01  4.5484e-05  5.1346e-05  4.4657e-05  1.4840e-03  6.5150e-03  9.9396e-04  0:03:07   22

 turbulent viscosity limited to viscosity ratio of 1.000000e+05 in 874 cells 

 Reversed flow on 552 faces of pressure-outlet 7.
   804  3.6211e-01  4.5309e-05  5.1087e-05  4.4447e-05  1.4755e-03  5.6404e-03  9.9273e-04  0:02:56   21

 turbulent viscosity limited to viscosity ratio of 1.000000e+05 in 874 cells 

 Reversed flow on 550 faces of pressure-outlet 7.
   805  3.6084e-01  4.5140e-05  5.0831e-05  4.4240e-05  1.4692e-03  5.4089e-03  9.9145e-04  0:02:46   20

 turbulent viscosity limited to viscosity ratio of 1.000000e+05 in 873 cells 

 Reversed flow on 565 faces of pressure-outlet 7.
   806  3.5919e-01  4.4974e-05  5.0553e-05  4.4045e-05  1.4636e-03  5.2322e-03  9.9020e-04  0:02:41   19

 turbulent viscosity limited to viscosity ratio of 1.000000e+05 in 873 cells 

 Reversed flow on 562 faces of pressure-outlet 7.
   807  3.5788e-01  4.4782e-05  5.0294e-05  4.3847e-05  1.4606e-03  6.0871e-03  9.8891e-04  0:02:31   18

 turbulent viscosity limited to viscosity ratio of 1.000000e+05 in 871 cells 

 Reversed flow on 559 faces of pressure-outlet 7.
   808  3.5644e-01  4.4611e-05  5.0063e-05  4.3678e-05  1.4548e-03  6.1534e-03  9.8764e-04  0:02:21   17

 turbulent viscosity limited to viscosity ratio of 1.000000e+05 in 871 cells 

 Reversed flow on 564 faces of pressure-outlet 7.
   809  3.5476e-01  4.4409e-05  4.9799e-05  4.3488e-05  1.4498e-03  6.1044e-03  9.8640e-04  0:02:15   16

 turbulent viscosity limited to viscosity ratio of 1.000000e+05 in 871 cells 

 Reversed flow on 560 faces of pressure-outlet 7.
   810  3.5350e-01  4.4218e-05  4.9558e-05  4.3311e-05  1.4425e-03  5.5687e-03  9.8515e-04  0:02:05   15

 turbulent viscosity limited to viscosity ratio of 1.000000e+05 in 870 cells 

 Reversed flow on 557 faces of pressure-outlet 7.

  iter  continuity  x-velocity  y-velocity  z-velocity           k     epsilon  vf-phase-2     time/iter
   811  3.5209e-01  4.4023e-05  4.9314e-05  4.3148e-05  1.4411e-03  7.5385e-03  9.8397e-04  0:01:56   14

 turbulent viscosity limited to viscosity ratio of 1.000000e+05 in 869 cells 

 Reversed flow on 557 faces of pressure-outlet 7.
   812  3.5076e-01  4.3829e-05  4.9073e-05  4.2982e-05  1.4371e-03  6.9787e-03  9.8282e-04  0:01:47   13

 turbulent viscosity limited to viscosity ratio of 1.000000e+05 in 868 cells 

 Reversed flow on 561 faces of pressure-outlet 7.
   813  3.4963e-01  4.3631e-05  4.8833e-05  4.2814e-05  1.4291e-03  6.5382e-03  9.8173e-04  0:01:41   12

 turbulent viscosity limited to viscosity ratio of 1.000000e+05 in 868 cells 

 Reversed flow on 569 faces of pressure-outlet 7.
   814  3.4841e-01  4.3436e-05  4.8594e-05  4.2649e-05  1.4223e-03  6.0222e-03  9.8068e-04  0:01:31   11

 turbulent viscosity limited to viscosity ratio of 1.000000e+05 in 868 cells 

 Reversed flow on 566 faces of pressure-outlet 7.
   815  3.4733e-01  4.3242e-05  4.8348e-05  4.2495e-05  1.4169e-03  5.9929e-03  9.7972e-04  0:01:24   10

 turbulent viscosity limited to viscosity ratio of 1.000000e+05 in 867 cells 

 Reversed flow on 576 faces of pressure-outlet 7.
   816  3.4612e-01  4.3049e-05  4.8120e-05  4.2319e-05  1.4086e-03  5.2683e-03  9.7881e-04  0:01:15    9

 turbulent viscosity limited to viscosity ratio of 1.000000e+05 in 867 cells 

 Reversed flow on 570 faces of pressure-outlet 7.
   817  3.4486e-01  4.2845e-05  4.7907e-05  4.2154e-05  1.4037e-03  6.3725e-03  9.7795e-04  0:01:06    8

 turbulent viscosity limited to viscosity ratio of 1.000000e+05 in 867 cells 

 Reversed flow on 571 faces of pressure-outlet 7.
   818  3.4364e-01  4.2651e-05  4.7689e-05  4.1999e-05  1.4026e-03  6.9859e-03  9.7715e-04  0:00:59    7

 turbulent viscosity limited to viscosity ratio of 1.000000e+05 in 867 cells 

 Reversed flow on 573 faces of pressure-outlet 7.
   819  3.4249e-01  4.2454e-05  4.7473e-05  4.1849e-05  1.3998e-03  7.6439e-03  9.7641e-04  0:00:50    6

 turbulent viscosity limited to viscosity ratio of 1.000000e+05 in 867 cells 

 Reversed flow on 578 faces of pressure-outlet 7.
   820  3.4170e-01  4.2262e-05  4.7265e-05  4.1689e-05  1.3925e-03  6.8536e-03  9.7578e-04  0:00:41    5

 turbulent viscosity limited to viscosity ratio of 1.000000e+05 in 867 cells 

 Reversed flow on 580 faces of pressure-outlet 7.
   821  3.4086e-01  4.2085e-05  4.7064e-05  4.1535e-05  1.3863e-03  6.3853e-03  9.7521e-04  0:00:34    4

 turbulent viscosity limited to viscosity ratio of 1.000000e+05 in 866 cells 

 Reversed flow on 579 faces of pressure-outlet 7.

  iter  continuity  x-velocity  y-velocity  z-velocity           k     epsilon  vf-phase-2     time/iter
   822  3.4001e-01  4.1894e-05  4.6864e-05  4.1380e-05  1.3798e-03  6.0324e-03  9.7466e-04  0:00:25    3

 turbulent viscosity limited to viscosity ratio of 1.000000e+05 in 866 cells 

 Reversed flow on 586 faces of pressure-outlet 7.
   823  3.3920e-01  4.1728e-05  4.6674e-05  4.1230e-05  1.3767e-03  6.8504e-03  9.7416e-04  0:00:17    2

 turbulent viscosity limited to viscosity ratio of 1.000000e+05 in 866 cells 

 Reversed flow on 579 faces of pressure-outlet 7.
   824  3.3824e-01  4.1556e-05  4.6492e-05  4.1081e-05  1.3729e-03  7.2278e-03  9.7372e-04  0:00:08    1

 turbulent viscosity limited to viscosity ratio of 1.000000e+05 in 866 cells 

 Reversed flow on 582 faces of pressure-outlet 7.
   825  3.3780e-01  4.1388e-05  4.6319e-05  4.0943e-05  1.3682e-03  8.3061e-03  9.7332e-04  0:00:00    0
iterate_825: RPC returned
progress: 825/1500

  iter  continuity  x-velocity  y-velocity  z-velocity           k     epsilon  vf-phase-2     time/iter
   825  3.3780e-01  4.1388e-05  4.6319e-05  4.0943e-05  1.3682e-03  8.3061e-03  9.7332e-04  0:03:29   25

 turbulent viscosity limited to viscosity ratio of 1.000000e+05 in 865 cells 

 Reversed flow on 584 faces of pressure-outlet 7.
   826  3.3727e-01  4.1236e-05  4.6161e-05  4.0827e-05  1.3612e-03  6.7126e-03  9.7295e-04  0:03:24   24

 turbulent viscosity limited to viscosity ratio of 1.000000e+05 in 865 cells 

 Reversed flow on 593 faces of pressure-outlet 7.
   827  3.3684e-01  4.1077e-05  4.6002e-05  4.0681e-05  1.3544e-03  6.1366e-03  9.7266e-04  0:03:18   23

 turbulent viscosity limited to viscosity ratio of 1.000000e+05 in 865 cells 

 Reversed flow on 592 faces of pressure-outlet 7.
   828  3.3651e-01  4.0920e-05  4.5855e-05  4.0575e-05  1.3491e-03  5.9680e-03  9.7242e-04  0:03:07   22

 turbulent viscosity limited to viscosity ratio of 1.000000e+05 in 865 cells 

 Reversed flow on 581 faces of pressure-outlet 7.
   829  3.3606e-01  4.0772e-05  4.5725e-05  4.0464e-05  1.3425e-03  5.8123e-03  9.7225e-04  0:02:56   21

 turbulent viscosity limited to viscosity ratio of 1.000000e+05 in 865 cells 

 Reversed flow on 592 faces of pressure-outlet 7.
   830  3.3564e-01  4.0623e-05  4.5584e-05  4.0352e-05  1.3384e-03  6.4510e-03  9.7212e-04  0:02:50   20

 turbulent viscosity limited to viscosity ratio of 1.000000e+05 in 865 cells 

 Reversed flow on 601 faces of pressure-outlet 7.
   831  3.3509e-01  4.0487e-05  4.5464e-05  4.0257e-05  1.3317e-03  5.7453e-03  9.7199e-04  0:02:40   19

 turbulent viscosity limited to viscosity ratio of 1.000000e+05 in 865 cells 

 Reversed flow on 593 faces of pressure-outlet 7.
   832  3.3429e-01  4.0343e-05  4.5346e-05  4.0160e-05  1.3272e-03  5.5734e-03  9.7190e-04  0:02:30   18

 turbulent viscosity limited to viscosity ratio of 1.000000e+05 in 865 cells 

 Reversed flow on 607 faces of pressure-outlet 7.
   833  3.3370e-01  4.0208e-05  4.5240e-05  4.0068e-05  1.3238e-03  6.6730e-03  9.7181e-04  0:02:20   17

 turbulent viscosity limited to viscosity ratio of 1.000000e+05 in 864 cells 

 Reversed flow on 609 faces of pressure-outlet 7.
   834  3.3336e-01  4.0080e-05  4.5162e-05  3.9987e-05  1.3189e-03  6.1879e-03  9.7181e-04  0:02:15   16

 turbulent viscosity limited to viscosity ratio of 1.000000e+05 in 861 cells 

 Reversed flow on 609 faces of pressure-outlet 7.
   835  3.3301e-01  3.9971e-05  4.5106e-05  3.9923e-05  1.3148e-03  6.2509e-03  9.7187e-04  0:02:05   15

 turbulent viscosity limited to viscosity ratio of 1.000000e+05 in 861 cells 

 Reversed flow on 606 faces of pressure-outlet 7.

  iter  continuity  x-velocity  y-velocity  z-velocity           k     epsilon  vf-phase-2     time/iter
   836  3.3232e-01  3.9847e-05  4.5033e-05  3.9844e-05  1.3102e-03  5.6475e-03  9.7199e-04  0:01:56   14

 turbulent viscosity limited to viscosity ratio of 1.000000e+05 in 860 cells 

 Reversed flow on 605 faces of pressure-outlet 7.
   837  3.3125e-01  3.9708e-05  4.4975e-05  3.9769e-05  1.3035e-03  5.2317e-03  9.7214e-04  0:01:49   13

 turbulent viscosity limited to viscosity ratio of 1.000000e+05 in 859 cells 

 Reversed flow on 595 faces of pressure-outlet 7.
   838  3.3058e-01  3.9581e-05  4.4931e-05  3.9708e-05  1.2978e-03  4.8623e-03  9.7233e-04  0:01:40   12

 turbulent viscosity limited to viscosity ratio of 1.000000e+05 in 859 cells 

 Reversed flow on 602 faces of pressure-outlet 7.
   839  3.3029e-01  3.9457e-05  4.4894e-05  3.9657e-05  1.2954e-03  4.9440e-03  9.7257e-04  0:01:31   11

 turbulent viscosity limited to viscosity ratio of 1.000000e+05 in 858 cells 

 Reversed flow on 606 faces of pressure-outlet 7.
   840  3.2991e-01  3.9339e-05  4.4875e-05  3.9608e-05  1.2930e-03  6.5096e-03  9.7286e-04  0:01:24   10

 turbulent viscosity limited to viscosity ratio of 1.000000e+05 in 859 cells 

 Reversed flow on 606 faces of pressure-outlet 7.
   841  3.2950e-01  3.9215e-05  4.4860e-05  3.9562e-05  1.2859e-03  5.3129e-03  9.7319e-04  0:01:15    9

 turbulent viscosity limited to viscosity ratio of 1.000000e+05 in 859 cells 

 Reversed flow on 612 faces of pressure-outlet 7.
   842  3.2926e-01  3.9088e-05  4.4842e-05  3.9515e-05  1.2845e-03  5.6638e-03  9.7357e-04  0:01:06    8

 turbulent viscosity limited to viscosity ratio of 1.000000e+05 in 858 cells 

 Reversed flow on 619 faces of pressure-outlet 7.
   843  3.2895e-01  3.8989e-05  4.4845e-05  3.9489e-05  1.2814e-03  5.6340e-03  9.7398e-04  0:00:59    7

 turbulent viscosity limited to viscosity ratio of 1.000000e+05 in 859 cells 

 Reversed flow on 627 faces of pressure-outlet 7.
   844  3.2827e-01  3.8891e-05  4.4866e-05  3.9472e-05  1.2777e-03  5.9234e-03  9.7442e-04  0:00:50    6

 turbulent viscosity limited to viscosity ratio of 1.000000e+05 in 859 cells 

 Reversed flow on 631 faces of pressure-outlet 7.
   845  3.2743e-01  3.8774e-05  4.4868e-05  3.9435e-05  1.2728e-03  5.2174e-03  9.7487e-04  0:00:41    5

 turbulent viscosity limited to viscosity ratio of 1.000000e+05 in 860 cells 

 Reversed flow on 625 faces of pressure-outlet 7.
   846  3.2688e-01  3.8648e-05  4.4888e-05  3.9395e-05  1.2688e-03  4.8886e-03  9.7535e-04  0:00:33    4

 turbulent viscosity limited to viscosity ratio of 1.000000e+05 in 860 cells 

 Reversed flow on 616 faces of pressure-outlet 7.

  iter  continuity  x-velocity  y-velocity  z-velocity           k     epsilon  vf-phase-2     time/iter
   847  3.2653e-01  3.8554e-05  4.4924e-05  3.9365e-05  1.2648e-03  4.8287e-03  9.7588e-04  0:00:25    3

 turbulent viscosity limited to viscosity ratio of 1.000000e+05 in 860 cells 

 Reversed flow on 612 faces of pressure-outlet 7.
   848  3.2609e-01  3.8468e-05  4.4943e-05  3.9327e-05  1.2616e-03  4.8651e-03  9.7645e-04  0:00:17    2

 turbulent viscosity limited to viscosity ratio of 1.000000e+05 in 860 cells 

 Reversed flow on 619 faces of pressure-outlet 7.
   849  3.2568e-01  3.8375e-05  4.4967e-05  3.9301e-05  1.2590e-03  4.8452e-03  9.7702e-04  0:00:08    1

 turbulent viscosity limited to viscosity ratio of 1.000000e+05 in 860 cells 

 Reversed flow on 630 faces of pressure-outlet 7.
   850  3.2512e-01  3.8303e-05  4.5002e-05  3.9280e-05  1.2577e-03  4.9915e-03  9.7760e-04  0:00:00    0
iterate_850: RPC returned
progress: 850/1500

  iter  continuity  x-velocity  y-velocity  z-velocity           k     epsilon  vf-phase-2     time/iter
   850  3.2512e-01  3.8303e-05  4.5002e-05  3.9280e-05  1.2577e-03  4.9915e-03  9.7760e-04  0:03:29   25

 turbulent viscosity limited to viscosity ratio of 1.000000e+05 in 860 cells 

 Reversed flow on 623 faces of pressure-outlet 7.
   851  3.2437e-01  3.8237e-05  4.5024e-05  3.9263e-05  1.2551e-03  4.7942e-03  9.7824e-04  0:03:23   24

 turbulent viscosity limited to viscosity ratio of 1.000000e+05 in 859 cells 

 Reversed flow on 630 faces of pressure-outlet 7.
   852  3.2420e-01  3.8177e-05  4.5045e-05  3.9227e-05  1.2537e-03  5.1768e-03  9.7893e-04  0:03:17   23

 turbulent viscosity limited to viscosity ratio of 1.000000e+05 in 858 cells 

 Reversed flow on 637 faces of pressure-outlet 7.
   853  3.2393e-01  3.8129e-05  4.5079e-05  3.9188e-05  1.2529e-03  6.8466e-03  9.7968e-04  0:03:06   22

 turbulent viscosity limited to viscosity ratio of 1.000000e+05 in 858 cells 

 Reversed flow on 639 faces of pressure-outlet 7.
   854  3.2345e-01  3.8080e-05  4.5095e-05  3.9160e-05  1.2523e-03  6.0378e-03  9.8046e-04  0:02:56   21

 turbulent viscosity limited to viscosity ratio of 1.000000e+05 in 858 cells 

 Reversed flow on 627 faces of pressure-outlet 7.
   855  3.2363e-01  3.8043e-05  4.5122e-05  3.9137e-05  1.2481e-03  5.9030e-03  9.8127e-04  0:02:50   20

 turbulent viscosity limited to viscosity ratio of 1.000000e+05 in 858 cells 

 Reversed flow on 631 faces of pressure-outlet 7.
   856  3.2349e-01  3.8012e-05  4.5136e-05  3.9113e-05  1.2456e-03  5.9561e-03  9.8214e-04  0:02:40   19

 turbulent viscosity limited to viscosity ratio of 1.000000e+05 in 857 cells 

 Reversed flow on 633 faces of pressure-outlet 7.
   857  3.2272e-01  3.7998e-05  4.5168e-05  3.9102e-05  1.2427e-03  5.1617e-03  9.8302e-04  0:02:30   18

 turbulent viscosity limited to viscosity ratio of 1.000000e+05 in 857 cells 

 Reversed flow on 635 faces of pressure-outlet 7.
   858  3.2225e-01  3.7974e-05  4.5169e-05  3.9084e-05  1.2396e-03  5.1788e-03  9.8390e-04  0:02:20   17

 turbulent viscosity limited to viscosity ratio of 1.000000e+05 in 858 cells 

 Reversed flow on 645 faces of pressure-outlet 7.
   859  3.2187e-01  3.7948e-05  4.5177e-05  3.9068e-05  1.2369e-03  4.6743e-03  9.8483e-04  0:02:14   16

 turbulent viscosity limited to viscosity ratio of 1.000000e+05 in 858 cells 

 Reversed flow on 641 faces of pressure-outlet 7.
   860  3.2166e-01  3.7922e-05  4.5200e-05  3.9054e-05  1.2339e-03  4.5323e-03  9.8577e-04  0:02:05   15

 turbulent viscosity limited to viscosity ratio of 1.000000e+05 in 857 cells 

 Reversed flow on 634 faces of pressure-outlet 7.

  iter  continuity  x-velocity  y-velocity  z-velocity           k     epsilon  vf-phase-2     time/iter
   861  3.2126e-01  3.7932e-05  4.5213e-05  3.9054e-05  1.2353e-03  5.7964e-03  9.8679e-04  0:01:56   14

 turbulent viscosity limited to viscosity ratio of 1.000000e+05 in 857 cells 

 Reversed flow on 640 faces of pressure-outlet 7.
   862  3.2066e-01  3.7960e-05  4.5214e-05  3.9048e-05  1.2311e-03  5.7711e-03  9.8783e-04  0:01:49   13

 turbulent viscosity limited to viscosity ratio of 1.000000e+05 in 857 cells 

 Reversed flow on 638 faces of pressure-outlet 7.
   863  3.2012e-01  3.7982e-05  4.5219e-05  3.9030e-05  1.2291e-03  5.5879e-03  9.8891e-04  0:01:40   12

 turbulent viscosity limited to viscosity ratio of 1.000000e+05 in 857 cells 

 Reversed flow on 647 faces of pressure-outlet 7.
   864  3.1979e-01  3.8010e-05  4.5214e-05  3.9014e-05  1.2261e-03  5.3978e-03  9.9002e-04  0:01:31   11

 turbulent viscosity limited to viscosity ratio of 1.000000e+05 in 857 cells 

 Reversed flow on 650 faces of pressure-outlet 7.
   865  3.1923e-01  3.8040e-05  4.5218e-05  3.9006e-05  1.2239e-03  5.2597e-03  9.9112e-04  0:01:24   10

 turbulent viscosity limited to viscosity ratio of 1.000000e+05 in 857 cells 

 Reversed flow on 654 faces of pressure-outlet 7.
   866  3.1857e-01  3.8069e-05  4.5220e-05  3.9003e-05  1.2187e-03  4.4835e-03  9.9222e-04  0:01:15    9

 turbulent viscosity limited to viscosity ratio of 1.000000e+05 in 857 cells 

 Reversed flow on 651 faces of pressure-outlet 7.
   867  3.1847e-01  3.8112e-05  4.5230e-05  3.9011e-05  1.2197e-03  5.6567e-03  9.9337e-04  0:01:08    8

 turbulent viscosity limited to viscosity ratio of 1.000000e+05 in 857 cells 

 Reversed flow on 647 faces of pressure-outlet 7.
   868  3.1804e-01  3.8161e-05  4.5236e-05  3.9034e-05  1.2179e-03  5.4931e-03  9.9456e-04  0:00:59    7

 turbulent viscosity limited to viscosity ratio of 1.000000e+05 in 857 cells 

 Reversed flow on 654 faces of pressure-outlet 7.
   869  3.1754e-01  3.8219e-05  4.5257e-05  3.9036e-05  1.2148e-03  5.2817e-03  9.9578e-04  0:00:50    6

 turbulent viscosity limited to viscosity ratio of 1.000000e+05 in 857 cells 

 Reversed flow on 649 faces of pressure-outlet 7.
   870  3.1677e-01  3.8267e-05  4.5273e-05  3.9059e-05  1.2145e-03  5.7099e-03  9.9703e-04  0:00:41    5

 turbulent viscosity limited to viscosity ratio of 1.000000e+05 in 857 cells 

 Reversed flow on 645 faces of pressure-outlet 7.
   871  3.1639e-01  3.8340e-05  4.5289e-05  3.9081e-05  1.2106e-03  5.1393e-03  9.9827e-04  0:00:34    4

 turbulent viscosity limited to viscosity ratio of 1.000000e+05 in 857 cells 

 Reversed flow on 642 faces of pressure-outlet 7.

  iter  continuity  x-velocity  y-velocity  z-velocity           k     epsilon  vf-phase-2     time/iter
   872  3.1591e-01  3.8386e-05  4.5302e-05  3.9097e-05  1.2116e-03  5.7111e-03  9.9952e-04  0:00:25    3

 turbulent viscosity limited to viscosity ratio of 1.000000e+05 in 857 cells 

 Reversed flow on 645 faces of pressure-outlet 7.
   873  3.1548e-01  3.8446e-05  4.5305e-05  3.9114e-05  1.2091e-03  5.2907e-03  1.0008e-03  0:00:16    2

 turbulent viscosity limited to viscosity ratio of 1.000000e+05 in 856 cells 

 Reversed flow on 644 faces of pressure-outlet 7.
   874  3.1517e-01  3.8501e-05  4.5321e-05  3.9135e-05  1.2088e-03  5.5695e-03  1.0022e-03  0:00:08    1

 turbulent viscosity limited to viscosity ratio of 1.000000e+05 in 856 cells 

 Reversed flow on 654 faces of pressure-outlet 7.
   875  3.1527e-01  3.8552e-05  4.5353e-05  3.9148e-05  1.2086e-03  5.5303e-03  1.0036e-03  0:00:00    0
iterate_875: RPC returned
progress: 875/1500

  iter  continuity  x-velocity  y-velocity  z-velocity           k     epsilon  vf-phase-2     time/iter
   875  3.1527e-01  3.8552e-05  4.5353e-05  3.9148e-05  1.2086e-03  5.5303e-03  1.0036e-03  0:03:28   25

 turbulent viscosity limited to viscosity ratio of 1.000000e+05 in 856 cells 

 Reversed flow on 648 faces of pressure-outlet 7.
   876  3.1489e-01  3.8614e-05  4.5380e-05  3.9183e-05  1.2054e-03  5.0665e-03  1.0050e-03  0:03:23   24

 turbulent viscosity limited to viscosity ratio of 1.000000e+05 in 856 cells 

 Reversed flow on 655 faces of pressure-outlet 7.
   877  3.1466e-01  3.8686e-05  4.5415e-05  3.9214e-05  1.2047e-03  5.4240e-03  1.0064e-03  0:03:17   23

 turbulent viscosity limited to viscosity ratio of 1.000000e+05 in 856 cells 

 Reversed flow on 655 faces of pressure-outlet 7.
   878  3.1438e-01  3.8743e-05  4.5447e-05  3.9240e-05  1.2019e-03  4.5621e-03  1.0078e-03  0:03:06   22

 turbulent viscosity limited to viscosity ratio of 1.000000e+05 in 856 cells 

 Reversed flow on 647 faces of pressure-outlet 7.
   879  3.1455e-01  3.8798e-05  4.5491e-05  3.9266e-05  1.2022e-03  4.8417e-03  1.0092e-03  0:02:56   21

 turbulent viscosity limited to viscosity ratio of 1.000000e+05 in 856 cells 

 Reversed flow on 646 faces of pressure-outlet 7.
   880  3.1456e-01  3.8869e-05  4.5535e-05  3.9305e-05  1.2016e-03  4.4365e-03  1.0105e-03  0:02:50   20

 turbulent viscosity limited to viscosity ratio of 1.000000e+05 in 854 cells 

 Reversed flow on 647 faces of pressure-outlet 7.
   881  3.1490e-01  3.8931e-05  4.5580e-05  3.9323e-05  1.2011e-03  4.4130e-03  1.0119e-03  0:02:39   19

 turbulent viscosity limited to viscosity ratio of 1.000000e+05 in 853 cells 

 Reversed flow on 642 faces of pressure-outlet 7.
   882  3.1529e-01  3.9006e-05  4.5644e-05  3.9326e-05  1.2022e-03  4.4819e-03  1.0132e-03  0:02:30   18

 turbulent viscosity limited to viscosity ratio of 1.000000e+05 in 852 cells 

 Reversed flow on 640 faces of pressure-outlet 7.
   883  3.1551e-01  3.9079e-05  4.5716e-05  3.9349e-05  1.2030e-03  4.6155e-03  1.0145e-03  0:02:24   17

 turbulent viscosity limited to viscosity ratio of 1.000000e+05 in 852 cells 

 Reversed flow on 642 faces of pressure-outlet 7.
   884  3.1613e-01  3.9165e-05  4.5783e-05  3.9367e-05  1.2046e-03  4.7611e-03  1.0158e-03  0:02:14   16

 turbulent viscosity limited to viscosity ratio of 1.000000e+05 in 852 cells 

 Reversed flow on 640 faces of pressure-outlet 7.
   885  3.1620e-01  3.9255e-05  4.5850e-05  3.9394e-05  1.2059e-03  4.7669e-03  1.0172e-03  0:02:04   15

 turbulent viscosity limited to viscosity ratio of 1.000000e+05 in 850 cells 

 Reversed flow on 642 faces of pressure-outlet 7.

  iter  continuity  x-velocity  y-velocity  z-velocity           k     epsilon  vf-phase-2     time/iter
   886  3.1627e-01  3.9337e-05  4.5936e-05  3.9419e-05  1.2057e-03  4.7733e-03  1.0185e-03  0:01:58   14

 turbulent viscosity limited to viscosity ratio of 1.000000e+05 in 850 cells 

 Reversed flow on 642 faces of pressure-outlet 7.
   887  3.1673e-01  3.9423e-05  4.6023e-05  3.9426e-05  1.2065e-03  4.6422e-03  1.0199e-03  0:01:48   13

 turbulent viscosity limited to viscosity ratio of 1.000000e+05 in 850 cells 

 Reversed flow on 641 faces of pressure-outlet 7.
   888  3.1659e-01  3.9496e-05  4.6109e-05  3.9436e-05  1.2069e-03  4.4388e-03  1.0213e-03  0:01:39   12

 turbulent viscosity limited to viscosity ratio of 1.000000e+05 in 850 cells 

 Reversed flow on 640 faces of pressure-outlet 7.
   889  3.1673e-01  3.9584e-05  4.6194e-05  3.9425e-05  1.2075e-03  4.4386e-03  1.0228e-03  0:01:33   11

 turbulent viscosity limited to viscosity ratio of 1.000000e+05 in 850 cells 

 Reversed flow on 634 faces of pressure-outlet 7.
   890  3.1724e-01  3.9673e-05  4.6277e-05  3.9429e-05  1.2090e-03  4.4403e-03  1.0242e-03  0:01:23   10

 turbulent viscosity limited to viscosity ratio of 1.000000e+05 in 850 cells 

 Reversed flow on 631 faces of pressure-outlet 7.
   891  3.1809e-01  3.9773e-05  4.6373e-05  3.9444e-05  1.2123e-03  4.5809e-03  1.0256e-03  0:01:14    9

 turbulent viscosity limited to viscosity ratio of 1.000000e+05 in 850 cells 

 Reversed flow on 632 faces of pressure-outlet 7.
   892  3.1852e-01  3.9869e-05  4.6477e-05  3.9464e-05  1.2145e-03  4.6907e-03  1.0270e-03  0:01:07    8

 turbulent viscosity limited to viscosity ratio of 1.000000e+05 in 850 cells 

 Reversed flow on 634 faces of pressure-outlet 7.
   893  3.1896e-01  3.9983e-05  4.6548e-05  3.9469e-05  1.2159e-03  4.7593e-03  1.0285e-03  0:00:58    7

 turbulent viscosity limited to viscosity ratio of 1.000000e+05 in 850 cells 

 Reversed flow on 628 faces of pressure-outlet 7.
   894  3.1992e-01  4.0085e-05  4.6630e-05  3.9479e-05  1.2191e-03  4.9521e-03  1.0298e-03  0:00:50    6

 turbulent viscosity limited to viscosity ratio of 1.000000e+05 in 851 cells 

 Reversed flow on 635 faces of pressure-outlet 7.
   895  3.2074e-01  4.0191e-05  4.6718e-05  3.9496e-05  1.2212e-03  4.8058e-03  1.0312e-03  0:00:42    5

 turbulent viscosity limited to viscosity ratio of 1.000000e+05 in 851 cells 

 Reversed flow on 635 faces of pressure-outlet 7.
   896  3.2115e-01  4.0297e-05  4.6778e-05  3.9518e-05  1.2234e-03  4.7236e-03  1.0326e-03  0:00:33    4

 turbulent viscosity limited to viscosity ratio of 1.000000e+05 in 851 cells 

 Reversed flow on 628 faces of pressure-outlet 7.

  iter  continuity  x-velocity  y-velocity  z-velocity           k     epsilon  vf-phase-2     time/iter
   897  3.2154e-01  4.0394e-05  4.6846e-05  3.9526e-05  1.2258e-03  4.5477e-03  1.0339e-03  0:00:25    3

 turbulent viscosity limited to viscosity ratio of 1.000000e+05 in 850 cells 

 Reversed flow on 633 faces of pressure-outlet 7.
   898  3.2202e-01  4.0476e-05  4.6893e-05  3.9513e-05  1.2280e-03  4.4393e-03  1.0353e-03  0:00:17    2

 turbulent viscosity limited to viscosity ratio of 1.000000e+05 in 850 cells 

 Reversed flow on 631 faces of pressure-outlet 7.
   899  3.2230e-01  4.0571e-05  4.6933e-05  3.9509e-05  1.2311e-03  4.5339e-03  1.0367e-03  0:00:08    1

 turbulent viscosity limited to viscosity ratio of 1.000000e+05 in 850 cells 

 Reversed flow on 625 faces of pressure-outlet 7.
   900  3.2258e-01  4.0671e-05  4.6987e-05  3.9514e-05  1.2331e-03  4.3197e-03  1.0382e-03  0:00:00    0
iterate_900: RPC returned
progress: 900/1500

  iter  continuity  x-velocity  y-velocity  z-velocity           k     epsilon  vf-phase-2     time/iter
   900  3.2258e-01  4.0671e-05  4.6987e-05  3.9514e-05  1.2331e-03  4.3197e-03  1.0382e-03  0:03:27   25

 turbulent viscosity limited to viscosity ratio of 1.000000e+05 in 849 cells 

 Reversed flow on 625 faces of pressure-outlet 7.
   901  3.2253e-01  4.0740e-05  4.7020e-05  3.9513e-05  1.2386e-03  4.9642e-03  1.0396e-03  0:03:17   24

 turbulent viscosity limited to viscosity ratio of 1.000000e+05 in 849 cells 

 Reversed flow on 629 faces of pressure-outlet 7.
   902  3.2280e-01  4.0823e-05  4.7056e-05  3.9536e-05  1.2415e-03  4.7566e-03  1.0410e-03  0:03:12   23

 turbulent viscosity limited to viscosity ratio of 1.000000e+05 in 849 cells 

 Reversed flow on 619 faces of pressure-outlet 7.
   903  3.2316e-01  4.0877e-05  4.7090e-05  3.9543e-05  1.2427e-03  4.6116e-03  1.0424e-03  0:03:02   22

 turbulent viscosity limited to viscosity ratio of 1.000000e+05 in 849 cells 

 Reversed flow on 614 faces of pressure-outlet 7.
   904  3.2357e-01  4.0945e-05  4.7104e-05  3.9564e-05  1.2472e-03  4.8292e-03  1.0439e-03  0:02:53   21

 turbulent viscosity limited to viscosity ratio of 1.000000e+05 in 849 cells 

 Reversed flow on 612 faces of pressure-outlet 7.
   905  3.2411e-01  4.1033e-05  4.7121e-05  3.9570e-05  1.2501e-03  4.5326e-03  1.0455e-03  0:02:48   20

 turbulent viscosity limited to viscosity ratio of 1.000000e+05 in 849 cells 

 Reversed flow on 615 faces of pressure-outlet 7.
   906  3.2440e-01  4.1098e-05  4.7141e-05  3.9569e-05  1.2540e-03  5.2861e-03  1.0470e-03  0:02:38   19

 turbulent viscosity limited to viscosity ratio of 1.000000e+05 in 850 cells 

 Reversed flow on 623 faces of pressure-outlet 7.
   907  3.2496e-01  4.1156e-05  4.7148e-05  3.9560e-05  1.2571e-03  5.4907e-03  1.0485e-03  0:02:28   18

 turbulent viscosity limited to viscosity ratio of 1.000000e+05 in 851 cells 

 Reversed flow on 620 faces of pressure-outlet 7.
   908  3.2515e-01  4.1227e-05  4.7158e-05  3.9554e-05  1.2617e-03  5.3422e-03  1.0500e-03  0:02:23   17

 turbulent viscosity limited to viscosity ratio of 1.000000e+05 in 851 cells 

 Reversed flow on 613 faces of pressure-outlet 7.
   909  3.2529e-01  4.1267e-05  4.7156e-05  3.9563e-05  1.2621e-03  4.8477e-03  1.0513e-03  0:02:13   16

 turbulent viscosity limited to viscosity ratio of 1.000000e+05 in 851 cells 

 Reversed flow on 609 faces of pressure-outlet 7.
   910  3.2552e-01  4.1320e-05  4.7151e-05  3.9556e-05  1.2656e-03  5.6026e-03  1.0528e-03  0:02:04   15

 turbulent viscosity limited to viscosity ratio of 1.000000e+05 in 851 cells 

 Reversed flow on 612 faces of pressure-outlet 7.

  iter  continuity  x-velocity  y-velocity  z-velocity           k     epsilon  vf-phase-2     time/iter
   911  3.2552e-01  4.1363e-05  4.7132e-05  3.9559e-05  1.2680e-03  5.0500e-03  1.0544e-03  0:01:58   14

 turbulent viscosity limited to viscosity ratio of 1.000000e+05 in 850 cells 

 Reversed flow on 618 faces of pressure-outlet 7.
   912  3.2575e-01  4.1418e-05  4.7103e-05  3.9560e-05  1.2710e-03  5.2699e-03  1.0561e-03  0:01:48   13

 turbulent viscosity limited to viscosity ratio of 1.000000e+05 in 850 cells 

 Reversed flow on 609 faces of pressure-outlet 7.
   913  3.2594e-01  4.1492e-05  4.7091e-05  3.9572e-05  1.2737e-03  5.2987e-03  1.0578e-03  0:01:39   12

 turbulent viscosity limited to viscosity ratio of 1.000000e+05 in 850 cells 

 Reversed flow on 599 faces of pressure-outlet 7.
   914  3.2619e-01  4.1539e-05  4.7048e-05  3.9546e-05  1.2775e-03  5.6015e-03  1.0596e-03  0:01:32   11

 turbulent viscosity limited to viscosity ratio of 1.000000e+05 in 850 cells 

 Reversed flow on 600 faces of pressure-outlet 7.
   915  3.2659e-01  4.1580e-05  4.7011e-05  3.9543e-05  1.2795e-03  5.4518e-03  1.0613e-03  0:01:23   10

 turbulent viscosity limited to viscosity ratio of 1.000000e+05 in 849 cells 

 Reversed flow on 608 faces of pressure-outlet 7.
   916  3.2639e-01  4.1607e-05  4.6976e-05  3.9521e-05  1.2807e-03  4.9822e-03  1.0630e-03  0:01:16    9

 turbulent viscosity limited to viscosity ratio of 1.000000e+05 in 849 cells 

 Reversed flow on 598 faces of pressure-outlet 7.
   917  3.2658e-01  4.1638e-05  4.6937e-05  3.9497e-05  1.2845e-03  5.0027e-03  1.0648e-03  0:01:07    8

 turbulent viscosity limited to viscosity ratio of 1.000000e+05 in 849 cells 

 Reversed flow on 600 faces of pressure-outlet 7.
   918  3.2663e-01  4.1678e-05  4.6896e-05  3.9475e-05  1.2878e-03  5.5005e-03  1.0666e-03  0:00:59    7

 turbulent viscosity limited to viscosity ratio of 1.000000e+05 in 848 cells 

 Reversed flow on 594 faces of pressure-outlet 7.
   919  3.2684e-01  4.1703e-05  4.6854e-05  3.9454e-05  1.2938e-03  7.2909e-03  1.0685e-03  0:00:50    6

 turbulent viscosity limited to viscosity ratio of 1.000000e+05 in 846 cells 

 Reversed flow on 597 faces of pressure-outlet 7.
   920  3.2696e-01  4.1730e-05  4.6822e-05  3.9436e-05  1.2998e-03  7.1827e-03  1.0705e-03  0:00:42    5

 turbulent viscosity limited to viscosity ratio of 1.000000e+05 in 846 cells 

 Reversed flow on 596 faces of pressure-outlet 7.
   921  3.2683e-01  4.1758e-05  4.6760e-05  3.9404e-05  1.3021e-03  6.3692e-03  1.0725e-03  0:00:34    4

 turbulent viscosity limited to viscosity ratio of 1.000000e+05 in 845 cells 

 Reversed flow on 601 faces of pressure-outlet 7.

  iter  continuity  x-velocity  y-velocity  z-velocity           k     epsilon  vf-phase-2     time/iter
   922  3.2656e-01  4.1769e-05  4.6689e-05  3.9389e-05  1.3040e-03  6.0262e-03  1.0745e-03  0:00:25    3

 turbulent viscosity limited to viscosity ratio of 1.000000e+05 in 846 cells 

 Reversed flow on 594 faces of pressure-outlet 7.
   923  3.2670e-01  4.1803e-05  4.6630e-05  3.9381e-05  1.3075e-03  5.7471e-03  1.0764e-03  0:00:17    2

 turbulent viscosity limited to viscosity ratio of 1.000000e+05 in 846 cells 

 Reversed flow on 594 faces of pressure-outlet 7.
   924  3.2673e-01  4.1836e-05  4.6578e-05  3.9378e-05  1.3122e-03  5.5467e-03  1.0784e-03  0:00:08    1

 turbulent viscosity limited to viscosity ratio of 1.000000e+05 in 846 cells 

 Reversed flow on 594 faces of pressure-outlet 7.
   925  3.2668e-01  4.1866e-05  4.6516e-05  3.9361e-05  1.3150e-03  5.2795e-03  1.0803e-03  0:00:00    0
iterate_925: RPC returned
progress: 925/1500

  iter  continuity  x-velocity  y-velocity  z-velocity           k     epsilon  vf-phase-2     time/iter
   925  3.2668e-01  4.1866e-05  4.6516e-05  3.9361e-05  1.3150e-03  5.2795e-03  1.0803e-03  0:03:29   25

 turbulent viscosity limited to viscosity ratio of 1.000000e+05 in 845 cells 

 Reversed flow on 600 faces of pressure-outlet 7.
   926  3.2630e-01  4.1887e-05  4.6459e-05  3.9351e-05  1.3186e-03  5.4336e-03  1.0823e-03  0:03:23   24

 turbulent viscosity limited to viscosity ratio of 1.000000e+05 in 844 cells 

 Reversed flow on 606 faces of pressure-outlet 7.
   927  3.2623e-01  4.1927e-05  4.6403e-05  3.9351e-05  1.3248e-03  5.7193e-03  1.0843e-03  0:03:13   23

 turbulent viscosity limited to viscosity ratio of 1.000000e+05 in 844 cells 

 Reversed flow on 601 faces of pressure-outlet 7.
   928  3.2635e-01  4.1966e-05  4.6362e-05  3.9350e-05  1.3294e-03  5.6288e-03  1.0863e-03  0:03:07   22

 turbulent viscosity limited to viscosity ratio of 1.000000e+05 in 844 cells 

 Reversed flow on 600 faces of pressure-outlet 7.
   929  3.2663e-01  4.1986e-05  4.6311e-05  3.9353e-05  1.3331e-03  5.6653e-03  1.0884e-03  0:02:56   21

 turbulent viscosity limited to viscosity ratio of 1.000000e+05 in 845 cells 

 Reversed flow on 594 faces of pressure-outlet 7.
   930  3.2645e-01  4.2012e-05  4.6251e-05  3.9351e-05  1.3377e-03  5.7388e-03  1.0905e-03  0:02:46   20

 turbulent viscosity limited to viscosity ratio of 1.000000e+05 in 845 cells 

 Reversed flow on 595 faces of pressure-outlet 7.
   931  3.2661e-01  4.2042e-05  4.6208e-05  3.9359e-05  1.3421e-03  5.7370e-03  1.0926e-03  0:02:41   19

 turbulent viscosity limited to viscosity ratio of 1.000000e+05 in 845 cells 

 Reversed flow on 603 faces of pressure-outlet 7.
   932  3.2678e-01  4.2070e-05  4.6172e-05  3.9365e-05  1.3457e-03  5.5248e-03  1.0945e-03  0:02:31   18

 turbulent viscosity limited to viscosity ratio of 1.000000e+05 in 845 cells 

 Reversed flow on 591 faces of pressure-outlet 7.
   933  3.2715e-01  4.2090e-05  4.6125e-05  3.9371e-05  1.3496e-03  5.8041e-03  1.0965e-03  0:02:21   17

 turbulent viscosity limited to viscosity ratio of 1.000000e+05 in 845 cells 

 Reversed flow on 584 faces of pressure-outlet 7.
   934  3.2738e-01  4.2121e-05  4.6074e-05  3.9384e-05  1.3539e-03  6.0950e-03  1.0986e-03  0:02:15   16

 turbulent viscosity limited to viscosity ratio of 1.000000e+05 in 845 cells 

 Reversed flow on 589 faces of pressure-outlet 7.
   935  3.2719e-01  4.2131e-05  4.6031e-05  3.9396e-05  1.3574e-03  6.4779e-03  1.1007e-03  0:02:05   15

 turbulent viscosity limited to viscosity ratio of 1.000000e+05 in 845 cells 

 Reversed flow on 590 faces of pressure-outlet 7.

  iter  continuity  x-velocity  y-velocity  z-velocity           k     epsilon  vf-phase-2     time/iter
   936  3.2688e-01  4.2153e-05  4.5989e-05  3.9400e-05  1.3596e-03  5.9419e-03  1.1026e-03  0:01:56   14

 turbulent viscosity limited to viscosity ratio of 1.000000e+05 in 845 cells 

 Reversed flow on 590 faces of pressure-outlet 7.
   937  3.2683e-01  4.2157e-05  4.5942e-05  3.9405e-05  1.3630e-03  5.9590e-03  1.1045e-03  0:01:49   13

 turbulent viscosity limited to viscosity ratio of 1.000000e+05 in 845 cells 

 Reversed flow on 581 faces of pressure-outlet 7.
   938  3.2694e-01  4.2176e-05  4.5912e-05  3.9415e-05  1.3651e-03  5.7142e-03  1.1065e-03  0:01:40   12

 turbulent viscosity limited to viscosity ratio of 1.000000e+05 in 845 cells 

 Reversed flow on 584 faces of pressure-outlet 7.
   939  3.2693e-01  4.2199e-05  4.5871e-05  3.9442e-05  1.3687e-03  5.9149e-03  1.1083e-03  0:01:33   11

 turbulent viscosity limited to viscosity ratio of 1.000000e+05 in 844 cells 

 Reversed flow on 598 faces of pressure-outlet 7.
   940  3.2691e-01  4.2209e-05  4.5848e-05  3.9449e-05  1.3721e-03  6.0189e-03  1.1102e-03  0:01:24   10

 turbulent viscosity limited to viscosity ratio of 1.000000e+05 in 844 cells 

 Reversed flow on 599 faces of pressure-outlet 7.
   941  3.2692e-01  4.2221e-05  4.5828e-05  3.9469e-05  1.3715e-03  5.3774e-03  1.1119e-03  0:01:15    9

 turbulent viscosity limited to viscosity ratio of 1.000000e+05 in 844 cells 

 Reversed flow on 606 faces of pressure-outlet 7.
   942  3.2702e-01  4.2234e-05  4.5807e-05  3.9489e-05  1.3755e-03  5.8614e-03  1.1136e-03  0:01:06    8

 turbulent viscosity limited to viscosity ratio of 1.000000e+05 in 844 cells 

 Reversed flow on 597 faces of pressure-outlet 7.
   943  3.2679e-01  4.2247e-05  4.5781e-05  3.9505e-05  1.3783e-03  5.8304e-03  1.1153e-03  0:00:59    7

 turbulent viscosity limited to viscosity ratio of 1.000000e+05 in 844 cells 

 Reversed flow on 599 faces of pressure-outlet 7.
   944  3.2672e-01  4.2270e-05  4.5759e-05  3.9542e-05  1.3821e-03  6.5155e-03  1.1168e-03  0:00:50    6

 turbulent viscosity limited to viscosity ratio of 1.000000e+05 in 844 cells 

 Reversed flow on 613 faces of pressure-outlet 7.
   945  3.2670e-01  4.2292e-05  4.5751e-05  3.9577e-05  1.3836e-03  6.0984e-03  1.1183e-03  0:00:41    5

 turbulent viscosity limited to viscosity ratio of 1.000000e+05 in 843 cells 

 Reversed flow on 611 faces of pressure-outlet 7.
   946  3.2670e-01  4.2305e-05  4.5722e-05  3.9616e-05  1.3844e-03  5.9041e-03  1.1199e-03  0:00:34    4

 turbulent viscosity limited to viscosity ratio of 1.000000e+05 in 842 cells 

 Reversed flow on 610 faces of pressure-outlet 7.

  iter  continuity  x-velocity  y-velocity  z-velocity           k     epsilon  vf-phase-2     time/iter
   947  3.2635e-01  4.2324e-05  4.5711e-05  3.9657e-05  1.3858e-03  5.6963e-03  1.1216e-03  0:00:25    3

 turbulent viscosity limited to viscosity ratio of 1.000000e+05 in 842 cells 

 Reversed flow on 607 faces of pressure-outlet 7.
   948  3.2651e-01  4.2329e-05  4.5702e-05  3.9724e-05  1.3890e-03  7.1406e-03  1.1230e-03  0:00:17    2

 turbulent viscosity limited to viscosity ratio of 1.000000e+05 in 842 cells 

 Reversed flow on 606 faces of pressure-outlet 7.
   949  3.2633e-01  4.2332e-05  4.5681e-05  3.9791e-05  1.3900e-03  6.7490e-03  1.1243e-03  0:00:08    1

 turbulent viscosity limited to viscosity ratio of 1.000000e+05 in 842 cells 

 Reversed flow on 607 faces of pressure-outlet 7.
   950  3.2622e-01  4.2343e-05  4.5657e-05  3.9855e-05  1.3905e-03  6.2844e-03  1.1256e-03  0:00:00    0
iterate_950: RPC returned
progress: 950/1500

  iter  continuity  x-velocity  y-velocity  z-velocity           k     epsilon  vf-phase-2     time/iter
   950  3.2622e-01  4.2343e-05  4.5657e-05  3.9855e-05  1.3905e-03  6.2844e-03  1.1256e-03  0:03:28   25

 turbulent viscosity limited to viscosity ratio of 1.000000e+05 in 844 cells 

 Reversed flow on 614 faces of pressure-outlet 7.
   951  3.2597e-01  4.2368e-05  4.5653e-05  3.9945e-05  1.3901e-03  5.9364e-03  1.1266e-03  0:03:23   24

 turbulent viscosity limited to viscosity ratio of 1.000000e+05 in 845 cells 

 Reversed flow on 626 faces of pressure-outlet 7.
   952  3.2643e-01  4.2368e-05  4.5647e-05  4.0033e-05  1.3903e-03  6.1224e-03  1.1275e-03  0:03:12   23

 turbulent viscosity limited to viscosity ratio of 1.000000e+05 in 845 cells 

 Reversed flow on 620 faces of pressure-outlet 7.
   953  3.2606e-01  4.2365e-05  4.5642e-05  4.0135e-05  1.3900e-03  5.3697e-03  1.1285e-03  0:03:07   22

 turbulent viscosity limited to viscosity ratio of 1.000000e+05 in 845 cells 

 Reversed flow on 618 faces of pressure-outlet 7.
   954  3.2596e-01  4.2368e-05  4.5637e-05  4.0233e-05  1.3913e-03  5.7550e-03  1.1293e-03  0:02:56   21

 turbulent viscosity limited to viscosity ratio of 1.000000e+05 in 844 cells 

 Reversed flow on 622 faces of pressure-outlet 7.
   955  3.2567e-01  4.2380e-05  4.5630e-05  4.0361e-05  1.3915e-03  5.9051e-03  1.1302e-03  0:02:46   20

 turbulent viscosity limited to viscosity ratio of 1.000000e+05 in 844 cells 

 Reversed flow on 624 faces of pressure-outlet 7.
   956  3.2545e-01  4.2369e-05  4.5608e-05  4.0465e-05  1.3905e-03  5.6368e-03  1.1309e-03  0:02:41   19

 turbulent viscosity limited to viscosity ratio of 1.000000e+05 in 844 cells 

 Reversed flow on 626 faces of pressure-outlet 7.
   957  3.2522e-01  4.2367e-05  4.5601e-05  4.0579e-05  1.3910e-03  5.3136e-03  1.1315e-03  0:02:31   18

 turbulent viscosity limited to viscosity ratio of 1.000000e+05 in 844 cells 

 Reversed flow on 624 faces of pressure-outlet 7.
   958  3.2530e-01  4.2374e-05  4.5584e-05  4.0695e-05  1.3914e-03  5.6324e-03  1.1321e-03  0:02:21   17

 turbulent viscosity limited to viscosity ratio of 1.000000e+05 in 843 cells 

 Reversed flow on 625 faces of pressure-outlet 7.
   959  3.2513e-01  4.2388e-05  4.5577e-05  4.0824e-05  1.3894e-03  5.4922e-03  1.1325e-03  0:02:15   16

 turbulent viscosity limited to viscosity ratio of 1.000000e+05 in 843 cells 

 Reversed flow on 627 faces of pressure-outlet 7.
   960  3.2477e-01  4.2376e-05  4.5548e-05  4.0932e-05  1.3906e-03  6.2198e-03  1.1326e-03  0:02:05   15

 turbulent viscosity limited to viscosity ratio of 1.000000e+05 in 842 cells 

 Reversed flow on 637 faces of pressure-outlet 7.

  iter  continuity  x-velocity  y-velocity  z-velocity           k     epsilon  vf-phase-2     time/iter
   961  3.2467e-01  4.2371e-05  4.5549e-05  4.1054e-05  1.3931e-03  6.0852e-03  1.1328e-03  0:01:59   14

 turbulent viscosity limited to viscosity ratio of 1.000000e+05 in 842 cells 

 Reversed flow on 635 faces of pressure-outlet 7.
   962  3.2479e-01  4.2375e-05  4.5560e-05  4.1189e-05  1.3902e-03  5.5177e-03  1.1330e-03  0:01:49   13

 turbulent viscosity limited to viscosity ratio of 1.000000e+05 in 842 cells 

 Reversed flow on 643 faces of pressure-outlet 7.
   963  3.2484e-01  4.2367e-05  4.5560e-05  4.1324e-05  1.3910e-03  6.8563e-03  1.1332e-03  0:01:40   12

 turbulent viscosity limited to viscosity ratio of 1.000000e+05 in 842 cells 

 Reversed flow on 641 faces of pressure-outlet 7.
   964  3.2432e-01  4.2363e-05  4.5567e-05  4.1468e-05  1.3897e-03  5.9362e-03  1.1332e-03  0:01:33   11

 turbulent viscosity limited to viscosity ratio of 1.000000e+05 in 841 cells 

 Reversed flow on 642 faces of pressure-outlet 7.
   965  3.2425e-01  4.2356e-05  4.5566e-05  4.1600e-05  1.3907e-03  6.0203e-03  1.1331e-03  0:01:24   10

 turbulent viscosity limited to viscosity ratio of 1.000000e+05 in 840 cells 

 Reversed flow on 637 faces of pressure-outlet 7.
   966  3.2388e-01  4.2346e-05  4.5565e-05  4.1735e-05  1.3878e-03  5.2579e-03  1.1330e-03  0:01:15    9

 turbulent viscosity limited to viscosity ratio of 1.000000e+05 in 840 cells 

 Reversed flow on 636 faces of pressure-outlet 7.
   967  3.2357e-01  4.2344e-05  4.5556e-05  4.1874e-05  1.3893e-03  6.2508e-03  1.1330e-03  0:01:07    8

 turbulent viscosity limited to viscosity ratio of 1.000000e+05 in 840 cells 

 Reversed flow on 647 faces of pressure-outlet 7.
   968  3.2341e-01  4.2348e-05  4.5556e-05  4.2025e-05  1.3884e-03  5.6814e-03  1.1329e-03  0:00:58    7

 turbulent viscosity limited to viscosity ratio of 1.000000e+05 in 840 cells 

 Reversed flow on 651 faces of pressure-outlet 7.
   969  3.2330e-01  4.2360e-05  4.5558e-05  4.2167e-05  1.3868e-03  5.5219e-03  1.1328e-03  0:00:50    6

 turbulent viscosity limited to viscosity ratio of 1.000000e+05 in 840 cells 

 Reversed flow on 648 faces of pressure-outlet 7.
   970  3.2329e-01  4.2376e-05  4.5568e-05  4.2301e-05  1.3853e-03  5.2767e-03  1.1325e-03  0:00:42    5

 turbulent viscosity limited to viscosity ratio of 1.000000e+05 in 840 cells 

 Reversed flow on 659 faces of pressure-outlet 7.
   971  3.2352e-01  4.2383e-05  4.5580e-05  4.2424e-05  1.3865e-03  5.6210e-03  1.1323e-03  0:00:33    4

 turbulent viscosity limited to viscosity ratio of 1.000000e+05 in 841 cells 

 Reversed flow on 657 faces of pressure-outlet 7.

  iter  continuity  x-velocity  y-velocity  z-velocity           k     epsilon  vf-phase-2     time/iter
   972  3.2365e-01  4.2402e-05  4.5598e-05  4.2548e-05  1.3849e-03  5.1208e-03  1.1322e-03  0:00:25    3

 turbulent viscosity limited to viscosity ratio of 1.000000e+05 in 841 cells 

 Reversed flow on 660 faces of pressure-outlet 7.
   973  3.2419e-01  4.2427e-05  4.5605e-05  4.2667e-05  1.3839e-03  5.5399e-03  1.1320e-03  0:00:17    2

 turbulent viscosity limited to viscosity ratio of 1.000000e+05 in 841 cells 

 Reversed flow on 658 faces of pressure-outlet 7.
   974  3.2407e-01  4.2430e-05  4.5620e-05  4.2791e-05  1.3831e-03  5.3181e-03  1.1318e-03  0:00:08    1

 turbulent viscosity limited to viscosity ratio of 1.000000e+05 in 841 cells 

 Reversed flow on 661 faces of pressure-outlet 7.
   975  3.2394e-01  4.2446e-05  4.5637e-05  4.2930e-05  1.3831e-03  6.0525e-03  1.1314e-03  0:00:00    0
iterate_975: RPC returned
progress: 975/1500

  iter  continuity  x-velocity  y-velocity  z-velocity           k     epsilon  vf-phase-2     time/iter
   975  3.2394e-01  4.2446e-05  4.5637e-05  4.2930e-05  1.3831e-03  6.0525e-03  1.1314e-03  0:03:31   25

 turbulent viscosity limited to viscosity ratio of 1.000000e+05 in 841 cells 

 Reversed flow on 665 faces of pressure-outlet 7.
   976  3.2417e-01  4.2457e-05  4.5645e-05  4.3051e-05  1.3824e-03  5.8450e-03  1.1309e-03  0:03:25   24

 turbulent viscosity limited to viscosity ratio of 1.000000e+05 in 841 cells 

 Reversed flow on 671 faces of pressure-outlet 7.
   977  3.2429e-01  4.2488e-05  4.5653e-05  4.3154e-05  1.3817e-03  5.5735e-03  1.1305e-03  0:03:14   23

 turbulent viscosity limited to viscosity ratio of 1.000000e+05 in 842 cells 

 Reversed flow on 663 faces of pressure-outlet 7.
   978  3.2434e-01  4.2509e-05  4.5681e-05  4.3256e-05  1.3812e-03  5.6440e-03  1.1301e-03  0:03:04   22

 turbulent viscosity limited to viscosity ratio of 1.000000e+05 in 842 cells 

 Reversed flow on 666 faces of pressure-outlet 7.
   979  3.2435e-01  4.2534e-05  4.5706e-05  4.3352e-05  1.3785e-03  5.2112e-03  1.1298e-03  0:02:58   21

 turbulent viscosity limited to viscosity ratio of 1.000000e+05 in 842 cells 

 Reversed flow on 674 faces of pressure-outlet 7.
   980  3.2443e-01  4.2558e-05  4.5705e-05  4.3428e-05  1.3766e-03  5.3736e-03  1.1295e-03  0:02:48   20

 turbulent viscosity limited to viscosity ratio of 1.000000e+05 in 841 cells 

 Reversed flow on 672 faces of pressure-outlet 7.
   981  3.2454e-01  4.2586e-05  4.5731e-05  4.3508e-05  1.3771e-03  6.0061e-03  1.1291e-03  0:02:38   19

 turbulent viscosity limited to viscosity ratio of 1.000000e+05 in 841 cells 

 Reversed flow on 677 faces of pressure-outlet 7.
   982  3.2480e-01  4.2632e-05  4.5755e-05  4.3589e-05  1.3755e-03  5.4307e-03  1.1290e-03  0:02:32   18

 turbulent viscosity limited to viscosity ratio of 1.000000e+05 in 840 cells 

 Reversed flow on 672 faces of pressure-outlet 7.
   983  3.2505e-01  4.2674e-05  4.5770e-05  4.3644e-05  1.3750e-03  5.7270e-03  1.1287e-03  0:02:22   17

 turbulent viscosity limited to viscosity ratio of 1.000000e+05 in 840 cells 

 Reversed flow on 674 faces of pressure-outlet 7.
   984  3.2519e-01  4.2714e-05  4.5784e-05  4.3690e-05  1.3742e-03  6.0686e-03  1.1283e-03  0:02:13   16

 turbulent viscosity limited to viscosity ratio of 1.000000e+05 in 840 cells 

 Reversed flow on 676 faces of pressure-outlet 7.
   985  3.2512e-01  4.2743e-05  4.5800e-05  4.3735e-05  1.3736e-03  6.0866e-03  1.1280e-03  0:02:06   15

 turbulent viscosity limited to viscosity ratio of 1.000000e+05 in 839 cells 

 Reversed flow on 677 faces of pressure-outlet 7.

  iter  continuity  x-velocity  y-velocity  z-velocity           k     epsilon  vf-phase-2     time/iter
   986  3.2528e-01  4.2783e-05  4.5805e-05  4.3770e-05  1.3690e-03  5.3647e-03  1.1276e-03  0:01:57   14

 turbulent viscosity limited to viscosity ratio of 1.000000e+05 in 839 cells 

 Reversed flow on 685 faces of pressure-outlet 7.
   987  3.2517e-01  4.2828e-05  4.5810e-05  4.3793e-05  1.3691e-03  6.2593e-03  1.1274e-03  0:01:48   13

 turbulent viscosity limited to viscosity ratio of 1.000000e+05 in 839 cells 

 Reversed flow on 688 faces of pressure-outlet 7.
   988  3.2538e-01  4.2885e-05  4.5821e-05  4.3795e-05  1.3660e-03  5.4433e-03  1.1269e-03  0:01:41   12

 turbulent viscosity limited to viscosity ratio of 1.000000e+05 in 839 cells 

 Reversed flow on 698 faces of pressure-outlet 7.
   989  3.2518e-01  4.2928e-05  4.5832e-05  4.3798e-05  1.3642e-03  5.3664e-03  1.1265e-03  0:01:32   11

 turbulent viscosity limited to viscosity ratio of 1.000000e+05 in 838 cells 

 Reversed flow on 696 faces of pressure-outlet 7.
   990  3.2534e-01  4.2978e-05  4.5833e-05  4.3804e-05  1.3628e-03  5.4402e-03  1.1261e-03  0:01:23   10

 turbulent viscosity limited to viscosity ratio of 1.000000e+05 in 837 cells 

 Reversed flow on 685 faces of pressure-outlet 7.
   991  3.2544e-01  4.3030e-05  4.5827e-05  4.3784e-05  1.3606e-03  6.0293e-03  1.1255e-03  0:01:16    9

 turbulent viscosity limited to viscosity ratio of 1.000000e+05 in 838 cells 

 Reversed flow on 692 faces of pressure-outlet 7.
   992  3.2558e-01  4.3073e-05  4.5825e-05  4.3765e-05  1.3606e-03  6.4293e-03  1.1250e-03  0:01:07    8

 turbulent viscosity limited to viscosity ratio of 1.000000e+05 in 838 cells 

 Reversed flow on 693 faces of pressure-outlet 7.
   993  3.2563e-01  4.3131e-05  4.5823e-05  4.3745e-05  1.3590e-03  6.1530e-03  1.1244e-03  0:00:58    7

 turbulent viscosity limited to viscosity ratio of 1.000000e+05 in 838 cells 

 Reversed flow on 693 faces of pressure-outlet 7.
   994  3.2581e-01  4.3179e-05  4.5806e-05  4.3726e-05  1.3551e-03  5.8590e-03  1.1238e-03  0:00:50    6

 turbulent viscosity limited to viscosity ratio of 1.000000e+05 in 836 cells 

 Reversed flow on 699 faces of pressure-outlet 7.
   995  3.2599e-01  4.3223e-05  4.5781e-05  4.3701e-05  1.3567e-03  7.3113e-03  1.1231e-03  0:00:42    5

 turbulent viscosity limited to viscosity ratio of 1.000000e+05 in 835 cells 

 Reversed flow on 696 faces of pressure-outlet 7.
   996  3.2594e-01  4.3270e-05  4.5747e-05  4.3678e-05  1.3520e-03  6.1672e-03  1.1224e-03  0:00:34    4

 turbulent viscosity limited to viscosity ratio of 1.000000e+05 in 835 cells 

 Reversed flow on 697 faces of pressure-outlet 7.

  iter  continuity  x-velocity  y-velocity  z-velocity           k     epsilon  vf-phase-2     time/iter
   997  3.2631e-01  4.3319e-05  4.5729e-05  4.3624e-05  1.3491e-03  6.2827e-03  1.1216e-03  0:00:25    3

 turbulent viscosity limited to viscosity ratio of 1.000000e+05 in 835 cells 

 Reversed flow on 698 faces of pressure-outlet 7.
   998  3.2637e-01  4.3346e-05  4.5688e-05  4.3567e-05  1.3453e-03  5.5620e-03  1.1208e-03  0:00:17    2

 turbulent viscosity limited to viscosity ratio of 1.000000e+05 in 835 cells 

 Reversed flow on 687 faces of pressure-outlet 7.
   999  3.2670e-01  4.3375e-05  4.5653e-05  4.3494e-05  1.3450e-03  5.8562e-03  1.1199e-03  0:00:08    1

 turbulent viscosity limited to viscosity ratio of 1.000000e+05 in 835 cells 

 Reversed flow on 696 faces of pressure-outlet 7.
  1000  3.2665e-01  4.3409e-05  4.5608e-05  4.3425e-05  1.3422e-03  5.5877e-03  1.1190e-03  0:00:00    0
iterate_1000: RPC returned
progress: 1000/1500

=== autosave_1000 ===

Writing to EN439159:"C:\Users\qtra338\Documents\enthalpy_sweep_verified_20260721_v2\case_2_1440_autosave_iter1000.cas.h5" in NODE0 mode and compression level 1 ...
Grouping cells for Laplace smoothing ...
     5578299 cells,     1 zone  ...
    11355491 faces,     5 zones ...
     1026091 nodes,     1 zone  ...
  Done.
Done.
write_case_autosave_1000: OK

Writing to EN439159:"C:\Users\qtra338\Documents\enthalpy_sweep_verified_20260721_v2\case_2_1440_autosave_iter1000.dat.h5" in NODE0 mode and compression level 1 ...
  Writing results.
Done.
write_data_autosave_1000: OK
saved_pair_autosave_1000: VERIFIED

  iter  continuity  x-velocity  y-velocity  z-velocity           k     epsilon  vf-phase-2     time/iter
  1000  3.2665e-01  4.3409e-05  4.5608e-05  4.3425e-05  1.3422e-03  5.5877e-03  1.1190e-03  0:03:30   25

 turbulent viscosity limited to viscosity ratio of 1.000000e+05 in 835 cells 

 Reversed flow on 698 faces of pressure-outlet 7.
  1001  3.2674e-01  4.3445e-05  4.5565e-05  4.3343e-05  1.3408e-03  6.2520e-03  1.1180e-03  0:03:24   24

 turbulent viscosity limited to viscosity ratio of 1.000000e+05 in 835 cells 

 Reversed flow on 695 faces of pressure-outlet 7.
  1002  3.2672e-01  4.3470e-05  4.5522e-05  4.3274e-05  1.3385e-03  6.6363e-03  1.1168e-03  0:03:13   23

 turbulent viscosity limited to viscosity ratio of 1.000000e+05 in 836 cells 

 Reversed flow on 690 faces of pressure-outlet 7.
  1003  3.2686e-01  4.3487e-05  4.5477e-05  4.3201e-05  1.3402e-03  7.8573e-03  1.1155e-03  0:03:03   22

 turbulent viscosity limited to viscosity ratio of 1.000000e+05 in 836 cells 

 Reversed flow on 696 faces of pressure-outlet 7.
  1004  3.2746e-01  4.3518e-05  4.5427e-05  4.3108e-05  1.3371e-03  6.9144e-03  1.1142e-03  0:02:58   21

 turbulent viscosity limited to viscosity ratio of 1.000000e+05 in 836 cells 

 Reversed flow on 692 faces of pressure-outlet 7.
  1005  3.2747e-01  4.3532e-05  4.5370e-05  4.3034e-05  1.3327e-03  7.1545e-03  1.1127e-03  0:02:47   20

 turbulent viscosity limited to viscosity ratio of 1.000000e+05 in 836 cells 

 Reversed flow on 697 faces of pressure-outlet 7.
  1006  3.2740e-01  4.3545e-05  4.5288e-05  4.2932e-05  1.3282e-03  6.1810e-03  1.1111e-03  0:02:38   19

 turbulent viscosity limited to viscosity ratio of 1.000000e+05 in 836 cells 

 Reversed flow on 694 faces of pressure-outlet 7.
  1007  3.2709e-01  4.3542e-05  4.5210e-05  4.2818e-05  1.3253e-03  6.6826e-03  1.1096e-03  0:02:32   18

 turbulent viscosity limited to viscosity ratio of 1.000000e+05 in 835 cells 

 Reversed flow on 696 faces of pressure-outlet 7.
  1008  3.2663e-01  4.3538e-05  4.5134e-05  4.2714e-05  1.3197e-03  5.9598e-03  1.1079e-03  0:02:22   17

 turbulent viscosity limited to viscosity ratio of 1.000000e+05 in 835 cells 

 Reversed flow on 685 faces of pressure-outlet 7.
  1009  3.2636e-01  4.3534e-05  4.5054e-05  4.2607e-05  1.3152e-03  5.7300e-03  1.1062e-03  0:02:12   16

 turbulent viscosity limited to viscosity ratio of 1.000000e+05 in 834 cells 

 Reversed flow on 683 faces of pressure-outlet 7.
  1010  3.2628e-01  4.3540e-05  4.4960e-05  4.2510e-05  1.3124e-03  6.0378e-03  1.1043e-03  0:02:06   15

 turbulent viscosity limited to viscosity ratio of 1.000000e+05 in 834 cells 

 Reversed flow on 686 faces of pressure-outlet 7.

  iter  continuity  x-velocity  y-velocity  z-velocity           k     epsilon  vf-phase-2     time/iter
  1011  3.2634e-01  4.3546e-05  4.4876e-05  4.2415e-05  1.3134e-03  7.6777e-03  1.1024e-03  0:01:57   14

 turbulent viscosity limited to viscosity ratio of 1.000000e+05 in 834 cells 

 Reversed flow on 687 faces of pressure-outlet 7.
  1012  3.2625e-01  4.3554e-05  4.4793e-05  4.2318e-05  1.3064e-03  6.8803e-03  1.1004e-03  0:01:48   13

 turbulent viscosity limited to viscosity ratio of 1.000000e+05 in 834 cells 

 Reversed flow on 697 faces of pressure-outlet 7.
  1013  3.2601e-01  4.3546e-05  4.4706e-05  4.2219e-05  1.3046e-03  7.2580e-03  1.0984e-03  0:01:41   12

 turbulent viscosity limited to viscosity ratio of 1.000000e+05 in 834 cells 

 Reversed flow on 694 faces of pressure-outlet 7.
  1014  3.2564e-01  4.3553e-05  4.4617e-05  4.2131e-05  1.2974e-03  6.0271e-03  1.0962e-03  0:01:32   11

 turbulent viscosity limited to viscosity ratio of 1.000000e+05 in 833 cells 

 Reversed flow on 690 faces of pressure-outlet 7.
  1015  3.2521e-01  4.3554e-05  4.4535e-05  4.2057e-05  1.2919e-03  5.9735e-03  1.0940e-03  0:01:23   10

 turbulent viscosity limited to viscosity ratio of 1.000000e+05 in 833 cells 

 Reversed flow on 685 faces of pressure-outlet 7.
  1016  3.2484e-01  4.3551e-05  4.4444e-05  4.1980e-05  1.2907e-03  8.0668e-03  1.0918e-03  0:01:16    9

 turbulent viscosity limited to viscosity ratio of 1.000000e+05 in 833 cells 

 Reversed flow on 685 faces of pressure-outlet 7.
  1017  3.2443e-01  4.3533e-05  4.4350e-05  4.1886e-05  1.2877e-03  6.9930e-03  1.0895e-03  0:01:07    8

 turbulent viscosity limited to viscosity ratio of 1.000000e+05 in 832 cells 

 Reversed flow on 686 faces of pressure-outlet 7.
  1018  3.2406e-01  4.3517e-05  4.4259e-05  4.1803e-05  1.2820e-03  6.6940e-03  1.0871e-03  0:00:59    7

 turbulent viscosity limited to viscosity ratio of 1.000000e+05 in 832 cells 

 Reversed flow on 682 faces of pressure-outlet 7.
  1019  3.2402e-01  4.3507e-05  4.4183e-05  4.1758e-05  1.2793e-03  7.6387e-03  1.0847e-03  0:00:50    6

 turbulent viscosity limited to viscosity ratio of 1.000000e+05 in 830 cells 

 Reversed flow on 694 faces of pressure-outlet 7.
  1020  3.2412e-01  4.3514e-05  4.4110e-05  4.1718e-05  1.2755e-03  7.4310e-03  1.0821e-03  0:00:41    5

 turbulent viscosity limited to viscosity ratio of 1.000000e+05 in 831 cells 

 Reversed flow on 687 faces of pressure-outlet 7.
  1021  3.2408e-01  4.3519e-05  4.4046e-05  4.1671e-05  1.2730e-03  7.9040e-03  1.0795e-03  0:00:34    4

 turbulent viscosity limited to viscosity ratio of 1.000000e+05 in 830 cells 

 Reversed flow on 686 faces of pressure-outlet 7.

  iter  continuity  x-velocity  y-velocity  z-velocity           k     epsilon  vf-phase-2     time/iter
  1022  3.2387e-01  4.3515e-05  4.3977e-05  4.1614e-05  1.2720e-03  8.8589e-03  1.0768e-03  0:00:25    3

 turbulent viscosity limited to viscosity ratio of 1.000000e+05 in 830 cells 

 Reversed flow on 679 faces of pressure-outlet 7.
  1023  3.2379e-01  4.3501e-05  4.3911e-05  4.1590e-05  1.2664e-03  7.8578e-03  1.0743e-03  0:00:17    2

 turbulent viscosity limited to viscosity ratio of 1.000000e+05 in 830 cells 

 Reversed flow on 680 faces of pressure-outlet 7.
  1024  3.2370e-01  4.3506e-05  4.3858e-05  4.1566e-05  1.2610e-03  7.5707e-03  1.0715e-03  0:00:08    1

 turbulent viscosity limited to viscosity ratio of 1.000000e+05 in 830 cells 

 Reversed flow on 679 faces of pressure-outlet 7.
  1025  3.2381e-01  4.3514e-05  4.3798e-05  4.1544e-05  1.2566e-03  6.7187e-03  1.0686e-03  0:00:00    0
iterate_1025: RPC returned
progress: 1025/1500

  iter  continuity  x-velocity  y-velocity  z-velocity           k     epsilon  vf-phase-2     time/iter
  1025  3.2381e-01  4.3514e-05  4.3798e-05  4.1544e-05  1.2566e-03  6.7187e-03  1.0686e-03  0:03:28   25

 turbulent viscosity limited to viscosity ratio of 1.000000e+05 in 830 cells 

 Reversed flow on 684 faces of pressure-outlet 7.
  1026  3.2350e-01  4.3530e-05  4.3735e-05  4.1532e-05  1.2553e-03  7.5190e-03  1.0657e-03  0:03:23   24

 turbulent viscosity limited to viscosity ratio of 1.000000e+05 in 830 cells 

 Reversed flow on 689 faces of pressure-outlet 7.
  1027  3.2322e-01  4.3535e-05  4.3672e-05  4.1523e-05  1.2535e-03  7.6375e-03  1.0627e-03  0:03:13   23

 turbulent viscosity limited to viscosity ratio of 1.000000e+05 in 830 cells 

 Reversed flow on 677 faces of pressure-outlet 7.
  1028  3.2306e-01  4.3541e-05  4.3608e-05  4.1522e-05  1.2498e-03  7.2305e-03  1.0596e-03  0:03:07   22

 turbulent viscosity limited to viscosity ratio of 1.000000e+05 in 830 cells 

 Reversed flow on 686 faces of pressure-outlet 7.
  1029  3.2296e-01  4.3545e-05  4.3559e-05  4.1519e-05  1.2464e-03  6.2377e-03  1.0565e-03  0:02:56   21

 turbulent viscosity limited to viscosity ratio of 1.000000e+05 in 831 cells 

 Reversed flow on 684 faces of pressure-outlet 7.
  1030  3.2285e-01  4.3549e-05  4.3518e-05  4.1519e-05  1.2468e-03  8.5099e-03  1.0533e-03  0:02:46   20

 turbulent viscosity limited to viscosity ratio of 1.000000e+05 in 832 cells 

 Reversed flow on 681 faces of pressure-outlet 7.
  1031  3.2273e-01  4.3552e-05  4.3473e-05  4.1543e-05  1.2449e-03  6.7149e-03  1.0502e-03  0:02:41   19

 turbulent viscosity limited to viscosity ratio of 1.000000e+05 in 832 cells 

 Reversed flow on 681 faces of pressure-outlet 7.
  1032  3.2267e-01  4.3530e-05  4.3426e-05  4.1553e-05  1.2416e-03  6.6560e-03  1.0471e-03  0:02:31   18

 turbulent viscosity limited to viscosity ratio of 1.000000e+05 in 831 cells 

 Reversed flow on 683 faces of pressure-outlet 7.
  1033  3.2224e-01  4.3512e-05  4.3389e-05  4.1571e-05  1.2390e-03  6.0647e-03  1.0439e-03  0:02:21   17

 turbulent viscosity limited to viscosity ratio of 1.000000e+05 in 831 cells 

 Reversed flow on 670 faces of pressure-outlet 7.
  1034  3.2202e-01  4.3517e-05  4.3328e-05  4.1580e-05  1.2374e-03  6.8289e-03  1.0407e-03  0:02:15   16

 turbulent viscosity limited to viscosity ratio of 1.000000e+05 in 831 cells 

 Reversed flow on 692 faces of pressure-outlet 7.
  1035  3.2172e-01  4.3487e-05  4.3275e-05  4.1588e-05  1.2406e-03  9.4640e-03  1.0375e-03  0:02:05   15

 turbulent viscosity limited to viscosity ratio of 1.000000e+05 in 832 cells 

 Reversed flow on 698 faces of pressure-outlet 7.

  iter  continuity  x-velocity  y-velocity  z-velocity           k     epsilon  vf-phase-2     time/iter
  1036  3.2157e-01  4.3483e-05  4.3231e-05  4.1607e-05  1.2396e-03  8.2554e-03  1.0343e-03  0:01:56   14

 turbulent viscosity limited to viscosity ratio of 1.000000e+05 in 832 cells 

 Reversed flow on 667 faces of pressure-outlet 7.
  1037  3.2168e-01  4.3465e-05  4.3192e-05  4.1628e-05  1.2372e-03  7.8846e-03  1.0312e-03  0:01:49   13

 turbulent viscosity limited to viscosity ratio of 1.000000e+05 in 832 cells 

 Reversed flow on 665 faces of pressure-outlet 7.
  1038  3.2124e-01  4.3436e-05  4.3151e-05  4.1638e-05  1.2371e-03  7.7396e-03  1.0281e-03  0:01:40   12

 turbulent viscosity limited to viscosity ratio of 1.000000e+05 in 832 cells 

 Reversed flow on 672 faces of pressure-outlet 7.
  1039  3.2128e-01  4.3418e-05  4.3107e-05  4.1645e-05  1.2324e-03  7.4510e-03  1.0251e-03  0:01:33   11

 turbulent viscosity limited to viscosity ratio of 1.000000e+05 in 831 cells 

 Reversed flow on 675 faces of pressure-outlet 7.
  1040  3.2127e-01  4.3401e-05  4.3070e-05  4.1667e-05  1.2343e-03  7.6813e-03  1.0222e-03  0:01:24   10

 turbulent viscosity limited to viscosity ratio of 1.000000e+05 in 832 cells 

 Reversed flow on 682 faces of pressure-outlet 7.
  1041  3.2107e-01  4.3383e-05  4.3033e-05  4.1691e-05  1.2305e-03  6.9747e-03  1.0195e-03  0:01:15    9

 turbulent viscosity limited to viscosity ratio of 1.000000e+05 in 832 cells 

 Reversed flow on 675 faces of pressure-outlet 7.
  1042  3.2080e-01  4.3338e-05  4.2988e-05  4.1702e-05  1.2310e-03  7.8152e-03  1.0168e-03  0:01:08    8

 turbulent viscosity limited to viscosity ratio of 1.000000e+05 in 832 cells 

 Reversed flow on 679 faces of pressure-outlet 7.
  1043  3.2051e-01  4.3294e-05  4.2938e-05  4.1719e-05  1.2288e-03  6.8133e-03  1.0143e-03  0:00:58    7

 turbulent viscosity limited to viscosity ratio of 1.000000e+05 in 831 cells 

 Reversed flow on 686 faces of pressure-outlet 7.
  1044  3.2023e-01  4.3260e-05  4.2890e-05  4.1729e-05  1.2283e-03  6.8254e-03  1.0119e-03  0:00:50    6

 turbulent viscosity limited to viscosity ratio of 1.000000e+05 in 831 cells 

 Reversed flow on 686 faces of pressure-outlet 7.
  1045  3.2009e-01  4.3226e-05  4.2844e-05  4.1728e-05  1.2269e-03  6.3878e-03  1.0095e-03  0:00:42    5

 turbulent viscosity limited to viscosity ratio of 1.000000e+05 in 829 cells 

 Reversed flow on 676 faces of pressure-outlet 7.
  1046  3.1982e-01  4.3176e-05  4.2803e-05  4.1758e-05  1.2296e-03  7.1280e-03  1.0073e-03  0:00:33    4

 turbulent viscosity limited to viscosity ratio of 1.000000e+05 in 829 cells 

 Reversed flow on 675 faces of pressure-outlet 7.

  iter  continuity  x-velocity  y-velocity  z-velocity           k     epsilon  vf-phase-2     time/iter
  1047  3.1951e-01  4.3122e-05  4.2762e-05  4.1767e-05  1.2311e-03  7.1800e-03  1.0052e-03  0:00:25    3

 turbulent viscosity limited to viscosity ratio of 1.000000e+05 in 829 cells 

 Reversed flow on 688 faces of pressure-outlet 7.
  1048  3.1911e-01  4.3064e-05  4.2702e-05  4.1757e-05  1.2283e-03  6.4704e-03  1.0033e-03  0:00:17    2

 turbulent viscosity limited to viscosity ratio of 1.000000e+05 in 829 cells 

 Reversed flow on 685 faces of pressure-outlet 7.
  1049  3.1885e-01  4.3015e-05  4.2641e-05  4.1757e-05  1.2315e-03  8.1252e-03  1.0015e-03  0:00:08    1

iterate_1050: RPC returned
progress: 1050/1500
 turbulent viscosity limited to viscosity ratio of 1.000000e+05 in 829 cells 

 Reversed flow on 686 faces of pressure-outlet 7.
  1050  3.1862e-01  4.2966e-05  4.2596e-05  4.1760e-05  1.2293e-03  6.4844e-03  9.9979e-04  0:00:00    0

  iter  continuity  x-velocity  y-velocity  z-velocity           k     epsilon  vf-phase-2     time/iter
  1050  3.1862e-01  4.2966e-05  4.2596e-05  4.1760e-05  1.2293e-03  6.4844e-03  9.9979e-04  0:03:27   25

 turbulent viscosity limited to viscosity ratio of 1.000000e+05 in 829 cells 

 Reversed flow on 689 faces of pressure-outlet 7.
  1051  3.1842e-01  4.2926e-05  4.2542e-05  4.1741e-05  1.2299e-03  6.8291e-03  9.9817e-04  0:03:22   24

 turbulent viscosity limited to viscosity ratio of 1.000000e+05 in 829 cells 

 Reversed flow on 692 faces of pressure-outlet 7.
  1052  3.1807e-01  4.2880e-05  4.2490e-05  4.1730e-05  1.2316e-03  6.3431e-03  9.9665e-04  0:03:16   23

 turbulent viscosity limited to viscosity ratio of 1.000000e+05 in 831 cells 

 Reversed flow on 690 faces of pressure-outlet 7.
  1053  3.1775e-01  4.2826e-05  4.2446e-05  4.1711e-05  1.2325e-03  6.5999e-03  9.9530e-04  0:03:05   22

 turbulent viscosity limited to viscosity ratio of 1.000000e+05 in 831 cells 

 Reversed flow on 701 faces of pressure-outlet 7.
  1054  3.1729e-01  4.2779e-05  4.2403e-05  4.1704e-05  1.2323e-03  6.4725e-03  9.9410e-04  0:02:59   21

 turbulent viscosity limited to viscosity ratio of 1.000000e+05 in 830 cells 

 Reversed flow on 688 faces of pressure-outlet 7.
  1055  3.1702e-01  4.2725e-05  4.2343e-05  4.1692e-05  1.2351e-03  7.4724e-03  9.9300e-04  0:02:49   20

 turbulent viscosity limited to viscosity ratio of 1.000000e+05 in 830 cells 

 Reversed flow on 683 faces of pressure-outlet 7.
  1056  3.1700e-01  4.2680e-05  4.2307e-05  4.1681e-05  1.2362e-03  7.7035e-03  9.9207e-04  0:02:39   19

 turbulent viscosity limited to viscosity ratio of 1.000000e+05 in 830 cells 

 Reversed flow on 677 faces of pressure-outlet 7.
  1057  3.1676e-01  4.2652e-05  4.2269e-05  4.1672e-05  1.2368e-03  7.9576e-03  9.9131e-04  0:02:33   18

 turbulent viscosity limited to viscosity ratio of 1.000000e+05 in 830 cells 

 Reversed flow on 674 faces of pressure-outlet 7.
  1058  3.1682e-01  4.2617e-05  4.2248e-05  4.1674e-05  1.2399e-03  7.5161e-03  9.9070e-04  0:02:22   17

 turbulent viscosity limited to viscosity ratio of 1.000000e+05 in 830 cells 

 Reversed flow on 684 faces of pressure-outlet 7.
  1059  3.1657e-01  4.2566e-05  4.2209e-05  4.1660e-05  1.2367e-03  7.2899e-03  9.9020e-04  0:02:13   16

 turbulent viscosity limited to viscosity ratio of 1.000000e+05 in 830 cells 

 Reversed flow on 680 faces of pressure-outlet 7.
  1060  3.1644e-01  4.2524e-05  4.2181e-05  4.1645e-05  1.2347e-03  6.3703e-03  9.8984e-04  0:02:07   15

 turbulent viscosity limited to viscosity ratio of 1.000000e+05 in 831 cells 

 Reversed flow on 676 faces of pressure-outlet 7.

  iter  continuity  x-velocity  y-velocity  z-velocity           k     epsilon  vf-phase-2     time/iter
  1061  3.1631e-01  4.2490e-05  4.2155e-05  4.1648e-05  1.2416e-03  9.1277e-03  9.8964e-04  0:01:57   14

 turbulent viscosity limited to viscosity ratio of 1.000000e+05 in 831 cells 

 Reversed flow on 682 faces of pressure-outlet 7.
  1062  3.1634e-01  4.2460e-05  4.2146e-05  4.1656e-05  1.2424e-03  9.0897e-03  9.8962e-04  0:01:48   13

 turbulent viscosity limited to viscosity ratio of 1.000000e+05 in 831 cells 

 Reversed flow on 692 faces of pressure-outlet 7.
  1063  3.1657e-01  4.2434e-05  4.2115e-05  4.1646e-05  1.2448e-03  9.2352e-03  9.8979e-04  0:01:41   12

 turbulent viscosity limited to viscosity ratio of 1.000000e+05 in 831 cells 

 Reversed flow on 686 faces of pressure-outlet 7.
  1064  3.1643e-01  4.2398e-05  4.2105e-05  4.1648e-05  1.2406e-03  8.1901e-03  9.9013e-04  0:01:32   11

 turbulent viscosity limited to viscosity ratio of 1.000000e+05 in 831 cells 

 Reversed flow on 684 faces of pressure-outlet 7.
  1065  3.1599e-01  4.2358e-05  4.2106e-05  4.1642e-05  1.2399e-03  8.3555e-03  9.9068e-04  0:01:23   10

 turbulent viscosity limited to viscosity ratio of 1.000000e+05 in 830 cells 

 Reversed flow on 690 faces of pressure-outlet 7.
  1066  3.1587e-01  4.2323e-05  4.2110e-05  4.1640e-05  1.2372e-03  7.2141e-03  9.9133e-04  0:01:16    9

 turbulent viscosity limited to viscosity ratio of 1.000000e+05 in 830 cells 

 Reversed flow on 677 faces of pressure-outlet 7.
  1067  3.1572e-01  4.2308e-05  4.2106e-05  4.1639e-05  1.2342e-03  6.2444e-03  9.9209e-04  0:01:08    8

 turbulent viscosity limited to viscosity ratio of 1.000000e+05 in 830 cells 

 Reversed flow on 675 faces of pressure-outlet 7.
  1068  3.1573e-01  4.2279e-05  4.2113e-05  4.1626e-05  1.2362e-03  7.0710e-03  9.9295e-04  0:00:59    7

 turbulent viscosity limited to viscosity ratio of 1.000000e+05 in 829 cells 

 Reversed flow on 682 faces of pressure-outlet 7.
  1069  3.1572e-01  4.2264e-05  4.2132e-05  4.1623e-05  1.2347e-03  7.3517e-03  9.9390e-04  0:00:50    6

 turbulent viscosity limited to viscosity ratio of 1.000000e+05 in 829 cells 

 Reversed flow on 691 faces of pressure-outlet 7.
  1070  3.1548e-01  4.2243e-05  4.2178e-05  4.1617e-05  1.2349e-03  7.4802e-03  9.9497e-04  0:00:42    5

 turbulent viscosity limited to viscosity ratio of 1.000000e+05 in 829 cells 

 Reversed flow on 699 faces of pressure-outlet 7.
  1071  3.1541e-01  4.2230e-05  4.2228e-05  4.1608e-05  1.2357e-03  8.0633e-03  9.9615e-04  0:00:34    4

 turbulent viscosity limited to viscosity ratio of 1.000000e+05 in 829 cells 

 Reversed flow on 697 faces of pressure-outlet 7.

  iter  continuity  x-velocity  y-velocity  z-velocity           k     epsilon  vf-phase-2     time/iter
  1072  3.1558e-01  4.2208e-05  4.2276e-05  4.1601e-05  1.2335e-03  7.1262e-03  9.9745e-04  0:00:25    3

 turbulent viscosity limited to viscosity ratio of 1.000000e+05 in 828 cells 

 Reversed flow on 696 faces of pressure-outlet 7.
  1073  3.1568e-01  4.2189e-05  4.2329e-05  4.1587e-05  1.2321e-03  6.2268e-03  9.9884e-04  0:00:17    2

 turbulent viscosity limited to viscosity ratio of 1.000000e+05 in 828 cells 

 Reversed flow on 683 faces of pressure-outlet 7.
  1074  3.1566e-01  4.2166e-05  4.2379e-05  4.1581e-05  1.2329e-03  6.6683e-03  1.0004e-03  0:00:08    1

 turbulent viscosity limited to viscosity ratio of 1.000000e+05 in 827 cells 

 Reversed flow on 688 faces of pressure-outlet 7.
  1075  3.1574e-01  4.2161e-05  4.2439e-05  4.1577e-05  1.2302e-03  6.0747e-03  1.0019e-03  0:00:00    0
iterate_1075: RPC returned
progress: 1075/1500

  iter  continuity  x-velocity  y-velocity  z-velocity           k     epsilon  vf-phase-2     time/iter
  1075  3.1574e-01  4.2161e-05  4.2439e-05  4.1577e-05  1.2302e-03  6.0747e-03  1.0019e-03  0:03:27   25

 turbulent viscosity limited to viscosity ratio of 1.000000e+05 in 825 cells 

 Reversed flow on 690 faces of pressure-outlet 7.
  1076  3.1603e-01  4.2137e-05  4.2507e-05  4.1569e-05  1.2325e-03  6.8489e-03  1.0036e-03  0:03:22   24

 turbulent viscosity limited to viscosity ratio of 1.000000e+05 in 825 cells 

 Reversed flow on 692 faces of pressure-outlet 7.
  1077  3.1558e-01  4.2125e-05  4.2570e-05  4.1559e-05  1.2345e-03  7.9957e-03  1.0053e-03  0:03:12   23

 turbulent viscosity limited to viscosity ratio of 1.000000e+05 in 825 cells 

 Reversed flow on 700 faces of pressure-outlet 7.
  1078  3.1556e-01  4.2118e-05  4.2647e-05  4.1549e-05  1.2344e-03  7.6956e-03  1.0072e-03  0:03:02   22

 turbulent viscosity limited to viscosity ratio of 1.000000e+05 in 825 cells 

 Reversed flow on 705 faces of pressure-outlet 7.
  1079  3.1555e-01  4.2091e-05  4.2730e-05  4.1525e-05  1.2366e-03  7.5172e-03  1.0091e-03  0:02:57   21

 turbulent viscosity limited to viscosity ratio of 1.000000e+05 in 825 cells 

 Reversed flow on 712 faces of pressure-outlet 7.
  1080  3.1551e-01  4.2086e-05  4.2787e-05  4.1507e-05  1.2397e-03  8.1568e-03  1.0110e-03  0:02:47   20

 turbulent viscosity limited to viscosity ratio of 1.000000e+05 in 826 cells 

 Reversed flow on 700 faces of pressure-outlet 7.
  1081  3.1542e-01  4.2085e-05  4.2842e-05  4.1479e-05  1.2413e-03  8.7869e-03  1.0130e-03  0:02:37   19

 turbulent viscosity limited to viscosity ratio of 1.000000e+05 in 826 cells 

 Reversed flow on 701 faces of pressure-outlet 7.
  1082  3.1590e-01  4.2081e-05  4.2934e-05  4.1449e-05  1.2405e-03  8.1122e-03  1.0150e-03  0:02:28   18

 turbulent viscosity limited to viscosity ratio of 1.000000e+05 in 826 cells 

 Reversed flow on 708 faces of pressure-outlet 7.
  1083  3.1587e-01  4.2072e-05  4.2995e-05  4.1419e-05  1.2400e-03  7.9847e-03  1.0171e-03  0:02:22   17

 turbulent viscosity limited to viscosity ratio of 1.000000e+05 in 826 cells 

 Reversed flow on 726 faces of pressure-outlet 7.
  1084  3.1611e-01  4.2054e-05  4.3071e-05  4.1394e-05  1.2398e-03  7.5569e-03  1.0192e-03  0:02:13   16

 turbulent viscosity limited to viscosity ratio of 1.000000e+05 in 826 cells 

 Reversed flow on 726 faces of pressure-outlet 7.
  1085  3.1577e-01  4.2045e-05  4.3139e-05  4.1358e-05  1.2393e-03  7.3744e-03  1.0212e-03  0:02:04   15

 turbulent viscosity limited to viscosity ratio of 1.000000e+05 in 826 cells 

 Reversed flow on 723 faces of pressure-outlet 7.

  iter  continuity  x-velocity  y-velocity  z-velocity           k     epsilon  vf-phase-2     time/iter
  1086  3.1628e-01  4.2039e-05  4.3225e-05  4.1332e-05  1.2401e-03  7.2610e-03  1.0233e-03  0:01:57   14

 turbulent viscosity limited to viscosity ratio of 1.000000e+05 in 826 cells 

 Reversed flow on 721 faces of pressure-outlet 7.
  1087  3.1622e-01  4.2041e-05  4.3283e-05  4.1287e-05  1.2404e-03  7.7690e-03  1.0254e-03  0:01:48   13

 turbulent viscosity limited to viscosity ratio of 1.000000e+05 in 826 cells 

 Reversed flow on 711 faces of pressure-outlet 7.
  1088  3.1642e-01  4.2058e-05  4.3332e-05  4.1251e-05  1.2416e-03  8.0966e-03  1.0274e-03  0:01:39   12

 turbulent viscosity limited to viscosity ratio of 1.000000e+05 in 825 cells 

 Reversed flow on 725 faces of pressure-outlet 7.
  1089  3.1664e-01  4.2053e-05  4.3410e-05  4.1225e-05  1.2385e-03  7.2255e-03  1.0294e-03  0:01:32   11

 turbulent viscosity limited to viscosity ratio of 1.000000e+05 in 825 cells 

 Reversed flow on 723 faces of pressure-outlet 7.
  1090  3.1651e-01  4.2037e-05  4.3472e-05  4.1181e-05  1.2395e-03  6.8331e-03  1.0314e-03  0:01:23   10

 turbulent viscosity limited to viscosity ratio of 1.000000e+05 in 825 cells 

 Reversed flow on 718 faces of pressure-outlet 7.
  1091  3.1665e-01  4.2032e-05  4.3520e-05  4.1154e-05  1.2390e-03  6.2774e-03  1.0333e-03  0:01:14    9

 turbulent viscosity limited to viscosity ratio of 1.000000e+05 in 825 cells 

 Reversed flow on 721 faces of pressure-outlet 7.
  1092  3.1692e-01  4.2040e-05  4.3570e-05  4.1123e-05  1.2408e-03  7.0931e-03  1.0352e-03  0:01:07    8

 turbulent viscosity limited to viscosity ratio of 1.000000e+05 in 825 cells 

 Reversed flow on 721 faces of pressure-outlet 7.
  1093  3.1717e-01  4.2040e-05  4.3621e-05  4.1071e-05  1.2409e-03  7.2040e-03  1.0370e-03  0:00:58    7

 turbulent viscosity limited to viscosity ratio of 1.000000e+05 in 825 cells 

 Reversed flow on 711 faces of pressure-outlet 7.
  1094  3.1712e-01  4.2047e-05  4.3681e-05  4.1030e-05  1.2406e-03  7.0978e-03  1.0388e-03  0:00:50    6

 turbulent viscosity limited to viscosity ratio of 1.000000e+05 in 823 cells 

 Reversed flow on 709 faces of pressure-outlet 7.
  1095  3.1727e-01  4.2041e-05  4.3736e-05  4.1005e-05  1.2433e-03  7.6147e-03  1.0404e-03  0:00:42    5

 turbulent viscosity limited to viscosity ratio of 1.000000e+05 in 823 cells 

 Reversed flow on 728 faces of pressure-outlet 7.
  1096  3.1760e-01  4.2037e-05  4.3801e-05  4.0971e-05  1.2433e-03  7.8672e-03  1.0421e-03  0:00:33    4

 turbulent viscosity limited to viscosity ratio of 1.000000e+05 in 823 cells 

 Reversed flow on 720 faces of pressure-outlet 7.

  iter  continuity  x-velocity  y-velocity  z-velocity           k     epsilon  vf-phase-2     time/iter
  1097  3.1772e-01  4.2041e-05  4.3861e-05  4.0928e-05  1.2411e-03  6.8558e-03  1.0437e-03  0:00:25    3

 turbulent viscosity limited to viscosity ratio of 1.000000e+05 in 823 cells 

 Reversed flow on 733 faces of pressure-outlet 7.
  1098  3.1777e-01  4.2035e-05  4.3921e-05  4.0873e-05  1.2400e-03  6.8863e-03  1.0451e-03  0:00:17    2

 turbulent viscosity limited to viscosity ratio of 1.000000e+05 in 822 cells 

 Reversed flow on 726 faces of pressure-outlet 7.
  1099  3.1782e-01  4.2029e-05  4.3966e-05  4.0825e-05  1.2388e-03  7.1564e-03  1.0466e-03  0:00:08    1

iterate_1100: RPC returned
progress: 1100/1500
 turbulent viscosity limited to viscosity ratio of 1.000000e+05 in 823 cells 

 Reversed flow on 715 faces of pressure-outlet 7.
  1100  3.1787e-01  4.2023e-05  4.4015e-05  4.0769e-05  1.2353e-03  6.0587e-03  1.0479e-03  0:00:00    0

  iter  continuity  x-velocity  y-velocity  z-velocity           k     epsilon  vf-phase-2     time/iter
  1100  3.1787e-01  4.2023e-05  4.4015e-05  4.0769e-05  1.2353e-03  6.0587e-03  1.0479e-03  0:03:27   25

 turbulent viscosity limited to viscosity ratio of 1.000000e+05 in 824 cells 

 Reversed flow on 735 faces of pressure-outlet 7.
  1101  3.1806e-01  4.2043e-05  4.4054e-05  4.0741e-05  1.2381e-03  7.0728e-03  1.0493e-03  0:03:22   24

 turbulent viscosity limited to viscosity ratio of 1.000000e+05 in 824 cells 

 Reversed flow on 740 faces of pressure-outlet 7.
  1102  3.1801e-01  4.2047e-05  4.4105e-05  4.0703e-05  1.2382e-03  6.8871e-03  1.0505e-03  0:03:16   23

 turbulent viscosity limited to viscosity ratio of 1.000000e+05 in 824 cells 

 Reversed flow on 738 faces of pressure-outlet 7.
  1103  3.1831e-01  4.2043e-05  4.4161e-05  4.0657e-05  1.2371e-03  6.4332e-03  1.0516e-03  0:03:05   22

 turbulent viscosity limited to viscosity ratio of 1.000000e+05 in 824 cells 

 Reversed flow on 740 faces of pressure-outlet 7.
  1104  3.1841e-01  4.2034e-05  4.4210e-05  4.0597e-05  1.2359e-03  6.2709e-03  1.0528e-03  0:02:55   21

 turbulent viscosity limited to viscosity ratio of 1.000000e+05 in 823 cells 

 Reversed flow on 740 faces of pressure-outlet 7.
  1105  3.1850e-01  4.2035e-05  4.4246e-05  4.0557e-05  1.2375e-03  9.7985e-03  1.0538e-03  0:02:49   20

 turbulent viscosity limited to viscosity ratio of 1.000000e+05 in 823 cells 

 Reversed flow on 742 faces of pressure-outlet 7.
  1106  3.1877e-01  4.2019e-05  4.4296e-05  4.0516e-05  1.2416e-03  9.4599e-03  1.0549e-03  0:02:39   19

 turbulent viscosity limited to viscosity ratio of 1.000000e+05 in 823 cells 

 Reversed flow on 743 faces of pressure-outlet 7.
  1107  3.1895e-01  4.2005e-05  4.4348e-05  4.0487e-05  1.2392e-03  9.7481e-03  1.0558e-03  0:02:29   18

 turbulent viscosity limited to viscosity ratio of 1.000000e+05 in 822 cells 

 Reversed flow on 756 faces of pressure-outlet 7.
  1108  3.1914e-01  4.1980e-05  4.4388e-05  4.0451e-05  1.2349e-03  8.7833e-03  1.0567e-03  0:02:23   17

 turbulent viscosity limited to viscosity ratio of 1.000000e+05 in 822 cells 

 Reversed flow on 749 faces of pressure-outlet 7.
  1109  3.1921e-01  4.1945e-05  4.4438e-05  4.0417e-05  1.2390e-03  9.2249e-03  1.0574e-03  0:02:14   16

 turbulent viscosity limited to viscosity ratio of 1.000000e+05 in 822 cells 

 Reversed flow on 752 faces of pressure-outlet 7.
  1110  3.1930e-01  4.1919e-05  4.4490e-05  4.0395e-05  1.2348e-03  7.8569e-03  1.0581e-03  0:02:04   15

 turbulent viscosity limited to viscosity ratio of 1.000000e+05 in 820 cells 

 Reversed flow on 754 faces of pressure-outlet 7.

  iter  continuity  x-velocity  y-velocity  z-velocity           k     epsilon  vf-phase-2     time/iter
  1111  3.1939e-01  4.1886e-05  4.4541e-05  4.0372e-05  1.2325e-03  6.9922e-03  1.0586e-03  0:01:58   14

 turbulent viscosity limited to viscosity ratio of 1.000000e+05 in 820 cells 

 Reversed flow on 763 faces of pressure-outlet 7.
  1112  3.1933e-01  4.1855e-05  4.4591e-05  4.0366e-05  1.2323e-03  8.6470e-03  1.0591e-03  0:01:48   13

 turbulent viscosity limited to viscosity ratio of 1.000000e+05 in 820 cells 

 Reversed flow on 757 faces of pressure-outlet 7.
  1113  3.1904e-01  4.1823e-05  4.4641e-05  4.0350e-05  1.2342e-03  8.4122e-03  1.0595e-03  0:01:39   12

 turbulent viscosity limited to viscosity ratio of 1.000000e+05 in 821 cells 

 Reversed flow on 739 faces of pressure-outlet 7.
  1114  3.1887e-01  4.1798e-05  4.4704e-05  4.0341e-05  1.2298e-03  6.5450e-03  1.0599e-03  0:01:33   11

 turbulent viscosity limited to viscosity ratio of 1.000000e+05 in 821 cells 

 Reversed flow on 744 faces of pressure-outlet 7.
  1115  3.1868e-01  4.1749e-05  4.4761e-05  4.0356e-05  1.2287e-03  7.3836e-03  1.0602e-03  0:01:23   10

 turbulent viscosity limited to viscosity ratio of 1.000000e+05 in 821 cells 

 Reversed flow on 750 faces of pressure-outlet 7.
  1116  3.1884e-01  4.1694e-05  4.4825e-05  4.0378e-05  1.2285e-03  7.2074e-03  1.0604e-03  0:01:16    9

 turbulent viscosity limited to viscosity ratio of 1.000000e+05 in 821 cells 

 Reversed flow on 741 faces of pressure-outlet 7.
  1117  3.1904e-01  4.1647e-05  4.4885e-05  4.0389e-05  1.2286e-03  6.8898e-03  1.0605e-03  0:01:07    8

 turbulent viscosity limited to viscosity ratio of 1.000000e+05 in 821 cells 

 Reversed flow on 741 faces of pressure-outlet 7.
  1118  3.1905e-01  4.1595e-05  4.4959e-05  4.0421e-05  1.2322e-03  9.1063e-03  1.0605e-03  0:00:58    7

 turbulent viscosity limited to viscosity ratio of 1.000000e+05 in 821 cells 

 Reversed flow on 742 faces of pressure-outlet 7.
  1119  3.1887e-01  4.1556e-05  4.5030e-05  4.0460e-05  1.2322e-03  8.5273e-03  1.0604e-03  0:00:51    6

 turbulent viscosity limited to viscosity ratio of 1.000000e+05 in 821 cells 

 Reversed flow on 759 faces of pressure-outlet 7.
  1120  3.1870e-01  4.1499e-05  4.5088e-05  4.0493e-05  1.2302e-03  7.4830e-03  1.0602e-03  0:00:42    5

 turbulent viscosity limited to viscosity ratio of 1.000000e+05 in 821 cells 

 Reversed flow on 757 faces of pressure-outlet 7.
  1121  3.1885e-01  4.1437e-05  4.5152e-05  4.0529e-05  1.2298e-03  8.6243e-03  1.0600e-03  0:00:33    4

 turbulent viscosity limited to viscosity ratio of 1.000000e+05 in 820 cells 

 Reversed flow on 749 faces of pressure-outlet 7.

  iter  continuity  x-velocity  y-velocity  z-velocity           k     epsilon  vf-phase-2     time/iter
  1122  3.1895e-01  4.1381e-05  4.5226e-05  4.0593e-05  1.2310e-03  8.5726e-03  1.0599e-03  0:00:25    3

 turbulent viscosity limited to viscosity ratio of 1.000000e+05 in 820 cells 

 Reversed flow on 751 faces of pressure-outlet 7.
  1123  3.1903e-01  4.1333e-05  4.5291e-05  4.0645e-05  1.2304e-03  8.0800e-03  1.0597e-03  0:00:17    2

 turbulent viscosity limited to viscosity ratio of 1.000000e+05 in 820 cells 

 Reversed flow on 753 faces of pressure-outlet 7.
  1124  3.1905e-01  4.1293e-05  4.5356e-05  4.0712e-05  1.2305e-03  8.2796e-03  1.0596e-03  0:00:08    1

 turbulent viscosity limited to viscosity ratio of 1.000000e+05 in 819 cells 

 Reversed flow on 761 faces of pressure-outlet 7.
  1125  3.1924e-01  4.1244e-05  4.5435e-05  4.0768e-05  1.2285e-03  7.6134e-03  1.0594e-03  0:00:00    0
iterate_1125: RPC returned
progress: 1125/1500

  iter  continuity  x-velocity  y-velocity  z-velocity           k     epsilon  vf-phase-2     time/iter
  1125  3.1924e-01  4.1244e-05  4.5435e-05  4.0768e-05  1.2285e-03  7.6134e-03  1.0594e-03  0:03:30   25

 turbulent viscosity limited to viscosity ratio of 1.000000e+05 in 819 cells 

 Reversed flow on 759 faces of pressure-outlet 7.
  1126  3.1942e-01  4.1201e-05  4.5505e-05  4.0833e-05  1.2294e-03  7.7057e-03  1.0591e-03  0:03:25   24

 turbulent viscosity limited to viscosity ratio of 1.000000e+05 in 819 cells 

 Reversed flow on 766 faces of pressure-outlet 7.
  1127  3.1959e-01  4.1160e-05  4.5578e-05  4.0896e-05  1.2299e-03  7.6032e-03  1.0589e-03  0:03:18   23

 turbulent viscosity limited to viscosity ratio of 1.000000e+05 in 819 cells 

 Reversed flow on 758 faces of pressure-outlet 7.
  1128  3.1988e-01  4.1137e-05  4.5658e-05  4.0971e-05  1.2286e-03  7.1044e-03  1.0587e-03  0:03:07   22

 turbulent viscosity limited to viscosity ratio of 1.000000e+05 in 819 cells 

 Reversed flow on 760 faces of pressure-outlet 7.
  1129  3.2006e-01  4.1121e-05  4.5734e-05  4.1034e-05  1.2298e-03  8.0305e-03  1.0584e-03  0:02:56   21

 turbulent viscosity limited to viscosity ratio of 1.000000e+05 in 818 cells 

 Reversed flow on 751 faces of pressure-outlet 7.
  1130  3.2043e-01  4.1107e-05  4.5808e-05  4.1097e-05  1.2278e-03  7.3552e-03  1.0580e-03  0:02:50   20

 turbulent viscosity limited to viscosity ratio of 1.000000e+05 in 816 cells 

 Reversed flow on 744 faces of pressure-outlet 7.
  1131  3.2097e-01  4.1090e-05  4.5886e-05  4.1176e-05  1.2286e-03  7.5612e-03  1.0577e-03  0:02:40   19

 turbulent viscosity limited to viscosity ratio of 1.000000e+05 in 816 cells 

 Reversed flow on 752 faces of pressure-outlet 7.
  1132  3.2165e-01  4.1075e-05  4.5973e-05  4.1233e-05  1.2256e-03  6.2080e-03  1.0574e-03  0:02:30   18

 turbulent viscosity limited to viscosity ratio of 1.000000e+05 in 816 cells 

 Reversed flow on 745 faces of pressure-outlet 7.
  1133  3.2193e-01  4.1058e-05  4.6053e-05  4.1281e-05  1.2250e-03  6.6965e-03  1.0570e-03  0:02:24   17

 turbulent viscosity limited to viscosity ratio of 1.000000e+05 in 817 cells 

 Reversed flow on 747 faces of pressure-outlet 7.
  1134  3.2225e-01  4.1055e-05  4.6120e-05  4.1342e-05  1.2247e-03  6.5215e-03  1.0567e-03  0:02:14   16

 turbulent viscosity limited to viscosity ratio of 1.000000e+05 in 817 cells 

 Reversed flow on 751 faces of pressure-outlet 7.
  1135  3.2299e-01  4.1049e-05  4.6193e-05  4.1395e-05  1.2300e-03  8.7063e-03  1.0564e-03  0:02:04   15

 turbulent viscosity limited to viscosity ratio of 1.000000e+05 in 817 cells 

 Reversed flow on 753 faces of pressure-outlet 7.

  iter  continuity  x-velocity  y-velocity  z-velocity           k     epsilon  vf-phase-2     time/iter
  1136  3.2344e-01  4.1043e-05  4.6253e-05  4.1434e-05  1.2270e-03  6.9889e-03  1.0561e-03  0:01:58   14

 turbulent viscosity limited to viscosity ratio of 1.000000e+05 in 817 cells 

 Reversed flow on 747 faces of pressure-outlet 7.
  1137  3.2423e-01  4.1037e-05  4.6338e-05  4.1476e-05  1.2250e-03  6.3562e-03  1.0559e-03  0:01:49   13

 turbulent viscosity limited to viscosity ratio of 1.000000e+05 in 817 cells 

 Reversed flow on 736 faces of pressure-outlet 7.
  1138  3.2457e-01  4.1042e-05  4.6412e-05  4.1506e-05  1.2246e-03  6.8237e-03  1.0557e-03  0:01:39   12

 turbulent viscosity limited to viscosity ratio of 1.000000e+05 in 817 cells 

 Reversed flow on 746 faces of pressure-outlet 7.
  1139  3.2486e-01  4.1048e-05  4.6485e-05  4.1538e-05  1.2240e-03  6.7259e-03  1.0555e-03  0:01:33   11

 turbulent viscosity limited to viscosity ratio of 1.000000e+05 in 817 cells 

 Reversed flow on 749 faces of pressure-outlet 7.
  1140  3.2515e-01  4.1059e-05  4.6552e-05  4.1572e-05  1.2239e-03  7.0186e-03  1.0553e-03  0:01:23   10

 turbulent viscosity limited to viscosity ratio of 1.000000e+05 in 817 cells 

 Reversed flow on 747 faces of pressure-outlet 7.
  1141  3.2548e-01  4.1077e-05  4.6617e-05  4.1608e-05  1.2226e-03  6.1574e-03  1.0551e-03  0:01:14    9

 turbulent viscosity limited to viscosity ratio of 1.000000e+05 in 817 cells 

 Reversed flow on 744 faces of pressure-outlet 7.
  1142  3.2590e-01  4.1091e-05  4.6682e-05  4.1642e-05  1.2219e-03  7.2869e-03  1.0549e-03  0:01:07    8

 turbulent viscosity limited to viscosity ratio of 1.000000e+05 in 815 cells 

 Reversed flow on 749 faces of pressure-outlet 7.
  1143  3.2655e-01  4.1088e-05  4.6768e-05  4.1682e-05  1.2217e-03  7.8285e-03  1.0548e-03  0:00:58    7

 turbulent viscosity limited to viscosity ratio of 1.000000e+05 in 815 cells 

 Reversed flow on 756 faces of pressure-outlet 7.
  1144  3.2709e-01  4.1093e-05  4.6838e-05  4.1713e-05  1.2234e-03  7.3656e-03  1.0546e-03  0:00:50    6

 turbulent viscosity limited to viscosity ratio of 1.000000e+05 in 815 cells 

 Reversed flow on 753 faces of pressure-outlet 7.
  1145  3.2733e-01  4.1100e-05  4.6896e-05  4.1744e-05  1.2220e-03  7.0565e-03  1.0545e-03  0:00:42    5

 turbulent viscosity limited to viscosity ratio of 1.000000e+05 in 814 cells 

 Reversed flow on 755 faces of pressure-outlet 7.
  1146  3.2784e-01  4.1101e-05  4.6969e-05  4.1763e-05  1.2218e-03  7.1232e-03  1.0544e-03  0:00:33    4

 turbulent viscosity limited to viscosity ratio of 1.000000e+05 in 813 cells 

 Reversed flow on 751 faces of pressure-outlet 7.

  iter  continuity  x-velocity  y-velocity  z-velocity           k     epsilon  vf-phase-2     time/iter
  1147  3.2813e-01  4.1118e-05  4.7034e-05  4.1805e-05  1.2203e-03  6.7126e-03  1.0543e-03  0:00:25    3

 turbulent viscosity limited to viscosity ratio of 1.000000e+05 in 813 cells 

 Reversed flow on 750 faces of pressure-outlet 7.
  1148  3.2862e-01  4.1121e-05  4.7099e-05  4.1855e-05  1.2217e-03  6.7825e-03  1.0543e-03  0:00:17    2

 turbulent viscosity limited to viscosity ratio of 1.000000e+05 in 813 cells 

 Reversed flow on 747 faces of pressure-outlet 7.
  1149  3.2926e-01  4.1140e-05  4.7171e-05  4.1921e-05  1.2200e-03  6.1733e-03  1.0543e-03  0:00:08    1

 turbulent viscosity limited to viscosity ratio of 1.000000e+05 in 813 cells 

 Reversed flow on 747 faces of pressure-outlet 7.
  1150  3.2994e-01  4.1144e-05  4.7238e-05  4.1979e-05  1.2218e-03  6.9485e-03  1.0543e-03  0:00:00    0
iterate_1150: RPC returned
progress: 1150/1500

  iter  continuity  x-velocity  y-velocity  z-velocity           k     epsilon  vf-phase-2     time/iter
  1150  3.2994e-01  4.1144e-05  4.7238e-05  4.1979e-05  1.2218e-03  6.9485e-03  1.0543e-03  0:03:27   25

 turbulent viscosity limited to viscosity ratio of 1.000000e+05 in 813 cells 

 Reversed flow on 748 faces of pressure-outlet 7.
  1151  3.3092e-01  4.1164e-05  4.7306e-05  4.2028e-05  1.2217e-03  6.4834e-03  1.0543e-03  0:03:17   24

 turbulent viscosity limited to viscosity ratio of 1.000000e+05 in 813 cells 

 Reversed flow on 750 faces of pressure-outlet 7.
  1152  3.3152e-01  4.1191e-05  4.7384e-05  4.2077e-05  1.2228e-03  6.4172e-03  1.0543e-03  0:03:12   23

 turbulent viscosity limited to viscosity ratio of 1.000000e+05 in 814 cells 

 Reversed flow on 759 faces of pressure-outlet 7.
  1153  3.3205e-01  4.1194e-05  4.7444e-05  4.2125e-05  1.2213e-03  6.3843e-03  1.0544e-03  0:03:02   22

 turbulent viscosity limited to viscosity ratio of 1.000000e+05 in 814 cells 

 Reversed flow on 758 faces of pressure-outlet 7.
  1154  3.3281e-01  4.1206e-05  4.7501e-05  4.2174e-05  1.2221e-03  5.8564e-03  1.0545e-03  0:02:57   21

 turbulent viscosity limited to viscosity ratio of 1.000000e+05 in 814 cells 

 Reversed flow on 749 faces of pressure-outlet 7.
  1155  3.3337e-01  4.1218e-05  4.7563e-05  4.2232e-05  1.2228e-03  6.0650e-03  1.0545e-03  0:02:47   20

 turbulent viscosity limited to viscosity ratio of 1.000000e+05 in 814 cells 

 Reversed flow on 753 faces of pressure-outlet 7.
  1156  3.3385e-01  4.1210e-05  4.7628e-05  4.2295e-05  1.2237e-03  6.2811e-03  1.0545e-03  0:02:37   19

 turbulent viscosity limited to viscosity ratio of 1.000000e+05 in 814 cells 

 Reversed flow on 748 faces of pressure-outlet 7.
  1157  3.3436e-01  4.1217e-05  4.7688e-05  4.2370e-05  1.2240e-03  5.8115e-03  1.0545e-03  0:02:28   18

 turbulent viscosity limited to viscosity ratio of 1.000000e+05 in 815 cells 

 Reversed flow on 750 faces of pressure-outlet 7.
  1158  3.3509e-01  4.1226e-05  4.7756e-05  4.2417e-05  1.2238e-03  5.6413e-03  1.0545e-03  0:02:22   17

 turbulent viscosity limited to viscosity ratio of 1.000000e+05 in 816 cells 

 Reversed flow on 756 faces of pressure-outlet 7.
  1159  3.3551e-01  4.1236e-05  4.7828e-05  4.2470e-05  1.2269e-03  6.8281e-03  1.0545e-03  0:02:13   16

 turbulent viscosity limited to viscosity ratio of 1.000000e+05 in 816 cells 

 Reversed flow on 755 faces of pressure-outlet 7.
  1160  3.3607e-01  4.1258e-05  4.7904e-05  4.2536e-05  1.2281e-03  6.5071e-03  1.0545e-03  0:02:07   15

 turbulent viscosity limited to viscosity ratio of 1.000000e+05 in 817 cells 

 Reversed flow on 760 faces of pressure-outlet 7.

  iter  continuity  x-velocity  y-velocity  z-velocity           k     epsilon  vf-phase-2     time/iter
  1161  3.3715e-01  4.1270e-05  4.7969e-05  4.2590e-05  1.2305e-03  6.0911e-03  1.0545e-03  0:01:57   14

 turbulent viscosity limited to viscosity ratio of 1.000000e+05 in 817 cells 

 Reversed flow on 754 faces of pressure-outlet 7.
  1162  3.3773e-01  4.1289e-05  4.8044e-05  4.2666e-05  1.2314e-03  6.3103e-03  1.0545e-03  0:01:48   13

 turbulent viscosity limited to viscosity ratio of 1.000000e+05 in 817 cells 

 Reversed flow on 754 faces of pressure-outlet 7.
  1163  3.3845e-01  4.1297e-05  4.8104e-05  4.2740e-05  1.2310e-03  6.0251e-03  1.0545e-03  0:01:41   12

 turbulent viscosity limited to viscosity ratio of 1.000000e+05 in 817 cells 

 Reversed flow on 759 faces of pressure-outlet 7.
  1164  3.3905e-01  4.1321e-05  4.8177e-05  4.2809e-05  1.2338e-03  6.7965e-03  1.0545e-03  0:01:32   11

 turbulent viscosity limited to viscosity ratio of 1.000000e+05 in 818 cells 

 Reversed flow on 757 faces of pressure-outlet 7.
  1165  3.3993e-01  4.1339e-05  4.8246e-05  4.2876e-05  1.2336e-03  6.5871e-03  1.0545e-03  0:01:23   10

 turbulent viscosity limited to viscosity ratio of 1.000000e+05 in 818 cells 

 Reversed flow on 758 faces of pressure-outlet 7.
  1166  3.4069e-01  4.1361e-05  4.8317e-05  4.2938e-05  1.2402e-03  6.8201e-03  1.0545e-03  0:01:16    9

 turbulent viscosity limited to viscosity ratio of 1.000000e+05 in 818 cells 

 Reversed flow on 748 faces of pressure-outlet 7.
  1167  3.4139e-01  4.1388e-05  4.8399e-05  4.3015e-05  1.2376e-03  5.9655e-03  1.0546e-03  0:01:07    8

 turbulent viscosity limited to viscosity ratio of 1.000000e+05 in 818 cells 

 Reversed flow on 753 faces of pressure-outlet 7.
  1168  3.4213e-01  4.1423e-05  4.8478e-05  4.3082e-05  1.2439e-03  6.8210e-03  1.0546e-03  0:00:58    7

 turbulent viscosity limited to viscosity ratio of 1.000000e+05 in 818 cells 

 Reversed flow on 765 faces of pressure-outlet 7.
  1169  3.4282e-01  4.1473e-05  4.8559e-05  4.3141e-05  1.2418e-03  5.4332e-03  1.0547e-03  0:00:50    6

 turbulent viscosity limited to viscosity ratio of 1.000000e+05 in 818 cells 

 Reversed flow on 762 faces of pressure-outlet 7.
  1170  3.4312e-01  4.1484e-05  4.8617e-05  4.3195e-05  1.2432e-03  5.2191e-03  1.0550e-03  0:00:42    5

 turbulent viscosity limited to viscosity ratio of 1.000000e+05 in 818 cells 

 Reversed flow on 753 faces of pressure-outlet 7.
  1171  3.4384e-01  4.1517e-05  4.8687e-05  4.3267e-05  1.2498e-03  7.1550e-03  1.0553e-03  0:00:33    4

 turbulent viscosity limited to viscosity ratio of 1.000000e+05 in 818 cells 

 Reversed flow on 762 faces of pressure-outlet 7.

  iter  continuity  x-velocity  y-velocity  z-velocity           k     epsilon  vf-phase-2     time/iter
  1172  3.4431e-01  4.1548e-05  4.8749e-05  4.3339e-05  1.2522e-03  6.5310e-03  1.0556e-03  0:00:25    3

 turbulent viscosity limited to viscosity ratio of 1.000000e+05 in 818 cells 

 Reversed flow on 763 faces of pressure-outlet 7.
  1173  3.4489e-01  4.1591e-05  4.8810e-05  4.3395e-05  1.2530e-03  5.8375e-03  1.0560e-03  0:00:17    2

 turbulent viscosity limited to viscosity ratio of 1.000000e+05 in 817 cells 

 Reversed flow on 755 faces of pressure-outlet 7.
  1174  3.4574e-01  4.1632e-05  4.8876e-05  4.3447e-05  1.2560e-03  5.8073e-03  1.0565e-03  0:00:08    1

 turbulent viscosity limited to viscosity ratio of 1.000000e+05 in 816 cells 

 Reversed flow on 752 faces of pressure-outlet 7.
  1175  3.4615e-01  4.1683e-05  4.8930e-05  4.3508e-05  1.2584e-03  6.1304e-03  1.0569e-03  0:00:00    0
iterate_1175: RPC returned
progress: 1175/1500

  iter  continuity  x-velocity  y-velocity  z-velocity           k     epsilon  vf-phase-2     time/iter
  1175  3.4615e-01  4.1683e-05  4.8930e-05  4.3508e-05  1.2584e-03  6.1304e-03  1.0569e-03  0:03:26   25

 turbulent viscosity limited to viscosity ratio of 1.000000e+05 in 815 cells 

 Reversed flow on 758 faces of pressure-outlet 7.
  1176  3.4654e-01  4.1713e-05  4.8990e-05  4.3559e-05  1.2613e-03  5.9815e-03  1.0575e-03  0:03:21   24

 turbulent viscosity limited to viscosity ratio of 1.000000e+05 in 815 cells 

 Reversed flow on 761 faces of pressure-outlet 7.
  1177  3.4697e-01  4.1757e-05  4.9055e-05  4.3607e-05  1.2658e-03  6.4254e-03  1.0581e-03  0:03:11   23

 turbulent viscosity limited to viscosity ratio of 1.000000e+05 in 814 cells 

 Reversed flow on 753 faces of pressure-outlet 7.
  1178  3.4709e-01  4.1801e-05  4.9113e-05  4.3655e-05  1.2700e-03  7.0080e-03  1.0587e-03  0:03:01   22

 turbulent viscosity limited to viscosity ratio of 1.000000e+05 in 814 cells 

 Reversed flow on 759 faces of pressure-outlet 7.
  1179  3.4763e-01  4.1844e-05  4.9170e-05  4.3693e-05  1.2734e-03  6.8212e-03  1.0594e-03  0:02:56   21

 turbulent viscosity limited to viscosity ratio of 1.000000e+05 in 814 cells 

 Reversed flow on 758 faces of pressure-outlet 7.
  1180  3.4818e-01  4.1883e-05  4.9238e-05  4.3734e-05  1.2758e-03  6.5930e-03  1.0601e-03  0:02:46   20

 turbulent viscosity limited to viscosity ratio of 1.000000e+05 in 814 cells 

 Reversed flow on 747 faces of pressure-outlet 7.
  1181  3.4868e-01  4.1911e-05  4.9285e-05  4.3773e-05  1.2766e-03  5.7687e-03  1.0608e-03  0:02:37   19

 turbulent viscosity limited to viscosity ratio of 1.000000e+05 in 814 cells 

 Reversed flow on 749 faces of pressure-outlet 7.
  1182  3.4918e-01  4.1961e-05  4.9330e-05  4.3799e-05  1.2790e-03  5.8671e-03  1.0616e-03  0:02:31   18

 turbulent viscosity limited to viscosity ratio of 1.000000e+05 in 815 cells 

 Reversed flow on 745 faces of pressure-outlet 7.
  1183  3.4968e-01  4.2011e-05  4.9381e-05  4.3816e-05  1.2813e-03  5.8881e-03  1.0624e-03  0:02:22   17

 turbulent viscosity limited to viscosity ratio of 1.000000e+05 in 815 cells 

 Reversed flow on 738 faces of pressure-outlet 7.
  1184  3.4996e-01  4.2065e-05  4.9421e-05  4.3842e-05  1.2853e-03  6.0952e-03  1.0632e-03  0:02:12   16

 turbulent viscosity limited to viscosity ratio of 1.000000e+05 in 814 cells 

 Reversed flow on 741 faces of pressure-outlet 7.
  1185  3.5042e-01  4.2117e-05  4.9482e-05  4.3860e-05  1.2900e-03  6.7293e-03  1.0640e-03  0:02:06   15

 turbulent viscosity limited to viscosity ratio of 1.000000e+05 in 813 cells 

 Reversed flow on 741 faces of pressure-outlet 7.

  iter  continuity  x-velocity  y-velocity  z-velocity           k     epsilon  vf-phase-2     time/iter
  1186  3.5066e-01  4.2179e-05  4.9545e-05  4.3863e-05  1.2905e-03  6.1800e-03  1.0648e-03  0:01:57   14

 turbulent viscosity limited to viscosity ratio of 1.000000e+05 in 813 cells 

 Reversed flow on 750 faces of pressure-outlet 7.
  1187  3.5121e-01  4.2244e-05  4.9617e-05  4.3855e-05  1.2978e-03  7.9733e-03  1.0657e-03  0:01:47   13

 turbulent viscosity limited to viscosity ratio of 1.000000e+05 in 813 cells 

 Reversed flow on 759 faces of pressure-outlet 7.
  1188  3.5142e-01  4.2301e-05  4.9681e-05  4.3857e-05  1.2989e-03  7.4565e-03  1.0666e-03  0:01:41   12

 turbulent viscosity limited to viscosity ratio of 1.000000e+05 in 811 cells 

 Reversed flow on 742 faces of pressure-outlet 7.
  1189  3.5162e-01  4.2344e-05  4.9750e-05  4.3853e-05  1.3011e-03  7.1008e-03  1.0675e-03  0:01:32   11

 turbulent viscosity limited to viscosity ratio of 1.000000e+05 in 811 cells 

 Reversed flow on 737 faces of pressure-outlet 7.
  1190  3.5197e-01  4.2408e-05  4.9817e-05  4.3846e-05  1.3031e-03  6.5395e-03  1.0683e-03  0:01:23   10

 turbulent viscosity limited to viscosity ratio of 1.000000e+05 in 811 cells 

 Reversed flow on 748 faces of pressure-outlet 7.
  1191  3.5224e-01  4.2469e-05  4.9876e-05  4.3829e-05  1.3025e-03  5.9104e-03  1.0692e-03  0:01:16    9

 turbulent viscosity limited to viscosity ratio of 1.000000e+05 in 811 cells 

 Reversed flow on 750 faces of pressure-outlet 7.
  1192  3.5252e-01  4.2522e-05  4.9929e-05  4.3822e-05  1.3080e-03  8.3343e-03  1.0700e-03  0:01:07    8

 turbulent viscosity limited to viscosity ratio of 1.000000e+05 in 811 cells 

 Reversed flow on 749 faces of pressure-outlet 7.
  1193  3.5286e-01  4.2601e-05  4.9996e-05  4.3803e-05  1.3086e-03  6.8013e-03  1.0708e-03  0:00:58    7

 turbulent viscosity limited to viscosity ratio of 1.000000e+05 in 811 cells 

 Reversed flow on 741 faces of pressure-outlet 7.
  1194  3.5287e-01  4.2654e-05  5.0063e-05  4.3787e-05  1.3108e-03  7.3858e-03  1.0717e-03  0:00:50    6

 turbulent viscosity limited to viscosity ratio of 1.000000e+05 in 811 cells 

 Reversed flow on 745 faces of pressure-outlet 7.
  1195  3.5318e-01  4.2706e-05  5.0128e-05  4.3768e-05  1.3136e-03  6.6037e-03  1.0725e-03  0:00:42    5

 turbulent viscosity limited to viscosity ratio of 1.000000e+05 in 811 cells 

 Reversed flow on 732 faces of pressure-outlet 7.
  1196  3.5326e-01  4.2769e-05  5.0195e-05  4.3749e-05  1.3138e-03  5.9552e-03  1.0733e-03  0:00:33    4

 turbulent viscosity limited to viscosity ratio of 1.000000e+05 in 811 cells 

 Reversed flow on 734 faces of pressure-outlet 7.

  iter  continuity  x-velocity  y-velocity  z-velocity           k     epsilon  vf-phase-2     time/iter
  1197  3.5332e-01  4.2827e-05  5.0260e-05  4.3706e-05  1.3193e-03  6.2591e-03  1.0740e-03  0:00:25    3

 turbulent viscosity limited to viscosity ratio of 1.000000e+05 in 810 cells 

 Reversed flow on 740 faces of pressure-outlet 7.
  1198  3.5330e-01  4.2914e-05  5.0331e-05  4.3668e-05  1.3212e-03  5.7173e-03  1.0748e-03  0:00:17    2

 turbulent viscosity limited to viscosity ratio of 1.000000e+05 in 810 cells 

 Reversed flow on 732 faces of pressure-outlet 7.
  1199  3.5317e-01  4.2981e-05  5.0403e-05  4.3642e-05  1.3230e-03  6.1604e-03  1.0756e-03  0:00:08    1

 turbulent viscosity limited to viscosity ratio of 1.000000e+05 in 810 cells 

 Reversed flow on 745 faces of pressure-outlet 7.
  1200  3.5309e-01  4.3054e-05  5.0468e-05  4.3623e-05  1.3259e-03  6.3185e-03  1.0764e-03  0:00:00    0
iterate_1200: RPC returned
progress: 1200/1500

  iter  continuity  x-velocity  y-velocity  z-velocity           k     epsilon  vf-phase-2     time/iter
  1200  3.5309e-01  4.3054e-05  5.0468e-05  4.3623e-05  1.3259e-03  6.3185e-03  1.0764e-03  0:03:30   25

 turbulent viscosity limited to viscosity ratio of 1.000000e+05 in 809 cells 

 Reversed flow on 739 faces of pressure-outlet 7.
  1201  3.5290e-01  4.3140e-05  5.0539e-05  4.3600e-05  1.3332e-03  9.3681e-03  1.0772e-03  0:03:25   24

 turbulent viscosity limited to viscosity ratio of 1.000000e+05 in 809 cells 

 Reversed flow on 740 faces of pressure-outlet 7.
  1202  3.5305e-01  4.3227e-05  5.0610e-05  4.3587e-05  1.3373e-03  8.2880e-03  1.0780e-03  0:03:14   23

 turbulent viscosity limited to viscosity ratio of 1.000000e+05 in 809 cells 

 Reversed flow on 747 faces of pressure-outlet 7.
  1203  3.5304e-01  4.3307e-05  5.0673e-05  4.3563e-05  1.3376e-03  7.3645e-03  1.0788e-03  0:03:08   22

 turbulent viscosity limited to viscosity ratio of 1.000000e+05 in 809 cells 

 Reversed flow on 743 faces of pressure-outlet 7.
  1204  3.5313e-01  4.3385e-05  5.0734e-05  4.3539e-05  1.3359e-03  6.5061e-03  1.0795e-03  0:02:57   21

 turbulent viscosity limited to viscosity ratio of 1.000000e+05 in 809 cells 

 Reversed flow on 738 faces of pressure-outlet 7.
  1205  3.5308e-01  4.3447e-05  5.0784e-05  4.3514e-05  1.3371e-03  6.3017e-03  1.0803e-03  0:02:47   20

 turbulent viscosity limited to viscosity ratio of 1.000000e+05 in 809 cells 

 Reversed flow on 742 faces of pressure-outlet 7.
  1206  3.5312e-01  4.3504e-05  5.0838e-05  4.3503e-05  1.3372e-03  5.9575e-03  1.0811e-03  0:02:41   19

 turbulent viscosity limited to viscosity ratio of 1.000000e+05 in 809 cells 

 Reversed flow on 738 faces of pressure-outlet 7.
  1207  3.5297e-01  4.3565e-05  5.0895e-05  4.3513e-05  1.3384e-03  6.2498e-03  1.0818e-03  0:02:31   18

 turbulent viscosity limited to viscosity ratio of 1.000000e+05 in 809 cells 

 Reversed flow on 736 faces of pressure-outlet 7.
  1208  3.5286e-01  4.3641e-05  5.0952e-05  4.3517e-05  1.3393e-03  6.1368e-03  1.0825e-03  0:02:21   17

 turbulent viscosity limited to viscosity ratio of 1.000000e+05 in 808 cells 

 Reversed flow on 740 faces of pressure-outlet 7.
  1209  3.5243e-01  4.3690e-05  5.0993e-05  4.3492e-05  1.3376e-03  5.3203e-03  1.0832e-03  0:02:15   16

 turbulent viscosity limited to viscosity ratio of 1.000000e+05 in 809 cells 

 Reversed flow on 733 faces of pressure-outlet 7.
  1210  3.5234e-01  4.3733e-05  5.1026e-05  4.3488e-05  1.3374e-03  5.5610e-03  1.0839e-03  0:02:05   15

 turbulent viscosity limited to viscosity ratio of 1.000000e+05 in 809 cells 

 Reversed flow on 720 faces of pressure-outlet 7.

  iter  continuity  x-velocity  y-velocity  z-velocity           k     epsilon  vf-phase-2     time/iter
  1211  3.5207e-01  4.3775e-05  5.1066e-05  4.3475e-05  1.3399e-03  5.7591e-03  1.0847e-03  0:01:56   14

 turbulent viscosity limited to viscosity ratio of 1.000000e+05 in 809 cells 

 Reversed flow on 726 faces of pressure-outlet 7.
  1212  3.5166e-01  4.3836e-05  5.1099e-05  4.3462e-05  1.3413e-03  6.4571e-03  1.0855e-03  0:01:50   13

 turbulent viscosity limited to viscosity ratio of 1.000000e+05 in 809 cells 

 Reversed flow on 727 faces of pressure-outlet 7.
  1213  3.5170e-01  4.3887e-05  5.1128e-05  4.3434e-05  1.3449e-03  7.1553e-03  1.0863e-03  0:01:40   12

 turbulent viscosity limited to viscosity ratio of 1.000000e+05 in 809 cells 

 Reversed flow on 736 faces of pressure-outlet 7.
  1214  3.5144e-01  4.3965e-05  5.1154e-05  4.3425e-05  1.3490e-03  7.8448e-03  1.0871e-03  0:01:33   11

 turbulent viscosity limited to viscosity ratio of 1.000000e+05 in 809 cells 

 Reversed flow on 734 faces of pressure-outlet 7.
  1215  3.5152e-01  4.4020e-05  5.1199e-05  4.3418e-05  1.3477e-03  7.4889e-03  1.0879e-03  0:01:24   10

 turbulent viscosity limited to viscosity ratio of 1.000000e+05 in 809 cells 

 Reversed flow on 745 faces of pressure-outlet 7.
  1216  3.5120e-01  4.4055e-05  5.1231e-05  4.3426e-05  1.3471e-03  6.7077e-03  1.0888e-03  0:01:17    9

 turbulent viscosity limited to viscosity ratio of 1.000000e+05 in 808 cells 

 Reversed flow on 739 faces of pressure-outlet 7.
  1217  3.5083e-01  4.4086e-05  5.1250e-05  4.3419e-05  1.3437e-03  5.7427e-03  1.0897e-03  0:01:07    8

 turbulent viscosity limited to viscosity ratio of 1.000000e+05 in 808 cells 

 Reversed flow on 730 faces of pressure-outlet 7.
  1218  3.5087e-01  4.4118e-05  5.1276e-05  4.3426e-05  1.3438e-03  5.7864e-03  1.0907e-03  0:00:58    7

 turbulent viscosity limited to viscosity ratio of 1.000000e+05 in 808 cells 

 Reversed flow on 733 faces of pressure-outlet 7.
  1219  3.5074e-01  4.4151e-05  5.1306e-05  4.3430e-05  1.3436e-03  5.7395e-03  1.0917e-03  0:00:51    6

 turbulent viscosity limited to viscosity ratio of 1.000000e+05 in 808 cells 

 Reversed flow on 727 faces of pressure-outlet 7.
  1220  3.5080e-01  4.4183e-05  5.1332e-05  4.3426e-05  1.3435e-03  5.7792e-03  1.0928e-03  0:00:42    5

 turbulent viscosity limited to viscosity ratio of 1.000000e+05 in 808 cells 

 Reversed flow on 723 faces of pressure-outlet 7.
  1221  3.5085e-01  4.4215e-05  5.1349e-05  4.3423e-05  1.3438e-03  5.9228e-03  1.0939e-03  0:00:33    4

 turbulent viscosity limited to viscosity ratio of 1.000000e+05 in 809 cells 

 Reversed flow on 713 faces of pressure-outlet 7.

  iter  continuity  x-velocity  y-velocity  z-velocity           k     epsilon  vf-phase-2     time/iter
  1222  3.5110e-01  4.4270e-05  5.1369e-05  4.3421e-05  1.3421e-03  5.4935e-03  1.0950e-03  0:00:25    3

 turbulent viscosity limited to viscosity ratio of 1.000000e+05 in 809 cells 

 Reversed flow on 718 faces of pressure-outlet 7.
  1223  3.5101e-01  4.4319e-05  5.1383e-05  4.3421e-05  1.3427e-03  5.9245e-03  1.0962e-03  0:00:17    2

 turbulent viscosity limited to viscosity ratio of 1.000000e+05 in 809 cells 

 Reversed flow on 718 faces of pressure-outlet 7.
  1224  3.5118e-01  4.4371e-05  5.1407e-05  4.3423e-05  1.3393e-03  5.3070e-03  1.0975e-03  0:00:08    1

 turbulent viscosity limited to viscosity ratio of 1.000000e+05 in 810 cells 

 Reversed flow on 713 faces of pressure-outlet 7.
  1225  3.5157e-01  4.4404e-05  5.1429e-05  4.3417e-05  1.3429e-03  6.3309e-03  1.0989e-03  0:00:00    0
iterate_1225: RPC returned
progress: 1225/1500

  iter  continuity  x-velocity  y-velocity  z-velocity           k     epsilon  vf-phase-2     time/iter
  1225  3.5157e-01  4.4404e-05  5.1429e-05  4.3417e-05  1.3429e-03  6.3309e-03  1.0989e-03  0:03:31   25

 turbulent viscosity limited to viscosity ratio of 1.000000e+05 in 810 cells 

 Reversed flow on 717 faces of pressure-outlet 7.
  1226  3.5206e-01  4.4444e-05  5.1458e-05  4.3444e-05  1.3408e-03  5.8204e-03  1.1004e-03  0:03:25   24

 turbulent viscosity limited to viscosity ratio of 1.000000e+05 in 811 cells 

 Reversed flow on 717 faces of pressure-outlet 7.
  1227  3.5241e-01  4.4493e-05  5.1487e-05  4.3442e-05  1.3360e-03  5.3938e-03  1.1019e-03  0:03:14   23

 turbulent viscosity limited to viscosity ratio of 1.000000e+05 in 811 cells 

 Reversed flow on 719 faces of pressure-outlet 7.
  1228  3.5278e-01  4.4538e-05  5.1513e-05  4.3424e-05  1.3348e-03  5.1377e-03  1.1035e-03  0:03:04   22

 turbulent viscosity limited to viscosity ratio of 1.000000e+05 in 811 cells 

 Reversed flow on 727 faces of pressure-outlet 7.
  1229  3.5267e-01  4.4575e-05  5.1524e-05  4.3411e-05  1.3331e-03  5.0707e-03  1.1051e-03  0:02:58   21

 turbulent viscosity limited to viscosity ratio of 1.000000e+05 in 811 cells 

 Reversed flow on 717 faces of pressure-outlet 7.
  1230  3.5254e-01  4.4621e-05  5.1547e-05  4.3408e-05  1.3307e-03  4.9004e-03  1.1069e-03  0:02:48   20

 turbulent viscosity limited to viscosity ratio of 1.000000e+05 in 811 cells 

 Reversed flow on 715 faces of pressure-outlet 7.
  1231  3.5277e-01  4.4670e-05  5.1563e-05  4.3401e-05  1.3272e-03  4.5121e-03  1.1087e-03  0:02:38   19

 turbulent viscosity limited to viscosity ratio of 1.000000e+05 in 812 cells 

 Reversed flow on 701 faces of pressure-outlet 7.
  1232  3.5321e-01  4.4706e-05  5.1576e-05  4.3380e-05  1.3267e-03  5.1920e-03  1.1105e-03  0:02:32   18

 turbulent viscosity limited to viscosity ratio of 1.000000e+05 in 812 cells 

 Reversed flow on 707 faces of pressure-outlet 7.
  1233  3.5350e-01  4.4755e-05  5.1587e-05  4.3374e-05  1.3236e-03  4.9124e-03  1.1124e-03  0:02:22   17

 turbulent viscosity limited to viscosity ratio of 1.000000e+05 in 812 cells 

 Reversed flow on 719 faces of pressure-outlet 7.
  1234  3.5366e-01  4.4798e-05  5.1583e-05  4.3350e-05  1.3221e-03  5.0998e-03  1.1144e-03  0:02:13   16

 turbulent viscosity limited to viscosity ratio of 1.000000e+05 in 811 cells 

 Reversed flow on 715 faces of pressure-outlet 7.
  1235  3.5381e-01  4.4846e-05  5.1593e-05  4.3330e-05  1.3193e-03  5.2628e-03  1.1164e-03  0:02:06   15

 turbulent viscosity limited to viscosity ratio of 1.000000e+05 in 811 cells 

 Reversed flow on 705 faces of pressure-outlet 7.

  iter  continuity  x-velocity  y-velocity  z-velocity           k     epsilon  vf-phase-2     time/iter
  1236  3.5418e-01  4.4914e-05  5.1612e-05  4.3308e-05  1.3182e-03  5.4032e-03  1.1183e-03  0:01:57   14

 turbulent viscosity limited to viscosity ratio of 1.000000e+05 in 811 cells 

 Reversed flow on 705 faces of pressure-outlet 7.
  1237  3.5429e-01  4.4974e-05  5.1630e-05  4.3267e-05  1.3132e-03  4.8537e-03  1.1203e-03  0:01:48   13

 turbulent viscosity limited to viscosity ratio of 1.000000e+05 in 811 cells 

 Reversed flow on 711 faces of pressure-outlet 7.
  1238  3.5449e-01  4.5019e-05  5.1648e-05  4.3244e-05  1.3115e-03  5.3464e-03  1.1223e-03  0:01:41   12

 turbulent viscosity limited to viscosity ratio of 1.000000e+05 in 811 cells 

 Reversed flow on 714 faces of pressure-outlet 7.
  1239  3.5456e-01  4.5072e-05  5.1664e-05  4.3218e-05  1.3082e-03  5.2970e-03  1.1243e-03  0:01:32   11

 turbulent viscosity limited to viscosity ratio of 1.000000e+05 in 811 cells 

 Reversed flow on 703 faces of pressure-outlet 7.
  1240  3.5454e-01  4.5112e-05  5.1676e-05  4.3198e-05  1.3057e-03  5.4084e-03  1.1263e-03  0:01:23   10

 turbulent viscosity limited to viscosity ratio of 1.000000e+05 in 811 cells 

 Reversed flow on 701 faces of pressure-outlet 7.
  1241  3.5469e-01  4.5157e-05  5.1681e-05  4.3177e-05  1.3020e-03  5.0812e-03  1.1284e-03  0:01:16    9

 turbulent viscosity limited to viscosity ratio of 1.000000e+05 in 811 cells 

 Reversed flow on 706 faces of pressure-outlet 7.
  1242  3.5470e-01  4.5202e-05  5.1695e-05  4.3168e-05  1.2963e-03  4.5952e-03  1.1303e-03  0:01:07    8

 turbulent viscosity limited to viscosity ratio of 1.000000e+05 in 810 cells 

 Reversed flow on 707 faces of pressure-outlet 7.
  1243  3.5502e-01  4.5252e-05  5.1702e-05  4.3161e-05  1.2946e-03  5.2966e-03  1.1321e-03  0:00:58    7

 turbulent viscosity limited to viscosity ratio of 1.000000e+05 in 810 cells 

 Reversed flow on 707 faces of pressure-outlet 7.
  1244  3.5554e-01  4.5305e-05  5.1719e-05  4.3160e-05  1.2912e-03  5.5373e-03  1.1339e-03  0:00:50    6

 turbulent viscosity limited to viscosity ratio of 1.000000e+05 in 810 cells 

 Reversed flow on 709 faces of pressure-outlet 7.
  1245  3.5607e-01  4.5365e-05  5.1730e-05  4.3142e-05  1.2880e-03  5.3142e-03  1.1357e-03  0:00:42    5

 turbulent viscosity limited to viscosity ratio of 1.000000e+05 in 810 cells 

 Reversed flow on 712 faces of pressure-outlet 7.
  1246  3.5649e-01  4.5431e-05  5.1756e-05  4.3110e-05  1.2872e-03  5.9986e-03  1.1375e-03  0:00:33    4

 turbulent viscosity limited to viscosity ratio of 1.000000e+05 in 809 cells 

 Reversed flow on 712 faces of pressure-outlet 7.

  iter  continuity  x-velocity  y-velocity  z-velocity           k     epsilon  vf-phase-2     time/iter
  1247  3.5681e-01  4.5470e-05  5.1777e-05  4.3095e-05  1.2836e-03  5.2607e-03  1.1394e-03  0:00:25    3

 turbulent viscosity limited to viscosity ratio of 1.000000e+05 in 809 cells 

 Reversed flow on 710 faces of pressure-outlet 7.
  1248  3.5696e-01  4.5512e-05  5.1786e-05  4.3066e-05  1.2795e-03  5.4810e-03  1.1412e-03  0:00:17    2

 turbulent viscosity limited to viscosity ratio of 1.000000e+05 in 807 cells 

 Reversed flow on 695 faces of pressure-outlet 7.
  1249  3.5717e-01  4.5560e-05  5.1798e-05  4.3048e-05  1.2749e-03  4.8726e-03  1.1430e-03  0:00:08    1

 turbulent viscosity limited to viscosity ratio of 1.000000e+05 in 807 cells 

 Reversed flow on 700 faces of pressure-outlet 7.
  1250  3.5725e-01  4.5602e-05  5.1825e-05  4.3053e-05  1.2722e-03  5.0496e-03  1.1447e-03  0:00:00    0
iterate_1250: RPC returned
progress: 1250/1500

  iter  continuity  x-velocity  y-velocity  z-velocity           k     epsilon  vf-phase-2     time/iter
  1250  3.5725e-01  4.5602e-05  5.1825e-05  4.3053e-05  1.2722e-03  5.0496e-03  1.1447e-03  0:03:29   25

 turbulent viscosity limited to viscosity ratio of 1.000000e+05 in 807 cells 

 Reversed flow on 714 faces of pressure-outlet 7.
  1251  3.5757e-01  4.5645e-05  5.1838e-05  4.3048e-05  1.2693e-03  4.6086e-03  1.1464e-03  0:03:24   24

 turbulent viscosity limited to viscosity ratio of 1.000000e+05 in 807 cells 

 Reversed flow on 723 faces of pressure-outlet 7.
  1252  3.5817e-01  4.5696e-05  5.1850e-05  4.3050e-05  1.2683e-03  5.2490e-03  1.1479e-03  0:03:13   23

 turbulent viscosity limited to viscosity ratio of 1.000000e+05 in 806 cells 

 Reversed flow on 717 faces of pressure-outlet 7.
  1253  3.5849e-01  4.5755e-05  5.1874e-05  4.3072e-05  1.2656e-03  5.6359e-03  1.1494e-03  0:03:07   22

 turbulent viscosity limited to viscosity ratio of 1.000000e+05 in 806 cells 

 Reversed flow on 716 faces of pressure-outlet 7.
  1254  3.5893e-01  4.5802e-05  5.1883e-05  4.3080e-05  1.2646e-03  5.5595e-03  1.1509e-03  0:02:57   21

 turbulent viscosity limited to viscosity ratio of 1.000000e+05 in 806 cells 

 Reversed flow on 718 faces of pressure-outlet 7.
  1255  3.5928e-01  4.5864e-05  5.1899e-05  4.3099e-05  1.2591e-03  4.6923e-03  1.1523e-03  0:02:47   20

 turbulent viscosity limited to viscosity ratio of 1.000000e+05 in 806 cells 

 Reversed flow on 708 faces of pressure-outlet 7.
  1256  3.5994e-01  4.5911e-05  5.1915e-05  4.3129e-05  1.2560e-03  4.6530e-03  1.1536e-03  0:02:41   19

 turbulent viscosity limited to viscosity ratio of 1.000000e+05 in 806 cells 

 Reversed flow on 714 faces of pressure-outlet 7.
  1257  3.6060e-01  4.5966e-05  5.1925e-05  4.3159e-05  1.2552e-03  5.3622e-03  1.1550e-03  0:02:31   18

 turbulent viscosity limited to viscosity ratio of 1.000000e+05 in 806 cells 

 Reversed flow on 709 faces of pressure-outlet 7.
  1258  3.6110e-01  4.6023e-05  5.1949e-05  4.3178e-05  1.2597e-03  7.4801e-03  1.1562e-03  0:02:21   17

 turbulent viscosity limited to viscosity ratio of 1.000000e+05 in 806 cells 

 Reversed flow on 707 faces of pressure-outlet 7.
  1259  3.6176e-01  4.6086e-05  5.1992e-05  4.3221e-05  1.2600e-03  7.0118e-03  1.1573e-03  0:02:15   16

 turbulent viscosity limited to viscosity ratio of 1.000000e+05 in 806 cells 

 Reversed flow on 712 faces of pressure-outlet 7.
  1260  3.6219e-01  4.6145e-05  5.2039e-05  4.3235e-05  1.2565e-03  5.6887e-03  1.1583e-03  0:02:05   15

 turbulent viscosity limited to viscosity ratio of 1.000000e+05 in 805 cells 

 Reversed flow on 721 faces of pressure-outlet 7.

  iter  continuity  x-velocity  y-velocity  z-velocity           k     epsilon  vf-phase-2     time/iter
  1261  3.6248e-01  4.6199e-05  5.2083e-05  4.3265e-05  1.2544e-03  6.1430e-03  1.1591e-03  0:01:56   14

 turbulent viscosity limited to viscosity ratio of 1.000000e+05 in 806 cells 

 Reversed flow on 718 faces of pressure-outlet 7.
  1262  3.6292e-01  4.6270e-05  5.2129e-05  4.3309e-05  1.2559e-03  5.9778e-03  1.1598e-03  0:01:50   13

 turbulent viscosity limited to viscosity ratio of 1.000000e+05 in 806 cells 

 Reversed flow on 720 faces of pressure-outlet 7.
  1263  3.6298e-01  4.6340e-05  5.2180e-05  4.3374e-05  1.2530e-03  5.3135e-03  1.1605e-03  0:01:40   12

 turbulent viscosity limited to viscosity ratio of 1.000000e+05 in 806 cells 

 Reversed flow on 717 faces of pressure-outlet 7.
  1264  3.6352e-01  4.6404e-05  5.2217e-05  4.3407e-05  1.2543e-03  6.0121e-03  1.1611e-03  0:01:33   11

 turbulent viscosity limited to viscosity ratio of 1.000000e+05 in 806 cells 

 Reversed flow on 736 faces of pressure-outlet 7.
  1265  3.6379e-01  4.6459e-05  5.2275e-05  4.3460e-05  1.2521e-03  5.1530e-03  1.1616e-03  0:01:24   10

 turbulent viscosity limited to viscosity ratio of 1.000000e+05 in 806 cells 

 Reversed flow on 722 faces of pressure-outlet 7.
  1266  3.6397e-01  4.6515e-05  5.2328e-05  4.3500e-05  1.2524e-03  5.5149e-03  1.1620e-03  0:01:17    9

 turbulent viscosity limited to viscosity ratio of 1.000000e+05 in 806 cells 

 Reversed flow on 731 faces of pressure-outlet 7.
  1267  3.6448e-01  4.6583e-05  5.2389e-05  4.3550e-05  1.2531e-03  5.4509e-03  1.1623e-03  0:01:07    8

 turbulent viscosity limited to viscosity ratio of 1.000000e+05 in 806 cells 

 Reversed flow on 730 faces of pressure-outlet 7.
  1268  3.6476e-01  4.6648e-05  5.2454e-05  4.3607e-05  1.2539e-03  5.0119e-03  1.1625e-03  0:01:00    7

 turbulent viscosity limited to viscosity ratio of 1.000000e+05 in 806 cells 

 Reversed flow on 730 faces of pressure-outlet 7.
  1269  3.6519e-01  4.6725e-05  5.2517e-05  4.3651e-05  1.2570e-03  5.8655e-03  1.1627e-03  0:00:52    6

 turbulent viscosity limited to viscosity ratio of 1.000000e+05 in 806 cells 

 Reversed flow on 724 faces of pressure-outlet 7.
  1270  3.6554e-01  4.6795e-05  5.2578e-05  4.3697e-05  1.2629e-03  6.0937e-03  1.1629e-03  0:00:42    5

 turbulent viscosity limited to viscosity ratio of 1.000000e+05 in 806 cells 

 Reversed flow on 716 faces of pressure-outlet 7.
  1271  3.6621e-01  4.6870e-05  5.2654e-05  4.3766e-05  1.2619e-03  5.5646e-03  1.1629e-03  0:00:34    4

 turbulent viscosity limited to viscosity ratio of 1.000000e+05 in 806 cells 

 Reversed flow on 728 faces of pressure-outlet 7.

  iter  continuity  x-velocity  y-velocity  z-velocity           k     epsilon  vf-phase-2     time/iter
  1272  3.6633e-01  4.6930e-05  5.2736e-05  4.3843e-05  1.2654e-03  5.6404e-03  1.1629e-03  0:00:26    3

 turbulent viscosity limited to viscosity ratio of 1.000000e+05 in 806 cells 

 Reversed flow on 709 faces of pressure-outlet 7.
  1273  3.6665e-01  4.6993e-05  5.2808e-05  4.3921e-05  1.2717e-03  6.1770e-03  1.1630e-03  0:00:17    2

 turbulent viscosity limited to viscosity ratio of 1.000000e+05 in 807 cells 

 Reversed flow on 714 faces of pressure-outlet 7.
  1274  3.6711e-01  4.7063e-05  5.2879e-05  4.4010e-05  1.2718e-03  5.3925e-03  1.1630e-03  0:00:09    1

 turbulent viscosity limited to viscosity ratio of 1.000000e+05 in 807 cells 

 Reversed flow on 709 faces of pressure-outlet 7.
  1275  3.6734e-01  4.7116e-05  5.2963e-05  4.4064e-05  1.2736e-03  4.7839e-03  1.1629e-03  0:00:00    0
iterate_1275: RPC returned
progress: 1275/1500

  iter  continuity  x-velocity  y-velocity  z-velocity           k     epsilon  vf-phase-2     time/iter
  1275  3.6734e-01  4.7116e-05  5.2963e-05  4.4064e-05  1.2736e-03  4.7839e-03  1.1629e-03  0:03:33   25

 turbulent viscosity limited to viscosity ratio of 1.000000e+05 in 806 cells 

 Reversed flow on 714 faces of pressure-outlet 7.
  1276  3.6756e-01  4.7160e-05  5.3048e-05  4.4120e-05  1.2807e-03  5.6160e-03  1.1627e-03  0:03:27   24

 turbulent viscosity limited to viscosity ratio of 1.000000e+05 in 806 cells 

 Reversed flow on 714 faces of pressure-outlet 7.
  1277  3.6821e-01  4.7214e-05  5.3137e-05  4.4211e-05  1.2888e-03  8.0910e-03  1.1624e-03  0:03:20   23

 turbulent viscosity limited to viscosity ratio of 1.000000e+05 in 807 cells 

 Reversed flow on 720 faces of pressure-outlet 7.
  1278  3.6915e-01  4.7262e-05  5.3219e-05  4.4311e-05  1.2949e-03  7.6995e-03  1.1622e-03  0:03:08   22

 turbulent viscosity limited to viscosity ratio of 1.000000e+05 in 807 cells 

 Reversed flow on 726 faces of pressure-outlet 7.
  1279  3.6966e-01  4.7304e-05  5.3308e-05  4.4411e-05  1.3007e-03  7.2468e-03  1.1619e-03  0:02:57   21

 turbulent viscosity limited to viscosity ratio of 1.000000e+05 in 806 cells 

 Reversed flow on 726 faces of pressure-outlet 7.
  1280  3.6967e-01  4.7340e-05  5.3412e-05  4.4514e-05  1.3084e-03  6.4707e-03  1.1614e-03  0:02:51   20

 turbulent viscosity limited to viscosity ratio of 1.000000e+05 in 807 cells 

 Reversed flow on 716 faces of pressure-outlet 7.
  1281  3.6977e-01  4.7378e-05  5.3504e-05  4.4617e-05  1.3123e-03  5.6909e-03  1.1608e-03  0:02:40   19

 turbulent viscosity limited to viscosity ratio of 1.000000e+05 in 808 cells 

 Reversed flow on 724 faces of pressure-outlet 7.
  1282  3.6989e-01  4.7402e-05  5.3606e-05  4.4728e-05  1.3207e-03  6.1906e-03  1.1602e-03  0:02:30   18

 turbulent viscosity limited to viscosity ratio of 1.000000e+05 in 807 cells 

 Reversed flow on 723 faces of pressure-outlet 7.
  1283  3.6993e-01  4.7409e-05  5.3719e-05  4.4844e-05  1.3306e-03  6.8514e-03  1.1594e-03  0:02:24   17

 turbulent viscosity limited to viscosity ratio of 1.000000e+05 in 807 cells 

 Reversed flow on 720 faces of pressure-outlet 7.
  1284  3.7017e-01  4.7415e-05  5.3833e-05  4.4975e-05  1.3378e-03  6.1510e-03  1.1587e-03  0:02:14   16

 turbulent viscosity limited to viscosity ratio of 1.000000e+05 in 807 cells 

 Reversed flow on 721 faces of pressure-outlet 7.
  1285  3.7071e-01  4.7428e-05  5.3953e-05  4.5108e-05  1.3453e-03  5.7989e-03  1.1580e-03  0:02:05   15

 turbulent viscosity limited to viscosity ratio of 1.000000e+05 in 808 cells 

 Reversed flow on 720 faces of pressure-outlet 7.

  iter  continuity  x-velocity  y-velocity  z-velocity           k     epsilon  vf-phase-2     time/iter
  1286  3.7120e-01  4.7429e-05  5.4091e-05  4.5224e-05  1.3548e-03  6.0672e-03  1.1573e-03  0:01:58   14

 turbulent viscosity limited to viscosity ratio of 1.000000e+05 in 808 cells 

 Reversed flow on 723 faces of pressure-outlet 7.
  1287  3.7139e-01  4.7437e-05  5.4219e-05  4.5349e-05  1.3657e-03  5.9861e-03  1.1566e-03  0:01:49   13

 turbulent viscosity limited to viscosity ratio of 1.000000e+05 in 808 cells 

 Reversed flow on 731 faces of pressure-outlet 7.
  1288  3.7198e-01  4.7446e-05  5.4355e-05  4.5476e-05  1.3727e-03  5.4361e-03  1.1558e-03  0:01:39   12

 turbulent viscosity limited to viscosity ratio of 1.000000e+05 in 808 cells 

 Reversed flow on 729 faces of pressure-outlet 7.
  1289  3.7253e-01  4.7436e-05  5.4499e-05  4.5601e-05  1.3831e-03  5.7002e-03  1.1549e-03  0:01:33   11

 turbulent viscosity limited to viscosity ratio of 1.000000e+05 in 808 cells 

 Reversed flow on 716 faces of pressure-outlet 7.
  1290  3.7322e-01  4.7432e-05  5.4641e-05  4.5727e-05  1.3967e-03  6.4211e-03  1.1539e-03  0:01:23   10

 turbulent viscosity limited to viscosity ratio of 1.000000e+05 in 808 cells 

 Reversed flow on 717 faces of pressure-outlet 7.
  1291  3.7380e-01  4.7416e-05  5.4796e-05  4.5843e-05  1.4087e-03  6.3654e-03  1.1528e-03  0:01:14    9

 turbulent viscosity limited to viscosity ratio of 1.000000e+05 in 808 cells 

 Reversed flow on 718 faces of pressure-outlet 7.
  1292  3.7418e-01  4.7398e-05  5.4954e-05  4.5970e-05  1.4211e-03  7.0711e-03  1.1518e-03  0:01:07    8

 turbulent viscosity limited to viscosity ratio of 1.000000e+05 in 808 cells 

 Reversed flow on 724 faces of pressure-outlet 7.
  1293  3.7467e-01  4.7378e-05  5.5116e-05  4.6096e-05  1.4311e-03  5.9970e-03  1.1508e-03  0:00:58    7

 turbulent viscosity limited to viscosity ratio of 1.000000e+05 in 809 cells 

 Reversed flow on 731 faces of pressure-outlet 7.
  1294  3.7481e-01  4.7357e-05  5.5282e-05  4.6221e-05  1.4415e-03  5.8192e-03  1.1498e-03  0:00:51    6

 turbulent viscosity limited to viscosity ratio of 1.000000e+05 in 809 cells 

 Reversed flow on 720 faces of pressure-outlet 7.
  1295  3.7474e-01  4.7330e-05  5.5437e-05  4.6354e-05  1.4552e-03  6.5871e-03  1.1488e-03  0:00:42    5

 turbulent viscosity limited to viscosity ratio of 1.000000e+05 in 810 cells 

 Reversed flow on 724 faces of pressure-outlet 7.
  1296  3.7501e-01  4.7305e-05  5.5598e-05  4.6474e-05  1.4694e-03  7.2525e-03  1.1479e-03  0:00:33    4

 turbulent viscosity limited to viscosity ratio of 1.000000e+05 in 810 cells 

 Reversed flow on 726 faces of pressure-outlet 7.

  iter  continuity  x-velocity  y-velocity  z-velocity           k     epsilon  vf-phase-2     time/iter
  1297  3.7532e-01  4.7290e-05  5.5762e-05  4.6605e-05  1.4806e-03  6.6115e-03  1.1469e-03  0:00:25    3

 turbulent viscosity limited to viscosity ratio of 1.000000e+05 in 809 cells 

 Reversed flow on 718 faces of pressure-outlet 7.
  1298  3.7586e-01  4.7273e-05  5.5936e-05  4.6722e-05  1.4932e-03  6.6608e-03  1.1459e-03  0:00:17    2

 turbulent viscosity limited to viscosity ratio of 1.000000e+05 in 808 cells 

 Reversed flow on 717 faces of pressure-outlet 7.
  1299  3.7593e-01  4.7235e-05  5.6109e-05  4.6839e-05  1.5034e-03  6.0868e-03  1.1449e-03  0:00:08    1

 turbulent viscosity limited to viscosity ratio of 1.000000e+05 in 808 cells 

 Reversed flow on 707 faces of pressure-outlet 7.
  1300  3.7592e-01  4.7201e-05  5.6260e-05  4.6953e-05  1.5196e-03  6.8449e-03  1.1440e-03  0:00:00    0
iterate_1300: RPC returned
progress: 1300/1500

  iter  continuity  x-velocity  y-velocity  z-velocity           k     epsilon  vf-phase-2     time/iter
  1300  3.7592e-01  4.7201e-05  5.6260e-05  4.6953e-05  1.5196e-03  6.8449e-03  1.1440e-03  0:03:31   25

 turbulent viscosity limited to viscosity ratio of 1.000000e+05 in 808 cells 

 Reversed flow on 715 faces of pressure-outlet 7.
  1301  3.7645e-01  4.7174e-05  5.6427e-05  4.7073e-05  1.5310e-03  6.7524e-03  1.1431e-03  0:03:25   24

 turbulent viscosity limited to viscosity ratio of 1.000000e+05 in 808 cells 

 Reversed flow on 707 faces of pressure-outlet 7.
  1302  3.7693e-01  4.7132e-05  5.6587e-05  4.7193e-05  1.5435e-03  7.2701e-03  1.1422e-03  0:03:19   23

 turbulent viscosity limited to viscosity ratio of 1.000000e+05 in 807 cells 

 Reversed flow on 713 faces of pressure-outlet 7.
  1303  3.7701e-01  4.7095e-05  5.6736e-05  4.7313e-05  1.5547e-03  6.5413e-03  1.1414e-03  0:03:07   22

 turbulent viscosity limited to viscosity ratio of 1.000000e+05 in 807 cells 

 Reversed flow on 710 faces of pressure-outlet 7.
  1304  3.7718e-01  4.7063e-05  5.6888e-05  4.7410e-05  1.5672e-03  7.0621e-03  1.1407e-03  0:02:56   21

 turbulent viscosity limited to viscosity ratio of 1.000000e+05 in 806 cells 

 Reversed flow on 709 faces of pressure-outlet 7.
  1305  3.7738e-01  4.7022e-05  5.7027e-05  4.7515e-05  1.5816e-03  7.1170e-03  1.1401e-03  0:02:50   20

 turbulent viscosity limited to viscosity ratio of 1.000000e+05 in 806 cells 

 Reversed flow on 701 faces of pressure-outlet 7.
  1306  3.7821e-01  4.6998e-05  5.7177e-05  4.7607e-05  1.5958e-03  8.4501e-03  1.1394e-03  0:02:40   19

 turbulent viscosity limited to viscosity ratio of 1.000000e+05 in 806 cells 

 Reversed flow on 716 faces of pressure-outlet 7.
  1307  3.7843e-01  4.6963e-05  5.7315e-05  4.7709e-05  1.6036e-03  7.2905e-03  1.1387e-03  0:02:30   18

 turbulent viscosity limited to viscosity ratio of 1.000000e+05 in 806 cells 

 Reversed flow on 715 faces of pressure-outlet 7.
  1308  3.7865e-01  4.6921e-05  5.7461e-05  4.7790e-05  1.6172e-03  7.7333e-03  1.1381e-03  0:02:24   17

 turbulent viscosity limited to viscosity ratio of 1.000000e+05 in 806 cells 

 Reversed flow on 719 faces of pressure-outlet 7.
  1309  3.7866e-01  4.6885e-05  5.7592e-05  4.7874e-05  1.6279e-03  6.9135e-03  1.1376e-03  0:02:14   16

 turbulent viscosity limited to viscosity ratio of 1.000000e+05 in 806 cells 

 Reversed flow on 710 faces of pressure-outlet 7.
  1310  3.7899e-01  4.6849e-05  5.7724e-05  4.7949e-05  1.6410e-03  7.5415e-03  1.1372e-03  0:02:04   15

 turbulent viscosity limited to viscosity ratio of 1.000000e+05 in 806 cells 

 Reversed flow on 720 faces of pressure-outlet 7.

  iter  continuity  x-velocity  y-velocity  z-velocity           k     epsilon  vf-phase-2     time/iter
  1311  3.7901e-01  4.6810e-05  5.7849e-05  4.8021e-05  1.6485e-03  7.0768e-03  1.1369e-03  0:01:55   14

 turbulent viscosity limited to viscosity ratio of 1.000000e+05 in 806 cells 

 Reversed flow on 721 faces of pressure-outlet 7.
  1312  3.7933e-01  4.6769e-05  5.7974e-05  4.8081e-05  1.6621e-03  7.6784e-03  1.1366e-03  0:01:49   13

 turbulent viscosity limited to viscosity ratio of 1.000000e+05 in 805 cells 

 Reversed flow on 709 faces of pressure-outlet 7.
  1313  3.7946e-01  4.6739e-05  5.8089e-05  4.8152e-05  1.6746e-03  8.0730e-03  1.1364e-03  0:01:40   12

 turbulent viscosity limited to viscosity ratio of 1.000000e+05 in 805 cells 

 Reversed flow on 710 faces of pressure-outlet 7.
  1314  3.7945e-01  4.6733e-05  5.8186e-05  4.8208e-05  1.6836e-03  7.8079e-03  1.1363e-03  0:01:31   11

 turbulent viscosity limited to viscosity ratio of 1.000000e+05 in 805 cells 

 Reversed flow on 724 faces of pressure-outlet 7.
  1315  3.7955e-01  4.6707e-05  5.8288e-05  4.8250e-05  1.6930e-03  7.1819e-03  1.1364e-03  0:01:24   10

 turbulent viscosity limited to viscosity ratio of 1.000000e+05 in 806 cells 

 Reversed flow on 719 faces of pressure-outlet 7.
  1316  3.7950e-01  4.6678e-05  5.8404e-05  4.8287e-05  1.7038e-03  7.1250e-03  1.1366e-03  0:01:15    9

 turbulent viscosity limited to viscosity ratio of 1.000000e+05 in 806 cells 

 Reversed flow on 716 faces of pressure-outlet 7.
  1317  3.7963e-01  4.6651e-05  5.8510e-05  4.8341e-05  1.7168e-03  8.8824e-03  1.1369e-03  0:01:06    8

 turbulent viscosity limited to viscosity ratio of 1.000000e+05 in 806 cells 

 Reversed flow on 723 faces of pressure-outlet 7.
  1318  3.7984e-01  4.6633e-05  5.8613e-05  4.8390e-05  1.7231e-03  7.2780e-03  1.1371e-03  0:00:59    7

 turbulent viscosity limited to viscosity ratio of 1.000000e+05 in 806 cells 

 Reversed flow on 726 faces of pressure-outlet 7.
  1319  3.7941e-01  4.6609e-05  5.8697e-05  4.8413e-05  1.7355e-03  7.5586e-03  1.1375e-03  0:00:50    6

 turbulent viscosity limited to viscosity ratio of 1.000000e+05 in 806 cells 

 Reversed flow on 723 faces of pressure-outlet 7.
  1320  3.7930e-01  4.6601e-05  5.8775e-05  4.8430e-05  1.7429e-03  6.9649e-03  1.1379e-03  0:00:42    5

 turbulent viscosity limited to viscosity ratio of 1.000000e+05 in 805 cells 

 Reversed flow on 711 faces of pressure-outlet 7.
  1321  3.7916e-01  4.6586e-05  5.8850e-05  4.8445e-05  1.7523e-03  7.6941e-03  1.1384e-03  0:00:33    4

 turbulent viscosity limited to viscosity ratio of 1.000000e+05 in 805 cells 

 Reversed flow on 711 faces of pressure-outlet 7.

  iter  continuity  x-velocity  y-velocity  z-velocity           k     epsilon  vf-phase-2     time/iter
  1322  3.7889e-01  4.6578e-05  5.8925e-05  4.8453e-05  1.7627e-03  8.4786e-03  1.1389e-03  0:00:25    3

 turbulent viscosity limited to viscosity ratio of 1.000000e+05 in 805 cells 

 Reversed flow on 719 faces of pressure-outlet 7.
  1323  3.7866e-01  4.6592e-05  5.9014e-05  4.8461e-05  1.7722e-03  8.1732e-03  1.1395e-03  0:00:17    2

 turbulent viscosity limited to viscosity ratio of 1.000000e+05 in 805 cells 

 Reversed flow on 718 faces of pressure-outlet 7.
  1324  3.7842e-01  4.6613e-05  5.9078e-05  4.8461e-05  1.7768e-03  7.0680e-03  1.1401e-03  0:00:08    1

 turbulent viscosity limited to viscosity ratio of 1.000000e+05 in 805 cells 

 Reversed flow on 715 faces of pressure-outlet 7.
  1325  3.7811e-01  4.6639e-05  5.9130e-05  4.8465e-05  1.7844e-03  7.2913e-03  1.1408e-03  0:00:00    0
iterate_1325: RPC returned
progress: 1325/1500

  iter  continuity  x-velocity  y-velocity  z-velocity           k     epsilon  vf-phase-2     time/iter
  1325  3.7811e-01  4.6639e-05  5.9130e-05  4.8465e-05  1.7844e-03  7.2913e-03  1.1408e-03  0:03:27   25

 turbulent viscosity limited to viscosity ratio of 1.000000e+05 in 805 cells 

 Reversed flow on 713 faces of pressure-outlet 7.
  1326  3.7792e-01  4.6673e-05  5.9180e-05  4.8456e-05  1.7951e-03  7.1315e-03  1.1415e-03  0:03:22   24

 turbulent viscosity limited to viscosity ratio of 1.000000e+05 in 804 cells 

 Reversed flow on 717 faces of pressure-outlet 7.
  1327  3.7776e-01  4.6699e-05  5.9216e-05  4.8448e-05  1.7995e-03  6.8404e-03  1.1423e-03  0:03:12   23

 turbulent viscosity limited to viscosity ratio of 1.000000e+05 in 803 cells 

 Reversed flow on 721 faces of pressure-outlet 7.
  1328  3.7776e-01  4.6745e-05  5.9245e-05  4.8434e-05  1.8100e-03  7.6423e-03  1.1430e-03  0:03:02   22

 turbulent viscosity limited to viscosity ratio of 1.000000e+05 in 803 cells 

 Reversed flow on 721 faces of pressure-outlet 7.
  1329  3.7759e-01  4.6797e-05  5.9270e-05  4.8422e-05  1.8169e-03  7.8068e-03  1.1438e-03  0:02:57   21

 turbulent viscosity limited to viscosity ratio of 1.000000e+05 in 802 cells 

 Reversed flow on 723 faces of pressure-outlet 7.
  1330  3.7753e-01  4.6845e-05  5.9285e-05  4.8410e-05  1.8245e-03  7.6245e-03  1.1446e-03  0:02:47   20

 turbulent viscosity limited to viscosity ratio of 1.000000e+05 in 802 cells 

 Reversed flow on 721 faces of pressure-outlet 7.
  1331  3.7708e-01  4.6898e-05  5.9280e-05  4.8421e-05  1.8301e-03  7.7576e-03  1.1453e-03  0:02:37   19

 turbulent viscosity limited to viscosity ratio of 1.000000e+05 in 802 cells 

 Reversed flow on 720 faces of pressure-outlet 7.
  1332  3.7669e-01  4.6953e-05  5.9273e-05  4.8422e-05  1.8357e-03  6.9771e-03  1.1460e-03  0:02:31   18

 turbulent viscosity limited to viscosity ratio of 1.000000e+05 in 802 cells 

 Reversed flow on 726 faces of pressure-outlet 7.
  1333  3.7636e-01  4.7020e-05  5.9253e-05  4.8421e-05  1.8417e-03  7.5924e-03  1.1467e-03  0:02:22   17

 turbulent viscosity limited to viscosity ratio of 1.000000e+05 in 802 cells 

 Reversed flow on 730 faces of pressure-outlet 7.
  1334  3.7610e-01  4.7076e-05  5.9244e-05  4.8421e-05  1.8437e-03  6.7793e-03  1.1472e-03  0:02:15   16

 turbulent viscosity limited to viscosity ratio of 1.000000e+05 in 803 cells 

 Reversed flow on 730 faces of pressure-outlet 7.
  1335  3.7614e-01  4.7146e-05  5.9227e-05  4.8415e-05  1.8507e-03  6.6987e-03  1.1478e-03  0:02:06   15

 turbulent viscosity limited to viscosity ratio of 1.000000e+05 in 804 cells 

 Reversed flow on 737 faces of pressure-outlet 7.

  iter  continuity  x-velocity  y-velocity  z-velocity           k     epsilon  vf-phase-2     time/iter
  1336  3.7597e-01  4.7229e-05  5.9189e-05  4.8427e-05  1.8551e-03  6.9867e-03  1.1483e-03  0:01:56   14

 turbulent viscosity limited to viscosity ratio of 1.000000e+05 in 804 cells 

 Reversed flow on 736 faces of pressure-outlet 7.
  1337  3.7588e-01  4.7328e-05  5.9139e-05  4.8442e-05  1.8622e-03  8.2724e-03  1.1488e-03  0:01:50   13

 turbulent viscosity limited to viscosity ratio of 1.000000e+05 in 805 cells 

 Reversed flow on 734 faces of pressure-outlet 7.
  1338  3.7538e-01  4.7411e-05  5.9101e-05  4.8437e-05  1.8658e-03  8.8105e-03  1.1492e-03  0:01:40   12

 turbulent viscosity limited to viscosity ratio of 1.000000e+05 in 805 cells 

 Reversed flow on 738 faces of pressure-outlet 7.
  1339  3.7520e-01  4.7497e-05  5.9066e-05  4.8423e-05  1.8701e-03  7.7286e-03  1.1496e-03  0:01:31   11

 turbulent viscosity limited to viscosity ratio of 1.000000e+05 in 806 cells 

 Reversed flow on 733 faces of pressure-outlet 7.
  1340  3.7496e-01  4.7584e-05  5.9015e-05  4.8420e-05  1.8738e-03  7.8417e-03  1.1499e-03  0:01:24   10

 turbulent viscosity limited to viscosity ratio of 1.000000e+05 in 805 cells 

 Reversed flow on 733 faces of pressure-outlet 7.
  1341  3.7460e-01  4.7680e-05  5.8989e-05  4.8420e-05  1.8777e-03  7.6735e-03  1.1502e-03  0:01:15    9

 turbulent viscosity limited to viscosity ratio of 1.000000e+05 in 804 cells 

 Reversed flow on 734 faces of pressure-outlet 7.
  1342  3.7448e-01  4.7778e-05  5.8948e-05  4.8418e-05  1.8791e-03  7.1956e-03  1.1504e-03  0:01:06    8

 turbulent viscosity limited to viscosity ratio of 1.000000e+05 in 804 cells 

 Reversed flow on 733 faces of pressure-outlet 7.
  1343  3.7471e-01  4.7895e-05  5.8896e-05  4.8421e-05  1.8819e-03  6.8835e-03  1.1505e-03  0:00:58    7

 turbulent viscosity limited to viscosity ratio of 1.000000e+05 in 804 cells 

 Reversed flow on 741 faces of pressure-outlet 7.
  1344  3.7480e-01  4.8004e-05  5.8860e-05  4.8427e-05  1.8837e-03  6.4125e-03  1.1505e-03  0:00:50    6

 turbulent viscosity limited to viscosity ratio of 1.000000e+05 in 804 cells 

 Reversed flow on 736 faces of pressure-outlet 7.
  1345  3.7486e-01  4.8118e-05  5.8801e-05  4.8426e-05  1.8887e-03  7.3957e-03  1.1504e-03  0:00:41    5

 turbulent viscosity limited to viscosity ratio of 1.000000e+05 in 804 cells 

 Reversed flow on 737 faces of pressure-outlet 7.
  1346  3.7481e-01  4.8207e-05  5.8754e-05  4.8422e-05  1.8929e-03  8.1298e-03  1.1504e-03  0:00:33    4

 turbulent viscosity limited to viscosity ratio of 1.000000e+05 in 804 cells 

 Reversed flow on 733 faces of pressure-outlet 7.

  iter  continuity  x-velocity  y-velocity  z-velocity           k     epsilon  vf-phase-2     time/iter
  1347  3.7472e-01  4.8303e-05  5.8715e-05  4.8402e-05  1.8916e-03  6.9092e-03  1.1502e-03  0:00:25    3

 turbulent viscosity limited to viscosity ratio of 1.000000e+05 in 804 cells 

 Reversed flow on 733 faces of pressure-outlet 7.
  1348  3.7480e-01  4.8399e-05  5.8667e-05  4.8381e-05  1.8949e-03  6.8750e-03  1.1500e-03  0:00:17    2

 turbulent viscosity limited to viscosity ratio of 1.000000e+05 in 804 cells 

 Reversed flow on 736 faces of pressure-outlet 7.
  1349  3.7466e-01  4.8505e-05  5.8630e-05  4.8352e-05  1.8999e-03  6.8415e-03  1.1498e-03  0:00:08    1

 turbulent viscosity limited to viscosity ratio of 1.000000e+05 in 804 cells 

 Reversed flow on 735 faces of pressure-outlet 7.
  1350  3.7471e-01  4.8619e-05  5.8574e-05  4.8335e-05  1.8969e-03  6.5834e-03  1.1496e-03  0:00:00    0
iterate_1350: RPC returned
progress: 1350/1500

  iter  continuity  x-velocity  y-velocity  z-velocity           k     epsilon  vf-phase-2     time/iter
  1350  3.7471e-01  4.8619e-05  5.8574e-05  4.8335e-05  1.8969e-03  6.5834e-03  1.1496e-03  0:03:30   25

 turbulent viscosity limited to viscosity ratio of 1.000000e+05 in 803 cells 

 Reversed flow on 736 faces of pressure-outlet 7.
  1351  3.7444e-01  4.8739e-05  5.8518e-05  4.8312e-05  1.8995e-03  6.5241e-03  1.1493e-03  0:03:24   24

 turbulent viscosity limited to viscosity ratio of 1.000000e+05 in 803 cells 

 Reversed flow on 730 faces of pressure-outlet 7.
  1352  3.7450e-01  4.8855e-05  5.8466e-05  4.8268e-05  1.9067e-03  1.0049e-02  1.1490e-03  0:03:14   23

 turbulent viscosity limited to viscosity ratio of 1.000000e+05 in 803 cells 

 Reversed flow on 731 faces of pressure-outlet 7.
  1353  3.7474e-01  4.8974e-05  5.8418e-05  4.8230e-05  1.9052e-03  8.8742e-03  1.1487e-03  0:03:08   22

 turbulent viscosity limited to viscosity ratio of 1.000000e+05 in 804 cells 

 Reversed flow on 731 faces of pressure-outlet 7.
  1354  3.7490e-01  4.9094e-05  5.8348e-05  4.8192e-05  1.9110e-03  1.0475e-02  1.1484e-03  0:02:57   21

 turbulent viscosity limited to viscosity ratio of 1.000000e+05 in 803 cells 

 Reversed flow on 739 faces of pressure-outlet 7.
  1355  3.7472e-01  4.9195e-05  5.8297e-05  4.8132e-05  1.9113e-03  7.8984e-03  1.1481e-03  0:02:47   20

=== interrupt ===
