Connecting to Fluent server 1 using IP/port: 10.104.145.85:54904
/Users/andy/Desktop/P4P/P4P_knowledgeWiki/PyAnsys/.venv/lib/python3.12/site-packages/ansys/fluent/core/fluent_connection.py:306: InsecureGrpcWarning: The Fluent session will be connected in insecure gRPC mode. This mode is not recommended. For more details on the implications and usage of insecure mode, refer to the Fluent documentation.
  warnings.warn(
/Users/andy/Desktop/P4P/P4P_knowledgeWiki/PyAnsys/.venv/lib/python3.12/site-packages/ansys/tools/common/cyberchannel.py:188: UserWarning: Starting gRPC client without TLS on 10.104.145.85:54904. This is INSECURE. Consider using a secure connection.
  warn(f"Starting gRPC client without TLS on {target}. This is INSECURE. Consider using a secure connection.")

Connected to Fluent Ansys Fluent 2024 R2

=== Continue Case 5 / 1680 ===

=== Load Resume Case/Data ===
Note: Rank = 0: Process affinity not being set (6).
Note: Rank = 1: Process affinity not being set (6).
Note: Rank = 2: Process affinity not being set (6).
Note: Rank = 3: Process affinity not being set (6).
Note: Rank = 4: Process affinity not being set (6).
Note: Rank = 5: Process affinity not being set (6).
Note: Rank = 6: Process affinity not being set (6).
Note: Rank = 7: Process affinity not being set (6).
Note: Rank = 8: Process affinity not being set (6).
Note: Rank = 9: Process affinity not being set (6).
Note: Rank = 10: Process affinity not being set (6).
Note: Rank = 11: Process affinity not being set (6).
Note: Rank = 12: Process affinity not being set (6).
Note: Rank = 13: Process affinity not being set (6).
Note: Rank = 14: Process affinity not being set (6).

       Clearing partially read grid.

Reading from EN439159:"C:\Users\qtra338\Documents\enthalpy_sweep_verified_20260721_v2\case_5_1680_autosave_iter750.cas.h5" in NODE0 mode ...
  Reading mesh ...
     5578299 cells,     1 cell zone  ...
        5578299 tetrahedral cells,  zone id: 3
    11355491 faces,     5 face zones ...
         374376 triangular wall faces,  zone id: 1
       10957705 triangular interior faces,  zone id: 2
           8700 triangular mass-flow-inlet faces,  zone id: 6
           5435 triangular pressure-outlet faces,  zone id: 7
           9275 triangular wall faces,  zone id: 8
     1026091 nodes,     1 node zone  ...
  Done.


Building...
     mesh
	distributing mesh
		parts...............,
		faces...............,
		nodes...............,
		cells...............,
        bandwidth reduction using Reverse Cuthill-McKee: 372040/13927 = 26.7136
     materials,
     interface,
     domains,
	mixture
	phase-1
	phase-2
	interaction
     zones,
	fluid  (phase-2)
	interior-fluid  (phase-2)
	fluid  (phase-1)
	interior-fluid  (phase-1)
	wall-fluid  (phase-1)
	wall-fluid  (phase-2)
	inlet  (phase-1)
	inlet  (phase-2)
	steam_outlet  (phase-1)
	steam_outlet  (phase-2)
	fluid_outlet  (phase-1)
	fluid_outlet  (phase-2)
	interior-fluid
	wall-fluid
	inlet
	steam_outlet
	fluid_outlet
	fluid
     parallel,
Done.
read_resume_case: OK

Reading from EN439159:"C:\Users\qtra338\Documents\enthalpy_sweep_verified_20260721_v2\case_5_1680_autosave_iter750.dat.h5" in NODE0 mode ...


  Reading results.
Parallel variables...

 turbulent viscosity limited to viscosity ratio of 1.000000e+05 in 913 cells 
Done.
read_resume_data: OK
reported_starting_number_of_iterations: 25
reported_number_of_iterations_note: this is Fluent's current iteration/run setting; it is not proof that a disconnected controller completed that many iterations
fluent_internal_autosave: VERIFIED disabled -> {"before": {"autosave/frequency/data": 0, "autosave/frequency/case": 0, "mmp/autosave/frequency/data": 0, "mmp/autosave/frequency/case": 0, "autosave/filename": "C:/Users/qtra338/Documents/enthalpy_sweep_verified_20260721_v2/case_5_1680_internal_autosave_disabled", "mmp/autosave/filename": "C:/Users/qtra338/Documents/enthalpy_sweep_verified_20260721_v2/case_5_1680_internal_autosave_disabled"}, "after": {"autosave/frequency/data": 0, "autosave/frequency/case": 0, "mmp/autosave/frequency/data": 0, "mmp/autosave/frequency/case": 0, "autosave/filename": "C:/Users/qtra338/Documents/enthalpy_sweep_verified_20260721_v2/case_5_1680_1500iter_recovered_from_750_internal_autosave_disabled", "mmp/autosave/filename": "C:/Users/qtra338/Documents/enthalpy_sweep_verified_20260721_v2/case_5_1680_1500iter_recovered_from_750_internal_autosave_disabled"}, "python_checkpoints_enabled": true}

=== Set Inlet Phase Mass Flows ===
set_inlet_phase_mass_flows: OK
{
  "mixture": {
    "momentum": {
      "reference_frame": "Absolute",
      "supersonic_gauge_pressure": {
        "option": "value",
        "value": 1140000
      },
      "direction_specification": "Normal to Boundary"
    },
    "turbulence": {
      "turbulence_specification": "Intensity and Hydraulic Diameter",
      "turbulent_intensity": 0.02152499951888,
      "hydraulic_diameter": 0.7240000000000001
    },
    "dpm": {
      "discrete_phase_bc_type": "escape"
    },
    "multiphase": {}
  },
  "phase-1": {
    "momentum": {
      "mass_flow_specification": "Mass Flow Rate",
      "mass_flow_rate": {
        "option": "value",
        "value": 88.61
      }
    },
    "turbulence": {},
    "dpm": {},
    "multiphase": {}
  },
  "phase-2": {
    "momentum": {
      "mass_flow_specification": "Mass Flow Rate",
      "mass_flow_rate": {
        "option": "value",
        "value": 109.0
      }
    },
    "turbulence": {},
    "dpm": {},
    "multiphase": {}
  }
}

=== Set DPM Injections ===
DPM velocity mode: face-normal
injection-0_particle_type: OK
injection-0_material: OK
injection-0_injection_type_surface: OK
injection-0_location: OK
injection-0_mass_flow_rate: OK
injection-0_use_face_normal_direction: OK
injection-0_velocity_magnitude: OK
injection-0_particle_size: OK
injection-0_readback: VERIFIED
injection-1_particle_type: OK
injection-1_material: OK
injection-1_injection_type_surface: OK
injection-1_location: OK
injection-1_mass_flow_rate: OK
injection-1_use_face_normal_direction: OK
injection-1_velocity_magnitude: OK
injection-1_particle_size: OK
injection-1_readback: VERIFIED
injection-2_particle_type: OK
injection-2_material: OK
injection-2_injection_type_surface: OK
injection-2_location: OK
injection-2_mass_flow_rate: OK
injection-2_use_face_normal_direction: OK
injection-2_velocity_magnitude: OK
injection-2_particle_size: OK
injection-2_readback: VERIFIED
injection-3_particle_type: OK
injection-3_material: OK
injection-3_injection_type_surface: OK
injection-3_location: OK
injection-3_mass_flow_rate: OK
injection-3_use_face_normal_direction: OK
injection-3_velocity_magnitude: OK
injection-3_particle_size: OK
injection-3_readback: VERIFIED
injection-4_particle_type: OK
injection-4_material: OK
injection-4_injection_type_surface: OK
injection-4_location: OK
injection-4_mass_flow_rate: OK
injection-4_use_face_normal_direction: OK
injection-4_velocity_magnitude: OK
injection-4_particle_size: OK
injection-4_readback: VERIFIED
injection-5_particle_type: OK
injection-5_material: OK
injection-5_injection_type_surface: OK
injection-5_location: OK
injection-5_mass_flow_rate: OK
injection-5_use_face_normal_direction: OK
injection-5_velocity_magnitude: OK
injection-5_particle_size: OK
injection-5_readback: VERIFIED
injection-6_particle_type: OK
injection-6_material: OK
injection-6_injection_type_surface: OK
injection-6_location: OK
injection-6_mass_flow_rate: OK
injection-6_use_face_normal_direction: OK
injection-6_velocity_magnitude: OK
injection-6_particle_size: OK
injection-6_readback: VERIFIED
injection-7_particle_type: OK
injection-7_material: OK
injection-7_injection_type_surface: OK
injection-7_location: OK
injection-7_mass_flow_rate: OK
injection-7_use_face_normal_direction: OK
injection-7_velocity_magnitude: OK
injection-7_particle_size: OK
injection-7_readback: VERIFIED
injection-8_particle_type: OK
injection-8_material: OK
injection-8_injection_type_surface: OK
injection-8_location: OK
injection-8_mass_flow_rate: OK
injection-8_use_face_normal_direction: OK
injection-8_velocity_magnitude: OK
injection-8_particle_size: OK
injection-8_readback: VERIFIED

=== Run Iterations ===
iteration_monitor_sets: ['residual']

  iter  continuity  x-velocity  y-velocity  z-velocity           k     epsilon  vf-phase-2     time/iter
   750  3.8679e-01  4.2546e-05  5.0619e-05  4.1544e-05  1.7781e-03  6.1519e-03  1.2107e-03  0:00:00   25

 turbulent viscosity limited to viscosity ratio of 1.000000e+05 in 913 cells 

 turbulent viscosity limited to viscosity ratio of 1.000000e+05 in 913 cells 

 Reversed flow on 498 faces of pressure-outlet 7.
   751  3.8568e-01  4.2412e-05  5.0475e-05  4.1480e-05  1.7765e-03  6.4843e-03  1.2112e-03  0:04:24   24

 turbulent viscosity limited to viscosity ratio of 1.000000e+05 in 913 cells 

 Reversed flow on 510 faces of pressure-outlet 7.
   752  3.8500e-01  4.2280e-05  5.0347e-05  4.1426e-05  1.7757e-03  6.9930e-03  1.2117e-03  0:03:55   23

 turbulent viscosity limited to viscosity ratio of 1.000000e+05 in 912 cells 

 Reversed flow on 519 faces of pressure-outlet 7.
   753  3.8414e-01  4.2172e-05  5.0213e-05  4.1341e-05  1.7740e-03  6.9137e-03  1.2122e-03  0:03:35   22

 turbulent viscosity limited to viscosity ratio of 1.000000e+05 in 911 cells 

 Reversed flow on 521 faces of pressure-outlet 7.
   754  3.8366e-01  4.2049e-05  5.0070e-05  4.1243e-05  1.7734e-03  7.4276e-03  1.2127e-03  0:03:13   21

 turbulent viscosity limited to viscosity ratio of 1.000000e+05 in 908 cells 

 Reversed flow on 515 faces of pressure-outlet 7.
   755  3.8250e-01  4.1925e-05  4.9927e-05  4.1125e-05  1.7705e-03  7.1150e-03  1.2130e-03  0:02:59   20

 turbulent viscosity limited to viscosity ratio of 1.000000e+05 in 908 cells 

 Reversed flow on 515 faces of pressure-outlet 7.
   756  3.8145e-01  4.1811e-05  4.9787e-05  4.1005e-05  1.7685e-03  7.1721e-03  1.2132e-03  0:02:47   19

 turbulent viscosity limited to viscosity ratio of 1.000000e+05 in 908 cells 

 Reversed flow on 514 faces of pressure-outlet 7.
   757  3.8041e-01  4.1692e-05  4.9630e-05  4.0879e-05  1.7670e-03  6.9497e-03  1.2137e-03  0:02:35   18

 turbulent viscosity limited to viscosity ratio of 1.000000e+05 in 907 cells 

 Reversed flow on 500 faces of pressure-outlet 7.
   758  3.7949e-01  4.1566e-05  4.9461e-05  4.0750e-05  1.7669e-03  7.4394e-03  1.2140e-03  0:02:21   17

 turbulent viscosity limited to viscosity ratio of 1.000000e+05 in 908 cells 

 Reversed flow on 506 faces of pressure-outlet 7.
   759  3.7868e-01  4.1443e-05  4.9295e-05  4.0626e-05  1.7632e-03  7.1351e-03  1.2144e-03  0:02:12   16

 turbulent viscosity limited to viscosity ratio of 1.000000e+05 in 907 cells 

 Reversed flow on 516 faces of pressure-outlet 7.
   760  3.7759e-01  4.1321e-05  4.9118e-05  4.0478e-05  1.7583e-03  6.7847e-03  1.2146e-03  0:02:03   15

 turbulent viscosity limited to viscosity ratio of 1.000000e+05 in 908 cells 

 Reversed flow on 513 faces of pressure-outlet 7.

  iter  continuity  x-velocity  y-velocity  z-velocity           k     epsilon  vf-phase-2     time/iter
   761  3.7621e-01  4.1187e-05  4.8925e-05  4.0329e-05  1.7553e-03  6.8117e-03  1.2146e-03  0:01:54   14

 turbulent viscosity limited to viscosity ratio of 1.000000e+05 in 907 cells 

 Reversed flow on 516 faces of pressure-outlet 7.
   762  3.7496e-01  4.1046e-05  4.8742e-05  4.0174e-05  1.7533e-03  7.0629e-03  1.2148e-03  0:01:46   13

 turbulent viscosity limited to viscosity ratio of 1.000000e+05 in 907 cells 

 Reversed flow on 509 faces of pressure-outlet 7.
   763  3.7372e-01  4.0916e-05  4.8550e-05  4.0025e-05  1.7507e-03  6.6878e-03  1.2149e-03  0:01:37   12

 turbulent viscosity limited to viscosity ratio of 1.000000e+05 in 906 cells 

 Reversed flow on 519 faces of pressure-outlet 7.
   764  3.7277e-01  4.0785e-05  4.8363e-05  3.9860e-05  1.7476e-03  6.8448e-03  1.2150e-03  0:01:27   11

 turbulent viscosity limited to viscosity ratio of 1.000000e+05 in 905 cells 

 Reversed flow on 522 faces of pressure-outlet 7.
   765  3.7168e-01  4.0650e-05  4.8172e-05  3.9694e-05  1.7435e-03  6.6097e-03  1.2150e-03  0:01:19   10

 turbulent viscosity limited to viscosity ratio of 1.000000e+05 in 905 cells 

 Reversed flow on 511 faces of pressure-outlet 7.
   766  3.7042e-01  4.0522e-05  4.7967e-05  3.9513e-05  1.7446e-03  7.9934e-03  1.2148e-03  0:01:11    9

 turbulent viscosity limited to viscosity ratio of 1.000000e+05 in 905 cells 

 Reversed flow on 516 faces of pressure-outlet 7.
   767  3.6918e-01  4.0384e-05  4.7768e-05  3.9351e-05  1.7399e-03  7.5955e-03  1.2147e-03  0:01:03    8

 turbulent viscosity limited to viscosity ratio of 1.000000e+05 in 905 cells 

 Reversed flow on 515 faces of pressure-outlet 7.
   768  3.6773e-01  4.0230e-05  4.7569e-05  3.9181e-05  1.7361e-03  7.5652e-03  1.2143e-03  0:00:56    7

 turbulent viscosity limited to viscosity ratio of 1.000000e+05 in 906 cells 

 Reversed flow on 518 faces of pressure-outlet 7.
   769  3.6624e-01  4.0076e-05  4.7373e-05  3.9000e-05  1.7310e-03  7.1049e-03  1.2138e-03  0:00:48    6

 turbulent viscosity limited to viscosity ratio of 1.000000e+05 in 905 cells 

 Reversed flow on 519 faces of pressure-outlet 7.
   770  3.6469e-01  3.9930e-05  4.7166e-05  3.8833e-05  1.7275e-03  7.4931e-03  1.2133e-03  0:00:40    5

 turbulent viscosity limited to viscosity ratio of 1.000000e+05 in 904 cells 

 Reversed flow on 515 faces of pressure-outlet 7.
   771  3.6313e-01  3.9770e-05  4.6960e-05  3.8671e-05  1.7240e-03  7.6506e-03  1.2128e-03  0:00:31    4

 turbulent viscosity limited to viscosity ratio of 1.000000e+05 in 904 cells 

 Reversed flow on 515 faces of pressure-outlet 7.

  iter  continuity  x-velocity  y-velocity  z-velocity           k     epsilon  vf-phase-2     time/iter
   772  3.6161e-01  3.9613e-05  4.6751e-05  3.8491e-05  1.7209e-03  8.0639e-03  1.2121e-03  0:00:23    3

 turbulent viscosity limited to viscosity ratio of 1.000000e+05 in 904 cells 

 Reversed flow on 529 faces of pressure-outlet 7.
   773  3.6024e-01  3.9481e-05  4.6551e-05  3.8324e-05  1.7193e-03  7.9963e-03  1.2113e-03  0:00:16    2

 turbulent viscosity limited to viscosity ratio of 1.000000e+05 in 903 cells 

 Reversed flow on 518 faces of pressure-outlet 7.
   774  3.5894e-01  3.9334e-05  4.6342e-05  3.8162e-05  1.7163e-03  8.9090e-03  1.2106e-03  0:00:08    1

 turbulent viscosity limited to viscosity ratio of 1.000000e+05 in 903 cells 

 Reversed flow on 516 faces of pressure-outlet 7.
   775  3.5741e-01  3.9191e-05  4.6134e-05  3.8005e-05  1.7180e-03  1.3028e-02  1.2097e-03  0:00:00    0
iterate_25: RPC returned
progress: 25/750

  iter  continuity  x-velocity  y-velocity  z-velocity           k     epsilon  vf-phase-2     time/iter
   775  3.5741e-01  3.9191e-05  4.6134e-05  3.8005e-05  1.7180e-03  1.3028e-02  1.2097e-03  0:03:18   25

 turbulent viscosity limited to viscosity ratio of 1.000000e+05 in 902 cells 

 Reversed flow on 522 faces of pressure-outlet 7.
   776  3.5615e-01  3.9052e-05  4.5913e-05  3.7857e-05  1.7112e-03  1.0722e-02  1.2088e-03  0:03:10   24

 turbulent viscosity limited to viscosity ratio of 1.000000e+05 in 902 cells 

 Reversed flow on 532 faces of pressure-outlet 7.
   777  3.5483e-01  3.8890e-05  4.5693e-05  3.7717e-05  1.7122e-03  1.0932e-02  1.2077e-03  0:03:03   23

 turbulent viscosity limited to viscosity ratio of 1.000000e+05 in 902 cells 

 Reversed flow on 528 faces of pressure-outlet 7.
   778  3.5311e-01  3.8728e-05  4.5481e-05  3.7576e-05  1.7022e-03  8.7275e-03  1.2066e-03  0:02:55   22

 turbulent viscosity limited to viscosity ratio of 1.000000e+05 in 902 cells 

 Reversed flow on 529 faces of pressure-outlet 7.
   779  3.5162e-01  3.8574e-05  4.5284e-05  3.7446e-05  1.6967e-03  8.5583e-03  1.2056e-03  0:02:47   21

 turbulent viscosity limited to viscosity ratio of 1.000000e+05 in 901 cells 

 Reversed flow on 537 faces of pressure-outlet 7.
   780  3.5026e-01  3.8439e-05  4.5070e-05  3.7318e-05  1.6936e-03  1.0269e-02  1.2045e-03  0:02:39   20

 turbulent viscosity limited to viscosity ratio of 1.000000e+05 in 901 cells 

 Reversed flow on 541 faces of pressure-outlet 7.
   781  3.4882e-01  3.8283e-05  4.4864e-05  3.7197e-05  1.6903e-03  9.0457e-03  1.2035e-03  0:02:28   19

 turbulent viscosity limited to viscosity ratio of 1.000000e+05 in 900 cells 

 Reversed flow on 534 faces of pressure-outlet 7.
   782  3.4753e-01  3.8134e-05  4.4657e-05  3.7081e-05  1.6841e-03  8.2045e-03  1.2024e-03  0:02:21   18

 turbulent viscosity limited to viscosity ratio of 1.000000e+05 in 897 cells 

 Reversed flow on 537 faces of pressure-outlet 7.
   783  3.4607e-01  3.7982e-05  4.4447e-05  3.6976e-05  1.6802e-03  8.7186e-03  1.2013e-03  0:02:14   17

 turbulent viscosity limited to viscosity ratio of 1.000000e+05 in 896 cells 

 Reversed flow on 541 faces of pressure-outlet 7.
   784  3.4473e-01  3.7841e-05  4.4222e-05  3.6867e-05  1.6747e-03  8.3612e-03  1.2002e-03  0:02:06   16

 turbulent viscosity limited to viscosity ratio of 1.000000e+05 in 896 cells 

 Reversed flow on 533 faces of pressure-outlet 7.
   785  3.4315e-01  3.7698e-05  4.4005e-05  3.6760e-05  1.6675e-03  7.8961e-03  1.1991e-03  0:01:59   15

 turbulent viscosity limited to viscosity ratio of 1.000000e+05 in 896 cells 

 Reversed flow on 530 faces of pressure-outlet 7.

  iter  continuity  x-velocity  y-velocity  z-velocity           k     epsilon  vf-phase-2     time/iter
   786  3.4182e-01  3.7559e-05  4.3776e-05  3.6667e-05  1.6640e-03  8.0478e-03  1.1980e-03  0:01:51   14

 turbulent viscosity limited to viscosity ratio of 1.000000e+05 in 896 cells 

 Reversed flow on 538 faces of pressure-outlet 7.
   787  3.4034e-01  3.7426e-05  4.3551e-05  3.6567e-05  1.6553e-03  7.4145e-03  1.1969e-03  0:01:43   13

 turbulent viscosity limited to viscosity ratio of 1.000000e+05 in 895 cells 

 Reversed flow on 531 faces of pressure-outlet 7.
   788  3.3870e-01  3.7294e-05  4.3327e-05  3.6451e-05  1.6477e-03  7.1741e-03  1.1958e-03  0:01:33   12

 turbulent viscosity limited to viscosity ratio of 1.000000e+05 in 895 cells 

 Reversed flow on 530 faces of pressure-outlet 7.
   789  3.3743e-01  3.7152e-05  4.3102e-05  3.6361e-05  1.6437e-03  7.2093e-03  1.1947e-03  0:01:26   11

 turbulent viscosity limited to viscosity ratio of 1.000000e+05 in 893 cells 

 Reversed flow on 542 faces of pressure-outlet 7.
   790  3.3591e-01  3.7019e-05  4.2879e-05  3.6278e-05  1.6396e-03  8.3378e-03  1.1936e-03  0:01:18   10

 turbulent viscosity limited to viscosity ratio of 1.000000e+05 in 893 cells 

 Reversed flow on 542 faces of pressure-outlet 7.
   791  3.3472e-01  3.6895e-05  4.2659e-05  3.6191e-05  1.6326e-03  8.0923e-03  1.1926e-03  0:01:11    9

 turbulent viscosity limited to viscosity ratio of 1.000000e+05 in 893 cells 

 Reversed flow on 549 faces of pressure-outlet 7.
   792  3.3301e-01  3.6764e-05  4.2454e-05  3.6108e-05  1.6236e-03  7.3547e-03  1.1916e-03  0:01:03    8

 turbulent viscosity limited to viscosity ratio of 1.000000e+05 in 892 cells 

 Reversed flow on 540 faces of pressure-outlet 7.
   793  3.3129e-01  3.6638e-05  4.2230e-05  3.6021e-05  1.6156e-03  7.4686e-03  1.1907e-03  0:00:55    7

 turbulent viscosity limited to viscosity ratio of 1.000000e+05 in 892 cells 

 Reversed flow on 557 faces of pressure-outlet 7.
   794  3.2991e-01  3.6498e-05  4.2007e-05  3.5928e-05  1.6061e-03  6.8360e-03  1.1899e-03  0:00:46    6

 turbulent viscosity limited to viscosity ratio of 1.000000e+05 in 890 cells 

 Reversed flow on 550 faces of pressure-outlet 7.
   795  3.2852e-01  3.6366e-05  4.1784e-05  3.5823e-05  1.6012e-03  8.6901e-03  1.1891e-03  0:00:39    5

 turbulent viscosity limited to viscosity ratio of 1.000000e+05 in 890 cells 

 Reversed flow on 546 faces of pressure-outlet 7.
   796  3.2721e-01  3.6246e-05  4.1563e-05  3.5720e-05  1.5922e-03  7.8786e-03  1.1883e-03  0:00:31    4

 turbulent viscosity limited to viscosity ratio of 1.000000e+05 in 889 cells 

 Reversed flow on 551 faces of pressure-outlet 7.

  iter  continuity  x-velocity  y-velocity  z-velocity           k     epsilon  vf-phase-2     time/iter
   797  3.2592e-01  3.6133e-05  4.1351e-05  3.5611e-05  1.5834e-03  7.8659e-03  1.1877e-03  0:00:24    3

 turbulent viscosity limited to viscosity ratio of 1.000000e+05 in 889 cells 

 Reversed flow on 559 faces of pressure-outlet 7.
   798  3.2465e-01  3.6007e-05  4.1129e-05  3.5501e-05  1.5796e-03  9.1453e-03  1.1871e-03  0:00:16    2

 turbulent viscosity limited to viscosity ratio of 1.000000e+05 in 889 cells 

 Reversed flow on 555 faces of pressure-outlet 7.
   799  3.2373e-01  3.5888e-05  4.0909e-05  3.5385e-05  1.5681e-03  8.0321e-03  1.1867e-03  0:00:08    1

 turbulent viscosity limited to viscosity ratio of 1.000000e+05 in 889 cells 

 Reversed flow on 558 faces of pressure-outlet 7.
   800  3.2225e-01  3.5755e-05  4.0701e-05  3.5272e-05  1.5601e-03  7.9549e-03  1.1863e-03  0:00:00    0
iterate_50: RPC returned
progress: 50/750

  iter  continuity  x-velocity  y-velocity  z-velocity           k     epsilon  vf-phase-2     time/iter
   800  3.2225e-01  3.5755e-05  4.0701e-05  3.5272e-05  1.5601e-03  7.9549e-03  1.1863e-03  0:03:14   25

 turbulent viscosity limited to viscosity ratio of 1.000000e+05 in 887 cells 

 Reversed flow on 559 faces of pressure-outlet 7.
   801  3.2063e-01  3.5644e-05  4.0500e-05  3.5167e-05  1.5509e-03  7.5852e-03  1.1859e-03  0:03:08   24

 turbulent viscosity limited to viscosity ratio of 1.000000e+05 in 886 cells 

 Reversed flow on 560 faces of pressure-outlet 7.
   802  3.1915e-01  3.5529e-05  4.0307e-05  3.5047e-05  1.5399e-03  7.1282e-03  1.1856e-03  0:03:01   23

 turbulent viscosity limited to viscosity ratio of 1.000000e+05 in 886 cells 

 Reversed flow on 565 faces of pressure-outlet 7.
   803  3.1804e-01  3.5411e-05  4.0107e-05  3.4910e-05  1.5306e-03  7.3327e-03  1.1854e-03  0:02:49   22

 turbulent viscosity limited to viscosity ratio of 1.000000e+05 in 884 cells 

 Reversed flow on 567 faces of pressure-outlet 7.
   804  3.1693e-01  3.5300e-05  3.9916e-05  3.4776e-05  1.5227e-03  7.0857e-03  1.1853e-03  0:02:43   21

 turbulent viscosity limited to viscosity ratio of 1.000000e+05 in 884 cells 

 Reversed flow on 560 faces of pressure-outlet 7.
   805  3.1621e-01  3.5195e-05  3.9731e-05  3.4646e-05  1.5170e-03  7.3889e-03  1.1853e-03  0:02:36   20

 turbulent viscosity limited to viscosity ratio of 1.000000e+05 in 884 cells 

 Reversed flow on 567 faces of pressure-outlet 7.
   806  3.1497e-01  3.5084e-05  3.9549e-05  3.4523e-05  1.5095e-03  7.1557e-03  1.1853e-03  0:02:29   19

 turbulent viscosity limited to viscosity ratio of 1.000000e+05 in 884 cells 

 Reversed flow on 568 faces of pressure-outlet 7.
   807  3.1398e-01  3.4960e-05  3.9363e-05  3.4373e-05  1.5026e-03  7.3301e-03  1.1855e-03  0:02:22   18

 turbulent viscosity limited to viscosity ratio of 1.000000e+05 in 884 cells 

 Reversed flow on 562 faces of pressure-outlet 7.
   808  3.1249e-01  3.4835e-05  3.9180e-05  3.4231e-05  1.4955e-03  6.7153e-03  1.1856e-03  0:02:14   17

 turbulent viscosity limited to viscosity ratio of 1.000000e+05 in 883 cells 

 Reversed flow on 577 faces of pressure-outlet 7.
   809  3.1108e-01  3.4696e-05  3.8998e-05  3.4082e-05  1.4871e-03  6.4487e-03  1.1859e-03  0:02:03   16

 turbulent viscosity limited to viscosity ratio of 1.000000e+05 in 883 cells 

 Reversed flow on 575 faces of pressure-outlet 7.
   810  3.0997e-01  3.4572e-05  3.8817e-05  3.3927e-05  1.4850e-03  8.7609e-03  1.1861e-03  0:01:57   15

 turbulent viscosity limited to viscosity ratio of 1.000000e+05 in 883 cells 

 Reversed flow on 578 faces of pressure-outlet 7.

  iter  continuity  x-velocity  y-velocity  z-velocity           k     epsilon  vf-phase-2     time/iter
   811  3.0879e-01  3.4438e-05  3.8629e-05  3.3789e-05  1.4797e-03  7.3375e-03  1.1864e-03  0:01:49   14

 turbulent viscosity limited to viscosity ratio of 1.000000e+05 in 882 cells 

 Reversed flow on 574 faces of pressure-outlet 7.
   812  3.0784e-01  3.4313e-05  3.8452e-05  3.3653e-05  1.4722e-03  6.6513e-03  1.1866e-03  0:01:42   13

 turbulent viscosity limited to viscosity ratio of 1.000000e+05 in 881 cells 

 Reversed flow on 575 faces of pressure-outlet 7.
   813  3.0639e-01  3.4183e-05  3.8271e-05  3.3531e-05  1.4668e-03  6.6253e-03  1.1868e-03  0:01:35   12

 turbulent viscosity limited to viscosity ratio of 1.000000e+05 in 880 cells 

 Reversed flow on 579 faces of pressure-outlet 7.
   814  3.0535e-01  3.4060e-05  3.8093e-05  3.3391e-05  1.4615e-03  6.3170e-03  1.1870e-03  0:01:27   11

 turbulent viscosity limited to viscosity ratio of 1.000000e+05 in 882 cells 

 Reversed flow on 579 faces of pressure-outlet 7.
   815  3.0440e-01  3.3923e-05  3.7918e-05  3.3258e-05  1.4564e-03  6.0849e-03  1.1873e-03  0:01:17   10

 turbulent viscosity limited to viscosity ratio of 1.000000e+05 in 882 cells 

 Reversed flow on 588 faces of pressure-outlet 7.
   816  3.0336e-01  3.3790e-05  3.7752e-05  3.3128e-05  1.4539e-03  6.0576e-03  1.1876e-03  0:01:10    9

 turbulent viscosity limited to viscosity ratio of 1.000000e+05 in 881 cells 

 Reversed flow on 580 faces of pressure-outlet 7.
   817  3.0248e-01  3.3677e-05  3.7584e-05  3.3020e-05  1.4520e-03  6.9458e-03  1.1879e-03  0:01:03    8

 turbulent viscosity limited to viscosity ratio of 1.000000e+05 in 880 cells 

 Reversed flow on 592 faces of pressure-outlet 7.
   818  3.0134e-01  3.3549e-05  3.7419e-05  3.2905e-05  1.4483e-03  6.6291e-03  1.1883e-03  0:00:55    7

 turbulent viscosity limited to viscosity ratio of 1.000000e+05 in 880 cells 

 Reversed flow on 600 faces of pressure-outlet 7.
   819  3.0025e-01  3.3411e-05  3.7257e-05  3.2803e-05  1.4472e-03  7.1402e-03  1.1887e-03  0:00:47    6

 turbulent viscosity limited to viscosity ratio of 1.000000e+05 in 880 cells 

 Reversed flow on 598 faces of pressure-outlet 7.
   820  2.9905e-01  3.3290e-05  3.7100e-05  3.2688e-05  1.4428e-03  6.1349e-03  1.1892e-03  0:00:40    5

 turbulent viscosity limited to viscosity ratio of 1.000000e+05 in 880 cells 

 Reversed flow on 597 faces of pressure-outlet 7.
   821  2.9800e-01  3.3156e-05  3.6956e-05  3.2580e-05  1.4411e-03  6.7155e-03  1.1897e-03  0:00:31    4

 turbulent viscosity limited to viscosity ratio of 1.000000e+05 in 880 cells 

 Reversed flow on 593 faces of pressure-outlet 7.

  iter  continuity  x-velocity  y-velocity  z-velocity           k     epsilon  vf-phase-2     time/iter
   822  2.9699e-01  3.3026e-05  3.6819e-05  3.2492e-05  1.4383e-03  6.4867e-03  1.1902e-03  0:00:23    3

 turbulent viscosity limited to viscosity ratio of 1.000000e+05 in 879 cells 

 Reversed flow on 598 faces of pressure-outlet 7.
   823  2.9622e-01  3.2901e-05  3.6688e-05  3.2402e-05  1.4350e-03  6.4966e-03  1.1908e-03  0:00:16    2

 turbulent viscosity limited to viscosity ratio of 1.000000e+05 in 878 cells 

 Reversed flow on 595 faces of pressure-outlet 7.
   824  2.9573e-01  3.2789e-05  3.6567e-05  3.2317e-05  1.4341e-03  6.3810e-03  1.1914e-03  0:00:08    1

 turbulent viscosity limited to viscosity ratio of 1.000000e+05 in 879 cells 

 Reversed flow on 599 faces of pressure-outlet 7.
   825  2.9517e-01  3.2683e-05  3.6449e-05  3.2247e-05  1.4326e-03  6.6264e-03  1.1921e-03  0:00:00    0
iterate_75: RPC returned
progress: 75/750

  iter  continuity  x-velocity  y-velocity  z-velocity           k     epsilon  vf-phase-2     time/iter
   825  2.9517e-01  3.2683e-05  3.6449e-05  3.2247e-05  1.4326e-03  6.6264e-03  1.1921e-03  0:03:17   25

 turbulent viscosity limited to viscosity ratio of 1.000000e+05 in 879 cells 

 Reversed flow on 604 faces of pressure-outlet 7.
   826  2.9479e-01  3.2571e-05  3.6339e-05  3.2183e-05  1.4313e-03  7.1113e-03  1.1928e-03  0:03:10   24

 turbulent viscosity limited to viscosity ratio of 1.000000e+05 in 879 cells 

 Reversed flow on 608 faces of pressure-outlet 7.
   827  2.9393e-01  3.2458e-05  3.6228e-05  3.2118e-05  1.4308e-03  7.2584e-03  1.1935e-03  0:03:02   23

 turbulent viscosity limited to viscosity ratio of 1.000000e+05 in 879 cells 

 Reversed flow on 608 faces of pressure-outlet 7.
   828  2.9357e-01  3.2350e-05  3.6130e-05  3.2060e-05  1.4296e-03  7.3108e-03  1.1943e-03  0:02:55   22

 turbulent viscosity limited to viscosity ratio of 1.000000e+05 in 878 cells 

 Reversed flow on 618 faces of pressure-outlet 7.
   829  2.9295e-01  3.2241e-05  3.6035e-05  3.2013e-05  1.4264e-03  7.0833e-03  1.1951e-03  0:02:43   21

 turbulent viscosity limited to viscosity ratio of 1.000000e+05 in 878 cells 

 Reversed flow on 628 faces of pressure-outlet 7.
   830  2.9245e-01  3.2141e-05  3.5959e-05  3.1969e-05  1.4242e-03  6.8756e-03  1.1960e-03  0:02:36   20

 turbulent viscosity limited to viscosity ratio of 1.000000e+05 in 878 cells 

 Reversed flow on 622 faces of pressure-outlet 7.
   831  2.9204e-01  3.2053e-05  3.5878e-05  3.1926e-05  1.4200e-03  6.1425e-03  1.1969e-03  0:02:29   19

 turbulent viscosity limited to viscosity ratio of 1.000000e+05 in 877 cells 

 Reversed flow on 622 faces of pressure-outlet 7.
   832  2.9204e-01  3.1964e-05  3.5818e-05  3.1896e-05  1.4193e-03  6.6584e-03  1.1979e-03  0:02:22   18

 turbulent viscosity limited to viscosity ratio of 1.000000e+05 in 877 cells 

 Reversed flow on 624 faces of pressure-outlet 7.
   833  2.9179e-01  3.1870e-05  3.5769e-05  3.1868e-05  1.4156e-03  6.3367e-03  1.1989e-03  0:02:14   17

 turbulent viscosity limited to viscosity ratio of 1.000000e+05 in 877 cells 

 Reversed flow on 627 faces of pressure-outlet 7.
   834  2.9152e-01  3.1776e-05  3.5715e-05  3.1833e-05  1.4152e-03  6.5626e-03  1.2000e-03  0:02:07   16

 turbulent viscosity limited to viscosity ratio of 1.000000e+05 in 877 cells 

 Reversed flow on 626 faces of pressure-outlet 7.
   835  2.9124e-01  3.1690e-05  3.5662e-05  3.1807e-05  1.4119e-03  6.6787e-03  1.2011e-03  0:01:56   15

 turbulent viscosity limited to viscosity ratio of 1.000000e+05 in 876 cells 

 Reversed flow on 626 faces of pressure-outlet 7.

  iter  continuity  x-velocity  y-velocity  z-velocity           k     epsilon  vf-phase-2     time/iter
   836  2.9064e-01  3.1613e-05  3.5617e-05  3.1770e-05  1.4081e-03  6.4193e-03  1.2023e-03  0:01:49   14

 turbulent viscosity limited to viscosity ratio of 1.000000e+05 in 876 cells 

 Reversed flow on 631 faces of pressure-outlet 7.
   837  2.9069e-01  3.1542e-05  3.5582e-05  3.1745e-05  1.4099e-03  9.5079e-03  1.2035e-03  0:01:42   13

 turbulent viscosity limited to viscosity ratio of 1.000000e+05 in 876 cells 

 Reversed flow on 620 faces of pressure-outlet 7.
   838  2.9047e-01  3.1466e-05  3.5555e-05  3.1719e-05  1.4081e-03  7.3134e-03  1.2048e-03  0:01:34   12

 turbulent viscosity limited to viscosity ratio of 1.000000e+05 in 876 cells 

 Reversed flow on 635 faces of pressure-outlet 7.
   839  2.9027e-01  3.1391e-05  3.5536e-05  3.1685e-05  1.4016e-03  6.4212e-03  1.2061e-03  0:01:27   11

 turbulent viscosity limited to viscosity ratio of 1.000000e+05 in 876 cells 

 Reversed flow on 629 faces of pressure-outlet 7.
   840  2.9020e-01  3.1333e-05  3.5525e-05  3.1656e-05  1.3987e-03  6.1192e-03  1.2075e-03  0:01:19   10

 turbulent viscosity limited to viscosity ratio of 1.000000e+05 in 876 cells 

 Reversed flow on 620 faces of pressure-outlet 7.
   841  2.9030e-01  3.1259e-05  3.5525e-05  3.1629e-05  1.3943e-03  5.7985e-03  1.2090e-03  0:01:11    9

 turbulent viscosity limited to viscosity ratio of 1.000000e+05 in 875 cells 

 Reversed flow on 626 faces of pressure-outlet 7.
   842  2.9004e-01  3.1202e-05  3.5527e-05  3.1597e-05  1.3928e-03  6.2802e-03  1.2107e-03  0:01:04    8

 turbulent viscosity limited to viscosity ratio of 1.000000e+05 in 875 cells 

 Reversed flow on 639 faces of pressure-outlet 7.
   843  2.8962e-01  3.1145e-05  3.5539e-05  3.1558e-05  1.3922e-03  6.9905e-03  1.2123e-03  0:00:54    7

 turbulent viscosity limited to viscosity ratio of 1.000000e+05 in 876 cells 

 Reversed flow on 638 faces of pressure-outlet 7.
   844  2.8925e-01  3.1086e-05  3.5551e-05  3.1532e-05  1.3862e-03  6.1472e-03  1.2140e-03  0:00:47    6

 turbulent viscosity limited to viscosity ratio of 1.000000e+05 in 876 cells 

 Reversed flow on 644 faces of pressure-outlet 7.
   845  2.8900e-01  3.1035e-05  3.5579e-05  3.1495e-05  1.3828e-03  6.1017e-03  1.2157e-03  0:00:39    5

 turbulent viscosity limited to viscosity ratio of 1.000000e+05 in 876 cells 

 Reversed flow on 644 faces of pressure-outlet 7.
   846  2.8896e-01  3.0993e-05  3.5598e-05  3.1450e-05  1.3771e-03  5.5839e-03  1.2175e-03  0:00:31    4

 turbulent viscosity limited to viscosity ratio of 1.000000e+05 in 876 cells 

 Reversed flow on 638 faces of pressure-outlet 7.

  iter  continuity  x-velocity  y-velocity  z-velocity           k     epsilon  vf-phase-2     time/iter
   847  2.8894e-01  3.0954e-05  3.5636e-05  3.1408e-05  1.3725e-03  5.5057e-03  1.2195e-03  0:00:24    3

 turbulent viscosity limited to viscosity ratio of 1.000000e+05 in 875 cells 

 Reversed flow on 636 faces of pressure-outlet 7.
   848  2.8866e-01  3.0899e-05  3.5692e-05  3.1372e-05  1.3702e-03  6.0783e-03  1.2215e-03  0:00:16    2

 turbulent viscosity limited to viscosity ratio of 1.000000e+05 in 875 cells 

 Reversed flow on 634 faces of pressure-outlet 7.
   849  2.8834e-01  3.0853e-05  3.5747e-05  3.1337e-05  1.3661e-03  5.7944e-03  1.2235e-03  0:00:08    1

 turbulent viscosity limited to viscosity ratio of 1.000000e+05 in 873 cells 

 Reversed flow on 632 faces of pressure-outlet 7.
   850  2.8751e-01  3.0805e-05  3.5791e-05  3.1294e-05  1.3622e-03  6.1693e-03  1.2257e-03  0:00:00    0
iterate_100: RPC returned
progress: 100/750

  iter  continuity  x-velocity  y-velocity  z-velocity           k     epsilon  vf-phase-2     time/iter
   850  2.8751e-01  3.0805e-05  3.5791e-05  3.1294e-05  1.3622e-03  6.1693e-03  1.2257e-03  0:03:15   25

 turbulent viscosity limited to viscosity ratio of 1.000000e+05 in 872 cells 

 Reversed flow on 638 faces of pressure-outlet 7.
   851  2.8690e-01  3.0764e-05  3.5847e-05  3.1259e-05  1.3580e-03  6.8829e-03  1.2279e-03  0:03:08   24

 turbulent viscosity limited to viscosity ratio of 1.000000e+05 in 872 cells 

 Reversed flow on 647 faces of pressure-outlet 7.
   852  2.8650e-01  3.0725e-05  3.5909e-05  3.1224e-05  1.3531e-03  6.1730e-03  1.2302e-03  0:03:01   23

 turbulent viscosity limited to viscosity ratio of 1.000000e+05 in 872 cells 

 Reversed flow on 649 faces of pressure-outlet 7.
   853  2.8679e-01  3.0680e-05  3.5967e-05  3.1181e-05  1.3935e-03  8.7975e-01  1.2324e-03  0:02:54   22

 turbulent viscosity limited to viscosity ratio of 1.000000e+05 in 872 cells 

 Reversed flow on 643 faces of pressure-outlet 7.
   854  2.8631e-01  3.0657e-05  3.6092e-05  3.1159e-05  3.7589e-03  6.7256e+00  1.2347e-03  0:02:42   21

 turbulent viscosity limited to viscosity ratio of 1.000000e+05 in 872 cells 

 Reversed flow on 648 faces of pressure-outlet 7.
   855  2.8636e-01  3.0757e-05  3.6221e-05  3.1389e-05  1.8755e-02  8.1032e-01  1.2371e-03  0:02:35   20

 turbulent viscosity limited to viscosity ratio of 1.000000e+05 in 870 cells 

 Reversed flow on 651 faces of pressure-outlet 7.
   856  2.8695e-01  3.0658e-05  3.6209e-05  3.1164e-05  4.2317e-03  3.7674e-01  1.2397e-03  0:02:29   19

 turbulent viscosity limited to viscosity ratio of 1.000000e+05 in 869 cells 

 Reversed flow on 633 faces of pressure-outlet 7.
   857  2.8726e-01  3.0621e-05  3.6300e-05  3.1066e-05  2.1978e-03  2.1417e-01  1.2422e-03  0:02:21   18

 turbulent viscosity limited to viscosity ratio of 1.000000e+05 in 869 cells 

 Reversed flow on 639 faces of pressure-outlet 7.
   858  2.8538e-01  3.0596e-05  3.6319e-05  3.1026e-05  1.6312e-03  1.0771e-01  1.2448e-03  0:02:14   17

 turbulent viscosity limited to viscosity ratio of 1.000000e+05 in 867 cells 

 Reversed flow on 644 faces of pressure-outlet 7.
   859  2.8400e-01  3.0573e-05  3.6320e-05  3.0997e-05  1.4681e-03  4.4062e-02  1.2474e-03  0:02:06   16

 turbulent viscosity limited to viscosity ratio of 1.000000e+05 in 867 cells 

 Reversed flow on 632 faces of pressure-outlet 7.
   860  2.8359e-01  3.0546e-05  3.6338e-05  3.0954e-05  1.3975e-03  2.4682e-02  1.2502e-03  0:01:56   15

 turbulent viscosity limited to viscosity ratio of 1.000000e+05 in 867 cells 

 Reversed flow on 637 faces of pressure-outlet 7.

  iter  continuity  x-velocity  y-velocity  z-velocity           k     epsilon  vf-phase-2     time/iter
   861  2.8345e-01  3.0516e-05  3.6373e-05  3.0911e-05  1.3613e-03  1.4962e-02  1.2529e-03  0:01:49   14

 turbulent viscosity limited to viscosity ratio of 1.000000e+05 in 867 cells 

 Reversed flow on 643 faces of pressure-outlet 7.
   862  2.8358e-01  3.0505e-05  3.6417e-05  3.0880e-05  1.3435e-03  1.0538e-02  1.2557e-03  0:01:42   13

 turbulent viscosity limited to viscosity ratio of 1.000000e+05 in 867 cells 

 Reversed flow on 645 faces of pressure-outlet 7.
   863  2.8348e-01  3.0486e-05  3.6448e-05  3.0855e-05  1.3372e-03  9.4524e-03  1.2586e-03  0:01:34   12

 turbulent viscosity limited to viscosity ratio of 1.000000e+05 in 867 cells 

 Reversed flow on 636 faces of pressure-outlet 7.
   864  2.8319e-01  3.0460e-05  3.6474e-05  3.0831e-05  1.3324e-03  8.0079e-03  1.2615e-03  0:01:27   11

 turbulent viscosity limited to viscosity ratio of 1.000000e+05 in 867 cells 

 Reversed flow on 644 faces of pressure-outlet 7.
   865  2.8316e-01  3.0442e-05  3.6507e-05  3.0818e-05  1.3258e-03  6.9664e-03  1.2644e-03  0:01:19   10

 turbulent viscosity limited to viscosity ratio of 1.000000e+05 in 867 cells 

 Reversed flow on 634 faces of pressure-outlet 7.
   866  2.8366e-01  3.0442e-05  3.6539e-05  3.0802e-05  1.3233e-03  6.4763e-03  1.2673e-03  0:01:11    9

 turbulent viscosity limited to viscosity ratio of 1.000000e+05 in 867 cells 

 Reversed flow on 643 faces of pressure-outlet 7.
   867  2.8391e-01  3.0435e-05  3.6573e-05  3.0775e-05  1.3181e-03  5.5529e-03  1.2702e-03  0:01:02    8

 turbulent viscosity limited to viscosity ratio of 1.000000e+05 in 867 cells 

 Reversed flow on 638 faces of pressure-outlet 7.
   868  2.8392e-01  3.0422e-05  3.6607e-05  3.0744e-05  1.3155e-03  5.6953e-03  1.2730e-03  0:00:55    7

 turbulent viscosity limited to viscosity ratio of 1.000000e+05 in 868 cells 

 Reversed flow on 642 faces of pressure-outlet 7.
   869  2.8375e-01  3.0418e-05  3.6641e-05  3.0708e-05  1.3127e-03  5.4608e-03  1.2756e-03  0:00:47    6

 turbulent viscosity limited to viscosity ratio of 1.000000e+05 in 867 cells 

 Reversed flow on 638 faces of pressure-outlet 7.
   870  2.8382e-01  3.0418e-05  3.6684e-05  3.0671e-05  1.3118e-03  5.4658e-03  1.2783e-03  0:00:39    5

 turbulent viscosity limited to viscosity ratio of 1.000000e+05 in 866 cells 

 Reversed flow on 640 faces of pressure-outlet 7.
   871  2.8358e-01  3.0416e-05  3.6722e-05  3.0630e-05  1.3134e-03  6.3351e-03  1.2809e-03  0:00:31    4

 turbulent viscosity limited to viscosity ratio of 1.000000e+05 in 866 cells 

 Reversed flow on 647 faces of pressure-outlet 7.

  iter  continuity  x-velocity  y-velocity  z-velocity           k     epsilon  vf-phase-2     time/iter
   872  2.8371e-01  3.0428e-05  3.6763e-05  3.0595e-05  1.3111e-03  5.6977e-03  1.2835e-03  0:00:23    3

 turbulent viscosity limited to viscosity ratio of 1.000000e+05 in 866 cells 

 Reversed flow on 655 faces of pressure-outlet 7.
   873  2.8377e-01  3.0438e-05  3.6813e-05  3.0567e-05  1.3102e-03  5.7931e-03  1.2861e-03  0:00:16    2

 turbulent viscosity limited to viscosity ratio of 1.000000e+05 in 866 cells 

 Reversed flow on 649 faces of pressure-outlet 7.
   874  2.8405e-01  3.0440e-05  3.6872e-05  3.0535e-05  1.3100e-03  5.5175e-03  1.2885e-03  0:00:08    1

 turbulent viscosity limited to viscosity ratio of 1.000000e+05 in 866 cells 
iterate_125: RPC returned
progress: 125/750

 Reversed flow on 642 faces of pressure-outlet 7.
   875  2.8410e-01  3.0466e-05  3.6907e-05  3.0508e-05  1.3104e-03  5.6540e-03  1.2909e-03  0:00:00    0

  iter  continuity  x-velocity  y-velocity  z-velocity           k     epsilon  vf-phase-2     time/iter
   875  2.8410e-01  3.0466e-05  3.6907e-05  3.0508e-05  1.3104e-03  5.6540e-03  1.2909e-03  0:03:17   25

 turbulent viscosity limited to viscosity ratio of 1.000000e+05 in 865 cells 

 Reversed flow on 643 faces of pressure-outlet 7.
   876  2.8455e-01  3.0494e-05  3.6948e-05  3.0472e-05  1.3099e-03  5.1441e-03  1.2934e-03  0:03:10   24

 turbulent viscosity limited to viscosity ratio of 1.000000e+05 in 866 cells 

 Reversed flow on 623 faces of pressure-outlet 7.
   877  2.8463e-01  3.0513e-05  3.6999e-05  3.0426e-05  1.3115e-03  5.6722e-03  1.2957e-03  0:03:02   23

 turbulent viscosity limited to viscosity ratio of 1.000000e+05 in 866 cells 

 Reversed flow on 630 faces of pressure-outlet 7.
   878  2.8466e-01  3.0535e-05  3.7046e-05  3.0394e-05  1.3145e-03  5.3448e-03  1.2981e-03  0:02:55   22

 turbulent viscosity limited to viscosity ratio of 1.000000e+05 in 866 cells 

 Reversed flow on 638 faces of pressure-outlet 7.
   879  2.8486e-01  3.0571e-05  3.7096e-05  3.0368e-05  1.3153e-03  5.1714e-03  1.3003e-03  0:02:47   21

 turbulent viscosity limited to viscosity ratio of 1.000000e+05 in 866 cells 

 Reversed flow on 636 faces of pressure-outlet 7.
   880  2.8509e-01  3.0606e-05  3.7146e-05  3.0339e-05  1.3180e-03  5.0988e-03  1.3025e-03  0:02:39   20

 turbulent viscosity limited to viscosity ratio of 1.000000e+05 in 867 cells 

 Reversed flow on 633 faces of pressure-outlet 7.
   881  2.8557e-01  3.0631e-05  3.7195e-05  3.0309e-05  1.3189e-03  4.9082e-03  1.3046e-03  0:02:31   19

 turbulent viscosity limited to viscosity ratio of 1.000000e+05 in 867 cells 

 Reversed flow on 632 faces of pressure-outlet 7.
   882  2.8603e-01  3.0644e-05  3.7248e-05  3.0278e-05  1.3221e-03  5.1635e-03  1.3066e-03  0:02:20   18

 turbulent viscosity limited to viscosity ratio of 1.000000e+05 in 867 cells 

 Reversed flow on 630 faces of pressure-outlet 7.
   883  2.8630e-01  3.0670e-05  3.7296e-05  3.0259e-05  1.3256e-03  5.2045e-03  1.3085e-03  0:02:13   17

 turbulent viscosity limited to viscosity ratio of 1.000000e+05 in 867 cells 

 Reversed flow on 629 faces of pressure-outlet 7.
   884  2.8636e-01  3.0703e-05  3.7337e-05  3.0245e-05  1.3299e-03  5.2534e-03  1.3105e-03  0:02:06   16

 turbulent viscosity limited to viscosity ratio of 1.000000e+05 in 867 cells 

 Reversed flow on 623 faces of pressure-outlet 7.
   885  2.8664e-01  3.0733e-05  3.7363e-05  3.0224e-05  1.3309e-03  5.0635e-03  1.3122e-03  0:01:58   15

 turbulent viscosity limited to viscosity ratio of 1.000000e+05 in 867 cells 

 Reversed flow on 622 faces of pressure-outlet 7.

  iter  continuity  x-velocity  y-velocity  z-velocity           k     epsilon  vf-phase-2     time/iter
   886  2.8700e-01  3.0755e-05  3.7402e-05  3.0223e-05  1.3358e-03  5.6364e-03  1.3138e-03  0:01:51   14

 turbulent viscosity limited to viscosity ratio of 1.000000e+05 in 867 cells 

 Reversed flow on 617 faces of pressure-outlet 7.
   887  2.8717e-01  3.0782e-05  3.7447e-05  3.0223e-05  1.3395e-03  5.5304e-03  1.3154e-03  0:01:43   13

 turbulent viscosity limited to viscosity ratio of 1.000000e+05 in 866 cells 

 Reversed flow on 630 faces of pressure-outlet 7.
   888  2.8742e-01  3.0810e-05  3.7476e-05  3.0215e-05  1.3409e-03  5.5297e-03  1.3170e-03  0:01:33   12

 turbulent viscosity limited to viscosity ratio of 1.000000e+05 in 866 cells 

 Reversed flow on 634 faces of pressure-outlet 7.
   889  2.8794e-01  3.0827e-05  3.7505e-05  3.0193e-05  1.3437e-03  5.0774e-03  1.3185e-03  0:01:26   11

 turbulent viscosity limited to viscosity ratio of 1.000000e+05 in 865 cells 

 Reversed flow on 641 faces of pressure-outlet 7.
   890  2.8798e-01  3.0849e-05  3.7513e-05  3.0177e-05  1.3476e-03  5.4052e-03  1.3198e-03  0:01:18   10

 turbulent viscosity limited to viscosity ratio of 1.000000e+05 in 865 cells 

 Reversed flow on 637 faces of pressure-outlet 7.
   891  2.8804e-01  3.0867e-05  3.7527e-05  3.0167e-05  1.3489e-03  5.0198e-03  1.3211e-03  0:01:11    9

 turbulent viscosity limited to viscosity ratio of 1.000000e+05 in 864 cells 

 Reversed flow on 633 faces of pressure-outlet 7.
   892  2.8778e-01  3.0869e-05  3.7533e-05  3.0161e-05  1.3525e-03  5.1290e-03  1.3223e-03  0:01:03    8

 turbulent viscosity limited to viscosity ratio of 1.000000e+05 in 864 cells 

 Reversed flow on 625 faces of pressure-outlet 7.
   893  2.8781e-01  3.0865e-05  3.7542e-05  3.0161e-05  1.3542e-03  4.8284e-03  1.3234e-03  0:00:54    7

 turbulent viscosity limited to viscosity ratio of 1.000000e+05 in 864 cells 

 Reversed flow on 629 faces of pressure-outlet 7.
   894  2.8816e-01  3.0866e-05  3.7554e-05  3.0150e-05  1.3562e-03  5.2010e-03  1.3246e-03  0:00:47    6

 turbulent viscosity limited to viscosity ratio of 1.000000e+05 in 864 cells 

 Reversed flow on 620 faces of pressure-outlet 7.
   895  2.8831e-01  3.0866e-05  3.7554e-05  3.0144e-05  1.3591e-03  5.3381e-03  1.3257e-03  0:00:39    5

 turbulent viscosity limited to viscosity ratio of 1.000000e+05 in 863 cells 

 Reversed flow on 638 faces of pressure-outlet 7.
   896  2.8838e-01  3.0876e-05  3.7558e-05  3.0151e-05  1.3608e-03  5.2486e-03  1.3268e-03  0:00:31    4

 turbulent viscosity limited to viscosity ratio of 1.000000e+05 in 863 cells 

 Reversed flow on 632 faces of pressure-outlet 7.

  iter  continuity  x-velocity  y-velocity  z-velocity           k     epsilon  vf-phase-2     time/iter
   897  2.8861e-01  3.0862e-05  3.7544e-05  3.0150e-05  1.3642e-03  6.5327e-03  1.3276e-03  0:00:24    3

 turbulent viscosity limited to viscosity ratio of 1.000000e+05 in 863 cells 

 Reversed flow on 623 faces of pressure-outlet 7.
   898  2.8850e-01  3.0857e-05  3.7533e-05  3.0155e-05  1.3652e-03  5.8808e-03  1.3284e-03  0:00:15    2

 turbulent viscosity limited to viscosity ratio of 1.000000e+05 in 863 cells 

 Reversed flow on 621 faces of pressure-outlet 7.
   899  2.8880e-01  3.0853e-05  3.7515e-05  3.0152e-05  1.3660e-03  5.6449e-03  1.3292e-03  0:00:08    1

 turbulent viscosity limited to viscosity ratio of 1.000000e+05 in 862 cells 

 Reversed flow on 607 faces of pressure-outlet 7.
   900  2.8856e-01  3.0831e-05  3.7500e-05  3.0148e-05  1.3661e-03  5.4518e-03  1.3298e-03  0:00:00    0
iterate_150: RPC returned
progress: 150/750

  iter  continuity  x-velocity  y-velocity  z-velocity           k     epsilon  vf-phase-2     time/iter
   900  2.8856e-01  3.0831e-05  3.7500e-05  3.0148e-05  1.3661e-03  5.4518e-03  1.3298e-03  0:03:15   25

 turbulent viscosity limited to viscosity ratio of 1.000000e+05 in 863 cells 

 Reversed flow on 605 faces of pressure-outlet 7.
   901  2.8855e-01  3.0820e-05  3.7476e-05  3.0160e-05  1.3670e-03  5.5162e-03  1.3305e-03  0:03:13   24

 turbulent viscosity limited to viscosity ratio of 1.000000e+05 in 862 cells 

 Reversed flow on 614 faces of pressure-outlet 7.
   902  2.8843e-01  3.0809e-05  3.7453e-05  3.0176e-05  1.3668e-03  5.1489e-03  1.3311e-03  0:03:05   23

 turbulent viscosity limited to viscosity ratio of 1.000000e+05 in 861 cells 

 Reversed flow on 608 faces of pressure-outlet 7.
   903  2.8869e-01  3.0791e-05  3.7422e-05  3.0185e-05  1.3688e-03  5.7996e-03  1.3315e-03  0:02:52   22

 turbulent viscosity limited to viscosity ratio of 1.000000e+05 in 861 cells 

 Reversed flow on 607 faces of pressure-outlet 7.
   904  2.8855e-01  3.0773e-05  3.7397e-05  3.0200e-05  1.3701e-03  5.6366e-03  1.3322e-03  0:02:45   21

 turbulent viscosity limited to viscosity ratio of 1.000000e+05 in 861 cells 

 Reversed flow on 614 faces of pressure-outlet 7.
   905  2.8855e-01  3.0735e-05  3.7367e-05  3.0231e-05  1.3691e-03  5.2160e-03  1.3330e-03  0:02:38   20

 turbulent viscosity limited to viscosity ratio of 1.000000e+05 in 861 cells 

 Reversed flow on 620 faces of pressure-outlet 7.
   906  2.8850e-01  3.0687e-05  3.7328e-05  3.0242e-05  1.3694e-03  5.0662e-03  1.3336e-03  0:02:30   19

 turbulent viscosity limited to viscosity ratio of 1.000000e+05 in 861 cells 

 Reversed flow on 604 faces of pressure-outlet 7.
   907  2.8819e-01  3.0648e-05  3.7290e-05  3.0262e-05  1.3708e-03  5.2306e-03  1.3342e-03  0:02:23   18

 turbulent viscosity limited to viscosity ratio of 1.000000e+05 in 861 cells 

 Reversed flow on 598 faces of pressure-outlet 7.
   908  2.8781e-01  3.0608e-05  3.7253e-05  3.0272e-05  1.3725e-03  5.2042e-03  1.3346e-03  0:02:15   17

 turbulent viscosity limited to viscosity ratio of 1.000000e+05 in 861 cells 

 Reversed flow on 592 faces of pressure-outlet 7.
   909  2.8752e-01  3.0582e-05  3.7207e-05  3.0279e-05  1.3731e-03  4.9464e-03  1.3348e-03  0:02:07   16

 turbulent viscosity limited to viscosity ratio of 1.000000e+05 in 861 cells 

 Reversed flow on 593 faces of pressure-outlet 7.
   910  2.8767e-01  3.0555e-05  3.7169e-05  3.0286e-05  1.3746e-03  5.2071e-03  1.3349e-03  0:01:56   15

 turbulent viscosity limited to viscosity ratio of 1.000000e+05 in 861 cells 

 Reversed flow on 597 faces of pressure-outlet 7.

  iter  continuity  x-velocity  y-velocity  z-velocity           k     epsilon  vf-phase-2     time/iter
   911  2.8756e-01  3.0538e-05  3.7120e-05  3.0301e-05  1.3776e-03  5.4123e-03  1.3352e-03  0:01:49   14

 turbulent viscosity limited to viscosity ratio of 1.000000e+05 in 861 cells 

 Reversed flow on 593 faces of pressure-outlet 7.
   912  2.8751e-01  3.0523e-05  3.7084e-05  3.0328e-05  1.3798e-03  5.7942e-03  1.3353e-03  0:01:42   13

 turbulent viscosity limited to viscosity ratio of 1.000000e+05 in 862 cells 

 Reversed flow on 593 faces of pressure-outlet 7.
   913  2.8725e-01  3.0502e-05  3.7063e-05  3.0356e-05  1.3806e-03  5.7591e-03  1.3357e-03  0:01:35   12

 turbulent viscosity limited to viscosity ratio of 1.000000e+05 in 862 cells 

 Reversed flow on 591 faces of pressure-outlet 7.
   914  2.8688e-01  3.0479e-05  3.7019e-05  3.0365e-05  1.3838e-03  6.1458e-03  1.3362e-03  0:01:27   11

 turbulent viscosity limited to viscosity ratio of 1.000000e+05 in 862 cells 

 Reversed flow on 597 faces of pressure-outlet 7.
   915  2.8670e-01  3.0450e-05  3.6971e-05  3.0375e-05  1.3838e-03  5.9870e-03  1.3364e-03  0:01:17   10

 turbulent viscosity limited to viscosity ratio of 1.000000e+05 in 861 cells 

 Reversed flow on 583 faces of pressure-outlet 7.
   916  2.8678e-01  3.0429e-05  3.6937e-05  3.0389e-05  1.3860e-03  6.0909e-03  1.3365e-03  0:01:10    9

 turbulent viscosity limited to viscosity ratio of 1.000000e+05 in 860 cells 

 Reversed flow on 577 faces of pressure-outlet 7.
   917  2.8672e-01  3.0404e-05  3.6908e-05  3.0403e-05  1.3872e-03  6.0222e-03  1.3366e-03  0:01:03    8

 turbulent viscosity limited to viscosity ratio of 1.000000e+05 in 860 cells 

 Reversed flow on 588 faces of pressure-outlet 7.
   918  2.8656e-01  3.0386e-05  3.6871e-05  3.0411e-05  1.3893e-03  5.8835e-03  1.3366e-03  0:00:55    7

 turbulent viscosity limited to viscosity ratio of 1.000000e+05 in 860 cells 

 Reversed flow on 590 faces of pressure-outlet 7.
   919  2.8648e-01  3.0375e-05  3.6815e-05  3.0418e-05  1.3914e-03  5.8348e-03  1.3367e-03  0:00:47    6

 turbulent viscosity limited to viscosity ratio of 1.000000e+05 in 860 cells 

 Reversed flow on 585 faces of pressure-outlet 7.
   920  2.8660e-01  3.0368e-05  3.6766e-05  3.0422e-05  1.3916e-03  5.3883e-03  1.3367e-03  0:00:39    5

 turbulent viscosity limited to viscosity ratio of 1.000000e+05 in 859 cells 

 Reversed flow on 577 faces of pressure-outlet 7.
   921  2.8629e-01  3.0351e-05  3.6722e-05  3.0425e-05  1.3944e-03  6.0283e-03  1.3369e-03  0:00:31    4

 turbulent viscosity limited to viscosity ratio of 1.000000e+05 in 858 cells 

 Reversed flow on 577 faces of pressure-outlet 7.

  iter  continuity  x-velocity  y-velocity  z-velocity           k     epsilon  vf-phase-2     time/iter
   922  2.8609e-01  3.0335e-05  3.6700e-05  3.0432e-05  1.3956e-03  5.7581e-03  1.3369e-03  0:00:23    3

 turbulent viscosity limited to viscosity ratio of 1.000000e+05 in 858 cells 

 Reversed flow on 568 faces of pressure-outlet 7.
   923  2.8576e-01  3.0330e-05  3.6674e-05  3.0431e-05  1.3960e-03  5.6738e-03  1.3367e-03  0:00:16    2

 turbulent viscosity limited to viscosity ratio of 1.000000e+05 in 858 cells 

 Reversed flow on 578 faces of pressure-outlet 7.
   924  2.8544e-01  3.0331e-05  3.6638e-05  3.0424e-05  1.3979e-03  5.5723e-03  1.3364e-03  0:00:08    1

 turbulent viscosity limited to viscosity ratio of 1.000000e+05 in 858 cells 

 Reversed flow on 573 faces of pressure-outlet 7.
   925  2.8485e-01  3.0330e-05  3.6599e-05  3.0417e-05  1.3961e-03  4.8786e-03  1.3362e-03  0:00:00    0
iterate_175: RPC returned
progress: 175/750

  iter  continuity  x-velocity  y-velocity  z-velocity           k     epsilon  vf-phase-2     time/iter
   925  2.8485e-01  3.0330e-05  3.6599e-05  3.0417e-05  1.3961e-03  4.8786e-03  1.3362e-03  0:03:18   25

 turbulent viscosity limited to viscosity ratio of 1.000000e+05 in 858 cells 

 Reversed flow on 576 faces of pressure-outlet 7.
   926  2.8471e-01  3.0323e-05  3.6550e-05  3.0412e-05  1.3981e-03  5.4437e-03  1.3359e-03  0:03:10   24

 turbulent viscosity limited to viscosity ratio of 1.000000e+05 in 858 cells 

 Reversed flow on 577 faces of pressure-outlet 7.
   927  2.8455e-01  3.0312e-05  3.6528e-05  3.0406e-05  1.4016e-03  5.7530e-03  1.3357e-03  0:03:03   23

 turbulent viscosity limited to viscosity ratio of 1.000000e+05 in 858 cells 

 Reversed flow on 567 faces of pressure-outlet 7.
   928  2.8430e-01  3.0315e-05  3.6490e-05  3.0389e-05  1.4032e-03  6.0544e-03  1.3355e-03  0:02:55   22

 turbulent viscosity limited to viscosity ratio of 1.000000e+05 in 860 cells 

 Reversed flow on 567 faces of pressure-outlet 7.
   929  2.8412e-01  3.0322e-05  3.6454e-05  3.0363e-05  1.4036e-03  5.8587e-03  1.3355e-03  0:02:47   21

 turbulent viscosity limited to viscosity ratio of 1.000000e+05 in 860 cells 

 Reversed flow on 566 faces of pressure-outlet 7.
   930  2.8422e-01  3.0328e-05  3.6422e-05  3.0339e-05  1.4054e-03  6.1505e-03  1.3355e-03  0:02:39   20

 turbulent viscosity limited to viscosity ratio of 1.000000e+05 in 860 cells 

 Reversed flow on 569 faces of pressure-outlet 7.
   931  2.8413e-01  3.0333e-05  3.6403e-05  3.0326e-05  1.4061e-03  6.6238e-03  1.3358e-03  0:02:32   19

 turbulent viscosity limited to viscosity ratio of 1.000000e+05 in 859 cells 

 Reversed flow on 582 faces of pressure-outlet 7.
   932  2.8429e-01  3.0359e-05  3.6381e-05  3.0308e-05  1.4053e-03  6.2052e-03  1.3360e-03  0:02:20   18

 turbulent viscosity limited to viscosity ratio of 1.000000e+05 in 859 cells 

 Reversed flow on 564 faces of pressure-outlet 7.
   933  2.8409e-01  3.0371e-05  3.6347e-05  3.0279e-05  1.4083e-03  6.6222e-03  1.3359e-03  0:02:13   17

 turbulent viscosity limited to viscosity ratio of 1.000000e+05 in 858 cells 

 Reversed flow on 571 faces of pressure-outlet 7.
   934  2.8363e-01  3.0393e-05  3.6315e-05  3.0257e-05  1.4088e-03  6.9967e-03  1.3360e-03  0:02:06   16

 turbulent viscosity limited to viscosity ratio of 1.000000e+05 in 858 cells 

 Reversed flow on 568 faces of pressure-outlet 7.
   935  2.8327e-01  3.0408e-05  3.6284e-05  3.0209e-05  1.4057e-03  6.0006e-03  1.3363e-03  0:01:58   15

 turbulent viscosity limited to viscosity ratio of 1.000000e+05 in 857 cells 

 Reversed flow on 565 faces of pressure-outlet 7.

  iter  continuity  x-velocity  y-velocity  z-velocity           k     epsilon  vf-phase-2     time/iter
   936  2.8300e-01  3.0430e-05  3.6249e-05  3.0167e-05  1.4061e-03  6.3609e-03  1.3365e-03  0:01:51   14

 turbulent viscosity limited to viscosity ratio of 1.000000e+05 in 856 cells 

 Reversed flow on 564 faces of pressure-outlet 7.
   937  2.8292e-01  3.0465e-05  3.6220e-05  3.0142e-05  1.4069e-03  6.1718e-03  1.3366e-03  0:01:43   13

 turbulent viscosity limited to viscosity ratio of 1.000000e+05 in 855 cells 

 Reversed flow on 565 faces of pressure-outlet 7.
   938  2.8268e-01  3.0498e-05  3.6188e-05  3.0108e-05  1.4056e-03  5.7788e-03  1.3367e-03  0:01:35   12

 turbulent viscosity limited to viscosity ratio of 1.000000e+05 in 855 cells 

 Reversed flow on 567 faces of pressure-outlet 7.
   939  2.8243e-01  3.0536e-05  3.6140e-05  3.0068e-05  1.4064e-03  6.2542e-03  1.3367e-03  0:01:27   11

 turbulent viscosity limited to viscosity ratio of 1.000000e+05 in 855 cells 

 Reversed flow on 576 faces of pressure-outlet 7.
   940  2.8216e-01  3.0581e-05  3.6090e-05  3.0033e-05  1.4066e-03  6.2150e-03  1.3370e-03  0:01:18   10

 turbulent viscosity limited to viscosity ratio of 1.000000e+05 in 855 cells 

 Reversed flow on 564 faces of pressure-outlet 7.
   941  2.8204e-01  3.0629e-05  3.6039e-05  2.9991e-05  1.4045e-03  6.6427e-03  1.3374e-03  0:01:10    9

 turbulent viscosity limited to viscosity ratio of 1.000000e+05 in 855 cells 

 Reversed flow on 569 faces of pressure-outlet 7.
   942  2.8188e-01  3.0674e-05  3.5993e-05  2.9963e-05  1.4053e-03  6.8657e-03  1.3379e-03  0:01:03    8

 turbulent viscosity limited to viscosity ratio of 1.000000e+05 in 854 cells 

 Reversed flow on 566 faces of pressure-outlet 7.
   943  2.8188e-01  3.0722e-05  3.5955e-05  2.9931e-05  1.4029e-03  6.1673e-03  1.3383e-03  0:00:55    7

 turbulent viscosity limited to viscosity ratio of 1.000000e+05 in 854 cells 

 Reversed flow on 577 faces of pressure-outlet 7.
   944  2.8160e-01  3.0785e-05  3.5900e-05  2.9871e-05  1.4021e-03  6.0116e-03  1.3386e-03  0:00:47    6

 turbulent viscosity limited to viscosity ratio of 1.000000e+05 in 854 cells 

 Reversed flow on 570 faces of pressure-outlet 7.
   945  2.8118e-01  3.0842e-05  3.5835e-05  2.9812e-05  1.4013e-03  6.2364e-03  1.3388e-03  0:00:40    5

 turbulent viscosity limited to viscosity ratio of 1.000000e+05 in 854 cells 

 Reversed flow on 566 faces of pressure-outlet 7.
   946  2.8080e-01  3.0903e-05  3.5769e-05  2.9766e-05  1.3990e-03  6.1232e-03  1.3388e-03  0:00:31    4

 turbulent viscosity limited to viscosity ratio of 1.000000e+05 in 854 cells 

 Reversed flow on 561 faces of pressure-outlet 7.

  iter  continuity  x-velocity  y-velocity  z-velocity           k     epsilon  vf-phase-2     time/iter
   947  2.8072e-01  3.0959e-05  3.5700e-05  2.9709e-05  1.3996e-03  6.5260e-03  1.3389e-03  0:00:23    3

 turbulent viscosity limited to viscosity ratio of 1.000000e+05 in 854 cells 

 Reversed flow on 576 faces of pressure-outlet 7.
   948  2.8043e-01  3.1002e-05  3.5649e-05  2.9665e-05  1.3974e-03  6.2584e-03  1.3390e-03  0:00:16    2

 turbulent viscosity limited to viscosity ratio of 1.000000e+05 in 854 cells 

 Reversed flow on 582 faces of pressure-outlet 7.
   949  2.8050e-01  3.1050e-05  3.5589e-05  2.9630e-05  1.3964e-03  6.1644e-03  1.3391e-03  0:00:08    1

iterate_200: RPC returned
progress: 200/750
 turbulent viscosity limited to viscosity ratio of 1.000000e+05 in 853 cells 

 Reversed flow on 584 faces of pressure-outlet 7.
   950  2.8025e-01  3.1102e-05  3.5519e-05  2.9589e-05  1.3960e-03  6.4559e-03  1.3393e-03  0:00:00    0

  iter  continuity  x-velocity  y-velocity  z-velocity           k     epsilon  vf-phase-2     time/iter
   950  2.8025e-01  3.1102e-05  3.5519e-05  2.9589e-05  1.3960e-03  6.4559e-03  1.3393e-03  0:03:17   25

 turbulent viscosity limited to viscosity ratio of 1.000000e+05 in 854 cells 

 Reversed flow on 575 faces of pressure-outlet 7.
   951  2.7993e-01  3.1166e-05  3.5438e-05  2.9545e-05  1.3950e-03  6.6003e-03  1.3394e-03  0:03:10   24

 turbulent viscosity limited to viscosity ratio of 1.000000e+05 in 854 cells 

 Reversed flow on 579 faces of pressure-outlet 7.
   952  2.7982e-01  3.1229e-05  3.5362e-05  2.9492e-05  1.3923e-03  6.5330e-03  1.3394e-03  0:03:02   23

 turbulent viscosity limited to viscosity ratio of 1.000000e+05 in 855 cells 

 Reversed flow on 575 faces of pressure-outlet 7.
   953  2.7937e-01  3.1284e-05  3.5274e-05  2.9438e-05  1.3893e-03  6.5378e-03  1.3392e-03  0:02:55   22

 turbulent viscosity limited to viscosity ratio of 1.000000e+05 in 855 cells 

 Reversed flow on 577 faces of pressure-outlet 7.
   954  2.7882e-01  3.1331e-05  3.5187e-05  2.9400e-05  1.3871e-03  5.9992e-03  1.3389e-03  0:02:47   21

 turbulent viscosity limited to viscosity ratio of 1.000000e+05 in 855 cells 

 Reversed flow on 572 faces of pressure-outlet 7.
   955  2.7818e-01  3.1374e-05  3.5101e-05  2.9351e-05  1.3859e-03  6.4185e-03  1.3388e-03  0:02:39   20

 turbulent viscosity limited to viscosity ratio of 1.000000e+05 in 855 cells 

 Reversed flow on 567 faces of pressure-outlet 7.
   956  2.7792e-01  3.1407e-05  3.5024e-05  2.9324e-05  1.3838e-03  6.0134e-03  1.3385e-03  0:02:31   19

 turbulent viscosity limited to viscosity ratio of 1.000000e+05 in 855 cells 

 Reversed flow on 582 faces of pressure-outlet 7.
   957  2.7782e-01  3.1449e-05  3.4950e-05  2.9295e-05  1.3824e-03  6.8180e-03  1.3382e-03  0:02:20   18

 turbulent viscosity limited to viscosity ratio of 1.000000e+05 in 855 cells 

 Reversed flow on 586 faces of pressure-outlet 7.
   958  2.7756e-01  3.1475e-05  3.4865e-05  2.9274e-05  1.3815e-03  7.3784e-03  1.3378e-03  0:02:13   17

 turbulent viscosity limited to viscosity ratio of 1.000000e+05 in 854 cells 

 Reversed flow on 586 faces of pressure-outlet 7.
   959  2.7718e-01  3.1496e-05  3.4799e-05  2.9254e-05  1.3772e-03  6.8602e-03  1.3374e-03  0:02:06   16

 turbulent viscosity limited to viscosity ratio of 1.000000e+05 in 854 cells 

 Reversed flow on 592 faces of pressure-outlet 7.
   960  2.7648e-01  3.1514e-05  3.4717e-05  2.9233e-05  1.3740e-03  6.7834e-03  1.3368e-03  0:01:58   15

 turbulent viscosity limited to viscosity ratio of 1.000000e+05 in 853 cells 

 Reversed flow on 595 faces of pressure-outlet 7.

  iter  continuity  x-velocity  y-velocity  z-velocity           k     epsilon  vf-phase-2     time/iter
   961  2.7598e-01  3.1534e-05  3.4637e-05  2.9216e-05  1.3698e-03  6.3379e-03  1.3363e-03  0:01:51   14

 turbulent viscosity limited to viscosity ratio of 1.000000e+05 in 853 cells 

 Reversed flow on 584 faces of pressure-outlet 7.
   962  2.7550e-01  3.1543e-05  3.4554e-05  2.9227e-05  1.3682e-03  6.7018e-03  1.3357e-03  0:01:40   13

 turbulent viscosity limited to viscosity ratio of 1.000000e+05 in 853 cells 

 Reversed flow on 596 faces of pressure-outlet 7.
   963  2.7522e-01  3.1543e-05  3.4473e-05  2.9221e-05  1.3657e-03  7.6740e-03  1.3350e-03  0:01:33   12

 turbulent viscosity limited to viscosity ratio of 1.000000e+05 in 853 cells 

 Reversed flow on 594 faces of pressure-outlet 7.
   964  2.7471e-01  3.1538e-05  3.4400e-05  2.9219e-05  1.3613e-03  6.5785e-03  1.3342e-03  0:01:26   11

 turbulent viscosity limited to viscosity ratio of 1.000000e+05 in 853 cells 

 Reversed flow on 587 faces of pressure-outlet 7.
   965  2.7415e-01  3.1527e-05  3.4331e-05  2.9240e-05  1.3580e-03  6.9991e-03  1.3334e-03  0:01:19   10

 turbulent viscosity limited to viscosity ratio of 1.000000e+05 in 853 cells 

 Reversed flow on 604 faces of pressure-outlet 7.
   966  2.7368e-01  3.1518e-05  3.4269e-05  2.9262e-05  1.3550e-03  6.4657e-03  1.3326e-03  0:01:11    9

 turbulent viscosity limited to viscosity ratio of 1.000000e+05 in 853 cells 

 Reversed flow on 613 faces of pressure-outlet 7.
   967  2.7306e-01  3.1515e-05  3.4204e-05  2.9285e-05  1.3502e-03  6.5401e-03  1.3317e-03  0:01:03    8

 turbulent viscosity limited to viscosity ratio of 1.000000e+05 in 853 cells 

 Reversed flow on 607 faces of pressure-outlet 7.
   968  2.7249e-01  3.1492e-05  3.4146e-05  2.9314e-05  1.3470e-03  6.4744e-03  1.3306e-03  0:00:55    7

 turbulent viscosity limited to viscosity ratio of 1.000000e+05 in 853 cells 

 Reversed flow on 621 faces of pressure-outlet 7.
   969  2.7194e-01  3.1462e-05  3.4090e-05  2.9343e-05  1.3457e-03  6.9480e-03  1.3294e-03  0:00:46    6

 turbulent viscosity limited to viscosity ratio of 1.000000e+05 in 851 cells 

 Reversed flow on 623 faces of pressure-outlet 7.
   970  2.7139e-01  3.1442e-05  3.4031e-05  2.9384e-05  1.3427e-03  6.9819e-03  1.3280e-03  0:00:39    5

 turbulent viscosity limited to viscosity ratio of 1.000000e+05 in 851 cells 

 Reversed flow on 620 faces of pressure-outlet 7.
   971  2.7082e-01  3.1409e-05  3.3972e-05  2.9417e-05  1.3404e-03  7.2986e-03  1.3267e-03  0:00:31    4

 turbulent viscosity limited to viscosity ratio of 1.000000e+05 in 850 cells 

 Reversed flow on 622 faces of pressure-outlet 7.

  iter  continuity  x-velocity  y-velocity  z-velocity           k     epsilon  vf-phase-2     time/iter
   972  2.7032e-01  3.1369e-05  3.3939e-05  2.9456e-05  1.3361e-03  6.5311e-03  1.3253e-03  0:00:24    3

 turbulent viscosity limited to viscosity ratio of 1.000000e+05 in 849 cells 

 Reversed flow on 623 faces of pressure-outlet 7.
   973  2.6995e-01  3.1336e-05  3.3914e-05  2.9497e-05  1.3330e-03  6.9285e-03  1.3239e-03  0:00:16    2

 turbulent viscosity limited to viscosity ratio of 1.000000e+05 in 849 cells 

 Reversed flow on 639 faces of pressure-outlet 7.
   974  2.6961e-01  3.1302e-05  3.3880e-05  2.9551e-05  1.3282e-03  7.3029e-03  1.3225e-03  0:00:08    1

 turbulent viscosity limited to viscosity ratio of 1.000000e+05 in 849 cells 

 Reversed flow on 647 faces of pressure-outlet 7.
   975  2.6911e-01  3.1261e-05  3.3835e-05  2.9595e-05  1.3265e-03  7.2202e-03  1.3212e-03  0:00:00    0
iterate_225: RPC returned
progress: 225/750

  iter  continuity  x-velocity  y-velocity  z-velocity           k     epsilon  vf-phase-2     time/iter
   975  2.6911e-01  3.1261e-05  3.3835e-05  2.9595e-05  1.3265e-03  7.2202e-03  1.3212e-03  0:03:14   25

 turbulent viscosity limited to viscosity ratio of 1.000000e+05 in 849 cells 

 Reversed flow on 641 faces of pressure-outlet 7.
   976  2.6899e-01  3.1225e-05  3.3807e-05  2.9637e-05  1.3207e-03  6.9631e-03  1.3199e-03  0:03:12   24

 turbulent viscosity limited to viscosity ratio of 1.000000e+05 in 848 cells 

 Reversed flow on 641 faces of pressure-outlet 7.
   977  2.6876e-01  3.1195e-05  3.3784e-05  2.9681e-05  1.3186e-03  7.2406e-03  1.3184e-03  0:03:04   23

 turbulent viscosity limited to viscosity ratio of 1.000000e+05 in 848 cells 

 Reversed flow on 656 faces of pressure-outlet 7.
   978  2.6853e-01  3.1145e-05  3.3770e-05  2.9728e-05  1.3168e-03  7.0233e-03  1.3170e-03  0:02:56   22

 turbulent viscosity limited to viscosity ratio of 1.000000e+05 in 848 cells 

 Reversed flow on 654 faces of pressure-outlet 7.
   979  2.6825e-01  3.1108e-05  3.3757e-05  2.9775e-05  1.3127e-03  7.0650e-03  1.3156e-03  0:02:44   21

 turbulent viscosity limited to viscosity ratio of 1.000000e+05 in 847 cells 

 Reversed flow on 650 faces of pressure-outlet 7.
   980  2.6790e-01  3.1064e-05  3.3744e-05  2.9822e-05  1.3099e-03  7.1608e-03  1.3141e-03  0:02:37   20

 turbulent viscosity limited to viscosity ratio of 1.000000e+05 in 847 cells 

 Reversed flow on 669 faces of pressure-outlet 7.
   981  2.6779e-01  3.1017e-05  3.3727e-05  2.9862e-05  1.3059e-03  6.9946e-03  1.3126e-03  0:02:30   19

 turbulent viscosity limited to viscosity ratio of 1.000000e+05 in 847 cells 

 Reversed flow on 671 faces of pressure-outlet 7.
   982  2.6764e-01  3.0978e-05  3.3709e-05  2.9899e-05  1.3042e-03  6.8004e-03  1.3112e-03  0:02:22   18

 turbulent viscosity limited to viscosity ratio of 1.000000e+05 in 848 cells 

 Reversed flow on 655 faces of pressure-outlet 7.
   983  2.6768e-01  3.0942e-05  3.3692e-05  2.9939e-05  1.3011e-03  7.2298e-03  1.3097e-03  0:02:15   17

 turbulent viscosity limited to viscosity ratio of 1.000000e+05 in 848 cells 

 Reversed flow on 660 faces of pressure-outlet 7.
   984  2.6741e-01  3.0895e-05  3.3679e-05  2.9980e-05  1.2970e-03  6.7546e-03  1.3082e-03  0:02:07   16

 turbulent viscosity limited to viscosity ratio of 1.000000e+05 in 848 cells 

 Reversed flow on 666 faces of pressure-outlet 7.
   985  2.6710e-01  3.0848e-05  3.3671e-05  3.0017e-05  1.2953e-03  7.0358e-03  1.3068e-03  0:01:59   15

 turbulent viscosity limited to viscosity ratio of 1.000000e+05 in 848 cells 

 Reversed flow on 666 faces of pressure-outlet 7.

  iter  continuity  x-velocity  y-velocity  z-velocity           k     epsilon  vf-phase-2     time/iter
   986  2.6685e-01  3.0801e-05  3.3663e-05  3.0062e-05  1.2894e-03  6.9187e-03  1.3055e-03  0:01:49   14

 turbulent viscosity limited to viscosity ratio of 1.000000e+05 in 848 cells 

 Reversed flow on 664 faces of pressure-outlet 7.
   987  2.6651e-01  3.0740e-05  3.3640e-05  3.0087e-05  1.2850e-03  6.5799e-03  1.3040e-03  0:01:42   13

 turbulent viscosity limited to viscosity ratio of 1.000000e+05 in 849 cells 

 Reversed flow on 663 faces of pressure-outlet 7.
   988  2.6649e-01  3.0709e-05  3.3625e-05  3.0128e-05  1.2831e-03  7.1110e-03  1.3025e-03  0:01:34   12

 turbulent viscosity limited to viscosity ratio of 1.000000e+05 in 850 cells 

 Reversed flow on 673 faces of pressure-outlet 7.
   989  2.6646e-01  3.0662e-05  3.3607e-05  3.0180e-05  1.2840e-03  7.7513e-03  1.3011e-03  0:01:27   11

 turbulent viscosity limited to viscosity ratio of 1.000000e+05 in 850 cells 

 Reversed flow on 676 faces of pressure-outlet 7.
   990  2.6650e-01  3.0617e-05  3.3583e-05  3.0218e-05  1.2773e-03  6.8976e-03  1.2997e-03  0:01:19   10

 turbulent viscosity limited to viscosity ratio of 1.000000e+05 in 849 cells 

 Reversed flow on 673 faces of pressure-outlet 7.
   991  2.6658e-01  3.0577e-05  3.3561e-05  3.0264e-05  1.2752e-03  7.2822e-03  1.2982e-03  0:01:11    9

 turbulent viscosity limited to viscosity ratio of 1.000000e+05 in 848 cells 

 Reversed flow on 682 faces of pressure-outlet 7.
   992  2.6677e-01  3.0547e-05  3.3544e-05  3.0304e-05  1.2704e-03  6.5877e-03  1.2968e-03  0:01:03    8

 turbulent viscosity limited to viscosity ratio of 1.000000e+05 in 848 cells 

 Reversed flow on 684 faces of pressure-outlet 7.
   993  2.6679e-01  3.0513e-05  3.3530e-05  3.0346e-05  1.2669e-03  6.6078e-03  1.2953e-03  0:00:54    7

 turbulent viscosity limited to viscosity ratio of 1.000000e+05 in 849 cells 

 Reversed flow on 684 faces of pressure-outlet 7.
   994  2.6675e-01  3.0483e-05  3.3502e-05  3.0387e-05  1.2660e-03  7.3640e-03  1.2938e-03  0:00:47    6

 turbulent viscosity limited to viscosity ratio of 1.000000e+05 in 849 cells 

 Reversed flow on 689 faces of pressure-outlet 7.
   995  2.6694e-01  3.0449e-05  3.3477e-05  3.0427e-05  1.2621e-03  7.0226e-03  1.2923e-03  0:00:39    5

 turbulent viscosity limited to viscosity ratio of 1.000000e+05 in 849 cells 

 Reversed flow on 689 faces of pressure-outlet 7.
   996  2.6717e-01  3.0420e-05  3.3451e-05  3.0466e-05  1.2613e-03  7.4405e-03  1.2909e-03  0:00:31    4

 turbulent viscosity limited to viscosity ratio of 1.000000e+05 in 849 cells 

 Reversed flow on 692 faces of pressure-outlet 7.

  iter  continuity  x-velocity  y-velocity  z-velocity           k     epsilon  vf-phase-2     time/iter
   997  2.6707e-01  3.0395e-05  3.3424e-05  3.0505e-05  1.2557e-03  6.6237e-03  1.2895e-03  0:00:24    3

 turbulent viscosity limited to viscosity ratio of 1.000000e+05 in 848 cells 

 Reversed flow on 699 faces of pressure-outlet 7.
   998  2.6729e-01  3.0370e-05  3.3398e-05  3.0539e-05  1.2528e-03  6.8501e-03  1.2880e-03  0:00:15    2

 turbulent viscosity limited to viscosity ratio of 1.000000e+05 in 847 cells 

 Reversed flow on 707 faces of pressure-outlet 7.
   999  2.6706e-01  3.0338e-05  3.3373e-05  3.0564e-05  1.2514e-03  7.5034e-03  1.2865e-03  0:00:08    1

 turbulent viscosity limited to viscosity ratio of 1.000000e+05 in 847 cells 

 Reversed flow on 694 faces of pressure-outlet 7.
  1000  2.6699e-01  3.0312e-05  3.3349e-05  3.0588e-05  1.2509e-03  7.8120e-03  1.2850e-03  0:00:00    0
iterate_250: RPC returned
progress: 250/750

  iter  continuity  x-velocity  y-velocity  z-velocity           k     epsilon  vf-phase-2     time/iter
  1000  2.6699e-01  3.0312e-05  3.3349e-05  3.0588e-05  1.2509e-03  7.8120e-03  1.2850e-03  0:03:15   25

 turbulent viscosity limited to viscosity ratio of 1.000000e+05 in 847 cells 

 Reversed flow on 686 faces of pressure-outlet 7.
  1001  2.6717e-01  3.0290e-05  3.3326e-05  3.0611e-05  1.2465e-03  6.7373e-03  1.2835e-03  0:03:13   24

 turbulent viscosity limited to viscosity ratio of 1.000000e+05 in 847 cells 

 Reversed flow on 699 faces of pressure-outlet 7.
  1002  2.6745e-01  3.0276e-05  3.3304e-05  3.0633e-05  1.2428e-03  6.8572e-03  1.2819e-03  0:03:05   23

 turbulent viscosity limited to viscosity ratio of 1.000000e+05 in 847 cells 

 Reversed flow on 703 faces of pressure-outlet 7.
  1003  2.6765e-01  3.0265e-05  3.3282e-05  3.0652e-05  1.2399e-03  6.3787e-03  1.2803e-03  0:02:52   22

 turbulent viscosity limited to viscosity ratio of 1.000000e+05 in 847 cells 

 Reversed flow on 700 faces of pressure-outlet 7.
  1004  2.6801e-01  3.0256e-05  3.3270e-05  3.0668e-05  1.2387e-03  6.8686e-03  1.2786e-03  0:02:45   21

 turbulent viscosity limited to viscosity ratio of 1.000000e+05 in 847 cells 

 Reversed flow on 703 faces of pressure-outlet 7.
  1005  2.6816e-01  3.0252e-05  3.3249e-05  3.0681e-05  1.2382e-03  6.6424e-03  1.2769e-03  0:02:38   20

 turbulent viscosity limited to viscosity ratio of 1.000000e+05 in 847 cells 

 Reversed flow on 706 faces of pressure-outlet 7.
  1006  2.6831e-01  3.0256e-05  3.3234e-05  3.0699e-05  1.2346e-03  6.4563e-03  1.2752e-03  0:02:30   19

 turbulent viscosity limited to viscosity ratio of 1.000000e+05 in 846 cells 

 Reversed flow on 714 faces of pressure-outlet 7.
  1007  2.6868e-01  3.0263e-05  3.3209e-05  3.0711e-05  1.2366e-03  8.2171e-03  1.2734e-03  0:02:23   18

 turbulent viscosity limited to viscosity ratio of 1.000000e+05 in 846 cells 

 Reversed flow on 720 faces of pressure-outlet 7.
  1008  2.6891e-01  3.0259e-05  3.3194e-05  3.0738e-05  1.2356e-03  8.1914e-03  1.2716e-03  0:02:15   17

 turbulent viscosity limited to viscosity ratio of 1.000000e+05 in 845 cells 

 Reversed flow on 729 faces of pressure-outlet 7.
  1009  2.6930e-01  3.0270e-05  3.3176e-05  3.0757e-05  1.2345e-03  8.3904e-03  1.2697e-03  0:02:07   16

 turbulent viscosity limited to viscosity ratio of 1.000000e+05 in 844 cells 

 Reversed flow on 732 faces of pressure-outlet 7.
  1010  2.6955e-01  3.0295e-05  3.3154e-05  3.0775e-05  1.2329e-03  7.9802e-03  1.2677e-03  0:01:56   15

 turbulent viscosity limited to viscosity ratio of 1.000000e+05 in 844 cells 

 Reversed flow on 729 faces of pressure-outlet 7.

  iter  continuity  x-velocity  y-velocity  z-velocity           k     epsilon  vf-phase-2     time/iter
  1011  2.6965e-01  3.0305e-05  3.3125e-05  3.0788e-05  1.2288e-03  6.9824e-03  1.2658e-03  0:01:49   14

 turbulent viscosity limited to viscosity ratio of 1.000000e+05 in 844 cells 

 Reversed flow on 736 faces of pressure-outlet 7.
  1012  2.6985e-01  3.0325e-05  3.3102e-05  3.0804e-05  1.2246e-03  6.0776e-03  1.2638e-03  0:01:42   13

 turbulent viscosity limited to viscosity ratio of 1.000000e+05 in 844 cells 

 Reversed flow on 735 faces of pressure-outlet 7.
  1013  2.6992e-01  3.0351e-05  3.3084e-05  3.0812e-05  1.2229e-03  6.0691e-03  1.2618e-03  0:01:35   12

 turbulent viscosity limited to viscosity ratio of 1.000000e+05 in 844 cells 

 Reversed flow on 732 faces of pressure-outlet 7.
  1014  2.7032e-01  3.0367e-05  3.3066e-05  3.0822e-05  1.2256e-03  6.6960e-03  1.2598e-03  0:01:27   11

 turbulent viscosity limited to viscosity ratio of 1.000000e+05 in 845 cells 

 Reversed flow on 732 faces of pressure-outlet 7.
  1015  2.7080e-01  3.0400e-05  3.3057e-05  3.0842e-05  1.2250e-03  7.5822e-03  1.2579e-03  0:01:19   10

 turbulent viscosity limited to viscosity ratio of 1.000000e+05 in 844 cells 

 Reversed flow on 735 faces of pressure-outlet 7.
  1016  2.7109e-01  3.0435e-05  3.3042e-05  3.0873e-05  1.2248e-03  6.9253e-03  1.2558e-03  0:01:10    9

 turbulent viscosity limited to viscosity ratio of 1.000000e+05 in 844 cells 

 Reversed flow on 734 faces of pressure-outlet 7.
  1017  2.7155e-01  3.0477e-05  3.3036e-05  3.0896e-05  1.2224e-03  7.1154e-03  1.2536e-03  0:01:02    8

 turbulent viscosity limited to viscosity ratio of 1.000000e+05 in 844 cells 

 Reversed flow on 739 faces of pressure-outlet 7.
  1018  2.7161e-01  3.0505e-05  3.3012e-05  3.0903e-05  1.2209e-03  6.0632e-03  1.2514e-03  0:00:55    7

 turbulent viscosity limited to viscosity ratio of 1.000000e+05 in 843 cells 

 Reversed flow on 746 faces of pressure-outlet 7.
  1019  2.7188e-01  3.0546e-05  3.3005e-05  3.0915e-05  1.2189e-03  5.6155e-03  1.2493e-03  0:00:47    6

 turbulent viscosity limited to viscosity ratio of 1.000000e+05 in 843 cells 

 Reversed flow on 742 faces of pressure-outlet 7.
  1020  2.7211e-01  3.0586e-05  3.2991e-05  3.0939e-05  1.2209e-03  6.9105e-03  1.2471e-03  0:00:39    5

 turbulent viscosity limited to viscosity ratio of 1.000000e+05 in 843 cells 

 Reversed flow on 747 faces of pressure-outlet 7.
  1021  2.7234e-01  3.0635e-05  3.2985e-05  3.0957e-05  1.2208e-03  7.4512e-03  1.2450e-03  0:00:32    4

 turbulent viscosity limited to viscosity ratio of 1.000000e+05 in 843 cells 

 Reversed flow on 753 faces of pressure-outlet 7.

  iter  continuity  x-velocity  y-velocity  z-velocity           k     epsilon  vf-phase-2     time/iter
  1022  2.7258e-01  3.0675e-05  3.2974e-05  3.0979e-05  1.2228e-03  7.8792e-03  1.2427e-03  0:00:23    3

 turbulent viscosity limited to viscosity ratio of 1.000000e+05 in 843 cells 

 Reversed flow on 748 faces of pressure-outlet 7.
  1023  2.7302e-01  3.0722e-05  3.2971e-05  3.1009e-05  1.2234e-03  7.5767e-03  1.2404e-03  0:00:16    2

 turbulent viscosity limited to viscosity ratio of 1.000000e+05 in 843 cells 

 Reversed flow on 750 faces of pressure-outlet 7.
  1024  2.7343e-01  3.0769e-05  3.2975e-05  3.1043e-05  1.2222e-03  6.5368e-03  1.2382e-03  0:00:08    1

 turbulent viscosity limited to viscosity ratio of 1.000000e+05 in 843 cells 

 Reversed flow on 746 faces of pressure-outlet 7.
  1025  2.7408e-01  3.0825e-05  3.2974e-05  3.1071e-05  1.2228e-03  7.0693e-03  1.2360e-03  0:00:00    0
iterate_275: RPC returned
progress: 275/750

  iter  continuity  x-velocity  y-velocity  z-velocity           k     epsilon  vf-phase-2     time/iter
  1025  2.7408e-01  3.0825e-05  3.2974e-05  3.1071e-05  1.2228e-03  7.0693e-03  1.2360e-03  0:03:22   25

 turbulent viscosity limited to viscosity ratio of 1.000000e+05 in 842 cells 

 Reversed flow on 761 faces of pressure-outlet 7.
  1026  2.7429e-01  3.0879e-05  3.2989e-05  3.1110e-05  1.2229e-03  6.1616e-03  1.2337e-03  0:03:18   24

 turbulent viscosity limited to viscosity ratio of 1.000000e+05 in 842 cells 

 Reversed flow on 760 faces of pressure-outlet 7.
  1027  2.7447e-01  3.0915e-05  3.2988e-05  3.1139e-05  1.2201e-03  5.3836e-03  1.2314e-03  0:03:09   23

 turbulent viscosity limited to viscosity ratio of 1.000000e+05 in 842 cells 

 Reversed flow on 754 faces of pressure-outlet 7.
  1028  2.7469e-01  3.0944e-05  3.2983e-05  3.1175e-05  1.2216e-03  6.0058e-03  1.2291e-03  0:03:00   22

 turbulent viscosity limited to viscosity ratio of 1.000000e+05 in 842 cells 

 Reversed flow on 744 faces of pressure-outlet 7.
  1029  2.7502e-01  3.0987e-05  3.2984e-05  3.1214e-05  1.2202e-03  5.2106e-03  1.2267e-03  0:02:51   21

 turbulent viscosity limited to viscosity ratio of 1.000000e+05 in 841 cells 

 Reversed flow on 747 faces of pressure-outlet 7.
  1030  2.7548e-01  3.1035e-05  3.2999e-05  3.1246e-05  1.2221e-03  5.5191e-03  1.2244e-03  0:02:42   20

 turbulent viscosity limited to viscosity ratio of 1.000000e+05 in 841 cells 

 Reversed flow on 747 faces of pressure-outlet 7.
  1031  2.7599e-01  3.1082e-05  3.3025e-05  3.1275e-05  1.2221e-03  5.2995e-03  1.2222e-03  0:02:34   19

 turbulent viscosity limited to viscosity ratio of 1.000000e+05 in 842 cells 

 Reversed flow on 741 faces of pressure-outlet 7.
  1032  2.7641e-01  3.1122e-05  3.3047e-05  3.1319e-05  1.2238e-03  5.2711e-03  1.2200e-03  0:02:25   18

 turbulent viscosity limited to viscosity ratio of 1.000000e+05 in 841 cells 

 Reversed flow on 744 faces of pressure-outlet 7.
  1033  2.7686e-01  3.1174e-05  3.3070e-05  3.1356e-05  1.2279e-03  6.5730e-03  1.2178e-03  0:02:17   17

 turbulent viscosity limited to viscosity ratio of 1.000000e+05 in 841 cells 

 Reversed flow on 754 faces of pressure-outlet 7.
  1034  2.7756e-01  3.1225e-05  3.3102e-05  3.1390e-05  1.2292e-03  6.4320e-03  1.2157e-03  0:02:09   16

 turbulent viscosity limited to viscosity ratio of 1.000000e+05 in 841 cells 

 Reversed flow on 743 faces of pressure-outlet 7.
  1035  2.7796e-01  3.1278e-05  3.3117e-05  3.1437e-05  1.2342e-03  8.6098e-03  1.2137e-03  0:02:04   15

 turbulent viscosity limited to viscosity ratio of 1.000000e+05 in 841 cells 

 Reversed flow on 739 faces of pressure-outlet 7.

  iter  continuity  x-velocity  y-velocity  z-velocity           k     epsilon  vf-phase-2     time/iter
  1036  2.7841e-01  3.1319e-05  3.3147e-05  3.1481e-05  1.2386e-03  7.6809e-03  1.2118e-03  0:01:55   14

 turbulent viscosity limited to viscosity ratio of 1.000000e+05 in 842 cells 

 Reversed flow on 743 faces of pressure-outlet 7.
  1037  2.7886e-01  3.1354e-05  3.3180e-05  3.1524e-05  1.2359e-03  6.2354e-03  1.2098e-03  0:01:46   13

 turbulent viscosity limited to viscosity ratio of 1.000000e+05 in 842 cells 

 Reversed flow on 741 faces of pressure-outlet 7.
  1038  2.7944e-01  3.1402e-05  3.3215e-05  3.1558e-05  1.2342e-03  5.8228e-03  1.2080e-03  0:01:37   12

 turbulent viscosity limited to viscosity ratio of 1.000000e+05 in 842 cells 

 Reversed flow on 726 faces of pressure-outlet 7.
  1039  2.8003e-01  3.1448e-05  3.3251e-05  3.1597e-05  1.2378e-03  6.3037e-03  1.2063e-03  0:01:29   11

 turbulent viscosity limited to viscosity ratio of 1.000000e+05 in 842 cells 

 Reversed flow on 719 faces of pressure-outlet 7.
  1040  2.8069e-01  3.1502e-05  3.3286e-05  3.1638e-05  1.2393e-03  5.7539e-03  1.2046e-03  0:01:21   10

 turbulent viscosity limited to viscosity ratio of 1.000000e+05 in 841 cells 

 Reversed flow on 731 faces of pressure-outlet 7.
  1041  2.8109e-01  3.1550e-05  3.3313e-05  3.1683e-05  1.2394e-03  5.7315e-03  1.2030e-03  0:01:13    9

 turbulent viscosity limited to viscosity ratio of 1.000000e+05 in 841 cells 

 Reversed flow on 741 faces of pressure-outlet 7.
  1042  2.8135e-01  3.1601e-05  3.3335e-05  3.1706e-05  1.2405e-03  5.2959e-03  1.2014e-03  0:01:04    8

 turbulent viscosity limited to viscosity ratio of 1.000000e+05 in 841 cells 

 Reversed flow on 738 faces of pressure-outlet 7.
  1043  2.8119e-01  3.1628e-05  3.3353e-05  3.1739e-05  1.2416e-03  4.9922e-03  1.1997e-03  0:00:56    7

 turbulent viscosity limited to viscosity ratio of 1.000000e+05 in 841 cells 

 Reversed flow on 738 faces of pressure-outlet 7.
  1044  2.8120e-01  3.1652e-05  3.3373e-05  3.1757e-05  1.2451e-03  5.3940e-03  1.1981e-03  0:00:48    6

 turbulent viscosity limited to viscosity ratio of 1.000000e+05 in 840 cells 

 Reversed flow on 738 faces of pressure-outlet 7.
  1045  2.8157e-01  3.1692e-05  3.3394e-05  3.1772e-05  1.2452e-03  5.1239e-03  1.1966e-03  0:00:40    5

 turbulent viscosity limited to viscosity ratio of 1.000000e+05 in 840 cells 

 Reversed flow on 742 faces of pressure-outlet 7.
  1046  2.8203e-01  3.1720e-05  3.3416e-05  3.1770e-05  1.2472e-03  5.5983e-03  1.1952e-03  0:00:32    4

 turbulent viscosity limited to viscosity ratio of 1.000000e+05 in 840 cells 

 Reversed flow on 730 faces of pressure-outlet 7.

  iter  continuity  x-velocity  y-velocity  z-velocity           k     epsilon  vf-phase-2     time/iter
  1047  2.8247e-01  3.1758e-05  3.3437e-05  3.1780e-05  1.2492e-03  5.4935e-03  1.1939e-03  0:00:24    3

 turbulent viscosity limited to viscosity ratio of 1.000000e+05 in 840 cells 

 Reversed flow on 722 faces of pressure-outlet 7.
  1048  2.8270e-01  3.1794e-05  3.3449e-05  3.1791e-05  1.2510e-03  5.1480e-03  1.1926e-03  0:00:16    2

 turbulent viscosity limited to viscosity ratio of 1.000000e+05 in 840 cells 

 Reversed flow on 731 faces of pressure-outlet 7.
  1049  2.8311e-01  3.1831e-05  3.3463e-05  3.1786e-05  1.2543e-03  5.3639e-03  1.1913e-03  0:00:08    1

 turbulent viscosity limited to viscosity ratio of 1.000000e+05 in 840 cells 

 Reversed flow on 723 faces of pressure-outlet 7.
  1050  2.8307e-01  3.1850e-05  3.3469e-05  3.1784e-05  1.2547e-03  4.7518e-03  1.1901e-03  0:00:00    0
iterate_300: RPC returned
progress: 300/750

  iter  continuity  x-velocity  y-velocity  z-velocity           k     epsilon  vf-phase-2     time/iter
  1050  2.8307e-01  3.1850e-05  3.3469e-05  3.1784e-05  1.2547e-03  4.7518e-03  1.1901e-03  0:03:20   25

 turbulent viscosity limited to viscosity ratio of 1.000000e+05 in 840 cells 

 Reversed flow on 719 faces of pressure-outlet 7.
  1051  2.8371e-01  3.1877e-05  3.3481e-05  3.1776e-05  1.2575e-03  5.0672e-03  1.1888e-03  0:03:12   24

 turbulent viscosity limited to viscosity ratio of 1.000000e+05 in 840 cells 

 Reversed flow on 722 faces of pressure-outlet 7.
  1052  2.8382e-01  3.1900e-05  3.3474e-05  3.1763e-05  1.2583e-03  4.6064e-03  1.1875e-03  0:03:04   23

 turbulent viscosity limited to viscosity ratio of 1.000000e+05 in 839 cells 

 Reversed flow on 725 faces of pressure-outlet 7.
  1053  2.8411e-01  3.1917e-05  3.3476e-05  3.1744e-05  1.2601e-03  4.8747e-03  1.1863e-03  0:02:56   22

 turbulent viscosity limited to viscosity ratio of 1.000000e+05 in 839 cells 

 Reversed flow on 721 faces of pressure-outlet 7.
  1054  2.8437e-01  3.1933e-05  3.3466e-05  3.1727e-05  1.2657e-03  5.9243e-03  1.1851e-03  0:02:48   21

 turbulent viscosity limited to viscosity ratio of 1.000000e+05 in 839 cells 

 Reversed flow on 718 faces of pressure-outlet 7.
  1055  2.8469e-01  3.1960e-05  3.3464e-05  3.1706e-05  1.2661e-03  5.4108e-03  1.1838e-03  0:02:40   20

 turbulent viscosity limited to viscosity ratio of 1.000000e+05 in 838 cells 

 Reversed flow on 721 faces of pressure-outlet 7.
  1056  2.8510e-01  3.1993e-05  3.3449e-05  3.1679e-05  1.2706e-03  6.0822e-03  1.1824e-03  0:02:32   19

 turbulent viscosity limited to viscosity ratio of 1.000000e+05 in 838 cells 

 Reversed flow on 716 faces of pressure-outlet 7.
  1057  2.8506e-01  3.2019e-05  3.3442e-05  3.1643e-05  1.2699e-03  5.0667e-03  1.1811e-03  0:02:24   18

 turbulent viscosity limited to viscosity ratio of 1.000000e+05 in 838 cells 

 Reversed flow on 711 faces of pressure-outlet 7.
  1058  2.8516e-01  3.2046e-05  3.3439e-05  3.1610e-05  1.2713e-03  5.3538e-03  1.1798e-03  0:02:16   17

 turbulent viscosity limited to viscosity ratio of 1.000000e+05 in 838 cells 

 Reversed flow on 713 faces of pressure-outlet 7.
  1059  2.8529e-01  3.2070e-05  3.3424e-05  3.1571e-05  1.2723e-03  4.8142e-03  1.1786e-03  0:02:05   16

 turbulent viscosity limited to viscosity ratio of 1.000000e+05 in 838 cells 

 Reversed flow on 707 faces of pressure-outlet 7.
  1060  2.8539e-01  3.2091e-05  3.3413e-05  3.1509e-05  1.2743e-03  4.8717e-03  1.1772e-03  0:01:58   15

 turbulent viscosity limited to viscosity ratio of 1.000000e+05 in 838 cells 

 Reversed flow on 716 faces of pressure-outlet 7.

  iter  continuity  x-velocity  y-velocity  z-velocity           k     epsilon  vf-phase-2     time/iter
  1061  2.8519e-01  3.2108e-05  3.3395e-05  3.1470e-05  1.2772e-03  5.7408e-03  1.1759e-03  0:01:50   14

 turbulent viscosity limited to viscosity ratio of 1.000000e+05 in 838 cells 

 Reversed flow on 709 faces of pressure-outlet 7.
  1062  2.8559e-01  3.2131e-05  3.3385e-05  3.1414e-05  1.2788e-03  5.7385e-03  1.1745e-03  0:01:43   13

 turbulent viscosity limited to viscosity ratio of 1.000000e+05 in 838 cells 

 Reversed flow on 719 faces of pressure-outlet 7.
  1063  2.8584e-01  3.2148e-05  3.3374e-05  3.1365e-05  1.2818e-03  6.0498e-03  1.1731e-03  0:01:35   12

 turbulent viscosity limited to viscosity ratio of 1.000000e+05 in 838 cells 

 Reversed flow on 709 faces of pressure-outlet 7.
  1064  2.8591e-01  3.2170e-05  3.3348e-05  3.1316e-05  1.2845e-03  6.0086e-03  1.1718e-03  0:01:27   11

 turbulent viscosity limited to viscosity ratio of 1.000000e+05 in 838 cells 

 Reversed flow on 703 faces of pressure-outlet 7.
  1065  2.8579e-01  3.2187e-05  3.3325e-05  3.1260e-05  1.2834e-03  5.4159e-03  1.1705e-03  0:01:17   10

 turbulent viscosity limited to viscosity ratio of 1.000000e+05 in 837 cells 

 Reversed flow on 715 faces of pressure-outlet 7.
  1066  2.8587e-01  3.2206e-05  3.3317e-05  3.1195e-05  1.2830e-03  5.4557e-03  1.1693e-03  0:01:10    9

 turbulent viscosity limited to viscosity ratio of 1.000000e+05 in 837 cells 

 Reversed flow on 721 faces of pressure-outlet 7.
  1067  2.8555e-01  3.2225e-05  3.3303e-05  3.1127e-05  1.2850e-03  5.6857e-03  1.1681e-03  0:01:03    8

 turbulent viscosity limited to viscosity ratio of 1.000000e+05 in 836 cells 

 Reversed flow on 703 faces of pressure-outlet 7.
  1068  2.8530e-01  3.2229e-05  3.3284e-05  3.1073e-05  1.2837e-03  5.3643e-03  1.1670e-03  0:00:55    7

 turbulent viscosity limited to viscosity ratio of 1.000000e+05 in 836 cells 

 Reversed flow on 703 faces of pressure-outlet 7.
  1069  2.8508e-01  3.2245e-05  3.3267e-05  3.1005e-05  1.2829e-03  5.1519e-03  1.1659e-03  0:00:47    6

 turbulent viscosity limited to viscosity ratio of 1.000000e+05 in 836 cells 

 Reversed flow on 701 faces of pressure-outlet 7.
  1070  2.8486e-01  3.2248e-05  3.3248e-05  3.0933e-05  1.2828e-03  5.2828e-03  1.1649e-03  0:00:40    5

 turbulent viscosity limited to viscosity ratio of 1.000000e+05 in 837 cells 

 Reversed flow on 708 faces of pressure-outlet 7.
  1071  2.8463e-01  3.2245e-05  3.3229e-05  3.0866e-05  1.2818e-03  5.1548e-03  1.1639e-03  0:00:32    4

 turbulent viscosity limited to viscosity ratio of 1.000000e+05 in 837 cells 

 Reversed flow on 707 faces of pressure-outlet 7.

  iter  continuity  x-velocity  y-velocity  z-velocity           k     epsilon  vf-phase-2     time/iter
  1072  2.8458e-01  3.2252e-05  3.3216e-05  3.0803e-05  1.2844e-03  6.3993e-03  1.1629e-03  0:00:23    3

 turbulent viscosity limited to viscosity ratio of 1.000000e+05 in 836 cells 

 Reversed flow on 698 faces of pressure-outlet 7.
  1073  2.8443e-01  3.2261e-05  3.3206e-05  3.0738e-05  1.2851e-03  6.8752e-03  1.1620e-03  0:00:16    2

 turbulent viscosity limited to viscosity ratio of 1.000000e+05 in 835 cells 

 Reversed flow on 698 faces of pressure-outlet 7.
  1074  2.8419e-01  3.2263e-05  3.3195e-05  3.0678e-05  1.2847e-03  6.6456e-03  1.1611e-03  0:00:08    1

 turbulent viscosity limited to viscosity ratio of 1.000000e+05 in 835 cells 

 Reversed flow on 703 faces of pressure-outlet 7.
  1075  2.8383e-01  3.2261e-05  3.3182e-05  3.0618e-05  1.2813e-03  5.8172e-03  1.1604e-03  0:00:00    0
iterate_325: RPC returned
progress: 325/750

  iter  continuity  x-velocity  y-velocity  z-velocity           k     epsilon  vf-phase-2     time/iter
  1075  2.8383e-01  3.2261e-05  3.3182e-05  3.0618e-05  1.2813e-03  5.8172e-03  1.1604e-03  0:03:17   25

 turbulent viscosity limited to viscosity ratio of 1.000000e+05 in 835 cells 

 Reversed flow on 704 faces of pressure-outlet 7.
  1076  2.8364e-01  3.2254e-05  3.3169e-05  3.0562e-05  1.2801e-03  6.6372e-03  1.1596e-03  0:03:14   24

 turbulent viscosity limited to viscosity ratio of 1.000000e+05 in 835 cells 

 Reversed flow on 701 faces of pressure-outlet 7.
  1077  2.8339e-01  3.2256e-05  3.3159e-05  3.0501e-05  1.2777e-03  6.5024e-03  1.1590e-03  0:03:01   23

 turbulent viscosity limited to viscosity ratio of 1.000000e+05 in 835 cells 

 Reversed flow on 699 faces of pressure-outlet 7.
  1078  2.8344e-01  3.2250e-05  3.3157e-05  3.0441e-05  1.2745e-03  5.9005e-03  1.1583e-03  0:02:54   22

 turbulent viscosity limited to viscosity ratio of 1.000000e+05 in 836 cells 

 Reversed flow on 695 faces of pressure-outlet 7.
  1079  2.8320e-01  3.2249e-05  3.3149e-05  3.0394e-05  1.2757e-03  7.1788e-03  1.1577e-03  0:02:46   21

 turbulent viscosity limited to viscosity ratio of 1.000000e+05 in 835 cells 

 Reversed flow on 713 faces of pressure-outlet 7.
  1080  2.8329e-01  3.2246e-05  3.3146e-05  3.0348e-05  1.2720e-03  6.4216e-03  1.1572e-03  0:02:39   20

 turbulent viscosity limited to viscosity ratio of 1.000000e+05 in 835 cells 

 Reversed flow on 714 faces of pressure-outlet 7.
  1081  2.8321e-01  3.2233e-05  3.3138e-05  3.0301e-05  1.2722e-03  6.5836e-03  1.1567e-03  0:02:31   19

 turbulent viscosity limited to viscosity ratio of 1.000000e+05 in 835 cells 

 Reversed flow on 706 faces of pressure-outlet 7.
  1082  2.8304e-01  3.2230e-05  3.3125e-05  3.0262e-05  1.2705e-03  6.5643e-03  1.1563e-03  0:02:23   18

 turbulent viscosity limited to viscosity ratio of 1.000000e+05 in 835 cells 

 Reversed flow on 714 faces of pressure-outlet 7.
  1083  2.8291e-01  3.2219e-05  3.3120e-05  3.0218e-05  1.2686e-03  6.7475e-03  1.1559e-03  0:02:15   17

 turbulent viscosity limited to viscosity ratio of 1.000000e+05 in 835 cells 

 Reversed flow on 717 faces of pressure-outlet 7.
  1084  2.8285e-01  3.2214e-05  3.3120e-05  3.0178e-05  1.2669e-03  6.1154e-03  1.1556e-03  0:02:08   16

 turbulent viscosity limited to viscosity ratio of 1.000000e+05 in 835 cells 

 Reversed flow on 708 faces of pressure-outlet 7.
  1085  2.8300e-01  3.2190e-05  3.3126e-05  3.0141e-05  1.2662e-03  6.7766e-03  1.1552e-03  0:02:00   15

 turbulent viscosity limited to viscosity ratio of 1.000000e+05 in 835 cells 

 Reversed flow on 711 faces of pressure-outlet 7.

  iter  continuity  x-velocity  y-velocity  z-velocity           k     epsilon  vf-phase-2     time/iter
  1086  2.8311e-01  3.2185e-05  3.3134e-05  3.0119e-05  1.2640e-03  6.1593e-03  1.1550e-03  0:01:52   14

 turbulent viscosity limited to viscosity ratio of 1.000000e+05 in 835 cells 

 Reversed flow on 720 faces of pressure-outlet 7.
  1087  2.8342e-01  3.2167e-05  3.3137e-05  3.0101e-05  1.2718e-03  9.9871e-03  1.1548e-03  0:01:44   13

 turbulent viscosity limited to viscosity ratio of 1.000000e+05 in 834 cells 

 Reversed flow on 732 faces of pressure-outlet 7.
  1088  2.8323e-01  3.2151e-05  3.3127e-05  3.0092e-05  1.2695e-03  9.5683e-03  1.1547e-03  0:01:33   12

 turbulent viscosity limited to viscosity ratio of 1.000000e+05 in 833 cells 

 Reversed flow on 733 faces of pressure-outlet 7.
  1089  2.8345e-01  3.2134e-05  3.3108e-05  3.0076e-05  1.2696e-03  8.9321e-03  1.1547e-03  0:01:26   11

 turbulent viscosity limited to viscosity ratio of 1.000000e+05 in 832 cells 

 Reversed flow on 731 faces of pressure-outlet 7.
  1090  2.8320e-01  3.2112e-05  3.3091e-05  3.0050e-05  1.2644e-03  7.5351e-03  1.1547e-03  0:01:19   10

 turbulent viscosity limited to viscosity ratio of 1.000000e+05 in 830 cells 

 Reversed flow on 732 faces of pressure-outlet 7.
  1091  2.8269e-01  3.2088e-05  3.3080e-05  3.0040e-05  1.2628e-03  6.8267e-03  1.1547e-03  0:01:11    9

 turbulent viscosity limited to viscosity ratio of 1.000000e+05 in 831 cells 

 Reversed flow on 740 faces of pressure-outlet 7.
  1092  2.8274e-01  3.2063e-05  3.3068e-05  3.0035e-05  1.2604e-03  6.9757e-03  1.1547e-03  0:01:03    8

 turbulent viscosity limited to viscosity ratio of 1.000000e+05 in 831 cells 

 Reversed flow on 753 faces of pressure-outlet 7.
  1093  2.8271e-01  3.2027e-05  3.3049e-05  3.0033e-05  1.2598e-03  7.6023e-03  1.1548e-03  0:00:56    7

 turbulent viscosity limited to viscosity ratio of 1.000000e+05 in 831 cells 

 Reversed flow on 756 faces of pressure-outlet 7.
  1094  2.8274e-01  3.1991e-05  3.3036e-05  3.0038e-05  1.2568e-03  6.5416e-03  1.1550e-03  0:00:46    6

 turbulent viscosity limited to viscosity ratio of 1.000000e+05 in 831 cells 

 Reversed flow on 750 faces of pressure-outlet 7.
  1095  2.8271e-01  3.1954e-05  3.3022e-05  3.0028e-05  1.2549e-03  6.6544e-03  1.1551e-03  0:00:39    5

 turbulent viscosity limited to viscosity ratio of 1.000000e+05 in 831 cells 

 Reversed flow on 739 faces of pressure-outlet 7.
  1096  2.8252e-01  3.1912e-05  3.3006e-05  3.0025e-05  1.2554e-03  7.6535e-03  1.1553e-03  0:00:31    4

 turbulent viscosity limited to viscosity ratio of 1.000000e+05 in 829 cells 

 Reversed flow on 741 faces of pressure-outlet 7.

  iter  continuity  x-velocity  y-velocity  z-velocity           k     epsilon  vf-phase-2     time/iter
  1097  2.8242e-01  3.1864e-05  3.2994e-05  3.0037e-05  1.2539e-03  7.4580e-03  1.1555e-03  0:00:24    3

 turbulent viscosity limited to viscosity ratio of 1.000000e+05 in 829 cells 

 Reversed flow on 737 faces of pressure-outlet 7.
  1098  2.8245e-01  3.1820e-05  3.2970e-05  3.0043e-05  1.2531e-03  8.2480e-03  1.1558e-03  0:00:16    2

 turbulent viscosity limited to viscosity ratio of 1.000000e+05 in 829 cells 

 Reversed flow on 762 faces of pressure-outlet 7.
  1099  2.8247e-01  3.1784e-05  3.2953e-05  3.0050e-05  1.2506e-03  7.6552e-03  1.1562e-03  0:00:08    1

 turbulent viscosity limited to viscosity ratio of 1.000000e+05 in 829 cells 

 Reversed flow on 757 faces of pressure-outlet 7.
  1100  2.8214e-01  3.1742e-05  3.2930e-05  3.0070e-05  1.2493e-03  8.7762e-03  1.1565e-03  0:00:00    0
iterate_350: RPC returned
progress: 350/750

  iter  continuity  x-velocity  y-velocity  z-velocity           k     epsilon  vf-phase-2     time/iter
  1100  2.8214e-01  3.1742e-05  3.2930e-05  3.0070e-05  1.2493e-03  8.7762e-03  1.1565e-03  0:03:13   25

 turbulent viscosity limited to viscosity ratio of 1.000000e+05 in 829 cells 

 Reversed flow on 768 faces of pressure-outlet 7.
  1101  2.8205e-01  3.1684e-05  3.2918e-05  3.0071e-05  1.2473e-03  7.7933e-03  1.1570e-03  0:03:07   24

 turbulent viscosity limited to viscosity ratio of 1.000000e+05 in 828 cells 

 Reversed flow on 760 faces of pressure-outlet 7.
  1102  2.8177e-01  3.1623e-05  3.2914e-05  3.0072e-05  1.2443e-03  7.7996e-03  1.1574e-03  0:03:00   23

 turbulent viscosity limited to viscosity ratio of 1.000000e+05 in 829 cells 

 Reversed flow on 760 faces of pressure-outlet 7.
  1103  2.8139e-01  3.1564e-05  3.2892e-05  3.0079e-05  1.2421e-03  7.5930e-03  1.1578e-03  0:02:53   22

 turbulent viscosity limited to viscosity ratio of 1.000000e+05 in 829 cells 

 Reversed flow on 764 faces of pressure-outlet 7.
  1104  2.8103e-01  3.1493e-05  3.2882e-05  3.0071e-05  1.2400e-03  8.0160e-03  1.1583e-03  0:02:46   21

 turbulent viscosity limited to viscosity ratio of 1.000000e+05 in 829 cells 

 Reversed flow on 758 faces of pressure-outlet 7.
  1105  2.8048e-01  3.1426e-05  3.2878e-05  3.0073e-05  1.2388e-03  8.3472e-03  1.1589e-03  0:02:38   20

 turbulent viscosity limited to viscosity ratio of 1.000000e+05 in 829 cells 

 Reversed flow on 764 faces of pressure-outlet 7.
  1106  2.8018e-01  3.1364e-05  3.2859e-05  3.0074e-05  1.2374e-03  8.9288e-03  1.1595e-03  0:02:27   19

 turbulent viscosity limited to viscosity ratio of 1.000000e+05 in 829 cells 

 Reversed flow on 762 faces of pressure-outlet 7.
  1107  2.8011e-01  3.1294e-05  3.2842e-05  3.0074e-05  1.2337e-03  7.9719e-03  1.1601e-03  0:02:20   18

 turbulent viscosity limited to viscosity ratio of 1.000000e+05 in 830 cells 

 Reversed flow on 766 faces of pressure-outlet 7.
  1108  2.7963e-01  3.1224e-05  3.2823e-05  3.0066e-05  1.2314e-03  8.0205e-03  1.1609e-03  0:02:13   17

 turbulent viscosity limited to viscosity ratio of 1.000000e+05 in 831 cells 

 Reversed flow on 760 faces of pressure-outlet 7.
  1109  2.7946e-01  3.1158e-05  3.2811e-05  3.0050e-05  1.2281e-03  7.1837e-03  1.1617e-03  0:02:06   16

 turbulent viscosity limited to viscosity ratio of 1.000000e+05 in 831 cells 

 Reversed flow on 757 faces of pressure-outlet 7.
  1110  2.7876e-01  3.1079e-05  3.2792e-05  3.0036e-05  1.2247e-03  7.3314e-03  1.1626e-03  0:01:58   15

 turbulent viscosity limited to viscosity ratio of 1.000000e+05 in 831 cells 

 Reversed flow on 769 faces of pressure-outlet 7.

  iter  continuity  x-velocity  y-velocity  z-velocity           k     epsilon  vf-phase-2     time/iter
  1111  2.7809e-01  3.0998e-05  3.2772e-05  3.0010e-05  1.2227e-03  6.9923e-03  1.1635e-03  0:01:51   14

 turbulent viscosity limited to viscosity ratio of 1.000000e+05 in 831 cells 

 Reversed flow on 767 faces of pressure-outlet 7.
  1112  2.7765e-01  3.0920e-05  3.2764e-05  2.9984e-05  1.2225e-03  7.3576e-03  1.1644e-03  0:01:40   13

 turbulent viscosity limited to viscosity ratio of 1.000000e+05 in 831 cells 

 Reversed flow on 760 faces of pressure-outlet 7.
  1113  2.7737e-01  3.0837e-05  3.2759e-05  2.9961e-05  1.2180e-03  6.8146e-03  1.1653e-03  0:01:33   12

 turbulent viscosity limited to viscosity ratio of 1.000000e+05 in 830 cells 

 Reversed flow on 758 faces of pressure-outlet 7.
  1114  2.7717e-01  3.0760e-05  3.2750e-05  2.9933e-05  1.2200e-03  8.8410e-03  1.1664e-03  0:01:26   11

 turbulent viscosity limited to viscosity ratio of 1.000000e+05 in 829 cells 

 Reversed flow on 756 faces of pressure-outlet 7.
  1115  2.7700e-01  3.0684e-05  3.2750e-05  2.9909e-05  1.2205e-03  9.0996e-03  1.1675e-03  0:01:19   10

 turbulent viscosity limited to viscosity ratio of 1.000000e+05 in 829 cells 

 Reversed flow on 755 faces of pressure-outlet 7.
  1116  2.7684e-01  3.0603e-05  3.2751e-05  2.9884e-05  1.2211e-03  9.3383e-03  1.1686e-03  0:01:11    9

 turbulent viscosity limited to viscosity ratio of 1.000000e+05 in 829 cells 

 Reversed flow on 764 faces of pressure-outlet 7.
  1117  2.7635e-01  3.0512e-05  3.2744e-05  2.9855e-05  1.2181e-03  8.8378e-03  1.1697e-03  0:01:03    8

 turbulent viscosity limited to viscosity ratio of 1.000000e+05 in 828 cells 

 Reversed flow on 766 faces of pressure-outlet 7.
  1118  2.7556e-01  3.0426e-05  3.2740e-05  2.9813e-05  1.2131e-03  7.5990e-03  1.1709e-03  0:00:54    7

 turbulent viscosity limited to viscosity ratio of 1.000000e+05 in 828 cells 

 Reversed flow on 767 faces of pressure-outlet 7.
  1119  2.7526e-01  3.0336e-05  3.2734e-05  2.9760e-05  1.2096e-03  7.3614e-03  1.1722e-03  0:00:47    6

 turbulent viscosity limited to viscosity ratio of 1.000000e+05 in 829 cells 

 Reversed flow on 773 faces of pressure-outlet 7.
  1120  2.7473e-01  3.0248e-05  3.2724e-05  2.9700e-05  1.2070e-03  6.9236e-03  1.1735e-03  0:00:39    5

 turbulent viscosity limited to viscosity ratio of 1.000000e+05 in 829 cells 

 Reversed flow on 774 faces of pressure-outlet 7.
  1121  2.7431e-01  3.0162e-05  3.2725e-05  2.9642e-05  1.2047e-03  6.6698e-03  1.1749e-03  0:00:31    4

 turbulent viscosity limited to viscosity ratio of 1.000000e+05 in 829 cells 

 Reversed flow on 762 faces of pressure-outlet 7.

  iter  continuity  x-velocity  y-velocity  z-velocity           k     epsilon  vf-phase-2     time/iter
  1122  2.7410e-01  3.0072e-05  3.2742e-05  2.9588e-05  1.2023e-03  6.4908e-03  1.1764e-03  0:00:24    3

 turbulent viscosity limited to viscosity ratio of 1.000000e+05 in 829 cells 

 Reversed flow on 766 faces of pressure-outlet 7.
  1123  2.7374e-01  2.9978e-05  3.2749e-05  2.9543e-05  1.2016e-03  6.5701e-03  1.1779e-03  0:00:15    2

 turbulent viscosity limited to viscosity ratio of 1.000000e+05 in 829 cells 

 Reversed flow on 768 faces of pressure-outlet 7.
  1124  2.7309e-01  2.9902e-05  3.2748e-05  2.9497e-05  1.2003e-03  6.7056e-03  1.1796e-03  0:00:08    1

 turbulent viscosity limited to viscosity ratio of 1.000000e+05 in 829 cells 

 Reversed flow on 776 faces of pressure-outlet 7.
  1125  2.7269e-01  2.9820e-05  3.2755e-05  2.9434e-05  1.1988e-03  6.6463e-03  1.1813e-03  0:00:00    0
iterate_375: RPC returned
progress: 375/750

=== autosave_375 ===

Writing to EN439159:"C:\Users\qtra338\Documents\enthalpy_sweep_verified_20260721_v2\case_5_1680_1500iter_recovered_from_750_autosave_iter375.cas.h5" in NODE0 mode and compression level 1 ...
Grouping cells for Laplace smoothing ...
     5578299 cells,     1 zone  ...
    11355491 faces,     5 zones ...
     1026091 nodes,     1 zone  ...
  Done.
Done.
write_case_autosave_375: OK

Writing to EN439159:"C:\Users\qtra338\Documents\enthalpy_sweep_verified_20260721_v2\case_5_1680_1500iter_recovered_from_750_autosave_iter375.dat.h5" in NODE0 mode and compression level 1 ...
  Writing results.
Done.write_data_autosave_375: OK

saved_pair_autosave_375: VERIFIED

  iter  continuity  x-velocity  y-velocity  z-velocity           k     epsilon  vf-phase-2     time/iter
  1125  2.7269e-01  2.9820e-05  3.2755e-05  2.9434e-05  1.1988e-03  6.6463e-03  1.1813e-03  0:03:15   25

 turbulent viscosity limited to viscosity ratio of 1.000000e+05 in 829 cells 

 Reversed flow on 771 faces of pressure-outlet 7.
  1126  2.7218e-01  2.9726e-05  3.2763e-05  2.9362e-05  1.1971e-03  6.3726e-03  1.1831e-03  0:03:08   24

 turbulent viscosity limited to viscosity ratio of 1.000000e+05 in 829 cells 

 Reversed flow on 769 faces of pressure-outlet 7.
  1127  2.7158e-01  2.9638e-05  3.2773e-05  2.9291e-05  1.1974e-03  7.3048e-03  1.1850e-03  0:03:01   23

 turbulent viscosity limited to viscosity ratio of 1.000000e+05 in 829 cells 

 Reversed flow on 764 faces of pressure-outlet 7.
  1128  2.7113e-01  2.9563e-05  3.2790e-05  2.9233e-05  1.1940e-03  6.6546e-03  1.1868e-03  0:02:54   22

 turbulent viscosity limited to viscosity ratio of 1.000000e+05 in 829 cells 

 Reversed flow on 774 faces of pressure-outlet 7.
  1129  2.7071e-01  2.9483e-05  3.2808e-05  2.9164e-05  1.1958e-03  7.4748e-03  1.1887e-03  0:02:46   21

 turbulent viscosity limited to viscosity ratio of 1.000000e+05 in 828 cells 

 Reversed flow on 773 faces of pressure-outlet 7.
  1130  2.7036e-01  2.9407e-05  3.2825e-05  2.9096e-05  1.1955e-03  7.9883e-03  1.1906e-03  0:02:39   20

 turbulent viscosity limited to viscosity ratio of 1.000000e+05 in 828 cells 

 Reversed flow on 769 faces of pressure-outlet 7.
  1131  2.7041e-01  2.9340e-05  3.2836e-05  2.9036e-05  1.1965e-03  8.6133e-03  1.1925e-03  0:02:31   19

 turbulent viscosity limited to viscosity ratio of 1.000000e+05 in 828 cells 

 Reversed flow on 776 faces of pressure-outlet 7.
  1132  2.7028e-01  2.9261e-05  3.2862e-05  2.8970e-05  1.1925e-03  7.1626e-03  1.1945e-03  0:02:20   18

 turbulent viscosity limited to viscosity ratio of 1.000000e+05 in 828 cells 

 Reversed flow on 776 faces of pressure-outlet 7.
  1133  2.7014e-01  2.9179e-05  3.2873e-05  2.8906e-05  1.1891e-03  6.3638e-03  1.1965e-03  0:02:13   17

 turbulent viscosity limited to viscosity ratio of 1.000000e+05 in 828 cells 

 Reversed flow on 782 faces of pressure-outlet 7.
  1134  2.6984e-01  2.9104e-05  3.2878e-05  2.8840e-05  1.1886e-03  7.0511e-03  1.1985e-03  0:02:06   16

 turbulent viscosity limited to viscosity ratio of 1.000000e+05 in 828 cells 

 Reversed flow on 778 faces of pressure-outlet 7.
  1135  2.6928e-01  2.9035e-05  3.2885e-05  2.8791e-05  1.1859e-03  6.4060e-03  1.2006e-03  0:01:58   15

 turbulent viscosity limited to viscosity ratio of 1.000000e+05 in 828 cells 

 Reversed flow on 776 faces of pressure-outlet 7.

  iter  continuity  x-velocity  y-velocity  z-velocity           k     epsilon  vf-phase-2     time/iter
  1136  2.6870e-01  2.8960e-05  3.2880e-05  2.8721e-05  1.1832e-03  5.7402e-03  1.2026e-03  0:01:48   14

 turbulent viscosity limited to viscosity ratio of 1.000000e+05 in 828 cells 

 Reversed flow on 775 faces of pressure-outlet 7.
  1137  2.6839e-01  2.8888e-05  3.2877e-05  2.8660e-05  1.1837e-03  7.1751e-03  1.2046e-03  0:01:41   13

 turbulent viscosity limited to viscosity ratio of 1.000000e+05 in 828 cells 

 Reversed flow on 783 faces of pressure-outlet 7.
  1138  2.6807e-01  2.8816e-05  3.2884e-05  2.8602e-05  1.1841e-03  8.4794e-03  1.2065e-03  0:01:34   12

 turbulent viscosity limited to viscosity ratio of 1.000000e+05 in 828 cells 

 Reversed flow on 783 faces of pressure-outlet 7.
  1139  2.6775e-01  2.8744e-05  3.2892e-05  2.8537e-05  1.1815e-03  7.3574e-03  1.2084e-03  0:01:26   11

 turbulent viscosity limited to viscosity ratio of 1.000000e+05 in 829 cells 

 Reversed flow on 781 faces of pressure-outlet 7.
  1140  2.6720e-01  2.8680e-05  3.2883e-05  2.8465e-05  1.1783e-03  7.1735e-03  1.2102e-03  0:01:19   10

 turbulent viscosity limited to viscosity ratio of 1.000000e+05 in 829 cells 

 Reversed flow on 792 faces of pressure-outlet 7.
  1141  2.6675e-01  2.8612e-05  3.2888e-05  2.8406e-05  1.1732e-03  6.3489e-03  1.2120e-03  0:01:11    9

 turbulent viscosity limited to viscosity ratio of 1.000000e+05 in 829 cells 

 Reversed flow on 788 faces of pressure-outlet 7.
  1142  2.6655e-01  2.8543e-05  3.2880e-05  2.8340e-05  1.1694e-03  5.8874e-03  1.2138e-03  0:01:03    8

 turbulent viscosity limited to viscosity ratio of 1.000000e+05 in 829 cells 

 Reversed flow on 777 faces of pressure-outlet 7.
  1143  2.6616e-01  2.8484e-05  3.2878e-05  2.8281e-05  1.1681e-03  6.3176e-03  1.2155e-03  0:00:54    7

 turbulent viscosity limited to viscosity ratio of 1.000000e+05 in 829 cells 

 Reversed flow on 777 faces of pressure-outlet 7.
  1144  2.6601e-01  2.8428e-05  3.2876e-05  2.8224e-05  1.1657e-03  6.0866e-03  1.2171e-03  0:00:47    6

 turbulent viscosity limited to viscosity ratio of 1.000000e+05 in 829 cells 

 Reversed flow on 779 faces of pressure-outlet 7.
  1145  2.6583e-01  2.8373e-05  3.2865e-05  2.8168e-05  1.1620e-03  5.9311e-03  1.2186e-03  0:00:39    5

 turbulent viscosity limited to viscosity ratio of 1.000000e+05 in 829 cells 

 Reversed flow on 777 faces of pressure-outlet 7.
  1146  2.6520e-01  2.8318e-05  3.2842e-05  2.8106e-05  1.1588e-03  6.4035e-03  1.2201e-03  0:00:31    4

 turbulent viscosity limited to viscosity ratio of 1.000000e+05 in 829 cells 

 Reversed flow on 778 faces of pressure-outlet 7.

  iter  continuity  x-velocity  y-velocity  z-velocity           k     epsilon  vf-phase-2     time/iter
  1147  2.6473e-01  2.8259e-05  3.2822e-05  2.8045e-05  1.1609e-03  8.4610e-03  1.2214e-03  0:00:24    3

 turbulent viscosity limited to viscosity ratio of 1.000000e+05 in 828 cells 

 Reversed flow on 769 faces of pressure-outlet 7.
  1148  2.6428e-01  2.8203e-05  3.2812e-05  2.7985e-05  1.1556e-03  7.2977e-03  1.2226e-03  0:00:15    2

 turbulent viscosity limited to viscosity ratio of 1.000000e+05 in 828 cells 

 Reversed flow on 755 faces of pressure-outlet 7.
  1149  2.6406e-01  2.8142e-05  3.2796e-05  2.7920e-05  1.1573e-03  8.7758e-03  1.2236e-03  0:00:08    1

 turbulent viscosity limited to viscosity ratio of 1.000000e+05 in 829 cells 

 Reversed flow on 765 faces of pressure-outlet 7.
  1150  2.6368e-01  2.8081e-05  3.2778e-05  2.7858e-05  1.1517e-03  7.8912e-03  1.2246e-03  0:00:00    0
iterate_400: RPC returned
progress: 400/750

  iter  continuity  x-velocity  y-velocity  z-velocity           k     epsilon  vf-phase-2     time/iter
  1150  2.6368e-01  2.8081e-05  3.2778e-05  2.7858e-05  1.1517e-03  7.8912e-03  1.2246e-03  0:03:15   25

 turbulent viscosity limited to viscosity ratio of 1.000000e+05 in 829 cells 

 Reversed flow on 783 faces of pressure-outlet 7.
  1151  2.6332e-01  2.8037e-05  3.2751e-05  2.7802e-05  1.1469e-03  7.2155e-03  1.2255e-03  0:03:08   24

 turbulent viscosity limited to viscosity ratio of 1.000000e+05 in 829 cells 

 Reversed flow on 783 faces of pressure-outlet 7.
  1152  2.6290e-01  2.7978e-05  3.2720e-05  2.7740e-05  1.1442e-03  6.8325e-03  1.2263e-03  0:03:01   23

 turbulent viscosity limited to viscosity ratio of 1.000000e+05 in 829 cells 

 Reversed flow on 782 faces of pressure-outlet 7.
  1153  2.6265e-01  2.7917e-05  3.2694e-05  2.7673e-05  1.1415e-03  6.9808e-03  1.2270e-03  0:02:54   22

 turbulent viscosity limited to viscosity ratio of 1.000000e+05 in 829 cells 

 Reversed flow on 780 faces of pressure-outlet 7.
  1154  2.6204e-01  2.7861e-05  3.2668e-05  2.7611e-05  1.1386e-03  6.6260e-03  1.2276e-03  0:02:42   21

 turbulent viscosity limited to viscosity ratio of 1.000000e+05 in 829 cells 

 Reversed flow on 770 faces of pressure-outlet 7.
  1155  2.6185e-01  2.7813e-05  3.2651e-05  2.7547e-05  1.1367e-03  7.3862e-03  1.2281e-03  0:02:40   20

 turbulent viscosity limited to viscosity ratio of 1.000000e+05 in 829 cells 

 Reversed flow on 777 faces of pressure-outlet 7.
  1156  2.6125e-01  2.7770e-05  3.2633e-05  2.7475e-05  1.1358e-03  8.0094e-03  1.2285e-03  0:02:28   19

 turbulent viscosity limited to viscosity ratio of 1.000000e+05 in 828 cells 

 Reversed flow on 779 faces of pressure-outlet 7.
  1157  2.6063e-01  2.7711e-05  3.2596e-05  2.7407e-05  1.1297e-03  6.3627e-03  1.2287e-03  0:02:21   18

 turbulent viscosity limited to viscosity ratio of 1.000000e+05 in 828 cells 

 Reversed flow on 774 faces of pressure-outlet 7.
  1158  2.6015e-01  2.7661e-05  3.2554e-05  2.7354e-05  1.1293e-03  6.7469e-03  1.2290e-03  0:02:14   17

 turbulent viscosity limited to viscosity ratio of 1.000000e+05 in 828 cells 

 Reversed flow on 785 faces of pressure-outlet 7.
  1159  2.5977e-01  2.7616e-05  3.2525e-05  2.7299e-05  1.1273e-03  6.5516e-03  1.2291e-03  0:02:06   16

 turbulent viscosity limited to viscosity ratio of 1.000000e+05 in 828 cells 

 Reversed flow on 775 faces of pressure-outlet 7.
  1160  2.5962e-01  2.7582e-05  3.2495e-05  2.7238e-05  1.1218e-03  5.3112e-03  1.2292e-03  0:01:59   15

 turbulent viscosity limited to viscosity ratio of 1.000000e+05 in 828 cells 

 Reversed flow on 777 faces of pressure-outlet 7.

  iter  continuity  x-velocity  y-velocity  z-velocity           k     epsilon  vf-phase-2     time/iter
  1161  2.5942e-01  2.7544e-05  3.2458e-05  2.7187e-05  1.1212e-03  5.4748e-03  1.2293e-03  0:01:51   14

 turbulent viscosity limited to viscosity ratio of 1.000000e+05 in 828 cells 

 Reversed flow on 767 faces of pressure-outlet 7.
  1162  2.5914e-01  2.7514e-05  3.2419e-05  2.7135e-05  1.1220e-03  6.9250e-03  1.2292e-03  0:01:41   13

 turbulent viscosity limited to viscosity ratio of 1.000000e+05 in 828 cells 

 Reversed flow on 772 faces of pressure-outlet 7.
  1163  2.5914e-01  2.7487e-05  3.2381e-05  2.7076e-05  1.1233e-03  7.1621e-03  1.2290e-03  0:01:34   12

 turbulent viscosity limited to viscosity ratio of 1.000000e+05 in 829 cells 

 Reversed flow on 768 faces of pressure-outlet 7.
  1164  2.5891e-01  2.7462e-05  3.2354e-05  2.7021e-05  1.1246e-03  7.6440e-03  1.2287e-03  0:01:26   11

 turbulent viscosity limited to viscosity ratio of 1.000000e+05 in 829 cells 

 Reversed flow on 770 faces of pressure-outlet 7.
  1165  2.5871e-01  2.7423e-05  3.2319e-05  2.6973e-05  1.1220e-03  6.6514e-03  1.2284e-03  0:01:19   10

 turbulent viscosity limited to viscosity ratio of 1.000000e+05 in 829 cells 

 Reversed flow on 775 faces of pressure-outlet 7.
  1166  2.5816e-01  2.7396e-05  3.2282e-05  2.6921e-05  1.1200e-03  6.2609e-03  1.2280e-03  0:01:11    9

 turbulent viscosity limited to viscosity ratio of 1.000000e+05 in 829 cells 

 Reversed flow on 764 faces of pressure-outlet 7.
  1167  2.5787e-01  2.7368e-05  3.2236e-05  2.6870e-05  1.1197e-03  6.4279e-03  1.2275e-03  0:01:03    8

 turbulent viscosity limited to viscosity ratio of 1.000000e+05 in 828 cells 

 Reversed flow on 768 faces of pressure-outlet 7.
  1168  2.5753e-01  2.7354e-05  3.2196e-05  2.6835e-05  1.1197e-03  6.4062e-03  1.2270e-03  0:00:54    7

 turbulent viscosity limited to viscosity ratio of 1.000000e+05 in 827 cells 

 Reversed flow on 772 faces of pressure-outlet 7.
  1169  2.5728e-01  2.7327e-05  3.2159e-05  2.6778e-05  1.1184e-03  6.2769e-03  1.2263e-03  0:00:47    6

 turbulent viscosity limited to viscosity ratio of 1.000000e+05 in 827 cells 

 Reversed flow on 767 faces of pressure-outlet 7.
  1170  2.5702e-01  2.7309e-05  3.2122e-05  2.6737e-05  1.1178e-03  5.6816e-03  1.2257e-03  0:00:39    5

 turbulent viscosity limited to viscosity ratio of 1.000000e+05 in 826 cells 

 Reversed flow on 770 faces of pressure-outlet 7.
  1171  2.5665e-01  2.7297e-05  3.2089e-05  2.6709e-05  1.1178e-03  5.2648e-03  1.2250e-03  0:00:31    4

 turbulent viscosity limited to viscosity ratio of 1.000000e+05 in 826 cells 

 Reversed flow on 773 faces of pressure-outlet 7.

  iter  continuity  x-velocity  y-velocity  z-velocity           k     epsilon  vf-phase-2     time/iter
  1172  2.5672e-01  2.7279e-05  3.2056e-05  2.6673e-05  1.1190e-03  5.8205e-03  1.2242e-03  0:00:24    3

 turbulent viscosity limited to viscosity ratio of 1.000000e+05 in 825 cells 

 Reversed flow on 770 faces of pressure-outlet 7.
  1173  2.5670e-01  2.7269e-05  3.2023e-05  2.6642e-05  1.1193e-03  5.8377e-03  1.2234e-03  0:00:16    2

 turbulent viscosity limited to viscosity ratio of 1.000000e+05 in 826 cells 

 Reversed flow on 766 faces of pressure-outlet 7.
  1174  2.5659e-01  2.7255e-05  3.1991e-05  2.6605e-05  1.1188e-03  6.0257e-03  1.2225e-03  0:00:08    1

 turbulent viscosity limited to viscosity ratio of 1.000000e+05 in 826 cells 

 Reversed flow on 764 faces of pressure-outlet 7.
  1175  2.5630e-01  2.7242e-05  3.1957e-05  2.6578e-05  1.1177e-03  5.3502e-03  1.2215e-03  0:00:00    0
iterate_425: RPC returned
progress: 425/750

  iter  continuity  x-velocity  y-velocity  z-velocity           k     epsilon  vf-phase-2     time/iter
  1175  2.5630e-01  2.7242e-05  3.1957e-05  2.6578e-05  1.1177e-03  5.3502e-03  1.2215e-03  0:03:14   25

 turbulent viscosity limited to viscosity ratio of 1.000000e+05 in 826 cells 

 Reversed flow on 761 faces of pressure-outlet 7.
  1176  2.5611e-01  2.7224e-05  3.1920e-05  2.6543e-05  1.1197e-03  6.3386e-03  1.2206e-03  0:03:07   24

 turbulent viscosity limited to viscosity ratio of 1.000000e+05 in 825 cells 

 Reversed flow on 758 faces of pressure-outlet 7.
  1177  2.5582e-01  2.7210e-05  3.1884e-05  2.6517e-05  1.1171e-03  5.7678e-03  1.2196e-03  0:03:00   23

 turbulent viscosity limited to viscosity ratio of 1.000000e+05 in 825 cells 

 Reversed flow on 756 faces of pressure-outlet 7.
  1178  2.5548e-01  2.7193e-05  3.1846e-05  2.6495e-05  1.1170e-03  5.4729e-03  1.2186e-03  0:02:53   22

 turbulent viscosity limited to viscosity ratio of 1.000000e+05 in 824 cells 

 Reversed flow on 757 faces of pressure-outlet 7.
  1179  2.5529e-01  2.7183e-05  3.1816e-05  2.6476e-05  1.1166e-03  5.3662e-03  1.2176e-03  0:02:46   21

 turbulent viscosity limited to viscosity ratio of 1.000000e+05 in 824 cells 

 Reversed flow on 755 faces of pressure-outlet 7.
  1180  2.5521e-01  2.7173e-05  3.1789e-05  2.6454e-05  1.1143e-03  4.4979e-03  1.2166e-03  0:02:34   20

 turbulent viscosity limited to viscosity ratio of 1.000000e+05 in 824 cells 

 Reversed flow on 745 faces of pressure-outlet 7.
  1181  2.5517e-01  2.7163e-05  3.1764e-05  2.6437e-05  1.1158e-03  5.1093e-03  1.2157e-03  0:02:28   19

 turbulent viscosity limited to viscosity ratio of 1.000000e+05 in 824 cells 

 Reversed flow on 740 faces of pressure-outlet 7.
  1182  2.5508e-01  2.7161e-05  3.1728e-05  2.6429e-05  1.1150e-03  4.7494e-03  1.2147e-03  0:02:21   18

 turbulent viscosity limited to viscosity ratio of 1.000000e+05 in 824 cells 

 Reversed flow on 758 faces of pressure-outlet 7.
  1183  2.5494e-01  2.7158e-05  3.1690e-05  2.6415e-05  1.1146e-03  5.6267e-03  1.2136e-03  0:02:14   17

 turbulent viscosity limited to viscosity ratio of 1.000000e+05 in 824 cells 

 Reversed flow on 752 faces of pressure-outlet 7.
  1184  2.5447e-01  2.7152e-05  3.1653e-05  2.6405e-05  1.1150e-03  4.9248e-03  1.2126e-03  0:02:06   16

 turbulent viscosity limited to viscosity ratio of 1.000000e+05 in 824 cells 

 Reversed flow on 756 faces of pressure-outlet 7.
  1185  2.5447e-01  2.7142e-05  3.1623e-05  2.6399e-05  1.1142e-03  5.0359e-03  1.2114e-03  0:01:59   15

 turbulent viscosity limited to viscosity ratio of 1.000000e+05 in 824 cells 

 Reversed flow on 751 faces of pressure-outlet 7.

  iter  continuity  x-velocity  y-velocity  z-velocity           k     epsilon  vf-phase-2     time/iter
  1186  2.5443e-01  2.7131e-05  3.1596e-05  2.6391e-05  1.1150e-03  4.8438e-03  1.2101e-03  0:01:48   14

 turbulent viscosity limited to viscosity ratio of 1.000000e+05 in 824 cells 

 Reversed flow on 750 faces of pressure-outlet 7.
  1187  2.5438e-01  2.7124e-05  3.1565e-05  2.6384e-05  1.1159e-03  5.7941e-03  1.2088e-03  0:01:41   13

 turbulent viscosity limited to viscosity ratio of 1.000000e+05 in 824 cells 

 Reversed flow on 743 faces of pressure-outlet 7.
  1188  2.5441e-01  2.7119e-05  3.1547e-05  2.6383e-05  1.1131e-03  5.0991e-03  1.2075e-03  0:01:34   12

 turbulent viscosity limited to viscosity ratio of 1.000000e+05 in 824 cells 

 Reversed flow on 741 faces of pressure-outlet 7.
  1189  2.5428e-01  2.7102e-05  3.1516e-05  2.6373e-05  1.1136e-03  5.3354e-03  1.2062e-03  0:01:26   11

 turbulent viscosity limited to viscosity ratio of 1.000000e+05 in 824 cells 

 Reversed flow on 744 faces of pressure-outlet 7.
  1190  2.5419e-01  2.7089e-05  3.1485e-05  2.6368e-05  1.1144e-03  5.9188e-03  1.2050e-03  0:01:19   10

 turbulent viscosity limited to viscosity ratio of 1.000000e+05 in 823 cells 

 Reversed flow on 739 faces of pressure-outlet 7.
  1191  2.5426e-01  2.7082e-05  3.1457e-05  2.6369e-05  1.1130e-03  5.2030e-03  1.2037e-03  0:01:11    9

 turbulent viscosity limited to viscosity ratio of 1.000000e+05 in 823 cells 

 Reversed flow on 738 faces of pressure-outlet 7.
  1192  2.5420e-01  2.7070e-05  3.1436e-05  2.6376e-05  1.1097e-03  4.3638e-03  1.2024e-03  0:01:02    8

 turbulent viscosity limited to viscosity ratio of 1.000000e+05 in 823 cells 

 Reversed flow on 741 faces of pressure-outlet 7.
  1193  2.5433e-01  2.7053e-05  3.1409e-05  2.6374e-05  1.1112e-03  5.0809e-03  1.2012e-03  0:00:54    7

 turbulent viscosity limited to viscosity ratio of 1.000000e+05 in 823 cells 

 Reversed flow on 740 faces of pressure-outlet 7.
  1194  2.5409e-01  2.7044e-05  3.1386e-05  2.6385e-05  1.1093e-03  4.6866e-03  1.1999e-03  0:00:47    6

 turbulent viscosity limited to viscosity ratio of 1.000000e+05 in 822 cells 

 Reversed flow on 731 faces of pressure-outlet 7.
  1195  2.5410e-01  2.7028e-05  3.1351e-05  2.6375e-05  1.1072e-03  4.4205e-03  1.1987e-03  0:00:39    5

 turbulent viscosity limited to viscosity ratio of 1.000000e+05 in 822 cells 

 Reversed flow on 738 faces of pressure-outlet 7.
  1196  2.5399e-01  2.7005e-05  3.1331e-05  2.6378e-05  1.1064e-03  3.8320e-03  1.1975e-03  0:00:32    4

 turbulent viscosity limited to viscosity ratio of 1.000000e+05 in 823 cells 

 Reversed flow on 733 faces of pressure-outlet 7.

  iter  continuity  x-velocity  y-velocity  z-velocity           k     epsilon  vf-phase-2     time/iter
  1197  2.5391e-01  2.6984e-05  3.1302e-05  2.6384e-05  1.1076e-03  4.3688e-03  1.1963e-03  0:00:24    3

 turbulent viscosity limited to viscosity ratio of 1.000000e+05 in 823 cells 

 Reversed flow on 737 faces of pressure-outlet 7.
  1198  2.5371e-01  2.6970e-05  3.1283e-05  2.6386e-05  1.1082e-03  4.9353e-03  1.1951e-03  0:00:16    2

 turbulent viscosity limited to viscosity ratio of 1.000000e+05 in 823 cells 

 Reversed flow on 741 faces of pressure-outlet 7.
  1199  2.5342e-01  2.6946e-05  3.1258e-05  2.6387e-05  1.1085e-03  4.9905e-03  1.1940e-03  0:00:08    1

 turbulent viscosity limited to viscosity ratio of 1.000000e+05 in 823 cells 

 Reversed flow on 745 faces of pressure-outlet 7.
  1200  2.5313e-01  2.6919e-05  3.1234e-05  2.6401e-05  1.1078e-03  4.5172e-03  1.1929e-03  0:00:00    0
iterate_450: RPC returned
progress: 450/750

  iter  continuity  x-velocity  y-velocity  z-velocity           k     epsilon  vf-phase-2     time/iter
  1200  2.5313e-01  2.6919e-05  3.1234e-05  2.6401e-05  1.1078e-03  4.5172e-03  1.1929e-03  0:03:15   25

 turbulent viscosity limited to viscosity ratio of 1.000000e+05 in 823 cells 

 Reversed flow on 737 faces of pressure-outlet 7.
  1201  2.5290e-01  2.6905e-05  3.1208e-05  2.6412e-05  1.1091e-03  4.6463e-03  1.1918e-03  0:03:08   24

 turbulent viscosity limited to viscosity ratio of 1.000000e+05 in 823 cells 

 Reversed flow on 744 faces of pressure-outlet 7.
  1202  2.5298e-01  2.6886e-05  3.1187e-05  2.6426e-05  1.1099e-03  5.1754e-03  1.1908e-03  0:03:01   23

 turbulent viscosity limited to viscosity ratio of 1.000000e+05 in 823 cells 

 Reversed flow on 749 faces of pressure-outlet 7.
  1203  2.5277e-01  2.6859e-05  3.1159e-05  2.6433e-05  1.1098e-03  5.1190e-03  1.1898e-03  0:02:54   22

 turbulent viscosity limited to viscosity ratio of 1.000000e+05 in 823 cells 

 Reversed flow on 733 faces of pressure-outlet 7.
  1204  2.5267e-01  2.6836e-05  3.1131e-05  2.6447e-05  1.1105e-03  5.1658e-03  1.1887e-03  0:02:42   21

 turbulent viscosity limited to viscosity ratio of 1.000000e+05 in 823 cells 

 Reversed flow on 736 faces of pressure-outlet 7.
  1205  2.5259e-01  2.6808e-05  3.1116e-05  2.6461e-05  1.1095e-03  5.0393e-03  1.1878e-03  0:02:35   20

 turbulent viscosity limited to viscosity ratio of 1.000000e+05 in 823 cells 

 Reversed flow on 741 faces of pressure-outlet 7.
  1206  2.5234e-01  2.6775e-05  3.1092e-05  2.6478e-05  1.1104e-03  4.8987e-03  1.1867e-03  0:02:29   19

 turbulent viscosity limited to viscosity ratio of 1.000000e+05 in 823 cells 

 Reversed flow on 734 faces of pressure-outlet 7.
  1207  2.5207e-01  2.6741e-05  3.1062e-05  2.6494e-05  1.1096e-03  4.7214e-03  1.1858e-03  0:02:21   18

 turbulent viscosity limited to viscosity ratio of 1.000000e+05 in 823 cells 

 Reversed flow on 727 faces of pressure-outlet 7.
  1208  2.5178e-01  2.6706e-05  3.1043e-05  2.6518e-05  1.1113e-03  4.9843e-03  1.1848e-03  0:02:14   17

 turbulent viscosity limited to viscosity ratio of 1.000000e+05 in 823 cells 

 Reversed flow on 721 faces of pressure-outlet 7.
  1209  2.5159e-01  2.6671e-05  3.1024e-05  2.6537e-05  1.1106e-03  4.6139e-03  1.1839e-03  0:02:03   16

 turbulent viscosity limited to viscosity ratio of 1.000000e+05 in 822 cells 

 Reversed flow on 735 faces of pressure-outlet 7.
  1210  2.5133e-01  2.6649e-05  3.0998e-05  2.6558e-05  1.1113e-03  4.5944e-03  1.1829e-03  0:01:56   15

 turbulent viscosity limited to viscosity ratio of 1.000000e+05 in 821 cells 

 Reversed flow on 735 faces of pressure-outlet 7.

  iter  continuity  x-velocity  y-velocity  z-velocity           k     epsilon  vf-phase-2     time/iter
  1211  2.5106e-01  2.6626e-05  3.0974e-05  2.6568e-05  1.1110e-03  4.2174e-03  1.1819e-03  0:01:49   14

 turbulent viscosity limited to viscosity ratio of 1.000000e+05 in 821 cells 

 Reversed flow on 736 faces of pressure-outlet 7.
  1212  2.5096e-01  2.6593e-05  3.0948e-05  2.6582e-05  1.1126e-03  4.6855e-03  1.1809e-03  0:01:42   13

 turbulent viscosity limited to viscosity ratio of 1.000000e+05 in 821 cells 

 Reversed flow on 732 faces of pressure-outlet 7.
  1213  2.5084e-01  2.6560e-05  3.0929e-05  2.6596e-05  1.1121e-03  4.7871e-03  1.1799e-03  0:01:35   12

 turbulent viscosity limited to viscosity ratio of 1.000000e+05 in 821 cells 

 Reversed flow on 737 faces of pressure-outlet 7.
  1214  2.5081e-01  2.6525e-05  3.0913e-05  2.6613e-05  1.1130e-03  4.4164e-03  1.1789e-03  0:01:27   11

 turbulent viscosity limited to viscosity ratio of 1.000000e+05 in 820 cells 

 Reversed flow on 735 faces of pressure-outlet 7.
  1215  2.5066e-01  2.6486e-05  3.0894e-05  2.6630e-05  1.1145e-03  5.0936e-03  1.1779e-03  0:01:17   10

 turbulent viscosity limited to viscosity ratio of 1.000000e+05 in 820 cells 

 Reversed flow on 736 faces of pressure-outlet 7.
  1216  2.5105e-01  2.6455e-05  3.0889e-05  2.6649e-05  1.1165e-03  4.6767e-03  1.1770e-03  0:01:10    9

 turbulent viscosity limited to viscosity ratio of 1.000000e+05 in 820 cells 

 Reversed flow on 728 faces of pressure-outlet 7.
  1217  2.5088e-01  2.6429e-05  3.0882e-05  2.6671e-05  1.1157e-03  4.4330e-03  1.1760e-03  0:01:03    8

 turbulent viscosity limited to viscosity ratio of 1.000000e+05 in 820 cells 

 Reversed flow on 729 faces of pressure-outlet 7.
  1218  2.5068e-01  2.6390e-05  3.0870e-05  2.6685e-05  1.1166e-03  4.3230e-03  1.1750e-03  0:00:55    7

 turbulent viscosity limited to viscosity ratio of 1.000000e+05 in 818 cells 

 Reversed flow on 740 faces of pressure-outlet 7.
  1219  2.5065e-01  2.6354e-05  3.0856e-05  2.6695e-05  1.1164e-03  4.2534e-03  1.1740e-03  0:00:47    6

 turbulent viscosity limited to viscosity ratio of 1.000000e+05 in 817 cells 

 Reversed flow on 740 faces of pressure-outlet 7.
  1220  2.5061e-01  2.6319e-05  3.0841e-05  2.6710e-05  1.1167e-03  4.1541e-03  1.1730e-03  0:00:40    5

 turbulent viscosity limited to viscosity ratio of 1.000000e+05 in 817 cells 

 Reversed flow on 734 faces of pressure-outlet 7.
  1221  2.5041e-01  2.6287e-05  3.0832e-05  2.6715e-05  1.1181e-03  4.2197e-03  1.1721e-03  0:00:32    4

 turbulent viscosity limited to viscosity ratio of 1.000000e+05 in 817 cells 

 Reversed flow on 732 faces of pressure-outlet 7.

  iter  continuity  x-velocity  y-velocity  z-velocity           k     epsilon  vf-phase-2     time/iter
  1222  2.5011e-01  2.6252e-05  3.0823e-05  2.6731e-05  1.1190e-03  4.1265e-03  1.1712e-03  0:00:23    3

 turbulent viscosity limited to viscosity ratio of 1.000000e+05 in 817 cells 

 Reversed flow on 734 faces of pressure-outlet 7.
  1223  2.4975e-01  2.6213e-05  3.0820e-05  2.6733e-05  1.1194e-03  4.1401e-03  1.1703e-03  0:00:16    2

 turbulent viscosity limited to viscosity ratio of 1.000000e+05 in 818 cells 

 Reversed flow on 736 faces of pressure-outlet 7.
  1224  2.4943e-01  2.6176e-05  3.0806e-05  2.6730e-05  1.1210e-03  4.4884e-03  1.1695e-03  0:00:08    1

 turbulent viscosity limited to viscosity ratio of 1.000000e+05 in 818 cells 

 Reversed flow on 731 faces of pressure-outlet 7.
  1225  2.4935e-01  2.6138e-05  3.0797e-05  2.6734e-05  1.1228e-03  5.2220e-03  1.1687e-03  0:00:00    0
iterate_475: RPC returned
progress: 475/750

  iter  continuity  x-velocity  y-velocity  z-velocity           k     epsilon  vf-phase-2     time/iter
  1225  2.4935e-01  2.6138e-05  3.0797e-05  2.6734e-05  1.1228e-03  5.2220e-03  1.1687e-03  0:03:17   25

 turbulent viscosity limited to viscosity ratio of 1.000000e+05 in 819 cells 

 Reversed flow on 741 faces of pressure-outlet 7.
  1226  2.4930e-01  2.6117e-05  3.0795e-05  2.6745e-05  1.1244e-03  4.8877e-03  1.1679e-03  0:03:14   24

 turbulent viscosity limited to viscosity ratio of 1.000000e+05 in 819 cells 

 Reversed flow on 738 faces of pressure-outlet 7.
  1227  2.4949e-01  2.6100e-05  3.0789e-05  2.6743e-05  1.1245e-03  5.0058e-03  1.1672e-03  0:03:01   23

 turbulent viscosity limited to viscosity ratio of 1.000000e+05 in 819 cells 

 Reversed flow on 744 faces of pressure-outlet 7.
  1228  2.4926e-01  2.6075e-05  3.0781e-05  2.6735e-05  1.1232e-03  4.2425e-03  1.1665e-03  0:02:54   22

 turbulent viscosity limited to viscosity ratio of 1.000000e+05 in 820 cells 

 Reversed flow on 754 faces of pressure-outlet 7.
  1229  2.4894e-01  2.6039e-05  3.0772e-05  2.6729e-05  1.1235e-03  4.1247e-03  1.1657e-03  0:02:46   21

 turbulent viscosity limited to viscosity ratio of 1.000000e+05 in 820 cells 

 Reversed flow on 744 faces of pressure-outlet 7.
  1230  2.4885e-01  2.6008e-05  3.0773e-05  2.6728e-05  1.1243e-03  4.1839e-03  1.1651e-03  0:02:39   20

 turbulent viscosity limited to viscosity ratio of 1.000000e+05 in 820 cells 

 Reversed flow on 749 faces of pressure-outlet 7.
  1231  2.4880e-01  2.5977e-05  3.0774e-05  2.6727e-05  1.1265e-03  5.0071e-03  1.1644e-03  0:02:31   19

 turbulent viscosity limited to viscosity ratio of 1.000000e+05 in 820 cells 

 Reversed flow on 756 faces of pressure-outlet 7.
  1232  2.4856e-01  2.5973e-05  3.0777e-05  2.6720e-05  1.1282e-03  4.7245e-03  1.1637e-03  0:02:23   18

 turbulent viscosity limited to viscosity ratio of 1.000000e+05 in 820 cells 

 Reversed flow on 754 faces of pressure-outlet 7.
  1233  2.4855e-01  2.5951e-05  3.0778e-05  2.6698e-05  1.1300e-03  5.5878e-03  1.1631e-03  0:02:15   17

 turbulent viscosity limited to viscosity ratio of 1.000000e+05 in 820 cells 

 Reversed flow on 748 faces of pressure-outlet 7.
  1234  2.4830e-01  2.5939e-05  3.0777e-05  2.6684e-05  1.1317e-03  5.2179e-03  1.1624e-03  0:02:08   16

 turbulent viscosity limited to viscosity ratio of 1.000000e+05 in 820 cells 

 Reversed flow on 754 faces of pressure-outlet 7.
  1235  2.4808e-01  2.5917e-05  3.0777e-05  2.6659e-05  1.1334e-03  5.2645e-03  1.1618e-03  0:01:57   15

 turbulent viscosity limited to viscosity ratio of 1.000000e+05 in 820 cells 

 Reversed flow on 762 faces of pressure-outlet 7.

  iter  continuity  x-velocity  y-velocity  z-velocity           k     epsilon  vf-phase-2     time/iter
  1236  2.4772e-01  2.5909e-05  3.0781e-05  2.6635e-05  1.1342e-03  5.0095e-03  1.1612e-03  0:01:50   14

 turbulent viscosity limited to viscosity ratio of 1.000000e+05 in 820 cells 

 Reversed flow on 758 faces of pressure-outlet 7.
  1237  2.4747e-01  2.5897e-05  3.0788e-05  2.6600e-05  1.1351e-03  4.8283e-03  1.1607e-03  0:01:42   13

 turbulent viscosity limited to viscosity ratio of 1.000000e+05 in 820 cells 

 Reversed flow on 761 faces of pressure-outlet 7.
  1238  2.4724e-01  2.5881e-05  3.0794e-05  2.6565e-05  1.1373e-03  4.8444e-03  1.1602e-03  0:01:35   12

 turbulent viscosity limited to viscosity ratio of 1.000000e+05 in 820 cells 

 Reversed flow on 759 faces of pressure-outlet 7.
  1239  2.4681e-01  2.5880e-05  3.0792e-05  2.6542e-05  1.1372e-03  4.3373e-03  1.1597e-03  0:01:27   11

 turbulent viscosity limited to viscosity ratio of 1.000000e+05 in 820 cells 

 Reversed flow on 761 faces of pressure-outlet 7.
  1240  2.4695e-01  2.5886e-05  3.0798e-05  2.6509e-05  1.1377e-03  4.2453e-03  1.1591e-03  0:01:19   10

 turbulent viscosity limited to viscosity ratio of 1.000000e+05 in 820 cells 

 Reversed flow on 771 faces of pressure-outlet 7.
  1241  2.4675e-01  2.5885e-05  3.0798e-05  2.6482e-05  1.1393e-03  3.9784e-03  1.1586e-03  0:01:11    9

 turbulent viscosity limited to viscosity ratio of 1.000000e+05 in 820 cells 

 Reversed flow on 765 faces of pressure-outlet 7.
  1242  2.4664e-01  2.5885e-05  3.0802e-05  2.6454e-05  1.1429e-03  4.7855e-03  1.1581e-03  0:01:02    8

 turbulent viscosity limited to viscosity ratio of 1.000000e+05 in 820 cells 

 Reversed flow on 774 faces of pressure-outlet 7.
  1243  2.4651e-01  2.5886e-05  3.0811e-05  2.6424e-05  1.1429e-03  4.3901e-03  1.1577e-03  0:00:55    7

 turbulent viscosity limited to viscosity ratio of 1.000000e+05 in 820 cells 

 Reversed flow on 766 faces of pressure-outlet 7.
  1244  2.4630e-01  2.5889e-05  3.0813e-05  2.6378e-05  1.1458e-03  4.6218e-03  1.1573e-03  0:00:47    6

 turbulent viscosity limited to viscosity ratio of 1.000000e+05 in 820 cells 

 Reversed flow on 766 faces of pressure-outlet 7.
  1245  2.4611e-01  2.5891e-05  3.0819e-05  2.6337e-05  1.1462e-03  4.0776e-03  1.1569e-03  0:00:39    5

 turbulent viscosity limited to viscosity ratio of 1.000000e+05 in 818 cells 

 Reversed flow on 769 faces of pressure-outlet 7.
  1246  2.4606e-01  2.5898e-05  3.0823e-05  2.6291e-05  1.1504e-03  5.7319e-03  1.1565e-03  0:00:32    4

 turbulent viscosity limited to viscosity ratio of 1.000000e+05 in 818 cells 

 Reversed flow on 765 faces of pressure-outlet 7.

  iter  continuity  x-velocity  y-velocity  z-velocity           k     epsilon  vf-phase-2     time/iter
  1247  2.4639e-01  2.5905e-05  3.0831e-05  2.6250e-05  1.1618e-03  5.0695e-02  1.1562e-03  0:00:24    3

 turbulent viscosity limited to viscosity ratio of 1.000000e+05 in 819 cells 

 Reversed flow on 766 faces of pressure-outlet 7.
  1248  2.4639e-01  2.5955e-05  3.0959e-05  2.6243e-05  1.1885e-03  1.2604e-01  1.1557e-03  0:00:16    2

 turbulent viscosity limited to viscosity ratio of 1.000000e+05 in 819 cells 

 Reversed flow on 769 faces of pressure-outlet 7.
  1249  2.4685e-01  2.6158e-05  3.1088e-05  2.6393e-05  1.2384e-03  1.0955e-01  1.1553e-03  0:00:08    1

 turbulent viscosity limited to viscosity ratio of 1.000000e+05 in 820 cells 

 Reversed flow on 767 faces of pressure-outlet 7.
  1250  2.4723e-01  2.6004e-05  3.0909e-05  2.6215e-05  1.1996e-03  4.3858e-02  1.1550e-03  0:00:00    0
iterate_500: RPC returned
progress: 500/750

  iter  continuity  x-velocity  y-velocity  z-velocity           k     epsilon  vf-phase-2     time/iter
  1250  2.4723e-01  2.6004e-05  3.0909e-05  2.6215e-05  1.1996e-03  4.3858e-02  1.1550e-03  0:03:14   25

 turbulent viscosity limited to viscosity ratio of 1.000000e+05 in 820 cells 

 Reversed flow on 778 faces of pressure-outlet 7.
  1251  2.4778e-01  2.5992e-05  3.0916e-05  2.6125e-05  1.1666e-03  1.0719e-02  1.1546e-03  0:03:07   24

 turbulent viscosity limited to viscosity ratio of 1.000000e+05 in 820 cells 

 Reversed flow on 783 faces of pressure-outlet 7.
  1252  2.4706e-01  2.6008e-05  3.0893e-05  2.6069e-05  1.1573e-03  6.0749e-03  1.1541e-03  0:03:00   23

 turbulent viscosity limited to viscosity ratio of 1.000000e+05 in 820 cells 

 Reversed flow on 770 faces of pressure-outlet 7.
  1253  2.4587e-01  2.6002e-05  3.0885e-05  2.6017e-05  1.1575e-03  5.4614e-03  1.1536e-03  0:02:53   22

 turbulent viscosity limited to viscosity ratio of 1.000000e+05 in 820 cells 

 Reversed flow on 759 faces of pressure-outlet 7.
  1254  2.4563e-01  2.6006e-05  3.0893e-05  2.5979e-05  1.1594e-03  5.0447e-03  1.1532e-03  0:02:46   21

 turbulent viscosity limited to viscosity ratio of 1.000000e+05 in 820 cells 

 Reversed flow on 753 faces of pressure-outlet 7.
  1255  2.4531e-01  2.6003e-05  3.0862e-05  2.5910e-05  1.1577e-03  4.6300e-03  1.1527e-03  0:02:38   20

 turbulent viscosity limited to viscosity ratio of 1.000000e+05 in 820 cells 

 Reversed flow on 763 faces of pressure-outlet 7.
  1256  2.4507e-01  2.5997e-05  3.0847e-05  2.5849e-05  1.1585e-03  4.9050e-03  1.1521e-03  0:02:27   19

 turbulent viscosity limited to viscosity ratio of 1.000000e+05 in 820 cells 

 Reversed flow on 760 faces of pressure-outlet 7.
  1257  2.4498e-01  2.5999e-05  3.0839e-05  2.5807e-05  1.1602e-03  5.1384e-03  1.1515e-03  0:02:20   18

 turbulent viscosity limited to viscosity ratio of 1.000000e+05 in 820 cells 

 Reversed flow on 761 faces of pressure-outlet 7.
  1258  2.4489e-01  2.6002e-05  3.0832e-05  2.5769e-05  1.1600e-03  4.7936e-03  1.1508e-03  0:02:13   17

 turbulent viscosity limited to viscosity ratio of 1.000000e+05 in 819 cells 

 Reversed flow on 757 faces of pressure-outlet 7.
  1259  2.4478e-01  2.6003e-05  3.0824e-05  2.5720e-05  1.1615e-03  5.2324e-03  1.1501e-03  0:02:06   16

 turbulent viscosity limited to viscosity ratio of 1.000000e+05 in 818 cells 

 Reversed flow on 764 faces of pressure-outlet 7.
  1260  2.4458e-01  2.5995e-05  3.0814e-05  2.5677e-05  1.1625e-03  5.9900e-03  1.1494e-03  0:02:01   15

 turbulent viscosity limited to viscosity ratio of 1.000000e+05 in 818 cells 

 Reversed flow on 760 faces of pressure-outlet 7.

  iter  continuity  x-velocity  y-velocity  z-velocity           k     epsilon  vf-phase-2     time/iter
  1261  2.4446e-01  2.5995e-05  3.0806e-05  2.5640e-05  1.1621e-03  5.7149e-03  1.1487e-03  0:01:53   14

 turbulent viscosity limited to viscosity ratio of 1.000000e+05 in 818 cells 

 Reversed flow on 747 faces of pressure-outlet 7.
  1262  2.4443e-01  2.5993e-05  3.0803e-05  2.5602e-05  1.1633e-03  5.5215e-03  1.1480e-03  0:01:45   13

 turbulent viscosity limited to viscosity ratio of 1.000000e+05 in 818 cells 

 Reversed flow on 749 faces of pressure-outlet 7.
  1263  2.4434e-01  2.5988e-05  3.0790e-05  2.5564e-05  1.1611e-03  4.7189e-03  1.1473e-03  0:01:37   12

 turbulent viscosity limited to viscosity ratio of 1.000000e+05 in 817 cells 

 Reversed flow on 742 faces of pressure-outlet 7.
  1264  2.4436e-01  2.5977e-05  3.0782e-05  2.5525e-05  1.1630e-03  5.2773e-03  1.1466e-03  0:01:31   11

 turbulent viscosity limited to viscosity ratio of 1.000000e+05 in 818 cells 

 Reversed flow on 756 faces of pressure-outlet 7.
  1265  2.4414e-01  2.5973e-05  3.0773e-05  2.5481e-05  1.1618e-03  4.8974e-03  1.1461e-03  0:01:22   10

 turbulent viscosity limited to viscosity ratio of 1.000000e+05 in 818 cells 

 Reversed flow on 757 faces of pressure-outlet 7.
  1266  2.4422e-01  2.5967e-05  3.0767e-05  2.5439e-05  1.1626e-03  5.0896e-03  1.1455e-03  0:01:13    9

 turbulent viscosity limited to viscosity ratio of 1.000000e+05 in 818 cells 

 Reversed flow on 757 faces of pressure-outlet 7.
  1267  2.4396e-01  2.5940e-05  3.0759e-05  2.5396e-05  1.1618e-03  4.3402e-03  1.1449e-03  0:01:05    8

 turbulent viscosity limited to viscosity ratio of 1.000000e+05 in 818 cells 

 Reversed flow on 752 faces of pressure-outlet 7.
  1268  2.4376e-01  2.5915e-05  3.0757e-05  2.5359e-05  1.1628e-03  4.5979e-03  1.1443e-03  0:00:57    7

 turbulent viscosity limited to viscosity ratio of 1.000000e+05 in 818 cells 

 Reversed flow on 756 faces of pressure-outlet 7.
  1269  2.4378e-01  2.5900e-05  3.0752e-05  2.5327e-05  1.1631e-03  4.3691e-03  1.1438e-03  0:00:48    6

 turbulent viscosity limited to viscosity ratio of 1.000000e+05 in 818 cells 

 Reversed flow on 751 faces of pressure-outlet 7.
  1270  2.4367e-01  2.5882e-05  3.0752e-05  2.5290e-05  1.1636e-03  4.1738e-03  1.1432e-03  0:00:40    5

 turbulent viscosity limited to viscosity ratio of 1.000000e+05 in 817 cells 

 Reversed flow on 752 faces of pressure-outlet 7.
  1271  2.4372e-01  2.5866e-05  3.0758e-05  2.5263e-05  1.1647e-03  4.3097e-03  1.1426e-03  0:00:32    4

 turbulent viscosity limited to viscosity ratio of 1.000000e+05 in 817 cells 

 Reversed flow on 756 faces of pressure-outlet 7.

  iter  continuity  x-velocity  y-velocity  z-velocity           k     epsilon  vf-phase-2     time/iter
  1272  2.4378e-01  2.5846e-05  3.0757e-05  2.5228e-05  1.1687e-03  5.9787e-03  1.1420e-03  0:00:24    3

 turbulent viscosity limited to viscosity ratio of 1.000000e+05 in 817 cells 

 Reversed flow on 748 faces of pressure-outlet 7.
  1273  2.4376e-01  2.5818e-05  3.0752e-05  2.5210e-05  1.1712e-03  6.2326e-03  1.1413e-03  0:00:16    2

 turbulent viscosity limited to viscosity ratio of 1.000000e+05 in 817 cells 

 Reversed flow on 750 faces of pressure-outlet 7.
  1274  2.4368e-01  2.5800e-05  3.0761e-05  2.5181e-05  1.1753e-03  6.5307e-03  1.1406e-03  0:00:08    1

 turbulent viscosity limited to viscosity ratio of 1.000000e+05 in 817 cells 

 Reversed flow on 756 faces of pressure-outlet 7.
  1275  2.4373e-01  2.5781e-05  3.0776e-05  2.5161e-05  1.1731e-03  5.1844e-03  1.1400e-03  0:00:00    0
iterate_525: RPC returned
progress: 525/750

  iter  continuity  x-velocity  y-velocity  z-velocity           k     epsilon  vf-phase-2     time/iter
  1275  2.4373e-01  2.5781e-05  3.0776e-05  2.5161e-05  1.1731e-03  5.1844e-03  1.1400e-03  0:03:24   25

 turbulent viscosity limited to viscosity ratio of 1.000000e+05 in 817 cells 

 Reversed flow on 746 faces of pressure-outlet 7.
  1276  2.4354e-01  2.5760e-05  3.0788e-05  2.5139e-05  1.1753e-03  5.9696e-03  1.1393e-03  0:03:20   24

 turbulent viscosity limited to viscosity ratio of 1.000000e+05 in 816 cells 

 Reversed flow on 751 faces of pressure-outlet 7.
  1277  2.4315e-01  2.5744e-05  3.0793e-05  2.5120e-05  1.1765e-03  6.0402e-03  1.1387e-03  0:03:10   23

 turbulent viscosity limited to viscosity ratio of 1.000000e+05 in 816 cells 

 Reversed flow on 753 faces of pressure-outlet 7.
  1278  2.4298e-01  2.5729e-05  3.0789e-05  2.5106e-05  1.1763e-03  5.2945e-03  1.1382e-03  0:03:00   22

 turbulent viscosity limited to viscosity ratio of 1.000000e+05 in 818 cells 

 Reversed flow on 751 faces of pressure-outlet 7.
  1279  2.4281e-01  2.5715e-05  3.0790e-05  2.5076e-05  1.1784e-03  5.3328e-03  1.1376e-03  0:02:51   21

 turbulent viscosity limited to viscosity ratio of 1.000000e+05 in 818 cells 

 Reversed flow on 747 faces of pressure-outlet 7.
  1280  2.4255e-01  2.5701e-05  3.0803e-05  2.5054e-05  1.1789e-03  5.1628e-03  1.1371e-03  0:02:43   20

 turbulent viscosity limited to viscosity ratio of 1.000000e+05 in 818 cells 

 Reversed flow on 740 faces of pressure-outlet 7.
  1281  2.4255e-01  2.5690e-05  3.0818e-05  2.5035e-05  1.1787e-03  5.0123e-03  1.1366e-03  0:02:34   19

 turbulent viscosity limited to viscosity ratio of 1.000000e+05 in 818 cells 

 Reversed flow on 742 faces of pressure-outlet 7.
  1282  2.4258e-01  2.5685e-05  3.0832e-05  2.5027e-05  1.1804e-03  5.1156e-03  1.1361e-03  0:02:26   18

 turbulent viscosity limited to viscosity ratio of 1.000000e+05 in 818 cells 

 Reversed flow on 746 faces of pressure-outlet 7.
  1283  2.4271e-01  2.5678e-05  3.0850e-05  2.5014e-05  1.1808e-03  4.8425e-03  1.1355e-03  0:02:17   17

 turbulent viscosity limited to viscosity ratio of 1.000000e+05 in 818 cells 

 Reversed flow on 739 faces of pressure-outlet 7.
  1284  2.4283e-01  2.5690e-05  3.0863e-05  2.5006e-05  1.1825e-03  5.2247e-03  1.1349e-03  0:02:09   16

 turbulent viscosity limited to viscosity ratio of 1.000000e+05 in 818 cells 

 Reversed flow on 735 faces of pressure-outlet 7.
  1285  2.4302e-01  2.5690e-05  3.0871e-05  2.5000e-05  1.1860e-03  6.8130e-03  1.1344e-03  0:02:01   15

 turbulent viscosity limited to viscosity ratio of 1.000000e+05 in 818 cells 

 Reversed flow on 735 faces of pressure-outlet 7.

  iter  continuity  x-velocity  y-velocity  z-velocity           k     epsilon  vf-phase-2     time/iter
  1286  2.4301e-01  2.5687e-05  3.0883e-05  2.4992e-05  1.1866e-03  6.2599e-03  1.1339e-03  0:01:55   14

 turbulent viscosity limited to viscosity ratio of 1.000000e+05 in 818 cells 

 Reversed flow on 740 faces of pressure-outlet 7.
  1287  2.4297e-01  2.5691e-05  3.0892e-05  2.4989e-05  1.1913e-03  6.4960e-03  1.1335e-03  0:01:46   13

 turbulent viscosity limited to viscosity ratio of 1.000000e+05 in 818 cells 

 Reversed flow on 739 faces of pressure-outlet 7.
  1288  2.4319e-01  2.5695e-05  3.0898e-05  2.4993e-05  1.1910e-03  6.1122e-03  1.1331e-03  0:01:38   12

 turbulent viscosity limited to viscosity ratio of 1.000000e+05 in 818 cells 

 Reversed flow on 752 faces of pressure-outlet 7.
  1289  2.4335e-01  2.5696e-05  3.0913e-05  2.4992e-05  1.1884e-03  5.1698e-03  1.1327e-03  0:01:29   11

 turbulent viscosity limited to viscosity ratio of 1.000000e+05 in 818 cells 

 Reversed flow on 755 faces of pressure-outlet 7.
  1290  2.4329e-01  2.5697e-05  3.0930e-05  2.4988e-05  1.1915e-03  7.0654e-03  1.1323e-03  0:01:21   10

 turbulent viscosity limited to viscosity ratio of 1.000000e+05 in 818 cells 

 Reversed flow on 757 faces of pressure-outlet 7.
  1291  2.4371e-01  2.5707e-05  3.0942e-05  2.4984e-05  1.1958e-03  7.3998e-03  1.1319e-03  0:01:13    9

 turbulent viscosity limited to viscosity ratio of 1.000000e+05 in 818 cells 

 Reversed flow on 753 faces of pressure-outlet 7.
  1292  2.4351e-01  2.5709e-05  3.0962e-05  2.4980e-05  1.1916e-03  5.2256e-03  1.1315e-03  0:01:04    8

 turbulent viscosity limited to viscosity ratio of 1.000000e+05 in 818 cells 

 Reversed flow on 746 faces of pressure-outlet 7.
  1293  2.4358e-01  2.5717e-05  3.0974e-05  2.4972e-05  1.1901e-03  5.1346e-03  1.1310e-03  0:00:56    7

 turbulent viscosity limited to viscosity ratio of 1.000000e+05 in 817 cells 

 Reversed flow on 741 faces of pressure-outlet 7.
  1294  2.4365e-01  2.5725e-05  3.0987e-05  2.4969e-05  1.1944e-03  6.7017e-03  1.1306e-03  0:00:48    6

 turbulent viscosity limited to viscosity ratio of 1.000000e+05 in 817 cells 

 Reversed flow on 749 faces of pressure-outlet 7.
  1295  2.4367e-01  2.5729e-05  3.1000e-05  2.4971e-05  1.1972e-03  6.4961e-03  1.1301e-03  0:00:40    5

 turbulent viscosity limited to viscosity ratio of 1.000000e+05 in 817 cells 

 Reversed flow on 751 faces of pressure-outlet 7.
  1296  2.4388e-01  2.5728e-05  3.1016e-05  2.4971e-05  1.1943e-03  5.6912e-03  1.1296e-03  0:00:32    4

 turbulent viscosity limited to viscosity ratio of 1.000000e+05 in 817 cells 

 Reversed flow on 746 faces of pressure-outlet 7.

  iter  continuity  x-velocity  y-velocity  z-velocity           k     epsilon  vf-phase-2     time/iter
  1297  2.4436e-01  2.5747e-05  3.1025e-05  2.4973e-05  1.1955e-03  6.2597e-03  1.1292e-03  0:00:24    3

 turbulent viscosity limited to viscosity ratio of 1.000000e+05 in 816 cells 

 Reversed flow on 750 faces of pressure-outlet 7.
  1298  2.4430e-01  2.5750e-05  3.1033e-05  2.4964e-05  1.1951e-03  5.7727e-03  1.1287e-03  0:00:16    2

 turbulent viscosity limited to viscosity ratio of 1.000000e+05 in 816 cells 

 Reversed flow on 757 faces of pressure-outlet 7.
  1299  2.4417e-01  2.5748e-05  3.1039e-05  2.4957e-05  1.1928e-03  4.8585e-03  1.1282e-03  0:00:08    1

 turbulent viscosity limited to viscosity ratio of 1.000000e+05 in 815 cells 

 Reversed flow on 747 faces of pressure-outlet 7.
  1300  2.4421e-01  2.5751e-05  3.1049e-05  2.4952e-05  1.1924e-03  5.0328e-03  1.1276e-03  0:00:00    0
iterate_550: RPC returned
progress: 550/750

  iter  continuity  x-velocity  y-velocity  z-velocity           k     epsilon  vf-phase-2     time/iter
  1300  2.4421e-01  2.5751e-05  3.1049e-05  2.4952e-05  1.1924e-03  5.0328e-03  1.1276e-03  0:03:20   25

 turbulent viscosity limited to viscosity ratio of 1.000000e+05 in 815 cells 

 Reversed flow on 734 faces of pressure-outlet 7.
  1301  2.4417e-01  2.5758e-05  3.1056e-05  2.4951e-05  1.1943e-03  5.4907e-03  1.1270e-03  0:03:12   24

 turbulent viscosity limited to viscosity ratio of 1.000000e+05 in 816 cells 

 Reversed flow on 745 faces of pressure-outlet 7.
  1302  2.4451e-01  2.5766e-05  3.1074e-05  2.4951e-05  1.1986e-03  7.2129e-03  1.1264e-03  0:03:09   23

 turbulent viscosity limited to viscosity ratio of 1.000000e+05 in 816 cells 

 Reversed flow on 738 faces of pressure-outlet 7.
  1303  2.4483e-01  2.5777e-05  3.1089e-05  2.4947e-05  1.1975e-03  6.8496e-03  1.1257e-03  0:03:00   22

 turbulent viscosity limited to viscosity ratio of 1.000000e+05 in 815 cells 

 Reversed flow on 736 faces of pressure-outlet 7.
  1304  2.4513e-01  2.5788e-05  3.1102e-05  2.4945e-05  1.2024e-03  7.5393e-03  1.1251e-03  0:02:51   21

 turbulent viscosity limited to viscosity ratio of 1.000000e+05 in 814 cells 

 Reversed flow on 749 faces of pressure-outlet 7.
  1305  2.4545e-01  2.5804e-05  3.1110e-05  2.4956e-05  1.1996e-03  6.6843e-03  1.1244e-03  0:02:42   20

 turbulent viscosity limited to viscosity ratio of 1.000000e+05 in 814 cells 

 Reversed flow on 746 faces of pressure-outlet 7.
  1306  2.4561e-01  2.5818e-05  3.1121e-05  2.4958e-05  1.1989e-03  6.3307e-03  1.1237e-03  0:02:34   19

 turbulent viscosity limited to viscosity ratio of 1.000000e+05 in 815 cells 

 Reversed flow on 747 faces of pressure-outlet 7.
  1307  2.4580e-01  2.5825e-05  3.1131e-05  2.4957e-05  1.1964e-03  5.4528e-03  1.1231e-03  0:02:29   18

 turbulent viscosity limited to viscosity ratio of 1.000000e+05 in 815 cells 

 Reversed flow on 751 faces of pressure-outlet 7.
  1308  2.4574e-01  2.5838e-05  3.1134e-05  2.4958e-05  1.1996e-03  8.3315e-03  1.1225e-03  0:02:20   17

 turbulent viscosity limited to viscosity ratio of 1.000000e+05 in 815 cells 

 Reversed flow on 754 faces of pressure-outlet 7.
  1309  2.4575e-01  2.5849e-05  3.1137e-05  2.4972e-05  1.2052e-03  8.2876e-03  1.1218e-03  0:02:11   16

 turbulent viscosity limited to viscosity ratio of 1.000000e+05 in 814 cells 

 Reversed flow on 754 faces of pressure-outlet 7.
  1310  2.4583e-01  2.5857e-05  3.1145e-05  2.4983e-05  1.1995e-03  7.1060e-03  1.1213e-03  0:02:02   15

 turbulent viscosity limited to viscosity ratio of 1.000000e+05 in 814 cells 

 Reversed flow on 758 faces of pressure-outlet 7.

  iter  continuity  x-velocity  y-velocity  z-velocity           k     epsilon  vf-phase-2     time/iter
  1311  2.4607e-01  2.5861e-05  3.1145e-05  2.4981e-05  1.2004e-03  8.7165e-03  1.1207e-03  0:01:54   14

 turbulent viscosity limited to viscosity ratio of 1.000000e+05 in 814 cells 

 Reversed flow on 767 faces of pressure-outlet 7.
  1312  2.4617e-01  2.5870e-05  3.1142e-05  2.4988e-05  1.2011e-03  7.4017e-03  1.1202e-03  0:01:48   13

 turbulent viscosity limited to viscosity ratio of 1.000000e+05 in 814 cells 

 Reversed flow on 755 faces of pressure-outlet 7.
  1313  2.4642e-01  2.5885e-05  3.1136e-05  2.4997e-05  1.2006e-03  7.3469e-03  1.1196e-03  0:01:39   12

 turbulent viscosity limited to viscosity ratio of 1.000000e+05 in 814 cells 

 Reversed flow on 756 faces of pressure-outlet 7.
  1314  2.4646e-01  2.5889e-05  3.1129e-05  2.5003e-05  1.1971e-03  6.3201e-03  1.1191e-03  0:01:30   11

 turbulent viscosity limited to viscosity ratio of 1.000000e+05 in 814 cells 

 Reversed flow on 754 faces of pressure-outlet 7.
  1315  2.4648e-01  2.5889e-05  3.1115e-05  2.4999e-05  1.1994e-03  7.5988e-03  1.1185e-03  0:01:21   10

 turbulent viscosity limited to viscosity ratio of 1.000000e+05 in 814 cells 

 Reversed flow on 757 faces of pressure-outlet 7.
  1316  2.4645e-01  2.5896e-05  3.1108e-05  2.5006e-05  1.1989e-03  6.8914e-03  1.1179e-03  0:01:13    9

 turbulent viscosity limited to viscosity ratio of 1.000000e+05 in 813 cells 

 Reversed flow on 765 faces of pressure-outlet 7.
  1317  2.4634e-01  2.5902e-05  3.1091e-05  2.5004e-05  1.1982e-03  6.7999e-03  1.1174e-03  0:01:05    8

 turbulent viscosity limited to viscosity ratio of 1.000000e+05 in 813 cells 

 Reversed flow on 762 faces of pressure-outlet 7.
  1318  2.4636e-01  2.5906e-05  3.1088e-05  2.5003e-05  1.1987e-03  7.7719e-03  1.1169e-03  0:00:58    7

 turbulent viscosity limited to viscosity ratio of 1.000000e+05 in 813 cells 

 Reversed flow on 765 faces of pressure-outlet 7.
  1319  2.4623e-01  2.5906e-05  3.1079e-05  2.5007e-05  1.1996e-03  8.0581e-03  1.1165e-03  0:00:49    6

 turbulent viscosity limited to viscosity ratio of 1.000000e+05 in 813 cells 

 Reversed flow on 778 faces of pressure-outlet 7.
  1320  2.4629e-01  2.5903e-05  3.1059e-05  2.5011e-05  1.1968e-03  6.5376e-03  1.1160e-03  0:00:41    5

 turbulent viscosity limited to viscosity ratio of 1.000000e+05 in 813 cells 

 Reversed flow on 780 faces of pressure-outlet 7.
  1321  2.4612e-01  2.5902e-05  3.1048e-05  2.5012e-05  1.1976e-03  7.3437e-03  1.1155e-03  0:00:33    4

 turbulent viscosity limited to viscosity ratio of 1.000000e+05 in 813 cells 

 Reversed flow on 777 faces of pressure-outlet 7.

  iter  continuity  x-velocity  y-velocity  z-velocity           k     epsilon  vf-phase-2     time/iter
  1322  2.4605e-01  2.5906e-05  3.1043e-05  2.5019e-05  1.1974e-03  7.3930e-03  1.1151e-03  0:00:24    3

 turbulent viscosity limited to viscosity ratio of 1.000000e+05 in 813 cells 

 Reversed flow on 773 faces of pressure-outlet 7.
  1323  2.4615e-01  2.5904e-05  3.1029e-05  2.5016e-05  1.1988e-03  8.2421e-03  1.1146e-03  0:00:16    2

 turbulent viscosity limited to viscosity ratio of 1.000000e+05 in 813 cells 

 Reversed flow on 784 faces of pressure-outlet 7.
  1324  2.4605e-01  2.5903e-05  3.1022e-05  2.5018e-05  1.1982e-03  6.9844e-03  1.1141e-03  0:00:08    1

 turbulent viscosity limited to viscosity ratio of 1.000000e+05 in 813 cells 

 Reversed flow on 778 faces of pressure-outlet 7.
  1325  2.4611e-01  2.5901e-05  3.1007e-05  2.5015e-05  1.1981e-03  6.9781e-03  1.1136e-03  0:00:00    0
iterate_575: RPC returned
progress: 575/750

  iter  continuity  x-velocity  y-velocity  z-velocity           k     epsilon  vf-phase-2     time/iter
  1325  2.4611e-01  2.5901e-05  3.1007e-05  2.5015e-05  1.1981e-03  6.9781e-03  1.1136e-03  0:03:26   25

 turbulent viscosity limited to viscosity ratio of 1.000000e+05 in 812 cells 

 Reversed flow on 776 faces of pressure-outlet 7.
  1326  2.4608e-01  2.5890e-05  3.0992e-05  2.5016e-05  1.1968e-03  6.7998e-03  1.1131e-03  0:03:22   24

 turbulent viscosity limited to viscosity ratio of 1.000000e+05 in 812 cells 

 Reversed flow on 776 faces of pressure-outlet 7.
  1327  2.4622e-01  2.5887e-05  3.0977e-05  2.5020e-05  1.1953e-03  6.3788e-03  1.1125e-03  0:03:11   23

 turbulent viscosity limited to viscosity ratio of 1.000000e+05 in 812 cells 

 Reversed flow on 785 faces of pressure-outlet 7.
  1328  2.4613e-01  2.5875e-05  3.0963e-05  2.5030e-05  1.1982e-03  7.2894e-03  1.1121e-03  0:03:02   22

 turbulent viscosity limited to viscosity ratio of 1.000000e+05 in 812 cells 

 Reversed flow on 779 faces of pressure-outlet 7.
  1329  2.4615e-01  2.5864e-05  3.0949e-05  2.5033e-05  1.1996e-03  7.7294e-03  1.1116e-03  0:02:52   21

 turbulent viscosity limited to viscosity ratio of 1.000000e+05 in 811 cells 

 Reversed flow on 777 faces of pressure-outlet 7.
  1330  2.4587e-01  2.5852e-05  3.0932e-05  2.5031e-05  1.1963e-03  8.0512e-03  1.1110e-03  0:02:43   20

 turbulent viscosity limited to viscosity ratio of 1.000000e+05 in 811 cells 

 Reversed flow on 771 faces of pressure-outlet 7.
  1331  2.4600e-01  2.5837e-05  3.0918e-05  2.5036e-05  1.1984e-03  8.3153e-03  1.1104e-03  0:02:35   19

 turbulent viscosity limited to viscosity ratio of 1.000000e+05 in 812 cells 

 Reversed flow on 783 faces of pressure-outlet 7.
  1332  2.4601e-01  2.5823e-05  3.0909e-05  2.5052e-05  1.2015e-03  9.0721e-03  1.1098e-03  0:02:30   18

 turbulent viscosity limited to viscosity ratio of 1.000000e+05 in 812 cells 

 Reversed flow on 775 faces of pressure-outlet 7.
  1333  2.4613e-01  2.5828e-05  3.0888e-05  2.5060e-05  1.1976e-03  8.0712e-03  1.1092e-03  0:02:20   17

 turbulent viscosity limited to viscosity ratio of 1.000000e+05 in 812 cells 

 Reversed flow on 788 faces of pressure-outlet 7.
  1334  2.4597e-01  2.5805e-05  3.0871e-05  2.5056e-05  1.1989e-03  7.6758e-03  1.1087e-03  0:02:11   16

 turbulent viscosity limited to viscosity ratio of 1.000000e+05 in 812 cells 

 Reversed flow on 789 faces of pressure-outlet 7.
  1335  2.4574e-01  2.5786e-05  3.0861e-05  2.5064e-05  1.1970e-03  7.0038e-03  1.1083e-03  0:02:05   15

 turbulent viscosity limited to viscosity ratio of 1.000000e+05 in 812 cells 

 Reversed flow on 788 faces of pressure-outlet 7.

  iter  continuity  x-velocity  y-velocity  z-velocity           k     epsilon  vf-phase-2     time/iter
  1336  2.4588e-01  2.5765e-05  3.0844e-05  2.5072e-05  1.1983e-03  7.8158e-03  1.1079e-03  0:01:56   14

 turbulent viscosity limited to viscosity ratio of 1.000000e+05 in 813 cells 

 Reversed flow on 789 faces of pressure-outlet 7.
  1337  2.4597e-01  2.5748e-05  3.0836e-05  2.5086e-05  1.1999e-03  8.5226e-03  1.1075e-03  0:01:47   13

 turbulent viscosity limited to viscosity ratio of 1.000000e+05 in 813 cells 

 Reversed flow on 793 faces of pressure-outlet 7.
  1338  2.4598e-01  2.5722e-05  3.0826e-05  2.5097e-05  1.1998e-03  8.0277e-03  1.1072e-03  0:01:38   12

 turbulent viscosity limited to viscosity ratio of 1.000000e+05 in 813 cells 

 Reversed flow on 795 faces of pressure-outlet 7.
  1339  2.4602e-01  2.5702e-05  3.0815e-05  2.5113e-05  1.1954e-03  7.2258e-03  1.1069e-03  0:01:30   11

 turbulent viscosity limited to viscosity ratio of 1.000000e+05 in 813 cells 

 Reversed flow on 800 faces of pressure-outlet 7.
  1340  2.4594e-01  2.5678e-05  3.0799e-05  2.5126e-05  1.1958e-03  7.0242e-03  1.1065e-03  0:01:21   10

 turbulent viscosity limited to viscosity ratio of 1.000000e+05 in 813 cells 

 Reversed flow on 802 faces of pressure-outlet 7.
  1341  2.4592e-01  2.5657e-05  3.0788e-05  2.5144e-05  1.1980e-03  8.1843e-03  1.1061e-03  0:01:13    9

 turbulent viscosity limited to viscosity ratio of 1.000000e+05 in 813 cells 

 Reversed flow on 807 faces of pressure-outlet 7.
  1342  2.4568e-01  2.5632e-05  3.0777e-05  2.5161e-05  1.2006e-03  1.0001e-02  1.1058e-03  0:01:05    8

 turbulent viscosity limited to viscosity ratio of 1.000000e+05 in 813 cells 

 Reversed flow on 808 faces of pressure-outlet 7.
  1343  2.4585e-01  2.5607e-05  3.0766e-05  2.5167e-05  1.1974e-03  9.1500e-03  1.1054e-03  0:00:56    7

 turbulent viscosity limited to viscosity ratio of 1.000000e+05 in 813 cells 

 Reversed flow on 811 faces of pressure-outlet 7.
  1344  2.4575e-01  2.5582e-05  3.0752e-05  2.5184e-05  1.1977e-03  8.2125e-03  1.1050e-03  0:00:48    6

 turbulent viscosity limited to viscosity ratio of 1.000000e+05 in 813 cells 

 Reversed flow on 802 faces of pressure-outlet 7.
  1345  2.4599e-01  2.5560e-05  3.0741e-05  2.5216e-05  1.1955e-03  7.7133e-03  1.1047e-03  0:00:40    5

 turbulent viscosity limited to viscosity ratio of 1.000000e+05 in 813 cells 

 Reversed flow on 794 faces of pressure-outlet 7.
  1346  2.4597e-01  2.5535e-05  3.0735e-05  2.5242e-05  1.1981e-03  8.5013e-03  1.1044e-03  0:00:32    4

 turbulent viscosity limited to viscosity ratio of 1.000000e+05 in 813 cells 

 Reversed flow on 806 faces of pressure-outlet 7.

  iter  continuity  x-velocity  y-velocity  z-velocity           k     epsilon  vf-phase-2     time/iter
  1347  2.4576e-01  2.5497e-05  3.0729e-05  2.5260e-05  1.1939e-03  6.3577e-03  1.1042e-03  0:00:24    3

 turbulent viscosity limited to viscosity ratio of 1.000000e+05 in 813 cells 

 Reversed flow on 801 faces of pressure-outlet 7.
  1348  2.4558e-01  2.5460e-05  3.0711e-05  2.5283e-05  1.1931e-03  6.7418e-03  1.1040e-03  0:00:16    2

 turbulent viscosity limited to viscosity ratio of 1.000000e+05 in 813 cells 

 Reversed flow on 810 faces of pressure-outlet 7.
  1349  2.4540e-01  2.5421e-05  3.0703e-05  2.5300e-05  1.1909e-03  6.1354e-03  1.1040e-03  0:00:08    1

 turbulent viscosity limited to viscosity ratio of 1.000000e+05 in 813 cells 

 Reversed flow on 799 faces of pressure-outlet 7.
  1350  2.4549e-01  2.5379e-05  3.0686e-05  2.5323e-05  1.1929e-03  6.6888e-03  1.1039e-03  0:00:00    0
iterate_600: RPC returned
progress: 600/750

  iter  continuity  x-velocity  y-velocity  z-velocity           k     epsilon  vf-phase-2     time/iter
  1350  2.4549e-01  2.5379e-05  3.0686e-05  2.5323e-05  1.1929e-03  6.6888e-03  1.1039e-03  0:03:20   25

 turbulent viscosity limited to viscosity ratio of 1.000000e+05 in 813 cells 

 Reversed flow on 797 faces of pressure-outlet 7.
  1351  2.4546e-01  2.5352e-05  3.0674e-05  2.5347e-05  1.1926e-03  7.1614e-03  1.1039e-03  0:03:17   24

 turbulent viscosity limited to viscosity ratio of 1.000000e+05 in 813 cells 

 Reversed flow on 807 faces of pressure-outlet 7.
  1352  2.4559e-01  2.5329e-05  3.0667e-05  2.5376e-05  1.1982e-03  8.8444e-03  1.1040e-03  0:03:08   23

 turbulent viscosity limited to viscosity ratio of 1.000000e+05 in 813 cells 

 Reversed flow on 811 faces of pressure-outlet 7.
  1353  2.4568e-01  2.5289e-05  3.0653e-05  2.5394e-05  1.1963e-03  8.6027e-03  1.1040e-03  0:02:59   22

 turbulent viscosity limited to viscosity ratio of 1.000000e+05 in 813 cells 

 Reversed flow on 816 faces of pressure-outlet 7.
  1354  2.4532e-01  2.5238e-05  3.0635e-05  2.5404e-05  1.1975e-03  9.3962e-03  1.1041e-03  0:02:50   21

 turbulent viscosity limited to viscosity ratio of 1.000000e+05 in 813 cells 

 Reversed flow on 811 faces of pressure-outlet 7.
  1355  2.4546e-01  2.5193e-05  3.0619e-05  2.5423e-05  1.1918e-03  8.3598e-03  1.1043e-03  0:02:38   20

 turbulent viscosity limited to viscosity ratio of 1.000000e+05 in 813 cells 

 Reversed flow on 814 faces of pressure-outlet 7.
  1356  2.4521e-01  2.5144e-05  3.0597e-05  2.5435e-05  1.1916e-03  7.9706e-03  1.1045e-03  0:02:30   19

 turbulent viscosity limited to viscosity ratio of 1.000000e+05 in 813 cells 

 Reversed flow on 814 faces of pressure-outlet 7.
  1357  2.4480e-01  2.5092e-05  3.0586e-05  2.5439e-05  1.1920e-03  8.6277e-03  1.1048e-03  0:02:23   18

 turbulent viscosity limited to viscosity ratio of 1.000000e+05 in 813 cells 

 Reversed flow on 817 faces of pressure-outlet 7.
  1358  2.4465e-01  2.5039e-05  3.0564e-05  2.5440e-05  1.1878e-03  7.2944e-03  1.1051e-03  0:02:15   17

 turbulent viscosity limited to viscosity ratio of 1.000000e+05 in 814 cells 

 Reversed flow on 813 faces of pressure-outlet 7.
  1359  2.4444e-01  2.4987e-05  3.0534e-05  2.5440e-05  1.1845e-03  6.2657e-03  1.1055e-03  0:02:07   16

 turbulent viscosity limited to viscosity ratio of 1.000000e+05 in 814 cells 

 Reversed flow on 818 faces of pressure-outlet 7.
  1360  2.4434e-01  2.4936e-05  3.0503e-05  2.5452e-05  1.1852e-03  6.3289e-03  1.1060e-03  0:01:59   15

 turbulent viscosity limited to viscosity ratio of 1.000000e+05 in 814 cells 

 Reversed flow on 825 faces of pressure-outlet 7.

  iter  continuity  x-velocity  y-velocity  z-velocity           k     epsilon  vf-phase-2     time/iter
  1361  2.4404e-01  2.4886e-05  3.0468e-05  2.5455e-05  1.1837e-03  7.1777e-03  1.1065e-03  0:01:52   14

 turbulent viscosity limited to viscosity ratio of 1.000000e+05 in 814 cells 

 Reversed flow on 816 faces of pressure-outlet 7.
  1362  2.4358e-01  2.4824e-05  3.0434e-05  2.5455e-05  1.1812e-03  6.7037e-03  1.1069e-03  0:01:44   13

 turbulent viscosity limited to viscosity ratio of 1.000000e+05 in 814 cells 

 Reversed flow on 818 faces of pressure-outlet 7.
  1363  2.4334e-01  2.4768e-05  3.0399e-05  2.5449e-05  1.1809e-03  6.9597e-03  1.1075e-03  0:01:36   12

 turbulent viscosity limited to viscosity ratio of 1.000000e+05 in 814 cells 

 Reversed flow on 804 faces of pressure-outlet 7.
  1364  2.4302e-01  2.4714e-05  3.0367e-05  2.5438e-05  1.1783e-03  6.4653e-03  1.1080e-03  0:01:28   11

 turbulent viscosity limited to viscosity ratio of 1.000000e+05 in 813 cells 

 Reversed flow on 798 faces of pressure-outlet 7.
  1365  2.4289e-01  2.4650e-05  3.0337e-05  2.5424e-05  1.1796e-03  8.9198e-03  1.1085e-03  0:01:20   10

 turbulent viscosity limited to viscosity ratio of 1.000000e+05 in 813 cells 

 Reversed flow on 803 faces of pressure-outlet 7.
  1366  2.4289e-01  2.4586e-05  3.0305e-05  2.5409e-05  1.1775e-03  8.2949e-03  1.1091e-03  0:01:12    9

 turbulent viscosity limited to viscosity ratio of 1.000000e+05 in 813 cells 

 Reversed flow on 807 faces of pressure-outlet 7.
  1367  2.4259e-01  2.4525e-05  3.0266e-05  2.5383e-05  1.1750e-03  7.9913e-03  1.1096e-03  0:01:04    8

 turbulent viscosity limited to viscosity ratio of 1.000000e+05 in 813 cells 

 Reversed flow on 808 faces of pressure-outlet 7.
  1368  2.4229e-01  2.4459e-05  3.0227e-05  2.5363e-05  1.1704e-03  7.6945e-03  1.1101e-03  0:00:56    7

 turbulent viscosity limited to viscosity ratio of 1.000000e+05 in 813 cells 

 Reversed flow on 803 faces of pressure-outlet 7.
  1369  2.4175e-01  2.4397e-05  3.0177e-05  2.5337e-05  1.1709e-03  7.7765e-03  1.1106e-03  0:00:48    6

 turbulent viscosity limited to viscosity ratio of 1.000000e+05 in 812 cells 

 Reversed flow on 802 faces of pressure-outlet 7.
  1370  2.4125e-01  2.4337e-05  3.0128e-05  2.5318e-05  1.1651e-03  6.1141e-03  1.1110e-03  0:00:40    5

 turbulent viscosity limited to viscosity ratio of 1.000000e+05 in 812 cells 

 Reversed flow on 803 faces of pressure-outlet 7.
  1371  2.4060e-01  2.4283e-05  3.0078e-05  2.5289e-05  1.1640e-03  6.8645e-03  1.1115e-03  0:00:32    4

 turbulent viscosity limited to viscosity ratio of 1.000000e+05 in 812 cells 

 Reversed flow on 812 faces of pressure-outlet 7.

  iter  continuity  x-velocity  y-velocity  z-velocity           k     epsilon  vf-phase-2     time/iter
  1372  2.4002e-01  2.4232e-05  3.0022e-05  2.5260e-05  1.1611e-03  6.6001e-03  1.1119e-03  0:00:24    3

 turbulent viscosity limited to viscosity ratio of 1.000000e+05 in 812 cells 

 Reversed flow on 810 faces of pressure-outlet 7.
  1373  2.3965e-01  2.4173e-05  2.9962e-05  2.5221e-05  1.1581e-03  6.5741e-03  1.1123e-03  0:00:16    2

 turbulent viscosity limited to viscosity ratio of 1.000000e+05 in 812 cells 

 Reversed flow on 811 faces of pressure-outlet 7.
  1374  2.3899e-01  2.4116e-05  2.9909e-05  2.5182e-05  1.1555e-03  7.0098e-03  1.1126e-03  0:00:08    1

 turbulent viscosity limited to viscosity ratio of 1.000000e+05 in 812 cells 

 Reversed flow on 806 faces of pressure-outlet 7.
  1375  2.3845e-01  2.4071e-05  2.9854e-05  2.5148e-05  1.1518e-03  6.8267e-03  1.1129e-03  0:00:00    0
iterate_625: RPC returned
progress: 625/750

  iter  continuity  x-velocity  y-velocity  z-velocity           k     epsilon  vf-phase-2     time/iter
  1375  2.3845e-01  2.4071e-05  2.9854e-05  2.5148e-05  1.1518e-03  6.8267e-03  1.1129e-03  0:03:20   25

 turbulent viscosity limited to viscosity ratio of 1.000000e+05 in 812 cells 

 Reversed flow on 809 faces of pressure-outlet 7.
  1376  2.3826e-01  2.4022e-05  2.9795e-05  2.5116e-05  1.1486e-03  6.5131e-03  1.1130e-03  0:03:17   24

 turbulent viscosity limited to viscosity ratio of 1.000000e+05 in 812 cells 

 Reversed flow on 815 faces of pressure-outlet 7.
  1377  2.3773e-01  2.3983e-05  2.9731e-05  2.5071e-05  1.1447e-03  6.0429e-03  1.1131e-03  0:03:08   23

 turbulent viscosity limited to viscosity ratio of 1.000000e+05 in 812 cells 

 Reversed flow on 816 faces of pressure-outlet 7.
  1378  2.3720e-01  2.3937e-05  2.9659e-05  2.5021e-05  1.1416e-03  6.4066e-03  1.1132e-03  0:02:54   22

 turbulent viscosity limited to viscosity ratio of 1.000000e+05 in 811 cells 

 Reversed flow on 803 faces of pressure-outlet 7.
  1379  2.3663e-01  2.3893e-05  2.9589e-05  2.4965e-05  1.1363e-03  5.7943e-03  1.1132e-03  0:02:47   21

 turbulent viscosity limited to viscosity ratio of 1.000000e+05 in 811 cells 

 Reversed flow on 802 faces of pressure-outlet 7.
  1380  2.3616e-01  2.3852e-05  2.9513e-05  2.4916e-05  1.1360e-03  7.3741e-03  1.1131e-03  0:02:43   20

 turbulent viscosity limited to viscosity ratio of 1.000000e+05 in 809 cells 

 Reversed flow on 801 faces of pressure-outlet 7.
  1381  2.3563e-01  2.3818e-05  2.9438e-05  2.4870e-05  1.1319e-03  7.4994e-03  1.1130e-03  0:02:31   19

 turbulent viscosity limited to viscosity ratio of 1.000000e+05 in 809 cells 

 Reversed flow on 807 faces of pressure-outlet 7.
  1382  2.3508e-01  2.3782e-05  2.9368e-05  2.4812e-05  1.1310e-03  7.4246e-03  1.1128e-03  0:02:23   18

 turbulent viscosity limited to viscosity ratio of 1.000000e+05 in 809 cells 

 Reversed flow on 795 faces of pressure-outlet 7.
  1383  2.3474e-01  2.3749e-05  2.9291e-05  2.4753e-05  1.1270e-03  8.0674e-03  1.1125e-03  0:02:15   17

 turbulent viscosity limited to viscosity ratio of 1.000000e+05 in 809 cells 

 Reversed flow on 803 faces of pressure-outlet 7.
  1384  2.3455e-01  2.3712e-05  2.9217e-05  2.4686e-05  1.1205e-03  7.0597e-03  1.1122e-03  0:02:07   16

 turbulent viscosity limited to viscosity ratio of 1.000000e+05 in 807 cells 

 Reversed flow on 815 faces of pressure-outlet 7.
  1385  2.3397e-01  2.3677e-05  2.9142e-05  2.4619e-05  1.1150e-03  6.0876e-03  1.1118e-03  0:02:00   15

 turbulent viscosity limited to viscosity ratio of 1.000000e+05 in 806 cells 

 Reversed flow on 805 faces of pressure-outlet 7.

  iter  continuity  x-velocity  y-velocity  z-velocity           k     epsilon  vf-phase-2     time/iter
  1386  2.3349e-01  2.3646e-05  2.9059e-05  2.4557e-05  1.1096e-03  5.8349e-03  1.1114e-03  0:01:49   14

 turbulent viscosity limited to viscosity ratio of 1.000000e+05 in 807 cells 

 Reversed flow on 808 faces of pressure-outlet 7.
  1387  2.3307e-01  2.3617e-05  2.8980e-05  2.4489e-05  1.1071e-03  5.9413e-03  1.1109e-03  0:01:42   13

 turbulent viscosity limited to viscosity ratio of 1.000000e+05 in 807 cells 

 Reversed flow on 804 faces of pressure-outlet 7.
  1388  2.3247e-01  2.3592e-05  2.8904e-05  2.4418e-05  1.1023e-03  5.5863e-03  1.1104e-03  0:01:34   12

 turbulent viscosity limited to viscosity ratio of 1.000000e+05 in 807 cells 

 Reversed flow on 803 faces of pressure-outlet 7.
  1389  2.3221e-01  2.3562e-05  2.8825e-05  2.4358e-05  1.0982e-03  5.6166e-03  1.1098e-03  0:01:27   11

 turbulent viscosity limited to viscosity ratio of 1.000000e+05 in 807 cells 

 Reversed flow on 799 faces of pressure-outlet 7.
  1390  2.3158e-01  2.3529e-05  2.8746e-05  2.4288e-05  1.0960e-03  5.9932e-03  1.1092e-03  0:01:19   10

 turbulent viscosity limited to viscosity ratio of 1.000000e+05 in 807 cells 

 Reversed flow on 811 faces of pressure-outlet 7.
  1391  2.3078e-01  2.3493e-05  2.8665e-05  2.4218e-05  1.0919e-03  5.7405e-03  1.1086e-03  0:01:11    9

 turbulent viscosity limited to viscosity ratio of 1.000000e+05 in 806 cells 

 Reversed flow on 807 faces of pressure-outlet 7.
  1392  2.3007e-01  2.3454e-05  2.8579e-05  2.4152e-05  1.0888e-03  5.9448e-03  1.1078e-03  0:01:02    8

 turbulent viscosity limited to viscosity ratio of 1.000000e+05 in 806 cells 

 Reversed flow on 799 faces of pressure-outlet 7.
  1393  2.2958e-01  2.3419e-05  2.8499e-05  2.4079e-05  1.0862e-03  6.4553e-03  1.1071e-03  0:00:55    7

 turbulent viscosity limited to viscosity ratio of 1.000000e+05 in 806 cells 

 Reversed flow on 810 faces of pressure-outlet 7.
  1394  2.2921e-01  2.3388e-05  2.8421e-05  2.4011e-05  1.0815e-03  5.5982e-03  1.1063e-03  0:00:47    6

 turbulent viscosity limited to viscosity ratio of 1.000000e+05 in 806 cells 

 Reversed flow on 807 faces of pressure-outlet 7.
  1395  2.2888e-01  2.3362e-05  2.8344e-05  2.3940e-05  1.0810e-03  7.0415e-03  1.1055e-03  0:00:39    5

 turbulent viscosity limited to viscosity ratio of 1.000000e+05 in 806 cells 

 Reversed flow on 802 faces of pressure-outlet 7.
  1396  2.2850e-01  2.3333e-05  2.8267e-05  2.3877e-05  1.0748e-03  5.9668e-03  1.1047e-03  0:00:32    4

 turbulent viscosity limited to viscosity ratio of 1.000000e+05 in 806 cells 

 Reversed flow on 810 faces of pressure-outlet 7.

  iter  continuity  x-velocity  y-velocity  z-velocity           k     epsilon  vf-phase-2     time/iter
  1397  2.2797e-01  2.3295e-05  2.8187e-05  2.3803e-05  1.0721e-03  5.5532e-03  1.1038e-03  0:00:23    3

 turbulent viscosity limited to viscosity ratio of 1.000000e+05 in 805 cells 

 Reversed flow on 802 faces of pressure-outlet 7.
  1398  2.2751e-01  2.3259e-05  2.8112e-05  2.3736e-05  1.0682e-03  5.8169e-03  1.1030e-03  0:00:16    2

 turbulent viscosity limited to viscosity ratio of 1.000000e+05 in 805 cells 

 Reversed flow on 802 faces of pressure-outlet 7.
  1399  2.2715e-01  2.3230e-05  2.8039e-05  2.3670e-05  1.0672e-03  6.5797e-03  1.1022e-03  0:00:08    1

iterate_650: RPC returned
 turbulent viscosity limited to viscosity ratio of 1.000000e+05 in 806 cells 

 Reversed flow on 813 faces of pressure-outlet 7.
  1400  2.2690e-01  2.3192e-05  2.7973e-05  2.3601e-05  1.0625e-03  5.4846e-03  1.1014e-03  0:00:00    0
progress: 650/750

  iter  continuity  x-velocity  y-velocity  z-velocity           k     epsilon  vf-phase-2     time/iter
  1400  2.2690e-01  2.3192e-05  2.7973e-05  2.3601e-05  1.0625e-03  5.4846e-03  1.1014e-03  0:03:16   25

 turbulent viscosity limited to viscosity ratio of 1.000000e+05 in 806 cells 

 Reversed flow on 818 faces of pressure-outlet 7.
  1401  2.2663e-01  2.3158e-05  2.7907e-05  2.3543e-05  1.0653e-03  6.4398e-03  1.1006e-03  0:03:09   24

 turbulent viscosity limited to viscosity ratio of 1.000000e+05 in 807 cells 

 Reversed flow on 820 faces of pressure-outlet 7.
  1402  2.2608e-01  2.3124e-05  2.7847e-05  2.3485e-05  1.0612e-03  6.0337e-03  1.0998e-03  0:03:02   23

 turbulent viscosity limited to viscosity ratio of 1.000000e+05 in 807 cells 

 Reversed flow on 818 faces of pressure-outlet 7.
  1403  2.2598e-01  2.3091e-05  2.7787e-05  2.3427e-05  1.0575e-03  6.3532e-03  1.0991e-03  0:02:54   22

 turbulent viscosity limited to viscosity ratio of 1.000000e+05 in 807 cells 

 Reversed flow on 808 faces of pressure-outlet 7.
  1404  2.2535e-01  2.3040e-05  2.7717e-05  2.3357e-05  1.0531e-03  5.8635e-03  1.0984e-03  0:02:47   21

 turbulent viscosity limited to viscosity ratio of 1.000000e+05 in 807 cells 

 Reversed flow on 806 faces of pressure-outlet 7.
  1405  2.2477e-01  2.2997e-05  2.7651e-05  2.3294e-05  1.0496e-03  5.2454e-03  1.0977e-03  0:02:35   20

 turbulent viscosity limited to viscosity ratio of 1.000000e+05 in 807 cells 

 Reversed flow on 807 faces of pressure-outlet 7.
  1406  2.2429e-01  2.2958e-05  2.7586e-05  2.3235e-05  1.0476e-03  5.5617e-03  1.0971e-03  0:02:28   19

 turbulent viscosity limited to viscosity ratio of 1.000000e+05 in 808 cells 

 Reversed flow on 807 faces of pressure-outlet 7.
  1407  2.2373e-01  2.2912e-05  2.7520e-05  2.3177e-05  1.0449e-03  4.9886e-03  1.0965e-03  0:02:21   18

 turbulent viscosity limited to viscosity ratio of 1.000000e+05 in 807 cells 

 Reversed flow on 805 faces of pressure-outlet 7.
  1408  2.2322e-01  2.2867e-05  2.7454e-05  2.3113e-05  1.0411e-03  4.4452e-03  1.0961e-03  0:02:14   17

 turbulent viscosity limited to viscosity ratio of 1.000000e+05 in 807 cells 

 Reversed flow on 815 faces of pressure-outlet 7.
  1409  2.2293e-01  2.2817e-05  2.7387e-05  2.3062e-05  1.0420e-03  5.7401e-03  1.0956e-03  0:02:06   16

 turbulent viscosity limited to viscosity ratio of 1.000000e+05 in 807 cells 

 Reversed flow on 817 faces of pressure-outlet 7.
  1410  2.2253e-01  2.2773e-05  2.7325e-05  2.3016e-05  1.0441e-03  7.7848e-03  1.0950e-03  0:01:59   15

 turbulent viscosity limited to viscosity ratio of 1.000000e+05 in 806 cells 

 Reversed flow on 812 faces of pressure-outlet 7.

  iter  continuity  x-velocity  y-velocity  z-velocity           k     epsilon  vf-phase-2     time/iter
  1411  2.2238e-01  2.2720e-05  2.7263e-05  2.2967e-05  1.0440e-03  7.3015e-03  1.0946e-03  0:01:48   14

 turbulent viscosity limited to viscosity ratio of 1.000000e+05 in 807 cells 

 Reversed flow on 809 faces of pressure-outlet 7.
  1412  2.2168e-01  2.2660e-05  2.7187e-05  2.2921e-05  1.0394e-03  6.5548e-03  1.0942e-03  0:01:41   13

 turbulent viscosity limited to viscosity ratio of 1.000000e+05 in 807 cells 

 Reversed flow on 807 faces of pressure-outlet 7.
  1413  2.2113e-01  2.2603e-05  2.7117e-05  2.2863e-05  1.0355e-03  5.5030e-03  1.0938e-03  0:01:34   12

 turbulent viscosity limited to viscosity ratio of 1.000000e+05 in 808 cells 

 Reversed flow on 812 faces of pressure-outlet 7.
  1414  2.2061e-01  2.2554e-05  2.7039e-05  2.2813e-05  1.0358e-03  6.0216e-03  1.0935e-03  0:01:27   11

 turbulent viscosity limited to viscosity ratio of 1.000000e+05 in 808 cells 

 Reversed flow on 806 faces of pressure-outlet 7.
  1415  2.2013e-01  2.2500e-05  2.6969e-05  2.2769e-05  1.0329e-03  6.1564e-03  1.0932e-03  0:01:19   10

 turbulent viscosity limited to viscosity ratio of 1.000000e+05 in 807 cells 

 Reversed flow on 809 faces of pressure-outlet 7.
  1416  2.1981e-01  2.2446e-05  2.6896e-05  2.2723e-05  1.0313e-03  5.8258e-03  1.0929e-03  0:01:11    9

 turbulent viscosity limited to viscosity ratio of 1.000000e+05 in 807 cells 

 Reversed flow on 812 faces of pressure-outlet 7.
  1417  2.1953e-01  2.2388e-05  2.6830e-05  2.2687e-05  1.0337e-03  6.8455e-03  1.0926e-03  0:01:02    8

 turbulent viscosity limited to viscosity ratio of 1.000000e+05 in 807 cells 

 Reversed flow on 814 faces of pressure-outlet 7.
  1418  2.1937e-01  2.2334e-05  2.6763e-05  2.2650e-05  1.0288e-03  5.2330e-03  1.0923e-03  0:00:54    7

 turbulent viscosity limited to viscosity ratio of 1.000000e+05 in 807 cells 

 Reversed flow on 818 faces of pressure-outlet 7.
  1419  2.1893e-01  2.2273e-05  2.6689e-05  2.2608e-05  1.0283e-03  5.5337e-03  1.0920e-03  0:00:47    6

 turbulent viscosity limited to viscosity ratio of 1.000000e+05 in 806 cells 

 Reversed flow on 819 faces of pressure-outlet 7.
  1420  2.1827e-01  2.2215e-05  2.6620e-05  2.2564e-05  1.0245e-03  4.8243e-03  1.0918e-03  0:00:39    5

 turbulent viscosity limited to viscosity ratio of 1.000000e+05 in 806 cells 

 Reversed flow on 820 faces of pressure-outlet 7.
  1421  2.1764e-01  2.2151e-05  2.6550e-05  2.2516e-05  1.0236e-03  4.9173e-03  1.0916e-03  0:00:32    4

 turbulent viscosity limited to viscosity ratio of 1.000000e+05 in 806 cells 

 Reversed flow on 825 faces of pressure-outlet 7.

  iter  continuity  x-velocity  y-velocity  z-velocity           k     epsilon  vf-phase-2     time/iter
  1422  2.1698e-01  2.2094e-05  2.6477e-05  2.2469e-05  1.0223e-03  5.1688e-03  1.0913e-03  0:00:24    3

 turbulent viscosity limited to viscosity ratio of 1.000000e+05 in 806 cells 

 Reversed flow on 823 faces of pressure-outlet 7.
  1423  2.1651e-01  2.2036e-05  2.6405e-05  2.2419e-05  1.0215e-03  5.4918e-03  1.0911e-03  0:00:16    2

 turbulent viscosity limited to viscosity ratio of 1.000000e+05 in 805 cells 

 Reversed flow on 819 faces of pressure-outlet 7.
  1424  2.1616e-01  2.1981e-05  2.6333e-05  2.2375e-05  1.0182e-03  5.4730e-03  1.0909e-03  0:00:08    1

 turbulent viscosity limited to viscosity ratio of 1.000000e+05 in 805 cells 

 Reversed flow on 822 faces of pressure-outlet 7.
  1425  2.1566e-01  2.1917e-05  2.6263e-05  2.2328e-05  1.0208e-03  6.6357e-03  1.0906e-03  0:00:00    0
iterate_675: RPC returned
progress: 675/750

  iter  continuity  x-velocity  y-velocity  z-velocity           k     epsilon  vf-phase-2     time/iter
  1425  2.1566e-01  2.1917e-05  2.6263e-05  2.2328e-05  1.0208e-03  6.6357e-03  1.0906e-03  0:03:14   25

 turbulent viscosity limited to viscosity ratio of 1.000000e+05 in 805 cells 

 Reversed flow on 827 faces of pressure-outlet 7.
  1426  2.1544e-01  2.1859e-05  2.6194e-05  2.2297e-05  1.0190e-03  6.3457e-03  1.0904e-03  0:03:07   24

 turbulent viscosity limited to viscosity ratio of 1.000000e+05 in 805 cells 

 Reversed flow on 828 faces of pressure-outlet 7.
  1427  2.1509e-01  2.1801e-05  2.6128e-05  2.2255e-05  1.0149e-03  5.3445e-03  1.0902e-03  0:03:00   23

 turbulent viscosity limited to viscosity ratio of 1.000000e+05 in 804 cells 

 Reversed flow on 831 faces of pressure-outlet 7.
  1428  2.1474e-01  2.1736e-05  2.6057e-05  2.2212e-05  1.0133e-03  5.4015e-03  1.0900e-03  0:02:53   22

 turbulent viscosity limited to viscosity ratio of 1.000000e+05 in 804 cells 

 Reversed flow on 831 faces of pressure-outlet 7.
  1429  2.1446e-01  2.1678e-05  2.5995e-05  2.2166e-05  1.0116e-03  4.9739e-03  1.0898e-03  0:02:46   21

 turbulent viscosity limited to viscosity ratio of 1.000000e+05 in 804 cells 

 Reversed flow on 825 faces of pressure-outlet 7.
  1430  2.1422e-01  2.1615e-05  2.5932e-05  2.2129e-05  1.0100e-03  5.0260e-03  1.0896e-03  0:02:34   20

 turbulent viscosity limited to viscosity ratio of 1.000000e+05 in 804 cells 

 Reversed flow on 825 faces of pressure-outlet 7.
  1431  2.1389e-01  2.1554e-05  2.5863e-05  2.2090e-05  1.0088e-03  5.0098e-03  1.0894e-03  0:02:28   19

 turbulent viscosity limited to viscosity ratio of 1.000000e+05 in 804 cells 

 Reversed flow on 829 faces of pressure-outlet 7.
  1432  2.1342e-01  2.1499e-05  2.5803e-05  2.2047e-05  1.0071e-03  4.9145e-03  1.0891e-03  0:02:21   18

 turbulent viscosity limited to viscosity ratio of 1.000000e+05 in 804 cells 

 Reversed flow on 834 faces of pressure-outlet 7.
  1433  2.1303e-01  2.1436e-05  2.5739e-05  2.2014e-05  1.0033e-03  4.3832e-03  1.0890e-03  0:02:14   17

 turbulent viscosity limited to viscosity ratio of 1.000000e+05 in 804 cells 

 Reversed flow on 826 faces of pressure-outlet 7.
  1434  2.1258e-01  2.1369e-05  2.5673e-05  2.1972e-05  1.0019e-03  5.0114e-03  1.0888e-03  0:02:06   16

 turbulent viscosity limited to viscosity ratio of 1.000000e+05 in 804 cells 

 Reversed flow on 823 faces of pressure-outlet 7.
  1435  2.1219e-01  2.1305e-05  2.5614e-05  2.1933e-05  1.0009e-03  6.1578e-03  1.0886e-03  0:01:59   15

 turbulent viscosity limited to viscosity ratio of 1.000000e+05 in 804 cells 

 Reversed flow on 828 faces of pressure-outlet 7.

  iter  continuity  x-velocity  y-velocity  z-velocity           k     epsilon  vf-phase-2     time/iter
  1436  2.1165e-01  2.1236e-05  2.5553e-05  2.1893e-05  1.0013e-03  6.0845e-03  1.0884e-03  0:01:51   14

 turbulent viscosity limited to viscosity ratio of 1.000000e+05 in 804 cells 

 Reversed flow on 836 faces of pressure-outlet 7.
  1437  2.1126e-01  2.1173e-05  2.5496e-05  2.1852e-05  9.9715e-04  6.0956e-03  1.0882e-03  0:01:41   13

 turbulent viscosity limited to viscosity ratio of 1.000000e+05 in 804 cells 

 Reversed flow on 836 faces of pressure-outlet 7.
  1438  2.1097e-01  2.1108e-05  2.5434e-05  2.1810e-05  9.9277e-04  4.9008e-03  1.0882e-03  0:01:34   12

 turbulent viscosity limited to viscosity ratio of 1.000000e+05 in 804 cells 

 Reversed flow on 830 faces of pressure-outlet 7.
  1439  2.1046e-01  2.1038e-05  2.5375e-05  2.1767e-05  9.9186e-04  5.1870e-03  1.0880e-03  0:01:26   11

 turbulent viscosity limited to viscosity ratio of 1.000000e+05 in 804 cells 

 Reversed flow on 832 faces of pressure-outlet 7.
  1440  2.0995e-01  2.0974e-05  2.5314e-05  2.1727e-05  9.8810e-04  4.6987e-03  1.0879e-03  0:01:19   10

 turbulent viscosity limited to viscosity ratio of 1.000000e+05 in 804 cells 

 Reversed flow on 846 faces of pressure-outlet 7.
  1441  2.0958e-01  2.0912e-05  2.5256e-05  2.1685e-05  9.8479e-04  4.9841e-03  1.0879e-03  0:01:11    9

 turbulent viscosity limited to viscosity ratio of 1.000000e+05 in 804 cells 

 Reversed flow on 848 faces of pressure-outlet 7.
  1442  2.0924e-01  2.0838e-05  2.5198e-05  2.1642e-05  9.8373e-04  4.9142e-03  1.0878e-03  0:01:03    8

 turbulent viscosity limited to viscosity ratio of 1.000000e+05 in 804 cells 

 Reversed flow on 829 faces of pressure-outlet 7.
  1443  2.0881e-01  2.0772e-05  2.5146e-05  2.1606e-05  9.7921e-04  4.3811e-03  1.0878e-03  0:00:54    7

 turbulent viscosity limited to viscosity ratio of 1.000000e+05 in 804 cells 

 Reversed flow on 833 faces of pressure-outlet 7.
  1444  2.0827e-01  2.0701e-05  2.5092e-05  2.1557e-05  9.7717e-04  4.4972e-03  1.0878e-03  0:00:47    6

 turbulent viscosity limited to viscosity ratio of 1.000000e+05 in 804 cells 

 Reversed flow on 837 faces of pressure-outlet 7.
  1445  2.0766e-01  2.0636e-05  2.5038e-05  2.1520e-05  9.7598e-04  4.7618e-03  1.0879e-03  0:00:39    5

 turbulent viscosity limited to viscosity ratio of 1.000000e+05 in 804 cells 

 Reversed flow on 839 faces of pressure-outlet 7.
  1446  2.0733e-01  2.0570e-05  2.4980e-05  2.1475e-05  9.7153e-04  4.6346e-03  1.0880e-03  0:00:31    4

 turbulent viscosity limited to viscosity ratio of 1.000000e+05 in 804 cells 

 Reversed flow on 839 faces of pressure-outlet 7.

  iter  continuity  x-velocity  y-velocity  z-velocity           k     epsilon  vf-phase-2     time/iter
  1447  2.0667e-01  2.0502e-05  2.4919e-05  2.1430e-05  9.6903e-04  4.7211e-03  1.0881e-03  0:00:24    3

 turbulent viscosity limited to viscosity ratio of 1.000000e+05 in 804 cells 

 Reversed flow on 848 faces of pressure-outlet 7.
  1448  2.0616e-01  2.0426e-05  2.4863e-05  2.1384e-05  9.6603e-04  5.2577e-03  1.0882e-03  0:00:16    2

 turbulent viscosity limited to viscosity ratio of 1.000000e+05 in 803 cells 

 Reversed flow on 851 faces of pressure-outlet 7.
  1449  2.0559e-01  2.0360e-05  2.4811e-05  2.1339e-05  9.6315e-04  4.5975e-03  1.0883e-03  0:00:08    1

 turbulent viscosity limited to viscosity ratio of 1.000000e+05 in 802 cells 

 Reversed flow on 839 faces of pressure-outlet 7.
  1450  2.0520e-01  2.0295e-05  2.4753e-05  2.1290e-05  9.5951e-04  4.7185e-03  1.0886e-03  0:00:00    0
iterate_700: RPC returned
progress: 700/750

  iter  continuity  x-velocity  y-velocity  z-velocity           k     epsilon  vf-phase-2     time/iter
  1450  2.0520e-01  2.0295e-05  2.4753e-05  2.1290e-05  9.5951e-04  4.7185e-03  1.0886e-03  0:03:15   25

 turbulent viscosity limited to viscosity ratio of 1.000000e+05 in 802 cells 

 Reversed flow on 839 faces of pressure-outlet 7.
  1451  2.0486e-01  2.0230e-05  2.4699e-05  2.1235e-05  9.5675e-04  4.4687e-03  1.0888e-03  0:03:08   24

 turbulent viscosity limited to viscosity ratio of 1.000000e+05 in 802 cells 

 Reversed flow on 843 faces of pressure-outlet 7.
  1452  2.0442e-01  2.0169e-05  2.4645e-05  2.1186e-05  9.5599e-04  4.7739e-03  1.0890e-03  0:03:01   23

 turbulent viscosity limited to viscosity ratio of 1.000000e+05 in 802 cells 

 Reversed flow on 847 faces of pressure-outlet 7.
  1453  2.0378e-01  2.0103e-05  2.4596e-05  2.1140e-05  9.5225e-04  3.9886e-03  1.0892e-03  0:02:54   22

 turbulent viscosity limited to viscosity ratio of 1.000000e+05 in 802 cells 

 Reversed flow on 845 faces of pressure-outlet 7.
  1454  2.0353e-01  2.0041e-05  2.4542e-05  2.1095e-05  9.5069e-04  4.5679e-03  1.0894e-03  0:02:42   21

 turbulent viscosity limited to viscosity ratio of 1.000000e+05 in 803 cells 

 Reversed flow on 857 faces of pressure-outlet 7.
  1455  2.0296e-01  1.9982e-05  2.4487e-05  2.1049e-05  9.4954e-04  5.3180e-03  1.0896e-03  0:02:35   20

 turbulent viscosity limited to viscosity ratio of 1.000000e+05 in 803 cells 

 Reversed flow on 863 faces of pressure-outlet 7.
  1456  2.0257e-01  1.9921e-05  2.4439e-05  2.1003e-05  9.4534e-04  4.5055e-03  1.0897e-03  0:02:28   19

 turbulent viscosity limited to viscosity ratio of 1.000000e+05 in 803 cells 

 Reversed flow on 858 faces of pressure-outlet 7.
  1457  2.0220e-01  1.9861e-05  2.4396e-05  2.0941e-05  9.4375e-04  4.5753e-03  1.0900e-03  0:02:21   18

 turbulent viscosity limited to viscosity ratio of 1.000000e+05 in 803 cells 

 Reversed flow on 856 faces of pressure-outlet 7.
  1458  2.0190e-01  1.9808e-05  2.4357e-05  2.0883e-05  9.4069e-04  4.0994e-03  1.0902e-03  0:02:14   17

 turbulent viscosity limited to viscosity ratio of 1.000000e+05 in 803 cells 

 Reversed flow on 837 faces of pressure-outlet 7.
  1459  2.0157e-01  1.9762e-05  2.4320e-05  2.0832e-05  9.4002e-04  4.2459e-03  1.0903e-03  0:02:06   16

 turbulent viscosity limited to viscosity ratio of 1.000000e+05 in 803 cells 

 Reversed flow on 840 faces of pressure-outlet 7.
  1460  2.0122e-01  1.9720e-05  2.4270e-05  2.0784e-05  9.3615e-04  3.8159e-03  1.0905e-03  0:01:56   15

 turbulent viscosity limited to viscosity ratio of 1.000000e+05 in 803 cells 

 Reversed flow on 846 faces of pressure-outlet 7.

  iter  continuity  x-velocity  y-velocity  z-velocity           k     epsilon  vf-phase-2     time/iter
  1461  2.0098e-01  1.9671e-05  2.4222e-05  2.0727e-05  9.3418e-04  3.9803e-03  1.0907e-03  0:01:49   14

 turbulent viscosity limited to viscosity ratio of 1.000000e+05 in 802 cells 

 Reversed flow on 864 faces of pressure-outlet 7.
  1462  2.0051e-01  1.9631e-05  2.4181e-05  2.0676e-05  9.3299e-04  4.4254e-03  1.0909e-03  0:01:42   13

 turbulent viscosity limited to viscosity ratio of 1.000000e+05 in 802 cells 

 Reversed flow on 862 faces of pressure-outlet 7.
  1463  1.9995e-01  1.9591e-05  2.4141e-05  2.0619e-05  9.2960e-04  4.0419e-03  1.0911e-03  0:01:34   12

 turbulent viscosity limited to viscosity ratio of 1.000000e+05 in 802 cells 

 Reversed flow on 852 faces of pressure-outlet 7.
  1464  1.9960e-01  1.9560e-05  2.4106e-05  2.0563e-05  9.2826e-04  4.1729e-03  1.0913e-03  0:01:27   11

 turbulent viscosity limited to viscosity ratio of 1.000000e+05 in 801 cells 

 Reversed flow on 852 faces of pressure-outlet 7.
  1465  1.9918e-01  1.9522e-05  2.4074e-05  2.0510e-05  9.2712e-04  4.1406e-03  1.0915e-03  0:01:19   10

 turbulent viscosity limited to viscosity ratio of 1.000000e+05 in 802 cells 

 Reversed flow on 849 faces of pressure-outlet 7.
  1466  1.9888e-01  1.9493e-05  2.4044e-05  2.0454e-05  9.2397e-04  4.0734e-03  1.0917e-03  0:01:11    9

 turbulent viscosity limited to viscosity ratio of 1.000000e+05 in 803 cells 

 Reversed flow on 843 faces of pressure-outlet 7.
  1467  1.9868e-01  1.9466e-05  2.4010e-05  2.0404e-05  9.2122e-04  3.7928e-03  1.0918e-03  0:01:04    8

 turbulent viscosity limited to viscosity ratio of 1.000000e+05 in 804 cells 

 Reversed flow on 846 faces of pressure-outlet 7.
  1468  1.9840e-01  1.9443e-05  2.3976e-05  2.0362e-05  9.1978e-04  3.9851e-03  1.0920e-03  0:00:54    7

 turbulent viscosity limited to viscosity ratio of 1.000000e+05 in 805 cells 

 Reversed flow on 850 faces of pressure-outlet 7.
  1469  1.9833e-01  1.9422e-05  2.3944e-05  2.0323e-05  9.1987e-04  4.9012e-03  1.0922e-03  0:00:47    6

 turbulent viscosity limited to viscosity ratio of 1.000000e+05 in 806 cells 

 Reversed flow on 856 faces of pressure-outlet 7.
  1470  1.9791e-01  1.9404e-05  2.3908e-05  2.0287e-05  9.1631e-04  4.4221e-03  1.0922e-03  0:00:39    5

 turbulent viscosity limited to viscosity ratio of 1.000000e+05 in 806 cells 

 Reversed flow on 851 faces of pressure-outlet 7.
  1471  1.9784e-01  1.9387e-05  2.3879e-05  2.0247e-05  9.1435e-04  4.5552e-03  1.0923e-03  0:00:31    4

 turbulent viscosity limited to viscosity ratio of 1.000000e+05 in 806 cells 

 Reversed flow on 845 faces of pressure-outlet 7.

  iter  continuity  x-velocity  y-velocity  z-velocity           k     epsilon  vf-phase-2     time/iter
  1472  1.9747e-01  1.9364e-05  2.3850e-05  2.0201e-05  9.1259e-04  4.3595e-03  1.0924e-03  0:00:24    3

 turbulent viscosity limited to viscosity ratio of 1.000000e+05 in 805 cells 

 Reversed flow on 854 faces of pressure-outlet 7.
  1473  1.9724e-01  1.9343e-05  2.3828e-05  2.0165e-05  9.0965e-04  3.9744e-03  1.0925e-03  0:00:15    2

 turbulent viscosity limited to viscosity ratio of 1.000000e+05 in 805 cells 

 Reversed flow on 849 faces of pressure-outlet 7.
  1474  1.9703e-01  1.9331e-05  2.3807e-05  2.0128e-05  9.0615e-04  3.6985e-03  1.0925e-03  0:00:08    1

 turbulent viscosity limited to viscosity ratio of 1.000000e+05 in 805 cells 

 Reversed flow on 843 faces of pressure-outlet 7.
  1475  1.9679e-01  1.9326e-05  2.3775e-05  2.0093e-05  9.0407e-04  3.7645e-03  1.0926e-03  0:00:00    0
iterate_725: RPC returned
progress: 725/750

  iter  continuity  x-velocity  y-velocity  z-velocity           k     epsilon  vf-phase-2     time/iter
  1475  1.9679e-01  1.9326e-05  2.3775e-05  2.0093e-05  9.0407e-04  3.7645e-03  1.0926e-03  0:03:16   25

 turbulent viscosity limited to viscosity ratio of 1.000000e+05 in 804 cells 

 Reversed flow on 847 faces of pressure-outlet 7.
  1476  1.9655e-01  1.9317e-05  2.3748e-05  2.0059e-05  9.0165e-04  3.5457e-03  1.0927e-03  0:03:09   24

 turbulent viscosity limited to viscosity ratio of 1.000000e+05 in 804 cells 

 Reversed flow on 842 faces of pressure-outlet 7.
  1477  1.9631e-01  1.9304e-05  2.3716e-05  2.0026e-05  8.9962e-04  3.4457e-03  1.0927e-03  0:03:01   23

 turbulent viscosity limited to viscosity ratio of 1.000000e+05 in 804 cells 

 Reversed flow on 847 faces of pressure-outlet 7.
  1478  1.9633e-01  1.9297e-05  2.3688e-05  2.0002e-05  8.9666e-04  3.3881e-03  1.0927e-03  0:02:50   22

 turbulent viscosity limited to viscosity ratio of 1.000000e+05 in 803 cells 

 Reversed flow on 852 faces of pressure-outlet 7.
  1479  1.9639e-01  1.9294e-05  2.3667e-05  1.9982e-05  8.9434e-04  3.2910e-03  1.0928e-03  0:02:43   21

 turbulent viscosity limited to viscosity ratio of 1.000000e+05 in 803 cells 

 Reversed flow on 846 faces of pressure-outlet 7.
  1480  1.9637e-01  1.9287e-05  2.3643e-05  1.9960e-05  8.9329e-04  3.3729e-03  1.0929e-03  0:02:36   20

 turbulent viscosity limited to viscosity ratio of 1.000000e+05 in 803 cells 

 Reversed flow on 846 faces of pressure-outlet 7.
  1481  1.9600e-01  1.9273e-05  2.3620e-05  1.9940e-05  8.9079e-04  3.3078e-03  1.0930e-03  0:02:29   19

 turbulent viscosity limited to viscosity ratio of 1.000000e+05 in 803 cells 

 Reversed flow on 841 faces of pressure-outlet 7.
  1482  1.9598e-01  1.9268e-05  2.3598e-05  1.9922e-05  8.9082e-04  3.8740e-03  1.0930e-03  0:02:22   18

 turbulent viscosity limited to viscosity ratio of 1.000000e+05 in 803 cells 

 Reversed flow on 846 faces of pressure-outlet 7.
  1483  1.9590e-01  1.9265e-05  2.3580e-05  1.9913e-05  8.8751e-04  3.6532e-03  1.0931e-03  0:02:14   17

 turbulent viscosity limited to viscosity ratio of 1.000000e+05 in 803 cells 

 Reversed flow on 852 faces of pressure-outlet 7.
  1484  1.9610e-01  1.9264e-05  2.3556e-05  1.9898e-05  8.8542e-04  3.4703e-03  1.0931e-03  0:02:04   16

 turbulent viscosity limited to viscosity ratio of 1.000000e+05 in 803 cells 

 Reversed flow on 840 faces of pressure-outlet 7.
  1485  1.9591e-01  1.9253e-05  2.3531e-05  1.9888e-05  8.8304e-04  3.2095e-03  1.0932e-03  0:01:57   15

 turbulent viscosity limited to viscosity ratio of 1.000000e+05 in 803 cells 

 Reversed flow on 836 faces of pressure-outlet 7.

  iter  continuity  x-velocity  y-velocity  z-velocity           k     epsilon  vf-phase-2     time/iter
  1486  1.9541e-01  1.9236e-05  2.3503e-05  1.9877e-05  8.8059e-04  3.3835e-03  1.0931e-03  0:01:50   14

 turbulent viscosity limited to viscosity ratio of 1.000000e+05 in 802 cells 

 Reversed flow on 840 faces of pressure-outlet 7.
  1487  1.9524e-01  1.9223e-05  2.3478e-05  1.9863e-05  8.7775e-04  3.0849e-03  1.0932e-03  0:01:42   13

 turbulent viscosity limited to viscosity ratio of 1.000000e+05 in 803 cells 

 Reversed flow on 847 faces of pressure-outlet 7.
  1488  1.9502e-01  1.9205e-05  2.3452e-05  1.9848e-05  8.7709e-04  3.2522e-03  1.0931e-03  0:01:35   12

 turbulent viscosity limited to viscosity ratio of 1.000000e+05 in 803 cells 

 Reversed flow on 841 faces of pressure-outlet 7.
  1489  1.9467e-01  1.9190e-05  2.3425e-05  1.9837e-05  8.7487e-04  3.0505e-03  1.0931e-03  0:01:27   11

 turbulent viscosity limited to viscosity ratio of 1.000000e+05 in 803 cells 

 Reversed flow on 836 faces of pressure-outlet 7.
  1490  1.9462e-01  1.9175e-05  2.3404e-05  1.9826e-05  8.7168e-04  2.8981e-03  1.0930e-03  0:01:17   10

 turbulent viscosity limited to viscosity ratio of 1.000000e+05 in 803 cells 

 Reversed flow on 839 faces of pressure-outlet 7.
  1491  1.9433e-01  1.9158e-05  2.3378e-05  1.9816e-05  8.7085e-04  3.2604e-03  1.0929e-03  0:01:10    9

 turbulent viscosity limited to viscosity ratio of 1.000000e+05 in 803 cells 

 Reversed flow on 838 faces of pressure-outlet 7.
  1492  1.9439e-01  1.9142e-05  2.3355e-05  1.9810e-05  8.6938e-04  3.3817e-03  1.0928e-03  0:01:03    8

 turbulent viscosity limited to viscosity ratio of 1.000000e+05 in 803 cells 

 Reversed flow on 839 faces of pressure-outlet 7.
  1493  1.9435e-01  1.9130e-05  2.3328e-05  1.9802e-05  8.6726e-04  3.4575e-03  1.0926e-03  0:00:55    7

 turbulent viscosity limited to viscosity ratio of 1.000000e+05 in 803 cells 

 Reversed flow on 842 faces of pressure-outlet 7.
  1494  1.9415e-01  1.9114e-05  2.3300e-05  1.9793e-05  8.6520e-04  3.1999e-03  1.0925e-03  0:00:47    6

 turbulent viscosity limited to viscosity ratio of 1.000000e+05 in 803 cells 

 Reversed flow on 835 faces of pressure-outlet 7.
  1495  1.9399e-01  1.9092e-05  2.3274e-05  1.9782e-05  8.6198e-04  2.9848e-03  1.0924e-03  0:00:40    5

 turbulent viscosity limited to viscosity ratio of 1.000000e+05 in 803 cells 

 Reversed flow on 833 faces of pressure-outlet 7.
  1496  1.9381e-01  1.9062e-05  2.3244e-05  1.9768e-05  8.5999e-04  3.3315e-03  1.0921e-03  0:00:31    4

 turbulent viscosity limited to viscosity ratio of 1.000000e+05 in 803 cells 

 Reversed flow on 841 faces of pressure-outlet 7.

  iter  continuity  x-velocity  y-velocity  z-velocity           k     epsilon  vf-phase-2     time/iter
  1497  1.9350e-01  1.9040e-05  2.3211e-05  1.9760e-05  8.5928e-04  3.3120e-03  1.0920e-03  0:00:23    3

 turbulent viscosity limited to viscosity ratio of 1.000000e+05 in 803 cells 

 Reversed flow on 832 faces of pressure-outlet 7.
  1498  1.9350e-01  1.9032e-05  2.3182e-05  1.9756e-05  8.5766e-04  3.3175e-03  1.0918e-03  0:00:16    2

 turbulent viscosity limited to viscosity ratio of 1.000000e+05 in 802 cells 

 Reversed flow on 841 faces of pressure-outlet 7.
  1499  1.9328e-01  1.9013e-05  2.3152e-05  1.9746e-05  8.5444e-04  2.8834e-03  1.0916e-03  0:00:08    1

 turbulent viscosity limited to viscosity ratio of 1.000000e+05 in 801 cells 

 Reversed flow on 835 faces of pressure-outlet 7.
  1500  1.9303e-01  1.8985e-05  2.3122e-05  1.9739e-05  8.5180e-04  2.6658e-03  1.0915e-03  0:00:00    0
iterate_750: RPC returned
progress: 750/750
reported_ending_number_of_iterations: 25
verified_iteration_label: 1500

=== continued_flow_pre_dpm ===

Writing to EN439159:"C:\Users\qtra338\Documents\enthalpy_sweep_verified_20260721_v2\case_5_1680_1500iter_recovered_from_750_flow.cas.h5" in NODE0 mode and compression level 1 ...
Grouping cells for Laplace smoothing ...
     5578299 cells,     1 zone  ...
    11355491 faces,     5 zones ...
     1026091 nodes,     1 zone  ...
  Done.
Done.
write_case_continued_flow_pre_dpm: OK

Writing to EN439159:"C:\Users\qtra338\Documents\enthalpy_sweep_verified_20260721_v2\case_5_1680_1500iter_recovered_from_750_flow.dat.h5" in NODE0 mode and compression level 1 ...
  Writing results.
Done.
write_data_continued_flow_pre_dpm: OK
saved_pair_continued_flow_pre_dpm: VERIFIED

=== Run DPM Reports ===
report_call: settings_zone_summaries_per_injection_enable
settings_zone_summaries_per_injection_enable: no captured text
report_call: solve_dpm_update
/solve/dpm-update

DPM Iteration ....
number tracked = 78300, escaped = 8096, trapped = 35307, incomplete = 34897

report_call: settings_dpm_summary

 Fate                        Zone   Zone Number                  Elapsed Time (s)               Injection, Index      Injection, Index
                             Name     Id               Min        Max        Avg    Std Dev                  Min                  Max
 ----------- -------------------- ------ ------ ---------- ---------- ---------- ---------- --------------- ---- --------------- ----
 Incomplete                               34897  7.800e+00  4.116e+01  2.089e+01  1.021e+01     injection-1 6486     injection-8 2628
 Escaped             steam_outlet      7   8096  7.411e-01  1.558e+01  2.133e+00  1.422e+00     injection-0 1720     injection-0 3001
 Trapped             fluid_outlet      8  35307  1.439e-01  2.397e+01  5.071e-01  1.156e+00     injection-1 5220     injection-1 8060


report_call: tui_dpm_summary
                                               (*)- Mass Transfer Summary -(*) 

 Fate                        Zone   Zone      Mass Flow (kg/s)
                             Name     Id    Initial      Final     Change
 ----------- -------------------- ------ ---------- ---------- ----------
 Incomplete                               5.202e+01  5.202e+01  0.000e+00
 Escaped             steam_outlet      7  1.648e-01  1.648e-01  0.000e+00
 Trapped             fluid_outlet      8  5.681e+01  5.681e+01  0.000e+00
 -----------                             ---------- ---------- ----------
 Net                                      1.090e+02  1.090e+02  0.000e+00

 Fate                        Zone   Zone Number                  Elapsed Time (s)               Injection, Index      Injection, Index
                             Name     Id               Min        Max        Avg    Std Dev                  Min                  Max
 ----------- -------------------- ------ ------ ---------- ---------
report_call: tui_particle_summary
(injection-0 injection-1 injection-2 injection-3 injection-4 injection-5 injection-6 injection-7 injection-8)
The following solver settings object method could also be used to execute the above command:
<solver_session>.results.report.particle_summary(injection_names = ["injection-0", "injection-1", "injection-2", "injection-3", "injection-4", "injection-5", "injection-6", "injection-7", "injection-8"])

report_call: settings_dpm_extended_summary

 Fate                        Zone   Zone Number                  Elapsed Time (s)               Injection, Index      Injection, Index
                             Name     Id               Min        Max        Avg    Std Dev                  Min                  Max
 ----------- -------------------- ------ ------ ---------- ---------- ---------- ---------- --------------- ---- --------------- ----
 Incomplete                               34897  7.800e+00  4.116e+01  2.089e+01  1.021e+01     injection-1 6486     injection-8 2628
 Escaped             steam_outlet      7   8096  7.411e-01  1.558e+01  2.133e+00  1.422e+00     injection-0 1720     injection-0 3001
 Trapped             fluid_outlet      8  35307  1.439e-01  2.397e+01  5.071e-01  1.156e+00     injection-1 5220     injection-1 8060

                                               (*)- Mass Transfer Summary -(*) 


 Fate                        Zone   Zone      Mass Flow (kg/s)
                             Name     Id    Initial      Final     Change
 ----------- -------------------- ------ ---------- ---------- ----------
 Incomplete                               5.202e+01  5.202e+01  0.000e+00
 Escaped             steam_outlet      7  1.648e-01  1.648e-01  0.000e+00
 Trapped             fluid_outlet      8  5.681e+01  5.681e+01  0.000e+00
 -----------                             ---------- ---------- ----------
 Net                                      1.090e+02  1.090e+02  0.000e+00
report_call: dpm_extended_summary_injection-0


Saving summary report to file: C:\\Users\\qtra338\\Documents\\enthalpy_sweep_verified_20260721_v2\\case_5_1680_1500iter_recovered_from_750_injection-0_extended_scratch.txt
report_call: dpm_extended_summary_injection-1

Saving summary report to file: C:\\Users\\qtra338\\Documents\\enthalpy_sweep_verified_20260721_v2\\case_5_1680_1500iter_recovered_from_750_injection-1_extended_scratch.txt

report_call: dpm_extended_summary_injection-2


Saving summary report to file: C:\\Users\\qtra338\\Documents\\enthalpy_sweep_verified_20260721_v2\\case_5_1680_1500iter_recovered_from_750_injection-2_extended_scratch.txt
report_call: dpm_extended_summary_injection-3

Saving summary report to file: C:\\Users\\qtra338\\Documents\\enthalpy_sweep_verified_20260721_v2\\case_5_1680_1500iter_recovered_from_750_injection-3_extended_scratch.txt

report_call: dpm_extended_summary_injection-4

Saving summary report to file: C:\\Users\\qtra338\\Documents\\enthalpy_sweep_verified_20260721_v2\\case_5_1680_1500iter_recovered_from_750_injection-4_extended_scratch.txt

report_call: dpm_extended_summary_injection-5

Saving summary report to file: C:\\Users\\qtra338\\Documents\\enthalpy_sweep_verified_20260721_v2\\case_5_1680_1500iter_recovered_from_750_injection-5_extended_scratch.txt

report_call: dpm_extended_summary_injection-6

Saving summary report to file: C:\\Users\\qtra338\\Documents\\enthalpy_sweep_verified_20260721_v2\\case_5_1680_1500iter_recovered_from_750_injection-6_extended_scratch.txt

report_call: dpm_extended_summary_injection-7

Saving summary report to file: C:\\Users\\qtra338\\Documents\\enthalpy_sweep_verified_20260721_v2\\case_5_1680_1500iter_recovered_from_750_injection-7_extended_scratch.txt

report_call: dpm_extended_summary_injection-8

Saving summary report to file: C:\\Users\\qtra338\\Documents\\enthalpy_sweep_verified_20260721_v2\\case_5_1680_1500iter_recovered_from_750_injection-8_extended_scratch.txt


=== Set DPM Injections ===
DPM velocity mode: face-normal
injection-0_particle_type: OK
injection-0_material: OK
injection-0_injection_type_surface: OK
injection-0_location: OK
injection-0_mass_flow_rate: OK
injection-0_use_face_normal_direction: OK
injection-0_velocity_magnitude: OK
injection-0_particle_size: OK
injection-0_readback: VERIFIED
injection-1_particle_type: OK
injection-1_material: OK
injection-1_injection_type_surface: OK
injection-1_location: OK
injection-1_mass_flow_rate: OK
injection-1_use_face_normal_direction: OK
injection-1_velocity_magnitude: OK
injection-1_particle_size: OK
injection-1_readback: VERIFIED
injection-2_particle_type: OK
injection-2_material: OK
injection-2_injection_type_surface: OK
injection-2_location: OK
injection-2_mass_flow_rate: OK
injection-2_use_face_normal_direction: OK
injection-2_velocity_magnitude: OK
injection-2_particle_size: OK
injection-2_readback: VERIFIED
injection-3_particle_type: OK
injection-3_material: OK
injection-3_injection_type_surface: OK
injection-3_location: OK
injection-3_mass_flow_rate: OK
injection-3_use_face_normal_direction: OK
injection-3_velocity_magnitude: OK
injection-3_particle_size: OK
injection-3_readback: VERIFIED
injection-4_particle_type: OK
injection-4_material: OK
injection-4_injection_type_surface: OK
injection-4_location: OK
injection-4_mass_flow_rate: OK
injection-4_use_face_normal_direction: OK
injection-4_velocity_magnitude: OK
injection-4_particle_size: OK
injection-4_readback: VERIFIED
injection-5_particle_type: OK
injection-5_material: OK
injection-5_injection_type_surface: OK
injection-5_location: OK
injection-5_mass_flow_rate: OK
injection-5_use_face_normal_direction: OK
injection-5_velocity_magnitude: OK
injection-5_particle_size: OK
injection-5_readback: VERIFIED
injection-6_particle_type: OK
injection-6_material: OK
injection-6_injection_type_surface: OK
injection-6_location: OK
injection-6_mass_flow_rate: OK
injection-6_use_face_normal_direction: OK
injection-6_velocity_magnitude: OK
injection-6_particle_size: OK
injection-6_readback: VERIFIED
injection-7_particle_type: OK
injection-7_material: OK
injection-7_injection_type_surface: OK
injection-7_location: OK
injection-7_mass_flow_rate: OK
injection-7_use_face_normal_direction: OK
injection-7_velocity_magnitude: OK
injection-7_particle_size: OK
injection-7_readback: VERIFIED
injection-8_particle_type: OK
injection-8_material: OK
injection-8_injection_type_surface: OK
injection-8_location: OK
injection-8_mass_flow_rate: OK
injection-8_use_face_normal_direction: OK
injection-8_velocity_magnitude: OK
injection-8_particle_size: OK
injection-8_readback: VERIFIED

=== continued_post_dpm ===

Writing to EN439159:"C:\Users\qtra338\Documents\enthalpy_sweep_verified_20260721_v2\case_5_1680_1500iter_recovered_from_750_post_dpm.cas.h5" in NODE0 mode and compression level 1 ...
Grouping cells for Laplace smoothing ...
     5578299 cells,     1 zone  ...
    11355491 faces,     5 zones ...
     1026091 nodes,     1 zone  ...
  Done.
Done.
write_case_continued_post_dpm: OK

Writing to EN439159:"C:\Users\qtra338\Documents\enthalpy_sweep_verified_20260721_v2\case_5_1680_1500iter_recovered_from_750_post_dpm.dat.h5" in NODE0 mode and compression level 1 ...
  Writing results.
Done.
write_data_continued_post_dpm: OK
saved_pair_continued_post_dpm: VERIFIED

=== Continuation Complete ===
local_case_summary: /Users/andy/Desktop/P4P/P4P_knowledgeWiki/PyAnsys/output/enthalpy_sweep_verified_20260721_v2/case_5_1680_1500iter_recovered_from_750_case_summary.csv
local_injection_results: /Users/andy/Desktop/P4P/P4P_knowledgeWiki/PyAnsys/output/enthalpy_sweep_verified_20260721_v2/case_5_1680_1500iter_recovered_from_750_injection_results.csv
local_report: /Users/andy/Desktop/P4P/P4P_knowledgeWiki/PyAnsys/output/enthalpy_sweep_verified_20260721_v2/case_5_1680_1500iter_recovered_from_750_dpm_report.txt
remote_case: C:\Users\qtra338\Documents\enthalpy_sweep_verified_20260721_v2\case_5_1680_1500iter_recovered_from_750_post_dpm.cas.h5
remote_data: C:\Users\qtra338\Documents\enthalpy_sweep_verified_20260721_v2\case_5_1680_1500iter_recovered_from_750_post_dpm.dat.h5
rows: 9
