Connecting to Fluent server 1 using IP/port: 10.104.145.85:51652
/Users/andy/Desktop/P4P/P4P_knowledgeWiki/PyAnsys/.venv/lib/python3.12/site-packages/ansys/fluent/core/fluent_connection.py:306: InsecureGrpcWarning: The Fluent session will be connected in insecure gRPC mode. This mode is not recommended. For more details on the implications and usage of insecure mode, refer to the Fluent documentation.
  warnings.warn(
/Users/andy/Desktop/P4P/P4P_knowledgeWiki/PyAnsys/.venv/lib/python3.12/site-packages/ansys/tools/common/cyberchannel.py:188: UserWarning: Starting gRPC client without TLS on 10.104.145.85:51652. This is INSECURE. Consider using a secure connection.
  warn(f"Starting gRPC client without TLS on {target}. This is INSECURE. Consider using a secure connection.")

Connected to Fluent Ansys Fluent 2024 R2
seed_results_csv: loaded 9 rows from /Users/andy/Desktop/P4P/P4P_knowledgeWiki/PyAnsys/output/enthalpy_sweep_verified_20260721_v2/case_1_1600_25pct_1500iter_recovered_from_925_injection_results.csv
seed_results_csv: loaded 9 rows from /Users/andy/Desktop/P4P/P4P_knowledgeWiki/PyAnsys/output/enthalpy_sweep_verified_20260721_v2/case_2_1440_1500iter_recovered_from_1375_injection_results.csv
seed_case_summary_csv: loaded 1 rows from /Users/andy/Desktop/P4P/P4P_knowledgeWiki/PyAnsys/output/enthalpy_sweep_verified_20260721_v2/case_1_1600_25pct_1500iter_recovered_from_925_case_summary.csv
seed_case_summary_csv: loaded 1 rows from /Users/andy/Desktop/P4P/P4P_knowledgeWiki/PyAnsys/output/enthalpy_sweep_verified_20260721_v2/case_2_1440_1500iter_recovered_from_1375_case_summary.csv

=== Run Case 3 / 1520 ===

=== Load Base Case ===
Note: Rank = 0: Process affinity not being set (6).
Note: Rank = 1: Process affinity not being set (6).
Note: Rank = 2: Process affinity not being set (6).
Note: Rank = 3: Process affinity not being set (6).
Note: Rank = 4: Process affinity not being set (6).
Note: Rank = 5: Process affinity not being set (6).
Note: Rank = 6: Process affinity not being set (6).
Note: Rank = 7: Process affinity not being set (6).
Note: Rank = 8: Process affinity not being set (6).
Note: Rank = 9: Process affinity not being set (6).

       Clearing partially read grid.

Reading from EN439159:"C:\Users\qtra338\Documents\baseline.cas.h5" in NODE0 mode ...
  Reading mesh ...
     5578299 cells,     1 cell zone  ...
        5578299 tetrahedral cells,  zone id: 3
    11355491 faces,     5 face zones ...
         374376 triangular wall faces,  zone id: 1
       10957705 triangular interior faces,  zone id: 2
           8700 triangular mass-flow-inlet faces,  zone id: 6
           5435 triangular pressure-outlet faces,  zone id: 7
           9275 triangular wall faces,  zone id: 8
     1026091 nodes,     1 node zone  ...
  Done.


Building...
     mesh
	distributing mesh
		parts..........,
		faces..........,
		nodes..........,
		cells..........,
        bandwidth reduction using Reverse Cuthill-McKee: 558580/15010 = 37.2139
     materials,
     interface,
     domains,
	mixture
	phase-1
	phase-2
	interaction
     zones,
	fluid  (phase-2)
	interior-fluid  (phase-2)
	fluid  (phase-1)
	interior-fluid  (phase-1)
	wall-fluid  (phase-1)
	wall-fluid  (phase-2)
	inlet  (phase-1)
	inlet  (phase-2)
	steam_outlet  (phase-1)
	steam_outlet  (phase-2)
	fluid_outlet  (phase-1)
	fluid_outlet  (phase-2)
	interior-fluid
	wall-fluid
	inlet
	steam_outlet
	fluid_outlet
	fluid
     parallel,
Done.
read_base_case: OK
fluent_internal_autosave: VERIFIED disabled -> {"before": {"autosave/frequency/data": 100, "autosave/frequency/case": 0, "mmp/autosave/frequency/data": 1, "mmp/autosave/frequency/case": 1, "autosave/filename": "C:\\Users\\qtra338\\Documents\\Bangma Design (swirl 0.15)\\Bangma_separator_files\\dp0\\FFF\\Fluent\\FFF-6", "mmp/autosave/filename": ""}, "after": {"autosave/frequency/data": 0, "autosave/frequency/case": 0, "mmp/autosave/frequency/data": 0, "mmp/autosave/frequency/case": 0, "autosave/filename": "C:/Users/qtra338/Documents/enthalpy_sweep_verified_20260721_v2/case_3_1520_internal_autosave_disabled", "mmp/autosave/filename": "C:/Users/qtra338/Documents/enthalpy_sweep_verified_20260721_v2/case_3_1520_internal_autosave_disabled"}, "python_checkpoints_enabled": true}

=== Set Inlet Phase Mass Flows ===
set_inlet_phase_mass_flows: OK
{
  "mixture": {
    "momentum": {
      "reference_frame": "Absolute",
      "supersonic_gauge_pressure": {
        "option": "value",
        "value": 1140000
      },
      "direction_specification": "Normal to Boundary"
    },
    "turbulence": {
      "turbulence_specification": "Intensity and Hydraulic Diameter",
      "turbulent_intensity": 0.02152499951888,
      "hydraulic_diameter": 0.7240000000000001
    },
    "dpm": {
      "discrete_phase_bc_type": "escape"
    },
    "multiphase": {}
  },
  "phase-1": {
    "momentum": {
      "mass_flow_specification": "Mass Flow Rate",
      "mass_flow_rate": {
        "option": "value",
        "value": 72.77
      }
    },
    "turbulence": {},
    "dpm": {},
    "multiphase": {}
  },
  "phase-2": {
    "momentum": {
      "mass_flow_specification": "Mass Flow Rate",
      "mass_flow_rate": {
        "option": "value",
        "value": 124.84
      }
    },
    "turbulence": {},
    "dpm": {},
    "multiphase": {}
  }
}

=== Set DPM Injections ===
DPM velocity mode: face-normal
injection-0_particle_type: OK
injection-0_material: OK
injection-0_injection_type_surface: OK
injection-0_location: OK
injection-0_mass_flow_rate: OK
injection-0_use_face_normal_direction: OK
injection-0_velocity_magnitude: OK
injection-0_particle_size: OK
injection-0_readback: VERIFIED
injection-1_particle_type: OK
injection-1_material: OK
injection-1_injection_type_surface: OK
injection-1_location: OK
injection-1_mass_flow_rate: OK
injection-1_use_face_normal_direction: OK
injection-1_velocity_magnitude: OK
injection-1_particle_size: OK
injection-1_readback: VERIFIED
injection-2_particle_type: OK
injection-2_material: OK
injection-2_injection_type_surface: OK
injection-2_location: OK
injection-2_mass_flow_rate: OK
injection-2_use_face_normal_direction: OK
injection-2_velocity_magnitude: OK
injection-2_particle_size: OK
injection-2_readback: VERIFIED
injection-3_particle_type: OK
injection-3_material: OK
injection-3_injection_type_surface: OK
injection-3_location: OK
injection-3_mass_flow_rate: OK
injection-3_use_face_normal_direction: OK
injection-3_velocity_magnitude: OK
injection-3_particle_size: OK
injection-3_readback: VERIFIED
injection-4_particle_type: OK
injection-4_material: OK
injection-4_injection_type_surface: OK
injection-4_location: OK
injection-4_mass_flow_rate: OK
injection-4_use_face_normal_direction: OK
injection-4_velocity_magnitude: OK
injection-4_particle_size: OK
injection-4_readback: VERIFIED
injection-5_particle_type: OK
injection-5_material: OK
injection-5_injection_type_surface: OK
injection-5_location: OK
injection-5_mass_flow_rate: OK
injection-5_use_face_normal_direction: OK
injection-5_velocity_magnitude: OK
injection-5_particle_size: OK
injection-5_readback: VERIFIED
injection-6_particle_type: OK
injection-6_material: OK
injection-6_injection_type_surface: OK
injection-6_location: OK
injection-6_mass_flow_rate: OK
injection-6_use_face_normal_direction: OK
injection-6_velocity_magnitude: OK
injection-6_particle_size: OK
injection-6_readback: VERIFIED
injection-7_particle_type: OK
injection-7_material: OK
injection-7_injection_type_surface: OK
injection-7_location: OK
injection-7_mass_flow_rate: OK
injection-7_use_face_normal_direction: OK
injection-7_velocity_magnitude: OK
injection-7_particle_size: OK
injection-7_readback: VERIFIED
injection-8_particle_type: OK
injection-8_material: OK
injection-8_injection_type_surface: OK
injection-8_location: OK
injection-8_mass_flow_rate: OK
injection-8_use_face_normal_direction: OK
injection-8_velocity_magnitude: OK
injection-8_particle_size: OK
injection-8_readback: VERIFIED

=== Hybrid Initialization ===

Initialize using the hybrid initialization method.

Checking case topology... 
-This case has both inlets & outlets 
-Pressure information is not available at the boundaries.
 Case will be initialized with constant pressure

	iter		scalar-0

	1		1.000000e+00
	2		2.902463e-04
	3		5.344461e-05
	4		1.945017e-05
	5		6.037563e-06
	6		2.150747e-06
	7		7.443881e-07
	8		2.662060e-07
	9		9.551195e-08
	10		3.578380e-08

Hybrid initialization is done.
hybrid_initialize_settings_api: OK

=== Configure Residual History ===
set_residual_n_save: OK
set_residual_n_display: OK
enable_residual_print: OK
enable_residual_plot: OK
residual_convergence_stop_flags: {"continuity": false, "epsilon": false, "k": false, "vf-phase-2": false, "x-velocity": false, "y-velocity": false, "z-velocity": false}

=== Run Iterations ===
iteration_monitor_sets: ['residual']

  iter  continuity  x-velocity  y-velocity  z-velocity           k     epsilon  vf-phase-2     time/iter

 turbulent viscosity limited to viscosity ratio of 1.000000e+05 in 215 cells 
     1  1.0000e+00  1.0442e-03  1.4498e-03  1.1194e-03  7.9018e+01  2.5387e+06  1.4158e-01  0:04:24   24

 turbulent viscosity limited to viscosity ratio of 1.000000e+05 in 1172 cells 
     2  1.0000e+00  6.9352e-04  9.1687e-04  7.2366e-04  1.5751e-01  2.7897e-01  6.0067e-01  0:04:04   23

 turbulent viscosity limited to viscosity ratio of 1.000000e+05 in 1373 cells 

 Reversed flow on 30 faces of pressure-outlet 7.
     3  8.7274e-01  4.5459e-04  6.2086e-04  4.6480e-04  1.4453e-01  1.0310e+00  3.0032e-01  0:03:42   22

 turbulent viscosity limited to viscosity ratio of 1.000000e+05 in 966 cells 

 Reversed flow on 180 faces of pressure-outlet 7.
     4  6.4742e-01  3.5818e-04  4.9218e-04  3.7020e-04  1.2888e-01  5.3238e-01  2.0021e-01  0:03:27   21

 turbulent viscosity limited to viscosity ratio of 1.000000e+05 in 595 cells 

 Reversed flow on 316 faces of pressure-outlet 7.
     5  7.6794e-01  3.4949e-04  4.6071e-04  3.6122e-04  1.1733e-01  3.8663e-01  1.5015e-01  0:03:10   20

 turbulent viscosity limited to viscosity ratio of 1.000000e+05 in 354 cells 

 Reversed flow on 413 faces of pressure-outlet 7.
     6  5.6393e-01  3.0030e-04  3.9191e-04  3.1330e-04  9.3949e-02  3.0886e-01  1.2012e-01  0:02:55   19

 turbulent viscosity limited to viscosity ratio of 1.000000e+05 in 238 cells 

 Reversed flow on 523 faces of pressure-outlet 7.
     7  6.8971e-01  2.9376e-04  3.4403e-04  3.0976e-04  7.8367e-02  7.2335e-01  1.0010e-01  0:02:45   18

 turbulent viscosity limited to viscosity ratio of 1.000000e+05 in 201 cells 

 Reversed flow on 615 faces of pressure-outlet 7.
     8  4.9585e-01  2.5666e-04  2.8542e-04  2.7576e-04  7.2371e-02  8.4386e-01  8.5805e-02  0:02:32   17

 turbulent viscosity limited to viscosity ratio of 1.000000e+05 in 201 cells 

 Reversed flow on 639 faces of pressure-outlet 7.
     9  4.2396e-01  2.3977e-04  2.5303e-04  2.6118e-04  6.2332e-02  4.0944e-01  7.5081e-02  0:02:20   16

 turbulent viscosity limited to viscosity ratio of 1.000000e+05 in 223 cells 

 Reversed flow on 657 faces of pressure-outlet 7.
    10  4.6085e-01  2.3799e-04  2.3597e-04  2.6082e-04  5.6517e-02  3.7234e-01  6.6741e-02  0:02:12   15

 turbulent viscosity limited to viscosity ratio of 1.000000e+05 in 237 cells 

 Reversed flow on 655 faces of pressure-outlet 7.
    11  3.6340e-01  2.2134e-04  2.0950e-04  2.4494e-04  4.7434e-02  2.9225e-01  6.0071e-02  0:02:01   14

 turbulent viscosity limited to viscosity ratio of 1.000000e+05 in 278 cells 

 Reversed flow on 636 faces of pressure-outlet 7.

  iter  continuity  x-velocity  y-velocity  z-velocity           k     epsilon  vf-phase-2     time/iter
    12  3.6501e-01  2.1463e-04  1.9578e-04  2.4094e-04  3.8685e-02  2.4644e-01  5.4613e-02  0:01:51   13

 turbulent viscosity limited to viscosity ratio of 1.000000e+05 in 315 cells 

 Reversed flow on 629 faces of pressure-outlet 7.
    13  3.1679e-01  2.0411e-04  1.8111e-04  2.3219e-04  3.2679e-02  2.1513e-01  5.0063e-02  0:01:43   12

 turbulent viscosity limited to viscosity ratio of 1.000000e+05 in 361 cells 

 Reversed flow on 622 faces of pressure-outlet 7.
    14  3.2687e-01  2.0122e-04  1.7422e-04  2.2870e-04  2.8107e-02  2.0287e-01  4.6213e-02  0:01:33   11

 turbulent viscosity limited to viscosity ratio of 1.000000e+05 in 439 cells 

 Reversed flow on 629 faces of pressure-outlet 7.
    15  3.0267e-01  1.9378e-04  1.6400e-04  2.2322e-04  2.4933e-02  1.7148e-01  4.2913e-02  0:01:26   10

 turbulent viscosity limited to viscosity ratio of 1.000000e+05 in 529 cells 

 Reversed flow on 623 faces of pressure-outlet 7.
    16  3.3207e-01  1.9422e-04  1.6312e-04  2.2694e-04  2.1696e-02  1.1403e-01  4.0054e-02  0:01:16    9

 turbulent viscosity limited to viscosity ratio of 1.000000e+05 in 648 cells 

 Reversed flow on 651 faces of pressure-outlet 7.
    17  3.0785e-01  1.8627e-04  1.5414e-04  2.2152e-04  1.9145e-02  8.7582e-02  3.7552e-02  0:01:07    8

 turbulent viscosity limited to viscosity ratio of 1.000000e+05 in 795 cells 

 Reversed flow on 654 faces of pressure-outlet 7.
    18  3.1797e-01  1.8598e-04  1.5364e-04  2.2202e-04  1.7354e-02  7.4916e-02  3.5345e-02  0:01:00    7

 turbulent viscosity limited to viscosity ratio of 1.000000e+05 in 936 cells 

 Reversed flow on 647 faces of pressure-outlet 7.
    19  3.3872e-01  1.8593e-04  1.5303e-04  2.2562e-04  1.5956e-02  6.6717e-02  3.3383e-02  0:00:50    6

 turbulent viscosity limited to viscosity ratio of 1.000000e+05 in 1113 cells 

 Reversed flow on 666 faces of pressure-outlet 7.
    20  3.2368e-01  1.8166e-04  1.4814e-04  2.2377e-04  1.4783e-02  7.4081e-02  3.1627e-02  0:00:43    5

 turbulent viscosity limited to viscosity ratio of 1.000000e+05 in 1355 cells 

 Reversed flow on 668 faces of pressure-outlet 7.
    21  3.5684e-01  1.8589e-04  1.5299e-04  2.2897e-04  1.3784e-02  6.4752e-02  3.0047e-02  0:00:34    4

 turbulent viscosity limited to viscosity ratio of 1.000000e+05 in 1602 cells 

 Reversed flow on 689 faces of pressure-outlet 7.
    22  3.4306e-01  1.8225e-04  1.4841e-04  2.2761e-04  1.3097e-02  6.7454e-02  2.8618e-02  0:00:26    3

 turbulent viscosity limited to viscosity ratio of 1.000000e+05 in 1882 cells 

 Reversed flow on 696 faces of pressure-outlet 7.

  iter  continuity  x-velocity  y-velocity  z-velocity           k     epsilon  vf-phase-2     time/iter
    23  4.0928e-01  1.8983e-04  1.5786e-04  2.3817e-04  1.2295e-02  5.0849e-02  2.7318e-02  0:00:17    2

 turbulent viscosity limited to viscosity ratio of 1.000000e+05 in 2130 cells 

 Reversed flow on 703 faces of pressure-outlet 7.
    24  3.7173e-01  1.8648e-04  1.5424e-04  2.3870e-04  1.1611e-02  4.4245e-02  2.6132e-02  0:00:08    1

 turbulent viscosity limited to viscosity ratio of 1.000000e+05 in 2397 cells 

 Reversed flow on 720 faces of pressure-outlet 7.
    25  4.0712e-01  1.9181e-04  1.6174e-04  2.4775e-04  1.1080e-02  4.2465e-02  2.5045e-02  0:00:00    0
iterate_25: RPC returned
progress: 25/1500

  iter  continuity  x-velocity  y-velocity  z-velocity           k     epsilon  vf-phase-2     time/iter
    25  4.0712e-01  1.9181e-04  1.6174e-04  2.4775e-04  1.1080e-02  4.2465e-02  2.5045e-02  0:03:32   25

 turbulent viscosity limited to viscosity ratio of 1.000000e+05 in 2706 cells 

 Reversed flow on 720 faces of pressure-outlet 7.
    26  3.9071e-01  1.8988e-04  1.5838e-04  2.4898e-04  1.0604e-02  3.7959e-02  2.4044e-02  0:03:26   24

 turbulent viscosity limited to viscosity ratio of 1.000000e+05 in 2964 cells 

 Reversed flow on 715 faces of pressure-outlet 7.
    27  4.5404e-01  1.9748e-04  1.7023e-04  2.6194e-04  1.0144e-02  3.3765e-02  2.3120e-02  0:03:15   23

 turbulent viscosity limited to viscosity ratio of 1.000000e+05 in 3320 cells 

 Reversed flow on 715 faces of pressure-outlet 7.
    28  4.1872e-01  1.9525e-04  1.6618e-04  2.6260e-04  9.7338e-03  3.1069e-02  2.2265e-02  0:03:09   22

 turbulent viscosity limited to viscosity ratio of 1.000000e+05 in 3629 cells 

 Reversed flow on 704 faces of pressure-outlet 7.
    29  4.5966e-01  1.9929e-04  1.7378e-04  2.6924e-04  9.4205e-03  1.2910e-01  2.1471e-02  0:02:58   21

 turbulent viscosity limited to viscosity ratio of 1.000000e+05 in 3932 cells 

 Reversed flow on 702 faces of pressure-outlet 7.
    30  4.4094e-01  1.9773e-04  1.7213e-04  2.6971e-04  2.2311e-02  3.5403e+01  2.0732e-02  0:02:51   20

 turbulent viscosity limited to viscosity ratio of 1.000000e+05 in 4180 cells 

 Reversed flow on 716 faces of pressure-outlet 7.
    31  5.3271e-01  2.0464e-04  1.8599e-04  2.8320e-04  1.4208e-01  5.0518e-01  2.0042e-02  0:02:41   19

 turbulent viscosity limited to viscosity ratio of 1.000000e+05 in 4481 cells 

 Reversed flow on 700 faces of pressure-outlet 7.
    32  4.7377e-01  2.0045e-04  1.8187e-04  2.8329e-04  3.2650e-02  6.0725e-01  1.9396e-02  0:02:31   18

 turbulent viscosity limited to viscosity ratio of 1.000000e+05 in 4740 cells 

 Reversed flow on 708 faces of pressure-outlet 7.
    33  4.9019e-01  2.0043e-04  1.8570e-04  2.8520e-04  1.5103e-02  3.1683e-01  1.8791e-02  0:02:21   17

 turbulent viscosity limited to viscosity ratio of 1.000000e+05 in 5045 cells 

 Reversed flow on 712 faces of pressure-outlet 7.
    34  4.9768e-01  1.9858e-04  1.8767e-04  2.8453e-04  1.0361e-02  1.1718e-01  1.8223e-02  0:02:15   16

 turbulent viscosity limited to viscosity ratio of 1.000000e+05 in 5332 cells 

 Reversed flow on 709 faces of pressure-outlet 7.
    35  5.0380e-01  1.9583e-04  1.8925e-04  2.8214e-04  9.2530e-03  6.7614e-02  1.7688e-02  0:02:05   15

 turbulent viscosity limited to viscosity ratio of 1.000000e+05 in 5644 cells 

 Reversed flow on 720 faces of pressure-outlet 7.

  iter  continuity  x-velocity  y-velocity  z-velocity           k     epsilon  vf-phase-2     time/iter
    36  5.1272e-01  1.9332e-04  1.9103e-04  2.7957e-04  8.4840e-03  4.4612e-02  1.7184e-02  0:01:59   14

 turbulent viscosity limited to viscosity ratio of 1.000000e+05 in 5971 cells 

 Reversed flow on 716 faces of pressure-outlet 7.
    37  5.1416e-01  1.8992e-04  1.9188e-04  2.7619e-04  8.0403e-03  3.2645e-02  1.6707e-02  0:01:49   13

 turbulent viscosity limited to viscosity ratio of 1.000000e+05 in 6249 cells 

 Reversed flow on 712 faces of pressure-outlet 7.
    38  5.1718e-01  1.8661e-04  1.9241e-04  2.7170e-04  7.7752e-03  2.7608e-02  1.6256e-02  0:01:40   12

 turbulent viscosity limited to viscosity ratio of 1.000000e+05 in 6531 cells 

 Reversed flow on 707 faces of pressure-outlet 7.
    39  5.1445e-01  1.8297e-04  1.9257e-04  2.6718e-04  7.5462e-03  2.4332e-02  1.5829e-02  0:01:33   11

 turbulent viscosity limited to viscosity ratio of 1.000000e+05 in 6868 cells 

 Reversed flow on 722 faces of pressure-outlet 7.
    40  5.1644e-01  1.7934e-04  1.9273e-04  2.6272e-04  7.3906e-03  2.2732e-02  1.5424e-02  0:01:26   10

 turbulent viscosity limited to viscosity ratio of 1.000000e+05 in 7190 cells 

 Reversed flow on 718 faces of pressure-outlet 7.
    41  5.1123e-01  1.7510e-04  1.9222e-04  2.5881e-04  7.2524e-03  2.1252e-02  1.5039e-02  0:01:16    9

 turbulent viscosity limited to viscosity ratio of 1.000000e+05 in 7553 cells 

 Reversed flow on 723 faces of pressure-outlet 7.
    42  5.1061e-01  1.7072e-04  1.9111e-04  2.5422e-04  7.1304e-03  1.9825e-02  1.4673e-02  0:01:08    8

 turbulent viscosity limited to viscosity ratio of 1.000000e+05 in 7918 cells 

 Reversed flow on 709 faces of pressure-outlet 7.
    43  5.1092e-01  1.6700e-04  1.8993e-04  2.5041e-04  7.0434e-03  1.8960e-02  1.4325e-02  0:00:59    7

 turbulent viscosity limited to viscosity ratio of 1.000000e+05 in 8228 cells 

 Reversed flow on 713 faces of pressure-outlet 7.
    44  5.1079e-01  1.6308e-04  1.8871e-04  2.4568e-04  6.9884e-03  1.8224e-02  1.3992e-02  0:00:51    6

 turbulent viscosity limited to viscosity ratio of 1.000000e+05 in 8589 cells 

 Reversed flow on 703 faces of pressure-outlet 7.
    45  5.0611e-01  1.5915e-04  1.8737e-04  2.4048e-04  6.9634e-03  1.8197e-02  1.3675e-02  0:00:42    5

 turbulent viscosity limited to viscosity ratio of 1.000000e+05 in 8885 cells 

 Reversed flow on 711 faces of pressure-outlet 7.
    46  5.0697e-01  1.5531e-04  1.8608e-04  2.3563e-04  6.9445e-03  1.7597e-02  1.3371e-02  0:00:33    4

 turbulent viscosity limited to viscosity ratio of 1.000000e+05 in 9173 cells 

 Reversed flow on 716 faces of pressure-outlet 7.

  iter  continuity  x-velocity  y-velocity  z-velocity           k     epsilon  vf-phase-2     time/iter
    47  5.1076e-01  1.5204e-04  1.8515e-04  2.3083e-04  6.9427e-03  1.7771e-02  1.3081e-02  0:00:25    3

 turbulent viscosity limited to viscosity ratio of 1.000000e+05 in 9484 cells 

 Reversed flow on 708 faces of pressure-outlet 7.
    48  5.0920e-01  1.4906e-04  1.8423e-04  2.2613e-04  6.9524e-03  1.7721e-02  1.2803e-02  0:00:17    2

 turbulent viscosity limited to viscosity ratio of 1.000000e+05 in 9823 cells 

 Reversed flow on 713 faces of pressure-outlet 7.
    49  5.0956e-01  1.4629e-04  1.8329e-04  2.2192e-04  6.9650e-03  1.8023e-02  1.2537e-02  0:00:08    1

 turbulent viscosity limited to viscosity ratio of 1.000000e+05 in 10095 cells 

 Reversed flow on 706 faces of pressure-outlet 7.
    50  5.1083e-01  1.4411e-04  1.8225e-04  2.1783e-04  6.9916e-03  1.8448e-02  1.2282e-02  0:00:00    0
iterate_50: RPC returned
progress: 50/1500

  iter  continuity  x-velocity  y-velocity  z-velocity           k     epsilon  vf-phase-2     time/iter
    50  5.1083e-01  1.4411e-04  1.8225e-04  2.1783e-04  6.9916e-03  1.8448e-02  1.2282e-02  0:03:31   25

 turbulent viscosity limited to viscosity ratio of 1.000000e+05 in 10362 cells 

 Reversed flow on 706 faces of pressure-outlet 7.
    51  5.1479e-01  1.4233e-04  1.8153e-04  2.1408e-04  7.0079e-03  1.8593e-02  1.2037e-02  0:03:25   24

 turbulent viscosity limited to viscosity ratio of 1.000000e+05 in 10662 cells 

 Reversed flow on 706 faces of pressure-outlet 7.
    52  5.1730e-01  1.4094e-04  1.8079e-04  2.1054e-04  7.0259e-03  1.9070e-02  1.1801e-02  0:03:14   23

 turbulent viscosity limited to viscosity ratio of 1.000000e+05 in 10944 cells 

 Reversed flow on 721 faces of pressure-outlet 7.
    53  5.1971e-01  1.3998e-04  1.8031e-04  2.0755e-04  7.0303e-03  1.8947e-02  1.1575e-02  0:03:08   22

 turbulent viscosity limited to viscosity ratio of 1.000000e+05 in 11212 cells 

 Reversed flow on 721 faces of pressure-outlet 7.
    54  5.2460e-01  1.3915e-04  1.7993e-04  2.0464e-04  7.0348e-03  1.8468e-02  1.1357e-02  0:02:57   21

 turbulent viscosity limited to viscosity ratio of 1.000000e+05 in 11511 cells 

 Reversed flow on 710 faces of pressure-outlet 7.
    55  5.2670e-01  1.3800e-04  1.7874e-04  2.0219e-04  7.0384e-03  1.8039e-02  1.1147e-02  0:02:51   20

 turbulent viscosity limited to viscosity ratio of 1.000000e+05 in 11770 cells 

 Reversed flow on 708 faces of pressure-outlet 7.
    56  5.5805e-01  1.3926e-04  1.7991e-04  1.9798e-04  7.0372e-03  1.7732e-02  1.0944e-02  0:02:40   19

 turbulent viscosity limited to viscosity ratio of 1.000000e+05 in 12032 cells 

 Reversed flow on 709 faces of pressure-outlet 7.
    57  5.4671e-01  1.3796e-04  1.7848e-04  1.9629e-04  7.0325e-03  1.7047e-02  1.0749e-02  0:02:30   18

 turbulent viscosity limited to viscosity ratio of 1.000000e+05 in 12233 cells 

 Reversed flow on 706 faces of pressure-outlet 7.
    58  5.7109e-01  1.3899e-04  1.7932e-04  1.9309e-04  7.0333e-03  1.6987e-02  1.0561e-02  0:02:24   17

 turbulent viscosity limited to viscosity ratio of 1.000000e+05 in 12425 cells 

 Reversed flow on 710 faces of pressure-outlet 7.
    59  5.6417e-01  1.3819e-04  1.7804e-04  1.9204e-04  7.0351e-03  1.6640e-02  1.0379e-02  0:02:14   16

 turbulent viscosity limited to viscosity ratio of 1.000000e+05 in 12624 cells 

 Reversed flow on 705 faces of pressure-outlet 7.
    60  5.9113e-01  1.3952e-04  1.7900e-04  1.8927e-04  7.0346e-03  1.6115e-02  1.0204e-02  0:02:05   15

 turbulent viscosity limited to viscosity ratio of 1.000000e+05 in 12832 cells 

 Reversed flow on 710 faces of pressure-outlet 7.

  iter  continuity  x-velocity  y-velocity  z-velocity           k     epsilon  vf-phase-2     time/iter
    61  5.8653e-01  1.3877e-04  1.7789e-04  1.8850e-04  7.0419e-03  1.5874e-02  1.0034e-02  0:01:58   14

 turbulent viscosity limited to viscosity ratio of 1.000000e+05 in 13019 cells 

 Reversed flow on 702 faces of pressure-outlet 7.
    62  6.1242e-01  1.4017e-04  1.7891e-04  1.8604e-04  7.0426e-03  1.5265e-02  9.8695e-03  0:01:49   13

 turbulent viscosity limited to viscosity ratio of 1.000000e+05 in 13205 cells 

 Reversed flow on 706 faces of pressure-outlet 7.
    63  6.0578e-01  1.3959e-04  1.7751e-04  1.8542e-04  7.0505e-03  1.4903e-02  9.7106e-03  0:01:42   12

 turbulent viscosity limited to viscosity ratio of 1.000000e+05 in 13356 cells 

 Reversed flow on 719 faces of pressure-outlet 7.
    64  6.3254e-01  1.4113e-04  1.7816e-04  1.8313e-04  7.0639e-03  1.4685e-02  9.5567e-03  0:01:32   11

 turbulent viscosity limited to viscosity ratio of 1.000000e+05 in 13485 cells 

 Reversed flow on 715 faces of pressure-outlet 7.
    65  6.2681e-01  1.4091e-04  1.7679e-04  1.8268e-04  7.0848e-03  1.4422e-02  9.4076e-03  0:01:23   10

 turbulent viscosity limited to viscosity ratio of 1.000000e+05 in 13566 cells 

 Reversed flow on 718 faces of pressure-outlet 7.
    66  6.5424e-01  1.4261e-04  1.7749e-04  1.8070e-04  7.1055e-03  1.4224e-02  9.2631e-03  0:01:16    9

 turbulent viscosity limited to viscosity ratio of 1.000000e+05 in 13660 cells 

 Reversed flow on 711 faces of pressure-outlet 7.
    67  6.4839e-01  1.4274e-04  1.7626e-04  1.8049e-04  7.1411e-03  1.4179e-02  9.1230e-03  0:01:07    8

 turbulent viscosity limited to viscosity ratio of 1.000000e+05 in 13746 cells 

 Reversed flow on 723 faces of pressure-outlet 7.
    68  6.7638e-01  1.4448e-04  1.7706e-04  1.7884e-04  7.1800e-03  1.4730e-02  8.9870e-03  0:00:58    7

 turbulent viscosity limited to viscosity ratio of 1.000000e+05 in 13807 cells 

 Reversed flow on 728 faces of pressure-outlet 7.
    69  6.7221e-01  1.4447e-04  1.7567e-04  1.7879e-04  7.2181e-03  1.4591e-02  8.8551e-03  0:00:49    6

 turbulent viscosity limited to viscosity ratio of 1.000000e+05 in 13918 cells 

 Reversed flow on 726 faces of pressure-outlet 7.
    70  6.9947e-01  1.4619e-04  1.7629e-04  1.7730e-04  7.2627e-03  1.5141e-02  8.7270e-03  0:00:42    5

 turbulent viscosity limited to viscosity ratio of 1.000000e+05 in 13935 cells 

 Reversed flow on 718 faces of pressure-outlet 7.
    71  6.9357e-01  1.4655e-04  1.7525e-04  1.7717e-04  7.3041e-03  1.5225e-02  8.6025e-03  0:00:33    4

 turbulent viscosity limited to viscosity ratio of 1.000000e+05 in 13983 cells 

 Reversed flow on 720 faces of pressure-outlet 7.

  iter  continuity  x-velocity  y-velocity  z-velocity           k     epsilon  vf-phase-2     time/iter
    72  7.1849e-01  1.4828e-04  1.7630e-04  1.7592e-04  7.3440e-03  1.5430e-02  8.4816e-03  0:00:25    3

 turbulent viscosity limited to viscosity ratio of 1.000000e+05 in 13993 cells 

 Reversed flow on 716 faces of pressure-outlet 7.
    73  7.1552e-01  1.4856e-04  1.7537e-04  1.7575e-04  7.3847e-03  1.5362e-02  8.3640e-03  0:00:17    2

 turbulent viscosity limited to viscosity ratio of 1.000000e+05 in 13949 cells 

 Reversed flow on 713 faces of pressure-outlet 7.
    74  7.3988e-01  1.5018e-04  1.7631e-04  1.7484e-04  7.4149e-03  1.5650e-02  8.2496e-03  0:00:08    1

 turbulent viscosity limited to viscosity ratio of 1.000000e+05 in 13971 cells 

 Reversed flow on 725 faces of pressure-outlet 7.
    75  7.3506e-01  1.5052e-04  1.7535e-04  1.7471e-04  7.4505e-03  1.5980e-02  8.1383e-03  0:00:00    0
iterate_75: RPC returned
progress: 75/1500

  iter  continuity  x-velocity  y-velocity  z-velocity           k     epsilon  vf-phase-2     time/iter
    75  7.3506e-01  1.5052e-04  1.7535e-04  1.7471e-04  7.4505e-03  1.5980e-02  8.1383e-03  0:03:31   25

 turbulent viscosity limited to viscosity ratio of 1.000000e+05 in 13956 cells 

 Reversed flow on 724 faces of pressure-outlet 7.
    76  7.5739e-01  1.5215e-04  1.7629e-04  1.7373e-04  7.4819e-03  1.6358e-02  8.0300e-03  0:03:25   24

 turbulent viscosity limited to viscosity ratio of 1.000000e+05 in 14005 cells 

 Reversed flow on 722 faces of pressure-outlet 7.
    77  7.5117e-01  1.5233e-04  1.7549e-04  1.7357e-04  7.5098e-03  1.6823e-02  7.9245e-03  0:03:14   23

 turbulent viscosity limited to viscosity ratio of 1.000000e+05 in 13988 cells 

 Reversed flow on 719 faces of pressure-outlet 7.
    78  7.7001e-01  1.5390e-04  1.7637e-04  1.7292e-04  7.5299e-03  1.6680e-02  7.8217e-03  0:03:08   22

 turbulent viscosity limited to viscosity ratio of 1.000000e+05 in 13968 cells 

 Reversed flow on 717 faces of pressure-outlet 7.
    79  7.6492e-01  1.5396e-04  1.7571e-04  1.7272e-04  7.5548e-03  1.6913e-02  7.7216e-03  0:02:57   21

 turbulent viscosity limited to viscosity ratio of 1.000000e+05 in 13887 cells 

 Reversed flow on 722 faces of pressure-outlet 7.
    80  7.8170e-01  1.5505e-04  1.7619e-04  1.7234e-04  7.5788e-03  1.6896e-02  7.6240e-03  0:02:47   20

 turbulent viscosity limited to viscosity ratio of 1.000000e+05 in 13909 cells 

 Reversed flow on 718 faces of pressure-outlet 7.
    81  7.7549e-01  1.5492e-04  1.7543e-04  1.7202e-04  7.6004e-03  1.7199e-02  7.5289e-03  0:02:41   19

 turbulent viscosity limited to viscosity ratio of 1.000000e+05 in 13880 cells 

 Reversed flow on 720 faces of pressure-outlet 7.
    82  7.9173e-01  1.5585e-04  1.7576e-04  1.7149e-04  7.6344e-03  1.7420e-02  7.4361e-03  0:02:31   18

 turbulent viscosity limited to viscosity ratio of 1.000000e+05 in 13877 cells 

 Reversed flow on 723 faces of pressure-outlet 7.
    83  7.8559e-01  1.5557e-04  1.7495e-04  1.7133e-04  7.6640e-03  1.7555e-02  7.3456e-03  0:02:21   17

 turbulent viscosity limited to viscosity ratio of 1.000000e+05 in 13857 cells 

 Reversed flow on 723 faces of pressure-outlet 7.
    84  7.9441e-01  1.5574e-04  1.7439e-04  1.7120e-04  7.6999e-03  1.7540e-02  7.2572e-03  0:02:15   16

 turbulent viscosity limited to viscosity ratio of 1.000000e+05 in 13799 cells 

 Reversed flow on 725 faces of pressure-outlet 7.
    85  8.1364e-01  1.5683e-04  1.7481e-04  1.7165e-04  7.7461e-03  1.7585e-02  7.1709e-03  0:02:05   15

 turbulent viscosity limited to viscosity ratio of 1.000000e+05 in 13713 cells 

 Reversed flow on 720 faces of pressure-outlet 7.

  iter  continuity  x-velocity  y-velocity  z-velocity           k     epsilon  vf-phase-2     time/iter
    86  8.0286e-01  1.5621e-04  1.7371e-04  1.7131e-04  7.8039e-03  1.7717e-02  7.0867e-03  0:01:56   14

 turbulent viscosity limited to viscosity ratio of 1.000000e+05 in 13681 cells 

 Reversed flow on 715 faces of pressure-outlet 7.
    87  8.1061e-01  1.5618e-04  1.7281e-04  1.7133e-04  7.8626e-03  1.7849e-02  7.0045e-03  0:01:50   13

 turbulent viscosity limited to viscosity ratio of 1.000000e+05 in 13628 cells 

 Reversed flow on 719 faces of pressure-outlet 7.
    88  8.2611e-01  1.5724e-04  1.7268e-04  1.7172e-04  7.9145e-03  1.7957e-02  6.9242e-03  0:01:40   12

 turbulent viscosity limited to viscosity ratio of 1.000000e+05 in 13564 cells 

 Reversed flow on 718 faces of pressure-outlet 7.
    89  8.1932e-01  1.5659e-04  1.7162e-04  1.7148e-04  7.9652e-03  1.8175e-02  6.8457e-03  0:01:31   11

 turbulent viscosity limited to viscosity ratio of 1.000000e+05 in 13506 cells 

 Reversed flow on 720 faces of pressure-outlet 7.
    90  8.2803e-01  1.5649e-04  1.7070e-04  1.7162e-04  8.0057e-03  1.8314e-02  6.7689e-03  0:01:24   10

 turbulent viscosity limited to viscosity ratio of 1.000000e+05 in 13432 cells 

 Reversed flow on 724 faces of pressure-outlet 7.
    91  8.3608e-01  1.5658e-04  1.6998e-04  1.7168e-04  8.0358e-03  1.8274e-02  6.6939e-03  0:01:15    9

 turbulent viscosity limited to viscosity ratio of 1.000000e+05 in 13371 cells 

 Reversed flow on 711 faces of pressure-outlet 7.
    92  8.4023e-01  1.5687e-04  1.6926e-04  1.7169e-04  8.0468e-03  1.8411e-02  6.6205e-03  0:01:06    8

 turbulent viscosity limited to viscosity ratio of 1.000000e+05 in 13267 cells 

 Reversed flow on 705 faces of pressure-outlet 7.
    93  8.4676e-01  1.5702e-04  1.6848e-04  1.7164e-04  8.0548e-03  1.8620e-02  6.5487e-03  0:00:58    7

 turbulent viscosity limited to viscosity ratio of 1.000000e+05 in 13161 cells 

 Reversed flow on 718 faces of pressure-outlet 7.
    94  8.5360e-01  1.5720e-04  1.6770e-04  1.7166e-04  8.0569e-03  1.8463e-02  6.4785e-03  0:00:50    6

 turbulent viscosity limited to viscosity ratio of 1.000000e+05 in 13091 cells 

 Reversed flow on 714 faces of pressure-outlet 7.
    95  8.5856e-01  1.5732e-04  1.6681e-04  1.7166e-04  8.0496e-03  1.9016e-02  6.4097e-03  0:00:41    5

 turbulent viscosity limited to viscosity ratio of 1.000000e+05 in 13010 cells 

 Reversed flow on 707 faces of pressure-outlet 7.
    96  8.6312e-01  1.5741e-04  1.6578e-04  1.7171e-04  8.0343e-03  1.8678e-02  6.3424e-03  0:00:33    4

 turbulent viscosity limited to viscosity ratio of 1.000000e+05 in 12939 cells 

 Reversed flow on 711 faces of pressure-outlet 7.

  iter  continuity  x-velocity  y-velocity  z-velocity           k     epsilon  vf-phase-2     time/iter
    97  8.6782e-01  1.5751e-04  1.6485e-04  1.7159e-04  8.0134e-03  1.8215e-02  6.2764e-03  0:00:25    3

 turbulent viscosity limited to viscosity ratio of 1.000000e+05 in 12860 cells 

 Reversed flow on 712 faces of pressure-outlet 7.
    98  8.7254e-01  1.5750e-04  1.6378e-04  1.7152e-04  7.9836e-03  1.7782e-02  6.2119e-03  0:00:17    2

 turbulent viscosity limited to viscosity ratio of 1.000000e+05 in 12798 cells 

 Reversed flow on 699 faces of pressure-outlet 7.
    99  8.7638e-01  1.5741e-04  1.6278e-04  1.7147e-04  7.9550e-03  1.7578e-02  6.1486e-03  0:00:08    1

iterate_100: RPC returned
progress: 100/1500
 turbulent viscosity limited to viscosity ratio of 1.000000e+05 in 12679 cells 

 Reversed flow on 699 faces of pressure-outlet 7.
   100  8.8266e-01  1.5726e-04  1.6173e-04  1.7141e-04  7.9164e-03  1.7375e-02  6.0866e-03  0:00:00    0

  iter  continuity  x-velocity  y-velocity  z-velocity           k     epsilon  vf-phase-2     time/iter
   100  8.8266e-01  1.5726e-04  1.6173e-04  1.7141e-04  7.9164e-03  1.7375e-02  6.0866e-03  0:03:25   25

 turbulent viscosity limited to viscosity ratio of 1.000000e+05 in 12585 cells 

 Reversed flow on 701 faces of pressure-outlet 7.
   101  8.8717e-01  1.5710e-04  1.6065e-04  1.7117e-04  7.8761e-03  1.7237e-02  6.0259e-03  0:03:21   24

 turbulent viscosity limited to viscosity ratio of 1.000000e+05 in 12517 cells 

 Reversed flow on 701 faces of pressure-outlet 7.
   102  8.8989e-01  1.5679e-04  1.5957e-04  1.7086e-04  7.8249e-03  1.6778e-02  5.9664e-03  0:03:11   23

 turbulent viscosity limited to viscosity ratio of 1.000000e+05 in 12444 cells 

 Reversed flow on 693 faces of pressure-outlet 7.
   103  8.9248e-01  1.5636e-04  1.5843e-04  1.7052e-04  7.7723e-03  1.6555e-02  5.9080e-03  0:03:01   22

 turbulent viscosity limited to viscosity ratio of 1.000000e+05 in 12375 cells 

 Reversed flow on 695 faces of pressure-outlet 7.
   104  8.9336e-01  1.5581e-04  1.5734e-04  1.7005e-04  7.7058e-03  1.6197e-02  5.8508e-03  0:02:52   21

 turbulent viscosity limited to viscosity ratio of 1.000000e+05 in 12264 cells 

 Reversed flow on 699 faces of pressure-outlet 7.
   105  8.9511e-01  1.5511e-04  1.5630e-04  1.6952e-04  7.6388e-03  1.5881e-02  5.7946e-03  0:02:47   20

 turbulent viscosity limited to viscosity ratio of 1.000000e+05 in 12166 cells 

 Reversed flow on 708 faces of pressure-outlet 7.
   106  8.9766e-01  1.5441e-04  1.5538e-04  1.6913e-04  7.5672e-03  1.5526e-02  5.7396e-03  0:02:37   19

 turbulent viscosity limited to viscosity ratio of 1.000000e+05 in 12073 cells 

 Reversed flow on 709 faces of pressure-outlet 7.
   107  8.9917e-01  1.5360e-04  1.5439e-04  1.6853e-04  7.4996e-03  1.5193e-02  5.6856e-03  0:02:28   18

 turbulent viscosity limited to viscosity ratio of 1.000000e+05 in 11960 cells 

 Reversed flow on 695 faces of pressure-outlet 7.
   108  8.9707e-01  1.5279e-04  1.5329e-04  1.6773e-04  7.4365e-03  1.5007e-02  5.6326e-03  0:02:22   17

 turbulent viscosity limited to viscosity ratio of 1.000000e+05 in 11864 cells 

 Reversed flow on 699 faces of pressure-outlet 7.
   109  8.9485e-01  1.5192e-04  1.5213e-04  1.6694e-04  7.3771e-03  1.4717e-02  5.5807e-03  0:02:13   16

 turbulent viscosity limited to viscosity ratio of 1.000000e+05 in 11753 cells 

 Reversed flow on 695 faces of pressure-outlet 7.
   110  8.9115e-01  1.5107e-04  1.5097e-04  1.6620e-04  7.3114e-03  1.4370e-02  5.5296e-03  0:02:04   15

 turbulent viscosity limited to viscosity ratio of 1.000000e+05 in 11675 cells 

 Reversed flow on 694 faces of pressure-outlet 7.

  iter  continuity  x-velocity  y-velocity  z-velocity           k     epsilon  vf-phase-2     time/iter
   111  8.8727e-01  1.5009e-04  1.4983e-04  1.6538e-04  7.2511e-03  1.4171e-02  5.4795e-03  0:01:58   14

 turbulent viscosity limited to viscosity ratio of 1.000000e+05 in 11578 cells 

 Reversed flow on 685 faces of pressure-outlet 7.
   112  8.8289e-01  1.4914e-04  1.4873e-04  1.6446e-04  7.1911e-03  1.3899e-02  5.4303e-03  0:01:48   13

 turbulent viscosity limited to viscosity ratio of 1.000000e+05 in 11462 cells 

 Reversed flow on 685 faces of pressure-outlet 7.
   113  8.7813e-01  1.4813e-04  1.4758e-04  1.6347e-04  7.1351e-03  1.3748e-02  5.3820e-03  0:01:39   12

 turbulent viscosity limited to viscosity ratio of 1.000000e+05 in 11373 cells 

 Reversed flow on 683 faces of pressure-outlet 7.
   114  8.7383e-01  1.4715e-04  1.4664e-04  1.6266e-04  7.0942e-03  1.3693e-02  5.3346e-03  0:01:30   11

 turbulent viscosity limited to viscosity ratio of 1.000000e+05 in 11244 cells 

 Reversed flow on 670 faces of pressure-outlet 7.
   115  8.6937e-01  1.4619e-04  1.4571e-04  1.6174e-04  7.0700e-03  1.3666e-02  5.2879e-03  0:01:24   10

 turbulent viscosity limited to viscosity ratio of 1.000000e+05 in 11150 cells 

 Reversed flow on 669 faces of pressure-outlet 7.
   116  8.6229e-01  1.4527e-04  1.4487e-04  1.6083e-04  7.0580e-03  1.3711e-02  5.2421e-03  0:01:15    9

 turbulent viscosity limited to viscosity ratio of 1.000000e+05 in 11053 cells 

 Reversed flow on 665 faces of pressure-outlet 7.
   117  8.5558e-01  1.4434e-04  1.4393e-04  1.5994e-04  7.0512e-03  1.3733e-02  5.1971e-03  0:01:06    8

 turbulent viscosity limited to viscosity ratio of 1.000000e+05 in 10979 cells 

 Reversed flow on 669 faces of pressure-outlet 7.
   118  8.5030e-01  1.4349e-04  1.4301e-04  1.5907e-04  7.0509e-03  1.3782e-02  5.1528e-03  0:00:59    7

 turbulent viscosity limited to viscosity ratio of 1.000000e+05 in 10883 cells 

 Reversed flow on 677 faces of pressure-outlet 7.
   119  8.4405e-01  1.4261e-04  1.4203e-04  1.5811e-04  7.0474e-03  1.3841e-02  5.1093e-03  0:00:50    6

 turbulent viscosity limited to viscosity ratio of 1.000000e+05 in 10773 cells 

 Reversed flow on 678 faces of pressure-outlet 7.
   120  8.3737e-01  1.4176e-04  1.4106e-04  1.5718e-04  7.0407e-03  1.3970e-02  5.0665e-03  0:00:41    5

 turbulent viscosity limited to viscosity ratio of 1.000000e+05 in 10660 cells 

 Reversed flow on 667 faces of pressure-outlet 7.
   121  8.2925e-01  1.4091e-04  1.4008e-04  1.5623e-04  7.0267e-03  1.4029e-02  5.0245e-03  0:00:34    4

 turbulent viscosity limited to viscosity ratio of 1.000000e+05 in 10536 cells 

 Reversed flow on 669 faces of pressure-outlet 7.

  iter  continuity  x-velocity  y-velocity  z-velocity           k     epsilon  vf-phase-2     time/iter
   122  8.2325e-01  1.4010e-04  1.3911e-04  1.5528e-04  7.0074e-03  1.4087e-02  4.9831e-03  0:00:25    3

 turbulent viscosity limited to viscosity ratio of 1.000000e+05 in 10413 cells 

 Reversed flow on 675 faces of pressure-outlet 7.
   123  8.1725e-01  1.3926e-04  1.3812e-04  1.5444e-04  6.9808e-03  1.4078e-02  4.9424e-03  0:00:17    2

 turbulent viscosity limited to viscosity ratio of 1.000000e+05 in 10327 cells 

 Reversed flow on 679 faces of pressure-outlet 7.
   124  8.1147e-01  1.3836e-04  1.3720e-04  1.5359e-04  6.9495e-03  1.3978e-02  4.9024e-03  0:00:08    1

 turbulent viscosity limited to viscosity ratio of 1.000000e+05 in 10215 cells 

 Reversed flow on 663 faces of pressure-outlet 7.
   125  8.0579e-01  1.3749e-04  1.3616e-04  1.5273e-04  6.9059e-03  1.3900e-02  4.8631e-03  0:00:00    0
iterate_125: RPC returned
progress: 125/1500

  iter  continuity  x-velocity  y-velocity  z-velocity           k     epsilon  vf-phase-2     time/iter
   125  8.0579e-01  1.3749e-04  1.3616e-04  1.5273e-04  6.9059e-03  1.3900e-02  4.8631e-03  0:03:29   25

 turbulent viscosity limited to viscosity ratio of 1.000000e+05 in 10113 cells 

 Reversed flow on 680 faces of pressure-outlet 7.
   126  8.0121e-01  1.3656e-04  1.3524e-04  1.5198e-04  6.8618e-03  1.3887e-02  4.8243e-03  0:03:24   24

 turbulent viscosity limited to viscosity ratio of 1.000000e+05 in 10016 cells 

 Reversed flow on 681 faces of pressure-outlet 7.
   127  7.9589e-01  1.3556e-04  1.3437e-04  1.5119e-04  6.8102e-03  1.3744e-02  4.7862e-03  0:03:13   23

 turbulent viscosity limited to viscosity ratio of 1.000000e+05 in 9913 cells 

 Reversed flow on 677 faces of pressure-outlet 7.
   128  7.8979e-01  1.3457e-04  1.3345e-04  1.5047e-04  6.7556e-03  1.3580e-02  4.7487e-03  0:03:03   22

 turbulent viscosity limited to viscosity ratio of 1.000000e+05 in 9816 cells 

 Reversed flow on 666 faces of pressure-outlet 7.
   129  7.8423e-01  1.3355e-04  1.3258e-04  1.4973e-04  6.6975e-03  1.3383e-02  4.7118e-03  0:02:57   21

 turbulent viscosity limited to viscosity ratio of 1.000000e+05 in 9717 cells 

 Reversed flow on 672 faces of pressure-outlet 7.
   130  7.8029e-01  1.3252e-04  1.3167e-04  1.4899e-04  6.6408e-03  1.3279e-02  4.6754e-03  0:02:47   20

 turbulent viscosity limited to viscosity ratio of 1.000000e+05 in 9613 cells 

 Reversed flow on 661 faces of pressure-outlet 7.
   131  7.7516e-01  1.3146e-04  1.3079e-04  1.4828e-04  6.5849e-03  1.3144e-02  4.6396e-03  0:02:37   19

 turbulent viscosity limited to viscosity ratio of 1.000000e+05 in 9490 cells 

 Reversed flow on 663 faces of pressure-outlet 7.
   132  7.6981e-01  1.3048e-04  1.2984e-04  1.4767e-04  6.5261e-03  1.3075e-02  4.6043e-03  0:02:32   18

 turbulent viscosity limited to viscosity ratio of 1.000000e+05 in 9416 cells 

 Reversed flow on 666 faces of pressure-outlet 7.
   133  7.6501e-01  1.2943e-04  1.2896e-04  1.4702e-04  6.4688e-03  1.2935e-02  4.5696e-03  0:02:22   17

 turbulent viscosity limited to viscosity ratio of 1.000000e+05 in 9316 cells 

 Reversed flow on 664 faces of pressure-outlet 7.
   134  7.6091e-01  1.2850e-04  1.2813e-04  1.4639e-04  6.4126e-03  1.2652e-02  4.5353e-03  0:02:12   16

 turbulent viscosity limited to viscosity ratio of 1.000000e+05 in 9215 cells 

 Reversed flow on 675 faces of pressure-outlet 7.
   135  7.5642e-01  1.2747e-04  1.2732e-04  1.4580e-04  6.3605e-03  1.2539e-02  4.5017e-03  0:02:06   15

 turbulent viscosity limited to viscosity ratio of 1.000000e+05 in 9112 cells 

 Reversed flow on 675 faces of pressure-outlet 7.

  iter  continuity  x-velocity  y-velocity  z-velocity           k     epsilon  vf-phase-2     time/iter
   136  7.5204e-01  1.2651e-04  1.2660e-04  1.4522e-04  6.3118e-03  1.2566e-02  4.4685e-03  0:01:57   14

 turbulent viscosity limited to viscosity ratio of 1.000000e+05 in 9002 cells 

 Reversed flow on 655 faces of pressure-outlet 7.
   137  7.4762e-01  1.2555e-04  1.2587e-04  1.4462e-04  6.2650e-03  1.2418e-02  4.4358e-03  0:01:47   13

 turbulent viscosity limited to viscosity ratio of 1.000000e+05 in 8902 cells 

 Reversed flow on 660 faces of pressure-outlet 7.
   138  7.4339e-01  1.2463e-04  1.2523e-04  1.4407e-04  6.2211e-03  1.2353e-02  4.4036e-03  0:01:41   12

 turbulent viscosity limited to viscosity ratio of 1.000000e+05 in 8825 cells 

 Reversed flow on 660 faces of pressure-outlet 7.
   139  7.4069e-01  1.2374e-04  1.2459e-04  1.4352e-04  6.1740e-03  1.2101e-02  4.3718e-03  0:01:32   11

 turbulent viscosity limited to viscosity ratio of 1.000000e+05 in 8721 cells 

 Reversed flow on 656 faces of pressure-outlet 7.
   140  7.3703e-01  1.2286e-04  1.2407e-04  1.4296e-04  6.1299e-03  1.2184e-02  4.3406e-03  0:01:23   10

 turbulent viscosity limited to viscosity ratio of 1.000000e+05 in 8603 cells 

 Reversed flow on 660 faces of pressure-outlet 7.
   141  7.3429e-01  1.2206e-04  1.2354e-04  1.4242e-04  6.0850e-03  1.2152e-02  4.3098e-03  0:01:16    9

 turbulent viscosity limited to viscosity ratio of 1.000000e+05 in 8513 cells 

 Reversed flow on 648 faces of pressure-outlet 7.
   142  7.3113e-01  1.2127e-04  1.2296e-04  1.4193e-04  6.0417e-03  1.2091e-02  4.2795e-03  0:01:07    8

 turbulent viscosity limited to viscosity ratio of 1.000000e+05 in 8397 cells 

 Reversed flow on 647 faces of pressure-outlet 7.
   143  7.2879e-01  1.2051e-04  1.2246e-04  1.4143e-04  5.9983e-03  1.2073e-02  4.2495e-03  0:00:58    7

 turbulent viscosity limited to viscosity ratio of 1.000000e+05 in 8313 cells 

 Reversed flow on 644 faces of pressure-outlet 7.
   144  7.2739e-01  1.1985e-04  1.2194e-04  1.4093e-04  5.9565e-03  1.2034e-02  4.2200e-03  0:00:49    6

 turbulent viscosity limited to viscosity ratio of 1.000000e+05 in 8226 cells 

 Reversed flow on 649 faces of pressure-outlet 7.
   145  7.2513e-01  1.1926e-04  1.2141e-04  1.4042e-04  5.9143e-03  1.2005e-02  4.1908e-03  0:00:42    5

 turbulent viscosity limited to viscosity ratio of 1.000000e+05 in 8155 cells 

 Reversed flow on 648 faces of pressure-outlet 7.
   146  7.2123e-01  1.1865e-04  1.2094e-04  1.3983e-04  5.8700e-03  1.1909e-02  4.1621e-03  0:00:33    4

 turbulent viscosity limited to viscosity ratio of 1.000000e+05 in 8052 cells 

 Reversed flow on 638 faces of pressure-outlet 7.

  iter  continuity  x-velocity  y-velocity  z-velocity           k     epsilon  vf-phase-2     time/iter
   147  7.1703e-01  1.1811e-04  1.2045e-04  1.3925e-04  5.8251e-03  1.1819e-02  4.1338e-03  0:00:25    3

 turbulent viscosity limited to viscosity ratio of 1.000000e+05 in 7957 cells 

 Reversed flow on 643 faces of pressure-outlet 7.
   148  7.1337e-01  1.1754e-04  1.1997e-04  1.3876e-04  5.7809e-03  1.1532e-02  4.1059e-03  0:00:16    2

 turbulent viscosity limited to viscosity ratio of 1.000000e+05 in 7865 cells 

 Reversed flow on 632 faces of pressure-outlet 7.
   149  7.1043e-01  1.1696e-04  1.1956e-04  1.3819e-04  5.7372e-03  1.1369e-02  4.0783e-03  0:00:08    1

 turbulent viscosity limited to viscosity ratio of 1.000000e+05 in 7779 cells 

 Reversed flow on 627 faces of pressure-outlet 7.
   150  7.0837e-01  1.1644e-04  1.1914e-04  1.3760e-04  5.6917e-03  1.1400e-02  4.0511e-03  0:00:00    0
iterate_150: RPC returned
progress: 150/1500

  iter  continuity  x-velocity  y-velocity  z-velocity           k     epsilon  vf-phase-2     time/iter
   150  7.0837e-01  1.1644e-04  1.1914e-04  1.3760e-04  5.6917e-03  1.1400e-02  4.0511e-03  0:03:27   25

 turbulent viscosity limited to viscosity ratio of 1.000000e+05 in 7702 cells 

 Reversed flow on 617 faces of pressure-outlet 7.
   151  7.0667e-01  1.1599e-04  1.1868e-04  1.3702e-04  5.6459e-03  1.1351e-02  4.0242e-03  0:03:22   24

 turbulent viscosity limited to viscosity ratio of 1.000000e+05 in 7613 cells 

 Reversed flow on 621 faces of pressure-outlet 7.
   152  7.0487e-01  1.1552e-04  1.1826e-04  1.3646e-04  5.6011e-03  1.1417e-02  3.9977e-03  0:03:16   23

 turbulent viscosity limited to viscosity ratio of 1.000000e+05 in 7523 cells 

 Reversed flow on 619 faces of pressure-outlet 7.
   153  7.0327e-01  1.1505e-04  1.1789e-04  1.3588e-04  5.5551e-03  1.1633e-02  3.9716e-03  0:03:06   22

 turbulent viscosity limited to viscosity ratio of 1.000000e+05 in 7435 cells 

 Reversed flow on 624 faces of pressure-outlet 7.
   154  7.0097e-01  1.1469e-04  1.1756e-04  1.3534e-04  5.5112e-03  1.1442e-02  3.9457e-03  0:02:55   21

 turbulent viscosity limited to viscosity ratio of 1.000000e+05 in 7336 cells 

 Reversed flow on 616 faces of pressure-outlet 7.
   155  6.9931e-01  1.1429e-04  1.1722e-04  1.3483e-04  5.4684e-03  1.1461e-02  3.9203e-03  0:02:46   20

 turbulent viscosity limited to viscosity ratio of 1.000000e+05 in 7220 cells 

 Reversed flow on 610 faces of pressure-outlet 7.
   156  6.9862e-01  1.1386e-04  1.1690e-04  1.3437e-04  5.4224e-03  1.1481e-02  3.8952e-03  0:02:40   19

 turbulent viscosity limited to viscosity ratio of 1.000000e+05 in 7133 cells 

 Reversed flow on 604 faces of pressure-outlet 7.
   157  6.9770e-01  1.1350e-04  1.1664e-04  1.3393e-04  5.3741e-03  1.1239e-02  3.8704e-03  0:02:30   18

 turbulent viscosity limited to viscosity ratio of 1.000000e+05 in 7042 cells 

 Reversed flow on 608 faces of pressure-outlet 7.
   158  6.9628e-01  1.1307e-04  1.1641e-04  1.3357e-04  5.3261e-03  1.1075e-02  3.8460e-03  0:02:21   17

 turbulent viscosity limited to viscosity ratio of 1.000000e+05 in 6946 cells 

 Reversed flow on 607 faces of pressure-outlet 7.
   159  6.9550e-01  1.1266e-04  1.1621e-04  1.3321e-04  5.2784e-03  1.0844e-02  3.8218e-03  0:02:15   16

 turbulent viscosity limited to viscosity ratio of 1.000000e+05 in 6863 cells 

 Reversed flow on 596 faces of pressure-outlet 7.
   160  6.9471e-01  1.1226e-04  1.1598e-04  1.3294e-04  5.2321e-03  1.0761e-02  3.7980e-03  0:02:05   15

 turbulent viscosity limited to viscosity ratio of 1.000000e+05 in 6793 cells 

 Reversed flow on 590 faces of pressure-outlet 7.

  iter  continuity  x-velocity  y-velocity  z-velocity           k     epsilon  vf-phase-2     time/iter
   161  6.9235e-01  1.1192e-04  1.1576e-04  1.3271e-04  5.1907e-03  1.0788e-02  3.7744e-03  0:01:56   14

 turbulent viscosity limited to viscosity ratio of 1.000000e+05 in 6711 cells 

 Reversed flow on 585 faces of pressure-outlet 7.
   162  6.9053e-01  1.1161e-04  1.1554e-04  1.3251e-04  5.1518e-03  1.0900e-02  3.7511e-03  0:01:49   13

 turbulent viscosity limited to viscosity ratio of 1.000000e+05 in 6627 cells 

 Reversed flow on 592 faces of pressure-outlet 7.
   163  6.8958e-01  1.1126e-04  1.1532e-04  1.3229e-04  5.1159e-03  1.0781e-02  3.7282e-03  0:01:40   12

 turbulent viscosity limited to viscosity ratio of 1.000000e+05 in 6563 cells 

 Reversed flow on 586 faces of pressure-outlet 7.
   164  6.8956e-01  1.1096e-04  1.1513e-04  1.3214e-04  5.0814e-03  1.0726e-02  3.7055e-03  0:01:31   11

 turbulent viscosity limited to viscosity ratio of 1.000000e+05 in 6487 cells 

 Reversed flow on 580 faces of pressure-outlet 7.
   165  6.8802e-01  1.1066e-04  1.1497e-04  1.3204e-04  5.0494e-03  1.1016e-02  3.6831e-03  0:01:22   10

 turbulent viscosity limited to viscosity ratio of 1.000000e+05 in 6394 cells 

 Reversed flow on 577 faces of pressure-outlet 7.
   166  6.8806e-01  1.1048e-04  1.1476e-04  1.3194e-04  5.0184e-03  1.1082e-02  3.6610e-03  0:01:15    9

 turbulent viscosity limited to viscosity ratio of 1.000000e+05 in 6318 cells 

 Reversed flow on 581 faces of pressure-outlet 7.
   167  6.8796e-01  1.1025e-04  1.1458e-04  1.3185e-04  4.9898e-03  1.1017e-02  3.6391e-03  0:01:06    8

 turbulent viscosity limited to viscosity ratio of 1.000000e+05 in 6243 cells 

 Reversed flow on 589 faces of pressure-outlet 7.
   168  6.8788e-01  1.1009e-04  1.1442e-04  1.3178e-04  4.9607e-03  1.0952e-02  3.6175e-03  0:00:58    7

 turbulent viscosity limited to viscosity ratio of 1.000000e+05 in 6175 cells 

 Reversed flow on 583 faces of pressure-outlet 7.
   169  6.8884e-01  1.1002e-04  1.1430e-04  1.3170e-04  4.9348e-03  1.0987e-02  3.5962e-03  0:00:50    6

 turbulent viscosity limited to viscosity ratio of 1.000000e+05 in 6099 cells 

 Reversed flow on 574 faces of pressure-outlet 7.
   170  6.9006e-01  1.0996e-04  1.1416e-04  1.3163e-04  4.9081e-03  1.0827e-02  3.5752e-03  0:00:42    5

 turbulent viscosity limited to viscosity ratio of 1.000000e+05 in 6027 cells 

 Reversed flow on 573 faces of pressure-outlet 7.
   171  6.9101e-01  1.0997e-04  1.1407e-04  1.3162e-04  4.8813e-03  1.0740e-02  3.5544e-03  0:00:33    4

 turbulent viscosity limited to viscosity ratio of 1.000000e+05 in 5955 cells 

 Reversed flow on 573 faces of pressure-outlet 7.

  iter  continuity  x-velocity  y-velocity  z-velocity           k     epsilon  vf-phase-2     time/iter
   172  6.9208e-01  1.1001e-04  1.1403e-04  1.3161e-04  4.8570e-03  1.0714e-02  3.5338e-03  0:00:25    3

 turbulent viscosity limited to viscosity ratio of 1.000000e+05 in 5880 cells 

 Reversed flow on 570 faces of pressure-outlet 7.
   173  6.9369e-01  1.1004e-04  1.1400e-04  1.3156e-04  4.8316e-03  1.0779e-02  3.5134e-03  0:00:17    2

 turbulent viscosity limited to viscosity ratio of 1.000000e+05 in 5806 cells 

 Reversed flow on 569 faces of pressure-outlet 7.
   174  6.9552e-01  1.1014e-04  1.1398e-04  1.3150e-04  4.8064e-03  1.0918e-02  3.4932e-03  0:00:08    1

iterate_175: RPC returned
progress: 175/1500
 turbulent viscosity limited to viscosity ratio of 1.000000e+05 in 5739 cells 

 Reversed flow on 568 faces of pressure-outlet 7.
   175  6.9629e-01  1.1028e-04  1.1398e-04  1.3143e-04  4.7785e-03  1.0735e-02  3.4734e-03  0:00:00    0

  iter  continuity  x-velocity  y-velocity  z-velocity           k     epsilon  vf-phase-2     time/iter
   175  6.9629e-01  1.1028e-04  1.1398e-04  1.3143e-04  4.7785e-03  1.0735e-02  3.4734e-03  0:03:25   25

 turbulent viscosity limited to viscosity ratio of 1.000000e+05 in 5668 cells 

 Reversed flow on 563 faces of pressure-outlet 7.
   176  6.9696e-01  1.1043e-04  1.1399e-04  1.3141e-04  4.7510e-03  1.0775e-02  3.4537e-03  0:03:21   24

 turbulent viscosity limited to viscosity ratio of 1.000000e+05 in 5603 cells 

 Reversed flow on 557 faces of pressure-outlet 7.
   177  6.9753e-01  1.1057e-04  1.1407e-04  1.3138e-04  4.7239e-03  1.0870e-02  3.4342e-03  0:03:11   23

 turbulent viscosity limited to viscosity ratio of 1.000000e+05 in 5542 cells 

 Reversed flow on 548 faces of pressure-outlet 7.
   178  6.9896e-01  1.1077e-04  1.1414e-04  1.3139e-04  4.6984e-03  1.0821e-02  3.4150e-03  0:03:06   22

 turbulent viscosity limited to viscosity ratio of 1.000000e+05 in 5485 cells 

 Reversed flow on 550 faces of pressure-outlet 7.
   179  6.9972e-01  1.1097e-04  1.1422e-04  1.3134e-04  4.6711e-03  1.0825e-02  3.3960e-03  0:02:55   21

 turbulent viscosity limited to viscosity ratio of 1.000000e+05 in 5424 cells 

 Reversed flow on 556 faces of pressure-outlet 7.
   180  6.9967e-01  1.1112e-04  1.1437e-04  1.3130e-04  4.6475e-03  1.1162e-02  3.3773e-03  0:02:46   20

 turbulent viscosity limited to viscosity ratio of 1.000000e+05 in 5368 cells 

 Reversed flow on 562 faces of pressure-outlet 7.
   181  7.0050e-01  1.1133e-04  1.1450e-04  1.3129e-04  4.6244e-03  1.1421e-02  3.3587e-03  0:02:40   19

 turbulent viscosity limited to viscosity ratio of 1.000000e+05 in 5317 cells 

 Reversed flow on 548 faces of pressure-outlet 7.
   182  7.0105e-01  1.1158e-04  1.1465e-04  1.3130e-04  4.5981e-03  1.1127e-02  3.3404e-03  0:02:30   18

 turbulent viscosity limited to viscosity ratio of 1.000000e+05 in 5249 cells 

 Reversed flow on 545 faces of pressure-outlet 7.
   183  7.0155e-01  1.1175e-04  1.1481e-04  1.3129e-04  4.5739e-03  1.1131e-02  3.3222e-03  0:02:21   17

 turbulent viscosity limited to viscosity ratio of 1.000000e+05 in 5196 cells 

 Reversed flow on 544 faces of pressure-outlet 7.
   184  7.0116e-01  1.1197e-04  1.1494e-04  1.3126e-04  4.5496e-03  1.0830e-02  3.3043e-03  0:02:11   16

 turbulent viscosity limited to viscosity ratio of 1.000000e+05 in 5138 cells 

 Reversed flow on 537 faces of pressure-outlet 7.
   185  7.0172e-01  1.1217e-04  1.1508e-04  1.3122e-04  4.5298e-03  1.0998e-02  3.2865e-03  0:02:06   15

 turbulent viscosity limited to viscosity ratio of 1.000000e+05 in 5075 cells 

 Reversed flow on 538 faces of pressure-outlet 7.

  iter  continuity  x-velocity  y-velocity  z-velocity           k     epsilon  vf-phase-2     time/iter
   186  7.0153e-01  1.1237e-04  1.1523e-04  1.3117e-04  4.5087e-03  1.0915e-02  3.2689e-03  0:01:56   14

 turbulent viscosity limited to viscosity ratio of 1.000000e+05 in 5020 cells 

 Reversed flow on 528 faces of pressure-outlet 7.
   187  7.0149e-01  1.1257e-04  1.1537e-04  1.3111e-04  4.4911e-03  1.1114e-02  3.2514e-03  0:01:47   13

 turbulent viscosity limited to viscosity ratio of 1.000000e+05 in 4972 cells 

 Reversed flow on 530 faces of pressure-outlet 7.
   188  7.0154e-01  1.1270e-04  1.1554e-04  1.3105e-04  4.4794e-03  1.1915e-02  3.2341e-03  0:01:41   12

 turbulent viscosity limited to viscosity ratio of 1.000000e+05 in 4921 cells 

 Reversed flow on 524 faces of pressure-outlet 7.
   189  7.0109e-01  1.1295e-04  1.1570e-04  1.3094e-04  4.4621e-03  1.1693e-02  3.2169e-03  0:01:31   11

 turbulent viscosity limited to viscosity ratio of 1.000000e+05 in 4872 cells 

 Reversed flow on 526 faces of pressure-outlet 7.
   190  7.0081e-01  1.1320e-04  1.1584e-04  1.3079e-04  4.4436e-03  1.1704e-02  3.2000e-03  0:01:23   10

 turbulent viscosity limited to viscosity ratio of 1.000000e+05 in 4832 cells 

 Reversed flow on 529 faces of pressure-outlet 7.
   191  7.0047e-01  1.1341e-04  1.1597e-04  1.3064e-04  4.4247e-03  1.1305e-02  3.1833e-03  0:01:16    9

 turbulent viscosity limited to viscosity ratio of 1.000000e+05 in 4773 cells 

 Reversed flow on 519 faces of pressure-outlet 7.
   192  6.9984e-01  1.1357e-04  1.1606e-04  1.3048e-04  4.4098e-03  1.1563e-02  3.1668e-03  0:01:07    8

 turbulent viscosity limited to viscosity ratio of 1.000000e+05 in 4736 cells 

 Reversed flow on 522 faces of pressure-outlet 7.
   193  7.0062e-01  1.1377e-04  1.1617e-04  1.3027e-04  4.3912e-03  1.1741e-02  3.1505e-03  0:00:58    7

 turbulent viscosity limited to viscosity ratio of 1.000000e+05 in 4672 cells 

 Reversed flow on 520 faces of pressure-outlet 7.
   194  7.0047e-01  1.1393e-04  1.1624e-04  1.3005e-04  4.3735e-03  1.1905e-02  3.1343e-03  0:00:49    6

 turbulent viscosity limited to viscosity ratio of 1.000000e+05 in 4608 cells 

 Reversed flow on 516 faces of pressure-outlet 7.
   195  7.0043e-01  1.1413e-04  1.1635e-04  1.2985e-04  4.3576e-03  1.2376e-02  3.1183e-03  0:00:42    5

 turbulent viscosity limited to viscosity ratio of 1.000000e+05 in 4559 cells 

 Reversed flow on 522 faces of pressure-outlet 7.
   196  7.0013e-01  1.1436e-04  1.1641e-04  1.2960e-04  4.3384e-03  1.2477e-02  3.1024e-03  0:00:33    4

 turbulent viscosity limited to viscosity ratio of 1.000000e+05 in 4514 cells 

 Reversed flow on 525 faces of pressure-outlet 7.

  iter  continuity  x-velocity  y-velocity  z-velocity           k     epsilon  vf-phase-2     time/iter
   197  6.9991e-01  1.1452e-04  1.1640e-04  1.2932e-04  4.3181e-03  1.1920e-02  3.0868e-03  0:00:25    3

 turbulent viscosity limited to viscosity ratio of 1.000000e+05 in 4465 cells 

 Reversed flow on 511 faces of pressure-outlet 7.
   198  6.9978e-01  1.1466e-04  1.1639e-04  1.2905e-04  4.2971e-03  1.1725e-02  3.0713e-03  0:00:17    2

 turbulent viscosity limited to viscosity ratio of 1.000000e+05 in 4429 cells 

 Reversed flow on 502 faces of pressure-outlet 7.
   199  6.9932e-01  1.1485e-04  1.1638e-04  1.2872e-04  4.2759e-03  1.1662e-02  3.0561e-03  0:00:08    1

 turbulent viscosity limited to viscosity ratio of 1.000000e+05 in 4383 cells 

 Reversed flow on 504 faces of pressure-outlet 7.
   200  6.9875e-01  1.1499e-04  1.1633e-04  1.2840e-04  4.2607e-03  1.2365e-02  3.0409e-03  0:00:00    0
iterate_200: RPC returned
progress: 200/1500

  iter  continuity  x-velocity  y-velocity  z-velocity           k     epsilon  vf-phase-2     time/iter
   200  6.9875e-01  1.1499e-04  1.1633e-04  1.2840e-04  4.2607e-03  1.2365e-02  3.0409e-03  0:03:26   25

 turbulent viscosity limited to viscosity ratio of 1.000000e+05 in 4324 cells 

 Reversed flow on 496 faces of pressure-outlet 7.
   201  6.9744e-01  1.1509e-04  1.1628e-04  1.2805e-04  4.2423e-03  1.1946e-02  3.0258e-03  0:03:22   24

 turbulent viscosity limited to viscosity ratio of 1.000000e+05 in 4274 cells 

 Reversed flow on 495 faces of pressure-outlet 7.
   202  6.9667e-01  1.1517e-04  1.1622e-04  1.2774e-04  4.2247e-03  1.2109e-02  3.0109e-03  0:03:11   23

 turbulent viscosity limited to viscosity ratio of 1.000000e+05 in 4232 cells 

 Reversed flow on 501 faces of pressure-outlet 7.
   203  6.9572e-01  1.1530e-04  1.1615e-04  1.2744e-04  4.2086e-03  1.2413e-02  2.9962e-03  0:03:02   22

 turbulent viscosity limited to viscosity ratio of 1.000000e+05 in 4193 cells 

 Reversed flow on 510 faces of pressure-outlet 7.
   204  6.9491e-01  1.1545e-04  1.1605e-04  1.2706e-04  4.1890e-03  1.1883e-02  2.9816e-03  0:02:52   21

 turbulent viscosity limited to viscosity ratio of 1.000000e+05 in 4135 cells 

 Reversed flow on 497 faces of pressure-outlet 7.
   205  6.9423e-01  1.1550e-04  1.1598e-04  1.2673e-04  4.1728e-03  1.1762e-02  2.9671e-03  0:02:47   20

 turbulent viscosity limited to viscosity ratio of 1.000000e+05 in 4084 cells 

 Reversed flow on 504 faces of pressure-outlet 7.
   206  6.9399e-01  1.1558e-04  1.1589e-04  1.2636e-04  4.1566e-03  1.1652e-02  2.9528e-03  0:02:38   19

 turbulent viscosity limited to viscosity ratio of 1.000000e+05 in 4031 cells 

 Reversed flow on 492 faces of pressure-outlet 7.
   207  6.9377e-01  1.1564e-04  1.1582e-04  1.2605e-04  4.1426e-03  1.2143e-02  2.9386e-03  0:02:28   18

 turbulent viscosity limited to viscosity ratio of 1.000000e+05 in 3986 cells 

 Reversed flow on 504 faces of pressure-outlet 7.
   208  6.9329e-01  1.1572e-04  1.1571e-04  1.2575e-04  4.1259e-03  1.1727e-02  2.9245e-03  0:02:23   17

 turbulent viscosity limited to viscosity ratio of 1.000000e+05 in 3955 cells 

 Reversed flow on 501 faces of pressure-outlet 7.
   209  6.9316e-01  1.1577e-04  1.1563e-04  1.2549e-04  4.1091e-03  1.1297e-02  2.9106e-03  0:02:13   16

 turbulent viscosity limited to viscosity ratio of 1.000000e+05 in 3906 cells 

 Reversed flow on 493 faces of pressure-outlet 7.
   210  6.9280e-01  1.1588e-04  1.1554e-04  1.2517e-04  4.0957e-03  1.1672e-02  2.8968e-03  0:02:04   15

 turbulent viscosity limited to viscosity ratio of 1.000000e+05 in 3861 cells 

 Reversed flow on 493 faces of pressure-outlet 7.

  iter  continuity  x-velocity  y-velocity  z-velocity           k     epsilon  vf-phase-2     time/iter
   211  6.9220e-01  1.1590e-04  1.1547e-04  1.2483e-04  4.0802e-03  1.1472e-02  2.8832e-03  0:01:55   14

 turbulent viscosity limited to viscosity ratio of 1.000000e+05 in 3816 cells 

 Reversed flow on 492 faces of pressure-outlet 7.
   212  6.9099e-01  1.1591e-04  1.1542e-04  1.2457e-04  4.0650e-03  1.1421e-02  2.8696e-03  0:01:49   13

 turbulent viscosity limited to viscosity ratio of 1.000000e+05 in 3769 cells 

 Reversed flow on 490 faces of pressure-outlet 7.
   213  6.9069e-01  1.1594e-04  1.1533e-04  1.2425e-04  4.0524e-03  1.1645e-02  2.8562e-03  0:01:39   12

 turbulent viscosity limited to viscosity ratio of 1.000000e+05 in 3733 cells 

 Reversed flow on 483 faces of pressure-outlet 7.
   214  6.9101e-01  1.1594e-04  1.1533e-04  1.2398e-04  4.0394e-03  1.1822e-02  2.8428e-03  0:01:33   11

 turbulent viscosity limited to viscosity ratio of 1.000000e+05 in 3695 cells 

 Reversed flow on 490 faces of pressure-outlet 7.
   215  6.9092e-01  1.1591e-04  1.1533e-04  1.2370e-04  4.0277e-03  1.2234e-02  2.8296e-03  0:01:23   10

 turbulent viscosity limited to viscosity ratio of 1.000000e+05 in 3658 cells 

 Reversed flow on 498 faces of pressure-outlet 7.
   216  6.9142e-01  1.1592e-04  1.1532e-04  1.2346e-04  4.0174e-03  1.2714e-02  2.8165e-03  0:01:16    9

 turbulent viscosity limited to viscosity ratio of 1.000000e+05 in 3621 cells 

 Reversed flow on 496 faces of pressure-outlet 7.
   217  6.9168e-01  1.1589e-04  1.1531e-04  1.2321e-04  4.0044e-03  1.2078e-02  2.8035e-03  0:01:07    8

 turbulent viscosity limited to viscosity ratio of 1.000000e+05 in 3584 cells 

 Reversed flow on 479 faces of pressure-outlet 7.
   218  6.9227e-01  1.1588e-04  1.1533e-04  1.2293e-04  3.9928e-03  1.2362e-02  2.7906e-03  0:00:58    7

 turbulent viscosity limited to viscosity ratio of 1.000000e+05 in 3552 cells 

 Reversed flow on 473 faces of pressure-outlet 7.
   219  6.9224e-01  1.1582e-04  1.1532e-04  1.2268e-04  3.9772e-03  1.2546e-02  2.7779e-03  0:00:51    6

 turbulent viscosity limited to viscosity ratio of 1.000000e+05 in 3517 cells 

 Reversed flow on 484 faces of pressure-outlet 7.
   220  6.9106e-01  1.1577e-04  1.1535e-04  1.2249e-04  3.9658e-03  1.2488e-02  2.7653e-03  0:00:42    5

 turbulent viscosity limited to viscosity ratio of 1.000000e+05 in 3476 cells 

 Reversed flow on 481 faces of pressure-outlet 7.
   221  6.9093e-01  1.1566e-04  1.1537e-04  1.2231e-04  3.9491e-03  1.1766e-02  2.7528e-03  0:00:33    4

 turbulent viscosity limited to viscosity ratio of 1.000000e+05 in 3446 cells 

 Reversed flow on 478 faces of pressure-outlet 7.

  iter  continuity  x-velocity  y-velocity  z-velocity           k     epsilon  vf-phase-2     time/iter
   222  6.9162e-01  1.1557e-04  1.1538e-04  1.2206e-04  3.9332e-03  1.1870e-02  2.7404e-03  0:00:25    3

 turbulent viscosity limited to viscosity ratio of 1.000000e+05 in 3408 cells 

 Reversed flow on 468 faces of pressure-outlet 7.
   223  6.9115e-01  1.1552e-04  1.1545e-04  1.2183e-04  3.9226e-03  1.2425e-02  2.7282e-03  0:00:17    2

 turbulent viscosity limited to viscosity ratio of 1.000000e+05 in 3374 cells 

 Reversed flow on 467 faces of pressure-outlet 7.
   224  6.9081e-01  1.1545e-04  1.1554e-04  1.2161e-04  3.9075e-03  1.1885e-02  2.7160e-03  0:00:08    1

 turbulent viscosity limited to viscosity ratio of 1.000000e+05 in 3343 cells 

 Reversed flow on 476 faces of pressure-outlet 7.
   225  6.9060e-01  1.1537e-04  1.1555e-04  1.2147e-04  3.8908e-03  1.1847e-02  2.7041e-03  0:00:00    0
iterate_225: RPC returned
progress: 225/1500

  iter  continuity  x-velocity  y-velocity  z-velocity           k     epsilon  vf-phase-2     time/iter
   225  6.9060e-01  1.1537e-04  1.1555e-04  1.2147e-04  3.8908e-03  1.1847e-02  2.7041e-03  0:03:26   25

 turbulent viscosity limited to viscosity ratio of 1.000000e+05 in 3314 cells 

 Reversed flow on 472 faces of pressure-outlet 7.
   226  6.9185e-01  1.1521e-04  1.1558e-04  1.2126e-04  3.8721e-03  1.1402e-02  2.6923e-03  0:03:17   24

 turbulent viscosity limited to viscosity ratio of 1.000000e+05 in 3286 cells 

 Reversed flow on 469 faces of pressure-outlet 7.
   227  6.9192e-01  1.1510e-04  1.1564e-04  1.2108e-04  3.8579e-03  1.1053e-02  2.6806e-03  0:03:12   23

 turbulent viscosity limited to viscosity ratio of 1.000000e+05 in 3257 cells 

 Reversed flow on 466 faces of pressure-outlet 7.
   228  6.9270e-01  1.1502e-04  1.1578e-04  1.2096e-04  3.8450e-03  1.2615e-02  2.6689e-03  0:03:02   22

 turbulent viscosity limited to viscosity ratio of 1.000000e+05 in 3237 cells 

 Reversed flow on 474 faces of pressure-outlet 7.
   229  6.9358e-01  1.1496e-04  1.1588e-04  1.2082e-04  3.8271e-03  1.1960e-02  2.6573e-03  0:02:53   21

 turbulent viscosity limited to viscosity ratio of 1.000000e+05 in 3207 cells 

 Reversed flow on 468 faces of pressure-outlet 7.
   230  6.9471e-01  1.1487e-04  1.1600e-04  1.2063e-04  3.8136e-03  1.2370e-02  2.6458e-03  0:02:48   20

 turbulent viscosity limited to viscosity ratio of 1.000000e+05 in 3170 cells 

 Reversed flow on 469 faces of pressure-outlet 7.
   231  6.9713e-01  1.1479e-04  1.1607e-04  1.2047e-04  3.7976e-03  1.1761e-02  2.6344e-03  0:02:38   19

 turbulent viscosity limited to viscosity ratio of 1.000000e+05 in 3143 cells 

 Reversed flow on 470 faces of pressure-outlet 7.
   232  6.9906e-01  1.1471e-04  1.1611e-04  1.2033e-04  3.7818e-03  1.1181e-02  2.6231e-03  0:02:32   18

 turbulent viscosity limited to viscosity ratio of 1.000000e+05 in 3115 cells 

 Reversed flow on 456 faces of pressure-outlet 7.
   233  7.0039e-01  1.1467e-04  1.1611e-04  1.2015e-04  3.7673e-03  1.0931e-02  2.6119e-03  0:02:22   17

 turbulent viscosity limited to viscosity ratio of 1.000000e+05 in 3084 cells 

 Reversed flow on 461 faces of pressure-outlet 7.
   234  7.0246e-01  1.1469e-04  1.1613e-04  1.1995e-04  3.7547e-03  1.0523e-02  2.6008e-03  0:02:13   16

 turbulent viscosity limited to viscosity ratio of 1.000000e+05 in 3063 cells 

 Reversed flow on 451 faces of pressure-outlet 7.
   235  7.0369e-01  1.1470e-04  1.1618e-04  1.1973e-04  3.7413e-03  1.0191e-02  2.5898e-03  0:02:06   15

 turbulent viscosity limited to viscosity ratio of 1.000000e+05 in 3033 cells 

 Reversed flow on 454 faces of pressure-outlet 7.

  iter  continuity  x-velocity  y-velocity  z-velocity           k     epsilon  vf-phase-2     time/iter
   236  7.0485e-01  1.1466e-04  1.1614e-04  1.1955e-04  3.7284e-03  1.0305e-02  2.5788e-03  0:01:57   14

 turbulent viscosity limited to viscosity ratio of 1.000000e+05 in 3007 cells 

 Reversed flow on 452 faces of pressure-outlet 7.
   237  7.0608e-01  1.1470e-04  1.1608e-04  1.1933e-04  3.7158e-03  1.0211e-02  2.5680e-03  0:01:48   13

 turbulent viscosity limited to viscosity ratio of 1.000000e+05 in 2973 cells 

 Reversed flow on 445 faces of pressure-outlet 7.
   238  7.0711e-01  1.1464e-04  1.1598e-04  1.1912e-04  3.7100e-03  1.2800e-02  2.5572e-03  0:01:41   12

 turbulent viscosity limited to viscosity ratio of 1.000000e+05 in 2951 cells 

 Reversed flow on 450 faces of pressure-outlet 7.
   239  7.0761e-01  1.1459e-04  1.1588e-04  1.1885e-04  3.6947e-03  1.1374e-02  2.5466e-03  0:01:32   11

 turbulent viscosity limited to viscosity ratio of 1.000000e+05 in 2925 cells 

 Reversed flow on 448 faces of pressure-outlet 7.
   240  7.0783e-01  1.1458e-04  1.1578e-04  1.1854e-04  3.6811e-03  1.2368e-02  2.5360e-03  0:01:23   10

 turbulent viscosity limited to viscosity ratio of 1.000000e+05 in 2895 cells 

 Reversed flow on 441 faces of pressure-outlet 7.
   241  7.0743e-01  1.1453e-04  1.1562e-04  1.1828e-04  3.6609e-03  1.0287e-02  2.5256e-03  0:01:14    9

 turbulent viscosity limited to viscosity ratio of 1.000000e+05 in 2871 cells 

 Reversed flow on 435 faces of pressure-outlet 7.
   242  7.0706e-01  1.1445e-04  1.1546e-04  1.1803e-04  3.6480e-03  1.1129e-02  2.5152e-03  0:01:05    8

 turbulent viscosity limited to viscosity ratio of 1.000000e+05 in 2846 cells 

 Reversed flow on 435 faces of pressure-outlet 7.
   243  7.0559e-01  1.1438e-04  1.1527e-04  1.1771e-04  3.6311e-03  1.0661e-02  2.5050e-03  0:00:58    7

 turbulent viscosity limited to viscosity ratio of 1.000000e+05 in 2816 cells 

 Reversed flow on 436 faces of pressure-outlet 7.
   244  7.0401e-01  1.1428e-04  1.1507e-04  1.1735e-04  3.6124e-03  1.0221e-02  2.4948e-03  0:00:50    6

 turbulent viscosity limited to viscosity ratio of 1.000000e+05 in 2800 cells 

 Reversed flow on 439 faces of pressure-outlet 7.
   245  7.0299e-01  1.1416e-04  1.1486e-04  1.1702e-04  3.5980e-03  1.0220e-02  2.4847e-03  0:00:41    5

 turbulent viscosity limited to viscosity ratio of 1.000000e+05 in 2769 cells 

 Reversed flow on 437 faces of pressure-outlet 7.
   246  7.0325e-01  1.1404e-04  1.1465e-04  1.1668e-04  3.5822e-03  1.0139e-02  2.4746e-03  0:00:33    4

 turbulent viscosity limited to viscosity ratio of 1.000000e+05 in 2749 cells 

 Reversed flow on 435 faces of pressure-outlet 7.

  iter  continuity  x-velocity  y-velocity  z-velocity           k     epsilon  vf-phase-2     time/iter
   247  7.0251e-01  1.1393e-04  1.1447e-04  1.1637e-04  3.5700e-03  1.0846e-02  2.4646e-03  0:00:25    3

 turbulent viscosity limited to viscosity ratio of 1.000000e+05 in 2723 cells 

 Reversed flow on 442 faces of pressure-outlet 7.
   248  7.0163e-01  1.1381e-04  1.1425e-04  1.1601e-04  3.5545e-03  1.0027e-02  2.4547e-03  0:00:16    2

 turbulent viscosity limited to viscosity ratio of 1.000000e+05 in 2701 cells 

 Reversed flow on 442 faces of pressure-outlet 7.
   249  7.0074e-01  1.1365e-04  1.1407e-04  1.1563e-04  3.5412e-03  1.0111e-02  2.4449e-03  0:00:08    1

 turbulent viscosity limited to viscosity ratio of 1.000000e+05 in 2681 cells 

 Reversed flow on 442 faces of pressure-outlet 7.
iterate_250: RPC returned   250  6.9923e-01  1.1351e-04  1.1390e-04  1.1529e-04  3.5276e-03  1.0113e-02  2.4351e-03  0:00:00    0

progress: 250/1500

  iter  continuity  x-velocity  y-velocity  z-velocity           k     epsilon  vf-phase-2     time/iter
   250  6.9923e-01  1.1351e-04  1.1390e-04  1.1529e-04  3.5276e-03  1.0113e-02  2.4351e-03  0:03:29   25

 turbulent viscosity limited to viscosity ratio of 1.000000e+05 in 2656 cells 

 Reversed flow on 439 faces of pressure-outlet 7.
   251  6.9809e-01  1.1334e-04  1.1372e-04  1.1494e-04  3.5137e-03  1.0660e-02  2.4254e-03  0:03:24   24

 turbulent viscosity limited to viscosity ratio of 1.000000e+05 in 2626 cells 

 Reversed flow on 442 faces of pressure-outlet 7.
   252  6.9739e-01  1.1322e-04  1.1354e-04  1.1458e-04  3.5027e-03  1.1839e-02  2.4158e-03  0:03:13   23

 turbulent viscosity limited to viscosity ratio of 1.000000e+05 in 2608 cells 

 Reversed flow on 439 faces of pressure-outlet 7.
   253  6.9715e-01  1.1299e-04  1.1336e-04  1.1421e-04  3.4940e-03  1.8079e-02  2.4063e-03  0:03:03   22

 turbulent viscosity limited to viscosity ratio of 1.000000e+05 in 2589 cells 

 Reversed flow on 438 faces of pressure-outlet 7.
   254  6.9521e-01  1.1279e-04  1.1324e-04  1.1385e-04  3.4911e-03  1.7097e-02  2.3969e-03  0:02:57   21

 turbulent viscosity limited to viscosity ratio of 1.000000e+05 in 2573 cells 

 Reversed flow on 430 faces of pressure-outlet 7.
   255  6.9523e-01  1.1262e-04  1.1300e-04  1.1347e-04  3.4782e-03  1.3646e-02  2.3875e-03  0:02:47   20

 turbulent viscosity limited to viscosity ratio of 1.000000e+05 in 2550 cells 

 Reversed flow on 435 faces of pressure-outlet 7.
   256  6.9262e-01  1.1239e-04  1.1283e-04  1.1311e-04  3.4542e-03  1.0452e-02  2.3783e-03  0:02:37   19

 turbulent viscosity limited to viscosity ratio of 1.000000e+05 in 2532 cells 

 Reversed flow on 435 faces of pressure-outlet 7.
   257  6.9104e-01  1.1215e-04  1.1266e-04  1.1274e-04  3.4417e-03  9.5470e-03  2.3690e-03  0:02:32   18

 turbulent viscosity limited to viscosity ratio of 1.000000e+05 in 2514 cells 

 Reversed flow on 430 faces of pressure-outlet 7.
   258  6.8989e-01  1.1189e-04  1.1249e-04  1.1242e-04  3.4317e-03  9.5523e-03  2.3599e-03  0:02:22   17

 turbulent viscosity limited to viscosity ratio of 1.000000e+05 in 2498 cells 

 Reversed flow on 434 faces of pressure-outlet 7.
   259  6.8808e-01  1.1166e-04  1.1238e-04  1.1203e-04  3.4225e-03  9.5346e-03  2.3508e-03  0:02:12   16

 turbulent viscosity limited to viscosity ratio of 1.000000e+05 in 2481 cells 

 Reversed flow on 433 faces of pressure-outlet 7.
   260  6.8735e-01  1.1138e-04  1.1228e-04  1.1168e-04  3.4118e-03  9.4855e-03  2.3418e-03  0:02:06   15

 turbulent viscosity limited to viscosity ratio of 1.000000e+05 in 2459 cells 

 Reversed flow on 442 faces of pressure-outlet 7.

  iter  continuity  x-velocity  y-velocity  z-velocity           k     epsilon  vf-phase-2     time/iter
   261  6.8622e-01  1.1111e-04  1.1227e-04  1.1130e-04  3.4029e-03  9.4189e-03  2.3329e-03  0:01:57   14

 turbulent viscosity limited to viscosity ratio of 1.000000e+05 in 2442 cells 

 Reversed flow on 443 faces of pressure-outlet 7.
   262  6.8533e-01  1.1085e-04  1.1223e-04  1.1094e-04  3.3945e-03  9.0451e-03  2.3240e-03  0:01:47   13

 turbulent viscosity limited to viscosity ratio of 1.000000e+05 in 2422 cells 

 Reversed flow on 436 faces of pressure-outlet 7.
   263  6.8518e-01  1.1058e-04  1.1219e-04  1.1061e-04  3.3889e-03  9.6674e-03  2.3152e-03  0:01:39   12

 turbulent viscosity limited to viscosity ratio of 1.000000e+05 in 2392 cells 

 Reversed flow on 427 faces of pressure-outlet 7.
   264  6.8375e-01  1.1030e-04  1.1226e-04  1.1029e-04  3.3816e-03  9.2220e-03  2.3065e-03  0:01:32   11

 turbulent viscosity limited to viscosity ratio of 1.000000e+05 in 2371 cells 

 Reversed flow on 438 faces of pressure-outlet 7.
   265  6.8276e-01  1.1000e-04  1.1228e-04  1.0992e-04  3.3747e-03  9.3437e-03  2.2978e-03  0:01:23   10

 turbulent viscosity limited to viscosity ratio of 1.000000e+05 in 2354 cells 

 Reversed flow on 435 faces of pressure-outlet 7.
   266  6.8176e-01  1.0973e-04  1.1229e-04  1.0957e-04  3.3678e-03  8.8164e-03  2.2892e-03  0:01:14    9

 turbulent viscosity limited to viscosity ratio of 1.000000e+05 in 2334 cells 

 Reversed flow on 434 faces of pressure-outlet 7.
   267  6.8125e-01  1.0948e-04  1.1230e-04  1.0923e-04  3.3653e-03  9.1573e-03  2.2807e-03  0:01:07    8

 turbulent viscosity limited to viscosity ratio of 1.000000e+05 in 2315 cells 

 Reversed flow on 435 faces of pressure-outlet 7.
   268  6.8077e-01  1.0925e-04  1.1237e-04  1.0894e-04  3.3638e-03  9.7104e-03  2.2722e-03  0:00:58    7

 turbulent viscosity limited to viscosity ratio of 1.000000e+05 in 2294 cells 

 Reversed flow on 437 faces of pressure-outlet 7.
   269  6.8022e-01  1.0904e-04  1.1243e-04  1.0867e-04  3.3629e-03  1.0008e-02  2.2638e-03  0:00:49    6

 turbulent viscosity limited to viscosity ratio of 1.000000e+05 in 2273 cells 

 Reversed flow on 431 faces of pressure-outlet 7.
   270  6.8009e-01  1.0878e-04  1.1247e-04  1.0844e-04  3.3618e-03  1.0438e-02  2.2555e-03  0:00:42    5

 turbulent viscosity limited to viscosity ratio of 1.000000e+05 in 2258 cells 

 Reversed flow on 439 faces of pressure-outlet 7.
   271  6.7905e-01  1.0853e-04  1.1258e-04  1.0819e-04  3.3596e-03  1.0215e-02  2.2472e-03  0:00:33    4

 turbulent viscosity limited to viscosity ratio of 1.000000e+05 in 2250 cells 

 Reversed flow on 436 faces of pressure-outlet 7.

  iter  continuity  x-velocity  y-velocity  z-velocity           k     epsilon  vf-phase-2     time/iter
   272  6.7908e-01  1.0826e-04  1.1261e-04  1.0800e-04  3.3566e-03  1.0078e-02  2.2389e-03  0:00:25    3

 turbulent viscosity limited to viscosity ratio of 1.000000e+05 in 2236 cells 

 Reversed flow on 437 faces of pressure-outlet 7.
   273  6.7785e-01  1.0803e-04  1.1271e-04  1.0780e-04  3.3550e-03  9.9364e-03  2.2307e-03  0:00:16    2

 turbulent viscosity limited to viscosity ratio of 1.000000e+05 in 2229 cells 

 Reversed flow on 444 faces of pressure-outlet 7.
   274  6.7694e-01  1.0776e-04  1.1277e-04  1.0763e-04  3.3510e-03  9.4797e-03  2.2226e-03  0:00:08    1

 turbulent viscosity limited to viscosity ratio of 1.000000e+05 in 2219 cells 

 Reversed flow on 438 faces of pressure-outlet 7.
   275  6.7661e-01  1.0749e-04  1.1283e-04  1.0743e-04  3.3520e-03  1.0295e-02  2.2145e-03  0:00:00    0
iterate_275: RPC returned
progress: 275/1500

  iter  continuity  x-velocity  y-velocity  z-velocity           k     epsilon  vf-phase-2     time/iter
   275  6.7661e-01  1.0749e-04  1.1283e-04  1.0743e-04  3.3520e-03  1.0295e-02  2.2145e-03  0:03:27   25

 turbulent viscosity limited to viscosity ratio of 1.000000e+05 in 2209 cells 

 Reversed flow on 439 faces of pressure-outlet 7.
   276  6.7642e-01  1.0724e-04  1.1289e-04  1.0727e-04  3.3493e-03  1.0142e-02  2.2065e-03  0:03:22   24

 turbulent viscosity limited to viscosity ratio of 1.000000e+05 in 2194 cells 

 Reversed flow on 445 faces of pressure-outlet 7.
   277  6.7661e-01  1.0698e-04  1.1295e-04  1.0709e-04  3.3449e-03  9.6455e-03  2.1984e-03  0:03:17   23

 turbulent viscosity limited to viscosity ratio of 1.000000e+05 in 2178 cells 

 Reversed flow on 433 faces of pressure-outlet 7.
   278  6.7679e-01  1.0671e-04  1.1301e-04  1.0693e-04  3.3479e-03  1.2790e-02  2.1905e-03  0:03:06   22

 turbulent viscosity limited to viscosity ratio of 1.000000e+05 in 2167 cells 

 Reversed flow on 438 faces of pressure-outlet 7.
   279  6.7628e-01  1.0650e-04  1.1309e-04  1.0678e-04  3.3456e-03  1.1622e-02  2.1827e-03  0:02:55   21

 turbulent viscosity limited to viscosity ratio of 1.000000e+05 in 2147 cells 

 Reversed flow on 452 faces of pressure-outlet 7.
   280  6.7597e-01  1.0630e-04  1.1317e-04  1.0665e-04  3.3443e-03  1.2199e-02  2.1749e-03  0:02:46   20

 turbulent viscosity limited to viscosity ratio of 1.000000e+05 in 2135 cells 

 Reversed flow on 456 faces of pressure-outlet 7.
   281  6.7568e-01  1.0606e-04  1.1320e-04  1.0651e-04  3.3437e-03  1.1264e-02  2.1671e-03  0:02:40   19

 turbulent viscosity limited to viscosity ratio of 1.000000e+05 in 2125 cells 

 Reversed flow on 456 faces of pressure-outlet 7.
   282  6.7582e-01  1.0584e-04  1.1323e-04  1.0636e-04  3.3365e-03  1.0253e-02  2.1594e-03  0:02:30   18

 turbulent viscosity limited to viscosity ratio of 1.000000e+05 in 2114 cells 

 Reversed flow on 464 faces of pressure-outlet 7.
   283  6.7587e-01  1.0564e-04  1.1328e-04  1.0626e-04  3.3316e-03  1.0543e-02  2.1518e-03  0:02:21   17

 turbulent viscosity limited to viscosity ratio of 1.000000e+05 in 2100 cells 

 Reversed flow on 468 faces of pressure-outlet 7.
   284  6.7539e-01  1.0545e-04  1.1333e-04  1.0619e-04  3.3249e-03  9.9217e-03  2.1442e-03  0:02:15   16

 turbulent viscosity limited to viscosity ratio of 1.000000e+05 in 2088 cells 

 Reversed flow on 468 faces of pressure-outlet 7.
   285  6.7501e-01  1.0526e-04  1.1341e-04  1.0613e-04  3.3207e-03  9.9344e-03  2.1366e-03  0:02:05   15

 turbulent viscosity limited to viscosity ratio of 1.000000e+05 in 2080 cells 

 Reversed flow on 472 faces of pressure-outlet 7.

  iter  continuity  x-velocity  y-velocity  z-velocity           k     epsilon  vf-phase-2     time/iter
   286  6.7487e-01  1.0506e-04  1.1350e-04  1.0606e-04  3.3138e-03  9.3771e-03  2.1292e-03  0:01:56   14

 turbulent viscosity limited to viscosity ratio of 1.000000e+05 in 2068 cells 

 Reversed flow on 470 faces of pressure-outlet 7.
   287  6.7569e-01  1.0487e-04  1.1362e-04  1.0605e-04  3.3071e-03  9.4775e-03  2.1217e-03  0:01:47   13

 turbulent viscosity limited to viscosity ratio of 1.000000e+05 in 2060 cells 

 Reversed flow on 481 faces of pressure-outlet 7.
   288  6.7641e-01  1.0472e-04  1.1367e-04  1.0599e-04  3.2988e-03  9.0242e-03  2.1143e-03  0:01:40   12

 turbulent viscosity limited to viscosity ratio of 1.000000e+05 in 2044 cells 

 Reversed flow on 487 faces of pressure-outlet 7.
   289  6.7657e-01  1.0452e-04  1.1372e-04  1.0592e-04  3.2908e-03  8.8433e-03  2.1069e-03  0:01:31   11

 turbulent viscosity limited to viscosity ratio of 1.000000e+05 in 2030 cells 

 Reversed flow on 485 faces of pressure-outlet 7.
   290  6.7694e-01  1.0433e-04  1.1382e-04  1.0591e-04  3.2817e-03  8.5978e-03  2.0996e-03  0:01:22   10

 turbulent viscosity limited to viscosity ratio of 1.000000e+05 in 2010 cells 

 Reversed flow on 494 faces of pressure-outlet 7.
   291  6.7699e-01  1.0421e-04  1.1384e-04  1.0590e-04  3.2743e-03  8.9404e-03  2.0924e-03  0:01:16    9

 turbulent viscosity limited to viscosity ratio of 1.000000e+05 in 1997 cells 

 Reversed flow on 498 faces of pressure-outlet 7.
   292  6.7703e-01  1.0408e-04  1.1388e-04  1.0588e-04  3.2664e-03  8.6078e-03  2.0852e-03  0:01:06    8

 turbulent viscosity limited to viscosity ratio of 1.000000e+05 in 1987 cells 

 Reversed flow on 507 faces of pressure-outlet 7.
   293  6.7644e-01  1.0392e-04  1.1393e-04  1.0582e-04  3.2599e-03  8.8674e-03  2.0781e-03  0:00:59    7

 turbulent viscosity limited to viscosity ratio of 1.000000e+05 in 1978 cells 

 Reversed flow on 514 faces of pressure-outlet 7.
   294  6.7573e-01  1.0376e-04  1.1400e-04  1.0579e-04  3.2486e-03  8.4570e-03  2.0709e-03  0:00:50    6

 turbulent viscosity limited to viscosity ratio of 1.000000e+05 in 1968 cells 

 Reversed flow on 517 faces of pressure-outlet 7.
   295  6.7604e-01  1.0356e-04  1.1403e-04  1.0578e-04  3.2422e-03  8.3301e-03  2.0639e-03  0:00:41    5

 turbulent viscosity limited to viscosity ratio of 1.000000e+05 in 1951 cells 

 Reversed flow on 507 faces of pressure-outlet 7.
   296  6.7714e-01  1.0342e-04  1.1410e-04  1.0575e-04  3.2362e-03  8.0147e-03  2.0569e-03  0:00:33    4

 turbulent viscosity limited to viscosity ratio of 1.000000e+05 in 1938 cells 

 Reversed flow on 498 faces of pressure-outlet 7.

  iter  continuity  x-velocity  y-velocity  z-velocity           k     epsilon  vf-phase-2     time/iter
   297  6.7700e-01  1.0330e-04  1.1423e-04  1.0575e-04  3.2333e-03  9.2219e-03  2.0499e-03  0:00:25    3

 turbulent viscosity limited to viscosity ratio of 1.000000e+05 in 1925 cells 

 Reversed flow on 510 faces of pressure-outlet 7.
   298  6.7695e-01  1.0311e-04  1.1434e-04  1.0578e-04  3.2282e-03  8.1783e-03  2.0430e-03  0:00:17    2

 turbulent viscosity limited to viscosity ratio of 1.000000e+05 in 1912 cells 

 Reversed flow on 510 faces of pressure-outlet 7.
   299  6.7687e-01  1.0293e-04  1.1448e-04  1.0576e-04  3.2262e-03  8.2718e-03  2.0362e-03  0:00:08    1

 turbulent viscosity limited to viscosity ratio of 1.000000e+05 in 1905 cells 

 Reversed flow on 513 faces of pressure-outlet 7.
   300  6.7757e-01  1.0274e-04  1.1454e-04  1.0574e-04  3.2207e-03  8.0461e-03  2.0294e-03  0:00:00    0
iterate_300: RPC returned
progress: 300/1500

  iter  continuity  x-velocity  y-velocity  z-velocity           k     epsilon  vf-phase-2     time/iter
   300  6.7757e-01  1.0274e-04  1.1454e-04  1.0574e-04  3.2207e-03  8.0461e-03  2.0294e-03  0:03:30   25

 turbulent viscosity limited to viscosity ratio of 1.000000e+05 in 1896 cells 

 Reversed flow on 517 faces of pressure-outlet 7.
   301  6.7845e-01  1.0258e-04  1.1466e-04  1.0574e-04  3.2175e-03  7.7217e-03  2.0226e-03  0:03:24   24

 turbulent viscosity limited to viscosity ratio of 1.000000e+05 in 1887 cells 

 Reversed flow on 515 faces of pressure-outlet 7.
   302  6.7881e-01  1.0242e-04  1.1479e-04  1.0572e-04  3.2119e-03  7.5476e-03  2.0159e-03  0:03:14   23

 turbulent viscosity limited to viscosity ratio of 1.000000e+05 in 1878 cells 

 Reversed flow on 517 faces of pressure-outlet 7.
   303  6.7934e-01  1.0228e-04  1.1492e-04  1.0572e-04  3.2094e-03  7.7649e-03  2.0093e-03  0:03:03   22

 turbulent viscosity limited to viscosity ratio of 1.000000e+05 in 1868 cells 

 Reversed flow on 512 faces of pressure-outlet 7.
   304  6.8015e-01  1.0213e-04  1.1502e-04  1.0573e-04  3.2056e-03  7.5655e-03  2.0026e-03  0:02:58   21

 turbulent viscosity limited to viscosity ratio of 1.000000e+05 in 1859 cells 

 Reversed flow on 517 faces of pressure-outlet 7.
   305  6.8069e-01  1.0196e-04  1.1517e-04  1.0572e-04  3.2034e-03  7.5384e-03  1.9960e-03  0:02:47   20

 turbulent viscosity limited to viscosity ratio of 1.000000e+05 in 1852 cells 

 Reversed flow on 513 faces of pressure-outlet 7.
   306  6.8153e-01  1.0178e-04  1.1527e-04  1.0574e-04  3.2005e-03  7.6944e-03  1.9895e-03  0:02:38   19

 turbulent viscosity limited to viscosity ratio of 1.000000e+05 in 1844 cells 

 Reversed flow on 524 faces of pressure-outlet 7.
   307  6.8111e-01  1.0162e-04  1.1537e-04  1.0575e-04  3.1954e-03  7.3745e-03  1.9829e-03  0:02:32   18

 turbulent viscosity limited to viscosity ratio of 1.000000e+05 in 1834 cells 

 Reversed flow on 522 faces of pressure-outlet 7.
   308  6.8167e-01  1.0144e-04  1.1549e-04  1.0577e-04  3.1916e-03  7.2396e-03  1.9765e-03  0:02:22   17

 turbulent viscosity limited to viscosity ratio of 1.000000e+05 in 1830 cells 

 Reversed flow on 525 faces of pressure-outlet 7.
   309  6.8213e-01  1.0127e-04  1.1557e-04  1.0578e-04  3.1884e-03  7.0874e-03  1.9700e-03  0:02:12   16

 turbulent viscosity limited to viscosity ratio of 1.000000e+05 in 1816 cells 

 Reversed flow on 537 faces of pressure-outlet 7.
   310  6.8347e-01  1.0114e-04  1.1572e-04  1.0583e-04  3.1861e-03  7.2838e-03  1.9636e-03  0:02:06   15

 turbulent viscosity limited to viscosity ratio of 1.000000e+05 in 1811 cells 

 Reversed flow on 539 faces of pressure-outlet 7.

  iter  continuity  x-velocity  y-velocity  z-velocity           k     epsilon  vf-phase-2     time/iter
   311  6.8331e-01  1.0099e-04  1.1586e-04  1.0588e-04  3.1857e-03  7.2326e-03  1.9573e-03  0:01:57   14

 turbulent viscosity limited to viscosity ratio of 1.000000e+05 in 1802 cells 

 Reversed flow on 534 faces of pressure-outlet 7.
   312  6.8379e-01  1.0086e-04  1.1594e-04  1.0589e-04  3.1849e-03  7.2980e-03  1.9510e-03  0:01:48   13

 turbulent viscosity limited to viscosity ratio of 1.000000e+05 in 1791 cells 

 Reversed flow on 542 faces of pressure-outlet 7.
   313  6.8459e-01  1.0074e-04  1.1603e-04  1.0591e-04  3.1833e-03  7.3839e-03  1.9447e-03  0:01:41   12

 turbulent viscosity limited to viscosity ratio of 1.000000e+05 in 1784 cells 

 Reversed flow on 552 faces of pressure-outlet 7.
   314  6.8425e-01  1.0064e-04  1.1613e-04  1.0592e-04  3.1818e-03  7.1919e-03  1.9384e-03  0:01:32   11

 turbulent viscosity limited to viscosity ratio of 1.000000e+05 in 1772 cells 

 Reversed flow on 558 faces of pressure-outlet 7.
   315  6.8515e-01  1.0050e-04  1.1623e-04  1.0595e-04  3.1811e-03  7.1683e-03  1.9322e-03  0:01:23   10

 turbulent viscosity limited to viscosity ratio of 1.000000e+05 in 1764 cells 

 Reversed flow on 563 faces of pressure-outlet 7.
   316  6.8490e-01  1.0038e-04  1.1634e-04  1.0602e-04  3.1806e-03  7.1031e-03  1.9260e-03  0:01:16    9

 turbulent viscosity limited to viscosity ratio of 1.000000e+05 in 1753 cells 

 Reversed flow on 564 faces of pressure-outlet 7.
   317  6.8529e-01  1.0025e-04  1.1645e-04  1.0607e-04  3.1784e-03  7.0549e-03  1.9199e-03  0:01:07    8

 turbulent viscosity limited to viscosity ratio of 1.000000e+05 in 1741 cells 

 Reversed flow on 571 faces of pressure-outlet 7.
   318  6.8666e-01  1.0015e-04  1.1650e-04  1.0605e-04  3.1774e-03  7.1052e-03  1.9138e-03  0:00:58    7

 turbulent viscosity limited to viscosity ratio of 1.000000e+05 in 1733 cells 

 Reversed flow on 569 faces of pressure-outlet 7.
   319  6.8752e-01  1.0006e-04  1.1657e-04  1.0606e-04  3.1753e-03  7.0606e-03  1.9078e-03  0:00:49    6

 turbulent viscosity limited to viscosity ratio of 1.000000e+05 in 1727 cells 

 Reversed flow on 573 faces of pressure-outlet 7.
   320  6.8854e-01  9.9994e-05  1.1659e-04  1.0607e-04  3.1737e-03  7.0264e-03  1.9017e-03  0:00:42    5

 turbulent viscosity limited to viscosity ratio of 1.000000e+05 in 1713 cells 

 Reversed flow on 578 faces of pressure-outlet 7.
   321  6.8805e-01  9.9882e-05  1.1667e-04  1.0607e-04  3.1712e-03  7.0156e-03  1.8957e-03  0:00:33    4

 turbulent viscosity limited to viscosity ratio of 1.000000e+05 in 1707 cells 

 Reversed flow on 576 faces of pressure-outlet 7.

  iter  continuity  x-velocity  y-velocity  z-velocity           k     epsilon  vf-phase-2     time/iter
   322  6.8840e-01  9.9803e-05  1.1670e-04  1.0607e-04  3.1692e-03  7.1564e-03  1.8898e-03  0:00:25    3

 turbulent viscosity limited to viscosity ratio of 1.000000e+05 in 1702 cells 

 Reversed flow on 585 faces of pressure-outlet 7.
   323  6.8800e-01  9.9692e-05  1.1675e-04  1.0607e-04  3.1668e-03  7.2930e-03  1.8838e-03  0:00:17    2

 turbulent viscosity limited to viscosity ratio of 1.000000e+05 in 1695 cells 

 Reversed flow on 594 faces of pressure-outlet 7.
   324  6.8768e-01  9.9601e-05  1.1679e-04  1.0602e-04  3.1664e-03  7.4196e-03  1.8779e-03  0:00:08    1

 turbulent viscosity limited to viscosity ratio of 1.000000e+05 in 1687 cells 

 Reversed flow on 584 faces of pressure-outlet 7.
   325  6.8848e-01  9.9494e-05  1.1683e-04  1.0598e-04  3.1634e-03  7.1911e-03  1.8720e-03  0:00:00    0
iterate_325: RPC returned
progress: 325/1500

  iter  continuity  x-velocity  y-velocity  z-velocity           k     epsilon  vf-phase-2     time/iter
   325  6.8848e-01  9.9494e-05  1.1683e-04  1.0598e-04  3.1634e-03  7.1911e-03  1.8720e-03  0:03:26   25

 turbulent viscosity limited to viscosity ratio of 1.000000e+05 in 1683 cells 

 Reversed flow on 586 faces of pressure-outlet 7.
   326  6.8931e-01  9.9415e-05  1.1686e-04  1.0593e-04  3.1611e-03  7.0596e-03  1.8662e-03  0:03:22   24

 turbulent viscosity limited to viscosity ratio of 1.000000e+05 in 1676 cells 

 Reversed flow on 584 faces of pressure-outlet 7.
   327  6.8904e-01  9.9345e-05  1.1682e-04  1.0585e-04  3.1584e-03  7.1649e-03  1.8604e-03  0:03:11   23

 turbulent viscosity limited to viscosity ratio of 1.000000e+05 in 1668 cells 

 Reversed flow on 586 faces of pressure-outlet 7.
   328  6.8829e-01  9.9244e-05  1.1683e-04  1.0579e-04  3.1553e-03  6.9978e-03  1.8546e-03  0:03:02   22

 turbulent viscosity limited to viscosity ratio of 1.000000e+05 in 1659 cells 

 Reversed flow on 592 faces of pressure-outlet 7.
   329  6.8785e-01  9.9162e-05  1.1679e-04  1.0573e-04  3.1523e-03  6.9605e-03  1.8489e-03  0:02:56   21

 turbulent viscosity limited to viscosity ratio of 1.000000e+05 in 1657 cells 

 Reversed flow on 586 faces of pressure-outlet 7.
   330  6.8692e-01  9.9078e-05  1.1682e-04  1.0563e-04  3.1504e-03  6.9151e-03  1.8432e-03  0:02:46   20

 turbulent viscosity limited to viscosity ratio of 1.000000e+05 in 1648 cells 

 Reversed flow on 584 faces of pressure-outlet 7.
   331  6.8681e-01  9.9044e-05  1.1673e-04  1.0549e-04  3.1477e-03  6.9158e-03  1.8376e-03  0:02:37   19

 turbulent viscosity limited to viscosity ratio of 1.000000e+05 in 1639 cells 

 Reversed flow on 581 faces of pressure-outlet 7.
   332  6.8777e-01  9.8968e-05  1.1670e-04  1.0540e-04  3.1437e-03  6.8933e-03  1.8320e-03  0:02:31   18

 turbulent viscosity limited to viscosity ratio of 1.000000e+05 in 1629 cells 

 Reversed flow on 586 faces of pressure-outlet 7.
   333  6.8707e-01  9.8904e-05  1.1661e-04  1.0528e-04  3.1395e-03  6.8887e-03  1.8264e-03  0:02:22   17

 turbulent viscosity limited to viscosity ratio of 1.000000e+05 in 1624 cells 

 Reversed flow on 580 faces of pressure-outlet 7.
   334  6.8675e-01  9.8797e-05  1.1649e-04  1.0511e-04  3.1364e-03  7.1251e-03  1.8209e-03  0:02:12   16

 turbulent viscosity limited to viscosity ratio of 1.000000e+05 in 1612 cells 

 Reversed flow on 590 faces of pressure-outlet 7.
   335  6.8525e-01  9.8695e-05  1.1641e-04  1.0491e-04  3.1317e-03  6.9598e-03  1.8153e-03  0:02:03   15

 turbulent viscosity limited to viscosity ratio of 1.000000e+05 in 1606 cells 

 Reversed flow on 595 faces of pressure-outlet 7.

  iter  continuity  x-velocity  y-velocity  z-velocity           k     epsilon  vf-phase-2     time/iter
   336  6.8419e-01  9.8553e-05  1.1628e-04  1.0468e-04  3.1263e-03  6.8581e-03  1.8098e-03  0:01:57   14

 turbulent viscosity limited to viscosity ratio of 1.000000e+05 in 1599 cells 

 Reversed flow on 592 faces of pressure-outlet 7.
   337  6.8492e-01  9.8441e-05  1.1608e-04  1.0444e-04  3.1213e-03  6.7395e-03  1.8043e-03  0:01:48   13

 turbulent viscosity limited to viscosity ratio of 1.000000e+05 in 1586 cells 

 Reversed flow on 599 faces of pressure-outlet 7.
   338  6.8423e-01  9.8309e-05  1.1585e-04  1.0421e-04  3.1166e-03  6.7488e-03  1.7989e-03  0:01:39   12

 turbulent viscosity limited to viscosity ratio of 1.000000e+05 in 1580 cells 

 Reversed flow on 597 faces of pressure-outlet 7.
   339  6.8338e-01  9.8173e-05  1.1565e-04  1.0399e-04  3.1125e-03  7.0205e-03  1.7935e-03  0:01:32   11

 turbulent viscosity limited to viscosity ratio of 1.000000e+05 in 1573 cells 

 Reversed flow on 598 faces of pressure-outlet 7.
   340  6.8239e-01  9.8022e-05  1.1548e-04  1.0376e-04  3.1074e-03  6.8200e-03  1.7881e-03  0:01:23   10

 turbulent viscosity limited to viscosity ratio of 1.000000e+05 in 1565 cells 

 Reversed flow on 601 faces of pressure-outlet 7.
   341  6.8140e-01  9.7836e-05  1.1529e-04  1.0356e-04  3.1027e-03  6.8896e-03  1.7828e-03  0:01:14    9

 turbulent viscosity limited to viscosity ratio of 1.000000e+05 in 1562 cells 

 Reversed flow on 597 faces of pressure-outlet 7.
   342  6.7999e-01  9.7638e-05  1.1508e-04  1.0331e-04  3.0982e-03  6.7516e-03  1.7775e-03  0:01:07    8

 turbulent viscosity limited to viscosity ratio of 1.000000e+05 in 1557 cells 

 Reversed flow on 594 faces of pressure-outlet 7.
   343  6.7959e-01  9.7489e-05  1.1485e-04  1.0303e-04  3.0934e-03  6.7313e-03  1.7723e-03  0:00:58    7

 turbulent viscosity limited to viscosity ratio of 1.000000e+05 in 1549 cells 

 Reversed flow on 590 faces of pressure-outlet 7.
   344  6.7861e-01  9.7303e-05  1.1456e-04  1.0276e-04  3.0897e-03  6.7581e-03  1.7671e-03  0:00:50    6

 turbulent viscosity limited to viscosity ratio of 1.000000e+05 in 1544 cells 

 Reversed flow on 586 faces of pressure-outlet 7.
   345  6.7728e-01  9.7091e-05  1.1426e-04  1.0251e-04  3.0844e-03  6.7739e-03  1.7619e-03  0:00:42    5

 turbulent viscosity limited to viscosity ratio of 1.000000e+05 in 1539 cells 

 Reversed flow on 601 faces of pressure-outlet 7.
   346  6.7697e-01  9.6928e-05  1.1395e-04  1.0224e-04  3.0793e-03  6.7153e-03  1.7567e-03  0:00:33    4

 turbulent viscosity limited to viscosity ratio of 1.000000e+05 in 1533 cells 

 Reversed flow on 593 faces of pressure-outlet 7.

  iter  continuity  x-velocity  y-velocity  z-velocity           k     epsilon  vf-phase-2     time/iter
   347  6.7664e-01  9.6758e-05  1.1370e-04  1.0195e-04  3.0743e-03  6.6853e-03  1.7517e-03  0:00:25    3

 turbulent viscosity limited to viscosity ratio of 1.000000e+05 in 1529 cells 

 Reversed flow on 586 faces of pressure-outlet 7.
   348  6.7592e-01  9.6560e-05  1.1342e-04  1.0171e-04  3.0691e-03  6.5795e-03  1.7466e-03  0:00:16    2

 turbulent viscosity limited to viscosity ratio of 1.000000e+05 in 1526 cells 

 Reversed flow on 585 faces of pressure-outlet 7.
   349  6.7488e-01  9.6308e-05  1.1311e-04  1.0141e-04  3.0642e-03  6.5935e-03  1.7417e-03  0:00:08    1

 turbulent viscosity limited to viscosity ratio of 1.000000e+05 in 1519 cells 

 Reversed flow on 586 faces of pressure-outlet 7.
   350  6.7310e-01  9.6094e-05  1.1278e-04  1.0109e-04  3.0593e-03  6.5234e-03  1.7368e-03  0:00:00    0
iterate_350: RPC returned
progress: 350/1500

  iter  continuity  x-velocity  y-velocity  z-velocity           k     epsilon  vf-phase-2     time/iter
   350  6.7310e-01  9.6094e-05  1.1278e-04  1.0109e-04  3.0593e-03  6.5234e-03  1.7368e-03  0:03:27   25

 turbulent viscosity limited to viscosity ratio of 1.000000e+05 in 1516 cells 

 Reversed flow on 588 faces of pressure-outlet 7.
   351  6.7265e-01  9.5885e-05  1.1245e-04  1.0079e-04  3.0552e-03  6.7368e-03  1.7319e-03  0:03:22   24

 turbulent viscosity limited to viscosity ratio of 1.000000e+05 in 1512 cells 

 Reversed flow on 595 faces of pressure-outlet 7.
   352  6.7120e-01  9.5648e-05  1.1215e-04  1.0058e-04  3.0511e-03  6.6664e-03  1.7271e-03  0:03:17   23

 turbulent viscosity limited to viscosity ratio of 1.000000e+05 in 1506 cells 

 Reversed flow on 598 faces of pressure-outlet 7.
   353  6.6967e-01  9.5442e-05  1.1184e-04  1.0037e-04  3.0462e-03  6.7352e-03  1.7224e-03  0:03:06   22

 turbulent viscosity limited to viscosity ratio of 1.000000e+05 in 1501 cells 

 Reversed flow on 587 faces of pressure-outlet 7.
   354  6.6830e-01  9.5307e-05  1.1152e-04  1.0011e-04  3.0411e-03  6.8090e-03  1.7177e-03  0:02:55   21

 turbulent viscosity limited to viscosity ratio of 1.000000e+05 in 1491 cells 

 Reversed flow on 591 faces of pressure-outlet 7.
   355  6.6661e-01  9.5155e-05  1.1114e-04  9.9852e-05  3.0357e-03  6.7701e-03  1.7131e-03  0:02:46   20

 turbulent viscosity limited to viscosity ratio of 1.000000e+05 in 1484 cells 

 Reversed flow on 584 faces of pressure-outlet 7.
   356  6.6573e-01  9.4961e-05  1.1076e-04  9.9578e-05  3.0308e-03  6.6486e-03  1.7085e-03  0:02:40   19

 turbulent viscosity limited to viscosity ratio of 1.000000e+05 in 1476 cells 

 Reversed flow on 592 faces of pressure-outlet 7.
   357  6.6527e-01  9.4801e-05  1.1043e-04  9.9310e-05  3.0260e-03  6.6284e-03  1.7040e-03  0:02:30   18

 turbulent viscosity limited to viscosity ratio of 1.000000e+05 in 1464 cells 

 Reversed flow on 593 faces of pressure-outlet 7.
   358  6.6294e-01  9.4603e-05  1.1012e-04  9.9070e-05  3.0178e-03  6.5957e-03  1.6996e-03  0:02:21   17

 turbulent viscosity limited to viscosity ratio of 1.000000e+05 in 1464 cells 

 Reversed flow on 598 faces of pressure-outlet 7.
   359  6.6166e-01  9.4440e-05  1.0971e-04  9.8833e-05  3.0114e-03  6.6645e-03  1.6952e-03  0:02:15   16

 turbulent viscosity limited to viscosity ratio of 1.000000e+05 in 1460 cells 

 Reversed flow on 606 faces of pressure-outlet 7.
   360  6.6181e-01  9.4275e-05  1.0930e-04  9.8539e-05  3.0046e-03  6.6150e-03  1.6908e-03  0:02:05   15

 turbulent viscosity limited to viscosity ratio of 1.000000e+05 in 1457 cells 

 Reversed flow on 592 faces of pressure-outlet 7.

  iter  continuity  x-velocity  y-velocity  z-velocity           k     epsilon  vf-phase-2     time/iter
   361  6.6090e-01  9.4063e-05  1.0893e-04  9.8256e-05  2.9977e-03  6.6985e-03  1.6865e-03  0:01:56   14

 turbulent viscosity limited to viscosity ratio of 1.000000e+05 in 1453 cells 

 Reversed flow on 599 faces of pressure-outlet 7.
   362  6.5902e-01  9.3863e-05  1.0853e-04  9.7977e-05  2.9887e-03  6.7044e-03  1.6823e-03  0:01:49   13

 turbulent viscosity limited to viscosity ratio of 1.000000e+05 in 1450 cells 

 Reversed flow on 604 faces of pressure-outlet 7.
   363  6.5706e-01  9.3637e-05  1.0813e-04  9.7696e-05  2.9797e-03  6.8359e-03  1.6780e-03  0:01:40   12

 turbulent viscosity limited to viscosity ratio of 1.000000e+05 in 1451 cells 

 Reversed flow on 606 faces of pressure-outlet 7.
   364  6.5470e-01  9.3449e-05  1.0773e-04  9.7395e-05  2.9712e-03  6.8281e-03  1.6737e-03  0:01:31   11

 turbulent viscosity limited to viscosity ratio of 1.000000e+05 in 1446 cells 

 Reversed flow on 602 faces of pressure-outlet 7.
   365  6.5358e-01  9.3259e-05  1.0733e-04  9.7112e-05  2.9607e-03  6.8242e-03  1.6695e-03  0:01:22   10

 turbulent viscosity limited to viscosity ratio of 1.000000e+05 in 1439 cells 

 Reversed flow on 603 faces of pressure-outlet 7.
   366  6.5182e-01  9.3123e-05  1.0698e-04  9.6794e-05  2.9492e-03  6.8663e-03  1.6653e-03  0:01:15    9
Traceback (most recent call last):
  File "/Users/andy/Desktop/P4P/P4P_knowledgeWiki/PyAnsys/scripts/setup/run_purnanto_enthalpy_sweep.py", line 1683, in <module>
    raise SystemExit(main())
                     ^^^^^^
  File "/Users/andy/Desktop/P4P/P4P_knowledgeWiki/PyAnsys/scripts/setup/run_purnanto_enthalpy_sweep.py", line 1642, in main
    rows, case_summary_row = run_one_case(solver, item, args, local_output_dir)
                             ^^^^^^^^^^^^^^^^^^^^^^^^^^^^^^^^^^^^^^^^^^^^^^^^^^
  File "/Users/andy/Desktop/P4P/P4P_knowledgeWiki/PyAnsys/scripts/setup/run_purnanto_enthalpy_sweep.py", line 1473, in run_one_case
    completed = iterate_case(
                ^^^^^^^^^^^^^
  File "/Users/andy/Desktop/P4P/P4P_knowledgeWiki/PyAnsys/scripts/setup/run_purnanto_enthalpy_sweep.py", line 905, in iterate_case
    solver.settings.solution.run_calculation.iterate(iter_count=step)
  File "/Users/andy/Desktop/P4P/P4P_knowledgeWiki/PyAnsys/.venv/lib/python3.12/site-packages/ansys/fluent/core/solver/flobject.py", line 2066, in __call__
    return self.execute_command(**kwds)
           ^^^^^^^^^^^^^^^^^^^^^^^^^^^^
  File "/Users/andy/Desktop/P4P/P4P_knowledgeWiki/PyAnsys/.venv/lib/python3.12/site-packages/ansys/fluent/core/solver/flobject.py", line 2006, in execute_command
    ret = self._execute_command(*args, **scmKwds)
          ^^^^^^^^^^^^^^^^^^^^^^^^^^^^^^^^^^^^^^^
  File "/Users/andy/Desktop/P4P/P4P_knowledgeWiki/PyAnsys/.venv/lib/python3.12/site-packages/ansys/fluent/core/solver/flobject.py", line 1977, in _execute_command
    ret = self.flproxy.execute_cmd(self._parent.path, self.obj_name, **kwds)
          ^^^^^^^^^^^^^^^^^^^^^^^^^^^^^^^^^^^^^^^^^^^^^^^^^^^^^^^^^^^^^^^^^^
  File "/Users/andy/Desktop/P4P/P4P_knowledgeWiki/PyAnsys/.venv/lib/python3.12/site-packages/ansys/fluent/core/services/settings.py", line 150, in _fn
    return fn(self, *args, **kwds)
           ^^^^^^^^^^^^^^^^^^^^^^^
  File "/Users/andy/Desktop/P4P/P4P_knowledgeWiki/PyAnsys/.venv/lib/python3.12/site-packages/ansys/fluent/core/services/settings.py", line 383, in execute_cmd
    response = self._service_impl.execute_cmd(request)
               ^^^^^^^^^^^^^^^^^^^^^^^^^^^^^^^^^^^^^^^
  File "/Users/andy/Desktop/P4P/P4P_knowledgeWiki/PyAnsys/.venv/lib/python3.12/site-packages/ansys/fluent/core/services/settings.py", line 117, in execute_cmd
    return self._stub.ExecuteCommand(request, metadata=self._metadata)
           ^^^^^^^^^^^^^^^^^^^^^^^^^^^^^^^^^^^^^^^^^^^^^^^^^^^^^^^^^^^
  File "/Users/andy/Desktop/P4P/P4P_knowledgeWiki/PyAnsys/.venv/lib/python3.12/site-packages/grpc/_interceptor.py", line 276, in __call__
    response, ignored_call = self._with_call(
                             ^^^^^^^^^^^^^^^^
  File "/Users/andy/Desktop/P4P/P4P_knowledgeWiki/PyAnsys/.venv/lib/python3.12/site-packages/grpc/_interceptor.py", line 328, in _with_call
    call = self._interceptor.intercept_unary_unary(
           ^^^^^^^^^^^^^^^^^^^^^^^^^^^^^^^^^^^^^^^^
  File "/Users/andy/Desktop/P4P/P4P_knowledgeWiki/PyAnsys/.venv/lib/python3.12/site-packages/ansys/fluent/core/services/interceptors.py", line 174, in intercept_unary_unary
    return self._intercept_call(continuation, client_call_details, request)
           ^^^^^^^^^^^^^^^^^^^^^^^^^^^^^^^^^^^^^^^^^^^^^^^^^^^^^^^^^^^^^^^^
  File "/Users/andy/Desktop/P4P/P4P_knowledgeWiki/PyAnsys/.venv/lib/python3.12/site-packages/ansys/fluent/core/services/interceptors.py", line 164, in _intercept_call
    raise new_ex from None
RuntimeError: Stream removed (recvmsg:Can't assign requested address)
