Connecting to Fluent server 1 using IP/port: 10.104.145.85:54904
/Users/andy/Desktop/P4P/P4P_knowledgeWiki/PyAnsys/.venv/lib/python3.12/site-packages/ansys/fluent/core/fluent_connection.py:306: InsecureGrpcWarning: The Fluent session will be connected in insecure gRPC mode. This mode is not recommended. For more details on the implications and usage of insecure mode, refer to the Fluent documentation.
  warnings.warn(
/Users/andy/Desktop/P4P/P4P_knowledgeWiki/PyAnsys/.venv/lib/python3.12/site-packages/ansys/tools/common/cyberchannel.py:188: UserWarning: Starting gRPC client without TLS on 10.104.145.85:54904. This is INSECURE. Consider using a secure connection.
  warn(f"Starting gRPC client without TLS on {target}. This is INSECURE. Consider using a secure connection.")

Connected to Fluent Ansys Fluent 2024 R2

 turbulent viscosity limited to viscosity ratio of 1.000000e+05 in 14571 cells 

 Reversed flow on 719 faces of pressure-outlet 7.
    65  5.2384e-01  9.9989e-05  1.2666e-04  1.3082e-04  1.0435e-02  8.6358e-02  9.4086e-03  0:01:17   10

 turbulent viscosity limited to viscosity ratio of 1.000000e+05 in 14725 cells 

 Reversed flow on 725 faces of pressure-outlet 7.
    66  5.4835e-01  1.0134e-04  1.2716e-04  1.2935e-04  9.8755e-03  9.7725e-02  9.2640e-03  0:01:10    9
seed_results_csv: loaded 36 rows from /Users/andy/Desktop/P4P/P4P_knowledgeWiki/PyAnsys/output/enthalpy_sweep_verified_20260721_v2/all_enthalpy_injection_results.csv
seed_case_summary_csv: loaded 4 rows from /Users/andy/Desktop/P4P/P4P_knowledgeWiki/PyAnsys/output/enthalpy_sweep_verified_20260721_v2/all_enthalpy_case_summary.csv

=== Run Case 5 / 1680 ===

=== Load Base Case ===

 turbulent viscosity limited to viscosity ratio of 1.000000e+05 in 14894 cells 

 Reversed flow on 724 faces of pressure-outlet 7.
    67  5.4269e-01  1.0134e-04  1.2614e-04  1.2923e-04  9.2719e-03  6.8528e-02  9.1238e-03  0:01:03    8

 turbulent viscosity limited to viscosity ratio of 1.000000e+05 in 15004 cells 

 Reversed flow on 721 faces of pressure-outlet 7.
    68  5.6389e-01  1.0258e-04  1.2675e-04  1.2808e-04  8.9752e-03  7.6336e-02  8.9878e-03  0:00:55    7

 turbulent viscosity limited to viscosity ratio of 1.000000e+05 in 15108 cells 

 Reversed flow on 730 faces of pressure-outlet 7.
    69  5.6054e-01  1.0266e-04  1.2574e-04  1.2790e-04  8.6076e-03  6.4883e-02  8.8558e-03  0:00:47    6

 turbulent viscosity limited to viscosity ratio of 1.000000e+05 in 15216 cells 

 Reversed flow on 732 faces of pressure-outlet 7.
    70  5.8297e-01  1.0394e-04  1.2629e-04  1.2681e-04  8.2437e-03  4.8646e-02  8.7277e-03  0:00:39    5

 turbulent viscosity limited to viscosity ratio of 1.000000e+05 in 15301 cells 

 Reversed flow on 731 faces of pressure-outlet 7.
    71  5.7887e-01  1.0412e-04  1.2555e-04  1.2658e-04  7.9696e-03  3.8287e-02  8.6032e-03  0:00:31    4

 turbulent viscosity limited to viscosity ratio of 1.000000e+05 in 15361 cells 

 Reversed flow on 735 faces of pressure-outlet 7.

  iter  continuity  x-velocity  y-velocity  z-velocity           k     epsilon  vf-phase-2     time/iter
    72  6.0145e-01  1.0534e-04  1.2621e-04  1.2555e-04  7.7689e-03  3.0106e-02  8.4822e-03  0:00:23    3

 turbulent viscosity limited to viscosity ratio of 1.000000e+05 in 15414 cells 

 Reversed flow on 719 faces of pressure-outlet 7.
Note: Rank = 0: Process affinity not being set (6).
Note: Rank = 1: Process affinity not being set (6).
Note: Rank = 2: Process affinity not being set (6).
Note: Rank = 3: Process affinity not being set (6).
Note: Rank = 4: Process affinity not being set (6).
Note: Rank = 5: Process affinity not being set (6).
Note: Rank = 6: Process affinity not being set (6).
Note: Rank = 7: Process affinity not being set (6).
Note: Rank = 8: Process affinity not being set (6).
Note: Rank = 9: Process affinity not being set (6).
Note: Rank = 10: Process affinity not being set (6).
Note: Rank = 11: Process affinity not being set (6).
Note: Rank = 12: Process affinity not being set (6).
Note: Rank = 13: Process affinity not being set (6).
Note: Rank = 14: Process affinity not being set (6).

       Clearing partially read grid.

Reading from EN439159:"C:\Users\qtra338\Documents\baseline.cas.h5" in NODE0 mode ...
  Reading mesh ...
Warning: reading 10 partition grid onto 15 compute node machine.
         will auto partition.
     5578299 cells,     1 cell zone  ...
        5578299 tetrahedral cells,  zone id: 3
    11355491 faces,     5 face zones ...
         374376 triangular wall faces,  zone id: 1
       10957705 triangular interior faces,  zone id: 2
           8700 triangular mass-flow-inlet faces,  zone id: 6
           5435 triangular pressure-outlet faces,  zone id: 7
           9275 triangular wall faces,  zone id: 8
     1026091 nodes,     1 node zone  ...
  Done.


Building...
     mesh
	auto partitioning mesh by Metis (fast, Laplace),
	distributing mesh
		parts...............,
		faces...............,
		nodes...............,
		cells...............,
        bandwidth reduction using Reverse Cuthill-McKee: 372040/13927 = 26.7136
     materials,
     interface,
     domains,
	mixture
	phase-1
	phase-2
	interaction
     zones,
	fluid  (phase-2)
	interior-fluid  (phase-2)
	fluid  (phase-1)
	interior-fluid  (phase-1)
	wall-fluid  (phase-1)
	wall-fluid  (phase-2)
	inlet  (phase-1)
	inlet  (phase-2)
	steam_outlet  (phase-1)
	steam_outlet  (phase-2)
	fluid_outlet  (phase-1)
	fluid_outlet  (phase-2)
	interior-fluid
	wall-fluid
	inlet
	steam_outlet
	fluid_outlet
	fluid
     parallel,
Done.
read_base_case: OK
    73  5.9599e-01  1.0548e-04  1.2549e-04  1.2534e-04  7.6648e-03  2.5947e-02  8.3646e-03  0:00:00    2

Error at host: Iterate: uninitialized flow field

Error: Iterate: uninitialized flow field
Error at Node 5: Iterate: uninitialized flow field

Error at Node 7: Iterate: uninitialized flow field

Error at Node 3: Iterate: uninitialized flow field

Error at Node 6: Iterate: uninitialized flow field

Error at Node 8: Iterate: uninitialized flow field

Error at Node 1: Iterate: uninitialized flow field

Error at Node 2: Iterate: uninitialized flow field

Error at Node 4: Iterate: uninitialized flow field

Error at Node 13: Iterate: uninitialized flow field

Error
Error at Node 12: Iterate: uninitialized flow field
 Object: ()

Error at Node 11: Iterate: uninitialized flow field

Error at Node 9: Iterate: uninitialized flow field

Error at Node 10: Iterate: uninitialized flow field

Error at Node 14: Iterate: uninitialized flow field

Error at Node 0: Iterate: uninitialized flow field

Error: Iterate: uninitialized flow field
Error Object: #f


ERROR: Iterate: uninitialized flow field
Error object: #f



Error: An error or interrupt occurred in the previous operation.
       Details have been printed to the text console transcript.
Error Object: #f
fluent_internal_autosave: VERIFIED disabled -> {"before": {"autosave/frequency/data": 100, "autosave/frequency/case": 0, "mmp/autosave/frequency/data": 1, "mmp/autosave/frequency/case": 1, "autosave/filename": "C:\\Users\\qtra338\\Documents\\Bangma Design (swirl 0.15)\\Bangma_separator_files\\dp0\\FFF\\Fluent\\FFF-6", "mmp/autosave/filename": ""}, "after": {"autosave/frequency/data": 0, "autosave/frequency/case": 0, "mmp/autosave/frequency/data": 0, "mmp/autosave/frequency/case": 0, "autosave/filename": "C:/Users/qtra338/Documents/enthalpy_sweep_verified_20260721_v2/case_5_1680_internal_autosave_disabled", "mmp/autosave/filename": "C:/Users/qtra338/Documents/enthalpy_sweep_verified_20260721_v2/case_5_1680_internal_autosave_disabled"}, "python_checkpoints_enabled": true}

=== Set Inlet Phase Mass Flows ===
set_inlet_phase_mass_flows: OK
{
  "mixture": {
    "momentum": {
      "reference_frame": "Absolute",
      "supersonic_gauge_pressure": {
        "option": "value",
        "value": 1140000
      },
      "direction_specification": "Normal to Boundary"
    },
    "turbulence": {
      "turbulence_specification": "Intensity and Hydraulic Diameter",
      "turbulent_intensity": 0.02152499951888,
      "hydraulic_diameter": 0.7240000000000001
    },
    "dpm": {
      "discrete_phase_bc_type": "escape"
    },
    "multiphase": {}
  },
  "phase-1": {
    "momentum": {
      "mass_flow_specification": "Mass Flow Rate",
      "mass_flow_rate": {
        "option": "value",
        "value": 88.61
      }
    },
    "turbulence": {},
    "dpm": {},
    "multiphase": {}
  },
  "phase-2": {
    "momentum": {
      "mass_flow_specification": "Mass Flow Rate",
      "mass_flow_rate": {
        "option": "value",
        "value": 109.0
      }
    },
    "turbulence": {},
    "dpm": {},
    "multiphase": {}
  }
}

=== Set DPM Injections ===
DPM velocity mode: face-normal
injection-0_particle_type: OK
injection-0_material: OK
injection-0_injection_type_surface: OK
injection-0_location: OK
injection-0_mass_flow_rate: OK
injection-0_use_face_normal_direction: OK
injection-0_velocity_magnitude: OK
injection-0_particle_size: OK
injection-0_readback: VERIFIED
injection-1_particle_type: OK
injection-1_material: OK
injection-1_injection_type_surface: OK
injection-1_location: OK
injection-1_mass_flow_rate: OK
injection-1_use_face_normal_direction: OK
injection-1_velocity_magnitude: OK
injection-1_particle_size: OK
injection-1_readback: VERIFIED
injection-2_particle_type: OK
injection-2_material: OK
injection-2_injection_type_surface: OK
injection-2_location: OK
injection-2_mass_flow_rate: OK
injection-2_use_face_normal_direction: OK
injection-2_velocity_magnitude: OK
injection-2_particle_size: OK
injection-2_readback: VERIFIED
injection-3_particle_type: OK
injection-3_material: OK
injection-3_injection_type_surface: OK
injection-3_location: OK
injection-3_mass_flow_rate: OK
injection-3_use_face_normal_direction: OK
injection-3_velocity_magnitude: OK
injection-3_particle_size: OK
injection-3_readback: VERIFIED
injection-4_particle_type: OK
injection-4_material: OK
injection-4_injection_type_surface: OK
injection-4_location: OK
injection-4_mass_flow_rate: OK
injection-4_use_face_normal_direction: OK
injection-4_velocity_magnitude: OK
injection-4_particle_size: OK
injection-4_readback: VERIFIED
injection-5_particle_type: OK
injection-5_material: OK
injection-5_injection_type_surface: OK
injection-5_location: OK
injection-5_mass_flow_rate: OK
injection-5_use_face_normal_direction: OK
injection-5_velocity_magnitude: OK
injection-5_particle_size: OK
injection-5_readback: VERIFIED
injection-6_particle_type: OK
injection-6_material: OK
injection-6_injection_type_surface: OK
injection-6_location: OK
injection-6_mass_flow_rate: OK
injection-6_use_face_normal_direction: OK
injection-6_velocity_magnitude: OK
injection-6_particle_size: OK
injection-6_readback: VERIFIED
injection-7_particle_type: OK
injection-7_material: OK
injection-7_injection_type_surface: OK
injection-7_location: OK
injection-7_mass_flow_rate: OK
injection-7_use_face_normal_direction: OK
injection-7_velocity_magnitude: OK
injection-7_particle_size: OK
injection-7_readback: VERIFIED
injection-8_particle_type: OK
injection-8_material: OK
injection-8_injection_type_surface: OK
injection-8_location: OK
injection-8_mass_flow_rate: OK
injection-8_use_face_normal_direction: OK
injection-8_velocity_magnitude: OK
injection-8_particle_size: OK
injection-8_readback: VERIFIED

=== Hybrid Initialization ===

Initialize using the hybrid initialization method.

Checking case topology... 
-This case has both inlets & outlets 
-Pressure information is not available at the boundaries.
 Case will be initialized with constant pressure

	iter		scalar-0

	1		1.000000e+00
	2		2.899077e-04
	3		5.351379e-05
	4		1.941508e-05
	5		5.972147e-06
	6		2.140210e-06
	7		7.177258e-07
	8		2.593053e-07
	9		9.348123e-08
	10		3.476009e-08

Hybrid initialization is done.
hybrid_initialize_settings_api: OK

=== Configure Residual History ===
set_residual_n_save: OK
set_residual_n_display: OK
enable_residual_print: OK
enable_residual_plot: OK
residual_convergence_stop_flags: {"continuity": false, "epsilon": false, "k": false, "vf-phase-2": false, "x-velocity": false, "y-velocity": false, "z-velocity": false}

=== Run Iterations ===
iteration_monitor_sets: ['residual']

  iter  continuity  x-velocity  y-velocity  z-velocity           k     epsilon  vf-phase-2     time/iter

 turbulent viscosity limited to viscosity ratio of 1.000000e+05 in 895 cells 
     1  1.0000e+00  6.9788e-04  9.6923e-04  7.4814e-04  9.6712e+01  3.4688e+06  1.2362e-01  0:04:00   24

 turbulent viscosity limited to viscosity ratio of 1.000000e+05 in 2594 cells 
     2  1.0000e+00  4.7218e-04  6.3320e-04  4.9286e-04  1.6006e-01  2.7902e-01  6.0070e-01  0:03:41   23

 turbulent viscosity limited to viscosity ratio of 1.000000e+05 in 2248 cells 

 Reversed flow on 30 faces of pressure-outlet 7.
     3  1.0000e+00  3.2605e-04  4.4502e-04  3.3145e-04  1.4636e-01  1.0010e+00  3.0033e-01  0:03:24   22

 turbulent viscosity limited to viscosity ratio of 1.000000e+05 in 1512 cells 

 Reversed flow on 181 faces of pressure-outlet 7.
     4  6.6206e-01  2.4469e-04  3.4701e-04  2.5080e-04  1.3095e-01  7.9605e-01  2.0022e-01  0:03:10   21

 turbulent viscosity limited to viscosity ratio of 1.000000e+05 in 925 cells 

 Reversed flow on 320 faces of pressure-outlet 7.
     5  5.8808e-01  2.3752e-04  3.0447e-04  2.4648e-04  1.1867e-01  4.0182e-01  1.5016e-01  0:02:56   20

 turbulent viscosity limited to viscosity ratio of 1.000000e+05 in 562 cells 

 Reversed flow on 413 faces of pressure-outlet 7.
     6  4.5581e-01  2.0466e-04  2.5469e-04  2.1540e-04  1.0047e-01  3.3056e-01  1.2013e-01  0:02:44   19

 turbulent viscosity limited to viscosity ratio of 1.000000e+05 in 356 cells 

 Reversed flow on 531 faces of pressure-outlet 7.
     7  5.1003e-01  1.9524e-04  2.2905e-04  2.1000e-04  8.5277e-02  1.1335e+00  1.0011e-01  0:02:30   18

 turbulent viscosity limited to viscosity ratio of 1.000000e+05 in 276 cells 

 Reversed flow on 612 faces of pressure-outlet 7.
     8  3.9385e-01  1.7454e-04  1.9471e-04  1.9095e-04  8.4606e-02  2.6365e+00  8.5811e-02  0:02:20   17

 turbulent viscosity limited to viscosity ratio of 1.000000e+05 in 252 cells 

 Reversed flow on 651 faces of pressure-outlet 7.
     9  3.6072e-01  1.6868e-04  1.7562e-04  1.8277e-04  7.9824e-02  6.2720e-01  7.5087e-02  0:02:11   16

 turbulent viscosity limited to viscosity ratio of 1.000000e+05 in 269 cells 

 Reversed flow on 664 faces of pressure-outlet 7.
    10  2.9852e-01  1.5550e-04  1.5456e-04  1.6973e-04  7.3209e-02  4.0418e-01  6.6746e-02  0:02:02   15

 turbulent viscosity limited to viscosity ratio of 1.000000e+05 in 265 cells 

 Reversed flow on 666 faces of pressure-outlet 7.
    11  2.7733e-01  1.4782e-04  1.4134e-04  1.6238e-04  5.6456e-02  3.4653e-01  6.0077e-02  0:01:54   14

 turbulent viscosity limited to viscosity ratio of 1.000000e+05 in 302 cells 

 Reversed flow on 626 faces of pressure-outlet 7.

  iter  continuity  x-velocity  y-velocity  z-velocity           k     epsilon  vf-phase-2     time/iter
    12  3.1659e-01  1.4997e-04  1.3729e-04  1.6875e-04  4.4832e-02  2.6380e-01  5.4619e-02  0:01:45   13

 turbulent viscosity limited to viscosity ratio of 1.000000e+05 in 335 cells 

 Reversed flow on 611 faces of pressure-outlet 7.
    13  2.6964e-01  1.4090e-04  1.2471e-04  1.6171e-04  3.6551e-02  2.0534e-01  5.0068e-02  0:01:37   12

 turbulent viscosity limited to viscosity ratio of 1.000000e+05 in 406 cells 

 Reversed flow on 625 faces of pressure-outlet 7.
    14  2.5964e-01  1.3646e-04  1.1907e-04  1.5640e-04  3.1246e-02  1.9320e-01  4.6218e-02  0:01:29   11

 turbulent viscosity limited to viscosity ratio of 1.000000e+05 in 487 cells 

 Reversed flow on 623 faces of pressure-outlet 7.
    15  2.7520e-01  1.3513e-04  1.1470e-04  1.5479e-04  2.7306e-02  1.5852e-01  4.2918e-02  0:01:19   10

 turbulent viscosity limited to viscosity ratio of 1.000000e+05 in 601 cells 

 Reversed flow on 634 faces of pressure-outlet 7.
    16  2.5558e-01  1.3005e-04  1.0850e-04  1.5134e-04  2.3727e-02  1.2342e-01  4.0058e-02  0:01:11    9

 turbulent viscosity limited to viscosity ratio of 1.000000e+05 in 739 cells 

 Reversed flow on 648 faces of pressure-outlet 7.
    17  2.7153e-01  1.3057e-04  1.0786e-04  1.5375e-04  2.0828e-02  1.0418e-01  3.7556e-02  0:01:03    8

 turbulent viscosity limited to viscosity ratio of 1.000000e+05 in 890 cells 

 Reversed flow on 659 faces of pressure-outlet 7.
    18  2.5499e-01  1.2664e-04  1.0367e-04  1.5155e-04  1.8826e-02  8.6567e-02  3.5349e-02  0:00:55    7

 turbulent viscosity limited to viscosity ratio of 1.000000e+05 in 1074 cells 

 Reversed flow on 666 faces of pressure-outlet 7.
    19  2.9786e-01  1.2904e-04  1.0687e-04  1.5529e-04  1.7489e-02  8.2988e-02  3.3387e-02  0:00:48    6

 turbulent viscosity limited to viscosity ratio of 1.000000e+05 in 1270 cells 

 Reversed flow on 679 faces of pressure-outlet 7.
    20  2.7231e-01  1.2546e-04  1.0271e-04  1.5407e-04  1.5975e-02  7.0379e-02  3.1632e-02  0:00:39    5

 turbulent viscosity limited to viscosity ratio of 1.000000e+05 in 1540 cells 

 Reversed flow on 689 faces of pressure-outlet 7.
    21  2.8290e-01  1.2677e-04  1.0452e-04  1.5610e-04  1.4861e-02  6.3340e-02  3.0051e-02  0:00:31    4

 turbulent viscosity limited to viscosity ratio of 1.000000e+05 in 1865 cells 

 Reversed flow on 700 faces of pressure-outlet 7.
    22  3.2282e-01  1.2930e-04  1.0691e-04  1.6227e-04  1.3944e-02  5.7354e-02  2.8622e-02  0:00:24    3

 turbulent viscosity limited to viscosity ratio of 1.000000e+05 in 2140 cells 

 Reversed flow on 716 faces of pressure-outlet 7.

  iter  continuity  x-velocity  y-velocity  z-velocity           k     epsilon  vf-phase-2     time/iter
    23  2.9580e-01  1.2735e-04  1.0482e-04  1.6284e-04  1.3193e-02  5.2743e-02  2.7323e-02  0:00:16    2

 turbulent viscosity limited to viscosity ratio of 1.000000e+05 in 2457 cells 

 Reversed flow on 720 faces of pressure-outlet 7.
    24  3.1219e-01  1.2985e-04  1.0752e-04  1.6552e-04  1.2535e-02  4.8296e-02  2.6136e-02  0:00:08    1

 turbulent viscosity limited to viscosity ratio of 1.000000e+05 in 2805 cells 

 Reversed flow on 718 faces of pressure-outlet 7.
    25  3.5458e-01  1.3333e-04  1.1235e-04  1.7108e-04  1.1894e-02  4.3170e-02  2.5049e-02  0:00:00    0
iterate_25: RPC returned
progress: 25/1500

  iter  continuity  x-velocity  y-velocity  z-velocity           k     epsilon  vf-phase-2     time/iter
    25  3.5458e-01  1.3333e-04  1.1235e-04  1.7108e-04  1.1894e-02  4.3170e-02  2.5049e-02  0:03:18   25

 turbulent viscosity limited to viscosity ratio of 1.000000e+05 in 3129 cells 

 Reversed flow on 717 faces of pressure-outlet 7.
    26  3.2694e-01  1.3203e-04  1.1052e-04  1.7231e-04  1.1335e-02  3.9119e-02  2.4048e-02  0:03:15   24

 turbulent viscosity limited to viscosity ratio of 1.000000e+05 in 3464 cells 

 Reversed flow on 718 faces of pressure-outlet 7.
    27  3.6025e-01  1.3660e-04  1.1702e-04  1.8011e-04  1.0828e-02  3.5038e-02  2.3124e-02  0:03:02   23

 turbulent viscosity limited to viscosity ratio of 1.000000e+05 in 3840 cells 

 Reversed flow on 711 faces of pressure-outlet 7.
    28  3.4216e-01  1.3531e-04  1.1511e-04  1.8118e-04  1.0371e-02  3.6422e-02  2.2269e-02  0:02:54   22

 turbulent viscosity limited to viscosity ratio of 1.000000e+05 in 4265 cells 

 Reversed flow on 719 faces of pressure-outlet 7.
    29  4.0904e-01  1.3890e-04  1.2372e-04  1.8896e-04  1.0270e-02  4.2057e-01  2.1475e-02  0:02:47   21

 turbulent viscosity limited to viscosity ratio of 1.000000e+05 in 4624 cells 

 Reversed flow on 714 faces of pressure-outlet 7.
    30  3.7115e-01  1.3711e-04  1.2116e-04  1.8972e-04  1.0606e-02  6.3648e-02  2.0736e-02  0:02:39   20

 turbulent viscosity limited to viscosity ratio of 1.000000e+05 in 4996 cells 

 Reversed flow on 711 faces of pressure-outlet 7.
    31  3.8756e-01  1.3860e-04  1.2466e-04  1.9378e-04  1.0026e-02  6.8663e-02  2.0046e-02  0:02:31   19

 turbulent viscosity limited to viscosity ratio of 1.000000e+05 in 5351 cells 

 Reversed flow on 713 faces of pressure-outlet 7.
    32  3.9907e-01  1.3841e-04  1.2650e-04  1.9539e-04  9.1423e-03  3.3143e-02  1.9400e-02  0:02:23   18

 turbulent viscosity limited to viscosity ratio of 1.000000e+05 in 5702 cells 

 Reversed flow on 721 faces of pressure-outlet 7.
    33  4.0416e-01  1.3737e-04  1.2776e-04  1.9570e-04  8.7963e-03  2.7518e-02  1.8795e-02  0:02:12   17

 turbulent viscosity limited to viscosity ratio of 1.000000e+05 in 6115 cells 

 Reversed flow on 710 faces of pressure-outlet 7.
    34  4.0905e-01  1.3583e-04  1.2887e-04  1.9534e-04  8.5171e-03  2.5285e-02  1.8227e-02  0:02:05   16

 turbulent viscosity limited to viscosity ratio of 1.000000e+05 in 6454 cells 

 Reversed flow on 715 faces of pressure-outlet 7.
    35  4.1478e-01  1.3364e-04  1.2996e-04  1.9383e-04  8.2851e-03  2.3388e-02  1.7692e-02  0:01:58   15

 turbulent viscosity limited to viscosity ratio of 1.000000e+05 in 6789 cells 

 Reversed flow on 727 faces of pressure-outlet 7.

  iter  continuity  x-velocity  y-velocity  z-velocity           k     epsilon  vf-phase-2     time/iter
    36  4.1976e-01  1.3155e-04  1.3085e-04  1.9197e-04  8.0691e-03  2.1923e-02  1.7187e-02  0:01:50   14

 turbulent viscosity limited to viscosity ratio of 1.000000e+05 in 7156 cells 

 Reversed flow on 721 faces of pressure-outlet 7.
    37  4.2402e-01  1.2894e-04  1.3145e-04  1.8934e-04  7.8834e-03  2.0024e-02  1.6711e-02  0:01:43   13

 turbulent viscosity limited to viscosity ratio of 1.000000e+05 in 7520 cells 

 Reversed flow on 715 faces of pressure-outlet 7.
    38  4.2530e-01  1.2684e-04  1.3230e-04  1.8623e-04  7.7338e-03  1.9232e-02  1.6260e-02  0:01:33   12

 turbulent viscosity limited to viscosity ratio of 1.000000e+05 in 7820 cells 

 Reversed flow on 719 faces of pressure-outlet 7.
    39  4.1999e-01  1.2415e-04  1.3212e-04  1.8267e-04  7.6024e-03  1.8415e-02  1.5833e-02  0:01:26   11

 turbulent viscosity limited to viscosity ratio of 1.000000e+05 in 8195 cells 

 Reversed flow on 716 faces of pressure-outlet 7.
    40  4.2189e-01  1.2143e-04  1.3191e-04  1.7964e-04  7.4967e-03  1.7488e-02  1.5428e-02  0:01:18   10

 turbulent viscosity limited to viscosity ratio of 1.000000e+05 in 8534 cells 

 Reversed flow on 716 faces of pressure-outlet 7.
    41  4.1904e-01  1.1853e-04  1.3159e-04  1.7650e-04  7.4244e-03  1.7346e-02  1.5043e-02  0:01:11    9

 turbulent viscosity limited to viscosity ratio of 1.000000e+05 in 8945 cells 

 Reversed flow on 707 faces of pressure-outlet 7.
    42  4.1470e-01  1.1566e-04  1.3109e-04  1.7374e-04  7.3666e-03  1.7227e-02  1.4677e-02  0:01:03    8

 turbulent viscosity limited to viscosity ratio of 1.000000e+05 in 9310 cells 

 Reversed flow on 710 faces of pressure-outlet 7.
    43  4.1560e-01  1.1286e-04  1.3041e-04  1.7111e-04  7.3320e-03  1.7409e-02  1.4328e-02  0:00:55    7

 turbulent viscosity limited to viscosity ratio of 1.000000e+05 in 9677 cells 

 Reversed flow on 708 faces of pressure-outlet 7.
    44  4.1589e-01  1.1035e-04  1.2984e-04  1.6804e-04  7.3259e-03  1.7726e-02  1.3995e-02  0:00:46    6

 turbulent viscosity limited to viscosity ratio of 1.000000e+05 in 10061 cells 

 Reversed flow on 703 faces of pressure-outlet 7.
    45  4.1238e-01  1.0757e-04  1.2901e-04  1.6458e-04  7.3271e-03  1.8217e-02  1.3678e-02  0:00:39    5

 turbulent viscosity limited to viscosity ratio of 1.000000e+05 in 10388 cells 

 Reversed flow on 706 faces of pressure-outlet 7.
    46  4.1402e-01  1.0512e-04  1.2817e-04  1.6142e-04  7.3383e-03  1.8633e-02  1.3374e-02  0:00:31    4

 turbulent viscosity limited to viscosity ratio of 1.000000e+05 in 10738 cells 

 Reversed flow on 711 faces of pressure-outlet 7.

  iter  continuity  x-velocity  y-velocity  z-velocity           k     epsilon  vf-phase-2     time/iter
    47  4.1533e-01  1.0303e-04  1.2740e-04  1.5821e-04  7.3454e-03  1.8502e-02  1.3084e-02  0:00:24    3

 turbulent viscosity limited to viscosity ratio of 1.000000e+05 in 11108 cells 

 Reversed flow on 722 faces of pressure-outlet 7.
    48  4.1663e-01  1.0112e-04  1.2687e-04  1.5521e-04  7.3734e-03  1.9226e-02  1.2806e-02  0:00:16    2

 turbulent viscosity limited to viscosity ratio of 1.000000e+05 in 11429 cells 

 Reversed flow on 712 faces of pressure-outlet 7.
    49  4.1888e-01  9.9327e-05  1.2627e-04  1.5243e-04  7.4070e-03  4.5063e-02  1.2540e-02  0:00:08    1

iterate_50: RPC returned
 turbulent viscosity limited to viscosity ratio of 1.000000e+05 in 11628 cells 

 Reversed flow on 709 faces of pressure-outlet 7.
    50  4.2368e-01  9.8013e-05  1.2589e-04  1.4980e-04  7.4350e-02  1.2797e+04  1.2284e-02  0:00:00    0
progress: 50/1500

  iter  continuity  x-velocity  y-velocity  z-velocity           k     epsilon  vf-phase-2     time/iter
    50  4.2368e-01  9.8013e-05  1.2589e-04  1.4980e-04  7.4350e-02  1.2797e+04  1.2284e-02  0:03:14   25

 turbulent viscosity limited to viscosity ratio of 1.000000e+05 in 11888 cells 

 Reversed flow on 722 faces of pressure-outlet 7.
    51  4.2253e-01  1.0085e-04  1.4161e-04  1.5762e-04  8.0169e-01  7.2838e+00  1.2039e-02  0:03:08   24

 turbulent viscosity limited to viscosity ratio of 1.000000e+05 in 12163 cells 

 Reversed flow on 717 faces of pressure-outlet 7.
    52  4.2433e-01  1.0067e-04  1.3614e-04  1.5356e-04  3.1579e-01  4.0920e-01  1.1803e-02  0:03:01   23

 turbulent viscosity limited to viscosity ratio of 1.000000e+05 in 12371 cells 

 Reversed flow on 719 faces of pressure-outlet 7.
    53  4.3327e-01  9.8360e-05  1.2898e-04  1.4771e-04  2.8715e-01  4.8501e-01  1.1577e-02  0:02:53   22

 turbulent viscosity limited to viscosity ratio of 1.000000e+05 in 12614 cells 

 Reversed flow on 705 faces of pressure-outlet 7.
    54  4.3876e-01  9.6906e-05  1.2813e-04  1.4350e-04  1.9550e-01  4.5499e-01  1.1359e-02  0:02:46   21

 turbulent viscosity limited to viscosity ratio of 1.000000e+05 in 12808 cells 

 Reversed flow on 705 faces of pressure-outlet 7.
    55  4.4117e-01  9.6732e-05  1.2719e-04  1.4199e-04  1.1834e-01  9.5825e-01  1.1149e-02  0:02:34   20

 turbulent viscosity limited to viscosity ratio of 1.000000e+05 in 12989 cells 

 Reversed flow on 707 faces of pressure-outlet 7.
    56  4.5381e-01  9.7279e-05  1.2938e-04  1.4063e-04  1.2650e-01  7.5397e-01  1.0946e-02  0:02:28   19

 turbulent viscosity limited to viscosity ratio of 1.000000e+05 in 13211 cells 

 Reversed flow on 694 faces of pressure-outlet 7.
    57  4.5733e-01  9.7247e-05  1.2802e-04  1.3966e-04  8.6024e-02  7.0167e-01  1.0751e-02  0:02:21   18

 turbulent viscosity limited to viscosity ratio of 1.000000e+05 in 13393 cells 

 Reversed flow on 703 faces of pressure-outlet 7.
    58  4.6637e-01  9.7331e-05  1.2747e-04  1.3748e-04  4.6405e-02  4.1963e-01  1.0563e-02  0:02:14   17

 turbulent viscosity limited to viscosity ratio of 1.000000e+05 in 13557 cells 

 Reversed flow on 717 faces of pressure-outlet 7.
    59  4.7367e-01  9.7495e-05  1.2745e-04  1.3620e-04  3.0194e-02  3.2925e-01  1.0381e-02  0:02:06   16

 turbulent viscosity limited to viscosity ratio of 1.000000e+05 in 13730 cells 

 Reversed flow on 712 faces of pressure-outlet 7.
    60  4.8049e-01  9.7691e-05  1.2744e-04  1.3517e-04  2.2250e-02  2.8295e-01  1.0205e-02  0:01:59   15

 turbulent viscosity limited to viscosity ratio of 1.000000e+05 in 13880 cells 

 Reversed flow on 715 faces of pressure-outlet 7.

  iter  continuity  x-velocity  y-velocity  z-velocity           k     epsilon  vf-phase-2     time/iter
    61  4.8814e-01  9.8128e-05  1.2748e-04  1.3421e-04  1.7720e-02  2.3987e-01  1.0035e-02  0:01:51   14

 turbulent viscosity limited to viscosity ratio of 1.000000e+05 in 14069 cells 

 Reversed flow on 712 faces of pressure-outlet 7.
    62  4.9620e-01  9.8479e-05  1.2742e-04  1.3327e-04  1.4316e-02  1.9623e-01  9.8708e-03  0:01:43   13

 turbulent viscosity limited to viscosity ratio of 1.000000e+05 in 14204 cells 

 Reversed flow on 710 faces of pressure-outlet 7.
    63  5.0268e-01  9.8531e-05  1.2673e-04  1.3286e-04  1.2394e-02  1.3813e-01  9.7117e-03  0:01:33   12

 turbulent viscosity limited to viscosity ratio of 1.000000e+05 in 14386 cells 

 Reversed flow on 715 faces of pressure-outlet 7.
    64  5.3096e-01  1.0013e-04  1.2767e-04  1.3124e-04  1.1098e-02  9.5621e-02  9.5578e-03  0:01:26   11

 turbulent viscosity limited to viscosity ratio of 1.000000e+05 in 14571 cells 

 Reversed flow on 719 faces of pressure-outlet 7.
    65  5.2384e-01  9.9989e-05  1.2666e-04  1.3082e-04  1.0435e-02  8.6358e-02  9.4086e-03  0:01:18   10

 turbulent viscosity limited to viscosity ratio of 1.000000e+05 in 14725 cells 

 Reversed flow on 725 faces of pressure-outlet 7.
    66  5.4835e-01  1.0134e-04  1.2716e-04  1.2935e-04  9.8755e-03  9.7725e-02  9.2640e-03  0:01:11    9

 turbulent viscosity limited to viscosity ratio of 1.000000e+05 in 14894 cells 

 Reversed flow on 724 faces of pressure-outlet 7.
    67  5.4269e-01  1.0134e-04  1.2614e-04  1.2923e-04  9.2719e-03  6.8528e-02  9.1238e-03  0:01:03    8

 turbulent viscosity limited to viscosity ratio of 1.000000e+05 in 15004 cells 

 Reversed flow on 721 faces of pressure-outlet 7.
    68  5.6389e-01  1.0258e-04  1.2675e-04  1.2808e-04  8.9752e-03  7.6336e-02  8.9878e-03  0:00:54    7

 turbulent viscosity limited to viscosity ratio of 1.000000e+05 in 15108 cells 

 Reversed flow on 730 faces of pressure-outlet 7.
    69  5.6054e-01  1.0266e-04  1.2574e-04  1.2790e-04  8.6076e-03  6.4883e-02  8.8558e-03  0:00:47    6

 turbulent viscosity limited to viscosity ratio of 1.000000e+05 in 15216 cells 

 Reversed flow on 732 faces of pressure-outlet 7.
    70  5.8297e-01  1.0394e-04  1.2629e-04  1.2681e-04  8.2437e-03  4.8646e-02  8.7277e-03  0:00:39    5

 turbulent viscosity limited to viscosity ratio of 1.000000e+05 in 15301 cells 

 Reversed flow on 731 faces of pressure-outlet 7.
    71  5.7887e-01  1.0412e-04  1.2555e-04  1.2658e-04  7.9696e-03  3.8287e-02  8.6032e-03  0:00:31    4

 turbulent viscosity limited to viscosity ratio of 1.000000e+05 in 15361 cells 

 Reversed flow on 735 faces of pressure-outlet 7.

  iter  continuity  x-velocity  y-velocity  z-velocity           k     epsilon  vf-phase-2     time/iter
    72  6.0145e-01  1.0534e-04  1.2621e-04  1.2555e-04  7.7689e-03  3.0106e-02  8.4822e-03  0:00:23    3

 turbulent viscosity limited to viscosity ratio of 1.000000e+05 in 15414 cells 

 Reversed flow on 719 faces of pressure-outlet 7.
    73  5.9599e-01  1.0548e-04  1.2549e-04  1.2534e-04  7.6648e-03  2.5947e-02  8.3646e-03  0:00:15    2

 turbulent viscosity limited to viscosity ratio of 1.000000e+05 in 15437 cells 

 Reversed flow on 720 faces of pressure-outlet 7.
    74  6.1658e-01  1.0673e-04  1.2611e-04  1.2452e-04  7.6010e-03  2.2702e-02  8.2501e-03  0:00:08    1

 turbulent viscosity limited to viscosity ratio of 1.000000e+05 in 15489 cells 

 Reversed flow on 732 faces of pressure-outlet 7.
    75  6.1101e-01  1.0691e-04  1.2551e-04  1.2416e-04  7.5690e-03  2.0125e-02  8.1388e-03  0:00:00    0
iterate_75: RPC returned
progress: 75/1500

  iter  continuity  x-velocity  y-velocity  z-velocity           k     epsilon  vf-phase-2     time/iter
    75  6.1101e-01  1.0691e-04  1.2551e-04  1.2416e-04  7.5690e-03  2.0125e-02  8.1388e-03  0:03:16   25

 turbulent viscosity limited to viscosity ratio of 1.000000e+05 in 15469 cells 

 Reversed flow on 724 faces of pressure-outlet 7.
    76  6.3009e-01  1.0806e-04  1.2615e-04  1.2341e-04  7.5683e-03  1.9327e-02  8.0304e-03  0:03:09   24

 turbulent viscosity limited to viscosity ratio of 1.000000e+05 in 15459 cells 

 Reversed flow on 716 faces of pressure-outlet 7.
    77  6.2541e-01  1.0810e-04  1.2557e-04  1.2325e-04  7.5765e-03  1.8244e-02  7.9249e-03  0:03:02   23

 turbulent viscosity limited to viscosity ratio of 1.000000e+05 in 15482 cells 

 Reversed flow on 720 faces of pressure-outlet 7.
    78  6.4253e-01  1.0906e-04  1.2617e-04  1.2272e-04  7.5961e-03  1.7915e-02  7.8221e-03  0:02:50   22

 turbulent viscosity limited to viscosity ratio of 1.000000e+05 in 15456 cells 

 Reversed flow on 727 faces of pressure-outlet 7.
    79  6.3562e-01  1.0907e-04  1.2559e-04  1.2249e-04  7.6120e-03  1.7471e-02  7.7220e-03  0:02:43   21

 turbulent viscosity limited to viscosity ratio of 1.000000e+05 in 15441 cells 

 Reversed flow on 717 faces of pressure-outlet 7.
    80  6.4955e-01  1.0993e-04  1.2598e-04  1.2207e-04  7.6415e-03  1.7794e-02  7.6244e-03  0:02:36   20

 turbulent viscosity limited to viscosity ratio of 1.000000e+05 in 15439 cells 

 Reversed flow on 724 faces of pressure-outlet 7.
    81  6.4516e-01  1.0967e-04  1.2529e-04  1.2178e-04  7.6681e-03  1.8028e-02  7.5293e-03  0:02:29   19

 turbulent viscosity limited to viscosity ratio of 1.000000e+05 in 15414 cells 

 Reversed flow on 724 faces of pressure-outlet 7.
    82  6.5806e-01  1.1024e-04  1.2560e-04  1.2156e-04  7.7097e-03  1.8634e-02  7.4364e-03  0:02:22   18

 turbulent viscosity limited to viscosity ratio of 1.000000e+05 in 15388 cells 

 Reversed flow on 739 faces of pressure-outlet 7.
    83  6.5457e-01  1.1000e-04  1.2494e-04  1.2140e-04  7.7487e-03  1.8786e-02  7.3459e-03  0:02:11   17

 turbulent viscosity limited to viscosity ratio of 1.000000e+05 in 15307 cells 

 Reversed flow on 736 faces of pressure-outlet 7.
    84  6.6450e-01  1.1054e-04  1.2489e-04  1.2162e-04  7.7986e-03  1.8579e-02  7.2575e-03  0:02:04   16

 turbulent viscosity limited to viscosity ratio of 1.000000e+05 in 15282 cells 

 Reversed flow on 725 faces of pressure-outlet 7.
    85  6.5988e-01  1.1015e-04  1.2424e-04  1.2147e-04  7.8507e-03  1.8359e-02  7.1712e-03  0:01:57   15

 turbulent viscosity limited to viscosity ratio of 1.000000e+05 in 15214 cells 

 Reversed flow on 717 faces of pressure-outlet 7.

  iter  continuity  x-velocity  y-velocity  z-velocity           k     epsilon  vf-phase-2     time/iter
    86  6.6835e-01  1.1014e-04  1.2366e-04  1.2141e-04  7.9131e-03  1.8881e-02  7.0870e-03  0:01:50   14

 turbulent viscosity limited to viscosity ratio of 1.000000e+05 in 15164 cells 

 Reversed flow on 723 faces of pressure-outlet 7.
    87  6.8518e-01  1.1096e-04  1.2364e-04  1.2172e-04  7.9742e-03  1.8863e-02  7.0047e-03  0:01:40   13

 turbulent viscosity limited to viscosity ratio of 1.000000e+05 in 15113 cells 

 Reversed flow on 722 faces of pressure-outlet 7.
    88  6.7433e-01  1.1042e-04  1.2274e-04  1.2157e-04  8.0381e-03  1.8866e-02  6.9244e-03  0:01:33   12

 turbulent viscosity limited to viscosity ratio of 1.000000e+05 in 15081 cells 

 Reversed flow on 720 faces of pressure-outlet 7.
    89  6.7990e-01  1.1036e-04  1.2200e-04  1.2146e-04  8.0875e-03  1.8982e-02  6.8459e-03  0:01:26   11

 turbulent viscosity limited to viscosity ratio of 1.000000e+05 in 15014 cells 

 Reversed flow on 709 faces of pressure-outlet 7.
    90  6.9322e-01  1.1096e-04  1.2173e-04  1.2170e-04  8.1289e-03  1.9321e-02  6.7691e-03  0:01:18   10

 turbulent viscosity limited to viscosity ratio of 1.000000e+05 in 14946 cells 

 Reversed flow on 710 faces of pressure-outlet 7.
    91  6.8760e-01  1.1044e-04  1.2091e-04  1.2151e-04  8.1663e-03  1.9426e-02  6.6941e-03  0:01:09    9

 turbulent viscosity limited to viscosity ratio of 1.000000e+05 in 14853 cells 

 Reversed flow on 723 faces of pressure-outlet 7.
    92  6.9315e-01  1.1033e-04  1.2004e-04  1.2133e-04  8.1932e-03  1.9224e-02  6.6207e-03  0:01:02    8

 turbulent viscosity limited to viscosity ratio of 1.000000e+05 in 14778 cells 

 Reversed flow on 717 faces of pressure-outlet 7.
    93  7.0409e-01  1.1102e-04  1.1978e-04  1.2151e-04  8.2074e-03  1.9109e-02  6.5489e-03  0:00:55    7

 turbulent viscosity limited to viscosity ratio of 1.000000e+05 in 14693 cells 

 Reversed flow on 721 faces of pressure-outlet 7.
    94  7.0033e-01  1.1047e-04  1.1890e-04  1.2127e-04  8.2071e-03  1.8739e-02  6.4786e-03  0:00:47    6

 turbulent viscosity limited to viscosity ratio of 1.000000e+05 in 14604 cells 

 Reversed flow on 709 faces of pressure-outlet 7.
    95  7.0842e-01  1.1046e-04  1.1800e-04  1.2115e-04  8.2006e-03  1.8555e-02  6.4098e-03  0:00:39    5

 turbulent viscosity limited to viscosity ratio of 1.000000e+05 in 14507 cells 

 Reversed flow on 708 faces of pressure-outlet 7.
    96  7.1531e-01  1.1056e-04  1.1725e-04  1.2111e-04  8.1903e-03  1.8383e-02  6.3424e-03  0:00:31    4

 turbulent viscosity limited to viscosity ratio of 1.000000e+05 in 14431 cells 

 Reversed flow on 709 faces of pressure-outlet 7.

  iter  continuity  x-velocity  y-velocity  z-velocity           k     epsilon  vf-phase-2     time/iter
    97  7.1971e-01  1.1063e-04  1.1656e-04  1.2104e-04  8.1796e-03  1.8225e-02  6.2765e-03  0:00:23    3

 turbulent viscosity limited to viscosity ratio of 1.000000e+05 in 14365 cells 

 Reversed flow on 704 faces of pressure-outlet 7.
    98  7.2308e-01  1.1071e-04  1.1586e-04  1.2090e-04  8.1667e-03  1.8111e-02  6.2119e-03  0:00:16    2

 turbulent viscosity limited to viscosity ratio of 1.000000e+05 in 14279 cells 

 Reversed flow on 711 faces of pressure-outlet 7.
    99  7.2826e-01  1.1071e-04  1.1516e-04  1.2085e-04  8.1502e-03  1.7886e-02  6.1487e-03  0:00:08    1

 turbulent viscosity limited to viscosity ratio of 1.000000e+05 in 14208 cells 

 Reversed flow on 710 faces of pressure-outlet 7.
   100  7.3415e-01  1.1066e-04  1.1444e-04  1.2066e-04  8.1242e-03  1.7734e-02  6.0867e-03  0:00:00    0
iterate_100: RPC returned
progress: 100/1500

  iter  continuity  x-velocity  y-velocity  z-velocity           k     epsilon  vf-phase-2     time/iter
   100  7.3415e-01  1.1066e-04  1.1444e-04  1.2066e-04  8.1242e-03  1.7734e-02  6.0867e-03  0:03:12   25

 turbulent viscosity limited to viscosity ratio of 1.000000e+05 in 14122 cells 

 Reversed flow on 713 faces of pressure-outlet 7.
   101  7.3836e-01  1.1048e-04  1.1369e-04  1.2056e-04  8.0885e-03  1.7389e-02  6.0259e-03  0:03:06   24

 turbulent viscosity limited to viscosity ratio of 1.000000e+05 in 14012 cells 

 Reversed flow on 709 faces of pressure-outlet 7.
   102  7.4208e-01  1.1025e-04  1.1291e-04  1.2039e-04  8.0400e-03  1.7367e-02  5.9664e-03  0:02:59   23

 turbulent viscosity limited to viscosity ratio of 1.000000e+05 in 13912 cells 

 Reversed flow on 710 faces of pressure-outlet 7.
   103  7.4253e-01  1.1009e-04  1.1213e-04  1.2013e-04  7.9909e-03  1.7191e-02  5.9080e-03  0:02:48   22

 turbulent viscosity limited to viscosity ratio of 1.000000e+05 in 13803 cells 

 Reversed flow on 710 faces of pressure-outlet 7.
   104  7.4388e-01  1.0980e-04  1.1132e-04  1.1985e-04  7.9401e-03  1.6689e-02  5.8507e-03  0:02:42   21

 turbulent viscosity limited to viscosity ratio of 1.000000e+05 in 13715 cells 

 Reversed flow on 702 faces of pressure-outlet 7.
   105  7.4545e-01  1.0938e-04  1.1058e-04  1.1959e-04  7.8925e-03  1.6491e-02  5.7946e-03  0:02:35   20

 turbulent viscosity limited to viscosity ratio of 1.000000e+05 in 13579 cells 

 Reversed flow on 702 faces of pressure-outlet 7.
   106  7.4692e-01  1.0888e-04  1.0980e-04  1.1937e-04  7.8413e-03  1.6094e-02  5.7395e-03  0:02:28   19

 turbulent viscosity limited to viscosity ratio of 1.000000e+05 in 13461 cells 

 Reversed flow on 697 faces of pressure-outlet 7.
   107  7.4903e-01  1.0844e-04  1.0900e-04  1.1900e-04  7.7857e-03  1.5654e-02  5.6855e-03  0:02:18   18

 turbulent viscosity limited to viscosity ratio of 1.000000e+05 in 13340 cells 

 Reversed flow on 695 faces of pressure-outlet 7.
   108  7.4734e-01  1.0788e-04  1.0818e-04  1.1843e-04  7.7268e-03  1.5356e-02  5.6325e-03  0:02:11   17

 turbulent viscosity limited to viscosity ratio of 1.000000e+05 in 13235 cells 

 Reversed flow on 700 faces of pressure-outlet 7.
   109  7.4527e-01  1.0720e-04  1.0729e-04  1.1779e-04  7.6649e-03  1.5059e-02  5.5805e-03  0:02:04   16

 turbulent viscosity limited to viscosity ratio of 1.000000e+05 in 13147 cells 

 Reversed flow on 694 faces of pressure-outlet 7.
   110  7.4149e-01  1.0650e-04  1.0642e-04  1.1722e-04  7.5962e-03  1.4757e-02  5.5295e-03  0:01:57   15

 turbulent viscosity limited to viscosity ratio of 1.000000e+05 in 13035 cells 

 Reversed flow on 687 faces of pressure-outlet 7.

  iter  continuity  x-velocity  y-velocity  z-velocity           k     epsilon  vf-phase-2     time/iter
   111  7.3662e-01  1.0572e-04  1.0555e-04  1.1657e-04  7.5337e-03  2.0589e-02  5.4794e-03  0:01:47   14

 turbulent viscosity limited to viscosity ratio of 1.000000e+05 in 12911 cells 

 Reversed flow on 691 faces of pressure-outlet 7.
   112  7.3224e-01  1.0495e-04  1.0471e-04  1.1586e-04  7.4754e-03  1.6705e-02  5.4301e-03  0:01:40   13

 turbulent viscosity limited to viscosity ratio of 1.000000e+05 in 12792 cells 

 Reversed flow on 691 faces of pressure-outlet 7.
   113  7.2884e-01  1.0420e-04  1.0384e-04  1.1511e-04  7.4577e-03  1.8185e-02  5.3818e-03  0:01:33   12

 turbulent viscosity limited to viscosity ratio of 1.000000e+05 in 12680 cells 

 Reversed flow on 689 faces of pressure-outlet 7.
   114  7.2463e-01  1.0341e-04  1.0305e-04  1.1437e-04  7.3996e-03  1.4351e-02  5.3343e-03  0:01:26   11

 turbulent viscosity limited to viscosity ratio of 1.000000e+05 in 12558 cells 

 Reversed flow on 683 faces of pressure-outlet 7.
   115  7.1915e-01  1.0267e-04  1.0225e-04  1.1361e-04  7.3766e-03  1.4181e-02  5.2877e-03  0:01:17   10

 turbulent viscosity limited to viscosity ratio of 1.000000e+05 in 12438 cells 

 Reversed flow on 679 faces of pressure-outlet 7.
   116  7.1388e-01  1.0197e-04  1.0145e-04  1.1290e-04  7.3606e-03  1.4179e-02  5.2418e-03  0:01:10    9

 turbulent viscosity limited to viscosity ratio of 1.000000e+05 in 12303 cells 

 Reversed flow on 692 faces of pressure-outlet 7.
   117  7.0719e-01  1.0123e-04  1.0073e-04  1.1217e-04  7.3528e-03  1.4225e-02  5.1968e-03  0:01:02    8

 turbulent viscosity limited to viscosity ratio of 1.000000e+05 in 12194 cells 

 Reversed flow on 684 faces of pressure-outlet 7.
   118  6.9981e-01  1.0052e-04  1.0003e-04  1.1140e-04  7.3423e-03  1.4230e-02  5.1525e-03  0:00:55    7

 turbulent viscosity limited to viscosity ratio of 1.000000e+05 in 12073 cells 

 Reversed flow on 671 faces of pressure-outlet 7.
   119  6.9423e-01  9.9919e-05  9.9283e-05  1.1064e-04  7.3319e-03  1.4307e-02  5.1090e-03  0:00:46    6

 turbulent viscosity limited to viscosity ratio of 1.000000e+05 in 11959 cells 

 Reversed flow on 678 faces of pressure-outlet 7.
   120  6.8792e-01  9.9230e-05  9.8620e-05  1.0986e-04  7.3141e-03  1.4290e-02  5.0662e-03  0:00:39    5

 turbulent viscosity limited to viscosity ratio of 1.000000e+05 in 11837 cells 

 Reversed flow on 669 faces of pressure-outlet 7.
   121  6.8303e-01  9.8602e-05  9.7921e-05  1.0913e-04  7.2939e-03  1.4373e-02  5.0241e-03  0:00:31    4

 turbulent viscosity limited to viscosity ratio of 1.000000e+05 in 11715 cells 

 Reversed flow on 680 faces of pressure-outlet 7.

  iter  continuity  x-velocity  y-velocity  z-velocity           k     epsilon  vf-phase-2     time/iter
   122  6.7754e-01  9.7978e-05  9.7211e-05  1.0849e-04  7.2709e-03  1.4417e-02  4.9827e-03  0:00:23    3

 turbulent viscosity limited to viscosity ratio of 1.000000e+05 in 11586 cells 

 Reversed flow on 675 faces of pressure-outlet 7.
   123  6.7287e-01  9.7359e-05  9.6505e-05  1.0776e-04  7.2387e-03  1.4468e-02  4.9420e-03  0:00:15    2

 turbulent viscosity limited to viscosity ratio of 1.000000e+05 in 11449 cells 

 Reversed flow on 674 faces of pressure-outlet 7.
   124  6.6766e-01  9.6702e-05  9.5860e-05  1.0710e-04  7.1952e-03  1.4300e-02  4.9020e-03  0:00:08    1

iterate_125: RPC returned
progress: 125/1500
 turbulent viscosity limited to viscosity ratio of 1.000000e+05 in 11334 cells 

 Reversed flow on 680 faces of pressure-outlet 7.
   125  6.6360e-01  9.6036e-05  9.5179e-05  1.0648e-04  7.1473e-03  1.4245e-02  4.8626e-03  0:00:00    0

  iter  continuity  x-velocity  y-velocity  z-velocity           k     epsilon  vf-phase-2     time/iter
   125  6.6360e-01  9.6036e-05  9.5179e-05  1.0648e-04  7.1473e-03  1.4245e-02  4.8626e-03  0:03:15   25

 turbulent viscosity limited to viscosity ratio of 1.000000e+05 in 11214 cells 

 Reversed flow on 670 faces of pressure-outlet 7.
   126  6.6063e-01  9.5316e-05  9.4484e-05  1.0589e-04  7.0887e-03  1.4064e-02  4.8239e-03  0:03:08   24

 turbulent viscosity limited to viscosity ratio of 1.000000e+05 in 11111 cells 

 Reversed flow on 676 faces of pressure-outlet 7.
   127  6.5670e-01  9.4574e-05  9.3902e-05  1.0528e-04  7.0295e-03  1.4134e-02  4.7857e-03  0:03:01   23

 turbulent viscosity limited to viscosity ratio of 1.000000e+05 in 10999 cells 

 Reversed flow on 683 faces of pressure-outlet 7.
   128  6.5291e-01  9.3842e-05  9.3295e-05  1.0472e-04  6.9716e-03  1.3954e-02  4.7482e-03  0:02:54   22

 turbulent viscosity limited to viscosity ratio of 1.000000e+05 in 10891 cells 

 Reversed flow on 682 faces of pressure-outlet 7.
   129  6.4870e-01  9.3073e-05  9.2653e-05  1.0418e-04  6.9149e-03  1.3829e-02  4.7112e-03  0:02:46   21

 turbulent viscosity limited to viscosity ratio of 1.000000e+05 in 10803 cells 

 Reversed flow on 676 faces of pressure-outlet 7.
   130  6.4437e-01  9.2333e-05  9.2034e-05  1.0364e-04  6.8543e-03  1.3622e-02  4.6748e-03  0:02:39   20

 turbulent viscosity limited to viscosity ratio of 1.000000e+05 in 10690 cells 

 Reversed flow on 678 faces of pressure-outlet 7.
   131  6.4036e-01  9.1594e-05  9.1441e-05  1.0313e-04  6.7979e-03  1.3412e-02  4.6390e-03  0:02:27   19

 turbulent viscosity limited to viscosity ratio of 1.000000e+05 in 10585 cells 

 Reversed flow on 678 faces of pressure-outlet 7.
   132  6.3681e-01  9.0924e-05  9.0849e-05  1.0263e-04  6.7424e-03  1.3448e-02  4.6037e-03  0:02:20   18

 turbulent viscosity limited to viscosity ratio of 1.000000e+05 in 10469 cells 

 Reversed flow on 678 faces of pressure-outlet 7.
   133  6.3357e-01  9.0245e-05  9.0325e-05  1.0215e-04  6.6925e-03  1.3168e-02  4.5690e-03  0:02:13   17

 turbulent viscosity limited to viscosity ratio of 1.000000e+05 in 10371 cells 

 Reversed flow on 682 faces of pressure-outlet 7.
   134  6.3043e-01  8.9616e-05  8.9804e-05  1.0172e-04  6.6461e-03  1.3300e-02  4.5348e-03  0:02:06   16

 turbulent viscosity limited to viscosity ratio of 1.000000e+05 in 10261 cells 

 Reversed flow on 679 faces of pressure-outlet 7.
   135  6.2639e-01  8.8964e-05  8.9326e-05  1.0130e-04  6.6000e-03  1.3099e-02  4.5010e-03  0:01:55   15

 turbulent viscosity limited to viscosity ratio of 1.000000e+05 in 10171 cells 

 Reversed flow on 672 faces of pressure-outlet 7.

  iter  continuity  x-velocity  y-velocity  z-velocity           k     epsilon  vf-phase-2     time/iter
   136  6.2302e-01  8.8307e-05  8.8817e-05  1.0093e-04  6.5590e-03  1.2993e-02  4.4678e-03  0:01:49   14

 turbulent viscosity limited to viscosity ratio of 1.000000e+05 in 10066 cells 

 Reversed flow on 670 faces of pressure-outlet 7.
   137  6.1924e-01  8.7670e-05  8.8418e-05  1.0055e-04  6.5194e-03  1.2872e-02  4.4351e-03  0:01:41   13

 turbulent viscosity limited to viscosity ratio of 1.000000e+05 in 9946 cells 

 Reversed flow on 662 faces of pressure-outlet 7.
   138  6.1633e-01  8.7023e-05  8.8080e-05  1.0016e-04  6.4844e-03  1.2775e-02  4.4029e-03  0:01:32   12

 turbulent viscosity limited to viscosity ratio of 1.000000e+05 in 9818 cells 

 Reversed flow on 651 faces of pressure-outlet 7.
   139  6.1343e-01  8.6424e-05  8.7754e-05  9.9811e-05  6.4480e-03  1.2729e-02  4.3712e-03  0:01:25   11

 turbulent viscosity limited to viscosity ratio of 1.000000e+05 in 9714 cells 

 Reversed flow on 654 faces of pressure-outlet 7.
   140  6.1150e-01  8.5860e-05  8.7439e-05  9.9463e-05  6.4103e-03  1.2639e-02  4.3399e-03  0:01:18   10

 turbulent viscosity limited to viscosity ratio of 1.000000e+05 in 9597 cells 

 Reversed flow on 655 faces of pressure-outlet 7.
   141  6.0982e-01  8.5336e-05  8.7132e-05  9.9169e-05  6.3742e-03  1.2849e-02  4.3091e-03  0:01:10    9

 turbulent viscosity limited to viscosity ratio of 1.000000e+05 in 9490 cells 

 Reversed flow on 668 faces of pressure-outlet 7.
   142  6.0772e-01  8.4873e-05  8.6828e-05  9.8917e-05  6.3326e-03  1.2675e-02  4.2788e-03  0:01:01    8

 turbulent viscosity limited to viscosity ratio of 1.000000e+05 in 9413 cells 

 Reversed flow on 652 faces of pressure-outlet 7.
   143  6.0605e-01  8.4388e-05  8.6533e-05  9.8631e-05  6.2920e-03  1.2582e-02  4.2488e-03  0:00:54    7

 turbulent viscosity limited to viscosity ratio of 1.000000e+05 in 9304 cells 

 Reversed flow on 642 faces of pressure-outlet 7.
   144  6.0439e-01  8.3957e-05  8.6218e-05  9.8348e-05  6.2535e-03  1.2664e-02  4.2193e-03  0:00:47    6

 turbulent viscosity limited to viscosity ratio of 1.000000e+05 in 9198 cells 

 Reversed flow on 640 faces of pressure-outlet 7.
   145  6.0312e-01  8.3577e-05  8.5906e-05  9.8068e-05  6.2105e-03  1.2550e-02  4.1901e-03  0:00:39    5

 turbulent viscosity limited to viscosity ratio of 1.000000e+05 in 9109 cells 

 Reversed flow on 637 faces of pressure-outlet 7.
   146  6.0149e-01  8.3231e-05  8.5610e-05  9.7796e-05  6.1619e-03  1.2486e-02  4.1614e-03  0:00:31    4

 turbulent viscosity limited to viscosity ratio of 1.000000e+05 in 9013 cells 

 Reversed flow on 638 faces of pressure-outlet 7.

  iter  continuity  x-velocity  y-velocity  z-velocity           k     epsilon  vf-phase-2     time/iter
   147  6.0050e-01  8.2909e-05  8.5326e-05  9.7511e-05  6.1131e-03  1.2500e-02  4.1331e-03  0:00:23    3

 turbulent viscosity limited to viscosity ratio of 1.000000e+05 in 8883 cells 

 Reversed flow on 636 faces of pressure-outlet 7.
   148  5.9946e-01  8.2675e-05  8.5087e-05  9.7237e-05  6.0635e-03  1.2252e-02  4.1052e-03  0:00:16    2

 turbulent viscosity limited to viscosity ratio of 1.000000e+05 in 8767 cells 

 Reversed flow on 626 faces of pressure-outlet 7.
   149  5.9919e-01  8.2432e-05  8.4887e-05  9.6949e-05  6.0141e-03  1.2378e-02  4.0776e-03  0:00:08    1

iterate_150: RPC returned
progress: 150/1500
 turbulent viscosity limited to viscosity ratio of 1.000000e+05 in 8665 cells 

 Reversed flow on 629 faces of pressure-outlet 7.
   150  5.9900e-01  8.2255e-05  8.4666e-05  9.6654e-05  5.9599e-03  1.2302e-02  4.0504e-03  0:00:00    0

  iter  continuity  x-velocity  y-velocity  z-velocity           k     epsilon  vf-phase-2     time/iter
   150  5.9900e-01  8.2255e-05  8.4666e-05  9.6654e-05  5.9599e-03  1.2302e-02  4.0504e-03  0:03:12   25

 turbulent viscosity limited to viscosity ratio of 1.000000e+05 in 8560 cells 

 Reversed flow on 629 faces of pressure-outlet 7.
   151  5.9817e-01  8.2063e-05  8.4461e-05  9.6387e-05  5.9070e-03  1.2029e-02  4.0235e-03  0:03:05   24

 turbulent viscosity limited to viscosity ratio of 1.000000e+05 in 8467 cells 

 Reversed flow on 617 faces of pressure-outlet 7.
   152  5.9744e-01  8.1853e-05  8.4306e-05  9.6106e-05  5.8541e-03  1.2164e-02  3.9970e-03  0:02:59   23

 turbulent viscosity limited to viscosity ratio of 1.000000e+05 in 8338 cells 

 Reversed flow on 629 faces of pressure-outlet 7.
   153  5.9721e-01  8.1632e-05  8.4160e-05  9.5838e-05  5.7988e-03  1.2010e-02  3.9708e-03  0:02:48   22

 turbulent viscosity limited to viscosity ratio of 1.000000e+05 in 8245 cells 

 Reversed flow on 609 faces of pressure-outlet 7.
   154  5.9771e-01  8.1425e-05  8.4040e-05  9.5576e-05  5.7457e-03  1.2100e-02  3.9450e-03  0:02:42   21

 turbulent viscosity limited to viscosity ratio of 1.000000e+05 in 8138 cells 

 Reversed flow on 606 faces of pressure-outlet 7.
   155  5.9790e-01  8.1215e-05  8.3922e-05  9.5310e-05  5.6910e-03  1.1834e-02  3.9196e-03  0:02:35   20

 turbulent viscosity limited to viscosity ratio of 1.000000e+05 in 8056 cells 

 Reversed flow on 605 faces of pressure-outlet 7.
   156  5.9729e-01  8.0991e-05  8.3811e-05  9.5064e-05  5.6431e-03  1.1872e-02  3.8945e-03  0:02:28   19

 turbulent viscosity limited to viscosity ratio of 1.000000e+05 in 7969 cells 

 Reversed flow on 613 faces of pressure-outlet 7.
   157  5.9723e-01  8.0789e-05  8.3679e-05  9.4823e-05  5.5976e-03  1.1865e-02  3.8697e-03  0:02:21   18

 turbulent viscosity limited to viscosity ratio of 1.000000e+05 in 7871 cells 

 Reversed flow on 606 faces of pressure-outlet 7.
   158  5.9519e-01  8.0560e-05  8.3571e-05  9.4621e-05  5.5547e-03  1.1744e-02  3.8453e-03  0:02:14   17

 turbulent viscosity limited to viscosity ratio of 1.000000e+05 in 7774 cells 

 Reversed flow on 602 faces of pressure-outlet 7.
   159  5.9364e-01  8.0292e-05  8.3384e-05  9.4449e-05  5.5134e-03  1.1646e-02  3.8211e-03  0:02:03   16

 turbulent viscosity limited to viscosity ratio of 1.000000e+05 in 7687 cells 

 Reversed flow on 595 faces of pressure-outlet 7.
   160  5.9281e-01  8.0072e-05  8.3252e-05  9.4226e-05  5.4731e-03  1.1567e-02  3.7972e-03  0:01:56   15

 turbulent viscosity limited to viscosity ratio of 1.000000e+05 in 7624 cells 

 Reversed flow on 601 faces of pressure-outlet 7.

  iter  continuity  x-velocity  y-velocity  z-velocity           k     epsilon  vf-phase-2     time/iter
   161  5.9158e-01  7.9863e-05  8.3141e-05  9.4043e-05  5.4367e-03  1.1737e-02  3.7737e-03  0:01:49   14

 turbulent viscosity limited to viscosity ratio of 1.000000e+05 in 7536 cells 

 Reversed flow on 583 faces of pressure-outlet 7.
   162  5.9063e-01  7.9665e-05  8.3010e-05  9.3914e-05  5.4017e-03  1.1528e-02  3.7504e-03  0:01:39   13

 turbulent viscosity limited to viscosity ratio of 1.000000e+05 in 7440 cells 

 Reversed flow on 590 faces of pressure-outlet 7.
   163  5.8976e-01  7.9461e-05  8.2888e-05  9.3824e-05  5.3664e-03  1.1547e-02  3.7274e-03  0:01:33   12

 turbulent viscosity limited to viscosity ratio of 1.000000e+05 in 7342 cells 

 Reversed flow on 596 faces of pressure-outlet 7.
   164  5.8894e-01  7.9320e-05  8.2766e-05  9.3737e-05  5.3310e-03  1.1533e-02  3.7048e-03  0:01:26   11

 turbulent viscosity limited to viscosity ratio of 1.000000e+05 in 7241 cells 

 Reversed flow on 589 faces of pressure-outlet 7.
   165  5.8858e-01  7.9160e-05  8.2715e-05  9.3661e-05  5.2959e-03  1.1410e-02  3.6824e-03  0:01:18   10

 turbulent viscosity limited to viscosity ratio of 1.000000e+05 in 7142 cells 

 Reversed flow on 582 faces of pressure-outlet 7.
   166  5.8772e-01  7.9023e-05  8.2657e-05  9.3601e-05  5.2614e-03  1.1472e-02  3.6602e-03  0:01:09    9

 turbulent viscosity limited to viscosity ratio of 1.000000e+05 in 7054 cells 

 Reversed flow on 579 faces of pressure-outlet 7.
   167  5.8794e-01  7.8936e-05  8.2600e-05  9.3571e-05  5.2283e-03  1.1684e-02  3.6384e-03  0:01:02    8

 turbulent viscosity limited to viscosity ratio of 1.000000e+05 in 6973 cells 

 Reversed flow on 578 faces of pressure-outlet 7.
   168  5.8882e-01  7.8883e-05  8.2540e-05  9.3568e-05  5.1934e-03  1.1472e-02  3.6168e-03  0:00:54    7

 turbulent viscosity limited to viscosity ratio of 1.000000e+05 in 6897 cells 

 Reversed flow on 576 faces of pressure-outlet 7.
   169  5.8990e-01  7.8850e-05  8.2537e-05  9.3569e-05  5.1630e-03  1.1502e-02  3.5955e-03  0:00:47    6

 turbulent viscosity limited to viscosity ratio of 1.000000e+05 in 6800 cells 

 Reversed flow on 579 faces of pressure-outlet 7.
   170  5.9109e-01  7.8860e-05  8.2564e-05  9.3592e-05  5.1312e-03  1.1430e-02  3.5744e-03  0:00:39    5

 turbulent viscosity limited to viscosity ratio of 1.000000e+05 in 6699 cells 

 Reversed flow on 581 faces of pressure-outlet 7.
   171  5.9199e-01  7.8928e-05  8.2604e-05  9.3607e-05  5.1001e-03  1.1233e-02  3.5536e-03  0:00:31    4

 turbulent viscosity limited to viscosity ratio of 1.000000e+05 in 6608 cells 

 Reversed flow on 572 faces of pressure-outlet 7.

  iter  continuity  x-velocity  y-velocity  z-velocity           k     epsilon  vf-phase-2     time/iter
   172  5.9313e-01  7.9014e-05  8.2592e-05  9.3631e-05  5.0677e-03  1.1272e-02  3.5330e-03  0:00:23    3

 turbulent viscosity limited to viscosity ratio of 1.000000e+05 in 6527 cells 

 Reversed flow on 567 faces of pressure-outlet 7.
   173  5.9278e-01  7.9066e-05  8.2617e-05  9.3672e-05  5.0341e-03  1.1270e-02  3.5126e-03  0:00:16    2

 turbulent viscosity limited to viscosity ratio of 1.000000e+05 in 6453 cells 

 Reversed flow on 567 faces of pressure-outlet 7.
   174  5.9286e-01  7.9110e-05  8.2676e-05  9.3716e-05  5.0031e-03  1.1261e-02  3.4925e-03  0:00:08    1

iterate_175: RPC returned turbulent viscosity limited to viscosity ratio of 1.000000e+05 in 6368 cells 

progress: 175/1500

 Reversed flow on 570 faces of pressure-outlet 7.
   175  5.9361e-01  7.9198e-05  8.2774e-05  9.3759e-05  4.9730e-03  1.1283e-02  3.4726e-03  0:00:00    0

  iter  continuity  x-velocity  y-velocity  z-velocity           k     epsilon  vf-phase-2     time/iter
   175  5.9361e-01  7.9198e-05  8.2774e-05  9.3759e-05  4.9730e-03  1.1283e-02  3.4726e-03  0:03:17   25

 turbulent viscosity limited to viscosity ratio of 1.000000e+05 in 6272 cells 

 Reversed flow on 557 faces of pressure-outlet 7.
   176  5.9424e-01  7.9331e-05  8.2877e-05  9.3830e-05  4.9417e-03  1.1361e-02  3.4529e-03  0:03:10   24

 turbulent viscosity limited to viscosity ratio of 1.000000e+05 in 6214 cells 

 Reversed flow on 559 faces of pressure-outlet 7.
   177  5.9448e-01  7.9471e-05  8.2960e-05  9.3903e-05  4.9103e-03  1.1240e-02  3.4334e-03  0:03:02   23

 turbulent viscosity limited to viscosity ratio of 1.000000e+05 in 6145 cells 

 Reversed flow on 560 faces of pressure-outlet 7.
   178  5.9451e-01  7.9630e-05  8.3037e-05  9.3925e-05  4.8812e-03  1.1213e-02  3.4142e-03  0:02:55   22

 turbulent viscosity limited to viscosity ratio of 1.000000e+05 in 6073 cells 

 Reversed flow on 556 faces of pressure-outlet 7.
   179  5.9466e-01  7.9781e-05  8.3147e-05  9.3974e-05  4.8523e-03  1.0997e-02  3.3952e-03  0:02:43   21

 turbulent viscosity limited to viscosity ratio of 1.000000e+05 in 6011 cells 

 Reversed flow on 544 faces of pressure-outlet 7.
   180  5.9587e-01  7.9891e-05  8.3323e-05  9.4039e-05  4.8284e-03  1.1416e-02  3.3764e-03  0:02:36   20

 turbulent viscosity limited to viscosity ratio of 1.000000e+05 in 5942 cells 

 Reversed flow on 555 faces of pressure-outlet 7.
   181  5.9648e-01  8.0065e-05  8.3477e-05  9.4094e-05  4.8049e-03  1.1327e-02  3.3579e-03  0:02:29   19

 turbulent viscosity limited to viscosity ratio of 1.000000e+05 in 5878 cells 

 Reversed flow on 547 faces of pressure-outlet 7.
   182  5.9712e-01  8.0251e-05  8.3646e-05  9.4133e-05  4.7829e-03  1.1313e-02  3.3396e-03  0:02:22   18

 turbulent viscosity limited to viscosity ratio of 1.000000e+05 in 5810 cells 

 Reversed flow on 539 faces of pressure-outlet 7.
   183  5.9811e-01  8.0453e-05  8.3803e-05  9.4181e-05  4.7627e-03  1.1203e-02  3.3214e-03  0:02:11   17

 turbulent viscosity limited to viscosity ratio of 1.000000e+05 in 5753 cells 

 Reversed flow on 547 faces of pressure-outlet 7.
   184  5.9903e-01  8.0640e-05  8.3957e-05  9.4261e-05  4.7443e-03  1.1541e-02  3.3034e-03  0:02:04   16

 turbulent viscosity limited to viscosity ratio of 1.000000e+05 in 5687 cells 

 Reversed flow on 550 faces of pressure-outlet 7.
   185  5.9945e-01  8.0804e-05  8.4101e-05  9.4323e-05  4.7271e-03  1.1162e-02  3.2857e-03  0:01:57   15

 turbulent viscosity limited to viscosity ratio of 1.000000e+05 in 5637 cells 

 Reversed flow on 529 faces of pressure-outlet 7.

  iter  continuity  x-velocity  y-velocity  z-velocity           k     epsilon  vf-phase-2     time/iter
   186  5.9947e-01  8.1019e-05  8.4247e-05  9.4377e-05  4.7135e-03  1.1996e-02  3.2680e-03  0:01:50   14

 turbulent viscosity limited to viscosity ratio of 1.000000e+05 in 5564 cells 

 Reversed flow on 535 faces of pressure-outlet 7.
   187  6.0057e-01  8.1239e-05  8.4394e-05  9.4446e-05  4.6968e-03  1.1935e-02  3.2506e-03  0:01:40   13

 turbulent viscosity limited to viscosity ratio of 1.000000e+05 in 5506 cells 

 Reversed flow on 546 faces of pressure-outlet 7.
   188  6.0049e-01  8.1395e-05  8.4548e-05  9.4462e-05  4.6786e-03  1.1859e-02  3.2332e-03  0:01:33   12

 turbulent viscosity limited to viscosity ratio of 1.000000e+05 in 5457 cells 

 Reversed flow on 531 faces of pressure-outlet 7.
   189  6.0013e-01  8.1580e-05  8.4691e-05  9.4493e-05  4.6621e-03  1.2042e-02  3.2161e-03  0:01:26   11

 turbulent viscosity limited to viscosity ratio of 1.000000e+05 in 5414 cells 

 Reversed flow on 529 faces of pressure-outlet 7.
   190  5.9951e-01  8.1754e-05  8.4807e-05  9.4504e-05  4.6435e-03  1.2041e-02  3.1992e-03  0:01:18   10

 turbulent viscosity limited to viscosity ratio of 1.000000e+05 in 5343 cells 

 Reversed flow on 524 faces of pressure-outlet 7.
   191  5.9933e-01  8.1924e-05  8.4887e-05  9.4507e-05  4.6255e-03  1.2279e-02  3.1825e-03  0:01:09    9

 turbulent viscosity limited to viscosity ratio of 1.000000e+05 in 5294 cells 

 Reversed flow on 514 faces of pressure-outlet 7.
   192  5.9964e-01  8.2107e-05  8.4972e-05  9.4503e-05  4.6062e-03  1.2060e-02  3.1660e-03  0:01:02    8

 turbulent viscosity limited to viscosity ratio of 1.000000e+05 in 5239 cells 

 Reversed flow on 505 faces of pressure-outlet 7.
   193  5.9912e-01  8.2244e-05  8.5077e-05  9.4476e-05  4.5859e-03  1.1925e-02  3.1496e-03  0:00:55    7

 turbulent viscosity limited to viscosity ratio of 1.000000e+05 in 5175 cells 

 Reversed flow on 512 faces of pressure-outlet 7.
   194  5.9942e-01  8.2383e-05  8.5165e-05  9.4426e-05  4.5676e-03  1.1969e-02  3.1334e-03  0:00:47    6

 turbulent viscosity limited to viscosity ratio of 1.000000e+05 in 5122 cells 

 Reversed flow on 508 faces of pressure-outlet 7.
   195  6.0006e-01  8.2553e-05  8.5201e-05  9.4293e-05  4.5523e-03  1.2697e-02  3.1174e-03  0:00:39    5

 turbulent viscosity limited to viscosity ratio of 1.000000e+05 in 5066 cells 

 Reversed flow on 519 faces of pressure-outlet 7.
   196  6.0067e-01  8.2691e-05  8.5226e-05  9.4174e-05  4.5336e-03  1.2546e-02  3.1016e-03  0:00:31    4

 turbulent viscosity limited to viscosity ratio of 1.000000e+05 in 5014 cells 

 Reversed flow on 521 faces of pressure-outlet 7.

  iter  continuity  x-velocity  y-velocity  z-velocity           k     epsilon  vf-phase-2     time/iter
   197  6.0106e-01  8.2833e-05  8.5234e-05  9.4031e-05  4.5152e-03  1.2738e-02  3.0860e-03  0:00:23    3

 turbulent viscosity limited to viscosity ratio of 1.000000e+05 in 4951 cells 

 Reversed flow on 504 faces of pressure-outlet 7.
   198  6.0013e-01  8.2951e-05  8.5234e-05  9.3854e-05  4.4937e-03  1.2365e-02  3.0705e-03  0:00:16    2

 turbulent viscosity limited to viscosity ratio of 1.000000e+05 in 4887 cells 

 Reversed flow on 498 faces of pressure-outlet 7.
   199  6.0007e-01  8.3121e-05  8.5231e-05  9.3685e-05  4.4713e-03  1.2359e-02  3.0552e-03  0:00:08    1

 turbulent viscosity limited to viscosity ratio of 1.000000e+05 in 4836 cells 

 Reversed flow on 510 faces of pressure-outlet 7.
   200  5.9960e-01  8.3252e-05  8.5215e-05  9.3497e-05  4.4518e-03  1.2226e-02  3.0400e-03  0:00:00    0
iterate_200: RPC returned
progress: 200/1500

  iter  continuity  x-velocity  y-velocity  z-velocity           k     epsilon  vf-phase-2     time/iter
   200  5.9960e-01  8.3252e-05  8.5215e-05  9.3497e-05  4.4518e-03  1.2226e-02  3.0400e-03  0:03:12   25

 turbulent viscosity limited to viscosity ratio of 1.000000e+05 in 4789 cells 

 Reversed flow on 505 faces of pressure-outlet 7.
   201  5.9935e-01  8.3386e-05  8.5171e-05  9.3319e-05  4.4318e-03  1.2249e-02  3.0250e-03  0:03:06   24

 turbulent viscosity limited to viscosity ratio of 1.000000e+05 in 4740 cells 

 Reversed flow on 504 faces of pressure-outlet 7.
   202  5.9978e-01  8.3487e-05  8.5155e-05  9.3111e-05  4.4108e-03  1.1839e-02  3.0101e-03  0:02:59   23

 turbulent viscosity limited to viscosity ratio of 1.000000e+05 in 4688 cells 

 Reversed flow on 498 faces of pressure-outlet 7.
   203  5.9982e-01  8.3611e-05  8.5113e-05  9.2862e-05  4.3924e-03  1.1747e-02  2.9954e-03  0:02:48   22

 turbulent viscosity limited to viscosity ratio of 1.000000e+05 in 4634 cells 

 Reversed flow on 497 faces of pressure-outlet 7.
   204  5.9904e-01  8.3722e-05  8.5046e-05  9.2634e-05  4.3749e-03  1.1687e-02  2.9808e-03  0:02:42   21

 turbulent viscosity limited to viscosity ratio of 1.000000e+05 in 4578 cells 

 Reversed flow on 504 faces of pressure-outlet 7.
   205  5.9836e-01  8.3853e-05  8.4969e-05  9.2430e-05  4.3597e-03  1.2151e-02  2.9663e-03  0:02:35   20

 turbulent viscosity limited to viscosity ratio of 1.000000e+05 in 4529 cells 

 Reversed flow on 494 faces of pressure-outlet 7.
   206  5.9787e-01  8.3989e-05  8.4927e-05  9.2242e-05  4.3443e-03  1.1972e-02  2.9520e-03  0:02:28   19

 turbulent viscosity limited to viscosity ratio of 1.000000e+05 in 4483 cells 

 Reversed flow on 498 faces of pressure-outlet 7.
   207  5.9848e-01  8.4160e-05  8.4850e-05  9.2003e-05  4.3297e-03  1.2246e-02  2.9378e-03  0:02:18   18

 turbulent viscosity limited to viscosity ratio of 1.000000e+05 in 4430 cells 

 Reversed flow on 494 faces of pressure-outlet 7.
   208  5.9874e-01  8.4264e-05  8.4813e-05  9.1800e-05  4.3110e-03  1.1658e-02  2.9237e-03  0:02:11   17

 turbulent viscosity limited to viscosity ratio of 1.000000e+05 in 4375 cells 

 Reversed flow on 484 faces of pressure-outlet 7.
   209  5.9857e-01  8.4328e-05  8.4763e-05  9.1604e-05  4.2905e-03  1.1214e-02  2.9098e-03  0:02:04   16

 turbulent viscosity limited to viscosity ratio of 1.000000e+05 in 4328 cells 

 Reversed flow on 485 faces of pressure-outlet 7.
   210  5.9879e-01  8.4414e-05  8.4727e-05  9.1387e-05  4.2795e-03  1.2858e-02  2.8961e-03  0:01:57   15

 turbulent viscosity limited to viscosity ratio of 1.000000e+05 in 4289 cells 

 Reversed flow on 497 faces of pressure-outlet 7.

  iter  continuity  x-velocity  y-velocity  z-velocity           k     epsilon  vf-phase-2     time/iter
   211  5.9862e-01  8.4493e-05  8.4698e-05  9.1221e-05  4.2641e-03  1.3169e-02  2.8823e-03  0:01:47   14

 turbulent viscosity limited to viscosity ratio of 1.000000e+05 in 4244 cells 

 Reversed flow on 495 faces of pressure-outlet 7.
   212  5.9875e-01  8.4560e-05  8.4699e-05  9.1057e-05  4.2476e-03  1.2596e-02  2.8688e-03  0:01:40   13

 turbulent viscosity limited to viscosity ratio of 1.000000e+05 in 4207 cells 

 Reversed flow on 490 faces of pressure-outlet 7.
   213  5.9936e-01  8.4636e-05  8.4696e-05  9.0862e-05  4.2299e-03  1.2678e-02  2.8553e-03  0:01:33   12

 turbulent viscosity limited to viscosity ratio of 1.000000e+05 in 4148 cells 

 Reversed flow on 496 faces of pressure-outlet 7.
   214  5.9978e-01  8.4656e-05  8.4700e-05  9.0663e-05  4.2131e-03  1.2432e-02  2.8420e-03  0:01:26   11

 turbulent viscosity limited to viscosity ratio of 1.000000e+05 in 4107 cells 

 Reversed flow on 502 faces of pressure-outlet 7.
   215  6.0060e-01  8.4680e-05  8.4717e-05  9.0497e-05  4.1922e-03  1.1830e-02  2.8288e-03  0:01:17   10

 turbulent viscosity limited to viscosity ratio of 1.000000e+05 in 4056 cells 

 Reversed flow on 497 faces of pressure-outlet 7.
   216  6.0091e-01  8.4671e-05  8.4710e-05  9.0311e-05  4.1720e-03  1.1705e-02  2.8157e-03  0:01:10    9

 turbulent viscosity limited to viscosity ratio of 1.000000e+05 in 4018 cells 

 Reversed flow on 495 faces of pressure-outlet 7.
   217  6.0111e-01  8.4683e-05  8.4722e-05  9.0127e-05  4.1518e-03  1.1821e-02  2.8027e-03  0:01:02    8

 turbulent viscosity limited to viscosity ratio of 1.000000e+05 in 3975 cells 

 Reversed flow on 493 faces of pressure-outlet 7.
   218  6.0113e-01  8.4686e-05  8.4748e-05  8.9903e-05  4.1378e-03  1.2789e-02  2.7898e-03  0:00:55    7

 turbulent viscosity limited to viscosity ratio of 1.000000e+05 in 3933 cells 

 Reversed flow on 500 faces of pressure-outlet 7.
   219  6.0128e-01  8.4625e-05  8.4827e-05  8.9737e-05  4.1190e-03  1.2388e-02  2.7770e-03  0:00:46    6

 turbulent viscosity limited to viscosity ratio of 1.000000e+05 in 3880 cells 

 Reversed flow on 482 faces of pressure-outlet 7.
   220  6.0118e-01  8.4589e-05  8.4916e-05  8.9565e-05  4.1044e-03  1.2448e-02  2.7645e-03  0:00:39    5

 turbulent viscosity limited to viscosity ratio of 1.000000e+05 in 3844 cells 

 Reversed flow on 491 faces of pressure-outlet 7.
   221  6.0099e-01  8.4557e-05  8.4960e-05  8.9433e-05  4.0835e-03  1.1749e-02  2.7520e-03  0:00:31    4

 turbulent viscosity limited to viscosity ratio of 1.000000e+05 in 3813 cells 

 Reversed flow on 493 faces of pressure-outlet 7.

  iter  continuity  x-velocity  y-velocity  z-velocity           k     epsilon  vf-phase-2     time/iter
   222  6.0135e-01  8.4543e-05  8.5001e-05  8.9289e-05  4.0697e-03  1.3324e-02  2.7396e-03  0:00:23    3

 turbulent viscosity limited to viscosity ratio of 1.000000e+05 in 3772 cells 

 Reversed flow on 493 faces of pressure-outlet 7.
   223  6.0158e-01  8.4498e-05  8.5067e-05  8.9144e-05  4.0565e-03  1.2324e-02  2.7274e-03  0:00:15    2

 turbulent viscosity limited to viscosity ratio of 1.000000e+05 in 3749 cells 

 Reversed flow on 475 faces of pressure-outlet 7.
   224  6.0238e-01  8.4465e-05  8.5152e-05  8.9042e-05  4.0384e-03  1.1808e-02  2.7153e-03  0:00:08    1

 turbulent viscosity limited to viscosity ratio of 1.000000e+05 in 3706 cells 

 Reversed flow on 480 faces of pressure-outlet 7.
   225  6.0369e-01  8.4417e-05  8.5241e-05  8.8935e-05  4.0211e-03  1.2361e-02  2.7033e-03  0:00:00    0
iterate_225: RPC returned
progress: 225/1500

  iter  continuity  x-velocity  y-velocity  z-velocity           k     epsilon  vf-phase-2     time/iter
   225  6.0369e-01  8.4417e-05  8.5241e-05  8.8935e-05  4.0211e-03  1.2361e-02  2.7033e-03  0:03:15   25

 turbulent viscosity limited to viscosity ratio of 1.000000e+05 in 3670 cells 

 Reversed flow on 475 faces of pressure-outlet 7.
   226  6.0500e-01  8.4383e-05  8.5349e-05  8.8827e-05  4.0053e-03  1.1964e-02  2.6915e-03  0:03:08   24

 turbulent viscosity limited to viscosity ratio of 1.000000e+05 in 3641 cells 

 Reversed flow on 473 faces of pressure-outlet 7.
   227  6.0579e-01  8.4331e-05  8.5429e-05  8.8755e-05  3.9934e-03  1.1948e-02  2.6798e-03  0:03:01   23

 turbulent viscosity limited to viscosity ratio of 1.000000e+05 in 3592 cells 

 Reversed flow on 484 faces of pressure-outlet 7.
   228  6.0677e-01  8.4333e-05  8.5521e-05  8.8639e-05  3.9805e-03  1.1911e-02  2.6682e-03  0:02:54   22

 turbulent viscosity limited to viscosity ratio of 1.000000e+05 in 3568 cells 

 Reversed flow on 479 faces of pressure-outlet 7.
   229  6.0759e-01  8.4296e-05  8.5614e-05  8.8516e-05  3.9670e-03  1.1232e-02  2.6566e-03  0:02:42   21

 turbulent viscosity limited to viscosity ratio of 1.000000e+05 in 3537 cells 

 Reversed flow on 462 faces of pressure-outlet 7.
   230  6.0963e-01  8.4273e-05  8.5723e-05  8.8421e-05  3.9545e-03  1.1174e-02  2.6451e-03  0:02:36   20

 turbulent viscosity limited to viscosity ratio of 1.000000e+05 in 3504 cells 

 Reversed flow on 459 faces of pressure-outlet 7.
   231  6.1148e-01  8.4265e-05  8.5780e-05  8.8331e-05  3.9386e-03  1.0306e-02  2.6337e-03  0:02:29   19

 turbulent viscosity limited to viscosity ratio of 1.000000e+05 in 3475 cells 

 Reversed flow on 453 faces of pressure-outlet 7.
   232  6.1322e-01  8.4296e-05  8.5859e-05  8.8223e-05  3.9334e-03  1.2444e-02  2.6224e-03  0:02:21   18

 turbulent viscosity limited to viscosity ratio of 1.000000e+05 in 3438 cells 

 Reversed flow on 454 faces of pressure-outlet 7.
   233  6.1444e-01  8.4331e-05  8.5917e-05  8.8106e-05  3.9220e-03  1.1865e-02  2.6112e-03  0:02:14   17

 turbulent viscosity limited to viscosity ratio of 1.000000e+05 in 3399 cells 

 Reversed flow on 456 faces of pressure-outlet 7.
   234  6.1590e-01  8.4320e-05  8.5986e-05  8.7993e-05  3.9168e-03  1.2558e-02  2.6001e-03  0:02:03   16

 turbulent viscosity limited to viscosity ratio of 1.000000e+05 in 3363 cells 

 Reversed flow on 453 faces of pressure-outlet 7.
   235  6.1652e-01  8.4289e-05  8.6010e-05  8.7864e-05  3.9033e-03  1.1858e-02  2.5891e-03  0:01:57   15

 turbulent viscosity limited to viscosity ratio of 1.000000e+05 in 3333 cells 

 Reversed flow on 452 faces of pressure-outlet 7.

  iter  continuity  x-velocity  y-velocity  z-velocity           k     epsilon  vf-phase-2     time/iter
   236  6.1745e-01  8.4259e-05  8.6027e-05  8.7725e-05  3.8899e-03  1.1058e-02  2.5782e-03  0:01:49   14

 turbulent viscosity limited to viscosity ratio of 1.000000e+05 in 3301 cells 

 Reversed flow on 458 faces of pressure-outlet 7.
   237  6.1756e-01  8.4232e-05  8.6043e-05  8.7590e-05  3.8811e-03  1.0813e-02  2.5673e-03  0:01:42   13

 turbulent viscosity limited to viscosity ratio of 1.000000e+05 in 3267 cells 

 Reversed flow on 450 faces of pressure-outlet 7.
   238  6.1710e-01  8.4172e-05  8.6016e-05  8.7417e-05  3.8702e-03  1.1369e-02  2.5566e-03  0:01:32   12

 turbulent viscosity limited to viscosity ratio of 1.000000e+05 in 3244 cells 

 Reversed flow on 449 faces of pressure-outlet 7.
   239  6.1695e-01  8.4146e-05  8.5997e-05  8.7237e-05  3.8597e-03  1.0815e-02  2.5459e-03  0:01:25   11

 turbulent viscosity limited to viscosity ratio of 1.000000e+05 in 3215 cells 

 Reversed flow on 456 faces of pressure-outlet 7.
   240  6.1685e-01  8.4105e-05  8.5974e-05  8.7024e-05  3.8464e-03  1.0186e-02  2.5353e-03  0:01:18   10

 turbulent viscosity limited to viscosity ratio of 1.000000e+05 in 3177 cells 

 Reversed flow on 442 faces of pressure-outlet 7.
   241  6.1633e-01  8.4021e-05  8.5951e-05  8.6816e-05  3.8339e-03  1.0101e-02  2.5249e-03  0:01:11    9

 turbulent viscosity limited to viscosity ratio of 1.000000e+05 in 3149 cells 

 Reversed flow on 447 faces of pressure-outlet 7.
   242  6.1531e-01  8.3946e-05  8.5880e-05  8.6595e-05  3.8227e-03  1.0242e-02  2.5145e-03  0:01:01    8

 turbulent viscosity limited to viscosity ratio of 1.000000e+05 in 3116 cells 

 Reversed flow on 457 faces of pressure-outlet 7.
   243  6.1472e-01  8.3888e-05  8.5814e-05  8.6396e-05  3.8153e-03  1.0716e-02  2.5042e-03  0:00:54    7

 turbulent viscosity limited to viscosity ratio of 1.000000e+05 in 3095 cells 

 Reversed flow on 453 faces of pressure-outlet 7.
   244  6.1402e-01  8.3804e-05  8.5764e-05  8.6201e-05  3.8061e-03  1.0953e-02  2.4940e-03  0:00:47    6

 turbulent viscosity limited to viscosity ratio of 1.000000e+05 in 3074 cells 

 Reversed flow on 458 faces of pressure-outlet 7.
   245  6.1296e-01  8.3720e-05  8.5728e-05  8.6010e-05  3.7951e-03  1.0841e-02  2.4840e-03  0:00:39    5

 turbulent viscosity limited to viscosity ratio of 1.000000e+05 in 3040 cells 

 Reversed flow on 450 faces of pressure-outlet 7.
   246  6.1156e-01  8.3637e-05  8.5683e-05  8.5810e-05  3.7864e-03  1.0580e-02  2.4739e-03  0:00:31    4

 turbulent viscosity limited to viscosity ratio of 1.000000e+05 in 2999 cells 

 Reversed flow on 439 faces of pressure-outlet 7.

  iter  continuity  x-velocity  y-velocity  z-velocity           k     epsilon  vf-phase-2     time/iter
   247  6.1081e-01  8.3543e-05  8.5634e-05  8.5601e-05  3.7755e-03  1.0289e-02  2.4640e-03  0:00:23    3

 turbulent viscosity limited to viscosity ratio of 1.000000e+05 in 2974 cells 

 Reversed flow on 434 faces of pressure-outlet 7.
   248  6.1009e-01  8.3501e-05  8.5603e-05  8.5406e-05  3.7641e-03  9.6042e-03  2.4540e-03  0:00:16    2

 turbulent viscosity limited to viscosity ratio of 1.000000e+05 in 2938 cells 

 Reversed flow on 437 faces of pressure-outlet 7.
   249  6.0972e-01  8.3451e-05  8.5560e-05  8.5206e-05  3.7554e-03  9.6546e-03  2.4442e-03  0:00:08    1

 turbulent viscosity limited to viscosity ratio of 1.000000e+05 in 2916 cells 

 Reversed flow on 437 faces of pressure-outlet 7.
   250  6.0919e-01  8.3373e-05  8.5523e-05  8.4997e-05  3.7484e-03  1.0582e-02  2.4345e-03  0:00:00    0
iterate_250: RPC returned
progress: 250/1500

  iter  continuity  x-velocity  y-velocity  z-velocity           k     epsilon  vf-phase-2     time/iter
   250  6.0919e-01  8.3373e-05  8.5523e-05  8.4997e-05  3.7484e-03  1.0582e-02  2.4345e-03  0:03:12   25

 turbulent viscosity limited to viscosity ratio of 1.000000e+05 in 2893 cells 

 Reversed flow on 441 faces of pressure-outlet 7.
   251  6.0848e-01  8.3292e-05  8.5483e-05  8.4792e-05  3.7386e-03  1.0503e-02  2.4248e-03  0:03:06   24

 turbulent viscosity limited to viscosity ratio of 1.000000e+05 in 2874 cells 

 Reversed flow on 441 faces of pressure-outlet 7.
   252  6.0796e-01  8.3181e-05  8.5408e-05  8.4532e-05  3.7317e-03  1.0774e-02  2.4151e-03  0:02:59   23

 turbulent viscosity limited to viscosity ratio of 1.000000e+05 in 2856 cells 

 Reversed flow on 435 faces of pressure-outlet 7.
   253  6.0762e-01  8.3063e-05  8.5356e-05  8.4293e-05  3.7237e-03  1.0622e-02  2.4056e-03  0:02:52   22

 turbulent viscosity limited to viscosity ratio of 1.000000e+05 in 2836 cells 

 Reversed flow on 438 faces of pressure-outlet 7.
   254  6.0732e-01  8.2935e-05  8.5284e-05  8.4031e-05  3.7147e-03  1.0910e-02  2.3962e-03  0:02:41   21

 turbulent viscosity limited to viscosity ratio of 1.000000e+05 in 2806 cells 

 Reversed flow on 448 faces of pressure-outlet 7.
   255  6.0721e-01  8.2750e-05  8.5240e-05  8.3770e-05  3.7102e-03  1.1023e-02  2.3869e-03  0:02:35   20

 turbulent viscosity limited to viscosity ratio of 1.000000e+05 in 2787 cells 

 Reversed flow on 433 faces of pressure-outlet 7.
   256  6.0604e-01  8.2541e-05  8.5173e-05  8.3488e-05  3.6986e-03  1.0517e-02  2.3776e-03  0:02:28   19

 turbulent viscosity limited to viscosity ratio of 1.000000e+05 in 2774 cells 

 Reversed flow on 433 faces of pressure-outlet 7.
   257  6.0460e-01  8.2338e-05  8.5059e-05  8.3216e-05  3.6903e-03  1.0218e-02  2.3684e-03  0:02:21   18

 turbulent viscosity limited to viscosity ratio of 1.000000e+05 in 2749 cells 

 Reversed flow on 430 faces of pressure-outlet 7.
   258  6.0375e-01  8.2137e-05  8.4926e-05  8.2922e-05  3.6826e-03  1.0226e-02  2.3592e-03  0:02:10   17

 turbulent viscosity limited to viscosity ratio of 1.000000e+05 in 2729 cells 

 Reversed flow on 434 faces of pressure-outlet 7.
   259  6.0329e-01  8.1923e-05  8.4775e-05  8.2639e-05  3.6786e-03  1.1005e-02  2.3502e-03  0:02:04   16

 turbulent viscosity limited to viscosity ratio of 1.000000e+05 in 2714 cells 

 Reversed flow on 433 faces of pressure-outlet 7.
   260  6.0305e-01  8.1700e-05  8.4673e-05  8.2373e-05  3.6702e-03  1.0706e-02  2.3412e-03  0:01:57   15

 turbulent viscosity limited to viscosity ratio of 1.000000e+05 in 2692 cells 

 Reversed flow on 433 faces of pressure-outlet 7.

  iter  continuity  x-velocity  y-velocity  z-velocity           k     epsilon  vf-phase-2     time/iter
   261  6.0194e-01  8.1461e-05  8.4558e-05  8.2096e-05  3.6626e-03  1.0636e-02  2.3323e-03  0:01:50   14

 turbulent viscosity limited to viscosity ratio of 1.000000e+05 in 2668 cells 

 Reversed flow on 436 faces of pressure-outlet 7.
   262  6.0105e-01  8.1230e-05  8.4442e-05  8.1813e-05  3.6617e-03  1.1125e-02  2.3234e-03  0:01:40   13

 turbulent viscosity limited to viscosity ratio of 1.000000e+05 in 2641 cells 

 Reversed flow on 429 faces of pressure-outlet 7.
   263  6.0045e-01  8.0985e-05  8.4349e-05  8.1553e-05  3.6565e-03  1.1304e-02  2.3146e-03  0:01:33   12

 turbulent viscosity limited to viscosity ratio of 1.000000e+05 in 2621 cells 

 Reversed flow on 435 faces of pressure-outlet 7.
   264  5.9966e-01  8.0723e-05  8.4257e-05  8.1341e-05  3.6504e-03  1.0643e-02  2.3059e-03  0:01:26   11

 turbulent viscosity limited to viscosity ratio of 1.000000e+05 in 2598 cells 

 Reversed flow on 435 faces of pressure-outlet 7.
   265  5.9855e-01  8.0507e-05  8.4157e-05  8.1109e-05  3.6437e-03  1.0657e-02  2.2973e-03  0:01:18   10

 turbulent viscosity limited to viscosity ratio of 1.000000e+05 in 2568 cells 

 Reversed flow on 420 faces of pressure-outlet 7.
   266  5.9735e-01  8.0283e-05  8.4080e-05  8.0838e-05  3.6396e-03  1.1043e-02  2.2887e-03  0:01:09    9

 turbulent viscosity limited to viscosity ratio of 1.000000e+05 in 2551 cells 

 Reversed flow on 435 faces of pressure-outlet 7.
   267  5.9603e-01  8.0086e-05  8.4032e-05  8.0606e-05  3.6341e-03  1.0828e-02  2.2802e-03  0:01:02    8

 turbulent viscosity limited to viscosity ratio of 1.000000e+05 in 2534 cells 

 Reversed flow on 436 faces of pressure-outlet 7.
   268  5.9487e-01  7.9888e-05  8.3954e-05  8.0327e-05  3.6288e-03  1.0690e-02  2.2717e-03  0:00:54    7

 turbulent viscosity limited to viscosity ratio of 1.000000e+05 in 2512 cells 

 Reversed flow on 433 faces of pressure-outlet 7.
   269  5.9410e-01  7.9661e-05  8.3874e-05  8.0086e-05  3.6244e-03  1.0549e-02  2.2633e-03  0:00:47    6

 turbulent viscosity limited to viscosity ratio of 1.000000e+05 in 2485 cells 

 Reversed flow on 435 faces of pressure-outlet 7.
   270  5.9365e-01  7.9454e-05  8.3831e-05  7.9861e-05  3.6213e-03  1.0822e-02  2.2550e-03  0:00:38    5

 turbulent viscosity limited to viscosity ratio of 1.000000e+05 in 2463 cells 

 Reversed flow on 439 faces of pressure-outlet 7.
   271  5.9264e-01  7.9246e-05  8.3785e-05  7.9645e-05  3.6157e-03  1.1139e-02  2.2466e-03  0:00:31    4

 turbulent viscosity limited to viscosity ratio of 1.000000e+05 in 2445 cells 

 Reversed flow on 436 faces of pressure-outlet 7.

  iter  continuity  x-velocity  y-velocity  z-velocity           k     epsilon  vf-phase-2     time/iter
   272  5.9124e-01  7.9032e-05  8.3738e-05  7.9415e-05  3.6096e-03  1.0993e-02  2.2383e-03  0:00:23    3

 turbulent viscosity limited to viscosity ratio of 1.000000e+05 in 2430 cells 

 Reversed flow on 430 faces of pressure-outlet 7.
   273  5.9050e-01  7.8865e-05  8.3714e-05  7.9207e-05  3.6117e-03  1.4212e-02  2.2301e-03  0:00:16    2

 turbulent viscosity limited to viscosity ratio of 1.000000e+05 in 2415 cells 

 Reversed flow on 435 faces of pressure-outlet 7.
   274  5.9060e-01  7.8708e-05  8.3736e-05  7.9036e-05  3.6027e-03  1.2958e-02  2.2220e-03  0:00:08    1

iterate_275: RPC returned
progress: 275/1500
 turbulent viscosity limited to viscosity ratio of 1.000000e+05 in 2404 cells 

 Reversed flow on 445 faces of pressure-outlet 7.
   275  5.9015e-01  7.8567e-05  8.3745e-05  7.8879e-05  3.6026e-03  1.3485e-02  2.2139e-03  0:00:00    0

  iter  continuity  x-velocity  y-velocity  z-velocity           k     epsilon  vf-phase-2     time/iter
   275  5.9015e-01  7.8567e-05  8.3745e-05  7.8879e-05  3.6026e-03  1.3485e-02  2.2139e-03  0:03:12   25

 turbulent viscosity limited to viscosity ratio of 1.000000e+05 in 2385 cells 

 Reversed flow on 441 faces of pressure-outlet 7.
   276  5.8901e-01  7.8408e-05  8.3749e-05  7.8684e-05  3.5895e-03  1.1703e-02  2.2059e-03  0:03:06   24

 turbulent viscosity limited to viscosity ratio of 1.000000e+05 in 2367 cells 

 Reversed flow on 437 faces of pressure-outlet 7.
   277  5.8806e-01  7.8249e-05  8.3749e-05  7.8531e-05  3.5818e-03  1.1573e-02  2.1979e-03  0:02:59   23

 turbulent viscosity limited to viscosity ratio of 1.000000e+05 in 2359 cells 

 Reversed flow on 448 faces of pressure-outlet 7.
   278  5.8826e-01  7.8103e-05  8.3731e-05  7.8382e-05  3.5722e-03  1.1425e-02  2.1900e-03  0:02:48   22

 turbulent viscosity limited to viscosity ratio of 1.000000e+05 in 2347 cells 

 Reversed flow on 447 faces of pressure-outlet 7.
   279  5.8779e-01  7.7970e-05  8.3739e-05  7.8239e-05  3.5637e-03  1.1288e-02  2.1821e-03  0:02:42   21

 turbulent viscosity limited to viscosity ratio of 1.000000e+05 in 2330 cells 

 Reversed flow on 458 faces of pressure-outlet 7.
   280  5.8746e-01  7.7839e-05  8.3739e-05  7.8124e-05  3.5572e-03  1.2387e-02  2.1743e-03  0:02:35   20

 turbulent viscosity limited to viscosity ratio of 1.000000e+05 in 2324 cells 

 Reversed flow on 460 faces of pressure-outlet 7.
   281  5.8725e-01  7.7714e-05  8.3765e-05  7.7988e-05  3.5503e-03  1.1106e-02  2.1665e-03  0:02:29   19

 turbulent viscosity limited to viscosity ratio of 1.000000e+05 in 2308 cells 

 Reversed flow on 453 faces of pressure-outlet 7.
   282  5.8737e-01  7.7576e-05  8.3789e-05  7.7919e-05  3.5393e-03  1.0293e-02  2.1589e-03  0:02:18   18

 turbulent viscosity limited to viscosity ratio of 1.000000e+05 in 2292 cells 

 Reversed flow on 462 faces of pressure-outlet 7.
   283  5.8775e-01  7.7447e-05  8.3814e-05  7.7837e-05  3.5346e-03  9.9669e-03  2.1512e-03  0:02:11   17

 turbulent viscosity limited to viscosity ratio of 1.000000e+05 in 2278 cells 

 Reversed flow on 470 faces of pressure-outlet 7.
   284  5.8771e-01  7.7333e-05  8.3848e-05  7.7771e-05  3.5301e-03  1.0268e-02  2.1437e-03  0:02:04   16

 turbulent viscosity limited to viscosity ratio of 1.000000e+05 in 2263 cells 

 Reversed flow on 485 faces of pressure-outlet 7.
   285  5.8747e-01  7.7193e-05  8.3855e-05  7.7724e-05  3.5258e-03  9.8353e-03  2.1361e-03  0:01:57   15

 turbulent viscosity limited to viscosity ratio of 1.000000e+05 in 2249 cells 

 Reversed flow on 478 faces of pressure-outlet 7.

  iter  continuity  x-velocity  y-velocity  z-velocity           k     epsilon  vf-phase-2     time/iter
   286  5.8734e-01  7.7023e-05  8.3858e-05  7.7660e-05  3.5238e-03  9.8253e-03  2.1286e-03  0:01:47   14

 turbulent viscosity limited to viscosity ratio of 1.000000e+05 in 2231 cells 

 Reversed flow on 484 faces of pressure-outlet 7.
   287  5.8714e-01  7.6880e-05  8.3911e-05  7.7630e-05  3.5198e-03  9.6381e-03  2.1212e-03  0:01:40   13

 turbulent viscosity limited to viscosity ratio of 1.000000e+05 in 2219 cells 

 Reversed flow on 490 faces of pressure-outlet 7.
   288  5.8759e-01  7.6755e-05  8.3931e-05  7.7637e-05  3.5174e-03  9.2493e-03  2.1138e-03  0:01:33   12

 turbulent viscosity limited to viscosity ratio of 1.000000e+05 in 2199 cells 

 Reversed flow on 477 faces of pressure-outlet 7.
   289  5.8834e-01  7.6648e-05  8.3940e-05  7.7656e-05  3.5175e-03  1.1173e-02  2.1064e-03  0:01:26   11

 turbulent viscosity limited to viscosity ratio of 1.000000e+05 in 2193 cells 

 Reversed flow on 493 faces of pressure-outlet 7.
   290  5.8869e-01  7.6524e-05  8.3964e-05  7.7715e-05  3.5180e-03  1.0023e-02  2.0991e-03  0:01:17   10

 turbulent viscosity limited to viscosity ratio of 1.000000e+05 in 2172 cells 

 Reversed flow on 486 faces of pressure-outlet 7.
   291  5.8804e-01  7.6359e-05  8.3966e-05  7.7709e-05  3.5146e-03  9.3588e-03  2.0919e-03  0:01:10    9

 turbulent viscosity limited to viscosity ratio of 1.000000e+05 in 2160 cells 

 Reversed flow on 487 faces of pressure-outlet 7.
   292  5.8739e-01  7.6174e-05  8.3993e-05  7.7686e-05  3.5140e-03  9.9084e-03  2.0847e-03  0:01:02    8

 turbulent viscosity limited to viscosity ratio of 1.000000e+05 in 2147 cells 

 Reversed flow on 489 faces of pressure-outlet 7.
   293  5.8709e-01  7.6022e-05  8.4037e-05  7.7710e-05  3.5106e-03  9.0558e-03  2.0775e-03  0:00:55    7

 turbulent viscosity limited to viscosity ratio of 1.000000e+05 in 2130 cells 

 Reversed flow on 497 faces of pressure-outlet 7.
   294  5.8696e-01  7.5864e-05  8.4089e-05  7.7751e-05  3.5082e-03  8.8002e-03  2.0705e-03  0:00:46    6

 turbulent viscosity limited to viscosity ratio of 1.000000e+05 in 2122 cells 

 Reversed flow on 503 faces of pressure-outlet 7.
   295  5.8647e-01  7.5706e-05  8.4113e-05  7.7743e-05  3.5062e-03  8.9496e-03  2.0634e-03  0:00:39    5

 turbulent viscosity limited to viscosity ratio of 1.000000e+05 in 2107 cells 

 Reversed flow on 501 faces of pressure-outlet 7.
   296  5.8743e-01  7.5561e-05  8.4176e-05  7.7771e-05  3.5014e-03  8.6769e-03  2.0564e-03  0:00:31    4

 turbulent viscosity limited to viscosity ratio of 1.000000e+05 in 2087 cells 

 Reversed flow on 507 faces of pressure-outlet 7.

  iter  continuity  x-velocity  y-velocity  z-velocity           k     epsilon  vf-phase-2     time/iter
   297  5.8707e-01  7.5391e-05  8.4252e-05  7.7788e-05  3.4984e-03  8.9158e-03  2.0495e-03  0:00:23    3

 turbulent viscosity limited to viscosity ratio of 1.000000e+05 in 2074 cells 

 Reversed flow on 496 faces of pressure-outlet 7.
   298  5.8699e-01  7.5241e-05  8.4297e-05  7.7804e-05  3.4928e-03  8.6703e-03  2.0426e-03  0:00:15    2

 turbulent viscosity limited to viscosity ratio of 1.000000e+05 in 2060 cells 

 Reversed flow on 505 faces of pressure-outlet 7.
   299  5.8704e-01  7.5083e-05  8.4363e-05  7.7853e-05  3.4874e-03  8.5395e-03  2.0358e-03  0:00:08    1

 turbulent viscosity limited to viscosity ratio of 1.000000e+05 in 2050 cells 

 Reversed flow on 504 faces of pressure-outlet 7.
   300  5.8750e-01  7.4942e-05  8.4401e-05  7.7885e-05  3.4836e-03  8.5337e-03  2.0290e-03  0:00:00    0
iterate_300: RPC returned
progress: 300/1500

  iter  continuity  x-velocity  y-velocity  z-velocity           k     epsilon  vf-phase-2     time/iter
   300  5.8750e-01  7.4942e-05  8.4401e-05  7.7885e-05  3.4836e-03  8.5337e-03  2.0290e-03  0:03:15   25

 turbulent viscosity limited to viscosity ratio of 1.000000e+05 in 2039 cells 

 Reversed flow on 503 faces of pressure-outlet 7.
   301  5.8796e-01  7.4800e-05  8.4449e-05  7.7918e-05  3.4807e-03  8.7318e-03  2.0222e-03  0:03:08   24

 turbulent viscosity limited to viscosity ratio of 1.000000e+05 in 2028 cells 

 Reversed flow on 509 faces of pressure-outlet 7.
   302  5.8824e-01  7.4660e-05  8.4502e-05  7.7963e-05  3.4765e-03  8.5668e-03  2.0155e-03  0:03:01   23

 turbulent viscosity limited to viscosity ratio of 1.000000e+05 in 2018 cells 

 Reversed flow on 516 faces of pressure-outlet 7.
   303  5.8922e-01  7.4517e-05  8.4533e-05  7.8000e-05  3.4730e-03  8.6391e-03  2.0088e-03  0:02:54   22

 turbulent viscosity limited to viscosity ratio of 1.000000e+05 in 2010 cells 

 Reversed flow on 509 faces of pressure-outlet 7.
   304  5.8945e-01  7.4378e-05  8.4595e-05  7.8032e-05  3.4698e-03  8.4490e-03  2.0022e-03  0:02:46   21

 turbulent viscosity limited to viscosity ratio of 1.000000e+05 in 2002 cells 

 Reversed flow on 506 faces of pressure-outlet 7.
   305  5.8982e-01  7.4235e-05  8.4625e-05  7.8090e-05  3.4647e-03  8.2354e-03  1.9955e-03  0:02:35   20

 turbulent viscosity limited to viscosity ratio of 1.000000e+05 in 1990 cells 

 Reversed flow on 514 faces of pressure-outlet 7.
   306  5.8987e-01  7.4100e-05  8.4658e-05  7.8106e-05  3.4633e-03  8.5774e-03  1.9890e-03  0:02:28   19

 turbulent viscosity limited to viscosity ratio of 1.000000e+05 in 1981 cells 

 Reversed flow on 521 faces of pressure-outlet 7.
   307  5.9049e-01  7.3995e-05  8.4684e-05  7.8144e-05  3.4633e-03  8.4602e-03  1.9824e-03  0:02:21   18

 turbulent viscosity limited to viscosity ratio of 1.000000e+05 in 1973 cells 

 Reversed flow on 532 faces of pressure-outlet 7.
   308  5.9016e-01  7.3869e-05  8.4674e-05  7.8132e-05  3.4610e-03  8.3997e-03  1.9759e-03  0:02:14   17

 turbulent viscosity limited to viscosity ratio of 1.000000e+05 in 1961 cells 

 Reversed flow on 541 faces of pressure-outlet 7.
   309  5.8943e-01  7.3758e-05  8.4692e-05  7.8167e-05  3.4565e-03  8.1572e-03  1.9695e-03  0:02:03   16

 turbulent viscosity limited to viscosity ratio of 1.000000e+05 in 1954 cells 

 Reversed flow on 536 faces of pressure-outlet 7.
   310  5.8869e-01  7.3666e-05  8.4659e-05  7.8171e-05  3.4519e-03  8.0763e-03  1.9631e-03  0:01:56   15

 turbulent viscosity limited to viscosity ratio of 1.000000e+05 in 1946 cells 

 Reversed flow on 533 faces of pressure-outlet 7.

  iter  continuity  x-velocity  y-velocity  z-velocity           k     epsilon  vf-phase-2     time/iter
   311  5.8854e-01  7.3553e-05  8.4664e-05  7.8180e-05  3.4480e-03  7.9935e-03  1.9568e-03  0:01:49   14

 turbulent viscosity limited to viscosity ratio of 1.000000e+05 in 1939 cells 

 Reversed flow on 529 faces of pressure-outlet 7.
   312  5.8821e-01  7.3438e-05  8.4669e-05  7.8193e-05  3.4433e-03  7.9765e-03  1.9505e-03  0:01:42   13

 turbulent viscosity limited to viscosity ratio of 1.000000e+05 in 1932 cells 

 Reversed flow on 535 faces of pressure-outlet 7.
   313  5.8765e-01  7.3329e-05  8.4669e-05  7.8202e-05  3.4381e-03  8.0184e-03  1.9442e-03  0:01:32   12

 turbulent viscosity limited to viscosity ratio of 1.000000e+05 in 1926 cells 

 Reversed flow on 551 faces of pressure-outlet 7.
   314  5.8761e-01  7.3230e-05  8.4675e-05  7.8182e-05  3.4325e-03  8.1856e-03  1.9380e-03  0:01:25   11

 turbulent viscosity limited to viscosity ratio of 1.000000e+05 in 1916 cells 

 Reversed flow on 545 faces of pressure-outlet 7.
   315  5.8829e-01  7.3147e-05  8.4698e-05  7.8185e-05  3.4236e-03  8.0925e-03  1.9318e-03  0:01:18   10

 turbulent viscosity limited to viscosity ratio of 1.000000e+05 in 1908 cells 

 Reversed flow on 562 faces of pressure-outlet 7.
   316  5.8822e-01  7.3087e-05  8.4686e-05  7.8147e-05  3.4142e-03  8.0047e-03  1.9256e-03  0:01:10    9

 turbulent viscosity limited to viscosity ratio of 1.000000e+05 in 1894 cells 

 Reversed flow on 568 faces of pressure-outlet 7.
   317  5.8696e-01  7.2988e-05  8.4677e-05  7.8105e-05  3.4052e-03  7.8650e-03  1.9194e-03  0:01:01    8

 turbulent viscosity limited to viscosity ratio of 1.000000e+05 in 1884 cells 

 Reversed flow on 565 faces of pressure-outlet 7.
   318  5.8669e-01  7.2913e-05  8.4659e-05  7.8056e-05  3.3956e-03  7.7398e-03  1.9133e-03  0:00:54    7

 turbulent viscosity limited to viscosity ratio of 1.000000e+05 in 1874 cells 

 Reversed flow on 572 faces of pressure-outlet 7.
   319  5.8629e-01  7.2852e-05  8.4614e-05  7.7989e-05  3.3838e-03  7.6450e-03  1.9073e-03  0:00:47    6

 turbulent viscosity limited to viscosity ratio of 1.000000e+05 in 1861 cells 

 Reversed flow on 565 faces of pressure-outlet 7.
   320  5.8571e-01  7.2784e-05  8.4633e-05  7.7927e-05  3.3730e-03  7.8246e-03  1.9012e-03  0:00:39    5

 turbulent viscosity limited to viscosity ratio of 1.000000e+05 in 1852 cells 

 Reversed flow on 568 faces of pressure-outlet 7.
   321  5.8474e-01  7.2725e-05  8.4621e-05  7.7845e-05  3.3598e-03  7.6225e-03  1.8953e-03  0:00:31    4

 turbulent viscosity limited to viscosity ratio of 1.000000e+05 in 1841 cells 

 Reversed flow on 570 faces of pressure-outlet 7.

  iter  continuity  x-velocity  y-velocity  z-velocity           k     epsilon  vf-phase-2     time/iter
   322  5.8440e-01  7.2637e-05  8.4615e-05  7.7721e-05  3.3474e-03  7.6181e-03  1.8893e-03  0:00:23    3

 turbulent viscosity limited to viscosity ratio of 1.000000e+05 in 1832 cells 

 Reversed flow on 571 faces of pressure-outlet 7.
   323  5.8468e-01  7.2562e-05  8.4646e-05  7.7657e-05  3.3360e-03  7.4988e-03  1.8834e-03  0:00:16    2

 turbulent viscosity limited to viscosity ratio of 1.000000e+05 in 1818 cells 

 Reversed flow on 573 faces of pressure-outlet 7.
   324  5.8441e-01  7.2469e-05  8.4626e-05  7.7565e-05  3.3240e-03  7.4171e-03  1.8775e-03  0:00:08    1

iterate_325: RPC returned
progress: 325/1500
 turbulent viscosity limited to viscosity ratio of 1.000000e+05 in 1808 cells 

 Reversed flow on 569 faces of pressure-outlet 7.
   325  5.8289e-01  7.2345e-05  8.4632e-05  7.7446e-05  3.3130e-03  7.4776e-03  1.8716e-03  0:00:00    0

  iter  continuity  x-velocity  y-velocity  z-velocity           k     epsilon  vf-phase-2     time/iter
   325  5.8289e-01  7.2345e-05  8.4632e-05  7.7446e-05  3.3130e-03  7.4776e-03  1.8716e-03  0:03:12   25

 turbulent viscosity limited to viscosity ratio of 1.000000e+05 in 1802 cells 

 Reversed flow on 580 faces of pressure-outlet 7.
   326  5.8175e-01  7.2255e-05  8.4616e-05  7.7322e-05  3.3033e-03  7.6264e-03  1.8658e-03  0:03:06   24

 turbulent viscosity limited to viscosity ratio of 1.000000e+05 in 1789 cells 

 Reversed flow on 583 faces of pressure-outlet 7.
   327  5.8097e-01  7.2170e-05  8.4587e-05  7.7181e-05  3.2922e-03  7.4122e-03  1.8601e-03  0:02:59   23

 turbulent viscosity limited to viscosity ratio of 1.000000e+05 in 1782 cells 

 Reversed flow on 586 faces of pressure-outlet 7.
   328  5.8001e-01  7.2070e-05  8.4557e-05  7.7008e-05  3.2827e-03  7.6435e-03  1.8544e-03  0:02:48   22

 turbulent viscosity limited to viscosity ratio of 1.000000e+05 in 1776 cells 

 Reversed flow on 597 faces of pressure-outlet 7.
   329  5.7916e-01  7.1970e-05  8.4496e-05  7.6834e-05  3.2710e-03  7.4141e-03  1.8487e-03  0:02:42   21

 turbulent viscosity limited to viscosity ratio of 1.000000e+05 in 1769 cells 

 Reversed flow on 599 faces of pressure-outlet 7.
   330  5.7786e-01  7.1875e-05  8.4443e-05  7.6620e-05  3.2603e-03  7.4019e-03  1.8430e-03  0:02:35   20

 turbulent viscosity limited to viscosity ratio of 1.000000e+05 in 1759 cells 

 Reversed flow on 595 faces of pressure-outlet 7.
   331  5.7680e-01  7.1731e-05  8.4411e-05  7.6448e-05  3.2498e-03  7.2695e-03  1.8374e-03  0:02:28   19

 turbulent viscosity limited to viscosity ratio of 1.000000e+05 in 1755 cells 

 Reversed flow on 582 faces of pressure-outlet 7.
   332  5.7572e-01  7.1576e-05  8.4372e-05  7.6281e-05  3.2413e-03  7.2617e-03  1.8318e-03  0:02:21   18

 turbulent viscosity limited to viscosity ratio of 1.000000e+05 in 1738 cells 

 Reversed flow on 593 faces of pressure-outlet 7.
   333  5.7522e-01  7.1429e-05  8.4321e-05  7.6097e-05  3.2319e-03  7.0866e-03  1.8262e-03  0:02:11   17

 turbulent viscosity limited to viscosity ratio of 1.000000e+05 in 1731 cells 

 Reversed flow on 600 faces of pressure-outlet 7.
   334  5.7480e-01  7.1296e-05  8.4272e-05  7.5934e-05  3.2250e-03  7.0772e-03  1.8206e-03  0:02:04   16

 turbulent viscosity limited to viscosity ratio of 1.000000e+05 in 1724 cells 

 Reversed flow on 599 faces of pressure-outlet 7.
   335  5.7340e-01  7.1164e-05  8.4224e-05  7.5786e-05  3.2179e-03  7.2072e-03  1.8151e-03  0:01:57   15

 turbulent viscosity limited to viscosity ratio of 1.000000e+05 in 1714 cells 

 Reversed flow on 599 faces of pressure-outlet 7.

  iter  continuity  x-velocity  y-velocity  z-velocity           k     epsilon  vf-phase-2     time/iter
   336  5.7180e-01  7.1024e-05  8.4163e-05  7.5633e-05  3.2109e-03  7.0337e-03  1.8096e-03  0:01:47   14

 turbulent viscosity limited to viscosity ratio of 1.000000e+05 in 1705 cells 

 Reversed flow on 602 faces of pressure-outlet 7.
   337  5.7143e-01  7.0892e-05  8.4106e-05  7.5464e-05  3.2047e-03  7.0198e-03  1.8041e-03  0:01:40   13

 turbulent viscosity limited to viscosity ratio of 1.000000e+05 in 1698 cells 

 Reversed flow on 606 faces of pressure-outlet 7.
   338  5.7132e-01  7.0754e-05  8.4059e-05  7.5338e-05  3.2003e-03  6.9543e-03  1.7987e-03  0:01:33   12

 turbulent viscosity limited to viscosity ratio of 1.000000e+05 in 1693 cells 

 Reversed flow on 604 faces of pressure-outlet 7.
   339  5.7038e-01  7.0610e-05  8.4034e-05  7.5209e-05  3.1959e-03  6.8674e-03  1.7933e-03  0:01:26   11

 turbulent viscosity limited to viscosity ratio of 1.000000e+05 in 1684 cells 

 Reversed flow on 606 faces of pressure-outlet 7.
   340  5.6933e-01  7.0460e-05  8.3989e-05  7.5027e-05  3.1934e-03  6.8698e-03  1.7879e-03  0:01:17   10

 turbulent viscosity limited to viscosity ratio of 1.000000e+05 in 1675 cells 

 Reversed flow on 602 faces of pressure-outlet 7.
   341  5.6839e-01  7.0320e-05  8.3923e-05  7.4879e-05  3.1905e-03  6.8833e-03  1.7826e-03  0:01:09    9

 turbulent viscosity limited to viscosity ratio of 1.000000e+05 in 1666 cells 

 Reversed flow on 611 faces of pressure-outlet 7.
   342  5.6784e-01  7.0196e-05  8.3879e-05  7.4750e-05  3.1882e-03  6.9678e-03  1.7773e-03  0:01:02    8

 turbulent viscosity limited to viscosity ratio of 1.000000e+05 in 1659 cells 

 Reversed flow on 616 faces of pressure-outlet 7.
   343  5.6834e-01  7.0083e-05  8.3854e-05  7.4665e-05  3.1859e-03  6.8762e-03  1.7720e-03  0:00:55    7

 turbulent viscosity limited to viscosity ratio of 1.000000e+05 in 1654 cells 

 Reversed flow on 614 faces of pressure-outlet 7.
   344  5.6910e-01  6.9968e-05  8.3817e-05  7.4571e-05  3.1853e-03  6.8148e-03  1.7668e-03  0:00:46    6

 turbulent viscosity limited to viscosity ratio of 1.000000e+05 in 1647 cells 

 Reversed flow on 597 faces of pressure-outlet 7.
   345  5.6908e-01  6.9866e-05  8.3769e-05  7.4489e-05  3.1844e-03  6.7295e-03  1.7616e-03  0:00:39    5

 turbulent viscosity limited to viscosity ratio of 1.000000e+05 in 1637 cells 

 Reversed flow on 607 faces of pressure-outlet 7.
   346  5.6847e-01  6.9759e-05  8.3714e-05  7.4398e-05  3.1835e-03  6.7624e-03  1.7564e-03  0:00:31    4

 turbulent viscosity limited to viscosity ratio of 1.000000e+05 in 1629 cells 

 Reversed flow on 606 faces of pressure-outlet 7.

  iter  continuity  x-velocity  y-velocity  z-velocity           k     epsilon  vf-phase-2     time/iter
   347  5.6764e-01  6.9653e-05  8.3667e-05  7.4328e-05  3.1828e-03  6.6712e-03  1.7512e-03  0:00:23    3

 turbulent viscosity limited to viscosity ratio of 1.000000e+05 in 1620 cells 

 Reversed flow on 604 faces of pressure-outlet 7.
   348  5.6877e-01  6.9561e-05  8.3629e-05  7.4271e-05  3.1829e-03  6.7282e-03  1.7461e-03  0:00:15    2

 turbulent viscosity limited to viscosity ratio of 1.000000e+05 in 1610 cells 

 Reversed flow on 597 faces of pressure-outlet 7.
   349  5.6922e-01  6.9480e-05  8.3577e-05  7.4206e-05  3.1837e-03  6.8240e-03  1.7410e-03  0:00:08    1

 turbulent viscosity limited to viscosity ratio of 1.000000e+05 in 1603 cells 

 Reversed flow on 603 faces of pressure-outlet 7.
   350  5.6935e-01  6.9420e-05  8.3554e-05  7.4148e-05  3.1830e-03  6.8701e-03  1.7360e-03  0:00:00    0iterate_350: RPC returned

progress: 350/1500

  iter  continuity  x-velocity  y-velocity  z-velocity           k     epsilon  vf-phase-2     time/iter
   350  5.6935e-01  6.9420e-05  8.3554e-05  7.4148e-05  3.1830e-03  6.8701e-03  1.7360e-03  0:03:15   25

 turbulent viscosity limited to viscosity ratio of 1.000000e+05 in 1596 cells 

 Reversed flow on 610 faces of pressure-outlet 7.
   351  5.6903e-01  6.9359e-05  8.3508e-05  7.4122e-05  3.1830e-03  6.8316e-03  1.7310e-03  0:03:13   24

 turbulent viscosity limited to viscosity ratio of 1.000000e+05 in 1588 cells 

 Reversed flow on 603 faces of pressure-outlet 7.
   352  5.6803e-01  6.9292e-05  8.3407e-05  7.4058e-05  3.1812e-03  6.6746e-03  1.7262e-03  0:03:04   23

 turbulent viscosity limited to viscosity ratio of 1.000000e+05 in 1580 cells 

 Reversed flow on 606 faces of pressure-outlet 7.
   353  5.6867e-01  6.9273e-05  8.3301e-05  7.4027e-05  3.1808e-03  6.7102e-03  1.7214e-03  0:02:56   22

 turbulent viscosity limited to viscosity ratio of 1.000000e+05 in 1569 cells 

 Reversed flow on 605 faces of pressure-outlet 7.
   354  5.6835e-01  6.9252e-05  8.3202e-05  7.3998e-05  3.1799e-03  6.7377e-03  1.7166e-03  0:02:44   21

 turbulent viscosity limited to viscosity ratio of 1.000000e+05 in 1564 cells 

 Reversed flow on 612 faces of pressure-outlet 7.
   355  5.6826e-01  6.9218e-05  8.3125e-05  7.3936e-05  3.1788e-03  6.7319e-03  1.7119e-03  0:02:37   20

 turbulent viscosity limited to viscosity ratio of 1.000000e+05 in 1557 cells 

 Reversed flow on 611 faces of pressure-outlet 7.
   356  5.6818e-01  6.9187e-05  8.3050e-05  7.3874e-05  3.1764e-03  6.6981e-03  1.7074e-03  0:02:30   19

 turbulent viscosity limited to viscosity ratio of 1.000000e+05 in 1554 cells 

 Reversed flow on 610 faces of pressure-outlet 7.
   357  5.6774e-01  6.9178e-05  8.2941e-05  7.3845e-05  3.1750e-03  6.7760e-03  1.7029e-03  0:02:22   18

 turbulent viscosity limited to viscosity ratio of 1.000000e+05 in 1553 cells 

 Reversed flow on 608 faces of pressure-outlet 7.
   358  5.6724e-01  6.9160e-05  8.2823e-05  7.3751e-05  3.1723e-03  6.8235e-03  1.6986e-03  0:02:11   17

 turbulent viscosity limited to viscosity ratio of 1.000000e+05 in 1544 cells 

 Reversed flow on 613 faces of pressure-outlet 7.
   359  5.6655e-01  6.9157e-05  8.2676e-05  7.3670e-05  3.1695e-03  6.9174e-03  1.6944e-03  0:02:04   16

 turbulent viscosity limited to viscosity ratio of 1.000000e+05 in 1539 cells 

 Reversed flow on 612 faces of pressure-outlet 7.
   360  5.6600e-01  6.9111e-05  8.2552e-05  7.3563e-05  3.1645e-03  6.8880e-03  1.6902e-03  0:01:57   15

 turbulent viscosity limited to viscosity ratio of 1.000000e+05 in 1532 cells 

 Reversed flow on 614 faces of pressure-outlet 7.

  iter  continuity  x-velocity  y-velocity  z-velocity           k     epsilon  vf-phase-2     time/iter
   361  5.6548e-01  6.9076e-05  8.2395e-05  7.3455e-05  3.1586e-03  6.9608e-03  1.6861e-03  0:01:50   14

 turbulent viscosity limited to viscosity ratio of 1.000000e+05 in 1525 cells 

 Reversed flow on 611 faces of pressure-outlet 7.
   362  5.6585e-01  6.9081e-05  8.2263e-05  7.3334e-05  3.1519e-03  6.9432e-03  1.6821e-03  0:01:40   13

 turbulent viscosity limited to viscosity ratio of 1.000000e+05 in 1523 cells 

 Reversed flow on 612 faces of pressure-outlet 7.
   363  5.6495e-01  6.9075e-05  8.2118e-05  7.3213e-05  3.1448e-03  6.9395e-03  1.6782e-03  0:01:33   12

 turbulent viscosity limited to viscosity ratio of 1.000000e+05 in 1517 cells 

 Reversed flow on 609 faces of pressure-outlet 7.
   364  5.6274e-01  6.9072e-05  8.1946e-05  7.3099e-05  3.1387e-03  7.1772e-03  1.6744e-03  0:01:26   11

 turbulent viscosity limited to viscosity ratio of 1.000000e+05 in 1516 cells 

 Reversed flow on 625 faces of pressure-outlet 7.
   365  5.6116e-01  6.9060e-05  8.1792e-05  7.2992e-05  3.1333e-03  7.2865e-03  1.6706e-03  0:01:16   10

 turbulent viscosity limited to viscosity ratio of 1.000000e+05 in 1513 cells 

 Reversed flow on 627 faces of pressure-outlet 7.
   366  5.5946e-01  6.9050e-05  8.1626e-05  7.2893e-05  3.1269e-03  7.1543e-03  1.6669e-03  0:01:09    9

 turbulent viscosity limited to viscosity ratio of 1.000000e+05 in 1509 cells 

 Reversed flow on 620 faces of pressure-outlet 7.
   367  5.5833e-01  6.9015e-05  8.1390e-05  7.2775e-05  3.1204e-03  7.0779e-03  1.6633e-03  0:01:02    8

 turbulent viscosity limited to viscosity ratio of 1.000000e+05 in 1507 cells 

 Reversed flow on 616 faces of pressure-outlet 7.
   368  5.5695e-01  6.8962e-05  8.1188e-05  7.2645e-05  3.1135e-03  7.0685e-03  1.6598e-03  0:00:55    7

 turbulent viscosity limited to viscosity ratio of 1.000000e+05 in 1497 cells 

 Reversed flow on 622 faces of pressure-outlet 7.
   369  5.5487e-01  6.8896e-05  8.0970e-05  7.2500e-05  3.1062e-03  7.0882e-03  1.6564e-03  0:00:46    6

 turbulent viscosity limited to viscosity ratio of 1.000000e+05 in 1490 cells 

 Reversed flow on 612 faces of pressure-outlet 7.
   370  5.5313e-01  6.8836e-05  8.0712e-05  7.2347e-05  3.0989e-03  7.1371e-03  1.6531e-03  0:00:39    5

 turbulent viscosity limited to viscosity ratio of 1.000000e+05 in 1488 cells 

 Reversed flow on 635 faces of pressure-outlet 7.
   371  5.5198e-01  6.8773e-05  8.0411e-05  7.2155e-05  3.0915e-03  7.2265e-03  1.6498e-03  0:00:31    4

 turbulent viscosity limited to viscosity ratio of 1.000000e+05 in 1488 cells 

 Reversed flow on 632 faces of pressure-outlet 7.

  iter  continuity  x-velocity  y-velocity  z-velocity           k     epsilon  vf-phase-2     time/iter
   372  5.5001e-01  6.8756e-05  8.0148e-05  7.1962e-05  3.0828e-03  7.1142e-03  1.6467e-03  0:00:23    3

 turbulent viscosity limited to viscosity ratio of 1.000000e+05 in 1483 cells 

 Reversed flow on 628 faces of pressure-outlet 7.
   373  5.4793e-01  6.8705e-05  7.9892e-05  7.1782e-05  3.0743e-03  7.1358e-03  1.6436e-03  0:00:15    2

 turbulent viscosity limited to viscosity ratio of 1.000000e+05 in 1476 cells 

 Reversed flow on 631 faces of pressure-outlet 7.
   374  5.4627e-01  6.8657e-05  7.9647e-05  7.1617e-05  3.0651e-03  6.9851e-03  1.6405e-03  0:00:08    1

 turbulent viscosity limited to viscosity ratio of 1.000000e+05 in 1474 cells 

 Reversed flow on 628 faces of pressure-outlet 7.
iterate_375: RPC returned
progress: 375/1500

=== autosave_375 ===
   375  5.4502e-01  6.8555e-05  7.9406e-05  7.1420e-05  3.0578e-03  7.0718e-03  1.6376e-03  0:00:00    0

Writing to EN439159:"C:\Users\qtra338\Documents\enthalpy_sweep_verified_20260721_v2\case_5_1680_autosave_iter375.cas.h5" in NODE0 mode and compression level 1 ...
Grouping cells for Laplace smoothing ...
     5578299 cells,     1 zone  ...
    11355491 faces,     5 zones ...
     1026091 nodes,     1 zone  ...
  Done.
Done.
write_case_autosave_375: OK

Writing to EN439159:"C:\Users\qtra338\Documents\enthalpy_sweep_verified_20260721_v2\case_5_1680_autosave_iter375.dat.h5" in NODE0 mode and compression level 1 ...
  Writing results.
Done.
write_data_autosave_375: OK
saved_pair_autosave_375: VERIFIED

  iter  continuity  x-velocity  y-velocity  z-velocity           k     epsilon  vf-phase-2     time/iter
   375  5.4502e-01  6.8555e-05  7.9406e-05  7.1420e-05  3.0578e-03  7.0718e-03  1.6376e-03  0:03:15   25

 turbulent viscosity limited to viscosity ratio of 1.000000e+05 in 1467 cells 

 Reversed flow on 625 faces of pressure-outlet 7.
   376  5.4331e-01  6.8471e-05  7.9164e-05  7.1242e-05  3.0491e-03  7.0025e-03  1.6348e-03  0:03:08   24

 turbulent viscosity limited to viscosity ratio of 1.000000e+05 in 1459 cells 

 Reversed flow on 625 faces of pressure-outlet 7.
   377  5.4207e-01  6.8344e-05  7.8929e-05  7.1070e-05  3.0403e-03  6.9418e-03  1.6320e-03  0:03:01   23

 turbulent viscosity limited to viscosity ratio of 1.000000e+05 in 1456 cells 

 Reversed flow on 635 faces of pressure-outlet 7.
   378  5.4024e-01  6.8207e-05  7.8686e-05  7.0860e-05  3.0330e-03  6.8814e-03  1.6294e-03  0:02:54   22

 turbulent viscosity limited to viscosity ratio of 1.000000e+05 in 1450 cells 

 Reversed flow on 631 faces of pressure-outlet 7.
   379  5.3894e-01  6.8092e-05  7.8435e-05  7.0661e-05  3.0249e-03  6.7464e-03  1.6268e-03  0:02:46   21

 turbulent viscosity limited to viscosity ratio of 1.000000e+05 in 1443 cells 

 Reversed flow on 616 faces of pressure-outlet 7.
   380  5.3772e-01  6.8017e-05  7.8176e-05  7.0451e-05  3.0179e-03  6.8897e-03  1.6242e-03  0:02:35   20

 turbulent viscosity limited to viscosity ratio of 1.000000e+05 in 1435 cells 

 Reversed flow on 620 faces of pressure-outlet 7.
   381  5.3631e-01  6.7916e-05  7.7914e-05  7.0208e-05  3.0101e-03  6.7355e-03  1.6218e-03  0:02:28   19

 turbulent viscosity limited to viscosity ratio of 1.000000e+05 in 1433 cells 

 Reversed flow on 621 faces of pressure-outlet 7.
   382  5.3552e-01  6.7770e-05  7.7669e-05  6.9980e-05  3.0031e-03  6.7938e-03  1.6195e-03  0:02:21   18

 turbulent viscosity limited to viscosity ratio of 1.000000e+05 in 1428 cells 

 Reversed flow on 622 faces of pressure-outlet 7.
   383  5.3557e-01  6.7638e-05  7.7420e-05  6.9737e-05  2.9980e-03  6.8262e-03  1.6172e-03  0:02:10   17

 turbulent viscosity limited to viscosity ratio of 1.000000e+05 in 1421 cells 

 Reversed flow on 615 faces of pressure-outlet 7.
   384  5.3488e-01  6.7521e-05  7.7180e-05  6.9490e-05  2.9933e-03  6.8283e-03  1.6150e-03  0:02:04   16

 turbulent viscosity limited to viscosity ratio of 1.000000e+05 in 1417 cells 

 Reversed flow on 612 faces of pressure-outlet 7.
   385  5.3367e-01  6.7425e-05  7.6943e-05  6.9260e-05  2.9876e-03  6.6972e-03  1.6129e-03  0:01:57   15

 turbulent viscosity limited to viscosity ratio of 1.000000e+05 in 1409 cells 

 Reversed flow on 609 faces of pressure-outlet 7.

  iter  continuity  x-velocity  y-velocity  z-velocity           k     epsilon  vf-phase-2     time/iter
   386  5.3190e-01  6.7286e-05  7.6737e-05  6.9045e-05  2.9827e-03  6.7290e-03  1.6109e-03  0:01:50   14

 turbulent viscosity limited to viscosity ratio of 1.000000e+05 in 1406 cells 

 Reversed flow on 611 faces of pressure-outlet 7.
   387  5.3078e-01  6.7161e-05  7.6501e-05  6.8829e-05  2.9802e-03  7.1104e-03  1.6090e-03  0:01:40   13

 turbulent viscosity limited to viscosity ratio of 1.000000e+05 in 1402 cells 

 Reversed flow on 624 faces of pressure-outlet 7.
   388  5.3105e-01  6.7052e-05  7.6250e-05  6.8640e-05  2.9764e-03  6.9333e-03  1.6073e-03  0:01:33   12

 turbulent viscosity limited to viscosity ratio of 1.000000e+05 in 1400 cells 

 Reversed flow on 618 faces of pressure-outlet 7.
   389  5.3106e-01  6.6945e-05  7.6015e-05  6.8410e-05  2.9708e-03  6.9180e-03  1.6056e-03  0:01:26   11

 turbulent viscosity limited to viscosity ratio of 1.000000e+05 in 1395 cells 

 Reversed flow on 616 faces of pressure-outlet 7.
   390  5.3033e-01  6.6831e-05  7.5796e-05  6.8208e-05  2.9633e-03  6.7152e-03  1.6040e-03  0:01:18   10

 turbulent viscosity limited to viscosity ratio of 1.000000e+05 in 1391 cells 

 Reversed flow on 612 faces of pressure-outlet 7.
   391  5.2929e-01  6.6692e-05  7.5580e-05  6.8024e-05  2.9551e-03  6.7751e-03  1.6025e-03  0:01:11    9

 turbulent viscosity limited to viscosity ratio of 1.000000e+05 in 1390 cells 

 Reversed flow on 615 faces of pressure-outlet 7.
   392  5.2852e-01  6.6552e-05  7.5371e-05  6.7812e-05  2.9475e-03  6.6977e-03  1.6012e-03  0:01:02    8

 turbulent viscosity limited to viscosity ratio of 1.000000e+05 in 1388 cells 

 Reversed flow on 614 faces of pressure-outlet 7.
   393  5.2817e-01  6.6403e-05  7.5161e-05  6.7633e-05  2.9398e-03  6.7979e-03  1.5999e-03  0:00:54    7

 turbulent viscosity limited to viscosity ratio of 1.000000e+05 in 1385 cells 

 Reversed flow on 602 faces of pressure-outlet 7.
   394  5.2775e-01  6.6245e-05  7.4943e-05  6.7466e-05  2.9311e-03  6.6977e-03  1.5987e-03  0:00:47    6

 turbulent viscosity limited to viscosity ratio of 1.000000e+05 in 1383 cells 

 Reversed flow on 607 faces of pressure-outlet 7.
   395  5.2701e-01  6.6097e-05  7.4723e-05  6.7280e-05  2.9225e-03  6.7530e-03  1.5975e-03  0:00:39    5

 turbulent viscosity limited to viscosity ratio of 1.000000e+05 in 1377 cells 

 Reversed flow on 607 faces of pressure-outlet 7.
   396  5.2703e-01  6.5971e-05  7.4502e-05  6.7124e-05  2.9131e-03  6.6582e-03  1.5965e-03  0:00:31    4

 turbulent viscosity limited to viscosity ratio of 1.000000e+05 in 1371 cells 

 Reversed flow on 614 faces of pressure-outlet 7.

  iter  continuity  x-velocity  y-velocity  z-velocity           k     epsilon  vf-phase-2     time/iter
   397  5.2709e-01  6.5826e-05  7.4271e-05  6.6947e-05  2.9042e-03  6.6488e-03  1.5955e-03  0:00:23    3

 turbulent viscosity limited to viscosity ratio of 1.000000e+05 in 1366 cells 

 Reversed flow on 598 faces of pressure-outlet 7.
   398  5.2669e-01  6.5691e-05  7.4027e-05  6.6751e-05  2.8960e-03  6.7384e-03  1.5945e-03  0:00:16    2

 turbulent viscosity limited to viscosity ratio of 1.000000e+05 in 1361 cells 

 Reversed flow on 600 faces of pressure-outlet 7.
   399  5.2556e-01  6.5545e-05  7.3803e-05  6.6555e-05  2.8871e-03  6.6973e-03  1.5936e-03  0:00:08    1

 turbulent viscosity limited to viscosity ratio of 1.000000e+05 in 1358 cells 

 Reversed flow on 599 faces of pressure-outlet 7.
   400  5.2549e-01  6.5414e-05  7.3574e-05  6.6376e-05  2.8778e-03  6.6359e-03  1.5928e-03  0:00:00    0
iterate_400: RPC returned
progress: 400/1500

  iter  continuity  x-velocity  y-velocity  z-velocity           k     epsilon  vf-phase-2     time/iter
   400  5.2549e-01  6.5414e-05  7.3574e-05  6.6376e-05  2.8778e-03  6.6359e-03  1.5928e-03  0:03:12   25

 turbulent viscosity limited to viscosity ratio of 1.000000e+05 in 1353 cells 

 Reversed flow on 602 faces of pressure-outlet 7.
   401  5.2476e-01  6.5313e-05  7.3348e-05  6.6211e-05  2.8690e-03  6.7001e-03  1.5920e-03  0:03:06   24

 turbulent viscosity limited to viscosity ratio of 1.000000e+05 in 1350 cells 

 Reversed flow on 590 faces of pressure-outlet 7.
   402  5.2335e-01  6.5172e-05  7.3146e-05  6.6043e-05  2.8596e-03  6.7242e-03  1.5913e-03  0:02:59   23

 turbulent viscosity limited to viscosity ratio of 1.000000e+05 in 1348 cells 

 Reversed flow on 597 faces of pressure-outlet 7.
   403  5.2210e-01  6.5029e-05  7.2930e-05  6.5874e-05  2.8477e-03  6.5282e-03  1.5905e-03  0:02:48   22

 turbulent viscosity limited to viscosity ratio of 1.000000e+05 in 1346 cells 

 Reversed flow on 591 faces of pressure-outlet 7.
   404  5.2191e-01  6.4888e-05  7.2703e-05  6.5724e-05  2.8371e-03  6.5220e-03  1.5898e-03  0:02:42   21

 turbulent viscosity limited to viscosity ratio of 1.000000e+05 in 1339 cells 

 Reversed flow on 604 faces of pressure-outlet 7.
   405  5.2150e-01  6.4747e-05  7.2502e-05  6.5546e-05  2.8269e-03  6.7430e-03  1.5891e-03  0:02:35   20

 turbulent viscosity limited to viscosity ratio of 1.000000e+05 in 1337 cells 

 Reversed flow on 608 faces of pressure-outlet 7.
   406  5.2053e-01  6.4614e-05  7.2308e-05  6.5381e-05  2.8151e-03  6.5550e-03  1.5884e-03  0:02:28   19

 turbulent viscosity limited to viscosity ratio of 1.000000e+05 in 1334 cells 

 Reversed flow on 595 faces of pressure-outlet 7.
   407  5.1986e-01  6.4475e-05  7.2093e-05  6.5204e-05  2.8026e-03  6.5841e-03  1.5878e-03  0:02:18   18

 turbulent viscosity limited to viscosity ratio of 1.000000e+05 in 1332 cells 

 Reversed flow on 595 faces of pressure-outlet 7.
   408  5.1929e-01  6.4346e-05  7.1870e-05  6.5021e-05  2.7907e-03  6.7268e-03  1.5871e-03  0:02:11   17

 turbulent viscosity limited to viscosity ratio of 1.000000e+05 in 1327 cells 

 Reversed flow on 593 faces of pressure-outlet 7.
   409  5.1826e-01  6.4225e-05  7.1641e-05  6.4842e-05  2.7795e-03  6.8478e-03  1.5866e-03  0:02:04   16

 turbulent viscosity limited to viscosity ratio of 1.000000e+05 in 1323 cells 

 Reversed flow on 599 faces of pressure-outlet 7.
   410  5.1653e-01  6.4098e-05  7.1414e-05  6.4689e-05  2.7670e-03  6.6149e-03  1.5860e-03  0:01:57   15

 turbulent viscosity limited to viscosity ratio of 1.000000e+05 in 1320 cells 

 Reversed flow on 599 faces of pressure-outlet 7.

  iter  continuity  x-velocity  y-velocity  z-velocity           k     epsilon  vf-phase-2     time/iter
   411  5.1508e-01  6.3972e-05  7.1204e-05  6.4534e-05  2.7528e-03  6.2980e-03  1.5853e-03  0:01:50   14

 turbulent viscosity limited to viscosity ratio of 1.000000e+05 in 1316 cells 

 Reversed flow on 592 faces of pressure-outlet 7.
   412  5.1286e-01  6.3815e-05  7.1010e-05  6.4405e-05  2.7385e-03  6.1778e-03  1.5847e-03  0:01:40   13

 turbulent viscosity limited to viscosity ratio of 1.000000e+05 in 1312 cells 

 Reversed flow on 586 faces of pressure-outlet 7.
   413  5.1021e-01  6.3639e-05  7.0800e-05  6.4248e-05  2.7257e-03  6.1366e-03  1.5841e-03  0:01:33   12

 turbulent viscosity limited to viscosity ratio of 1.000000e+05 in 1309 cells 

 Reversed flow on 585 faces of pressure-outlet 7.
   414  5.0866e-01  6.3505e-05  7.0580e-05  6.4125e-05  2.7134e-03  6.2437e-03  1.5835e-03  0:01:26   11

 turbulent viscosity limited to viscosity ratio of 1.000000e+05 in 1303 cells 

 Reversed flow on 599 faces of pressure-outlet 7.
   415  5.0774e-01  6.3376e-05  7.0404e-05  6.3974e-05  2.7001e-03  6.0391e-03  1.5828e-03  0:01:18   10

 turbulent viscosity limited to viscosity ratio of 1.000000e+05 in 1299 cells 

 Reversed flow on 595 faces of pressure-outlet 7.
   416  5.0670e-01  6.3240e-05  7.0187e-05  6.3824e-05  2.6882e-03  6.0310e-03  1.5822e-03  0:01:09    9

 turbulent viscosity limited to viscosity ratio of 1.000000e+05 in 1297 cells 

 Reversed flow on 590 faces of pressure-outlet 7.
   417  5.0524e-01  6.3084e-05  6.9982e-05  6.3672e-05  2.6753e-03  6.0159e-03  1.5815e-03  0:01:02    8

 turbulent viscosity limited to viscosity ratio of 1.000000e+05 in 1292 cells 

 Reversed flow on 588 faces of pressure-outlet 7.
   418  5.0342e-01  6.2917e-05  6.9782e-05  6.3514e-05  2.6635e-03  5.9782e-03  1.5809e-03  0:00:55    7

 turbulent viscosity limited to viscosity ratio of 1.000000e+05 in 1286 cells 

 Reversed flow on 585 faces of pressure-outlet 7.
   419  5.0218e-01  6.2781e-05  6.9593e-05  6.3375e-05  2.6512e-03  5.8858e-03  1.5803e-03  0:00:47    6

 turbulent viscosity limited to viscosity ratio of 1.000000e+05 in 1285 cells 

 Reversed flow on 592 faces of pressure-outlet 7.
   420  5.0089e-01  6.2666e-05  6.9416e-05  6.3234e-05  2.6407e-03  5.8253e-03  1.5796e-03  0:00:38    5

 turbulent viscosity limited to viscosity ratio of 1.000000e+05 in 1281 cells 

 Reversed flow on 587 faces of pressure-outlet 7.
   421  4.9947e-01  6.2540e-05  6.9257e-05  6.3091e-05  2.6303e-03  5.7395e-03  1.5788e-03  0:00:31    4

 turbulent viscosity limited to viscosity ratio of 1.000000e+05 in 1276 cells 

 Reversed flow on 570 faces of pressure-outlet 7.

  iter  continuity  x-velocity  y-velocity  z-velocity           k     epsilon  vf-phase-2     time/iter
   422  4.9762e-01  6.2403e-05  6.9091e-05  6.2951e-05  2.6203e-03  5.8175e-03  1.5782e-03  0:00:23    3

 turbulent viscosity limited to viscosity ratio of 1.000000e+05 in 1274 cells 

 Reversed flow on 580 faces of pressure-outlet 7.
   423  4.9608e-01  6.2235e-05  6.8949e-05  6.2821e-05  2.6096e-03  5.7475e-03  1.5774e-03  0:00:15    2

 turbulent viscosity limited to viscosity ratio of 1.000000e+05 in 1271 cells 

 Reversed flow on 591 faces of pressure-outlet 7.
   424  4.9497e-01  6.2123e-05  6.8816e-05  6.2670e-05  2.6010e-03  5.8884e-03  1.5767e-03  0:00:08    1

 turbulent viscosity limited to viscosity ratio of 1.000000e+05 in 1268 cells 

 Reversed flow on 586 faces of pressure-outlet 7.
   425  4.9375e-01  6.2039e-05  6.8705e-05  6.2508e-05  2.5923e-03  5.8830e-03  1.5759e-03  0:00:00    0
iterate_425: RPC returned
progress: 425/1500

  iter  continuity  x-velocity  y-velocity  z-velocity           k     epsilon  vf-phase-2     time/iter
   425  4.9375e-01  6.2039e-05  6.8705e-05  6.2508e-05  2.5923e-03  5.8830e-03  1.5759e-03  0:03:14   25

 turbulent viscosity limited to viscosity ratio of 1.000000e+05 in 1265 cells 

 Reversed flow on 581 faces of pressure-outlet 7.
   426  4.9267e-01  6.1932e-05  6.8624e-05  6.2331e-05  2.5846e-03  5.8789e-03  1.5751e-03  0:03:12   24

 turbulent viscosity limited to viscosity ratio of 1.000000e+05 in 1257 cells 

 Reversed flow on 586 faces of pressure-outlet 7.
   427  4.9144e-01  6.1848e-05  6.8535e-05  6.2166e-05  2.5772e-03  5.7566e-03  1.5743e-03  0:03:00   23

 turbulent viscosity limited to viscosity ratio of 1.000000e+05 in 1255 cells 

 Reversed flow on 585 faces of pressure-outlet 7.
   428  4.9088e-01  6.1758e-05  6.8431e-05  6.2021e-05  2.5712e-03  5.6075e-03  1.5735e-03  0:02:53   22

 turbulent viscosity limited to viscosity ratio of 1.000000e+05 in 1253 cells 

 Reversed flow on 583 faces of pressure-outlet 7.
   429  4.9067e-01  6.1669e-05  6.8357e-05  6.1882e-05  2.5656e-03  5.6734e-03  1.5727e-03  0:02:45   21

 turbulent viscosity limited to viscosity ratio of 1.000000e+05 in 1252 cells 

 Reversed flow on 585 faces of pressure-outlet 7.
   430  4.8990e-01  6.1608e-05  6.8285e-05  6.1735e-05  2.5607e-03  5.6593e-03  1.5718e-03  0:02:38   20

 turbulent viscosity limited to viscosity ratio of 1.000000e+05 in 1251 cells 

 Reversed flow on 587 faces of pressure-outlet 7.
   431  4.8915e-01  6.1559e-05  6.8223e-05  6.1602e-05  2.5565e-03  5.6687e-03  1.5709e-03  0:02:27   19

 turbulent viscosity limited to viscosity ratio of 1.000000e+05 in 1249 cells 

 Reversed flow on 595 faces of pressure-outlet 7.
   432  4.8848e-01  6.1493e-05  6.8150e-05  6.1462e-05  2.5514e-03  5.5310e-03  1.5700e-03  0:02:20   18

 turbulent viscosity limited to viscosity ratio of 1.000000e+05 in 1248 cells 

 Reversed flow on 594 faces of pressure-outlet 7.
   433  4.8730e-01  6.1434e-05  6.8103e-05  6.1309e-05  2.5490e-03  5.6705e-03  1.5690e-03  0:02:13   17

 turbulent viscosity limited to viscosity ratio of 1.000000e+05 in 1242 cells 

 Reversed flow on 587 faces of pressure-outlet 7.
   434  4.8711e-01  6.1425e-05  6.8073e-05  6.1205e-05  2.5468e-03  5.7010e-03  1.5681e-03  0:02:03   16

 turbulent viscosity limited to viscosity ratio of 1.000000e+05 in 1238 cells 

 Reversed flow on 591 faces of pressure-outlet 7.
   435  4.8677e-01  6.1427e-05  6.8051e-05  6.1107e-05  2.5440e-03  5.7247e-03  1.5671e-03  0:01:56   15

 turbulent viscosity limited to viscosity ratio of 1.000000e+05 in 1235 cells 

 Reversed flow on 593 faces of pressure-outlet 7.

  iter  continuity  x-velocity  y-velocity  z-velocity           k     epsilon  vf-phase-2     time/iter
   436  4.8695e-01  6.1394e-05  6.8043e-05  6.0990e-05  2.5424e-03  5.5967e-03  1.5660e-03  0:01:49   14

 turbulent viscosity limited to viscosity ratio of 1.000000e+05 in 1231 cells 

 Reversed flow on 595 faces of pressure-outlet 7.
   437  4.8695e-01  6.1394e-05  6.8025e-05  6.0900e-05  2.5408e-03  5.6497e-03  1.5650e-03  0:01:42   13

 turbulent viscosity limited to viscosity ratio of 1.000000e+05 in 1228 cells 

 Reversed flow on 590 faces of pressure-outlet 7.
   438  4.8684e-01  6.1398e-05  6.8032e-05  6.0804e-05  2.5401e-03  5.7235e-03  1.5640e-03  0:01:34   12

 turbulent viscosity limited to viscosity ratio of 1.000000e+05 in 1227 cells 

 Reversed flow on 582 faces of pressure-outlet 7.
   439  4.8686e-01  6.1405e-05  6.8011e-05  6.0729e-05  2.5406e-03  5.9620e-03  1.5629e-03  0:01:25   11

 turbulent viscosity limited to viscosity ratio of 1.000000e+05 in 1223 cells 

 Reversed flow on 595 faces of pressure-outlet 7.
   440  4.8714e-01  6.1417e-05  6.8036e-05  6.0664e-05  2.5415e-03  6.0479e-03  1.5619e-03  0:01:18   10

 turbulent viscosity limited to viscosity ratio of 1.000000e+05 in 1221 cells 

 Reversed flow on 598 faces of pressure-outlet 7.
   441  4.8731e-01  6.1428e-05  6.8050e-05  6.0599e-05  2.5406e-03  5.9004e-03  1.5608e-03  0:01:10    9

 turbulent viscosity limited to viscosity ratio of 1.000000e+05 in 1217 cells 

 Reversed flow on 593 faces of pressure-outlet 7.
   442  4.8811e-01  6.1447e-05  6.8088e-05  6.0545e-05  2.5415e-03  5.7820e-03  1.5598e-03  0:01:03    8

 turbulent viscosity limited to viscosity ratio of 1.000000e+05 in 1216 cells 

 Reversed flow on 589 faces of pressure-outlet 7.
   443  4.8921e-01  6.1454e-05  6.8137e-05  6.0502e-05  2.5432e-03  5.9147e-03  1.5588e-03  0:00:54    7

 turbulent viscosity limited to viscosity ratio of 1.000000e+05 in 1216 cells 

 Reversed flow on 597 faces of pressure-outlet 7.
   444  4.8992e-01  6.1464e-05  6.8175e-05  6.0471e-05  2.5452e-03  5.9286e-03  1.5579e-03  0:00:46    6

 turbulent viscosity limited to viscosity ratio of 1.000000e+05 in 1214 cells 

 Reversed flow on 602 faces of pressure-outlet 7.
   445  4.9047e-01  6.1478e-05  6.8222e-05  6.0449e-05  2.5478e-03  5.8981e-03  1.5569e-03  0:00:39    5

 turbulent viscosity limited to viscosity ratio of 1.000000e+05 in 1212 cells 

 Reversed flow on 581 faces of pressure-outlet 7.
   446  4.9118e-01  6.1506e-05  6.8277e-05  6.0419e-05  2.5502e-03  5.8571e-03  1.5560e-03  0:00:31    4

 turbulent viscosity limited to viscosity ratio of 1.000000e+05 in 1208 cells 

 Reversed flow on 583 faces of pressure-outlet 7.

  iter  continuity  x-velocity  y-velocity  z-velocity           k     epsilon  vf-phase-2     time/iter
   447  4.9139e-01  6.1516e-05  6.8334e-05  6.0428e-05  2.5532e-03  5.9728e-03  1.5550e-03  0:00:23    3

 turbulent viscosity limited to viscosity ratio of 1.000000e+05 in 1208 cells 

 Reversed flow on 593 faces of pressure-outlet 7.
   448  4.9173e-01  6.1535e-05  6.8397e-05  6.0448e-05  2.5555e-03  5.9818e-03  1.5541e-03  0:00:15    2

 turbulent viscosity limited to viscosity ratio of 1.000000e+05 in 1205 cells 

 Reversed flow on 594 faces of pressure-outlet 7.
   449  4.9243e-01  6.1572e-05  6.8458e-05  6.0474e-05  2.5565e-03  6.1165e-03  1.5533e-03  0:00:08    1

iterate_450: RPC returned
progress: 450/1500
 turbulent viscosity limited to viscosity ratio of 1.000000e+05 in 1203 cells 

 Reversed flow on 598 faces of pressure-outlet 7.
   450  4.9334e-01  6.1604e-05  6.8539e-05  6.0502e-05  2.5582e-03  6.2174e-03  1.5525e-03  0:00:00    0

  iter  continuity  x-velocity  y-velocity  z-velocity           k     epsilon  vf-phase-2     time/iter
   450  4.9334e-01  6.1604e-05  6.8539e-05  6.0502e-05  2.5582e-03  6.2174e-03  1.5525e-03  0:03:16   25

 turbulent viscosity limited to viscosity ratio of 1.000000e+05 in 1201 cells 

 Reversed flow on 588 faces of pressure-outlet 7.
   451  4.9401e-01  6.1623e-05  6.8604e-05  6.0552e-05  2.5589e-03  6.2948e-03  1.5517e-03  0:03:09   24

 turbulent viscosity limited to viscosity ratio of 1.000000e+05 in 1198 cells 

 Reversed flow on 598 faces of pressure-outlet 7.
   452  4.9525e-01  6.1646e-05  6.8698e-05  6.0607e-05  2.5598e-03  6.1582e-03  1.5510e-03  0:03:01   23

 turbulent viscosity limited to viscosity ratio of 1.000000e+05 in 1194 cells 

 Reversed flow on 600 faces of pressure-outlet 7.
   453  4.9625e-01  6.1672e-05  6.8789e-05  6.0642e-05  2.5606e-03  6.0729e-03  1.5503e-03  0:02:54   22

 turbulent viscosity limited to viscosity ratio of 1.000000e+05 in 1193 cells 

 Reversed flow on 588 faces of pressure-outlet 7.
   454  4.9699e-01  6.1696e-05  6.8888e-05  6.0699e-05  2.5618e-03  6.1522e-03  1.5496e-03  0:02:47   21

 turbulent viscosity limited to viscosity ratio of 1.000000e+05 in 1192 cells 

 Reversed flow on 594 faces of pressure-outlet 7.
   455  4.9804e-01  6.1732e-05  6.8986e-05  6.0774e-05  2.5638e-03  5.9514e-03  1.5490e-03  0:02:35   20

 turbulent viscosity limited to viscosity ratio of 1.000000e+05 in 1193 cells 

 Reversed flow on 590 faces of pressure-outlet 7.
   456  4.9863e-01  6.1767e-05  6.9091e-05  6.0851e-05  2.5663e-03  6.0704e-03  1.5484e-03  0:02:28   19

 turbulent viscosity limited to viscosity ratio of 1.000000e+05 in 1191 cells 

 Reversed flow on 595 faces of pressure-outlet 7.
   457  4.9978e-01  6.1800e-05  6.9200e-05  6.0928e-05  2.5679e-03  6.0385e-03  1.5478e-03  0:02:21   18

 turbulent viscosity limited to viscosity ratio of 1.000000e+05 in 1189 cells 

 Reversed flow on 596 faces of pressure-outlet 7.
   458  5.0080e-01  6.1817e-05  6.9321e-05  6.1013e-05  2.5702e-03  5.8154e-03  1.5473e-03  0:02:14   17

 turbulent viscosity limited to viscosity ratio of 1.000000e+05 in 1186 cells 

 Reversed flow on 591 faces of pressure-outlet 7.
   459  5.0235e-01  6.1855e-05  6.9451e-05  6.1095e-05  2.5749e-03  6.1690e-03  1.5468e-03  0:02:03   16

 turbulent viscosity limited to viscosity ratio of 1.000000e+05 in 1186 cells 

 Reversed flow on 599 faces of pressure-outlet 7.
   460  5.0368e-01  6.1891e-05  6.9576e-05  6.1165e-05  2.5792e-03  6.2550e-03  1.5462e-03  0:01:56   15

 turbulent viscosity limited to viscosity ratio of 1.000000e+05 in 1183 cells 

 Reversed flow on 600 faces of pressure-outlet 7.

  iter  continuity  x-velocity  y-velocity  z-velocity           k     epsilon  vf-phase-2     time/iter
   461  5.0505e-01  6.1933e-05  6.9722e-05  6.1254e-05  2.5849e-03  6.6125e-03  1.5456e-03  0:01:49   14

 turbulent viscosity limited to viscosity ratio of 1.000000e+05 in 1183 cells 

 Reversed flow on 604 faces of pressure-outlet 7.
   462  5.0616e-01  6.1957e-05  6.9881e-05  6.1351e-05  2.5890e-03  6.1907e-03  1.5451e-03  0:01:42   13

 turbulent viscosity limited to viscosity ratio of 1.000000e+05 in 1182 cells 

 Reversed flow on 593 faces of pressure-outlet 7.
   463  5.0754e-01  6.1979e-05  7.0046e-05  6.1441e-05  2.5930e-03  6.2605e-03  1.5446e-03  0:01:32   12

 turbulent viscosity limited to viscosity ratio of 1.000000e+05 in 1176 cells 

 Reversed flow on 609 faces of pressure-outlet 7.
   464  5.0908e-01  6.1983e-05  7.0218e-05  6.1532e-05  2.5965e-03  6.1547e-03  1.5440e-03  0:01:25   11

 turbulent viscosity limited to viscosity ratio of 1.000000e+05 in 1174 cells 

 Reversed flow on 601 faces of pressure-outlet 7.
   465  5.1072e-01  6.1999e-05  7.0366e-05  6.1626e-05  2.6015e-03  6.4378e-03  1.5434e-03  0:01:18   10

 turbulent viscosity limited to viscosity ratio of 1.000000e+05 in 1168 cells 

 Reversed flow on 611 faces of pressure-outlet 7.
   466  5.1253e-01  6.2009e-05  7.0542e-05  6.1740e-05  2.6065e-03  6.6435e-03  1.5426e-03  0:01:11    9

 turbulent viscosity limited to viscosity ratio of 1.000000e+05 in 1166 cells 

 Reversed flow on 605 faces of pressure-outlet 7.
   467  5.1372e-01  6.2027e-05  7.0708e-05  6.1823e-05  2.6116e-03  6.7373e-03  1.5416e-03  0:01:01    8

 turbulent viscosity limited to viscosity ratio of 1.000000e+05 in 1167 cells 

 Reversed flow on 604 faces of pressure-outlet 7.
   468  5.1548e-01  6.2007e-05  7.0874e-05  6.1934e-05  2.6150e-03  6.7897e-03  1.5406e-03  0:00:54    7

 turbulent viscosity limited to viscosity ratio of 1.000000e+05 in 1167 cells 

 Reversed flow on 610 faces of pressure-outlet 7.
   469  5.1727e-01  6.1985e-05  7.1016e-05  6.2023e-05  2.6199e-03  6.7924e-03  1.5395e-03  0:00:47    6

 turbulent viscosity limited to viscosity ratio of 1.000000e+05 in 1167 cells 

 Reversed flow on 599 faces of pressure-outlet 7.
   470  5.1859e-01  6.1973e-05  7.1177e-05  6.2141e-05  2.6238e-03  7.0177e-03  1.5382e-03  0:00:39    5

 turbulent viscosity limited to viscosity ratio of 1.000000e+05 in 1166 cells 

 Reversed flow on 606 faces of pressure-outlet 7.
   471  5.2001e-01  6.1956e-05  7.1344e-05  6.2249e-05  2.6278e-03  6.7726e-03  1.5368e-03  0:00:31    4

 turbulent viscosity limited to viscosity ratio of 1.000000e+05 in 1164 cells 

 Reversed flow on 609 faces of pressure-outlet 7.

  iter  continuity  x-velocity  y-velocity  z-velocity           k     epsilon  vf-phase-2     time/iter
   472  5.2148e-01  6.1928e-05  7.1504e-05  6.2354e-05  2.6325e-03  6.7199e-03  1.5354e-03  0:00:23    3

 turbulent viscosity limited to viscosity ratio of 1.000000e+05 in 1161 cells 

 Reversed flow on 604 faces of pressure-outlet 7.
   473  5.2295e-01  6.1885e-05  7.1657e-05  6.2458e-05  2.6368e-03  6.6423e-03  1.5337e-03  0:00:16    2

 turbulent viscosity limited to viscosity ratio of 1.000000e+05 in 1158 cells 

 Reversed flow on 609 faces of pressure-outlet 7.
   474  5.2519e-01  6.1860e-05  7.1810e-05  6.2577e-05  2.6403e-03  6.5099e-03  1.5320e-03  0:00:08    1

iterate_475: RPC returned
 turbulent viscosity limited to viscosity ratio of 1.000000e+05 in 1155 cells 

 Reversed flow on 609 faces of pressure-outlet 7.
   475  5.2714e-01  6.1803e-05  7.1981e-05  6.2699e-05  2.6436e-03  6.4827e-03  1.5303e-03  0:00:00    0
progress: 475/1500

  iter  continuity  x-velocity  y-velocity  z-velocity           k     epsilon  vf-phase-2     time/iter
   475  5.2714e-01  6.1803e-05  7.1981e-05  6.2699e-05  2.6436e-03  6.4827e-03  1.5303e-03  0:03:13   25

 turbulent viscosity limited to viscosity ratio of 1.000000e+05 in 1152 cells 

 Reversed flow on 602 faces of pressure-outlet 7.
   476  5.2906e-01  6.1761e-05  7.2141e-05  6.2833e-05  2.6484e-03  6.6119e-03  1.5284e-03  0:03:06   24

 turbulent viscosity limited to viscosity ratio of 1.000000e+05 in 1152 cells 

 Reversed flow on 623 faces of pressure-outlet 7.
   477  5.3031e-01  6.1755e-05  7.2304e-05  6.2984e-05  2.6526e-03  6.4261e-03  1.5265e-03  0:03:00   23

 turbulent viscosity limited to viscosity ratio of 1.000000e+05 in 1149 cells 

 Reversed flow on 615 faces of pressure-outlet 7.
   478  5.3233e-01  6.1719e-05  7.2463e-05  6.3104e-05  2.6573e-03  6.6614e-03  1.5244e-03  0:02:53   22

 turbulent viscosity limited to viscosity ratio of 1.000000e+05 in 1149 cells 

 Reversed flow on 613 faces of pressure-outlet 7.
   479  5.3435e-01  6.1699e-05  7.2653e-05  6.3247e-05  2.6605e-03  6.4168e-03  1.5223e-03  0:02:45   21

 turbulent viscosity limited to viscosity ratio of 1.000000e+05 in 1146 cells 

 Reversed flow on 604 faces of pressure-outlet 7.
   480  5.3558e-01  6.1687e-05  7.2853e-05  6.3397e-05  2.6653e-03  6.8828e-03  1.5201e-03  0:02:38   20

 turbulent viscosity limited to viscosity ratio of 1.000000e+05 in 1144 cells 

 Reversed flow on 620 faces of pressure-outlet 7.
   481  5.3721e-01  6.1687e-05  7.3049e-05  6.3547e-05  2.6709e-03  7.1716e-03  1.5178e-03  0:02:31   19

 turbulent viscosity limited to viscosity ratio of 1.000000e+05 in 1142 cells 

 Reversed flow on 616 faces of pressure-outlet 7.
   482  5.3869e-01  6.1672e-05  7.3249e-05  6.3691e-05  2.6755e-03  7.6763e-03  1.5155e-03  0:02:19   18

 turbulent viscosity limited to viscosity ratio of 1.000000e+05 in 1142 cells 

 Reversed flow on 605 faces of pressure-outlet 7.
   483  5.4060e-01  6.1688e-05  7.3455e-05  6.3831e-05  2.6802e-03  7.5943e-03  1.5132e-03  0:02:12   17

 turbulent viscosity limited to viscosity ratio of 1.000000e+05 in 1141 cells 

 Reversed flow on 609 faces of pressure-outlet 7.
   484  5.4216e-01  6.1718e-05  7.3660e-05  6.3949e-05  2.6850e-03  7.4482e-03  1.5109e-03  0:02:05   16

 turbulent viscosity limited to viscosity ratio of 1.000000e+05 in 1140 cells 

 Reversed flow on 626 faces of pressure-outlet 7.
   485  5.4402e-01  6.1740e-05  7.3885e-05  6.4103e-05  2.6882e-03  7.8385e-03  1.5086e-03  0:01:58   15

 turbulent viscosity limited to viscosity ratio of 1.000000e+05 in 1137 cells 

 Reversed flow on 636 faces of pressure-outlet 7.

  iter  continuity  x-velocity  y-velocity  z-velocity           k     epsilon  vf-phase-2     time/iter
   486  5.4520e-01  6.1740e-05  7.4120e-05  6.4240e-05  2.6919e-03  7.3565e-03  1.5064e-03  0:01:50   14

 turbulent viscosity limited to viscosity ratio of 1.000000e+05 in 1136 cells 

 Reversed flow on 626 faces of pressure-outlet 7.
   487  5.4555e-01  6.1736e-05  7.4327e-05  6.4363e-05  2.6946e-03  7.0231e-03  1.5042e-03  0:01:43   13

 turbulent viscosity limited to viscosity ratio of 1.000000e+05 in 1135 cells 

 Reversed flow on 620 faces of pressure-outlet 7.
   488  5.4723e-01  6.1755e-05  7.4521e-05  6.4477e-05  2.6980e-03  6.9286e-03  1.5020e-03  0:01:35   12

 turbulent viscosity limited to viscosity ratio of 1.000000e+05 in 1134 cells 

 Reversed flow on 624 faces of pressure-outlet 7.
   489  5.4898e-01  6.1766e-05  7.4719e-05  6.4614e-05  2.7000e-03  6.8561e-03  1.4998e-03  0:01:25   11

 turbulent viscosity limited to viscosity ratio of 1.000000e+05 in 1131 cells 

 Reversed flow on 630 faces of pressure-outlet 7.
   490  5.5159e-01  6.1771e-05  7.4903e-05  6.4741e-05  2.7019e-03  6.7551e-03  1.4976e-03  0:01:18   10

 turbulent viscosity limited to viscosity ratio of 1.000000e+05 in 1131 cells 

 Reversed flow on 636 faces of pressure-outlet 7.
   491  5.5337e-01  6.1775e-05  7.5090e-05  6.4880e-05  2.7064e-03  6.7583e-03  1.4954e-03  0:01:11    9

 turbulent viscosity limited to viscosity ratio of 1.000000e+05 in 1131 cells 

 Reversed flow on 635 faces of pressure-outlet 7.
   492  5.5499e-01  6.1790e-05  7.5300e-05  6.5004e-05  2.7107e-03  7.0303e-03  1.4930e-03  0:01:03    8

 turbulent viscosity limited to viscosity ratio of 1.000000e+05 in 1127 cells 

 Reversed flow on 631 faces of pressure-outlet 7.
   493  5.5619e-01  6.1817e-05  7.5515e-05  6.5128e-05  2.7157e-03  7.4903e-03  1.4906e-03  0:00:54    7

 turbulent viscosity limited to viscosity ratio of 1.000000e+05 in 1127 cells 

 Reversed flow on 628 faces of pressure-outlet 7.
   494  5.5693e-01  6.1844e-05  7.5713e-05  6.5250e-05  2.7187e-03  7.1654e-03  1.4882e-03  0:00:47    6

 turbulent viscosity limited to viscosity ratio of 1.000000e+05 in 1125 cells 

 Reversed flow on 636 faces of pressure-outlet 7.
   495  5.5859e-01  6.1855e-05  7.5860e-05  6.5360e-05  2.7238e-03  7.7119e-03  1.4857e-03  0:00:39    5

 turbulent viscosity limited to viscosity ratio of 1.000000e+05 in 1124 cells 

 Reversed flow on 643 faces of pressure-outlet 7.
   496  5.6013e-01  6.1851e-05  7.6035e-05  6.5450e-05  2.7300e-03  8.0403e-03  1.4832e-03  0:00:31    4

 turbulent viscosity limited to viscosity ratio of 1.000000e+05 in 1124 cells 

 Reversed flow on 644 faces of pressure-outlet 7.

  iter  continuity  x-velocity  y-velocity  z-velocity           k     epsilon  vf-phase-2     time/iter
   497  5.6073e-01  6.1865e-05  7.6211e-05  6.5574e-05  2.7354e-03  7.8531e-03  1.4805e-03  0:00:24    3

 turbulent viscosity limited to viscosity ratio of 1.000000e+05 in 1124 cells 

 Reversed flow on 656 faces of pressure-outlet 7.
   498  5.6235e-01  6.1853e-05  7.6386e-05  6.5672e-05  2.7391e-03  7.8046e-03  1.4777e-03  0:00:15    2

 turbulent viscosity limited to viscosity ratio of 1.000000e+05 in 1121 cells 

 Reversed flow on 653 faces of pressure-outlet 7.
   499  5.6444e-01  6.1843e-05  7.6553e-05  6.5769e-05  2.7411e-03  7.5311e-03  1.4747e-03  0:00:08    1

 turbulent viscosity limited to viscosity ratio of 1.000000e+05 in 1121 cells 

 Reversed flow on 651 faces of pressure-outlet 7.
   500  5.6582e-01  6.1827e-05  7.6712e-05  6.5890e-05  2.7447e-03  7.6330e-03  1.4717e-03  0:00:00    0
iterate_500: RPC returned
progress: 500/1500

  iter  continuity  x-velocity  y-velocity  z-velocity           k     epsilon  vf-phase-2     time/iter
   500  5.6582e-01  6.1827e-05  7.6712e-05  6.5890e-05  2.7447e-03  7.6330e-03  1.4717e-03  0:03:15   25

 turbulent viscosity limited to viscosity ratio of 1.000000e+05 in 1119 cells 

 Reversed flow on 654 faces of pressure-outlet 7.
   501  5.6702e-01  6.1811e-05  7.6859e-05  6.6013e-05  2.7480e-03  7.2930e-03  1.4685e-03  0:03:13   24

 turbulent viscosity limited to viscosity ratio of 1.000000e+05 in 1118 cells 

 Reversed flow on 664 faces of pressure-outlet 7.
   502  5.6828e-01  6.1783e-05  7.7008e-05  6.6106e-05  2.7541e-03  8.2850e-03  1.4654e-03  0:03:05   23

 turbulent viscosity limited to viscosity ratio of 1.000000e+05 in 1118 cells 

 Reversed flow on 663 faces of pressure-outlet 7.
   503  5.6958e-01  6.1779e-05  7.7162e-05  6.6233e-05  2.7604e-03  7.9765e-03  1.4620e-03  0:02:52   22

 turbulent viscosity limited to viscosity ratio of 1.000000e+05 in 1117 cells 

 Reversed flow on 665 faces of pressure-outlet 7.
   504  5.7054e-01  6.1787e-05  7.7292e-05  6.6343e-05  2.7655e-03  8.0705e-03  1.4586e-03  0:02:45   21

 turbulent viscosity limited to viscosity ratio of 1.000000e+05 in 1117 cells 

 Reversed flow on 671 faces of pressure-outlet 7.
   505  5.7135e-01  6.1790e-05  7.7387e-05  6.6430e-05  2.7700e-03  7.7526e-03  1.4551e-03  0:02:38   20

 turbulent viscosity limited to viscosity ratio of 1.000000e+05 in 1113 cells 

 Reversed flow on 676 faces of pressure-outlet 7.
   506  5.7172e-01  6.1778e-05  7.7498e-05  6.6493e-05  2.7743e-03  8.2604e-03  1.4514e-03  0:02:30   19

 turbulent viscosity limited to viscosity ratio of 1.000000e+05 in 1109 cells 

 Reversed flow on 678 faces of pressure-outlet 7.
   507  5.7191e-01  6.1746e-05  7.7582e-05  6.6554e-05  2.7816e-03  8.3940e-03  1.4474e-03  0:02:19   18

 turbulent viscosity limited to viscosity ratio of 1.000000e+05 in 1106 cells 

 Reversed flow on 686 faces of pressure-outlet 7.
   508  5.7248e-01  6.1767e-05  7.7667e-05  6.6616e-05  2.7880e-03  8.5163e-03  1.4434e-03  0:02:12   17

 turbulent viscosity limited to viscosity ratio of 1.000000e+05 in 1103 cells 

 Reversed flow on 692 faces of pressure-outlet 7.
   509  5.7304e-01  6.1727e-05  7.7761e-05  6.6659e-05  2.7921e-03  8.3484e-03  1.4393e-03  0:02:05   16

 turbulent viscosity limited to viscosity ratio of 1.000000e+05 in 1103 cells 

 Reversed flow on 686 faces of pressure-outlet 7.
   510  5.7453e-01  6.1717e-05  7.7865e-05  6.6713e-05  2.7987e-03  8.5681e-03  1.4350e-03  0:01:58   15

 turbulent viscosity limited to viscosity ratio of 1.000000e+05 in 1102 cells 

 Reversed flow on 687 faces of pressure-outlet 7.

  iter  continuity  x-velocity  y-velocity  z-velocity           k     epsilon  vf-phase-2     time/iter
   511  5.7571e-01  6.1713e-05  7.7940e-05  6.6751e-05  2.8056e-03  9.1281e-03  1.4307e-03  0:01:50   14

 turbulent viscosity limited to viscosity ratio of 1.000000e+05 in 1099 cells 

 Reversed flow on 691 faces of pressure-outlet 7.
   512  5.7590e-01  6.1715e-05  7.7997e-05  6.6793e-05  2.8081e-03  8.2521e-03  1.4262e-03  0:01:43   13

 turbulent viscosity limited to viscosity ratio of 1.000000e+05 in 1097 cells 

 Reversed flow on 688 faces of pressure-outlet 7.
   513  5.7615e-01  6.1731e-05  7.8032e-05  6.6822e-05  2.8124e-03  8.8818e-03  1.4216e-03  0:01:33   12

 turbulent viscosity limited to viscosity ratio of 1.000000e+05 in 1093 cells 

 Reversed flow on 689 faces of pressure-outlet 7.
   514  5.7641e-01  6.1720e-05  7.8078e-05  6.6841e-05  2.8182e-03  8.9742e-03  1.4169e-03  0:01:26   11

 turbulent viscosity limited to viscosity ratio of 1.000000e+05 in 1091 cells 

 Reversed flow on 704 faces of pressure-outlet 7.
   515  5.7663e-01  6.1716e-05  7.8149e-05  6.6858e-05  2.8216e-03  9.4067e-03  1.4121e-03  0:01:18   10

 turbulent viscosity limited to viscosity ratio of 1.000000e+05 in 1091 cells 

 Reversed flow on 703 faces of pressure-outlet 7.
   516  5.7673e-01  6.1726e-05  7.8161e-05  6.6862e-05  2.8214e-03  8.9173e-03  1.4072e-03  0:01:11    9

 turbulent viscosity limited to viscosity ratio of 1.000000e+05 in 1090 cells 

 Reversed flow on 699 faces of pressure-outlet 7.
   517  5.7632e-01  6.1701e-05  7.8236e-05  6.6840e-05  2.8246e-03  9.1074e-03  1.4023e-03  0:01:02    8

 turbulent viscosity limited to viscosity ratio of 1.000000e+05 in 1087 cells 

 Reversed flow on 698 faces of pressure-outlet 7.
   518  5.7656e-01  6.1685e-05  7.8295e-05  6.6780e-05  2.8267e-03  8.7926e-03  1.3973e-03  0:00:54    7

 turbulent viscosity limited to viscosity ratio of 1.000000e+05 in 1087 cells 

 Reversed flow on 702 faces of pressure-outlet 7.
   519  5.7678e-01  6.1662e-05  7.8327e-05  6.6745e-05  2.8291e-03  9.0351e-03  1.3923e-03  0:00:47    6

 turbulent viscosity limited to viscosity ratio of 1.000000e+05 in 1086 cells 

 Reversed flow on 702 faces of pressure-outlet 7.
   520  5.7631e-01  6.1641e-05  7.8327e-05  6.6712e-05  2.8311e-03  8.8638e-03  1.3874e-03  0:00:39    5

 turbulent viscosity limited to viscosity ratio of 1.000000e+05 in 1086 cells 

 Reversed flow on 696 faces of pressure-outlet 7.
   521  5.7626e-01  6.1611e-05  7.8307e-05  6.6672e-05  2.8332e-03  9.1378e-03  1.3824e-03  0:00:31    4

 turbulent viscosity limited to viscosity ratio of 1.000000e+05 in 1080 cells 

 Reversed flow on 692 faces of pressure-outlet 7.

  iter  continuity  x-velocity  y-velocity  z-velocity           k     epsilon  vf-phase-2     time/iter
   522  5.7649e-01  6.1604e-05  7.8289e-05  6.6615e-05  2.8350e-03  8.7020e-03  1.3775e-03  0:00:23    3

 turbulent viscosity limited to viscosity ratio of 1.000000e+05 in 1079 cells 

 Reversed flow on 686 faces of pressure-outlet 7.
   523  5.7589e-01  6.1566e-05  7.8292e-05  6.6547e-05  2.8403e-03  9.0191e-03  1.3726e-03  0:00:16    2

 turbulent viscosity limited to viscosity ratio of 1.000000e+05 in 1079 cells 

 Reversed flow on 698 faces of pressure-outlet 7.
   524  5.7561e-01  6.1552e-05  7.8277e-05  6.6467e-05  2.8484e-03  1.0892e-02  1.3678e-03  0:00:08    1

 turbulent viscosity limited to viscosity ratio of 1.000000e+05 in 1078 cells 

 Reversed flow on 702 faces of pressure-outlet 7.
   525  5.7537e-01  6.1553e-05  7.8292e-05  6.6390e-05  2.8502e-03  1.0142e-02  1.3631e-03  0:00:00    0
iterate_525: RPC returned
progress: 525/1500

  iter  continuity  x-velocity  y-velocity  z-velocity           k     epsilon  vf-phase-2     time/iter
   525  5.7537e-01  6.1553e-05  7.8292e-05  6.6390e-05  2.8502e-03  1.0142e-02  1.3631e-03  0:03:16   25

 turbulent viscosity limited to viscosity ratio of 1.000000e+05 in 1077 cells 

 Reversed flow on 702 faces of pressure-outlet 7.
   526  5.7509e-01  6.1524e-05  7.8287e-05  6.6305e-05  2.8490e-03  1.0006e-02  1.3584e-03  0:03:09   24

 turbulent viscosity limited to viscosity ratio of 1.000000e+05 in 1077 cells 

 Reversed flow on 708 faces of pressure-outlet 7.
   527  5.7446e-01  6.1508e-05  7.8276e-05  6.6193e-05  2.8498e-03  9.2782e-03  1.3538e-03  0:03:02   23

 turbulent viscosity limited to viscosity ratio of 1.000000e+05 in 1075 cells 

 Reversed flow on 697 faces of pressure-outlet 7.
   528  5.7365e-01  6.1495e-05  7.8270e-05  6.6093e-05  2.8503e-03  8.7500e-03  1.3494e-03  0:02:54   22

 turbulent viscosity limited to viscosity ratio of 1.000000e+05 in 1074 cells 

 Reversed flow on 696 faces of pressure-outlet 7.
   529  5.7309e-01  6.1433e-05  7.8226e-05  6.5953e-05  2.8540e-03  9.8828e-03  1.3452e-03  0:02:47   21

 turbulent viscosity limited to viscosity ratio of 1.000000e+05 in 1073 cells 

 Reversed flow on 698 faces of pressure-outlet 7.
   530  5.7272e-01  6.1398e-05  7.8187e-05  6.5823e-05  2.8569e-03  1.0079e-02  1.3410e-03  0:02:35   20

 turbulent viscosity limited to viscosity ratio of 1.000000e+05 in 1072 cells 

 Reversed flow on 697 faces of pressure-outlet 7.
   531  5.7206e-01  6.1388e-05  7.8161e-05  6.5689e-05  2.8563e-03  9.2918e-03  1.3370e-03  0:02:28   19

 turbulent viscosity limited to viscosity ratio of 1.000000e+05 in 1069 cells 

 Reversed flow on 692 faces of pressure-outlet 7.
   532  5.7099e-01  6.1381e-05  7.8127e-05  6.5534e-05  2.8569e-03  9.2410e-03  1.3332e-03  0:02:21   18

 turbulent viscosity limited to viscosity ratio of 1.000000e+05 in 1067 cells 

 Reversed flow on 694 faces of pressure-outlet 7.
   533  5.6968e-01  6.1375e-05  7.8073e-05  6.5379e-05  2.8599e-03  9.8122e-03  1.3294e-03  0:02:14   17

 turbulent viscosity limited to viscosity ratio of 1.000000e+05 in 1066 cells 

 Reversed flow on 697 faces of pressure-outlet 7.
   534  5.6810e-01  6.1370e-05  7.8001e-05  6.5220e-05  2.8641e-03  1.0695e-02  1.3259e-03  0:02:06   16

 turbulent viscosity limited to viscosity ratio of 1.000000e+05 in 1067 cells 

 Reversed flow on 703 faces of pressure-outlet 7.
   535  5.6650e-01  6.1336e-05  7.7908e-05  6.5046e-05  2.8648e-03  1.0100e-02  1.3225e-03  0:01:56   15

 turbulent viscosity limited to viscosity ratio of 1.000000e+05 in 1067 cells 

 Reversed flow on 694 faces of pressure-outlet 7.

  iter  continuity  x-velocity  y-velocity  z-velocity           k     epsilon  vf-phase-2     time/iter
   536  5.6556e-01  6.1287e-05  7.7850e-05  6.4868e-05  2.8636e-03  9.5220e-03  1.3193e-03  0:01:49   14

 turbulent viscosity limited to viscosity ratio of 1.000000e+05 in 1065 cells 

 Reversed flow on 689 faces of pressure-outlet 7.
   537  5.6539e-01  6.1259e-05  7.7787e-05  6.4682e-05  2.8655e-03  9.6678e-03  1.3162e-03  0:01:42   13

 turbulent viscosity limited to viscosity ratio of 1.000000e+05 in 1064 cells 

 Reversed flow on 691 faces of pressure-outlet 7.
   538  5.6461e-01  6.1234e-05  7.7720e-05  6.4514e-05  2.8684e-03  1.0012e-02  1.3134e-03  0:01:34   12

 turbulent viscosity limited to viscosity ratio of 1.000000e+05 in 1062 cells 

 Reversed flow on 683 faces of pressure-outlet 7.
   539  5.6256e-01  6.1221e-05  7.7625e-05  6.4330e-05  2.8678e-03  9.7606e-03  1.3106e-03  0:01:27   11

 turbulent viscosity limited to viscosity ratio of 1.000000e+05 in 1058 cells 

 Reversed flow on 679 faces of pressure-outlet 7.
   540  5.6117e-01  6.1170e-05  7.7539e-05  6.4122e-05  2.8662e-03  9.4288e-03  1.3080e-03  0:01:17   10

 turbulent viscosity limited to viscosity ratio of 1.000000e+05 in 1058 cells 

 Reversed flow on 671 faces of pressure-outlet 7.
   541  5.5985e-01  6.1116e-05  7.7421e-05  6.3927e-05  2.8659e-03  9.3206e-03  1.3056e-03  0:01:10    9

 turbulent viscosity limited to viscosity ratio of 1.000000e+05 in 1055 cells 

 Reversed flow on 668 faces of pressure-outlet 7.
   542  5.5941e-01  6.1050e-05  7.7304e-05  6.3729e-05  2.8690e-03  1.0309e-02  1.3033e-03  0:01:03    8

 turbulent viscosity limited to viscosity ratio of 1.000000e+05 in 1055 cells 

 Reversed flow on 669 faces of pressure-outlet 7.
   543  5.5912e-01  6.0993e-05  7.7197e-05  6.3541e-05  2.8683e-03  9.8304e-03  1.3010e-03  0:00:55    7

 turbulent viscosity limited to viscosity ratio of 1.000000e+05 in 1053 cells 

 Reversed flow on 677 faces of pressure-outlet 7.
   544  5.5814e-01  6.0938e-05  7.7074e-05  6.3340e-05  2.8719e-03  1.0547e-02  1.2988e-03  0:00:47    6

 turbulent viscosity limited to viscosity ratio of 1.000000e+05 in 1052 cells 

 Reversed flow on 680 faces of pressure-outlet 7.
   545  5.5663e-01  6.0884e-05  7.6926e-05  6.3126e-05  2.8726e-03  1.0511e-02  1.2967e-03  0:00:39    5

 turbulent viscosity limited to viscosity ratio of 1.000000e+05 in 1051 cells 

 Reversed flow on 670 faces of pressure-outlet 7.
   546  5.5579e-01  6.0817e-05  7.6790e-05  6.2912e-05  2.8738e-03  1.1342e-02  1.2947e-03  0:00:31    4

 turbulent viscosity limited to viscosity ratio of 1.000000e+05 in 1049 cells 

 Reversed flow on 671 faces of pressure-outlet 7.

  iter  continuity  x-velocity  y-velocity  z-velocity           k     epsilon  vf-phase-2     time/iter
   547  5.5526e-01  6.0741e-05  7.6653e-05  6.2699e-05  2.8771e-03  1.1067e-02  1.2928e-03  0:00:23    3

 turbulent viscosity limited to viscosity ratio of 1.000000e+05 in 1049 cells 

 Reversed flow on 665 faces of pressure-outlet 7.
   548  5.5460e-01  6.0658e-05  7.6505e-05  6.2504e-05  2.8699e-03  9.7205e-03  1.2909e-03  0:00:16    2

 turbulent viscosity limited to viscosity ratio of 1.000000e+05 in 1048 cells 

 Reversed flow on 663 faces of pressure-outlet 7.
   549  5.5331e-01  6.0578e-05  7.6372e-05  6.2307e-05  2.8730e-03  1.0936e-02  1.2891e-03  0:00:08    1

 turbulent viscosity limited to viscosity ratio of 1.000000e+05 in 1046 cells 

 Reversed flow on 663 faces of pressure-outlet 7.
   550  5.5242e-01  6.0510e-05  7.6224e-05  6.2095e-05  2.8703e-03  1.0624e-02  1.2872e-03  0:00:00    0
iterate_550: RPC returned
progress: 550/1500

  iter  continuity  x-velocity  y-velocity  z-velocity           k     epsilon  vf-phase-2     time/iter
   550  5.5242e-01  6.0510e-05  7.6224e-05  6.2095e-05  2.8703e-03  1.0624e-02  1.2872e-03  0:03:14   25

 turbulent viscosity limited to viscosity ratio of 1.000000e+05 in 1044 cells 

 Reversed flow on 656 faces of pressure-outlet 7.
   551  5.5167e-01  6.0410e-05  7.6081e-05  6.1890e-05  2.8688e-03  9.6402e-03  1.2854e-03  0:03:12   24

 turbulent viscosity limited to viscosity ratio of 1.000000e+05 in 1043 cells 

 Reversed flow on 655 faces of pressure-outlet 7.
   552  5.5020e-01  6.0316e-05  7.5914e-05  6.1679e-05  2.8701e-03  1.0340e-02  1.2835e-03  0:03:04   23

 turbulent viscosity limited to viscosity ratio of 1.000000e+05 in 1041 cells 

 Reversed flow on 642 faces of pressure-outlet 7.
   553  5.4922e-01  6.0240e-05  7.5762e-05  6.1454e-05  2.8729e-03  1.0962e-02  1.2816e-03  0:02:52   22

 turbulent viscosity limited to viscosity ratio of 1.000000e+05 in 1041 cells 

 Reversed flow on 636 faces of pressure-outlet 7.
   554  5.4789e-01  6.0168e-05  7.5610e-05  6.1220e-05  2.8711e-03  1.0572e-02  1.2797e-03  0:02:45   21

 turbulent viscosity limited to viscosity ratio of 1.000000e+05 in 1041 cells 

 Reversed flow on 635 faces of pressure-outlet 7.
   555  5.4684e-01  6.0082e-05  7.5435e-05  6.1007e-05  2.8699e-03  1.0326e-02  1.2779e-03  0:02:37   20

 turbulent viscosity limited to viscosity ratio of 1.000000e+05 in 1040 cells 

 Reversed flow on 649 faces of pressure-outlet 7.
   556  5.4586e-01  5.9995e-05  7.5290e-05  6.0809e-05  2.8681e-03  9.9030e-03  1.2760e-03  0:02:30   19

 turbulent viscosity limited to viscosity ratio of 1.000000e+05 in 1040 cells 

 Reversed flow on 642 faces of pressure-outlet 7.
   557  5.4514e-01  5.9920e-05  7.5133e-05  6.0632e-05  2.8634e-03  9.5071e-03  1.2741e-03  0:02:19   18

 turbulent viscosity limited to viscosity ratio of 1.000000e+05 in 1038 cells 

 Reversed flow on 632 faces of pressure-outlet 7.
   558  5.4363e-01  5.9813e-05  7.4977e-05  6.0458e-05  2.8615e-03  9.4094e-03  1.2721e-03  0:02:12   17

 turbulent viscosity limited to viscosity ratio of 1.000000e+05 in 1037 cells 

 Reversed flow on 629 faces of pressure-outlet 7.
   559  5.4239e-01  5.9727e-05  7.4818e-05  6.0266e-05  2.8608e-03  9.9282e-03  1.2701e-03  0:02:05   16

 turbulent viscosity limited to viscosity ratio of 1.000000e+05 in 1037 cells 

 Reversed flow on 629 faces of pressure-outlet 7.
   560  5.4106e-01  5.9647e-05  7.4663e-05  6.0084e-05  2.8620e-03  1.1450e-02  1.2681e-03  0:01:58   15

 turbulent viscosity limited to viscosity ratio of 1.000000e+05 in 1033 cells 

 Reversed flow on 631 faces of pressure-outlet 7.

  iter  continuity  x-velocity  y-velocity  z-velocity           k     epsilon  vf-phase-2     time/iter
   561  5.3908e-01  5.9552e-05  7.4494e-05  5.9915e-05  2.8612e-03  1.0738e-02  1.2660e-03  0:01:50   14

 turbulent viscosity limited to viscosity ratio of 1.000000e+05 in 1031 cells 

 Reversed flow on 611 faces of pressure-outlet 7.
   562  5.3724e-01  5.9482e-05  7.4345e-05  5.9741e-05  2.8561e-03  1.1230e-02  1.2639e-03  0:01:40   13

 turbulent viscosity limited to viscosity ratio of 1.000000e+05 in 1031 cells 

 Reversed flow on 610 faces of pressure-outlet 7.
   563  5.3627e-01  5.9401e-05  7.4202e-05  5.9585e-05  2.8542e-03  1.0489e-02  1.2617e-03  0:01:33   12

 turbulent viscosity limited to viscosity ratio of 1.000000e+05 in 1030 cells 

 Reversed flow on 621 faces of pressure-outlet 7.
   564  5.3530e-01  5.9336e-05  7.4075e-05  5.9434e-05  2.8475e-03  9.4716e-03  1.2595e-03  0:01:26   11

 turbulent viscosity limited to viscosity ratio of 1.000000e+05 in 1030 cells 

 Reversed flow on 617 faces of pressure-outlet 7.
   565  5.3395e-01  5.9272e-05  7.3918e-05  5.9288e-05  2.8403e-03  9.1865e-03  1.2573e-03  0:01:19   10

 turbulent viscosity limited to viscosity ratio of 1.000000e+05 in 1030 cells 

 Reversed flow on 611 faces of pressure-outlet 7.
   566  5.3225e-01  5.9212e-05  7.3757e-05  5.9150e-05  2.8397e-03  1.0039e-02  1.2552e-03  0:01:11    9

 turbulent viscosity limited to viscosity ratio of 1.000000e+05 in 1029 cells 

 Reversed flow on 607 faces of pressure-outlet 7.
   567  5.3090e-01  5.9149e-05  7.3589e-05  5.9029e-05  2.8342e-03  9.6441e-03  1.2530e-03  0:01:02    8

 turbulent viscosity limited to viscosity ratio of 1.000000e+05 in 1028 cells 

 Reversed flow on 594 faces of pressure-outlet 7.
   568  5.2938e-01  5.9114e-05  7.3399e-05  5.8894e-05  2.8296e-03  1.0254e-02  1.2509e-03  0:00:54    7

 turbulent viscosity limited to viscosity ratio of 1.000000e+05 in 1027 cells 

 Reversed flow on 603 faces of pressure-outlet 7.
   569  5.2771e-01  5.9076e-05  7.3222e-05  5.8757e-05  2.8242e-03  1.0203e-02  1.2487e-03  0:00:47    6

 turbulent viscosity limited to viscosity ratio of 1.000000e+05 in 1026 cells 

 Reversed flow on 598 faces of pressure-outlet 7.
   570  5.2624e-01  5.9031e-05  7.3038e-05  5.8643e-05  2.8163e-03  1.0589e-02  1.2465e-03  0:00:39    5

 turbulent viscosity limited to viscosity ratio of 1.000000e+05 in 1028 cells 

 Reversed flow on 606 faces of pressure-outlet 7.
   571  5.2547e-01  5.8986e-05  7.2858e-05  5.8540e-05  2.8087e-03  1.0793e-02  1.2444e-03  0:00:31    4

 turbulent viscosity limited to viscosity ratio of 1.000000e+05 in 1027 cells 

 Reversed flow on 599 faces of pressure-outlet 7.

  iter  continuity  x-velocity  y-velocity  z-velocity           k     epsilon  vf-phase-2     time/iter
   572  5.2422e-01  5.8954e-05  7.2677e-05  5.8440e-05  2.7991e-03  1.0059e-02  1.2423e-03  0:00:24    3

 turbulent viscosity limited to viscosity ratio of 1.000000e+05 in 1026 cells 

 Reversed flow on 586 faces of pressure-outlet 7.
   573  5.2294e-01  5.8921e-05  7.2472e-05  5.8337e-05  2.7924e-03  1.1059e-02  1.2401e-03  0:00:16    2

 turbulent viscosity limited to viscosity ratio of 1.000000e+05 in 1025 cells 

 Reversed flow on 595 faces of pressure-outlet 7.
   574  5.2193e-01  5.8868e-05  7.2287e-05  5.8223e-05  2.7811e-03  1.1491e-02  1.2380e-03  0:00:08    1

 turbulent viscosity limited to viscosity ratio of 1.000000e+05 in 1023 cells 

 Reversed flow on 590 faces of pressure-outlet 7.
   575  5.2147e-01  5.8786e-05  7.2083e-05  5.8116e-05  2.7735e-03  1.2499e-02  1.2359e-03  0:00:00    0
iterate_575: RPC returned
progress: 575/1500

  iter  continuity  x-velocity  y-velocity  z-velocity           k     epsilon  vf-phase-2     time/iter
   575  5.2147e-01  5.8786e-05  7.2083e-05  5.8116e-05  2.7735e-03  1.2499e-02  1.2359e-03  0:03:16   25

 turbulent viscosity limited to viscosity ratio of 1.000000e+05 in 1022 cells 

 Reversed flow on 587 faces of pressure-outlet 7.
   576  5.2087e-01  5.8710e-05  7.1883e-05  5.8029e-05  2.7560e-03  1.1743e-02  1.2338e-03  0:03:14   24

 turbulent viscosity limited to viscosity ratio of 1.000000e+05 in 1022 cells 

 Reversed flow on 595 faces of pressure-outlet 7.
   577  5.2025e-01  5.8642e-05  7.1677e-05  5.7930e-05  2.7405e-03  1.1159e-02  1.2317e-03  0:03:01   23

 turbulent viscosity limited to viscosity ratio of 1.000000e+05 in 1022 cells 

 Reversed flow on 586 faces of pressure-outlet 7.
   578  5.1888e-01  5.8568e-05  7.1458e-05  5.7824e-05  2.7262e-03  1.1459e-02  1.2296e-03  0:02:54   22

 turbulent viscosity limited to viscosity ratio of 1.000000e+05 in 1022 cells 

 Reversed flow on 574 faces of pressure-outlet 7.
   579  5.1871e-01  5.8500e-05  7.1262e-05  5.7733e-05  2.7063e-03  1.0372e-02  1.2276e-03  0:02:46   21

 turbulent viscosity limited to viscosity ratio of 1.000000e+05 in 1022 cells 

 Reversed flow on 569 faces of pressure-outlet 7.
   580  5.1786e-01  5.8438e-05  7.1061e-05  5.7625e-05  2.6900e-03  1.0582e-02  1.2256e-03  0:02:39   20

 turbulent viscosity limited to viscosity ratio of 1.000000e+05 in 1023 cells 

 Reversed flow on 567 faces of pressure-outlet 7.
   581  5.1665e-01  5.8366e-05  7.0860e-05  5.7522e-05  2.6740e-03  1.0598e-02  1.2237e-03  0:02:27   19

 turbulent viscosity limited to viscosity ratio of 1.000000e+05 in 1021 cells 

 Reversed flow on 562 faces of pressure-outlet 7.
   582  5.1534e-01  5.8287e-05  7.0664e-05  5.7413e-05  2.6596e-03  1.1218e-02  1.2218e-03  0:02:20   18

 turbulent viscosity limited to viscosity ratio of 1.000000e+05 in 1021 cells 

 Reversed flow on 565 faces of pressure-outlet 7.
   583  5.1418e-01  5.8222e-05  7.0462e-05  5.7309e-05  2.6375e-03  1.0280e-02  1.2200e-03  0:02:13   17

 turbulent viscosity limited to viscosity ratio of 1.000000e+05 in 1020 cells 

 Reversed flow on 547 faces of pressure-outlet 7.
   584  5.1330e-01  5.8156e-05  7.0245e-05  5.7206e-05  2.6226e-03  1.1310e-02  1.2182e-03  0:02:06   16

 turbulent viscosity limited to viscosity ratio of 1.000000e+05 in 1020 cells 

 Reversed flow on 543 faces of pressure-outlet 7.
   585  5.1291e-01  5.8099e-05  7.0091e-05  5.7125e-05  2.6029e-03  1.0624e-02  1.2163e-03  0:01:58   15

 turbulent viscosity limited to viscosity ratio of 1.000000e+05 in 1019 cells 

 Reversed flow on 552 faces of pressure-outlet 7.

  iter  continuity  x-velocity  y-velocity  z-velocity           k     epsilon  vf-phase-2     time/iter
   586  5.1203e-01  5.8048e-05  6.9948e-05  5.7031e-05  2.5910e-03  1.1591e-02  1.2145e-03  0:01:48   14

 turbulent viscosity limited to viscosity ratio of 1.000000e+05 in 1019 cells 

 Reversed flow on 548 faces of pressure-outlet 7.
   587  5.1050e-01  5.7980e-05  6.9785e-05  5.6926e-05  2.5728e-03  9.8387e-03  1.2128e-03  0:01:41   13

 turbulent viscosity limited to viscosity ratio of 1.000000e+05 in 1018 cells 

 Reversed flow on 533 faces of pressure-outlet 7.
   588  5.0991e-01  5.7930e-05  6.9622e-05  5.6819e-05  2.5586e-03  1.1125e-02  1.2111e-03  0:01:34   12

 turbulent viscosity limited to viscosity ratio of 1.000000e+05 in 1018 cells 

 Reversed flow on 541 faces of pressure-outlet 7.
   589  5.0945e-01  5.7875e-05  6.9453e-05  5.6745e-05  2.5469e-03  1.0584e-02  1.2094e-03  0:01:26   11

 turbulent viscosity limited to viscosity ratio of 1.000000e+05 in 1018 cells 

 Reversed flow on 535 faces of pressure-outlet 7.
   590  5.0911e-01  5.7851e-05  6.9311e-05  5.6682e-05  2.5363e-03  1.0339e-02  1.2077e-03  0:01:17   10

 turbulent viscosity limited to viscosity ratio of 1.000000e+05 in 1018 cells 

 Reversed flow on 536 faces of pressure-outlet 7.
   591  5.0867e-01  5.7811e-05  6.9170e-05  5.6618e-05  2.5233e-03  1.0193e-02  1.2061e-03  0:01:10    9

 turbulent viscosity limited to viscosity ratio of 1.000000e+05 in 1017 cells 

 Reversed flow on 537 faces of pressure-outlet 7.
   592  5.0808e-01  5.7788e-05  6.9032e-05  5.6574e-05  2.5152e-03  1.0138e-02  1.2044e-03  0:01:02    8

 turbulent viscosity limited to viscosity ratio of 1.000000e+05 in 1016 cells 

 Reversed flow on 539 faces of pressure-outlet 7.
   593  5.0796e-01  5.7779e-05  6.8903e-05  5.6521e-05  2.5097e-03  1.0337e-02  1.2027e-03  0:00:55    7

 turbulent viscosity limited to viscosity ratio of 1.000000e+05 in 1015 cells 

 Reversed flow on 526 faces of pressure-outlet 7.
   594  5.0742e-01  5.7765e-05  6.8787e-05  5.6490e-05  2.5022e-03  1.0315e-02  1.2012e-03  0:00:47    6

 turbulent viscosity limited to viscosity ratio of 1.000000e+05 in 1013 cells 

 Reversed flow on 520 faces of pressure-outlet 7.
   595  5.0708e-01  5.7750e-05  6.8695e-05  5.6469e-05  2.4986e-03  1.0142e-02  1.1996e-03  0:00:39    5

 turbulent viscosity limited to viscosity ratio of 1.000000e+05 in 1013 cells 

 Reversed flow on 522 faces of pressure-outlet 7.
   596  5.0730e-01  5.7741e-05  6.8583e-05  5.6417e-05  2.4912e-03  9.6020e-03  1.1981e-03  0:00:31    4

 turbulent viscosity limited to viscosity ratio of 1.000000e+05 in 1012 cells 

 Reversed flow on 523 faces of pressure-outlet 7.

  iter  continuity  x-velocity  y-velocity  z-velocity           k     epsilon  vf-phase-2     time/iter
   597  5.0715e-01  5.7730e-05  6.8476e-05  5.6366e-05  2.4859e-03  9.1369e-03  1.1965e-03  0:00:23    3

 turbulent viscosity limited to viscosity ratio of 1.000000e+05 in 1012 cells 

 Reversed flow on 504 faces of pressure-outlet 7.
   598  5.0664e-01  5.7694e-05  6.8394e-05  5.6316e-05  2.4842e-03  9.7590e-03  1.1949e-03  0:00:16    2

 turbulent viscosity limited to viscosity ratio of 1.000000e+05 in 1011 cells 

 Reversed flow on 512 faces of pressure-outlet 7.
   599  5.0560e-01  5.7682e-05  6.8344e-05  5.6250e-05  2.4819e-03  9.7640e-03  1.1932e-03  0:00:08    1

iterate_600: RPC returned
progress: 600/1500
 turbulent viscosity limited to viscosity ratio of 1.000000e+05 in 1010 cells 

 Reversed flow on 505 faces of pressure-outlet 7.
   600  5.0487e-01  5.7700e-05  6.8289e-05  5.6179e-05  2.4790e-03  1.0743e-02  1.1915e-03  0:00:00    0

  iter  continuity  x-velocity  y-velocity  z-velocity           k     epsilon  vf-phase-2     time/iter
   600  5.0487e-01  5.7700e-05  6.8289e-05  5.6179e-05  2.4790e-03  1.0743e-02  1.1915e-03  0:03:12   25

 turbulent viscosity limited to viscosity ratio of 1.000000e+05 in 1010 cells 

 Reversed flow on 505 faces of pressure-outlet 7.
   601  5.0469e-01  5.7689e-05  6.8252e-05  5.6093e-05  2.4738e-03  1.0204e-02  1.1897e-03  0:03:06   24

 turbulent viscosity limited to viscosity ratio of 1.000000e+05 in 1009 cells 

 Reversed flow on 490 faces of pressure-outlet 7.
   602  5.0490e-01  5.7670e-05  6.8228e-05  5.6049e-05  2.4731e-03  1.0566e-02  1.1879e-03  0:02:59   23

 turbulent viscosity limited to viscosity ratio of 1.000000e+05 in 1008 cells 

 Reversed flow on 494 faces of pressure-outlet 7.
   603  5.0436e-01  5.7665e-05  6.8179e-05  5.5986e-05  2.4703e-03  1.0106e-02  1.1859e-03  0:02:52   22

 turbulent viscosity limited to viscosity ratio of 1.000000e+05 in 1006 cells 

 Reversed flow on 492 faces of pressure-outlet 7.
   604  5.0404e-01  5.7638e-05  6.8146e-05  5.5930e-05  2.4680e-03  1.0219e-02  1.1839e-03  0:02:45   21

 turbulent viscosity limited to viscosity ratio of 1.000000e+05 in 1006 cells 

 Reversed flow on 489 faces of pressure-outlet 7.
   605  5.0383e-01  5.7643e-05  6.8096e-05  5.5843e-05  2.4663e-03  9.5137e-03  1.1818e-03  0:02:34   20

 turbulent viscosity limited to viscosity ratio of 1.000000e+05 in 1005 cells 

 Reversed flow on 474 faces of pressure-outlet 7.
   606  5.0325e-01  5.7613e-05  6.8081e-05  5.5762e-05  2.4588e-03  8.7993e-03  1.1795e-03  0:02:27   19

 turbulent viscosity limited to viscosity ratio of 1.000000e+05 in 1005 cells 

 Reversed flow on 483 faces of pressure-outlet 7.
   607  5.0253e-01  5.7601e-05  6.8052e-05  5.5677e-05  2.4603e-03  9.4770e-03  1.1771e-03  0:02:21   18

 turbulent viscosity limited to viscosity ratio of 1.000000e+05 in 1004 cells 

 Reversed flow on 478 faces of pressure-outlet 7.
   608  5.0166e-01  5.7589e-05  6.8021e-05  5.5586e-05  2.4576e-03  9.5524e-03  1.1746e-03  0:02:13   17

 turbulent viscosity limited to viscosity ratio of 1.000000e+05 in 1003 cells 

 Reversed flow on 478 faces of pressure-outlet 7.
   609  5.0115e-01  5.7558e-05  6.8007e-05  5.5515e-05  2.4568e-03  9.7773e-03  1.1719e-03  0:02:06   16

 turbulent viscosity limited to viscosity ratio of 1.000000e+05 in 1002 cells 

 Reversed flow on 463 faces of pressure-outlet 7.
   610  5.0029e-01  5.7546e-05  6.7982e-05  5.5428e-05  2.4577e-03  1.0773e-02  1.1691e-03  0:01:56   15

 turbulent viscosity limited to viscosity ratio of 1.000000e+05 in 1001 cells 

 Reversed flow on 471 faces of pressure-outlet 7.

  iter  continuity  x-velocity  y-velocity  z-velocity           k     epsilon  vf-phase-2     time/iter
   611  4.9991e-01  5.7544e-05  6.7920e-05  5.5333e-05  2.4570e-03  1.0324e-02  1.1663e-03  0:01:49   14

 turbulent viscosity limited to viscosity ratio of 1.000000e+05 in 1001 cells 

 Reversed flow on 463 faces of pressure-outlet 7.
   612  4.9960e-01  5.7534e-05  6.7876e-05  5.5257e-05  2.4543e-03  9.9342e-03  1.1634e-03  0:01:42   13

 turbulent viscosity limited to viscosity ratio of 1.000000e+05 in 1001 cells 

 Reversed flow on 455 faces of pressure-outlet 7.
   613  4.9891e-01  5.7515e-05  6.7844e-05  5.5167e-05  2.4541e-03  9.9483e-03  1.1603e-03  0:01:34   12

 turbulent viscosity limited to viscosity ratio of 1.000000e+05 in 1001 cells 

 Reversed flow on 450 faces of pressure-outlet 7.
   614  4.9818e-01  5.7509e-05  6.7800e-05  5.5063e-05  2.4513e-03  9.6306e-03  1.1572e-03  0:01:27   11

 turbulent viscosity limited to viscosity ratio of 1.000000e+05 in 1000 cells 

 Reversed flow on 449 faces of pressure-outlet 7.
   615  4.9780e-01  5.7500e-05  6.7762e-05  5.4963e-05  2.4523e-03  1.0066e-02  1.1541e-03  0:01:19   10

 turbulent viscosity limited to viscosity ratio of 1.000000e+05 in 1000 cells 

 Reversed flow on 444 faces of pressure-outlet 7.
   616  4.9693e-01  5.7495e-05  6.7704e-05  5.4853e-05  2.4515e-03  9.5565e-03  1.1508e-03  0:01:11    9

 turbulent viscosity limited to viscosity ratio of 1.000000e+05 in 999 cells 

 Reversed flow on 447 faces of pressure-outlet 7.
   617  4.9636e-01  5.7504e-05  6.7671e-05  5.4748e-05  2.4497e-03  9.6565e-03  1.1475e-03  0:01:03    8

 turbulent viscosity limited to viscosity ratio of 1.000000e+05 in 998 cells 

 Reversed flow on 438 faces of pressure-outlet 7.
   618  4.9567e-01  5.7488e-05  6.7629e-05  5.4629e-05  2.4521e-03  1.0002e-02  1.1441e-03  0:00:56    7

 turbulent viscosity limited to viscosity ratio of 1.000000e+05 in 998 cells 

 Reversed flow on 432 faces of pressure-outlet 7.
   619  4.9486e-01  5.7468e-05  6.7590e-05  5.4538e-05  2.4532e-03  1.0636e-02  1.1407e-03  0:00:48    6

 turbulent viscosity limited to viscosity ratio of 1.000000e+05 in 997 cells 

 Reversed flow on 433 faces of pressure-outlet 7.
   620  4.9429e-01  5.7453e-05  6.7538e-05  5.4443e-05  2.4504e-03  1.0505e-02  1.1373e-03  0:00:39    5

 turbulent viscosity limited to viscosity ratio of 1.000000e+05 in 996 cells 

 Reversed flow on 435 faces of pressure-outlet 7.
   621  4.9398e-01  5.7431e-05  6.7490e-05  5.4330e-05  2.4467e-03  9.3368e-03  1.1338e-03  0:00:31    4

 turbulent viscosity limited to viscosity ratio of 1.000000e+05 in 994 cells 

 Reversed flow on 426 faces of pressure-outlet 7.

  iter  continuity  x-velocity  y-velocity  z-velocity           k     epsilon  vf-phase-2     time/iter
   622  4.9290e-01  5.7400e-05  6.7435e-05  5.4201e-05  2.4431e-03  8.6761e-03  1.1304e-03  0:00:24    3

 turbulent viscosity limited to viscosity ratio of 1.000000e+05 in 994 cells 

 Reversed flow on 420 faces of pressure-outlet 7.
   623  4.9162e-01  5.7398e-05  6.7388e-05  5.4070e-05  2.4447e-03  8.9540e-03  1.1269e-03  0:00:16    2

 turbulent viscosity limited to viscosity ratio of 1.000000e+05 in 992 cells 

 Reversed flow on 417 faces of pressure-outlet 7.
   624  4.9114e-01  5.7366e-05  6.7354e-05  5.3943e-05  2.4476e-03  9.4897e-03  1.1235e-03  0:00:08    1

 turbulent viscosity limited to viscosity ratio of 1.000000e+05 in 990 cells 

 Reversed flow on 415 faces of pressure-outlet 7.
   625  4.9037e-01  5.7338e-05  6.7308e-05  5.3801e-05  2.4506e-03  1.0181e-02  1.1201e-03  0:00:00    0
iterate_625: RPC returned
progress: 625/1500

  iter  continuity  x-velocity  y-velocity  z-velocity           k     epsilon  vf-phase-2     time/iter
   625  4.9037e-01  5.7338e-05  6.7308e-05  5.3801e-05  2.4506e-03  1.0181e-02  1.1201e-03  0:03:13   25

 turbulent viscosity limited to viscosity ratio of 1.000000e+05 in 987 cells 

 Reversed flow on 424 faces of pressure-outlet 7.
   626  4.8966e-01  5.7320e-05  6.7259e-05  5.3696e-05  2.4512e-03  9.6923e-03  1.1169e-03  0:03:07   24

 turbulent viscosity limited to viscosity ratio of 1.000000e+05 in 987 cells 

 Reversed flow on 427 faces of pressure-outlet 7.
   627  4.8876e-01  5.7290e-05  6.7192e-05  5.3588e-05  2.4497e-03  9.4088e-03  1.1137e-03  0:03:00   23

 turbulent viscosity limited to viscosity ratio of 1.000000e+05 in 985 cells 

 Reversed flow on 420 faces of pressure-outlet 7.
   628  4.8796e-01  5.7267e-05  6.7138e-05  5.3466e-05  2.4515e-03  9.8889e-03  1.1106e-03  0:02:53   22

 turbulent viscosity limited to viscosity ratio of 1.000000e+05 in 983 cells 

 Reversed flow on 416 faces of pressure-outlet 7.
   629  4.8743e-01  5.7259e-05  6.7080e-05  5.3338e-05  2.4508e-03  1.0138e-02  1.1077e-03  0:02:46   21

 turbulent viscosity limited to viscosity ratio of 1.000000e+05 in 983 cells 

 Reversed flow on 416 faces of pressure-outlet 7.
   630  4.8684e-01  5.7212e-05  6.7007e-05  5.3236e-05  2.4499e-03  9.5741e-03  1.1049e-03  0:02:34   20

 turbulent viscosity limited to viscosity ratio of 1.000000e+05 in 983 cells 

 Reversed flow on 417 faces of pressure-outlet 7.
   631  4.8604e-01  5.7162e-05  6.6943e-05  5.3121e-05  2.4522e-03  9.8639e-03  1.1023e-03  0:02:28   19

 turbulent viscosity limited to viscosity ratio of 1.000000e+05 in 982 cells 

 Reversed flow on 416 faces of pressure-outlet 7.
   632  4.8587e-01  5.7121e-05  6.6896e-05  5.3017e-05  2.4492e-03  9.2557e-03  1.0998e-03  0:02:21   18

 turbulent viscosity limited to viscosity ratio of 1.000000e+05 in 982 cells 

 Reversed flow on 417 faces of pressure-outlet 7.
   633  4.8549e-01  5.7081e-05  6.6815e-05  5.2917e-05  2.4509e-03  1.0269e-02  1.0974e-03  0:02:13   17

 turbulent viscosity limited to viscosity ratio of 1.000000e+05 in 981 cells 

 Reversed flow on 412 faces of pressure-outlet 7.
   634  4.8501e-01  5.7033e-05  6.6755e-05  5.2832e-05  2.4474e-03  9.0692e-03  1.0951e-03  0:02:06   16

 turbulent viscosity limited to viscosity ratio of 1.000000e+05 in 981 cells 

 Reversed flow on 417 faces of pressure-outlet 7.
   635  4.8473e-01  5.6983e-05  6.6688e-05  5.2753e-05  2.4495e-03  1.0323e-02  1.0929e-03  0:01:56   15

 turbulent viscosity limited to viscosity ratio of 1.000000e+05 in 981 cells 

 Reversed flow on 417 faces of pressure-outlet 7.

  iter  continuity  x-velocity  y-velocity  z-velocity           k     epsilon  vf-phase-2     time/iter
   636  4.8401e-01  5.6900e-05  6.6642e-05  5.2699e-05  2.4484e-03  1.1088e-02  1.0910e-03  0:01:49   14

 turbulent viscosity limited to viscosity ratio of 1.000000e+05 in 981 cells 

 Reversed flow on 419 faces of pressure-outlet 7.
   637  4.8285e-01  5.6820e-05  6.6582e-05  5.2629e-05  2.4458e-03  1.0516e-02  1.0891e-03  0:01:42   13

 turbulent viscosity limited to viscosity ratio of 1.000000e+05 in 981 cells 

 Reversed flow on 406 faces of pressure-outlet 7.
   638  4.8173e-01  5.6724e-05  6.6519e-05  5.2572e-05  2.4451e-03  1.0930e-02  1.0874e-03  0:01:34   12

 turbulent viscosity limited to viscosity ratio of 1.000000e+05 in 981 cells 

 Reversed flow on 413 faces of pressure-outlet 7.
   639  4.8108e-01  5.6630e-05  6.6459e-05  5.2541e-05  2.4416e-03  1.0448e-02  1.0858e-03  0:01:27   11

 turbulent viscosity limited to viscosity ratio of 1.000000e+05 in 980 cells 

 Reversed flow on 404 faces of pressure-outlet 7.
   640  4.8029e-01  5.6522e-05  6.6369e-05  5.2471e-05  2.4375e-03  9.8796e-03  1.0843e-03  0:01:17   10

 turbulent viscosity limited to viscosity ratio of 1.000000e+05 in 980 cells 

 Reversed flow on 399 faces of pressure-outlet 7.
   641  4.8012e-01  5.6417e-05  6.6287e-05  5.2424e-05  2.4350e-03  1.0512e-02  1.0830e-03  0:01:10    9

 turbulent viscosity limited to viscosity ratio of 1.000000e+05 in 979 cells 

 Reversed flow on 403 faces of pressure-outlet 7.
   642  4.7918e-01  5.6298e-05  6.6199e-05  5.2367e-05  2.4287e-03  9.9182e-03  1.0817e-03  0:01:02    8

 turbulent viscosity limited to viscosity ratio of 1.000000e+05 in 977 cells 

 Reversed flow on 403 faces of pressure-outlet 7.
   643  4.7852e-01  5.6183e-05  6.6114e-05  5.2324e-05  2.4247e-03  1.0423e-02  1.0806e-03  0:00:55    7

 turbulent viscosity limited to viscosity ratio of 1.000000e+05 in 979 cells 

 Reversed flow on 405 faces of pressure-outlet 7.
   644  4.7775e-01  5.6081e-05  6.6007e-05  5.2294e-05  2.4219e-03  1.0891e-02  1.0795e-03  0:00:46    6

 turbulent viscosity limited to viscosity ratio of 1.000000e+05 in 978 cells 

 Reversed flow on 397 faces of pressure-outlet 7.
   645  4.7675e-01  5.5971e-05  6.5930e-05  5.2277e-05  2.4130e-03  1.0117e-02  1.0785e-03  0:00:39    5

 turbulent viscosity limited to viscosity ratio of 1.000000e+05 in 978 cells 

 Reversed flow on 395 faces of pressure-outlet 7.
   646  4.7563e-01  5.5869e-05  6.5814e-05  5.2242e-05  2.4084e-03  9.9312e-03  1.0776e-03  0:00:31    4

 turbulent viscosity limited to viscosity ratio of 1.000000e+05 in 979 cells 

 Reversed flow on 400 faces of pressure-outlet 7.

  iter  continuity  x-velocity  y-velocity  z-velocity           k     epsilon  vf-phase-2     time/iter
   647  4.7460e-01  5.5758e-05  6.5717e-05  5.2206e-05  2.4042e-03  9.8763e-03  1.0768e-03  0:00:24    3

 turbulent viscosity limited to viscosity ratio of 1.000000e+05 in 979 cells 

 Reversed flow on 393 faces of pressure-outlet 7.
   648  4.7351e-01  5.5652e-05  6.5619e-05  5.2158e-05  2.3981e-03  9.7165e-03  1.0760e-03  0:00:16    2

 turbulent viscosity limited to viscosity ratio of 1.000000e+05 in 979 cells 

 Reversed flow on 398 faces of pressure-outlet 7.
   649  4.7228e-01  5.5546e-05  6.5539e-05  5.2120e-05  2.3922e-03  9.5933e-03  1.0753e-03  0:00:08    1

 turbulent viscosity limited to viscosity ratio of 1.000000e+05 in 979 cells 

 Reversed flow on 397 faces of pressure-outlet 7.
   650  4.7136e-01  5.5450e-05  6.5435e-05  5.2080e-05  2.3868e-03  9.3862e-03  1.0747e-03  0:00:00    0
iterate_650: RPC returned
progress: 650/1500

  iter  continuity  x-velocity  y-velocity  z-velocity           k     epsilon  vf-phase-2     time/iter
   650  4.7136e-01  5.5450e-05  6.5435e-05  5.2080e-05  2.3868e-03  9.3862e-03  1.0747e-03  0:03:14   25

 turbulent viscosity limited to viscosity ratio of 1.000000e+05 in 977 cells 

 Reversed flow on 398 faces of pressure-outlet 7.
   651  4.7085e-01  5.5350e-05  6.5353e-05  5.2053e-05  2.3811e-03  9.7548e-03  1.0741e-03  0:03:12   24

 turbulent viscosity limited to viscosity ratio of 1.000000e+05 in 977 cells 

 Reversed flow on 404 faces of pressure-outlet 7.
   652  4.7040e-01  5.5263e-05  6.5272e-05  5.2022e-05  2.3739e-03  9.5586e-03  1.0735e-03  0:03:04   23

 turbulent viscosity limited to viscosity ratio of 1.000000e+05 in 976 cells 

 Reversed flow on 407 faces of pressure-outlet 7.
   653  4.6985e-01  5.5182e-05  6.5188e-05  5.1982e-05  2.3686e-03  9.4635e-03  1.0730e-03  0:02:56   22

 turbulent viscosity limited to viscosity ratio of 1.000000e+05 in 977 cells 

 Reversed flow on 407 faces of pressure-outlet 7.
   654  4.6919e-01  5.5099e-05  6.5097e-05  5.1959e-05  2.3593e-03  8.8966e-03  1.0725e-03  0:02:44   21

 turbulent viscosity limited to viscosity ratio of 1.000000e+05 in 975 cells 

 Reversed flow on 393 faces of pressure-outlet 7.
   655  4.6834e-01  5.4997e-05  6.5026e-05  5.1913e-05  2.3532e-03  9.2298e-03  1.0721e-03  0:02:37   20

 turbulent viscosity limited to viscosity ratio of 1.000000e+05 in 974 cells 

 Reversed flow on 381 faces of pressure-outlet 7.
   656  4.6731e-01  5.4907e-05  6.4951e-05  5.1885e-05  2.3480e-03  9.3192e-03  1.0718e-03  0:02:30   19

 turbulent viscosity limited to viscosity ratio of 1.000000e+05 in 976 cells 

 Reversed flow on 397 faces of pressure-outlet 7.
   657  4.6652e-01  5.4819e-05  6.4874e-05  5.1852e-05  2.3412e-03  9.3078e-03  1.0715e-03  0:02:22   18

 turbulent viscosity limited to viscosity ratio of 1.000000e+05 in 976 cells 

 Reversed flow on 404 faces of pressure-outlet 7.
   658  4.6623e-01  5.4738e-05  6.4804e-05  5.1797e-05  2.3357e-03  9.0768e-03  1.0712e-03  0:02:11   17

 turbulent viscosity limited to viscosity ratio of 1.000000e+05 in 975 cells 

 Reversed flow on 403 faces of pressure-outlet 7.
   659  4.6532e-01  5.4667e-05  6.4727e-05  5.1731e-05  2.3296e-03  9.1067e-03  1.0709e-03  0:02:04   16

 turbulent viscosity limited to viscosity ratio of 1.000000e+05 in 974 cells 

 Reversed flow on 395 faces of pressure-outlet 7.
   660  4.6452e-01  5.4600e-05  6.4642e-05  5.1642e-05  2.3248e-03  9.2502e-03  1.0707e-03  0:01:57   15

 turbulent viscosity limited to viscosity ratio of 1.000000e+05 in 974 cells 

 Reversed flow on 394 faces of pressure-outlet 7.

  iter  continuity  x-velocity  y-velocity  z-velocity           k     epsilon  vf-phase-2     time/iter
   661  4.6359e-01  5.4543e-05  6.4559e-05  5.1545e-05  2.3205e-03  9.3937e-03  1.0705e-03  0:01:50   14

 turbulent viscosity limited to viscosity ratio of 1.000000e+05 in 972 cells 

 Reversed flow on 401 faces of pressure-outlet 7.
   662  4.6245e-01  5.4481e-05  6.4470e-05  5.1464e-05  2.3138e-03  9.3325e-03  1.0703e-03  0:01:43   13

 turbulent viscosity limited to viscosity ratio of 1.000000e+05 in 970 cells 

 Reversed flow on 399 faces of pressure-outlet 7.
   663  4.6098e-01  5.4418e-05  6.4360e-05  5.1377e-05  2.3080e-03  9.3860e-03  1.0702e-03  0:01:35   12

 turbulent viscosity limited to viscosity ratio of 1.000000e+05 in 969 cells 

 Reversed flow on 414 faces of pressure-outlet 7.
   664  4.6060e-01  5.4359e-05  6.4258e-05  5.1291e-05  2.3016e-03  8.9625e-03  1.0700e-03  0:01:25   11

 turbulent viscosity limited to viscosity ratio of 1.000000e+05 in 968 cells 

 Reversed flow on 413 faces of pressure-outlet 7.
   665  4.5991e-01  5.4302e-05  6.4161e-05  5.1199e-05  2.2966e-03  8.9131e-03  1.0699e-03  0:01:18   10

 turbulent viscosity limited to viscosity ratio of 1.000000e+05 in 967 cells 

 Reversed flow on 413 faces of pressure-outlet 7.
   666  4.5916e-01  5.4243e-05  6.4065e-05  5.1100e-05  2.2910e-03  8.6121e-03  1.0697e-03  0:01:10    9

 turbulent viscosity limited to viscosity ratio of 1.000000e+05 in 966 cells 

 Reversed flow on 403 faces of pressure-outlet 7.
   667  4.5823e-01  5.4194e-05  6.3929e-05  5.0987e-05  2.2853e-03  8.6783e-03  1.0695e-03  0:01:03    8

 turbulent viscosity limited to viscosity ratio of 1.000000e+05 in 963 cells 

 Reversed flow on 418 faces of pressure-outlet 7.
   668  4.5745e-01  5.4137e-05  6.3807e-05  5.0850e-05  2.2823e-03  9.1577e-03  1.0694e-03  0:00:55    7

 turbulent viscosity limited to viscosity ratio of 1.000000e+05 in 962 cells 

 Reversed flow on 422 faces of pressure-outlet 7.
   669  4.5646e-01  5.4094e-05  6.3676e-05  5.0727e-05  2.2788e-03  9.0855e-03  1.0693e-03  0:00:46    6

 turbulent viscosity limited to viscosity ratio of 1.000000e+05 in 961 cells 

 Reversed flow on 420 faces of pressure-outlet 7.
   670  4.5595e-01  5.4046e-05  6.3554e-05  5.0618e-05  2.2781e-03  9.7920e-03  1.0691e-03  0:00:39    5

 turbulent viscosity limited to viscosity ratio of 1.000000e+05 in 961 cells 

 Reversed flow on 432 faces of pressure-outlet 7.
   671  4.5502e-01  5.4026e-05  6.3447e-05  5.0499e-05  2.2724e-03  9.1882e-03  1.0690e-03  0:00:31    4

 turbulent viscosity limited to viscosity ratio of 1.000000e+05 in 959 cells 

 Reversed flow on 425 faces of pressure-outlet 7.

  iter  continuity  x-velocity  y-velocity  z-velocity           k     epsilon  vf-phase-2     time/iter
   672  4.5366e-01  5.3983e-05  6.3312e-05  5.0378e-05  2.2675e-03  9.3662e-03  1.0689e-03  0:00:24    3

 turbulent viscosity limited to viscosity ratio of 1.000000e+05 in 958 cells 

 Reversed flow on 418 faces of pressure-outlet 7.
   673  4.5234e-01  5.3928e-05  6.3184e-05  5.0247e-05  2.2637e-03  9.0723e-03  1.0687e-03  0:00:16    2

 turbulent viscosity limited to viscosity ratio of 1.000000e+05 in 957 cells 

 Reversed flow on 421 faces of pressure-outlet 7.
   674  4.5177e-01  5.3882e-05  6.3051e-05  5.0108e-05  2.2604e-03  8.7652e-03  1.0685e-03  0:00:08    1

 turbulent viscosity limited to viscosity ratio of 1.000000e+05 in 957 cells 

 Reversed flow on 424 faces of pressure-outlet 7.
   675  4.5104e-01  5.3835e-05  6.2929e-05  4.9959e-05  2.2545e-03  8.6989e-03  1.0683e-03  0:00:00    0
iterate_675: RPC returned
progress: 675/1500

  iter  continuity  x-velocity  y-velocity  z-velocity           k     epsilon  vf-phase-2     time/iter
   675  4.5104e-01  5.3835e-05  6.2929e-05  4.9959e-05  2.2545e-03  8.6989e-03  1.0683e-03  0:03:14   25

 turbulent viscosity limited to viscosity ratio of 1.000000e+05 in 957 cells 

 Reversed flow on 425 faces of pressure-outlet 7.
   676  4.5059e-01  5.3791e-05  6.2795e-05  4.9810e-05  2.2521e-03  8.4625e-03  1.0681e-03  0:03:07   24

 turbulent viscosity limited to viscosity ratio of 1.000000e+05 in 955 cells 

 Reversed flow on 432 faces of pressure-outlet 7.
   677  4.5031e-01  5.3746e-05  6.2672e-05  4.9686e-05  2.2492e-03  8.7404e-03  1.0678e-03  0:03:01   23

 turbulent viscosity limited to viscosity ratio of 1.000000e+05 in 954 cells 

 Reversed flow on 435 faces of pressure-outlet 7.
   678  4.4979e-01  5.3699e-05  6.2546e-05  4.9543e-05  2.2443e-03  8.5829e-03  1.0676e-03  0:02:53   22

 turbulent viscosity limited to viscosity ratio of 1.000000e+05 in 954 cells 

 Reversed flow on 438 faces of pressure-outlet 7.
   679  4.4910e-01  5.3615e-05  6.2420e-05  4.9413e-05  2.2426e-03  8.8335e-03  1.0674e-03  0:02:42   21

 turbulent viscosity limited to viscosity ratio of 1.000000e+05 in 954 cells 

 Reversed flow on 432 faces of pressure-outlet 7.
   680  4.4851e-01  5.3535e-05  6.2301e-05  4.9279e-05  2.2386e-03  7.9533e-03  1.0672e-03  0:02:35   20

 turbulent viscosity limited to viscosity ratio of 1.000000e+05 in 954 cells 

 Reversed flow on 435 faces of pressure-outlet 7.
   681  4.4764e-01  5.3454e-05  6.2163e-05  4.9135e-05  2.2367e-03  8.6003e-03  1.0670e-03  0:02:28   19

 turbulent viscosity limited to viscosity ratio of 1.000000e+05 in 953 cells 

 Reversed flow on 434 faces of pressure-outlet 7.
   682  4.4725e-01  5.3380e-05  6.2039e-05  4.8981e-05  2.2335e-03  7.8615e-03  1.0668e-03  0:02:21   18

 turbulent viscosity limited to viscosity ratio of 1.000000e+05 in 953 cells 

 Reversed flow on 440 faces of pressure-outlet 7.
   683  4.4688e-01  5.3304e-05  6.1927e-05  4.8832e-05  2.2305e-03  8.0421e-03  1.0666e-03  0:02:11   17

 turbulent viscosity limited to viscosity ratio of 1.000000e+05 in 951 cells 

 Reversed flow on 436 faces of pressure-outlet 7.
   684  4.4615e-01  5.3218e-05  6.1810e-05  4.8695e-05  2.2308e-03  8.3616e-03  1.0662e-03  0:02:04   16

 turbulent viscosity limited to viscosity ratio of 1.000000e+05 in 951 cells 

 Reversed flow on 446 faces of pressure-outlet 7.
   685  4.4550e-01  5.3122e-05  6.1685e-05  4.8559e-05  2.2272e-03  8.1936e-03  1.0660e-03  0:01:57   15

 turbulent viscosity limited to viscosity ratio of 1.000000e+05 in 949 cells 

 Reversed flow on 456 faces of pressure-outlet 7.

  iter  continuity  x-velocity  y-velocity  z-velocity           k     epsilon  vf-phase-2     time/iter
   686  4.4457e-01  5.2996e-05  6.1539e-05  4.8430e-05  2.2234e-03  8.0894e-03  1.0659e-03  0:01:50   14

 turbulent viscosity limited to viscosity ratio of 1.000000e+05 in 950 cells 

 Reversed flow on 457 faces of pressure-outlet 7.
   687  4.4388e-01  5.2884e-05  6.1401e-05  4.8289e-05  2.2225e-03  9.4901e-03  1.0658e-03  0:01:42   13

 turbulent viscosity limited to viscosity ratio of 1.000000e+05 in 951 cells 

 Reversed flow on 457 faces of pressure-outlet 7.
   688  4.4333e-01  5.2779e-05  6.1280e-05  4.8149e-05  2.2197e-03  9.2249e-03  1.0658e-03  0:01:32   12

 turbulent viscosity limited to viscosity ratio of 1.000000e+05 in 950 cells 

 Reversed flow on 471 faces of pressure-outlet 7.
   689  4.4267e-01  5.2659e-05  6.1174e-05  4.7999e-05  2.2179e-03  8.9721e-03  1.0660e-03  0:01:25   11

 turbulent viscosity limited to viscosity ratio of 1.000000e+05 in 950 cells 

 Reversed flow on 470 faces of pressure-outlet 7.
   690  4.4215e-01  5.2536e-05  6.1051e-05  4.7858e-05  2.2121e-03  8.5500e-03  1.0663e-03  0:01:18   10

 turbulent viscosity limited to viscosity ratio of 1.000000e+05 in 950 cells 

 Reversed flow on 459 faces of pressure-outlet 7.
   691  4.4130e-01  5.2413e-05  6.0939e-05  4.7727e-05  2.2072e-03  8.5522e-03  1.0666e-03  0:01:11    9

 turbulent viscosity limited to viscosity ratio of 1.000000e+05 in 948 cells 

 Reversed flow on 469 faces of pressure-outlet 7.
   692  4.4060e-01  5.2282e-05  6.0844e-05  4.7603e-05  2.2032e-03  8.3368e-03  1.0672e-03  0:01:03    8

 turbulent viscosity limited to viscosity ratio of 1.000000e+05 in 948 cells 

 Reversed flow on 470 faces of pressure-outlet 7.
   693  4.3979e-01  5.2153e-05  6.0719e-05  4.7455e-05  2.1968e-03  8.3807e-03  1.0680e-03  0:00:54    7

 turbulent viscosity limited to viscosity ratio of 1.000000e+05 in 947 cells 

 Reversed flow on 479 faces of pressure-outlet 7.
   694  4.3906e-01  5.2024e-05  6.0596e-05  4.7298e-05  2.1918e-03  8.2896e-03  1.0691e-03  0:00:47    6

 turbulent viscosity limited to viscosity ratio of 1.000000e+05 in 947 cells 

 Reversed flow on 495 faces of pressure-outlet 7.
   695  4.3837e-01  5.1873e-05  6.0479e-05  4.7137e-05  2.1844e-03  7.8108e-03  1.0704e-03  0:00:39    5

 turbulent viscosity limited to viscosity ratio of 1.000000e+05 in 946 cells 

 Reversed flow on 482 faces of pressure-outlet 7.
   696  4.3790e-01  5.1724e-05  6.0361e-05  4.6991e-05  2.1779e-03  8.0191e-03  1.0717e-03  0:00:31    4

 turbulent viscosity limited to viscosity ratio of 1.000000e+05 in 946 cells 

 Reversed flow on 486 faces of pressure-outlet 7.

  iter  continuity  x-velocity  y-velocity  z-velocity           k     epsilon  vf-phase-2     time/iter
   697  4.3714e-01  5.1567e-05  6.0244e-05  4.6848e-05  2.1689e-03  7.6247e-03  1.0732e-03  0:00:23    3

 turbulent viscosity limited to viscosity ratio of 1.000000e+05 in 946 cells 

 Reversed flow on 490 faces of pressure-outlet 7.
   698  4.3656e-01  5.1420e-05  6.0127e-05  4.6712e-05  2.1593e-03  7.3430e-03  1.0750e-03  0:00:15    2

 turbulent viscosity limited to viscosity ratio of 1.000000e+05 in 945 cells 

 Reversed flow on 477 faces of pressure-outlet 7.
   699  4.3574e-01  5.1269e-05  5.9988e-05  4.6552e-05  2.1519e-03  7.5883e-03  1.0769e-03  0:00:08    1

 turbulent viscosity limited to viscosity ratio of 1.000000e+05 in 945 cells 

 Reversed flow on 481 faces of pressure-outlet 7.
   700  4.3508e-01  5.1130e-05  5.9860e-05  4.6391e-05  2.1441e-03  8.9075e-03  1.0789e-03  0:00:00    0
iterate_700: RPC returned
progress: 700/1500

  iter  continuity  x-velocity  y-velocity  z-velocity           k     epsilon  vf-phase-2     time/iter
   700  4.3508e-01  5.1130e-05  5.9860e-05  4.6391e-05  2.1441e-03  8.9075e-03  1.0789e-03  0:03:16   25

 turbulent viscosity limited to viscosity ratio of 1.000000e+05 in 943 cells 

 Reversed flow on 490 faces of pressure-outlet 7.
   701  4.3445e-01  5.0991e-05  5.9716e-05  4.6231e-05  2.1359e-03  9.1146e-03  1.0812e-03  0:03:14   24

 turbulent viscosity limited to viscosity ratio of 1.000000e+05 in 943 cells 

 Reversed flow on 503 faces of pressure-outlet 7.
   702  4.3349e-01  5.0858e-05  5.9594e-05  4.6072e-05  2.1244e-03  8.4892e-03  1.0835e-03  0:03:01   23

 turbulent viscosity limited to viscosity ratio of 1.000000e+05 in 940 cells 

 Reversed flow on 494 faces of pressure-outlet 7.
   703  4.3257e-01  5.0718e-05  5.9440e-05  4.5925e-05  2.1163e-03  8.7941e-03  1.0860e-03  0:02:53   22

 turbulent viscosity limited to viscosity ratio of 1.000000e+05 in 940 cells 

 Reversed flow on 484 faces of pressure-outlet 7.
   704  4.3156e-01  5.0539e-05  5.9262e-05  4.5768e-05  2.1061e-03  8.7588e-03  1.0886e-03  0:02:46   21

 turbulent viscosity limited to viscosity ratio of 1.000000e+05 in 939 cells 

 Reversed flow on 494 faces of pressure-outlet 7.
   705  4.3046e-01  5.0387e-05  5.9087e-05  4.5614e-05  2.0896e-03  7.6035e-03  1.0915e-03  0:02:39   20

 turbulent viscosity limited to viscosity ratio of 1.000000e+05 in 939 cells 

 Reversed flow on 494 faces of pressure-outlet 7.
   706  4.2941e-01  5.0211e-05  5.8906e-05  4.5444e-05  2.0778e-03  7.4033e-03  1.0944e-03  0:02:27   19

 turbulent viscosity limited to viscosity ratio of 1.000000e+05 in 939 cells 

 Reversed flow on 497 faces of pressure-outlet 7.
   707  4.2846e-01  5.0036e-05  5.8706e-05  4.5290e-05  2.0677e-03  7.6595e-03  1.0975e-03  0:02:20   18

 turbulent viscosity limited to viscosity ratio of 1.000000e+05 in 939 cells 

 Reversed flow on 503 faces of pressure-outlet 7.
   708  4.2720e-01  4.9858e-05  5.8506e-05  4.5135e-05  2.0557e-03  7.3063e-03  1.1008e-03  0:02:13   17

 turbulent viscosity limited to viscosity ratio of 1.000000e+05 in 938 cells 

 Reversed flow on 504 faces of pressure-outlet 7.
   709  4.2619e-01  4.9674e-05  5.8305e-05  4.4980e-05  2.0430e-03  7.1426e-03  1.1041e-03  0:02:06   16

 turbulent viscosity limited to viscosity ratio of 1.000000e+05 in 935 cells 

 Reversed flow on 493 faces of pressure-outlet 7.
   710  4.2514e-01  4.9484e-05  5.8087e-05  4.4840e-05  2.0325e-03  7.3016e-03  1.1075e-03  0:01:55   15

 turbulent viscosity limited to viscosity ratio of 1.000000e+05 in 935 cells 

 Reversed flow on 493 faces of pressure-outlet 7.

  iter  continuity  x-velocity  y-velocity  z-velocity           k     epsilon  vf-phase-2     time/iter
   711  4.2440e-01  4.9298e-05  5.7871e-05  4.4704e-05  2.0203e-03  7.1331e-03  1.1110e-03  0:01:49   14

 turbulent viscosity limited to viscosity ratio of 1.000000e+05 in 935 cells 

 Reversed flow on 496 faces of pressure-outlet 7.
   712  4.2345e-01  4.9095e-05  5.7651e-05  4.4561e-05  2.0079e-03  7.0411e-03  1.1145e-03  0:01:41   13

 turbulent viscosity limited to viscosity ratio of 1.000000e+05 in 935 cells 

 Reversed flow on 495 faces of pressure-outlet 7.
   713  4.2249e-01  4.8903e-05  5.7413e-05  4.4429e-05  1.9964e-03  6.7875e-03  1.1180e-03  0:01:34   12

 turbulent viscosity limited to viscosity ratio of 1.000000e+05 in 935 cells 

 Reversed flow on 490 faces of pressure-outlet 7.
   714  4.2164e-01  4.8707e-05  5.7171e-05  4.4287e-05  1.9863e-03  7.3437e-03  1.1215e-03  0:01:27   11

 turbulent viscosity limited to viscosity ratio of 1.000000e+05 in 935 cells 

 Reversed flow on 498 faces of pressure-outlet 7.
   715  4.2029e-01  4.8499e-05  5.6948e-05  4.4150e-05  1.9774e-03  7.8764e-03  1.1249e-03  0:01:17   10

 turbulent viscosity limited to viscosity ratio of 1.000000e+05 in 937 cells 

 Reversed flow on 499 faces of pressure-outlet 7.
   716  4.1897e-01  4.8291e-05  5.6710e-05  4.4030e-05  1.9686e-03  7.8221e-03  1.1284e-03  0:01:12    9

 turbulent viscosity limited to viscosity ratio of 1.000000e+05 in 937 cells 

 Reversed flow on 501 faces of pressure-outlet 7.
   717  4.1797e-01  4.8097e-05  5.6451e-05  4.3909e-05  1.9610e-03  7.6252e-03  1.1319e-03  0:01:04    8

 turbulent viscosity limited to viscosity ratio of 1.000000e+05 in 934 cells 

 Reversed flow on 510 faces of pressure-outlet 7.
   718  4.1693e-01  4.7893e-05  5.6193e-05  4.3779e-05  1.9514e-03  7.0732e-03  1.1353e-03  0:00:56    7

 turbulent viscosity limited to viscosity ratio of 1.000000e+05 in 932 cells 

 Reversed flow on 500 faces of pressure-outlet 7.
   719  4.1573e-01  4.7676e-05  5.5937e-05  4.3659e-05  1.9426e-03  7.3202e-03  1.1386e-03  0:00:47    6

 turbulent viscosity limited to viscosity ratio of 1.000000e+05 in 932 cells 

 Reversed flow on 501 faces of pressure-outlet 7.
   720  4.1454e-01  4.7477e-05  5.5686e-05  4.3555e-05  1.9345e-03  6.8599e-03  1.1419e-03  0:00:39    5

 turbulent viscosity limited to viscosity ratio of 1.000000e+05 in 932 cells 

 Reversed flow on 500 faces of pressure-outlet 7.
   721  4.1373e-01  4.7280e-05  5.5464e-05  4.3456e-05  1.9264e-03  6.7194e-03  1.1453e-03  0:00:31    4

 turbulent viscosity limited to viscosity ratio of 1.000000e+05 in 931 cells 

 Reversed flow on 505 faces of pressure-outlet 7.

  iter  continuity  x-velocity  y-velocity  z-velocity           k     epsilon  vf-phase-2     time/iter
   722  4.1247e-01  4.7083e-05  5.5241e-05  4.3369e-05  1.9199e-03  7.0494e-03  1.1487e-03  0:00:24    3

 turbulent viscosity limited to viscosity ratio of 1.000000e+05 in 930 cells 

 Reversed flow on 513 faces of pressure-outlet 7.
   723  4.1144e-01  4.6902e-05  5.5009e-05  4.3274e-05  1.9145e-03  7.1177e-03  1.1520e-03  0:00:16    2

 turbulent viscosity limited to viscosity ratio of 1.000000e+05 in 930 cells 

 Reversed flow on 515 faces of pressure-outlet 7.
   724  4.1032e-01  4.6713e-05  5.4763e-05  4.3184e-05  1.9073e-03  6.5241e-03  1.1554e-03  0:00:08    1

 turbulent viscosity limited to viscosity ratio of 1.000000e+05 in 929 cells 

 Reversed flow on 514 faces of pressure-outlet 7.
   725  4.0899e-01  4.6502e-05  5.4523e-05  4.3089e-05  1.9008e-03  6.6346e-03  1.1587e-03  0:00:00    0
iterate_725: RPC returned
progress: 725/1500

  iter  continuity  x-velocity  y-velocity  z-velocity           k     epsilon  vf-phase-2     time/iter
   725  4.0899e-01  4.6502e-05  5.4523e-05  4.3089e-05  1.9008e-03  6.6346e-03  1.1587e-03  0:03:14   25

 turbulent viscosity limited to viscosity ratio of 1.000000e+05 in 929 cells 

 Reversed flow on 506 faces of pressure-outlet 7.
   726  4.0793e-01  4.6307e-05  5.4302e-05  4.3000e-05  1.8943e-03  6.5638e-03  1.1618e-03  0:03:07   24

 turbulent viscosity limited to viscosity ratio of 1.000000e+05 in 929 cells 

 Reversed flow on 509 faces of pressure-outlet 7.
   727  4.0709e-01  4.6108e-05  5.4095e-05  4.2917e-05  1.8890e-03  6.5827e-03  1.1649e-03  0:03:00   23

 turbulent viscosity limited to viscosity ratio of 1.000000e+05 in 929 cells 

 Reversed flow on 493 faces of pressure-outlet 7.
   728  4.0620e-01  4.5922e-05  5.3894e-05  4.2830e-05  1.8853e-03  6.8427e-03  1.1680e-03  0:02:49   22

 turbulent viscosity limited to viscosity ratio of 1.000000e+05 in 927 cells 

 Reversed flow on 502 faces of pressure-outlet 7.
   729  4.0527e-01  4.5750e-05  5.3692e-05  4.2765e-05  1.8794e-03  7.1814e-03  1.1710e-03  0:02:42   21

 turbulent viscosity limited to viscosity ratio of 1.000000e+05 in 927 cells 

 Reversed flow on 501 faces of pressure-outlet 7.
   730  4.0444e-01  4.5581e-05  5.3487e-05  4.2696e-05  1.8750e-03  7.3294e-03  1.1739e-03  0:02:36   20

 turbulent viscosity limited to viscosity ratio of 1.000000e+05 in 926 cells 

 Reversed flow on 509 faces of pressure-outlet 7.
   731  4.0354e-01  4.5418e-05  5.3290e-05  4.2631e-05  1.8682e-03  7.8357e-03  1.1768e-03  0:02:29   19

 turbulent viscosity limited to viscosity ratio of 1.000000e+05 in 926 cells 

 Reversed flow on 517 faces of pressure-outlet 7.
   732  4.0239e-01  4.5235e-05  5.3117e-05  4.2567e-05  1.8624e-03  7.2938e-03  1.1797e-03  0:02:22   18

 turbulent viscosity limited to viscosity ratio of 1.000000e+05 in 926 cells 

 Reversed flow on 509 faces of pressure-outlet 7.
   733  4.0145e-01  4.5062e-05  5.2944e-05  4.2506e-05  1.8546e-03  6.7862e-03  1.1825e-03  0:02:11   17

 turbulent viscosity limited to viscosity ratio of 1.000000e+05 in 926 cells 

 Reversed flow on 505 faces of pressure-outlet 7.
   734  4.0045e-01  4.4892e-05  5.2783e-05  4.2435e-05  1.8476e-03  7.1410e-03  1.1853e-03  0:02:04   16

 turbulent viscosity limited to viscosity ratio of 1.000000e+05 in 926 cells 

 Reversed flow on 522 faces of pressure-outlet 7.
   735  3.9971e-01  4.4724e-05  5.2640e-05  4.2365e-05  1.8420e-03  6.9430e-03  1.1879e-03  0:01:57   15

 turbulent viscosity limited to viscosity ratio of 1.000000e+05 in 926 cells 

 Reversed flow on 515 faces of pressure-outlet 7.

  iter  continuity  x-velocity  y-velocity  z-velocity           k     epsilon  vf-phase-2     time/iter
   736  3.9903e-01  4.4554e-05  5.2478e-05  4.2290e-05  1.8354e-03  6.4466e-03  1.1906e-03  0:01:50   14

 turbulent viscosity limited to viscosity ratio of 1.000000e+05 in 924 cells 

 Reversed flow on 519 faces of pressure-outlet 7.
   737  3.9827e-01  4.4379e-05  5.2318e-05  4.2239e-05  1.8314e-03  6.9449e-03  1.1930e-03  0:01:42   13

 turbulent viscosity limited to viscosity ratio of 1.000000e+05 in 924 cells 

 Reversed flow on 510 faces of pressure-outlet 7.
   738  3.9745e-01  4.4212e-05  5.2159e-05  4.2186e-05  1.8263e-03  6.6298e-03  1.1953e-03  0:01:32   12

 turbulent viscosity limited to viscosity ratio of 1.000000e+05 in 923 cells 

 Reversed flow on 512 faces of pressure-outlet 7.
   739  3.9671e-01  4.4064e-05  5.2015e-05  4.2131e-05  1.8197e-03  6.4081e-03  1.1975e-03  0:01:25   11

 turbulent viscosity limited to viscosity ratio of 1.000000e+05 in 922 cells 

 Reversed flow on 518 faces of pressure-outlet 7.
   740  3.9577e-01  4.3901e-05  5.1881e-05  4.2074e-05  1.8156e-03  6.4878e-03  1.1995e-03  0:01:18   10

 turbulent viscosity limited to viscosity ratio of 1.000000e+05 in 920 cells 

 Reversed flow on 521 faces of pressure-outlet 7.
   741  3.9488e-01  4.3742e-05  5.1766e-05  4.2016e-05  1.8153e-03  8.0091e-03  1.2012e-03  0:01:11    9

 turbulent viscosity limited to viscosity ratio of 1.000000e+05 in 920 cells 

 Reversed flow on 508 faces of pressure-outlet 7.
   742  3.9424e-01  4.3602e-05  5.1644e-05  4.1961e-05  1.8103e-03  8.0631e-03  1.2027e-03  0:01:03    8

 turbulent viscosity limited to viscosity ratio of 1.000000e+05 in 918 cells 

 Reversed flow on 513 faces of pressure-outlet 7.
   743  3.9332e-01  4.3462e-05  5.1515e-05  4.1915e-05  1.8056e-03  7.5267e-03  1.2041e-03  0:00:54    7

 turbulent viscosity limited to viscosity ratio of 1.000000e+05 in 917 cells 

 Reversed flow on 504 faces of pressure-outlet 7.
   744  3.9244e-01  4.3321e-05  5.1381e-05  4.1865e-05  1.8001e-03  6.7091e-03  1.2055e-03  0:00:47    6

 turbulent viscosity limited to viscosity ratio of 1.000000e+05 in 917 cells 

 Reversed flow on 505 faces of pressure-outlet 7.
   745  3.9145e-01  4.3187e-05  5.1259e-05  4.1819e-05  1.7936e-03  6.2802e-03  1.2068e-03  0:00:39    5

 turbulent viscosity limited to viscosity ratio of 1.000000e+05 in 916 cells 

 Reversed flow on 505 faces of pressure-outlet 7.
   746  3.9069e-01  4.3049e-05  5.1127e-05  4.1768e-05  1.7893e-03  6.2274e-03  1.2080e-03  0:00:31    4

 turbulent viscosity limited to viscosity ratio of 1.000000e+05 in 915 cells 

 Reversed flow on 521 faces of pressure-outlet 7.

  iter  continuity  x-velocity  y-velocity  z-velocity           k     epsilon  vf-phase-2     time/iter
   747  3.9003e-01  4.2924e-05  5.1012e-05  4.1723e-05  1.7892e-03  6.8291e-03  1.2088e-03  0:00:24    3

 turbulent viscosity limited to viscosity ratio of 1.000000e+05 in 915 cells 

 Reversed flow on 524 faces of pressure-outlet 7.
   748  3.8901e-01  4.2807e-05  5.0900e-05  4.1677e-05  1.7857e-03  6.4570e-03  1.2094e-03  0:00:15    2

 turbulent viscosity limited to viscosity ratio of 1.000000e+05 in 915 cells 

 Reversed flow on 522 faces of pressure-outlet 7.
   749  3.8798e-01  4.2678e-05  5.0767e-05  4.1608e-05  1.7835e-03  6.9687e-03  1.2101e-03  0:00:08    1

 turbulent viscosity limited to viscosity ratio of 1.000000e+05 in 913 cells 

 Reversed flow on 517 faces of pressure-outlet 7.
   750  3.8679e-01  4.2546e-05  5.0619e-05  4.1544e-05  1.7781e-03  6.1519e-03  1.2107e-03  0:00:00    0
iterate_750: RPC returned
progress: 750/1500

=== autosave_750 ===

Writing to EN439159:"C:\Users\qtra338\Documents\enthalpy_sweep_verified_20260721_v2\case_5_1680_autosave_iter750.cas.h5" in NODE0 mode and compression level 1 ...
Grouping cells for Laplace smoothing ...
     5578299 cells,     1 zone  ...
    11355491 faces,     5 zones ...
     1026091 nodes,     1 zone  ...
  Done.
Done.
write_case_autosave_750: OK

Writing to EN439159:"C:\Users\qtra338\Documents\enthalpy_sweep_verified_20260721_v2\case_5_1680_autosave_iter750.dat.h5" in NODE0 mode and compression level 1 ...
  Writing results.
Done.
write_data_autosave_750: OK
saved_pair_autosave_750: VERIFIED

  iter  continuity  x-velocity  y-velocity  z-velocity           k     epsilon  vf-phase-2     time/iter
   750  3.8679e-01  4.2546e-05  5.0619e-05  4.1544e-05  1.7781e-03  6.1519e-03  1.2107e-03  0:03:15   25

 turbulent viscosity limited to viscosity ratio of 1.000000e+05 in 913 cells 

 Reversed flow on 498 faces of pressure-outlet 7.
   751  3.8569e-01  4.2412e-05  5.0475e-05  4.1480e-05  1.7765e-03  6.4843e-03  1.2112e-03  0:03:13   24

 turbulent viscosity limited to viscosity ratio of 1.000000e+05 in 913 cells 

 Reversed flow on 510 faces of pressure-outlet 7.
   752  3.8500e-01  4.2280e-05  5.0347e-05  4.1426e-05  1.7757e-03  6.9930e-03  1.2117e-03  0:03:00   23

 turbulent viscosity limited to viscosity ratio of 1.000000e+05 in 912 cells 

 Reversed flow on 519 faces of pressure-outlet 7.
   753  3.8413e-01  4.2172e-05  5.0213e-05  4.1341e-05  1.7740e-03  6.9137e-03  1.2122e-03  0:02:53   22

 turbulent viscosity limited to viscosity ratio of 1.000000e+05 in 911 cells 

 Reversed flow on 521 faces of pressure-outlet 7.
   754  3.8366e-01  4.2049e-05  5.0070e-05  4.1243e-05  1.7734e-03  7.4276e-03  1.2127e-03  0:02:46   21

 turbulent viscosity limited to viscosity ratio of 1.000000e+05 in 908 cells 

 Reversed flow on 515 faces of pressure-outlet 7.
   755  3.8250e-01  4.1925e-05  4.9927e-05  4.1125e-05  1.7705e-03  7.1150e-03  1.2130e-03  0:02:38   20

 turbulent viscosity limited to viscosity ratio of 1.000000e+05 in 908 cells 

 Reversed flow on 515 faces of pressure-outlet 7.
   756  3.8145e-01  4.1811e-05  4.9787e-05  4.1005e-05  1.7685e-03  7.1721e-03  1.2132e-03  0:02:31   19

 turbulent viscosity limited to viscosity ratio of 1.000000e+05 in 908 cells 

 Reversed flow on 514 faces of pressure-outlet 7.
   757  3.8041e-01  4.1692e-05  4.9630e-05  4.0879e-05  1.7670e-03  6.9497e-03  1.2137e-03  0:02:19   18

 turbulent viscosity limited to viscosity ratio of 1.000000e+05 in 907 cells 

 Reversed flow on 500 faces of pressure-outlet 7.
   758  3.7948e-01  4.1566e-05  4.9461e-05  4.0750e-05  1.7669e-03  7.4395e-03  1.2140e-03  0:02:13   17

 turbulent viscosity limited to viscosity ratio of 1.000000e+05 in 908 cells 

 Reversed flow on 506 faces of pressure-outlet 7.
   759  3.7867e-01  4.1443e-05  4.9295e-05  4.0626e-05  1.7632e-03  7.1351e-03  1.2144e-03  0:02:05   16

 turbulent viscosity limited to viscosity ratio of 1.000000e+05 in 907 cells 

 Reversed flow on 516 faces of pressure-outlet 7.
   760  3.7759e-01  4.1321e-05  4.9118e-05  4.0478e-05  1.7583e-03  6.7847e-03  1.2146e-03  0:01:58   15

 turbulent viscosity limited to viscosity ratio of 1.000000e+05 in 908 cells 

 Reversed flow on 513 faces of pressure-outlet 7.

  iter  continuity  x-velocity  y-velocity  z-velocity           k     epsilon  vf-phase-2     time/iter
   761  3.7622e-01  4.1187e-05  4.8926e-05  4.0329e-05  1.7553e-03  6.8117e-03  1.2146e-03  0:01:51   14

 turbulent viscosity limited to viscosity ratio of 1.000000e+05 in 907 cells 

 Reversed flow on 516 faces of pressure-outlet 7.
   762  3.7496e-01  4.1046e-05  4.8742e-05  4.0174e-05  1.7533e-03  7.0629e-03  1.2148e-03  0:01:40   13

 turbulent viscosity limited to viscosity ratio of 1.000000e+05 in 907 cells 

 Reversed flow on 509 faces of pressure-outlet 7.
   763  3.7372e-01  4.0916e-05  4.8550e-05  4.0025e-05  1.7507e-03  6.6878e-03  1.2149e-03  0:01:33   12

 turbulent viscosity limited to viscosity ratio of 1.000000e+05 in 906 cells 

 Reversed flow on 519 faces of pressure-outlet 7.
   764  3.7277e-01  4.0785e-05  4.8363e-05  3.9860e-05  1.7476e-03  6.8450e-03  1.2150e-03  0:01:26   11

 turbulent viscosity limited to viscosity ratio of 1.000000e+05 in 905 cells 

 Reversed flow on 522 faces of pressure-outlet 7.
   765  3.7169e-01  4.0651e-05  4.8173e-05  3.9694e-05  1.7435e-03  6.6100e-03  1.2150e-03  0:01:19   10

 turbulent viscosity limited to viscosity ratio of 1.000000e+05 in 905 cells 

 Reversed flow on 511 faces of pressure-outlet 7.
   766  3.7042e-01  4.0522e-05  4.7968e-05  3.9513e-05  1.7446e-03  7.9937e-03  1.2149e-03  0:01:11    9

 turbulent viscosity limited to viscosity ratio of 1.000000e+05 in 905 cells 

 Reversed flow on 516 faces of pressure-outlet 7.
   767  3.6918e-01  4.0384e-05  4.7769e-05  3.9351e-05  1.7399e-03  7.5954e-03  1.2147e-03  0:01:03    8

 turbulent viscosity limited to viscosity ratio of 1.000000e+05 in 905 cells 

 Reversed flow on 515 faces of pressure-outlet 7.
   768  3.6774e-01  4.0229e-05  4.7570e-05  3.9183e-05  1.7361e-03  7.5652e-03  1.2143e-03  0:00:55    7

 turbulent viscosity limited to viscosity ratio of 1.000000e+05 in 906 cells 

 Reversed flow on 518 faces of pressure-outlet 7.
   769  3.6623e-01  4.0076e-05  4.7373e-05  3.9000e-05  1.7310e-03  7.1038e-03  1.2138e-03  0:00:48    6

 turbulent viscosity limited to viscosity ratio of 1.000000e+05 in 905 cells 

 Reversed flow on 519 faces of pressure-outlet 7.
   770  3.6468e-01  3.9930e-05  4.7166e-05  3.8834e-05  1.7275e-03  7.4916e-03  1.2133e-03  0:00:40    5

 turbulent viscosity limited to viscosity ratio of 1.000000e+05 in 904 cells 

 Reversed flow on 515 faces of pressure-outlet 7.
   771  3.6312e-01  3.9771e-05  4.6958e-05  3.8670e-05  1.7240e-03  7.6499e-03  1.2128e-03  0:00:32    4

 turbulent viscosity limited to viscosity ratio of 1.000000e+05 in 904 cells 

 Reversed flow on 515 faces of pressure-outlet 7.

  iter  continuity  x-velocity  y-velocity  z-velocity           k     epsilon  vf-phase-2     time/iter
   772  3.6160e-01  3.9614e-05  4.6749e-05  3.8490e-05  1.7209e-03  8.0704e-03  1.2121e-03  0:00:24    3

 turbulent viscosity limited to viscosity ratio of 1.000000e+05 in 904 cells 

 Reversed flow on 527 faces of pressure-outlet 7.
   773  3.6026e-01  3.9480e-05  4.6550e-05  3.8324e-05  1.7192e-03  7.9274e-03  1.2113e-03  0:00:16    2

 turbulent viscosity limited to viscosity ratio of 1.000000e+05 in 903 cells 

 Reversed flow on 519 faces of pressure-outlet 7.
   774  3.5894e-01  3.9335e-05  4.6344e-05  3.8162e-05  1.7160e-03  8.8159e-03  1.2106e-03  0:00:08    1

 turbulent viscosity limited to viscosity ratio of 1.000000e+05 in 903 cells 

 Reversed flow on 515 faces of pressure-outlet 7.
   775  3.5742e-01  3.9191e-05  4.6134e-05  3.8003e-05  1.7177e-03  1.3022e-02  1.2097e-03  0:00:00    0
iterate_775: RPC returned
progress: 775/1500

  iter  continuity  x-velocity  y-velocity  z-velocity           k     epsilon  vf-phase-2     time/iter
   775  3.5742e-01  3.9191e-05  4.6134e-05  3.8003e-05  1.7177e-03  1.3022e-02  1.2097e-03  0:03:15   25

 turbulent viscosity limited to viscosity ratio of 1.000000e+05 in 902 cells 

 Reversed flow on 524 faces of pressure-outlet 7.
   776  3.5613e-01  3.9051e-05  4.5912e-05  3.7857e-05  1.7105e-03  1.0560e-02  1.2088e-03  0:03:08   24

 turbulent viscosity limited to viscosity ratio of 1.000000e+05 in 902 cells 

 Reversed flow on 533 faces of pressure-outlet 7.
   777  3.5479e-01  3.8890e-05  4.5693e-05  3.7717e-05  1.7118e-03  1.0834e-02  1.2077e-03  0:03:01   23

 turbulent viscosity limited to viscosity ratio of 1.000000e+05 in 902 cells 

 Reversed flow on 531 faces of pressure-outlet 7.
   778  3.5312e-01  3.8727e-05  4.5480e-05  3.7576e-05  1.7020e-03  8.6736e-03  1.2066e-03  0:02:54   22

 turbulent viscosity limited to viscosity ratio of 1.000000e+05 in 902 cells 

 Reversed flow on 528 faces of pressure-outlet 7.
   779  3.5160e-01  3.8575e-05  4.5282e-05  3.7447e-05  1.6963e-03  8.5338e-03  1.2056e-03  0:02:42   21

 turbulent viscosity limited to viscosity ratio of 1.000000e+05 in 901 cells 

 Reversed flow on 537 faces of pressure-outlet 7.
   780  3.5033e-01  3.8439e-05  4.5070e-05  3.7318e-05  1.6940e-03  1.0386e-02  1.2045e-03  0:02:35   20

 turbulent viscosity limited to viscosity ratio of 1.000000e+05 in 901 cells 

 Reversed flow on 543 faces of pressure-outlet 7.
   781  3.4884e-01  3.8283e-05  4.4866e-05  3.7198e-05  1.6916e-03  9.7092e-03  1.2035e-03  0:02:28   19

 turbulent viscosity limited to viscosity ratio of 1.000000e+05 in 900 cells 

 Reversed flow on 535 faces of pressure-outlet 7.
   782  3.4758e-01  3.8135e-05  4.4660e-05  3.7083e-05  1.6849e-03  8.4961e-03  1.2024e-03  0:02:21   18

 turbulent viscosity limited to viscosity ratio of 1.000000e+05 in 897 cells 

 Reversed flow on 541 faces of pressure-outlet 7.
   783  3.4606e-01  3.7983e-05  4.4447e-05  3.6977e-05  1.6793e-03  8.7818e-03  1.2013e-03  0:02:14   17

 turbulent viscosity limited to viscosity ratio of 1.000000e+05 in 896 cells 

 Reversed flow on 543 faces of pressure-outlet 7.
   784  3.4478e-01  3.7844e-05  4.4221e-05  3.6864e-05  1.6760e-03  8.6802e-03  1.2002e-03  0:02:03   16

 turbulent viscosity limited to viscosity ratio of 1.000000e+05 in 896 cells 

 Reversed flow on 531 faces of pressure-outlet 7.
   785  3.4314e-01  3.7701e-05  4.4009e-05  3.6763e-05  1.6694e-03  8.5071e-03  1.1991e-03  0:01:56   15

 turbulent viscosity limited to viscosity ratio of 1.000000e+05 in 896 cells 

 Reversed flow on 525 faces of pressure-outlet 7.

  iter  continuity  x-velocity  y-velocity  z-velocity           k     epsilon  vf-phase-2     time/iter
   786  3.4185e-01  3.7556e-05  4.3781e-05  3.6672e-05  1.6651e-03  8.6545e-03  1.1980e-03  0:01:49   14

 turbulent viscosity limited to viscosity ratio of 1.000000e+05 in 896 cells 

 Reversed flow on 541 faces of pressure-outlet 7.
   787  3.4043e-01  3.7423e-05  4.3556e-05  3.6570e-05  1.6557e-03  7.6060e-03  1.1969e-03  0:01:42   13

 turbulent viscosity limited to viscosity ratio of 1.000000e+05 in 895 cells 

 Reversed flow on 532 faces of pressure-outlet 7.
   788  3.3875e-01  3.7294e-05  4.3330e-05  3.6454e-05  1.6502e-03  7.6143e-03  1.1958e-03  0:01:35   12

 turbulent viscosity limited to viscosity ratio of 1.000000e+05 in 895 cells 

 Reversed flow on 532 faces of pressure-outlet 7.
   789  3.3743e-01  3.7150e-05  4.3102e-05  3.6364e-05  1.6439e-03  7.2409e-03  1.1947e-03  0:01:27   11

 turbulent viscosity limited to viscosity ratio of 1.000000e+05 in 893 cells 

 Reversed flow on 538 faces of pressure-outlet 7.
   790  3.3592e-01  3.7017e-05  4.2876e-05  3.6276e-05  1.6384e-03  7.8424e-03  1.1936e-03  0:01:19   10

 turbulent viscosity limited to viscosity ratio of 1.000000e+05 in 893 cells 

 Reversed flow on 538 faces of pressure-outlet 7.
   791  3.3468e-01  3.6892e-05  4.2660e-05  3.6193e-05  1.6309e-03  7.9979e-03  1.1926e-03  0:01:10    9

 turbulent viscosity limited to viscosity ratio of 1.000000e+05 in 893 cells 

 Reversed flow on 542 faces of pressure-outlet 7.
   792  3.3301e-01  3.6762e-05  4.2450e-05  3.6103e-05  1.6249e-03  7.9258e-03  1.1916e-03  0:01:02    8

 turbulent viscosity limited to viscosity ratio of 1.000000e+05 in 892 cells 

 Reversed flow on 545 faces of pressure-outlet 7.
   793  3.3126e-01  3.6635e-05  4.2233e-05  3.6022e-05  1.6167e-03  7.7436e-03  1.1907e-03  0:00:55    7

 turbulent viscosity limited to viscosity ratio of 1.000000e+05 in 892 cells 

 Reversed flow on 556 faces of pressure-outlet 7.
   794  3.2993e-01  3.6497e-05  4.2011e-05  3.5926e-05  1.6060e-03  7.0411e-03  1.1899e-03  0:00:47    6

 turbulent viscosity limited to viscosity ratio of 1.000000e+05 in 890 cells 

 Reversed flow on 554 faces of pressure-outlet 7.
   795  3.2862e-01  3.6367e-05  4.1787e-05  3.5820e-05  1.5986e-03  7.2722e-03  1.1891e-03  0:00:39    5

 turbulent viscosity limited to viscosity ratio of 1.000000e+05 in 890 cells 

 Reversed flow on 546 faces of pressure-outlet 7.
   796  3.2712e-01  3.6248e-05  4.1560e-05  3.5719e-05  1.5914e-03  8.0581e-03  1.1883e-03  0:00:31    4

 turbulent viscosity limited to viscosity ratio of 1.000000e+05 in 889 cells 

 Reversed flow on 549 faces of pressure-outlet 7.

  iter  continuity  x-velocity  y-velocity  z-velocity           k     epsilon  vf-phase-2     time/iter
   797  3.2587e-01  3.6129e-05  4.1344e-05  3.5611e-05  1.5836e-03  7.8702e-03  1.1877e-03  0:00:23    3

 turbulent viscosity limited to viscosity ratio of 1.000000e+05 in 889 cells 

 Reversed flow on 556 faces of pressure-outlet 7.
   798  3.2460e-01  3.6005e-05  4.1132e-05  3.5501e-05  1.5746e-03  7.4709e-03  1.1871e-03  0:00:16    2

 turbulent viscosity limited to viscosity ratio of 1.000000e+05 in 889 cells 

 Reversed flow on 550 faces of pressure-outlet 7.
   799  3.2379e-01  3.5886e-05  4.0911e-05  3.5383e-05  1.5672e-03  8.4252e-03  1.1867e-03  0:00:08    1

 turbulent viscosity limited to viscosity ratio of 1.000000e+05 in 889 cells 

 Reversed flow on 566 faces of pressure-outlet 7.
   800  3.2229e-01  3.5756e-05  4.0709e-05  3.5277e-05  1.5554e-03  7.4743e-03  1.1863e-03  0:00:00    0
iterate_800: RPC returned
progress: 800/1500

  iter  continuity  x-velocity  y-velocity  z-velocity           k     epsilon  vf-phase-2     time/iter
   800  3.2229e-01  3.5756e-05  4.0709e-05  3.5277e-05  1.5554e-03  7.4743e-03  1.1863e-03  0:03:17   25

 turbulent viscosity limited to viscosity ratio of 1.000000e+05 in 887 cells 

 Reversed flow on 566 faces of pressure-outlet 7.
   801  3.2072e-01  3.5648e-05  4.0499e-05  3.5160e-05  1.5482e-03  7.4928e-03  1.1859e-03  0:03:10   24

 turbulent viscosity limited to viscosity ratio of 1.000000e+05 in 886 cells 

 Reversed flow on 552 faces of pressure-outlet 7.
   802  3.1917e-01  3.5533e-05  4.0304e-05  3.5036e-05  1.5388e-03  6.9928e-03  1.1856e-03  0:03:02   23

 turbulent viscosity limited to viscosity ratio of 1.000000e+05 in 886 cells 

 Reversed flow on 556 faces of pressure-outlet 7.
   803  3.1798e-01  3.5421e-05  4.0099e-05  3.4906e-05  1.5311e-03  7.3786e-03  1.1854e-03  0:02:55   22

 turbulent viscosity limited to viscosity ratio of 1.000000e+05 in 884 cells 

 Reversed flow on 568 faces of pressure-outlet 7.
   804  3.1687e-01  3.5302e-05  3.9912e-05  3.4771e-05  1.5241e-03  7.7697e-03  1.1853e-03  0:02:47   21

 turbulent viscosity limited to viscosity ratio of 1.000000e+05 in 884 cells 

 Reversed flow on 563 faces of pressure-outlet 7.
   805  3.1599e-01  3.5190e-05  3.9729e-05  3.4643e-05  1.5171e-03  7.8513e-03  1.1853e-03  0:02:35   20

 turbulent viscosity limited to viscosity ratio of 1.000000e+05 in 884 cells 

 Reversed flow on 565 faces of pressure-outlet 7.
   806  3.1487e-01  3.5080e-05  3.9544e-05  3.4517e-05  1.5087e-03  7.1020e-03  1.1854e-03  0:02:28   19

 turbulent viscosity limited to viscosity ratio of 1.000000e+05 in 884 cells 

 Reversed flow on 566 faces of pressure-outlet 7.
   807  3.1371e-01  3.4951e-05  3.9355e-05  3.4366e-05  1.5005e-03  6.8610e-03  1.1855e-03  0:02:21   18

 turbulent viscosity limited to viscosity ratio of 1.000000e+05 in 884 cells 

 Reversed flow on 564 faces of pressure-outlet 7.
   808  3.1240e-01  3.4829e-05  3.9176e-05  3.4223e-05  1.4935e-03  6.2525e-03  1.1856e-03  0:02:14   17

 turbulent viscosity limited to viscosity ratio of 1.000000e+05 in 883 cells 

 Reversed flow on 574 faces of pressure-outlet 7.
   809  3.1106e-01  3.4701e-05  3.8994e-05  3.4079e-05  1.4864e-03  6.3794e-03  1.1859e-03  0:02:06   16

 turbulent viscosity limited to viscosity ratio of 1.000000e+05 in 883 cells 

 Reversed flow on 577 faces of pressure-outlet 7.
   810  3.1009e-01  3.4576e-05  3.8813e-05  3.3928e-05  1.4835e-03  8.3013e-03  1.1861e-03  0:01:56   15

 turbulent viscosity limited to viscosity ratio of 1.000000e+05 in 883 cells 

 Reversed flow on 581 faces of pressure-outlet 7.

  iter  continuity  x-velocity  y-velocity  z-velocity           k     epsilon  vf-phase-2     time/iter
   811  3.0879e-01  3.4436e-05  3.8629e-05  3.3787e-05  1.4787e-03  7.2666e-03  1.1863e-03  0:01:49   14

 turbulent viscosity limited to viscosity ratio of 1.000000e+05 in 882 cells 

 Reversed flow on 579 faces of pressure-outlet 7.
   812  3.0787e-01  3.4307e-05  3.8453e-05  3.3656e-05  1.4715e-03  6.6030e-03  1.1866e-03  0:01:42   13

 turbulent viscosity limited to viscosity ratio of 1.000000e+05 in 881 cells 

 Reversed flow on 583 faces of pressure-outlet 7.
   813  3.0651e-01  3.4189e-05  3.8277e-05  3.3534e-05  1.4680e-03  6.7345e-03  1.1868e-03  0:01:34   12

 turbulent viscosity limited to viscosity ratio of 1.000000e+05 in 880 cells 

 Reversed flow on 578 faces of pressure-outlet 7.
   814  3.0544e-01  3.4060e-05  3.8105e-05  3.3396e-05  1.4631e-03  6.5357e-03  1.1870e-03  0:01:25   11

 turbulent viscosity limited to viscosity ratio of 1.000000e+05 in 882 cells 

 Reversed flow on 577 faces of pressure-outlet 7.
   815  3.0458e-01  3.3929e-05  3.7929e-05  3.3265e-05  1.4603e-03  6.8266e-03  1.1872e-03  0:01:17   10

 turbulent viscosity limited to viscosity ratio of 1.000000e+05 in 882 cells 

 Reversed flow on 584 faces of pressure-outlet 7.
   816  3.0350e-01  3.3805e-05  3.7766e-05  3.3140e-05  1.4562e-03  6.3514e-03  1.1876e-03  0:01:10    9

 turbulent viscosity limited to viscosity ratio of 1.000000e+05 in 881 cells 

 Reversed flow on 583 faces of pressure-outlet 7.
   817  3.0265e-01  3.3680e-05  3.7591e-05  3.3026e-05  1.4499e-03  5.8017e-03  1.1879e-03  0:01:03    8

 turbulent viscosity limited to viscosity ratio of 1.000000e+05 in 880 cells 

 Reversed flow on 586 faces of pressure-outlet 7.
   818  3.0135e-01  3.3549e-05  3.7420e-05  3.2901e-05  1.4477e-03  6.7553e-03  1.1883e-03  0:00:55    7

 turbulent viscosity limited to viscosity ratio of 1.000000e+05 in 880 cells 

 Reversed flow on 602 faces of pressure-outlet 7.
   819  3.0016e-01  3.3414e-05  3.7256e-05  3.2797e-05  1.4436e-03  6.1397e-03  1.1887e-03  0:00:46    6

 turbulent viscosity limited to viscosity ratio of 1.000000e+05 in 880 cells 

 Reversed flow on 592 faces of pressure-outlet 7.
   820  2.9900e-01  3.3281e-05  3.7103e-05  3.2684e-05  1.4409e-03  6.6163e-03  1.1892e-03  0:00:39    5

 turbulent viscosity limited to viscosity ratio of 1.000000e+05 in 880 cells 

 Reversed flow on 596 faces of pressure-outlet 7.
   821  2.9784e-01  3.3147e-05  3.6953e-05  3.2579e-05  1.4406e-03  6.3431e-03  1.1897e-03  0:00:31    4

 turbulent viscosity limited to viscosity ratio of 1.000000e+05 in 880 cells 

 Reversed flow on 600 faces of pressure-outlet 7.

  iter  continuity  x-velocity  y-velocity  z-velocity           k     epsilon  vf-phase-2     time/iter
   822  2.9696e-01  3.3028e-05  3.6811e-05  3.2492e-05  1.4379e-03  6.7742e-03  1.1902e-03  0:00:24    3

 turbulent viscosity limited to viscosity ratio of 1.000000e+05 in 879 cells 

 Reversed flow on 606 faces of pressure-outlet 7.
   823  2.9619e-01  3.2901e-05  3.6681e-05  3.2401e-05  1.4364e-03  6.5121e-03  1.1908e-03  0:00:15    2

 turbulent viscosity limited to viscosity ratio of 1.000000e+05 in 878 cells 

 Reversed flow on 593 faces of pressure-outlet 7.
   824  2.9569e-01  3.2782e-05  3.6559e-05  3.2314e-05  1.4359e-03  7.3000e-03  1.1914e-03  0:00:08    1

iterate_825: RPC returned
progress: 825/1500
 turbulent viscosity limited to viscosity ratio of 1.000000e+05 in 879 cells 

 Reversed flow on 597 faces of pressure-outlet 7.
   825  2.9512e-01  3.2677e-05  3.6436e-05  3.2238e-05  1.4327e-03  7.5210e-03  1.1921e-03  0:00:00    0

  iter  continuity  x-velocity  y-velocity  z-velocity           k     epsilon  vf-phase-2     time/iter
   825  2.9512e-01  3.2677e-05  3.6436e-05  3.2238e-05  1.4327e-03  7.5210e-03  1.1921e-03  0:03:15   25

 turbulent viscosity limited to viscosity ratio of 1.000000e+05 in 879 cells 

 Reversed flow on 611 faces of pressure-outlet 7.
   826  2.9472e-01  3.2565e-05  3.6330e-05  3.2167e-05  1.4305e-03  6.9570e-03  1.1928e-03  0:03:13   24

 turbulent viscosity limited to viscosity ratio of 1.000000e+05 in 879 cells 

 Reversed flow on 612 faces of pressure-outlet 7.
   827  2.9386e-01  3.2463e-05  3.6230e-05  3.2117e-05  1.4289e-03  7.0614e-03  1.1935e-03  0:03:05   23

 turbulent viscosity limited to viscosity ratio of 1.000000e+05 in 879 cells 

 Reversed flow on 605 faces of pressure-outlet 7.
   828  2.9358e-01  3.2349e-05  3.6130e-05  3.2058e-05  1.4297e-03  7.3738e-03  1.1943e-03  0:02:52   22

 turbulent viscosity limited to viscosity ratio of 1.000000e+05 in 878 cells 

 Reversed flow on 610 faces of pressure-outlet 7.
   829  2.9293e-01  3.2247e-05  3.6045e-05  3.2012e-05  1.4271e-03  7.3433e-03  1.1951e-03  0:02:45   21

 turbulent viscosity limited to viscosity ratio of 1.000000e+05 in 878 cells 

 Reversed flow on 619 faces of pressure-outlet 7.
   830  2.9242e-01  3.2145e-05  3.5960e-05  3.1965e-05  1.4272e-03  7.5029e-03  1.1960e-03  0:02:38   20

 turbulent viscosity limited to viscosity ratio of 1.000000e+05 in 878 cells 

 Reversed flow on 608 faces of pressure-outlet 7.
   831  2.9208e-01  3.2056e-05  3.5888e-05  3.1934e-05  1.4236e-03  6.8232e-03  1.1969e-03  0:02:30   19

 turbulent viscosity limited to viscosity ratio of 1.000000e+05 in 877 cells 

 Reversed flow on 622 faces of pressure-outlet 7.
   832  2.9194e-01  3.1966e-05  3.5821e-05  3.1902e-05  1.4186e-03  6.2811e-03  1.1979e-03  0:02:23   18

 turbulent viscosity limited to viscosity ratio of 1.000000e+05 in 877 cells 

 Reversed flow on 624 faces of pressure-outlet 7.
   833  2.9151e-01  3.1861e-05  3.5755e-05  3.1866e-05  1.4156e-03  6.0361e-03  1.1989e-03  0:02:12   17

 turbulent viscosity limited to viscosity ratio of 1.000000e+05 in 877 cells 

 Reversed flow on 618 faces of pressure-outlet 7.
   834  2.9155e-01  3.1772e-05  3.5702e-05  3.1828e-05  1.4142e-03  7.6214e-03  1.2000e-03  0:02:05   16

 turbulent viscosity limited to viscosity ratio of 1.000000e+05 in 877 cells 

 Reversed flow on 628 faces of pressure-outlet 7.
   835  2.9128e-01  3.1689e-05  3.5664e-05  3.1809e-05  1.4150e-03  8.3452e-03  1.2011e-03  0:01:58   15

 turbulent viscosity limited to viscosity ratio of 1.000000e+05 in 876 cells 

 Reversed flow on 632 faces of pressure-outlet 7.

  iter  continuity  x-velocity  y-velocity  z-velocity           k     epsilon  vf-phase-2     time/iter
   836  2.9100e-01  3.1626e-05  3.5635e-05  3.1780e-05  1.4143e-03  8.0238e-03  1.2023e-03  0:01:50   14

 turbulent viscosity limited to viscosity ratio of 1.000000e+05 in 876 cells 

 Reversed flow on 634 faces of pressure-outlet 7.
   837  2.9114e-01  3.1551e-05  3.5605e-05  3.1757e-05  1.4070e-03  6.3960e-03  1.2035e-03  0:01:43   13

 turbulent viscosity limited to viscosity ratio of 1.000000e+05 in 876 cells 

 Reversed flow on 638 faces of pressure-outlet 7.
   838  2.9074e-01  3.1462e-05  3.5569e-05  3.1725e-05  1.4043e-03  6.1947e-03  1.2048e-03  0:01:33   12

 turbulent viscosity limited to viscosity ratio of 1.000000e+05 in 876 cells 

 Reversed flow on 638 faces of pressure-outlet 7.
   839  2.9045e-01  3.1390e-05  3.5540e-05  3.1687e-05  1.4011e-03  6.2418e-03  1.2061e-03  0:01:25   11

 turbulent viscosity limited to viscosity ratio of 1.000000e+05 in 876 cells 

 Reversed flow on 630 faces of pressure-outlet 7.
   840  2.9028e-01  3.1339e-05  3.5531e-05  3.1658e-05  1.3982e-03  6.1838e-03  1.2075e-03  0:01:18   10

 turbulent viscosity limited to viscosity ratio of 1.000000e+05 in 876 cells 

 Reversed flow on 638 faces of pressure-outlet 7.
   841  2.9053e-01  3.1272e-05  3.5532e-05  3.1631e-05  1.3973e-03  7.4469e-03  1.2090e-03  0:01:11    9

 turbulent viscosity limited to viscosity ratio of 1.000000e+05 in 875 cells 

 Reversed flow on 641 faces of pressure-outlet 7.
   842  2.9046e-01  3.1207e-05  3.5533e-05  3.1602e-05  1.4073e-03  4.8744e-02  1.2107e-03  0:01:03    8

 turbulent viscosity limited to viscosity ratio of 1.000000e+05 in 875 cells 

 Reversed flow on 635 faces of pressure-outlet 7.
   843  2.8980e-01  3.1148e-05  3.5550e-05  3.1576e-05  1.4255e-03  2.8447e-02  1.2123e-03  0:00:54    7

 turbulent viscosity limited to viscosity ratio of 1.000000e+05 in 876 cells 

 Reversed flow on 638 faces of pressure-outlet 7.
   844  2.8962e-01  3.1088e-05  3.5557e-05  3.1537e-05  1.4440e-03  3.3356e-02  1.2140e-03  0:00:47    6

 turbulent viscosity limited to viscosity ratio of 1.000000e+05 in 876 cells 

 Reversed flow on 641 faces of pressure-outlet 7.
   845  2.8928e-01  3.1032e-05  3.5581e-05  3.1491e-05  1.4375e-03  1.9666e-02  1.2157e-03  0:00:39    5

 turbulent viscosity limited to viscosity ratio of 1.000000e+05 in 876 cells 

 Reversed flow on 634 faces of pressure-outlet 7.
   846  2.8905e-01  3.0989e-05  3.5601e-05  3.1450e-05  1.3907e-03  8.2280e-03  1.2175e-03  0:00:31    4

 turbulent viscosity limited to viscosity ratio of 1.000000e+05 in 876 cells 

 Reversed flow on 636 faces of pressure-outlet 7.

  iter  continuity  x-velocity  y-velocity  z-velocity           k     epsilon  vf-phase-2     time/iter
   847  2.8915e-01  3.0947e-05  3.5640e-05  3.1401e-05  1.3748e-03  5.7000e-03  1.2195e-03  0:00:24    3

 turbulent viscosity limited to viscosity ratio of 1.000000e+05 in 875 cells 

 Reversed flow on 648 faces of pressure-outlet 7.
   848  2.8862e-01  3.0889e-05  3.5691e-05  3.1372e-05  1.3733e-03  6.7645e-03  1.2215e-03  0:00:15    2

 turbulent viscosity limited to viscosity ratio of 1.000000e+05 in 875 cells 

 Reversed flow on 648 faces of pressure-outlet 7.
   849  2.8817e-01  3.0843e-05  3.5735e-05  3.1335e-05  1.3690e-03  6.8975e-03  1.2235e-03  0:00:08    1

 turbulent viscosity limited to viscosity ratio of 1.000000e+05 in 873 cells 

 Reversed flow on 642 faces of pressure-outlet 7.
   850  2.8754e-01  3.0802e-05  3.5783e-05  3.1291e-05  1.3635e-03  6.3274e-03  1.2257e-03  0:00:00    0
iterate_850: RPC returned
progress: 850/1500

  iter  continuity  x-velocity  y-velocity  z-velocity           k     epsilon  vf-phase-2     time/iter
   850  2.8754e-01  3.0802e-05  3.5783e-05  3.1291e-05  1.3635e-03  6.3274e-03  1.2257e-03  0:03:15   25

 turbulent viscosity limited to viscosity ratio of 1.000000e+05 in 872 cells 

 Reversed flow on 631 faces of pressure-outlet 7.
   851  2.8701e-01  3.0758e-05  3.5843e-05  3.1258e-05  1.3596e-03  6.4504e-03  1.2279e-03  0:03:08   24

 turbulent viscosity limited to viscosity ratio of 1.000000e+05 in 872 cells 

 Reversed flow on 634 faces of pressure-outlet 7.
   852  2.8648e-01  3.0729e-05  3.5906e-05  3.1225e-05  1.3541e-03  5.8584e-03  1.2302e-03  0:03:01   23

 turbulent viscosity limited to viscosity ratio of 1.000000e+05 in 871 cells 

 Reversed flow on 648 faces of pressure-outlet 7.
   853  2.8621e-01  3.0691e-05  3.5970e-05  3.1185e-05  1.3495e-03  5.7926e-03  1.2325e-03  0:02:49   22

 turbulent viscosity limited to viscosity ratio of 1.000000e+05 in 871 cells 

 Reversed flow on 639 faces of pressure-outlet 7.
   854  2.8601e-01  3.0657e-05  3.6034e-05  3.1147e-05  1.3461e-03  5.9761e-03  1.2348e-03  0:02:43   21

 turbulent viscosity limited to viscosity ratio of 1.000000e+05 in 871 cells 

 Reversed flow on 644 faces of pressure-outlet 7.
   855  2.8562e-01  3.0632e-05  3.6093e-05  3.1116e-05  1.3424e-03  6.1567e-03  1.2372e-03  0:02:36   20

 turbulent viscosity limited to viscosity ratio of 1.000000e+05 in 870 cells 

 Reversed flow on 649 faces of pressure-outlet 7.
   856  2.8519e-01  3.0610e-05  3.6140e-05  3.1087e-05  1.3379e-03  5.7215e-03  1.2397e-03  0:02:29   19

 turbulent viscosity limited to viscosity ratio of 1.000000e+05 in 869 cells 

 Reversed flow on 647 faces of pressure-outlet 7.
   857  2.8496e-01  3.0584e-05  3.6194e-05  3.1048e-05  1.3328e-03  5.6070e-03  1.2423e-03  0:02:22   18

 turbulent viscosity limited to viscosity ratio of 1.000000e+05 in 869 cells 

 Reversed flow on 646 faces of pressure-outlet 7.
   858  2.8433e-01  3.0555e-05  3.6250e-05  3.1012e-05  1.3295e-03  6.1582e-03  1.2448e-03  0:02:11   17

 turbulent viscosity limited to viscosity ratio of 1.000000e+05 in 867 cells 

 Reversed flow on 641 faces of pressure-outlet 7.
   859  2.8373e-01  3.0539e-05  3.6292e-05  3.0979e-05  1.3269e-03  6.4449e-03  1.2475e-03  0:02:04   16

 turbulent viscosity limited to viscosity ratio of 1.000000e+05 in 867 cells 

 Reversed flow on 640 faces of pressure-outlet 7.
   860  2.8342e-01  3.0538e-05  3.6331e-05  3.0947e-05  1.3250e-03  6.5878e-03  1.2502e-03  0:01:57   15

 turbulent viscosity limited to viscosity ratio of 1.000000e+05 in 867 cells 

 Reversed flow on 636 faces of pressure-outlet 7.

  iter  continuity  x-velocity  y-velocity  z-velocity           k     epsilon  vf-phase-2     time/iter
   861  2.8340e-01  3.0519e-05  3.6378e-05  3.0908e-05  1.3219e-03  6.1977e-03  1.2530e-03  0:01:50   14

 turbulent viscosity limited to viscosity ratio of 1.000000e+05 in 867 cells 

 Reversed flow on 649 faces of pressure-outlet 7.
   862  2.8345e-01  3.0514e-05  3.6407e-05  3.0883e-05  1.3159e-03  5.4025e-03  1.2557e-03  0:01:42   13

 turbulent viscosity limited to viscosity ratio of 1.000000e+05 in 867 cells 

 Reversed flow on 648 faces of pressure-outlet 7.
   863  2.8351e-01  3.0488e-05  3.6437e-05  3.0858e-05  1.3143e-03  5.8484e-03  1.2586e-03  0:01:32   12

 turbulent viscosity limited to viscosity ratio of 1.000000e+05 in 867 cells 

 Reversed flow on 641 faces of pressure-outlet 7.
   864  2.8342e-01  3.0459e-05  3.6478e-05  3.0834e-05  1.3143e-03  6.6032e-03  1.2615e-03  0:01:25   11

 turbulent viscosity limited to viscosity ratio of 1.000000e+05 in 867 cells 

 Reversed flow on 647 faces of pressure-outlet 7.
   865  2.8329e-01  3.0447e-05  3.6514e-05  3.0808e-05  1.3087e-03  6.1152e-03  1.2644e-03  0:01:18   10

 turbulent viscosity limited to viscosity ratio of 1.000000e+05 in 867 cells 

 Reversed flow on 645 faces of pressure-outlet 7.
   866  2.8377e-01  3.0433e-05  3.6554e-05  3.0794e-05  1.3091e-03  6.8617e-03  1.2673e-03  0:01:11    9

 turbulent viscosity limited to viscosity ratio of 1.000000e+05 in 867 cells 

 Reversed flow on 641 faces of pressure-outlet 7.
   867  2.8404e-01  3.0439e-05  3.6586e-05  3.0778e-05  1.3073e-03  6.1230e-03  1.2702e-03  0:01:03    8

 turbulent viscosity limited to viscosity ratio of 1.000000e+05 in 867 cells 

 Reversed flow on 647 faces of pressure-outlet 7.
   868  2.8404e-01  3.0424e-05  3.6610e-05  3.0745e-05  1.3050e-03  6.3249e-03  1.2730e-03  0:00:54    7

 turbulent viscosity limited to viscosity ratio of 1.000000e+05 in 868 cells 

 Reversed flow on 643 faces of pressure-outlet 7.
   869  2.8401e-01  3.0419e-05  3.6647e-05  3.0709e-05  1.3027e-03  5.8232e-03  1.2756e-03  0:00:47    6

 turbulent viscosity limited to viscosity ratio of 1.000000e+05 in 867 cells 

 Reversed flow on 636 faces of pressure-outlet 7.
   870  2.8411e-01  3.0418e-05  3.6694e-05  3.0675e-05  1.3031e-03  6.1489e-03  1.2783e-03  0:00:39    5

 turbulent viscosity limited to viscosity ratio of 1.000000e+05 in 866 cells 

 Reversed flow on 640 faces of pressure-outlet 7.
   871  2.8387e-01  3.0425e-05  3.6732e-05  3.0644e-05  1.3032e-03  6.3135e-03  1.2809e-03  0:00:31    4

 turbulent viscosity limited to viscosity ratio of 1.000000e+05 in 866 cells 

 Reversed flow on 640 faces of pressure-outlet 7.

  iter  continuity  x-velocity  y-velocity  z-velocity           k     epsilon  vf-phase-2     time/iter
   872  2.8385e-01  3.0439e-05  3.6770e-05  3.0605e-05  1.3005e-03  5.9155e-03  1.2835e-03  0:00:24    3

 turbulent viscosity limited to viscosity ratio of 1.000000e+05 in 866 cells 

 Reversed flow on 644 faces of pressure-outlet 7.
   873  2.8380e-01  3.0437e-05  3.6815e-05  3.0561e-05  1.2983e-03  5.2708e-03  1.2860e-03  0:00:15    2

 turbulent viscosity limited to viscosity ratio of 1.000000e+05 in 866 cells 

 Reversed flow on 648 faces of pressure-outlet 7.
   874  2.8372e-01  3.0437e-05  3.6854e-05  3.0516e-05  1.2991e-03  5.1522e-03  1.2885e-03  0:00:08    1

 turbulent viscosity limited to viscosity ratio of 1.000000e+05 in 866 cells 

 Reversed flow on 634 faces of pressure-outlet 7.
   875  2.8391e-01  3.0463e-05  3.6889e-05  3.0488e-05  1.2998e-03  5.0833e-03  1.2909e-03  0:00:00    0
iterate_875: RPC returned
progress: 875/1500

  iter  continuity  x-velocity  y-velocity  z-velocity           k     epsilon  vf-phase-2     time/iter
   875  2.8391e-01  3.0463e-05  3.6889e-05  3.0488e-05  1.2998e-03  5.0833e-03  1.2909e-03  0:03:15   25

 turbulent viscosity limited to viscosity ratio of 1.000000e+05 in 865 cells 

 Reversed flow on 637 faces of pressure-outlet 7.
   876  2.8420e-01  3.0484e-05  3.6944e-05  3.0459e-05  1.3006e-03  4.9960e-03  1.2933e-03  0:03:13   24

 turbulent viscosity limited to viscosity ratio of 1.000000e+05 in 866 cells 

 Reversed flow on 627 faces of pressure-outlet 7.
   877  2.8448e-01  3.0500e-05  3.6990e-05  3.0426e-05  1.3045e-03  5.5939e-03  1.2957e-03  0:03:05   23

 turbulent viscosity limited to viscosity ratio of 1.000000e+05 in 866 cells 

 Reversed flow on 635 faces of pressure-outlet 7.
   878  2.8474e-01  3.0527e-05  3.7051e-05  3.0396e-05  1.3077e-03  5.5952e-03  1.2980e-03  0:02:57   22

 turbulent viscosity limited to viscosity ratio of 1.000000e+05 in 866 cells 

 Reversed flow on 627 faces of pressure-outlet 7.
   879  2.8484e-01  3.0564e-05  3.7095e-05  3.0366e-05  1.3100e-03  5.6866e-03  1.3002e-03  0:02:44   21

 turbulent viscosity limited to viscosity ratio of 1.000000e+05 in 866 cells 

 Reversed flow on 633 faces of pressure-outlet 7.
   880  2.8501e-01  3.0593e-05  3.7143e-05  3.0331e-05  1.3103e-03  5.0505e-03  1.3024e-03  0:02:37   20

 turbulent viscosity limited to viscosity ratio of 1.000000e+05 in 867 cells 

 Reversed flow on 634 faces of pressure-outlet 7.
   881  2.8559e-01  3.0620e-05  3.7193e-05  3.0298e-05  1.3138e-03  5.0952e-03  1.3045e-03  0:02:30   19

 turbulent viscosity limited to viscosity ratio of 1.000000e+05 in 867 cells 

 Reversed flow on 634 faces of pressure-outlet 7.
   882  2.8600e-01  3.0654e-05  3.7242e-05  3.0274e-05  1.3181e-03  5.7842e-03  1.3065e-03  0:02:22   18

 turbulent viscosity limited to viscosity ratio of 1.000000e+05 in 867 cells 

 Reversed flow on 632 faces of pressure-outlet 7.
   883  2.8656e-01  3.0687e-05  3.7294e-05  3.0252e-05  1.3196e-03  5.0816e-03  1.3084e-03  0:02:15   17

 turbulent viscosity limited to viscosity ratio of 1.000000e+05 in 867 cells 

 Reversed flow on 634 faces of pressure-outlet 7.
   884  2.8677e-01  3.0698e-05  3.7339e-05  3.0237e-05  1.3241e-03  5.3634e-03  1.3104e-03  0:02:04   16

 turbulent viscosity limited to viscosity ratio of 1.000000e+05 in 867 cells 

 Reversed flow on 628 faces of pressure-outlet 7.
   885  2.8681e-01  3.0731e-05  3.7379e-05  3.0233e-05  1.3288e-03  5.5070e-03  1.3121e-03  0:01:57   15

 turbulent viscosity limited to viscosity ratio of 1.000000e+05 in 867 cells 

 Reversed flow on 627 faces of pressure-outlet 7.

  iter  continuity  x-velocity  y-velocity  z-velocity           k     epsilon  vf-phase-2     time/iter
   886  2.8699e-01  3.0760e-05  3.7410e-05  3.0235e-05  1.3322e-03  6.0996e-03  1.3137e-03  0:01:50   14

 turbulent viscosity limited to viscosity ratio of 1.000000e+05 in 867 cells 

 Reversed flow on 626 faces of pressure-outlet 7.
   887  2.8725e-01  3.0788e-05  3.7446e-05  3.0231e-05  1.3357e-03  5.6773e-03  1.3153e-03  0:01:42   13

 turbulent viscosity limited to viscosity ratio of 1.000000e+05 in 866 cells 

 Reversed flow on 624 faces of pressure-outlet 7.
   888  2.8756e-01  3.0807e-05  3.7492e-05  3.0216e-05  1.3379e-03  5.3941e-03  1.3168e-03  0:01:35   12

 turbulent viscosity limited to viscosity ratio of 1.000000e+05 in 866 cells 

 Reversed flow on 625 faces of pressure-outlet 7.
   889  2.8788e-01  3.0826e-05  3.7512e-05  3.0195e-05  1.3409e-03  5.4229e-03  1.3183e-03  0:01:25   11

 turbulent viscosity limited to viscosity ratio of 1.000000e+05 in 865 cells 

 Reversed flow on 630 faces of pressure-outlet 7.
   890  2.8791e-01  3.0838e-05  3.7517e-05  3.0173e-05  1.3420e-03  4.9508e-03  1.3197e-03  0:01:18   10

 turbulent viscosity limited to viscosity ratio of 1.000000e+05 in 865 cells 

 Reversed flow on 631 faces of pressure-outlet 7.
   891  2.8789e-01  3.0857e-05  3.7522e-05  3.0166e-05  1.3442e-03  4.9838e-03  1.3210e-03  0:01:10    9

 turbulent viscosity limited to viscosity ratio of 1.000000e+05 in 864 cells 

 Reversed flow on 622 faces of pressure-outlet 7.
   892  2.8786e-01  3.0863e-05  3.7535e-05  3.0162e-05  1.3491e-03  5.8699e-03  1.3222e-03  0:01:03    8

 turbulent viscosity limited to viscosity ratio of 1.000000e+05 in 864 cells 

 Reversed flow on 638 faces of pressure-outlet 7.
   893  2.8772e-01  3.0875e-05  3.7541e-05  3.0158e-05  1.3512e-03  5.3976e-03  1.3233e-03  0:00:55    7

 turbulent viscosity limited to viscosity ratio of 1.000000e+05 in 864 cells 

 Reversed flow on 631 faces of pressure-outlet 7.
   894  2.8837e-01  3.0871e-05  3.7544e-05  3.0146e-05  1.3519e-03  5.0407e-03  1.3245e-03  0:00:47    6

 turbulent viscosity limited to viscosity ratio of 1.000000e+05 in 864 cells 

 Reversed flow on 613 faces of pressure-outlet 7.
   895  2.8838e-01  3.0866e-05  3.7540e-05  3.0141e-05  1.3542e-03  5.3000e-03  1.3255e-03  0:00:40    5

 turbulent viscosity limited to viscosity ratio of 1.000000e+05 in 863 cells 

 Reversed flow on 614 faces of pressure-outlet 7.
   896  2.8844e-01  3.0863e-05  3.7542e-05  3.0138e-05  1.3557e-03  5.1059e-03  1.3266e-03  0:00:31    4

 turbulent viscosity limited to viscosity ratio of 1.000000e+05 in 863 cells 

 Reversed flow on 618 faces of pressure-outlet 7.

  iter  continuity  x-velocity  y-velocity  z-velocity           k     epsilon  vf-phase-2     time/iter
   897  2.8836e-01  3.0860e-05  3.7536e-05  3.0146e-05  1.3561e-03  4.8083e-03  1.3275e-03  0:00:23    3

 turbulent viscosity limited to viscosity ratio of 1.000000e+05 in 863 cells 

 Reversed flow on 620 faces of pressure-outlet 7.
   898  2.8845e-01  3.0849e-05  3.7526e-05  3.0145e-05  1.3582e-03  4.8580e-03  1.3283e-03  0:00:16    2

 turbulent viscosity limited to viscosity ratio of 1.000000e+05 in 863 cells 

 Reversed flow on 613 faces of pressure-outlet 7.
   899  2.8852e-01  3.0840e-05  3.7507e-05  3.0147e-05  1.3592e-03  4.9514e-03  1.3290e-03  0:00:08    1

 turbulent viscosity limited to viscosity ratio of 1.000000e+05 in 862 cells 

 Reversed flow on 615 faces of pressure-outlet 7.
   900  2.8848e-01  3.0824e-05  3.7492e-05  3.0146e-05  1.3602e-03  5.3303e-03  1.3296e-03  0:00:00    0
iterate_900: RPC returned
progress: 900/1500

  iter  continuity  x-velocity  y-velocity  z-velocity           k     epsilon  vf-phase-2     time/iter
   900  2.8848e-01  3.0824e-05  3.7492e-05  3.0146e-05  1.3602e-03  5.3303e-03  1.3296e-03  0:03:17   25

 turbulent viscosity limited to viscosity ratio of 1.000000e+05 in 863 cells 

 Reversed flow on 610 faces of pressure-outlet 7.
   901  2.8821e-01  3.0812e-05  3.7463e-05  3.0159e-05  1.3612e-03  4.8411e-03  1.3304e-03  0:03:10   24

 turbulent viscosity limited to viscosity ratio of 1.000000e+05 in 862 cells 

 Reversed flow on 605 faces of pressure-outlet 7.
   902  2.8831e-01  3.0796e-05  3.7439e-05  3.0157e-05  1.3634e-03  5.5108e-03  1.3309e-03  0:03:02   23

 turbulent viscosity limited to viscosity ratio of 1.000000e+05 in 861 cells 

 Reversed flow on 608 faces of pressure-outlet 7.
   903  2.8827e-01  3.0782e-05  3.7415e-05  3.0172e-05  1.3651e-03  5.4087e-03  1.3314e-03  0:02:55   22

 turbulent viscosity limited to viscosity ratio of 1.000000e+05 in 861 cells 

 Reversed flow on 613 faces of pressure-outlet 7.
   904  2.8832e-01  3.0766e-05  3.7382e-05  3.0190e-05  1.3655e-03  5.8269e-03  1.3320e-03  0:02:47   21

 turbulent viscosity limited to viscosity ratio of 1.000000e+05 in 861 cells 

 Reversed flow on 610 faces of pressure-outlet 7.
   905  2.8838e-01  3.0717e-05  3.7348e-05  3.0213e-05  1.3669e-03  5.6214e-03  1.3328e-03  0:02:39   20

 turbulent viscosity limited to viscosity ratio of 1.000000e+05 in 861 cells 

 Reversed flow on 605 faces of pressure-outlet 7.
   906  2.8842e-01  3.0673e-05  3.7312e-05  3.0228e-05  1.3694e-03  6.6935e-03  1.3335e-03  0:02:28   19

 turbulent viscosity limited to viscosity ratio of 1.000000e+05 in 861 cells 

 Reversed flow on 597 faces of pressure-outlet 7.
   907  2.8824e-01  3.0642e-05  3.7289e-05  3.0253e-05  1.3715e-03  6.3233e-03  1.3341e-03  0:02:21   18

 turbulent viscosity limited to viscosity ratio of 1.000000e+05 in 861 cells 

 Reversed flow on 596 faces of pressure-outlet 7.
   908  2.8786e-01  3.0611e-05  3.7257e-05  3.0265e-05  1.3721e-03  6.0133e-03  1.3344e-03  0:02:14   17

 turbulent viscosity limited to viscosity ratio of 1.000000e+05 in 861 cells 

 Reversed flow on 594 faces of pressure-outlet 7.
   909  2.8768e-01  3.0580e-05  3.7210e-05  3.0276e-05  1.3721e-03  5.7246e-03  1.3346e-03  0:02:06   16

 turbulent viscosity limited to viscosity ratio of 1.000000e+05 in 861 cells 

 Reversed flow on 604 faces of pressure-outlet 7.
   910  2.8776e-01  3.0554e-05  3.7163e-05  3.0283e-05  1.3733e-03  5.6261e-03  1.3348e-03  0:01:59   15

 turbulent viscosity limited to viscosity ratio of 1.000000e+05 in 861 cells 

 Reversed flow on 595 faces of pressure-outlet 7.

  iter  continuity  x-velocity  y-velocity  z-velocity           k     epsilon  vf-phase-2     time/iter
   911  2.8749e-01  3.0531e-05  3.7115e-05  3.0298e-05  1.3751e-03  5.7568e-03  1.3351e-03  0:01:48   14

 turbulent viscosity limited to viscosity ratio of 1.000000e+05 in 861 cells 

 Reversed flow on 595 faces of pressure-outlet 7.
   912  2.8732e-01  3.0515e-05  3.7084e-05  3.0325e-05  1.3755e-03  5.3327e-03  1.3352e-03  0:01:41   13

 turbulent viscosity limited to viscosity ratio of 1.000000e+05 in 862 cells 

 Reversed flow on 591 faces of pressure-outlet 7.
   913  2.8707e-01  3.0493e-05  3.7050e-05  3.0346e-05  1.3767e-03  5.0337e-03  1.3356e-03  0:01:34   12

 turbulent viscosity limited to viscosity ratio of 1.000000e+05 in 862 cells 

 Reversed flow on 588 faces of pressure-outlet 7.
   914  2.8675e-01  3.0467e-05  3.7011e-05  3.0356e-05  1.3785e-03  5.2569e-03  1.3361e-03  0:01:26   11

 turbulent viscosity limited to viscosity ratio of 1.000000e+05 in 862 cells 

 Reversed flow on 590 faces of pressure-outlet 7.
   915  2.8646e-01  3.0443e-05  3.6963e-05  3.0368e-05  1.3818e-03  5.7297e-03  1.3363e-03  0:01:19   10

 turbulent viscosity limited to viscosity ratio of 1.000000e+05 in 861 cells 

 Reversed flow on 592 faces of pressure-outlet 7.
   916  2.8640e-01  3.0415e-05  3.6928e-05  3.0377e-05  1.3814e-03  5.0504e-03  1.3364e-03  0:01:09    9

 turbulent viscosity limited to viscosity ratio of 1.000000e+05 in 860 cells 

 Reversed flow on 587 faces of pressure-outlet 7.
   917  2.8641e-01  3.0390e-05  3.6902e-05  3.0382e-05  1.3839e-03  5.6239e-03  1.3364e-03  0:01:02    8

 turbulent viscosity limited to viscosity ratio of 1.000000e+05 in 860 cells 

 Reversed flow on 576 faces of pressure-outlet 7.
   918  2.8618e-01  3.0370e-05  3.6858e-05  3.0389e-05  1.3864e-03  6.1077e-03  1.3364e-03  0:00:55    7

 turbulent viscosity limited to viscosity ratio of 1.000000e+05 in 860 cells 

 Reversed flow on 587 faces of pressure-outlet 7.
   919  2.8647e-01  3.0358e-05  3.6812e-05  3.0405e-05  1.3886e-03  5.8229e-03  1.3365e-03  0:00:47    6

 turbulent viscosity limited to viscosity ratio of 1.000000e+05 in 860 cells 

 Reversed flow on 586 faces of pressure-outlet 7.
   920  2.8637e-01  3.0359e-05  3.6762e-05  3.0420e-05  1.3908e-03  6.1389e-03  1.3365e-03  0:00:39    5

 turbulent viscosity limited to viscosity ratio of 1.000000e+05 in 859 cells 

 Reversed flow on 577 faces of pressure-outlet 7.
   921  2.8631e-01  3.0349e-05  3.6718e-05  3.0418e-05  1.3916e-03  5.8948e-03  1.3367e-03  0:00:32    4

 turbulent viscosity limited to viscosity ratio of 1.000000e+05 in 858 cells 

 Reversed flow on 578 faces of pressure-outlet 7.

  iter  continuity  x-velocity  y-velocity  z-velocity           k     epsilon  vf-phase-2     time/iter
   922  2.8588e-01  3.0330e-05  3.6672e-05  3.0413e-05  1.3924e-03  5.8627e-03  1.3367e-03  0:00:23    3

 turbulent viscosity limited to viscosity ratio of 1.000000e+05 in 858 cells 

 Reversed flow on 577 faces of pressure-outlet 7.
   923  2.8539e-01  3.0315e-05  3.6649e-05  3.0411e-05  1.3935e-03  5.3850e-03  1.3365e-03  0:00:16    2

 turbulent viscosity limited to viscosity ratio of 1.000000e+05 in 858 cells 

 Reversed flow on 580 faces of pressure-outlet 7.
   924  2.8509e-01  3.0314e-05  3.6624e-05  3.0413e-05  1.3945e-03  5.4291e-03  1.3362e-03  0:00:08    1

 turbulent viscosity limited to viscosity ratio of 1.000000e+05 in 858 cells 

 Reversed flow on 578 faces of pressure-outlet 7.
   925  2.8471e-01  3.0315e-05  3.6592e-05  3.0405e-05  1.3955e-03  5.5217e-03  1.3361e-03  0:00:00    0
iterate_925: RPC returned
progress: 925/1500

  iter  continuity  x-velocity  y-velocity  z-velocity           k     epsilon  vf-phase-2     time/iter
   925  2.8471e-01  3.0315e-05  3.6592e-05  3.0405e-05  1.3955e-03  5.5217e-03  1.3361e-03  0:03:16   25

 turbulent viscosity limited to viscosity ratio of 1.000000e+05 in 858 cells 

 Reversed flow on 584 faces of pressure-outlet 7.
   926  2.8454e-01  3.0303e-05  3.6557e-05  3.0401e-05  1.3979e-03  5.4239e-03  1.3358e-03  0:03:14   24

 turbulent viscosity limited to viscosity ratio of 1.000000e+05 in 858 cells 

 Reversed flow on 575 faces of pressure-outlet 7.
   927  2.8453e-01  3.0297e-05  3.6525e-05  3.0398e-05  1.3983e-03  5.6101e-03  1.3355e-03  0:03:01   23

 turbulent viscosity limited to viscosity ratio of 1.000000e+05 in 858 cells 

 Reversed flow on 571 faces of pressure-outlet 7.
   928  2.8432e-01  3.0300e-05  3.6488e-05  3.0379e-05  1.4016e-03  5.8729e-03  1.3354e-03  0:02:54   22

 turbulent viscosity limited to viscosity ratio of 1.000000e+05 in 860 cells 

 Reversed flow on 563 faces of pressure-outlet 7.
   929  2.8411e-01  3.0318e-05  3.6452e-05  3.0363e-05  1.4024e-03  5.6567e-03  1.3354e-03  0:02:46   21

 turbulent viscosity limited to viscosity ratio of 1.000000e+05 in 860 cells 

 Reversed flow on 574 faces of pressure-outlet 7.
   930  2.8403e-01  3.0314e-05  3.6419e-05  3.0335e-05  1.4014e-03  5.6384e-03  1.3354e-03  0:02:39   20

 turbulent viscosity limited to viscosity ratio of 1.000000e+05 in 860 cells 

 Reversed flow on 576 faces of pressure-outlet 7.
   931  2.8386e-01  3.0321e-05  3.6382e-05  3.0317e-05  1.4024e-03  5.7708e-03  1.3357e-03  0:02:27   19

 turbulent viscosity limited to viscosity ratio of 1.000000e+05 in 859 cells 

 Reversed flow on 568 faces of pressure-outlet 7.
   932  2.8392e-01  3.0347e-05  3.6353e-05  3.0291e-05  1.4034e-03  6.0068e-03  1.3358e-03  0:02:20   18

 turbulent viscosity limited to viscosity ratio of 1.000000e+05 in 859 cells 

 Reversed flow on 578 faces of pressure-outlet 7.
   933  2.8382e-01  3.0364e-05  3.6335e-05  3.0275e-05  1.4058e-03  6.1116e-03  1.3358e-03  0:02:13   17

 turbulent viscosity limited to viscosity ratio of 1.000000e+05 in 858 cells 

 Reversed flow on 577 faces of pressure-outlet 7.
   934  2.8380e-01  3.0382e-05  3.6323e-05  3.0246e-05  1.4062e-03  6.4566e-03  1.3359e-03  0:02:06   16

 turbulent viscosity limited to viscosity ratio of 1.000000e+05 in 858 cells 

 Reversed flow on 570 faces of pressure-outlet 7.
   935  2.8335e-01  3.0412e-05  3.6287e-05  3.0204e-05  1.4065e-03  6.0906e-03  1.3361e-03  0:01:58   15

 turbulent viscosity limited to viscosity ratio of 1.000000e+05 in 857 cells 

 Reversed flow on 570 faces of pressure-outlet 7.

  iter  continuity  x-velocity  y-velocity  z-velocity           k     epsilon  vf-phase-2     time/iter
   936  2.8303e-01  3.0431e-05  3.6261e-05  3.0164e-05  1.4045e-03  6.0509e-03  1.3363e-03  0:01:48   14

 turbulent viscosity limited to viscosity ratio of 1.000000e+05 in 856 cells 

 Reversed flow on 578 faces of pressure-outlet 7.
   937  2.8306e-01  3.0455e-05  3.6212e-05  3.0134e-05  1.4058e-03  6.7335e-03  1.3365e-03  0:01:41   13

 turbulent viscosity limited to viscosity ratio of 1.000000e+05 in 855 cells 

 Reversed flow on 570 faces of pressure-outlet 7.
   938  2.8268e-01  3.0491e-05  3.6176e-05  3.0101e-05  1.4046e-03  5.9903e-03  1.3366e-03  0:01:34   12

 turbulent viscosity limited to viscosity ratio of 1.000000e+05 in 855 cells 

 Reversed flow on 555 faces of pressure-outlet 7.
   939  2.8250e-01  3.0534e-05  3.6131e-05  3.0066e-05  1.4050e-03  6.3331e-03  1.3365e-03  0:01:26   11

 turbulent viscosity limited to viscosity ratio of 1.000000e+05 in 855 cells 

 Reversed flow on 549 faces of pressure-outlet 7.
   940  2.8219e-01  3.0571e-05  3.6087e-05  3.0027e-05  1.4047e-03  6.6962e-03  1.3368e-03  0:01:19   10

 turbulent viscosity limited to viscosity ratio of 1.000000e+05 in 855 cells 

 Reversed flow on 570 faces of pressure-outlet 7.
   941  2.8186e-01  3.0618e-05  3.6029e-05  2.9981e-05  1.4016e-03  6.2757e-03  1.3372e-03  0:01:09    9

 turbulent viscosity limited to viscosity ratio of 1.000000e+05 in 855 cells 

 Reversed flow on 574 faces of pressure-outlet 7.
   942  2.8165e-01  3.0651e-05  3.5979e-05  2.9943e-05  1.4041e-03  6.8511e-03  1.3377e-03  0:01:02    8

 turbulent viscosity limited to viscosity ratio of 1.000000e+05 in 854 cells 

 Reversed flow on 570 faces of pressure-outlet 7.
   943  2.8172e-01  3.0708e-05  3.5935e-05  2.9908e-05  1.4010e-03  5.8137e-03  1.3382e-03  0:00:55    7

 turbulent viscosity limited to viscosity ratio of 1.000000e+05 in 854 cells 

 Reversed flow on 571 faces of pressure-outlet 7.
   944  2.8152e-01  3.0775e-05  3.5888e-05  2.9867e-05  1.4010e-03  6.1327e-03  1.3385e-03  0:00:47    6

 turbulent viscosity limited to viscosity ratio of 1.000000e+05 in 854 cells 

 Reversed flow on 572 faces of pressure-outlet 7.
   945  2.8111e-01  3.0827e-05  3.5835e-05  2.9811e-05  1.3980e-03  5.9661e-03  1.3386e-03  0:00:39    5

 turbulent viscosity limited to viscosity ratio of 1.000000e+05 in 854 cells 

 Reversed flow on 570 faces of pressure-outlet 7.
   946  2.8099e-01  3.0883e-05  3.5771e-05  2.9759e-05  1.3977e-03  5.7016e-03  1.3386e-03  0:00:31    4

 turbulent viscosity limited to viscosity ratio of 1.000000e+05 in 854 cells 

 Reversed flow on 574 faces of pressure-outlet 7.

  iter  continuity  x-velocity  y-velocity  z-velocity           k     epsilon  vf-phase-2     time/iter
   947  2.8048e-01  3.0935e-05  3.5700e-05  2.9698e-05  1.3966e-03  5.6871e-03  1.3387e-03  0:00:23    3

 turbulent viscosity limited to viscosity ratio of 1.000000e+05 in 854 cells 

 Reversed flow on 574 faces of pressure-outlet 7.
   948  2.8036e-01  3.0983e-05  3.5636e-05  2.9649e-05  1.3978e-03  6.5125e-03  1.3388e-03  0:00:16    2

 turbulent viscosity limited to viscosity ratio of 1.000000e+05 in 854 cells 

 Reversed flow on 567 faces of pressure-outlet 7.
   949  2.8028e-01  3.1047e-05  3.5570e-05  2.9623e-05  1.3968e-03  6.7168e-03  1.3390e-03  0:00:08    1

 turbulent viscosity limited to viscosity ratio of 1.000000e+05 in 853 cells 

 Reversed flow on 575 faces of pressure-outlet 7.
   950  2.8004e-01  3.1106e-05  3.5499e-05  2.9579e-05  1.3974e-03  7.0522e-03  1.3392e-03  0:00:00    0
iterate_950: RPC returned
progress: 950/1500

  iter  continuity  x-velocity  y-velocity  z-velocity           k     epsilon  vf-phase-2     time/iter
   950  2.8004e-01  3.1106e-05  3.5499e-05  2.9579e-05  1.3974e-03  7.0522e-03  1.3392e-03  0:03:17   25

 turbulent viscosity limited to viscosity ratio of 1.000000e+05 in 854 cells 

 Reversed flow on 583 faces of pressure-outlet 7.
   951  2.7987e-01  3.1160e-05  3.5431e-05  2.9532e-05  1.3947e-03  6.7982e-03  1.3393e-03  0:03:10   24

 turbulent viscosity limited to viscosity ratio of 1.000000e+05 in 854 cells 

 Reversed flow on 583 faces of pressure-outlet 7.
   952  2.7964e-01  3.1219e-05  3.5355e-05  2.9487e-05  1.3913e-03  6.4310e-03  1.3393e-03  0:03:02   23

 turbulent viscosity limited to viscosity ratio of 1.000000e+05 in 855 cells 

 Reversed flow on 579 faces of pressure-outlet 7.
   953  2.7921e-01  3.1264e-05  3.5266e-05  2.9434e-05  1.3886e-03  5.8750e-03  1.3391e-03  0:02:55   22
Traceback (most recent call last):
  File "/Users/andy/Desktop/P4P/P4P_knowledgeWiki/PyAnsys/scripts/setup/run_purnanto_enthalpy_sweep.py", line 1683, in <module>
    raise SystemExit(main())
                     ^^^^^^
  File "/Users/andy/Desktop/P4P/P4P_knowledgeWiki/PyAnsys/scripts/setup/run_purnanto_enthalpy_sweep.py", line 1642, in main
    rows, case_summary_row = run_one_case(solver, item, args, local_output_dir)
                             ^^^^^^^^^^^^^^^^^^^^^^^^^^^^^^^^^^^^^^^^^^^^^^^^^^
  File "/Users/andy/Desktop/P4P/P4P_knowledgeWiki/PyAnsys/scripts/setup/run_purnanto_enthalpy_sweep.py", line 1473, in run_one_case
    completed = iterate_case(
                ^^^^^^^^^^^^^
  File "/Users/andy/Desktop/P4P/P4P_knowledgeWiki/PyAnsys/scripts/setup/run_purnanto_enthalpy_sweep.py", line 905, in iterate_case
    solver.settings.solution.run_calculation.iterate(iter_count=step)
  File "/Users/andy/Desktop/P4P/P4P_knowledgeWiki/PyAnsys/.venv/lib/python3.12/site-packages/ansys/fluent/core/solver/flobject.py", line 2066, in __call__
    return self.execute_command(**kwds)
           ^^^^^^^^^^^^^^^^^^^^^^^^^^^^
  File "/Users/andy/Desktop/P4P/P4P_knowledgeWiki/PyAnsys/.venv/lib/python3.12/site-packages/ansys/fluent/core/solver/flobject.py", line 2006, in execute_command
    ret = self._execute_command(*args, **scmKwds)
          ^^^^^^^^^^^^^^^^^^^^^^^^^^^^^^^^^^^^^^^
  File "/Users/andy/Desktop/P4P/P4P_knowledgeWiki/PyAnsys/.venv/lib/python3.12/site-packages/ansys/fluent/core/solver/flobject.py", line 1977, in _execute_command
    ret = self.flproxy.execute_cmd(self._parent.path, self.obj_name, **kwds)
          ^^^^^^^^^^^^^^^^^^^^^^^^^^^^^^^^^^^^^^^^^^^^^^^^^^^^^^^^^^^^^^^^^^
  File "/Users/andy/Desktop/P4P/P4P_knowledgeWiki/PyAnsys/.venv/lib/python3.12/site-packages/ansys/fluent/core/services/settings.py", line 150, in _fn
    return fn(self, *args, **kwds)
           ^^^^^^^^^^^^^^^^^^^^^^^
  File "/Users/andy/Desktop/P4P/P4P_knowledgeWiki/PyAnsys/.venv/lib/python3.12/site-packages/ansys/fluent/core/services/settings.py", line 383, in execute_cmd
    response = self._service_impl.execute_cmd(request)
               ^^^^^^^^^^^^^^^^^^^^^^^^^^^^^^^^^^^^^^^
  File "/Users/andy/Desktop/P4P/P4P_knowledgeWiki/PyAnsys/.venv/lib/python3.12/site-packages/ansys/fluent/core/services/settings.py", line 117, in execute_cmd
    return self._stub.ExecuteCommand(request, metadata=self._metadata)
           ^^^^^^^^^^^^^^^^^^^^^^^^^^^^^^^^^^^^^^^^^^^^^^^^^^^^^^^^^^^
  File "/Users/andy/Desktop/P4P/P4P_knowledgeWiki/PyAnsys/.venv/lib/python3.12/site-packages/grpc/_interceptor.py", line 276, in __call__
    response, ignored_call = self._with_call(
                             ^^^^^^^^^^^^^^^^
  File "/Users/andy/Desktop/P4P/P4P_knowledgeWiki/PyAnsys/.venv/lib/python3.12/site-packages/grpc/_interceptor.py", line 328, in _with_call
    call = self._interceptor.intercept_unary_unary(
           ^^^^^^^^^^^^^^^^^^^^^^^^^^^^^^^^^^^^^^^^
  File "/Users/andy/Desktop/P4P/P4P_knowledgeWiki/PyAnsys/.venv/lib/python3.12/site-packages/ansys/fluent/core/services/interceptors.py", line 174, in intercept_unary_unary
    return self._intercept_call(continuation, client_call_details, request)
           ^^^^^^^^^^^^^^^^^^^^^^^^^^^^^^^^^^^^^^^^^^^^^^^^^^^^^^^^^^^^^^^^
  File "/Users/andy/Desktop/P4P/P4P_knowledgeWiki/PyAnsys/.venv/lib/python3.12/site-packages/ansys/fluent/core/services/interceptors.py", line 164, in _intercept_call
    raise new_ex from None
RuntimeError: Stream removed (recvmsg:Can't assign requested address)
