Connecting to Fluent server 1 using IP/port: 10.104.145.85:51652
/Users/andy/Desktop/P4P/P4P_knowledgeWiki/PyAnsys/.venv/lib/python3.12/site-packages/ansys/fluent/core/fluent_connection.py:306: InsecureGrpcWarning: The Fluent session will be connected in insecure gRPC mode. This mode is not recommended. For more details on the implications and usage of insecure mode, refer to the Fluent documentation.
  warnings.warn(
/Users/andy/Desktop/P4P/P4P_knowledgeWiki/PyAnsys/.venv/lib/python3.12/site-packages/ansys/tools/common/cyberchannel.py:188: UserWarning: Starting gRPC client without TLS on 10.104.145.85:51652. This is INSECURE. Consider using a secure connection.
  warn(f"Starting gRPC client without TLS on {target}. This is INSECURE. Consider using a secure connection.")

Connected to Fluent Ansys Fluent 2024 R2

=== Continue Case 3 / 1520 ===
reported_starting_number_of_iterations: 25
reported_number_of_iterations_note: this is Fluent's current iteration/run setting; it is not proof that a disconnected controller completed that many iterations
fluent_internal_autosave: VERIFIED disabled -> {"before": {"autosave/frequency/data": 0, "autosave/frequency/case": 0, "mmp/autosave/frequency/data": 0, "mmp/autosave/frequency/case": 0, "autosave/filename": "C:/Users/qtra338/Documents/enthalpy_sweep_verified_20260721_v2/case_3_1520_internal_autosave_disabled", "mmp/autosave/filename": "C:/Users/qtra338/Documents/enthalpy_sweep_verified_20260721_v2/case_3_1520_internal_autosave_disabled"}, "after": {"autosave/frequency/data": 0, "autosave/frequency/case": 0, "mmp/autosave/frequency/data": 0, "mmp/autosave/frequency/case": 0, "autosave/filename": "C:/Users/qtra338/Documents/enthalpy_sweep_verified_20260721_v2/case_3_1520_1500iter_recovered_from_375_internal_autosave_disabled", "mmp/autosave/filename": "C:/Users/qtra338/Documents/enthalpy_sweep_verified_20260721_v2/case_3_1520_1500iter_recovered_from_375_internal_autosave_disabled"}, "python_checkpoints_enabled": true}

=== Set Inlet Phase Mass Flows ===
set_inlet_phase_mass_flows: OK
{
  "mixture": {
    "momentum": {
      "reference_frame": "Absolute",
      "supersonic_gauge_pressure": {
        "option": "value",
        "value": 1140000
      },
      "direction_specification": "Normal to Boundary"
    },
    "turbulence": {
      "turbulence_specification": "Intensity and Hydraulic Diameter",
      "turbulent_intensity": 0.02152499951888,
      "hydraulic_diameter": 0.7240000000000001
    },
    "dpm": {
      "discrete_phase_bc_type": "escape"
    },
    "multiphase": {}
  },
  "phase-1": {
    "momentum": {
      "mass_flow_specification": "Mass Flow Rate",
      "mass_flow_rate": {
        "option": "value",
        "value": 72.77
      }
    },
    "turbulence": {},
    "dpm": {},
    "multiphase": {}
  },
  "phase-2": {
    "momentum": {
      "mass_flow_specification": "Mass Flow Rate",
      "mass_flow_rate": {
        "option": "value",
        "value": 124.84
      }
    },
    "turbulence": {},
    "dpm": {},
    "multiphase": {}
  }
}

=== Set DPM Injections ===
DPM velocity mode: face-normal
injection-0_particle_type: OK
injection-0_material: OK
injection-0_injection_type_surface: OK
injection-0_location: OK
injection-0_mass_flow_rate: OK
injection-0_use_face_normal_direction: OK
injection-0_velocity_magnitude: OK
injection-0_particle_size: OK
injection-0_readback: VERIFIED
injection-1_particle_type: OK
injection-1_material: OK
injection-1_injection_type_surface: OK
injection-1_location: OK
injection-1_mass_flow_rate: OK
injection-1_use_face_normal_direction: OK
injection-1_velocity_magnitude: OK
injection-1_particle_size: OK
injection-1_readback: VERIFIED
injection-2_particle_type: OK
injection-2_material: OK
injection-2_injection_type_surface: OK
injection-2_location: OK
injection-2_mass_flow_rate: OK
injection-2_use_face_normal_direction: OK
injection-2_velocity_magnitude: OK
injection-2_particle_size: OK
injection-2_readback: VERIFIED
injection-3_particle_type: OK
injection-3_material: OK
injection-3_injection_type_surface: OK
injection-3_location: OK
injection-3_mass_flow_rate: OK
injection-3_use_face_normal_direction: OK
injection-3_velocity_magnitude: OK
injection-3_particle_size: OK
injection-3_readback: VERIFIED
injection-4_particle_type: OK
injection-4_material: OK
injection-4_injection_type_surface: OK
injection-4_location: OK
injection-4_mass_flow_rate: OK
injection-4_use_face_normal_direction: OK
injection-4_velocity_magnitude: OK
injection-4_particle_size: OK
injection-4_readback: VERIFIED
injection-5_particle_type: OK
injection-5_material: OK
injection-5_injection_type_surface: OK
injection-5_location: OK
injection-5_mass_flow_rate: OK
injection-5_use_face_normal_direction: OK
injection-5_velocity_magnitude: OK
injection-5_particle_size: OK
injection-5_readback: VERIFIED
injection-6_particle_type: OK
injection-6_material: OK
injection-6_injection_type_surface: OK
injection-6_location: OK
injection-6_mass_flow_rate: OK
injection-6_use_face_normal_direction: OK
injection-6_velocity_magnitude: OK
injection-6_particle_size: OK
injection-6_readback: VERIFIED
injection-7_particle_type: OK
injection-7_material: OK
injection-7_injection_type_surface: OK
injection-7_location: OK
injection-7_mass_flow_rate: OK
injection-7_use_face_normal_direction: OK
injection-7_velocity_magnitude: OK
injection-7_particle_size: OK
injection-7_readback: VERIFIED
injection-8_particle_type: OK
injection-8_material: OK
injection-8_injection_type_surface: OK
injection-8_location: OK
injection-8_mass_flow_rate: OK
injection-8_use_face_normal_direction: OK
injection-8_velocity_magnitude: OK
injection-8_particle_size: OK
injection-8_readback: VERIFIED

=== Run Iterations ===
iteration_monitor_sets: ['residual']

  iter  continuity  x-velocity  y-velocity  z-velocity           k     epsilon  vf-phase-2     time/iter
   375  6.3850e-01  9.1350e-05  1.0347e-04  9.3817e-05  2.8580e-03  6.6174e-03  1.6310e-03  0:03:30   25

 turbulent viscosity limited to viscosity ratio of 1.000000e+05 in 1395 cells 

 turbulent viscosity limited to viscosity ratio of 1.000000e+05 in 1391 cells 

 Reversed flow on 634 faces of pressure-outlet 7.
   376  6.3758e-01  9.1138e-05  1.0311e-04  9.3451e-05  2.8472e-03  6.6478e-03  1.6277e-03  0:03:25   24

 turbulent viscosity limited to viscosity ratio of 1.000000e+05 in 1385 cells 

 Reversed flow on 620 faces of pressure-outlet 7.
   377  6.3696e-01  9.0975e-05  1.0277e-04  9.3104e-05  2.8355e-03  6.6757e-03  1.6244e-03  0:03:14   23

 turbulent viscosity limited to viscosity ratio of 1.000000e+05 in 1381 cells 

 Reversed flow on 622 faces of pressure-outlet 7.
   378  6.3572e-01  9.0793e-05  1.0246e-04  9.2758e-05  2.8248e-03  6.5540e-03  1.6213e-03  0:03:03   22

 turbulent viscosity limited to viscosity ratio of 1.000000e+05 in 1377 cells 

 Reversed flow on 627 faces of pressure-outlet 7.
   379  6.3471e-01  9.0625e-05  1.0214e-04  9.2449e-05  2.8135e-03  6.3523e-03  1.6181e-03  0:02:54   21

 turbulent viscosity limited to viscosity ratio of 1.000000e+05 in 1374 cells 

 Reversed flow on 611 faces of pressure-outlet 7.
   380  6.3377e-01  9.0442e-05  1.0177e-04  9.2122e-05  2.8043e-03  6.5348e-03  1.6151e-03  0:02:40   20

 turbulent viscosity limited to viscosity ratio of 1.000000e+05 in 1371 cells 

 Reversed flow on 618 faces of pressure-outlet 7.
   381  6.3263e-01  9.0307e-05  1.0141e-04  9.1832e-05  2.7948e-03  6.4886e-03  1.6120e-03  0:02:32   19

 turbulent viscosity limited to viscosity ratio of 1.000000e+05 in 1367 cells 

 Reversed flow on 628 faces of pressure-outlet 7.
   382  6.3201e-01  9.0122e-05  1.0108e-04  9.1525e-05  2.7859e-03  6.5551e-03  1.6091e-03  0:02:24   18

 turbulent viscosity limited to viscosity ratio of 1.000000e+05 in 1365 cells 

 Reversed flow on 623 faces of pressure-outlet 7.
   383  6.2900e-01  8.9951e-05  1.0071e-04  9.1243e-05  2.7763e-03  6.4670e-03  1.6062e-03  0:02:16   17

 turbulent viscosity limited to viscosity ratio of 1.000000e+05 in 1360 cells 

 Reversed flow on 631 faces of pressure-outlet 7.
   384  6.2723e-01  8.9741e-05  1.0039e-04  9.0950e-05  2.7675e-03  6.4728e-03  1.6033e-03  0:02:08   16

 turbulent viscosity limited to viscosity ratio of 1.000000e+05 in 1355 cells 

 Reversed flow on 627 faces of pressure-outlet 7.
   385  6.2693e-01  8.9542e-05  1.0008e-04  9.0657e-05  2.7603e-03  6.4618e-03  1.6005e-03  0:02:03   15

 turbulent viscosity limited to viscosity ratio of 1.000000e+05 in 1350 cells 

 Reversed flow on 629 faces of pressure-outlet 7.

  iter  continuity  x-velocity  y-velocity  z-velocity           k     epsilon  vf-phase-2     time/iter
   386  6.2574e-01  8.9406e-05  9.9753e-05  9.0393e-05  2.7518e-03  6.3587e-03  1.5977e-03  0:01:54   14

 turbulent viscosity limited to viscosity ratio of 1.000000e+05 in 1348 cells 

 Reversed flow on 630 faces of pressure-outlet 7.
   387  6.2495e-01  8.9311e-05  9.9455e-05  9.0150e-05  2.7438e-03  6.4282e-03  1.5950e-03  0:01:46   13

 turbulent viscosity limited to viscosity ratio of 1.000000e+05 in 1344 cells 

 Reversed flow on 632 faces of pressure-outlet 7.
   388  6.2357e-01  8.9203e-05  9.9191e-05  8.9926e-05  2.7361e-03  6.3470e-03  1.5923e-03  0:01:37   12

 turbulent viscosity limited to viscosity ratio of 1.000000e+05 in 1342 cells 

 Reversed flow on 627 faces of pressure-outlet 7.
   389  6.2254e-01  8.9077e-05  9.8868e-05  8.9718e-05  2.7286e-03  6.2747e-03  1.5897e-03  0:01:31   11

 turbulent viscosity limited to viscosity ratio of 1.000000e+05 in 1343 cells 

 Reversed flow on 626 faces of pressure-outlet 7.
   390  6.2160e-01  8.8927e-05  9.8558e-05  8.9468e-05  2.7233e-03  6.3819e-03  1.5870e-03  0:01:22   10

 turbulent viscosity limited to viscosity ratio of 1.000000e+05 in 1338 cells 

 Reversed flow on 625 faces of pressure-outlet 7.
   391  6.2151e-01  8.8834e-05  9.8305e-05  8.9265e-05  2.7168e-03  6.3446e-03  1.5845e-03  0:01:14    9

 turbulent viscosity limited to viscosity ratio of 1.000000e+05 in 1336 cells 

 Reversed flow on 620 faces of pressure-outlet 7.
   392  6.2079e-01  8.8736e-05  9.8066e-05  8.9071e-05  2.7084e-03  6.2290e-03  1.5821e-03  0:01:07    8

 turbulent viscosity limited to viscosity ratio of 1.000000e+05 in 1335 cells 

 Reversed flow on 612 faces of pressure-outlet 7.
   393  6.1964e-01  8.8662e-05  9.7833e-05  8.8876e-05  2.7006e-03  6.0832e-03  1.5797e-03  0:00:58    7

 turbulent viscosity limited to viscosity ratio of 1.000000e+05 in 1331 cells 

 Reversed flow on 627 faces of pressure-outlet 7.
   394  6.1875e-01  8.8559e-05  9.7614e-05  8.8683e-05  2.6941e-03  6.1136e-03  1.5774e-03  0:00:49    6

 turbulent viscosity limited to viscosity ratio of 1.000000e+05 in 1327 cells 

 Reversed flow on 617 faces of pressure-outlet 7.
   395  6.1795e-01  8.8476e-05  9.7369e-05  8.8458e-05  2.6868e-03  6.1060e-03  1.5751e-03  0:00:42    5

 turbulent viscosity limited to viscosity ratio of 1.000000e+05 in 1324 cells 

 Reversed flow on 613 faces of pressure-outlet 7.
   396  6.1688e-01  8.8384e-05  9.7146e-05  8.8245e-05  2.6802e-03  6.0459e-03  1.5729e-03  0:00:33    4

 turbulent viscosity limited to viscosity ratio of 1.000000e+05 in 1322 cells 

 Reversed flow on 622 faces of pressure-outlet 7.

  iter  continuity  x-velocity  y-velocity  z-velocity           k     epsilon  vf-phase-2     time/iter
   397  6.1640e-01  8.8287e-05  9.6928e-05  8.8049e-05  2.6740e-03  6.1395e-03  1.5708e-03  0:00:25    3

 turbulent viscosity limited to viscosity ratio of 1.000000e+05 in 1320 cells 

 Reversed flow on 609 faces of pressure-outlet 7.
   398  6.1581e-01  8.8196e-05  9.6736e-05  8.7851e-05  2.6664e-03  6.0366e-03  1.5687e-03  0:00:17    2

 turbulent viscosity limited to viscosity ratio of 1.000000e+05 in 1321 cells 

 Reversed flow on 613 faces of pressure-outlet 7.
   399  6.1565e-01  8.8084e-05  9.6552e-05  8.7665e-05  2.6583e-03  6.1459e-03  1.5667e-03  0:00:08    1

 turbulent viscosity limited to viscosity ratio of 1.000000e+05 in 1319 cells 

 Reversed flow on 628 faces of pressure-outlet 7.
   400  6.1453e-01  8.7971e-05  9.6374e-05  8.7447e-05  2.6496e-03  6.0068e-03  1.5647e-03  0:00:00    0
iterate_25: RPC returned
progress: 25/1125

  iter  continuity  x-velocity  y-velocity  z-velocity           k     epsilon  vf-phase-2     time/iter
   400  6.1453e-01  8.7971e-05  9.6374e-05  8.7447e-05  2.6496e-03  6.0068e-03  1.5647e-03  0:03:26   25

 turbulent viscosity limited to viscosity ratio of 1.000000e+05 in 1316 cells 

 Reversed flow on 622 faces of pressure-outlet 7.
   401  6.1416e-01  8.7849e-05  9.6202e-05  8.7240e-05  2.6416e-03  5.9083e-03  1.5628e-03  0:03:22   24

 turbulent viscosity limited to viscosity ratio of 1.000000e+05 in 1312 cells 

 Reversed flow on 603 faces of pressure-outlet 7.
   402  6.1350e-01  8.7747e-05  9.6039e-05  8.7040e-05  2.6315e-03  5.7803e-03  1.5609e-03  0:03:16   23

 turbulent viscosity limited to viscosity ratio of 1.000000e+05 in 1310 cells 

 Reversed flow on 611 faces of pressure-outlet 7.
   403  6.1292e-01  8.7622e-05  9.5883e-05  8.6841e-05  2.6231e-03  5.7973e-03  1.5591e-03  0:03:05   22

 turbulent viscosity limited to viscosity ratio of 1.000000e+05 in 1308 cells 

 Reversed flow on 613 faces of pressure-outlet 7.
   404  6.1182e-01  8.7522e-05  9.5732e-05  8.6643e-05  2.6149e-03  5.7483e-03  1.5574e-03  0:02:55   21

 turbulent viscosity limited to viscosity ratio of 1.000000e+05 in 1304 cells 

 Reversed flow on 611 faces of pressure-outlet 7.
   405  6.1068e-01  8.7400e-05  9.5597e-05  8.6434e-05  2.6061e-03  5.6646e-03  1.5556e-03  0:02:49   20

 turbulent viscosity limited to viscosity ratio of 1.000000e+05 in 1299 cells 

 Reversed flow on 603 faces of pressure-outlet 7.
   406  6.1011e-01  8.7279e-05  9.5456e-05  8.6251e-05  2.5979e-03  5.6225e-03  1.5539e-03  0:02:39   19

 turbulent viscosity limited to viscosity ratio of 1.000000e+05 in 1298 cells 

 Reversed flow on 615 faces of pressure-outlet 7.
   407  6.0981e-01  8.7148e-05  9.5350e-05  8.6056e-05  2.5895e-03  5.6058e-03  1.5523e-03  0:02:29   18

 turbulent viscosity limited to viscosity ratio of 1.000000e+05 in 1294 cells 

 Reversed flow on 612 faces of pressure-outlet 7.
   408  6.0946e-01  8.7060e-05  9.5257e-05  8.5889e-05  2.5835e-03  5.6782e-03  1.5506e-03  0:02:23   17

 turbulent viscosity limited to viscosity ratio of 1.000000e+05 in 1291 cells 

 Reversed flow on 617 faces of pressure-outlet 7.
   409  6.0829e-01  8.6974e-05  9.5159e-05  8.5735e-05  2.5766e-03  5.7027e-03  1.5491e-03  0:02:14   16

 turbulent viscosity limited to viscosity ratio of 1.000000e+05 in 1287 cells 

 Reversed flow on 616 faces of pressure-outlet 7.
   410  6.0739e-01  8.6885e-05  9.5033e-05  8.5593e-05  2.5707e-03  5.6536e-03  1.5475e-03  0:02:04   15

 turbulent viscosity limited to viscosity ratio of 1.000000e+05 in 1283 cells 

 Reversed flow on 604 faces of pressure-outlet 7.

  iter  continuity  x-velocity  y-velocity  z-velocity           k     epsilon  vf-phase-2     time/iter
   411  6.0603e-01  8.6813e-05  9.4941e-05  8.5458e-05  2.5643e-03  5.6866e-03  1.5459e-03  0:01:58   14

 turbulent viscosity limited to viscosity ratio of 1.000000e+05 in 1282 cells 

 Reversed flow on 610 faces of pressure-outlet 7.
   412  6.0453e-01  8.6753e-05  9.4860e-05  8.5327e-05  2.5592e-03  5.6916e-03  1.5444e-03  0:01:48   13

 turbulent viscosity limited to viscosity ratio of 1.000000e+05 in 1280 cells 

 Reversed flow on 618 faces of pressure-outlet 7.
   413  6.0338e-01  8.6650e-05  9.4781e-05  8.5174e-05  2.5542e-03  5.6124e-03  1.5429e-03  0:01:39   12

 turbulent viscosity limited to viscosity ratio of 1.000000e+05 in 1276 cells 

 Reversed flow on 616 faces of pressure-outlet 7.
   414  6.0216e-01  8.6559e-05  9.4705e-05  8.5035e-05  2.5496e-03  5.5727e-03  1.5414e-03  0:01:33   11

 turbulent viscosity limited to viscosity ratio of 1.000000e+05 in 1271 cells 

 Reversed flow on 619 faces of pressure-outlet 7.
   415  6.0054e-01  8.6476e-05  9.4624e-05  8.4915e-05  2.5431e-03  5.4448e-03  1.5399e-03  0:01:23   10

 turbulent viscosity limited to viscosity ratio of 1.000000e+05 in 1270 cells 

 Reversed flow on 610 faces of pressure-outlet 7.
   416  5.9942e-01  8.6383e-05  9.4554e-05  8.4785e-05  2.5402e-03  5.6201e-03  1.5384e-03  0:01:14    9

 turbulent viscosity limited to viscosity ratio of 1.000000e+05 in 1265 cells 

 Reversed flow on 615 faces of pressure-outlet 7.
   417  5.9809e-01  8.6293e-05  9.4497e-05  8.4666e-05  2.5359e-03  5.5912e-03  1.5369e-03  0:01:07    8

 turbulent viscosity limited to viscosity ratio of 1.000000e+05 in 1260 cells 

 Reversed flow on 607 faces of pressure-outlet 7.
   418  5.9674e-01  8.6226e-05  9.4408e-05  8.4578e-05  2.5313e-03  5.5578e-03  1.5355e-03  0:00:58    7

 turbulent viscosity limited to viscosity ratio of 1.000000e+05 in 1260 cells 

 Reversed flow on 611 faces of pressure-outlet 7.
   419  5.9563e-01  8.6159e-05  9.4334e-05  8.4503e-05  2.5265e-03  5.5324e-03  1.5341e-03  0:00:50    6

 turbulent viscosity limited to viscosity ratio of 1.000000e+05 in 1257 cells 

 Reversed flow on 611 faces of pressure-outlet 7.
   420  5.9450e-01  8.6070e-05  9.4271e-05  8.4396e-05  2.5224e-03  5.6003e-03  1.5326e-03  0:00:42    5

 turbulent viscosity limited to viscosity ratio of 1.000000e+05 in 1251 cells 

 Reversed flow on 609 faces of pressure-outlet 7.
   421  5.9304e-01  8.6016e-05  9.4234e-05  8.4274e-05  2.5192e-03  5.6272e-03  1.5311e-03  0:00:33    4

 turbulent viscosity limited to viscosity ratio of 1.000000e+05 in 1248 cells 

 Reversed flow on 614 faces of pressure-outlet 7.

  iter  continuity  x-velocity  y-velocity  z-velocity           k     epsilon  vf-phase-2     time/iter
   422  5.9287e-01  8.5971e-05  9.4151e-05  8.4169e-05  2.5162e-03  5.6268e-03  1.5296e-03  0:00:25    3

 turbulent viscosity limited to viscosity ratio of 1.000000e+05 in 1242 cells 

 Reversed flow on 614 faces of pressure-outlet 7.
   423  5.9235e-01  8.5934e-05  9.4078e-05  8.4057e-05  2.5134e-03  5.5978e-03  1.5281e-03  0:00:17    2

 turbulent viscosity limited to viscosity ratio of 1.000000e+05 in 1240 cells 

 Reversed flow on 629 faces of pressure-outlet 7.
   424  5.9156e-01  8.5894e-05  9.4025e-05  8.3961e-05  2.5111e-03  5.6808e-03  1.5265e-03  0:00:08    1

 turbulent viscosity limited to viscosity ratio of 1.000000e+05 in 1236 cells 

 Reversed flow on 627 faces of pressure-outlet 7.
   425  5.9068e-01  8.5866e-05  9.3933e-05  8.3847e-05  2.5086e-03  5.5994e-03  1.5250e-03  0:00:00    0
iterate_50: RPC returned
progress: 50/1125

  iter  continuity  x-velocity  y-velocity  z-velocity           k     epsilon  vf-phase-2     time/iter
   425  5.9068e-01  8.5866e-05  9.3933e-05  8.3847e-05  2.5086e-03  5.5994e-03  1.5250e-03  0:03:27   25

 turbulent viscosity limited to viscosity ratio of 1.000000e+05 in 1233 cells 

 Reversed flow on 623 faces of pressure-outlet 7.
   426  5.9048e-01  8.5850e-05  9.3851e-05  8.3764e-05  2.5062e-03  5.6143e-03  1.5235e-03  0:03:22   24

 turbulent viscosity limited to viscosity ratio of 1.000000e+05 in 1228 cells 

 Reversed flow on 616 faces of pressure-outlet 7.
   427  5.9013e-01  8.5856e-05  9.3784e-05  8.3697e-05  2.5049e-03  5.7626e-03  1.5219e-03  0:03:12   23

 turbulent viscosity limited to viscosity ratio of 1.000000e+05 in 1227 cells 

 Reversed flow on 620 faces of pressure-outlet 7.
   428  5.8936e-01  8.5825e-05  9.3694e-05  8.3619e-05  2.5054e-03  5.7069e-03  1.5203e-03  0:03:02   22

 turbulent viscosity limited to viscosity ratio of 1.000000e+05 in 1223 cells 

 Reversed flow on 626 faces of pressure-outlet 7.
   429  5.8859e-01  8.5819e-05  9.3597e-05  8.3549e-05  2.5036e-03  5.6538e-03  1.5188e-03  0:02:52   21

 turbulent viscosity limited to viscosity ratio of 1.000000e+05 in 1220 cells 

 Reversed flow on 625 faces of pressure-outlet 7.
   430  5.8889e-01  8.5824e-05  9.3541e-05  8.3465e-05  2.5029e-03  5.4705e-03  1.5171e-03  0:02:47   20

 turbulent viscosity limited to viscosity ratio of 1.000000e+05 in 1218 cells 

 Reversed flow on 623 faces of pressure-outlet 7.
   431  5.8913e-01  8.5810e-05  9.3451e-05  8.3392e-05  2.5039e-03  5.5813e-03  1.5155e-03  0:02:38   19

 turbulent viscosity limited to viscosity ratio of 1.000000e+05 in 1215 cells 

 Reversed flow on 628 faces of pressure-outlet 7.
   432  5.8873e-01  8.5818e-05  9.3384e-05  8.3317e-05  2.5037e-03  5.6188e-03  1.5138e-03  0:02:28   18

 turbulent viscosity limited to viscosity ratio of 1.000000e+05 in 1214 cells 

 Reversed flow on 636 faces of pressure-outlet 7.
   433  5.8836e-01  8.5863e-05  9.3300e-05  8.3265e-05  2.5038e-03  5.5408e-03  1.5121e-03  0:02:23   17

 turbulent viscosity limited to viscosity ratio of 1.000000e+05 in 1212 cells 

 Reversed flow on 624 faces of pressure-outlet 7.
   434  5.8789e-01  8.5917e-05  9.3240e-05  8.3175e-05  2.5050e-03  5.7245e-03  1.5104e-03  0:02:13   16

 turbulent viscosity limited to viscosity ratio of 1.000000e+05 in 1210 cells 

 Reversed flow on 617 faces of pressure-outlet 7.
   435  5.8818e-01  8.5953e-05  9.3208e-05  8.3108e-05  2.5055e-03  5.8179e-03  1.5087e-03  0:02:04   15

 turbulent viscosity limited to viscosity ratio of 1.000000e+05 in 1207 cells 

 Reversed flow on 624 faces of pressure-outlet 7.

  iter  continuity  x-velocity  y-velocity  z-velocity           k     epsilon  vf-phase-2     time/iter
   436  5.8835e-01  8.5979e-05  9.3179e-05  8.3045e-05  2.5045e-03  5.4824e-03  1.5070e-03  0:01:58   14

 turbulent viscosity limited to viscosity ratio of 1.000000e+05 in 1206 cells 

 Reversed flow on 624 faces of pressure-outlet 7.
   437  5.8815e-01  8.6001e-05  9.3177e-05  8.2945e-05  2.5057e-03  5.5568e-03  1.5052e-03  0:01:48   13

 turbulent viscosity limited to viscosity ratio of 1.000000e+05 in 1204 cells 

 Reversed flow on 622 faces of pressure-outlet 7.
   438  5.8785e-01  8.6026e-05  9.3203e-05  8.2856e-05  2.5083e-03  5.5269e-03  1.5035e-03  0:01:39   12

 turbulent viscosity limited to viscosity ratio of 1.000000e+05 in 1203 cells 

 Reversed flow on 620 faces of pressure-outlet 7.
   439  5.8828e-01  8.6048e-05  9.3248e-05  8.2798e-05  2.5108e-03  5.8440e-03  1.5018e-03  0:01:32   11

 turbulent viscosity limited to viscosity ratio of 1.000000e+05 in 1201 cells 

 Reversed flow on 628 faces of pressure-outlet 7.
   440  5.8823e-01  8.6053e-05  9.3290e-05  8.2700e-05  2.5135e-03  5.8914e-03  1.5002e-03  0:01:23   10

 turbulent viscosity limited to viscosity ratio of 1.000000e+05 in 1199 cells 

 Reversed flow on 631 faces of pressure-outlet 7.
   441  5.8812e-01  8.6075e-05  9.3324e-05  8.2608e-05  2.5152e-03  5.8157e-03  1.4985e-03  0:01:14    9

 turbulent viscosity limited to viscosity ratio of 1.000000e+05 in 1198 cells 

 Reversed flow on 637 faces of pressure-outlet 7.
   442  5.8798e-01  8.6046e-05  9.3397e-05  8.2521e-05  2.5187e-03  5.9342e-03  1.4968e-03  0:01:07    8

 turbulent viscosity limited to viscosity ratio of 1.000000e+05 in 1198 cells 

 Reversed flow on 636 faces of pressure-outlet 7.
   443  5.8805e-01  8.6047e-05  9.3498e-05  8.2463e-05  2.5216e-03  5.8719e-03  1.4952e-03  0:00:58    7

 turbulent viscosity limited to viscosity ratio of 1.000000e+05 in 1197 cells 

 Reversed flow on 621 faces of pressure-outlet 7.
   444  5.8838e-01  8.6023e-05  9.3578e-05  8.2420e-05  2.5250e-03  5.9346e-03  1.4936e-03  0:00:50    6

 turbulent viscosity limited to viscosity ratio of 1.000000e+05 in 1193 cells 

 Reversed flow on 631 faces of pressure-outlet 7.
   445  5.8896e-01  8.6000e-05  9.3660e-05  8.2348e-05  2.5282e-03  5.8938e-03  1.4920e-03  0:00:42    5

 turbulent viscosity limited to viscosity ratio of 1.000000e+05 in 1190 cells 

 Reversed flow on 631 faces of pressure-outlet 7.
   446  5.8950e-01  8.5974e-05  9.3768e-05  8.2295e-05  2.5307e-03  5.9451e-03  1.4904e-03  0:00:33    4

 turbulent viscosity limited to viscosity ratio of 1.000000e+05 in 1187 cells 

 Reversed flow on 632 faces of pressure-outlet 7.

  iter  continuity  x-velocity  y-velocity  z-velocity           k     epsilon  vf-phase-2     time/iter
   447  5.9025e-01  8.5927e-05  9.3900e-05  8.2278e-05  2.5319e-03  5.8245e-03  1.4888e-03  0:00:25    3

 turbulent viscosity limited to viscosity ratio of 1.000000e+05 in 1183 cells 

 Reversed flow on 631 faces of pressure-outlet 7.
   448  5.9111e-01  8.5889e-05  9.4054e-05  8.2233e-05  2.5348e-03  5.9327e-03  1.4873e-03  0:00:17    2

 turbulent viscosity limited to viscosity ratio of 1.000000e+05 in 1177 cells 

 Reversed flow on 631 faces of pressure-outlet 7.
   449  5.9226e-01  8.5874e-05  9.4207e-05  8.2202e-05  2.5363e-03  6.0216e-03  1.4859e-03  0:00:08    1

 turbulent viscosity limited to viscosity ratio of 1.000000e+05 in 1173 cells 

 Reversed flow on 625 faces of pressure-outlet 7.
   450  5.9271e-01  8.5821e-05  9.4360e-05  8.2171e-05  2.5374e-03  5.9728e-03  1.4844e-03  0:00:00    0
iterate_75: RPC returned
progress: 75/1125

  iter  continuity  x-velocity  y-velocity  z-velocity           k     epsilon  vf-phase-2     time/iter
   450  5.9271e-01  8.5821e-05  9.4360e-05  8.2171e-05  2.5374e-03  5.9728e-03  1.4844e-03  0:03:31   25

 turbulent viscosity limited to viscosity ratio of 1.000000e+05 in 1171 cells 

 Reversed flow on 637 faces of pressure-outlet 7.
   451  5.9335e-01  8.5782e-05  9.4487e-05  8.2160e-05  2.5375e-03  5.9172e-03  1.4831e-03  0:03:25   24

 turbulent viscosity limited to viscosity ratio of 1.000000e+05 in 1170 cells 

 Reversed flow on 636 faces of pressure-outlet 7.
   452  5.9401e-01  8.5727e-05  9.4659e-05  8.2153e-05  2.5383e-03  5.9630e-03  1.4818e-03  0:03:14   23

 turbulent viscosity limited to viscosity ratio of 1.000000e+05 in 1166 cells 

 Reversed flow on 635 faces of pressure-outlet 7.
   453  5.9547e-01  8.5667e-05  9.4848e-05  8.2161e-05  2.5382e-03  5.9559e-03  1.4805e-03  0:03:08   22

 turbulent viscosity limited to viscosity ratio of 1.000000e+05 in 1166 cells 

 Reversed flow on 642 faces of pressure-outlet 7.
   454  5.9688e-01  8.5607e-05  9.5010e-05  8.2165e-05  2.5383e-03  5.9408e-03  1.4792e-03  0:02:57   21

 turbulent viscosity limited to viscosity ratio of 1.000000e+05 in 1164 cells 

 Reversed flow on 643 faces of pressure-outlet 7.
   455  5.9790e-01  8.5569e-05  9.5190e-05  8.2202e-05  2.5385e-03  5.8636e-03  1.4779e-03  0:02:47   20

 turbulent viscosity limited to viscosity ratio of 1.000000e+05 in 1163 cells 

 Reversed flow on 631 faces of pressure-outlet 7.
   456  5.9934e-01  8.5531e-05  9.5354e-05  8.2224e-05  2.5390e-03  5.9538e-03  1.4767e-03  0:02:37   19

 turbulent viscosity limited to viscosity ratio of 1.000000e+05 in 1161 cells 

 Reversed flow on 634 faces of pressure-outlet 7.
   457  6.0034e-01  8.5505e-05  9.5554e-05  8.2223e-05  2.5396e-03  5.9874e-03  1.4756e-03  0:02:32   18

 turbulent viscosity limited to viscosity ratio of 1.000000e+05 in 1158 cells 

 Reversed flow on 638 faces of pressure-outlet 7.
   458  6.0140e-01  8.5493e-05  9.5739e-05  8.2270e-05  2.5402e-03  6.1390e-03  1.4744e-03  0:02:22   17

 turbulent viscosity limited to viscosity ratio of 1.000000e+05 in 1157 cells 

 Reversed flow on 637 faces of pressure-outlet 7.
   459  6.0265e-01  8.5462e-05  9.5923e-05  8.2323e-05  2.5400e-03  5.9904e-03  1.4732e-03  0:02:16   16

 turbulent viscosity limited to viscosity ratio of 1.000000e+05 in 1157 cells 

 Reversed flow on 632 faces of pressure-outlet 7.
   460  6.0466e-01  8.5421e-05  9.6090e-05  8.2364e-05  2.5401e-03  5.9255e-03  1.4720e-03  0:02:06   15

 turbulent viscosity limited to viscosity ratio of 1.000000e+05 in 1156 cells 

 Reversed flow on 625 faces of pressure-outlet 7.

  iter  continuity  x-velocity  y-velocity  z-velocity           k     epsilon  vf-phase-2     time/iter
   461  6.0644e-01  8.5379e-05  9.6290e-05  8.2414e-05  2.5401e-03  5.9708e-03  1.4709e-03  0:01:56   14

 turbulent viscosity limited to viscosity ratio of 1.000000e+05 in 1154 cells 

 Reversed flow on 634 faces of pressure-outlet 7.
   462  6.0847e-01  8.5346e-05  9.6467e-05  8.2504e-05  2.5407e-03  6.0093e-03  1.4697e-03  0:01:47   13

 turbulent viscosity limited to viscosity ratio of 1.000000e+05 in 1153 cells 

 Reversed flow on 631 faces of pressure-outlet 7.
   463  6.1073e-01  8.5298e-05  9.6637e-05  8.2602e-05  2.5419e-03  6.0483e-03  1.4685e-03  0:01:41   12

 turbulent viscosity limited to viscosity ratio of 1.000000e+05 in 1151 cells 

 Reversed flow on 630 faces of pressure-outlet 7.
   464  6.1290e-01  8.5287e-05  9.6806e-05  8.2710e-05  2.5437e-03  6.0329e-03  1.4672e-03  0:01:31   11

 turbulent viscosity limited to viscosity ratio of 1.000000e+05 in 1150 cells 

 Reversed flow on 633 faces of pressure-outlet 7.
   465  6.1428e-01  8.5269e-05  9.6991e-05  8.2819e-05  2.5459e-03  6.1794e-03  1.4659e-03  0:01:23   10

 turbulent viscosity limited to viscosity ratio of 1.000000e+05 in 1148 cells 

 Reversed flow on 633 faces of pressure-outlet 7.
   466  6.1550e-01  8.5228e-05  9.7152e-05  8.2939e-05  2.5474e-03  6.1881e-03  1.4644e-03  0:01:16    9

 turbulent viscosity limited to viscosity ratio of 1.000000e+05 in 1148 cells 

 Reversed flow on 631 faces of pressure-outlet 7.
   467  6.1718e-01  8.5186e-05  9.7334e-05  8.3093e-05  2.5487e-03  5.9780e-03  1.4629e-03  0:01:07    8

 turbulent viscosity limited to viscosity ratio of 1.000000e+05 in 1148 cells 

 Reversed flow on 648 faces of pressure-outlet 7.
   468  6.1898e-01  8.5147e-05  9.7538e-05  8.3234e-05  2.5503e-03  5.9344e-03  1.4612e-03  0:00:58    7

 turbulent viscosity limited to viscosity ratio of 1.000000e+05 in 1146 cells 

 Reversed flow on 645 faces of pressure-outlet 7.
   469  6.2107e-01  8.5121e-05  9.7736e-05  8.3418e-05  2.5518e-03  5.8057e-03  1.4594e-03  0:00:50    6

 turbulent viscosity limited to viscosity ratio of 1.000000e+05 in 1144 cells 

 Reversed flow on 633 faces of pressure-outlet 7.
   470  6.2253e-01  8.5124e-05  9.7940e-05  8.3605e-05  2.5546e-03  5.7914e-03  1.4574e-03  0:00:42    5

 turbulent viscosity limited to viscosity ratio of 1.000000e+05 in 1141 cells 

 Reversed flow on 633 faces of pressure-outlet 7.
   471  6.2489e-01  8.5070e-05  9.8158e-05  8.3831e-05  2.5571e-03  5.9098e-03  1.4554e-03  0:00:33    4

 turbulent viscosity limited to viscosity ratio of 1.000000e+05 in 1137 cells 

 Reversed flow on 636 faces of pressure-outlet 7.

  iter  continuity  x-velocity  y-velocity  z-velocity           k     epsilon  vf-phase-2     time/iter
   472  6.2775e-01  8.5003e-05  9.8364e-05  8.4062e-05  2.5610e-03  6.0545e-03  1.4533e-03  0:00:25    3

 turbulent viscosity limited to viscosity ratio of 1.000000e+05 in 1135 cells 

 Reversed flow on 638 faces of pressure-outlet 7.
   473  6.3108e-01  8.4996e-05  9.8582e-05  8.4256e-05  2.5642e-03  6.1790e-03  1.4511e-03  0:00:17    2

 turbulent viscosity limited to viscosity ratio of 1.000000e+05 in 1135 cells 

 Reversed flow on 644 faces of pressure-outlet 7.
   474  6.3358e-01  8.4974e-05  9.8807e-05  8.4485e-05  2.5674e-03  6.1339e-03  1.4488e-03  0:00:08    1

 turbulent viscosity limited to viscosity ratio of 1.000000e+05 in 1135 cells 

 Reversed flow on 647 faces of pressure-outlet 7.
   475  6.3597e-01  8.4943e-05  9.9034e-05  8.4728e-05  2.5718e-03  6.3378e-03  1.4464e-03  0:00:00    0
iterate_100: RPC returned
progress: 100/1125

=== autosave_100 ===

Writing to EN439159:"C:\Users\qtra338\Documents\enthalpy_sweep_verified_20260721_v2\case_3_1520_1500iter_recovered_from_375_autosave_iter100.cas.h5" in NODE0 mode and compression level 1 ...
Grouping cells for Laplace smoothing ...
     5578299 cells,     1 zone  ...
    11355491 faces,     5 zones ...
     1026091 nodes,     1 zone  ...
  Done.
Done.
write_case_autosave_100: OK

Writing to EN439159:"C:\Users\qtra338\Documents\enthalpy_sweep_verified_20260721_v2\case_3_1520_1500iter_recovered_from_375_autosave_iter100.dat.h5" in NODE0 mode and compression level 1 ...
  Writing results.
Done.
write_data_autosave_100: OK
saved_pair_autosave_100: VERIFIED

  iter  continuity  x-velocity  y-velocity  z-velocity           k     epsilon  vf-phase-2     time/iter
   475  6.3597e-01  8.4943e-05  9.9034e-05  8.4728e-05  2.5718e-03  6.3378e-03  1.4464e-03  0:03:30   25

 turbulent viscosity limited to viscosity ratio of 1.000000e+05 in 1132 cells 

 Reversed flow on 638 faces of pressure-outlet 7.
   476  6.3807e-01  8.4896e-05  9.9277e-05  8.4979e-05  2.5754e-03  6.2544e-03  1.4439e-03  0:03:25   24

 turbulent viscosity limited to viscosity ratio of 1.000000e+05 in 1130 cells 

 Reversed flow on 640 faces of pressure-outlet 7.
   477  6.3992e-01  8.4905e-05  9.9542e-05  8.5193e-05  2.5795e-03  6.6711e-03  1.4413e-03  0:03:14   23

 turbulent viscosity limited to viscosity ratio of 1.000000e+05 in 1127 cells 

 Reversed flow on 641 faces of pressure-outlet 7.
   478  6.4174e-01  8.4902e-05  9.9795e-05  8.5428e-05  2.5835e-03  6.4370e-03  1.4387e-03  0:03:08   22

 turbulent viscosity limited to viscosity ratio of 1.000000e+05 in 1126 cells 

 Reversed flow on 637 faces of pressure-outlet 7.
   479  6.4398e-01  8.4897e-05  1.0005e-04  8.5645e-05  2.5856e-03  6.4531e-03  1.4359e-03  0:02:57   21

 turbulent viscosity limited to viscosity ratio of 1.000000e+05 in 1124 cells 

 Reversed flow on 632 faces of pressure-outlet 7.
   480  6.4663e-01  8.4908e-05  1.0034e-04  8.5832e-05  2.5878e-03  6.9073e-03  1.4330e-03  0:02:47   20

 turbulent viscosity limited to viscosity ratio of 1.000000e+05 in 1124 cells 

 Reversed flow on 644 faces of pressure-outlet 7.
   481  6.4853e-01  8.4887e-05  1.0061e-04  8.6048e-05  2.5915e-03  7.0022e-03  1.4300e-03  0:02:41   19

 turbulent viscosity limited to viscosity ratio of 1.000000e+05 in 1122 cells 

 Reversed flow on 636 faces of pressure-outlet 7.
   482  6.5067e-01  8.4889e-05  1.0088e-04  8.6278e-05  2.5942e-03  6.9203e-03  1.4269e-03  0:02:31   18

 turbulent viscosity limited to viscosity ratio of 1.000000e+05 in 1122 cells 

 Reversed flow on 643 faces of pressure-outlet 7.
   483  6.5301e-01  8.4860e-05  1.0118e-04  8.6480e-05  2.5950e-03  6.6789e-03  1.4238e-03  0:02:21   17

 turbulent viscosity limited to viscosity ratio of 1.000000e+05 in 1122 cells 

 Reversed flow on 646 faces of pressure-outlet 7.
   484  6.5481e-01  8.4873e-05  1.0148e-04  8.6687e-05  2.5989e-03  7.4335e-03  1.4207e-03  0:02:15   16

 turbulent viscosity limited to viscosity ratio of 1.000000e+05 in 1122 cells 

 Reversed flow on 644 faces of pressure-outlet 7.
   485  6.5603e-01  8.4870e-05  1.0174e-04  8.6874e-05  2.6042e-03  7.4902e-03  1.4175e-03  0:02:05   15

 turbulent viscosity limited to viscosity ratio of 1.000000e+05 in 1120 cells 

 Reversed flow on 661 faces of pressure-outlet 7.

  iter  continuity  x-velocity  y-velocity  z-velocity           k     epsilon  vf-phase-2     time/iter
   486  6.5804e-01  8.4878e-05  1.0204e-04  8.7053e-05  2.6059e-03  7.5267e-03  1.4143e-03  0:01:56   14

 turbulent viscosity limited to viscosity ratio of 1.000000e+05 in 1118 cells 

 Reversed flow on 655 faces of pressure-outlet 7.
   487  6.6129e-01  8.4855e-05  1.0229e-04  8.7179e-05  2.6046e-03  6.7832e-03  1.4111e-03  0:01:47   13

 turbulent viscosity limited to viscosity ratio of 1.000000e+05 in 1117 cells 

 Reversed flow on 644 faces of pressure-outlet 7.
   488  6.6271e-01  8.4871e-05  1.0257e-04  8.7332e-05  2.6078e-03  6.6843e-03  1.4079e-03  0:01:41   12

 turbulent viscosity limited to viscosity ratio of 1.000000e+05 in 1113 cells 

 Reversed flow on 646 faces of pressure-outlet 7.
   489  6.6426e-01  8.4844e-05  1.0288e-04  8.7470e-05  2.6106e-03  6.8104e-03  1.4047e-03  0:01:31   11

 turbulent viscosity limited to viscosity ratio of 1.000000e+05 in 1112 cells 

 Reversed flow on 656 faces of pressure-outlet 7.
   490  6.6588e-01  8.4828e-05  1.0319e-04  8.7606e-05  2.6116e-03  6.8229e-03  1.4014e-03  0:01:22   10

 turbulent viscosity limited to viscosity ratio of 1.000000e+05 in 1112 cells 

 Reversed flow on 656 faces of pressure-outlet 7.
   491  6.6730e-01  8.4820e-05  1.0345e-04  8.7750e-05  2.6134e-03  6.7141e-03  1.3982e-03  0:01:16    9

 turbulent viscosity limited to viscosity ratio of 1.000000e+05 in 1112 cells 

 Reversed flow on 651 faces of pressure-outlet 7.
   492  6.6989e-01  8.4857e-05  1.0367e-04  8.7868e-05  2.6159e-03  6.8216e-03  1.3950e-03  0:01:07    8

 turbulent viscosity limited to viscosity ratio of 1.000000e+05 in 1112 cells 

 Reversed flow on 664 faces of pressure-outlet 7.
   493  6.7178e-01  8.4853e-05  1.0394e-04  8.8010e-05  2.6176e-03  6.6856e-03  1.3918e-03  0:00:58    7

 turbulent viscosity limited to viscosity ratio of 1.000000e+05 in 1110 cells 

 Reversed flow on 665 faces of pressure-outlet 7.
   494  6.7419e-01  8.4857e-05  1.0420e-04  8.8109e-05  2.6210e-03  6.9453e-03  1.3887e-03  0:00:49    6

 turbulent viscosity limited to viscosity ratio of 1.000000e+05 in 1107 cells 

 Reversed flow on 659 faces of pressure-outlet 7.
   495  6.7653e-01  8.4908e-05  1.0453e-04  8.8232e-05  2.6241e-03  6.9930e-03  1.3854e-03  0:00:42    5

 turbulent viscosity limited to viscosity ratio of 1.000000e+05 in 1106 cells 

 Reversed flow on 653 faces of pressure-outlet 7.
   496  6.7793e-01  8.4926e-05  1.0484e-04  8.8405e-05  2.6281e-03  7.4983e-03  1.3822e-03  0:00:33    4

 turbulent viscosity limited to viscosity ratio of 1.000000e+05 in 1102 cells 

 Reversed flow on 669 faces of pressure-outlet 7.

  iter  continuity  x-velocity  y-velocity  z-velocity           k     epsilon  vf-phase-2     time/iter
   497  6.7924e-01  8.4919e-05  1.0512e-04  8.8542e-05  2.6315e-03  7.3450e-03  1.3789e-03  0:00:25    3

 turbulent viscosity limited to viscosity ratio of 1.000000e+05 in 1101 cells 

 Reversed flow on 669 faces of pressure-outlet 7.
   498  6.8131e-01  8.4924e-05  1.0538e-04  8.8672e-05  2.6342e-03  7.3818e-03  1.3756e-03  0:00:17    2

 turbulent viscosity limited to viscosity ratio of 1.000000e+05 in 1097 cells 

 Reversed flow on 668 faces of pressure-outlet 7.
   499  6.8217e-01  8.4929e-05  1.0568e-04  8.8795e-05  2.6369e-03  7.1036e-03  1.3723e-03  0:00:08    1

 turbulent viscosity limited to viscosity ratio of 1.000000e+05 in 1094 cells 

 Reversed flow on 665 faces of pressure-outlet 7.
   500  6.8304e-01  8.4927e-05  1.0595e-04  8.8935e-05  2.6398e-03  7.0078e-03  1.3690e-03  0:00:00    0
iterate_125: RPC returned
progress: 125/1125

  iter  continuity  x-velocity  y-velocity  z-velocity           k     epsilon  vf-phase-2     time/iter
   500  6.8304e-01  8.4927e-05  1.0595e-04  8.8935e-05  2.6398e-03  7.0078e-03  1.3690e-03  0:03:26   25

 turbulent viscosity limited to viscosity ratio of 1.000000e+05 in 1093 cells 

 Reversed flow on 658 faces of pressure-outlet 7.
   501  6.8479e-01  8.4907e-05  1.0624e-04  8.9088e-05  2.6449e-03  7.2952e-03  1.3656e-03  0:03:22   24

 turbulent viscosity limited to viscosity ratio of 1.000000e+05 in 1093 cells 

 Reversed flow on 659 faces of pressure-outlet 7.
   502  6.8499e-01  8.4947e-05  1.0647e-04  8.9236e-05  2.6477e-03  7.1194e-03  1.3623e-03  0:03:11   23

 turbulent viscosity limited to viscosity ratio of 1.000000e+05 in 1088 cells 

 Reversed flow on 674 faces of pressure-outlet 7.
   503  6.8604e-01  8.4958e-05  1.0670e-04  8.9383e-05  2.6516e-03  7.2124e-03  1.3589e-03  0:03:02   22

 turbulent viscosity limited to viscosity ratio of 1.000000e+05 in 1086 cells 

 Reversed flow on 677 faces of pressure-outlet 7.
   504  6.8743e-01  8.4975e-05  1.0696e-04  8.9532e-05  2.6574e-03  7.3805e-03  1.3555e-03  0:02:52   21

 turbulent viscosity limited to viscosity ratio of 1.000000e+05 in 1083 cells 

 Reversed flow on 669 faces of pressure-outlet 7.
   505  6.8845e-01  8.4980e-05  1.0719e-04  8.9719e-05  2.6647e-03  8.3997e-03  1.3521e-03  0:02:47   20

 turbulent viscosity limited to viscosity ratio of 1.000000e+05 in 1083 cells 

 Reversed flow on 683 faces of pressure-outlet 7.
   506  6.8866e-01  8.5026e-05  1.0743e-04  8.9867e-05  2.6708e-03  8.7872e-03  1.3485e-03  0:02:38   19

 turbulent viscosity limited to viscosity ratio of 1.000000e+05 in 1081 cells 

 Reversed flow on 677 faces of pressure-outlet 7.
   507  6.8997e-01  8.5038e-05  1.0769e-04  9.0045e-05  2.6808e-03  9.6022e-03  1.3449e-03  0:02:28   18

 turbulent viscosity limited to viscosity ratio of 1.000000e+05 in 1080 cells 

 Reversed flow on 679 faces of pressure-outlet 7.
   508  6.9234e-01  8.5066e-05  1.0790e-04  9.0270e-05  2.6815e-03  8.4871e-03  1.3413e-03  0:02:23   17

 turbulent viscosity limited to viscosity ratio of 1.000000e+05 in 1077 cells 

 Reversed flow on 677 faces of pressure-outlet 7.
   509  6.9303e-01  8.5097e-05  1.0810e-04  9.0442e-05  2.6838e-03  8.0294e-03  1.3376e-03  0:02:13   16

 turbulent viscosity limited to viscosity ratio of 1.000000e+05 in 1078 cells 

 Reversed flow on 684 faces of pressure-outlet 7.
   510  6.9321e-01  8.5113e-05  1.0830e-04  9.0637e-05  2.6885e-03  8.0313e-03  1.3339e-03  0:02:07   15

 turbulent viscosity limited to viscosity ratio of 1.000000e+05 in 1078 cells 

 Reversed flow on 674 faces of pressure-outlet 7.

  iter  continuity  x-velocity  y-velocity  z-velocity           k     epsilon  vf-phase-2     time/iter
   511  6.9286e-01  8.5122e-05  1.0849e-04  9.0797e-05  2.6927e-03  7.9208e-03  1.3300e-03  0:01:57   14

 turbulent viscosity limited to viscosity ratio of 1.000000e+05 in 1078 cells 

 Reversed flow on 676 faces of pressure-outlet 7.
   512  6.9289e-01  8.5128e-05  1.0866e-04  9.0914e-05  2.6964e-03  7.9952e-03  1.3261e-03  0:01:48   13

 turbulent viscosity limited to viscosity ratio of 1.000000e+05 in 1076 cells 

 Reversed flow on 679 faces of pressure-outlet 7.
   513  6.9308e-01  8.5119e-05  1.0880e-04  9.1059e-05  2.7004e-03  8.3178e-03  1.3222e-03  0:01:41   12

 turbulent viscosity limited to viscosity ratio of 1.000000e+05 in 1075 cells 

 Reversed flow on 682 faces of pressure-outlet 7.
   514  6.9354e-01  8.5163e-05  1.0897e-04  9.1197e-05  2.7023e-03  8.4648e-03  1.3182e-03  0:01:32   11

 turbulent viscosity limited to viscosity ratio of 1.000000e+05 in 1073 cells 

 Reversed flow on 689 faces of pressure-outlet 7.
   515  6.9351e-01  8.5195e-05  1.0911e-04  9.1288e-05  2.7053e-03  8.6237e-03  1.3142e-03  0:01:23   10

 turbulent viscosity limited to viscosity ratio of 1.000000e+05 in 1073 cells 

 Reversed flow on 685 faces of pressure-outlet 7.
   516  6.9411e-01  8.5212e-05  1.0919e-04  9.1359e-05  2.7078e-03  8.5970e-03  1.3102e-03  0:01:16    9

 turbulent viscosity limited to viscosity ratio of 1.000000e+05 in 1072 cells 

 Reversed flow on 670 faces of pressure-outlet 7.
   517  6.9511e-01  8.5233e-05  1.0930e-04  9.1419e-05  2.7081e-03  8.2830e-03  1.3061e-03  0:01:07    8

 turbulent viscosity limited to viscosity ratio of 1.000000e+05 in 1071 cells 

 Reversed flow on 658 faces of pressure-outlet 7.
   518  6.9605e-01  8.5288e-05  1.0942e-04  9.1479e-05  2.7099e-03  8.4376e-03  1.3020e-03  0:00:58    7

 turbulent viscosity limited to viscosity ratio of 1.000000e+05 in 1069 cells 

 Reversed flow on 668 faces of pressure-outlet 7.
   519  6.9598e-01  8.5318e-05  1.0945e-04  9.1500e-05  2.7098e-03  8.1649e-03  1.2979e-03  0:00:50    6

 turbulent viscosity limited to viscosity ratio of 1.000000e+05 in 1068 cells 

 Reversed flow on 656 faces of pressure-outlet 7.
   520  6.9566e-01  8.5353e-05  1.0950e-04  9.1542e-05  2.7116e-03  8.8746e-03  1.2937e-03  0:00:42    5

 turbulent viscosity limited to viscosity ratio of 1.000000e+05 in 1067 cells 

 Reversed flow on 662 faces of pressure-outlet 7.
   521  6.9674e-01  8.5383e-05  1.0958e-04  9.1542e-05  2.7131e-03  8.8968e-03  1.2896e-03  0:00:33    4

 turbulent viscosity limited to viscosity ratio of 1.000000e+05 in 1066 cells 

 Reversed flow on 661 faces of pressure-outlet 7.

  iter  continuity  x-velocity  y-velocity  z-velocity           k     epsilon  vf-phase-2     time/iter
   522  6.9653e-01  8.5415e-05  1.0961e-04  9.1532e-05  2.7118e-03  9.0939e-03  1.2855e-03  0:00:25    3

 turbulent viscosity limited to viscosity ratio of 1.000000e+05 in 1066 cells 

 Reversed flow on 658 faces of pressure-outlet 7.
   523  6.9680e-01  8.5495e-05  1.0962e-04  9.1496e-05  2.7127e-03  8.7785e-03  1.2815e-03  0:00:17    2

 turbulent viscosity limited to viscosity ratio of 1.000000e+05 in 1065 cells 

 Reversed flow on 661 faces of pressure-outlet 7.
   524  6.9718e-01  8.5543e-05  1.0966e-04  9.1440e-05  2.7163e-03  9.4171e-03  1.2775e-03  0:00:08    1

iterate_150: RPC returned
progress: 150/1125
 turbulent viscosity limited to viscosity ratio of 1.000000e+05 in 1061 cells 

 Reversed flow on 664 faces of pressure-outlet 7.
   525  6.9688e-01  8.5568e-05  1.0965e-04  9.1357e-05  2.7163e-03  9.0682e-03  1.2735e-03  0:00:00    0

  iter  continuity  x-velocity  y-velocity  z-velocity           k     epsilon  vf-phase-2     time/iter
   525  6.9688e-01  8.5568e-05  1.0965e-04  9.1357e-05  2.7163e-03  9.0682e-03  1.2735e-03  0:03:30   25

 turbulent viscosity limited to viscosity ratio of 1.000000e+05 in 1061 cells 

 Reversed flow on 661 faces of pressure-outlet 7.
   526  6.9668e-01  8.5557e-05  1.0964e-04  9.1263e-05  2.7163e-03  9.4398e-03  1.2696e-03  0:03:25   24

 turbulent viscosity limited to viscosity ratio of 1.000000e+05 in 1059 cells 

 Reversed flow on 668 faces of pressure-outlet 7.
   527  6.9650e-01  8.5616e-05  1.0964e-04  9.1134e-05  2.7177e-03  8.9716e-03  1.2658e-03  0:03:14   23

 turbulent viscosity limited to viscosity ratio of 1.000000e+05 in 1057 cells 

 Reversed flow on 673 faces of pressure-outlet 7.
   528  6.9588e-01  8.5654e-05  1.0961e-04  9.1035e-05  2.7188e-03  9.4325e-03  1.2621e-03  0:03:03   22

 turbulent viscosity limited to viscosity ratio of 1.000000e+05 in 1055 cells 

 Reversed flow on 667 faces of pressure-outlet 7.
   529  6.9599e-01  8.5718e-05  1.0955e-04  9.0892e-05  2.7192e-03  9.3470e-03  1.2584e-03  0:02:58   21

 turbulent viscosity limited to viscosity ratio of 1.000000e+05 in 1056 cells 

 Reversed flow on 665 faces of pressure-outlet 7.
   530  6.9561e-01  8.5769e-05  1.0949e-04  9.0684e-05  2.7204e-03  9.2652e-03  1.2549e-03  0:02:48   20

 turbulent viscosity limited to viscosity ratio of 1.000000e+05 in 1054 cells 

 Reversed flow on 662 faces of pressure-outlet 7.
   531  6.9586e-01  8.5835e-05  1.0945e-04  9.0532e-05  2.7194e-03  8.7713e-03  1.2514e-03  0:02:38   19

 turbulent viscosity limited to viscosity ratio of 1.000000e+05 in 1052 cells 

 Reversed flow on 663 faces of pressure-outlet 7.
   532  6.9624e-01  8.5877e-05  1.0937e-04  9.0366e-05  2.7224e-03  9.6545e-03  1.2481e-03  0:02:32   18

 turbulent viscosity limited to viscosity ratio of 1.000000e+05 in 1050 cells 

 Reversed flow on 659 faces of pressure-outlet 7.
   533  6.9600e-01  8.5927e-05  1.0927e-04  9.0187e-05  2.7240e-03  9.1591e-03  1.2448e-03  0:02:22   17

 turbulent viscosity limited to viscosity ratio of 1.000000e+05 in 1050 cells 

 Reversed flow on 654 faces of pressure-outlet 7.
   534  6.9498e-01  8.5938e-05  1.0917e-04  8.9986e-05  2.7275e-03  9.4784e-03  1.2417e-03  0:02:13   16

 turbulent viscosity limited to viscosity ratio of 1.000000e+05 in 1049 cells 

 Reversed flow on 656 faces of pressure-outlet 7.
   535  6.9485e-01  8.5973e-05  1.0904e-04  8.9802e-05  2.7282e-03  8.5877e-03  1.2386e-03  0:02:03   15

 turbulent viscosity limited to viscosity ratio of 1.000000e+05 in 1046 cells 

 Reversed flow on 646 faces of pressure-outlet 7.

  iter  continuity  x-velocity  y-velocity  z-velocity           k     epsilon  vf-phase-2     time/iter
   536  6.9546e-01  8.6020e-05  1.0890e-04  8.9624e-05  2.7294e-03  8.7996e-03  1.2357e-03  0:01:57   14

 turbulent viscosity limited to viscosity ratio of 1.000000e+05 in 1045 cells 

 Reversed flow on 648 faces of pressure-outlet 7.
   537  6.9600e-01  8.6021e-05  1.0877e-04  8.9430e-05  2.7319e-03  9.0708e-03  1.2330e-03  0:01:48   13

 turbulent viscosity limited to viscosity ratio of 1.000000e+05 in 1044 cells 

 Reversed flow on 638 faces of pressure-outlet 7.
   538  6.9516e-01  8.6052e-05  1.0866e-04  8.9237e-05  2.7328e-03  8.9057e-03  1.2304e-03  0:01:39   12

 turbulent viscosity limited to viscosity ratio of 1.000000e+05 in 1041 cells 

 Reversed flow on 625 faces of pressure-outlet 7.
   539  6.9422e-01  8.6066e-05  1.0851e-04  8.9003e-05  2.7420e-03  1.0909e-02  1.2279e-03  0:01:32   11

 turbulent viscosity limited to viscosity ratio of 1.000000e+05 in 1041 cells 

 Reversed flow on 633 faces of pressure-outlet 7.
   540  6.9341e-01  8.6050e-05  1.0836e-04  8.8775e-05  2.7438e-03  1.0079e-02  1.2254e-03  0:01:23   10

 turbulent viscosity limited to viscosity ratio of 1.000000e+05 in 1040 cells 

 Reversed flow on 636 faces of pressure-outlet 7.
   541  6.9300e-01  8.6032e-05  1.0824e-04  8.8532e-05  2.7423e-03  9.8888e-03  1.2231e-03  0:01:14    9

 turbulent viscosity limited to viscosity ratio of 1.000000e+05 in 1039 cells 

 Reversed flow on 630 faces of pressure-outlet 7.
   542  6.9216e-01  8.6007e-05  1.0806e-04  8.8297e-05  2.7460e-03  1.0506e-02  1.2208e-03  0:01:07    8

 turbulent viscosity limited to viscosity ratio of 1.000000e+05 in 1039 cells 

 Reversed flow on 626 faces of pressure-outlet 7.
   543  6.9030e-01  8.5972e-05  1.0787e-04  8.8062e-05  2.7445e-03  1.0414e-02  1.2186e-03  0:00:58    7

 turbulent viscosity limited to viscosity ratio of 1.000000e+05 in 1038 cells 

 Reversed flow on 627 faces of pressure-outlet 7.
   544  6.9008e-01  8.5927e-05  1.0768e-04  8.7829e-05  2.7475e-03  1.0213e-02  1.2165e-03  0:00:50    6

 turbulent viscosity limited to viscosity ratio of 1.000000e+05 in 1036 cells 

 Reversed flow on 623 faces of pressure-outlet 7.
   545  6.9015e-01  8.5884e-05  1.0755e-04  8.7578e-05  2.7470e-03  9.0215e-03  1.2143e-03  0:00:41    5

 turbulent viscosity limited to viscosity ratio of 1.000000e+05 in 1035 cells 

 Reversed flow on 619 faces of pressure-outlet 7.
   546  6.8992e-01  8.5801e-05  1.0739e-04  8.7327e-05  2.7502e-03  1.0592e-02  1.2123e-03  0:00:33    4

 turbulent viscosity limited to viscosity ratio of 1.000000e+05 in 1036 cells 

 Reversed flow on 618 faces of pressure-outlet 7.

  iter  continuity  x-velocity  y-velocity  z-velocity           k     epsilon  vf-phase-2     time/iter
   547  6.8947e-01  8.5748e-05  1.0721e-04  8.7114e-05  2.7530e-03  1.0110e-02  1.2103e-03  0:00:25    3

 turbulent viscosity limited to viscosity ratio of 1.000000e+05 in 1033 cells 

 Reversed flow on 628 faces of pressure-outlet 7.
   548  6.8762e-01  8.5704e-05  1.0704e-04  8.6884e-05  2.7546e-03  1.0063e-02  1.2083e-03  0:00:16    2

 turbulent viscosity limited to viscosity ratio of 1.000000e+05 in 1029 cells 

 Reversed flow on 626 faces of pressure-outlet 7.
   549  6.8693e-01  8.5644e-05  1.0687e-04  8.6684e-05  2.7568e-03  9.6147e-03  1.2063e-03  0:00:08    1

 turbulent viscosity limited to viscosity ratio of 1.000000e+05 in 1028 cells 

 Reversed flow on 621 faces of pressure-outlet 7.
iterate_175: RPC returned
progress: 175/1125
   550  6.8640e-01  8.5558e-05  1.0670e-04  8.6455e-05  2.7573e-03  9.1339e-03  1.2044e-03  0:00:00    0

  iter  continuity  x-velocity  y-velocity  z-velocity           k     epsilon  vf-phase-2     time/iter
   550  6.8640e-01  8.5558e-05  1.0670e-04  8.6455e-05  2.7573e-03  9.1339e-03  1.2044e-03  0:03:28   25

 turbulent viscosity limited to viscosity ratio of 1.000000e+05 in 1027 cells 

 Reversed flow on 611 faces of pressure-outlet 7.
   551  6.8530e-01  8.5498e-05  1.0649e-04  8.6189e-05  2.7607e-03  1.0654e-02  1.2025e-03  0:03:23   24

 turbulent viscosity limited to viscosity ratio of 1.000000e+05 in 1027 cells 

 Reversed flow on 623 faces of pressure-outlet 7.
   552  6.8478e-01  8.5419e-05  1.0633e-04  8.5932e-05  2.7615e-03  9.7712e-03  1.2006e-03  0:03:12   23

 turbulent viscosity limited to viscosity ratio of 1.000000e+05 in 1026 cells 

 Reversed flow on 625 faces of pressure-outlet 7.
   553  6.8369e-01  8.5304e-05  1.0614e-04  8.5699e-05  2.7571e-03  8.8310e-03  1.1987e-03  0:03:02   22

 turbulent viscosity limited to viscosity ratio of 1.000000e+05 in 1025 cells 

 Reversed flow on 621 faces of pressure-outlet 7.
   554  6.8187e-01  8.5188e-05  1.0595e-04  8.5448e-05  2.7600e-03  9.6023e-03  1.1968e-03  0:02:53   21

 turbulent viscosity limited to viscosity ratio of 1.000000e+05 in 1024 cells 

 Reversed flow on 613 faces of pressure-outlet 7.
   555  6.8064e-01  8.5088e-05  1.0577e-04  8.5205e-05  2.7609e-03  1.0637e-02  1.1950e-03  0:02:48   20

 turbulent viscosity limited to viscosity ratio of 1.000000e+05 in 1024 cells 

 Reversed flow on 607 faces of pressure-outlet 7.
   556  6.7935e-01  8.4991e-05  1.0559e-04  8.4982e-05  2.7603e-03  9.9395e-03  1.1931e-03  0:02:38   19

 turbulent viscosity limited to viscosity ratio of 1.000000e+05 in 1024 cells 

 Reversed flow on 611 faces of pressure-outlet 7.
   557  6.7726e-01  8.4918e-05  1.0541e-04  8.4756e-05  2.7581e-03  9.8075e-03  1.1913e-03  0:02:28   18

 turbulent viscosity limited to viscosity ratio of 1.000000e+05 in 1023 cells 

 Reversed flow on 612 faces of pressure-outlet 7.
   558  6.7484e-01  8.4810e-05  1.0520e-04  8.4529e-05  2.7566e-03  1.0616e-02  1.1895e-03  0:02:23   17

 turbulent viscosity limited to viscosity ratio of 1.000000e+05 in 1022 cells 

 Reversed flow on 625 faces of pressure-outlet 7.
   559  6.7325e-01  8.4704e-05  1.0500e-04  8.4266e-05  2.7508e-03  1.0216e-02  1.1877e-03  0:02:13   16

 turbulent viscosity limited to viscosity ratio of 1.000000e+05 in 1021 cells 

 Reversed flow on 612 faces of pressure-outlet 7.
   560  6.7210e-01  8.4628e-05  1.0481e-04  8.4013e-05  2.7457e-03  1.0140e-02  1.1859e-03  0:02:04   15

 turbulent viscosity limited to viscosity ratio of 1.000000e+05 in 1021 cells 

 Reversed flow on 604 faces of pressure-outlet 7.

  iter  continuity  x-velocity  y-velocity  z-velocity           k     epsilon  vf-phase-2     time/iter
   561  6.7112e-01  8.4564e-05  1.0461e-04  8.3786e-05  2.7442e-03  1.0590e-02  1.1841e-03  0:01:58   14

 turbulent viscosity limited to viscosity ratio of 1.000000e+05 in 1019 cells 

 Reversed flow on 603 faces of pressure-outlet 7.
   562  6.6989e-01  8.4532e-05  1.0442e-04  8.3575e-05  2.7390e-03  9.7889e-03  1.1824e-03  0:01:48   13

 turbulent viscosity limited to viscosity ratio of 1.000000e+05 in 1019 cells 

 Reversed flow on 609 faces of pressure-outlet 7.
   563  6.6765e-01  8.4479e-05  1.0417e-04  8.3355e-05  2.7322e-03  9.6023e-03  1.1807e-03  0:01:41   12

 turbulent viscosity limited to viscosity ratio of 1.000000e+05 in 1019 cells 

 Reversed flow on 606 faces of pressure-outlet 7.
   564  6.6525e-01  8.4424e-05  1.0393e-04  8.3122e-05  2.7282e-03  9.6792e-03  1.1789e-03  0:01:32   11

 turbulent viscosity limited to viscosity ratio of 1.000000e+05 in 1018 cells 

 Reversed flow on 609 faces of pressure-outlet 7.
   565  6.6339e-01  8.4345e-05  1.0371e-04  8.2911e-05  2.7199e-03  1.0156e-02  1.1771e-03  0:01:23   10

 turbulent viscosity limited to viscosity ratio of 1.000000e+05 in 1017 cells 

 Reversed flow on 614 faces of pressure-outlet 7.
   566  6.6185e-01  8.4309e-05  1.0349e-04  8.2725e-05  2.7135e-03  9.7224e-03  1.1754e-03  0:01:14    9

 turbulent viscosity limited to viscosity ratio of 1.000000e+05 in 1017 cells 

 Reversed flow on 606 faces of pressure-outlet 7.
   567  6.5962e-01  8.4241e-05  1.0327e-04  8.2556e-05  2.7033e-03  9.6775e-03  1.1737e-03  0:01:07    8

 turbulent viscosity limited to viscosity ratio of 1.000000e+05 in 1017 cells 

 Reversed flow on 605 faces of pressure-outlet 7.
   568  6.5768e-01  8.4162e-05  1.0305e-04  8.2375e-05  2.6923e-03  1.0260e-02  1.1719e-03  0:00:58    7

 turbulent viscosity limited to viscosity ratio of 1.000000e+05 in 1017 cells 

 Reversed flow on 600 faces of pressure-outlet 7.
   569  6.5535e-01  8.4092e-05  1.0283e-04  8.2193e-05  2.6822e-03  9.6648e-03  1.1703e-03  0:00:49    6

 turbulent viscosity limited to viscosity ratio of 1.000000e+05 in 1017 cells 

 Reversed flow on 602 faces of pressure-outlet 7.
   570  6.5343e-01  8.4004e-05  1.0259e-04  8.2023e-05  2.6712e-03  9.0504e-03  1.1685e-03  0:00:42    5

 turbulent viscosity limited to viscosity ratio of 1.000000e+05 in 1017 cells 

 Reversed flow on 589 faces of pressure-outlet 7.
   571  6.5239e-01  8.3930e-05  1.0236e-04  8.1875e-05  2.6600e-03  8.7125e-03  1.1668e-03  0:00:33    4

 turbulent viscosity limited to viscosity ratio of 1.000000e+05 in 1016 cells 

 Reversed flow on 581 faces of pressure-outlet 7.

  iter  continuity  x-velocity  y-velocity  z-velocity           k     epsilon  vf-phase-2     time/iter
   572  6.5087e-01  8.3824e-05  1.0213e-04  8.1703e-05  2.6525e-03  9.2317e-03  1.1651e-03  0:00:25    3

 turbulent viscosity limited to viscosity ratio of 1.000000e+05 in 1014 cells 

 Reversed flow on 585 faces of pressure-outlet 7.
   573  6.4912e-01  8.3737e-05  1.0186e-04  8.1577e-05  2.6418e-03  8.8006e-03  1.1634e-03  0:00:17    2

 turbulent viscosity limited to viscosity ratio of 1.000000e+05 in 1013 cells 

 Reversed flow on 581 faces of pressure-outlet 7.
   574  6.4779e-01  8.3678e-05  1.0160e-04  8.1432e-05  2.6329e-03  9.5777e-03  1.1617e-03  0:00:08    1

 turbulent viscosity limited to viscosity ratio of 1.000000e+05 in 1014 cells 

 Reversed flow on 583 faces of pressure-outlet 7.
   575  6.4546e-01  8.3550e-05  1.0136e-04  8.1300e-05  2.6283e-03  1.0132e-02  1.1601e-03  0:00:00    0
iterate_200: RPC returned
progress: 200/1125

=== autosave_200 ===

Writing to EN439159:"C:\Users\qtra338\Documents\enthalpy_sweep_verified_20260721_v2\case_3_1520_1500iter_recovered_from_375_autosave_iter200.cas.h5" in NODE0 mode and compression level 1 ...
Grouping cells for Laplace smoothing ...
     5578299 cells,     1 zone  ...
    11355491 faces,     5 zones ...
     1026091 nodes,     1 zone  ...
  Done.
Done.
write_case_autosave_200: OK

Writing to EN439159:"C:\Users\qtra338\Documents\enthalpy_sweep_verified_20260721_v2\case_3_1520_1500iter_recovered_from_375_autosave_iter200.dat.h5" in NODE0 mode and compression level 1 ...
  Writing results.
Done.
write_data_autosave_200: OK
saved_pair_autosave_200: VERIFIED

  iter  continuity  x-velocity  y-velocity  z-velocity           k     epsilon  vf-phase-2     time/iter
   575  6.4546e-01  8.3550e-05  1.0136e-04  8.1300e-05  2.6283e-03  1.0132e-02  1.1601e-03  0:03:31   25

 turbulent viscosity limited to viscosity ratio of 1.000000e+05 in 1014 cells 

 Reversed flow on 584 faces of pressure-outlet 7.
   576  6.4345e-01  8.3462e-05  1.0113e-04  8.1174e-05  2.6157e-03  9.0294e-03  1.1585e-03  0:03:25   24

 turbulent viscosity limited to viscosity ratio of 1.000000e+05 in 1013 cells 

 Reversed flow on 580 faces of pressure-outlet 7.
   577  6.4186e-01  8.3374e-05  1.0086e-04  8.1036e-05  2.6084e-03  1.0090e-02  1.1569e-03  0:03:14   23

 turbulent viscosity limited to viscosity ratio of 1.000000e+05 in 1010 cells 

 Reversed flow on 577 faces of pressure-outlet 7.
   578  6.4052e-01  8.3286e-05  1.0062e-04  8.0912e-05  2.5989e-03  9.5739e-03  1.1553e-03  0:03:04   22

 turbulent viscosity limited to viscosity ratio of 1.000000e+05 in 1008 cells 

 Reversed flow on 573 faces of pressure-outlet 7.
   579  6.3937e-01  8.3180e-05  1.0037e-04  8.0814e-05  2.5931e-03  9.8944e-03  1.1537e-03  0:02:58   21

 turbulent viscosity limited to viscosity ratio of 1.000000e+05 in 1007 cells 

 Reversed flow on 572 faces of pressure-outlet 7.
   580  6.3760e-01  8.3079e-05  1.0012e-04  8.0723e-05  2.5881e-03  1.0690e-02  1.1522e-03  0:02:48   20

 turbulent viscosity limited to viscosity ratio of 1.000000e+05 in 1008 cells 

 Reversed flow on 562 faces of pressure-outlet 7.
   581  6.3601e-01  8.2969e-05  9.9871e-05  8.0638e-05  2.5775e-03  1.0522e-02  1.1507e-03  0:02:38   19

 turbulent viscosity limited to viscosity ratio of 1.000000e+05 in 1008 cells 

 Reversed flow on 559 faces of pressure-outlet 7.
   582  6.3428e-01  8.2888e-05  9.9630e-05  8.0560e-05  2.5657e-03  9.7460e-03  1.1493e-03  0:02:32   18

 turbulent viscosity limited to viscosity ratio of 1.000000e+05 in 1007 cells 

 Reversed flow on 562 faces of pressure-outlet 7.
   583  6.3222e-01  8.2800e-05  9.9373e-05  8.0424e-05  2.5566e-03  1.0164e-02  1.1479e-03  0:02:22   17

 turbulent viscosity limited to viscosity ratio of 1.000000e+05 in 1006 cells 

 Reversed flow on 552 faces of pressure-outlet 7.
   584  6.3010e-01  8.2735e-05  9.9124e-05  8.0322e-05  2.5492e-03  1.0596e-02  1.1465e-03  0:02:16   16

 turbulent viscosity limited to viscosity ratio of 1.000000e+05 in 1007 cells 

 Reversed flow on 548 faces of pressure-outlet 7.
   585  6.2862e-01  8.2652e-05  9.8910e-05  8.0218e-05  2.5384e-03  1.0423e-02  1.1452e-03  0:02:06   15

 turbulent viscosity limited to viscosity ratio of 1.000000e+05 in 1005 cells 

 Reversed flow on 543 faces of pressure-outlet 7.

  iter  continuity  x-velocity  y-velocity  z-velocity           k     epsilon  vf-phase-2     time/iter
   586  6.2688e-01  8.2564e-05  9.8671e-05  8.0130e-05  2.5295e-03  1.0000e-02  1.1440e-03  0:01:56   14

 turbulent viscosity limited to viscosity ratio of 1.000000e+05 in 1005 cells 

 Reversed flow on 540 faces of pressure-outlet 7.
   587  6.2550e-01  8.2493e-05  9.8425e-05  8.0032e-05  2.5146e-03  9.5645e-03  1.1428e-03  0:01:50   13

 turbulent viscosity limited to viscosity ratio of 1.000000e+05 in 1005 cells 

 Reversed flow on 543 faces of pressure-outlet 7.
   588  6.2405e-01  8.2409e-05  9.8215e-05  7.9938e-05  2.5015e-03  9.0319e-03  1.1416e-03  0:01:40   12

 turbulent viscosity limited to viscosity ratio of 1.000000e+05 in 1004 cells 

 Reversed flow on 543 faces of pressure-outlet 7.
   589  6.2271e-01  8.2358e-05  9.7968e-05  7.9867e-05  2.4887e-03  8.9978e-03  1.1404e-03  0:01:31   11

 turbulent viscosity limited to viscosity ratio of 1.000000e+05 in 1003 cells 

 Reversed flow on 540 faces of pressure-outlet 7.
   590  6.2178e-01  8.2302e-05  9.7725e-05  7.9782e-05  2.4808e-03  1.0410e-02  1.1393e-03  0:01:24   10

 turbulent viscosity limited to viscosity ratio of 1.000000e+05 in 1002 cells 

 Reversed flow on 528 faces of pressure-outlet 7.
   591  6.2110e-01  8.2248e-05  9.7462e-05  7.9668e-05  2.4661e-03  9.7259e-03  1.1381e-03  0:01:15    9

 turbulent viscosity limited to viscosity ratio of 1.000000e+05 in 1003 cells 

 Reversed flow on 530 faces of pressure-outlet 7.
   592  6.1999e-01  8.2198e-05  9.7198e-05  7.9571e-05  2.4553e-03  1.0152e-02  1.1370e-03  0:01:06    8

 turbulent viscosity limited to viscosity ratio of 1.000000e+05 in 1002 cells 

 Reversed flow on 530 faces of pressure-outlet 7.
   593  6.1899e-01  8.2147e-05  9.6934e-05  7.9488e-05  2.4458e-03  9.8010e-03  1.1359e-03  0:00:58    7

 turbulent viscosity limited to viscosity ratio of 1.000000e+05 in 1002 cells 

 Reversed flow on 523 faces of pressure-outlet 7.
   594  6.1824e-01  8.2128e-05  9.6658e-05  7.9406e-05  2.4349e-03  9.9276e-03  1.1348e-03  0:00:50    6

 turbulent viscosity limited to viscosity ratio of 1.000000e+05 in 1002 cells 

 Reversed flow on 538 faces of pressure-outlet 7.
   595  6.1797e-01  8.2096e-05  9.6386e-05  7.9353e-05  2.4243e-03  9.7569e-03  1.1337e-03  0:00:42    5

 turbulent viscosity limited to viscosity ratio of 1.000000e+05 in 1001 cells 

 Reversed flow on 536 faces of pressure-outlet 7.
   596  6.1733e-01  8.2066e-05  9.6144e-05  7.9285e-05  2.4124e-03  9.2497e-03  1.1326e-03  0:00:33    4

 turbulent viscosity limited to viscosity ratio of 1.000000e+05 in 1000 cells 

 Reversed flow on 530 faces of pressure-outlet 7.

  iter  continuity  x-velocity  y-velocity  z-velocity           k     epsilon  vf-phase-2     time/iter
   597  6.1605e-01  8.1996e-05  9.5877e-05  7.9210e-05  2.4045e-03  9.6952e-03  1.1316e-03  0:00:25    3

 turbulent viscosity limited to viscosity ratio of 1.000000e+05 in 1000 cells 

 Reversed flow on 522 faces of pressure-outlet 7.
   598  6.1519e-01  8.1977e-05  9.5575e-05  7.9125e-05  2.3970e-03  9.4005e-03  1.1306e-03  0:00:17    2

 turbulent viscosity limited to viscosity ratio of 1.000000e+05 in 998 cells 

 Reversed flow on 527 faces of pressure-outlet 7.
   599  6.1397e-01  8.1958e-05  9.5303e-05  7.9069e-05  2.3891e-03  8.9283e-03  1.1296e-03  0:00:08    1

 turbulent viscosity limited to viscosity ratio of 1.000000e+05 in 997 cells 

 Reversed flow on 525 faces of pressure-outlet 7.
   600  6.1317e-01  8.1935e-05  9.5033e-05  7.8989e-05  2.3841e-03  9.2343e-03  1.1286e-03  0:00:00    0
iterate_225: RPC returned
progress: 225/1125

  iter  continuity  x-velocity  y-velocity  z-velocity           k     epsilon  vf-phase-2     time/iter
   600  6.1317e-01  8.1935e-05  9.5033e-05  7.8989e-05  2.3841e-03  9.2343e-03  1.1286e-03  0:03:30   25

 turbulent viscosity limited to viscosity ratio of 1.000000e+05 in 997 cells 

 Reversed flow on 511 faces of pressure-outlet 7.
   601  6.1276e-01  8.1882e-05  9.4803e-05  7.8927e-05  2.3760e-03  9.0950e-03  1.1276e-03  0:03:24   24

 turbulent viscosity limited to viscosity ratio of 1.000000e+05 in 996 cells 

 Reversed flow on 505 faces of pressure-outlet 7.
   602  6.1202e-01  8.1835e-05  9.4542e-05  7.8826e-05  2.3687e-03  8.9230e-03  1.1265e-03  0:03:14   23

 turbulent viscosity limited to viscosity ratio of 1.000000e+05 in 996 cells 

 Reversed flow on 513 faces of pressure-outlet 7.
   603  6.1121e-01  8.1749e-05  9.4303e-05  7.8726e-05  2.3640e-03  8.8532e-03  1.1254e-03  0:03:08   22

 turbulent viscosity limited to viscosity ratio of 1.000000e+05 in 995 cells 

 Reversed flow on 510 faces of pressure-outlet 7.
   604  6.1046e-01  8.1688e-05  9.4059e-05  7.8630e-05  2.3585e-03  8.8348e-03  1.1242e-03  0:02:57   21

 turbulent viscosity limited to viscosity ratio of 1.000000e+05 in 993 cells 

 Reversed flow on 500 faces of pressure-outlet 7.
   605  6.0984e-01  8.1608e-05  9.3783e-05  7.8546e-05  2.3536e-03  8.7894e-03  1.1230e-03  0:02:47   20

 turbulent viscosity limited to viscosity ratio of 1.000000e+05 in 989 cells 

 Reversed flow on 500 faces of pressure-outlet 7.
   606  6.0905e-01  8.1502e-05  9.3517e-05  7.8452e-05  2.3518e-03  9.3359e-03  1.1217e-03  0:02:37   19

 turbulent viscosity limited to viscosity ratio of 1.000000e+05 in 989 cells 

 Reversed flow on 509 faces of pressure-outlet 7.
   607  6.0763e-01  8.1374e-05  9.3261e-05  7.8351e-05  2.3462e-03  8.6261e-03  1.1204e-03  0:02:32   18

 turbulent viscosity limited to viscosity ratio of 1.000000e+05 in 989 cells 

 Reversed flow on 503 faces of pressure-outlet 7.
   608  6.0678e-01  8.1246e-05  9.3001e-05  7.8257e-05  2.3412e-03  8.2279e-03  1.1190e-03  0:02:22   17

 turbulent viscosity limited to viscosity ratio of 1.000000e+05 in 988 cells 

 Reversed flow on 496 faces of pressure-outlet 7.
   609  6.0603e-01  8.1120e-05  9.2736e-05  7.8142e-05  2.3434e-03  9.6161e-03  1.1175e-03  0:02:12   16

 turbulent viscosity limited to viscosity ratio of 1.000000e+05 in 987 cells 

 Reversed flow on 490 faces of pressure-outlet 7.
   610  6.0488e-01  8.1013e-05  9.2493e-05  7.8050e-05  2.3392e-03  9.0628e-03  1.1158e-03  0:02:06   15

 turbulent viscosity limited to viscosity ratio of 1.000000e+05 in 987 cells 

 Reversed flow on 498 faces of pressure-outlet 7.

  iter  continuity  x-velocity  y-velocity  z-velocity           k     epsilon  vf-phase-2     time/iter
   611  6.0322e-01  8.0877e-05  9.2249e-05  7.7934e-05  2.3392e-03  1.0380e-02  1.1141e-03  0:01:57   14

 turbulent viscosity limited to viscosity ratio of 1.000000e+05 in 987 cells 

 Reversed flow on 486 faces of pressure-outlet 7.
   612  6.0197e-01  8.0747e-05  9.2002e-05  7.7824e-05  2.3383e-03  9.7260e-03  1.1122e-03  0:01:47   13

 turbulent viscosity limited to viscosity ratio of 1.000000e+05 in 987 cells 

 Reversed flow on 474 faces of pressure-outlet 7.
   613  6.0139e-01  8.0644e-05  9.1770e-05  7.7694e-05  2.3348e-03  9.3055e-03  1.1103e-03  0:01:41   12

 turbulent viscosity limited to viscosity ratio of 1.000000e+05 in 987 cells 

 Reversed flow on 465 faces of pressure-outlet 7.
   614  6.0024e-01  8.0535e-05  9.1507e-05  7.7578e-05  2.3347e-03  9.9888e-03  1.1082e-03  0:01:32   11

 turbulent viscosity limited to viscosity ratio of 1.000000e+05 in 987 cells 

 Reversed flow on 469 faces of pressure-outlet 7.
   615  5.9870e-01  8.0413e-05  9.1252e-05  7.7435e-05  2.3312e-03  1.0048e-02  1.1061e-03  0:01:23   10

 turbulent viscosity limited to viscosity ratio of 1.000000e+05 in 987 cells 

 Reversed flow on 470 faces of pressure-outlet 7.
   616  5.9742e-01  8.0316e-05  9.0994e-05  7.7285e-05  2.3253e-03  9.8201e-03  1.1039e-03  0:01:14    9

 turbulent viscosity limited to viscosity ratio of 1.000000e+05 in 985 cells 

 Reversed flow on 466 faces of pressure-outlet 7.
   617  5.9622e-01  8.0179e-05  9.0747e-05  7.7104e-05  2.3253e-03  9.8287e-03  1.1016e-03  0:01:07    8

 turbulent viscosity limited to viscosity ratio of 1.000000e+05 in 984 cells 

 Reversed flow on 449 faces of pressure-outlet 7.
   618  5.9560e-01  8.0088e-05  9.0503e-05  7.6936e-05  2.3224e-03  9.6469e-03  1.0992e-03  0:00:58    7

 turbulent viscosity limited to viscosity ratio of 1.000000e+05 in 984 cells 

 Reversed flow on 446 faces of pressure-outlet 7.
   619  5.9453e-01  8.0014e-05  9.0260e-05  7.6771e-05  2.3169e-03  9.3628e-03  1.0967e-03  0:00:49    6

 turbulent viscosity limited to viscosity ratio of 1.000000e+05 in 984 cells 

 Reversed flow on 434 faces of pressure-outlet 7.
   620  5.9320e-01  7.9928e-05  8.9999e-05  7.6610e-05  2.3144e-03  9.4945e-03  1.0942e-03  0:00:42    5

 turbulent viscosity limited to viscosity ratio of 1.000000e+05 in 984 cells 

 Reversed flow on 432 faces of pressure-outlet 7.
   621  5.9238e-01  7.9846e-05  8.9741e-05  7.6452e-05  2.3126e-03  9.5431e-03  1.0917e-03  0:00:33    4

 turbulent viscosity limited to viscosity ratio of 1.000000e+05 in 984 cells 

 Reversed flow on 436 faces of pressure-outlet 7.

  iter  continuity  x-velocity  y-velocity  z-velocity           k     epsilon  vf-phase-2     time/iter
   622  5.9125e-01  7.9788e-05  8.9502e-05  7.6304e-05  2.3045e-03  8.3817e-03  1.0891e-03  0:00:25    3

 turbulent viscosity limited to viscosity ratio of 1.000000e+05 in 983 cells 

 Reversed flow on 420 faces of pressure-outlet 7.
   623  5.9002e-01  7.9732e-05  8.9267e-05  7.6125e-05  2.3014e-03  8.5703e-03  1.0865e-03  0:00:16    2

 turbulent viscosity limited to viscosity ratio of 1.000000e+05 in 983 cells 

 Reversed flow on 421 faces of pressure-outlet 7.
   624  5.8835e-01  7.9674e-05  8.9051e-05  7.5944e-05  2.3002e-03  8.7462e-03  1.0839e-03  0:00:08    1

 turbulent viscosity limited to viscosity ratio of 1.000000e+05 in 981 cells 

 Reversed flow on 417 faces of pressure-outlet 7.
   625  5.8674e-01  7.9607e-05  8.8851e-05  7.5764e-05  2.2944e-03  8.3416e-03  1.0813e-03  0:00:00    0
iterate_250: RPC returned
progress: 250/1125

  iter  continuity  x-velocity  y-velocity  z-velocity           k     epsilon  vf-phase-2     time/iter
   625  5.8674e-01  7.9607e-05  8.8851e-05  7.5764e-05  2.2944e-03  8.3416e-03  1.0813e-03  0:03:27   25

 turbulent viscosity limited to viscosity ratio of 1.000000e+05 in 979 cells 

 Reversed flow on 415 faces of pressure-outlet 7.
   626  5.8529e-01  7.9543e-05  8.8671e-05  7.5602e-05  2.2973e-03  9.3793e-03  1.0787e-03  0:03:22   24

 turbulent viscosity limited to viscosity ratio of 1.000000e+05 in 978 cells 

 Reversed flow on 408 faces of pressure-outlet 7.
   627  5.8416e-01  7.9484e-05  8.8481e-05  7.5453e-05  2.2940e-03  9.1172e-03  1.0762e-03  0:03:17   23

 turbulent viscosity limited to viscosity ratio of 1.000000e+05 in 978 cells 

 Reversed flow on 418 faces of pressure-outlet 7.
   628  5.8273e-01  7.9412e-05  8.8291e-05  7.5306e-05  2.2969e-03  1.0324e-02  1.0736e-03  0:03:06   22

 turbulent viscosity limited to viscosity ratio of 1.000000e+05 in 977 cells 

 Reversed flow on 417 faces of pressure-outlet 7.
   629  5.8115e-01  7.9352e-05  8.8108e-05  7.5135e-05  2.2968e-03  9.7264e-03  1.0712e-03  0:02:55   21

 turbulent viscosity limited to viscosity ratio of 1.000000e+05 in 975 cells 

 Reversed flow on 414 faces of pressure-outlet 7.
   630  5.8059e-01  7.9286e-05  8.7949e-05  7.5029e-05  2.2967e-03  1.0177e-02  1.0688e-03  0:02:50   20

 turbulent viscosity limited to viscosity ratio of 1.000000e+05 in 975 cells 

 Reversed flow on 408 faces of pressure-outlet 7.
   631  5.7986e-01  7.9227e-05  8.7795e-05  7.4895e-05  2.2947e-03  9.1018e-03  1.0665e-03  0:02:39   19

 turbulent viscosity limited to viscosity ratio of 1.000000e+05 in 974 cells 

 Reversed flow on 409 faces of pressure-outlet 7.
   632  5.7815e-01  7.9138e-05  8.7647e-05  7.4764e-05  2.2948e-03  8.9441e-03  1.0644e-03  0:02:30   18

 turbulent viscosity limited to viscosity ratio of 1.000000e+05 in 973 cells 

 Reversed flow on 423 faces of pressure-outlet 7.
   633  5.7696e-01  7.9049e-05  8.7515e-05  7.4639e-05  2.2939e-03  8.5109e-03  1.0623e-03  0:02:24   17

 turbulent viscosity limited to viscosity ratio of 1.000000e+05 in 973 cells 

 Reversed flow on 416 faces of pressure-outlet 7.
   634  5.7613e-01  7.8943e-05  8.7373e-05  7.4532e-05  2.2966e-03  9.2675e-03  1.0604e-03  0:02:14   16

 turbulent viscosity limited to viscosity ratio of 1.000000e+05 in 973 cells 

 Reversed flow on 422 faces of pressure-outlet 7.
   635  5.7484e-01  7.8803e-05  8.7263e-05  7.4450e-05  2.2962e-03  8.8732e-03  1.0585e-03  0:02:04   15

 turbulent viscosity limited to viscosity ratio of 1.000000e+05 in 973 cells 

 Reversed flow on 416 faces of pressure-outlet 7.

  iter  continuity  x-velocity  y-velocity  z-velocity           k     epsilon  vf-phase-2     time/iter
   636  5.7438e-01  7.8643e-05  8.7133e-05  7.4387e-05  2.2969e-03  8.5841e-03  1.0568e-03  0:01:55   14

 turbulent viscosity limited to viscosity ratio of 1.000000e+05 in 973 cells 

 Reversed flow on 408 faces of pressure-outlet 7.
   637  5.7454e-01  7.8508e-05  8.7019e-05  7.4321e-05  2.2965e-03  8.5181e-03  1.0551e-03  0:01:49   13

 turbulent viscosity limited to viscosity ratio of 1.000000e+05 in 973 cells 

 Reversed flow on 425 faces of pressure-outlet 7.
   638  5.7400e-01  7.8377e-05  8.6918e-05  7.4261e-05  2.2974e-03  8.7335e-03  1.0536e-03  0:01:40   12

 turbulent viscosity limited to viscosity ratio of 1.000000e+05 in 974 cells 

 Reversed flow on 424 faces of pressure-outlet 7.
   639  5.7290e-01  7.8219e-05  8.6807e-05  7.4216e-05  2.2962e-03  8.4002e-03  1.0522e-03  0:01:31   11

 turbulent viscosity limited to viscosity ratio of 1.000000e+05 in 973 cells 

 Reversed flow on 421 faces of pressure-outlet 7.
   640  5.7170e-01  7.8046e-05  8.6690e-05  7.4172e-05  2.2965e-03  8.6747e-03  1.0509e-03  0:01:24   10

 turbulent viscosity limited to viscosity ratio of 1.000000e+05 in 973 cells 

 Reversed flow on 411 faces of pressure-outlet 7.
   641  5.7063e-01  7.7885e-05  8.6582e-05  7.4124e-05  2.2959e-03  8.3908e-03  1.0496e-03  0:01:15    9

 turbulent viscosity limited to viscosity ratio of 1.000000e+05 in 972 cells 

 Reversed flow on 422 faces of pressure-outlet 7.
   642  5.6932e-01  7.7708e-05  8.6472e-05  7.4095e-05  2.2949e-03  8.8055e-03  1.0485e-03  0:01:06    8

 turbulent viscosity limited to viscosity ratio of 1.000000e+05 in 972 cells 

 Reversed flow on 423 faces of pressure-outlet 7.
   643  5.6824e-01  7.7530e-05  8.6365e-05  7.4065e-05  2.2961e-03  9.4888e-03  1.0473e-03  0:00:59    7

 turbulent viscosity limited to viscosity ratio of 1.000000e+05 in 970 cells 

 Reversed flow on 421 faces of pressure-outlet 7.
   644  5.6684e-01  7.7348e-05  8.6266e-05  7.4018e-05  2.2919e-03  9.3270e-03  1.0462e-03  0:00:50    6

 turbulent viscosity limited to viscosity ratio of 1.000000e+05 in 969 cells 

 Reversed flow on 426 faces of pressure-outlet 7.
   645  5.6660e-01  7.7183e-05  8.6152e-05  7.4018e-05  2.2905e-03  9.7457e-03  1.0452e-03  0:00:41    5

 turbulent viscosity limited to viscosity ratio of 1.000000e+05 in 969 cells 

 Reversed flow on 418 faces of pressure-outlet 7.
   646  5.6637e-01  7.7017e-05  8.6030e-05  7.3992e-05  2.2895e-03  1.0182e-02  1.0441e-03  0:00:33    4

 turbulent viscosity limited to viscosity ratio of 1.000000e+05 in 968 cells 

 Reversed flow on 418 faces of pressure-outlet 7.

  iter  continuity  x-velocity  y-velocity  z-velocity           k     epsilon  vf-phase-2     time/iter
   647  5.6541e-01  7.6835e-05  8.5912e-05  7.3970e-05  2.2868e-03  1.0434e-02  1.0431e-03  0:00:25    3

 turbulent viscosity limited to viscosity ratio of 1.000000e+05 in 964 cells 

 Reversed flow on 432 faces of pressure-outlet 7.
   648  5.6408e-01  7.6622e-05  8.5817e-05  7.3911e-05  2.2813e-03  9.5574e-03  1.0422e-03  0:00:17    2

 turbulent viscosity limited to viscosity ratio of 1.000000e+05 in 964 cells 

 Reversed flow on 433 faces of pressure-outlet 7.
   649  5.6280e-01  7.6432e-05  8.5719e-05  7.3837e-05  2.2743e-03  9.2190e-03  1.0412e-03  0:00:08    1

 turbulent viscosity limited to viscosity ratio of 1.000000e+05 in 964 cells 

 Reversed flow on 429 faces of pressure-outlet 7.
   650  5.6229e-01  7.6276e-05  8.5643e-05  7.3743e-05  2.2681e-03  8.8489e-03  1.0403e-03  0:00:00    0
iterate_275: RPC returned
progress: 275/1125

  iter  continuity  x-velocity  y-velocity  z-velocity           k     epsilon  vf-phase-2     time/iter
   650  5.6229e-01  7.6276e-05  8.5643e-05  7.3743e-05  2.2681e-03  8.8489e-03  1.0403e-03  0:03:30   25

 turbulent viscosity limited to viscosity ratio of 1.000000e+05 in 964 cells 

 Reversed flow on 427 faces of pressure-outlet 7.
   651  5.6196e-01  7.6112e-05  8.5560e-05  7.3653e-05  2.2627e-03  8.8197e-03  1.0394e-03  0:03:24   24

 turbulent viscosity limited to viscosity ratio of 1.000000e+05 in 964 cells 

 Reversed flow on 436 faces of pressure-outlet 7.
   652  5.6171e-01  7.5986e-05  8.5469e-05  7.3557e-05  2.2559e-03  8.7152e-03  1.0384e-03  0:03:13   23

 turbulent viscosity limited to viscosity ratio of 1.000000e+05 in 963 cells 

 Reversed flow on 440 faces of pressure-outlet 7.
   653  5.6117e-01  7.5870e-05  8.5382e-05  7.3452e-05  2.2492e-03  8.2678e-03  1.0375e-03  0:03:03   22

 turbulent viscosity limited to viscosity ratio of 1.000000e+05 in 963 cells 

 Reversed flow on 433 faces of pressure-outlet 7.
   654  5.6121e-01  7.5750e-05  8.5271e-05  7.3359e-05  2.2436e-03  8.4926e-03  1.0366e-03  0:02:58   21

 turbulent viscosity limited to viscosity ratio of 1.000000e+05 in 961 cells 

 Reversed flow on 448 faces of pressure-outlet 7.
   655  5.6105e-01  7.5646e-05  8.5177e-05  7.3243e-05  2.2370e-03  8.4147e-03  1.0358e-03  0:02:47   20

 turbulent viscosity limited to viscosity ratio of 1.000000e+05 in 961 cells 

 Reversed flow on 452 faces of pressure-outlet 7.
   656  5.6124e-01  7.5528e-05  8.5092e-05  7.3093e-05  2.2309e-03  8.5081e-03  1.0349e-03  0:02:38   19

 turbulent viscosity limited to viscosity ratio of 1.000000e+05 in 962 cells 

 Reversed flow on 445 faces of pressure-outlet 7.
   657  5.6099e-01  7.5442e-05  8.5009e-05  7.2939e-05  2.2271e-03  8.5489e-03  1.0340e-03  0:02:32   18

 turbulent viscosity limited to viscosity ratio of 1.000000e+05 in 962 cells 

 Reversed flow on 441 faces of pressure-outlet 7.
   658  5.5993e-01  7.5340e-05  8.4932e-05  7.2777e-05  2.2228e-03  9.5688e-03  1.0332e-03  0:02:22   17

 turbulent viscosity limited to viscosity ratio of 1.000000e+05 in 962 cells 

 Reversed flow on 453 faces of pressure-outlet 7.
   659  5.5858e-01  7.5228e-05  8.4859e-05  7.2551e-05  2.2148e-03  8.4668e-03  1.0324e-03  0:02:12   16

 turbulent viscosity limited to viscosity ratio of 1.000000e+05 in 962 cells 

 Reversed flow on 445 faces of pressure-outlet 7.
   660  5.5765e-01  7.5120e-05  8.4798e-05  7.2344e-05  2.2095e-03  9.2269e-03  1.0316e-03  0:02:06   15

 turbulent viscosity limited to viscosity ratio of 1.000000e+05 in 962 cells 

 Reversed flow on 448 faces of pressure-outlet 7.

  iter  continuity  x-velocity  y-velocity  z-velocity           k     epsilon  vf-phase-2     time/iter
   661  5.5588e-01  7.5010e-05  8.4753e-05  7.2120e-05  2.2045e-03  8.7880e-03  1.0309e-03  0:01:57   14

 turbulent viscosity limited to viscosity ratio of 1.000000e+05 in 962 cells 

 Reversed flow on 462 faces of pressure-outlet 7.
   662  5.5385e-01  7.4920e-05  8.4708e-05  7.1880e-05  2.1961e-03  7.7457e-03  1.0301e-03  0:01:48   13

 turbulent viscosity limited to viscosity ratio of 1.000000e+05 in 960 cells 

 Reversed flow on 458 faces of pressure-outlet 7.
   663  5.5220e-01  7.4847e-05  8.4649e-05  7.1641e-05  2.1907e-03  7.7842e-03  1.0294e-03  0:01:41   12

 turbulent viscosity limited to viscosity ratio of 1.000000e+05 in 960 cells 

 Reversed flow on 453 faces of pressure-outlet 7.
   664  5.5026e-01  7.4768e-05  8.4604e-05  7.1390e-05  2.1848e-03  7.7312e-03  1.0287e-03  0:01:32   11

 turbulent viscosity limited to viscosity ratio of 1.000000e+05 in 959 cells 

 Reversed flow on 453 faces of pressure-outlet 7.
   665  5.4838e-01  7.4733e-05  8.4549e-05  7.1134e-05  2.1830e-03  8.4664e-03  1.0280e-03  0:01:23   10

 turbulent viscosity limited to viscosity ratio of 1.000000e+05 in 957 cells 

 Reversed flow on 445 faces of pressure-outlet 7.
   666  5.4688e-01  7.4700e-05  8.4516e-05  7.0901e-05  2.1755e-03  8.0430e-03  1.0274e-03  0:01:16    9

 turbulent viscosity limited to viscosity ratio of 1.000000e+05 in 956 cells 

 Reversed flow on 455 faces of pressure-outlet 7.
   667  5.4562e-01  7.4662e-05  8.4468e-05  7.0643e-05  2.1722e-03  7.8328e-03  1.0267e-03  0:01:07    8

 turbulent viscosity limited to viscosity ratio of 1.000000e+05 in 955 cells 

 Reversed flow on 456 faces of pressure-outlet 7.
   668  5.4421e-01  7.4629e-05  8.4406e-05  7.0388e-05  2.1674e-03  7.6489e-03  1.0262e-03  0:00:58    7

 turbulent viscosity limited to viscosity ratio of 1.000000e+05 in 955 cells 

 Reversed flow on 464 faces of pressure-outlet 7.
   669  5.4273e-01  7.4597e-05  8.4346e-05  7.0130e-05  2.1668e-03  8.4602e-03  1.0256e-03  0:00:50    6

 turbulent viscosity limited to viscosity ratio of 1.000000e+05 in 954 cells 

 Reversed flow on 473 faces of pressure-outlet 7.
   670  5.4144e-01  7.4589e-05  8.4290e-05  6.9893e-05  2.1634e-03  8.3169e-03  1.0251e-03  0:00:42    5

 turbulent viscosity limited to viscosity ratio of 1.000000e+05 in 954 cells 

 Reversed flow on 461 faces of pressure-outlet 7.
   671  5.4020e-01  7.4575e-05  8.4231e-05  6.9658e-05  2.1598e-03  8.1972e-03  1.0245e-03  0:00:34    4

 turbulent viscosity limited to viscosity ratio of 1.000000e+05 in 955 cells 

 Reversed flow on 459 faces of pressure-outlet 7.

  iter  continuity  x-velocity  y-velocity  z-velocity           k     epsilon  vf-phase-2     time/iter
   672  5.3888e-01  7.4556e-05  8.4185e-05  6.9420e-05  2.1584e-03  8.2169e-03  1.0239e-03  0:00:26    3

 turbulent viscosity limited to viscosity ratio of 1.000000e+05 in 954 cells 

 Reversed flow on 463 faces of pressure-outlet 7.
   673  5.3726e-01  7.4536e-05  8.4112e-05  6.9197e-05  2.1543e-03  7.6812e-03  1.0232e-03  0:00:17    2

 turbulent viscosity limited to viscosity ratio of 1.000000e+05 in 952 cells 

 Reversed flow on 471 faces of pressure-outlet 7.
   674  5.3580e-01  7.4516e-05  8.4055e-05  6.8985e-05  2.1537e-03  7.8279e-03  1.0226e-03  0:00:09    1

 turbulent viscosity limited to viscosity ratio of 1.000000e+05 in 951 cells 

 Reversed flow on 466 faces of pressure-outlet 7.
   675  5.3435e-01  7.4486e-05  8.3989e-05  6.8767e-05  2.1535e-03  8.4481e-03  1.0220e-03  0:00:00    0
iterate_300: RPC returned
progress: 300/1125

=== autosave_300 ===

Writing to EN439159:"C:\Users\qtra338\Documents\enthalpy_sweep_verified_20260721_v2\case_3_1520_1500iter_recovered_from_375_autosave_iter300.cas.h5" in NODE0 mode and compression level 1 ...
Grouping cells for Laplace smoothing ...
     5578299 cells,     1 zone  ...
    11355491 faces,     5 zones ...
     1026091 nodes,     1 zone  ...
  Done.
Done.
write_case_autosave_300: OK

Writing to EN439159:"C:\Users\qtra338\Documents\enthalpy_sweep_verified_20260721_v2\case_3_1520_1500iter_recovered_from_375_autosave_iter300.dat.h5" in NODE0 mode and compression level 1 ...
  Writing results.
Done.
write_data_autosave_300: OK
saved_pair_autosave_300: VERIFIED

  iter  continuity  x-velocity  y-velocity  z-velocity           k     epsilon  vf-phase-2     time/iter
   675  5.3435e-01  7.4486e-05  8.3989e-05  6.8767e-05  2.1535e-03  8.4481e-03  1.0220e-03  0:03:40   25

 turbulent viscosity limited to viscosity ratio of 1.000000e+05 in 947 cells 

 Reversed flow on 461 faces of pressure-outlet 7.
   676  5.3296e-01  7.4476e-05  8.3927e-05  6.8563e-05  2.1498e-03  7.4366e-03  1.0213e-03  0:03:32   24

 turbulent viscosity limited to viscosity ratio of 1.000000e+05 in 947 cells 

 Reversed flow on 453 faces of pressure-outlet 7.
   677  5.3166e-01  7.4462e-05  8.3850e-05  6.8375e-05  2.1513e-03  8.4342e-03  1.0207e-03  0:03:24   23

 turbulent viscosity limited to viscosity ratio of 1.000000e+05 in 946 cells 

 Reversed flow on 465 faces of pressure-outlet 7.
   678  5.3071e-01  7.4452e-05  8.3773e-05  6.8178e-05  2.1509e-03  7.4914e-03  1.0202e-03  0:03:16   22

 turbulent viscosity limited to viscosity ratio of 1.000000e+05 in 946 cells 

 Reversed flow on 464 faces of pressure-outlet 7.
   679  5.2935e-01  7.4408e-05  8.3687e-05  6.7998e-05  2.1495e-03  7.4936e-03  1.0197e-03  0:03:07   21

 turbulent viscosity limited to viscosity ratio of 1.000000e+05 in 946 cells 

 Reversed flow on 453 faces of pressure-outlet 7.
   680  5.2821e-01  7.4383e-05  8.3628e-05  6.7821e-05  2.1502e-03  7.5392e-03  1.0191e-03  0:02:55   20

 turbulent viscosity limited to viscosity ratio of 1.000000e+05 in 945 cells 

 Reversed flow on 465 faces of pressure-outlet 7.
   681  5.2703e-01  7.4337e-05  8.3548e-05  6.7666e-05  2.1492e-03  7.3435e-03  1.0184e-03  0:02:47   19

 turbulent viscosity limited to viscosity ratio of 1.000000e+05 in 945 cells 

 Reversed flow on 454 faces of pressure-outlet 7.
   682  5.2604e-01  7.4293e-05  8.3451e-05  6.7485e-05  2.1469e-03  7.1698e-03  1.0178e-03  0:02:39   18

 turbulent viscosity limited to viscosity ratio of 1.000000e+05 in 945 cells 

 Reversed flow on 460 faces of pressure-outlet 7.
   683  5.2478e-01  7.4228e-05  8.3359e-05  6.7315e-05  2.1445e-03  7.0104e-03  1.0171e-03  0:02:31   17

 turbulent viscosity limited to viscosity ratio of 1.000000e+05 in 943 cells 

 Reversed flow on 459 faces of pressure-outlet 7.
   684  5.2376e-01  7.4162e-05  8.3279e-05  6.7180e-05  2.1430e-03  7.5024e-03  1.0163e-03  0:02:19   16

 turbulent viscosity limited to viscosity ratio of 1.000000e+05 in 942 cells 

 Reversed flow on 465 faces of pressure-outlet 7.
   685  5.2260e-01  7.4104e-05  8.3181e-05  6.7054e-05  2.1435e-03  7.5492e-03  1.0157e-03  0:02:11   15

 turbulent viscosity limited to viscosity ratio of 1.000000e+05 in 941 cells 

 Reversed flow on 467 faces of pressure-outlet 7.

  iter  continuity  x-velocity  y-velocity  z-velocity           k     epsilon  vf-phase-2     time/iter
   686  5.2136e-01  7.4026e-05  8.3063e-05  6.6939e-05  2.1422e-03  7.6202e-03  1.0150e-03  0:02:03   14

 turbulent viscosity limited to viscosity ratio of 1.000000e+05 in 940 cells 

 Reversed flow on 460 faces of pressure-outlet 7.
   687  5.2004e-01  7.3942e-05  8.2944e-05  6.6817e-05  2.1371e-03  6.8954e-03  1.0143e-03  0:01:52   13

 turbulent viscosity limited to viscosity ratio of 1.000000e+05 in 941 cells 

 Reversed flow on 471 faces of pressure-outlet 7.
   688  5.1885e-01  7.3835e-05  8.2813e-05  6.6685e-05  2.1371e-03  9.0980e-03  1.0136e-03  0:01:45   12

 turbulent viscosity limited to viscosity ratio of 1.000000e+05 in 939 cells 

 Reversed flow on 457 faces of pressure-outlet 7.
   689  5.1803e-01  7.3737e-05  8.2691e-05  6.6597e-05  2.1365e-03  7.8381e-03  1.0128e-03  0:01:34   11

 turbulent viscosity limited to viscosity ratio of 1.000000e+05 in 938 cells 

 Reversed flow on 463 faces of pressure-outlet 7.
   690  5.1745e-01  7.3639e-05  8.2556e-05  6.6488e-05  2.1326e-03  7.3157e-03  1.0121e-03  0:01:27   10

 turbulent viscosity limited to viscosity ratio of 1.000000e+05 in 938 cells 

 Reversed flow on 468 faces of pressure-outlet 7.
   691  5.1685e-01  7.3547e-05  8.2415e-05  6.6383e-05  2.1292e-03  7.0908e-03  1.0114e-03  0:01:17    9

 turbulent viscosity limited to viscosity ratio of 1.000000e+05 in 937 cells 

 Reversed flow on 477 faces of pressure-outlet 7.
   692  5.1583e-01  7.3391e-05  8.2265e-05  6.6266e-05  2.1253e-03  6.8056e-03  1.0108e-03  0:01:07    8

 turbulent viscosity limited to viscosity ratio of 1.000000e+05 in 936 cells 

 Reversed flow on 477 faces of pressure-outlet 7.
   693  5.1455e-01  7.3225e-05  8.2105e-05  6.6148e-05  2.1213e-03  6.7396e-03  1.0102e-03  0:01:00    7

 turbulent viscosity limited to viscosity ratio of 1.000000e+05 in 936 cells 

 Reversed flow on 479 faces of pressure-outlet 7.
   694  5.1383e-01  7.3055e-05  8.1928e-05  6.6036e-05  2.1174e-03  6.9059e-03  1.0097e-03  0:00:51    6

 turbulent viscosity limited to viscosity ratio of 1.000000e+05 in 936 cells 

 Reversed flow on 478 faces of pressure-outlet 7.
   695  5.1344e-01  7.2871e-05  8.1780e-05  6.5912e-05  2.1134e-03  6.8885e-03  1.0092e-03  0:00:42    5

 turbulent viscosity limited to viscosity ratio of 1.000000e+05 in 936 cells 

 Reversed flow on 478 faces of pressure-outlet 7.
   696  5.1263e-01  7.2675e-05  8.1599e-05  6.5793e-05  2.1101e-03  7.4318e-03  1.0088e-03  0:00:34    4

 turbulent viscosity limited to viscosity ratio of 1.000000e+05 in 936 cells 

 Reversed flow on 473 faces of pressure-outlet 7.

  iter  continuity  x-velocity  y-velocity  z-velocity           k     epsilon  vf-phase-2     time/iter
   697  5.1232e-01  7.2483e-05  8.1419e-05  6.5662e-05  2.1047e-03  7.3477e-03  1.0085e-03  0:00:25    3

 turbulent viscosity limited to viscosity ratio of 1.000000e+05 in 935 cells 

 Reversed flow on 482 faces of pressure-outlet 7.
   698  5.1184e-01  7.2258e-05  8.1226e-05  6.5537e-05  2.0974e-03  6.9640e-03  1.0084e-03  0:00:17    2

 turbulent viscosity limited to viscosity ratio of 1.000000e+05 in 934 cells 

 Reversed flow on 477 faces of pressure-outlet 7.
   699  5.1103e-01  7.2035e-05  8.0997e-05  6.5423e-05  2.0945e-03  8.4515e-03  1.0084e-03  0:00:08    1

iterate_325: RPC returned
progress: 325/1125
 turbulent viscosity limited to viscosity ratio of 1.000000e+05 in 934 cells 

 Reversed flow on 487 faces of pressure-outlet 7.
   700  5.1058e-01  7.1805e-05  8.0778e-05  6.5310e-05  2.0861e-03  7.4626e-03  1.0085e-03  0:00:00    0

  iter  continuity  x-velocity  y-velocity  z-velocity           k     epsilon  vf-phase-2     time/iter
   700  5.1058e-01  7.1805e-05  8.0778e-05  6.5310e-05  2.0861e-03  7.4626e-03  1.0085e-03  0:03:28   25

 turbulent viscosity limited to viscosity ratio of 1.000000e+05 in 935 cells 

 Reversed flow on 488 faces of pressure-outlet 7.
   701  5.0989e-01  7.1556e-05  8.0552e-05  6.5150e-05  2.0792e-03  7.5087e-03  1.0089e-03  0:03:18   24

 turbulent viscosity limited to viscosity ratio of 1.000000e+05 in 932 cells 

 Reversed flow on 488 faces of pressure-outlet 7.
   702  5.0891e-01  7.1300e-05  8.0341e-05  6.5012e-05  2.0716e-03  7.2961e-03  1.0094e-03  0:03:13   23

 turbulent viscosity limited to viscosity ratio of 1.000000e+05 in 932 cells 

 Reversed flow on 487 faces of pressure-outlet 7.
   703  5.0800e-01  7.1056e-05  8.0081e-05  6.4851e-05  2.0624e-03  6.7778e-03  1.0101e-03  0:03:03   22

 turbulent viscosity limited to viscosity ratio of 1.000000e+05 in 932 cells 

 Reversed flow on 489 faces of pressure-outlet 7.
   704  5.0726e-01  7.0802e-05  7.9798e-05  6.4704e-05  2.0518e-03  6.4973e-03  1.0109e-03  0:02:53   21

 turbulent viscosity limited to viscosity ratio of 1.000000e+05 in 931 cells 

 Reversed flow on 487 faces of pressure-outlet 7.
   705  5.0604e-01  7.0530e-05  7.9524e-05  6.4543e-05  2.0440e-03  6.5741e-03  1.0119e-03  0:02:48   20

 turbulent viscosity limited to viscosity ratio of 1.000000e+05 in 930 cells 

 Reversed flow on 480 faces of pressure-outlet 7.
   706  5.0482e-01  7.0273e-05  7.9270e-05  6.4391e-05  2.0364e-03  6.7149e-03  1.0131e-03  0:02:38   19

 turbulent viscosity limited to viscosity ratio of 1.000000e+05 in 930 cells 

 Reversed flow on 488 faces of pressure-outlet 7.
   707  5.0421e-01  7.0003e-05  7.9011e-05  6.4252e-05  2.0272e-03  6.6693e-03  1.0143e-03  0:02:29   18

 turbulent viscosity limited to viscosity ratio of 1.000000e+05 in 929 cells 

 Reversed flow on 492 faces of pressure-outlet 7.
   708  5.0351e-01  6.9730e-05  7.8747e-05  6.4093e-05  2.0186e-03  6.8267e-03  1.0157e-03  0:02:23   17

 turbulent viscosity limited to viscosity ratio of 1.000000e+05 in 929 cells 

 Reversed flow on 493 faces of pressure-outlet 7.
   709  5.0244e-01  6.9482e-05  7.8472e-05  6.3930e-05  2.0107e-03  7.6113e-03  1.0173e-03  0:02:13   16

 turbulent viscosity limited to viscosity ratio of 1.000000e+05 in 930 cells 

 Reversed flow on 494 faces of pressure-outlet 7.
   710  5.0163e-01  6.9199e-05  7.8154e-05  6.3778e-05  2.0028e-03  7.0966e-03  1.0190e-03  0:02:07   15

 turbulent viscosity limited to viscosity ratio of 1.000000e+05 in 930 cells 

 Reversed flow on 491 faces of pressure-outlet 7.

  iter  continuity  x-velocity  y-velocity  z-velocity           k     epsilon  vf-phase-2     time/iter
   711  5.0076e-01  6.8918e-05  7.7843e-05  6.3613e-05  1.9914e-03  6.9170e-03  1.0208e-03  0:01:57   14

 turbulent viscosity limited to viscosity ratio of 1.000000e+05 in 930 cells 

 Reversed flow on 486 faces of pressure-outlet 7.
   712  4.9992e-01  6.8640e-05  7.7526e-05  6.3437e-05  1.9812e-03  6.5879e-03  1.0227e-03  0:01:48   13

 turbulent viscosity limited to viscosity ratio of 1.000000e+05 in 931 cells 

 Reversed flow on 483 faces of pressure-outlet 7.
   713  4.9894e-01  6.8344e-05  7.7222e-05  6.3272e-05  1.9728e-03  6.5718e-03  1.0247e-03  0:01:41   12

 turbulent viscosity limited to viscosity ratio of 1.000000e+05 in 930 cells 

 Reversed flow on 486 faces of pressure-outlet 7.
   714  4.9826e-01  6.8059e-05  7.6915e-05  6.3114e-05  1.9634e-03  6.5526e-03  1.0269e-03  0:01:32   11

 turbulent viscosity limited to viscosity ratio of 1.000000e+05 in 931 cells 

 Reversed flow on 495 faces of pressure-outlet 7.
   715  4.9731e-01  6.7757e-05  7.6594e-05  6.2950e-05  1.9552e-03  6.7241e-03  1.0292e-03  0:01:23   10

 turbulent viscosity limited to viscosity ratio of 1.000000e+05 in 930 cells 

 Reversed flow on 489 faces of pressure-outlet 7.
   716  4.9616e-01  6.7460e-05  7.6264e-05  6.2800e-05  1.9451e-03  6.5012e-03  1.0316e-03  0:01:16    9

 turbulent viscosity limited to viscosity ratio of 1.000000e+05 in 929 cells 

 Reversed flow on 492 faces of pressure-outlet 7.
   717  4.9499e-01  6.7163e-05  7.5947e-05  6.2628e-05  1.9362e-03  6.2987e-03  1.0340e-03  0:01:07    8

 turbulent viscosity limited to viscosity ratio of 1.000000e+05 in 928 cells 

 Reversed flow on 483 faces of pressure-outlet 7.
   718  4.9381e-01  6.6869e-05  7.5627e-05  6.2479e-05  1.9275e-03  6.1889e-03  1.0366e-03  0:00:58    7

 turbulent viscosity limited to viscosity ratio of 1.000000e+05 in 928 cells 

 Reversed flow on 480 faces of pressure-outlet 7.
   719  4.9302e-01  6.6578e-05  7.5320e-05  6.2339e-05  1.9198e-03  6.2258e-03  1.0392e-03  0:00:51    6

 turbulent viscosity limited to viscosity ratio of 1.000000e+05 in 927 cells 

 Reversed flow on 486 faces of pressure-outlet 7.
   720  4.9192e-01  6.6279e-05  7.5010e-05  6.2212e-05  1.9136e-03  6.7402e-03  1.0420e-03  0:00:42    5

 turbulent viscosity limited to viscosity ratio of 1.000000e+05 in 927 cells 

 Reversed flow on 494 faces of pressure-outlet 7.
   721  4.9109e-01  6.5981e-05  7.4685e-05  6.2077e-05  1.9067e-03  6.5219e-03  1.0447e-03  0:00:33    4

 turbulent viscosity limited to viscosity ratio of 1.000000e+05 in 925 cells 

 Reversed flow on 487 faces of pressure-outlet 7.

  iter  continuity  x-velocity  y-velocity  z-velocity           k     epsilon  vf-phase-2     time/iter
   722  4.9017e-01  6.5683e-05  7.4370e-05  6.1931e-05  1.9007e-03  6.4063e-03  1.0475e-03  0:00:25    3

 turbulent viscosity limited to viscosity ratio of 1.000000e+05 in 925 cells 

 Reversed flow on 484 faces of pressure-outlet 7.
   723  4.8927e-01  6.5383e-05  7.4074e-05  6.1786e-05  1.8939e-03  6.2026e-03  1.0503e-03  0:00:17    2

 turbulent viscosity limited to viscosity ratio of 1.000000e+05 in 925 cells 

 Reversed flow on 493 faces of pressure-outlet 7.
   724  4.8825e-01  6.5101e-05  7.3779e-05  6.1637e-05  1.8883e-03  6.3597e-03  1.0531e-03  0:00:08    1

 turbulent viscosity limited to viscosity ratio of 1.000000e+05 in 923 cells 

 Reversed flow on 499 faces of pressure-outlet 7.
   725  4.8757e-01  6.4810e-05  7.3479e-05  6.1505e-05  1.8845e-03  7.5242e-03  1.0559e-03  0:00:00    0
iterate_350: RPC returned
progress: 350/1125

  iter  continuity  x-velocity  y-velocity  z-velocity           k     epsilon  vf-phase-2     time/iter
   725  4.8757e-01  6.4810e-05  7.3479e-05  6.1505e-05  1.8845e-03  7.5242e-03  1.0559e-03  0:03:30   25

 turbulent viscosity limited to viscosity ratio of 1.000000e+05 in 923 cells 

 Reversed flow on 498 faces of pressure-outlet 7.
   726  4.8709e-01  6.4543e-05  7.3189e-05  6.1389e-05  1.8806e-03  6.8696e-03  1.0587e-03  0:03:25   24

 turbulent viscosity limited to viscosity ratio of 1.000000e+05 in 921 cells 

 Reversed flow on 494 faces of pressure-outlet 7.
   727  4.8621e-01  6.4273e-05  7.2916e-05  6.1238e-05  1.8754e-03  6.7687e-03  1.0614e-03  0:03:14   23

 turbulent viscosity limited to viscosity ratio of 1.000000e+05 in 921 cells 

 Reversed flow on 499 faces of pressure-outlet 7.
   728  4.8541e-01  6.3971e-05  7.2656e-05  6.1071e-05  1.8696e-03  6.3931e-03  1.0642e-03  0:03:08   22

 turbulent viscosity limited to viscosity ratio of 1.000000e+05 in 920 cells 

 Reversed flow on 500 faces of pressure-outlet 7.
   729  4.8451e-01  6.3716e-05  7.2404e-05  6.0919e-05  1.8652e-03  6.9521e-03  1.0669e-03  0:02:57   21

 turbulent viscosity limited to viscosity ratio of 1.000000e+05 in 918 cells 

 Reversed flow on 504 faces of pressure-outlet 7.
   730  4.8369e-01  6.3457e-05  7.2151e-05  6.0779e-05  1.8604e-03  6.4808e-03  1.0695e-03  0:02:47   20

 turbulent viscosity limited to viscosity ratio of 1.000000e+05 in 918 cells 

 Reversed flow on 496 faces of pressure-outlet 7.
   731  4.8250e-01  6.3189e-05  7.1919e-05  6.0638e-05  1.8562e-03  6.5696e-03  1.0720e-03  0:02:41   19

 turbulent viscosity limited to viscosity ratio of 1.000000e+05 in 918 cells 

 Reversed flow on 498 faces of pressure-outlet 7.
   732  4.8127e-01  6.2934e-05  7.1685e-05  6.0481e-05  1.8516e-03  6.7583e-03  1.0746e-03  0:02:31   18

 turbulent viscosity limited to viscosity ratio of 1.000000e+05 in 917 cells 

 Reversed flow on 488 faces of pressure-outlet 7.
   733  4.7995e-01  6.2708e-05  7.1429e-05  6.0342e-05  1.8444e-03  6.4388e-03  1.0771e-03  0:02:25   17

 turbulent viscosity limited to viscosity ratio of 1.000000e+05 in 917 cells 

 Reversed flow on 493 faces of pressure-outlet 7.
   734  4.7908e-01  6.2464e-05  7.1176e-05  6.0197e-05  1.8423e-03  7.0518e-03  1.0796e-03  0:02:14   16

 turbulent viscosity limited to viscosity ratio of 1.000000e+05 in 914 cells 

 Reversed flow on 499 faces of pressure-outlet 7.
   735  4.7832e-01  6.2250e-05  7.0953e-05  6.0074e-05  1.8366e-03  6.6386e-03  1.0819e-03  0:02:05   15

 turbulent viscosity limited to viscosity ratio of 1.000000e+05 in 914 cells 

 Reversed flow on 500 faces of pressure-outlet 7.

  iter  continuity  x-velocity  y-velocity  z-velocity           k     epsilon  vf-phase-2     time/iter
   736  4.7772e-01  6.2019e-05  7.0728e-05  5.9925e-05  1.8292e-03  6.5470e-03  1.0841e-03  0:01:58   14

 turbulent viscosity limited to viscosity ratio of 1.000000e+05 in 913 cells 

 Reversed flow on 500 faces of pressure-outlet 7.
   737  4.7700e-01  6.1819e-05  7.0503e-05  5.9782e-05  1.8252e-03  7.8647e-03  1.0862e-03  0:01:49   13

 turbulent viscosity limited to viscosity ratio of 1.000000e+05 in 912 cells 

 Reversed flow on 502 faces of pressure-outlet 7.
   738  4.7625e-01  6.1623e-05  7.0286e-05  5.9643e-05  1.8219e-03  7.2883e-03  1.0882e-03  0:01:40   12

 turbulent viscosity limited to viscosity ratio of 1.000000e+05 in 912 cells 

 Reversed flow on 503 faces of pressure-outlet 7.
   739  4.7548e-01  6.1443e-05  7.0064e-05  5.9502e-05  1.8144e-03  6.8215e-03  1.0900e-03  0:01:33   11

 turbulent viscosity limited to viscosity ratio of 1.000000e+05 in 912 cells 

 Reversed flow on 500 faces of pressure-outlet 7.
   740  4.7503e-01  6.1238e-05  6.9857e-05  5.9350e-05  1.8087e-03  6.5140e-03  1.0916e-03  0:01:23   10

 turbulent viscosity limited to viscosity ratio of 1.000000e+05 in 909 cells 

 Reversed flow on 500 faces of pressure-outlet 7.
   741  4.7442e-01  6.1040e-05  6.9665e-05  5.9207e-05  1.8038e-03  7.8462e-03  1.0930e-03  0:01:15    9

 turbulent viscosity limited to viscosity ratio of 1.000000e+05 in 908 cells 

 Reversed flow on 510 faces of pressure-outlet 7.
   742  4.7360e-01  6.0839e-05  6.9477e-05  5.9048e-05  1.8139e-03  2.9433e-02  1.0942e-03  0:01:06    8

 turbulent viscosity limited to viscosity ratio of 1.000000e+05 in 908 cells 

 Reversed flow on 492 faces of pressure-outlet 7.
   743  4.7320e-01  6.0659e-05  6.9298e-05  5.8935e-05  1.8238e-03  1.9515e-02  1.0953e-03  0:00:59    7

 turbulent viscosity limited to viscosity ratio of 1.000000e+05 in 908 cells 

 Reversed flow on 497 faces of pressure-outlet 7.
   744  4.7267e-01  6.0464e-05  6.9105e-05  5.8794e-05  1.8155e-03  1.3139e-02  1.0961e-03  0:00:50    6

 turbulent viscosity limited to viscosity ratio of 1.000000e+05 in 908 cells 

 Reversed flow on 496 faces of pressure-outlet 7.
   745  4.7164e-01  6.0289e-05  6.8925e-05  5.8645e-05  1.7927e-03  7.7548e-03  1.0969e-03  0:00:41    5

 turbulent viscosity limited to viscosity ratio of 1.000000e+05 in 904 cells 

 Reversed flow on 489 faces of pressure-outlet 7.
   746  4.7058e-01  6.0126e-05  6.8761e-05  5.8522e-05  1.7861e-03  7.3552e-03  1.0974e-03  0:00:34    4

 turbulent viscosity limited to viscosity ratio of 1.000000e+05 in 903 cells 

 Reversed flow on 498 faces of pressure-outlet 7.

  iter  continuity  x-velocity  y-velocity  z-velocity           k     epsilon  vf-phase-2     time/iter
   747  4.6941e-01  5.9952e-05  6.8597e-05  5.8374e-05  1.7807e-03  6.9403e-03  1.0978e-03  0:00:25    3

 turbulent viscosity limited to viscosity ratio of 1.000000e+05 in 903 cells 

 Reversed flow on 503 faces of pressure-outlet 7.
   748  4.6844e-01  5.9782e-05  6.8435e-05  5.8222e-05  1.7781e-03  6.8007e-03  1.0979e-03  0:00:17    2

 turbulent viscosity limited to viscosity ratio of 1.000000e+05 in 902 cells 

 Reversed flow on 494 faces of pressure-outlet 7.
   749  4.6787e-01  5.9605e-05  6.8286e-05  5.8054e-05  1.7750e-03  6.5902e-03  1.0980e-03  0:00:08    1

 turbulent viscosity limited to viscosity ratio of 1.000000e+05 in 902 cells 

 Reversed flow on 501 faces of pressure-outlet 7.
   750  4.6700e-01  5.9442e-05  6.8129e-05  5.7905e-05  1.7720e-03  6.5531e-03  1.0980e-03  0:00:00    0
iterate_375: RPC returned
progress: 375/1125

  iter  continuity  x-velocity  y-velocity  z-velocity           k     epsilon  vf-phase-2     time/iter
   750  4.6700e-01  5.9442e-05  6.8129e-05  5.7905e-05  1.7720e-03  6.5531e-03  1.0980e-03  0:03:28   25

 turbulent viscosity limited to viscosity ratio of 1.000000e+05 in 901 cells 

 Reversed flow on 496 faces of pressure-outlet 7.
   751  4.6633e-01  5.9296e-05  6.7971e-05  5.7739e-05  1.7688e-03  6.4312e-03  1.0978e-03  0:03:23   24

 turbulent viscosity limited to viscosity ratio of 1.000000e+05 in 899 cells 

 Reversed flow on 494 faces of pressure-outlet 7.
   752  4.6605e-01  5.9153e-05  6.7797e-05  5.7574e-05  1.7679e-03  6.5990e-03  1.0975e-03  0:03:17   23

 turbulent viscosity limited to viscosity ratio of 1.000000e+05 in 899 cells 

 Reversed flow on 505 faces of pressure-outlet 7.
   753  4.6548e-01  5.9014e-05  6.7634e-05  5.7426e-05  1.7662e-03  6.3369e-03  1.0973e-03  0:03:06   22

 turbulent viscosity limited to viscosity ratio of 1.000000e+05 in 899 cells 

 Reversed flow on 498 faces of pressure-outlet 7.
   754  4.6522e-01  5.8881e-05  6.7463e-05  5.7255e-05  1.7647e-03  6.5057e-03  1.0969e-03  0:02:56   21

 turbulent viscosity limited to viscosity ratio of 1.000000e+05 in 897 cells 

 Reversed flow on 496 faces of pressure-outlet 7.
   755  4.6458e-01  5.8730e-05  6.7301e-05  5.7092e-05  1.7632e-03  6.1384e-03  1.0963e-03  0:02:50   20

 turbulent viscosity limited to viscosity ratio of 1.000000e+05 in 897 cells 

 Reversed flow on 482 faces of pressure-outlet 7.
   756  4.6397e-01  5.8630e-05  6.7121e-05  5.6915e-05  1.7620e-03  6.4449e-03  1.0958e-03  0:02:39   19

 turbulent viscosity limited to viscosity ratio of 1.000000e+05 in 897 cells 

 Reversed flow on 483 faces of pressure-outlet 7.
   757  4.6304e-01  5.8503e-05  6.6955e-05  5.6735e-05  1.7645e-03  9.3713e-03  1.0953e-03  0:02:30   18

 turbulent viscosity limited to viscosity ratio of 1.000000e+05 in 896 cells 

 Reversed flow on 484 faces of pressure-outlet 7.
   758  4.6183e-01  5.8354e-05  6.6774e-05  5.6562e-05  1.7610e-03  8.4465e-03  1.0948e-03  0:02:20   17

 turbulent viscosity limited to viscosity ratio of 1.000000e+05 in 896 cells 

 Reversed flow on 475 faces of pressure-outlet 7.
   759  4.6050e-01  5.8209e-05  6.6600e-05  5.6396e-05  1.7634e-03  8.7299e-03  1.0943e-03  0:02:14   16

 turbulent viscosity limited to viscosity ratio of 1.000000e+05 in 896 cells 

 Reversed flow on 474 faces of pressure-outlet 7.
   760  4.5940e-01  5.8056e-05  6.6413e-05  5.6235e-05  1.7615e-03  7.8663e-03  1.0937e-03  0:02:05   15

 turbulent viscosity limited to viscosity ratio of 1.000000e+05 in 896 cells 

 Reversed flow on 478 faces of pressure-outlet 7.

  iter  continuity  x-velocity  y-velocity  z-velocity           k     epsilon  vf-phase-2     time/iter
   761  4.5868e-01  5.7915e-05  6.6208e-05  5.6093e-05  1.7557e-03  7.0159e-03  1.0932e-03  0:01:56   14

 turbulent viscosity limited to viscosity ratio of 1.000000e+05 in 896 cells 

 Reversed flow on 476 faces of pressure-outlet 7.
   762  4.5808e-01  5.7762e-05  6.6011e-05  5.5940e-05  1.7558e-03  9.0228e-03  1.0926e-03  0:01:49   13

 turbulent viscosity limited to viscosity ratio of 1.000000e+05 in 895 cells 

 Reversed flow on 474 faces of pressure-outlet 7.
   763  4.5733e-01  5.7620e-05  6.5829e-05  5.5800e-05  1.7555e-03  8.8222e-03  1.0920e-03  0:01:40   12

 turbulent viscosity limited to viscosity ratio of 1.000000e+05 in 894 cells 

 Reversed flow on 485 faces of pressure-outlet 7.
   764  4.5661e-01  5.7458e-05  6.5646e-05  5.5662e-05  1.7507e-03  7.7470e-03  1.0914e-03  0:01:31   11

 turbulent viscosity limited to viscosity ratio of 1.000000e+05 in 895 cells 

 Reversed flow on 480 faces of pressure-outlet 7.
   765  4.5584e-01  5.7280e-05  6.5429e-05  5.5509e-05  1.7455e-03  7.2753e-03  1.0909e-03  0:01:24   10

 turbulent viscosity limited to viscosity ratio of 1.000000e+05 in 895 cells 

 Reversed flow on 478 faces of pressure-outlet 7.
   766  4.5504e-01  5.7106e-05  6.5230e-05  5.5356e-05  1.7435e-03  8.2159e-03  1.0904e-03  0:01:15    9

 turbulent viscosity limited to viscosity ratio of 1.000000e+05 in 895 cells 

 Reversed flow on 483 faces of pressure-outlet 7.
   767  4.5373e-01  5.6939e-05  6.5039e-05  5.5216e-05  1.7402e-03  7.6036e-03  1.0898e-03  0:01:06    8

 turbulent viscosity limited to viscosity ratio of 1.000000e+05 in 893 cells 

 Reversed flow on 479 faces of pressure-outlet 7.
   768  4.5272e-01  5.6756e-05  6.4842e-05  5.5077e-05  1.7342e-03  7.7651e-03  1.0892e-03  0:00:59    7

 turbulent viscosity limited to viscosity ratio of 1.000000e+05 in 893 cells 

 Reversed flow on 486 faces of pressure-outlet 7.
   769  4.5201e-01  5.6574e-05  6.4641e-05  5.4924e-05  1.7304e-03  7.4013e-03  1.0886e-03  0:00:50    6

 turbulent viscosity limited to viscosity ratio of 1.000000e+05 in 894 cells 

 Reversed flow on 482 faces of pressure-outlet 7.
   770  4.5124e-01  5.6392e-05  6.4459e-05  5.4773e-05  1.7232e-03  6.7950e-03  1.0880e-03  0:00:41    5

 turbulent viscosity limited to viscosity ratio of 1.000000e+05 in 893 cells 

 Reversed flow on 488 faces of pressure-outlet 7.
   771  4.5025e-01  5.6194e-05  6.4274e-05  5.4639e-05  1.7185e-03  6.8551e-03  1.0873e-03  0:00:34    4

 turbulent viscosity limited to viscosity ratio of 1.000000e+05 in 893 cells 

 Reversed flow on 484 faces of pressure-outlet 7.

  iter  continuity  x-velocity  y-velocity  z-velocity           k     epsilon  vf-phase-2     time/iter
   772  4.4930e-01  5.5998e-05  6.4065e-05  5.4490e-05  1.7160e-03  8.7038e-03  1.0865e-03  0:00:25    3

 turbulent viscosity limited to viscosity ratio of 1.000000e+05 in 893 cells 

 Reversed flow on 479 faces of pressure-outlet 7.
   773  4.4799e-01  5.5816e-05  6.3840e-05  5.4345e-05  1.7098e-03  7.7936e-03  1.0858e-03  0:00:17    2

 turbulent viscosity limited to viscosity ratio of 1.000000e+05 in 893 cells 

 Reversed flow on 481 faces of pressure-outlet 7.
   774  4.4726e-01  5.5638e-05  6.3615e-05  5.4192e-05  1.7064e-03  7.5878e-03  1.0851e-03  0:00:08    1

 turbulent viscosity limited to viscosity ratio of 1.000000e+05 in 893 cells 

 Reversed flow on 487 faces of pressure-outlet 7.
   775  4.4643e-01  5.5461e-05  6.3399e-05  5.4058e-05  1.7005e-03  7.6245e-03  1.0843e-03  0:00:00    0
iterate_400: RPC returned
progress: 400/1125

=== autosave_400 ===

Writing to EN439159:"C:\Users\qtra338\Documents\enthalpy_sweep_verified_20260721_v2\case_3_1520_1500iter_recovered_from_375_autosave_iter400.cas.h5" in NODE0 mode and compression level 1 ...
Grouping cells for Laplace smoothing ...
     5578299 cells,     1 zone  ...
    11355491 faces,     5 zones ...
     1026091 nodes,     1 zone  ...
  Done.
Done.
write_case_autosave_400: OK

Writing to EN439159:"C:\Users\qtra338\Documents\enthalpy_sweep_verified_20260721_v2\case_3_1520_1500iter_recovered_from_375_autosave_iter400.dat.h5" in NODE0 mode and compression level 1 ...
  Writing results.
Done.
write_data_autosave_400: OK
saved_pair_autosave_400: VERIFIED

  iter  continuity  x-velocity  y-velocity  z-velocity           k     epsilon  vf-phase-2     time/iter
   775  4.4643e-01  5.5461e-05  6.3399e-05  5.4058e-05  1.7005e-03  7.6245e-03  1.0843e-03  0:03:28   25

 turbulent viscosity limited to viscosity ratio of 1.000000e+05 in 891 cells 

 Reversed flow on 496 faces of pressure-outlet 7.
   776  4.4565e-01  5.5280e-05  6.3166e-05  5.3946e-05  1.6963e-03  7.6278e-03  1.0835e-03  0:03:28   24

 turbulent viscosity limited to viscosity ratio of 1.000000e+05 in 891 cells 

 Reversed flow on 496 faces of pressure-outlet 7.
   777  4.4463e-01  5.5085e-05  6.2935e-05  5.3831e-05  1.6898e-03  6.7799e-03  1.0827e-03  0:03:16   23

 turbulent viscosity limited to viscosity ratio of 1.000000e+05 in 890 cells 

 Reversed flow on 488 faces of pressure-outlet 7.
   778  4.4362e-01  5.4890e-05  6.2691e-05  5.3713e-05  1.6828e-03  6.7171e-03  1.0820e-03  0:03:05   22

 turbulent viscosity limited to viscosity ratio of 1.000000e+05 in 890 cells 

 Reversed flow on 491 faces of pressure-outlet 7.
   779  4.4238e-01  5.4680e-05  6.2461e-05  5.3577e-05  1.6789e-03  7.0703e-03  1.0813e-03  0:02:59   21

 turbulent viscosity limited to viscosity ratio of 1.000000e+05 in 890 cells 

 Reversed flow on 496 faces of pressure-outlet 7.
   780  4.4128e-01  5.4484e-05  6.2222e-05  5.3445e-05  1.6736e-03  7.2869e-03  1.0805e-03  0:02:49   20

 turbulent viscosity limited to viscosity ratio of 1.000000e+05 in 890 cells 

 Reversed flow on 500 faces of pressure-outlet 7.
   781  4.4009e-01  5.4252e-05  6.1969e-05  5.3315e-05  1.6659e-03  6.7096e-03  1.0797e-03  0:02:39   19

 turbulent viscosity limited to viscosity ratio of 1.000000e+05 in 890 cells 

 Reversed flow on 501 faces of pressure-outlet 7.
   782  4.3917e-01  5.4031e-05  6.1712e-05  5.3184e-05  1.6583e-03  6.4234e-03  1.0789e-03  0:02:33   18

 turbulent viscosity limited to viscosity ratio of 1.000000e+05 in 890 cells 

 Reversed flow on 509 faces of pressure-outlet 7.
   783  4.3792e-01  5.3827e-05  6.1443e-05  5.3043e-05  1.6509e-03  6.3524e-03  1.0779e-03  0:02:22   17

 turbulent viscosity limited to viscosity ratio of 1.000000e+05 in 890 cells 

 Reversed flow on 507 faces of pressure-outlet 7.
   784  4.3655e-01  5.3609e-05  6.1172e-05  5.2903e-05  1.6462e-03  6.7197e-03  1.0770e-03  0:02:13   16

 turbulent viscosity limited to viscosity ratio of 1.000000e+05 in 888 cells 

 Reversed flow on 504 faces of pressure-outlet 7.
   785  4.3531e-01  5.3391e-05  6.0912e-05  5.2781e-05  1.6399e-03  6.6501e-03  1.0761e-03  0:02:07   15

 turbulent viscosity limited to viscosity ratio of 1.000000e+05 in 886 cells 

 Reversed flow on 511 faces of pressure-outlet 7.

  iter  continuity  x-velocity  y-velocity  z-velocity           k     epsilon  vf-phase-2     time/iter
   786  4.3420e-01  5.3180e-05  6.0667e-05  5.2653e-05  1.6341e-03  6.4078e-03  1.0753e-03  0:01:57   14

 turbulent viscosity limited to viscosity ratio of 1.000000e+05 in 886 cells 

 Reversed flow on 516 faces of pressure-outlet 7.
   787  4.3306e-01  5.2969e-05  6.0401e-05  5.2513e-05  1.6257e-03  6.3199e-03  1.0744e-03  0:01:48   13

 turbulent viscosity limited to viscosity ratio of 1.000000e+05 in 886 cells 

 Reversed flow on 506 faces of pressure-outlet 7.
   788  4.3185e-01  5.2746e-05  6.0124e-05  5.2360e-05  1.6239e-03  9.0441e-03  1.0735e-03  0:01:41   12

 turbulent viscosity limited to viscosity ratio of 1.000000e+05 in 886 cells 

 Reversed flow on 516 faces of pressure-outlet 7.
   789  4.3025e-01  5.2552e-05  5.9863e-05  5.2210e-05  1.6195e-03  8.2148e-03  1.0724e-03  0:01:32   11

 turbulent viscosity limited to viscosity ratio of 1.000000e+05 in 886 cells 

 Reversed flow on 534 faces of pressure-outlet 7.
   790  4.2886e-01  5.2342e-05  5.9593e-05  5.2041e-05  1.6093e-03  7.0482e-03  1.0714e-03  0:01:23   10

 turbulent viscosity limited to viscosity ratio of 1.000000e+05 in 887 cells 

 Reversed flow on 534 faces of pressure-outlet 7.
   791  4.2704e-01  5.2126e-05  5.9313e-05  5.1881e-05  1.6030e-03  7.5068e-03  1.0703e-03  0:01:14    9

 turbulent viscosity limited to viscosity ratio of 1.000000e+05 in 887 cells 

 Reversed flow on 544 faces of pressure-outlet 7.
   792  4.2520e-01  5.1920e-05  5.9051e-05  5.1721e-05  1.5991e-03  7.5301e-03  1.0691e-03  0:01:07    8

 turbulent viscosity limited to viscosity ratio of 1.000000e+05 in 887 cells 

 Reversed flow on 537 faces of pressure-outlet 7.
   793  4.2395e-01  5.1702e-05  5.8786e-05  5.1541e-05  1.5893e-03  6.3764e-03  1.0679e-03  0:00:58    7

 turbulent viscosity limited to viscosity ratio of 1.000000e+05 in 886 cells 

 Reversed flow on 532 faces of pressure-outlet 7.
   794  4.2221e-01  5.1508e-05  5.8525e-05  5.1348e-05  1.5818e-03  6.1987e-03  1.0666e-03  0:00:49    6

 turbulent viscosity limited to viscosity ratio of 1.000000e+05 in 885 cells 

 Reversed flow on 529 faces of pressure-outlet 7.
   795  4.2112e-01  5.1308e-05  5.8271e-05  5.1169e-05  1.5793e-03  7.1272e-03  1.0654e-03  0:00:42    5

 turbulent viscosity limited to viscosity ratio of 1.000000e+05 in 883 cells 

 Reversed flow on 532 faces of pressure-outlet 7.
   796  4.1973e-01  5.1115e-05  5.8013e-05  5.0970e-05  1.5716e-03  6.8261e-03  1.0641e-03  0:00:33    4

 turbulent viscosity limited to viscosity ratio of 1.000000e+05 in 881 cells 

 Reversed flow on 534 faces of pressure-outlet 7.

  iter  continuity  x-velocity  y-velocity  z-velocity           k     epsilon  vf-phase-2     time/iter
   797  4.1808e-01  5.0916e-05  5.7755e-05  5.0756e-05  1.5653e-03  6.7912e-03  1.0627e-03  0:00:25    3

 turbulent viscosity limited to viscosity ratio of 1.000000e+05 in 880 cells 

 Reversed flow on 540 faces of pressure-outlet 7.
   798  4.1616e-01  5.0742e-05  5.7497e-05  5.0553e-05  1.5586e-03  6.3366e-03  1.0613e-03  0:00:17    2

 turbulent viscosity limited to viscosity ratio of 1.000000e+05 in 880 cells 

 Reversed flow on 543 faces of pressure-outlet 7.
   799  4.1480e-01  5.0568e-05  5.7232e-05  5.0350e-05  1.5514e-03  6.4250e-03  1.0600e-03  0:00:08    1

 turbulent viscosity limited to viscosity ratio of 1.000000e+05 in 880 cells 

 Reversed flow on 538 faces of pressure-outlet 7.
   800  4.1346e-01  5.0381e-05  5.6974e-05  5.0141e-05  1.5457e-03  6.5657e-03  1.0587e-03  0:00:00    0
iterate_425: RPC returned
progress: 425/1125

  iter  continuity  x-velocity  y-velocity  z-velocity           k     epsilon  vf-phase-2     time/iter
   800  4.1346e-01  5.0381e-05  5.6974e-05  5.0141e-05  1.5457e-03  6.5657e-03  1.0587e-03  0:03:26   25

 turbulent viscosity limited to viscosity ratio of 1.000000e+05 in 880 cells 

 Reversed flow on 542 faces of pressure-outlet 7.
   801  4.1223e-01  5.0210e-05  5.6741e-05  4.9956e-05  1.5382e-03  6.0417e-03  1.0573e-03  0:03:22   24

 turbulent viscosity limited to viscosity ratio of 1.000000e+05 in 877 cells 

 Reversed flow on 548 faces of pressure-outlet 7.
   802  4.1117e-01  5.0045e-05  5.6500e-05  4.9751e-05  1.5391e-03  9.5282e-03  1.0558e-03  0:03:11   23

 turbulent viscosity limited to viscosity ratio of 1.000000e+05 in 875 cells 

 Reversed flow on 552 faces of pressure-outlet 7.
   803  4.0995e-01  4.9877e-05  5.6250e-05  4.9561e-05  1.5341e-03  8.7701e-03  1.0544e-03  0:03:02   22

 turbulent viscosity limited to viscosity ratio of 1.000000e+05 in 875 cells 

 Reversed flow on 556 faces of pressure-outlet 7.
   804  4.0880e-01  4.9720e-05  5.6010e-05  4.9357e-05  1.5238e-03  7.4065e-03  1.0530e-03  0:02:57   21

 turbulent viscosity limited to viscosity ratio of 1.000000e+05 in 875 cells 

 Reversed flow on 551 faces of pressure-outlet 7.
   805  4.0727e-01  4.9550e-05  5.5756e-05  4.9165e-05  1.5185e-03  7.3555e-03  1.0516e-03  0:02:47   20

 turbulent viscosity limited to viscosity ratio of 1.000000e+05 in 875 cells 

 Reversed flow on 544 faces of pressure-outlet 7.
   806  4.0609e-01  4.9368e-05  5.5510e-05  4.8957e-05  1.5115e-03  7.3246e-03  1.0503e-03  0:02:37   19

 turbulent viscosity limited to viscosity ratio of 1.000000e+05 in 874 cells 

 Reversed flow on 544 faces of pressure-outlet 7.
   807  4.0514e-01  4.9189e-05  5.5269e-05  4.8754e-05  1.5076e-03  7.2535e-03  1.0491e-03  0:02:31   18

 turbulent viscosity limited to viscosity ratio of 1.000000e+05 in 874 cells 

 Reversed flow on 563 faces of pressure-outlet 7.
   808  4.0428e-01  4.9017e-05  5.5049e-05  4.8573e-05  1.5021e-03  7.4177e-03  1.0480e-03  0:02:22   17

 turbulent viscosity limited to viscosity ratio of 1.000000e+05 in 874 cells 

 Reversed flow on 560 faces of pressure-outlet 7.
   809  4.0354e-01  4.8835e-05  5.4809e-05  4.8382e-05  1.4964e-03  7.3892e-03  1.0469e-03  0:02:12   16

 turbulent viscosity limited to viscosity ratio of 1.000000e+05 in 874 cells 

 Reversed flow on 560 faces of pressure-outlet 7.
   810  4.0260e-01  4.8648e-05  5.4590e-05  4.8188e-05  1.4929e-03  7.7625e-03  1.0459e-03  0:02:06   15

 turbulent viscosity limited to viscosity ratio of 1.000000e+05 in 874 cells 

 Reversed flow on 561 faces of pressure-outlet 7.

  iter  continuity  x-velocity  y-velocity  z-velocity           k     epsilon  vf-phase-2     time/iter
   811  4.0157e-01  4.8448e-05  5.4367e-05  4.7985e-05  1.4858e-03  7.1992e-03  1.0450e-03  0:01:57   14

 turbulent viscosity limited to viscosity ratio of 1.000000e+05 in 874 cells 

 Reversed flow on 559 faces of pressure-outlet 7.
   812  4.0050e-01  4.8261e-05  5.4142e-05  4.7788e-05  1.4793e-03  6.8337e-03  1.0441e-03  0:01:47   13

 turbulent viscosity limited to viscosity ratio of 1.000000e+05 in 873 cells 

 Reversed flow on 564 faces of pressure-outlet 7.
   813  3.9919e-01  4.8065e-05  5.3936e-05  4.7599e-05  1.4734e-03  6.2809e-03  1.0434e-03  0:01:39   12

 turbulent viscosity limited to viscosity ratio of 1.000000e+05 in 873 cells 

 Reversed flow on 567 faces of pressure-outlet 7.
   814  3.9838e-01  4.7881e-05  5.3709e-05  4.7410e-05  1.4665e-03  5.7540e-03  1.0427e-03  0:01:32   11

 turbulent viscosity limited to viscosity ratio of 1.000000e+05 in 872 cells 

 Reversed flow on 560 faces of pressure-outlet 7.
   815  3.9740e-01  4.7693e-05  5.3512e-05  4.7217e-05  1.4648e-03  7.0585e-03  1.0420e-03  0:01:23   10

 turbulent viscosity limited to viscosity ratio of 1.000000e+05 in 872 cells 

 Reversed flow on 568 faces of pressure-outlet 7.
   816  3.9651e-01  4.7497e-05  5.3321e-05  4.7027e-05  1.4596e-03  6.5855e-03  1.0415e-03  0:01:14    9

 turbulent viscosity limited to viscosity ratio of 1.000000e+05 in 872 cells 

 Reversed flow on 563 faces of pressure-outlet 7.
   817  3.9582e-01  4.7301e-05  5.3133e-05  4.6837e-05  1.4570e-03  7.5499e-03  1.0411e-03  0:01:07    8

 turbulent viscosity limited to viscosity ratio of 1.000000e+05 in 873 cells 

 Reversed flow on 576 faces of pressure-outlet 7.
   818  3.9452e-01  4.7123e-05  5.2943e-05  4.6633e-05  1.4568e-03  1.0798e-02  1.0406e-03  0:00:58    7

 turbulent viscosity limited to viscosity ratio of 1.000000e+05 in 873 cells 

 Reversed flow on 584 faces of pressure-outlet 7.
   819  3.9345e-01  4.6923e-05  5.2758e-05  4.6457e-05  1.4535e-03  8.2227e-03  1.0403e-03  0:00:49    6

 turbulent viscosity limited to viscosity ratio of 1.000000e+05 in 872 cells 

 Reversed flow on 578 faces of pressure-outlet 7.
   820  3.9234e-01  4.6722e-05  5.2571e-05  4.6274e-05  1.4457e-03  7.3346e-03  1.0400e-03  0:00:42    5

 turbulent viscosity limited to viscosity ratio of 1.000000e+05 in 871 cells 

 Reversed flow on 586 faces of pressure-outlet 7.
   821  3.9139e-01  4.6521e-05  5.2402e-05  4.6087e-05  1.4444e-03  7.5561e-03  1.0399e-03  0:00:33    4

 turbulent viscosity limited to viscosity ratio of 1.000000e+05 in 871 cells 

 Reversed flow on 577 faces of pressure-outlet 7.

  iter  continuity  x-velocity  y-velocity  z-velocity           k     epsilon  vf-phase-2     time/iter
   822  3.9067e-01  4.6350e-05  5.2232e-05  4.5924e-05  1.4374e-03  7.1191e-03  1.0397e-03  0:00:25    3

 turbulent viscosity limited to viscosity ratio of 1.000000e+05 in 871 cells 

 Reversed flow on 586 faces of pressure-outlet 7.
   823  3.9031e-01  4.6181e-05  5.2076e-05  4.5759e-05  1.4360e-03  7.7053e-03  1.0396e-03  0:00:17    2

 turbulent viscosity limited to viscosity ratio of 1.000000e+05 in 871 cells 

 Reversed flow on 590 faces of pressure-outlet 7.
   824  3.8947e-01  4.6028e-05  5.1911e-05  4.5604e-05  1.4372e-03  8.4785e-03  1.0397e-03  0:00:08    1

 turbulent viscosity limited to viscosity ratio of 1.000000e+05 in 870 cells 

 Reversed flow on 602 faces of pressure-outlet 7.
   825  3.8861e-01  4.5862e-05  5.1758e-05  4.5449e-05  1.4307e-03  7.7564e-03  1.0398e-03  0:00:00    0
iterate_450: RPC returned
progress: 450/1125

  iter  continuity  x-velocity  y-velocity  z-velocity           k     epsilon  vf-phase-2     time/iter
   825  3.8861e-01  4.5862e-05  5.1758e-05  4.5449e-05  1.4307e-03  7.7564e-03  1.0398e-03  0:03:26   25

 turbulent viscosity limited to viscosity ratio of 1.000000e+05 in 870 cells 

 Reversed flow on 593 faces of pressure-outlet 7.
   826  3.8783e-01  4.5693e-05  5.1602e-05  4.5299e-05  1.4273e-03  7.8565e-03  1.0399e-03  0:03:22   24

 turbulent viscosity limited to viscosity ratio of 1.000000e+05 in 869 cells 

 Reversed flow on 593 faces of pressure-outlet 7.
   827  3.8724e-01  4.5520e-05  5.1464e-05  4.5165e-05  1.4209e-03  6.5178e-03  1.0402e-03  0:03:16   23

 turbulent viscosity limited to viscosity ratio of 1.000000e+05 in 869 cells 

 Reversed flow on 596 faces of pressure-outlet 7.
   828  3.8628e-01  4.5364e-05  5.1321e-05  4.5028e-05  1.4163e-03  6.0531e-03  1.0404e-03  0:03:05   22

 turbulent viscosity limited to viscosity ratio of 1.000000e+05 in 869 cells 

 Reversed flow on 592 faces of pressure-outlet 7.
   829  3.8549e-01  4.5211e-05  5.1187e-05  4.4896e-05  1.4127e-03  5.8141e-03  1.0407e-03  0:02:55   21

 turbulent viscosity limited to viscosity ratio of 1.000000e+05 in 870 cells 

 Reversed flow on 583 faces of pressure-outlet 7.
   830  3.8454e-01  4.5051e-05  5.1066e-05  4.4767e-05  1.4085e-03  5.8939e-03  1.0411e-03  0:02:49   20

 turbulent viscosity limited to viscosity ratio of 1.000000e+05 in 871 cells 

 Reversed flow on 593 faces of pressure-outlet 7.
   831  3.8421e-01  4.4912e-05  5.0951e-05  4.4662e-05  1.4074e-03  6.4246e-03  1.0415e-03  0:02:39   19

 turbulent viscosity limited to viscosity ratio of 1.000000e+05 in 871 cells 

 Reversed flow on 605 faces of pressure-outlet 7.
   832  3.8352e-01  4.4777e-05  5.0841e-05  4.4572e-05  1.4047e-03  7.0002e-03  1.0420e-03  0:02:33   18

 turbulent viscosity limited to viscosity ratio of 1.000000e+05 in 871 cells 

 Reversed flow on 604 faces of pressure-outlet 7.
   833  3.8318e-01  4.4634e-05  5.0744e-05  4.4470e-05  1.4009e-03  6.5554e-03  1.0424e-03  0:02:23   17

 turbulent viscosity limited to viscosity ratio of 1.000000e+05 in 871 cells 

 Reversed flow on 600 faces of pressure-outlet 7.
   834  3.8218e-01  4.4481e-05  5.0659e-05  4.4362e-05  1.3977e-03  6.4455e-03  1.0429e-03  0:02:13   16

 turbulent viscosity limited to viscosity ratio of 1.000000e+05 in 871 cells 

 Reversed flow on 597 faces of pressure-outlet 7.
   835  3.8127e-01  4.4334e-05  5.0596e-05  4.4273e-05  1.3912e-03  5.9165e-03  1.0434e-03  0:02:07   15

 turbulent viscosity limited to viscosity ratio of 1.000000e+05 in 870 cells 

 Reversed flow on 607 faces of pressure-outlet 7.

  iter  continuity  x-velocity  y-velocity  z-velocity           k     epsilon  vf-phase-2     time/iter
   836  3.7995e-01  4.4184e-05  5.0513e-05  4.4208e-05  1.3872e-03  5.7497e-03  1.0440e-03  0:01:57   14

 turbulent viscosity limited to viscosity ratio of 1.000000e+05 in 868 cells 

 Reversed flow on 612 faces of pressure-outlet 7.
   837  3.7913e-01  4.4029e-05  5.0448e-05  4.4124e-05  1.3822e-03  5.2685e-03  1.0445e-03  0:01:48   13

 turbulent viscosity limited to viscosity ratio of 1.000000e+05 in 868 cells 

 Reversed flow on 608 faces of pressure-outlet 7.
   838  3.7798e-01  4.3884e-05  5.0377e-05  4.4063e-05  1.3780e-03  5.1673e-03  1.0452e-03  0:01:41   12

 turbulent viscosity limited to viscosity ratio of 1.000000e+05 in 868 cells 

 Reversed flow on 602 faces of pressure-outlet 7.
   839  3.7727e-01  4.3726e-05  5.0320e-05  4.3999e-05  1.3748e-03  5.3067e-03  1.0458e-03  0:01:32   11

 turbulent viscosity limited to viscosity ratio of 1.000000e+05 in 868 cells 

 Reversed flow on 606 faces of pressure-outlet 7.
   840  3.7605e-01  4.3573e-05  5.0262e-05  4.3923e-05  1.3730e-03  5.9755e-03  1.0465e-03  0:01:23   10

 turbulent viscosity limited to viscosity ratio of 1.000000e+05 in 868 cells 

 Reversed flow on 619 faces of pressure-outlet 7.
   841  3.7548e-01  4.3444e-05  5.0232e-05  4.3857e-05  1.3693e-03  5.6241e-03  1.0473e-03  0:01:14    9

 turbulent viscosity limited to viscosity ratio of 1.000000e+05 in 867 cells 

 Reversed flow on 612 faces of pressure-outlet 7.
   842  3.7448e-01  4.3304e-05  5.0186e-05  4.3794e-05  1.3646e-03  5.6047e-03  1.0482e-03  0:01:07    8

 turbulent viscosity limited to viscosity ratio of 1.000000e+05 in 867 cells 

 Reversed flow on 615 faces of pressure-outlet 7.
   843  3.7421e-01  4.3167e-05  5.0166e-05  4.3728e-05  1.3633e-03  5.7503e-03  1.0490e-03  0:00:58    7

 turbulent viscosity limited to viscosity ratio of 1.000000e+05 in 867 cells 

 Reversed flow on 607 faces of pressure-outlet 7.
   844  3.7364e-01  4.3065e-05  5.0158e-05  4.3669e-05  1.3588e-03  5.2281e-03  1.0498e-03  0:00:49    6

 turbulent viscosity limited to viscosity ratio of 1.000000e+05 in 867 cells 

 Reversed flow on 615 faces of pressure-outlet 7.
   845  3.7298e-01  4.2950e-05  5.0152e-05  4.3613e-05  1.3567e-03  7.9647e-03  1.0506e-03  0:00:42    5

 turbulent viscosity limited to viscosity ratio of 1.000000e+05 in 867 cells 

 Reversed flow on 624 faces of pressure-outlet 7.
   846  3.7187e-01  4.2841e-05  5.0134e-05  4.3545e-05  1.3526e-03  5.9603e-03  1.0515e-03  0:00:33    4

 turbulent viscosity limited to viscosity ratio of 1.000000e+05 in 867 cells 

 Reversed flow on 615 faces of pressure-outlet 7.

  iter  continuity  x-velocity  y-velocity  z-velocity           k     epsilon  vf-phase-2     time/iter
   847  3.7094e-01  4.2742e-05  5.0131e-05  4.3477e-05  1.3492e-03  6.1194e-03  1.0523e-03  0:00:25    3

 turbulent viscosity limited to viscosity ratio of 1.000000e+05 in 867 cells 

 Reversed flow on 621 faces of pressure-outlet 7.
   848  3.7003e-01  4.2656e-05  5.0117e-05  4.3407e-05  1.3458e-03  5.6088e-03  1.0532e-03  0:00:17    2

 turbulent viscosity limited to viscosity ratio of 1.000000e+05 in 867 cells 

 Reversed flow on 630 faces of pressure-outlet 7.
   849  3.6866e-01  4.2565e-05  5.0098e-05  4.3336e-05  1.3405e-03  5.3322e-03  1.0541e-03  0:00:08    1

 turbulent viscosity limited to viscosity ratio of 1.000000e+05 in 867 cells 

 Reversed flow on 636 faces of pressure-outlet 7.
   850  3.6786e-01  4.2507e-05  5.0094e-05  4.3260e-05  1.3368e-03  5.2780e-03  1.0550e-03  0:00:00    0
iterate_475: RPC returned
progress: 475/1125

  iter  continuity  x-velocity  y-velocity  z-velocity           k     epsilon  vf-phase-2     time/iter
   850  3.6786e-01  4.2507e-05  5.0094e-05  4.3260e-05  1.3368e-03  5.2780e-03  1.0550e-03  0:03:26   25

 turbulent viscosity limited to viscosity ratio of 1.000000e+05 in 867 cells 

 Reversed flow on 634 faces of pressure-outlet 7.
   851  3.6667e-01  4.2428e-05  5.0080e-05  4.3181e-05  1.3345e-03  5.4356e-03  1.0560e-03  0:03:17   24

 turbulent viscosity limited to viscosity ratio of 1.000000e+05 in 867 cells 

 Reversed flow on 635 faces of pressure-outlet 7.
   852  3.6609e-01  4.2378e-05  5.0060e-05  4.3108e-05  1.3315e-03  5.1326e-03  1.0570e-03  0:03:12   23

 turbulent viscosity limited to viscosity ratio of 1.000000e+05 in 866 cells 

 Reversed flow on 632 faces of pressure-outlet 7.
   853  3.6535e-01  4.2329e-05  5.0045e-05  4.3027e-05  1.3278e-03  5.4143e-03  1.0580e-03  0:03:02   22

 turbulent viscosity limited to viscosity ratio of 1.000000e+05 in 865 cells 

 Reversed flow on 628 faces of pressure-outlet 7.
   854  3.6455e-01  4.2285e-05  5.0022e-05  4.2949e-05  1.3255e-03  5.2308e-03  1.0590e-03  0:02:53   21

 turbulent viscosity limited to viscosity ratio of 1.000000e+05 in 865 cells 

 Reversed flow on 641 faces of pressure-outlet 7.
   855  3.6333e-01  4.2236e-05  5.0008e-05  4.2879e-05  1.3217e-03  5.1629e-03  1.0600e-03  0:02:48   20

 turbulent viscosity limited to viscosity ratio of 1.000000e+05 in 864 cells 

 Reversed flow on 630 faces of pressure-outlet 7.
   856  3.6194e-01  4.2191e-05  4.9992e-05  4.2788e-05  1.3172e-03  5.5309e-03  1.0611e-03  0:02:38   19

 turbulent viscosity limited to viscosity ratio of 1.000000e+05 in 864 cells 

 Reversed flow on 636 faces of pressure-outlet 7.
   857  3.6095e-01  4.2162e-05  4.9975e-05  4.2711e-05  1.3151e-03  5.5857e-03  1.0623e-03  0:02:28   18

 turbulent viscosity limited to viscosity ratio of 1.000000e+05 in 864 cells 

 Reversed flow on 635 faces of pressure-outlet 7.
   858  3.5991e-01  4.2134e-05  4.9953e-05  4.2647e-05  1.3156e-03  5.9568e-03  1.0634e-03  0:02:23   17

 turbulent viscosity limited to viscosity ratio of 1.000000e+05 in 864 cells 

 Reversed flow on 637 faces of pressure-outlet 7.
   859  3.5908e-01  4.2128e-05  4.9918e-05  4.2589e-05  1.3101e-03  6.0143e-03  1.0645e-03  0:02:13   16

 turbulent viscosity limited to viscosity ratio of 1.000000e+05 in 864 cells 

 Reversed flow on 645 faces of pressure-outlet 7.
   860  3.5823e-01  4.2094e-05  4.9898e-05  4.2516e-05  1.3082e-03  6.2750e-03  1.0657e-03  0:02:04   15

 turbulent viscosity limited to viscosity ratio of 1.000000e+05 in 863 cells 

 Reversed flow on 639 faces of pressure-outlet 7.

  iter  continuity  x-velocity  y-velocity  z-velocity           k     epsilon  vf-phase-2     time/iter
   861  3.5716e-01  4.2078e-05  4.9882e-05  4.2450e-05  1.3045e-03  5.7598e-03  1.0669e-03  0:01:58   14

 turbulent viscosity limited to viscosity ratio of 1.000000e+05 in 862 cells 

 Reversed flow on 636 faces of pressure-outlet 7.
   862  3.5626e-01  4.2078e-05  4.9863e-05  4.2398e-05  1.3013e-03  5.7112e-03  1.0682e-03  0:01:48   13

 turbulent viscosity limited to viscosity ratio of 1.000000e+05 in 861 cells 

 Reversed flow on 634 faces of pressure-outlet 7.
   863  3.5543e-01  4.2063e-05  4.9826e-05  4.2329e-05  1.2991e-03  6.1951e-03  1.0694e-03  0:01:39   12

 turbulent viscosity limited to viscosity ratio of 1.000000e+05 in 860 cells 

 Reversed flow on 634 faces of pressure-outlet 7.
   864  3.5466e-01  4.2044e-05  4.9812e-05  4.2258e-05  1.2950e-03  5.7967e-03  1.0707e-03  0:01:32   11

 turbulent viscosity limited to viscosity ratio of 1.000000e+05 in 860 cells 

 Reversed flow on 649 faces of pressure-outlet 7.
   865  3.5398e-01  4.2037e-05  4.9793e-05  4.2200e-05  1.2921e-03  7.3172e-03  1.0719e-03  0:01:23   10

 turbulent viscosity limited to viscosity ratio of 1.000000e+05 in 860 cells 

 Reversed flow on 644 faces of pressure-outlet 7.
   866  3.5309e-01  4.2021e-05  4.9792e-05  4.2162e-05  1.2895e-03  6.8057e-03  1.0732e-03  0:01:14    9

 turbulent viscosity limited to viscosity ratio of 1.000000e+05 in 860 cells 

 Reversed flow on 643 faces of pressure-outlet 7.
   867  3.5264e-01  4.2032e-05  4.9781e-05  4.2110e-05  1.2873e-03  7.2321e-03  1.0745e-03  0:01:07    8

 turbulent viscosity limited to viscosity ratio of 1.000000e+05 in 860 cells 

 Reversed flow on 643 faces of pressure-outlet 7.
   868  3.5180e-01  4.2027e-05  4.9779e-05  4.2064e-05  1.2829e-03  5.7979e-03  1.0758e-03  0:00:58    7

 turbulent viscosity limited to viscosity ratio of 1.000000e+05 in 861 cells 

 Reversed flow on 651 faces of pressure-outlet 7.
   869  3.5098e-01  4.2024e-05  4.9781e-05  4.2013e-05  1.2810e-03  6.4329e-03  1.0772e-03  0:00:50    6

 turbulent viscosity limited to viscosity ratio of 1.000000e+05 in 861 cells 

 Reversed flow on 645 faces of pressure-outlet 7.
   870  3.5036e-01  4.2053e-05  4.9794e-05  4.1982e-05  1.2766e-03  6.2168e-03  1.0785e-03  0:00:42    5

 turbulent viscosity limited to viscosity ratio of 1.000000e+05 in 860 cells 

 Reversed flow on 643 faces of pressure-outlet 7.
   871  3.4966e-01  4.2050e-05  4.9786e-05  4.1958e-05  1.2738e-03  6.1813e-03  1.0798e-03  0:00:33    4

 turbulent viscosity limited to viscosity ratio of 1.000000e+05 in 860 cells 

 Reversed flow on 640 faces of pressure-outlet 7.

  iter  continuity  x-velocity  y-velocity  z-velocity           k     epsilon  vf-phase-2     time/iter
   872  3.4898e-01  4.2052e-05  4.9778e-05  4.1923e-05  1.2712e-03  5.7376e-03  1.0811e-03  0:00:25    3

 turbulent viscosity limited to viscosity ratio of 1.000000e+05 in 860 cells 

 Reversed flow on 641 faces of pressure-outlet 7.
   873  3.4856e-01  4.2059e-05  4.9789e-05  4.1908e-05  1.2682e-03  5.4093e-03  1.0825e-03  0:00:17    2

 turbulent viscosity limited to viscosity ratio of 1.000000e+05 in 860 cells 

 Reversed flow on 642 faces of pressure-outlet 7.
   874  3.4843e-01  4.2079e-05  4.9814e-05  4.1890e-05  1.2622e-03  4.9679e-03  1.0838e-03  0:00:08    1

 turbulent viscosity limited to viscosity ratio of 1.000000e+05 in 860 cells 

 Reversed flow on 639 faces of pressure-outlet 7.
   875  3.4839e-01  4.2099e-05  4.9848e-05  4.1862e-05  1.2633e-03  5.7359e-03  1.0853e-03  0:00:00    0
iterate_500: RPC returned
progress: 500/1125

=== autosave_500 ===

Writing to EN439159:"C:\Users\qtra338\Documents\enthalpy_sweep_verified_20260721_v2\case_3_1520_1500iter_recovered_from_375_autosave_iter500.cas.h5" in NODE0 mode and compression level 1 ...
Grouping cells for Laplace smoothing ...
     5578299 cells,     1 zone  ...
    11355491 faces,     5 zones ...
     1026091 nodes,     1 zone  ...
  Done.
Done.
write_case_autosave_500: OK

Writing to EN439159:"C:\Users\qtra338\Documents\enthalpy_sweep_verified_20260721_v2\case_3_1520_1500iter_recovered_from_375_autosave_iter500.dat.h5" in NODE0 mode and compression level 1 ...
  Writing results.
Done.
write_data_autosave_500: OK
saved_pair_autosave_500: VERIFIED

  iter  continuity  x-velocity  y-velocity  z-velocity           k     epsilon  vf-phase-2     time/iter
   875  3.4839e-01  4.2099e-05  4.9848e-05  4.1862e-05  1.2633e-03  5.7359e-03  1.0853e-03  0:03:27   25

 turbulent viscosity limited to viscosity ratio of 1.000000e+05 in 860 cells 

 Reversed flow on 646 faces of pressure-outlet 7.
   876  3.4800e-01  4.2121e-05  4.9890e-05  4.1857e-05  1.2604e-03  5.3793e-03  1.0868e-03  0:03:22   24

 turbulent viscosity limited to viscosity ratio of 1.000000e+05 in 860 cells 

 Reversed flow on 648 faces of pressure-outlet 7.
   877  3.4775e-01  4.2141e-05  4.9927e-05  4.1839e-05  1.2593e-03  5.7146e-03  1.0882e-03  0:03:12   23

 turbulent viscosity limited to viscosity ratio of 1.000000e+05 in 860 cells 

 Reversed flow on 648 faces of pressure-outlet 7.
   878  3.4728e-01  4.2163e-05  4.9971e-05  4.1825e-05  1.2559e-03  5.0992e-03  1.0897e-03  0:03:02   22

 turbulent viscosity limited to viscosity ratio of 1.000000e+05 in 860 cells 

 Reversed flow on 645 faces of pressure-outlet 7.
   879  3.4736e-01  4.2184e-05  5.0028e-05  4.1796e-05  1.2544e-03  4.8398e-03  1.0912e-03  0:02:57   21

 turbulent viscosity limited to viscosity ratio of 1.000000e+05 in 860 cells 

 Reversed flow on 645 faces of pressure-outlet 7.
   880  3.4724e-01  4.2224e-05  5.0073e-05  4.1783e-05  1.2535e-03  5.2050e-03  1.0927e-03  0:02:47   20

 turbulent viscosity limited to viscosity ratio of 1.000000e+05 in 860 cells 

 Reversed flow on 643 faces of pressure-outlet 7.
   881  3.4760e-01  4.2270e-05  5.0132e-05  4.1765e-05  1.2526e-03  4.8178e-03  1.0942e-03  0:02:37   19

 turbulent viscosity limited to viscosity ratio of 1.000000e+05 in 859 cells 

 Reversed flow on 637 faces of pressure-outlet 7.
   882  3.4771e-01  4.2302e-05  5.0189e-05  4.1748e-05  1.2538e-03  5.3543e-03  1.0956e-03  0:02:31   18

 turbulent viscosity limited to viscosity ratio of 1.000000e+05 in 860 cells 

 Reversed flow on 636 faces of pressure-outlet 7.
   883  3.4793e-01  4.2359e-05  5.0253e-05  4.1731e-05  1.2548e-03  5.5036e-03  1.0971e-03  0:02:22   17

 turbulent viscosity limited to viscosity ratio of 1.000000e+05 in 860 cells 

 Reversed flow on 632 faces of pressure-outlet 7.
   884  3.4856e-01  4.2403e-05  5.0316e-05  4.1725e-05  1.2544e-03  5.5094e-03  1.0986e-03  0:02:12   16

 turbulent viscosity limited to viscosity ratio of 1.000000e+05 in 860 cells 

 Reversed flow on 643 faces of pressure-outlet 7.
   885  3.4886e-01  4.2470e-05  5.0378e-05  4.1727e-05  1.2550e-03  5.2845e-03  1.1001e-03  0:02:06   15

 turbulent viscosity limited to viscosity ratio of 1.000000e+05 in 859 cells 

 Reversed flow on 637 faces of pressure-outlet 7.

  iter  continuity  x-velocity  y-velocity  z-velocity           k     epsilon  vf-phase-2     time/iter
   886  3.4931e-01  4.2516e-05  5.0432e-05  4.1728e-05  1.2561e-03  5.0707e-03  1.1016e-03  0:01:57   14

 turbulent viscosity limited to viscosity ratio of 1.000000e+05 in 859 cells 

 Reversed flow on 634 faces of pressure-outlet 7.
   887  3.4974e-01  4.2558e-05  5.0489e-05  4.1735e-05  1.2562e-03  5.0498e-03  1.1029e-03  0:01:47   13

 turbulent viscosity limited to viscosity ratio of 1.000000e+05 in 858 cells 

 Reversed flow on 638 faces of pressure-outlet 7.
   888  3.5031e-01  4.2602e-05  5.0533e-05  4.1749e-05  1.2576e-03  4.9768e-03  1.1042e-03  0:01:39   12

 turbulent viscosity limited to viscosity ratio of 1.000000e+05 in 860 cells 

 Reversed flow on 648 faces of pressure-outlet 7.
   889  3.5118e-01  4.2657e-05  5.0605e-05  4.1768e-05  1.2600e-03  4.9075e-03  1.1054e-03  0:01:32   11

 turbulent viscosity limited to viscosity ratio of 1.000000e+05 in 860 cells 

 Reversed flow on 643 faces of pressure-outlet 7.
   890  3.5165e-01  4.2703e-05  5.0664e-05  4.1790e-05  1.2622e-03  4.6671e-03  1.1068e-03  0:01:23   10

 turbulent viscosity limited to viscosity ratio of 1.000000e+05 in 860 cells 

 Reversed flow on 637 faces of pressure-outlet 7.
   891  3.5200e-01  4.2766e-05  5.0718e-05  4.1800e-05  1.2658e-03  4.9217e-03  1.1082e-03  0:01:14    9

 turbulent viscosity limited to viscosity ratio of 1.000000e+05 in 860 cells 

 Reversed flow on 636 faces of pressure-outlet 7.
   892  3.5225e-01  4.2819e-05  5.0763e-05  4.1799e-05  1.2702e-03  5.2928e-03  1.1095e-03  0:01:07    8

 turbulent viscosity limited to viscosity ratio of 1.000000e+05 in 860 cells 

 Reversed flow on 639 faces of pressure-outlet 7.
   893  3.5285e-01  4.2887e-05  5.0815e-05  4.1837e-05  1.2747e-03  5.3796e-03  1.1110e-03  0:00:58    7

 turbulent viscosity limited to viscosity ratio of 1.000000e+05 in 860 cells 

 Reversed flow on 634 faces of pressure-outlet 7.
   894  3.5331e-01  4.2928e-05  5.0845e-05  4.1843e-05  1.2786e-03  5.4130e-03  1.1124e-03  0:00:49    6

 turbulent viscosity limited to viscosity ratio of 1.000000e+05 in 860 cells 

 Reversed flow on 643 faces of pressure-outlet 7.
   895  3.5353e-01  4.2979e-05  5.0858e-05  4.1866e-05  1.2801e-03  5.1215e-03  1.1139e-03  0:00:42    5

 turbulent viscosity limited to viscosity ratio of 1.000000e+05 in 860 cells 

 Reversed flow on 649 faces of pressure-outlet 7.
   896  3.5356e-01  4.3020e-05  5.0875e-05  4.1879e-05  1.2830e-03  4.8963e-03  1.1153e-03  0:00:33    4

 turbulent viscosity limited to viscosity ratio of 1.000000e+05 in 860 cells 

 Reversed flow on 649 faces of pressure-outlet 7.

  iter  continuity  x-velocity  y-velocity  z-velocity           k     epsilon  vf-phase-2     time/iter
   897  3.5413e-01  4.3059e-05  5.0888e-05  4.1898e-05  1.2864e-03  5.0559e-03  1.1167e-03  0:00:25    3

 turbulent viscosity limited to viscosity ratio of 1.000000e+05 in 860 cells 

 Reversed flow on 645 faces of pressure-outlet 7.
   898  3.5449e-01  4.3098e-05  5.0902e-05  4.1928e-05  1.2904e-03  4.9917e-03  1.1181e-03  0:00:17    2

 turbulent viscosity limited to viscosity ratio of 1.000000e+05 in 860 cells 

 Reversed flow on 635 faces of pressure-outlet 7.
   899  3.5501e-01  4.3135e-05  5.0907e-05  4.1958e-05  1.2938e-03  4.9543e-03  1.1195e-03  0:00:08    1

iterate_525: RPC returned turbulent viscosity limited to viscosity ratio of 1.000000e+05 in 860 cells 

progress: 525/1125

 Reversed flow on 635 faces of pressure-outlet 7.
   900  3.5508e-01  4.3165e-05  5.0911e-05  4.1988e-05  1.2974e-03  4.7361e-03  1.1209e-03  0:00:00    0

  iter  continuity  x-velocity  y-velocity  z-velocity           k     epsilon  vf-phase-2     time/iter
   900  3.5508e-01  4.3165e-05  5.0911e-05  4.1988e-05  1.2974e-03  4.7361e-03  1.1209e-03  0:03:26   25

 turbulent viscosity limited to viscosity ratio of 1.000000e+05 in 860 cells 

 Reversed flow on 624 faces of pressure-outlet 7.
   901  3.5537e-01  4.3199e-05  5.0889e-05  4.2023e-05  1.3035e-03  5.4191e-03  1.1224e-03  0:03:21   24

 turbulent viscosity limited to viscosity ratio of 1.000000e+05 in 860 cells 

 Reversed flow on 631 faces of pressure-outlet 7.
   902  3.5553e-01  4.3226e-05  5.0880e-05  4.2044e-05  1.3074e-03  5.1480e-03  1.1239e-03  0:03:11   23

 turbulent viscosity limited to viscosity ratio of 1.000000e+05 in 860 cells 

 Reversed flow on 631 faces of pressure-outlet 7.
   903  3.5554e-01  4.3244e-05  5.0863e-05  4.2063e-05  1.3107e-03  5.4194e-03  1.1253e-03  0:03:01   22

 turbulent viscosity limited to viscosity ratio of 1.000000e+05 in 860 cells 

 Reversed flow on 624 faces of pressure-outlet 7.
   904  3.5588e-01  4.3247e-05  5.0849e-05  4.2095e-05  1.3173e-03  6.0660e-03  1.1267e-03  0:02:56   21

 turbulent viscosity limited to viscosity ratio of 1.000000e+05 in 859 cells 

 Reversed flow on 626 faces of pressure-outlet 7.
   905  3.5624e-01  4.3258e-05  5.0836e-05  4.2142e-05  1.3185e-03  5.6108e-03  1.1281e-03  0:02:46   20

 turbulent viscosity limited to viscosity ratio of 1.000000e+05 in 859 cells 

 Reversed flow on 626 faces of pressure-outlet 7.
   906  3.5642e-01  4.3257e-05  5.0808e-05  4.2178e-05  1.3216e-03  5.3767e-03  1.1294e-03  0:02:37   19

 turbulent viscosity limited to viscosity ratio of 1.000000e+05 in 859 cells 

 Reversed flow on 625 faces of pressure-outlet 7.
   907  3.5632e-01  4.3266e-05  5.0764e-05  4.2198e-05  1.3279e-03  5.8750e-03  1.1307e-03  0:02:28   18

 turbulent viscosity limited to viscosity ratio of 1.000000e+05 in 859 cells 

 Reversed flow on 620 faces of pressure-outlet 7.
   908  3.5637e-01  4.3269e-05  5.0720e-05  4.2234e-05  1.3303e-03  5.6984e-03  1.1323e-03  0:02:22   17

 turbulent viscosity limited to viscosity ratio of 1.000000e+05 in 858 cells 

 Reversed flow on 630 faces of pressure-outlet 7.
   909  3.5641e-01  4.3264e-05  5.0680e-05  4.2265e-05  1.3329e-03  5.7900e-03  1.1338e-03  0:02:13   16

 turbulent viscosity limited to viscosity ratio of 1.000000e+05 in 858 cells 

 Reversed flow on 638 faces of pressure-outlet 7.
   910  3.5651e-01  4.3282e-05  5.0626e-05  4.2283e-05  1.3352e-03  5.3688e-03  1.1354e-03  0:02:03   15

 turbulent viscosity limited to viscosity ratio of 1.000000e+05 in 857 cells 

 Reversed flow on 638 faces of pressure-outlet 7.

  iter  continuity  x-velocity  y-velocity  z-velocity           k     epsilon  vf-phase-2     time/iter
   911  3.5658e-01  4.3280e-05  5.0589e-05  4.2294e-05  1.3390e-03  5.2700e-03  1.1369e-03  0:01:57   14

 turbulent viscosity limited to viscosity ratio of 1.000000e+05 in 855 cells 

 Reversed flow on 618 faces of pressure-outlet 7.
   912  3.5609e-01  4.3288e-05  5.0549e-05  4.2309e-05  1.3440e-03  5.6029e-03  1.1385e-03  0:01:48   13

 turbulent viscosity limited to viscosity ratio of 1.000000e+05 in 854 cells 

 Reversed flow on 624 faces of pressure-outlet 7.
   913  3.5638e-01  4.3305e-05  5.0525e-05  4.2310e-05  1.3469e-03  5.8281e-03  1.1402e-03  0:01:39   12

 turbulent viscosity limited to viscosity ratio of 1.000000e+05 in 854 cells 

 Reversed flow on 617 faces of pressure-outlet 7.
   914  3.5668e-01  4.3305e-05  5.0498e-05  4.2319e-05  1.3502e-03  5.6862e-03  1.1417e-03  0:01:32   11

 turbulent viscosity limited to viscosity ratio of 1.000000e+05 in 854 cells 

 Reversed flow on 622 faces of pressure-outlet 7.
   915  3.5692e-01  4.3313e-05  5.0463e-05  4.2331e-05  1.3524e-03  5.5963e-03  1.1435e-03  0:01:23   10

 turbulent viscosity limited to viscosity ratio of 1.000000e+05 in 854 cells 

 Reversed flow on 615 faces of pressure-outlet 7.
   916  3.5710e-01  4.3329e-05  5.0422e-05  4.2339e-05  1.3555e-03  5.8383e-03  1.1452e-03  0:01:14    9

 turbulent viscosity limited to viscosity ratio of 1.000000e+05 in 854 cells 

 Reversed flow on 609 faces of pressure-outlet 7.
   917  3.5677e-01  4.3327e-05  5.0357e-05  4.2340e-05  1.3611e-03  6.6524e-03  1.1471e-03  0:01:06    8

 turbulent viscosity limited to viscosity ratio of 1.000000e+05 in 853 cells 

 Reversed flow on 623 faces of pressure-outlet 7.
   918  3.5702e-01  4.3365e-05  5.0309e-05  4.2347e-05  1.3634e-03  6.0268e-03  1.1488e-03  0:00:59    7

 turbulent viscosity limited to viscosity ratio of 1.000000e+05 in 853 cells 

 Reversed flow on 612 faces of pressure-outlet 7.
   919  3.5681e-01  4.3358e-05  5.0247e-05  4.2333e-05  1.3652e-03  5.8124e-03  1.1505e-03  0:00:50    6

 turbulent viscosity limited to viscosity ratio of 1.000000e+05 in 853 cells 

 Reversed flow on 610 faces of pressure-outlet 7.
   920  3.5685e-01  4.3362e-05  5.0199e-05  4.2308e-05  1.3676e-03  5.6514e-03  1.1522e-03  0:00:41    5

 turbulent viscosity limited to viscosity ratio of 1.000000e+05 in 852 cells 

 Reversed flow on 604 faces of pressure-outlet 7.
   921  3.5662e-01  4.3383e-05  5.0155e-05  4.2294e-05  1.3723e-03  6.6229e-03  1.1537e-03  0:00:34    4

 turbulent viscosity limited to viscosity ratio of 1.000000e+05 in 853 cells 

 Reversed flow on 608 faces of pressure-outlet 7.

  iter  continuity  x-velocity  y-velocity  z-velocity           k     epsilon  vf-phase-2     time/iter
   922  3.5650e-01  4.3391e-05  5.0093e-05  4.2266e-05  1.3748e-03  6.7441e-03  1.1552e-03  0:00:25    3

 turbulent viscosity limited to viscosity ratio of 1.000000e+05 in 852 cells 

 Reversed flow on 604 faces of pressure-outlet 7.
   923  3.5614e-01  4.3407e-05  5.0047e-05  4.2250e-05  1.3795e-03  6.8164e-03  1.1568e-03  0:00:16    2

 turbulent viscosity limited to viscosity ratio of 1.000000e+05 in 852 cells 

 Reversed flow on 604 faces of pressure-outlet 7.
   924  3.5607e-01  4.3422e-05  4.9998e-05  4.2218e-05  1.3802e-03  6.4919e-03  1.1584e-03  0:00:08    1

 turbulent viscosity limited to viscosity ratio of 1.000000e+05 in 852 cells 

 Reversed flow on 603 faces of pressure-outlet 7.
   925  3.5565e-01  4.3432e-05  4.9951e-05  4.2175e-05  1.3823e-03  6.2867e-03  1.1602e-03  0:00:00    0
iterate_550: RPC returned
progress: 550/1125

  iter  continuity  x-velocity  y-velocity  z-velocity           k     epsilon  vf-phase-2     time/iter
   925  3.5565e-01  4.3432e-05  4.9951e-05  4.2175e-05  1.3823e-03  6.2867e-03  1.1602e-03  0:03:28   25

 turbulent viscosity limited to viscosity ratio of 1.000000e+05 in 851 cells 

 Reversed flow on 607 faces of pressure-outlet 7.
   926  3.5512e-01  4.3446e-05  4.9896e-05  4.2138e-05  1.3828e-03  5.4849e-03  1.1619e-03  0:03:23   24

 turbulent viscosity limited to viscosity ratio of 1.000000e+05 in 851 cells 

 Reversed flow on 600 faces of pressure-outlet 7.
   927  3.5491e-01  4.3457e-05  4.9870e-05  4.2086e-05  1.3864e-03  5.8592e-03  1.1634e-03  0:03:12   23

 turbulent viscosity limited to viscosity ratio of 1.000000e+05 in 850 cells 

 Reversed flow on 592 faces of pressure-outlet 7.
   928  3.5479e-01  4.3484e-05  4.9838e-05  4.2038e-05  1.3908e-03  6.4739e-03  1.1650e-03  0:03:07   22

 turbulent viscosity limited to viscosity ratio of 1.000000e+05 in 850 cells 

 Reversed flow on 605 faces of pressure-outlet 7.
   929  3.5491e-01  4.3499e-05  4.9798e-05  4.1982e-05  1.3932e-03  6.8100e-03  1.1665e-03  0:02:56   21

 turbulent viscosity limited to viscosity ratio of 1.000000e+05 in 849 cells 

 Reversed flow on 613 faces of pressure-outlet 7.
   930  3.5466e-01  4.3524e-05  4.9781e-05  4.1941e-05  1.3982e-03  7.3263e-03  1.1680e-03  0:02:46   20

 turbulent viscosity limited to viscosity ratio of 1.000000e+05 in 848 cells 

 Reversed flow on 616 faces of pressure-outlet 7.
   931  3.5445e-01  4.3558e-05  4.9753e-05  4.1886e-05  1.4009e-03  7.1785e-03  1.1695e-03  0:02:41   19

 turbulent viscosity limited to viscosity ratio of 1.000000e+05 in 848 cells 

 Reversed flow on 605 faces of pressure-outlet 7.
   932  3.5452e-01  4.3586e-05  4.9712e-05  4.1832e-05  1.4012e-03  6.5224e-03  1.1710e-03  0:02:30   18

 turbulent viscosity limited to viscosity ratio of 1.000000e+05 in 848 cells 

 Reversed flow on 611 faces of pressure-outlet 7.
   933  3.5429e-01  4.3619e-05  4.9681e-05  4.1779e-05  1.4019e-03  6.2874e-03  1.1724e-03  0:02:21   17

 turbulent viscosity limited to viscosity ratio of 1.000000e+05 in 848 cells 

 Reversed flow on 610 faces of pressure-outlet 7.
   934  3.5402e-01  4.3673e-05  4.9646e-05  4.1733e-05  1.4042e-03  6.5517e-03  1.1740e-03  0:02:15   16

 turbulent viscosity limited to viscosity ratio of 1.000000e+05 in 848 cells 

 Reversed flow on 617 faces of pressure-outlet 7.
   935  3.5395e-01  4.3686e-05  4.9598e-05  4.1671e-05  1.4063e-03  6.6032e-03  1.1756e-03  0:02:05   15

 turbulent viscosity limited to viscosity ratio of 1.000000e+05 in 848 cells 

 Reversed flow on 601 faces of pressure-outlet 7.

  iter  continuity  x-velocity  y-velocity  z-velocity           k     epsilon  vf-phase-2     time/iter
   936  3.5391e-01  4.3716e-05  4.9562e-05  4.1613e-05  1.4080e-03  6.5221e-03  1.1770e-03  0:01:56   14

 turbulent viscosity limited to viscosity ratio of 1.000000e+05 in 847 cells 

 Reversed flow on 603 faces of pressure-outlet 7.
   937  3.5377e-01  4.3742e-05  4.9516e-05  4.1548e-05  1.4092e-03  6.7462e-03  1.1783e-03  0:01:49   13

 turbulent viscosity limited to viscosity ratio of 1.000000e+05 in 847 cells 

 Reversed flow on 608 faces of pressure-outlet 7.
   938  3.5333e-01  4.3763e-05  4.9464e-05  4.1484e-05  1.4084e-03  6.4977e-03  1.1795e-03  0:01:40   12

 turbulent viscosity limited to viscosity ratio of 1.000000e+05 in 848 cells 

 Reversed flow on 608 faces of pressure-outlet 7.
   939  3.5288e-01  4.3794e-05  4.9438e-05  4.1425e-05  1.4083e-03  6.2249e-03  1.1809e-03  0:01:31   11

 turbulent viscosity limited to viscosity ratio of 1.000000e+05 in 848 cells 

 Reversed flow on 607 faces of pressure-outlet 7.
   940  3.5266e-01  4.3834e-05  4.9396e-05  4.1362e-05  1.4100e-03  7.4136e-03  1.1823e-03  0:01:24   10

 turbulent viscosity limited to viscosity ratio of 1.000000e+05 in 848 cells 

 Reversed flow on 610 faces of pressure-outlet 7.
   941  3.5229e-01  4.3853e-05  4.9346e-05  4.1297e-05  1.4096e-03  6.8866e-03  1.1834e-03  0:01:15    9

 turbulent viscosity limited to viscosity ratio of 1.000000e+05 in 848 cells 

 Reversed flow on 602 faces of pressure-outlet 7.
   942  3.5178e-01  4.3887e-05  4.9304e-05  4.1241e-05  1.4120e-03  6.6149e-03  1.1847e-03  0:01:06    8

 turbulent viscosity limited to viscosity ratio of 1.000000e+05 in 848 cells 

 Reversed flow on 605 faces of pressure-outlet 7.
   943  3.5148e-01  4.3920e-05  4.9252e-05  4.1191e-05  1.4110e-03  6.7641e-03  1.1857e-03  0:00:59    7

 turbulent viscosity limited to viscosity ratio of 1.000000e+05 in 849 cells 

 Reversed flow on 617 faces of pressure-outlet 7.
   944  3.5141e-01  4.3952e-05  4.9211e-05  4.1131e-05  1.4105e-03  6.3910e-03  1.1868e-03  0:00:50    6

 turbulent viscosity limited to viscosity ratio of 1.000000e+05 in 848 cells 

 Reversed flow on 618 faces of pressure-outlet 7.
   945  3.5078e-01  4.3967e-05  4.9159e-05  4.1060e-05  1.4100e-03  6.4351e-03  1.1878e-03  0:00:41    5

 turbulent viscosity limited to viscosity ratio of 1.000000e+05 in 849 cells 

 Reversed flow on 617 faces of pressure-outlet 7.
   946  3.5080e-01  4.4015e-05  4.9111e-05  4.1011e-05  1.4092e-03  6.2724e-03  1.1887e-03  0:00:34    4

 turbulent viscosity limited to viscosity ratio of 1.000000e+05 in 849 cells 

 Reversed flow on 603 faces of pressure-outlet 7.

  iter  continuity  x-velocity  y-velocity  z-velocity           k     epsilon  vf-phase-2     time/iter
   947  3.5058e-01  4.4037e-05  4.9074e-05  4.0968e-05  1.4111e-03  6.8259e-03  1.1897e-03  0:00:26    3

 turbulent viscosity limited to viscosity ratio of 1.000000e+05 in 849 cells 

 Reversed flow on 606 faces of pressure-outlet 7.
   948  3.5015e-01  4.4083e-05  4.9028e-05  4.0928e-05  1.4108e-03  7.0715e-03  1.1906e-03  0:00:17    2

 turbulent viscosity limited to viscosity ratio of 1.000000e+05 in 850 cells 

 Reversed flow on 612 faces of pressure-outlet 7.
   949  3.5011e-01  4.4132e-05  4.8976e-05  4.0872e-05  1.4084e-03  6.4315e-03  1.1915e-03  0:00:09    1

 turbulent viscosity limited to viscosity ratio of 1.000000e+05 in 850 cells 

 Reversed flow on 616 faces of pressure-outlet 7.
   950  3.4972e-01  4.4155e-05  4.8935e-05  4.0832e-05  1.4098e-03  6.2781e-03  1.1923e-03  0:00:00    0
iterate_575: RPC returned
progress: 575/1125

  iter  continuity  x-velocity  y-velocity  z-velocity           k     epsilon  vf-phase-2     time/iter
   950  3.4972e-01  4.4155e-05  4.8935e-05  4.0832e-05  1.4098e-03  6.2781e-03  1.1923e-03  0:03:31   25

 turbulent viscosity limited to viscosity ratio of 1.000000e+05 in 851 cells 

 Reversed flow on 618 faces of pressure-outlet 7.
   951  3.4969e-01  4.4188e-05  4.8892e-05  4.0808e-05  1.4072e-03  5.9138e-03  1.1932e-03  0:03:25   24

 turbulent viscosity limited to viscosity ratio of 1.000000e+05 in 851 cells 

 Reversed flow on 617 faces of pressure-outlet 7.
   952  3.4941e-01  4.4197e-05  4.8848e-05  4.0777e-05  1.4076e-03  6.0044e-03  1.1941e-03  0:03:14   23

 turbulent viscosity limited to viscosity ratio of 1.000000e+05 in 851 cells 

 Reversed flow on 619 faces of pressure-outlet 7.
   953  3.4954e-01  4.4204e-05  4.8814e-05  4.0771e-05  1.4090e-03  6.5876e-03  1.1949e-03  0:03:08   22

 turbulent viscosity limited to viscosity ratio of 1.000000e+05 in 851 cells 

 Reversed flow on 624 faces of pressure-outlet 7.
   954  3.4921e-01  4.4216e-05  4.8782e-05  4.0772e-05  1.4100e-03  6.5345e-03  1.1957e-03  0:02:57   21

 turbulent viscosity limited to viscosity ratio of 1.000000e+05 in 851 cells 

 Reversed flow on 621 faces of pressure-outlet 7.
   955  3.4882e-01  4.4226e-05  4.8756e-05  4.0791e-05  1.4110e-03  7.8926e-03  1.1962e-03  0:02:47   20

 turbulent viscosity limited to viscosity ratio of 1.000000e+05 in 851 cells 

 Reversed flow on 618 faces of pressure-outlet 7.
   956  3.4872e-01  4.4228e-05  4.8711e-05  4.0791e-05  1.4101e-03  7.8142e-03  1.1967e-03  0:02:41   19

 turbulent viscosity limited to viscosity ratio of 1.000000e+05 in 851 cells 

 Reversed flow on 620 faces of pressure-outlet 7.
   957  3.4855e-01  4.4235e-05  4.8661e-05  4.0783e-05  1.4133e-03  7.2366e-03  1.1972e-03  0:02:31   18

 turbulent viscosity limited to viscosity ratio of 1.000000e+05 in 851 cells 

 Reversed flow on 609 faces of pressure-outlet 7.
   958  3.4847e-01  4.4247e-05  4.8638e-05  4.0811e-05  1.4111e-03  6.4354e-03  1.1975e-03  0:02:21   17

 turbulent viscosity limited to viscosity ratio of 1.000000e+05 in 851 cells 

 Reversed flow on 615 faces of pressure-outlet 7.
   959  3.4829e-01  4.4243e-05  4.8597e-05  4.0834e-05  1.4095e-03  6.4482e-03  1.1977e-03  0:02:15   16

 turbulent viscosity limited to viscosity ratio of 1.000000e+05 in 851 cells 

 Reversed flow on 624 faces of pressure-outlet 7.
   960  3.4812e-01  4.4245e-05  4.8577e-05  4.0875e-05  1.4067e-03  5.3916e-03  1.1981e-03  0:02:05   15

 turbulent viscosity limited to viscosity ratio of 1.000000e+05 in 851 cells 

 Reversed flow on 620 faces of pressure-outlet 7.

  iter  continuity  x-velocity  y-velocity  z-velocity           k     epsilon  vf-phase-2     time/iter
   961  3.4821e-01  4.4238e-05  4.8534e-05  4.0917e-05  1.4079e-03  6.0133e-03  1.1982e-03  0:01:56   14

 turbulent viscosity limited to viscosity ratio of 1.000000e+05 in 851 cells 

 Reversed flow on 619 faces of pressure-outlet 7.
   962  3.4793e-01  4.4232e-05  4.8513e-05  4.0976e-05  1.4092e-03  6.3022e-03  1.1980e-03  0:01:50   13

 turbulent viscosity limited to viscosity ratio of 1.000000e+05 in 851 cells 

 Reversed flow on 620 faces of pressure-outlet 7.
   963  3.4787e-01  4.4221e-05  4.8498e-05  4.1053e-05  1.4103e-03  6.5322e-03  1.1980e-03  0:01:40   12

 turbulent viscosity limited to viscosity ratio of 1.000000e+05 in 851 cells 

 Reversed flow on 635 faces of pressure-outlet 7.
   964  3.4784e-01  4.4199e-05  4.8481e-05  4.1127e-05  1.4090e-03  6.0851e-03  1.1980e-03  0:01:31   11

 turbulent viscosity limited to viscosity ratio of 1.000000e+05 in 851 cells 

 Reversed flow on 626 faces of pressure-outlet 7.
   965  3.4758e-01  4.4169e-05  4.8457e-05  4.1203e-05  1.4074e-03  6.1008e-03  1.1977e-03  0:01:24   10

 turbulent viscosity limited to viscosity ratio of 1.000000e+05 in 850 cells 

 Reversed flow on 630 faces of pressure-outlet 7.
   966  3.4746e-01  4.4126e-05  4.8456e-05  4.1313e-05  1.4074e-03  6.3329e-03  1.1973e-03  0:01:15    9

 turbulent viscosity limited to viscosity ratio of 1.000000e+05 in 849 cells 

 Reversed flow on 625 faces of pressure-outlet 7.
   967  3.4745e-01  4.4093e-05  4.8441e-05  4.1412e-05  1.4065e-03  6.6975e-03  1.1969e-03  0:01:06    8

 turbulent viscosity limited to viscosity ratio of 1.000000e+05 in 848 cells 

 Reversed flow on 637 faces of pressure-outlet 7.
   968  3.4786e-01  4.4077e-05  4.8423e-05  4.1524e-05  1.4050e-03  6.1648e-03  1.1965e-03  0:00:59    7

 turbulent viscosity limited to viscosity ratio of 1.000000e+05 in 848 cells 

 Reversed flow on 639 faces of pressure-outlet 7.
   969  3.4797e-01  4.4032e-05  4.8405e-05  4.1637e-05  1.4026e-03  5.8456e-03  1.1962e-03  0:00:50    6

 turbulent viscosity limited to viscosity ratio of 1.000000e+05 in 848 cells 

 Reversed flow on 641 faces of pressure-outlet 7.
   970  3.4776e-01  4.3996e-05  4.8376e-05  4.1753e-05  1.4023e-03  6.0960e-03  1.1958e-03  0:00:41    5

 turbulent viscosity limited to viscosity ratio of 1.000000e+05 in 847 cells 

 Reversed flow on 645 faces of pressure-outlet 7.
   971  3.4743e-01  4.3944e-05  4.8357e-05  4.1880e-05  1.3991e-03  6.2137e-03  1.1953e-03  0:00:34    4

 turbulent viscosity limited to viscosity ratio of 1.000000e+05 in 846 cells 

 Reversed flow on 651 faces of pressure-outlet 7.

  iter  continuity  x-velocity  y-velocity  z-velocity           k     epsilon  vf-phase-2     time/iter
   972  3.4730e-01  4.3896e-05  4.8328e-05  4.2016e-05  1.3965e-03  6.0199e-03  1.1949e-03  0:00:25    3

 turbulent viscosity limited to viscosity ratio of 1.000000e+05 in 846 cells 

 Reversed flow on 655 faces of pressure-outlet 7.
   973  3.4724e-01  4.3850e-05  4.8300e-05  4.2150e-05  1.3950e-03  6.1117e-03  1.1945e-03  0:00:17    2

 turbulent viscosity limited to viscosity ratio of 1.000000e+05 in 846 cells 

 Reversed flow on 641 faces of pressure-outlet 7.
   974  3.4698e-01  4.3793e-05  4.8286e-05  4.2300e-05  1.3936e-03  6.8313e-03  1.1941e-03  0:00:09    1

 turbulent viscosity limited to viscosity ratio of 1.000000e+05 in 847 cells 

 Reversed flow on 651 faces of pressure-outlet 7.
   975  3.4701e-01  4.3759e-05  4.8265e-05  4.2442e-05  1.3911e-03  6.8342e-03  1.1937e-03  0:00:00    0
iterate_600: RPC returned
progress: 600/1125

=== autosave_600 ===

Writing to EN439159:"C:\Users\qtra338\Documents\enthalpy_sweep_verified_20260721_v2\case_3_1520_1500iter_recovered_from_375_autosave_iter600.cas.h5" in NODE0 mode and compression level 1 ...
Grouping cells for Laplace smoothing ...
     5578299 cells,     1 zone  ...
    11355491 faces,     5 zones ...
     1026091 nodes,     1 zone  ...
  Done.
Done.
write_case_autosave_600: OK

Writing to EN439159:"C:\Users\qtra338\Documents\enthalpy_sweep_verified_20260721_v2\case_3_1520_1500iter_recovered_from_375_autosave_iter600.dat.h5" in NODE0 mode and compression level 1 ...
  Writing results.
Done.
write_data_autosave_600: OK
saved_pair_autosave_600: VERIFIED

  iter  continuity  x-velocity  y-velocity  z-velocity           k     epsilon  vf-phase-2     time/iter
   975  3.4701e-01  4.3759e-05  4.8265e-05  4.2442e-05  1.3911e-03  6.8342e-03  1.1937e-03  0:03:36   25

 turbulent viscosity limited to viscosity ratio of 1.000000e+05 in 846 cells 

 Reversed flow on 655 faces of pressure-outlet 7.
   976  3.4744e-01  4.3725e-05  4.8242e-05  4.2583e-05  1.3901e-03  7.1431e-03  1.1932e-03  0:03:29   24

 turbulent viscosity limited to viscosity ratio of 1.000000e+05 in 846 cells 

 Reversed flow on 656 faces of pressure-outlet 7.
   977  3.4729e-01  4.3685e-05  4.8222e-05  4.2733e-05  1.3857e-03  6.4941e-03  1.1926e-03  0:03:17   23

 turbulent viscosity limited to viscosity ratio of 1.000000e+05 in 846 cells 

 Reversed flow on 656 faces of pressure-outlet 7.
   978  3.4769e-01  4.3649e-05  4.8210e-05  4.2880e-05  1.3817e-03  6.5504e-03  1.1920e-03  0:03:06   22

 turbulent viscosity limited to viscosity ratio of 1.000000e+05 in 846 cells 

 Reversed flow on 660 faces of pressure-outlet 7.
   979  3.4779e-01  4.3613e-05  4.8190e-05  4.3012e-05  1.3783e-03  6.2578e-03  1.1914e-03  0:03:00   21

 turbulent viscosity limited to viscosity ratio of 1.000000e+05 in 846 cells 

 Reversed flow on 662 faces of pressure-outlet 7.
   980  3.4737e-01  4.3568e-05  4.8171e-05  4.3143e-05  1.3762e-03  7.2405e-03  1.1907e-03  0:02:49   20

 turbulent viscosity limited to viscosity ratio of 1.000000e+05 in 846 cells 

 Reversed flow on 665 faces of pressure-outlet 7.
   981  3.4747e-01  4.3528e-05  4.8150e-05  4.3273e-05  1.3706e-03  6.6947e-03  1.1901e-03  0:02:39   19

 turbulent viscosity limited to viscosity ratio of 1.000000e+05 in 846 cells 

 Reversed flow on 666 faces of pressure-outlet 7.
   982  3.4765e-01  4.3508e-05  4.8122e-05  4.3420e-05  1.3712e-03  7.7676e-03  1.1895e-03  0:02:33   18

 turbulent viscosity limited to viscosity ratio of 1.000000e+05 in 846 cells 

 Reversed flow on 670 faces of pressure-outlet 7.
   983  3.4804e-01  4.3464e-05  4.8095e-05  4.3562e-05  1.3675e-03  7.2833e-03  1.1890e-03  0:02:23   17

 turbulent viscosity limited to viscosity ratio of 1.000000e+05 in 845 cells 

 Reversed flow on 667 faces of pressure-outlet 7.
   984  3.4806e-01  4.3446e-05  4.8070e-05  4.3686e-05  1.3628e-03  7.3895e-03  1.1885e-03  0:02:13   16

 turbulent viscosity limited to viscosity ratio of 1.000000e+05 in 845 cells 

 Reversed flow on 678 faces of pressure-outlet 7.
   985  3.4828e-01  4.3432e-05  4.8038e-05  4.3788e-05  1.3569e-03  6.7983e-03  1.1878e-03  0:02:07   15

 turbulent viscosity limited to viscosity ratio of 1.000000e+05 in 844 cells 

 Reversed flow on 681 faces of pressure-outlet 7.

  iter  continuity  x-velocity  y-velocity  z-velocity           k     epsilon  vf-phase-2     time/iter
   986  3.4821e-01  4.3406e-05  4.8000e-05  4.3877e-05  1.3527e-03  6.1773e-03  1.1870e-03  0:01:57   14

 turbulent viscosity limited to viscosity ratio of 1.000000e+05 in 844 cells 

 Reversed flow on 673 faces of pressure-outlet 7.
   987  3.4857e-01  4.3389e-05  4.7968e-05  4.3988e-05  1.3469e-03  5.4227e-03  1.1864e-03  0:01:48   13

 turbulent viscosity limited to viscosity ratio of 1.000000e+05 in 842 cells 

 Reversed flow on 681 faces of pressure-outlet 7.
   988  3.4916e-01  4.3394e-05  4.7942e-05  4.4073e-05  1.3433e-03  5.8539e-03  1.1859e-03  0:01:41   12

 turbulent viscosity limited to viscosity ratio of 1.000000e+05 in 840 cells 

 Reversed flow on 678 faces of pressure-outlet 7.
   989  3.4944e-01  4.3411e-05  4.7912e-05  4.4153e-05  1.3395e-03  5.4718e-03  1.1853e-03  0:01:32   11

 turbulent viscosity limited to viscosity ratio of 1.000000e+05 in 840 cells 

 Reversed flow on 677 faces of pressure-outlet 7.
   990  3.4940e-01  4.3425e-05  4.7883e-05  4.4220e-05  1.3379e-03  6.3623e-03  1.1846e-03  0:01:25   10

 turbulent viscosity limited to viscosity ratio of 1.000000e+05 in 839 cells 

 Reversed flow on 680 faces of pressure-outlet 7.
   991  3.4949e-01  4.3432e-05  4.7847e-05  4.4299e-05  1.3348e-03  6.2980e-03  1.1837e-03  0:01:15    9

 turbulent viscosity limited to viscosity ratio of 1.000000e+05 in 839 cells 

 Reversed flow on 678 faces of pressure-outlet 7.
   992  3.4949e-01  4.3433e-05  4.7827e-05  4.4376e-05  1.3307e-03  5.8563e-03  1.1829e-03  0:01:06    8

 turbulent viscosity limited to viscosity ratio of 1.000000e+05 in 838 cells 

 Reversed flow on 675 faces of pressure-outlet 7.
   993  3.4990e-01  4.3429e-05  4.7795e-05  4.4419e-05  1.3285e-03  6.5504e-03  1.1819e-03  0:00:59    7

 turbulent viscosity limited to viscosity ratio of 1.000000e+05 in 838 cells 

 Reversed flow on 683 faces of pressure-outlet 7.
   994  3.5016e-01  4.3458e-05  4.7763e-05  4.4470e-05  1.3267e-03  7.0067e-03  1.1810e-03  0:00:50    6

 turbulent viscosity limited to viscosity ratio of 1.000000e+05 in 838 cells 

 Reversed flow on 686 faces of pressure-outlet 7.
   995  3.5054e-01  4.3495e-05  4.7768e-05  4.4524e-05  1.3221e-03  6.0459e-03  1.1799e-03  0:00:41    5

 turbulent viscosity limited to viscosity ratio of 1.000000e+05 in 838 cells 

 Reversed flow on 687 faces of pressure-outlet 7.
   996  3.5101e-01  4.3515e-05  4.7732e-05  4.4560e-05  1.3214e-03  7.3186e-03  1.1787e-03  0:00:34    4

 turbulent viscosity limited to viscosity ratio of 1.000000e+05 in 838 cells 

 Reversed flow on 690 faces of pressure-outlet 7.

  iter  continuity  x-velocity  y-velocity  z-velocity           k     epsilon  vf-phase-2     time/iter
   997  3.5115e-01  4.3556e-05  4.7711e-05  4.4583e-05  1.3206e-03  8.5611e-03  1.1775e-03  0:00:25    3

 turbulent viscosity limited to viscosity ratio of 1.000000e+05 in 838 cells 

 Reversed flow on 702 faces of pressure-outlet 7.
   998  3.5087e-01  4.3586e-05  4.7687e-05  4.4601e-05  1.3163e-03  6.9441e-03  1.1763e-03  0:00:17    2

 turbulent viscosity limited to viscosity ratio of 1.000000e+05 in 838 cells 

 Reversed flow on 697 faces of pressure-outlet 7.
   999  3.5093e-01  4.3613e-05  4.7673e-05  4.4613e-05  1.3124e-03  6.3860e-03  1.1749e-03  0:00:08    1

iterate_625: RPC returned
progress: 625/1125
 turbulent viscosity limited to viscosity ratio of 1.000000e+05 in 839 cells 

 Reversed flow on 687 faces of pressure-outlet 7.
  1000  3.5105e-01  4.3649e-05  4.7649e-05  4.4613e-05  1.3085e-03  6.4393e-03  1.1736e-03  0:00:00    0

  iter  continuity  x-velocity  y-velocity  z-velocity           k     epsilon  vf-phase-2     time/iter
  1000  3.5105e-01  4.3649e-05  4.7649e-05  4.4613e-05  1.3085e-03  6.4393e-03  1.1736e-03  0:03:29   25

 turbulent viscosity limited to viscosity ratio of 1.000000e+05 in 839 cells 

 Reversed flow on 696 faces of pressure-outlet 7.
  1001  3.5119e-01  4.3695e-05  4.7616e-05  4.4618e-05  1.3085e-03  7.8312e-03  1.1722e-03  0:03:24   24

 turbulent viscosity limited to viscosity ratio of 1.000000e+05 in 839 cells 

 Reversed flow on 700 faces of pressure-outlet 7.
  1002  3.5119e-01  4.3724e-05  4.7582e-05  4.4608e-05  1.3054e-03  7.4757e-03  1.1706e-03  0:03:13   23

 turbulent viscosity limited to viscosity ratio of 1.000000e+05 in 839 cells 

 Reversed flow on 701 faces of pressure-outlet 7.
  1003  3.5084e-01  4.3739e-05  4.7543e-05  4.4582e-05  1.3024e-03  7.1946e-03  1.1690e-03  0:03:07   22

 turbulent viscosity limited to viscosity ratio of 1.000000e+05 in 839 cells 

 Reversed flow on 697 faces of pressure-outlet 7.
  1004  3.5073e-01  4.3740e-05  4.7508e-05  4.4562e-05  1.2980e-03  7.1950e-03  1.1672e-03  0:02:57   21

 turbulent viscosity limited to viscosity ratio of 1.000000e+05 in 839 cells 

 Reversed flow on 706 faces of pressure-outlet 7.
  1005  3.5071e-01  4.3762e-05  4.7472e-05  4.4532e-05  1.2939e-03  7.1517e-03  1.1652e-03  0:02:51   20

 turbulent viscosity limited to viscosity ratio of 1.000000e+05 in 839 cells 

 Reversed flow on 700 faces of pressure-outlet 7.
  1006  3.5119e-01  4.3790e-05  4.7431e-05  4.4498e-05  1.2896e-03  6.6089e-03  1.1633e-03  0:02:40   19

 turbulent viscosity limited to viscosity ratio of 1.000000e+05 in 840 cells 

 Reversed flow on 710 faces of pressure-outlet 7.
  1007  3.5102e-01  4.3812e-05  4.7380e-05  4.4465e-05  1.2880e-03  6.7750e-03  1.1612e-03  0:02:30   18

 turbulent viscosity limited to viscosity ratio of 1.000000e+05 in 840 cells 

 Reversed flow on 706 faces of pressure-outlet 7.
  1008  3.5095e-01  4.3822e-05  4.7322e-05  4.4430e-05  1.2838e-03  6.8227e-03  1.1591e-03  0:02:21   17

 turbulent viscosity limited to viscosity ratio of 1.000000e+05 in 840 cells 

 Reversed flow on 710 faces of pressure-outlet 7.
  1009  3.5067e-01  4.3830e-05  4.7260e-05  4.4377e-05  1.2799e-03  6.4206e-03  1.1570e-03  0:02:15   16

 turbulent viscosity limited to viscosity ratio of 1.000000e+05 in 840 cells 

 Reversed flow on 711 faces of pressure-outlet 7.
  1010  3.5038e-01  4.3837e-05  4.7210e-05  4.4324e-05  1.2753e-03  5.9584e-03  1.1548e-03  0:02:05   15

 turbulent viscosity limited to viscosity ratio of 1.000000e+05 in 840 cells 

 Reversed flow on 710 faces of pressure-outlet 7.

  iter  continuity  x-velocity  y-velocity  z-velocity           k     epsilon  vf-phase-2     time/iter
  1011  3.5013e-01  4.3854e-05  4.7146e-05  4.4261e-05  1.2714e-03  5.8270e-03  1.1525e-03  0:01:59   14

 turbulent viscosity limited to viscosity ratio of 1.000000e+05 in 840 cells 

 Reversed flow on 704 faces of pressure-outlet 7.
  1012  3.5002e-01  4.3863e-05  4.7072e-05  4.4185e-05  1.2677e-03  6.0131e-03  1.1502e-03  0:01:49   13

 turbulent viscosity limited to viscosity ratio of 1.000000e+05 in 842 cells 

 Reversed flow on 700 faces of pressure-outlet 7.
  1013  3.4998e-01  4.3860e-05  4.7001e-05  4.4133e-05  1.2679e-03  7.3860e-03  1.1478e-03  0:01:40   12

 turbulent viscosity limited to viscosity ratio of 1.000000e+05 in 842 cells 

 Reversed flow on 698 faces of pressure-outlet 7.
  1014  3.4973e-01  4.3858e-05  4.6923e-05  4.4074e-05  1.2641e-03  6.6599e-03  1.1452e-03  0:01:33   11

 turbulent viscosity limited to viscosity ratio of 1.000000e+05 in 842 cells 

 Reversed flow on 708 faces of pressure-outlet 7.
  1015  3.4972e-01  4.3872e-05  4.6840e-05  4.4021e-05  1.2608e-03  6.4702e-03  1.1426e-03  0:01:24   10

 turbulent viscosity limited to viscosity ratio of 1.000000e+05 in 842 cells 

 Reversed flow on 711 faces of pressure-outlet 7.
  1016  3.4956e-01  4.3887e-05  4.6748e-05  4.3956e-05  1.2551e-03  6.0849e-03  1.1399e-03  0:01:15    9

 turbulent viscosity limited to viscosity ratio of 1.000000e+05 in 842 cells 

 Reversed flow on 721 faces of pressure-outlet 7.
  1017  3.4943e-01  4.3904e-05  4.6668e-05  4.3900e-05  1.2525e-03  6.4892e-03  1.1372e-03  0:01:07    8

 turbulent viscosity limited to viscosity ratio of 1.000000e+05 in 842 cells 

 Reversed flow on 725 faces of pressure-outlet 7.
  1018  3.4953e-01  4.3926e-05  4.6583e-05  4.3848e-05  1.2490e-03  6.1906e-03  1.1345e-03  0:00:58    7

 turbulent viscosity limited to viscosity ratio of 1.000000e+05 in 841 cells 

 Reversed flow on 716 faces of pressure-outlet 7.
  1019  3.4949e-01  4.3949e-05  4.6508e-05  4.3811e-05  1.2470e-03  6.8778e-03  1.1318e-03  0:00:50    6

 turbulent viscosity limited to viscosity ratio of 1.000000e+05 in 841 cells 

 Reversed flow on 713 faces of pressure-outlet 7.
  1020  3.4932e-01  4.3973e-05  4.6437e-05  4.3776e-05  1.2445e-03  6.4645e-03  1.1290e-03  0:00:42    5

 turbulent viscosity limited to viscosity ratio of 1.000000e+05 in 841 cells 

 Reversed flow on 702 faces of pressure-outlet 7.
  1021  3.4927e-01  4.4000e-05  4.6351e-05  4.3721e-05  1.2381e-03  5.6635e-03  1.1261e-03  0:00:33    4

 turbulent viscosity limited to viscosity ratio of 1.000000e+05 in 841 cells 

 Reversed flow on 712 faces of pressure-outlet 7.

  iter  continuity  x-velocity  y-velocity  z-velocity           k     epsilon  vf-phase-2     time/iter
  1022  3.4892e-01  4.4021e-05  4.6258e-05  4.3672e-05  1.2398e-03  7.6075e-03  1.1232e-03  0:00:25    3

 turbulent viscosity limited to viscosity ratio of 1.000000e+05 in 841 cells 

 Reversed flow on 710 faces of pressure-outlet 7.
  1023  3.4898e-01  4.4056e-05  4.6180e-05  4.3650e-05  1.2383e-03  6.5874e-03  1.1203e-03  0:00:17    2

 turbulent viscosity limited to viscosity ratio of 1.000000e+05 in 841 cells 

 Reversed flow on 711 faces of pressure-outlet 7.
  1024  3.4909e-01  4.4112e-05  4.6108e-05  4.3647e-05  1.2356e-03  6.0197e-03  1.1173e-03  0:00:08    1

 turbulent viscosity limited to viscosity ratio of 1.000000e+05 in 841 cells 

 Reversed flow on 709 faces of pressure-outlet 7.
  1025  3.4934e-01  4.4195e-05  4.6042e-05  4.3634e-05  1.2332e-03  6.3559e-03  1.1143e-03  0:00:00    0
iterate_650: RPC returned
progress: 650/1125

  iter  continuity  x-velocity  y-velocity  z-velocity           k     epsilon  vf-phase-2     time/iter
  1025  3.4934e-01  4.4195e-05  4.6042e-05  4.3634e-05  1.2332e-03  6.3559e-03  1.1143e-03  0:03:27   25

 turbulent viscosity limited to viscosity ratio of 1.000000e+05 in 841 cells 

 Reversed flow on 711 faces of pressure-outlet 7.
  1026  3.4926e-01  4.4261e-05  4.5980e-05  4.3628e-05  1.2319e-03  6.3081e-03  1.1112e-03  0:03:22   24

 turbulent viscosity limited to viscosity ratio of 1.000000e+05 in 840 cells 

 Reversed flow on 718 faces of pressure-outlet 7.
  1027  3.4902e-01  4.4308e-05  4.5921e-05  4.3627e-05  1.2274e-03  5.4537e-03  1.1080e-03  0:03:12   23

 turbulent viscosity limited to viscosity ratio of 1.000000e+05 in 840 cells 

 Reversed flow on 726 faces of pressure-outlet 7.
  1028  3.4890e-01  4.4368e-05  4.5861e-05  4.3620e-05  1.2264e-03  5.2674e-03  1.1048e-03  0:03:02   22

 turbulent viscosity limited to viscosity ratio of 1.000000e+05 in 839 cells 

 Reversed flow on 707 faces of pressure-outlet 7.
  1029  3.4872e-01  4.4436e-05  4.5797e-05  4.3623e-05  1.2245e-03  5.4004e-03  1.1017e-03  0:02:57   21

 turbulent viscosity limited to viscosity ratio of 1.000000e+05 in 839 cells 

 Reversed flow on 711 faces of pressure-outlet 7.
  1030  3.4882e-01  4.4517e-05  4.5753e-05  4.3623e-05  1.2243e-03  5.6827e-03  1.0985e-03  0:02:47   20

 turbulent viscosity limited to viscosity ratio of 1.000000e+05 in 839 cells 

 Reversed flow on 711 faces of pressure-outlet 7.
  1031  3.4913e-01  4.4605e-05  4.5711e-05  4.3644e-05  1.2232e-03  5.7264e-03  1.0954e-03  0:02:41   19

 turbulent viscosity limited to viscosity ratio of 1.000000e+05 in 839 cells 

 Reversed flow on 710 faces of pressure-outlet 7.
  1032  3.4949e-01  4.4688e-05  4.5675e-05  4.3661e-05  1.2259e-03  6.6709e-03  1.0923e-03  0:02:31   18

 turbulent viscosity limited to viscosity ratio of 1.000000e+05 in 838 cells 

 Reversed flow on 704 faces of pressure-outlet 7.
  1033  3.4988e-01  4.4773e-05  4.5658e-05  4.3688e-05  1.2273e-03  6.9638e-03  1.0892e-03  0:02:21   17

 turbulent viscosity limited to viscosity ratio of 1.000000e+05 in 838 cells 

 Reversed flow on 709 faces of pressure-outlet 7.
  1034  3.5007e-01  4.4861e-05  4.5643e-05  4.3733e-05  1.2268e-03  6.5294e-03  1.0859e-03  0:02:15   16

 turbulent viscosity limited to viscosity ratio of 1.000000e+05 in 838 cells 

 Reversed flow on 717 faces of pressure-outlet 7.
  1035  3.5090e-01  4.4945e-05  4.5608e-05  4.3774e-05  1.2260e-03  6.5241e-03  1.0827e-03  0:02:05   15

 turbulent viscosity limited to viscosity ratio of 1.000000e+05 in 838 cells 

 Reversed flow on 712 faces of pressure-outlet 7.

  iter  continuity  x-velocity  y-velocity  z-velocity           k     epsilon  vf-phase-2     time/iter
  1036  3.5102e-01  4.5027e-05  4.5590e-05  4.3812e-05  1.2276e-03  6.3125e-03  1.0794e-03  0:01:56   14

 turbulent viscosity limited to viscosity ratio of 1.000000e+05 in 838 cells 

 Reversed flow on 712 faces of pressure-outlet 7.
  1037  3.5136e-01  4.5109e-05  4.5570e-05  4.3854e-05  1.2260e-03  5.5794e-03  1.0762e-03  0:01:50   13

 turbulent viscosity limited to viscosity ratio of 1.000000e+05 in 838 cells 

 Reversed flow on 711 faces of pressure-outlet 7.
  1038  3.5157e-01  4.5189e-05  4.5551e-05  4.3886e-05  1.2256e-03  5.3935e-03  1.0730e-03  0:01:40   12

 turbulent viscosity limited to viscosity ratio of 1.000000e+05 in 837 cells 

 Reversed flow on 709 faces of pressure-outlet 7.
  1039  3.5194e-01  4.5263e-05  4.5541e-05  4.3909e-05  1.2266e-03  5.5503e-03  1.0698e-03  0:01:33   11

 turbulent viscosity limited to viscosity ratio of 1.000000e+05 in 838 cells 

 Reversed flow on 701 faces of pressure-outlet 7.
  1040  3.5217e-01  4.5330e-05  4.5529e-05  4.3954e-05  1.2299e-03  5.7323e-03  1.0667e-03  0:01:24   10

 turbulent viscosity limited to viscosity ratio of 1.000000e+05 in 838 cells 

 Reversed flow on 706 faces of pressure-outlet 7.
  1041  3.5218e-01  4.5399e-05  4.5513e-05  4.3995e-05  1.2334e-03  6.3071e-03  1.0638e-03  0:01:15    9

 turbulent viscosity limited to viscosity ratio of 1.000000e+05 in 838 cells 

 Reversed flow on 713 faces of pressure-outlet 7.
  1042  3.5233e-01  4.5463e-05  4.5498e-05  4.4036e-05  1.2322e-03  5.7454e-03  1.0608e-03  0:01:06    8

 turbulent viscosity limited to viscosity ratio of 1.000000e+05 in 838 cells 

 Reversed flow on 726 faces of pressure-outlet 7.
  1043  3.5247e-01  4.5531e-05  4.5486e-05  4.4068e-05  1.2367e-03  6.1030e-03  1.0578e-03  0:00:59    7

 turbulent viscosity limited to viscosity ratio of 1.000000e+05 in 838 cells 

 Reversed flow on 726 faces of pressure-outlet 7.
  1044  3.5265e-01  4.5587e-05  4.5474e-05  4.4101e-05  1.2391e-03  5.9559e-03  1.0549e-03  0:00:50    6

 turbulent viscosity limited to viscosity ratio of 1.000000e+05 in 837 cells 

 Reversed flow on 714 faces of pressure-outlet 7.
  1045  3.5248e-01  4.5627e-05  4.5461e-05  4.4136e-05  1.2401e-03  5.3624e-03  1.0521e-03  0:00:41    5

 turbulent viscosity limited to viscosity ratio of 1.000000e+05 in 837 cells 

 Reversed flow on 709 faces of pressure-outlet 7.
  1046  3.5255e-01  4.5661e-05  4.5439e-05  4.4164e-05  1.2422e-03  5.4120e-03  1.0494e-03  0:00:34    4

 turbulent viscosity limited to viscosity ratio of 1.000000e+05 in 837 cells 

 Reversed flow on 721 faces of pressure-outlet 7.

  iter  continuity  x-velocity  y-velocity  z-velocity           k     epsilon  vf-phase-2     time/iter
  1047  3.5260e-01  4.5705e-05  4.5415e-05  4.4196e-05  1.2450e-03  5.3468e-03  1.0467e-03  0:00:25    3

 turbulent viscosity limited to viscosity ratio of 1.000000e+05 in 837 cells 

 Reversed flow on 707 faces of pressure-outlet 7.
  1048  3.5285e-01  4.5734e-05  4.5386e-05  4.4237e-05  1.2494e-03  6.5446e-03  1.0441e-03  0:00:17    2

 turbulent viscosity limited to viscosity ratio of 1.000000e+05 in 836 cells 

 Reversed flow on 716 faces of pressure-outlet 7.
  1049  3.5276e-01  4.5752e-05  4.5355e-05  4.4279e-05  1.2542e-03  6.6698e-03  1.0415e-03  0:00:08    1

 turbulent viscosity limited to viscosity ratio of 1.000000e+05 in 836 cells 

 Reversed flow on 719 faces of pressure-outlet 7.
  1050  3.5291e-01  4.5762e-05  4.5326e-05  4.4313e-05  1.2576e-03  6.3980e-03  1.0390e-03  0:00:00    0
iterate_675: RPC returned
progress: 675/1125

  iter  continuity  x-velocity  y-velocity  z-velocity           k     epsilon  vf-phase-2     time/iter
  1050  3.5291e-01  4.5762e-05  4.5326e-05  4.4313e-05  1.2576e-03  6.3980e-03  1.0390e-03  0:03:28   25

 turbulent viscosity limited to viscosity ratio of 1.000000e+05 in 835 cells 

 Reversed flow on 711 faces of pressure-outlet 7.
  1051  3.5258e-01  4.5781e-05  4.5279e-05  4.4330e-05  1.2601e-03  6.1163e-03  1.0366e-03  0:03:23   24

 turbulent viscosity limited to viscosity ratio of 1.000000e+05 in 835 cells 

 Reversed flow on 715 faces of pressure-outlet 7.
  1052  3.5252e-01  4.5791e-05  4.5244e-05  4.4346e-05  1.2624e-03  6.1472e-03  1.0343e-03  0:03:17   23

 turbulent viscosity limited to viscosity ratio of 1.000000e+05 in 834 cells 

 Reversed flow on 713 faces of pressure-outlet 7.
  1053  3.5275e-01  4.5788e-05  4.5215e-05  4.4344e-05  1.2661e-03  6.2418e-03  1.0321e-03  0:03:06   22

 turbulent viscosity limited to viscosity ratio of 1.000000e+05 in 834 cells 

 Reversed flow on 710 faces of pressure-outlet 7.
  1054  3.5231e-01  4.5779e-05  4.5177e-05  4.4366e-05  1.2689e-03  6.0127e-03  1.0300e-03  0:02:56   21

 turbulent viscosity limited to viscosity ratio of 1.000000e+05 in 834 cells 

 Reversed flow on 701 faces of pressure-outlet 7.
  1055  3.5195e-01  4.5756e-05  4.5140e-05  4.4380e-05  1.2719e-03  6.5405e-03  1.0282e-03  0:02:50   20

 turbulent viscosity limited to viscosity ratio of 1.000000e+05 in 833 cells 

 Reversed flow on 710 faces of pressure-outlet 7.
  1056  3.5186e-01  4.5754e-05  4.5100e-05  4.4409e-05  1.2762e-03  6.6249e-03  1.0265e-03  0:02:39   19

 turbulent viscosity limited to viscosity ratio of 1.000000e+05 in 833 cells 

 Reversed flow on 712 faces of pressure-outlet 7.
  1057  3.5172e-01  4.5735e-05  4.5066e-05  4.4414e-05  1.2804e-03  8.2464e-03  1.0250e-03  0:02:30   18

 turbulent viscosity limited to viscosity ratio of 1.000000e+05 in 833 cells 

 Reversed flow on 715 faces of pressure-outlet 7.
  1058  3.5148e-01  4.5717e-05  4.5023e-05  4.4433e-05  1.2793e-03  7.5512e-03  1.0236e-03  0:02:24   17

 turbulent viscosity limited to viscosity ratio of 1.000000e+05 in 834 cells 

 Reversed flow on 712 faces of pressure-outlet 7.
  1059  3.5153e-01  4.5689e-05  4.4980e-05  4.4442e-05  1.2807e-03  8.0029e-03  1.0225e-03  0:02:14   16

 turbulent viscosity limited to viscosity ratio of 1.000000e+05 in 834 cells 

 Reversed flow on 717 faces of pressure-outlet 7.
  1060  3.5157e-01  4.5667e-05  4.4944e-05  4.4453e-05  1.2842e-03  7.5303e-03  1.0217e-03  0:02:04   15

 turbulent viscosity limited to viscosity ratio of 1.000000e+05 in 834 cells 

 Reversed flow on 707 faces of pressure-outlet 7.

  iter  continuity  x-velocity  y-velocity  z-velocity           k     epsilon  vf-phase-2     time/iter
  1061  3.5142e-01  4.5620e-05  4.4907e-05  4.4454e-05  1.2819e-03  7.3307e-03  1.0210e-03  0:01:58   14

 turbulent viscosity limited to viscosity ratio of 1.000000e+05 in 834 cells 

 Reversed flow on 715 faces of pressure-outlet 7.
  1062  3.5117e-01  4.5578e-05  4.4871e-05  4.4441e-05  1.2816e-03  7.0440e-03  1.0206e-03  0:01:48   13

 turbulent viscosity limited to viscosity ratio of 1.000000e+05 in 834 cells 

 Reversed flow on 712 faces of pressure-outlet 7.
  1063  3.5106e-01  4.5537e-05  4.4835e-05  4.4424e-05  1.2816e-03  6.8875e-03  1.0204e-03  0:01:39   12

 turbulent viscosity limited to viscosity ratio of 1.000000e+05 in 833 cells 

 Reversed flow on 707 faces of pressure-outlet 7.
  1064  3.5053e-01  4.5498e-05  4.4791e-05  4.4409e-05  1.2812e-03  6.8586e-03  1.0203e-03  0:01:33   11

 turbulent viscosity limited to viscosity ratio of 1.000000e+05 in 833 cells 

 Reversed flow on 703 faces of pressure-outlet 7.
  1065  3.5045e-01  4.5457e-05  4.4753e-05  4.4374e-05  1.2792e-03  6.5406e-03  1.0203e-03  0:01:23   10

 turbulent viscosity limited to viscosity ratio of 1.000000e+05 in 833 cells 

 Reversed flow on 711 faces of pressure-outlet 7.
  1066  3.5038e-01  4.5401e-05  4.4724e-05  4.4338e-05  1.2762e-03  6.1815e-03  1.0203e-03  0:01:14    9

 turbulent viscosity limited to viscosity ratio of 1.000000e+05 in 834 cells 

 Reversed flow on 713 faces of pressure-outlet 7.
  1067  3.5026e-01  4.5363e-05  4.4697e-05  4.4313e-05  1.2786e-03  6.9471e-03  1.0206e-03  0:01:07    8

 turbulent viscosity limited to viscosity ratio of 1.000000e+05 in 834 cells 

 Reversed flow on 701 faces of pressure-outlet 7.
  1068  3.5030e-01  4.5347e-05  4.4689e-05  4.4307e-05  1.2791e-03  7.2070e-03  1.0210e-03  0:00:58    7

 turbulent viscosity limited to viscosity ratio of 1.000000e+05 in 834 cells 

 Reversed flow on 705 faces of pressure-outlet 7.
  1069  3.5050e-01  4.5304e-05  4.4682e-05  4.4269e-05  1.2799e-03  7.6691e-03  1.0216e-03  0:00:50    6

 turbulent viscosity limited to viscosity ratio of 1.000000e+05 in 833 cells 

 Reversed flow on 718 faces of pressure-outlet 7.
  1070  3.5022e-01  4.5275e-05  4.4666e-05  4.4240e-05  1.2830e-03  9.3602e-03  1.0224e-03  0:00:42    5

 turbulent viscosity limited to viscosity ratio of 1.000000e+05 in 833 cells 

 Reversed flow on 718 faces of pressure-outlet 7.
  1071  3.5028e-01  4.5249e-05  4.4668e-05  4.4208e-05  1.2813e-03  8.7971e-03  1.0234e-03  0:00:33    4

 turbulent viscosity limited to viscosity ratio of 1.000000e+05 in 832 cells 

 Reversed flow on 715 faces of pressure-outlet 7.

  iter  continuity  x-velocity  y-velocity  z-velocity           k     epsilon  vf-phase-2     time/iter
  1072  3.4997e-01  4.5208e-05  4.4652e-05  4.4169e-05  1.2799e-03  8.2217e-03  1.0245e-03  0:00:25    3

 turbulent viscosity limited to viscosity ratio of 1.000000e+05 in 832 cells 

 Reversed flow on 719 faces of pressure-outlet 7.
  1073  3.4983e-01  4.5169e-05  4.4646e-05  4.4117e-05  1.2774e-03  8.3945e-03  1.0257e-03  0:00:16    2

 turbulent viscosity limited to viscosity ratio of 1.000000e+05 in 831 cells 

 Reversed flow on 715 faces of pressure-outlet 7.
  1074  3.4976e-01  4.5158e-05  4.4637e-05  4.4089e-05  1.2740e-03  7.3100e-03  1.0271e-03  0:00:08    1

 turbulent viscosity limited to viscosity ratio of 1.000000e+05 in 831 cells 

 Reversed flow on 716 faces of pressure-outlet 7.
  1075  3.5000e-01  4.5128e-05  4.4633e-05  4.4060e-05  1.2716e-03  7.1323e-03  1.0286e-03  0:00:00    0
iterate_700: RPC returned
progress: 700/1125

=== autosave_700 ===

Writing to EN439159:"C:\Users\qtra338\Documents\enthalpy_sweep_verified_20260721_v2\case_3_1520_1500iter_recovered_from_375_autosave_iter700.cas.h5" in NODE0 mode and compression level 1 ...
Grouping cells for Laplace smoothing ...
     5578299 cells,     1 zone  ...
    11355491 faces,     5 zones ...
     1026091 nodes,     1 zone  ...
  Done.
Done.
write_case_autosave_700: OK

Writing to EN439159:"C:\Users\qtra338\Documents\enthalpy_sweep_verified_20260721_v2\case_3_1520_1500iter_recovered_from_375_autosave_iter700.dat.h5" in NODE0 mode and compression level 1 ...
  Writing results.
Done.
write_data_autosave_700: OK
saved_pair_autosave_700: VERIFIED

  iter  continuity  x-velocity  y-velocity  z-velocity           k     epsilon  vf-phase-2     time/iter
  1075  3.5000e-01  4.5128e-05  4.4633e-05  4.4060e-05  1.2716e-03  7.1323e-03  1.0286e-03  0:03:27   25

 turbulent viscosity limited to viscosity ratio of 1.000000e+05 in 831 cells 

 Reversed flow on 718 faces of pressure-outlet 7.
  1076  3.4989e-01  4.5116e-05  4.4618e-05  4.4027e-05  1.2710e-03  7.2849e-03  1.0302e-03  0:03:22   24

 turbulent viscosity limited to viscosity ratio of 1.000000e+05 in 831 cells 

 Reversed flow on 725 faces of pressure-outlet 7.
  1077  3.4942e-01  4.5079e-05  4.4626e-05  4.3985e-05  1.2682e-03  6.9117e-03  1.0319e-03  0:03:17   23

 turbulent viscosity limited to viscosity ratio of 1.000000e+05 in 831 cells 

 Reversed flow on 721 faces of pressure-outlet 7.
  1078  3.4905e-01  4.5037e-05  4.4642e-05  4.3937e-05  1.2648e-03  6.5724e-03  1.0338e-03  0:03:06   22

 turbulent viscosity limited to viscosity ratio of 1.000000e+05 in 831 cells 

 Reversed flow on 718 faces of pressure-outlet 7.
  1079  3.4897e-01  4.5007e-05  4.4643e-05  4.3907e-05  1.2649e-03  6.9477e-03  1.0357e-03  0:02:55   21

 turbulent viscosity limited to viscosity ratio of 1.000000e+05 in 832 cells 

 Reversed flow on 727 faces of pressure-outlet 7.
  1080  3.4906e-01  4.4983e-05  4.4648e-05  4.3881e-05  1.2627e-03  7.5965e-03  1.0377e-03  0:02:50   20

 turbulent viscosity limited to viscosity ratio of 1.000000e+05 in 832 cells 

 Reversed flow on 722 faces of pressure-outlet 7.
  1081  3.4899e-01  4.4948e-05  4.4650e-05  4.3840e-05  1.2629e-03  8.2984e-03  1.0397e-03  0:02:39   19

 turbulent viscosity limited to viscosity ratio of 1.000000e+05 in 832 cells 

 Reversed flow on 708 faces of pressure-outlet 7.
  1082  3.4860e-01  4.4918e-05  4.4663e-05  4.3804e-05  1.2577e-03  6.8094e-03  1.0417e-03  0:02:33   18

 turbulent viscosity limited to viscosity ratio of 1.000000e+05 in 832 cells 

 Reversed flow on 728 faces of pressure-outlet 7.
  1083  3.4839e-01  4.4888e-05  4.4678e-05  4.3768e-05  1.2539e-03  7.1427e-03  1.0437e-03  0:02:23   17

 turbulent viscosity limited to viscosity ratio of 1.000000e+05 in 832 cells 

 Reversed flow on 738 faces of pressure-outlet 7.
  1084  3.4815e-01  4.4852e-05  4.4686e-05  4.3732e-05  1.2549e-03  7.9559e-03  1.0458e-03  0:02:13   16

 turbulent viscosity limited to viscosity ratio of 1.000000e+05 in 832 cells 

 Reversed flow on 739 faces of pressure-outlet 7.
  1085  3.4785e-01  4.4811e-05  4.4704e-05  4.3697e-05  1.2550e-03  8.0608e-03  1.0478e-03  0:02:04   15

 turbulent viscosity limited to viscosity ratio of 1.000000e+05 in 832 cells 

 Reversed flow on 739 faces of pressure-outlet 7.

  iter  continuity  x-velocity  y-velocity  z-velocity           k     epsilon  vf-phase-2     time/iter
  1086  3.4801e-01  4.4761e-05  4.4736e-05  4.3663e-05  1.2516e-03  7.3923e-03  1.0498e-03  0:01:58   14

 turbulent viscosity limited to viscosity ratio of 1.000000e+05 in 832 cells 

 Reversed flow on 734 faces of pressure-outlet 7.
  1087  3.4741e-01  4.4708e-05  4.4746e-05  4.3621e-05  1.2481e-03  6.8723e-03  1.0518e-03  0:01:48   13

 turbulent viscosity limited to viscosity ratio of 1.000000e+05 in 831 cells 

 Reversed flow on 729 faces of pressure-outlet 7.
  1088  3.4668e-01  4.4656e-05  4.4752e-05  4.3587e-05  1.2468e-03  7.4355e-03  1.0537e-03  0:01:39   12

 turbulent viscosity limited to viscosity ratio of 1.000000e+05 in 830 cells 

 Reversed flow on 737 faces of pressure-outlet 7.
  1089  3.4613e-01  4.4614e-05  4.4773e-05  4.3557e-05  1.2450e-03  7.1648e-03  1.0556e-03  0:01:32   11

 turbulent viscosity limited to viscosity ratio of 1.000000e+05 in 830 cells 

 Reversed flow on 738 faces of pressure-outlet 7.
  1090  3.4590e-01  4.4557e-05  4.4810e-05  4.3502e-05  1.2417e-03  6.8118e-03  1.0575e-03  0:01:23   10

 turbulent viscosity limited to viscosity ratio of 1.000000e+05 in 830 cells 

 Reversed flow on 746 faces of pressure-outlet 7.
  1091  3.4569e-01  4.4520e-05  4.4839e-05  4.3464e-05  1.2412e-03  7.0364e-03  1.0593e-03  0:01:14    9

 turbulent viscosity limited to viscosity ratio of 1.000000e+05 in 830 cells 

 Reversed flow on 747 faces of pressure-outlet 7.
  1092  3.4531e-01  4.4473e-05  4.4879e-05  4.3436e-05  1.2401e-03  6.7512e-03  1.0611e-03  0:01:07    8

 turbulent viscosity limited to viscosity ratio of 1.000000e+05 in 830 cells 

 Reversed flow on 741 faces of pressure-outlet 7.
  1093  3.4522e-01  4.4431e-05  4.4906e-05  4.3394e-05  1.2440e-03  9.2009e-03  1.0629e-03  0:00:58    7

 turbulent viscosity limited to viscosity ratio of 1.000000e+05 in 829 cells 

 Reversed flow on 740 faces of pressure-outlet 7.
  1094  3.4481e-01  4.4387e-05  4.4907e-05  4.3363e-05  1.2402e-03  8.4355e-03  1.0646e-03  0:00:50    6

 turbulent viscosity limited to viscosity ratio of 1.000000e+05 in 829 cells 

 Reversed flow on 749 faces of pressure-outlet 7.
  1095  3.4470e-01  4.4336e-05  4.4922e-05  4.3329e-05  1.2353e-03  7.0900e-03  1.0664e-03  0:00:42    5

 turbulent viscosity limited to viscosity ratio of 1.000000e+05 in 828 cells 

 Reversed flow on 747 faces of pressure-outlet 7.
  1096  3.4456e-01  4.4287e-05  4.4954e-05  4.3307e-05  1.2385e-03  8.4050e-03  1.0680e-03  0:00:33    4

 turbulent viscosity limited to viscosity ratio of 1.000000e+05 in 828 cells 

 Reversed flow on 739 faces of pressure-outlet 7.

  iter  continuity  x-velocity  y-velocity  z-velocity           k     epsilon  vf-phase-2     time/iter
  1097  3.4433e-01  4.4237e-05  4.4980e-05  4.3271e-05  1.2341e-03  7.9371e-03  1.0696e-03  0:00:25    3

 turbulent viscosity limited to viscosity ratio of 1.000000e+05 in 826 cells 

 Reversed flow on 747 faces of pressure-outlet 7.
  1098  3.4413e-01  4.4181e-05  4.5015e-05  4.3240e-05  1.2321e-03  7.9306e-03  1.0711e-03  0:00:17    2

 turbulent viscosity limited to viscosity ratio of 1.000000e+05 in 826 cells 

 Reversed flow on 750 faces of pressure-outlet 7.
  1099  3.4371e-01  4.4129e-05  4.5046e-05  4.3190e-05  1.2320e-03  8.4557e-03  1.0726e-03  0:00:08    1

 turbulent viscosity limited to viscosity ratio of 1.000000e+05 in 826 cells 

 Reversed flow on 748 faces of pressure-outlet 7.
  1100  3.4330e-01  4.4084e-05  4.5065e-05  4.3146e-05  1.2270e-03  6.5936e-03  1.0740e-03  0:00:00    0
iterate_725: RPC returned
progress: 725/1125

  iter  continuity  x-velocity  y-velocity  z-velocity           k     epsilon  vf-phase-2     time/iter
  1100  3.4330e-01  4.4084e-05  4.5065e-05  4.3146e-05  1.2270e-03  6.5936e-03  1.0740e-03  0:03:27   25

 turbulent viscosity limited to viscosity ratio of 1.000000e+05 in 826 cells 

 Reversed flow on 745 faces of pressure-outlet 7.
  1101  3.4302e-01  4.4035e-05  4.5113e-05  4.3119e-05  1.2257e-03  6.7568e-03  1.0753e-03  0:03:22   24

 turbulent viscosity limited to viscosity ratio of 1.000000e+05 in 826 cells 

 Reversed flow on 746 faces of pressure-outlet 7.
  1102  3.4294e-01  4.3998e-05  4.5149e-05  4.3075e-05  1.2237e-03  6.9220e-03  1.0765e-03  0:03:12   23

 turbulent viscosity limited to viscosity ratio of 1.000000e+05 in 826 cells 

 Reversed flow on 754 faces of pressure-outlet 7.
  1103  3.4263e-01  4.3958e-05  4.5183e-05  4.3033e-05  1.2226e-03  6.7667e-03  1.0776e-03  0:03:02   22

 turbulent viscosity limited to viscosity ratio of 1.000000e+05 in 826 cells 

 Reversed flow on 763 faces of pressure-outlet 7.
  1104  3.4264e-01  4.3911e-05  4.5226e-05  4.3003e-05  1.2213e-03  7.2702e-03  1.0787e-03  0:02:52   21

 turbulent viscosity limited to viscosity ratio of 1.000000e+05 in 826 cells 

 Reversed flow on 763 faces of pressure-outlet 7.
  1105  3.4232e-01  4.3873e-05  4.5250e-05  4.2965e-05  1.2214e-03  7.8840e-03  1.0796e-03  0:02:47   20

 turbulent viscosity limited to viscosity ratio of 1.000000e+05 in 826 cells 

 Reversed flow on 763 faces of pressure-outlet 7.
  1106  3.4239e-01  4.3818e-05  4.5279e-05  4.2923e-05  1.2178e-03  7.3200e-03  1.0805e-03  0:02:38   19

 turbulent viscosity limited to viscosity ratio of 1.000000e+05 in 826 cells 

 Reversed flow on 765 faces of pressure-outlet 7.
  1107  3.4216e-01  4.3761e-05  4.5307e-05  4.2893e-05  1.2167e-03  7.6625e-03  1.0814e-03  0:02:28   18

 turbulent viscosity limited to viscosity ratio of 1.000000e+05 in 826 cells 

 Reversed flow on 774 faces of pressure-outlet 7.
  1108  3.4207e-01  4.3701e-05  4.5345e-05  4.2859e-05  1.2137e-03  7.0227e-03  1.0822e-03  0:02:23   17

 turbulent viscosity limited to viscosity ratio of 1.000000e+05 in 826 cells 

 Reversed flow on 769 faces of pressure-outlet 7.
  1109  3.4183e-01  4.3646e-05  4.5391e-05  4.2831e-05  1.2157e-03  9.4948e-03  1.0829e-03  0:02:13   16

 turbulent viscosity limited to viscosity ratio of 1.000000e+05 in 826 cells 

 Reversed flow on 762 faces of pressure-outlet 7.
  1110  3.4168e-01  4.3580e-05  4.5437e-05  4.2815e-05  1.2162e-03  8.1773e-03  1.0835e-03  0:02:07   15

 turbulent viscosity limited to viscosity ratio of 1.000000e+05 in 826 cells 

 Reversed flow on 774 faces of pressure-outlet 7.

  iter  continuity  x-velocity  y-velocity  z-velocity           k     epsilon  vf-phase-2     time/iter
  1111  3.4107e-01  4.3514e-05  4.5473e-05  4.2776e-05  1.2114e-03  7.8042e-03  1.0841e-03  0:01:57   14

 turbulent viscosity limited to viscosity ratio of 1.000000e+05 in 826 cells 

 Reversed flow on 766 faces of pressure-outlet 7.
  1112  3.4078e-01  4.3446e-05  4.5519e-05  4.2747e-05  1.2108e-03  7.9964e-03  1.0848e-03  0:01:48   13

 turbulent viscosity limited to viscosity ratio of 1.000000e+05 in 826 cells 

 Reversed flow on 765 faces of pressure-outlet 7.
  1113  3.4052e-01  4.3379e-05  4.5567e-05  4.2709e-05  1.2086e-03  6.9257e-03  1.0854e-03  0:01:41   12

 turbulent viscosity limited to viscosity ratio of 1.000000e+05 in 825 cells 

 Reversed flow on 768 faces of pressure-outlet 7.
  1114  3.3986e-01  4.3302e-05  4.5599e-05  4.2675e-05  1.2086e-03  8.0663e-03  1.0859e-03  0:01:32   11

 turbulent viscosity limited to viscosity ratio of 1.000000e+05 in 825 cells 

 Reversed flow on 775 faces of pressure-outlet 7.
  1115  3.3952e-01  4.3226e-05  4.5650e-05  4.2645e-05  1.2083e-03  7.8401e-03  1.0863e-03  0:01:25   10

 turbulent viscosity limited to viscosity ratio of 1.000000e+05 in 825 cells 

 Reversed flow on 773 faces of pressure-outlet 7.
  1116  3.3932e-01  4.3161e-05  4.5699e-05  4.2622e-05  1.2050e-03  7.0102e-03  1.0866e-03  0:01:15    9

 turbulent viscosity limited to viscosity ratio of 1.000000e+05 in 823 cells 

 Reversed flow on 777 faces of pressure-outlet 7.
  1117  3.3923e-01  4.3093e-05  4.5748e-05  4.2586e-05  1.2021e-03  6.3595e-03  1.0869e-03  0:01:06    8

 turbulent viscosity limited to viscosity ratio of 1.000000e+05 in 823 cells 

 Reversed flow on 770 faces of pressure-outlet 7.
  1118  3.3894e-01  4.3013e-05  4.5790e-05  4.2556e-05  1.2022e-03  7.5684e-03  1.0872e-03  0:00:59    7

 turbulent viscosity limited to viscosity ratio of 1.000000e+05 in 823 cells 

 Reversed flow on 770 faces of pressure-outlet 7.
  1119  3.3893e-01  4.2933e-05  4.5849e-05  4.2540e-05  1.2036e-03  8.5082e-03  1.0874e-03  0:00:50    6

 turbulent viscosity limited to viscosity ratio of 1.000000e+05 in 823 cells 

 Reversed flow on 782 faces of pressure-outlet 7.
  1120  3.3888e-01  4.2860e-05  4.5905e-05  4.2531e-05  1.2050e-03  8.6852e-03  1.0875e-03  0:00:41    5

 turbulent viscosity limited to viscosity ratio of 1.000000e+05 in 823 cells 

 Reversed flow on 775 faces of pressure-outlet 7.
  1121  3.3887e-01  4.2786e-05  4.5952e-05  4.2523e-05  1.2017e-03  7.3423e-03  1.0877e-03  0:00:34    4

 turbulent viscosity limited to viscosity ratio of 1.000000e+05 in 823 cells 

 Reversed flow on 772 faces of pressure-outlet 7.

  iter  continuity  x-velocity  y-velocity  z-velocity           k     epsilon  vf-phase-2     time/iter
  1122  3.3870e-01  4.2704e-05  4.5992e-05  4.2500e-05  1.2005e-03  8.0096e-03  1.0879e-03  0:00:25    3

 turbulent viscosity limited to viscosity ratio of 1.000000e+05 in 822 cells 

 Reversed flow on 777 faces of pressure-outlet 7.
  1123  3.3838e-01  4.2633e-05  4.6041e-05  4.2479e-05  1.1965e-03  6.8762e-03  1.0880e-03  0:00:17    2

 turbulent viscosity limited to viscosity ratio of 1.000000e+05 in 823 cells 

 Reversed flow on 768 faces of pressure-outlet 7.
  1124  3.3850e-01  4.2555e-05  4.6098e-05  4.2464e-05  1.2015e-03  9.6108e-03  1.0882e-03  0:00:08    1

 turbulent viscosity limited to viscosity ratio of 1.000000e+05 in 823 cells 

 Reversed flow on 757 faces of pressure-outlet 7.
  1125  3.3822e-01  4.2496e-05  4.6147e-05  4.2466e-05  1.2013e-03  9.2611e-03  1.0884e-03  0:00:00    0
iterate_750: RPC returned
progress: 750/1125

  iter  continuity  x-velocity  y-velocity  z-velocity           k     epsilon  vf-phase-2     time/iter
  1125  3.3822e-01  4.2496e-05  4.6147e-05  4.2466e-05  1.2013e-03  9.2611e-03  1.0884e-03  0:03:28   25

 turbulent viscosity limited to viscosity ratio of 1.000000e+05 in 823 cells 

 Reversed flow on 770 faces of pressure-outlet 7.
  1126  3.3799e-01  4.2408e-05  4.6197e-05  4.2452e-05  1.2027e-03  1.0224e-02  1.0886e-03  0:03:23   24

 turbulent viscosity limited to viscosity ratio of 1.000000e+05 in 824 cells 

 Reversed flow on 775 faces of pressure-outlet 7.
  1127  3.3740e-01  4.2328e-05  4.6236e-05  4.2447e-05  1.1991e-03  8.8893e-03  1.0888e-03  0:03:13   23

 turbulent viscosity limited to viscosity ratio of 1.000000e+05 in 824 cells 

 Reversed flow on 780 faces of pressure-outlet 7.
  1128  3.3693e-01  4.2257e-05  4.6269e-05  4.2448e-05  1.1957e-03  7.9682e-03  1.0890e-03  0:03:07   22

 turbulent viscosity limited to viscosity ratio of 1.000000e+05 in 824 cells 

 Reversed flow on 772 faces of pressure-outlet 7.
  1129  3.3691e-01  4.2196e-05  4.6311e-05  4.2454e-05  1.1944e-03  7.0287e-03  1.0893e-03  0:02:56   21

 turbulent viscosity limited to viscosity ratio of 1.000000e+05 in 824 cells 

 Reversed flow on 765 faces of pressure-outlet 7.
  1130  3.3680e-01  4.2135e-05  4.6346e-05  4.2448e-05  1.1912e-03  6.8152e-03  1.0896e-03  0:02:46   20

 turbulent viscosity limited to viscosity ratio of 1.000000e+05 in 825 cells 

 Reversed flow on 764 faces of pressure-outlet 7.
  1131  3.3692e-01  4.2090e-05  4.6386e-05  4.2454e-05  1.1891e-03  7.3702e-03  1.0900e-03  0:02:41   19

 turbulent viscosity limited to viscosity ratio of 1.000000e+05 in 825 cells 

 Reversed flow on 758 faces of pressure-outlet 7.
  1132  3.3702e-01  4.2033e-05  4.6435e-05  4.2451e-05  1.1903e-03  7.3725e-03  1.0904e-03  0:02:31   18

 turbulent viscosity limited to viscosity ratio of 1.000000e+05 in 825 cells 

 Reversed flow on 760 faces of pressure-outlet 7.
  1133  3.3691e-01  4.1994e-05  4.6483e-05  4.2478e-05  1.1896e-03  6.6578e-03  1.0909e-03  0:02:21   17

 turbulent viscosity limited to viscosity ratio of 1.000000e+05 in 825 cells 

 Reversed flow on 760 faces of pressure-outlet 7.
  1134  3.3682e-01  4.1954e-05  4.6516e-05  4.2486e-05  1.1904e-03  6.9723e-03  1.0914e-03  0:02:15   16

 turbulent viscosity limited to viscosity ratio of 1.000000e+05 in 824 cells 

 Reversed flow on 772 faces of pressure-outlet 7.
  1135  3.3667e-01  4.1920e-05  4.6560e-05  4.2505e-05  1.1898e-03  7.3483e-03  1.0919e-03  0:02:05   15

 turbulent viscosity limited to viscosity ratio of 1.000000e+05 in 824 cells 

 Reversed flow on 769 faces of pressure-outlet 7.

  iter  continuity  x-velocity  y-velocity  z-velocity           k     epsilon  vf-phase-2     time/iter
  1136  3.3646e-01  4.1894e-05  4.6600e-05  4.2525e-05  1.1876e-03  7.0024e-03  1.0924e-03  0:01:56   14

 turbulent viscosity limited to viscosity ratio of 1.000000e+05 in 824 cells 

 Reversed flow on 774 faces of pressure-outlet 7.
  1137  3.3631e-01  4.1853e-05  4.6635e-05  4.2536e-05  1.1850e-03  6.1867e-03  1.0929e-03  0:01:49   13

 turbulent viscosity limited to viscosity ratio of 1.000000e+05 in 825 cells 

 Reversed flow on 763 faces of pressure-outlet 7.
  1138  3.3620e-01  4.1828e-05  4.6667e-05  4.2551e-05  1.1878e-03  7.7042e-03  1.0934e-03  0:01:40   12

 turbulent viscosity limited to viscosity ratio of 1.000000e+05 in 825 cells 

 Reversed flow on 761 faces of pressure-outlet 7.
  1139  3.3576e-01  4.1800e-05  4.6704e-05  4.2572e-05  1.1859e-03  6.9420e-03  1.0940e-03  0:01:31   11

 turbulent viscosity limited to viscosity ratio of 1.000000e+05 in 825 cells 

 Reversed flow on 767 faces of pressure-outlet 7.
  1140  3.3529e-01  4.1777e-05  4.6735e-05  4.2592e-05  1.1867e-03  7.1908e-03  1.0946e-03  0:01:24   10

 turbulent viscosity limited to viscosity ratio of 1.000000e+05 in 825 cells 

 Reversed flow on 766 faces of pressure-outlet 7.
  1141  3.3519e-01  4.1757e-05  4.6769e-05  4.2611e-05  1.1843e-03  6.6008e-03  1.0953e-03  0:01:15    9

 turbulent viscosity limited to viscosity ratio of 1.000000e+05 in 825 cells 

 Reversed flow on 767 faces of pressure-outlet 7.
  1142  3.3507e-01  4.1740e-05  4.6809e-05  4.2630e-05  1.1844e-03  6.7417e-03  1.0959e-03  0:01:06    8

 turbulent viscosity limited to viscosity ratio of 1.000000e+05 in 824 cells 

 Reversed flow on 765 faces of pressure-outlet 7.
  1143  3.3508e-01  4.1727e-05  4.6852e-05  4.2660e-05  1.1835e-03  6.8301e-03  1.0965e-03  0:00:59    7

 turbulent viscosity limited to viscosity ratio of 1.000000e+05 in 824 cells 

 Reversed flow on 768 faces of pressure-outlet 7.
  1144  3.3507e-01  4.1703e-05  4.6896e-05  4.2676e-05  1.1825e-03  6.1207e-03  1.0972e-03  0:00:50    6

 turbulent viscosity limited to viscosity ratio of 1.000000e+05 in 824 cells 

 Reversed flow on 770 faces of pressure-outlet 7.
  1145  3.3525e-01  4.1675e-05  4.6928e-05  4.2690e-05  1.1806e-03  6.4432e-03  1.0977e-03  0:00:41    5

 turbulent viscosity limited to viscosity ratio of 1.000000e+05 in 824 cells 

 Reversed flow on 768 faces of pressure-outlet 7.
  1146  3.3498e-01  4.1660e-05  4.6964e-05  4.2706e-05  1.1804e-03  6.3311e-03  1.0982e-03  0:00:34    4

 turbulent viscosity limited to viscosity ratio of 1.000000e+05 in 822 cells 

 Reversed flow on 767 faces of pressure-outlet 7.

  iter  continuity  x-velocity  y-velocity  z-velocity           k     epsilon  vf-phase-2     time/iter
  1147  3.3507e-01  4.1643e-05  4.7008e-05  4.2710e-05  1.1801e-03  6.1842e-03  1.0987e-03  0:00:25    3

 turbulent viscosity limited to viscosity ratio of 1.000000e+05 in 822 cells 

 Reversed flow on 760 faces of pressure-outlet 7.
  1148  3.3512e-01  4.1632e-05  4.7049e-05  4.2718e-05  1.1827e-03  7.9641e-03  1.0992e-03  0:00:17    2

 turbulent viscosity limited to viscosity ratio of 1.000000e+05 in 822 cells 

 Reversed flow on 757 faces of pressure-outlet 7.
  1149  3.3502e-01  4.1631e-05  4.7094e-05  4.2742e-05  1.1844e-03  8.2315e-03  1.0996e-03  0:00:08    1

 turbulent viscosity limited to viscosity ratio of 1.000000e+05 in 822 cells 

 Reversed flow on 770 faces of pressure-outlet 7.
  1150  3.3459e-01  4.1624e-05  4.7148e-05  4.2754e-05  1.1853e-03  7.6102e-03  1.1000e-03  0:00:00    0
iterate_775: RPC returned
progress: 775/1125

  iter  continuity  x-velocity  y-velocity  z-velocity           k     epsilon  vf-phase-2     time/iter
  1150  3.3459e-01  4.1624e-05  4.7148e-05  4.2754e-05  1.1853e-03  7.6102e-03  1.1000e-03  0:03:28   25

 turbulent viscosity limited to viscosity ratio of 1.000000e+05 in 822 cells 

 Reversed flow on 771 faces of pressure-outlet 7.
  1151  3.3484e-01  4.1627e-05  4.7205e-05  4.2762e-05  1.1861e-03  8.2068e-03  1.1003e-03  0:03:18   24

 turbulent viscosity limited to viscosity ratio of 1.000000e+05 in 822 cells 

 Reversed flow on 771 faces of pressure-outlet 7.
  1152  3.3451e-01  4.1630e-05  4.7245e-05  4.2770e-05  1.1846e-03  6.6778e-03  1.1006e-03  0:03:13   23

 turbulent viscosity limited to viscosity ratio of 1.000000e+05 in 821 cells 

 Reversed flow on 758 faces of pressure-outlet 7.
  1153  3.3450e-01  4.1617e-05  4.7285e-05  4.2786e-05  1.1827e-03  6.6117e-03  1.1007e-03  0:03:03   22

 turbulent viscosity limited to viscosity ratio of 1.000000e+05 in 822 cells 

 Reversed flow on 766 faces of pressure-outlet 7.
  1154  3.3419e-01  4.1612e-05  4.7314e-05  4.2793e-05  1.1802e-03  5.7122e-03  1.1008e-03  0:02:54   21

 turbulent viscosity limited to viscosity ratio of 1.000000e+05 in 822 cells 

 Reversed flow on 761 faces of pressure-outlet 7.
  1155  3.3426e-01  4.1620e-05  4.7349e-05  4.2804e-05  1.1835e-03  6.3456e-03  1.1009e-03  0:02:48   20

 turbulent viscosity limited to viscosity ratio of 1.000000e+05 in 822 cells 

 Reversed flow on 763 faces of pressure-outlet 7.
  1156  3.3436e-01  4.1626e-05  4.7379e-05  4.2813e-05  1.1829e-03  6.0219e-03  1.1010e-03  0:02:38   19

 turbulent viscosity limited to viscosity ratio of 1.000000e+05 in 822 cells 

 Reversed flow on 762 faces of pressure-outlet 7.
  1157  3.3449e-01  4.1637e-05  4.7422e-05  4.2815e-05  1.1832e-03  6.2907e-03  1.1010e-03  0:02:29   18

 turbulent viscosity limited to viscosity ratio of 1.000000e+05 in 822 cells 

 Reversed flow on 752 faces of pressure-outlet 7.
  1158  3.3489e-01  4.1652e-05  4.7462e-05  4.2814e-05  1.1869e-03  6.3526e-03  1.1009e-03  0:02:23   17

 turbulent viscosity limited to viscosity ratio of 1.000000e+05 in 822 cells 

 Reversed flow on 750 faces of pressure-outlet 7.
  1159  3.3530e-01  4.1668e-05  4.7503e-05  4.2804e-05  1.1873e-03  6.1083e-03  1.1008e-03  0:02:13   16

 turbulent viscosity limited to viscosity ratio of 1.000000e+05 in 822 cells 

 Reversed flow on 756 faces of pressure-outlet 7.
  1160  3.3578e-01  4.1696e-05  4.7543e-05  4.2808e-05  1.1892e-03  6.5550e-03  1.1007e-03  0:02:04   15

 turbulent viscosity limited to viscosity ratio of 1.000000e+05 in 822 cells 

 Reversed flow on 763 faces of pressure-outlet 7.

  iter  continuity  x-velocity  y-velocity  z-velocity           k     epsilon  vf-phase-2     time/iter
  1161  3.3615e-01  4.1692e-05  4.7579e-05  4.2793e-05  1.1873e-03  5.3446e-03  1.1007e-03  0:01:55   14

 turbulent viscosity limited to viscosity ratio of 1.000000e+05 in 822 cells 

 Reversed flow on 760 faces of pressure-outlet 7.
  1162  3.3632e-01  4.1697e-05  4.7618e-05  4.2804e-05  1.1894e-03  6.0283e-03  1.1006e-03  0:01:49   13

 turbulent viscosity limited to viscosity ratio of 1.000000e+05 in 822 cells 

 Reversed flow on 760 faces of pressure-outlet 7.
  1163  3.3649e-01  4.1703e-05  4.7641e-05  4.2812e-05  1.1914e-03  7.0199e-03  1.1005e-03  0:01:40   12

 turbulent viscosity limited to viscosity ratio of 1.000000e+05 in 822 cells 

 Reversed flow on 759 faces of pressure-outlet 7.
  1164  3.3685e-01  4.1730e-05  4.7674e-05  4.2807e-05  1.1922e-03  6.0331e-03  1.1004e-03  0:01:31   11

 turbulent viscosity limited to viscosity ratio of 1.000000e+05 in 822 cells 

 Reversed flow on 757 faces of pressure-outlet 7.
  1165  3.3708e-01  4.1752e-05  4.7708e-05  4.2819e-05  1.1946e-03  6.1337e-03  1.1004e-03  0:01:24   10

 turbulent viscosity limited to viscosity ratio of 1.000000e+05 in 822 cells 

 Reversed flow on 754 faces of pressure-outlet 7.
  1166  3.3759e-01  4.1782e-05  4.7746e-05  4.2830e-05  1.1962e-03  6.1570e-03  1.1003e-03  0:01:15    9

 turbulent viscosity limited to viscosity ratio of 1.000000e+05 in 822 cells 

 Reversed flow on 758 faces of pressure-outlet 7.
  1167  3.3779e-01  4.1825e-05  4.7765e-05  4.2841e-05  1.1971e-03  6.1968e-03  1.1003e-03  0:01:06    8

 turbulent viscosity limited to viscosity ratio of 1.000000e+05 in 822 cells 

 Reversed flow on 758 faces of pressure-outlet 7.
  1168  3.3810e-01  4.1871e-05  4.7781e-05  4.2831e-05  1.1973e-03  5.9805e-03  1.1003e-03  0:00:59    7

 turbulent viscosity limited to viscosity ratio of 1.000000e+05 in 822 cells 

 Reversed flow on 762 faces of pressure-outlet 7.
  1169  3.3865e-01  4.1910e-05  4.7816e-05  4.2843e-05  1.1992e-03  6.0885e-03  1.1004e-03  0:00:50    6

 turbulent viscosity limited to viscosity ratio of 1.000000e+05 in 822 cells 

 Reversed flow on 752 faces of pressure-outlet 7.
  1170  3.3912e-01  4.1948e-05  4.7836e-05  4.2849e-05  1.2012e-03  5.7705e-03  1.1005e-03  0:00:41    5

 turbulent viscosity limited to viscosity ratio of 1.000000e+05 in 822 cells 

 Reversed flow on 759 faces of pressure-outlet 7.
  1171  3.3949e-01  4.1995e-05  4.7863e-05  4.2849e-05  1.2040e-03  6.3018e-03  1.1006e-03  0:00:34    4

 turbulent viscosity limited to viscosity ratio of 1.000000e+05 in 822 cells 

 Reversed flow on 757 faces of pressure-outlet 7.

  iter  continuity  x-velocity  y-velocity  z-velocity           k     epsilon  vf-phase-2     time/iter
  1172  3.3991e-01  4.2055e-05  4.7888e-05  4.2861e-05  1.2051e-03  5.7960e-03  1.1008e-03  0:00:25    3

 turbulent viscosity limited to viscosity ratio of 1.000000e+05 in 820 cells 

 Reversed flow on 757 faces of pressure-outlet 7.
  1173  3.4048e-01  4.2109e-05  4.7917e-05  4.2857e-05  1.2057e-03  5.3992e-03  1.1011e-03  0:00:17    2

 turbulent viscosity limited to viscosity ratio of 1.000000e+05 in 821 cells 

 Reversed flow on 749 faces of pressure-outlet 7.
  1174  3.4073e-01  4.2174e-05  4.7945e-05  4.2859e-05  1.2061e-03  5.5176e-03  1.1015e-03  0:00:08    1

iterate_800: RPC returned
progress: 800/1125

=== autosave_800 ===
 turbulent viscosity limited to viscosity ratio of 1.000000e+05 in 821 cells 

 Reversed flow on 739 faces of pressure-outlet 7.
  1175  3.4129e-01  4.2243e-05  4.7976e-05  4.2870e-05  1.2098e-03  5.6622e-03  1.1020e-03  0:00:00    0

Writing to EN439159:"C:\Users\qtra338\Documents\enthalpy_sweep_verified_20260721_v2\case_3_1520_1500iter_recovered_from_375_autosave_iter800.cas.h5" in NODE0 mode and compression level 1 ...
Grouping cells for Laplace smoothing ...
     5578299 cells,     1 zone  ...
    11355491 faces,     5 zones ...
     1026091 nodes,     1 zone  ...
  Done.
Done.
write_case_autosave_800: OK

Writing to EN439159:"C:\Users\qtra338\Documents\enthalpy_sweep_verified_20260721_v2\case_3_1520_1500iter_recovered_from_375_autosave_iter800.dat.h5" in NODE0 mode and compression level 1 ...
  Writing results.
Done.
write_data_autosave_800: OK
saved_pair_autosave_800: VERIFIED

  iter  continuity  x-velocity  y-velocity  z-velocity           k     epsilon  vf-phase-2     time/iter
  1175  3.4129e-01  4.2243e-05  4.7976e-05  4.2870e-05  1.2098e-03  5.6622e-03  1.1020e-03  0:03:28   25

 turbulent viscosity limited to viscosity ratio of 1.000000e+05 in 820 cells 

 Reversed flow on 740 faces of pressure-outlet 7.
  1176  3.4179e-01  4.2322e-05  4.8006e-05  4.2884e-05  1.2129e-03  6.2631e-03  1.1025e-03  0:03:28   24

 turbulent viscosity limited to viscosity ratio of 1.000000e+05 in 820 cells 

 Reversed flow on 751 faces of pressure-outlet 7.
  1177  3.4248e-01  4.2409e-05  4.8038e-05  4.2873e-05  1.2163e-03  6.3146e-03  1.1032e-03  0:03:16   23

 turbulent viscosity limited to viscosity ratio of 1.000000e+05 in 818 cells 

 Reversed flow on 744 faces of pressure-outlet 7.
  1178  3.4300e-01  4.2479e-05  4.8078e-05  4.2874e-05  1.2168e-03  6.2042e-03  1.1039e-03  0:03:05   22

 turbulent viscosity limited to viscosity ratio of 1.000000e+05 in 819 cells 

 Reversed flow on 749 faces of pressure-outlet 7.
  1179  3.4353e-01  4.2563e-05  4.8119e-05  4.2875e-05  1.2200e-03  6.2075e-03  1.1048e-03  0:02:55   21

 turbulent viscosity limited to viscosity ratio of 1.000000e+05 in 819 cells 

 Reversed flow on 748 faces of pressure-outlet 7.
  1180  3.4403e-01  4.2647e-05  4.8154e-05  4.2873e-05  1.2205e-03  6.0654e-03  1.1058e-03  0:02:49   20

 turbulent viscosity limited to viscosity ratio of 1.000000e+05 in 819 cells 

 Reversed flow on 745 faces of pressure-outlet 7.
  1181  3.4431e-01  4.2716e-05  4.8189e-05  4.2866e-05  1.2213e-03  5.4171e-03  1.1068e-03  0:02:39   19

 turbulent viscosity limited to viscosity ratio of 1.000000e+05 in 819 cells 

 Reversed flow on 744 faces of pressure-outlet 7.
  1182  3.4449e-01  4.2795e-05  4.8220e-05  4.2870e-05  1.2217e-03  4.7600e-03  1.1079e-03  0:02:33   18

 turbulent viscosity limited to viscosity ratio of 1.000000e+05 in 819 cells 

 Reversed flow on 735 faces of pressure-outlet 7.
  1183  3.4480e-01  4.2865e-05  4.8257e-05  4.2877e-05  1.2229e-03  4.8437e-03  1.1091e-03  0:02:23   17

 turbulent viscosity limited to viscosity ratio of 1.000000e+05 in 820 cells 

 Reversed flow on 741 faces of pressure-outlet 7.
  1184  3.4506e-01  4.2935e-05  4.8289e-05  4.2878e-05  1.2295e-03  7.2142e-03  1.1103e-03  0:02:13   16

 turbulent viscosity limited to viscosity ratio of 1.000000e+05 in 820 cells 

 Reversed flow on 745 faces of pressure-outlet 7.
  1185  3.4548e-01  4.3022e-05  4.8324e-05  4.2881e-05  1.2320e-03  6.2329e-03  1.1115e-03  0:02:07   15

 turbulent viscosity limited to viscosity ratio of 1.000000e+05 in 820 cells 

 Reversed flow on 746 faces of pressure-outlet 7.

  iter  continuity  x-velocity  y-velocity  z-velocity           k     epsilon  vf-phase-2     time/iter
  1186  3.4601e-01  4.3119e-05  4.8372e-05  4.2865e-05  1.2316e-03  5.9385e-03  1.1128e-03  0:01:57   14

 turbulent viscosity limited to viscosity ratio of 1.000000e+05 in 820 cells 

 Reversed flow on 747 faces of pressure-outlet 7.
  1187  3.4621e-01  4.3208e-05  4.8415e-05  4.2868e-05  1.2336e-03  5.3228e-03  1.1141e-03  0:01:48   13

 turbulent viscosity limited to viscosity ratio of 1.000000e+05 in 820 cells 

 Reversed flow on 749 faces of pressure-outlet 7.
  1188  3.4645e-01  4.3286e-05  4.8464e-05  4.2868e-05  1.2335e-03  5.0051e-03  1.1155e-03  0:01:41   12

 turbulent viscosity limited to viscosity ratio of 1.000000e+05 in 820 cells 

 Reversed flow on 744 faces of pressure-outlet 7.
  1189  3.4686e-01  4.3354e-05  4.8494e-05  4.2857e-05  1.2358e-03  5.1789e-03  1.1168e-03  0:01:32   11

 turbulent viscosity limited to viscosity ratio of 1.000000e+05 in 820 cells 

 Reversed flow on 731 faces of pressure-outlet 7.
  1190  3.4743e-01  4.3442e-05  4.8543e-05  4.2852e-05  1.2368e-03  4.6097e-03  1.1182e-03  0:01:23   10

 turbulent viscosity limited to viscosity ratio of 1.000000e+05 in 820 cells 

 Reversed flow on 729 faces of pressure-outlet 7.
  1191  3.4790e-01  4.3518e-05  4.8601e-05  4.2841e-05  1.2404e-03  5.2942e-03  1.1196e-03  0:01:16    9

 turbulent viscosity limited to viscosity ratio of 1.000000e+05 in 820 cells 

 Reversed flow on 732 faces of pressure-outlet 7.
  1192  3.4828e-01  4.3609e-05  4.8649e-05  4.2844e-05  1.2437e-03  6.5421e-03  1.1209e-03  0:01:07    8

 turbulent viscosity limited to viscosity ratio of 1.000000e+05 in 820 cells 

 Reversed flow on 740 faces of pressure-outlet 7.
  1193  3.4892e-01  4.3683e-05  4.8702e-05  4.2832e-05  1.2434e-03  6.0181e-03  1.1222e-03  0:00:58    7

 turbulent viscosity limited to viscosity ratio of 1.000000e+05 in 820 cells 

 Reversed flow on 736 faces of pressure-outlet 7.
  1194  3.4957e-01  4.3760e-05  4.8755e-05  4.2815e-05  1.2493e-03  6.5925e-03  1.1233e-03  0:00:50    6

 turbulent viscosity limited to viscosity ratio of 1.000000e+05 in 820 cells 

 Reversed flow on 723 faces of pressure-outlet 7.
  1195  3.5007e-01  4.3856e-05  4.8804e-05  4.2810e-05  1.2530e-03  6.7768e-03  1.1243e-03  0:00:42    5

 turbulent viscosity limited to viscosity ratio of 1.000000e+05 in 819 cells 

 Reversed flow on 736 faces of pressure-outlet 7.
  1196  3.5023e-01  4.3926e-05  4.8844e-05  4.2812e-05  1.2494e-03  5.5615e-03  1.1255e-03  0:00:33    4

 turbulent viscosity limited to viscosity ratio of 1.000000e+05 in 818 cells 

 Reversed flow on 739 faces of pressure-outlet 7.

  iter  continuity  x-velocity  y-velocity  z-velocity           k     epsilon  vf-phase-2     time/iter
  1197  3.5037e-01  4.3994e-05  4.8877e-05  4.2810e-05  1.2512e-03  5.4852e-03  1.1265e-03  0:00:25    3

 turbulent viscosity limited to viscosity ratio of 1.000000e+05 in 818 cells 

 Reversed flow on 727 faces of pressure-outlet 7.
  1198  3.5096e-01  4.4073e-05  4.8930e-05  4.2810e-05  1.2522e-03  5.0855e-03  1.1275e-03  0:00:17    2

 turbulent viscosity limited to viscosity ratio of 1.000000e+05 in 818 cells 

 Reversed flow on 726 faces of pressure-outlet 7.
  1199  3.5103e-01  4.4141e-05  4.8964e-05  4.2827e-05  1.2539e-03  5.1924e-03  1.1285e-03  0:00:08    1

 turbulent viscosity limited to viscosity ratio of 1.000000e+05 in 818 cells 

 Reversed flow on 726 faces of pressure-outlet 7.
  1200  3.5109e-01  4.4215e-05  4.8994e-05  4.2835e-05  1.2556e-03  5.0780e-03  1.1296e-03  0:00:00    0
iterate_825: RPC returned
progress: 825/1125

  iter  continuity  x-velocity  y-velocity  z-velocity           k     epsilon  vf-phase-2     time/iter
  1200  3.5109e-01  4.4215e-05  4.8994e-05  4.2835e-05  1.2556e-03  5.0780e-03  1.1296e-03  0:03:26   25

 turbulent viscosity limited to viscosity ratio of 1.000000e+05 in 819 cells 

 Reversed flow on 734 faces of pressure-outlet 7.
  1201  3.5120e-01  4.4266e-05  4.9023e-05  4.2840e-05  1.2600e-03  5.6863e-03  1.1307e-03  0:03:21   24

 turbulent viscosity limited to viscosity ratio of 1.000000e+05 in 819 cells 

 Reversed flow on 736 faces of pressure-outlet 7.
  1202  3.5122e-01  4.4332e-05  4.9056e-05  4.2848e-05  1.2613e-03  5.3341e-03  1.1317e-03  0:03:11   23

 turbulent viscosity limited to viscosity ratio of 1.000000e+05 in 819 cells 

 Reversed flow on 727 faces of pressure-outlet 7.
  1203  3.5164e-01  4.4379e-05  4.9104e-05  4.2855e-05  1.2637e-03  5.9038e-03  1.1326e-03  0:03:01   22

 turbulent viscosity limited to viscosity ratio of 1.000000e+05 in 818 cells 

 Reversed flow on 732 faces of pressure-outlet 7.
  1204  3.5179e-01  4.4425e-05  4.9133e-05  4.2874e-05  1.2656e-03  5.7054e-03  1.1334e-03  0:02:56   21

 turbulent viscosity limited to viscosity ratio of 1.000000e+05 in 817 cells 

 Reversed flow on 739 faces of pressure-outlet 7.
  1205  3.5194e-01  4.4474e-05  4.9152e-05  4.2895e-05  1.2700e-03  6.0909e-03  1.1342e-03  0:02:46   20

 turbulent viscosity limited to viscosity ratio of 1.000000e+05 in 816 cells 

 Reversed flow on 737 faces of pressure-outlet 7.
  1206  3.5189e-01  4.4513e-05  4.9182e-05  4.2919e-05  1.2718e-03  6.7718e-03  1.1350e-03  0:02:37   19

 turbulent viscosity limited to viscosity ratio of 1.000000e+05 in 817 cells 

 Reversed flow on 732 faces of pressure-outlet 7.
  1207  3.5216e-01  4.4551e-05  4.9207e-05  4.2922e-05  1.2742e-03  6.4076e-03  1.1358e-03  0:02:31   18

 turbulent viscosity limited to viscosity ratio of 1.000000e+05 in 817 cells 

 Reversed flow on 735 faces of pressure-outlet 7.
  1208  3.5225e-01  4.4586e-05  4.9222e-05  4.2944e-05  1.2768e-03  6.3067e-03  1.1364e-03  0:02:22   17

 turbulent viscosity limited to viscosity ratio of 1.000000e+05 in 816 cells 

 Reversed flow on 731 faces of pressure-outlet 7.
  1209  3.5231e-01  4.4615e-05  4.9232e-05  4.2950e-05  1.2770e-03  5.5991e-03  1.1371e-03  0:02:12   16

 turbulent viscosity limited to viscosity ratio of 1.000000e+05 in 816 cells 

 Reversed flow on 733 faces of pressure-outlet 7.
  1210  3.5237e-01  4.4635e-05  4.9236e-05  4.2958e-05  1.2772e-03  5.5037e-03  1.1377e-03  0:02:06   15

 turbulent viscosity limited to viscosity ratio of 1.000000e+05 in 816 cells 

 Reversed flow on 736 faces of pressure-outlet 7.

  iter  continuity  x-velocity  y-velocity  z-velocity           k     epsilon  vf-phase-2     time/iter
  1211  3.5239e-01  4.4656e-05  4.9253e-05  4.2957e-05  1.2784e-03  5.3346e-03  1.1383e-03  0:01:57   14

 turbulent viscosity limited to viscosity ratio of 1.000000e+05 in 816 cells 

 Reversed flow on 737 faces of pressure-outlet 7.
  1212  3.5226e-01  4.4658e-05  4.9258e-05  4.2967e-05  1.2795e-03  4.8137e-03  1.1388e-03  0:01:47   13

 turbulent viscosity limited to viscosity ratio of 1.000000e+05 in 816 cells 

 Reversed flow on 726 faces of pressure-outlet 7.
  1213  3.5210e-01  4.4650e-05  4.9272e-05  4.2994e-05  1.2815e-03  4.8704e-03  1.1394e-03  0:01:41   12

 turbulent viscosity limited to viscosity ratio of 1.000000e+05 in 816 cells 

 Reversed flow on 727 faces of pressure-outlet 7.
  1214  3.5229e-01  4.4655e-05  4.9278e-05  4.3025e-05  1.2837e-03  5.5181e-03  1.1401e-03  0:01:34   11

 turbulent viscosity limited to viscosity ratio of 1.000000e+05 in 816 cells 

 Reversed flow on 736 faces of pressure-outlet 7.
  1215  3.5242e-01  4.4674e-05  4.9283e-05  4.3058e-05  1.2856e-03  5.0111e-03  1.1408e-03  0:01:24   10

 turbulent viscosity limited to viscosity ratio of 1.000000e+05 in 815 cells 

 Reversed flow on 721 faces of pressure-outlet 7.
  1216  3.5245e-01  4.4690e-05  4.9303e-05  4.3087e-05  1.2866e-03  5.2467e-03  1.1415e-03  0:01:15    9

 turbulent viscosity limited to viscosity ratio of 1.000000e+05 in 815 cells 

 Reversed flow on 730 faces of pressure-outlet 7.
  1217  3.5229e-01  4.4699e-05  4.9320e-05  4.3114e-05  1.2885e-03  5.3685e-03  1.1421e-03  0:01:08    8

 turbulent viscosity limited to viscosity ratio of 1.000000e+05 in 815 cells 

 Reversed flow on 730 faces of pressure-outlet 7.
  1218  3.5203e-01  4.4703e-05  4.9338e-05  4.3145e-05  1.2896e-03  5.2064e-03  1.1426e-03  0:00:59    7

 turbulent viscosity limited to viscosity ratio of 1.000000e+05 in 815 cells 

 Reversed flow on 723 faces of pressure-outlet 7.
  1219  3.5208e-01  4.4700e-05  4.9354e-05  4.3183e-05  1.2940e-03  6.9055e-03  1.1432e-03  0:00:50    6

 turbulent viscosity limited to viscosity ratio of 1.000000e+05 in 815 cells 

 Reversed flow on 728 faces of pressure-outlet 7.
  1220  3.5178e-01  4.4701e-05  4.9371e-05  4.3219e-05  1.2952e-03  5.9760e-03  1.1437e-03  0:00:42    5

 turbulent viscosity limited to viscosity ratio of 1.000000e+05 in 814 cells 

 Reversed flow on 721 faces of pressure-outlet 7.
  1221  3.5187e-01  4.4693e-05  4.9389e-05  4.3247e-05  1.2945e-03  5.6258e-03  1.1444e-03  0:00:33    4

 turbulent viscosity limited to viscosity ratio of 1.000000e+05 in 814 cells 

 Reversed flow on 710 faces of pressure-outlet 7.

  iter  continuity  x-velocity  y-velocity  z-velocity           k     epsilon  vf-phase-2     time/iter
  1222  3.5177e-01  4.4680e-05  4.9401e-05  4.3291e-05  1.2926e-03  5.1283e-03  1.1452e-03  0:00:25    3

 turbulent viscosity limited to viscosity ratio of 1.000000e+05 in 814 cells 

 Reversed flow on 711 faces of pressure-outlet 7.
  1223  3.5173e-01  4.4676e-05  4.9412e-05  4.3318e-05  1.2924e-03  5.0855e-03  1.1459e-03  0:00:17    2

 turbulent viscosity limited to viscosity ratio of 1.000000e+05 in 814 cells 

 Reversed flow on 725 faces of pressure-outlet 7.
  1224  3.5192e-01  4.4688e-05  4.9428e-05  4.3343e-05  1.2916e-03  4.7083e-03  1.1468e-03  0:00:08    1

 turbulent viscosity limited to viscosity ratio of 1.000000e+05 in 814 cells 

 Reversed flow on 722 faces of pressure-outlet 7.
  1225  3.5202e-01  4.4690e-05  4.9442e-05  4.3369e-05  1.2922e-03  5.2593e-03  1.1476e-03  0:00:00    0
iterate_850: RPC returned
progress: 850/1125

  iter  continuity  x-velocity  y-velocity  z-velocity           k     epsilon  vf-phase-2     time/iter
  1225  3.5202e-01  4.4690e-05  4.9442e-05  4.3369e-05  1.2922e-03  5.2593e-03  1.1476e-03  0:03:27   25

 turbulent viscosity limited to viscosity ratio of 1.000000e+05 in 814 cells 

 Reversed flow on 723 faces of pressure-outlet 7.
  1226  3.5198e-01  4.4689e-05  4.9459e-05  4.3394e-05  1.2916e-03  5.0014e-03  1.1485e-03  0:03:17   24

 turbulent viscosity limited to viscosity ratio of 1.000000e+05 in 814 cells 

 Reversed flow on 729 faces of pressure-outlet 7.
  1227  3.5225e-01  4.4704e-05  4.9496e-05  4.3438e-05  1.2920e-03  5.0845e-03  1.1493e-03  0:03:13   23

 turbulent viscosity limited to viscosity ratio of 1.000000e+05 in 814 cells 

 Reversed flow on 720 faces of pressure-outlet 7.
  1228  3.5245e-01  4.4722e-05  4.9512e-05  4.3462e-05  1.2927e-03  5.2496e-03  1.1503e-03  0:03:07   22

 turbulent viscosity limited to viscosity ratio of 1.000000e+05 in 814 cells 

 Reversed flow on 725 faces of pressure-outlet 7.
  1229  3.5246e-01  4.4724e-05  4.9516e-05  4.3483e-05  1.2906e-03  5.0126e-03  1.1512e-03  0:02:56   21

 turbulent viscosity limited to viscosity ratio of 1.000000e+05 in 814 cells 

 Reversed flow on 727 faces of pressure-outlet 7.
  1230  3.5241e-01  4.4717e-05  4.9519e-05  4.3505e-05  1.2878e-03  4.8925e-03  1.1521e-03  0:02:46   20

 turbulent viscosity limited to viscosity ratio of 1.000000e+05 in 814 cells 

 Reversed flow on 723 faces of pressure-outlet 7.
  1231  3.5243e-01  4.4723e-05  4.9518e-05  4.3527e-05  1.2875e-03  5.6627e-03  1.1530e-03  0:02:41   19

 turbulent viscosity limited to viscosity ratio of 1.000000e+05 in 815 cells 

 Reversed flow on 721 faces of pressure-outlet 7.
  1232  3.5229e-01  4.4736e-05  4.9523e-05  4.3545e-05  1.2858e-03  4.9078e-03  1.1540e-03  0:02:31   18

 turbulent viscosity limited to viscosity ratio of 1.000000e+05 in 815 cells 

 Reversed flow on 723 faces of pressure-outlet 7.
  1233  3.5244e-01  4.4723e-05  4.9530e-05  4.3574e-05  1.2834e-03  4.6035e-03  1.1551e-03  0:02:21   17

 turbulent viscosity limited to viscosity ratio of 1.000000e+05 in 815 cells 

 Reversed flow on 729 faces of pressure-outlet 7.
  1234  3.5228e-01  4.4722e-05  4.9543e-05  4.3614e-05  1.2819e-03  5.2505e-03  1.1562e-03  0:02:15   16

 turbulent viscosity limited to viscosity ratio of 1.000000e+05 in 815 cells 

 Reversed flow on 734 faces of pressure-outlet 7.
  1235  3.5245e-01  4.4749e-05  4.9558e-05  4.3636e-05  1.2850e-03  6.7857e-03  1.1574e-03  0:02:05   15

 turbulent viscosity limited to viscosity ratio of 1.000000e+05 in 816 cells 

 Reversed flow on 733 faces of pressure-outlet 7.

  iter  continuity  x-velocity  y-velocity  z-velocity           k     epsilon  vf-phase-2     time/iter
  1236  3.5253e-01  4.4760e-05  4.9562e-05  4.3647e-05  1.2801e-03  5.7431e-03  1.1584e-03  0:01:56   14

 turbulent viscosity limited to viscosity ratio of 1.000000e+05 in 815 cells 

 Reversed flow on 734 faces of pressure-outlet 7.
  1237  3.5239e-01  4.4759e-05  4.9569e-05  4.3660e-05  1.2776e-03  5.2748e-03  1.1595e-03  0:01:49   13

 turbulent viscosity limited to viscosity ratio of 1.000000e+05 in 815 cells 

 Reversed flow on 733 faces of pressure-outlet 7.
  1238  3.5189e-01  4.4765e-05  4.9561e-05  4.3678e-05  1.2729e-03  4.4794e-03  1.1607e-03  0:01:40   12

 turbulent viscosity limited to viscosity ratio of 1.000000e+05 in 814 cells 

 Reversed flow on 726 faces of pressure-outlet 7.
  1239  3.5200e-01  4.4764e-05  4.9574e-05  4.3699e-05  1.2728e-03  4.9737e-03  1.1619e-03  0:01:31   11

 turbulent viscosity limited to viscosity ratio of 1.000000e+05 in 814 cells 

 Reversed flow on 727 faces of pressure-outlet 7.
  1240  3.5206e-01  4.4793e-05  4.9584e-05  4.3727e-05  1.2708e-03  4.6650e-03  1.1630e-03  0:01:24   10

 turbulent viscosity limited to viscosity ratio of 1.000000e+05 in 814 cells 

 Reversed flow on 736 faces of pressure-outlet 7.
  1241  3.5224e-01  4.4814e-05  4.9606e-05  4.3720e-05  1.2671e-03  4.6098e-03  1.1642e-03  0:01:15    9

 turbulent viscosity limited to viscosity ratio of 1.000000e+05 in 815 cells 

 Reversed flow on 734 faces of pressure-outlet 7.
  1242  3.5213e-01  4.4809e-05  4.9621e-05  4.3733e-05  1.2649e-03  4.3391e-03  1.1654e-03  0:01:08    8

 turbulent viscosity limited to viscosity ratio of 1.000000e+05 in 815 cells 

 Reversed flow on 726 faces of pressure-outlet 7.
  1243  3.5193e-01  4.4787e-05  4.9620e-05  4.3752e-05  1.2639e-03  4.7665e-03  1.1665e-03  0:00:59    7

 turbulent viscosity limited to viscosity ratio of 1.000000e+05 in 815 cells 

 Reversed flow on 731 faces of pressure-outlet 7.
  1244  3.5199e-01  4.4790e-05  4.9627e-05  4.3781e-05  1.2636e-03  5.7235e-03  1.1677e-03  0:00:50    6

 turbulent viscosity limited to viscosity ratio of 1.000000e+05 in 815 cells 

 Reversed flow on 730 faces of pressure-outlet 7.
  1245  3.5225e-01  4.4789e-05  4.9641e-05  4.3809e-05  1.2651e-03  5.8884e-03  1.1688e-03  0:00:41    5

 turbulent viscosity limited to viscosity ratio of 1.000000e+05 in 815 cells 

 Reversed flow on 734 faces of pressure-outlet 7.
  1246  3.5240e-01  4.4793e-05  4.9650e-05  4.3817e-05  1.2608e-03  5.2813e-03  1.1698e-03  0:00:34    4

 turbulent viscosity limited to viscosity ratio of 1.000000e+05 in 815 cells 

 Reversed flow on 735 faces of pressure-outlet 7.

  iter  continuity  x-velocity  y-velocity  z-velocity           k     epsilon  vf-phase-2     time/iter
  1247  3.5250e-01  4.4787e-05  4.9678e-05  4.3807e-05  1.2572e-03  4.8473e-03  1.1708e-03  0:00:25    3

 turbulent viscosity limited to viscosity ratio of 1.000000e+05 in 815 cells 

 Reversed flow on 732 faces of pressure-outlet 7.
  1248  3.5250e-01  4.4781e-05  4.9703e-05  4.3820e-05  1.2538e-03  4.4151e-03  1.1718e-03  0:00:17    2

 turbulent viscosity limited to viscosity ratio of 1.000000e+05 in 815 cells 

 Reversed flow on 730 faces of pressure-outlet 7.
  1249  3.5270e-01  4.4767e-05  4.9725e-05  4.3840e-05  1.2549e-03  6.0838e-03  1.1728e-03  0:00:08    1

 turbulent viscosity limited to viscosity ratio of 1.000000e+05 in 815 cells 

 Reversed flow on 735 faces of pressure-outlet 7.
  1250  3.5277e-01  4.4765e-05  4.9755e-05  4.3850e-05  1.2520e-03  5.6172e-03  1.1737e-03  0:00:00    0
iterate_875: RPC returned
progress: 875/1125

  iter  continuity  x-velocity  y-velocity  z-velocity           k     epsilon  vf-phase-2     time/iter
  1250  3.5277e-01  4.4765e-05  4.9755e-05  4.3850e-05  1.2520e-03  5.6172e-03  1.1737e-03  0:03:28   25

 turbulent viscosity limited to viscosity ratio of 1.000000e+05 in 815 cells 

 Reversed flow on 743 faces of pressure-outlet 7.
  1251  3.5296e-01  4.4756e-05  4.9786e-05  4.3865e-05  1.2513e-03  5.5908e-03  1.1745e-03  0:03:23   24

 turbulent viscosity limited to viscosity ratio of 1.000000e+05 in 814 cells 

 Reversed flow on 730 faces of pressure-outlet 7.
  1252  3.5287e-01  4.4742e-05  4.9816e-05  4.3877e-05  1.2477e-03  5.2284e-03  1.1753e-03  0:03:17   23

 turbulent viscosity limited to viscosity ratio of 1.000000e+05 in 814 cells 

 Reversed flow on 737 faces of pressure-outlet 7.
  1253  3.5294e-01  4.4726e-05  4.9841e-05  4.3878e-05  1.2446e-03  5.1166e-03  1.1760e-03  0:03:06   22

 turbulent viscosity limited to viscosity ratio of 1.000000e+05 in 814 cells 

 Reversed flow on 733 faces of pressure-outlet 7.
  1254  3.5333e-01  4.4708e-05  4.9884e-05  4.3897e-05  1.2422e-03  4.9487e-03  1.1766e-03  0:02:56   21

 turbulent viscosity limited to viscosity ratio of 1.000000e+05 in 814 cells 

 Reversed flow on 730 faces of pressure-outlet 7.
  1255  3.5343e-01  4.4702e-05  4.9928e-05  4.3920e-05  1.2403e-03  4.9789e-03  1.1771e-03  0:02:50   20

 turbulent viscosity limited to viscosity ratio of 1.000000e+05 in 814 cells 

 Reversed flow on 730 faces of pressure-outlet 7.
  1256  3.5355e-01  4.4706e-05  4.9955e-05  4.3935e-05  1.2361e-03  4.5867e-03  1.1775e-03  0:02:39   19

 turbulent viscosity limited to viscosity ratio of 1.000000e+05 in 814 cells 

 Reversed flow on 731 faces of pressure-outlet 7.
  1257  3.5387e-01  4.4713e-05  4.9987e-05  4.3949e-05  1.2368e-03  5.8226e-03  1.1779e-03  0:02:30   18

 turbulent viscosity limited to viscosity ratio of 1.000000e+05 in 814 cells 

 Reversed flow on 751 faces of pressure-outlet 7.
  1258  3.5396e-01  4.4720e-05  5.0049e-05  4.3953e-05  1.2356e-03  5.1088e-03  1.1782e-03  0:02:20   17

 turbulent viscosity limited to viscosity ratio of 1.000000e+05 in 815 cells 

 Reversed flow on 748 faces of pressure-outlet 7.
  1259  3.5434e-01  4.4723e-05  5.0106e-05  4.3978e-05  1.2330e-03  5.0423e-03  1.1785e-03  0:02:14   16

 turbulent viscosity limited to viscosity ratio of 1.000000e+05 in 815 cells 

 Reversed flow on 748 faces of pressure-outlet 7.
  1260  3.5471e-01  4.4724e-05  5.0166e-05  4.3986e-05  1.2287e-03  4.3835e-03  1.1786e-03  0:02:05   15

 turbulent viscosity limited to viscosity ratio of 1.000000e+05 in 815 cells 

 Reversed flow on 741 faces of pressure-outlet 7.

  iter  continuity  x-velocity  y-velocity  z-velocity           k     epsilon  vf-phase-2     time/iter
  1261  3.5525e-01  4.4721e-05  5.0227e-05  4.4008e-05  1.2261e-03  4.1564e-03  1.1786e-03  0:01:58   14

 turbulent viscosity limited to viscosity ratio of 1.000000e+05 in 815 cells 

 Reversed flow on 755 faces of pressure-outlet 7.
  1262  3.5593e-01  4.4742e-05  5.0292e-05  4.4039e-05  1.2280e-03  6.0848e-03  1.1785e-03  0:01:49   13

 turbulent viscosity limited to viscosity ratio of 1.000000e+05 in 815 cells 

 Reversed flow on 755 faces of pressure-outlet 7.
  1263  3.5645e-01  4.4749e-05  5.0366e-05  4.4067e-05  1.2250e-03  5.5989e-03  1.1784e-03  0:01:42   12

 turbulent viscosity limited to viscosity ratio of 1.000000e+05 in 816 cells 

 Reversed flow on 753 faces of pressure-outlet 7.
  1264  3.5677e-01  4.4742e-05  5.0437e-05  4.4076e-05  1.2277e-03  5.8312e-03  1.1782e-03  0:01:32   11

 turbulent viscosity limited to viscosity ratio of 1.000000e+05 in 815 cells 

 Reversed flow on 749 faces of pressure-outlet 7.
  1265  3.5717e-01  4.4760e-05  5.0518e-05  4.4112e-05  1.2253e-03  5.2863e-03  1.1778e-03  0:01:25   10

 turbulent viscosity limited to viscosity ratio of 1.000000e+05 in 814 cells 

 Reversed flow on 746 faces of pressure-outlet 7.
  1266  3.5794e-01  4.4799e-05  5.0606e-05  4.4143e-05  1.2221e-03  4.6349e-03  1.1774e-03  0:01:16    9

 turbulent viscosity limited to viscosity ratio of 1.000000e+05 in 814 cells 

 Reversed flow on 747 faces of pressure-outlet 7.
  1267  3.5845e-01  4.4816e-05  5.0681e-05  4.4164e-05  1.2234e-03  5.7494e-03  1.1769e-03  0:01:08    8

 turbulent viscosity limited to viscosity ratio of 1.000000e+05 in 814 cells 

 Reversed flow on 750 faces of pressure-outlet 7.
  1268  3.5862e-01  4.4829e-05  5.0769e-05  4.4198e-05  1.2198e-03  4.6164e-03  1.1764e-03  0:01:00    7

 turbulent viscosity limited to viscosity ratio of 1.000000e+05 in 814 cells 

 Reversed flow on 755 faces of pressure-outlet 7.
  1269  3.5918e-01  4.4866e-05  5.0872e-05  4.4229e-05  1.2220e-03  5.4642e-03  1.1760e-03  0:00:51    6

 turbulent viscosity limited to viscosity ratio of 1.000000e+05 in 814 cells 

 Reversed flow on 749 faces of pressure-outlet 7.
  1270  3.5960e-01  4.4907e-05  5.0965e-05  4.4270e-05  1.2216e-03  4.8847e-03  1.1757e-03  0:00:43    5

 turbulent viscosity limited to viscosity ratio of 1.000000e+05 in 813 cells 

 Reversed flow on 752 faces of pressure-outlet 7.
  1271  3.6033e-01  4.4945e-05  5.1070e-05  4.4317e-05  1.2239e-03  6.0650e-03  1.1752e-03  0:00:34    4

 turbulent viscosity limited to viscosity ratio of 1.000000e+05 in 813 cells 

 Reversed flow on 760 faces of pressure-outlet 7.

  iter  continuity  x-velocity  y-velocity  z-velocity           k     epsilon  vf-phase-2     time/iter
  1272  3.6084e-01  4.4987e-05  5.1165e-05  4.4360e-05  1.2240e-03  5.4424e-03  1.1748e-03  0:00:26    3

 turbulent viscosity limited to viscosity ratio of 1.000000e+05 in 813 cells 

 Reversed flow on 757 faces of pressure-outlet 7.
  1273  3.6145e-01  4.5043e-05  5.1272e-05  4.4412e-05  1.2286e-03  6.6445e-03  1.1743e-03  0:00:17    2

 turbulent viscosity limited to viscosity ratio of 1.000000e+05 in 812 cells 

 Reversed flow on 754 faces of pressure-outlet 7.
  1274  3.6184e-01  4.5101e-05  5.1388e-05  4.4465e-05  1.2292e-03  5.9453e-03  1.1740e-03  0:00:08    1

 turbulent viscosity limited to viscosity ratio of 1.000000e+05 in 811 cells 

 Reversed flow on 755 faces of pressure-outlet 7.
  1275  3.6278e-01  4.5182e-05  5.1517e-05  4.4518e-05  1.2313e-03  6.2392e-03  1.1735e-03  0:00:00    0
iterate_900: RPC returned
progress: 900/1125

=== autosave_900 ===

Writing to EN439159:"C:\Users\qtra338\Documents\enthalpy_sweep_verified_20260721_v2\case_3_1520_1500iter_recovered_from_375_autosave_iter900.cas.h5" in NODE0 mode and compression level 1 ...
Grouping cells for Laplace smoothing ...
     5578299 cells,     1 zone  ...
    11355491 faces,     5 zones ...
     1026091 nodes,     1 zone  ...
  Done.
Done.
write_case_autosave_900: OK

Writing to EN439159:"C:\Users\qtra338\Documents\enthalpy_sweep_verified_20260721_v2\case_3_1520_1500iter_recovered_from_375_autosave_iter900.dat.h5" in NODE0 mode and compression level 1 ...
  Writing results.
Done.
write_data_autosave_900: OK
saved_pair_autosave_900: VERIFIED

  iter  continuity  x-velocity  y-velocity  z-velocity           k     epsilon  vf-phase-2     time/iter
  1275  3.6278e-01  4.5182e-05  5.1517e-05  4.4518e-05  1.2313e-03  6.2392e-03  1.1735e-03  0:03:32   25

 turbulent viscosity limited to viscosity ratio of 1.000000e+05 in 811 cells 

 Reversed flow on 752 faces of pressure-outlet 7.
  1276  3.6353e-01  4.5248e-05  5.1659e-05  4.4585e-05  1.2340e-03  6.1606e-03  1.1731e-03  0:03:26   24

 turbulent viscosity limited to viscosity ratio of 1.000000e+05 in 811 cells 

 Reversed flow on 762 faces of pressure-outlet 7.
  1277  3.6408e-01  4.5331e-05  5.1787e-05  4.4628e-05  1.2356e-03  5.3595e-03  1.1727e-03  0:03:20   23

 turbulent viscosity limited to viscosity ratio of 1.000000e+05 in 811 cells 

 Reversed flow on 762 faces of pressure-outlet 7.
  1278  3.6490e-01  4.5422e-05  5.1931e-05  4.4686e-05  1.2368e-03  5.1644e-03  1.1721e-03  0:03:08   22

 turbulent viscosity limited to viscosity ratio of 1.000000e+05 in 811 cells 

 Reversed flow on 760 faces of pressure-outlet 7.
  1279  3.6518e-01  4.5488e-05  5.2049e-05  4.4753e-05  1.2427e-03  7.3024e-03  1.1717e-03  0:03:01   21

 turbulent viscosity limited to viscosity ratio of 1.000000e+05 in 811 cells 

 Reversed flow on 762 faces of pressure-outlet 7.
  1280  3.6573e-01  4.5570e-05  5.2180e-05  4.4823e-05  1.2493e-03  6.9085e-03  1.1713e-03  0:02:50   20

 turbulent viscosity limited to viscosity ratio of 1.000000e+05 in 811 cells 

 Reversed flow on 765 faces of pressure-outlet 7.
  1281  3.6638e-01  4.5658e-05  5.2312e-05  4.4900e-05  1.2489e-03  5.6411e-03  1.1709e-03  0:02:44   19

 turbulent viscosity limited to viscosity ratio of 1.000000e+05 in 811 cells 

 Reversed flow on 760 faces of pressure-outlet 7.
  1282  3.6741e-01  4.5740e-05  5.2461e-05  4.4982e-05  1.2558e-03  6.7652e-03  1.1705e-03  0:02:33   18

 turbulent viscosity limited to viscosity ratio of 1.000000e+05 in 812 cells 

 Reversed flow on 746 faces of pressure-outlet 7.
  1283  3.6851e-01  4.5834e-05  5.2608e-05  4.5078e-05  1.2594e-03  5.8753e-03  1.1701e-03  0:02:26   17

 turbulent viscosity limited to viscosity ratio of 1.000000e+05 in 812 cells 

 Reversed flow on 754 faces of pressure-outlet 7.
  1284  3.6948e-01  4.5910e-05  5.2745e-05  4.5164e-05  1.2644e-03  6.1686e-03  1.1698e-03  0:02:16   16

 turbulent viscosity limited to viscosity ratio of 1.000000e+05 in 812 cells 

 Reversed flow on 759 faces of pressure-outlet 7.
  1285  3.7038e-01  4.5984e-05  5.2893e-05  4.5264e-05  1.2710e-03  6.6664e-03  1.1695e-03  0:02:09   15

 turbulent viscosity limited to viscosity ratio of 1.000000e+05 in 812 cells 

 Reversed flow on 768 faces of pressure-outlet 7.

  iter  continuity  x-velocity  y-velocity  z-velocity           k     epsilon  vf-phase-2     time/iter
  1286  3.7139e-01  4.6074e-05  5.3064e-05  4.5360e-05  1.2788e-03  7.0474e-03  1.1691e-03  0:01:58   14

 turbulent viscosity limited to viscosity ratio of 1.000000e+05 in 812 cells 

 Reversed flow on 759 faces of pressure-outlet 7.
  1287  3.7255e-01  4.6152e-05  5.3224e-05  4.5463e-05  1.2832e-03  6.7000e-03  1.1688e-03  0:01:51   13

 turbulent viscosity limited to viscosity ratio of 1.000000e+05 in 812 cells 

 Reversed flow on 759 faces of pressure-outlet 7.
  1288  3.7375e-01  4.6238e-05  5.3382e-05  4.5567e-05  1.2905e-03  7.2413e-03  1.1685e-03  0:01:44   12

 turbulent viscosity limited to viscosity ratio of 1.000000e+05 in 812 cells 

 Reversed flow on 761 faces of pressure-outlet 7.
  1289  3.7454e-01  4.6305e-05  5.3539e-05  4.5695e-05  1.2947e-03  6.3277e-03  1.1682e-03  0:01:34   11

 turbulent viscosity limited to viscosity ratio of 1.000000e+05 in 812 cells 

 Reversed flow on 766 faces of pressure-outlet 7.
  1290  3.7574e-01  4.6384e-05  5.3703e-05  4.5781e-05  1.2995e-03  6.1055e-03  1.1679e-03  0:01:26   10

 turbulent viscosity limited to viscosity ratio of 1.000000e+05 in 812 cells 

 Reversed flow on 765 faces of pressure-outlet 7.
  1291  3.7651e-01  4.6451e-05  5.3856e-05  4.5866e-05  1.3063e-03  5.8533e-03  1.1676e-03  0:01:18    9

 turbulent viscosity limited to viscosity ratio of 1.000000e+05 in 812 cells 

 Reversed flow on 769 faces of pressure-outlet 7.
  1292  3.7713e-01  4.6501e-05  5.4011e-05  4.5984e-05  1.3117e-03  5.8315e-03  1.1673e-03  0:01:08    8

 turbulent viscosity limited to viscosity ratio of 1.000000e+05 in 811 cells 

 Reversed flow on 770 faces of pressure-outlet 7.
  1293  3.7789e-01  4.6557e-05  5.4171e-05  4.6090e-05  1.3198e-03  6.0631e-03  1.1670e-03  0:01:01    7

 turbulent viscosity limited to viscosity ratio of 1.000000e+05 in 811 cells 

 Reversed flow on 768 faces of pressure-outlet 7.
  1294  3.7858e-01  4.6608e-05  5.4321e-05  4.6190e-05  1.3301e-03  6.8167e-03  1.1667e-03  0:00:51    6

 turbulent viscosity limited to viscosity ratio of 1.000000e+05 in 811 cells 

 Reversed flow on 766 faces of pressure-outlet 7.
  1295  3.7889e-01  4.6643e-05  5.4480e-05  4.6306e-05  1.3356e-03  5.8298e-03  1.1665e-03  0:00:42    5

 turbulent viscosity limited to viscosity ratio of 1.000000e+05 in 812 cells 

 Reversed flow on 767 faces of pressure-outlet 7.
  1296  3.7945e-01  4.6678e-05  5.4637e-05  4.6400e-05  1.3425e-03  6.4034e-03  1.1663e-03  0:00:34    4

 turbulent viscosity limited to viscosity ratio of 1.000000e+05 in 813 cells 

 Reversed flow on 767 faces of pressure-outlet 7.

  iter  continuity  x-velocity  y-velocity  z-velocity           k     epsilon  vf-phase-2     time/iter
  1297  3.7979e-01  4.6696e-05  5.4803e-05  4.6499e-05  1.3501e-03  5.9032e-03  1.1660e-03  0:00:25    3

 turbulent viscosity limited to viscosity ratio of 1.000000e+05 in 813 cells 

 Reversed flow on 761 faces of pressure-outlet 7.
  1298  3.8054e-01  4.6717e-05  5.4960e-05  4.6608e-05  1.3573e-03  5.7228e-03  1.1658e-03  0:00:17    2

 turbulent viscosity limited to viscosity ratio of 1.000000e+05 in 813 cells 

 Reversed flow on 752 faces of pressure-outlet 7.
  1299  3.8121e-01  4.6718e-05  5.5120e-05  4.6723e-05  1.3680e-03  7.1869e-03  1.1655e-03  0:00:08    1

 turbulent viscosity limited to viscosity ratio of 1.000000e+05 in 812 cells 

 Reversed flow on 756 faces of pressure-outlet 7.
  1300  3.8224e-01  4.6734e-05  5.5287e-05  4.6851e-05  1.3793e-03  7.5655e-03  1.1652e-03  0:00:00    0
iterate_925: RPC returned
progress: 925/1125

  iter  continuity  x-velocity  y-velocity  z-velocity           k     epsilon  vf-phase-2     time/iter
  1300  3.8224e-01  4.6734e-05  5.5287e-05  4.6851e-05  1.3793e-03  7.5655e-03  1.1652e-03  0:03:29   25

 turbulent viscosity limited to viscosity ratio of 1.000000e+05 in 812 cells 

 Reversed flow on 773 faces of pressure-outlet 7.
  1301  3.8283e-01  4.6746e-05  5.5473e-05  4.6986e-05  1.3888e-03  7.5382e-03  1.1650e-03  0:03:24   24

 turbulent viscosity limited to viscosity ratio of 1.000000e+05 in 812 cells 

 Reversed flow on 755 faces of pressure-outlet 7.
  1302  3.8378e-01  4.6758e-05  5.5647e-05  4.7102e-05  1.3986e-03  7.6395e-03  1.1647e-03  0:03:18   23

 turbulent viscosity limited to viscosity ratio of 1.000000e+05 in 812 cells 

 Reversed flow on 757 faces of pressure-outlet 7.
  1303  3.8412e-01  4.6757e-05  5.5831e-05  4.7210e-05  1.4052e-03  7.6347e-03  1.1645e-03  0:03:07   22

 turbulent viscosity limited to viscosity ratio of 1.000000e+05 in 812 cells 

 Reversed flow on 764 faces of pressure-outlet 7.
  1304  3.8452e-01  4.6748e-05  5.6004e-05  4.7326e-05  1.4136e-03  7.4419e-03  1.1643e-03  0:02:56   21

 turbulent viscosity limited to viscosity ratio of 1.000000e+05 in 812 cells 

 Reversed flow on 767 faces of pressure-outlet 7.
  1305  3.8521e-01  4.6747e-05  5.6171e-05  4.7444e-05  1.4203e-03  6.5645e-03  1.1642e-03  0:02:50   20

 turbulent viscosity limited to viscosity ratio of 1.000000e+05 in 812 cells 

 Reversed flow on 753 faces of pressure-outlet 7.
  1306  3.8585e-01  4.6744e-05  5.6340e-05  4.7549e-05  1.4307e-03  7.3836e-03  1.1641e-03  0:02:40   19

 turbulent viscosity limited to viscosity ratio of 1.000000e+05 in 812 cells 

 Reversed flow on 758 faces of pressure-outlet 7.
  1307  3.8633e-01  4.6720e-05  5.6528e-05  4.7636e-05  1.4428e-03  8.1222e-03  1.1640e-03  0:02:30   18

 turbulent viscosity limited to viscosity ratio of 1.000000e+05 in 812 cells 

 Reversed flow on 757 faces of pressure-outlet 7.
  1308  3.8690e-01  4.6711e-05  5.6703e-05  4.7724e-05  1.4517e-03  7.2928e-03  1.1639e-03  0:02:20   17

 turbulent viscosity limited to viscosity ratio of 1.000000e+05 in 812 cells 

 Reversed flow on 753 faces of pressure-outlet 7.
  1309  3.8777e-01  4.6716e-05  5.6881e-05  4.7810e-05  1.4601e-03  7.8126e-03  1.1637e-03  0:02:15   16

 turbulent viscosity limited to viscosity ratio of 1.000000e+05 in 813 cells 

 Reversed flow on 755 faces of pressure-outlet 7.
  1310  3.8824e-01  4.6700e-05  5.7065e-05  4.7875e-05  1.4692e-03  7.6799e-03  1.1635e-03  0:02:05   15

 turbulent viscosity limited to viscosity ratio of 1.000000e+05 in 813 cells 

 Reversed flow on 756 faces of pressure-outlet 7.

  iter  continuity  x-velocity  y-velocity  z-velocity           k     epsilon  vf-phase-2     time/iter
  1311  3.8825e-01  4.6671e-05  5.7243e-05  4.7949e-05  1.4795e-03  8.6895e-03  1.1633e-03  0:01:58   14

 turbulent viscosity limited to viscosity ratio of 1.000000e+05 in 813 cells 

 Reversed flow on 762 faces of pressure-outlet 7.
  1312  3.8862e-01  4.6656e-05  5.7433e-05  4.8021e-05  1.4890e-03  9.0012e-03  1.1631e-03  0:01:49   13

 turbulent viscosity limited to viscosity ratio of 1.000000e+05 in 813 cells 

 Reversed flow on 760 faces of pressure-outlet 7.
  1313  3.8898e-01  4.6649e-05  5.7629e-05  4.8088e-05  1.4972e-03  8.1245e-03  1.1629e-03  0:01:40   12

 turbulent viscosity limited to viscosity ratio of 1.000000e+05 in 813 cells 

 Reversed flow on 755 faces of pressure-outlet 7.
  1314  3.8962e-01  4.6642e-05  5.7825e-05  4.8138e-05  1.5106e-03  9.3864e-03  1.1626e-03  0:01:33   11

 turbulent viscosity limited to viscosity ratio of 1.000000e+05 in 813 cells 

 Reversed flow on 753 faces of pressure-outlet 7.
  1315  3.8984e-01  4.6632e-05  5.8001e-05  4.8190e-05  1.5133e-03  8.0489e-03  1.1623e-03  0:01:23   10

 turbulent viscosity limited to viscosity ratio of 1.000000e+05 in 812 cells 

 Reversed flow on 765 faces of pressure-outlet 7.
  1316  3.9004e-01  4.6620e-05  5.8180e-05  4.8226e-05  1.5231e-03  8.1721e-03  1.1621e-03  0:01:15    9

 turbulent viscosity limited to viscosity ratio of 1.000000e+05 in 812 cells 

 Reversed flow on 765 faces of pressure-outlet 7.
  1317  3.8987e-01  4.6591e-05  5.8372e-05  4.8254e-05  1.5304e-03  7.7734e-03  1.1618e-03  0:01:07    8

 turbulent viscosity limited to viscosity ratio of 1.000000e+05 in 812 cells 

 Reversed flow on 768 faces of pressure-outlet 7.
  1318  3.8971e-01  4.6587e-05  5.8567e-05  4.8279e-05  1.5386e-03  7.6947e-03  1.1615e-03  0:00:58    7

 turbulent viscosity limited to viscosity ratio of 1.000000e+05 in 812 cells 

 Reversed flow on 764 faces of pressure-outlet 7.
  1319  3.8925e-01  4.6565e-05  5.8731e-05  4.8295e-05  1.5461e-03  7.8926e-03  1.1611e-03  0:00:50    6

 turbulent viscosity limited to viscosity ratio of 1.000000e+05 in 812 cells 

 Reversed flow on 754 faces of pressure-outlet 7.
  1320  3.8922e-01  4.6546e-05  5.8909e-05  4.8312e-05  1.5579e-03  8.6190e-03  1.1608e-03  0:00:42    5

 turbulent viscosity limited to viscosity ratio of 1.000000e+05 in 812 cells 

 Reversed flow on 767 faces of pressure-outlet 7.
  1321  3.8916e-01  4.6522e-05  5.9084e-05  4.8316e-05  1.5650e-03  7.9642e-03  1.1604e-03  0:00:33    4

 turbulent viscosity limited to viscosity ratio of 1.000000e+05 in 812 cells 

 Reversed flow on 765 faces of pressure-outlet 7.

  iter  continuity  x-velocity  y-velocity  z-velocity           k     epsilon  vf-phase-2     time/iter
  1322  3.8908e-01  4.6502e-05  5.9252e-05  4.8313e-05  1.5735e-03  8.4783e-03  1.1600e-03  0:00:25    3

 turbulent viscosity limited to viscosity ratio of 1.000000e+05 in 810 cells 

 Reversed flow on 754 faces of pressure-outlet 7.
  1323  3.8879e-01  4.6480e-05  5.9413e-05  4.8307e-05  1.5794e-03  8.1736e-03  1.1596e-03  0:00:17    2

 turbulent viscosity limited to viscosity ratio of 1.000000e+05 in 810 cells 

 Reversed flow on 760 faces of pressure-outlet 7.
  1324  3.8852e-01  4.6474e-05  5.9566e-05  4.8305e-05  1.5862e-03  8.3705e-03  1.1591e-03  0:00:08    1

iterate_950: RPC returned
progress: 950/1125
 turbulent viscosity limited to viscosity ratio of 1.000000e+05 in 809 cells 

 Reversed flow on 766 faces of pressure-outlet 7.
  1325  3.8845e-01  4.6465e-05  5.9729e-05  4.8310e-05  1.5915e-03  7.9943e-03  1.1587e-03  0:00:00    0

  iter  continuity  x-velocity  y-velocity  z-velocity           k     epsilon  vf-phase-2     time/iter
  1325  3.8845e-01  4.6465e-05  5.9729e-05  4.8310e-05  1.5915e-03  7.9943e-03  1.1587e-03  0:03:27   25

 turbulent viscosity limited to viscosity ratio of 1.000000e+05 in 809 cells 

 Reversed flow on 762 faces of pressure-outlet 7.
  1326  3.8841e-01  4.6475e-05  5.9880e-05  4.8305e-05  1.5987e-03  8.3062e-03  1.1582e-03  0:03:22   24

 turbulent viscosity limited to viscosity ratio of 1.000000e+05 in 810 cells 

 Reversed flow on 770 faces of pressure-outlet 7.
  1327  3.8829e-01  4.6471e-05  6.0037e-05  4.8291e-05  1.6038e-03  7.6940e-03  1.1578e-03  0:03:16   23

 turbulent viscosity limited to viscosity ratio of 1.000000e+05 in 810 cells 

 Reversed flow on 761 faces of pressure-outlet 7.
  1328  3.8827e-01  4.6469e-05  6.0159e-05  4.8271e-05  1.6075e-03  7.9057e-03  1.1572e-03  0:03:05   22

 turbulent viscosity limited to viscosity ratio of 1.000000e+05 in 810 cells 

 Reversed flow on 760 faces of pressure-outlet 7.
  1329  3.8822e-01  4.6474e-05  6.0298e-05  4.8252e-05  1.6111e-03  6.8780e-03  1.1566e-03  0:02:55   21

 turbulent viscosity limited to viscosity ratio of 1.000000e+05 in 810 cells 

 Reversed flow on 759 faces of pressure-outlet 7.
  1330  3.8811e-01  4.6485e-05  6.0428e-05  4.8227e-05  1.6177e-03  6.7562e-03  1.1560e-03  0:02:49   20

 turbulent viscosity limited to viscosity ratio of 1.000000e+05 in 810 cells 

 Reversed flow on 763 faces of pressure-outlet 7.
  1331  3.8768e-01  4.6471e-05  6.0544e-05  4.8216e-05  1.6240e-03  7.2853e-03  1.1554e-03  0:02:39   19

 turbulent viscosity limited to viscosity ratio of 1.000000e+05 in 810 cells 

 Reversed flow on 765 faces of pressure-outlet 7.
  1332  3.8754e-01  4.6471e-05  6.0647e-05  4.8207e-05  1.6303e-03  7.6509e-03  1.1547e-03  0:02:33   18

 turbulent viscosity limited to viscosity ratio of 1.000000e+05 in 810 cells 

 Reversed flow on 765 faces of pressure-outlet 7.
  1333  3.8741e-01  4.6468e-05  6.0764e-05  4.8189e-05  1.6344e-03  7.9177e-03  1.1542e-03  0:02:23   17

 turbulent viscosity limited to viscosity ratio of 1.000000e+05 in 810 cells 

 Reversed flow on 765 faces of pressure-outlet 7.
  1334  3.8721e-01  4.6485e-05  6.0870e-05  4.8182e-05  1.6395e-03  8.5945e-03  1.1536e-03  0:02:13   16

 turbulent viscosity limited to viscosity ratio of 1.000000e+05 in 809 cells 

 Reversed flow on 766 faces of pressure-outlet 7.
  1335  3.8720e-01  4.6477e-05  6.0974e-05  4.8157e-05  1.6418e-03  7.9825e-03  1.1530e-03  0:02:07   15

 turbulent viscosity limited to viscosity ratio of 1.000000e+05 in 809 cells 

 Reversed flow on 762 faces of pressure-outlet 7.

  iter  continuity  x-velocity  y-velocity  z-velocity           k     epsilon  vf-phase-2     time/iter
  1336  3.8689e-01  4.6481e-05  6.1081e-05  4.8140e-05  1.6468e-03  8.7107e-03  1.1525e-03  0:01:57   14

 turbulent viscosity limited to viscosity ratio of 1.000000e+05 in 809 cells 

 Reversed flow on 764 faces of pressure-outlet 7.
  1337  3.8704e-01  4.6493e-05  6.1168e-05  4.8133e-05  1.6488e-03  8.0431e-03  1.1520e-03  0:01:48   13

 turbulent viscosity limited to viscosity ratio of 1.000000e+05 in 809 cells 

 Reversed flow on 764 faces of pressure-outlet 7.
  1338  3.8703e-01  4.6498e-05  6.1252e-05  4.8109e-05  1.6596e-03  1.1628e-02  1.1516e-03  0:01:41   12

 turbulent viscosity limited to viscosity ratio of 1.000000e+05 in 809 cells 

 Reversed flow on 764 faces of pressure-outlet 7.
  1339  3.8698e-01  4.6498e-05  6.1335e-05  4.8101e-05  1.6588e-03  9.9088e-03  1.1513e-03  0:01:32   11

 turbulent viscosity limited to viscosity ratio of 1.000000e+05 in 809 cells 

 Reversed flow on 772 faces of pressure-outlet 7.
  1340  3.8703e-01  4.6498e-05  6.1414e-05  4.8089e-05  1.6609e-03  9.4396e-03  1.1510e-03  0:01:23   10

 turbulent viscosity limited to viscosity ratio of 1.000000e+05 in 809 cells 

 Reversed flow on 764 faces of pressure-outlet 7.
  1341  3.8666e-01  4.6493e-05  6.1475e-05  4.8070e-05  1.6660e-03  8.2198e-03  1.1507e-03  0:01:16    9

 turbulent viscosity limited to viscosity ratio of 1.000000e+05 in 809 cells 

 Reversed flow on 752 faces of pressure-outlet 7.
  1342  3.8659e-01  4.6504e-05  6.1545e-05  4.8058e-05  1.6636e-03  7.1062e-03  1.1504e-03  0:01:07    8

 turbulent viscosity limited to viscosity ratio of 1.000000e+05 in 809 cells 

 Reversed flow on 766 faces of pressure-outlet 7.
  1343  3.8658e-01  4.6509e-05  6.1621e-05  4.8041e-05  1.6670e-03  7.3160e-03  1.1501e-03  0:00:58    7

 turbulent viscosity limited to viscosity ratio of 1.000000e+05 in 808 cells 

 Reversed flow on 768 faces of pressure-outlet 7.
  1344  3.8684e-01  4.6527e-05  6.1697e-05  4.8051e-05  1.6698e-03  7.2630e-03  1.1500e-03  0:00:50    6

 turbulent viscosity limited to viscosity ratio of 1.000000e+05 in 808 cells 

 Reversed flow on 759 faces of pressure-outlet 7.
  1345  3.8712e-01  4.6540e-05  6.1740e-05  4.8031e-05  1.6673e-03  5.9818e-03  1.1498e-03  0:00:42    5

 turbulent viscosity limited to viscosity ratio of 1.000000e+05 in 808 cells 

 Reversed flow on 751 faces of pressure-outlet 7.
  1346  3.8677e-01  4.6568e-05  6.1781e-05  4.8029e-05  1.6737e-03  7.6797e-03  1.1498e-03  0:00:33    4

 turbulent viscosity limited to viscosity ratio of 1.000000e+05 in 808 cells 

 Reversed flow on 748 faces of pressure-outlet 7.

  iter  continuity  x-velocity  y-velocity  z-velocity           k     epsilon  vf-phase-2     time/iter
  1347  3.8675e-01  4.6611e-05  6.1822e-05  4.8017e-05  1.6738e-03  7.0714e-03  1.1498e-03  0:00:25    3

 turbulent viscosity limited to viscosity ratio of 1.000000e+05 in 807 cells 

 Reversed flow on 756 faces of pressure-outlet 7.
  1348  3.8687e-01  4.6646e-05  6.1864e-05  4.8020e-05  1.6799e-03  1.0313e-02  1.1500e-03  0:00:17    2

 turbulent viscosity limited to viscosity ratio of 1.000000e+05 in 807 cells 

 Reversed flow on 758 faces of pressure-outlet 7.
  1349  3.8691e-01  4.6685e-05  6.1894e-05  4.8022e-05  1.6790e-03  8.5522e-03  1.1502e-03  0:00:08    1

 turbulent viscosity limited to viscosity ratio of 1.000000e+05 in 807 cells 

 Reversed flow on 756 faces of pressure-outlet 7.
  1350  3.8709e-01  4.6740e-05  6.1917e-05  4.8021e-05  1.6832e-03  8.7285e-03  1.1505e-03  0:00:00    0
iterate_975: RPC returned
progress: 975/1125

  iter  continuity  x-velocity  y-velocity  z-velocity           k     epsilon  vf-phase-2     time/iter
  1350  3.8709e-01  4.6740e-05  6.1917e-05  4.8021e-05  1.6832e-03  8.7285e-03  1.1505e-03  0:03:29   25

 turbulent viscosity limited to viscosity ratio of 1.000000e+05 in 808 cells 

 Reversed flow on 758 faces of pressure-outlet 7.
  1351  3.8710e-01  4.6805e-05  6.1949e-05  4.8017e-05  1.6893e-03  8.4092e-03  1.1509e-03  0:03:24   24

 turbulent viscosity limited to viscosity ratio of 1.000000e+05 in 808 cells 

 Reversed flow on 749 faces of pressure-outlet 7.
  1352  3.8730e-01  4.6881e-05  6.1978e-05  4.8019e-05  1.6889e-03  9.3981e-03  1.1513e-03  0:03:18   23

 turbulent viscosity limited to viscosity ratio of 1.000000e+05 in 809 cells 

 Reversed flow on 754 faces of pressure-outlet 7.
  1353  3.8747e-01  4.6960e-05  6.2001e-05  4.8026e-05  1.6886e-03  7.9122e-03  1.1518e-03  0:03:07   22

 turbulent viscosity limited to viscosity ratio of 1.000000e+05 in 809 cells 

 Reversed flow on 755 faces of pressure-outlet 7.
  1354  3.8791e-01  4.7040e-05  6.1986e-05  4.8028e-05  1.6876e-03  7.6985e-03  1.1524e-03  0:02:56   21

 turbulent viscosity limited to viscosity ratio of 1.000000e+05 in 809 cells 

 Reversed flow on 756 faces of pressure-outlet 7.
  1355  3.8833e-01  4.7109e-05  6.1972e-05  4.8004e-05  1.6881e-03  6.7031e-03  1.1530e-03  0:02:50   20

 turbulent viscosity limited to viscosity ratio of 1.000000e+05 in 809 cells 

 Reversed flow on 750 faces of pressure-outlet 7.
  1356  3.8888e-01  4.7199e-05  6.1973e-05  4.7999e-05  1.6863e-03  6.4288e-03  1.1537e-03  0:02:40   19

 turbulent viscosity limited to viscosity ratio of 1.000000e+05 in 808 cells 

 Reversed flow on 739 faces of pressure-outlet 7.
  1357  3.8973e-01  4.7300e-05  6.1949e-05  4.7997e-05  1.6894e-03  8.1195e-03  1.1544e-03  0:02:30   18

 turbulent viscosity limited to viscosity ratio of 1.000000e+05 in 808 cells 

 Reversed flow on 746 faces of pressure-outlet 7.
  1358  3.9021e-01  4.7392e-05  6.1921e-05  4.7992e-05  1.6901e-03  8.0166e-03  1.1553e-03  0:02:24   17

 turbulent viscosity limited to viscosity ratio of 1.000000e+05 in 809 cells 

 Reversed flow on 759 faces of pressure-outlet 7.
  1359  3.9093e-01  4.7482e-05  6.1870e-05  4.7959e-05  1.6901e-03  7.2267e-03  1.1561e-03  0:02:14   16

 turbulent viscosity limited to viscosity ratio of 1.000000e+05 in 809 cells 

 Reversed flow on 751 faces of pressure-outlet 7.
  1360  3.9119e-01  4.7580e-05  6.1826e-05  4.7932e-05  1.6884e-03  7.2943e-03  1.1570e-03  0:02:04   15

 turbulent viscosity limited to viscosity ratio of 1.000000e+05 in 809 cells 

 Reversed flow on 742 faces of pressure-outlet 7.

  iter  continuity  x-velocity  y-velocity  z-velocity           k     epsilon  vf-phase-2     time/iter
  1361  3.9147e-01  4.7685e-05  6.1756e-05  4.7884e-05  1.6884e-03  7.2371e-03  1.1579e-03  0:01:58   14

 turbulent viscosity limited to viscosity ratio of 1.000000e+05 in 809 cells 

 Reversed flow on 745 faces of pressure-outlet 7.
  1362  3.9129e-01  4.7776e-05  6.1687e-05  4.7832e-05  1.6852e-03  7.4541e-03  1.1588e-03  0:01:49   13

 turbulent viscosity limited to viscosity ratio of 1.000000e+05 in 809 cells 

 Reversed flow on 744 faces of pressure-outlet 7.
  1363  3.9158e-01  4.7871e-05  6.1609e-05  4.7789e-05  1.6819e-03  6.5236e-03  1.1597e-03  0:01:39   12

 turbulent viscosity limited to viscosity ratio of 1.000000e+05 in 808 cells 

 Reversed flow on 747 faces of pressure-outlet 7.
  1364  3.9170e-01  4.7947e-05  6.1517e-05  4.7733e-05  1.6819e-03  6.4877e-03  1.1606e-03  0:01:33   11

 turbulent viscosity limited to viscosity ratio of 1.000000e+05 in 808 cells 

 Reversed flow on 738 faces of pressure-outlet 7.
  1365  3.9227e-01  4.8032e-05  6.1411e-05  4.7688e-05  1.6782e-03  6.3005e-03  1.1614e-03  0:01:23   10

 turbulent viscosity limited to viscosity ratio of 1.000000e+05 in 808 cells 

 Reversed flow on 730 faces of pressure-outlet 7.
  1366  3.9220e-01  4.8105e-05  6.1300e-05  4.7629e-05  1.6760e-03  6.8935e-03  1.1623e-03  0:01:14    9

 turbulent viscosity limited to viscosity ratio of 1.000000e+05 in 808 cells 

 Reversed flow on 733 faces of pressure-outlet 7.
  1367  3.9208e-01  4.8176e-05  6.1205e-05  4.7562e-05  1.6719e-03  6.9814e-03  1.1633e-03  0:01:07    8

 turbulent viscosity limited to viscosity ratio of 1.000000e+05 in 808 cells 

 Reversed flow on 731 faces of pressure-outlet 7.
  1368  3.9243e-01  4.8256e-05  6.1092e-05  4.7496e-05  1.6703e-03  7.0598e-03  1.1643e-03  0:00:58    7

 turbulent viscosity limited to viscosity ratio of 1.000000e+05 in 808 cells 

 Reversed flow on 740 faces of pressure-outlet 7.
  1369  3.9222e-01  4.8332e-05  6.0978e-05  4.7407e-05  1.6662e-03  6.4942e-03  1.1652e-03  0:00:50    6

 turbulent viscosity limited to viscosity ratio of 1.000000e+05 in 808 cells 

 Reversed flow on 725 faces of pressure-outlet 7.
  1370  3.9238e-01  4.8392e-05  6.0859e-05  4.7310e-05  1.6612e-03  5.9713e-03  1.1661e-03  0:00:42    5

 turbulent viscosity limited to viscosity ratio of 1.000000e+05 in 808 cells 

 Reversed flow on 724 faces of pressure-outlet 7.
  1371  3.9284e-01  4.8456e-05  6.0731e-05  4.7215e-05  1.6562e-03  5.6677e-03  1.1669e-03  0:00:33    4

 turbulent viscosity limited to viscosity ratio of 1.000000e+05 in 808 cells 

 Reversed flow on 713 faces of pressure-outlet 7.

  iter  continuity  x-velocity  y-velocity  z-velocity           k     epsilon  vf-phase-2     time/iter
  1372  3.9320e-01  4.8519e-05  6.0603e-05  4.7119e-05  1.6554e-03  6.5972e-03  1.1676e-03  0:00:25    3

 turbulent viscosity limited to viscosity ratio of 1.000000e+05 in 808 cells 

 Reversed flow on 704 faces of pressure-outlet 7.
  1373  3.9308e-01  4.8581e-05  6.0471e-05  4.7035e-05  1.6546e-03  8.6185e-03  1.1683e-03  0:00:17    2

 turbulent viscosity limited to viscosity ratio of 1.000000e+05 in 808 cells 

 Reversed flow on 721 faces of pressure-outlet 7.
  1374  3.9278e-01  4.8617e-05  6.0338e-05  4.6937e-05  1.6540e-03  9.5868e-03  1.1689e-03  0:00:08    1

 turbulent viscosity limited to viscosity ratio of 1.000000e+05 in 808 cells 

 Reversed flow on 722 faces of pressure-outlet 7.
  1375  3.9258e-01  4.8654e-05  6.0198e-05  4.6832e-05  1.6437e-03  8.0541e-03  1.1694e-03  0:00:00    0
iterate_1000: RPC returned
progress: 1000/1125

=== autosave_1000 ===

Writing to EN439159:"C:\Users\qtra338\Documents\enthalpy_sweep_verified_20260721_v2\case_3_1520_1500iter_recovered_from_375_autosave_iter1000.cas.h5" in NODE0 mode and compression level 1 ...
Grouping cells for Laplace smoothing ...
     5578299 cells,     1 zone  ...
    11355491 faces,     5 zones ...
     1026091 nodes,     1 zone  ...
  Done.
Done.
write_case_autosave_1000: OK

Writing to EN439159:"C:\Users\qtra338\Documents\enthalpy_sweep_verified_20260721_v2\case_3_1520_1500iter_recovered_from_375_autosave_iter1000.dat.h5" in NODE0 mode and compression level 1 ...
  Writing results.
Done.
write_data_autosave_1000: OK
saved_pair_autosave_1000: VERIFIED

  iter  continuity  x-velocity  y-velocity  z-velocity           k     epsilon  vf-phase-2     time/iter
  1375  3.9258e-01  4.8654e-05  6.0198e-05  4.6832e-05  1.6437e-03  8.0541e-03  1.1694e-03  0:03:27   25

 turbulent viscosity limited to viscosity ratio of 1.000000e+05 in 807 cells 

 Reversed flow on 725 faces of pressure-outlet 7.
  1376  3.9228e-01  4.8681e-05  6.0050e-05  4.6712e-05  1.6375e-03  7.8259e-03  1.1698e-03  0:03:27   24

 turbulent viscosity limited to viscosity ratio of 1.000000e+05 in 807 cells 

 Reversed flow on 720 faces of pressure-outlet 7.
  1377  3.9206e-01  4.8719e-05  5.9912e-05  4.6580e-05  1.6297e-03  6.7033e-03  1.1701e-03  0:03:15   23

 turbulent viscosity limited to viscosity ratio of 1.000000e+05 in 807 cells 

 Reversed flow on 702 faces of pressure-outlet 7.
  1378  3.9154e-01  4.8725e-05  5.9764e-05  4.6459e-05  1.6256e-03  7.3188e-03  1.1704e-03  0:03:05   22

 turbulent viscosity limited to viscosity ratio of 1.000000e+05 in 807 cells 

 Reversed flow on 703 faces of pressure-outlet 7.
  1379  3.9090e-01  4.8737e-05  5.9622e-05  4.6345e-05  1.6192e-03  7.7200e-03  1.1707e-03  0:02:59   21

 turbulent viscosity limited to viscosity ratio of 1.000000e+05 in 806 cells 

 Reversed flow on 708 faces of pressure-outlet 7.
  1380  3.9072e-01  4.8749e-05  5.9480e-05  4.6224e-05  1.6126e-03  8.5534e-03  1.1709e-03  0:02:48   20

 turbulent viscosity limited to viscosity ratio of 1.000000e+05 in 806 cells 

 Reversed flow on 716 faces of pressure-outlet 7.
  1381  3.9042e-01  4.8761e-05  5.9331e-05  4.6099e-05  1.6056e-03  8.0045e-03  1.1711e-03  0:02:42   19

 turbulent viscosity limited to viscosity ratio of 1.000000e+05 in 805 cells 

 Reversed flow on 707 faces of pressure-outlet 7.
  1382  3.9021e-01  4.8757e-05  5.9181e-05  4.5971e-05  1.5978e-03  7.9173e-03  1.1712e-03  0:02:32   18

 turbulent viscosity limited to viscosity ratio of 1.000000e+05 in 805 cells 

 Reversed flow on 709 faces of pressure-outlet 7.
  1383  3.9009e-01  4.8749e-05  5.9027e-05  4.5845e-05  1.5926e-03  8.2039e-03  1.1713e-03  0:02:22   17

 turbulent viscosity limited to viscosity ratio of 1.000000e+05 in 805 cells 

 Reversed flow on 702 faces of pressure-outlet 7.
  1384  3.8970e-01  4.8739e-05  5.8890e-05  4.5723e-05  1.5854e-03  8.9162e-03  1.1713e-03  0:02:16   16

 turbulent viscosity limited to viscosity ratio of 1.000000e+05 in 805 cells 

 Reversed flow on 693 faces of pressure-outlet 7.
  1385  3.8952e-01  4.8731e-05  5.8751e-05  4.5585e-05  1.5762e-03  8.1795e-03  1.1713e-03  0:02:06   15

 turbulent viscosity limited to viscosity ratio of 1.000000e+05 in 805 cells 

 Reversed flow on 696 faces of pressure-outlet 7.

  iter  continuity  x-velocity  y-velocity  z-velocity           k     epsilon  vf-phase-2     time/iter
  1386  3.8880e-01  4.8700e-05  5.8610e-05  4.5454e-05  1.5691e-03  8.2154e-03  1.1712e-03  0:01:56   14

 turbulent viscosity limited to viscosity ratio of 1.000000e+05 in 805 cells 

 Reversed flow on 698 faces of pressure-outlet 7.
  1387  3.8849e-01  4.8659e-05  5.8481e-05  4.5336e-05  1.5619e-03  8.0530e-03  1.1710e-03  0:01:50   13

 turbulent viscosity limited to viscosity ratio of 1.000000e+05 in 806 cells 

 Reversed flow on 685 faces of pressure-outlet 7.
  1388  3.8849e-01  4.8641e-05  5.8357e-05  4.5234e-05  1.5573e-03  8.7518e-03  1.1709e-03  0:01:40   12

 turbulent viscosity limited to viscosity ratio of 1.000000e+05 in 806 cells 

 Reversed flow on 689 faces of pressure-outlet 7.
  1389  3.8846e-01  4.8596e-05  5.8233e-05  4.5122e-05  1.5505e-03  8.7865e-03  1.1706e-03  0:01:31   11

 turbulent viscosity limited to viscosity ratio of 1.000000e+05 in 806 cells 

 Reversed flow on 700 faces of pressure-outlet 7.
  1390  3.8818e-01  4.8577e-05  5.8117e-05  4.5013e-05  1.5427e-03  8.5267e-03  1.1703e-03  0:01:24   10

 turbulent viscosity limited to viscosity ratio of 1.000000e+05 in 806 cells 

 Reversed flow on 699 faces of pressure-outlet 7.
  1391  3.8783e-01  4.8536e-05  5.7999e-05  4.4905e-05  1.5352e-03  8.0474e-03  1.1700e-03  0:01:15    9

 turbulent viscosity limited to viscosity ratio of 1.000000e+05 in 806 cells 

 Reversed flow on 691 faces of pressure-outlet 7.
  1392  3.8748e-01  4.8485e-05  5.7874e-05  4.4810e-05  1.5309e-03  8.4535e-03  1.1697e-03  0:01:06    8

 turbulent viscosity limited to viscosity ratio of 1.000000e+05 in 806 cells 

 Reversed flow on 702 faces of pressure-outlet 7.
  1393  3.8697e-01  4.8434e-05  5.7758e-05  4.4714e-05  1.5192e-03  7.0840e-03  1.1693e-03  0:00:59    7

 turbulent viscosity limited to viscosity ratio of 1.000000e+05 in 806 cells 

 Reversed flow on 692 faces of pressure-outlet 7.
  1394  3.8693e-01  4.8381e-05  5.7655e-05  4.4610e-05  1.5121e-03  6.5492e-03  1.1689e-03  0:00:50    6

 turbulent viscosity limited to viscosity ratio of 1.000000e+05 in 805 cells 

 Reversed flow on 698 faces of pressure-outlet 7.
  1395  3.8661e-01  4.8336e-05  5.7556e-05  4.4514e-05  1.5027e-03  5.3180e-03  1.1686e-03  0:00:41    5

 turbulent viscosity limited to viscosity ratio of 1.000000e+05 in 805 cells 

 Reversed flow on 696 faces of pressure-outlet 7.
  1396  3.8636e-01  4.8282e-05  5.7477e-05  4.4410e-05  1.5002e-03  6.4516e-03  1.1683e-03  0:00:34    4

 turbulent viscosity limited to viscosity ratio of 1.000000e+05 in 805 cells 

 Reversed flow on 693 faces of pressure-outlet 7.

  iter  continuity  x-velocity  y-velocity  z-velocity           k     epsilon  vf-phase-2     time/iter
  1397  3.8609e-01  4.8228e-05  5.7409e-05  4.4323e-05  1.5014e-03  1.0122e-02  1.1679e-03  0:00:25    3

 turbulent viscosity limited to viscosity ratio of 1.000000e+05 in 805 cells 

 Reversed flow on 707 faces of pressure-outlet 7.
  1398  3.8590e-01  4.8164e-05  5.7339e-05  4.4250e-05  1.5025e-03  1.0309e-02  1.1675e-03  0:00:17    2

 turbulent viscosity limited to viscosity ratio of 1.000000e+05 in 805 cells 

 Reversed flow on 706 faces of pressure-outlet 7.
  1399  3.8590e-01  4.8105e-05  5.7298e-05  4.4190e-05  1.4989e-03  9.8499e-03  1.1671e-03  0:00:08    1

 turbulent viscosity limited to viscosity ratio of 1.000000e+05 in 805 cells 

 Reversed flow on 701 faces of pressure-outlet 7.
  1400  3.8577e-01  4.8045e-05  5.7235e-05  4.4122e-05  1.4908e-03  8.2013e-03  1.1667e-03  0:00:00    0
iterate_1025: RPC returned
progress: 1025/1125

  iter  continuity  x-velocity  y-velocity  z-velocity           k     epsilon  vf-phase-2     time/iter
  1400  3.8577e-01  4.8045e-05  5.7235e-05  4.4122e-05  1.4908e-03  8.2013e-03  1.1667e-03  0:03:28   25

 turbulent viscosity limited to viscosity ratio of 1.000000e+05 in 805 cells 

 Reversed flow on 704 faces of pressure-outlet 7.
  1401  3.8572e-01  4.7988e-05  5.7179e-05  4.4058e-05  1.4856e-03  7.5539e-03  1.1663e-03  0:03:23   24

 turbulent viscosity limited to viscosity ratio of 1.000000e+05 in 805 cells 

 Reversed flow on 705 faces of pressure-outlet 7.
  1402  3.8570e-01  4.7930e-05  5.7129e-05  4.3993e-05  1.4823e-03  7.5800e-03  1.1660e-03  0:03:17   23

 turbulent viscosity limited to viscosity ratio of 1.000000e+05 in 805 cells 

 Reversed flow on 711 faces of pressure-outlet 7.
  1403  3.8580e-01  4.7876e-05  5.7081e-05  4.3947e-05  1.4809e-03  7.9745e-03  1.1657e-03  0:03:06   22

 turbulent viscosity limited to viscosity ratio of 1.000000e+05 in 805 cells 

 Reversed flow on 710 faces of pressure-outlet 7.
  1404  3.8563e-01  4.7807e-05  5.7035e-05  4.3899e-05  1.4809e-03  9.3077e-03  1.1653e-03  0:02:56   21

 turbulent viscosity limited to viscosity ratio of 1.000000e+05 in 805 cells 

 Reversed flow on 712 faces of pressure-outlet 7.
  1405  3.8525e-01  4.7740e-05  5.6990e-05  4.3854e-05  1.4774e-03  8.3997e-03  1.1650e-03  0:02:50   20

 turbulent viscosity limited to viscosity ratio of 1.000000e+05 in 806 cells 

 Reversed flow on 706 faces of pressure-outlet 7.
  1406  3.8494e-01  4.7666e-05  5.6941e-05  4.3820e-05  1.4742e-03  7.5792e-03  1.1646e-03  0:02:39   19

 turbulent viscosity limited to viscosity ratio of 1.000000e+05 in 806 cells 

 Reversed flow on 706 faces of pressure-outlet 7.
  1407  3.8450e-01  4.7602e-05  5.6905e-05  4.3775e-05  1.4717e-03  7.3683e-03  1.1642e-03  0:02:30   18

 turbulent viscosity limited to viscosity ratio of 1.000000e+05 in 806 cells 

 Reversed flow on 711 faces of pressure-outlet 7.
  1408  3.8433e-01  4.7542e-05  5.6866e-05  4.3731e-05  1.4711e-03  8.5442e-03  1.1637e-03  0:02:24   17

 turbulent viscosity limited to viscosity ratio of 1.000000e+05 in 806 cells 

 Reversed flow on 731 faces of pressure-outlet 7.
  1409  3.8432e-01  4.7470e-05  5.6832e-05  4.3700e-05  1.4695e-03  8.3557e-03  1.1633e-03  0:02:14   16

 turbulent viscosity limited to viscosity ratio of 1.000000e+05 in 806 cells 

 Reversed flow on 724 faces of pressure-outlet 7.
  1410  3.8426e-01  4.7389e-05  5.6804e-05  4.3678e-05  1.4700e-03  9.4813e-03  1.1627e-03  0:02:04   15

 turbulent viscosity limited to viscosity ratio of 1.000000e+05 in 806 cells 

 Reversed flow on 720 faces of pressure-outlet 7.

  iter  continuity  x-velocity  y-velocity  z-velocity           k     epsilon  vf-phase-2     time/iter
  1411  3.8413e-01  4.7315e-05  5.6778e-05  4.3663e-05  1.4694e-03  8.7605e-03  1.1622e-03  0:01:58   14

 turbulent viscosity limited to viscosity ratio of 1.000000e+05 in 806 cells 

 Reversed flow on 721 faces of pressure-outlet 7.
  1412  3.8394e-01  4.7245e-05  5.6744e-05  4.3652e-05  1.4652e-03  7.8820e-03  1.1617e-03  0:01:48   13

 turbulent viscosity limited to viscosity ratio of 1.000000e+05 in 806 cells 

 Reversed flow on 717 faces of pressure-outlet 7.
  1413  3.8359e-01  4.7186e-05  5.6722e-05  4.3639e-05  1.4672e-03  8.6505e-03  1.1612e-03  0:01:39   12

 turbulent viscosity limited to viscosity ratio of 1.000000e+05 in 806 cells 

 Reversed flow on 718 faces of pressure-outlet 7.
  1414  3.8280e-01  4.7108e-05  5.6700e-05  4.3613e-05  1.4635e-03  8.5875e-03  1.1607e-03  0:01:33   11

 turbulent viscosity limited to viscosity ratio of 1.000000e+05 in 806 cells 

 Reversed flow on 732 faces of pressure-outlet 7.
  1415  3.8258e-01  4.7019e-05  5.6673e-05  4.3604e-05  1.4638e-03  8.6705e-03  1.1602e-03  0:01:23   10

 turbulent viscosity limited to viscosity ratio of 1.000000e+05 in 806 cells 

 Reversed flow on 731 faces of pressure-outlet 7.
  1416  3.8215e-01  4.6952e-05  5.6644e-05  4.3600e-05  1.4612e-03  8.3339e-03  1.1597e-03  0:01:14    9

 turbulent viscosity limited to viscosity ratio of 1.000000e+05 in 806 cells 

 Reversed flow on 736 faces of pressure-outlet 7.
  1417  3.8195e-01  4.6882e-05  5.6629e-05  4.3592e-05  1.4581e-03  7.7454e-03  1.1593e-03  0:01:07    8

 turbulent viscosity limited to viscosity ratio of 1.000000e+05 in 806 cells 

 Reversed flow on 734 faces of pressure-outlet 7.
  1418  3.8139e-01  4.6807e-05  5.6594e-05  4.3591e-05  1.4599e-03  8.6652e-03  1.1589e-03  0:00:58    7

 turbulent viscosity limited to viscosity ratio of 1.000000e+05 in 806 cells 

 Reversed flow on 740 faces of pressure-outlet 7.
  1419  3.8075e-01  4.6721e-05  5.6559e-05  4.3586e-05  1.4586e-03  9.6299e-03  1.1586e-03  0:00:51    6

 turbulent viscosity limited to viscosity ratio of 1.000000e+05 in 805 cells 

 Reversed flow on 750 faces of pressure-outlet 7.
  1420  3.8052e-01  4.6649e-05  5.6534e-05  4.3576e-05  1.4554e-03  8.2392e-03  1.1583e-03  0:00:42    5

 turbulent viscosity limited to viscosity ratio of 1.000000e+05 in 804 cells 

 Reversed flow on 751 faces of pressure-outlet 7.
  1421  3.7979e-01  4.6551e-05  5.6491e-05  4.3572e-05  1.4549e-03  8.3156e-03  1.1581e-03  0:00:33    4

 turbulent viscosity limited to viscosity ratio of 1.000000e+05 in 804 cells 

 Reversed flow on 733 faces of pressure-outlet 7.

  iter  continuity  x-velocity  y-velocity  z-velocity           k     epsilon  vf-phase-2     time/iter
  1422  3.7923e-01  4.6445e-05  5.6456e-05  4.3572e-05  1.4513e-03  6.9342e-03  1.1579e-03  0:00:25    3

 turbulent viscosity limited to viscosity ratio of 1.000000e+05 in 804 cells 

 Reversed flow on 748 faces of pressure-outlet 7.
  1423  3.7868e-01  4.6343e-05  5.6416e-05  4.3573e-05  1.4504e-03  7.1316e-03  1.1578e-03  0:00:17    2

 turbulent viscosity limited to viscosity ratio of 1.000000e+05 in 804 cells 

 Reversed flow on 752 faces of pressure-outlet 7.
  1424  3.7824e-01  4.6250e-05  5.6394e-05  4.3576e-05  1.4536e-03  9.1208e-03  1.1578e-03  0:00:08    1

 turbulent viscosity limited to viscosity ratio of 1.000000e+05 in 804 cells 

 Reversed flow on 749 faces of pressure-outlet 7.
  1425  3.7799e-01  4.6144e-05  5.6371e-05  4.3590e-05  1.4522e-03  8.5216e-03  1.1578e-03  0:00:00    0
iterate_1050: RPC returned
progress: 1050/1125

  iter  continuity  x-velocity  y-velocity  z-velocity           k     epsilon  vf-phase-2     time/iter
  1425  3.7799e-01  4.6144e-05  5.6371e-05  4.3590e-05  1.4522e-03  8.5216e-03  1.1578e-03  0:03:31   25

 turbulent viscosity limited to viscosity ratio of 1.000000e+05 in 804 cells 

 Reversed flow on 757 faces of pressure-outlet 7.
  1426  3.7756e-01  4.6040e-05  5.6328e-05  4.3600e-05  1.4498e-03  8.7269e-03  1.1580e-03  0:03:25   24

 turbulent viscosity limited to viscosity ratio of 1.000000e+05 in 803 cells 

 Reversed flow on 764 faces of pressure-outlet 7.
  1427  3.7716e-01  4.5930e-05  5.6294e-05  4.3609e-05  1.4505e-03  8.4542e-03  1.1583e-03  0:03:14   23

 turbulent viscosity limited to viscosity ratio of 1.000000e+05 in 802 cells 

 Reversed flow on 764 faces of pressure-outlet 7.
  1428  3.7668e-01  4.5812e-05  5.6243e-05  4.3612e-05  1.4478e-03  7.6263e-03  1.1586e-03  0:03:08   22

 turbulent viscosity limited to viscosity ratio of 1.000000e+05 in 802 cells 

 Reversed flow on 757 faces of pressure-outlet 7.
  1429  3.7618e-01  4.5699e-05  5.6186e-05  4.3621e-05  1.4432e-03  6.8732e-03  1.1589e-03  0:02:57   21

 turbulent viscosity limited to viscosity ratio of 1.000000e+05 in 801 cells 

 Reversed flow on 759 faces of pressure-outlet 7.
  1430  3.7530e-01  4.5587e-05  5.6131e-05  4.3622e-05  1.4414e-03  7.4236e-03  1.1593e-03  0:02:47   20

 turbulent viscosity limited to viscosity ratio of 1.000000e+05 in 801 cells 

 Reversed flow on 767 faces of pressure-outlet 7.
  1431  3.7447e-01  4.5467e-05  5.6077e-05  4.3627e-05  1.4407e-03  7.5058e-03  1.1598e-03  0:02:37   19

 turbulent viscosity limited to viscosity ratio of 1.000000e+05 in 801 cells 

 Reversed flow on 762 faces of pressure-outlet 7.
  1432  3.7395e-01  4.5343e-05  5.6028e-05  4.3640e-05  1.4398e-03  7.3617e-03  1.1604e-03  0:02:32   18

 turbulent viscosity limited to viscosity ratio of 1.000000e+05 in 802 cells 

 Reversed flow on 769 faces of pressure-outlet 7.
  1433  3.7334e-01  4.5227e-05  5.5978e-05  4.3655e-05  1.4357e-03  7.2521e-03  1.1610e-03  0:02:22   17

 turbulent viscosity limited to viscosity ratio of 1.000000e+05 in 801 cells 

 Reversed flow on 768 faces of pressure-outlet 7.
  1434  3.7276e-01  4.5113e-05  5.5933e-05  4.3667e-05  1.4356e-03  7.9784e-03  1.1616e-03  0:02:12   16

 turbulent viscosity limited to viscosity ratio of 1.000000e+05 in 801 cells 

 Reversed flow on 770 faces of pressure-outlet 7.
  1435  3.7246e-01  4.4986e-05  5.5885e-05  4.3691e-05  1.4351e-03  8.3248e-03  1.1624e-03  0:02:06   15

 turbulent viscosity limited to viscosity ratio of 1.000000e+05 in 801 cells 

 Reversed flow on 776 faces of pressure-outlet 7.

  iter  continuity  x-velocity  y-velocity  z-velocity           k     epsilon  vf-phase-2     time/iter
  1436  3.7207e-01  4.4859e-05  5.5836e-05  4.3733e-05  1.4333e-03  7.3440e-03  1.1633e-03  0:01:57   14

 turbulent viscosity limited to viscosity ratio of 1.000000e+05 in 801 cells 

 Reversed flow on 774 faces of pressure-outlet 7.
  1437  3.7165e-01  4.4725e-05  5.5779e-05  4.3757e-05  1.4309e-03  7.4626e-03  1.1641e-03  0:01:47   13

 turbulent viscosity limited to viscosity ratio of 1.000000e+05 in 801 cells 

 Reversed flow on 777 faces of pressure-outlet 7.
  1438  3.7090e-01  4.4589e-05  5.5731e-05  4.3764e-05  1.4264e-03  6.8034e-03  1.1650e-03  0:01:41   12

 turbulent viscosity limited to viscosity ratio of 1.000000e+05 in 802 cells 

 Reversed flow on 783 faces of pressure-outlet 7.
  1439  3.7005e-01  4.4464e-05  5.5678e-05  4.3781e-05  1.4271e-03  8.8123e-03  1.1659e-03  0:01:32   11

 turbulent viscosity limited to viscosity ratio of 1.000000e+05 in 803 cells 

 Reversed flow on 777 faces of pressure-outlet 7.
  1440  3.6939e-01  4.4329e-05  5.5620e-05  4.3794e-05  1.4241e-03  8.1932e-03  1.1667e-03  0:01:25   10

 turbulent viscosity limited to viscosity ratio of 1.000000e+05 in 802 cells 

 Reversed flow on 777 faces of pressure-outlet 7.
  1441  3.6878e-01  4.4193e-05  5.5564e-05  4.3807e-05  1.4240e-03  7.8337e-03  1.1676e-03  0:01:15    9

 turbulent viscosity limited to viscosity ratio of 1.000000e+05 in 802 cells 

 Reversed flow on 782 faces of pressure-outlet 7.
  1442  3.6840e-01  4.4063e-05  5.5521e-05  4.3825e-05  1.4196e-03  7.4848e-03  1.1684e-03  0:01:06    8

 turbulent viscosity limited to viscosity ratio of 1.000000e+05 in 802 cells 

 Reversed flow on 784 faces of pressure-outlet 7.
  1443  3.6750e-01  4.3936e-05  5.5466e-05  4.3845e-05  1.4175e-03  7.6265e-03  1.1692e-03  0:00:58    7

 turbulent viscosity limited to viscosity ratio of 1.000000e+05 in 802 cells 

 Reversed flow on 778 faces of pressure-outlet 7.
  1444  3.6684e-01  4.3803e-05  5.5410e-05  4.3851e-05  1.4128e-03  6.6974e-03  1.1700e-03  0:00:50    6

 turbulent viscosity limited to viscosity ratio of 1.000000e+05 in 802 cells 

 Reversed flow on 774 faces of pressure-outlet 7.
  1445  3.6616e-01  4.3680e-05  5.5357e-05  4.3872e-05  1.4104e-03  6.9769e-03  1.1708e-03  0:00:42    5

 turbulent viscosity limited to viscosity ratio of 1.000000e+05 in 802 cells 

 Reversed flow on 780 faces of pressure-outlet 7.
  1446  3.6558e-01  4.3553e-05  5.5301e-05  4.3895e-05  1.4085e-03  6.7911e-03  1.1716e-03  0:00:34    4

 turbulent viscosity limited to viscosity ratio of 1.000000e+05 in 802 cells 

 Reversed flow on 775 faces of pressure-outlet 7.

  iter  continuity  x-velocity  y-velocity  z-velocity           k     epsilon  vf-phase-2     time/iter
  1447  3.6500e-01  4.3415e-05  5.5246e-05  4.3899e-05  1.4064e-03  6.5175e-03  1.1725e-03  0:00:25    3

 turbulent viscosity limited to viscosity ratio of 1.000000e+05 in 802 cells 

 Reversed flow on 781 faces of pressure-outlet 7.
  1448  3.6425e-01  4.3297e-05  5.5203e-05  4.3919e-05  1.4056e-03  6.7947e-03  1.1732e-03  0:00:17    2

 turbulent viscosity limited to viscosity ratio of 1.000000e+05 in 802 cells 

 Reversed flow on 786 faces of pressure-outlet 7.
  1449  3.6376e-01  4.3175e-05  5.5134e-05  4.3924e-05  1.4017e-03  7.2276e-03  1.1738e-03  0:00:08    1

 turbulent viscosity limited to viscosity ratio of 1.000000e+05 in 802 cells 

 Reversed flow on 776 faces of pressure-outlet 7.
  1450  3.6307e-01  4.3054e-05  5.5073e-05  4.3932e-05  1.4000e-03  7.0661e-03  1.1745e-03  0:00:00    0
iterate_1075: RPC returned
progress: 1075/1125

  iter  continuity  x-velocity  y-velocity  z-velocity           k     epsilon  vf-phase-2     time/iter
  1450  3.6307e-01  4.3054e-05  5.5073e-05  4.3932e-05  1.4000e-03  7.0661e-03  1.1745e-03  0:03:29   25

 turbulent viscosity limited to viscosity ratio of 1.000000e+05 in 802 cells 

 Reversed flow on 766 faces of pressure-outlet 7.
  1451  3.6216e-01  4.2943e-05  5.5003e-05  4.3929e-05  1.3971e-03  6.7952e-03  1.1751e-03  0:03:23   24

 turbulent viscosity limited to viscosity ratio of 1.000000e+05 in 803 cells 

 Reversed flow on 767 faces of pressure-outlet 7.
  1452  3.6149e-01  4.2829e-05  5.4930e-05  4.3926e-05  1.3943e-03  6.6448e-03  1.1757e-03  0:03:17   23

 turbulent viscosity limited to viscosity ratio of 1.000000e+05 in 803 cells 

 Reversed flow on 766 faces of pressure-outlet 7.
  1453  3.6083e-01  4.2722e-05  5.4859e-05  4.3913e-05  1.3923e-03  6.5460e-03  1.1763e-03  0:03:06   22

 turbulent viscosity limited to viscosity ratio of 1.000000e+05 in 803 cells 

 Reversed flow on 764 faces of pressure-outlet 7.
  1454  3.6016e-01  4.2618e-05  5.4809e-05  4.3888e-05  1.3899e-03  6.3492e-03  1.1769e-03  0:03:00   21

 turbulent viscosity limited to viscosity ratio of 1.000000e+05 in 802 cells 

 Reversed flow on 760 faces of pressure-outlet 7.
  1455  3.5970e-01  4.2521e-05  5.4742e-05  4.3872e-05  1.3882e-03  6.5595e-03  1.1773e-03  0:02:49   20

 turbulent viscosity limited to viscosity ratio of 1.000000e+05 in 801 cells 

 Reversed flow on 769 faces of pressure-outlet 7.
  1456  3.5898e-01  4.2440e-05  5.4667e-05  4.3866e-05  1.3864e-03  6.8893e-03  1.1777e-03  0:02:39   19

 turbulent viscosity limited to viscosity ratio of 1.000000e+05 in 801 cells 

 Reversed flow on 777 faces of pressure-outlet 7.
  1457  3.5867e-01  4.2356e-05  5.4584e-05  4.3839e-05  1.3842e-03  6.6877e-03  1.1780e-03  0:02:29   18

 turbulent viscosity limited to viscosity ratio of 1.000000e+05 in 802 cells 

 Reversed flow on 762 faces of pressure-outlet 7.
  1458  3.5796e-01  4.2270e-05  5.4513e-05  4.3812e-05  1.3820e-03  6.9902e-03  1.1783e-03  0:02:23   17

 turbulent viscosity limited to viscosity ratio of 1.000000e+05 in 802 cells 

 Reversed flow on 756 faces of pressure-outlet 7.
  1459  3.5715e-01  4.2200e-05  5.4444e-05  4.3771e-05  1.3812e-03  7.9498e-03  1.1785e-03  0:02:14   16

 turbulent viscosity limited to viscosity ratio of 1.000000e+05 in 802 cells 

 Reversed flow on 754 faces of pressure-outlet 7.
  1460  3.5715e-01  4.2133e-05  5.4369e-05  4.3747e-05  1.3759e-03  6.9084e-03  1.1787e-03  0:02:04   15

 turbulent viscosity limited to viscosity ratio of 1.000000e+05 in 802 cells 

 Reversed flow on 748 faces of pressure-outlet 7.

  iter  continuity  x-velocity  y-velocity  z-velocity           k     epsilon  vf-phase-2     time/iter
  1461  3.5684e-01  4.2079e-05  5.4292e-05  4.3714e-05  1.3755e-03  7.8768e-03  1.1787e-03  0:01:58   14

 turbulent viscosity limited to viscosity ratio of 1.000000e+05 in 802 cells 

 Reversed flow on 754 faces of pressure-outlet 7.
  1462  3.5582e-01  4.2012e-05  5.4217e-05  4.3663e-05  1.3714e-03  7.0225e-03  1.1786e-03  0:01:48   13

 turbulent viscosity limited to viscosity ratio of 1.000000e+05 in 802 cells 

 Reversed flow on 771 faces of pressure-outlet 7.
  1463  3.5548e-01  4.1949e-05  5.4130e-05  4.3620e-05  1.3709e-03  8.4228e-03  1.1786e-03  0:01:39   12

 turbulent viscosity limited to viscosity ratio of 1.000000e+05 in 803 cells 

 Reversed flow on 761 faces of pressure-outlet 7.
  1464  3.5495e-01  4.1894e-05  5.4028e-05  4.3570e-05  1.3685e-03  7.5108e-03  1.1786e-03  0:01:33   11

 turbulent viscosity limited to viscosity ratio of 1.000000e+05 in 803 cells 

 Reversed flow on 752 faces of pressure-outlet 7.
  1465  3.5453e-01  4.1840e-05  5.3946e-05  4.3531e-05  1.3631e-03  7.2218e-03  1.1786e-03  0:01:23   10

 turbulent viscosity limited to viscosity ratio of 1.000000e+05 in 803 cells 

 Reversed flow on 757 faces of pressure-outlet 7.
  1466  3.5388e-01  4.1797e-05  5.3879e-05  4.3473e-05  1.3583e-03  7.1279e-03  1.1784e-03  0:01:16    9

 turbulent viscosity limited to viscosity ratio of 1.000000e+05 in 803 cells 

 Reversed flow on 758 faces of pressure-outlet 7.
  1467  3.5350e-01  4.1755e-05  5.3811e-05  4.3427e-05  1.3565e-03  6.9943e-03  1.1782e-03  0:01:07    8

 turbulent viscosity limited to viscosity ratio of 1.000000e+05 in 803 cells 

 Reversed flow on 742 faces of pressure-outlet 7.
  1468  3.5305e-01  4.1723e-05  5.3727e-05  4.3371e-05  1.3536e-03  7.7154e-03  1.1779e-03  0:00:58    7

 turbulent viscosity limited to viscosity ratio of 1.000000e+05 in 803 cells 

 Reversed flow on 740 faces of pressure-outlet 7.
  1469  3.5304e-01  4.1689e-05  5.3652e-05  4.3319e-05  1.3503e-03  6.9953e-03  1.1775e-03  0:00:51    6

 turbulent viscosity limited to viscosity ratio of 1.000000e+05 in 803 cells 

 Reversed flow on 737 faces of pressure-outlet 7.
  1470  3.5249e-01  4.1663e-05  5.3592e-05  4.3260e-05  1.3479e-03  6.6627e-03  1.1771e-03  0:00:42    5

 turbulent viscosity limited to viscosity ratio of 1.000000e+05 in 803 cells 

 Reversed flow on 735 faces of pressure-outlet 7.
  1471  3.5236e-01  4.1625e-05  5.3522e-05  4.3209e-05  1.3440e-03  6.7346e-03  1.1766e-03  0:00:33    4

 turbulent viscosity limited to viscosity ratio of 1.000000e+05 in 803 cells 

 Reversed flow on 740 faces of pressure-outlet 7.

  iter  continuity  x-velocity  y-velocity  z-velocity           k     epsilon  vf-phase-2     time/iter
  1472  3.5169e-01  4.1587e-05  5.3443e-05  4.3149e-05  1.3400e-03  6.3581e-03  1.1759e-03  0:00:25    3

 turbulent viscosity limited to viscosity ratio of 1.000000e+05 in 803 cells 

 Reversed flow on 741 faces of pressure-outlet 7.
  1473  3.5152e-01  4.1550e-05  5.3377e-05  4.3102e-05  1.3364e-03  6.0194e-03  1.1752e-03  0:00:17    2

 turbulent viscosity limited to viscosity ratio of 1.000000e+05 in 803 cells 

 Reversed flow on 728 faces of pressure-outlet 7.
  1474  3.5085e-01  4.1505e-05  5.3310e-05  4.3053e-05  1.3342e-03  7.2027e-03  1.1744e-03  0:00:08    1

 turbulent viscosity limited to viscosity ratio of 1.000000e+05 in 802 cells 

 Reversed flow on 719 faces of pressure-outlet 7.
  1475  3.5005e-01  4.1489e-05  5.3239e-05  4.2988e-05  1.3335e-03  8.5142e-03  1.1736e-03  0:00:00    0
iterate_1100: RPC returned
progress: 1100/1125

=== autosave_1100 ===

Writing to EN439159:"C:\Users\qtra338\Documents\enthalpy_sweep_verified_20260721_v2\case_3_1520_1500iter_recovered_from_375_autosave_iter1100.cas.h5" in NODE0 mode and compression level 1 ...
Grouping cells for Laplace smoothing ...
     5578299 cells,     1 zone  ...
    11355491 faces,     5 zones ...
     1026091 nodes,     1 zone  ...
  Done.
Done.
write_case_autosave_1100: OK

Writing to EN439159:"C:\Users\qtra338\Documents\enthalpy_sweep_verified_20260721_v2\case_3_1520_1500iter_recovered_from_375_autosave_iter1100.dat.h5" in NODE0 mode and compression level 1 ...
  Writing results.
Done.
write_data_autosave_1100: OK
saved_pair_autosave_1100: VERIFIED

  iter  continuity  x-velocity  y-velocity  z-velocity           k     epsilon  vf-phase-2     time/iter
  1475  3.5005e-01  4.1489e-05  5.3239e-05  4.2988e-05  1.3335e-03  8.5142e-03  1.1736e-03  0:03:30   25

 turbulent viscosity limited to viscosity ratio of 1.000000e+05 in 802 cells 

 Reversed flow on 725 faces of pressure-outlet 7.
  1476  3.4943e-01  4.1486e-05  5.3181e-05  4.2919e-05  1.3292e-03  7.1717e-03  1.1728e-03  0:03:25   24

 turbulent viscosity limited to viscosity ratio of 1.000000e+05 in 802 cells 

 Reversed flow on 722 faces of pressure-outlet 7.
  1477  3.4906e-01  4.1472e-05  5.3103e-05  4.2853e-05  1.3230e-03  5.9126e-03  1.1719e-03  0:03:18   23

 turbulent viscosity limited to viscosity ratio of 1.000000e+05 in 802 cells 

 Reversed flow on 726 faces of pressure-outlet 7.
  1478  3.4836e-01  4.1437e-05  5.3035e-05  4.2794e-05  1.3198e-03  5.8977e-03  1.1710e-03  0:03:07   22

 turbulent viscosity limited to viscosity ratio of 1.000000e+05 in 802 cells 

 Reversed flow on 717 faces of pressure-outlet 7.
  1479  3.4751e-01  4.1416e-05  5.2976e-05  4.2733e-05  1.3180e-03  6.2871e-03  1.1701e-03  0:02:56   21

 turbulent viscosity limited to viscosity ratio of 1.000000e+05 in 802 cells 

 Reversed flow on 716 faces of pressure-outlet 7.
  1480  3.4723e-01  4.1405e-05  5.2913e-05  4.2675e-05  1.3150e-03  6.8151e-03  1.1692e-03  0:02:50   20

 turbulent viscosity limited to viscosity ratio of 1.000000e+05 in 802 cells 

 Reversed flow on 719 faces of pressure-outlet 7.
  1481  3.4671e-01  4.1411e-05  5.2846e-05  4.2609e-05  1.3116e-03  6.4715e-03  1.1683e-03  0:02:40   19

 turbulent viscosity limited to viscosity ratio of 1.000000e+05 in 802 cells 

 Reversed flow on 708 faces of pressure-outlet 7.
  1482  3.4635e-01  4.1409e-05  5.2792e-05  4.2540e-05  1.3127e-03  6.8751e-03  1.1673e-03  0:02:30   18

 turbulent viscosity limited to viscosity ratio of 1.000000e+05 in 801 cells 

 Reversed flow on 698 faces of pressure-outlet 7.
  1483  3.4583e-01  4.1417e-05  5.2737e-05  4.2483e-05  1.3073e-03  5.9884e-03  1.1663e-03  0:02:24   17

 turbulent viscosity limited to viscosity ratio of 1.000000e+05 in 799 cells 

 Reversed flow on 700 faces of pressure-outlet 7.
  1484  3.4547e-01  4.1425e-05  5.2686e-05  4.2433e-05  1.3065e-03  6.3971e-03  1.1654e-03  0:02:14   16

 turbulent viscosity limited to viscosity ratio of 1.000000e+05 in 800 cells 

 Reversed flow on 688 faces of pressure-outlet 7.
  1485  3.4534e-01  4.1431e-05  5.2632e-05  4.2395e-05  1.3010e-03  5.5961e-03  1.1644e-03  0:02:04   15

 turbulent viscosity limited to viscosity ratio of 1.000000e+05 in 799 cells 

 Reversed flow on 689 faces of pressure-outlet 7.

  iter  continuity  x-velocity  y-velocity  z-velocity           k     epsilon  vf-phase-2     time/iter
  1486  3.4467e-01  4.1428e-05  5.2575e-05  4.2346e-05  1.2993e-03  5.7322e-03  1.1635e-03  0:01:58   14

 turbulent viscosity limited to viscosity ratio of 1.000000e+05 in 799 cells 

 Reversed flow on 697 faces of pressure-outlet 7.
  1487  3.4402e-01  4.1439e-05  5.2531e-05  4.2294e-05  1.2962e-03  5.2246e-03  1.1626e-03  0:01:49   13

 turbulent viscosity limited to viscosity ratio of 1.000000e+05 in 799 cells 

 Reversed flow on 679 faces of pressure-outlet 7.
  1488  3.4378e-01  4.1467e-05  5.2489e-05  4.2251e-05  1.2978e-03  6.7709e-03  1.1618e-03  0:01:39   12

 turbulent viscosity limited to viscosity ratio of 1.000000e+05 in 799 cells 

 Reversed flow on 692 faces of pressure-outlet 7.
  1489  3.4354e-01  4.1488e-05  5.2454e-05  4.2200e-05  1.2947e-03  5.8466e-03  1.1611e-03  0:01:33   11

 turbulent viscosity limited to viscosity ratio of 1.000000e+05 in 798 cells 

 Reversed flow on 683 faces of pressure-outlet 7.
  1490  3.4362e-01  4.1507e-05  5.2421e-05  4.2173e-05  1.2952e-03  6.1214e-03  1.1603e-03  0:01:23   10

 turbulent viscosity limited to viscosity ratio of 1.000000e+05 in 797 cells 

 Reversed flow on 678 faces of pressure-outlet 7.
  1491  3.4342e-01  4.1528e-05  5.2396e-05  4.2158e-05  1.2926e-03  5.5163e-03  1.1597e-03  0:01:14    9

 turbulent viscosity limited to viscosity ratio of 1.000000e+05 in 796 cells 

 Reversed flow on 675 faces of pressure-outlet 7.
  1492  3.4314e-01  4.1557e-05  5.2368e-05  4.2126e-05  1.2906e-03  5.6784e-03  1.1592e-03  0:01:07    8

 turbulent viscosity limited to viscosity ratio of 1.000000e+05 in 797 cells 

 Reversed flow on 681 faces of pressure-outlet 7.
  1493  3.4296e-01  4.1579e-05  5.2350e-05  4.2103e-05  1.2885e-03  4.9472e-03  1.1586e-03  0:00:58    7

 turbulent viscosity limited to viscosity ratio of 1.000000e+05 in 797 cells 

 Reversed flow on 672 faces of pressure-outlet 7.
  1494  3.4299e-01  4.1598e-05  5.2333e-05  4.2090e-05  1.2888e-03  5.6628e-03  1.1581e-03  0:00:50    6

 turbulent viscosity limited to viscosity ratio of 1.000000e+05 in 797 cells 

 Reversed flow on 671 faces of pressure-outlet 7.
  1495  3.4290e-01  4.1642e-05  5.2318e-05  4.2075e-05  1.2914e-03  6.5386e-03  1.1577e-03  0:00:42    5

 turbulent viscosity limited to viscosity ratio of 1.000000e+05 in 797 cells 

 Reversed flow on 678 faces of pressure-outlet 7.
  1496  3.4318e-01  4.1694e-05  5.2312e-05  4.2073e-05  1.2877e-03  5.6625e-03  1.1574e-03  0:00:33    4

 turbulent viscosity limited to viscosity ratio of 1.000000e+05 in 797 cells 

 Reversed flow on 681 faces of pressure-outlet 7.

  iter  continuity  x-velocity  y-velocity  z-velocity           k     epsilon  vf-phase-2     time/iter
  1497  3.4333e-01  4.1739e-05  5.2295e-05  4.2078e-05  1.2871e-03  5.4440e-03  1.1571e-03  0:00:25    3

 turbulent viscosity limited to viscosity ratio of 1.000000e+05 in 796 cells 

 Reversed flow on 672 faces of pressure-outlet 7.
  1498  3.4332e-01  4.1768e-05  5.2276e-05  4.2082e-05  1.2860e-03  5.3053e-03  1.1569e-03  0:00:17    2

 turbulent viscosity limited to viscosity ratio of 1.000000e+05 in 796 cells 

 Reversed flow on 659 faces of pressure-outlet 7.
  1499  3.4307e-01  4.1804e-05  5.2261e-05  4.2078e-05  1.2865e-03  5.3456e-03  1.1568e-03  0:00:08    1

 turbulent viscosity limited to viscosity ratio of 1.000000e+05 in 796 cells 

 Reversed flow on 665 faces of pressure-outlet 7.
  1500  3.4341e-01  4.1845e-05  5.2255e-05  4.2085e-05  1.2856e-03  5.5356e-03  1.1567e-03  0:00:00    0
iterate_1125: RPC returned
progress: 1125/1125
reported_ending_number_of_iterations: 25
verified_iteration_label: 1500

=== continued_flow_pre_dpm ===

Writing to EN439159:"C:\Users\qtra338\Documents\enthalpy_sweep_verified_20260721_v2\case_3_1520_1500iter_recovered_from_375_flow.cas.h5" in NODE0 mode and compression level 1 ...
Grouping cells for Laplace smoothing ...
     5578299 cells,     1 zone  ...
    11355491 faces,     5 zones ...
     1026091 nodes,     1 zone  ...
  Done.
Done.
write_case_continued_flow_pre_dpm: OK

Writing to EN439159:"C:\Users\qtra338\Documents\enthalpy_sweep_verified_20260721_v2\case_3_1520_1500iter_recovered_from_375_flow.dat.h5" in NODE0 mode and compression level 1 ...
  Writing results.
Done.
write_data_continued_flow_pre_dpm: OK
saved_pair_continued_flow_pre_dpm: VERIFIED

=== Run DPM Reports ===
report_call: settings_zone_summaries_per_injection_enable
settings_zone_summaries_per_injection_enable: no captured text
