Connecting to Fluent server 1 using IP/port: 10.104.145.85:51652
/Users/andy/Desktop/P4P/P4P_knowledgeWiki/PyAnsys/.venv/lib/python3.12/site-packages/ansys/fluent/core/fluent_connection.py:306: InsecureGrpcWarning: The Fluent session will be connected in insecure gRPC mode. This mode is not recommended. For more details on the implications and usage of insecure mode, refer to the Fluent documentation.
  warnings.warn(
/Users/andy/Desktop/P4P/P4P_knowledgeWiki/PyAnsys/.venv/lib/python3.12/site-packages/ansys/tools/common/cyberchannel.py:188: UserWarning: Starting gRPC client without TLS on 10.104.145.85:51652. This is INSECURE. Consider using a secure connection.
  warn(f"Starting gRPC client without TLS on {target}. This is INSECURE. Consider using a secure connection.")

Connected to Fluent Ansys Fluent 2024 R2

=== Continue Case 1 / 1600 -25% ===
reported_starting_number_of_iterations: 25
reported_number_of_iterations_note: this is Fluent's current iteration/run setting; it is not proof that a disconnected controller completed that many iterations
fluent_internal_autosave: VERIFIED disabled -> {"before": {"autosave/frequency/data": 0, "autosave/frequency/case": 0, "mmp/autosave/frequency/data": 0, "mmp/autosave/frequency/case": 0, "autosave/filename": "C:/Users/qtra338/Documents/enthalpy_sweep_verified_20260721_v2/case_1_1600_25pct_1500iter_recovered_from_observed820_internal_autosave_disabled", "mmp/autosave/filename": "C:/Users/qtra338/Documents/enthalpy_sweep_verified_20260721_v2/case_1_1600_25pct_1500iter_recovered_from_observed820_internal_autosave_disabled"}, "after": {"autosave/frequency/data": 0, "autosave/frequency/case": 0, "mmp/autosave/frequency/data": 0, "mmp/autosave/frequency/case": 0, "autosave/filename": "C:/Users/qtra338/Documents/enthalpy_sweep_verified_20260721_v2/case_1_1600_25pct_1500iter_recovered_from_925_internal_autosave_disabled", "mmp/autosave/filename": "C:/Users/qtra338/Documents/enthalpy_sweep_verified_20260721_v2/case_1_1600_25pct_1500iter_recovered_from_925_internal_autosave_disabled"}, "python_checkpoints_enabled": true}

=== Set Inlet Phase Mass Flows ===
set_inlet_phase_mass_flows: OK
{
  "mixture": {
    "momentum": {
      "reference_frame": "Absolute",
      "supersonic_gauge_pressure": {
        "option": "value",
        "value": 1140000
      },
      "direction_specification": "Normal to Boundary"
    },
    "turbulence": {
      "turbulence_specification": "Intensity and Hydraulic Diameter",
      "turbulent_intensity": 0.02152499951888,
      "hydraulic_diameter": 0.7240000000000001
    },
    "dpm": {
      "discrete_phase_bc_type": "escape"
    },
    "multiphase": {}
  },
  "phase-1": {
    "momentum": {
      "mass_flow_specification": "Mass Flow Rate",
      "mass_flow_rate": {
        "option": "value",
        "value": 60.52
      }
    },
    "turbulence": {},
    "dpm": {},
    "multiphase": {}
  },
  "phase-2": {
    "momentum": {
      "mass_flow_specification": "Mass Flow Rate",
      "mass_flow_rate": {
        "option": "value",
        "value": 87.69
      }
    },
    "turbulence": {},
    "dpm": {},
    "multiphase": {}
  }
}

=== Set DPM Injections ===
DPM velocity mode: face-normal
injection-0_particle_type: OK
injection-0_material: OK
injection-0_injection_type_surface: OK
injection-0_location: OK
injection-0_mass_flow_rate: OK
injection-0_use_face_normal_direction: OK
injection-0_velocity_magnitude: OK
injection-0_particle_size: OK
injection-0_readback: VERIFIED
injection-1_particle_type: OK
injection-1_material: OK
injection-1_injection_type_surface: OK
injection-1_location: OK
injection-1_mass_flow_rate: OK
injection-1_use_face_normal_direction: OK
injection-1_velocity_magnitude: OK
injection-1_particle_size: OK
injection-1_readback: VERIFIED
injection-2_particle_type: OK
injection-2_material: OK
injection-2_injection_type_surface: OK
injection-2_location: OK
injection-2_mass_flow_rate: OK
injection-2_use_face_normal_direction: OK
injection-2_velocity_magnitude: OK
injection-2_particle_size: OK
injection-2_readback: VERIFIED
injection-3_particle_type: OK
injection-3_material: OK
injection-3_injection_type_surface: OK
injection-3_location: OK
injection-3_mass_flow_rate: OK
injection-3_use_face_normal_direction: OK
injection-3_velocity_magnitude: OK
injection-3_particle_size: OK
injection-3_readback: VERIFIED
injection-4_particle_type: OK
injection-4_material: OK
injection-4_injection_type_surface: OK
injection-4_location: OK
injection-4_mass_flow_rate: OK
injection-4_use_face_normal_direction: OK
injection-4_velocity_magnitude: OK
injection-4_particle_size: OK
injection-4_readback: VERIFIED
injection-5_particle_type: OK
injection-5_material: OK
injection-5_injection_type_surface: OK
injection-5_location: OK
injection-5_mass_flow_rate: OK
injection-5_use_face_normal_direction: OK
injection-5_velocity_magnitude: OK
injection-5_particle_size: OK
injection-5_readback: VERIFIED
injection-6_particle_type: OK
injection-6_material: OK
injection-6_injection_type_surface: OK
injection-6_location: OK
injection-6_mass_flow_rate: OK
injection-6_use_face_normal_direction: OK
injection-6_velocity_magnitude: OK
injection-6_particle_size: OK
injection-6_readback: VERIFIED
injection-7_particle_type: OK
injection-7_material: OK
injection-7_injection_type_surface: OK
injection-7_location: OK
injection-7_mass_flow_rate: OK
injection-7_use_face_normal_direction: OK
injection-7_velocity_magnitude: OK
injection-7_particle_size: OK
injection-7_readback: VERIFIED
injection-8_particle_type: OK
injection-8_material: OK
injection-8_injection_type_surface: OK
injection-8_location: OK
injection-8_mass_flow_rate: OK
injection-8_use_face_normal_direction: OK
injection-8_velocity_magnitude: OK
injection-8_particle_size: OK
injection-8_readback: VERIFIED

=== Run Iterations ===
iteration_monitor_sets: ['residual']

  iter  continuity  x-velocity  y-velocity  z-velocity           k     epsilon  vf-phase-2     time/iter
   925  3.2224e-01  4.3610e-05  5.1487e-05  4.2753e-05  1.3789e-03  5.8863e-03  1.2055e-03  0:03:28   25

 turbulent viscosity limited to viscosity ratio of 1.000000e+05 in 829 cells 

 turbulent viscosity limited to viscosity ratio of 1.000000e+05 in 829 cells 

 Reversed flow on 630 faces of pressure-outlet 7.
   926  3.2179e-01  4.3613e-05  5.1474e-05  4.2690e-05  1.3811e-03  5.9339e-03  1.2065e-03  0:03:23   24

 turbulent viscosity limited to viscosity ratio of 1.000000e+05 in 828 cells 

 Reversed flow on 624 faces of pressure-outlet 7.
   927  3.2164e-01  4.3632e-05  5.1450e-05  4.2609e-05  1.3827e-03  6.6883e-03  1.2074e-03  0:03:12   23

 turbulent viscosity limited to viscosity ratio of 1.000000e+05 in 828 cells 

 Reversed flow on 622 faces of pressure-outlet 7.
   928  3.2158e-01  4.3644e-05  5.1437e-05  4.2527e-05  1.3848e-03  6.5380e-03  1.2083e-03  0:03:02   22

 turbulent viscosity limited to viscosity ratio of 1.000000e+05 in 827 cells 

 Reversed flow on 626 faces of pressure-outlet 7.
   929  3.2125e-01  4.3665e-05  5.1405e-05  4.2434e-05  1.3874e-03  6.2276e-03  1.2092e-03  0:02:53   21

 turbulent viscosity limited to viscosity ratio of 1.000000e+05 in 827 cells 

 Reversed flow on 621 faces of pressure-outlet 7.
   930  3.2118e-01  4.3696e-05  5.1374e-05  4.2342e-05  1.3912e-03  6.8687e-03  1.2100e-03  0:02:44   20

 turbulent viscosity limited to viscosity ratio of 1.000000e+05 in 827 cells 

 Reversed flow on 621 faces of pressure-outlet 7.
   931  3.2101e-01  4.3716e-05  5.1363e-05  4.2268e-05  1.3920e-03  6.8432e-03  1.2108e-03  0:02:35   19

 turbulent viscosity limited to viscosity ratio of 1.000000e+05 in 827 cells 

 Reversed flow on 627 faces of pressure-outlet 7.
   932  3.2062e-01  4.3726e-05  5.1339e-05  4.2183e-05  1.3935e-03  7.6656e-03  1.2116e-03  0:02:26   18

 turbulent viscosity limited to viscosity ratio of 1.000000e+05 in 827 cells 

 Reversed flow on 632 faces of pressure-outlet 7.
   933  3.2038e-01  4.3733e-05  5.1312e-05  4.2091e-05  1.3932e-03  6.5192e-03  1.2124e-03  0:02:21   17

 turbulent viscosity limited to viscosity ratio of 1.000000e+05 in 828 cells 

 Reversed flow on 625 faces of pressure-outlet 7.
   934  3.2022e-01  4.3745e-05  5.1281e-05  4.1988e-05  1.3957e-03  6.5305e-03  1.2132e-03  0:02:12   16

 turbulent viscosity limited to viscosity ratio of 1.000000e+05 in 828 cells 

 Reversed flow on 622 faces of pressure-outlet 7.
   935  3.2012e-01  4.3767e-05  5.1260e-05  4.1901e-05  1.3940e-03  5.8572e-03  1.2138e-03  0:02:03   15

 turbulent viscosity limited to viscosity ratio of 1.000000e+05 in 828 cells 

 Reversed flow on 620 faces of pressure-outlet 7.

  iter  continuity  x-velocity  y-velocity  z-velocity           k     epsilon  vf-phase-2     time/iter
   936  3.1999e-01  4.3799e-05  5.1235e-05  4.1822e-05  1.3978e-03  6.2982e-03  1.2146e-03  0:01:57   14

 turbulent viscosity limited to viscosity ratio of 1.000000e+05 in 828 cells 

 Reversed flow on 623 faces of pressure-outlet 7.
   937  3.1990e-01  4.3849e-05  5.1214e-05  4.1736e-05  1.4002e-03  6.6275e-03  1.2154e-03  0:01:48   13

 turbulent viscosity limited to viscosity ratio of 1.000000e+05 in 828 cells 

 Reversed flow on 623 faces of pressure-outlet 7.
   938  3.1981e-01  4.3893e-05  5.1187e-05  4.1636e-05  1.4011e-03  6.5803e-03  1.2165e-03  0:01:39   12

 turbulent viscosity limited to viscosity ratio of 1.000000e+05 in 828 cells 

 Reversed flow on 635 faces of pressure-outlet 7.
   939  3.1979e-01  4.3923e-05  5.1162e-05  4.1557e-05  1.4031e-03  6.3467e-03  1.2174e-03  0:01:32   11

 turbulent viscosity limited to viscosity ratio of 1.000000e+05 in 828 cells 

 Reversed flow on 616 faces of pressure-outlet 7.
   940  3.1954e-01  4.3954e-05  5.1115e-05  4.1474e-05  1.4043e-03  6.1198e-03  1.2183e-03  0:01:23   10

 turbulent viscosity limited to viscosity ratio of 1.000000e+05 in 828 cells 

 Reversed flow on 619 faces of pressure-outlet 7.
   941  3.1935e-01  4.3979e-05  5.1083e-05  4.1417e-05  1.4071e-03  7.0681e-03  1.2192e-03  0:01:14    9

 turbulent viscosity limited to viscosity ratio of 1.000000e+05 in 828 cells 

 Reversed flow on 633 faces of pressure-outlet 7.
   942  3.1946e-01  4.4017e-05  5.1059e-05  4.1370e-05  1.4068e-03  6.4809e-03  1.2201e-03  0:01:07    8

 turbulent viscosity limited to viscosity ratio of 1.000000e+05 in 828 cells 

 Reversed flow on 625 faces of pressure-outlet 7.
   943  3.1952e-01  4.4044e-05  5.1045e-05  4.1298e-05  1.4080e-03  5.9786e-03  1.2209e-03  0:00:58    7

 turbulent viscosity limited to viscosity ratio of 1.000000e+05 in 827 cells 

 Reversed flow on 621 faces of pressure-outlet 7.
   944  3.1951e-01  4.4088e-05  5.0999e-05  4.1239e-05  1.4087e-03  6.5338e-03  1.2218e-03  0:00:51    6

 turbulent viscosity limited to viscosity ratio of 1.000000e+05 in 827 cells 

 Reversed flow on 615 faces of pressure-outlet 7.
   945  3.1943e-01  4.4127e-05  5.0967e-05  4.1167e-05  1.4101e-03  6.3569e-03  1.2227e-03  0:00:42    5

 turbulent viscosity limited to viscosity ratio of 1.000000e+05 in 827 cells 

 Reversed flow on 623 faces of pressure-outlet 7.
   946  3.1924e-01  4.4172e-05  5.0919e-05  4.1105e-05  1.4113e-03  6.4013e-03  1.2236e-03  0:00:33    4

 turbulent viscosity limited to viscosity ratio of 1.000000e+05 in 826 cells 

 Reversed flow on 629 faces of pressure-outlet 7.

  iter  continuity  x-velocity  y-velocity  z-velocity           k     epsilon  vf-phase-2     time/iter
   947  3.1904e-01  4.4201e-05  5.0867e-05  4.1046e-05  1.4115e-03  6.2206e-03  1.2245e-03  0:00:25    3

 turbulent viscosity limited to viscosity ratio of 1.000000e+05 in 826 cells 

 Reversed flow on 626 faces of pressure-outlet 7.
   948  3.1879e-01  4.4239e-05  5.0818e-05  4.0994e-05  1.4109e-03  6.2826e-03  1.2254e-03  0:00:17    2

 turbulent viscosity limited to viscosity ratio of 1.000000e+05 in 826 cells 

 Reversed flow on 631 faces of pressure-outlet 7.
   949  3.1877e-01  4.4263e-05  5.0768e-05  4.0939e-05  1.4099e-03  5.8531e-03  1.2264e-03  0:00:08    1

 turbulent viscosity limited to viscosity ratio of 1.000000e+05 in 826 cells 

 Reversed flow on 628 faces of pressure-outlet 7.
   950  3.1852e-01  4.4303e-05  5.0730e-05  4.0900e-05  1.4111e-03  6.1704e-03  1.2276e-03  0:00:00    0
iterate_25: RPC returned
progress: 25/575

  iter  continuity  x-velocity  y-velocity  z-velocity           k     epsilon  vf-phase-2     time/iter
   950  3.1852e-01  4.4303e-05  5.0730e-05  4.0900e-05  1.4111e-03  6.1704e-03  1.2276e-03  0:03:31   25

 turbulent viscosity limited to viscosity ratio of 1.000000e+05 in 825 cells 

 Reversed flow on 618 faces of pressure-outlet 7.
   951  3.1846e-01  4.4338e-05  5.0688e-05  4.0857e-05  1.4112e-03  6.9894e-03  1.2285e-03  0:03:25   24

 turbulent viscosity limited to viscosity ratio of 1.000000e+05 in 825 cells 

 Reversed flow on 619 faces of pressure-outlet 7.
   952  3.1845e-01  4.4368e-05  5.0643e-05  4.0832e-05  1.4115e-03  6.6028e-03  1.2290e-03  0:03:14   23

 turbulent viscosity limited to viscosity ratio of 1.000000e+05 in 824 cells 

 Reversed flow on 623 faces of pressure-outlet 7.
   953  3.1831e-01  4.4389e-05  5.0588e-05  4.0802e-05  1.4129e-03  7.0366e-03  1.2297e-03  0:03:08   22

 turbulent viscosity limited to viscosity ratio of 1.000000e+05 in 824 cells 

 Reversed flow on 613 faces of pressure-outlet 7.
   954  3.1814e-01  4.4417e-05  5.0535e-05  4.0774e-05  1.4129e-03  7.1100e-03  1.2304e-03  0:02:57   21

 turbulent viscosity limited to viscosity ratio of 1.000000e+05 in 824 cells 

 Reversed flow on 622 faces of pressure-outlet 7.
   955  3.1828e-01  4.4448e-05  5.0481e-05  4.0754e-05  1.4151e-03  7.3479e-03  1.2313e-03  0:02:47   20

 turbulent viscosity limited to viscosity ratio of 1.000000e+05 in 824 cells 

 Reversed flow on 634 faces of pressure-outlet 7.
   956  3.1836e-01  4.4466e-05  5.0429e-05  4.0760e-05  1.4152e-03  7.4139e-03  1.2320e-03  0:02:41   19

 turbulent viscosity limited to viscosity ratio of 1.000000e+05 in 824 cells 

 Reversed flow on 636 faces of pressure-outlet 7.
   957  3.1843e-01  4.4490e-05  5.0349e-05  4.0763e-05  1.4110e-03  6.0743e-03  1.2328e-03  0:02:31   18

 turbulent viscosity limited to viscosity ratio of 1.000000e+05 in 824 cells 

 Reversed flow on 633 faces of pressure-outlet 7.
   958  3.1807e-01  4.4503e-05  5.0288e-05  4.0751e-05  1.4089e-03  5.8240e-03  1.2336e-03  0:02:21   17

 turbulent viscosity limited to viscosity ratio of 1.000000e+05 in 824 cells 

 Reversed flow on 636 faces of pressure-outlet 7.
   959  3.1751e-01  4.4529e-05  5.0231e-05  4.0774e-05  1.4073e-03  5.4514e-03  1.2344e-03  0:02:15   16

 turbulent viscosity limited to viscosity ratio of 1.000000e+05 in 824 cells 

 Reversed flow on 629 faces of pressure-outlet 7.
   960  3.1738e-01  4.4544e-05  5.0164e-05  4.0800e-05  1.4070e-03  6.1123e-03  1.2352e-03  0:02:05   15

 turbulent viscosity limited to viscosity ratio of 1.000000e+05 in 825 cells 

 Reversed flow on 637 faces of pressure-outlet 7.

  iter  continuity  x-velocity  y-velocity  z-velocity           k     epsilon  vf-phase-2     time/iter
   961  3.1698e-01  4.4552e-05  5.0108e-05  4.0825e-05  1.4051e-03  6.5502e-03  1.2357e-03  0:01:59   14

 turbulent viscosity limited to viscosity ratio of 1.000000e+05 in 825 cells 

 Reversed flow on 649 faces of pressure-outlet 7.
   962  3.1696e-01  4.4546e-05  5.0051e-05  4.0859e-05  1.4051e-03  6.6006e-03  1.2361e-03  0:01:49   13

 turbulent viscosity limited to viscosity ratio of 1.000000e+05 in 826 cells 

 Reversed flow on 635 faces of pressure-outlet 7.
   963  3.1718e-01  4.4548e-05  5.0014e-05  4.0900e-05  1.4036e-03  6.2889e-03  1.2364e-03  0:01:40   12

 turbulent viscosity limited to viscosity ratio of 1.000000e+05 in 825 cells 

 Reversed flow on 629 faces of pressure-outlet 7.
   964  3.1704e-01  4.4557e-05  4.9956e-05  4.0953e-05  1.4023e-03  6.4452e-03  1.2367e-03  0:01:33   11

 turbulent viscosity limited to viscosity ratio of 1.000000e+05 in 825 cells 

 Reversed flow on 644 faces of pressure-outlet 7.
   965  3.1682e-01  4.4564e-05  4.9910e-05  4.1015e-05  1.4008e-03  6.2651e-03  1.2370e-03  0:01:24   10

 turbulent viscosity limited to viscosity ratio of 1.000000e+05 in 824 cells 

 Reversed flow on 641 faces of pressure-outlet 7.
   966  3.1662e-01  4.4555e-05  4.9850e-05  4.1084e-05  1.3991e-03  6.5037e-03  1.2371e-03  0:01:15    9

 turbulent viscosity limited to viscosity ratio of 1.000000e+05 in 825 cells 

 Reversed flow on 638 faces of pressure-outlet 7.
   967  3.1651e-01  4.4542e-05  4.9803e-05  4.1171e-05  1.3974e-03  6.3965e-03  1.2372e-03  0:01:07    8

 turbulent viscosity limited to viscosity ratio of 1.000000e+05 in 825 cells 

 Reversed flow on 647 faces of pressure-outlet 7.
   968  3.1625e-01  4.4533e-05  4.9778e-05  4.1268e-05  1.3954e-03  6.0724e-03  1.2373e-03  0:00:58    7

 turbulent viscosity limited to viscosity ratio of 1.000000e+05 in 824 cells 

 Reversed flow on 648 faces of pressure-outlet 7.
   969  3.1595e-01  4.4512e-05  4.9736e-05  4.1361e-05  1.3952e-03  7.0311e-03  1.2372e-03  0:00:50    6

 turbulent viscosity limited to viscosity ratio of 1.000000e+05 in 824 cells 

 Reversed flow on 646 faces of pressure-outlet 7.
   970  3.1568e-01  4.4490e-05  4.9701e-05  4.1465e-05  1.3919e-03  6.5394e-03  1.2372e-03  0:00:42    5

 turbulent viscosity limited to viscosity ratio of 1.000000e+05 in 824 cells 

 Reversed flow on 649 faces of pressure-outlet 7.
   971  3.1565e-01  4.4449e-05  4.9682e-05  4.1585e-05  1.3903e-03  6.9582e-03  1.2370e-03  0:00:33    4

 turbulent viscosity limited to viscosity ratio of 1.000000e+05 in 824 cells 

 Reversed flow on 659 faces of pressure-outlet 7.

  iter  continuity  x-velocity  y-velocity  z-velocity           k     epsilon  vf-phase-2     time/iter
   972  3.1556e-01  4.4407e-05  4.9660e-05  4.1730e-05  1.3892e-03  6.9937e-03  1.2369e-03  0:00:25    3

 turbulent viscosity limited to viscosity ratio of 1.000000e+05 in 824 cells 

 Reversed flow on 657 faces of pressure-outlet 7.
   973  3.1588e-01  4.4353e-05  4.9649e-05  4.1864e-05  1.3861e-03  6.3726e-03  1.2370e-03  0:00:17    2

 turbulent viscosity limited to viscosity ratio of 1.000000e+05 in 824 cells 

 Reversed flow on 652 faces of pressure-outlet 7.
   974  3.1603e-01  4.4315e-05  4.9624e-05  4.1984e-05  1.3823e-03  6.2849e-03  1.2368e-03  0:00:08    1

 turbulent viscosity limited to viscosity ratio of 1.000000e+05 in 823 cells 

 Reversed flow on 656 faces of pressure-outlet 7.
   975  3.1625e-01  4.4276e-05  4.9590e-05  4.2106e-05  1.3809e-03  6.5227e-03  1.2367e-03  0:00:00    0
iterate_50: RPC returned
progress: 50/575

  iter  continuity  x-velocity  y-velocity  z-velocity           k     epsilon  vf-phase-2     time/iter
   975  3.1625e-01  4.4276e-05  4.9590e-05  4.2106e-05  1.3809e-03  6.5227e-03  1.2367e-03  0:03:27   25

 turbulent viscosity limited to viscosity ratio of 1.000000e+05 in 823 cells 

 Reversed flow on 661 faces of pressure-outlet 7.
   976  3.1617e-01  4.4229e-05  4.9563e-05  4.2229e-05  1.3785e-03  6.4340e-03  1.2364e-03  0:03:22   24

 turbulent viscosity limited to viscosity ratio of 1.000000e+05 in 823 cells 

 Reversed flow on 673 faces of pressure-outlet 7.
   977  3.1620e-01  4.4169e-05  4.9545e-05  4.2375e-05  1.3739e-03  6.5982e-03  1.2359e-03  0:03:12   23

 turbulent viscosity limited to viscosity ratio of 1.000000e+05 in 823 cells 

 Reversed flow on 663 faces of pressure-outlet 7.
   978  3.1627e-01  4.4103e-05  4.9530e-05  4.2522e-05  1.3728e-03  6.9836e-03  1.2356e-03  0:03:06   22

 turbulent viscosity limited to viscosity ratio of 1.000000e+05 in 823 cells 

 Reversed flow on 664 faces of pressure-outlet 7.
   979  3.1667e-01  4.4057e-05  4.9507e-05  4.2653e-05  1.3693e-03  6.4910e-03  1.2354e-03  0:02:56   21

 turbulent viscosity limited to viscosity ratio of 1.000000e+05 in 823 cells 

 Reversed flow on 664 faces of pressure-outlet 7.
   980  3.1671e-01  4.4007e-05  4.9482e-05  4.2780e-05  1.3660e-03  6.3055e-03  1.2349e-03  0:02:46   20

 turbulent viscosity limited to viscosity ratio of 1.000000e+05 in 823 cells 

 Reversed flow on 661 faces of pressure-outlet 7.
   981  3.1660e-01  4.3960e-05  4.9465e-05  4.2928e-05  1.3631e-03  6.1705e-03  1.2344e-03  0:02:40   19

 turbulent viscosity limited to viscosity ratio of 1.000000e+05 in 823 cells 

 Reversed flow on 673 faces of pressure-outlet 7.
   982  3.1642e-01  4.3904e-05  4.9450e-05  4.3073e-05  1.3595e-03  5.5609e-03  1.2339e-03  0:02:30   18

 turbulent viscosity limited to viscosity ratio of 1.000000e+05 in 822 cells 

 Reversed flow on 673 faces of pressure-outlet 7.
   983  3.1624e-01  4.3840e-05  4.9401e-05  4.3203e-05  1.3613e-03  8.5633e-03  1.2333e-03  0:02:21   17

 turbulent viscosity limited to viscosity ratio of 1.000000e+05 in 822 cells 

 Reversed flow on 682 faces of pressure-outlet 7.
   984  3.1613e-01  4.3777e-05  4.9360e-05  4.3337e-05  1.3565e-03  6.7916e-03  1.2328e-03  0:02:15   16

 turbulent viscosity limited to viscosity ratio of 1.000000e+05 in 822 cells 

 Reversed flow on 678 faces of pressure-outlet 7.
   985  3.1608e-01  4.3715e-05  4.9312e-05  4.3464e-05  1.3528e-03  7.0215e-03  1.2321e-03  0:02:05   15

 turbulent viscosity limited to viscosity ratio of 1.000000e+05 in 822 cells 

 Reversed flow on 687 faces of pressure-outlet 7.

  iter  continuity  x-velocity  y-velocity  z-velocity           k     epsilon  vf-phase-2     time/iter
   986  3.1631e-01  4.3670e-05  4.9264e-05  4.3581e-05  1.3497e-03  6.5547e-03  1.2314e-03  0:01:56   14

 turbulent viscosity limited to viscosity ratio of 1.000000e+05 in 822 cells 

 Reversed flow on 673 faces of pressure-outlet 7.
   987  3.1668e-01  4.3628e-05  4.9232e-05  4.3704e-05  1.3448e-03  6.1032e-03  1.2305e-03  0:01:49   13

 turbulent viscosity limited to viscosity ratio of 1.000000e+05 in 822 cells 

 Reversed flow on 674 faces of pressure-outlet 7.
   988  3.1692e-01  4.3580e-05  4.9175e-05  4.3826e-05  1.3402e-03  5.4982e-03  1.2298e-03  0:01:40   12

 turbulent viscosity limited to viscosity ratio of 1.000000e+05 in 821 cells 

 Reversed flow on 675 faces of pressure-outlet 7.
   989  3.1706e-01  4.3553e-05  4.9136e-05  4.3936e-05  1.3368e-03  5.7790e-03  1.2290e-03  0:01:31   11

 turbulent viscosity limited to viscosity ratio of 1.000000e+05 in 821 cells 

 Reversed flow on 675 faces of pressure-outlet 7.
   990  3.1764e-01  4.3543e-05  4.9095e-05  4.4041e-05  1.3351e-03  6.1218e-03  1.2283e-03  0:01:24   10

 turbulent viscosity limited to viscosity ratio of 1.000000e+05 in 820 cells 

 Reversed flow on 678 faces of pressure-outlet 7.
   991  3.1756e-01  4.3525e-05  4.9030e-05  4.4145e-05  1.3323e-03  5.8036e-03  1.2277e-03  0:01:15    9

 turbulent viscosity limited to viscosity ratio of 1.000000e+05 in 820 cells 

 Reversed flow on 679 faces of pressure-outlet 7.
   992  3.1768e-01  4.3512e-05  4.8957e-05  4.4245e-05  1.3307e-03  6.7614e-03  1.2268e-03  0:01:06    8

 turbulent viscosity limited to viscosity ratio of 1.000000e+05 in 820 cells 

 Reversed flow on 679 faces of pressure-outlet 7.
   993  3.1744e-01  4.3492e-05  4.8884e-05  4.4330e-05  1.3271e-03  6.0758e-03  1.2258e-03  0:00:59    7

 turbulent viscosity limited to viscosity ratio of 1.000000e+05 in 820 cells 

 Reversed flow on 684 faces of pressure-outlet 7.
   994  3.1781e-01  4.3465e-05  4.8814e-05  4.4415e-05  1.3208e-03  5.5154e-03  1.2247e-03  0:00:50    6

 turbulent viscosity limited to viscosity ratio of 1.000000e+05 in 820 cells 

 Reversed flow on 684 faces of pressure-outlet 7.
   995  3.1829e-01  4.3468e-05  4.8758e-05  4.4503e-05  1.3191e-03  5.8859e-03  1.2238e-03  0:00:41    5

 turbulent viscosity limited to viscosity ratio of 1.000000e+05 in 819 cells 

 Reversed flow on 683 faces of pressure-outlet 7.
   996  3.1872e-01  4.3467e-05  4.8686e-05  4.4572e-05  1.3187e-03  7.7846e-03  1.2229e-03  0:00:34    4

 turbulent viscosity limited to viscosity ratio of 1.000000e+05 in 819 cells 

 Reversed flow on 689 faces of pressure-outlet 7.

  iter  continuity  x-velocity  y-velocity  z-velocity           k     epsilon  vf-phase-2     time/iter
   997  3.1925e-01  4.3467e-05  4.8613e-05  4.4641e-05  1.3135e-03  6.3884e-03  1.2219e-03  0:00:25    3

 turbulent viscosity limited to viscosity ratio of 1.000000e+05 in 819 cells 

 Reversed flow on 698 faces of pressure-outlet 7.
   998  3.1940e-01  4.3470e-05  4.8522e-05  4.4703e-05  1.3087e-03  6.3228e-03  1.2208e-03  0:00:17    2

 turbulent viscosity limited to viscosity ratio of 1.000000e+05 in 819 cells 

 Reversed flow on 704 faces of pressure-outlet 7.
   999  3.1937e-01  4.3474e-05  4.8417e-05  4.4739e-05  1.3042e-03  6.2684e-03  1.2197e-03  0:00:08    1

 turbulent viscosity limited to viscosity ratio of 1.000000e+05 in 820 cells 

 Reversed flow on 695 faces of pressure-outlet 7.
  1000  3.1943e-01  4.3468e-05  4.8326e-05  4.4769e-05  1.3039e-03  6.5397e-03  1.2184e-03  0:00:00    0
iterate_75: RPC returned
progress: 75/575

  iter  continuity  x-velocity  y-velocity  z-velocity           k     epsilon  vf-phase-2     time/iter
  1000  3.1943e-01  4.3468e-05  4.8326e-05  4.4769e-05  1.3039e-03  6.5397e-03  1.2184e-03  0:03:28   25

 turbulent viscosity limited to viscosity ratio of 1.000000e+05 in 819 cells 

 Reversed flow on 691 faces of pressure-outlet 7.
  1001  3.1952e-01  4.3502e-05  4.8238e-05  4.4812e-05  1.3025e-03  7.0995e-03  1.2168e-03  0:03:23   24

 turbulent viscosity limited to viscosity ratio of 1.000000e+05 in 819 cells 

 Reversed flow on 702 faces of pressure-outlet 7.
  1002  3.2001e-01  4.3524e-05  4.8174e-05  4.4823e-05  1.2954e-03  6.2344e-03  1.2154e-03  0:03:17   23

 turbulent viscosity limited to viscosity ratio of 1.000000e+05 in 819 cells 

 Reversed flow on 704 faces of pressure-outlet 7.
  1003  3.2014e-01  4.3530e-05  4.8095e-05  4.4841e-05  1.2918e-03  6.1509e-03  1.2141e-03  0:03:06   22

 turbulent viscosity limited to viscosity ratio of 1.000000e+05 in 819 cells 

 Reversed flow on 691 faces of pressure-outlet 7.
  1004  3.2009e-01  4.3541e-05  4.8006e-05  4.4863e-05  1.2884e-03  6.3757e-03  1.2127e-03  0:02:56   21

 turbulent viscosity limited to viscosity ratio of 1.000000e+05 in 818 cells 

 Reversed flow on 712 faces of pressure-outlet 7.
  1005  3.2015e-01  4.3558e-05  4.7914e-05  4.4870e-05  1.2847e-03  5.9851e-03  1.2111e-03  0:02:50   20

 turbulent viscosity limited to viscosity ratio of 1.000000e+05 in 817 cells 

 Reversed flow on 710 faces of pressure-outlet 7.
  1006  3.2008e-01  4.3567e-05  4.7815e-05  4.4888e-05  1.2823e-03  6.8620e-03  1.2094e-03  0:02:39   19

 turbulent viscosity limited to viscosity ratio of 1.000000e+05 in 816 cells 

 Reversed flow on 717 faces of pressure-outlet 7.
  1007  3.2015e-01  4.3565e-05  4.7720e-05  4.4889e-05  1.2792e-03  6.1926e-03  1.2077e-03  0:02:30   18

 turbulent viscosity limited to viscosity ratio of 1.000000e+05 in 816 cells 

 Reversed flow on 710 faces of pressure-outlet 7.
  1008  3.2020e-01  4.3572e-05  4.7636e-05  4.4877e-05  1.2726e-03  5.4527e-03  1.2058e-03  0:02:20   17

 turbulent viscosity limited to viscosity ratio of 1.000000e+05 in 816 cells 

 Reversed flow on 705 faces of pressure-outlet 7.
  1009  3.2026e-01  4.3593e-05  4.7551e-05  4.4870e-05  1.2686e-03  5.7094e-03  1.2040e-03  0:02:14   16

 turbulent viscosity limited to viscosity ratio of 1.000000e+05 in 816 cells 

 Reversed flow on 718 faces of pressure-outlet 7.
  1010  3.2041e-01  4.3594e-05  4.7448e-05  4.4849e-05  1.2684e-03  7.1279e-03  1.2020e-03  0:02:05   15

 turbulent viscosity limited to viscosity ratio of 1.000000e+05 in 816 cells 

 Reversed flow on 726 faces of pressure-outlet 7.

  iter  continuity  x-velocity  y-velocity  z-velocity           k     epsilon  vf-phase-2     time/iter
  1011  3.2039e-01  4.3618e-05  4.7350e-05  4.4844e-05  1.2649e-03  6.1224e-03  1.2000e-03  0:01:56   14

 turbulent viscosity limited to viscosity ratio of 1.000000e+05 in 815 cells 

 Reversed flow on 715 faces of pressure-outlet 7.
  1012  3.2074e-01  4.3639e-05  4.7270e-05  4.4813e-05  1.2610e-03  6.4176e-03  1.1979e-03  0:01:49   13

 turbulent viscosity limited to viscosity ratio of 1.000000e+05 in 814 cells 

 Reversed flow on 724 faces of pressure-outlet 7.
  1013  3.2071e-01  4.3662e-05  4.7181e-05  4.4778e-05  1.2581e-03  6.4678e-03  1.1958e-03  0:01:40   12

 turbulent viscosity limited to viscosity ratio of 1.000000e+05 in 812 cells 

 Reversed flow on 728 faces of pressure-outlet 7.
  1014  3.2050e-01  4.3666e-05  4.7090e-05  4.4750e-05  1.2548e-03  6.1157e-03  1.1935e-03  0:01:31   11

 turbulent viscosity limited to viscosity ratio of 1.000000e+05 in 812 cells 

 Reversed flow on 724 faces of pressure-outlet 7.
  1015  3.2023e-01  4.3671e-05  4.6994e-05  4.4722e-05  1.2520e-03  7.4513e-03  1.1911e-03  0:01:24   10

 turbulent viscosity limited to viscosity ratio of 1.000000e+05 in 812 cells 

 Reversed flow on 728 faces of pressure-outlet 7.
  1016  3.1974e-01  4.3683e-05  4.6885e-05  4.4693e-05  1.2485e-03  6.0313e-03  1.1887e-03  0:01:15    9

 turbulent viscosity limited to viscosity ratio of 1.000000e+05 in 813 cells 

 Reversed flow on 731 faces of pressure-outlet 7.
  1017  3.1951e-01  4.3702e-05  4.6810e-05  4.4641e-05  1.2436e-03  5.3930e-03  1.1863e-03  0:01:06    8

 turbulent viscosity limited to viscosity ratio of 1.000000e+05 in 814 cells 

 Reversed flow on 729 faces of pressure-outlet 7.
  1018  3.1960e-01  4.3739e-05  4.6711e-05  4.4611e-05  1.2440e-03  6.5456e-03  1.1838e-03  0:00:59    7

 turbulent viscosity limited to viscosity ratio of 1.000000e+05 in 814 cells 

 Reversed flow on 727 faces of pressure-outlet 7.
  1019  3.1975e-01  4.3781e-05  4.6612e-05  4.4575e-05  1.2410e-03  6.3065e-03  1.1813e-03  0:00:50    6

 turbulent viscosity limited to viscosity ratio of 1.000000e+05 in 814 cells 

 Reversed flow on 730 faces of pressure-outlet 7.
  1020  3.1955e-01  4.3803e-05  4.6518e-05  4.4528e-05  1.2406e-03  5.9686e-03  1.1788e-03  0:00:41    5

 turbulent viscosity limited to viscosity ratio of 1.000000e+05 in 814 cells 

 Reversed flow on 729 faces of pressure-outlet 7.
  1021  3.1940e-01  4.3837e-05  4.6451e-05  4.4488e-05  1.2378e-03  5.7564e-03  1.1764e-03  0:00:34    4

 turbulent viscosity limited to viscosity ratio of 1.000000e+05 in 814 cells 

 Reversed flow on 726 faces of pressure-outlet 7.

  iter  continuity  x-velocity  y-velocity  z-velocity           k     epsilon  vf-phase-2     time/iter
  1022  3.1931e-01  4.3892e-05  4.6369e-05  4.4448e-05  1.2356e-03  5.6525e-03  1.1740e-03  0:00:25    3

 turbulent viscosity limited to viscosity ratio of 1.000000e+05 in 814 cells 

 Reversed flow on 725 faces of pressure-outlet 7.
  1023  3.1937e-01  4.3942e-05  4.6313e-05  4.4427e-05  1.2344e-03  5.2385e-03  1.1713e-03  0:00:17    2

 turbulent viscosity limited to viscosity ratio of 1.000000e+05 in 813 cells 

 Reversed flow on 725 faces of pressure-outlet 7.
  1024  3.1908e-01  4.4028e-05  4.6239e-05  4.4395e-05  1.2358e-03  5.8723e-03  1.1687e-03  0:00:08    1

iterate_100: RPC returned
progress: 100/575

=== autosave_100 ===
 turbulent viscosity limited to viscosity ratio of 1.000000e+05 in 813 cells 

 Reversed flow on 720 faces of pressure-outlet 7.
  1025  3.1926e-01  4.4114e-05  4.6165e-05  4.4363e-05  1.2354e-03  5.7656e-03  1.1661e-03  0:00:00    0

Writing to EN439159:"C:\Users\qtra338\Documents\enthalpy_sweep_verified_20260721_v2\case_1_1600_25pct_1500iter_recovered_from_925_autosave_iter100.cas.h5" in NODE0 mode and compression level 1 ...
Grouping cells for Laplace smoothing ...
     5578299 cells,     1 zone  ...
    11355491 faces,     5 zones ...
     1026091 nodes,     1 zone  ...
  Done.
Done.
write_case_autosave_100: OK

Writing to EN439159:"C:\Users\qtra338\Documents\enthalpy_sweep_verified_20260721_v2\case_1_1600_25pct_1500iter_recovered_from_925_autosave_iter100.dat.h5" in NODE0 mode and compression level 1 ...
  Writing results.
Done.
write_data_autosave_100: OK
saved_pair_autosave_100: VERIFIED

  iter  continuity  x-velocity  y-velocity  z-velocity           k     epsilon  vf-phase-2     time/iter
  1025  3.1926e-01  4.4114e-05  4.6165e-05  4.4363e-05  1.2354e-03  5.7656e-03  1.1661e-03  0:03:27   25

 turbulent viscosity limited to viscosity ratio of 1.000000e+05 in 813 cells 

 Reversed flow on 722 faces of pressure-outlet 7.
  1026  3.1936e-01  4.4177e-05  4.6093e-05  4.4343e-05  1.2349e-03  5.4472e-03  1.1635e-03  0:03:22   24

 turbulent viscosity limited to viscosity ratio of 1.000000e+05 in 812 cells 

 Reversed flow on 717 faces of pressure-outlet 7.
  1027  3.1945e-01  4.4252e-05  4.6048e-05  4.4326e-05  1.2332e-03  4.6799e-03  1.1608e-03  0:03:12   23

 turbulent viscosity limited to viscosity ratio of 1.000000e+05 in 812 cells 

 Reversed flow on 725 faces of pressure-outlet 7.
  1028  3.1923e-01  4.4352e-05  4.6001e-05  4.4315e-05  1.2360e-03  5.4300e-03  1.1579e-03  0:03:07   22

 turbulent viscosity limited to viscosity ratio of 1.000000e+05 in 811 cells 

 Reversed flow on 718 faces of pressure-outlet 7.
  1029  3.1930e-01  4.4443e-05  4.5968e-05  4.4290e-05  1.2394e-03  6.1112e-03  1.1551e-03  0:02:56   21

 turbulent viscosity limited to viscosity ratio of 1.000000e+05 in 811 cells 

 Reversed flow on 720 faces of pressure-outlet 7.
  1030  3.1927e-01  4.4531e-05  4.5932e-05  4.4277e-05  1.2388e-03  5.3176e-03  1.1521e-03  0:02:46   20

 turbulent viscosity limited to viscosity ratio of 1.000000e+05 in 811 cells 

 Reversed flow on 714 faces of pressure-outlet 7.
  1031  3.1921e-01  4.4629e-05  4.5908e-05  4.4267e-05  1.2414e-03  5.5651e-03  1.1491e-03  0:02:40   19

 turbulent viscosity limited to viscosity ratio of 1.000000e+05 in 811 cells 

 Reversed flow on 708 faces of pressure-outlet 7.
  1032  3.1919e-01  4.4746e-05  4.5875e-05  4.4263e-05  1.2451e-03  5.9552e-03  1.1460e-03  0:02:30   18

 turbulent viscosity limited to viscosity ratio of 1.000000e+05 in 811 cells 

 Reversed flow on 717 faces of pressure-outlet 7.
  1033  3.1921e-01  4.4850e-05  4.5845e-05  4.4255e-05  1.2463e-03  5.9235e-03  1.1429e-03  0:02:21   17

 turbulent viscosity limited to viscosity ratio of 1.000000e+05 in 812 cells 

 Reversed flow on 719 faces of pressure-outlet 7.
  1034  3.1921e-01  4.4971e-05  4.5826e-05  4.4269e-05  1.2473e-03  5.5835e-03  1.1399e-03  0:02:15   16

 turbulent viscosity limited to viscosity ratio of 1.000000e+05 in 812 cells 

 Reversed flow on 716 faces of pressure-outlet 7.
  1035  3.1943e-01  4.5094e-05  4.5806e-05  4.4261e-05  1.2514e-03  6.7786e-03  1.1368e-03  0:02:05   15

 turbulent viscosity limited to viscosity ratio of 1.000000e+05 in 812 cells 

 Reversed flow on 721 faces of pressure-outlet 7.

  iter  continuity  x-velocity  y-velocity  z-velocity           k     epsilon  vf-phase-2     time/iter
  1036  3.1908e-01  4.5200e-05  4.5786e-05  4.4264e-05  1.2520e-03  6.3603e-03  1.1337e-03  0:01:56   14

 turbulent viscosity limited to viscosity ratio of 1.000000e+05 in 813 cells 

 Reversed flow on 727 faces of pressure-outlet 7.
  1037  3.1899e-01  4.5317e-05  4.5767e-05  4.4282e-05  1.2527e-03  5.7821e-03  1.1306e-03  0:01:49   13

 turbulent viscosity limited to viscosity ratio of 1.000000e+05 in 813 cells 

 Reversed flow on 722 faces of pressure-outlet 7.
  1038  3.1906e-01  4.5419e-05  4.5769e-05  4.4280e-05  1.2560e-03  5.5144e-03  1.1276e-03  0:01:40   12

 turbulent viscosity limited to viscosity ratio of 1.000000e+05 in 813 cells 

 Reversed flow on 721 faces of pressure-outlet 7.
  1039  3.1900e-01  4.5521e-05  4.5762e-05  4.4296e-05  1.2586e-03  5.8689e-03  1.1245e-03  0:01:31   11

 turbulent viscosity limited to viscosity ratio of 1.000000e+05 in 813 cells 

 Reversed flow on 714 faces of pressure-outlet 7.
  1040  3.1911e-01  4.5628e-05  4.5744e-05  4.4319e-05  1.2627e-03  5.9277e-03  1.1215e-03  0:01:22   10

 turbulent viscosity limited to viscosity ratio of 1.000000e+05 in 813 cells 

 Reversed flow on 719 faces of pressure-outlet 7.
  1041  3.1908e-01  4.5735e-05  4.5721e-05  4.4359e-05  1.2649e-03  5.8236e-03  1.1183e-03  0:01:15    9

 turbulent viscosity limited to viscosity ratio of 1.000000e+05 in 813 cells 

 Reversed flow on 715 faces of pressure-outlet 7.
  1042  3.1877e-01  4.5831e-05  4.5704e-05  4.4375e-05  1.2662e-03  5.1184e-03  1.1152e-03  0:01:06    8

 turbulent viscosity limited to viscosity ratio of 1.000000e+05 in 814 cells 

 Reversed flow on 716 faces of pressure-outlet 7.
  1043  3.1876e-01  4.5925e-05  4.5697e-05  4.4413e-05  1.2707e-03  5.7424e-03  1.1122e-03  0:00:58    7

 turbulent viscosity limited to viscosity ratio of 1.000000e+05 in 814 cells 

 Reversed flow on 713 faces of pressure-outlet 7.
  1044  3.1896e-01  4.6034e-05  4.5700e-05  4.4450e-05  1.2746e-03  5.7297e-03  1.1093e-03  0:00:50    6

 turbulent viscosity limited to viscosity ratio of 1.000000e+05 in 813 cells 

 Reversed flow on 718 faces of pressure-outlet 7.
  1045  3.1933e-01  4.6120e-05  4.5702e-05  4.4485e-05  1.2784e-03  5.7074e-03  1.1064e-03  0:00:42    5

 turbulent viscosity limited to viscosity ratio of 1.000000e+05 in 813 cells 

 Reversed flow on 720 faces of pressure-outlet 7.
  1046  3.1946e-01  4.6229e-05  4.5696e-05  4.4539e-05  1.2823e-03  5.7237e-03  1.1036e-03  0:00:33    4

 turbulent viscosity limited to viscosity ratio of 1.000000e+05 in 813 cells 

 Reversed flow on 722 faces of pressure-outlet 7.

  iter  continuity  x-velocity  y-velocity  z-velocity           k     epsilon  vf-phase-2     time/iter
  1047  3.1970e-01  4.6312e-05  4.5692e-05  4.4579e-05  1.2887e-03  6.4643e-03  1.1008e-03  0:00:25    3

 turbulent viscosity limited to viscosity ratio of 1.000000e+05 in 813 cells 

 Reversed flow on 714 faces of pressure-outlet 7.
  1048  3.1975e-01  4.6381e-05  4.5686e-05  4.4637e-05  1.2930e-03  6.3072e-03  1.0981e-03  0:00:17    2

 turbulent viscosity limited to viscosity ratio of 1.000000e+05 in 813 cells 

 Reversed flow on 714 faces of pressure-outlet 7.
  1049  3.1987e-01  4.6452e-05  4.5670e-05  4.4679e-05  1.2958e-03  6.0738e-03  1.0954e-03  0:00:08    1

 turbulent viscosity limited to viscosity ratio of 1.000000e+05 in 813 cells 

 Reversed flow on 715 faces of pressure-outlet 7.
  1050  3.1985e-01  4.6513e-05  4.5649e-05  4.4711e-05  1.2989e-03  6.1548e-03  1.0928e-03  0:00:00    0
iterate_125: RPC returned
progress: 125/575

  iter  continuity  x-velocity  y-velocity  z-velocity           k     epsilon  vf-phase-2     time/iter
  1050  3.1985e-01  4.6513e-05  4.5649e-05  4.4711e-05  1.2989e-03  6.1548e-03  1.0928e-03  0:03:30   25

 turbulent viscosity limited to viscosity ratio of 1.000000e+05 in 814 cells 

 Reversed flow on 713 faces of pressure-outlet 7.
  1051  3.1995e-01  4.6565e-05  4.5633e-05  4.4738e-05  1.3032e-03  6.3130e-03  1.0903e-03  0:03:25   24

 turbulent viscosity limited to viscosity ratio of 1.000000e+05 in 814 cells 

 Reversed flow on 711 faces of pressure-outlet 7.
  1052  3.1983e-01  4.6603e-05  4.5624e-05  4.4780e-05  1.3108e-03  6.7496e-03  1.0880e-03  0:03:14   23

 turbulent viscosity limited to viscosity ratio of 1.000000e+05 in 813 cells 

 Reversed flow on 712 faces of pressure-outlet 7.
  1053  3.1964e-01  4.6642e-05  4.5596e-05  4.4836e-05  1.3165e-03  6.7936e-03  1.0857e-03  0:03:08   22

 turbulent viscosity limited to viscosity ratio of 1.000000e+05 in 811 cells 

 Reversed flow on 708 faces of pressure-outlet 7.
  1054  3.1981e-01  4.6677e-05  4.5556e-05  4.4891e-05  1.3193e-03  6.4488e-03  1.0836e-03  0:02:57   21

 turbulent viscosity limited to viscosity ratio of 1.000000e+05 in 811 cells 

 Reversed flow on 703 faces of pressure-outlet 7.
  1055  3.1987e-01  4.6710e-05  4.5513e-05  4.4936e-05  1.3242e-03  6.7313e-03  1.0816e-03  0:02:47   20

 turbulent viscosity limited to viscosity ratio of 1.000000e+05 in 810 cells 

 Reversed flow on 707 faces of pressure-outlet 7.
  1056  3.1962e-01  4.6737e-05  4.5494e-05  4.4980e-05  1.3278e-03  6.2288e-03  1.0799e-03  0:02:41   19

 turbulent viscosity limited to viscosity ratio of 1.000000e+05 in 809 cells 

 Reversed flow on 715 faces of pressure-outlet 7.
  1057  3.1946e-01  4.6772e-05  4.5485e-05  4.5008e-05  1.3297e-03  6.2068e-03  1.0783e-03  0:02:31   18

 turbulent viscosity limited to viscosity ratio of 1.000000e+05 in 809 cells 

 Reversed flow on 708 faces of pressure-outlet 7.
  1058  3.1982e-01  4.6797e-05  4.5463e-05  4.5030e-05  1.3322e-03  6.0479e-03  1.0769e-03  0:02:21   17

 turbulent viscosity limited to viscosity ratio of 1.000000e+05 in 809 cells 

 Reversed flow on 707 faces of pressure-outlet 7.
  1059  3.1982e-01  4.6814e-05  4.5441e-05  4.5044e-05  1.3365e-03  6.1358e-03  1.0757e-03  0:02:15   16

 turbulent viscosity limited to viscosity ratio of 1.000000e+05 in 809 cells 

 Reversed flow on 705 faces of pressure-outlet 7.
  1060  3.1991e-01  4.6832e-05  4.5412e-05  4.5085e-05  1.3424e-03  8.3383e-03  1.0746e-03  0:02:05   15

 turbulent viscosity limited to viscosity ratio of 1.000000e+05 in 809 cells 

 Reversed flow on 707 faces of pressure-outlet 7.

  iter  continuity  x-velocity  y-velocity  z-velocity           k     epsilon  vf-phase-2     time/iter
  1061  3.1979e-01  4.6848e-05  4.5393e-05  4.5096e-05  1.3430e-03  8.2224e-03  1.0737e-03  0:01:56   14

 turbulent viscosity limited to viscosity ratio of 1.000000e+05 in 809 cells 

 Reversed flow on 705 faces of pressure-outlet 7.
  1062  3.1976e-01  4.6835e-05  4.5361e-05  4.5116e-05  1.3431e-03  7.3924e-03  1.0730e-03  0:01:50   13

 turbulent viscosity limited to viscosity ratio of 1.000000e+05 in 808 cells 

 Reversed flow on 702 faces of pressure-outlet 7.
  1063  3.1978e-01  4.6817e-05  4.5335e-05  4.5122e-05  1.3425e-03  6.8661e-03  1.0724e-03  0:01:40   12

 turbulent viscosity limited to viscosity ratio of 1.000000e+05 in 808 cells 

 Reversed flow on 697 faces of pressure-outlet 7.
  1064  3.1976e-01  4.6800e-05  4.5312e-05  4.5112e-05  1.3427e-03  7.2558e-03  1.0720e-03  0:01:31   11

 turbulent viscosity limited to viscosity ratio of 1.000000e+05 in 808 cells 

 Reversed flow on 700 faces of pressure-outlet 7.
  1065  3.1965e-01  4.6780e-05  4.5281e-05  4.5122e-05  1.3431e-03  7.6197e-03  1.0717e-03  0:01:24   10

 turbulent viscosity limited to viscosity ratio of 1.000000e+05 in 808 cells 

 Reversed flow on 704 faces of pressure-outlet 7.
  1066  3.1968e-01  4.6770e-05  4.5249e-05  4.5121e-05  1.3415e-03  7.3558e-03  1.0715e-03  0:01:15    9

 turbulent viscosity limited to viscosity ratio of 1.000000e+05 in 808 cells 

 Reversed flow on 705 faces of pressure-outlet 7.
  1067  3.1987e-01  4.6744e-05  4.5238e-05  4.5101e-05  1.3369e-03  6.3152e-03  1.0713e-03  0:01:06    8

 turbulent viscosity limited to viscosity ratio of 1.000000e+05 in 808 cells 

 Reversed flow on 705 faces of pressure-outlet 7.
  1068  3.1958e-01  4.6723e-05  4.5216e-05  4.5077e-05  1.3369e-03  6.5256e-03  1.0712e-03  0:00:59    7

 turbulent viscosity limited to viscosity ratio of 1.000000e+05 in 808 cells 

 Reversed flow on 705 faces of pressure-outlet 7.
  1069  3.1989e-01  4.6701e-05  4.5219e-05  4.5054e-05  1.3335e-03  6.2599e-03  1.0712e-03  0:00:50    6

 turbulent viscosity limited to viscosity ratio of 1.000000e+05 in 809 cells 

 Reversed flow on 696 faces of pressure-outlet 7.
  1070  3.1985e-01  4.6654e-05  4.5213e-05  4.5019e-05  1.3360e-03  7.4616e-03  1.0713e-03  0:00:41    5

 turbulent viscosity limited to viscosity ratio of 1.000000e+05 in 809 cells 

 Reversed flow on 691 faces of pressure-outlet 7.
  1071  3.1968e-01  4.6634e-05  4.5189e-05  4.4990e-05  1.3332e-03  7.5213e-03  1.0715e-03  0:00:34    4

 turbulent viscosity limited to viscosity ratio of 1.000000e+05 in 809 cells 

 Reversed flow on 697 faces of pressure-outlet 7.

  iter  continuity  x-velocity  y-velocity  z-velocity           k     epsilon  vf-phase-2     time/iter
  1072  3.1979e-01  4.6618e-05  4.5184e-05  4.4950e-05  1.3330e-03  8.9021e-03  1.0718e-03  0:00:25    3

 turbulent viscosity limited to viscosity ratio of 1.000000e+05 in 809 cells 

 Reversed flow on 706 faces of pressure-outlet 7.
  1073  3.1974e-01  4.6576e-05  4.5184e-05  4.4915e-05  1.3293e-03  8.3907e-03  1.0722e-03  0:00:17    2

 turbulent viscosity limited to viscosity ratio of 1.000000e+05 in 809 cells 

 Reversed flow on 697 faces of pressure-outlet 7.
  1074  3.1989e-01  4.6540e-05  4.5184e-05  4.4864e-05  1.3292e-03  1.0251e-02  1.0727e-03  0:00:08    1

 turbulent viscosity limited to viscosity ratio of 1.000000e+05 in 809 cells 

 Reversed flow on 696 faces of pressure-outlet 7.
  1075  3.2006e-01  4.6506e-05  4.5208e-05  4.4814e-05  1.3303e-03  1.0133e-02  1.0733e-03  0:00:00    0
iterate_150: RPC returned
progress: 150/575

  iter  continuity  x-velocity  y-velocity  z-velocity           k     epsilon  vf-phase-2     time/iter
  1075  3.2006e-01  4.6506e-05  4.5208e-05  4.4814e-05  1.3303e-03  1.0133e-02  1.0733e-03  0:03:28   25

 turbulent viscosity limited to viscosity ratio of 1.000000e+05 in 809 cells 

 Reversed flow on 707 faces of pressure-outlet 7.
  1076  3.1972e-01  4.6464e-05  4.5189e-05  4.4755e-05  1.3238e-03  8.7663e-03  1.0739e-03  0:03:23   24

 turbulent viscosity limited to viscosity ratio of 1.000000e+05 in 809 cells 

 Reversed flow on 710 faces of pressure-outlet 7.
  1077  3.1968e-01  4.6427e-05  4.5198e-05  4.4713e-05  1.3231e-03  9.3896e-03  1.0746e-03  0:03:17   23

 turbulent viscosity limited to viscosity ratio of 1.000000e+05 in 809 cells 

 Reversed flow on 712 faces of pressure-outlet 7.
  1078  3.1927e-01  4.6371e-05  4.5207e-05  4.4645e-05  1.3159e-03  7.6483e-03  1.0753e-03  0:03:06   22

 turbulent viscosity limited to viscosity ratio of 1.000000e+05 in 809 cells 

 Reversed flow on 702 faces of pressure-outlet 7.
  1079  3.1921e-01  4.6348e-05  4.5204e-05  4.4585e-05  1.3071e-03  6.8858e-03  1.0761e-03  0:02:56   21

 turbulent viscosity limited to viscosity ratio of 1.000000e+05 in 809 cells 

 Reversed flow on 713 faces of pressure-outlet 7.
  1080  3.1908e-01  4.6296e-05  4.5196e-05  4.4533e-05  1.3047e-03  7.1046e-03  1.0769e-03  0:02:50   20

 turbulent viscosity limited to viscosity ratio of 1.000000e+05 in 809 cells 

 Reversed flow on 708 faces of pressure-outlet 7.
  1081  3.1913e-01  4.6264e-05  4.5201e-05  4.4477e-05  1.3009e-03  7.5372e-03  1.0778e-03  0:02:39   19

 turbulent viscosity limited to viscosity ratio of 1.000000e+05 in 809 cells 

 Reversed flow on 727 faces of pressure-outlet 7.
  1082  3.1933e-01  4.6235e-05  4.5201e-05  4.4425e-05  1.2991e-03  7.6027e-03  1.0786e-03  0:02:30   18

 turbulent viscosity limited to viscosity ratio of 1.000000e+05 in 809 cells 

 Reversed flow on 720 faces of pressure-outlet 7.
  1083  3.1956e-01  4.6202e-05  4.5217e-05  4.4375e-05  1.2949e-03  7.1847e-03  1.0794e-03  0:02:24   17

 turbulent viscosity limited to viscosity ratio of 1.000000e+05 in 809 cells 

 Reversed flow on 719 faces of pressure-outlet 7.
  1084  3.1983e-01  4.6173e-05  4.5227e-05  4.4318e-05  1.2935e-03  8.4848e-03  1.0803e-03  0:02:14   16

 turbulent viscosity limited to viscosity ratio of 1.000000e+05 in 809 cells 

 Reversed flow on 732 faces of pressure-outlet 7.
  1085  3.2034e-01  4.6133e-05  4.5258e-05  4.4273e-05  1.2879e-03  7.4228e-03  1.0812e-03  0:02:04   15

 turbulent viscosity limited to viscosity ratio of 1.000000e+05 in 809 cells 

 Reversed flow on 725 faces of pressure-outlet 7.

  iter  continuity  x-velocity  y-velocity  z-velocity           k     epsilon  vf-phase-2     time/iter
  1086  3.2001e-01  4.6109e-05  4.5252e-05  4.4244e-05  1.2853e-03  7.8652e-03  1.0821e-03  0:01:58   14

 turbulent viscosity limited to viscosity ratio of 1.000000e+05 in 809 cells 

 Reversed flow on 721 faces of pressure-outlet 7.
  1087  3.2009e-01  4.6083e-05  4.5276e-05  4.4201e-05  1.2795e-03  7.1543e-03  1.0830e-03  0:01:48   13

 turbulent viscosity limited to viscosity ratio of 1.000000e+05 in 809 cells 

 Reversed flow on 718 faces of pressure-outlet 7.
  1088  3.1984e-01  4.6055e-05  4.5270e-05  4.4173e-05  1.2780e-03  7.1735e-03  1.0839e-03  0:01:39   12

 turbulent viscosity limited to viscosity ratio of 1.000000e+05 in 809 cells 

 Reversed flow on 714 faces of pressure-outlet 7.
  1089  3.1958e-01  4.6008e-05  4.5279e-05  4.4139e-05  1.2706e-03  6.3436e-03  1.0849e-03  0:01:33   11

 turbulent viscosity limited to viscosity ratio of 1.000000e+05 in 809 cells 

 Reversed flow on 724 faces of pressure-outlet 7.
  1090  3.1928e-01  4.5960e-05  4.5290e-05  4.4090e-05  1.2698e-03  7.5031e-03  1.0858e-03  0:01:23   10

 turbulent viscosity limited to viscosity ratio of 1.000000e+05 in 809 cells 

 Reversed flow on 734 faces of pressure-outlet 7.
  1091  3.1945e-01  4.5931e-05  4.5307e-05  4.4073e-05  1.2638e-03  6.5933e-03  1.0868e-03  0:01:14    9

 turbulent viscosity limited to viscosity ratio of 1.000000e+05 in 809 cells 

 Reversed flow on 721 faces of pressure-outlet 7.
  1092  3.1932e-01  4.5881e-05  4.5314e-05  4.4038e-05  1.2648e-03  8.2450e-03  1.0877e-03  0:01:07    8

 turbulent viscosity limited to viscosity ratio of 1.000000e+05 in 809 cells 

 Reversed flow on 718 faces of pressure-outlet 7.
  1093  3.1903e-01  4.5856e-05  4.5322e-05  4.4017e-05  1.2629e-03  7.7504e-03  1.0888e-03  0:00:58    7

 turbulent viscosity limited to viscosity ratio of 1.000000e+05 in 809 cells 

 Reversed flow on 726 faces of pressure-outlet 7.
  1094  3.1914e-01  4.5820e-05  4.5337e-05  4.3991e-05  1.2560e-03  7.1632e-03  1.0898e-03  0:00:50    6

 turbulent viscosity limited to viscosity ratio of 1.000000e+05 in 809 cells 

 Reversed flow on 720 faces of pressure-outlet 7.
  1095  3.1918e-01  4.5780e-05  4.5342e-05  4.3971e-05  1.2527e-03  7.3170e-03  1.0909e-03  0:00:42    5

 turbulent viscosity limited to viscosity ratio of 1.000000e+05 in 808 cells 

 Reversed flow on 729 faces of pressure-outlet 7.
  1096  3.1921e-01  4.5729e-05  4.5351e-05  4.3958e-05  1.2520e-03  7.3689e-03  1.0920e-03  0:00:33    4

 turbulent viscosity limited to viscosity ratio of 1.000000e+05 in 808 cells 

 Reversed flow on 736 faces of pressure-outlet 7.

  iter  continuity  x-velocity  y-velocity  z-velocity           k     epsilon  vf-phase-2     time/iter
  1097  3.1922e-01  4.5695e-05  4.5356e-05  4.3948e-05  1.2481e-03  7.0945e-03  1.0930e-03  0:00:25    3

 turbulent viscosity limited to viscosity ratio of 1.000000e+05 in 807 cells 

 Reversed flow on 737 faces of pressure-outlet 7.
  1098  3.1940e-01  4.5644e-05  4.5360e-05  4.3945e-05  1.2447e-03  7.2889e-03  1.0940e-03  0:00:17    2

 turbulent viscosity limited to viscosity ratio of 1.000000e+05 in 807 cells 

 Reversed flow on 739 faces of pressure-outlet 7.
  1099  3.1927e-01  4.5625e-05  4.5383e-05  4.3924e-05  1.2415e-03  7.1228e-03  1.0951e-03  0:00:08    1

 turbulent viscosity limited to viscosity ratio of 1.000000e+05 in 807 cells 

 Reversed flow on 745 faces of pressure-outlet 7.
  1100  3.1930e-01  4.5597e-05  4.5391e-05  4.3906e-05  1.2422e-03  8.5964e-03  1.0961e-03  0:00:00    0
iterate_175: RPC returned
progress: 175/575

  iter  continuity  x-velocity  y-velocity  z-velocity           k     epsilon  vf-phase-2     time/iter
  1100  3.1930e-01  4.5597e-05  4.5391e-05  4.3906e-05  1.2422e-03  8.5964e-03  1.0961e-03  0:03:32   25

 turbulent viscosity limited to viscosity ratio of 1.000000e+05 in 806 cells 

 Reversed flow on 748 faces of pressure-outlet 7.
  1101  3.1941e-01  4.5558e-05  4.5410e-05  4.3918e-05  1.2394e-03  8.4003e-03  1.0971e-03  0:03:26   24

 turbulent viscosity limited to viscosity ratio of 1.000000e+05 in 807 cells 

 Reversed flow on 742 faces of pressure-outlet 7.
  1102  3.1946e-01  4.5509e-05  4.5422e-05  4.3914e-05  1.2403e-03  9.4047e-03  1.0982e-03  0:03:14   23

 turbulent viscosity limited to viscosity ratio of 1.000000e+05 in 807 cells 

 Reversed flow on 756 faces of pressure-outlet 7.
  1103  3.1971e-01  4.5455e-05  4.5434e-05  4.3903e-05  1.2356e-03  8.0994e-03  1.0992e-03  0:03:08   22

 turbulent viscosity limited to viscosity ratio of 1.000000e+05 in 806 cells 

 Reversed flow on 748 faces of pressure-outlet 7.
  1104  3.1969e-01  4.5393e-05  4.5442e-05  4.3883e-05  1.2322e-03  7.5372e-03  1.1002e-03  0:02:57   21

 turbulent viscosity limited to viscosity ratio of 1.000000e+05 in 806 cells 

 Reversed flow on 752 faces of pressure-outlet 7.
  1105  3.1957e-01  4.5330e-05  4.5467e-05  4.3886e-05  1.2311e-03  8.4408e-03  1.1011e-03  0:02:51   20

 turbulent viscosity limited to viscosity ratio of 1.000000e+05 in 805 cells 

 Reversed flow on 748 faces of pressure-outlet 7.
  1106  3.1948e-01  4.5277e-05  4.5468e-05  4.3865e-05  1.2281e-03  8.3041e-03  1.1019e-03  0:02:41   19

 turbulent viscosity limited to viscosity ratio of 1.000000e+05 in 804 cells 

 Reversed flow on 749 faces of pressure-outlet 7.
  1107  3.1934e-01  4.5210e-05  4.5484e-05  4.3841e-05  1.2256e-03  7.5830e-03  1.1027e-03  0:02:30   18

 turbulent viscosity limited to viscosity ratio of 1.000000e+05 in 805 cells 

 Reversed flow on 750 faces of pressure-outlet 7.
  1108  3.1898e-01  4.5163e-05  4.5491e-05  4.3832e-05  1.2193e-03  6.3268e-03  1.1036e-03  0:02:21   17

 turbulent viscosity limited to viscosity ratio of 1.000000e+05 in 804 cells 

 Reversed flow on 750 faces of pressure-outlet 7.
  1109  3.1890e-01  4.5095e-05  4.5503e-05  4.3824e-05  1.2181e-03  6.9445e-03  1.1044e-03  0:02:15   16

 turbulent viscosity limited to viscosity ratio of 1.000000e+05 in 804 cells 

 Reversed flow on 755 faces of pressure-outlet 7.
  1110  3.1900e-01  4.5027e-05  4.5521e-05  4.3809e-05  1.2175e-03  7.7319e-03  1.1052e-03  0:02:05   15

 turbulent viscosity limited to viscosity ratio of 1.000000e+05 in 802 cells 

 Reversed flow on 757 faces of pressure-outlet 7.

  iter  continuity  x-velocity  y-velocity  z-velocity           k     epsilon  vf-phase-2     time/iter
  1111  3.1880e-01  4.4955e-05  4.5552e-05  4.3780e-05  1.2158e-03  7.8438e-03  1.1059e-03  0:01:59   14

 turbulent viscosity limited to viscosity ratio of 1.000000e+05 in 802 cells 

 Reversed flow on 758 faces of pressure-outlet 7.
  1112  3.1854e-01  4.4877e-05  4.5566e-05  4.3747e-05  1.2149e-03  7.9271e-03  1.1066e-03  0:01:49   13

 turbulent viscosity limited to viscosity ratio of 1.000000e+05 in 801 cells 

 Reversed flow on 755 faces of pressure-outlet 7.
  1113  3.1818e-01  4.4799e-05  4.5569e-05  4.3716e-05  1.2139e-03  8.1268e-03  1.1072e-03  0:01:40   12

 turbulent viscosity limited to viscosity ratio of 1.000000e+05 in 801 cells 

 Reversed flow on 769 faces of pressure-outlet 7.
  1114  3.1777e-01  4.4705e-05  4.5590e-05  4.3670e-05  1.2097e-03  7.1022e-03  1.1077e-03  0:01:33   11

 turbulent viscosity limited to viscosity ratio of 1.000000e+05 in 800 cells 

 Reversed flow on 761 faces of pressure-outlet 7.
  1115  3.1719e-01  4.4611e-05  4.5598e-05  4.3645e-05  1.2103e-03  9.2871e-03  1.1082e-03  0:01:24   10

 turbulent viscosity limited to viscosity ratio of 1.000000e+05 in 800 cells 

 Reversed flow on 761 faces of pressure-outlet 7.
  1116  3.1680e-01  4.4516e-05  4.5627e-05  4.3601e-05  1.2068e-03  8.3588e-03  1.1086e-03  0:01:15    9

 turbulent viscosity limited to viscosity ratio of 1.000000e+05 in 800 cells 

 Reversed flow on 774 faces of pressure-outlet 7.
  1117  3.1646e-01  4.4407e-05  4.5661e-05  4.3574e-05  1.2053e-03  8.1468e-03  1.1091e-03  0:01:07    8

 turbulent viscosity limited to viscosity ratio of 1.000000e+05 in 800 cells 

 Reversed flow on 771 faces of pressure-outlet 7.
  1118  3.1604e-01  4.4321e-05  4.5661e-05  4.3523e-05  1.2029e-03  6.8693e-03  1.1096e-03  0:00:58    7

 turbulent viscosity limited to viscosity ratio of 1.000000e+05 in 800 cells 

 Reversed flow on 765 faces of pressure-outlet 7.
  1119  3.1554e-01  4.4224e-05  4.5681e-05  4.3471e-05  1.2001e-03  7.1721e-03  1.1100e-03  0:00:50    6

 turbulent viscosity limited to viscosity ratio of 1.000000e+05 in 799 cells 

 Reversed flow on 765 faces of pressure-outlet 7.
  1120  3.1513e-01  4.4129e-05  4.5715e-05  4.3434e-05  1.2014e-03  8.2309e-03  1.1105e-03  0:00:42    5

 turbulent viscosity limited to viscosity ratio of 1.000000e+05 in 799 cells 

 Reversed flow on 767 faces of pressure-outlet 7.
  1121  3.1481e-01  4.4021e-05  4.5752e-05  4.3394e-05  1.1975e-03  7.1878e-03  1.1109e-03  0:00:33    4

 turbulent viscosity limited to viscosity ratio of 1.000000e+05 in 799 cells 

 Reversed flow on 782 faces of pressure-outlet 7.

  iter  continuity  x-velocity  y-velocity  z-velocity           k     epsilon  vf-phase-2     time/iter
  1122  3.1428e-01  4.3910e-05  4.5759e-05  4.3340e-05  1.1944e-03  6.7077e-03  1.1112e-03  0:00:25    3

 turbulent viscosity limited to viscosity ratio of 1.000000e+05 in 799 cells 

 Reversed flow on 783 faces of pressure-outlet 7.
  1123  3.1377e-01  4.3793e-05  4.5787e-05  4.3287e-05  1.1901e-03  6.4846e-03  1.1116e-03  0:00:17    2

 turbulent viscosity limited to viscosity ratio of 1.000000e+05 in 800 cells 

 Reversed flow on 790 faces of pressure-outlet 7.
  1124  3.1315e-01  4.3669e-05  4.5811e-05  4.3233e-05  1.1875e-03  6.0999e-03  1.1119e-03  0:00:08    1

iterate_200: RPC returned
progress: 200/575

=== autosave_200 ===
 turbulent viscosity limited to viscosity ratio of 1.000000e+05 in 800 cells 

 Reversed flow on 777 faces of pressure-outlet 7.
  1125  3.1263e-01  4.3550e-05  4.5841e-05  4.3198e-05  1.1869e-03  6.7743e-03  1.1121e-03  0:00:00    0

Writing to EN439159:"C:\Users\qtra338\Documents\enthalpy_sweep_verified_20260721_v2\case_1_1600_25pct_1500iter_recovered_from_925_autosave_iter200.cas.h5" in NODE0 mode and compression level 1 ...
Grouping cells for Laplace smoothing ...
     5578299 cells,     1 zone  ...
    11355491 faces,     5 zones ...
     1026091 nodes,     1 zone  ...
  Done.
Done.
write_case_autosave_200: OK

Writing to EN439159:"C:\Users\qtra338\Documents\enthalpy_sweep_verified_20260721_v2\case_1_1600_25pct_1500iter_recovered_from_925_autosave_iter200.dat.h5" in NODE0 mode and compression level 1 ...
  Writing results.
Done.
write_data_autosave_200: OK
saved_pair_autosave_200: VERIFIED

  iter  continuity  x-velocity  y-velocity  z-velocity           k     epsilon  vf-phase-2     time/iter
  1125  3.1263e-01  4.3550e-05  4.5841e-05  4.3198e-05  1.1869e-03  6.7743e-03  1.1121e-03  0:03:27   25

 turbulent viscosity limited to viscosity ratio of 1.000000e+05 in 799 cells 

 Reversed flow on 772 faces of pressure-outlet 7.
  1126  3.1227e-01  4.3441e-05  4.5870e-05  4.3171e-05  1.1866e-03  7.6012e-03  1.1123e-03  0:03:22   24

 turbulent viscosity limited to viscosity ratio of 1.000000e+05 in 799 cells 

 Reversed flow on 780 faces of pressure-outlet 7.
  1127  3.1201e-01  4.3350e-05  4.5896e-05  4.3150e-05  1.1842e-03  6.8644e-03  1.1125e-03  0:03:16   23

 turbulent viscosity limited to viscosity ratio of 1.000000e+05 in 798 cells 

 Reversed flow on 788 faces of pressure-outlet 7.
  1128  3.1156e-01  4.3236e-05  4.5924e-05  4.3102e-05  1.1843e-03  7.5396e-03  1.1127e-03  0:03:05   22

 turbulent viscosity limited to viscosity ratio of 1.000000e+05 in 798 cells 

 Reversed flow on 783 faces of pressure-outlet 7.
  1129  3.1087e-01  4.3114e-05  4.5941e-05  4.3060e-05  1.1798e-03  6.0456e-03  1.1128e-03  0:02:55   21

 turbulent viscosity limited to viscosity ratio of 1.000000e+05 in 797 cells 

 Reversed flow on 780 faces of pressure-outlet 7.
  1130  3.1023e-01  4.2991e-05  4.5971e-05  4.3003e-05  1.1791e-03  6.5935e-03  1.1130e-03  0:02:49   20

 turbulent viscosity limited to viscosity ratio of 1.000000e+05 in 797 cells 

 Reversed flow on 778 faces of pressure-outlet 7.
  1131  3.0970e-01  4.2881e-05  4.5997e-05  4.2968e-05  1.1794e-03  7.0165e-03  1.1132e-03  0:02:39   19

 turbulent viscosity limited to viscosity ratio of 1.000000e+05 in 797 cells 

 Reversed flow on 789 faces of pressure-outlet 7.
  1132  3.0900e-01  4.2769e-05  4.6031e-05  4.2921e-05  1.1797e-03  6.9651e-03  1.1135e-03  0:02:29   18

 turbulent viscosity limited to viscosity ratio of 1.000000e+05 in 797 cells 

 Reversed flow on 784 faces of pressure-outlet 7.
  1133  3.0848e-01  4.2655e-05  4.6060e-05  4.2887e-05  1.1759e-03  6.5395e-03  1.1137e-03  0:02:24   17

 turbulent viscosity limited to viscosity ratio of 1.000000e+05 in 798 cells 

 Reversed flow on 792 faces of pressure-outlet 7.
  1134  3.0782e-01  4.2551e-05  4.6079e-05  4.2848e-05  1.1750e-03  6.5885e-03  1.1139e-03  0:02:14   16

 turbulent viscosity limited to viscosity ratio of 1.000000e+05 in 797 cells 

 Reversed flow on 787 faces of pressure-outlet 7.
  1135  3.0724e-01  4.2446e-05  4.6105e-05  4.2814e-05  1.1743e-03  6.7308e-03  1.1141e-03  0:02:07   15

 turbulent viscosity limited to viscosity ratio of 1.000000e+05 in 796 cells 

 Reversed flow on 786 faces of pressure-outlet 7.

  iter  continuity  x-velocity  y-velocity  z-velocity           k     epsilon  vf-phase-2     time/iter
  1136  3.0674e-01  4.2354e-05  4.6133e-05  4.2785e-05  1.1747e-03  7.0435e-03  1.1144e-03  0:01:57   14

 turbulent viscosity limited to viscosity ratio of 1.000000e+05 in 796 cells 

 Reversed flow on 789 faces of pressure-outlet 7.
  1137  3.0634e-01  4.2270e-05  4.6162e-05  4.2757e-05  1.1718e-03  6.9704e-03  1.1146e-03  0:01:51   13

 turbulent viscosity limited to viscosity ratio of 1.000000e+05 in 796 cells 

 Reversed flow on 788 faces of pressure-outlet 7.
  1138  3.0593e-01  4.2172e-05  4.6209e-05  4.2730e-05  1.1715e-03  7.2365e-03  1.1150e-03  0:01:41   12

 turbulent viscosity limited to viscosity ratio of 1.000000e+05 in 796 cells 

 Reversed flow on 780 faces of pressure-outlet 7.
  1139  3.0570e-01  4.2092e-05  4.6247e-05  4.2696e-05  1.1706e-03  7.0021e-03  1.1153e-03  0:01:32   11

 turbulent viscosity limited to viscosity ratio of 1.000000e+05 in 797 cells 

 Reversed flow on 779 faces of pressure-outlet 7.
  1140  3.0521e-01  4.1995e-05  4.6284e-05  4.2667e-05  1.1691e-03  7.6573e-03  1.1157e-03  0:01:25   10

 turbulent viscosity limited to viscosity ratio of 1.000000e+05 in 796 cells 

 Reversed flow on 777 faces of pressure-outlet 7.
  1141  3.0451e-01  4.1913e-05  4.6309e-05  4.2639e-05  1.1641e-03  6.2376e-03  1.1160e-03  0:01:15    9

 turbulent viscosity limited to viscosity ratio of 1.000000e+05 in 796 cells 

 Reversed flow on 781 faces of pressure-outlet 7.
  1142  3.0411e-01  4.1822e-05  4.6337e-05  4.2613e-05  1.1631e-03  6.2914e-03  1.1164e-03  0:01:06    8

 turbulent viscosity limited to viscosity ratio of 1.000000e+05 in 796 cells 

 Reversed flow on 768 faces of pressure-outlet 7.
  1143  3.0361e-01  4.1746e-05  4.6353e-05  4.2582e-05  1.1609e-03  6.0883e-03  1.1167e-03  0:00:59    7

 turbulent viscosity limited to viscosity ratio of 1.000000e+05 in 796 cells 

 Reversed flow on 764 faces of pressure-outlet 7.
  1144  3.0276e-01  4.1677e-05  4.6369e-05  4.2554e-05  1.1597e-03  6.2776e-03  1.1171e-03  0:00:50    6

 turbulent viscosity limited to viscosity ratio of 1.000000e+05 in 795 cells 

 Reversed flow on 763 faces of pressure-outlet 7.
  1145  3.0237e-01  4.1608e-05  4.6380e-05  4.2521e-05  1.1600e-03  7.3620e-03  1.1174e-03  0:00:41    5

 turbulent viscosity limited to viscosity ratio of 1.000000e+05 in 795 cells 

 Reversed flow on 769 faces of pressure-outlet 7.
  1146  3.0193e-01  4.1568e-05  4.6401e-05  4.2498e-05  1.1613e-03  8.1715e-03  1.1178e-03  0:00:34    4

 turbulent viscosity limited to viscosity ratio of 1.000000e+05 in 795 cells 

 Reversed flow on 780 faces of pressure-outlet 7.

  iter  continuity  x-velocity  y-velocity  z-velocity           k     epsilon  vf-phase-2     time/iter
  1147  3.0160e-01  4.1521e-05  4.6415e-05  4.2451e-05  1.1584e-03  7.7615e-03  1.1182e-03  0:00:25    3

 turbulent viscosity limited to viscosity ratio of 1.000000e+05 in 795 cells 

 Reversed flow on 773 faces of pressure-outlet 7.
  1148  3.0141e-01  4.1466e-05  4.6432e-05  4.2427e-05  1.1577e-03  7.5120e-03  1.1185e-03  0:00:17    2

 turbulent viscosity limited to viscosity ratio of 1.000000e+05 in 795 cells 

 Reversed flow on 768 faces of pressure-outlet 7.
  1149  3.0091e-01  4.1421e-05  4.6435e-05  4.2400e-05  1.1561e-03  7.3408e-03  1.1188e-03  0:00:08    1

iterate_225: RPC returned
progress: 225/575
 turbulent viscosity limited to viscosity ratio of 1.000000e+05 in 795 cells 

 Reversed flow on 771 faces of pressure-outlet 7.
  1150  3.0047e-01  4.1393e-05  4.6460e-05  4.2380e-05  1.1535e-03  7.0897e-03  1.1192e-03  0:00:00    0

  iter  continuity  x-velocity  y-velocity  z-velocity           k     epsilon  vf-phase-2     time/iter
  1150  3.0047e-01  4.1393e-05  4.6460e-05  4.2380e-05  1.1535e-03  7.0897e-03  1.1192e-03  0:03:33   25

 turbulent viscosity limited to viscosity ratio of 1.000000e+05 in 796 cells 

 Reversed flow on 768 faces of pressure-outlet 7.
  1151  3.0034e-01  4.1350e-05  4.6468e-05  4.2350e-05  1.1514e-03  6.3608e-03  1.1194e-03  0:03:27   24

 turbulent viscosity limited to viscosity ratio of 1.000000e+05 in 797 cells 

 Reversed flow on 770 faces of pressure-outlet 7.
  1152  2.9970e-01  4.1320e-05  4.6470e-05  4.2311e-05  1.1481e-03  5.7895e-03  1.1197e-03  0:03:16   23

 turbulent viscosity limited to viscosity ratio of 1.000000e+05 in 797 cells 

 Reversed flow on 761 faces of pressure-outlet 7.
  1153  2.9930e-01  4.1290e-05  4.6475e-05  4.2279e-05  1.1492e-03  6.2886e-03  1.1199e-03  0:03:05   22

 turbulent viscosity limited to viscosity ratio of 1.000000e+05 in 797 cells 

 Reversed flow on 766 faces of pressure-outlet 7.
  1154  2.9912e-01  4.1276e-05  4.6484e-05  4.2258e-05  1.1518e-03  7.0826e-03  1.1201e-03  0:02:59   21

 turbulent viscosity limited to viscosity ratio of 1.000000e+05 in 797 cells 

 Reversed flow on 763 faces of pressure-outlet 7.
  1155  2.9899e-01  4.1253e-05  4.6491e-05  4.2231e-05  1.1517e-03  7.0159e-03  1.1202e-03  0:02:48   20

 turbulent viscosity limited to viscosity ratio of 1.000000e+05 in 797 cells 

 Reversed flow on 761 faces of pressure-outlet 7.
  1156  2.9885e-01  4.1233e-05  4.6503e-05  4.2199e-05  1.1503e-03  6.5631e-03  1.1202e-03  0:02:42   19

 turbulent viscosity limited to viscosity ratio of 1.000000e+05 in 797 cells 

 Reversed flow on 763 faces of pressure-outlet 7.
  1157  2.9885e-01  4.1215e-05  4.6494e-05  4.2166e-05  1.1483e-03  5.6720e-03  1.1202e-03  0:02:32   18

 turbulent viscosity limited to viscosity ratio of 1.000000e+05 in 797 cells 

 Reversed flow on 757 faces of pressure-outlet 7.
  1158  2.9874e-01  4.1210e-05  4.6488e-05  4.2121e-05  1.1525e-03  7.0119e-03  1.1201e-03  0:02:22   17

 turbulent viscosity limited to viscosity ratio of 1.000000e+05 in 797 cells 

 Reversed flow on 755 faces of pressure-outlet 7.
  1159  2.9886e-01  4.1213e-05  4.6488e-05  4.2101e-05  1.1512e-03  7.0633e-03  1.1199e-03  0:02:16   16

 turbulent viscosity limited to viscosity ratio of 1.000000e+05 in 795 cells 

 Reversed flow on 765 faces of pressure-outlet 7.
  1160  2.9866e-01  4.1199e-05  4.6472e-05  4.2049e-05  1.1509e-03  6.8080e-03  1.1197e-03  0:02:06   15

 turbulent viscosity limited to viscosity ratio of 1.000000e+05 in 794 cells 

 Reversed flow on 767 faces of pressure-outlet 7.

  iter  continuity  x-velocity  y-velocity  z-velocity           k     epsilon  vf-phase-2     time/iter
  1161  2.9848e-01  4.1193e-05  4.6459e-05  4.2004e-05  1.1508e-03  6.3093e-03  1.1195e-03  0:01:56   14

 turbulent viscosity limited to viscosity ratio of 1.000000e+05 in 794 cells 

 Reversed flow on 757 faces of pressure-outlet 7.
  1162  2.9826e-01  4.1203e-05  4.6435e-05  4.1972e-05  1.1521e-03  6.1422e-03  1.1193e-03  0:01:50   13

 turbulent viscosity limited to viscosity ratio of 1.000000e+05 in 793 cells 

 Reversed flow on 757 faces of pressure-outlet 7.
  1163  2.9826e-01  4.1224e-05  4.6412e-05  4.1945e-05  1.1529e-03  6.0622e-03  1.1191e-03  0:01:40   12

 turbulent viscosity limited to viscosity ratio of 1.000000e+05 in 793 cells 

 Reversed flow on 766 faces of pressure-outlet 7.
  1164  2.9828e-01  4.1232e-05  4.6401e-05  4.1893e-05  1.1532e-03  5.7711e-03  1.1189e-03  0:01:31   11

 turbulent viscosity limited to viscosity ratio of 1.000000e+05 in 792 cells 

 Reversed flow on 764 faces of pressure-outlet 7.
  1165  2.9820e-01  4.1241e-05  4.6386e-05  4.1859e-05  1.1542e-03  5.6492e-03  1.1186e-03  0:01:24   10

 turbulent viscosity limited to viscosity ratio of 1.000000e+05 in 792 cells 

 Reversed flow on 759 faces of pressure-outlet 7.
  1166  2.9827e-01  4.1250e-05  4.6371e-05  4.1809e-05  1.1546e-03  5.4779e-03  1.1184e-03  0:01:15    9

 turbulent viscosity limited to viscosity ratio of 1.000000e+05 in 792 cells 

 Reversed flow on 752 faces of pressure-outlet 7.
  1167  2.9844e-01  4.1272e-05  4.6364e-05  4.1778e-05  1.1552e-03  5.6219e-03  1.1181e-03  0:01:08    8

 turbulent viscosity limited to viscosity ratio of 1.000000e+05 in 791 cells 

 Reversed flow on 752 faces of pressure-outlet 7.
  1168  2.9857e-01  4.1303e-05  4.6358e-05  4.1743e-05  1.1572e-03  5.5161e-03  1.1179e-03  0:00:59    7

 turbulent viscosity limited to viscosity ratio of 1.000000e+05 in 791 cells 

 Reversed flow on 754 faces of pressure-outlet 7.
  1169  2.9881e-01  4.1345e-05  4.6346e-05  4.1711e-05  1.1566e-03  5.0259e-03  1.1177e-03  0:00:50    6

 turbulent viscosity limited to viscosity ratio of 1.000000e+05 in 791 cells 

 Reversed flow on 761 faces of pressure-outlet 7.
  1170  2.9913e-01  4.1380e-05  4.6330e-05  4.1674e-05  1.1570e-03  4.8903e-03  1.1176e-03  0:00:42    5

 turbulent viscosity limited to viscosity ratio of 1.000000e+05 in 791 cells 

 Reversed flow on 765 faces of pressure-outlet 7.
  1171  2.9935e-01  4.1418e-05  4.6325e-05  4.1665e-05  1.1594e-03  5.3811e-03  1.1174e-03  0:00:33    4

 turbulent viscosity limited to viscosity ratio of 1.000000e+05 in 791 cells 

 Reversed flow on 750 faces of pressure-outlet 7.

  iter  continuity  x-velocity  y-velocity  z-velocity           k     epsilon  vf-phase-2     time/iter
  1172  2.9985e-01  4.1458e-05  4.6329e-05  4.1653e-05  1.1628e-03  5.5838e-03  1.1173e-03  0:00:25    3

 turbulent viscosity limited to viscosity ratio of 1.000000e+05 in 791 cells 

 Reversed flow on 745 faces of pressure-outlet 7.
  1173  3.0043e-01  4.1513e-05  4.6335e-05  4.1639e-05  1.1670e-03  7.4725e-03  1.1171e-03  0:00:17    2

 turbulent viscosity limited to viscosity ratio of 1.000000e+05 in 791 cells 

 Reversed flow on 755 faces of pressure-outlet 7.
  1174  3.0074e-01  4.1559e-05  4.6351e-05  4.1621e-05  1.1649e-03  5.9836e-03  1.1171e-03  0:00:08    1

 turbulent viscosity limited to viscosity ratio of 1.000000e+05 in 791 cells 

 Reversed flow on 759 faces of pressure-outlet 7.
  1175  3.0099e-01  4.1611e-05  4.6358e-05  4.1608e-05  1.1683e-03  6.7314e-03  1.1170e-03  0:00:00    0
iterate_250: RPC returned
progress: 250/575

  iter  continuity  x-velocity  y-velocity  z-velocity           k     epsilon  vf-phase-2     time/iter
  1175  3.0099e-01  4.1611e-05  4.6358e-05  4.1608e-05  1.1683e-03  6.7314e-03  1.1170e-03  0:03:27   25

 turbulent viscosity limited to viscosity ratio of 1.000000e+05 in 791 cells 

 Reversed flow on 754 faces of pressure-outlet 7.
  1176  3.0124e-01  4.1663e-05  4.6350e-05  4.1592e-05  1.1697e-03  6.1328e-03  1.1171e-03  0:03:22   24

 turbulent viscosity limited to viscosity ratio of 1.000000e+05 in 792 cells 

 Reversed flow on 748 faces of pressure-outlet 7.
  1177  3.0153e-01  4.1727e-05  4.6358e-05  4.1590e-05  1.1676e-03  5.6340e-03  1.1171e-03  0:03:12   23

 turbulent viscosity limited to viscosity ratio of 1.000000e+05 in 792 cells 

 Reversed flow on 754 faces of pressure-outlet 7.
  1178  3.0189e-01  4.1776e-05  4.6372e-05  4.1579e-05  1.1703e-03  5.4724e-03  1.1173e-03  0:03:02   22

 turbulent viscosity limited to viscosity ratio of 1.000000e+05 in 792 cells 

 Reversed flow on 754 faces of pressure-outlet 7.
  1179  3.0218e-01  4.1828e-05  4.6390e-05  4.1578e-05  1.1720e-03  5.6296e-03  1.1176e-03  0:02:57   21

 turbulent viscosity limited to viscosity ratio of 1.000000e+05 in 791 cells 

 Reversed flow on 755 faces of pressure-outlet 7.
  1180  3.0237e-01  4.1898e-05  4.6413e-05  4.1580e-05  1.1725e-03  5.3964e-03  1.1179e-03  0:02:47   20

 turbulent viscosity limited to viscosity ratio of 1.000000e+05 in 791 cells 

 Reversed flow on 752 faces of pressure-outlet 7.
  1181  3.0286e-01  4.1965e-05  4.6441e-05  4.1569e-05  1.1724e-03  5.1020e-03  1.1183e-03  0:02:37   19

 turbulent viscosity limited to viscosity ratio of 1.000000e+05 in 791 cells 

 Reversed flow on 754 faces of pressure-outlet 7.
  1182  3.0293e-01  4.2014e-05  4.6471e-05  4.1561e-05  1.1738e-03  5.1628e-03  1.1187e-03  0:02:31   18

 turbulent viscosity limited to viscosity ratio of 1.000000e+05 in 791 cells 

 Reversed flow on 746 faces of pressure-outlet 7.
  1183  3.0334e-01  4.2076e-05  4.6502e-05  4.1555e-05  1.1760e-03  5.1083e-03  1.1192e-03  0:02:22   17

 turbulent viscosity limited to viscosity ratio of 1.000000e+05 in 791 cells 

 Reversed flow on 753 faces of pressure-outlet 7.
  1184  3.0405e-01  4.2150e-05  4.6541e-05  4.1548e-05  1.1791e-03  5.6369e-03  1.1198e-03  0:02:12   16

 turbulent viscosity limited to viscosity ratio of 1.000000e+05 in 792 cells 

 Reversed flow on 742 faces of pressure-outlet 7.
  1185  3.0442e-01  4.2232e-05  4.6591e-05  4.1560e-05  1.1789e-03  5.3631e-03  1.1205e-03  0:02:06   15

 turbulent viscosity limited to viscosity ratio of 1.000000e+05 in 793 cells 

 Reversed flow on 744 faces of pressure-outlet 7.

  iter  continuity  x-velocity  y-velocity  z-velocity           k     epsilon  vf-phase-2     time/iter
  1186  3.0501e-01  4.2301e-05  4.6638e-05  4.1542e-05  1.1814e-03  5.9650e-03  1.1211e-03  0:01:57   14

 turbulent viscosity limited to viscosity ratio of 1.000000e+05 in 793 cells 

 Reversed flow on 742 faces of pressure-outlet 7.
  1187  3.0527e-01  4.2360e-05  4.6674e-05  4.1528e-05  1.1809e-03  5.1803e-03  1.1218e-03  0:01:50   13

 turbulent viscosity limited to viscosity ratio of 1.000000e+05 in 793 cells 

 Reversed flow on 741 faces of pressure-outlet 7.
  1188  3.0560e-01  4.2418e-05  4.6706e-05  4.1520e-05  1.1829e-03  6.1431e-03  1.1226e-03  0:01:43   12

 turbulent viscosity limited to viscosity ratio of 1.000000e+05 in 793 cells 

 Reversed flow on 741 faces of pressure-outlet 7.
  1189  3.0633e-01  4.2477e-05  4.6749e-05  4.1513e-05  1.1810e-03  4.5086e-03  1.1234e-03  0:01:33   11

 turbulent viscosity limited to viscosity ratio of 1.000000e+05 in 793 cells 

 Reversed flow on 724 faces of pressure-outlet 7.
  1190  3.0676e-01  4.2534e-05  4.6774e-05  4.1503e-05  1.1832e-03  5.3527e-03  1.1241e-03  0:01:26   10

 turbulent viscosity limited to viscosity ratio of 1.000000e+05 in 793 cells 

 Reversed flow on 745 faces of pressure-outlet 7.
  1191  3.0707e-01  4.2604e-05  4.6819e-05  4.1478e-05  1.1841e-03  5.6308e-03  1.1249e-03  0:01:18    9

 turbulent viscosity limited to viscosity ratio of 1.000000e+05 in 794 cells 

 Reversed flow on 751 faces of pressure-outlet 7.
  1192  3.0723e-01  4.2666e-05  4.6880e-05  4.1454e-05  1.1833e-03  5.0889e-03  1.1256e-03  0:01:08    8

 turbulent viscosity limited to viscosity ratio of 1.000000e+05 in 794 cells 

 Reversed flow on 751 faces of pressure-outlet 7.
  1193  3.0739e-01  4.2720e-05  4.6919e-05  4.1451e-05  1.1832e-03  4.9443e-03  1.1263e-03  0:01:00    7

 turbulent viscosity limited to viscosity ratio of 1.000000e+05 in 794 cells 

 Reversed flow on 753 faces of pressure-outlet 7.
  1194  3.0771e-01  4.2764e-05  4.6963e-05  4.1428e-05  1.1823e-03  4.6387e-03  1.1270e-03  0:00:52    6

 turbulent viscosity limited to viscosity ratio of 1.000000e+05 in 793 cells 

 Reversed flow on 747 faces of pressure-outlet 7.
  1195  3.0797e-01  4.2806e-05  4.7012e-05  4.1432e-05  1.1839e-03  4.7953e-03  1.1277e-03  0:00:43    5

 turbulent viscosity limited to viscosity ratio of 1.000000e+05 in 793 cells 

 Reversed flow on 746 faces of pressure-outlet 7.
  1196  3.0823e-01  4.2840e-05  4.7039e-05  4.1443e-05  1.1838e-03  4.8391e-03  1.1283e-03  0:00:35    4

 turbulent viscosity limited to viscosity ratio of 1.000000e+05 in 793 cells 

 Reversed flow on 737 faces of pressure-outlet 7.

  iter  continuity  x-velocity  y-velocity  z-velocity           k     epsilon  vf-phase-2     time/iter
  1197  3.0885e-01  4.2880e-05  4.7067e-05  4.1439e-05  1.1841e-03  4.5925e-03  1.1288e-03  0:00:26    3

 turbulent viscosity limited to viscosity ratio of 1.000000e+05 in 793 cells 

 Reversed flow on 748 faces of pressure-outlet 7.
  1198  3.0894e-01  4.2922e-05  4.7091e-05  4.1435e-05  1.1846e-03  5.0498e-03  1.1293e-03  0:00:17    2

 turbulent viscosity limited to viscosity ratio of 1.000000e+05 in 793 cells 

 Reversed flow on 749 faces of pressure-outlet 7.
  1199  3.0924e-01  4.2959e-05  4.7119e-05  4.1432e-05  1.1852e-03  5.3379e-03  1.1298e-03  0:00:09    1

iterate_275: RPC returned
progress: 275/575
 turbulent viscosity limited to viscosity ratio of 1.000000e+05 in 793 cells 

 Reversed flow on 740 faces of pressure-outlet 7.
  1200  3.0932e-01  4.2994e-05  4.7148e-05  4.1445e-05  1.1867e-03  5.2875e-03  1.1302e-03  0:00:00    0

  iter  continuity  x-velocity  y-velocity  z-velocity           k     epsilon  vf-phase-2     time/iter
  1200  3.0932e-01  4.2994e-05  4.7148e-05  4.1445e-05  1.1867e-03  5.2875e-03  1.1302e-03  0:03:38   25

 turbulent viscosity limited to viscosity ratio of 1.000000e+05 in 793 cells 

 Reversed flow on 735 faces of pressure-outlet 7.
  1201  3.0939e-01  4.3010e-05  4.7164e-05  4.1430e-05  1.1862e-03  5.4601e-03  1.1306e-03  0:03:31   24

 turbulent viscosity limited to viscosity ratio of 1.000000e+05 in 793 cells 

 Reversed flow on 750 faces of pressure-outlet 7.
  1202  3.0907e-01  4.3024e-05  4.7189e-05  4.1417e-05  1.1866e-03  5.4670e-03  1.1309e-03  0:03:23   23

 turbulent viscosity limited to viscosity ratio of 1.000000e+05 in 793 cells 

 Reversed flow on 762 faces of pressure-outlet 7.
  1203  3.0881e-01  4.3029e-05  4.7210e-05  4.1410e-05  1.1844e-03  5.2253e-03  1.1311e-03  0:03:11   22

 turbulent viscosity limited to viscosity ratio of 1.000000e+05 in 793 cells 

 Reversed flow on 763 faces of pressure-outlet 7.
  1204  3.0871e-01  4.3026e-05  4.7224e-05  4.1398e-05  1.1865e-03  6.7500e-03  1.1313e-03  0:03:03   21

 turbulent viscosity limited to viscosity ratio of 1.000000e+05 in 793 cells 

 Reversed flow on 754 faces of pressure-outlet 7.
  1205  3.0873e-01  4.3028e-05  4.7243e-05  4.1384e-05  1.1839e-03  5.4268e-03  1.1314e-03  0:02:56   20

 turbulent viscosity limited to viscosity ratio of 1.000000e+05 in 794 cells 

 Reversed flow on 761 faces of pressure-outlet 7.
  1206  3.0854e-01  4.3027e-05  4.7253e-05  4.1368e-05  1.1846e-03  5.9373e-03  1.1315e-03  0:02:44   19

 turbulent viscosity limited to viscosity ratio of 1.000000e+05 in 794 cells 

 Reversed flow on 765 faces of pressure-outlet 7.
  1207  3.0836e-01  4.3003e-05  4.7261e-05  4.1366e-05  1.1815e-03  4.6294e-03  1.1316e-03  0:02:37   18

 turbulent viscosity limited to viscosity ratio of 1.000000e+05 in 794 cells 

 Reversed flow on 754 faces of pressure-outlet 7.
  1208  3.0827e-01  4.2975e-05  4.7261e-05  4.1355e-05  1.1799e-03  4.3480e-03  1.1316e-03  0:02:29   17

 turbulent viscosity limited to viscosity ratio of 1.000000e+05 in 793 cells 

 Reversed flow on 756 faces of pressure-outlet 7.
  1209  3.0809e-01  4.2940e-05  4.7260e-05  4.1359e-05  1.1790e-03  4.0913e-03  1.1316e-03  0:02:18   16

 turbulent viscosity limited to viscosity ratio of 1.000000e+05 in 793 cells 

 Reversed flow on 757 faces of pressure-outlet 7.
  1210  3.0817e-01  4.2920e-05  4.7267e-05  4.1372e-05  1.1794e-03  4.5723e-03  1.1316e-03  0:02:10   15

 turbulent viscosity limited to viscosity ratio of 1.000000e+05 in 793 cells 

 Reversed flow on 756 faces of pressure-outlet 7.

  iter  continuity  x-velocity  y-velocity  z-velocity           k     epsilon  vf-phase-2     time/iter
  1211  3.0807e-01  4.2897e-05  4.7276e-05  4.1374e-05  1.1787e-03  4.4839e-03  1.1315e-03  0:02:02   14

 turbulent viscosity limited to viscosity ratio of 1.000000e+05 in 793 cells 

 Reversed flow on 757 faces of pressure-outlet 7.
  1212  3.0767e-01  4.2872e-05  4.7269e-05  4.1381e-05  1.1811e-03  5.0103e-03  1.1314e-03  0:01:52   13

 turbulent viscosity limited to viscosity ratio of 1.000000e+05 in 792 cells 

 Reversed flow on 759 faces of pressure-outlet 7.
  1213  3.0772e-01  4.2846e-05  4.7260e-05  4.1381e-05  1.1805e-03  4.9249e-03  1.1314e-03  0:01:44   12

 turbulent viscosity limited to viscosity ratio of 1.000000e+05 in 792 cells 

 Reversed flow on 761 faces of pressure-outlet 7.
  1214  3.0736e-01  4.2794e-05  4.7255e-05  4.1383e-05  1.1790e-03  4.6492e-03  1.1313e-03  0:01:34   11

 turbulent viscosity limited to viscosity ratio of 1.000000e+05 in 791 cells 

 Reversed flow on 756 faces of pressure-outlet 7.
  1215  3.0709e-01  4.2744e-05  4.7242e-05  4.1387e-05  1.1778e-03  4.4863e-03  1.1313e-03  0:01:24   10

 turbulent viscosity limited to viscosity ratio of 1.000000e+05 in 791 cells 

 Reversed flow on 751 faces of pressure-outlet 7.
  1216  3.0673e-01  4.2695e-05  4.7232e-05  4.1411e-05  1.1795e-03  5.7285e-03  1.1313e-03  0:01:17    9

 turbulent viscosity limited to viscosity ratio of 1.000000e+05 in 791 cells 

 Reversed flow on 762 faces of pressure-outlet 7.
  1217  3.0656e-01  4.2638e-05  4.7216e-05  4.1419e-05  1.1777e-03  4.9480e-03  1.1313e-03  0:01:08    8

 turbulent viscosity limited to viscosity ratio of 1.000000e+05 in 792 cells 

 Reversed flow on 766 faces of pressure-outlet 7.
  1218  3.0644e-01  4.2568e-05  4.7190e-05  4.1416e-05  1.1777e-03  4.8304e-03  1.1314e-03  0:00:58    7

 turbulent viscosity limited to viscosity ratio of 1.000000e+05 in 793 cells 

 Reversed flow on 764 faces of pressure-outlet 7.
  1219  3.0618e-01  4.2493e-05  4.7169e-05  4.1434e-05  1.1765e-03  4.5009e-03  1.1315e-03  0:00:51    6

 turbulent viscosity limited to viscosity ratio of 1.000000e+05 in 792 cells 

 Reversed flow on 763 faces of pressure-outlet 7.
  1220  3.0600e-01  4.2433e-05  4.7156e-05  4.1459e-05  1.1741e-03  4.3105e-03  1.1315e-03  0:00:42    5

 turbulent viscosity limited to viscosity ratio of 1.000000e+05 in 792 cells 

 Reversed flow on 767 faces of pressure-outlet 7.
  1221  3.0571e-01  4.2373e-05  4.7135e-05  4.1462e-05  1.1739e-03  4.4218e-03  1.1316e-03  0:00:34    4

 turbulent viscosity limited to viscosity ratio of 1.000000e+05 in 792 cells 

 Reversed flow on 761 faces of pressure-outlet 7.

  iter  continuity  x-velocity  y-velocity  z-velocity           k     epsilon  vf-phase-2     time/iter
  1222  3.0544e-01  4.2317e-05  4.7101e-05  4.1467e-05  1.1726e-03  4.4555e-03  1.1317e-03  0:00:25    3

 turbulent viscosity limited to viscosity ratio of 1.000000e+05 in 792 cells 

 Reversed flow on 765 faces of pressure-outlet 7.
  1223  3.0521e-01  4.2247e-05  4.7062e-05  4.1470e-05  1.1706e-03  4.2372e-03  1.1318e-03  0:00:17    2

 turbulent viscosity limited to viscosity ratio of 1.000000e+05 in 792 cells 

 Reversed flow on 766 faces of pressure-outlet 7.
  1224  3.0520e-01  4.2176e-05  4.7027e-05  4.1485e-05  1.1688e-03  4.1650e-03  1.1319e-03  0:00:08    1

iterate_300: RPC returned
progress: 300/575

=== autosave_300 ===
 turbulent viscosity limited to viscosity ratio of 1.000000e+05 in 792 cells 

 Reversed flow on 759 faces of pressure-outlet 7.
  1225  3.0473e-01  4.2095e-05  4.6998e-05  4.1481e-05  1.1664e-03  3.9599e-03  1.1320e-03  0:00:00    0

Writing to EN439159:"C:\Users\qtra338\Documents\enthalpy_sweep_verified_20260721_v2\case_1_1600_25pct_1500iter_recovered_from_925_autosave_iter300.cas.h5" in NODE0 mode and compression level 1 ...
Grouping cells for Laplace smoothing ...
     5578299 cells,     1 zone  ...
    11355491 faces,     5 zones ...
     1026091 nodes,     1 zone  ...
  Done.
Done.
write_case_autosave_300: OK

Writing to EN439159:"C:\Users\qtra338\Documents\enthalpy_sweep_verified_20260721_v2\case_1_1600_25pct_1500iter_recovered_from_925_autosave_iter300.dat.h5" in NODE0 mode and compression level 1 ...
  Writing results.
Done.
write_data_autosave_300: OK
saved_pair_autosave_300: VERIFIED

  iter  continuity  x-velocity  y-velocity  z-velocity           k     epsilon  vf-phase-2     time/iter
  1225  3.0473e-01  4.2095e-05  4.6998e-05  4.1481e-05  1.1664e-03  3.9599e-03  1.1320e-03  0:03:28   25

 turbulent viscosity limited to viscosity ratio of 1.000000e+05 in 792 cells 

 Reversed flow on 766 faces of pressure-outlet 7.
  1226  3.0438e-01  4.2017e-05  4.6972e-05  4.1493e-05  1.1649e-03  3.9318e-03  1.1322e-03  0:03:23   24

 turbulent viscosity limited to viscosity ratio of 1.000000e+05 in 792 cells 

 Reversed flow on 768 faces of pressure-outlet 7.
  1227  3.0402e-01  4.1946e-05  4.6933e-05  4.1488e-05  1.1653e-03  4.6231e-03  1.1324e-03  0:03:17   23

 turbulent viscosity limited to viscosity ratio of 1.000000e+05 in 792 cells 

 Reversed flow on 766 faces of pressure-outlet 7.
  1228  3.0371e-01  4.1885e-05  4.6904e-05  4.1505e-05  1.1655e-03  5.5741e-03  1.1326e-03  0:03:06   22

 turbulent viscosity limited to viscosity ratio of 1.000000e+05 in 792 cells 

 Reversed flow on 765 faces of pressure-outlet 7.
  1229  3.0370e-01  4.1821e-05  4.6874e-05  4.1503e-05  1.1648e-03  5.2310e-03  1.1328e-03  0:02:56   21

 turbulent viscosity limited to viscosity ratio of 1.000000e+05 in 793 cells 

 Reversed flow on 771 faces of pressure-outlet 7.
  1230  3.0319e-01  4.1757e-05  4.6839e-05  4.1491e-05  1.1637e-03  5.1189e-03  1.1331e-03  0:02:50   20

 turbulent viscosity limited to viscosity ratio of 1.000000e+05 in 793 cells 

 Reversed flow on 772 faces of pressure-outlet 7.
  1231  3.0273e-01  4.1701e-05  4.6798e-05  4.1484e-05  1.1604e-03  4.6808e-03  1.1334e-03  0:02:40   19

 turbulent viscosity limited to viscosity ratio of 1.000000e+05 in 793 cells 

 Reversed flow on 768 faces of pressure-outlet 7.
  1232  3.0241e-01  4.1646e-05  4.6765e-05  4.1471e-05  1.1587e-03  4.6598e-03  1.1338e-03  0:02:33   18

 turbulent viscosity limited to viscosity ratio of 1.000000e+05 in 793 cells 

 Reversed flow on 774 faces of pressure-outlet 7.
  1233  3.0213e-01  4.1579e-05  4.6731e-05  4.1452e-05  1.1560e-03  4.1742e-03  1.1343e-03  0:02:23   17

 turbulent viscosity limited to viscosity ratio of 1.000000e+05 in 793 cells 

 Reversed flow on 773 faces of pressure-outlet 7.
  1234  3.0180e-01  4.1516e-05  4.6689e-05  4.1433e-05  1.1542e-03  3.9214e-03  1.1349e-03  0:02:13   16

 turbulent viscosity limited to viscosity ratio of 1.000000e+05 in 792 cells 

 Reversed flow on 772 faces of pressure-outlet 7.
  1235  3.0166e-01  4.1463e-05  4.6646e-05  4.1433e-05  1.1539e-03  4.2076e-03  1.1356e-03  0:02:07   15

 turbulent viscosity limited to viscosity ratio of 1.000000e+05 in 792 cells 

 Reversed flow on 769 faces of pressure-outlet 7.

  iter  continuity  x-velocity  y-velocity  z-velocity           k     epsilon  vf-phase-2     time/iter
  1236  3.0132e-01  4.1413e-05  4.6601e-05  4.1443e-05  1.1532e-03  4.4537e-03  1.1363e-03  0:01:57   14

 turbulent viscosity limited to viscosity ratio of 1.000000e+05 in 791 cells 

 Reversed flow on 776 faces of pressure-outlet 7.
  1237  3.0142e-01  4.1374e-05  4.6565e-05  4.1422e-05  1.1525e-03  4.8854e-03  1.1370e-03  0:01:48   13

 turbulent viscosity limited to viscosity ratio of 1.000000e+05 in 791 cells 

 Reversed flow on 777 faces of pressure-outlet 7.
  1238  3.0136e-01  4.1355e-05  4.6516e-05  4.1408e-05  1.1521e-03  4.7825e-03  1.1378e-03  0:01:41   12

 turbulent viscosity limited to viscosity ratio of 1.000000e+05 in 791 cells 

 Reversed flow on 776 faces of pressure-outlet 7.
  1239  3.0151e-01  4.1311e-05  4.6484e-05  4.1391e-05  1.1512e-03  5.0821e-03  1.1386e-03  0:01:32   11

 turbulent viscosity limited to viscosity ratio of 1.000000e+05 in 790 cells 

 Reversed flow on 773 faces of pressure-outlet 7.
  1240  3.0123e-01  4.1265e-05  4.6447e-05  4.1379e-05  1.1489e-03  4.8340e-03  1.1394e-03  0:01:23   10

 turbulent viscosity limited to viscosity ratio of 1.000000e+05 in 790 cells 

 Reversed flow on 772 faces of pressure-outlet 7.
  1241  3.0113e-01  4.1224e-05  4.6426e-05  4.1357e-05  1.1498e-03  5.7502e-03  1.1402e-03  0:01:16    9

 turbulent viscosity limited to viscosity ratio of 1.000000e+05 in 789 cells 

 Reversed flow on 774 faces of pressure-outlet 7.
  1242  3.0097e-01  4.1189e-05  4.6408e-05  4.1346e-05  1.1486e-03  5.1417e-03  1.1411e-03  0:01:07    8

 turbulent viscosity limited to viscosity ratio of 1.000000e+05 in 790 cells 

 Reversed flow on 777 faces of pressure-outlet 7.
  1243  3.0069e-01  4.1144e-05  4.6371e-05  4.1322e-05  1.1463e-03  4.9750e-03  1.1420e-03  0:00:58    7

 turbulent viscosity limited to viscosity ratio of 1.000000e+05 in 790 cells 

 Reversed flow on 770 faces of pressure-outlet 7.
  1244  3.0025e-01  4.1105e-05  4.6333e-05  4.1316e-05  1.1467e-03  4.9462e-03  1.1429e-03  0:00:51    6

 turbulent viscosity limited to viscosity ratio of 1.000000e+05 in 790 cells 

 Reversed flow on 760 faces of pressure-outlet 7.
  1245  3.0022e-01  4.1080e-05  4.6291e-05  4.1309e-05  1.1445e-03  4.7904e-03  1.1438e-03  0:00:42    5

 turbulent viscosity limited to viscosity ratio of 1.000000e+05 in 790 cells 

 Reversed flow on 770 faces of pressure-outlet 7.
  1246  3.0013e-01  4.1054e-05  4.6257e-05  4.1286e-05  1.1417e-03  4.3844e-03  1.1447e-03  0:00:34    4

 turbulent viscosity limited to viscosity ratio of 1.000000e+05 in 790 cells 

 Reversed flow on 776 faces of pressure-outlet 7.

  iter  continuity  x-velocity  y-velocity  z-velocity           k     epsilon  vf-phase-2     time/iter
  1247  2.9971e-01  4.1022e-05  4.6237e-05  4.1257e-05  1.1404e-03  4.3005e-03  1.1455e-03  0:00:25    3

 turbulent viscosity limited to viscosity ratio of 1.000000e+05 in 790 cells 

 Reversed flow on 772 faces of pressure-outlet 7.
  1248  2.9957e-01  4.0988e-05  4.6205e-05  4.1242e-05  1.1384e-03  3.9028e-03  1.1462e-03  0:00:17    2

 turbulent viscosity limited to viscosity ratio of 1.000000e+05 in 790 cells 

 Reversed flow on 769 faces of pressure-outlet 7.
  1249  2.9929e-01  4.0958e-05  4.6182e-05  4.1225e-05  1.1399e-03  4.6073e-03  1.1468e-03  0:00:08    1

 turbulent viscosity limited to viscosity ratio of 1.000000e+05 in 790 cells 

 Reversed flow on 766 faces of pressure-outlet 7.
  1250  2.9892e-01  4.0940e-05  4.6160e-05  4.1216e-05  1.1388e-03  4.7105e-03  1.1475e-03  0:00:00    0
iterate_325: RPC returned
progress: 325/575

  iter  continuity  x-velocity  y-velocity  z-velocity           k     epsilon  vf-phase-2     time/iter
  1250  2.9892e-01  4.0940e-05  4.6160e-05  4.1216e-05  1.1388e-03  4.7105e-03  1.1475e-03  0:03:33   25

 turbulent viscosity limited to viscosity ratio of 1.000000e+05 in 790 cells 

 Reversed flow on 767 faces of pressure-outlet 7.
  1251  2.9880e-01  4.0920e-05  4.6156e-05  4.1193e-05  1.1393e-03  5.5104e-03  1.1482e-03  0:03:27   24

 turbulent viscosity limited to viscosity ratio of 1.000000e+05 in 790 cells 

 Reversed flow on 771 faces of pressure-outlet 7.
  1252  2.9861e-01  4.0891e-05  4.6144e-05  4.1177e-05  1.1381e-03  4.8302e-03  1.1488e-03  0:03:15   23

 turbulent viscosity limited to viscosity ratio of 1.000000e+05 in 790 cells 

 Reversed flow on 772 faces of pressure-outlet 7.
  1253  2.9843e-01  4.0872e-05  4.6147e-05  4.1160e-05  1.1370e-03  4.6280e-03  1.1494e-03  0:03:09   22

 turbulent viscosity limited to viscosity ratio of 1.000000e+05 in 790 cells 

 Reversed flow on 761 faces of pressure-outlet 7.
  1254  2.9815e-01  4.0838e-05  4.6142e-05  4.1146e-05  1.1357e-03  4.7341e-03  1.1500e-03  0:02:58   21

 turbulent viscosity limited to viscosity ratio of 1.000000e+05 in 790 cells 

 Reversed flow on 773 faces of pressure-outlet 7.
  1255  2.9812e-01  4.0813e-05  4.6161e-05  4.1121e-05  1.1349e-03  4.7945e-03  1.1506e-03  0:02:52   20

 turbulent viscosity limited to viscosity ratio of 1.000000e+05 in 790 cells 

 Reversed flow on 774 faces of pressure-outlet 7.
  1256  2.9814e-01  4.0789e-05  4.6174e-05  4.1091e-05  1.1362e-03  5.7172e-03  1.1512e-03  0:02:41   19

 turbulent viscosity limited to viscosity ratio of 1.000000e+05 in 790 cells 

 Reversed flow on 774 faces of pressure-outlet 7.
  1257  2.9809e-01  4.0744e-05  4.6184e-05  4.1084e-05  1.1342e-03  5.0228e-03  1.1519e-03  0:02:31   18

 turbulent viscosity limited to viscosity ratio of 1.000000e+05 in 790 cells 

 Reversed flow on 777 faces of pressure-outlet 7.
  1258  2.9809e-01  4.0706e-05  4.6193e-05  4.1069e-05  1.1357e-03  5.1438e-03  1.1525e-03  0:02:24   17

 turbulent viscosity limited to viscosity ratio of 1.000000e+05 in 790 cells 

 Reversed flow on 773 faces of pressure-outlet 7.
  1259  2.9838e-01  4.0699e-05  4.6230e-05  4.1066e-05  1.1315e-03  4.2074e-03  1.1533e-03  0:02:14   16

 turbulent viscosity limited to viscosity ratio of 1.000000e+05 in 790 cells 

 Reversed flow on 767 faces of pressure-outlet 7.
  1260  2.9829e-01  4.0685e-05  4.6244e-05  4.1055e-05  1.1329e-03  5.4123e-03  1.1540e-03  0:02:05   15

 turbulent viscosity limited to viscosity ratio of 1.000000e+05 in 790 cells 

 Reversed flow on 771 faces of pressure-outlet 7.

  iter  continuity  x-velocity  y-velocity  z-velocity           k     epsilon  vf-phase-2     time/iter
  1261  2.9826e-01  4.0661e-05  4.6274e-05  4.1051e-05  1.1304e-03  4.4833e-03  1.1548e-03  0:01:58   14

 turbulent viscosity limited to viscosity ratio of 1.000000e+05 in 790 cells 

 Reversed flow on 772 faces of pressure-outlet 7.
  1262  2.9831e-01  4.0637e-05  4.6306e-05  4.1039e-05  1.1303e-03  4.7458e-03  1.1555e-03  0:01:49   13

 turbulent viscosity limited to viscosity ratio of 1.000000e+05 in 790 cells 

 Reversed flow on 783 faces of pressure-outlet 7.
  1263  2.9853e-01  4.0618e-05  4.6353e-05  4.1039e-05  1.1311e-03  4.6327e-03  1.1563e-03  0:01:39   12

 turbulent viscosity limited to viscosity ratio of 1.000000e+05 in 790 cells 

 Reversed flow on 778 faces of pressure-outlet 7.
  1264  2.9887e-01  4.0606e-05  4.6412e-05  4.1030e-05  1.1309e-03  4.7322e-03  1.1570e-03  0:01:33   11

 turbulent viscosity limited to viscosity ratio of 1.000000e+05 in 790 cells 

 Reversed flow on 772 faces of pressure-outlet 7.
  1265  2.9889e-01  4.0596e-05  4.6462e-05  4.1035e-05  1.1303e-03  4.5816e-03  1.1577e-03  0:01:23   10

 turbulent viscosity limited to viscosity ratio of 1.000000e+05 in 790 cells 

 Reversed flow on 772 faces of pressure-outlet 7.
  1266  2.9908e-01  4.0577e-05  4.6505e-05  4.1041e-05  1.1303e-03  4.6774e-03  1.1585e-03  0:01:16    9

 turbulent viscosity limited to viscosity ratio of 1.000000e+05 in 789 cells 

 Reversed flow on 773 faces of pressure-outlet 7.
  1267  2.9930e-01  4.0561e-05  4.6549e-05  4.1057e-05  1.1318e-03  5.9107e-03  1.1590e-03  0:01:07    8

 turbulent viscosity limited to viscosity ratio of 1.000000e+05 in 788 cells 

 Reversed flow on 780 faces of pressure-outlet 7.
  1268  2.9934e-01  4.0560e-05  4.6599e-05  4.1075e-05  1.1321e-03  5.4723e-03  1.1596e-03  0:00:58    7

 turbulent viscosity limited to viscosity ratio of 1.000000e+05 in 789 cells 

 Reversed flow on 777 faces of pressure-outlet 7.
  1269  2.9986e-01  4.0545e-05  4.6663e-05  4.1090e-05  1.1328e-03  5.5982e-03  1.1602e-03  0:00:51    6

 turbulent viscosity limited to viscosity ratio of 1.000000e+05 in 789 cells 

 Reversed flow on 783 faces of pressure-outlet 7.
  1270  3.0021e-01  4.0536e-05  4.6729e-05  4.1113e-05  1.1304e-03  4.8697e-03  1.1607e-03  0:00:42    5

 turbulent viscosity limited to viscosity ratio of 1.000000e+05 in 789 cells 

 Reversed flow on 788 faces of pressure-outlet 7.
  1271  3.0024e-01  4.0532e-05  4.6800e-05  4.1121e-05  1.1291e-03  4.5798e-03  1.1613e-03  0:00:33    4

 turbulent viscosity limited to viscosity ratio of 1.000000e+05 in 789 cells 

 Reversed flow on 788 faces of pressure-outlet 7.

  iter  continuity  x-velocity  y-velocity  z-velocity           k     epsilon  vf-phase-2     time/iter
  1272  3.0090e-01  4.0527e-05  4.6879e-05  4.1134e-05  1.1294e-03  4.6198e-03  1.1618e-03  0:00:25    3

 turbulent viscosity limited to viscosity ratio of 1.000000e+05 in 789 cells 

 Reversed flow on 788 faces of pressure-outlet 7.
  1273  3.0110e-01  4.0530e-05  4.6954e-05  4.1151e-05  1.1289e-03  4.3085e-03  1.1624e-03  0:00:17    2

 turbulent viscosity limited to viscosity ratio of 1.000000e+05 in 789 cells 

 Reversed flow on 779 faces of pressure-outlet 7.
  1274  3.0121e-01  4.0528e-05  4.7040e-05  4.1172e-05  1.1282e-03  4.0054e-03  1.1628e-03  0:00:08    1

 turbulent viscosity limited to viscosity ratio of 1.000000e+05 in 789 cells 

 Reversed flow on 773 faces of pressure-outlet 7.
  1275  3.0128e-01  4.0534e-05  4.7124e-05  4.1190e-05  1.1304e-03  4.3006e-03  1.1631e-03  0:00:00    0
iterate_350: RPC returned
progress: 350/575

  iter  continuity  x-velocity  y-velocity  z-velocity           k     epsilon  vf-phase-2     time/iter
  1275  3.0128e-01  4.0534e-05  4.7124e-05  4.1190e-05  1.1304e-03  4.3006e-03  1.1631e-03  0:03:30   25

 turbulent viscosity limited to viscosity ratio of 1.000000e+05 in 789 cells 

 Reversed flow on 781 faces of pressure-outlet 7.
  1276  3.0171e-01  4.0549e-05  4.7211e-05  4.1214e-05  1.1331e-03  5.4572e-03  1.1635e-03  0:03:25   24

 turbulent viscosity limited to viscosity ratio of 1.000000e+05 in 789 cells 

 Reversed flow on 779 faces of pressure-outlet 7.
  1277  3.0225e-01  4.0574e-05  4.7299e-05  4.1243e-05  1.1328e-03  4.3417e-03  1.1639e-03  0:03:18   23

 turbulent viscosity limited to viscosity ratio of 1.000000e+05 in 788 cells 

 Reversed flow on 778 faces of pressure-outlet 7.
  1278  3.0281e-01  4.0586e-05  4.7386e-05  4.1271e-05  1.1333e-03  4.3520e-03  1.1644e-03  0:03:07   22

 turbulent viscosity limited to viscosity ratio of 1.000000e+05 in 787 cells 

 Reversed flow on 778 faces of pressure-outlet 7.
  1279  3.0300e-01  4.0607e-05  4.7479e-05  4.1305e-05  1.1362e-03  4.6815e-03  1.1648e-03  0:02:56   21

 turbulent viscosity limited to viscosity ratio of 1.000000e+05 in 787 cells 

 Reversed flow on 776 faces of pressure-outlet 7.
  1280  3.0360e-01  4.0643e-05  4.7569e-05  4.1350e-05  1.1393e-03  6.0549e-03  1.1653e-03  0:02:50   20

 turbulent viscosity limited to viscosity ratio of 1.000000e+05 in 787 cells 

 Reversed flow on 782 faces of pressure-outlet 7.
  1281  3.0404e-01  4.0680e-05  4.7680e-05  4.1372e-05  1.1395e-03  5.4474e-03  1.1657e-03  0:02:40   19

 turbulent viscosity limited to viscosity ratio of 1.000000e+05 in 787 cells 

 Reversed flow on 777 faces of pressure-outlet 7.
  1282  3.0450e-01  4.0709e-05  4.7787e-05  4.1400e-05  1.1448e-03  5.8827e-03  1.1661e-03  0:02:30   18

 turbulent viscosity limited to viscosity ratio of 1.000000e+05 in 788 cells 

 Reversed flow on 776 faces of pressure-outlet 7.
  1283  3.0516e-01  4.0758e-05  4.7905e-05  4.1449e-05  1.1447e-03  5.6180e-03  1.1664e-03  0:02:24   17

 turbulent viscosity limited to viscosity ratio of 1.000000e+05 in 788 cells 

 Reversed flow on 772 faces of pressure-outlet 7.
  1284  3.0590e-01  4.0813e-05  4.8021e-05  4.1486e-05  1.1483e-03  6.1342e-03  1.1665e-03  0:02:14   16

 turbulent viscosity limited to viscosity ratio of 1.000000e+05 in 788 cells 

 Reversed flow on 774 faces of pressure-outlet 7.
  1285  3.0655e-01  4.0871e-05  4.8149e-05  4.1540e-05  1.1509e-03  6.1013e-03  1.1666e-03  0:02:04   15

 turbulent viscosity limited to viscosity ratio of 1.000000e+05 in 788 cells 

 Reversed flow on 789 faces of pressure-outlet 7.

  iter  continuity  x-velocity  y-velocity  z-velocity           k     epsilon  vf-phase-2     time/iter
  1286  3.0696e-01  4.0912e-05  4.8261e-05  4.1588e-05  1.1541e-03  5.7468e-03  1.1667e-03  0:01:58   14

 turbulent viscosity limited to viscosity ratio of 1.000000e+05 in 788 cells 

 Reversed flow on 789 faces of pressure-outlet 7.
  1287  3.0728e-01  4.0956e-05  4.8358e-05  4.1654e-05  1.1539e-03  5.0514e-03  1.1667e-03  0:01:49   13

 turbulent viscosity limited to viscosity ratio of 1.000000e+05 in 789 cells 

 Reversed flow on 792 faces of pressure-outlet 7.
  1288  3.0801e-01  4.1008e-05  4.8446e-05  4.1706e-05  1.1561e-03  4.8892e-03  1.1668e-03  0:01:39   12

 turbulent viscosity limited to viscosity ratio of 1.000000e+05 in 788 cells 

 Reversed flow on 788 faces of pressure-outlet 7.
  1289  3.0850e-01  4.1061e-05  4.8545e-05  4.1769e-05  1.1584e-03  4.6686e-03  1.1669e-03  0:01:33   11

 turbulent viscosity limited to viscosity ratio of 1.000000e+05 in 788 cells 

 Reversed flow on 780 faces of pressure-outlet 7.
  1290  3.0892e-01  4.1114e-05  4.8651e-05  4.1829e-05  1.1611e-03  4.8776e-03  1.1669e-03  0:01:23   10

 turbulent viscosity limited to viscosity ratio of 1.000000e+05 in 788 cells 

 Reversed flow on 789 faces of pressure-outlet 7.
  1291  3.0957e-01  4.1177e-05  4.8743e-05  4.1893e-05  1.1633e-03  4.7575e-03  1.1669e-03  0:01:14    9

 turbulent viscosity limited to viscosity ratio of 1.000000e+05 in 787 cells 

 Reversed flow on 781 faces of pressure-outlet 7.
  1292  3.1012e-01  4.1237e-05  4.8846e-05  4.1945e-05  1.1682e-03  6.0601e-03  1.1670e-03  0:01:07    8

 turbulent viscosity limited to viscosity ratio of 1.000000e+05 in 788 cells 

 Reversed flow on 781 faces of pressure-outlet 7.
  1293  3.1059e-01  4.1292e-05  4.8960e-05  4.2002e-05  1.1751e-03  6.0369e-03  1.1671e-03  0:00:58    7

 turbulent viscosity limited to viscosity ratio of 1.000000e+05 in 789 cells 

 Reversed flow on 773 faces of pressure-outlet 7.
  1294  3.1131e-01  4.1372e-05  4.9065e-05  4.2071e-05  1.1744e-03  5.0616e-03  1.1671e-03  0:00:51    6

 turbulent viscosity limited to viscosity ratio of 1.000000e+05 in 789 cells 

 Reversed flow on 777 faces of pressure-outlet 7.
  1295  3.1176e-01  4.1435e-05  4.9172e-05  4.2142e-05  1.1794e-03  5.4536e-03  1.1670e-03  0:00:42    5

 turbulent viscosity limited to viscosity ratio of 1.000000e+05 in 789 cells 

 Reversed flow on 772 faces of pressure-outlet 7.
  1296  3.1246e-01  4.1513e-05  4.9270e-05  4.2213e-05  1.1867e-03  7.6312e-03  1.1668e-03  0:00:33    4

 turbulent viscosity limited to viscosity ratio of 1.000000e+05 in 789 cells 

 Reversed flow on 772 faces of pressure-outlet 7.

  iter  continuity  x-velocity  y-velocity  z-velocity           k     epsilon  vf-phase-2     time/iter
  1297  3.1318e-01  4.1599e-05  4.9370e-05  4.2272e-05  1.1899e-03  6.3876e-03  1.1667e-03  0:00:25    3

 turbulent viscosity limited to viscosity ratio of 1.000000e+05 in 789 cells 

 Reversed flow on 780 faces of pressure-outlet 7.
  1298  3.1384e-01  4.1666e-05  4.9467e-05  4.2313e-05  1.1946e-03  6.5177e-03  1.1665e-03  0:00:17    2

 turbulent viscosity limited to viscosity ratio of 1.000000e+05 in 789 cells 

 Reversed flow on 776 faces of pressure-outlet 7.
  1299  3.1414e-01  4.1739e-05  4.9570e-05  4.2375e-05  1.1969e-03  6.5462e-03  1.1663e-03  0:00:08    1

iterate_375: RPC returned
progress: 375/575
 turbulent viscosity limited to viscosity ratio of 1.000000e+05 in 789 cells 

 Reversed flow on 775 faces of pressure-outlet 7.
  1300  3.1472e-01  4.1818e-05  4.9662e-05  4.2426e-05  1.1996e-03  6.6386e-03  1.1663e-03  0:00:00    0

  iter  continuity  x-velocity  y-velocity  z-velocity           k     epsilon  vf-phase-2     time/iter
  1300  3.1472e-01  4.1818e-05  4.9662e-05  4.2426e-05  1.1996e-03  6.6386e-03  1.1663e-03  0:03:31   25

 turbulent viscosity limited to viscosity ratio of 1.000000e+05 in 788 cells 

 Reversed flow on 779 faces of pressure-outlet 7.
  1301  3.1531e-01  4.1901e-05  4.9754e-05  4.2481e-05  1.2058e-03  6.7004e-03  1.1661e-03  0:03:25   24

 turbulent viscosity limited to viscosity ratio of 1.000000e+05 in 789 cells 

 Reversed flow on 778 faces of pressure-outlet 7.
  1302  3.1552e-01  4.1981e-05  4.9855e-05  4.2548e-05  1.2091e-03  6.5906e-03  1.1659e-03  0:03:14   23

 turbulent viscosity limited to viscosity ratio of 1.000000e+05 in 789 cells 

 Reversed flow on 770 faces of pressure-outlet 7.
  1303  3.1598e-01  4.2056e-05  4.9964e-05  4.2608e-05  1.2103e-03  5.8001e-03  1.1657e-03  0:03:08   22

 turbulent viscosity limited to viscosity ratio of 1.000000e+05 in 788 cells 

 Reversed flow on 775 faces of pressure-outlet 7.
  1304  3.1651e-01  4.2131e-05  5.0069e-05  4.2645e-05  1.2146e-03  6.3501e-03  1.1656e-03  0:02:57   21

 turbulent viscosity limited to viscosity ratio of 1.000000e+05 in 788 cells 

 Reversed flow on 762 faces of pressure-outlet 7.
  1305  3.1695e-01  4.2209e-05  5.0173e-05  4.2690e-05  1.2184e-03  5.6909e-03  1.1654e-03  0:02:47   20

 turbulent viscosity limited to viscosity ratio of 1.000000e+05 in 788 cells 

 Reversed flow on 765 faces of pressure-outlet 7.
  1306  3.1744e-01  4.2292e-05  5.0265e-05  4.2745e-05  1.2239e-03  9.1617e-03  1.1652e-03  0:02:41   19

 turbulent viscosity limited to viscosity ratio of 1.000000e+05 in 788 cells 

 Reversed flow on 766 faces of pressure-outlet 7.
  1307  3.1790e-01  4.2364e-05  5.0362e-05  4.2793e-05  1.2267e-03  8.3741e-03  1.1650e-03  0:02:31   18

 turbulent viscosity limited to viscosity ratio of 1.000000e+05 in 788 cells 

 Reversed flow on 768 faces of pressure-outlet 7.
  1308  3.1814e-01  4.2451e-05  5.0455e-05  4.2837e-05  1.2357e-03  8.8163e-03  1.1648e-03  0:02:21   17

 turbulent viscosity limited to viscosity ratio of 1.000000e+05 in 788 cells 

 Reversed flow on 746 faces of pressure-outlet 7.
  1309  3.1872e-01  4.2539e-05  5.0564e-05  4.2875e-05  1.2356e-03  7.7204e-03  1.1647e-03  0:02:15   16

 turbulent viscosity limited to viscosity ratio of 1.000000e+05 in 788 cells 

 Reversed flow on 754 faces of pressure-outlet 7.
  1310  3.1891e-01  4.2617e-05  5.0665e-05  4.2928e-05  1.2380e-03  7.3796e-03  1.1645e-03  0:02:05   15

 turbulent viscosity limited to viscosity ratio of 1.000000e+05 in 788 cells 

 Reversed flow on 765 faces of pressure-outlet 7.

  iter  continuity  x-velocity  y-velocity  z-velocity           k     epsilon  vf-phase-2     time/iter
  1311  3.1952e-01  4.2686e-05  5.0779e-05  4.2964e-05  1.2383e-03  6.3464e-03  1.1642e-03  0:01:56   14

 turbulent viscosity limited to viscosity ratio of 1.000000e+05 in 788 cells 

 Reversed flow on 756 faces of pressure-outlet 7.
  1312  3.1996e-01  4.2749e-05  5.0893e-05  4.2984e-05  1.2393e-03  5.8681e-03  1.1640e-03  0:01:50   13

 turbulent viscosity limited to viscosity ratio of 1.000000e+05 in 788 cells 

 Reversed flow on 759 faces of pressure-outlet 7.
  1313  3.2007e-01  4.2805e-05  5.1004e-05  4.3009e-05  1.2436e-03  6.6482e-03  1.1638e-03  0:01:40   12

 turbulent viscosity limited to viscosity ratio of 1.000000e+05 in 788 cells 

 Reversed flow on 766 faces of pressure-outlet 7.
  1314  3.2032e-01  4.2869e-05  5.1118e-05  4.3028e-05  1.2468e-03  6.3628e-03  1.1636e-03  0:01:31   11

 turbulent viscosity limited to viscosity ratio of 1.000000e+05 in 788 cells 

 Reversed flow on 760 faces of pressure-outlet 7.
  1315  3.2079e-01  4.2936e-05  5.1249e-05  4.3040e-05  1.2498e-03  6.1907e-03  1.1634e-03  0:01:24   10

 turbulent viscosity limited to viscosity ratio of 1.000000e+05 in 788 cells 

 Reversed flow on 758 faces of pressure-outlet 7.
  1316  3.2052e-01  4.2995e-05  5.1359e-05  4.3061e-05  1.2528e-03  6.4481e-03  1.1631e-03  0:01:15    9

 turbulent viscosity limited to viscosity ratio of 1.000000e+05 in 788 cells 

 Reversed flow on 754 faces of pressure-outlet 7.
  1317  3.2053e-01  4.3046e-05  5.1464e-05  4.3074e-05  1.2580e-03  6.8275e-03  1.1629e-03  0:01:06    8

 turbulent viscosity limited to viscosity ratio of 1.000000e+05 in 787 cells 

 Reversed flow on 759 faces of pressure-outlet 7.
  1318  3.2070e-01  4.3095e-05  5.1576e-05  4.3098e-05  1.2619e-03  7.0922e-03  1.1627e-03  0:00:59    7

 turbulent viscosity limited to viscosity ratio of 1.000000e+05 in 786 cells 

 Reversed flow on 757 faces of pressure-outlet 7.
  1319  3.2099e-01  4.3143e-05  5.1697e-05  4.3113e-05  1.2629e-03  6.6272e-03  1.1625e-03  0:00:50    6

 turbulent viscosity limited to viscosity ratio of 1.000000e+05 in 786 cells 

 Reversed flow on 748 faces of pressure-outlet 7.
  1320  3.2146e-01  4.3191e-05  5.1798e-05  4.3120e-05  1.2647e-03  6.3813e-03  1.1624e-03  0:00:41    5

 turbulent viscosity limited to viscosity ratio of 1.000000e+05 in 786 cells 

 Reversed flow on 760 faces of pressure-outlet 7.
  1321  3.2178e-01  4.3242e-05  5.1913e-05  4.3125e-05  1.2705e-03  9.3460e-03  1.1623e-03  0:00:34    4

 turbulent viscosity limited to viscosity ratio of 1.000000e+05 in 786 cells 

 Reversed flow on 763 faces of pressure-outlet 7.

  iter  continuity  x-velocity  y-velocity  z-velocity           k     epsilon  vf-phase-2     time/iter
  1322  3.2161e-01  4.3279e-05  5.2031e-05  4.3135e-05  1.2716e-03  8.2758e-03  1.1622e-03  0:00:25    3

 turbulent viscosity limited to viscosity ratio of 1.000000e+05 in 785 cells 

 Reversed flow on 768 faces of pressure-outlet 7.
  1323  3.2165e-01  4.3320e-05  5.2141e-05  4.3148e-05  1.2813e-03  8.8953e-03  1.1621e-03  0:00:17    2

 turbulent viscosity limited to viscosity ratio of 1.000000e+05 in 785 cells 

 Reversed flow on 758 faces of pressure-outlet 7.
  1324  3.2162e-01  4.3350e-05  5.2250e-05  4.3149e-05  1.2769e-03  7.2891e-03  1.1621e-03  0:00:08    1

 turbulent viscosity limited to viscosity ratio of 1.000000e+05 in 785 cells 

 Reversed flow on 766 faces of pressure-outlet 7.
  1325  3.2161e-01  4.3385e-05  5.2363e-05  4.3151e-05  1.2786e-03  7.4240e-03  1.1621e-03  0:00:00    0
iterate_400: RPC returned
progress: 400/575

=== autosave_400 ===

Writing to EN439159:"C:\Users\qtra338\Documents\enthalpy_sweep_verified_20260721_v2\case_1_1600_25pct_1500iter_recovered_from_925_autosave_iter400.cas.h5" in NODE0 mode and compression level 1 ...
Grouping cells for Laplace smoothing ...
     5578299 cells,     1 zone  ...
    11355491 faces,     5 zones ...
     1026091 nodes,     1 zone  ...
  Done.
Done.
write_case_autosave_400: OK

Writing to EN439159:"C:\Users\qtra338\Documents\enthalpy_sweep_verified_20260721_v2\case_1_1600_25pct_1500iter_recovered_from_925_autosave_iter400.dat.h5" in NODE0 mode and compression level 1 ...
  Writing results.
Done.
write_data_autosave_400: OK
saved_pair_autosave_400: VERIFIED

  iter  continuity  x-velocity  y-velocity  z-velocity           k     epsilon  vf-phase-2     time/iter
  1325  3.2161e-01  4.3385e-05  5.2363e-05  4.3151e-05  1.2786e-03  7.4240e-03  1.1621e-03  0:03:28   25

 turbulent viscosity limited to viscosity ratio of 1.000000e+05 in 785 cells 

 Reversed flow on 768 faces of pressure-outlet 7.
  1326  3.2165e-01  4.3429e-05  5.2484e-05  4.3159e-05  1.2790e-03  6.0180e-03  1.1623e-03  0:03:23   24

 turbulent viscosity limited to viscosity ratio of 1.000000e+05 in 785 cells 

 Reversed flow on 763 faces of pressure-outlet 7.
  1327  3.2165e-01  4.3460e-05  5.2597e-05  4.3171e-05  1.2832e-03  7.0319e-03  1.1624e-03  0:03:17   23

 turbulent viscosity limited to viscosity ratio of 1.000000e+05 in 785 cells 

 Reversed flow on 765 faces of pressure-outlet 7.
  1328  3.2146e-01  4.3490e-05  5.2709e-05  4.3169e-05  1.2847e-03  6.7483e-03  1.1625e-03  0:03:06   22

 turbulent viscosity limited to viscosity ratio of 1.000000e+05 in 785 cells 

 Reversed flow on 772 faces of pressure-outlet 7.
  1329  3.2154e-01  4.3524e-05  5.2815e-05  4.3169e-05  1.2846e-03  6.3985e-03  1.1625e-03  0:02:56   21

 turbulent viscosity limited to viscosity ratio of 1.000000e+05 in 785 cells 

 Reversed flow on 776 faces of pressure-outlet 7.
  1330  3.2137e-01  4.3548e-05  5.2915e-05  4.3180e-05  1.2861e-03  6.3261e-03  1.1626e-03  0:02:50   20

 turbulent viscosity limited to viscosity ratio of 1.000000e+05 in 785 cells 

 Reversed flow on 766 faces of pressure-outlet 7.
  1331  3.2141e-01  4.3569e-05  5.3032e-05  4.3197e-05  1.2886e-03  6.5702e-03  1.1626e-03  0:02:39   19

 turbulent viscosity limited to viscosity ratio of 1.000000e+05 in 785 cells 

 Reversed flow on 770 faces of pressure-outlet 7.
  1332  3.2142e-01  4.3601e-05  5.3140e-05  4.3187e-05  1.2918e-03  6.9577e-03  1.1628e-03  0:02:30   18

 turbulent viscosity limited to viscosity ratio of 1.000000e+05 in 785 cells 

 Reversed flow on 776 faces of pressure-outlet 7.
  1333  3.2163e-01  4.3632e-05  5.3239e-05  4.3204e-05  1.2928e-03  7.2456e-03  1.1629e-03  0:02:24   17

 turbulent viscosity limited to viscosity ratio of 1.000000e+05 in 786 cells 

 Reversed flow on 777 faces of pressure-outlet 7.
  1334  3.2183e-01  4.3644e-05  5.3349e-05  4.3221e-05  1.2978e-03  9.6322e-03  1.1630e-03  0:02:14   16

 turbulent viscosity limited to viscosity ratio of 1.000000e+05 in 786 cells 

 Reversed flow on 774 faces of pressure-outlet 7.
  1335  3.2193e-01  4.3674e-05  5.3468e-05  4.3237e-05  1.3003e-03  9.6824e-03  1.1631e-03  0:02:07   15

 turbulent viscosity limited to viscosity ratio of 1.000000e+05 in 787 cells 

 Reversed flow on 781 faces of pressure-outlet 7.

  iter  continuity  x-velocity  y-velocity  z-velocity           k     epsilon  vf-phase-2     time/iter
  1336  3.2183e-01  4.3681e-05  5.3577e-05  4.3245e-05  1.3030e-03  8.9028e-03  1.1631e-03  0:01:57   14

 turbulent viscosity limited to viscosity ratio of 1.000000e+05 in 787 cells 

 Reversed flow on 782 faces of pressure-outlet 7.
  1337  3.2187e-01  4.3688e-05  5.3694e-05  4.3252e-05  1.2993e-03  6.8886e-03  1.1631e-03  0:01:48   13

 turbulent viscosity limited to viscosity ratio of 1.000000e+05 in 787 cells 

 Reversed flow on 774 faces of pressure-outlet 7.
  1338  3.2191e-01  4.3699e-05  5.3795e-05  4.3265e-05  1.3002e-03  6.9016e-03  1.1631e-03  0:01:41   12

 turbulent viscosity limited to viscosity ratio of 1.000000e+05 in 787 cells 

 Reversed flow on 778 faces of pressure-outlet 7.
  1339  3.2193e-01  4.3718e-05  5.3906e-05  4.3302e-05  1.3012e-03  6.6039e-03  1.1631e-03  0:01:32   11

 turbulent viscosity limited to viscosity ratio of 1.000000e+05 in 787 cells 

 Reversed flow on 776 faces of pressure-outlet 7.
  1340  3.2212e-01  4.3727e-05  5.4014e-05  4.3319e-05  1.3023e-03  6.6328e-03  1.1632e-03  0:01:23   10

 turbulent viscosity limited to viscosity ratio of 1.000000e+05 in 787 cells 

 Reversed flow on 776 faces of pressure-outlet 7.
  1341  3.2199e-01  4.3730e-05  5.4128e-05  4.3335e-05  1.3059e-03  6.9768e-03  1.1633e-03  0:01:14    9

 turbulent viscosity limited to viscosity ratio of 1.000000e+05 in 787 cells 

 Reversed flow on 779 faces of pressure-outlet 7.
  1342  3.2206e-01  4.3735e-05  5.4247e-05  4.3376e-05  1.3091e-03  6.8750e-03  1.1633e-03  0:01:07    8

 turbulent viscosity limited to viscosity ratio of 1.000000e+05 in 787 cells 

 Reversed flow on 776 faces of pressure-outlet 7.
  1343  3.2232e-01  4.3739e-05  5.4379e-05  4.3422e-05  1.3114e-03  7.0115e-03  1.1633e-03  0:00:58    7

 turbulent viscosity limited to viscosity ratio of 1.000000e+05 in 787 cells 

 Reversed flow on 780 faces of pressure-outlet 7.
  1344  3.2219e-01  4.3732e-05  5.4480e-05  4.3466e-05  1.3139e-03  7.2017e-03  1.1634e-03  0:00:49    6

 turbulent viscosity limited to viscosity ratio of 1.000000e+05 in 787 cells 

 Reversed flow on 769 faces of pressure-outlet 7.
  1345  3.2231e-01  4.3735e-05  5.4591e-05  4.3507e-05  1.3147e-03  6.7580e-03  1.1634e-03  0:00:42    5

 turbulent viscosity limited to viscosity ratio of 1.000000e+05 in 787 cells 

 Reversed flow on 771 faces of pressure-outlet 7.
  1346  3.2208e-01  4.3725e-05  5.4701e-05  4.3538e-05  1.3170e-03  6.5550e-03  1.1635e-03  0:00:33    4

 turbulent viscosity limited to viscosity ratio of 1.000000e+05 in 787 cells 

 Reversed flow on 771 faces of pressure-outlet 7.

  iter  continuity  x-velocity  y-velocity  z-velocity           k     epsilon  vf-phase-2     time/iter
  1347  3.2214e-01  4.3720e-05  5.4826e-05  4.3589e-05  1.3219e-03  6.5849e-03  1.1635e-03  0:00:25    3

 turbulent viscosity limited to viscosity ratio of 1.000000e+05 in 786 cells 

 Reversed flow on 767 faces of pressure-outlet 7.
  1348  3.2248e-01  4.3719e-05  5.4946e-05  4.3648e-05  1.3254e-03  9.1586e-03  1.1635e-03  0:00:17    2

 turbulent viscosity limited to viscosity ratio of 1.000000e+05 in 786 cells 

 Reversed flow on 776 faces of pressure-outlet 7.
  1349  3.2280e-01  4.3709e-05  5.5058e-05  4.3703e-05  1.3324e-03  9.0742e-03  1.1635e-03  0:00:08    1

iterate_425: RPC returned
progress: 425/575
 turbulent viscosity limited to viscosity ratio of 1.000000e+05 in 786 cells 

 Reversed flow on 776 faces of pressure-outlet 7.
  1350  3.2329e-01  4.3713e-05  5.5162e-05  4.3755e-05  1.3331e-03  7.7063e-03  1.1636e-03  0:00:00    0

  iter  continuity  x-velocity  y-velocity  z-velocity           k     epsilon  vf-phase-2     time/iter
  1350  3.2329e-01  4.3713e-05  5.5162e-05  4.3755e-05  1.3331e-03  7.7063e-03  1.1636e-03  0:03:31   25

 turbulent viscosity limited to viscosity ratio of 1.000000e+05 in 786 cells 

 Reversed flow on 765 faces of pressure-outlet 7.
  1351  3.2361e-01  4.3709e-05  5.5278e-05  4.3803e-05  1.3357e-03  8.8075e-03  1.1636e-03  0:03:25   24

 turbulent viscosity limited to viscosity ratio of 1.000000e+05 in 786 cells 

 Reversed flow on 775 faces of pressure-outlet 7.
  1352  3.2375e-01  4.3700e-05  5.5409e-05  4.3849e-05  1.3354e-03  7.9520e-03  1.1636e-03  0:03:14   23

 turbulent viscosity limited to viscosity ratio of 1.000000e+05 in 787 cells 

 Reversed flow on 772 faces of pressure-outlet 7.
  1353  3.2416e-01  4.3701e-05  5.5535e-05  4.3901e-05  1.3369e-03  7.0433e-03  1.1635e-03  0:03:04   22

 turbulent viscosity limited to viscosity ratio of 1.000000e+05 in 787 cells 

 Reversed flow on 776 faces of pressure-outlet 7.
  1354  3.2443e-01  4.3704e-05  5.5650e-05  4.3953e-05  1.3426e-03  6.7822e-03  1.1633e-03  0:02:58   21

 turbulent viscosity limited to viscosity ratio of 1.000000e+05 in 787 cells 

 Reversed flow on 783 faces of pressure-outlet 7.
  1355  3.2447e-01  4.3707e-05  5.5750e-05  4.4013e-05  1.3429e-03  6.9784e-03  1.1631e-03  0:02:48   20

 turbulent viscosity limited to viscosity ratio of 1.000000e+05 in 787 cells 

 Reversed flow on 778 faces of pressure-outlet 7.
  1356  3.2473e-01  4.3687e-05  5.5846e-05  4.4067e-05  1.3461e-03  6.5475e-03  1.1628e-03  0:02:42   19

 turbulent viscosity limited to viscosity ratio of 1.000000e+05 in 787 cells 

 Reversed flow on 774 faces of pressure-outlet 7.
  1357  3.2486e-01  4.3671e-05  5.5941e-05  4.4114e-05  1.3452e-03  6.1294e-03  1.1626e-03  0:02:31   18

 turbulent viscosity limited to viscosity ratio of 1.000000e+05 in 787 cells 

 Reversed flow on 766 faces of pressure-outlet 7.
  1358  3.2509e-01  4.3667e-05  5.6024e-05  4.4152e-05  1.3504e-03  6.6862e-03  1.1623e-03  0:02:22   17

 turbulent viscosity limited to viscosity ratio of 1.000000e+05 in 787 cells 

 Reversed flow on 760 faces of pressure-outlet 7.
  1359  3.2551e-01  4.3652e-05  5.6120e-05  4.4203e-05  1.3517e-03  6.4049e-03  1.1619e-03  0:02:15   16

 turbulent viscosity limited to viscosity ratio of 1.000000e+05 in 787 cells 

 Reversed flow on 763 faces of pressure-outlet 7.
  1360  3.2547e-01  4.3636e-05  5.6200e-05  4.4233e-05  1.3542e-03  6.1899e-03  1.1617e-03  0:02:06   15

 turbulent viscosity limited to viscosity ratio of 1.000000e+05 in 787 cells 

 Reversed flow on 771 faces of pressure-outlet 7.

  iter  continuity  x-velocity  y-velocity  z-velocity           k     epsilon  vf-phase-2     time/iter
  1361  3.2567e-01  4.3613e-05  5.6256e-05  4.4262e-05  1.3584e-03  7.6996e-03  1.1613e-03  0:01:56   14

 turbulent viscosity limited to viscosity ratio of 1.000000e+05 in 786 cells 

 Reversed flow on 779 faces of pressure-outlet 7.
  1362  3.2573e-01  4.3592e-05  5.6314e-05  4.4292e-05  1.3581e-03  7.1348e-03  1.1610e-03  0:01:50   13

 turbulent viscosity limited to viscosity ratio of 1.000000e+05 in 786 cells 

 Reversed flow on 767 faces of pressure-outlet 7.
  1363  3.2598e-01  4.3584e-05  5.6389e-05  4.4331e-05  1.3626e-03  7.5996e-03  1.1608e-03  0:01:40   12

 turbulent viscosity limited to viscosity ratio of 1.000000e+05 in 786 cells 

 Reversed flow on 753 faces of pressure-outlet 7.
  1364  3.2600e-01  4.3561e-05  5.6452e-05  4.4353e-05  1.3627e-03  6.1888e-03  1.1605e-03  0:01:33   11

 turbulent viscosity limited to viscosity ratio of 1.000000e+05 in 786 cells 

 Reversed flow on 756 faces of pressure-outlet 7.
  1365  3.2602e-01  4.3531e-05  5.6504e-05  4.4368e-05  1.3639e-03  6.4701e-03  1.1602e-03  0:01:24   10

 turbulent viscosity limited to viscosity ratio of 1.000000e+05 in 786 cells 

 Reversed flow on 752 faces of pressure-outlet 7.
  1366  3.2588e-01  4.3495e-05  5.6552e-05  4.4367e-05  1.3623e-03  5.6706e-03  1.1599e-03  0:01:17    9

 turbulent viscosity limited to viscosity ratio of 1.000000e+05 in 786 cells 

 Reversed flow on 752 faces of pressure-outlet 7.
  1367  3.2605e-01  4.3457e-05  5.6582e-05  4.4384e-05  1.3648e-03  6.9327e-03  1.1597e-03  0:01:07    8

 turbulent viscosity limited to viscosity ratio of 1.000000e+05 in 786 cells 

 Reversed flow on 752 faces of pressure-outlet 7.
  1368  3.2605e-01  4.3421e-05  5.6605e-05  4.4386e-05  1.3676e-03  7.7702e-03  1.1596e-03  0:01:00    7

 turbulent viscosity limited to viscosity ratio of 1.000000e+05 in 786 cells 

 Reversed flow on 749 faces of pressure-outlet 7.
  1369  3.2612e-01  4.3391e-05  5.6629e-05  4.4392e-05  1.3698e-03  7.7408e-03  1.1594e-03  0:00:51    6

 turbulent viscosity limited to viscosity ratio of 1.000000e+05 in 788 cells 

 Reversed flow on 757 faces of pressure-outlet 7.
  1370  3.2609e-01  4.3355e-05  5.6638e-05  4.4391e-05  1.3719e-03  8.9026e-03  1.1592e-03  0:00:43    5

 turbulent viscosity limited to viscosity ratio of 1.000000e+05 in 788 cells 

 Reversed flow on 749 faces of pressure-outlet 7.
  1371  3.2601e-01  4.3332e-05  5.6645e-05  4.4389e-05  1.3714e-03  8.2642e-03  1.1591e-03  0:00:34    4

 turbulent viscosity limited to viscosity ratio of 1.000000e+05 in 787 cells 

 Reversed flow on 744 faces of pressure-outlet 7.

  iter  continuity  x-velocity  y-velocity  z-velocity           k     epsilon  vf-phase-2     time/iter
  1372  3.2583e-01  4.3305e-05  5.6648e-05  4.4373e-05  1.3714e-03  8.0188e-03  1.1592e-03  0:00:26    3

 turbulent viscosity limited to viscosity ratio of 1.000000e+05 in 786 cells 

 Reversed flow on 748 faces of pressure-outlet 7.
  1373  3.2567e-01  4.3271e-05  5.6637e-05  4.4346e-05  1.3699e-03  6.9135e-03  1.1594e-03  0:00:17    2

 turbulent viscosity limited to viscosity ratio of 1.000000e+05 in 786 cells 

 Reversed flow on 739 faces of pressure-outlet 7.
  1374  3.2570e-01  4.3241e-05  5.6608e-05  4.4327e-05  1.3685e-03  6.7166e-03  1.1597e-03  0:00:09    1

 turbulent viscosity limited to viscosity ratio of 1.000000e+05 in 785 cells 

 Reversed flow on 736 faces of pressure-outlet 7.
  1375  3.2564e-01  4.3209e-05  5.6575e-05  4.4300e-05  1.3654e-03  6.2789e-03  1.1600e-03  0:00:00    0
iterate_450: RPC returned
progress: 450/575

  iter  continuity  x-velocity  y-velocity  z-velocity           k     epsilon  vf-phase-2     time/iter
  1375  3.2564e-01  4.3209e-05  5.6575e-05  4.4300e-05  1.3654e-03  6.2789e-03  1.1600e-03  0:03:36   25

 turbulent viscosity limited to viscosity ratio of 1.000000e+05 in 785 cells 

 Reversed flow on 744 faces of pressure-outlet 7.
  1376  3.2548e-01  4.3180e-05  5.6543e-05  4.4265e-05  1.3662e-03  7.1346e-03  1.1604e-03  0:03:29   24

 turbulent viscosity limited to viscosity ratio of 1.000000e+05 in 784 cells 

 Reversed flow on 747 faces of pressure-outlet 7.
  1377  3.2484e-01  4.3146e-05  5.6501e-05  4.4202e-05  1.3644e-03  6.4073e-03  1.1609e-03  0:03:22   23

 turbulent viscosity limited to viscosity ratio of 1.000000e+05 in 784 cells 

 Reversed flow on 739 faces of pressure-outlet 7.
  1378  3.2464e-01  4.3125e-05  5.6460e-05  4.4140e-05  1.3649e-03  6.6069e-03  1.1614e-03  0:03:10   22

 turbulent viscosity limited to viscosity ratio of 1.000000e+05 in 784 cells 

 Reversed flow on 738 faces of pressure-outlet 7.
  1379  3.2396e-01  4.3083e-05  5.6403e-05  4.4080e-05  1.3642e-03  7.3165e-03  1.1620e-03  0:03:03   21

 turbulent viscosity limited to viscosity ratio of 1.000000e+05 in 784 cells 

 Reversed flow on 730 faces of pressure-outlet 7.
  1380  3.2373e-01  4.3050e-05  5.6333e-05  4.4015e-05  1.3612e-03  6.8155e-03  1.1625e-03  0:02:51   20

 turbulent viscosity limited to viscosity ratio of 1.000000e+05 in 784 cells 

 Reversed flow on 738 faces of pressure-outlet 7.
  1381  3.2328e-01  4.3027e-05  5.6263e-05  4.3959e-05  1.3593e-03  6.9572e-03  1.1630e-03  0:02:44   19

 turbulent viscosity limited to viscosity ratio of 1.000000e+05 in 783 cells 

 Reversed flow on 738 faces of pressure-outlet 7.
  1382  3.2313e-01  4.3011e-05  5.6172e-05  4.3891e-05  1.3590e-03  7.3226e-03  1.1635e-03  0:02:33   18

 turbulent viscosity limited to viscosity ratio of 1.000000e+05 in 783 cells 

 Reversed flow on 732 faces of pressure-outlet 7.
  1383  3.2290e-01  4.2993e-05  5.6085e-05  4.3819e-05  1.3535e-03  6.0833e-03  1.1640e-03  0:02:26   17

 turbulent viscosity limited to viscosity ratio of 1.000000e+05 in 783 cells 

 Reversed flow on 739 faces of pressure-outlet 7.
  1384  3.2262e-01  4.2991e-05  5.5984e-05  4.3737e-05  1.3506e-03  6.2285e-03  1.1644e-03  0:02:16   16

 turbulent viscosity limited to viscosity ratio of 1.000000e+05 in 784 cells 

 Reversed flow on 742 faces of pressure-outlet 7.
  1385  3.2249e-01  4.2973e-05  5.5883e-05  4.3652e-05  1.3488e-03  6.3714e-03  1.1647e-03  0:02:09   15

 turbulent viscosity limited to viscosity ratio of 1.000000e+05 in 784 cells 

 Reversed flow on 726 faces of pressure-outlet 7.

  iter  continuity  x-velocity  y-velocity  z-velocity           k     epsilon  vf-phase-2     time/iter
  1386  3.2180e-01  4.2945e-05  5.5790e-05  4.3554e-05  1.3466e-03  6.7135e-03  1.1651e-03  0:01:59   14

 turbulent viscosity limited to viscosity ratio of 1.000000e+05 in 784 cells 

 Reversed flow on 733 faces of pressure-outlet 7.
  1387  3.2152e-01  4.2916e-05  5.5665e-05  4.3464e-05  1.3434e-03  6.3609e-03  1.1654e-03  0:01:52   13

 turbulent viscosity limited to viscosity ratio of 1.000000e+05 in 783 cells 

 Reversed flow on 732 faces of pressure-outlet 7.
  1388  3.2079e-01  4.2881e-05  5.5546e-05  4.3369e-05  1.3413e-03  7.0219e-03  1.1656e-03  0:01:42   12

 turbulent viscosity limited to viscosity ratio of 1.000000e+05 in 783 cells 

 Reversed flow on 724 faces of pressure-outlet 7.
  1389  3.2008e-01  4.2848e-05  5.5428e-05  4.3266e-05  1.3384e-03  7.1711e-03  1.1657e-03  0:01:34   11

 turbulent viscosity limited to viscosity ratio of 1.000000e+05 in 784 cells 

 Reversed flow on 728 faces of pressure-outlet 7.
  1390  3.1960e-01  4.2823e-05  5.5300e-05  4.3171e-05  1.3349e-03  7.0775e-03  1.1659e-03  0:01:25   10

 turbulent viscosity limited to viscosity ratio of 1.000000e+05 in 782 cells 

 Reversed flow on 725 faces of pressure-outlet 7.
  1391  3.1919e-01  4.2802e-05  5.5169e-05  4.3069e-05  1.3317e-03  7.1101e-03  1.1660e-03  0:01:17    9

 turbulent viscosity limited to viscosity ratio of 1.000000e+05 in 782 cells 

 Reversed flow on 732 faces of pressure-outlet 7.
  1392  3.1865e-01  4.2790e-05  5.5043e-05  4.2964e-05  1.3258e-03  6.2513e-03  1.1659e-03  0:01:09    8

 turbulent viscosity limited to viscosity ratio of 1.000000e+05 in 782 cells 

 Reversed flow on 731 faces of pressure-outlet 7.
  1393  3.1852e-01  4.2771e-05  5.4909e-05  4.2847e-05  1.3211e-03  6.0214e-03  1.1658e-03  0:01:00    7

 turbulent viscosity limited to viscosity ratio of 1.000000e+05 in 782 cells 

 Reversed flow on 733 faces of pressure-outlet 7.
  1394  3.1826e-01  4.2741e-05  5.4778e-05  4.2750e-05  1.3213e-03  7.1965e-03  1.1655e-03  0:00:52    6

 turbulent viscosity limited to viscosity ratio of 1.000000e+05 in 782 cells 

 Reversed flow on 729 faces of pressure-outlet 7.
  1395  3.1812e-01  4.2720e-05  5.4639e-05  4.2656e-05  1.3182e-03  6.8975e-03  1.1653e-03  0:00:42    5

 turbulent viscosity limited to viscosity ratio of 1.000000e+05 in 782 cells 

 Reversed flow on 721 faces of pressure-outlet 7.
  1396  3.1823e-01  4.2698e-05  5.4506e-05  4.2545e-05  1.3145e-03  6.9035e-03  1.1650e-03  0:00:34    4

 turbulent viscosity limited to viscosity ratio of 1.000000e+05 in 782 cells 

 Reversed flow on 727 faces of pressure-outlet 7.

  iter  continuity  x-velocity  y-velocity  z-velocity           k     epsilon  vf-phase-2     time/iter
  1397  3.1797e-01  4.2682e-05  5.4382e-05  4.2435e-05  1.3161e-03  8.4020e-03  1.1647e-03  0:00:25    3

 turbulent viscosity limited to viscosity ratio of 1.000000e+05 in 783 cells 

 Reversed flow on 730 faces of pressure-outlet 7.
  1398  3.1770e-01  4.2661e-05  5.4255e-05  4.2344e-05  1.3091e-03  6.7771e-03  1.1644e-03  0:00:17    2

 turbulent viscosity limited to viscosity ratio of 1.000000e+05 in 783 cells 

 Reversed flow on 729 faces of pressure-outlet 7.
  1399  3.1716e-01  4.2626e-05  5.4130e-05  4.2233e-05  1.3064e-03  6.6865e-03  1.1640e-03  0:00:09    1

 turbulent viscosity limited to viscosity ratio of 1.000000e+05 in 783 cells 

 Reversed flow on 722 faces of pressure-outlet 7.
  1400  3.1657e-01  4.2591e-05  5.4004e-05  4.2126e-05  1.3019e-03  5.6729e-03  1.1635e-03  0:00:00    0
iterate_475: RPC returned
progress: 475/575

  iter  continuity  x-velocity  y-velocity  z-velocity           k     epsilon  vf-phase-2     time/iter
  1400  3.1657e-01  4.2591e-05  5.4004e-05  4.2126e-05  1.3019e-03  5.6729e-03  1.1635e-03  0:03:30   25

 turbulent viscosity limited to viscosity ratio of 1.000000e+05 in 783 cells 

 Reversed flow on 727 faces of pressure-outlet 7.
  1401  3.1636e-01  4.2557e-05  5.3886e-05  4.2025e-05  1.2999e-03  6.1093e-03  1.1629e-03  0:03:25   24

 turbulent viscosity limited to viscosity ratio of 1.000000e+05 in 783 cells 

 Reversed flow on 718 faces of pressure-outlet 7.
  1402  3.1598e-01  4.2547e-05  5.3773e-05  4.1926e-05  1.2981e-03  5.9240e-03  1.1623e-03  0:03:18   23

 turbulent viscosity limited to viscosity ratio of 1.000000e+05 in 784 cells 

 Reversed flow on 716 faces of pressure-outlet 7.
  1403  3.1579e-01  4.2542e-05  5.3661e-05  4.1829e-05  1.2986e-03  6.2518e-03  1.1617e-03  0:03:07   22

 turbulent viscosity limited to viscosity ratio of 1.000000e+05 in 784 cells 

 Reversed flow on 714 faces of pressure-outlet 7.
  1404  3.1545e-01  4.2526e-05  5.3564e-05  4.1742e-05  1.2961e-03  5.8075e-03  1.1610e-03  0:02:56   21

 turbulent viscosity limited to viscosity ratio of 1.000000e+05 in 782 cells 

 Reversed flow on 723 faces of pressure-outlet 7.
  1405  3.1512e-01  4.2504e-05  5.3458e-05  4.1647e-05  1.2953e-03  6.1255e-03  1.1602e-03  0:02:50   20

 turbulent viscosity limited to viscosity ratio of 1.000000e+05 in 781 cells 

 Reversed flow on 720 faces of pressure-outlet 7.
  1406  3.1486e-01  4.2490e-05  5.3371e-05  4.1552e-05  1.2959e-03  6.2698e-03  1.1595e-03  0:02:40   19

 turbulent viscosity limited to viscosity ratio of 1.000000e+05 in 781 cells 

 Reversed flow on 712 faces of pressure-outlet 7.
  1407  3.1489e-01  4.2493e-05  5.3278e-05  4.1476e-05  1.2980e-03  7.2425e-03  1.1586e-03  0:02:30   18

 turbulent viscosity limited to viscosity ratio of 1.000000e+05 in 781 cells 

 Reversed flow on 723 faces of pressure-outlet 7.
  1408  3.1489e-01  4.2491e-05  5.3193e-05  4.1392e-05  1.2978e-03  7.5223e-03  1.1577e-03  0:02:24   17

 turbulent viscosity limited to viscosity ratio of 1.000000e+05 in 781 cells 

 Reversed flow on 723 faces of pressure-outlet 7.
  1409  3.1506e-01  4.2485e-05  5.3114e-05  4.1322e-05  1.2983e-03  6.9033e-03  1.1567e-03  0:02:14   16

 turbulent viscosity limited to viscosity ratio of 1.000000e+05 in 781 cells 

 Reversed flow on 724 faces of pressure-outlet 7.
  1410  3.1510e-01  4.2467e-05  5.3051e-05  4.1234e-05  1.2975e-03  6.9130e-03  1.1557e-03  0:02:04   15

 turbulent viscosity limited to viscosity ratio of 1.000000e+05 in 781 cells 

 Reversed flow on 729 faces of pressure-outlet 7.

  iter  continuity  x-velocity  y-velocity  z-velocity           k     epsilon  vf-phase-2     time/iter
  1411  3.1526e-01  4.2463e-05  5.2985e-05  4.1162e-05  1.2958e-03  6.3176e-03  1.1547e-03  0:01:58   14

 turbulent viscosity limited to viscosity ratio of 1.000000e+05 in 781 cells 

 Reversed flow on 731 faces of pressure-outlet 7.
  1412  3.1542e-01  4.2454e-05  5.2921e-05  4.1090e-05  1.2966e-03  6.0634e-03  1.1538e-03  0:01:49   13

 turbulent viscosity limited to viscosity ratio of 1.000000e+05 in 781 cells 

 Reversed flow on 722 faces of pressure-outlet 7.
  1413  3.1534e-01  4.2458e-05  5.2857e-05  4.1025e-05  1.2992e-03  6.6313e-03  1.1528e-03  0:01:42   12

 turbulent viscosity limited to viscosity ratio of 1.000000e+05 in 781 cells 

 Reversed flow on 743 faces of pressure-outlet 7.
  1414  3.1545e-01  4.2447e-05  5.2789e-05  4.0957e-05  1.2985e-03  6.1954e-03  1.1519e-03  0:01:32   11

 turbulent viscosity limited to viscosity ratio of 1.000000e+05 in 781 cells 

 Reversed flow on 734 faces of pressure-outlet 7.
  1415  3.1548e-01  4.2431e-05  5.2734e-05  4.0889e-05  1.2990e-03  6.0490e-03  1.1510e-03  0:01:23   10

 turbulent viscosity limited to viscosity ratio of 1.000000e+05 in 781 cells 

 Reversed flow on 732 faces of pressure-outlet 7.
  1416  3.1570e-01  4.2426e-05  5.2670e-05  4.0818e-05  1.2987e-03  5.4342e-03  1.1501e-03  0:01:16    9

 turbulent viscosity limited to viscosity ratio of 1.000000e+05 in 781 cells 

 Reversed flow on 729 faces of pressure-outlet 7.
  1417  3.1587e-01  4.2408e-05  5.2616e-05  4.0733e-05  1.2987e-03  5.6537e-03  1.1492e-03  0:01:07    8

 turbulent viscosity limited to viscosity ratio of 1.000000e+05 in 781 cells 

 Reversed flow on 732 faces of pressure-outlet 7.
  1418  3.1595e-01  4.2394e-05  5.2564e-05  4.0662e-05  1.3004e-03  5.7888e-03  1.1483e-03  0:00:58    7

 turbulent viscosity limited to viscosity ratio of 1.000000e+05 in 781 cells 

 Reversed flow on 736 faces of pressure-outlet 7.
  1419  3.1615e-01  4.2376e-05  5.2514e-05  4.0601e-05  1.3022e-03  5.7849e-03  1.1474e-03  0:00:51    6

 turbulent viscosity limited to viscosity ratio of 1.000000e+05 in 781 cells 

 Reversed flow on 746 faces of pressure-outlet 7.
  1420  3.1603e-01  4.2362e-05  5.2475e-05  4.0531e-05  1.3078e-03  8.0182e-03  1.1466e-03  0:00:42    5

 turbulent viscosity limited to viscosity ratio of 1.000000e+05 in 781 cells 

 Reversed flow on 752 faces of pressure-outlet 7.
  1421  3.1648e-01  4.2338e-05  5.2441e-05  4.0493e-05  1.3074e-03  7.4271e-03  1.1458e-03  0:00:33    4

 turbulent viscosity limited to viscosity ratio of 1.000000e+05 in 781 cells 

 Reversed flow on 752 faces of pressure-outlet 7.

  iter  continuity  x-velocity  y-velocity  z-velocity           k     epsilon  vf-phase-2     time/iter
  1422  3.1664e-01  4.2297e-05  5.2392e-05  4.0427e-05  1.3089e-03  7.0810e-03  1.1449e-03  0:00:25    3

 turbulent viscosity limited to viscosity ratio of 1.000000e+05 in 781 cells 

 Reversed flow on 745 faces of pressure-outlet 7.
  1423  3.1662e-01  4.2255e-05  5.2344e-05  4.0355e-05  1.3100e-03  6.9253e-03  1.1441e-03  0:00:17    2

 turbulent viscosity limited to viscosity ratio of 1.000000e+05 in 780 cells 

 Reversed flow on 745 faces of pressure-outlet 7.
  1424  3.1695e-01  4.2219e-05  5.2299e-05  4.0300e-05  1.3093e-03  7.0226e-03  1.1434e-03  0:00:08    1

iterate_500: RPC returned
progress: 500/575

=== autosave_500 ===
 turbulent viscosity limited to viscosity ratio of 1.000000e+05 in 779 cells 

 Reversed flow on 749 faces of pressure-outlet 7.
  1425  3.1713e-01  4.2180e-05  5.2248e-05  4.0238e-05  1.3102e-03  7.2257e-03  1.1427e-03  0:00:00    0

Writing to EN439159:"C:\Users\qtra338\Documents\enthalpy_sweep_verified_20260721_v2\case_1_1600_25pct_1500iter_recovered_from_925_autosave_iter500.cas.h5" in NODE0 mode and compression level 1 ...
Grouping cells for Laplace smoothing ...
     5578299 cells,     1 zone  ...
    11355491 faces,     5 zones ...
     1026091 nodes,     1 zone  ...
  Done.
Done.
write_case_autosave_500: OK

Writing to EN439159:"C:\Users\qtra338\Documents\enthalpy_sweep_verified_20260721_v2\case_1_1600_25pct_1500iter_recovered_from_925_autosave_iter500.dat.h5" in NODE0 mode and compression level 1 ...
  Writing results.
Done.
write_data_autosave_500: OK
saved_pair_autosave_500: VERIFIED

  iter  continuity  x-velocity  y-velocity  z-velocity           k     epsilon  vf-phase-2     time/iter
  1425  3.1713e-01  4.2180e-05  5.2248e-05  4.0238e-05  1.3102e-03  7.2257e-03  1.1427e-03  0:03:29   25

 turbulent viscosity limited to viscosity ratio of 1.000000e+05 in 779 cells 

 Reversed flow on 761 faces of pressure-outlet 7.
  1426  3.1717e-01  4.2121e-05  5.2198e-05  4.0196e-05  1.3116e-03  7.1221e-03  1.1421e-03  0:03:24   24

 turbulent viscosity limited to viscosity ratio of 1.000000e+05 in 778 cells 

 Reversed flow on 763 faces of pressure-outlet 7.
  1427  3.1714e-01  4.2082e-05  5.2165e-05  4.0136e-05  1.3079e-03  5.4619e-03  1.1415e-03  0:03:13   23

 turbulent viscosity limited to viscosity ratio of 1.000000e+05 in 778 cells 

 Reversed flow on 759 faces of pressure-outlet 7.
  1428  3.1712e-01  4.2030e-05  5.2123e-05  4.0079e-05  1.3118e-03  6.4755e-03  1.1410e-03  0:03:03   22

 turbulent viscosity limited to viscosity ratio of 1.000000e+05 in 778 cells 

 Reversed flow on 766 faces of pressure-outlet 7.
  1429  3.1701e-01  4.1975e-05  5.2072e-05  4.0040e-05  1.3110e-03  5.9821e-03  1.1404e-03  0:02:58   21

 turbulent viscosity limited to viscosity ratio of 1.000000e+05 in 778 cells 

 Reversed flow on 771 faces of pressure-outlet 7.
  1430  3.1685e-01  4.1911e-05  5.2024e-05  4.0002e-05  1.3117e-03  6.5508e-03  1.1399e-03  0:02:47   20

 turbulent viscosity limited to viscosity ratio of 1.000000e+05 in 777 cells 

 Reversed flow on 769 faces of pressure-outlet 7.
  1431  3.1692e-01  4.1837e-05  5.1949e-05  3.9960e-05  1.3109e-03  6.0399e-03  1.1395e-03  0:02:38   19

 turbulent viscosity limited to viscosity ratio of 1.000000e+05 in 777 cells 

 Reversed flow on 771 faces of pressure-outlet 7.
  1432  3.1655e-01  4.1753e-05  5.1895e-05  3.9907e-05  1.3098e-03  5.8138e-03  1.1391e-03  0:02:32   18

 turbulent viscosity limited to viscosity ratio of 1.000000e+05 in 777 cells 

 Reversed flow on 769 faces of pressure-outlet 7.
  1433  3.1649e-01  4.1676e-05  5.1834e-05  3.9862e-05  1.3114e-03  6.2515e-03  1.1387e-03  0:02:22   17

 turbulent viscosity limited to viscosity ratio of 1.000000e+05 in 777 cells 

 Reversed flow on 780 faces of pressure-outlet 7.
  1434  3.1646e-01  4.1577e-05  5.1775e-05  3.9839e-05  1.3103e-03  6.3229e-03  1.1383e-03  0:02:12   16

 turbulent viscosity limited to viscosity ratio of 1.000000e+05 in 777 cells 

 Reversed flow on 772 faces of pressure-outlet 7.
  1435  3.1653e-01  4.1478e-05  5.1714e-05  3.9804e-05  1.3089e-03  5.9785e-03  1.1380e-03  0:02:06   15

 turbulent viscosity limited to viscosity ratio of 1.000000e+05 in 777 cells 

 Reversed flow on 778 faces of pressure-outlet 7.

  iter  continuity  x-velocity  y-velocity  z-velocity           k     epsilon  vf-phase-2     time/iter
  1436  3.1643e-01  4.1368e-05  5.1673e-05  3.9775e-05  1.3109e-03  6.4940e-03  1.1377e-03  0:01:57   14

 turbulent viscosity limited to viscosity ratio of 1.000000e+05 in 778 cells 

 Reversed flow on 770 faces of pressure-outlet 7.
  1437  3.1638e-01  4.1272e-05  5.1633e-05  3.9762e-05  1.3100e-03  6.1118e-03  1.1374e-03  0:01:48   13

 turbulent viscosity limited to viscosity ratio of 1.000000e+05 in 778 cells 

 Reversed flow on 777 faces of pressure-outlet 7.
  1438  3.1638e-01  4.1165e-05  5.1580e-05  3.9766e-05  1.3080e-03  6.1023e-03  1.1371e-03  0:01:41   12

 turbulent viscosity limited to viscosity ratio of 1.000000e+05 in 778 cells 

 Reversed flow on 786 faces of pressure-outlet 7.
  1439  3.1592e-01  4.1055e-05  5.1520e-05  3.9747e-05  1.3053e-03  5.4418e-03  1.1369e-03  0:01:32   11

 turbulent viscosity limited to viscosity ratio of 1.000000e+05 in 778 cells 

 Reversed flow on 785 faces of pressure-outlet 7.
  1440  3.1558e-01  4.0942e-05  5.1459e-05  3.9724e-05  1.3051e-03  6.2249e-03  1.1368e-03  0:01:23   10

 turbulent viscosity limited to viscosity ratio of 1.000000e+05 in 777 cells 

 Reversed flow on 781 faces of pressure-outlet 7.
  1441  3.1487e-01  4.0816e-05  5.1396e-05  3.9692e-05  1.3031e-03  5.7328e-03  1.1367e-03  0:01:16    9

 turbulent viscosity limited to viscosity ratio of 1.000000e+05 in 777 cells 

 Reversed flow on 776 faces of pressure-outlet 7.
  1442  3.1415e-01  4.0677e-05  5.1329e-05  3.9666e-05  1.3029e-03  6.0192e-03  1.1367e-03  0:01:07    8

 turbulent viscosity limited to viscosity ratio of 1.000000e+05 in 778 cells 

 Reversed flow on 781 faces of pressure-outlet 7.
  1443  3.1388e-01  4.0549e-05  5.1275e-05  3.9654e-05  1.3006e-03  5.7734e-03  1.1368e-03  0:00:58    7

 turbulent viscosity limited to viscosity ratio of 1.000000e+05 in 778 cells 

 Reversed flow on 778 faces of pressure-outlet 7.
  1444  3.1374e-01  4.0421e-05  5.1235e-05  3.9637e-05  1.3019e-03  7.7020e-03  1.1369e-03  0:00:50    6

 turbulent viscosity limited to viscosity ratio of 1.000000e+05 in 778 cells 

 Reversed flow on 782 faces of pressure-outlet 7.
  1445  3.1331e-01  4.0281e-05  5.1179e-05  3.9611e-05  1.2992e-03  7.1876e-03  1.1372e-03  0:00:42    5

 turbulent viscosity limited to viscosity ratio of 1.000000e+05 in 777 cells 

 Reversed flow on 794 faces of pressure-outlet 7.
  1446  3.1288e-01  4.0124e-05  5.1137e-05  3.9602e-05  1.2960e-03  6.5331e-03  1.1375e-03  0:00:33    4

 turbulent viscosity limited to viscosity ratio of 1.000000e+05 in 778 cells 

 Reversed flow on 791 faces of pressure-outlet 7.

  iter  continuity  x-velocity  y-velocity  z-velocity           k     epsilon  vf-phase-2     time/iter
  1447  3.1249e-01  3.9973e-05  5.1085e-05  3.9567e-05  1.2934e-03  6.1386e-03  1.1378e-03  0:00:25    3

 turbulent viscosity limited to viscosity ratio of 1.000000e+05 in 778 cells 

 Reversed flow on 778 faces of pressure-outlet 7.
  1448  3.1214e-01  3.9828e-05  5.1041e-05  3.9543e-05  1.2913e-03  5.8291e-03  1.1381e-03  0:00:17    2

 turbulent viscosity limited to viscosity ratio of 1.000000e+05 in 778 cells 

 Reversed flow on 787 faces of pressure-outlet 7.
  1449  3.1177e-01  3.9694e-05  5.0991e-05  3.9519e-05  1.2882e-03  5.8274e-03  1.1385e-03  0:00:08    1

 turbulent viscosity limited to viscosity ratio of 1.000000e+05 in 778 cells 

 Reversed flow on 784 faces of pressure-outlet 7.
  1450  3.1118e-01  3.9544e-05  5.0914e-05  3.9504e-05  1.2852e-03  5.6362e-03  1.1389e-03  0:00:00    0
iterate_525: RPC returned
progress: 525/575

  iter  continuity  x-velocity  y-velocity  z-velocity           k     epsilon  vf-phase-2     time/iter
  1450  3.1118e-01  3.9544e-05  5.0914e-05  3.9504e-05  1.2852e-03  5.6362e-03  1.1389e-03  0:03:30   25

 turbulent viscosity limited to viscosity ratio of 1.000000e+05 in 780 cells 

 Reversed flow on 794 faces of pressure-outlet 7.
  1451  3.1053e-01  3.9385e-05  5.0840e-05  3.9483e-05  1.2821e-03  5.0474e-03  1.1394e-03  0:03:25   24

 turbulent viscosity limited to viscosity ratio of 1.000000e+05 in 779 cells 

 Reversed flow on 793 faces of pressure-outlet 7.
  1452  3.0995e-01  3.9227e-05  5.0768e-05  3.9464e-05  1.2840e-03  7.1733e-03  1.1400e-03  0:03:14   23

 turbulent viscosity limited to viscosity ratio of 1.000000e+05 in 778 cells 

 Reversed flow on 792 faces of pressure-outlet 7.
  1453  3.0940e-01  3.9080e-05  5.0701e-05  3.9448e-05  1.2818e-03  7.1660e-03  1.1405e-03  0:03:08   22

 turbulent viscosity limited to viscosity ratio of 1.000000e+05 in 778 cells 

 Reversed flow on 792 faces of pressure-outlet 7.
  1454  3.0906e-01  3.8930e-05  5.0619e-05  3.9412e-05  1.2776e-03  5.9772e-03  1.1410e-03  0:02:57   21

 turbulent viscosity limited to viscosity ratio of 1.000000e+05 in 778 cells 

 Reversed flow on 784 faces of pressure-outlet 7.
  1455  3.0863e-01  3.8782e-05  5.0535e-05  3.9377e-05  1.2753e-03  5.7614e-03  1.1416e-03  0:02:47   20

 turbulent viscosity limited to viscosity ratio of 1.000000e+05 in 778 cells 

 Reversed flow on 787 faces of pressure-outlet 7.
  1456  3.0796e-01  3.8641e-05  5.0455e-05  3.9337e-05  1.2708e-03  5.5837e-03  1.1421e-03  0:02:41   19

 turbulent viscosity limited to viscosity ratio of 1.000000e+05 in 778 cells 

 Reversed flow on 784 faces of pressure-outlet 7.
  1457  3.0727e-01  3.8509e-05  5.0361e-05  3.9293e-05  1.2691e-03  6.1090e-03  1.1427e-03  0:02:31   18

 turbulent viscosity limited to viscosity ratio of 1.000000e+05 in 778 cells 

 Reversed flow on 784 faces of pressure-outlet 7.
  1458  3.0674e-01  3.8371e-05  5.0274e-05  3.9257e-05  1.2679e-03  7.0712e-03  1.1434e-03  0:02:21   17

 turbulent viscosity limited to viscosity ratio of 1.000000e+05 in 778 cells 

 Reversed flow on 794 faces of pressure-outlet 7.
  1459  3.0625e-01  3.8252e-05  5.0183e-05  3.9240e-05  1.2686e-03  8.1832e-03  1.1441e-03  0:02:15   16

 turbulent viscosity limited to viscosity ratio of 1.000000e+05 in 778 cells 

 Reversed flow on 788 faces of pressure-outlet 7.
  1460  3.0586e-01  3.8124e-05  5.0079e-05  3.9224e-05  1.2650e-03  7.1353e-03  1.1447e-03  0:02:05   15

 turbulent viscosity limited to viscosity ratio of 1.000000e+05 in 776 cells 

 Reversed flow on 788 faces of pressure-outlet 7.

  iter  continuity  x-velocity  y-velocity  z-velocity           k     epsilon  vf-phase-2     time/iter
  1461  3.0526e-01  3.7995e-05  4.9989e-05  3.9205e-05  1.2635e-03  7.5325e-03  1.1453e-03  0:01:56   14

 turbulent viscosity limited to viscosity ratio of 1.000000e+05 in 776 cells 

 Reversed flow on 788 faces of pressure-outlet 7.
  1462  3.0488e-01  3.7878e-05  4.9882e-05  3.9190e-05  1.2565e-03  5.9690e-03  1.1457e-03  0:01:50   13

 turbulent viscosity limited to viscosity ratio of 1.000000e+05 in 776 cells 

 Reversed flow on 788 faces of pressure-outlet 7.
  1463  3.0404e-01  3.7748e-05  4.9765e-05  3.9151e-05  1.2543e-03  6.7351e-03  1.1462e-03  0:01:40   12

 turbulent viscosity limited to viscosity ratio of 1.000000e+05 in 776 cells 

 Reversed flow on 780 faces of pressure-outlet 7.
  1464  3.0318e-01  3.7637e-05  4.9650e-05  3.9120e-05  1.2514e-03  6.1686e-03  1.1465e-03  0:01:31   11

 turbulent viscosity limited to viscosity ratio of 1.000000e+05 in 776 cells 

 Reversed flow on 774 faces of pressure-outlet 7.
  1465  3.0240e-01  3.7522e-05  4.9526e-05  3.9086e-05  1.2481e-03  6.0226e-03  1.1467e-03  0:01:24   10

 turbulent viscosity limited to viscosity ratio of 1.000000e+05 in 776 cells 

 Reversed flow on 778 faces of pressure-outlet 7.
  1466  3.0172e-01  3.7418e-05  4.9403e-05  3.9044e-05  1.2430e-03  5.1249e-03  1.1469e-03  0:01:15    9

 turbulent viscosity limited to viscosity ratio of 1.000000e+05 in 776 cells 

 Reversed flow on 768 faces of pressure-outlet 7.
  1467  3.0103e-01  3.7320e-05  4.9288e-05  3.9013e-05  1.2426e-03  6.3330e-03  1.1470e-03  0:01:08    8

 turbulent viscosity limited to viscosity ratio of 1.000000e+05 in 776 cells 

 Reversed flow on 781 faces of pressure-outlet 7.
  1468  3.0038e-01  3.7218e-05  4.9157e-05  3.8979e-05  1.2386e-03  5.5233e-03  1.1470e-03  0:00:59    7

 turbulent viscosity limited to viscosity ratio of 1.000000e+05 in 777 cells 

 Reversed flow on 785 faces of pressure-outlet 7.
  1469  2.9995e-01  3.7132e-05  4.9026e-05  3.8948e-05  1.2367e-03  6.0819e-03  1.1470e-03  0:00:50    6

 turbulent viscosity limited to viscosity ratio of 1.000000e+05 in 777 cells 

 Reversed flow on 783 faces of pressure-outlet 7.
  1470  2.9925e-01  3.7047e-05  4.8885e-05  3.8921e-05  1.2367e-03  6.3663e-03  1.1469e-03  0:00:42    5

 turbulent viscosity limited to viscosity ratio of 1.000000e+05 in 776 cells 

 Reversed flow on 768 faces of pressure-outlet 7.
  1471  2.9856e-01  3.6972e-05  4.8755e-05  3.8897e-05  1.2347e-03  6.3604e-03  1.1466e-03  0:00:33    4

 turbulent viscosity limited to viscosity ratio of 1.000000e+05 in 776 cells 

 Reversed flow on 774 faces of pressure-outlet 7.

  iter  continuity  x-velocity  y-velocity  z-velocity           k     epsilon  vf-phase-2     time/iter
  1472  2.9773e-01  3.6890e-05  4.8608e-05  3.8860e-05  1.2296e-03  5.4956e-03  1.1463e-03  0:00:25    3

 turbulent viscosity limited to viscosity ratio of 1.000000e+05 in 776 cells 

 Reversed flow on 780 faces of pressure-outlet 7.
  1473  2.9680e-01  3.6815e-05  4.8461e-05  3.8830e-05  1.2265e-03  5.3570e-03  1.1458e-03  0:00:17    2

 turbulent viscosity limited to viscosity ratio of 1.000000e+05 in 776 cells 

 Reversed flow on 772 faces of pressure-outlet 7.
  1474  2.9620e-01  3.6745e-05  4.8337e-05  3.8799e-05  1.2235e-03  5.0000e-03  1.1451e-03  0:00:08    1

 turbulent viscosity limited to viscosity ratio of 1.000000e+05 in 776 cells 

 Reversed flow on 767 faces of pressure-outlet 7.
  1475  2.9544e-01  3.6681e-05  4.8222e-05  3.8785e-05  1.2213e-03  4.8335e-03  1.1442e-03  0:00:00    0
iterate_550: RPC returned
progress: 550/575

  iter  continuity  x-velocity  y-velocity  z-velocity           k     epsilon  vf-phase-2     time/iter
  1475  2.9544e-01  3.6681e-05  4.8222e-05  3.8785e-05  1.2213e-03  4.8335e-03  1.1442e-03  0:03:32   25

 turbulent viscosity limited to viscosity ratio of 1.000000e+05 in 775 cells 

 Reversed flow on 762 faces of pressure-outlet 7.
  1476  2.9490e-01  3.6634e-05  4.8080e-05  3.8768e-05  1.2196e-03  4.9861e-03  1.1433e-03  0:03:26   24

 turbulent viscosity limited to viscosity ratio of 1.000000e+05 in 775 cells 

 Reversed flow on 766 faces of pressure-outlet 7.
  1477  2.9403e-01  3.6574e-05  4.7945e-05  3.8737e-05  1.2178e-03  5.1136e-03  1.1423e-03  0:03:15   23

 turbulent viscosity limited to viscosity ratio of 1.000000e+05 in 776 cells 

 Reversed flow on 772 faces of pressure-outlet 7.
  1478  2.9345e-01  3.6522e-05  4.7829e-05  3.8712e-05  1.2181e-03  5.4155e-03  1.1412e-03  0:03:09   22

 turbulent viscosity limited to viscosity ratio of 1.000000e+05 in 776 cells 

 Reversed flow on 767 faces of pressure-outlet 7.
  1479  2.9278e-01  3.6475e-05  4.7693e-05  3.8690e-05  1.2187e-03  6.4082e-03  1.1401e-03  0:02:58   21

 turbulent viscosity limited to viscosity ratio of 1.000000e+05 in 775 cells 

 Reversed flow on 773 faces of pressure-outlet 7.
  1480  2.9196e-01  3.6437e-05  4.7556e-05  3.8683e-05  1.2174e-03  6.6686e-03  1.1390e-03  0:02:47   20

 turbulent viscosity limited to viscosity ratio of 1.000000e+05 in 775 cells 

 Reversed flow on 777 faces of pressure-outlet 7.
  1481  2.9115e-01  3.6404e-05  4.7418e-05  3.8662e-05  1.2182e-03  7.0659e-03  1.1379e-03  0:02:41   19

 turbulent viscosity limited to viscosity ratio of 1.000000e+05 in 775 cells 

 Reversed flow on 772 faces of pressure-outlet 7.
  1482  2.9042e-01  3.6355e-05  4.7302e-05  3.8637e-05  1.2130e-03  5.8818e-03  1.1366e-03  0:02:31   18

 turbulent viscosity limited to viscosity ratio of 1.000000e+05 in 775 cells 

 Reversed flow on 770 faces of pressure-outlet 7.
  1483  2.8947e-01  3.6306e-05  4.7195e-05  3.8624e-05  1.2117e-03  5.6664e-03  1.1354e-03  0:02:21   17

 turbulent viscosity limited to viscosity ratio of 1.000000e+05 in 775 cells 

 Reversed flow on 766 faces of pressure-outlet 7.
  1484  2.8861e-01  3.6256e-05  4.7068e-05  3.8608e-05  1.2094e-03  5.5775e-03  1.1341e-03  0:02:15   16

 turbulent viscosity limited to viscosity ratio of 1.000000e+05 in 775 cells 

 Reversed flow on 763 faces of pressure-outlet 7.
  1485  2.8828e-01  3.6233e-05  4.6954e-05  3.8613e-05  1.2076e-03  5.3828e-03  1.1328e-03  0:02:05   15

 turbulent viscosity limited to viscosity ratio of 1.000000e+05 in 775 cells 

 Reversed flow on 767 faces of pressure-outlet 7.

  iter  continuity  x-velocity  y-velocity  z-velocity           k     epsilon  vf-phase-2     time/iter
  1486  2.8796e-01  3.6202e-05  4.6849e-05  3.8594e-05  1.2070e-03  5.4654e-03  1.1314e-03  0:01:56   14

 turbulent viscosity limited to viscosity ratio of 1.000000e+05 in 775 cells 

 Reversed flow on 762 faces of pressure-outlet 7.
  1487  2.8731e-01  3.6166e-05  4.6764e-05  3.8585e-05  1.2068e-03  5.3903e-03  1.1300e-03  0:01:50   13

 turbulent viscosity limited to viscosity ratio of 1.000000e+05 in 775 cells 

 Reversed flow on 764 faces of pressure-outlet 7.
  1488  2.8675e-01  3.6129e-05  4.6679e-05  3.8595e-05  1.2055e-03  5.1870e-03  1.1285e-03  0:01:40   12

 turbulent viscosity limited to viscosity ratio of 1.000000e+05 in 775 cells 

 Reversed flow on 764 faces of pressure-outlet 7.
  1489  2.8598e-01  3.6097e-05  4.6594e-05  3.8596e-05  1.2066e-03  5.4509e-03  1.1270e-03  0:01:31   11

 turbulent viscosity limited to viscosity ratio of 1.000000e+05 in 774 cells 

 Reversed flow on 751 faces of pressure-outlet 7.
  1490  2.8562e-01  3.6089e-05  4.6527e-05  3.8616e-05  1.2053e-03  5.8031e-03  1.1254e-03  0:01:24   10

 turbulent viscosity limited to viscosity ratio of 1.000000e+05 in 774 cells 

 Reversed flow on 743 faces of pressure-outlet 7.
  1491  2.8507e-01  3.6067e-05  4.6457e-05  3.8637e-05  1.2038e-03  5.1413e-03  1.1239e-03  0:01:15    9

 turbulent viscosity limited to viscosity ratio of 1.000000e+05 in 774 cells 

 Reversed flow on 744 faces of pressure-outlet 7.
  1492  2.8482e-01  3.6040e-05  4.6392e-05  3.8651e-05  1.2053e-03  6.1144e-03  1.1224e-03  0:01:06    8

 turbulent viscosity limited to viscosity ratio of 1.000000e+05 in 774 cells 

 Reversed flow on 752 faces of pressure-outlet 7.
  1493  2.8449e-01  3.6022e-05  4.6342e-05  3.8677e-05  1.2042e-03  5.5486e-03  1.1209e-03  0:00:59    7

 turbulent viscosity limited to viscosity ratio of 1.000000e+05 in 774 cells 

 Reversed flow on 756 faces of pressure-outlet 7.
  1494  2.8415e-01  3.6014e-05  4.6297e-05  3.8693e-05  1.2045e-03  5.7935e-03  1.1195e-03  0:00:50    6

 turbulent viscosity limited to viscosity ratio of 1.000000e+05 in 774 cells 

 Reversed flow on 748 faces of pressure-outlet 7.
  1495  2.8380e-01  3.6000e-05  4.6246e-05  3.8711e-05  1.2046e-03  5.5487e-03  1.1182e-03  0:00:42    5

 turbulent viscosity limited to viscosity ratio of 1.000000e+05 in 775 cells 

 Reversed flow on 753 faces of pressure-outlet 7.
  1496  2.8387e-01  3.5991e-05  4.6205e-05  3.8729e-05  1.2030e-03  5.2255e-03  1.1170e-03  0:00:33    4

 turbulent viscosity limited to viscosity ratio of 1.000000e+05 in 774 cells 

 Reversed flow on 754 faces of pressure-outlet 7.

  iter  continuity  x-velocity  y-velocity  z-velocity           k     epsilon  vf-phase-2     time/iter
  1497  2.8356e-01  3.5981e-05  4.6173e-05  3.8752e-05  1.2036e-03  5.3864e-03  1.1158e-03  0:00:25    3

 turbulent viscosity limited to viscosity ratio of 1.000000e+05 in 774 cells 

 Reversed flow on 744 faces of pressure-outlet 7.
  1498  2.8325e-01  3.5969e-05  4.6138e-05  3.8773e-05  1.2034e-03  4.9796e-03  1.1146e-03  0:00:17    2

 turbulent viscosity limited to viscosity ratio of 1.000000e+05 in 774 cells 

 Reversed flow on 743 faces of pressure-outlet 7.
  1499  2.8289e-01  3.5975e-05  4.6092e-05  3.8797e-05  1.2016e-03  4.5081e-03  1.1135e-03  0:00:08    1

 turbulent viscosity limited to viscosity ratio of 1.000000e+05 in 774 cells 

 Reversed flow on 732 faces of pressure-outlet 7.
  1500  2.8291e-01  3.5986e-05  4.6054e-05  3.8809e-05  1.2025e-03  5.5285e-03  1.1125e-03  0:00:00    0
iterate_575: RPC returned
progress: 575/575
reported_ending_number_of_iterations: 25
verified_iteration_label: 1500

=== continued_flow_pre_dpm ===

Writing to EN439159:"C:\Users\qtra338\Documents\enthalpy_sweep_verified_20260721_v2\case_1_1600_25pct_1500iter_recovered_from_925_flow.cas.h5" in NODE0 mode and compression level 1 ...
Grouping cells for Laplace smoothing ...
     5578299 cells,     1 zone  ...
    11355491 faces,     5 zones ...
     1026091 nodes,     1 zone  ...
  Done.
Done.
write_case_continued_flow_pre_dpm: OK

Writing to EN439159:"C:\Users\qtra338\Documents\enthalpy_sweep_verified_20260721_v2\case_1_1600_25pct_1500iter_recovered_from_925_flow.dat.h5" in NODE0 mode and compression level 1 ...
  Writing results.
Done.
write_data_continued_flow_pre_dpm: OK
saved_pair_continued_flow_pre_dpm: VERIFIED

=== Run DPM Reports ===
report_call: settings_zone_summaries_per_injection_enable
settings_zone_summaries_per_injection_enable: no captured text
report_call: solve_dpm_update
/solve/dpm-update

DPM Iteration ....
number tracked = 78300, escaped = 8346, trapped = 38562, incomplete = 31392

report_call: settings_dpm_summary

 Fate                        Zone   Zone Number                  Elapsed Time (s)               Injection, Index      Injection, Index
                             Name     Id               Min        Max        Avg    Std Dev                  Min                  Max
 ----------- -------------------- ------ ------ ---------- ---------- ---------- ---------- --------------- ---- --------------- ----
 Incomplete                               31392  1.402e+01  7.590e+01  3.637e+01  1.893e+01     injection-1  189     injection-8 8442
 Escaped             steam_outlet      7   8346  7.338e-01  2.508e+01  3.355e+00  2.143e+00     injection-0 6965     injection-0 5008
 Trapped             fluid_outlet      8  38562  1.981e-01  3.057e+01  6.609e-01  9.086e-01     injection-1 5342     injection-1 8535

                                               (*)- Mass Transfer Summary -(*) 

report_call: tui_dpm_summary

 Fate                        Zone   Zone      Mass Flow (kg/s)
                             Name     Id    Initial      Final     Change
 ----------- -------------------- ------ ---------- ---------- ----------
 Incomplete                               3.606e+01  3.606e+01  0.000e+00
 Escaped             steam_outlet      7  1.367e-01  1.367e-01  0.000e+00
 Trapped             fluid_outlet      8  5.149e+01  5.149e+01  0.000e+00
 -----------                             ---------- ---------- ----------
 Net                                      8.769e+01  8.769e+01  0.000e+00

 Fate                        Zone   Zone Number                  Elapsed Time (s)               Injection, Index      Injection, Index
                             Name     Id               Min        Max        Avg    Std Dev                  Min                  Max
 ----------- -------------------- ------ ------ ---------- ---------- ---------- ---------- --------------- ---- --------------- ----
 Incomplete   
report_call: tui_particle_summary
(injection-0 injection-1 injection-2 injection-3 injection-4 injection-5 injection-6 injection-7 injection-8)
The following solver settings object method could also be used to execute the above command:
<solver_session>.results.report.particle_summary(injection_names = ["injection-0", "injection-1", "injection-2", "injection-3", "injection-4", "injection-5", "injection-6", "injection-7", "injection-8"])

report_call: settings_dpm_extended_summary

 Fate                        Zone   Zone Number                  Elapsed Time (s)               Injection, Index      Injection, Index
                             Name     Id               Min        Max        Avg    Std Dev                  Min                  Max
 ----------- -------------------- ------ ------ ---------- ---------- ---------- ---------- --------------- ---- --------------- ----
 Incomplete                               31392  1.402e+01  7.590e+01  3.637e+01  1.893e+01     injection-1  189     injection-8 8442
 Escaped             steam_outlet      7   8346  7.338e-01  2.508e+01  3.355e+00  2.143e+00     injection-0 6965     injection-0 5008
 Trapped             fluid_outlet      8  38562  1.981e-01  3.057e+01  6.609e-01  9.086e-01     injection-1 5342     injection-1 8535

                                               (*)- Mass Transfer Summary -(*) 

 Fate                        Zone   Zone      Mass Flow (kg/s)

                             Name     Id    Initial      Final     Change
 ----------- -------------------- ------ ---------- ---------- ----------
 Incomplete                               3.606e+01  3.606e+01  0.000e+00
 Escaped             steam_outlet      7  1.367e-01  1.367e-01  0.000e+00
 Trapped             fluid_outlet      8  5.149e+01  5.149e+01  0.000e+00
 -----------                             ---------- ---------- ----------
 Net                                      8.769e+01  8.769e+01  0.000e+00
report_call: dpm_extended_summary_injection-0


Saving summary report to file: C:\\Users\\qtra338\\Documents\\enthalpy_sweep_verified_20260721_v2\\case_1_1600_25pct_1500iter_recovered_from_925_injection-0_extended_scratch.txt
report_call: dpm_extended_summary_injection-1

Saving summary report to file: C:\\Users\\qtra338\\Documents\\enthalpy_sweep_verified_20260721_v2\\case_1_1600_25pct_1500iter_recovered_from_925_injection-1_extended_scratch.txt

report_call: dpm_extended_summary_injection-2


Saving summary report to file: C:\\Users\\qtra338\\Documents\\enthalpy_sweep_verified_20260721_v2\\case_1_1600_25pct_1500iter_recovered_from_925_injection-2_extended_scratch.txt
report_call: dpm_extended_summary_injection-3

Saving summary report to file: C:\\Users\\qtra338\\Documents\\enthalpy_sweep_verified_20260721_v2\\case_1_1600_25pct_1500iter_recovered_from_925_injection-3_extended_scratch.txt

report_call: dpm_extended_summary_injection-4

Saving summary report to file: C:\\Users\\qtra338\\Documents\\enthalpy_sweep_verified_20260721_v2\\case_1_1600_25pct_1500iter_recovered_from_925_injection-4_extended_scratch.txt

report_call: dpm_extended_summary_injection-5


Saving summary report to file: C:\\Users\\qtra338\\Documents\\enthalpy_sweep_verified_20260721_v2\\case_1_1600_25pct_1500iter_recovered_from_925_injection-5_extended_scratch.txt
report_call: dpm_extended_summary_injection-6


Saving summary report to file: C:\\Users\\qtra338\\Documents\\enthalpy_sweep_verified_20260721_v2\\case_1_1600_25pct_1500iter_recovered_from_925_injection-6_extended_scratch.txt
report_call: dpm_extended_summary_injection-7

Saving summary report to file: C:\\Users\\qtra338\\Documents\\enthalpy_sweep_verified_20260721_v2\\case_1_1600_25pct_1500iter_recovered_from_925_injection-7_extended_scratch.txt

report_call: dpm_extended_summary_injection-8

Saving summary report to file: C:\\Users\\qtra338\\Documents\\enthalpy_sweep_verified_20260721_v2\\case_1_1600_25pct_1500iter_recovered_from_925_injection-8_extended_scratch.txt


=== continued_post_dpm ===

Writing to EN439159:"C:\Users\qtra338\Documents\enthalpy_sweep_verified_20260721_v2\case_1_1600_25pct_1500iter_recovered_from_925_post_dpm.cas.h5" in NODE0 mode and compression level 1 ...
Grouping cells for Laplace smoothing ...
     5578299 cells,     1 zone  ...
    11355491 faces,     5 zones ...
     1026091 nodes,     1 zone  ...
  Done.
Done.
write_case_continued_post_dpm: OK

Writing to EN439159:"C:\Users\qtra338\Documents\enthalpy_sweep_verified_20260721_v2\case_1_1600_25pct_1500iter_recovered_from_925_post_dpm.dat.h5" in NODE0 mode and compression level 1 ...
  Writing results.
Done.
write_data_continued_post_dpm: OK
saved_pair_continued_post_dpm: VERIFIED

=== Continuation Complete ===
local_case_summary: /Users/andy/Desktop/P4P/P4P_knowledgeWiki/PyAnsys/output/enthalpy_sweep_verified_20260721_v2/case_1_1600_25pct_1500iter_recovered_from_925_case_summary.csv
local_injection_results: /Users/andy/Desktop/P4P/P4P_knowledgeWiki/PyAnsys/output/enthalpy_sweep_verified_20260721_v2/case_1_1600_25pct_1500iter_recovered_from_925_injection_results.csv
local_report: /Users/andy/Desktop/P4P/P4P_knowledgeWiki/PyAnsys/output/enthalpy_sweep_verified_20260721_v2/case_1_1600_25pct_1500iter_recovered_from_925_dpm_report.txt
remote_case: C:\Users\qtra338\Documents\enthalpy_sweep_verified_20260721_v2\case_1_1600_25pct_1500iter_recovered_from_925_post_dpm.cas.h5
remote_data: C:\Users\qtra338\Documents\enthalpy_sweep_verified_20260721_v2\case_1_1600_25pct_1500iter_recovered_from_925_post_dpm.dat.h5
rows: 9
