Connecting to Fluent server 1 using IP/port: 10.104.145.85:54904
/Users/andy/Desktop/P4P/P4P_knowledgeWiki/PyAnsys/.venv/lib/python3.12/site-packages/ansys/fluent/core/fluent_connection.py:306: InsecureGrpcWarning: The Fluent session will be connected in insecure gRPC mode. This mode is not recommended. For more details on the implications and usage of insecure mode, refer to the Fluent documentation.
  warnings.warn(
/Users/andy/Desktop/P4P/P4P_knowledgeWiki/PyAnsys/.venv/lib/python3.12/site-packages/ansys/tools/common/cyberchannel.py:188: UserWarning: Starting gRPC client without TLS on 10.104.145.85:54904. This is INSECURE. Consider using a secure connection.
  warn(f"Starting gRPC client without TLS on {target}. This is INSECURE. Consider using a secure connection.")

Connected to Fluent Ansys Fluent 2024 R2
seed_results_csv: loaded 9 rows from /Users/andy/Desktop/P4P/P4P_knowledgeWiki/PyAnsys/output/enthalpy_sweep_verified_20260721_v2/case_1_1600_25pct_1500iter_recovered_from_925_injection_results.csv
seed_results_csv: loaded 9 rows from /Users/andy/Desktop/P4P/P4P_knowledgeWiki/PyAnsys/output/enthalpy_sweep_verified_20260721_v2/case_2_1440_1500iter_recovered_from_1375_injection_results.csv
seed_results_csv: loaded 9 rows from /Users/andy/Desktop/P4P/P4P_knowledgeWiki/PyAnsys/output/enthalpy_sweep_verified_20260721_v2/case_3_1520_1500iter_dpm_recovery_injection_results.csv
seed_case_summary_csv: loaded 1 rows from /Users/andy/Desktop/P4P/P4P_knowledgeWiki/PyAnsys/output/enthalpy_sweep_verified_20260721_v2/case_1_1600_25pct_1500iter_recovered_from_925_case_summary.csv
seed_case_summary_csv: loaded 1 rows from /Users/andy/Desktop/P4P/P4P_knowledgeWiki/PyAnsys/output/enthalpy_sweep_verified_20260721_v2/case_2_1440_1500iter_recovered_from_1375_case_summary.csv
seed_case_summary_csv: loaded 1 rows from /Users/andy/Desktop/P4P/P4P_knowledgeWiki/PyAnsys/output/enthalpy_sweep_verified_20260721_v2/case_3_1520_1500iter_dpm_recovery_case_summary.csv

=== Run Case 4 / 1600 ===

=== Load Base Case ===
Note: Rank = 0: Process affinity not being set (6).
Note: Rank = 1: Process affinity not being set (6).
Note: Rank = 2: Process affinity not being set (6).
Note: Rank = 3: Process affinity not being set (6).
Note: Rank = 4: Process affinity not being set (6).
Note: Rank = 5: Process affinity not being set (6).
Note: Rank = 6: Process affinity not being set (6).
Note: Rank = 7: Process affinity not being set (6).
Note: Rank = 8: Process affinity not being set (6).
Note: Rank = 9: Process affinity not being set (6).
Note: Rank = 10: Process affinity not being set (6).
Note: Rank = 11: Process affinity not being set (6).
Note: Rank = 12: Process affinity not being set (6).
Note: Rank = 13: Process affinity not being set (6).
Note: Rank = 14: Process affinity not being set (6).

       Clearing partially read grid.

Reading from EN439159:"C:\Users\qtra338\Documents\baseline.cas.h5" in NODE0 mode ...
  Reading mesh ...
Warning: reading 10 partition grid onto 15 compute node machine.
         will auto partition.
     5578299 cells,     1 cell zone  ...
        5578299 tetrahedral cells,  zone id: 3
    11355491 faces,     5 face zones ...
         374376 triangular wall faces,  zone id: 1
       10957705 triangular interior faces,  zone id: 2
           8700 triangular mass-flow-inlet faces,  zone id: 6
           5435 triangular pressure-outlet faces,  zone id: 7
           9275 triangular wall faces,  zone id: 8
     1026091 nodes,     1 node zone  ...
  Done.


Building...
     mesh
	auto partitioning mesh by Metis (fast, Laplace),
	distributing mesh
		parts...............,
		faces...............,
		nodes...............,
		cells...............,
        bandwidth reduction using Reverse Cuthill-McKee: 372040/13927 = 26.7136
     materials,
     interface,
     domains,
	mixture
	phase-1
	phase-2
	interaction
     zones,
	fluid  (phase-2)
	interior-fluid  (phase-2)
	fluid  (phase-1)
	interior-fluid  (phase-1)
	wall-fluid  (phase-1)
	wall-fluid  (phase-2)
	inlet  (phase-1)
	inlet  (phase-2)
	steam_outlet  (phase-1)
	steam_outlet  (phase-2)
	fluid_outlet  (phase-1)
	fluid_outlet  (phase-2)
	interior-fluid
	wall-fluid
	inlet
	steam_outlet
	fluid_outlet
	fluid
     parallel,
Done.
read_base_case: OK
fluent_internal_autosave: VERIFIED disabled -> {"before": {"autosave/frequency/data": 100, "autosave/frequency/case": 0, "mmp/autosave/frequency/data": 1, "mmp/autosave/frequency/case": 1, "autosave/filename": "C:\\Users\\qtra338\\Documents\\Bangma Design (swirl 0.15)\\Bangma_separator_files\\dp0\\FFF\\Fluent\\FFF-6", "mmp/autosave/filename": ""}, "after": {"autosave/frequency/data": 0, "autosave/frequency/case": 0, "mmp/autosave/frequency/data": 0, "mmp/autosave/frequency/case": 0, "autosave/filename": "C:/Users/qtra338/Documents/enthalpy_sweep_verified_20260721_v2/case_4_1600_internal_autosave_disabled", "mmp/autosave/filename": "C:/Users/qtra338/Documents/enthalpy_sweep_verified_20260721_v2/case_4_1600_internal_autosave_disabled"}, "python_checkpoints_enabled": true}

=== Set Inlet Phase Mass Flows ===
set_inlet_phase_mass_flows: OK
{
  "mixture": {
    "momentum": {
      "reference_frame": "Absolute",
      "supersonic_gauge_pressure": {
        "option": "value",
        "value": 1140000
      },
      "direction_specification": "Normal to Boundary"
    },
    "turbulence": {
      "turbulence_specification": "Intensity and Hydraulic Diameter",
      "turbulent_intensity": 0.02152499951888,
      "hydraulic_diameter": 0.7240000000000001
    },
    "dpm": {
      "discrete_phase_bc_type": "escape"
    },
    "multiphase": {}
  },
  "phase-1": {
    "momentum": {
      "mass_flow_specification": "Mass Flow Rate",
      "mass_flow_rate": {
        "option": "value",
        "value": 80.69
      }
    },
    "turbulence": {},
    "dpm": {},
    "multiphase": {}
  },
  "phase-2": {
    "momentum": {
      "mass_flow_specification": "Mass Flow Rate",
      "mass_flow_rate": {
        "option": "value",
        "value": 116.92
      }
    },
    "turbulence": {},
    "dpm": {},
    "multiphase": {}
  }
}

=== Set DPM Injections ===
DPM velocity mode: face-normal
injection-0_particle_type: OK
injection-0_material: OK
injection-0_injection_type_surface: OK
injection-0_location: OK
injection-0_mass_flow_rate: OK
injection-0_use_face_normal_direction: OK
injection-0_velocity_magnitude: OK
injection-0_particle_size: OK
injection-0_readback: VERIFIED
injection-1_particle_type: OK
injection-1_material: OK
injection-1_injection_type_surface: OK
injection-1_location: OK
injection-1_mass_flow_rate: OK
injection-1_use_face_normal_direction: OK
injection-1_velocity_magnitude: OK
injection-1_particle_size: OK
injection-1_readback: VERIFIED
injection-2_particle_type: OK
injection-2_material: OK
injection-2_injection_type_surface: OK
injection-2_location: OK
injection-2_mass_flow_rate: OK
injection-2_use_face_normal_direction: OK
injection-2_velocity_magnitude: OK
injection-2_particle_size: OK
injection-2_readback: VERIFIED
injection-3_particle_type: OK
injection-3_material: OK
injection-3_injection_type_surface: OK
injection-3_location: OK
injection-3_mass_flow_rate: OK
injection-3_use_face_normal_direction: OK
injection-3_velocity_magnitude: OK
injection-3_particle_size: OK
injection-3_readback: VERIFIED
injection-4_particle_type: OK
injection-4_material: OK
injection-4_injection_type_surface: OK
injection-4_location: OK
injection-4_mass_flow_rate: OK
injection-4_use_face_normal_direction: OK
injection-4_velocity_magnitude: OK
injection-4_particle_size: OK
injection-4_readback: VERIFIED
injection-5_particle_type: OK
injection-5_material: OK
injection-5_injection_type_surface: OK
injection-5_location: OK
injection-5_mass_flow_rate: OK
injection-5_use_face_normal_direction: OK
injection-5_velocity_magnitude: OK
injection-5_particle_size: OK
injection-5_readback: VERIFIED
injection-6_particle_type: OK
injection-6_material: OK
injection-6_injection_type_surface: OK
injection-6_location: OK
injection-6_mass_flow_rate: OK
injection-6_use_face_normal_direction: OK
injection-6_velocity_magnitude: OK
injection-6_particle_size: OK
injection-6_readback: VERIFIED
injection-7_particle_type: OK
injection-7_material: OK
injection-7_injection_type_surface: OK
injection-7_location: OK
injection-7_mass_flow_rate: OK
injection-7_use_face_normal_direction: OK
injection-7_velocity_magnitude: OK
injection-7_particle_size: OK
injection-7_readback: VERIFIED
injection-8_particle_type: OK
injection-8_material: OK
injection-8_injection_type_surface: OK
injection-8_location: OK
injection-8_mass_flow_rate: OK
injection-8_use_face_normal_direction: OK
injection-8_velocity_magnitude: OK
injection-8_particle_size: OK
injection-8_readback: VERIFIED

=== Hybrid Initialization ===

Initialize using the hybrid initialization method.

Checking case topology... 
-This case has both inlets & outlets 
-Pressure information is not available at the boundaries.
 Case will be initialized with constant pressure

	iter		scalar-0

	1		1.000000e+00
	2		2.899077e-04
	3		5.351379e-05
	4		1.941508e-05
	5		5.972147e-06
	6		2.140210e-06
	7		7.177258e-07
	8		2.593053e-07
	9		9.348123e-08
	10		3.476009e-08

Hybrid initialization is done.
hybrid_initialize_settings_api: OK

=== Configure Residual History ===
set_residual_n_save: OK
set_residual_n_display: OK
enable_residual_print: OK
enable_residual_plot: OK
residual_convergence_stop_flags: {"continuity": false, "epsilon": false, "k": false, "vf-phase-2": false, "x-velocity": false, "y-velocity": false, "z-velocity": false}

=== Run Iterations ===
iteration_monitor_sets: ['residual']

  iter  continuity  x-velocity  y-velocity  z-velocity           k     epsilon  vf-phase-2     time/iter

 turbulent viscosity limited to viscosity ratio of 1.000000e+05 in 468 cells 
     1  1.0000e+00  6.9710e-04  9.6801e-04  7.4730e-04  8.7882e+01  2.9968e+06  1.3260e-01  0:04:48   24

 turbulent viscosity limited to viscosity ratio of 1.000000e+05 in 1834 cells 
     2  1.0000e+00  4.7193e-04  6.3380e-04  4.9298e-04  1.5850e-01  2.7900e-01  6.0070e-01  0:04:18   23

 turbulent viscosity limited to viscosity ratio of 1.000000e+05 in 1770 cells 

 Reversed flow on 30 faces of pressure-outlet 7.
     3  9.7477e-01  3.2172e-04  4.3794e-04  3.2600e-04  1.4520e-01  9.3270e-01  3.0033e-01  0:03:52   22

 turbulent viscosity limited to viscosity ratio of 1.000000e+05 in 1233 cells 

 Reversed flow on 181 faces of pressure-outlet 7.
     4  6.5117e-01  2.4345e-04  3.4132e-04  2.4830e-04  1.2933e-01  7.9227e-01  2.0022e-01  0:03:31   21

 turbulent viscosity limited to viscosity ratio of 1.000000e+05 in 764 cells 

 Reversed flow on 319 faces of pressure-outlet 7.
     5  6.0337e-01  2.3452e-04  3.0082e-04  2.4379e-04  1.1615e-01  3.9607e-01  1.5016e-01  0:03:13   20

 turbulent viscosity limited to viscosity ratio of 1.000000e+05 in 456 cells 

 Reversed flow on 414 faces of pressure-outlet 7.
     6  4.5313e-01  2.0270e-04  2.5314e-04  2.1335e-04  9.8355e-02  3.2601e-01  1.2013e-01  0:02:53   19

 turbulent viscosity limited to viscosity ratio of 1.000000e+05 in 295 cells 

 Reversed flow on 527 faces of pressure-outlet 7.
     7  4.0086e-01  1.8496e-04  2.1822e-04  1.9686e-04  8.2442e-02  9.9845e-01  1.0011e-01  0:02:40   18

 turbulent viscosity limited to viscosity ratio of 1.000000e+05 in 241 cells 

 Reversed flow on 623 faces of pressure-outlet 7.
     8  3.9585e-01  1.7700e-04  1.9471e-04  1.9064e-04  8.4119e-02  3.9470e+00  8.5812e-02  0:02:28   17

 turbulent viscosity limited to viscosity ratio of 1.000000e+05 in 227 cells 

 Reversed flow on 647 faces of pressure-outlet 7.
     9  3.2831e-01  1.6367e-04  1.7015e-04  1.7839e-04  7.6672e-02  5.5920e-01  7.5087e-02  0:02:17   16

 turbulent viscosity limited to viscosity ratio of 1.000000e+05 in 243 cells 

 Reversed flow on 665 faces of pressure-outlet 7.
    10  2.9781e-01  1.5398e-04  1.5390e-04  1.6932e-04  7.7300e-02  4.5214e-01  6.6746e-02  0:02:07   15

 turbulent viscosity limited to viscosity ratio of 1.000000e+05 in 253 cells 

 Reversed flow on 661 faces of pressure-outlet 7.
    11  3.2022e-01  1.5240e-04  1.4490e-04  1.6847e-04  5.6153e-02  3.5850e-01  6.0076e-02  0:01:54   14

 turbulent viscosity limited to viscosity ratio of 1.000000e+05 in 291 cells 

 Reversed flow on 641 faces of pressure-outlet 7.

  iter  continuity  x-velocity  y-velocity  z-velocity           k     epsilon  vf-phase-2     time/iter
    12  2.7781e-01  1.4383e-04  1.3127e-04  1.6113e-04  4.4283e-02  2.7994e-01  5.4618e-02  0:01:46   13

 turbulent viscosity limited to viscosity ratio of 1.000000e+05 in 325 cells 

 Reversed flow on 625 faces of pressure-outlet 7.
    13  2.7285e-01  1.4003e-04  1.2395e-04  1.5834e-04  3.5896e-02  2.1379e-01  5.0068e-02  0:01:37   12

 turbulent viscosity limited to viscosity ratio of 1.000000e+05 in 384 cells 

 Reversed flow on 637 faces of pressure-outlet 7.
    14  2.5585e-01  1.3415e-04  1.1639e-04  1.5340e-04  3.0144e-02  1.6529e-01  4.6217e-02  0:01:29   11

 turbulent viscosity limited to viscosity ratio of 1.000000e+05 in 469 cells 

 Reversed flow on 624 faces of pressure-outlet 7.
    15  2.8245e-01  1.3473e-04  1.1414e-04  1.5482e-04  2.6208e-02  1.3275e-01  4.2917e-02  0:01:19   10

 turbulent viscosity limited to viscosity ratio of 1.000000e+05 in 580 cells 

 Reversed flow on 630 faces of pressure-outlet 7.
    16  2.5602e-01  1.2904e-04  1.0755e-04  1.5102e-04  2.2715e-02  1.0601e-01  4.0058e-02  0:01:11    9

 turbulent viscosity limited to viscosity ratio of 1.000000e+05 in 719 cells 

 Reversed flow on 664 faces of pressure-outlet 7.
    17  2.6082e-01  1.2752e-04  1.0600e-04  1.5035e-04  2.0026e-02  8.7232e-02  3.7556e-02  0:01:03    8

 turbulent viscosity limited to viscosity ratio of 1.000000e+05 in 852 cells 

 Reversed flow on 658 faces of pressure-outlet 7.
    18  2.8182e-01  1.2799e-04  1.0566e-04  1.5331e-04  1.8101e-02  7.4949e-02  3.5349e-02  0:00:56    7

 turbulent viscosity limited to viscosity ratio of 1.000000e+05 in 1026 cells 

 Reversed flow on 671 faces of pressure-outlet 7.
    19  2.6415e-01  1.2437e-04  1.0181e-04  1.5099e-04  1.6577e-02  6.6243e-02  3.3387e-02  0:00:48    6

 turbulent viscosity limited to viscosity ratio of 1.000000e+05 in 1225 cells 

 Reversed flow on 667 faces of pressure-outlet 7.
    20  2.9105e-01  1.2627e-04  1.0379e-04  1.5407e-04  1.5343e-02  6.7032e-02  3.1631e-02  0:00:39    5

 turbulent viscosity limited to viscosity ratio of 1.000000e+05 in 1485 cells 

 Reversed flow on 679 faces of pressure-outlet 7.
    21  2.7560e-01  1.2379e-04  1.0120e-04  1.5384e-04  1.4361e-02  6.9824e-02  3.0051e-02  0:00:31    4

 turbulent viscosity limited to viscosity ratio of 1.000000e+05 in 1766 cells 

 Reversed flow on 687 faces of pressure-outlet 7.
    22  3.2308e-01  1.2793e-04  1.0613e-04  1.5969e-04  1.3539e-02  6.1645e-02  2.8622e-02  0:00:24    3

 turbulent viscosity limited to viscosity ratio of 1.000000e+05 in 2031 cells 

 Reversed flow on 721 faces of pressure-outlet 7.

  iter  continuity  x-velocity  y-velocity  z-velocity           k     epsilon  vf-phase-2     time/iter
    23  2.9679e-01  1.2583e-04  1.0396e-04  1.5988e-04  1.2809e-02  5.3257e-02  2.7322e-02  0:00:16    2

 turbulent viscosity limited to viscosity ratio of 1.000000e+05 in 2300 cells 

 Reversed flow on 718 faces of pressure-outlet 7.
    24  3.2948e-01  1.2950e-04  1.0789e-04  1.6410e-04  1.2130e-02  4.5542e-02  2.6136e-02  0:00:08    1

 turbulent viscosity limited to viscosity ratio of 1.000000e+05 in 2638 cells 

 Reversed flow on 730 faces of pressure-outlet 7.
    25  3.1247e-01  1.2889e-04  1.0700e-04  1.6564e-04  1.1566e-02  4.0965e-02  2.5048e-02  0:00:00    0
iterate_25: RPC returned
progress: 25/1500

  iter  continuity  x-velocity  y-velocity  z-velocity           k     epsilon  vf-phase-2     time/iter
    25  3.1247e-01  1.2889e-04  1.0700e-04  1.6564e-04  1.1566e-02  4.0965e-02  2.5048e-02  0:03:13   25

 turbulent viscosity limited to viscosity ratio of 1.000000e+05 in 2943 cells 

 Reversed flow on 721 faces of pressure-outlet 7.
    26  3.7208e-01  1.3355e-04  1.1449e-04  1.7495e-04  1.1013e-02  3.7479e-02  2.4048e-02  0:03:07   24

 turbulent viscosity limited to viscosity ratio of 1.000000e+05 in 3232 cells 

 Reversed flow on 720 faces of pressure-outlet 7.
    27  3.3920e-01  1.3218e-04  1.1236e-04  1.7642e-04  1.0545e-02  3.4235e-02  2.3124e-02  0:03:00   23

 turbulent viscosity limited to viscosity ratio of 1.000000e+05 in 3621 cells 

 Reversed flow on 729 faces of pressure-outlet 7.
    28  3.5637e-01  1.3468e-04  1.1602e-04  1.8035e-04  1.0091e-02  3.1202e-02  2.2269e-02  0:02:53   22

 turbulent viscosity limited to viscosity ratio of 1.000000e+05 in 3981 cells 

 Reversed flow on 717 faces of pressure-outlet 7.
    29  3.8730e-01  1.3630e-04  1.1952e-04  1.8419e-04  9.7157e-03  2.9683e-02  2.1475e-02  0:02:46   21

 turbulent viscosity limited to viscosity ratio of 1.000000e+05 in 4320 cells 

 Reversed flow on 710 faces of pressure-outlet 7.
    30  3.6836e-01  1.3551e-04  1.1850e-04  1.8614e-04  9.3938e-03  2.7368e-02  2.0735e-02  0:02:34   20

 turbulent viscosity limited to viscosity ratio of 1.000000e+05 in 4671 cells 

 Reversed flow on 714 faces of pressure-outlet 7.
    31  4.1481e-01  1.3782e-04  1.2490e-04  1.9236e-04  9.0746e-03  2.6094e-02  2.0045e-02  0:02:28   19

 turbulent viscosity limited to viscosity ratio of 1.000000e+05 in 5009 cells 

 Reversed flow on 717 faces of pressure-outlet 7.
    32  3.8833e-01  1.3539e-04  1.2278e-04  1.9222e-04  8.8022e-03  2.4933e-02  1.9400e-02  0:02:21   18

 turbulent viscosity limited to viscosity ratio of 1.000000e+05 in 5340 cells 

 Reversed flow on 713 faces of pressure-outlet 7.
    33  4.2394e-01  1.3626e-04  1.2764e-04  1.9413e-04  8.5391e-03  2.7411e-02  1.8795e-02  0:02:13   17

 turbulent viscosity limited to viscosity ratio of 1.000000e+05 in 5725 cells 

 Reversed flow on 703 faces of pressure-outlet 7.
    34  4.0090e-01  1.3311e-04  1.2555e-04  1.9248e-04  8.3135e-03  2.4421e-02  1.8226e-02  0:02:03   16

 turbulent viscosity limited to viscosity ratio of 1.000000e+05 in 6047 cells 

 Reversed flow on 713 faces of pressure-outlet 7.
    35  4.4054e-01  1.3265e-04  1.2978e-04  1.9153e-04  8.0848e-03  2.2098e-02  1.7691e-02  0:01:56   15

 turbulent viscosity limited to viscosity ratio of 1.000000e+05 in 6387 cells 

 Reversed flow on 713 faces of pressure-outlet 7.

  iter  continuity  x-velocity  y-velocity  z-velocity           k     epsilon  vf-phase-2     time/iter
    36  4.1237e-01  1.2908e-04  1.2757e-04  1.8898e-04  7.8804e-03  2.0625e-02  1.7187e-02  0:01:49   14

 turbulent viscosity limited to viscosity ratio of 1.000000e+05 in 6718 cells 

 Reversed flow on 719 faces of pressure-outlet 7.
    37  4.4885e-01  1.2825e-04  1.3138e-04  1.8706e-04  7.7056e-03  1.9552e-02  1.6710e-02  0:01:42   13

 turbulent viscosity limited to viscosity ratio of 1.000000e+05 in 7061 cells 

 Reversed flow on 712 faces of pressure-outlet 7.
    38  4.1751e-01  1.2439e-04  1.2906e-04  1.8319e-04  7.5648e-03  1.8720e-02  1.6260e-02  0:01:34   12

 turbulent viscosity limited to viscosity ratio of 1.000000e+05 in 7383 cells 

 Reversed flow on 711 faces of pressure-outlet 7.
    39  4.2921e-01  1.2224e-04  1.3035e-04  1.7992e-04  7.4364e-03  1.8035e-02  1.5833e-02  0:01:27   11

 turbulent viscosity limited to viscosity ratio of 1.000000e+05 in 7711 cells 

 Reversed flow on 709 faces of pressure-outlet 7.
    40  4.2876e-01  1.1960e-04  1.3001e-04  1.7654e-04  7.3410e-03  1.7635e-02  1.5427e-02  0:01:17   10

 turbulent viscosity limited to viscosity ratio of 1.000000e+05 in 8067 cells 

 Reversed flow on 710 faces of pressure-outlet 7.
    41  4.2187e-01  1.1692e-04  1.2976e-04  1.7389e-04  7.2683e-03  1.6989e-02  1.5042e-02  0:01:10    9

 turbulent viscosity limited to viscosity ratio of 1.000000e+05 in 8423 cells 

 Reversed flow on 714 faces of pressure-outlet 7.
    42  4.1796e-01  1.1388e-04  1.2903e-04  1.7110e-04  7.2123e-03  1.6972e-02  1.4676e-02  0:01:03    8

 turbulent viscosity limited to viscosity ratio of 1.000000e+05 in 8829 cells 

 Reversed flow on 712 faces of pressure-outlet 7.
    43  4.1915e-01  1.1115e-04  1.2833e-04  1.6855e-04  7.1841e-03  1.7302e-02  1.4327e-02  0:00:55    7

 turbulent viscosity limited to viscosity ratio of 1.000000e+05 in 9168 cells 

 Reversed flow on 706 faces of pressure-outlet 7.
    44  4.1861e-01  1.0861e-04  1.2764e-04  1.6538e-04  7.1796e-03  1.7737e-02  1.3995e-02  0:00:47    6

 turbulent viscosity limited to viscosity ratio of 1.000000e+05 in 9520 cells 

 Reversed flow on 711 faces of pressure-outlet 7.
    45  4.1539e-01  1.0594e-04  1.2698e-04  1.6206e-04  7.1876e-03  1.8280e-02  1.3677e-02  0:00:39    5

 turbulent viscosity limited to viscosity ratio of 1.000000e+05 in 9832 cells 

 Reversed flow on 706 faces of pressure-outlet 7.
    46  4.1754e-01  1.0345e-04  1.2617e-04  1.5896e-04  7.1960e-03  1.8214e-02  1.3374e-02  0:00:31    4

 turbulent viscosity limited to viscosity ratio of 1.000000e+05 in 10150 cells 

 Reversed flow on 702 faces of pressure-outlet 7.

  iter  continuity  x-velocity  y-velocity  z-velocity           k     epsilon  vf-phase-2     time/iter
    47  4.1846e-01  1.0140e-04  1.2543e-04  1.5581e-04  7.2078e-03  1.8220e-02  1.3084e-02  0:00:23    3

 turbulent viscosity limited to viscosity ratio of 1.000000e+05 in 10457 cells 

 Reversed flow on 703 faces of pressure-outlet 7.
    48  4.1898e-01  9.9416e-05  1.2479e-04  1.5275e-04  7.2302e-03  1.8674e-02  1.2806e-02  0:00:16    2

 turbulent viscosity limited to viscosity ratio of 1.000000e+05 in 10809 cells 

 Reversed flow on 709 faces of pressure-outlet 7.
    49  4.2084e-01  9.7711e-05  1.2423e-04  1.4999e-04  7.2518e-03  1.9053e-02  1.2540e-02  0:00:08    1

 turbulent viscosity limited to viscosity ratio of 1.000000e+05 in 11075 cells 

 Reversed flow on 704 faces of pressure-outlet 7.
    50  4.2247e-01  9.6387e-05  1.2370e-04  1.4732e-04  7.2776e-03  1.9234e-02  1.2284e-02  0:00:00    0
iterate_50: RPC returned
progress: 50/1500

  iter  continuity  x-velocity  y-velocity  z-velocity           k     epsilon  vf-phase-2     time/iter
    50  4.2247e-01  9.6387e-05  1.2370e-04  1.4732e-04  7.2776e-03  1.9234e-02  1.2284e-02  0:03:14   25

 turbulent viscosity limited to viscosity ratio of 1.000000e+05 in 11416 cells 

 Reversed flow on 706 faces of pressure-outlet 7.
    51  4.2437e-01  9.5288e-05  1.2334e-04  1.4491e-04  7.3011e-03  2.0023e-02  1.2039e-02  0:03:07   24

 turbulent viscosity limited to viscosity ratio of 1.000000e+05 in 11744 cells 

 Reversed flow on 716 faces of pressure-outlet 7.
    52  4.2602e-01  9.4491e-05  1.2291e-04  1.4275e-04  7.3149e-03  2.0064e-02  1.1803e-02  0:03:00   23

 turbulent viscosity limited to viscosity ratio of 1.000000e+05 in 12008 cells 

 Reversed flow on 712 faces of pressure-outlet 7.
    53  4.2884e-01  9.3880e-05  1.2264e-04  1.4086e-04  7.3101e-03  1.9586e-02  1.1576e-02  0:02:53   22

 turbulent viscosity limited to viscosity ratio of 1.000000e+05 in 12321 cells 

 Reversed flow on 704 faces of pressure-outlet 7.
    54  4.3394e-01  9.3356e-05  1.2247e-04  1.3895e-04  7.3143e-03  1.9618e-02  1.1358e-02  0:02:42   21

 turbulent viscosity limited to viscosity ratio of 1.000000e+05 in 12619 cells 

 Reversed flow on 705 faces of pressure-outlet 7.
    55  4.4039e-01  9.3145e-05  1.2233e-04  1.3692e-04  7.3109e-03  1.9243e-02  1.1148e-02  0:02:35   20

 turbulent viscosity limited to viscosity ratio of 1.000000e+05 in 12879 cells 

 Reversed flow on 710 faces of pressure-outlet 7.
    56  4.4690e-01  9.3120e-05  1.2223e-04  1.3514e-04  7.3025e-03  1.8673e-02  1.0946e-02  0:02:28   19

 turbulent viscosity limited to viscosity ratio of 1.000000e+05 in 13145 cells 

 Reversed flow on 703 faces of pressure-outlet 7.
    57  4.5445e-01  9.3066e-05  1.2221e-04  1.3362e-04  7.2937e-03  1.8494e-02  1.0751e-02  0:02:21   18

 turbulent viscosity limited to viscosity ratio of 1.000000e+05 in 13355 cells 

 Reversed flow on 708 faces of pressure-outlet 7.
    58  4.6196e-01  9.3247e-05  1.2228e-04  1.3229e-04  7.2841e-03  1.7509e-02  1.0562e-02  0:02:10   17

 turbulent viscosity limited to viscosity ratio of 1.000000e+05 in 13585 cells 

 Reversed flow on 710 faces of pressure-outlet 7.
    59  4.6593e-01  9.3102e-05  1.2174e-04  1.3157e-04  7.2777e-03  1.6896e-02  1.0380e-02  0:02:04   16

 turbulent viscosity limited to viscosity ratio of 1.000000e+05 in 13785 cells 

 Reversed flow on 719 faces of pressure-outlet 7.
    60  4.9228e-01  9.4213e-05  1.2269e-04  1.2957e-04  7.2694e-03  1.6328e-02  1.0205e-02  0:01:57   15

 turbulent viscosity limited to viscosity ratio of 1.000000e+05 in 14017 cells 

 Reversed flow on 711 faces of pressure-outlet 7.

  iter  continuity  x-velocity  y-velocity  z-velocity           k     epsilon  vf-phase-2     time/iter
    61  4.8695e-01  9.3808e-05  1.2193e-04  1.2918e-04  7.2703e-03  1.6410e-02  1.0035e-02  0:01:50   14

 turbulent viscosity limited to viscosity ratio of 1.000000e+05 in 14235 cells 

 Reversed flow on 712 faces of pressure-outlet 7.
    62  5.0726e-01  9.4874e-05  1.2261e-04  1.2768e-04  7.2739e-03  1.5672e-02  9.8705e-03  0:01:40   13

 turbulent viscosity limited to viscosity ratio of 1.000000e+05 in 14371 cells 

 Reversed flow on 718 faces of pressure-outlet 7.
    63  5.0342e-01  9.4642e-05  1.2178e-04  1.2744e-04  7.2781e-03  1.5066e-02  9.7115e-03  0:01:33   12

 turbulent viscosity limited to viscosity ratio of 1.000000e+05 in 14526 cells 

 Reversed flow on 711 faces of pressure-outlet 7.
    64  5.2513e-01  9.5852e-05  1.2237e-04  1.2602e-04  7.2941e-03  1.4923e-02  9.5575e-03  0:01:26   11

 turbulent viscosity limited to viscosity ratio of 1.000000e+05 in 14642 cells 

 Reversed flow on 714 faces of pressure-outlet 7.
    65  5.2037e-01  9.5846e-05  1.2155e-04  1.2577e-04  7.3149e-03  1.4642e-02  9.4084e-03  0:01:18   10

 turbulent viscosity limited to viscosity ratio of 1.000000e+05 in 14722 cells 

 Reversed flow on 718 faces of pressure-outlet 7.
    66  5.4247e-01  9.7147e-05  1.2209e-04  1.2459e-04  7.3416e-03  1.4580e-02  9.2638e-03  0:01:09    9

 turbulent viscosity limited to viscosity ratio of 1.000000e+05 in 14825 cells 

 Reversed flow on 724 faces of pressure-outlet 7.
    67  5.3828e-01  9.7284e-05  1.2130e-04  1.2443e-04  7.3763e-03  1.4457e-02  9.1236e-03  0:01:02    8

 turbulent viscosity limited to viscosity ratio of 1.000000e+05 in 14872 cells 

 Reversed flow on 726 faces of pressure-outlet 7.
    68  5.5864e-01  9.8520e-05  1.2188e-04  1.2327e-04  7.4158e-03  1.4535e-02  8.9876e-03  0:00:54    7

 turbulent viscosity limited to viscosity ratio of 1.000000e+05 in 14919 cells 

 Reversed flow on 719 faces of pressure-outlet 7.
    69  5.5673e-01  9.8694e-05  1.2113e-04  1.2315e-04  7.4569e-03  1.4647e-02  8.8556e-03  0:00:47    6

 turbulent viscosity limited to viscosity ratio of 1.000000e+05 in 14983 cells 

 Reversed flow on 721 faces of pressure-outlet 7.
    70  5.7980e-01  9.9952e-05  1.2178e-04  1.2229e-04  7.5019e-03  1.5311e-02  8.7275e-03  0:00:38    5

 turbulent viscosity limited to viscosity ratio of 1.000000e+05 in 15070 cells 

 Reversed flow on 716 faces of pressure-outlet 7.
    71  5.7525e-01  1.0020e-04  1.2117e-04  1.2223e-04  7.5470e-03  1.5858e-02  8.6030e-03  0:00:31    4

 turbulent viscosity limited to viscosity ratio of 1.000000e+05 in 15096 cells 

 Reversed flow on 719 faces of pressure-outlet 7.

  iter  continuity  x-velocity  y-velocity  z-velocity           k     epsilon  vf-phase-2     time/iter
    72  5.9635e-01  1.0147e-04  1.2186e-04  1.2142e-04  7.5877e-03  1.6190e-02  8.4820e-03  0:00:23    3

 turbulent viscosity limited to viscosity ratio of 1.000000e+05 in 15066 cells 

 Reversed flow on 722 faces of pressure-outlet 7.
    73  5.9146e-01  1.0171e-04  1.2126e-04  1.2128e-04  7.6226e-03  1.6116e-02  8.3644e-03  0:00:16    2

 turbulent viscosity limited to viscosity ratio of 1.000000e+05 in 15097 cells 

 Reversed flow on 727 faces of pressure-outlet 7.
    74  6.1166e-01  1.0294e-04  1.2194e-04  1.2053e-04  7.6476e-03  1.6015e-02  8.2499e-03  0:00:08    1

 turbulent viscosity limited to viscosity ratio of 1.000000e+05 in 15084 cells 

 Reversed flow on 718 faces of pressure-outlet 7.
    75  6.0638e-01  1.0318e-04  1.2141e-04  1.2030e-04  7.6747e-03  1.6316e-02  8.1386e-03  0:00:00    0
iterate_75: RPC returned
progress: 75/1500

  iter  continuity  x-velocity  y-velocity  z-velocity           k     epsilon  vf-phase-2     time/iter
    75  6.0638e-01  1.0318e-04  1.2141e-04  1.2030e-04  7.6747e-03  1.6316e-02  8.1386e-03  0:03:13   25

 turbulent viscosity limited to viscosity ratio of 1.000000e+05 in 15097 cells 

 Reversed flow on 718 faces of pressure-outlet 7.
    76  6.2633e-01  1.0429e-04  1.2212e-04  1.1956e-04  7.7037e-03  1.6733e-02  8.0302e-03  0:03:07   24

 turbulent viscosity limited to viscosity ratio of 1.000000e+05 in 15091 cells 

 Reversed flow on 720 faces of pressure-outlet 7.
    77  6.2140e-01  1.0440e-04  1.2158e-04  1.1946e-04  7.7299e-03  1.7230e-02  7.9247e-03  0:03:00   23

 turbulent viscosity limited to viscosity ratio of 1.000000e+05 in 15028 cells 

 Reversed flow on 722 faces of pressure-outlet 7.
    78  6.3746e-01  1.0538e-04  1.2224e-04  1.1900e-04  7.7486e-03  1.7448e-02  7.8219e-03  0:02:53   22

 turbulent viscosity limited to viscosity ratio of 1.000000e+05 in 15014 cells 

 Reversed flow on 730 faces of pressure-outlet 7.
    79  6.3094e-01  1.0541e-04  1.2173e-04  1.1881e-04  7.7653e-03  1.7260e-02  7.7218e-03  0:02:46   21

 turbulent viscosity limited to viscosity ratio of 1.000000e+05 in 14988 cells 

 Reversed flow on 726 faces of pressure-outlet 7.
    80  6.4544e-01  1.0625e-04  1.2224e-04  1.1841e-04  7.7903e-03  1.7347e-02  7.6242e-03  0:02:34   20

 turbulent viscosity limited to viscosity ratio of 1.000000e+05 in 14933 cells 

 Reversed flow on 713 faces of pressure-outlet 7.
    81  6.4018e-01  1.0604e-04  1.2153e-04  1.1817e-04  7.8171e-03  1.7969e-02  7.5290e-03  0:02:28   19

 turbulent viscosity limited to viscosity ratio of 1.000000e+05 in 14915 cells 

 Reversed flow on 717 faces of pressure-outlet 7.
    82  6.5262e-01  1.0666e-04  1.2178e-04  1.1794e-04  7.8531e-03  1.8463e-02  7.4362e-03  0:02:21   18

 turbulent viscosity limited to viscosity ratio of 1.000000e+05 in 14886 cells 

 Reversed flow on 729 faces of pressure-outlet 7.
    83  6.4831e-01  1.0641e-04  1.2113e-04  1.1780e-04  7.8871e-03  1.8856e-02  7.3457e-03  0:02:13   17

 turbulent viscosity limited to viscosity ratio of 1.000000e+05 in 14811 cells 

 Reversed flow on 724 faces of pressure-outlet 7.
    84  6.5970e-01  1.0698e-04  1.2118e-04  1.1794e-04  7.9330e-03  1.9325e-02  7.2573e-03  0:02:03   16

 turbulent viscosity limited to viscosity ratio of 1.000000e+05 in 14770 cells 

 Reversed flow on 726 faces of pressure-outlet 7.
    85  6.5452e-01  1.0662e-04  1.2059e-04  1.1778e-04  7.9842e-03  1.9674e-02  7.1710e-03  0:01:56   15

 turbulent viscosity limited to viscosity ratio of 1.000000e+05 in 14711 cells 

 Reversed flow on 721 faces of pressure-outlet 7.

  iter  continuity  x-velocity  y-velocity  z-velocity           k     epsilon  vf-phase-2     time/iter
    86  6.6241e-01  1.0664e-04  1.2009e-04  1.1769e-04  8.0423e-03  2.0071e-02  7.0868e-03  0:01:49   14

 turbulent viscosity limited to viscosity ratio of 1.000000e+05 in 14628 cells 

 Reversed flow on 717 faces of pressure-outlet 7.
    87  6.7956e-01  1.0734e-04  1.2004e-04  1.1800e-04  8.0998e-03  2.0578e-02  7.0045e-03  0:01:42   13

 turbulent viscosity limited to viscosity ratio of 1.000000e+05 in 14563 cells 

 Reversed flow on 716 faces of pressure-outlet 7.
    88  6.6823e-01  1.0685e-04  1.1919e-04  1.1788e-04  8.1573e-03  2.1099e-02  6.9242e-03  0:01:32   12

 turbulent viscosity limited to viscosity ratio of 1.000000e+05 in 14517 cells 

 Reversed flow on 724 faces of pressure-outlet 7.
    89  6.7287e-01  1.0682e-04  1.1845e-04  1.1778e-04  8.2036e-03  2.1227e-02  6.8457e-03  0:01:25   11

 turbulent viscosity limited to viscosity ratio of 1.000000e+05 in 14470 cells 

 Reversed flow on 713 faces of pressure-outlet 7.
    90  6.8534e-01  1.0740e-04  1.1818e-04  1.1806e-04  8.2336e-03  2.1274e-02  6.7690e-03  0:01:18   10

 turbulent viscosity limited to viscosity ratio of 1.000000e+05 in 14406 cells 

 Reversed flow on 716 faces of pressure-outlet 7.
    91  6.8032e-01  1.0695e-04  1.1739e-04  1.1788e-04  8.3122e-03  2.6389e-02  6.6939e-03  0:01:10    9

 turbulent viscosity limited to viscosity ratio of 1.000000e+05 in 14271 cells 

 Reversed flow on 710 faces of pressure-outlet 7.
    92  6.8603e-01  1.0689e-04  1.1661e-04  1.1764e-04  8.3203e-03  2.2422e-02  6.6205e-03  0:01:03    8

 turbulent viscosity limited to viscosity ratio of 1.000000e+05 in 14215 cells 

 Reversed flow on 717 faces of pressure-outlet 7.
    93  6.9642e-01  1.0756e-04  1.1631e-04  1.1776e-04  8.3001e-03  2.0028e-02  6.5487e-03  0:00:54    7

 turbulent viscosity limited to viscosity ratio of 1.000000e+05 in 14118 cells 

 Reversed flow on 715 faces of pressure-outlet 7.
    94  6.9231e-01  1.0703e-04  1.1546e-04  1.1751e-04  8.2831e-03  1.9051e-02  6.4785e-03  0:00:47    6

 turbulent viscosity limited to viscosity ratio of 1.000000e+05 in 14040 cells 

 Reversed flow on 722 faces of pressure-outlet 7.
    95  7.0018e-01  1.0701e-04  1.1459e-04  1.1740e-04  8.2635e-03  1.8607e-02  6.4096e-03  0:00:39    5

 turbulent viscosity limited to viscosity ratio of 1.000000e+05 in 13966 cells 

 Reversed flow on 709 faces of pressure-outlet 7.
    96  7.0718e-01  1.0705e-04  1.1387e-04  1.1743e-04  8.2383e-03  1.8235e-02  6.3423e-03  0:00:31    4

 turbulent viscosity limited to viscosity ratio of 1.000000e+05 in 13847 cells 

 Reversed flow on 709 faces of pressure-outlet 7.

  iter  continuity  x-velocity  y-velocity  z-velocity           k     epsilon  vf-phase-2     time/iter
    97  7.1140e-01  1.0712e-04  1.1312e-04  1.1735e-04  8.2117e-03  1.7996e-02  6.2763e-03  0:00:23    3

 turbulent viscosity limited to viscosity ratio of 1.000000e+05 in 13787 cells 

 Reversed flow on 710 faces of pressure-outlet 7.
    98  7.1426e-01  1.0719e-04  1.1245e-04  1.1719e-04  8.1817e-03  1.7743e-02  6.2118e-03  0:00:16    2

 turbulent viscosity limited to viscosity ratio of 1.000000e+05 in 13686 cells 

 Reversed flow on 702 faces of pressure-outlet 7.
    99  7.1857e-01  1.0720e-04  1.1181e-04  1.1708e-04  8.1507e-03  1.7669e-02  6.1485e-03  0:00:08    1

 turbulent viscosity limited to viscosity ratio of 1.000000e+05 in 13607 cells 

 Reversed flow on 710 faces of pressure-outlet 7.
iterate_100: RPC returned
progress: 100/1500
   100  7.2383e-01  1.0720e-04  1.1112e-04  1.1683e-04  8.1154e-03  1.7304e-02  6.0865e-03  0:00:00    0

  iter  continuity  x-velocity  y-velocity  z-velocity           k     epsilon  vf-phase-2     time/iter
   100  7.2383e-01  1.0720e-04  1.1112e-04  1.1683e-04  8.1154e-03  1.7304e-02  6.0865e-03  0:03:12   25

 turbulent viscosity limited to viscosity ratio of 1.000000e+05 in 13496 cells 

 Reversed flow on 711 faces of pressure-outlet 7.
   101  7.2864e-01  1.0704e-04  1.1039e-04  1.1667e-04  8.0698e-03  1.7022e-02  6.0258e-03  0:03:11   24

 turbulent viscosity limited to viscosity ratio of 1.000000e+05 in 13385 cells 

 Reversed flow on 710 faces of pressure-outlet 7.
   102  7.3293e-01  1.0684e-04  1.0960e-04  1.1656e-04  8.0103e-03  1.6768e-02  5.9662e-03  0:02:59   23

 turbulent viscosity limited to viscosity ratio of 1.000000e+05 in 13276 cells 

 Reversed flow on 702 faces of pressure-outlet 7.
   103  7.3341e-01  1.0666e-04  1.0883e-04  1.1629e-04  7.9533e-03  1.6506e-02  5.9078e-03  0:02:52   22

 turbulent viscosity limited to viscosity ratio of 1.000000e+05 in 13199 cells 

 Reversed flow on 699 faces of pressure-outlet 7.
   104  7.3351e-01  1.0638e-04  1.0804e-04  1.1604e-04  7.8907e-03  1.6263e-02  5.8505e-03  0:02:45   21

 turbulent viscosity limited to viscosity ratio of 1.000000e+05 in 13092 cells 

 Reversed flow on 698 faces of pressure-outlet 7.
   105  7.3530e-01  1.0596e-04  1.0725e-04  1.1578e-04  7.8314e-03  1.5864e-02  5.7944e-03  0:02:34   20

 turbulent viscosity limited to viscosity ratio of 1.000000e+05 in 12984 cells 

 Reversed flow on 697 faces of pressure-outlet 7.
   106  7.3642e-01  1.0546e-04  1.0648e-04  1.1547e-04  7.7725e-03  1.5411e-02  5.7393e-03  0:02:27   19

 turbulent viscosity limited to viscosity ratio of 1.000000e+05 in 12862 cells 

 Reversed flow on 688 faces of pressure-outlet 7.
   107  7.3842e-01  1.0504e-04  1.0573e-04  1.1510e-04  7.7146e-03  1.5113e-02  5.6853e-03  0:02:20   18

 turbulent viscosity limited to viscosity ratio of 1.000000e+05 in 12791 cells 

 Reversed flow on 693 faces of pressure-outlet 7.
   108  7.3750e-01  1.0447e-04  1.0492e-04  1.1462e-04  7.6578e-03  1.4761e-02  5.6324e-03  0:02:10   17

 turbulent viscosity limited to viscosity ratio of 1.000000e+05 in 12703 cells 

 Reversed flow on 686 faces of pressure-outlet 7.
   109  7.3481e-01  1.0384e-04  1.0411e-04  1.1399e-04  7.5964e-03  1.4624e-02  5.5804e-03  0:02:03   16

 turbulent viscosity limited to viscosity ratio of 1.000000e+05 in 12585 cells 

 Reversed flow on 683 faces of pressure-outlet 7.
   110  7.3127e-01  1.0314e-04  1.0321e-04  1.1340e-04  7.5338e-03  1.4375e-02  5.5293e-03  0:01:57   15

 turbulent viscosity limited to viscosity ratio of 1.000000e+05 in 12482 cells 

 Reversed flow on 690 faces of pressure-outlet 7.

  iter  continuity  x-velocity  y-velocity  z-velocity           k     epsilon  vf-phase-2     time/iter
   111  7.2709e-01  1.0245e-04  1.0235e-04  1.1274e-04  7.4738e-03  1.4275e-02  5.4792e-03  0:01:49   14

 turbulent viscosity limited to viscosity ratio of 1.000000e+05 in 12349 cells 

 Reversed flow on 695 faces of pressure-outlet 7.
   112  7.2252e-01  1.0169e-04  1.0156e-04  1.1204e-04  7.4173e-03  1.4028e-02  5.4300e-03  0:01:39   13

 turbulent viscosity limited to viscosity ratio of 1.000000e+05 in 12217 cells 

 Reversed flow on 695 faces of pressure-outlet 7.
   113  7.1825e-01  1.0092e-04  1.0076e-04  1.1130e-04  7.3727e-03  1.3823e-02  5.3816e-03  0:01:33   12

 turbulent viscosity limited to viscosity ratio of 1.000000e+05 in 12071 cells 

 Reversed flow on 683 faces of pressure-outlet 7.
   114  7.1477e-01  1.0015e-04  9.9928e-05  1.1055e-04  7.3371e-03  1.3799e-02  5.3342e-03  0:01:26   11

 turbulent viscosity limited to viscosity ratio of 1.000000e+05 in 11977 cells 

 Reversed flow on 682 faces of pressure-outlet 7.
   115  7.1027e-01  9.9391e-05  9.9161e-05  1.0982e-04  7.3065e-03  1.3784e-02  5.2875e-03  0:01:18   10

 turbulent viscosity limited to viscosity ratio of 1.000000e+05 in 11853 cells 

 Reversed flow on 682 faces of pressure-outlet 7.
   116  7.0455e-01  9.8659e-05  9.8375e-05  1.0912e-04  7.2848e-03  1.3773e-02  5.2417e-03  0:01:09    9

 turbulent viscosity limited to viscosity ratio of 1.000000e+05 in 11765 cells 

 Reversed flow on 684 faces of pressure-outlet 7.
   117  6.9801e-01  9.7960e-05  9.7644e-05  1.0841e-04  7.2683e-03  1.3797e-02  5.1966e-03  0:01:02    8

 turbulent viscosity limited to viscosity ratio of 1.000000e+05 in 11651 cells 

 Reversed flow on 682 faces of pressure-outlet 7.
   118  6.9052e-01  9.7282e-05  9.6961e-05  1.0763e-04  7.2533e-03  1.3855e-02  5.1523e-03  0:00:54    7

 turbulent viscosity limited to viscosity ratio of 1.000000e+05 in 11550 cells 

 Reversed flow on 673 faces of pressure-outlet 7.
   119  6.8448e-01  9.6637e-05  9.6230e-05  1.0686e-04  7.2415e-03  1.3965e-02  5.1088e-03  0:00:46    6

 turbulent viscosity limited to viscosity ratio of 1.000000e+05 in 11424 cells 

 Reversed flow on 683 faces of pressure-outlet 7.
   120  6.7809e-01  9.5982e-05  9.5547e-05  1.0612e-04  7.2227e-03  1.3949e-02  5.0660e-03  0:00:38    5

 turbulent viscosity limited to viscosity ratio of 1.000000e+05 in 11321 cells 

 Reversed flow on 672 faces of pressure-outlet 7.
   121  6.7284e-01  9.5325e-05  9.4914e-05  1.0541e-04  7.2006e-03  1.3932e-02  5.0239e-03  0:00:31    4

 turbulent viscosity limited to viscosity ratio of 1.000000e+05 in 11210 cells 

 Reversed flow on 676 faces of pressure-outlet 7.

  iter  continuity  x-velocity  y-velocity  z-velocity           k     epsilon  vf-phase-2     time/iter
   122  6.6782e-01  9.4718e-05  9.4239e-05  1.0473e-04  7.1799e-03  1.4076e-02  4.9826e-03  0:00:23    3

 turbulent viscosity limited to viscosity ratio of 1.000000e+05 in 11076 cells 

 Reversed flow on 678 faces of pressure-outlet 7.
   123  6.6228e-01  9.4139e-05  9.3505e-05  1.0406e-04  7.1513e-03  1.4112e-02  4.9419e-03  0:00:15    2

 turbulent viscosity limited to viscosity ratio of 1.000000e+05 in 10975 cells 

 Reversed flow on 669 faces of pressure-outlet 7.
   124  6.5671e-01  9.3466e-05  9.2819e-05  1.0337e-04  7.1113e-03  1.4085e-02  4.9019e-03  0:00:08    1

 turbulent viscosity limited to viscosity ratio of 1.000000e+05 in 10866 cells 

 Reversed flow on 686 faces of pressure-outlet 7.
   125  6.5203e-01  9.2787e-05  9.2162e-05  1.0275e-04  7.0636e-03  1.3982e-02  4.8625e-03  0:00:00    0
iterate_125: RPC returned
progress: 125/1500

  iter  continuity  x-velocity  y-velocity  z-velocity           k     epsilon  vf-phase-2     time/iter
   125  6.5203e-01  9.2787e-05  9.2162e-05  1.0275e-04  7.0636e-03  1.3982e-02  4.8625e-03  0:03:10   25

 turbulent viscosity limited to viscosity ratio of 1.000000e+05 in 10744 cells 

 Reversed flow on 680 faces of pressure-outlet 7.
   126  6.4865e-01  9.2124e-05  9.1472e-05  1.0213e-04  7.0096e-03  1.3881e-02  4.8237e-03  0:03:04   24

 turbulent viscosity limited to viscosity ratio of 1.000000e+05 in 10639 cells 

 Reversed flow on 677 faces of pressure-outlet 7.
   127  6.4480e-01  9.1415e-05  9.0854e-05  1.0152e-04  6.9478e-03  1.3831e-02  4.7856e-03  0:02:58   23

 turbulent viscosity limited to viscosity ratio of 1.000000e+05 in 10520 cells 

 Reversed flow on 670 faces of pressure-outlet 7.
   128  6.4097e-01  9.0697e-05  9.0261e-05  1.0092e-04  6.8894e-03  1.3805e-02  4.7480e-03  0:02:51   22

 turbulent viscosity limited to viscosity ratio of 1.000000e+05 in 10409 cells 

 Reversed flow on 675 faces of pressure-outlet 7.
   129  6.3726e-01  8.9971e-05  8.9599e-05  1.0038e-04  6.8298e-03  1.3578e-02  4.7111e-03  0:02:45   21

 turbulent viscosity limited to viscosity ratio of 1.000000e+05 in 10306 cells 

 Reversed flow on 682 faces of pressure-outlet 7.
   130  6.3353e-01  8.9222e-05  8.8970e-05  9.9811e-05  6.7703e-03  1.3421e-02  4.6747e-03  0:02:33   20

 turbulent viscosity limited to viscosity ratio of 1.000000e+05 in 10229 cells 

 Reversed flow on 675 faces of pressure-outlet 7.
   131  6.2884e-01  8.8522e-05  8.8359e-05  9.9288e-05  6.7108e-03  1.3255e-02  4.6389e-03  0:02:27   19

 turbulent viscosity limited to viscosity ratio of 1.000000e+05 in 10130 cells 

 Reversed flow on 677 faces of pressure-outlet 7.
   132  6.2477e-01  8.7846e-05  8.7767e-05  9.8805e-05  6.6492e-03  1.3048e-02  4.6036e-03  0:02:20   18

 turbulent viscosity limited to viscosity ratio of 1.000000e+05 in 10037 cells 

 Reversed flow on 663 faces of pressure-outlet 7.
   133  6.2118e-01  8.7199e-05  8.7206e-05  9.8338e-05  6.5933e-03  1.3042e-02  4.5688e-03  0:02:10   17

 turbulent viscosity limited to viscosity ratio of 1.000000e+05 in 9945 cells 

 Reversed flow on 667 faces of pressure-outlet 7.
   134  6.1772e-01  8.6561e-05  8.6650e-05  9.7890e-05  6.5419e-03  1.3001e-02  4.5346e-03  0:02:03   16

 turbulent viscosity limited to viscosity ratio of 1.000000e+05 in 9828 cells 

 Reversed flow on 672 faces of pressure-outlet 7.
   135  6.1409e-01  8.5938e-05  8.6190e-05  9.7462e-05  6.4914e-03  1.2958e-02  4.5009e-03  0:01:56   15

 turbulent viscosity limited to viscosity ratio of 1.000000e+05 in 9711 cells 

 Reversed flow on 677 faces of pressure-outlet 7.

  iter  continuity  x-velocity  y-velocity  z-velocity           k     epsilon  vf-phase-2     time/iter
   136  6.1058e-01  8.5283e-05  8.5741e-05  9.7082e-05  6.4444e-03  1.2716e-02  4.4677e-03  0:01:49   14

 turbulent viscosity limited to viscosity ratio of 1.000000e+05 in 9618 cells 

 Reversed flow on 672 faces of pressure-outlet 7.
   137  6.0681e-01  8.4662e-05  8.5299e-05  9.6669e-05  6.4020e-03  1.2560e-02  4.4350e-03  0:01:42   13

 turbulent viscosity limited to viscosity ratio of 1.000000e+05 in 9514 cells 

 Reversed flow on 671 faces of pressure-outlet 7.
   138  6.0418e-01  8.4030e-05  8.4923e-05  9.6330e-05  6.3638e-03  1.2474e-02  4.4028e-03  0:01:35   12

 turbulent viscosity limited to viscosity ratio of 1.000000e+05 in 9424 cells 

 Reversed flow on 657 faces of pressure-outlet 7.
   139  6.0065e-01  8.3439e-05  8.4586e-05  9.6002e-05  6.3247e-03  1.2471e-02  4.3711e-03  0:01:27   11

 turbulent viscosity limited to viscosity ratio of 1.000000e+05 in 9303 cells 

 Reversed flow on 668 faces of pressure-outlet 7.
   140  5.9789e-01  8.2894e-05  8.4245e-05  9.5655e-05  6.2843e-03  1.2366e-02  4.3398e-03  0:01:17   10

 turbulent viscosity limited to viscosity ratio of 1.000000e+05 in 9200 cells 

 Reversed flow on 661 faces of pressure-outlet 7.
   141  5.9633e-01  8.2358e-05  8.3936e-05  9.5368e-05  6.2425e-03  1.2241e-02  4.3090e-03  0:01:10    9

 turbulent viscosity limited to viscosity ratio of 1.000000e+05 in 9077 cells 

 Reversed flow on 651 faces of pressure-outlet 7.
   142  5.9482e-01  8.1898e-05  8.3622e-05  9.5070e-05  6.2001e-03  1.2211e-02  4.2787e-03  0:01:03    8

 turbulent viscosity limited to viscosity ratio of 1.000000e+05 in 8982 cells 

 Reversed flow on 655 faces of pressure-outlet 7.
   143  5.9207e-01  8.1424e-05  8.3300e-05  9.4776e-05  6.1534e-03  1.2217e-02  4.2487e-03  0:00:54    7

 turbulent viscosity limited to viscosity ratio of 1.000000e+05 in 8887 cells 

 Reversed flow on 652 faces of pressure-outlet 7.
   144  5.9041e-01  8.0970e-05  8.3014e-05  9.4550e-05  6.1084e-03  1.2038e-02  4.2192e-03  0:00:46    6

 turbulent viscosity limited to viscosity ratio of 1.000000e+05 in 8764 cells 

 Reversed flow on 647 faces of pressure-outlet 7.
   145  5.8916e-01  8.0587e-05  8.2673e-05  9.4256e-05  6.0626e-03  1.2050e-02  4.1900e-03  0:00:39    5

 turbulent viscosity limited to viscosity ratio of 1.000000e+05 in 8658 cells 

 Reversed flow on 652 faces of pressure-outlet 7.
   146  5.8725e-01  8.0265e-05  8.2347e-05  9.3985e-05  6.0134e-03  1.2025e-02  4.1613e-03  0:00:31    4

 turbulent viscosity limited to viscosity ratio of 1.000000e+05 in 8570 cells 

 Reversed flow on 642 faces of pressure-outlet 7.

  iter  continuity  x-velocity  y-velocity  z-velocity           k     epsilon  vf-phase-2     time/iter
   147  5.8561e-01  7.9946e-05  8.2047e-05  9.3726e-05  5.9604e-03  1.2059e-02  4.1330e-03  0:00:23    3

 turbulent viscosity limited to viscosity ratio of 1.000000e+05 in 8459 cells 

 Reversed flow on 638 faces of pressure-outlet 7.
   148  5.8392e-01  7.9660e-05  8.1790e-05  9.3427e-05  5.9059e-03  1.1944e-02  4.1050e-03  0:00:15    2

 turbulent viscosity limited to viscosity ratio of 1.000000e+05 in 8372 cells 

 Reversed flow on 639 faces of pressure-outlet 7.
   149  5.8312e-01  7.9405e-05  8.1509e-05  9.3151e-05  5.8548e-03  1.1985e-02  4.0775e-03  0:00:08    1

 turbulent viscosity limited to viscosity ratio of 1.000000e+05 in 8272 cells 

 Reversed flow on 637 faces of pressure-outlet 7.
   150  5.8206e-01  7.9165e-05  8.1290e-05  9.2868e-05  5.8027e-03  1.1694e-02  4.0503e-03  0:00:00    0
iterate_150: RPC returned
progress: 150/1500

  iter  continuity  x-velocity  y-velocity  z-velocity           k     epsilon  vf-phase-2     time/iter
   150  5.8206e-01  7.9165e-05  8.1290e-05  9.2868e-05  5.8027e-03  1.1694e-02  4.0503e-03  0:03:11   25

 turbulent viscosity limited to viscosity ratio of 1.000000e+05 in 8173 cells 

 Reversed flow on 635 faces of pressure-outlet 7.
   151  5.8139e-01  7.8942e-05  8.1063e-05  9.2548e-05  5.7474e-03  1.1858e-02  4.0234e-03  0:03:05   24

 turbulent viscosity limited to viscosity ratio of 1.000000e+05 in 8066 cells 

 Reversed flow on 635 faces of pressure-outlet 7.
   152  5.8036e-01  7.8742e-05  8.0880e-05  9.2289e-05  5.6958e-03  1.1635e-02  3.9969e-03  0:02:58   23

 turbulent viscosity limited to viscosity ratio of 1.000000e+05 in 7987 cells 

 Reversed flow on 636 faces of pressure-outlet 7.
   153  5.7955e-01  7.8530e-05  8.0698e-05  9.1983e-05  5.6403e-03  1.1758e-02  3.9707e-03  0:02:47   22

 turbulent viscosity limited to viscosity ratio of 1.000000e+05 in 7891 cells 

 Reversed flow on 621 faces of pressure-outlet 7.
   154  5.7970e-01  7.8332e-05  8.0572e-05  9.1684e-05  5.5849e-03  1.1700e-02  3.9449e-03  0:02:41   21

 turbulent viscosity limited to viscosity ratio of 1.000000e+05 in 7804 cells 

 Reversed flow on 625 faces of pressure-outlet 7.
   155  5.7947e-01  7.8087e-05  8.0428e-05  9.1434e-05  5.5312e-03  1.1713e-02  3.9195e-03  0:02:35   20

 turbulent viscosity limited to viscosity ratio of 1.000000e+05 in 7712 cells 

 Reversed flow on 611 faces of pressure-outlet 7.
   156  5.7923e-01  7.7857e-05  8.0302e-05  9.1213e-05  5.4802e-03  1.1652e-02  3.8944e-03  0:02:28   19

 turbulent viscosity limited to viscosity ratio of 1.000000e+05 in 7627 cells 

 Reversed flow on 613 faces of pressure-outlet 7.
   157  5.7868e-01  7.7633e-05  8.0157e-05  9.0944e-05  5.4296e-03  1.1432e-02  3.8696e-03  0:02:18   18

 turbulent viscosity limited to viscosity ratio of 1.000000e+05 in 7537 cells 

 Reversed flow on 618 faces of pressure-outlet 7.
   158  5.7784e-01  7.7396e-05  8.0022e-05  9.0724e-05  5.3857e-03  1.1358e-02  3.8451e-03  0:02:11   17

 turbulent viscosity limited to viscosity ratio of 1.000000e+05 in 7451 cells 

 Reversed flow on 609 faces of pressure-outlet 7.
   159  5.7606e-01  7.7155e-05  7.9889e-05  9.0542e-05  5.3413e-03  1.1008e-02  3.8210e-03  0:02:04   16

 turbulent viscosity limited to viscosity ratio of 1.000000e+05 in 7351 cells 

 Reversed flow on 601 faces of pressure-outlet 7.
   160  5.7498e-01  7.6896e-05  7.9757e-05  9.0345e-05  5.2990e-03  1.0820e-02  3.7971e-03  0:01:57   15

 turbulent viscosity limited to viscosity ratio of 1.000000e+05 in 7248 cells 

 Reversed flow on 590 faces of pressure-outlet 7.

  iter  continuity  x-velocity  y-velocity  z-velocity           k     epsilon  vf-phase-2     time/iter
   161  5.7315e-01  7.6660e-05  7.9600e-05  9.0141e-05  5.2610e-03  1.0993e-02  3.7735e-03  0:01:47   14

 turbulent viscosity limited to viscosity ratio of 1.000000e+05 in 7159 cells 

 Reversed flow on 595 faces of pressure-outlet 7.
   162  5.7194e-01  7.6436e-05  7.9481e-05  8.9992e-05  5.2254e-03  1.1169e-02  3.7503e-03  0:01:40   13

 turbulent viscosity limited to viscosity ratio of 1.000000e+05 in 7054 cells 

 Reversed flow on 595 faces of pressure-outlet 7.
   163  5.7150e-01  7.6233e-05  7.9330e-05  8.9869e-05  5.1909e-03  1.1034e-02  3.7273e-03  0:01:33   12

 turbulent viscosity limited to viscosity ratio of 1.000000e+05 in 6975 cells 

 Reversed flow on 595 faces of pressure-outlet 7.
   164  5.7094e-01  7.6063e-05  7.9235e-05  8.9780e-05  5.1586e-03  1.1101e-02  3.7046e-03  0:01:24   11

 turbulent viscosity limited to viscosity ratio of 1.000000e+05 in 6905 cells 

 Reversed flow on 580 faces of pressure-outlet 7.
   165  5.7006e-01  7.5895e-05  7.9153e-05  8.9680e-05  5.1233e-03  1.1074e-02  3.6822e-03  0:01:17   10

 turbulent viscosity limited to viscosity ratio of 1.000000e+05 in 6826 cells 

 Reversed flow on 593 faces of pressure-outlet 7.
   166  5.7012e-01  7.5758e-05  7.9106e-05  8.9597e-05  5.0864e-03  1.0789e-02  3.6601e-03  0:01:10    9

 turbulent viscosity limited to viscosity ratio of 1.000000e+05 in 6747 cells 

 Reversed flow on 594 faces of pressure-outlet 7.
   167  5.6983e-01  7.5626e-05  7.9074e-05  8.9522e-05  5.0527e-03  1.0861e-02  3.6382e-03  0:01:02    8

 turbulent viscosity limited to viscosity ratio of 1.000000e+05 in 6661 cells 

 Reversed flow on 590 faces of pressure-outlet 7.
   168  5.7014e-01  7.5532e-05  7.9023e-05  8.9514e-05  5.0202e-03  1.0784e-02  3.6166e-03  0:00:54    7

 turbulent viscosity limited to viscosity ratio of 1.000000e+05 in 6589 cells 

 Reversed flow on 577 faces of pressure-outlet 7.
   169  5.7088e-01  7.5460e-05  7.9006e-05  8.9486e-05  4.9869e-03  1.0863e-02  3.5953e-03  0:00:46    6

 turbulent viscosity limited to viscosity ratio of 1.000000e+05 in 6502 cells 

 Reversed flow on 577 faces of pressure-outlet 7.
   170  5.7191e-01  7.5437e-05  7.8982e-05  8.9481e-05  4.9560e-03  1.0748e-02  3.5743e-03  0:00:39    5

 turbulent viscosity limited to viscosity ratio of 1.000000e+05 in 6401 cells 

 Reversed flow on 578 faces of pressure-outlet 7.
   171  5.7321e-01  7.5433e-05  7.8988e-05  8.9455e-05  4.9250e-03  1.0750e-02  3.5535e-03  0:00:30    4

 turbulent viscosity limited to viscosity ratio of 1.000000e+05 in 6315 cells 

 Reversed flow on 582 faces of pressure-outlet 7.

  iter  continuity  x-velocity  y-velocity  z-velocity           k     epsilon  vf-phase-2     time/iter
   172  5.7374e-01  7.5458e-05  7.9021e-05  8.9449e-05  4.8955e-03  1.0889e-02  3.5329e-03  0:00:23    3

 turbulent viscosity limited to viscosity ratio of 1.000000e+05 in 6228 cells 

 Reversed flow on 570 faces of pressure-outlet 7.
   173  5.7375e-01  7.5482e-05  7.9045e-05  8.9439e-05  4.8660e-03  1.0985e-02  3.5125e-03  0:00:16    2

 turbulent viscosity limited to viscosity ratio of 1.000000e+05 in 6149 cells 

 Reversed flow on 569 faces of pressure-outlet 7.
   174  5.7380e-01  7.5515e-05  7.9068e-05  8.9465e-05  4.8362e-03  1.0962e-02  3.4923e-03  0:00:08    1

 turbulent viscosity limited to viscosity ratio of 1.000000e+05 in 6085 cells 

 Reversed flow on 574 faces of pressure-outlet 7.
   175  5.7429e-01  7.5577e-05  7.9131e-05  8.9503e-05  4.8030e-03  1.0785e-02  3.4725e-03  0:00:00    0
iterate_175: RPC returned
progress: 175/1500

  iter  continuity  x-velocity  y-velocity  z-velocity           k     epsilon  vf-phase-2     time/iter
   175  5.7429e-01  7.5577e-05  7.9131e-05  8.9503e-05  4.8030e-03  1.0785e-02  3.4725e-03  0:03:11   25

 turbulent viscosity limited to viscosity ratio of 1.000000e+05 in 6030 cells 

 Reversed flow on 567 faces of pressure-outlet 7.
   176  5.7478e-01  7.5659e-05  7.9208e-05  8.9519e-05  4.7725e-03  1.0857e-02  3.4528e-03  0:03:05   24

 turbulent viscosity limited to viscosity ratio of 1.000000e+05 in 5957 cells 

 Reversed flow on 565 faces of pressure-outlet 7.
   177  5.7482e-01  7.5757e-05  7.9268e-05  8.9544e-05  4.7424e-03  1.0826e-02  3.4333e-03  0:02:59   23

 turbulent viscosity limited to viscosity ratio of 1.000000e+05 in 5895 cells 

 Reversed flow on 555 faces of pressure-outlet 7.
   178  5.7552e-01  7.5842e-05  7.9331e-05  8.9578e-05  4.7144e-03  1.1026e-02  3.4141e-03  0:02:48   22

 turbulent viscosity limited to viscosity ratio of 1.000000e+05 in 5820 cells 

 Reversed flow on 557 faces of pressure-outlet 7.
   179  5.7581e-01  7.5955e-05  7.9406e-05  8.9600e-05  4.6870e-03  1.1272e-02  3.3951e-03  0:02:42   21

 turbulent viscosity limited to viscosity ratio of 1.000000e+05 in 5771 cells 

 Reversed flow on 560 faces of pressure-outlet 7.
   180  5.7606e-01  7.6061e-05  7.9510e-05  8.9633e-05  4.6592e-03  1.1246e-02  3.3763e-03  0:02:35   20

 turbulent viscosity limited to viscosity ratio of 1.000000e+05 in 5702 cells 

 Reversed flow on 564 faces of pressure-outlet 7.
   181  5.7686e-01  7.6170e-05  7.9665e-05  8.9657e-05  4.6341e-03  1.1212e-02  3.3578e-03  0:02:28   19

 turbulent viscosity limited to viscosity ratio of 1.000000e+05 in 5641 cells 

 Reversed flow on 551 faces of pressure-outlet 7.
   182  5.7722e-01  7.6317e-05  7.9815e-05  8.9668e-05  4.6091e-03  1.0975e-02  3.3395e-03  0:02:18   18

 turbulent viscosity limited to viscosity ratio of 1.000000e+05 in 5582 cells 

 Reversed flow on 558 faces of pressure-outlet 7.
   183  5.7762e-01  7.6437e-05  7.9958e-05  8.9691e-05  4.5879e-03  1.1142e-02  3.3213e-03  0:02:11   17

 turbulent viscosity limited to viscosity ratio of 1.000000e+05 in 5517 cells 

 Reversed flow on 549 faces of pressure-outlet 7.
   184  5.7855e-01  7.6596e-05  8.0048e-05  8.9710e-05  4.5670e-03  1.1153e-02  3.3033e-03  0:02:04   16

 turbulent viscosity limited to viscosity ratio of 1.000000e+05 in 5454 cells 

 Reversed flow on 548 faces of pressure-outlet 7.
   185  5.7861e-01  7.6754e-05  8.0144e-05  8.9748e-05  4.5496e-03  1.1268e-02  3.2855e-03  0:01:54   15

 turbulent viscosity limited to viscosity ratio of 1.000000e+05 in 5396 cells 

 Reversed flow on 549 faces of pressure-outlet 7.

  iter  continuity  x-velocity  y-velocity  z-velocity           k     epsilon  vf-phase-2     time/iter
   186  5.7860e-01  7.6912e-05  8.0255e-05  8.9800e-05  4.5307e-03  1.1118e-02  3.2679e-03  0:01:48   14

 turbulent viscosity limited to viscosity ratio of 1.000000e+05 in 5343 cells 

 Reversed flow on 533 faces of pressure-outlet 7.
   187  5.7926e-01  7.7079e-05  8.0353e-05  8.9842e-05  4.5151e-03  1.1429e-02  3.2505e-03  0:01:41   13

 turbulent viscosity limited to viscosity ratio of 1.000000e+05 in 5276 cells 

 Reversed flow on 525 faces of pressure-outlet 7.
   188  5.7986e-01  7.7223e-05  8.0484e-05  8.9875e-05  4.5000e-03  1.1758e-02  3.2331e-03  0:01:34   12

 turbulent viscosity limited to viscosity ratio of 1.000000e+05 in 5225 cells 

 Reversed flow on 526 faces of pressure-outlet 7.
   189  5.8024e-01  7.7397e-05  8.0623e-05  8.9866e-05  4.4825e-03  1.1619e-02  3.2160e-03  0:01:24   11

 turbulent viscosity limited to viscosity ratio of 1.000000e+05 in 5180 cells 

 Reversed flow on 524 faces of pressure-outlet 7.
   190  5.8006e-01  7.7541e-05  8.0733e-05  8.9875e-05  4.4656e-03  1.1420e-02  3.1991e-03  0:01:17   10

 turbulent viscosity limited to viscosity ratio of 1.000000e+05 in 5122 cells 

 Reversed flow on 528 faces of pressure-outlet 7.
   191  5.7947e-01  7.7707e-05  8.0824e-05  8.9901e-05  4.4517e-03  1.2153e-02  3.1824e-03  0:01:10    9

 turbulent viscosity limited to viscosity ratio of 1.000000e+05 in 5063 cells 

 Reversed flow on 531 faces of pressure-outlet 7.
   192  5.7921e-01  7.7842e-05  8.0846e-05  8.9893e-05  4.4334e-03  1.2048e-02  3.1659e-03  0:01:01    8

 turbulent viscosity limited to viscosity ratio of 1.000000e+05 in 5008 cells 

 Reversed flow on 535 faces of pressure-outlet 7.
   193  5.7934e-01  7.7980e-05  8.0928e-05  8.9853e-05  4.4127e-03  1.1653e-02  3.1495e-03  0:00:54    7

 turbulent viscosity limited to viscosity ratio of 1.000000e+05 in 4963 cells 

 Reversed flow on 523 faces of pressure-outlet 7.
   194  5.7877e-01  7.8119e-05  8.1038e-05  8.9836e-05  4.3949e-03  1.1487e-02  3.1334e-03  0:00:47    6

 turbulent viscosity limited to viscosity ratio of 1.000000e+05 in 4897 cells 

 Reversed flow on 523 faces of pressure-outlet 7.
   195  5.7886e-01  7.8234e-05  8.1064e-05  8.9803e-05  4.3791e-03  1.1813e-02  3.1173e-03  0:00:38    5

 turbulent viscosity limited to viscosity ratio of 1.000000e+05 in 4840 cells 

 Reversed flow on 505 faces of pressure-outlet 7.
   196  5.7967e-01  7.8381e-05  8.1099e-05  8.9674e-05  4.3620e-03  1.1777e-02  3.1015e-03  0:00:31    4

 turbulent viscosity limited to viscosity ratio of 1.000000e+05 in 4789 cells 

 Reversed flow on 513 faces of pressure-outlet 7.

  iter  continuity  x-velocity  y-velocity  z-velocity           k     epsilon  vf-phase-2     time/iter
   197  5.8027e-01  7.8504e-05  8.1131e-05  8.9534e-05  4.3463e-03  1.2478e-02  3.0859e-03  0:00:23    3

 turbulent viscosity limited to viscosity ratio of 1.000000e+05 in 4740 cells 

 Reversed flow on 511 faces of pressure-outlet 7.
   198  5.7992e-01  7.8635e-05  8.1141e-05  8.9389e-05  4.3291e-03  1.2660e-02  3.0704e-03  0:00:15    2

 turbulent viscosity limited to viscosity ratio of 1.000000e+05 in 4683 cells 

 Reversed flow on 515 faces of pressure-outlet 7.
   199  5.7965e-01  7.8799e-05  8.1144e-05  8.9214e-05  4.3096e-03  1.2112e-02  3.0551e-03  0:00:08    1

 turbulent viscosity limited to viscosity ratio of 1.000000e+05 in 4634 cells 

 Reversed flow on 499 faces of pressure-outlet 7.
   200  5.7914e-01  7.8909e-05  8.1144e-05  8.9060e-05  4.2933e-03  1.2668e-02  3.0399e-03  0:00:00    0
iterate_200: RPC returned
progress: 200/1500

  iter  continuity  x-velocity  y-velocity  z-velocity           k     epsilon  vf-phase-2     time/iter
   200  5.7914e-01  7.8909e-05  8.1144e-05  8.9060e-05  4.2933e-03  1.2668e-02  3.0399e-03  0:03:14   25

 turbulent viscosity limited to viscosity ratio of 1.000000e+05 in 4590 cells 

 Reversed flow on 498 faces of pressure-outlet 7.
   201  5.7860e-01  7.9043e-05  8.1119e-05  8.8877e-05  4.2792e-03  1.3539e-02  3.0249e-03  0:03:07   24

 turbulent viscosity limited to viscosity ratio of 1.000000e+05 in 4532 cells 

 Reversed flow on 506 faces of pressure-outlet 7.
   202  5.7877e-01  7.9176e-05  8.1053e-05  8.8680e-05  4.2584e-03  1.2881e-02  3.0100e-03  0:03:00   23

 turbulent viscosity limited to viscosity ratio of 1.000000e+05 in 4481 cells 

 Reversed flow on 503 faces of pressure-outlet 7.
   203  5.7916e-01  7.9287e-05  8.1030e-05  8.8483e-05  4.2379e-03  1.2405e-02  2.9953e-03  0:02:53   22

 turbulent viscosity limited to viscosity ratio of 1.000000e+05 in 4432 cells 

 Reversed flow on 505 faces of pressure-outlet 7.
   204  5.7915e-01  7.9399e-05  8.1002e-05  8.8246e-05  4.2217e-03  1.2389e-02  2.9807e-03  0:02:42   21

 turbulent viscosity limited to viscosity ratio of 1.000000e+05 in 4384 cells 

 Reversed flow on 500 faces of pressure-outlet 7.
   205  5.7874e-01  7.9547e-05  8.0949e-05  8.8044e-05  4.2071e-03  1.2083e-02  2.9662e-03  0:02:35   20

 turbulent viscosity limited to viscosity ratio of 1.000000e+05 in 4336 cells 

 Reversed flow on 492 faces of pressure-outlet 7.
   206  5.7884e-01  7.9653e-05  8.0900e-05  8.7824e-05  4.1945e-03  1.2632e-02  2.9519e-03  0:02:28   19

 turbulent viscosity limited to viscosity ratio of 1.000000e+05 in 4289 cells 

 Reversed flow on 494 faces of pressure-outlet 7.
   207  5.7869e-01  7.9766e-05  8.0820e-05  8.7628e-05  4.1775e-03  1.2212e-02  2.9377e-03  0:02:21   18

 turbulent viscosity limited to viscosity ratio of 1.000000e+05 in 4246 cells 

 Reversed flow on 504 faces of pressure-outlet 7.
   208  5.7881e-01  7.9875e-05  8.0762e-05  8.7433e-05  4.1601e-03  1.1925e-02  2.9236e-03  0:02:10   17

 turbulent viscosity limited to viscosity ratio of 1.000000e+05 in 4192 cells 

 Reversed flow on 507 faces of pressure-outlet 7.
   209  5.7881e-01  8.0000e-05  8.0685e-05  8.7238e-05  4.1424e-03  1.1516e-02  2.9097e-03  0:02:04   16

 turbulent viscosity limited to viscosity ratio of 1.000000e+05 in 4145 cells 

 Reversed flow on 501 faces of pressure-outlet 7.
   210  5.7905e-01  8.0110e-05  8.0622e-05  8.7039e-05  4.1269e-03  1.1389e-02  2.8960e-03  0:01:57   15

 turbulent viscosity limited to viscosity ratio of 1.000000e+05 in 4105 cells 

 Reversed flow on 499 faces of pressure-outlet 7.

  iter  continuity  x-velocity  y-velocity  z-velocity           k     epsilon  vf-phase-2     time/iter
   211  5.7889e-01  8.0184e-05  8.0579e-05  8.6815e-05  4.1118e-03  1.1411e-02  2.8823e-03  0:01:50   14

 turbulent viscosity limited to viscosity ratio of 1.000000e+05 in 4058 cells 

 Reversed flow on 487 faces of pressure-outlet 7.
   212  5.7921e-01  8.0260e-05  8.0535e-05  8.6640e-05  4.0951e-03  1.1695e-02  2.8687e-03  0:01:40   13

 turbulent viscosity limited to viscosity ratio of 1.000000e+05 in 4014 cells 

 Reversed flow on 488 faces of pressure-outlet 7.
   213  5.7980e-01  8.0322e-05  8.0506e-05  8.6445e-05  4.0802e-03  1.2023e-02  2.8553e-03  0:01:33   12

 turbulent viscosity limited to viscosity ratio of 1.000000e+05 in 3971 cells 

 Reversed flow on 492 faces of pressure-outlet 7.
   214  5.8040e-01  8.0383e-05  8.0442e-05  8.6285e-05  4.0637e-03  1.2025e-02  2.8419e-03  0:01:26   11

 turbulent viscosity limited to viscosity ratio of 1.000000e+05 in 3922 cells 

 Reversed flow on 486 faces of pressure-outlet 7.
   215  5.8125e-01  8.0391e-05  8.0450e-05  8.6080e-05  4.0470e-03  1.2019e-02  2.8287e-03  0:01:16   10

 turbulent viscosity limited to viscosity ratio of 1.000000e+05 in 3877 cells 

 Reversed flow on 497 faces of pressure-outlet 7.
   216  5.8171e-01  8.0424e-05  8.0463e-05  8.5924e-05  4.0289e-03  1.1553e-02  2.8156e-03  0:01:09    9

 turbulent viscosity limited to viscosity ratio of 1.000000e+05 in 3836 cells 

 Reversed flow on 500 faces of pressure-outlet 7.
   217  5.8221e-01  8.0442e-05  8.0435e-05  8.5725e-05  4.0138e-03  1.1803e-02  2.8026e-03  0:01:02    8

 turbulent viscosity limited to viscosity ratio of 1.000000e+05 in 3806 cells 

 Reversed flow on 484 faces of pressure-outlet 7.
   218  5.8239e-01  8.0444e-05  8.0415e-05  8.5531e-05  3.9959e-03  1.1743e-02  2.7897e-03  0:00:53    7

 turbulent viscosity limited to viscosity ratio of 1.000000e+05 in 3766 cells 

 Reversed flow on 474 faces of pressure-outlet 7.
   219  5.8222e-01  8.0422e-05  8.0438e-05  8.5342e-05  3.9782e-03  1.2080e-02  2.7770e-03  0:00:46    6

 turbulent viscosity limited to viscosity ratio of 1.000000e+05 in 3731 cells 

 Reversed flow on 493 faces of pressure-outlet 7.
   220  5.8206e-01  8.0391e-05  8.0484e-05  8.5173e-05  3.9636e-03  1.1921e-02  2.7644e-03  0:00:39    5

 turbulent viscosity limited to viscosity ratio of 1.000000e+05 in 3699 cells 

 Reversed flow on 493 faces of pressure-outlet 7.
   221  5.8187e-01  8.0308e-05  8.0554e-05  8.5028e-05  3.9444e-03  1.1321e-02  2.7519e-03  0:00:31    4

 turbulent viscosity limited to viscosity ratio of 1.000000e+05 in 3653 cells 

 Reversed flow on 485 faces of pressure-outlet 7.

  iter  continuity  x-velocity  y-velocity  z-velocity           k     epsilon  vf-phase-2     time/iter
   222  5.8157e-01  8.0262e-05  8.0596e-05  8.4867e-05  3.9266e-03  1.1000e-02  2.7395e-03  0:00:23    3

 turbulent viscosity limited to viscosity ratio of 1.000000e+05 in 3615 cells 

 Reversed flow on 486 faces of pressure-outlet 7.
   223  5.8237e-01  8.0212e-05  8.0636e-05  8.4730e-05  3.9117e-03  1.1091e-02  2.7273e-03  0:00:15    2

 turbulent viscosity limited to viscosity ratio of 1.000000e+05 in 3578 cells 

 Reversed flow on 487 faces of pressure-outlet 7.
   224  5.8322e-01  8.0183e-05  8.0681e-05  8.4600e-05  3.9006e-03  1.2409e-02  2.7152e-03  0:00:08    1

 turbulent viscosity limited to viscosity ratio of 1.000000e+05 in 3554 cells 

 Reversed flow on 477 faces of pressure-outlet 7.
   225  5.8374e-01  8.0128e-05  8.0765e-05  8.4505e-05  3.8895e-03  1.1755e-02  2.7032e-03  0:00:00    0
iterate_225: RPC returned
progress: 225/1500

  iter  continuity  x-velocity  y-velocity  z-velocity           k     epsilon  vf-phase-2     time/iter
   225  5.8374e-01  8.0128e-05  8.0765e-05  8.4505e-05  3.8895e-03  1.1755e-02  2.7032e-03  0:03:15   25

 turbulent viscosity limited to viscosity ratio of 1.000000e+05 in 3518 cells 

 Reversed flow on 476 faces of pressure-outlet 7.
   226  5.8452e-01  8.0064e-05  8.0840e-05  8.4413e-05  3.8749e-03  1.1730e-02  2.6914e-03  0:03:08   24

 turbulent viscosity limited to viscosity ratio of 1.000000e+05 in 3489 cells 

 Reversed flow on 472 faces of pressure-outlet 7.
   227  5.8649e-01  8.0032e-05  8.0940e-05  8.4308e-05  3.8590e-03  1.1309e-02  2.6797e-03  0:03:01   23

 turbulent viscosity limited to viscosity ratio of 1.000000e+05 in 3455 cells 

 Reversed flow on 479 faces of pressure-outlet 7.
   228  5.8697e-01  8.0002e-05  8.0999e-05  8.4237e-05  3.8430e-03  1.1413e-02  2.6681e-03  0:02:54   22

 turbulent viscosity limited to viscosity ratio of 1.000000e+05 in 3422 cells 

 Reversed flow on 483 faces of pressure-outlet 7.
   229  5.8829e-01  8.0014e-05  8.1111e-05  8.4158e-05  3.8334e-03  1.2058e-02  2.6565e-03  0:02:42   21

 turbulent viscosity limited to viscosity ratio of 1.000000e+05 in 3395 cells 

 Reversed flow on 470 faces of pressure-outlet 7.
   230  5.8981e-01  8.0011e-05  8.1261e-05  8.4077e-05  3.8232e-03  1.1738e-02  2.6450e-03  0:02:36   20

 turbulent viscosity limited to viscosity ratio of 1.000000e+05 in 3369 cells 

 Reversed flow on 466 faces of pressure-outlet 7.
   231  5.9154e-01  8.0017e-05  8.1355e-05  8.4040e-05  3.8103e-03  1.1912e-02  2.6336e-03  0:02:29   19

 turbulent viscosity limited to viscosity ratio of 1.000000e+05 in 3338 cells 

 Reversed flow on 463 faces of pressure-outlet 7.
   232  5.9362e-01  8.0042e-05  8.1448e-05  8.3951e-05  3.7981e-03  1.1455e-02  2.6223e-03  0:02:21   18

 turbulent viscosity limited to viscosity ratio of 1.000000e+05 in 3290 cells 

 Reversed flow on 463 faces of pressure-outlet 7.
   233  5.9517e-01  8.0082e-05  8.1543e-05  8.3855e-05  3.7839e-03  1.0856e-02  2.6111e-03  0:02:11   17

 turbulent viscosity limited to viscosity ratio of 1.000000e+05 in 3248 cells 

 Reversed flow on 461 faces of pressure-outlet 7.
   234  5.9646e-01  8.0136e-05  8.1585e-05  8.3757e-05  3.7768e-03  1.1822e-02  2.6000e-03  0:02:04   16

 turbulent viscosity limited to viscosity ratio of 1.000000e+05 in 3225 cells 

 Reversed flow on 466 faces of pressure-outlet 7.
   235  5.9821e-01  8.0174e-05  8.1671e-05  8.3645e-05  3.7652e-03  1.1450e-02  2.5890e-03  0:01:57   15

 turbulent viscosity limited to viscosity ratio of 1.000000e+05 in 3195 cells 

 Reversed flow on 460 faces of pressure-outlet 7.

  iter  continuity  x-velocity  y-velocity  z-velocity           k     epsilon  vf-phase-2     time/iter
   236  5.9923e-01  8.0153e-05  8.1725e-05  8.3563e-05  3.7503e-03  1.0714e-02  2.5780e-03  0:01:50   14

 turbulent viscosity limited to viscosity ratio of 1.000000e+05 in 3164 cells 

 Reversed flow on 463 faces of pressure-outlet 7.
   237  6.0035e-01  8.0123e-05  8.1781e-05  8.3466e-05  3.7412e-03  1.1127e-02  2.5672e-03  0:01:40   13

 turbulent viscosity limited to viscosity ratio of 1.000000e+05 in 3137 cells 

 Reversed flow on 460 faces of pressure-outlet 7.
   238  5.9982e-01  8.0084e-05  8.1784e-05  8.3356e-05  3.7301e-03  1.0533e-02  2.5564e-03  0:01:33   12

 turbulent viscosity limited to viscosity ratio of 1.000000e+05 in 3110 cells 

 Reversed flow on 452 faces of pressure-outlet 7.
   239  5.9946e-01  8.0062e-05  8.1796e-05  8.3183e-05  3.7235e-03  1.3583e-02  2.5458e-03  0:01:26   11

 turbulent viscosity limited to viscosity ratio of 1.000000e+05 in 3084 cells 

 Reversed flow on 455 faces of pressure-outlet 7.
   240  5.9978e-01  8.0031e-05  8.1775e-05  8.3036e-05  3.7090e-03  1.2430e-02  2.5352e-03  0:01:18   10

 turbulent viscosity limited to viscosity ratio of 1.000000e+05 in 3055 cells 

 Reversed flow on 446 faces of pressure-outlet 7.
   241  6.0044e-01  8.0015e-05  8.1782e-05  8.2827e-05  3.7079e-03  1.2817e-02  2.5248e-03  0:01:09    9

 turbulent viscosity limited to viscosity ratio of 1.000000e+05 in 3024 cells 

 Reversed flow on 442 faces of pressure-outlet 7.
   242  6.0013e-01  7.9976e-05  8.1787e-05  8.2667e-05  3.6903e-03  1.0973e-02  2.5144e-03  0:01:02    8

 turbulent viscosity limited to viscosity ratio of 1.000000e+05 in 3004 cells 

 Reversed flow on 446 faces of pressure-outlet 7.
   243  5.9970e-01  7.9882e-05  8.1768e-05  8.2476e-05  3.6782e-03  1.1279e-02  2.5041e-03  0:00:55    7

 turbulent viscosity limited to viscosity ratio of 1.000000e+05 in 2976 cells 

 Reversed flow on 453 faces of pressure-outlet 7.
   244  5.9839e-01  7.9826e-05  8.1750e-05  8.2306e-05  3.6660e-03  1.0378e-02  2.4940e-03  0:00:46    6

 turbulent viscosity limited to viscosity ratio of 1.000000e+05 in 2949 cells 

 Reversed flow on 445 faces of pressure-outlet 7.
   245  5.9780e-01  7.9733e-05  8.1694e-05  8.2169e-05  3.6571e-03  1.0498e-02  2.4839e-03  0:00:39    5

 turbulent viscosity limited to viscosity ratio of 1.000000e+05 in 2924 cells 

 Reversed flow on 444 faces of pressure-outlet 7.
   246  5.9787e-01  7.9708e-05  8.1636e-05  8.1974e-05  3.6462e-03  1.0273e-02  2.4738e-03  0:00:31    4

 turbulent viscosity limited to viscosity ratio of 1.000000e+05 in 2899 cells 

 Reversed flow on 446 faces of pressure-outlet 7.

  iter  continuity  x-velocity  y-velocity  z-velocity           k     epsilon  vf-phase-2     time/iter
   247  5.9670e-01  7.9620e-05  8.1605e-05  8.1789e-05  3.6375e-03  1.0233e-02  2.4638e-03  0:00:23    3

 turbulent viscosity limited to viscosity ratio of 1.000000e+05 in 2884 cells 

 Reversed flow on 440 faces of pressure-outlet 7.
   248  5.9622e-01  7.9556e-05  8.1551e-05  8.1606e-05  3.6297e-03  1.0222e-02  2.4539e-03  0:00:15    2

 turbulent viscosity limited to viscosity ratio of 1.000000e+05 in 2861 cells 

 Reversed flow on 439 faces of pressure-outlet 7.
   249  5.9558e-01  7.9515e-05  8.1520e-05  8.1417e-05  3.6250e-03  1.0264e-02  2.4441e-03  0:00:08    1

 turbulent viscosity limited to viscosity ratio of 1.000000e+05 in 2831 cells 

 Reversed flow on 436 faces of pressure-outlet 7.
   250  5.9502e-01  7.9439e-05  8.1466e-05  8.1214e-05  3.6173e-03  9.9802e-03  2.4343e-03  0:00:00    0
iterate_250: RPC returned
progress: 250/1500

  iter  continuity  x-velocity  y-velocity  z-velocity           k     epsilon  vf-phase-2     time/iter
   250  5.9502e-01  7.9439e-05  8.1466e-05  8.1214e-05  3.6173e-03  9.9802e-03  2.4343e-03  0:03:15   25

 turbulent viscosity limited to viscosity ratio of 1.000000e+05 in 2807 cells 

 Reversed flow on 427 faces of pressure-outlet 7.
   251  5.9473e-01  7.9374e-05  8.1407e-05  8.1035e-05  3.6111e-03  1.0349e-02  2.4246e-03  0:03:08   24

 turbulent viscosity limited to viscosity ratio of 1.000000e+05 in 2787 cells 

 Reversed flow on 445 faces of pressure-outlet 7.
   252  5.9419e-01  7.9305e-05  8.1352e-05  8.0835e-05  3.6034e-03  1.0714e-02  2.4150e-03  0:03:01   23

 turbulent viscosity limited to viscosity ratio of 1.000000e+05 in 2760 cells 

 Reversed flow on 442 faces of pressure-outlet 7.
   253  5.9361e-01  7.9217e-05  8.1244e-05  8.0604e-05  3.5960e-03  1.0456e-02  2.4055e-03  0:02:54   22

 turbulent viscosity limited to viscosity ratio of 1.000000e+05 in 2738 cells 

 Reversed flow on 439 faces of pressure-outlet 7.
   254  5.9329e-01  7.9137e-05  8.1141e-05  8.0378e-05  3.5891e-03  1.0405e-02  2.3961e-03  0:02:42   21

 turbulent viscosity limited to viscosity ratio of 1.000000e+05 in 2715 cells 

 Reversed flow on 440 faces of pressure-outlet 7.
   255  5.9274e-01  7.8997e-05  8.1051e-05  8.0130e-05  3.5829e-03  1.0313e-02  2.3868e-03  0:02:35   20

 turbulent viscosity limited to viscosity ratio of 1.000000e+05 in 2689 cells 

 Reversed flow on 424 faces of pressure-outlet 7.
   256  5.9177e-01  7.8842e-05  8.0912e-05  7.9879e-05  3.5735e-03  1.0085e-02  2.3775e-03  0:02:29   19

 turbulent viscosity limited to viscosity ratio of 1.000000e+05 in 2678 cells 

 Reversed flow on 433 faces of pressure-outlet 7.
   257  5.9039e-01  7.8688e-05  8.0755e-05  7.9636e-05  3.5673e-03  1.0480e-02  2.3682e-03  0:02:18   18

 turbulent viscosity limited to viscosity ratio of 1.000000e+05 in 2654 cells 

 Reversed flow on 423 faces of pressure-outlet 7.
   258  5.8926e-01  7.8505e-05  8.0613e-05  7.9420e-05  3.5602e-03  1.0730e-02  2.3591e-03  0:02:11   17

 turbulent viscosity limited to viscosity ratio of 1.000000e+05 in 2635 cells 

 Reversed flow on 422 faces of pressure-outlet 7.
   259  5.8861e-01  7.8337e-05  8.0475e-05  7.9174e-05  3.5533e-03  1.1063e-02  2.3501e-03  0:02:04   16

 turbulent viscosity limited to viscosity ratio of 1.000000e+05 in 2608 cells 

 Reversed flow on 432 faces of pressure-outlet 7.
   260  5.8808e-01  7.8138e-05  8.0347e-05  7.8921e-05  3.5493e-03  1.1242e-02  2.3411e-03  0:01:54   15

 turbulent viscosity limited to viscosity ratio of 1.000000e+05 in 2586 cells 

 Reversed flow on 438 faces of pressure-outlet 7.

  iter  continuity  x-velocity  y-velocity  z-velocity           k     epsilon  vf-phase-2     time/iter
   261  5.8745e-01  7.7930e-05  8.0281e-05  7.8650e-05  3.5393e-03  1.0745e-02  2.3321e-03  0:01:48   14

 turbulent viscosity limited to viscosity ratio of 1.000000e+05 in 2567 cells 

 Reversed flow on 435 faces of pressure-outlet 7.
   262  5.8740e-01  7.7715e-05  8.0207e-05  7.8370e-05  3.5309e-03  1.0557e-02  2.3232e-03  0:01:41   13

 turbulent viscosity limited to viscosity ratio of 1.000000e+05 in 2545 cells 

 Reversed flow on 433 faces of pressure-outlet 7.
   263  5.8614e-01  7.7513e-05  8.0156e-05  7.8088e-05  3.5266e-03  9.9819e-03  2.3145e-03  0:01:31   12

 turbulent viscosity limited to viscosity ratio of 1.000000e+05 in 2530 cells 

 Reversed flow on 426 faces of pressure-outlet 7.
   264  5.8462e-01  7.7307e-05  8.0072e-05  7.7809e-05  3.5205e-03  1.0002e-02  2.3058e-03  0:01:25   11

 turbulent viscosity limited to viscosity ratio of 1.000000e+05 in 2500 cells 

 Reversed flow on 433 faces of pressure-outlet 7.
   265  5.8376e-01  7.7067e-05  8.0009e-05  7.7572e-05  3.5171e-03  1.0152e-02  2.2971e-03  0:01:17   10

 turbulent viscosity limited to viscosity ratio of 1.000000e+05 in 2480 cells 

 Reversed flow on 430 faces of pressure-outlet 7.
   266  5.8312e-01  7.6873e-05  7.9929e-05  7.7324e-05  3.5173e-03  1.1058e-02  2.2885e-03  0:01:10    9

 turbulent viscosity limited to viscosity ratio of 1.000000e+05 in 2460 cells 

 Reversed flow on 424 faces of pressure-outlet 7.
   267  5.8275e-01  7.6653e-05  7.9848e-05  7.7103e-05  3.5126e-03  1.0784e-02  2.2800e-03  0:01:01    8

 turbulent viscosity limited to viscosity ratio of 1.000000e+05 in 2439 cells 

 Reversed flow on 433 faces of pressure-outlet 7.
   268  5.8137e-01  7.6452e-05  7.9796e-05  7.6904e-05  3.5082e-03  1.0269e-02  2.2715e-03  0:00:54    7

 turbulent viscosity limited to viscosity ratio of 1.000000e+05 in 2423 cells 

 Reversed flow on 429 faces of pressure-outlet 7.
   269  5.8028e-01  7.6259e-05  7.9729e-05  7.6691e-05  3.5116e-03  1.2128e-02  2.2632e-03  0:00:47    6

 turbulent viscosity limited to viscosity ratio of 1.000000e+05 in 2407 cells 

 Reversed flow on 436 faces of pressure-outlet 7.
   270  5.7947e-01  7.6032e-05  7.9677e-05  7.6466e-05  3.5042e-03  1.0739e-02  2.2548e-03  0:00:38    5

 turbulent viscosity limited to viscosity ratio of 1.000000e+05 in 2390 cells 

 Reversed flow on 430 faces of pressure-outlet 7.
   271  5.7929e-01  7.5849e-05  7.9655e-05  7.6297e-05  3.5005e-03  1.1961e-02  2.2465e-03  0:00:31    4

 turbulent viscosity limited to viscosity ratio of 1.000000e+05 in 2370 cells 

 Reversed flow on 439 faces of pressure-outlet 7.

  iter  continuity  x-velocity  y-velocity  z-velocity           k     epsilon  vf-phase-2     time/iter
   272  5.7813e-01  7.5661e-05  7.9593e-05  7.6096e-05  3.4962e-03  1.1248e-02  2.2382e-03  0:00:23    3

 turbulent viscosity limited to viscosity ratio of 1.000000e+05 in 2358 cells 

 Reversed flow on 438 faces of pressure-outlet 7.
   273  5.7693e-01  7.5448e-05  7.9549e-05  7.5887e-05  3.4919e-03  1.1079e-02  2.2300e-03  0:00:16    2

 turbulent viscosity limited to viscosity ratio of 1.000000e+05 in 2343 cells 

 Reversed flow on 443 faces of pressure-outlet 7.
   274  5.7596e-01  7.5265e-05  7.9526e-05  7.5717e-05  3.4870e-03  1.0976e-02  2.2219e-03  0:00:08    1

 turbulent viscosity limited to viscosity ratio of 1.000000e+05 in 2325 cells 

 Reversed flow on 441 faces of pressure-outlet 7.
   275  5.7558e-01  7.5107e-05  7.9522e-05  7.5578e-05  3.4817e-03  1.0899e-02  2.2138e-03  0:00:00    0
iterate_275: RPC returned
progress: 275/1500

  iter  continuity  x-velocity  y-velocity  z-velocity           k     epsilon  vf-phase-2     time/iter
   275  5.7558e-01  7.5107e-05  7.9522e-05  7.5578e-05  3.4817e-03  1.0899e-02  2.2138e-03  0:03:13   25

 turbulent viscosity limited to viscosity ratio of 1.000000e+05 in 2312 cells 

 Reversed flow on 451 faces of pressure-outlet 7.
   276  5.7510e-01  7.4940e-05  7.9523e-05  7.5405e-05  3.4742e-03  1.1109e-02  2.2057e-03  0:03:11   24

 turbulent viscosity limited to viscosity ratio of 1.000000e+05 in 2302 cells 

 Reversed flow on 450 faces of pressure-outlet 7.
   277  5.7341e-01  7.4777e-05  7.9529e-05  7.5236e-05  3.4689e-03  1.1110e-02  2.1978e-03  0:02:59   23

 turbulent viscosity limited to viscosity ratio of 1.000000e+05 in 2289 cells 

 Reversed flow on 449 faces of pressure-outlet 7.
   278  5.7200e-01  7.4624e-05  7.9516e-05  7.5093e-05  3.4588e-03  1.0768e-02  2.1898e-03  0:02:52   22

 turbulent viscosity limited to viscosity ratio of 1.000000e+05 in 2275 cells 

 Reversed flow on 451 faces of pressure-outlet 7.
   279  5.7177e-01  7.4430e-05  7.9548e-05  7.4968e-05  3.4507e-03  1.0824e-02  2.1820e-03  0:02:45   21

 turbulent viscosity limited to viscosity ratio of 1.000000e+05 in 2262 cells 

 Reversed flow on 469 faces of pressure-outlet 7.
   280  5.7190e-01  7.4286e-05  7.9536e-05  7.4833e-05  3.4444e-03  1.0774e-02  2.1742e-03  0:02:34   20

 turbulent viscosity limited to viscosity ratio of 1.000000e+05 in 2251 cells 

 Reversed flow on 463 faces of pressure-outlet 7.
   281  5.7157e-01  7.4145e-05  7.9550e-05  7.4725e-05  3.4390e-03  1.0623e-02  2.1664e-03  0:02:27   19

 turbulent viscosity limited to viscosity ratio of 1.000000e+05 in 2239 cells 

 Reversed flow on 450 faces of pressure-outlet 7.
   282  5.7211e-01  7.4015e-05  7.9553e-05  7.4652e-05  3.4339e-03  1.0764e-02  2.1587e-03  0:02:20   18

 turbulent viscosity limited to viscosity ratio of 1.000000e+05 in 2221 cells 

 Reversed flow on 461 faces of pressure-outlet 7.
   283  5.7288e-01  7.3883e-05  7.9580e-05  7.4563e-05  3.4266e-03  1.0245e-02  2.1511e-03  0:02:13   17

 turbulent viscosity limited to viscosity ratio of 1.000000e+05 in 2210 cells 

 Reversed flow on 474 faces of pressure-outlet 7.
   284  5.7274e-01  7.3757e-05  7.9616e-05  7.4459e-05  3.4253e-03  1.2709e-02  2.1435e-03  0:02:03   16

 turbulent viscosity limited to viscosity ratio of 1.000000e+05 in 2197 cells 

 Reversed flow on 474 faces of pressure-outlet 7.
   285  5.7330e-01  7.3615e-05  7.9624e-05  7.4415e-05  3.4191e-03  1.1756e-02  2.1360e-03  0:01:56   15

 turbulent viscosity limited to viscosity ratio of 1.000000e+05 in 2181 cells 

 Reversed flow on 480 faces of pressure-outlet 7.

  iter  continuity  x-velocity  y-velocity  z-velocity           k     epsilon  vf-phase-2     time/iter
   286  5.7267e-01  7.3495e-05  7.9606e-05  7.4328e-05  3.4198e-03  1.1447e-02  2.1285e-03  0:01:49   14

 turbulent viscosity limited to viscosity ratio of 1.000000e+05 in 2166 cells 

 Reversed flow on 476 faces of pressure-outlet 7.
   287  5.7239e-01  7.3379e-05  7.9636e-05  7.4290e-05  3.4138e-03  9.9524e-03  2.1211e-03  0:01:39   13

 turbulent viscosity limited to viscosity ratio of 1.000000e+05 in 2155 cells 

 Reversed flow on 478 faces of pressure-outlet 7.
   288  5.7245e-01  7.3257e-05  7.9638e-05  7.4269e-05  3.4102e-03  9.8286e-03  2.1137e-03  0:01:32   12

 turbulent viscosity limited to viscosity ratio of 1.000000e+05 in 2136 cells 

 Reversed flow on 483 faces of pressure-outlet 7.
   289  5.7278e-01  7.3103e-05  7.9608e-05  7.4256e-05  3.4059e-03  9.3737e-03  2.1063e-03  0:01:25   11

 turbulent viscosity limited to viscosity ratio of 1.000000e+05 in 2118 cells 

 Reversed flow on 495 faces of pressure-outlet 7.
   290  5.7290e-01  7.2979e-05  7.9616e-05  7.4205e-05  3.4061e-03  1.0349e-02  2.0990e-03  0:01:16   10

 turbulent viscosity limited to viscosity ratio of 1.000000e+05 in 2111 cells 

 Reversed flow on 488 faces of pressure-outlet 7.
   291  5.7288e-01  7.2878e-05  7.9635e-05  7.4205e-05  3.4016e-03  9.2513e-03  2.0918e-03  0:01:09    9

 turbulent viscosity limited to viscosity ratio of 1.000000e+05 in 2096 cells 

 Reversed flow on 486 faces of pressure-outlet 7.
   292  5.7228e-01  7.2714e-05  7.9631e-05  7.4151e-05  3.4005e-03  9.4416e-03  2.0846e-03  0:01:02    8

 turbulent viscosity limited to viscosity ratio of 1.000000e+05 in 2084 cells 

 Reversed flow on 492 faces of pressure-outlet 7.
   293  5.7254e-01  7.2568e-05  7.9663e-05  7.4163e-05  3.3991e-03  9.6369e-03  2.0774e-03  0:00:55    7

 turbulent viscosity limited to viscosity ratio of 1.000000e+05 in 2069 cells 

 Reversed flow on 498 faces of pressure-outlet 7.
   294  5.7291e-01  7.2445e-05  7.9714e-05  7.4178e-05  3.3979e-03  9.3740e-03  2.0703e-03  0:00:46    6

 turbulent viscosity limited to viscosity ratio of 1.000000e+05 in 2054 cells 

 Reversed flow on 500 faces of pressure-outlet 7.
   295  5.7313e-01  7.2305e-05  7.9720e-05  7.4161e-05  3.3945e-03  8.9466e-03  2.0633e-03  0:00:39    5

 turbulent viscosity limited to viscosity ratio of 1.000000e+05 in 2041 cells 

 Reversed flow on 499 faces of pressure-outlet 7.
   296  5.7332e-01  7.2180e-05  7.9776e-05  7.4138e-05  3.3925e-03  9.1331e-03  2.0563e-03  0:00:31    4

 turbulent viscosity limited to viscosity ratio of 1.000000e+05 in 2028 cells 

 Reversed flow on 491 faces of pressure-outlet 7.

  iter  continuity  x-velocity  y-velocity  z-velocity           k     epsilon  vf-phase-2     time/iter
   297  5.7303e-01  7.2040e-05  7.9832e-05  7.4157e-05  3.3926e-03  9.5415e-03  2.0493e-03  0:00:23    3

 turbulent viscosity limited to viscosity ratio of 1.000000e+05 in 2012 cells 

 Reversed flow on 498 faces of pressure-outlet 7.
   298  5.7309e-01  7.1890e-05  7.9845e-05  7.4161e-05  3.3908e-03  9.3433e-03  2.0425e-03  0:00:15    2

 turbulent viscosity limited to viscosity ratio of 1.000000e+05 in 2001 cells 

 Reversed flow on 505 faces of pressure-outlet 7.
   299  5.7313e-01  7.1778e-05  7.9880e-05  7.4146e-05  3.3875e-03  9.0087e-03  2.0356e-03  0:00:08    1

iterate_300: RPC returned
progress: 300/1500
 turbulent viscosity limited to viscosity ratio of 1.000000e+05 in 1994 cells 

 Reversed flow on 499 faces of pressure-outlet 7.
   300  5.7424e-01  7.1668e-05  7.9942e-05  7.4145e-05  3.3853e-03  9.4997e-03  2.0288e-03  0:00:00    0

  iter  continuity  x-velocity  y-velocity  z-velocity           k     epsilon  vf-phase-2     time/iter
   300  5.7424e-01  7.1668e-05  7.9942e-05  7.4145e-05  3.3853e-03  9.4997e-03  2.0288e-03  0:03:15   25

 turbulent viscosity limited to viscosity ratio of 1.000000e+05 in 1983 cells 

 Reversed flow on 502 faces of pressure-outlet 7.
   301  5.7441e-01  7.1552e-05  7.9984e-05  7.4113e-05  3.3816e-03  9.1058e-03  2.0221e-03  0:03:08   24

 turbulent viscosity limited to viscosity ratio of 1.000000e+05 in 1968 cells 

 Reversed flow on 495 faces of pressure-outlet 7.
   302  5.7489e-01  7.1408e-05  8.0004e-05  7.4100e-05  3.3800e-03  8.9690e-03  2.0154e-03  0:03:01   23

 turbulent viscosity limited to viscosity ratio of 1.000000e+05 in 1957 cells 

 Reversed flow on 498 faces of pressure-outlet 7.
   303  5.7493e-01  7.1274e-05  8.0011e-05  7.4100e-05  3.3775e-03  8.6604e-03  2.0087e-03  0:02:54   22

 turbulent viscosity limited to viscosity ratio of 1.000000e+05 in 1952 cells 

 Reversed flow on 500 faces of pressure-outlet 7.
   304  5.7588e-01  7.1171e-05  8.0054e-05  7.4126e-05  3.3756e-03  8.7766e-03  2.0021e-03  0:02:42   21

 turbulent viscosity limited to viscosity ratio of 1.000000e+05 in 1945 cells 

 Reversed flow on 519 faces of pressure-outlet 7.
   305  5.7675e-01  7.1076e-05  8.0111e-05  7.4157e-05  3.3718e-03  8.4286e-03  1.9955e-03  0:02:36   20

 turbulent viscosity limited to viscosity ratio of 1.000000e+05 in 1937 cells 

 Reversed flow on 523 faces of pressure-outlet 7.
   306  5.7724e-01  7.0970e-05  8.0169e-05  7.4148e-05  3.3687e-03  8.1644e-03  1.9889e-03  0:02:29   19

 turbulent viscosity limited to viscosity ratio of 1.000000e+05 in 1932 cells 

 Reversed flow on 511 faces of pressure-outlet 7.
   307  5.7812e-01  7.0854e-05  8.0225e-05  7.4172e-05  3.3669e-03  8.2195e-03  1.9824e-03  0:02:18   18

 turbulent viscosity limited to viscosity ratio of 1.000000e+05 in 1922 cells 

 Reversed flow on 513 faces of pressure-outlet 7.
   308  5.7854e-01  7.0735e-05  8.0281e-05  7.4191e-05  3.3652e-03  8.2380e-03  1.9759e-03  0:02:11   17

 turbulent viscosity limited to viscosity ratio of 1.000000e+05 in 1916 cells 

 Reversed flow on 523 faces of pressure-outlet 7.
   309  5.7890e-01  7.0639e-05  8.0306e-05  7.4224e-05  3.3629e-03  8.1670e-03  1.9695e-03  0:02:04   16

 turbulent viscosity limited to viscosity ratio of 1.000000e+05 in 1903 cells 

 Reversed flow on 522 faces of pressure-outlet 7.
   310  5.7865e-01  7.0540e-05  8.0340e-05  7.4239e-05  3.3595e-03  8.1559e-03  1.9631e-03  0:01:57   15

 turbulent viscosity limited to viscosity ratio of 1.000000e+05 in 1896 cells 

 Reversed flow on 510 faces of pressure-outlet 7.

  iter  continuity  x-velocity  y-velocity  z-velocity           k     epsilon  vf-phase-2     time/iter
   311  5.7841e-01  7.0442e-05  8.0357e-05  7.4250e-05  3.3562e-03  8.1003e-03  1.9567e-03  0:01:47   14

 turbulent viscosity limited to viscosity ratio of 1.000000e+05 in 1883 cells 

 Reversed flow on 514 faces of pressure-outlet 7.
   312  5.7853e-01  7.0349e-05  8.0356e-05  7.4264e-05  3.3523e-03  8.2102e-03  1.9504e-03  0:01:40   13

 turbulent viscosity limited to viscosity ratio of 1.000000e+05 in 1873 cells 

 Reversed flow on 522 faces of pressure-outlet 7.
   313  5.7902e-01  7.0292e-05  8.0403e-05  7.4273e-05  3.3489e-03  8.0368e-03  1.9441e-03  0:01:33   12

 turbulent viscosity limited to viscosity ratio of 1.000000e+05 in 1862 cells 

 Reversed flow on 530 faces of pressure-outlet 7.
   314  5.7892e-01  7.0212e-05  8.0417e-05  7.4327e-05  3.3477e-03  8.0946e-03  1.9379e-03  0:01:26   11

 turbulent viscosity limited to viscosity ratio of 1.000000e+05 in 1853 cells 

 Reversed flow on 531 faces of pressure-outlet 7.
   315  5.7818e-01  7.0154e-05  8.0399e-05  7.4327e-05  3.3439e-03  8.0099e-03  1.9317e-03  0:01:19   10

 turbulent viscosity limited to viscosity ratio of 1.000000e+05 in 1839 cells 

 Reversed flow on 537 faces of pressure-outlet 7.
   316  5.7809e-01  7.0071e-05  8.0418e-05  7.4309e-05  3.3389e-03  7.9738e-03  1.9255e-03  0:01:09    9

 turbulent viscosity limited to viscosity ratio of 1.000000e+05 in 1831 cells 

 Reversed flow on 544 faces of pressure-outlet 7.
   317  5.7794e-01  6.9960e-05  8.0453e-05  7.4297e-05  3.3338e-03  8.1714e-03  1.9194e-03  0:01:02    8

 turbulent viscosity limited to viscosity ratio of 1.000000e+05 in 1821 cells 

 Reversed flow on 547 faces of pressure-outlet 7.
   318  5.7770e-01  6.9902e-05  8.0485e-05  7.4265e-05  3.3258e-03  7.9410e-03  1.9133e-03  0:00:55    7

 turbulent viscosity limited to viscosity ratio of 1.000000e+05 in 1814 cells 

 Reversed flow on 539 faces of pressure-outlet 7.
   319  5.7726e-01  6.9835e-05  8.0497e-05  7.4230e-05  3.3181e-03  8.1449e-03  1.9073e-03  0:00:47    6

 turbulent viscosity limited to viscosity ratio of 1.000000e+05 in 1802 cells 

 Reversed flow on 551 faces of pressure-outlet 7.
   320  5.7630e-01  6.9773e-05  8.0510e-05  7.4225e-05  3.3094e-03  7.9685e-03  1.9012e-03  0:00:38    5

 turbulent viscosity limited to viscosity ratio of 1.000000e+05 in 1793 cells 

 Reversed flow on 552 faces of pressure-outlet 7.
   321  5.7546e-01  6.9674e-05  8.0541e-05  7.4147e-05  3.2996e-03  7.9178e-03  1.8952e-03  0:00:31    4

 turbulent viscosity limited to viscosity ratio of 1.000000e+05 in 1781 cells 

 Reversed flow on 551 faces of pressure-outlet 7.

  iter  continuity  x-velocity  y-velocity  z-velocity           k     epsilon  vf-phase-2     time/iter
   322  5.7544e-01  6.9620e-05  8.0562e-05  7.4089e-05  3.2892e-03  7.8493e-03  1.8892e-03  0:00:23    3

 turbulent viscosity limited to viscosity ratio of 1.000000e+05 in 1774 cells 

 Reversed flow on 556 faces of pressure-outlet 7.
   323  5.7463e-01  6.9567e-05  8.0586e-05  7.4011e-05  3.2786e-03  7.8445e-03  1.8833e-03  0:00:16    2

 turbulent viscosity limited to viscosity ratio of 1.000000e+05 in 1766 cells 

 Reversed flow on 555 faces of pressure-outlet 7.
   324  5.7384e-01  6.9521e-05  8.0575e-05  7.3934e-05  3.2676e-03  7.7770e-03  1.8774e-03  0:00:08    1

iterate_325: RPC returned
progress: 325/1500
 turbulent viscosity limited to viscosity ratio of 1.000000e+05 in 1762 cells 

 Reversed flow on 560 faces of pressure-outlet 7.
   325  5.7351e-01  6.9431e-05  8.0578e-05  7.3825e-05  3.2566e-03  7.5245e-03  1.8715e-03  0:00:00    0

  iter  continuity  x-velocity  y-velocity  z-velocity           k     epsilon  vf-phase-2     time/iter
   325  5.7351e-01  6.9431e-05  8.0578e-05  7.3825e-05  3.2566e-03  7.5245e-03  1.8715e-03  0:03:13   25

 turbulent viscosity limited to viscosity ratio of 1.000000e+05 in 1754 cells 

 Reversed flow on 558 faces of pressure-outlet 7.
   326  5.7291e-01  6.9341e-05  8.0593e-05  7.3715e-05  3.2461e-03  7.5050e-03  1.8657e-03  0:03:12   24

 turbulent viscosity limited to viscosity ratio of 1.000000e+05 in 1745 cells 

 Reversed flow on 554 faces of pressure-outlet 7.
   327  5.7209e-01  6.9245e-05  8.0598e-05  7.3642e-05  3.2355e-03  7.4521e-03  1.8599e-03  0:03:04   23

 turbulent viscosity limited to viscosity ratio of 1.000000e+05 in 1735 cells 

 Reversed flow on 563 faces of pressure-outlet 7.
   328  5.7151e-01  6.9159e-05  8.0587e-05  7.3483e-05  3.2245e-03  7.3055e-03  1.8542e-03  0:02:51   22

 turbulent viscosity limited to viscosity ratio of 1.000000e+05 in 1732 cells 

 Reversed flow on 575 faces of pressure-outlet 7.
   329  5.7140e-01  6.9102e-05  8.0532e-05  7.3331e-05  3.2149e-03  7.5230e-03  1.8485e-03  0:02:44   21

 turbulent viscosity limited to viscosity ratio of 1.000000e+05 in 1725 cells 

 Reversed flow on 584 faces of pressure-outlet 7.
   330  5.7047e-01  6.9014e-05  8.0489e-05  7.3169e-05  3.2056e-03  7.4280e-03  1.8428e-03  0:02:37   20

 turbulent viscosity limited to viscosity ratio of 1.000000e+05 in 1709 cells 

 Reversed flow on 575 faces of pressure-outlet 7.
   331  5.6940e-01  6.8921e-05  8.0485e-05  7.2992e-05  3.1959e-03  7.3660e-03  1.8372e-03  0:02:30   19

 turbulent viscosity limited to viscosity ratio of 1.000000e+05 in 1704 cells 

 Reversed flow on 581 faces of pressure-outlet 7.
   332  5.6814e-01  6.8811e-05  8.0433e-05  7.2775e-05  3.1868e-03  7.2690e-03  1.8316e-03  0:02:22   18

 turbulent viscosity limited to viscosity ratio of 1.000000e+05 in 1692 cells 

 Reversed flow on 579 faces of pressure-outlet 7.
   333  5.6734e-01  6.8677e-05  8.0391e-05  7.2607e-05  3.1767e-03  7.0786e-03  1.8261e-03  0:02:11   17

 turbulent viscosity limited to viscosity ratio of 1.000000e+05 in 1685 cells 

 Reversed flow on 577 faces of pressure-outlet 7.
   334  5.6644e-01  6.8513e-05  8.0309e-05  7.2447e-05  3.1672e-03  7.0510e-03  1.8205e-03  0:02:05   16

 turbulent viscosity limited to viscosity ratio of 1.000000e+05 in 1677 cells 

 Reversed flow on 564 faces of pressure-outlet 7.
   335  5.6614e-01  6.8381e-05  8.0262e-05  7.2265e-05  3.1592e-03  7.0461e-03  1.8150e-03  0:01:57   15

 turbulent viscosity limited to viscosity ratio of 1.000000e+05 in 1670 cells 

 Reversed flow on 574 faces of pressure-outlet 7.

  iter  continuity  x-velocity  y-velocity  z-velocity           k     epsilon  vf-phase-2     time/iter
   336  5.6510e-01  6.8264e-05  8.0199e-05  7.2092e-05  3.1500e-03  7.0114e-03  1.8095e-03  0:01:47   14

 turbulent viscosity limited to viscosity ratio of 1.000000e+05 in 1663 cells 

 Reversed flow on 582 faces of pressure-outlet 7.
   337  5.6408e-01  6.8120e-05  8.0126e-05  7.1919e-05  3.1432e-03  6.8776e-03  1.8040e-03  0:01:40   13

 turbulent viscosity limited to viscosity ratio of 1.000000e+05 in 1655 cells 

 Reversed flow on 587 faces of pressure-outlet 7.
   338  5.6355e-01  6.7971e-05  8.0035e-05  7.1771e-05  3.1370e-03  6.8342e-03  1.7985e-03  0:01:33   12

 turbulent viscosity limited to viscosity ratio of 1.000000e+05 in 1648 cells 

 Reversed flow on 584 faces of pressure-outlet 7.
   339  5.6286e-01  6.7800e-05  7.9945e-05  7.1603e-05  3.1304e-03  6.8206e-03  1.7931e-03  0:01:26   11

 turbulent viscosity limited to viscosity ratio of 1.000000e+05 in 1634 cells 

 Reversed flow on 581 faces of pressure-outlet 7.
   340  5.6229e-01  6.7666e-05  7.9884e-05  7.1443e-05  3.1253e-03  6.7654e-03  1.7877e-03  0:01:17   10

 turbulent viscosity limited to viscosity ratio of 1.000000e+05 in 1627 cells 

 Reversed flow on 580 faces of pressure-outlet 7.
   341  5.6139e-01  6.7514e-05  7.9806e-05  7.1279e-05  3.1198e-03  6.6581e-03  1.7824e-03  0:01:10    9

 turbulent viscosity limited to viscosity ratio of 1.000000e+05 in 1619 cells 

 Reversed flow on 593 faces of pressure-outlet 7.
   342  5.6028e-01  6.7328e-05  7.9708e-05  7.1130e-05  3.1162e-03  6.8997e-03  1.7771e-03  0:01:02    8

 turbulent viscosity limited to viscosity ratio of 1.000000e+05 in 1616 cells 

 Reversed flow on 598 faces of pressure-outlet 7.
   343  5.5962e-01  6.7140e-05  7.9613e-05  7.0979e-05  3.1113e-03  6.7676e-03  1.7719e-03  0:00:55    7

 turbulent viscosity limited to viscosity ratio of 1.000000e+05 in 1614 cells 

 Reversed flow on 589 faces of pressure-outlet 7.
   344  5.5927e-01  6.6975e-05  7.9515e-05  7.0825e-05  3.1074e-03  6.7547e-03  1.7667e-03  0:00:46    6

 turbulent viscosity limited to viscosity ratio of 1.000000e+05 in 1605 cells 

 Reversed flow on 595 faces of pressure-outlet 7.
   345  5.5814e-01  6.6827e-05  7.9448e-05  7.0720e-05  3.1034e-03  6.6230e-03  1.7614e-03  0:00:39    5

 turbulent viscosity limited to viscosity ratio of 1.000000e+05 in 1594 cells 

 Reversed flow on 598 faces of pressure-outlet 7.
   346  5.5783e-01  6.6680e-05  7.9338e-05  7.0563e-05  3.0995e-03  6.4933e-03  1.7562e-03  0:00:31    4

 turbulent viscosity limited to viscosity ratio of 1.000000e+05 in 1589 cells 

 Reversed flow on 595 faces of pressure-outlet 7.

  iter  continuity  x-velocity  y-velocity  z-velocity           k     epsilon  vf-phase-2     time/iter
   347  5.5759e-01  6.6497e-05  7.9228e-05  7.0423e-05  3.0973e-03  6.6216e-03  1.7511e-03  0:00:23    3

 turbulent viscosity limited to viscosity ratio of 1.000000e+05 in 1584 cells 

 Reversed flow on 599 faces of pressure-outlet 7.
   348  5.5686e-01  6.6354e-05  7.9135e-05  7.0286e-05  3.0954e-03  6.6393e-03  1.7460e-03  0:00:15    2

 turbulent viscosity limited to viscosity ratio of 1.000000e+05 in 1576 cells 

 Reversed flow on 590 faces of pressure-outlet 7.
   349  5.5707e-01  6.6204e-05  7.9024e-05  7.0160e-05  3.0930e-03  6.4215e-03  1.7409e-03  0:00:08    1

 turbulent viscosity limited to viscosity ratio of 1.000000e+05 in 1568 cells 

 Reversed flow on 580 faces of pressure-outlet 7.
   350  5.5717e-01  6.6083e-05  7.8963e-05  7.0069e-05  3.0922e-03  6.5546e-03  1.7358e-03  0:00:00    0
iterate_350: RPC returned
progress: 350/1500

  iter  continuity  x-velocity  y-velocity  z-velocity           k     epsilon  vf-phase-2     time/iter
   350  5.5717e-01  6.6083e-05  7.8963e-05  7.0069e-05  3.0922e-03  6.5546e-03  1.7358e-03  0:03:15   25

 turbulent viscosity limited to viscosity ratio of 1.000000e+05 in 1564 cells 

 Reversed flow on 590 faces of pressure-outlet 7.
   351  5.5676e-01  6.5980e-05  7.8877e-05  6.9979e-05  3.0898e-03  6.4827e-03  1.7308e-03  0:03:08   24

 turbulent viscosity limited to viscosity ratio of 1.000000e+05 in 1558 cells 

 Reversed flow on 592 faces of pressure-outlet 7.
   352  5.5545e-01  6.5872e-05  7.8782e-05  6.9908e-05  3.0875e-03  6.5317e-03  1.7258e-03  0:03:01   23

 turbulent viscosity limited to viscosity ratio of 1.000000e+05 in 1553 cells 

 Reversed flow on 596 faces of pressure-outlet 7.
   353  5.5504e-01  6.5736e-05  7.8679e-05  6.9826e-05  3.0840e-03  6.5299e-03  1.7210e-03  0:02:54   22

 turbulent viscosity limited to viscosity ratio of 1.000000e+05 in 1548 cells 

 Reversed flow on 584 faces of pressure-outlet 7.
   354  5.5534e-01  6.5633e-05  7.8587e-05  6.9735e-05  3.0821e-03  6.5306e-03  1.7162e-03  0:02:42   21

 turbulent viscosity limited to viscosity ratio of 1.000000e+05 in 1544 cells 

 Reversed flow on 589 faces of pressure-outlet 7.
   355  5.5474e-01  6.5576e-05  7.8458e-05  6.9658e-05  3.0818e-03  6.7015e-03  1.7116e-03  0:02:35   20

 turbulent viscosity limited to viscosity ratio of 1.000000e+05 in 1538 cells 

 Reversed flow on 598 faces of pressure-outlet 7.
   356  5.5400e-01  6.5528e-05  7.8316e-05  6.9553e-05  3.0787e-03  6.6102e-03  1.7070e-03  0:02:28   19

 turbulent viscosity limited to viscosity ratio of 1.000000e+05 in 1528 cells 

 Reversed flow on 593 faces of pressure-outlet 7.
   357  5.5344e-01  6.5471e-05  7.8192e-05  6.9489e-05  3.0772e-03  6.6377e-03  1.7025e-03  0:02:18   18

 turbulent viscosity limited to viscosity ratio of 1.000000e+05 in 1526 cells 

 Reversed flow on 584 faces of pressure-outlet 7.
   358  5.5300e-01  6.5426e-05  7.8102e-05  6.9449e-05  3.0748e-03  6.6530e-03  1.6981e-03  0:02:11   17

 turbulent viscosity limited to viscosity ratio of 1.000000e+05 in 1519 cells 

 Reversed flow on 586 faces of pressure-outlet 7.
   359  5.5216e-01  6.5372e-05  7.7974e-05  6.9337e-05  3.0720e-03  6.5706e-03  1.6938e-03  0:02:04   16

 turbulent viscosity limited to viscosity ratio of 1.000000e+05 in 1507 cells 

 Reversed flow on 596 faces of pressure-outlet 7.
   360  5.5170e-01  6.5325e-05  7.7856e-05  6.9236e-05  3.0699e-03  6.5695e-03  1.6895e-03  0:01:57   15

 turbulent viscosity limited to viscosity ratio of 1.000000e+05 in 1500 cells 

 Reversed flow on 590 faces of pressure-outlet 7.

  iter  continuity  x-velocity  y-velocity  z-velocity           k     epsilon  vf-phase-2     time/iter
   361  5.5194e-01  6.5291e-05  7.7736e-05  6.9149e-05  3.0672e-03  6.5203e-03  1.6853e-03  0:01:47   14

 turbulent viscosity limited to viscosity ratio of 1.000000e+05 in 1496 cells 

 Reversed flow on 599 faces of pressure-outlet 7.
   362  5.5136e-01  6.5227e-05  7.7597e-05  6.9050e-05  3.0648e-03  6.5201e-03  1.6812e-03  0:01:40   13

 turbulent viscosity limited to viscosity ratio of 1.000000e+05 in 1492 cells 

 Reversed flow on 595 faces of pressure-outlet 7.
   363  5.5137e-01  6.5210e-05  7.7440e-05  6.8926e-05  3.0635e-03  6.6661e-03  1.6771e-03  0:01:33   12

 turbulent viscosity limited to viscosity ratio of 1.000000e+05 in 1486 cells 

 Reversed flow on 602 faces of pressure-outlet 7.
   364  5.5058e-01  6.5209e-05  7.7292e-05  6.8796e-05  3.0606e-03  6.6789e-03  1.6731e-03  0:01:26   11

 turbulent viscosity limited to viscosity ratio of 1.000000e+05 in 1482 cells 

 Reversed flow on 601 faces of pressure-outlet 7.
   365  5.4926e-01  6.5226e-05  7.7138e-05  6.8677e-05  3.0570e-03  6.6601e-03  1.6691e-03  0:01:17   10

 turbulent viscosity limited to viscosity ratio of 1.000000e+05 in 1479 cells 

 Reversed flow on 592 faces of pressure-outlet 7.
   366  5.4828e-01  6.5241e-05  7.7001e-05  6.8569e-05  3.0525e-03  6.7438e-03  1.6653e-03  0:01:10    9

 turbulent viscosity limited to viscosity ratio of 1.000000e+05 in 1475 cells 

 Reversed flow on 609 faces of pressure-outlet 7.
   367  5.4728e-01  6.5241e-05  7.6862e-05  6.8441e-05  3.0476e-03  6.6530e-03  1.6615e-03  0:01:02    8

 turbulent viscosity limited to viscosity ratio of 1.000000e+05 in 1469 cells 

 Reversed flow on 608 faces of pressure-outlet 7.
   368  5.4673e-01  6.5233e-05  7.6686e-05  6.8316e-05  3.0418e-03  6.7677e-03  1.6578e-03  0:00:55    7

 turbulent viscosity limited to viscosity ratio of 1.000000e+05 in 1465 cells 

 Reversed flow on 606 faces of pressure-outlet 7.
   369  5.4624e-01  6.5247e-05  7.6517e-05  6.8209e-05  3.0353e-03  6.7721e-03  1.6542e-03  0:00:47    6

 turbulent viscosity limited to viscosity ratio of 1.000000e+05 in 1457 cells 

 Reversed flow on 603 faces of pressure-outlet 7.
   370  5.4521e-01  6.5250e-05  7.6307e-05  6.8075e-05  3.0278e-03  6.8163e-03  1.6505e-03  0:00:38    5

 turbulent viscosity limited to viscosity ratio of 1.000000e+05 in 1453 cells 

 Reversed flow on 605 faces of pressure-outlet 7.
   371  5.4333e-01  6.5224e-05  7.6133e-05  6.7925e-05  3.0199e-03  6.7940e-03  1.6470e-03  0:00:31    4

 turbulent viscosity limited to viscosity ratio of 1.000000e+05 in 1448 cells 

 Reversed flow on 604 faces of pressure-outlet 7.

  iter  continuity  x-velocity  y-velocity  z-velocity           k     epsilon  vf-phase-2     time/iter
   372  5.4264e-01  6.5201e-05  7.5903e-05  6.7747e-05  3.0117e-03  6.8709e-03  1.6436e-03  0:00:23    3

 turbulent viscosity limited to viscosity ratio of 1.000000e+05 in 1444 cells 

 Reversed flow on 617 faces of pressure-outlet 7.
   373  5.4190e-01  6.5201e-05  7.5670e-05  6.7567e-05  3.0039e-03  6.8874e-03  1.6403e-03  0:00:16    2

 turbulent viscosity limited to viscosity ratio of 1.000000e+05 in 1439 cells 

 Reversed flow on 608 faces of pressure-outlet 7.
   374  5.4055e-01  6.5185e-05  7.5437e-05  6.7376e-05  2.9944e-03  6.8433e-03  1.6371e-03  0:00:08    1

 turbulent viscosity limited to viscosity ratio of 1.000000e+05 in 1438 cells 

 Reversed flow on 615 faces of pressure-outlet 7.
   375  5.3943e-01  6.5179e-05  7.5174e-05  6.7200e-05  2.9849e-03  6.8109e-03  1.6339e-03  0:00:00    0
iterate_375: RPC returned
progress: 375/1500

=== autosave_375 ===

Writing to EN439159:"C:\Users\qtra338\Documents\enthalpy_sweep_verified_20260721_v2\case_4_1600_autosave_iter375.cas.h5" in NODE0 mode and compression level 1 ...
Grouping cells for Laplace smoothing ...
     5578299 cells,     1 zone  ...
    11355491 faces,     5 zones ...
     1026091 nodes,     1 zone  ...
  Done.
Done.
write_case_autosave_375: OK

Writing to EN439159:"C:\Users\qtra338\Documents\enthalpy_sweep_verified_20260721_v2\case_4_1600_autosave_iter375.dat.h5" in NODE0 mode and compression level 1 ...
  Writing results.
Done.
write_data_autosave_375: OK
saved_pair_autosave_375: VERIFIED

  iter  continuity  x-velocity  y-velocity  z-velocity           k     epsilon  vf-phase-2     time/iter
   375  5.3943e-01  6.5179e-05  7.5174e-05  6.7200e-05  2.9849e-03  6.8109e-03  1.6339e-03  0:03:13   25

 turbulent viscosity limited to viscosity ratio of 1.000000e+05 in 1431 cells 

 Reversed flow on 619 faces of pressure-outlet 7.
   376  5.3815e-01  6.5145e-05  7.4954e-05  6.7043e-05  2.9764e-03  6.8065e-03  1.6309e-03  0:03:07   24

 turbulent viscosity limited to viscosity ratio of 1.000000e+05 in 1428 cells 

 Reversed flow on 616 faces of pressure-outlet 7.
   377  5.3675e-01  6.5101e-05  7.4692e-05  6.6888e-05  2.9680e-03  6.7977e-03  1.6280e-03  0:03:00   23

 turbulent viscosity limited to viscosity ratio of 1.000000e+05 in 1425 cells 

 Reversed flow on 605 faces of pressure-outlet 7.
   378  5.3554e-01  6.5026e-05  7.4447e-05  6.6729e-05  2.9597e-03  7.0219e-03  1.6251e-03  0:02:53   22

 turbulent viscosity limited to viscosity ratio of 1.000000e+05 in 1424 cells 

 Reversed flow on 612 faces of pressure-outlet 7.
   379  5.3435e-01  6.4922e-05  7.4233e-05  6.6584e-05  2.9497e-03  6.8043e-03  1.6223e-03  0:02:42   21

 turbulent viscosity limited to viscosity ratio of 1.000000e+05 in 1415 cells 

 Reversed flow on 613 faces of pressure-outlet 7.
   380  5.3325e-01  6.4838e-05  7.4015e-05  6.6430e-05  2.9406e-03  6.7869e-03  1.6196e-03  0:02:35   20

 turbulent viscosity limited to viscosity ratio of 1.000000e+05 in 1412 cells 

 Reversed flow on 616 faces of pressure-outlet 7.
   381  5.3165e-01  6.4758e-05  7.3734e-05  6.6271e-05  2.9307e-03  6.7293e-03  1.6169e-03  0:02:28   19

 turbulent viscosity limited to viscosity ratio of 1.000000e+05 in 1410 cells 

 Reversed flow on 615 faces of pressure-outlet 7.
   382  5.2947e-01  6.4678e-05  7.3493e-05  6.6126e-05  2.9205e-03  6.7269e-03  1.6143e-03  0:02:21   18

 turbulent viscosity limited to viscosity ratio of 1.000000e+05 in 1408 cells 

 Reversed flow on 624 faces of pressure-outlet 7.
   383  5.2763e-01  6.4561e-05  7.3232e-05  6.5964e-05  2.9115e-03  6.7626e-03  1.6118e-03  0:02:14   17

 turbulent viscosity limited to viscosity ratio of 1.000000e+05 in 1405 cells 

 Reversed flow on 621 faces of pressure-outlet 7.
   384  5.2710e-01  6.4460e-05  7.2993e-05  6.5826e-05  2.9025e-03  6.6886e-03  1.6094e-03  0:02:03   16

 turbulent viscosity limited to viscosity ratio of 1.000000e+05 in 1397 cells 

 Reversed flow on 618 faces of pressure-outlet 7.
   385  5.2601e-01  6.4352e-05  7.2781e-05  6.5678e-05  2.8934e-03  6.6143e-03  1.6071e-03  0:01:56   15

 turbulent viscosity limited to viscosity ratio of 1.000000e+05 in 1391 cells 

 Reversed flow on 610 faces of pressure-outlet 7.

  iter  continuity  x-velocity  y-velocity  z-velocity           k     epsilon  vf-phase-2     time/iter
   386  5.2454e-01  6.4216e-05  7.2558e-05  6.5527e-05  2.8848e-03  6.6378e-03  1.6048e-03  0:01:49   14

 turbulent viscosity limited to viscosity ratio of 1.000000e+05 in 1387 cells 

 Reversed flow on 617 faces of pressure-outlet 7.
   387  5.2278e-01  6.4109e-05  7.2295e-05  6.5379e-05  2.8762e-03  6.6058e-03  1.6025e-03  0:01:42   13

 turbulent viscosity limited to viscosity ratio of 1.000000e+05 in 1384 cells 

 Reversed flow on 606 faces of pressure-outlet 7.
   388  5.2211e-01  6.3985e-05  7.2045e-05  6.5230e-05  2.8683e-03  6.6455e-03  1.6004e-03  0:01:32   12

 turbulent viscosity limited to viscosity ratio of 1.000000e+05 in 1379 cells 

 Reversed flow on 597 faces of pressure-outlet 7.
   389  5.2206e-01  6.3866e-05  7.1790e-05  6.5069e-05  2.8596e-03  6.5679e-03  1.5983e-03  0:01:25   11

 turbulent viscosity limited to viscosity ratio of 1.000000e+05 in 1378 cells 

 Reversed flow on 604 faces of pressure-outlet 7.
   390  5.2134e-01  6.3770e-05  7.1552e-05  6.4887e-05  2.8510e-03  6.4984e-03  1.5963e-03  0:01:18   10

 turbulent viscosity limited to viscosity ratio of 1.000000e+05 in 1377 cells 

 Reversed flow on 609 faces of pressure-outlet 7.
   391  5.2116e-01  6.3660e-05  7.1322e-05  6.4729e-05  2.8424e-03  6.5915e-03  1.5944e-03  0:01:11    9

 turbulent viscosity limited to viscosity ratio of 1.000000e+05 in 1372 cells 

 Reversed flow on 611 faces of pressure-outlet 7.
   392  5.2032e-01  6.3506e-05  7.1116e-05  6.4569e-05  2.8337e-03  6.6436e-03  1.5926e-03  0:01:01    8

 turbulent viscosity limited to viscosity ratio of 1.000000e+05 in 1371 cells 

 Reversed flow on 610 faces of pressure-outlet 7.
   393  5.1891e-01  6.3338e-05  7.0898e-05  6.4379e-05  2.8248e-03  6.6221e-03  1.5909e-03  0:00:54    7

 turbulent viscosity limited to viscosity ratio of 1.000000e+05 in 1368 cells 

 Reversed flow on 610 faces of pressure-outlet 7.
   394  5.1821e-01  6.3183e-05  7.0666e-05  6.4199e-05  2.8150e-03  6.5086e-03  1.5892e-03  0:00:47    6

 turbulent viscosity limited to viscosity ratio of 1.000000e+05 in 1362 cells 

 Reversed flow on 600 faces of pressure-outlet 7.
   395  5.1767e-01  6.2994e-05  7.0459e-05  6.4022e-05  2.8063e-03  6.4885e-03  1.5877e-03  0:00:39    5

 turbulent viscosity limited to viscosity ratio of 1.000000e+05 in 1359 cells 

 Reversed flow on 600 faces of pressure-outlet 7.
   396  5.1690e-01  6.2827e-05  7.0253e-05  6.3800e-05  2.7958e-03  6.4492e-03  1.5862e-03  0:00:31    4

 turbulent viscosity limited to viscosity ratio of 1.000000e+05 in 1354 cells 

 Reversed flow on 593 faces of pressure-outlet 7.

  iter  continuity  x-velocity  y-velocity  z-velocity           k     epsilon  vf-phase-2     time/iter
   397  5.1665e-01  6.2672e-05  7.0010e-05  6.3582e-05  2.7861e-03  6.4689e-03  1.5849e-03  0:00:23    3

 turbulent viscosity limited to viscosity ratio of 1.000000e+05 in 1351 cells 

 Reversed flow on 595 faces of pressure-outlet 7.
   398  5.1623e-01  6.2500e-05  6.9794e-05  6.3376e-05  2.7765e-03  6.4207e-03  1.5835e-03  0:00:16    2

 turbulent viscosity limited to viscosity ratio of 1.000000e+05 in 1349 cells 

 Reversed flow on 600 faces of pressure-outlet 7.
   399  5.1541e-01  6.2367e-05  6.9578e-05  6.3166e-05  2.7668e-03  6.3903e-03  1.5822e-03  0:00:08    1

iterate_400: RPC returned
progress: 400/1500
 turbulent viscosity limited to viscosity ratio of 1.000000e+05 in 1348 cells 

 Reversed flow on 598 faces of pressure-outlet 7.
   400  5.1450e-01  6.2203e-05  6.9337e-05  6.2960e-05  2.7558e-03  6.2248e-03  1.5809e-03  0:00:00    0

  iter  continuity  x-velocity  y-velocity  z-velocity           k     epsilon  vf-phase-2     time/iter
   400  5.1450e-01  6.2203e-05  6.9337e-05  6.2960e-05  2.7558e-03  6.2248e-03  1.5809e-03  0:03:13   25

 turbulent viscosity limited to viscosity ratio of 1.000000e+05 in 1345 cells 

 Reversed flow on 595 faces of pressure-outlet 7.
   401  5.1322e-01  6.2032e-05  6.9133e-05  6.2785e-05  2.7466e-03  6.2599e-03  1.5797e-03  0:03:06   24

 turbulent viscosity limited to viscosity ratio of 1.000000e+05 in 1340 cells 

 Reversed flow on 596 faces of pressure-outlet 7.
   402  5.1251e-01  6.1880e-05  6.8910e-05  6.2621e-05  2.7391e-03  6.5817e-03  1.5786e-03  0:03:00   23

 turbulent viscosity limited to viscosity ratio of 1.000000e+05 in 1335 cells 

 Reversed flow on 603 faces of pressure-outlet 7.
   403  5.1206e-01  6.1719e-05  6.8732e-05  6.2417e-05  2.7295e-03  6.3761e-03  1.5775e-03  0:02:48   22

 turbulent viscosity limited to viscosity ratio of 1.000000e+05 in 1329 cells 

 Reversed flow on 594 faces of pressure-outlet 7.
   404  5.1186e-01  6.1537e-05  6.8542e-05  6.2202e-05  2.7204e-03  6.3194e-03  1.5763e-03  0:02:42   21

 turbulent viscosity limited to viscosity ratio of 1.000000e+05 in 1325 cells 

 Reversed flow on 587 faces of pressure-outlet 7.
   405  5.1096e-01  6.1386e-05  6.8375e-05  6.2007e-05  2.7121e-03  6.5005e-03  1.5751e-03  0:02:35   20

 turbulent viscosity limited to viscosity ratio of 1.000000e+05 in 1323 cells 

 Reversed flow on 580 faces of pressure-outlet 7.
   406  5.1064e-01  6.1219e-05  6.8209e-05  6.1813e-05  2.7014e-03  6.4047e-03  1.5740e-03  0:02:25   19

 turbulent viscosity limited to viscosity ratio of 1.000000e+05 in 1319 cells 

 Reversed flow on 593 faces of pressure-outlet 7.
   407  5.0969e-01  6.1072e-05  6.8025e-05  6.1654e-05  2.6915e-03  6.5092e-03  1.5729e-03  0:02:19   18

 turbulent viscosity limited to viscosity ratio of 1.000000e+05 in 1315 cells 

 Reversed flow on 602 faces of pressure-outlet 7.
   408  5.0866e-01  6.0921e-05  6.7846e-05  6.1492e-05  2.6805e-03  6.1888e-03  1.5719e-03  0:02:12   17

 turbulent viscosity limited to viscosity ratio of 1.000000e+05 in 1310 cells 

 Reversed flow on 586 faces of pressure-outlet 7.
   409  5.0816e-01  6.0778e-05  6.7676e-05  6.1314e-05  2.6704e-03  6.1998e-03  1.5709e-03  0:02:05   16

 turbulent viscosity limited to viscosity ratio of 1.000000e+05 in 1305 cells 

 Reversed flow on 582 faces of pressure-outlet 7.
   410  5.0782e-01  6.0661e-05  6.7484e-05  6.1159e-05  2.6611e-03  6.3149e-03  1.5699e-03  0:01:58   15

 turbulent viscosity limited to viscosity ratio of 1.000000e+05 in 1302 cells 

 Reversed flow on 594 faces of pressure-outlet 7.

  iter  continuity  x-velocity  y-velocity  z-velocity           k     epsilon  vf-phase-2     time/iter
   411  5.0607e-01  6.0539e-05  6.7313e-05  6.0992e-05  2.6495e-03  6.1746e-03  1.5689e-03  0:01:47   14

 turbulent viscosity limited to viscosity ratio of 1.000000e+05 in 1300 cells 

 Reversed flow on 590 faces of pressure-outlet 7.
   412  5.0475e-01  6.0388e-05  6.7153e-05  6.0838e-05  2.6389e-03  5.9502e-03  1.5679e-03  0:01:41   13

 turbulent viscosity limited to viscosity ratio of 1.000000e+05 in 1298 cells 

 Reversed flow on 589 faces of pressure-outlet 7.
   413  5.0377e-01  6.0252e-05  6.6963e-05  6.0703e-05  2.6289e-03  6.0886e-03  1.5669e-03  0:01:34   12

 turbulent viscosity limited to viscosity ratio of 1.000000e+05 in 1293 cells 

 Reversed flow on 592 faces of pressure-outlet 7.
   414  5.0272e-01  6.0110e-05  6.6795e-05  6.0563e-05  2.6179e-03  6.0383e-03  1.5659e-03  0:01:24   11

 turbulent viscosity limited to viscosity ratio of 1.000000e+05 in 1292 cells 

 Reversed flow on 592 faces of pressure-outlet 7.
   415  5.0144e-01  5.9986e-05  6.6627e-05  6.0432e-05  2.6077e-03  5.9682e-03  1.5649e-03  0:01:17   10

 turbulent viscosity limited to viscosity ratio of 1.000000e+05 in 1287 cells 

 Reversed flow on 586 faces of pressure-outlet 7.
   416  5.0009e-01  5.9862e-05  6.6468e-05  6.0334e-05  2.5971e-03  5.8558e-03  1.5640e-03  0:01:10    9

 turbulent viscosity limited to viscosity ratio of 1.000000e+05 in 1284 cells 

 Reversed flow on 587 faces of pressure-outlet 7.
   417  4.9865e-01  5.9721e-05  6.6303e-05  6.0231e-05  2.5873e-03  5.9428e-03  1.5630e-03  0:01:02    8

 turbulent viscosity limited to viscosity ratio of 1.000000e+05 in 1283 cells 

 Reversed flow on 586 faces of pressure-outlet 7.
   418  4.9716e-01  5.9597e-05  6.6125e-05  6.0126e-05  2.5797e-03  6.2636e-03  1.5621e-03  0:00:54    7

 turbulent viscosity limited to viscosity ratio of 1.000000e+05 in 1278 cells 

 Reversed flow on 586 faces of pressure-outlet 7.
   419  4.9549e-01  5.9472e-05  6.5966e-05  6.0023e-05  2.5684e-03  5.9637e-03  1.5611e-03  0:00:46    6

 turbulent viscosity limited to viscosity ratio of 1.000000e+05 in 1277 cells 

 Reversed flow on 599 faces of pressure-outlet 7.
   420  4.9412e-01  5.9354e-05  6.5780e-05  5.9902e-05  2.5586e-03  6.0653e-03  1.5602e-03  0:00:39    5

 turbulent viscosity limited to viscosity ratio of 1.000000e+05 in 1274 cells 

 Reversed flow on 590 faces of pressure-outlet 7.
   421  4.9273e-01  5.9236e-05  6.5632e-05  5.9784e-05  2.5488e-03  5.8988e-03  1.5593e-03  0:00:31    4

 turbulent viscosity limited to viscosity ratio of 1.000000e+05 in 1272 cells 

 Reversed flow on 590 faces of pressure-outlet 7.

  iter  continuity  x-velocity  y-velocity  z-velocity           k     epsilon  vf-phase-2     time/iter
   422  4.9151e-01  5.9134e-05  6.5476e-05  5.9659e-05  2.5415e-03  6.0713e-03  1.5583e-03  0:00:23    3

 turbulent viscosity limited to viscosity ratio of 1.000000e+05 in 1269 cells 

 Reversed flow on 576 faces of pressure-outlet 7.
   423  4.8988e-01  5.9029e-05  6.5334e-05  5.9546e-05  2.5317e-03  5.8223e-03  1.5574e-03  0:00:15    2

 turbulent viscosity limited to viscosity ratio of 1.000000e+05 in 1265 cells 

 Reversed flow on 581 faces of pressure-outlet 7.
   424  4.8818e-01  5.8924e-05  6.5186e-05  5.9415e-05  2.5224e-03  5.6975e-03  1.5564e-03  0:00:08    1

 turbulent viscosity limited to viscosity ratio of 1.000000e+05 in 1263 cells 

 Reversed flow on 578 faces of pressure-outlet 7.
   425  4.8689e-01  5.8836e-05  6.5053e-05  5.9266e-05  2.5137e-03  5.6352e-03  1.5554e-03  0:00:00    0
iterate_425: RPC returned
progress: 425/1500

  iter  continuity  x-velocity  y-velocity  z-velocity           k     epsilon  vf-phase-2     time/iter
   425  4.8689e-01  5.8836e-05  6.5053e-05  5.9266e-05  2.5137e-03  5.6352e-03  1.5554e-03  0:03:16   25

 turbulent viscosity limited to viscosity ratio of 1.000000e+05 in 1259 cells 

 Reversed flow on 583 faces of pressure-outlet 7.
   426  4.8630e-01  5.8739e-05  6.4920e-05  5.9137e-05  2.5062e-03  5.6648e-03  1.5544e-03  0:03:09   24

 turbulent viscosity limited to viscosity ratio of 1.000000e+05 in 1257 cells 

 Reversed flow on 597 faces of pressure-outlet 7.
   427  4.8589e-01  5.8671e-05  6.4799e-05  5.9021e-05  2.4988e-03  5.6235e-03  1.5534e-03  0:03:01   23

 turbulent viscosity limited to viscosity ratio of 1.000000e+05 in 1254 cells 

 Reversed flow on 598 faces of pressure-outlet 7.
   428  4.8465e-01  5.8598e-05  6.4684e-05  5.8908e-05  2.4927e-03  5.5281e-03  1.5524e-03  0:02:54   22

 turbulent viscosity limited to viscosity ratio of 1.000000e+05 in 1250 cells 

 Reversed flow on 592 faces of pressure-outlet 7.
   429  4.8336e-01  5.8522e-05  6.4581e-05  5.8789e-05  2.4861e-03  5.4993e-03  1.5514e-03  0:02:46   21

 turbulent viscosity limited to viscosity ratio of 1.000000e+05 in 1243 cells 

 Reversed flow on 594 faces of pressure-outlet 7.
   430  4.8223e-01  5.8445e-05  6.4477e-05  5.8654e-05  2.4822e-03  5.5521e-03  1.5503e-03  0:02:35   20

 turbulent viscosity limited to viscosity ratio of 1.000000e+05 in 1242 cells 

 Reversed flow on 594 faces of pressure-outlet 7.
   431  4.8091e-01  5.8405e-05  6.4394e-05  5.8515e-05  2.4770e-03  5.4223e-03  1.5492e-03  0:02:28   19

 turbulent viscosity limited to viscosity ratio of 1.000000e+05 in 1239 cells 

 Reversed flow on 594 faces of pressure-outlet 7.
   432  4.8028e-01  5.8345e-05  6.4321e-05  5.8383e-05  2.4742e-03  5.6369e-03  1.5481e-03  0:02:21   18

 turbulent viscosity limited to viscosity ratio of 1.000000e+05 in 1236 cells 

 Reversed flow on 588 faces of pressure-outlet 7.
   433  4.7947e-01  5.8276e-05  6.4247e-05  5.8244e-05  2.4712e-03  5.5036e-03  1.5470e-03  0:02:14   17

 turbulent viscosity limited to viscosity ratio of 1.000000e+05 in 1234 cells 

 Reversed flow on 583 faces of pressure-outlet 7.
   434  4.7835e-01  5.8248e-05  6.4189e-05  5.8137e-05  2.4689e-03  5.5058e-03  1.5458e-03  0:02:06   16

 turbulent viscosity limited to viscosity ratio of 1.000000e+05 in 1228 cells 

 Reversed flow on 584 faces of pressure-outlet 7.
   435  4.7756e-01  5.8233e-05  6.4124e-05  5.8005e-05  2.4666e-03  5.5019e-03  1.5447e-03  0:01:56   15

 turbulent viscosity limited to viscosity ratio of 1.000000e+05 in 1227 cells 

 Reversed flow on 590 faces of pressure-outlet 7.

  iter  continuity  x-velocity  y-velocity  z-velocity           k     epsilon  vf-phase-2     time/iter
   436  4.7766e-01  5.8221e-05  6.4087e-05  5.7906e-05  2.4652e-03  5.5066e-03  1.5436e-03  0:01:49   14

 turbulent viscosity limited to viscosity ratio of 1.000000e+05 in 1225 cells 

 Reversed flow on 586 faces of pressure-outlet 7.
   437  4.7704e-01  5.8225e-05  6.4069e-05  5.7798e-05  2.4658e-03  5.6680e-03  1.5424e-03  0:01:42   13

 turbulent viscosity limited to viscosity ratio of 1.000000e+05 in 1223 cells 

 Reversed flow on 589 faces of pressure-outlet 7.
   438  4.7695e-01  5.8228e-05  6.4036e-05  5.7704e-05  2.4663e-03  5.5842e-03  1.5412e-03  0:01:34   12

 turbulent viscosity limited to viscosity ratio of 1.000000e+05 in 1223 cells 

 Reversed flow on 580 faces of pressure-outlet 7.
   439  4.7690e-01  5.8237e-05  6.4018e-05  5.7618e-05  2.4673e-03  5.5502e-03  1.5400e-03  0:01:25   11

 turbulent viscosity limited to viscosity ratio of 1.000000e+05 in 1221 cells 

 Reversed flow on 584 faces of pressure-outlet 7.
   440  4.7711e-01  5.8257e-05  6.4014e-05  5.7551e-05  2.4676e-03  5.7253e-03  1.5387e-03  0:01:17   10

 turbulent viscosity limited to viscosity ratio of 1.000000e+05 in 1219 cells 

 Reversed flow on 595 faces of pressure-outlet 7.
   441  4.7806e-01  5.8282e-05  6.4015e-05  5.7481e-05  2.4697e-03  5.7952e-03  1.5375e-03  0:01:10    9

 turbulent viscosity limited to viscosity ratio of 1.000000e+05 in 1219 cells 

 Reversed flow on 596 faces of pressure-outlet 7.
   442  4.7826e-01  5.8294e-05  6.4002e-05  5.7408e-05  2.4702e-03  5.6724e-03  1.5363e-03  0:01:03    8

 turbulent viscosity limited to viscosity ratio of 1.000000e+05 in 1217 cells 

 Reversed flow on 597 faces of pressure-outlet 7.
   443  4.7815e-01  5.8310e-05  6.4023e-05  5.7341e-05  2.4724e-03  5.7772e-03  1.5351e-03  0:00:54    7

 turbulent viscosity limited to viscosity ratio of 1.000000e+05 in 1213 cells 

 Reversed flow on 588 faces of pressure-outlet 7.
   444  4.7864e-01  5.8312e-05  6.4047e-05  5.7313e-05  2.4743e-03  5.6879e-03  1.5339e-03  0:00:46    6

 turbulent viscosity limited to viscosity ratio of 1.000000e+05 in 1209 cells 

 Reversed flow on 589 faces of pressure-outlet 7.
   445  4.7895e-01  5.8357e-05  6.4077e-05  5.7270e-05  2.4757e-03  5.6490e-03  1.5328e-03  0:00:39    5

 turbulent viscosity limited to viscosity ratio of 1.000000e+05 in 1206 cells 

 Reversed flow on 592 faces of pressure-outlet 7.
   446  4.7902e-01  5.8386e-05  6.4106e-05  5.7223e-05  2.4789e-03  5.8726e-03  1.5317e-03  0:00:31    4

 turbulent viscosity limited to viscosity ratio of 1.000000e+05 in 1203 cells 

 Reversed flow on 605 faces of pressure-outlet 7.

  iter  continuity  x-velocity  y-velocity  z-velocity           k     epsilon  vf-phase-2     time/iter
   447  4.7943e-01  5.8419e-05  6.4169e-05  5.7196e-05  2.4805e-03  5.7045e-03  1.5306e-03  0:00:23    3

 turbulent viscosity limited to viscosity ratio of 1.000000e+05 in 1198 cells 

 Reversed flow on 603 faces of pressure-outlet 7.
   448  4.7919e-01  5.8432e-05  6.4236e-05  5.7187e-05  2.4828e-03  5.7878e-03  1.5295e-03  0:00:15    2

 turbulent viscosity limited to viscosity ratio of 1.000000e+05 in 1198 cells 

 Reversed flow on 597 faces of pressure-outlet 7.
   449  4.7893e-01  5.8452e-05  6.4306e-05  5.7181e-05  2.4847e-03  5.9027e-03  1.5285e-03  0:00:08    1

iterate_450: RPC returned
progress: 450/1500
 turbulent viscosity limited to viscosity ratio of 1.000000e+05 in 1196 cells 

 Reversed flow on 590 faces of pressure-outlet 7.
   450  4.7969e-01  5.8483e-05  6.4367e-05  5.7176e-05  2.4881e-03  6.4493e-03  1.5275e-03  0:00:00    0

  iter  continuity  x-velocity  y-velocity  z-velocity           k     epsilon  vf-phase-2     time/iter
   450  4.7969e-01  5.8483e-05  6.4367e-05  5.7176e-05  2.4881e-03  6.4493e-03  1.5275e-03  0:03:16   25

 turbulent viscosity limited to viscosity ratio of 1.000000e+05 in 1194 cells 

 Reversed flow on 598 faces of pressure-outlet 7.
   451  4.8032e-01  5.8506e-05  6.4430e-05  5.7217e-05  2.4908e-03  6.5858e-03  1.5266e-03  0:03:09   24

 turbulent viscosity limited to viscosity ratio of 1.000000e+05 in 1193 cells 

 Reversed flow on 598 faces of pressure-outlet 7.
   452  4.8117e-01  5.8547e-05  6.4507e-05  5.7246e-05  2.4919e-03  6.1789e-03  1.5256e-03  0:03:01   23

 turbulent viscosity limited to viscosity ratio of 1.000000e+05 in 1193 cells 

 Reversed flow on 595 faces of pressure-outlet 7.
   453  4.8203e-01  5.8603e-05  6.4590e-05  5.7293e-05  2.4950e-03  6.8396e-03  1.5246e-03  0:02:54   22

 turbulent viscosity limited to viscosity ratio of 1.000000e+05 in 1187 cells 

 Reversed flow on 593 faces of pressure-outlet 7.
   454  4.8323e-01  5.8638e-05  6.4680e-05  5.7346e-05  2.4951e-03  6.2546e-03  1.5237e-03  0:02:47   21

 turbulent viscosity limited to viscosity ratio of 1.000000e+05 in 1185 cells 

 Reversed flow on 589 faces of pressure-outlet 7.
   455  4.8441e-01  5.8651e-05  6.4789e-05  5.7412e-05  2.4985e-03  6.2085e-03  1.5227e-03  0:02:35   20

 turbulent viscosity limited to viscosity ratio of 1.000000e+05 in 1183 cells 

 Reversed flow on 594 faces of pressure-outlet 7.
   456  4.8511e-01  5.8686e-05  6.4912e-05  5.7458e-05  2.5007e-03  6.1183e-03  1.5218e-03  0:02:28   19

 turbulent viscosity limited to viscosity ratio of 1.000000e+05 in 1182 cells 

 Reversed flow on 606 faces of pressure-outlet 7.
   457  4.8621e-01  5.8723e-05  6.5056e-05  5.7513e-05  2.5057e-03  6.2159e-03  1.5211e-03  0:02:21   18

 turbulent viscosity limited to viscosity ratio of 1.000000e+05 in 1181 cells 

 Reversed flow on 596 faces of pressure-outlet 7.
   458  4.8735e-01  5.8772e-05  6.5186e-05  5.7589e-05  2.5090e-03  6.0920e-03  1.5203e-03  0:02:14   17

 turbulent viscosity limited to viscosity ratio of 1.000000e+05 in 1181 cells 

 Reversed flow on 597 faces of pressure-outlet 7.
   459  4.8877e-01  5.8801e-05  6.5326e-05  5.7682e-05  2.5139e-03  6.2208e-03  1.5195e-03  0:02:06   16

 turbulent viscosity limited to viscosity ratio of 1.000000e+05 in 1178 cells 

 Reversed flow on 581 faces of pressure-outlet 7.
   460  4.9074e-01  5.8843e-05  6.5471e-05  5.7773e-05  2.5183e-03  5.9770e-03  1.5187e-03  0:01:56   15

 turbulent viscosity limited to viscosity ratio of 1.000000e+05 in 1179 cells 

 Reversed flow on 597 faces of pressure-outlet 7.

  iter  continuity  x-velocity  y-velocity  z-velocity           k     epsilon  vf-phase-2     time/iter
   461  4.9250e-01  5.8882e-05  6.5638e-05  5.7863e-05  2.5243e-03  6.2982e-03  1.5179e-03  0:01:49   14

 turbulent viscosity limited to viscosity ratio of 1.000000e+05 in 1179 cells 

 Reversed flow on 596 faces of pressure-outlet 7.
   462  4.9380e-01  5.8935e-05  6.5796e-05  5.7975e-05  2.5291e-03  6.1629e-03  1.5172e-03  0:01:42   13

 turbulent viscosity limited to viscosity ratio of 1.000000e+05 in 1176 cells 

 Reversed flow on 602 faces of pressure-outlet 7.
   463  4.9511e-01  5.8959e-05  6.5965e-05  5.8073e-05  2.5339e-03  6.0052e-03  1.5165e-03  0:01:34   12

 turbulent viscosity limited to viscosity ratio of 1.000000e+05 in 1174 cells 

 Reversed flow on 597 faces of pressure-outlet 7.
   464  4.9661e-01  5.8992e-05  6.6149e-05  5.8199e-05  2.5396e-03  6.2357e-03  1.5158e-03  0:01:25   11

 turbulent viscosity limited to viscosity ratio of 1.000000e+05 in 1169 cells 

 Reversed flow on 605 faces of pressure-outlet 7.
   465  4.9896e-01  5.9017e-05  6.6315e-05  5.8318e-05  2.5445e-03  6.4194e-03  1.5150e-03  0:01:17   10

 turbulent viscosity limited to viscosity ratio of 1.000000e+05 in 1167 cells 

 Reversed flow on 601 faces of pressure-outlet 7.
   466  5.0068e-01  5.9064e-05  6.6482e-05  5.8438e-05  2.5505e-03  7.1697e-03  1.5141e-03  0:01:10    9

 turbulent viscosity limited to viscosity ratio of 1.000000e+05 in 1165 cells 

 Reversed flow on 598 faces of pressure-outlet 7.
   467  5.0281e-01  5.9089e-05  6.6655e-05  5.8584e-05  2.5549e-03  6.9378e-03  1.5130e-03  0:01:03    8

 turbulent viscosity limited to viscosity ratio of 1.000000e+05 in 1162 cells 

 Reversed flow on 599 faces of pressure-outlet 7.
   468  5.0472e-01  5.9104e-05  6.6833e-05  5.8721e-05  2.5600e-03  6.4764e-03  1.5120e-03  0:00:55    7

 turbulent viscosity limited to viscosity ratio of 1.000000e+05 in 1160 cells 

 Reversed flow on 608 faces of pressure-outlet 7.
   469  5.0673e-01  5.9120e-05  6.7022e-05  5.8884e-05  2.5643e-03  7.0872e-03  1.5108e-03  0:00:47    6

 turbulent viscosity limited to viscosity ratio of 1.000000e+05 in 1159 cells 

 Reversed flow on 604 faces of pressure-outlet 7.
   470  5.0890e-01  5.9141e-05  6.7216e-05  5.9032e-05  2.5677e-03  6.7190e-03  1.5096e-03  0:00:39    5

 turbulent viscosity limited to viscosity ratio of 1.000000e+05 in 1159 cells 

 Reversed flow on 608 faces of pressure-outlet 7.
   471  5.1061e-01  5.9135e-05  6.7420e-05  5.9177e-05  2.5721e-03  6.5291e-03  1.5082e-03  0:00:31    4

 turbulent viscosity limited to viscosity ratio of 1.000000e+05 in 1159 cells 

 Reversed flow on 619 faces of pressure-outlet 7.

  iter  continuity  x-velocity  y-velocity  z-velocity           k     epsilon  vf-phase-2     time/iter
   472  5.1241e-01  5.9146e-05  6.7613e-05  5.9326e-05  2.5760e-03  6.3147e-03  1.5067e-03  0:00:23    3

 turbulent viscosity limited to viscosity ratio of 1.000000e+05 in 1156 cells 

 Reversed flow on 616 faces of pressure-outlet 7.
   473  5.1437e-01  5.9138e-05  6.7808e-05  5.9467e-05  2.5799e-03  6.3447e-03  1.5052e-03  0:00:16    2

 turbulent viscosity limited to viscosity ratio of 1.000000e+05 in 1155 cells 

 Reversed flow on 600 faces of pressure-outlet 7.
   474  5.1680e-01  5.9147e-05  6.7986e-05  5.9620e-05  2.5842e-03  6.3271e-03  1.5035e-03  0:00:08    1

 turbulent viscosity limited to viscosity ratio of 1.000000e+05 in 1151 cells 

 Reversed flow on 596 faces of pressure-outlet 7.
   475  5.1993e-01  5.9149e-05  6.8188e-05  5.9769e-05  2.5882e-03  6.2821e-03  1.5017e-03  0:00:00    0
iterate_475: RPC returned
progress: 475/1500

  iter  continuity  x-velocity  y-velocity  z-velocity           k     epsilon  vf-phase-2     time/iter
   475  5.1993e-01  5.9149e-05  6.8188e-05  5.9769e-05  2.5882e-03  6.2821e-03  1.5017e-03  0:03:14   25

 turbulent viscosity limited to viscosity ratio of 1.000000e+05 in 1150 cells 

 Reversed flow on 598 faces of pressure-outlet 7.
   476  5.2199e-01  5.9141e-05  6.8392e-05  5.9917e-05  2.5927e-03  6.4320e-03  1.5000e-03  0:03:07   24

 turbulent viscosity limited to viscosity ratio of 1.000000e+05 in 1149 cells 

 Reversed flow on 604 faces of pressure-outlet 7.
   477  5.2403e-01  5.9108e-05  6.8592e-05  6.0080e-05  2.5977e-03  6.4780e-03  1.4981e-03  0:03:00   23

 turbulent viscosity limited to viscosity ratio of 1.000000e+05 in 1148 cells 

 Reversed flow on 613 faces of pressure-outlet 7.
   478  5.2581e-01  5.9108e-05  6.8775e-05  6.0244e-05  2.5996e-03  6.3485e-03  1.4961e-03  0:02:49   22

 turbulent viscosity limited to viscosity ratio of 1.000000e+05 in 1145 cells 

 Reversed flow on 617 faces of pressure-outlet 7.
   479  5.2761e-01  5.9113e-05  6.8968e-05  6.0416e-05  2.6053e-03  6.7473e-03  1.4940e-03  0:02:42   21

 turbulent viscosity limited to viscosity ratio of 1.000000e+05 in 1144 cells 

 Reversed flow on 603 faces of pressure-outlet 7.
   480  5.2926e-01  5.9128e-05  6.9186e-05  6.0577e-05  2.6110e-03  6.7393e-03  1.4919e-03  0:02:36   20

 turbulent viscosity limited to viscosity ratio of 1.000000e+05 in 1143 cells 

 Reversed flow on 609 faces of pressure-outlet 7.
   481  5.3128e-01  5.9158e-05  6.9426e-05  6.0747e-05  2.6148e-03  6.4897e-03  1.4896e-03  0:02:29   19

 turbulent viscosity limited to viscosity ratio of 1.000000e+05 in 1140 cells 

 Reversed flow on 613 faces of pressure-outlet 7.
   482  5.3327e-01  5.9191e-05  6.9670e-05  6.0909e-05  2.6189e-03  6.7105e-03  1.4873e-03  0:02:22   18

 turbulent viscosity limited to viscosity ratio of 1.000000e+05 in 1139 cells 

 Reversed flow on 610 faces of pressure-outlet 7.
   483  5.3504e-01  5.9212e-05  6.9901e-05  6.1083e-05  2.6249e-03  7.1620e-03  1.4850e-03  0:02:11   17

 turbulent viscosity limited to viscosity ratio of 1.000000e+05 in 1136 cells 

 Reversed flow on 620 faces of pressure-outlet 7.
   484  5.3652e-01  5.9242e-05  7.0153e-05  6.1252e-05  2.6303e-03  6.9760e-03  1.4826e-03  0:02:04   16

 turbulent viscosity limited to viscosity ratio of 1.000000e+05 in 1136 cells 

 Reversed flow on 626 faces of pressure-outlet 7.
   485  5.3772e-01  5.9275e-05  7.0389e-05  6.1401e-05  2.6348e-03  6.6804e-03  1.4801e-03  0:01:57   15

 turbulent viscosity limited to viscosity ratio of 1.000000e+05 in 1136 cells 

 Reversed flow on 627 faces of pressure-outlet 7.

  iter  continuity  x-velocity  y-velocity  z-velocity           k     epsilon  vf-phase-2     time/iter
   486  5.3965e-01  5.9333e-05  7.0659e-05  6.1572e-05  2.6431e-03  7.8590e-03  1.4777e-03  0:01:50   14

 turbulent viscosity limited to viscosity ratio of 1.000000e+05 in 1136 cells 

 Reversed flow on 624 faces of pressure-outlet 7.
   487  5.4196e-01  5.9393e-05  7.0924e-05  6.1718e-05  2.6478e-03  7.2989e-03  1.4752e-03  0:01:40   13

 turbulent viscosity limited to viscosity ratio of 1.000000e+05 in 1134 cells 

 Reversed flow on 636 faces of pressure-outlet 7.
   488  5.4378e-01  5.9448e-05  7.1191e-05  6.1880e-05  2.6553e-03  7.2062e-03  1.4727e-03  0:01:33   12

 turbulent viscosity limited to viscosity ratio of 1.000000e+05 in 1131 cells 

 Reversed flow on 633 faces of pressure-outlet 7.
   489  5.4575e-01  5.9486e-05  7.1455e-05  6.2021e-05  2.6602e-03  7.0478e-03  1.4702e-03  0:01:26   11

 turbulent viscosity limited to viscosity ratio of 1.000000e+05 in 1129 cells 

 Reversed flow on 630 faces of pressure-outlet 7.
   490  5.4834e-01  5.9529e-05  7.1678e-05  6.2210e-05  2.6649e-03  6.7488e-03  1.4677e-03  0:01:18   10

 turbulent viscosity limited to viscosity ratio of 1.000000e+05 in 1127 cells 

 Reversed flow on 630 faces of pressure-outlet 7.
   491  5.5110e-01  5.9558e-05  7.1900e-05  6.2386e-05  2.6716e-03  7.0639e-03  1.4651e-03  0:01:09    9

 turbulent viscosity limited to viscosity ratio of 1.000000e+05 in 1125 cells 

 Reversed flow on 631 faces of pressure-outlet 7.
   492  5.5275e-01  5.9615e-05  7.2157e-05  6.2557e-05  2.6798e-03  7.1608e-03  1.4625e-03  0:01:02    8

 turbulent viscosity limited to viscosity ratio of 1.000000e+05 in 1122 cells 

 Reversed flow on 637 faces of pressure-outlet 7.
   493  5.5461e-01  5.9671e-05  7.2430e-05  6.2699e-05  2.6857e-03  6.9487e-03  1.4598e-03  0:00:55    7

 turbulent viscosity limited to viscosity ratio of 1.000000e+05 in 1121 cells 

 Reversed flow on 630 faces of pressure-outlet 7.
   494  5.5652e-01  5.9712e-05  7.2670e-05  6.2858e-05  2.6915e-03  6.8753e-03  1.4570e-03  0:00:47    6

 turbulent viscosity limited to viscosity ratio of 1.000000e+05 in 1119 cells 

 Reversed flow on 645 faces of pressure-outlet 7.
   495  5.5841e-01  5.9778e-05  7.2900e-05  6.3022e-05  2.6993e-03  7.2156e-03  1.4542e-03  0:00:39    5

 turbulent viscosity limited to viscosity ratio of 1.000000e+05 in 1118 cells 

 Reversed flow on 652 faces of pressure-outlet 7.
   496  5.6037e-01  5.9808e-05  7.3131e-05  6.3192e-05  2.7070e-03  6.7302e-03  1.4514e-03  0:00:31    4

 turbulent viscosity limited to viscosity ratio of 1.000000e+05 in 1119 cells 

 Reversed flow on 650 faces of pressure-outlet 7.

  iter  continuity  x-velocity  y-velocity  z-velocity           k     epsilon  vf-phase-2     time/iter
   497  5.6234e-01  5.9855e-05  7.3359e-05  6.3361e-05  2.7179e-03  7.6206e-03  1.4484e-03  0:00:23    3

 turbulent viscosity limited to viscosity ratio of 1.000000e+05 in 1116 cells 

 Reversed flow on 655 faces of pressure-outlet 7.
   498  5.6467e-01  5.9904e-05  7.3596e-05  6.3531e-05  2.7297e-03  7.6269e-03  1.4453e-03  0:00:16    2

 turbulent viscosity limited to viscosity ratio of 1.000000e+05 in 1115 cells 

 Reversed flow on 665 faces of pressure-outlet 7.
   499  5.6636e-01  5.9939e-05  7.3862e-05  6.3674e-05  2.7428e-03  7.7706e-03  1.4421e-03  0:00:08    1

iterate_500: RPC returned
progress: 500/1500
 turbulent viscosity limited to viscosity ratio of 1.000000e+05 in 1111 cells 

 Reversed flow on 657 faces of pressure-outlet 7.
   500  5.6805e-01  5.9957e-05  7.4101e-05  6.3816e-05  2.7512e-03  7.9465e-03  1.4390e-03  0:00:00    0

  iter  continuity  x-velocity  y-velocity  z-velocity           k     epsilon  vf-phase-2     time/iter
   500  5.6805e-01  5.9957e-05  7.4101e-05  6.3816e-05  2.7512e-03  7.9465e-03  1.4390e-03  0:03:12   25

 turbulent viscosity limited to viscosity ratio of 1.000000e+05 in 1112 cells 

 Reversed flow on 665 faces of pressure-outlet 7.
   501  5.7000e-01  5.9963e-05  7.4325e-05  6.3973e-05  2.7620e-03  8.1808e-03  1.4356e-03  0:03:06   24

 turbulent viscosity limited to viscosity ratio of 1.000000e+05 in 1109 cells 

 Reversed flow on 670 faces of pressure-outlet 7.
   502  5.7186e-01  5.9957e-05  7.4521e-05  6.4138e-05  2.7721e-03  8.1416e-03  1.4322e-03  0:02:59   23

 turbulent viscosity limited to viscosity ratio of 1.000000e+05 in 1109 cells 

 Reversed flow on 671 faces of pressure-outlet 7.
   503  5.7380e-01  5.9954e-05  7.4727e-05  6.4323e-05  2.7799e-03  7.7695e-03  1.4286e-03  0:02:52   22

 turbulent viscosity limited to viscosity ratio of 1.000000e+05 in 1106 cells 

 Reversed flow on 667 faces of pressure-outlet 7.
   504  5.7536e-01  5.9981e-05  7.4936e-05  6.4461e-05  2.7904e-03  7.7682e-03  1.4250e-03  0:02:45   21

 turbulent viscosity limited to viscosity ratio of 1.000000e+05 in 1103 cells 

 Reversed flow on 675 faces of pressure-outlet 7.
   505  5.7658e-01  6.0007e-05  7.5119e-05  6.4598e-05  2.7999e-03  7.4982e-03  1.4214e-03  0:02:38   20

 turbulent viscosity limited to viscosity ratio of 1.000000e+05 in 1099 cells 

 Reversed flow on 672 faces of pressure-outlet 7.
   506  5.7704e-01  6.0018e-05  7.5292e-05  6.4742e-05  2.8088e-03  7.9821e-03  1.4176e-03  0:02:27   19

 turbulent viscosity limited to viscosity ratio of 1.000000e+05 in 1097 cells 

 Reversed flow on 672 faces of pressure-outlet 7.
   507  5.7784e-01  6.0040e-05  7.5444e-05  6.4868e-05  2.8168e-03  7.7525e-03  1.4136e-03  0:02:20   18

 turbulent viscosity limited to viscosity ratio of 1.000000e+05 in 1096 cells 

 Reversed flow on 677 faces of pressure-outlet 7.
   508  5.7954e-01  6.0081e-05  7.5608e-05  6.5016e-05  2.8288e-03  8.6805e-03  1.4096e-03  0:02:13   17

 turbulent viscosity limited to viscosity ratio of 1.000000e+05 in 1095 cells 

 Reversed flow on 677 faces of pressure-outlet 7.
   509  5.8101e-01  6.0117e-05  7.5771e-05  6.5156e-05  2.8412e-03  8.7291e-03  1.4055e-03  0:02:06   16

 turbulent viscosity limited to viscosity ratio of 1.000000e+05 in 1094 cells 

 Reversed flow on 675 faces of pressure-outlet 7.
   510  5.8165e-01  6.0123e-05  7.5921e-05  6.5276e-05  2.8549e-03  9.2555e-03  1.4012e-03  0:01:55   15

 turbulent viscosity limited to viscosity ratio of 1.000000e+05 in 1093 cells 

 Reversed flow on 683 faces of pressure-outlet 7.

  iter  continuity  x-velocity  y-velocity  z-velocity           k     epsilon  vf-phase-2     time/iter
   511  5.8292e-01  6.0121e-05  7.6086e-05  6.5392e-05  2.8629e-03  9.1397e-03  1.3969e-03  0:01:48   14

 turbulent viscosity limited to viscosity ratio of 1.000000e+05 in 1093 cells 

 Reversed flow on 695 faces of pressure-outlet 7.
   512  5.8399e-01  6.0162e-05  7.6226e-05  6.5505e-05  2.8712e-03  8.8967e-03  1.3925e-03  0:01:41   13

 turbulent viscosity limited to viscosity ratio of 1.000000e+05 in 1092 cells 

 Reversed flow on 694 faces of pressure-outlet 7.
   513  5.8516e-01  6.0196e-05  7.6361e-05  6.5621e-05  2.8801e-03  9.0676e-03  1.3879e-03  0:01:34   12

 turbulent viscosity limited to viscosity ratio of 1.000000e+05 in 1090 cells 

 Reversed flow on 705 faces of pressure-outlet 7.
   514  5.8579e-01  6.0189e-05  7.6493e-05  6.5708e-05  2.8866e-03  8.9109e-03  1.3833e-03  0:01:27   11

 turbulent viscosity limited to viscosity ratio of 1.000000e+05 in 1087 cells 

 Reversed flow on 700 faces of pressure-outlet 7.
   515  5.8641e-01  6.0233e-05  7.6632e-05  6.5784e-05  2.8952e-03  9.7667e-03  1.3786e-03  0:01:17   10

 turbulent viscosity limited to viscosity ratio of 1.000000e+05 in 1086 cells 

 Reversed flow on 687 faces of pressure-outlet 7.
   516  5.8662e-01  6.0277e-05  7.6740e-05  6.5854e-05  2.8994e-03  9.7580e-03  1.3739e-03  0:01:10    9

 turbulent viscosity limited to viscosity ratio of 1.000000e+05 in 1082 cells 

 Reversed flow on 698 faces of pressure-outlet 7.
   517  5.8736e-01  6.0303e-05  7.6874e-05  6.5906e-05  2.9011e-03  8.9855e-03  1.3692e-03  0:01:02    8

 turbulent viscosity limited to viscosity ratio of 1.000000e+05 in 1082 cells 

 Reversed flow on 711 faces of pressure-outlet 7.
   518  5.8747e-01  6.0326e-05  7.7013e-05  6.5940e-05  2.9078e-03  9.0827e-03  1.3644e-03  0:00:55    7

 turbulent viscosity limited to viscosity ratio of 1.000000e+05 in 1078 cells 

 Reversed flow on 710 faces of pressure-outlet 7.
   519  5.8807e-01  6.0350e-05  7.7136e-05  6.5971e-05  2.9103e-03  8.5360e-03  1.3595e-03  0:00:46    6

 turbulent viscosity limited to viscosity ratio of 1.000000e+05 in 1077 cells 

 Reversed flow on 694 faces of pressure-outlet 7.
   520  5.8774e-01  6.0378e-05  7.7212e-05  6.6001e-05  2.9155e-03  8.9175e-03  1.3548e-03  0:00:39    5

 turbulent viscosity limited to viscosity ratio of 1.000000e+05 in 1077 cells 

 Reversed flow on 700 faces of pressure-outlet 7.
   521  5.8812e-01  6.0411e-05  7.7289e-05  6.6015e-05  2.9198e-03  8.4779e-03  1.3500e-03  0:00:31    4

 turbulent viscosity limited to viscosity ratio of 1.000000e+05 in 1077 cells 

 Reversed flow on 689 faces of pressure-outlet 7.

  iter  continuity  x-velocity  y-velocity  z-velocity           k     epsilon  vf-phase-2     time/iter
   522  5.8886e-01  6.0424e-05  7.7362e-05  6.6040e-05  2.9271e-03  8.8966e-03  1.3453e-03  0:00:24    3

 turbulent viscosity limited to viscosity ratio of 1.000000e+05 in 1077 cells 

 Reversed flow on 690 faces of pressure-outlet 7.
   523  5.8938e-01  6.0461e-05  7.7444e-05  6.6050e-05  2.9333e-03  8.6326e-03  1.3407e-03  0:00:15    2

 turbulent viscosity limited to viscosity ratio of 1.000000e+05 in 1075 cells 

 Reversed flow on 692 faces of pressure-outlet 7.
   524  5.9001e-01  6.0501e-05  7.7513e-05  6.6026e-05  2.9388e-03  9.9183e-03  1.3361e-03  0:00:08    1

iterate_525: RPC returned
progress: 525/1500
 turbulent viscosity limited to viscosity ratio of 1.000000e+05 in 1074 cells 

 Reversed flow on 700 faces of pressure-outlet 7.
   525  5.8982e-01  6.0498e-05  7.7577e-05  6.5993e-05  2.9468e-03  9.9162e-03  1.3315e-03  0:00:00    0

  iter  continuity  x-velocity  y-velocity  z-velocity           k     epsilon  vf-phase-2     time/iter
   525  5.8982e-01  6.0498e-05  7.7577e-05  6.5993e-05  2.9468e-03  9.9162e-03  1.3315e-03  0:03:15   25

 turbulent viscosity limited to viscosity ratio of 1.000000e+05 in 1073 cells 

 Reversed flow on 688 faces of pressure-outlet 7.
   526  5.8979e-01  6.0525e-05  7.7635e-05  6.5930e-05  2.9501e-03  1.0094e-02  1.3270e-03  0:03:13   24

 turbulent viscosity limited to viscosity ratio of 1.000000e+05 in 1072 cells 

 Reversed flow on 698 faces of pressure-outlet 7.
   527  5.8948e-01  6.0547e-05  7.7660e-05  6.5861e-05  2.9526e-03  9.8615e-03  1.3227e-03  0:03:00   23

 turbulent viscosity limited to viscosity ratio of 1.000000e+05 in 1072 cells 

 Reversed flow on 692 faces of pressure-outlet 7.
   528  5.8917e-01  6.0582e-05  7.7714e-05  6.5778e-05  2.9528e-03  9.4071e-03  1.3186e-03  0:02:53   22

 turbulent viscosity limited to viscosity ratio of 1.000000e+05 in 1071 cells 

 Reversed flow on 681 faces of pressure-outlet 7.
   529  5.8963e-01  6.0597e-05  7.7761e-05  6.5693e-05  2.9530e-03  9.1928e-03  1.3145e-03  0:02:46   21

 turbulent viscosity limited to viscosity ratio of 1.000000e+05 in 1069 cells 

 Reversed flow on 690 faces of pressure-outlet 7.
   530  5.8975e-01  6.0600e-05  7.7777e-05  6.5573e-05  2.9596e-03  1.0281e-02  1.3106e-03  0:02:38   20

 turbulent viscosity limited to viscosity ratio of 1.000000e+05 in 1068 cells 

 Reversed flow on 686 faces of pressure-outlet 7.
   531  5.8924e-01  6.0638e-05  7.7806e-05  6.5471e-05  2.9603e-03  9.6361e-03  1.3067e-03  0:02:27   19

 turbulent viscosity limited to viscosity ratio of 1.000000e+05 in 1067 cells 

 Reversed flow on 679 faces of pressure-outlet 7.
   532  5.8792e-01  6.0661e-05  7.7813e-05  6.5351e-05  2.9614e-03  9.7132e-03  1.3028e-03  0:02:20   18

 turbulent viscosity limited to viscosity ratio of 1.000000e+05 in 1066 cells 

 Reversed flow on 684 faces of pressure-outlet 7.
   533  5.8781e-01  6.0652e-05  7.7825e-05  6.5239e-05  2.9626e-03  9.6371e-03  1.2991e-03  0:02:13   17

 turbulent viscosity limited to viscosity ratio of 1.000000e+05 in 1065 cells 

 Reversed flow on 691 faces of pressure-outlet 7.
   534  5.8751e-01  6.0650e-05  7.7833e-05  6.5095e-05  2.9617e-03  8.9387e-03  1.2956e-03  0:02:06   16

 turbulent viscosity limited to viscosity ratio of 1.000000e+05 in 1063 cells 

 Reversed flow on 691 faces of pressure-outlet 7.
   535  5.8682e-01  6.0655e-05  7.7815e-05  6.4935e-05  2.9675e-03  1.0406e-02  1.2923e-03  0:01:55   15

 turbulent viscosity limited to viscosity ratio of 1.000000e+05 in 1062 cells 

 Reversed flow on 682 faces of pressure-outlet 7.

  iter  continuity  x-velocity  y-velocity  z-velocity           k     epsilon  vf-phase-2     time/iter
   536  5.8579e-01  6.0636e-05  7.7794e-05  6.4792e-05  2.9689e-03  1.0221e-02  1.2892e-03  0:01:49   14

 turbulent viscosity limited to viscosity ratio of 1.000000e+05 in 1057 cells 

 Reversed flow on 678 faces of pressure-outlet 7.
   537  5.8518e-01  6.0614e-05  7.7776e-05  6.4643e-05  2.9709e-03  1.0075e-02  1.2862e-03  0:01:41   13

 turbulent viscosity limited to viscosity ratio of 1.000000e+05 in 1057 cells 

 Reversed flow on 665 faces of pressure-outlet 7.
   538  5.8477e-01  6.0585e-05  7.7713e-05  6.4476e-05  2.9724e-03  1.0525e-02  1.2833e-03  0:01:34   12

 turbulent viscosity limited to viscosity ratio of 1.000000e+05 in 1058 cells 

 Reversed flow on 669 faces of pressure-outlet 7.
   539  5.8363e-01  6.0570e-05  7.7665e-05  6.4319e-05  2.9704e-03  9.8052e-03  1.2805e-03  0:01:27   11

 turbulent viscosity limited to viscosity ratio of 1.000000e+05 in 1056 cells 

 Reversed flow on 666 faces of pressure-outlet 7.
   540  5.8196e-01  6.0560e-05  7.7611e-05  6.4176e-05  2.9670e-03  1.0045e-02  1.2779e-03  0:01:17   10

 turbulent viscosity limited to viscosity ratio of 1.000000e+05 in 1055 cells 

 Reversed flow on 672 faces of pressure-outlet 7.
   541  5.8072e-01  6.0512e-05  7.7567e-05  6.4003e-05  2.9702e-03  1.0592e-02  1.2753e-03  0:01:10    9

 turbulent viscosity limited to viscosity ratio of 1.000000e+05 in 1054 cells 

 Reversed flow on 668 faces of pressure-outlet 7.
   542  5.7994e-01  6.0462e-05  7.7522e-05  6.3835e-05  2.9728e-03  1.0385e-02  1.2729e-03  0:01:02    8

 turbulent viscosity limited to viscosity ratio of 1.000000e+05 in 1051 cells 

 Reversed flow on 665 faces of pressure-outlet 7.
   543  5.7883e-01  6.0417e-05  7.7431e-05  6.3648e-05  2.9695e-03  1.0013e-02  1.2706e-03  0:00:55    7

 turbulent viscosity limited to viscosity ratio of 1.000000e+05 in 1049 cells 

 Reversed flow on 667 faces of pressure-outlet 7.
   544  5.7785e-01  6.0335e-05  7.7346e-05  6.3464e-05  2.9674e-03  1.0106e-02  1.2684e-03  0:00:47    6

 turbulent viscosity limited to viscosity ratio of 1.000000e+05 in 1047 cells 

 Reversed flow on 658 faces of pressure-outlet 7.
   545  5.7680e-01  6.0250e-05  7.7273e-05  6.3270e-05  2.9646e-03  9.8178e-03  1.2662e-03  0:00:40    5

 turbulent viscosity limited to viscosity ratio of 1.000000e+05 in 1046 cells 

 Reversed flow on 657 faces of pressure-outlet 7.
   546  5.7575e-01  6.0195e-05  7.7164e-05  6.3067e-05  2.9654e-03  1.0640e-02  1.2641e-03  0:00:31    4

 turbulent viscosity limited to viscosity ratio of 1.000000e+05 in 1045 cells 

 Reversed flow on 662 faces of pressure-outlet 7.

  iter  continuity  x-velocity  y-velocity  z-velocity           k     epsilon  vf-phase-2     time/iter
   547  5.7542e-01  6.0136e-05  7.7051e-05  6.2897e-05  2.9645e-03  1.0584e-02  1.2621e-03  0:00:23    3

 turbulent viscosity limited to viscosity ratio of 1.000000e+05 in 1045 cells 

 Reversed flow on 658 faces of pressure-outlet 7.
   548  5.7448e-01  6.0066e-05  7.6922e-05  6.2707e-05  2.9623e-03  1.0930e-02  1.2601e-03  0:00:16    2

 turbulent viscosity limited to viscosity ratio of 1.000000e+05 in 1043 cells 

 Reversed flow on 650 faces of pressure-outlet 7.
   549  5.7396e-01  5.9998e-05  7.6774e-05  6.2522e-05  2.9602e-03  1.0516e-02  1.2582e-03  0:00:08    1

iterate_550: RPC returned
progress: 550/1500
 turbulent viscosity limited to viscosity ratio of 1.000000e+05 in 1042 cells 

 Reversed flow on 643 faces of pressure-outlet 7.
   550  5.7283e-01  5.9928e-05  7.6623e-05  6.2328e-05  2.9612e-03  1.0586e-02  1.2562e-03  0:00:00    0

  iter  continuity  x-velocity  y-velocity  z-velocity           k     epsilon  vf-phase-2     time/iter
   550  5.7283e-01  5.9928e-05  7.6623e-05  6.2328e-05  2.9612e-03  1.0586e-02  1.2562e-03  0:03:12   25

 turbulent viscosity limited to viscosity ratio of 1.000000e+05 in 1040 cells 

 Reversed flow on 641 faces of pressure-outlet 7.
   551  5.7129e-01  5.9860e-05  7.6492e-05  6.2131e-05  2.9581e-03  9.7716e-03  1.2542e-03  0:03:06   24

 turbulent viscosity limited to viscosity ratio of 1.000000e+05 in 1038 cells 

 Reversed flow on 642 faces of pressure-outlet 7.
   552  5.6976e-01  5.9794e-05  7.6353e-05  6.1932e-05  2.9602e-03  9.7379e-03  1.2522e-03  0:02:59   23

 turbulent viscosity limited to viscosity ratio of 1.000000e+05 in 1037 cells 

 Reversed flow on 629 faces of pressure-outlet 7.
   553  5.6885e-01  5.9721e-05  7.6187e-05  6.1734e-05  2.9602e-03  1.0602e-02  1.2502e-03  0:02:52   22

 turbulent viscosity limited to viscosity ratio of 1.000000e+05 in 1036 cells 

 Reversed flow on 642 faces of pressure-outlet 7.
   554  5.6856e-01  5.9647e-05  7.6046e-05  6.1520e-05  2.9609e-03  1.0069e-02  1.2483e-03  0:02:41   21

 turbulent viscosity limited to viscosity ratio of 1.000000e+05 in 1036 cells 

 Reversed flow on 644 faces of pressure-outlet 7.
   555  5.6738e-01  5.9584e-05  7.5914e-05  6.1318e-05  2.9589e-03  1.0240e-02  1.2463e-03  0:02:35   20

 turbulent viscosity limited to viscosity ratio of 1.000000e+05 in 1036 cells 

 Reversed flow on 637 faces of pressure-outlet 7.
   556  5.6555e-01  5.9515e-05  7.5729e-05  6.1143e-05  2.9572e-03  1.0216e-02  1.2443e-03  0:02:28   19

 turbulent viscosity limited to viscosity ratio of 1.000000e+05 in 1034 cells 

 Reversed flow on 637 faces of pressure-outlet 7.
   557  5.6329e-01  5.9439e-05  7.5540e-05  6.0951e-05  2.9546e-03  1.0529e-02  1.2423e-03  0:02:21   18

 turbulent viscosity limited to viscosity ratio of 1.000000e+05 in 1032 cells 

 Reversed flow on 630 faces of pressure-outlet 7.
   558  5.6191e-01  5.9373e-05  7.5382e-05  6.0749e-05  2.9534e-03  1.0422e-02  1.2403e-03  0:02:14   17

 turbulent viscosity limited to viscosity ratio of 1.000000e+05 in 1030 cells 

 Reversed flow on 626 faces of pressure-outlet 7.
   559  5.6097e-01  5.9325e-05  7.5227e-05  6.0538e-05  2.9516e-03  1.0437e-02  1.2382e-03  0:02:06   16

 turbulent viscosity limited to viscosity ratio of 1.000000e+05 in 1030 cells 

 Reversed flow on 625 faces of pressure-outlet 7.
   560  5.6004e-01  5.9284e-05  7.5062e-05  6.0370e-05  2.9493e-03  1.1294e-02  1.2361e-03  0:01:56   15

 turbulent viscosity limited to viscosity ratio of 1.000000e+05 in 1028 cells 

 Reversed flow on 626 faces of pressure-outlet 7.

  iter  continuity  x-velocity  y-velocity  z-velocity           k     epsilon  vf-phase-2     time/iter
   561  5.5857e-01  5.9280e-05  7.4911e-05  6.0182e-05  2.9416e-03  9.9149e-03  1.2340e-03  0:01:49   14

 turbulent viscosity limited to viscosity ratio of 1.000000e+05 in 1026 cells 

 Reversed flow on 625 faces of pressure-outlet 7.
   562  5.5685e-01  5.9255e-05  7.4720e-05  5.9985e-05  2.9343e-03  9.9334e-03  1.2320e-03  0:01:42   13

 turbulent viscosity limited to viscosity ratio of 1.000000e+05 in 1025 cells 

 Reversed flow on 611 faces of pressure-outlet 7.
   563  5.5593e-01  5.9255e-05  7.4508e-05  5.9799e-05  2.9288e-03  9.4246e-03  1.2300e-03  0:01:34   12

 turbulent viscosity limited to viscosity ratio of 1.000000e+05 in 1025 cells 

 Reversed flow on 607 faces of pressure-outlet 7.
   564  5.5492e-01  5.9255e-05  7.4295e-05  5.9616e-05  2.9232e-03  9.9027e-03  1.2280e-03  0:01:25   11

 turbulent viscosity limited to viscosity ratio of 1.000000e+05 in 1025 cells 

 Reversed flow on 606 faces of pressure-outlet 7.
   565  5.5357e-01  5.9248e-05  7.4099e-05  5.9461e-05  2.9191e-03  1.0425e-02  1.2259e-03  0:01:17   10

 turbulent viscosity limited to viscosity ratio of 1.000000e+05 in 1022 cells 

 Reversed flow on 615 faces of pressure-outlet 7.
   566  5.5167e-01  5.9245e-05  7.3908e-05  5.9313e-05  2.9074e-03  9.6178e-03  1.2238e-03  0:01:10    9

 turbulent viscosity limited to viscosity ratio of 1.000000e+05 in 1022 cells 

 Reversed flow on 595 faces of pressure-outlet 7.
   567  5.4946e-01  5.9239e-05  7.3654e-05  5.9147e-05  2.8974e-03  1.0197e-02  1.2218e-03  0:01:03    8

 turbulent viscosity limited to viscosity ratio of 1.000000e+05 in 1022 cells 

 Reversed flow on 605 faces of pressure-outlet 7.
   568  5.4803e-01  5.9224e-05  7.3452e-05  5.8962e-05  2.8888e-03  1.0378e-02  1.2197e-03  0:00:54    7

 turbulent viscosity limited to viscosity ratio of 1.000000e+05 in 1023 cells 

 Reversed flow on 593 faces of pressure-outlet 7.
   569  5.4681e-01  5.9223e-05  7.3253e-05  5.8819e-05  2.8769e-03  9.4483e-03  1.2177e-03  0:00:46    6

 turbulent viscosity limited to viscosity ratio of 1.000000e+05 in 1022 cells 

 Reversed flow on 600 faces of pressure-outlet 7.
   570  5.4531e-01  5.9190e-05  7.3039e-05  5.8673e-05  2.8736e-03  1.2183e-02  1.2157e-03  0:00:39    5

 turbulent viscosity limited to viscosity ratio of 1.000000e+05 in 1022 cells 

 Reversed flow on 602 faces of pressure-outlet 7.
   571  5.4377e-01  5.9171e-05  7.2822e-05  5.8536e-05  2.8597e-03  1.1029e-02  1.2137e-03  0:00:31    4

 turbulent viscosity limited to viscosity ratio of 1.000000e+05 in 1022 cells 

 Reversed flow on 595 faces of pressure-outlet 7.

  iter  continuity  x-velocity  y-velocity  z-velocity           k     epsilon  vf-phase-2     time/iter
   572  5.4279e-01  5.9150e-05  7.2604e-05  5.8393e-05  2.8456e-03  1.0749e-02  1.2117e-03  0:00:24    3

 turbulent viscosity limited to viscosity ratio of 1.000000e+05 in 1022 cells 

 Reversed flow on 592 faces of pressure-outlet 7.
   573  5.4208e-01  5.9121e-05  7.2365e-05  5.8240e-05  2.8320e-03  1.0324e-02  1.2097e-03  0:00:15    2

 turbulent viscosity limited to viscosity ratio of 1.000000e+05 in 1022 cells 

 Reversed flow on 597 faces of pressure-outlet 7.
   574  5.4112e-01  5.9100e-05  7.2139e-05  5.8124e-05  2.8171e-03  1.0359e-02  1.2077e-03  0:00:08    1

 turbulent viscosity limited to viscosity ratio of 1.000000e+05 in 1022 cells 

 Reversed flow on 596 faces of pressure-outlet 7.
   575  5.3996e-01  5.9057e-05  7.1917e-05  5.8023e-05  2.8039e-03  1.0323e-02  1.2058e-03  0:00:00    0
iterate_575: RPC returned
progress: 575/1500

  iter  continuity  x-velocity  y-velocity  z-velocity           k     epsilon  vf-phase-2     time/iter
   575  5.3996e-01  5.9057e-05  7.1917e-05  5.8023e-05  2.8039e-03  1.0323e-02  1.2058e-03  0:03:15   25

 turbulent viscosity limited to viscosity ratio of 1.000000e+05 in 1021 cells 

 Reversed flow on 590 faces of pressure-outlet 7.
   576  5.3908e-01  5.8994e-05  7.1692e-05  5.7914e-05  2.7868e-03  1.0344e-02  1.2038e-03  0:03:08   24

 turbulent viscosity limited to viscosity ratio of 1.000000e+05 in 1022 cells 

 Reversed flow on 585 faces of pressure-outlet 7.
   577  5.3755e-01  5.8927e-05  7.1473e-05  5.7819e-05  2.7707e-03  1.0298e-02  1.2019e-03  0:03:01   23

 turbulent viscosity limited to viscosity ratio of 1.000000e+05 in 1022 cells 

 Reversed flow on 576 faces of pressure-outlet 7.
   578  5.3654e-01  5.8857e-05  7.1240e-05  5.7719e-05  2.7567e-03  1.1228e-02  1.2000e-03  0:02:54   22

 turbulent viscosity limited to viscosity ratio of 1.000000e+05 in 1021 cells 

 Reversed flow on 581 faces of pressure-outlet 7.
   579  5.3589e-01  5.8784e-05  7.1018e-05  5.7599e-05  2.7396e-03  1.0768e-02  1.1982e-03  0:02:46   21

 turbulent viscosity limited to viscosity ratio of 1.000000e+05 in 1021 cells 

 Reversed flow on 579 faces of pressure-outlet 7.
   580  5.3456e-01  5.8697e-05  7.0814e-05  5.7491e-05  2.7228e-03  1.0905e-02  1.1963e-03  0:02:35   20

 turbulent viscosity limited to viscosity ratio of 1.000000e+05 in 1022 cells 

 Reversed flow on 575 faces of pressure-outlet 7.
   581  5.3441e-01  5.8612e-05  7.0621e-05  5.7408e-05  2.7071e-03  1.0787e-02  1.1945e-03  0:02:28   19

 turbulent viscosity limited to viscosity ratio of 1.000000e+05 in 1020 cells 

 Reversed flow on 566 faces of pressure-outlet 7.
   582  5.3410e-01  5.8546e-05  7.0434e-05  5.7311e-05  2.6891e-03  1.0503e-02  1.1927e-03  0:02:21   18

 turbulent viscosity limited to viscosity ratio of 1.000000e+05 in 1020 cells 

 Reversed flow on 565 faces of pressure-outlet 7.
   583  5.3342e-01  5.8456e-05  7.0252e-05  5.7206e-05  2.6748e-03  1.0967e-02  1.1909e-03  0:02:14   17

 turbulent viscosity limited to viscosity ratio of 1.000000e+05 in 1019 cells 

 Reversed flow on 564 faces of pressure-outlet 7.
   584  5.3280e-01  5.8374e-05  7.0064e-05  5.7110e-05  2.6581e-03  1.0551e-02  1.1892e-03  0:02:06   16

 turbulent viscosity limited to viscosity ratio of 1.000000e+05 in 1018 cells 

 Reversed flow on 548 faces of pressure-outlet 7.
   585  5.3171e-01  5.8277e-05  6.9876e-05  5.7015e-05  2.6399e-03  9.7976e-03  1.1874e-03  0:01:56   15

 turbulent viscosity limited to viscosity ratio of 1.000000e+05 in 1018 cells 

 Reversed flow on 547 faces of pressure-outlet 7.

  iter  continuity  x-velocity  y-velocity  z-velocity           k     epsilon  vf-phase-2     time/iter
   586  5.3100e-01  5.8171e-05  6.9700e-05  5.6938e-05  2.6267e-03  1.1119e-02  1.1858e-03  0:01:49   14

 turbulent viscosity limited to viscosity ratio of 1.000000e+05 in 1017 cells 

 Reversed flow on 538 faces of pressure-outlet 7.
   587  5.3037e-01  5.8045e-05  6.9536e-05  5.6888e-05  2.6145e-03  1.0924e-02  1.1842e-03  0:01:42   13

 turbulent viscosity limited to viscosity ratio of 1.000000e+05 in 1016 cells 

 Reversed flow on 551 faces of pressure-outlet 7.
   588  5.2988e-01  5.7938e-05  6.9388e-05  5.6817e-05  2.5964e-03  9.9548e-03  1.1826e-03  0:01:34   12

 turbulent viscosity limited to viscosity ratio of 1.000000e+05 in 1016 cells 

 Reversed flow on 544 faces of pressure-outlet 7.
   589  5.2994e-01  5.7842e-05  6.9243e-05  5.6743e-05  2.5819e-03  9.5176e-03  1.1810e-03  0:01:25   11

 turbulent viscosity limited to viscosity ratio of 1.000000e+05 in 1015 cells 

 Reversed flow on 537 faces of pressure-outlet 7.
   590  5.2895e-01  5.7733e-05  6.9071e-05  5.6704e-05  2.5761e-03  1.0869e-02  1.1794e-03  0:01:17   10

 turbulent viscosity limited to viscosity ratio of 1.000000e+05 in 1014 cells 

 Reversed flow on 542 faces of pressure-outlet 7.
   591  5.2817e-01  5.7634e-05  6.8928e-05  5.6681e-05  2.5642e-03  1.0120e-02  1.1778e-03  0:01:10    9

 turbulent viscosity limited to viscosity ratio of 1.000000e+05 in 1013 cells 

 Reversed flow on 525 faces of pressure-outlet 7.
   592  5.2778e-01  5.7548e-05  6.8780e-05  5.6633e-05  2.5520e-03  1.0332e-02  1.1761e-03  0:01:03    8

 turbulent viscosity limited to viscosity ratio of 1.000000e+05 in 1012 cells 

 Reversed flow on 531 faces of pressure-outlet 7.
   593  5.2815e-01  5.7467e-05  6.8628e-05  5.6597e-05  2.5544e-03  6.0270e-02  1.1745e-03  0:00:55    7

 turbulent viscosity limited to viscosity ratio of 1.000000e+05 in 1014 cells 

 Reversed flow on 535 faces of pressure-outlet 7.
   594  5.2885e-01  5.7368e-05  6.8551e-05  5.6570e-05  3.2826e-03  1.3415e+01  1.1727e-03  0:00:46    6

 turbulent viscosity limited to viscosity ratio of 1.000000e+05 in 1015 cells 

 Reversed flow on 534 faces of pressure-outlet 7.
   595  5.2963e-01  5.7890e-05  6.9266e-05  5.7603e-05  8.2750e-03  8.0875e-02  1.1710e-03  0:00:39    5

 turbulent viscosity limited to viscosity ratio of 1.000000e+05 in 1013 cells 

 Reversed flow on 522 faces of pressure-outlet 7.
   596  5.2961e-01  5.7329e-05  6.8331e-05  5.6715e-05  5.7008e-03  4.2870e-01  1.1695e-03  0:00:31    4

 turbulent viscosity limited to viscosity ratio of 1.000000e+05 in 1009 cells 

 Reversed flow on 517 faces of pressure-outlet 7.

  iter  continuity  x-velocity  y-velocity  z-velocity           k     epsilon  vf-phase-2     time/iter
   597  5.2913e-01  5.7148e-05  6.8138e-05  5.6506e-05  3.2151e-03  1.8862e-01  1.1679e-03  0:00:24    3

 turbulent viscosity limited to viscosity ratio of 1.000000e+05 in 1008 cells 

 Reversed flow on 509 faces of pressure-outlet 7.
   598  5.2635e-01  5.7068e-05  6.8000e-05  5.6444e-05  2.7606e-03  9.7304e-02  1.1663e-03  0:00:15    2

 turbulent viscosity limited to viscosity ratio of 1.000000e+05 in 1006 cells 

 Reversed flow on 505 faces of pressure-outlet 7.
   599  5.2463e-01  5.6945e-05  6.7857e-05  5.6366e-05  2.6672e-03  4.3653e-02  1.1647e-03  0:00:08    1

iterate_600: RPC returned
progress: 600/1500
 turbulent viscosity limited to viscosity ratio of 1.000000e+05 in 1005 cells 

 Reversed flow on 515 faces of pressure-outlet 7.
   600  5.2431e-01  5.6825e-05  6.7723e-05  5.6310e-05  2.6270e-03  2.7960e-02  1.1631e-03  0:00:00    0

  iter  continuity  x-velocity  y-velocity  z-velocity           k     epsilon  vf-phase-2     time/iter
   600  5.2431e-01  5.6825e-05  6.7723e-05  5.6310e-05  2.6270e-03  2.7960e-02  1.1631e-03  0:03:15   25

 turbulent viscosity limited to viscosity ratio of 1.000000e+05 in 1004 cells 

 Reversed flow on 497 faces of pressure-outlet 7.
   601  5.2265e-01  5.6728e-05  6.7579e-05  5.6195e-05  2.5959e-03  2.0526e-02  1.1614e-03  0:03:08   24

 turbulent viscosity limited to viscosity ratio of 1.000000e+05 in 1004 cells 

 Reversed flow on 505 faces of pressure-outlet 7.
   602  5.2232e-01  5.6670e-05  6.7466e-05  5.6120e-05  2.5620e-03  1.7124e-02  1.1598e-03  0:03:01   23

 turbulent viscosity limited to viscosity ratio of 1.000000e+05 in 1003 cells 

 Reversed flow on 498 faces of pressure-outlet 7.
   603  5.2186e-01  5.6593e-05  6.7360e-05  5.6008e-05  2.5387e-03  1.5137e-02  1.1580e-03  0:02:54   22

 turbulent viscosity limited to viscosity ratio of 1.000000e+05 in 1002 cells 

 Reversed flow on 500 faces of pressure-outlet 7.
   604  5.2122e-01  5.6523e-05  6.7255e-05  5.5913e-05  2.5266e-03  1.2892e-02  1.1562e-03  0:02:46   21

 turbulent viscosity limited to viscosity ratio of 1.000000e+05 in 1001 cells 

 Reversed flow on 493 faces of pressure-outlet 7.
   605  5.2083e-01  5.6456e-05  6.7141e-05  5.5819e-05  2.5102e-03  1.2081e-02  1.1544e-03  0:02:39   20

 turbulent viscosity limited to viscosity ratio of 1.000000e+05 in 1001 cells 

 Reversed flow on 499 faces of pressure-outlet 7.
   606  5.1995e-01  5.6381e-05  6.7035e-05  5.5705e-05  2.4975e-03  1.0100e-02  1.1524e-03  0:02:27   19

 turbulent viscosity limited to viscosity ratio of 1.000000e+05 in 1001 cells 

 Reversed flow on 486 faces of pressure-outlet 7.
   607  5.1852e-01  5.6329e-05  6.6918e-05  5.5588e-05  2.4894e-03  9.8124e-03  1.1504e-03  0:02:20   18

 turbulent viscosity limited to viscosity ratio of 1.000000e+05 in 1001 cells 

 Reversed flow on 479 faces of pressure-outlet 7.
   608  5.1768e-01  5.6266e-05  6.6801e-05  5.5470e-05  2.4811e-03  9.5394e-03  1.1484e-03  0:02:13   17

 turbulent viscosity limited to viscosity ratio of 1.000000e+05 in 1001 cells 

 Reversed flow on 485 faces of pressure-outlet 7.
   609  5.1681e-01  5.6223e-05  6.6685e-05  5.5341e-05  2.4789e-03  1.0711e-02  1.1461e-03  0:02:06   16

 turbulent viscosity limited to viscosity ratio of 1.000000e+05 in 999 cells 

 Reversed flow on 481 faces of pressure-outlet 7.
   610  5.1600e-01  5.6175e-05  6.6569e-05  5.5226e-05  2.4723e-03  9.6311e-03  1.1438e-03  0:01:55   15

 turbulent viscosity limited to viscosity ratio of 1.000000e+05 in 998 cells 

 Reversed flow on 485 faces of pressure-outlet 7.

  iter  continuity  x-velocity  y-velocity  z-velocity           k     epsilon  vf-phase-2     time/iter
   611  5.1560e-01  5.6138e-05  6.6438e-05  5.5100e-05  2.4637e-03  9.7806e-03  1.1414e-03  0:01:49   14

 turbulent viscosity limited to viscosity ratio of 1.000000e+05 in 998 cells 

 Reversed flow on 478 faces of pressure-outlet 7.
   612  5.1479e-01  5.6117e-05  6.6318e-05  5.4960e-05  2.4599e-03  9.7560e-03  1.1390e-03  0:01:41   13

 turbulent viscosity limited to viscosity ratio of 1.000000e+05 in 998 cells 

 Reversed flow on 474 faces of pressure-outlet 7.
   613  5.1377e-01  5.6099e-05  6.6208e-05  5.4830e-05  2.4549e-03  9.8261e-03  1.1364e-03  0:01:34   12

 turbulent viscosity limited to viscosity ratio of 1.000000e+05 in 997 cells 

 Reversed flow on 464 faces of pressure-outlet 7.
   614  5.1272e-01  5.6056e-05  6.6112e-05  5.4717e-05  2.4482e-03  9.8501e-03  1.1337e-03  0:01:27   11

 turbulent viscosity limited to viscosity ratio of 1.000000e+05 in 997 cells 

 Reversed flow on 464 faces of pressure-outlet 7.
   615  5.1191e-01  5.6015e-05  6.6001e-05  5.4567e-05  2.4447e-03  9.7043e-03  1.1308e-03  0:01:17   10

 turbulent viscosity limited to viscosity ratio of 1.000000e+05 in 996 cells 

 Reversed flow on 462 faces of pressure-outlet 7.
   616  5.1126e-01  5.5991e-05  6.5884e-05  5.4413e-05  2.4365e-03  9.0103e-03  1.1279e-03  0:01:10    9

 turbulent viscosity limited to viscosity ratio of 1.000000e+05 in 995 cells 

 Reversed flow on 455 faces of pressure-outlet 7.
   617  5.1053e-01  5.5977e-05  6.5787e-05  5.4251e-05  2.4305e-03  9.1587e-03  1.1250e-03  0:01:02    8

 turbulent viscosity limited to viscosity ratio of 1.000000e+05 in 992 cells 

 Reversed flow on 447 faces of pressure-outlet 7.
   618  5.0973e-01  5.5956e-05  6.5681e-05  5.4109e-05  2.4240e-03  8.7799e-03  1.1219e-03  0:00:55    7

 turbulent viscosity limited to viscosity ratio of 1.000000e+05 in 989 cells 

 Reversed flow on 444 faces of pressure-outlet 7.
   619  5.0875e-01  5.5935e-05  6.5562e-05  5.3981e-05  2.4199e-03  9.1030e-03  1.1188e-03  0:00:46    6

 turbulent viscosity limited to viscosity ratio of 1.000000e+05 in 989 cells 

 Reversed flow on 436 faces of pressure-outlet 7.
   620  5.0775e-01  5.5911e-05  6.5467e-05  5.3843e-05  2.4150e-03  8.7056e-03  1.1157e-03  0:00:39    5

 turbulent viscosity limited to viscosity ratio of 1.000000e+05 in 988 cells 

 Reversed flow on 439 faces of pressure-outlet 7.
   621  5.0701e-01  5.5876e-05  6.5372e-05  5.3705e-05  2.4127e-03  9.3521e-03  1.1126e-03  0:00:31    4

 turbulent viscosity limited to viscosity ratio of 1.000000e+05 in 987 cells 

 Reversed flow on 438 faces of pressure-outlet 7.

  iter  continuity  x-velocity  y-velocity  z-velocity           k     epsilon  vf-phase-2     time/iter
   622  5.0619e-01  5.5860e-05  6.5254e-05  5.3564e-05  2.4100e-03  9.7005e-03  1.1094e-03  0:00:24    3

 turbulent viscosity limited to viscosity ratio of 1.000000e+05 in 985 cells 

 Reversed flow on 434 faces of pressure-outlet 7.
   623  5.0509e-01  5.5838e-05  6.5131e-05  5.3431e-05  2.4083e-03  1.0276e-02  1.1062e-03  0:00:16    2

 turbulent viscosity limited to viscosity ratio of 1.000000e+05 in 985 cells 

 Reversed flow on 433 faces of pressure-outlet 7.
   624  5.0389e-01  5.5802e-05  6.5023e-05  5.3286e-05  2.4018e-03  9.6724e-03  1.1030e-03  0:00:08    1

 turbulent viscosity limited to viscosity ratio of 1.000000e+05 in 983 cells 

 Reversed flow on 442 faces of pressure-outlet 7.
   625  5.0297e-01  5.5764e-05  6.4940e-05  5.3138e-05  2.3989e-03  9.5346e-03  1.0999e-03  0:00:00    0
iterate_625: RPC returned
progress: 625/1500

  iter  continuity  x-velocity  y-velocity  z-velocity           k     epsilon  vf-phase-2     time/iter
   625  5.0297e-01  5.5764e-05  6.4940e-05  5.3138e-05  2.3989e-03  9.5346e-03  1.0999e-03  0:03:18   25

 turbulent viscosity limited to viscosity ratio of 1.000000e+05 in 983 cells 

 Reversed flow on 434 faces of pressure-outlet 7.
   626  5.0179e-01  5.5710e-05  6.4817e-05  5.2991e-05  2.3944e-03  9.0651e-03  1.0969e-03  0:03:15   24

 turbulent viscosity limited to viscosity ratio of 1.000000e+05 in 983 cells 

 Reversed flow on 436 faces of pressure-outlet 7.
   627  5.0051e-01  5.5636e-05  6.4711e-05  5.2869e-05  2.3920e-03  9.3420e-03  1.0939e-03  0:03:06   23

 turbulent viscosity limited to viscosity ratio of 1.000000e+05 in 983 cells 

 Reversed flow on 423 faces of pressure-outlet 7.
   628  4.9964e-01  5.5580e-05  6.4604e-05  5.2773e-05  2.3927e-03  9.3407e-03  1.0911e-03  0:02:58   22

 turbulent viscosity limited to viscosity ratio of 1.000000e+05 in 982 cells 

 Reversed flow on 428 faces of pressure-outlet 7.
   629  4.9891e-01  5.5535e-05  6.4495e-05  5.2648e-05  2.3924e-03  9.9181e-03  1.0884e-03  0:02:49   21

 turbulent viscosity limited to viscosity ratio of 1.000000e+05 in 981 cells 

 Reversed flow on 434 faces of pressure-outlet 7.
   630  4.9814e-01  5.5480e-05  6.4393e-05  5.2528e-05  2.3888e-03  9.2720e-03  1.0857e-03  0:02:41   20

 turbulent viscosity limited to viscosity ratio of 1.000000e+05 in 980 cells 

 Reversed flow on 422 faces of pressure-outlet 7.
   631  4.9696e-01  5.5400e-05  6.4299e-05  5.2403e-05  2.3878e-03  9.3396e-03  1.0832e-03  0:02:33   19

 turbulent viscosity limited to viscosity ratio of 1.000000e+05 in 979 cells 

 Reversed flow on 423 faces of pressure-outlet 7.
   632  4.9579e-01  5.5327e-05  6.4207e-05  5.2260e-05  2.3891e-03  9.6634e-03  1.0809e-03  0:02:25   18

 turbulent viscosity limited to viscosity ratio of 1.000000e+05 in 980 cells 

 Reversed flow on 418 faces of pressure-outlet 7.
   633  4.9545e-01  5.5267e-05  6.4118e-05  5.2144e-05  2.3884e-03  9.2161e-03  1.0787e-03  0:02:16   17

 turbulent viscosity limited to viscosity ratio of 1.000000e+05 in 980 cells 

 Reversed flow on 418 faces of pressure-outlet 7.
   634  4.9469e-01  5.5165e-05  6.4025e-05  5.2052e-05  2.3883e-03  1.0419e-02  1.0766e-03  0:02:08   16

 turbulent viscosity limited to viscosity ratio of 1.000000e+05 in 980 cells 

 Reversed flow on 404 faces of pressure-outlet 7.
   635  4.9383e-01  5.5072e-05  6.3946e-05  5.1953e-05  2.3863e-03  1.0649e-02  1.0747e-03  0:02:00   15

 turbulent viscosity limited to viscosity ratio of 1.000000e+05 in 980 cells 

 Reversed flow on 418 faces of pressure-outlet 7.

  iter  continuity  x-velocity  y-velocity  z-velocity           k     epsilon  vf-phase-2     time/iter
   636  4.9258e-01  5.4961e-05  6.3869e-05  5.1863e-05  2.3826e-03  1.0770e-02  1.0729e-03  0:01:52   14

 turbulent viscosity limited to viscosity ratio of 1.000000e+05 in 980 cells 

 Reversed flow on 412 faces of pressure-outlet 7.
   637  4.9166e-01  5.4838e-05  6.3779e-05  5.1764e-05  2.3762e-03  9.7756e-03  1.0713e-03  0:01:47   13

 turbulent viscosity limited to viscosity ratio of 1.000000e+05 in 980 cells 

 Reversed flow on 417 faces of pressure-outlet 7.
   638  4.9101e-01  5.4712e-05  6.3674e-05  5.1667e-05  2.3713e-03  9.6103e-03  1.0697e-03  0:01:38   12

 turbulent viscosity limited to viscosity ratio of 1.000000e+05 in 981 cells 

 Reversed flow on 419 faces of pressure-outlet 7.
   639  4.9015e-01  5.4590e-05  6.3595e-05  5.1566e-05  2.3634e-03  8.7021e-03  1.0683e-03  0:01:29   11

 turbulent viscosity limited to viscosity ratio of 1.000000e+05 in 980 cells 

 Reversed flow on 403 faces of pressure-outlet 7.
   640  4.8952e-01  5.4464e-05  6.3491e-05  5.1463e-05  2.3598e-03  9.1291e-03  1.0669e-03  0:01:21   10

 turbulent viscosity limited to viscosity ratio of 1.000000e+05 in 979 cells 

 Reversed flow on 407 faces of pressure-outlet 7.
   641  4.8837e-01  5.4318e-05  6.3392e-05  5.1365e-05  2.3544e-03  8.6438e-03  1.0656e-03  0:01:13    9

 turbulent viscosity limited to viscosity ratio of 1.000000e+05 in 981 cells 

 Reversed flow on 416 faces of pressure-outlet 7.
   642  4.8738e-01  5.4183e-05  6.3303e-05  5.1277e-05  2.3502e-03  8.9400e-03  1.0644e-03  0:01:05    8

 turbulent viscosity limited to viscosity ratio of 1.000000e+05 in 981 cells 

 Reversed flow on 406 faces of pressure-outlet 7.
   643  4.8629e-01  5.4042e-05  6.3200e-05  5.1192e-05  2.3438e-03  8.5432e-03  1.0633e-03  0:00:56    7

 turbulent viscosity limited to viscosity ratio of 1.000000e+05 in 981 cells 

 Reversed flow on 397 faces of pressure-outlet 7.
   644  4.8540e-01  5.3908e-05  6.3115e-05  5.1129e-05  2.3403e-03  9.0992e-03  1.0623e-03  0:00:48    6

 turbulent viscosity limited to viscosity ratio of 1.000000e+05 in 979 cells 

 Reversed flow on 402 faces of pressure-outlet 7.
   645  4.8416e-01  5.3777e-05  6.3015e-05  5.1071e-05  2.3360e-03  9.5186e-03  1.0613e-03  0:00:40    5

 turbulent viscosity limited to viscosity ratio of 1.000000e+05 in 978 cells 

 Reversed flow on 414 faces of pressure-outlet 7.
   646  4.8284e-01  5.3636e-05  6.2920e-05  5.1004e-05  2.3337e-03  1.0370e-02  1.0604e-03  0:00:32    4

 turbulent viscosity limited to viscosity ratio of 1.000000e+05 in 978 cells 

 Reversed flow on 412 faces of pressure-outlet 7.

  iter  continuity  x-velocity  y-velocity  z-velocity           k     epsilon  vf-phase-2     time/iter
   647  4.8100e-01  5.3490e-05  6.2821e-05  5.0913e-05  2.3261e-03  9.8562e-03  1.0596e-03  0:00:24    3

 turbulent viscosity limited to viscosity ratio of 1.000000e+05 in 976 cells 

 Reversed flow on 415 faces of pressure-outlet 7.
   648  4.7943e-01  5.3354e-05  6.2712e-05  5.0834e-05  2.3196e-03  9.4978e-03  1.0588e-03  0:00:16    2

 turbulent viscosity limited to viscosity ratio of 1.000000e+05 in 976 cells 

 Reversed flow on 410 faces of pressure-outlet 7.
   649  4.7820e-01  5.3233e-05  6.2609e-05  5.0756e-05  2.3094e-03  8.4452e-03  1.0581e-03  0:00:08    1

iterate_650: RPC returned
progress: 650/1500
 turbulent viscosity limited to viscosity ratio of 1.000000e+05 in 975 cells 

 Reversed flow on 405 faces of pressure-outlet 7.
   650  4.7741e-01  5.3107e-05  6.2502e-05  5.0677e-05  2.3022e-03  8.5162e-03  1.0574e-03  0:00:00    0

  iter  continuity  x-velocity  y-velocity  z-velocity           k     epsilon  vf-phase-2     time/iter
   650  4.7741e-01  5.3107e-05  6.2502e-05  5.0677e-05  2.3022e-03  8.5162e-03  1.0574e-03  0:03:20   25

 turbulent viscosity limited to viscosity ratio of 1.000000e+05 in 973 cells 

 Reversed flow on 404 faces of pressure-outlet 7.
   651  4.7715e-01  5.2989e-05  6.2412e-05  5.0607e-05  2.2960e-03  8.8199e-03  1.0568e-03  0:03:12   24

 turbulent viscosity limited to viscosity ratio of 1.000000e+05 in 972 cells 

 Reversed flow on 396 faces of pressure-outlet 7.
   652  4.7616e-01  5.2872e-05  6.2318e-05  5.0523e-05  2.2874e-03  8.6848e-03  1.0562e-03  0:03:04   23

 turbulent viscosity limited to viscosity ratio of 1.000000e+05 in 973 cells 

 Reversed flow on 399 faces of pressure-outlet 7.
   653  4.7476e-01  5.2760e-05  6.2224e-05  5.0447e-05  2.2821e-03  8.8399e-03  1.0557e-03  0:02:56   22

 turbulent viscosity limited to viscosity ratio of 1.000000e+05 in 973 cells 

 Reversed flow on 407 faces of pressure-outlet 7.
   654  4.7368e-01  5.2641e-05  6.2133e-05  5.0368e-05  2.2733e-03  8.3543e-03  1.0552e-03  0:02:48   21

 turbulent viscosity limited to viscosity ratio of 1.000000e+05 in 973 cells 

 Reversed flow on 404 faces of pressure-outlet 7.
   655  4.7274e-01  5.2524e-05  6.2032e-05  5.0291e-05  2.2657e-03  8.3832e-03  1.0547e-03  0:02:36   20

 turbulent viscosity limited to viscosity ratio of 1.000000e+05 in 972 cells 

 Reversed flow on 398 faces of pressure-outlet 7.
   656  4.7152e-01  5.2430e-05  6.1938e-05  5.0199e-05  2.2590e-03  8.6156e-03  1.0541e-03  0:02:29   19

 turbulent viscosity limited to viscosity ratio of 1.000000e+05 in 972 cells 

 Reversed flow on 409 faces of pressure-outlet 7.
   657  4.7095e-01  5.2322e-05  6.1854e-05  5.0103e-05  2.2510e-03  8.1134e-03  1.0537e-03  0:02:22   18

 turbulent viscosity limited to viscosity ratio of 1.000000e+05 in 971 cells 

 Reversed flow on 417 faces of pressure-outlet 7.
   658  4.7009e-01  5.2210e-05  6.1762e-05  5.0021e-05  2.2450e-03  8.4942e-03  1.0532e-03  0:02:14   17

 turbulent viscosity limited to viscosity ratio of 1.000000e+05 in 971 cells 

 Reversed flow on 395 faces of pressure-outlet 7.
   659  4.6901e-01  5.2108e-05  6.1678e-05  4.9919e-05  2.2385e-03  8.4047e-03  1.0527e-03  0:02:04   16

 turbulent viscosity limited to viscosity ratio of 1.000000e+05 in 971 cells 

 Reversed flow on 413 faces of pressure-outlet 7.
   660  4.6828e-01  5.2012e-05  6.1585e-05  4.9798e-05  2.2353e-03  9.0051e-03  1.0523e-03  0:01:57   15

 turbulent viscosity limited to viscosity ratio of 1.000000e+05 in 969 cells 

 Reversed flow on 415 faces of pressure-outlet 7.

  iter  continuity  x-velocity  y-velocity  z-velocity           k     epsilon  vf-phase-2     time/iter
   661  4.6733e-01  5.1940e-05  6.1499e-05  4.9674e-05  2.2295e-03  8.5459e-03  1.0518e-03  0:01:49   14

 turbulent viscosity limited to viscosity ratio of 1.000000e+05 in 968 cells 

 Reversed flow on 418 faces of pressure-outlet 7.
   662  4.6581e-01  5.1878e-05  6.1405e-05  4.9548e-05  2.2232e-03  8.1824e-03  1.0513e-03  0:01:42   13

 turbulent viscosity limited to viscosity ratio of 1.000000e+05 in 966 cells 

 Reversed flow on 407 faces of pressure-outlet 7.
   663  4.6456e-01  5.1800e-05  6.1297e-05  4.9408e-05  2.2217e-03  8.5555e-03  1.0508e-03  0:01:35   12

 turbulent viscosity limited to viscosity ratio of 1.000000e+05 in 966 cells 

 Reversed flow on 422 faces of pressure-outlet 7.
   664  4.6310e-01  5.1723e-05  6.1201e-05  4.9277e-05  2.2172e-03  8.5755e-03  1.0503e-03  0:01:25   11

 turbulent viscosity limited to viscosity ratio of 1.000000e+05 in 965 cells 

 Reversed flow on 431 faces of pressure-outlet 7.
   665  4.6216e-01  5.1645e-05  6.1107e-05  4.9146e-05  2.2161e-03  8.8714e-03  1.0498e-03  0:01:18   10

 turbulent viscosity limited to viscosity ratio of 1.000000e+05 in 963 cells 

 Reversed flow on 415 faces of pressure-outlet 7.
   666  4.6143e-01  5.1572e-05  6.0992e-05  4.9005e-05  2.2140e-03  8.6121e-03  1.0493e-03  0:01:10    9

 turbulent viscosity limited to viscosity ratio of 1.000000e+05 in 963 cells 

 Reversed flow on 418 faces of pressure-outlet 7.
   667  4.6013e-01  5.1521e-05  6.0880e-05  4.8878e-05  2.2148e-03  9.1126e-03  1.0488e-03  0:01:03    8

 turbulent viscosity limited to viscosity ratio of 1.000000e+05 in 960 cells 

 Reversed flow on 428 faces of pressure-outlet 7.
   668  4.5929e-01  5.1458e-05  6.0768e-05  4.8734e-05  2.2146e-03  9.5810e-03  1.0483e-03  0:00:54    7

 turbulent viscosity limited to viscosity ratio of 1.000000e+05 in 960 cells 

 Reversed flow on 441 faces of pressure-outlet 7.
   669  4.5786e-01  5.1380e-05  6.0655e-05  4.8578e-05  2.2126e-03  8.9237e-03  1.0477e-03  0:00:46    6

 turbulent viscosity limited to viscosity ratio of 1.000000e+05 in 959 cells 

 Reversed flow on 443 faces of pressure-outlet 7.
   670  4.5709e-01  5.1329e-05  6.0518e-05  4.8445e-05  2.2136e-03  9.1126e-03  1.0471e-03  0:00:39    5

 turbulent viscosity limited to viscosity ratio of 1.000000e+05 in 958 cells 

 Reversed flow on 443 faces of pressure-outlet 7.
   671  4.5605e-01  5.1257e-05  6.0383e-05  4.8295e-05  2.2097e-03  8.4583e-03  1.0464e-03  0:00:31    4

 turbulent viscosity limited to viscosity ratio of 1.000000e+05 in 957 cells 

 Reversed flow on 444 faces of pressure-outlet 7.

  iter  continuity  x-velocity  y-velocity  z-velocity           k     epsilon  vf-phase-2     time/iter
   672  4.5549e-01  5.1211e-05  6.0244e-05  4.8139e-05  2.2098e-03  8.1802e-03  1.0458e-03  0:00:24    3

 turbulent viscosity limited to viscosity ratio of 1.000000e+05 in 956 cells 

 Reversed flow on 435 faces of pressure-outlet 7.
   673  4.5434e-01  5.1151e-05  6.0113e-05  4.7971e-05  2.2115e-03  8.2142e-03  1.0451e-03  0:00:15    2

 turbulent viscosity limited to viscosity ratio of 1.000000e+05 in 955 cells 

 Reversed flow on 430 faces of pressure-outlet 7.
   674  4.5312e-01  5.1099e-05  5.9985e-05  4.7807e-05  2.2119e-03  7.9550e-03  1.0445e-03  0:00:08    1

 turbulent viscosity limited to viscosity ratio of 1.000000e+05 in 955 cells 

 Reversed flow on 439 faces of pressure-outlet 7.
   675  4.5186e-01  5.1035e-05  5.9880e-05  4.7653e-05  2.2135e-03  8.3578e-03  1.0438e-03  0:00:00    0
iterate_675: RPC returned
progress: 675/1500

  iter  continuity  x-velocity  y-velocity  z-velocity           k     epsilon  vf-phase-2     time/iter
   675  4.5186e-01  5.1035e-05  5.9880e-05  4.7653e-05  2.2135e-03  8.3578e-03  1.0438e-03  0:03:15   25

 turbulent viscosity limited to viscosity ratio of 1.000000e+05 in 954 cells 

 Reversed flow on 447 faces of pressure-outlet 7.
   676  4.5043e-01  5.0962e-05  5.9755e-05  4.7500e-05  2.2149e-03  7.9407e-03  1.0432e-03  0:03:08   24

 turbulent viscosity limited to viscosity ratio of 1.000000e+05 in 954 cells 

 Reversed flow on 442 faces of pressure-outlet 7.
   677  4.4941e-01  5.0913e-05  5.9619e-05  4.7354e-05  2.2176e-03  8.1230e-03  1.0426e-03  0:03:01   23

 turbulent viscosity limited to viscosity ratio of 1.000000e+05 in 952 cells 

 Reversed flow on 444 faces of pressure-outlet 7.
   678  4.4854e-01  5.0849e-05  5.9490e-05  4.7195e-05  2.2170e-03  7.6809e-03  1.0420e-03  0:02:54   22

 turbulent viscosity limited to viscosity ratio of 1.000000e+05 in 952 cells 

 Reversed flow on 440 faces of pressure-outlet 7.
   679  4.4798e-01  5.0767e-05  5.9369e-05  4.7050e-05  2.2170e-03  7.9248e-03  1.0413e-03  0:02:46   21

 turbulent viscosity limited to viscosity ratio of 1.000000e+05 in 953 cells 

 Reversed flow on 440 faces of pressure-outlet 7.
   680  4.4741e-01  5.0698e-05  5.9256e-05  4.6905e-05  2.2164e-03  7.5529e-03  1.0406e-03  0:02:39   20

 turbulent viscosity limited to viscosity ratio of 1.000000e+05 in 952 cells 

 Reversed flow on 437 faces of pressure-outlet 7.
   681  4.4635e-01  5.0622e-05  5.9136e-05  4.6765e-05  2.2165e-03  7.6651e-03  1.0399e-03  0:02:27   19

 turbulent viscosity limited to viscosity ratio of 1.000000e+05 in 950 cells 

 Reversed flow on 445 faces of pressure-outlet 7.
   682  4.4536e-01  5.0540e-05  5.9017e-05  4.6623e-05  2.2186e-03  9.3987e-03  1.0393e-03  0:02:20   18

 turbulent viscosity limited to viscosity ratio of 1.000000e+05 in 951 cells 

 Reversed flow on 452 faces of pressure-outlet 7.
   683  4.4462e-01  5.0447e-05  5.8917e-05  4.6497e-05  2.2168e-03  8.3447e-03  1.0388e-03  0:02:13   17

 turbulent viscosity limited to viscosity ratio of 1.000000e+05 in 950 cells 

 Reversed flow on 443 faces of pressure-outlet 7.
   684  4.4423e-01  5.0359e-05  5.8802e-05  4.6367e-05  2.2176e-03  8.8930e-03  1.0382e-03  0:02:06   16

 turbulent viscosity limited to viscosity ratio of 1.000000e+05 in 949 cells 

 Reversed flow on 449 faces of pressure-outlet 7.
   685  4.4339e-01  5.0269e-05  5.8701e-05  4.6232e-05  2.2163e-03  8.7575e-03  1.0378e-03  0:01:58   15

 turbulent viscosity limited to viscosity ratio of 1.000000e+05 in 948 cells 

 Reversed flow on 454 faces of pressure-outlet 7.

  iter  continuity  x-velocity  y-velocity  z-velocity           k     epsilon  vf-phase-2     time/iter
   686  4.4277e-01  5.0166e-05  5.8586e-05  4.6108e-05  2.2114e-03  8.1576e-03  1.0374e-03  0:01:48   14

 turbulent viscosity limited to viscosity ratio of 1.000000e+05 in 946 cells 

 Reversed flow on 469 faces of pressure-outlet 7.
   687  4.4196e-01  5.0056e-05  5.8469e-05  4.5997e-05  2.2053e-03  7.9078e-03  1.0370e-03  0:01:41   13

 turbulent viscosity limited to viscosity ratio of 1.000000e+05 in 945 cells 

 Reversed flow on 461 faces of pressure-outlet 7.
   688  4.4134e-01  4.9945e-05  5.8362e-05  4.5885e-05  2.2008e-03  7.7210e-03  1.0366e-03  0:01:34   12

 turbulent viscosity limited to viscosity ratio of 1.000000e+05 in 945 cells 

 Reversed flow on 462 faces of pressure-outlet 7.
   689  4.4079e-01  4.9826e-05  5.8281e-05  4.5777e-05  2.1957e-03  7.4756e-03  1.0362e-03  0:01:26   11

 turbulent viscosity limited to viscosity ratio of 1.000000e+05 in 945 cells 

 Reversed flow on 464 faces of pressure-outlet 7.
   690  4.4023e-01  4.9707e-05  5.8177e-05  4.5663e-05  2.1902e-03  7.4041e-03  1.0360e-03  0:01:19   10

 turbulent viscosity limited to viscosity ratio of 1.000000e+05 in 945 cells 

 Reversed flow on 478 faces of pressure-outlet 7.
   691  4.3973e-01  4.9597e-05  5.8071e-05  4.5559e-05  2.1841e-03  7.3748e-03  1.0357e-03  0:01:09    9

 turbulent viscosity limited to viscosity ratio of 1.000000e+05 in 945 cells 

 Reversed flow on 486 faces of pressure-outlet 7.
   692  4.3893e-01  4.9462e-05  5.7964e-05  4.5439e-05  2.1785e-03  7.4049e-03  1.0356e-03  0:01:02    8

 turbulent viscosity limited to viscosity ratio of 1.000000e+05 in 944 cells 

 Reversed flow on 484 faces of pressure-outlet 7.
   693  4.3802e-01  4.9320e-05  5.7865e-05  4.5324e-05  2.1735e-03  8.4674e-03  1.0356e-03  0:00:55    7

 turbulent viscosity limited to viscosity ratio of 1.000000e+05 in 944 cells 

 Reversed flow on 479 faces of pressure-outlet 7.
   694  4.3721e-01  4.9180e-05  5.7787e-05  4.5207e-05  2.1706e-03  1.0141e-02  1.0357e-03  0:00:47    6

 turbulent viscosity limited to viscosity ratio of 1.000000e+05 in 944 cells 

 Reversed flow on 495 faces of pressure-outlet 7.
   695  4.3687e-01  4.9048e-05  5.7699e-05  4.5089e-05  2.1603e-03  9.4418e-03  1.0359e-03  0:00:38    5

 turbulent viscosity limited to viscosity ratio of 1.000000e+05 in 944 cells 

 Reversed flow on 497 faces of pressure-outlet 7.
   696  4.3654e-01  4.8896e-05  5.7602e-05  4.4968e-05  2.1583e-03  9.2304e-03  1.0362e-03  0:00:31    4

 turbulent viscosity limited to viscosity ratio of 1.000000e+05 in 944 cells 

 Reversed flow on 484 faces of pressure-outlet 7.

  iter  continuity  x-velocity  y-velocity  z-velocity           k     epsilon  vf-phase-2     time/iter
   697  4.3590e-01  4.8740e-05  5.7512e-05  4.4859e-05  2.1472e-03  8.2266e-03  1.0367e-03  0:00:23    3

 turbulent viscosity limited to viscosity ratio of 1.000000e+05 in 945 cells 

 Reversed flow on 495 faces of pressure-outlet 7.
   698  4.3547e-01  4.8568e-05  5.7420e-05  4.4737e-05  2.1358e-03  8.1497e-03  1.0374e-03  0:00:16    2

 turbulent viscosity limited to viscosity ratio of 1.000000e+05 in 945 cells 

 Reversed flow on 495 faces of pressure-outlet 7.
   699  4.3486e-01  4.8402e-05  5.7314e-05  4.4611e-05  2.1262e-03  7.7856e-03  1.0383e-03  0:00:08    1

 turbulent viscosity limited to viscosity ratio of 1.000000e+05 in 945 cells 

 Reversed flow on 492 faces of pressure-outlet 7.
   700  4.3419e-01  4.8244e-05  5.7189e-05  4.4486e-05  2.1180e-03  8.0053e-03  1.0393e-03  0:00:00    0
iterate_700: RPC returned
progress: 700/1500

  iter  continuity  x-velocity  y-velocity  z-velocity           k     epsilon  vf-phase-2     time/iter
   700  4.3419e-01  4.8244e-05  5.7189e-05  4.4486e-05  2.1180e-03  8.0053e-03  1.0393e-03  0:03:12   25

 turbulent viscosity limited to viscosity ratio of 1.000000e+05 in 944 cells 

 Reversed flow on 497 faces of pressure-outlet 7.
   701  4.3349e-01  4.8097e-05  5.7074e-05  4.4364e-05  2.1076e-03  7.5976e-03  1.0406e-03  0:03:06   24

 turbulent viscosity limited to viscosity ratio of 1.000000e+05 in 945 cells 

 Reversed flow on 494 faces of pressure-outlet 7.
   702  4.3312e-01  4.7950e-05  5.6948e-05  4.4233e-05  2.0979e-03  7.7481e-03  1.0420e-03  0:03:00   23

 turbulent viscosity limited to viscosity ratio of 1.000000e+05 in 945 cells 

 Reversed flow on 502 faces of pressure-outlet 7.
   703  4.3238e-01  4.7799e-05  5.6803e-05  4.4092e-05  2.0882e-03  7.5155e-03  1.0436e-03  0:02:53   22

 turbulent viscosity limited to viscosity ratio of 1.000000e+05 in 944 cells 

 Reversed flow on 493 faces of pressure-outlet 7.
   704  4.3118e-01  4.7645e-05  5.6652e-05  4.3952e-05  2.0778e-03  7.2967e-03  1.0454e-03  0:02:45   21

 turbulent viscosity limited to viscosity ratio of 1.000000e+05 in 943 cells 

 Reversed flow on 485 faces of pressure-outlet 7.
   705  4.2993e-01  4.7475e-05  5.6491e-05  4.3825e-05  2.0678e-03  7.3066e-03  1.0473e-03  0:02:34   20

 turbulent viscosity limited to viscosity ratio of 1.000000e+05 in 943 cells 

 Reversed flow on 505 faces of pressure-outlet 7.
   706  4.2932e-01  4.7303e-05  5.6341e-05  4.3686e-05  2.0577e-03  7.2829e-03  1.0492e-03  0:02:27   19

 turbulent viscosity limited to viscosity ratio of 1.000000e+05 in 943 cells 

 Reversed flow on 512 faces of pressure-outlet 7.
   707  4.2841e-01  4.7129e-05  5.6159e-05  4.3540e-05  2.0499e-03  8.0351e-03  1.0513e-03  0:02:21   18

 turbulent viscosity limited to viscosity ratio of 1.000000e+05 in 942 cells 

 Reversed flow on 506 faces of pressure-outlet 7.
   708  4.2713e-01  4.6958e-05  5.5971e-05  4.3400e-05  2.0388e-03  7.9355e-03  1.0536e-03  0:02:13   17

 turbulent viscosity limited to viscosity ratio of 1.000000e+05 in 940 cells 

 Reversed flow on 508 faces of pressure-outlet 7.
   709  4.2605e-01  4.6788e-05  5.5774e-05  4.3250e-05  2.0283e-03  7.5263e-03  1.0559e-03  0:02:06   16

 turbulent viscosity limited to viscosity ratio of 1.000000e+05 in 939 cells 

 Reversed flow on 509 faces of pressure-outlet 7.
   710  4.2519e-01  4.6613e-05  5.5568e-05  4.3110e-05  2.0171e-03  7.4107e-03  1.0584e-03  0:01:56   15

 turbulent viscosity limited to viscosity ratio of 1.000000e+05 in 938 cells 

 Reversed flow on 500 faces of pressure-outlet 7.

  iter  continuity  x-velocity  y-velocity  z-velocity           k     epsilon  vf-phase-2     time/iter
   711  4.2472e-01  4.6439e-05  5.5357e-05  4.2972e-05  2.0073e-03  7.5383e-03  1.0609e-03  0:01:49   14

 turbulent viscosity limited to viscosity ratio of 1.000000e+05 in 937 cells 

 Reversed flow on 506 faces of pressure-outlet 7.
   712  4.2401e-01  4.6262e-05  5.5153e-05  4.2829e-05  1.9973e-03  7.2733e-03  1.0636e-03  0:01:42   13

 turbulent viscosity limited to viscosity ratio of 1.000000e+05 in 936 cells 

 Reversed flow on 503 faces of pressure-outlet 7.
   713  4.2269e-01  4.6075e-05  5.4911e-05  4.2678e-05  1.9862e-03  6.8146e-03  1.0662e-03  0:01:34   12

 turbulent viscosity limited to viscosity ratio of 1.000000e+05 in 936 cells 

 Reversed flow on 499 faces of pressure-outlet 7.
   714  4.2133e-01  4.5876e-05  5.4666e-05  4.2525e-05  1.9754e-03  6.5251e-03  1.0690e-03  0:01:24   11

 turbulent viscosity limited to viscosity ratio of 1.000000e+05 in 935 cells 

 Reversed flow on 497 faces of pressure-outlet 7.
   715  4.2001e-01  4.5684e-05  5.4423e-05  4.2373e-05  1.9652e-03  6.4555e-03  1.0718e-03  0:01:17   10

 turbulent viscosity limited to viscosity ratio of 1.000000e+05 in 934 cells 

 Reversed flow on 495 faces of pressure-outlet 7.
   716  4.1848e-01  4.5498e-05  5.4169e-05  4.2234e-05  1.9555e-03  6.5796e-03  1.0747e-03  0:01:10    9

 turbulent viscosity limited to viscosity ratio of 1.000000e+05 in 933 cells 

 Reversed flow on 494 faces of pressure-outlet 7.
   717  4.1734e-01  4.5310e-05  5.3910e-05  4.2112e-05  1.9481e-03  6.9168e-03  1.0777e-03  0:01:03    8

 turbulent viscosity limited to viscosity ratio of 1.000000e+05 in 932 cells 

 Reversed flow on 501 faces of pressure-outlet 7.
   718  4.1622e-01  4.5120e-05  5.3651e-05  4.1982e-05  1.9415e-03  8.2914e-03  1.0806e-03  0:00:55    7

 turbulent viscosity limited to viscosity ratio of 1.000000e+05 in 931 cells 

 Reversed flow on 510 faces of pressure-outlet 7.
   719  4.1494e-01  4.4944e-05  5.3388e-05  4.1864e-05  1.9338e-03  7.8560e-03  1.0837e-03  0:00:46    6

 turbulent viscosity limited to viscosity ratio of 1.000000e+05 in 930 cells 

 Reversed flow on 508 faces of pressure-outlet 7.
   720  4.1360e-01  4.4747e-05  5.3126e-05  4.1742e-05  1.9276e-03  8.0871e-03  1.0867e-03  0:00:39    5

 turbulent viscosity limited to viscosity ratio of 1.000000e+05 in 927 cells 

 Reversed flow on 504 faces of pressure-outlet 7.
   721  4.1200e-01  4.4570e-05  5.2852e-05  4.1624e-05  1.9204e-03  7.3079e-03  1.0898e-03  0:00:31    4

 turbulent viscosity limited to viscosity ratio of 1.000000e+05 in 926 cells 

 Reversed flow on 510 faces of pressure-outlet 7.

  iter  continuity  x-velocity  y-velocity  z-velocity           k     epsilon  vf-phase-2     time/iter
   722  4.1079e-01  4.4388e-05  5.2605e-05  4.1509e-05  1.9114e-03  6.8895e-03  1.0929e-03  0:00:24    3

 turbulent viscosity limited to viscosity ratio of 1.000000e+05 in 926 cells 

 Reversed flow on 497 faces of pressure-outlet 7.
   723  4.0972e-01  4.4211e-05  5.2351e-05  4.1407e-05  1.9040e-03  7.1187e-03  1.0960e-03  0:00:15    2

 turbulent viscosity limited to viscosity ratio of 1.000000e+05 in 926 cells 

 Reversed flow on 504 faces of pressure-outlet 7.
   724  4.0821e-01  4.4030e-05  5.2107e-05  4.1314e-05  1.8984e-03  7.1086e-03  1.0990e-03  0:00:08    1

iterate_725: RPC returned
progress: 725/1500
 turbulent viscosity limited to viscosity ratio of 1.000000e+05 in 926 cells 

 Reversed flow on 508 faces of pressure-outlet 7.
   725  4.0691e-01  4.3855e-05  5.1852e-05  4.1206e-05  1.8921e-03  7.1670e-03  1.1020e-03  0:00:00    0

  iter  continuity  x-velocity  y-velocity  z-velocity           k     epsilon  vf-phase-2     time/iter
   725  4.0691e-01  4.3855e-05  5.1852e-05  4.1206e-05  1.8921e-03  7.1670e-03  1.1020e-03  0:03:15   25

 turbulent viscosity limited to viscosity ratio of 1.000000e+05 in 925 cells 

 Reversed flow on 519 faces of pressure-outlet 7.
   726  4.0587e-01  4.3676e-05  5.1615e-05  4.1104e-05  1.8879e-03  7.4564e-03  1.1049e-03  0:03:13   24

 turbulent viscosity limited to viscosity ratio of 1.000000e+05 in 924 cells 

 Reversed flow on 516 faces of pressure-outlet 7.
   727  4.0481e-01  4.3512e-05  5.1379e-05  4.1014e-05  1.8798e-03  7.1637e-03  1.1079e-03  0:03:00   23

 turbulent viscosity limited to viscosity ratio of 1.000000e+05 in 923 cells 

 Reversed flow on 510 faces of pressure-outlet 7.
   728  4.0375e-01  4.3344e-05  5.1150e-05  4.0931e-05  1.8724e-03  7.0330e-03  1.1107e-03  0:02:53   22

 turbulent viscosity limited to viscosity ratio of 1.000000e+05 in 922 cells 

 Reversed flow on 509 faces of pressure-outlet 7.
   729  4.0297e-01  4.3178e-05  5.0931e-05  4.0849e-05  1.8652e-03  6.9672e-03  1.1136e-03  0:02:46   21

 turbulent viscosity limited to viscosity ratio of 1.000000e+05 in 922 cells 

 Reversed flow on 519 faces of pressure-outlet 7.
   730  4.0218e-01  4.3028e-05  5.0724e-05  4.0764e-05  1.8577e-03  7.4001e-03  1.1164e-03  0:02:38   20

 turbulent viscosity limited to viscosity ratio of 1.000000e+05 in 921 cells 

 Reversed flow on 508 faces of pressure-outlet 7.
   731  4.0114e-01  4.2872e-05  5.0528e-05  4.0686e-05  1.8514e-03  7.2431e-03  1.1192e-03  0:02:31   19

 turbulent viscosity limited to viscosity ratio of 1.000000e+05 in 921 cells 

 Reversed flow on 508 faces of pressure-outlet 7.
   732  4.0020e-01  4.2715e-05  5.0329e-05  4.0605e-05  1.8437e-03  7.4218e-03  1.1219e-03  0:02:19   18

 turbulent viscosity limited to viscosity ratio of 1.000000e+05 in 922 cells 

 Reversed flow on 526 faces of pressure-outlet 7.
   733  3.9920e-01  4.2562e-05  5.0132e-05  4.0529e-05  1.8359e-03  6.9973e-03  1.1244e-03  0:02:13   17

 turbulent viscosity limited to viscosity ratio of 1.000000e+05 in 922 cells 

 Reversed flow on 521 faces of pressure-outlet 7.
   734  3.9809e-01  4.2436e-05  4.9949e-05  4.0465e-05  1.8270e-03  7.0138e-03  1.1269e-03  0:02:05   16

 turbulent viscosity limited to viscosity ratio of 1.000000e+05 in 922 cells 

 Reversed flow on 516 faces of pressure-outlet 7.
   735  3.9694e-01  4.2303e-05  4.9757e-05  4.0401e-05  1.8224e-03  8.9903e-03  1.1293e-03  0:01:58   15

 turbulent viscosity limited to viscosity ratio of 1.000000e+05 in 921 cells 

 Reversed flow on 518 faces of pressure-outlet 7.

  iter  continuity  x-velocity  y-velocity  z-velocity           k     epsilon  vf-phase-2     time/iter
   736  3.9606e-01  4.2169e-05  4.9572e-05  4.0331e-05  1.8154e-03  7.6175e-03  1.1315e-03  0:01:51   14

 turbulent viscosity limited to viscosity ratio of 1.000000e+05 in 922 cells 

 Reversed flow on 512 faces of pressure-outlet 7.
   737  3.9508e-01  4.2031e-05  4.9397e-05  4.0271e-05  1.8054e-03  6.8462e-03  1.1336e-03  0:01:40   13

 turbulent viscosity limited to viscosity ratio of 1.000000e+05 in 922 cells 

 Reversed flow on 510 faces of pressure-outlet 7.
   738  3.9416e-01  4.1892e-05  4.9227e-05  4.0202e-05  1.7983e-03  6.9932e-03  1.1355e-03  0:01:33   12

 turbulent viscosity limited to viscosity ratio of 1.000000e+05 in 919 cells 

 Reversed flow on 517 faces of pressure-outlet 7.
   739  3.9326e-01  4.1764e-05  4.9061e-05  4.0138e-05  1.7939e-03  8.3894e-03  1.1373e-03  0:01:26   11

 turbulent viscosity limited to viscosity ratio of 1.000000e+05 in 919 cells 

 Reversed flow on 521 faces of pressure-outlet 7.
   740  3.9252e-01  4.1634e-05  4.8894e-05  4.0074e-05  1.7844e-03  7.9070e-03  1.1389e-03  0:01:19   10

 turbulent viscosity limited to viscosity ratio of 1.000000e+05 in 918 cells 

 Reversed flow on 516 faces of pressure-outlet 7.
   741  3.9177e-01  4.1504e-05  4.8727e-05  4.0030e-05  1.7805e-03  8.1721e-03  1.1404e-03  0:01:09    9

 turbulent viscosity limited to viscosity ratio of 1.000000e+05 in 918 cells 

 Reversed flow on 527 faces of pressure-outlet 7.
   742  3.9071e-01  4.1383e-05  4.8564e-05  3.9984e-05  1.7697e-03  6.9766e-03  1.1416e-03  0:01:04    8

 turbulent viscosity limited to viscosity ratio of 1.000000e+05 in 918 cells 

 Reversed flow on 527 faces of pressure-outlet 7.
   743  3.8968e-01  4.1260e-05  4.8416e-05  3.9939e-05  1.7634e-03  6.8452e-03  1.1426e-03  0:00:54    7

 turbulent viscosity limited to viscosity ratio of 1.000000e+05 in 917 cells 

 Reversed flow on 520 faces of pressure-outlet 7.
   744  3.8847e-01  4.1139e-05  4.8262e-05  3.9912e-05  1.7570e-03  7.8019e-03  1.1433e-03  0:00:47    6

 turbulent viscosity limited to viscosity ratio of 1.000000e+05 in 916 cells 

 Reversed flow on 526 faces of pressure-outlet 7.
   745  3.8726e-01  4.1029e-05  4.8103e-05  3.9868e-05  1.7503e-03  7.8352e-03  1.1440e-03  0:00:39    5

 turbulent viscosity limited to viscosity ratio of 1.000000e+05 in 915 cells 

 Reversed flow on 522 faces of pressure-outlet 7.
   746  3.8633e-01  4.0925e-05  4.7945e-05  3.9821e-05  1.7448e-03  7.0831e-03  1.1445e-03  0:00:32    4

 turbulent viscosity limited to viscosity ratio of 1.000000e+05 in 915 cells 

 Reversed flow on 511 faces of pressure-outlet 7.

  iter  continuity  x-velocity  y-velocity  z-velocity           k     epsilon  vf-phase-2     time/iter
   747  3.8518e-01  4.0816e-05  4.7785e-05  3.9775e-05  1.7364e-03  7.2368e-03  1.1450e-03  0:00:24    3

 turbulent viscosity limited to viscosity ratio of 1.000000e+05 in 912 cells 

 Reversed flow on 514 faces of pressure-outlet 7.
   748  3.8446e-01  4.0710e-05  4.7639e-05  3.9734e-05  1.7296e-03  6.5757e-03  1.1453e-03  0:00:16    2

 turbulent viscosity limited to viscosity ratio of 1.000000e+05 in 910 cells 

 Reversed flow on 530 faces of pressure-outlet 7.
   749  3.8306e-01  4.0593e-05  4.7478e-05  3.9693e-05  1.7228e-03  6.2669e-03  1.1456e-03  0:00:08    1

 turbulent viscosity limited to viscosity ratio of 1.000000e+05 in 908 cells 

 Reversed flow on 513 faces of pressure-outlet 7.
   750  3.8205e-01  4.0478e-05  4.7314e-05  3.9641e-05  1.7171e-03  6.4455e-03  1.1458e-03  0:00:00    0
iterate_750: RPC returned
progress: 750/1500

=== autosave_750 ===

Writing to EN439159:"C:\Users\qtra338\Documents\enthalpy_sweep_verified_20260721_v2\case_4_1600_autosave_iter750.cas.h5" in NODE0 mode and compression level 1 ...
Grouping cells for Laplace smoothing ...
     5578299 cells,     1 zone  ...
    11355491 faces,     5 zones ...
     1026091 nodes,     1 zone  ...
  Done.
Done.
write_case_autosave_750: OK

Writing to EN439159:"C:\Users\qtra338\Documents\enthalpy_sweep_verified_20260721_v2\case_4_1600_autosave_iter750.dat.h5" in NODE0 mode and compression level 1 ...
  Writing results.
Done.
write_data_autosave_750: OK
saved_pair_autosave_750: VERIFIED

  iter  continuity  x-velocity  y-velocity  z-velocity           k     epsilon  vf-phase-2     time/iter
   750  3.8205e-01  4.0478e-05  4.7314e-05  3.9641e-05  1.7171e-03  6.4455e-03  1.1458e-03  0:03:15   25

 turbulent viscosity limited to viscosity ratio of 1.000000e+05 in 908 cells 

 Reversed flow on 509 faces of pressure-outlet 7.
   751  3.8110e-01  4.0381e-05  4.7153e-05  3.9596e-05  1.7109e-03  6.2637e-03  1.1458e-03  0:03:08   24

 turbulent viscosity limited to viscosity ratio of 1.000000e+05 in 908 cells 

 Reversed flow on 511 faces of pressure-outlet 7.
   752  3.8030e-01  4.0268e-05  4.6998e-05  3.9538e-05  1.7092e-03  7.1715e-03  1.1458e-03  0:03:01   23

 turbulent viscosity limited to viscosity ratio of 1.000000e+05 in 909 cells 

 Reversed flow on 515 faces of pressure-outlet 7.
   753  3.7919e-01  4.0174e-05  4.6838e-05  3.9472e-05  1.7033e-03  6.7070e-03  1.1459e-03  0:02:54   22

 turbulent viscosity limited to viscosity ratio of 1.000000e+05 in 906 cells 

 Reversed flow on 515 faces of pressure-outlet 7.
   754  3.7813e-01  4.0066e-05  4.6676e-05  3.9417e-05  1.6973e-03  6.4159e-03  1.1459e-03  0:02:46   21

 turbulent viscosity limited to viscosity ratio of 1.000000e+05 in 906 cells 

 Reversed flow on 509 faces of pressure-outlet 7.
   755  3.7668e-01  3.9945e-05  4.6514e-05  3.9343e-05  1.6931e-03  6.3239e-03  1.1457e-03  0:02:39   20

 turbulent viscosity limited to viscosity ratio of 1.000000e+05 in 905 cells 

 Reversed flow on 517 faces of pressure-outlet 7.
   756  3.7532e-01  3.9833e-05  4.6354e-05  3.9261e-05  1.6897e-03  7.0397e-03  1.1456e-03  0:02:27   19

 turbulent viscosity limited to viscosity ratio of 1.000000e+05 in 905 cells 

 Reversed flow on 521 faces of pressure-outlet 7.
   757  3.7454e-01  3.9722e-05  4.6180e-05  3.9175e-05  1.6864e-03  6.6645e-03  1.1455e-03  0:02:20   18

 turbulent viscosity limited to viscosity ratio of 1.000000e+05 in 905 cells 

 Reversed flow on 516 faces of pressure-outlet 7.
   758  3.7365e-01  3.9596e-05  4.6007e-05  3.9081e-05  1.6828e-03  7.1997e-03  1.1454e-03  0:02:13   17

 turbulent viscosity limited to viscosity ratio of 1.000000e+05 in 905 cells 

 Reversed flow on 518 faces of pressure-outlet 7.
   759  3.7231e-01  3.9471e-05  4.5829e-05  3.8975e-05  1.6774e-03  6.6631e-03  1.1452e-03  0:02:06   16

 turbulent viscosity limited to viscosity ratio of 1.000000e+05 in 904 cells 

 Reversed flow on 522 faces of pressure-outlet 7.
   760  3.7120e-01  3.9358e-05  4.5650e-05  3.8867e-05  1.6742e-03  7.2907e-03  1.1450e-03  0:01:58   15

 turbulent viscosity limited to viscosity ratio of 1.000000e+05 in 904 cells 

 Reversed flow on 522 faces of pressure-outlet 7.

  iter  continuity  x-velocity  y-velocity  z-velocity           k     epsilon  vf-phase-2     time/iter
   761  3.7017e-01  3.9245e-05  4.5471e-05  3.8751e-05  1.6702e-03  6.7038e-03  1.1448e-03  0:01:48   14

 turbulent viscosity limited to viscosity ratio of 1.000000e+05 in 905 cells 

 Reversed flow on 517 faces of pressure-outlet 7.
   762  3.6914e-01  3.9118e-05  4.5284e-05  3.8626e-05  1.6657e-03  6.8223e-03  1.1446e-03  0:01:41   13

 turbulent viscosity limited to viscosity ratio of 1.000000e+05 in 904 cells 

 Reversed flow on 511 faces of pressure-outlet 7.
   763  3.6770e-01  3.8994e-05  4.5095e-05  3.8500e-05  1.6665e-03  1.0648e-02  1.1445e-03  0:01:34   12

 turbulent viscosity limited to viscosity ratio of 1.000000e+05 in 903 cells 

 Reversed flow on 515 faces of pressure-outlet 7.
   764  3.6630e-01  3.8859e-05  4.4910e-05  3.8360e-05  1.6607e-03  9.4135e-03  1.1441e-03  0:01:26   11

 turbulent viscosity limited to viscosity ratio of 1.000000e+05 in 902 cells 

 Reversed flow on 521 faces of pressure-outlet 7.
   765  3.6503e-01  3.8746e-05  4.4732e-05  3.8234e-05  1.6644e-03  1.0847e-02  1.1438e-03  0:01:17   10

 turbulent viscosity limited to viscosity ratio of 1.000000e+05 in 902 cells 

 Reversed flow on 516 faces of pressure-outlet 7.
   766  3.6374e-01  3.8609e-05  4.4550e-05  3.8105e-05  1.6575e-03  9.4123e-03  1.1434e-03  0:01:10    9

 turbulent viscosity limited to viscosity ratio of 1.000000e+05 in 901 cells 

 Reversed flow on 526 faces of pressure-outlet 7.
   767  3.6208e-01  3.8452e-05  4.4367e-05  3.7959e-05  1.6503e-03  9.0372e-03  1.1430e-03  0:01:02    8

 turbulent viscosity limited to viscosity ratio of 1.000000e+05 in 900 cells 

 Reversed flow on 524 faces of pressure-outlet 7.
   768  3.6085e-01  3.8301e-05  4.4185e-05  3.7807e-05  1.6442e-03  7.5260e-03  1.1423e-03  0:00:55    7

 turbulent viscosity limited to viscosity ratio of 1.000000e+05 in 900 cells 

 Reversed flow on 522 faces of pressure-outlet 7.
   769  3.5918e-01  3.8151e-05  4.4000e-05  3.7650e-05  1.6411e-03  9.5105e-03  1.1415e-03  0:00:47    6

 turbulent viscosity limited to viscosity ratio of 1.000000e+05 in 900 cells 

 Reversed flow on 515 faces of pressure-outlet 7.
   770  3.5786e-01  3.8002e-05  4.3824e-05  3.7501e-05  1.6365e-03  8.2581e-03  1.1408e-03  0:00:38    5

 turbulent viscosity limited to viscosity ratio of 1.000000e+05 in 900 cells 

 Reversed flow on 524 faces of pressure-outlet 7.
   771  3.5652e-01  3.7859e-05  4.3662e-05  3.7350e-05  1.6263e-03  7.0601e-03  1.1399e-03  0:00:31    4

 turbulent viscosity limited to viscosity ratio of 1.000000e+05 in 900 cells 

 Reversed flow on 520 faces of pressure-outlet 7.

  iter  continuity  x-velocity  y-velocity  z-velocity           k     epsilon  vf-phase-2     time/iter
   772  3.5505e-01  3.7708e-05  4.3487e-05  3.7182e-05  1.6217e-03  7.3720e-03  1.1390e-03  0:00:23    3

 turbulent viscosity limited to viscosity ratio of 1.000000e+05 in 899 cells 

 Reversed flow on 518 faces of pressure-outlet 7.
   773  3.5373e-01  3.7569e-05  4.3313e-05  3.7035e-05  1.6165e-03  6.9175e-03  1.1381e-03  0:00:16    2

 turbulent viscosity limited to viscosity ratio of 1.000000e+05 in 899 cells 

 Reversed flow on 522 faces of pressure-outlet 7.
   774  3.5229e-01  3.7412e-05  4.3160e-05  3.6895e-05  1.6125e-03  8.0556e-03  1.1372e-03  0:00:08    1

 turbulent viscosity limited to viscosity ratio of 1.000000e+05 in 898 cells 

 Reversed flow on 526 faces of pressure-outlet 7.
   775  3.5104e-01  3.7255e-05  4.2989e-05  3.6752e-05  1.6089e-03  8.1793e-03  1.1363e-03  0:00:00    0
iterate_775: RPC returned
progress: 775/1500

  iter  continuity  x-velocity  y-velocity  z-velocity           k     epsilon  vf-phase-2     time/iter
   775  3.5104e-01  3.7255e-05  4.2989e-05  3.6752e-05  1.6089e-03  8.1793e-03  1.1363e-03  0:03:14   25

 turbulent viscosity limited to viscosity ratio of 1.000000e+05 in 898 cells 

 Reversed flow on 527 faces of pressure-outlet 7.
   776  3.4958e-01  3.7096e-05  4.2819e-05  3.6620e-05  1.6050e-03  8.0846e-03  1.1354e-03  0:03:07   24

 turbulent viscosity limited to viscosity ratio of 1.000000e+05 in 898 cells 

 Reversed flow on 532 faces of pressure-outlet 7.
   777  3.4854e-01  3.6938e-05  4.2643e-05  3.6484e-05  1.5971e-03  7.3347e-03  1.1346e-03  0:03:00   23

 turbulent viscosity limited to viscosity ratio of 1.000000e+05 in 898 cells 

 Reversed flow on 526 faces of pressure-outlet 7.
   778  3.4714e-01  3.6797e-05  4.2474e-05  3.6360e-05  1.5923e-03  7.1048e-03  1.1337e-03  0:02:53   22

 turbulent viscosity limited to viscosity ratio of 1.000000e+05 in 897 cells 

 Reversed flow on 524 faces of pressure-outlet 7.
   779  3.4611e-01  3.6646e-05  4.2316e-05  3.6241e-05  1.5903e-03  7.3364e-03  1.1327e-03  0:02:46   21

 turbulent viscosity limited to viscosity ratio of 1.000000e+05 in 895 cells 

 Reversed flow on 527 faces of pressure-outlet 7.
   780  3.4496e-01  3.6502e-05  4.2158e-05  3.6122e-05  1.5867e-03  8.1316e-03  1.1317e-03  0:02:38   20

 turbulent viscosity limited to viscosity ratio of 1.000000e+05 in 895 cells 

 Reversed flow on 532 faces of pressure-outlet 7.
   781  3.4409e-01  3.6361e-05  4.2000e-05  3.6001e-05  1.5845e-03  9.7632e-03  1.1307e-03  0:02:27   19

 turbulent viscosity limited to viscosity ratio of 1.000000e+05 in 895 cells 

 Reversed flow on 538 faces of pressure-outlet 7.
   782  3.4314e-01  3.6211e-05  4.1838e-05  3.5893e-05  1.5834e-03  9.7871e-03  1.1298e-03  0:02:20   18

 turbulent viscosity limited to viscosity ratio of 1.000000e+05 in 894 cells 

 Reversed flow on 523 faces of pressure-outlet 7.
   783  3.4216e-01  3.6075e-05  4.1677e-05  3.5793e-05  1.5788e-03  9.4430e-03  1.1290e-03  0:02:13   17

 turbulent viscosity limited to viscosity ratio of 1.000000e+05 in 893 cells 

 Reversed flow on 532 faces of pressure-outlet 7.
   784  3.4127e-01  3.5935e-05  4.1523e-05  3.5684e-05  1.5740e-03  7.7969e-03  1.1282e-03  0:02:06   16

 turbulent viscosity limited to viscosity ratio of 1.000000e+05 in 893 cells 

 Reversed flow on 526 faces of pressure-outlet 7.
   785  3.4014e-01  3.5810e-05  4.1358e-05  3.5577e-05  1.5719e-03  8.8083e-03  1.1273e-03  0:01:58   15

 turbulent viscosity limited to viscosity ratio of 1.000000e+05 in 893 cells 

 Reversed flow on 544 faces of pressure-outlet 7.

  iter  continuity  x-velocity  y-velocity  z-velocity           k     epsilon  vf-phase-2     time/iter
   786  3.3882e-01  3.5678e-05  4.1200e-05  3.5471e-05  1.5666e-03  8.0579e-03  1.1265e-03  0:01:48   14

 turbulent viscosity limited to viscosity ratio of 1.000000e+05 in 893 cells 

 Reversed flow on 534 faces of pressure-outlet 7.
   787  3.3782e-01  3.5562e-05  4.1036e-05  3.5368e-05  1.5645e-03  8.2062e-03  1.1256e-03  0:01:41   13

 turbulent viscosity limited to viscosity ratio of 1.000000e+05 in 891 cells 

 Reversed flow on 528 faces of pressure-outlet 7.
   788  3.3689e-01  3.5445e-05  4.0866e-05  3.5266e-05  1.5588e-03  7.5238e-03  1.1247e-03  0:01:34   12

 turbulent viscosity limited to viscosity ratio of 1.000000e+05 in 891 cells 

 Reversed flow on 537 faces of pressure-outlet 7.
   789  3.3578e-01  3.5333e-05  4.0698e-05  3.5165e-05  1.5533e-03  6.8412e-03  1.1238e-03  0:01:26   11

 turbulent viscosity limited to viscosity ratio of 1.000000e+05 in 891 cells 

 Reversed flow on 543 faces of pressure-outlet 7.
   790  3.3460e-01  3.5228e-05  4.0536e-05  3.5071e-05  1.5526e-03  7.6150e-03  1.1229e-03  0:01:17   10

 turbulent viscosity limited to viscosity ratio of 1.000000e+05 in 892 cells 

 Reversed flow on 545 faces of pressure-outlet 7.
   791  3.3377e-01  3.5125e-05  4.0368e-05  3.4984e-05  1.5485e-03  7.3684e-03  1.1220e-03  0:01:10    9

 turbulent viscosity limited to viscosity ratio of 1.000000e+05 in 892 cells 

 Reversed flow on 546 faces of pressure-outlet 7.
   792  3.3252e-01  3.5025e-05  4.0196e-05  3.4896e-05  1.5475e-03  7.5548e-03  1.1212e-03  0:01:02    8

 turbulent viscosity limited to viscosity ratio of 1.000000e+05 in 891 cells 

 Reversed flow on 545 faces of pressure-outlet 7.
   793  3.3143e-01  3.4926e-05  4.0023e-05  3.4807e-05  1.5409e-03  6.4176e-03  1.1203e-03  0:00:55    7

 turbulent viscosity limited to viscosity ratio of 1.000000e+05 in 890 cells 

 Reversed flow on 535 faces of pressure-outlet 7.
   794  3.3034e-01  3.4834e-05  3.9849e-05  3.4721e-05  1.5368e-03  6.7350e-03  1.1195e-03  0:00:46    6

 turbulent viscosity limited to viscosity ratio of 1.000000e+05 in 888 cells 

 Reversed flow on 550 faces of pressure-outlet 7.
   795  3.2942e-01  3.4739e-05  3.9678e-05  3.4635e-05  1.5353e-03  8.0708e-03  1.1188e-03  0:00:39    5

 turbulent viscosity limited to viscosity ratio of 1.000000e+05 in 885 cells 

 Reversed flow on 560 faces of pressure-outlet 7.
   796  3.2842e-01  3.4640e-05  3.9514e-05  3.4555e-05  1.5324e-03  7.2149e-03  1.1179e-03  0:00:31    4

 turbulent viscosity limited to viscosity ratio of 1.000000e+05 in 885 cells 

 Reversed flow on 565 faces of pressure-outlet 7.

  iter  continuity  x-velocity  y-velocity  z-velocity           k     epsilon  vf-phase-2     time/iter
   797  3.2765e-01  3.4555e-05  3.9347e-05  3.4467e-05  1.5270e-03  6.6882e-03  1.1171e-03  0:00:23    3

 turbulent viscosity limited to viscosity ratio of 1.000000e+05 in 885 cells 

 Reversed flow on 570 faces of pressure-outlet 7.
   798  3.2671e-01  3.4464e-05  3.9180e-05  3.4375e-05  1.5232e-03  6.3534e-03  1.1163e-03  0:00:16    2

 turbulent viscosity limited to viscosity ratio of 1.000000e+05 in 884 cells 

 Reversed flow on 567 faces of pressure-outlet 7.
   799  3.2577e-01  3.4377e-05  3.9002e-05  3.4263e-05  1.5225e-03  8.2975e-03  1.1155e-03  0:00:08    1

 turbulent viscosity limited to viscosity ratio of 1.000000e+05 in 884 cells 

 Reversed flow on 573 faces of pressure-outlet 7.
   800  3.2461e-01  3.4290e-05  3.8820e-05  3.4158e-05  1.5177e-03  7.5211e-03  1.1147e-03  0:00:00    0
iterate_800: RPC returned
progress: 800/1500

  iter  continuity  x-velocity  y-velocity  z-velocity           k     epsilon  vf-phase-2     time/iter
   800  3.2461e-01  3.4290e-05  3.8820e-05  3.4158e-05  1.5177e-03  7.5211e-03  1.1147e-03  0:03:14   25

 turbulent viscosity limited to viscosity ratio of 1.000000e+05 in 884 cells 

 Reversed flow on 574 faces of pressure-outlet 7.
   801  3.2360e-01  3.4215e-05  3.8644e-05  3.4052e-05  1.5172e-03  8.5998e-03  1.1141e-03  0:03:12   24

 turbulent viscosity limited to viscosity ratio of 1.000000e+05 in 884 cells 

 Reversed flow on 572 faces of pressure-outlet 7.
   802  3.2262e-01  3.4142e-05  3.8470e-05  3.3954e-05  1.5102e-03  7.0892e-03  1.1135e-03  0:03:04   23

 turbulent viscosity limited to viscosity ratio of 1.000000e+05 in 884 cells 

 Reversed flow on 576 faces of pressure-outlet 7.
   803  3.2165e-01  3.4061e-05  3.8295e-05  3.3846e-05  1.5056e-03  6.9456e-03  1.1129e-03  0:02:52   22

 turbulent viscosity limited to viscosity ratio of 1.000000e+05 in 884 cells 

 Reversed flow on 576 faces of pressure-outlet 7.
   804  3.2091e-01  3.3976e-05  3.8114e-05  3.3743e-05  1.4984e-03  6.0084e-03  1.1124e-03  0:02:45   21

 turbulent viscosity limited to viscosity ratio of 1.000000e+05 in 884 cells 

 Reversed flow on 581 faces of pressure-outlet 7.
   805  3.1993e-01  3.3888e-05  3.7938e-05  3.3652e-05  1.4982e-03  7.8670e-03  1.1120e-03  0:02:37   20

 turbulent viscosity limited to viscosity ratio of 1.000000e+05 in 882 cells 

 Reversed flow on 592 faces of pressure-outlet 7.
   806  3.1893e-01  3.3795e-05  3.7774e-05  3.3549e-05  1.4952e-03  7.9965e-03  1.1116e-03  0:02:30   19

 turbulent viscosity limited to viscosity ratio of 1.000000e+05 in 882 cells 

 Reversed flow on 592 faces of pressure-outlet 7.
   807  3.1808e-01  3.3712e-05  3.7606e-05  3.3431e-05  1.4916e-03  7.8072e-03  1.1113e-03  0:02:19   18

 turbulent viscosity limited to viscosity ratio of 1.000000e+05 in 882 cells 

 Reversed flow on 595 faces of pressure-outlet 7.
   808  3.1719e-01  3.3609e-05  3.7438e-05  3.3310e-05  1.4866e-03  7.9203e-03  1.1111e-03  0:02:12   17

 turbulent viscosity limited to viscosity ratio of 1.000000e+05 in 881 cells 

 Reversed flow on 588 faces of pressure-outlet 7.
   809  3.1612e-01  3.3509e-05  3.7271e-05  3.3193e-05  1.4851e-03  8.3716e-03  1.1110e-03  0:02:05   16

 turbulent viscosity limited to viscosity ratio of 1.000000e+05 in 881 cells 

 Reversed flow on 590 faces of pressure-outlet 7.
   810  3.1510e-01  3.3402e-05  3.7108e-05  3.3084e-05  1.4786e-03  7.7128e-03  1.1109e-03  0:01:58   15

 turbulent viscosity limited to viscosity ratio of 1.000000e+05 in 881 cells 

 Reversed flow on 597 faces of pressure-outlet 7.

  iter  continuity  x-velocity  y-velocity  z-velocity           k     epsilon  vf-phase-2     time/iter
   811  3.1439e-01  3.3271e-05  3.6937e-05  3.2971e-05  1.4741e-03  7.2735e-03  1.1108e-03  0:01:48   14

 turbulent viscosity limited to viscosity ratio of 1.000000e+05 in 881 cells 

 Reversed flow on 592 faces of pressure-outlet 7.
   812  3.1343e-01  3.3151e-05  3.6771e-05  3.2849e-05  1.4688e-03  6.7960e-03  1.1108e-03  0:01:41   13

 turbulent viscosity limited to viscosity ratio of 1.000000e+05 in 881 cells 

 Reversed flow on 595 faces of pressure-outlet 7.
   813  3.1252e-01  3.3023e-05  3.6609e-05  3.2732e-05  1.4641e-03  8.0679e-03  1.1109e-03  0:01:34   12

 turbulent viscosity limited to viscosity ratio of 1.000000e+05 in 880 cells 

 Reversed flow on 599 faces of pressure-outlet 7.
   814  3.1155e-01  3.2907e-05  3.6452e-05  3.2608e-05  1.4591e-03  6.8261e-03  1.1109e-03  0:01:26   11

 turbulent viscosity limited to viscosity ratio of 1.000000e+05 in 881 cells 

 Reversed flow on 602 faces of pressure-outlet 7.
   815  3.1068e-01  3.2793e-05  3.6302e-05  3.2496e-05  1.4575e-03  7.9328e-03  1.1110e-03  0:01:17   10

 turbulent viscosity limited to viscosity ratio of 1.000000e+05 in 881 cells 

 Reversed flow on 599 faces of pressure-outlet 7.
   816  3.0973e-01  3.2668e-05  3.6152e-05  3.2376e-05  1.4534e-03  7.4876e-03  1.1111e-03  0:01:10    9

 turbulent viscosity limited to viscosity ratio of 1.000000e+05 in 881 cells 

 Reversed flow on 609 faces of pressure-outlet 7.
   817  3.0878e-01  3.2537e-05  3.6008e-05  3.2264e-05  1.4525e-03  8.7321e-03  1.1114e-03  0:01:02    8

 turbulent viscosity limited to viscosity ratio of 1.000000e+05 in 881 cells 

 Reversed flow on 606 faces of pressure-outlet 7.
   818  3.0814e-01  3.2415e-05  3.5856e-05  3.2160e-05  1.4504e-03  8.2599e-03  1.1118e-03  0:00:53    7

 turbulent viscosity limited to viscosity ratio of 1.000000e+05 in 881 cells 

 Reversed flow on 609 faces of pressure-outlet 7.
   819  3.0702e-01  3.2275e-05  3.5707e-05  3.2044e-05  1.4423e-03  7.3500e-03  1.1122e-03  0:00:46    6

 turbulent viscosity limited to viscosity ratio of 1.000000e+05 in 880 cells 

 Reversed flow on 614 faces of pressure-outlet 7.
   820  3.0616e-01  3.2132e-05  3.5559e-05  3.1932e-05  1.4348e-03  6.4959e-03  1.1126e-03  0:00:39    5

 turbulent viscosity limited to viscosity ratio of 1.000000e+05 in 879 cells 

 Reversed flow on 613 faces of pressure-outlet 7.
   821  3.0527e-01  3.2006e-05  3.5420e-05  3.1823e-05  1.4301e-03  6.1576e-03  1.1131e-03  0:00:31    4

 turbulent viscosity limited to viscosity ratio of 1.000000e+05 in 878 cells 

 Reversed flow on 606 faces of pressure-outlet 7.

  iter  continuity  x-velocity  y-velocity  z-velocity           k     epsilon  vf-phase-2     time/iter
   822  3.0440e-01  3.1884e-05  3.5286e-05  3.1721e-05  1.4257e-03  5.9242e-03  1.1136e-03  0:00:24    3

 turbulent viscosity limited to viscosity ratio of 1.000000e+05 in 877 cells 

 Reversed flow on 616 faces of pressure-outlet 7.
   823  3.0339e-01  3.1763e-05  3.5138e-05  3.1630e-05  1.4225e-03  6.4257e-03  1.1142e-03  0:00:15    2

 turbulent viscosity limited to viscosity ratio of 1.000000e+05 in 878 cells 

 Reversed flow on 624 faces of pressure-outlet 7.
   824  3.0284e-01  3.1642e-05  3.5005e-05  3.1541e-05  1.4206e-03  6.7855e-03  1.1148e-03  0:00:08    1

 turbulent viscosity limited to viscosity ratio of 1.000000e+05 in 878 cells 

 Reversed flow on 623 faces of pressure-outlet 7.
   825  3.0215e-01  3.1523e-05  3.4873e-05  3.1454e-05  1.4184e-03  7.2407e-03  1.1155e-03  0:00:00    0
iterate_825: RPC returned
progress: 825/1500

  iter  continuity  x-velocity  y-velocity  z-velocity           k     epsilon  vf-phase-2     time/iter
   825  3.0215e-01  3.1523e-05  3.4873e-05  3.1454e-05  1.4184e-03  7.2407e-03  1.1155e-03  0:03:15   25

 turbulent viscosity limited to viscosity ratio of 1.000000e+05 in 878 cells 

 Reversed flow on 631 faces of pressure-outlet 7.
   826  3.0124e-01  3.1400e-05  3.4755e-05  3.1365e-05  1.4140e-03  6.8616e-03  1.1162e-03  0:03:08   24

 turbulent viscosity limited to viscosity ratio of 1.000000e+05 in 877 cells 

 Reversed flow on 633 faces of pressure-outlet 7.
   827  3.0105e-01  3.1292e-05  3.4633e-05  3.1278e-05  1.4099e-03  6.3252e-03  1.1170e-03  0:03:01   23

 turbulent viscosity limited to viscosity ratio of 1.000000e+05 in 877 cells 

 Reversed flow on 621 faces of pressure-outlet 7.
   828  3.0080e-01  3.1166e-05  3.4518e-05  3.1188e-05  1.4072e-03  6.4109e-03  1.1179e-03  0:02:54   22

 turbulent viscosity limited to viscosity ratio of 1.000000e+05 in 877 cells 

 Reversed flow on 618 faces of pressure-outlet 7.
   829  3.0041e-01  3.1059e-05  3.4402e-05  3.1106e-05  1.4039e-03  7.1900e-03  1.1189e-03  0:02:42   21

 turbulent viscosity limited to viscosity ratio of 1.000000e+05 in 877 cells 

 Reversed flow on 623 faces of pressure-outlet 7.
   830  2.9955e-01  3.0958e-05  3.4291e-05  3.1027e-05  1.4041e-03  7.6363e-03  1.1199e-03  0:02:35   20

 turbulent viscosity limited to viscosity ratio of 1.000000e+05 in 877 cells 

 Reversed flow on 623 faces of pressure-outlet 7.
   831  2.9882e-01  3.0858e-05  3.4188e-05  3.0952e-05  1.3998e-03  6.5426e-03  1.1209e-03  0:02:29   19

 turbulent viscosity limited to viscosity ratio of 1.000000e+05 in 877 cells 

 Reversed flow on 621 faces of pressure-outlet 7.
   832  2.9832e-01  3.0764e-05  3.4087e-05  3.0872e-05  1.4002e-03  7.6746e-03  1.1219e-03  0:02:21   18

 turbulent viscosity limited to viscosity ratio of 1.000000e+05 in 877 cells 

 Reversed flow on 631 faces of pressure-outlet 7.
   833  2.9810e-01  3.0673e-05  3.4003e-05  3.0811e-05  1.3945e-03  6.4715e-03  1.1230e-03  0:02:11   17

 turbulent viscosity limited to viscosity ratio of 1.000000e+05 in 877 cells 

 Reversed flow on 640 faces of pressure-outlet 7.
   834  2.9755e-01  3.0564e-05  3.3909e-05  3.0735e-05  1.3919e-03  6.2843e-03  1.1241e-03  0:02:04   16

 turbulent viscosity limited to viscosity ratio of 1.000000e+05 in 877 cells 

 Reversed flow on 633 faces of pressure-outlet 7.
   835  2.9648e-01  3.0457e-05  3.3825e-05  3.0670e-05  1.3877e-03  5.7509e-03  1.1253e-03  0:01:57   15

 turbulent viscosity limited to viscosity ratio of 1.000000e+05 in 876 cells 

 Reversed flow on 630 faces of pressure-outlet 7.

  iter  continuity  x-velocity  y-velocity  z-velocity           k     epsilon  vf-phase-2     time/iter
   836  2.9583e-01  3.0345e-05  3.3753e-05  3.0600e-05  1.3887e-03  6.6525e-03  1.1266e-03  0:01:50   14

 turbulent viscosity limited to viscosity ratio of 1.000000e+05 in 876 cells 

 Reversed flow on 647 faces of pressure-outlet 7.
   837  2.9545e-01  3.0244e-05  3.3699e-05  3.0547e-05  1.3856e-03  6.6973e-03  1.1278e-03  0:01:40   13

 turbulent viscosity limited to viscosity ratio of 1.000000e+05 in 876 cells 

 Reversed flow on 641 faces of pressure-outlet 7.
   838  2.9507e-01  3.0131e-05  3.3652e-05  3.0489e-05  1.3860e-03  7.6935e-03  1.1292e-03  0:01:33   12

 turbulent viscosity limited to viscosity ratio of 1.000000e+05 in 876 cells 

 Reversed flow on 640 faces of pressure-outlet 7.
   839  2.9486e-01  3.0037e-05  3.3608e-05  3.0437e-05  1.3837e-03  6.7491e-03  1.1305e-03  0:01:26   11

 turbulent viscosity limited to viscosity ratio of 1.000000e+05 in 875 cells 

 Reversed flow on 643 faces of pressure-outlet 7.
   840  2.9487e-01  2.9932e-05  3.3569e-05  3.0377e-05  1.3821e-03  6.8733e-03  1.1319e-03  0:01:16   10

 turbulent viscosity limited to viscosity ratio of 1.000000e+05 in 874 cells 

 Reversed flow on 638 faces of pressure-outlet 7.
   841  2.9460e-01  2.9831e-05  3.3544e-05  3.0311e-05  1.3790e-03  6.6932e-03  1.1333e-03  0:01:09    9

 turbulent viscosity limited to viscosity ratio of 1.000000e+05 in 874 cells 

 Reversed flow on 657 faces of pressure-outlet 7.
   842  2.9418e-01  2.9731e-05  3.3527e-05  3.0250e-05  1.3744e-03  6.0785e-03  1.1349e-03  0:01:02    8

 turbulent viscosity limited to viscosity ratio of 1.000000e+05 in 875 cells 

 Reversed flow on 648 faces of pressure-outlet 7.
   843  2.9372e-01  2.9633e-05  3.3510e-05  3.0188e-05  1.3740e-03  7.3224e-03  1.1364e-03  0:00:55    7

 turbulent viscosity limited to viscosity ratio of 1.000000e+05 in 875 cells 

 Reversed flow on 647 faces of pressure-outlet 7.
   844  2.9358e-01  2.9547e-05  3.3505e-05  3.0122e-05  1.3721e-03  6.6270e-03  1.1381e-03  0:00:47    6

 turbulent viscosity limited to viscosity ratio of 1.000000e+05 in 875 cells 

 Reversed flow on 641 faces of pressure-outlet 7.
   845  2.9362e-01  2.9469e-05  3.3507e-05  3.0061e-05  1.3699e-03  6.7706e-03  1.1397e-03  0:00:38    5

 turbulent viscosity limited to viscosity ratio of 1.000000e+05 in 874 cells 

 Reversed flow on 644 faces of pressure-outlet 7.
   846  2.9321e-01  2.9397e-05  3.3504e-05  2.9995e-05  1.3690e-03  6.2354e-03  1.1414e-03  0:00:31    4

 turbulent viscosity limited to viscosity ratio of 1.000000e+05 in 874 cells 

 Reversed flow on 646 faces of pressure-outlet 7.

  iter  continuity  x-velocity  y-velocity  z-velocity           k     epsilon  vf-phase-2     time/iter
   847  2.9262e-01  2.9313e-05  3.3507e-05  2.9934e-05  1.3656e-03  6.2841e-03  1.1433e-03  0:00:23    3

 turbulent viscosity limited to viscosity ratio of 1.000000e+05 in 874 cells 

 Reversed flow on 655 faces of pressure-outlet 7.
   848  2.9261e-01  2.9251e-05  3.3536e-05  2.9864e-05  1.3656e-03  6.9669e-03  1.1452e-03  0:00:15    2

 turbulent viscosity limited to viscosity ratio of 1.000000e+05 in 873 cells 

 Reversed flow on 661 faces of pressure-outlet 7.
   849  2.9219e-01  2.9193e-05  3.3554e-05  2.9797e-05  1.3622e-03  6.4066e-03  1.1471e-03  0:00:08    1

 turbulent viscosity limited to viscosity ratio of 1.000000e+05 in 873 cells 

 Reversed flow on 654 faces of pressure-outlet 7.
   850  2.9201e-01  2.9128e-05  3.3573e-05  2.9724e-05  1.3597e-03  6.2146e-03  1.1491e-03  0:00:00    0
iterate_850: RPC returned
progress: 850/1500

  iter  continuity  x-velocity  y-velocity  z-velocity           k     epsilon  vf-phase-2     time/iter
   850  2.9201e-01  2.9128e-05  3.3573e-05  2.9724e-05  1.3597e-03  6.2146e-03  1.1491e-03  0:03:14   25

 turbulent viscosity limited to viscosity ratio of 1.000000e+05 in 872 cells 

 Reversed flow on 651 faces of pressure-outlet 7.
   851  2.9171e-01  2.9074e-05  3.3612e-05  2.9659e-05  1.3541e-03  5.2114e-03  1.1511e-03  0:03:08   24

 turbulent viscosity limited to viscosity ratio of 1.000000e+05 in 871 cells 

 Reversed flow on 653 faces of pressure-outlet 7.
   852  2.9148e-01  2.9026e-05  3.3650e-05  2.9587e-05  1.3531e-03  5.1904e-03  1.1531e-03  0:03:01   23

 turbulent viscosity limited to viscosity ratio of 1.000000e+05 in 869 cells 

 Reversed flow on 647 faces of pressure-outlet 7.
   853  2.9122e-01  2.8977e-05  3.3681e-05  2.9519e-05  1.3498e-03  4.9214e-03  1.1553e-03  0:02:53   22

 turbulent viscosity limited to viscosity ratio of 1.000000e+05 in 869 cells 

 Reversed flow on 645 faces of pressure-outlet 7.
   854  2.9091e-01  2.8935e-05  3.3719e-05  2.9463e-05  1.3510e-03  5.4828e-03  1.1574e-03  0:02:46   21

 turbulent viscosity limited to viscosity ratio of 1.000000e+05 in 869 cells 

 Reversed flow on 643 faces of pressure-outlet 7.
   855  2.9063e-01  2.8900e-05  3.3764e-05  2.9401e-05  1.3498e-03  5.8742e-03  1.1597e-03  0:02:34   20

 turbulent viscosity limited to viscosity ratio of 1.000000e+05 in 869 cells 

 Reversed flow on 644 faces of pressure-outlet 7.
   856  2.9070e-01  2.8873e-05  3.3814e-05  2.9342e-05  1.3485e-03  6.1646e-03  1.1621e-03  0:02:28   19

 turbulent viscosity limited to viscosity ratio of 1.000000e+05 in 868 cells 

 Reversed flow on 649 faces of pressure-outlet 7.
   857  2.9026e-01  2.8843e-05  3.3864e-05  2.9272e-05  1.3498e-03  6.2030e-03  1.1644e-03  0:02:21   18

 turbulent viscosity limited to viscosity ratio of 1.000000e+05 in 868 cells 

 Reversed flow on 652 faces of pressure-outlet 7.
   858  2.9008e-01  2.8821e-05  3.3915e-05  2.9212e-05  1.3463e-03  6.1004e-03  1.1668e-03  0:02:10   17

 turbulent viscosity limited to viscosity ratio of 1.000000e+05 in 869 cells 

 Reversed flow on 643 faces of pressure-outlet 7.
   859  2.8969e-01  2.8799e-05  3.3968e-05  2.9147e-05  1.3415e-03  5.0446e-03  1.1692e-03  0:02:04   16

 turbulent viscosity limited to viscosity ratio of 1.000000e+05 in 869 cells 

 Reversed flow on 646 faces of pressure-outlet 7.
   860  2.8931e-01  2.8776e-05  3.4010e-05  2.9086e-05  1.3408e-03  5.2720e-03  1.1717e-03  0:01:57   15

 turbulent viscosity limited to viscosity ratio of 1.000000e+05 in 869 cells 

 Reversed flow on 641 faces of pressure-outlet 7.

  iter  continuity  x-velocity  y-velocity  z-velocity           k     epsilon  vf-phase-2     time/iter
   861  2.8905e-01  2.8764e-05  3.4046e-05  2.9032e-05  1.3374e-03  5.1401e-03  1.1742e-03  0:01:50   14

 turbulent viscosity limited to viscosity ratio of 1.000000e+05 in 869 cells 

 Reversed flow on 649 faces of pressure-outlet 7.
   862  2.8879e-01  2.8761e-05  3.4082e-05  2.8990e-05  1.3392e-03  5.9292e-03  1.1767e-03  0:01:42   13

 turbulent viscosity limited to viscosity ratio of 1.000000e+05 in 869 cells 

 Reversed flow on 646 faces of pressure-outlet 7.
   863  2.8869e-01  2.8752e-05  3.4112e-05  2.8931e-05  1.3357e-03  5.5711e-03  1.1792e-03  0:01:32   12

 turbulent viscosity limited to viscosity ratio of 1.000000e+05 in 869 cells 

 Reversed flow on 645 faces of pressure-outlet 7.
   864  2.8829e-01  2.8737e-05  3.4145e-05  2.8889e-05  1.3339e-03  5.5634e-03  1.1817e-03  0:01:25   11

 turbulent viscosity limited to viscosity ratio of 1.000000e+05 in 869 cells 

 Reversed flow on 647 faces of pressure-outlet 7.
   865  2.8777e-01  2.8735e-05  3.4182e-05  2.8851e-05  1.3328e-03  5.8012e-03  1.1843e-03  0:01:18   10

 turbulent viscosity limited to viscosity ratio of 1.000000e+05 in 869 cells 

 Reversed flow on 642 faces of pressure-outlet 7.
   866  2.8746e-01  2.8726e-05  3.4210e-05  2.8816e-05  1.3302e-03  5.3978e-03  1.1868e-03  0:01:11    9

 turbulent viscosity limited to viscosity ratio of 1.000000e+05 in 870 cells 

 Reversed flow on 628 faces of pressure-outlet 7.
   867  2.8744e-01  2.8729e-05  3.4239e-05  2.8783e-05  1.3272e-03  5.6349e-03  1.1893e-03  0:01:01    8

 turbulent viscosity limited to viscosity ratio of 1.000000e+05 in 869 cells 

 Reversed flow on 636 faces of pressure-outlet 7.
   868  2.8710e-01  2.8724e-05  3.4255e-05  2.8753e-05  1.3241e-03  5.3046e-03  1.1918e-03  0:00:54    7

 turbulent viscosity limited to viscosity ratio of 1.000000e+05 in 868 cells 

 Reversed flow on 636 faces of pressure-outlet 7.
   869  2.8668e-01  2.8736e-05  3.4260e-05  2.8729e-05  1.3227e-03  5.2763e-03  1.1941e-03  0:00:47    6

 turbulent viscosity limited to viscosity ratio of 1.000000e+05 in 868 cells 

 Reversed flow on 637 faces of pressure-outlet 7.
   870  2.8642e-01  2.8743e-05  3.4271e-05  2.8706e-05  1.3191e-03  4.8738e-03  1.1966e-03  0:00:39    5

 turbulent viscosity limited to viscosity ratio of 1.000000e+05 in 868 cells 

 Reversed flow on 628 faces of pressure-outlet 7.
   871  2.8613e-01  2.8745e-05  3.4296e-05  2.8683e-05  1.3183e-03  4.9129e-03  1.1990e-03  0:00:31    4

 turbulent viscosity limited to viscosity ratio of 1.000000e+05 in 867 cells 

 Reversed flow on 630 faces of pressure-outlet 7.

  iter  continuity  x-velocity  y-velocity  z-velocity           k     epsilon  vf-phase-2     time/iter
   872  2.8611e-01  2.8747e-05  3.4323e-05  2.8660e-05  1.3166e-03  4.8618e-03  1.2013e-03  0:00:23    3

 turbulent viscosity limited to viscosity ratio of 1.000000e+05 in 867 cells 

 Reversed flow on 615 faces of pressure-outlet 7.
   873  2.8622e-01  2.8753e-05  3.4344e-05  2.8637e-05  1.3140e-03  4.5945e-03  1.2037e-03  0:00:16    2

 turbulent viscosity limited to viscosity ratio of 1.000000e+05 in 868 cells 

 Reversed flow on 618 faces of pressure-outlet 7.
   874  2.8584e-01  2.8755e-05  3.4361e-05  2.8604e-05  1.3138e-03  5.4285e-03  1.2060e-03  0:00:08    1

 turbulent viscosity limited to viscosity ratio of 1.000000e+05 in 868 cells 

 Reversed flow on 624 faces of pressure-outlet 7.
   875  2.8579e-01  2.8767e-05  3.4388e-05  2.8578e-05  1.3131e-03  5.1359e-03  1.2082e-03  0:00:00    0
iterate_875: RPC returned
progress: 875/1500

  iter  continuity  x-velocity  y-velocity  z-velocity           k     epsilon  vf-phase-2     time/iter
   875  2.8579e-01  2.8767e-05  3.4388e-05  2.8578e-05  1.3131e-03  5.1359e-03  1.2082e-03  0:03:16   25

 turbulent viscosity limited to viscosity ratio of 1.000000e+05 in 868 cells 

 Reversed flow on 634 faces of pressure-outlet 7.
   876  2.8566e-01  2.8790e-05  3.4410e-05  2.8551e-05  1.3124e-03  5.2521e-03  1.2103e-03  0:03:09   24

 turbulent viscosity limited to viscosity ratio of 1.000000e+05 in 868 cells 

 Reversed flow on 620 faces of pressure-outlet 7.
   877  2.8577e-01  2.8806e-05  3.4435e-05  2.8520e-05  1.3124e-03  5.4279e-03  1.2125e-03  0:03:02   23

 turbulent viscosity limited to viscosity ratio of 1.000000e+05 in 868 cells 

 Reversed flow on 623 faces of pressure-outlet 7.
   878  2.8557e-01  2.8817e-05  3.4462e-05  2.8489e-05  1.3116e-03  5.3309e-03  1.2145e-03  0:02:54   22

 turbulent viscosity limited to viscosity ratio of 1.000000e+05 in 868 cells 

 Reversed flow on 622 faces of pressure-outlet 7.
   879  2.8545e-01  2.8833e-05  3.4487e-05  2.8460e-05  1.3084e-03  4.6206e-03  1.2165e-03  0:02:42   21

 turbulent viscosity limited to viscosity ratio of 1.000000e+05 in 868 cells 

 Reversed flow on 620 faces of pressure-outlet 7.
   880  2.8549e-01  2.8846e-05  3.4521e-05  2.8421e-05  1.3075e-03  4.5755e-03  1.2185e-03  0:02:36   20

 turbulent viscosity limited to viscosity ratio of 1.000000e+05 in 868 cells 

 Reversed flow on 612 faces of pressure-outlet 7.
   881  2.8565e-01  2.8860e-05  3.4546e-05  2.8385e-05  1.3077e-03  5.0551e-03  1.2203e-03  0:02:29   19

 turbulent viscosity limited to viscosity ratio of 1.000000e+05 in 868 cells 

 Reversed flow on 606 faces of pressure-outlet 7.
   882  2.8597e-01  2.8873e-05  3.4568e-05  2.8361e-05  1.3071e-03  4.7451e-03  1.2221e-03  0:02:18   18

 turbulent viscosity limited to viscosity ratio of 1.000000e+05 in 868 cells 

 Reversed flow on 613 faces of pressure-outlet 7.
   883  2.8622e-01  2.8881e-05  3.4591e-05  2.8335e-05  1.3058e-03  4.6868e-03  1.2239e-03  0:02:11   17

 turbulent viscosity limited to viscosity ratio of 1.000000e+05 in 867 cells 

 Reversed flow on 612 faces of pressure-outlet 7.
   884  2.8621e-01  2.8894e-05  3.4613e-05  2.8310e-05  1.3050e-03  4.6491e-03  1.2256e-03  0:02:05   16

 turbulent viscosity limited to viscosity ratio of 1.000000e+05 in 867 cells 

 Reversed flow on 621 faces of pressure-outlet 7.
   885  2.8618e-01  2.8904e-05  3.4622e-05  2.8291e-05  1.3052e-03  4.6924e-03  1.2271e-03  0:01:57   15

 turbulent viscosity limited to viscosity ratio of 1.000000e+05 in 867 cells 

 Reversed flow on 612 faces of pressure-outlet 7.

  iter  continuity  x-velocity  y-velocity  z-velocity           k     epsilon  vf-phase-2     time/iter
   886  2.8617e-01  2.8912e-05  3.4629e-05  2.8262e-05  1.3054e-03  5.2480e-03  1.2287e-03  0:01:47   14

 turbulent viscosity limited to viscosity ratio of 1.000000e+05 in 867 cells 

 Reversed flow on 623 faces of pressure-outlet 7.
   887  2.8645e-01  2.8916e-05  3.4646e-05  2.8223e-05  1.3038e-03  4.8282e-03  1.2301e-03  0:01:40   13

 turbulent viscosity limited to viscosity ratio of 1.000000e+05 in 867 cells 

 Reversed flow on 618 faces of pressure-outlet 7.
   888  2.8655e-01  2.8926e-05  3.4651e-05  2.8203e-05  1.3032e-03  4.6975e-03  1.2314e-03  0:01:33   12

 turbulent viscosity limited to viscosity ratio of 1.000000e+05 in 867 cells 

 Reversed flow on 604 faces of pressure-outlet 7.
   889  2.8650e-01  2.8925e-05  3.4652e-05  2.8189e-05  1.3019e-03  4.5568e-03  1.2328e-03  0:01:26   11

 turbulent viscosity limited to viscosity ratio of 1.000000e+05 in 867 cells 

 Reversed flow on 604 faces of pressure-outlet 7.
   890  2.8617e-01  2.8929e-05  3.4649e-05  2.8162e-05  1.3003e-03  4.2485e-03  1.2341e-03  0:01:19   10

 turbulent viscosity limited to viscosity ratio of 1.000000e+05 in 867 cells 

 Reversed flow on 601 faces of pressure-outlet 7.
   891  2.8606e-01  2.8927e-05  3.4644e-05  2.8143e-05  1.2996e-03  4.2195e-03  1.2354e-03  0:01:11    9

 turbulent viscosity limited to viscosity ratio of 1.000000e+05 in 867 cells 

 Reversed flow on 595 faces of pressure-outlet 7.
   892  2.8589e-01  2.8936e-05  3.4633e-05  2.8128e-05  1.2998e-03  4.2313e-03  1.2367e-03  0:01:02    8

 turbulent viscosity limited to viscosity ratio of 1.000000e+05 in 867 cells 

 Reversed flow on 602 faces of pressure-outlet 7.
   893  2.8587e-01  2.8950e-05  3.4612e-05  2.8121e-05  1.2991e-03  4.1986e-03  1.2377e-03  0:00:54    7

 turbulent viscosity limited to viscosity ratio of 1.000000e+05 in 868 cells 

 Reversed flow on 607 faces of pressure-outlet 7.
   894  2.8563e-01  2.8945e-05  3.4585e-05  2.8104e-05  1.2980e-03  4.1083e-03  1.2387e-03  0:00:47    6

 turbulent viscosity limited to viscosity ratio of 1.000000e+05 in 868 cells 

 Reversed flow on 594 faces of pressure-outlet 7.
   895  2.8556e-01  2.8943e-05  3.4542e-05  2.8098e-05  1.2977e-03  4.0971e-03  1.2396e-03  0:00:39    5

 turbulent viscosity limited to viscosity ratio of 1.000000e+05 in 868 cells 

 Reversed flow on 596 faces of pressure-outlet 7.
   896  2.8543e-01  2.8941e-05  3.4511e-05  2.8100e-05  1.2969e-03  3.9662e-03  1.2405e-03  0:00:31    4

 turbulent viscosity limited to viscosity ratio of 1.000000e+05 in 867 cells 

 Reversed flow on 586 faces of pressure-outlet 7.

  iter  continuity  x-velocity  y-velocity  z-velocity           k     epsilon  vf-phase-2     time/iter
   897  2.8517e-01  2.8927e-05  3.4486e-05  2.8101e-05  1.2964e-03  4.3800e-03  1.2414e-03  0:00:23    3

 turbulent viscosity limited to viscosity ratio of 1.000000e+05 in 866 cells 

 Reversed flow on 580 faces of pressure-outlet 7.
   898  2.8462e-01  2.8908e-05  3.4462e-05  2.8083e-05  1.2952e-03  4.0448e-03  1.2422e-03  0:00:16    2

 turbulent viscosity limited to viscosity ratio of 1.000000e+05 in 865 cells 

 Reversed flow on 585 faces of pressure-outlet 7.
   899  2.8442e-01  2.8893e-05  3.4424e-05  2.8076e-05  1.2953e-03  4.1552e-03  1.2429e-03  0:00:08    1

iterate_900: RPC returned
progress: 900/1500
 turbulent viscosity limited to viscosity ratio of 1.000000e+05 in 865 cells 

 Reversed flow on 593 faces of pressure-outlet 7.
   900  2.8406e-01  2.8875e-05  3.4385e-05  2.8078e-05  1.2953e-03  4.3256e-03  1.2439e-03  0:00:00    0

  iter  continuity  x-velocity  y-velocity  z-velocity           k     epsilon  vf-phase-2     time/iter
   900  2.8406e-01  2.8875e-05  3.4385e-05  2.8078e-05  1.2953e-03  4.3256e-03  1.2439e-03  0:03:12   25

 turbulent viscosity limited to viscosity ratio of 1.000000e+05 in 864 cells 

 Reversed flow on 587 faces of pressure-outlet 7.
   901  2.8391e-01  2.8855e-05  3.4341e-05  2.8075e-05  1.2962e-03  4.8350e-03  1.2450e-03  0:03:06   24

 turbulent viscosity limited to viscosity ratio of 1.000000e+05 in 864 cells 

 Reversed flow on 584 faces of pressure-outlet 7.
   902  2.8367e-01  2.8844e-05  3.4297e-05  2.8064e-05  1.2965e-03  5.0834e-03  1.2459e-03  0:02:59   23

 turbulent viscosity limited to viscosity ratio of 1.000000e+05 in 863 cells 

 Reversed flow on 590 faces of pressure-outlet 7.
   903  2.8345e-01  2.8828e-05  3.4257e-05  2.8060e-05  1.2967e-03  4.7969e-03  1.2469e-03  0:02:48   22

 turbulent viscosity limited to viscosity ratio of 1.000000e+05 in 863 cells 

 Reversed flow on 580 faces of pressure-outlet 7.
   904  2.8319e-01  2.8806e-05  3.4235e-05  2.8064e-05  1.2970e-03  4.9305e-03  1.2478e-03  0:02:42   21

 turbulent viscosity limited to viscosity ratio of 1.000000e+05 in 863 cells 

 Reversed flow on 581 faces of pressure-outlet 7.
   905  2.8324e-01  2.8768e-05  3.4214e-05  2.8060e-05  1.2972e-03  4.6214e-03  1.2488e-03  0:02:35   20

 turbulent viscosity limited to viscosity ratio of 1.000000e+05 in 863 cells 

 Reversed flow on 589 faces of pressure-outlet 7.
   906  2.8321e-01  2.8725e-05  3.4180e-05  2.8073e-05  1.2981e-03  4.7246e-03  1.2498e-03  0:02:25   19

 turbulent viscosity limited to viscosity ratio of 1.000000e+05 in 862 cells 

 Reversed flow on 590 faces of pressure-outlet 7.
   907  2.8294e-01  2.8684e-05  3.4146e-05  2.8076e-05  1.2990e-03  4.6390e-03  1.2507e-03  0:02:18   18

 turbulent viscosity limited to viscosity ratio of 1.000000e+05 in 862 cells 

 Reversed flow on 585 faces of pressure-outlet 7.
   908  2.8278e-01  2.8651e-05  3.4111e-05  2.8079e-05  1.3015e-03  4.6137e-03  1.2515e-03  0:02:12   17

 turbulent viscosity limited to viscosity ratio of 1.000000e+05 in 862 cells 

 Reversed flow on 576 faces of pressure-outlet 7.
   909  2.8239e-01  2.8619e-05  3.4074e-05  2.8089e-05  1.3018e-03  4.4738e-03  1.2524e-03  0:02:05   16

 turbulent viscosity limited to viscosity ratio of 1.000000e+05 in 862 cells 

 Reversed flow on 578 faces of pressure-outlet 7.
   910  2.8233e-01  2.8574e-05  3.4046e-05  2.8088e-05  1.3023e-03  4.1447e-03  1.2533e-03  0:01:55   15

 turbulent viscosity limited to viscosity ratio of 1.000000e+05 in 862 cells 

 Reversed flow on 574 faces of pressure-outlet 7.

  iter  continuity  x-velocity  y-velocity  z-velocity           k     epsilon  vf-phase-2     time/iter
   911  2.8212e-01  2.8536e-05  3.4024e-05  2.8092e-05  1.3039e-03  4.4138e-03  1.2542e-03  0:01:48   14

 turbulent viscosity limited to viscosity ratio of 1.000000e+05 in 861 cells 

 Reversed flow on 582 faces of pressure-outlet 7.
   912  2.8184e-01  2.8498e-05  3.4009e-05  2.8098e-05  1.3059e-03  4.4951e-03  1.2552e-03  0:01:41   13

 turbulent viscosity limited to viscosity ratio of 1.000000e+05 in 860 cells 

 Reversed flow on 576 faces of pressure-outlet 7.
   913  2.8168e-01  2.8465e-05  3.3990e-05  2.8100e-05  1.3079e-03  4.6178e-03  1.2562e-03  0:01:34   12

 turbulent viscosity limited to viscosity ratio of 1.000000e+05 in 860 cells 

 Reversed flow on 571 faces of pressure-outlet 7.
   914  2.8148e-01  2.8434e-05  3.3975e-05  2.8104e-05  1.3098e-03  4.9272e-03  1.2578e-03  0:01:24   11

 turbulent viscosity limited to viscosity ratio of 1.000000e+05 in 860 cells 

 Reversed flow on 571 faces of pressure-outlet 7.
   915  2.8154e-01  2.8410e-05  3.3949e-05  2.8106e-05  1.3127e-03  5.0040e-03  1.2590e-03  0:01:17   10

 turbulent viscosity limited to viscosity ratio of 1.000000e+05 in 860 cells 

 Reversed flow on 575 faces of pressure-outlet 7.
   916  2.8137e-01  2.8382e-05  3.3933e-05  2.8103e-05  1.3141e-03  5.1032e-03  1.2600e-03  0:01:10    9

 turbulent viscosity limited to viscosity ratio of 1.000000e+05 in 860 cells 

 Reversed flow on 577 faces of pressure-outlet 7.
   917  2.8123e-01  2.8365e-05  3.3904e-05  2.8100e-05  1.3157e-03  4.7902e-03  1.2612e-03  0:01:03    8

 turbulent viscosity limited to viscosity ratio of 1.000000e+05 in 860 cells 

 Reversed flow on 567 faces of pressure-outlet 7.
   918  2.8132e-01  2.8335e-05  3.3878e-05  2.8095e-05  1.3177e-03  4.7749e-03  1.2623e-03  0:00:54    7

 turbulent viscosity limited to viscosity ratio of 1.000000e+05 in 860 cells 

 Reversed flow on 566 faces of pressure-outlet 7.
   919  2.8113e-01  2.8316e-05  3.3848e-05  2.8101e-05  1.3193e-03  5.0713e-03  1.2635e-03  0:00:46    6

 turbulent viscosity limited to viscosity ratio of 1.000000e+05 in 859 cells 

 Reversed flow on 575 faces of pressure-outlet 7.
   920  2.8115e-01  2.8297e-05  3.3832e-05  2.8094e-05  1.3217e-03  4.9965e-03  1.2647e-03  0:00:39    5

 turbulent viscosity limited to viscosity ratio of 1.000000e+05 in 858 cells 

 Reversed flow on 569 faces of pressure-outlet 7.
   921  2.8114e-01  2.8290e-05  3.3812e-05  2.8094e-05  1.3236e-03  5.0943e-03  1.2661e-03  0:00:31    4

 turbulent viscosity limited to viscosity ratio of 1.000000e+05 in 857 cells 

 Reversed flow on 575 faces of pressure-outlet 7.

  iter  continuity  x-velocity  y-velocity  z-velocity           k     epsilon  vf-phase-2     time/iter
   922  2.8090e-01  2.8285e-05  3.3786e-05  2.8085e-05  1.3250e-03  5.3455e-03  1.2672e-03  0:00:23    3

 turbulent viscosity limited to viscosity ratio of 1.000000e+05 in 857 cells 

 Reversed flow on 576 faces of pressure-outlet 7.
   923  2.8075e-01  2.8279e-05  3.3760e-05  2.8077e-05  1.3280e-03  6.7596e-03  1.2681e-03  0:00:15    2

 turbulent viscosity limited to viscosity ratio of 1.000000e+05 in 857 cells 

 Reversed flow on 587 faces of pressure-outlet 7.
   924  2.8070e-01  2.8284e-05  3.3741e-05  2.8084e-05  1.3292e-03  5.7940e-03  1.2691e-03  0:00:08    1

iterate_925: RPC returned
progress: 925/1500
 turbulent viscosity limited to viscosity ratio of 1.000000e+05 in 856 cells 

 Reversed flow on 586 faces of pressure-outlet 7.
   925  2.8108e-01  2.8289e-05  3.3712e-05  2.8079e-05  1.3301e-03  5.2133e-03  1.2703e-03  0:00:00    0

  iter  continuity  x-velocity  y-velocity  z-velocity           k     epsilon  vf-phase-2     time/iter
   925  2.8108e-01  2.8289e-05  3.3712e-05  2.8079e-05  1.3301e-03  5.2133e-03  1.2703e-03  0:03:16   25

 turbulent viscosity limited to viscosity ratio of 1.000000e+05 in 856 cells 

 Reversed flow on 582 faces of pressure-outlet 7.
   926  2.8087e-01  2.8296e-05  3.3688e-05  2.8086e-05  1.3342e-03  6.0749e-03  1.2716e-03  0:03:09   24

 turbulent viscosity limited to viscosity ratio of 1.000000e+05 in 856 cells 

 Reversed flow on 575 faces of pressure-outlet 7.
   927  2.8069e-01  2.8311e-05  3.3670e-05  2.8076e-05  1.3335e-03  5.5348e-03  1.2730e-03  0:03:01   23

 turbulent viscosity limited to viscosity ratio of 1.000000e+05 in 856 cells 

 Reversed flow on 577 faces of pressure-outlet 7.
   928  2.8059e-01  2.8312e-05  3.3649e-05  2.8079e-05  1.3351e-03  5.6962e-03  1.2742e-03  0:02:54   22

 turbulent viscosity limited to viscosity ratio of 1.000000e+05 in 856 cells 

 Reversed flow on 578 faces of pressure-outlet 7.
   929  2.8045e-01  2.8322e-05  3.3643e-05  2.8073e-05  1.3351e-03  4.9052e-03  1.2753e-03  0:02:42   21

 turbulent viscosity limited to viscosity ratio of 1.000000e+05 in 856 cells 

 Reversed flow on 590 faces of pressure-outlet 7.
   930  2.8050e-01  2.8334e-05  3.3639e-05  2.8062e-05  1.3364e-03  4.9205e-03  1.2766e-03  0:02:36   20

 turbulent viscosity limited to viscosity ratio of 1.000000e+05 in 856 cells 

 Reversed flow on 582 faces of pressure-outlet 7.
   931  2.8046e-01  2.8356e-05  3.3619e-05  2.8060e-05  1.3394e-03  5.5733e-03  1.2778e-03  0:02:29   19

 turbulent viscosity limited to viscosity ratio of 1.000000e+05 in 855 cells 

 Reversed flow on 583 faces of pressure-outlet 7.
   932  2.8028e-01  2.8384e-05  3.3603e-05  2.8035e-05  1.3400e-03  5.6499e-03  1.2789e-03  0:02:21   18

 turbulent viscosity limited to viscosity ratio of 1.000000e+05 in 856 cells 

 Reversed flow on 577 faces of pressure-outlet 7.
   933  2.7996e-01  2.8414e-05  3.3592e-05  2.8031e-05  1.3428e-03  5.6914e-03  1.2801e-03  0:02:11   17

 turbulent viscosity limited to viscosity ratio of 1.000000e+05 in 856 cells 

 Reversed flow on 580 faces of pressure-outlet 7.
   934  2.7996e-01  2.8444e-05  3.3567e-05  2.8021e-05  1.3419e-03  5.2125e-03  1.2811e-03  0:02:04   16

 turbulent viscosity limited to viscosity ratio of 1.000000e+05 in 854 cells 

 Reversed flow on 581 faces of pressure-outlet 7.
   935  2.7985e-01  2.8474e-05  3.3545e-05  2.8018e-05  1.3425e-03  5.3307e-03  1.2823e-03  0:01:57   15

 turbulent viscosity limited to viscosity ratio of 1.000000e+05 in 855 cells 

 Reversed flow on 579 faces of pressure-outlet 7.

  iter  continuity  x-velocity  y-velocity  z-velocity           k     epsilon  vf-phase-2     time/iter
   936  2.7982e-01  2.8500e-05  3.3521e-05  2.8004e-05  1.3433e-03  5.3174e-03  1.2832e-03  0:01:50   14

 turbulent viscosity limited to viscosity ratio of 1.000000e+05 in 855 cells 

 Reversed flow on 581 faces of pressure-outlet 7.
   937  2.7951e-01  2.8534e-05  3.3504e-05  2.7989e-05  1.3454e-03  5.7292e-03  1.2841e-03  0:01:40   13

 turbulent viscosity limited to viscosity ratio of 1.000000e+05 in 855 cells 

 Reversed flow on 581 faces of pressure-outlet 7.
   938  2.7952e-01  2.8579e-05  3.3484e-05  2.7960e-05  1.3441e-03  5.1818e-03  1.2850e-03  0:01:33   12

 turbulent viscosity limited to viscosity ratio of 1.000000e+05 in 855 cells 

 Reversed flow on 581 faces of pressure-outlet 7.
   939  2.7954e-01  2.8614e-05  3.3472e-05  2.7936e-05  1.3472e-03  5.9085e-03  1.2859e-03  0:01:26   11

 turbulent viscosity limited to viscosity ratio of 1.000000e+05 in 855 cells 

 Reversed flow on 582 faces of pressure-outlet 7.
   940  2.7959e-01  2.8659e-05  3.3463e-05  2.7921e-05  1.3479e-03  5.8741e-03  1.2868e-03  0:01:18   10

 turbulent viscosity limited to viscosity ratio of 1.000000e+05 in 855 cells 

 Reversed flow on 584 faces of pressure-outlet 7.
   941  2.7975e-01  2.8705e-05  3.3440e-05  2.7897e-05  1.3486e-03  5.4393e-03  1.2876e-03  0:01:09    9

 turbulent viscosity limited to viscosity ratio of 1.000000e+05 in 855 cells 

 Reversed flow on 581 faces of pressure-outlet 7.
   942  2.7955e-01  2.8742e-05  3.3408e-05  2.7869e-05  1.3491e-03  5.6741e-03  1.2885e-03  0:01:02    8

 turbulent viscosity limited to viscosity ratio of 1.000000e+05 in 855 cells 

 Reversed flow on 588 faces of pressure-outlet 7.
   943  2.7947e-01  2.8790e-05  3.3376e-05  2.7844e-05  1.3489e-03  6.0974e-03  1.2892e-03  0:00:55    7

 turbulent viscosity limited to viscosity ratio of 1.000000e+05 in 855 cells 

 Reversed flow on 585 faces of pressure-outlet 7.
   944  2.7962e-01  2.8838e-05  3.3356e-05  2.7823e-05  1.3555e-03  7.1137e-03  1.2898e-03  0:00:47    6

 turbulent viscosity limited to viscosity ratio of 1.000000e+05 in 855 cells 

 Reversed flow on 579 faces of pressure-outlet 7.
   945  2.7979e-01  2.8898e-05  3.3340e-05  2.7828e-05  1.3550e-03  6.6227e-03  1.2903e-03  0:00:38    5

 turbulent viscosity limited to viscosity ratio of 1.000000e+05 in 856 cells 

 Reversed flow on 587 faces of pressure-outlet 7.
   946  2.8031e-01  2.8958e-05  3.3311e-05  2.7829e-05  1.3542e-03  6.3248e-03  1.2908e-03  0:00:31    4

 turbulent viscosity limited to viscosity ratio of 1.000000e+05 in 856 cells 

 Reversed flow on 579 faces of pressure-outlet 7.

  iter  continuity  x-velocity  y-velocity  z-velocity           k     epsilon  vf-phase-2     time/iter
   947  2.8023e-01  2.9016e-05  3.3280e-05  2.7810e-05  1.3537e-03  5.8059e-03  1.2912e-03  0:00:23    3

 turbulent viscosity limited to viscosity ratio of 1.000000e+05 in 856 cells 

 Reversed flow on 583 faces of pressure-outlet 7.
   948  2.8009e-01  2.9076e-05  3.3233e-05  2.7799e-05  1.3520e-03  5.2855e-03  1.2915e-03  0:00:15    2

 turbulent viscosity limited to viscosity ratio of 1.000000e+05 in 856 cells 

 Reversed flow on 584 faces of pressure-outlet 7.
   949  2.8001e-01  2.9127e-05  3.3187e-05  2.7782e-05  1.3522e-03  5.6715e-03  1.2917e-03  0:00:08    1

 turbulent viscosity limited to viscosity ratio of 1.000000e+05 in 856 cells 

 Reversed flow on 595 faces of pressure-outlet 7.
   950  2.7997e-01  2.9187e-05  3.3149e-05  2.7768e-05  1.3521e-03  5.1929e-03  1.2919e-03  0:00:00    0
iterate_950: RPC returned
progress: 950/1500

  iter  continuity  x-velocity  y-velocity  z-velocity           k     epsilon  vf-phase-2     time/iter
   950  2.7997e-01  2.9187e-05  3.3149e-05  2.7768e-05  1.3521e-03  5.1929e-03  1.2919e-03  0:03:14   25

 turbulent viscosity limited to viscosity ratio of 1.000000e+05 in 856 cells 

 Reversed flow on 594 faces of pressure-outlet 7.
   951  2.7973e-01  2.9235e-05  3.3113e-05  2.7750e-05  1.3536e-03  5.7341e-03  1.2920e-03  0:03:07   24

 turbulent viscosity limited to viscosity ratio of 1.000000e+05 in 856 cells 

 Reversed flow on 584 faces of pressure-outlet 7.
   952  2.7971e-01  2.9290e-05  3.3078e-05  2.7744e-05  1.3536e-03  5.9414e-03  1.2920e-03  0:03:00   23

 turbulent viscosity limited to viscosity ratio of 1.000000e+05 in 856 cells 

 Reversed flow on 588 faces of pressure-outlet 7.
   953  2.7932e-01  2.9339e-05  3.3026e-05  2.7734e-05  1.3542e-03  5.8920e-03  1.2919e-03  0:02:53   22

 turbulent viscosity limited to viscosity ratio of 1.000000e+05 in 856 cells 

 Reversed flow on 593 faces of pressure-outlet 7.
   954  2.7895e-01  2.9392e-05  3.2978e-05  2.7726e-05  1.3553e-03  6.4753e-03  1.2918e-03  0:02:46   21

 turbulent viscosity limited to viscosity ratio of 1.000000e+05 in 856 cells 

 Reversed flow on 600 faces of pressure-outlet 7.
   955  2.7868e-01  2.9442e-05  3.2927e-05  2.7713e-05  1.3546e-03  6.8725e-03  1.2915e-03  0:02:34   20

 turbulent viscosity limited to viscosity ratio of 1.000000e+05 in 856 cells 

 Reversed flow on 609 faces of pressure-outlet 7.
   956  2.7856e-01  2.9473e-05  3.2882e-05  2.7712e-05  1.3524e-03  6.7769e-03  1.2910e-03  0:02:28   19

 turbulent viscosity limited to viscosity ratio of 1.000000e+05 in 855 cells 

 Reversed flow on 608 faces of pressure-outlet 7.
   957  2.7795e-01  2.9506e-05  3.2820e-05  2.7713e-05  1.3517e-03  6.2246e-03  1.2907e-03  0:02:21   18

 turbulent viscosity limited to viscosity ratio of 1.000000e+05 in 855 cells 

 Reversed flow on 605 faces of pressure-outlet 7.
   958  2.7751e-01  2.9540e-05  3.2756e-05  2.7707e-05  1.3472e-03  5.4847e-03  1.2903e-03  0:02:14   17

 turbulent viscosity limited to viscosity ratio of 1.000000e+05 in 855 cells 

 Reversed flow on 613 faces of pressure-outlet 7.
   959  2.7724e-01  2.9585e-05  3.2693e-05  2.7704e-05  1.3454e-03  5.8408e-03  1.2896e-03  0:02:06   16

 turbulent viscosity limited to viscosity ratio of 1.000000e+05 in 855 cells 

 Reversed flow on 605 faces of pressure-outlet 7.
   960  2.7681e-01  2.9613e-05  3.2645e-05  2.7706e-05  1.3433e-03  5.6431e-03  1.2889e-03  0:01:59   15

 turbulent viscosity limited to viscosity ratio of 1.000000e+05 in 854 cells 

 Reversed flow on 615 faces of pressure-outlet 7.

  iter  continuity  x-velocity  y-velocity  z-velocity           k     epsilon  vf-phase-2     time/iter
   961  2.7604e-01  2.9646e-05  3.2597e-05  2.7723e-05  1.3388e-03  5.2922e-03  1.2882e-03  0:01:48   14

 turbulent viscosity limited to viscosity ratio of 1.000000e+05 in 854 cells 

 Reversed flow on 610 faces of pressure-outlet 7.
   962  2.7580e-01  2.9686e-05  3.2548e-05  2.7728e-05  1.3397e-03  6.6226e-03  1.2876e-03  0:01:41   13

 turbulent viscosity limited to viscosity ratio of 1.000000e+05 in 854 cells 

 Reversed flow on 618 faces of pressure-outlet 7.
   963  2.7547e-01  2.9707e-05  3.2514e-05  2.7748e-05  1.3384e-03  5.8175e-03  1.2868e-03  0:01:34   12

 turbulent viscosity limited to viscosity ratio of 1.000000e+05 in 854 cells 

 Reversed flow on 623 faces of pressure-outlet 7.
   964  2.7517e-01  2.9735e-05  3.2472e-05  2.7769e-05  1.3359e-03  6.2314e-03  1.2861e-03  0:01:24   11

 turbulent viscosity limited to viscosity ratio of 1.000000e+05 in 854 cells 

 Reversed flow on 607 faces of pressure-outlet 7.
   965  2.7489e-01  2.9755e-05  3.2432e-05  2.7802e-05  1.3312e-03  5.7201e-03  1.2853e-03  0:01:17   10

 turbulent viscosity limited to viscosity ratio of 1.000000e+05 in 853 cells 

 Reversed flow on 623 faces of pressure-outlet 7.
   966  2.7496e-01  2.9780e-05  3.2396e-05  2.7831e-05  1.3292e-03  5.9454e-03  1.2845e-03  0:01:10    9

 turbulent viscosity limited to viscosity ratio of 1.000000e+05 in 853 cells 

 Reversed flow on 624 faces of pressure-outlet 7.
   967  2.7496e-01  2.9799e-05  3.2359e-05  2.7864e-05  1.3257e-03  5.8975e-03  1.2836e-03  0:01:03    8

 turbulent viscosity limited to viscosity ratio of 1.000000e+05 in 853 cells 

 Reversed flow on 626 faces of pressure-outlet 7.
   968  2.7468e-01  2.9820e-05  3.2313e-05  2.7899e-05  1.3223e-03  6.0448e-03  1.2827e-03  0:00:55    7

 turbulent viscosity limited to viscosity ratio of 1.000000e+05 in 852 cells 

 Reversed flow on 634 faces of pressure-outlet 7.
   969  2.7413e-01  2.9835e-05  3.2269e-05  2.7930e-05  1.3183e-03  5.7813e-03  1.2816e-03  0:00:46    6

 turbulent viscosity limited to viscosity ratio of 1.000000e+05 in 852 cells 

 Reversed flow on 637 faces of pressure-outlet 7.
   970  2.7392e-01  2.9852e-05  3.2234e-05  2.7966e-05  1.3144e-03  5.5918e-03  1.2805e-03  0:00:39    5

 turbulent viscosity limited to viscosity ratio of 1.000000e+05 in 852 cells 

 Reversed flow on 638 faces of pressure-outlet 7.
   971  2.7395e-01  2.9865e-05  3.2207e-05  2.8019e-05  1.3102e-03  5.2375e-03  1.2794e-03  0:00:31    4

 turbulent viscosity limited to viscosity ratio of 1.000000e+05 in 852 cells 

 Reversed flow on 630 faces of pressure-outlet 7.

  iter  continuity  x-velocity  y-velocity  z-velocity           k     epsilon  vf-phase-2     time/iter
   972  2.7394e-01  2.9877e-05  3.2188e-05  2.8064e-05  1.3076e-03  5.9384e-03  1.2786e-03  0:00:23    3

 turbulent viscosity limited to viscosity ratio of 1.000000e+05 in 852 cells 

 Reversed flow on 632 faces of pressure-outlet 7.
   973  2.7374e-01  2.9878e-05  3.2171e-05  2.8121e-05  1.3076e-03  7.5569e-03  1.2777e-03  0:00:15    2

 turbulent viscosity limited to viscosity ratio of 1.000000e+05 in 852 cells 

 Reversed flow on 637 faces of pressure-outlet 7.
   974  2.7371e-01  2.9883e-05  3.2157e-05  2.8177e-05  1.3063e-03  6.9726e-03  1.2768e-03  0:00:08    1

 turbulent viscosity limited to viscosity ratio of 1.000000e+05 in 852 cells 

 Reversed flow on 639 faces of pressure-outlet 7.
   975  2.7355e-01  2.9882e-05  3.2150e-05  2.8230e-05  1.3007e-03  6.9424e-03  1.2760e-03  0:00:00    0
iterate_975: RPC returned
progress: 975/1500

  iter  continuity  x-velocity  y-velocity  z-velocity           k     epsilon  vf-phase-2     time/iter
   975  2.7355e-01  2.9882e-05  3.2150e-05  2.8230e-05  1.3007e-03  6.9424e-03  1.2760e-03  0:03:15   25

 turbulent viscosity limited to viscosity ratio of 1.000000e+05 in 851 cells 

 Reversed flow on 641 faces of pressure-outlet 7.
   976  2.7340e-01  2.9885e-05  3.2133e-05  2.8275e-05  1.2980e-03  6.3720e-03  1.2752e-03  0:03:08   24

 turbulent viscosity limited to viscosity ratio of 1.000000e+05 in 851 cells 

 Reversed flow on 645 faces of pressure-outlet 7.
   977  2.7347e-01  2.9898e-05  3.2110e-05  2.8331e-05  1.2956e-03  6.6009e-03  1.2743e-03  0:03:01   23

 turbulent viscosity limited to viscosity ratio of 1.000000e+05 in 851 cells 

 Reversed flow on 641 faces of pressure-outlet 7.
   978  2.7335e-01  2.9888e-05  3.2088e-05  2.8382e-05  1.2906e-03  5.7271e-03  1.2734e-03  0:02:54   22

 turbulent viscosity limited to viscosity ratio of 1.000000e+05 in 851 cells 

 Reversed flow on 651 faces of pressure-outlet 7.
   979  2.7322e-01  2.9892e-05  3.2069e-05  2.8437e-05  1.2872e-03  6.0393e-03  1.2725e-03  0:02:46   21

 turbulent viscosity limited to viscosity ratio of 1.000000e+05 in 851 cells 

 Reversed flow on 656 faces of pressure-outlet 7.
   980  2.7315e-01  2.9874e-05  3.2052e-05  2.8491e-05  1.2837e-03  5.7072e-03  1.2714e-03  0:02:39   20

 turbulent viscosity limited to viscosity ratio of 1.000000e+05 in 851 cells 

 Reversed flow on 652 faces of pressure-outlet 7.
   981  2.7326e-01  2.9863e-05  3.2037e-05  2.8555e-05  1.2823e-03  6.2806e-03  1.2705e-03  0:02:31   19

 turbulent viscosity limited to viscosity ratio of 1.000000e+05 in 851 cells 

 Reversed flow on 659 faces of pressure-outlet 7.
   982  2.7345e-01  2.9861e-05  3.2018e-05  2.8602e-05  1.2814e-03  6.6040e-03  1.2695e-03  0:02:20   18

 turbulent viscosity limited to viscosity ratio of 1.000000e+05 in 852 cells 

 Reversed flow on 656 faces of pressure-outlet 7.
   983  2.7337e-01  2.9854e-05  3.1999e-05  2.8655e-05  1.2743e-03  5.5994e-03  1.2686e-03  0:02:13   17

 turbulent viscosity limited to viscosity ratio of 1.000000e+05 in 852 cells 

 Reversed flow on 657 faces of pressure-outlet 7.
   984  2.7356e-01  2.9832e-05  3.1989e-05  2.8708e-05  1.2738e-03  6.2691e-03  1.2677e-03  0:02:06   16

 turbulent viscosity limited to viscosity ratio of 1.000000e+05 in 851 cells 

 Reversed flow on 658 faces of pressure-outlet 7.
   985  2.7371e-01  2.9827e-05  3.1973e-05  2.8768e-05  1.2688e-03  6.1731e-03  1.2667e-03  0:01:58   15

 turbulent viscosity limited to viscosity ratio of 1.000000e+05 in 852 cells 

 Reversed flow on 653 faces of pressure-outlet 7.

  iter  continuity  x-velocity  y-velocity  z-velocity           k     epsilon  vf-phase-2     time/iter
   986  2.7377e-01  2.9813e-05  3.1954e-05  2.8809e-05  1.2638e-03  5.8923e-03  1.2657e-03  0:01:48   14

 turbulent viscosity limited to viscosity ratio of 1.000000e+05 in 852 cells 

 Reversed flow on 663 faces of pressure-outlet 7.
   987  2.7386e-01  2.9798e-05  3.1941e-05  2.8852e-05  1.2641e-03  7.0572e-03  1.2648e-03  0:01:41   13

 turbulent viscosity limited to viscosity ratio of 1.000000e+05 in 850 cells 

 Reversed flow on 671 faces of pressure-outlet 7.
   988  2.7399e-01  2.9782e-05  3.1918e-05  2.8898e-05  1.2593e-03  6.3814e-03  1.2638e-03  0:01:34   12

 turbulent viscosity limited to viscosity ratio of 1.000000e+05 in 850 cells 

 Reversed flow on 667 faces of pressure-outlet 7.
   989  2.7432e-01  2.9762e-05  3.1894e-05  2.8921e-05  1.2570e-03  6.7153e-03  1.2627e-03  0:01:26   11

 turbulent viscosity limited to viscosity ratio of 1.000000e+05 in 849 cells 

 Reversed flow on 667 faces of pressure-outlet 7.
   990  2.7437e-01  2.9740e-05  3.1879e-05  2.8966e-05  1.2534e-03  6.2892e-03  1.2617e-03  0:01:17   10

 turbulent viscosity limited to viscosity ratio of 1.000000e+05 in 848 cells 

 Reversed flow on 666 faces of pressure-outlet 7.
   991  2.7436e-01  2.9716e-05  3.1850e-05  2.8996e-05  1.2505e-03  7.2739e-03  1.2605e-03  0:01:10    9

 turbulent viscosity limited to viscosity ratio of 1.000000e+05 in 847 cells 

 Reversed flow on 670 faces of pressure-outlet 7.
   992  2.7431e-01  2.9696e-05  3.1823e-05  2.9028e-05  1.2466e-03  6.7612e-03  1.2594e-03  0:01:02    8

 turbulent viscosity limited to viscosity ratio of 1.000000e+05 in 847 cells 

 Reversed flow on 671 faces of pressure-outlet 7.
   993  2.7418e-01  2.9675e-05  3.1787e-05  2.9049e-05  1.2412e-03  6.5687e-03  1.2581e-03  0:00:55    7

 turbulent viscosity limited to viscosity ratio of 1.000000e+05 in 847 cells 

 Reversed flow on 678 faces of pressure-outlet 7.
   994  2.7417e-01  2.9631e-05  3.1749e-05  2.9066e-05  1.2364e-03  6.0918e-03  1.2567e-03  0:00:46    6

 turbulent viscosity limited to viscosity ratio of 1.000000e+05 in 846 cells 

 Reversed flow on 675 faces of pressure-outlet 7.
   995  2.7432e-01  2.9602e-05  3.1711e-05  2.9087e-05  1.2336e-03  6.3877e-03  1.2553e-03  0:00:39    5

 turbulent viscosity limited to viscosity ratio of 1.000000e+05 in 846 cells 

 Reversed flow on 687 faces of pressure-outlet 7.
   996  2.7440e-01  2.9596e-05  3.1681e-05  2.9106e-05  1.2317e-03  7.0745e-03  1.2537e-03  0:00:31    4

 turbulent viscosity limited to viscosity ratio of 1.000000e+05 in 846 cells 

 Reversed flow on 691 faces of pressure-outlet 7.

  iter  continuity  x-velocity  y-velocity  z-velocity           k     epsilon  vf-phase-2     time/iter
   997  2.7454e-01  2.9582e-05  3.1638e-05  2.9114e-05  1.2267e-03  6.3831e-03  1.2521e-03  0:00:23    3

 turbulent viscosity limited to viscosity ratio of 1.000000e+05 in 848 cells 

 Reversed flow on 683 faces of pressure-outlet 7.
   998  2.7468e-01  2.9561e-05  3.1580e-05  2.9123e-05  1.2225e-03  6.3382e-03  1.2503e-03  0:00:15    2

 turbulent viscosity limited to viscosity ratio of 1.000000e+05 in 848 cells 

 Reversed flow on 683 faces of pressure-outlet 7.
   999  2.7454e-01  2.9525e-05  3.1521e-05  2.9127e-05  1.2196e-03  6.4580e-03  1.2487e-03  0:00:08    1

 turbulent viscosity limited to viscosity ratio of 1.000000e+05 in 848 cells 

 Reversed flow on 684 faces of pressure-outlet 7.
  1000  2.7454e-01  2.9493e-05  3.1477e-05  2.9138e-05  1.2175e-03  6.7673e-03  1.2470e-03  0:00:00    0
iterate_1000: RPC returned
progress: 1000/1500

  iter  continuity  x-velocity  y-velocity  z-velocity           k     epsilon  vf-phase-2     time/iter
  1000  2.7454e-01  2.9493e-05  3.1477e-05  2.9138e-05  1.2175e-03  6.7673e-03  1.2470e-03  0:03:15   25

 turbulent viscosity limited to viscosity ratio of 1.000000e+05 in 848 cells 

 Reversed flow on 676 faces of pressure-outlet 7.
  1001  2.7458e-01  2.9488e-05  3.1438e-05  2.9143e-05  1.2149e-03  6.5240e-03  1.2451e-03  0:03:08   24

 turbulent viscosity limited to viscosity ratio of 1.000000e+05 in 848 cells 

 Reversed flow on 685 faces of pressure-outlet 7.
  1002  2.7445e-01  2.9452e-05  3.1386e-05  2.9132e-05  1.2107e-03  6.4811e-03  1.2433e-03  0:03:01   23

 turbulent viscosity limited to viscosity ratio of 1.000000e+05 in 848 cells 

 Reversed flow on 683 faces of pressure-outlet 7.
  1003  2.7424e-01  2.9430e-05  3.1334e-05  2.9127e-05  1.2087e-03  6.6237e-03  1.2414e-03  0:02:54   22

 turbulent viscosity limited to viscosity ratio of 1.000000e+05 in 848 cells 

 Reversed flow on 690 faces of pressure-outlet 7.
  1004  2.7442e-01  2.9409e-05  3.1278e-05  2.9125e-05  1.2062e-03  6.3916e-03  1.2395e-03  0:02:46   21

 turbulent viscosity limited to viscosity ratio of 1.000000e+05 in 848 cells 

 Reversed flow on 690 faces of pressure-outlet 7.
  1005  2.7438e-01  2.9387e-05  3.1218e-05  2.9119e-05  1.2003e-03  5.7143e-03  1.2375e-03  0:02:35   20

 turbulent viscosity limited to viscosity ratio of 1.000000e+05 in 848 cells 

 Reversed flow on 679 faces of pressure-outlet 7.
  1006  2.7437e-01  2.9365e-05  3.1160e-05  2.9117e-05  1.1994e-03  6.8289e-03  1.2353e-03  0:02:28   19

 turbulent viscosity limited to viscosity ratio of 1.000000e+05 in 847 cells 

 Reversed flow on 689 faces of pressure-outlet 7.
  1007  2.7416e-01  2.9350e-05  3.1108e-05  2.9115e-05  1.1951e-03  6.1162e-03  1.2332e-03  0:02:21   18

 turbulent viscosity limited to viscosity ratio of 1.000000e+05 in 847 cells 

 Reversed flow on 693 faces of pressure-outlet 7.
  1008  2.7440e-01  2.9332e-05  3.1052e-05  2.9115e-05  1.1936e-03  6.3694e-03  1.2310e-03  0:02:14   17

 turbulent viscosity limited to viscosity ratio of 1.000000e+05 in 846 cells 

 Reversed flow on 691 faces of pressure-outlet 7.
  1009  2.7473e-01  2.9311e-05  3.0991e-05  2.9124e-05  1.1895e-03  5.7398e-03  1.2288e-03  0:02:03   16

 turbulent viscosity limited to viscosity ratio of 1.000000e+05 in 846 cells 

 Reversed flow on 690 faces of pressure-outlet 7.
  1010  2.7459e-01  2.9291e-05  3.0932e-05  2.9120e-05  1.1895e-03  6.6477e-03  1.2266e-03  0:01:56   15

 turbulent viscosity limited to viscosity ratio of 1.000000e+05 in 845 cells 

 Reversed flow on 691 faces of pressure-outlet 7.

  iter  continuity  x-velocity  y-velocity  z-velocity           k     epsilon  vf-phase-2     time/iter
  1011  2.7489e-01  2.9276e-05  3.0884e-05  2.9106e-05  1.1867e-03  6.2163e-03  1.2244e-03  0:01:49   14

 turbulent viscosity limited to viscosity ratio of 1.000000e+05 in 845 cells 

 Reversed flow on 692 faces of pressure-outlet 7.
  1012  2.7483e-01  2.9266e-05  3.0826e-05  2.9102e-05  1.1859e-03  6.6194e-03  1.2220e-03  0:01:39   13

 turbulent viscosity limited to viscosity ratio of 1.000000e+05 in 844 cells 

 Reversed flow on 692 faces of pressure-outlet 7.
  1013  2.7485e-01  2.9253e-05  3.0784e-05  2.9106e-05  1.1819e-03  6.1650e-03  1.2195e-03  0:01:33   12

 turbulent viscosity limited to viscosity ratio of 1.000000e+05 in 844 cells 

 Reversed flow on 700 faces of pressure-outlet 7.
  1014  2.7469e-01  2.9239e-05  3.0737e-05  2.9106e-05  1.1804e-03  6.4342e-03  1.2169e-03  0:01:25   11

 turbulent viscosity limited to viscosity ratio of 1.000000e+05 in 844 cells 

 Reversed flow on 704 faces of pressure-outlet 7.
  1015  2.7461e-01  2.9234e-05  3.0685e-05  2.9105e-05  1.1761e-03  5.8159e-03  1.2144e-03  0:01:18   10

 turbulent viscosity limited to viscosity ratio of 1.000000e+05 in 843 cells 

 Reversed flow on 707 faces of pressure-outlet 7.
  1016  2.7459e-01  2.9225e-05  3.0635e-05  2.9101e-05  1.1761e-03  5.9635e-03  1.2118e-03  0:01:09    9

 turbulent viscosity limited to viscosity ratio of 1.000000e+05 in 841 cells 

 Reversed flow on 696 faces of pressure-outlet 7.
  1017  2.7439e-01  2.9226e-05  3.0583e-05  2.9099e-05  1.1766e-03  6.9408e-03  1.2091e-03  0:01:02    8

 turbulent viscosity limited to viscosity ratio of 1.000000e+05 in 842 cells 

 Reversed flow on 696 faces of pressure-outlet 7.
  1018  2.7466e-01  2.9225e-05  3.0542e-05  2.9102e-05  1.1746e-03  7.1034e-03  1.2064e-03  0:00:54    7

 turbulent viscosity limited to viscosity ratio of 1.000000e+05 in 842 cells 

 Reversed flow on 697 faces of pressure-outlet 7.
  1019  2.7474e-01  2.9225e-05  3.0494e-05  2.9098e-05  1.1756e-03  7.7576e-03  1.2037e-03  0:00:47    6

 turbulent viscosity limited to viscosity ratio of 1.000000e+05 in 842 cells 

 Reversed flow on 698 faces of pressure-outlet 7.
  1020  2.7493e-01  2.9240e-05  3.0462e-05  2.9101e-05  1.1744e-03  6.7235e-03  1.2010e-03  0:00:38    5

 turbulent viscosity limited to viscosity ratio of 1.000000e+05 in 842 cells 

 Reversed flow on 700 faces of pressure-outlet 7.
  1021  2.7489e-01  2.9253e-05  3.0436e-05  2.9108e-05  1.1722e-03  6.3743e-03  1.1981e-03  0:00:31    4

 turbulent viscosity limited to viscosity ratio of 1.000000e+05 in 841 cells 

 Reversed flow on 697 faces of pressure-outlet 7.

  iter  continuity  x-velocity  y-velocity  z-velocity           k     epsilon  vf-phase-2     time/iter
  1022  2.7487e-01  2.9264e-05  3.0404e-05  2.9114e-05  1.1703e-03  5.8902e-03  1.1952e-03  0:00:23    3

 turbulent viscosity limited to viscosity ratio of 1.000000e+05 in 841 cells 

 Reversed flow on 692 faces of pressure-outlet 7.
  1023  2.7520e-01  2.9280e-05  3.0374e-05  2.9126e-05  1.1669e-03  5.3839e-03  1.1923e-03  0:00:16    2

 turbulent viscosity limited to viscosity ratio of 1.000000e+05 in 841 cells 

 Reversed flow on 690 faces of pressure-outlet 7.
  1024  2.7535e-01  2.9306e-05  3.0341e-05  2.9142e-05  1.1681e-03  5.8589e-03  1.1894e-03  0:00:08    1

 turbulent viscosity limited to viscosity ratio of 1.000000e+05 in 841 cells 

 Reversed flow on 693 faces of pressure-outlet 7.
  1025  2.7550e-01  2.9330e-05  3.0318e-05  2.9154e-05  1.1693e-03  5.9047e-03  1.1865e-03  0:00:00    0
iterate_1025: RPC returned
progress: 1025/1500

  iter  continuity  x-velocity  y-velocity  z-velocity           k     epsilon  vf-phase-2     time/iter
  1025  2.7550e-01  2.9330e-05  3.0318e-05  2.9154e-05  1.1693e-03  5.9047e-03  1.1865e-03  0:03:12   25

 turbulent viscosity limited to viscosity ratio of 1.000000e+05 in 842 cells 

 Reversed flow on 700 faces of pressure-outlet 7.
  1026  2.7550e-01  2.9357e-05  3.0287e-05  2.9159e-05  1.1702e-03  5.7964e-03  1.1835e-03  0:03:06   24

 turbulent viscosity limited to viscosity ratio of 1.000000e+05 in 842 cells 

 Reversed flow on 703 faces of pressure-outlet 7.
  1027  2.7577e-01  2.9401e-05  3.0269e-05  2.9173e-05  1.1715e-03  6.0174e-03  1.1806e-03  0:02:59   23

 turbulent viscosity limited to viscosity ratio of 1.000000e+05 in 842 cells 

 Reversed flow on 700 faces of pressure-outlet 7.
  1028  2.7610e-01  2.9452e-05  3.0255e-05  2.9196e-05  1.1709e-03  5.6295e-03  1.1777e-03  0:02:48   22

 turbulent viscosity limited to viscosity ratio of 1.000000e+05 in 842 cells 

 Reversed flow on 703 faces of pressure-outlet 7.
  1029  2.7618e-01  2.9500e-05  3.0244e-05  2.9209e-05  1.1738e-03  6.3714e-03  1.1748e-03  0:02:42   21

 turbulent viscosity limited to viscosity ratio of 1.000000e+05 in 842 cells 

 Reversed flow on 697 faces of pressure-outlet 7.
  1030  2.7629e-01  2.9550e-05  3.0239e-05  2.9228e-05  1.1735e-03  5.9711e-03  1.1719e-03  0:02:35   20

 turbulent viscosity limited to viscosity ratio of 1.000000e+05 in 842 cells 

 Reversed flow on 691 faces of pressure-outlet 7.
  1031  2.7652e-01  2.9597e-05  3.0236e-05  2.9255e-05  1.1785e-03  6.5273e-03  1.1691e-03  0:02:29   19

 turbulent viscosity limited to viscosity ratio of 1.000000e+05 in 843 cells 

 Reversed flow on 696 faces of pressure-outlet 7.
  1032  2.7701e-01  2.9638e-05  3.0240e-05  2.9282e-05  1.1777e-03  6.0288e-03  1.1664e-03  0:02:18   18

 turbulent viscosity limited to viscosity ratio of 1.000000e+05 in 843 cells 

 Reversed flow on 700 faces of pressure-outlet 7.
  1033  2.7729e-01  2.9684e-05  3.0241e-05  2.9299e-05  1.1777e-03  6.3521e-03  1.1636e-03  0:02:11   17

 turbulent viscosity limited to viscosity ratio of 1.000000e+05 in 844 cells 

 Reversed flow on 701 faces of pressure-outlet 7.
  1034  2.7751e-01  2.9732e-05  3.0247e-05  2.9325e-05  1.1840e-03  7.9762e-03  1.1609e-03  0:02:04   16

 turbulent viscosity limited to viscosity ratio of 1.000000e+05 in 844 cells 

 Reversed flow on 705 faces of pressure-outlet 7.
  1035  2.7780e-01  2.9777e-05  3.0255e-05  2.9362e-05  1.1849e-03  6.6561e-03  1.1582e-03  0:01:57   15

 turbulent viscosity limited to viscosity ratio of 1.000000e+05 in 843 cells 

 Reversed flow on 705 faces of pressure-outlet 7.

  iter  continuity  x-velocity  y-velocity  z-velocity           k     epsilon  vf-phase-2     time/iter
  1036  2.7819e-01  2.9843e-05  3.0255e-05  2.9378e-05  1.1848e-03  6.5241e-03  1.1555e-03  0:01:47   14

 turbulent viscosity limited to viscosity ratio of 1.000000e+05 in 843 cells 

 Reversed flow on 698 faces of pressure-outlet 7.
  1037  2.7837e-01  2.9891e-05  3.0264e-05  2.9405e-05  1.1852e-03  6.0562e-03  1.1528e-03  0:01:40   13

 turbulent viscosity limited to viscosity ratio of 1.000000e+05 in 843 cells 

 Reversed flow on 697 faces of pressure-outlet 7.
  1038  2.7845e-01  2.9949e-05  3.0269e-05  2.9429e-05  1.1875e-03  6.8919e-03  1.1501e-03  0:01:33   12

 turbulent viscosity limited to viscosity ratio of 1.000000e+05 in 843 cells 

 Reversed flow on 703 faces of pressure-outlet 7.
  1039  2.7863e-01  2.9994e-05  3.0274e-05  2.9449e-05  1.1886e-03  6.3477e-03  1.1476e-03  0:01:26   11

 turbulent viscosity limited to viscosity ratio of 1.000000e+05 in 843 cells 

 Reversed flow on 705 faces of pressure-outlet 7.
  1040  2.7878e-01  3.0042e-05  3.0269e-05  2.9454e-05  1.1895e-03  6.0801e-03  1.1451e-03  0:01:17   10

 turbulent viscosity limited to viscosity ratio of 1.000000e+05 in 843 cells 

 Reversed flow on 706 faces of pressure-outlet 7.
  1041  2.7876e-01  3.0094e-05  3.0273e-05  2.9460e-05  1.1898e-03  5.6477e-03  1.1427e-03  0:01:10    9

 turbulent viscosity limited to viscosity ratio of 1.000000e+05 in 842 cells 

 Reversed flow on 705 faces of pressure-outlet 7.
  1042  2.7872e-01  3.0139e-05  3.0276e-05  2.9473e-05  1.1924e-03  6.0752e-03  1.1404e-03  0:01:02    8

 turbulent viscosity limited to viscosity ratio of 1.000000e+05 in 842 cells 

 Reversed flow on 699 faces of pressure-outlet 7.
  1043  2.7867e-01  3.0189e-05  3.0274e-05  2.9473e-05  1.1920e-03  5.6229e-03  1.1382e-03  0:00:55    7

 turbulent viscosity limited to viscosity ratio of 1.000000e+05 in 841 cells 

 Reversed flow on 711 faces of pressure-outlet 7.
  1044  2.7875e-01  3.0243e-05  3.0284e-05  2.9476e-05  1.1943e-03  5.3522e-03  1.1360e-03  0:00:46    6

 turbulent viscosity limited to viscosity ratio of 1.000000e+05 in 841 cells 

 Reversed flow on 700 faces of pressure-outlet 7.
  1045  2.7886e-01  3.0283e-05  3.0292e-05  2.9479e-05  1.1962e-03  5.4088e-03  1.1339e-03  0:00:39    5

 turbulent viscosity limited to viscosity ratio of 1.000000e+05 in 841 cells 

 Reversed flow on 703 faces of pressure-outlet 7.
  1046  2.7912e-01  3.0334e-05  3.0305e-05  2.9476e-05  1.1979e-03  5.3876e-03  1.1319e-03  0:00:31    4

 turbulent viscosity limited to viscosity ratio of 1.000000e+05 in 841 cells 

 Reversed flow on 704 faces of pressure-outlet 7.

  iter  continuity  x-velocity  y-velocity  z-velocity           k     epsilon  vf-phase-2     time/iter
  1047  2.7927e-01  3.0374e-05  3.0309e-05  2.9477e-05  1.2005e-03  5.5408e-03  1.1299e-03  0:00:23    3

 turbulent viscosity limited to viscosity ratio of 1.000000e+05 in 841 cells 

 Reversed flow on 704 faces of pressure-outlet 7.
  1048  2.7927e-01  3.0422e-05  3.0307e-05  2.9469e-05  1.2010e-03  4.9650e-03  1.1280e-03  0:00:15    2

 turbulent viscosity limited to viscosity ratio of 1.000000e+05 in 841 cells 

 Reversed flow on 702 faces of pressure-outlet 7.
  1049  2.7927e-01  3.0457e-05  3.0304e-05  2.9457e-05  1.2049e-03  5.5253e-03  1.1261e-03  0:00:08    1

 turbulent viscosity limited to viscosity ratio of 1.000000e+05 in 841 cells 

 Reversed flow on 700 faces of pressure-outlet 7.
  1050  2.7889e-01  3.0491e-05  3.0292e-05  2.9453e-05  1.2066e-03  5.8914e-03  1.1243e-03  0:00:00    0
iterate_1050: RPC returned
progress: 1050/1500

  iter  continuity  x-velocity  y-velocity  z-velocity           k     epsilon  vf-phase-2     time/iter
  1050  2.7889e-01  3.0491e-05  3.0292e-05  2.9453e-05  1.2066e-03  5.8914e-03  1.1243e-03  0:03:15   25

 turbulent viscosity limited to viscosity ratio of 1.000000e+05 in 842 cells 

 Reversed flow on 710 faces of pressure-outlet 7.
  1051  2.7924e-01  3.0521e-05  3.0296e-05  2.9429e-05  1.2074e-03  5.2653e-03  1.1226e-03  0:03:13   24

 turbulent viscosity limited to viscosity ratio of 1.000000e+05 in 842 cells 

 Reversed flow on 708 faces of pressure-outlet 7.
  1052  2.7935e-01  3.0554e-05  3.0289e-05  2.9407e-05  1.2113e-03  6.4940e-03  1.1210e-03  0:03:00   23

 turbulent viscosity limited to viscosity ratio of 1.000000e+05 in 841 cells 

 Reversed flow on 698 faces of pressure-outlet 7.
  1053  2.7937e-01  3.0580e-05  3.0289e-05  2.9393e-05  1.2134e-03  6.1600e-03  1.1194e-03  0:02:53   22

 turbulent viscosity limited to viscosity ratio of 1.000000e+05 in 840 cells 

 Reversed flow on 695 faces of pressure-outlet 7.
  1054  2.7918e-01  3.0608e-05  3.0285e-05  2.9364e-05  1.2140e-03  5.8323e-03  1.1179e-03  0:02:46   21

 turbulent viscosity limited to viscosity ratio of 1.000000e+05 in 840 cells 

 Reversed flow on 694 faces of pressure-outlet 7.
  1055  2.7910e-01  3.0625e-05  3.0281e-05  2.9337e-05  1.2127e-03  5.6854e-03  1.1164e-03  0:02:38   20

 turbulent viscosity limited to viscosity ratio of 1.000000e+05 in 840 cells 

 Reversed flow on 700 faces of pressure-outlet 7.
  1056  2.7899e-01  3.0643e-05  3.0277e-05  2.9297e-05  1.2123e-03  5.0190e-03  1.1150e-03  0:02:31   19

 turbulent viscosity limited to viscosity ratio of 1.000000e+05 in 840 cells 

 Reversed flow on 697 faces of pressure-outlet 7.
  1057  2.7891e-01  3.0650e-05  3.0267e-05  2.9259e-05  1.2145e-03  5.3562e-03  1.1136e-03  0:02:23   18

 turbulent viscosity limited to viscosity ratio of 1.000000e+05 in 840 cells 

 Reversed flow on 704 faces of pressure-outlet 7.
  1058  2.7883e-01  3.0665e-05  3.0260e-05  2.9230e-05  1.2154e-03  5.6207e-03  1.1124e-03  0:02:12   17

 turbulent viscosity limited to viscosity ratio of 1.000000e+05 in 840 cells 

 Reversed flow on 697 faces of pressure-outlet 7.
  1059  2.7892e-01  3.0665e-05  3.0260e-05  2.9193e-05  1.2169e-03  5.6157e-03  1.1112e-03  0:02:05   16

 turbulent viscosity limited to viscosity ratio of 1.000000e+05 in 840 cells 

 Reversed flow on 699 faces of pressure-outlet 7.
  1060  2.7853e-01  3.0656e-05  3.0260e-05  2.9154e-05  1.2148e-03  5.1220e-03  1.1100e-03  0:01:58   15

 turbulent viscosity limited to viscosity ratio of 1.000000e+05 in 840 cells 

 Reversed flow on 706 faces of pressure-outlet 7.

  iter  continuity  x-velocity  y-velocity  z-velocity           k     epsilon  vf-phase-2     time/iter
  1061  2.7818e-01  3.0652e-05  3.0255e-05  2.9115e-05  1.2171e-03  5.9369e-03  1.1090e-03  0:01:47   14

 turbulent viscosity limited to viscosity ratio of 1.000000e+05 in 840 cells 

 Reversed flow on 701 faces of pressure-outlet 7.
  1062  2.7815e-01  3.0642e-05  3.0247e-05  2.9085e-05  1.2166e-03  5.8781e-03  1.1079e-03  0:01:41   13

 turbulent viscosity limited to viscosity ratio of 1.000000e+05 in 840 cells 

 Reversed flow on 703 faces of pressure-outlet 7.
  1063  2.7800e-01  3.0633e-05  3.0238e-05  2.9057e-05  1.2160e-03  6.0873e-03  1.1069e-03  0:01:34   12

 turbulent viscosity limited to viscosity ratio of 1.000000e+05 in 840 cells 

 Reversed flow on 693 faces of pressure-outlet 7.
  1064  2.7794e-01  3.0624e-05  3.0239e-05  2.9021e-05  1.2139e-03  5.9726e-03  1.1059e-03  0:01:26   11

 turbulent viscosity limited to viscosity ratio of 1.000000e+05 in 840 cells 

 Reversed flow on 699 faces of pressure-outlet 7.
  1065  2.7761e-01  3.0604e-05  3.0238e-05  2.8976e-05  1.2126e-03  5.8057e-03  1.1050e-03  0:01:17   10

 turbulent viscosity limited to viscosity ratio of 1.000000e+05 in 839 cells 

 Reversed flow on 698 faces of pressure-outlet 7.
  1066  2.7726e-01  3.0589e-05  3.0230e-05  2.8939e-05  1.2132e-03  7.1643e-03  1.1041e-03  0:01:10    9

 turbulent viscosity limited to viscosity ratio of 1.000000e+05 in 839 cells 

 Reversed flow on 698 faces of pressure-outlet 7.
  1067  2.7698e-01  3.0566e-05  3.0217e-05  2.8894e-05  1.2110e-03  6.9204e-03  1.1034e-03  0:01:02    8

 turbulent viscosity limited to viscosity ratio of 1.000000e+05 in 838 cells 

 Reversed flow on 701 faces of pressure-outlet 7.
  1068  2.7652e-01  3.0537e-05  3.0213e-05  2.8834e-05  1.2116e-03  6.8876e-03  1.1026e-03  0:00:53    7

 turbulent viscosity limited to viscosity ratio of 1.000000e+05 in 838 cells 

 Reversed flow on 695 faces of pressure-outlet 7.
  1069  2.7611e-01  3.0514e-05  3.0199e-05  2.8792e-05  1.2067e-03  6.3710e-03  1.1020e-03  0:00:46    6

 turbulent viscosity limited to viscosity ratio of 1.000000e+05 in 838 cells 

 Reversed flow on 691 faces of pressure-outlet 7.
  1070  2.7610e-01  3.0485e-05  3.0188e-05  2.8743e-05  1.2042e-03  6.4609e-03  1.1014e-03  0:00:39    5

 turbulent viscosity limited to viscosity ratio of 1.000000e+05 in 837 cells 

 Reversed flow on 697 faces of pressure-outlet 7.
  1071  2.7599e-01  3.0448e-05  3.0178e-05  2.8701e-05  1.2041e-03  6.3833e-03  1.1009e-03  0:00:31    4

 turbulent viscosity limited to viscosity ratio of 1.000000e+05 in 837 cells 

 Reversed flow on 693 faces of pressure-outlet 7.

  iter  continuity  x-velocity  y-velocity  z-velocity           k     epsilon  vf-phase-2     time/iter
  1072  2.7595e-01  3.0415e-05  3.0174e-05  2.8653e-05  1.2000e-03  5.9434e-03  1.1005e-03  0:00:23    3

 turbulent viscosity limited to viscosity ratio of 1.000000e+05 in 837 cells 

 Reversed flow on 702 faces of pressure-outlet 7.
  1073  2.7604e-01  3.0383e-05  3.0163e-05  2.8612e-05  1.1967e-03  5.7316e-03  1.1000e-03  0:00:15    2

 turbulent viscosity limited to viscosity ratio of 1.000000e+05 in 838 cells 

 Reversed flow on 711 faces of pressure-outlet 7.
  1074  2.7600e-01  3.0352e-05  3.0150e-05  2.8570e-05  1.1955e-03  5.9991e-03  1.0997e-03  0:00:08    1

 turbulent viscosity limited to viscosity ratio of 1.000000e+05 in 837 cells 

 Reversed flow on 706 faces of pressure-outlet 7.
  1075  2.7595e-01  3.0320e-05  3.0134e-05  2.8520e-05  1.1919e-03  5.6411e-03  1.0994e-03  0:00:00    0
iterate_1075: RPC returned
progress: 1075/1500

  iter  continuity  x-velocity  y-velocity  z-velocity           k     epsilon  vf-phase-2     time/iter
  1075  2.7595e-01  3.0320e-05  3.0134e-05  2.8520e-05  1.1919e-03  5.6411e-03  1.0994e-03  0:03:15   25

 turbulent viscosity limited to viscosity ratio of 1.000000e+05 in 837 cells 

 Reversed flow on 705 faces of pressure-outlet 7.
  1076  2.7606e-01  3.0289e-05  3.0117e-05  2.8476e-05  1.1920e-03  6.5820e-03  1.0991e-03  0:03:09   24

 turbulent viscosity limited to viscosity ratio of 1.000000e+05 in 836 cells 

 Reversed flow on 697 faces of pressure-outlet 7.
  1077  2.7621e-01  3.0260e-05  3.0109e-05  2.8442e-05  1.1886e-03  6.0683e-03  1.0989e-03  0:03:01   23

 turbulent viscosity limited to viscosity ratio of 1.000000e+05 in 836 cells 

 Reversed flow on 700 faces of pressure-outlet 7.
  1078  2.7674e-01  3.0234e-05  3.0107e-05  2.8404e-05  1.1870e-03  6.4228e-03  1.0988e-03  0:02:54   22

 turbulent viscosity limited to viscosity ratio of 1.000000e+05 in 836 cells 

 Reversed flow on 711 faces of pressure-outlet 7.
  1079  2.7692e-01  3.0211e-05  3.0097e-05  2.8372e-05  1.1873e-03  7.2177e-03  1.0987e-03  0:02:46   21

 turbulent viscosity limited to viscosity ratio of 1.000000e+05 in 837 cells 

 Reversed flow on 731 faces of pressure-outlet 7.
  1080  2.7691e-01  3.0174e-05  3.0094e-05  2.8346e-05  1.1880e-03  7.0475e-03  1.0986e-03  0:02:35   20

 turbulent viscosity limited to viscosity ratio of 1.000000e+05 in 837 cells 

 Reversed flow on 715 faces of pressure-outlet 7.
  1081  2.7713e-01  3.0133e-05  3.0092e-05  2.8298e-05  1.1857e-03  6.7557e-03  1.0985e-03  0:02:28   19

 turbulent viscosity limited to viscosity ratio of 1.000000e+05 in 837 cells 

 Reversed flow on 717 faces of pressure-outlet 7.
  1082  2.7702e-01  3.0108e-05  3.0094e-05  2.8266e-05  1.1825e-03  7.0534e-03  1.0985e-03  0:02:21   18

 turbulent viscosity limited to viscosity ratio of 1.000000e+05 in 837 cells 

 Reversed flow on 719 faces of pressure-outlet 7.
  1083  2.7700e-01  3.0085e-05  3.0085e-05  2.8228e-05  1.1805e-03  6.5487e-03  1.0985e-03  0:02:10   17

 turbulent viscosity limited to viscosity ratio of 1.000000e+05 in 837 cells 

 Reversed flow on 726 faces of pressure-outlet 7.
  1084  2.7690e-01  3.0056e-05  3.0079e-05  2.8188e-05  1.1798e-03  6.3199e-03  1.0986e-03  0:02:04   16

 turbulent viscosity limited to viscosity ratio of 1.000000e+05 in 837 cells 

 Reversed flow on 725 faces of pressure-outlet 7.
  1085  2.7677e-01  3.0028e-05  3.0072e-05  2.8150e-05  1.1790e-03  6.8079e-03  1.0987e-03  0:01:57   15

 turbulent viscosity limited to viscosity ratio of 1.000000e+05 in 837 cells 

 Reversed flow on 735 faces of pressure-outlet 7.

  iter  continuity  x-velocity  y-velocity  z-velocity           k     epsilon  vf-phase-2     time/iter
  1086  2.7683e-01  2.9997e-05  3.0060e-05  2.8110e-05  1.1790e-03  7.1681e-03  1.0990e-03  0:01:50   14

 turbulent viscosity limited to viscosity ratio of 1.000000e+05 in 837 cells 

 Reversed flow on 737 faces of pressure-outlet 7.
  1087  2.7675e-01  2.9967e-05  3.0056e-05  2.8074e-05  1.1768e-03  6.3075e-03  1.0992e-03  0:01:40   13

 turbulent viscosity limited to viscosity ratio of 1.000000e+05 in 837 cells 

 Reversed flow on 739 faces of pressure-outlet 7.
  1088  2.7664e-01  2.9938e-05  3.0052e-05  2.8051e-05  1.1759e-03  6.4826e-03  1.0997e-03  0:01:33   12

 turbulent viscosity limited to viscosity ratio of 1.000000e+05 in 837 cells 

 Reversed flow on 732 faces of pressure-outlet 7.
  1089  2.7678e-01  2.9902e-05  3.0049e-05  2.8019e-05  1.1764e-03  6.4665e-03  1.1002e-03  0:01:26   11

 turbulent viscosity limited to viscosity ratio of 1.000000e+05 in 837 cells 

 Reversed flow on 735 faces of pressure-outlet 7.
  1090  2.7633e-01  2.9876e-05  3.0030e-05  2.8009e-05  1.1750e-03  6.0928e-03  1.1008e-03  0:01:18   10

 turbulent viscosity limited to viscosity ratio of 1.000000e+05 in 837 cells 

 Reversed flow on 742 faces of pressure-outlet 7.
  1091  2.7619e-01  2.9843e-05  3.0016e-05  2.7983e-05  1.1755e-03  6.2474e-03  1.1014e-03  0:01:09    9

 turbulent viscosity limited to viscosity ratio of 1.000000e+05 in 837 cells 

 Reversed flow on 735 faces of pressure-outlet 7.
  1092  2.7619e-01  2.9812e-05  3.0010e-05  2.7972e-05  1.1786e-03  7.9509e-03  1.1020e-03  0:01:02    8

 turbulent viscosity limited to viscosity ratio of 1.000000e+05 in 837 cells 

 Reversed flow on 739 faces of pressure-outlet 7.
  1093  2.7611e-01  2.9773e-05  3.0005e-05  2.7965e-05  1.1806e-03  9.3476e-03  1.1027e-03  0:00:54    7

 turbulent viscosity limited to viscosity ratio of 1.000000e+05 in 837 cells 

 Reversed flow on 750 faces of pressure-outlet 7.
  1094  2.7611e-01  2.9736e-05  2.9992e-05  2.7946e-05  1.1851e-03  9.0233e-03  1.1034e-03  0:00:47    6

 turbulent viscosity limited to viscosity ratio of 1.000000e+05 in 837 cells 

 Reversed flow on 748 faces of pressure-outlet 7.
  1095  2.7588e-01  2.9701e-05  2.9989e-05  2.7936e-05  1.1819e-03  8.2803e-03  1.1041e-03  0:00:38    5

 turbulent viscosity limited to viscosity ratio of 1.000000e+05 in 834 cells 

 Reversed flow on 739 faces of pressure-outlet 7.
  1096  2.7586e-01  2.9664e-05  2.9981e-05  2.7922e-05  1.1815e-03  8.0960e-03  1.1048e-03  0:00:31    4

 turbulent viscosity limited to viscosity ratio of 1.000000e+05 in 834 cells 

 Reversed flow on 748 faces of pressure-outlet 7.

  iter  continuity  x-velocity  y-velocity  z-velocity           k     epsilon  vf-phase-2     time/iter
  1097  2.7552e-01  2.9618e-05  2.9976e-05  2.7916e-05  1.1810e-03  7.6701e-03  1.1057e-03  0:00:23    3

 turbulent viscosity limited to viscosity ratio of 1.000000e+05 in 832 cells 

 Reversed flow on 757 faces of pressure-outlet 7.
  1098  2.7550e-01  2.9569e-05  2.9960e-05  2.7920e-05  1.1787e-03  7.2688e-03  1.1065e-03  0:00:16    2

 turbulent viscosity limited to viscosity ratio of 1.000000e+05 in 832 cells 

 Reversed flow on 760 faces of pressure-outlet 7.
  1099  2.7538e-01  2.9508e-05  2.9953e-05  2.7915e-05  1.1773e-03  6.4216e-03  1.1074e-03  0:00:08    1

iterate_1100: RPC returned
progress: 1100/1500
 turbulent viscosity limited to viscosity ratio of 1.000000e+05 in 832 cells 

 Reversed flow on 756 faces of pressure-outlet 7.
  1100  2.7506e-01  2.9451e-05  2.9935e-05  2.7909e-05  1.1794e-03  7.0548e-03  1.1083e-03  0:00:00    0

  iter  continuity  x-velocity  y-velocity  z-velocity           k     epsilon  vf-phase-2     time/iter
  1100  2.7506e-01  2.9451e-05  2.9935e-05  2.7909e-05  1.1794e-03  7.0548e-03  1.1083e-03  0:03:13   25

 turbulent viscosity limited to viscosity ratio of 1.000000e+05 in 829 cells 

 Reversed flow on 742 faces of pressure-outlet 7.
  1101  2.7492e-01  2.9403e-05  2.9919e-05  2.7908e-05  1.1787e-03  7.4248e-03  1.1092e-03  0:03:07   24

 turbulent viscosity limited to viscosity ratio of 1.000000e+05 in 829 cells 

 Reversed flow on 745 faces of pressure-outlet 7.
  1102  2.7479e-01  2.9342e-05  2.9903e-05  2.7898e-05  1.1774e-03  7.5095e-03  1.1102e-03  0:03:00   23

 turbulent viscosity limited to viscosity ratio of 1.000000e+05 in 829 cells 

 Reversed flow on 758 faces of pressure-outlet 7.
  1103  2.7459e-01  2.9288e-05  2.9893e-05  2.7894e-05  1.1767e-03  6.3005e-03  1.1112e-03  0:02:49   22

 turbulent viscosity limited to viscosity ratio of 1.000000e+05 in 829 cells 

 Reversed flow on 759 faces of pressure-outlet 7.
  1104  2.7413e-01  2.9222e-05  2.9874e-05  2.7897e-05  1.1781e-03  6.7515e-03  1.1123e-03  0:02:42   21

 turbulent viscosity limited to viscosity ratio of 1.000000e+05 in 829 cells 

 Reversed flow on 749 faces of pressure-outlet 7.
  1105  2.7395e-01  2.9160e-05  2.9861e-05  2.7896e-05  1.1761e-03  6.0139e-03  1.1134e-03  0:02:36   20

 turbulent viscosity limited to viscosity ratio of 1.000000e+05 in 830 cells 

 Reversed flow on 743 faces of pressure-outlet 7.
  1106  2.7350e-01  2.9102e-05  2.9859e-05  2.7889e-05  1.1780e-03  6.7558e-03  1.1145e-03  0:02:25   19

 turbulent viscosity limited to viscosity ratio of 1.000000e+05 in 830 cells 

 Reversed flow on 752 faces of pressure-outlet 7.
  1107  2.7323e-01  2.9041e-05  2.9847e-05  2.7884e-05  1.1813e-03  8.0340e-03  1.1157e-03  0:02:19   18

 turbulent viscosity limited to viscosity ratio of 1.000000e+05 in 831 cells 

 Reversed flow on 760 faces of pressure-outlet 7.
  1108  2.7280e-01  2.8978e-05  2.9830e-05  2.7871e-05  1.1800e-03  8.1504e-03  1.1169e-03  0:02:12   17

 turbulent viscosity limited to viscosity ratio of 1.000000e+05 in 831 cells 

 Reversed flow on 755 faces of pressure-outlet 7.
  1109  2.7251e-01  2.8903e-05  2.9827e-05  2.7852e-05  1.1822e-03  7.4522e-03  1.1181e-03  0:02:05   16

 turbulent viscosity limited to viscosity ratio of 1.000000e+05 in 831 cells 

 Reversed flow on 754 faces of pressure-outlet 7.
  1110  2.7198e-01  2.8834e-05  2.9815e-05  2.7840e-05  1.1811e-03  7.3269e-03  1.1193e-03  0:01:55   15

 turbulent viscosity limited to viscosity ratio of 1.000000e+05 in 831 cells 

 Reversed flow on 760 faces of pressure-outlet 7.

  iter  continuity  x-velocity  y-velocity  z-velocity           k     epsilon  vf-phase-2     time/iter
  1111  2.7158e-01  2.8774e-05  2.9802e-05  2.7838e-05  1.1805e-03  6.7844e-03  1.1205e-03  0:01:48   14

 turbulent viscosity limited to viscosity ratio of 1.000000e+05 in 831 cells 

 Reversed flow on 752 faces of pressure-outlet 7.
  1112  2.7130e-01  2.8717e-05  2.9802e-05  2.7822e-05  1.1811e-03  7.7653e-03  1.1218e-03  0:01:41   13

 turbulent viscosity limited to viscosity ratio of 1.000000e+05 in 831 cells 

 Reversed flow on 749 faces of pressure-outlet 7.
  1113  2.7099e-01  2.8649e-05  2.9805e-05  2.7795e-05  1.1803e-03  6.5299e-03  1.1231e-03  0:01:31   12

 turbulent viscosity limited to viscosity ratio of 1.000000e+05 in 831 cells 

 Reversed flow on 749 faces of pressure-outlet 7.
  1114  2.7038e-01  2.8582e-05  2.9799e-05  2.7773e-05  1.1814e-03  7.5648e-03  1.1243e-03  0:01:25   11

 turbulent viscosity limited to viscosity ratio of 1.000000e+05 in 831 cells 

 Reversed flow on 763 faces of pressure-outlet 7.
  1115  2.7001e-01  2.8523e-05  2.9798e-05  2.7763e-05  1.1822e-03  7.9673e-03  1.1256e-03  0:01:18   10

 turbulent viscosity limited to viscosity ratio of 1.000000e+05 in 831 cells 

 Reversed flow on 767 faces of pressure-outlet 7.
  1116  2.6969e-01  2.8445e-05  2.9795e-05  2.7736e-05  1.1818e-03  7.8101e-03  1.1269e-03  0:01:10    9

 turbulent viscosity limited to viscosity ratio of 1.000000e+05 in 831 cells 

 Reversed flow on 773 faces of pressure-outlet 7.
  1117  2.6922e-01  2.8387e-05  2.9795e-05  2.7702e-05  1.1830e-03  7.8301e-03  1.1283e-03  0:01:01    8

 turbulent viscosity limited to viscosity ratio of 1.000000e+05 in 831 cells 

 Reversed flow on 770 faces of pressure-outlet 7.
  1118  2.6896e-01  2.8318e-05  2.9806e-05  2.7663e-05  1.1821e-03  7.4052e-03  1.1296e-03  0:00:54    7

 turbulent viscosity limited to viscosity ratio of 1.000000e+05 in 831 cells 

 Reversed flow on 766 faces of pressure-outlet 7.
  1119  2.6869e-01  2.8249e-05  2.9817e-05  2.7631e-05  1.1813e-03  7.4486e-03  1.1309e-03  0:00:47    6

 turbulent viscosity limited to viscosity ratio of 1.000000e+05 in 831 cells 

 Reversed flow on 767 faces of pressure-outlet 7.
  1120  2.6833e-01  2.8183e-05  2.9823e-05  2.7596e-05  1.1818e-03  7.7482e-03  1.1322e-03  0:00:39    5

 turbulent viscosity limited to viscosity ratio of 1.000000e+05 in 830 cells 

 Reversed flow on 761 faces of pressure-outlet 7.
  1121  2.6789e-01  2.8108e-05  2.9838e-05  2.7556e-05  1.1800e-03  6.9750e-03  1.1335e-03  0:00:31    4

 turbulent viscosity limited to viscosity ratio of 1.000000e+05 in 829 cells 

 Reversed flow on 757 faces of pressure-outlet 7.

  iter  continuity  x-velocity  y-velocity  z-velocity           k     epsilon  vf-phase-2     time/iter
  1122  2.6739e-01  2.8045e-05  2.9849e-05  2.7518e-05  1.1803e-03  7.6196e-03  1.1347e-03  0:00:23    3

 turbulent viscosity limited to viscosity ratio of 1.000000e+05 in 829 cells 

 Reversed flow on 763 faces of pressure-outlet 7.
  1123  2.6671e-01  2.7976e-05  2.9870e-05  2.7483e-05  1.1812e-03  7.2751e-03  1.1359e-03  0:00:16    2

 turbulent viscosity limited to viscosity ratio of 1.000000e+05 in 828 cells 

 Reversed flow on 767 faces of pressure-outlet 7.
  1124  2.6630e-01  2.7912e-05  2.9885e-05  2.7450e-05  1.1784e-03  6.6309e-03  1.1371e-03  0:00:08    1

 turbulent viscosity limited to viscosity ratio of 1.000000e+05 in 828 cells 

 Reversed flow on 773 faces of pressure-outlet 7.
  1125  2.6601e-01  2.7833e-05  2.9905e-05  2.7406e-05  1.1771e-03  6.2063e-03  1.1384e-03  0:00:00    0iterate_1125: RPC returned
progress: 1125/1500

=== autosave_1125 ===


Writing to EN439159:"C:\Users\qtra338\Documents\enthalpy_sweep_verified_20260721_v2\case_4_1600_autosave_iter1125.cas.h5" in NODE0 mode and compression level 1 ...
Grouping cells for Laplace smoothing ...
     5578299 cells,     1 zone  ...
    11355491 faces,     5 zones ...
     1026091 nodes,     1 zone  ...
  Done.
Done.
write_case_autosave_1125: OK

Writing to EN439159:"C:\Users\qtra338\Documents\enthalpy_sweep_verified_20260721_v2\case_4_1600_autosave_iter1125.dat.h5" in NODE0 mode and compression level 1 ...
  Writing results.
Done.
write_data_autosave_1125: OK
saved_pair_autosave_1125: VERIFIED

  iter  continuity  x-velocity  y-velocity  z-velocity           k     epsilon  vf-phase-2     time/iter
  1125  2.6601e-01  2.7833e-05  2.9905e-05  2.7406e-05  1.1771e-03  6.2063e-03  1.1384e-03  0:03:11   25

 turbulent viscosity limited to viscosity ratio of 1.000000e+05 in 828 cells 

 Reversed flow on 769 faces of pressure-outlet 7.
  1126  2.6550e-01  2.7756e-05  2.9923e-05  2.7368e-05  1.1767e-03  7.1331e-03  1.1395e-03  0:03:10   24

 turbulent viscosity limited to viscosity ratio of 1.000000e+05 in 828 cells 

 Reversed flow on 771 faces of pressure-outlet 7.
  1127  2.6510e-01  2.7685e-05  2.9951e-05  2.7318e-05  1.1775e-03  6.7993e-03  1.1407e-03  0:02:58   23

 turbulent viscosity limited to viscosity ratio of 1.000000e+05 in 829 cells 

 Reversed flow on 777 faces of pressure-outlet 7.
  1128  2.6455e-01  2.7614e-05  2.9976e-05  2.7271e-05  1.1761e-03  6.6924e-03  1.1418e-03  0:02:51   22

 turbulent viscosity limited to viscosity ratio of 1.000000e+05 in 829 cells 

 Reversed flow on 782 faces of pressure-outlet 7.
  1129  2.6394e-01  2.7550e-05  2.9990e-05  2.7229e-05  1.1749e-03  6.3302e-03  1.1429e-03  0:02:45   21

 turbulent viscosity limited to viscosity ratio of 1.000000e+05 in 829 cells 

 Reversed flow on 776 faces of pressure-outlet 7.
  1130  2.6357e-01  2.7483e-05  3.0016e-05  2.7194e-05  1.1746e-03  6.7091e-03  1.1440e-03  0:02:37   20

 turbulent viscosity limited to viscosity ratio of 1.000000e+05 in 829 cells 

 Reversed flow on 766 faces of pressure-outlet 7.
  1131  2.6309e-01  2.7425e-05  3.0046e-05  2.7173e-05  1.1782e-03  7.7862e-03  1.1452e-03  0:02:26   19

 turbulent viscosity limited to viscosity ratio of 1.000000e+05 in 828 cells 

 Reversed flow on 781 faces of pressure-outlet 7.
  1132  2.6283e-01  2.7363e-05  3.0081e-05  2.7142e-05  1.1761e-03  7.0066e-03  1.1463e-03  0:02:20   18

 turbulent viscosity limited to viscosity ratio of 1.000000e+05 in 830 cells 

 Reversed flow on 790 faces of pressure-outlet 7.
  1133  2.6267e-01  2.7301e-05  3.0125e-05  2.7111e-05  1.1748e-03  6.8187e-03  1.1474e-03  0:02:13   17

 turbulent viscosity limited to viscosity ratio of 1.000000e+05 in 830 cells 

 Reversed flow on 787 faces of pressure-outlet 7.
  1134  2.6227e-01  2.7244e-05  3.0156e-05  2.7088e-05  1.1725e-03  6.4348e-03  1.1485e-03  0:02:05   16

 turbulent viscosity limited to viscosity ratio of 1.000000e+05 in 830 cells 

 Reversed flow on 780 faces of pressure-outlet 7.
  1135  2.6201e-01  2.7186e-05  3.0187e-05  2.7061e-05  1.1709e-03  5.8258e-03  1.1496e-03  0:01:55   15

 turbulent viscosity limited to viscosity ratio of 1.000000e+05 in 830 cells 

 Reversed flow on 778 faces of pressure-outlet 7.

  iter  continuity  x-velocity  y-velocity  z-velocity           k     epsilon  vf-phase-2     time/iter
  1136  2.6154e-01  2.7137e-05  3.0219e-05  2.7047e-05  1.1719e-03  6.4910e-03  1.1506e-03  0:01:48   14

 turbulent viscosity limited to viscosity ratio of 1.000000e+05 in 830 cells 

 Reversed flow on 770 faces of pressure-outlet 7.
  1137  2.6126e-01  2.7090e-05  3.0256e-05  2.7036e-05  1.1728e-03  6.5648e-03  1.1516e-03  0:01:41   13

 turbulent viscosity limited to viscosity ratio of 1.000000e+05 in 830 cells 

 Reversed flow on 770 faces of pressure-outlet 7.
  1138  2.6084e-01  2.7054e-05  3.0292e-05  2.7025e-05  1.1723e-03  6.8123e-03  1.1526e-03  0:01:34   12

 turbulent viscosity limited to viscosity ratio of 1.000000e+05 in 830 cells 

 Reversed flow on 776 faces of pressure-outlet 7.
  1139  2.6036e-01  2.7010e-05  3.0331e-05  2.7012e-05  1.1715e-03  6.9515e-03  1.1535e-03  0:01:24   11

 turbulent viscosity limited to viscosity ratio of 1.000000e+05 in 830 cells 

 Reversed flow on 780 faces of pressure-outlet 7.
  1140  2.5977e-01  2.6971e-05  3.0366e-05  2.6992e-05  1.1723e-03  7.2453e-03  1.1545e-03  0:01:17   10

 turbulent viscosity limited to viscosity ratio of 1.000000e+05 in 830 cells 

 Reversed flow on 776 faces of pressure-outlet 7.
  1141  2.5938e-01  2.6933e-05  3.0398e-05  2.6987e-05  1.1705e-03  6.0167e-03  1.1554e-03  0:01:10    9

 turbulent viscosity limited to viscosity ratio of 1.000000e+05 in 830 cells 

 Reversed flow on 770 faces of pressure-outlet 7.
  1142  2.5917e-01  2.6904e-05  3.0429e-05  2.6984e-05  1.1685e-03  5.3946e-03  1.1563e-03  0:01:03    8

 turbulent viscosity limited to viscosity ratio of 1.000000e+05 in 830 cells 

 Reversed flow on 758 faces of pressure-outlet 7.
  1143  2.5908e-01  2.6884e-05  3.0464e-05  2.6980e-05  1.1692e-03  5.8738e-03  1.1571e-03  0:00:54    7

 turbulent viscosity limited to viscosity ratio of 1.000000e+05 in 830 cells 

 Reversed flow on 759 faces of pressure-outlet 7.
  1144  2.5907e-01  2.6858e-05  3.0508e-05  2.6976e-05  1.1702e-03  5.7656e-03  1.1578e-03  0:00:46    6

 turbulent viscosity limited to viscosity ratio of 1.000000e+05 in 830 cells 

 Reversed flow on 769 faces of pressure-outlet 7.
  1145  2.5905e-01  2.6838e-05  3.0550e-05  2.6975e-05  1.1687e-03  5.6205e-03  1.1585e-03  0:00:39    5

 turbulent viscosity limited to viscosity ratio of 1.000000e+05 in 830 cells 

 Reversed flow on 765 faces of pressure-outlet 7.
  1146  2.5882e-01  2.6821e-05  3.0597e-05  2.6973e-05  1.1705e-03  6.3686e-03  1.1592e-03  0:00:31    4

 turbulent viscosity limited to viscosity ratio of 1.000000e+05 in 831 cells 

 Reversed flow on 766 faces of pressure-outlet 7.

  iter  continuity  x-velocity  y-velocity  z-velocity           k     epsilon  vf-phase-2     time/iter
  1147  2.5858e-01  2.6803e-05  3.0644e-05  2.6974e-05  1.1708e-03  5.5959e-03  1.1598e-03  0:00:23    3

 turbulent viscosity limited to viscosity ratio of 1.000000e+05 in 831 cells 

 Reversed flow on 773 faces of pressure-outlet 7.
  1148  2.5857e-01  2.6788e-05  3.0694e-05  2.6979e-05  1.1736e-03  6.6982e-03  1.1603e-03  0:00:15    2

 turbulent viscosity limited to viscosity ratio of 1.000000e+05 in 830 cells 

 Reversed flow on 768 faces of pressure-outlet 7.
  1149  2.5853e-01  2.6792e-05  3.0743e-05  2.7002e-05  1.1731e-03  5.7827e-03  1.1608e-03  0:00:08    1

 turbulent viscosity limited to viscosity ratio of 1.000000e+05 in 830 cells 

 Reversed flow on 764 faces of pressure-outlet 7.
  1150  2.5862e-01  2.6788e-05  3.0791e-05  2.7009e-05  1.1751e-03  6.3335e-03  1.1612e-03  0:00:00    0
iterate_1150: RPC returned
progress: 1150/1500

  iter  continuity  x-velocity  y-velocity  z-velocity           k     epsilon  vf-phase-2     time/iter
  1150  2.5862e-01  2.6788e-05  3.0791e-05  2.7009e-05  1.1751e-03  6.3335e-03  1.1612e-03  0:03:16   25

 turbulent viscosity limited to viscosity ratio of 1.000000e+05 in 829 cells 

 Reversed flow on 768 faces of pressure-outlet 7.
  1151  2.5851e-01  2.6791e-05  3.0837e-05  2.7020e-05  1.1774e-03  6.5652e-03  1.1616e-03  0:03:09   24

 turbulent viscosity limited to viscosity ratio of 1.000000e+05 in 828 cells 

 Reversed flow on 768 faces of pressure-outlet 7.
  1152  2.5852e-01  2.6798e-05  3.0884e-05  2.7025e-05  1.1773e-03  6.1837e-03  1.1620e-03  0:03:01   23

 turbulent viscosity limited to viscosity ratio of 1.000000e+05 in 828 cells 

 Reversed flow on 765 faces of pressure-outlet 7.
  1153  2.5848e-01  2.6805e-05  3.0930e-05  2.7027e-05  1.1795e-03  6.6157e-03  1.1623e-03  0:02:54   22

 turbulent viscosity limited to viscosity ratio of 1.000000e+05 in 828 cells 

 Reversed flow on 757 faces of pressure-outlet 7.
  1154  2.5829e-01  2.6809e-05  3.0971e-05  2.7040e-05  1.1795e-03  5.8119e-03  1.1626e-03  0:02:47   21

 turbulent viscosity limited to viscosity ratio of 1.000000e+05 in 828 cells 

 Reversed flow on 763 faces of pressure-outlet 7.
  1155  2.5824e-01  2.6816e-05  3.1014e-05  2.7044e-05  1.1787e-03  5.4474e-03  1.1629e-03  0:02:35   20

 turbulent viscosity limited to viscosity ratio of 1.000000e+05 in 827 cells 

 Reversed flow on 762 faces of pressure-outlet 7.
  1156  2.5811e-01  2.6826e-05  3.1053e-05  2.7042e-05  1.1793e-03  5.2105e-03  1.1632e-03  0:02:28   19

 turbulent viscosity limited to viscosity ratio of 1.000000e+05 in 828 cells 

 Reversed flow on 758 faces of pressure-outlet 7.
  1157  2.5784e-01  2.6842e-05  3.1086e-05  2.7050e-05  1.1809e-03  5.1234e-03  1.1635e-03  0:02:21   18

 turbulent viscosity limited to viscosity ratio of 1.000000e+05 in 828 cells 

 Reversed flow on 749 faces of pressure-outlet 7.
  1158  2.5784e-01  2.6860e-05  3.1127e-05  2.7053e-05  1.1844e-03  6.1266e-03  1.1637e-03  0:02:10   17

 turbulent viscosity limited to viscosity ratio of 1.000000e+05 in 828 cells 

 Reversed flow on 750 faces of pressure-outlet 7.
  1159  2.5792e-01  2.6887e-05  3.1177e-05  2.7070e-05  1.1872e-03  4.3783e-02  1.1638e-03  0:02:04   16

 turbulent viscosity limited to viscosity ratio of 1.000000e+05 in 934 cells 

 Reversed flow on 754 faces of pressure-outlet 7.
  1160  2.8302e-01  2.6922e-05  3.1378e-05  2.7084e-05  1.9372e-02  1.0529e+04  1.1638e-03  0:01:57   15

 turbulent viscosity limited to viscosity ratio of 1.000000e+05 in 923 cells 

 Reversed flow on 784 faces of pressure-outlet 7.

  iter  continuity  x-velocity  y-velocity  z-velocity           k     epsilon  vf-phase-2     time/iter
  1161  2.7543e-01  5.5943e-05  6.8170e-05  8.9827e-05  7.0968e-01  2.3722e+00  1.1640e-03  0:01:50   14

 turbulent viscosity limited to viscosity ratio of 1.000000e+05 in 940 cells 

 Reversed flow on 724 faces of pressure-outlet 7.
  1162  2.8422e-01  3.7304e-05  4.4019e-05  4.0080e-05  2.5006e-01  3.8943e-01  1.1640e-03  0:01:40   13

 turbulent viscosity limited to viscosity ratio of 1.000000e+05 in 946 cells 

 Reversed flow on 694 faces of pressure-outlet 7.
  1163  2.8649e-01  3.3791e-05  4.0960e-05  3.4602e-05  8.0475e-02  3.5839e-01  1.1641e-03  0:01:33   12

 turbulent viscosity limited to viscosity ratio of 1.000000e+05 in 944 cells 

 Reversed flow on 622 faces of pressure-outlet 7.
  1164  3.1622e-01  3.4983e-05  4.2847e-05  3.6105e-05  4.7382e-02  2.9017e-01  1.1640e-03  0:01:26   11

 turbulent viscosity limited to viscosity ratio of 1.000000e+05 in 932 cells 

 Reversed flow on 590 faces of pressure-outlet 7.
  1165  2.9732e-01  3.3418e-05  4.1667e-05  3.3817e-05  3.6216e-02  3.0267e-01  1.1639e-03  0:01:18   10

 turbulent viscosity limited to viscosity ratio of 1.000000e+05 in 918 cells 

 Reversed flow on 621 faces of pressure-outlet 7.
  1166  2.9958e-01  3.3125e-05  4.0562e-05  3.3490e-05  2.5705e-02  2.7454e-01  1.1640e-03  0:01:11    9

 turbulent viscosity limited to viscosity ratio of 1.000000e+05 in 904 cells 

 Reversed flow on 694 faces of pressure-outlet 7.
  1167  3.2532e-01  3.4533e-05  4.1407e-05  3.4905e-05  1.9671e-02  2.2258e-01  1.1637e-03  0:01:02    8

 turbulent viscosity limited to viscosity ratio of 1.000000e+05 in 884 cells 

 Reversed flow on 749 faces of pressure-outlet 7.
  1168  3.0327e-01  3.2309e-05  3.9171e-05  3.2950e-05  1.4443e-02  1.8154e-01  1.1634e-03  0:00:54    7

 turbulent viscosity limited to viscosity ratio of 1.000000e+05 in 854 cells 

 Reversed flow on 794 faces of pressure-outlet 7.
  1169  3.0419e-01  3.1774e-05  3.8166e-05  3.2354e-05  1.1224e-02  1.5904e-01  1.1632e-03  0:00:47    6

 turbulent viscosity limited to viscosity ratio of 1.000000e+05 in 836 cells 

 Reversed flow on 824 faces of pressure-outlet 7.
  1170  3.0683e-01  3.1746e-05  3.7889e-05  3.1997e-05  9.1690e-03  1.8041e-01  1.1628e-03  0:00:38    5

 turbulent viscosity limited to viscosity ratio of 1.000000e+05 in 828 cells 

 Reversed flow on 833 faces of pressure-outlet 7.
  1171  3.0052e-01  3.1734e-05  3.7836e-05  3.1974e-05  8.0862e-03  1.5654e-01  1.1625e-03  0:00:31    4

 turbulent viscosity limited to viscosity ratio of 1.000000e+05 in 826 cells 

 Reversed flow on 832 faces of pressure-outlet 7.

  iter  continuity  x-velocity  y-velocity  z-velocity           k     epsilon  vf-phase-2     time/iter
  1172  3.0307e-01  3.1822e-05  3.7196e-05  3.1599e-05  6.9388e-03  1.7224e-01  1.1620e-03  0:00:23    3

 turbulent viscosity limited to viscosity ratio of 1.000000e+05 in 825 cells 

 Reversed flow on 830 faces of pressure-outlet 7.
  1173  2.9992e-01  3.1352e-05  3.6931e-05  3.0905e-05  6.0364e-03  1.3767e-01  1.1615e-03  0:00:15    2

 turbulent viscosity limited to viscosity ratio of 1.000000e+05 in 825 cells 

 Reversed flow on 805 faces of pressure-outlet 7.
  1174  3.0067e-01  3.1270e-05  3.6621e-05  3.0710e-05  5.3056e-03  1.1257e-01  1.1609e-03  0:00:08    1

 turbulent viscosity limited to viscosity ratio of 1.000000e+05 in 825 cells 

 Reversed flow on 791 faces of pressure-outlet 7.
  1175  3.0122e-01  3.1179e-05  3.6455e-05  3.0554e-05  4.6928e-03  9.3328e-02  1.1604e-03  0:00:00    0
iterate_1175: RPC returned
progress: 1175/1500

  iter  continuity  x-velocity  y-velocity  z-velocity           k     epsilon  vf-phase-2     time/iter
  1175  3.0122e-01  3.1179e-05  3.6455e-05  3.0554e-05  4.6928e-03  9.3328e-02  1.1604e-03  0:03:14   25

 turbulent viscosity limited to viscosity ratio of 1.000000e+05 in 824 cells 

 Reversed flow on 769 faces of pressure-outlet 7.
  1176  3.0223e-01  3.1087e-05  3.6176e-05  3.0372e-05  4.2132e-03  8.1249e-02  1.1599e-03  0:03:07   24

 turbulent viscosity limited to viscosity ratio of 1.000000e+05 in 824 cells 

 Reversed flow on 761 faces of pressure-outlet 7.
  1177  3.0290e-01  3.1065e-05  3.5925e-05  3.0220e-05  3.7721e-03  7.2169e-02  1.1594e-03  0:03:00   23

 turbulent viscosity limited to viscosity ratio of 1.000000e+05 in 824 cells 

 Reversed flow on 780 faces of pressure-outlet 7.
  1178  3.0169e-01  3.1025e-05  3.5951e-05  3.0062e-05  3.4209e-03  6.4267e-02  1.1588e-03  0:02:49   22

 turbulent viscosity limited to viscosity ratio of 1.000000e+05 in 824 cells 

 Reversed flow on 786 faces of pressure-outlet 7.
  1179  3.0195e-01  3.1026e-05  3.5526e-05  3.0011e-05  3.1212e-03  5.1130e-02  1.1583e-03  0:02:43   21

 turbulent viscosity limited to viscosity ratio of 1.000000e+05 in 824 cells 

 Reversed flow on 793 faces of pressure-outlet 7.
  1180  3.0015e-01  3.0901e-05  3.5250e-05  2.9896e-05  2.8707e-03  4.0363e-02  1.1578e-03  0:02:36   20

 turbulent viscosity limited to viscosity ratio of 1.000000e+05 in 825 cells 

 Reversed flow on 801 faces of pressure-outlet 7.
  1181  2.9997e-01  3.0788e-05  3.5080e-05  2.9852e-05  2.6707e-03  3.4433e-02  1.1573e-03  0:02:25   19

 turbulent viscosity limited to viscosity ratio of 1.000000e+05 in 825 cells 

 Reversed flow on 781 faces of pressure-outlet 7.
  1182  2.9858e-01  3.0771e-05  3.4842e-05  2.9794e-05  2.5130e-03  2.9006e-02  1.1568e-03  0:02:19   18

 turbulent viscosity limited to viscosity ratio of 1.000000e+05 in 825 cells 

 Reversed flow on 773 faces of pressure-outlet 7.
  1183  2.9792e-01  3.0746e-05  3.4622e-05  2.9755e-05  2.3823e-03  2.4761e-02  1.1564e-03  0:02:12   17

 turbulent viscosity limited to viscosity ratio of 1.000000e+05 in 825 cells 

 Reversed flow on 743 faces of pressure-outlet 7.
  1184  2.9621e-01  3.0680e-05  3.4452e-05  2.9723e-05  2.2711e-03  2.1367e-02  1.1559e-03  0:02:05   16

 turbulent viscosity limited to viscosity ratio of 1.000000e+05 in 825 cells 

 Reversed flow on 718 faces of pressure-outlet 7.
  1185  2.9477e-01  3.0616e-05  3.4319e-05  2.9710e-05  2.1684e-03  1.8363e-02  1.1554e-03  0:01:55   15

 turbulent viscosity limited to viscosity ratio of 1.000000e+05 in 825 cells 

 Reversed flow on 716 faces of pressure-outlet 7.

  iter  continuity  x-velocity  y-velocity  z-velocity           k     epsilon  vf-phase-2     time/iter
  1186  2.9326e-01  3.0559e-05  3.4156e-05  2.9722e-05  2.0806e-03  1.6817e-02  1.1549e-03  0:01:48   14

 turbulent viscosity limited to viscosity ratio of 1.000000e+05 in 825 cells 

 Reversed flow on 716 faces of pressure-outlet 7.
  1187  2.9231e-01  3.0492e-05  3.4031e-05  2.9748e-05  1.9983e-03  1.4980e-02  1.1545e-03  0:01:41   13

 turbulent viscosity limited to viscosity ratio of 1.000000e+05 in 825 cells 

 Reversed flow on 730 faces of pressure-outlet 7.
  1188  2.9189e-01  3.0441e-05  3.3880e-05  2.9765e-05  1.9248e-03  1.3316e-02  1.1540e-03  0:01:34   12

 turbulent viscosity limited to viscosity ratio of 1.000000e+05 in 825 cells 

 Reversed flow on 735 faces of pressure-outlet 7.
  1189  2.9097e-01  3.0375e-05  3.3742e-05  2.9753e-05  1.8567e-03  1.1553e-02  1.1535e-03  0:01:26   11

 turbulent viscosity limited to viscosity ratio of 1.000000e+05 in 824 cells 

 Reversed flow on 733 faces of pressure-outlet 7.
  1190  2.8973e-01  3.0311e-05  3.3596e-05  2.9761e-05  1.7996e-03  1.0947e-02  1.1531e-03  0:01:17   10

 turbulent viscosity limited to viscosity ratio of 1.000000e+05 in 824 cells 

 Reversed flow on 726 faces of pressure-outlet 7.
  1191  2.8948e-01  3.0274e-05  3.3472e-05  2.9740e-05  1.7469e-03  9.3641e-03  1.1527e-03  0:01:10    9

 turbulent viscosity limited to viscosity ratio of 1.000000e+05 in 824 cells 

 Reversed flow on 717 faces of pressure-outlet 7.
  1192  2.8852e-01  3.0278e-05  3.3384e-05  2.9724e-05  1.7032e-03  9.0610e-03  1.1523e-03  0:01:02    8

 turbulent viscosity limited to viscosity ratio of 1.000000e+05 in 824 cells 

 Reversed flow on 720 faces of pressure-outlet 7.
  1193  2.8801e-01  3.0281e-05  3.3309e-05  2.9734e-05  1.6666e-03  8.6130e-03  1.1519e-03  0:00:55    7

 turbulent viscosity limited to viscosity ratio of 1.000000e+05 in 824 cells 

 Reversed flow on 703 faces of pressure-outlet 7.
  1194  2.8761e-01  3.0281e-05  3.3248e-05  2.9730e-05  1.6355e-03  8.2344e-03  1.1515e-03  0:00:46    6

 turbulent viscosity limited to viscosity ratio of 1.000000e+05 in 824 cells 

 Reversed flow on 715 faces of pressure-outlet 7.
  1195  2.8690e-01  3.0267e-05  3.3187e-05  2.9734e-05  1.6075e-03  8.4272e-03  1.1511e-03  0:00:39    5

 turbulent viscosity limited to viscosity ratio of 1.000000e+05 in 825 cells 

 Reversed flow on 718 faces of pressure-outlet 7.
  1196  2.8658e-01  3.0243e-05  3.3122e-05  2.9741e-05  1.5813e-03  9.6242e-03  1.1506e-03  0:00:31    4

 turbulent viscosity limited to viscosity ratio of 1.000000e+05 in 825 cells 

 Reversed flow on 714 faces of pressure-outlet 7.

  iter  continuity  x-velocity  y-velocity  z-velocity           k     epsilon  vf-phase-2     time/iter
  1197  2.8677e-01  3.0242e-05  3.3120e-05  2.9745e-05  1.5634e-03  2.5118e-02  1.1501e-03  0:00:23    3

 turbulent viscosity limited to viscosity ratio of 1.000000e+05 in 825 cells 

 Reversed flow on 708 faces of pressure-outlet 7.
  1198  2.8664e-01  3.0319e-05  3.3130e-05  2.9797e-05  1.5592e-03  2.7617e-02  1.1496e-03  0:00:15    2

 turbulent viscosity limited to viscosity ratio of 1.000000e+05 in 826 cells 

 Reversed flow on 704 faces of pressure-outlet 7.
  1199  2.8662e-01  3.0271e-05  3.3013e-05  2.9746e-05  1.5225e-03  1.1642e-02  1.1493e-03  0:00:08    1

 turbulent viscosity limited to viscosity ratio of 1.000000e+05 in 826 cells 

 Reversed flow on 693 faces of pressure-outlet 7.
  1200  2.8623e-01  3.0257e-05  3.2971e-05  2.9711e-05  1.4940e-03  7.2916e-03  1.1489e-03  0:00:00    0
iterate_1200: RPC returned
progress: 1200/1500

  iter  continuity  x-velocity  y-velocity  z-velocity           k     epsilon  vf-phase-2     time/iter
  1200  2.8623e-01  3.0257e-05  3.2971e-05  2.9711e-05  1.4940e-03  7.2916e-03  1.1489e-03  0:03:15   25

 turbulent viscosity limited to viscosity ratio of 1.000000e+05 in 825 cells 

 Reversed flow on 694 faces of pressure-outlet 7.
  1201  2.8499e-01  3.0235e-05  3.2917e-05  2.9689e-05  1.4767e-03  8.1389e-03  1.1484e-03  0:03:08   24

 turbulent viscosity limited to viscosity ratio of 1.000000e+05 in 825 cells 

 Reversed flow on 699 faces of pressure-outlet 7.
  1202  2.8447e-01  3.0215e-05  3.2875e-05  2.9667e-05  1.4569e-03  7.0346e-03  1.1479e-03  0:03:01   23

 turbulent viscosity limited to viscosity ratio of 1.000000e+05 in 825 cells 

 Reversed flow on 702 faces of pressure-outlet 7.
  1203  2.8407e-01  3.0206e-05  3.2829e-05  2.9646e-05  1.4410e-03  7.1795e-03  1.1475e-03  0:02:54   22

 turbulent viscosity limited to viscosity ratio of 1.000000e+05 in 825 cells 

 Reversed flow on 699 faces of pressure-outlet 7.
  1204  2.8356e-01  3.0183e-05  3.2767e-05  2.9618e-05  1.4244e-03  6.6455e-03  1.1471e-03  0:02:46   21

 turbulent viscosity limited to viscosity ratio of 1.000000e+05 in 825 cells 

 Reversed flow on 704 faces of pressure-outlet 7.
  1205  2.8309e-01  3.0155e-05  3.2727e-05  2.9591e-05  1.4107e-03  6.9456e-03  1.1466e-03  0:02:35   20

 turbulent viscosity limited to viscosity ratio of 1.000000e+05 in 825 cells 

 Reversed flow on 698 faces of pressure-outlet 7.
  1206  2.8290e-01  3.0130e-05  3.2684e-05  2.9550e-05  1.3998e-03  6.6642e-03  1.1460e-03  0:02:28   19

 turbulent viscosity limited to viscosity ratio of 1.000000e+05 in 825 cells 

 Reversed flow on 696 faces of pressure-outlet 7.
  1207  2.8267e-01  3.0105e-05  3.2650e-05  2.9519e-05  1.3932e-03  7.0137e-03  1.1454e-03  0:02:21   18

 turbulent viscosity limited to viscosity ratio of 1.000000e+05 in 823 cells 

 Reversed flow on 699 faces of pressure-outlet 7.
  1208  2.8246e-01  3.0072e-05  3.2616e-05  2.9495e-05  1.3846e-03  6.1046e-03  1.1448e-03  0:02:14   17

 turbulent viscosity limited to viscosity ratio of 1.000000e+05 in 823 cells 

 Reversed flow on 703 faces of pressure-outlet 7.
  1209  2.8222e-01  3.0025e-05  3.2586e-05  2.9465e-05  1.3803e-03  6.3376e-03  1.1443e-03  0:02:03   16

 turbulent viscosity limited to viscosity ratio of 1.000000e+05 in 823 cells 

 Reversed flow on 702 faces of pressure-outlet 7.
  1210  2.8197e-01  2.9989e-05  3.2552e-05  2.9442e-05  1.3779e-03  6.2341e-03  1.1437e-03  0:01:56   15

 turbulent viscosity limited to viscosity ratio of 1.000000e+05 in 823 cells 

 Reversed flow on 698 faces of pressure-outlet 7.

  iter  continuity  x-velocity  y-velocity  z-velocity           k     epsilon  vf-phase-2     time/iter
  1211  2.8193e-01  2.9955e-05  3.2533e-05  2.9408e-05  1.3820e-03  3.3826e-02  1.1432e-03  0:01:49   14

 turbulent viscosity limited to viscosity ratio of 1.000000e+05 in 823 cells 

 Reversed flow on 703 faces of pressure-outlet 7.
  1212  2.8177e-01  2.9924e-05  3.2531e-05  2.9377e-05  1.4615e-03  2.3705e-01  1.1427e-03  0:01:42   13

 turbulent viscosity limited to viscosity ratio of 1.000000e+05 in 822 cells 

 Reversed flow on 711 faces of pressure-outlet 7.
  1213  2.8172e-01  2.9924e-05  3.2538e-05  2.9378e-05  1.5591e-03  1.5919e-01  1.1423e-03  0:01:32   12

 turbulent viscosity limited to viscosity ratio of 1.000000e+05 in 822 cells 

 Reversed flow on 711 faces of pressure-outlet 7.
  1214  2.8193e-01  2.9886e-05  3.2494e-05  2.9353e-05  1.4834e-03  6.2235e-02  1.1419e-03  0:01:25   11

 turbulent viscosity limited to viscosity ratio of 1.000000e+05 in 821 cells 

 Reversed flow on 701 faces of pressure-outlet 7.
  1215  2.8201e-01  2.9872e-05  3.2475e-05  2.9325e-05  1.3857e-03  1.3583e-02  1.1416e-03  0:01:18   10

 turbulent viscosity limited to viscosity ratio of 1.000000e+05 in 820 cells 

 Reversed flow on 703 faces of pressure-outlet 7.
  1216  2.8192e-01  2.9857e-05  3.2472e-05  2.9306e-05  1.3721e-03  7.1260e-03  1.1412e-03  0:01:10    9

 turbulent viscosity limited to viscosity ratio of 1.000000e+05 in 820 cells 

 Reversed flow on 701 faces of pressure-outlet 7.
  1217  2.8133e-01  2.9842e-05  3.2456e-05  2.9281e-05  1.3670e-03  6.4716e-03  1.1409e-03  0:01:01    8

 turbulent viscosity limited to viscosity ratio of 1.000000e+05 in 820 cells 

 Reversed flow on 703 faces of pressure-outlet 7.
  1218  2.8112e-01  2.9808e-05  3.2437e-05  2.9233e-05  1.3610e-03  6.0258e-03  1.1405e-03  0:00:54    7

 turbulent viscosity limited to viscosity ratio of 1.000000e+05 in 820 cells 

 Reversed flow on 699 faces of pressure-outlet 7.
  1219  2.8077e-01  2.9762e-05  3.2433e-05  2.9186e-05  1.3588e-03  6.2262e-03  1.1400e-03  0:00:47    6

 turbulent viscosity limited to viscosity ratio of 1.000000e+05 in 821 cells 

 Reversed flow on 704 faces of pressure-outlet 7.
  1220  2.8047e-01  2.9713e-05  3.2431e-05  2.9140e-05  1.3550e-03  5.6735e-03  1.1396e-03  0:00:39    5

 turbulent viscosity limited to viscosity ratio of 1.000000e+05 in 821 cells 

 Reversed flow on 704 faces of pressure-outlet 7.
  1221  2.8026e-01  2.9672e-05  3.2427e-05  2.9100e-05  1.3500e-03  5.1909e-03  1.1392e-03  0:00:31    4

 turbulent viscosity limited to viscosity ratio of 1.000000e+05 in 820 cells 

 Reversed flow on 708 faces of pressure-outlet 7.

  iter  continuity  x-velocity  y-velocity  z-velocity           k     epsilon  vf-phase-2     time/iter
  1222  2.8030e-01  2.9622e-05  3.2427e-05  2.9052e-05  1.3477e-03  5.8123e-03  1.1389e-03  0:00:23    3

 turbulent viscosity limited to viscosity ratio of 1.000000e+05 in 818 cells 

 Reversed flow on 705 faces of pressure-outlet 7.
  1223  2.8002e-01  2.9566e-05  3.2426e-05  2.9010e-05  1.3431e-03  5.4662e-03  1.1385e-03  0:00:16    2

 turbulent viscosity limited to viscosity ratio of 1.000000e+05 in 819 cells 

 Reversed flow on 708 faces of pressure-outlet 7.
  1224  2.7963e-01  2.9506e-05  3.2423e-05  2.8961e-05  1.3396e-03  5.0949e-03  1.1382e-03  0:00:08    1

 turbulent viscosity limited to viscosity ratio of 1.000000e+05 in 818 cells 

 Reversed flow on 705 faces of pressure-outlet 7.
  1225  2.7951e-01  2.9451e-05  3.2435e-05  2.8924e-05  1.3347e-03  4.6544e-03  1.1380e-03  0:00:00    0
iterate_1225: RPC returned
progress: 1225/1500

  iter  continuity  x-velocity  y-velocity  z-velocity           k     epsilon  vf-phase-2     time/iter
  1225  2.7951e-01  2.9451e-05  3.2435e-05  2.8924e-05  1.3347e-03  4.6544e-03  1.1380e-03  0:03:13   25

 turbulent viscosity limited to viscosity ratio of 1.000000e+05 in 818 cells 

 Reversed flow on 716 faces of pressure-outlet 7.
  1226  2.7929e-01  2.9389e-05  3.2442e-05  2.8880e-05  1.3316e-03  4.7908e-03  1.1378e-03  0:03:06   24

 turbulent viscosity limited to viscosity ratio of 1.000000e+05 in 818 cells 

 Reversed flow on 715 faces of pressure-outlet 7.
  1227  2.7914e-01  2.9338e-05  3.2450e-05  2.8845e-05  1.3312e-03  5.9235e-03  1.1376e-03  0:02:55   23

 turbulent viscosity limited to viscosity ratio of 1.000000e+05 in 818 cells 

 Reversed flow on 723 faces of pressure-outlet 7.
  1228  2.7903e-01  2.9287e-05  3.2455e-05  2.8805e-05  1.3284e-03  6.1039e-03  1.1374e-03  0:02:49   22

 turbulent viscosity limited to viscosity ratio of 1.000000e+05 in 818 cells 

 Reversed flow on 727 faces of pressure-outlet 7.
  1229  2.7866e-01  2.9234e-05  3.2466e-05  2.8773e-05  1.3241e-03  6.0453e-03  1.1371e-03  0:02:43   21

 turbulent viscosity limited to viscosity ratio of 1.000000e+05 in 818 cells 

 Reversed flow on 731 faces of pressure-outlet 7.
  1230  2.7835e-01  2.9185e-05  3.2475e-05  2.8724e-05  1.3207e-03  5.3816e-03  1.1369e-03  0:02:36   20

 turbulent viscosity limited to viscosity ratio of 1.000000e+05 in 818 cells 

 Reversed flow on 725 faces of pressure-outlet 7.
  1231  2.7824e-01  2.9140e-05  3.2483e-05  2.8689e-05  1.3202e-03  5.5503e-03  1.1367e-03  0:02:25   19

 turbulent viscosity limited to viscosity ratio of 1.000000e+05 in 818 cells 

 Reversed flow on 714 faces of pressure-outlet 7.
  1232  2.7833e-01  2.9092e-05  3.2500e-05  2.8664e-05  1.3164e-03  5.0631e-03  1.1365e-03  0:02:19   18

 turbulent viscosity limited to viscosity ratio of 1.000000e+05 in 819 cells 

 Reversed flow on 722 faces of pressure-outlet 7.
  1233  2.7806e-01  2.9051e-05  3.2513e-05  2.8642e-05  1.3140e-03  5.0943e-03  1.1362e-03  0:02:12   17

 turbulent viscosity limited to viscosity ratio of 1.000000e+05 in 820 cells 

 Reversed flow on 733 faces of pressure-outlet 7.
  1234  2.7781e-01  2.9005e-05  3.2529e-05  2.8610e-05  1.3132e-03  4.9430e-03  1.1360e-03  0:02:05   16

 turbulent viscosity limited to viscosity ratio of 1.000000e+05 in 820 cells 

 Reversed flow on 725 faces of pressure-outlet 7.
  1235  2.7725e-01  2.8949e-05  3.2549e-05  2.8594e-05  1.3142e-03  6.4284e-03  1.1358e-03  0:01:58   15

 turbulent viscosity limited to viscosity ratio of 1.000000e+05 in 820 cells 

 Reversed flow on 723 faces of pressure-outlet 7.

  iter  continuity  x-velocity  y-velocity  z-velocity           k     epsilon  vf-phase-2     time/iter
  1236  2.7682e-01  2.8904e-05  3.2572e-05  2.8579e-05  1.3136e-03  6.6747e-03  1.1356e-03  0:01:48   14

 turbulent viscosity limited to viscosity ratio of 1.000000e+05 in 820 cells 

 Reversed flow on 731 faces of pressure-outlet 7.
  1237  2.7655e-01  2.8871e-05  3.2589e-05  2.8565e-05  1.3139e-03  5.8856e-03  1.1355e-03  0:01:41   13

 turbulent viscosity limited to viscosity ratio of 1.000000e+05 in 820 cells 

 Reversed flow on 741 faces of pressure-outlet 7.
  1238  2.7620e-01  2.8835e-05  3.2612e-05  2.8540e-05  1.3139e-03  5.6371e-03  1.1354e-03  0:01:34   12

 turbulent viscosity limited to viscosity ratio of 1.000000e+05 in 820 cells 

 Reversed flow on 743 faces of pressure-outlet 7.
  1239  2.7557e-01  2.8801e-05  3.2627e-05  2.8516e-05  1.3124e-03  5.7867e-03  1.1352e-03  0:01:26   11

 turbulent viscosity limited to viscosity ratio of 1.000000e+05 in 820 cells 

 Reversed flow on 741 faces of pressure-outlet 7.
  1240  2.7527e-01  2.8767e-05  3.2650e-05  2.8498e-05  1.3126e-03  6.0039e-03  1.1351e-03  0:01:17   10

 turbulent viscosity limited to viscosity ratio of 1.000000e+05 in 819 cells 

 Reversed flow on 733 faces of pressure-outlet 7.
  1241  2.7473e-01  2.8721e-05  3.2672e-05  2.8478e-05  1.3107e-03  5.3383e-03  1.1349e-03  0:01:10    9

 turbulent viscosity limited to viscosity ratio of 1.000000e+05 in 819 cells 

 Reversed flow on 737 faces of pressure-outlet 7.
  1242  2.7437e-01  2.8688e-05  3.2697e-05  2.8467e-05  1.3094e-03  5.0570e-03  1.1347e-03  0:01:02    8

 turbulent viscosity limited to viscosity ratio of 1.000000e+05 in 819 cells 

 Reversed flow on 739 faces of pressure-outlet 7.
  1243  2.7417e-01  2.8662e-05  3.2724e-05  2.8452e-05  1.3095e-03  4.5888e-03  1.1345e-03  0:00:53    7

 turbulent viscosity limited to viscosity ratio of 1.000000e+05 in 819 cells 

 Reversed flow on 734 faces of pressure-outlet 7.
  1244  2.7392e-01  2.8628e-05  3.2746e-05  2.8437e-05  1.3119e-03  5.3919e-03  1.1342e-03  0:00:46    6

 turbulent viscosity limited to viscosity ratio of 1.000000e+05 in 819 cells 

 Reversed flow on 738 faces of pressure-outlet 7.
  1245  2.7362e-01  2.8610e-05  3.2771e-05  2.8428e-05  1.3132e-03  5.0940e-03  1.1340e-03  0:00:39    5

 turbulent viscosity limited to viscosity ratio of 1.000000e+05 in 819 cells 

 Reversed flow on 742 faces of pressure-outlet 7.
  1246  2.7322e-01  2.8589e-05  3.2791e-05  2.8410e-05  1.3125e-03  5.1113e-03  1.1339e-03  0:00:31    4

 turbulent viscosity limited to viscosity ratio of 1.000000e+05 in 819 cells 

 Reversed flow on 744 faces of pressure-outlet 7.

  iter  continuity  x-velocity  y-velocity  z-velocity           k     epsilon  vf-phase-2     time/iter
  1247  2.7292e-01  2.8577e-05  3.2815e-05  2.8394e-05  1.3155e-03  5.6169e-03  1.1337e-03  0:00:23    3

 turbulent viscosity limited to viscosity ratio of 1.000000e+05 in 819 cells 

 Reversed flow on 738 faces of pressure-outlet 7.
  1248  2.7271e-01  2.8559e-05  3.2836e-05  2.8386e-05  1.3172e-03  5.6224e-03  1.1336e-03  0:00:15    2

 turbulent viscosity limited to viscosity ratio of 1.000000e+05 in 819 cells 

 Reversed flow on 745 faces of pressure-outlet 7.
  1249  2.7253e-01  2.8548e-05  3.2856e-05  2.8385e-05  1.3182e-03  5.6362e-03  1.1334e-03  0:00:08    1

 turbulent viscosity limited to viscosity ratio of 1.000000e+05 in 819 cells 

 Reversed flow on 754 faces of pressure-outlet 7.
  1250  2.7253e-01  2.8537e-05  3.2882e-05  2.8378e-05  1.3191e-03  5.6769e-03  1.1332e-03  0:00:00    0
iterate_1250: RPC returned
progress: 1250/1500

  iter  continuity  x-velocity  y-velocity  z-velocity           k     epsilon  vf-phase-2     time/iter
  1250  2.7253e-01  2.8537e-05  3.2882e-05  2.8378e-05  1.3191e-03  5.6769e-03  1.1332e-03  0:03:11   25

 turbulent viscosity limited to viscosity ratio of 1.000000e+05 in 818 cells 

 Reversed flow on 752 faces of pressure-outlet 7.
  1251  2.7241e-01  2.8527e-05  3.2898e-05  2.8369e-05  1.3219e-03  5.3390e-03  1.1330e-03  0:03:05   24

 turbulent viscosity limited to viscosity ratio of 1.000000e+05 in 819 cells 

 Reversed flow on 762 faces of pressure-outlet 7.
  1252  2.7230e-01  2.8519e-05  3.2916e-05  2.8365e-05  1.3218e-03  4.8610e-03  1.1328e-03  0:02:58   23

 turbulent viscosity limited to viscosity ratio of 1.000000e+05 in 819 cells 

 Reversed flow on 761 faces of pressure-outlet 7.
  1253  2.7194e-01  2.8500e-05  3.2932e-05  2.8348e-05  1.3267e-03  4.9813e-03  1.1327e-03  0:02:52   22

 turbulent viscosity limited to viscosity ratio of 1.000000e+05 in 819 cells 

 Reversed flow on 755 faces of pressure-outlet 7.
  1254  2.7181e-01  2.8494e-05  3.2956e-05  2.8352e-05  1.3284e-03  4.7965e-03  1.1325e-03  0:02:41   21

 turbulent viscosity limited to viscosity ratio of 1.000000e+05 in 819 cells 

 Reversed flow on 747 faces of pressure-outlet 7.
  1255  2.7178e-01  2.8489e-05  3.2973e-05  2.8343e-05  1.3310e-03  5.0230e-03  1.1323e-03  0:02:34   20

 turbulent viscosity limited to viscosity ratio of 1.000000e+05 in 819 cells 

 Reversed flow on 753 faces of pressure-outlet 7.
  1256  2.7169e-01  2.8491e-05  3.2998e-05  2.8339e-05  1.3339e-03  4.7198e-03  1.1321e-03  0:02:28   19

 turbulent viscosity limited to viscosity ratio of 1.000000e+05 in 819 cells 

 Reversed flow on 757 faces of pressure-outlet 7.
  1257  2.7161e-01  2.8490e-05  3.3031e-05  2.8339e-05  1.3362e-03  4.7094e-03  1.1319e-03  0:02:21   18

 turbulent viscosity limited to viscosity ratio of 1.000000e+05 in 819 cells 

 Reversed flow on 757 faces of pressure-outlet 7.
  1258  2.7156e-01  2.8487e-05  3.3051e-05  2.8335e-05  1.3395e-03  4.6753e-03  1.1317e-03  0:02:10   17

 turbulent viscosity limited to viscosity ratio of 1.000000e+05 in 819 cells 

 Reversed flow on 751 faces of pressure-outlet 7.
  1259  2.7153e-01  2.8478e-05  3.3075e-05  2.8332e-05  1.3432e-03  4.4923e-03  1.1315e-03  0:02:04   16

 turbulent viscosity limited to viscosity ratio of 1.000000e+05 in 819 cells 

 Reversed flow on 749 faces of pressure-outlet 7.
  1260  2.7133e-01  2.8473e-05  3.3097e-05  2.8333e-05  1.3467e-03  4.9376e-03  1.1313e-03  0:01:57   15

 turbulent viscosity limited to viscosity ratio of 1.000000e+05 in 818 cells 

 Reversed flow on 758 faces of pressure-outlet 7.

  iter  continuity  x-velocity  y-velocity  z-velocity           k     epsilon  vf-phase-2     time/iter
  1261  2.7145e-01  2.8462e-05  3.3119e-05  2.8333e-05  1.3499e-03  4.7934e-03  1.1312e-03  0:01:50   14

 turbulent viscosity limited to viscosity ratio of 1.000000e+05 in 818 cells 

 Reversed flow on 750 faces of pressure-outlet 7.
  1262  2.7128e-01  2.8454e-05  3.3141e-05  2.8328e-05  1.3566e-03  6.7935e-03  1.1310e-03  0:01:42   13

 turbulent viscosity limited to viscosity ratio of 1.000000e+05 in 818 cells 

 Reversed flow on 761 faces of pressure-outlet 7.
  1263  2.7134e-01  2.8456e-05  3.3170e-05  2.8323e-05  1.3590e-03  6.5277e-03  1.1308e-03  0:01:32   12

 turbulent viscosity limited to viscosity ratio of 1.000000e+05 in 817 cells 

 Reversed flow on 758 faces of pressure-outlet 7.
  1264  2.7134e-01  2.8450e-05  3.3200e-05  2.8322e-05  1.3619e-03  5.8919e-03  1.1306e-03  0:01:25   11

 turbulent viscosity limited to viscosity ratio of 1.000000e+05 in 817 cells 

 Reversed flow on 756 faces of pressure-outlet 7.
  1265  2.7123e-01  2.8449e-05  3.3210e-05  2.8331e-05  1.3619e-03  5.0065e-03  1.1304e-03  0:01:18   10

 turbulent viscosity limited to viscosity ratio of 1.000000e+05 in 817 cells 

 Reversed flow on 748 faces of pressure-outlet 7.
  1266  2.7123e-01  2.8443e-05  3.3226e-05  2.8338e-05  1.3644e-03  5.0617e-03  1.1301e-03  0:01:11    9

 turbulent viscosity limited to viscosity ratio of 1.000000e+05 in 817 cells 

 Reversed flow on 742 faces of pressure-outlet 7.
  1267  2.7109e-01  2.8438e-05  3.3255e-05  2.8338e-05  1.3671e-03  5.3004e-03  1.1298e-03  0:01:01    8

 turbulent viscosity limited to viscosity ratio of 1.000000e+05 in 817 cells 

 Reversed flow on 750 faces of pressure-outlet 7.
  1268  2.7109e-01  2.8430e-05  3.3285e-05  2.8338e-05  1.3701e-03  5.2340e-03  1.1295e-03  0:00:54    7

 turbulent viscosity limited to viscosity ratio of 1.000000e+05 in 817 cells 

 Reversed flow on 749 faces of pressure-outlet 7.
  1269  2.7127e-01  2.8429e-05  3.3320e-05  2.8337e-05  1.3742e-03  6.1650e-03  1.1293e-03  0:00:47    6

 turbulent viscosity limited to viscosity ratio of 1.000000e+05 in 817 cells 

 Reversed flow on 751 faces of pressure-outlet 7.
  1270  2.7146e-01  2.8423e-05  3.3357e-05  2.8330e-05  1.3764e-03  5.7218e-03  1.1290e-03  0:00:39    5

 turbulent viscosity limited to viscosity ratio of 1.000000e+05 in 817 cells 

 Reversed flow on 746 faces of pressure-outlet 7.
  1271  2.7150e-01  2.8410e-05  3.3379e-05  2.8328e-05  1.3769e-03  5.6780e-03  1.1288e-03  0:00:31    4

 turbulent viscosity limited to viscosity ratio of 1.000000e+05 in 817 cells 

 Reversed flow on 756 faces of pressure-outlet 7.

  iter  continuity  x-velocity  y-velocity  z-velocity           k     epsilon  vf-phase-2     time/iter
  1272  2.7162e-01  2.8405e-05  3.3399e-05  2.8328e-05  1.3787e-03  5.6167e-03  1.1285e-03  0:00:23    3

 turbulent viscosity limited to viscosity ratio of 1.000000e+05 in 816 cells 

 Reversed flow on 743 faces of pressure-outlet 7.
  1273  2.7163e-01  2.8400e-05  3.3427e-05  2.8323e-05  1.3828e-03  5.4071e-03  1.1283e-03  0:00:16    2

 turbulent viscosity limited to viscosity ratio of 1.000000e+05 in 816 cells 

 Reversed flow on 732 faces of pressure-outlet 7.
  1274  2.7175e-01  2.8396e-05  3.3450e-05  2.8321e-05  1.3825e-03  5.0693e-03  1.1281e-03  0:00:08    1

 turbulent viscosity limited to viscosity ratio of 1.000000e+05 in 816 cells 

 Reversed flow on 739 faces of pressure-outlet 7.
  1275  2.7216e-01  2.8398e-05  3.3476e-05  2.8325e-05  1.3862e-03  5.6218e-03  1.1278e-03  0:00:00    0
iterate_1275: RPC returned
progress: 1275/1500

  iter  continuity  x-velocity  y-velocity  z-velocity           k     epsilon  vf-phase-2     time/iter
  1275  2.7216e-01  2.8398e-05  3.3476e-05  2.8325e-05  1.3862e-03  5.6218e-03  1.1278e-03  0:03:16   25

 turbulent viscosity limited to viscosity ratio of 1.000000e+05 in 816 cells 

 Reversed flow on 745 faces of pressure-outlet 7.
  1276  2.7244e-01  2.8391e-05  3.3492e-05  2.8325e-05  1.3910e-03  6.3663e-03  1.1274e-03  0:03:09   24

 turbulent viscosity limited to viscosity ratio of 1.000000e+05 in 816 cells 

 Reversed flow on 754 faces of pressure-outlet 7.
  1277  2.7241e-01  2.8376e-05  3.3510e-05  2.8319e-05  1.3928e-03  5.9743e-03  1.1270e-03  0:03:02   23

 turbulent viscosity limited to viscosity ratio of 1.000000e+05 in 816 cells 

 Reversed flow on 754 faces of pressure-outlet 7.
  1278  2.7278e-01  2.8366e-05  3.3536e-05  2.8316e-05  1.3974e-03  5.8609e-03  1.1266e-03  0:02:54   22

 turbulent viscosity limited to viscosity ratio of 1.000000e+05 in 816 cells 

 Reversed flow on 736 faces of pressure-outlet 7.
  1279  2.7281e-01  2.8356e-05  3.3563e-05  2.8315e-05  1.3993e-03  5.7627e-03  1.1263e-03  0:02:42   21

 turbulent viscosity limited to viscosity ratio of 1.000000e+05 in 816 cells 

 Reversed flow on 737 faces of pressure-outlet 7.
  1280  2.7294e-01  2.8347e-05  3.3573e-05  2.8309e-05  1.4031e-03  5.7111e-03  1.1259e-03  0:02:36   20

 turbulent viscosity limited to viscosity ratio of 1.000000e+05 in 816 cells 

 Reversed flow on 747 faces of pressure-outlet 7.
  1281  2.7323e-01  2.8335e-05  3.3590e-05  2.8300e-05  1.4040e-03  4.9895e-03  1.1254e-03  0:02:29   19

 turbulent viscosity limited to viscosity ratio of 1.000000e+05 in 816 cells 

 Reversed flow on 748 faces of pressure-outlet 7.
  1282  2.7353e-01  2.8333e-05  3.3604e-05  2.8290e-05  1.4087e-03  5.5036e-03  1.1249e-03  0:02:22   18

 turbulent viscosity limited to viscosity ratio of 1.000000e+05 in 816 cells 

 Reversed flow on 744 faces of pressure-outlet 7.
  1283  2.7346e-01  2.8326e-05  3.3631e-05  2.8276e-05  1.4115e-03  5.2064e-03  1.1245e-03  0:02:11   17

 turbulent viscosity limited to viscosity ratio of 1.000000e+05 in 817 cells 

 Reversed flow on 745 faces of pressure-outlet 7.
  1284  2.7363e-01  2.8311e-05  3.3651e-05  2.8264e-05  1.4162e-03  5.6008e-03  1.1240e-03  0:02:04   16

 turbulent viscosity limited to viscosity ratio of 1.000000e+05 in 817 cells 

 Reversed flow on 749 faces of pressure-outlet 7.
  1285  2.7361e-01  2.8297e-05  3.3672e-05  2.8263e-05  1.4245e-03  7.2566e-03  1.1236e-03  0:01:57   15

 turbulent viscosity limited to viscosity ratio of 1.000000e+05 in 817 cells 

 Reversed flow on 748 faces of pressure-outlet 7.

  iter  continuity  x-velocity  y-velocity  z-velocity           k     epsilon  vf-phase-2     time/iter
  1286  2.7405e-01  2.8291e-05  3.3688e-05  2.8256e-05  1.4272e-03  6.1229e-03  1.1231e-03  0:01:50   14

 turbulent viscosity limited to viscosity ratio of 1.000000e+05 in 817 cells 

 Reversed flow on 751 faces of pressure-outlet 7.
  1287  2.7439e-01  2.8281e-05  3.3703e-05  2.8251e-05  1.4305e-03  6.0614e-03  1.1226e-03  0:01:40   13

 turbulent viscosity limited to viscosity ratio of 1.000000e+05 in 818 cells 

 Reversed flow on 743 faces of pressure-outlet 7.
  1288  2.7436e-01  2.8277e-05  3.3713e-05  2.8254e-05  1.4338e-03  5.8312e-03  1.1221e-03  0:01:33   12

 turbulent viscosity limited to viscosity ratio of 1.000000e+05 in 818 cells 

 Reversed flow on 741 faces of pressure-outlet 7.
  1289  2.7459e-01  2.8272e-05  3.3731e-05  2.8246e-05  1.4348e-03  5.8640e-03  1.1216e-03  0:01:26   11

 turbulent viscosity limited to viscosity ratio of 1.000000e+05 in 818 cells 

 Reversed flow on 739 faces of pressure-outlet 7.
  1290  2.7478e-01  2.8262e-05  3.3747e-05  2.8235e-05  1.4394e-03  6.2317e-03  1.1211e-03  0:01:18   10

 turbulent viscosity limited to viscosity ratio of 1.000000e+05 in 817 cells 

 Reversed flow on 731 faces of pressure-outlet 7.
  1291  2.7476e-01  2.8251e-05  3.3771e-05  2.8237e-05  1.4445e-03  6.1720e-03  1.1204e-03  0:01:09    9

 turbulent viscosity limited to viscosity ratio of 1.000000e+05 in 817 cells 

 Reversed flow on 739 faces of pressure-outlet 7.
  1292  2.7509e-01  2.8248e-05  3.3791e-05  2.8234e-05  1.4474e-03  5.9671e-03  1.1199e-03  0:01:02    8

 turbulent viscosity limited to viscosity ratio of 1.000000e+05 in 817 cells 

 Reversed flow on 744 faces of pressure-outlet 7.
  1293  2.7524e-01  2.8251e-05  3.3815e-05  2.8232e-05  1.4487e-03  5.4603e-03  1.1193e-03  0:00:55    7

 turbulent viscosity limited to viscosity ratio of 1.000000e+05 in 817 cells 

 Reversed flow on 746 faces of pressure-outlet 7.
  1294  2.7541e-01  2.8240e-05  3.3833e-05  2.8230e-05  1.4548e-03  8.7234e-03  1.1186e-03  0:00:47    6

 turbulent viscosity limited to viscosity ratio of 1.000000e+05 in 816 cells 

 Reversed flow on 744 faces of pressure-outlet 7.
  1295  2.7538e-01  2.8216e-05  3.3847e-05  2.8244e-05  1.4612e-03  8.0290e-03  1.1180e-03  0:00:38    5

 turbulent viscosity limited to viscosity ratio of 1.000000e+05 in 816 cells 

 Reversed flow on 743 faces of pressure-outlet 7.
  1296  2.7568e-01  2.8220e-05  3.3862e-05  2.8237e-05  1.4596e-03  6.9332e-03  1.1174e-03  0:00:31    4

 turbulent viscosity limited to viscosity ratio of 1.000000e+05 in 816 cells 

 Reversed flow on 748 faces of pressure-outlet 7.

  iter  continuity  x-velocity  y-velocity  z-velocity           k     epsilon  vf-phase-2     time/iter
  1297  2.7573e-01  2.8215e-05  3.3885e-05  2.8231e-05  1.4611e-03  7.1878e-03  1.1167e-03  0:00:23    3

 turbulent viscosity limited to viscosity ratio of 1.000000e+05 in 816 cells 

 Reversed flow on 750 faces of pressure-outlet 7.
  1298  2.7612e-01  2.8214e-05  3.3913e-05  2.8224e-05  1.4610e-03  6.7406e-03  1.1160e-03  0:00:16    2

 turbulent viscosity limited to viscosity ratio of 1.000000e+05 in 817 cells 

 Reversed flow on 740 faces of pressure-outlet 7.
  1299  2.7635e-01  2.8208e-05  3.3932e-05  2.8216e-05  1.4619e-03  7.2029e-03  1.1153e-03  0:00:08    1

 turbulent viscosity limited to viscosity ratio of 1.000000e+05 in 817 cells 

 Reversed flow on 733 faces of pressure-outlet 7.
  1300  2.7638e-01  2.8204e-05  3.3949e-05  2.8224e-05  1.4632e-03  6.9188e-03  1.1146e-03  0:00:00    0
iterate_1300: RPC returned
progress: 1300/1500

  iter  continuity  x-velocity  y-velocity  z-velocity           k     epsilon  vf-phase-2     time/iter
  1300  2.7638e-01  2.8204e-05  3.3949e-05  2.8224e-05  1.4632e-03  6.9188e-03  1.1146e-03  0:03:13   25

 turbulent viscosity limited to viscosity ratio of 1.000000e+05 in 817 cells 

 Reversed flow on 731 faces of pressure-outlet 7.
  1301  2.7647e-01  2.8197e-05  3.3965e-05  2.8239e-05  1.4635e-03  7.5333e-03  1.1140e-03  0:03:12   24

 turbulent viscosity limited to viscosity ratio of 1.000000e+05 in 817 cells 

 Reversed flow on 746 faces of pressure-outlet 7.
  1302  2.7658e-01  2.8179e-05  3.3979e-05  2.8251e-05  1.4627e-03  6.3204e-03  1.1134e-03  0:02:59   23

 turbulent viscosity limited to viscosity ratio of 1.000000e+05 in 817 cells 

 Reversed flow on 738 faces of pressure-outlet 7.
  1303  2.7669e-01  2.8172e-05  3.3995e-05  2.8245e-05  1.4630e-03  6.2036e-03  1.1128e-03  0:02:52   22

 turbulent viscosity limited to viscosity ratio of 1.000000e+05 in 817 cells 

 Reversed flow on 735 faces of pressure-outlet 7.
  1304  2.7666e-01  2.8162e-05  3.4014e-05  2.8237e-05  1.4608e-03  5.4515e-03  1.1123e-03  0:02:45   21

 turbulent viscosity limited to viscosity ratio of 1.000000e+05 in 817 cells 

 Reversed flow on 737 faces of pressure-outlet 7.
  1305  2.7678e-01  2.8145e-05  3.4033e-05  2.8235e-05  1.4654e-03  7.4666e-03  1.1117e-03  0:02:38   20

 turbulent viscosity limited to viscosity ratio of 1.000000e+05 in 817 cells 

 Reversed flow on 743 faces of pressure-outlet 7.
  1306  2.7693e-01  2.8128e-05  3.4051e-05  2.8247e-05  1.4673e-03  6.6809e-03  1.1112e-03  0:02:27   19

 turbulent viscosity limited to viscosity ratio of 1.000000e+05 in 817 cells 

 Reversed flow on 730 faces of pressure-outlet 7.
  1307  2.7717e-01  2.8105e-05  3.4071e-05  2.8253e-05  1.4683e-03  6.8253e-03  1.1109e-03  0:02:20   18

 turbulent viscosity limited to viscosity ratio of 1.000000e+05 in 816 cells 

 Reversed flow on 734 faces of pressure-outlet 7.
  1308  2.7738e-01  2.8099e-05  3.4082e-05  2.8252e-05  1.4653e-03  6.2038e-03  1.1105e-03  0:02:13   17

 turbulent viscosity limited to viscosity ratio of 1.000000e+05 in 816 cells 

 Reversed flow on 738 faces of pressure-outlet 7.
  1309  2.7719e-01  2.8101e-05  3.4086e-05  2.8242e-05  1.4645e-03  5.8259e-03  1.1101e-03  0:02:06   16

 turbulent viscosity limited to viscosity ratio of 1.000000e+05 in 816 cells 

 Reversed flow on 741 faces of pressure-outlet 7.
  1310  2.7682e-01  2.8083e-05  3.4102e-05  2.8244e-05  1.4684e-03  7.9470e-03  1.1097e-03  0:01:58   15

 turbulent viscosity limited to viscosity ratio of 1.000000e+05 in 816 cells 

 Reversed flow on 747 faces of pressure-outlet 7.

  iter  continuity  x-velocity  y-velocity  z-velocity           k     epsilon  vf-phase-2     time/iter
  1311  2.7681e-01  2.8069e-05  3.4118e-05  2.8244e-05  1.4673e-03  7.4499e-03  1.1093e-03  0:01:48   14

 turbulent viscosity limited to viscosity ratio of 1.000000e+05 in 816 cells 

 Reversed flow on 752 faces of pressure-outlet 7.
  1312  2.7688e-01  2.8047e-05  3.4123e-05  2.8237e-05  1.4672e-03  7.4365e-03  1.1089e-03  0:01:41   13

 turbulent viscosity limited to viscosity ratio of 1.000000e+05 in 815 cells 

 Reversed flow on 741 faces of pressure-outlet 7.
  1313  2.7681e-01  2.8031e-05  3.4136e-05  2.8223e-05  1.4701e-03  7.4227e-03  1.1086e-03  0:01:34   12

 turbulent viscosity limited to viscosity ratio of 1.000000e+05 in 816 cells 

 Reversed flow on 741 faces of pressure-outlet 7.
  1314  2.7672e-01  2.8017e-05  3.4149e-05  2.8215e-05  1.4695e-03  7.4278e-03  1.1083e-03  0:01:26   11

 turbulent viscosity limited to viscosity ratio of 1.000000e+05 in 815 cells 

 Reversed flow on 743 faces of pressure-outlet 7.
  1315  2.7657e-01  2.8002e-05  3.4161e-05  2.8205e-05  1.4675e-03  6.7234e-03  1.1079e-03  0:01:17   10

 turbulent viscosity limited to viscosity ratio of 1.000000e+05 in 814 cells 

 Reversed flow on 740 faces of pressure-outlet 7.
  1316  2.7666e-01  2.7987e-05  3.4170e-05  2.8193e-05  1.4662e-03  6.5984e-03  1.1075e-03  0:01:10    9

 turbulent viscosity limited to viscosity ratio of 1.000000e+05 in 814 cells 

 Reversed flow on 750 faces of pressure-outlet 7.
  1317  2.7641e-01  2.7969e-05  3.4177e-05  2.8181e-05  1.4663e-03  6.9947e-03  1.1072e-03  0:01:02    8

 turbulent viscosity limited to viscosity ratio of 1.000000e+05 in 814 cells 

 Reversed flow on 753 faces of pressure-outlet 7.
  1318  2.7626e-01  2.7940e-05  3.4185e-05  2.8168e-05  1.4665e-03  6.3211e-03  1.1069e-03  0:00:55    7

 turbulent viscosity limited to viscosity ratio of 1.000000e+05 in 814 cells 

 Reversed flow on 751 faces of pressure-outlet 7.
  1319  2.7616e-01  2.7916e-05  3.4199e-05  2.8158e-05  1.4627e-03  5.4106e-03  1.1066e-03  0:00:46    6

 turbulent viscosity limited to viscosity ratio of 1.000000e+05 in 813 cells 

 Reversed flow on 745 faces of pressure-outlet 7.
  1320  2.7599e-01  2.7893e-05  3.4212e-05  2.8149e-05  1.4657e-03  6.5911e-03  1.1064e-03  0:00:39    5

 turbulent viscosity limited to viscosity ratio of 1.000000e+05 in 813 cells 

 Reversed flow on 750 faces of pressure-outlet 7.
  1321  2.7611e-01  2.7885e-05  3.4222e-05  2.8138e-05  1.4630e-03  5.9520e-03  1.1061e-03  0:00:31    4

 turbulent viscosity limited to viscosity ratio of 1.000000e+05 in 812 cells 

 Reversed flow on 750 faces of pressure-outlet 7.

  iter  continuity  x-velocity  y-velocity  z-velocity           k     epsilon  vf-phase-2     time/iter
  1322  2.7594e-01  2.7858e-05  3.4237e-05  2.8120e-05  1.4615e-03  5.9503e-03  1.1059e-03  0:00:23    3

 turbulent viscosity limited to viscosity ratio of 1.000000e+05 in 812 cells 

 Reversed flow on 756 faces of pressure-outlet 7.
  1323  2.7588e-01  2.7841e-05  3.4251e-05  2.8104e-05  1.4644e-03  7.2023e-03  1.1057e-03  0:00:15    2

 turbulent viscosity limited to viscosity ratio of 1.000000e+05 in 812 cells 

 Reversed flow on 747 faces of pressure-outlet 7.
  1324  2.7585e-01  2.7816e-05  3.4263e-05  2.8098e-05  1.4644e-03  7.0666e-03  1.1055e-03  0:00:08    1

 turbulent viscosity limited to viscosity ratio of 1.000000e+05 in 811 cells 

 Reversed flow on 749 faces of pressure-outlet 7.
  1325  2.7603e-01  2.7798e-05  3.4282e-05  2.8095e-05  1.4645e-03  6.5665e-03  1.1053e-03  0:00:00    0
iterate_1325: RPC returned
progress: 1325/1500

  iter  continuity  x-velocity  y-velocity  z-velocity           k     epsilon  vf-phase-2     time/iter
  1325  2.7603e-01  2.7798e-05  3.4282e-05  2.8095e-05  1.4645e-03  6.5665e-03  1.1053e-03  0:03:15   25

 turbulent viscosity limited to viscosity ratio of 1.000000e+05 in 811 cells 

 Reversed flow on 740 faces of pressure-outlet 7.
  1326  2.7606e-01  2.7778e-05  3.4300e-05  2.8091e-05  1.4635e-03  6.5197e-03  1.1052e-03  0:03:08   24

 turbulent viscosity limited to viscosity ratio of 1.000000e+05 in 811 cells 

 Reversed flow on 741 faces of pressure-outlet 7.
  1327  2.7616e-01  2.7762e-05  3.4325e-05  2.8082e-05  1.4604e-03  6.0095e-03  1.1050e-03  0:03:01   23

 turbulent viscosity limited to viscosity ratio of 1.000000e+05 in 810 cells 

 Reversed flow on 744 faces of pressure-outlet 7.
  1328  2.7626e-01  2.7739e-05  3.4346e-05  2.8069e-05  1.4594e-03  5.8932e-03  1.1048e-03  0:02:54   22

 turbulent viscosity limited to viscosity ratio of 1.000000e+05 in 810 cells 

 Reversed flow on 746 faces of pressure-outlet 7.
  1329  2.7597e-01  2.7721e-05  3.4367e-05  2.8066e-05  1.4606e-03  6.6053e-03  1.1046e-03  0:02:46   21

 turbulent viscosity limited to viscosity ratio of 1.000000e+05 in 810 cells 

 Reversed flow on 753 faces of pressure-outlet 7.
  1330  2.7593e-01  2.7708e-05  3.4383e-05  2.8061e-05  1.4633e-03  7.6536e-03  1.1045e-03  0:02:35   20

 turbulent viscosity limited to viscosity ratio of 1.000000e+05 in 810 cells 

 Reversed flow on 751 faces of pressure-outlet 7.
  1331  2.7570e-01  2.7692e-05  3.4396e-05  2.8059e-05  1.4602e-03  7.7467e-03  1.1043e-03  0:02:28   19

 turbulent viscosity limited to viscosity ratio of 1.000000e+05 in 810 cells 

 Reversed flow on 750 faces of pressure-outlet 7.
  1332  2.7606e-01  2.7677e-05  3.4406e-05  2.8053e-05  1.4613e-03  7.9940e-03  1.1042e-03  0:02:21   18

 turbulent viscosity limited to viscosity ratio of 1.000000e+05 in 810 cells 

 Reversed flow on 747 faces of pressure-outlet 7.
  1333  2.7599e-01  2.7659e-05  3.4418e-05  2.8049e-05  1.4586e-03  7.4263e-03  1.1040e-03  0:02:14   17

 turbulent viscosity limited to viscosity ratio of 1.000000e+05 in 811 cells 

 Reversed flow on 755 faces of pressure-outlet 7.
  1334  2.7626e-01  2.7646e-05  3.4438e-05  2.8039e-05  1.4554e-03  6.5631e-03  1.1039e-03  0:02:03   16

 turbulent viscosity limited to viscosity ratio of 1.000000e+05 in 810 cells 

 Reversed flow on 756 faces of pressure-outlet 7.
  1335  2.7656e-01  2.7637e-05  3.4454e-05  2.8044e-05  1.4552e-03  6.7672e-03  1.1036e-03  0:01:56   15

 turbulent viscosity limited to viscosity ratio of 1.000000e+05 in 811 cells 

 Reversed flow on 746 faces of pressure-outlet 7.

  iter  continuity  x-velocity  y-velocity  z-velocity           k     epsilon  vf-phase-2     time/iter
  1336  2.7694e-01  2.7637e-05  3.4461e-05  2.8049e-05  1.4522e-03  6.3621e-03  1.1034e-03  0:01:49   14

 turbulent viscosity limited to viscosity ratio of 1.000000e+05 in 812 cells 

 Reversed flow on 746 faces of pressure-outlet 7.
  1337  2.7691e-01  2.7634e-05  3.4468e-05  2.8044e-05  1.4520e-03  6.5836e-03  1.1033e-03  0:01:42   13

 turbulent viscosity limited to viscosity ratio of 1.000000e+05 in 812 cells 

 Reversed flow on 742 faces of pressure-outlet 7.
  1338  2.7703e-01  2.7627e-05  3.4485e-05  2.8053e-05  1.4519e-03  6.9903e-03  1.1031e-03  0:01:32   12

 turbulent viscosity limited to viscosity ratio of 1.000000e+05 in 812 cells 

 Reversed flow on 747 faces of pressure-outlet 7.
  1339  2.7724e-01  2.7633e-05  3.4507e-05  2.8053e-05  1.4504e-03  7.1135e-03  1.1030e-03  0:01:25   11

 turbulent viscosity limited to viscosity ratio of 1.000000e+05 in 812 cells 

 Reversed flow on 743 faces of pressure-outlet 7.
  1340  2.7750e-01  2.7629e-05  3.4522e-05  2.8046e-05  1.4506e-03  7.2290e-03  1.1029e-03  0:01:18   10

 turbulent viscosity limited to viscosity ratio of 1.000000e+05 in 813 cells 

 Reversed flow on 743 faces of pressure-outlet 7.
  1341  2.7743e-01  2.7633e-05  3.4523e-05  2.8047e-05  1.4468e-03  6.6231e-03  1.1029e-03  0:01:09    9

 turbulent viscosity limited to viscosity ratio of 1.000000e+05 in 813 cells 

 Reversed flow on 752 faces of pressure-outlet 7.
  1342  2.7719e-01  2.7641e-05  3.4541e-05  2.8050e-05  1.4471e-03  7.1493e-03  1.1029e-03  0:01:02    8

 turbulent viscosity limited to viscosity ratio of 1.000000e+05 in 813 cells 

 Reversed flow on 759 faces of pressure-outlet 7.
  1343  2.7724e-01  2.7644e-05  3.4554e-05  2.8043e-05  1.4428e-03  6.3364e-03  1.1030e-03  0:00:54    7

 turbulent viscosity limited to viscosity ratio of 1.000000e+05 in 814 cells 

 Reversed flow on 749 faces of pressure-outlet 7.
  1344  2.7715e-01  2.7644e-05  3.4567e-05  2.8042e-05  1.4421e-03  6.8020e-03  1.1029e-03  0:00:47    6

 turbulent viscosity limited to viscosity ratio of 1.000000e+05 in 814 cells 

 Reversed flow on 751 faces of pressure-outlet 7.
  1345  2.7714e-01  2.7651e-05  3.4579e-05  2.8040e-05  1.4404e-03  6.7569e-03  1.1029e-03  0:00:38    5

 turbulent viscosity limited to viscosity ratio of 1.000000e+05 in 814 cells 

 Reversed flow on 746 faces of pressure-outlet 7.
  1346  2.7729e-01  2.7664e-05  3.4582e-05  2.8030e-05  1.4385e-03  6.5360e-03  1.1029e-03  0:00:31    4

 turbulent viscosity limited to viscosity ratio of 1.000000e+05 in 813 cells 

 Reversed flow on 744 faces of pressure-outlet 7.

  iter  continuity  x-velocity  y-velocity  z-velocity           k     epsilon  vf-phase-2     time/iter
  1347  2.7732e-01  2.7670e-05  3.4581e-05  2.8028e-05  1.4388e-03  7.4202e-03  1.1029e-03  0:00:23    3

 turbulent viscosity limited to viscosity ratio of 1.000000e+05 in 813 cells 

 Reversed flow on 745 faces of pressure-outlet 7.
  1348  2.7751e-01  2.7678e-05  3.4582e-05  2.8020e-05  1.4378e-03  7.3987e-03  1.1030e-03  0:00:16    2

 turbulent viscosity limited to viscosity ratio of 1.000000e+05 in 813 cells 

 Reversed flow on 734 faces of pressure-outlet 7.
  1349  2.7751e-01  2.7678e-05  3.4587e-05  2.8003e-05  1.4320e-03  6.5495e-03  1.1032e-03  0:00:08    1

 turbulent viscosity limited to viscosity ratio of 1.000000e+05 in 813 cells 

 Reversed flow on 731 faces of pressure-outlet 7.
  1350  2.7764e-01  2.7679e-05  3.4600e-05  2.7996e-05  1.4294e-03  6.1885e-03  1.1033e-03  0:00:00    0
iterate_1350: RPC returned
progress: 1350/1500

  iter  continuity  x-velocity  y-velocity  z-velocity           k     epsilon  vf-phase-2     time/iter
  1350  2.7764e-01  2.7679e-05  3.4600e-05  2.7996e-05  1.4294e-03  6.1885e-03  1.1033e-03  0:03:13   25

 turbulent viscosity limited to viscosity ratio of 1.000000e+05 in 813 cells 

 Reversed flow on 732 faces of pressure-outlet 7.
  1351  2.7780e-01  2.7691e-05  3.4609e-05  2.7985e-05  1.4284e-03  6.4923e-03  1.1035e-03  0:03:07   24

 turbulent viscosity limited to viscosity ratio of 1.000000e+05 in 813 cells 

 Reversed flow on 743 faces of pressure-outlet 7.
  1352  2.7784e-01  2.7697e-05  3.4601e-05  2.7973e-05  1.4269e-03  6.5034e-03  1.1037e-03  0:03:00   23

 turbulent viscosity limited to viscosity ratio of 1.000000e+05 in 814 cells 

 Reversed flow on 743 faces of pressure-outlet 7.
  1353  2.7757e-01  2.7700e-05  3.4592e-05  2.7956e-05  1.4240e-03  6.5900e-03  1.1040e-03  0:02:53   22

 turbulent viscosity limited to viscosity ratio of 1.000000e+05 in 814 cells 

 Reversed flow on 736 faces of pressure-outlet 7.
  1354  2.7748e-01  2.7704e-05  3.4588e-05  2.7937e-05  1.4241e-03  8.1079e-03  1.1043e-03  0:02:41   21

 turbulent viscosity limited to viscosity ratio of 1.000000e+05 in 814 cells 

 Reversed flow on 747 faces of pressure-outlet 7.
  1355  2.7752e-01  2.7703e-05  3.4587e-05  2.7916e-05  1.4186e-03  6.9718e-03  1.1046e-03  0:02:35   20

 turbulent viscosity limited to viscosity ratio of 1.000000e+05 in 814 cells 

 Reversed flow on 736 faces of pressure-outlet 7.
  1356  2.7774e-01  2.7693e-05  3.4581e-05  2.7893e-05  1.4184e-03  7.4584e-03  1.1050e-03  0:02:28   19

 turbulent viscosity limited to viscosity ratio of 1.000000e+05 in 814 cells 

 Reversed flow on 731 faces of pressure-outlet 7.
  1357  2.7783e-01  2.7686e-05  3.4581e-05  2.7880e-05  1.4175e-03  7.4087e-03  1.1055e-03  0:02:21   18

 turbulent viscosity limited to viscosity ratio of 1.000000e+05 in 814 cells 

 Reversed flow on 736 faces of pressure-outlet 7.
  1358  2.7781e-01  2.7679e-05  3.4569e-05  2.7864e-05  1.4144e-03  7.1071e-03  1.1060e-03  0:02:10   17

 turbulent viscosity limited to viscosity ratio of 1.000000e+05 in 814 cells 

 Reversed flow on 737 faces of pressure-outlet 7.
  1359  2.7772e-01  2.7674e-05  3.4546e-05  2.7842e-05  1.4107e-03  6.8988e-03  1.1065e-03  0:02:04   16

 turbulent viscosity limited to viscosity ratio of 1.000000e+05 in 813 cells 

 Reversed flow on 738 faces of pressure-outlet 7.
  1360  2.7784e-01  2.7669e-05  3.4523e-05  2.7823e-05  1.4093e-03  7.5286e-03  1.1070e-03  0:01:57   15

 turbulent viscosity limited to viscosity ratio of 1.000000e+05 in 813 cells 

 Reversed flow on 743 faces of pressure-outlet 7.

  iter  continuity  x-velocity  y-velocity  z-velocity           k     epsilon  vf-phase-2     time/iter
  1361  2.7765e-01  2.7663e-05  3.4504e-05  2.7806e-05  1.4130e-03  1.0713e-02  1.1075e-03  0:01:47   14

 turbulent viscosity limited to viscosity ratio of 1.000000e+05 in 813 cells 

 Reversed flow on 744 faces of pressure-outlet 7.
  1362  2.7791e-01  2.7655e-05  3.4482e-05  2.7796e-05  1.4082e-03  9.9788e-03  1.1081e-03  0:01:40   13

 turbulent viscosity limited to viscosity ratio of 1.000000e+05 in 813 cells 

 Reversed flow on 748 faces of pressure-outlet 7.
  1363  2.7753e-01  2.7637e-05  3.4465e-05  2.7773e-05  1.4033e-03  8.7603e-03  1.1086e-03  0:01:33   12

 turbulent viscosity limited to viscosity ratio of 1.000000e+05 in 813 cells 

 Reversed flow on 747 faces of pressure-outlet 7.
  1364  2.7757e-01  2.7619e-05  3.4432e-05  2.7750e-05  1.4051e-03  8.4314e-03  1.1091e-03  0:01:26   11

 turbulent viscosity limited to viscosity ratio of 1.000000e+05 in 812 cells 

 Reversed flow on 739 faces of pressure-outlet 7.
  1365  2.7741e-01  2.7613e-05  3.4389e-05  2.7726e-05  1.3975e-03  7.2771e-03  1.1095e-03  0:01:16   10

 turbulent viscosity limited to viscosity ratio of 1.000000e+05 in 811 cells 

 Reversed flow on 737 faces of pressure-outlet 7.
  1366  2.7712e-01  2.7605e-05  3.4347e-05  2.7693e-05  1.3943e-03  7.2642e-03  1.1099e-03  0:01:09    9

 turbulent viscosity limited to viscosity ratio of 1.000000e+05 in 811 cells 

 Reversed flow on 739 faces of pressure-outlet 7.
  1367  2.7672e-01  2.7591e-05  3.4316e-05  2.7660e-05  1.3913e-03  8.1511e-03  1.1103e-03  0:01:02    8

 turbulent viscosity limited to viscosity ratio of 1.000000e+05 in 811 cells 

 Reversed flow on 744 faces of pressure-outlet 7.
  1368  2.7642e-01  2.7575e-05  3.4281e-05  2.7636e-05  1.3895e-03  7.9690e-03  1.1106e-03  0:00:55    7

 turbulent viscosity limited to viscosity ratio of 1.000000e+05 in 811 cells 

 Reversed flow on 737 faces of pressure-outlet 7.
  1369  2.7604e-01  2.7561e-05  3.4239e-05  2.7606e-05  1.3840e-03  7.1753e-03  1.1109e-03  0:00:46    6

 turbulent viscosity limited to viscosity ratio of 1.000000e+05 in 811 cells 

 Reversed flow on 736 faces of pressure-outlet 7.
  1370  2.7566e-01  2.7537e-05  3.4196e-05  2.7569e-05  1.3828e-03  8.3279e-03  1.1112e-03  0:00:39    5

 turbulent viscosity limited to viscosity ratio of 1.000000e+05 in 811 cells 

 Reversed flow on 743 faces of pressure-outlet 7.
  1371  2.7546e-01  2.7518e-05  3.4144e-05  2.7540e-05  1.3795e-03  8.0322e-03  1.1114e-03  0:00:31    4

 turbulent viscosity limited to viscosity ratio of 1.000000e+05 in 811 cells 

 Reversed flow on 745 faces of pressure-outlet 7.

  iter  continuity  x-velocity  y-velocity  z-velocity           k     epsilon  vf-phase-2     time/iter
  1372  2.7514e-01  2.7508e-05  3.4093e-05  2.7516e-05  1.3753e-03  7.3250e-03  1.1116e-03  0:00:23    3

 turbulent viscosity limited to viscosity ratio of 1.000000e+05 in 811 cells 

 Reversed flow on 734 faces of pressure-outlet 7.
  1373  2.7495e-01  2.7493e-05  3.4037e-05  2.7484e-05  1.3742e-03  8.4628e-03  1.1117e-03  0:00:16    2

 turbulent viscosity limited to viscosity ratio of 1.000000e+05 in 811 cells 

 Reversed flow on 735 faces of pressure-outlet 7.
  1374  2.7454e-01  2.7476e-05  3.3976e-05  2.7446e-05  1.3698e-03  7.9576e-03  1.1118e-03  0:00:08    1

 turbulent viscosity limited to viscosity ratio of 1.000000e+05 in 811 cells 

 Reversed flow on 732 faces of pressure-outlet 7.
  1375  2.7417e-01  2.7459e-05  3.3922e-05  2.7409e-05  1.3643e-03  7.6955e-03  1.1117e-03  0:00:00    0
iterate_1375: RPC returned
progress: 1375/1500

  iter  continuity  x-velocity  y-velocity  z-velocity           k     epsilon  vf-phase-2     time/iter
  1375  2.7417e-01  2.7459e-05  3.3922e-05  2.7409e-05  1.3643e-03  7.6955e-03  1.1117e-03  0:03:13   25

 turbulent viscosity limited to viscosity ratio of 1.000000e+05 in 811 cells 

 Reversed flow on 731 faces of pressure-outlet 7.
  1376  2.7385e-01  2.7439e-05  3.3867e-05  2.7363e-05  1.3591e-03  7.0436e-03  1.1116e-03  0:03:06   24

 turbulent viscosity limited to viscosity ratio of 1.000000e+05 in 810 cells 

 Reversed flow on 736 faces of pressure-outlet 7.
  1377  2.7345e-01  2.7413e-05  3.3805e-05  2.7311e-05  1.3556e-03  7.9601e-03  1.1115e-03  0:03:00   23

 turbulent viscosity limited to viscosity ratio of 1.000000e+05 in 810 cells 

 Reversed flow on 724 faces of pressure-outlet 7.
  1378  2.7315e-01  2.7385e-05  3.3742e-05  2.7260e-05  1.3533e-03  7.7745e-03  1.1113e-03  0:02:48   22

 turbulent viscosity limited to viscosity ratio of 1.000000e+05 in 810 cells 

 Reversed flow on 730 faces of pressure-outlet 7.
  1379  2.7294e-01  2.7364e-05  3.3679e-05  2.7214e-05  1.3483e-03  7.9061e-03  1.1111e-03  0:02:42   21

 turbulent viscosity limited to viscosity ratio of 1.000000e+05 in 810 cells 

 Reversed flow on 732 faces of pressure-outlet 7.
  1380  2.7244e-01  2.7328e-05  3.3610e-05  2.7162e-05  1.3427e-03  8.0659e-03  1.1107e-03  0:02:36   20

 turbulent viscosity limited to viscosity ratio of 1.000000e+05 in 810 cells 

 Reversed flow on 724 faces of pressure-outlet 7.
  1381  2.7165e-01  2.7286e-05  3.3534e-05  2.7105e-05  1.3342e-03  6.3614e-03  1.1103e-03  0:02:25   19

 turbulent viscosity limited to viscosity ratio of 1.000000e+05 in 810 cells 

 Reversed flow on 717 faces of pressure-outlet 7.
  1382  2.7077e-01  2.7251e-05  3.3460e-05  2.7049e-05  1.3322e-03  6.9274e-03  1.1098e-03  0:02:19   18

 turbulent viscosity limited to viscosity ratio of 1.000000e+05 in 810 cells 

 Reversed flow on 716 faces of pressure-outlet 7.
  1383  2.6998e-01  2.7217e-05  3.3386e-05  2.6990e-05  1.3267e-03  6.4608e-03  1.1091e-03  0:02:12   17

 turbulent viscosity limited to viscosity ratio of 1.000000e+05 in 810 cells 

 Reversed flow on 714 faces of pressure-outlet 7.
  1384  2.6935e-01  2.7184e-05  3.3310e-05  2.6920e-05  1.3205e-03  6.7140e-03  1.1084e-03  0:02:05   16

 turbulent viscosity limited to viscosity ratio of 1.000000e+05 in 810 cells 

 Reversed flow on 712 faces of pressure-outlet 7.
  1385  2.6873e-01  2.7143e-05  3.3234e-05  2.6849e-05  1.3151e-03  6.5611e-03  1.1076e-03  0:01:55   15

 turbulent viscosity limited to viscosity ratio of 1.000000e+05 in 809 cells 

 Reversed flow on 718 faces of pressure-outlet 7.

  iter  continuity  x-velocity  y-velocity  z-velocity           k     epsilon  vf-phase-2     time/iter
  1386  2.6821e-01  2.7104e-05  3.3158e-05  2.6792e-05  1.3106e-03  6.1719e-03  1.1067e-03  0:01:48   14

 turbulent viscosity limited to viscosity ratio of 1.000000e+05 in 809 cells 

 Reversed flow on 715 faces of pressure-outlet 7.
  1387  2.6774e-01  2.7064e-05  3.3074e-05  2.6727e-05  1.3043e-03  6.0368e-03  1.1058e-03  0:01:41   13

 turbulent viscosity limited to viscosity ratio of 1.000000e+05 in 810 cells 

 Reversed flow on 713 faces of pressure-outlet 7.
  1388  2.6727e-01  2.7014e-05  3.2997e-05  2.6668e-05  1.2990e-03  5.7899e-03  1.1049e-03  0:01:31   12

 turbulent viscosity limited to viscosity ratio of 1.000000e+05 in 810 cells 

 Reversed flow on 690 faces of pressure-outlet 7.
  1389  2.6669e-01  2.6970e-05  3.2909e-05  2.6607e-05  1.2933e-03  5.7461e-03  1.1040e-03  0:01:25   11

 turbulent viscosity limited to viscosity ratio of 1.000000e+05 in 810 cells 

 Reversed flow on 694 faces of pressure-outlet 7.
  1390  2.6609e-01  2.6916e-05  3.2820e-05  2.6535e-05  1.2926e-03  7.8881e-03  1.1029e-03  0:01:18   10

 turbulent viscosity limited to viscosity ratio of 1.000000e+05 in 810 cells 

 Reversed flow on 715 faces of pressure-outlet 7.
  1391  2.6532e-01  2.6863e-05  3.2740e-05  2.6454e-05  1.2850e-03  6.9000e-03  1.1019e-03  0:01:10    9

 turbulent viscosity limited to viscosity ratio of 1.000000e+05 in 810 cells 

 Reversed flow on 712 faces of pressure-outlet 7.
  1392  2.6456e-01  2.6810e-05  3.2654e-05  2.6377e-05  1.2847e-03  8.0371e-03  1.1009e-03  0:01:01    8

 turbulent viscosity limited to viscosity ratio of 1.000000e+05 in 810 cells 

 Reversed flow on 710 faces of pressure-outlet 7.
  1393  2.6394e-01  2.6755e-05  3.2573e-05  2.6307e-05  1.2769e-03  6.9095e-03  1.1000e-03  0:00:54    7

 turbulent viscosity limited to viscosity ratio of 1.000000e+05 in 809 cells 

 Reversed flow on 711 faces of pressure-outlet 7.
  1394  2.6318e-01  2.6687e-05  3.2485e-05  2.6231e-05  1.2687e-03  6.1162e-03  1.0989e-03  0:00:47    6

 turbulent viscosity limited to viscosity ratio of 1.000000e+05 in 809 cells 

 Reversed flow on 682 faces of pressure-outlet 7.
  1395  2.6249e-01  2.6629e-05  3.2400e-05  2.6157e-05  1.2636e-03  6.4774e-03  1.0977e-03  0:00:39    5

 turbulent viscosity limited to viscosity ratio of 1.000000e+05 in 810 cells 

 Reversed flow on 687 faces of pressure-outlet 7.
  1396  2.6182e-01  2.6570e-05  3.2317e-05  2.6083e-05  1.2568e-03  5.5013e-03  1.0966e-03  0:00:31    4

 turbulent viscosity limited to viscosity ratio of 1.000000e+05 in 810 cells 

 Reversed flow on 687 faces of pressure-outlet 7.

  iter  continuity  x-velocity  y-velocity  z-velocity           k     epsilon  vf-phase-2     time/iter
  1397  2.6110e-01  2.6510e-05  3.2237e-05  2.5997e-05  1.2521e-03  5.8606e-03  1.0954e-03  0:00:23    3

 turbulent viscosity limited to viscosity ratio of 1.000000e+05 in 809 cells 

 Reversed flow on 695 faces of pressure-outlet 7.
  1398  2.6061e-01  2.6454e-05  3.2154e-05  2.5924e-05  1.2478e-03  5.5156e-03  1.0943e-03  0:00:15    2

 turbulent viscosity limited to viscosity ratio of 1.000000e+05 in 808 cells 

 Reversed flow on 695 faces of pressure-outlet 7.
  1399  2.6014e-01  2.6391e-05  3.2080e-05  2.5849e-05  1.2420e-03  5.3849e-03  1.0933e-03  0:00:08    1

 turbulent viscosity limited to viscosity ratio of 1.000000e+05 in 808 cells 

 Reversed flow on 701 faces of pressure-outlet 7.
  1400  2.5974e-01  2.6333e-05  3.1998e-05  2.5775e-05  1.2419e-03  6.6239e-03  1.0921e-03  0:00:00    0
iterate_1400: RPC returned
progress: 1400/1500

  iter  continuity  x-velocity  y-velocity  z-velocity           k     epsilon  vf-phase-2     time/iter
  1400  2.5974e-01  2.6333e-05  3.1998e-05  2.5775e-05  1.2419e-03  6.6239e-03  1.0921e-03  0:03:16   25

 turbulent viscosity limited to viscosity ratio of 1.000000e+05 in 808 cells 

 Reversed flow on 697 faces of pressure-outlet 7.
  1401  2.5914e-01  2.6283e-05  3.1916e-05  2.5718e-05  1.2364e-03  5.8192e-03  1.0910e-03  0:03:09   24

 turbulent viscosity limited to viscosity ratio of 1.000000e+05 in 808 cells 

 Reversed flow on 696 faces of pressure-outlet 7.
  1402  2.5871e-01  2.6224e-05  3.1839e-05  2.5649e-05  1.2306e-03  5.1582e-03  1.0898e-03  0:03:02   23

 turbulent viscosity limited to viscosity ratio of 1.000000e+05 in 808 cells 

 Reversed flow on 687 faces of pressure-outlet 7.
  1403  2.5829e-01  2.6175e-05  3.1770e-05  2.5591e-05  1.2263e-03  5.3283e-03  1.0888e-03  0:02:54   22

 turbulent viscosity limited to viscosity ratio of 1.000000e+05 in 808 cells 

 Reversed flow on 681 faces of pressure-outlet 7.
  1404  2.5778e-01  2.6128e-05  3.1700e-05  2.5539e-05  1.2221e-03  5.7955e-03  1.0877e-03  0:02:42   21

 turbulent viscosity limited to viscosity ratio of 1.000000e+05 in 808 cells 

 Reversed flow on 687 faces of pressure-outlet 7.
  1405  2.5759e-01  2.6088e-05  3.1636e-05  2.5487e-05  1.2208e-03  6.1320e-03  1.0868e-03  0:02:36   20

 turbulent viscosity limited to viscosity ratio of 1.000000e+05 in 809 cells 

 Reversed flow on 688 faces of pressure-outlet 7.
  1406  2.5696e-01  2.6038e-05  3.1576e-05  2.5428e-05  1.2185e-03  7.0263e-03  1.0859e-03  0:02:29   19

 turbulent viscosity limited to viscosity ratio of 1.000000e+05 in 808 cells 

 Reversed flow on 692 faces of pressure-outlet 7.
  1407  2.5671e-01  2.5996e-05  3.1516e-05  2.5382e-05  1.2170e-03  7.8379e-03  1.0851e-03  0:02:18   18

 turbulent viscosity limited to viscosity ratio of 1.000000e+05 in 809 cells 

 Reversed flow on 698 faces of pressure-outlet 7.
  1408  2.5625e-01  2.5952e-05  3.1465e-05  2.5329e-05  1.2156e-03  6.8602e-03  1.0843e-03  0:02:11   17

 turbulent viscosity limited to viscosity ratio of 1.000000e+05 in 809 cells 

 Reversed flow on 689 faces of pressure-outlet 7.
  1409  2.5609e-01  2.5916e-05  3.1407e-05  2.5281e-05  1.2103e-03  6.2759e-03  1.0835e-03  0:02:05   16

 turbulent viscosity limited to viscosity ratio of 1.000000e+05 in 809 cells 

 Reversed flow on 685 faces of pressure-outlet 7.
  1410  2.5581e-01  2.5879e-05  3.1357e-05  2.5242e-05  1.2077e-03  6.5020e-03  1.0828e-03  0:01:57   15

 turbulent viscosity limited to viscosity ratio of 1.000000e+05 in 809 cells 

 Reversed flow on 697 faces of pressure-outlet 7.

  iter  continuity  x-velocity  y-velocity  z-velocity           k     epsilon  vf-phase-2     time/iter
  1411  2.5541e-01  2.5849e-05  3.1321e-05  2.5214e-05  1.2038e-03  6.3621e-03  1.0821e-03  0:01:47   14

 turbulent viscosity limited to viscosity ratio of 1.000000e+05 in 809 cells 

 Reversed flow on 698 faces of pressure-outlet 7.
  1412  2.5512e-01  2.5819e-05  3.1280e-05  2.5168e-05  1.2004e-03  5.9556e-03  1.0815e-03  0:01:40   13

 turbulent viscosity limited to viscosity ratio of 1.000000e+05 in 809 cells 

 Reversed flow on 695 faces of pressure-outlet 7.
  1413  2.5465e-01  2.5794e-05  3.1233e-05  2.5133e-05  1.1953e-03  5.2792e-03  1.0808e-03  0:01:33   12

 turbulent viscosity limited to viscosity ratio of 1.000000e+05 in 809 cells 

 Reversed flow on 689 faces of pressure-outlet 7.
  1414  2.5451e-01  2.5764e-05  3.1200e-05  2.5100e-05  1.1946e-03  5.6525e-03  1.0802e-03  0:01:26   11

 turbulent viscosity limited to viscosity ratio of 1.000000e+05 in 809 cells 

 Reversed flow on 679 faces of pressure-outlet 7.
  1415  2.5437e-01  2.5740e-05  3.1172e-05  2.5075e-05  1.1918e-03  5.9507e-03  1.0797e-03  0:01:17   10

 turbulent viscosity limited to viscosity ratio of 1.000000e+05 in 809 cells 

 Reversed flow on 691 faces of pressure-outlet 7.
  1416  2.5435e-01  2.5718e-05  3.1134e-05  2.5044e-05  1.1902e-03  6.4860e-03  1.0792e-03  0:01:10    9

 turbulent viscosity limited to viscosity ratio of 1.000000e+05 in 809 cells 

 Reversed flow on 705 faces of pressure-outlet 7.
  1417  2.5406e-01  2.5689e-05  3.1101e-05  2.5017e-05  1.1884e-03  6.5535e-03  1.0788e-03  0:01:02    8

 turbulent viscosity limited to viscosity ratio of 1.000000e+05 in 809 cells 

 Reversed flow on 704 faces of pressure-outlet 7.
  1418  2.5395e-01  2.5661e-05  3.1069e-05  2.4980e-05  1.1878e-03  6.7080e-03  1.0785e-03  0:00:55    7

 turbulent viscosity limited to viscosity ratio of 1.000000e+05 in 809 cells 

 Reversed flow on 687 faces of pressure-outlet 7.
  1419  2.5351e-01  2.5638e-05  3.1031e-05  2.4946e-05  1.1841e-03  6.4691e-03  1.0782e-03  0:00:46    6

 turbulent viscosity limited to viscosity ratio of 1.000000e+05 in 809 cells 

 Reversed flow on 695 faces of pressure-outlet 7.
  1420  2.5314e-01  2.5611e-05  3.0998e-05  2.4911e-05  1.1793e-03  5.9860e-03  1.0780e-03  0:00:39    5

 turbulent viscosity limited to viscosity ratio of 1.000000e+05 in 809 cells 

 Reversed flow on 693 faces of pressure-outlet 7.
  1421  2.5280e-01  2.5577e-05  3.0965e-05  2.4866e-05  1.1762e-03  5.3995e-03  1.0778e-03  0:00:31    4

 turbulent viscosity limited to viscosity ratio of 1.000000e+05 in 807 cells 

 Reversed flow on 701 faces of pressure-outlet 7.

  iter  continuity  x-velocity  y-velocity  z-velocity           k     epsilon  vf-phase-2     time/iter
  1422  2.5269e-01  2.5550e-05  3.0930e-05  2.4834e-05  1.1776e-03  7.5321e-03  1.0777e-03  0:00:23    3

 turbulent viscosity limited to viscosity ratio of 1.000000e+05 in 807 cells 

 Reversed flow on 703 faces of pressure-outlet 7.
  1423  2.5255e-01  2.5516e-05  3.0906e-05  2.4810e-05  1.1759e-03  7.2019e-03  1.0776e-03  0:00:15    2

 turbulent viscosity limited to viscosity ratio of 1.000000e+05 in 806 cells 

 Reversed flow on 715 faces of pressure-outlet 7.
  1424  2.5232e-01  2.5483e-05  3.0872e-05  2.4773e-05  1.1746e-03  7.0336e-03  1.0776e-03  0:00:08    1

 turbulent viscosity limited to viscosity ratio of 1.000000e+05 in 806 cells 

 Reversed flow on 721 faces of pressure-outlet 7.
  1425  2.5212e-01  2.5452e-05  3.0841e-05  2.4727e-05  1.1688e-03  5.9891e-03  1.0776e-03  0:00:00    0
iterate_1425: RPC returned
progress: 1425/1500

  iter  continuity  x-velocity  y-velocity  z-velocity           k     epsilon  vf-phase-2     time/iter
  1425  2.5212e-01  2.5452e-05  3.0841e-05  2.4727e-05  1.1688e-03  5.9891e-03  1.0776e-03  0:03:15   25

 turbulent viscosity limited to viscosity ratio of 1.000000e+05 in 806 cells 

 Reversed flow on 718 faces of pressure-outlet 7.
  1426  2.5207e-01  2.5419e-05  3.0808e-05  2.4684e-05  1.1665e-03  5.9310e-03  1.0777e-03  0:03:08   24

 turbulent viscosity limited to viscosity ratio of 1.000000e+05 in 806 cells 

 Reversed flow on 734 faces of pressure-outlet 7.
  1427  2.5174e-01  2.5388e-05  3.0774e-05  2.4647e-05  1.1632e-03  6.1753e-03  1.0778e-03  0:03:01   23

 turbulent viscosity limited to viscosity ratio of 1.000000e+05 in 806 cells 

 Reversed flow on 734 faces of pressure-outlet 7.
  1428  2.5131e-01  2.5353e-05  3.0744e-05  2.4600e-05  1.1597e-03  5.6474e-03  1.0780e-03  0:02:54   22

 turbulent viscosity limited to viscosity ratio of 1.000000e+05 in 805 cells 

 Reversed flow on 730 faces of pressure-outlet 7.
  1429  2.5116e-01  2.5312e-05  3.0714e-05  2.4557e-05  1.1592e-03  6.2706e-03  1.0782e-03  0:02:46   21

 turbulent viscosity limited to viscosity ratio of 1.000000e+05 in 805 cells 

 Reversed flow on 738 faces of pressure-outlet 7.
  1430  2.5102e-01  2.5270e-05  3.0678e-05  2.4519e-05  1.1557e-03  6.2380e-03  1.0785e-03  0:02:35   20

 turbulent viscosity limited to viscosity ratio of 1.000000e+05 in 804 cells 

 Reversed flow on 745 faces of pressure-outlet 7.
  1431  2.5086e-01  2.5233e-05  3.0644e-05  2.4483e-05  1.1531e-03  5.8503e-03  1.0789e-03  0:02:28   19

 turbulent viscosity limited to viscosity ratio of 1.000000e+05 in 804 cells 

 Reversed flow on 749 faces of pressure-outlet 7.
  1432  2.5034e-01  2.5180e-05  3.0607e-05  2.4427e-05  1.1518e-03  6.7813e-03  1.0793e-03  0:02:21   18

 turbulent viscosity limited to viscosity ratio of 1.000000e+05 in 804 cells 

 Reversed flow on 747 faces of pressure-outlet 7.
  1433  2.5004e-01  2.5127e-05  3.0566e-05  2.4381e-05  1.1486e-03  5.7525e-03  1.0798e-03  0:02:14   17

 turbulent viscosity limited to viscosity ratio of 1.000000e+05 in 804 cells 

 Reversed flow on 734 faces of pressure-outlet 7.
  1434  2.5008e-01  2.5076e-05  3.0528e-05  2.4338e-05  1.1470e-03  5.7154e-03  1.0802e-03  0:02:03   16

 turbulent viscosity limited to viscosity ratio of 1.000000e+05 in 804 cells 

 Reversed flow on 735 faces of pressure-outlet 7.
  1435  2.4997e-01  2.5020e-05  3.0485e-05  2.4293e-05  1.1451e-03  6.1102e-03  1.0807e-03  0:01:56   15

 turbulent viscosity limited to viscosity ratio of 1.000000e+05 in 804 cells 

 Reversed flow on 737 faces of pressure-outlet 7.

  iter  continuity  x-velocity  y-velocity  z-velocity           k     epsilon  vf-phase-2     time/iter
  1436  2.4979e-01  2.4955e-05  3.0437e-05  2.4243e-05  1.1459e-03  7.6403e-03  1.0811e-03  0:01:49   14

 turbulent viscosity limited to viscosity ratio of 1.000000e+05 in 804 cells 

 Reversed flow on 739 faces of pressure-outlet 7.
  1437  2.4971e-01  2.4896e-05  3.0392e-05  2.4202e-05  1.1432e-03  6.6529e-03  1.0817e-03  0:01:42   13

 turbulent viscosity limited to viscosity ratio of 1.000000e+05 in 804 cells 

 Reversed flow on 739 faces of pressure-outlet 7.
  1438  2.4970e-01  2.4836e-05  3.0337e-05  2.4149e-05  1.1455e-03  8.3082e-03  1.0824e-03  0:01:34   12

 turbulent viscosity limited to viscosity ratio of 1.000000e+05 in 804 cells 

 Reversed flow on 758 faces of pressure-outlet 7.
  1439  2.4965e-01  2.4778e-05  3.0289e-05  2.4095e-05  1.1418e-03  7.1567e-03  1.0831e-03  0:01:25   11

 turbulent viscosity limited to viscosity ratio of 1.000000e+05 in 804 cells 

 Reversed flow on 756 faces of pressure-outlet 7.
  1440  2.4945e-01  2.4720e-05  3.0240e-05  2.4045e-05  1.1381e-03  6.4396e-03  1.0838e-03  0:01:18   10

 turbulent viscosity limited to viscosity ratio of 1.000000e+05 in 805 cells 

 Reversed flow on 761 faces of pressure-outlet 7.
  1441  2.4921e-01  2.4659e-05  3.0190e-05  2.3982e-05  1.1368e-03  6.3551e-03  1.0846e-03  0:01:10    9

 turbulent viscosity limited to viscosity ratio of 1.000000e+05 in 805 cells 

 Reversed flow on 759 faces of pressure-outlet 7.
  1442  2.4888e-01  2.4597e-05  3.0147e-05  2.3935e-05  1.1346e-03  5.9201e-03  1.0854e-03  0:01:03    8

 turbulent viscosity limited to viscosity ratio of 1.000000e+05 in 805 cells 

 Reversed flow on 761 faces of pressure-outlet 7.
  1443  2.4843e-01  2.4530e-05  3.0092e-05  2.3887e-05  1.1324e-03  5.8867e-03  1.0863e-03  0:00:54    7

 turbulent viscosity limited to viscosity ratio of 1.000000e+05 in 805 cells 

 Reversed flow on 757 faces of pressure-outlet 7.
  1444  2.4836e-01  2.4469e-05  3.0037e-05  2.3837e-05  1.1314e-03  6.4301e-03  1.0872e-03  0:00:46    6

 turbulent viscosity limited to viscosity ratio of 1.000000e+05 in 805 cells 

 Reversed flow on 764 faces of pressure-outlet 7.
  1445  2.4793e-01  2.4399e-05  2.9983e-05  2.3777e-05  1.1304e-03  6.7419e-03  1.0881e-03  0:00:39    5

 turbulent viscosity limited to viscosity ratio of 1.000000e+05 in 805 cells 

 Reversed flow on 775 faces of pressure-outlet 7.
  1446  2.4752e-01  2.4332e-05  2.9923e-05  2.3730e-05  1.1267e-03  5.8786e-03  1.0890e-03  0:00:31    4

 turbulent viscosity limited to viscosity ratio of 1.000000e+05 in 805 cells 

 Reversed flow on 767 faces of pressure-outlet 7.

  iter  continuity  x-velocity  y-velocity  z-velocity           k     epsilon  vf-phase-2     time/iter
  1447  2.4717e-01  2.4268e-05  2.9859e-05  2.3668e-05  1.1275e-03  7.0131e-03  1.0898e-03  0:00:23    3

 turbulent viscosity limited to viscosity ratio of 1.000000e+05 in 803 cells 

 Reversed flow on 774 faces of pressure-outlet 7.
  1448  2.4683e-01  2.4200e-05  2.9791e-05  2.3605e-05  1.1237e-03  5.8198e-03  1.0907e-03  0:00:15    2

 turbulent viscosity limited to viscosity ratio of 1.000000e+05 in 803 cells 

 Reversed flow on 778 faces of pressure-outlet 7.
  1449  2.4652e-01  2.4134e-05  2.9723e-05  2.3545e-05  1.1232e-03  6.8275e-03  1.0916e-03  0:00:08    1

 turbulent viscosity limited to viscosity ratio of 1.000000e+05 in 803 cells 

 Reversed flow on 788 faces of pressure-outlet 7.
  1450  2.4607e-01  2.4071e-05  2.9655e-05  2.3494e-05  1.1193e-03  6.0929e-03  1.0925e-03  0:00:00    0
iterate_1450: RPC returned
progress: 1450/1500

  iter  continuity  x-velocity  y-velocity  z-velocity           k     epsilon  vf-phase-2     time/iter
  1450  2.4607e-01  2.4071e-05  2.9655e-05  2.3494e-05  1.1193e-03  6.0929e-03  1.0925e-03  0:03:16   25

 turbulent viscosity limited to viscosity ratio of 1.000000e+05 in 803 cells 

 Reversed flow on 799 faces of pressure-outlet 7.
  1451  2.4569e-01  2.4004e-05  2.9588e-05  2.3429e-05  1.1192e-03  6.2233e-03  1.0934e-03  0:03:09   24

 turbulent viscosity limited to viscosity ratio of 1.000000e+05 in 803 cells 

 Reversed flow on 795 faces of pressure-outlet 7.
  1452  2.4514e-01  2.3932e-05  2.9516e-05  2.3369e-05  1.1158e-03  6.0785e-03  1.0942e-03  0:03:01   23

 turbulent viscosity limited to viscosity ratio of 1.000000e+05 in 803 cells 

 Reversed flow on 800 faces of pressure-outlet 7.
  1453  2.4480e-01  2.3859e-05  2.9445e-05  2.3309e-05  1.1122e-03  5.6984e-03  1.0950e-03  0:02:54   22

 turbulent viscosity limited to viscosity ratio of 1.000000e+05 in 802 cells 

 Reversed flow on 802 faces of pressure-outlet 7.
  1454  2.4423e-01  2.3792e-05  2.9367e-05  2.3252e-05  1.1106e-03  5.2911e-03  1.0958e-03  0:02:42   21

 turbulent viscosity limited to viscosity ratio of 1.000000e+05 in 802 cells 

 Reversed flow on 808 faces of pressure-outlet 7.
  1455  2.4358e-01  2.3723e-05  2.9291e-05  2.3188e-05  1.1112e-03  6.4982e-03  1.0966e-03  0:02:36   20

 turbulent viscosity limited to viscosity ratio of 1.000000e+05 in 802 cells 

 Reversed flow on 805 faces of pressure-outlet 7.
  1456  2.4316e-01  2.3663e-05  2.9225e-05  2.3135e-05  1.1071e-03  5.6403e-03  1.0974e-03  0:02:29   19

 turbulent viscosity limited to viscosity ratio of 1.000000e+05 in 802 cells 

 Reversed flow on 815 faces of pressure-outlet 7.
  1457  2.4277e-01  2.3603e-05  2.9155e-05  2.3091e-05  1.1054e-03  5.7860e-03  1.0982e-03  0:02:22   18

 turbulent viscosity limited to viscosity ratio of 1.000000e+05 in 801 cells 

 Reversed flow on 804 faces of pressure-outlet 7.
  1458  2.4250e-01  2.3537e-05  2.9073e-05  2.3031e-05  1.1068e-03  7.0257e-03  1.0989e-03  0:02:14   17

 turbulent viscosity limited to viscosity ratio of 1.000000e+05 in 801 cells 

 Reversed flow on 807 faces of pressure-outlet 7.
  1459  2.4187e-01  2.3471e-05  2.8999e-05  2.2982e-05  1.1065e-03  7.2682e-03  1.0997e-03  0:02:03   16

 turbulent viscosity limited to viscosity ratio of 1.000000e+05 in 804 cells 

 Reversed flow on 804 faces of pressure-outlet 7.
  1460  2.4167e-01  2.3413e-05  2.8924e-05  2.2932e-05  1.1064e-03  7.0597e-03  1.1004e-03  0:01:57   15

 turbulent viscosity limited to viscosity ratio of 1.000000e+05 in 804 cells 

 Reversed flow on 811 faces of pressure-outlet 7.

  iter  continuity  x-velocity  y-velocity  z-velocity           k     epsilon  vf-phase-2     time/iter
  1461  2.4130e-01  2.3357e-05  2.8852e-05  2.2888e-05  1.1027e-03  7.2552e-03  1.1011e-03  0:01:49   14

 turbulent viscosity limited to viscosity ratio of 1.000000e+05 in 805 cells 

 Reversed flow on 809 faces of pressure-outlet 7.
  1462  2.4094e-01  2.3294e-05  2.8768e-05  2.2843e-05  1.0996e-03  6.5902e-03  1.1017e-03  0:01:42   13

 turbulent viscosity limited to viscosity ratio of 1.000000e+05 in 806 cells 

 Reversed flow on 816 faces of pressure-outlet 7.
  1463  2.4042e-01  2.3231e-05  2.8692e-05  2.2802e-05  1.0987e-03  6.7176e-03  1.1023e-03  0:01:32   12

 turbulent viscosity limited to viscosity ratio of 1.000000e+05 in 806 cells 

 Reversed flow on 811 faces of pressure-outlet 7.
  1464  2.3983e-01  2.3173e-05  2.8619e-05  2.2756e-05  1.0940e-03  5.9215e-03  1.1028e-03  0:01:25   11

 turbulent viscosity limited to viscosity ratio of 1.000000e+05 in 806 cells 

 Reversed flow on 813 faces of pressure-outlet 7.
  1465  2.3945e-01  2.3111e-05  2.8545e-05  2.2711e-05  1.0925e-03  5.8663e-03  1.1033e-03  0:01:18   10

 turbulent viscosity limited to viscosity ratio of 1.000000e+05 in 806 cells 

 Reversed flow on 806 faces of pressure-outlet 7.
  1466  2.3913e-01  2.3049e-05  2.8470e-05  2.2671e-05  1.0892e-03  6.1950e-03  1.1036e-03  0:01:11    9

 turbulent viscosity limited to viscosity ratio of 1.000000e+05 in 807 cells 

 Reversed flow on 806 faces of pressure-outlet 7.
  1467  2.3870e-01  2.2983e-05  2.8390e-05  2.2628e-05  1.0876e-03  6.6776e-03  1.1039e-03  0:01:01    8

 turbulent viscosity limited to viscosity ratio of 1.000000e+05 in 807 cells 

 Reversed flow on 810 faces of pressure-outlet 7.
  1468  2.3815e-01  2.2926e-05  2.8316e-05  2.2587e-05  1.0850e-03  6.3811e-03  1.1041e-03  0:00:54    7

 turbulent viscosity limited to viscosity ratio of 1.000000e+05 in 807 cells 

 Reversed flow on 807 faces of pressure-outlet 7.
  1469  2.3780e-01  2.2859e-05  2.8249e-05  2.2551e-05  1.0832e-03  6.4045e-03  1.1041e-03  0:00:47    6

 turbulent viscosity limited to viscosity ratio of 1.000000e+05 in 807 cells 

 Reversed flow on 804 faces of pressure-outlet 7.
  1470  2.3704e-01  2.2788e-05  2.8175e-05  2.2513e-05  1.0833e-03  6.5465e-03  1.1040e-03  0:00:39    5

 turbulent viscosity limited to viscosity ratio of 1.000000e+05 in 807 cells 

 Reversed flow on 812 faces of pressure-outlet 7.
  1471  2.3621e-01  2.2726e-05  2.8100e-05  2.2481e-05  1.0808e-03  7.1052e-03  1.1039e-03  0:00:31    4

 turbulent viscosity limited to viscosity ratio of 1.000000e+05 in 807 cells 

 Reversed flow on 810 faces of pressure-outlet 7.

  iter  continuity  x-velocity  y-velocity  z-velocity           k     epsilon  vf-phase-2     time/iter
  1472  2.3552e-01  2.2652e-05  2.8026e-05  2.2444e-05  1.0787e-03  7.2270e-03  1.1037e-03  0:00:23    3

 turbulent viscosity limited to viscosity ratio of 1.000000e+05 in 807 cells 

 Reversed flow on 817 faces of pressure-outlet 7.
  1473  2.3491e-01  2.2580e-05  2.7957e-05  2.2407e-05  1.0757e-03  6.3300e-03  1.1035e-03  0:00:16    2

 turbulent viscosity limited to viscosity ratio of 1.000000e+05 in 806 cells 

 Reversed flow on 816 faces of pressure-outlet 7.
  1474  2.3419e-01  2.2507e-05  2.7883e-05  2.2380e-05  1.0725e-03  6.5265e-03  1.1032e-03  0:00:08    1

 turbulent viscosity limited to viscosity ratio of 1.000000e+05 in 806 cells 

 Reversed flow on 812 faces of pressure-outlet 7.
  1475  2.3365e-01  2.2435e-05  2.7813e-05  2.2346e-05  1.0695e-03  5.7865e-03  1.1028e-03  0:00:00    0
iterate_1475: RPC returned
progress: 1475/1500

  iter  continuity  x-velocity  y-velocity  z-velocity           k     epsilon  vf-phase-2     time/iter
  1475  2.3365e-01  2.2435e-05  2.7813e-05  2.2346e-05  1.0695e-03  5.7865e-03  1.1028e-03  0:03:13   25

 turbulent viscosity limited to viscosity ratio of 1.000000e+05 in 806 cells 

 Reversed flow on 812 faces of pressure-outlet 7.
  1476  2.3297e-01  2.2371e-05  2.7740e-05  2.2325e-05  1.0691e-03  7.0613e-03  1.1024e-03  0:03:11   24

 turbulent viscosity limited to viscosity ratio of 1.000000e+05 in 806 cells 

 Reversed flow on 819 faces of pressure-outlet 7.
  1477  2.3250e-01  2.2303e-05  2.7668e-05  2.2303e-05  1.0647e-03  5.7356e-03  1.1019e-03  0:02:59   23

 turbulent viscosity limited to viscosity ratio of 1.000000e+05 in 807 cells 

 Reversed flow on 815 faces of pressure-outlet 7.
  1478  2.3192e-01  2.2235e-05  2.7609e-05  2.2275e-05  1.0628e-03  5.6819e-03  1.1013e-03  0:02:52   22

 turbulent viscosity limited to viscosity ratio of 1.000000e+05 in 807 cells 

 Reversed flow on 805 faces of pressure-outlet 7.
  1479  2.3146e-01  2.2172e-05  2.7550e-05  2.2250e-05  1.0619e-03  6.2125e-03  1.1006e-03  0:02:45   21

 turbulent viscosity limited to viscosity ratio of 1.000000e+05 in 807 cells 

 Reversed flow on 809 faces of pressure-outlet 7.
  1480  2.3097e-01  2.2107e-05  2.7481e-05  2.2235e-05  1.0575e-03  5.8111e-03  1.1000e-03  0:02:38   20

 turbulent viscosity limited to viscosity ratio of 1.000000e+05 in 807 cells 

 Reversed flow on 811 faces of pressure-outlet 7.
  1481  2.3071e-01  2.2034e-05  2.7415e-05  2.2207e-05  1.0579e-03  6.1689e-03  1.0992e-03  0:02:26   19

 turbulent viscosity limited to viscosity ratio of 1.000000e+05 in 806 cells 

 Reversed flow on 814 faces of pressure-outlet 7.
  1482  2.3012e-01  2.1978e-05  2.7352e-05  2.2188e-05  1.0556e-03  5.9132e-03  1.0984e-03  0:02:20   18

 turbulent viscosity limited to viscosity ratio of 1.000000e+05 in 806 cells 

 Reversed flow on 812 faces of pressure-outlet 7.
  1483  2.2993e-01  2.1915e-05  2.7295e-05  2.2168e-05  1.0520e-03  5.7430e-03  1.0976e-03  0:02:13   17

 turbulent viscosity limited to viscosity ratio of 1.000000e+05 in 806 cells 

 Reversed flow on 821 faces of pressure-outlet 7.
  1484  2.2948e-01  2.1840e-05  2.7239e-05  2.2140e-05  1.0519e-03  6.3763e-03  1.0967e-03  0:02:06   16

 turbulent viscosity limited to viscosity ratio of 1.000000e+05 in 806 cells 

 Reversed flow on 804 faces of pressure-outlet 7.
  1485  2.2898e-01  2.1785e-05  2.7188e-05  2.2121e-05  1.0502e-03  5.7462e-03  1.0958e-03  0:01:55   15

 turbulent viscosity limited to viscosity ratio of 1.000000e+05 in 804 cells 

 Reversed flow on 803 faces of pressure-outlet 7.

  iter  continuity  x-velocity  y-velocity  z-velocity           k     epsilon  vf-phase-2     time/iter
  1486  2.2877e-01  2.1718e-05  2.7137e-05  2.2104e-05  1.0478e-03  6.3674e-03  1.0948e-03  0:01:48   14

 turbulent viscosity limited to viscosity ratio of 1.000000e+05 in 804 cells 

 Reversed flow on 802 faces of pressure-outlet 7.
  1487  2.2848e-01  2.1661e-05  2.7078e-05  2.2080e-05  1.0465e-03  5.9293e-03  1.0938e-03  0:01:41   13

 turbulent viscosity limited to viscosity ratio of 1.000000e+05 in 804 cells 

 Reversed flow on 808 faces of pressure-outlet 7.
  1488  2.2809e-01  2.1602e-05  2.7026e-05  2.2054e-05  1.0437e-03  5.8991e-03  1.0927e-03  0:01:34   12

 turbulent viscosity limited to viscosity ratio of 1.000000e+05 in 803 cells 

 Reversed flow on 806 faces of pressure-outlet 7.
  1489  2.2763e-01  2.1553e-05  2.6974e-05  2.2032e-05  1.0409e-03  6.3794e-03  1.0915e-03  0:01:24   11

 turbulent viscosity limited to viscosity ratio of 1.000000e+05 in 803 cells 

 Reversed flow on 809 faces of pressure-outlet 7.
  1490  2.2751e-01  2.1501e-05  2.6928e-05  2.2003e-05  1.0396e-03  6.0879e-03  1.0904e-03  0:01:17   10

 turbulent viscosity limited to viscosity ratio of 1.000000e+05 in 803 cells 

 Reversed flow on 815 faces of pressure-outlet 7.
  1491  2.2686e-01  2.1450e-05  2.6879e-05  2.1971e-05  1.0370e-03  5.6806e-03  1.0893e-03  0:01:10    9

 turbulent viscosity limited to viscosity ratio of 1.000000e+05 in 803 cells 

 Reversed flow on 806 faces of pressure-outlet 7.
  1492  2.2641e-01  2.1398e-05  2.6835e-05  2.1945e-05  1.0366e-03  6.8513e-03  1.0882e-03  0:01:01    8

 turbulent viscosity limited to viscosity ratio of 1.000000e+05 in 803 cells 

 Reversed flow on 803 faces of pressure-outlet 7.
  1493  2.2571e-01  2.1345e-05  2.6782e-05  2.1916e-05  1.0319e-03  5.4220e-03  1.0872e-03  0:00:54    7

 turbulent viscosity limited to viscosity ratio of 1.000000e+05 in 804 cells 

 Reversed flow on 808 faces of pressure-outlet 7.
  1494  2.2524e-01  2.1301e-05  2.6728e-05  2.1881e-05  1.0301e-03  5.9991e-03  1.0861e-03  0:00:47    6

 turbulent viscosity limited to viscosity ratio of 1.000000e+05 in 804 cells 

 Reversed flow on 798 faces of pressure-outlet 7.
  1495  2.2482e-01  2.1259e-05  2.6678e-05  2.1846e-05  1.0275e-03  4.8948e-03  1.0851e-03  0:00:39    5

 turbulent viscosity limited to viscosity ratio of 1.000000e+05 in 804 cells 

 Reversed flow on 800 faces of pressure-outlet 7.
  1496  2.2455e-01  2.1203e-05  2.6636e-05  2.1818e-05  1.0250e-03  5.4813e-03  1.0840e-03  0:00:31    4

 turbulent viscosity limited to viscosity ratio of 1.000000e+05 in 804 cells 

 Reversed flow on 802 faces of pressure-outlet 7.

  iter  continuity  x-velocity  y-velocity  z-velocity           k     epsilon  vf-phase-2     time/iter
  1497  2.2400e-01  2.1149e-05  2.6591e-05  2.1789e-05  1.0227e-03  5.3043e-03  1.0830e-03  0:00:24    3

 turbulent viscosity limited to viscosity ratio of 1.000000e+05 in 803 cells 

 Reversed flow on 799 faces of pressure-outlet 7.
  1498  2.2338e-01  2.1104e-05  2.6544e-05  2.1751e-05  1.0223e-03  5.5723e-03  1.0821e-03  0:00:16    2

 turbulent viscosity limited to viscosity ratio of 1.000000e+05 in 803 cells 

 Reversed flow on 807 faces of pressure-outlet 7.
  1499  2.2286e-01  2.1065e-05  2.6495e-05  2.1716e-05  1.0225e-03  6.7744e-03  1.0811e-03  0:00:08    1

iterate_1500: RPC returned
progress: 1500/1500
 turbulent viscosity limited to viscosity ratio of 1.000000e+05 in 803 cells 

 Reversed flow on 799 faces of pressure-outlet 7.
  1500  2.2253e-01  2.1027e-05  2.6449e-05  2.1684e-05  1.0192e-03  5.8853e-03  1.0802e-03  0:00:00    0
verified_iteration_label: 1500

=== verified_flow ===

Writing to EN439159:"C:\Users\qtra338\Documents\enthalpy_sweep_verified_20260721_v2\case_4_1600_1500_flow.cas.h5" in NODE0 mode and compression level 1 ...
Grouping cells for Laplace smoothing ...
     5578299 cells,     1 zone  ...
    11355491 faces,     5 zones ...
     1026091 nodes,     1 zone  ...
  Done.
Done.write_case_verified_flow: OK


Writing to EN439159:"C:\Users\qtra338\Documents\enthalpy_sweep_verified_20260721_v2\case_4_1600_1500_flow.dat.h5" in NODE0 mode and compression level 1 ...
  Writing results.
Done.write_data_verified_flow: OK

saved_pair_verified_flow: VERIFIED

=== Run DPM Reports ===
report_call: settings_zone_summaries_per_injection_enable
settings_zone_summaries_per_injection_enable: no captured text
report_call: solve_dpm_update
/solve/dpm-update

DPM Iteration ....
number tracked = 78300, escaped = 8318, trapped = 36268, incomplete = 33714

report_call: settings_dpm_summary


 Fate                        Zone   Zone Number                  Elapsed Time (s)               Injection, Index      Injection, Index
report_call: tui_dpm_summary
                             Name     Id               Min        Max        Avg    Std Dev                  Min                  Max
 ----------- -------------------- ------ ------ ---------- ---------- ---------- ---------- --------------- ---- --------------- ----
 Incomplete                               33714  9.659e+00  4.881e+01  2.491e+01  1.209e+01     injection-1 1572     injection-8 4485
 Escaped             steam_outlet      7   8318  5.359e-01  1.800e+01  2.551e+00  1.671e+00     injection-0 5265     injection-0 7043
 Trapped             fluid_outlet      8  36268  1.526e-01  2.382e+01  5.593e-01  9.852e-01     injection-1 5838     injection-1 4215

                                               (*)- Mass Transfer Summary -(*) 

 Fate                        Zone   Zone      Mass Flow (kg/s)
                             Name     Id    Initial      Final     Change
 ----------- -------------------- ------ ---------- ---------- ----------
 Incomplete                          
report_call: tui_particle_summary
(injection-0 injection-1 injection-2 injection-3 injection-4 injection-5 injection-6 injection-7 injection-8)
The following solver settings object method could also be used to execute the above command:
<solver_session>.results.report.particle_summary(injection_names = ["injection-0", "injection-1", "injection-2", "injection-3", "injection-4", "injection-5", "injection-6", "injection-7", "injection-8"])

report_call: settings_dpm_extended_summary


 Fate                        Zone   Zone Number                  Elapsed Time (s)               Injection, Index      Injection, Index
                             Name     Id               Min        Max        Avg    Std Dev                  Min                  Max
 ----------- -------------------- ------ ------ ---------- ---------- ---------- ---------- --------------- ---- --------------- ----
 Incomplete                               33714  9.659e+00  4.881e+01  2.491e+01  1.209e+01     injection-1 1572     injection-8 4485
 Escaped             steam_outlet      7   8318  5.359e-01  1.800e+01  2.551e+00  1.671e+00     injection-0 5265     injection-0 7043
 Trapped             fluid_outlet      8  36268  1.526e-01  2.382e+01  5.593e-01  9.852e-01     injection-1 5838     injection-1 4215

                                               (*)- Mass Transfer Summary -(*) 

 Fate                        Zone   Zone      Mass Flow (kg/s)
                             Name     Id    Initial      Final     Change
 ----------- -------------------- ------ ---------- ---------- ----------
 Incomplete                               5.350e+01  5.350e+01  0.000e+00
 Escaped             steam_outlet      7  1.817e-01  1.817e-01  0.000e+00
 Trapped             fluid_outlet      8  6.324e+01  6.324e+01  0.000e+00
 -----------                             ---------- ---------- ----------
 Net                                      1.169e+02  1.169e+02  0.000e+00
report_call: dpm_extended_summary_injection-0


Saving summary report to file: C:\\Users\\qtra338\\Documents\\enthalpy_sweep_verified_20260721_v2\\case_4_1600_injection-0_extended_scratch.txt
report_call: dpm_extended_summary_injection-1

Saving summary report to file: C:\\Users\\qtra338\\Documents\\enthalpy_sweep_verified_20260721_v2\\case_4_1600_injection-1_extended_scratch.txt

report_call: dpm_extended_summary_injection-2

Saving summary report to file: C:\\Users\\qtra338\\Documents\\enthalpy_sweep_verified_20260721_v2\\case_4_1600_injection-2_extended_scratch.txt

report_call: dpm_extended_summary_injection-3

Saving summary report to file: C:\\Users\\qtra338\\Documents\\enthalpy_sweep_verified_20260721_v2\\case_4_1600_injection-3_extended_scratch.txt

report_call: dpm_extended_summary_injection-4


Saving summary report to file: C:\\Users\\qtra338\\Documents\\enthalpy_sweep_verified_20260721_v2\\case_4_1600_injection-4_extended_scratch.txt
report_call: dpm_extended_summary_injection-5

Saving summary report to file: C:\\Users\\qtra338\\Documents\\enthalpy_sweep_verified_20260721_v2\\case_4_1600_injection-5_extended_scratch.txt

report_call: dpm_extended_summary_injection-6

Saving summary report to file: C:\\Users\\qtra338\\Documents\\enthalpy_sweep_verified_20260721_v2\\case_4_1600_injection-6_extended_scratch.txt

report_call: dpm_extended_summary_injection-7

Saving summary report to file: C:\\Users\\qtra338\\Documents\\enthalpy_sweep_verified_20260721_v2\\case_4_1600_injection-7_extended_scratch.txt

report_call: dpm_extended_summary_injection-8

Saving summary report to file: C:\\Users\\qtra338\\Documents\\enthalpy_sweep_verified_20260721_v2\\case_4_1600_injection-8_extended_scratch.txt


=== Set DPM Injections ===
DPM velocity mode: face-normal
injection-0_particle_type: OK
injection-0_material: OK
injection-0_injection_type_surface: OK
injection-0_location: OK
injection-0_mass_flow_rate: OK
injection-0_use_face_normal_direction: OK
injection-0_velocity_magnitude: OK
injection-0_particle_size: OK
injection-0_readback: VERIFIED
injection-1_particle_type: OK
injection-1_material: OK
injection-1_injection_type_surface: OK
injection-1_location: OK
injection-1_mass_flow_rate: OK
injection-1_use_face_normal_direction: OK
injection-1_velocity_magnitude: OK
injection-1_particle_size: OK
injection-1_readback: VERIFIED
injection-2_particle_type: OK
injection-2_material: OK
injection-2_injection_type_surface: OK
injection-2_location: OK
injection-2_mass_flow_rate: OK
injection-2_use_face_normal_direction: OK
injection-2_velocity_magnitude: OK
injection-2_particle_size: OK
injection-2_readback: VERIFIED
injection-3_particle_type: OK
injection-3_material: OK
injection-3_injection_type_surface: OK
injection-3_location: OK
injection-3_mass_flow_rate: OK
injection-3_use_face_normal_direction: OK
injection-3_velocity_magnitude: OK
injection-3_particle_size: OK
injection-3_readback: VERIFIED
injection-4_particle_type: OK
injection-4_material: OK
injection-4_injection_type_surface: OK
injection-4_location: OK
injection-4_mass_flow_rate: OK
injection-4_use_face_normal_direction: OK
injection-4_velocity_magnitude: OK
injection-4_particle_size: OK
injection-4_readback: VERIFIED
injection-5_particle_type: OK
injection-5_material: OK
injection-5_injection_type_surface: OK
injection-5_location: OK
injection-5_mass_flow_rate: OK
injection-5_use_face_normal_direction: OK
injection-5_velocity_magnitude: OK
injection-5_particle_size: OK
injection-5_readback: VERIFIED
injection-6_particle_type: OK
injection-6_material: OK
injection-6_injection_type_surface: OK
injection-6_location: OK
injection-6_mass_flow_rate: OK
injection-6_use_face_normal_direction: OK
injection-6_velocity_magnitude: OK
injection-6_particle_size: OK
injection-6_readback: VERIFIED
injection-7_particle_type: OK
injection-7_material: OK
injection-7_injection_type_surface: OK
injection-7_location: OK
injection-7_mass_flow_rate: OK
injection-7_use_face_normal_direction: OK
injection-7_velocity_magnitude: OK
injection-7_particle_size: OK
injection-7_readback: VERIFIED
injection-8_particle_type: OK
injection-8_material: OK
injection-8_injection_type_surface: OK
injection-8_location: OK
injection-8_mass_flow_rate: OK
injection-8_use_face_normal_direction: OK
injection-8_velocity_magnitude: OK
injection-8_particle_size: OK
injection-8_readback: VERIFIED

=== final_post_dpm ===

Writing to EN439159:"C:\Users\qtra338\Documents\enthalpy_sweep_verified_20260721_v2\case_4_1600_1500.cas.h5" in NODE0 mode and compression level 1 ...
Grouping cells for Laplace smoothing ...
     5578299 cells,     1 zone  ...
    11355491 faces,     5 zones ...
     1026091 nodes,     1 zone  ...
  Done.
Done.
write_case_final_post_dpm: OK

Writing to EN439159:"C:\Users\qtra338\Documents\enthalpy_sweep_verified_20260721_v2\case_4_1600_1500.dat.h5" in NODE0 mode and compression level 1 ...
  Writing results.
Done.
write_data_final_post_dpm: OK
saved_pair_final_post_dpm: VERIFIED

=== Sweep Complete ===
local_combined_results: /Users/andy/Desktop/P4P/P4P_knowledgeWiki/PyAnsys/output/enthalpy_sweep_verified_20260721_v2/all_enthalpy_injection_results.csv
remote_combined_results: C:\Users\qtra338\Documents\enthalpy_sweep_verified_20260721_v2\all_enthalpy_injection_results.csv
local_case_summary: /Users/andy/Desktop/P4P/P4P_knowledgeWiki/PyAnsys/output/enthalpy_sweep_verified_20260721_v2/all_enthalpy_case_summary.csv
remote_case_summary: C:\Users\qtra338\Documents\enthalpy_sweep_verified_20260721_v2\all_enthalpy_case_summary.csv
rows: 36
