Connecting to Fluent server 1 using IP/port: 10.104.145.85:54904
/Users/andy/Desktop/P4P/P4P_knowledgeWiki/PyAnsys/.venv/lib/python3.12/site-packages/ansys/fluent/core/fluent_connection.py:306: InsecureGrpcWarning: The Fluent session will be connected in insecure gRPC mode. This mode is not recommended. For more details on the implications and usage of insecure mode, refer to the Fluent documentation.
  warnings.warn(
/Users/andy/Desktop/P4P/P4P_knowledgeWiki/PyAnsys/.venv/lib/python3.12/site-packages/ansys/tools/common/cyberchannel.py:188: UserWarning: Starting gRPC client without TLS on 10.104.145.85:54904. This is INSECURE. Consider using a secure connection.
  warn(f"Starting gRPC client without TLS on {target}. This is INSECURE. Consider using a secure connection.")

Connected to Fluent Ansys Fluent 2024 R2
seed_results_csv: loaded 36 rows from /Users/andy/Desktop/P4P/P4P_knowledgeWiki/PyAnsys/output/enthalpy_sweep_verified_20260721_v2/all_enthalpy_injection_results.csv
seed_results_csv: loaded 9 rows from /Users/andy/Desktop/P4P/P4P_knowledgeWiki/PyAnsys/output/enthalpy_sweep_verified_20260721_v2/case_5_1680_1500iter_recovered_from_750_injection_results.csv
seed_case_summary_csv: loaded 4 rows from /Users/andy/Desktop/P4P/P4P_knowledgeWiki/PyAnsys/output/enthalpy_sweep_verified_20260721_v2/all_enthalpy_case_summary.csv
seed_case_summary_csv: loaded 1 rows from /Users/andy/Desktop/P4P/P4P_knowledgeWiki/PyAnsys/output/enthalpy_sweep_verified_20260721_v2/case_5_1680_1500iter_recovered_from_750_case_summary.csv

=== Run Case 6 / 1760 ===

=== Load Base Case ===
Note: Rank = 0: Process affinity not being set (6).
Note: Rank = 1: Process affinity not being set (6).
Note: Rank = 2: Process affinity not being set (6).
Note: Rank = 3: Process affinity not being set (6).
Note: Rank = 4: Process affinity not being set (6).
Note: Rank = 5: Process affinity not being set (6).
Note: Rank = 6: Process affinity not being set (6).
Note: Rank = 7: Process affinity not being set (6).
Note: Rank = 8: Process affinity not being set (6).
Note: Rank = 9: Process affinity not being set (6).
Note: Rank = 10: Process affinity not being set (6).
Note: Rank = 11: Process affinity not being set (6).
Note: Rank = 12: Process affinity not being set (6).
Note: Rank = 13: Process affinity not being set (6).
Note: Rank = 14: Process affinity not being set (6).

       Clearing partially read grid.

Reading from EN439159:"C:\Users\qtra338\Documents\baseline.cas.h5" in NODE0 mode ...
  Reading mesh ...
Warning: reading 10 partition grid onto 15 compute node machine.
         will auto partition.
     5578299 cells,     1 cell zone  ...
        5578299 tetrahedral cells,  zone id: 3
    11355491 faces,     5 face zones ...
         374376 triangular wall faces,  zone id: 1
       10957705 triangular interior faces,  zone id: 2
           8700 triangular mass-flow-inlet faces,  zone id: 6
           5435 triangular pressure-outlet faces,  zone id: 7
           9275 triangular wall faces,  zone id: 8
     1026091 nodes,     1 node zone  ...
  Done.


Building...
     mesh
	auto partitioning mesh by Metis (fast, Laplace),
	distributing mesh
		parts...............,
		faces...............,
		nodes...............,
		cells...............,
        bandwidth reduction using Reverse Cuthill-McKee: 372040/13927 = 26.7136
     materials,
     interface,
     domains,
	mixture
	phase-1
	phase-2
	interaction
     zones,
	fluid  (phase-2)
	interior-fluid  (phase-2)
	fluid  (phase-1)
	interior-fluid  (phase-1)
	wall-fluid  (phase-1)
	wall-fluid  (phase-2)
	inlet  (phase-1)
	inlet  (phase-2)
	steam_outlet  (phase-1)
	steam_outlet  (phase-2)
	fluid_outlet  (phase-1)
	fluid_outlet  (phase-2)
	interior-fluid
	wall-fluid
	inlet
	steam_outlet
	fluid_outlet
	fluid
     parallel,
Done.
read_base_case: OK
fluent_internal_autosave: VERIFIED disabled -> {"before": {"autosave/frequency/data": 100, "autosave/frequency/case": 0, "mmp/autosave/frequency/data": 1, "mmp/autosave/frequency/case": 1, "autosave/filename": "C:\\Users\\qtra338\\Documents\\Bangma Design (swirl 0.15)\\Bangma_separator_files\\dp0\\FFF\\Fluent\\FFF-6", "mmp/autosave/filename": ""}, "after": {"autosave/frequency/data": 0, "autosave/frequency/case": 0, "mmp/autosave/frequency/data": 0, "mmp/autosave/frequency/case": 0, "autosave/filename": "C:/Users/qtra338/Documents/enthalpy_sweep_verified_20260721_v2/case_6_1760_internal_autosave_disabled", "mmp/autosave/filename": "C:/Users/qtra338/Documents/enthalpy_sweep_verified_20260721_v2/case_6_1760_internal_autosave_disabled"}, "python_checkpoints_enabled": true}

=== Set Inlet Phase Mass Flows ===
set_inlet_phase_mass_flows: OK
{
  "mixture": {
    "momentum": {
      "reference_frame": "Absolute",
      "supersonic_gauge_pressure": {
        "option": "value",
        "value": 1140000
      },
      "direction_specification": "Normal to Boundary"
    },
    "turbulence": {
      "turbulence_specification": "Intensity and Hydraulic Diameter",
      "turbulent_intensity": 0.02152499951888,
      "hydraulic_diameter": 0.7240000000000001
    },
    "dpm": {
      "discrete_phase_bc_type": "escape"
    },
    "multiphase": {}
  },
  "phase-1": {
    "momentum": {
      "mass_flow_specification": "Mass Flow Rate",
      "mass_flow_rate": {
        "option": "value",
        "value": 96.52
      }
    },
    "turbulence": {},
    "dpm": {},
    "multiphase": {}
  },
  "phase-2": {
    "momentum": {
      "mass_flow_specification": "Mass Flow Rate",
      "mass_flow_rate": {
        "option": "value",
        "value": 101.09
      }
    },
    "turbulence": {},
    "dpm": {},
    "multiphase": {}
  }
}

=== Set DPM Injections ===
DPM velocity mode: face-normal
injection-0_particle_type: OK
injection-0_material: OK
injection-0_injection_type_surface: OK
injection-0_location: OK
injection-0_mass_flow_rate: OK
injection-0_use_face_normal_direction: OK
injection-0_velocity_magnitude: OK
injection-0_particle_size: OK
injection-0_readback: VERIFIED
injection-1_particle_type: OK
injection-1_material: OK
injection-1_injection_type_surface: OK
injection-1_location: OK
injection-1_mass_flow_rate: OK
injection-1_use_face_normal_direction: OK
injection-1_velocity_magnitude: OK
injection-1_particle_size: OK
injection-1_readback: VERIFIED
injection-2_particle_type: OK
injection-2_material: OK
injection-2_injection_type_surface: OK
injection-2_location: OK
injection-2_mass_flow_rate: OK
injection-2_use_face_normal_direction: OK
injection-2_velocity_magnitude: OK
injection-2_particle_size: OK
injection-2_readback: VERIFIED
injection-3_particle_type: OK
injection-3_material: OK
injection-3_injection_type_surface: OK
injection-3_location: OK
injection-3_mass_flow_rate: OK
injection-3_use_face_normal_direction: OK
injection-3_velocity_magnitude: OK
injection-3_particle_size: OK
injection-3_readback: VERIFIED
injection-4_particle_type: OK
injection-4_material: OK
injection-4_injection_type_surface: OK
injection-4_location: OK
injection-4_mass_flow_rate: OK
injection-4_use_face_normal_direction: OK
injection-4_velocity_magnitude: OK
injection-4_particle_size: OK
injection-4_readback: VERIFIED
injection-5_particle_type: OK
injection-5_material: OK
injection-5_injection_type_surface: OK
injection-5_location: OK
injection-5_mass_flow_rate: OK
injection-5_use_face_normal_direction: OK
injection-5_velocity_magnitude: OK
injection-5_particle_size: OK
injection-5_readback: VERIFIED
injection-6_particle_type: OK
injection-6_material: OK
injection-6_injection_type_surface: OK
injection-6_location: OK
injection-6_mass_flow_rate: OK
injection-6_use_face_normal_direction: OK
injection-6_velocity_magnitude: OK
injection-6_particle_size: OK
injection-6_readback: VERIFIED
injection-7_particle_type: OK
injection-7_material: OK
injection-7_injection_type_surface: OK
injection-7_location: OK
injection-7_mass_flow_rate: OK
injection-7_use_face_normal_direction: OK
injection-7_velocity_magnitude: OK
injection-7_particle_size: OK
injection-7_readback: VERIFIED
injection-8_particle_type: OK
injection-8_material: OK
injection-8_injection_type_surface: OK
injection-8_location: OK
injection-8_mass_flow_rate: OK
injection-8_use_face_normal_direction: OK
injection-8_velocity_magnitude: OK
injection-8_particle_size: OK
injection-8_readback: VERIFIED

=== Hybrid Initialization ===

Initialize using the hybrid initialization method.

Checking case topology... 
-This case has both inlets & outlets 
-Pressure information is not available at the boundaries.
 Case will be initialized with constant pressure

	iter		scalar-0

	1		1.000000e+00
	2		2.899077e-04
	3		5.351379e-05
	4		1.941508e-05
	5		5.972147e-06
	6		2.140210e-06
	7		7.177258e-07
	8		2.593053e-07
	9		9.348123e-08
	10		3.476009e-08

Hybrid initialization is done.
hybrid_initialize_settings_api: OK

=== Configure Residual History ===
set_residual_n_save: OK
set_residual_n_display: OK
enable_residual_print: OK
enable_residual_plot: OK
residual_convergence_stop_flags: {"continuity": false, "epsilon": false, "k": false, "vf-phase-2": false, "x-velocity": false, "y-velocity": false, "z-velocity": false}

=== Run Iterations ===
iteration_monitor_sets: ['residual']

  iter  continuity  x-velocity  y-velocity  z-velocity           k     epsilon  vf-phase-2     time/iter

 turbulent viscosity limited to viscosity ratio of 1.000000e+05 in 1355 cells 
     1  1.0000e+00  6.9854e-04  9.7025e-04  7.4885e-04  1.0626e+02  3.9817e+06  1.1464e-01  0:04:24   24

 turbulent viscosity limited to viscosity ratio of 1.000000e+05 in 3377 cells 
     2  1.0000e+00  4.8442e-04  6.3600e-04  5.0039e-04  1.6090e-01  2.7507e-01  6.0070e-01  0:03:59   23

 turbulent viscosity limited to viscosity ratio of 1.000000e+05 in 2737 cells 

 Reversed flow on 33 faces of pressure-outlet 7.
     3  7.1624e-01  2.8445e-04  3.9421e-04  2.9275e-04  1.4557e-01  5.9720e-01  3.0033e-01  0:03:38   22

 turbulent viscosity limited to viscosity ratio of 1.000000e+05 in 1835 cells 

 Reversed flow on 181 faces of pressure-outlet 7.
     4  7.0076e-01  2.4209e-04  3.3269e-04  2.4857e-04  1.2768e-01  1.6334e+00  2.0022e-01  0:03:20   21

 turbulent viscosity limited to viscosity ratio of 1.000000e+05 in 1139 cells 

 Reversed flow on 320 faces of pressure-outlet 7.
     5  5.3557e-01  2.2251e-04  2.9495e-04  2.3014e-04  1.2081e-01  4.7667e-01  1.5016e-01  0:03:05   20

 turbulent viscosity limited to viscosity ratio of 1.000000e+05 in 676 cells 

 Reversed flow on 414 faces of pressure-outlet 7.
     6  4.6326e-01  2.0135e-04  2.5521e-04  2.1035e-04  1.0648e-01  3.8099e-01  1.2013e-01  0:02:51   19

 turbulent viscosity limited to viscosity ratio of 1.000000e+05 in 433 cells 

 Reversed flow on 524 faces of pressure-outlet 7.
     7  5.6697e-01  1.9818e-04  2.2954e-04  2.1077e-04  8.4263e-02  1.1415e+00  1.0011e-01  0:02:38   18

 turbulent viscosity limited to viscosity ratio of 1.000000e+05 in 323 cells 

 Reversed flow on 613 faces of pressure-outlet 7.
     8  4.3667e-01  1.7659e-04  1.9406e-04  1.9148e-04  7.5901e-02  1.2445e+00  8.5811e-02  0:02:23   17

 turbulent viscosity limited to viscosity ratio of 1.000000e+05 in 273 cells 

 Reversed flow on 641 faces of pressure-outlet 7.
     9  3.8056e-01  1.6554e-04  1.7259e-04  1.8055e-04  6.8123e-02  4.0911e-01  7.5087e-02  0:02:13   16

 turbulent viscosity limited to viscosity ratio of 1.000000e+05 in 282 cells 

 Reversed flow on 663 faces of pressure-outlet 7.
    10  3.9738e-01  1.6145e-04  1.6125e-04  1.7729e-04  6.1651e-02  3.7137e-01  6.6746e-02  0:02:04   15

 turbulent viscosity limited to viscosity ratio of 1.000000e+05 in 287 cells 

 Reversed flow on 666 faces of pressure-outlet 7.
    11  3.2711e-01  1.5040e-04  1.4337e-04  1.6653e-04  4.9686e-02  3.0727e-01  6.0076e-02  0:01:55   14

 turbulent viscosity limited to viscosity ratio of 1.000000e+05 in 313 cells 

 Reversed flow on 644 faces of pressure-outlet 7.

  iter  continuity  x-velocity  y-velocity  z-velocity           k     epsilon  vf-phase-2     time/iter
    12  3.1481e-01  1.4588e-04  1.3293e-04  1.6340e-04  4.0974e-02  2.4002e-01  5.4618e-02  0:01:46   13

 turbulent viscosity limited to viscosity ratio of 1.000000e+05 in 353 cells 

 Reversed flow on 649 faces of pressure-outlet 7.
    13  2.9136e-01  1.4002e-04  1.2355e-04  1.5864e-04  3.4263e-02  1.8520e-01  5.0068e-02  0:01:38   12

 turbulent viscosity limited to viscosity ratio of 1.000000e+05 in 434 cells 

 Reversed flow on 625 faces of pressure-outlet 7.
    14  3.2596e-01  1.4060e-04  1.2170e-04  1.6061e-04  2.9357e-02  1.4560e-01  4.6218e-02  0:01:29   11

 turbulent viscosity limited to viscosity ratio of 1.000000e+05 in 518 cells 

 Reversed flow on 617 faces of pressure-outlet 7.
    15  2.9181e-01  1.3407e-04  1.1375e-04  1.5532e-04  2.5516e-02  1.2598e-01  4.2918e-02  0:01:19   10

 turbulent viscosity limited to viscosity ratio of 1.000000e+05 in 633 cells 

 Reversed flow on 648 faces of pressure-outlet 7.
    16  2.9578e-01  1.3133e-04  1.1078e-04  1.5290e-04  2.6456e-02  2.8919e+01  4.0058e-02  0:01:11    9

 turbulent viscosity limited to viscosity ratio of 1.000000e+05 in 764 cells 

 Reversed flow on 648 faces of pressure-outlet 7.
    17  3.2949e-01  1.3310e-04  1.1178e-04  1.5676e-04  2.9984e-01  4.0149e+01  3.7557e-02  0:01:03    8

 turbulent viscosity limited to viscosity ratio of 1.000000e+05 in 898 cells 

 Reversed flow on 664 faces of pressure-outlet 7.
    18  3.0078e-01  1.3117e-04  1.0620e-04  1.5608e-04  4.0166e-01  7.8262e-01  3.5349e-02  0:00:56    7

 turbulent viscosity limited to viscosity ratio of 1.000000e+05 in 1060 cells 

 Reversed flow on 682 faces of pressure-outlet 7.
    19  3.1249e-01  1.2975e-04  1.0723e-04  1.5612e-04  1.1429e-01  7.7151e-01  3.3387e-02  0:00:48    6

 turbulent viscosity limited to viscosity ratio of 1.000000e+05 in 1229 cells 

 Reversed flow on 673 faces of pressure-outlet 7.
    20  3.4255e-01  1.3083e-04  1.0744e-04  1.5909e-04  3.5471e-02  5.5364e-01  3.1632e-02  0:00:40    5

 turbulent viscosity limited to viscosity ratio of 1.000000e+05 in 1463 cells 

 Reversed flow on 679 faces of pressure-outlet 7.
    21  3.2035e-01  1.2849e-04  1.0489e-04  1.5936e-04  2.4382e-02  4.2307e-01  3.0052e-02  0:00:32    4

 turbulent viscosity limited to viscosity ratio of 1.000000e+05 in 1757 cells 

 Reversed flow on 698 faces of pressure-outlet 7.
    22  3.5640e-01  1.3214e-04  1.0922e-04  1.6494e-04  1.9834e-02  2.7053e-01  2.8622e-02  0:00:23    3

 turbulent viscosity limited to viscosity ratio of 1.000000e+05 in 2038 cells 

 Reversed flow on 714 faces of pressure-outlet 7.

  iter  continuity  x-velocity  y-velocity  z-velocity           k     epsilon  vf-phase-2     time/iter
    23  3.3967e-01  1.3040e-04  1.0740e-04  1.6556e-04  1.8779e-02  1.5591e-01  2.7323e-02  0:00:16    2

 turbulent viscosity limited to viscosity ratio of 1.000000e+05 in 2315 cells 

 Reversed flow on 718 faces of pressure-outlet 7.
    24  4.1532e-01  1.3558e-04  1.1430e-04  1.7309e-04  1.6750e-02  1.1230e-01  2.6136e-02  0:00:08    1

iterate_25: RPC returned
progress: 25/1500
 turbulent viscosity limited to viscosity ratio of 1.000000e+05 in 2636 cells 

 Reversed flow on 714 faces of pressure-outlet 7.
    25  3.7148e-01  1.3390e-04  1.1207e-04  1.7398e-04  1.4940e-02  9.5855e-02  2.5049e-02  0:00:00    0

  iter  continuity  x-velocity  y-velocity  z-velocity           k     epsilon  vf-phase-2     time/iter
    25  3.7148e-01  1.3390e-04  1.1207e-04  1.7398e-04  1.4940e-02  9.5855e-02  2.5049e-02  0:03:17   25

 turbulent viscosity limited to viscosity ratio of 1.000000e+05 in 2988 cells 

 Reversed flow on 715 faces of pressure-outlet 7.
    26  3.9044e-01  1.3646e-04  1.1550e-04  1.7790e-04  1.3662e-02  7.5791e-02  2.4048e-02  0:03:15   24

 turbulent viscosity limited to viscosity ratio of 1.000000e+05 in 3328 cells 

 Reversed flow on 725 faces of pressure-outlet 7.
    27  4.1815e-01  1.3971e-04  1.1992e-04  1.8484e-04  1.2639e-02  6.2145e-02  2.3125e-02  0:03:06   23

 turbulent viscosity limited to viscosity ratio of 1.000000e+05 in 3682 cells 

 Reversed flow on 725 faces of pressure-outlet 7.
    28  3.9730e-01  1.3861e-04  1.1834e-04  1.8624e-04  1.1798e-02  5.3550e-02  2.2269e-02  0:02:58   22

 turbulent viscosity limited to viscosity ratio of 1.000000e+05 in 4051 cells 

 Reversed flow on 725 faces of pressure-outlet 7.
    29  4.4815e-01  1.4146e-04  1.2464e-04  1.9191e-04  1.1092e-02  4.5816e-02  2.1475e-02  0:02:49   21

 turbulent viscosity limited to viscosity ratio of 1.000000e+05 in 4492 cells 

 Reversed flow on 721 faces of pressure-outlet 7.
    30  4.2363e-01  1.4015e-04  1.2293e-04  1.9336e-04  1.0492e-02  3.9365e-02  2.0736e-02  0:02:41   20

 turbulent viscosity limited to viscosity ratio of 1.000000e+05 in 4870 cells 

 Reversed flow on 717 faces of pressure-outlet 7.
    31  4.7774e-01  1.4281e-04  1.2939e-04  1.9937e-04  9.9216e-03  3.3778e-02  2.0046e-02  0:02:29   19

 turbulent viscosity limited to viscosity ratio of 1.000000e+05 in 5232 cells 

 Reversed flow on 719 faces of pressure-outlet 7.
    32  4.4833e-01  1.4019e-04  1.2752e-04  1.9928e-04  9.4664e-03  2.9918e-02  1.9401e-02  0:02:22   18

 turbulent viscosity limited to viscosity ratio of 1.000000e+05 in 5631 cells 

 Reversed flow on 713 faces of pressure-outlet 7.
    33  4.9135e-01  1.4129e-04  1.3246e-04  2.0110e-04  9.0587e-03  2.7046e-02  1.8795e-02  0:02:14   17

 turbulent viscosity limited to viscosity ratio of 1.000000e+05 in 6017 cells 

 Reversed flow on 705 faces of pressure-outlet 7.
    34  4.6174e-01  1.3793e-04  1.3008e-04  1.9930e-04  8.7432e-03  2.4742e-02  1.8227e-02  0:02:07   16

 turbulent viscosity limited to viscosity ratio of 1.000000e+05 in 6406 cells 

 Reversed flow on 718 faces of pressure-outlet 7.
    35  5.0292e-01  1.3724e-04  1.3451e-04  1.9852e-04  8.4687e-03  2.3029e-02  1.7692e-02  0:01:59   15

 turbulent viscosity limited to viscosity ratio of 1.000000e+05 in 6807 cells 

 Reversed flow on 715 faces of pressure-outlet 7.

  iter  continuity  x-velocity  y-velocity  z-velocity           k     epsilon  vf-phase-2     time/iter
    36  4.7235e-01  1.3345e-04  1.3246e-04  1.9577e-04  8.2385e-03  2.1871e-02  1.7187e-02  0:01:51   14

 turbulent viscosity limited to viscosity ratio of 1.000000e+05 in 7203 cells 

 Reversed flow on 721 faces of pressure-outlet 7.
    37  5.1465e-01  1.3269e-04  1.3618e-04  1.9369e-04  8.0624e-03  2.1097e-02  1.6711e-02  0:01:43   13

 turbulent viscosity limited to viscosity ratio of 1.000000e+05 in 7559 cells 

 Reversed flow on 726 faces of pressure-outlet 7.
    38  4.7893e-01  1.2865e-04  1.3379e-04  1.8974e-04  7.9000e-03  1.9822e-02  1.6260e-02  0:01:36   12

 turbulent viscosity limited to viscosity ratio of 1.000000e+05 in 7875 cells 

 Reversed flow on 725 faces of pressure-outlet 7.
    39  4.9331e-01  1.2647e-04  1.3543e-04  1.8623e-04  7.7624e-03  1.8960e-02  1.5833e-02  0:01:28   11

 turbulent viscosity limited to viscosity ratio of 1.000000e+05 in 8222 cells 

 Reversed flow on 719 faces of pressure-outlet 7.
    40  4.9201e-01  1.2367e-04  1.3481e-04  1.8282e-04  7.6545e-03  1.8257e-02  1.5428e-02  0:01:20   10

 turbulent viscosity limited to viscosity ratio of 1.000000e+05 in 8616 cells 

 Reversed flow on 723 faces of pressure-outlet 7.
    41  4.8484e-01  1.2082e-04  1.3432e-04  1.8004e-04  7.5645e-03  1.8038e-02  1.5043e-02  0:01:10    9

 turbulent viscosity limited to viscosity ratio of 1.000000e+05 in 8995 cells 

 Reversed flow on 707 faces of pressure-outlet 7.
    42  4.8097e-01  1.1793e-04  1.3371e-04  1.7721e-04  7.4864e-03  1.7774e-02  1.4677e-02  0:01:03    8

 turbulent viscosity limited to viscosity ratio of 1.000000e+05 in 9385 cells 

 Reversed flow on 714 faces of pressure-outlet 7.
    43  4.8240e-01  1.1513e-04  1.3305e-04  1.7453e-04  7.4348e-03  1.7740e-02  1.4328e-02  0:00:55    7

 turbulent viscosity limited to viscosity ratio of 1.000000e+05 in 9764 cells 

 Reversed flow on 715 faces of pressure-outlet 7.
    44  4.8005e-01  1.1241e-04  1.3229e-04  1.7121e-04  7.4103e-03  1.8128e-02  1.3995e-02  0:00:47    6

 turbulent viscosity limited to viscosity ratio of 1.000000e+05 in 10159 cells 

 Reversed flow on 723 faces of pressure-outlet 7.
    45  4.7868e-01  1.0965e-04  1.3160e-04  1.6776e-04  7.3868e-03  1.7768e-02  1.3678e-02  0:00:40    5

 turbulent viscosity limited to viscosity ratio of 1.000000e+05 in 10502 cells 

 Reversed flow on 714 faces of pressure-outlet 7.
    46  4.7942e-01  1.0711e-04  1.3086e-04  1.6466e-04  7.3767e-03  1.7990e-02  1.3374e-02  0:00:32    4

 turbulent viscosity limited to viscosity ratio of 1.000000e+05 in 10908 cells 

 Reversed flow on 707 faces of pressure-outlet 7.

  iter  continuity  x-velocity  y-velocity  z-velocity           k     epsilon  vf-phase-2     time/iter
    47  4.8034e-01  1.0494e-04  1.2996e-04  1.6130e-04  7.3688e-03  1.8508e-02  1.3084e-02  0:00:24    3

 turbulent viscosity limited to viscosity ratio of 1.000000e+05 in 11268 cells 

 Reversed flow on 712 faces of pressure-outlet 7.
    48  4.8119e-01  1.0300e-04  1.2941e-04  1.5819e-04  7.3797e-03  1.8964e-02  1.2806e-02  0:00:16    2

 turbulent viscosity limited to viscosity ratio of 1.000000e+05 in 11604 cells 

 Reversed flow on 716 faces of pressure-outlet 7.
    49  4.8292e-01  1.0137e-04  1.2903e-04  1.5535e-04  7.3899e-03  1.9446e-02  1.2540e-02  0:00:08    1

 turbulent viscosity limited to viscosity ratio of 1.000000e+05 in 11968 cells 

 Reversed flow on 721 faces of pressure-outlet 7.
    50  4.8462e-01  9.9949e-05  1.2842e-04  1.5277e-04  7.4166e-03  2.0192e-02  1.2284e-02  0:00:00    0
iterate_50: RPC returned
progress: 50/1500

  iter  continuity  x-velocity  y-velocity  z-velocity           k     epsilon  vf-phase-2     time/iter
    50  4.8462e-01  9.9949e-05  1.2842e-04  1.5277e-04  7.4166e-03  2.0192e-02  1.2284e-02  0:03:19   25

 turbulent viscosity limited to viscosity ratio of 1.000000e+05 in 12329 cells 

 Reversed flow on 714 faces of pressure-outlet 7.
    51  4.8657e-01  9.8906e-05  1.2809e-04  1.5024e-04  7.4285e-03  2.0479e-02  1.2039e-02  0:03:11   24

 turbulent viscosity limited to viscosity ratio of 1.000000e+05 in 12655 cells 

 Reversed flow on 719 faces of pressure-outlet 7.
    52  4.8961e-01  9.8177e-05  1.2772e-04  1.4801e-04  7.4433e-03  2.0919e-02  1.1803e-02  0:03:04   23

 turbulent viscosity limited to viscosity ratio of 1.000000e+05 in 13009 cells 

 Reversed flow on 711 faces of pressure-outlet 7.
    53  4.9452e-01  9.7544e-05  1.2750e-04  1.4614e-04  7.4399e-03  2.0505e-02  1.1577e-02  0:02:56   22

 turbulent viscosity limited to viscosity ratio of 1.000000e+05 in 13325 cells 

 Reversed flow on 715 faces of pressure-outlet 7.
    54  4.9988e-01  9.7013e-05  1.2734e-04  1.4415e-04  7.4360e-03  1.9974e-02  1.1359e-02  0:02:48   21

 turbulent viscosity limited to viscosity ratio of 1.000000e+05 in 13622 cells 

 Reversed flow on 710 faces of pressure-outlet 7.
    55  5.0743e-01  9.6848e-05  1.2724e-04  1.4211e-04  7.4392e-03  2.0117e-02  1.1149e-02  0:02:40   20

 turbulent viscosity limited to viscosity ratio of 1.000000e+05 in 13882 cells 

 Reversed flow on 710 faces of pressure-outlet 7.
    56  5.1541e-01  9.6807e-05  1.2714e-04  1.4038e-04  7.4247e-03  1.9370e-02  1.0946e-02  0:02:32   19

 turbulent viscosity limited to viscosity ratio of 1.000000e+05 in 14173 cells 

 Reversed flow on 692 faces of pressure-outlet 7.
    57  5.2305e-01  9.6800e-05  1.2713e-04  1.3870e-04  7.4177e-03  1.9003e-02  1.0751e-02  0:02:24   18

 turbulent viscosity limited to viscosity ratio of 1.000000e+05 in 14463 cells 

 Reversed flow on 708 faces of pressure-outlet 7.
    58  5.3241e-01  9.7024e-05  1.2714e-04  1.3737e-04  7.4106e-03  1.8709e-02  1.0563e-02  0:02:13   17

 turbulent viscosity limited to viscosity ratio of 1.000000e+05 in 14707 cells 

 Reversed flow on 712 faces of pressure-outlet 7.
    59  5.3719e-01  9.6885e-05  1.2661e-04  1.3663e-04  7.3995e-03  1.7960e-02  1.0381e-02  0:02:05   16

 turbulent viscosity limited to viscosity ratio of 1.000000e+05 in 14872 cells 

 Reversed flow on 704 faces of pressure-outlet 7.
    60  5.6659e-01  9.8163e-05  1.2768e-04  1.3460e-04  7.3900e-03  1.7315e-02  1.0205e-02  0:01:58   15

 turbulent viscosity limited to viscosity ratio of 1.000000e+05 in 15097 cells 

 Reversed flow on 703 faces of pressure-outlet 7.

  iter  continuity  x-velocity  y-velocity  z-velocity           k     epsilon  vf-phase-2     time/iter
    61  5.6149e-01  9.7778e-05  1.2701e-04  1.3425e-04  7.3853e-03  1.7025e-02  1.0035e-02  0:01:51   14

 turbulent viscosity limited to viscosity ratio of 1.000000e+05 in 15297 cells 

 Reversed flow on 719 faces of pressure-outlet 7.
    62  5.8554e-01  9.8892e-05  1.2768e-04  1.3274e-04  7.3806e-03  1.6534e-02  9.8709e-03  0:01:43   13

 turbulent viscosity limited to viscosity ratio of 1.000000e+05 in 15547 cells 

 Reversed flow on 719 faces of pressure-outlet 7.
    63  5.8093e-01  9.8650e-05  1.2681e-04  1.3251e-04  7.3845e-03  1.6067e-02  9.7119e-03  0:01:35   12

 turbulent viscosity limited to viscosity ratio of 1.000000e+05 in 15659 cells 

 Reversed flow on 717 faces of pressure-outlet 7.
    64  6.0617e-01  9.9856e-05  1.2741e-04  1.3108e-04  7.3898e-03  1.5732e-02  9.5579e-03  0:01:25   11

 turbulent viscosity limited to viscosity ratio of 1.000000e+05 in 15845 cells 

 Reversed flow on 717 faces of pressure-outlet 7.
    65  6.0000e-01  9.9934e-05  1.2656e-04  1.3075e-04  7.4010e-03  1.5108e-02  9.4088e-03  0:01:18   10

 turbulent viscosity limited to viscosity ratio of 1.000000e+05 in 15954 cells 

 Reversed flow on 716 faces of pressure-outlet 7.
    66  6.2480e-01  1.0136e-04  1.2714e-04  1.2944e-04  7.4154e-03  1.4773e-02  9.2642e-03  0:01:11    9

 turbulent viscosity limited to viscosity ratio of 1.000000e+05 in 16051 cells 

 Reversed flow on 723 faces of pressure-outlet 7.
    67  6.2079e-01  1.0150e-04  1.2636e-04  1.2933e-04  7.4571e-03  1.5331e-02  9.1240e-03  0:01:03    8

 turbulent viscosity limited to viscosity ratio of 1.000000e+05 in 16144 cells 

 Reversed flow on 728 faces of pressure-outlet 7.
    68  6.4467e-01  1.0278e-04  1.2698e-04  1.2832e-04  7.4885e-03  1.4871e-02  8.9880e-03  0:00:55    7

 turbulent viscosity limited to viscosity ratio of 1.000000e+05 in 16234 cells 

 Reversed flow on 724 faces of pressure-outlet 7.
    69  6.4195e-01  1.0300e-04  1.2617e-04  1.2821e-04  7.5206e-03  1.4885e-02  8.8560e-03  0:00:48    6

 turbulent viscosity limited to viscosity ratio of 1.000000e+05 in 16298 cells 

 Reversed flow on 720 faces of pressure-outlet 7.
    70  6.6922e-01  1.0438e-04  1.2684e-04  1.2723e-04  7.6627e-03  4.9235e-01  8.7279e-03  0:00:41    5

 turbulent viscosity limited to viscosity ratio of 1.000000e+05 in 16280 cells 

 Reversed flow on 720 faces of pressure-outlet 7.
    71  6.6342e-01  1.0466e-04  1.2628e-04  1.2714e-04  1.0164e-02  5.6434e-01  8.6033e-03  0:00:32    4

 turbulent viscosity limited to viscosity ratio of 1.000000e+05 in 16326 cells 

 Reversed flow on 720 faces of pressure-outlet 7.

  iter  continuity  x-velocity  y-velocity  z-velocity           k     epsilon  vf-phase-2     time/iter
    72  6.8773e-01  1.0613e-04  1.2708e-04  1.2650e-04  9.2016e-03  1.4846e-01  8.4823e-03  0:00:24    3

 turbulent viscosity limited to viscosity ratio of 1.000000e+05 in 16288 cells 

 Reversed flow on 717 faces of pressure-outlet 7.
    73  6.8279e-01  1.0639e-04  1.2652e-04  1.2642e-04  1.4286e-02  6.0579e-01  8.3647e-03  0:00:16    2

 turbulent viscosity limited to viscosity ratio of 1.000000e+05 in 16302 cells 

 Reversed flow on 720 faces of pressure-outlet 7.
    74  7.0727e-01  1.0778e-04  1.2745e-04  1.2581e-04  9.4095e-03  1.8751e-01  8.2503e-03  0:00:08    1

 turbulent viscosity limited to viscosity ratio of 1.000000e+05 in 16271 cells 

 Reversed flow on 719 faces of pressure-outlet 7.
    75  7.0010e-01  1.0799e-04  1.2687e-04  1.2548e-04  8.4036e-03  6.3004e-02  8.1390e-03  0:00:00    0
iterate_75: RPC returned
progress: 75/1500

  iter  continuity  x-velocity  y-velocity  z-velocity           k     epsilon  vf-phase-2     time/iter
    75  7.0010e-01  1.0799e-04  1.2687e-04  1.2548e-04  8.4036e-03  6.3004e-02  8.1390e-03  0:03:25   25

 turbulent viscosity limited to viscosity ratio of 1.000000e+05 in 16311 cells 

 Reversed flow on 718 faces of pressure-outlet 7.
    76  7.2178e-01  1.0915e-04  1.2750e-04  1.2475e-04  8.1437e-03  4.2096e-02  8.0306e-03  0:03:21   24

 turbulent viscosity limited to viscosity ratio of 1.000000e+05 in 16293 cells 

 Reversed flow on 717 faces of pressure-outlet 7.
    77  7.1700e-01  1.0922e-04  1.2697e-04  1.2465e-04  7.9896e-03  3.1694e-02  7.9251e-03  0:03:15   23

 turbulent viscosity limited to viscosity ratio of 1.000000e+05 in 16292 cells 

 Reversed flow on 724 faces of pressure-outlet 7.
    78  7.3738e-01  1.1021e-04  1.2762e-04  1.2417e-04  7.9325e-03  2.5747e-02  7.8223e-03  0:03:05   22

 turbulent viscosity limited to viscosity ratio of 1.000000e+05 in 16286 cells 

 Reversed flow on 728 faces of pressure-outlet 7.
    79  7.2897e-01  1.1031e-04  1.2711e-04  1.2391e-04  7.9218e-03  2.1991e-02  7.7222e-03  0:02:55   21

 turbulent viscosity limited to viscosity ratio of 1.000000e+05 in 16250 cells 

 Reversed flow on 718 faces of pressure-outlet 7.
    80  7.4396e-01  1.1121e-04  1.2752e-04  1.2348e-04  7.9293e-03  2.0235e-02  7.6246e-03  0:02:41   20

 turbulent viscosity limited to viscosity ratio of 1.000000e+05 in 16196 cells 

 Reversed flow on 723 faces of pressure-outlet 7.
    81  7.3904e-01  1.1098e-04  1.2685e-04  1.2326e-04  7.9453e-03  1.9745e-02  7.5294e-03  0:02:33   19

 turbulent viscosity limited to viscosity ratio of 1.000000e+05 in 16163 cells 

 Reversed flow on 730 faces of pressure-outlet 7.
    82  7.5396e-01  1.1158e-04  1.2710e-04  1.2324e-04  7.9724e-03  1.9068e-02  7.4366e-03  0:02:25   18

 turbulent viscosity limited to viscosity ratio of 1.000000e+05 in 16087 cells 

 Reversed flow on 725 faces of pressure-outlet 7.
    83  7.4958e-01  1.1133e-04  1.2645e-04  1.2308e-04  8.0018e-03  1.8728e-02  7.3460e-03  0:02:16   17

 turbulent viscosity limited to viscosity ratio of 1.000000e+05 in 16002 cells 

 Reversed flow on 721 faces of pressure-outlet 7.
    84  7.6218e-01  1.1193e-04  1.2655e-04  1.2324e-04  8.0498e-03  1.8630e-02  7.2576e-03  0:02:08   16

 turbulent viscosity limited to viscosity ratio of 1.000000e+05 in 15956 cells 

 Reversed flow on 722 faces of pressure-outlet 7.
    85  7.5620e-01  1.1156e-04  1.2589e-04  1.2306e-04  8.1030e-03  1.8682e-02  7.1714e-03  0:02:00   15

 turbulent viscosity limited to viscosity ratio of 1.000000e+05 in 15885 cells 

 Reversed flow on 720 faces of pressure-outlet 7.

  iter  continuity  x-velocity  y-velocity  z-velocity           k     epsilon  vf-phase-2     time/iter
    86  7.6545e-01  1.1167e-04  1.2536e-04  1.2301e-04  8.1665e-03  1.8768e-02  7.0871e-03  0:01:52   14

 turbulent viscosity limited to viscosity ratio of 1.000000e+05 in 15834 cells 

 Reversed flow on 720 faces of pressure-outlet 7.
    87  7.8293e-01  1.1248e-04  1.2536e-04  1.2333e-04  8.2292e-03  1.8907e-02  7.0049e-03  0:01:42   13

 turbulent viscosity limited to viscosity ratio of 1.000000e+05 in 15784 cells 

 Reversed flow on 732 faces of pressure-outlet 7.
    88  7.7161e-01  1.1191e-04  1.2447e-04  1.2324e-04  8.2883e-03  1.8988e-02  6.9245e-03  0:01:34   12

 turbulent viscosity limited to viscosity ratio of 1.000000e+05 in 15731 cells 

 Reversed flow on 721 faces of pressure-outlet 7.
    89  7.7877e-01  1.1188e-04  1.2370e-04  1.2317e-04  8.3403e-03  1.9229e-02  6.8460e-03  0:01:27   11

 turbulent viscosity limited to viscosity ratio of 1.000000e+05 in 15673 cells 

 Reversed flow on 709 faces of pressure-outlet 7.
    90  7.9334e-01  1.1253e-04  1.2338e-04  1.2347e-04  8.3756e-03  1.9376e-02  6.7693e-03  0:01:19   10

 turbulent viscosity limited to viscosity ratio of 1.000000e+05 in 15591 cells 

 Reversed flow on 712 faces of pressure-outlet 7.
    91  7.8716e-01  1.1204e-04  1.2258e-04  1.2332e-04  8.4106e-03  1.9367e-02  6.6942e-03  0:01:11    9

 turbulent viscosity limited to viscosity ratio of 1.000000e+05 in 15511 cells 

 Reversed flow on 715 faces of pressure-outlet 7.
    92  7.9324e-01  1.1194e-04  1.2177e-04  1.2316e-04  8.4314e-03  1.9141e-02  6.6208e-03  0:01:04    8

 turbulent viscosity limited to viscosity ratio of 1.000000e+05 in 15414 cells 

 Reversed flow on 730 faces of pressure-outlet 7.
    93  8.0624e-01  1.1272e-04  1.2147e-04  1.2334e-04  8.4388e-03  1.8990e-02  6.5490e-03  0:00:56    7

 turbulent viscosity limited to viscosity ratio of 1.000000e+05 in 15362 cells 

 Reversed flow on 720 faces of pressure-outlet 7.
    94  8.0185e-01  1.1217e-04  1.2057e-04  1.2309e-04  8.4337e-03  1.8714e-02  6.4788e-03  0:00:48    6

 turbulent viscosity limited to viscosity ratio of 1.000000e+05 in 15268 cells 

 Reversed flow on 710 faces of pressure-outlet 7.
    95  8.1088e-01  1.1211e-04  1.1968e-04  1.2298e-04  8.4221e-03  1.8762e-02  6.4100e-03  0:00:39    5

 turbulent viscosity limited to viscosity ratio of 1.000000e+05 in 15169 cells 

 Reversed flow on 709 faces of pressure-outlet 7.
    96  8.1892e-01  1.1220e-04  1.1894e-04  1.2298e-04  8.4114e-03  2.1558e-02  6.3426e-03  0:00:31    4

 turbulent viscosity limited to viscosity ratio of 1.000000e+05 in 15086 cells 

 Reversed flow on 714 faces of pressure-outlet 7.

  iter  continuity  x-velocity  y-velocity  z-velocity           k     epsilon  vf-phase-2     time/iter
    97  8.2377e-01  1.1230e-04  1.1825e-04  1.2294e-04  8.3960e-03  1.9266e-02  6.2766e-03  0:00:24    3

 turbulent viscosity limited to viscosity ratio of 1.000000e+05 in 14949 cells 

 Reversed flow on 705 faces of pressure-outlet 7.
    98  8.2722e-01  1.1245e-04  1.1756e-04  1.2279e-04  8.3782e-03  1.9339e-02  6.2120e-03  0:00:16    2

 turbulent viscosity limited to viscosity ratio of 1.000000e+05 in 14869 cells 

 Reversed flow on 706 faces of pressure-outlet 7.
    99  8.3309e-01  1.1250e-04  1.1688e-04  1.2272e-04  8.3445e-03  1.8394e-02  6.1488e-03  0:00:08    1

iterate_100: RPC returned
 turbulent viscosity limited to viscosity ratio of 1.000000e+05 in 14750 cells 

 Reversed flow on 700 faces of pressure-outlet 7.
   100  8.3933e-01  1.1244e-04  1.1616e-04  1.2253e-04  8.3082e-03  1.8033e-02  6.0868e-03  0:00:00    0
progress: 100/1500

  iter  continuity  x-velocity  y-velocity  z-velocity           k     epsilon  vf-phase-2     time/iter
   100  8.3933e-01  1.1244e-04  1.1616e-04  1.2253e-04  8.3082e-03  1.8033e-02  6.0868e-03  0:03:18   25

 turbulent viscosity limited to viscosity ratio of 1.000000e+05 in 14671 cells 

 Reversed flow on 699 faces of pressure-outlet 7.
   101  8.4534e-01  1.1228e-04  1.1542e-04  1.2245e-04  8.2636e-03  1.7736e-02  6.0260e-03  0:03:15   24

 turbulent viscosity limited to viscosity ratio of 1.000000e+05 in 14564 cells 

 Reversed flow on 712 faces of pressure-outlet 7.
   102  8.4878e-01  1.1210e-04  1.1469e-04  1.2234e-04  8.2060e-03  1.7340e-02  5.9665e-03  0:03:07   23

 turbulent viscosity limited to viscosity ratio of 1.000000e+05 in 14413 cells 

 Reversed flow on 711 faces of pressure-outlet 7.
   103  8.4901e-01  1.1191e-04  1.1387e-04  1.2209e-04  8.1454e-03  1.6923e-02  5.9081e-03  0:02:54   22

 turbulent viscosity limited to viscosity ratio of 1.000000e+05 in 14294 cells 

 Reversed flow on 699 faces of pressure-outlet 7.
   104  8.5079e-01  1.1162e-04  1.1306e-04  1.2183e-04  8.0858e-03  1.6571e-02  5.8508e-03  0:02:46   21

 turbulent viscosity limited to viscosity ratio of 1.000000e+05 in 14173 cells 

 Reversed flow on 700 faces of pressure-outlet 7.
   105  8.5196e-01  1.1119e-04  1.1233e-04  1.2156e-04  8.0298e-03  1.6269e-02  5.7947e-03  0:02:39   20

 turbulent viscosity limited to viscosity ratio of 1.000000e+05 in 14050 cells 

 Reversed flow on 702 faces of pressure-outlet 7.
   106  8.5429e-01  1.1071e-04  1.1157e-04  1.2138e-04  7.9713e-03  1.5970e-02  5.7397e-03  0:02:31   19

 turbulent viscosity limited to viscosity ratio of 1.000000e+05 in 13977 cells 

 Reversed flow on 703 faces of pressure-outlet 7.
   107  8.5700e-01  1.1026e-04  1.1075e-04  1.2098e-04  7.9156e-03  1.5843e-02  5.6857e-03  0:02:20   18

 turbulent viscosity limited to viscosity ratio of 1.000000e+05 in 13858 cells 

 Reversed flow on 698 faces of pressure-outlet 7.
   108  8.5514e-01  1.0969e-04  1.0993e-04  1.2040e-04  7.8553e-03  1.5691e-02  5.6327e-03  0:02:13   17

 turbulent viscosity limited to viscosity ratio of 1.000000e+05 in 13720 cells 

 Reversed flow on 691 faces of pressure-outlet 7.
   109  8.5248e-01  1.0903e-04  1.0902e-04  1.1977e-04  7.7968e-03  1.5814e-02  5.5807e-03  0:02:05   16

 turbulent viscosity limited to viscosity ratio of 1.000000e+05 in 13628 cells 

 Reversed flow on 687 faces of pressure-outlet 7.
   110  8.4896e-01  1.0834e-04  1.0815e-04  1.1914e-04  7.7243e-03  1.5219e-02  5.5296e-03  0:01:58   15

 turbulent viscosity limited to viscosity ratio of 1.000000e+05 in 13505 cells 

 Reversed flow on 674 faces of pressure-outlet 7.

  iter  continuity  x-velocity  y-velocity  z-velocity           k     epsilon  vf-phase-2     time/iter
   111  8.4367e-01  1.0758e-04  1.0731e-04  1.1853e-04  7.6563e-03  1.4875e-02  5.4795e-03  0:01:51   14

 turbulent viscosity limited to viscosity ratio of 1.000000e+05 in 13380 cells 

 Reversed flow on 688 faces of pressure-outlet 7.
   112  8.3885e-01  1.0681e-04  1.0648e-04  1.1785e-04  7.5931e-03  1.4613e-02  5.4303e-03  0:01:43   13

 turbulent viscosity limited to viscosity ratio of 1.000000e+05 in 13261 cells 

 Reversed flow on 690 faces of pressure-outlet 7.
   113  8.3465e-01  1.0603e-04  1.0563e-04  1.1710e-04  7.5432e-03  1.4283e-02  5.3819e-03  0:01:35   12

 turbulent viscosity limited to viscosity ratio of 1.000000e+05 in 13146 cells 

 Reversed flow on 689 faces of pressure-outlet 7.
   114  8.3031e-01  1.0528e-04  1.0480e-04  1.1634e-04  7.5069e-03  1.4197e-02  5.3345e-03  0:01:27   11

 turbulent viscosity limited to viscosity ratio of 1.000000e+05 in 12995 cells 

 Reversed flow on 695 faces of pressure-outlet 7.
   115  8.2422e-01  1.0452e-04  1.0400e-04  1.1561e-04  7.4850e-03  1.4401e-02  5.2878e-03  0:01:20   10

 turbulent viscosity limited to viscosity ratio of 1.000000e+05 in 12872 cells 

 Reversed flow on 684 faces of pressure-outlet 7.
   116  8.1823e-01  1.0378e-04  1.0322e-04  1.1489e-04  7.4638e-03  1.4526e-02  5.2420e-03  0:01:12    9

 turbulent viscosity limited to viscosity ratio of 1.000000e+05 in 12734 cells 

 Reversed flow on 672 faces of pressure-outlet 7.
   117  8.1034e-01  1.0311e-04  1.0253e-04  1.1413e-04  7.4507e-03  1.4502e-02  5.1969e-03  0:01:04    8

 turbulent viscosity limited to viscosity ratio of 1.000000e+05 in 12594 cells 

 Reversed flow on 671 faces of pressure-outlet 7.
   118  8.0214e-01  1.0247e-04  1.0187e-04  1.1335e-04  7.4390e-03  1.4522e-02  5.1526e-03  0:00:56    7

 turbulent viscosity limited to viscosity ratio of 1.000000e+05 in 12468 cells 

 Reversed flow on 684 faces of pressure-outlet 7.
   119  7.9590e-01  1.0181e-04  1.0112e-04  1.1264e-04  7.4263e-03  1.4584e-02  5.1091e-03  0:00:47    6

 turbulent viscosity limited to viscosity ratio of 1.000000e+05 in 12340 cells 

 Reversed flow on 683 faces of pressure-outlet 7.
   120  7.8924e-01  1.0112e-04  1.0049e-04  1.1191e-04  7.4075e-03  1.4557e-02  5.0663e-03  0:00:39    5

 turbulent viscosity limited to viscosity ratio of 1.000000e+05 in 12214 cells 

 Reversed flow on 686 faces of pressure-outlet 7.
   121  7.8393e-01  1.0050e-04  9.9810e-05  1.1121e-04  7.3868e-03  1.4451e-02  5.0242e-03  0:00:31    4

 turbulent viscosity limited to viscosity ratio of 1.000000e+05 in 12074 cells 

 Reversed flow on 674 faces of pressure-outlet 7.

  iter  continuity  x-velocity  y-velocity  z-velocity           k     epsilon  vf-phase-2     time/iter
   122  7.7804e-01  9.9892e-05  9.9106e-05  1.1056e-04  7.3637e-03  1.4388e-02  4.9829e-03  0:00:24    3

 turbulent viscosity limited to viscosity ratio of 1.000000e+05 in 11957 cells 

 Reversed flow on 669 faces of pressure-outlet 7.
   123  7.7194e-01  9.9268e-05  9.8415e-05  1.0984e-04  7.3316e-03  1.4465e-02  4.9422e-03  0:00:16    2

 turbulent viscosity limited to viscosity ratio of 1.000000e+05 in 11834 cells 

 Reversed flow on 674 faces of pressure-outlet 7.
   124  7.6598e-01  9.8589e-05  9.7743e-05  1.0921e-04  7.2903e-03  1.4502e-02  4.9022e-03  0:00:08    1

 turbulent viscosity limited to viscosity ratio of 1.000000e+05 in 11700 cells 

 Reversed flow on 670 faces of pressure-outlet 7.
   125  7.6132e-01  9.7919e-05  9.7058e-05  1.0858e-04  7.2408e-03  1.4385e-02  4.8628e-03  0:00:00    0
iterate_125: RPC returned
progress: 125/1500

  iter  continuity  x-velocity  y-velocity  z-velocity           k     epsilon  vf-phase-2     time/iter
   125  7.6132e-01  9.7919e-05  9.7058e-05  1.0858e-04  7.2408e-03  1.4385e-02  4.8628e-03  0:03:15   25

 turbulent viscosity limited to viscosity ratio of 1.000000e+05 in 11585 cells 

 Reversed flow on 679 faces of pressure-outlet 7.
   126  7.5767e-01  9.7204e-05  9.6391e-05  1.0797e-04  7.1828e-03  1.4238e-02  4.8240e-03  0:03:08   24

 turbulent viscosity limited to viscosity ratio of 1.000000e+05 in 11487 cells 

 Reversed flow on 689 faces of pressure-outlet 7.
   127  7.5392e-01  9.6469e-05  9.5798e-05  1.0737e-04  7.1231e-03  1.4127e-02  4.7859e-03  0:03:01   23

 turbulent viscosity limited to viscosity ratio of 1.000000e+05 in 11377 cells 

 Reversed flow on 681 faces of pressure-outlet 7.
   128  7.4894e-01  9.5734e-05  9.5183e-05  1.0681e-04  7.0649e-03  1.3963e-02  4.7483e-03  0:02:49   22

 turbulent viscosity limited to viscosity ratio of 1.000000e+05 in 11285 cells 

 Reversed flow on 670 faces of pressure-outlet 7.
   129  7.4444e-01  9.4960e-05  9.4523e-05  1.0628e-04  7.0081e-03  1.3890e-02  4.7114e-03  0:02:43   21

 turbulent viscosity limited to viscosity ratio of 1.000000e+05 in 11172 cells 

 Reversed flow on 681 faces of pressure-outlet 7.
   130  7.3996e-01  9.4232e-05  9.3902e-05  1.0578e-04  6.9476e-03  1.3755e-02  4.6750e-03  0:02:36   20

 turbulent viscosity limited to viscosity ratio of 1.000000e+05 in 11073 cells 

 Reversed flow on 678 faces of pressure-outlet 7.
   131  7.3559e-01  9.3508e-05  9.3304e-05  1.0527e-04  6.8897e-03  1.3555e-02  4.6392e-03  0:02:29   19

 turbulent viscosity limited to viscosity ratio of 1.000000e+05 in 10949 cells 

 Reversed flow on 679 faces of pressure-outlet 7.
   132  7.3120e-01  9.2831e-05  9.2705e-05  1.0477e-04  6.8337e-03  1.3619e-02  4.6039e-03  0:02:22   18

 turbulent viscosity limited to viscosity ratio of 1.000000e+05 in 10822 cells 

 Reversed flow on 680 faces of pressure-outlet 7.
   133  7.2734e-01  9.2150e-05  9.2154e-05  1.0433e-04  6.7815e-03  1.3335e-02  4.5691e-03  0:02:11   17

 turbulent viscosity limited to viscosity ratio of 1.000000e+05 in 10690 cells 

 Reversed flow on 677 faces of pressure-outlet 7.
   134  7.2377e-01  9.1510e-05  9.1649e-05  1.0388e-04  6.7320e-03  1.3218e-02  4.5349e-03  0:02:04   16

 turbulent viscosity limited to viscosity ratio of 1.000000e+05 in 10589 cells 

 Reversed flow on 669 faces of pressure-outlet 7.
   135  7.1934e-01  9.0849e-05  9.1182e-05  1.0347e-04  6.6864e-03  1.3100e-02  4.5012e-03  0:01:57   15

 turbulent viscosity limited to viscosity ratio of 1.000000e+05 in 10464 cells 

 Reversed flow on 669 faces of pressure-outlet 7.

  iter  continuity  x-velocity  y-velocity  z-velocity           k     epsilon  vf-phase-2     time/iter
   136  7.1521e-01  9.0225e-05  9.0685e-05  1.0312e-04  6.6451e-03  1.3039e-02  4.4680e-03  0:01:50   14

 turbulent viscosity limited to viscosity ratio of 1.000000e+05 in 10337 cells 

 Reversed flow on 667 faces of pressure-outlet 7.
   137  7.1081e-01  8.9569e-05  9.0253e-05  1.0274e-04  6.6068e-03  1.2967e-02  4.4353e-03  0:01:42   13

 turbulent viscosity limited to viscosity ratio of 1.000000e+05 in 10228 cells 

 Reversed flow on 654 faces of pressure-outlet 7.
   138  7.0877e-01  8.8921e-05  8.9908e-05  1.0237e-04  6.5708e-03  1.3021e-02  4.4031e-03  0:01:35   12

 turbulent viscosity limited to viscosity ratio of 1.000000e+05 in 10106 cells 

 Reversed flow on 660 faces of pressure-outlet 7.
   139  7.0520e-01  8.8338e-05  8.9575e-05  1.0202e-04  6.5335e-03  1.2886e-02  4.3713e-03  0:01:25   11

 turbulent viscosity limited to viscosity ratio of 1.000000e+05 in 10011 cells 

 Reversed flow on 663 faces of pressure-outlet 7.
   140  7.0244e-01  8.7768e-05  8.9258e-05  1.0169e-04  6.4938e-03  1.2775e-02  4.3400e-03  0:01:18   10

 turbulent viscosity limited to viscosity ratio of 1.000000e+05 in 9889 cells 

 Reversed flow on 646 faces of pressure-outlet 7.
   141  7.0025e-01  8.7214e-05  8.8957e-05  1.0140e-04  6.4548e-03  1.2750e-02  4.3092e-03  0:01:10    9

 turbulent viscosity limited to viscosity ratio of 1.000000e+05 in 9784 cells 

 Reversed flow on 646 faces of pressure-outlet 7.
   142  6.9815e-01  8.6702e-05  8.8633e-05  1.0111e-04  6.4092e-03  1.2508e-02  4.2789e-03  0:01:03    8

 turbulent viscosity limited to viscosity ratio of 1.000000e+05 in 9662 cells 

 Reversed flow on 645 faces of pressure-outlet 7.
   143  6.9619e-01  8.6234e-05  8.8323e-05  1.0082e-04  6.3652e-03  1.2465e-02  4.2490e-03  0:00:55    7

 turbulent viscosity limited to viscosity ratio of 1.000000e+05 in 9540 cells 

 Reversed flow on 658 faces of pressure-outlet 7.
   144  6.9457e-01  8.5792e-05  8.8017e-05  1.0055e-04  6.3247e-03  1.2482e-02  4.2194e-03  0:00:47    6

 turbulent viscosity limited to viscosity ratio of 1.000000e+05 in 9429 cells 

 Reversed flow on 649 faces of pressure-outlet 7.
   145  6.9273e-01  8.5426e-05  8.7693e-05  1.0032e-04  6.2810e-03  1.2602e-02  4.1903e-03  0:00:40    5

 turbulent viscosity limited to viscosity ratio of 1.000000e+05 in 9345 cells 

 Reversed flow on 649 faces of pressure-outlet 7.
   146  6.9128e-01  8.5102e-05  8.7385e-05  1.0004e-04  6.2315e-03  1.2736e-02  4.1615e-03  0:00:32    4

 turbulent viscosity limited to viscosity ratio of 1.000000e+05 in 9241 cells 

 Reversed flow on 642 faces of pressure-outlet 7.

  iter  continuity  x-velocity  y-velocity  z-velocity           k     epsilon  vf-phase-2     time/iter
   147  6.9014e-01  8.4786e-05  8.7126e-05  9.9774e-05  6.1799e-03  1.2640e-02  4.1332e-03  0:00:23    3

 turbulent viscosity limited to viscosity ratio of 1.000000e+05 in 9133 cells 

 Reversed flow on 623 faces of pressure-outlet 7.
   148  6.8934e-01  8.4504e-05  8.6848e-05  9.9499e-05  6.1283e-03  1.2709e-02  4.1053e-03  0:00:16    2

 turbulent viscosity limited to viscosity ratio of 1.000000e+05 in 9037 cells 

 Reversed flow on 635 faces of pressure-outlet 7.
   149  6.8861e-01  8.4258e-05  8.6629e-05  9.9233e-05  6.0756e-03  1.2365e-02  4.0777e-03  0:00:08    1

iterate_150: RPC returned
progress: 150/1500
 turbulent viscosity limited to viscosity ratio of 1.000000e+05 in 8919 cells 

 Reversed flow on 628 faces of pressure-outlet 7.
   150  6.8809e-01  8.4021e-05  8.6421e-05  9.8932e-05  6.0208e-03  1.2416e-02  4.0505e-03  0:00:00    0

  iter  continuity  x-velocity  y-velocity  z-velocity           k     epsilon  vf-phase-2     time/iter
   150  6.8809e-01  8.4021e-05  8.6421e-05  9.8932e-05  6.0208e-03  1.2416e-02  4.0505e-03  0:03:17   25

 turbulent viscosity limited to viscosity ratio of 1.000000e+05 in 8803 cells 

 Reversed flow on 634 faces of pressure-outlet 7.
   151  6.8710e-01  8.3819e-05  8.6233e-05  9.8646e-05  5.9673e-03  1.2259e-02  4.0236e-03  0:03:10   24

 turbulent viscosity limited to viscosity ratio of 1.000000e+05 in 8707 cells 

 Reversed flow on 629 faces of pressure-outlet 7.
   152  6.8667e-01  8.3597e-05  8.6053e-05  9.8347e-05  5.9111e-03  1.1976e-02  3.9971e-03  0:03:02   23

 turbulent viscosity limited to viscosity ratio of 1.000000e+05 in 8588 cells 

 Reversed flow on 626 faces of pressure-outlet 7.
   153  6.8610e-01  8.3377e-05  8.5906e-05  9.8073e-05  5.8543e-03  1.1894e-02  3.9710e-03  0:02:55   22

 turbulent viscosity limited to viscosity ratio of 1.000000e+05 in 8499 cells 

 Reversed flow on 616 faces of pressure-outlet 7.
   154  6.8638e-01  8.3164e-05  8.5773e-05  9.7786e-05  5.7997e-03  1.1862e-02  3.9451e-03  0:02:47   21

 turbulent viscosity limited to viscosity ratio of 1.000000e+05 in 8391 cells 

 Reversed flow on 613 faces of pressure-outlet 7.
   155  6.8665e-01  8.2939e-05  8.5664e-05  9.7519e-05  5.7457e-03  1.1834e-02  3.9197e-03  0:02:39   20

 turbulent viscosity limited to viscosity ratio of 1.000000e+05 in 8292 cells 

 Reversed flow on 607 faces of pressure-outlet 7.
   156  6.8592e-01  8.2719e-05  8.5531e-05  9.7283e-05  5.6949e-03  1.1838e-02  3.8946e-03  0:02:28   19

 turbulent viscosity limited to viscosity ratio of 1.000000e+05 in 8189 cells 

 Reversed flow on 610 faces of pressure-outlet 7.
   157  6.8569e-01  8.2479e-05  8.5375e-05  9.7055e-05  5.6462e-03  1.1591e-02  3.8698e-03  0:02:21   18

 turbulent viscosity limited to viscosity ratio of 1.000000e+05 in 8084 cells 

 Reversed flow on 599 faces of pressure-outlet 7.
   158  6.8327e-01  8.2237e-05  8.5269e-05  9.6826e-05  5.6018e-03  1.1415e-02  3.8454e-03  0:02:13   17

 turbulent viscosity limited to viscosity ratio of 1.000000e+05 in 7992 cells 

 Reversed flow on 592 faces of pressure-outlet 7.
   159  6.8157e-01  8.1971e-05  8.5136e-05  9.6640e-05  5.5615e-03  1.1529e-02  3.8212e-03  0:02:06   16

 turbulent viscosity limited to viscosity ratio of 1.000000e+05 in 7907 cells 

 Reversed flow on 593 faces of pressure-outlet 7.
   160  6.8069e-01  8.1783e-05  8.5041e-05  9.6429e-05  5.5194e-03  1.1440e-02  3.7974e-03  0:01:59   15

 turbulent viscosity limited to viscosity ratio of 1.000000e+05 in 7821 cells 

 Reversed flow on 606 faces of pressure-outlet 7.

  iter  continuity  x-velocity  y-velocity  z-velocity           k     epsilon  vf-phase-2     time/iter
   161  6.7973e-01  8.1570e-05  8.4930e-05  9.6267e-05  5.4832e-03  1.1653e-02  3.7738e-03  0:01:51   14

 turbulent viscosity limited to viscosity ratio of 1.000000e+05 in 7731 cells 

 Reversed flow on 601 faces of pressure-outlet 7.
   162  6.7863e-01  8.1348e-05  8.4815e-05  9.6135e-05  5.4476e-03  1.1563e-02  3.7505e-03  0:01:41   13

 turbulent viscosity limited to viscosity ratio of 1.000000e+05 in 7642 cells 

 Reversed flow on 602 faces of pressure-outlet 7.
   163  6.7815e-01  8.1191e-05  8.4683e-05  9.6047e-05  5.4110e-03  1.1703e-02  3.7276e-03  0:01:33   12

 turbulent viscosity limited to viscosity ratio of 1.000000e+05 in 7549 cells 

 Reversed flow on 595 faces of pressure-outlet 7.
   164  6.7666e-01  8.1048e-05  8.4575e-05  9.5955e-05  5.3764e-03  1.1538e-02  3.7049e-03  0:01:26   11

 turbulent viscosity limited to viscosity ratio of 1.000000e+05 in 7445 cells 

 Reversed flow on 595 faces of pressure-outlet 7.
   165  6.7646e-01  8.0879e-05  8.4534e-05  9.5883e-05  5.3385e-03  1.1534e-02  3.6825e-03  0:01:19   10

 turbulent viscosity limited to viscosity ratio of 1.000000e+05 in 7361 cells 

 Reversed flow on 586 faces of pressure-outlet 7.
   166  6.7550e-01  8.0750e-05  8.4482e-05  9.5829e-05  5.3011e-03  1.1343e-02  3.6603e-03  0:01:11    9

 turbulent viscosity limited to viscosity ratio of 1.000000e+05 in 7267 cells 

 Reversed flow on 581 faces of pressure-outlet 7.
   167  6.7606e-01  8.0670e-05  8.4412e-05  9.5792e-05  5.2666e-03  1.1276e-02  3.6385e-03  0:01:02    8

 turbulent viscosity limited to viscosity ratio of 1.000000e+05 in 7166 cells 

 Reversed flow on 569 faces of pressure-outlet 7.
   168  6.7719e-01  8.0616e-05  8.4363e-05  9.5778e-05  5.2311e-03  1.1264e-02  3.6169e-03  0:00:54    7

 turbulent viscosity limited to viscosity ratio of 1.000000e+05 in 7049 cells 

 Reversed flow on 575 faces of pressure-outlet 7.
   169  6.7828e-01  8.0589e-05  8.4352e-05  9.5766e-05  5.1992e-03  1.1269e-02  3.5956e-03  0:00:47    6

 turbulent viscosity limited to viscosity ratio of 1.000000e+05 in 6970 cells 

 Reversed flow on 574 faces of pressure-outlet 7.
   170  6.7938e-01  8.0604e-05  8.4388e-05  9.5772e-05  5.1650e-03  1.1146e-02  3.5746e-03  0:00:39    5

 turbulent viscosity limited to viscosity ratio of 1.000000e+05 in 6888 cells 

 Reversed flow on 572 faces of pressure-outlet 7.
   171  6.8055e-01  8.0670e-05  8.4461e-05  9.5789e-05  5.1333e-03  1.1051e-02  3.5537e-03  0:00:32    4

 turbulent viscosity limited to viscosity ratio of 1.000000e+05 in 6825 cells 

 Reversed flow on 574 faces of pressure-outlet 7.

  iter  continuity  x-velocity  y-velocity  z-velocity           k     epsilon  vf-phase-2     time/iter
   172  6.8164e-01  8.0749e-05  8.4474e-05  9.5787e-05  5.1004e-03  1.1112e-02  3.5332e-03  0:00:23    3

 turbulent viscosity limited to viscosity ratio of 1.000000e+05 in 6737 cells 

 Reversed flow on 569 faces of pressure-outlet 7.
   173  6.8154e-01  8.0812e-05  8.4504e-05  9.5806e-05  5.0679e-03  1.1289e-02  3.5128e-03  0:00:16    2

 turbulent viscosity limited to viscosity ratio of 1.000000e+05 in 6655 cells 

 Reversed flow on 572 faces of pressure-outlet 7.
   174  6.8233e-01  8.0879e-05  8.4548e-05  9.5833e-05  5.0352e-03  1.1294e-02  3.4926e-03  0:00:08    1

 turbulent viscosity limited to viscosity ratio of 1.000000e+05 in 6572 cells 

 Reversed flow on 568 faces of pressure-outlet 7.
   175  6.8254e-01  8.0977e-05  8.4636e-05  9.5887e-05  5.0047e-03  1.1356e-02  3.4727e-03  0:00:00    0
iterate_175: RPC returned
progress: 175/1500

  iter  continuity  x-velocity  y-velocity  z-velocity           k     epsilon  vf-phase-2     time/iter
   175  6.8254e-01  8.0977e-05  8.4636e-05  9.5887e-05  5.0047e-03  1.1356e-02  3.4727e-03  0:03:16   25

 turbulent viscosity limited to viscosity ratio of 1.000000e+05 in 6490 cells 

 Reversed flow on 560 faces of pressure-outlet 7.
   176  6.8353e-01  8.1109e-05  8.4760e-05  9.5963e-05  4.9714e-03  1.1329e-02  3.4530e-03  0:03:09   24

 turbulent viscosity limited to viscosity ratio of 1.000000e+05 in 6415 cells 

 Reversed flow on 567 faces of pressure-outlet 7.
   177  6.8391e-01  8.1262e-05  8.4872e-05  9.6023e-05  4.9410e-03  1.1204e-02  3.4335e-03  0:03:02   23

 turbulent viscosity limited to viscosity ratio of 1.000000e+05 in 6320 cells 

 Reversed flow on 564 faces of pressure-outlet 7.
   178  6.8454e-01  8.1421e-05  8.4948e-05  9.6047e-05  4.9099e-03  1.1178e-02  3.4143e-03  0:02:54   22

 turbulent viscosity limited to viscosity ratio of 1.000000e+05 in 6258 cells 

 Reversed flow on 555 faces of pressure-outlet 7.
   179  6.8441e-01  8.1568e-05  8.5077e-05  9.6108e-05  4.8834e-03  1.1540e-02  3.3953e-03  0:02:47   21

 turbulent viscosity limited to viscosity ratio of 1.000000e+05 in 6198 cells 

 Reversed flow on 557 faces of pressure-outlet 7.
   180  6.8536e-01  8.1721e-05  8.5237e-05  9.6153e-05  4.8561e-03  1.1566e-02  3.3766e-03  0:02:39   20

 turbulent viscosity limited to viscosity ratio of 1.000000e+05 in 6118 cells 

 Reversed flow on 557 faces of pressure-outlet 7.
   181  6.8553e-01  8.1870e-05  8.5383e-05  9.6197e-05  4.8326e-03  1.1426e-02  3.3580e-03  0:02:27   19

 turbulent viscosity limited to viscosity ratio of 1.000000e+05 in 6046 cells 

 Reversed flow on 549 faces of pressure-outlet 7.
   182  6.8649e-01  8.2044e-05  8.5552e-05  9.6229e-05  4.8113e-03  1.1650e-02  3.3397e-03  0:02:21   18

 turbulent viscosity limited to viscosity ratio of 1.000000e+05 in 5968 cells 

 Reversed flow on 551 faces of pressure-outlet 7.
   183  6.8757e-01  8.2254e-05  8.5721e-05  9.6276e-05  4.7888e-03  1.1377e-02  3.3215e-03  0:02:13   17

 turbulent viscosity limited to viscosity ratio of 1.000000e+05 in 5904 cells 

 Reversed flow on 552 faces of pressure-outlet 7.
   184  6.8878e-01  8.2436e-05  8.5878e-05  9.6307e-05  4.7705e-03  1.1522e-02  3.3036e-03  0:02:06   16

 turbulent viscosity limited to viscosity ratio of 1.000000e+05 in 5834 cells 

 Reversed flow on 540 faces of pressure-outlet 7.
   185  6.8903e-01  8.2623e-05  8.6027e-05  9.6389e-05  4.7541e-03  1.1562e-02  3.2858e-03  0:01:59   15

 turbulent viscosity limited to viscosity ratio of 1.000000e+05 in 5773 cells 

 Reversed flow on 527 faces of pressure-outlet 7.

  iter  continuity  x-velocity  y-velocity  z-velocity           k     epsilon  vf-phase-2     time/iter
   186  6.8909e-01  8.2828e-05  8.6160e-05  9.6476e-05  4.7372e-03  1.1444e-02  3.2682e-03  0:01:48   14

 turbulent viscosity limited to viscosity ratio of 1.000000e+05 in 5701 cells 

 Reversed flow on 530 faces of pressure-outlet 7.
   187  6.9014e-01  8.3000e-05  8.6326e-05  9.6522e-05  4.7193e-03  1.1586e-02  3.2507e-03  0:01:41   13

 turbulent viscosity limited to viscosity ratio of 1.000000e+05 in 5655 cells 

 Reversed flow on 531 faces of pressure-outlet 7.
   188  6.9049e-01  8.3207e-05  8.6475e-05  9.6529e-05  4.7061e-03  1.2193e-02  3.2333e-03  0:01:34   12

 turbulent viscosity limited to viscosity ratio of 1.000000e+05 in 5602 cells 

 Reversed flow on 529 faces of pressure-outlet 7.
   189  6.9005e-01  8.3424e-05  8.6592e-05  9.6559e-05  4.6896e-03  1.2221e-02  3.2162e-03  0:01:26   11

 turbulent viscosity limited to viscosity ratio of 1.000000e+05 in 5550 cells 

 Reversed flow on 530 faces of pressure-outlet 7.
   190  6.8923e-01  8.3579e-05  8.6698e-05  9.6604e-05  4.6728e-03  1.2448e-02  3.1993e-03  0:01:17   10

 turbulent viscosity limited to viscosity ratio of 1.000000e+05 in 5488 cells 

 Reversed flow on 531 faces of pressure-outlet 7.
   191  6.8975e-01  8.3799e-05  8.6786e-05  9.6611e-05  4.6538e-03  1.2312e-02  3.1826e-03  0:01:10    9

 turbulent viscosity limited to viscosity ratio of 1.000000e+05 in 5440 cells 

 Reversed flow on 532 faces of pressure-outlet 7.
   192  6.8972e-01  8.3958e-05  8.6889e-05  9.6596e-05  4.6340e-03  1.2214e-02  3.1661e-03  0:01:02    8

 turbulent viscosity limited to viscosity ratio of 1.000000e+05 in 5391 cells 

 Reversed flow on 520 faces of pressure-outlet 7.
   193  6.8886e-01  8.4122e-05  8.6993e-05  9.6593e-05  4.6181e-03  1.2852e-02  3.1497e-03  0:00:55    7

 turbulent viscosity limited to viscosity ratio of 1.000000e+05 in 5339 cells 

 Reversed flow on 519 faces of pressure-outlet 7.
   194  6.8931e-01  8.4257e-05  8.7058e-05  9.6545e-05  4.5980e-03  1.2711e-02  3.1336e-03  0:00:47    6

 turbulent viscosity limited to viscosity ratio of 1.000000e+05 in 5258 cells 

 Reversed flow on 520 faces of pressure-outlet 7.
   195  6.9049e-01  8.4445e-05  8.7099e-05  9.6423e-05  4.5801e-03  1.2794e-02  3.1175e-03  0:00:39    5

 turbulent viscosity limited to viscosity ratio of 1.000000e+05 in 5209 cells 

 Reversed flow on 517 faces of pressure-outlet 7.
   196  6.9124e-01  8.4564e-05  8.7146e-05  9.6289e-05  4.5580e-03  1.2264e-02  3.1017e-03  0:00:31    4

 turbulent viscosity limited to viscosity ratio of 1.000000e+05 in 5156 cells 

 Reversed flow on 503 faces of pressure-outlet 7.

  iter  continuity  x-velocity  y-velocity  z-velocity           k     epsilon  vf-phase-2     time/iter
   197  6.9118e-01  8.4702e-05  8.7140e-05  9.6144e-05  4.5418e-03  1.2660e-02  3.0861e-03  0:00:23    3

 turbulent viscosity limited to viscosity ratio of 1.000000e+05 in 5101 cells 

 Reversed flow on 489 faces of pressure-outlet 7.
   198  6.8979e-01  8.4871e-05  8.7154e-05  9.5991e-05  4.5217e-03  1.2783e-02  3.0706e-03  0:00:16    2

 turbulent viscosity limited to viscosity ratio of 1.000000e+05 in 5052 cells 

 Reversed flow on 509 faces of pressure-outlet 7.
   199  6.8972e-01  8.5028e-05  8.7152e-05  9.5804e-05  4.5007e-03  1.2495e-02  3.0553e-03  0:00:08    1

 turbulent viscosity limited to viscosity ratio of 1.000000e+05 in 4993 cells 

 Reversed flow on 520 faces of pressure-outlet 7.
   200  6.8911e-01  8.5158e-05  8.7140e-05  9.5605e-05  4.4780e-03  1.2045e-02  3.0401e-03  0:00:00    0
iterate_200: RPC returned
progress: 200/1500

  iter  continuity  x-velocity  y-velocity  z-velocity           k     epsilon  vf-phase-2     time/iter
   200  6.8911e-01  8.5158e-05  8.7140e-05  9.5605e-05  4.4780e-03  1.2045e-02  3.0401e-03  0:03:12   25

 turbulent viscosity limited to viscosity ratio of 1.000000e+05 in 4946 cells 

 Reversed flow on 501 faces of pressure-outlet 7.
   201  6.8920e-01  8.5303e-05  8.7127e-05  9.5404e-05  4.4592e-03  1.2143e-02  3.0251e-03  0:03:06   24

 turbulent viscosity limited to viscosity ratio of 1.000000e+05 in 4887 cells 

 Reversed flow on 496 faces of pressure-outlet 7.
   202  6.8878e-01  8.5454e-05  8.7107e-05  9.5204e-05  4.4406e-03  1.2072e-02  3.0102e-03  0:02:59   23

 turbulent viscosity limited to viscosity ratio of 1.000000e+05 in 4826 cells 

 Reversed flow on 492 faces of pressure-outlet 7.
   203  6.8922e-01  8.5592e-05  8.7089e-05  9.4981e-05  4.4231e-03  1.2464e-02  2.9955e-03  0:02:52   22

 turbulent viscosity limited to viscosity ratio of 1.000000e+05 in 4773 cells 

 Reversed flow on 511 faces of pressure-outlet 7.
   204  6.8885e-01  8.5733e-05  8.7042e-05  9.4740e-05  4.4068e-03  1.2363e-02  2.9809e-03  0:02:41   21

 turbulent viscosity limited to viscosity ratio of 1.000000e+05 in 4711 cells 

 Reversed flow on 493 faces of pressure-outlet 7.
   205  6.8888e-01  8.5886e-05  8.7014e-05  9.4550e-05  4.3902e-03  1.2525e-02  2.9664e-03  0:02:35   20

 turbulent viscosity limited to viscosity ratio of 1.000000e+05 in 4659 cells 

 Reversed flow on 501 faces of pressure-outlet 7.
   206  6.8837e-01  8.6000e-05  8.6961e-05  9.4346e-05  4.3743e-03  1.2153e-02  2.9521e-03  0:02:28   19

 turbulent viscosity limited to viscosity ratio of 1.000000e+05 in 4610 cells 

 Reversed flow on 495 faces of pressure-outlet 7.
   207  6.8835e-01  8.6156e-05  8.6928e-05  9.4147e-05  4.3567e-03  1.1841e-02  2.9379e-03  0:02:21   18

 turbulent viscosity limited to viscosity ratio of 1.000000e+05 in 4566 cells 

 Reversed flow on 495 faces of pressure-outlet 7.
   208  6.8875e-01  8.6314e-05  8.6875e-05  9.3925e-05  4.3376e-03  1.1452e-02  2.9238e-03  0:02:14   17

 turbulent viscosity limited to viscosity ratio of 1.000000e+05 in 4509 cells 

 Reversed flow on 484 faces of pressure-outlet 7.
   209  6.8880e-01  8.6385e-05  8.6846e-05  9.3738e-05  4.3201e-03  1.1609e-02  2.9099e-03  0:02:03   16

 turbulent viscosity limited to viscosity ratio of 1.000000e+05 in 4465 cells 

 Reversed flow on 486 faces of pressure-outlet 7.
   210  6.8897e-01  8.6467e-05  8.6804e-05  9.3545e-05  4.3026e-03  1.1471e-02  2.8961e-03  0:01:56   15

 turbulent viscosity limited to viscosity ratio of 1.000000e+05 in 4410 cells 

 Reversed flow on 481 faces of pressure-outlet 7.

  iter  continuity  x-velocity  y-velocity  z-velocity           k     epsilon  vf-phase-2     time/iter
   211  6.8905e-01  8.6551e-05  8.6779e-05  9.3355e-05  4.2884e-03  1.2450e-02  2.8824e-03  0:01:49   14

 turbulent viscosity limited to viscosity ratio of 1.000000e+05 in 4365 cells 

 Reversed flow on 494 faces of pressure-outlet 7.
   212  6.8882e-01  8.6629e-05  8.6746e-05  9.3201e-05  4.2758e-03  1.3155e-02  2.8688e-03  0:01:42   13

 turbulent viscosity limited to viscosity ratio of 1.000000e+05 in 4320 cells 

 Reversed flow on 500 faces of pressure-outlet 7.
   213  6.8993e-01  8.6710e-05  8.6750e-05  9.2998e-05  4.2560e-03  1.2861e-02  2.8554e-03  0:01:34   12

 turbulent viscosity limited to viscosity ratio of 1.000000e+05 in 4274 cells 

 Reversed flow on 493 faces of pressure-outlet 7.
   214  6.9080e-01  8.6738e-05  8.6764e-05  9.2819e-05  4.2409e-03  1.2926e-02  2.8421e-03  0:01:27   11

 turbulent viscosity limited to viscosity ratio of 1.000000e+05 in 4235 cells 

 Reversed flow on 494 faces of pressure-outlet 7.
   215  6.9189e-01  8.6753e-05  8.6815e-05  9.2647e-05  4.2225e-03  1.2776e-02  2.8289e-03  0:01:17   10

 turbulent viscosity limited to viscosity ratio of 1.000000e+05 in 4194 cells 

 Reversed flow on 495 faces of pressure-outlet 7.
   216  6.9220e-01  8.6774e-05  8.6835e-05  9.2482e-05  4.2080e-03  1.3312e-02  2.8158e-03  0:01:10    9

 turbulent viscosity limited to viscosity ratio of 1.000000e+05 in 4163 cells 

 Reversed flow on 494 faces of pressure-outlet 7.
   217  6.9278e-01  8.6813e-05  8.6836e-05  9.2300e-05  4.1844e-03  1.2782e-02  2.8028e-03  0:01:03    8

 turbulent viscosity limited to viscosity ratio of 1.000000e+05 in 4113 cells 

 Reversed flow on 494 faces of pressure-outlet 7.
   218  6.9295e-01  8.6801e-05  8.6839e-05  9.2101e-05  4.1662e-03  1.2567e-02  2.7899e-03  0:00:55    7

 turbulent viscosity limited to viscosity ratio of 1.000000e+05 in 4067 cells 

 Reversed flow on 498 faces of pressure-outlet 7.
   219  6.9260e-01  8.6745e-05  8.6913e-05  9.1934e-05  4.1460e-03  1.2099e-02  2.7771e-03  0:00:47    6

 turbulent viscosity limited to viscosity ratio of 1.000000e+05 in 4023 cells 

 Reversed flow on 491 faces of pressure-outlet 7.
   220  6.9239e-01  8.6710e-05  8.6962e-05  9.1768e-05  4.1264e-03  1.1556e-02  2.7646e-03  0:00:39    5

 turbulent viscosity limited to viscosity ratio of 1.000000e+05 in 3979 cells 

 Reversed flow on 484 faces of pressure-outlet 7.
   221  6.9161e-01  8.6668e-05  8.6989e-05  9.1606e-05  4.1094e-03  1.1674e-02  2.7521e-03  0:00:31    4

 turbulent viscosity limited to viscosity ratio of 1.000000e+05 in 3933 cells 

 Reversed flow on 480 faces of pressure-outlet 7.

  iter  continuity  x-velocity  y-velocity  z-velocity           k     epsilon  vf-phase-2     time/iter
   222  6.9200e-01  8.6624e-05  8.7032e-05  9.1463e-05  4.0926e-03  1.1422e-02  2.7397e-03  0:00:23    3

 turbulent viscosity limited to viscosity ratio of 1.000000e+05 in 3890 cells 

 Reversed flow on 480 faces of pressure-outlet 7.
   223  6.9246e-01  8.6580e-05  8.7099e-05  9.1324e-05  4.0794e-03  1.3021e-02  2.7275e-03  0:00:16    2

 turbulent viscosity limited to viscosity ratio of 1.000000e+05 in 3859 cells 

 Reversed flow on 477 faces of pressure-outlet 7.
   224  6.9316e-01  8.6521e-05  8.7207e-05  9.1227e-05  4.0706e-03  1.2994e-02  2.7154e-03  0:00:08    1

iterate_225: RPC returned
progress: 225/1500
 turbulent viscosity limited to viscosity ratio of 1.000000e+05 in 3825 cells 

 Reversed flow on 474 faces of pressure-outlet 7.
   225  6.9483e-01  8.6490e-05  8.7281e-05  9.1144e-05  4.0483e-03  1.1959e-02  2.7034e-03  0:00:00    0

  iter  continuity  x-velocity  y-velocity  z-velocity           k     epsilon  vf-phase-2     time/iter
   225  6.9483e-01  8.6490e-05  8.7281e-05  9.1144e-05  4.0483e-03  1.1959e-02  2.7034e-03  0:03:13   25

 turbulent viscosity limited to viscosity ratio of 1.000000e+05 in 3794 cells 

 Reversed flow on 471 faces of pressure-outlet 7.
   226  6.9606e-01  8.6460e-05  8.7386e-05  9.1010e-05  4.0340e-03  1.2960e-02  2.6916e-03  0:03:06   24

 turbulent viscosity limited to viscosity ratio of 1.000000e+05 in 3743 cells 

 Reversed flow on 474 faces of pressure-outlet 7.
   227  6.9692e-01  8.6391e-05  8.7467e-05  9.0912e-05  4.0201e-03  1.2347e-02  2.6799e-03  0:03:00   23

 turbulent viscosity limited to viscosity ratio of 1.000000e+05 in 3705 cells 

 Reversed flow on 469 faces of pressure-outlet 7.
   228  6.9822e-01  8.6395e-05  8.7566e-05  9.0838e-05  4.0067e-03  1.1808e-02  2.6682e-03  0:02:53   22

 turbulent viscosity limited to viscosity ratio of 1.000000e+05 in 3682 cells 

 Reversed flow on 469 faces of pressure-outlet 7.
   229  6.9904e-01  8.6367e-05  8.7679e-05  9.0755e-05  3.9911e-03  1.2079e-02  2.6567e-03  0:02:41   21

 turbulent viscosity limited to viscosity ratio of 1.000000e+05 in 3647 cells 

 Reversed flow on 458 faces of pressure-outlet 7.
   230  7.0175e-01  8.6367e-05  8.7817e-05  9.0664e-05  3.9774e-03  1.1347e-02  2.6452e-03  0:02:35   20

 turbulent viscosity limited to viscosity ratio of 1.000000e+05 in 3607 cells 

 Reversed flow on 462 faces of pressure-outlet 7.
   231  7.0345e-01  8.6405e-05  8.7884e-05  9.0579e-05  3.9691e-03  1.1620e-02  2.6338e-03  0:02:28   19

 turbulent viscosity limited to viscosity ratio of 1.000000e+05 in 3570 cells 

 Reversed flow on 473 faces of pressure-outlet 7.
   232  7.0587e-01  8.6413e-05  8.7931e-05  9.0474e-05  3.9582e-03  1.1723e-02  2.6225e-03  0:02:21   18

 turbulent viscosity limited to viscosity ratio of 1.000000e+05 in 3537 cells 

 Reversed flow on 464 faces of pressure-outlet 7.
   233  7.0716e-01  8.6429e-05  8.7995e-05  9.0359e-05  3.9438e-03  1.1202e-02  2.6113e-03  0:02:14   17

 turbulent viscosity limited to viscosity ratio of 1.000000e+05 in 3498 cells 

 Reversed flow on 456 faces of pressure-outlet 7.
   234  7.0885e-01  8.6434e-05  8.8085e-05  9.0248e-05  3.9328e-03  1.1344e-02  2.6002e-03  0:02:06   16

 turbulent viscosity limited to viscosity ratio of 1.000000e+05 in 3465 cells 

 Reversed flow on 449 faces of pressure-outlet 7.
   235  7.1017e-01  8.6411e-05  8.8142e-05  9.0121e-05  3.9193e-03  1.0538e-02  2.5892e-03  0:01:56   15

 turbulent viscosity limited to viscosity ratio of 1.000000e+05 in 3426 cells 

 Reversed flow on 460 faces of pressure-outlet 7.

  iter  continuity  x-velocity  y-velocity  z-velocity           k     epsilon  vf-phase-2     time/iter
   236  7.1100e-01  8.6387e-05  8.8178e-05  8.9980e-05  3.9136e-03  1.3315e-02  2.5782e-03  0:01:49   14

 turbulent viscosity limited to viscosity ratio of 1.000000e+05 in 3403 cells 

 Reversed flow on 461 faces of pressure-outlet 7.
   237  7.1078e-01  8.6351e-05  8.8229e-05  8.9875e-05  3.9059e-03  1.3719e-02  2.5674e-03  0:01:42   13

 turbulent viscosity limited to viscosity ratio of 1.000000e+05 in 3370 cells 

 Reversed flow on 462 faces of pressure-outlet 7.
   238  7.1076e-01  8.6305e-05  8.8209e-05  8.9717e-05  3.8981e-03  1.3249e-02  2.5566e-03  0:01:34   12

 turbulent viscosity limited to viscosity ratio of 1.000000e+05 in 3343 cells 

 Reversed flow on 454 faces of pressure-outlet 7.
   239  7.1040e-01  8.6282e-05  8.8210e-05  8.9500e-05  3.8837e-03  1.2510e-02  2.5460e-03  0:01:27   11

 turbulent viscosity limited to viscosity ratio of 1.000000e+05 in 3314 cells 

 Reversed flow on 461 faces of pressure-outlet 7.
   240  7.1035e-01  8.6244e-05  8.8187e-05  8.9304e-05  3.8667e-03  1.1211e-02  2.5354e-03  0:01:19   10

 turbulent viscosity limited to viscosity ratio of 1.000000e+05 in 3282 cells 

 Reversed flow on 449 faces of pressure-outlet 7.
   241  7.1030e-01  8.6162e-05  8.8189e-05  8.9078e-05  3.8504e-03  1.0762e-02  2.5249e-03  0:01:11    9

 turbulent viscosity limited to viscosity ratio of 1.000000e+05 in 3250 cells 

 Reversed flow on 446 faces of pressure-outlet 7.
   242  7.0938e-01  8.6096e-05  8.8167e-05  8.8872e-05  3.8386e-03  1.0709e-02  2.5145e-03  0:01:02    8

 turbulent viscosity limited to viscosity ratio of 1.000000e+05 in 3219 cells 

 Reversed flow on 441 faces of pressure-outlet 7.
   243  7.0819e-01  8.6037e-05  8.8130e-05  8.8664e-05  3.8294e-03  1.0894e-02  2.5043e-03  0:00:55    7

 turbulent viscosity limited to viscosity ratio of 1.000000e+05 in 3185 cells 

 Reversed flow on 439 faces of pressure-outlet 7.
   244  7.0721e-01  8.5969e-05  8.8090e-05  8.8460e-05  3.8147e-03  1.0354e-02  2.4941e-03  0:00:47    6

 turbulent viscosity limited to viscosity ratio of 1.000000e+05 in 3152 cells 

 Reversed flow on 441 faces of pressure-outlet 7.
   245  7.0598e-01  8.5889e-05  8.8057e-05  8.8259e-05  3.8009e-03  1.0097e-02  2.4840e-03  0:00:39    5

 turbulent viscosity limited to viscosity ratio of 1.000000e+05 in 3126 cells 

 Reversed flow on 440 faces of pressure-outlet 7.
   246  7.0445e-01  8.5795e-05  8.8011e-05  8.8065e-05  3.7913e-03  9.9046e-03  2.4740e-03  0:00:31    4

 turbulent viscosity limited to viscosity ratio of 1.000000e+05 in 3098 cells 

 Reversed flow on 444 faces of pressure-outlet 7.

  iter  continuity  x-velocity  y-velocity  z-velocity           k     epsilon  vf-phase-2     time/iter
   247  7.0337e-01  8.5707e-05  8.7994e-05  8.7859e-05  3.7820e-03  9.4845e-03  2.4640e-03  0:00:23    3

 turbulent viscosity limited to viscosity ratio of 1.000000e+05 in 3071 cells 

 Reversed flow on 439 faces of pressure-outlet 7.
   248  7.0371e-01  8.5644e-05  8.7963e-05  8.7679e-05  3.7744e-03  9.7709e-03  2.4541e-03  0:00:16    2

 turbulent viscosity limited to viscosity ratio of 1.000000e+05 in 3043 cells 

 Reversed flow on 434 faces of pressure-outlet 7.
   249  7.0295e-01  8.5586e-05  8.7927e-05  8.7476e-05  3.7637e-03  9.5648e-03  2.4443e-03  0:00:08    1

 turbulent viscosity limited to viscosity ratio of 1.000000e+05 in 3021 cells 

 Reversed flow on 434 faces of pressure-outlet 7.
   250  7.0217e-01  8.5541e-05  8.7902e-05  8.7268e-05  3.7561e-03  1.0439e-02  2.4345e-03  0:00:00    0
iterate_250: RPC returned
progress: 250/1500

  iter  continuity  x-velocity  y-velocity  z-velocity           k     epsilon  vf-phase-2     time/iter
   250  7.0217e-01  8.5541e-05  8.7902e-05  8.7268e-05  3.7561e-03  1.0439e-02  2.4345e-03  0:03:17   25

 turbulent viscosity limited to viscosity ratio of 1.000000e+05 in 2989 cells 

 Reversed flow on 435 faces of pressure-outlet 7.
   251  7.0181e-01  8.5460e-05  8.7848e-05  8.7058e-05  3.7506e-03  1.1231e-02  2.4248e-03  0:03:10   24

 turbulent viscosity limited to viscosity ratio of 1.000000e+05 in 2951 cells 

 Reversed flow on 449 faces of pressure-outlet 7.
   252  7.0051e-01  8.5343e-05  8.7779e-05  8.6783e-05  3.7436e-03  1.0971e-02  2.4152e-03  0:03:02   23

 turbulent viscosity limited to viscosity ratio of 1.000000e+05 in 2927 cells 

 Reversed flow on 446 faces of pressure-outlet 7.
   253  6.9989e-01  8.5232e-05  8.7727e-05  8.6534e-05  3.7333e-03  1.0647e-02  2.4057e-03  0:02:55   22

 turbulent viscosity limited to viscosity ratio of 1.000000e+05 in 2900 cells 

 Reversed flow on 441 faces of pressure-outlet 7.
   254  6.9915e-01  8.5074e-05  8.7655e-05  8.6267e-05  3.7256e-03  1.0539e-02  2.3963e-03  0:02:47   21

 turbulent viscosity limited to viscosity ratio of 1.000000e+05 in 2879 cells 

 Reversed flow on 444 faces of pressure-outlet 7.
   255  6.9889e-01  8.4893e-05  8.7584e-05  8.5987e-05  3.7201e-03  1.0641e-02  2.3869e-03  0:02:39   20

 turbulent viscosity limited to viscosity ratio of 1.000000e+05 in 2857 cells 

 Reversed flow on 439 faces of pressure-outlet 7.
   256  6.9788e-01  8.4716e-05  8.7449e-05  8.5727e-05  3.7122e-03  1.0421e-02  2.3777e-03  0:02:28   19

 turbulent viscosity limited to viscosity ratio of 1.000000e+05 in 2839 cells 

 Reversed flow on 438 faces of pressure-outlet 7.
   257  6.9681e-01  8.4556e-05  8.7307e-05  8.5487e-05  3.7063e-03  1.0732e-02  2.3684e-03  0:02:21   18

 turbulent viscosity limited to viscosity ratio of 1.000000e+05 in 2810 cells 

 Reversed flow on 435 faces of pressure-outlet 7.
   258  6.9577e-01  8.4381e-05  8.7171e-05  8.5221e-05  3.6974e-03  1.1004e-02  2.3593e-03  0:02:13   17

 turbulent viscosity limited to viscosity ratio of 1.000000e+05 in 2791 cells 

 Reversed flow on 448 faces of pressure-outlet 7.
   259  6.9529e-01  8.4163e-05  8.7043e-05  8.4936e-05  3.6917e-03  1.1072e-02  2.3502e-03  0:02:06   16

 turbulent viscosity limited to viscosity ratio of 1.000000e+05 in 2771 cells 

 Reversed flow on 431 faces of pressure-outlet 7.
   260  6.9461e-01  8.3907e-05  8.6940e-05  8.4654e-05  3.6826e-03  1.0926e-02  2.3413e-03  0:01:56   15

 turbulent viscosity limited to viscosity ratio of 1.000000e+05 in 2748 cells 

 Reversed flow on 427 faces of pressure-outlet 7.

  iter  continuity  x-velocity  y-velocity  z-velocity           k     epsilon  vf-phase-2     time/iter
   261  6.9394e-01  8.3669e-05  8.6855e-05  8.4370e-05  3.6772e-03  1.0810e-02  2.3323e-03  0:01:49   14

 turbulent viscosity limited to viscosity ratio of 1.000000e+05 in 2730 cells 

 Reversed flow on 423 faces of pressure-outlet 7.
   262  6.9314e-01  8.3414e-05  8.6762e-05  8.4056e-05  3.6682e-03  1.0636e-02  2.3234e-03  0:01:42   13

 turbulent viscosity limited to viscosity ratio of 1.000000e+05 in 2710 cells 

 Reversed flow on 433 faces of pressure-outlet 7.
   263  6.9168e-01  8.3194e-05  8.6682e-05  8.3786e-05  3.6615e-03  1.0328e-02  2.3147e-03  0:01:34   12

 turbulent viscosity limited to viscosity ratio of 1.000000e+05 in 2689 cells 

 Reversed flow on 430 faces of pressure-outlet 7.
   264  6.9064e-01  8.2959e-05  8.6596e-05  8.3536e-05  3.6589e-03  1.0659e-02  2.3060e-03  0:01:27   11

 turbulent viscosity limited to viscosity ratio of 1.000000e+05 in 2671 cells 

 Reversed flow on 440 faces of pressure-outlet 7.
   265  6.8884e-01  8.2723e-05  8.6488e-05  8.3266e-05  3.6562e-03  1.1002e-02  2.2974e-03  0:01:17   10

 turbulent viscosity limited to viscosity ratio of 1.000000e+05 in 2653 cells 

 Reversed flow on 440 faces of pressure-outlet 7.
   266  6.8773e-01  8.2507e-05  8.6403e-05  8.3011e-05  3.6500e-03  1.1057e-02  2.2888e-03  0:01:10    9

 turbulent viscosity limited to viscosity ratio of 1.000000e+05 in 2629 cells 

 Reversed flow on 428 faces of pressure-outlet 7.
   267  6.8660e-01  8.2295e-05  8.6352e-05  8.2730e-05  3.6448e-03  1.0630e-02  2.2802e-03  0:01:02    8

 turbulent viscosity limited to viscosity ratio of 1.000000e+05 in 2608 cells 

 Reversed flow on 440 faces of pressure-outlet 7.
   268  6.8505e-01  8.2114e-05  8.6295e-05  8.2464e-05  3.6408e-03  1.0654e-02  2.2718e-03  0:00:55    7

 turbulent viscosity limited to viscosity ratio of 1.000000e+05 in 2588 cells 

 Reversed flow on 434 faces of pressure-outlet 7.
   269  6.8367e-01  8.1888e-05  8.6244e-05  8.2216e-05  3.6339e-03  1.0081e-02  2.2634e-03  0:00:47    6

 turbulent viscosity limited to viscosity ratio of 1.000000e+05 in 2564 cells 

 Reversed flow on 425 faces of pressure-outlet 7.
   270  6.8336e-01  8.1680e-05  8.6185e-05  8.1997e-05  3.6337e-03  1.1146e-02  2.2550e-03  0:00:39    5

 turbulent viscosity limited to viscosity ratio of 1.000000e+05 in 2536 cells 

 Reversed flow on 437 faces of pressure-outlet 7.
   271  6.8259e-01  8.1478e-05  8.6122e-05  8.1765e-05  3.6291e-03  1.0831e-02  2.2467e-03  0:00:31    4

 turbulent viscosity limited to viscosity ratio of 1.000000e+05 in 2522 cells 

 Reversed flow on 439 faces of pressure-outlet 7.

  iter  continuity  x-velocity  y-velocity  z-velocity           k     epsilon  vf-phase-2     time/iter
   272  6.8171e-01  8.1250e-05  8.6058e-05  8.1556e-05  3.6268e-03  1.1427e-02  2.2384e-03  0:00:23    3

 turbulent viscosity limited to viscosity ratio of 1.000000e+05 in 2489 cells 

 Reversed flow on 439 faces of pressure-outlet 7.
   273  6.8033e-01  8.1073e-05  8.6023e-05  8.1335e-05  3.6205e-03  1.1017e-02  2.2302e-03  0:00:16    2

 turbulent viscosity limited to viscosity ratio of 1.000000e+05 in 2472 cells 

 Reversed flow on 443 faces of pressure-outlet 7.
   274  6.8010e-01  8.0923e-05  8.6040e-05  8.1150e-05  3.6130e-03  1.0516e-02  2.2221e-03  0:00:08    1

 turbulent viscosity limited to viscosity ratio of 1.000000e+05 in 2459 cells 

 Reversed flow on 437 faces of pressure-outlet 7.
   275  6.7959e-01  8.0753e-05  8.6030e-05  8.0978e-05  3.6055e-03  1.0935e-02  2.2140e-03  0:00:00    0
iterate_275: RPC returned
progress: 275/1500

  iter  continuity  x-velocity  y-velocity  z-velocity           k     epsilon  vf-phase-2     time/iter
   275  6.7959e-01  8.0753e-05  8.6030e-05  8.0978e-05  3.6055e-03  1.0935e-02  2.2140e-03  0:03:18   25

 turbulent viscosity limited to viscosity ratio of 1.000000e+05 in 2446 cells 

 Reversed flow on 440 faces of pressure-outlet 7.
   276  6.7815e-01  8.0621e-05  8.6041e-05  8.0808e-05  3.6040e-03  1.4084e-02  2.2059e-03  0:03:10   24

 turbulent viscosity limited to viscosity ratio of 1.000000e+05 in 2431 cells 

 Reversed flow on 454 faces of pressure-outlet 7.
   277  6.7743e-01  8.0435e-05  8.6039e-05  8.0705e-05  3.5954e-03  1.3324e-02  2.1980e-03  0:03:03   23

 turbulent viscosity limited to viscosity ratio of 1.000000e+05 in 2419 cells 

 Reversed flow on 463 faces of pressure-outlet 7.
   278  6.7706e-01  8.0248e-05  8.6046e-05  8.0555e-05  3.5900e-03  1.2927e-02  2.1901e-03  0:02:55   22

 turbulent viscosity limited to viscosity ratio of 1.000000e+05 in 2408 cells 

 Reversed flow on 458 faces of pressure-outlet 7.
   279  6.7693e-01  8.0070e-05  8.6002e-05  8.0408e-05  3.5742e-03  1.0996e-02  2.1822e-03  0:02:47   21

 turbulent viscosity limited to viscosity ratio of 1.000000e+05 in 2394 cells 

 Reversed flow on 464 faces of pressure-outlet 7.
   280  6.7653e-01  7.9935e-05  8.5994e-05  8.0283e-05  3.5658e-03  1.0713e-02  2.1744e-03  0:02:35   20

 turbulent viscosity limited to viscosity ratio of 1.000000e+05 in 2375 cells 

 Reversed flow on 458 faces of pressure-outlet 7.
   281  6.7713e-01  7.9826e-05  8.6012e-05  8.0165e-05  3.5554e-03  1.0264e-02  2.1666e-03  0:02:28   19

 turbulent viscosity limited to viscosity ratio of 1.000000e+05 in 2357 cells 

 Reversed flow on 467 faces of pressure-outlet 7.
   282  6.7669e-01  7.9678e-05  8.6044e-05  8.0100e-05  3.5517e-03  1.0518e-02  2.1589e-03  0:02:21   18

 turbulent viscosity limited to viscosity ratio of 1.000000e+05 in 2340 cells 

 Reversed flow on 481 faces of pressure-outlet 7.
   283  6.7697e-01  7.9530e-05  8.6069e-05  7.9994e-05  3.5453e-03  1.0167e-02  2.1513e-03  0:02:14   17

 turbulent viscosity limited to viscosity ratio of 1.000000e+05 in 2332 cells 

 Reversed flow on 469 faces of pressure-outlet 7.
   284  6.7656e-01  7.9401e-05  8.6055e-05  7.9935e-05  3.5421e-03  1.1638e-02  2.1437e-03  0:02:06   16

 turbulent viscosity limited to viscosity ratio of 1.000000e+05 in 2318 cells 

 Reversed flow on 479 faces of pressure-outlet 7.
   285  6.7655e-01  7.9255e-05  8.6116e-05  7.9924e-05  3.5394e-03  1.0748e-02  2.1362e-03  0:01:56   15

 turbulent viscosity limited to viscosity ratio of 1.000000e+05 in 2304 cells 

 Reversed flow on 481 faces of pressure-outlet 7.

  iter  continuity  x-velocity  y-velocity  z-velocity           k     epsilon  vf-phase-2     time/iter
   286  6.7670e-01  7.9082e-05  8.6143e-05  7.9889e-05  3.5348e-03  9.7515e-03  2.1287e-03  0:01:49   14

 turbulent viscosity limited to viscosity ratio of 1.000000e+05 in 2287 cells 

 Reversed flow on 478 faces of pressure-outlet 7.
   287  6.7634e-01  7.8927e-05  8.6133e-05  7.9829e-05  3.5293e-03  9.4273e-03  2.1212e-03  0:01:42   13

 turbulent viscosity limited to viscosity ratio of 1.000000e+05 in 2273 cells 

 Reversed flow on 477 faces of pressure-outlet 7.
   288  6.7638e-01  7.8781e-05  8.6137e-05  7.9802e-05  3.5276e-03  9.1100e-03  2.1138e-03  0:01:34   12

 turbulent viscosity limited to viscosity ratio of 1.000000e+05 in 2260 cells 

 Reversed flow on 483 faces of pressure-outlet 7.
   289  6.7691e-01  7.8644e-05  8.6169e-05  7.9830e-05  3.5262e-03  9.7810e-03  2.1065e-03  0:01:25   11

 turbulent viscosity limited to viscosity ratio of 1.000000e+05 in 2240 cells 

 Reversed flow on 483 faces of pressure-outlet 7.
   290  6.7636e-01  7.8476e-05  8.6154e-05  7.9849e-05  3.5258e-03  9.5615e-03  2.0992e-03  0:01:17   10

 turbulent viscosity limited to viscosity ratio of 1.000000e+05 in 2224 cells 

 Reversed flow on 485 faces of pressure-outlet 7.
   291  6.7724e-01  7.8324e-05  8.6190e-05  7.9854e-05  3.5241e-03  9.4055e-03  2.0920e-03  0:01:10    9

 turbulent viscosity limited to viscosity ratio of 1.000000e+05 in 2213 cells 

 Reversed flow on 492 faces of pressure-outlet 7.
   292  6.7696e-01  7.8168e-05  8.6212e-05  7.9848e-05  3.5231e-03  9.2735e-03  2.0848e-03  0:01:03    8

 turbulent viscosity limited to viscosity ratio of 1.000000e+05 in 2198 cells 

 Reversed flow on 480 faces of pressure-outlet 7.
   293  6.7673e-01  7.8002e-05  8.6245e-05  7.9878e-05  3.5207e-03  9.1441e-03  2.0776e-03  0:00:55    7

 turbulent viscosity limited to viscosity ratio of 1.000000e+05 in 2176 cells 

 Reversed flow on 498 faces of pressure-outlet 7.
   294  6.7634e-01  7.7835e-05  8.6296e-05  7.9907e-05  3.5194e-03  8.9486e-03  2.0706e-03  0:00:46    6

 turbulent viscosity limited to viscosity ratio of 1.000000e+05 in 2158 cells 

 Reversed flow on 496 faces of pressure-outlet 7.
   295  6.7634e-01  7.7652e-05  8.6342e-05  7.9914e-05  3.5161e-03  8.8219e-03  2.0635e-03  0:00:39    5

 turbulent viscosity limited to viscosity ratio of 1.000000e+05 in 2141 cells 

 Reversed flow on 497 faces of pressure-outlet 7.
   296  6.7668e-01  7.7484e-05  8.6379e-05  7.9948e-05  3.5135e-03  9.0513e-03  2.0565e-03  0:00:31    4

 turbulent viscosity limited to viscosity ratio of 1.000000e+05 in 2131 cells 

 Reversed flow on 496 faces of pressure-outlet 7.

  iter  continuity  x-velocity  y-velocity  z-velocity           k     epsilon  vf-phase-2     time/iter
   297  6.7668e-01  7.7333e-05  8.6391e-05  7.9952e-05  3.5106e-03  8.9206e-03  2.0496e-03  0:00:24    3

 turbulent viscosity limited to viscosity ratio of 1.000000e+05 in 2117 cells 

 Reversed flow on 492 faces of pressure-outlet 7.
   298  6.7648e-01  7.7157e-05  8.6442e-05  7.9980e-05  3.5069e-03  8.8389e-03  2.0427e-03  0:00:16    2

 turbulent viscosity limited to viscosity ratio of 1.000000e+05 in 2106 cells 

 Reversed flow on 501 faces of pressure-outlet 7.
   299  6.7633e-01  7.6954e-05  8.6501e-05  8.0018e-05  3.5049e-03  8.9327e-03  2.0359e-03  0:00:08    1

iterate_300: RPC returned
progress: 300/1500
 turbulent viscosity limited to viscosity ratio of 1.000000e+05 in 2096 cells 

 Reversed flow on 508 faces of pressure-outlet 7.
   300  6.7692e-01  7.6813e-05  8.6553e-05  8.0025e-05  3.5003e-03  8.8288e-03  2.0291e-03  0:00:00    0

  iter  continuity  x-velocity  y-velocity  z-velocity           k     epsilon  vf-phase-2     time/iter
   300  6.7692e-01  7.6813e-05  8.6553e-05  8.0025e-05  3.5003e-03  8.8288e-03  2.0291e-03  0:03:14   25

 turbulent viscosity limited to viscosity ratio of 1.000000e+05 in 2082 cells 

 Reversed flow on 503 faces of pressure-outlet 7.
   301  6.7799e-01  7.6659e-05  8.6608e-05  8.0066e-05  3.4983e-03  9.0207e-03  2.0223e-03  0:03:07   24

 turbulent viscosity limited to viscosity ratio of 1.000000e+05 in 2074 cells 

 Reversed flow on 506 faces of pressure-outlet 7.
   302  6.7822e-01  7.6518e-05  8.6652e-05  8.0100e-05  3.4932e-03  8.4699e-03  2.0156e-03  0:03:00   23

 turbulent viscosity limited to viscosity ratio of 1.000000e+05 in 2064 cells 

 Reversed flow on 508 faces of pressure-outlet 7.
   303  6.7856e-01  7.6365e-05  8.6675e-05  8.0148e-05  3.4915e-03  8.7960e-03  2.0089e-03  0:02:53   22

 turbulent viscosity limited to viscosity ratio of 1.000000e+05 in 2054 cells 

 Reversed flow on 515 faces of pressure-outlet 7.
   304  6.7933e-01  7.6215e-05  8.6728e-05  8.0183e-05  3.4894e-03  8.6354e-03  2.0023e-03  0:02:42   21

 turbulent viscosity limited to viscosity ratio of 1.000000e+05 in 2049 cells 

 Reversed flow on 508 faces of pressure-outlet 7.
   305  6.7901e-01  7.6079e-05  8.6779e-05  8.0220e-05  3.4876e-03  8.5940e-03  1.9956e-03  0:02:35   20

 turbulent viscosity limited to viscosity ratio of 1.000000e+05 in 2036 cells 

 Reversed flow on 520 faces of pressure-outlet 7.
   306  6.7935e-01  7.5947e-05  8.6804e-05  8.0273e-05  3.4846e-03  8.4359e-03  1.9890e-03  0:02:28   19

 turbulent viscosity limited to viscosity ratio of 1.000000e+05 in 2032 cells 

 Reversed flow on 521 faces of pressure-outlet 7.
   307  6.7985e-01  7.5812e-05  8.6834e-05  8.0303e-05  3.4827e-03  8.2659e-03  1.9825e-03  0:02:21   18

 turbulent viscosity limited to viscosity ratio of 1.000000e+05 in 2019 cells 

 Reversed flow on 528 faces of pressure-outlet 7.
   308  6.7936e-01  7.5684e-05  8.6884e-05  8.0323e-05  3.4797e-03  8.2182e-03  1.9760e-03  0:02:14   17

 turbulent viscosity limited to viscosity ratio of 1.000000e+05 in 2008 cells 

 Reversed flow on 510 faces of pressure-outlet 7.
   309  6.7895e-01  7.5570e-05  8.6889e-05  8.0348e-05  3.4745e-03  7.9935e-03  1.9695e-03  0:02:03   16

 turbulent viscosity limited to viscosity ratio of 1.000000e+05 in 1990 cells 

 Reversed flow on 519 faces of pressure-outlet 7.
   310  6.7839e-01  7.5485e-05  8.6910e-05  8.0384e-05  3.4701e-03  7.9479e-03  1.9632e-03  0:01:56   15

 turbulent viscosity limited to viscosity ratio of 1.000000e+05 in 1981 cells 

 Reversed flow on 523 faces of pressure-outlet 7.

  iter  continuity  x-velocity  y-velocity  z-velocity           k     epsilon  vf-phase-2     time/iter
   311  6.7836e-01  7.5377e-05  8.6913e-05  8.0413e-05  3.4662e-03  8.0307e-03  1.9568e-03  0:01:49   14

 turbulent viscosity limited to viscosity ratio of 1.000000e+05 in 1969 cells 

 Reversed flow on 537 faces of pressure-outlet 7.
   312  6.7839e-01  7.5313e-05  8.6941e-05  8.0407e-05  3.4631e-03  8.2069e-03  1.9505e-03  0:01:42   13

 turbulent viscosity limited to viscosity ratio of 1.000000e+05 in 1959 cells 

 Reversed flow on 539 faces of pressure-outlet 7.
   313  6.7818e-01  7.5239e-05  8.6948e-05  8.0432e-05  3.4577e-03  8.1077e-03  1.9443e-03  0:01:35   12

 turbulent viscosity limited to viscosity ratio of 1.000000e+05 in 1947 cells 

 Reversed flow on 552 faces of pressure-outlet 7.
   314  6.7755e-01  7.5141e-05  8.6976e-05  8.0453e-05  3.4514e-03  8.2249e-03  1.9380e-03  0:01:25   11

 turbulent viscosity limited to viscosity ratio of 1.000000e+05 in 1942 cells 

 Reversed flow on 559 faces of pressure-outlet 7.
   315  6.7768e-01  7.5051e-05  8.7013e-05  8.0450e-05  3.4425e-03  8.0697e-03  1.9318e-03  0:01:18   10

 turbulent viscosity limited to viscosity ratio of 1.000000e+05 in 1936 cells 

 Reversed flow on 560 faces of pressure-outlet 7.
   316  6.7722e-01  7.4991e-05  8.7024e-05  8.0418e-05  3.4324e-03  7.9787e-03  1.9257e-03  0:01:10    9

 turbulent viscosity limited to viscosity ratio of 1.000000e+05 in 1924 cells 

 Reversed flow on 561 faces of pressure-outlet 7.
   317  6.7660e-01  7.4895e-05  8.7029e-05  8.0405e-05  3.4216e-03  7.8499e-03  1.9195e-03  0:01:03    8

 turbulent viscosity limited to viscosity ratio of 1.000000e+05 in 1913 cells 

 Reversed flow on 556 faces of pressure-outlet 7.
   318  6.7560e-01  7.4808e-05  8.7011e-05  8.0368e-05  3.4119e-03  7.8862e-03  1.9134e-03  0:00:54    7

 turbulent viscosity limited to viscosity ratio of 1.000000e+05 in 1906 cells 

 Reversed flow on 555 faces of pressure-outlet 7.
   319  6.7501e-01  7.4722e-05  8.7021e-05  8.0294e-05  3.3997e-03  7.7627e-03  1.9074e-03  0:00:46    6

 turbulent viscosity limited to viscosity ratio of 1.000000e+05 in 1897 cells 

 Reversed flow on 564 faces of pressure-outlet 7.
   320  6.7454e-01  7.4640e-05  8.7025e-05  8.0243e-05  3.3878e-03  7.7522e-03  1.9013e-03  0:00:39    5

 turbulent viscosity limited to viscosity ratio of 1.000000e+05 in 1889 cells 

 Reversed flow on 563 faces of pressure-outlet 7.
   321  6.7358e-01  7.4591e-05  8.7048e-05  8.0182e-05  3.3756e-03  7.7282e-03  1.8953e-03  0:00:31    4

 turbulent viscosity limited to viscosity ratio of 1.000000e+05 in 1873 cells 

 Reversed flow on 568 faces of pressure-outlet 7.

  iter  continuity  x-velocity  y-velocity  z-velocity           k     epsilon  vf-phase-2     time/iter
   322  6.7249e-01  7.4505e-05  8.7065e-05  8.0076e-05  3.3634e-03  7.6226e-03  1.8894e-03  0:00:24    3

 turbulent viscosity limited to viscosity ratio of 1.000000e+05 in 1866 cells 

 Reversed flow on 577 faces of pressure-outlet 7.
   323  6.7225e-01  7.4421e-05  8.7081e-05  8.0006e-05  3.3516e-03  7.5477e-03  1.8835e-03  0:00:15    2

 turbulent viscosity limited to viscosity ratio of 1.000000e+05 in 1861 cells 

 Reversed flow on 577 faces of pressure-outlet 7.
   324  6.7268e-01  7.4333e-05  8.7065e-05  7.9923e-05  3.3393e-03  7.4868e-03  1.8776e-03  0:00:08    1

 turbulent viscosity limited to viscosity ratio of 1.000000e+05 in 1854 cells 

 Reversed flow on 573 faces of pressure-outlet 7.
   325  6.7156e-01  7.4253e-05  8.7091e-05  7.9829e-05  3.3274e-03  7.4761e-03  1.8718e-03  0:00:00    0
iterate_325: RPC returned
progress: 325/1500

  iter  continuity  x-velocity  y-velocity  z-velocity           k     epsilon  vf-phase-2     time/iter
   325  6.7156e-01  7.4253e-05  8.7091e-05  7.9829e-05  3.3274e-03  7.4761e-03  1.8718e-03  0:03:15   25

 turbulent viscosity limited to viscosity ratio of 1.000000e+05 in 1845 cells 

 Reversed flow on 582 faces of pressure-outlet 7.
   326  6.7045e-01  7.4166e-05  8.7082e-05  7.9721e-05  3.3167e-03  7.3662e-03  1.8660e-03  0:03:13   24

 turbulent viscosity limited to viscosity ratio of 1.000000e+05 in 1836 cells 

 Reversed flow on 584 faces of pressure-outlet 7.
   327  6.6969e-01  7.4087e-05  8.7061e-05  7.9548e-05  3.3064e-03  7.4249e-03  1.8602e-03  0:03:00   23

 turbulent viscosity limited to viscosity ratio of 1.000000e+05 in 1826 cells 

 Reversed flow on 585 faces of pressure-outlet 7.
   328  6.6804e-01  7.3995e-05  8.7037e-05  7.9367e-05  3.2963e-03  7.4591e-03  1.8545e-03  0:02:53   22

 turbulent viscosity limited to viscosity ratio of 1.000000e+05 in 1814 cells 

 Reversed flow on 583 faces of pressure-outlet 7.
   329  6.6663e-01  7.3888e-05  8.7010e-05  7.9191e-05  3.2862e-03  7.3787e-03  1.8489e-03  0:02:46   21

 turbulent viscosity limited to viscosity ratio of 1.000000e+05 in 1803 cells 

 Reversed flow on 575 faces of pressure-outlet 7.
   330  6.6567e-01  7.3772e-05  8.6959e-05  7.9004e-05  3.2770e-03  7.3506e-03  1.8432e-03  0:02:38   20

 turbulent viscosity limited to viscosity ratio of 1.000000e+05 in 1787 cells 

 Reversed flow on 589 faces of pressure-outlet 7.
   331  6.6435e-01  7.3646e-05  8.6933e-05  7.8827e-05  3.2676e-03  7.1770e-03  1.8376e-03  0:02:31   19

 turbulent viscosity limited to viscosity ratio of 1.000000e+05 in 1781 cells 

 Reversed flow on 591 faces of pressure-outlet 7.
   332  6.6308e-01  7.3492e-05  8.6891e-05  7.8670e-05  3.2599e-03  7.1814e-03  1.8320e-03  0:02:23   18

 turbulent viscosity limited to viscosity ratio of 1.000000e+05 in 1775 cells 

 Reversed flow on 584 faces of pressure-outlet 7.
   333  6.6205e-01  7.3354e-05  8.6852e-05  7.8474e-05  3.2519e-03  7.1207e-03  1.8264e-03  0:02:15   17

 turbulent viscosity limited to viscosity ratio of 1.000000e+05 in 1768 cells 

 Reversed flow on 590 faces of pressure-outlet 7.
   334  6.6175e-01  7.3254e-05  8.6770e-05  7.8283e-05  3.2449e-03  7.0731e-03  1.8209e-03  0:02:07   16

 turbulent viscosity limited to viscosity ratio of 1.000000e+05 in 1760 cells 

 Reversed flow on 606 faces of pressure-outlet 7.
   335  6.6058e-01  7.3130e-05  8.6737e-05  7.8106e-05  3.2381e-03  7.0884e-03  1.8154e-03  0:02:00   15

 turbulent viscosity limited to viscosity ratio of 1.000000e+05 in 1754 cells 

 Reversed flow on 597 faces of pressure-outlet 7.

  iter  continuity  x-velocity  y-velocity  z-velocity           k     epsilon  vf-phase-2     time/iter
   336  6.5932e-01  7.2997e-05  8.6702e-05  7.7931e-05  3.2331e-03  7.2248e-03  1.8099e-03  0:01:49   14

 turbulent viscosity limited to viscosity ratio of 1.000000e+05 in 1746 cells 

 Reversed flow on 604 faces of pressure-outlet 7.
   337  6.5814e-01  7.2846e-05  8.6660e-05  7.7745e-05  3.2284e-03  7.1305e-03  1.8045e-03  0:01:42   13

 turbulent viscosity limited to viscosity ratio of 1.000000e+05 in 1736 cells 

 Reversed flow on 604 faces of pressure-outlet 7.
   338  6.5784e-01  7.2720e-05  8.6579e-05  7.7576e-05  3.2233e-03  7.1157e-03  1.7990e-03  0:01:34   12

 turbulent viscosity limited to viscosity ratio of 1.000000e+05 in 1730 cells 

 Reversed flow on 610 faces of pressure-outlet 7.
   339  6.5659e-01  7.2577e-05  8.6509e-05  7.7423e-05  3.2189e-03  7.0503e-03  1.7936e-03  0:01:27   11

 turbulent viscosity limited to viscosity ratio of 1.000000e+05 in 1717 cells 

 Reversed flow on 614 faces of pressure-outlet 7.
   340  6.5597e-01  7.2432e-05  8.6458e-05  7.7267e-05  3.2144e-03  6.9825e-03  1.7883e-03  0:01:17   10

 turbulent viscosity limited to viscosity ratio of 1.000000e+05 in 1711 cells 

 Reversed flow on 607 faces of pressure-outlet 7.
   341  6.5555e-01  7.2279e-05  8.6392e-05  7.7142e-05  3.2107e-03  6.7899e-03  1.7830e-03  0:01:10    9

 turbulent viscosity limited to viscosity ratio of 1.000000e+05 in 1699 cells 

 Reversed flow on 609 faces of pressure-outlet 7.
   342  6.5454e-01  7.2146e-05  8.6347e-05  7.7009e-05  3.2084e-03  6.8093e-03  1.7777e-03  0:01:03    8

 turbulent viscosity limited to viscosity ratio of 1.000000e+05 in 1694 cells 

 Reversed flow on 603 faces of pressure-outlet 7.
   343  6.5461e-01  7.2057e-05  8.6312e-05  7.6887e-05  3.2075e-03  6.9143e-03  1.7724e-03  0:00:55    7

 turbulent viscosity limited to viscosity ratio of 1.000000e+05 in 1686 cells 

 Reversed flow on 613 faces of pressure-outlet 7.
   344  6.5457e-01  7.1957e-05  8.6267e-05  7.6768e-05  3.2064e-03  6.8996e-03  1.7671e-03  0:00:47    6

 turbulent viscosity limited to viscosity ratio of 1.000000e+05 in 1673 cells 

 Reversed flow on 610 faces of pressure-outlet 7.
   345  6.5498e-01  7.1856e-05  8.6225e-05  7.6669e-05  3.2057e-03  6.8199e-03  1.7620e-03  0:00:39    5

 turbulent viscosity limited to viscosity ratio of 1.000000e+05 in 1672 cells 

 Reversed flow on 597 faces of pressure-outlet 7.
   346  6.5527e-01  7.1769e-05  8.6175e-05  7.6575e-05  3.2054e-03  6.9773e-03  1.7568e-03  0:00:31    4

 turbulent viscosity limited to viscosity ratio of 1.000000e+05 in 1663 cells 

 Reversed flow on 615 faces of pressure-outlet 7.

  iter  continuity  x-velocity  y-velocity  z-velocity           k     epsilon  vf-phase-2     time/iter
   347  6.5458e-01  7.1694e-05  8.6139e-05  7.6474e-05  3.2051e-03  6.9564e-03  1.7517e-03  0:00:23    3

 turbulent viscosity limited to viscosity ratio of 1.000000e+05 in 1655 cells 

 Reversed flow on 608 faces of pressure-outlet 7.
   348  6.5535e-01  7.1621e-05  8.6063e-05  7.6395e-05  3.2041e-03  6.8931e-03  1.7466e-03  0:00:16    2

 turbulent viscosity limited to viscosity ratio of 1.000000e+05 in 1647 cells 

 Reversed flow on 612 faces of pressure-outlet 7.
   349  6.5579e-01  7.1541e-05  8.6017e-05  7.6310e-05  3.2041e-03  6.9889e-03  1.7416e-03  0:00:08    1

 turbulent viscosity limited to viscosity ratio of 1.000000e+05 in 1641 cells 

 Reversed flow on 610 faces of pressure-outlet 7.
   350  6.5586e-01  7.1482e-05  8.5961e-05  7.6252e-05  3.2022e-03  6.9428e-03  1.7365e-03  0:00:00    0
iterate_350: RPC returned
progress: 350/1500

  iter  continuity  x-velocity  y-velocity  z-velocity           k     epsilon  vf-phase-2     time/iter
   350  6.5586e-01  7.1482e-05  8.5961e-05  7.6252e-05  3.2022e-03  6.9428e-03  1.7365e-03  0:03:13   25

 turbulent viscosity limited to viscosity ratio of 1.000000e+05 in 1633 cells 

 Reversed flow on 604 faces of pressure-outlet 7.
   351  6.5574e-01  7.1412e-05  8.5911e-05  7.6225e-05  3.2019e-03  6.9171e-03  1.7316e-03  0:03:06   24

 turbulent viscosity limited to viscosity ratio of 1.000000e+05 in 1628 cells 

 Reversed flow on 613 faces of pressure-outlet 7.
   352  6.5545e-01  7.1360e-05  8.5838e-05  7.6186e-05  3.1998e-03  6.7473e-03  1.7267e-03  0:03:00   23

 turbulent viscosity limited to viscosity ratio of 1.000000e+05 in 1617 cells 

 Reversed flow on 601 faces of pressure-outlet 7.
   353  6.5597e-01  7.1341e-05  8.5736e-05  7.6128e-05  3.1997e-03  6.8392e-03  1.7220e-03  0:02:53   22

 turbulent viscosity limited to viscosity ratio of 1.000000e+05 in 1609 cells 

 Reversed flow on 604 faces of pressure-outlet 7.
   354  6.5527e-01  7.1319e-05  8.5661e-05  7.6083e-05  3.1988e-03  6.7314e-03  1.7173e-03  0:02:41   21

 turbulent viscosity limited to viscosity ratio of 1.000000e+05 in 1602 cells 

 Reversed flow on 603 faces of pressure-outlet 7.
   355  6.5432e-01  7.1310e-05  8.5546e-05  7.6014e-05  3.1986e-03  6.8931e-03  1.7128e-03  0:02:35   20

 turbulent viscosity limited to viscosity ratio of 1.000000e+05 in 1595 cells 

 Reversed flow on 619 faces of pressure-outlet 7.
   356  6.5377e-01  7.1290e-05  8.5408e-05  7.5948e-05  3.1963e-03  6.7466e-03  1.7083e-03  0:02:28   19

 turbulent viscosity limited to viscosity ratio of 1.000000e+05 in 1587 cells 

 Reversed flow on 611 faces of pressure-outlet 7.
   357  6.5354e-01  7.1271e-05  8.5337e-05  7.5919e-05  3.1959e-03  6.8769e-03  1.7040e-03  0:02:21   18

 turbulent viscosity limited to viscosity ratio of 1.000000e+05 in 1581 cells 

 Reversed flow on 597 faces of pressure-outlet 7.
   358  6.5261e-01  7.1277e-05  8.5209e-05  7.5862e-05  3.1952e-03  6.8947e-03  1.6998e-03  0:02:14   17

 turbulent viscosity limited to viscosity ratio of 1.000000e+05 in 1573 cells 

 Reversed flow on 597 faces of pressure-outlet 7.
   359  6.5217e-01  7.1280e-05  8.5066e-05  7.5782e-05  3.1933e-03  6.8562e-03  1.6957e-03  0:02:03   16

 turbulent viscosity limited to viscosity ratio of 1.000000e+05 in 1568 cells 

 Reversed flow on 609 faces of pressure-outlet 7.
   360  6.5207e-01  7.1248e-05  8.4914e-05  7.5694e-05  3.1892e-03  6.7331e-03  1.6916e-03  0:01:56   15

 turbulent viscosity limited to viscosity ratio of 1.000000e+05 in 1564 cells 

 Reversed flow on 610 faces of pressure-outlet 7.

  iter  continuity  x-velocity  y-velocity  z-velocity           k     epsilon  vf-phase-2     time/iter
   361  6.5148e-01  7.1225e-05  8.4767e-05  7.5582e-05  3.1874e-03  7.0217e-03  1.6876e-03  0:01:49   14

 turbulent viscosity limited to viscosity ratio of 1.000000e+05 in 1559 cells 

 Reversed flow on 615 faces of pressure-outlet 7.
   362  6.5170e-01  7.1232e-05  8.4625e-05  7.5464e-05  3.1835e-03  6.9830e-03  1.6837e-03  0:01:42   13

 turbulent viscosity limited to viscosity ratio of 1.000000e+05 in 1554 cells 

 Reversed flow on 597 faces of pressure-outlet 7.
   363  6.5140e-01  7.1235e-05  8.4469e-05  7.5339e-05  3.1784e-03  6.9949e-03  1.6798e-03  0:01:34   12

 turbulent viscosity limited to viscosity ratio of 1.000000e+05 in 1546 cells 

 Reversed flow on 611 faces of pressure-outlet 7.
   364  6.4888e-01  7.1243e-05  8.4294e-05  7.5240e-05  3.1737e-03  7.1207e-03  1.6761e-03  0:01:25   11

 turbulent viscosity limited to viscosity ratio of 1.000000e+05 in 1541 cells 

 Reversed flow on 620 faces of pressure-outlet 7.
   365  6.4741e-01  7.1245e-05  8.4125e-05  7.5125e-05  3.1693e-03  7.2340e-03  1.6725e-03  0:01:18   10

 turbulent viscosity limited to viscosity ratio of 1.000000e+05 in 1539 cells 

 Reversed flow on 632 faces of pressure-outlet 7.
   366  6.4610e-01  7.1215e-05  8.3954e-05  7.5032e-05  3.1648e-03  7.3075e-03  1.6689e-03  0:01:10    9

 turbulent viscosity limited to viscosity ratio of 1.000000e+05 in 1529 cells 

 Reversed flow on 617 faces of pressure-outlet 7.
   367  6.4509e-01  7.1192e-05  8.3730e-05  7.4919e-05  3.1602e-03  7.3632e-03  1.6655e-03  0:01:03    8

 turbulent viscosity limited to viscosity ratio of 1.000000e+05 in 1524 cells 

 Reversed flow on 627 faces of pressure-outlet 7.
   368  6.4377e-01  7.1181e-05  8.3541e-05  7.4819e-05  3.1529e-03  7.2045e-03  1.6621e-03  0:00:55    7

 turbulent viscosity limited to viscosity ratio of 1.000000e+05 in 1516 cells 

 Reversed flow on 621 faces of pressure-outlet 7.
   369  6.4205e-01  7.1138e-05  8.3309e-05  7.4690e-05  3.1464e-03  7.0671e-03  1.6589e-03  0:00:46    6

 turbulent viscosity limited to viscosity ratio of 1.000000e+05 in 1514 cells 

 Reversed flow on 620 faces of pressure-outlet 7.
   370  6.3981e-01  7.1109e-05  8.3068e-05  7.4540e-05  3.1384e-03  7.1564e-03  1.6557e-03  0:00:39    5

 turbulent viscosity limited to viscosity ratio of 1.000000e+05 in 1510 cells 

 Reversed flow on 623 faces of pressure-outlet 7.
   371  6.3856e-01  7.1060e-05  8.2808e-05  7.4364e-05  3.1316e-03  7.0804e-03  1.6525e-03  0:00:31    4

 turbulent viscosity limited to viscosity ratio of 1.000000e+05 in 1507 cells 

 Reversed flow on 626 faces of pressure-outlet 7.

  iter  continuity  x-velocity  y-velocity  z-velocity           k     epsilon  vf-phase-2     time/iter
   372  6.3727e-01  7.1003e-05  8.2549e-05  7.4167e-05  3.1246e-03  7.0742e-03  1.6495e-03  0:00:24    3

 turbulent viscosity limited to viscosity ratio of 1.000000e+05 in 1504 cells 

 Reversed flow on 623 faces of pressure-outlet 7.
   373  6.3483e-01  7.0952e-05  8.2287e-05  7.3989e-05  3.1164e-03  7.0642e-03  1.6465e-03  0:00:16    2

 turbulent viscosity limited to viscosity ratio of 1.000000e+05 in 1498 cells 

 Reversed flow on 627 faces of pressure-outlet 7.
   374  6.3274e-01  7.0922e-05  8.2006e-05  7.3818e-05  3.1090e-03  7.1486e-03  1.6437e-03  0:00:08    1

 turbulent viscosity limited to viscosity ratio of 1.000000e+05 in 1492 cells 

 Reversed flow on 624 faces of pressure-outlet 7.
   375  6.3076e-01  7.0829e-05  8.1768e-05  7.3636e-05  3.1010e-03  7.0581e-03  1.6409e-03  0:00:00    0
iterate_375: RPC returned
progress: 375/1500

=== autosave_375 ===

Writing to EN439159:"C:\Users\qtra338\Documents\enthalpy_sweep_verified_20260721_v2\case_6_1760_autosave_iter375.cas.h5" in NODE0 mode and compression level 1 ...
Grouping cells for Laplace smoothing ...
     5578299 cells,     1 zone  ...
    11355491 faces,     5 zones ...
     1026091 nodes,     1 zone  ...
  Done.
Done.
write_case_autosave_375: OK

Writing to EN439159:"C:\Users\qtra338\Documents\enthalpy_sweep_verified_20260721_v2\case_6_1760_autosave_iter375.dat.h5" in NODE0 mode and compression level 1 ...
  Writing results.
Done.
write_data_autosave_375: OK
saved_pair_autosave_375: VERIFIED

  iter  continuity  x-velocity  y-velocity  z-velocity           k     epsilon  vf-phase-2     time/iter
   375  6.3076e-01  7.0829e-05  8.1768e-05  7.3636e-05  3.1010e-03  7.0581e-03  1.6409e-03  0:03:14   25

 turbulent viscosity limited to viscosity ratio of 1.000000e+05 in 1489 cells 

 Reversed flow on 622 faces of pressure-outlet 7.
   376  6.2915e-01  7.0733e-05  8.1515e-05  7.3472e-05  3.0929e-03  7.0206e-03  1.6383e-03  0:03:07   24

 turbulent viscosity limited to viscosity ratio of 1.000000e+05 in 1487 cells 

 Reversed flow on 619 faces of pressure-outlet 7.
   377  6.2742e-01  7.0642e-05  8.1290e-05  7.3302e-05  3.0850e-03  7.0020e-03  1.6357e-03  0:03:00   23

 turbulent viscosity limited to viscosity ratio of 1.000000e+05 in 1483 cells 

 Reversed flow on 621 faces of pressure-outlet 7.
   378  6.2595e-01  7.0522e-05  8.1058e-05  7.3161e-05  3.0768e-03  7.0084e-03  1.6331e-03  0:02:53   22

 turbulent viscosity limited to viscosity ratio of 1.000000e+05 in 1476 cells 

 Reversed flow on 625 faces of pressure-outlet 7.
   379  6.2454e-01  7.0390e-05  8.0827e-05  7.2982e-05  3.0696e-03  7.1010e-03  1.6307e-03  0:02:42   21

 turbulent viscosity limited to viscosity ratio of 1.000000e+05 in 1469 cells 

 Reversed flow on 619 faces of pressure-outlet 7.
   380  6.2279e-01  7.0283e-05  8.0562e-05  7.2777e-05  3.0606e-03  6.9921e-03  1.6283e-03  0:02:35   20

 turbulent viscosity limited to viscosity ratio of 1.000000e+05 in 1465 cells 

 Reversed flow on 618 faces of pressure-outlet 7.
   381  6.2104e-01  7.0186e-05  8.0288e-05  7.2579e-05  3.0527e-03  6.9914e-03  1.6261e-03  0:02:28   19

 turbulent viscosity limited to viscosity ratio of 1.000000e+05 in 1458 cells 

 Reversed flow on 623 faces of pressure-outlet 7.
   382  6.2032e-01  7.0072e-05  8.0038e-05  7.2373e-05  3.0440e-03  6.9108e-03  1.6239e-03  0:02:21   18

 turbulent viscosity limited to viscosity ratio of 1.000000e+05 in 1454 cells 

 Reversed flow on 619 faces of pressure-outlet 7.
   383  6.2041e-01  6.9973e-05  7.9779e-05  7.2184e-05  3.0375e-03  6.9034e-03  1.6218e-03  0:02:14   17

 turbulent viscosity limited to viscosity ratio of 1.000000e+05 in 1448 cells 

 Reversed flow on 625 faces of pressure-outlet 7.
   384  6.1916e-01  6.9831e-05  7.9512e-05  7.1966e-05  3.0319e-03  6.9286e-03  1.6199e-03  0:02:03   16

 turbulent viscosity limited to viscosity ratio of 1.000000e+05 in 1445 cells 

 Reversed flow on 613 faces of pressure-outlet 7.
   385  6.1764e-01  6.9709e-05  7.9233e-05  7.1736e-05  3.0271e-03  6.9809e-03  1.6180e-03  0:01:56   15

 turbulent viscosity limited to viscosity ratio of 1.000000e+05 in 1441 cells 

 Reversed flow on 619 faces of pressure-outlet 7.

  iter  continuity  x-velocity  y-velocity  z-velocity           k     epsilon  vf-phase-2     time/iter
   386  6.1581e-01  6.9584e-05  7.8991e-05  7.1519e-05  3.0218e-03  7.0566e-03  1.6162e-03  0:01:49   14

 turbulent viscosity limited to viscosity ratio of 1.000000e+05 in 1436 cells 

 Reversed flow on 620 faces of pressure-outlet 7.
   387  6.1460e-01  6.9465e-05  7.8743e-05  7.1311e-05  3.0166e-03  6.9922e-03  1.6146e-03  0:01:42   13

 turbulent viscosity limited to viscosity ratio of 1.000000e+05 in 1429 cells 

 Reversed flow on 607 faces of pressure-outlet 7.
   388  6.1504e-01  6.9327e-05  7.8502e-05  7.1101e-05  3.0112e-03  7.0522e-03  1.6131e-03  0:01:35   12

 turbulent viscosity limited to viscosity ratio of 1.000000e+05 in 1425 cells 

 Reversed flow on 607 faces of pressure-outlet 7.
   389  6.1446e-01  6.9226e-05  7.8235e-05  7.0904e-05  3.0047e-03  6.9036e-03  1.6116e-03  0:01:25   11

 turbulent viscosity limited to viscosity ratio of 1.000000e+05 in 1419 cells 

 Reversed flow on 608 faces of pressure-outlet 7.
   390  6.1346e-01  6.9087e-05  7.7970e-05  7.0724e-05  2.9979e-03  6.8250e-03  1.6103e-03  0:01:18   10

 turbulent viscosity limited to viscosity ratio of 1.000000e+05 in 1417 cells 

 Reversed flow on 603 faces of pressure-outlet 7.
   391  6.1231e-01  6.8941e-05  7.7752e-05  7.0516e-05  2.9898e-03  6.7301e-03  1.6090e-03  0:01:10    9

 turbulent viscosity limited to viscosity ratio of 1.000000e+05 in 1414 cells 

 Reversed flow on 608 faces of pressure-outlet 7.
   392  6.1116e-01  6.8800e-05  7.7529e-05  7.0318e-05  2.9820e-03  6.8233e-03  1.6079e-03  0:01:03    8

 turbulent viscosity limited to viscosity ratio of 1.000000e+05 in 1406 cells 

 Reversed flow on 608 faces of pressure-outlet 7.
   393  6.1121e-01  6.8653e-05  7.7279e-05  7.0100e-05  2.9733e-03  6.7736e-03  1.6069e-03  0:00:55    7

 turbulent viscosity limited to viscosity ratio of 1.000000e+05 in 1397 cells 

 Reversed flow on 612 faces of pressure-outlet 7.
   394  6.1132e-01  6.8490e-05  7.7028e-05  6.9909e-05  2.9638e-03  6.7132e-03  1.6059e-03  0:00:46    6

 turbulent viscosity limited to viscosity ratio of 1.000000e+05 in 1393 cells 

 Reversed flow on 598 faces of pressure-outlet 7.
   395  6.1068e-01  6.8321e-05  7.6767e-05  6.9696e-05  2.9553e-03  6.8194e-03  1.6050e-03  0:00:39    5

 turbulent viscosity limited to viscosity ratio of 1.000000e+05 in 1386 cells 

 Reversed flow on 606 faces of pressure-outlet 7.
   396  6.1032e-01  6.8156e-05  7.6523e-05  6.9502e-05  2.9465e-03  6.9476e-03  1.6042e-03  0:00:31    4

 turbulent viscosity limited to viscosity ratio of 1.000000e+05 in 1383 cells 

 Reversed flow on 606 faces of pressure-outlet 7.

  iter  continuity  x-velocity  y-velocity  z-velocity           k     epsilon  vf-phase-2     time/iter
   397  6.0994e-01  6.7975e-05  7.6273e-05  6.9286e-05  2.9364e-03  6.8875e-03  1.6034e-03  0:00:24    3

 turbulent viscosity limited to viscosity ratio of 1.000000e+05 in 1383 cells 

 Reversed flow on 613 faces of pressure-outlet 7.
   398  6.0899e-01  6.7803e-05  7.5998e-05  6.9079e-05  2.9277e-03  6.7942e-03  1.6027e-03  0:00:16    2

 turbulent viscosity limited to viscosity ratio of 1.000000e+05 in 1381 cells 

 Reversed flow on 598 faces of pressure-outlet 7.
   399  6.0720e-01  6.7629e-05  7.5730e-05  6.8884e-05  2.9172e-03  6.8813e-03  1.6020e-03  0:00:08    1

 turbulent viscosity limited to viscosity ratio of 1.000000e+05 in 1379 cells 

 Reversed flow on 600 faces of pressure-outlet 7.
   400  6.0671e-01  6.7477e-05  7.5484e-05  6.8692e-05  2.9074e-03  6.8212e-03  1.6014e-03  0:00:00    0
iterate_400: RPC returned
progress: 400/1500

  iter  continuity  x-velocity  y-velocity  z-velocity           k     epsilon  vf-phase-2     time/iter
   400  6.0671e-01  6.7477e-05  7.5484e-05  6.8692e-05  2.9074e-03  6.8212e-03  1.6014e-03  0:03:14   25

 turbulent viscosity limited to viscosity ratio of 1.000000e+05 in 1376 cells 

 Reversed flow on 598 faces of pressure-outlet 7.
   401  6.0631e-01  6.7324e-05  7.5261e-05  6.8489e-05  2.8965e-03  6.6704e-03  1.6009e-03  0:03:07   24

 turbulent viscosity limited to viscosity ratio of 1.000000e+05 in 1369 cells 

 Reversed flow on 596 faces of pressure-outlet 7.
   402  6.0569e-01  6.7182e-05  7.5034e-05  6.8287e-05  2.8854e-03  6.5588e-03  1.6003e-03  0:03:00   23

 turbulent viscosity limited to viscosity ratio of 1.000000e+05 in 1365 cells 

 Reversed flow on 597 faces of pressure-outlet 7.
   403  6.0468e-01  6.7013e-05  7.4798e-05  6.8107e-05  2.8735e-03  6.5645e-03  1.5998e-03  0:02:49   22

 turbulent viscosity limited to viscosity ratio of 1.000000e+05 in 1361 cells 

 Reversed flow on 591 faces of pressure-outlet 7.
   404  6.0330e-01  6.6853e-05  7.4551e-05  6.7907e-05  2.8607e-03  6.3898e-03  1.5994e-03  0:02:43   21

 turbulent viscosity limited to viscosity ratio of 1.000000e+05 in 1358 cells 

 Reversed flow on 584 faces of pressure-outlet 7.
   405  6.0197e-01  6.6691e-05  7.4353e-05  6.7715e-05  2.8502e-03  6.6444e-03  1.5990e-03  0:02:36   20

 turbulent viscosity limited to viscosity ratio of 1.000000e+05 in 1352 cells 

 Reversed flow on 579 faces of pressure-outlet 7.
   406  6.0066e-01  6.6541e-05  7.4141e-05  6.7551e-05  2.8370e-03  6.4825e-03  1.5987e-03  0:02:29   19

 turbulent viscosity limited to viscosity ratio of 1.000000e+05 in 1343 cells 

 Reversed flow on 593 faces of pressure-outlet 7.
   407  5.9990e-01  6.6385e-05  7.3883e-05  6.7369e-05  2.8240e-03  6.4509e-03  1.5983e-03  0:02:22   18

 turbulent viscosity limited to viscosity ratio of 1.000000e+05 in 1341 cells 

 Reversed flow on 601 faces of pressure-outlet 7.
   408  5.9907e-01  6.6253e-05  7.3641e-05  6.7181e-05  2.8107e-03  6.4203e-03  1.5980e-03  0:02:14   17

 turbulent viscosity limited to viscosity ratio of 1.000000e+05 in 1334 cells 

 Reversed flow on 592 faces of pressure-outlet 7.
   409  5.9825e-01  6.6107e-05  7.3420e-05  6.7003e-05  2.7974e-03  6.3654e-03  1.5976e-03  0:02:03   16

 turbulent viscosity limited to viscosity ratio of 1.000000e+05 in 1334 cells 

 Reversed flow on 589 faces of pressure-outlet 7.
   410  5.9652e-01  6.5978e-05  7.3192e-05  6.6821e-05  2.7847e-03  6.3943e-03  1.5972e-03  0:01:57   15

 turbulent viscosity limited to viscosity ratio of 1.000000e+05 in 1330 cells 

 Reversed flow on 589 faces of pressure-outlet 7.

  iter  continuity  x-velocity  y-velocity  z-velocity           k     epsilon  vf-phase-2     time/iter
   411  5.9468e-01  6.5809e-05  7.2951e-05  6.6647e-05  2.7707e-03  6.4559e-03  1.5969e-03  0:01:49   14

 turbulent viscosity limited to viscosity ratio of 1.000000e+05 in 1330 cells 

 Reversed flow on 595 faces of pressure-outlet 7.
   412  5.9238e-01  6.5633e-05  7.2720e-05  6.6484e-05  2.7557e-03  6.2615e-03  1.5966e-03  0:01:42   13

 turbulent viscosity limited to viscosity ratio of 1.000000e+05 in 1326 cells 

 Reversed flow on 593 faces of pressure-outlet 7.
   413  5.9043e-01  6.5479e-05  7.2515e-05  6.6315e-05  2.7419e-03  6.3045e-03  1.5963e-03  0:01:32   12

 turbulent viscosity limited to viscosity ratio of 1.000000e+05 in 1324 cells 

 Reversed flow on 590 faces of pressure-outlet 7.
   414  5.8877e-01  6.5326e-05  7.2293e-05  6.6173e-05  2.7274e-03  6.2143e-03  1.5959e-03  0:01:25   11

 turbulent viscosity limited to viscosity ratio of 1.000000e+05 in 1316 cells 

 Reversed flow on 587 faces of pressure-outlet 7.
   415  5.8762e-01  6.5183e-05  7.2080e-05  6.6044e-05  2.7124e-03  6.0731e-03  1.5957e-03  0:01:18   10

 turbulent viscosity limited to viscosity ratio of 1.000000e+05 in 1312 cells 

 Reversed flow on 597 faces of pressure-outlet 7.
   416  5.8579e-01  6.5034e-05  7.1859e-05  6.5904e-05  2.6987e-03  6.2796e-03  1.5954e-03  0:01:11    9

 turbulent viscosity limited to viscosity ratio of 1.000000e+05 in 1308 cells 

 Reversed flow on 593 faces of pressure-outlet 7.
   417  5.8399e-01  6.4842e-05  7.1647e-05  6.5738e-05  2.6843e-03  5.9478e-03  1.5950e-03  0:01:03    8

 turbulent viscosity limited to viscosity ratio of 1.000000e+05 in 1307 cells 

 Reversed flow on 582 faces of pressure-outlet 7.
   418  5.8192e-01  6.4675e-05  7.1422e-05  6.5566e-05  2.6725e-03  6.0170e-03  1.5947e-03  0:00:55    7

 turbulent viscosity limited to viscosity ratio of 1.000000e+05 in 1305 cells 

 Reversed flow on 590 faces of pressure-outlet 7.
   419  5.8055e-01  6.4530e-05  7.1232e-05  6.5410e-05  2.6584e-03  5.8079e-03  1.5944e-03  0:00:48    6

 turbulent viscosity limited to viscosity ratio of 1.000000e+05 in 1301 cells 

 Reversed flow on 593 faces of pressure-outlet 7.
   420  5.7886e-01  6.4387e-05  7.1046e-05  6.5261e-05  2.6476e-03  5.9122e-03  1.5940e-03  0:00:39    5

 turbulent viscosity limited to viscosity ratio of 1.000000e+05 in 1294 cells 

 Reversed flow on 597 faces of pressure-outlet 7.
   421  5.7675e-01  6.4259e-05  7.0855e-05  6.5125e-05  2.6349e-03  5.7230e-03  1.5936e-03  0:00:31    4

 turbulent viscosity limited to viscosity ratio of 1.000000e+05 in 1290 cells 

 Reversed flow on 592 faces of pressure-outlet 7.

  iter  continuity  x-velocity  y-velocity  z-velocity           k     epsilon  vf-phase-2     time/iter
   422  5.7509e-01  6.4118e-05  7.0677e-05  6.4973e-05  2.6237e-03  5.7513e-03  1.5932e-03  0:00:23    3

 turbulent viscosity limited to viscosity ratio of 1.000000e+05 in 1287 cells 

 Reversed flow on 587 faces of pressure-outlet 7.
   423  5.7318e-01  6.3972e-05  7.0510e-05  6.4819e-05  2.6130e-03  5.7731e-03  1.5928e-03  0:00:16    2

 turbulent viscosity limited to viscosity ratio of 1.000000e+05 in 1283 cells 

 Reversed flow on 584 faces of pressure-outlet 7.
   424  5.7157e-01  6.3823e-05  7.0364e-05  6.4665e-05  2.6030e-03  5.6945e-03  1.5924e-03  0:00:08    1

 turbulent viscosity limited to viscosity ratio of 1.000000e+05 in 1280 cells 

 Reversed flow on 587 faces of pressure-outlet 7.
   425  5.7032e-01  6.3706e-05  7.0241e-05  6.4468e-05  2.5957e-03  5.8099e-03  1.5919e-03  0:00:00    0
iterate_425: RPC returned
progress: 425/1500

  iter  continuity  x-velocity  y-velocity  z-velocity           k     epsilon  vf-phase-2     time/iter
   425  5.7032e-01  6.3706e-05  7.0241e-05  6.4468e-05  2.5957e-03  5.8099e-03  1.5919e-03  0:03:13   25

 turbulent viscosity limited to viscosity ratio of 1.000000e+05 in 1277 cells 

 Reversed flow on 589 faces of pressure-outlet 7.
   426  5.6888e-01  6.3605e-05  7.0121e-05  6.4294e-05  2.5863e-03  5.6301e-03  1.5915e-03  0:03:06   24

 turbulent viscosity limited to viscosity ratio of 1.000000e+05 in 1274 cells 

 Reversed flow on 594 faces of pressure-outlet 7.
   427  5.6736e-01  6.3491e-05  7.0016e-05  6.4122e-05  2.5786e-03  5.5071e-03  1.5910e-03  0:03:00   23

 turbulent viscosity limited to viscosity ratio of 1.000000e+05 in 1272 cells 

 Reversed flow on 586 faces of pressure-outlet 7.
   428  5.6607e-01  6.3393e-05  6.9916e-05  6.3965e-05  2.5724e-03  5.4934e-03  1.5905e-03  0:02:53   22

 turbulent viscosity limited to viscosity ratio of 1.000000e+05 in 1267 cells 

 Reversed flow on 583 faces of pressure-outlet 7.
   429  5.6529e-01  6.3312e-05  6.9816e-05  6.3812e-05  2.5673e-03  5.7548e-03  1.5900e-03  0:02:41   21

 turbulent viscosity limited to viscosity ratio of 1.000000e+05 in 1264 cells 

 Reversed flow on 591 faces of pressure-outlet 7.
   430  5.6441e-01  6.3231e-05  6.9730e-05  6.3659e-05  2.5598e-03  5.4893e-03  1.5895e-03  0:02:35   20

 turbulent viscosity limited to viscosity ratio of 1.000000e+05 in 1263 cells 

 Reversed flow on 594 faces of pressure-outlet 7.
   431  5.6399e-01  6.3165e-05  6.9642e-05  6.3500e-05  2.5547e-03  5.5258e-03  1.5889e-03  0:02:28   19

 turbulent viscosity limited to viscosity ratio of 1.000000e+05 in 1262 cells 

 Reversed flow on 584 faces of pressure-outlet 7.
   432  5.6272e-01  6.3097e-05  6.9589e-05  6.3343e-05  2.5508e-03  5.6210e-03  1.5883e-03  0:02:21   18

 turbulent viscosity limited to viscosity ratio of 1.000000e+05 in 1257 cells 

 Reversed flow on 596 faces of pressure-outlet 7.
   433  5.6179e-01  6.3044e-05  6.9513e-05  6.3214e-05  2.5464e-03  5.4865e-03  1.5877e-03  0:02:14   17

 turbulent viscosity limited to viscosity ratio of 1.000000e+05 in 1250 cells 

 Reversed flow on 599 faces of pressure-outlet 7.
   434  5.6147e-01  6.3022e-05  6.9469e-05  6.3103e-05  2.5429e-03  5.3759e-03  1.5870e-03  0:02:03   16

 turbulent viscosity limited to viscosity ratio of 1.000000e+05 in 1247 cells 

 Reversed flow on 581 faces of pressure-outlet 7.
   435  5.6131e-01  6.3016e-05  6.9441e-05  6.2989e-05  2.5412e-03  5.5410e-03  1.5863e-03  0:01:56   15

 turbulent viscosity limited to viscosity ratio of 1.000000e+05 in 1244 cells 

 Reversed flow on 587 faces of pressure-outlet 7.

  iter  continuity  x-velocity  y-velocity  z-velocity           k     epsilon  vf-phase-2     time/iter
   436  5.6081e-01  6.2995e-05  6.9436e-05  6.2863e-05  2.5401e-03  5.5595e-03  1.5856e-03  0:01:49   14

 turbulent viscosity limited to viscosity ratio of 1.000000e+05 in 1242 cells 

 Reversed flow on 592 faces of pressure-outlet 7.
   437  5.6087e-01  6.2984e-05  6.9426e-05  6.2762e-05  2.5399e-03  5.5737e-03  1.5848e-03  0:01:42   13

 turbulent viscosity limited to viscosity ratio of 1.000000e+05 in 1241 cells 

 Reversed flow on 595 faces of pressure-outlet 7.
   438  5.6073e-01  6.3003e-05  6.9418e-05  6.2668e-05  2.5406e-03  5.6995e-03  1.5840e-03  0:01:35   12

 turbulent viscosity limited to viscosity ratio of 1.000000e+05 in 1238 cells 

 Reversed flow on 597 faces of pressure-outlet 7.
   439  5.6094e-01  6.3026e-05  6.9426e-05  6.2591e-05  2.5407e-03  5.9064e-03  1.5831e-03  0:01:25   11

 turbulent viscosity limited to viscosity ratio of 1.000000e+05 in 1235 cells 

 Reversed flow on 597 faces of pressure-outlet 7.
   440  5.6118e-01  6.3044e-05  6.9442e-05  6.2532e-05  2.5406e-03  6.0379e-03  1.5823e-03  0:01:18   10

 turbulent viscosity limited to viscosity ratio of 1.000000e+05 in 1231 cells 

 Reversed flow on 607 faces of pressure-outlet 7.
   441  5.6156e-01  6.3066e-05  6.9468e-05  6.2464e-05  2.5408e-03  5.8548e-03  1.5816e-03  0:01:10    9

 turbulent viscosity limited to viscosity ratio of 1.000000e+05 in 1231 cells 

 Reversed flow on 605 faces of pressure-outlet 7.
   442  5.6195e-01  6.3083e-05  6.9497e-05  6.2414e-05  2.5422e-03  5.8741e-03  1.5808e-03  0:01:03    8

 turbulent viscosity limited to viscosity ratio of 1.000000e+05 in 1227 cells 

 Reversed flow on 598 faces of pressure-outlet 7.
   443  5.6280e-01  6.3099e-05  6.9537e-05  6.2358e-05  2.5436e-03  5.7151e-03  1.5800e-03  0:00:55    7

 turbulent viscosity limited to viscosity ratio of 1.000000e+05 in 1223 cells 

 Reversed flow on 599 faces of pressure-outlet 7.
   444  5.6369e-01  6.3119e-05  6.9592e-05  6.2322e-05  2.5471e-03  5.7922e-03  1.5792e-03  0:00:46    6

 turbulent viscosity limited to viscosity ratio of 1.000000e+05 in 1222 cells 

 Reversed flow on 591 faces of pressure-outlet 7.
   445  5.6402e-01  6.3139e-05  6.9629e-05  6.2304e-05  2.5500e-03  5.5953e-03  1.5785e-03  0:00:39    5

 turbulent viscosity limited to viscosity ratio of 1.000000e+05 in 1220 cells 

 Reversed flow on 595 faces of pressure-outlet 7.
   446  5.6448e-01  6.3147e-05  6.9683e-05  6.2293e-05  2.5555e-03  5.8921e-03  1.5777e-03  0:00:31    4

 turbulent viscosity limited to viscosity ratio of 1.000000e+05 in 1218 cells 

 Reversed flow on 598 faces of pressure-outlet 7.

  iter  continuity  x-velocity  y-velocity  z-velocity           k     epsilon  vf-phase-2     time/iter
   447  5.6527e-01  6.3170e-05  6.9757e-05  6.2294e-05  2.5599e-03  5.7922e-03  1.5770e-03  0:00:24    3

 turbulent viscosity limited to viscosity ratio of 1.000000e+05 in 1216 cells 

 Reversed flow on 600 faces of pressure-outlet 7.
   448  5.6570e-01  6.3211e-05  6.9832e-05  6.2326e-05  2.5641e-03  6.0417e-03  1.5764e-03  0:00:16    2

 turbulent viscosity limited to viscosity ratio of 1.000000e+05 in 1212 cells 

 Reversed flow on 600 faces of pressure-outlet 7.
   449  5.6618e-01  6.3244e-05  6.9924e-05  6.2334e-05  2.5665e-03  5.9811e-03  1.5758e-03  0:00:08    1

 turbulent viscosity limited to viscosity ratio of 1.000000e+05 in 1208 cells 

 Reversed flow on 598 faces of pressure-outlet 7.
   450  5.6698e-01  6.3275e-05  7.0001e-05  6.2394e-05  2.5698e-03  6.0332e-03  1.5751e-03  0:00:00    0
iterate_450: RPC returned
progress: 450/1500

  iter  continuity  x-velocity  y-velocity  z-velocity           k     epsilon  vf-phase-2     time/iter
   450  5.6698e-01  6.3275e-05  7.0001e-05  6.2394e-05  2.5698e-03  6.0332e-03  1.5751e-03  0:03:13   25

 turbulent viscosity limited to viscosity ratio of 1.000000e+05 in 1206 cells 

 Reversed flow on 600 faces of pressure-outlet 7.
   451  5.6798e-01  6.3305e-05  7.0098e-05  6.2433e-05  2.5714e-03  5.8712e-03  1.5745e-03  0:03:07   24

 turbulent viscosity limited to viscosity ratio of 1.000000e+05 in 1203 cells 

 Reversed flow on 605 faces of pressure-outlet 7.
   452  5.6886e-01  6.3336e-05  7.0184e-05  6.2465e-05  2.5757e-03  6.0741e-03  1.5739e-03  0:03:00   23

 turbulent viscosity limited to viscosity ratio of 1.000000e+05 in 1203 cells 

 Reversed flow on 598 faces of pressure-outlet 7.
   453  5.6955e-01  6.3398e-05  7.0293e-05  6.2514e-05  2.5778e-03  6.0809e-03  1.5734e-03  0:02:53   22

 turbulent viscosity limited to viscosity ratio of 1.000000e+05 in 1201 cells 

 Reversed flow on 597 faces of pressure-outlet 7.
   454  5.7076e-01  6.3441e-05  7.0415e-05  6.2555e-05  2.5791e-03  6.0447e-03  1.5731e-03  0:02:41   21

 turbulent viscosity limited to viscosity ratio of 1.000000e+05 in 1200 cells 

 Reversed flow on 605 faces of pressure-outlet 7.
   455  5.7129e-01  6.3466e-05  7.0544e-05  6.2615e-05  2.5823e-03  6.0403e-03  1.5727e-03  0:02:35   20

 turbulent viscosity limited to viscosity ratio of 1.000000e+05 in 1199 cells 

 Reversed flow on 601 faces of pressure-outlet 7.
   456  5.7287e-01  6.3516e-05  7.0686e-05  6.2668e-05  2.5846e-03  6.1241e-03  1.5723e-03  0:02:28   19

 turbulent viscosity limited to viscosity ratio of 1.000000e+05 in 1198 cells 

 Reversed flow on 598 faces of pressure-outlet 7.
   457  5.7470e-01  6.3539e-05  7.0805e-05  6.2746e-05  2.5884e-03  6.1785e-03  1.5720e-03  0:02:21   18

 turbulent viscosity limited to viscosity ratio of 1.000000e+05 in 1197 cells 

 Reversed flow on 606 faces of pressure-outlet 7.
   458  5.7639e-01  6.3590e-05  7.0948e-05  6.2798e-05  2.5930e-03  5.9005e-03  1.5716e-03  0:02:14   17

 turbulent viscosity limited to viscosity ratio of 1.000000e+05 in 1196 cells 

 Reversed flow on 602 faces of pressure-outlet 7.
   459  5.7757e-01  6.3630e-05  7.1108e-05  6.2851e-05  2.5988e-03  6.5060e-03  1.5714e-03  0:02:06   16

 turbulent viscosity limited to viscosity ratio of 1.000000e+05 in 1196 cells 

 Reversed flow on 621 faces of pressure-outlet 7.
   460  5.7915e-01  6.3650e-05  7.1271e-05  6.2936e-05  2.6053e-03  6.4291e-03  1.5711e-03  0:01:56   15

 turbulent viscosity limited to viscosity ratio of 1.000000e+05 in 1195 cells 

 Reversed flow on 616 faces of pressure-outlet 7.

  iter  continuity  x-velocity  y-velocity  z-velocity           k     epsilon  vf-phase-2     time/iter
   461  5.8110e-01  6.3668e-05  7.1441e-05  6.3039e-05  2.6076e-03  5.9965e-03  1.5707e-03  0:01:52   14

 turbulent viscosity limited to viscosity ratio of 1.000000e+05 in 1190 cells 

 Reversed flow on 605 faces of pressure-outlet 7.
   462  5.8201e-01  6.3686e-05  7.1636e-05  6.3099e-05  2.6150e-03  6.3227e-03  1.5703e-03  0:01:41   13

 turbulent viscosity limited to viscosity ratio of 1.000000e+05 in 1188 cells 

 Reversed flow on 615 faces of pressure-outlet 7.
   463  5.8358e-01  6.3734e-05  7.1843e-05  6.3182e-05  2.6214e-03  6.2788e-03  1.5701e-03  0:01:34   12

 turbulent viscosity limited to viscosity ratio of 1.000000e+05 in 1182 cells 

 Reversed flow on 599 faces of pressure-outlet 7.
   464  5.8591e-01  6.3758e-05  7.2035e-05  6.3276e-05  2.6267e-03  6.2897e-03  1.5698e-03  0:01:26   11

 turbulent viscosity limited to viscosity ratio of 1.000000e+05 in 1178 cells 

 Reversed flow on 607 faces of pressure-outlet 7.
   465  5.8768e-01  6.3785e-05  7.2193e-05  6.3378e-05  2.6320e-03  6.4040e-03  1.5695e-03  0:01:19   10

 turbulent viscosity limited to viscosity ratio of 1.000000e+05 in 1178 cells 

 Reversed flow on 612 faces of pressure-outlet 7.
   466  5.8891e-01  6.3811e-05  7.2382e-05  6.3463e-05  2.6377e-03  6.3680e-03  1.5691e-03  0:01:09    9

 turbulent viscosity limited to viscosity ratio of 1.000000e+05 in 1174 cells 

 Reversed flow on 615 faces of pressure-outlet 7.
   467  5.9102e-01  6.3825e-05  7.2569e-05  6.3555e-05  2.6428e-03  6.2648e-03  1.5685e-03  0:01:02    8

 turbulent viscosity limited to viscosity ratio of 1.000000e+05 in 1172 cells 

 Reversed flow on 618 faces of pressure-outlet 7.
   468  5.9312e-01  6.3820e-05  7.2784e-05  6.3646e-05  2.6462e-03  5.9541e-03  1.5677e-03  0:00:55    7

 turbulent viscosity limited to viscosity ratio of 1.000000e+05 in 1172 cells 

 Reversed flow on 613 faces of pressure-outlet 7.
   469  5.9503e-01  6.3793e-05  7.2979e-05  6.3733e-05  2.6530e-03  6.2527e-03  1.5670e-03  0:00:47    6

 turbulent viscosity limited to viscosity ratio of 1.000000e+05 in 1168 cells 

 Reversed flow on 610 faces of pressure-outlet 7.
   470  5.9716e-01  6.3800e-05  7.3187e-05  6.3853e-05  2.6595e-03  6.4038e-03  1.5660e-03  0:00:39    5

 turbulent viscosity limited to viscosity ratio of 1.000000e+05 in 1166 cells 

 Reversed flow on 613 faces of pressure-outlet 7.
   471  5.9884e-01  6.3772e-05  7.3371e-05  6.3983e-05  2.6646e-03  6.3036e-03  1.5648e-03  0:00:31    4

 turbulent viscosity limited to viscosity ratio of 1.000000e+05 in 1166 cells 

 Reversed flow on 609 faces of pressure-outlet 7.

  iter  continuity  x-velocity  y-velocity  z-velocity           k     epsilon  vf-phase-2     time/iter
   472  6.0143e-01  6.3758e-05  7.3556e-05  6.4095e-05  2.6726e-03  7.4310e-03  1.5637e-03  0:00:23    3

 turbulent viscosity limited to viscosity ratio of 1.000000e+05 in 1163 cells 

 Reversed flow on 613 faces of pressure-outlet 7.
   473  6.0366e-01  6.3764e-05  7.3741e-05  6.4210e-05  2.6796e-03  7.4325e-03  1.5625e-03  0:00:16    2

 turbulent viscosity limited to viscosity ratio of 1.000000e+05 in 1160 cells 

 Reversed flow on 617 faces of pressure-outlet 7.
   474  6.0646e-01  6.3751e-05  7.3937e-05  6.4344e-05  2.6864e-03  8.0053e-03  1.5611e-03  0:00:08    1

 turbulent viscosity limited to viscosity ratio of 1.000000e+05 in 1158 cells 

 Reversed flow on 618 faces of pressure-outlet 7.
   475  6.0862e-01  6.3711e-05  7.4116e-05  6.4473e-05  2.6889e-03  7.1815e-03  1.5594e-03  0:00:00    0
iterate_475: RPC returned
progress: 475/1500

  iter  continuity  x-velocity  y-velocity  z-velocity           k     epsilon  vf-phase-2     time/iter
   475  6.0862e-01  6.3711e-05  7.4116e-05  6.4473e-05  2.6889e-03  7.1815e-03  1.5594e-03  0:03:17   25

 turbulent viscosity limited to viscosity ratio of 1.000000e+05 in 1157 cells 

 Reversed flow on 612 faces of pressure-outlet 7.
   476  6.1070e-01  6.3667e-05  7.4297e-05  6.4626e-05  2.6926e-03  6.8293e-03  1.5577e-03  0:03:10   24

 turbulent viscosity limited to viscosity ratio of 1.000000e+05 in 1154 cells 

 Reversed flow on 617 faces of pressure-outlet 7.
   477  6.1306e-01  6.3668e-05  7.4469e-05  6.4784e-05  2.6948e-03  6.5215e-03  1.5561e-03  0:03:02   23

 turbulent viscosity limited to viscosity ratio of 1.000000e+05 in 1153 cells 

 Reversed flow on 618 faces of pressure-outlet 7.
   478  6.1618e-01  6.3674e-05  7.4658e-05  6.4912e-05  2.6986e-03  6.5856e-03  1.5542e-03  0:02:55   22

 turbulent viscosity limited to viscosity ratio of 1.000000e+05 in 1151 cells 

 Reversed flow on 613 faces of pressure-outlet 7.
   479  6.1798e-01  6.3683e-05  7.4850e-05  6.5053e-05  2.7019e-03  6.3954e-03  1.5521e-03  0:02:47   21

 turbulent viscosity limited to viscosity ratio of 1.000000e+05 in 1149 cells 

 Reversed flow on 615 faces of pressure-outlet 7.
   480  6.1985e-01  6.3682e-05  7.5078e-05  6.5200e-05  2.7072e-03  6.9974e-03  1.5499e-03  0:02:35   20

 turbulent viscosity limited to viscosity ratio of 1.000000e+05 in 1148 cells 

 Reversed flow on 619 faces of pressure-outlet 7.
   481  6.2169e-01  6.3682e-05  7.5289e-05  6.5357e-05  2.7116e-03  6.8520e-03  1.5477e-03  0:02:28   19

 turbulent viscosity limited to viscosity ratio of 1.000000e+05 in 1147 cells 

 Reversed flow on 618 faces of pressure-outlet 7.
   482  6.2311e-01  6.3684e-05  7.5500e-05  6.5517e-05  2.7156e-03  6.8599e-03  1.5455e-03  0:02:21   18

 turbulent viscosity limited to viscosity ratio of 1.000000e+05 in 1145 cells 

 Reversed flow on 616 faces of pressure-outlet 7.
   483  6.2507e-01  6.3701e-05  7.5706e-05  6.5676e-05  2.7183e-03  6.6901e-03  1.5432e-03  0:02:14   17

 turbulent viscosity limited to viscosity ratio of 1.000000e+05 in 1143 cells 

 Reversed flow on 616 faces of pressure-outlet 7.
   484  6.2746e-01  6.3725e-05  7.5928e-05  6.5812e-05  2.7222e-03  6.6774e-03  1.5410e-03  0:02:06   16

 turbulent viscosity limited to viscosity ratio of 1.000000e+05 in 1141 cells 

 Reversed flow on 624 faces of pressure-outlet 7.
   485  6.2975e-01  6.3747e-05  7.6153e-05  6.5935e-05  2.7255e-03  6.6502e-03  1.5389e-03  0:01:56   15

 turbulent viscosity limited to viscosity ratio of 1.000000e+05 in 1140 cells 

 Reversed flow on 622 faces of pressure-outlet 7.

  iter  continuity  x-velocity  y-velocity  z-velocity           k     epsilon  vf-phase-2     time/iter
   486  6.3092e-01  6.3759e-05  7.6370e-05  6.6069e-05  2.7300e-03  6.7189e-03  1.5367e-03  0:01:49   14

 turbulent viscosity limited to viscosity ratio of 1.000000e+05 in 1138 cells 

 Reversed flow on 629 faces of pressure-outlet 7.
   487  6.3246e-01  6.3781e-05  7.6574e-05  6.6216e-05  2.7357e-03  7.8737e-03  1.5344e-03  0:01:42   13

 turbulent viscosity limited to viscosity ratio of 1.000000e+05 in 1137 cells 

 Reversed flow on 628 faces of pressure-outlet 7.
   488  6.3421e-01  6.3811e-05  7.6788e-05  6.6345e-05  2.7385e-03  7.6822e-03  1.5321e-03  0:01:34   12

 turbulent viscosity limited to viscosity ratio of 1.000000e+05 in 1137 cells 

 Reversed flow on 632 faces of pressure-outlet 7.
   489  6.3617e-01  6.3817e-05  7.6990e-05  6.6485e-05  2.7414e-03  7.2555e-03  1.5300e-03  0:01:27   11

 turbulent viscosity limited to viscosity ratio of 1.000000e+05 in 1135 cells 

 Reversed flow on 630 faces of pressure-outlet 7.
   490  6.3869e-01  6.3811e-05  7.7199e-05  6.6649e-05  2.7443e-03  7.8465e-03  1.5279e-03  0:01:17   10

 turbulent viscosity limited to viscosity ratio of 1.000000e+05 in 1133 cells 

 Reversed flow on 630 faces of pressure-outlet 7.
   491  6.4089e-01  6.3820e-05  7.7411e-05  6.6791e-05  2.7467e-03  7.4144e-03  1.5257e-03  0:01:10    9

 turbulent viscosity limited to viscosity ratio of 1.000000e+05 in 1132 cells 

 Reversed flow on 624 faces of pressure-outlet 7.
   492  6.4256e-01  6.3859e-05  7.7660e-05  6.6931e-05  2.7489e-03  7.3224e-03  1.5234e-03  0:01:03    8

 turbulent viscosity limited to viscosity ratio of 1.000000e+05 in 1130 cells 

 Reversed flow on 644 faces of pressure-outlet 7.
   493  6.4335e-01  6.3883e-05  7.7888e-05  6.7066e-05  2.7516e-03  7.5257e-03  1.5211e-03  0:00:55    7

 turbulent viscosity limited to viscosity ratio of 1.000000e+05 in 1129 cells 

 Reversed flow on 646 faces of pressure-outlet 7.
   494  6.4477e-01  6.3899e-05  7.8068e-05  6.7192e-05  2.7529e-03  7.0178e-03  1.5187e-03  0:00:47    6

 turbulent viscosity limited to viscosity ratio of 1.000000e+05 in 1126 cells 

 Reversed flow on 642 faces of pressure-outlet 7.
   495  6.4651e-01  6.3886e-05  7.8242e-05  6.7317e-05  2.7568e-03  7.1148e-03  1.5163e-03  0:00:39    5

 turbulent viscosity limited to viscosity ratio of 1.000000e+05 in 1126 cells 

 Reversed flow on 651 faces of pressure-outlet 7.
   496  6.4870e-01  6.3884e-05  7.8432e-05  6.7442e-05  2.7608e-03  7.1799e-03  1.5138e-03  0:00:31    4

 turbulent viscosity limited to viscosity ratio of 1.000000e+05 in 1124 cells 

 Reversed flow on 645 faces of pressure-outlet 7.

  iter  continuity  x-velocity  y-velocity  z-velocity           k     epsilon  vf-phase-2     time/iter
   497  6.5072e-01  6.3891e-05  7.8598e-05  6.7585e-05  2.7643e-03  7.3120e-03  1.5112e-03  0:00:23    3

 turbulent viscosity limited to viscosity ratio of 1.000000e+05 in 1120 cells 

 Reversed flow on 637 faces of pressure-outlet 7.
   498  6.5233e-01  6.3881e-05  7.8765e-05  6.7707e-05  2.7680e-03  7.5067e-03  1.5086e-03  0:00:16    2

 turbulent viscosity limited to viscosity ratio of 1.000000e+05 in 1119 cells 

 Reversed flow on 650 faces of pressure-outlet 7.
   499  6.5402e-01  6.3881e-05  7.8948e-05  6.7805e-05  2.7681e-03  7.4228e-03  1.5059e-03  0:00:08    1

 turbulent viscosity limited to viscosity ratio of 1.000000e+05 in 1118 cells 

 Reversed flow on 645 faces of pressure-outlet 7.
   500  6.5578e-01  6.3861e-05  7.9104e-05  6.7927e-05  2.7722e-03  7.8451e-03  1.5030e-03  0:00:00    0
iterate_500: RPC returned
progress: 500/1500

  iter  continuity  x-velocity  y-velocity  z-velocity           k     epsilon  vf-phase-2     time/iter
   500  6.5578e-01  6.3861e-05  7.9104e-05  6.7927e-05  2.7722e-03  7.8451e-03  1.5030e-03  0:03:13   25

 turbulent viscosity limited to viscosity ratio of 1.000000e+05 in 1118 cells 

 Reversed flow on 661 faces of pressure-outlet 7.
   501  6.5722e-01  6.3841e-05  7.9274e-05  6.8067e-05  2.7783e-03  8.0275e-03  1.5000e-03  0:03:06   24

 turbulent viscosity limited to viscosity ratio of 1.000000e+05 in 1118 cells 

 Reversed flow on 661 faces of pressure-outlet 7.
   502  6.5839e-01  6.3815e-05  7.9414e-05  6.8211e-05  2.7786e-03  7.6412e-03  1.4969e-03  0:03:00   23

 turbulent viscosity limited to viscosity ratio of 1.000000e+05 in 1117 cells 

 Reversed flow on 664 faces of pressure-outlet 7.
   503  6.6067e-01  6.3824e-05  7.9574e-05  6.8332e-05  2.7810e-03  8.1738e-03  1.4936e-03  0:02:53   22

 turbulent viscosity limited to viscosity ratio of 1.000000e+05 in 1116 cells 

 Reversed flow on 671 faces of pressure-outlet 7.
   504  6.6209e-01  6.3810e-05  7.9695e-05  6.8415e-05  2.7881e-03  8.1480e-03  1.4903e-03  0:02:45   21

 turbulent viscosity limited to viscosity ratio of 1.000000e+05 in 1114 cells 

 Reversed flow on 671 faces of pressure-outlet 7.
   505  6.6247e-01  6.3768e-05  7.9819e-05  6.8498e-05  2.7912e-03  7.6282e-03  1.4868e-03  0:02:34   20

 turbulent viscosity limited to viscosity ratio of 1.000000e+05 in 1113 cells 

 Reversed flow on 671 faces of pressure-outlet 7.
   506  6.6308e-01  6.3749e-05  7.9926e-05  6.8570e-05  2.7954e-03  7.7227e-03  1.4833e-03  0:02:27   19

 turbulent viscosity limited to viscosity ratio of 1.000000e+05 in 1109 cells 

 Reversed flow on 675 faces of pressure-outlet 7.
   507  6.6349e-01  6.3739e-05  7.9992e-05  6.8633e-05  2.7997e-03  7.7850e-03  1.4795e-03  0:02:21   18

 turbulent viscosity limited to viscosity ratio of 1.000000e+05 in 1108 cells 

 Reversed flow on 680 faces of pressure-outlet 7.
   508  6.6415e-01  6.3740e-05  8.0051e-05  6.8702e-05  2.8073e-03  8.6592e-03  1.4757e-03  0:02:13   17

 turbulent viscosity limited to viscosity ratio of 1.000000e+05 in 1106 cells 

 Reversed flow on 687 faces of pressure-outlet 7.
   509  6.6465e-01  6.3715e-05  8.0126e-05  6.8743e-05  2.8113e-03  8.7538e-03  1.4715e-03  0:02:06   16

 turbulent viscosity limited to viscosity ratio of 1.000000e+05 in 1104 cells 

 Reversed flow on 692 faces of pressure-outlet 7.
   510  6.6626e-01  6.3694e-05  8.0201e-05  6.8787e-05  2.8185e-03  9.6167e-03  1.4673e-03  0:01:56   15

 turbulent viscosity limited to viscosity ratio of 1.000000e+05 in 1101 cells 

 Reversed flow on 684 faces of pressure-outlet 7.

  iter  continuity  x-velocity  y-velocity  z-velocity           k     epsilon  vf-phase-2     time/iter
   511  6.6696e-01  6.3687e-05  8.0269e-05  6.8818e-05  2.8226e-03  9.5374e-03  1.4631e-03  0:01:49   14

 turbulent viscosity limited to viscosity ratio of 1.000000e+05 in 1101 cells 

 Reversed flow on 701 faces of pressure-outlet 7.
   512  6.6725e-01  6.3654e-05  8.0282e-05  6.8849e-05  2.8223e-03  8.8810e-03  1.4588e-03  0:01:42   13

 turbulent viscosity limited to viscosity ratio of 1.000000e+05 in 1100 cells 

 Reversed flow on 691 faces of pressure-outlet 7.
   513  6.6705e-01  6.3641e-05  8.0290e-05  6.8845e-05  2.8236e-03  8.9088e-03  1.4543e-03  0:01:34   12

 turbulent viscosity limited to viscosity ratio of 1.000000e+05 in 1099 cells 

 Reversed flow on 692 faces of pressure-outlet 7.
   514  6.6641e-01  6.3606e-05  8.0309e-05  6.8827e-05  2.8263e-03  8.9119e-03  1.4498e-03  0:01:27   11

 turbulent viscosity limited to viscosity ratio of 1.000000e+05 in 1098 cells 

 Reversed flow on 702 faces of pressure-outlet 7.
   515  6.6553e-01  6.3576e-05  8.0354e-05  6.8801e-05  2.8263e-03  8.5607e-03  1.4450e-03  0:01:19   10

 turbulent viscosity limited to viscosity ratio of 1.000000e+05 in 1097 cells 

 Reversed flow on 700 faces of pressure-outlet 7.
   516  6.6524e-01  6.3539e-05  8.0363e-05  6.8745e-05  2.8264e-03  8.3501e-03  1.4402e-03  0:01:09    9

 turbulent viscosity limited to viscosity ratio of 1.000000e+05 in 1096 cells 

 Reversed flow on 697 faces of pressure-outlet 7.
   517  6.6537e-01  6.3497e-05  8.0381e-05  6.8694e-05  2.8274e-03  8.0776e-03  1.4354e-03  0:01:02    8

 turbulent viscosity limited to viscosity ratio of 1.000000e+05 in 1095 cells 

 Reversed flow on 706 faces of pressure-outlet 7.
   518  6.6564e-01  6.3451e-05  8.0380e-05  6.8648e-05  2.8292e-03  8.2255e-03  1.4305e-03  0:00:55    7

 turbulent viscosity limited to viscosity ratio of 1.000000e+05 in 1094 cells 

 Reversed flow on 694 faces of pressure-outlet 7.
   519  6.6499e-01  6.3433e-05  8.0369e-05  6.8590e-05  2.8324e-03  8.9679e-03  1.4256e-03  0:00:47    6

 turbulent viscosity limited to viscosity ratio of 1.000000e+05 in 1091 cells 

 Reversed flow on 695 faces of pressure-outlet 7.
   520  6.6375e-01  6.3402e-05  8.0319e-05  6.8516e-05  2.8345e-03  9.1122e-03  1.4206e-03  0:00:39    5

 turbulent viscosity limited to viscosity ratio of 1.000000e+05 in 1089 cells 

 Reversed flow on 702 faces of pressure-outlet 7.
   521  6.6398e-01  6.3380e-05  8.0290e-05  6.8444e-05  2.8418e-03  9.4134e-03  1.4156e-03  0:00:32    4

 turbulent viscosity limited to viscosity ratio of 1.000000e+05 in 1088 cells 

 Reversed flow on 693 faces of pressure-outlet 7.

  iter  continuity  x-velocity  y-velocity  z-velocity           k     epsilon  vf-phase-2     time/iter
   522  6.6370e-01  6.3357e-05  8.0259e-05  6.8380e-05  2.8424e-03  8.7241e-03  1.4107e-03  0:00:24    3

 turbulent viscosity limited to viscosity ratio of 1.000000e+05 in 1087 cells 

 Reversed flow on 694 faces of pressure-outlet 7.
   523  6.6263e-01  6.3325e-05  8.0232e-05  6.8298e-05  2.8485e-03  1.0294e-02  1.4059e-03  0:00:16    2

 turbulent viscosity limited to viscosity ratio of 1.000000e+05 in 1086 cells 

 Reversed flow on 697 faces of pressure-outlet 7.
   524  6.6117e-01  6.3297e-05  8.0173e-05  6.8199e-05  2.8494e-03  9.4563e-03  1.4011e-03  0:00:08    1

 turbulent viscosity limited to viscosity ratio of 1.000000e+05 in 1087 cells 

 Reversed flow on 696 faces of pressure-outlet 7.
   525  6.6026e-01  6.3268e-05  8.0130e-05  6.8123e-05  2.8472e-03  8.9234e-03  1.3964e-03  0:00:00    0
iterate_525: RPC returned
progress: 525/1500

  iter  continuity  x-velocity  y-velocity  z-velocity           k     epsilon  vf-phase-2     time/iter
   525  6.6026e-01  6.3268e-05  8.0130e-05  6.8123e-05  2.8472e-03  8.9234e-03  1.3964e-03  0:03:14   25

 turbulent viscosity limited to viscosity ratio of 1.000000e+05 in 1086 cells 

 Reversed flow on 708 faces of pressure-outlet 7.
   526  6.5992e-01  6.3218e-05  8.0091e-05  6.8034e-05  2.8506e-03  8.9355e-03  1.3918e-03  0:03:07   24

 turbulent viscosity limited to viscosity ratio of 1.000000e+05 in 1086 cells 

 Reversed flow on 706 faces of pressure-outlet 7.
   527  6.5885e-01  6.3179e-05  8.0046e-05  6.7920e-05  2.8514e-03  9.3112e-03  1.3873e-03  0:03:01   23

 turbulent viscosity limited to viscosity ratio of 1.000000e+05 in 1084 cells 

 Reversed flow on 698 faces of pressure-outlet 7.
   528  6.5784e-01  6.3120e-05  8.0023e-05  6.7819e-05  2.8556e-03  9.1167e-03  1.3828e-03  0:02:53   22

 turbulent viscosity limited to viscosity ratio of 1.000000e+05 in 1080 cells 

 Reversed flow on 689 faces of pressure-outlet 7.
   529  6.5718e-01  6.3066e-05  7.9962e-05  6.7699e-05  2.8598e-03  1.0474e-02  1.3784e-03  0:02:42   21

 turbulent viscosity limited to viscosity ratio of 1.000000e+05 in 1080 cells 

 Reversed flow on 693 faces of pressure-outlet 7.
   530  6.5649e-01  6.3015e-05  7.9910e-05  6.7577e-05  2.8606e-03  1.0059e-02  1.3742e-03  0:02:35   20

 turbulent viscosity limited to viscosity ratio of 1.000000e+05 in 1078 cells 

 Reversed flow on 703 faces of pressure-outlet 7.
   531  6.5498e-01  6.3011e-05  7.9842e-05  6.7442e-05  2.8579e-03  9.6061e-03  1.3701e-03  0:02:28   19

 turbulent viscosity limited to viscosity ratio of 1.000000e+05 in 1075 cells 

 Reversed flow on 700 faces of pressure-outlet 7.
   532  6.5384e-01  6.2990e-05  7.9786e-05  6.7302e-05  2.8587e-03  9.3888e-03  1.3662e-03  0:02:21   18

 turbulent viscosity limited to viscosity ratio of 1.000000e+05 in 1074 cells 

 Reversed flow on 697 faces of pressure-outlet 7.
   533  6.5299e-01  6.2987e-05  7.9702e-05  6.7144e-05  2.8582e-03  9.5413e-03  1.3624e-03  0:02:14   17

 turbulent viscosity limited to viscosity ratio of 1.000000e+05 in 1072 cells 

 Reversed flow on 690 faces of pressure-outlet 7.
   534  6.5181e-01  6.2953e-05  7.9590e-05  6.6991e-05  2.8618e-03  1.0982e-02  1.3588e-03  0:02:03   16

 turbulent viscosity limited to viscosity ratio of 1.000000e+05 in 1071 cells 

 Reversed flow on 694 faces of pressure-outlet 7.
   535  6.5011e-01  6.2895e-05  7.9490e-05  6.6851e-05  2.8642e-03  1.0784e-02  1.3554e-03  0:01:56   15

 turbulent viscosity limited to viscosity ratio of 1.000000e+05 in 1068 cells 

 Reversed flow on 691 faces of pressure-outlet 7.

  iter  continuity  x-velocity  y-velocity  z-velocity           k     epsilon  vf-phase-2     time/iter
   536  6.4854e-01  6.2826e-05  7.9395e-05  6.6682e-05  2.8684e-03  1.1150e-02  1.3521e-03  0:01:49   14

 turbulent viscosity limited to viscosity ratio of 1.000000e+05 in 1066 cells 

 Reversed flow on 684 faces of pressure-outlet 7.
   537  6.4762e-01  6.2765e-05  7.9295e-05  6.6525e-05  2.8638e-03  9.7888e-03  1.3490e-03  0:01:42   13

 turbulent viscosity limited to viscosity ratio of 1.000000e+05 in 1066 cells 

 Reversed flow on 682 faces of pressure-outlet 7.
   538  6.4646e-01  6.2734e-05  7.9190e-05  6.6363e-05  2.8645e-03  1.0537e-02  1.3460e-03  0:01:35   12

 turbulent viscosity limited to viscosity ratio of 1.000000e+05 in 1064 cells 

 Reversed flow on 680 faces of pressure-outlet 7.
   539  6.4446e-01  6.2706e-05  7.9088e-05  6.6219e-05  2.8649e-03  1.0289e-02  1.3432e-03  0:01:25   11

 turbulent viscosity limited to viscosity ratio of 1.000000e+05 in 1062 cells 

 Reversed flow on 688 faces of pressure-outlet 7.
   540  6.4346e-01  6.2661e-05  7.8979e-05  6.6048e-05  2.8660e-03  1.0563e-02  1.3405e-03  0:01:18   10

 turbulent viscosity limited to viscosity ratio of 1.000000e+05 in 1061 cells 

 Reversed flow on 683 faces of pressure-outlet 7.
   541  6.4198e-01  6.2581e-05  7.8838e-05  6.5849e-05  2.8644e-03  9.3728e-03  1.3379e-03  0:01:10    9

 turbulent viscosity limited to viscosity ratio of 1.000000e+05 in 1058 cells 

 Reversed flow on 673 faces of pressure-outlet 7.
   542  6.4158e-01  6.2508e-05  7.8703e-05  6.5627e-05  2.8624e-03  1.0015e-02  1.3355e-03  0:01:03    8

 turbulent viscosity limited to viscosity ratio of 1.000000e+05 in 1058 cells 

 Reversed flow on 671 faces of pressure-outlet 7.
   543  6.4118e-01  6.2446e-05  7.8552e-05  6.5431e-05  2.8591e-03  9.1955e-03  1.3331e-03  0:00:54    7

 turbulent viscosity limited to viscosity ratio of 1.000000e+05 in 1057 cells 

 Reversed flow on 665 faces of pressure-outlet 7.
   544  6.4041e-01  6.2404e-05  7.8424e-05  6.5244e-05  2.8627e-03  1.0131e-02  1.3307e-03  0:00:46    6

 turbulent viscosity limited to viscosity ratio of 1.000000e+05 in 1055 cells 

 Reversed flow on 671 faces of pressure-outlet 7.
   545  6.3909e-01  6.2349e-05  7.8278e-05  6.5053e-05  2.8602e-03  9.9056e-03  1.3285e-03  0:00:39    5

 turbulent viscosity limited to viscosity ratio of 1.000000e+05 in 1054 cells 

 Reversed flow on 669 faces of pressure-outlet 7.
   546  6.3780e-01  6.2275e-05  7.8141e-05  6.4863e-05  2.8658e-03  1.1519e-02  1.3263e-03  0:00:31    4

 turbulent viscosity limited to viscosity ratio of 1.000000e+05 in 1052 cells 

 Reversed flow on 671 faces of pressure-outlet 7.

  iter  continuity  x-velocity  y-velocity  z-velocity           k     epsilon  vf-phase-2     time/iter
   547  6.3667e-01  6.2198e-05  7.7984e-05  6.4633e-05  2.8669e-03  1.2072e-02  1.3242e-03  0:00:24    3

 turbulent viscosity limited to viscosity ratio of 1.000000e+05 in 1050 cells 

 Reversed flow on 661 faces of pressure-outlet 7.
   548  6.3557e-01  6.2122e-05  7.7833e-05  6.4436e-05  2.8636e-03  1.0684e-02  1.3222e-03  0:00:16    2

 turbulent viscosity limited to viscosity ratio of 1.000000e+05 in 1050 cells 

 Reversed flow on 654 faces of pressure-outlet 7.
   549  6.3438e-01  6.2044e-05  7.7697e-05  6.4247e-05  2.8622e-03  1.1367e-02  1.3203e-03  0:00:08    1

iterate_550: RPC returned
 turbulent viscosity limited to viscosity ratio of 1.000000e+05 in 1047 cells 

 Reversed flow on 658 faces of pressure-outlet 7.
   550  6.3355e-01  6.1977e-05  7.7535e-05  6.4051e-05  2.8607e-03  1.1019e-02  1.3184e-03  0:00:00    0
progress: 550/1500

  iter  continuity  x-velocity  y-velocity  z-velocity           k     epsilon  vf-phase-2     time/iter
   550  6.3355e-01  6.1977e-05  7.7535e-05  6.4051e-05  2.8607e-03  1.1019e-02  1.3184e-03  0:03:14   25

 turbulent viscosity limited to viscosity ratio of 1.000000e+05 in 1046 cells 

 Reversed flow on 643 faces of pressure-outlet 7.
   551  6.3238e-01  6.1909e-05  7.7381e-05  6.3840e-05  2.8557e-03  9.8333e-03  1.3164e-03  0:03:08   24

 turbulent viscosity limited to viscosity ratio of 1.000000e+05 in 1046 cells 

 Reversed flow on 645 faces of pressure-outlet 7.
   552  6.3027e-01  6.1856e-05  7.7217e-05  6.3646e-05  2.8595e-03  1.1394e-02  1.3145e-03  0:03:05   23

 turbulent viscosity limited to viscosity ratio of 1.000000e+05 in 1046 cells 

 Reversed flow on 656 faces of pressure-outlet 7.
   553  6.2877e-01  6.1763e-05  7.7065e-05  6.3436e-05  2.8627e-03  1.1403e-02  1.3126e-03  0:02:53   22

 turbulent viscosity limited to viscosity ratio of 1.000000e+05 in 1045 cells 

 Reversed flow on 636 faces of pressure-outlet 7.
   554  6.2733e-01  6.1687e-05  7.6913e-05  6.3223e-05  2.8598e-03  1.0095e-02  1.3106e-03  0:02:45   21

 turbulent viscosity limited to viscosity ratio of 1.000000e+05 in 1043 cells 

 Reversed flow on 629 faces of pressure-outlet 7.
   555  6.2650e-01  6.1631e-05  7.6757e-05  6.3010e-05  2.8567e-03  9.9118e-03  1.3087e-03  0:02:38   20

 turbulent viscosity limited to viscosity ratio of 1.000000e+05 in 1043 cells 

 Reversed flow on 640 faces of pressure-outlet 7.
   556  6.2558e-01  6.1565e-05  7.6613e-05  6.2801e-05  2.8563e-03  9.9758e-03  1.3067e-03  0:02:30   19

 turbulent viscosity limited to viscosity ratio of 1.000000e+05 in 1043 cells 

 Reversed flow on 643 faces of pressure-outlet 7.
   557  6.2413e-01  6.1500e-05  7.6470e-05  6.2601e-05  2.8587e-03  1.0714e-02  1.3048e-03  0:02:23   18

 turbulent viscosity limited to viscosity ratio of 1.000000e+05 in 1043 cells 

 Reversed flow on 636 faces of pressure-outlet 7.
   558  6.2309e-01  6.1425e-05  7.6318e-05  6.2428e-05  2.8571e-03  1.0746e-02  1.3028e-03  0:02:12   17

 turbulent viscosity limited to viscosity ratio of 1.000000e+05 in 1043 cells 

 Reversed flow on 629 faces of pressure-outlet 7.
   559  6.2225e-01  6.1348e-05  7.6176e-05  6.2238e-05  2.8556e-03  1.1688e-02  1.3007e-03  0:02:05   16

 turbulent viscosity limited to viscosity ratio of 1.000000e+05 in 1040 cells 

 Reversed flow on 633 faces of pressure-outlet 7.
   560  6.2130e-01  6.1286e-05  7.6036e-05  6.2067e-05  2.8510e-03  1.0206e-02  1.2987e-03  0:01:58   15

 turbulent viscosity limited to viscosity ratio of 1.000000e+05 in 1039 cells 

 Reversed flow on 632 faces of pressure-outlet 7.

  iter  continuity  x-velocity  y-velocity  z-velocity           k     epsilon  vf-phase-2     time/iter
   561  6.1954e-01  6.1213e-05  7.5912e-05  6.1905e-05  2.8501e-03  1.0730e-02  1.2966e-03  0:01:50   14

 turbulent viscosity limited to viscosity ratio of 1.000000e+05 in 1037 cells 

 Reversed flow on 628 faces of pressure-outlet 7.
   562  6.1777e-01  6.1142e-05  7.5800e-05  6.1753e-05  2.8482e-03  1.1029e-02  1.2944e-03  0:01:40   13

 turbulent viscosity limited to viscosity ratio of 1.000000e+05 in 1036 cells 

 Reversed flow on 616 faces of pressure-outlet 7.
   563  6.1683e-01  6.1073e-05  7.5680e-05  6.1584e-05  2.8424e-03  1.0261e-02  1.2922e-03  0:01:33   12

 turbulent viscosity limited to viscosity ratio of 1.000000e+05 in 1035 cells 

 Reversed flow on 609 faces of pressure-outlet 7.
   564  6.1619e-01  6.1026e-05  7.5562e-05  6.1442e-05  2.8407e-03  1.0447e-02  1.2899e-03  0:01:26   11

 turbulent viscosity limited to viscosity ratio of 1.000000e+05 in 1035 cells 

 Reversed flow on 606 faces of pressure-outlet 7.
   565  6.1521e-01  6.0980e-05  7.5433e-05  6.1294e-05  2.8314e-03  9.6035e-03  1.2877e-03  0:01:18   10

 turbulent viscosity limited to viscosity ratio of 1.000000e+05 in 1035 cells 

 Reversed flow on 612 faces of pressure-outlet 7.
   566  6.1315e-01  6.0940e-05  7.5313e-05  6.1163e-05  2.8246e-03  9.4767e-03  1.2854e-03  0:01:11    9

 turbulent viscosity limited to viscosity ratio of 1.000000e+05 in 1034 cells 

 Reversed flow on 608 faces of pressure-outlet 7.
   567  6.1170e-01  6.0879e-05  7.5170e-05  6.1030e-05  2.8215e-03  1.0023e-02  1.2832e-03  0:01:02    8

 turbulent viscosity limited to viscosity ratio of 1.000000e+05 in 1032 cells 

 Reversed flow on 606 faces of pressure-outlet 7.
   568  6.1014e-01  6.0814e-05  7.5030e-05  6.0926e-05  2.8174e-03  1.0233e-02  1.2809e-03  0:00:54    7

 turbulent viscosity limited to viscosity ratio of 1.000000e+05 in 1031 cells 

 Reversed flow on 604 faces of pressure-outlet 7.
   569  6.0889e-01  6.0761e-05  7.4867e-05  6.0830e-05  2.8126e-03  1.0936e-02  1.2787e-03  0:00:47    6

 turbulent viscosity limited to viscosity ratio of 1.000000e+05 in 1030 cells 

 Reversed flow on 599 faces of pressure-outlet 7.
   570  6.0781e-01  6.0715e-05  7.4723e-05  6.0705e-05  2.8041e-03  1.0724e-02  1.2765e-03  0:00:39    5

 turbulent viscosity limited to viscosity ratio of 1.000000e+05 in 1029 cells 

 Reversed flow on 602 faces of pressure-outlet 7.
   571  6.0632e-01  6.0648e-05  7.4557e-05  6.0603e-05  2.7969e-03  1.0980e-02  1.2743e-03  0:00:32    4

 turbulent viscosity limited to viscosity ratio of 1.000000e+05 in 1029 cells 

 Reversed flow on 609 faces of pressure-outlet 7.

  iter  continuity  x-velocity  y-velocity  z-velocity           k     epsilon  vf-phase-2     time/iter
   572  6.0512e-01  6.0600e-05  7.4422e-05  6.0495e-05  2.7886e-03  1.1029e-02  1.2721e-03  0:00:23    3

 turbulent viscosity limited to viscosity ratio of 1.000000e+05 in 1029 cells 

 Reversed flow on 596 faces of pressure-outlet 7.
   573  6.0433e-01  6.0550e-05  7.4251e-05  6.0406e-05  2.7789e-03  1.0823e-02  1.2700e-03  0:00:16    2

 turbulent viscosity limited to viscosity ratio of 1.000000e+05 in 1029 cells 

 Reversed flow on 589 faces of pressure-outlet 7.
   574  6.0355e-01  6.0519e-05  7.4078e-05  6.0305e-05  2.7742e-03  1.1367e-02  1.2679e-03  0:00:08    1

 turbulent viscosity limited to viscosity ratio of 1.000000e+05 in 1029 cells 
iterate_575: RPC returned
progress: 575/1500

 Reversed flow on 590 faces of pressure-outlet 7.
   575  6.0199e-01  6.0464e-05  7.3905e-05  6.0214e-05  2.7603e-03  1.0985e-02  1.2658e-03  0:00:00    0

  iter  continuity  x-velocity  y-velocity  z-velocity           k     epsilon  vf-phase-2     time/iter
   575  6.0199e-01  6.0464e-05  7.3905e-05  6.0214e-05  2.7603e-03  1.0985e-02  1.2658e-03  0:03:16   25

 turbulent viscosity limited to viscosity ratio of 1.000000e+05 in 1029 cells 

 Reversed flow on 592 faces of pressure-outlet 7.
   576  6.0112e-01  6.0398e-05  7.3708e-05  6.0112e-05  2.7494e-03  1.1448e-02  1.2637e-03  0:03:09   24

 turbulent viscosity limited to viscosity ratio of 1.000000e+05 in 1027 cells 

 Reversed flow on 589 faces of pressure-outlet 7.
   577  6.0065e-01  6.0332e-05  7.3493e-05  5.9999e-05  2.7387e-03  1.1459e-02  1.2617e-03  0:03:02   23

 turbulent viscosity limited to viscosity ratio of 1.000000e+05 in 1026 cells 

 Reversed flow on 583 faces of pressure-outlet 7.
   578  5.9989e-01  6.0270e-05  7.3301e-05  5.9858e-05  2.7248e-03  1.1299e-02  1.2596e-03  0:02:54   22

 turbulent viscosity limited to viscosity ratio of 1.000000e+05 in 1027 cells 

 Reversed flow on 577 faces of pressure-outlet 7.
   579  6.0033e-01  6.0216e-05  7.3063e-05  5.9754e-05  2.7089e-03  1.1441e-02  1.2575e-03  0:02:47   21

 turbulent viscosity limited to viscosity ratio of 1.000000e+05 in 1025 cells 

 Reversed flow on 570 faces of pressure-outlet 7.
   580  5.9853e-01  6.0163e-05  7.2846e-05  5.9657e-05  2.6947e-03  1.0620e-02  1.2555e-03  0:02:39   20

 turbulent viscosity limited to viscosity ratio of 1.000000e+05 in 1025 cells 

 Reversed flow on 569 faces of pressure-outlet 7.
   581  5.9702e-01  6.0091e-05  7.2627e-05  5.9545e-05  2.6800e-03  1.0707e-02  1.2535e-03  0:02:27   19

 turbulent viscosity limited to viscosity ratio of 1.000000e+05 in 1024 cells 

 Reversed flow on 560 faces of pressure-outlet 7.
   582  5.9664e-01  6.0021e-05  7.2432e-05  5.9450e-05  2.6686e-03  1.0950e-02  1.2515e-03  0:02:21   18

 turbulent viscosity limited to viscosity ratio of 1.000000e+05 in 1025 cells 

 Reversed flow on 549 faces of pressure-outlet 7.
   583  5.9590e-01  5.9962e-05  7.2217e-05  5.9360e-05  2.6527e-03  1.1381e-02  1.2497e-03  0:02:13   17

 turbulent viscosity limited to viscosity ratio of 1.000000e+05 in 1025 cells 

 Reversed flow on 548 faces of pressure-outlet 7.
   584  5.9462e-01  5.9895e-05  7.2024e-05  5.9237e-05  2.6408e-03  1.2024e-02  1.2478e-03  0:02:06   16

 turbulent viscosity limited to viscosity ratio of 1.000000e+05 in 1024 cells 

 Reversed flow on 548 faces of pressure-outlet 7.
   585  5.9380e-01  5.9833e-05  7.1815e-05  5.9115e-05  2.6219e-03  1.1262e-02  1.2460e-03  0:01:59   15

 turbulent viscosity limited to viscosity ratio of 1.000000e+05 in 1024 cells 

 Reversed flow on 540 faces of pressure-outlet 7.

  iter  continuity  x-velocity  y-velocity  z-velocity           k     epsilon  vf-phase-2     time/iter
   586  5.9216e-01  5.9797e-05  7.1602e-05  5.9002e-05  2.6082e-03  1.1082e-02  1.2442e-03  0:01:48   14

 turbulent viscosity limited to viscosity ratio of 1.000000e+05 in 1024 cells 

 Reversed flow on 535 faces of pressure-outlet 7.
   587  5.9063e-01  5.9755e-05  7.1435e-05  5.8877e-05  2.5946e-03  1.1874e-02  1.2424e-03  0:01:41   13

 turbulent viscosity limited to viscosity ratio of 1.000000e+05 in 1024 cells 

 Reversed flow on 540 faces of pressure-outlet 7.
   588  5.8961e-01  5.9712e-05  7.1274e-05  5.8777e-05  2.5785e-03  1.1531e-02  1.2406e-03  0:01:34   12

 turbulent viscosity limited to viscosity ratio of 1.000000e+05 in 1023 cells 

 Reversed flow on 544 faces of pressure-outlet 7.
   589  5.8912e-01  5.9674e-05  7.1082e-05  5.8657e-05  2.5650e-03  1.1149e-02  1.2389e-03  0:01:26   11

 turbulent viscosity limited to viscosity ratio of 1.000000e+05 in 1022 cells 

 Reversed flow on 546 faces of pressure-outlet 7.
   590  5.8869e-01  5.9647e-05  7.0897e-05  5.8594e-05  2.5549e-03  1.0926e-02  1.2372e-03  0:01:17   10

 turbulent viscosity limited to viscosity ratio of 1.000000e+05 in 1021 cells 

 Reversed flow on 542 faces of pressure-outlet 7.
   591  5.8775e-01  5.9626e-05  7.0727e-05  5.8526e-05  2.5394e-03  9.8508e-03  1.2355e-03  0:01:10    9

 turbulent viscosity limited to viscosity ratio of 1.000000e+05 in 1021 cells 

 Reversed flow on 534 faces of pressure-outlet 7.
   592  5.8651e-01  5.9609e-05  7.0573e-05  5.8454e-05  2.5350e-03  1.1067e-02  1.2338e-03  0:01:02    8

 turbulent viscosity limited to viscosity ratio of 1.000000e+05 in 1021 cells 

 Reversed flow on 535 faces of pressure-outlet 7.
   593  5.8613e-01  5.9601e-05  7.0434e-05  5.8384e-05  2.5244e-03  9.6854e-03  1.2321e-03  0:00:55    7

 turbulent viscosity limited to viscosity ratio of 1.000000e+05 in 1021 cells 

 Reversed flow on 525 faces of pressure-outlet 7.
   594  5.8548e-01  5.9590e-05  7.0302e-05  5.8309e-05  2.5183e-03  9.8211e-03  1.2305e-03  0:00:47    6

 turbulent viscosity limited to viscosity ratio of 1.000000e+05 in 1021 cells 

 Reversed flow on 531 faces of pressure-outlet 7.
   595  5.8483e-01  5.9582e-05  7.0188e-05  5.8256e-05  2.5156e-03  1.0252e-02  1.2288e-03  0:00:38    5

 turbulent viscosity limited to viscosity ratio of 1.000000e+05 in 1021 cells 

 Reversed flow on 517 faces of pressure-outlet 7.
   596  5.8470e-01  5.9564e-05  7.0078e-05  5.8201e-05  2.5141e-03  1.0674e-02  1.2272e-03  0:00:31    4

 turbulent viscosity limited to viscosity ratio of 1.000000e+05 in 1021 cells 

 Reversed flow on 512 faces of pressure-outlet 7.

  iter  continuity  x-velocity  y-velocity  z-velocity           k     epsilon  vf-phase-2     time/iter
   597  5.8469e-01  5.9548e-05  6.9981e-05  5.8133e-05  2.5088e-03  9.9709e-03  1.2255e-03  0:00:23    3

 turbulent viscosity limited to viscosity ratio of 1.000000e+05 in 1019 cells 

 Reversed flow on 516 faces of pressure-outlet 7.
   598  5.8425e-01  5.9533e-05  6.9910e-05  5.8064e-05  2.5051e-03  9.7486e-03  1.2238e-03  0:00:16    2

 turbulent viscosity limited to viscosity ratio of 1.000000e+05 in 1018 cells 

 Reversed flow on 507 faces of pressure-outlet 7.
   599  5.8342e-01  5.9508e-05  6.9846e-05  5.7993e-05  2.5059e-03  1.0334e-02  1.2220e-03  0:00:08    1

 turbulent viscosity limited to viscosity ratio of 1.000000e+05 in 1018 cells 

 Reversed flow on 508 faces of pressure-outlet 7.
   600  5.8203e-01  5.9482e-05  6.9796e-05  5.7925e-05  2.5030e-03  9.2826e-03  1.2202e-03  0:00:00    0
iterate_600: RPC returned
progress: 600/1500

  iter  continuity  x-velocity  y-velocity  z-velocity           k     epsilon  vf-phase-2     time/iter
   600  5.8203e-01  5.9482e-05  6.9796e-05  5.7925e-05  2.5030e-03  9.2826e-03  1.2202e-03  0:03:13   25

 turbulent viscosity limited to viscosity ratio of 1.000000e+05 in 1016 cells 

 Reversed flow on 497 faces of pressure-outlet 7.
   601  5.8120e-01  5.9456e-05  6.9765e-05  5.7828e-05  2.5021e-03  1.0881e-02  1.2182e-03  0:03:06   24

 turbulent viscosity limited to viscosity ratio of 1.000000e+05 in 1016 cells 

 Reversed flow on 495 faces of pressure-outlet 7.
   602  5.8027e-01  5.9441e-05  6.9738e-05  5.7734e-05  2.4983e-03  1.0376e-02  1.2162e-03  0:03:00   23

 turbulent viscosity limited to viscosity ratio of 1.000000e+05 in 1013 cells 

 Reversed flow on 503 faces of pressure-outlet 7.
   603  5.7939e-01  5.9430e-05  6.9720e-05  5.7651e-05  2.5020e-03  1.1562e-02  1.2140e-03  0:02:53   22

 turbulent viscosity limited to viscosity ratio of 1.000000e+05 in 1012 cells 

 Reversed flow on 493 faces of pressure-outlet 7.
   604  5.7872e-01  5.9392e-05  6.9730e-05  5.7566e-05  2.5019e-03  1.0625e-02  1.2117e-03  0:02:45   21

 turbulent viscosity limited to viscosity ratio of 1.000000e+05 in 1010 cells 

 Reversed flow on 470 faces of pressure-outlet 7.
   605  5.7816e-01  5.9381e-05  6.9713e-05  5.7444e-05  2.5025e-03  1.1145e-02  1.2093e-03  0:02:38   20

 turbulent viscosity limited to viscosity ratio of 1.000000e+05 in 1010 cells 

 Reversed flow on 475 faces of pressure-outlet 7.
   606  5.7818e-01  5.9362e-05  6.9702e-05  5.7344e-05  2.4992e-03  1.0048e-02  1.2068e-03  0:02:27   19

 turbulent viscosity limited to viscosity ratio of 1.000000e+05 in 1008 cells 

 Reversed flow on 485 faces of pressure-outlet 7.
   607  5.7780e-01  5.9336e-05  6.9683e-05  5.7254e-05  2.4945e-03  9.2623e-03  1.2042e-03  0:02:20   18

 turbulent viscosity limited to viscosity ratio of 1.000000e+05 in 1008 cells 

 Reversed flow on 476 faces of pressure-outlet 7.
   608  5.7719e-01  5.9304e-05  6.9670e-05  5.7147e-05  2.4951e-03  9.7870e-03  1.2014e-03  0:02:13   17

 turbulent viscosity limited to viscosity ratio of 1.000000e+05 in 1006 cells 

 Reversed flow on 473 faces of pressure-outlet 7.
   609  5.7622e-01  5.9285e-05  6.9684e-05  5.7038e-05  2.4956e-03  1.0625e-02  1.1986e-03  0:02:06   16

 turbulent viscosity limited to viscosity ratio of 1.000000e+05 in 1005 cells 

 Reversed flow on 480 faces of pressure-outlet 7.
   610  5.7543e-01  5.9255e-05  6.9685e-05  5.6928e-05  2.4941e-03  9.9381e-03  1.1956e-03  0:01:55   15

 turbulent viscosity limited to viscosity ratio of 1.000000e+05 in 1004 cells 

 Reversed flow on 466 faces of pressure-outlet 7.

  iter  continuity  x-velocity  y-velocity  z-velocity           k     epsilon  vf-phase-2     time/iter
   611  5.7530e-01  5.9226e-05  6.9680e-05  5.6813e-05  2.4922e-03  9.6784e-03  1.1925e-03  0:01:48   14

 turbulent viscosity limited to viscosity ratio of 1.000000e+05 in 1004 cells 

 Reversed flow on 455 faces of pressure-outlet 7.
   612  5.7479e-01  5.9208e-05  6.9685e-05  5.6692e-05  2.4917e-03  9.4717e-03  1.1893e-03  0:01:41   13

 turbulent viscosity limited to viscosity ratio of 1.000000e+05 in 1003 cells 

 Reversed flow on 451 faces of pressure-outlet 7.
   613  5.7402e-01  5.9188e-05  6.9668e-05  5.6551e-05  2.4876e-03  9.7820e-03  1.1861e-03  0:01:34   12

 turbulent viscosity limited to viscosity ratio of 1.000000e+05 in 1003 cells 

 Reversed flow on 449 faces of pressure-outlet 7.
   614  5.7290e-01  5.9185e-05  6.9648e-05  5.6401e-05  2.4909e-03  1.1084e-02  1.1827e-03  0:01:27   11

 turbulent viscosity limited to viscosity ratio of 1.000000e+05 in 1003 cells 

 Reversed flow on 449 faces of pressure-outlet 7.
   615  5.7180e-01  5.9166e-05  6.9622e-05  5.6256e-05  2.4853e-03  8.8862e-03  1.1793e-03  0:01:17   10

 turbulent viscosity limited to viscosity ratio of 1.000000e+05 in 1003 cells 

 Reversed flow on 436 faces of pressure-outlet 7.
   616  5.6977e-01  5.9135e-05  6.9600e-05  5.6098e-05  2.4846e-03  1.0670e-02  1.1758e-03  0:01:10    9

 turbulent viscosity limited to viscosity ratio of 1.000000e+05 in 1003 cells 

 Reversed flow on 428 faces of pressure-outlet 7.
   617  5.6848e-01  5.9121e-05  6.9565e-05  5.5950e-05  2.4850e-03  1.0258e-02  1.1723e-03  0:01:02    8

 turbulent viscosity limited to viscosity ratio of 1.000000e+05 in 1003 cells 

 Reversed flow on 424 faces of pressure-outlet 7.
   618  5.6668e-01  5.9102e-05  6.9515e-05  5.5803e-05  2.4805e-03  9.9170e-03  1.1688e-03  0:00:55    7

 turbulent viscosity limited to viscosity ratio of 1.000000e+05 in 1003 cells 

 Reversed flow on 427 faces of pressure-outlet 7.
   619  5.6571e-01  5.9046e-05  6.9474e-05  5.5647e-05  2.4790e-03  1.0619e-02  1.1652e-03  0:00:47    6

 turbulent viscosity limited to viscosity ratio of 1.000000e+05 in 1002 cells 

 Reversed flow on 434 faces of pressure-outlet 7.
   620  5.6468e-01  5.9027e-05  6.9440e-05  5.5513e-05  2.4741e-03  9.1445e-03  1.1616e-03  0:00:39    5

 turbulent viscosity limited to viscosity ratio of 1.000000e+05 in 1002 cells 

 Reversed flow on 424 faces of pressure-outlet 7.
   621  5.6371e-01  5.8993e-05  6.9424e-05  5.5402e-05  2.4711e-03  9.7062e-03  1.1581e-03  0:00:31    4

 turbulent viscosity limited to viscosity ratio of 1.000000e+05 in 1000 cells 

 Reversed flow on 422 faces of pressure-outlet 7.

  iter  continuity  x-velocity  y-velocity  z-velocity           k     epsilon  vf-phase-2     time/iter
   622  5.6237e-01  5.8964e-05  6.9384e-05  5.5258e-05  2.4674e-03  9.1529e-03  1.1546e-03  0:00:23    3

 turbulent viscosity limited to viscosity ratio of 1.000000e+05 in 998 cells 

 Reversed flow on 413 faces of pressure-outlet 7.
   623  5.6123e-01  5.8919e-05  6.9369e-05  5.5096e-05  2.4655e-03  9.6325e-03  1.1511e-03  0:00:16    2

 turbulent viscosity limited to viscosity ratio of 1.000000e+05 in 996 cells 

 Reversed flow on 409 faces of pressure-outlet 7.
   624  5.6037e-01  5.8893e-05  6.9348e-05  5.4936e-05  2.4613e-03  8.8605e-03  1.1477e-03  0:00:08    1

 turbulent viscosity limited to viscosity ratio of 1.000000e+05 in 996 cells 

 Reversed flow on 407 faces of pressure-outlet 7.
   625  5.5979e-01  5.8860e-05  6.9303e-05  5.4807e-05  2.4643e-03  1.0001e-02  1.1444e-03  0:00:00    0
iterate_625: RPC returned
progress: 625/1500

  iter  continuity  x-velocity  y-velocity  z-velocity           k     epsilon  vf-phase-2     time/iter
   625  5.5979e-01  5.8860e-05  6.9303e-05  5.4807e-05  2.4643e-03  1.0001e-02  1.1444e-03  0:03:13   25

 turbulent viscosity limited to viscosity ratio of 1.000000e+05 in 995 cells 

 Reversed flow on 404 faces of pressure-outlet 7.
   626  5.5844e-01  5.8811e-05  6.9259e-05  5.4672e-05  2.4604e-03  9.6675e-03  1.1412e-03  0:03:06   24

 turbulent viscosity limited to viscosity ratio of 1.000000e+05 in 995 cells 

 Reversed flow on 410 faces of pressure-outlet 7.
   627  5.5685e-01  5.8765e-05  6.9215e-05  5.4542e-05  2.4615e-03  1.0588e-02  1.1382e-03  0:03:00   23

 turbulent viscosity limited to viscosity ratio of 1.000000e+05 in 995 cells 

 Reversed flow on 414 faces of pressure-outlet 7.
   628  5.5604e-01  5.8733e-05  6.9164e-05  5.4420e-05  2.4603e-03  9.4897e-03  1.1353e-03  0:02:53   22

 turbulent viscosity limited to viscosity ratio of 1.000000e+05 in 992 cells 

 Reversed flow on 394 faces of pressure-outlet 7.
   629  5.5526e-01  5.8688e-05  6.9111e-05  5.4283e-05  2.4601e-03  9.6890e-03  1.1325e-03  0:02:41   21

 turbulent viscosity limited to viscosity ratio of 1.000000e+05 in 991 cells 

 Reversed flow on 397 faces of pressure-outlet 7.
   630  5.5468e-01  5.8626e-05  6.9048e-05  5.4176e-05  2.4613e-03  1.0534e-02  1.1299e-03  0:02:35   20

 turbulent viscosity limited to viscosity ratio of 1.000000e+05 in 991 cells 

 Reversed flow on 406 faces of pressure-outlet 7.
   631  5.5355e-01  5.8574e-05  6.8987e-05  5.4081e-05  2.4594e-03  1.0013e-02  1.1275e-03  0:02:28   19

 turbulent viscosity limited to viscosity ratio of 1.000000e+05 in 991 cells 

 Reversed flow on 397 faces of pressure-outlet 7.
   632  5.5335e-01  5.8509e-05  6.8922e-05  5.3991e-05  2.4564e-03  9.6551e-03  1.1252e-03  0:02:21   18

 turbulent viscosity limited to viscosity ratio of 1.000000e+05 in 989 cells 

 Reversed flow on 396 faces of pressure-outlet 7.
   633  5.5257e-01  5.8470e-05  6.8845e-05  5.3906e-05  2.4554e-03  9.5615e-03  1.1230e-03  0:02:14   17

 turbulent viscosity limited to viscosity ratio of 1.000000e+05 in 987 cells 

 Reversed flow on 399 faces of pressure-outlet 7.
   634  5.5190e-01  5.8397e-05  6.8787e-05  5.3842e-05  2.4563e-03  1.0537e-02  1.1210e-03  0:02:06   16

 turbulent viscosity limited to viscosity ratio of 1.000000e+05 in 986 cells 

 Reversed flow on 401 faces of pressure-outlet 7.
   635  5.5124e-01  5.8317e-05  6.8713e-05  5.3765e-05  2.4541e-03  1.0357e-02  1.1191e-03  0:01:56   15

 turbulent viscosity limited to viscosity ratio of 1.000000e+05 in 983 cells 

 Reversed flow on 404 faces of pressure-outlet 7.

  iter  continuity  x-velocity  y-velocity  z-velocity           k     epsilon  vf-phase-2     time/iter
   636  5.5006e-01  5.8241e-05  6.8638e-05  5.3698e-05  2.4507e-03  1.0272e-02  1.1174e-03  0:01:49   14

 turbulent viscosity limited to viscosity ratio of 1.000000e+05 in 985 cells 

 Reversed flow on 414 faces of pressure-outlet 7.
   637  5.4923e-01  5.8133e-05  6.8554e-05  5.3647e-05  2.4510e-03  1.1450e-02  1.1158e-03  0:01:42   13

 turbulent viscosity limited to viscosity ratio of 1.000000e+05 in 985 cells 

 Reversed flow on 414 faces of pressure-outlet 7.
   638  5.4836e-01  5.8038e-05  6.8467e-05  5.3598e-05  2.4449e-03  9.9282e-03  1.1143e-03  0:01:34   12

 turbulent viscosity limited to viscosity ratio of 1.000000e+05 in 984 cells 

 Reversed flow on 404 faces of pressure-outlet 7.
   639  5.4776e-01  5.7923e-05  6.8364e-05  5.3548e-05  2.4382e-03  9.9020e-03  1.1130e-03  0:01:27   11

 turbulent viscosity limited to viscosity ratio of 1.000000e+05 in 983 cells 

 Reversed flow on 397 faces of pressure-outlet 7.
   640  5.4690e-01  5.7814e-05  6.8281e-05  5.3521e-05  2.4334e-03  1.0093e-02  1.1118e-03  0:01:17   10

 turbulent viscosity limited to viscosity ratio of 1.000000e+05 in 984 cells 

 Reversed flow on 410 faces of pressure-outlet 7.
   641  5.4632e-01  5.7698e-05  6.8192e-05  5.3484e-05  2.4336e-03  1.1460e-02  1.1107e-03  0:01:10    9

 turbulent viscosity limited to viscosity ratio of 1.000000e+05 in 984 cells 

 Reversed flow on 416 faces of pressure-outlet 7.
   642  5.4584e-01  5.7566e-05  6.8108e-05  5.3477e-05  2.4239e-03  1.0524e-02  1.1098e-03  0:01:02    8

 turbulent viscosity limited to viscosity ratio of 1.000000e+05 in 986 cells 

 Reversed flow on 408 faces of pressure-outlet 7.
   643  5.4536e-01  5.7442e-05  6.7978e-05  5.3453e-05  2.4191e-03  1.0335e-02  1.1089e-03  0:00:55    7

 turbulent viscosity limited to viscosity ratio of 1.000000e+05 in 987 cells 

 Reversed flow on 386 faces of pressure-outlet 7.
   644  5.4445e-01  5.7319e-05  6.7873e-05  5.3418e-05  2.4128e-03  9.8454e-03  1.1080e-03  0:00:47    6

 turbulent viscosity limited to viscosity ratio of 1.000000e+05 in 986 cells 

 Reversed flow on 387 faces of pressure-outlet 7.
   645  5.4367e-01  5.7212e-05  6.7753e-05  5.3383e-05  2.4087e-03  1.0029e-02  1.1072e-03  0:00:40    5

 turbulent viscosity limited to viscosity ratio of 1.000000e+05 in 985 cells 

 Reversed flow on 389 faces of pressure-outlet 7.
   646  5.4281e-01  5.7101e-05  6.7635e-05  5.3356e-05  2.4004e-03  9.1994e-03  1.1065e-03  0:00:32    4

 turbulent viscosity limited to viscosity ratio of 1.000000e+05 in 982 cells 

 Reversed flow on 389 faces of pressure-outlet 7.

  iter  continuity  x-velocity  y-velocity  z-velocity           k     epsilon  vf-phase-2     time/iter
   647  5.4128e-01  5.6997e-05  6.7520e-05  5.3323e-05  2.3975e-03  9.7317e-03  1.1059e-03  0:00:23    3

 turbulent viscosity limited to viscosity ratio of 1.000000e+05 in 982 cells 

 Reversed flow on 399 faces of pressure-outlet 7.
   648  5.3984e-01  5.6889e-05  6.7410e-05  5.3299e-05  2.3924e-03  1.0052e-02  1.1053e-03  0:00:16    2

 turbulent viscosity limited to viscosity ratio of 1.000000e+05 in 980 cells 

 Reversed flow on 402 faces of pressure-outlet 7.
   649  5.3890e-01  5.6771e-05  6.7304e-05  5.3270e-05  2.3835e-03  9.9522e-03  1.1048e-03  0:00:08    1

 turbulent viscosity limited to viscosity ratio of 1.000000e+05 in 980 cells 

 Reversed flow on 402 faces of pressure-outlet 7.
   650  5.3807e-01  5.6656e-05  6.7198e-05  5.3232e-05  2.3774e-03  1.0394e-02  1.1042e-03  0:00:00    0
iterate_650: RPC returned
progress: 650/1500

  iter  continuity  x-velocity  y-velocity  z-velocity           k     epsilon  vf-phase-2     time/iter
   650  5.3807e-01  5.6656e-05  6.7198e-05  5.3232e-05  2.3774e-03  1.0394e-02  1.1042e-03  0:03:17   25

 turbulent viscosity limited to viscosity ratio of 1.000000e+05 in 981 cells 

 Reversed flow on 398 faces of pressure-outlet 7.
   651  5.3749e-01  5.6549e-05  6.7082e-05  5.3183e-05  2.3693e-03  9.7523e-03  1.1037e-03  0:03:09   24

 turbulent viscosity limited to viscosity ratio of 1.000000e+05 in 981 cells 

 Reversed flow on 400 faces of pressure-outlet 7.
   652  5.3649e-01  5.6451e-05  6.6954e-05  5.3127e-05  2.3621e-03  9.3442e-03  1.1032e-03  0:03:02   23

 turbulent viscosity limited to viscosity ratio of 1.000000e+05 in 980 cells 

 Reversed flow on 405 faces of pressure-outlet 7.
   653  5.3593e-01  5.6360e-05  6.6844e-05  5.3070e-05  2.3542e-03  9.1192e-03  1.1028e-03  0:02:54   22

 turbulent viscosity limited to viscosity ratio of 1.000000e+05 in 980 cells 

 Reversed flow on 407 faces of pressure-outlet 7.
   654  5.3522e-01  5.6244e-05  6.6735e-05  5.3024e-05  2.3472e-03  9.3922e-03  1.1024e-03  0:02:47   21

 turbulent viscosity limited to viscosity ratio of 1.000000e+05 in 979 cells 

 Reversed flow on 395 faces of pressure-outlet 7.
   655  5.3358e-01  5.6143e-05  6.6630e-05  5.2972e-05  2.3391e-03  9.1606e-03  1.1020e-03  0:02:39   20

 turbulent viscosity limited to viscosity ratio of 1.000000e+05 in 978 cells 

 Reversed flow on 400 faces of pressure-outlet 7.
   656  5.3235e-01  5.6052e-05  6.6497e-05  5.2916e-05  2.3323e-03  8.9595e-03  1.1016e-03  0:02:31   19

 turbulent viscosity limited to viscosity ratio of 1.000000e+05 in 978 cells 

 Reversed flow on 400 faces of pressure-outlet 7.
   657  5.3160e-01  5.5958e-05  6.6385e-05  5.2835e-05  2.3252e-03  8.8546e-03  1.1012e-03  0:02:23   18

 turbulent viscosity limited to viscosity ratio of 1.000000e+05 in 977 cells 

 Reversed flow on 406 faces of pressure-outlet 7.
   658  5.3032e-01  5.5862e-05  6.6284e-05  5.2749e-05  2.3191e-03  9.0175e-03  1.1008e-03  0:02:16   17

 turbulent viscosity limited to viscosity ratio of 1.000000e+05 in 976 cells 

 Reversed flow on 401 faces of pressure-outlet 7.
   659  5.2936e-01  5.5775e-05  6.6164e-05  5.2648e-05  2.3131e-03  8.8041e-03  1.1003e-03  0:02:08   16

 turbulent viscosity limited to viscosity ratio of 1.000000e+05 in 976 cells 

 Reversed flow on 407 faces of pressure-outlet 7.
   660  5.2813e-01  5.5703e-05  6.6050e-05  5.2550e-05  2.3082e-03  8.8242e-03  1.0998e-03  0:02:00   15

 turbulent viscosity limited to viscosity ratio of 1.000000e+05 in 975 cells 

 Reversed flow on 395 faces of pressure-outlet 7.

  iter  continuity  x-velocity  y-velocity  z-velocity           k     epsilon  vf-phase-2     time/iter
   661  5.2757e-01  5.5622e-05  6.5920e-05  5.2439e-05  2.3034e-03  9.2557e-03  1.0993e-03  0:01:52   14

 turbulent viscosity limited to viscosity ratio of 1.000000e+05 in 974 cells 

 Reversed flow on 406 faces of pressure-outlet 7.
   662  5.2655e-01  5.5563e-05  6.5807e-05  5.2334e-05  2.2956e-03  8.7818e-03  1.0987e-03  0:01:44   13

 turbulent viscosity limited to viscosity ratio of 1.000000e+05 in 973 cells 

 Reversed flow on 406 faces of pressure-outlet 7.
   663  5.2521e-01  5.5503e-05  6.5679e-05  5.2199e-05  2.2933e-03  9.7481e-03  1.0982e-03  0:01:36   12

 turbulent viscosity limited to viscosity ratio of 1.000000e+05 in 972 cells 

 Reversed flow on 426 faces of pressure-outlet 7.
   664  5.2452e-01  5.5449e-05  6.5570e-05  5.2093e-05  2.2920e-03  1.0399e-02  1.0976e-03  0:01:28   11

 turbulent viscosity limited to viscosity ratio of 1.000000e+05 in 971 cells 

 Reversed flow on 428 faces of pressure-outlet 7.
   665  5.2373e-01  5.5398e-05  6.5418e-05  5.1984e-05  2.2893e-03  1.0707e-02  1.0971e-03  0:01:18   10

 turbulent viscosity limited to viscosity ratio of 1.000000e+05 in 969 cells 

 Reversed flow on 430 faces of pressure-outlet 7.
   666  5.2254e-01  5.5349e-05  6.5281e-05  5.1841e-05  2.2785e-03  9.5277e-03  1.0965e-03  0:01:11    9

 turbulent viscosity limited to viscosity ratio of 1.000000e+05 in 968 cells 

 Reversed flow on 426 faces of pressure-outlet 7.
   667  5.2092e-01  5.5284e-05  6.5115e-05  5.1690e-05  2.2733e-03  9.3905e-03  1.0959e-03  0:01:03    8

 turbulent viscosity limited to viscosity ratio of 1.000000e+05 in 966 cells 

 Reversed flow on 413 faces of pressure-outlet 7.
   668  5.1972e-01  5.5235e-05  6.4957e-05  5.1563e-05  2.2706e-03  9.5172e-03  1.0954e-03  0:00:55    7

 turbulent viscosity limited to viscosity ratio of 1.000000e+05 in 966 cells 

 Reversed flow on 429 faces of pressure-outlet 7.
   669  5.1854e-01  5.5161e-05  6.4812e-05  5.1430e-05  2.2654e-03  9.8041e-03  1.0949e-03  0:00:47    6

 turbulent viscosity limited to viscosity ratio of 1.000000e+05 in 965 cells 

 Reversed flow on 446 faces of pressure-outlet 7.
   670  5.1742e-01  5.5097e-05  6.4672e-05  5.1286e-05  2.2590e-03  9.0432e-03  1.0943e-03  0:00:40    5

 turbulent viscosity limited to viscosity ratio of 1.000000e+05 in 965 cells 

 Reversed flow on 444 faces of pressure-outlet 7.
   671  5.1618e-01  5.5020e-05  6.4514e-05  5.1130e-05  2.2528e-03  8.7207e-03  1.0937e-03  0:00:31    4

 turbulent viscosity limited to viscosity ratio of 1.000000e+05 in 964 cells 

 Reversed flow on 444 faces of pressure-outlet 7.

  iter  continuity  x-velocity  y-velocity  z-velocity           k     epsilon  vf-phase-2     time/iter
   672  5.1457e-01  5.4935e-05  6.4354e-05  5.0961e-05  2.2488e-03  8.5016e-03  1.0932e-03  0:00:23    3

 turbulent viscosity limited to viscosity ratio of 1.000000e+05 in 963 cells 

 Reversed flow on 438 faces of pressure-outlet 7.
   673  5.1303e-01  5.4881e-05  6.4179e-05  5.0791e-05  2.2429e-03  8.3048e-03  1.0926e-03  0:00:16    2

 turbulent viscosity limited to viscosity ratio of 1.000000e+05 in 963 cells 

 Reversed flow on 437 faces of pressure-outlet 7.
   674  5.1180e-01  5.4822e-05  6.4028e-05  5.0607e-05  2.2390e-03  8.0348e-03  1.0919e-03  0:00:08    1

iterate_675: RPC returned
progress: 675/1500
 turbulent viscosity limited to viscosity ratio of 1.000000e+05 in 958 cells 

 Reversed flow on 436 faces of pressure-outlet 7.
   675  5.1092e-01  5.4748e-05  6.3872e-05  5.0439e-05  2.2371e-03  7.8816e-03  1.0912e-03  0:00:00    0

  iter  continuity  x-velocity  y-velocity  z-velocity           k     epsilon  vf-phase-2     time/iter
   675  5.1092e-01  5.4748e-05  6.3872e-05  5.0439e-05  2.2371e-03  7.8816e-03  1.0912e-03  0:03:17   25

 turbulent viscosity limited to viscosity ratio of 1.000000e+05 in 958 cells 

 Reversed flow on 426 faces of pressure-outlet 7.
   676  5.1054e-01  5.4682e-05  6.3728e-05  5.0290e-05  2.2345e-03  8.2127e-03  1.0906e-03  0:03:10   24

 turbulent viscosity limited to viscosity ratio of 1.000000e+05 in 958 cells 

 Reversed flow on 428 faces of pressure-outlet 7.
   677  5.0985e-01  5.4618e-05  6.3577e-05  5.0117e-05  2.2311e-03  7.8224e-03  1.0900e-03  0:03:02   23

 turbulent viscosity limited to viscosity ratio of 1.000000e+05 in 958 cells 

 Reversed flow on 426 faces of pressure-outlet 7.
   678  5.0906e-01  5.4538e-05  6.3442e-05  4.9959e-05  2.2322e-03  9.5523e-03  1.0894e-03  0:02:55   22

 turbulent viscosity limited to viscosity ratio of 1.000000e+05 in 958 cells 

 Reversed flow on 444 faces of pressure-outlet 7.
   679  5.0818e-01  5.4437e-05  6.3311e-05  4.9805e-05  2.2283e-03  8.7522e-03  1.0888e-03  0:02:47   21

 turbulent viscosity limited to viscosity ratio of 1.000000e+05 in 958 cells 

 Reversed flow on 442 faces of pressure-outlet 7.
   680  5.0715e-01  5.4353e-05  6.3158e-05  4.9651e-05  2.2272e-03  8.6998e-03  1.0882e-03  0:02:35   20

 turbulent viscosity limited to viscosity ratio of 1.000000e+05 in 958 cells 

 Reversed flow on 447 faces of pressure-outlet 7.
   681  5.0610e-01  5.4275e-05  6.3006e-05  4.9499e-05  2.2236e-03  8.2741e-03  1.0877e-03  0:02:28   19

 turbulent viscosity limited to viscosity ratio of 1.000000e+05 in 957 cells 

 Reversed flow on 449 faces of pressure-outlet 7.
   682  5.0520e-01  5.4158e-05  6.2870e-05  4.9338e-05  2.2220e-03  8.9878e-03  1.0873e-03  0:02:21   18

 turbulent viscosity limited to viscosity ratio of 1.000000e+05 in 956 cells 

 Reversed flow on 450 faces of pressure-outlet 7.
   683  5.0438e-01  5.4055e-05  6.2744e-05  4.9161e-05  2.2209e-03  8.4999e-03  1.0868e-03  0:02:14   17

 turbulent viscosity limited to viscosity ratio of 1.000000e+05 in 955 cells 

 Reversed flow on 457 faces of pressure-outlet 7.
   684  5.0392e-01  5.3948e-05  6.2610e-05  4.9016e-05  2.2174e-03  8.3112e-03  1.0863e-03  0:02:06   16

 turbulent viscosity limited to viscosity ratio of 1.000000e+05 in 954 cells 

 Reversed flow on 459 faces of pressure-outlet 7.
   685  5.0272e-01  5.3831e-05  6.2464e-05  4.8878e-05  2.2157e-03  8.2507e-03  1.0861e-03  0:01:56   15

 turbulent viscosity limited to viscosity ratio of 1.000000e+05 in 954 cells 

 Reversed flow on 458 faces of pressure-outlet 7.

  iter  continuity  x-velocity  y-velocity  z-velocity           k     epsilon  vf-phase-2     time/iter
   686  5.0157e-01  5.3696e-05  6.2325e-05  4.8722e-05  2.2109e-03  7.9241e-03  1.0859e-03  0:01:49   14

 turbulent viscosity limited to viscosity ratio of 1.000000e+05 in 954 cells 

 Reversed flow on 457 faces of pressure-outlet 7.
   687  5.0060e-01  5.3577e-05  6.2188e-05  4.8573e-05  2.2108e-03  9.5246e-03  1.0858e-03  0:01:42   13

 turbulent viscosity limited to viscosity ratio of 1.000000e+05 in 954 cells 

 Reversed flow on 469 faces of pressure-outlet 7.
   688  4.9965e-01  5.3437e-05  6.2066e-05  4.8434e-05  2.2079e-03  8.5461e-03  1.0860e-03  0:01:34   12

 turbulent viscosity limited to viscosity ratio of 1.000000e+05 in 954 cells 

 Reversed flow on 473 faces of pressure-outlet 7.
   689  4.9862e-01  5.3301e-05  6.1935e-05  4.8280e-05  2.2028e-03  8.2127e-03  1.0863e-03  0:01:27   11

 turbulent viscosity limited to viscosity ratio of 1.000000e+05 in 953 cells 

 Reversed flow on 464 faces of pressure-outlet 7.
   690  4.9789e-01  5.3159e-05  6.1804e-05  4.8131e-05  2.1993e-03  8.3801e-03  1.0868e-03  0:01:17   10

 turbulent viscosity limited to viscosity ratio of 1.000000e+05 in 953 cells 

 Reversed flow on 466 faces of pressure-outlet 7.
   691  4.9677e-01  5.3014e-05  6.1689e-05  4.7986e-05  2.1954e-03  8.6151e-03  1.0876e-03  0:01:10    9

 turbulent viscosity limited to viscosity ratio of 1.000000e+05 in 953 cells 

 Reversed flow on 476 faces of pressure-outlet 7.
   692  4.9591e-01  5.2874e-05  6.1557e-05  4.7821e-05  2.1904e-03  8.2969e-03  1.0887e-03  0:01:03    8

 turbulent viscosity limited to viscosity ratio of 1.000000e+05 in 950 cells 

 Reversed flow on 482 faces of pressure-outlet 7.
   693  4.9508e-01  5.2727e-05  6.1444e-05  4.7671e-05  2.1841e-03  7.9585e-03  1.0899e-03  0:00:55    7

 turbulent viscosity limited to viscosity ratio of 1.000000e+05 in 950 cells 

 Reversed flow on 479 faces of pressure-outlet 7.
   694  4.9433e-01  5.2576e-05  6.1338e-05  4.7518e-05  2.1778e-03  8.6135e-03  1.0914e-03  0:00:47    6

 turbulent viscosity limited to viscosity ratio of 1.000000e+05 in 950 cells 

 Reversed flow on 489 faces of pressure-outlet 7.
   695  4.9347e-01  5.2420e-05  6.1219e-05  4.7371e-05  2.1707e-03  8.4899e-03  1.0931e-03  0:00:40    5

 turbulent viscosity limited to viscosity ratio of 1.000000e+05 in 949 cells 

 Reversed flow on 499 faces of pressure-outlet 7.
   696  4.9232e-01  5.2253e-05  6.1096e-05  4.7203e-05  2.1603e-03  7.9851e-03  1.0949e-03  0:00:31    4

 turbulent viscosity limited to viscosity ratio of 1.000000e+05 in 949 cells 

 Reversed flow on 487 faces of pressure-outlet 7.

  iter  continuity  x-velocity  y-velocity  z-velocity           k     epsilon  vf-phase-2     time/iter
   697  4.9149e-01  5.2082e-05  6.0974e-05  4.7040e-05  2.1521e-03  7.9085e-03  1.0970e-03  0:00:23    3

 turbulent viscosity limited to viscosity ratio of 1.000000e+05 in 948 cells 

 Reversed flow on 484 faces of pressure-outlet 7.
   698  4.9056e-01  5.1925e-05  6.0839e-05  4.6879e-05  2.1422e-03  7.7378e-03  1.0991e-03  0:00:16    2

 turbulent viscosity limited to viscosity ratio of 1.000000e+05 in 948 cells 

 Reversed flow on 477 faces of pressure-outlet 7.
   699  4.8973e-01  5.1765e-05  6.0717e-05  4.6705e-05  2.1300e-03  7.3936e-03  1.1016e-03  0:00:08    1

 turbulent viscosity limited to viscosity ratio of 1.000000e+05 in 948 cells 

 Reversed flow on 483 faces of pressure-outlet 7.
   700  4.8908e-01  5.1599e-05  6.0591e-05  4.6527e-05  2.1215e-03  7.8983e-03  1.1042e-03  0:00:00    0
iterate_700: RPC returned
progress: 700/1500

  iter  continuity  x-velocity  y-velocity  z-velocity           k     epsilon  vf-phase-2     time/iter
   700  4.8908e-01  5.1599e-05  6.0591e-05  4.6527e-05  2.1215e-03  7.8983e-03  1.1042e-03  0:03:17   25

 turbulent viscosity limited to viscosity ratio of 1.000000e+05 in 948 cells 

 Reversed flow on 493 faces of pressure-outlet 7.
   701  4.8810e-01  5.1441e-05  6.0452e-05  4.6369e-05  2.1107e-03  8.0087e-03  1.1069e-03  0:03:10   24

 turbulent viscosity limited to viscosity ratio of 1.000000e+05 in 947 cells 

 Reversed flow on 499 faces of pressure-outlet 7.
   702  4.8708e-01  5.1279e-05  6.0285e-05  4.6201e-05  2.1003e-03  7.7004e-03  1.1098e-03  0:03:02   23

 turbulent viscosity limited to viscosity ratio of 1.000000e+05 in 945 cells 

 Reversed flow on 485 faces of pressure-outlet 7.
   703  4.8588e-01  5.1117e-05  6.0116e-05  4.6019e-05  2.0887e-03  7.9949e-03  1.1129e-03  0:02:55   22

 turbulent viscosity limited to viscosity ratio of 1.000000e+05 in 945 cells 

 Reversed flow on 489 faces of pressure-outlet 7.
   704  4.8457e-01  5.0937e-05  5.9938e-05  4.5855e-05  2.0786e-03  7.7132e-03  1.1161e-03  0:02:47   21

 turbulent viscosity limited to viscosity ratio of 1.000000e+05 in 945 cells 

 Reversed flow on 495 faces of pressure-outlet 7.
   705  4.8330e-01  5.0760e-05  5.9752e-05  4.5708e-05  2.0660e-03  7.6106e-03  1.1196e-03  0:02:35   20

 turbulent viscosity limited to viscosity ratio of 1.000000e+05 in 944 cells 

 Reversed flow on 497 faces of pressure-outlet 7.
   706  4.8221e-01  5.0578e-05  5.9555e-05  4.5558e-05  2.0578e-03  9.8206e-03  1.1232e-03  0:02:28   19

 turbulent viscosity limited to viscosity ratio of 1.000000e+05 in 943 cells 

 Reversed flow on 495 faces of pressure-outlet 7.
   707  4.8099e-01  5.0390e-05  5.9350e-05  4.5402e-05  2.0450e-03  9.1869e-03  1.1268e-03  0:02:21   18

 turbulent viscosity limited to viscosity ratio of 1.000000e+05 in 941 cells 

 Reversed flow on 496 faces of pressure-outlet 7.
   708  4.7973e-01  5.0197e-05  5.9139e-05  4.5262e-05  2.0351e-03  8.9879e-03  1.1305e-03  0:02:14   17

 turbulent viscosity limited to viscosity ratio of 1.000000e+05 in 941 cells 

 Reversed flow on 500 faces of pressure-outlet 7.
   709  4.7857e-01  5.0017e-05  5.8929e-05  4.5121e-05  2.0189e-03  8.4348e-03  1.1344e-03  0:02:06   16

 turbulent viscosity limited to viscosity ratio of 1.000000e+05 in 940 cells 

 Reversed flow on 501 faces of pressure-outlet 7.
   710  4.7717e-01  4.9813e-05  5.8713e-05  4.4988e-05  2.0070e-03  7.9635e-03  1.1384e-03  0:01:56   15

 turbulent viscosity limited to viscosity ratio of 1.000000e+05 in 939 cells 

 Reversed flow on 491 faces of pressure-outlet 7.

  iter  continuity  x-velocity  y-velocity  z-velocity           k     epsilon  vf-phase-2     time/iter
   711  4.7626e-01  4.9606e-05  5.8490e-05  4.4848e-05  1.9937e-03  7.6741e-03  1.1424e-03  0:01:49   14

 turbulent viscosity limited to viscosity ratio of 1.000000e+05 in 939 cells 

 Reversed flow on 496 faces of pressure-outlet 7.
   712  4.7519e-01  4.9404e-05  5.8252e-05  4.4719e-05  1.9808e-03  7.3406e-03  1.1463e-03  0:01:42   13

 turbulent viscosity limited to viscosity ratio of 1.000000e+05 in 938 cells 

 Reversed flow on 491 faces of pressure-outlet 7.
   713  4.7414e-01  4.9188e-05  5.8006e-05  4.4587e-05  1.9683e-03  7.2971e-03  1.1503e-03  0:01:34   12

 turbulent viscosity limited to viscosity ratio of 1.000000e+05 in 938 cells 

 Reversed flow on 505 faces of pressure-outlet 7.
   714  4.7254e-01  4.8986e-05  5.7758e-05  4.4471e-05  1.9581e-03  7.3597e-03  1.1543e-03  0:01:27   11

 turbulent viscosity limited to viscosity ratio of 1.000000e+05 in 938 cells 

 Reversed flow on 490 faces of pressure-outlet 7.
   715  4.7098e-01  4.8772e-05  5.7496e-05  4.4362e-05  1.9464e-03  7.0904e-03  1.1583e-03  0:01:19   10

 turbulent viscosity limited to viscosity ratio of 1.000000e+05 in 938 cells 

 Reversed flow on 502 faces of pressure-outlet 7.
   716  4.6976e-01  4.8582e-05  5.7253e-05  4.4254e-05  1.9374e-03  7.6534e-03  1.1623e-03  0:01:10    9

 turbulent viscosity limited to viscosity ratio of 1.000000e+05 in 939 cells 

 Reversed flow on 492 faces of pressure-outlet 7.
   717  4.6916e-01  4.8378e-05  5.6995e-05  4.4145e-05  1.9289e-03  7.8467e-03  1.1662e-03  0:01:02    8

 turbulent viscosity limited to viscosity ratio of 1.000000e+05 in 939 cells 

 Reversed flow on 497 faces of pressure-outlet 7.
   718  4.6807e-01  4.8163e-05  5.6731e-05  4.4036e-05  1.9209e-03  7.8580e-03  1.1701e-03  0:00:55    7

 turbulent viscosity limited to viscosity ratio of 1.000000e+05 in 938 cells 

 Reversed flow on 506 faces of pressure-outlet 7.
   719  4.6702e-01  4.7963e-05  5.6463e-05  4.3930e-05  1.9110e-03  7.4253e-03  1.1740e-03  0:00:47    6

 turbulent viscosity limited to viscosity ratio of 1.000000e+05 in 939 cells 

 Reversed flow on 504 faces of pressure-outlet 7.
   720  4.6556e-01  4.7761e-05  5.6207e-05  4.3840e-05  1.9024e-03  7.2047e-03  1.1778e-03  0:00:39    5

 turbulent viscosity limited to viscosity ratio of 1.000000e+05 in 939 cells 

 Reversed flow on 496 faces of pressure-outlet 7.
   721  4.6411e-01  4.7546e-05  5.5960e-05  4.3758e-05  1.8980e-03  8.9361e-03  1.1816e-03  0:00:31    4

 turbulent viscosity limited to viscosity ratio of 1.000000e+05 in 937 cells 

 Reversed flow on 510 faces of pressure-outlet 7.

  iter  continuity  x-velocity  y-velocity  z-velocity           k     epsilon  vf-phase-2     time/iter
   722  4.6277e-01  4.7360e-05  5.5724e-05  4.3688e-05  1.8890e-03  7.5573e-03  1.1854e-03  0:00:23    3

 turbulent viscosity limited to viscosity ratio of 1.000000e+05 in 937 cells 

 Reversed flow on 506 faces of pressure-outlet 7.
   723  4.6116e-01  4.7158e-05  5.5470e-05  4.3587e-05  1.8798e-03  7.2280e-03  1.1891e-03  0:00:16    2

 turbulent viscosity limited to viscosity ratio of 1.000000e+05 in 935 cells 

 Reversed flow on 511 faces of pressure-outlet 7.
   724  4.5966e-01  4.6966e-05  5.5223e-05  4.3505e-05  1.8723e-03  7.4058e-03  1.1927e-03  0:00:08    1

 turbulent viscosity limited to viscosity ratio of 1.000000e+05 in 935 cells 

 Reversed flow on 510 faces of pressure-outlet 7.
   725  4.5838e-01  4.6769e-05  5.4980e-05  4.3430e-05  1.8650e-03  6.7400e-03  1.1963e-03  0:00:00    0
iterate_725: RPC returned
progress: 725/1500

  iter  continuity  x-velocity  y-velocity  z-velocity           k     epsilon  vf-phase-2     time/iter
   725  4.5838e-01  4.6769e-05  5.4980e-05  4.3430e-05  1.8650e-03  6.7400e-03  1.1963e-03  0:03:17   25

 turbulent viscosity limited to viscosity ratio of 1.000000e+05 in 935 cells 

 Reversed flow on 509 faces of pressure-outlet 7.
   726  4.5736e-01  4.6570e-05  5.4735e-05  4.3363e-05  1.8581e-03  6.5812e-03  1.1998e-03  0:03:10   24

 turbulent viscosity limited to viscosity ratio of 1.000000e+05 in 933 cells 

 Reversed flow on 505 faces of pressure-outlet 7.
   727  4.5659e-01  4.6371e-05  5.4505e-05  4.3290e-05  1.8525e-03  6.8006e-03  1.2032e-03  0:03:02   23

 turbulent viscosity limited to viscosity ratio of 1.000000e+05 in 933 cells 

 Reversed flow on 505 faces of pressure-outlet 7.
   728  4.5574e-01  4.6189e-05  5.4269e-05  4.3220e-05  1.8466e-03  6.9519e-03  1.2066e-03  0:02:55   22

 turbulent viscosity limited to viscosity ratio of 1.000000e+05 in 931 cells 

 Reversed flow on 508 faces of pressure-outlet 7.
   729  4.5470e-01  4.6014e-05  5.4060e-05  4.3164e-05  1.8394e-03  6.7919e-03  1.2099e-03  0:02:47   21

 turbulent viscosity limited to viscosity ratio of 1.000000e+05 in 929 cells 

 Reversed flow on 492 faces of pressure-outlet 7.
   730  4.5395e-01  4.5847e-05  5.3865e-05  4.3104e-05  1.8347e-03  7.0427e-03  1.2130e-03  0:02:39   20

 turbulent viscosity limited to viscosity ratio of 1.000000e+05 in 929 cells 

 Reversed flow on 495 faces of pressure-outlet 7.
   731  4.5273e-01  4.5667e-05  5.3675e-05  4.3044e-05  1.8304e-03  7.5945e-03  1.2162e-03  0:02:28   19

 turbulent viscosity limited to viscosity ratio of 1.000000e+05 in 929 cells 

 Reversed flow on 506 faces of pressure-outlet 7.
   732  4.5194e-01  4.5507e-05  5.3488e-05  4.2984e-05  1.8238e-03  6.9810e-03  1.2193e-03  0:02:24   18

 turbulent viscosity limited to viscosity ratio of 1.000000e+05 in 929 cells 

 Reversed flow on 509 faces of pressure-outlet 7.
   733  4.5049e-01  4.5334e-05  5.3293e-05  4.2906e-05  1.8168e-03  6.5572e-03  1.2224e-03  0:02:13   17

 turbulent viscosity limited to viscosity ratio of 1.000000e+05 in 929 cells 

 Reversed flow on 499 faces of pressure-outlet 7.
   734  4.4931e-01  4.5161e-05  5.3123e-05  4.2839e-05  1.8093e-03  6.0421e-03  1.2254e-03  0:02:06   16

 turbulent viscosity limited to viscosity ratio of 1.000000e+05 in 928 cells 

 Reversed flow on 492 faces of pressure-outlet 7.
   735  4.4855e-01  4.4998e-05  5.2961e-05  4.2778e-05  1.8067e-03  7.8873e-03  1.2284e-03  0:01:58   15

 turbulent viscosity limited to viscosity ratio of 1.000000e+05 in 927 cells 

 Reversed flow on 495 faces of pressure-outlet 7.

  iter  continuity  x-velocity  y-velocity  z-velocity           k     epsilon  vf-phase-2     time/iter
   736  4.4797e-01  4.4836e-05  5.2801e-05  4.2728e-05  1.8053e-03  7.3278e-03  1.2314e-03  0:01:51   14

 turbulent viscosity limited to viscosity ratio of 1.000000e+05 in 926 cells 

 Reversed flow on 504 faces of pressure-outlet 7.
   737  4.4716e-01  4.4671e-05  5.2635e-05  4.2670e-05  1.8008e-03  7.6144e-03  1.2340e-03  0:01:40   13

 turbulent viscosity limited to viscosity ratio of 1.000000e+05 in 926 cells 

 Reversed flow on 507 faces of pressure-outlet 7.
   738  4.4649e-01  4.4521e-05  5.2486e-05  4.2609e-05  1.7954e-03  6.9790e-03  1.2366e-03  0:01:33   12

 turbulent viscosity limited to viscosity ratio of 1.000000e+05 in 925 cells 

 Reversed flow on 493 faces of pressure-outlet 7.
   739  4.4513e-01  4.4368e-05  5.2339e-05  4.2545e-05  1.7924e-03  7.1779e-03  1.2391e-03  0:01:26   11

 turbulent viscosity limited to viscosity ratio of 1.000000e+05 in 923 cells 

 Reversed flow on 505 faces of pressure-outlet 7.
   740  4.4386e-01  4.4215e-05  5.2190e-05  4.2469e-05  1.7886e-03  7.1654e-03  1.2413e-03  0:01:19   10

 turbulent viscosity limited to viscosity ratio of 1.000000e+05 in 923 cells 

 Reversed flow on 515 faces of pressure-outlet 7.
   741  4.4301e-01  4.4070e-05  5.2050e-05  4.2405e-05  1.7859e-03  6.8630e-03  1.2436e-03  0:01:11    9

 turbulent viscosity limited to viscosity ratio of 1.000000e+05 in 923 cells 

 Reversed flow on 504 faces of pressure-outlet 7.
   742  4.4198e-01  4.3930e-05  5.1922e-05  4.2331e-05  1.7837e-03  6.7156e-03  1.2456e-03  0:01:02    8

 turbulent viscosity limited to viscosity ratio of 1.000000e+05 in 921 cells 

 Reversed flow on 496 faces of pressure-outlet 7.
   743  4.4111e-01  4.3796e-05  5.1795e-05  4.2261e-05  1.7820e-03  7.3099e-03  1.2474e-03  0:00:54    7

 turbulent viscosity limited to viscosity ratio of 1.000000e+05 in 921 cells 

 Reversed flow on 507 faces of pressure-outlet 7.
   744  4.4039e-01  4.3650e-05  5.1683e-05  4.2191e-05  1.7778e-03  6.9295e-03  1.2492e-03  0:00:47    6

 turbulent viscosity limited to viscosity ratio of 1.000000e+05 in 920 cells 

 Reversed flow on 506 faces of pressure-outlet 7.
   745  4.3926e-01  4.3524e-05  5.1563e-05  4.2110e-05  1.7737e-03  6.2991e-03  1.2510e-03  0:00:39    5

 turbulent viscosity limited to viscosity ratio of 1.000000e+05 in 920 cells 

 Reversed flow on 498 faces of pressure-outlet 7.
   746  4.3827e-01  4.3382e-05  5.1448e-05  4.2038e-05  1.7737e-03  8.5748e-03  1.2524e-03  0:00:32    4

 turbulent viscosity limited to viscosity ratio of 1.000000e+05 in 919 cells 

 Reversed flow on 503 faces of pressure-outlet 7.

  iter  continuity  x-velocity  y-velocity  z-velocity           k     epsilon  vf-phase-2     time/iter
   747  4.3704e-01  4.3245e-05  5.1331e-05  4.1957e-05  1.7742e-03  7.7244e-03  1.2536e-03  0:00:24    3

 turbulent viscosity limited to viscosity ratio of 1.000000e+05 in 918 cells 

 Reversed flow on 498 faces of pressure-outlet 7.
   748  4.3619e-01  4.3118e-05  5.1205e-05  4.1872e-05  1.7667e-03  6.2109e-03  1.2548e-03  0:00:15    2

 turbulent viscosity limited to viscosity ratio of 1.000000e+05 in 917 cells 

 Reversed flow on 504 faces of pressure-outlet 7.
   749  4.3511e-01  4.2976e-05  5.1073e-05  4.1801e-05  1.7655e-03  6.3869e-03  1.2560e-03  0:00:08    1

iterate_750: RPC returned
progress: 750/1500

=== autosave_750 ===
 turbulent viscosity limited to viscosity ratio of 1.000000e+05 in 917 cells 

 Reversed flow on 510 faces of pressure-outlet 7.
   750  4.3445e-01  4.2852e-05  5.0946e-05  4.1719e-05  1.7644e-03  6.5798e-03  1.2571e-03  0:00:00    0

Writing to EN439159:"C:\Users\qtra338\Documents\enthalpy_sweep_verified_20260721_v2\case_6_1760_autosave_iter750.cas.h5" in NODE0 mode and compression level 1 ...
Grouping cells for Laplace smoothing ...
     5578299 cells,     1 zone  ...
    11355491 faces,     5 zones ...
     1026091 nodes,     1 zone  ...
  Done.
Done.
write_case_autosave_750: OK

Writing to EN439159:"C:\Users\qtra338\Documents\enthalpy_sweep_verified_20260721_v2\case_6_1760_autosave_iter750.dat.h5" in NODE0 mode and compression level 1 ...
  Writing results.
Done.
write_data_autosave_750: OK
saved_pair_autosave_750: VERIFIED

  iter  continuity  x-velocity  y-velocity  z-velocity           k     epsilon  vf-phase-2     time/iter
   750  4.3445e-01  4.2852e-05  5.0946e-05  4.1719e-05  1.7644e-03  6.5798e-03  1.2571e-03  0:03:16   25

 turbulent viscosity limited to viscosity ratio of 1.000000e+05 in 916 cells 

 Reversed flow on 506 faces of pressure-outlet 7.
   751  4.3387e-01  4.2734e-05  5.0824e-05  4.1659e-05  1.7635e-03  6.5858e-03  1.2582e-03  0:03:09   24

 turbulent viscosity limited to viscosity ratio of 1.000000e+05 in 915 cells 

 Reversed flow on 506 faces of pressure-outlet 7.
   752  4.3302e-01  4.2620e-05  5.0703e-05  4.1564e-05  1.7623e-03  6.7020e-03  1.2592e-03  0:03:01   23

 turbulent viscosity limited to viscosity ratio of 1.000000e+05 in 915 cells 

 Reversed flow on 516 faces of pressure-outlet 7.
   753  4.3191e-01  4.2499e-05  5.0574e-05  4.1451e-05  1.7607e-03  7.0559e-03  1.2600e-03  0:02:54   22

 turbulent viscosity limited to viscosity ratio of 1.000000e+05 in 914 cells 

 Reversed flow on 517 faces of pressure-outlet 7.
   754  4.3066e-01  4.2373e-05  5.0440e-05  4.1323e-05  1.7592e-03  6.6462e-03  1.2609e-03  0:02:46   21

 turbulent viscosity limited to viscosity ratio of 1.000000e+05 in 912 cells 

 Reversed flow on 517 faces of pressure-outlet 7.
   755  4.2937e-01  4.2237e-05  5.0300e-05  4.1197e-05  1.7588e-03  7.3943e-03  1.2618e-03  0:02:35   20

 turbulent viscosity limited to viscosity ratio of 1.000000e+05 in 911 cells 

 Reversed flow on 507 faces of pressure-outlet 7.
   756  4.2857e-01  4.2108e-05  5.0151e-05  4.1096e-05  1.7563e-03  7.1420e-03  1.2626e-03  0:02:28   19

 turbulent viscosity limited to viscosity ratio of 1.000000e+05 in 911 cells 

 Reversed flow on 517 faces of pressure-outlet 7.
   757  4.2767e-01  4.1986e-05  5.0001e-05  4.0966e-05  1.7550e-03  6.9060e-03  1.2633e-03  0:02:21   18

 turbulent viscosity limited to viscosity ratio of 1.000000e+05 in 910 cells 

 Reversed flow on 519 faces of pressure-outlet 7.
   758  4.2634e-01  4.1863e-05  4.9832e-05  4.0836e-05  1.7537e-03  7.5238e-03  1.2641e-03  0:02:14   17

 turbulent viscosity limited to viscosity ratio of 1.000000e+05 in 910 cells 

 Reversed flow on 507 faces of pressure-outlet 7.
   759  4.2504e-01  4.1729e-05  4.9675e-05  4.0688e-05  1.7493e-03  7.1684e-03  1.2647e-03  0:02:06   16

 turbulent viscosity limited to viscosity ratio of 1.000000e+05 in 910 cells 

 Reversed flow on 500 faces of pressure-outlet 7.
   760  4.2374e-01  4.1591e-05  4.9514e-05  4.0540e-05  1.7485e-03  7.2898e-03  1.2654e-03  0:01:56   15

 turbulent viscosity limited to viscosity ratio of 1.000000e+05 in 910 cells 

 Reversed flow on 514 faces of pressure-outlet 7.

  iter  continuity  x-velocity  y-velocity  z-velocity           k     epsilon  vf-phase-2     time/iter
   761  4.2269e-01  4.1459e-05  4.9344e-05  4.0395e-05  1.7457e-03  7.1112e-03  1.2660e-03  0:01:49   14

 turbulent viscosity limited to viscosity ratio of 1.000000e+05 in 909 cells 

 Reversed flow on 520 faces of pressure-outlet 7.
   762  4.2139e-01  4.1315e-05  4.9173e-05  4.0254e-05  1.7428e-03  7.0160e-03  1.2665e-03  0:01:42   13

 turbulent viscosity limited to viscosity ratio of 1.000000e+05 in 910 cells 

 Reversed flow on 525 faces of pressure-outlet 7.
   763  4.2023e-01  4.1181e-05  4.9003e-05  4.0086e-05  1.7377e-03  6.5967e-03  1.2669e-03  0:01:34   12

 turbulent viscosity limited to viscosity ratio of 1.000000e+05 in 910 cells 

 Reversed flow on 512 faces of pressure-outlet 7.
   764  4.1909e-01  4.1043e-05  4.8827e-05  3.9921e-05  1.7354e-03  7.1141e-03  1.2673e-03  0:01:27   11

 turbulent viscosity limited to viscosity ratio of 1.000000e+05 in 908 cells 

 Reversed flow on 514 faces of pressure-outlet 7.
   765  4.1771e-01  4.0916e-05  4.8651e-05  3.9766e-05  1.7341e-03  7.5516e-03  1.2675e-03  0:01:19   10

 turbulent viscosity limited to viscosity ratio of 1.000000e+05 in 908 cells 

 Reversed flow on 518 faces of pressure-outlet 7.
   766  4.1629e-01  4.0786e-05  4.8460e-05  3.9617e-05  1.7295e-03  7.3273e-03  1.2677e-03  0:01:10    9

 turbulent viscosity limited to viscosity ratio of 1.000000e+05 in 908 cells 

 Reversed flow on 515 faces of pressure-outlet 7.
   767  4.1489e-01  4.0639e-05  4.8274e-05  3.9456e-05  1.7268e-03  7.8284e-03  1.2677e-03  0:01:02    8

 turbulent viscosity limited to viscosity ratio of 1.000000e+05 in 908 cells 

 Reversed flow on 507 faces of pressure-outlet 7.
   768  4.1350e-01  4.0499e-05  4.8090e-05  3.9300e-05  1.7238e-03  7.7911e-03  1.2677e-03  0:00:55    7

 turbulent viscosity limited to viscosity ratio of 1.000000e+05 in 908 cells 

 Reversed flow on 517 faces of pressure-outlet 7.
   769  4.1173e-01  4.0362e-05  4.7899e-05  3.9147e-05  1.7202e-03  7.7298e-03  1.2675e-03  0:00:47    6

 turbulent viscosity limited to viscosity ratio of 1.000000e+05 in 906 cells 

 Reversed flow on 531 faces of pressure-outlet 7.
   770  4.1009e-01  4.0209e-05  4.7695e-05  3.8980e-05  1.7170e-03  8.0013e-03  1.2672e-03  0:00:39    5

 turbulent viscosity limited to viscosity ratio of 1.000000e+05 in 906 cells 

 Reversed flow on 531 faces of pressure-outlet 7.
   771  4.0843e-01  4.0051e-05  4.7507e-05  3.8820e-05  1.7176e-03  1.1563e-02  1.2668e-03  0:00:32    4

 turbulent viscosity limited to viscosity ratio of 1.000000e+05 in 907 cells 

 Reversed flow on 524 faces of pressure-outlet 7.

  iter  continuity  x-velocity  y-velocity  z-velocity           k     epsilon  vf-phase-2     time/iter
   772  4.0678e-01  3.9909e-05  4.7323e-05  3.8659e-05  1.7124e-03  1.0645e-02  1.2661e-03  0:00:23    3

 turbulent viscosity limited to viscosity ratio of 1.000000e+05 in 907 cells 

 Reversed flow on 514 faces of pressure-outlet 7.
   773  4.0513e-01  3.9777e-05  4.7130e-05  3.8521e-05  1.7131e-03  1.1615e-02  1.2655e-03  0:00:16    2

 turbulent viscosity limited to viscosity ratio of 1.000000e+05 in 907 cells 

 Reversed flow on 526 faces of pressure-outlet 7.
   774  4.0384e-01  3.9641e-05  4.6939e-05  3.8387e-05  1.7153e-03  1.0998e-02  1.2648e-03  0:00:08    1

 turbulent viscosity limited to viscosity ratio of 1.000000e+05 in 907 cells 

 Reversed flow on 534 faces of pressure-outlet 7.
   775  4.0257e-01  3.9496e-05  4.6746e-05  3.8252e-05  1.7058e-03  9.4364e-03  1.2640e-03  0:00:00    0
iterate_775: RPC returned
progress: 775/1500

  iter  continuity  x-velocity  y-velocity  z-velocity           k     epsilon  vf-phase-2     time/iter
   775  4.0257e-01  3.9496e-05  4.6746e-05  3.8252e-05  1.7058e-03  9.4364e-03  1.2640e-03  0:03:17   25

 turbulent viscosity limited to viscosity ratio of 1.000000e+05 in 907 cells 

 Reversed flow on 531 faces of pressure-outlet 7.
   776  4.0102e-01  3.9335e-05  4.6552e-05  3.8109e-05  1.6979e-03  7.9877e-03  1.2631e-03  0:03:14   24

 turbulent viscosity limited to viscosity ratio of 1.000000e+05 in 907 cells 

 Reversed flow on 530 faces of pressure-outlet 7.
   777  3.9977e-01  3.9184e-05  4.6344e-05  3.7983e-05  1.6940e-03  8.0180e-03  1.2621e-03  0:03:01   23

 turbulent viscosity limited to viscosity ratio of 1.000000e+05 in 906 cells 

 Reversed flow on 518 faces of pressure-outlet 7.
   778  3.9815e-01  3.9032e-05  4.6149e-05  3.7860e-05  1.6883e-03  7.1873e-03  1.2612e-03  0:02:54   22

 turbulent viscosity limited to viscosity ratio of 1.000000e+05 in 906 cells 

 Reversed flow on 520 faces of pressure-outlet 7.
   779  3.9717e-01  3.8880e-05  4.5952e-05  3.7723e-05  1.6904e-03  1.0442e-02  1.2602e-03  0:02:46   21

 turbulent viscosity limited to viscosity ratio of 1.000000e+05 in 905 cells 

 Reversed flow on 528 faces of pressure-outlet 7.
   780  3.9589e-01  3.8744e-05  4.5756e-05  3.7610e-05  1.6881e-03  9.4038e-03  1.2592e-03  0:02:39   20

 turbulent viscosity limited to viscosity ratio of 1.000000e+05 in 904 cells 

 Reversed flow on 542 faces of pressure-outlet 7.
   781  3.9449e-01  3.8602e-05  4.5555e-05  3.7489e-05  1.6795e-03  8.2292e-03  1.2579e-03  0:02:31   19

 turbulent viscosity limited to viscosity ratio of 1.000000e+05 in 904 cells 

 Reversed flow on 538 faces of pressure-outlet 7.
   782  3.9288e-01  3.8450e-05  4.5344e-05  3.7358e-05  1.6763e-03  9.0607e-03  1.2568e-03  0:02:20   18

 turbulent viscosity limited to viscosity ratio of 1.000000e+05 in 904 cells 

 Reversed flow on 538 faces of pressure-outlet 7.
   783  3.9098e-01  3.8300e-05  4.5137e-05  3.7241e-05  1.6681e-03  7.5922e-03  1.2556e-03  0:02:13   17

 turbulent viscosity limited to viscosity ratio of 1.000000e+05 in 902 cells 

 Reversed flow on 542 faces of pressure-outlet 7.
   784  3.8894e-01  3.8146e-05  4.4928e-05  3.7135e-05  1.6644e-03  7.9183e-03  1.2544e-03  0:02:06   16

 turbulent viscosity limited to viscosity ratio of 1.000000e+05 in 901 cells 

 Reversed flow on 542 faces of pressure-outlet 7.
   785  3.8709e-01  3.8004e-05  4.4711e-05  3.7019e-05  1.6579e-03  7.6035e-03  1.2531e-03  0:01:58   15

 turbulent viscosity limited to viscosity ratio of 1.000000e+05 in 901 cells 

 Reversed flow on 527 faces of pressure-outlet 7.

  iter  continuity  x-velocity  y-velocity  z-velocity           k     epsilon  vf-phase-2     time/iter
   786  3.8557e-01  3.7868e-05  4.4478e-05  3.6919e-05  1.6523e-03  7.6643e-03  1.2519e-03  0:01:51   14

 turbulent viscosity limited to viscosity ratio of 1.000000e+05 in 901 cells 

 Reversed flow on 545 faces of pressure-outlet 7.
   787  3.8377e-01  3.7734e-05  4.4254e-05  3.6822e-05  1.6439e-03  7.2179e-03  1.2507e-03  0:01:43   13

 turbulent viscosity limited to viscosity ratio of 1.000000e+05 in 900 cells 

 Reversed flow on 547 faces of pressure-outlet 7.
   788  3.8203e-01  3.7593e-05  4.4029e-05  3.6704e-05  1.6383e-03  7.5792e-03  1.2495e-03  0:01:35   12

 turbulent viscosity limited to viscosity ratio of 1.000000e+05 in 899 cells 

 Reversed flow on 553 faces of pressure-outlet 7.
   789  3.8031e-01  3.7449e-05  4.3803e-05  3.6606e-05  1.6320e-03  7.9919e-03  1.2482e-03  0:01:25   11

 turbulent viscosity limited to viscosity ratio of 1.000000e+05 in 898 cells 

 Reversed flow on 557 faces of pressure-outlet 7.
   790  3.7858e-01  3.7315e-05  4.3570e-05  3.6507e-05  1.6238e-03  8.0136e-03  1.2469e-03  0:01:18   10

 turbulent viscosity limited to viscosity ratio of 1.000000e+05 in 896 cells 

 Reversed flow on 554 faces of pressure-outlet 7.
   791  3.7716e-01  3.7177e-05  4.3359e-05  3.6412e-05  1.6153e-03  7.8949e-03  1.2458e-03  0:01:11    9

 turbulent viscosity limited to viscosity ratio of 1.000000e+05 in 896 cells 

 Reversed flow on 542 faces of pressure-outlet 7.
   792  3.7589e-01  3.7050e-05  4.3144e-05  3.6323e-05  1.6103e-03  8.6401e-03  1.2446e-03  0:01:03    8

 turbulent viscosity limited to viscosity ratio of 1.000000e+05 in 896 cells 

 Reversed flow on 551 faces of pressure-outlet 7.
   793  3.7472e-01  3.6931e-05  4.2918e-05  3.6247e-05  1.5979e-03  7.4958e-03  1.2435e-03  0:00:54    7

 turbulent viscosity limited to viscosity ratio of 1.000000e+05 in 896 cells 

 Reversed flow on 554 faces of pressure-outlet 7.
   794  3.7302e-01  3.6796e-05  4.2679e-05  3.6129e-05  1.5893e-03  7.3008e-03  1.2424e-03  0:00:47    6

 turbulent viscosity limited to viscosity ratio of 1.000000e+05 in 896 cells 

 Reversed flow on 551 faces of pressure-outlet 7.
   795  3.7140e-01  3.6663e-05  4.2449e-05  3.6014e-05  1.5789e-03  7.2527e-03  1.2415e-03  0:00:39    5

 turbulent viscosity limited to viscosity ratio of 1.000000e+05 in 896 cells 

 Reversed flow on 552 faces of pressure-outlet 7.
   796  3.7000e-01  3.6525e-05  4.2215e-05  3.5912e-05  1.5756e-03  1.0205e-02  1.2407e-03  0:00:31    4

 turbulent viscosity limited to viscosity ratio of 1.000000e+05 in 896 cells 

 Reversed flow on 558 faces of pressure-outlet 7.

  iter  continuity  x-velocity  y-velocity  z-velocity           k     epsilon  vf-phase-2     time/iter
   797  3.6831e-01  3.6386e-05  4.1985e-05  3.5799e-05  1.5678e-03  8.8665e-03  1.2399e-03  0:00:24    3

 turbulent viscosity limited to viscosity ratio of 1.000000e+05 in 896 cells 

 Reversed flow on 559 faces of pressure-outlet 7.
   798  3.6685e-01  3.6264e-05  4.1750e-05  3.5683e-05  1.5579e-03  8.0855e-03  1.2392e-03  0:00:15    2

 turbulent viscosity limited to viscosity ratio of 1.000000e+05 in 896 cells 

 Reversed flow on 554 faces of pressure-outlet 7.
   799  3.6497e-01  3.6124e-05  4.1508e-05  3.5557e-05  1.5461e-03  7.8405e-03  1.2387e-03  0:00:08    1

 turbulent viscosity limited to viscosity ratio of 1.000000e+05 in 896 cells 

 Reversed flow on 566 faces of pressure-outlet 7.
   800  3.6342e-01  3.5993e-05  4.1283e-05  3.5433e-05  1.5379e-03  7.6296e-03  1.2383e-03  0:00:00    0
iterate_800: RPC returned
progress: 800/1500

  iter  continuity  x-velocity  y-velocity  z-velocity           k     epsilon  vf-phase-2     time/iter
   800  3.6342e-01  3.5993e-05  4.1283e-05  3.5433e-05  1.5379e-03  7.6296e-03  1.2383e-03  0:03:15   25

 turbulent viscosity limited to viscosity ratio of 1.000000e+05 in 896 cells 

 Reversed flow on 566 faces of pressure-outlet 7.
   801  3.6196e-01  3.5868e-05  4.1048e-05  3.5299e-05  1.5284e-03  6.9776e-03  1.2379e-03  0:03:13   24

 turbulent viscosity limited to viscosity ratio of 1.000000e+05 in 895 cells 

 Reversed flow on 569 faces of pressure-outlet 7.
   802  3.6037e-01  3.5737e-05  4.0827e-05  3.5163e-05  1.5203e-03  7.2551e-03  1.2377e-03  0:03:00   23

 turbulent viscosity limited to viscosity ratio of 1.000000e+05 in 894 cells 

 Reversed flow on 566 faces of pressure-outlet 7.
   803  3.5900e-01  3.5613e-05  4.0591e-05  3.5021e-05  1.5117e-03  6.6257e-03  1.2375e-03  0:02:53   22

 turbulent viscosity limited to viscosity ratio of 1.000000e+05 in 894 cells 

 Reversed flow on 567 faces of pressure-outlet 7.
   804  3.5758e-01  3.5469e-05  4.0375e-05  3.4877e-05  1.5052e-03  6.9549e-03  1.2373e-03  0:02:46   21

 turbulent viscosity limited to viscosity ratio of 1.000000e+05 in 893 cells 

 Reversed flow on 570 faces of pressure-outlet 7.
   805  3.5628e-01  3.5319e-05  4.0157e-05  3.4746e-05  1.4987e-03  7.0253e-03  1.2374e-03  0:02:38   20

 turbulent viscosity limited to viscosity ratio of 1.000000e+05 in 891 cells 

 Reversed flow on 568 faces of pressure-outlet 7.
   806  3.5510e-01  3.5179e-05  3.9943e-05  3.4599e-05  1.4934e-03  7.0570e-03  1.2375e-03  0:02:31   19

 turbulent viscosity limited to viscosity ratio of 1.000000e+05 in 891 cells 

 Reversed flow on 569 faces of pressure-outlet 7.
   807  3.5387e-01  3.5048e-05  3.9737e-05  3.4447e-05  1.4875e-03  6.8780e-03  1.2377e-03  0:02:23   18

 turbulent viscosity limited to viscosity ratio of 1.000000e+05 in 891 cells 

 Reversed flow on 576 faces of pressure-outlet 7.
   808  3.5219e-01  3.4903e-05  3.9533e-05  3.4305e-05  1.4811e-03  7.2005e-03  1.2381e-03  0:02:12   17

 turbulent viscosity limited to viscosity ratio of 1.000000e+05 in 889 cells 

 Reversed flow on 578 faces of pressure-outlet 7.
   809  3.5068e-01  3.4754e-05  3.9329e-05  3.4175e-05  1.4770e-03  8.2192e-03  1.2384e-03  0:02:05   16

 turbulent viscosity limited to viscosity ratio of 1.000000e+05 in 888 cells 

 Reversed flow on 583 faces of pressure-outlet 7.
   810  3.4903e-01  3.4604e-05  3.9130e-05  3.4025e-05  1.4711e-03  7.2482e-03  1.2387e-03  0:01:58   15

 turbulent viscosity limited to viscosity ratio of 1.000000e+05 in 888 cells 

 Reversed flow on 579 faces of pressure-outlet 7.

  iter  continuity  x-velocity  y-velocity  z-velocity           k     epsilon  vf-phase-2     time/iter
   811  3.4765e-01  3.4457e-05  3.8926e-05  3.3871e-05  1.4623e-03  6.7042e-03  1.2391e-03  0:01:50   14

 turbulent viscosity limited to viscosity ratio of 1.000000e+05 in 887 cells 

 Reversed flow on 579 faces of pressure-outlet 7.
   812  3.4608e-01  3.4315e-05  3.8716e-05  3.3725e-05  1.4567e-03  6.2087e-03  1.2395e-03  0:01:43   13

 turbulent viscosity limited to viscosity ratio of 1.000000e+05 in 886 cells 

 Reversed flow on 577 faces of pressure-outlet 7.
   813  3.4486e-01  3.4167e-05  3.8516e-05  3.3585e-05  1.4515e-03  6.1506e-03  1.2400e-03  0:01:33   12

 turbulent viscosity limited to viscosity ratio of 1.000000e+05 in 886 cells 

 Reversed flow on 581 faces of pressure-outlet 7.
   814  3.4345e-01  3.4016e-05  3.8323e-05  3.3444e-05  1.4463e-03  6.2066e-03  1.2405e-03  0:01:26   11

 turbulent viscosity limited to viscosity ratio of 1.000000e+05 in 886 cells 

 Reversed flow on 591 faces of pressure-outlet 7.
   815  3.4213e-01  3.3867e-05  3.8143e-05  3.3321e-05  1.4441e-03  6.9901e-03  1.2411e-03  0:01:18   10

 turbulent viscosity limited to viscosity ratio of 1.000000e+05 in 887 cells 

 Reversed flow on 598 faces of pressure-outlet 7.
   816  3.4075e-01  3.3724e-05  3.7957e-05  3.3200e-05  1.4400e-03  7.0447e-03  1.2417e-03  0:01:11    9

 turbulent viscosity limited to viscosity ratio of 1.000000e+05 in 886 cells 

 Reversed flow on 601 faces of pressure-outlet 7.
   817  3.3942e-01  3.3563e-05  3.7768e-05  3.3076e-05  1.4358e-03  7.1745e-03  1.2425e-03  0:01:03    8

 turbulent viscosity limited to viscosity ratio of 1.000000e+05 in 886 cells 

 Reversed flow on 599 faces of pressure-outlet 7.
   818  3.3825e-01  3.3403e-05  3.7583e-05  3.2954e-05  1.4333e-03  6.9583e-03  1.2431e-03  0:00:55    7

 turbulent viscosity limited to viscosity ratio of 1.000000e+05 in 886 cells 

 Reversed flow on 605 faces of pressure-outlet 7.
   819  3.3665e-01  3.3250e-05  3.7408e-05  3.2834e-05  1.4267e-03  5.7880e-03  1.2438e-03  0:00:48    6

 turbulent viscosity limited to viscosity ratio of 1.000000e+05 in 886 cells 

 Reversed flow on 601 faces of pressure-outlet 7.
   820  3.3549e-01  3.3085e-05  3.7229e-05  3.2716e-05  1.4219e-03  5.5018e-03  1.2446e-03  0:00:39    5

 turbulent viscosity limited to viscosity ratio of 1.000000e+05 in 886 cells 

 Reversed flow on 590 faces of pressure-outlet 7.
   821  3.3420e-01  3.2945e-05  3.7054e-05  3.2601e-05  1.4193e-03  6.3958e-03  1.2454e-03  0:00:31    4

 turbulent viscosity limited to viscosity ratio of 1.000000e+05 in 886 cells 

 Reversed flow on 601 faces of pressure-outlet 7.

  iter  continuity  x-velocity  y-velocity  z-velocity           k     epsilon  vf-phase-2     time/iter
   822  3.3272e-01  3.2805e-05  3.6887e-05  3.2500e-05  1.4168e-03  6.3160e-03  1.2462e-03  0:00:24    3

 turbulent viscosity limited to viscosity ratio of 1.000000e+05 in 886 cells 

 Reversed flow on 612 faces of pressure-outlet 7.
   823  3.3136e-01  3.2654e-05  3.6729e-05  3.2394e-05  1.4152e-03  6.9195e-03  1.2469e-03  0:00:16    2

 turbulent viscosity limited to viscosity ratio of 1.000000e+05 in 887 cells 

 Reversed flow on 603 faces of pressure-outlet 7.
   824  3.3036e-01  3.2490e-05  3.6571e-05  3.2300e-05  1.4136e-03  7.0904e-03  1.2475e-03  0:00:08    1

iterate_825: RPC returned
progress: 825/1500
 turbulent viscosity limited to viscosity ratio of 1.000000e+05 in 887 cells 

 Reversed flow on 605 faces of pressure-outlet 7.
   825  3.2869e-01  3.2357e-05  3.6417e-05  3.2213e-05  1.4102e-03  7.0412e-03  1.2483e-03  0:00:00    0

  iter  continuity  x-velocity  y-velocity  z-velocity           k     epsilon  vf-phase-2     time/iter
   825  3.2869e-01  3.2357e-05  3.6417e-05  3.2213e-05  1.4102e-03  7.0412e-03  1.2483e-03  0:03:18   25

 turbulent viscosity limited to viscosity ratio of 1.000000e+05 in 888 cells 

 Reversed flow on 617 faces of pressure-outlet 7.
   826  3.2764e-01  3.2237e-05  3.6274e-05  3.2130e-05  1.4071e-03  7.7955e-03  1.2491e-03  0:03:10   24

 turbulent viscosity limited to viscosity ratio of 1.000000e+05 in 887 cells 

 Reversed flow on 622 faces of pressure-outlet 7.
   827  3.2661e-01  3.2103e-05  3.6133e-05  3.2052e-05  1.4063e-03  6.7827e-03  1.2499e-03  0:03:03   23

 turbulent viscosity limited to viscosity ratio of 1.000000e+05 in 886 cells 

 Reversed flow on 608 faces of pressure-outlet 7.
   828  3.2578e-01  3.1989e-05  3.5997e-05  3.1981e-05  1.4019e-03  6.5951e-03  1.2507e-03  0:02:55   22

 turbulent viscosity limited to viscosity ratio of 1.000000e+05 in 886 cells 

 Reversed flow on 613 faces of pressure-outlet 7.
   829  3.2527e-01  3.1872e-05  3.5881e-05  3.1920e-05  1.4033e-03  7.5154e-03  1.2516e-03  0:02:47   21

 turbulent viscosity limited to viscosity ratio of 1.000000e+05 in 886 cells 

 Reversed flow on 619 faces of pressure-outlet 7.
   830  3.2462e-01  3.1767e-05  3.5761e-05  3.1863e-05  1.3991e-03  7.1346e-03  1.2525e-03  0:02:35   20

 turbulent viscosity limited to viscosity ratio of 1.000000e+05 in 886 cells 

 Reversed flow on 628 faces of pressure-outlet 7.
   831  3.2410e-01  3.1665e-05  3.5669e-05  3.1809e-05  1.3999e-03  9.0606e-03  1.2535e-03  0:02:29   19

 turbulent viscosity limited to viscosity ratio of 1.000000e+05 in 885 cells 

 Reversed flow on 621 faces of pressure-outlet 7.
   832  3.2386e-01  3.1561e-05  3.5581e-05  3.1765e-05  1.3970e-03  8.0063e-03  1.2545e-03  0:02:21   18

 turbulent viscosity limited to viscosity ratio of 1.000000e+05 in 885 cells 

 Reversed flow on 626 faces of pressure-outlet 7.
   833  3.2346e-01  3.1474e-05  3.5501e-05  3.1730e-05  1.3950e-03  7.9806e-03  1.2555e-03  0:02:14   17

 turbulent viscosity limited to viscosity ratio of 1.000000e+05 in 884 cells 

 Reversed flow on 627 faces of pressure-outlet 7.
   834  3.2355e-01  3.1376e-05  3.5439e-05  3.1695e-05  1.3920e-03  7.4220e-03  1.2567e-03  0:02:07   16

 turbulent viscosity limited to viscosity ratio of 1.000000e+05 in 884 cells 

 Reversed flow on 633 faces of pressure-outlet 7.
   835  3.2313e-01  3.1277e-05  3.5372e-05  3.1653e-05  1.3859e-03  6.2116e-03  1.2578e-03  0:01:56   15

 turbulent viscosity limited to viscosity ratio of 1.000000e+05 in 882 cells 

 Reversed flow on 631 faces of pressure-outlet 7.

  iter  continuity  x-velocity  y-velocity  z-velocity           k     epsilon  vf-phase-2     time/iter
   836  3.2276e-01  3.1186e-05  3.5310e-05  3.1614e-05  1.3847e-03  7.0678e-03  1.2592e-03  0:01:49   14

 turbulent viscosity limited to viscosity ratio of 1.000000e+05 in 881 cells 

 Reversed flow on 640 faces of pressure-outlet 7.
   837  3.2236e-01  3.1101e-05  3.5266e-05  3.1572e-05  1.3835e-03  7.7713e-03  1.2606e-03  0:01:42   13

 turbulent viscosity limited to viscosity ratio of 1.000000e+05 in 879 cells 

 Reversed flow on 630 faces of pressure-outlet 7.
   838  3.2188e-01  3.1023e-05  3.5235e-05  3.1539e-05  1.3832e-03  8.0633e-03  1.2620e-03  0:01:34   12

 turbulent viscosity limited to viscosity ratio of 1.000000e+05 in 879 cells 

 Reversed flow on 627 faces of pressure-outlet 7.
   839  3.2165e-01  3.0939e-05  3.5206e-05  3.1505e-05  1.3777e-03  6.9022e-03  1.2636e-03  0:01:27   11

 turbulent viscosity limited to viscosity ratio of 1.000000e+05 in 879 cells 

 Reversed flow on 635 faces of pressure-outlet 7.
   840  3.2111e-01  3.0860e-05  3.5186e-05  3.1470e-05  1.3728e-03  5.9420e-03  1.2652e-03  0:01:17   10

 turbulent viscosity limited to viscosity ratio of 1.000000e+05 in 879 cells 

 Reversed flow on 627 faces of pressure-outlet 7.
   841  3.2130e-01  3.0790e-05  3.5180e-05  3.1438e-05  1.3692e-03  6.1242e-03  1.2669e-03  0:01:10    9

 turbulent viscosity limited to viscosity ratio of 1.000000e+05 in 879 cells 

 Reversed flow on 633 faces of pressure-outlet 7.
   842  3.2121e-01  3.0745e-05  3.5186e-05  3.1408e-05  1.3665e-03  6.0549e-03  1.2688e-03  0:01:03    8

 turbulent viscosity limited to viscosity ratio of 1.000000e+05 in 879 cells 

 Reversed flow on 642 faces of pressure-outlet 7.
   843  3.2126e-01  3.0689e-05  3.5198e-05  3.1374e-05  1.3628e-03  6.2266e-03  1.2708e-03  0:00:55    7

 turbulent viscosity limited to viscosity ratio of 1.000000e+05 in 879 cells 

 Reversed flow on 653 faces of pressure-outlet 7.
   844  3.2076e-01  3.0631e-05  3.5210e-05  3.1338e-05  1.3576e-03  5.7083e-03  1.2728e-03  0:00:47    6

 turbulent viscosity limited to viscosity ratio of 1.000000e+05 in 878 cells 

 Reversed flow on 644 faces of pressure-outlet 7.
   845  3.2039e-01  3.0558e-05  3.5232e-05  3.1299e-05  1.3543e-03  5.8316e-03  1.2749e-03  0:00:39    5

 turbulent viscosity limited to viscosity ratio of 1.000000e+05 in 878 cells 

 Reversed flow on 638 faces of pressure-outlet 7.
   846  3.1984e-01  3.0502e-05  3.5258e-05  3.1257e-05  1.3516e-03  5.9405e-03  1.2771e-03  0:00:31    4

 turbulent viscosity limited to viscosity ratio of 1.000000e+05 in 876 cells 

 Reversed flow on 641 faces of pressure-outlet 7.

  iter  continuity  x-velocity  y-velocity  z-velocity           k     epsilon  vf-phase-2     time/iter
   847  3.1896e-01  3.0437e-05  3.5291e-05  3.1212e-05  1.3481e-03  7.4226e-03  1.2794e-03  0:00:23    3

 turbulent viscosity limited to viscosity ratio of 1.000000e+05 in 876 cells 

 Reversed flow on 652 faces of pressure-outlet 7.
   848  3.1900e-01  3.0380e-05  3.5336e-05  3.1163e-05  1.3583e-03  2.7519e-02  1.2817e-03  0:00:16    2

 turbulent viscosity limited to viscosity ratio of 1.000000e+05 in 875 cells 

 Reversed flow on 638 faces of pressure-outlet 7.
   849  3.1886e-01  3.0327e-05  3.5365e-05  3.1122e-05  1.3542e-03  1.1377e-02  1.2840e-03  0:00:08    1

 turbulent viscosity limited to viscosity ratio of 1.000000e+05 in 875 cells 

 Reversed flow on 643 faces of pressure-outlet 7.
   850  3.1900e-01  3.0278e-05  3.5417e-05  3.1077e-05  1.3711e-03  1.6073e-02  1.2864e-03  0:00:00    0
iterate_850: RPC returned
progress: 850/1500

  iter  continuity  x-velocity  y-velocity  z-velocity           k     epsilon  vf-phase-2     time/iter
   850  3.1900e-01  3.0278e-05  3.5417e-05  3.1077e-05  1.3711e-03  1.6073e-02  1.2864e-03  0:03:18   25

 turbulent viscosity limited to viscosity ratio of 1.000000e+05 in 875 cells 

 Reversed flow on 651 faces of pressure-outlet 7.
   851  3.1847e-01  3.0247e-05  3.5474e-05  3.1034e-05  1.3400e-03  1.0027e-02  1.2888e-03  0:03:10   24

 turbulent viscosity limited to viscosity ratio of 1.000000e+05 in 874 cells 

 Reversed flow on 646 faces of pressure-outlet 7.
   852  3.1793e-01  3.0203e-05  3.5536e-05  3.0990e-05  1.3304e-03  7.3375e-03  1.2913e-03  0:03:03   23

 turbulent viscosity limited to viscosity ratio of 1.000000e+05 in 874 cells 

 Reversed flow on 649 faces of pressure-outlet 7.
   853  3.1753e-01  3.0156e-05  3.5604e-05  3.0935e-05  1.3259e-03  7.2186e-03  1.2938e-03  0:02:55   22

 turbulent viscosity limited to viscosity ratio of 1.000000e+05 in 874 cells 

 Reversed flow on 651 faces of pressure-outlet 7.
   854  3.1667e-01  3.0124e-05  3.5667e-05  3.0879e-05  1.3198e-03  6.3204e-03  1.2963e-03  0:02:47   21

 turbulent viscosity limited to viscosity ratio of 1.000000e+05 in 874 cells 

 Reversed flow on 646 faces of pressure-outlet 7.
   855  3.1625e-01  3.0076e-05  3.5740e-05  3.0827e-05  1.3144e-03  6.1229e-03  1.2989e-03  0:02:39   20

 turbulent viscosity limited to viscosity ratio of 1.000000e+05 in 872 cells 

 Reversed flow on 652 faces of pressure-outlet 7.
   856  3.1595e-01  3.0045e-05  3.5798e-05  3.0782e-05  1.3100e-03  5.8798e-03  1.3015e-03  0:02:32   19

 turbulent viscosity limited to viscosity ratio of 1.000000e+05 in 872 cells 

 Reversed flow on 650 faces of pressure-outlet 7.
   857  3.1565e-01  3.0012e-05  3.5869e-05  3.0721e-05  1.3063e-03  5.8531e-03  1.3041e-03  0:02:20   18

 turbulent viscosity limited to viscosity ratio of 1.000000e+05 in 871 cells 

 Reversed flow on 652 faces of pressure-outlet 7.
   858  3.1558e-01  2.9977e-05  3.5941e-05  3.0664e-05  1.3009e-03  5.5256e-03  1.3066e-03  0:02:13   17

 turbulent viscosity limited to viscosity ratio of 1.000000e+05 in 871 cells 

 Reversed flow on 639 faces of pressure-outlet 7.
   859  3.1529e-01  2.9970e-05  3.6009e-05  3.0629e-05  1.2993e-03  6.0015e-03  1.3093e-03  0:02:06   16

 turbulent viscosity limited to viscosity ratio of 1.000000e+05 in 871 cells 

 Reversed flow on 637 faces of pressure-outlet 7.
   860  3.1537e-01  2.9954e-05  3.6072e-05  3.0572e-05  1.2978e-03  6.1054e-03  1.3120e-03  0:01:58   15

 turbulent viscosity limited to viscosity ratio of 1.000000e+05 in 871 cells 

 Reversed flow on 639 faces of pressure-outlet 7.

  iter  continuity  x-velocity  y-velocity  z-velocity           k     epsilon  vf-phase-2     time/iter
   861  3.1500e-01  2.9930e-05  3.6125e-05  3.0520e-05  1.2933e-03  5.8851e-03  1.3146e-03  0:01:51   14

 turbulent viscosity limited to viscosity ratio of 1.000000e+05 in 871 cells 

 Reversed flow on 646 faces of pressure-outlet 7.
   862  3.1464e-01  2.9904e-05  3.6184e-05  3.0466e-05  1.2882e-03  5.4270e-03  1.3173e-03  0:01:40   13

 turbulent viscosity limited to viscosity ratio of 1.000000e+05 in 871 cells 

 Reversed flow on 645 faces of pressure-outlet 7.
   863  3.1436e-01  2.9886e-05  3.6242e-05  3.0414e-05  1.2872e-03  5.8387e-03  1.3199e-03  0:01:33   12

 turbulent viscosity limited to viscosity ratio of 1.000000e+05 in 871 cells 

 Reversed flow on 651 faces of pressure-outlet 7.
   864  3.1434e-01  2.9876e-05  3.6290e-05  3.0375e-05  1.2871e-03  6.6818e-03  1.3225e-03  0:01:26   11

 turbulent viscosity limited to viscosity ratio of 1.000000e+05 in 871 cells 

 Reversed flow on 647 faces of pressure-outlet 7.
   865  3.1437e-01  2.9880e-05  3.6340e-05  3.0330e-05  1.2834e-03  6.8849e-03  1.3250e-03  0:01:19   10

 turbulent viscosity limited to viscosity ratio of 1.000000e+05 in 871 cells 

 Reversed flow on 650 faces of pressure-outlet 7.
   866  3.1423e-01  2.9885e-05  3.6378e-05  3.0294e-05  1.2809e-03  6.5484e-03  1.3274e-03  0:01:11    9

 turbulent viscosity limited to viscosity ratio of 1.000000e+05 in 871 cells 

 Reversed flow on 635 faces of pressure-outlet 7.
   867  3.1419e-01  2.9855e-05  3.6425e-05  3.0244e-05  1.2780e-03  5.8350e-03  1.3298e-03  0:01:02    8

 turbulent viscosity limited to viscosity ratio of 1.000000e+05 in 871 cells 

 Reversed flow on 645 faces of pressure-outlet 7.
   868  3.1413e-01  2.9843e-05  3.6464e-05  3.0207e-05  1.2745e-03  5.7695e-03  1.3322e-03  0:00:54    7

 turbulent viscosity limited to viscosity ratio of 1.000000e+05 in 871 cells 

 Reversed flow on 639 faces of pressure-outlet 7.
   869  3.1432e-01  2.9833e-05  3.6513e-05  3.0172e-05  1.2729e-03  5.9181e-03  1.3344e-03  0:00:47    6

 turbulent viscosity limited to viscosity ratio of 1.000000e+05 in 871 cells 

 Reversed flow on 636 faces of pressure-outlet 7.
   870  3.1453e-01  2.9830e-05  3.6553e-05  3.0144e-05  1.2713e-03  5.3563e-03  1.3367e-03  0:00:39    5

 turbulent viscosity limited to viscosity ratio of 1.000000e+05 in 871 cells 

 Reversed flow on 638 faces of pressure-outlet 7.
   871  3.1489e-01  2.9831e-05  3.6592e-05  3.0107e-05  1.2705e-03  5.7842e-03  1.3391e-03  0:00:32    4

 turbulent viscosity limited to viscosity ratio of 1.000000e+05 in 870 cells 

 Reversed flow on 644 faces of pressure-outlet 7.

  iter  continuity  x-velocity  y-velocity  z-velocity           k     epsilon  vf-phase-2     time/iter
   872  3.1483e-01  2.9841e-05  3.6618e-05  3.0086e-05  1.2709e-03  6.6031e-03  1.3414e-03  0:00:23    3

 turbulent viscosity limited to viscosity ratio of 1.000000e+05 in 869 cells 

 Reversed flow on 647 faces of pressure-outlet 7.
   873  3.1506e-01  2.9847e-05  3.6665e-05  3.0056e-05  1.2668e-03  6.1469e-03  1.3436e-03  0:00:16    2

 turbulent viscosity limited to viscosity ratio of 1.000000e+05 in 869 cells 

 Reversed flow on 646 faces of pressure-outlet 7.
   874  3.1507e-01  2.9848e-05  3.6697e-05  3.0020e-05  1.2684e-03  6.0295e-03  1.3457e-03  0:00:08    1

 turbulent viscosity limited to viscosity ratio of 1.000000e+05 in 868 cells 

 Reversed flow on 638 faces of pressure-outlet 7.
   875  3.1513e-01  2.9853e-05  3.6729e-05  2.9991e-05  1.2656e-03  5.3552e-03  1.3479e-03  0:00:00    0
iterate_875: RPC returned
progress: 875/1500

  iter  continuity  x-velocity  y-velocity  z-velocity           k     epsilon  vf-phase-2     time/iter
   875  3.1513e-01  2.9853e-05  3.6729e-05  2.9991e-05  1.2656e-03  5.3552e-03  1.3479e-03  0:03:16   25

 turbulent viscosity limited to viscosity ratio of 1.000000e+05 in 868 cells 

 Reversed flow on 644 faces of pressure-outlet 7.
   876  3.1531e-01  2.9875e-05  3.6762e-05  2.9967e-05  1.2688e-03  6.4371e-03  1.3499e-03  0:03:14   24

 turbulent viscosity limited to viscosity ratio of 1.000000e+05 in 869 cells 

 Reversed flow on 639 faces of pressure-outlet 7.
   877  3.1544e-01  2.9900e-05  3.6794e-05  2.9932e-05  1.2702e-03  6.3086e-03  1.3518e-03  0:03:01   23

 turbulent viscosity limited to viscosity ratio of 1.000000e+05 in 869 cells 

 Reversed flow on 641 faces of pressure-outlet 7.
   878  3.1547e-01  2.9909e-05  3.6839e-05  2.9898e-05  1.2669e-03  5.1589e-03  1.3536e-03  0:02:54   22

 turbulent viscosity limited to viscosity ratio of 1.000000e+05 in 869 cells 

 Reversed flow on 634 faces of pressure-outlet 7.
   879  3.1513e-01  2.9927e-05  3.6893e-05  2.9879e-05  1.2713e-03  6.1684e-03  1.3553e-03  0:02:46   21

 turbulent viscosity limited to viscosity ratio of 1.000000e+05 in 869 cells 

 Reversed flow on 634 faces of pressure-outlet 7.
   880  3.1500e-01  2.9956e-05  3.6935e-05  2.9863e-05  1.2707e-03  5.3245e-03  1.3569e-03  0:02:39   20

 turbulent viscosity limited to viscosity ratio of 1.000000e+05 in 869 cells 

 Reversed flow on 626 faces of pressure-outlet 7.
   881  3.1489e-01  2.9966e-05  3.6970e-05  2.9844e-05  1.2712e-03  5.2381e-03  1.3584e-03  0:02:31   19

 turbulent viscosity limited to viscosity ratio of 1.000000e+05 in 869 cells 

 Reversed flow on 624 faces of pressure-outlet 7.
   882  3.1526e-01  2.9986e-05  3.7012e-05  2.9829e-05  1.2734e-03  5.4904e-03  1.3601e-03  0:02:20   18

 turbulent viscosity limited to viscosity ratio of 1.000000e+05 in 869 cells 

 Reversed flow on 629 faces of pressure-outlet 7.
   883  3.1554e-01  3.0005e-05  3.7049e-05  2.9813e-05  1.2748e-03  5.2754e-03  1.3616e-03  0:02:13   17

 turbulent viscosity limited to viscosity ratio of 1.000000e+05 in 869 cells 

 Reversed flow on 628 faces of pressure-outlet 7.
   884  3.1560e-01  3.0029e-05  3.7089e-05  2.9803e-05  1.2771e-03  5.3694e-03  1.3631e-03  0:02:05   16

 turbulent viscosity limited to viscosity ratio of 1.000000e+05 in 867 cells 

 Reversed flow on 631 faces of pressure-outlet 7.
   885  3.1586e-01  3.0064e-05  3.7120e-05  2.9786e-05  1.2793e-03  5.4400e-03  1.3644e-03  0:01:58   15

 turbulent viscosity limited to viscosity ratio of 1.000000e+05 in 867 cells 

 Reversed flow on 634 faces of pressure-outlet 7.

  iter  continuity  x-velocity  y-velocity  z-velocity           k     epsilon  vf-phase-2     time/iter
   886  3.1621e-01  3.0101e-05  3.7147e-05  2.9788e-05  1.2818e-03  5.5952e-03  1.3658e-03  0:01:51   14

 turbulent viscosity limited to viscosity ratio of 1.000000e+05 in 867 cells 

 Reversed flow on 634 faces of pressure-outlet 7.
   887  3.1686e-01  3.0128e-05  3.7170e-05  2.9794e-05  1.2820e-03  5.2089e-03  1.3671e-03  0:01:40   13

 turbulent viscosity limited to viscosity ratio of 1.000000e+05 in 867 cells 

 Reversed flow on 621 faces of pressure-outlet 7.
   888  3.1730e-01  3.0151e-05  3.7180e-05  2.9795e-05  1.2834e-03  5.1998e-03  1.3683e-03  0:01:33   12

 turbulent viscosity limited to viscosity ratio of 1.000000e+05 in 867 cells 

 Reversed flow on 627 faces of pressure-outlet 7.
   889  3.1754e-01  3.0164e-05  3.7192e-05  2.9793e-05  1.2850e-03  5.0314e-03  1.3694e-03  0:01:26   11

 turbulent viscosity limited to viscosity ratio of 1.000000e+05 in 868 cells 

 Reversed flow on 619 faces of pressure-outlet 7.
   890  3.1784e-01  3.0176e-05  3.7205e-05  2.9791e-05  1.2870e-03  5.1531e-03  1.3706e-03  0:01:19   10

 turbulent viscosity limited to viscosity ratio of 1.000000e+05 in 867 cells 

 Reversed flow on 618 faces of pressure-outlet 7.
   891  3.1829e-01  3.0203e-05  3.7219e-05  2.9788e-05  1.2886e-03  5.5838e-03  1.3715e-03  0:01:11    9

 turbulent viscosity limited to viscosity ratio of 1.000000e+05 in 867 cells 

 Reversed flow on 616 faces of pressure-outlet 7.
   892  3.1883e-01  3.0228e-05  3.7220e-05  2.9790e-05  1.2911e-03  5.4992e-03  1.3725e-03  0:01:03    8

 turbulent viscosity limited to viscosity ratio of 1.000000e+05 in 867 cells 

 Reversed flow on 608 faces of pressure-outlet 7.
   893  3.1940e-01  3.0263e-05  3.7231e-05  2.9806e-05  1.2933e-03  5.3869e-03  1.3734e-03  0:00:54    7

 turbulent viscosity limited to viscosity ratio of 1.000000e+05 in 867 cells 

 Reversed flow on 615 faces of pressure-outlet 7.
   894  3.1972e-01  3.0281e-05  3.7215e-05  2.9820e-05  1.2941e-03  5.4630e-03  1.3742e-03  0:00:47    6

 turbulent viscosity limited to viscosity ratio of 1.000000e+05 in 867 cells 

 Reversed flow on 617 faces of pressure-outlet 7.
   895  3.2024e-01  3.0291e-05  3.7206e-05  2.9825e-05  1.2933e-03  5.0966e-03  1.3748e-03  0:00:39    5

 turbulent viscosity limited to viscosity ratio of 1.000000e+05 in 867 cells 

 Reversed flow on 612 faces of pressure-outlet 7.
   896  3.2057e-01  3.0310e-05  3.7187e-05  2.9833e-05  1.2945e-03  5.3174e-03  1.3753e-03  0:00:31    4

 turbulent viscosity limited to viscosity ratio of 1.000000e+05 in 867 cells 

 Reversed flow on 603 faces of pressure-outlet 7.

  iter  continuity  x-velocity  y-velocity  z-velocity           k     epsilon  vf-phase-2     time/iter
   897  3.2061e-01  3.0325e-05  3.7167e-05  2.9846e-05  1.2946e-03  4.9166e-03  1.3757e-03  0:00:24    3

 turbulent viscosity limited to viscosity ratio of 1.000000e+05 in 867 cells 

 Reversed flow on 603 faces of pressure-outlet 7.
   898  3.2074e-01  3.0343e-05  3.7141e-05  2.9861e-05  1.2949e-03  5.5505e-03  1.3760e-03  0:00:15    2

 turbulent viscosity limited to viscosity ratio of 1.000000e+05 in 866 cells 

 Reversed flow on 603 faces of pressure-outlet 7.
   899  3.2085e-01  3.0360e-05  3.7120e-05  2.9872e-05  1.2956e-03  5.2160e-03  1.3762e-03  0:00:08    1

 turbulent viscosity limited to viscosity ratio of 1.000000e+05 in 866 cells 

 Reversed flow on 595 faces of pressure-outlet 7.
   900  3.2087e-01  3.0367e-05  3.7081e-05  2.9882e-05  1.2972e-03  5.4532e-03  1.3764e-03  0:00:00    0
iterate_900: RPC returned
progress: 900/1500

  iter  continuity  x-velocity  y-velocity  z-velocity           k     epsilon  vf-phase-2     time/iter
   900  3.2087e-01  3.0367e-05  3.7081e-05  2.9882e-05  1.2972e-03  5.4532e-03  1.3764e-03  0:03:15   25

 turbulent viscosity limited to viscosity ratio of 1.000000e+05 in 865 cells 

 Reversed flow on 617 faces of pressure-outlet 7.
   901  3.2101e-01  3.0362e-05  3.7031e-05  2.9899e-05  1.2992e-03  5.7772e-03  1.3766e-03  0:03:13   24

 turbulent viscosity limited to viscosity ratio of 1.000000e+05 in 865 cells 

 Reversed flow on 600 faces of pressure-outlet 7.
   902  3.2092e-01  3.0352e-05  3.6985e-05  2.9899e-05  1.2988e-03  5.4597e-03  1.3768e-03  0:03:05   23

 turbulent viscosity limited to viscosity ratio of 1.000000e+05 in 865 cells 

 Reversed flow on 603 faces of pressure-outlet 7.
   903  3.2097e-01  3.0356e-05  3.6951e-05  2.9906e-05  1.2994e-03  5.6371e-03  1.3769e-03  0:02:57   22

 turbulent viscosity limited to viscosity ratio of 1.000000e+05 in 866 cells 

 Reversed flow on 592 faces of pressure-outlet 7.
   904  3.2112e-01  3.0342e-05  3.6918e-05  2.9913e-05  1.2981e-03  5.3070e-03  1.3769e-03  0:02:44   21

 turbulent viscosity limited to viscosity ratio of 1.000000e+05 in 865 cells 

 Reversed flow on 591 faces of pressure-outlet 7.
   905  3.2102e-01  3.0324e-05  3.6879e-05  2.9918e-05  1.2978e-03  5.2957e-03  1.3769e-03  0:02:37   20

 turbulent viscosity limited to viscosity ratio of 1.000000e+05 in 865 cells 

 Reversed flow on 587 faces of pressure-outlet 7.
   906  3.2094e-01  3.0306e-05  3.6829e-05  2.9932e-05  1.2967e-03  5.1547e-03  1.3769e-03  0:02:30   19

 turbulent viscosity limited to viscosity ratio of 1.000000e+05 in 865 cells 

 Reversed flow on 588 faces of pressure-outlet 7.
   907  3.2046e-01  3.0284e-05  3.6775e-05  2.9952e-05  1.2971e-03  5.4281e-03  1.3768e-03  0:02:22   18

 turbulent viscosity limited to viscosity ratio of 1.000000e+05 in 865 cells 

 Reversed flow on 581 faces of pressure-outlet 7.
   908  3.2007e-01  3.0262e-05  3.6730e-05  2.9959e-05  1.2965e-03  4.9907e-03  1.3768e-03  0:02:11   17

 turbulent viscosity limited to viscosity ratio of 1.000000e+05 in 865 cells 

 Reversed flow on 581 faces of pressure-outlet 7.
   909  3.1956e-01  3.0233e-05  3.6681e-05  2.9958e-05  1.2967e-03  5.6529e-03  1.3766e-03  0:02:05   16

 turbulent viscosity limited to viscosity ratio of 1.000000e+05 in 865 cells 

 Reversed flow on 586 faces of pressure-outlet 7.
   910  3.1890e-01  3.0212e-05  3.6640e-05  2.9958e-05  1.2974e-03  5.4141e-03  1.3762e-03  0:01:57   15

 turbulent viscosity limited to viscosity ratio of 1.000000e+05 in 865 cells 

 Reversed flow on 586 faces of pressure-outlet 7.

  iter  continuity  x-velocity  y-velocity  z-velocity           k     epsilon  vf-phase-2     time/iter
   911  3.1838e-01  3.0196e-05  3.6587e-05  2.9963e-05  1.2982e-03  5.9348e-03  1.3758e-03  0:01:50   14

 turbulent viscosity limited to viscosity ratio of 1.000000e+05 in 865 cells 

 Reversed flow on 581 faces of pressure-outlet 7.
   912  3.1816e-01  3.0173e-05  3.6541e-05  2.9967e-05  1.2970e-03  5.8610e-03  1.3753e-03  0:01:43   13

 turbulent viscosity limited to viscosity ratio of 1.000000e+05 in 865 cells 

 Reversed flow on 581 faces of pressure-outlet 7.
   913  3.1799e-01  3.0154e-05  3.6504e-05  2.9965e-05  1.2987e-03  5.5793e-03  1.3748e-03  0:01:35   12

 turbulent viscosity limited to viscosity ratio of 1.000000e+05 in 864 cells 

 Reversed flow on 584 faces of pressure-outlet 7.
   914  3.1799e-01  3.0133e-05  3.6465e-05  2.9960e-05  1.2991e-03  5.6428e-03  1.3742e-03  0:01:27   11

 turbulent viscosity limited to viscosity ratio of 1.000000e+05 in 863 cells 

 Reversed flow on 577 faces of pressure-outlet 7.
   915  3.1763e-01  3.0122e-05  3.6428e-05  2.9955e-05  1.2993e-03  5.2248e-03  1.3735e-03  0:01:17   10

 turbulent viscosity limited to viscosity ratio of 1.000000e+05 in 863 cells 

 Reversed flow on 568 faces of pressure-outlet 7.
   916  3.1707e-01  3.0112e-05  3.6390e-05  2.9935e-05  1.2993e-03  5.1046e-03  1.3732e-03  0:01:10    9

 turbulent viscosity limited to viscosity ratio of 1.000000e+05 in 863 cells 

 Reversed flow on 573 faces of pressure-outlet 7.
   917  3.1661e-01  3.0091e-05  3.6355e-05  2.9926e-05  1.3022e-03  6.5474e-03  1.3727e-03  0:01:03    8

 turbulent viscosity limited to viscosity ratio of 1.000000e+05 in 863 cells 

 Reversed flow on 578 faces of pressure-outlet 7.
   918  3.1599e-01  3.0091e-05  3.6331e-05  2.9933e-05  1.3032e-03  6.2072e-03  1.3721e-03  0:00:55    7

 turbulent viscosity limited to viscosity ratio of 1.000000e+05 in 863 cells 

 Reversed flow on 576 faces of pressure-outlet 7.
   919  3.1561e-01  3.0082e-05  3.6308e-05  2.9920e-05  1.3049e-03  6.1513e-03  1.3715e-03  0:00:46    6

 turbulent viscosity limited to viscosity ratio of 1.000000e+05 in 863 cells 

 Reversed flow on 572 faces of pressure-outlet 7.
   920  3.1534e-01  3.0071e-05  3.6282e-05  2.9916e-05  1.3053e-03  5.9420e-03  1.3708e-03  0:00:39    5

 turbulent viscosity limited to viscosity ratio of 1.000000e+05 in 863 cells 

 Reversed flow on 578 faces of pressure-outlet 7.
   921  3.1513e-01  3.0072e-05  3.6249e-05  2.9897e-05  1.3061e-03  6.0373e-03  1.3702e-03  0:00:31    4

 turbulent viscosity limited to viscosity ratio of 1.000000e+05 in 863 cells 

 Reversed flow on 578 faces of pressure-outlet 7.

  iter  continuity  x-velocity  y-velocity  z-velocity           k     epsilon  vf-phase-2     time/iter
   922  3.1478e-01  3.0078e-05  3.6220e-05  2.9874e-05  1.3054e-03  5.6224e-03  1.3695e-03  0:00:24    3

 turbulent viscosity limited to viscosity ratio of 1.000000e+05 in 863 cells 

 Reversed flow on 567 faces of pressure-outlet 7.
   923  3.1415e-01  3.0058e-05  3.6186e-05  2.9857e-05  1.3068e-03  5.8634e-03  1.3688e-03  0:00:16    2

 turbulent viscosity limited to viscosity ratio of 1.000000e+05 in 862 cells 

 Reversed flow on 572 faces of pressure-outlet 7.
   924  3.1367e-01  3.0061e-05  3.6154e-05  2.9831e-05  1.3069e-03  5.6547e-03  1.3680e-03  0:00:08    1

 turbulent viscosity limited to viscosity ratio of 1.000000e+05 in 862 cells 

 Reversed flow on 580 faces of pressure-outlet 7.
   925  3.1316e-01  3.0074e-05  3.6128e-05  2.9812e-05  1.3095e-03  6.2197e-03  1.3674e-03  0:00:00    0
iterate_925: RPC returned
progress: 925/1500

  iter  continuity  x-velocity  y-velocity  z-velocity           k     epsilon  vf-phase-2     time/iter
   925  3.1316e-01  3.0074e-05  3.6128e-05  2.9812e-05  1.3095e-03  6.2197e-03  1.3674e-03  0:03:13   25

 turbulent viscosity limited to viscosity ratio of 1.000000e+05 in 862 cells 

 Reversed flow on 569 faces of pressure-outlet 7.
   926  3.1273e-01  3.0089e-05  3.6122e-05  2.9795e-05  1.3103e-03  5.7853e-03  1.3667e-03  0:03:07   24

 turbulent viscosity limited to viscosity ratio of 1.000000e+05 in 862 cells 

 Reversed flow on 566 faces of pressure-outlet 7.
   927  3.1240e-01  3.0106e-05  3.6106e-05  2.9773e-05  1.3107e-03  5.6709e-03  1.3659e-03  0:03:00   23

 turbulent viscosity limited to viscosity ratio of 1.000000e+05 in 862 cells 

 Reversed flow on 559 faces of pressure-outlet 7.
   928  3.1217e-01  3.0122e-05  3.6073e-05  2.9756e-05  1.3137e-03  7.0844e-03  1.3653e-03  0:02:53   22

 turbulent viscosity limited to viscosity ratio of 1.000000e+05 in 862 cells 

 Reversed flow on 570 faces of pressure-outlet 7.
   929  3.1203e-01  3.0140e-05  3.6045e-05  2.9731e-05  1.3157e-03  6.6567e-03  1.3646e-03  0:02:41   21

 turbulent viscosity limited to viscosity ratio of 1.000000e+05 in 862 cells 

 Reversed flow on 567 faces of pressure-outlet 7.
   930  3.1201e-01  3.0172e-05  3.6030e-05  2.9697e-05  1.3157e-03  5.8992e-03  1.3639e-03  0:02:35   20

 turbulent viscosity limited to viscosity ratio of 1.000000e+05 in 862 cells 

 Reversed flow on 568 faces of pressure-outlet 7.
   931  3.1167e-01  3.0196e-05  3.6015e-05  2.9668e-05  1.3164e-03  5.8114e-03  1.3630e-03  0:02:28   19

 turbulent viscosity limited to viscosity ratio of 1.000000e+05 in 862 cells 

 Reversed flow on 566 faces of pressure-outlet 7.
   932  3.1127e-01  3.0225e-05  3.6004e-05  2.9644e-05  1.3177e-03  5.6670e-03  1.3622e-03  0:02:21   18

 turbulent viscosity limited to viscosity ratio of 1.000000e+05 in 862 cells 

 Reversed flow on 560 faces of pressure-outlet 7.
   933  3.1128e-01  3.0253e-05  3.5978e-05  2.9617e-05  1.3178e-03  5.6454e-03  1.3615e-03  0:02:14   17

 turbulent viscosity limited to viscosity ratio of 1.000000e+05 in 862 cells 

 Reversed flow on 562 faces of pressure-outlet 7.
   934  3.1108e-01  3.0296e-05  3.5961e-05  2.9601e-05  1.3224e-03  6.0535e-03  1.3608e-03  0:02:03   16

 turbulent viscosity limited to viscosity ratio of 1.000000e+05 in 862 cells 

 Reversed flow on 565 faces of pressure-outlet 7.
   935  3.1094e-01  3.0329e-05  3.5936e-05  2.9585e-05  1.3239e-03  6.5029e-03  1.3601e-03  0:01:56   15

 turbulent viscosity limited to viscosity ratio of 1.000000e+05 in 862 cells 

 Reversed flow on 569 faces of pressure-outlet 7.

  iter  continuity  x-velocity  y-velocity  z-velocity           k     epsilon  vf-phase-2     time/iter
   936  3.1092e-01  3.0367e-05  3.5921e-05  2.9565e-05  1.3236e-03  5.6256e-03  1.3595e-03  0:01:49   14

 turbulent viscosity limited to viscosity ratio of 1.000000e+05 in 861 cells 

 Reversed flow on 567 faces of pressure-outlet 7.
   937  3.1068e-01  3.0396e-05  3.5905e-05  2.9532e-05  1.3229e-03  5.2641e-03  1.3589e-03  0:01:42   13

 turbulent viscosity limited to viscosity ratio of 1.000000e+05 in 861 cells 

 Reversed flow on 570 faces of pressure-outlet 7.
   938  3.1053e-01  3.0428e-05  3.5880e-05  2.9506e-05  1.3262e-03  6.2055e-03  1.3583e-03  0:01:35   12

 turbulent viscosity limited to viscosity ratio of 1.000000e+05 in 861 cells 

 Reversed flow on 563 faces of pressure-outlet 7.
   939  3.1074e-01  3.0493e-05  3.5864e-05  2.9482e-05  1.3271e-03  5.9500e-03  1.3578e-03  0:01:27   11

 turbulent viscosity limited to viscosity ratio of 1.000000e+05 in 860 cells 

 Reversed flow on 558 faces of pressure-outlet 7.
   940  3.1088e-01  3.0563e-05  3.5831e-05  2.9457e-05  1.3289e-03  7.3179e-03  1.3574e-03  0:01:17   10

 turbulent viscosity limited to viscosity ratio of 1.000000e+05 in 860 cells 

 Reversed flow on 565 faces of pressure-outlet 7.
   941  3.1069e-01  3.0628e-05  3.5809e-05  2.9430e-05  1.3319e-03  7.0884e-03  1.3571e-03  0:01:10    9

 turbulent viscosity limited to viscosity ratio of 1.000000e+05 in 860 cells 

 Reversed flow on 570 faces of pressure-outlet 7.
   942  3.1044e-01  3.0691e-05  3.5797e-05  2.9422e-05  1.3323e-03  6.7668e-03  1.3567e-03  0:01:03    8

 turbulent viscosity limited to viscosity ratio of 1.000000e+05 in 860 cells 

 Reversed flow on 562 faces of pressure-outlet 7.
   943  3.1044e-01  3.0746e-05  3.5768e-05  2.9401e-05  1.3343e-03  7.3842e-03  1.3561e-03  0:00:55    7

 turbulent viscosity limited to viscosity ratio of 1.000000e+05 in 860 cells 

 Reversed flow on 569 faces of pressure-outlet 7.
   944  3.1040e-01  3.0802e-05  3.5747e-05  2.9379e-05  1.3307e-03  6.9449e-03  1.3556e-03  0:00:47    6

 turbulent viscosity limited to viscosity ratio of 1.000000e+05 in 860 cells 

 Reversed flow on 569 faces of pressure-outlet 7.
   945  3.1029e-01  3.0870e-05  3.5707e-05  2.9348e-05  1.3312e-03  6.4069e-03  1.3554e-03  0:00:40    5

 turbulent viscosity limited to viscosity ratio of 1.000000e+05 in 859 cells 

 Reversed flow on 558 faces of pressure-outlet 7.
   946  3.1014e-01  3.0949e-05  3.5665e-05  2.9329e-05  1.3316e-03  6.5391e-03  1.3551e-03  0:00:32    4

 turbulent viscosity limited to viscosity ratio of 1.000000e+05 in 858 cells 

 Reversed flow on 571 faces of pressure-outlet 7.

  iter  continuity  x-velocity  y-velocity  z-velocity           k     epsilon  vf-phase-2     time/iter
   947  3.0994e-01  3.1029e-05  3.5628e-05  2.9295e-05  1.3284e-03  5.9760e-03  1.3550e-03  0:00:23    3

 turbulent viscosity limited to viscosity ratio of 1.000000e+05 in 856 cells 

 Reversed flow on 569 faces of pressure-outlet 7.
   948  3.1011e-01  3.1106e-05  3.5583e-05  2.9269e-05  1.3300e-03  6.4200e-03  1.3548e-03  0:00:16    2

 turbulent viscosity limited to viscosity ratio of 1.000000e+05 in 857 cells 

 Reversed flow on 562 faces of pressure-outlet 7.
   949  3.1016e-01  3.1180e-05  3.5544e-05  2.9248e-05  1.3301e-03  6.2757e-03  1.3545e-03  0:00:08    1

 turbulent viscosity limited to viscosity ratio of 1.000000e+05 in 857 cells 

 Reversed flow on 567 faces of pressure-outlet 7.
   950  3.1025e-01  3.1257e-05  3.5508e-05  2.9231e-05  1.3260e-03  5.7673e-03  1.3543e-03  0:00:00    0
iterate_950: RPC returned
progress: 950/1500

  iter  continuity  x-velocity  y-velocity  z-velocity           k     epsilon  vf-phase-2     time/iter
   950  3.1025e-01  3.1257e-05  3.5508e-05  2.9231e-05  1.3260e-03  5.7673e-03  1.3543e-03  0:03:17   25

 turbulent viscosity limited to viscosity ratio of 1.000000e+05 in 856 cells 

 Reversed flow on 566 faces of pressure-outlet 7.
   951  3.1039e-01  3.1322e-05  3.5453e-05  2.9212e-05  1.3262e-03  6.0824e-03  1.3542e-03  0:03:14   24

 turbulent viscosity limited to viscosity ratio of 1.000000e+05 in 856 cells 

 Reversed flow on 573 faces of pressure-outlet 7.
   952  3.0998e-01  3.1376e-05  3.5394e-05  2.9195e-05  1.3267e-03  5.9688e-03  1.3540e-03  0:03:01   23

 turbulent viscosity limited to viscosity ratio of 1.000000e+05 in 855 cells 

 Reversed flow on 575 faces of pressure-outlet 7.
   953  3.0984e-01  3.1433e-05  3.5346e-05  2.9175e-05  1.3257e-03  7.2318e-03  1.3535e-03  0:02:54   22

 turbulent viscosity limited to viscosity ratio of 1.000000e+05 in 855 cells 

 Reversed flow on 567 faces of pressure-outlet 7.
   954  3.0983e-01  3.1494e-05  3.5303e-05  2.9148e-05  1.3249e-03  7.2271e-03  1.3530e-03  0:02:46   21

 turbulent viscosity limited to viscosity ratio of 1.000000e+05 in 855 cells 

 Reversed flow on 575 faces of pressure-outlet 7.
   955  3.0970e-01  3.1550e-05  3.5242e-05  2.9135e-05  1.3255e-03  7.0279e-03  1.3525e-03  0:02:39   20

 turbulent viscosity limited to viscosity ratio of 1.000000e+05 in 855 cells 

 Reversed flow on 575 faces of pressure-outlet 7.
   956  3.0952e-01  3.1590e-05  3.5179e-05  2.9123e-05  1.3223e-03  6.3737e-03  1.3521e-03  0:02:27   19

 turbulent viscosity limited to viscosity ratio of 1.000000e+05 in 855 cells 

 Reversed flow on 572 faces of pressure-outlet 7.
   957  3.0906e-01  3.1629e-05  3.5125e-05  2.9113e-05  1.3222e-03  7.6767e-03  1.3516e-03  0:02:20   18

 turbulent viscosity limited to viscosity ratio of 1.000000e+05 in 855 cells 

 Reversed flow on 579 faces of pressure-outlet 7.
   958  3.0908e-01  3.1670e-05  3.5073e-05  2.9108e-05  1.3217e-03  8.5252e-03  1.3512e-03  0:02:13   17

 turbulent viscosity limited to viscosity ratio of 1.000000e+05 in 856 cells 

 Reversed flow on 587 faces of pressure-outlet 7.
   959  3.0888e-01  3.1701e-05  3.5029e-05  2.9115e-05  1.3217e-03  8.6320e-03  1.3506e-03  0:02:06   16

 turbulent viscosity limited to viscosity ratio of 1.000000e+05 in 856 cells 

 Reversed flow on 590 faces of pressure-outlet 7.
   960  3.0874e-01  3.1736e-05  3.4965e-05  2.9107e-05  1.3178e-03  7.6708e-03  1.3501e-03  0:01:58   15

 turbulent viscosity limited to viscosity ratio of 1.000000e+05 in 856 cells 

 Reversed flow on 584 faces of pressure-outlet 7.

  iter  continuity  x-velocity  y-velocity  z-velocity           k     epsilon  vf-phase-2     time/iter
   961  3.0823e-01  3.1759e-05  3.4907e-05  2.9109e-05  1.3128e-03  6.8626e-03  1.3496e-03  0:01:51   14

 turbulent viscosity limited to viscosity ratio of 1.000000e+05 in 856 cells 

 Reversed flow on 592 faces of pressure-outlet 7.
   962  3.0750e-01  3.1767e-05  3.4833e-05  2.9111e-05  1.3080e-03  6.3443e-03  1.3491e-03  0:01:43   13

 turbulent viscosity limited to viscosity ratio of 1.000000e+05 in 856 cells 

 Reversed flow on 604 faces of pressure-outlet 7.
   963  3.0727e-01  3.1772e-05  3.4770e-05  2.9114e-05  1.3049e-03  6.3372e-03  1.3487e-03  0:01:35   12

 turbulent viscosity limited to viscosity ratio of 1.000000e+05 in 856 cells 

 Reversed flow on 598 faces of pressure-outlet 7.
   964  3.0715e-01  3.1771e-05  3.4714e-05  2.9123e-05  1.3021e-03  6.2457e-03  1.3481e-03  0:01:25   11

 turbulent viscosity limited to viscosity ratio of 1.000000e+05 in 856 cells 

 Reversed flow on 597 faces of pressure-outlet 7.
   965  3.0700e-01  3.1759e-05  3.4672e-05  2.9140e-05  1.2995e-03  6.3168e-03  1.3472e-03  0:01:18   10

 turbulent viscosity limited to viscosity ratio of 1.000000e+05 in 856 cells 

 Reversed flow on 594 faces of pressure-outlet 7.
   966  3.0641e-01  3.1739e-05  3.4619e-05  2.9160e-05  1.2948e-03  5.7878e-03  1.3464e-03  0:01:11    9

 turbulent viscosity limited to viscosity ratio of 1.000000e+05 in 856 cells 

 Reversed flow on 590 faces of pressure-outlet 7.
   967  3.0604e-01  3.1718e-05  3.4562e-05  2.9179e-05  1.2928e-03  6.5231e-03  1.3457e-03  0:01:03    8

 turbulent viscosity limited to viscosity ratio of 1.000000e+05 in 856 cells 

 Reversed flow on 610 faces of pressure-outlet 7.
   968  3.0542e-01  3.1692e-05  3.4512e-05  2.9209e-05  1.2886e-03  6.2939e-03  1.3448e-03  0:00:55    7

 turbulent viscosity limited to viscosity ratio of 1.000000e+05 in 856 cells 

 Reversed flow on 610 faces of pressure-outlet 7.
   969  3.0509e-01  3.1655e-05  3.4468e-05  2.9243e-05  1.2860e-03  6.4227e-03  1.3438e-03  0:00:48    6

 turbulent viscosity limited to viscosity ratio of 1.000000e+05 in 855 cells 

 Reversed flow on 613 faces of pressure-outlet 7.
   970  3.0461e-01  3.1630e-05  3.4433e-05  2.9272e-05  1.2864e-03  7.9738e-03  1.3428e-03  0:00:39    5

 turbulent viscosity limited to viscosity ratio of 1.000000e+05 in 854 cells 

 Reversed flow on 623 faces of pressure-outlet 7.
   971  3.0417e-01  3.1598e-05  3.4406e-05  2.9318e-05  1.2842e-03  7.3224e-03  1.3417e-03  0:00:31    4

 turbulent viscosity limited to viscosity ratio of 1.000000e+05 in 854 cells 

 Reversed flow on 635 faces of pressure-outlet 7.

  iter  continuity  x-velocity  y-velocity  z-velocity           k     epsilon  vf-phase-2     time/iter
   972  3.0374e-01  3.1562e-05  3.4378e-05  2.9359e-05  1.2806e-03  7.3181e-03  1.3406e-03  0:00:23    3

 turbulent viscosity limited to viscosity ratio of 1.000000e+05 in 854 cells 

 Reversed flow on 639 faces of pressure-outlet 7.
   973  3.0306e-01  3.1511e-05  3.4339e-05  2.9403e-05  1.2790e-03  8.8392e-03  1.3395e-03  0:00:16    2

 turbulent viscosity limited to viscosity ratio of 1.000000e+05 in 854 cells 

 Reversed flow on 637 faces of pressure-outlet 7.
   974  3.0230e-01  3.1453e-05  3.4304e-05  2.9452e-05  1.2739e-03  7.3917e-03  1.3384e-03  0:00:08    1

 turbulent viscosity limited to viscosity ratio of 1.000000e+05 in 854 cells 

 Reversed flow on 635 faces of pressure-outlet 7.
   975  3.0175e-01  3.1408e-05  3.4276e-05  2.9486e-05  1.2756e-03  8.4954e-03  1.3373e-03  0:00:00    0
iterate_975: RPC returned
progress: 975/1500

  iter  continuity  x-velocity  y-velocity  z-velocity           k     epsilon  vf-phase-2     time/iter
   975  3.0175e-01  3.1408e-05  3.4276e-05  2.9486e-05  1.2756e-03  8.4954e-03  1.3373e-03  0:03:13   25

 turbulent viscosity limited to viscosity ratio of 1.000000e+05 in 854 cells 

 Reversed flow on 638 faces of pressure-outlet 7.
   976  3.0145e-01  3.1352e-05  3.4254e-05  2.9531e-05  1.2679e-03  6.6444e-03  1.3361e-03  0:03:07   24

 turbulent viscosity limited to viscosity ratio of 1.000000e+05 in 854 cells 

 Reversed flow on 651 faces of pressure-outlet 7.
   977  3.0106e-01  3.1288e-05  3.4241e-05  2.9569e-05  1.2635e-03  6.8765e-03  1.3348e-03  0:03:00   23

 turbulent viscosity limited to viscosity ratio of 1.000000e+05 in 853 cells 

 Reversed flow on 647 faces of pressure-outlet 7.
   978  3.0089e-01  3.1227e-05  3.4221e-05  2.9614e-05  1.2602e-03  6.3852e-03  1.3333e-03  0:02:53   22

 turbulent viscosity limited to viscosity ratio of 1.000000e+05 in 853 cells 

 Reversed flow on 650 faces of pressure-outlet 7.
   979  3.0045e-01  3.1171e-05  3.4197e-05  2.9663e-05  1.2575e-03  6.5863e-03  1.3320e-03  0:02:41   21

 turbulent viscosity limited to viscosity ratio of 1.000000e+05 in 853 cells 

 Reversed flow on 640 faces of pressure-outlet 7.
   980  3.0020e-01  3.1107e-05  3.4166e-05  2.9701e-05  1.2521e-03  5.8183e-03  1.3307e-03  0:02:35   20

 turbulent viscosity limited to viscosity ratio of 1.000000e+05 in 853 cells 

 Reversed flow on 645 faces of pressure-outlet 7.
   981  3.0000e-01  3.1049e-05  3.4153e-05  2.9735e-05  1.2512e-03  6.8018e-03  1.3294e-03  0:02:28   19

 turbulent viscosity limited to viscosity ratio of 1.000000e+05 in 853 cells 

 Reversed flow on 652 faces of pressure-outlet 7.
   982  2.9967e-01  3.1000e-05  3.4137e-05  2.9791e-05  1.2525e-03  9.1538e-03  1.3281e-03  0:02:21   18

 turbulent viscosity limited to viscosity ratio of 1.000000e+05 in 853 cells 

 Reversed flow on 650 faces of pressure-outlet 7.
   983  2.9941e-01  3.0948e-05  3.4113e-05  2.9827e-05  1.2508e-03  8.0130e-03  1.3267e-03  0:02:14   17

 turbulent viscosity limited to viscosity ratio of 1.000000e+05 in 853 cells 

 Reversed flow on 656 faces of pressure-outlet 7.
   984  2.9934e-01  3.0893e-05  3.4104e-05  2.9867e-05  1.2453e-03  7.6244e-03  1.3253e-03  0:02:06   16

 turbulent viscosity limited to viscosity ratio of 1.000000e+05 in 853 cells 

 Reversed flow on 655 faces of pressure-outlet 7.
   985  2.9913e-01  3.0830e-05  3.4087e-05  2.9923e-05  1.2448e-03  8.2171e-03  1.3238e-03  0:01:56   15

 turbulent viscosity limited to viscosity ratio of 1.000000e+05 in 853 cells 

 Reversed flow on 666 faces of pressure-outlet 7.

  iter  continuity  x-velocity  y-velocity  z-velocity           k     epsilon  vf-phase-2     time/iter
   986  2.9874e-01  3.0779e-05  3.4067e-05  2.9960e-05  1.2385e-03  7.1926e-03  1.3224e-03  0:01:49   14

 turbulent viscosity limited to viscosity ratio of 1.000000e+05 in 853 cells 

 Reversed flow on 666 faces of pressure-outlet 7.
   987  2.9853e-01  3.0727e-05  3.4037e-05  3.0002e-05  1.2359e-03  6.7793e-03  1.3207e-03  0:01:42   13

 turbulent viscosity limited to viscosity ratio of 1.000000e+05 in 853 cells 

 Reversed flow on 664 faces of pressure-outlet 7.
   988  2.9864e-01  3.0680e-05  3.4021e-05  3.0046e-05  1.2340e-03  7.7120e-03  1.3192e-03  0:01:34   12

 turbulent viscosity limited to viscosity ratio of 1.000000e+05 in 853 cells 

 Reversed flow on 671 faces of pressure-outlet 7.
   989  2.9838e-01  3.0632e-05  3.3997e-05  3.0093e-05  1.2317e-03  8.7097e-03  1.3175e-03  0:01:27   11

 turbulent viscosity limited to viscosity ratio of 1.000000e+05 in 853 cells 

 Reversed flow on 677 faces of pressure-outlet 7.
   990  2.9822e-01  3.0587e-05  3.3969e-05  3.0125e-05  1.2325e-03  8.5173e-03  1.3158e-03  0:01:19   10

 turbulent viscosity limited to viscosity ratio of 1.000000e+05 in 852 cells 

 Reversed flow on 686 faces of pressure-outlet 7.
   991  2.9821e-01  3.0544e-05  3.3947e-05  3.0172e-05  1.2253e-03  7.0843e-03  1.3140e-03  0:01:10    9

 turbulent viscosity limited to viscosity ratio of 1.000000e+05 in 852 cells 

 Reversed flow on 682 faces of pressure-outlet 7.
   992  2.9788e-01  3.0497e-05  3.3924e-05  3.0218e-05  1.2203e-03  7.1296e-03  1.3124e-03  0:01:02    8

 turbulent viscosity limited to viscosity ratio of 1.000000e+05 in 852 cells 

 Reversed flow on 672 faces of pressure-outlet 7.
   993  2.9802e-01  3.0453e-05  3.3903e-05  3.0261e-05  1.2193e-03  7.2524e-03  1.3106e-03  0:00:55    7

 turbulent viscosity limited to viscosity ratio of 1.000000e+05 in 851 cells 

 Reversed flow on 682 faces of pressure-outlet 7.
   994  2.9800e-01  3.0421e-05  3.3878e-05  3.0323e-05  1.2141e-03  6.8630e-03  1.3089e-03  0:00:47    6

 turbulent viscosity limited to viscosity ratio of 1.000000e+05 in 851 cells 

 Reversed flow on 684 faces of pressure-outlet 7.
   995  2.9820e-01  3.0381e-05  3.3859e-05  3.0357e-05  1.2114e-03  6.5301e-03  1.3072e-03  0:00:39    5

 turbulent viscosity limited to viscosity ratio of 1.000000e+05 in 850 cells 

 Reversed flow on 693 faces of pressure-outlet 7.
   996  2.9824e-01  3.0350e-05  3.3830e-05  3.0406e-05  1.2061e-03  5.5929e-03  1.3056e-03  0:00:31    4

 turbulent viscosity limited to viscosity ratio of 1.000000e+05 in 849 cells 

 Reversed flow on 697 faces of pressure-outlet 7.

  iter  continuity  x-velocity  y-velocity  z-velocity           k     epsilon  vf-phase-2     time/iter
   997  2.9843e-01  3.0325e-05  3.3787e-05  3.0446e-05  1.2077e-03  6.8692e-03  1.3038e-03  0:00:23    3

 turbulent viscosity limited to viscosity ratio of 1.000000e+05 in 849 cells 

 Reversed flow on 707 faces of pressure-outlet 7.
   998  2.9846e-01  3.0308e-05  3.3747e-05  3.0479e-05  1.2040e-03  6.2350e-03  1.3021e-03  0:00:16    2

 turbulent viscosity limited to viscosity ratio of 1.000000e+05 in 848 cells 

 Reversed flow on 707 faces of pressure-outlet 7.
   999  2.9840e-01  3.0268e-05  3.3700e-05  3.0501e-05  1.2009e-03  6.4487e-03  1.3004e-03  0:00:08    1

 turbulent viscosity limited to viscosity ratio of 1.000000e+05 in 848 cells 

 Reversed flow on 703 faces of pressure-outlet 7.
  1000  2.9879e-01  3.0238e-05  3.3672e-05  3.0536e-05  1.2004e-03  6.6116e-03  1.2986e-03  0:00:00    0
iterate_1000: RPC returned
progress: 1000/1500

  iter  continuity  x-velocity  y-velocity  z-velocity           k     epsilon  vf-phase-2     time/iter
  1000  2.9879e-01  3.0238e-05  3.3672e-05  3.0536e-05  1.2004e-03  6.6116e-03  1.2986e-03  0:03:17   25

 turbulent viscosity limited to viscosity ratio of 1.000000e+05 in 848 cells 

 Reversed flow on 711 faces of pressure-outlet 7.
  1001  2.9892e-01  3.0218e-05  3.3645e-05  3.0560e-05  1.1983e-03  6.9309e-03  1.2969e-03  0:03:15   24

 turbulent viscosity limited to viscosity ratio of 1.000000e+05 in 848 cells 

 Reversed flow on 720 faces of pressure-outlet 7.
  1002  2.9939e-01  3.0211e-05  3.3617e-05  3.0588e-05  1.1999e-03  7.9995e-03  1.2952e-03  0:03:01   23

 turbulent viscosity limited to viscosity ratio of 1.000000e+05 in 848 cells 

 Reversed flow on 725 faces of pressure-outlet 7.
  1003  2.9970e-01  3.0199e-05  3.3580e-05  3.0613e-05  1.1945e-03  6.6222e-03  1.2934e-03  0:02:54   22

 turbulent viscosity limited to viscosity ratio of 1.000000e+05 in 847 cells 

 Reversed flow on 728 faces of pressure-outlet 7.
  1004  2.9934e-01  3.0174e-05  3.3533e-05  3.0628e-05  1.1910e-03  6.4601e-03  1.2918e-03  0:02:46   21

 turbulent viscosity limited to viscosity ratio of 1.000000e+05 in 846 cells 

 Reversed flow on 725 faces of pressure-outlet 7.
  1005  2.9952e-01  3.0153e-05  3.3501e-05  3.0644e-05  1.1886e-03  5.8934e-03  1.2901e-03  0:02:39   20

 turbulent viscosity limited to viscosity ratio of 1.000000e+05 in 846 cells 

 Reversed flow on 721 faces of pressure-outlet 7.
  1006  2.9965e-01  3.0130e-05  3.3459e-05  3.0663e-05  1.1869e-03  6.2872e-03  1.2884e-03  0:02:31   19

 turbulent viscosity limited to viscosity ratio of 1.000000e+05 in 846 cells 

 Reversed flow on 721 faces of pressure-outlet 7.
  1007  3.0002e-01  3.0121e-05  3.3434e-05  3.0670e-05  1.1840e-03  5.5423e-03  1.2867e-03  0:02:23   18

 turbulent viscosity limited to viscosity ratio of 1.000000e+05 in 846 cells 

 Reversed flow on 724 faces of pressure-outlet 7.
  1008  3.0027e-01  3.0124e-05  3.3385e-05  3.0664e-05  1.1827e-03  5.8978e-03  1.2849e-03  0:02:12   17

 turbulent viscosity limited to viscosity ratio of 1.000000e+05 in 846 cells 

 Reversed flow on 720 faces of pressure-outlet 7.
  1009  3.0069e-01  3.0141e-05  3.3345e-05  3.0667e-05  1.1834e-03  6.9874e-03  1.2832e-03  0:02:05   16

 turbulent viscosity limited to viscosity ratio of 1.000000e+05 in 847 cells 

 Reversed flow on 733 faces of pressure-outlet 7.
  1010  3.0101e-01  3.0151e-05  3.3306e-05  3.0671e-05  1.1860e-03  7.8605e-03  1.2814e-03  0:01:58   15

 turbulent viscosity limited to viscosity ratio of 1.000000e+05 in 847 cells 

 Reversed flow on 741 faces of pressure-outlet 7.

  iter  continuity  x-velocity  y-velocity  z-velocity           k     epsilon  vf-phase-2     time/iter
  1011  3.0163e-01  3.0162e-05  3.3272e-05  3.0673e-05  1.1831e-03  6.9461e-03  1.2795e-03  0:01:50   14

 turbulent viscosity limited to viscosity ratio of 1.000000e+05 in 848 cells 

 Reversed flow on 746 faces of pressure-outlet 7.
  1012  3.0175e-01  3.0179e-05  3.3239e-05  3.0676e-05  1.1802e-03  6.3236e-03  1.2777e-03  0:01:43   13

 turbulent viscosity limited to viscosity ratio of 1.000000e+05 in 848 cells 

 Reversed flow on 739 faces of pressure-outlet 7.
  1013  3.0204e-01  3.0190e-05  3.3198e-05  3.0669e-05  1.1797e-03  6.7860e-03  1.2759e-03  0:01:33   12

 turbulent viscosity limited to viscosity ratio of 1.000000e+05 in 848 cells 

 Reversed flow on 739 faces of pressure-outlet 7.
  1014  3.0225e-01  3.0208e-05  3.3163e-05  3.0672e-05  1.1800e-03  6.4544e-03  1.2742e-03  0:01:26   11

 turbulent viscosity limited to viscosity ratio of 1.000000e+05 in 849 cells 

 Reversed flow on 737 faces of pressure-outlet 7.
  1015  3.0250e-01  3.0234e-05  3.3123e-05  3.0676e-05  1.1783e-03  6.4888e-03  1.2724e-03  0:01:18   10

 turbulent viscosity limited to viscosity ratio of 1.000000e+05 in 849 cells 

 Reversed flow on 750 faces of pressure-outlet 7.
  1016  3.0308e-01  3.0257e-05  3.3093e-05  3.0668e-05  1.1770e-03  6.2788e-03  1.2707e-03  0:01:11    9

 turbulent viscosity limited to viscosity ratio of 1.000000e+05 in 848 cells 

 Reversed flow on 751 faces of pressure-outlet 7.
  1017  3.0356e-01  3.0285e-05  3.3060e-05  3.0666e-05  1.1755e-03  5.8401e-03  1.2689e-03  0:01:03    8

 turbulent viscosity limited to viscosity ratio of 1.000000e+05 in 847 cells 

 Reversed flow on 748 faces of pressure-outlet 7.
  1018  3.0397e-01  3.0304e-05  3.3025e-05  3.0660e-05  1.1740e-03  5.8695e-03  1.2671e-03  0:00:54    7

 turbulent viscosity limited to viscosity ratio of 1.000000e+05 in 847 cells 

 Reversed flow on 752 faces of pressure-outlet 7.
  1019  3.0445e-01  3.0339e-05  3.2990e-05  3.0654e-05  1.1767e-03  7.0726e-03  1.2652e-03  0:00:47    6

 turbulent viscosity limited to viscosity ratio of 1.000000e+05 in 847 cells 

 Reversed flow on 756 faces of pressure-outlet 7.
  1020  3.0502e-01  3.0372e-05  3.2966e-05  3.0652e-05  1.1756e-03  6.4064e-03  1.2634e-03  0:00:39    5

 turbulent viscosity limited to viscosity ratio of 1.000000e+05 in 847 cells 

 Reversed flow on 749 faces of pressure-outlet 7.
  1021  3.0560e-01  3.0410e-05  3.2950e-05  3.0643e-05  1.1734e-03  6.4578e-03  1.2616e-03  0:00:31    4

 turbulent viscosity limited to viscosity ratio of 1.000000e+05 in 847 cells 

 Reversed flow on 746 faces of pressure-outlet 7.

  iter  continuity  x-velocity  y-velocity  z-velocity           k     epsilon  vf-phase-2     time/iter
  1022  3.0617e-01  3.0442e-05  3.2929e-05  3.0643e-05  1.1778e-03  7.5987e-03  1.2597e-03  0:00:24    3

 turbulent viscosity limited to viscosity ratio of 1.000000e+05 in 846 cells 

 Reversed flow on 752 faces of pressure-outlet 7.
  1023  3.0661e-01  3.0478e-05  3.2919e-05  3.0661e-05  1.1763e-03  7.4080e-03  1.2579e-03  0:00:15    2

 turbulent viscosity limited to viscosity ratio of 1.000000e+05 in 846 cells 

 Reversed flow on 751 faces of pressure-outlet 7.
  1024  3.0755e-01  3.0524e-05  3.2904e-05  3.0676e-05  1.1764e-03  6.9481e-03  1.2562e-03  0:00:08    1

 turbulent viscosity limited to viscosity ratio of 1.000000e+05 in 846 cells 

 Reversed flow on 760 faces of pressure-outlet 7.
  1025  3.0773e-01  3.0556e-05  3.2884e-05  3.0684e-05  1.1753e-03  6.4038e-03  1.2544e-03  0:00:00    0
iterate_1025: RPC returned
progress: 1025/1500

  iter  continuity  x-velocity  y-velocity  z-velocity           k     epsilon  vf-phase-2     time/iter
  1025  3.0773e-01  3.0556e-05  3.2884e-05  3.0684e-05  1.1753e-03  6.4038e-03  1.2544e-03  0:03:15   25

 turbulent viscosity limited to viscosity ratio of 1.000000e+05 in 846 cells 

 Reversed flow on 766 faces of pressure-outlet 7.
  1026  3.0762e-01  3.0590e-05  3.2865e-05  3.0702e-05  1.1737e-03  5.5261e-03  1.2526e-03  0:03:13   24

 turbulent viscosity limited to viscosity ratio of 1.000000e+05 in 846 cells 

 Reversed flow on 757 faces of pressure-outlet 7.
  1027  3.0802e-01  3.0620e-05  3.2843e-05  3.0707e-05  1.1725e-03  5.4362e-03  1.2508e-03  0:03:00   23

 turbulent viscosity limited to viscosity ratio of 1.000000e+05 in 846 cells 

 Reversed flow on 755 faces of pressure-outlet 7.
  1028  3.0836e-01  3.0650e-05  3.2827e-05  3.0720e-05  1.1741e-03  5.4575e-03  1.2490e-03  0:02:53   22

 turbulent viscosity limited to viscosity ratio of 1.000000e+05 in 845 cells 

 Reversed flow on 758 faces of pressure-outlet 7.
  1029  3.0868e-01  3.0687e-05  3.2816e-05  3.0727e-05  1.1741e-03  5.2475e-03  1.2472e-03  0:02:46   21

 turbulent viscosity limited to viscosity ratio of 1.000000e+05 in 846 cells 

 Reversed flow on 762 faces of pressure-outlet 7.
  1030  3.0900e-01  3.0713e-05  3.2804e-05  3.0732e-05  1.1722e-03  4.4185e-03  1.2454e-03  0:02:38   20

 turbulent viscosity limited to viscosity ratio of 1.000000e+05 in 845 cells 

 Reversed flow on 760 faces of pressure-outlet 7.
  1031  3.0930e-01  3.0740e-05  3.2804e-05  3.0748e-05  1.1757e-03  5.0447e-03  1.2437e-03  0:02:31   19

 turbulent viscosity limited to viscosity ratio of 1.000000e+05 in 845 cells 

 Reversed flow on 747 faces of pressure-outlet 7.
  1032  3.0956e-01  3.0767e-05  3.2811e-05  3.0769e-05  1.1834e-03  8.1377e-03  1.2420e-03  0:02:23   18

 turbulent viscosity limited to viscosity ratio of 1.000000e+05 in 845 cells 

 Reversed flow on 750 faces of pressure-outlet 7.
  1033  3.0991e-01  3.0807e-05  3.2822e-05  3.0811e-05  1.1827e-03  6.7860e-03  1.2403e-03  0:02:15   17

 turbulent viscosity limited to viscosity ratio of 1.000000e+05 in 845 cells 

 Reversed flow on 748 faces of pressure-outlet 7.
  1034  3.1065e-01  3.0837e-05  3.2833e-05  3.0822e-05  1.1859e-03  6.7078e-03  1.2386e-03  0:02:07   16

 turbulent viscosity limited to viscosity ratio of 1.000000e+05 in 845 cells 

 Reversed flow on 748 faces of pressure-outlet 7.
  1035  3.1060e-01  3.0856e-05  3.2835e-05  3.0835e-05  1.1867e-03  6.1561e-03  1.2370e-03  0:01:57   15

 turbulent viscosity limited to viscosity ratio of 1.000000e+05 in 844 cells 

 Reversed flow on 749 faces of pressure-outlet 7.

  iter  continuity  x-velocity  y-velocity  z-velocity           k     epsilon  vf-phase-2     time/iter
  1036  3.1109e-01  3.0894e-05  3.2846e-05  3.0862e-05  1.1855e-03  5.4301e-03  1.2355e-03  0:01:49   14

 turbulent viscosity limited to viscosity ratio of 1.000000e+05 in 844 cells 

 Reversed flow on 748 faces of pressure-outlet 7.
  1037  3.1125e-01  3.0917e-05  3.2859e-05  3.0886e-05  1.1873e-03  5.2776e-03  1.2339e-03  0:01:42   13

 turbulent viscosity limited to viscosity ratio of 1.000000e+05 in 844 cells 

 Reversed flow on 760 faces of pressure-outlet 7.
  1038  3.1129e-01  3.0935e-05  3.2868e-05  3.0907e-05  1.1882e-03  5.0863e-03  1.2325e-03  0:01:35   12

 turbulent viscosity limited to viscosity ratio of 1.000000e+05 in 844 cells 

 Reversed flow on 754 faces of pressure-outlet 7.
  1039  3.1164e-01  3.0954e-05  3.2871e-05  3.0928e-05  1.1914e-03  5.1938e-03  1.2311e-03  0:01:27   11

 turbulent viscosity limited to viscosity ratio of 1.000000e+05 in 844 cells 

 Reversed flow on 738 faces of pressure-outlet 7.
  1040  3.1192e-01  3.0980e-05  3.2876e-05  3.0956e-05  1.1950e-03  6.0822e-03  1.2298e-03  0:01:17   10

 turbulent viscosity limited to viscosity ratio of 1.000000e+05 in 844 cells 

 Reversed flow on 738 faces of pressure-outlet 7.
  1041  3.1232e-01  3.0999e-05  3.2879e-05  3.0983e-05  1.1980e-03  5.7350e-03  1.2285e-03  0:01:10    9

 turbulent viscosity limited to viscosity ratio of 1.000000e+05 in 844 cells 

 Reversed flow on 744 faces of pressure-outlet 7.
  1042  3.1257e-01  3.1015e-05  3.2895e-05  3.1010e-05  1.2008e-03  6.5142e-03  1.2272e-03  0:01:03    8

 turbulent viscosity limited to viscosity ratio of 1.000000e+05 in 844 cells 

 Reversed flow on 758 faces of pressure-outlet 7.
  1043  3.1303e-01  3.1033e-05  3.2910e-05  3.1040e-05  1.2043e-03  6.7063e-03  1.2261e-03  0:00:55    7

 turbulent viscosity limited to viscosity ratio of 1.000000e+05 in 844 cells 

 Reversed flow on 752 faces of pressure-outlet 7.
  1044  3.1330e-01  3.1051e-05  3.2915e-05  3.1056e-05  1.2045e-03  6.2866e-03  1.2249e-03  0:00:47    6

 turbulent viscosity limited to viscosity ratio of 1.000000e+05 in 843 cells 

 Reversed flow on 746 faces of pressure-outlet 7.
  1045  3.1356e-01  3.1065e-05  3.2909e-05  3.1075e-05  1.2037e-03  5.5672e-03  1.2239e-03  0:00:39    5

 turbulent viscosity limited to viscosity ratio of 1.000000e+05 in 843 cells 

 Reversed flow on 742 faces of pressure-outlet 7.
  1046  3.1369e-01  3.1072e-05  3.2915e-05  3.1086e-05  1.2066e-03  6.1367e-03  1.2229e-03  0:00:31    4

 turbulent viscosity limited to viscosity ratio of 1.000000e+05 in 843 cells 

 Reversed flow on 737 faces of pressure-outlet 7.

  iter  continuity  x-velocity  y-velocity  z-velocity           k     epsilon  vf-phase-2     time/iter
  1047  3.1401e-01  3.1092e-05  3.2908e-05  3.1094e-05  1.2079e-03  5.6458e-03  1.2220e-03  0:00:23    3

 turbulent viscosity limited to viscosity ratio of 1.000000e+05 in 843 cells 

 Reversed flow on 750 faces of pressure-outlet 7.
  1048  3.1435e-01  3.1106e-05  3.2903e-05  3.1097e-05  1.2068e-03  5.1760e-03  1.2211e-03  0:00:16    2

 turbulent viscosity limited to viscosity ratio of 1.000000e+05 in 843 cells 

 Reversed flow on 740 faces of pressure-outlet 7.
  1049  3.1455e-01  3.1103e-05  3.2889e-05  3.1075e-05  1.2100e-03  5.7965e-03  1.2202e-03  0:00:08    1

iterate_1050: RPC returned
progress: 1050/1500
 turbulent viscosity limited to viscosity ratio of 1.000000e+05 in 843 cells 

 Reversed flow on 736 faces of pressure-outlet 7.
  1050  3.1469e-01  3.1118e-05  3.2871e-05  3.1072e-05  1.2098e-03  5.3487e-03  1.2194e-03  0:00:00    0

  iter  continuity  x-velocity  y-velocity  z-velocity           k     epsilon  vf-phase-2     time/iter
  1050  3.1469e-01  3.1118e-05  3.2871e-05  3.1072e-05  1.2098e-03  5.3487e-03  1.2194e-03  0:03:13   25

 turbulent viscosity limited to viscosity ratio of 1.000000e+05 in 843 cells 

 Reversed flow on 742 faces of pressure-outlet 7.
  1051  3.1506e-01  3.1126e-05  3.2855e-05  3.1053e-05  1.2116e-03  5.2247e-03  1.2185e-03  0:03:06   24

 turbulent viscosity limited to viscosity ratio of 1.000000e+05 in 843 cells 

 Reversed flow on 742 faces of pressure-outlet 7.
  1052  3.1496e-01  3.1120e-05  3.2830e-05  3.1043e-05  1.2112e-03  5.0384e-03  1.2177e-03  0:03:00   23

 turbulent viscosity limited to viscosity ratio of 1.000000e+05 in 843 cells 

 Reversed flow on 733 faces of pressure-outlet 7.
  1053  3.1502e-01  3.1117e-05  3.2804e-05  3.1016e-05  1.2129e-03  5.0301e-03  1.2170e-03  0:02:53   22

 turbulent viscosity limited to viscosity ratio of 1.000000e+05 in 843 cells 

 Reversed flow on 726 faces of pressure-outlet 7.
  1054  3.1485e-01  3.1114e-05  3.2771e-05  3.0986e-05  1.2122e-03  4.7420e-03  1.2163e-03  0:02:41   21

 turbulent viscosity limited to viscosity ratio of 1.000000e+05 in 843 cells 

 Reversed flow on 729 faces of pressure-outlet 7.
  1055  3.1463e-01  3.1110e-05  3.2739e-05  3.0942e-05  1.2141e-03  5.5466e-03  1.2156e-03  0:02:35   20

 turbulent viscosity limited to viscosity ratio of 1.000000e+05 in 843 cells 

 Reversed flow on 733 faces of pressure-outlet 7.
  1056  3.1448e-01  3.1107e-05  3.2707e-05  3.0900e-05  1.2166e-03  5.1664e-03  1.2149e-03  0:02:28   19

 turbulent viscosity limited to viscosity ratio of 1.000000e+05 in 843 cells 

 Reversed flow on 734 faces of pressure-outlet 7.
  1057  3.1445e-01  3.1112e-05  3.2673e-05  3.0860e-05  1.2157e-03  4.8587e-03  1.2142e-03  0:02:21   18

 turbulent viscosity limited to viscosity ratio of 1.000000e+05 in 842 cells 

 Reversed flow on 733 faces of pressure-outlet 7.
  1058  3.1452e-01  3.1110e-05  3.2627e-05  3.0800e-05  1.2170e-03  5.2253e-03  1.2134e-03  0:02:14   17

 turbulent viscosity limited to viscosity ratio of 1.000000e+05 in 841 cells 

 Reversed flow on 728 faces of pressure-outlet 7.
  1059  3.1415e-01  3.1102e-05  3.2580e-05  3.0749e-05  1.2174e-03  5.2837e-03  1.2126e-03  0:02:06   16

 turbulent viscosity limited to viscosity ratio of 1.000000e+05 in 841 cells 

 Reversed flow on 725 faces of pressure-outlet 7.
  1060  3.1410e-01  3.1105e-05  3.2547e-05  3.0693e-05  1.2191e-03  5.1858e-03  1.2117e-03  0:01:56   15

 turbulent viscosity limited to viscosity ratio of 1.000000e+05 in 841 cells 

 Reversed flow on 728 faces of pressure-outlet 7.

  iter  continuity  x-velocity  y-velocity  z-velocity           k     epsilon  vf-phase-2     time/iter
  1061  3.1372e-01  3.1113e-05  3.2504e-05  3.0639e-05  1.2196e-03  5.4077e-03  1.2109e-03  0:01:49   14

 turbulent viscosity limited to viscosity ratio of 1.000000e+05 in 841 cells 

 Reversed flow on 722 faces of pressure-outlet 7.
  1062  3.1341e-01  3.1104e-05  3.2453e-05  3.0560e-05  1.2190e-03  5.5498e-03  1.2100e-03  0:01:42   13

 turbulent viscosity limited to viscosity ratio of 1.000000e+05 in 839 cells 

 Reversed flow on 727 faces of pressure-outlet 7.
  1063  3.1312e-01  3.1110e-05  3.2402e-05  3.0486e-05  1.2197e-03  5.2783e-03  1.2091e-03  0:01:34   12

 turbulent viscosity limited to viscosity ratio of 1.000000e+05 in 840 cells 

 Reversed flow on 732 faces of pressure-outlet 7.
  1064  3.1286e-01  3.1105e-05  3.2350e-05  3.0412e-05  1.2178e-03  4.8508e-03  1.2082e-03  0:01:27   11

 turbulent viscosity limited to viscosity ratio of 1.000000e+05 in 840 cells 

 Reversed flow on 731 faces of pressure-outlet 7.
  1065  3.1241e-01  3.1098e-05  3.2300e-05  3.0349e-05  1.2163e-03  4.8405e-03  1.2074e-03  0:01:17   10

 turbulent viscosity limited to viscosity ratio of 1.000000e+05 in 840 cells 

 Reversed flow on 731 faces of pressure-outlet 7.
  1066  3.1214e-01  3.1097e-05  3.2245e-05  3.0286e-05  1.2163e-03  5.0966e-03  1.2065e-03  0:01:10    9

 turbulent viscosity limited to viscosity ratio of 1.000000e+05 in 840 cells 

 Reversed flow on 728 faces of pressure-outlet 7.
  1067  3.1218e-01  3.1098e-05  3.2197e-05  3.0217e-05  1.2155e-03  5.3618e-03  1.2057e-03  0:01:02    8

 turbulent viscosity limited to viscosity ratio of 1.000000e+05 in 838 cells 

 Reversed flow on 733 faces of pressure-outlet 7.
  1068  3.1257e-01  3.1101e-05  3.2152e-05  3.0149e-05  1.2135e-03  5.0081e-03  1.2049e-03  0:00:55    7

 turbulent viscosity limited to viscosity ratio of 1.000000e+05 in 838 cells 

 Reversed flow on 727 faces of pressure-outlet 7.
  1069  3.1195e-01  3.1097e-05  3.2097e-05  3.0088e-05  1.2129e-03  6.0039e-03  1.2041e-03  0:00:47    6

 turbulent viscosity limited to viscosity ratio of 1.000000e+05 in 838 cells 

 Reversed flow on 722 faces of pressure-outlet 7.
  1070  3.1148e-01  3.1091e-05  3.2053e-05  3.0013e-05  1.2139e-03  6.9194e-03  1.2034e-03  0:00:39    5

 turbulent viscosity limited to viscosity ratio of 1.000000e+05 in 838 cells 

 Reversed flow on 718 faces of pressure-outlet 7.
  1071  3.1121e-01  3.1091e-05  3.1998e-05  2.9941e-05  1.2119e-03  6.9225e-03  1.2026e-03  0:00:31    4

 turbulent viscosity limited to viscosity ratio of 1.000000e+05 in 838 cells 

 Reversed flow on 726 faces of pressure-outlet 7.

  iter  continuity  x-velocity  y-velocity  z-velocity           k     epsilon  vf-phase-2     time/iter
  1072  3.1066e-01  3.1074e-05  3.1952e-05  2.9874e-05  1.2080e-03  6.4724e-03  1.2018e-03  0:00:23    3

 turbulent viscosity limited to viscosity ratio of 1.000000e+05 in 838 cells 

 Reversed flow on 723 faces of pressure-outlet 7.
  1073  3.1010e-01  3.1054e-05  3.1907e-05  2.9806e-05  1.2041e-03  6.2001e-03  1.2011e-03  0:00:16    2

 turbulent viscosity limited to viscosity ratio of 1.000000e+05 in 838 cells 

 Reversed flow on 725 faces of pressure-outlet 7.
  1074  3.0918e-01  3.1042e-05  3.1861e-05  2.9734e-05  1.1999e-03  6.1070e-03  1.2003e-03  0:00:08    1

iterate_1075: RPC returned
 turbulent viscosity limited to viscosity ratio of 1.000000e+05 in 838 cells 

 Reversed flow on 728 faces of pressure-outlet 7.
  1075  3.0888e-01  3.1042e-05  3.1811e-05  2.9676e-05  1.1972e-03  6.5068e-03  1.1996e-03  0:00:00    0
progress: 1075/1500

  iter  continuity  x-velocity  y-velocity  z-velocity           k     epsilon  vf-phase-2     time/iter
  1075  3.0888e-01  3.1042e-05  3.1811e-05  2.9676e-05  1.1972e-03  6.5068e-03  1.1996e-03  0:03:18   25

 turbulent viscosity limited to viscosity ratio of 1.000000e+05 in 839 cells 

 Reversed flow on 732 faces of pressure-outlet 7.
  1076  3.0823e-01  3.1032e-05  3.1770e-05  2.9616e-05  1.1931e-03  5.8752e-03  1.1989e-03  0:03:10   24

 turbulent viscosity limited to viscosity ratio of 1.000000e+05 in 839 cells 

 Reversed flow on 721 faces of pressure-outlet 7.
  1077  3.0759e-01  3.1018e-05  3.1737e-05  2.9553e-05  1.1904e-03  5.4648e-03  1.1982e-03  0:03:03   23

 turbulent viscosity limited to viscosity ratio of 1.000000e+05 in 838 cells 

 Reversed flow on 721 faces of pressure-outlet 7.
  1078  3.0693e-01  3.1005e-05  3.1690e-05  2.9494e-05  1.1862e-03  5.0224e-03  1.1976e-03  0:02:51   22

 turbulent viscosity limited to viscosity ratio of 1.000000e+05 in 838 cells 

 Reversed flow on 722 faces of pressure-outlet 7.
  1079  3.0649e-01  3.0991e-05  3.1654e-05  2.9430e-05  1.1851e-03  5.6995e-03  1.1968e-03  0:02:44   21

 turbulent viscosity limited to viscosity ratio of 1.000000e+05 in 838 cells 

 Reversed flow on 728 faces of pressure-outlet 7.
  1080  3.0598e-01  3.0974e-05  3.1617e-05  2.9377e-05  1.1828e-03  5.5500e-03  1.1961e-03  0:02:37   20

 turbulent viscosity limited to viscosity ratio of 1.000000e+05 in 838 cells 

 Reversed flow on 724 faces of pressure-outlet 7.
  1081  3.0566e-01  3.0949e-05  3.1590e-05  2.9332e-05  1.1827e-03  5.9186e-03  1.1953e-03  0:02:30   19

 turbulent viscosity limited to viscosity ratio of 1.000000e+05 in 837 cells 

 Reversed flow on 731 faces of pressure-outlet 7.
  1082  3.0514e-01  3.0928e-05  3.1555e-05  2.9295e-05  1.1800e-03  5.6443e-03  1.1946e-03  0:02:22   18

 turbulent viscosity limited to viscosity ratio of 1.000000e+05 in 837 cells 

 Reversed flow on 732 faces of pressure-outlet 7.
  1083  3.0497e-01  3.0910e-05  3.1535e-05  2.9254e-05  1.1775e-03  5.6391e-03  1.1939e-03  0:02:15   17

 turbulent viscosity limited to viscosity ratio of 1.000000e+05 in 837 cells 

 Reversed flow on 727 faces of pressure-outlet 7.
  1084  3.0468e-01  3.0886e-05  3.1518e-05  2.9208e-05  1.1779e-03  6.9690e-03  1.1932e-03  0:02:04   16

 turbulent viscosity limited to viscosity ratio of 1.000000e+05 in 837 cells 

 Reversed flow on 729 faces of pressure-outlet 7.
  1085  3.0435e-01  3.0864e-05  3.1499e-05  2.9165e-05  1.1768e-03  7.3536e-03  1.1925e-03  0:01:57   15

 turbulent viscosity limited to viscosity ratio of 1.000000e+05 in 837 cells 

 Reversed flow on 734 faces of pressure-outlet 7.

  iter  continuity  x-velocity  y-velocity  z-velocity           k     epsilon  vf-phase-2     time/iter
  1086  3.0408e-01  3.0830e-05  3.1474e-05  2.9123e-05  1.1764e-03  6.9521e-03  1.1918e-03  0:01:50   14

 turbulent viscosity limited to viscosity ratio of 1.000000e+05 in 836 cells 

 Reversed flow on 733 faces of pressure-outlet 7.
  1087  3.0398e-01  3.0802e-05  3.1445e-05  2.9092e-05  1.1758e-03  8.0686e-03  1.1911e-03  0:01:42   13

 turbulent viscosity limited to viscosity ratio of 1.000000e+05 in 836 cells 

 Reversed flow on 739 faces of pressure-outlet 7.
  1088  3.0359e-01  3.0780e-05  3.1417e-05  2.9057e-05  1.1739e-03  6.8443e-03  1.1905e-03  0:01:32   12

 turbulent viscosity limited to viscosity ratio of 1.000000e+05 in 837 cells 

 Reversed flow on 746 faces of pressure-outlet 7.
  1089  3.0318e-01  3.0747e-05  3.1389e-05  2.9030e-05  1.1699e-03  6.4188e-03  1.1898e-03  0:01:25   11

 turbulent viscosity limited to viscosity ratio of 1.000000e+05 in 837 cells 

 Reversed flow on 745 faces of pressure-outlet 7.
  1090  3.0258e-01  3.0708e-05  3.1371e-05  2.8999e-05  1.1698e-03  6.6589e-03  1.1893e-03  0:01:18   10

 turbulent viscosity limited to viscosity ratio of 1.000000e+05 in 837 cells 

 Reversed flow on 742 faces of pressure-outlet 7.
  1091  3.0209e-01  3.0671e-05  3.1360e-05  2.8969e-05  1.1669e-03  6.4012e-03  1.1887e-03  0:01:11    9

 turbulent viscosity limited to viscosity ratio of 1.000000e+05 in 835 cells 

 Reversed flow on 743 faces of pressure-outlet 7.
  1092  3.0192e-01  3.0634e-05  3.1339e-05  2.8932e-05  1.1645e-03  6.3426e-03  1.1881e-03  0:01:03    8

 turbulent viscosity limited to viscosity ratio of 1.000000e+05 in 835 cells 

 Reversed flow on 743 faces of pressure-outlet 7.
  1093  3.0149e-01  3.0592e-05  3.1310e-05  2.8905e-05  1.1644e-03  6.5370e-03  1.1877e-03  0:00:54    7

 turbulent viscosity limited to viscosity ratio of 1.000000e+05 in 835 cells 

 Reversed flow on 751 faces of pressure-outlet 7.
  1094  3.0137e-01  3.0543e-05  3.1282e-05  2.8879e-05  1.1631e-03  6.5130e-03  1.1872e-03  0:00:47    6

 turbulent viscosity limited to viscosity ratio of 1.000000e+05 in 835 cells 

 Reversed flow on 750 faces of pressure-outlet 7.
  1095  3.0115e-01  3.0496e-05  3.1264e-05  2.8856e-05  1.1636e-03  7.1479e-03  1.1868e-03  0:00:39    5

 turbulent viscosity limited to viscosity ratio of 1.000000e+05 in 835 cells 

 Reversed flow on 756 faces of pressure-outlet 7.
  1096  3.0117e-01  3.0447e-05  3.1237e-05  2.8838e-05  1.1611e-03  6.4655e-03  1.1865e-03  0:00:31    4

 turbulent viscosity limited to viscosity ratio of 1.000000e+05 in 835 cells 

 Reversed flow on 758 faces of pressure-outlet 7.

  iter  continuity  x-velocity  y-velocity  z-velocity           k     epsilon  vf-phase-2     time/iter
  1097  3.0077e-01  3.0395e-05  3.1210e-05  2.8819e-05  1.1598e-03  6.4563e-03  1.1861e-03  0:00:24    3

 turbulent viscosity limited to viscosity ratio of 1.000000e+05 in 835 cells 

 Reversed flow on 766 faces of pressure-outlet 7.
  1098  3.0054e-01  3.0339e-05  3.1183e-05  2.8804e-05  1.1573e-03  6.1347e-03  1.1858e-03  0:00:15    2

 turbulent viscosity limited to viscosity ratio of 1.000000e+05 in 835 cells 

 Reversed flow on 758 faces of pressure-outlet 7.
  1099  3.0035e-01  3.0283e-05  3.1151e-05  2.8790e-05  1.1565e-03  6.1607e-03  1.1855e-03  0:00:08    1

 turbulent viscosity limited to viscosity ratio of 1.000000e+05 in 834 cells 

 Reversed flow on 759 faces of pressure-outlet 7.
  1100  3.0017e-01  3.0221e-05  3.1119e-05  2.8771e-05  1.1553e-03  6.3670e-03  1.1852e-03  0:00:00    0
iterate_1100: RPC returned
progress: 1100/1500

  iter  continuity  x-velocity  y-velocity  z-velocity           k     epsilon  vf-phase-2     time/iter
  1100  3.0017e-01  3.0221e-05  3.1119e-05  2.8771e-05  1.1553e-03  6.3670e-03  1.1852e-03  0:03:15   25

 turbulent viscosity limited to viscosity ratio of 1.000000e+05 in 834 cells 

 Reversed flow on 773 faces of pressure-outlet 7.
  1101  2.9987e-01  3.0153e-05  3.1095e-05  2.8756e-05  1.1546e-03  6.5306e-03  1.1850e-03  0:03:08   24

 turbulent viscosity limited to viscosity ratio of 1.000000e+05 in 833 cells 

 Reversed flow on 777 faces of pressure-outlet 7.
  1102  2.9957e-01  3.0085e-05  3.1072e-05  2.8742e-05  1.1566e-03  8.8855e-03  1.1849e-03  0:03:01   23

 turbulent viscosity limited to viscosity ratio of 1.000000e+05 in 832 cells 

 Reversed flow on 772 faces of pressure-outlet 7.
  1103  2.9943e-01  3.0019e-05  3.1056e-05  2.8736e-05  1.1527e-03  7.9111e-03  1.1848e-03  0:02:49   22

 turbulent viscosity limited to viscosity ratio of 1.000000e+05 in 832 cells 

 Reversed flow on 773 faces of pressure-outlet 7.
  1104  2.9906e-01  2.9950e-05  3.1021e-05  2.8715e-05  1.1524e-03  7.6860e-03  1.1848e-03  0:02:43   21

 turbulent viscosity limited to viscosity ratio of 1.000000e+05 in 832 cells 

 Reversed flow on 782 faces of pressure-outlet 7.
  1105  2.9859e-01  2.9864e-05  3.0995e-05  2.8700e-05  1.1491e-03  7.1882e-03  1.1849e-03  0:02:36   20

 turbulent viscosity limited to viscosity ratio of 1.000000e+05 in 832 cells 

 Reversed flow on 767 faces of pressure-outlet 7.
  1106  2.9824e-01  2.9787e-05  3.0982e-05  2.8685e-05  1.1456e-03  6.0562e-03  1.1851e-03  0:02:29   19

 turbulent viscosity limited to viscosity ratio of 1.000000e+05 in 832 cells 

 Reversed flow on 763 faces of pressure-outlet 7.
  1107  2.9783e-01  2.9700e-05  3.0968e-05  2.8678e-05  1.1442e-03  6.8247e-03  1.1853e-03  0:02:22   18

 turbulent viscosity limited to viscosity ratio of 1.000000e+05 in 832 cells 

 Reversed flow on 774 faces of pressure-outlet 7.
  1108  2.9765e-01  2.9620e-05  3.0948e-05  2.8664e-05  1.1464e-03  8.5033e-03  1.1855e-03  0:02:14   17

 turbulent viscosity limited to viscosity ratio of 1.000000e+05 in 832 cells 

 Reversed flow on 779 faces of pressure-outlet 7.
  1109  2.9737e-01  2.9548e-05  3.0923e-05  2.8640e-05  1.1457e-03  7.6873e-03  1.1858e-03  0:02:04   16

 turbulent viscosity limited to viscosity ratio of 1.000000e+05 in 832 cells 

 Reversed flow on 781 faces of pressure-outlet 7.
  1110  2.9715e-01  2.9454e-05  3.0908e-05  2.8625e-05  1.1420e-03  7.1501e-03  1.1861e-03  0:01:57   15

 turbulent viscosity limited to viscosity ratio of 1.000000e+05 in 832 cells 

 Reversed flow on 781 faces of pressure-outlet 7.

  iter  continuity  x-velocity  y-velocity  z-velocity           k     epsilon  vf-phase-2     time/iter
  1111  2.9631e-01  2.9355e-05  3.0893e-05  2.8597e-05  1.1386e-03  6.7923e-03  1.1865e-03  0:01:50   14

 turbulent viscosity limited to viscosity ratio of 1.000000e+05 in 832 cells 

 Reversed flow on 773 faces of pressure-outlet 7.
  1112  2.9571e-01  2.9246e-05  3.0886e-05  2.8577e-05  1.1368e-03  6.6490e-03  1.1869e-03  0:01:42   13

 turbulent viscosity limited to viscosity ratio of 1.000000e+05 in 832 cells 

 Reversed flow on 781 faces of pressure-outlet 7.
  1113  2.9509e-01  2.9151e-05  3.0872e-05  2.8553e-05  1.1351e-03  6.6166e-03  1.1874e-03  0:01:35   12

 turbulent viscosity limited to viscosity ratio of 1.000000e+05 in 833 cells 

 Reversed flow on 779 faces of pressure-outlet 7.
  1114  2.9458e-01  2.9046e-05  3.0856e-05  2.8520e-05  1.1329e-03  6.4151e-03  1.1879e-03  0:01:25   11

 turbulent viscosity limited to viscosity ratio of 1.000000e+05 in 833 cells 

 Reversed flow on 775 faces of pressure-outlet 7.
  1115  2.9418e-01  2.8949e-05  3.0840e-05  2.8483e-05  1.1312e-03  6.5599e-03  1.1884e-03  0:01:18   10

 turbulent viscosity limited to viscosity ratio of 1.000000e+05 in 833 cells 

 Reversed flow on 779 faces of pressure-outlet 7.
  1116  2.9378e-01  2.8846e-05  3.0828e-05  2.8447e-05  1.1291e-03  6.2318e-03  1.1890e-03  0:01:10    9

 turbulent viscosity limited to viscosity ratio of 1.000000e+05 in 833 cells 

 Reversed flow on 771 faces of pressure-outlet 7.
  1117  2.9328e-01  2.8740e-05  3.0820e-05  2.8407e-05  1.1257e-03  6.2190e-03  1.1897e-03  0:01:03    8

 turbulent viscosity limited to viscosity ratio of 1.000000e+05 in 833 cells 

 Reversed flow on 765 faces of pressure-outlet 7.
  1118  2.9284e-01  2.8632e-05  3.0819e-05  2.8362e-05  1.1264e-03  6.8777e-03  1.1904e-03  0:00:55    7

 turbulent viscosity limited to viscosity ratio of 1.000000e+05 in 833 cells 

 Reversed flow on 773 faces of pressure-outlet 7.
  1119  2.9263e-01  2.8530e-05  3.0816e-05  2.8313e-05  1.1264e-03  6.8172e-03  1.1912e-03  0:00:47    6

 turbulent viscosity limited to viscosity ratio of 1.000000e+05 in 833 cells 

 Reversed flow on 782 faces of pressure-outlet 7.
  1120  2.9193e-01  2.8436e-05  3.0804e-05  2.8276e-05  1.1264e-03  7.5126e-03  1.1921e-03  0:00:40    5

 turbulent viscosity limited to viscosity ratio of 1.000000e+05 in 833 cells 

 Reversed flow on 777 faces of pressure-outlet 7.
  1121  2.9159e-01  2.8320e-05  3.0808e-05  2.8228e-05  1.1233e-03  7.1333e-03  1.1931e-03  0:00:32    4

 turbulent viscosity limited to viscosity ratio of 1.000000e+05 in 833 cells 

 Reversed flow on 780 faces of pressure-outlet 7.

  iter  continuity  x-velocity  y-velocity  z-velocity           k     epsilon  vf-phase-2     time/iter
  1122  2.9075e-01  2.8223e-05  3.0801e-05  2.8170e-05  1.1244e-03  7.5134e-03  1.1941e-03  0:00:24    3

 turbulent viscosity limited to viscosity ratio of 1.000000e+05 in 832 cells 

 Reversed flow on 775 faces of pressure-outlet 7.
  1123  2.9040e-01  2.8120e-05  3.0797e-05  2.8114e-05  1.1221e-03  7.6044e-03  1.1953e-03  0:00:16    2

 turbulent viscosity limited to viscosity ratio of 1.000000e+05 in 831 cells 

 Reversed flow on 800 faces of pressure-outlet 7.
  1124  2.9002e-01  2.8017e-05  3.0793e-05  2.8051e-05  1.1197e-03  6.8997e-03  1.1965e-03  0:00:08    1

 turbulent viscosity limited to viscosity ratio of 1.000000e+05 in 831 cells 

 Reversed flow on 790 faces of pressure-outlet 7.
  1125  2.8956e-01  2.7906e-05  3.0788e-05  2.7982e-05  1.1197e-03  6.9241e-03  1.1978e-03  0:00:00    0
iterate_1125: RPC returned
progress: 1125/1500

=== autosave_1125 ===

Writing to EN439159:"C:\Users\qtra338\Documents\enthalpy_sweep_verified_20260721_v2\case_6_1760_autosave_iter1125.cas.h5" in NODE0 mode and compression level 1 ...
Grouping cells for Laplace smoothing ...
     5578299 cells,     1 zone  ...
    11355491 faces,     5 zones ...
     1026091 nodes,     1 zone  ...
  Done.
Done.
write_case_autosave_1125: OK

Writing to EN439159:"C:\Users\qtra338\Documents\enthalpy_sweep_verified_20260721_v2\case_6_1760_autosave_iter1125.dat.h5" in NODE0 mode and compression level 1 ...
  Writing results.
Done.write_data_autosave_1125: OK

saved_pair_autosave_1125: VERIFIED

  iter  continuity  x-velocity  y-velocity  z-velocity           k     epsilon  vf-phase-2     time/iter
  1125  2.8956e-01  2.7906e-05  3.0788e-05  2.7982e-05  1.1197e-03  6.9241e-03  1.1978e-03  0:03:16   25

 turbulent viscosity limited to viscosity ratio of 1.000000e+05 in 831 cells 

 Reversed flow on 785 faces of pressure-outlet 7.
  1126  2.8899e-01  2.7806e-05  3.0782e-05  2.7923e-05  1.1187e-03  7.0879e-03  1.1990e-03  0:03:09   24

 turbulent viscosity limited to viscosity ratio of 1.000000e+05 in 831 cells 

 Reversed flow on 790 faces of pressure-outlet 7.
  1127  2.8863e-01  2.7699e-05  3.0784e-05  2.7865e-05  1.1149e-03  6.3002e-03  1.2004e-03  0:03:02   23

 turbulent viscosity limited to viscosity ratio of 1.000000e+05 in 831 cells 

 Reversed flow on 789 faces of pressure-outlet 7.
  1128  2.8819e-01  2.7601e-05  3.0780e-05  2.7790e-05  1.1153e-03  7.5122e-03  1.2019e-03  0:02:50   22

 turbulent viscosity limited to viscosity ratio of 1.000000e+05 in 831 cells 

 Reversed flow on 797 faces of pressure-outlet 7.
  1129  2.8765e-01  2.7501e-05  3.0772e-05  2.7720e-05  1.1137e-03  6.8750e-03  1.2034e-03  0:02:43   21

 turbulent viscosity limited to viscosity ratio of 1.000000e+05 in 831 cells 

 Reversed flow on 797 faces of pressure-outlet 7.
  1130  2.8742e-01  2.7407e-05  3.0775e-05  2.7652e-05  1.1125e-03  6.4401e-03  1.2050e-03  0:02:36   20

 turbulent viscosity limited to viscosity ratio of 1.000000e+05 in 831 cells 

 Reversed flow on 792 faces of pressure-outlet 7.
  1131  2.8712e-01  2.7308e-05  3.0782e-05  2.7572e-05  1.1085e-03  5.6071e-03  1.2066e-03  0:02:29   19

 turbulent viscosity limited to viscosity ratio of 1.000000e+05 in 831 cells 

 Reversed flow on 793 faces of pressure-outlet 7.
  1132  2.8659e-01  2.7210e-05  3.0768e-05  2.7497e-05  1.1059e-03  5.3620e-03  1.2082e-03  0:02:22   18

 turbulent viscosity limited to viscosity ratio of 1.000000e+05 in 831 cells 

 Reversed flow on 786 faces of pressure-outlet 7.
  1133  2.8610e-01  2.7115e-05  3.0758e-05  2.7413e-05  1.1077e-03  6.7041e-03  1.2099e-03  0:02:11   17

 turbulent viscosity limited to viscosity ratio of 1.000000e+05 in 832 cells 

 Reversed flow on 783 faces of pressure-outlet 7.
  1134  2.8548e-01  2.7029e-05  3.0744e-05  2.7340e-05  1.1069e-03  6.4441e-03  1.2115e-03  0:02:04   16

 turbulent viscosity limited to viscosity ratio of 1.000000e+05 in 832 cells 

 Reversed flow on 784 faces of pressure-outlet 7.
  1135  2.8534e-01  2.6941e-05  3.0746e-05  2.7257e-05  1.1072e-03  8.2160e-03  1.2131e-03  0:01:57   15

 turbulent viscosity limited to viscosity ratio of 1.000000e+05 in 832 cells 

 Reversed flow on 791 faces of pressure-outlet 7.

  iter  continuity  x-velocity  y-velocity  z-velocity           k     epsilon  vf-phase-2     time/iter
  1136  2.8467e-01  2.6852e-05  3.0733e-05  2.7172e-05  1.1035e-03  7.5238e-03  1.2147e-03  0:01:50   14

 turbulent viscosity limited to viscosity ratio of 1.000000e+05 in 832 cells 

 Reversed flow on 793 faces of pressure-outlet 7.
  1137  2.8402e-01  2.6768e-05  3.0721e-05  2.7097e-05  1.1035e-03  7.4043e-03  1.2162e-03  0:01:42   13

 turbulent viscosity limited to viscosity ratio of 1.000000e+05 in 832 cells 

 Reversed flow on 782 faces of pressure-outlet 7.
  1138  2.8347e-01  2.6685e-05  3.0710e-05  2.7025e-05  1.1004e-03  7.3318e-03  1.2177e-03  0:01:32   12

 turbulent viscosity limited to viscosity ratio of 1.000000e+05 in 832 cells 

 Reversed flow on 798 faces of pressure-outlet 7.
  1139  2.8276e-01  2.6601e-05  3.0693e-05  2.6938e-05  1.0957e-03  6.2398e-03  1.2192e-03  0:01:25   11

 turbulent viscosity limited to viscosity ratio of 1.000000e+05 in 832 cells 

 Reversed flow on 793 faces of pressure-outlet 7.
  1140  2.8233e-01  2.6523e-05  3.0677e-05  2.6858e-05  1.0958e-03  8.3090e-03  1.2206e-03  0:01:18   10

 turbulent viscosity limited to viscosity ratio of 1.000000e+05 in 832 cells 

 Reversed flow on 781 faces of pressure-outlet 7.
  1141  2.8197e-01  2.6449e-05  3.0659e-05  2.6775e-05  1.0913e-03  7.8025e-03  1.2220e-03  0:01:11    9

 turbulent viscosity limited to viscosity ratio of 1.000000e+05 in 832 cells 

 Reversed flow on 793 faces of pressure-outlet 7.
  1142  2.8113e-01  2.6373e-05  3.0647e-05  2.6695e-05  1.0878e-03  7.1704e-03  1.2234e-03  0:01:03    8

 turbulent viscosity limited to viscosity ratio of 1.000000e+05 in 832 cells 

 Reversed flow on 792 faces of pressure-outlet 7.
  1143  2.8051e-01  2.6303e-05  3.0623e-05  2.6609e-05  1.0831e-03  6.7411e-03  1.2247e-03  0:00:54    7

 turbulent viscosity limited to viscosity ratio of 1.000000e+05 in 832 cells 

 Reversed flow on 788 faces of pressure-outlet 7.
  1144  2.7981e-01  2.6245e-05  3.0598e-05  2.6537e-05  1.0797e-03  7.2377e-03  1.2259e-03  0:00:47    6

 turbulent viscosity limited to viscosity ratio of 1.000000e+05 in 832 cells 

 Reversed flow on 790 faces of pressure-outlet 7.
  1145  2.7922e-01  2.6182e-05  3.0576e-05  2.6456e-05  1.0734e-03  6.5347e-03  1.2272e-03  0:00:39    5

 turbulent viscosity limited to viscosity ratio of 1.000000e+05 in 832 cells 

 Reversed flow on 786 faces of pressure-outlet 7.
  1146  2.7863e-01  2.6113e-05  3.0537e-05  2.6375e-05  1.0703e-03  6.2771e-03  1.2284e-03  0:00:31    4

 turbulent viscosity limited to viscosity ratio of 1.000000e+05 in 832 cells 

 Reversed flow on 791 faces of pressure-outlet 7.

  iter  continuity  x-velocity  y-velocity  z-velocity           k     epsilon  vf-phase-2     time/iter
  1147  2.7800e-01  2.6052e-05  3.0502e-05  2.6296e-05  1.0656e-03  5.7991e-03  1.2296e-03  0:00:24    3

 turbulent viscosity limited to viscosity ratio of 1.000000e+05 in 832 cells 

 Reversed flow on 785 faces of pressure-outlet 7.
  1148  2.7767e-01  2.5996e-05  3.0481e-05  2.6217e-05  1.0600e-03  5.3483e-03  1.2307e-03  0:00:16    2

 turbulent viscosity limited to viscosity ratio of 1.000000e+05 in 832 cells 

 Reversed flow on 779 faces of pressure-outlet 7.
  1149  2.7705e-01  2.5948e-05  3.0443e-05  2.6137e-05  1.0555e-03  5.3849e-03  1.2317e-03  0:00:08    1

 turbulent viscosity limited to viscosity ratio of 1.000000e+05 in 832 cells 

 Reversed flow on 782 faces of pressure-outlet 7.
  1150  2.7639e-01  2.5896e-05  3.0403e-05  2.6051e-05  1.0512e-03  5.5556e-03  1.2326e-03  0:00:00    0
iterate_1150: RPC returned
progress: 1150/1500

  iter  continuity  x-velocity  y-velocity  z-velocity           k     epsilon  vf-phase-2     time/iter
  1150  2.7639e-01  2.5896e-05  3.0403e-05  2.6051e-05  1.0512e-03  5.5556e-03  1.2326e-03  0:03:14   25

 turbulent viscosity limited to viscosity ratio of 1.000000e+05 in 832 cells 

 Reversed flow on 787 faces of pressure-outlet 7.
  1151  2.7576e-01  2.5844e-05  3.0365e-05  2.5964e-05  1.0451e-03  4.7152e-03  1.2334e-03  0:03:08   24

 turbulent viscosity limited to viscosity ratio of 1.000000e+05 in 832 cells 

 Reversed flow on 790 faces of pressure-outlet 7.
  1152  2.7535e-01  2.5787e-05  3.0329e-05  2.5880e-05  1.0438e-03  6.0103e-03  1.2342e-03  0:03:01   23

 turbulent viscosity limited to viscosity ratio of 1.000000e+05 in 832 cells 

 Reversed flow on 791 faces of pressure-outlet 7.
  1153  2.7483e-01  2.5735e-05  3.0290e-05  2.5801e-05  1.0406e-03  6.0858e-03  1.2349e-03  0:02:53   22

 turbulent viscosity limited to viscosity ratio of 1.000000e+05 in 833 cells 

 Reversed flow on 791 faces of pressure-outlet 7.
  1154  2.7453e-01  2.5687e-05  3.0256e-05  2.5715e-05  1.0375e-03  6.4871e-03  1.2356e-03  0:02:46   21

 turbulent viscosity limited to viscosity ratio of 1.000000e+05 in 833 cells 

 Reversed flow on 790 faces of pressure-outlet 7.
  1155  2.7437e-01  2.5648e-05  3.0222e-05  2.5629e-05  1.0359e-03  7.1244e-03  1.2361e-03  0:02:35   20

 turbulent viscosity limited to viscosity ratio of 1.000000e+05 in 832 cells 

 Reversed flow on 792 faces of pressure-outlet 7.
  1156  2.7409e-01  2.5610e-05  3.0198e-05  2.5554e-05  1.0333e-03  6.6883e-03  1.2366e-03  0:02:28   19

 turbulent viscosity limited to viscosity ratio of 1.000000e+05 in 832 cells 

 Reversed flow on 785 faces of pressure-outlet 7.
  1157  2.7365e-01  2.5561e-05  3.0163e-05  2.5464e-05  1.0282e-03  5.8082e-03  1.2371e-03  0:02:21   18

 turbulent viscosity limited to viscosity ratio of 1.000000e+05 in 832 cells 

 Reversed flow on 789 faces of pressure-outlet 7.
  1158  2.7317e-01  2.5527e-05  3.0117e-05  2.5379e-05  1.0257e-03  5.5056e-03  1.2375e-03  0:02:14   17

 turbulent viscosity limited to viscosity ratio of 1.000000e+05 in 832 cells 

 Reversed flow on 783 faces of pressure-outlet 7.
  1159  2.7285e-01  2.5492e-05  3.0078e-05  2.5305e-05  1.0254e-03  6.5532e-03  1.2378e-03  0:02:06   16

 turbulent viscosity limited to viscosity ratio of 1.000000e+05 in 832 cells 

 Reversed flow on 775 faces of pressure-outlet 7.
  1160  2.7249e-01  2.5458e-05  3.0045e-05  2.5241e-05  1.0212e-03  5.4729e-03  1.2381e-03  0:01:56   15

 turbulent viscosity limited to viscosity ratio of 1.000000e+05 in 832 cells 

 Reversed flow on 785 faces of pressure-outlet 7.

  iter  continuity  x-velocity  y-velocity  z-velocity           k     epsilon  vf-phase-2     time/iter
  1161  2.7251e-01  2.5424e-05  3.0007e-05  2.5173e-05  1.0206e-03  6.3128e-03  1.2382e-03  0:01:49   14

 turbulent viscosity limited to viscosity ratio of 1.000000e+05 in 832 cells 

 Reversed flow on 789 faces of pressure-outlet 7.
  1162  2.7186e-01  2.5396e-05  2.9956e-05  2.5110e-05  1.0178e-03  5.6782e-03  1.2382e-03  0:01:42   13

 turbulent viscosity limited to viscosity ratio of 1.000000e+05 in 832 cells 

 Reversed flow on 797 faces of pressure-outlet 7.
  1163  2.7121e-01  2.5363e-05  2.9902e-05  2.5041e-05  1.0158e-03  5.6851e-03  1.2382e-03  0:01:34   12

 turbulent viscosity limited to viscosity ratio of 1.000000e+05 in 832 cells 

 Reversed flow on 791 faces of pressure-outlet 7.
  1164  2.7078e-01  2.5337e-05  2.9857e-05  2.4972e-05  1.0133e-03  5.3487e-03  1.2381e-03  0:01:27   11

 turbulent viscosity limited to viscosity ratio of 1.000000e+05 in 832 cells 

 Reversed flow on 786 faces of pressure-outlet 7.
  1165  2.7023e-01  2.5316e-05  2.9811e-05  2.4913e-05  1.0116e-03  5.3982e-03  1.2379e-03  0:01:19   10

 turbulent viscosity limited to viscosity ratio of 1.000000e+05 in 832 cells 

 Reversed flow on 793 faces of pressure-outlet 7.
  1166  2.6982e-01  2.5286e-05  2.9766e-05  2.4851e-05  1.0125e-03  5.4650e-03  1.2376e-03  0:01:10    9

 turbulent viscosity limited to viscosity ratio of 1.000000e+05 in 831 cells 

 Reversed flow on 787 faces of pressure-outlet 7.
  1167  2.6952e-01  2.5261e-05  2.9721e-05  2.4786e-05  1.0122e-03  5.6522e-03  1.2373e-03  0:01:02    8

 turbulent viscosity limited to viscosity ratio of 1.000000e+05 in 831 cells 

 Reversed flow on 792 faces of pressure-outlet 7.
  1168  2.6917e-01  2.5234e-05  2.9679e-05  2.4725e-05  1.0107e-03  5.0826e-03  1.2368e-03  0:00:55    7

 turbulent viscosity limited to viscosity ratio of 1.000000e+05 in 831 cells 

 Reversed flow on 778 faces of pressure-outlet 7.
  1169  2.6882e-01  2.5214e-05  2.9638e-05  2.4659e-05  1.0101e-03  4.6955e-03  1.2362e-03  0:00:47    6

 turbulent viscosity limited to viscosity ratio of 1.000000e+05 in 831 cells 

 Reversed flow on 780 faces of pressure-outlet 7.
  1170  2.6840e-01  2.5198e-05  2.9601e-05  2.4612e-05  1.0081e-03  4.3731e-03  1.2356e-03  0:00:39    5

 turbulent viscosity limited to viscosity ratio of 1.000000e+05 in 831 cells 

 Reversed flow on 779 faces of pressure-outlet 7.
  1171  2.6792e-01  2.5182e-05  2.9555e-05  2.4567e-05  1.0087e-03  4.5803e-03  1.2349e-03  0:00:32    4

 turbulent viscosity limited to viscosity ratio of 1.000000e+05 in 831 cells 

 Reversed flow on 779 faces of pressure-outlet 7.

  iter  continuity  x-velocity  y-velocity  z-velocity           k     epsilon  vf-phase-2     time/iter
  1172  2.6735e-01  2.5158e-05  2.9510e-05  2.4513e-05  1.0087e-03  4.6992e-03  1.2341e-03  0:00:23    3

 turbulent viscosity limited to viscosity ratio of 1.000000e+05 in 831 cells 

 Reversed flow on 780 faces of pressure-outlet 7.
  1173  2.6681e-01  2.5148e-05  2.9473e-05  2.4476e-05  1.0092e-03  4.9071e-03  1.2333e-03  0:00:16    2

 turbulent viscosity limited to viscosity ratio of 1.000000e+05 in 831 cells 

 Reversed flow on 778 faces of pressure-outlet 7.
  1174  2.6670e-01  2.5118e-05  2.9440e-05  2.4427e-05  1.0087e-03  4.9918e-03  1.2325e-03  0:00:08    1

 turbulent viscosity limited to viscosity ratio of 1.000000e+05 in 831 cells 

 Reversed flow on 774 faces of pressure-outlet 7.
  1175  2.6579e-01  2.5089e-05  2.9394e-05  2.4384e-05  1.0081e-03  4.3058e-03  1.2317e-03  0:00:00    0
iterate_1175: RPC returned
progress: 1175/1500

  iter  continuity  x-velocity  y-velocity  z-velocity           k     epsilon  vf-phase-2     time/iter
  1175  2.6579e-01  2.5089e-05  2.9394e-05  2.4384e-05  1.0081e-03  4.3058e-03  1.2317e-03  0:03:17   25

 turbulent viscosity limited to viscosity ratio of 1.000000e+05 in 831 cells 

 Reversed flow on 773 faces of pressure-outlet 7.
  1176  2.6532e-01  2.5064e-05  2.9356e-05  2.4345e-05  1.0087e-03  4.7032e-03  1.2308e-03  0:03:09   24

 turbulent viscosity limited to viscosity ratio of 1.000000e+05 in 830 cells 

 Reversed flow on 773 faces of pressure-outlet 7.
  1177  2.6492e-01  2.5047e-05  2.9312e-05  2.4312e-05  1.0089e-03  4.4555e-03  1.2299e-03  0:03:02   23

 turbulent viscosity limited to viscosity ratio of 1.000000e+05 in 830 cells 

 Reversed flow on 780 faces of pressure-outlet 7.
  1178  2.6481e-01  2.5027e-05  2.9279e-05  2.4277e-05  1.0087e-03  4.4673e-03  1.2289e-03  0:02:54   22

 turbulent viscosity limited to viscosity ratio of 1.000000e+05 in 830 cells 

 Reversed flow on 774 faces of pressure-outlet 7.
  1179  2.6471e-01  2.5002e-05  2.9241e-05  2.4245e-05  1.0074e-03  4.1747e-03  1.2278e-03  0:02:47   21

 turbulent viscosity limited to viscosity ratio of 1.000000e+05 in 830 cells 

 Reversed flow on 773 faces of pressure-outlet 7.
  1180  2.6447e-01  2.4986e-05  2.9209e-05  2.4224e-05  1.0105e-03  5.5163e-03  1.2267e-03  0:02:39   20

 turbulent viscosity limited to viscosity ratio of 1.000000e+05 in 830 cells 

 Reversed flow on 775 faces of pressure-outlet 7.
  1181  2.6430e-01  2.4964e-05  2.9174e-05  2.4193e-05  1.0096e-03  4.7803e-03  1.2254e-03  0:02:28   19

 turbulent viscosity limited to viscosity ratio of 1.000000e+05 in 827 cells 

 Reversed flow on 765 faces of pressure-outlet 7.
  1182  2.6403e-01  2.4943e-05  2.9136e-05  2.4166e-05  1.0089e-03  4.3930e-03  1.2240e-03  0:02:21   18

 turbulent viscosity limited to viscosity ratio of 1.000000e+05 in 827 cells 

 Reversed flow on 763 faces of pressure-outlet 7.
  1183  2.6360e-01  2.4919e-05  2.9096e-05  2.4137e-05  1.0093e-03  4.3699e-03  1.2226e-03  0:02:13   17

 turbulent viscosity limited to viscosity ratio of 1.000000e+05 in 827 cells 

 Reversed flow on 764 faces of pressure-outlet 7.
  1184  2.6318e-01  2.4899e-05  2.9058e-05  2.4117e-05  1.0082e-03  4.1146e-03  1.2212e-03  0:02:06   16

 turbulent viscosity limited to viscosity ratio of 1.000000e+05 in 827 cells 

 Reversed flow on 773 faces of pressure-outlet 7.
  1185  2.6269e-01  2.4875e-05  2.9028e-05  2.4090e-05  1.0094e-03  4.4842e-03  1.2198e-03  0:01:59   15

 turbulent viscosity limited to viscosity ratio of 1.000000e+05 in 827 cells 

 Reversed flow on 779 faces of pressure-outlet 7.

  iter  continuity  x-velocity  y-velocity  z-velocity           k     epsilon  vf-phase-2     time/iter
  1186  2.6258e-01  2.4860e-05  2.8996e-05  2.4072e-05  1.0100e-03  4.5302e-03  1.2184e-03  0:01:51   14

 turbulent viscosity limited to viscosity ratio of 1.000000e+05 in 827 cells 

 Reversed flow on 780 faces of pressure-outlet 7.
  1187  2.6219e-01  2.4840e-05  2.8966e-05  2.4054e-05  1.0095e-03  4.3247e-03  1.2169e-03  0:01:41   13

 turbulent viscosity limited to viscosity ratio of 1.000000e+05 in 827 cells 

 Reversed flow on 778 faces of pressure-outlet 7.
  1188  2.6178e-01  2.4820e-05  2.8933e-05  2.4037e-05  1.0088e-03  3.6609e-03  1.2153e-03  0:01:33   12

 turbulent viscosity limited to viscosity ratio of 1.000000e+05 in 827 cells 

 Reversed flow on 777 faces of pressure-outlet 7.
  1189  2.6154e-01  2.4802e-05  2.8896e-05  2.4020e-05  1.0081e-03  3.7591e-03  1.2137e-03  0:01:26   11

 turbulent viscosity limited to viscosity ratio of 1.000000e+05 in 827 cells 

 Reversed flow on 777 faces of pressure-outlet 7.
  1190  2.6121e-01  2.4778e-05  2.8864e-05  2.4000e-05  1.0102e-03  4.5226e-03  1.2121e-03  0:01:19   10

 turbulent viscosity limited to viscosity ratio of 1.000000e+05 in 827 cells 

 Reversed flow on 769 faces of pressure-outlet 7.
  1191  2.6105e-01  2.4756e-05  2.8847e-05  2.3987e-05  1.0092e-03  4.2453e-03  1.2105e-03  0:01:11    9

 turbulent viscosity limited to viscosity ratio of 1.000000e+05 in 827 cells 

 Reversed flow on 773 faces of pressure-outlet 7.
  1192  2.6070e-01  2.4732e-05  2.8815e-05  2.3960e-05  1.0111e-03  4.5439e-03  1.2088e-03  0:01:03    8

 turbulent viscosity limited to viscosity ratio of 1.000000e+05 in 827 cells 

 Reversed flow on 761 faces of pressure-outlet 7.
  1193  2.6028e-01  2.4716e-05  2.8783e-05  2.3949e-05  1.0101e-03  4.3657e-03  1.2071e-03  0:00:54    7

 turbulent viscosity limited to viscosity ratio of 1.000000e+05 in 826 cells 

 Reversed flow on 763 faces of pressure-outlet 7.
  1194  2.6000e-01  2.4691e-05  2.8756e-05  2.3929e-05  1.0095e-03  3.9275e-03  1.2053e-03  0:00:47    6

 turbulent viscosity limited to viscosity ratio of 1.000000e+05 in 827 cells 

 Reversed flow on 764 faces of pressure-outlet 7.
  1195  2.5993e-01  2.4669e-05  2.8726e-05  2.3914e-05  1.0093e-03  3.7711e-03  1.2036e-03  0:00:39    5

 turbulent viscosity limited to viscosity ratio of 1.000000e+05 in 827 cells 

 Reversed flow on 767 faces of pressure-outlet 7.
  1196  2.5963e-01  2.4644e-05  2.8706e-05  2.3911e-05  1.0118e-03  4.7045e-03  1.2018e-03  0:00:31    4

 turbulent viscosity limited to viscosity ratio of 1.000000e+05 in 827 cells 

 Reversed flow on 767 faces of pressure-outlet 7.

  iter  continuity  x-velocity  y-velocity  z-velocity           k     epsilon  vf-phase-2     time/iter
  1197  2.5925e-01  2.4625e-05  2.8692e-05  2.3903e-05  1.0137e-03  4.6766e-03  1.2000e-03  0:00:24    3

 turbulent viscosity limited to viscosity ratio of 1.000000e+05 in 827 cells 

 Reversed flow on 776 faces of pressure-outlet 7.
  1198  2.5915e-01  2.4607e-05  2.8669e-05  2.3889e-05  1.0118e-03  4.2002e-03  1.1982e-03  0:00:15    2

 turbulent viscosity limited to viscosity ratio of 1.000000e+05 in 827 cells 

 Reversed flow on 772 faces of pressure-outlet 7.
  1199  2.5902e-01  2.4587e-05  2.8648e-05  2.3880e-05  1.0102e-03  3.6072e-03  1.1965e-03  0:00:08    1

 turbulent viscosity limited to viscosity ratio of 1.000000e+05 in 828 cells 

 Reversed flow on 765 faces of pressure-outlet 7.
  1200  2.5865e-01  2.4567e-05  2.8620e-05  2.3866e-05  1.0096e-03  3.5594e-03  1.1948e-03  0:00:00    0
iterate_1200: RPC returned
progress: 1200/1500

  iter  continuity  x-velocity  y-velocity  z-velocity           k     epsilon  vf-phase-2     time/iter
  1200  2.5865e-01  2.4567e-05  2.8620e-05  2.3866e-05  1.0096e-03  3.5594e-03  1.1948e-03  0:03:15   25

 turbulent viscosity limited to viscosity ratio of 1.000000e+05 in 827 cells 

 Reversed flow on 755 faces of pressure-outlet 7.
  1201  2.5859e-01  2.4542e-05  2.8597e-05  2.3863e-05  1.0109e-03  3.8317e-03  1.1931e-03  0:03:13   24

 turbulent viscosity limited to viscosity ratio of 1.000000e+05 in 827 cells 

 Reversed flow on 763 faces of pressure-outlet 7.
  1202  2.5806e-01  2.4511e-05  2.8568e-05  2.3851e-05  1.0086e-03  3.3611e-03  1.1914e-03  0:03:05   23

 turbulent viscosity limited to viscosity ratio of 1.000000e+05 in 826 cells 

 Reversed flow on 761 faces of pressure-outlet 7.
  1203  2.5765e-01  2.4475e-05  2.8533e-05  2.3847e-05  1.0084e-03  3.5008e-03  1.1897e-03  0:02:52   22

 turbulent viscosity limited to viscosity ratio of 1.000000e+05 in 826 cells 

 Reversed flow on 756 faces of pressure-outlet 7.
  1204  2.5733e-01  2.4448e-05  2.8508e-05  2.3835e-05  1.0086e-03  3.3104e-03  1.1881e-03  0:02:45   21

 turbulent viscosity limited to viscosity ratio of 1.000000e+05 in 826 cells 

 Reversed flow on 761 faces of pressure-outlet 7.
  1205  2.5709e-01  2.4422e-05  2.8486e-05  2.3839e-05  1.0093e-03  3.7127e-03  1.1864e-03  0:02:38   20

 turbulent viscosity limited to viscosity ratio of 1.000000e+05 in 826 cells 

 Reversed flow on 769 faces of pressure-outlet 7.
  1206  2.5670e-01  2.4400e-05  2.8457e-05  2.3843e-05  1.0104e-03  4.1724e-03  1.1848e-03  0:02:30   19

 turbulent viscosity limited to viscosity ratio of 1.000000e+05 in 826 cells 

 Reversed flow on 767 faces of pressure-outlet 7.
  1207  2.5628e-01  2.4369e-05  2.8429e-05  2.3832e-05  1.0108e-03  4.5634e-03  1.1831e-03  0:02:23   18

 turbulent viscosity limited to viscosity ratio of 1.000000e+05 in 826 cells 

 Reversed flow on 769 faces of pressure-outlet 7.
  1208  2.5589e-01  2.4341e-05  2.8410e-05  2.3839e-05  1.0106e-03  4.1571e-03  1.1814e-03  0:02:15   17

 turbulent viscosity limited to viscosity ratio of 1.000000e+05 in 825 cells 

 Reversed flow on 776 faces of pressure-outlet 7.
  1209  2.5579e-01  2.4316e-05  2.8385e-05  2.3847e-05  1.0091e-03  3.7631e-03  1.1796e-03  0:02:04   16

 turbulent viscosity limited to viscosity ratio of 1.000000e+05 in 825 cells 

 Reversed flow on 777 faces of pressure-outlet 7.
  1210  2.5558e-01  2.4284e-05  2.8363e-05  2.3846e-05  1.0083e-03  3.6739e-03  1.1779e-03  0:01:57   15

 turbulent viscosity limited to viscosity ratio of 1.000000e+05 in 824 cells 

 Reversed flow on 776 faces of pressure-outlet 7.

  iter  continuity  x-velocity  y-velocity  z-velocity           k     epsilon  vf-phase-2     time/iter
  1211  2.5521e-01  2.4251e-05  2.8343e-05  2.3849e-05  1.0079e-03  3.8121e-03  1.1762e-03  0:01:50   14

 turbulent viscosity limited to viscosity ratio of 1.000000e+05 in 824 cells 

 Reversed flow on 774 faces of pressure-outlet 7.
  1212  2.5486e-01  2.4209e-05  2.8318e-05  2.3853e-05  1.0060e-03  3.5338e-03  1.1746e-03  0:01:42   13

 turbulent viscosity limited to viscosity ratio of 1.000000e+05 in 824 cells 

 Reversed flow on 787 faces of pressure-outlet 7.
  1213  2.5483e-01  2.4182e-05  2.8303e-05  2.3863e-05  1.0059e-03  3.3938e-03  1.1730e-03  0:01:35   12

 turbulent viscosity limited to viscosity ratio of 1.000000e+05 in 825 cells 

 Reversed flow on 781 faces of pressure-outlet 7.
  1214  2.5448e-01  2.4147e-05  2.8284e-05  2.3871e-05  1.0047e-03  3.1682e-03  1.1714e-03  0:01:27   11

 turbulent viscosity limited to viscosity ratio of 1.000000e+05 in 825 cells 

 Reversed flow on 783 faces of pressure-outlet 7.
  1215  2.5433e-01  2.4109e-05  2.8266e-05  2.3882e-05  1.0054e-03  3.4866e-03  1.1699e-03  0:01:17   10

 turbulent viscosity limited to viscosity ratio of 1.000000e+05 in 825 cells 

 Reversed flow on 788 faces of pressure-outlet 7.
  1216  2.5404e-01  2.4076e-05  2.8246e-05  2.3895e-05  1.0051e-03  3.6291e-03  1.1683e-03  0:01:10    9

 turbulent viscosity limited to viscosity ratio of 1.000000e+05 in 825 cells 

 Reversed flow on 787 faces of pressure-outlet 7.
  1217  2.5377e-01  2.4041e-05  2.8226e-05  2.3910e-05  1.0048e-03  3.7314e-03  1.1668e-03  0:01:03    8

 turbulent viscosity limited to viscosity ratio of 1.000000e+05 in 825 cells 

 Reversed flow on 784 faces of pressure-outlet 7.
  1218  2.5352e-01  2.4002e-05  2.8209e-05  2.3922e-05  1.0040e-03  3.8807e-03  1.1653e-03  0:00:55    7

 turbulent viscosity limited to viscosity ratio of 1.000000e+05 in 825 cells 

 Reversed flow on 786 faces of pressure-outlet 7.
  1219  2.5331e-01  2.3959e-05  2.8193e-05  2.3941e-05  1.0054e-03  4.3219e-03  1.1638e-03  0:00:47    6

 turbulent viscosity limited to viscosity ratio of 1.000000e+05 in 825 cells 

 Reversed flow on 798 faces of pressure-outlet 7.
  1220  2.5307e-01  2.3929e-05  2.8185e-05  2.3959e-05  1.0042e-03  4.2485e-03  1.1623e-03  0:00:39    5

 turbulent viscosity limited to viscosity ratio of 1.000000e+05 in 825 cells 

 Reversed flow on 788 faces of pressure-outlet 7.
  1221  2.5309e-01  2.3895e-05  2.8179e-05  2.3977e-05  1.0045e-03  4.1934e-03  1.1608e-03  0:00:31    4

 turbulent viscosity limited to viscosity ratio of 1.000000e+05 in 825 cells 

 Reversed flow on 793 faces of pressure-outlet 7.

  iter  continuity  x-velocity  y-velocity  z-velocity           k     epsilon  vf-phase-2     time/iter
  1222  2.5273e-01  2.3860e-05  2.8173e-05  2.4001e-05  1.0024e-03  3.5558e-03  1.1594e-03  0:00:23    3

 turbulent viscosity limited to viscosity ratio of 1.000000e+05 in 824 cells 

 Reversed flow on 797 faces of pressure-outlet 7.
  1223  2.5253e-01  2.3815e-05  2.8165e-05  2.4012e-05  1.0027e-03  3.7999e-03  1.1580e-03  0:00:16    2

 turbulent viscosity limited to viscosity ratio of 1.000000e+05 in 824 cells 

 Reversed flow on 786 faces of pressure-outlet 7.
  1224  2.5228e-01  2.3784e-05  2.8158e-05  2.4038e-05  1.0015e-03  3.5200e-03  1.1567e-03  0:00:08    1

iterate_1225: RPC returned
progress: 1225/1500
 turbulent viscosity limited to viscosity ratio of 1.000000e+05 in 824 cells 

 Reversed flow on 801 faces of pressure-outlet 7.
  1225  2.5202e-01  2.3751e-05  2.8149e-05  2.4060e-05  1.0002e-03  3.4027e-03  1.1555e-03  0:00:00    0

  iter  continuity  x-velocity  y-velocity  z-velocity           k     epsilon  vf-phase-2     time/iter
  1225  2.5202e-01  2.3751e-05  2.8149e-05  2.4060e-05  1.0002e-03  3.4027e-03  1.1555e-03  0:03:18   25

 turbulent viscosity limited to viscosity ratio of 1.000000e+05 in 824 cells 

 Reversed flow on 803 faces of pressure-outlet 7.
  1226  2.5170e-01  2.3706e-05  2.8138e-05  2.4074e-05  1.0000e-03  3.5305e-03  1.1543e-03  0:03:10   24

 turbulent viscosity limited to viscosity ratio of 1.000000e+05 in 824 cells 

 Reversed flow on 803 faces of pressure-outlet 7.
  1227  2.5125e-01  2.3672e-05  2.8130e-05  2.4097e-05  1.0011e-03  4.1101e-03  1.1532e-03  0:03:03   23

 turbulent viscosity limited to viscosity ratio of 1.000000e+05 in 824 cells 

 Reversed flow on 801 faces of pressure-outlet 7.
  1228  2.5160e-01  2.3644e-05  2.8127e-05  2.4111e-05  1.0016e-03  3.9765e-03  1.1521e-03  0:02:55   22

 turbulent viscosity limited to viscosity ratio of 1.000000e+05 in 824 cells 

 Reversed flow on 810 faces of pressure-outlet 7.
  1229  2.5119e-01  2.3609e-05  2.8120e-05  2.4133e-05  1.0014e-03  4.1992e-03  1.1510e-03  0:02:47   21

 turbulent viscosity limited to viscosity ratio of 1.000000e+05 in 824 cells 

 Reversed flow on 812 faces of pressure-outlet 7.
  1230  2.5112e-01  2.3575e-05  2.8113e-05  2.4154e-05  1.0028e-03  4.3656e-03  1.1500e-03  0:02:35   20

 turbulent viscosity limited to viscosity ratio of 1.000000e+05 in 824 cells 

 Reversed flow on 805 faces of pressure-outlet 7.
  1231  2.5089e-01  2.3539e-05  2.8107e-05  2.4174e-05  1.0016e-03  3.7793e-03  1.1490e-03  0:02:28   19

 turbulent viscosity limited to viscosity ratio of 1.000000e+05 in 824 cells 

 Reversed flow on 805 faces of pressure-outlet 7.
  1232  2.5070e-01  2.3494e-05  2.8103e-05  2.4194e-05  1.0013e-03  3.4536e-03  1.1480e-03  0:02:21   18

 turbulent viscosity limited to viscosity ratio of 1.000000e+05 in 824 cells 

 Reversed flow on 804 faces of pressure-outlet 7.
  1233  2.5034e-01  2.3456e-05  2.8099e-05  2.4214e-05  1.0024e-03  3.7551e-03  1.1470e-03  0:02:14   17

 turbulent viscosity limited to viscosity ratio of 1.000000e+05 in 824 cells 

 Reversed flow on 804 faces of pressure-outlet 7.
  1234  2.5022e-01  2.3431e-05  2.8093e-05  2.4241e-05  1.0041e-03  4.0602e-03  1.1461e-03  0:02:06   16

 turbulent viscosity limited to viscosity ratio of 1.000000e+05 in 824 cells 

 Reversed flow on 808 faces of pressure-outlet 7.
  1235  2.5019e-01  2.3412e-05  2.8099e-05  2.4256e-05  1.0052e-03  4.1559e-03  1.1452e-03  0:01:59   15

 turbulent viscosity limited to viscosity ratio of 1.000000e+05 in 824 cells 

 Reversed flow on 795 faces of pressure-outlet 7.

  iter  continuity  x-velocity  y-velocity  z-velocity           k     epsilon  vf-phase-2     time/iter
  1236  2.5007e-01  2.3390e-05  2.8101e-05  2.4269e-05  1.0067e-03  4.0725e-03  1.1444e-03  0:01:48   14

 turbulent viscosity limited to viscosity ratio of 1.000000e+05 in 824 cells 

 Reversed flow on 803 faces of pressure-outlet 7.
  1237  2.4988e-01  2.3358e-05  2.8103e-05  2.4280e-05  1.0072e-03  4.1288e-03  1.1435e-03  0:01:41   13

 turbulent viscosity limited to viscosity ratio of 1.000000e+05 in 824 cells 

 Reversed flow on 808 faces of pressure-outlet 7.
  1238  2.4972e-01  2.3338e-05  2.8107e-05  2.4295e-05  1.0077e-03  3.8947e-03  1.1427e-03  0:01:34   12

 turbulent viscosity limited to viscosity ratio of 1.000000e+05 in 824 cells 

 Reversed flow on 800 faces of pressure-outlet 7.
  1239  2.4950e-01  2.3319e-05  2.8112e-05  2.4302e-05  1.0098e-03  4.0998e-03  1.1419e-03  0:01:27   11

 turbulent viscosity limited to viscosity ratio of 1.000000e+05 in 824 cells 

 Reversed flow on 798 faces of pressure-outlet 7.
  1240  2.4922e-01  2.3303e-05  2.8106e-05  2.4306e-05  1.0104e-03  3.6022e-03  1.1412e-03  0:01:19   10

 turbulent viscosity limited to viscosity ratio of 1.000000e+05 in 823 cells 

 Reversed flow on 813 faces of pressure-outlet 7.
  1241  2.4888e-01  2.3287e-05  2.8100e-05  2.4309e-05  1.0114e-03  3.7684e-03  1.1406e-03  0:01:11    9

 turbulent viscosity limited to viscosity ratio of 1.000000e+05 in 823 cells 

 Reversed flow on 802 faces of pressure-outlet 7.
  1242  2.4863e-01  2.3275e-05  2.8101e-05  2.4312e-05  1.0138e-03  4.0764e-03  1.1399e-03  0:01:03    8

 turbulent viscosity limited to viscosity ratio of 1.000000e+05 in 823 cells 

 Reversed flow on 809 faces of pressure-outlet 7.
  1243  2.4855e-01  2.3266e-05  2.8102e-05  2.4319e-05  1.0142e-03  3.7274e-03  1.1393e-03  0:00:56    7

 turbulent viscosity limited to viscosity ratio of 1.000000e+05 in 823 cells 

 Reversed flow on 811 faces of pressure-outlet 7.
  1244  2.4845e-01  2.3259e-05  2.8107e-05  2.4318e-05  1.0149e-03  3.6099e-03  1.1388e-03  0:00:48    6

 turbulent viscosity limited to viscosity ratio of 1.000000e+05 in 822 cells 

 Reversed flow on 799 faces of pressure-outlet 7.
  1245  2.4888e-01  2.3256e-05  2.8121e-05  2.4318e-05  1.0164e-03  3.9319e-03  1.1383e-03  0:00:39    5

 turbulent viscosity limited to viscosity ratio of 1.000000e+05 in 821 cells 

 Reversed flow on 809 faces of pressure-outlet 7.
  1246  2.4876e-01  2.3259e-05  2.8124e-05  2.4320e-05  1.0175e-03  3.7959e-03  1.1378e-03  0:00:31    4

 turbulent viscosity limited to viscosity ratio of 1.000000e+05 in 821 cells 

 Reversed flow on 808 faces of pressure-outlet 7.

  iter  continuity  x-velocity  y-velocity  z-velocity           k     epsilon  vf-phase-2     time/iter
  1247  2.4882e-01  2.3262e-05  2.8130e-05  2.4319e-05  1.0209e-03  4.4180e-03  1.1373e-03  0:00:24    3

 turbulent viscosity limited to viscosity ratio of 1.000000e+05 in 821 cells 

 Reversed flow on 808 faces of pressure-outlet 7.
  1248  2.4884e-01  2.3267e-05  2.8139e-05  2.4311e-05  1.0212e-03  4.3083e-03  1.1369e-03  0:00:16    2

 turbulent viscosity limited to viscosity ratio of 1.000000e+05 in 821 cells 

 Reversed flow on 807 faces of pressure-outlet 7.
  1249  2.4860e-01  2.3270e-05  2.8143e-05  2.4295e-05  1.0214e-03  3.7088e-03  1.1364e-03  0:00:08    1

iterate_1250: RPC returned
progress: 1250/1500
 turbulent viscosity limited to viscosity ratio of 1.000000e+05 in 821 cells 

 Reversed flow on 805 faces of pressure-outlet 7.
  1250  2.4869e-01  2.3268e-05  2.8144e-05  2.4277e-05  1.0211e-03  3.5198e-03  1.1361e-03  0:00:00    0

  iter  continuity  x-velocity  y-velocity  z-velocity           k     epsilon  vf-phase-2     time/iter
  1250  2.4869e-01  2.3268e-05  2.8144e-05  2.4277e-05  1.0211e-03  3.5198e-03  1.1361e-03  0:03:13   25

 turbulent viscosity limited to viscosity ratio of 1.000000e+05 in 821 cells 

 Reversed flow on 804 faces of pressure-outlet 7.
  1251  2.4865e-01  2.3279e-05  2.8152e-05  2.4269e-05  1.0219e-03  3.4316e-03  1.1357e-03  0:03:07   24

 turbulent viscosity limited to viscosity ratio of 1.000000e+05 in 822 cells 

 Reversed flow on 801 faces of pressure-outlet 7.
  1252  2.4865e-01  2.3288e-05  2.8158e-05  2.4259e-05  1.0234e-03  3.5596e-03  1.1354e-03  0:03:00   23

 turbulent viscosity limited to viscosity ratio of 1.000000e+05 in 822 cells 

 Reversed flow on 805 faces of pressure-outlet 7.
  1253  2.4865e-01  2.3301e-05  2.8165e-05  2.4246e-05  1.0245e-03  3.7032e-03  1.1350e-03  0:02:53   22

 turbulent viscosity limited to viscosity ratio of 1.000000e+05 in 822 cells 

 Reversed flow on 801 faces of pressure-outlet 7.
  1254  2.4862e-01  2.3312e-05  2.8165e-05  2.4225e-05  1.0251e-03  3.8017e-03  1.1347e-03  0:02:46   21

 turbulent viscosity limited to viscosity ratio of 1.000000e+05 in 822 cells 

 Reversed flow on 804 faces of pressure-outlet 7.
  1255  2.4845e-01  2.3318e-05  2.8170e-05  2.4205e-05  1.0262e-03  3.7052e-03  1.1344e-03  0:02:38   20

 turbulent viscosity limited to viscosity ratio of 1.000000e+05 in 822 cells 

 Reversed flow on 797 faces of pressure-outlet 7.
  1256  2.4832e-01  2.3332e-05  2.8168e-05  2.4185e-05  1.0262e-03  3.6379e-03  1.1340e-03  0:02:27   19

 turbulent viscosity limited to viscosity ratio of 1.000000e+05 in 822 cells 

 Reversed flow on 797 faces of pressure-outlet 7.
  1257  2.4811e-01  2.3343e-05  2.8171e-05  2.4166e-05  1.0264e-03  3.6404e-03  1.1337e-03  0:02:20   18

 turbulent viscosity limited to viscosity ratio of 1.000000e+05 in 822 cells 

 Reversed flow on 790 faces of pressure-outlet 7.
  1258  2.4837e-01  2.3354e-05  2.8174e-05  2.4149e-05  1.0278e-03  3.6717e-03  1.1333e-03  0:02:13   17

 turbulent viscosity limited to viscosity ratio of 1.000000e+05 in 822 cells 

 Reversed flow on 788 faces of pressure-outlet 7.
  1259  2.4843e-01  2.3365e-05  2.8185e-05  2.4134e-05  1.0284e-03  3.7847e-03  1.1330e-03  0:02:06   16

 turbulent viscosity limited to viscosity ratio of 1.000000e+05 in 821 cells 

 Reversed flow on 788 faces of pressure-outlet 7.
  1260  2.4833e-01  2.3385e-05  2.8190e-05  2.4116e-05  1.0287e-03  3.8450e-03  1.1327e-03  0:01:58   15

 turbulent viscosity limited to viscosity ratio of 1.000000e+05 in 821 cells 

 Reversed flow on 790 faces of pressure-outlet 7.

  iter  continuity  x-velocity  y-velocity  z-velocity           k     epsilon  vf-phase-2     time/iter
  1261  2.4840e-01  2.3401e-05  2.8197e-05  2.4094e-05  1.0294e-03  3.9756e-03  1.1324e-03  0:01:48   14

 turbulent viscosity limited to viscosity ratio of 1.000000e+05 in 821 cells 

 Reversed flow on 794 faces of pressure-outlet 7.
  1262  2.4835e-01  2.3424e-05  2.8201e-05  2.4068e-05  1.0296e-03  4.2449e-03  1.1321e-03  0:01:41   13

 turbulent viscosity limited to viscosity ratio of 1.000000e+05 in 822 cells 

 Reversed flow on 802 faces of pressure-outlet 7.
  1263  2.4797e-01  2.3429e-05  2.8198e-05  2.4036e-05  1.0305e-03  4.0414e-03  1.1318e-03  0:01:34   12

 turbulent viscosity limited to viscosity ratio of 1.000000e+05 in 822 cells 

 Reversed flow on 789 faces of pressure-outlet 7.
  1264  2.4783e-01  2.3444e-05  2.8205e-05  2.4009e-05  1.0303e-03  4.2635e-03  1.1315e-03  0:01:26   11

 turbulent viscosity limited to viscosity ratio of 1.000000e+05 in 822 cells 

 Reversed flow on 791 faces of pressure-outlet 7.
  1265  2.4775e-01  2.3458e-05  2.8206e-05  2.3988e-05  1.0328e-03  4.3170e-03  1.1312e-03  0:01:19   10

 turbulent viscosity limited to viscosity ratio of 1.000000e+05 in 822 cells 

 Reversed flow on 787 faces of pressure-outlet 7.
  1266  2.4814e-01  2.3478e-05  2.8217e-05  2.3963e-05  1.0325e-03  4.3994e-03  1.1308e-03  0:01:09    9

 turbulent viscosity limited to viscosity ratio of 1.000000e+05 in 822 cells 

 Reversed flow on 793 faces of pressure-outlet 7.
  1267  2.4795e-01  2.3500e-05  2.8225e-05  2.3947e-05  1.0340e-03  4.2489e-03  1.1304e-03  0:01:02    8

 turbulent viscosity limited to viscosity ratio of 1.000000e+05 in 822 cells 

 Reversed flow on 798 faces of pressure-outlet 7.
  1268  2.4872e-01  2.3520e-05  2.8233e-05  2.3928e-05  1.0341e-03  4.0750e-03  1.1301e-03  0:00:55    7

 turbulent viscosity limited to viscosity ratio of 1.000000e+05 in 822 cells 

 Reversed flow on 799 faces of pressure-outlet 7.
  1269  2.4846e-01  2.3532e-05  2.8232e-05  2.3905e-05  1.0334e-03  3.6880e-03  1.1296e-03  0:00:47    6

 turbulent viscosity limited to viscosity ratio of 1.000000e+05 in 822 cells 

 Reversed flow on 799 faces of pressure-outlet 7.
  1270  2.4837e-01  2.3540e-05  2.8237e-05  2.3878e-05  1.0330e-03  3.5937e-03  1.1292e-03  0:00:39    5

 turbulent viscosity limited to viscosity ratio of 1.000000e+05 in 821 cells 

 Reversed flow on 796 faces of pressure-outlet 7.
  1271  2.4819e-01  2.3548e-05  2.8241e-05  2.3848e-05  1.0340e-03  3.6084e-03  1.1288e-03  0:00:32    4

 turbulent viscosity limited to viscosity ratio of 1.000000e+05 in 821 cells 

 Reversed flow on 799 faces of pressure-outlet 7.

  iter  continuity  x-velocity  y-velocity  z-velocity           k     epsilon  vf-phase-2     time/iter
  1272  2.4815e-01  2.3566e-05  2.8251e-05  2.3828e-05  1.0338e-03  3.4856e-03  1.1284e-03  0:00:23    3

 turbulent viscosity limited to viscosity ratio of 1.000000e+05 in 821 cells 

 Reversed flow on 784 faces of pressure-outlet 7.
  1273  2.4824e-01  2.3583e-05  2.8263e-05  2.3803e-05  1.0356e-03  3.7463e-03  1.1280e-03  0:00:16    2

 turbulent viscosity limited to viscosity ratio of 1.000000e+05 in 821 cells 

 Reversed flow on 795 faces of pressure-outlet 7.
  1274  2.4839e-01  2.3593e-05  2.8270e-05  2.3779e-05  1.0380e-03  4.4948e-03  1.1275e-03  0:00:08    1

 turbulent viscosity limited to viscosity ratio of 1.000000e+05 in 821 cells 

 Reversed flow on 801 faces of pressure-outlet 7.
  1275  2.4840e-01  2.3614e-05  2.8277e-05  2.3764e-05  1.0382e-03  4.4472e-03  1.1271e-03  0:00:00    0
iterate_1275: RPC returned
progress: 1275/1500

  iter  continuity  x-velocity  y-velocity  z-velocity           k     epsilon  vf-phase-2     time/iter
  1275  2.4840e-01  2.3614e-05  2.8277e-05  2.3764e-05  1.0382e-03  4.4472e-03  1.1271e-03  0:03:16   25

 turbulent viscosity limited to viscosity ratio of 1.000000e+05 in 822 cells 

 Reversed flow on 795 faces of pressure-outlet 7.
  1276  2.4884e-01  2.3632e-05  2.8283e-05  2.3741e-05  1.0388e-03  4.3336e-03  1.1267e-03  0:03:09   24

 turbulent viscosity limited to viscosity ratio of 1.000000e+05 in 823 cells 

 Reversed flow on 787 faces of pressure-outlet 7.
  1277  2.4903e-01  2.3646e-05  2.8297e-05  2.3725e-05  1.0388e-03  4.1636e-03  1.1262e-03  0:03:02   23

 turbulent viscosity limited to viscosity ratio of 1.000000e+05 in 823 cells 

 Reversed flow on 789 faces of pressure-outlet 7.
  1278  2.4888e-01  2.3664e-05  2.8308e-05  2.3708e-05  1.0403e-03  4.5761e-03  1.1257e-03  0:02:54   22

 turbulent viscosity limited to viscosity ratio of 1.000000e+05 in 823 cells 

 Reversed flow on 797 faces of pressure-outlet 7.
  1279  2.4881e-01  2.3682e-05  2.8321e-05  2.3687e-05  1.0406e-03  4.2900e-03  1.1252e-03  0:02:47   21

 turbulent viscosity limited to viscosity ratio of 1.000000e+05 in 823 cells 

 Reversed flow on 796 faces of pressure-outlet 7.
  1280  2.4913e-01  2.3707e-05  2.8341e-05  2.3664e-05  1.0434e-03  4.5885e-03  1.1247e-03  0:02:39   20

 turbulent viscosity limited to viscosity ratio of 1.000000e+05 in 823 cells 

 Reversed flow on 799 faces of pressure-outlet 7.
  1281  2.4910e-01  2.3725e-05  2.8359e-05  2.3639e-05  1.0427e-03  3.9381e-03  1.1242e-03  0:02:27   19

 turbulent viscosity limited to viscosity ratio of 1.000000e+05 in 823 cells 

 Reversed flow on 799 faces of pressure-outlet 7.
  1282  2.4899e-01  2.3750e-05  2.8370e-05  2.3617e-05  1.0444e-03  4.5402e-03  1.1237e-03  0:02:21   18

 turbulent viscosity limited to viscosity ratio of 1.000000e+05 in 822 cells 

 Reversed flow on 802 faces of pressure-outlet 7.
  1283  2.4924e-01  2.3771e-05  2.8386e-05  2.3594e-05  1.0447e-03  4.5444e-03  1.1232e-03  0:02:13   17

 turbulent viscosity limited to viscosity ratio of 1.000000e+05 in 822 cells 

 Reversed flow on 792 faces of pressure-outlet 7.
  1284  2.4931e-01  2.3795e-05  2.8404e-05  2.3573e-05  1.0457e-03  4.0631e-03  1.1226e-03  0:02:06   16

 turbulent viscosity limited to viscosity ratio of 1.000000e+05 in 821 cells 

 Reversed flow on 785 faces of pressure-outlet 7.
  1285  2.4922e-01  2.3810e-05  2.8414e-05  2.3551e-05  1.0457e-03  4.1260e-03  1.1220e-03  0:01:59   15

 turbulent viscosity limited to viscosity ratio of 1.000000e+05 in 821 cells 

 Reversed flow on 792 faces of pressure-outlet 7.

  iter  continuity  x-velocity  y-velocity  z-velocity           k     epsilon  vf-phase-2     time/iter
  1286  2.4934e-01  2.3831e-05  2.8428e-05  2.3529e-05  1.0472e-03  4.5314e-03  1.1213e-03  0:01:51   14

 turbulent viscosity limited to viscosity ratio of 1.000000e+05 in 821 cells 

 Reversed flow on 792 faces of pressure-outlet 7.
  1287  2.4944e-01  2.3860e-05  2.8447e-05  2.3510e-05  1.0478e-03  4.5931e-03  1.1207e-03  0:01:41   13

 turbulent viscosity limited to viscosity ratio of 1.000000e+05 in 821 cells 

 Reversed flow on 800 faces of pressure-outlet 7.
  1288  2.4952e-01  2.3879e-05  2.8466e-05  2.3483e-05  1.0488e-03  4.4676e-03  1.1201e-03  0:01:33   12

 turbulent viscosity limited to viscosity ratio of 1.000000e+05 in 820 cells 

 Reversed flow on 792 faces of pressure-outlet 7.
  1289  2.4961e-01  2.3912e-05  2.8484e-05  2.3478e-05  1.0489e-03  4.1274e-03  1.1195e-03  0:01:26   11

 turbulent viscosity limited to viscosity ratio of 1.000000e+05 in 820 cells 

 Reversed flow on 784 faces of pressure-outlet 7.
  1290  2.4990e-01  2.3933e-05  2.8500e-05  2.3460e-05  1.0490e-03  3.9854e-03  1.1188e-03  0:01:19   10

 turbulent viscosity limited to viscosity ratio of 1.000000e+05 in 820 cells 

 Reversed flow on 793 faces of pressure-outlet 7.
  1291  2.4981e-01  2.3950e-05  2.8519e-05  2.3444e-05  1.0518e-03  4.6704e-03  1.1182e-03  0:01:11    9

 turbulent viscosity limited to viscosity ratio of 1.000000e+05 in 820 cells 

 Reversed flow on 790 faces of pressure-outlet 7.
  1292  2.4988e-01  2.3973e-05  2.8536e-05  2.3435e-05  1.0556e-03  5.0120e-03  1.1175e-03  0:01:02    8

 turbulent viscosity limited to viscosity ratio of 1.000000e+05 in 819 cells 

 Reversed flow on 799 faces of pressure-outlet 7.
  1293  2.4960e-01  2.3990e-05  2.8550e-05  2.3432e-05  1.0559e-03  5.1545e-03  1.1168e-03  0:00:54    7

 turbulent viscosity limited to viscosity ratio of 1.000000e+05 in 819 cells 

 Reversed flow on 801 faces of pressure-outlet 7.
  1294  2.5027e-01  2.4021e-05  2.8565e-05  2.3425e-05  1.0593e-03  5.9943e-03  1.1161e-03  0:00:47    6

 turbulent viscosity limited to viscosity ratio of 1.000000e+05 in 819 cells 

 Reversed flow on 801 faces of pressure-outlet 7.
  1295  2.5012e-01  2.4031e-05  2.8575e-05  2.3406e-05  1.0582e-03  5.4060e-03  1.1153e-03  0:00:39    5

 turbulent viscosity limited to viscosity ratio of 1.000000e+05 in 819 cells 

 Reversed flow on 803 faces of pressure-outlet 7.
  1296  2.5006e-01  2.4043e-05  2.8594e-05  2.3392e-05  1.0605e-03  5.1327e-03  1.1146e-03  0:00:32    4

 turbulent viscosity limited to viscosity ratio of 1.000000e+05 in 819 cells 

 Reversed flow on 799 faces of pressure-outlet 7.

  iter  continuity  x-velocity  y-velocity  z-velocity           k     epsilon  vf-phase-2     time/iter
  1297  2.5031e-01  2.4061e-05  2.8607e-05  2.3380e-05  1.0620e-03  6.1975e-03  1.1138e-03  0:00:24    3

 turbulent viscosity limited to viscosity ratio of 1.000000e+05 in 819 cells 

 Reversed flow on 805 faces of pressure-outlet 7.
  1298  2.5043e-01  2.4066e-05  2.8615e-05  2.3367e-05  1.0606e-03  4.7797e-03  1.1130e-03  0:00:15    2

 turbulent viscosity limited to viscosity ratio of 1.000000e+05 in 818 cells 

 Reversed flow on 794 faces of pressure-outlet 7.
  1299  2.5077e-01  2.4077e-05  2.8628e-05  2.3346e-05  1.0609e-03  5.1166e-03  1.1122e-03  0:00:08    1

 turbulent viscosity limited to viscosity ratio of 1.000000e+05 in 817 cells 

 Reversed flow on 790 faces of pressure-outlet 7.
  1300  2.5085e-01  2.4085e-05  2.8646e-05  2.3342e-05  1.0609e-03  4.6803e-03  1.1114e-03  0:00:00    0
iterate_1300: RPC returned
progress: 1300/1500

  iter  continuity  x-velocity  y-velocity  z-velocity           k     epsilon  vf-phase-2     time/iter
  1300  2.5085e-01  2.4085e-05  2.8646e-05  2.3342e-05  1.0609e-03  4.6803e-03  1.1114e-03  0:03:16   25

 turbulent viscosity limited to viscosity ratio of 1.000000e+05 in 817 cells 

 Reversed flow on 790 faces of pressure-outlet 7.
  1301  2.5114e-01  2.4102e-05  2.8660e-05  2.3347e-05  1.0619e-03  4.7246e-03  1.1107e-03  0:03:09   24

 turbulent viscosity limited to viscosity ratio of 1.000000e+05 in 816 cells 

 Reversed flow on 784 faces of pressure-outlet 7.
  1302  2.5146e-01  2.4112e-05  2.8680e-05  2.3343e-05  1.0644e-03  5.2619e-03  1.1098e-03  0:03:01   23

 turbulent viscosity limited to viscosity ratio of 1.000000e+05 in 816 cells 

 Reversed flow on 795 faces of pressure-outlet 7.
  1303  2.5178e-01  2.4133e-05  2.8695e-05  2.3344e-05  1.0652e-03  5.0043e-03  1.1090e-03  0:02:54   22

 turbulent viscosity limited to viscosity ratio of 1.000000e+05 in 816 cells 

 Reversed flow on 797 faces of pressure-outlet 7.
  1304  2.5203e-01  2.4145e-05  2.8710e-05  2.3339e-05  1.0640e-03  4.6264e-03  1.1083e-03  0:02:42   21

 turbulent viscosity limited to viscosity ratio of 1.000000e+05 in 817 cells 

 Reversed flow on 797 faces of pressure-outlet 7.
  1305  2.5207e-01  2.4152e-05  2.8722e-05  2.3328e-05  1.0657e-03  5.4071e-03  1.1075e-03  0:02:36   20

 turbulent viscosity limited to viscosity ratio of 1.000000e+05 in 817 cells 

 Reversed flow on 804 faces of pressure-outlet 7.
  1306  2.5217e-01  2.4156e-05  2.8735e-05  2.3328e-05  1.0700e-03  6.4588e-03  1.1067e-03  0:02:29   19

 turbulent viscosity limited to viscosity ratio of 1.000000e+05 in 818 cells 

 Reversed flow on 799 faces of pressure-outlet 7.
  1307  2.5237e-01  2.4169e-05  2.8746e-05  2.3331e-05  1.0755e-03  7.8314e-03  1.1060e-03  0:02:21   18

 turbulent viscosity limited to viscosity ratio of 1.000000e+05 in 818 cells 

 Reversed flow on 803 faces of pressure-outlet 7.
  1308  2.5303e-01  2.4180e-05  2.8768e-05  2.3328e-05  1.0743e-03  7.1153e-03  1.1053e-03  0:02:14   17

 turbulent viscosity limited to viscosity ratio of 1.000000e+05 in 818 cells 

 Reversed flow on 808 faces of pressure-outlet 7.
  1309  2.5328e-01  2.4197e-05  2.8780e-05  2.3320e-05  1.0725e-03  6.0620e-03  1.1045e-03  0:02:03   16

 turbulent viscosity limited to viscosity ratio of 1.000000e+05 in 818 cells 

 Reversed flow on 810 faces of pressure-outlet 7.
  1310  2.5305e-01  2.4203e-05  2.8798e-05  2.3317e-05  1.0733e-03  6.6709e-03  1.1038e-03  0:01:57   15

 turbulent viscosity limited to viscosity ratio of 1.000000e+05 in 818 cells 

 Reversed flow on 818 faces of pressure-outlet 7.

  iter  continuity  x-velocity  y-velocity  z-velocity           k     epsilon  vf-phase-2     time/iter
  1311  2.5308e-01  2.4210e-05  2.8803e-05  2.3300e-05  1.0726e-03  6.0135e-03  1.1032e-03  0:01:49   14

 turbulent viscosity limited to viscosity ratio of 1.000000e+05 in 818 cells 

 Reversed flow on 799 faces of pressure-outlet 7.
  1312  2.5301e-01  2.4215e-05  2.8818e-05  2.3294e-05  1.0744e-03  6.4557e-03  1.1026e-03  0:01:42   13

 turbulent viscosity limited to viscosity ratio of 1.000000e+05 in 819 cells 

 Reversed flow on 803 faces of pressure-outlet 7.
  1313  2.5314e-01  2.4221e-05  2.8831e-05  2.3291e-05  1.0723e-03  5.4091e-03  1.1019e-03  0:01:35   12

 turbulent viscosity limited to viscosity ratio of 1.000000e+05 in 819 cells 

 Reversed flow on 797 faces of pressure-outlet 7.
  1314  2.5346e-01  2.4235e-05  2.8840e-05  2.3286e-05  1.0703e-03  5.4946e-03  1.1013e-03  0:01:27   11

 turbulent viscosity limited to viscosity ratio of 1.000000e+05 in 819 cells 

 Reversed flow on 805 faces of pressure-outlet 7.
  1315  2.5388e-01  2.4253e-05  2.8850e-05  2.3280e-05  1.0714e-03  5.5439e-03  1.1006e-03  0:01:17   10

 turbulent viscosity limited to viscosity ratio of 1.000000e+05 in 818 cells 

 Reversed flow on 801 faces of pressure-outlet 7.
  1316  2.5411e-01  2.4265e-05  2.8863e-05  2.3280e-05  1.0709e-03  5.2680e-03  1.1000e-03  0:01:10    9

 turbulent viscosity limited to viscosity ratio of 1.000000e+05 in 818 cells 

 Reversed flow on 811 faces of pressure-outlet 7.
  1317  2.5438e-01  2.4276e-05  2.8873e-05  2.3274e-05  1.0700e-03  4.9477e-03  1.0995e-03  0:01:03    8

 turbulent viscosity limited to viscosity ratio of 1.000000e+05 in 818 cells 

 Reversed flow on 809 faces of pressure-outlet 7.
  1318  2.5457e-01  2.4289e-05  2.8890e-05  2.3266e-05  1.0692e-03  4.9442e-03  1.0990e-03  0:00:55    7

 turbulent viscosity limited to viscosity ratio of 1.000000e+05 in 818 cells 

 Reversed flow on 814 faces of pressure-outlet 7.
  1319  2.5484e-01  2.4302e-05  2.8903e-05  2.3268e-05  1.0705e-03  5.4657e-03  1.0985e-03  0:00:47    6

 turbulent viscosity limited to viscosity ratio of 1.000000e+05 in 818 cells 

 Reversed flow on 814 faces of pressure-outlet 7.
  1320  2.5491e-01  2.4313e-05  2.8912e-05  2.3279e-05  1.0759e-03  8.8249e-03  1.0981e-03  0:00:39    5

 turbulent viscosity limited to viscosity ratio of 1.000000e+05 in 818 cells 

 Reversed flow on 823 faces of pressure-outlet 7.
  1321  2.5520e-01  2.4325e-05  2.8937e-05  2.3277e-05  1.0753e-03  7.8870e-03  1.0976e-03  0:00:31    4

 turbulent viscosity limited to viscosity ratio of 1.000000e+05 in 818 cells 

 Reversed flow on 824 faces of pressure-outlet 7.

  iter  continuity  x-velocity  y-velocity  z-velocity           k     epsilon  vf-phase-2     time/iter
  1322  2.5525e-01  2.4331e-05  2.8952e-05  2.3268e-05  1.0787e-03  7.7271e-03  1.0973e-03  0:00:23    3

 turbulent viscosity limited to viscosity ratio of 1.000000e+05 in 818 cells 

 Reversed flow on 822 faces of pressure-outlet 7.
  1323  2.5518e-01  2.4337e-05  2.8959e-05  2.3261e-05  1.0756e-03  6.5953e-03  1.0969e-03  0:00:16    2

 turbulent viscosity limited to viscosity ratio of 1.000000e+05 in 818 cells 

 Reversed flow on 826 faces of pressure-outlet 7.
  1324  2.5507e-01  2.4341e-05  2.8961e-05  2.3268e-05  1.0710e-03  5.4158e-03  1.0966e-03  0:00:08    1

 turbulent viscosity limited to viscosity ratio of 1.000000e+05 in 818 cells 

 Reversed flow on 819 faces of pressure-outlet 7.
  1325  2.5541e-01  2.4344e-05  2.8967e-05  2.3262e-05  1.0715e-03  5.8504e-03  1.0962e-03  0:00:00    0
iterate_1325: RPC returned
progress: 1325/1500

  iter  continuity  x-velocity  y-velocity  z-velocity           k     epsilon  vf-phase-2     time/iter
  1325  2.5541e-01  2.4344e-05  2.8967e-05  2.3262e-05  1.0715e-03  5.8504e-03  1.0962e-03  0:03:18   25

 turbulent viscosity limited to viscosity ratio of 1.000000e+05 in 818 cells 

 Reversed flow on 817 faces of pressure-outlet 7.
  1326  2.5520e-01  2.4342e-05  2.8970e-05  2.3265e-05  1.0689e-03  5.1045e-03  1.0959e-03  0:03:15   24

 turbulent viscosity limited to viscosity ratio of 1.000000e+05 in 818 cells 

 Reversed flow on 826 faces of pressure-outlet 7.
  1327  2.5523e-01  2.4339e-05  2.8985e-05  2.3264e-05  1.0692e-03  5.5602e-03  1.0956e-03  0:03:06   23

 turbulent viscosity limited to viscosity ratio of 1.000000e+05 in 818 cells 

 Reversed flow on 818 faces of pressure-outlet 7.
  1328  2.5523e-01  2.4344e-05  2.8994e-05  2.3270e-05  1.0695e-03  5.6401e-03  1.0953e-03  0:02:53   22

 turbulent viscosity limited to viscosity ratio of 1.000000e+05 in 818 cells 

 Reversed flow on 813 faces of pressure-outlet 7.
  1329  2.5563e-01  2.4349e-05  2.9002e-05  2.3276e-05  1.0704e-03  5.7056e-03  1.0950e-03  0:02:46   21

 turbulent viscosity limited to viscosity ratio of 1.000000e+05 in 818 cells 

 Reversed flow on 820 faces of pressure-outlet 7.
  1330  2.5583e-01  2.4345e-05  2.9013e-05  2.3277e-05  1.0710e-03  5.9670e-03  1.0947e-03  0:02:38   20

 turbulent viscosity limited to viscosity ratio of 1.000000e+05 in 818 cells 

 Reversed flow on 835 faces of pressure-outlet 7.
  1331  2.5578e-01  2.4334e-05  2.9018e-05  2.3287e-05  1.0680e-03  5.0329e-03  1.0944e-03  0:02:31   19

 turbulent viscosity limited to viscosity ratio of 1.000000e+05 in 818 cells 

 Reversed flow on 833 faces of pressure-outlet 7.
  1332  2.5609e-01  2.4330e-05  2.9024e-05  2.3291e-05  1.0725e-03  7.0232e-03  1.0942e-03  0:02:23   18

 turbulent viscosity limited to viscosity ratio of 1.000000e+05 in 818 cells 

 Reversed flow on 824 faces of pressure-outlet 7.
  1333  2.5615e-01  2.4331e-05  2.9039e-05  2.3309e-05  1.0727e-03  6.8621e-03  1.0939e-03  0:02:15   17

 turbulent viscosity limited to viscosity ratio of 1.000000e+05 in 818 cells 

 Reversed flow on 826 faces of pressure-outlet 7.
  1334  2.5631e-01  2.4323e-05  2.9040e-05  2.3319e-05  1.0739e-03  6.6465e-03  1.0937e-03  0:02:04   16

 turbulent viscosity limited to viscosity ratio of 1.000000e+05 in 818 cells 

 Reversed flow on 837 faces of pressure-outlet 7.
  1335  2.5650e-01  2.4313e-05  2.9038e-05  2.3340e-05  1.0748e-03  7.8504e-03  1.0935e-03  0:01:57   15

 turbulent viscosity limited to viscosity ratio of 1.000000e+05 in 818 cells 

 Reversed flow on 844 faces of pressure-outlet 7.

  iter  continuity  x-velocity  y-velocity  z-velocity           k     epsilon  vf-phase-2     time/iter
  1336  2.5645e-01  2.4294e-05  2.9040e-05  2.3351e-05  1.0724e-03  6.3220e-03  1.0933e-03  0:01:50   14

 turbulent viscosity limited to viscosity ratio of 1.000000e+05 in 818 cells 

 Reversed flow on 834 faces of pressure-outlet 7.
  1337  2.5657e-01  2.4276e-05  2.9043e-05  2.3366e-05  1.0756e-03  6.9906e-03  1.0931e-03  0:01:42   13

 turbulent viscosity limited to viscosity ratio of 1.000000e+05 in 818 cells 

 Reversed flow on 832 faces of pressure-outlet 7.
  1338  2.5669e-01  2.4251e-05  2.9039e-05  2.3378e-05  1.0719e-03  5.9527e-03  1.0929e-03  0:01:35   12

 turbulent viscosity limited to viscosity ratio of 1.000000e+05 in 818 cells 

 Reversed flow on 830 faces of pressure-outlet 7.
  1339  2.5700e-01  2.4228e-05  2.9037e-05  2.3392e-05  1.0713e-03  6.3999e-03  1.0927e-03  0:01:25   11

 turbulent viscosity limited to viscosity ratio of 1.000000e+05 in 817 cells 

 Reversed flow on 838 faces of pressure-outlet 7.
  1340  2.5696e-01  2.4209e-05  2.9038e-05  2.3411e-05  1.0704e-03  5.7713e-03  1.0925e-03  0:01:18   10

 turbulent viscosity limited to viscosity ratio of 1.000000e+05 in 817 cells 

 Reversed flow on 833 faces of pressure-outlet 7.
  1341  2.5718e-01  2.4187e-05  2.9034e-05  2.3431e-05  1.0712e-03  6.1422e-03  1.0923e-03  0:01:10    9

 turbulent viscosity limited to viscosity ratio of 1.000000e+05 in 817 cells 

 Reversed flow on 839 faces of pressure-outlet 7.
  1342  2.5740e-01  2.4152e-05  2.9031e-05  2.3439e-05  1.0736e-03  6.8111e-03  1.0922e-03  0:01:03    8

 turbulent viscosity limited to viscosity ratio of 1.000000e+05 in 817 cells 

 Reversed flow on 847 faces of pressure-outlet 7.
  1343  2.5769e-01  2.4125e-05  2.9034e-05  2.3461e-05  1.0752e-03  6.9383e-03  1.0920e-03  0:00:55    7

 turbulent viscosity limited to viscosity ratio of 1.000000e+05 in 816 cells 

 Reversed flow on 844 faces of pressure-outlet 7.
  1344  2.5802e-01  2.4093e-05  2.9028e-05  2.3476e-05  1.0735e-03  6.3160e-03  1.0919e-03  0:00:46    6

 turbulent viscosity limited to viscosity ratio of 1.000000e+05 in 816 cells 

 Reversed flow on 843 faces of pressure-outlet 7.
  1345  2.5782e-01  2.4054e-05  2.9021e-05  2.3481e-05  1.0734e-03  6.1427e-03  1.0918e-03  0:00:39    5

 turbulent viscosity limited to viscosity ratio of 1.000000e+05 in 816 cells 

 Reversed flow on 848 faces of pressure-outlet 7.
  1346  2.5782e-01  2.4022e-05  2.9010e-05  2.3489e-05  1.0726e-03  6.3372e-03  1.0918e-03  0:00:31    4

 turbulent viscosity limited to viscosity ratio of 1.000000e+05 in 816 cells 

 Reversed flow on 847 faces of pressure-outlet 7.

  iter  continuity  x-velocity  y-velocity  z-velocity           k     epsilon  vf-phase-2     time/iter
  1347  2.5794e-01  2.3986e-05  2.8995e-05  2.3501e-05  1.0760e-03  7.4167e-03  1.0918e-03  0:00:24    3

 turbulent viscosity limited to viscosity ratio of 1.000000e+05 in 816 cells 

 Reversed flow on 848 faces of pressure-outlet 7.
  1348  2.5794e-01  2.3952e-05  2.8990e-05  2.3511e-05  1.0767e-03  7.1915e-03  1.0920e-03  0:00:16    2

 turbulent viscosity limited to viscosity ratio of 1.000000e+05 in 816 cells 

 Reversed flow on 841 faces of pressure-outlet 7.
  1349  2.5834e-01  2.3914e-05  2.8982e-05  2.3521e-05  1.0746e-03  6.9562e-03  1.0921e-03  0:00:08    1

 turbulent viscosity limited to viscosity ratio of 1.000000e+05 in 816 cells 

 Reversed flow on 845 faces of pressure-outlet 7.
  1350  2.5816e-01  2.3874e-05  2.8972e-05  2.3533e-05  1.0768e-03  7.3420e-03  1.0922e-03  0:00:00    0
iterate_1350: RPC returned
progress: 1350/1500

  iter  continuity  x-velocity  y-velocity  z-velocity           k     epsilon  vf-phase-2     time/iter
  1350  2.5816e-01  2.3874e-05  2.8972e-05  2.3533e-05  1.0768e-03  7.3420e-03  1.0922e-03  0:03:13   25

 turbulent viscosity limited to viscosity ratio of 1.000000e+05 in 816 cells 

 Reversed flow on 858 faces of pressure-outlet 7.
  1351  2.5810e-01  2.3829e-05  2.8972e-05  2.3536e-05  1.0750e-03  7.0415e-03  1.0924e-03  0:03:07   24

 turbulent viscosity limited to viscosity ratio of 1.000000e+05 in 816 cells 

 Reversed flow on 854 faces of pressure-outlet 7.
  1352  2.5801e-01  2.3781e-05  2.8963e-05  2.3523e-05  1.0728e-03  6.3515e-03  1.0926e-03  0:03:00   23

 turbulent viscosity limited to viscosity ratio of 1.000000e+05 in 816 cells 

 Reversed flow on 856 faces of pressure-outlet 7.
  1353  2.5798e-01  2.3733e-05  2.8955e-05  2.3537e-05  1.0739e-03  7.1881e-03  1.0927e-03  0:02:53   22

 turbulent viscosity limited to viscosity ratio of 1.000000e+05 in 816 cells 

 Reversed flow on 857 faces of pressure-outlet 7.
  1354  2.5755e-01  2.3676e-05  2.8947e-05  2.3546e-05  1.0734e-03  6.6773e-03  1.0930e-03  0:02:46   21

 turbulent viscosity limited to viscosity ratio of 1.000000e+05 in 815 cells 

 Reversed flow on 861 faces of pressure-outlet 7.
  1355  2.5779e-01  2.3609e-05  2.8942e-05  2.3546e-05  1.0735e-03  6.6105e-03  1.0932e-03  0:02:34   20

 turbulent viscosity limited to viscosity ratio of 1.000000e+05 in 815 cells 

 Reversed flow on 858 faces of pressure-outlet 7.
  1356  2.5758e-01  2.3558e-05  2.8935e-05  2.3548e-05  1.0739e-03  7.3026e-03  1.0936e-03  0:02:28   19

 turbulent viscosity limited to viscosity ratio of 1.000000e+05 in 815 cells 

 Reversed flow on 858 faces of pressure-outlet 7.
  1357  2.5748e-01  2.3507e-05  2.8925e-05  2.3550e-05  1.0722e-03  6.4636e-03  1.0940e-03  0:02:21   18

 turbulent viscosity limited to viscosity ratio of 1.000000e+05 in 815 cells 

 Reversed flow on 858 faces of pressure-outlet 7.
  1358  2.5734e-01  2.3447e-05  2.8916e-05  2.3553e-05  1.0682e-03  5.6380e-03  1.0944e-03  0:02:13   17

 turbulent viscosity limited to viscosity ratio of 1.000000e+05 in 816 cells 

 Reversed flow on 865 faces of pressure-outlet 7.
  1359  2.5721e-01  2.3379e-05  2.8903e-05  2.3545e-05  1.0730e-03  7.9573e-03  1.0948e-03  0:02:06   16

 turbulent viscosity limited to viscosity ratio of 1.000000e+05 in 816 cells 

 Reversed flow on 864 faces of pressure-outlet 7.
  1360  2.5688e-01  2.3318e-05  2.8890e-05  2.3545e-05  1.0711e-03  7.1005e-03  1.0953e-03  0:01:59   15

 turbulent viscosity limited to viscosity ratio of 1.000000e+05 in 816 cells 

 Reversed flow on 870 faces of pressure-outlet 7.

  iter  continuity  x-velocity  y-velocity  z-velocity           k     epsilon  vf-phase-2     time/iter
  1361  2.5692e-01  2.3247e-05  2.8878e-05  2.3538e-05  1.0746e-03  8.4982e-03  1.0959e-03  0:01:48   14

 turbulent viscosity limited to viscosity ratio of 1.000000e+05 in 817 cells 

 Reversed flow on 872 faces of pressure-outlet 7.
  1362  2.5653e-01  2.3185e-05  2.8865e-05  2.3528e-05  1.0718e-03  7.8227e-03  1.0964e-03  0:01:41   13

 turbulent viscosity limited to viscosity ratio of 1.000000e+05 in 816 cells 

 Reversed flow on 860 faces of pressure-outlet 7.
  1363  2.5632e-01  2.3118e-05  2.8849e-05  2.3520e-05  1.0707e-03  7.9904e-03  1.0970e-03  0:01:34   12

 turbulent viscosity limited to viscosity ratio of 1.000000e+05 in 816 cells 

 Reversed flow on 857 faces of pressure-outlet 7.
  1364  2.5599e-01  2.3066e-05  2.8828e-05  2.3504e-05  1.0682e-03  6.7832e-03  1.0975e-03  0:01:26   11

 turbulent viscosity limited to viscosity ratio of 1.000000e+05 in 816 cells 

 Reversed flow on 862 faces of pressure-outlet 7.
  1365  2.5554e-01  2.2996e-05  2.8799e-05  2.3481e-05  1.0663e-03  6.3646e-03  1.0981e-03  0:01:19   10

 turbulent viscosity limited to viscosity ratio of 1.000000e+05 in 816 cells 

 Reversed flow on 865 faces of pressure-outlet 7.
  1366  2.5551e-01  2.2931e-05  2.8778e-05  2.3465e-05  1.0650e-03  5.9487e-03  1.0987e-03  0:01:11    9

 turbulent viscosity limited to viscosity ratio of 1.000000e+05 in 816 cells 

 Reversed flow on 856 faces of pressure-outlet 7.
  1367  2.5489e-01  2.2871e-05  2.8746e-05  2.3446e-05  1.0620e-03  5.7164e-03  1.0992e-03  0:01:02    8

 turbulent viscosity limited to viscosity ratio of 1.000000e+05 in 816 cells 

 Reversed flow on 857 faces of pressure-outlet 7.
  1368  2.5472e-01  2.2814e-05  2.8724e-05  2.3418e-05  1.0609e-03  5.9082e-03  1.0998e-03  0:00:54    7

 turbulent viscosity limited to viscosity ratio of 1.000000e+05 in 816 cells 

 Reversed flow on 859 faces of pressure-outlet 7.
  1369  2.5462e-01  2.2764e-05  2.8695e-05  2.3404e-05  1.0601e-03  5.8955e-03  1.1004e-03  0:00:47    6

 turbulent viscosity limited to viscosity ratio of 1.000000e+05 in 815 cells 

 Reversed flow on 857 faces of pressure-outlet 7.
  1370  2.5439e-01  2.2715e-05  2.8666e-05  2.3377e-05  1.0622e-03  7.2227e-03  1.1009e-03  0:00:39    5

 turbulent viscosity limited to viscosity ratio of 1.000000e+05 in 815 cells 

 Reversed flow on 851 faces of pressure-outlet 7.
  1371  2.5411e-01  2.2662e-05  2.8634e-05  2.3348e-05  1.0588e-03  6.5694e-03  1.1014e-03  0:00:32    4

 turbulent viscosity limited to viscosity ratio of 1.000000e+05 in 815 cells 

 Reversed flow on 850 faces of pressure-outlet 7.

  iter  continuity  x-velocity  y-velocity  z-velocity           k     epsilon  vf-phase-2     time/iter
  1372  2.5375e-01  2.2602e-05  2.8595e-05  2.3318e-05  1.0574e-03  6.6674e-03  1.1019e-03  0:00:24    3

 turbulent viscosity limited to viscosity ratio of 1.000000e+05 in 815 cells 

 Reversed flow on 843 faces of pressure-outlet 7.
  1373  2.5335e-01  2.2557e-05  2.8551e-05  2.3291e-05  1.0556e-03  6.5570e-03  1.1023e-03  0:00:15    2

 turbulent viscosity limited to viscosity ratio of 1.000000e+05 in 814 cells 

 Reversed flow on 850 faces of pressure-outlet 7.
  1374  2.5298e-01  2.2514e-05  2.8509e-05  2.3259e-05  1.0557e-03  7.3874e-03  1.1027e-03  0:00:08    1

 turbulent viscosity limited to viscosity ratio of 1.000000e+05 in 814 cells 

 Reversed flow on 852 faces of pressure-outlet 7.
  1375  2.5256e-01  2.2479e-05  2.8466e-05  2.3232e-05  1.0543e-03  6.7407e-03  1.1031e-03  0:00:00    0
iterate_1375: RPC returned
progress: 1375/1500

  iter  continuity  x-velocity  y-velocity  z-velocity           k     epsilon  vf-phase-2     time/iter
  1375  2.5256e-01  2.2479e-05  2.8466e-05  2.3232e-05  1.0543e-03  6.7407e-03  1.1031e-03  0:03:15   25

 turbulent viscosity limited to viscosity ratio of 1.000000e+05 in 814 cells 

 Reversed flow on 854 faces of pressure-outlet 7.
  1376  2.5224e-01  2.2441e-05  2.8423e-05  2.3199e-05  1.0502e-03  6.1221e-03  1.1035e-03  0:03:08   24

 turbulent viscosity limited to viscosity ratio of 1.000000e+05 in 814 cells 

 Reversed flow on 847 faces of pressure-outlet 7.
  1377  2.5202e-01  2.2406e-05  2.8369e-05  2.3164e-05  1.0499e-03  6.1262e-03  1.1039e-03  0:03:01   23

 turbulent viscosity limited to viscosity ratio of 1.000000e+05 in 814 cells 

 Reversed flow on 844 faces of pressure-outlet 7.
  1378  2.5131e-01  2.2373e-05  2.8313e-05  2.3125e-05  1.0476e-03  6.1658e-03  1.1042e-03  0:02:54   22

 turbulent viscosity limited to viscosity ratio of 1.000000e+05 in 814 cells 

 Reversed flow on 842 faces of pressure-outlet 7.
  1379  2.5104e-01  2.2337e-05  2.8259e-05  2.3091e-05  1.0458e-03  6.1111e-03  1.1045e-03  0:02:46   21

 turbulent viscosity limited to viscosity ratio of 1.000000e+05 in 814 cells 

 Reversed flow on 847 faces of pressure-outlet 7.
  1380  2.5038e-01  2.2308e-05  2.8199e-05  2.3054e-05  1.0429e-03  6.0488e-03  1.1049e-03  0:02:35   20

 turbulent viscosity limited to viscosity ratio of 1.000000e+05 in 814 cells 

 Reversed flow on 845 faces of pressure-outlet 7.
  1381  2.4996e-01  2.2275e-05  2.8145e-05  2.3021e-05  1.0393e-03  5.3607e-03  1.1051e-03  0:02:28   19

 turbulent viscosity limited to viscosity ratio of 1.000000e+05 in 814 cells 

 Reversed flow on 849 faces of pressure-outlet 7.
  1382  2.4952e-01  2.2248e-05  2.8078e-05  2.2977e-05  1.0407e-03  7.3007e-03  1.1053e-03  0:02:21   18

 turbulent viscosity limited to viscosity ratio of 1.000000e+05 in 814 cells 

 Reversed flow on 846 faces of pressure-outlet 7.
  1383  2.4901e-01  2.2229e-05  2.8026e-05  2.2928e-05  1.0382e-03  6.8527e-03  1.1055e-03  0:02:14   17

 turbulent viscosity limited to viscosity ratio of 1.000000e+05 in 814 cells 

 Reversed flow on 836 faces of pressure-outlet 7.
  1384  2.4849e-01  2.2205e-05  2.7966e-05  2.2888e-05  1.0380e-03  7.0627e-03  1.1056e-03  0:02:06   16

 turbulent viscosity limited to viscosity ratio of 1.000000e+05 in 812 cells 

 Reversed flow on 840 faces of pressure-outlet 7.
  1385  2.4793e-01  2.2172e-05  2.7911e-05  2.2846e-05  1.0364e-03  7.3315e-03  1.1057e-03  0:01:59   15

 turbulent viscosity limited to viscosity ratio of 1.000000e+05 in 812 cells 

 Reversed flow on 854 faces of pressure-outlet 7.

  iter  continuity  x-velocity  y-velocity  z-velocity           k     epsilon  vf-phase-2     time/iter
  1386  2.4737e-01  2.2137e-05  2.7851e-05  2.2803e-05  1.0320e-03  6.5542e-03  1.1058e-03  0:01:48   14

 turbulent viscosity limited to viscosity ratio of 1.000000e+05 in 812 cells 

 Reversed flow on 841 faces of pressure-outlet 7.
  1387  2.4679e-01  2.2113e-05  2.7788e-05  2.2765e-05  1.0278e-03  6.2142e-03  1.1060e-03  0:01:41   13

 turbulent viscosity limited to viscosity ratio of 1.000000e+05 in 812 cells 

 Reversed flow on 844 faces of pressure-outlet 7.
  1388  2.4609e-01  2.2079e-05  2.7716e-05  2.2720e-05  1.0239e-03  6.2629e-03  1.1061e-03  0:01:34   12

 turbulent viscosity limited to viscosity ratio of 1.000000e+05 in 812 cells 

 Reversed flow on 845 faces of pressure-outlet 7.
  1389  2.4539e-01  2.2057e-05  2.7646e-05  2.2672e-05  1.0202e-03  5.5021e-03  1.1061e-03  0:01:26   11

 turbulent viscosity limited to viscosity ratio of 1.000000e+05 in 812 cells 

 Reversed flow on 840 faces of pressure-outlet 7.
  1390  2.4521e-01  2.2032e-05  2.7575e-05  2.2633e-05  1.0164e-03  5.2905e-03  1.1062e-03  0:01:19   10

 turbulent viscosity limited to viscosity ratio of 1.000000e+05 in 811 cells 

 Reversed flow on 845 faces of pressure-outlet 7.
  1391  2.4468e-01  2.2003e-05  2.7508e-05  2.2589e-05  1.0134e-03  4.8875e-03  1.1062e-03  0:01:09    9

 turbulent viscosity limited to viscosity ratio of 1.000000e+05 in 811 cells 

 Reversed flow on 850 faces of pressure-outlet 7.
  1392  2.4420e-01  2.1976e-05  2.7446e-05  2.2548e-05  1.0107e-03  4.6312e-03  1.1062e-03  0:01:02    8

 turbulent viscosity limited to viscosity ratio of 1.000000e+05 in 811 cells 

 Reversed flow on 847 faces of pressure-outlet 7.
  1393  2.4374e-01  2.1957e-05  2.7377e-05  2.2510e-05  1.0088e-03  5.2592e-03  1.1062e-03  0:00:55    7

 turbulent viscosity limited to viscosity ratio of 1.000000e+05 in 811 cells 

 Reversed flow on 841 faces of pressure-outlet 7.
  1394  2.4325e-01  2.1924e-05  2.7306e-05  2.2465e-05  1.0071e-03  4.7817e-03  1.1062e-03  0:00:47    6

 turbulent viscosity limited to viscosity ratio of 1.000000e+05 in 811 cells 

 Reversed flow on 840 faces of pressure-outlet 7.
  1395  2.4266e-01  2.1895e-05  2.7239e-05  2.2414e-05  1.0024e-03  4.4413e-03  1.1062e-03  0:00:39    5

 turbulent viscosity limited to viscosity ratio of 1.000000e+05 in 810 cells 

 Reversed flow on 852 faces of pressure-outlet 7.
  1396  2.4220e-01  2.1874e-05  2.7170e-05  2.2364e-05  1.0053e-03  6.2444e-03  1.1062e-03  0:00:32    4

 turbulent viscosity limited to viscosity ratio of 1.000000e+05 in 810 cells 

 Reversed flow on 842 faces of pressure-outlet 7.

  iter  continuity  x-velocity  y-velocity  z-velocity           k     epsilon  vf-phase-2     time/iter
  1397  2.4178e-01  2.1848e-05  2.7102e-05  2.2316e-05  1.0001e-03  5.5032e-03  1.1062e-03  0:00:24    3

 turbulent viscosity limited to viscosity ratio of 1.000000e+05 in 810 cells 

 Reversed flow on 836 faces of pressure-outlet 7.
  1398  2.4141e-01  2.1818e-05  2.7044e-05  2.2271e-05  1.0032e-03  6.5007e-03  1.1061e-03  0:00:16    2

 turbulent viscosity limited to viscosity ratio of 1.000000e+05 in 810 cells 

 Reversed flow on 835 faces of pressure-outlet 7.
  1399  2.4085e-01  2.1795e-05  2.6989e-05  2.2227e-05  9.9867e-04  5.2216e-03  1.1061e-03  0:00:08    1

iterate_1400: RPC returned
progress: 1400/1500
 turbulent viscosity limited to viscosity ratio of 1.000000e+05 in 811 cells 

 Reversed flow on 843 faces of pressure-outlet 7.
  1400  2.4048e-01  2.1760e-05  2.6934e-05  2.2183e-05  9.9644e-04  5.0704e-03  1.1061e-03  0:00:00    0

  iter  continuity  x-velocity  y-velocity  z-velocity           k     epsilon  vf-phase-2     time/iter
  1400  2.4048e-01  2.1760e-05  2.6934e-05  2.2183e-05  9.9644e-04  5.0704e-03  1.1061e-03  0:03:20   25

 turbulent viscosity limited to viscosity ratio of 1.000000e+05 in 810 cells 

 Reversed flow on 836 faces of pressure-outlet 7.
  1401  2.4019e-01  2.1725e-05  2.6870e-05  2.2152e-05  9.9518e-04  4.9277e-03  1.1060e-03  0:03:12   24

 turbulent viscosity limited to viscosity ratio of 1.000000e+05 in 809 cells 

 Reversed flow on 841 faces of pressure-outlet 7.
  1402  2.3948e-01  2.1692e-05  2.6807e-05  2.2111e-05  9.9373e-04  4.8409e-03  1.1059e-03  0:03:04   23

 turbulent viscosity limited to viscosity ratio of 1.000000e+05 in 809 cells 

 Reversed flow on 849 faces of pressure-outlet 7.
  1403  2.3920e-01  2.1658e-05  2.6748e-05  2.2075e-05  9.9263e-04  4.7206e-03  1.1058e-03  0:02:56   22

 turbulent viscosity limited to viscosity ratio of 1.000000e+05 in 809 cells 

 Reversed flow on 853 faces of pressure-outlet 7.
  1404  2.3885e-01  2.1627e-05  2.6693e-05  2.2043e-05  9.9363e-04  5.6799e-03  1.1057e-03  0:02:48   21

 turbulent viscosity limited to viscosity ratio of 1.000000e+05 in 809 cells 

 Reversed flow on 852 faces of pressure-outlet 7.
  1405  2.3814e-01  2.1591e-05  2.6624e-05  2.2002e-05  9.9209e-04  4.7586e-03  1.1056e-03  0:02:40   20

 turbulent viscosity limited to viscosity ratio of 1.000000e+05 in 809 cells 

 Reversed flow on 849 faces of pressure-outlet 7.
  1406  2.3742e-01  2.1559e-05  2.6561e-05  2.1965e-05  9.9024e-04  4.5911e-03  1.1055e-03  0:02:32   19

 turbulent viscosity limited to viscosity ratio of 1.000000e+05 in 809 cells 

 Reversed flow on 850 faces of pressure-outlet 7.
  1407  2.3699e-01  2.1525e-05  2.6498e-05  2.1922e-05  9.9130e-04  5.1763e-03  1.1054e-03  0:02:24   18

 turbulent viscosity limited to viscosity ratio of 1.000000e+05 in 809 cells 

 Reversed flow on 847 faces of pressure-outlet 7.
  1408  2.3652e-01  2.1492e-05  2.6445e-05  2.1883e-05  9.8883e-04  4.5325e-03  1.1053e-03  0:02:16   17

 turbulent viscosity limited to viscosity ratio of 1.000000e+05 in 809 cells 

 Reversed flow on 838 faces of pressure-outlet 7.
  1409  2.3621e-01  2.1453e-05  2.6389e-05  2.1849e-05  9.8942e-04  4.6879e-03  1.1052e-03  0:02:08   16

 turbulent viscosity limited to viscosity ratio of 1.000000e+05 in 809 cells 

 Reversed flow on 841 faces of pressure-outlet 7.
  1410  2.3601e-01  2.1415e-05  2.6336e-05  2.1810e-05  9.9064e-04  4.9387e-03  1.1052e-03  0:02:00   15

 turbulent viscosity limited to viscosity ratio of 1.000000e+05 in 809 cells 

 Reversed flow on 856 faces of pressure-outlet 7.

  iter  continuity  x-velocity  y-velocity  z-velocity           k     epsilon  vf-phase-2     time/iter
  1411  2.3544e-01  2.1386e-05  2.6282e-05  2.1785e-05  9.9004e-04  4.5534e-03  1.1052e-03  0:01:52   14

 turbulent viscosity limited to viscosity ratio of 1.000000e+05 in 809 cells 

 Reversed flow on 846 faces of pressure-outlet 7.
  1412  2.3530e-01  2.1338e-05  2.6223e-05  2.1751e-05  9.8874e-04  4.6488e-03  1.1052e-03  0:01:47   13

 turbulent viscosity limited to viscosity ratio of 1.000000e+05 in 810 cells 

 Reversed flow on 850 faces of pressure-outlet 7.
  1413  2.3481e-01  2.1293e-05  2.6162e-05  2.1718e-05  9.8719e-04  4.4321e-03  1.1052e-03  0:01:38   12

 turbulent viscosity limited to viscosity ratio of 1.000000e+05 in 810 cells 

 Reversed flow on 855 faces of pressure-outlet 7.
  1414  2.3426e-01  2.1250e-05  2.6101e-05  2.1676e-05  9.8528e-04  3.9199e-03  1.1052e-03  0:01:29   11

 turbulent viscosity limited to viscosity ratio of 1.000000e+05 in 810 cells 

 Reversed flow on 856 faces of pressure-outlet 7.
  1415  2.3394e-01  2.1208e-05  2.6041e-05  2.1640e-05  9.8435e-04  3.8123e-03  1.1053e-03  0:01:21   10

 turbulent viscosity limited to viscosity ratio of 1.000000e+05 in 810 cells 

 Reversed flow on 863 faces of pressure-outlet 7.
  1416  2.3364e-01  2.1169e-05  2.5988e-05  2.1607e-05  9.8428e-04  4.2083e-03  1.1055e-03  0:01:13    9

 turbulent viscosity limited to viscosity ratio of 1.000000e+05 in 810 cells 

 Reversed flow on 866 faces of pressure-outlet 7.
  1417  2.3354e-01  2.1130e-05  2.5929e-05  2.1577e-05  9.8304e-04  4.0132e-03  1.1056e-03  0:01:05    8

 turbulent viscosity limited to viscosity ratio of 1.000000e+05 in 810 cells 

 Reversed flow on 858 faces of pressure-outlet 7.
  1418  2.3328e-01  2.1083e-05  2.5871e-05  2.1547e-05  9.8166e-04  3.8862e-03  1.1057e-03  0:00:56    7

 turbulent viscosity limited to viscosity ratio of 1.000000e+05 in 810 cells 

 Reversed flow on 851 faces of pressure-outlet 7.
  1419  2.3289e-01  2.1028e-05  2.5809e-05  2.1509e-05  9.8197e-04  4.5133e-03  1.1058e-03  0:00:48    6

 turbulent viscosity limited to viscosity ratio of 1.000000e+05 in 810 cells 

 Reversed flow on 860 faces of pressure-outlet 7.
  1420  2.3247e-01  2.0980e-05  2.5755e-05  2.1488e-05  9.8001e-04  3.9600e-03  1.1059e-03  0:00:40    5

 turbulent viscosity limited to viscosity ratio of 1.000000e+05 in 810 cells 

 Reversed flow on 860 faces of pressure-outlet 7.
  1421  2.3232e-01  2.0931e-05  2.5690e-05  2.1456e-05  9.7797e-04  3.7603e-03  1.1060e-03  0:00:32    4

 turbulent viscosity limited to viscosity ratio of 1.000000e+05 in 810 cells 

 Reversed flow on 867 faces of pressure-outlet 7.

  iter  continuity  x-velocity  y-velocity  z-velocity           k     epsilon  vf-phase-2     time/iter
  1422  2.3210e-01  2.0876e-05  2.5622e-05  2.1424e-05  9.7840e-04  4.6387e-03  1.1061e-03  0:00:23    3

 turbulent viscosity limited to viscosity ratio of 1.000000e+05 in 809 cells 

 Reversed flow on 870 faces of pressure-outlet 7.
  1423  2.3160e-01  2.0822e-05  2.5552e-05  2.1386e-05  9.7624e-04  3.8876e-03  1.1062e-03  0:00:16    2

 turbulent viscosity limited to viscosity ratio of 1.000000e+05 in 809 cells 

 Reversed flow on 864 faces of pressure-outlet 7.
  1424  2.3150e-01  2.0768e-05  2.5488e-05  2.1359e-05  9.7448e-04  4.3199e-03  1.1064e-03  0:00:08    1

 turbulent viscosity limited to viscosity ratio of 1.000000e+05 in 809 cells 

 Reversed flow on 867 faces of pressure-outlet 7.
  1425  2.3125e-01  2.0712e-05  2.5426e-05  2.1335e-05  9.7422e-04  3.9505e-03  1.1065e-03  0:00:00    0
iterate_1425: RPC returned
progress: 1425/1500

  iter  continuity  x-velocity  y-velocity  z-velocity           k     epsilon  vf-phase-2     time/iter
  1425  2.3125e-01  2.0712e-05  2.5426e-05  2.1335e-05  9.7422e-04  3.9505e-03  1.1065e-03  0:03:18   25

 turbulent viscosity limited to viscosity ratio of 1.000000e+05 in 809 cells 

 Reversed flow on 871 faces of pressure-outlet 7.
  1426  2.3108e-01  2.0660e-05  2.5362e-05  2.1309e-05  9.7091e-04  3.4859e-03  1.1066e-03  0:03:10   24

 turbulent viscosity limited to viscosity ratio of 1.000000e+05 in 809 cells 

 Reversed flow on 876 faces of pressure-outlet 7.
  1427  2.3043e-01  2.0600e-05  2.5299e-05  2.1261e-05  9.6952e-04  3.3850e-03  1.1067e-03  0:03:03   23

 turbulent viscosity limited to viscosity ratio of 1.000000e+05 in 809 cells 

 Reversed flow on 877 faces of pressure-outlet 7.
  1428  2.3027e-01  2.0544e-05  2.5240e-05  2.1224e-05  9.6844e-04  3.4988e-03  1.1068e-03  0:02:55   22

 turbulent viscosity limited to viscosity ratio of 1.000000e+05 in 809 cells 

 Reversed flow on 873 faces of pressure-outlet 7.
  1429  2.2980e-01  2.0492e-05  2.5178e-05  2.1193e-05  9.6740e-04  3.4745e-03  1.1069e-03  0:02:47   21

 turbulent viscosity limited to viscosity ratio of 1.000000e+05 in 809 cells 

 Reversed flow on 868 faces of pressure-outlet 7.
  1430  2.2962e-01  2.0433e-05  2.5106e-05  2.1159e-05  9.6551e-04  3.3914e-03  1.1070e-03  0:02:39   20

 turbulent viscosity limited to viscosity ratio of 1.000000e+05 in 809 cells 

 Reversed flow on 881 faces of pressure-outlet 7.
  1431  2.2900e-01  2.0373e-05  2.5036e-05  2.1119e-05  9.6353e-04  3.0682e-03  1.1072e-03  0:02:32   19

 turbulent viscosity limited to viscosity ratio of 1.000000e+05 in 809 cells 

 Reversed flow on 881 faces of pressure-outlet 7.
  1432  2.2854e-01  2.0316e-05  2.4964e-05  2.1086e-05  9.6236e-04  3.4137e-03  1.1073e-03  0:02:20   18

 turbulent viscosity limited to viscosity ratio of 1.000000e+05 in 809 cells 

 Reversed flow on 881 faces of pressure-outlet 7.
  1433  2.2809e-01  2.0259e-05  2.4897e-05  2.1057e-05  9.6133e-04  3.2856e-03  1.1075e-03  0:02:13   17

 turbulent viscosity limited to viscosity ratio of 1.000000e+05 in 808 cells 

 Reversed flow on 884 faces of pressure-outlet 7.
  1434  2.2765e-01  2.0201e-05  2.4833e-05  2.1018e-05  9.6012e-04  3.1303e-03  1.1077e-03  0:02:06   16

 turbulent viscosity limited to viscosity ratio of 1.000000e+05 in 808 cells 

 Reversed flow on 881 faces of pressure-outlet 7.
  1435  2.2727e-01  2.0145e-05  2.4764e-05  2.0979e-05  9.5822e-04  3.1887e-03  1.1078e-03  0:01:58   15

 turbulent viscosity limited to viscosity ratio of 1.000000e+05 in 808 cells 

 Reversed flow on 881 faces of pressure-outlet 7.

  iter  continuity  x-velocity  y-velocity  z-velocity           k     epsilon  vf-phase-2     time/iter
  1436  2.2661e-01  2.0085e-05  2.4691e-05  2.0944e-05  9.5721e-04  3.3022e-03  1.1080e-03  0:01:51   14

 turbulent viscosity limited to viscosity ratio of 1.000000e+05 in 808 cells 

 Reversed flow on 884 faces of pressure-outlet 7.
  1437  2.2638e-01  2.0025e-05  2.4623e-05  2.0908e-05  9.5647e-04  3.9673e-03  1.1082e-03  0:01:40   13

 turbulent viscosity limited to viscosity ratio of 1.000000e+05 in 808 cells 

 Reversed flow on 881 faces of pressure-outlet 7.
  1438  2.2623e-01  1.9980e-05  2.4559e-05  2.0879e-05  9.5549e-04  3.6879e-03  1.1084e-03  0:01:33   12

 turbulent viscosity limited to viscosity ratio of 1.000000e+05 in 808 cells 

 Reversed flow on 885 faces of pressure-outlet 7.
  1439  2.2603e-01  1.9922e-05  2.4491e-05  2.0842e-05  9.5536e-04  4.0064e-03  1.1086e-03  0:01:26   11

 turbulent viscosity limited to viscosity ratio of 1.000000e+05 in 808 cells 

 Reversed flow on 885 faces of pressure-outlet 7.
  1440  2.2560e-01  1.9865e-05  2.4423e-05  2.0793e-05  9.5268e-04  3.4686e-03  1.1088e-03  0:01:19   10

 turbulent viscosity limited to viscosity ratio of 1.000000e+05 in 809 cells 

 Reversed flow on 891 faces of pressure-outlet 7.
  1441  2.2541e-01  1.9805e-05  2.4359e-05  2.0750e-05  9.5108e-04  3.3438e-03  1.1090e-03  0:01:11    9

 turbulent viscosity limited to viscosity ratio of 1.000000e+05 in 809 cells 

 Reversed flow on 887 faces of pressure-outlet 7.
  1442  2.2518e-01  1.9746e-05  2.4298e-05  2.0715e-05  9.5078e-04  3.3681e-03  1.1092e-03  0:01:03    8

 turbulent viscosity limited to viscosity ratio of 1.000000e+05 in 809 cells 

 Reversed flow on 892 faces of pressure-outlet 7.
  1443  2.2478e-01  1.9686e-05  2.4237e-05  2.0674e-05  9.4940e-04  3.4827e-03  1.1093e-03  0:00:54    7

 turbulent viscosity limited to viscosity ratio of 1.000000e+05 in 809 cells 

 Reversed flow on 896 faces of pressure-outlet 7.
  1444  2.2457e-01  1.9635e-05  2.4167e-05  2.0640e-05  9.4810e-04  3.2479e-03  1.1094e-03  0:00:47    6

 turbulent viscosity limited to viscosity ratio of 1.000000e+05 in 809 cells 

 Reversed flow on 895 faces of pressure-outlet 7.
  1445  2.2399e-01  1.9573e-05  2.4097e-05  2.0596e-05  9.4549e-04  3.1294e-03  1.1096e-03  0:00:39    5

 turbulent viscosity limited to viscosity ratio of 1.000000e+05 in 808 cells 

 Reversed flow on 892 faces of pressure-outlet 7.
  1446  2.2351e-01  1.9514e-05  2.4030e-05  2.0547e-05  9.4387e-04  3.1014e-03  1.1098e-03  0:00:31    4

 turbulent viscosity limited to viscosity ratio of 1.000000e+05 in 808 cells 

 Reversed flow on 895 faces of pressure-outlet 7.

  iter  continuity  x-velocity  y-velocity  z-velocity           k     epsilon  vf-phase-2     time/iter
  1447  2.2306e-01  1.9456e-05  2.3966e-05  2.0506e-05  9.4276e-04  3.2922e-03  1.1100e-03  0:00:24    3

 turbulent viscosity limited to viscosity ratio of 1.000000e+05 in 808 cells 

 Reversed flow on 897 faces of pressure-outlet 7.
  1448  2.2251e-01  1.9390e-05  2.3905e-05  2.0464e-05  9.4077e-04  3.2219e-03  1.1102e-03  0:00:16    2

 turbulent viscosity limited to viscosity ratio of 1.000000e+05 in 808 cells 

 Reversed flow on 899 faces of pressure-outlet 7.
  1449  2.2238e-01  1.9329e-05  2.3840e-05  2.0420e-05  9.4004e-04  3.2526e-03  1.1103e-03  0:00:08    1

 turbulent viscosity limited to viscosity ratio of 1.000000e+05 in 809 cells 

 Reversed flow on 897 faces of pressure-outlet 7.
  1450  2.2198e-01  1.9266e-05  2.3777e-05  2.0374e-05  9.3793e-04  3.2452e-03  1.1105e-03  0:00:00    0
iterate_1450: RPC returned
progress: 1450/1500

  iter  continuity  x-velocity  y-velocity  z-velocity           k     epsilon  vf-phase-2     time/iter
  1450  2.2198e-01  1.9266e-05  2.3777e-05  2.0374e-05  9.3793e-04  3.2452e-03  1.1105e-03  0:03:15   25

 turbulent viscosity limited to viscosity ratio of 1.000000e+05 in 809 cells 

 Reversed flow on 893 faces of pressure-outlet 7.
  1451  2.2158e-01  1.9203e-05  2.3707e-05  2.0333e-05  9.3538e-04  2.7615e-03  1.1107e-03  0:03:13   24

 turbulent viscosity limited to viscosity ratio of 1.000000e+05 in 808 cells 

 Reversed flow on 895 faces of pressure-outlet 7.
  1452  2.2114e-01  1.9143e-05  2.3636e-05  2.0283e-05  9.3372e-04  2.9521e-03  1.1109e-03  0:03:04   23

 turbulent viscosity limited to viscosity ratio of 1.000000e+05 in 808 cells 

 Reversed flow on 900 faces of pressure-outlet 7.
  1453  2.2074e-01  1.9086e-05  2.3566e-05  2.0250e-05  9.3230e-04  2.9936e-03  1.1111e-03  0:02:52   22

 turbulent viscosity limited to viscosity ratio of 1.000000e+05 in 808 cells 

 Reversed flow on 895 faces of pressure-outlet 7.
  1454  2.2053e-01  1.9031e-05  2.3501e-05  2.0212e-05  9.3049e-04  2.9326e-03  1.1113e-03  0:02:45   21

 turbulent viscosity limited to viscosity ratio of 1.000000e+05 in 808 cells 

 Reversed flow on 892 faces of pressure-outlet 7.
  1455  2.2007e-01  1.8975e-05  2.3430e-05  2.0172e-05  9.2995e-04  3.6821e-03  1.1114e-03  0:02:38   20

 turbulent viscosity limited to viscosity ratio of 1.000000e+05 in 808 cells 

 Reversed flow on 892 faces of pressure-outlet 7.
  1456  2.1982e-01  1.8922e-05  2.3361e-05  2.0134e-05  9.2700e-04  3.2704e-03  1.1115e-03  0:02:30   19

 turbulent viscosity limited to viscosity ratio of 1.000000e+05 in 808 cells 

 Reversed flow on 899 faces of pressure-outlet 7.
  1457  2.1971e-01  1.8865e-05  2.3296e-05  2.0087e-05  9.2619e-04  3.3784e-03  1.1116e-03  0:02:23   18

 turbulent viscosity limited to viscosity ratio of 1.000000e+05 in 809 cells 

 Reversed flow on 899 faces of pressure-outlet 7.
  1458  2.1952e-01  1.8825e-05  2.3237e-05  2.0058e-05  9.2574e-04  3.5810e-03  1.1118e-03  0:02:12   17

 turbulent viscosity limited to viscosity ratio of 1.000000e+05 in 809 cells 

 Reversed flow on 899 faces of pressure-outlet 7.
  1459  2.1945e-01  1.8783e-05  2.3169e-05  2.0017e-05  9.2273e-04  2.9577e-03  1.1120e-03  0:02:05   16

 turbulent viscosity limited to viscosity ratio of 1.000000e+05 in 809 cells 

 Reversed flow on 905 faces of pressure-outlet 7.
  1460  2.1887e-01  1.8731e-05  2.3094e-05  1.9970e-05  9.2221e-04  3.1589e-03  1.1122e-03  0:01:58   15

 turbulent viscosity limited to viscosity ratio of 1.000000e+05 in 809 cells 

 Reversed flow on 910 faces of pressure-outlet 7.

  iter  continuity  x-velocity  y-velocity  z-velocity           k     epsilon  vf-phase-2     time/iter
  1461  2.1832e-01  1.8679e-05  2.3028e-05  1.9928e-05  9.2051e-04  3.1070e-03  1.1124e-03  0:01:50   14

 turbulent viscosity limited to viscosity ratio of 1.000000e+05 in 809 cells 

 Reversed flow on 906 faces of pressure-outlet 7.
  1462  2.1804e-01  1.8632e-05  2.2965e-05  1.9880e-05  9.1791e-04  2.9293e-03  1.1125e-03  0:01:43   13

 turbulent viscosity limited to viscosity ratio of 1.000000e+05 in 808 cells 

 Reversed flow on 912 faces of pressure-outlet 7.
  1463  2.1759e-01  1.8587e-05  2.2901e-05  1.9838e-05  9.1585e-04  2.8512e-03  1.1126e-03  0:01:35   12

 turbulent viscosity limited to viscosity ratio of 1.000000e+05 in 808 cells 

 Reversed flow on 903 faces of pressure-outlet 7.
  1464  2.1714e-01  1.8547e-05  2.2841e-05  1.9798e-05  9.1500e-04  3.0604e-03  1.1127e-03  0:01:25   11

 turbulent viscosity limited to viscosity ratio of 1.000000e+05 in 808 cells 

 Reversed flow on 901 faces of pressure-outlet 7.
  1465  2.1672e-01  1.8510e-05  2.2771e-05  1.9761e-05  9.1331e-04  2.9907e-03  1.1128e-03  0:01:18   10

 turbulent viscosity limited to viscosity ratio of 1.000000e+05 in 807 cells 

 Reversed flow on 896 faces of pressure-outlet 7.
  1466  2.1640e-01  1.8477e-05  2.2715e-05  1.9724e-05  9.1180e-04  2.9535e-03  1.1129e-03  0:01:10    9

 turbulent viscosity limited to viscosity ratio of 1.000000e+05 in 807 cells 

 Reversed flow on 902 faces of pressure-outlet 7.
  1467  2.1627e-01  1.8452e-05  2.2661e-05  1.9691e-05  9.0989e-04  2.9085e-03  1.1131e-03  0:01:03    8

 turbulent viscosity limited to viscosity ratio of 1.000000e+05 in 808 cells 

 Reversed flow on 910 faces of pressure-outlet 7.
  1468  2.1604e-01  1.8415e-05  2.2606e-05  1.9648e-05  9.0782e-04  2.9013e-03  1.1132e-03  0:00:55    7

 turbulent viscosity limited to viscosity ratio of 1.000000e+05 in 810 cells 

 Reversed flow on 901 faces of pressure-outlet 7.
  1469  2.1575e-01  1.8388e-05  2.2547e-05  1.9609e-05  9.0601e-04  2.7414e-03  1.1134e-03  0:00:47    6

 turbulent viscosity limited to viscosity ratio of 1.000000e+05 in 810 cells 

 Reversed flow on 895 faces of pressure-outlet 7.
  1470  2.1562e-01  1.8364e-05  2.2491e-05  1.9569e-05  9.0437e-04  2.7313e-03  1.1135e-03  0:00:39    5

 turbulent viscosity limited to viscosity ratio of 1.000000e+05 in 810 cells 

 Reversed flow on 879 faces of pressure-outlet 7.
  1471  2.1536e-01  1.8344e-05  2.2436e-05  1.9537e-05  9.0330e-04  3.2477e-03  1.1137e-03  0:00:31    4

 turbulent viscosity limited to viscosity ratio of 1.000000e+05 in 810 cells 

 Reversed flow on 885 faces of pressure-outlet 7.

  iter  continuity  x-velocity  y-velocity  z-velocity           k     epsilon  vf-phase-2     time/iter
  1472  2.1486e-01  1.8325e-05  2.2380e-05  1.9504e-05  9.0201e-04  3.1327e-03  1.1138e-03  0:00:23    3

 turbulent viscosity limited to viscosity ratio of 1.000000e+05 in 809 cells 

 Reversed flow on 900 faces of pressure-outlet 7.
  1473  2.1436e-01  1.8306e-05  2.2327e-05  1.9460e-05  8.9977e-04  3.3477e-03  1.1140e-03  0:00:16    2

 turbulent viscosity limited to viscosity ratio of 1.000000e+05 in 809 cells 

 Reversed flow on 904 faces of pressure-outlet 7.
  1474  2.1390e-01  1.8282e-05  2.2270e-05  1.9417e-05  8.9679e-04  2.8823e-03  1.1141e-03  0:00:08    1

iterate_1475: RPC returned
progress: 1475/1500
 turbulent viscosity limited to viscosity ratio of 1.000000e+05 in 809 cells 

 Reversed flow on 889 faces of pressure-outlet 7.
  1475  2.1367e-01  1.8260e-05  2.2212e-05  1.9377e-05  8.9413e-04  2.7333e-03  1.1143e-03  0:00:00    0

  iter  continuity  x-velocity  y-velocity  z-velocity           k     epsilon  vf-phase-2     time/iter
  1475  2.1367e-01  1.8260e-05  2.2212e-05  1.9377e-05  8.9413e-04  2.7333e-03  1.1143e-03  0:03:13   25

 turbulent viscosity limited to viscosity ratio of 1.000000e+05 in 809 cells 

 Reversed flow on 894 faces of pressure-outlet 7.
  1476  2.1321e-01  1.8247e-05  2.2162e-05  1.9346e-05  8.9199e-04  2.6767e-03  1.1144e-03  0:03:06   24

 turbulent viscosity limited to viscosity ratio of 1.000000e+05 in 809 cells 

 Reversed flow on 895 faces of pressure-outlet 7.
  1477  2.1301e-01  1.8241e-05  2.2113e-05  1.9314e-05  8.9003e-04  2.7581e-03  1.1145e-03  0:03:00   23

 turbulent viscosity limited to viscosity ratio of 1.000000e+05 in 809 cells 

 Reversed flow on 889 faces of pressure-outlet 7.
  1478  2.1249e-01  1.8229e-05  2.2063e-05  1.9282e-05  8.8825e-04  2.7761e-03  1.1145e-03  0:02:53   22

 turbulent viscosity limited to viscosity ratio of 1.000000e+05 in 809 cells 

 Reversed flow on 893 faces of pressure-outlet 7.
  1479  2.1193e-01  1.8221e-05  2.2014e-05  1.9250e-05  8.8615e-04  2.6447e-03  1.1146e-03  0:02:41   21

 turbulent viscosity limited to viscosity ratio of 1.000000e+05 in 809 cells 

 Reversed flow on 900 faces of pressure-outlet 7.
  1480  2.1164e-01  1.8213e-05  2.1967e-05  1.9219e-05  8.8467e-04  3.1026e-03  1.1147e-03  0:02:35   20

 turbulent viscosity limited to viscosity ratio of 1.000000e+05 in 810 cells 

 Reversed flow on 903 faces of pressure-outlet 7.
  1481  2.1121e-01  1.8208e-05  2.1922e-05  1.9188e-05  8.8186e-04  2.7663e-03  1.1148e-03  0:02:28   19

 turbulent viscosity limited to viscosity ratio of 1.000000e+05 in 809 cells 

 Reversed flow on 903 faces of pressure-outlet 7.
  1482  2.1096e-01  1.8205e-05  2.1876e-05  1.9156e-05  8.7955e-04  2.7471e-03  1.1149e-03  0:02:21   18

 turbulent viscosity limited to viscosity ratio of 1.000000e+05 in 809 cells 

 Reversed flow on 888 faces of pressure-outlet 7.
  1483  2.1063e-01  1.8200e-05  2.1833e-05  1.9132e-05  8.7694e-04  2.5765e-03  1.1149e-03  0:02:14   17

 turbulent viscosity limited to viscosity ratio of 1.000000e+05 in 809 cells 

 Reversed flow on 893 faces of pressure-outlet 7.
  1484  2.1042e-01  1.8194e-05  2.1793e-05  1.9102e-05  8.7490e-04  2.8415e-03  1.1149e-03  0:02:03   16

 turbulent viscosity limited to viscosity ratio of 1.000000e+05 in 809 cells 

 Reversed flow on 898 faces of pressure-outlet 7.
  1485  2.1004e-01  1.8189e-05  2.1751e-05  1.9074e-05  8.7275e-04  2.7178e-03  1.1148e-03  0:01:56   15

 turbulent viscosity limited to viscosity ratio of 1.000000e+05 in 809 cells 

 Reversed flow on 895 faces of pressure-outlet 7.

  iter  continuity  x-velocity  y-velocity  z-velocity           k     epsilon  vf-phase-2     time/iter
  1486  2.0984e-01  1.8187e-05  2.1716e-05  1.9043e-05  8.7082e-04  2.9346e-03  1.1148e-03  0:01:49   14

 turbulent viscosity limited to viscosity ratio of 1.000000e+05 in 807 cells 

 Reversed flow on 893 faces of pressure-outlet 7.
  1487  2.0960e-01  1.8184e-05  2.1672e-05  1.9019e-05  8.6928e-04  2.7274e-03  1.1148e-03  0:01:42   13

 turbulent viscosity limited to viscosity ratio of 1.000000e+05 in 807 cells 

 Reversed flow on 889 faces of pressure-outlet 7.
  1488  2.0910e-01  1.8182e-05  2.1637e-05  1.8997e-05  8.6781e-04  3.5045e-03  1.1147e-03  0:01:35   12

 turbulent viscosity limited to viscosity ratio of 1.000000e+05 in 806 cells 

 Reversed flow on 892 faces of pressure-outlet 7.
  1489  2.0886e-01  1.8181e-05  2.1607e-05  1.8973e-05  8.6578e-04  3.1244e-03  1.1148e-03  0:01:27   11

 turbulent viscosity limited to viscosity ratio of 1.000000e+05 in 806 cells 

 Reversed flow on 891 faces of pressure-outlet 7.
  1490  2.0860e-01  1.8193e-05  2.1579e-05  1.8957e-05  8.6415e-04  3.5650e-03  1.1148e-03  0:01:17   10

 turbulent viscosity limited to viscosity ratio of 1.000000e+05 in 806 cells 

 Reversed flow on 885 faces of pressure-outlet 7.
  1491  2.0837e-01  1.8193e-05  2.1551e-05  1.8934e-05  8.6170e-04  3.1194e-03  1.1149e-03  0:01:10    9

 turbulent viscosity limited to viscosity ratio of 1.000000e+05 in 806 cells 

 Reversed flow on 890 faces of pressure-outlet 7.
  1492  2.0794e-01  1.8193e-05  2.1521e-05  1.8909e-05  8.5905e-04  2.9425e-03  1.1150e-03  0:01:03    8

 turbulent viscosity limited to viscosity ratio of 1.000000e+05 in 804 cells 

 Reversed flow on 889 faces of pressure-outlet 7.
  1493  2.0766e-01  1.8198e-05  2.1489e-05  1.8892e-05  8.5682e-04  2.7811e-03  1.1151e-03  0:00:55    7

 turbulent viscosity limited to viscosity ratio of 1.000000e+05 in 805 cells 

 Reversed flow on 890 faces of pressure-outlet 7.
  1494  2.0732e-01  1.8197e-05  2.1460e-05  1.8866e-05  8.5364e-04  2.6205e-03  1.1152e-03  0:00:47    6

 turbulent viscosity limited to viscosity ratio of 1.000000e+05 in 804 cells 

 Reversed flow on 894 faces of pressure-outlet 7.
  1495  2.0697e-01  1.8199e-05  2.1429e-05  1.8849e-05  8.5203e-04  2.7344e-03  1.1153e-03  0:00:39    5

 turbulent viscosity limited to viscosity ratio of 1.000000e+05 in 804 cells 

 Reversed flow on 886 faces of pressure-outlet 7.
  1496  2.0640e-01  1.8200e-05  2.1398e-05  1.8824e-05  8.4913e-04  2.5899e-03  1.1154e-03  0:00:31    4

 turbulent viscosity limited to viscosity ratio of 1.000000e+05 in 804 cells 

 Reversed flow on 889 faces of pressure-outlet 7.

  iter  continuity  x-velocity  y-velocity  z-velocity           k     epsilon  vf-phase-2     time/iter
  1497  2.0631e-01  1.8197e-05  2.1379e-05  1.8807e-05  8.4738e-04  2.5704e-03  1.1155e-03  0:00:23    3

 turbulent viscosity limited to viscosity ratio of 1.000000e+05 in 804 cells 

 Reversed flow on 890 faces of pressure-outlet 7.
  1498  2.0605e-01  1.8202e-05  2.1365e-05  1.8790e-05  8.4488e-04  2.4090e-03  1.1156e-03  0:00:16    2

 turbulent viscosity limited to viscosity ratio of 1.000000e+05 in 804 cells 

 Reversed flow on 882 faces of pressure-outlet 7.
  1499  2.0576e-01  1.8201e-05  2.1347e-05  1.8765e-05  8.4280e-04  2.5496e-03  1.1157e-03  0:00:08    1

 turbulent viscosity limited to viscosity ratio of 1.000000e+05 in 804 cells 

 Reversed flow on 885 faces of pressure-outlet 7.
  1500  2.0551e-01  1.8203e-05  2.1328e-05  1.8748e-05  8.4115e-04  2.6687e-03  1.1157e-03  0:00:00    0
iterate_1500: RPC returned
progress: 1500/1500
verified_iteration_label: 1500

=== verified_flow ===

Writing to EN439159:"C:\Users\qtra338\Documents\enthalpy_sweep_verified_20260721_v2\case_6_1760_1500_flow.cas.h5" in NODE0 mode and compression level 1 ...
Grouping cells for Laplace smoothing ...
     5578299 cells,     1 zone  ...
    11355491 faces,     5 zones ...
     1026091 nodes,     1 zone  ...
  Done.
Done.write_case_verified_flow: OK


Writing to EN439159:"C:\Users\qtra338\Documents\enthalpy_sweep_verified_20260721_v2\case_6_1760_1500_flow.dat.h5" in NODE0 mode and compression level 1 ...
  Writing results.
Done.write_data_verified_flow: OK

saved_pair_verified_flow: VERIFIED

=== Run DPM Reports ===
report_call: settings_zone_summaries_per_injection_enable
settings_zone_summaries_per_injection_enable: no captured text
report_call: solve_dpm_update
/solve/dpm-update

DPM Iteration ....
number tracked = 78300, escaped = 7640, trapped = 34891, incomplete = 35769

report_call: settings_dpm_summary

 Fate                        Zone   Zone Number                  Elapsed Time (s)               Injection, Index      Injection, Index
                             Name     Id               Min        Max        Avg    Std Dev                  Min                  Max
 ----------- -------------------- ------ ------ ---------- ---------- ---------- ---------- --------------- ---- --------------- ----
 Incomplete                               35769  7.183e+00  3.524e+01  1.830e+01  8.824e+00     injection-1  465     injection-8 8077
 Escaped             steam_outlet      7   7640  6.562e-01  1.176e+01  1.882e+00  1.217e+00     injection-0 2712     injection-0 4279
 Trapped             fluid_outlet      8  34891  1.313e-01  2.159e+01  4.298e-01  7.191e-01     injection-1 7202     injection-1 6202

                                               (*)- Mass Transfer Summary -(*) 

report_call: tui_dpm_summary

 Fate                        Zone   Zone      Mass Flow (kg/s)
                             Name     Id    Initial      Final     Change
 ----------- -------------------- ------ ---------- ---------- ----------
 Incomplete                               4.958e+01  4.958e+01  0.000e+00
 Escaped             steam_outlet      7  1.443e-01  1.443e-01  0.000e+00
 Trapped             fluid_outlet      8  5.137e+01  5.137e+01  0.000e+00
 -----------                             ---------- ---------- ----------
 Net                                      1.011e+02  1.011e+02  0.000e+00

 Fate                        Zone   Zone Number                  Elapsed Time (s)               Injection, Index      Injection, Index
                             Name     Id               Min        Max        Avg    Std Dev                  Min                  Max
 ----------- -------------------- ------ ------ ---------- ---------- ---------- ---------- --------------- ---- --------------- ----
 Incomplete   
report_call: tui_particle_summary
(injection-0 injection-1 injection-2 injection-3 injection-4 injection-5 injection-6 injection-7 injection-8)
The following solver settings object method could also be used to execute the above command:
<solver_session>.results.report.particle_summary(injection_names = ["injection-0", "injection-1", "injection-2", "injection-3", "injection-4", "injection-5", "injection-6", "injection-7", "injection-8"])

report_call: settings_dpm_extended_summary

 Fate                        Zone   Zone Number                  Elapsed Time (s)               Injection, Index      Injection, Index
                             Name     Id               Min        Max        Avg    Std Dev                  Min                  Max
 ----------- -------------------- ------ ------ ---------- ---------- ---------- ---------- --------------- ---- --------------- ----
 Incomplete                               35769  7.183e+00  3.524e+01  1.830e+01  8.824e+00     injection-1  465     injection-8 8077
 Escaped             steam_outlet      7   7640  6.562e-01  1.176e+01  1.882e+00  1.217e+00     injection-0 2712     injection-0 4279
 Trapped             fluid_outlet      8  34891  1.313e-01  2.159e+01  4.298e-01  7.191e-01     injection-1 7202     injection-1 6202


                                               (*)- Mass Transfer Summary -(*) 

 Fate                        Zone   Zone      Mass Flow (kg/s)
                             Name     Id    Initial      Final     Change
 ----------- -------------------- ------ ---------- ---------- ----------
 Incomplete                               4.958e+01  4.958e+01  0.000e+00
 Escaped             steam_outlet      7  1.443e-01  1.443e-01  0.000e+00
 Trapped             fluid_outlet      8  5.137e+01  5.137e+01  0.000e+00
 -----------                             ---------- ---------- ----------
 Net                                      1.011e+02  1.011e+02  0.000e+00
report_call: dpm_extended_summary_injection-0

Saving summary report to file: C:\\Users\\qtra338\\Documents\\enthalpy_sweep_verified_20260721_v2\\case_6_1760_injection-0_extended_scratch.txt

report_call: dpm_extended_summary_injection-1

Saving summary report to file: C:\\Users\\qtra338\\Documents\\enthalpy_sweep_verified_20260721_v2\\case_6_1760_injection-1_extended_scratch.txt

report_call: dpm_extended_summary_injection-2

Saving summary report to file: C:\\Users\\qtra338\\Documents\\enthalpy_sweep_verified_20260721_v2\\case_6_1760_injection-2_extended_scratch.txt

report_call: dpm_extended_summary_injection-3

Saving summary report to file: C:\\Users\\qtra338\\Documents\\enthalpy_sweep_verified_20260721_v2\\case_6_1760_injection-3_extended_scratch.txt

report_call: dpm_extended_summary_injection-4

Saving summary report to file: C:\\Users\\qtra338\\Documents\\enthalpy_sweep_verified_20260721_v2\\case_6_1760_injection-4_extended_scratch.txt

report_call: dpm_extended_summary_injection-5

Saving summary report to file: C:\\Users\\qtra338\\Documents\\enthalpy_sweep_verified_20260721_v2\\case_6_1760_injection-5_extended_scratch.txt

report_call: dpm_extended_summary_injection-6

Saving summary report to file: C:\\Users\\qtra338\\Documents\\enthalpy_sweep_verified_20260721_v2\\case_6_1760_injection-6_extended_scratch.txt

report_call: dpm_extended_summary_injection-7

Saving summary report to file: C:\\Users\\qtra338\\Documents\\enthalpy_sweep_verified_20260721_v2\\case_6_1760_injection-7_extended_scratch.txt

report_call: dpm_extended_summary_injection-8

Saving summary report to file: C:\\Users\\qtra338\\Documents\\enthalpy_sweep_verified_20260721_v2\\case_6_1760_injection-8_extended_scratch.txt


=== Set DPM Injections ===
DPM velocity mode: face-normal
injection-0_particle_type: OK
injection-0_material: OK
injection-0_injection_type_surface: OK
injection-0_location: OK
injection-0_mass_flow_rate: OK
injection-0_use_face_normal_direction: OK
injection-0_velocity_magnitude: OK
injection-0_particle_size: OK
injection-0_readback: VERIFIED
injection-1_particle_type: OK
injection-1_material: OK
injection-1_injection_type_surface: OK
injection-1_location: OK
injection-1_mass_flow_rate: OK
injection-1_use_face_normal_direction: OK
injection-1_velocity_magnitude: OK
injection-1_particle_size: OK
injection-1_readback: VERIFIED
injection-2_particle_type: OK
injection-2_material: OK
injection-2_injection_type_surface: OK
injection-2_location: OK
injection-2_mass_flow_rate: OK
injection-2_use_face_normal_direction: OK
injection-2_velocity_magnitude: OK
injection-2_particle_size: OK
injection-2_readback: VERIFIED
injection-3_particle_type: OK
injection-3_material: OK
injection-3_injection_type_surface: OK
injection-3_location: OK
injection-3_mass_flow_rate: OK
injection-3_use_face_normal_direction: OK
injection-3_velocity_magnitude: OK
injection-3_particle_size: OK
injection-3_readback: VERIFIED
injection-4_particle_type: OK
injection-4_material: OK
injection-4_injection_type_surface: OK
injection-4_location: OK
injection-4_mass_flow_rate: OK
injection-4_use_face_normal_direction: OK
injection-4_velocity_magnitude: OK
injection-4_particle_size: OK
injection-4_readback: VERIFIED
injection-5_particle_type: OK
injection-5_material: OK
injection-5_injection_type_surface: OK
injection-5_location: OK
injection-5_mass_flow_rate: OK
injection-5_use_face_normal_direction: OK
injection-5_velocity_magnitude: OK
injection-5_particle_size: OK
injection-5_readback: VERIFIED
injection-6_particle_type: OK
injection-6_material: OK
injection-6_injection_type_surface: OK
injection-6_location: OK
injection-6_mass_flow_rate: OK
injection-6_use_face_normal_direction: OK
injection-6_velocity_magnitude: OK
injection-6_particle_size: OK
injection-6_readback: VERIFIED
injection-7_particle_type: OK
injection-7_material: OK
injection-7_injection_type_surface: OK
injection-7_location: OK
injection-7_mass_flow_rate: OK
injection-7_use_face_normal_direction: OK
injection-7_velocity_magnitude: OK
injection-7_particle_size: OK
injection-7_readback: VERIFIED
injection-8_particle_type: OK
injection-8_material: OK
injection-8_injection_type_surface: OK
injection-8_location: OK
injection-8_mass_flow_rate: OK
injection-8_use_face_normal_direction: OK
injection-8_velocity_magnitude: OK
injection-8_particle_size: OK
injection-8_readback: VERIFIED

=== final_post_dpm ===

Writing to EN439159:"C:\Users\qtra338\Documents\enthalpy_sweep_verified_20260721_v2\case_6_1760_1500.cas.h5" in NODE0 mode and compression level 1 ...
Grouping cells for Laplace smoothing ...
     5578299 cells,     1 zone  ...
    11355491 faces,     5 zones ...
     1026091 nodes,     1 zone  ...
  Done.
Done.
write_case_final_post_dpm: OK

Writing to EN439159:"C:\Users\qtra338\Documents\enthalpy_sweep_verified_20260721_v2\case_6_1760_1500.dat.h5" in NODE0 mode and compression level 1 ...
  Writing results.
Done.write_data_final_post_dpm: OK

saved_pair_final_post_dpm: VERIFIED

=== Sweep Complete ===
local_combined_results: /Users/andy/Desktop/P4P/P4P_knowledgeWiki/PyAnsys/output/enthalpy_sweep_verified_20260721_v2/all_enthalpy_injection_results.csv
remote_combined_results: C:\Users\qtra338\Documents\enthalpy_sweep_verified_20260721_v2\all_enthalpy_injection_results.csv
local_case_summary: /Users/andy/Desktop/P4P/P4P_knowledgeWiki/PyAnsys/output/enthalpy_sweep_verified_20260721_v2/all_enthalpy_case_summary.csv
remote_case_summary: C:\Users\qtra338\Documents\enthalpy_sweep_verified_20260721_v2\all_enthalpy_case_summary.csv
rows: 54
