Connecting to Fluent server 1 using IP/port: 10.104.145.85:51652
/Users/andy/Desktop/P4P/P4P_knowledgeWiki/PyAnsys/.venv/lib/python3.12/site-packages/ansys/fluent/core/fluent_connection.py:306: InsecureGrpcWarning: The Fluent session will be connected in insecure gRPC mode. This mode is not recommended. For more details on the implications and usage of insecure mode, refer to the Fluent documentation.
  warnings.warn(
/Users/andy/Desktop/P4P/P4P_knowledgeWiki/PyAnsys/.venv/lib/python3.12/site-packages/ansys/tools/common/cyberchannel.py:188: UserWarning: Starting gRPC client without TLS on 10.104.145.85:51652. This is INSECURE. Consider using a secure connection.
  warn(f"Starting gRPC client without TLS on {target}. This is INSECURE. Consider using a secure connection.")

Connected to Fluent Ansys Fluent 2024 R2
remote_output_dir: created C:\Users\qtra338\Documents\enthalpy_sweep_verified_20260721_v2

=== Run Case 1 / 1600 -25% ===

=== Load Base Case ===
Note: Rank = 0: Process affinity not being set (6).
Note: Rank = 1: Process affinity not being set (6).
Note: Rank = 2: Process affinity not being set (6).
Note: Rank = 3: Process affinity not being set (6).
Note: Rank = 4: Process affinity not being set (6).
Note: Rank = 5: Process affinity not being set (6).
Note: Rank = 6: Process affinity not being set (6).
Note: Rank = 7: Process affinity not being set (6).
Note: Rank = 8: Process affinity not being set (6).
Note: Rank = 9: Process affinity not being set (6).

       Clearing partially read grid.

Reading from EN439159:"C:\Users\qtra338\Documents\baseline.cas.h5" in NODE0 mode ...
  Reading mesh ...
     5578299 cells,     1 cell zone  ...
        5578299 tetrahedral cells,  zone id: 3
    11355491 faces,     5 face zones ...
         374376 triangular wall faces,  zone id: 1
       10957705 triangular interior faces,  zone id: 2
           8700 triangular mass-flow-inlet faces,  zone id: 6
           5435 triangular pressure-outlet faces,  zone id: 7
           9275 triangular wall faces,  zone id: 8
     1026091 nodes,     1 node zone  ...
  Done.


Building...
     mesh
	distributing mesh
		parts..........,
		faces..........,
		nodes..........,
		cells..........,
        bandwidth reduction using Reverse Cuthill-McKee: 558580/15010 = 37.2139
     materials,
     interface,
     domains,
	mixture
	phase-1
	phase-2
	interaction
     zones,
	fluid  (phase-2)
	interior-fluid  (phase-2)
	fluid  (phase-1)
	interior-fluid  (phase-1)
	wall-fluid  (phase-1)
	wall-fluid  (phase-2)
	inlet  (phase-1)
	inlet  (phase-2)
	steam_outlet  (phase-1)
	steam_outlet  (phase-2)
	fluid_outlet  (phase-1)
	fluid_outlet  (phase-2)
	interior-fluid
	wall-fluid
	inlet
	steam_outlet
	fluid_outlet
	fluid
     parallel,
Done.
read_base_case: OK
fluent_internal_autosave: VERIFIED disabled -> {"before": {"autosave/frequency/data": 100, "autosave/frequency/case": 0, "mmp/autosave/frequency/data": 1, "mmp/autosave/frequency/case": 1, "autosave/filename": "C:\\Users\\qtra338\\Documents\\Bangma Design (swirl 0.15)\\Bangma_separator_files\\dp0\\FFF\\Fluent\\FFF-6", "mmp/autosave/filename": ""}, "after": {"autosave/frequency/data": 0, "autosave/frequency/case": 0, "mmp/autosave/frequency/data": 0, "mmp/autosave/frequency/case": 0, "autosave/filename": "C:/Users/qtra338/Documents/enthalpy_sweep_verified_20260721_v2/case_1_1600_25pct_internal_autosave_disabled", "mmp/autosave/filename": "C:/Users/qtra338/Documents/enthalpy_sweep_verified_20260721_v2/case_1_1600_25pct_internal_autosave_disabled"}, "python_checkpoints_enabled": true}

=== Set Inlet Phase Mass Flows ===
set_inlet_phase_mass_flows: OK
{
  "mixture": {
    "momentum": {
      "reference_frame": "Absolute",
      "supersonic_gauge_pressure": {
        "option": "value",
        "value": 1140000
      },
      "direction_specification": "Normal to Boundary"
    },
    "turbulence": {
      "turbulence_specification": "Intensity and Hydraulic Diameter",
      "turbulent_intensity": 0.02152499951888,
      "hydraulic_diameter": 0.7240000000000001
    },
    "dpm": {
      "discrete_phase_bc_type": "escape"
    },
    "multiphase": {}
  },
  "phase-1": {
    "momentum": {
      "mass_flow_specification": "Mass Flow Rate",
      "mass_flow_rate": {
        "option": "value",
        "value": 60.52
      }
    },
    "turbulence": {},
    "dpm": {},
    "multiphase": {}
  },
  "phase-2": {
    "momentum": {
      "mass_flow_specification": "Mass Flow Rate",
      "mass_flow_rate": {
        "option": "value",
        "value": 87.69
      }
    },
    "turbulence": {},
    "dpm": {},
    "multiphase": {}
  }
}

=== Set DPM Injections ===
DPM velocity mode: face-normal
injection-0_particle_type: OK
injection-0_material: OK
injection-0_injection_type_surface: OK
injection-0_location: OK
injection-0_mass_flow_rate: OK
injection-0_use_face_normal_direction: OK
injection-0_velocity_magnitude: OK
injection-0_particle_size: OK
injection-0_readback: VERIFIED
injection-1_particle_type: OK
injection-1_material: OK
injection-1_injection_type_surface: OK
injection-1_location: OK
injection-1_mass_flow_rate: OK
injection-1_use_face_normal_direction: OK
injection-1_velocity_magnitude: OK
injection-1_particle_size: OK
injection-1_readback: VERIFIED
injection-2_particle_type: OK
injection-2_material: OK
injection-2_injection_type_surface: OK
injection-2_location: OK
injection-2_mass_flow_rate: OK
injection-2_use_face_normal_direction: OK
injection-2_velocity_magnitude: OK
injection-2_particle_size: OK
injection-2_readback: VERIFIED
injection-3_particle_type: OK
injection-3_material: OK
injection-3_injection_type_surface: OK
injection-3_location: OK
injection-3_mass_flow_rate: OK
injection-3_use_face_normal_direction: OK
injection-3_velocity_magnitude: OK
injection-3_particle_size: OK
injection-3_readback: VERIFIED
injection-4_particle_type: OK
injection-4_material: OK
injection-4_injection_type_surface: OK
injection-4_location: OK
injection-4_mass_flow_rate: OK
injection-4_use_face_normal_direction: OK
injection-4_velocity_magnitude: OK
injection-4_particle_size: OK
injection-4_readback: VERIFIED
injection-5_particle_type: OK
injection-5_material: OK
injection-5_injection_type_surface: OK
injection-5_location: OK
injection-5_mass_flow_rate: OK
injection-5_use_face_normal_direction: OK
injection-5_velocity_magnitude: OK
injection-5_particle_size: OK
injection-5_readback: VERIFIED
injection-6_particle_type: OK
injection-6_material: OK
injection-6_injection_type_surface: OK
injection-6_location: OK
injection-6_mass_flow_rate: OK
injection-6_use_face_normal_direction: OK
injection-6_velocity_magnitude: OK
injection-6_particle_size: OK
injection-6_readback: VERIFIED
injection-7_particle_type: OK
injection-7_material: OK
injection-7_injection_type_surface: OK
injection-7_location: OK
injection-7_mass_flow_rate: OK
injection-7_use_face_normal_direction: OK
injection-7_velocity_magnitude: OK
injection-7_particle_size: OK
injection-7_readback: VERIFIED
injection-8_particle_type: OK
injection-8_material: OK
injection-8_injection_type_surface: OK
injection-8_location: OK
injection-8_mass_flow_rate: OK
injection-8_use_face_normal_direction: OK
injection-8_velocity_magnitude: OK
injection-8_particle_size: OK
injection-8_readback: VERIFIED

=== Hybrid Initialization ===

Initialize using the hybrid initialization method.

Checking case topology... 
-This case has both inlets & outlets 
-Pressure information is not available at the boundaries.
 Case will be initialized with constant pressure

	iter		scalar-0

	1		1.000000e+00
	2		2.902463e-04
	3		5.344461e-05
	4		1.945017e-05
	5		6.037563e-06
	6		2.150747e-06
	7		7.443881e-07
	8		2.662060e-07
	9		9.551195e-08
	10		3.578380e-08

Hybrid initialization is done.
hybrid_initialize_settings_api: OK

=== Configure Residual History ===
set_residual_n_save: OK
set_residual_n_display: OK
enable_residual_print: OK
enable_residual_plot: OK
residual_convergence_stop_flags: {"continuity": false, "epsilon": false, "k": false, "vf-phase-2": false, "x-velocity": false, "y-velocity": false, "z-velocity": false}

=== Run Iterations ===
iteration_monitor_sets: ['residual']

  iter  continuity  x-velocity  y-velocity  z-velocity           k     epsilon  vf-phase-2     time/iter

 turbulent viscosity limited to viscosity ratio of 1.000000e+05 in 162 cells 
     1  1.0000e+00  1.0458e-03  1.4522e-03  1.1210e-03  8.9972e+01  3.0461e+06  9.9448e-02  0:16:30   99

 turbulent viscosity limited to viscosity ratio of 1.000000e+05 in 763 cells 
     2  1.0000e+00  7.2340e-04  9.4998e-04  7.4760e-04  1.5859e-01  2.7713e-01  6.0067e-01  0:16:00   98

 turbulent viscosity limited to viscosity ratio of 1.000000e+05 in 1138 cells 

 Reversed flow on 34 faces of pressure-outlet 7.
     3  7.4077e-01  4.3085e-04  5.9487e-04  4.4083e-04  1.4428e-01  8.6484e-01  3.0032e-01  0:15:16   97

 turbulent viscosity limited to viscosity ratio of 1.000000e+05 in 895 cells 

 Reversed flow on 182 faces of pressure-outlet 7.
     4  5.9774e-01  3.5431e-04  4.8158e-04  3.6474e-04  1.2579e-01  5.2017e-01  2.0021e-01  0:14:39   96

 turbulent viscosity limited to viscosity ratio of 1.000000e+05 in 579 cells 

 Reversed flow on 312 faces of pressure-outlet 7.
     5  5.8758e-01  3.3744e-04  4.3874e-04  3.5046e-04  1.1210e-01  3.7043e-01  1.5015e-01  0:14:08   95

 turbulent viscosity limited to viscosity ratio of 1.000000e+05 in 351 cells 

 Reversed flow on 409 faces of pressure-outlet 7.
     6  4.5909e-01  2.9884e-04  3.7535e-04  3.1220e-04  9.0620e-02  3.0907e-01  1.2012e-01  0:13:41   94

 turbulent viscosity limited to viscosity ratio of 1.000000e+05 in 222 cells 

 Reversed flow on 524 faces of pressure-outlet 7.
     7  4.0246e-01  2.7152e-04  3.2319e-04  2.8618e-04  7.7235e-02  9.4610e-01  1.0010e-01  0:13:19   93

 turbulent viscosity limited to viscosity ratio of 1.000000e+05 in 176 cells 

 Reversed flow on 630 faces of pressure-outlet 7.
     8  4.7317e-01  2.7035e-04  2.9724e-04  2.9083e-04  7.3232e-02  1.0340e+00  8.5805e-02  0:12:59   92

 turbulent viscosity limited to viscosity ratio of 1.000000e+05 in 183 cells 

 Reversed flow on 651 faces of pressure-outlet 7.
     9  3.7274e-01  2.4567e-04  2.5572e-04  2.6964e-04  5.9372e-02  2.7288e-01  7.5081e-02  0:12:42   91

 turbulent viscosity limited to viscosity ratio of 1.000000e+05 in 191 cells 

 Reversed flow on 658 faces of pressure-outlet 7.
    10  3.3467e-01  2.3032e-04  2.3053e-04  2.5466e-04  5.7134e-02  3.6372e-01  6.6741e-02  0:12:45   90

 turbulent viscosity limited to viscosity ratio of 1.000000e+05 in 211 cells 

 Reversed flow on 648 faces of pressure-outlet 7.
    11  3.5627e-01  2.2508e-04  2.1439e-04  2.4847e-04  4.6450e-02  2.8820e-01  6.0071e-02  0:12:46   89

 turbulent viscosity limited to viscosity ratio of 1.000000e+05 in 238 cells 

 Reversed flow on 634 faces of pressure-outlet 7.

  iter  continuity  x-velocity  y-velocity  z-velocity           k     epsilon  vf-phase-2     time/iter
    12  3.0897e-01  2.1272e-04  1.9414e-04  2.3761e-04  3.8208e-02  2.4072e-01  5.4613e-02  0:12:26   88

 turbulent viscosity limited to viscosity ratio of 1.000000e+05 in 260 cells 

 Reversed flow on 623 faces of pressure-outlet 7.
    13  3.4710e-01  2.1176e-04  1.8843e-04  2.3962e-04  3.2276e-02  1.9339e-01  5.0063e-02  0:12:27   87

 turbulent viscosity limited to viscosity ratio of 1.000000e+05 in 300 cells 

 Reversed flow on 632 faces of pressure-outlet 7.
    14  3.0048e-01  2.0031e-04  1.7509e-04  2.2946e-04  2.7486e-02  1.4785e-01  4.6213e-02  0:12:25   86

 turbulent viscosity limited to viscosity ratio of 1.000000e+05 in 343 cells 

 Reversed flow on 634 faces of pressure-outlet 7.
    15  3.3341e-01  1.9997e-04  1.6930e-04  2.2988e-04  2.4176e-02  1.2235e-01  4.2913e-02  0:12:05   85

 turbulent viscosity limited to viscosity ratio of 1.000000e+05 in 419 cells 

 Reversed flow on 635 faces of pressure-outlet 7.
    16  2.9352e-01  1.9134e-04  1.5936e-04  2.2403e-04  2.1292e-02  1.0140e-01  4.0054e-02  0:12:05   84

 turbulent viscosity limited to viscosity ratio of 1.000000e+05 in 495 cells 

 Reversed flow on 638 faces of pressure-outlet 7.
    17  3.1004e-01  1.9182e-04  1.5908e-04  2.2631e-04  1.9049e-02  8.7087e-02  3.7552e-02  0:11:46   83

 turbulent viscosity limited to viscosity ratio of 1.000000e+05 in 602 cells 

 Reversed flow on 657 faces of pressure-outlet 7.
    18  2.8977e-01  1.8612e-04  1.5278e-04  2.2347e-04  1.7365e-02  7.4070e-02  3.5345e-02  0:11:45   82

 turbulent viscosity limited to viscosity ratio of 1.000000e+05 in 727 cells 

 Reversed flow on 650 faces of pressure-outlet 7.
    19  3.3423e-01  1.9013e-04  1.5699e-04  2.2953e-04  1.5992e-02  6.6482e-02  3.3383e-02  0:11:27   81

 turbulent viscosity limited to viscosity ratio of 1.000000e+05 in 865 cells 

 Reversed flow on 670 faces of pressure-outlet 7.
    20  3.0636e-01  1.8442e-04  1.5069e-04  2.2708e-04  1.4816e-02  6.1082e-02  3.1627e-02  0:11:27   80

 turbulent viscosity limited to viscosity ratio of 1.000000e+05 in 1016 cells 

 Reversed flow on 692 faces of pressure-outlet 7.
    21  3.1653e-01  1.8592e-04  1.5292e-04  2.3020e-04  1.3846e-02  5.3037e-02  3.0047e-02  0:11:09   79

 turbulent viscosity limited to viscosity ratio of 1.000000e+05 in 1216 cells 

 Reversed flow on 701 faces of pressure-outlet 7.
    22  3.5123e-01  1.8842e-04  1.5502e-04  2.3598e-04  1.3058e-02  5.0933e-02  2.8618e-02  0:10:53   78

 turbulent viscosity limited to viscosity ratio of 1.000000e+05 in 1430 cells 

 Reversed flow on 712 faces of pressure-outlet 7.

  iter  continuity  x-velocity  y-velocity  z-velocity           k     epsilon  vf-phase-2     time/iter
    23  3.3119e-01  1.8675e-04  1.5311e-04  2.3656e-04  1.2410e-02  8.2305e-02  2.7318e-02  0:10:54   77

 turbulent viscosity limited to viscosity ratio of 1.000000e+05 in 1664 cells 

 Reversed flow on 714 faces of pressure-outlet 7.
    24  3.9544e-01  1.9377e-04  1.6209e-04  2.4665e-04  1.1998e-02  8.8040e-02  2.6132e-02  0:10:38   76

 turbulent viscosity limited to viscosity ratio of 1.000000e+05 in 1852 cells 

 Reversed flow on 710 faces of pressure-outlet 7.
    25  3.5585e-01  1.9141e-04  1.5916e-04  2.4713e-04  1.2752e-02  1.7396e-01  2.5044e-02  0:10:39   75

 turbulent viscosity limited to viscosity ratio of 1.000000e+05 in 2085 cells 

 Reversed flow on 712 faces of pressure-outlet 7.
    26  3.9503e-01  1.9694e-04  1.6550e-04  2.5558e-04  1.1934e-02  1.0885e-01  2.4043e-02  0:10:23   74

 turbulent viscosity limited to viscosity ratio of 1.000000e+05 in 2328 cells 

 Reversed flow on 713 faces of pressure-outlet 7.
    27  3.7337e-01  1.9607e-04  1.6471e-04  2.5902e-04  1.1570e-02  9.7759e-02  2.3120e-02  0:10:23   73

 turbulent viscosity limited to viscosity ratio of 1.000000e+05 in 2589 cells 

 Reversed flow on 701 faces of pressure-outlet 7.
    28  4.5140e-01  2.0298e-04  1.7756e-04  2.7324e-04  1.0719e-02  7.0635e-02  2.2265e-02  0:10:07   72

 turbulent viscosity limited to viscosity ratio of 1.000000e+05 in 2856 cells 

 Reversed flow on 723 faces of pressure-outlet 7.
    29  4.0413e-01  2.0000e-04  1.7317e-04  2.7348e-04  1.0184e-02  5.7332e-02  2.1471e-02  0:09:52   71

 turbulent viscosity limited to viscosity ratio of 1.000000e+05 in 3147 cells 

 Reversed flow on 711 faces of pressure-outlet 7.
    30  4.2534e-01  2.0260e-04  1.7894e-04  2.7753e-04  9.7597e-03  5.0279e-02  2.0732e-02  0:09:53   70

 turbulent viscosity limited to viscosity ratio of 1.000000e+05 in 3426 cells 

 Reversed flow on 719 faces of pressure-outlet 7.
    31  4.4224e-01  2.0356e-04  1.8185e-04  2.8174e-04  9.3323e-03  3.9800e-02  2.0042e-02  0:09:38   69

 turbulent viscosity limited to viscosity ratio of 1.000000e+05 in 3714 cells 

 Reversed flow on 717 faces of pressure-outlet 7.
    32  4.4850e-01  2.0351e-04  1.8452e-04  2.8567e-04  8.9766e-03  3.4198e-02  1.9396e-02  0:09:38   68

 turbulent viscosity limited to viscosity ratio of 1.000000e+05 in 3987 cells 

 Reversed flow on 700 faces of pressure-outlet 7.
    33  4.6078e-01  2.0247e-04  1.8728e-04  2.8654e-04  8.6944e-03  3.1260e-02  1.8791e-02  0:09:23   67

 turbulent viscosity limited to viscosity ratio of 1.000000e+05 in 4299 cells 

 Reversed flow on 713 faces of pressure-outlet 7.

  iter  continuity  x-velocity  y-velocity  z-velocity           k     epsilon  vf-phase-2     time/iter
    34  4.6692e-01  2.0026e-04  1.8906e-04  2.8640e-04  8.4178e-03  2.7603e-02  1.8222e-02  0:09:09   66

 turbulent viscosity limited to viscosity ratio of 1.000000e+05 in 4543 cells 

 Reversed flow on 715 faces of pressure-outlet 7.
    35  4.7355e-01  1.9756e-04  1.9103e-04  2.8491e-04  8.1915e-03  2.5953e-02  1.7687e-02  0:09:10   65

 turbulent viscosity limited to viscosity ratio of 1.000000e+05 in 4788 cells 

 Reversed flow on 725 faces of pressure-outlet 7.
    36  4.8106e-01  1.9492e-04  1.9285e-04  2.8273e-04  7.9638e-03  2.3528e-02  1.7183e-02  0:08:55   64

 turbulent viscosity limited to viscosity ratio of 1.000000e+05 in 5053 cells 

 Reversed flow on 724 faces of pressure-outlet 7.
    37  4.8328e-01  1.9163e-04  1.9420e-04  2.8002e-04  7.7684e-03  2.1759e-02  1.6707e-02  0:08:42   63

 turbulent viscosity limited to viscosity ratio of 1.000000e+05 in 5287 cells 

 Reversed flow on 712 faces of pressure-outlet 7.
    38  4.8549e-01  1.8826e-04  1.9498e-04  2.7536e-04  7.6189e-03  2.0292e-02  1.6256e-02  0:08:43   62

 turbulent viscosity limited to viscosity ratio of 1.000000e+05 in 5551 cells 

 Reversed flow on 709 faces of pressure-outlet 7.
    39  4.8442e-01  1.8487e-04  1.9519e-04  2.7041e-04  7.4827e-03  1.8663e-02  1.5829e-02  0:08:29   61

 turbulent viscosity limited to viscosity ratio of 1.000000e+05 in 5864 cells 

 Reversed flow on 718 faces of pressure-outlet 7.
    40  4.8047e-01  1.8138e-04  1.9524e-04  2.6569e-04  7.3857e-03  1.7902e-02  1.5424e-02  0:08:17   60

 turbulent viscosity limited to viscosity ratio of 1.000000e+05 in 6143 cells 

 Reversed flow on 715 faces of pressure-outlet 7.
    41  4.7583e-01  1.7699e-04  1.9435e-04  2.6163e-04  7.3089e-03  1.7252e-02  1.5039e-02  0:08:17   59

 turbulent viscosity limited to viscosity ratio of 1.000000e+05 in 6463 cells 

 Reversed flow on 716 faces of pressure-outlet 7.
    42  4.7663e-01  1.7276e-04  1.9335e-04  2.5725e-04  7.2599e-03  1.7268e-02  1.4673e-02  0:08:04   58

 turbulent viscosity limited to viscosity ratio of 1.000000e+05 in 6747 cells 

 Reversed flow on 712 faces of pressure-outlet 7.
    43  4.7719e-01  1.6885e-04  1.9231e-04  2.5328e-04  7.2307e-03  1.7408e-02  1.4324e-02  0:07:51   57

 turbulent viscosity limited to viscosity ratio of 1.000000e+05 in 7030 cells 

 Reversed flow on 711 faces of pressure-outlet 7.
    44  4.7469e-01  1.6504e-04  1.9131e-04  2.4862e-04  7.2194e-03  1.7545e-02  1.3992e-02  0:07:51   56

 turbulent viscosity limited to viscosity ratio of 1.000000e+05 in 7335 cells 

 Reversed flow on 709 faces of pressure-outlet 7.

  iter  continuity  x-velocity  y-velocity  z-velocity           k     epsilon  vf-phase-2     time/iter
    45  4.7262e-01  1.6118e-04  1.9033e-04  2.4374e-04  7.2355e-03  1.8193e-02  1.3674e-02  0:07:38   55

 turbulent viscosity limited to viscosity ratio of 1.000000e+05 in 7611 cells 

 Reversed flow on 702 faces of pressure-outlet 7.
    46  4.7791e-01  1.5723e-04  1.8872e-04  2.3882e-04  7.2503e-03  1.8684e-02  1.3371e-02  0:07:37   54

 turbulent viscosity limited to viscosity ratio of 1.000000e+05 in 7869 cells 

 Reversed flow on 716 faces of pressure-outlet 7.
    47  4.8088e-01  1.5398e-04  1.8769e-04  2.3408e-04  7.2688e-03  1.9021e-02  1.3081e-02  0:07:24   53

 turbulent viscosity limited to viscosity ratio of 1.000000e+05 in 8146 cells 

 Reversed flow on 711 faces of pressure-outlet 7.
    48  4.7722e-01  1.5103e-04  1.8673e-04  2.2923e-04  7.2914e-03  1.9041e-02  1.2803e-02  0:07:12   52

 turbulent viscosity limited to viscosity ratio of 1.000000e+05 in 8377 cells 

 Reversed flow on 715 faces of pressure-outlet 7.
    49  4.7850e-01  1.4834e-04  1.8579e-04  2.2508e-04  7.3103e-03  1.9117e-02  1.2537e-02  0:07:10   51

 turbulent viscosity limited to viscosity ratio of 1.000000e+05 in 8633 cells 

 Reversed flow on 711 faces of pressure-outlet 7.
    50  4.7813e-01  1.4612e-04  1.8470e-04  2.2093e-04  7.3360e-03  1.9906e-02  1.2281e-02  0:06:58   50

 turbulent viscosity limited to viscosity ratio of 1.000000e+05 in 8925 cells 

 Reversed flow on 718 faces of pressure-outlet 7.
    51  4.8150e-01  1.4436e-04  1.8410e-04  2.1727e-04  7.3487e-03  1.9647e-02  1.2036e-02  0:06:46   49

 turbulent viscosity limited to viscosity ratio of 1.000000e+05 in 9159 cells 

 Reversed flow on 717 faces of pressure-outlet 7.
    52  4.8394e-01  1.4312e-04  1.8362e-04  2.1384e-04  7.3541e-03  1.9167e-02  1.1801e-02  0:06:44   48

 turbulent viscosity limited to viscosity ratio of 1.000000e+05 in 9400 cells 

 Reversed flow on 706 faces of pressure-outlet 7.
    53  4.8628e-01  1.4206e-04  1.8309e-04  2.1088e-04  7.3536e-03  1.9142e-02  1.1574e-02  0:06:32   47

 turbulent viscosity limited to viscosity ratio of 1.000000e+05 in 9658 cells 

 Reversed flow on 706 faces of pressure-outlet 7.
    54  4.9043e-01  1.4126e-04  1.8272e-04  2.0792e-04  7.3532e-03  1.9194e-02  1.1356e-02  0:06:30   46

 turbulent viscosity limited to viscosity ratio of 1.000000e+05 in 9899 cells 

 Reversed flow on 716 faces of pressure-outlet 7.
    55  4.9712e-01  1.4082e-04  1.8240e-04  2.0468e-04  7.3469e-03  1.8309e-02  1.1146e-02  0:06:17   45

 turbulent viscosity limited to viscosity ratio of 1.000000e+05 in 10146 cells 

 Reversed flow on 718 faces of pressure-outlet 7.

  iter  continuity  x-velocity  y-velocity  z-velocity           k     epsilon  vf-phase-2     time/iter
    56  5.0110e-01  1.4001e-04  1.8121e-04  2.0259e-04  7.3343e-03  1.8223e-02  1.0944e-02  0:06:14   44

 turbulent viscosity limited to viscosity ratio of 1.000000e+05 in 10376 cells 

 Reversed flow on 714 faces of pressure-outlet 7.
    57  5.2902e-01  1.4129e-04  1.8267e-04  1.9863e-04  7.3194e-03  1.7299e-02  1.0749e-02  0:06:01   43

 turbulent viscosity limited to viscosity ratio of 1.000000e+05 in 10544 cells 

 Reversed flow on 702 faces of pressure-outlet 7.
    58  5.1945e-01  1.4011e-04  1.8119e-04  1.9733e-04  7.3109e-03  1.7165e-02  1.0561e-02  0:05:49   42

 turbulent viscosity limited to viscosity ratio of 1.000000e+05 in 10712 cells 

 Reversed flow on 712 faces of pressure-outlet 7.
    59  5.4157e-01  1.4159e-04  1.8231e-04  1.9435e-04  7.3010e-03  1.6213e-02  1.0379e-02  0:05:47   41

 turbulent viscosity limited to viscosity ratio of 1.000000e+05 in 10892 cells 

 Reversed flow on 715 faces of pressure-outlet 7.
    60  5.3664e-01  1.4075e-04  1.8103e-04  1.9339e-04  7.2974e-03  1.5949e-02  1.0203e-02  0:05:35   40

 turbulent viscosity limited to viscosity ratio of 1.000000e+05 in 11057 cells 

 Reversed flow on 715 faces of pressure-outlet 7.
    61  5.6392e-01  1.4202e-04  1.8211e-04  1.9093e-04  7.2915e-03  1.5319e-02  1.0033e-02  0:05:23   39

 turbulent viscosity limited to viscosity ratio of 1.000000e+05 in 11236 cells 

 Reversed flow on 707 faces of pressure-outlet 7.
    62  5.5810e-01  1.4153e-04  1.8084e-04  1.9028e-04  7.2970e-03  1.5492e-02  9.8691e-03  0:05:20   38

 turbulent viscosity limited to viscosity ratio of 1.000000e+05 in 11395 cells 

 Reversed flow on 719 faces of pressure-outlet 7.
    63  5.8163e-01  1.4299e-04  1.8163e-04  1.8786e-04  7.3012e-03  1.5221e-02  9.7102e-03  0:05:09   37

 turbulent viscosity limited to viscosity ratio of 1.000000e+05 in 11570 cells 

 Reversed flow on 724 faces of pressure-outlet 7.
    64  5.7625e-01  1.4259e-04  1.8028e-04  1.8746e-04  7.3136e-03  1.4890e-02  9.5563e-03  0:04:58   36

 turbulent viscosity limited to viscosity ratio of 1.000000e+05 in 11719 cells 

 Reversed flow on 721 faces of pressure-outlet 7.
    65  6.0075e-01  1.4422e-04  1.8091e-04  1.8517e-04  7.3269e-03  1.4328e-02  9.4072e-03  0:04:55   35

 turbulent viscosity limited to viscosity ratio of 1.000000e+05 in 11820 cells 

 Reversed flow on 716 faces of pressure-outlet 7.
    66  5.9614e-01  1.4426e-04  1.7965e-04  1.8482e-04  7.3421e-03  1.4227e-02  9.2627e-03  0:04:43   34

 turbulent viscosity limited to viscosity ratio of 1.000000e+05 in 11905 cells 

 Reversed flow on 719 faces of pressure-outlet 7.

  iter  continuity  x-velocity  y-velocity  z-velocity           k     epsilon  vf-phase-2     time/iter
    67  6.2232e-01  1.4608e-04  1.8043e-04  1.8316e-04  7.3709e-03  1.4151e-02  9.1225e-03  0:04:40   33

 turbulent viscosity limited to viscosity ratio of 1.000000e+05 in 12015 cells 

 Reversed flow on 714 faces of pressure-outlet 7.
    68  6.1760e-01  1.4618e-04  1.7925e-04  1.8293e-04  7.4006e-03  1.3811e-02  8.9866e-03  0:04:28   32

 turbulent viscosity limited to viscosity ratio of 1.000000e+05 in 12047 cells 

 Reversed flow on 718 faces of pressure-outlet 7.
    69  6.4333e-01  1.4779e-04  1.7991e-04  1.8150e-04  7.4384e-03  1.4122e-02  8.8547e-03  0:04:17   31

 turbulent viscosity limited to viscosity ratio of 1.000000e+05 in 12079 cells 

 Reversed flow on 714 faces of pressure-outlet 7.
    70  6.3831e-01  1.4802e-04  1.7870e-04  1.8121e-04  7.4813e-03  1.4580e-02  8.7266e-03  0:04:13   30

 turbulent viscosity limited to viscosity ratio of 1.000000e+05 in 12094 cells 

 Reversed flow on 734 faces of pressure-outlet 7.
    71  6.6263e-01  1.4999e-04  1.7960e-04  1.8000e-04  7.5252e-03  1.4736e-02  8.6021e-03  0:04:02   29

 turbulent viscosity limited to viscosity ratio of 1.000000e+05 in 12146 cells 

 Reversed flow on 723 faces of pressure-outlet 7.
    72  6.5872e-01  1.5016e-04  1.7860e-04  1.7982e-04  7.5684e-03  1.4861e-02  8.4811e-03  0:03:52   28

 turbulent viscosity limited to viscosity ratio of 1.000000e+05 in 12196 cells 

 Reversed flow on 716 faces of pressure-outlet 7.
    73  6.8241e-01  1.5202e-04  1.7975e-04  1.7870e-04  7.6098e-03  1.5154e-02  8.3636e-03  0:03:47   27

 turbulent viscosity limited to viscosity ratio of 1.000000e+05 in 12239 cells 

 Reversed flow on 726 faces of pressure-outlet 7.
    74  6.7804e-01  1.5231e-04  1.7880e-04  1.7865e-04  7.6507e-03  1.5644e-02  8.2492e-03  0:03:37   26

 turbulent viscosity limited to viscosity ratio of 1.000000e+05 in 12214 cells 

 Reversed flow on 726 faces of pressure-outlet 7.
    75  6.9981e-01  1.5408e-04  1.7962e-04  1.7766e-04  7.6885e-03  1.5714e-02  8.1379e-03  0:03:27   25

 turbulent viscosity limited to viscosity ratio of 1.000000e+05 in 12214 cells 

 Reversed flow on 723 faces of pressure-outlet 7.
    76  6.9501e-01  1.5435e-04  1.7883e-04  1.7755e-04  7.7236e-03  1.5981e-02  8.0296e-03  0:03:22   24

 turbulent viscosity limited to viscosity ratio of 1.000000e+05 in 12169 cells 

 Reversed flow on 728 faces of pressure-outlet 7.
    77  7.1485e-01  1.5587e-04  1.7977e-04  1.7673e-04  7.7489e-03  1.6298e-02  7.9241e-03  0:03:12   23

 turbulent viscosity limited to viscosity ratio of 1.000000e+05 in 12165 cells 

 Reversed flow on 728 faces of pressure-outlet 7.

  iter  continuity  x-velocity  y-velocity  z-velocity           k     epsilon  vf-phase-2     time/iter
    78  7.0858e-01  1.5615e-04  1.7908e-04  1.7664e-04  7.7796e-03  1.6602e-02  7.8213e-03  0:03:02   22

 turbulent viscosity limited to viscosity ratio of 1.000000e+05 in 12170 cells 

 Reversed flow on 725 faces of pressure-outlet 7.
    79  7.2598e-01  1.5760e-04  1.8003e-04  1.7599e-04  7.8158e-03  1.6970e-02  7.7212e-03  0:02:57   21

 turbulent viscosity limited to viscosity ratio of 1.000000e+05 in 12162 cells 

 Reversed flow on 732 faces of pressure-outlet 7.
    80  7.2005e-01  1.5748e-04  1.7916e-04  1.7585e-04  7.8377e-03  1.7044e-02  7.6236e-03  0:02:47   20

 turbulent viscosity limited to viscosity ratio of 1.000000e+05 in 12119 cells 

 Reversed flow on 728 faces of pressure-outlet 7.
    81  7.3481e-01  1.5872e-04  1.7969e-04  1.7543e-04  7.8649e-03  1.7186e-02  7.5285e-03  0:02:37   19

 turbulent viscosity limited to viscosity ratio of 1.000000e+05 in 12104 cells 

 Reversed flow on 725 faces of pressure-outlet 7.
    82  7.2965e-01  1.5829e-04  1.7881e-04  1.7505e-04  7.8980e-03  1.7442e-02  7.4357e-03  0:02:31   18

 turbulent viscosity limited to viscosity ratio of 1.000000e+05 in 12122 cells 

 Reversed flow on 724 faces of pressure-outlet 7.
    83  7.4385e-01  1.5936e-04  1.7899e-04  1.7509e-04  7.9303e-03  1.7852e-02  7.3452e-03  0:02:22   17

 turbulent viscosity limited to viscosity ratio of 1.000000e+05 in 12084 cells 

 Reversed flow on 731 faces of pressure-outlet 7.
    84  7.3783e-01  1.5899e-04  1.7808e-04  1.7488e-04  7.9686e-03  1.7838e-02  7.2568e-03  0:02:12   16

 turbulent viscosity limited to viscosity ratio of 1.000000e+05 in 12044 cells 

 Reversed flow on 726 faces of pressure-outlet 7.
    85  7.4712e-01  1.5891e-04  1.7765e-04  1.7506e-04  8.0051e-03  1.7857e-02  7.1706e-03  0:02:06   15

 turbulent viscosity limited to viscosity ratio of 1.000000e+05 in 11987 cells 

 Reversed flow on 720 faces of pressure-outlet 7.
    86  7.6488e-01  1.6028e-04  1.7796e-04  1.7515e-04  8.0611e-03  1.8105e-02  7.0863e-03  0:01:57   14

 turbulent viscosity limited to viscosity ratio of 1.000000e+05 in 11959 cells 

 Reversed flow on 717 faces of pressure-outlet 7.
    87  7.5490e-01  1.5965e-04  1.7676e-04  1.7489e-04  8.1166e-03  1.8273e-02  7.0041e-03  0:01:47   13

 turbulent viscosity limited to viscosity ratio of 1.000000e+05 in 11911 cells 

 Reversed flow on 711 faces of pressure-outlet 7.
    88  7.6100e-01  1.5957e-04  1.7588e-04  1.7501e-04  8.1607e-03  1.8388e-02  6.9238e-03  0:01:41   12

 turbulent viscosity limited to viscosity ratio of 1.000000e+05 in 11866 cells 

 Reversed flow on 715 faces of pressure-outlet 7.

  iter  continuity  x-velocity  y-velocity  z-velocity           k     epsilon  vf-phase-2     time/iter
    89  7.7069e-01  1.5975e-04  1.7514e-04  1.7527e-04  8.2013e-03  1.8438e-02  6.8453e-03  0:01:32   11

 turbulent viscosity limited to viscosity ratio of 1.000000e+05 in 11830 cells 

 Reversed flow on 719 faces of pressure-outlet 7.
    90  7.7752e-01  1.5993e-04  1.7439e-04  1.7539e-04  8.2326e-03  1.8536e-02  6.7685e-03  0:01:23   10

 turbulent viscosity limited to viscosity ratio of 1.000000e+05 in 11750 cells 

 Reversed flow on 717 faces of pressure-outlet 7.
    91  7.8134e-01  1.6009e-04  1.7383e-04  1.7537e-04  8.2607e-03  1.8721e-02  6.6935e-03  0:01:14    9

 turbulent viscosity limited to viscosity ratio of 1.000000e+05 in 11664 cells 

 Reversed flow on 721 faces of pressure-outlet 7.
    92  7.8361e-01  1.6038e-04  1.7313e-04  1.7540e-04  8.2645e-03  1.8396e-02  6.6201e-03  0:01:07    8

 turbulent viscosity limited to viscosity ratio of 1.000000e+05 in 11610 cells 

 Reversed flow on 715 faces of pressure-outlet 7.
    93  7.8927e-01  1.6047e-04  1.7222e-04  1.7540e-04  8.2632e-03  1.8392e-02  6.5483e-03  0:00:58    7

 turbulent viscosity limited to viscosity ratio of 1.000000e+05 in 11571 cells 

 Reversed flow on 728 faces of pressure-outlet 7.
    94  7.9606e-01  1.6063e-04  1.7139e-04  1.7540e-04  8.2516e-03  1.8164e-02  6.4781e-03  0:00:49    6

 turbulent viscosity limited to viscosity ratio of 1.000000e+05 in 11462 cells 

 Reversed flow on 715 faces of pressure-outlet 7.
    95  8.0051e-01  1.6079e-04  1.7048e-04  1.7544e-04  8.2370e-03  1.8071e-02  6.4093e-03  0:00:42    5

 turbulent viscosity limited to viscosity ratio of 1.000000e+05 in 11397 cells 

 Reversed flow on 710 faces of pressure-outlet 7.
    96  8.0460e-01  1.6091e-04  1.6950e-04  1.7549e-04  8.2204e-03  1.7941e-02  6.3419e-03  0:00:33    4

 turbulent viscosity limited to viscosity ratio of 1.000000e+05 in 11317 cells 

 Reversed flow on 704 faces of pressure-outlet 7.
    97  8.0891e-01  1.6106e-04  1.6863e-04  1.7539e-04  8.1973e-03  1.7767e-02  6.2760e-03  0:00:25    3

 turbulent viscosity limited to viscosity ratio of 1.000000e+05 in 11249 cells 

 Reversed flow on 717 faces of pressure-outlet 7.
    98  8.1285e-01  1.6103e-04  1.6759e-04  1.7530e-04  8.1677e-03  1.7534e-02  6.2115e-03  0:00:17    2

 turbulent viscosity limited to viscosity ratio of 1.000000e+05 in 11165 cells 

 Reversed flow on 698 faces of pressure-outlet 7.
    99  8.1644e-01  1.6096e-04  1.6649e-04  1.7527e-04  8.1329e-03  1.7356e-02  6.1482e-03  0:00:08    1

 turbulent viscosity limited to viscosity ratio of 1.000000e+05 in 11070 cells 

 Reversed flow on 698 faces of pressure-outlet 7.

  iter  continuity  x-velocity  y-velocity  z-velocity           k     epsilon  vf-phase-2     time/iter
   100  8.2266e-01  1.6078e-04  1.6537e-04  1.7524e-04  8.0907e-03  1.7197e-02  6.0862e-03  0:00:00    0
iterate_100: RPC returned
progress: 100/1500

  iter  continuity  x-velocity  y-velocity  z-velocity           k     epsilon  vf-phase-2     time/iter
   100  8.2266e-01  1.6078e-04  1.6537e-04  1.7524e-04  8.0907e-03  1.7197e-02  6.0862e-03  0:13:46  100

 turbulent viscosity limited to viscosity ratio of 1.000000e+05 in 10990 cells 

 Reversed flow on 710 faces of pressure-outlet 7.
   101  8.2648e-01  1.6057e-04  1.6436e-04  1.7499e-04  8.0424e-03  1.6790e-02  6.0255e-03  0:13:52   99

 turbulent viscosity limited to viscosity ratio of 1.000000e+05 in 10918 cells 

 Reversed flow on 697 faces of pressure-outlet 7.
   102  8.2860e-01  1.6022e-04  1.6321e-04  1.7464e-04  7.9892e-03  1.6528e-02  5.9660e-03  0:13:36   98

 turbulent viscosity limited to viscosity ratio of 1.000000e+05 in 10854 cells 

 Reversed flow on 704 faces of pressure-outlet 7.
   103  8.3105e-01  1.5977e-04  1.6209e-04  1.7427e-04  7.9330e-03  1.6300e-02  5.9076e-03  0:13:21   97

 turbulent viscosity limited to viscosity ratio of 1.000000e+05 in 10796 cells 

 Reversed flow on 707 faces of pressure-outlet 7.
   104  8.3173e-01  1.5927e-04  1.6098e-04  1.7379e-04  7.8629e-03  1.6023e-02  5.8504e-03  0:13:27   96

 turbulent viscosity limited to viscosity ratio of 1.000000e+05 in 10719 cells 

 Reversed flow on 701 faces of pressure-outlet 7.
   105  8.3348e-01  1.5863e-04  1.5999e-04  1.7327e-04  7.7943e-03  1.5775e-02  5.7942e-03  0:13:11   95

 turbulent viscosity limited to viscosity ratio of 1.000000e+05 in 10622 cells 

 Reversed flow on 700 faces of pressure-outlet 7.
   106  8.3525e-01  1.5793e-04  1.5907e-04  1.7287e-04  7.7187e-03  1.5331e-02  5.7392e-03  0:12:56   94

 turbulent viscosity limited to viscosity ratio of 1.000000e+05 in 10537 cells 

 Reversed flow on 696 faces of pressure-outlet 7.
   107  8.3622e-01  1.5714e-04  1.5801e-04  1.7226e-04  7.6469e-03  1.4984e-02  5.6852e-03  0:12:43   93

 turbulent viscosity limited to viscosity ratio of 1.000000e+05 in 10436 cells 

 Reversed flow on 696 faces of pressure-outlet 7.
   108  8.3501e-01  1.5629e-04  1.5690e-04  1.7153e-04  7.5820e-03  1.4710e-02  5.6322e-03  0:12:50   92

 turbulent viscosity limited to viscosity ratio of 1.000000e+05 in 10353 cells 

 Reversed flow on 693 faces of pressure-outlet 7.
   109  8.3219e-01  1.5540e-04  1.5575e-04  1.7079e-04  7.5189e-03  1.4442e-02  5.5803e-03  0:12:35   91

 turbulent viscosity limited to viscosity ratio of 1.000000e+05 in 10276 cells 

 Reversed flow on 687 faces of pressure-outlet 7.
   110  8.2922e-01  1.5455e-04  1.5462e-04  1.7007e-04  7.4553e-03  1.4259e-02  5.5292e-03  0:12:21   90

 turbulent viscosity limited to viscosity ratio of 1.000000e+05 in 10176 cells 

 Reversed flow on 679 faces of pressure-outlet 7.

  iter  continuity  x-velocity  y-velocity  z-velocity           k     epsilon  vf-phase-2     time/iter
   111  8.2550e-01  1.5357e-04  1.5343e-04  1.6926e-04  7.3938e-03  1.4113e-02  5.4791e-03  0:12:27   89

 turbulent viscosity limited to viscosity ratio of 1.000000e+05 in 10076 cells 

 Reversed flow on 682 faces of pressure-outlet 7.
   112  8.2103e-01  1.5262e-04  1.5234e-04  1.6827e-04  7.3341e-03  1.3861e-02  5.4299e-03  0:12:11   88

 turbulent viscosity limited to viscosity ratio of 1.000000e+05 in 9992 cells 

 Reversed flow on 675 faces of pressure-outlet 7.
   113  8.1681e-01  1.5159e-04  1.5120e-04  1.6732e-04  7.2772e-03  1.3594e-02  5.3816e-03  0:11:58   87

 turbulent viscosity limited to viscosity ratio of 1.000000e+05 in 9909 cells 

 Reversed flow on 670 faces of pressure-outlet 7.
   114  8.1304e-01  1.5064e-04  1.5021e-04  1.6644e-04  7.2369e-03  1.3522e-02  5.3341e-03  0:12:02   86

 turbulent viscosity limited to viscosity ratio of 1.000000e+05 in 9833 cells 

 Reversed flow on 671 faces of pressure-outlet 7.
   115  8.0898e-01  1.4969e-04  1.4928e-04  1.6551e-04  7.2131e-03  1.3566e-02  5.2875e-03  0:11:47   85

 turbulent viscosity limited to viscosity ratio of 1.000000e+05 in 9720 cells 

 Reversed flow on 680 faces of pressure-outlet 7.
   116  8.0288e-01  1.4872e-04  1.4844e-04  1.6460e-04  7.1993e-03  1.3550e-02  5.2417e-03  0:11:33   84

 turbulent viscosity limited to viscosity ratio of 1.000000e+05 in 9619 cells 

 Reversed flow on 687 faces of pressure-outlet 7.
   117  7.9668e-01  1.4780e-04  1.4750e-04  1.6370e-04  7.1933e-03  1.3615e-02  5.1967e-03  0:11:21   83

 turbulent viscosity limited to viscosity ratio of 1.000000e+05 in 9531 cells 

 Reversed flow on 679 faces of pressure-outlet 7.
   118  7.9117e-01  1.4695e-04  1.4653e-04  1.6282e-04  7.1915e-03  1.3730e-02  5.1524e-03  0:11:26   82

 turbulent viscosity limited to viscosity ratio of 1.000000e+05 in 9438 cells 

 Reversed flow on 674 faces of pressure-outlet 7.
   119  7.8572e-01  1.4602e-04  1.4554e-04  1.6189e-04  7.1849e-03  1.3893e-02  5.1089e-03  0:11:12   81

 turbulent viscosity limited to viscosity ratio of 1.000000e+05 in 9353 cells 

 Reversed flow on 673 faces of pressure-outlet 7.
   120  7.7909e-01  1.4518e-04  1.4463e-04  1.6097e-04  7.1760e-03  1.3881e-02  5.0661e-03  0:10:59   80

 turbulent viscosity limited to viscosity ratio of 1.000000e+05 in 9268 cells 

 Reversed flow on 673 faces of pressure-outlet 7.
   121  7.7169e-01  1.4427e-04  1.4362e-04  1.6003e-04  7.1586e-03  1.3909e-02  5.0241e-03  0:11:02   79

 turbulent viscosity limited to viscosity ratio of 1.000000e+05 in 9190 cells 

 Reversed flow on 670 faces of pressure-outlet 7.

  iter  continuity  x-velocity  y-velocity  z-velocity           k     epsilon  vf-phase-2     time/iter
   122  7.6552e-01  1.4349e-04  1.4264e-04  1.5906e-04  7.1354e-03  1.3882e-02  4.9827e-03  0:10:48   78

 turbulent viscosity limited to viscosity ratio of 1.000000e+05 in 9096 cells 

 Reversed flow on 669 faces of pressure-outlet 7.
   123  7.6049e-01  1.4266e-04  1.4166e-04  1.5820e-04  7.1082e-03  1.3969e-02  4.9420e-03  0:10:50   77

 turbulent viscosity limited to viscosity ratio of 1.000000e+05 in 9003 cells 

 Reversed flow on 675 faces of pressure-outlet 7.
   124  7.5521e-01  1.4174e-04  1.4069e-04  1.5740e-04  7.0728e-03  1.3973e-02  4.9020e-03  0:10:35   76

 turbulent viscosity limited to viscosity ratio of 1.000000e+05 in 8923 cells 

 Reversed flow on 672 faces of pressure-outlet 7.
   125  7.4896e-01  1.4090e-04  1.3966e-04  1.5652e-04  7.0286e-03  1.3992e-02  4.8627e-03  0:10:21   75

 turbulent viscosity limited to viscosity ratio of 1.000000e+05 in 8826 cells 

 Reversed flow on 688 faces of pressure-outlet 7.
   126  7.4457e-01  1.3995e-04  1.3872e-04  1.5576e-04  6.9809e-03  1.3891e-02  4.8239e-03  0:10:09   74

 turbulent viscosity limited to viscosity ratio of 1.000000e+05 in 8755 cells 

 Reversed flow on 678 faces of pressure-outlet 7.
   127  7.3961e-01  1.3897e-04  1.3781e-04  1.5494e-04  6.9263e-03  1.3808e-02  4.7858e-03  0:10:12   73

 turbulent viscosity limited to viscosity ratio of 1.000000e+05 in 8680 cells 

 Reversed flow on 679 faces of pressure-outlet 7.
   128  7.3379e-01  1.3792e-04  1.3687e-04  1.5418e-04  6.8691e-03  1.3619e-02  4.7483e-03  0:09:58   72

 turbulent viscosity limited to viscosity ratio of 1.000000e+05 in 8591 cells 

 Reversed flow on 678 faces of pressure-outlet 7.
   129  7.2885e-01  1.3693e-04  1.3600e-04  1.5342e-04  6.8099e-03  1.3462e-02  4.7114e-03  0:09:45   71

 turbulent viscosity limited to viscosity ratio of 1.000000e+05 in 8489 cells 

 Reversed flow on 672 faces of pressure-outlet 7.
   130  7.2483e-01  1.3588e-04  1.3510e-04  1.5271e-04  6.7489e-03  1.3300e-02  4.6750e-03  0:09:34   70

 turbulent viscosity limited to viscosity ratio of 1.000000e+05 in 8397 cells 

 Reversed flow on 667 faces of pressure-outlet 7.
   131  7.2005e-01  1.3486e-04  1.3421e-04  1.5200e-04  6.6920e-03  1.3219e-02  4.6392e-03  0:09:37   69

 turbulent viscosity limited to viscosity ratio of 1.000000e+05 in 8297 cells 

 Reversed flow on 664 faces of pressure-outlet 7.
   132  7.1533e-01  1.3388e-04  1.3323e-04  1.5140e-04  6.6306e-03  1.3049e-02  4.6039e-03  0:09:23   68

 turbulent viscosity limited to viscosity ratio of 1.000000e+05 in 8198 cells 

 Reversed flow on 665 faces of pressure-outlet 7.

  iter  continuity  x-velocity  y-velocity  z-velocity           k     epsilon  vf-phase-2     time/iter
   133  7.1076e-01  1.3285e-04  1.3239e-04  1.5075e-04  6.5724e-03  1.2922e-02  4.5692e-03  0:09:11   67

 turbulent viscosity limited to viscosity ratio of 1.000000e+05 in 8110 cells 

 Reversed flow on 663 faces of pressure-outlet 7.
   134  7.0680e-01  1.3186e-04  1.3153e-04  1.5012e-04  6.5157e-03  1.2844e-02  4.5349e-03  0:09:00   66

 turbulent viscosity limited to viscosity ratio of 1.000000e+05 in 8017 cells 

 Reversed flow on 664 faces of pressure-outlet 7.
   135  7.0262e-01  1.3081e-04  1.3063e-04  1.4956e-04  6.4608e-03  1.2675e-02  4.5012e-03  0:09:03   65

 turbulent viscosity limited to viscosity ratio of 1.000000e+05 in 7944 cells 

 Reversed flow on 652 faces of pressure-outlet 7.
   136  6.9851e-01  1.2986e-04  1.2990e-04  1.4899e-04  6.4080e-03  1.2563e-02  4.4680e-03  0:08:50   64

 turbulent viscosity limited to viscosity ratio of 1.000000e+05 in 7864 cells 

 Reversed flow on 658 faces of pressure-outlet 7.
   137  6.9476e-01  1.2893e-04  1.2917e-04  1.4836e-04  6.3587e-03  1.2368e-02  4.4354e-03  0:08:38   63

 turbulent viscosity limited to viscosity ratio of 1.000000e+05 in 7755 cells 

 Reversed flow on 659 faces of pressure-outlet 7.
   138  6.9073e-01  1.2802e-04  1.2852e-04  1.4775e-04  6.3155e-03  1.2394e-02  4.4032e-03  0:08:39   62

 turbulent viscosity limited to viscosity ratio of 1.000000e+05 in 7673 cells 

 Reversed flow on 654 faces of pressure-outlet 7.
   139  6.8805e-01  1.2711e-04  1.2792e-04  1.4724e-04  6.2694e-03  1.2266e-02  4.3714e-03  0:08:26   61

 turbulent viscosity limited to viscosity ratio of 1.000000e+05 in 7587 cells 

 Reversed flow on 646 faces of pressure-outlet 7.
   140  6.8501e-01  1.2628e-04  1.2737e-04  1.4675e-04  6.2227e-03  1.2186e-02  4.3402e-03  0:08:26   60

 turbulent viscosity limited to viscosity ratio of 1.000000e+05 in 7509 cells 

 Reversed flow on 658 faces of pressure-outlet 7.
   141  6.8233e-01  1.2544e-04  1.2683e-04  1.4622e-04  6.1747e-03  1.2110e-02  4.3094e-03  0:08:13   59

 turbulent viscosity limited to viscosity ratio of 1.000000e+05 in 7421 cells 

 Reversed flow on 650 faces of pressure-outlet 7.
   142  6.7956e-01  1.2467e-04  1.2624e-04  1.4570e-04  6.1272e-03  1.2015e-02  4.2791e-03  0:08:00   58

 turbulent viscosity limited to viscosity ratio of 1.000000e+05 in 7331 cells 

 Reversed flow on 650 faces of pressure-outlet 7.
   143  6.7721e-01  1.2388e-04  1.2573e-04  1.4518e-04  6.0792e-03  1.1940e-02  4.2491e-03  0:08:00   57

 turbulent viscosity limited to viscosity ratio of 1.000000e+05 in 7252 cells 

 Reversed flow on 637 faces of pressure-outlet 7.

  iter  continuity  x-velocity  y-velocity  z-velocity           k     epsilon  vf-phase-2     time/iter
   144  6.7573e-01  1.2317e-04  1.2522e-04  1.4466e-04  6.0354e-03  1.1915e-02  4.2196e-03  0:07:47   56

 turbulent viscosity limited to viscosity ratio of 1.000000e+05 in 7139 cells 

 Reversed flow on 634 faces of pressure-outlet 7.
   145  6.7291e-01  1.2260e-04  1.2468e-04  1.4415e-04  5.9886e-03  1.1940e-02  4.1904e-03  0:07:35   55

 turbulent viscosity limited to viscosity ratio of 1.000000e+05 in 7055 cells 

 Reversed flow on 653 faces of pressure-outlet 7.
   146  6.7042e-01  1.2206e-04  1.2418e-04  1.4358e-04  5.9399e-03  1.1740e-02  4.1617e-03  0:07:24   54

 turbulent viscosity limited to viscosity ratio of 1.000000e+05 in 6978 cells 

 Reversed flow on 647 faces of pressure-outlet 7.
   147  6.6655e-01  1.2153e-04  1.2369e-04  1.4295e-04  5.8918e-03  1.1562e-02  4.1334e-03  0:07:24   53

 turbulent viscosity limited to viscosity ratio of 1.000000e+05 in 6889 cells 

 Reversed flow on 630 faces of pressure-outlet 7.
   148  6.6229e-01  1.2096e-04  1.2320e-04  1.4245e-04  5.8453e-03  1.1569e-02  4.1055e-03  0:07:12   52

 turbulent viscosity limited to viscosity ratio of 1.000000e+05 in 6800 cells 

 Reversed flow on 626 faces of pressure-outlet 7.
   149  6.5933e-01  1.2036e-04  1.2277e-04  1.4188e-04  5.7997e-03  1.1534e-02  4.0779e-03  0:07:00   51

 turbulent viscosity limited to viscosity ratio of 1.000000e+05 in 6737 cells 

 Reversed flow on 624 faces of pressure-outlet 7.
   150  6.5765e-01  1.1988e-04  1.2232e-04  1.4128e-04  5.7514e-03  1.1495e-02  4.0507e-03  0:07:00   50

 turbulent viscosity limited to viscosity ratio of 1.000000e+05 in 6656 cells 

 Reversed flow on 624 faces of pressure-outlet 7.
   151  6.5553e-01  1.1934e-04  1.2188e-04  1.4073e-04  5.7030e-03  1.1407e-02  4.0238e-03  0:06:47   49

 turbulent viscosity limited to viscosity ratio of 1.000000e+05 in 6575 cells 

 Reversed flow on 613 faces of pressure-outlet 7.
   152  6.5403e-01  1.1882e-04  1.2146e-04  1.4014e-04  5.6555e-03  1.1289e-02  3.9973e-03  0:06:36   48

 turbulent viscosity limited to viscosity ratio of 1.000000e+05 in 6492 cells 

 Reversed flow on 624 faces of pressure-outlet 7.
   153  6.5296e-01  1.1836e-04  1.2105e-04  1.3958e-04  5.6058e-03  1.1277e-02  3.9712e-03  0:06:25   47

 turbulent viscosity limited to viscosity ratio of 1.000000e+05 in 6401 cells 

 Reversed flow on 624 faces of pressure-outlet 7.
   154  6.5102e-01  1.1798e-04  1.2073e-04  1.3900e-04  5.5607e-03  1.1586e-02  3.9453e-03  0:06:25   46

 turbulent viscosity limited to viscosity ratio of 1.000000e+05 in 6321 cells 

 Reversed flow on 614 faces of pressure-outlet 7.

  iter  continuity  x-velocity  y-velocity  z-velocity           k     epsilon  vf-phase-2     time/iter
   155  6.4954e-01  1.1755e-04  1.2037e-04  1.3852e-04  5.5116e-03  1.1077e-02  3.9199e-03  0:06:13   45

 turbulent viscosity limited to viscosity ratio of 1.000000e+05 in 6252 cells 

 Reversed flow on 619 faces of pressure-outlet 7.
   156  6.4792e-01  1.1713e-04  1.2005e-04  1.3805e-04  5.4645e-03  1.1023e-02  3.8948e-03  0:06:02   44

 turbulent viscosity limited to viscosity ratio of 1.000000e+05 in 6180 cells 

 Reversed flow on 608 faces of pressure-outlet 7.
   157  6.4672e-01  1.1674e-04  1.1980e-04  1.3761e-04  5.4163e-03  1.1050e-02  3.8700e-03  0:06:01   43

 turbulent viscosity limited to viscosity ratio of 1.000000e+05 in 6097 cells 

 Reversed flow on 596 faces of pressure-outlet 7.
   158  6.4568e-01  1.1626e-04  1.1957e-04  1.3727e-04  5.3649e-03  1.0906e-02  3.8456e-03  0:05:49   42

 turbulent viscosity limited to viscosity ratio of 1.000000e+05 in 6017 cells 

 Reversed flow on 600 faces of pressure-outlet 7.
   159  6.4469e-01  1.1584e-04  1.1937e-04  1.3693e-04  5.3185e-03  1.1027e-02  3.8214e-03  0:05:38   41

 turbulent viscosity limited to viscosity ratio of 1.000000e+05 in 5943 cells 

 Reversed flow on 602 faces of pressure-outlet 7.
   160  6.4351e-01  1.1546e-04  1.1915e-04  1.3665e-04  5.2720e-03  1.0831e-02  3.7976e-03  0:05:36   40

 turbulent viscosity limited to viscosity ratio of 1.000000e+05 in 5864 cells 

 Reversed flow on 600 faces of pressure-outlet 7.
   161  6.4152e-01  1.1510e-04  1.1890e-04  1.3640e-04  5.2299e-03  1.0913e-02  3.7740e-03  0:05:24   39

 turbulent viscosity limited to viscosity ratio of 1.000000e+05 in 5796 cells 

 Reversed flow on 589 faces of pressure-outlet 7.
   162  6.3980e-01  1.1474e-04  1.1866e-04  1.3622e-04  5.1881e-03  1.0609e-02  3.7508e-03  0:05:14   38

 turbulent viscosity limited to viscosity ratio of 1.000000e+05 in 5733 cells 

 Reversed flow on 578 faces of pressure-outlet 7.
   163  6.3907e-01  1.1439e-04  1.1843e-04  1.3598e-04  5.1507e-03  1.0559e-02  3.7278e-03  0:05:11   37

 turbulent viscosity limited to viscosity ratio of 1.000000e+05 in 5662 cells 

 Reversed flow on 586 faces of pressure-outlet 7.
   164  6.3840e-01  1.1407e-04  1.1825e-04  1.3583e-04  5.1173e-03  1.0634e-02  3.7051e-03  0:05:00   36

 turbulent viscosity limited to viscosity ratio of 1.000000e+05 in 5589 cells 

 Reversed flow on 580 faces of pressure-outlet 7.
   165  6.3751e-01  1.1376e-04  1.1807e-04  1.3575e-04  5.0833e-03  1.0881e-02  3.6827e-03  0:04:49   35

 turbulent viscosity limited to viscosity ratio of 1.000000e+05 in 5515 cells 

 Reversed flow on 583 faces of pressure-outlet 7.

  iter  continuity  x-velocity  y-velocity  z-velocity           k     epsilon  vf-phase-2     time/iter
   166  6.3720e-01  1.1356e-04  1.1789e-04  1.3568e-04  5.0528e-03  1.0887e-02  3.6606e-03  0:04:39   34

 turbulent viscosity limited to viscosity ratio of 1.000000e+05 in 5451 cells 

 Reversed flow on 595 faces of pressure-outlet 7.
   167  6.3686e-01  1.1333e-04  1.1771e-04  1.3563e-04  5.0237e-03  1.0931e-02  3.6387e-03  0:04:36   33

 turbulent viscosity limited to viscosity ratio of 1.000000e+05 in 5393 cells 

 Reversed flow on 582 faces of pressure-outlet 7.
   168  6.3622e-01  1.1316e-04  1.1760e-04  1.3552e-04  4.9914e-03  1.0693e-02  3.6172e-03  0:04:25   32

 turbulent viscosity limited to viscosity ratio of 1.000000e+05 in 5329 cells 

 Reversed flow on 579 faces of pressure-outlet 7.
   169  6.3687e-01  1.1306e-04  1.1744e-04  1.3547e-04  4.9629e-03  1.0556e-02  3.5959e-03  0:04:15   31

 turbulent viscosity limited to viscosity ratio of 1.000000e+05 in 5263 cells 

 Reversed flow on 568 faces of pressure-outlet 7.
   170  6.3840e-01  1.1304e-04  1.1735e-04  1.3545e-04  4.9365e-03  1.0431e-02  3.5748e-03  0:04:12   30

 turbulent viscosity limited to viscosity ratio of 1.000000e+05 in 5201 cells 

 Reversed flow on 568 faces of pressure-outlet 7.
   171  6.3924e-01  1.1303e-04  1.1727e-04  1.3544e-04  4.9092e-03  1.0415e-02  3.5540e-03  0:04:01   29

 turbulent viscosity limited to viscosity ratio of 1.000000e+05 in 5137 cells 

 Reversed flow on 568 faces of pressure-outlet 7.
   172  6.4081e-01  1.1307e-04  1.1724e-04  1.3542e-04  4.8850e-03  1.0536e-02  3.5334e-03  0:03:51   28

 turbulent viscosity limited to viscosity ratio of 1.000000e+05 in 5088 cells 

 Reversed flow on 568 faces of pressure-outlet 7.
   173  6.4248e-01  1.1315e-04  1.1722e-04  1.3543e-04  4.8595e-03  1.0521e-02  3.5130e-03  0:03:47   27

 turbulent viscosity limited to viscosity ratio of 1.000000e+05 in 5040 cells 

 Reversed flow on 565 faces of pressure-outlet 7.
   174  6.4412e-01  1.1325e-04  1.1718e-04  1.3536e-04  4.8348e-03  1.0744e-02  3.4929e-03  0:03:36   26

 turbulent viscosity limited to viscosity ratio of 1.000000e+05 in 4979 cells 

 Reversed flow on 561 faces of pressure-outlet 7.
   175  6.4502e-01  1.1339e-04  1.1721e-04  1.3535e-04  4.8069e-03  1.0893e-02  3.4730e-03  0:03:26   25

 turbulent viscosity limited to viscosity ratio of 1.000000e+05 in 4920 cells 

 Reversed flow on 556 faces of pressure-outlet 7.
   176  6.4491e-01  1.1356e-04  1.1720e-04  1.3532e-04  4.7772e-03  1.0803e-02  3.4533e-03  0:03:17   24

 turbulent viscosity limited to viscosity ratio of 1.000000e+05 in 4861 cells 

 Reversed flow on 564 faces of pressure-outlet 7.

  iter  continuity  x-velocity  y-velocity  z-velocity           k     epsilon  vf-phase-2     time/iter
   177  6.4528e-01  1.1376e-04  1.1721e-04  1.3528e-04  4.7485e-03  1.0801e-02  3.4338e-03  0:03:12   23

 turbulent viscosity limited to viscosity ratio of 1.000000e+05 in 4798 cells 

 Reversed flow on 562 faces of pressure-outlet 7.
   178  6.4648e-01  1.1397e-04  1.1732e-04  1.3523e-04  4.7230e-03  1.1006e-02  3.4146e-03  0:03:02   22

 turbulent viscosity limited to viscosity ratio of 1.000000e+05 in 4740 cells 

 Reversed flow on 562 faces of pressure-outlet 7.
   179  6.4720e-01  1.1414e-04  1.1744e-04  1.3523e-04  4.6945e-03  1.0887e-02  3.3956e-03  0:02:57   21

 turbulent viscosity limited to viscosity ratio of 1.000000e+05 in 4682 cells 

 Reversed flow on 556 faces of pressure-outlet 7.
   180  6.4780e-01  1.1433e-04  1.1759e-04  1.3523e-04  4.6675e-03  1.1261e-02  3.3769e-03  0:02:47   20

 turbulent viscosity limited to viscosity ratio of 1.000000e+05 in 4627 cells 

 Reversed flow on 559 faces of pressure-outlet 7.
   181  6.4864e-01  1.1456e-04  1.1771e-04  1.3522e-04  4.6415e-03  1.1112e-02  3.3583e-03  0:02:37   19

 turbulent viscosity limited to viscosity ratio of 1.000000e+05 in 4576 cells 

 Reversed flow on 556 faces of pressure-outlet 7.
   182  6.4895e-01  1.1472e-04  1.1788e-04  1.3520e-04  4.6155e-03  1.0955e-02  3.3400e-03  0:02:32   18

 turbulent viscosity limited to viscosity ratio of 1.000000e+05 in 4524 cells 

 Reversed flow on 547 faces of pressure-outlet 7.
   183  6.4899e-01  1.1493e-04  1.1801e-04  1.3519e-04  4.5894e-03  1.1033e-02  3.3218e-03  0:02:22   17

 turbulent viscosity limited to viscosity ratio of 1.000000e+05 in 4465 cells 

 Reversed flow on 535 faces of pressure-outlet 7.
   184  6.4887e-01  1.1520e-04  1.1815e-04  1.3514e-04  4.5662e-03  1.1149e-02  3.3039e-03  0:02:12   16

 turbulent viscosity limited to viscosity ratio of 1.000000e+05 in 4420 cells 

 Reversed flow on 535 faces of pressure-outlet 7.
   185  6.4878e-01  1.1541e-04  1.1834e-04  1.3511e-04  4.5422e-03  1.1074e-02  3.2861e-03  0:02:03   15

 turbulent viscosity limited to viscosity ratio of 1.000000e+05 in 4372 cells 

 Reversed flow on 530 faces of pressure-outlet 7.
   186  6.4867e-01  1.1562e-04  1.1851e-04  1.3506e-04  4.5211e-03  1.1405e-02  3.2685e-03  0:01:57   14

 turbulent viscosity limited to viscosity ratio of 1.000000e+05 in 4325 cells 

 Reversed flow on 545 faces of pressure-outlet 7.
   187  6.4900e-01  1.1581e-04  1.1864e-04  1.3501e-04  4.5013e-03  1.1396e-02  3.2510e-03  0:01:48   13

 turbulent viscosity limited to viscosity ratio of 1.000000e+05 in 4276 cells 

 Reversed flow on 536 faces of pressure-outlet 7.

  iter  continuity  x-velocity  y-velocity  z-velocity           k     epsilon  vf-phase-2     time/iter
   188  6.4903e-01  1.1602e-04  1.1878e-04  1.3491e-04  4.4841e-03  1.1467e-02  3.2337e-03  0:01:39   12

 turbulent viscosity limited to viscosity ratio of 1.000000e+05 in 4233 cells 

 Reversed flow on 525 faces of pressure-outlet 7.
   189  6.4839e-01  1.1622e-04  1.1892e-04  1.3481e-04  4.4648e-03  1.1154e-02  3.2165e-03  0:01:32   11

 turbulent viscosity limited to viscosity ratio of 1.000000e+05 in 4186 cells 

 Reversed flow on 511 faces of pressure-outlet 7.
   190  6.4852e-01  1.1644e-04  1.1903e-04  1.3464e-04  4.4470e-03  1.1541e-02  3.1996e-03  0:01:23   10

 turbulent viscosity limited to viscosity ratio of 1.000000e+05 in 4136 cells 

 Reversed flow on 524 faces of pressure-outlet 7.
   191  6.4780e-01  1.1665e-04  1.1918e-04  1.3454e-04  4.4309e-03  1.1696e-02  3.1829e-03  0:01:14    9

 turbulent viscosity limited to viscosity ratio of 1.000000e+05 in 4087 cells 

 Reversed flow on 522 faces of pressure-outlet 7.
   192  6.4719e-01  1.1684e-04  1.1925e-04  1.3434e-04  4.4147e-03  1.1978e-02  3.1664e-03  0:01:06    8

 turbulent viscosity limited to viscosity ratio of 1.000000e+05 in 4040 cells 

 Reversed flow on 517 faces of pressure-outlet 7.
   193  6.4773e-01  1.1697e-04  1.1930e-04  1.3418e-04  4.3940e-03  1.1772e-02  3.1501e-03  0:00:59    7

 turbulent viscosity limited to viscosity ratio of 1.000000e+05 in 3985 cells 

 Reversed flow on 517 faces of pressure-outlet 7.
   194  6.4791e-01  1.1713e-04  1.1939e-04  1.3394e-04  4.3725e-03  1.1677e-02  3.1339e-03  0:00:50    6

 turbulent viscosity limited to viscosity ratio of 1.000000e+05 in 3934 cells 

 Reversed flow on 512 faces of pressure-outlet 7.
   195  6.4772e-01  1.1734e-04  1.1947e-04  1.3371e-04  4.3497e-03  1.1074e-02  3.1179e-03  0:00:41    5

 turbulent viscosity limited to viscosity ratio of 1.000000e+05 in 3880 cells 

 Reversed flow on 506 faces of pressure-outlet 7.
   196  6.4720e-01  1.1755e-04  1.1947e-04  1.3342e-04  4.3325e-03  1.1835e-02  3.1020e-03  0:00:33    4

 turbulent viscosity limited to viscosity ratio of 1.000000e+05 in 3846 cells 

 Reversed flow on 508 faces of pressure-outlet 7.
   197  6.4692e-01  1.1778e-04  1.1951e-04  1.3315e-04  4.3133e-03  1.1945e-02  3.0864e-03  0:00:25    3

 turbulent viscosity limited to viscosity ratio of 1.000000e+05 in 3802 cells 

 Reversed flow on 510 faces of pressure-outlet 7.
   198  6.4690e-01  1.1793e-04  1.1947e-04  1.3282e-04  4.2924e-03  1.1664e-02  3.0710e-03  0:00:17    2

 turbulent viscosity limited to viscosity ratio of 1.000000e+05 in 3760 cells 

 Reversed flow on 496 faces of pressure-outlet 7.

  iter  continuity  x-velocity  y-velocity  z-velocity           k     epsilon  vf-phase-2     time/iter
   199  6.4612e-01  1.1808e-04  1.1948e-04  1.3252e-04  4.2737e-03  1.1723e-02  3.0557e-03  0:00:08    1

 turbulent viscosity limited to viscosity ratio of 1.000000e+05 in 3726 cells 

 Reversed flow on 502 faces of pressure-outlet 7.
   200  6.4546e-01  1.1825e-04  1.1941e-04  1.3220e-04  4.2533e-03  1.1676e-02  3.0405e-03  0:00:00    0
iterate_200: RPC returned
progress: 200/1500

  iter  continuity  x-velocity  y-velocity  z-velocity           k     epsilon  vf-phase-2     time/iter
   200  6.4546e-01  1.1825e-04  1.1941e-04  1.3220e-04  4.2533e-03  1.1676e-02  3.0405e-03  0:13:58  100

 turbulent viscosity limited to viscosity ratio of 1.000000e+05 in 3689 cells 

 Reversed flow on 505 faces of pressure-outlet 7.
   201  6.4439e-01  1.1834e-04  1.1936e-04  1.3184e-04  4.2352e-03  1.1614e-02  3.0254e-03  0:14:02   99

 turbulent viscosity limited to viscosity ratio of 1.000000e+05 in 3641 cells 

 Reversed flow on 505 faces of pressure-outlet 7.
   202  6.4306e-01  1.1843e-04  1.1928e-04  1.3155e-04  4.2155e-03  1.1361e-02  3.0106e-03  0:13:43   98

 turbulent viscosity limited to viscosity ratio of 1.000000e+05 in 3603 cells 

 Reversed flow on 502 faces of pressure-outlet 7.
   203  6.4232e-01  1.1858e-04  1.1921e-04  1.3119e-04  4.1970e-03  1.1473e-02  2.9958e-03  0:13:27   97

 turbulent viscosity limited to viscosity ratio of 1.000000e+05 in 3564 cells 

 Reversed flow on 500 faces of pressure-outlet 7.
   204  6.4137e-01  1.1866e-04  1.1910e-04  1.3083e-04  4.1815e-03  1.1835e-02  2.9812e-03  0:13:32   96

 turbulent viscosity limited to viscosity ratio of 1.000000e+05 in 3521 cells 

 Reversed flow on 501 faces of pressure-outlet 7.
   205  6.4096e-01  1.1879e-04  1.1903e-04  1.3050e-04  4.1617e-03  1.1267e-02  2.9667e-03  0:13:15   95

 turbulent viscosity limited to viscosity ratio of 1.000000e+05 in 3471 cells 

 Reversed flow on 501 faces of pressure-outlet 7.
   206  6.4074e-01  1.1887e-04  1.1894e-04  1.3009e-04  4.1480e-03  1.1711e-02  2.9524e-03  0:13:18   94

 turbulent viscosity limited to viscosity ratio of 1.000000e+05 in 3440 cells 

 Reversed flow on 497 faces of pressure-outlet 7.
   207  6.4066e-01  1.1893e-04  1.1890e-04  1.2979e-04  4.1307e-03  1.1440e-02  2.9382e-03  0:13:01   93

 turbulent viscosity limited to viscosity ratio of 1.000000e+05 in 3396 cells 

 Reversed flow on 489 faces of pressure-outlet 7.
   208  6.4000e-01  1.1901e-04  1.1882e-04  1.2950e-04  4.1160e-03  1.1633e-02  2.9241e-03  0:12:45   92

 turbulent viscosity limited to viscosity ratio of 1.000000e+05 in 3361 cells 

 Reversed flow on 499 faces of pressure-outlet 7.
   209  6.4010e-01  1.1909e-04  1.1874e-04  1.2919e-04  4.1001e-03  1.1335e-02  2.9102e-03  0:12:31   91

 turbulent viscosity limited to viscosity ratio of 1.000000e+05 in 3323 cells 

 Reversed flow on 500 faces of pressure-outlet 7.
   210  6.4003e-01  1.1913e-04  1.1867e-04  1.2886e-04  4.0864e-03  1.1883e-02  2.8965e-03  0:12:36   90

 turbulent viscosity limited to viscosity ratio of 1.000000e+05 in 3289 cells 

 Reversed flow on 497 faces of pressure-outlet 7.

  iter  continuity  x-velocity  y-velocity  z-velocity           k     epsilon  vf-phase-2     time/iter
   211  6.3914e-01  1.1916e-04  1.1858e-04  1.2855e-04  4.0693e-03  1.1169e-02  2.8828e-03  0:12:21   89

 turbulent viscosity limited to viscosity ratio of 1.000000e+05 in 3258 cells 

 Reversed flow on 501 faces of pressure-outlet 7.
   212  6.3811e-01  1.1920e-04  1.1853e-04  1.2828e-04  4.0573e-03  1.1653e-02  2.8692e-03  0:12:07   88

 turbulent viscosity limited to viscosity ratio of 1.000000e+05 in 3226 cells 

 Reversed flow on 498 faces of pressure-outlet 7.
   213  6.3784e-01  1.1927e-04  1.1845e-04  1.2797e-04  4.0432e-03  1.1566e-02  2.8558e-03  0:11:54   87

 turbulent viscosity limited to viscosity ratio of 1.000000e+05 in 3203 cells 

 Reversed flow on 485 faces of pressure-outlet 7.
   214  6.3767e-01  1.1927e-04  1.1838e-04  1.2768e-04  4.0302e-03  1.1888e-02  2.8425e-03  0:11:59   86

 turbulent viscosity limited to viscosity ratio of 1.000000e+05 in 3185 cells 

 Reversed flow on 487 faces of pressure-outlet 7.
   215  6.3792e-01  1.1922e-04  1.1838e-04  1.2741e-04  4.0147e-03  1.1749e-02  2.8292e-03  0:11:45   85

 turbulent viscosity limited to viscosity ratio of 1.000000e+05 in 3151 cells 

 Reversed flow on 490 faces of pressure-outlet 7.
   216  6.3829e-01  1.1917e-04  1.1834e-04  1.2714e-04  4.0020e-03  1.1628e-02  2.8161e-03  0:11:32   84

 turbulent viscosity limited to viscosity ratio of 1.000000e+05 in 3121 cells 

 Reversed flow on 483 faces of pressure-outlet 7.
   217  6.3878e-01  1.1919e-04  1.1834e-04  1.2689e-04  3.9913e-03  1.2387e-02  2.8031e-03  0:11:19   83

 turbulent viscosity limited to viscosity ratio of 1.000000e+05 in 3084 cells 

 Reversed flow on 492 faces of pressure-outlet 7.
   218  6.3917e-01  1.1914e-04  1.1836e-04  1.2660e-04  3.9783e-03  1.2061e-02  2.7903e-03  0:11:25   82

 turbulent viscosity limited to viscosity ratio of 1.000000e+05 in 3058 cells 

 Reversed flow on 475 faces of pressure-outlet 7.
   219  6.3907e-01  1.1909e-04  1.1836e-04  1.2634e-04  3.9634e-03  1.1631e-02  2.7775e-03  0:11:11   81

 turbulent viscosity limited to viscosity ratio of 1.000000e+05 in 3028 cells 

 Reversed flow on 473 faces of pressure-outlet 7.
   220  6.3856e-01  1.1904e-04  1.1834e-04  1.2614e-04  3.9492e-03  1.1919e-02  2.7649e-03  0:11:14   80

 turbulent viscosity limited to viscosity ratio of 1.000000e+05 in 3009 cells 

 Reversed flow on 484 faces of pressure-outlet 7.
   221  6.3805e-01  1.1897e-04  1.1839e-04  1.2596e-04  3.9357e-03  1.1988e-02  2.7525e-03  0:11:15   79

 turbulent viscosity limited to viscosity ratio of 1.000000e+05 in 2979 cells 

 Reversed flow on 478 faces of pressure-outlet 7.

  iter  continuity  x-velocity  y-velocity  z-velocity           k     epsilon  vf-phase-2     time/iter
   222  6.3830e-01  1.1886e-04  1.1842e-04  1.2570e-04  3.9215e-03  1.1997e-02  2.7401e-03  0:11:29   78

 turbulent viscosity limited to viscosity ratio of 1.000000e+05 in 2950 cells 

 Reversed flow on 482 faces of pressure-outlet 7.
   223  6.3835e-01  1.1878e-04  1.1851e-04  1.2550e-04  3.9071e-03  1.1794e-02  2.7278e-03  0:11:23   77

 turbulent viscosity limited to viscosity ratio of 1.000000e+05 in 2925 cells 

 Reversed flow on 477 faces of pressure-outlet 7.
   224  6.3799e-01  1.1871e-04  1.1858e-04  1.2527e-04  3.8944e-03  1.1923e-02  2.7157e-03  0:11:01   76

 turbulent viscosity limited to viscosity ratio of 1.000000e+05 in 2905 cells 

 Reversed flow on 463 faces of pressure-outlet 7.
   225  6.3822e-01  1.1863e-04  1.1867e-04  1.2511e-04  3.8787e-03  1.1397e-02  2.7037e-03  0:10:57   75

 turbulent viscosity limited to viscosity ratio of 1.000000e+05 in 2877 cells 

 Reversed flow on 460 faces of pressure-outlet 7.
   226  6.3898e-01  1.1852e-04  1.1873e-04  1.2492e-04  3.8625e-03  1.1905e-02  2.6919e-03  0:10:37   74

 turbulent viscosity limited to viscosity ratio of 1.000000e+05 in 2857 cells 

 Reversed flow on 477 faces of pressure-outlet 7.
   227  6.3928e-01  1.1839e-04  1.1878e-04  1.2477e-04  3.8513e-03  1.2640e-02  2.6802e-03  0:10:19   73

 turbulent viscosity limited to viscosity ratio of 1.000000e+05 in 2834 cells 

 Reversed flow on 481 faces of pressure-outlet 7.
   228  6.3997e-01  1.1830e-04  1.1887e-04  1.2464e-04  3.8355e-03  1.2605e-02  2.6686e-03  0:10:18   72

 turbulent viscosity limited to viscosity ratio of 1.000000e+05 in 2815 cells 

 Reversed flow on 470 faces of pressure-outlet 7.
   229  6.4057e-01  1.1822e-04  1.1898e-04  1.2446e-04  3.8185e-03  1.2269e-02  2.6570e-03  0:10:01   71

 turbulent viscosity limited to viscosity ratio of 1.000000e+05 in 2777 cells 

 Reversed flow on 466 faces of pressure-outlet 7.
   230  6.4144e-01  1.1814e-04  1.1911e-04  1.2426e-04  3.7997e-03  1.1587e-02  2.6455e-03  0:09:46   70

 turbulent viscosity limited to viscosity ratio of 1.000000e+05 in 2747 cells 

 Reversed flow on 463 faces of pressure-outlet 7.
   231  6.4348e-01  1.1811e-04  1.1919e-04  1.2410e-04  3.7862e-03  1.2060e-02  2.6340e-03  0:09:33   69

 turbulent viscosity limited to viscosity ratio of 1.000000e+05 in 2719 cells 

 Reversed flow on 462 faces of pressure-outlet 7.
   232  6.4601e-01  1.1804e-04  1.1928e-04  1.2397e-04  3.7759e-03  1.2337e-02  2.6228e-03  0:09:34   68

 turbulent viscosity limited to viscosity ratio of 1.000000e+05 in 2697 cells 

 Reversed flow on 464 faces of pressure-outlet 7.

  iter  continuity  x-velocity  y-velocity  z-velocity           k     epsilon  vf-phase-2     time/iter
   233  6.4703e-01  1.1804e-04  1.1937e-04  1.2382e-04  3.7595e-03  1.1025e-02  2.6116e-03  0:09:20   67

 turbulent viscosity limited to viscosity ratio of 1.000000e+05 in 2676 cells 

 Reversed flow on 445 faces of pressure-outlet 7.
   234  6.4864e-01  1.1803e-04  1.1944e-04  1.2357e-04  3.7431e-03  1.0676e-02  2.6005e-03  0:09:07   66

 turbulent viscosity limited to viscosity ratio of 1.000000e+05 in 2649 cells 

 Reversed flow on 454 faces of pressure-outlet 7.
   235  6.5002e-01  1.1806e-04  1.1946e-04  1.2338e-04  3.7308e-03  1.0452e-02  2.5894e-03  0:09:08   65

 turbulent viscosity limited to viscosity ratio of 1.000000e+05 in 2622 cells 

 Reversed flow on 457 faces of pressure-outlet 7.
   236  6.5152e-01  1.1812e-04  1.1944e-04  1.2316e-04  3.7168e-03  9.9785e-03  2.5785e-03  0:08:54   64

 turbulent viscosity limited to viscosity ratio of 1.000000e+05 in 2603 cells 

 Reversed flow on 450 faces of pressure-outlet 7.
   237  6.5260e-01  1.1811e-04  1.1944e-04  1.2296e-04  3.7064e-03  1.0567e-02  2.5677e-03  0:08:41   63

 turbulent viscosity limited to viscosity ratio of 1.000000e+05 in 2585 cells 

 Reversed flow on 456 faces of pressure-outlet 7.
   238  6.5313e-01  1.1807e-04  1.1938e-04  1.2272e-04  3.6931e-03  1.0271e-02  2.5569e-03  0:08:29   62

 turbulent viscosity limited to viscosity ratio of 1.000000e+05 in 2557 cells 

 Reversed flow on 450 faces of pressure-outlet 7.
   239  6.5392e-01  1.1802e-04  1.1929e-04  1.2246e-04  3.6826e-03  1.1186e-02  2.5463e-03  0:08:31   61

 turbulent viscosity limited to viscosity ratio of 1.000000e+05 in 2538 cells 

 Reversed flow on 445 faces of pressure-outlet 7.
   240  6.5445e-01  1.1798e-04  1.1917e-04  1.2218e-04  3.6674e-03  1.0588e-02  2.5357e-03  0:08:18   60

 turbulent viscosity limited to viscosity ratio of 1.000000e+05 in 2515 cells 

 Reversed flow on 448 faces of pressure-outlet 7.
   241  6.5378e-01  1.1795e-04  1.1902e-04  1.2186e-04  3.6493e-03  1.0003e-02  2.5252e-03  0:08:06   59

 turbulent viscosity limited to viscosity ratio of 1.000000e+05 in 2485 cells 

 Reversed flow on 440 faces of pressure-outlet 7.
   242  6.5350e-01  1.1786e-04  1.1882e-04  1.2151e-04  3.6334e-03  1.0440e-02  2.5149e-03  0:08:07   58

 turbulent viscosity limited to viscosity ratio of 1.000000e+05 in 2458 cells 

 Reversed flow on 439 faces of pressure-outlet 7.
   243  6.5271e-01  1.1780e-04  1.1861e-04  1.2122e-04  3.6174e-03  1.0349e-02  2.5046e-03  0:07:54   57

 turbulent viscosity limited to viscosity ratio of 1.000000e+05 in 2438 cells 

 Reversed flow on 445 faces of pressure-outlet 7.

  iter  continuity  x-velocity  y-velocity  z-velocity           k     epsilon  vf-phase-2     time/iter
   244  6.5088e-01  1.1770e-04  1.1840e-04  1.2086e-04  3.6049e-03  1.0792e-02  2.4945e-03  0:07:42   56

 turbulent viscosity limited to viscosity ratio of 1.000000e+05 in 2421 cells 

 Reversed flow on 438 faces of pressure-outlet 7.
   245  6.5027e-01  1.1760e-04  1.1818e-04  1.2052e-04  3.5855e-03  1.0290e-02  2.4843e-03  0:07:42   55

 turbulent viscosity limited to viscosity ratio of 1.000000e+05 in 2401 cells 

 Reversed flow on 439 faces of pressure-outlet 7.
   246  6.4977e-01  1.1750e-04  1.1799e-04  1.2010e-04  3.5714e-03  1.1233e-02  2.4743e-03  0:07:29   54

 turbulent viscosity limited to viscosity ratio of 1.000000e+05 in 2383 cells 

 Reversed flow on 443 faces of pressure-outlet 7.
   247  6.4901e-01  1.1741e-04  1.1782e-04  1.1976e-04  3.5556e-03  1.0481e-02  2.4643e-03  0:07:18   53

 turbulent viscosity limited to viscosity ratio of 1.000000e+05 in 2363 cells 

 Reversed flow on 439 faces of pressure-outlet 7.
   248  6.4778e-01  1.1723e-04  1.1759e-04  1.1940e-04  3.5385e-03  1.0552e-02  2.4544e-03  0:07:07   52

 turbulent viscosity limited to viscosity ratio of 1.000000e+05 in 2344 cells 

 Reversed flow on 443 faces of pressure-outlet 7.
   249  6.4678e-01  1.1704e-04  1.1737e-04  1.1903e-04  3.5239e-03  9.7852e-03  2.4445e-03  0:07:07   51

 turbulent viscosity limited to viscosity ratio of 1.000000e+05 in 2324 cells 

 Reversed flow on 437 faces of pressure-outlet 7.
   250  6.4504e-01  1.1686e-04  1.1718e-04  1.1863e-04  3.5089e-03  9.7848e-03  2.4348e-03  0:06:55   50

 turbulent viscosity limited to viscosity ratio of 1.000000e+05 in 2306 cells 

 Reversed flow on 442 faces of pressure-outlet 7.
   251  6.4381e-01  1.1672e-04  1.1695e-04  1.1827e-04  3.4947e-03  9.7793e-03  2.4251e-03  0:06:43   49

 turbulent viscosity limited to viscosity ratio of 1.000000e+05 in 2275 cells 

 Reversed flow on 436 faces of pressure-outlet 7.
   252  6.4361e-01  1.1653e-04  1.1673e-04  1.1791e-04  3.4792e-03  9.6334e-03  2.4155e-03  0:06:43   48

 turbulent viscosity limited to viscosity ratio of 1.000000e+05 in 2254 cells 

 Reversed flow on 439 faces of pressure-outlet 7.
   253  6.4315e-01  1.1630e-04  1.1655e-04  1.1754e-04  3.4656e-03  9.4927e-03  2.4060e-03  0:06:31   47

 turbulent viscosity limited to viscosity ratio of 1.000000e+05 in 2235 cells 

 Reversed flow on 439 faces of pressure-outlet 7.
   254  6.4143e-01  1.1612e-04  1.1636e-04  1.1713e-04  3.4540e-03  9.6688e-03  2.3965e-03  0:06:19   46

 turbulent viscosity limited to viscosity ratio of 1.000000e+05 in 2224 cells 

 Reversed flow on 434 faces of pressure-outlet 7.

  iter  continuity  x-velocity  y-velocity  z-velocity           k     epsilon  vf-phase-2     time/iter
   255  6.4009e-01  1.1592e-04  1.1619e-04  1.1676e-04  3.4422e-03  9.7117e-03  2.3872e-03  0:06:09   45

 turbulent viscosity limited to viscosity ratio of 1.000000e+05 in 2203 cells 

 Reversed flow on 438 faces of pressure-outlet 7.
   256  6.3816e-01  1.1570e-04  1.1603e-04  1.1638e-04  3.4309e-03  9.5983e-03  2.3779e-03  0:06:08   44

 turbulent viscosity limited to viscosity ratio of 1.000000e+05 in 2183 cells 

 Reversed flow on 436 faces of pressure-outlet 7.
   257  6.3658e-01  1.1544e-04  1.1588e-04  1.1602e-04  3.4178e-03  9.3539e-03  2.3687e-03  0:05:56   43

 turbulent viscosity limited to viscosity ratio of 1.000000e+05 in 2161 cells 

 Reversed flow on 428 faces of pressure-outlet 7.
   258  6.3536e-01  1.1517e-04  1.1574e-04  1.1567e-04  3.4047e-03  9.0791e-03  2.3596e-03  0:05:46   42

 turbulent viscosity limited to viscosity ratio of 1.000000e+05 in 2142 cells 

 Reversed flow on 429 faces of pressure-outlet 7.
   259  6.3448e-01  1.1493e-04  1.1565e-04  1.1530e-04  3.3962e-03  9.2054e-03  2.3505e-03  0:05:44   41

 turbulent viscosity limited to viscosity ratio of 1.000000e+05 in 2125 cells 

 Reversed flow on 428 faces of pressure-outlet 7.
   260  6.3393e-01  1.1467e-04  1.1560e-04  1.1493e-04  3.3887e-03  9.5020e-03  2.3415e-03  0:05:32   40

 turbulent viscosity limited to viscosity ratio of 1.000000e+05 in 2115 cells 

 Reversed flow on 430 faces of pressure-outlet 7.
   261  6.3302e-01  1.1440e-04  1.1558e-04  1.1457e-04  3.3823e-03  9.4696e-03  2.3325e-03  0:05:22   39

 turbulent viscosity limited to viscosity ratio of 1.000000e+05 in 2101 cells 

 Reversed flow on 430 faces of pressure-outlet 7.
   262  6.3158e-01  1.1410e-04  1.1555e-04  1.1415e-04  3.3762e-03  9.6803e-03  2.3236e-03  0:05:19   38

 turbulent viscosity limited to viscosity ratio of 1.000000e+05 in 2089 cells 

 Reversed flow on 430 faces of pressure-outlet 7.
   263  6.3147e-01  1.1383e-04  1.1553e-04  1.1382e-04  3.3699e-03  9.4527e-03  2.3148e-03  0:05:08   37

 turbulent viscosity limited to viscosity ratio of 1.000000e+05 in 2077 cells 

 Reversed flow on 431 faces of pressure-outlet 7.
   264  6.3099e-01  1.1355e-04  1.1555e-04  1.1349e-04  3.3622e-03  9.2515e-03  2.3061e-03  0:04:57   36

 turbulent viscosity limited to viscosity ratio of 1.000000e+05 in 2064 cells 

 Reversed flow on 427 faces of pressure-outlet 7.
   265  6.2985e-01  1.1329e-04  1.1558e-04  1.1314e-04  3.3559e-03  9.6355e-03  2.2975e-03  0:04:54   35

 turbulent viscosity limited to viscosity ratio of 1.000000e+05 in 2056 cells 

 Reversed flow on 441 faces of pressure-outlet 7.

  iter  continuity  x-velocity  y-velocity  z-velocity           k     epsilon  vf-phase-2     time/iter
   266  6.2823e-01  1.1299e-04  1.1565e-04  1.1277e-04  3.3531e-03  9.8035e-03  2.2889e-03  0:04:43   34

 turbulent viscosity limited to viscosity ratio of 1.000000e+05 in 2047 cells 

 Reversed flow on 443 faces of pressure-outlet 7.
   267  6.2826e-01  1.1277e-04  1.1569e-04  1.1246e-04  3.3484e-03  9.5355e-03  2.2803e-03  0:04:33   33

 turbulent viscosity limited to viscosity ratio of 1.000000e+05 in 2038 cells 

 Reversed flow on 440 faces of pressure-outlet 7.
   268  6.2886e-01  1.1254e-04  1.1574e-04  1.1221e-04  3.3454e-03  9.7164e-03  2.2719e-03  0:04:23   32

 turbulent viscosity limited to viscosity ratio of 1.000000e+05 in 2027 cells 

 Reversed flow on 444 faces of pressure-outlet 7.
   269  6.2794e-01  1.1234e-04  1.1587e-04  1.1196e-04  3.3465e-03  1.0879e-02  2.2635e-03  0:04:19   31

 turbulent viscosity limited to viscosity ratio of 1.000000e+05 in 2015 cells 

 Reversed flow on 437 faces of pressure-outlet 7.
   270  6.2772e-01  1.1208e-04  1.1590e-04  1.1172e-04  3.3408e-03  1.0187e-02  2.2551e-03  0:04:09   30

 turbulent viscosity limited to viscosity ratio of 1.000000e+05 in 2007 cells 

 Reversed flow on 442 faces of pressure-outlet 7.
   271  6.2644e-01  1.1180e-04  1.1598e-04  1.1150e-04  3.3402e-03  1.0187e-02  2.2468e-03  0:03:59   29

 turbulent viscosity limited to viscosity ratio of 1.000000e+05 in 1995 cells 

 Reversed flow on 441 faces of pressure-outlet 7.
   272  6.2559e-01  1.1154e-04  1.1605e-04  1.1125e-04  3.3360e-03  9.8272e-03  2.2386e-03  0:03:55   28

 turbulent viscosity limited to viscosity ratio of 1.000000e+05 in 1989 cells 

 Reversed flow on 441 faces of pressure-outlet 7.
   273  6.2447e-01  1.1128e-04  1.1612e-04  1.1110e-04  3.3338e-03  9.6964e-03  2.2304e-03  0:03:44   27

 turbulent viscosity limited to viscosity ratio of 1.000000e+05 in 1970 cells 

 Reversed flow on 443 faces of pressure-outlet 7.
   274  6.2381e-01  1.1101e-04  1.1619e-04  1.1091e-04  3.3325e-03  1.0329e-02  2.2222e-03  0:03:34   26

 turbulent viscosity limited to viscosity ratio of 1.000000e+05 in 1954 cells 

 Reversed flow on 441 faces of pressure-outlet 7.
   275  6.2368e-01  1.1074e-04  1.1627e-04  1.1072e-04  3.3301e-03  1.0603e-02  2.2142e-03  0:03:30   25

 turbulent viscosity limited to viscosity ratio of 1.000000e+05 in 1943 cells 

 Reversed flow on 447 faces of pressure-outlet 7.
   276  6.2376e-01  1.1049e-04  1.1637e-04  1.1053e-04  3.3298e-03  1.0144e-02  2.2061e-03  0:03:20   24

 turbulent viscosity limited to viscosity ratio of 1.000000e+05 in 1931 cells 

 Reversed flow on 446 faces of pressure-outlet 7.

  iter  continuity  x-velocity  y-velocity  z-velocity           k     epsilon  vf-phase-2     time/iter
   277  6.2352e-01  1.1021e-04  1.1643e-04  1.1035e-04  3.3217e-03  9.5722e-03  2.1981e-03  0:03:14   23

 turbulent viscosity limited to viscosity ratio of 1.000000e+05 in 1915 cells 

 Reversed flow on 435 faces of pressure-outlet 7.
   278  6.2377e-01  1.0994e-04  1.1649e-04  1.1020e-04  3.3251e-03  1.3311e-02  2.1902e-03  0:03:04   22

 turbulent viscosity limited to viscosity ratio of 1.000000e+05 in 1907 cells 

 Reversed flow on 445 faces of pressure-outlet 7.
   279  6.2340e-01  1.0970e-04  1.1661e-04  1.1006e-04  3.3184e-03  1.1306e-02  2.1823e-03  0:02:54   21

 turbulent viscosity limited to viscosity ratio of 1.000000e+05 in 1887 cells 

 Reversed flow on 448 faces of pressure-outlet 7.
   280  6.2381e-01  1.0950e-04  1.1669e-04  1.0997e-04  3.3215e-03  1.1825e-02  2.1745e-03  0:02:49   20

 turbulent viscosity limited to viscosity ratio of 1.000000e+05 in 1871 cells 

 Reversed flow on 455 faces of pressure-outlet 7.
   281  6.2326e-01  1.0928e-04  1.1675e-04  1.0981e-04  3.3130e-03  1.0395e-02  2.1668e-03  0:02:39   19

 turbulent viscosity limited to viscosity ratio of 1.000000e+05 in 1862 cells 

 Reversed flow on 460 faces of pressure-outlet 7.
   282  6.2286e-01  1.0905e-04  1.1680e-04  1.0965e-04  3.3052e-03  9.6704e-03  2.1591e-03  0:02:29   18

 turbulent viscosity limited to viscosity ratio of 1.000000e+05 in 1849 cells 

 Reversed flow on 462 faces of pressure-outlet 7.
   283  6.2323e-01  1.0886e-04  1.1688e-04  1.0952e-04  3.3026e-03  1.0625e-02  2.1515e-03  0:02:20   17

 turbulent viscosity limited to viscosity ratio of 1.000000e+05 in 1838 cells 

 Reversed flow on 469 faces of pressure-outlet 7.
   284  6.2334e-01  1.0871e-04  1.1692e-04  1.0946e-04  3.2953e-03  1.0001e-02  2.1439e-03  0:02:14   16

 turbulent viscosity limited to viscosity ratio of 1.000000e+05 in 1827 cells 

 Reversed flow on 471 faces of pressure-outlet 7.
   285  6.2322e-01  1.0851e-04  1.1701e-04  1.0936e-04  3.2883e-03  9.5267e-03  2.1363e-03  0:02:05   15

 turbulent viscosity limited to viscosity ratio of 1.000000e+05 in 1815 cells 

 Reversed flow on 472 faces of pressure-outlet 7.
   286  6.2279e-01  1.0831e-04  1.1706e-04  1.0929e-04  3.2813e-03  9.6562e-03  2.1288e-03  0:01:55   14

 turbulent viscosity limited to viscosity ratio of 1.000000e+05 in 1808 cells 

 Reversed flow on 484 faces of pressure-outlet 7.
   287  6.2353e-01  1.0816e-04  1.1715e-04  1.0928e-04  3.2745e-03  9.3898e-03  2.1214e-03  0:01:49   13

 turbulent viscosity limited to viscosity ratio of 1.000000e+05 in 1800 cells 

 Reversed flow on 481 faces of pressure-outlet 7.

  iter  continuity  x-velocity  y-velocity  z-velocity           k     epsilon  vf-phase-2     time/iter
   288  6.2364e-01  1.0798e-04  1.1723e-04  1.0921e-04  3.2660e-03  8.9838e-03  2.1140e-03  0:01:40   12

 turbulent viscosity limited to viscosity ratio of 1.000000e+05 in 1790 cells 

 Reversed flow on 491 faces of pressure-outlet 7.
   289  6.2424e-01  1.0781e-04  1.1732e-04  1.0917e-04  3.2567e-03  8.9732e-03  2.1066e-03  0:01:31   11

 turbulent viscosity limited to viscosity ratio of 1.000000e+05 in 1784 cells 

 Reversed flow on 491 faces of pressure-outlet 7.
   290  6.2503e-01  1.0764e-04  1.1741e-04  1.0916e-04  3.2462e-03  8.2802e-03  2.0993e-03  0:01:24   10

 turbulent viscosity limited to viscosity ratio of 1.000000e+05 in 1774 cells 

 Reversed flow on 485 faces of pressure-outlet 7.
   291  6.2534e-01  1.0749e-04  1.1748e-04  1.0915e-04  3.2390e-03  8.6238e-03  2.0920e-03  0:01:15    9

 turbulent viscosity limited to viscosity ratio of 1.000000e+05 in 1760 cells 

 Reversed flow on 498 faces of pressure-outlet 7.
   292  6.2494e-01  1.0737e-04  1.1754e-04  1.0912e-04  3.2302e-03  8.5719e-03  2.0848e-03  0:01:06    8

 turbulent viscosity limited to viscosity ratio of 1.000000e+05 in 1749 cells 

 Reversed flow on 509 faces of pressure-outlet 7.
   293  6.2554e-01  1.0725e-04  1.1762e-04  1.0912e-04  3.2203e-03  7.9782e-03  2.0777e-03  0:00:57    7

 turbulent viscosity limited to viscosity ratio of 1.000000e+05 in 1733 cells 

 Reversed flow on 515 faces of pressure-outlet 7.
   294  6.2445e-01  1.0710e-04  1.1769e-04  1.0912e-04  3.2128e-03  8.0046e-03  2.0706e-03  0:00:50    6

 turbulent viscosity limited to viscosity ratio of 1.000000e+05 in 1720 cells 

 Reversed flow on 505 faces of pressure-outlet 7.
   295  6.2501e-01  1.0691e-04  1.1775e-04  1.0911e-04  3.2053e-03  7.7340e-03  2.0635e-03  0:00:41    5

 turbulent viscosity limited to viscosity ratio of 1.000000e+05 in 1706 cells 

 Reversed flow on 493 faces of pressure-outlet 7.
   296  6.2576e-01  1.0679e-04  1.1786e-04  1.0910e-04  3.1977e-03  8.0201e-03  2.0566e-03  0:00:33    4

 turbulent viscosity limited to viscosity ratio of 1.000000e+05 in 1702 cells 

 Reversed flow on 501 faces of pressure-outlet 7.
   297  6.2653e-01  1.0669e-04  1.1796e-04  1.0911e-04  3.1927e-03  7.8910e-03  2.0496e-03  0:00:25    3

 turbulent viscosity limited to viscosity ratio of 1.000000e+05 in 1695 cells 

 Reversed flow on 513 faces of pressure-outlet 7.
   298  6.2624e-01  1.0656e-04  1.1813e-04  1.0913e-04  3.1901e-03  7.8698e-03  2.0427e-03  0:00:17    2

 turbulent viscosity limited to viscosity ratio of 1.000000e+05 in 1687 cells 

 Reversed flow on 507 faces of pressure-outlet 7.

  iter  continuity  x-velocity  y-velocity  z-velocity           k     epsilon  vf-phase-2     time/iter
   299  6.2623e-01  1.0638e-04  1.1829e-04  1.0917e-04  3.1870e-03  7.7520e-03  2.0358e-03  0:00:08    1

 turbulent viscosity limited to viscosity ratio of 1.000000e+05 in 1675 cells 

 Reversed flow on 509 faces of pressure-outlet 7.
   300  6.2646e-01  1.0622e-04  1.1843e-04  1.0918e-04  3.1849e-03  8.3946e-03  2.0291e-03  0:00:00    0
iterate_300: RPC returned
progress: 300/1500

  iter  continuity  x-velocity  y-velocity  z-velocity           k     epsilon  vf-phase-2     time/iter
   300  6.2646e-01  1.0622e-04  1.1843e-04  1.0918e-04  3.1849e-03  8.3946e-03  2.0291e-03  0:14:00  100

 turbulent viscosity limited to viscosity ratio of 1.000000e+05 in 1666 cells 

 Reversed flow on 517 faces of pressure-outlet 7.
   301  6.2778e-01  1.0606e-04  1.1857e-04  1.0918e-04  3.1834e-03  7.9305e-03  2.0223e-03  0:14:23   99

 turbulent viscosity limited to viscosity ratio of 1.000000e+05 in 1656 cells 

 Reversed flow on 511 faces of pressure-outlet 7.
   302  6.2809e-01  1.0592e-04  1.1873e-04  1.0916e-04  3.1813e-03  7.7371e-03  2.0156e-03  0:14:00   98

 turbulent viscosity limited to viscosity ratio of 1.000000e+05 in 1652 cells 

 Reversed flow on 512 faces of pressure-outlet 7.
   303  6.2872e-01  1.0582e-04  1.1885e-04  1.0909e-04  3.1786e-03  7.7316e-03  2.0089e-03  0:14:00   97

 turbulent viscosity limited to viscosity ratio of 1.000000e+05 in 1646 cells 

 Reversed flow on 522 faces of pressure-outlet 7.
   304  6.2973e-01  1.0570e-04  1.1901e-04  1.0911e-04  3.1769e-03  7.5165e-03  2.0023e-03  0:13:58   96

 turbulent viscosity limited to viscosity ratio of 1.000000e+05 in 1638 cells 

 Reversed flow on 520 faces of pressure-outlet 7.
   305  6.3019e-01  1.0554e-04  1.1919e-04  1.0912e-04  3.1765e-03  7.3295e-03  1.9957e-03  0:13:35   95

 turbulent viscosity limited to viscosity ratio of 1.000000e+05 in 1628 cells 

 Reversed flow on 527 faces of pressure-outlet 7.
   306  6.3119e-01  1.0539e-04  1.1931e-04  1.0913e-04  3.1768e-03  7.3121e-03  1.9892e-03  0:13:35   94

 turbulent viscosity limited to viscosity ratio of 1.000000e+05 in 1618 cells 

 Reversed flow on 530 faces of pressure-outlet 7.
   307  6.3187e-01  1.0526e-04  1.1944e-04  1.0915e-04  3.1740e-03  7.1095e-03  1.9826e-03  0:13:14   93

 turbulent viscosity limited to viscosity ratio of 1.000000e+05 in 1606 cells 

 Reversed flow on 529 faces of pressure-outlet 7.
   308  6.3166e-01  1.0508e-04  1.1951e-04  1.0917e-04  3.1734e-03  7.3115e-03  1.9761e-03  0:13:14   92

 turbulent viscosity limited to viscosity ratio of 1.000000e+05 in 1599 cells 

 Reversed flow on 533 faces of pressure-outlet 7.
   309  6.3212e-01  1.0491e-04  1.1962e-04  1.0921e-04  3.1718e-03  7.2581e-03  1.9697e-03  0:12:54   91

 turbulent viscosity limited to viscosity ratio of 1.000000e+05 in 1591 cells 

 Reversed flow on 536 faces of pressure-outlet 7.
   310  6.3243e-01  1.0475e-04  1.1976e-04  1.0925e-04  3.1714e-03  7.4353e-03  1.9633e-03  0:12:36   90

 turbulent viscosity limited to viscosity ratio of 1.000000e+05 in 1577 cells 

 Reversed flow on 545 faces of pressure-outlet 7.

  iter  continuity  x-velocity  y-velocity  z-velocity           k     epsilon  vf-phase-2     time/iter
   311  6.3225e-01  1.0468e-04  1.1990e-04  1.0928e-04  3.1683e-03  7.1186e-03  1.9570e-03  0:12:21   89

 turbulent viscosity limited to viscosity ratio of 1.000000e+05 in 1575 cells 

 Reversed flow on 555 faces of pressure-outlet 7.
   312  6.3213e-01  1.0450e-04  1.2000e-04  1.0926e-04  3.1685e-03  7.1854e-03  1.9507e-03  0:12:24   88

 turbulent viscosity limited to viscosity ratio of 1.000000e+05 in 1568 cells 

 Reversed flow on 547 faces of pressure-outlet 7.
   313  6.3301e-01  1.0433e-04  1.2009e-04  1.0931e-04  3.1678e-03  7.1592e-03  1.9444e-03  0:12:08   87

 turbulent viscosity limited to viscosity ratio of 1.000000e+05 in 1562 cells 

 Reversed flow on 541 faces of pressure-outlet 7.
   314  6.3318e-01  1.0417e-04  1.2020e-04  1.0931e-04  3.1663e-03  7.1502e-03  1.9381e-03  0:11:53   86

 turbulent viscosity limited to viscosity ratio of 1.000000e+05 in 1557 cells 

 Reversed flow on 554 faces of pressure-outlet 7.
   315  6.3348e-01  1.0407e-04  1.2029e-04  1.0929e-04  3.1659e-03  7.1063e-03  1.9319e-03  0:11:57   85

 turbulent viscosity limited to viscosity ratio of 1.000000e+05 in 1554 cells 

 Reversed flow on 560 faces of pressure-outlet 7.
   316  6.3376e-01  1.0394e-04  1.2037e-04  1.0933e-04  3.1652e-03  7.1357e-03  1.9257e-03  0:11:41   84

 turbulent viscosity limited to viscosity ratio of 1.000000e+05 in 1547 cells 

 Reversed flow on 570 faces of pressure-outlet 7.
   317  6.3394e-01  1.0381e-04  1.2042e-04  1.0937e-04  3.1654e-03  7.0721e-03  1.9196e-03  0:11:27   83

 turbulent viscosity limited to viscosity ratio of 1.000000e+05 in 1537 cells 

 Reversed flow on 561 faces of pressure-outlet 7.
   318  6.3459e-01  1.0370e-04  1.2049e-04  1.0937e-04  3.1636e-03  7.1008e-03  1.9135e-03  0:11:31   82

 turbulent viscosity limited to viscosity ratio of 1.000000e+05 in 1529 cells 

 Reversed flow on 564 faces of pressure-outlet 7.
   319  6.3458e-01  1.0360e-04  1.2053e-04  1.0936e-04  3.1613e-03  7.0042e-03  1.9075e-03  0:11:15   81

 turbulent viscosity limited to viscosity ratio of 1.000000e+05 in 1525 cells 

 Reversed flow on 583 faces of pressure-outlet 7.
   320  6.3560e-01  1.0349e-04  1.2057e-04  1.0936e-04  3.1587e-03  6.9847e-03  1.9014e-03  0:11:02   80

 turbulent viscosity limited to viscosity ratio of 1.000000e+05 in 1520 cells 

 Reversed flow on 585 faces of pressure-outlet 7.
   321  6.3613e-01  1.0337e-04  1.2062e-04  1.0932e-04  3.1563e-03  7.0354e-03  1.8954e-03  0:10:49   79

 turbulent viscosity limited to viscosity ratio of 1.000000e+05 in 1516 cells 

 Reversed flow on 580 faces of pressure-outlet 7.

  iter  continuity  x-velocity  y-velocity  z-velocity           k     epsilon  vf-phase-2     time/iter
   322  6.3579e-01  1.0323e-04  1.2065e-04  1.0929e-04  3.1533e-03  7.0318e-03  1.8894e-03  0:10:53   78

 turbulent viscosity limited to viscosity ratio of 1.000000e+05 in 1511 cells 

 Reversed flow on 586 faces of pressure-outlet 7.
   323  6.3584e-01  1.0312e-04  1.2068e-04  1.0933e-04  3.1511e-03  7.0173e-03  1.8835e-03  0:10:39   77

 turbulent viscosity limited to viscosity ratio of 1.000000e+05 in 1509 cells 

 Reversed flow on 587 faces of pressure-outlet 7.
   324  6.3569e-01  1.0299e-04  1.2073e-04  1.0931e-04  3.1476e-03  7.0273e-03  1.8776e-03  0:10:26   76

 turbulent viscosity limited to viscosity ratio of 1.000000e+05 in 1502 cells 

 Reversed flow on 591 faces of pressure-outlet 7.
   325  6.3619e-01  1.0290e-04  1.2079e-04  1.0925e-04  3.1450e-03  7.0990e-03  1.8717e-03  0:10:29   75

 turbulent viscosity limited to viscosity ratio of 1.000000e+05 in 1494 cells 

 Reversed flow on 587 faces of pressure-outlet 7.
   326  6.3653e-01  1.0278e-04  1.2083e-04  1.0920e-04  3.1422e-03  6.9340e-03  1.8659e-03  0:10:15   74

 turbulent viscosity limited to viscosity ratio of 1.000000e+05 in 1487 cells 

 Reversed flow on 593 faces of pressure-outlet 7.
   327  6.3611e-01  1.0270e-04  1.2078e-04  1.0913e-04  3.1393e-03  6.9034e-03  1.8601e-03  0:10:02   73

 turbulent viscosity limited to viscosity ratio of 1.000000e+05 in 1483 cells 

 Reversed flow on 587 faces of pressure-outlet 7.
   328  6.3570e-01  1.0262e-04  1.2079e-04  1.0905e-04  3.1354e-03  6.7974e-03  1.8543e-03  0:10:05   72

 turbulent viscosity limited to viscosity ratio of 1.000000e+05 in 1474 cells 

 Reversed flow on 588 faces of pressure-outlet 7.
   329  6.3528e-01  1.0250e-04  1.2073e-04  1.0897e-04  3.1312e-03  6.7597e-03  1.8486e-03  0:09:51   71

 turbulent viscosity limited to viscosity ratio of 1.000000e+05 in 1466 cells 

 Reversed flow on 589 faces of pressure-outlet 7.
   330  6.3462e-01  1.0241e-04  1.2078e-04  1.0891e-04  3.1286e-03  6.9704e-03  1.8429e-03  0:09:38   70

 turbulent viscosity limited to viscosity ratio of 1.000000e+05 in 1461 cells 

 Reversed flow on 594 faces of pressure-outlet 7.
   331  6.3455e-01  1.0230e-04  1.2075e-04  1.0881e-04  3.1250e-03  6.8825e-03  1.8373e-03  0:09:26   69

 turbulent viscosity limited to viscosity ratio of 1.000000e+05 in 1454 cells 

 Reversed flow on 598 faces of pressure-outlet 7.
   332  6.3422e-01  1.0222e-04  1.2066e-04  1.0869e-04  3.1215e-03  6.8412e-03  1.8317e-03  0:09:29   68

 turbulent viscosity limited to viscosity ratio of 1.000000e+05 in 1447 cells 

 Reversed flow on 588 faces of pressure-outlet 7.

  iter  continuity  x-velocity  y-velocity  z-velocity           k     epsilon  vf-phase-2     time/iter
   333  6.3393e-01  1.0212e-04  1.2054e-04  1.0855e-04  3.1164e-03  6.8438e-03  1.8261e-03  0:09:16   67

 turbulent viscosity limited to viscosity ratio of 1.000000e+05 in 1442 cells 

 Reversed flow on 586 faces of pressure-outlet 7.
   334  6.3306e-01  1.0199e-04  1.2042e-04  1.0844e-04  3.1123e-03  6.8213e-03  1.8206e-03  0:09:03   66

 turbulent viscosity limited to viscosity ratio of 1.000000e+05 in 1436 cells 

 Reversed flow on 588 faces of pressure-outlet 7.
   335  6.3272e-01  1.0188e-04  1.2028e-04  1.0821e-04  3.1076e-03  6.9345e-03  1.8151e-03  0:09:05   65

 turbulent viscosity limited to viscosity ratio of 1.000000e+05 in 1430 cells 

 Reversed flow on 603 faces of pressure-outlet 7.
   336  6.3266e-01  1.0176e-04  1.2012e-04  1.0799e-04  3.1026e-03  6.8980e-03  1.8096e-03  0:08:52   64

 turbulent viscosity limited to viscosity ratio of 1.000000e+05 in 1427 cells 

 Reversed flow on 588 faces of pressure-outlet 7.
   337  6.3227e-01  1.0161e-04  1.1991e-04  1.0775e-04  3.0969e-03  6.8690e-03  1.8041e-03  0:08:40   63

 turbulent viscosity limited to viscosity ratio of 1.000000e+05 in 1424 cells 

 Reversed flow on 584 faces of pressure-outlet 7.
   338  6.3181e-01  1.0144e-04  1.1969e-04  1.0750e-04  3.0904e-03  6.7226e-03  1.7987e-03  0:08:41   62

 turbulent viscosity limited to viscosity ratio of 1.000000e+05 in 1420 cells 

 Reversed flow on 595 faces of pressure-outlet 7.
   339  6.3086e-01  1.0124e-04  1.1944e-04  1.0727e-04  3.0855e-03  6.6458e-03  1.7933e-03  0:08:27   61

 turbulent viscosity limited to viscosity ratio of 1.000000e+05 in 1412 cells 

 Reversed flow on 593 faces of pressure-outlet 7.
   340  6.2995e-01  1.0106e-04  1.1921e-04  1.0705e-04  3.0801e-03  6.6075e-03  1.7879e-03  0:08:15   60

 turbulent viscosity limited to viscosity ratio of 1.000000e+05 in 1406 cells 

 Reversed flow on 598 faces of pressure-outlet 7.
   341  6.2841e-01  1.0088e-04  1.1895e-04  1.0682e-04  3.0757e-03  6.7586e-03  1.7826e-03  0:08:16   59

 turbulent viscosity limited to viscosity ratio of 1.000000e+05 in 1401 cells 

 Reversed flow on 586 faces of pressure-outlet 7.
   342  6.2784e-01  1.0071e-04  1.1869e-04  1.0659e-04  3.0712e-03  6.7186e-03  1.7774e-03  0:08:03   58

 turbulent viscosity limited to viscosity ratio of 1.000000e+05 in 1398 cells 

 Reversed flow on 592 faces of pressure-outlet 7.
   343  6.2733e-01  1.0056e-04  1.1842e-04  1.0633e-04  3.0668e-03  6.7218e-03  1.7721e-03  0:07:51   57

 turbulent viscosity limited to viscosity ratio of 1.000000e+05 in 1393 cells 

 Reversed flow on 600 faces of pressure-outlet 7.

  iter  continuity  x-velocity  y-velocity  z-velocity           k     epsilon  vf-phase-2     time/iter
   344  6.2673e-01  1.0037e-04  1.1814e-04  1.0602e-04  3.0621e-03  6.6320e-03  1.7669e-03  0:07:51   56

 turbulent viscosity limited to viscosity ratio of 1.000000e+05 in 1385 cells 

 Reversed flow on 598 faces of pressure-outlet 7.
   345  6.2544e-01  1.0013e-04  1.1784e-04  1.0574e-04  3.0589e-03  6.7070e-03  1.7618e-03  0:07:38   55

 turbulent viscosity limited to viscosity ratio of 1.000000e+05 in 1380 cells 

 Reversed flow on 600 faces of pressure-outlet 7.
   346  6.2434e-01  9.9901e-05  1.1751e-04  1.0546e-04  3.0543e-03  6.5203e-03  1.7567e-03  0:07:26   54

 turbulent viscosity limited to viscosity ratio of 1.000000e+05 in 1374 cells 

 Reversed flow on 584 faces of pressure-outlet 7.
   347  6.2404e-01  9.9738e-05  1.1719e-04  1.0516e-04  3.0503e-03  6.5688e-03  1.7516e-03  0:07:15   53

 turbulent viscosity limited to viscosity ratio of 1.000000e+05 in 1367 cells 

 Reversed flow on 589 faces of pressure-outlet 7.
   348  6.2330e-01  9.9525e-05  1.1687e-04  1.0489e-04  3.0455e-03  6.4834e-03  1.7466e-03  0:07:15   52

 turbulent viscosity limited to viscosity ratio of 1.000000e+05 in 1362 cells 

 Reversed flow on 583 faces of pressure-outlet 7.
   349  6.2256e-01  9.9285e-05  1.1655e-04  1.0460e-04  3.0420e-03  6.7086e-03  1.7417e-03  0:07:03   51

 turbulent viscosity limited to viscosity ratio of 1.000000e+05 in 1360 cells 

 Reversed flow on 573 faces of pressure-outlet 7.
   350  6.2157e-01  9.9064e-05  1.1618e-04  1.0428e-04  3.0368e-03  6.6838e-03  1.7369e-03  0:06:52   50

 turbulent viscosity limited to viscosity ratio of 1.000000e+05 in 1356 cells 

 Reversed flow on 579 faces of pressure-outlet 7.
   351  6.2058e-01  9.8873e-05  1.1582e-04  1.0398e-04  3.0324e-03  6.8004e-03  1.7321e-03  0:06:51   49

 turbulent viscosity limited to viscosity ratio of 1.000000e+05 in 1352 cells 

 Reversed flow on 597 faces of pressure-outlet 7.
   352  6.1941e-01  9.8678e-05  1.1548e-04  1.0371e-04  3.0276e-03  6.6823e-03  1.7273e-03  0:06:39   48

 turbulent viscosity limited to viscosity ratio of 1.000000e+05 in 1343 cells 

 Reversed flow on 599 faces of pressure-outlet 7.
   353  6.1768e-01  9.8477e-05  1.1519e-04  1.0348e-04  3.0210e-03  6.5546e-03  1.7227e-03  0:06:28   47

 turbulent viscosity limited to viscosity ratio of 1.000000e+05 in 1343 cells 

 Reversed flow on 599 faces of pressure-outlet 7.
   354  6.1702e-01  9.8297e-05  1.1485e-04  1.0321e-04  3.0158e-03  6.6535e-03  1.7180e-03  0:06:26   46

 turbulent viscosity limited to viscosity ratio of 1.000000e+05 in 1337 cells 

 Reversed flow on 587 faces of pressure-outlet 7.

  iter  continuity  x-velocity  y-velocity  z-velocity           k     epsilon  vf-phase-2     time/iter
   355  6.1547e-01  9.8166e-05  1.1446e-04  1.0293e-04  3.0103e-03  6.6821e-03  1.7135e-03  0:06:14   45

 turbulent viscosity limited to viscosity ratio of 1.000000e+05 in 1332 cells 

 Reversed flow on 589 faces of pressure-outlet 7.
   356  6.1387e-01  9.7966e-05  1.1406e-04  1.0265e-04  3.0054e-03  7.2353e-03  1.7090e-03  0:06:03   44

 turbulent viscosity limited to viscosity ratio of 1.000000e+05 in 1330 cells 

 Reversed flow on 599 faces of pressure-outlet 7.
   357  6.1355e-01  9.7794e-05  1.1371e-04  1.0242e-04  2.9984e-03  6.9016e-03  1.7046e-03  0:06:01   43

 turbulent viscosity limited to viscosity ratio of 1.000000e+05 in 1327 cells 

 Reversed flow on 596 faces of pressure-outlet 7.
   358  6.1227e-01  9.7593e-05  1.1337e-04  1.0212e-04  2.9947e-03  7.0330e-03  1.7002e-03  0:05:50   42

 turbulent viscosity limited to viscosity ratio of 1.000000e+05 in 1325 cells 

 Reversed flow on 596 faces of pressure-outlet 7.
   359  6.0984e-01  9.7442e-05  1.1291e-04  1.0186e-04  2.9844e-03  6.6966e-03  1.6959e-03  0:05:39   41

 turbulent viscosity limited to viscosity ratio of 1.000000e+05 in 1322 cells 

 Reversed flow on 599 faces of pressure-outlet 7.
   360  6.0994e-01  9.7300e-05  1.1248e-04  1.0154e-04  2.9763e-03  6.6826e-03  1.6916e-03  0:05:28   40

 turbulent viscosity limited to viscosity ratio of 1.000000e+05 in 1319 cells 

 Reversed flow on 600 faces of pressure-outlet 7.
   361  6.0882e-01  9.7081e-05  1.1207e-04  1.0123e-04  2.9687e-03  6.7550e-03  1.6874e-03  0:05:26   39

 turbulent viscosity limited to viscosity ratio of 1.000000e+05 in 1315 cells 

 Reversed flow on 600 faces of pressure-outlet 7.
   362  6.0761e-01  9.6843e-05  1.1162e-04  1.0095e-04  2.9593e-03  6.6413e-03  1.6831e-03  0:05:15   38

 turbulent viscosity limited to viscosity ratio of 1.000000e+05 in 1311 cells 

 Reversed flow on 600 faces of pressure-outlet 7.
   363  6.0535e-01  9.6578e-05  1.1123e-04  1.0066e-04  2.9504e-03  6.6460e-03  1.6789e-03  0:05:05   37

 turbulent viscosity limited to viscosity ratio of 1.000000e+05 in 1305 cells 

 Reversed flow on 607 faces of pressure-outlet 7.
   364  6.0269e-01  9.6376e-05  1.1080e-04  1.0037e-04  2.9420e-03  6.6351e-03  1.6748e-03  0:05:02   36

 turbulent viscosity limited to viscosity ratio of 1.000000e+05 in 1300 cells 

 Reversed flow on 595 faces of pressure-outlet 7.
   365  6.0162e-01  9.6191e-05  1.1038e-04  1.0006e-04  2.9321e-03  6.5872e-03  1.6707e-03  0:04:51   35

 turbulent viscosity limited to viscosity ratio of 1.000000e+05 in 1297 cells 

 Reversed flow on 608 faces of pressure-outlet 7.

  iter  continuity  x-velocity  y-velocity  z-velocity           k     epsilon  vf-phase-2     time/iter
   366  5.9983e-01  9.6041e-05  1.0996e-04  9.9745e-05  2.9215e-03  6.7518e-03  1.6666e-03  0:04:40   34

 turbulent viscosity limited to viscosity ratio of 1.000000e+05 in 1291 cells 

 Reversed flow on 614 faces of pressure-outlet 7.
   367  5.9855e-01  9.5853e-05  1.0956e-04  9.9404e-05  2.9102e-03  6.6314e-03  1.6626e-03  0:04:37   33

 turbulent viscosity limited to viscosity ratio of 1.000000e+05 in 1285 cells 

 Reversed flow on 611 faces of pressure-outlet 7.
   368  5.9752e-01  9.5652e-05  1.0912e-04  9.9094e-05  2.8999e-03  6.7005e-03  1.6586e-03  0:04:26   32

 turbulent viscosity limited to viscosity ratio of 1.000000e+05 in 1285 cells 

 Reversed flow on 610 faces of pressure-outlet 7.
   369  5.9618e-01  9.5441e-05  1.0871e-04  9.8725e-05  2.8895e-03  6.6640e-03  1.6547e-03  0:04:22   31

 turbulent viscosity limited to viscosity ratio of 1.000000e+05 in 1285 cells 

 Reversed flow on 610 faces of pressure-outlet 7.
   370  5.9535e-01  9.5271e-05  1.0826e-04  9.8440e-05  2.8795e-03  6.6304e-03  1.6509e-03  0:04:11   30

 turbulent viscosity limited to viscosity ratio of 1.000000e+05 in 1283 cells 

 Reversed flow on 620 faces of pressure-outlet 7.
   371  5.9335e-01  9.5072e-05  1.0785e-04  9.8062e-05  2.8696e-03  6.6098e-03  1.6471e-03  0:04:00   29

 turbulent viscosity limited to viscosity ratio of 1.000000e+05 in 1279 cells 

 Reversed flow on 615 faces of pressure-outlet 7.
   372  5.9228e-01  9.4846e-05  1.0747e-04  9.7716e-05  2.8609e-03  6.6242e-03  1.6434e-03  0:03:51   28

 turbulent viscosity limited to viscosity ratio of 1.000000e+05 in 1277 cells 

 Reversed flow on 613 faces of pressure-outlet 7.
   373  5.9106e-01  9.4614e-05  1.0709e-04  9.7362e-05  2.8513e-03  6.5653e-03  1.6399e-03  0:03:46   27

 turbulent viscosity limited to viscosity ratio of 1.000000e+05 in 1274 cells 

 Reversed flow on 614 faces of pressure-outlet 7.
   374  5.8977e-01  9.4423e-05  1.0672e-04  9.6987e-05  2.8419e-03  6.6232e-03  1.6364e-03  0:03:41   26

 turbulent viscosity limited to viscosity ratio of 1.000000e+05 in 1272 cells 

 Reversed flow on 626 faces of pressure-outlet 7.
   375  5.8803e-01  9.4206e-05  1.0634e-04  9.6609e-05  2.8318e-03  6.5098e-03  1.6331e-03  0:03:30   25

 turbulent viscosity limited to viscosity ratio of 1.000000e+05 in 1268 cells 

 Reversed flow on 620 faces of pressure-outlet 7.
   376  5.8683e-01  9.3993e-05  1.0595e-04  9.6235e-05  2.8195e-03  6.4024e-03  1.6298e-03  0:03:20   24

 turbulent viscosity limited to viscosity ratio of 1.000000e+05 in 1265 cells 

 Reversed flow on 631 faces of pressure-outlet 7.

  iter  continuity  x-velocity  y-velocity  z-velocity           k     epsilon  vf-phase-2     time/iter
   377  5.8596e-01  9.3804e-05  1.0559e-04  9.5873e-05  2.8068e-03  6.4158e-03  1.6266e-03  0:03:10   23

 turbulent viscosity limited to viscosity ratio of 1.000000e+05 in 1260 cells 

 Reversed flow on 623 faces of pressure-outlet 7.
   378  5.8545e-01  9.3618e-05  1.0526e-04  9.5506e-05  2.7963e-03  6.3936e-03  1.6235e-03  0:03:05   22

 turbulent viscosity limited to viscosity ratio of 1.000000e+05 in 1257 cells 

 Reversed flow on 621 faces of pressure-outlet 7.
   379  5.8457e-01  9.3410e-05  1.0490e-04  9.5185e-05  2.7860e-03  6.4484e-03  1.6205e-03  0:02:55   21

 turbulent viscosity limited to viscosity ratio of 1.000000e+05 in 1253 cells 

 Reversed flow on 629 faces of pressure-outlet 7.
   380  5.8325e-01  9.3204e-05  1.0453e-04  9.4836e-05  2.7758e-03  6.3326e-03  1.6175e-03  0:02:45   20

 turbulent viscosity limited to viscosity ratio of 1.000000e+05 in 1251 cells 

 Reversed flow on 638 faces of pressure-outlet 7.
   381  5.8199e-01  9.3054e-05  1.0419e-04  9.4522e-05  2.7666e-03  6.2940e-03  1.6146e-03  0:02:40   19

 turbulent viscosity limited to viscosity ratio of 1.000000e+05 in 1247 cells 

 Reversed flow on 623 faces of pressure-outlet 7.
   382  5.8136e-01  9.2866e-05  1.0379e-04  9.4203e-05  2.7569e-03  6.3860e-03  1.6118e-03  0:02:30   18

 turbulent viscosity limited to viscosity ratio of 1.000000e+05 in 1243 cells 

 Reversed flow on 631 faces of pressure-outlet 7.
   383  5.8011e-01  9.2676e-05  1.0342e-04  9.3882e-05  2.7476e-03  6.4580e-03  1.6090e-03  0:02:20   17

 turbulent viscosity limited to viscosity ratio of 1.000000e+05 in 1237 cells 

 Reversed flow on 631 faces of pressure-outlet 7.
   384  5.7818e-01  9.2458e-05  1.0306e-04  9.3559e-05  2.7374e-03  6.2706e-03  1.6062e-03  0:02:15   16

 turbulent viscosity limited to viscosity ratio of 1.000000e+05 in 1236 cells 

 Reversed flow on 624 faces of pressure-outlet 7.
   385  5.7701e-01  9.2269e-05  1.0273e-04  9.3226e-05  2.7282e-03  6.3006e-03  1.6036e-03  0:02:05   15

 turbulent viscosity limited to viscosity ratio of 1.000000e+05 in 1235 cells 

 Reversed flow on 614 faces of pressure-outlet 7.
   386  5.7619e-01  9.2092e-05  1.0238e-04  9.2960e-05  2.7202e-03  6.3173e-03  1.6009e-03  0:01:56   14

 turbulent viscosity limited to viscosity ratio of 1.000000e+05 in 1232 cells 

 Reversed flow on 624 faces of pressure-outlet 7.
   387  5.7570e-01  9.1932e-05  1.0205e-04  9.2710e-05  2.7108e-03  6.1317e-03  1.5983e-03  0:01:49   13

 turbulent viscosity limited to viscosity ratio of 1.000000e+05 in 1225 cells 

 Reversed flow on 621 faces of pressure-outlet 7.

  iter  continuity  x-velocity  y-velocity  z-velocity           k     epsilon  vf-phase-2     time/iter
   388  5.7488e-01  9.1755e-05  1.0175e-04  9.2464e-05  2.7021e-03  6.1353e-03  1.5958e-03  0:01:40   12

 turbulent viscosity limited to viscosity ratio of 1.000000e+05 in 1225 cells 

 Reversed flow on 620 faces of pressure-outlet 7.
   389  5.7284e-01  9.1638e-05  1.0143e-04  9.2253e-05  2.6955e-03  6.4467e-03  1.5933e-03  0:01:31   11

 turbulent viscosity limited to viscosity ratio of 1.000000e+05 in 1223 cells 

 Reversed flow on 622 faces of pressure-outlet 7.
   390  5.7184e-01  9.1520e-05  1.0109e-04  9.1987e-05  2.6888e-03  6.4002e-03  1.5908e-03  0:01:24   10

 turbulent viscosity limited to viscosity ratio of 1.000000e+05 in 1221 cells 

 Reversed flow on 617 faces of pressure-outlet 7.
   391  5.7141e-01  9.1370e-05  1.0076e-04  9.1711e-05  2.6813e-03  6.3498e-03  1.5884e-03  0:01:15    9

 turbulent viscosity limited to viscosity ratio of 1.000000e+05 in 1219 cells 

 Reversed flow on 620 faces of pressure-outlet 7.
   392  5.7180e-01  9.1222e-05  1.0047e-04  9.1494e-05  2.6724e-03  6.2609e-03  1.5861e-03  0:01:06    8

 turbulent viscosity limited to viscosity ratio of 1.000000e+05 in 1214 cells 

 Reversed flow on 614 faces of pressure-outlet 7.
   393  5.7126e-01  9.1142e-05  1.0020e-04  9.1261e-05  2.6639e-03  6.2920e-03  1.5838e-03  0:00:57    7

 turbulent viscosity limited to viscosity ratio of 1.000000e+05 in 1212 cells 

 Reversed flow on 624 faces of pressure-outlet 7.
   394  5.6980e-01  9.1022e-05  9.9936e-05  9.1027e-05  2.6558e-03  6.2385e-03  1.5816e-03  0:00:50    6

 turbulent viscosity limited to viscosity ratio of 1.000000e+05 in 1207 cells 

 Reversed flow on 619 faces of pressure-outlet 7.
   395  5.6880e-01  9.0907e-05  9.9645e-05  9.0807e-05  2.6476e-03  6.1667e-03  1.5795e-03  0:00:41    5

 turbulent viscosity limited to viscosity ratio of 1.000000e+05 in 1202 cells 

 Reversed flow on 617 faces of pressure-outlet 7.
   396  5.6791e-01  9.0757e-05  9.9386e-05  9.0585e-05  2.6386e-03  6.0198e-03  1.5774e-03  0:00:33    4

 turbulent viscosity limited to viscosity ratio of 1.000000e+05 in 1199 cells 

 Reversed flow on 612 faces of pressure-outlet 7.
   397  5.6753e-01  9.0637e-05  9.9155e-05  9.0384e-05  2.6297e-03  5.8883e-03  1.5754e-03  0:00:25    3

 turbulent viscosity limited to viscosity ratio of 1.000000e+05 in 1198 cells 

 Reversed flow on 624 faces of pressure-outlet 7.
   398  5.6635e-01  9.0554e-05  9.8913e-05  9.0158e-05  2.6212e-03  5.8603e-03  1.5735e-03  0:00:17    2

 turbulent viscosity limited to viscosity ratio of 1.000000e+05 in 1196 cells 

 Reversed flow on 619 faces of pressure-outlet 7.

  iter  continuity  x-velocity  y-velocity  z-velocity           k     epsilon  vf-phase-2     time/iter
   399  5.6553e-01  9.0435e-05  9.8692e-05  8.9973e-05  2.6131e-03  5.8178e-03  1.5717e-03  0:00:08    1

 turbulent viscosity limited to viscosity ratio of 1.000000e+05 in 1195 cells 

 Reversed flow on 616 faces of pressure-outlet 7.
   400  5.6460e-01  9.0296e-05  9.8484e-05  8.9771e-05  2.6052e-03  5.9508e-03  1.5698e-03  0:00:00    0
iterate_400: RPC returned
progress: 400/1500

  iter  continuity  x-velocity  y-velocity  z-velocity           k     epsilon  vf-phase-2     time/iter
   400  5.6460e-01  9.0296e-05  9.8484e-05  8.9771e-05  2.6052e-03  5.9508e-03  1.5698e-03  0:14:00  100

 turbulent viscosity limited to viscosity ratio of 1.000000e+05 in 1196 cells 

 Reversed flow on 620 faces of pressure-outlet 7.
   401  5.6383e-01  9.0161e-05  9.8285e-05  8.9602e-05  2.5967e-03  5.8963e-03  1.5681e-03  0:14:03   99

 turbulent viscosity limited to viscosity ratio of 1.000000e+05 in 1196 cells 

 Reversed flow on 618 faces of pressure-outlet 7.
   402  5.6305e-01  9.0004e-05  9.8094e-05  8.9365e-05  2.5874e-03  5.8879e-03  1.5663e-03  0:13:45   98

 turbulent viscosity limited to viscosity ratio of 1.000000e+05 in 1192 cells 

 Reversed flow on 618 faces of pressure-outlet 7.
   403  5.6268e-01  8.9861e-05  9.7920e-05  8.9128e-05  2.5786e-03  5.7649e-03  1.5647e-03  0:13:48   97

 turbulent viscosity limited to viscosity ratio of 1.000000e+05 in 1191 cells 

 Reversed flow on 607 faces of pressure-outlet 7.
   404  5.6240e-01  8.9734e-05  9.7720e-05  8.8908e-05  2.5687e-03  5.6844e-03  1.5631e-03  0:13:29   96

 turbulent viscosity limited to viscosity ratio of 1.000000e+05 in 1189 cells 

 Reversed flow on 615 faces of pressure-outlet 7.
   405  5.6115e-01  8.9584e-05  9.7537e-05  8.8700e-05  2.5599e-03  5.5897e-03  1.5615e-03  0:13:12   95

 turbulent viscosity limited to viscosity ratio of 1.000000e+05 in 1188 cells 

 Reversed flow on 613 faces of pressure-outlet 7.
   406  5.6021e-01  8.9423e-05  9.7379e-05  8.8463e-05  2.5514e-03  5.5851e-03  1.5599e-03  0:13:16   94

 turbulent viscosity limited to viscosity ratio of 1.000000e+05 in 1185 cells 

 Reversed flow on 603 faces of pressure-outlet 7.
   407  5.5973e-01  8.9281e-05  9.7251e-05  8.8285e-05  2.5433e-03  5.5630e-03  1.5585e-03  0:12:59   93

 turbulent viscosity limited to viscosity ratio of 1.000000e+05 in 1182 cells 

 Reversed flow on 605 faces of pressure-outlet 7.
   408  5.5944e-01  8.9131e-05  9.7146e-05  8.8082e-05  2.5357e-03  5.5591e-03  1.5571e-03  0:12:44   92

 turbulent viscosity limited to viscosity ratio of 1.000000e+05 in 1178 cells 

 Reversed flow on 610 faces of pressure-outlet 7.
   409  5.5888e-01  8.9012e-05  9.7017e-05  8.7884e-05  2.5300e-03  5.6861e-03  1.5556e-03  0:12:48   91

 turbulent viscosity limited to viscosity ratio of 1.000000e+05 in 1177 cells 

 Reversed flow on 609 faces of pressure-outlet 7.
   410  5.5717e-01  8.8903e-05  9.6881e-05  8.7744e-05  2.5237e-03  5.5731e-03  1.5542e-03  0:12:32   90

 turbulent viscosity limited to viscosity ratio of 1.000000e+05 in 1176 cells 

 Reversed flow on 616 faces of pressure-outlet 7.

  iter  continuity  x-velocity  y-velocity  z-velocity           k     epsilon  vf-phase-2     time/iter
   411  5.5487e-01  8.8750e-05  9.6757e-05  8.7587e-05  2.5172e-03  5.5764e-03  1.5529e-03  0:12:17   89

 turbulent viscosity limited to viscosity ratio of 1.000000e+05 in 1173 cells 

 Reversed flow on 605 faces of pressure-outlet 7.
   412  5.5318e-01  8.8635e-05  9.6643e-05  8.7456e-05  2.5107e-03  5.4350e-03  1.5516e-03  0:12:04   88

 turbulent viscosity limited to viscosity ratio of 1.000000e+05 in 1173 cells 

 Reversed flow on 614 faces of pressure-outlet 7.
   413  5.5253e-01  8.8528e-05  9.6559e-05  8.7326e-05  2.5052e-03  5.4513e-03  1.5503e-03  0:12:09   87

 turbulent viscosity limited to viscosity ratio of 1.000000e+05 in 1170 cells 

 Reversed flow on 610 faces of pressure-outlet 7.
   414  5.5169e-01  8.8443e-05  9.6464e-05  8.7178e-05  2.5005e-03  5.3786e-03  1.5489e-03  0:11:54   86

 turbulent viscosity limited to viscosity ratio of 1.000000e+05 in 1168 cells 

 Reversed flow on 611 faces of pressure-outlet 7.
   415  5.5037e-01  8.8360e-05  9.6381e-05  8.7015e-05  2.4962e-03  5.3705e-03  1.5477e-03  0:11:41   85

 turbulent viscosity limited to viscosity ratio of 1.000000e+05 in 1166 cells 

 Reversed flow on 604 faces of pressure-outlet 7.
   416  5.4933e-01  8.8284e-05  9.6331e-05  8.6919e-05  2.4917e-03  5.4760e-03  1.5464e-03  0:11:45   84

 turbulent viscosity limited to viscosity ratio of 1.000000e+05 in 1162 cells 

 Reversed flow on 602 faces of pressure-outlet 7.
   417  5.4824e-01  8.8164e-05  9.6246e-05  8.6785e-05  2.4880e-03  5.5316e-03  1.5451e-03  0:11:30   83

 turbulent viscosity limited to viscosity ratio of 1.000000e+05 in 1158 cells 

 Reversed flow on 615 faces of pressure-outlet 7.
   418  5.4686e-01  8.8076e-05  9.6172e-05  8.6710e-05  2.4847e-03  5.5334e-03  1.5439e-03  0:11:17   82

 turbulent viscosity limited to viscosity ratio of 1.000000e+05 in 1154 cells 

 Reversed flow on 620 faces of pressure-outlet 7.
   419  5.4524e-01  8.7986e-05  9.6082e-05  8.6622e-05  2.4802e-03  5.5762e-03  1.5427e-03  0:11:21   81

 turbulent viscosity limited to viscosity ratio of 1.000000e+05 in 1153 cells 

 Reversed flow on 610 faces of pressure-outlet 7.
   420  5.4383e-01  8.7926e-05  9.6000e-05  8.6518e-05  2.4761e-03  5.4617e-03  1.5416e-03  0:11:06   80

 turbulent viscosity limited to viscosity ratio of 1.000000e+05 in 1151 cells 

 Reversed flow on 612 faces of pressure-outlet 7.
   421  5.4279e-01  8.7864e-05  9.5948e-05  8.6397e-05  2.4726e-03  5.5793e-03  1.5404e-03  0:10:52   79

 turbulent viscosity limited to viscosity ratio of 1.000000e+05 in 1149 cells 

 Reversed flow on 618 faces of pressure-outlet 7.

  iter  continuity  x-velocity  y-velocity  z-velocity           k     epsilon  vf-phase-2     time/iter
   422  5.4198e-01  8.7805e-05  9.5880e-05  8.6306e-05  2.4694e-03  5.4924e-03  1.5392e-03  0:10:56   78

 turbulent viscosity limited to viscosity ratio of 1.000000e+05 in 1145 cells 

 Reversed flow on 617 faces of pressure-outlet 7.
   423  5.4164e-01  8.7739e-05  9.5805e-05  8.6198e-05  2.4674e-03  5.5811e-03  1.5379e-03  0:10:41   77

 turbulent viscosity limited to viscosity ratio of 1.000000e+05 in 1141 cells 

 Reversed flow on 616 faces of pressure-outlet 7.
   424  5.4096e-01  8.7705e-05  9.5734e-05  8.6084e-05  2.4659e-03  5.6032e-03  1.5367e-03  0:10:28   76

 turbulent viscosity limited to viscosity ratio of 1.000000e+05 in 1140 cells 

 Reversed flow on 617 faces of pressure-outlet 7.
   425  5.4061e-01  8.7658e-05  9.5670e-05  8.5996e-05  2.4639e-03  5.5857e-03  1.5355e-03  0:10:31   75

 turbulent viscosity limited to viscosity ratio of 1.000000e+05 in 1136 cells 

 Reversed flow on 617 faces of pressure-outlet 7.
   426  5.3993e-01  8.7664e-05  9.5570e-05  8.5930e-05  2.4623e-03  5.5442e-03  1.5342e-03  0:10:16   74

 turbulent viscosity limited to viscosity ratio of 1.000000e+05 in 1134 cells 

 Reversed flow on 621 faces of pressure-outlet 7.
   427  5.3950e-01  8.7650e-05  9.5523e-05  8.5859e-05  2.4620e-03  5.6685e-03  1.5330e-03  0:10:03   73

 turbulent viscosity limited to viscosity ratio of 1.000000e+05 in 1130 cells 

 Reversed flow on 635 faces of pressure-outlet 7.
   428  5.3929e-01  8.7637e-05  9.5477e-05  8.5790e-05  2.4609e-03  5.5989e-03  1.5317e-03  0:10:05   72

 turbulent viscosity limited to viscosity ratio of 1.000000e+05 in 1129 cells 

 Reversed flow on 631 faces of pressure-outlet 7.
   429  5.3899e-01  8.7599e-05  9.5372e-05  8.5695e-05  2.4607e-03  5.5938e-03  1.5304e-03  0:09:51   71

 turbulent viscosity limited to viscosity ratio of 1.000000e+05 in 1128 cells 

 Reversed flow on 627 faces of pressure-outlet 7.
   430  5.3847e-01  8.7637e-05  9.5290e-05  8.5610e-05  2.4614e-03  5.5423e-03  1.5291e-03  0:09:52   70

 turbulent viscosity limited to viscosity ratio of 1.000000e+05 in 1123 cells 

 Reversed flow on 624 faces of pressure-outlet 7.
   431  5.3851e-01  8.7643e-05  9.5232e-05  8.5533e-05  2.4618e-03  5.5071e-03  1.5278e-03  0:09:37   69

 turbulent viscosity limited to viscosity ratio of 1.000000e+05 in 1119 cells 

 Reversed flow on 624 faces of pressure-outlet 7.
   432  5.3859e-01  8.7637e-05  9.5178e-05  8.5466e-05  2.4623e-03  5.4537e-03  1.5264e-03  0:09:24   68

 turbulent viscosity limited to viscosity ratio of 1.000000e+05 in 1118 cells 

 Reversed flow on 623 faces of pressure-outlet 7.

  iter  continuity  x-velocity  y-velocity  z-velocity           k     epsilon  vf-phase-2     time/iter
   433  5.3780e-01  8.7666e-05  9.5115e-05  8.5360e-05  2.4628e-03  5.4514e-03  1.5250e-03  0:09:12   67

 turbulent viscosity limited to viscosity ratio of 1.000000e+05 in 1117 cells 

 Reversed flow on 635 faces of pressure-outlet 7.
   434  5.3724e-01  8.7690e-05  9.5041e-05  8.5318e-05  2.4633e-03  5.5462e-03  1.5236e-03  0:09:14   66

 turbulent viscosity limited to viscosity ratio of 1.000000e+05 in 1113 cells 

 Reversed flow on 636 faces of pressure-outlet 7.
   435  5.3731e-01  8.7731e-05  9.4991e-05  8.5248e-05  2.4650e-03  5.5049e-03  1.5221e-03  0:09:00   65

 turbulent viscosity limited to viscosity ratio of 1.000000e+05 in 1111 cells 

 Reversed flow on 617 faces of pressure-outlet 7.
   436  5.3786e-01  8.7798e-05  9.4988e-05  8.5190e-05  2.4667e-03  5.6249e-03  1.5206e-03  0:08:48   64

 turbulent viscosity limited to viscosity ratio of 1.000000e+05 in 1109 cells 

 Reversed flow on 636 faces of pressure-outlet 7.
   437  5.3800e-01  8.7834e-05  9.4986e-05  8.5096e-05  2.4681e-03  5.7564e-03  1.5192e-03  0:08:49   63

 turbulent viscosity limited to viscosity ratio of 1.000000e+05 in 1107 cells 

 Reversed flow on 644 faces of pressure-outlet 7.
   438  5.3853e-01  8.7876e-05  9.4984e-05  8.4997e-05  2.4690e-03  5.7091e-03  1.5177e-03  0:08:36   62

 turbulent viscosity limited to viscosity ratio of 1.000000e+05 in 1104 cells 

 Reversed flow on 639 faces of pressure-outlet 7.
   439  5.3861e-01  8.7869e-05  9.5013e-05  8.4885e-05  2.4700e-03  5.7022e-03  1.5162e-03  0:08:36   61

 turbulent viscosity limited to viscosity ratio of 1.000000e+05 in 1103 cells 

 Reversed flow on 630 faces of pressure-outlet 7.
   440  5.3860e-01  8.7855e-05  9.5048e-05  8.4807e-05  2.4724e-03  5.7027e-03  1.5148e-03  0:08:22   60

 turbulent viscosity limited to viscosity ratio of 1.000000e+05 in 1100 cells 

 Reversed flow on 627 faces of pressure-outlet 7.
   441  5.3866e-01  8.7857e-05  9.5098e-05  8.4715e-05  2.4754e-03  5.7018e-03  1.5133e-03  0:08:09   59

 turbulent viscosity limited to viscosity ratio of 1.000000e+05 in 1099 cells 

 Reversed flow on 627 faces of pressure-outlet 7.
   442  5.3864e-01  8.7865e-05  9.5169e-05  8.4618e-05  2.4777e-03  5.6371e-03  1.5119e-03  0:08:09   58

 turbulent viscosity limited to viscosity ratio of 1.000000e+05 in 1099 cells 

 Reversed flow on 637 faces of pressure-outlet 7.
   443  5.3866e-01  8.7851e-05  9.5268e-05  8.4526e-05  2.4800e-03  5.7333e-03  1.5105e-03  0:07:56   57

 turbulent viscosity limited to viscosity ratio of 1.000000e+05 in 1094 cells 

 Reversed flow on 634 faces of pressure-outlet 7.

  iter  continuity  x-velocity  y-velocity  z-velocity           k     epsilon  vf-phase-2     time/iter
   444  5.3858e-01  8.7832e-05  9.5349e-05  8.4478e-05  2.4834e-03  5.7530e-03  1.5090e-03  0:07:44   56

 turbulent viscosity limited to viscosity ratio of 1.000000e+05 in 1094 cells 

 Reversed flow on 634 faces of pressure-outlet 7.
   445  5.3904e-01  8.7812e-05  9.5457e-05  8.4413e-05  2.4885e-03  5.9531e-03  1.5077e-03  0:07:43   55

 turbulent viscosity limited to viscosity ratio of 1.000000e+05 in 1095 cells 

 Reversed flow on 626 faces of pressure-outlet 7.
   446  5.3944e-01  8.7779e-05  9.5582e-05  8.4322e-05  2.4905e-03  5.8665e-03  1.5064e-03  0:07:30   54

 turbulent viscosity limited to viscosity ratio of 1.000000e+05 in 1095 cells 

 Reversed flow on 633 faces of pressure-outlet 7.
   447  5.3960e-01  8.7750e-05  9.5716e-05  8.4253e-05  2.4929e-03  5.9797e-03  1.5050e-03  0:07:18   53

 turbulent viscosity limited to viscosity ratio of 1.000000e+05 in 1094 cells 

 Reversed flow on 635 faces of pressure-outlet 7.
   448  5.4077e-01  8.7715e-05  9.5834e-05  8.4238e-05  2.4966e-03  6.1995e-03  1.5037e-03  0:07:18   52

 turbulent viscosity limited to viscosity ratio of 1.000000e+05 in 1093 cells 

 Reversed flow on 643 faces of pressure-outlet 7.
   449  5.4105e-01  8.7660e-05  9.5961e-05  8.4186e-05  2.4982e-03  6.0156e-03  1.5024e-03  0:07:05   51

 turbulent viscosity limited to viscosity ratio of 1.000000e+05 in 1093 cells 

 Reversed flow on 638 faces of pressure-outlet 7.
   450  5.4144e-01  8.7618e-05  9.6104e-05  8.4129e-05  2.5000e-03  5.9437e-03  1.5011e-03  0:06:53   50

 turbulent viscosity limited to viscosity ratio of 1.000000e+05 in 1091 cells 

 Reversed flow on 636 faces of pressure-outlet 7.
   451  5.4210e-01  8.7560e-05  9.6261e-05  8.4115e-05  2.5019e-03  6.0578e-03  1.4999e-03  0:06:52   49

 turbulent viscosity limited to viscosity ratio of 1.000000e+05 in 1091 cells 

 Reversed flow on 642 faces of pressure-outlet 7.
   452  5.4258e-01  8.7513e-05  9.6427e-05  8.4094e-05  2.5025e-03  6.0833e-03  1.4988e-03  0:06:40   48

 turbulent viscosity limited to viscosity ratio of 1.000000e+05 in 1090 cells 

 Reversed flow on 635 faces of pressure-outlet 7.
   453  5.4374e-01  8.7461e-05  9.6620e-05  8.4071e-05  2.5026e-03  5.9362e-03  1.4977e-03  0:06:28   47

 turbulent viscosity limited to viscosity ratio of 1.000000e+05 in 1090 cells 

 Reversed flow on 633 faces of pressure-outlet 7.
   454  5.4522e-01  8.7414e-05  9.6809e-05  8.4069e-05  2.5030e-03  5.8171e-03  1.4966e-03  0:06:27   46

 turbulent viscosity limited to viscosity ratio of 1.000000e+05 in 1087 cells 

 Reversed flow on 637 faces of pressure-outlet 7.

  iter  continuity  x-velocity  y-velocity  z-velocity           k     epsilon  vf-phase-2     time/iter
   455  5.4660e-01  8.7382e-05  9.6987e-05  8.4089e-05  2.5041e-03  5.9540e-03  1.4956e-03  0:06:15   45

 turbulent viscosity limited to viscosity ratio of 1.000000e+05 in 1084 cells 

 Reversed flow on 644 faces of pressure-outlet 7.
   456  5.4795e-01  8.7358e-05  9.7164e-05  8.4104e-05  2.5050e-03  6.0406e-03  1.4947e-03  0:06:04   44

 turbulent viscosity limited to viscosity ratio of 1.000000e+05 in 1082 cells 

 Reversed flow on 649 faces of pressure-outlet 7.
   457  5.4908e-01  8.7337e-05  9.7357e-05  8.4113e-05  2.5066e-03  6.1261e-03  1.4937e-03  0:05:53   43

 turbulent viscosity limited to viscosity ratio of 1.000000e+05 in 1080 cells 

 Reversed flow on 632 faces of pressure-outlet 7.
   458  5.5009e-01  8.7344e-05  9.7534e-05  8.4150e-05  2.5069e-03  6.0043e-03  1.4928e-03  0:05:51   42

 turbulent viscosity limited to viscosity ratio of 1.000000e+05 in 1078 cells 

 Reversed flow on 629 faces of pressure-outlet 7.
   459  5.5127e-01  8.7307e-05  9.7709e-05  8.4209e-05  2.5082e-03  6.1545e-03  1.4919e-03  0:05:40   41

 turbulent viscosity limited to viscosity ratio of 1.000000e+05 in 1076 cells 

 Reversed flow on 639 faces of pressure-outlet 7.
   460  5.5281e-01  8.7274e-05  9.7893e-05  8.4256e-05  2.5089e-03  5.9495e-03  1.4910e-03  0:05:29   40

 turbulent viscosity limited to viscosity ratio of 1.000000e+05 in 1073 cells 

 Reversed flow on 635 faces of pressure-outlet 7.
   461  5.5400e-01  8.7240e-05  9.8080e-05  8.4318e-05  2.5099e-03  6.0145e-03  1.4901e-03  0:05:27   39

 turbulent viscosity limited to viscosity ratio of 1.000000e+05 in 1074 cells 

 Reversed flow on 636 faces of pressure-outlet 7.
   462  5.5561e-01  8.7211e-05  9.8265e-05  8.4357e-05  2.5100e-03  5.8471e-03  1.4892e-03  0:05:16   38

 turbulent viscosity limited to viscosity ratio of 1.000000e+05 in 1072 cells 

 Reversed flow on 631 faces of pressure-outlet 7.
   463  5.5718e-01  8.7180e-05  9.8440e-05  8.4421e-05  2.5132e-03  6.0437e-03  1.4883e-03  0:05:05   37

 turbulent viscosity limited to viscosity ratio of 1.000000e+05 in 1072 cells 

 Reversed flow on 628 faces of pressure-outlet 7.
   464  5.5885e-01  8.7154e-05  9.8619e-05  8.4503e-05  2.5153e-03  6.0424e-03  1.4874e-03  0:05:02   36

 turbulent viscosity limited to viscosity ratio of 1.000000e+05 in 1072 cells 

 Reversed flow on 627 faces of pressure-outlet 7.
   465  5.6047e-01  8.7131e-05  9.8816e-05  8.4585e-05  2.5187e-03  6.0514e-03  1.4865e-03  0:04:51   35

 turbulent viscosity limited to viscosity ratio of 1.000000e+05 in 1068 cells 

 Reversed flow on 628 faces of pressure-outlet 7.

  iter  continuity  x-velocity  y-velocity  z-velocity           k     epsilon  vf-phase-2     time/iter
   466  5.6199e-01  8.7112e-05  9.8993e-05  8.4702e-05  2.5207e-03  5.9475e-03  1.4855e-03  0:04:47   34

 turbulent viscosity limited to viscosity ratio of 1.000000e+05 in 1067 cells 

 Reversed flow on 623 faces of pressure-outlet 7.
   467  5.6356e-01  8.7062e-05  9.9204e-05  8.4834e-05  2.5234e-03  6.1006e-03  1.4844e-03  0:04:36   33

 turbulent viscosity limited to viscosity ratio of 1.000000e+05 in 1065 cells 

 Reversed flow on 630 faces of pressure-outlet 7.
   468  5.6491e-01  8.7052e-05  9.9412e-05  8.4996e-05  2.5255e-03  6.1803e-03  1.4832e-03  0:04:25   32

 turbulent viscosity limited to viscosity ratio of 1.000000e+05 in 1064 cells 

 Reversed flow on 635 faces of pressure-outlet 7.
   469  5.6692e-01  8.6996e-05  9.9602e-05  8.5182e-05  2.5286e-03  6.0466e-03  1.4819e-03  0:04:15   31

 turbulent viscosity limited to viscosity ratio of 1.000000e+05 in 1063 cells 

 Reversed flow on 639 faces of pressure-outlet 7.
   470  5.6910e-01  8.6957e-05  9.9835e-05  8.5349e-05  2.5305e-03  6.0130e-03  1.4806e-03  0:04:12   30

 turbulent viscosity limited to viscosity ratio of 1.000000e+05 in 1063 cells 

 Reversed flow on 640 faces of pressure-outlet 7.
   471  5.7080e-01  8.6895e-05  1.0004e-04  8.5529e-05  2.5330e-03  5.9502e-03  1.4790e-03  0:04:01   29

 turbulent viscosity limited to viscosity ratio of 1.000000e+05 in 1062 cells 

 Reversed flow on 636 faces of pressure-outlet 7.
   472  5.7237e-01  8.6833e-05  1.0025e-04  8.5729e-05  2.5367e-03  6.2023e-03  1.4773e-03  0:03:51   28

 turbulent viscosity limited to viscosity ratio of 1.000000e+05 in 1060 cells 

 Reversed flow on 646 faces of pressure-outlet 7.
   473  5.7460e-01  8.6802e-05  1.0044e-04  8.5942e-05  2.5389e-03  6.3015e-03  1.4755e-03  0:03:47   27

 turbulent viscosity limited to viscosity ratio of 1.000000e+05 in 1059 cells 

 Reversed flow on 650 faces of pressure-outlet 7.
   474  5.7719e-01  8.6794e-05  1.0064e-04  8.6130e-05  2.5413e-03  6.1473e-03  1.4736e-03  0:03:36   26

 turbulent viscosity limited to viscosity ratio of 1.000000e+05 in 1057 cells 

 Reversed flow on 650 faces of pressure-outlet 7.
   475  5.8006e-01  8.6732e-05  1.0087e-04  8.6367e-05  2.5423e-03  6.1229e-03  1.4715e-03  0:03:26   25

 turbulent viscosity limited to viscosity ratio of 1.000000e+05 in 1055 cells 

 Reversed flow on 636 faces of pressure-outlet 7.
   476  5.8159e-01  8.6660e-05  1.0112e-04  8.6568e-05  2.5452e-03  6.1362e-03  1.4693e-03  0:03:22   24

 turbulent viscosity limited to viscosity ratio of 1.000000e+05 in 1052 cells 

 Reversed flow on 636 faces of pressure-outlet 7.

  iter  continuity  x-velocity  y-velocity  z-velocity           k     epsilon  vf-phase-2     time/iter
   477  5.8304e-01  8.6653e-05  1.0134e-04  8.6784e-05  2.5488e-03  6.0722e-03  1.4669e-03  0:03:11   23

 turbulent viscosity limited to viscosity ratio of 1.000000e+05 in 1051 cells 

 Reversed flow on 629 faces of pressure-outlet 7.
   478  5.8536e-01  8.6636e-05  1.0161e-04  8.7003e-05  2.5517e-03  6.2709e-03  1.4646e-03  0:03:02   22

 turbulent viscosity limited to viscosity ratio of 1.000000e+05 in 1052 cells 

 Reversed flow on 636 faces of pressure-outlet 7.
   479  5.8705e-01  8.6597e-05  1.0186e-04  8.7232e-05  2.5551e-03  6.4614e-03  1.4621e-03  0:02:52   21

 turbulent viscosity limited to viscosity ratio of 1.000000e+05 in 1049 cells 

 Reversed flow on 637 faces of pressure-outlet 7.
   480  5.8888e-01  8.6581e-05  1.0214e-04  8.7455e-05  2.5565e-03  6.4874e-03  1.4594e-03  0:02:47   20

 turbulent viscosity limited to viscosity ratio of 1.000000e+05 in 1049 cells 

 Reversed flow on 643 faces of pressure-outlet 7.
   481  5.9080e-01  8.6568e-05  1.0240e-04  8.7678e-05  2.5581e-03  6.5222e-03  1.4567e-03  0:02:38   19

 turbulent viscosity limited to viscosity ratio of 1.000000e+05 in 1046 cells 

 Reversed flow on 646 faces of pressure-outlet 7.
   482  5.9259e-01  8.6527e-05  1.0268e-04  8.7893e-05  2.5603e-03  6.7873e-03  1.4538e-03  0:02:28   18

 turbulent viscosity limited to viscosity ratio of 1.000000e+05 in 1045 cells 

 Reversed flow on 638 faces of pressure-outlet 7.
   483  5.9396e-01  8.6504e-05  1.0295e-04  8.8097e-05  2.5587e-03  6.4954e-03  1.4508e-03  0:02:23   17

 turbulent viscosity limited to viscosity ratio of 1.000000e+05 in 1044 cells 

 Reversed flow on 657 faces of pressure-outlet 7.
   484  5.9518e-01  8.6469e-05  1.0323e-04  8.8274e-05  2.5610e-03  6.5946e-03  1.4478e-03  0:02:13   16

 turbulent viscosity limited to viscosity ratio of 1.000000e+05 in 1044 cells 

 Reversed flow on 650 faces of pressure-outlet 7.
   485  5.9668e-01  8.6454e-05  1.0352e-04  8.8423e-05  2.5621e-03  6.4498e-03  1.4448e-03  0:02:04   15

 turbulent viscosity limited to viscosity ratio of 1.000000e+05 in 1043 cells 

 Reversed flow on 654 faces of pressure-outlet 7.
   486  5.9829e-01  8.6421e-05  1.0383e-04  8.8624e-05  2.5669e-03  7.2219e-03  1.4417e-03  0:01:55   14

 turbulent viscosity limited to viscosity ratio of 1.000000e+05 in 1042 cells 

 Reversed flow on 659 faces of pressure-outlet 7.
   487  6.0092e-01  8.6405e-05  1.0412e-04  8.8825e-05  2.5706e-03  7.1057e-03  1.4384e-03  0:01:49   13

 turbulent viscosity limited to viscosity ratio of 1.000000e+05 in 1042 cells 

 Reversed flow on 647 faces of pressure-outlet 7.

  iter  continuity  x-velocity  y-velocity  z-velocity           k     epsilon  vf-phase-2     time/iter
   488  6.0357e-01  8.6411e-05  1.0438e-04  8.8956e-05  2.5738e-03  7.4952e-03  1.4352e-03  0:01:39   12

 turbulent viscosity limited to viscosity ratio of 1.000000e+05 in 1040 cells 

 Reversed flow on 645 faces of pressure-outlet 7.
   489  6.0532e-01  8.6406e-05  1.0465e-04  8.9069e-05  2.5735e-03  6.7995e-03  1.4319e-03  0:01:31   11

 turbulent viscosity limited to viscosity ratio of 1.000000e+05 in 1039 cells 

 Reversed flow on 653 faces of pressure-outlet 7.
   490  6.0639e-01  8.6379e-05  1.0494e-04  8.9202e-05  2.5764e-03  7.1571e-03  1.4286e-03  0:01:24   10

 turbulent viscosity limited to viscosity ratio of 1.000000e+05 in 1039 cells 

 Reversed flow on 648 faces of pressure-outlet 7.
   491  6.0744e-01  8.6352e-05  1.0522e-04  8.9329e-05  2.5781e-03  7.3797e-03  1.4252e-03  0:01:15    9

 turbulent viscosity limited to viscosity ratio of 1.000000e+05 in 1038 cells 

 Reversed flow on 655 faces of pressure-outlet 7.
   492  6.0855e-01  8.6320e-05  1.0547e-04  8.9463e-05  2.5808e-03  7.2930e-03  1.4219e-03  0:01:06    8

 turbulent viscosity limited to viscosity ratio of 1.000000e+05 in 1037 cells 

 Reversed flow on 659 faces of pressure-outlet 7.
   493  6.1043e-01  8.6334e-05  1.0570e-04  8.9546e-05  2.5808e-03  6.6990e-03  1.4186e-03  0:00:59    7

 turbulent viscosity limited to viscosity ratio of 1.000000e+05 in 1036 cells 

 Reversed flow on 658 faces of pressure-outlet 7.
   494  6.1202e-01  8.6316e-05  1.0595e-04  8.9683e-05  2.5836e-03  6.7041e-03  1.4154e-03  0:00:50    6

 turbulent viscosity limited to viscosity ratio of 1.000000e+05 in 1034 cells 

 Reversed flow on 652 faces of pressure-outlet 7.
   495  6.1451e-01  8.6333e-05  1.0620e-04  8.9801e-05  2.5845e-03  6.4851e-03  1.4122e-03  0:00:41    5

 turbulent viscosity limited to viscosity ratio of 1.000000e+05 in 1032 cells 

 Reversed flow on 655 faces of pressure-outlet 7.
   496  6.1621e-01  8.6333e-05  1.0648e-04  8.9929e-05  2.5881e-03  6.8782e-03  1.4089e-03  0:00:33    4

 turbulent viscosity limited to viscosity ratio of 1.000000e+05 in 1032 cells 

 Reversed flow on 664 faces of pressure-outlet 7.
   497  6.1763e-01  8.6347e-05  1.0677e-04  9.0039e-05  2.5919e-03  7.1211e-03  1.4056e-03  0:00:25    3

 turbulent viscosity limited to viscosity ratio of 1.000000e+05 in 1032 cells 

 Reversed flow on 667 faces of pressure-outlet 7.
   498  6.1900e-01  8.6367e-05  1.0703e-04  9.0167e-05  2.5982e-03  8.0145e-03  1.4023e-03  0:00:17    2

 turbulent viscosity limited to viscosity ratio of 1.000000e+05 in 1031 cells 

 Reversed flow on 667 faces of pressure-outlet 7.

  iter  continuity  x-velocity  y-velocity  z-velocity           k     epsilon  vf-phase-2     time/iter
   499  6.2041e-01  8.6353e-05  1.0732e-04  9.0283e-05  2.6008e-03  7.7252e-03  1.3989e-03  0:00:08    1

 turbulent viscosity limited to viscosity ratio of 1.000000e+05 in 1030 cells 

 Reversed flow on 662 faces of pressure-outlet 7.
   500  6.2149e-01  8.6311e-05  1.0759e-04  9.0442e-05  2.6060e-03  7.6925e-03  1.3956e-03  0:00:00    0
iterate_500: RPC returned
progress: 500/1500

=== autosave_500 ===

Writing to EN439159:"C:\Users\qtra338\Documents\enthalpy_sweep_verified_20260721_v2\case_1_1600_25pct_autosave_iter500.cas.h5" in NODE0 mode and compression level 1 ...
Grouping cells for Laplace smoothing ...
     5578299 cells,     1 zone  ...
    11355491 faces,     5 zones ...
     1026091 nodes,     1 zone  ...
  Done.
Done.
write_case_autosave_500: OK

Writing to EN439159:"C:\Users\qtra338\Documents\enthalpy_sweep_verified_20260721_v2\case_1_1600_25pct_autosave_iter500.dat.h5" in NODE0 mode and compression level 1 ...
  Writing results.
Done.
write_data_autosave_500: OK
saved_pair_autosave_500: VERIFIED

  iter  continuity  x-velocity  y-velocity  z-velocity           k     epsilon  vf-phase-2     time/iter
   500  6.2149e-01  8.6311e-05  1.0759e-04  9.0442e-05  2.6060e-03  7.6925e-03  1.3956e-03  0:13:59  100

 turbulent viscosity limited to viscosity ratio of 1.000000e+05 in 1030 cells 

 Reversed flow on 665 faces of pressure-outlet 7.
   501  6.2218e-01  8.6326e-05  1.0783e-04  9.0595e-05  2.6088e-03  7.4991e-03  1.3922e-03  0:14:02   99

 turbulent viscosity limited to viscosity ratio of 1.000000e+05 in 1029 cells 

 Reversed flow on 681 faces of pressure-outlet 7.
   502  6.2373e-01  8.6350e-05  1.0810e-04  9.0721e-05  2.6152e-03  9.9235e-03  1.3889e-03  0:13:44   98

 turbulent viscosity limited to viscosity ratio of 1.000000e+05 in 1029 cells 

 Reversed flow on 679 faces of pressure-outlet 7.
   503  6.2391e-01  8.6370e-05  1.0836e-04  9.0902e-05  2.6237e-03  9.1128e-03  1.3855e-03  0:13:28   97

 turbulent viscosity limited to viscosity ratio of 1.000000e+05 in 1028 cells 

 Reversed flow on 675 faces of pressure-outlet 7.
   504  6.2545e-01  8.6431e-05  1.0858e-04  9.1066e-05  2.6247e-03  8.1384e-03  1.3821e-03  0:13:32   96

 turbulent viscosity limited to viscosity ratio of 1.000000e+05 in 1024 cells 

 Reversed flow on 683 faces of pressure-outlet 7.
   505  6.2686e-01  8.6467e-05  1.0885e-04  9.1215e-05  2.6239e-03  7.6900e-03  1.3786e-03  0:13:15   95

 turbulent viscosity limited to viscosity ratio of 1.000000e+05 in 1021 cells 

 Reversed flow on 673 faces of pressure-outlet 7.
   506  6.2829e-01  8.6484e-05  1.0906e-04  9.1383e-05  2.6313e-03  8.0668e-03  1.3751e-03  0:13:18   94

 turbulent viscosity limited to viscosity ratio of 1.000000e+05 in 1021 cells 

 Reversed flow on 671 faces of pressure-outlet 7.
   507  6.2828e-01  8.6505e-05  1.0929e-04  9.1561e-05  2.6373e-03  8.4162e-03  1.3715e-03  0:13:01   93

 turbulent viscosity limited to viscosity ratio of 1.000000e+05 in 1019 cells 

 Reversed flow on 677 faces of pressure-outlet 7.
   508  6.2959e-01  8.6501e-05  1.0956e-04  9.1758e-05  2.6426e-03  8.1612e-03  1.3679e-03  0:12:45   92

 turbulent viscosity limited to viscosity ratio of 1.000000e+05 in 1019 cells 

 Reversed flow on 681 faces of pressure-outlet 7.
   509  6.3105e-01  8.6574e-05  1.0977e-04  9.1967e-05  2.6468e-03  7.9311e-03  1.3642e-03  0:12:49   91

 turbulent viscosity limited to viscosity ratio of 1.000000e+05 in 1017 cells 

 Reversed flow on 677 faces of pressure-outlet 7.
   510  6.3164e-01  8.6605e-05  1.0994e-04  9.2142e-05  2.6519e-03  7.6604e-03  1.3604e-03  0:12:33   90

 turbulent viscosity limited to viscosity ratio of 1.000000e+05 in 1016 cells 

 Reversed flow on 675 faces of pressure-outlet 7.

  iter  continuity  x-velocity  y-velocity  z-velocity           k     epsilon  vf-phase-2     time/iter
   511  6.3197e-01  8.6611e-05  1.1014e-04  9.2367e-05  2.6577e-03  8.2185e-03  1.3567e-03  0:12:18   89

 turbulent viscosity limited to viscosity ratio of 1.000000e+05 in 1015 cells 

 Reversed flow on 680 faces of pressure-outlet 7.
   512  6.3219e-01  8.6636e-05  1.1032e-04  9.2524e-05  2.6643e-03  8.9776e-03  1.3529e-03  0:12:04   88

 turbulent viscosity limited to viscosity ratio of 1.000000e+05 in 1014 cells 

 Reversed flow on 683 faces of pressure-outlet 7.
   513  6.3256e-01  8.6689e-05  1.1053e-04  9.2683e-05  2.6641e-03  8.4366e-03  1.3490e-03  0:12:10   87

 turbulent viscosity limited to viscosity ratio of 1.000000e+05 in 1012 cells 

 Reversed flow on 674 faces of pressure-outlet 7.
   514  6.3260e-01  8.6699e-05  1.1069e-04  9.2799e-05  2.6704e-03  9.1732e-03  1.3451e-03  0:11:55   86

 turbulent viscosity limited to viscosity ratio of 1.000000e+05 in 1012 cells 

 Reversed flow on 668 faces of pressure-outlet 7.
   515  6.3294e-01  8.6726e-05  1.1080e-04  9.2936e-05  2.6733e-03  8.6235e-03  1.3411e-03  0:11:41   85

 turbulent viscosity limited to viscosity ratio of 1.000000e+05 in 1012 cells 

 Reversed flow on 679 faces of pressure-outlet 7.
   516  6.3236e-01  8.6760e-05  1.1090e-04  9.3047e-05  2.6739e-03  8.5274e-03  1.3370e-03  0:11:45   84

 turbulent viscosity limited to viscosity ratio of 1.000000e+05 in 1012 cells 

 Reversed flow on 676 faces of pressure-outlet 7.
   517  6.3246e-01  8.6782e-05  1.1101e-04  9.3137e-05  2.6746e-03  8.5514e-03  1.3329e-03  0:11:30   83

 turbulent viscosity limited to viscosity ratio of 1.000000e+05 in 1011 cells 

 Reversed flow on 663 faces of pressure-outlet 7.
   518  6.3367e-01  8.6783e-05  1.1113e-04  9.3232e-05  2.6775e-03  8.7667e-03  1.3287e-03  0:11:17   82

 turbulent viscosity limited to viscosity ratio of 1.000000e+05 in 1010 cells 

 Reversed flow on 669 faces of pressure-outlet 7.
   519  6.3399e-01  8.6840e-05  1.1117e-04  9.3297e-05  2.6771e-03  8.4933e-03  1.3246e-03  0:11:21   81

 turbulent viscosity limited to viscosity ratio of 1.000000e+05 in 1008 cells 

 Reversed flow on 667 faces of pressure-outlet 7.
   520  6.3388e-01  8.6853e-05  1.1126e-04  9.3341e-05  2.6775e-03  8.8557e-03  1.3204e-03  0:11:06   80

 turbulent viscosity limited to viscosity ratio of 1.000000e+05 in 1007 cells 

 Reversed flow on 660 faces of pressure-outlet 7.
   521  6.3413e-01  8.6871e-05  1.1137e-04  9.3384e-05  2.6785e-03  8.7198e-03  1.3162e-03  0:10:52   79

 turbulent viscosity limited to viscosity ratio of 1.000000e+05 in 1005 cells 

 Reversed flow on 660 faces of pressure-outlet 7.

  iter  continuity  x-velocity  y-velocity  z-velocity           k     epsilon  vf-phase-2     time/iter
   522  6.3445e-01  8.6935e-05  1.1141e-04  9.3401e-05  2.6803e-03  9.2939e-03  1.3120e-03  0:10:40   78

 turbulent viscosity limited to viscosity ratio of 1.000000e+05 in 1003 cells 

 Reversed flow on 655 faces of pressure-outlet 7.
   523  6.3474e-01  8.6966e-05  1.1143e-04  9.3396e-05  2.6781e-03  9.5482e-03  1.3079e-03  0:10:44   77

 turbulent viscosity limited to viscosity ratio of 1.000000e+05 in 1003 cells 

 Reversed flow on 655 faces of pressure-outlet 7.
   524  6.3494e-01  8.7058e-05  1.1145e-04  9.3361e-05  2.6781e-03  9.2819e-03  1.3037e-03  0:10:30   76

 turbulent viscosity limited to viscosity ratio of 1.000000e+05 in 1002 cells 

 Reversed flow on 662 faces of pressure-outlet 7.
   525  6.3525e-01  8.7104e-05  1.1147e-04  9.3327e-05  2.6784e-03  9.6601e-03  1.2997e-03  0:10:33   75

 turbulent viscosity limited to viscosity ratio of 1.000000e+05 in 1003 cells 

 Reversed flow on 662 faces of pressure-outlet 7.
   526  6.3569e-01  8.7105e-05  1.1151e-04  9.3270e-05  2.6786e-03  9.2947e-03  1.2957e-03  0:10:18   74

 turbulent viscosity limited to viscosity ratio of 1.000000e+05 in 1004 cells 

 Reversed flow on 662 faces of pressure-outlet 7.
   527  6.3526e-01  8.7130e-05  1.1155e-04  9.3193e-05  2.6788e-03  9.3601e-03  1.2918e-03  0:10:04   73

 turbulent viscosity limited to viscosity ratio of 1.000000e+05 in 1004 cells 

 Reversed flow on 666 faces of pressure-outlet 7.
   528  6.3546e-01  8.7148e-05  1.1156e-04  9.3059e-05  2.6742e-03  8.7700e-03  1.2879e-03  0:09:52   72

 turbulent viscosity limited to viscosity ratio of 1.000000e+05 in 1003 cells 

 Reversed flow on 659 faces of pressure-outlet 7.
   529  6.3464e-01  8.7186e-05  1.1150e-04  9.2909e-05  2.6762e-03  9.2369e-03  1.2841e-03  0:09:55   71

 turbulent viscosity limited to viscosity ratio of 1.000000e+05 in 1003 cells 

 Reversed flow on 665 faces of pressure-outlet 7.
   530  6.3400e-01  8.7254e-05  1.1149e-04  9.2760e-05  2.6750e-03  8.5951e-03  1.2804e-03  0:09:41   70

 turbulent viscosity limited to viscosity ratio of 1.000000e+05 in 1002 cells 

 Reversed flow on 672 faces of pressure-outlet 7.
   531  6.3314e-01  8.7307e-05  1.1141e-04  9.2632e-05  2.6776e-03  8.9177e-03  1.2768e-03  0:09:29   69

 turbulent viscosity limited to viscosity ratio of 1.000000e+05 in 999 cells 

 Reversed flow on 673 faces of pressure-outlet 7.
   532  6.3302e-01  8.7373e-05  1.1133e-04  9.2449e-05  2.6784e-03  8.4522e-03  1.2733e-03  0:09:31   68

 turbulent viscosity limited to viscosity ratio of 1.000000e+05 in 998 cells 

 Reversed flow on 673 faces of pressure-outlet 7.

  iter  continuity  x-velocity  y-velocity  z-velocity           k     epsilon  vf-phase-2     time/iter
   533  6.3250e-01  8.7423e-05  1.1127e-04  9.2276e-05  2.6808e-03  8.8366e-03  1.2700e-03  0:09:17   67

 turbulent viscosity limited to viscosity ratio of 1.000000e+05 in 998 cells 

 Reversed flow on 648 faces of pressure-outlet 7.
   534  6.3211e-01  8.7483e-05  1.1119e-04  9.2086e-05  2.6849e-03  9.1834e-03  1.2667e-03  0:09:05   66

 turbulent viscosity limited to viscosity ratio of 1.000000e+05 in 996 cells 

 Reversed flow on 652 faces of pressure-outlet 7.
   535  6.3190e-01  8.7509e-05  1.1112e-04  9.1907e-05  2.6930e-03  1.0156e-02  1.2636e-03  0:09:06   65

 turbulent viscosity limited to viscosity ratio of 1.000000e+05 in 996 cells 

 Reversed flow on 652 faces of pressure-outlet 7.
   536  6.3251e-01  8.7542e-05  1.1105e-04  9.1736e-05  2.6947e-03  1.0172e-02  1.2606e-03  0:08:53   64

 turbulent viscosity limited to viscosity ratio of 1.000000e+05 in 996 cells 

 Reversed flow on 648 faces of pressure-outlet 7.
   537  6.3314e-01  8.7588e-05  1.1095e-04  9.1565e-05  2.6975e-03  1.0373e-02  1.2577e-03  0:08:40   63

 turbulent viscosity limited to viscosity ratio of 1.000000e+05 in 994 cells 

 Reversed flow on 643 faces of pressure-outlet 7.
   538  6.3268e-01  8.7636e-05  1.1085e-04  9.1361e-05  2.7007e-03  1.0130e-02  1.2550e-03  0:08:41   62

 turbulent viscosity limited to viscosity ratio of 1.000000e+05 in 994 cells 

 Reversed flow on 636 faces of pressure-outlet 7.
   539  6.3299e-01  8.7645e-05  1.1075e-04  9.1143e-05  2.7027e-03  9.5778e-03  1.2524e-03  0:08:28   61

 turbulent viscosity limited to viscosity ratio of 1.000000e+05 in 992 cells 

 Reversed flow on 633 faces of pressure-outlet 7.
   540  6.3233e-01  8.7653e-05  1.1064e-04  9.0934e-05  2.7032e-03  9.2864e-03  1.2499e-03  0:08:16   60

 turbulent viscosity limited to viscosity ratio of 1.000000e+05 in 991 cells 

 Reversed flow on 633 faces of pressure-outlet 7.
   541  6.3128e-01  8.7669e-05  1.1050e-04  9.0733e-05  2.7078e-03  9.2225e-03  1.2475e-03  0:08:04   59

 turbulent viscosity limited to viscosity ratio of 1.000000e+05 in 990 cells 

 Reversed flow on 638 faces of pressure-outlet 7.
   542  6.3070e-01  8.7698e-05  1.1037e-04  9.0523e-05  2.7121e-03  9.5208e-03  1.2452e-03  0:08:05   58

 turbulent viscosity limited to viscosity ratio of 1.000000e+05 in 989 cells 

 Reversed flow on 642 faces of pressure-outlet 7.
   543  6.2995e-01  8.7698e-05  1.1021e-04  9.0283e-05  2.7139e-03  9.7194e-03  1.2430e-03  0:07:53   57

 turbulent viscosity limited to viscosity ratio of 1.000000e+05 in 988 cells 

 Reversed flow on 632 faces of pressure-outlet 7.

  iter  continuity  x-velocity  y-velocity  z-velocity           k     epsilon  vf-phase-2     time/iter
   544  6.2900e-01  8.7670e-05  1.1007e-04  9.0062e-05  2.7168e-03  9.2252e-03  1.2408e-03  0:07:41   56

 turbulent viscosity limited to viscosity ratio of 1.000000e+05 in 987 cells 

 Reversed flow on 639 faces of pressure-outlet 7.
   545  6.2824e-01  8.7640e-05  1.0994e-04  8.9850e-05  2.7209e-03  9.9214e-03  1.2387e-03  0:07:41   55

 turbulent viscosity limited to viscosity ratio of 1.000000e+05 in 985 cells 

 Reversed flow on 631 faces of pressure-outlet 7.
   546  6.2782e-01  8.7599e-05  1.0979e-04  8.9635e-05  2.7264e-03  1.0198e-02  1.2367e-03  0:07:29   54

 turbulent viscosity limited to viscosity ratio of 1.000000e+05 in 984 cells 

 Reversed flow on 643 faces of pressure-outlet 7.
   547  6.2769e-01  8.7533e-05  1.0966e-04  8.9409e-05  2.7301e-03  1.0682e-02  1.2348e-03  0:07:17   53

 turbulent viscosity limited to viscosity ratio of 1.000000e+05 in 983 cells 

 Reversed flow on 646 faces of pressure-outlet 7.
   548  6.2729e-01  8.7484e-05  1.0951e-04  8.9151e-05  2.7349e-03  1.1444e-02  1.2328e-03  0:07:17   52

 turbulent viscosity limited to viscosity ratio of 1.000000e+05 in 982 cells 

 Reversed flow on 633 faces of pressure-outlet 7.
   549  6.2718e-01  8.7429e-05  1.0935e-04  8.8916e-05  2.7358e-03  1.0396e-02  1.2309e-03  0:07:04   51

 turbulent viscosity limited to viscosity ratio of 1.000000e+05 in 982 cells 

 Reversed flow on 634 faces of pressure-outlet 7.
   550  6.2637e-01  8.7357e-05  1.0921e-04  8.8652e-05  2.7381e-03  9.7787e-03  1.2289e-03  0:06:53   50

 turbulent viscosity limited to viscosity ratio of 1.000000e+05 in 979 cells 

 Reversed flow on 636 faces of pressure-outlet 7.
   551  6.2488e-01  8.7283e-05  1.0907e-04  8.8458e-05  2.7353e-03  8.8384e-03  1.2270e-03  0:06:52   49

 turbulent viscosity limited to viscosity ratio of 1.000000e+05 in 980 cells 

 Reversed flow on 634 faces of pressure-outlet 7.
   552  6.2428e-01  8.7167e-05  1.0894e-04  8.8224e-05  2.7366e-03  9.2921e-03  1.2251e-03  0:06:40   48

 turbulent viscosity limited to viscosity ratio of 1.000000e+05 in 980 cells 

 Reversed flow on 631 faces of pressure-outlet 7.
   553  6.2330e-01  8.7063e-05  1.0873e-04  8.7981e-05  2.7408e-03  1.0414e-02  1.2233e-03  0:06:28   47

 turbulent viscosity limited to viscosity ratio of 1.000000e+05 in 979 cells 

 Reversed flow on 624 faces of pressure-outlet 7.
   554  6.2119e-01  8.7000e-05  1.0859e-04  8.7712e-05  2.7432e-03  1.1211e-02  1.2214e-03  0:06:27   46

 turbulent viscosity limited to viscosity ratio of 1.000000e+05 in 979 cells 

 Reversed flow on 631 faces of pressure-outlet 7.

  iter  continuity  x-velocity  y-velocity  z-velocity           k     epsilon  vf-phase-2     time/iter
   555  6.2040e-01  8.6907e-05  1.0843e-04  8.7493e-05  2.7435e-03  1.0241e-02  1.2196e-03  0:06:15   45

 turbulent viscosity limited to viscosity ratio of 1.000000e+05 in 979 cells 

 Reversed flow on 626 faces of pressure-outlet 7.
   556  6.1932e-01  8.6784e-05  1.0828e-04  8.7251e-05  2.7471e-03  1.1366e-02  1.2177e-03  0:06:03   44

 turbulent viscosity limited to viscosity ratio of 1.000000e+05 in 977 cells 

 Reversed flow on 624 faces of pressure-outlet 7.
   557  6.1853e-01  8.6663e-05  1.0812e-04  8.7021e-05  2.7431e-03  1.0372e-02  1.2159e-03  0:06:02   43

 turbulent viscosity limited to viscosity ratio of 1.000000e+05 in 977 cells 

 Reversed flow on 618 faces of pressure-outlet 7.
   558  6.1709e-01  8.6580e-05  1.0796e-04  8.6782e-05  2.7415e-03  1.0319e-02  1.2141e-03  0:05:50   42

 turbulent viscosity limited to viscosity ratio of 1.000000e+05 in 977 cells 

 Reversed flow on 625 faces of pressure-outlet 7.
   559  6.1528e-01  8.6501e-05  1.0779e-04  8.6527e-05  2.7394e-03  9.7761e-03  1.2123e-03  0:05:39   41

 turbulent viscosity limited to viscosity ratio of 1.000000e+05 in 977 cells 

 Reversed flow on 613 faces of pressure-outlet 7.
   560  6.1386e-01  8.6407e-05  1.0760e-04  8.6292e-05  2.7329e-03  9.0759e-03  1.2105e-03  0:05:36   40

 turbulent viscosity limited to viscosity ratio of 1.000000e+05 in 977 cells 

 Reversed flow on 613 faces of pressure-outlet 7.
   561  6.1318e-01  8.6328e-05  1.0744e-04  8.6047e-05  2.7294e-03  9.3350e-03  1.2087e-03  0:05:25   39

 turbulent viscosity limited to viscosity ratio of 1.000000e+05 in 977 cells 

 Reversed flow on 621 faces of pressure-outlet 7.
   562  6.1271e-01  8.6279e-05  1.0724e-04  8.5854e-05  2.7240e-03  8.5502e-03  1.2068e-03  0:05:14   38

 turbulent viscosity limited to viscosity ratio of 1.000000e+05 in 975 cells 

 Reversed flow on 612 faces of pressure-outlet 7.
   563  6.1120e-01  8.6260e-05  1.0705e-04  8.5686e-05  2.7266e-03  1.0749e-02  1.2051e-03  0:05:11   37

 turbulent viscosity limited to viscosity ratio of 1.000000e+05 in 976 cells 

 Reversed flow on 616 faces of pressure-outlet 7.
   564  6.0924e-01  8.6240e-05  1.0683e-04  8.5438e-05  2.7201e-03  1.0556e-02  1.2033e-03  0:05:00   36

 turbulent viscosity limited to viscosity ratio of 1.000000e+05 in 976 cells 

 Reversed flow on 610 faces of pressure-outlet 7.
   565  6.0792e-01  8.6159e-05  1.0661e-04  8.5220e-05  2.7126e-03  1.0426e-02  1.2016e-03  0:04:49   35

 turbulent viscosity limited to viscosity ratio of 1.000000e+05 in 976 cells 

 Reversed flow on 613 faces of pressure-outlet 7.

  iter  continuity  x-velocity  y-velocity  z-velocity           k     epsilon  vf-phase-2     time/iter
   566  6.0641e-01  8.6122e-05  1.0635e-04  8.5010e-05  2.7066e-03  1.0634e-02  1.1998e-03  0:04:39   34

 turbulent viscosity limited to viscosity ratio of 1.000000e+05 in 973 cells 

 Reversed flow on 608 faces of pressure-outlet 7.
   567  6.0445e-01  8.6058e-05  1.0614e-04  8.4850e-05  2.6972e-03  9.7756e-03  1.1981e-03  0:04:36   33

 turbulent viscosity limited to viscosity ratio of 1.000000e+05 in 973 cells 

 Reversed flow on 604 faces of pressure-outlet 7.
   568  6.0283e-01  8.5982e-05  1.0591e-04  8.4677e-05  2.6886e-03  1.0225e-02  1.1963e-03  0:04:25   32

 turbulent viscosity limited to viscosity ratio of 1.000000e+05 in 973 cells 

 Reversed flow on 601 faces of pressure-outlet 7.
   569  6.0153e-01  8.5901e-05  1.0570e-04  8.4485e-05  2.6796e-03  9.7814e-03  1.1945e-03  0:04:15   31

 turbulent viscosity limited to viscosity ratio of 1.000000e+05 in 973 cells 

 Reversed flow on 607 faces of pressure-outlet 7.
   570  5.9971e-01  8.5816e-05  1.0547e-04  8.4325e-05  2.6693e-03  9.3497e-03  1.1927e-03  0:04:12   30

 turbulent viscosity limited to viscosity ratio of 1.000000e+05 in 972 cells 

 Reversed flow on 592 faces of pressure-outlet 7.
   571  5.9874e-01  8.5761e-05  1.0525e-04  8.4139e-05  2.6614e-03  9.9124e-03  1.1909e-03  0:04:01   29

 turbulent viscosity limited to viscosity ratio of 1.000000e+05 in 971 cells 

 Reversed flow on 584 faces of pressure-outlet 7.
   572  5.9783e-01  8.5687e-05  1.0501e-04  8.3970e-05  2.6522e-03  9.8383e-03  1.1891e-03  0:03:57   28

 turbulent viscosity limited to viscosity ratio of 1.000000e+05 in 970 cells 

 Reversed flow on 587 faces of pressure-outlet 7.
   573  5.9697e-01  8.5614e-05  1.0476e-04  8.3821e-05  2.6397e-03  9.1869e-03  1.1874e-03  0:03:46   27

 turbulent viscosity limited to viscosity ratio of 1.000000e+05 in 970 cells 

 Reversed flow on 606 faces of pressure-outlet 7.
   574  5.9541e-01  8.5546e-05  1.0449e-04  8.3671e-05  2.6330e-03  9.0964e-03  1.1857e-03  0:03:35   26

 turbulent viscosity limited to viscosity ratio of 1.000000e+05 in 969 cells 

 Reversed flow on 583 faces of pressure-outlet 7.
   575  5.9342e-01  8.5498e-05  1.0423e-04  8.3491e-05  2.6310e-03  1.1646e-02  1.1840e-03  0:03:31   25

 turbulent viscosity limited to viscosity ratio of 1.000000e+05 in 968 cells 

 Reversed flow on 593 faces of pressure-outlet 7.
   576  5.9142e-01  8.5376e-05  1.0401e-04  8.3339e-05  2.6196e-03  1.1075e-02  1.1823e-03  0:03:20   24

 turbulent viscosity limited to viscosity ratio of 1.000000e+05 in 967 cells 

 Reversed flow on 592 faces of pressure-outlet 7.

  iter  continuity  x-velocity  y-velocity  z-velocity           k     epsilon  vf-phase-2     time/iter
   577  5.9043e-01  8.5294e-05  1.0377e-04  8.3191e-05  2.6104e-03  9.9804e-03  1.1806e-03  0:03:10   23

 turbulent viscosity limited to viscosity ratio of 1.000000e+05 in 966 cells 

 Reversed flow on 585 faces of pressure-outlet 7.
   578  5.8937e-01  8.5198e-05  1.0351e-04  8.3055e-05  2.5999e-03  9.3076e-03  1.1790e-03  0:03:01   22

 turbulent viscosity limited to viscosity ratio of 1.000000e+05 in 966 cells 

 Reversed flow on 586 faces of pressure-outlet 7.
   579  5.8818e-01  8.5108e-05  1.0326e-04  8.2939e-05  2.5934e-03  9.5512e-03  1.1773e-03  0:02:56   21

 turbulent viscosity limited to viscosity ratio of 1.000000e+05 in 966 cells 

 Reversed flow on 578 faces of pressure-outlet 7.
   580  5.8665e-01  8.4999e-05  1.0301e-04  8.2845e-05  2.5869e-03  9.2761e-03  1.1756e-03  0:02:46   20

 turbulent viscosity limited to viscosity ratio of 1.000000e+05 in 966 cells 

 Reversed flow on 571 faces of pressure-outlet 7.
   581  5.8517e-01  8.4901e-05  1.0278e-04  8.2750e-05  2.5802e-03  9.5952e-03  1.1740e-03  0:02:37   19

 turbulent viscosity limited to viscosity ratio of 1.000000e+05 in 966 cells 

 Reversed flow on 566 faces of pressure-outlet 7.
   582  5.8405e-01  8.4786e-05  1.0257e-04  8.2633e-05  2.5696e-03  9.0910e-03  1.1722e-03  0:02:31   18

 turbulent viscosity limited to viscosity ratio of 1.000000e+05 in 965 cells 

 Reversed flow on 565 faces of pressure-outlet 7.
   583  5.8301e-01  8.4733e-05  1.0233e-04  8.2511e-05  2.5608e-03  9.3661e-03  1.1706e-03  0:02:21   17

 turbulent viscosity limited to viscosity ratio of 1.000000e+05 in 964 cells 

 Reversed flow on 561 faces of pressure-outlet 7.
   584  5.8212e-01  8.4660e-05  1.0206e-04  8.2412e-05  2.5551e-03  9.9267e-03  1.1689e-03  0:02:12   16

 turbulent viscosity limited to viscosity ratio of 1.000000e+05 in 961 cells 

 Reversed flow on 541 faces of pressure-outlet 7.
   585  5.8047e-01  8.4559e-05  1.0183e-04  8.2319e-05  2.5441e-03  9.1402e-03  1.1673e-03  0:02:03   15

 turbulent viscosity limited to viscosity ratio of 1.000000e+05 in 959 cells 

 Reversed flow on 547 faces of pressure-outlet 7.
   586  5.7927e-01  8.4497e-05  1.0161e-04  8.2231e-05  2.5323e-03  9.1980e-03  1.1657e-03  0:01:57   14

 turbulent viscosity limited to viscosity ratio of 1.000000e+05 in 956 cells 

 Reversed flow on 550 faces of pressure-outlet 7.
   587  5.7786e-01  8.4438e-05  1.0139e-04  8.2163e-05  2.5244e-03  9.8444e-03  1.1642e-03  0:01:48   13

 turbulent viscosity limited to viscosity ratio of 1.000000e+05 in 955 cells 

 Reversed flow on 550 faces of pressure-outlet 7.

  iter  continuity  x-velocity  y-velocity  z-velocity           k     epsilon  vf-phase-2     time/iter
   588  5.7649e-01  8.4348e-05  1.0115e-04  8.2046e-05  2.5100e-03  9.2732e-03  1.1628e-03  0:01:39   12

 turbulent viscosity limited to viscosity ratio of 1.000000e+05 in 955 cells 

 Reversed flow on 540 faces of pressure-outlet 7.
   589  5.7514e-01  8.4291e-05  1.0092e-04  8.1960e-05  2.4979e-03  9.5317e-03  1.1613e-03  0:01:32   11

 turbulent viscosity limited to viscosity ratio of 1.000000e+05 in 954 cells 

 Reversed flow on 546 faces of pressure-outlet 7.
   590  5.7385e-01  8.4236e-05  1.0067e-04  8.1877e-05  2.4852e-03  9.8717e-03  1.1599e-03  0:01:23   10

 turbulent viscosity limited to viscosity ratio of 1.000000e+05 in 953 cells 

 Reversed flow on 539 faces of pressure-outlet 7.
   591  5.7347e-01  8.4193e-05  1.0043e-04  8.1785e-05  2.4747e-03  1.0141e-02  1.1586e-03  0:01:14    9

 turbulent viscosity limited to viscosity ratio of 1.000000e+05 in 952 cells 

 Reversed flow on 535 faces of pressure-outlet 7.
   592  5.7335e-01  8.4150e-05  1.0020e-04  8.1700e-05  2.4639e-03  1.0106e-02  1.1573e-03  0:01:07    8

 turbulent viscosity limited to viscosity ratio of 1.000000e+05 in 951 cells 

 Reversed flow on 533 faces of pressure-outlet 7.
   593  5.7230e-01  8.4115e-05  9.9935e-05  8.1648e-05  2.4503e-03  9.8325e-03  1.1560e-03  0:00:58    7

 turbulent viscosity limited to viscosity ratio of 1.000000e+05 in 950 cells 

 Reversed flow on 533 faces of pressure-outlet 7.
   594  5.7133e-01  8.4074e-05  9.9645e-05  8.1556e-05  2.4398e-03  9.7259e-03  1.1548e-03  0:00:50    6

 turbulent viscosity limited to viscosity ratio of 1.000000e+05 in 949 cells 

 Reversed flow on 534 faces of pressure-outlet 7.
   595  5.7027e-01  8.4029e-05  9.9375e-05  8.1457e-05  2.4281e-03  9.2482e-03  1.1536e-03  0:00:41    5

 turbulent viscosity limited to viscosity ratio of 1.000000e+05 in 946 cells 

 Reversed flow on 536 faces of pressure-outlet 7.
   596  5.6939e-01  8.3987e-05  9.9126e-05  8.1382e-05  2.4157e-03  8.7353e-03  1.1524e-03  0:00:33    4

 turbulent viscosity limited to viscosity ratio of 1.000000e+05 in 944 cells 

 Reversed flow on 527 faces of pressure-outlet 7.
   597  5.6865e-01  8.3943e-05  9.8846e-05  8.1267e-05  2.4042e-03  8.7216e-03  1.1513e-03  0:00:25    3

 turbulent viscosity limited to viscosity ratio of 1.000000e+05 in 943 cells 

 Reversed flow on 523 faces of pressure-outlet 7.
   598  5.6804e-01  8.3893e-05  9.8582e-05  8.1161e-05  2.3957e-03  8.9630e-03  1.1503e-03  0:00:16    2

 turbulent viscosity limited to viscosity ratio of 1.000000e+05 in 941 cells 

 Reversed flow on 528 faces of pressure-outlet 7.

  iter  continuity  x-velocity  y-velocity  z-velocity           k     epsilon  vf-phase-2     time/iter
   599  5.6709e-01  8.3842e-05  9.8289e-05  8.1083e-05  2.3869e-03  8.9573e-03  1.1493e-03  0:00:08    1

 turbulent viscosity limited to viscosity ratio of 1.000000e+05 in 943 cells 

 Reversed flow on 525 faces of pressure-outlet 7.
   600  5.6588e-01  8.3772e-05  9.8016e-05  8.1019e-05  2.3782e-03  8.8850e-03  1.1483e-03  0:00:00    0
iterate_600: RPC returned
progress: 600/1500

  iter  continuity  x-velocity  y-velocity  z-velocity           k     epsilon  vf-phase-2     time/iter
   600  5.6588e-01  8.3772e-05  9.8016e-05  8.1019e-05  2.3782e-03  8.8850e-03  1.1483e-03  0:13:51  100

 turbulent viscosity limited to viscosity ratio of 1.000000e+05 in 942 cells 

 Reversed flow on 520 faces of pressure-outlet 7.
   601  5.6508e-01  8.3712e-05  9.7758e-05  8.0936e-05  2.3721e-03  9.5577e-03  1.1474e-03  0:13:56   99

 turbulent viscosity limited to viscosity ratio of 1.000000e+05 in 940 cells 

 Reversed flow on 517 faces of pressure-outlet 7.
   602  5.6464e-01  8.3649e-05  9.7504e-05  8.0830e-05  2.3655e-03  9.4701e-03  1.1465e-03  0:13:39   98

 turbulent viscosity limited to viscosity ratio of 1.000000e+05 in 940 cells 

 Reversed flow on 513 faces of pressure-outlet 7.
   603  5.6379e-01  8.3568e-05  9.7257e-05  8.0747e-05  2.3593e-03  9.8937e-03  1.1454e-03  0:13:24   97

 turbulent viscosity limited to viscosity ratio of 1.000000e+05 in 938 cells 

 Reversed flow on 525 faces of pressure-outlet 7.
   604  5.6286e-01  8.3487e-05  9.7000e-05  8.0630e-05  2.3522e-03  9.8914e-03  1.1444e-03  0:13:29   96

 turbulent viscosity limited to viscosity ratio of 1.000000e+05 in 937 cells 

 Reversed flow on 518 faces of pressure-outlet 7.
   605  5.6207e-01  8.3381e-05  9.6734e-05  8.0544e-05  2.3444e-03  9.6108e-03  1.1433e-03  0:13:13   95

 turbulent viscosity limited to viscosity ratio of 1.000000e+05 in 937 cells 

 Reversed flow on 515 faces of pressure-outlet 7.
   606  5.6108e-01  8.3237e-05  9.6453e-05  8.0473e-05  2.3371e-03  9.1375e-03  1.1422e-03  0:12:58   94

 turbulent viscosity limited to viscosity ratio of 1.000000e+05 in 936 cells 

 Reversed flow on 506 faces of pressure-outlet 7.
   607  5.5958e-01  8.3114e-05  9.6181e-05  8.0352e-05  2.3282e-03  8.0415e-03  1.1410e-03  0:13:03   93

 turbulent viscosity limited to viscosity ratio of 1.000000e+05 in 935 cells 

 Reversed flow on 497 faces of pressure-outlet 7.
   608  5.5859e-01  8.2985e-05  9.5903e-05  8.0234e-05  2.3257e-03  8.7184e-03  1.1396e-03  0:12:47   92

 turbulent viscosity limited to viscosity ratio of 1.000000e+05 in 931 cells 

 Reversed flow on 500 faces of pressure-outlet 7.
   609  5.5769e-01  8.2873e-05  9.5609e-05  8.0122e-05  2.3207e-03  8.4087e-03  1.1382e-03  0:12:51   91

 turbulent viscosity limited to viscosity ratio of 1.000000e+05 in 929 cells 

 Reversed flow on 500 faces of pressure-outlet 7.
   610  5.5652e-01  8.2752e-05  9.5349e-05  8.0024e-05  2.3190e-03  9.0228e-03  1.1367e-03  0:12:34   90

 turbulent viscosity limited to viscosity ratio of 1.000000e+05 in 929 cells 

 Reversed flow on 494 faces of pressure-outlet 7.

  iter  continuity  x-velocity  y-velocity  z-velocity           k     epsilon  vf-phase-2     time/iter
   611  5.5576e-01  8.2633e-05  9.5118e-05  7.9930e-05  2.3146e-03  9.2910e-03  1.1351e-03  0:12:19   89

 turbulent viscosity limited to viscosity ratio of 1.000000e+05 in 929 cells 

 Reversed flow on 484 faces of pressure-outlet 7.
   612  5.5463e-01  8.2496e-05  9.4854e-05  7.9818e-05  2.3129e-03  9.2958e-03  1.1333e-03  0:12:05   88

 turbulent viscosity limited to viscosity ratio of 1.000000e+05 in 928 cells 

 Reversed flow on 483 faces of pressure-outlet 7.
   613  5.5388e-01  8.2342e-05  9.4605e-05  7.9686e-05  2.3114e-03  9.6946e-03  1.1315e-03  0:12:10   87

 turbulent viscosity limited to viscosity ratio of 1.000000e+05 in 928 cells 

 Reversed flow on 464 faces of pressure-outlet 7.
   614  5.5274e-01  8.2243e-05  9.4343e-05  7.9559e-05  2.3082e-03  9.3653e-03  1.1296e-03  0:11:55   86

 turbulent viscosity limited to viscosity ratio of 1.000000e+05 in 926 cells 

 Reversed flow on 470 faces of pressure-outlet 7.
   615  5.5103e-01  8.2145e-05  9.4100e-05  7.9426e-05  2.3076e-03  1.0220e-02  1.1276e-03  0:11:41   85

 turbulent viscosity limited to viscosity ratio of 1.000000e+05 in 926 cells 

 Reversed flow on 460 faces of pressure-outlet 7.
   616  5.4980e-01  8.2023e-05  9.3835e-05  7.9285e-05  2.3006e-03  9.0782e-03  1.1254e-03  0:11:46   84

 turbulent viscosity limited to viscosity ratio of 1.000000e+05 in 926 cells 

 Reversed flow on 458 faces of pressure-outlet 7.
   617  5.4846e-01  8.1910e-05  9.3570e-05  7.9120e-05  2.3014e-03  1.0020e-02  1.1232e-03  0:11:31   83

 turbulent viscosity limited to viscosity ratio of 1.000000e+05 in 924 cells 

 Reversed flow on 447 faces of pressure-outlet 7.
   618  5.4770e-01  8.1813e-05  9.3295e-05  7.8935e-05  2.2946e-03  8.8023e-03  1.1208e-03  0:11:17   82

 turbulent viscosity limited to viscosity ratio of 1.000000e+05 in 924 cells 

 Reversed flow on 444 faces of pressure-outlet 7.
   619  5.4680e-01  8.1735e-05  9.3022e-05  7.8780e-05  2.2897e-03  8.8510e-03  1.1184e-03  0:11:21   81

 turbulent viscosity limited to viscosity ratio of 1.000000e+05 in 923 cells 

 Reversed flow on 443 faces of pressure-outlet 7.
   620  5.4548e-01  8.1645e-05  9.2769e-05  7.8616e-05  2.2880e-03  8.9389e-03  1.1159e-03  0:11:06   80

 turbulent viscosity limited to viscosity ratio of 1.000000e+05 in 923 cells 

 Reversed flow on 434 faces of pressure-outlet 7.
   621  5.4416e-01  8.1559e-05  9.2506e-05  7.8452e-05  2.2819e-03  8.6806e-03  1.1134e-03  0:10:52   79

 turbulent viscosity limited to viscosity ratio of 1.000000e+05 in 922 cells 

 Reversed flow on 437 faces of pressure-outlet 7.

  iter  continuity  x-velocity  y-velocity  z-velocity           k     epsilon  vf-phase-2     time/iter
   622  5.4342e-01  8.1484e-05  9.2235e-05  7.8298e-05  2.2833e-03  1.0100e-02  1.1108e-03  0:10:56   78

 turbulent viscosity limited to viscosity ratio of 1.000000e+05 in 922 cells 

 Reversed flow on 440 faces of pressure-outlet 7.
   623  5.4259e-01  8.1391e-05  9.1992e-05  7.8131e-05  2.2810e-03  9.8705e-03  1.1082e-03  0:10:41   77

 turbulent viscosity limited to viscosity ratio of 1.000000e+05 in 921 cells 

 Reversed flow on 435 faces of pressure-outlet 7.
   624  5.4188e-01  8.1317e-05  9.1803e-05  7.7974e-05  2.2791e-03  9.9234e-03  1.1056e-03  0:10:28   76

 turbulent viscosity limited to viscosity ratio of 1.000000e+05 in 922 cells 

 Reversed flow on 421 faces of pressure-outlet 7.
   625  5.4097e-01  8.1271e-05  9.1594e-05  7.7823e-05  2.2734e-03  8.6813e-03  1.1030e-03  0:10:31   75

 turbulent viscosity limited to viscosity ratio of 1.000000e+05 in 922 cells 

 Reversed flow on 420 faces of pressure-outlet 7.
   626  5.4002e-01  8.1192e-05  9.1375e-05  7.7653e-05  2.2718e-03  8.6769e-03  1.1004e-03  0:10:16   74

 turbulent viscosity limited to viscosity ratio of 1.000000e+05 in 922 cells 

 Reversed flow on 424 faces of pressure-outlet 7.
   627  5.3889e-01  8.1109e-05  9.1187e-05  7.7515e-05  2.2712e-03  9.0263e-03  1.0979e-03  0:10:03   73

 turbulent viscosity limited to viscosity ratio of 1.000000e+05 in 922 cells 

 Reversed flow on 417 faces of pressure-outlet 7.
   628  5.3708e-01  8.1010e-05  9.1011e-05  7.7367e-05  2.2760e-03  1.0745e-02  1.0953e-03  0:09:51   72

 turbulent viscosity limited to viscosity ratio of 1.000000e+05 in 922 cells 

 Reversed flow on 425 faces of pressure-outlet 7.
   629  5.3574e-01  8.0930e-05  9.0812e-05  7.7208e-05  2.2765e-03  9.8143e-03  1.0929e-03  0:09:54   71

 turbulent viscosity limited to viscosity ratio of 1.000000e+05 in 922 cells 

 Reversed flow on 422 faces of pressure-outlet 7.
   630  5.3470e-01  8.0853e-05  9.0638e-05  7.7051e-05  2.2721e-03  8.5470e-03  1.0906e-03  0:09:41   70

 turbulent viscosity limited to viscosity ratio of 1.000000e+05 in 923 cells 

 Reversed flow on 427 faces of pressure-outlet 7.
   631  5.3349e-01  8.0777e-05  9.0467e-05  7.6921e-05  2.2719e-03  8.8253e-03  1.0884e-03  0:09:42   69

 turbulent viscosity limited to viscosity ratio of 1.000000e+05 in 924 cells 

 Reversed flow on 431 faces of pressure-outlet 7.
   632  5.3171e-01  8.0644e-05  9.0323e-05  7.6763e-05  2.2728e-03  8.4985e-03  1.0862e-03  0:09:28   68

 turbulent viscosity limited to viscosity ratio of 1.000000e+05 in 924 cells 

 Reversed flow on 433 faces of pressure-outlet 7.

  iter  continuity  x-velocity  y-velocity  z-velocity           k     epsilon  vf-phase-2     time/iter
   633  5.3034e-01  8.0503e-05  9.0190e-05  7.6614e-05  2.2748e-03  8.6819e-03  1.0842e-03  0:09:15   67

 turbulent viscosity limited to viscosity ratio of 1.000000e+05 in 923 cells 

 Reversed flow on 417 faces of pressure-outlet 7.
   634  5.2954e-01  8.0370e-05  9.0071e-05  7.6484e-05  2.2760e-03  8.4401e-03  1.0823e-03  0:09:16   66

 turbulent viscosity limited to viscosity ratio of 1.000000e+05 in 924 cells 

 Reversed flow on 417 faces of pressure-outlet 7.
   635  5.2865e-01  8.0233e-05  8.9957e-05  7.6377e-05  2.2788e-03  9.3110e-03  1.0806e-03  0:09:02   65

 turbulent viscosity limited to viscosity ratio of 1.000000e+05 in 923 cells 

 Reversed flow on 418 faces of pressure-outlet 7.
   636  5.2775e-01  8.0076e-05  8.9829e-05  7.6296e-05  2.2779e-03  8.2245e-03  1.0789e-03  0:08:49   64

 turbulent viscosity limited to viscosity ratio of 1.000000e+05 in 923 cells 

 Reversed flow on 415 faces of pressure-outlet 7.
   637  5.2681e-01  7.9903e-05  8.9719e-05  7.6196e-05  2.2809e-03  8.8088e-03  1.0774e-03  0:08:38   63

 turbulent viscosity limited to viscosity ratio of 1.000000e+05 in 922 cells 

 Reversed flow on 422 faces of pressure-outlet 7.
   638  5.2578e-01  7.9771e-05  8.9600e-05  7.6138e-05  2.2818e-03  8.9371e-03  1.0760e-03  0:08:39   62

 turbulent viscosity limited to viscosity ratio of 1.000000e+05 in 922 cells 

 Reversed flow on 414 faces of pressure-outlet 7.
   639  5.2559e-01  7.9624e-05  8.9480e-05  7.6098e-05  2.2789e-03  9.1810e-03  1.0746e-03  0:08:26   61

 turbulent viscosity limited to viscosity ratio of 1.000000e+05 in 921 cells 

 Reversed flow on 408 faces of pressure-outlet 7.
   640  5.2476e-01  7.9444e-05  8.9360e-05  7.6042e-05  2.2780e-03  8.7483e-03  1.0734e-03  0:08:14   60

 turbulent viscosity limited to viscosity ratio of 1.000000e+05 in 918 cells 

 Reversed flow on 414 faces of pressure-outlet 7.
   641  5.2370e-01  7.9268e-05  8.9260e-05  7.5978e-05  2.2777e-03  8.6671e-03  1.0722e-03  0:08:15   59

 turbulent viscosity limited to viscosity ratio of 1.000000e+05 in 916 cells 

 Reversed flow on 420 faces of pressure-outlet 7.
   642  5.2201e-01  7.9074e-05  8.9131e-05  7.5922e-05  2.2795e-03  9.8810e-03  1.0712e-03  0:08:02   58

 turbulent viscosity limited to viscosity ratio of 1.000000e+05 in 917 cells 

 Reversed flow on 420 faces of pressure-outlet 7.
   643  5.2109e-01  7.8870e-05  8.9008e-05  7.5877e-05  2.2755e-03  9.9300e-03  1.0701e-03  0:07:50   57

 turbulent viscosity limited to viscosity ratio of 1.000000e+05 in 916 cells 

 Reversed flow on 425 faces of pressure-outlet 7.

  iter  continuity  x-velocity  y-velocity  z-velocity           k     epsilon  vf-phase-2     time/iter
   644  5.2006e-01  7.8681e-05  8.8901e-05  7.5809e-05  2.2730e-03  9.6125e-03  1.0691e-03  0:07:50   56

 turbulent viscosity limited to viscosity ratio of 1.000000e+05 in 916 cells 

 Reversed flow on 423 faces of pressure-outlet 7.
   645  5.1912e-01  7.8486e-05  8.8812e-05  7.5758e-05  2.2669e-03  8.9942e-03  1.0682e-03  0:07:38   55

 turbulent viscosity limited to viscosity ratio of 1.000000e+05 in 915 cells 

 Reversed flow on 417 faces of pressure-outlet 7.
   646  5.1851e-01  7.8319e-05  8.8680e-05  7.5705e-05  2.2624e-03  8.6036e-03  1.0672e-03  0:07:26   54

 turbulent viscosity limited to viscosity ratio of 1.000000e+05 in 914 cells 

 Reversed flow on 407 faces of pressure-outlet 7.
   647  5.1739e-01  7.8104e-05  8.8543e-05  7.5638e-05  2.2582e-03  8.2632e-03  1.0663e-03  0:07:25   53

 turbulent viscosity limited to viscosity ratio of 1.000000e+05 in 913 cells 

 Reversed flow on 414 faces of pressure-outlet 7.
   648  5.1634e-01  7.7912e-05  8.8423e-05  7.5558e-05  2.2566e-03  9.4565e-03  1.0654e-03  0:07:13   52

 turbulent viscosity limited to viscosity ratio of 1.000000e+05 in 910 cells 

 Reversed flow on 416 faces of pressure-outlet 7.
   649  5.1505e-01  7.7718e-05  8.8327e-05  7.5503e-05  2.2520e-03  1.0039e-02  1.0646e-03  0:07:01   51

 turbulent viscosity limited to viscosity ratio of 1.000000e+05 in 911 cells 

 Reversed flow on 436 faces of pressure-outlet 7.
   650  5.1421e-01  7.7545e-05  8.8208e-05  7.5413e-05  2.2476e-03  1.0119e-02  1.0638e-03  0:06:50   50

 turbulent viscosity limited to viscosity ratio of 1.000000e+05 in 911 cells 

 Reversed flow on 432 faces of pressure-outlet 7.
   651  5.1338e-01  7.7359e-05  8.8081e-05  7.5301e-05  2.2410e-03  1.0152e-02  1.0629e-03  0:06:50   49

 turbulent viscosity limited to viscosity ratio of 1.000000e+05 in 911 cells 

 Reversed flow on 436 faces of pressure-outlet 7.
   652  5.1284e-01  7.7214e-05  8.8008e-05  7.5197e-05  2.2353e-03  9.1469e-03  1.0621e-03  0:06:38   48

 turbulent viscosity limited to viscosity ratio of 1.000000e+05 in 911 cells 

 Reversed flow on 442 faces of pressure-outlet 7.
   653  5.1246e-01  7.7078e-05  8.7917e-05  7.5079e-05  2.2292e-03  9.1445e-03  1.0613e-03  0:06:27   47

 turbulent viscosity limited to viscosity ratio of 1.000000e+05 in 911 cells 

 Reversed flow on 440 faces of pressure-outlet 7.
   654  5.1233e-01  7.6939e-05  8.7810e-05  7.4939e-05  2.2209e-03  8.5505e-03  1.0605e-03  0:06:26   46

 turbulent viscosity limited to viscosity ratio of 1.000000e+05 in 911 cells 

 Reversed flow on 437 faces of pressure-outlet 7.

  iter  continuity  x-velocity  y-velocity  z-velocity           k     epsilon  vf-phase-2     time/iter
   655  5.1220e-01  7.6814e-05  8.7712e-05  7.4791e-05  2.2155e-03  8.7135e-03  1.0597e-03  0:06:14   45

 turbulent viscosity limited to viscosity ratio of 1.000000e+05 in 910 cells 

 Reversed flow on 446 faces of pressure-outlet 7.
   656  5.1202e-01  7.6679e-05  8.7636e-05  7.4628e-05  2.2084e-03  8.5294e-03  1.0589e-03  0:06:03   44

 turbulent viscosity limited to viscosity ratio of 1.000000e+05 in 909 cells 

 Reversed flow on 443 faces of pressure-outlet 7.
   657  5.1163e-01  7.6570e-05  8.7532e-05  7.4436e-05  2.2013e-03  7.8159e-03  1.0581e-03  0:06:01   43

 turbulent viscosity limited to viscosity ratio of 1.000000e+05 in 909 cells 

 Reversed flow on 441 faces of pressure-outlet 7.
   658  5.1075e-01  7.6464e-05  8.7435e-05  7.4267e-05  2.1922e-03  7.3038e-03  1.0573e-03  0:05:49   42

 turbulent viscosity limited to viscosity ratio of 1.000000e+05 in 909 cells 

 Reversed flow on 436 faces of pressure-outlet 7.
   659  5.0907e-01  7.6358e-05  8.7342e-05  7.4058e-05  2.1873e-03  7.9734e-03  1.0565e-03  0:05:38   41

 turbulent viscosity limited to viscosity ratio of 1.000000e+05 in 910 cells 

 Reversed flow on 446 faces of pressure-outlet 7.
   660  5.0811e-01  7.6242e-05  8.7275e-05  7.3832e-05  2.1832e-03  8.2478e-03  1.0556e-03  0:05:36   40

 turbulent viscosity limited to viscosity ratio of 1.000000e+05 in 910 cells 

 Reversed flow on 458 faces of pressure-outlet 7.
   661  5.0678e-01  7.6152e-05  8.7236e-05  7.3578e-05  2.1755e-03  7.9562e-03  1.0549e-03  0:05:25   39

 turbulent viscosity limited to viscosity ratio of 1.000000e+05 in 908 cells 

 Reversed flow on 449 faces of pressure-outlet 7.
   662  5.0511e-01  7.6069e-05  8.7177e-05  7.3347e-05  2.1711e-03  8.5233e-03  1.0541e-03  0:05:14   38

 turbulent viscosity limited to viscosity ratio of 1.000000e+05 in 909 cells 

 Reversed flow on 457 faces of pressure-outlet 7.
   663  5.0307e-01  7.6005e-05  8.7133e-05  7.3112e-05  2.1649e-03  8.3585e-03  1.0534e-03  0:05:04   37

 turbulent viscosity limited to viscosity ratio of 1.000000e+05 in 908 cells 

 Reversed flow on 454 faces of pressure-outlet 7.
   664  5.0179e-01  7.5956e-05  8.7078e-05  7.2880e-05  2.1567e-03  7.8650e-03  1.0528e-03  0:05:01   36

 turbulent viscosity limited to viscosity ratio of 1.000000e+05 in 909 cells 

 Reversed flow on 456 faces of pressure-outlet 7.
   665  5.0011e-01  7.5917e-05  8.7035e-05  7.2592e-05  2.1518e-03  8.2999e-03  1.0521e-03  0:04:50   35

 turbulent viscosity limited to viscosity ratio of 1.000000e+05 in 909 cells 

 Reversed flow on 454 faces of pressure-outlet 7.

  iter  continuity  x-velocity  y-velocity  z-velocity           k     epsilon  vf-phase-2     time/iter
   666  4.9871e-01  7.5896e-05  8.6990e-05  7.2316e-05  2.1497e-03  9.1190e-03  1.0516e-03  0:04:47   34

 turbulent viscosity limited to viscosity ratio of 1.000000e+05 in 908 cells 

 Reversed flow on 461 faces of pressure-outlet 7.
   667  4.9750e-01  7.5884e-05  8.6948e-05  7.2056e-05  2.1432e-03  8.6490e-03  1.0510e-03  0:04:35   33

 turbulent viscosity limited to viscosity ratio of 1.000000e+05 in 908 cells 

 Reversed flow on 462 faces of pressure-outlet 7.
   668  4.9593e-01  7.5865e-05  8.6899e-05  7.1782e-05  2.1375e-03  8.6305e-03  1.0505e-03  0:04:25   32

 turbulent viscosity limited to viscosity ratio of 1.000000e+05 in 908 cells 

 Reversed flow on 456 faces of pressure-outlet 7.
   669  4.9470e-01  7.5844e-05  8.6848e-05  7.1513e-05  2.1346e-03  8.5377e-03  1.0501e-03  0:04:21   31

 turbulent viscosity limited to viscosity ratio of 1.000000e+05 in 906 cells 

 Reversed flow on 453 faces of pressure-outlet 7.
   670  4.9370e-01  7.5824e-05  8.6792e-05  7.1248e-05  2.1294e-03  8.3518e-03  1.0496e-03  0:04:10   30

 turbulent viscosity limited to viscosity ratio of 1.000000e+05 in 906 cells 

 Reversed flow on 455 faces of pressure-outlet 7.
   671  4.9278e-01  7.5834e-05  8.6761e-05  7.1008e-05  2.1253e-03  8.0427e-03  1.0492e-03  0:04:00   29

 turbulent viscosity limited to viscosity ratio of 1.000000e+05 in 906 cells 

 Reversed flow on 447 faces of pressure-outlet 7.
   672  4.9189e-01  7.5849e-05  8.6724e-05  7.0785e-05  2.1235e-03  8.3225e-03  1.0487e-03  0:03:50   28

 turbulent viscosity limited to viscosity ratio of 1.000000e+05 in 906 cells 

 Reversed flow on 459 faces of pressure-outlet 7.
   673  4.9075e-01  7.5870e-05  8.6682e-05  7.0583e-05  2.1223e-03  8.9003e-03  1.0484e-03  0:03:46   27

 turbulent viscosity limited to viscosity ratio of 1.000000e+05 in 906 cells 

 Reversed flow on 464 faces of pressure-outlet 7.
   674  4.9012e-01  7.5892e-05  8.6656e-05  7.0387e-05  2.1183e-03  7.9752e-03  1.0479e-03  0:03:36   26

 turbulent viscosity limited to viscosity ratio of 1.000000e+05 in 906 cells 

 Reversed flow on 451 faces of pressure-outlet 7.
   675  4.8879e-01  7.5892e-05  8.6577e-05  7.0182e-05  2.1159e-03  8.5112e-03  1.0473e-03  0:03:26   25

 turbulent viscosity limited to viscosity ratio of 1.000000e+05 in 906 cells 

 Reversed flow on 453 faces of pressure-outlet 7.
   676  4.8766e-01  7.5922e-05  8.6480e-05  6.9989e-05  2.1163e-03  8.3153e-03  1.0467e-03  0:03:21   24

 turbulent viscosity limited to viscosity ratio of 1.000000e+05 in 903 cells 

 Reversed flow on 459 faces of pressure-outlet 7.

  iter  continuity  x-velocity  y-velocity  z-velocity           k     epsilon  vf-phase-2     time/iter
   677  4.8663e-01  7.5946e-05  8.6381e-05  6.9791e-05  2.1137e-03  8.1470e-03  1.0462e-03  0:03:11   23

 turbulent viscosity limited to viscosity ratio of 1.000000e+05 in 903 cells 

 Reversed flow on 464 faces of pressure-outlet 7.
   678  4.8518e-01  7.5952e-05  8.6302e-05  6.9627e-05  2.1129e-03  7.6826e-03  1.0458e-03  0:03:02   22

 turbulent viscosity limited to viscosity ratio of 1.000000e+05 in 902 cells 

 Reversed flow on 458 faces of pressure-outlet 7.
   679  4.8382e-01  7.5956e-05  8.6211e-05  6.9449e-05  2.1093e-03  7.2287e-03  1.0454e-03  0:02:56   21

 turbulent viscosity limited to viscosity ratio of 1.000000e+05 in 902 cells 

 Reversed flow on 454 faces of pressure-outlet 7.
   680  4.8252e-01  7.5940e-05  8.6132e-05  6.9279e-05  2.1072e-03  7.0718e-03  1.0449e-03  0:02:46   20

 turbulent viscosity limited to viscosity ratio of 1.000000e+05 in 901 cells 

 Reversed flow on 445 faces of pressure-outlet 7.
   681  4.8138e-01  7.5939e-05  8.6040e-05  6.9114e-05  2.1067e-03  7.8242e-03  1.0444e-03  0:02:37   19

 turbulent viscosity limited to viscosity ratio of 1.000000e+05 in 901 cells 

 Reversed flow on 453 faces of pressure-outlet 7.
   682  4.8054e-01  7.5896e-05  8.5942e-05  6.8989e-05  2.1070e-03  7.1667e-03  1.0439e-03  0:02:31   18

 turbulent viscosity limited to viscosity ratio of 1.000000e+05 in 900 cells 

 Reversed flow on 456 faces of pressure-outlet 7.
   683  4.7993e-01  7.5862e-05  8.5839e-05  6.8850e-05  2.1066e-03  7.5730e-03  1.0433e-03  0:02:22   17

 turbulent viscosity limited to viscosity ratio of 1.000000e+05 in 900 cells 

 Reversed flow on 463 faces of pressure-outlet 7.
   684  4.7897e-01  7.5824e-05  8.5729e-05  6.8714e-05  2.1039e-03  7.0528e-03  1.0426e-03  0:02:12   16

 turbulent viscosity limited to viscosity ratio of 1.000000e+05 in 899 cells 

 Reversed flow on 457 faces of pressure-outlet 7.
   685  4.7765e-01  7.5741e-05  8.5601e-05  6.8587e-05  2.1014e-03  7.3417e-03  1.0419e-03  0:02:06   15

 turbulent viscosity limited to viscosity ratio of 1.000000e+05 in 898 cells 

 Reversed flow on 459 faces of pressure-outlet 7.
   686  4.7670e-01  7.5645e-05  8.5487e-05  6.8482e-05  2.1004e-03  7.1068e-03  1.0414e-03  0:01:57   14

 turbulent viscosity limited to viscosity ratio of 1.000000e+05 in 897 cells 

 Reversed flow on 458 faces of pressure-outlet 7.
   687  4.7586e-01  7.5566e-05  8.5365e-05  6.8373e-05  2.0985e-03  7.1356e-03  1.0408e-03  0:01:47   13

 turbulent viscosity limited to viscosity ratio of 1.000000e+05 in 896 cells 

 Reversed flow on 453 faces of pressure-outlet 7.

  iter  continuity  x-velocity  y-velocity  z-velocity           k     epsilon  vf-phase-2     time/iter
   688  4.7519e-01  7.5468e-05  8.5233e-05  6.8259e-05  2.0968e-03  6.8451e-03  1.0401e-03  0:01:41   12

 turbulent viscosity limited to viscosity ratio of 1.000000e+05 in 895 cells 

 Reversed flow on 450 faces of pressure-outlet 7.
   689  4.7454e-01  7.5400e-05  8.5087e-05  6.8146e-05  2.0962e-03  7.0327e-03  1.0394e-03  0:01:32   11

 turbulent viscosity limited to viscosity ratio of 1.000000e+05 in 894 cells 

 Reversed flow on 459 faces of pressure-outlet 7.
   690  4.7364e-01  7.5298e-05  8.4929e-05  6.8050e-05  2.0949e-03  6.9691e-03  1.0387e-03  0:01:23   10

 turbulent viscosity limited to viscosity ratio of 1.000000e+05 in 893 cells 

 Reversed flow on 454 faces of pressure-outlet 7.
   691  4.7284e-01  7.5172e-05  8.4772e-05  6.7934e-05  2.0942e-03  7.1987e-03  1.0380e-03  0:01:16    9

 turbulent viscosity limited to viscosity ratio of 1.000000e+05 in 892 cells 

 Reversed flow on 464 faces of pressure-outlet 7.
   692  4.7191e-01  7.5013e-05  8.4619e-05  6.7841e-05  2.0918e-03  7.0085e-03  1.0373e-03  0:01:07    8

 turbulent viscosity limited to viscosity ratio of 1.000000e+05 in 890 cells 

 Reversed flow on 467 faces of pressure-outlet 7.
   693  4.7115e-01  7.4850e-05  8.4452e-05  6.7753e-05  2.0883e-03  6.9413e-03  1.0367e-03  0:00:58    7

 turbulent viscosity limited to viscosity ratio of 1.000000e+05 in 889 cells 

 Reversed flow on 465 faces of pressure-outlet 7.
   694  4.7017e-01  7.4669e-05  8.4284e-05  6.7634e-05  2.0853e-03  6.7679e-03  1.0360e-03  0:00:49    6

 turbulent viscosity limited to viscosity ratio of 1.000000e+05 in 889 cells 

 Reversed flow on 465 faces of pressure-outlet 7.
   695  4.6912e-01  7.4484e-05  8.4102e-05  6.7516e-05  2.0826e-03  6.9294e-03  1.0355e-03  0:00:42    5

 turbulent viscosity limited to viscosity ratio of 1.000000e+05 in 888 cells 

 Reversed flow on 468 faces of pressure-outlet 7.
   696  4.6826e-01  7.4263e-05  8.3901e-05  6.7389e-05  2.0796e-03  7.2838e-03  1.0349e-03  0:00:33    4

 turbulent viscosity limited to viscosity ratio of 1.000000e+05 in 887 cells 

 Reversed flow on 476 faces of pressure-outlet 7.
   697  4.6754e-01  7.4046e-05  8.3701e-05  6.7272e-05  2.0760e-03  7.1555e-03  1.0346e-03  0:00:25    3

 turbulent viscosity limited to viscosity ratio of 1.000000e+05 in 886 cells 

 Reversed flow on 467 faces of pressure-outlet 7.
   698  4.6702e-01  7.3818e-05  8.3487e-05  6.7156e-05  2.0738e-03  7.4899e-03  1.0343e-03  0:00:17    2

 turbulent viscosity limited to viscosity ratio of 1.000000e+05 in 886 cells 

 Reversed flow on 471 faces of pressure-outlet 7.

  iter  continuity  x-velocity  y-velocity  z-velocity           k     epsilon  vf-phase-2     time/iter
   699  4.6629e-01  7.3574e-05  8.3259e-05  6.7036e-05  2.0688e-03  7.3015e-03  1.0342e-03  0:00:09    1

 turbulent viscosity limited to viscosity ratio of 1.000000e+05 in 884 cells 

 Reversed flow on 470 faces of pressure-outlet 7.
   700  4.6572e-01  7.3320e-05  8.3015e-05  6.6896e-05  2.0653e-03  7.9635e-03  1.0343e-03  0:00:00    0
iterate_700: RPC returned
progress: 700/1500

  iter  continuity  x-velocity  y-velocity  z-velocity           k     epsilon  vf-phase-2     time/iter
   700  4.6572e-01  7.3320e-05  8.3015e-05  6.6896e-05  2.0653e-03  7.9635e-03  1.0343e-03  0:14:01  100

 turbulent viscosity limited to viscosity ratio of 1.000000e+05 in 884 cells 

 Reversed flow on 493 faces of pressure-outlet 7.
   701  4.6518e-01  7.3072e-05  8.2793e-05  6.6752e-05  2.0585e-03  7.5410e-03  1.0346e-03  0:14:04   99

 turbulent viscosity limited to viscosity ratio of 1.000000e+05 in 883 cells 

 Reversed flow on 495 faces of pressure-outlet 7.
   702  4.6417e-01  7.2829e-05  8.2557e-05  6.6605e-05  2.0532e-03  7.5577e-03  1.0351e-03  0:13:45   98

 turbulent viscosity limited to viscosity ratio of 1.000000e+05 in 881 cells 

 Reversed flow on 485 faces of pressure-outlet 7.
   703  4.6312e-01  7.2578e-05  8.2313e-05  6.6451e-05  2.0464e-03  7.1701e-03  1.0357e-03  0:13:48   97

 turbulent viscosity limited to viscosity ratio of 1.000000e+05 in 878 cells 

 Reversed flow on 484 faces of pressure-outlet 7.
   704  4.6180e-01  7.2291e-05  8.2027e-05  6.6286e-05  2.0404e-03  7.3728e-03  1.0365e-03  0:13:29   96

 turbulent viscosity limited to viscosity ratio of 1.000000e+05 in 877 cells 

 Reversed flow on 491 faces of pressure-outlet 7.
   705  4.6047e-01  7.1997e-05  8.1736e-05  6.6119e-05  2.0320e-03  7.1097e-03  1.0375e-03  0:13:13   95

 turbulent viscosity limited to viscosity ratio of 1.000000e+05 in 877 cells 

 Reversed flow on 488 faces of pressure-outlet 7.
   706  4.5960e-01  7.1695e-05  8.1450e-05  6.5959e-05  2.0234e-03  6.8546e-03  1.0386e-03  0:13:17   94

 turbulent viscosity limited to viscosity ratio of 1.000000e+05 in 877 cells 

 Reversed flow on 490 faces of pressure-outlet 7.
   707  4.5866e-01  7.1408e-05  8.1155e-05  6.5780e-05  2.0151e-03  6.8243e-03  1.0398e-03  0:12:59   93

 turbulent viscosity limited to viscosity ratio of 1.000000e+05 in 877 cells 

 Reversed flow on 489 faces of pressure-outlet 7.
   708  4.5766e-01  7.1147e-05  8.0859e-05  6.5607e-05  2.0082e-03  7.3417e-03  1.0411e-03  0:12:44   92

 turbulent viscosity limited to viscosity ratio of 1.000000e+05 in 877 cells 

 Reversed flow on 488 faces of pressure-outlet 7.
   709  4.5709e-01  7.0874e-05  8.0545e-05  6.5419e-05  1.9989e-03  6.7391e-03  1.0426e-03  0:12:48   91

 turbulent viscosity limited to viscosity ratio of 1.000000e+05 in 876 cells 

 Reversed flow on 484 faces of pressure-outlet 7.
   710  4.5608e-01  7.0558e-05  8.0230e-05  6.5229e-05  1.9868e-03  6.2967e-03  1.0443e-03  0:12:32   90

 turbulent viscosity limited to viscosity ratio of 1.000000e+05 in 876 cells 

 Reversed flow on 491 faces of pressure-outlet 7.

  iter  continuity  x-velocity  y-velocity  z-velocity           k     epsilon  vf-phase-2     time/iter
   711  4.5507e-01  7.0242e-05  7.9909e-05  6.5066e-05  1.9796e-03  7.1315e-03  1.0462e-03  0:12:17   89

 turbulent viscosity limited to viscosity ratio of 1.000000e+05 in 876 cells 

 Reversed flow on 488 faces of pressure-outlet 7.
   712  4.5431e-01  6.9952e-05  7.9582e-05  6.4899e-05  1.9707e-03  6.6990e-03  1.0482e-03  0:12:22   88

 turbulent viscosity limited to viscosity ratio of 1.000000e+05 in 875 cells 

 Reversed flow on 485 faces of pressure-outlet 7.
   713  4.5379e-01  6.9652e-05  7.9279e-05  6.4728e-05  1.9656e-03  7.8621e-03  1.0504e-03  0:12:06   87

 turbulent viscosity limited to viscosity ratio of 1.000000e+05 in 875 cells 

 Reversed flow on 483 faces of pressure-outlet 7.
   714  4.5273e-01  6.9349e-05  7.8952e-05  6.4555e-05  1.9562e-03  7.4059e-03  1.0528e-03  0:11:51   86

 turbulent viscosity limited to viscosity ratio of 1.000000e+05 in 875 cells 

 Reversed flow on 495 faces of pressure-outlet 7.
   715  4.5163e-01  6.9036e-05  7.8639e-05  6.4382e-05  1.9473e-03  7.1055e-03  1.0552e-03  0:11:56   85

 turbulent viscosity limited to viscosity ratio of 1.000000e+05 in 876 cells 

 Reversed flow on 480 faces of pressure-outlet 7.
   716  4.5058e-01  6.8740e-05  7.8310e-05  6.4215e-05  1.9351e-03  6.5823e-03  1.0578e-03  0:11:40   84

 turbulent viscosity limited to viscosity ratio of 1.000000e+05 in 876 cells 

 Reversed flow on 479 faces of pressure-outlet 7.
   717  4.4961e-01  6.8433e-05  7.7983e-05  6.4047e-05  1.9267e-03  6.9139e-03  1.0605e-03  0:11:26   83

 turbulent viscosity limited to viscosity ratio of 1.000000e+05 in 875 cells 

 Reversed flow on 490 faces of pressure-outlet 7.
   718  4.4849e-01  6.8121e-05  7.7643e-05  6.3882e-05  1.9166e-03  6.4794e-03  1.0633e-03  0:11:30   82

 turbulent viscosity limited to viscosity ratio of 1.000000e+05 in 875 cells 

 Reversed flow on 491 faces of pressure-outlet 7.
   719  4.4745e-01  6.7808e-05  7.7313e-05  6.3724e-05  1.9096e-03  6.9341e-03  1.0661e-03  0:11:15   81

 turbulent viscosity limited to viscosity ratio of 1.000000e+05 in 875 cells 

 Reversed flow on 485 faces of pressure-outlet 7.
   720  4.4660e-01  6.7495e-05  7.6989e-05  6.3567e-05  1.9012e-03  6.5760e-03  1.0690e-03  0:11:01   80

 turbulent viscosity limited to viscosity ratio of 1.000000e+05 in 875 cells 

 Reversed flow on 493 faces of pressure-outlet 7.
   721  4.4578e-01  6.7184e-05  7.6659e-05  6.3403e-05  1.8939e-03  6.7070e-03  1.0720e-03  0:11:05   79

 turbulent viscosity limited to viscosity ratio of 1.000000e+05 in 874 cells 

 Reversed flow on 483 faces of pressure-outlet 7.

  iter  continuity  x-velocity  y-velocity  z-velocity           k     epsilon  vf-phase-2     time/iter
   722  4.4483e-01  6.6876e-05  7.6324e-05  6.3257e-05  1.8855e-03  6.2317e-03  1.0750e-03  0:10:50   78

 turbulent viscosity limited to viscosity ratio of 1.000000e+05 in 874 cells 

 Reversed flow on 484 faces of pressure-outlet 7.
   723  4.4388e-01  6.6555e-05  7.6010e-05  6.3082e-05  1.8803e-03  6.2733e-03  1.0781e-03  0:10:36   77

 turbulent viscosity limited to viscosity ratio of 1.000000e+05 in 874 cells 

 Reversed flow on 481 faces of pressure-outlet 7.
   724  4.4318e-01  6.6262e-05  7.5729e-05  6.2940e-05  1.8754e-03  6.4815e-03  1.0812e-03  0:10:39   76

 turbulent viscosity limited to viscosity ratio of 1.000000e+05 in 873 cells 

 Reversed flow on 491 faces of pressure-outlet 7.
   725  4.4256e-01  6.5976e-05  7.5396e-05  6.2797e-05  1.8698e-03  6.1853e-03  1.0843e-03  0:10:25   75

 turbulent viscosity limited to viscosity ratio of 1.000000e+05 in 872 cells 

 Reversed flow on 491 faces of pressure-outlet 7.
   726  4.4176e-01  6.5671e-05  7.5083e-05  6.2644e-05  1.8644e-03  6.2673e-03  1.0874e-03  0:10:11   74

 turbulent viscosity limited to viscosity ratio of 1.000000e+05 in 872 cells 

 Reversed flow on 487 faces of pressure-outlet 7.
   727  4.4076e-01  6.5366e-05  7.4794e-05  6.2495e-05  1.8623e-03  7.3732e-03  1.0905e-03  0:10:14   73

 turbulent viscosity limited to viscosity ratio of 1.000000e+05 in 872 cells 

 Reversed flow on 487 faces of pressure-outlet 7.
   728  4.3982e-01  6.5083e-05  7.4508e-05  6.2333e-05  1.8588e-03  7.2999e-03  1.0935e-03  0:10:00   72

 turbulent viscosity limited to viscosity ratio of 1.000000e+05 in 870 cells 

 Reversed flow on 487 faces of pressure-outlet 7.
   729  4.3931e-01  6.4813e-05  7.4219e-05  6.2174e-05  1.8538e-03  6.8880e-03  1.0965e-03  0:09:47   71

 turbulent viscosity limited to viscosity ratio of 1.000000e+05 in 870 cells 

 Reversed flow on 498 faces of pressure-outlet 7.
   730  4.3868e-01  6.4523e-05  7.3954e-05  6.1990e-05  1.8506e-03  7.1077e-03  1.0995e-03  0:09:49   70

 turbulent viscosity limited to viscosity ratio of 1.000000e+05 in 870 cells 

 Reversed flow on 494 faces of pressure-outlet 7.
   731  4.3780e-01  6.4241e-05  7.3692e-05  6.1825e-05  1.8475e-03  7.3020e-03  1.1023e-03  0:09:35   69

 turbulent viscosity limited to viscosity ratio of 1.000000e+05 in 869 cells 

 Reversed flow on 498 faces of pressure-outlet 7.
   732  4.3678e-01  6.3981e-05  7.3435e-05  6.1655e-05  1.8427e-03  6.8552e-03  1.1051e-03  0:09:22   68

 turbulent viscosity limited to viscosity ratio of 1.000000e+05 in 869 cells 

 Reversed flow on 483 faces of pressure-outlet 7.

  iter  continuity  x-velocity  y-velocity  z-velocity           k     epsilon  vf-phase-2     time/iter
   733  4.3567e-01  6.3711e-05  7.3162e-05  6.1482e-05  1.8400e-03  8.1033e-03  1.1080e-03  0:09:23   67

 turbulent viscosity limited to viscosity ratio of 1.000000e+05 in 869 cells 

 Reversed flow on 490 faces of pressure-outlet 7.
   734  4.3490e-01  6.3466e-05  7.2898e-05  6.1313e-05  1.8345e-03  7.2624e-03  1.1108e-03  0:09:10   66

 turbulent viscosity limited to viscosity ratio of 1.000000e+05 in 869 cells 

 Reversed flow on 495 faces of pressure-outlet 7.
   735  4.3384e-01  6.3216e-05  7.2648e-05  6.1147e-05  1.8296e-03  7.0141e-03  1.1136e-03  0:08:57   65

 turbulent viscosity limited to viscosity ratio of 1.000000e+05 in 868 cells 

 Reversed flow on 502 faces of pressure-outlet 7.
   736  4.3342e-01  6.2990e-05  7.2404e-05  6.0970e-05  1.8227e-03  6.9281e-03  1.1163e-03  0:08:45   64

 turbulent viscosity limited to viscosity ratio of 1.000000e+05 in 868 cells 

 Reversed flow on 506 faces of pressure-outlet 7.
   737  4.3282e-01  6.2766e-05  7.2154e-05  6.0795e-05  1.8175e-03  6.7097e-03  1.1188e-03  0:08:47   63

 turbulent viscosity limited to viscosity ratio of 1.000000e+05 in 868 cells 

 Reversed flow on 489 faces of pressure-outlet 7.
   738  4.3185e-01  6.2530e-05  7.1908e-05  6.0623e-05  1.8102e-03  6.0966e-03  1.1214e-03  0:08:34   62

 turbulent viscosity limited to viscosity ratio of 1.000000e+05 in 868 cells 

 Reversed flow on 494 faces of pressure-outlet 7.
   739  4.3109e-01  6.2304e-05  7.1658e-05  6.0463e-05  1.8065e-03  6.3735e-03  1.1238e-03  0:08:22   61

 turbulent viscosity limited to viscosity ratio of 1.000000e+05 in 868 cells 

 Reversed flow on 489 faces of pressure-outlet 7.
   740  4.3048e-01  6.2075e-05  7.1422e-05  6.0313e-05  1.8020e-03  6.4379e-03  1.1261e-03  0:08:23   60

 turbulent viscosity limited to viscosity ratio of 1.000000e+05 in 868 cells 

 Reversed flow on 487 faces of pressure-outlet 7.
   741  4.2966e-01  6.1866e-05  7.1219e-05  6.0164e-05  1.7969e-03  6.4641e-03  1.1282e-03  0:08:10   59

 turbulent viscosity limited to viscosity ratio of 1.000000e+05 in 868 cells 

 Reversed flow on 497 faces of pressure-outlet 7.
   742  4.2888e-01  6.1652e-05  7.1015e-05  6.0022e-05  1.7957e-03  9.9017e-03  1.1301e-03  0:07:58   58

 turbulent viscosity limited to viscosity ratio of 1.000000e+05 in 867 cells 

 Reversed flow on 501 faces of pressure-outlet 7.
   743  4.2802e-01  6.1431e-05  7.0786e-05  5.9881e-05  1.7931e-03  8.4145e-03  1.1318e-03  0:07:59   57

 turbulent viscosity limited to viscosity ratio of 1.000000e+05 in 866 cells 

 Reversed flow on 493 faces of pressure-outlet 7.

  iter  continuity  x-velocity  y-velocity  z-velocity           k     epsilon  vf-phase-2     time/iter
   744  4.2687e-01  6.1223e-05  7.0569e-05  5.9749e-05  1.7843e-03  6.9142e-03  1.1333e-03  0:07:46   56

 turbulent viscosity limited to viscosity ratio of 1.000000e+05 in 866 cells 

 Reversed flow on 491 faces of pressure-outlet 7.
   745  4.2594e-01  6.1033e-05  7.0357e-05  5.9623e-05  1.7786e-03  6.6945e-03  1.1345e-03  0:07:34   55

 turbulent viscosity limited to viscosity ratio of 1.000000e+05 in 866 cells 

 Reversed flow on 489 faces of pressure-outlet 7.
   746  4.2548e-01  6.0863e-05  7.0165e-05  5.9505e-05  1.7739e-03  7.2847e-03  1.1355e-03  0:07:34   54

 turbulent viscosity limited to viscosity ratio of 1.000000e+05 in 865 cells 

 Reversed flow on 495 faces of pressure-outlet 7.
   747  4.2466e-01  6.0680e-05  7.0000e-05  5.9376e-05  1.7713e-03  6.9106e-03  1.1364e-03  0:07:21   53

 turbulent viscosity limited to viscosity ratio of 1.000000e+05 in 865 cells 

 Reversed flow on 485 faces of pressure-outlet 7.
   748  4.2381e-01  6.0515e-05  6.9826e-05  5.9240e-05  1.7677e-03  6.7083e-03  1.1370e-03  0:07:09   52

 turbulent viscosity limited to viscosity ratio of 1.000000e+05 in 865 cells 

 Reversed flow on 483 faces of pressure-outlet 7.
   749  4.2299e-01  6.0364e-05  6.9662e-05  5.9117e-05  1.7653e-03  7.5775e-03  1.1374e-03  0:07:09   51

 turbulent viscosity limited to viscosity ratio of 1.000000e+05 in 866 cells 

 Reversed flow on 476 faces of pressure-outlet 7.
   750  4.2263e-01  6.0188e-05  6.9490e-05  5.9014e-05  1.7624e-03  7.4125e-03  1.1378e-03  0:06:56   50

 turbulent viscosity limited to viscosity ratio of 1.000000e+05 in 864 cells 

 Reversed flow on 486 faces of pressure-outlet 7.
   751  4.2181e-01  6.0033e-05  6.9316e-05  5.8909e-05  1.7611e-03  7.3497e-03  1.1380e-03  0:06:45   49

 turbulent viscosity limited to viscosity ratio of 1.000000e+05 in 864 cells 

 Reversed flow on 491 faces of pressure-outlet 7.
   752  4.2148e-01  5.9896e-05  6.9147e-05  5.8777e-05  1.7578e-03  6.9499e-03  1.1381e-03  0:06:44   48

 turbulent viscosity limited to viscosity ratio of 1.000000e+05 in 864 cells 

 Reversed flow on 486 faces of pressure-outlet 7.
   753  4.2095e-01  5.9758e-05  6.8974e-05  5.8645e-05  1.7532e-03  6.5909e-03  1.1381e-03  0:06:31   47

 turbulent viscosity limited to viscosity ratio of 1.000000e+05 in 864 cells 

 Reversed flow on 489 faces of pressure-outlet 7.
   754  4.2039e-01  5.9614e-05  6.8793e-05  5.8511e-05  1.7500e-03  6.2937e-03  1.1381e-03  0:06:20   46

 turbulent viscosity limited to viscosity ratio of 1.000000e+05 in 863 cells 

 Reversed flow on 483 faces of pressure-outlet 7.

  iter  continuity  x-velocity  y-velocity  z-velocity           k     epsilon  vf-phase-2     time/iter
   755  4.1951e-01  5.9499e-05  6.8609e-05  5.8377e-05  1.7494e-03  6.5654e-03  1.1379e-03  0:06:18   45

 turbulent viscosity limited to viscosity ratio of 1.000000e+05 in 863 cells 

 Reversed flow on 484 faces of pressure-outlet 7.
   756  4.1886e-01  5.9353e-05  6.8433e-05  5.8262e-05  1.7475e-03  6.2278e-03  1.1375e-03  0:06:06   44

 turbulent viscosity limited to viscosity ratio of 1.000000e+05 in 862 cells 

 Reversed flow on 478 faces of pressure-outlet 7.
   757  4.1832e-01  5.9222e-05  6.8265e-05  5.8128e-05  1.7458e-03  6.6376e-03  1.1372e-03  0:05:55   43

 turbulent viscosity limited to viscosity ratio of 1.000000e+05 in 862 cells 

 Reversed flow on 480 faces of pressure-outlet 7.
   758  4.1767e-01  5.9103e-05  6.8088e-05  5.7984e-05  1.7451e-03  6.9920e-03  1.1369e-03  0:05:53   42

 turbulent viscosity limited to viscosity ratio of 1.000000e+05 in 862 cells 

 Reversed flow on 470 faces of pressure-outlet 7.
   759  4.1710e-01  5.8976e-05  6.7909e-05  5.7858e-05  1.7444e-03  7.0968e-03  1.1364e-03  0:05:41   41

 turbulent viscosity limited to viscosity ratio of 1.000000e+05 in 862 cells 

 Reversed flow on 476 faces of pressure-outlet 7.
   760  4.1654e-01  5.8863e-05  6.7727e-05  5.7731e-05  1.7452e-03  7.9289e-03  1.1360e-03  0:05:30   40

 turbulent viscosity limited to viscosity ratio of 1.000000e+05 in 861 cells 

 Reversed flow on 480 faces of pressure-outlet 7.
   761  4.1607e-01  5.8764e-05  6.7548e-05  5.7610e-05  1.7458e-03  8.3695e-03  1.1356e-03  0:05:28   39

 turbulent viscosity limited to viscosity ratio of 1.000000e+05 in 861 cells 

 Reversed flow on 481 faces of pressure-outlet 7.
   762  4.1516e-01  5.8665e-05  6.7370e-05  5.7490e-05  1.7399e-03  7.4894e-03  1.1351e-03  0:05:16   38

 turbulent viscosity limited to viscosity ratio of 1.000000e+05 in 860 cells 

 Reversed flow on 474 faces of pressure-outlet 7.
   763  4.1469e-01  5.8563e-05  6.7175e-05  5.7356e-05  1.7383e-03  7.4109e-03  1.1347e-03  0:05:06   37

 turbulent viscosity limited to viscosity ratio of 1.000000e+05 in 860 cells 

 Reversed flow on 472 faces of pressure-outlet 7.
   764  4.1385e-01  5.8445e-05  6.6990e-05  5.7244e-05  1.7334e-03  7.0406e-03  1.1342e-03  0:05:03   36

 turbulent viscosity limited to viscosity ratio of 1.000000e+05 in 860 cells 

 Reversed flow on 478 faces of pressure-outlet 7.
   765  4.1299e-01  5.8309e-05  6.6795e-05  5.7118e-05  1.7306e-03  7.1138e-03  1.1338e-03  0:04:51   35

 turbulent viscosity limited to viscosity ratio of 1.000000e+05 in 860 cells 

 Reversed flow on 475 faces of pressure-outlet 7.

  iter  continuity  x-velocity  y-velocity  z-velocity           k     epsilon  vf-phase-2     time/iter
   766  4.1191e-01  5.8172e-05  6.6598e-05  5.6977e-05  1.7303e-03  7.5312e-03  1.1335e-03  0:04:41   34

 turbulent viscosity limited to viscosity ratio of 1.000000e+05 in 859 cells 

 Reversed flow on 473 faces of pressure-outlet 7.
   767  4.1086e-01  5.8035e-05  6.6415e-05  5.6824e-05  1.7252e-03  6.9561e-03  1.1331e-03  0:04:38   33

 turbulent viscosity limited to viscosity ratio of 1.000000e+05 in 858 cells 

 Reversed flow on 479 faces of pressure-outlet 7.
   768  4.0960e-01  5.7901e-05  6.6236e-05  5.6692e-05  1.7222e-03  7.2384e-03  1.1328e-03  0:04:26   32

 turbulent viscosity limited to viscosity ratio of 1.000000e+05 in 858 cells 

 Reversed flow on 469 faces of pressure-outlet 7.
   769  4.0899e-01  5.7762e-05  6.6059e-05  5.6558e-05  1.7236e-03  1.0348e-02  1.1326e-03  0:04:16   31

 turbulent viscosity limited to viscosity ratio of 1.000000e+05 in 857 cells 

 Reversed flow on 467 faces of pressure-outlet 7.
   770  4.0843e-01  5.7623e-05  6.5883e-05  5.6425e-05  1.7184e-03  9.6559e-03  1.1322e-03  0:04:06   30

 turbulent viscosity limited to viscosity ratio of 1.000000e+05 in 856 cells 

 Reversed flow on 481 faces of pressure-outlet 7.
   771  4.0773e-01  5.7481e-05  6.5711e-05  5.6310e-05  1.7193e-03  9.5849e-03  1.1318e-03  0:04:03   29

 turbulent viscosity limited to viscosity ratio of 1.000000e+05 in 855 cells 

 Reversed flow on 484 faces of pressure-outlet 7.
   772  4.0728e-01  5.7325e-05  6.5527e-05  5.6196e-05  1.7103e-03  7.5343e-03  1.1314e-03  0:03:52   28

 turbulent viscosity limited to viscosity ratio of 1.000000e+05 in 855 cells 

 Reversed flow on 477 faces of pressure-outlet 7.
   773  4.0628e-01  5.7178e-05  6.5323e-05  5.6066e-05  1.7050e-03  7.3015e-03  1.1308e-03  0:03:48   27

 turbulent viscosity limited to viscosity ratio of 1.000000e+05 in 855 cells 

 Reversed flow on 484 faces of pressure-outlet 7.
   774  4.0558e-01  5.7037e-05  6.5115e-05  5.5913e-05  1.7019e-03  8.4375e-03  1.1303e-03  0:03:37   26

 turbulent viscosity limited to viscosity ratio of 1.000000e+05 in 855 cells 

 Reversed flow on 471 faces of pressure-outlet 7.
   775  4.0433e-01  5.6882e-05  6.4916e-05  5.5800e-05  1.6950e-03  7.0542e-03  1.1299e-03  0:03:27   25

 turbulent viscosity limited to viscosity ratio of 1.000000e+05 in 854 cells 

 Reversed flow on 481 faces of pressure-outlet 7.
   776  4.0349e-01  5.6751e-05  6.4724e-05  5.5661e-05  1.6886e-03  6.9480e-03  1.1294e-03  0:03:22   24

 turbulent viscosity limited to viscosity ratio of 1.000000e+05 in 854 cells 

 Reversed flow on 475 faces of pressure-outlet 7.

  iter  continuity  x-velocity  y-velocity  z-velocity           k     epsilon  vf-phase-2     time/iter
   777  4.0262e-01  5.6607e-05  6.4534e-05  5.5527e-05  1.6847e-03  6.9086e-03  1.1288e-03  0:03:12   23

 turbulent viscosity limited to viscosity ratio of 1.000000e+05 in 855 cells 

 Reversed flow on 482 faces of pressure-outlet 7.
   778  4.0174e-01  5.6454e-05  6.4352e-05  5.5409e-05  1.6821e-03  8.6260e-03  1.1283e-03  0:03:02   22

 turbulent viscosity limited to viscosity ratio of 1.000000e+05 in 854 cells 

 Reversed flow on 498 faces of pressure-outlet 7.
   779  4.0109e-01  5.6314e-05  6.4152e-05  5.5296e-05  1.6771e-03  7.7637e-03  1.1278e-03  0:02:53   21

 turbulent viscosity limited to viscosity ratio of 1.000000e+05 in 854 cells 

 Reversed flow on 482 faces of pressure-outlet 7.
   780  4.0048e-01  5.6153e-05  6.3962e-05  5.5219e-05  1.6722e-03  8.0495e-03  1.1273e-03  0:02:47   20

 turbulent viscosity limited to viscosity ratio of 1.000000e+05 in 854 cells 

 Reversed flow on 489 faces of pressure-outlet 7.
   781  3.9946e-01  5.5986e-05  6.3751e-05  5.5132e-05  1.6653e-03  7.2938e-03  1.1267e-03  0:02:38   19

 turbulent viscosity limited to viscosity ratio of 1.000000e+05 in 853 cells 

 Reversed flow on 488 faces of pressure-outlet 7.
   782  3.9838e-01  5.5804e-05  6.3525e-05  5.5012e-05  1.6571e-03  6.8664e-03  1.1259e-03  0:02:28   18

 turbulent viscosity limited to viscosity ratio of 1.000000e+05 in 854 cells 

 Reversed flow on 498 faces of pressure-outlet 7.
   783  3.9694e-01  5.5653e-05  6.3302e-05  5.4895e-05  1.6523e-03  7.1348e-03  1.1251e-03  0:02:23   17

 turbulent viscosity limited to viscosity ratio of 1.000000e+05 in 854 cells 

 Reversed flow on 492 faces of pressure-outlet 7.
   784  3.9590e-01  5.5513e-05  6.3086e-05  5.4786e-05  1.6446e-03  6.9697e-03  1.1244e-03  0:02:13   16

 turbulent viscosity limited to viscosity ratio of 1.000000e+05 in 854 cells 

 Reversed flow on 500 faces of pressure-outlet 7.
   785  3.9505e-01  5.5353e-05  6.2849e-05  5.4673e-05  1.6377e-03  7.2096e-03  1.1236e-03  0:02:04   15

 turbulent viscosity limited to viscosity ratio of 1.000000e+05 in 854 cells 

 Reversed flow on 500 faces of pressure-outlet 7.
   786  3.9460e-01  5.5193e-05  6.2624e-05  5.4580e-05  1.6328e-03  7.5930e-03  1.1228e-03  0:01:58   14

 turbulent viscosity limited to viscosity ratio of 1.000000e+05 in 854 cells 

 Reversed flow on 504 faces of pressure-outlet 7.
   787  3.9389e-01  5.5037e-05  6.2385e-05  5.4470e-05  1.6258e-03  7.4850e-03  1.1220e-03  0:01:48   13

 turbulent viscosity limited to viscosity ratio of 1.000000e+05 in 853 cells 

 Reversed flow on 506 faces of pressure-outlet 7.

  iter  continuity  x-velocity  y-velocity  z-velocity           k     epsilon  vf-phase-2     time/iter
   788  3.9290e-01  5.4876e-05  6.2140e-05  5.4335e-05  1.6215e-03  8.0511e-03  1.1212e-03  0:01:39   12

 turbulent viscosity limited to viscosity ratio of 1.000000e+05 in 853 cells 

 Reversed flow on 502 faces of pressure-outlet 7.
   789  3.9167e-01  5.4727e-05  6.1895e-05  5.4202e-05  1.6156e-03  7.7605e-03  1.1203e-03  0:01:30   11

 turbulent viscosity limited to viscosity ratio of 1.000000e+05 in 852 cells 

 Reversed flow on 520 faces of pressure-outlet 7.
   790  3.9064e-01  5.4542e-05  6.1647e-05  5.4076e-05  1.6071e-03  7.1863e-03  1.1192e-03  0:01:24   10

 turbulent viscosity limited to viscosity ratio of 1.000000e+05 in 852 cells 

 Reversed flow on 520 faces of pressure-outlet 7.
   791  3.8980e-01  5.4358e-05  6.1390e-05  5.3952e-05  1.6021e-03  7.7522e-03  1.1181e-03  0:01:15    9

 turbulent viscosity limited to viscosity ratio of 1.000000e+05 in 852 cells 

 Reversed flow on 518 faces of pressure-outlet 7.
   792  3.8877e-01  5.4191e-05  6.1152e-05  5.3822e-05  1.5955e-03  7.0592e-03  1.1169e-03  0:01:07    8

 turbulent viscosity limited to viscosity ratio of 1.000000e+05 in 852 cells 

 Reversed flow on 519 faces of pressure-outlet 7.
   793  3.8782e-01  5.4033e-05  6.0907e-05  5.3691e-05  1.5926e-03  8.3675e-03  1.1157e-03  0:00:58    7

 turbulent viscosity limited to viscosity ratio of 1.000000e+05 in 851 cells 

 Reversed flow on 529 faces of pressure-outlet 7.
   794  3.8691e-01  5.3884e-05  6.0675e-05  5.3543e-05  1.5865e-03  7.3061e-03  1.1145e-03  0:00:50    6

 turbulent viscosity limited to viscosity ratio of 1.000000e+05 in 851 cells 

 Reversed flow on 524 faces of pressure-outlet 7.
   795  3.8607e-01  5.3728e-05  6.0447e-05  5.3393e-05  1.5788e-03  6.8309e-03  1.1132e-03  0:00:42    5

 turbulent viscosity limited to viscosity ratio of 1.000000e+05 in 850 cells 

 Reversed flow on 528 faces of pressure-outlet 7.
   796  3.8528e-01  5.3569e-05  6.0220e-05  5.3226e-05  1.5722e-03  7.1403e-03  1.1119e-03  0:00:33    4

 turbulent viscosity limited to viscosity ratio of 1.000000e+05 in 849 cells 

 Reversed flow on 534 faces of pressure-outlet 7.
   797  3.8421e-01  5.3379e-05  5.9988e-05  5.3050e-05  1.5679e-03  7.1592e-03  1.1105e-03  0:00:25    3

 turbulent viscosity limited to viscosity ratio of 1.000000e+05 in 850 cells 

 Reversed flow on 535 faces of pressure-outlet 7.
   798  3.8335e-01  5.3223e-05  5.9753e-05  5.2877e-05  1.5632e-03  6.7776e-03  1.1092e-03  0:00:17    2

 turbulent viscosity limited to viscosity ratio of 1.000000e+05 in 850 cells 

 Reversed flow on 525 faces of pressure-outlet 7.

  iter  continuity  x-velocity  y-velocity  z-velocity           k     epsilon  vf-phase-2     time/iter
   799  3.8241e-01  5.3068e-05  5.9516e-05  5.2708e-05  1.5586e-03  6.8386e-03  1.1077e-03  0:00:08    1

 turbulent viscosity limited to viscosity ratio of 1.000000e+05 in 851 cells 

 Reversed flow on 533 faces of pressure-outlet 7.
   800  3.8187e-01  5.2918e-05  5.9293e-05  5.2530e-05  1.5541e-03  7.0162e-03  1.1063e-03  0:00:00    0
iterate_800: RPC returned
progress: 800/1500

  iter  continuity  x-velocity  y-velocity  z-velocity           k     epsilon  vf-phase-2     time/iter
   800  3.8187e-01  5.2918e-05  5.9293e-05  5.2530e-05  1.5541e-03  7.0162e-03  1.1063e-03  0:13:44  100

 turbulent viscosity limited to viscosity ratio of 1.000000e+05 in 848 cells 

 Reversed flow on 540 faces of pressure-outlet 7.
   801  3.8100e-01  5.2763e-05  5.9062e-05  5.2360e-05  1.5513e-03  7.1475e-03  1.1049e-03  0:13:51   99

 turbulent viscosity limited to viscosity ratio of 1.000000e+05 in 847 cells 

 Reversed flow on 541 faces of pressure-outlet 7.
   802  3.8005e-01  5.2620e-05  5.8841e-05  5.2191e-05  1.5466e-03  7.2636e-03  1.1034e-03  0:13:35   98

 turbulent viscosity limited to viscosity ratio of 1.000000e+05 in 847 cells 

 Reversed flow on 560 faces of pressure-outlet 7.
   803  3.7936e-01  5.2462e-05  5.8628e-05  5.2010e-05  1.5426e-03  7.4711e-03  1.1018e-03  0:13:20   97

 turbulent viscosity limited to viscosity ratio of 1.000000e+05 in 848 cells 

 Reversed flow on 548 faces of pressure-outlet 7.
   804  3.7821e-01  5.2305e-05  5.8419e-05  5.1816e-05  1.5365e-03  6.5592e-03  1.1003e-03  0:13:26   96

 turbulent viscosity limited to viscosity ratio of 1.000000e+05 in 848 cells 

 Reversed flow on 541 faces of pressure-outlet 7.
   805  3.7719e-01  5.2160e-05  5.8212e-05  5.1634e-05  1.5373e-03  8.1151e-03  1.0988e-03  0:13:10   95

 turbulent viscosity limited to viscosity ratio of 1.000000e+05 in 847 cells 

 Reversed flow on 546 faces of pressure-outlet 7.
   806  3.7619e-01  5.2005e-05  5.7998e-05  5.1458e-05  1.5315e-03  7.6220e-03  1.0973e-03  0:12:56   94

 turbulent viscosity limited to viscosity ratio of 1.000000e+05 in 846 cells 

 Reversed flow on 551 faces of pressure-outlet 7.
   807  3.7548e-01  5.1836e-05  5.7782e-05  5.1277e-05  1.5294e-03  8.4036e-03  1.0958e-03  0:13:02   93

 turbulent viscosity limited to viscosity ratio of 1.000000e+05 in 846 cells 

 Reversed flow on 551 faces of pressure-outlet 7.
   808  3.7437e-01  5.1672e-05  5.7563e-05  5.1113e-05  1.5220e-03  7.0910e-03  1.0944e-03  0:12:46   92

 turbulent viscosity limited to viscosity ratio of 1.000000e+05 in 846 cells 

 Reversed flow on 563 faces of pressure-outlet 7.
   809  3.7345e-01  5.1501e-05  5.7359e-05  5.0924e-05  1.5178e-03  7.3132e-03  1.0931e-03  0:12:32   91

 turbulent viscosity limited to viscosity ratio of 1.000000e+05 in 846 cells 

 Reversed flow on 568 faces of pressure-outlet 7.
   810  3.7267e-01  5.1324e-05  5.7153e-05  5.0747e-05  1.5146e-03  7.5836e-03  1.0919e-03  0:12:37   90

 turbulent viscosity limited to viscosity ratio of 1.000000e+05 in 846 cells 

 Reversed flow on 557 faces of pressure-outlet 7.

  iter  continuity  x-velocity  y-velocity  z-velocity           k     epsilon  vf-phase-2     time/iter
   811  3.7197e-01  5.1142e-05  5.6947e-05  5.0569e-05  1.5107e-03  7.1379e-03  1.0909e-03  0:12:21   89

 turbulent viscosity limited to viscosity ratio of 1.000000e+05 in 845 cells 

 Reversed flow on 560 faces of pressure-outlet 7.
   812  3.7128e-01  5.0958e-05  5.6759e-05  5.0386e-05  1.5041e-03  6.6510e-03  1.0898e-03  0:12:07   88

 turbulent viscosity limited to viscosity ratio of 1.000000e+05 in 845 cells 

 Reversed flow on 556 faces of pressure-outlet 7.
   813  3.7095e-01  5.0786e-05  5.6564e-05  5.0213e-05  1.5013e-03  6.8841e-03  1.0889e-03  0:12:12   87

 turbulent viscosity limited to viscosity ratio of 1.000000e+05 in 845 cells 

 Reversed flow on 560 faces of pressure-outlet 7.
   814  3.7033e-01  5.0599e-05  5.6377e-05  5.0054e-05  1.5016e-03  8.0033e-03  1.0882e-03  0:11:56   86

 turbulent viscosity limited to viscosity ratio of 1.000000e+05 in 846 cells 

 Reversed flow on 558 faces of pressure-outlet 7.
   815  3.6975e-01  5.0417e-05  5.6197e-05  4.9867e-05  1.4960e-03  7.5984e-03  1.0875e-03  0:11:42   85

 turbulent viscosity limited to viscosity ratio of 1.000000e+05 in 846 cells 

 Reversed flow on 562 faces of pressure-outlet 7.
   816  3.6895e-01  5.0229e-05  5.6017e-05  4.9681e-05  1.4907e-03  7.4998e-03  1.0868e-03  0:11:46   84

 turbulent viscosity limited to viscosity ratio of 1.000000e+05 in 846 cells 

 Reversed flow on 568 faces of pressure-outlet 7.
   817  3.6786e-01  5.0046e-05  5.5822e-05  4.9491e-05  1.4888e-03  7.6363e-03  1.0863e-03  0:11:31   83

 turbulent viscosity limited to viscosity ratio of 1.000000e+05 in 847 cells 

 Reversed flow on 569 faces of pressure-outlet 7.
   818  3.6705e-01  4.9848e-05  5.5628e-05  4.9297e-05  1.4845e-03  7.2277e-03  1.0858e-03  0:11:17   82

 turbulent viscosity limited to viscosity ratio of 1.000000e+05 in 847 cells 

 Reversed flow on 566 faces of pressure-outlet 7.
   819  3.6627e-01  4.9644e-05  5.5442e-05  4.9110e-05  1.4799e-03  6.7228e-03  1.0854e-03  0:11:21   81

 turbulent viscosity limited to viscosity ratio of 1.000000e+05 in 847 cells 

 Reversed flow on 575 faces of pressure-outlet 7.
   820  3.6526e-01  4.9463e-05  5.5245e-05  4.8955e-05  1.4763e-03  6.1352e-03  1.0851e-03  0:11:06   80
