Connecting to Fluent server 1 using IP/port: 10.104.145.85:61169
/Users/andy/Desktop/P4P/P4P_knowledgeWiki/PyAnsys/.venv/lib/python3.12/site-packages/ansys/fluent/core/fluent_connection.py:306: InsecureGrpcWarning: The Fluent session will be connected in insecure gRPC mode. This mode is not recommended. For more details on the implications and usage of insecure mode, refer to the Fluent documentation.
  warnings.warn(
/Users/andy/Desktop/P4P/P4P_knowledgeWiki/PyAnsys/.venv/lib/python3.12/site-packages/ansys/tools/common/cyberchannel.py:188: UserWarning: Starting gRPC client without TLS on 10.104.145.85:61169. This is INSECURE. Consider using a secure connection.
  warn(f"Starting gRPC client without TLS on {target}. This is INSECURE. Consider using a secure connection.")

Connected to Fluent Ansys Fluent 2024 R2

=== Run Case 1 / 1600 -25% ===

=== Load Base Case ===
Note: Rank = 0: Process affinity not being set (6).
Note: Rank = 1: Process affinity not being set (6).
Note: Rank = 2: Process affinity not being set (6).
Note: Rank = 3: Process affinity not being set (6).
Note: Rank = 4: Process affinity not being set (6).
Note: Rank = 5: Process affinity not being set (6).
Note: Rank = 6: Process affinity not being set (6).
Note: Rank = 7: Process affinity not being set (6).
Note: Rank = 8: Process affinity not being set (6).
Note: Rank = 9: Process affinity not being set (6).

       Clearing partially read grid.

Reading from EN439159:"C:\Users\qtra338\Documents\baseline.cas.h5" in NODE0 mode ...
  Reading mesh ...
     5578299 cells,     1 cell zone  ...
        5578299 tetrahedral cells,  zone id: 3
    11355491 faces,     5 face zones ...
         374376 triangular wall faces,  zone id: 1
       10957705 triangular interior faces,  zone id: 2
           8700 triangular mass-flow-inlet faces,  zone id: 6
           5435 triangular pressure-outlet faces,  zone id: 7
           9275 triangular wall faces,  zone id: 8
     1026091 nodes,     1 node zone  ...
  Done.


Building...
     mesh
	distributing mesh
		parts..........,
		faces..........,
		nodes..........,
		cells..........,
        bandwidth reduction using Reverse Cuthill-McKee: 558580/15010 = 37.2139
     materials,
     interface,
     domains,
	mixture
	phase-1
	phase-2
	interaction
     zones,
	fluid  (phase-2)
	interior-fluid  (phase-2)
	fluid  (phase-1)
	interior-fluid  (phase-1)
	wall-fluid  (phase-1)
	wall-fluid  (phase-2)
	inlet  (phase-1)
	inlet  (phase-2)
	steam_outlet  (phase-1)
	steam_outlet  (phase-2)
	fluid_outlet  (phase-1)
	fluid_outlet  (phase-2)
	interior-fluid
	wall-fluid
	inlet
	steam_outlet
	fluid_outlet
	fluid
     parallel,
Done.
read_base_case: OK

=== Set Inlet Phase Mass Flows ===
set_inlet_phase_mass_flows: OK
{
  "mixture": {
    "momentum": {
      "reference_frame": "Absolute",
      "supersonic_gauge_pressure": {
        "option": "value",
        "value": 1140000
      },
      "direction_specification": "Normal to Boundary"
    },
    "turbulence": {
      "turbulence_specification": "Intensity and Hydraulic Diameter",
      "turbulent_intensity": 0.02152499951888,
      "hydraulic_diameter": 0.7240000000000001
    },
    "dpm": {
      "discrete_phase_bc_type": "escape"
    },
    "multiphase": {}
  },
  "phase-1": {
    "momentum": {
      "mass_flow_specification": "Mass Flow Rate",
      "mass_flow_rate": {
        "option": "value",
        "value": 60.52
      }
    },
    "turbulence": {},
    "dpm": {},
    "multiphase": {}
  },
  "phase-2": {
    "momentum": {
      "mass_flow_specification": "Mass Flow Rate",
      "mass_flow_rate": {
        "option": "value",
        "value": 87.69
      }
    },
    "turbulence": {},
    "dpm": {},
    "multiphase": {}
  }
}

=== Set DPM Injections ===
DPM velocity mode: face-normal
injection-0_particle_type: OK
injection-0_material: OK
injection-0_injection_type_surface: OK
injection-0_location: OK
injection-0_mass_flow_rate: OK
injection-0_use_face_normal_direction: OK
injection-0_velocity_magnitude: OK
injection-0_particle_size: OK
injection-1_particle_type: OK
injection-1_material: OK
injection-1_injection_type_surface: OK
injection-1_location: OK
injection-1_mass_flow_rate: OK
injection-1_use_face_normal_direction: OK
injection-1_velocity_magnitude: OK
injection-1_particle_size: OK
injection-2_particle_type: OK
injection-2_material: OK
injection-2_injection_type_surface: OK
injection-2_location: OK
injection-2_mass_flow_rate: OK
injection-2_use_face_normal_direction: OK
injection-2_velocity_magnitude: OK
injection-2_particle_size: OK
injection-3_particle_type: OK
injection-3_material: OK
injection-3_injection_type_surface: OK
injection-3_location: OK
injection-3_mass_flow_rate: OK
injection-3_use_face_normal_direction: OK
injection-3_velocity_magnitude: OK
injection-3_particle_size: OK
injection-4_particle_type: OK
injection-4_material: OK
injection-4_injection_type_surface: OK
injection-4_location: OK
injection-4_mass_flow_rate: OK
injection-4_use_face_normal_direction: OK
injection-4_velocity_magnitude: OK
injection-4_particle_size: OK
injection-5_particle_type: OK
injection-5_material: OK
injection-5_injection_type_surface: OK
injection-5_location: OK
injection-5_mass_flow_rate: OK
injection-5_use_face_normal_direction: OK
injection-5_velocity_magnitude: OK
injection-5_particle_size: OK
injection-6_particle_type: OK
injection-6_material: OK
injection-6_injection_type_surface: OK
injection-6_location: OK
injection-6_mass_flow_rate: OK
injection-6_use_face_normal_direction: OK
injection-6_velocity_magnitude: OK
injection-6_particle_size: OK
injection-7_particle_type: OK
injection-7_material: OK
injection-7_injection_type_surface: OK
injection-7_location: OK
injection-7_mass_flow_rate: OK
injection-7_use_face_normal_direction: OK
injection-7_velocity_magnitude: OK
injection-7_particle_size: OK
injection-8_particle_type: OK
injection-8_material: OK
injection-8_injection_type_surface: OK
injection-8_location: OK
injection-8_mass_flow_rate: OK
injection-8_use_face_normal_direction: OK
injection-8_velocity_magnitude: OK
injection-8_particle_size: OK
initialize: SKIPPED because case reports 1000 existing iterations

=== Run Iterations ===
active_calculation_state: clearing stale state ['interrupt']
interrupt_stale_calculation: OK
Done.

> 
Initialize using the hybrid initialization method.

Checking case topology... 
-This case has both inlets & outlets 
-Pressure information is not available at the boundaries.
 Case will be initialized with constant pressure

	iter		scalar-0

	1		1.000000e+00
	2		2.902463e-04
	3		5.344461e-05
	4		1.945017e-05
	5		6.037563e-06
	6		2.150747e-06
	7		7.443881e-07
	8		2.662060e-07
	9		9.551195e-08
	10		3.578380e-08

Hybrid initialization is done.

  iter  continuity  x-velocity  y-velocity  z-velocity           k     epsilon  vf-phase-2     time/iter

 turbulent viscosity limited to viscosity ratio of 1.000000e+05 in 162 cells 
     1  1.0000e+00  1.0458e-03  1.4522e-03  1.1210e-03  8.9972e+01  3.0461e+06  9.9448e-02  0:19:48   99

 turbulent viscosity limited to viscosity ratio of 1.000000e+05 in 763 cells 
     2  1.0000e+00  7.2340e-04  9.4998e-04  7.4760e-04  1.5859e-01  2.7713e-01  6.0067e-01  0:18:37   98

 turbulent viscosity limited to viscosity ratio of 1.000000e+05 in 1138 cells 

 Reversed flow on 34 faces of pressure-outlet 7.
     3  7.4077e-01  4.3085e-04  5.9487e-04  4.4083e-04  1.4428e-01  8.6484e-01  3.0032e-01  0:17:39   97

 turbulent viscosity limited to viscosity ratio of 1.000000e+05 in 895 cells 

 Reversed flow on 182 faces of pressure-outlet 7.
     4  5.9774e-01  3.5431e-04  4.8158e-04  3.6474e-04  1.2579e-01  5.2017e-01  2.0021e-01  0:16:51   96

 turbulent viscosity limited to viscosity ratio of 1.000000e+05 in 579 cells 

 Reversed flow on 312 faces of pressure-outlet 7.
     5  5.8758e-01  3.3744e-04  4.3874e-04  3.5046e-04  1.1210e-01  3.7043e-01  1.5015e-01  0:16:12   95

 turbulent viscosity limited to viscosity ratio of 1.000000e+05 in 351 cells 

 Reversed flow on 409 faces of pressure-outlet 7.
     6  4.5909e-01  2.9884e-04  3.7535e-04  3.1220e-04  9.0620e-02  3.0907e-01  1.2012e-01  0:15:20   94

 turbulent viscosity limited to viscosity ratio of 1.000000e+05 in 222 cells 

 Reversed flow on 524 faces of pressure-outlet 7.
     7  4.0246e-01  2.7152e-04  3.2319e-04  2.8618e-04  7.7235e-02  9.4610e-01  1.0010e-01  0:14:55   93

 turbulent viscosity limited to viscosity ratio of 1.000000e+05 in 176 cells 

 Reversed flow on 630 faces of pressure-outlet 7.
     8  4.7317e-01  2.7035e-04  2.9724e-04  2.9083e-04  7.3232e-02  1.0340e+00  8.5805e-02  0:14:34   92

 turbulent viscosity limited to viscosity ratio of 1.000000e+05 in 183 cells 

 Reversed flow on 651 faces of pressure-outlet 7.
     9  3.7274e-01  2.4567e-04  2.5572e-04  2.6964e-04  5.9372e-02  2.7288e-01  7.5081e-02  0:14:15   91

 turbulent viscosity limited to viscosity ratio of 1.000000e+05 in 191 cells 

 Reversed flow on 658 faces of pressure-outlet 7.
    10  3.3467e-01  2.3032e-04  2.3053e-04  2.5466e-04  5.7134e-02  3.6372e-01  6.6741e-02  0:13:59   90

 turbulent viscosity limited to viscosity ratio of 1.000000e+05 in 211 cells 

 Reversed flow on 648 faces of pressure-outlet 7.
    11  3.5627e-01  2.2508e-04  2.1439e-04  2.4847e-04  4.6450e-02  2.8820e-01  6.0071e-02  0:13:26   89

 turbulent viscosity limited to viscosity ratio of 1.000000e+05 in 238 cells 

 Reversed flow on 634 faces of pressure-outlet 7.

  iter  continuity  x-velocity  y-velocity  z-velocity           k     epsilon  vf-phase-2     time/iter
    12  3.0897e-01  2.1272e-04  1.9414e-04  2.3761e-04  3.8208e-02  2.4072e-01  5.4613e-02  0:13:16   88

 turbulent viscosity limited to viscosity ratio of 1.000000e+05 in 260 cells 

 Reversed flow on 623 faces of pressure-outlet 7.
    13  3.4710e-01  2.1176e-04  1.8843e-04  2.3962e-04  3.2276e-02  1.9339e-01  5.0063e-02  0:13:06   87

 turbulent viscosity limited to viscosity ratio of 1.000000e+05 in 300 cells 

 Reversed flow on 632 faces of pressure-outlet 7.
    14  3.0048e-01  2.0031e-04  1.7509e-04  2.2946e-04  2.7486e-02  1.4785e-01  4.6213e-02  0:12:56   86

 turbulent viscosity limited to viscosity ratio of 1.000000e+05 in 343 cells 

 Reversed flow on 634 faces of pressure-outlet 7.
    15  3.3341e-01  1.9997e-04  1.6930e-04  2.2988e-04  2.4176e-02  1.2235e-01  4.2913e-02  0:12:47   85

 turbulent viscosity limited to viscosity ratio of 1.000000e+05 in 419 cells 

 Reversed flow on 635 faces of pressure-outlet 7.
    16  2.9352e-01  1.9134e-04  1.5936e-04  2.2403e-04  2.1292e-02  1.0140e-01  4.0054e-02  0:12:38   84

 turbulent viscosity limited to viscosity ratio of 1.000000e+05 in 495 cells 

 Reversed flow on 638 faces of pressure-outlet 7.
    17  3.1004e-01  1.9182e-04  1.5908e-04  2.2631e-04  1.9049e-02  8.7087e-02  3.7552e-02  0:12:28   83

 turbulent viscosity limited to viscosity ratio of 1.000000e+05 in 602 cells 

 Reversed flow on 657 faces of pressure-outlet 7.
    18  2.8977e-01  1.8612e-04  1.5278e-04  2.2347e-04  1.7365e-02  7.4070e-02  3.5345e-02  0:12:03   82

 turbulent viscosity limited to viscosity ratio of 1.000000e+05 in 727 cells 

 Reversed flow on 650 faces of pressure-outlet 7.
    19  3.3423e-01  1.9013e-04  1.5699e-04  2.2953e-04  1.5992e-02  6.6482e-02  3.3383e-02  0:11:57   81

 turbulent viscosity limited to viscosity ratio of 1.000000e+05 in 865 cells 

 Reversed flow on 670 faces of pressure-outlet 7.
    20  3.0636e-01  1.8442e-04  1.5069e-04  2.2708e-04  1.4816e-02  6.1082e-02  3.1627e-02  0:11:50   80

 turbulent viscosity limited to viscosity ratio of 1.000000e+05 in 1016 cells 

 Reversed flow on 692 faces of pressure-outlet 7.
    21  3.1653e-01  1.8592e-04  1.5292e-04  2.3020e-04  1.3846e-02  5.3037e-02  3.0047e-02  0:11:43   79

 turbulent viscosity limited to viscosity ratio of 1.000000e+05 in 1216 cells 

 Reversed flow on 701 faces of pressure-outlet 7.
    22  3.5123e-01  1.8842e-04  1.5502e-04  2.3598e-04  1.3058e-02  5.0933e-02  2.8618e-02  0:11:36   78

 turbulent viscosity limited to viscosity ratio of 1.000000e+05 in 1430 cells 

 Reversed flow on 712 faces of pressure-outlet 7.

  iter  continuity  x-velocity  y-velocity  z-velocity           k     epsilon  vf-phase-2     time/iter
    23  3.3119e-01  1.8675e-04  1.5311e-04  2.3656e-04  1.2410e-02  8.2305e-02  2.7318e-02  0:11:28   77

 turbulent viscosity limited to viscosity ratio of 1.000000e+05 in 1664 cells 

 Reversed flow on 714 faces of pressure-outlet 7.
    24  3.9544e-01  1.9377e-04  1.6209e-04  2.4665e-04  1.1998e-02  8.8040e-02  2.6132e-02  0:11:20   76

 turbulent viscosity limited to viscosity ratio of 1.000000e+05 in 1852 cells 

 Reversed flow on 710 faces of pressure-outlet 7.
    25  3.5585e-01  1.9141e-04  1.5916e-04  2.4713e-04  1.2752e-02  1.7396e-01  2.5044e-02  0:10:57   75

 turbulent viscosity limited to viscosity ratio of 1.000000e+05 in 2085 cells 

 Reversed flow on 712 faces of pressure-outlet 7.
    26  3.9503e-01  1.9694e-04  1.6550e-04  2.5558e-04  1.1934e-02  1.0885e-01  2.4043e-02  0:10:52   74

 turbulent viscosity limited to viscosity ratio of 1.000000e+05 in 2328 cells 

 Reversed flow on 713 faces of pressure-outlet 7.
    27  3.7337e-01  1.9607e-04  1.6471e-04  2.5902e-04  1.1570e-02  9.7759e-02  2.3120e-02  0:10:46   73

 turbulent viscosity limited to viscosity ratio of 1.000000e+05 in 2589 cells 

 Reversed flow on 701 faces of pressure-outlet 7.
    28  4.5140e-01  2.0298e-04  1.7756e-04  2.7324e-04  1.0719e-02  7.0635e-02  2.2265e-02  0:10:39   72

 turbulent viscosity limited to viscosity ratio of 1.000000e+05 in 2856 cells 

 Reversed flow on 723 faces of pressure-outlet 7.
    29  4.0413e-01  2.0000e-04  1.7317e-04  2.7348e-04  1.0184e-02  5.7332e-02  2.1471e-02  0:10:32   71

 turbulent viscosity limited to viscosity ratio of 1.000000e+05 in 3147 cells 

 Reversed flow on 711 faces of pressure-outlet 7.
    30  4.2534e-01  2.0260e-04  1.7894e-04  2.7753e-04  9.7597e-03  5.0279e-02  2.0732e-02  0:10:25   70

 turbulent viscosity limited to viscosity ratio of 1.000000e+05 in 3426 cells 

 Reversed flow on 719 faces of pressure-outlet 7.
    31  4.4224e-01  2.0356e-04  1.8185e-04  2.8174e-04  9.3323e-03  3.9800e-02  2.0042e-02  0:10:17   69

 turbulent viscosity limited to viscosity ratio of 1.000000e+05 in 3714 cells 

 Reversed flow on 717 faces of pressure-outlet 7.
    32  4.4850e-01  2.0351e-04  1.8452e-04  2.8567e-04  8.9766e-03  3.4198e-02  1.9396e-02  0:10:09   68

 turbulent viscosity limited to viscosity ratio of 1.000000e+05 in 3987 cells 

 Reversed flow on 700 faces of pressure-outlet 7.
    33  4.6078e-01  2.0247e-04  1.8728e-04  2.8654e-04  8.6944e-03  3.1260e-02  1.8791e-02  0:10:00   67

 turbulent viscosity limited to viscosity ratio of 1.000000e+05 in 4299 cells 

 Reversed flow on 713 faces of pressure-outlet 7.

  iter  continuity  x-velocity  y-velocity  z-velocity           k     epsilon  vf-phase-2     time/iter
    34  4.6692e-01  2.0026e-04  1.8906e-04  2.8640e-04  8.4178e-03  2.7603e-02  1.8222e-02  0:09:39   66

 turbulent viscosity limited to viscosity ratio of 1.000000e+05 in 4543 cells 

 Reversed flow on 715 faces of pressure-outlet 7.
    35  4.7355e-01  1.9756e-04  1.9103e-04  2.8491e-04  8.1915e-03  2.5953e-02  1.7687e-02  0:09:33   65

 turbulent viscosity limited to viscosity ratio of 1.000000e+05 in 4788 cells 

 Reversed flow on 725 faces of pressure-outlet 7.
    36  4.8106e-01  1.9492e-04  1.9285e-04  2.8273e-04  7.9638e-03  2.3528e-02  1.7183e-02  0:09:26   64

 turbulent viscosity limited to viscosity ratio of 1.000000e+05 in 5053 cells 

 Reversed flow on 724 faces of pressure-outlet 7.
    37  4.8328e-01  1.9163e-04  1.9420e-04  2.8002e-04  7.7684e-03  2.1759e-02  1.6707e-02  0:09:20   63

 turbulent viscosity limited to viscosity ratio of 1.000000e+05 in 5287 cells 

 Reversed flow on 712 faces of pressure-outlet 7.
    38  4.8549e-01  1.8826e-04  1.9498e-04  2.7536e-04  7.6189e-03  2.0292e-02  1.6256e-02  0:09:12   62

 turbulent viscosity limited to viscosity ratio of 1.000000e+05 in 5551 cells 

 Reversed flow on 709 faces of pressure-outlet 7.
    39  4.8442e-01  1.8487e-04  1.9519e-04  2.7041e-04  7.4827e-03  1.8663e-02  1.5829e-02  0:09:04   61

 turbulent viscosity limited to viscosity ratio of 1.000000e+05 in 5864 cells 

 Reversed flow on 718 faces of pressure-outlet 7.
    40  4.8047e-01  1.8138e-04  1.9524e-04  2.6569e-04  7.3857e-03  1.7902e-02  1.5424e-02  0:08:56   60

 turbulent viscosity limited to viscosity ratio of 1.000000e+05 in 6143 cells 

 Reversed flow on 715 faces of pressure-outlet 7.
    41  4.7583e-01  1.7699e-04  1.9435e-04  2.6163e-04  7.3089e-03  1.7252e-02  1.5039e-02  0:08:48   59

 turbulent viscosity limited to viscosity ratio of 1.000000e+05 in 6463 cells 

 Reversed flow on 716 faces of pressure-outlet 7.
    42  4.7663e-01  1.7276e-04  1.9335e-04  2.5725e-04  7.2599e-03  1.7268e-02  1.4673e-02  0:08:40   58

 turbulent viscosity limited to viscosity ratio of 1.000000e+05 in 6747 cells 

 Reversed flow on 712 faces of pressure-outlet 7.
    43  4.7719e-01  1.6885e-04  1.9231e-04  2.5328e-04  7.2307e-03  1.7408e-02  1.4324e-02  0:08:31   57

 turbulent viscosity limited to viscosity ratio of 1.000000e+05 in 7030 cells 

 Reversed flow on 711 faces of pressure-outlet 7.
    44  4.7469e-01  1.6504e-04  1.9131e-04  2.4862e-04  7.2194e-03  1.7545e-02  1.3992e-02  0:08:23   56

 turbulent viscosity limited to viscosity ratio of 1.000000e+05 in 7335 cells 

 Reversed flow on 709 faces of pressure-outlet 7.

  iter  continuity  x-velocity  y-velocity  z-velocity           k     epsilon  vf-phase-2     time/iter
    45  4.7262e-01  1.6118e-04  1.9033e-04  2.4374e-04  7.2355e-03  1.8193e-02  1.3674e-02  0:08:14   55

 turbulent viscosity limited to viscosity ratio of 1.000000e+05 in 7611 cells 

 Reversed flow on 702 faces of pressure-outlet 7.
    46  4.7791e-01  1.5723e-04  1.8872e-04  2.3882e-04  7.2503e-03  1.8684e-02  1.3371e-02  0:08:05   54

 turbulent viscosity limited to viscosity ratio of 1.000000e+05 in 7869 cells 

 Reversed flow on 716 faces of pressure-outlet 7.
    47  4.8088e-01  1.5398e-04  1.8769e-04  2.3408e-04  7.2688e-03  1.9021e-02  1.3081e-02  0:07:56   53

 turbulent viscosity limited to viscosity ratio of 1.000000e+05 in 8146 cells 

 Reversed flow on 711 faces of pressure-outlet 7.
    48  4.7722e-01  1.5103e-04  1.8673e-04  2.2923e-04  7.2914e-03  1.9041e-02  1.2803e-02  0:07:37   52

 turbulent viscosity limited to viscosity ratio of 1.000000e+05 in 8377 cells 

 Reversed flow on 715 faces of pressure-outlet 7.
    49  4.7850e-01  1.4834e-04  1.8579e-04  2.2508e-04  7.3103e-03  1.9117e-02  1.2537e-02  0:07:30   51

 turbulent viscosity limited to viscosity ratio of 1.000000e+05 in 8633 cells 

 Reversed flow on 711 faces of pressure-outlet 7.
    50  4.7813e-01  1.4612e-04  1.8470e-04  2.2093e-04  7.3360e-03  1.9906e-02  1.2281e-02  0:07:23   50

 turbulent viscosity limited to viscosity ratio of 1.000000e+05 in 8925 cells 

 Reversed flow on 718 faces of pressure-outlet 7.
    51  4.8150e-01  1.4436e-04  1.8410e-04  2.1727e-04  7.3487e-03  1.9647e-02  1.2036e-02  0:07:16   49

 turbulent viscosity limited to viscosity ratio of 1.000000e+05 in 9159 cells 

 Reversed flow on 717 faces of pressure-outlet 7.
    52  4.8394e-01  1.4312e-04  1.8362e-04  2.1384e-04  7.3541e-03  1.9167e-02  1.1801e-02  0:07:08   48

 turbulent viscosity limited to viscosity ratio of 1.000000e+05 in 9400 cells 

 Reversed flow on 706 faces of pressure-outlet 7.
    53  4.8628e-01  1.4206e-04  1.8309e-04  2.1088e-04  7.3536e-03  1.9142e-02  1.1574e-02  0:07:00   47

 turbulent viscosity limited to viscosity ratio of 1.000000e+05 in 9658 cells 

 Reversed flow on 706 faces of pressure-outlet 7.
    54  4.9043e-01  1.4126e-04  1.8272e-04  2.0792e-04  7.3532e-03  1.9194e-02  1.1356e-02  0:06:51   46

 turbulent viscosity limited to viscosity ratio of 1.000000e+05 in 9899 cells 

 Reversed flow on 716 faces of pressure-outlet 7.
    55  4.9712e-01  1.4082e-04  1.8240e-04  2.0468e-04  7.3469e-03  1.8309e-02  1.1146e-02  0:06:43   45

 turbulent viscosity limited to viscosity ratio of 1.000000e+05 in 10146 cells 

 Reversed flow on 718 faces of pressure-outlet 7.

  iter  continuity  x-velocity  y-velocity  z-velocity           k     epsilon  vf-phase-2     time/iter
    56  5.0110e-01  1.4001e-04  1.8121e-04  2.0259e-04  7.3343e-03  1.8223e-02  1.0944e-02  0:06:34   44

 turbulent viscosity limited to viscosity ratio of 1.000000e+05 in 10376 cells 

 Reversed flow on 714 faces of pressure-outlet 7.
    57  5.2902e-01  1.4129e-04  1.8267e-04  1.9863e-04  7.3194e-03  1.7299e-02  1.0749e-02  0:06:17   43

 turbulent viscosity limited to viscosity ratio of 1.000000e+05 in 10544 cells 

 Reversed flow on 702 faces of pressure-outlet 7.
    58  5.1945e-01  1.4011e-04  1.8119e-04  1.9733e-04  7.3109e-03  1.7165e-02  1.0561e-02  0:06:10   42

 turbulent viscosity limited to viscosity ratio of 1.000000e+05 in 10712 cells 

 Reversed flow on 712 faces of pressure-outlet 7.
    59  5.4157e-01  1.4159e-04  1.8231e-04  1.9435e-04  7.3010e-03  1.6213e-02  1.0379e-02  0:06:03   41

 turbulent viscosity limited to viscosity ratio of 1.000000e+05 in 10892 cells 

 Reversed flow on 715 faces of pressure-outlet 7.
    60  5.3664e-01  1.4075e-04  1.8103e-04  1.9339e-04  7.2974e-03  1.5949e-02  1.0203e-02  0:05:55   40

 turbulent viscosity limited to viscosity ratio of 1.000000e+05 in 11057 cells 

 Reversed flow on 715 faces of pressure-outlet 7.
    61  5.6392e-01  1.4202e-04  1.8211e-04  1.9093e-04  7.2915e-03  1.5319e-02  1.0033e-02  0:05:40   39

 turbulent viscosity limited to viscosity ratio of 1.000000e+05 in 11236 cells 

 Reversed flow on 707 faces of pressure-outlet 7.
    62  5.5810e-01  1.4153e-04  1.8084e-04  1.9028e-04  7.2970e-03  1.5492e-02  9.8691e-03  0:05:33   38

 turbulent viscosity limited to viscosity ratio of 1.000000e+05 in 11395 cells 

 Reversed flow on 719 faces of pressure-outlet 7.
    63  5.8163e-01  1.4299e-04  1.8163e-04  1.8786e-04  7.3012e-03  1.5221e-02  9.7102e-03  0:05:26   37

 turbulent viscosity limited to viscosity ratio of 1.000000e+05 in 11570 cells 

 Reversed flow on 724 faces of pressure-outlet 7.
    64  5.7625e-01  1.4259e-04  1.8028e-04  1.8746e-04  7.3136e-03  1.4890e-02  9.5563e-03  0:05:19   36

 turbulent viscosity limited to viscosity ratio of 1.000000e+05 in 11719 cells 

 Reversed flow on 721 faces of pressure-outlet 7.
    65  6.0075e-01  1.4422e-04  1.8091e-04  1.8517e-04  7.3269e-03  1.4328e-02  9.4072e-03  0:05:11   35

 turbulent viscosity limited to viscosity ratio of 1.000000e+05 in 11820 cells 

 Reversed flow on 716 faces of pressure-outlet 7.
    66  5.9614e-01  1.4426e-04  1.7965e-04  1.8482e-04  7.3421e-03  1.4227e-02  9.2627e-03  0:04:56   34

 turbulent viscosity limited to viscosity ratio of 1.000000e+05 in 11905 cells 

 Reversed flow on 719 faces of pressure-outlet 7.

  iter  continuity  x-velocity  y-velocity  z-velocity           k     epsilon  vf-phase-2     time/iter
    67  6.2232e-01  1.4608e-04  1.8043e-04  1.8316e-04  7.3709e-03  1.4151e-02  9.1225e-03  0:04:49   33

 turbulent viscosity limited to viscosity ratio of 1.000000e+05 in 12015 cells 

 Reversed flow on 714 faces of pressure-outlet 7.
    68  6.1760e-01  1.4618e-04  1.7925e-04  1.8293e-04  7.4006e-03  1.3811e-02  8.9866e-03  0:04:42   32

 turbulent viscosity limited to viscosity ratio of 1.000000e+05 in 12047 cells 

 Reversed flow on 718 faces of pressure-outlet 7.
    69  6.4333e-01  1.4779e-04  1.7991e-04  1.8150e-04  7.4384e-03  1.4122e-02  8.8547e-03  0:04:34   31

 turbulent viscosity limited to viscosity ratio of 1.000000e+05 in 12079 cells 

 Reversed flow on 714 faces of pressure-outlet 7.
    70  6.3831e-01  1.4802e-04  1.7870e-04  1.8121e-04  7.4813e-03  1.4580e-02  8.7266e-03  0:04:26   30

 turbulent viscosity limited to viscosity ratio of 1.000000e+05 in 12094 cells 

 Reversed flow on 734 faces of pressure-outlet 7.
    71  6.6263e-01  1.4999e-04  1.7960e-04  1.8000e-04  7.5252e-03  1.4736e-02  8.6021e-03  0:04:18   29

 turbulent viscosity limited to viscosity ratio of 1.000000e+05 in 12146 cells 

 Reversed flow on 723 faces of pressure-outlet 7.
    72  6.5872e-01  1.5016e-04  1.7860e-04  1.7982e-04  7.5684e-03  1.4861e-02  8.4811e-03  0:04:10   28

 turbulent viscosity limited to viscosity ratio of 1.000000e+05 in 12196 cells 

 Reversed flow on 716 faces of pressure-outlet 7.
    73  6.8241e-01  1.5202e-04  1.7975e-04  1.7870e-04  7.6098e-03  1.5154e-02  8.3636e-03  0:03:56   27

 turbulent viscosity limited to viscosity ratio of 1.000000e+05 in 12239 cells 

 Reversed flow on 726 faces of pressure-outlet 7.
    74  6.7804e-01  1.5231e-04  1.7880e-04  1.7865e-04  7.6507e-03  1.5644e-02  8.2492e-03  0:03:49   26

 turbulent viscosity limited to viscosity ratio of 1.000000e+05 in 12214 cells 

 Reversed flow on 726 faces of pressure-outlet 7.
    75  6.9981e-01  1.5408e-04  1.7962e-04  1.7766e-04  7.6885e-03  1.5714e-02  8.1379e-03  0:03:41   25

 turbulent viscosity limited to viscosity ratio of 1.000000e+05 in 12214 cells 

 Reversed flow on 723 faces of pressure-outlet 7.
    76  6.9501e-01  1.5435e-04  1.7883e-04  1.7755e-04  7.7236e-03  1.5981e-02  8.0296e-03  0:03:33   24

 turbulent viscosity limited to viscosity ratio of 1.000000e+05 in 12169 cells 

 Reversed flow on 728 faces of pressure-outlet 7.
    77  7.1485e-01  1.5587e-04  1.7977e-04  1.7673e-04  7.7489e-03  1.6298e-02  7.9241e-03  0:03:25   23

 turbulent viscosity limited to viscosity ratio of 1.000000e+05 in 12165 cells 

 Reversed flow on 728 faces of pressure-outlet 7.

  iter  continuity  x-velocity  y-velocity  z-velocity           k     epsilon  vf-phase-2     time/iter
    78  7.0858e-01  1.5615e-04  1.7908e-04  1.7664e-04  7.7796e-03  1.6602e-02  7.8213e-03  0:03:16   22

 turbulent viscosity limited to viscosity ratio of 1.000000e+05 in 12170 cells 

 Reversed flow on 725 faces of pressure-outlet 7.
    79  7.2598e-01  1.5760e-04  1.8003e-04  1.7599e-04  7.8158e-03  1.6970e-02  7.7212e-03  0:03:03   21

 turbulent viscosity limited to viscosity ratio of 1.000000e+05 in 12162 cells 

 Reversed flow on 732 faces of pressure-outlet 7.
    80  7.2005e-01  1.5748e-04  1.7916e-04  1.7585e-04  7.8377e-03  1.7044e-02  7.6236e-03  0:02:56   20

 turbulent viscosity limited to viscosity ratio of 1.000000e+05 in 12119 cells 

 Reversed flow on 728 faces of pressure-outlet 7.
    81  7.3481e-01  1.5872e-04  1.7969e-04  1.7543e-04  7.8649e-03  1.7186e-02  7.5285e-03  0:02:48   19

 turbulent viscosity limited to viscosity ratio of 1.000000e+05 in 12104 cells 

 Reversed flow on 725 faces of pressure-outlet 7.
    82  7.2965e-01  1.5829e-04  1.7881e-04  1.7505e-04  7.8980e-03  1.7442e-02  7.4357e-03  0:02:40   18

 turbulent viscosity limited to viscosity ratio of 1.000000e+05 in 12122 cells 

 Reversed flow on 724 faces of pressure-outlet 7.
    83  7.4385e-01  1.5936e-04  1.7899e-04  1.7509e-04  7.9303e-03  1.7852e-02  7.3452e-03  0:02:28   17

 turbulent viscosity limited to viscosity ratio of 1.000000e+05 in 12084 cells 

 Reversed flow on 731 faces of pressure-outlet 7.
    84  7.3783e-01  1.5899e-04  1.7808e-04  1.7488e-04  7.9686e-03  1.7838e-02  7.2568e-03  0:02:20   16

 turbulent viscosity limited to viscosity ratio of 1.000000e+05 in 12044 cells 

 Reversed flow on 726 faces of pressure-outlet 7.
    85  7.4712e-01  1.5891e-04  1.7765e-04  1.7506e-04  8.0051e-03  1.7857e-02  7.1706e-03  0:02:12   15

 turbulent viscosity limited to viscosity ratio of 1.000000e+05 in 11987 cells 

 Reversed flow on 720 faces of pressure-outlet 7.
    86  7.6488e-01  1.6028e-04  1.7796e-04  1.7515e-04  8.0611e-03  1.8105e-02  7.0863e-03  0:02:04   14

 turbulent viscosity limited to viscosity ratio of 1.000000e+05 in 11959 cells 

 Reversed flow on 717 faces of pressure-outlet 7.
    87  7.5490e-01  1.5965e-04  1.7676e-04  1.7489e-04  8.1166e-03  1.8273e-02  7.0041e-03  0:01:55   13

 turbulent viscosity limited to viscosity ratio of 1.000000e+05 in 11911 cells 

 Reversed flow on 711 faces of pressure-outlet 7.
    88  7.6100e-01  1.5957e-04  1.7588e-04  1.7501e-04  8.1607e-03  1.8388e-02  6.9238e-03  0:01:44   12

 turbulent viscosity limited to viscosity ratio of 1.000000e+05 in 11866 cells 

 Reversed flow on 715 faces of pressure-outlet 7.

  iter  continuity  x-velocity  y-velocity  z-velocity           k     epsilon  vf-phase-2     time/iter
    89  7.7069e-01  1.5975e-04  1.7514e-04  1.7527e-04  8.2013e-03  1.8438e-02  6.8453e-03  0:01:36   11

 turbulent viscosity limited to viscosity ratio of 1.000000e+05 in 11830 cells 

 Reversed flow on 719 faces of pressure-outlet 7.
    90  7.7752e-01  1.5993e-04  1.7439e-04  1.7539e-04  8.2326e-03  1.8536e-02  6.7685e-03  0:01:28   10

 turbulent viscosity limited to viscosity ratio of 1.000000e+05 in 11750 cells 

 Reversed flow on 717 faces of pressure-outlet 7.
    91  7.8134e-01  1.6009e-04  1.7383e-04  1.7537e-04  8.2607e-03  1.8721e-02  6.6935e-03  0:01:20    9

 turbulent viscosity limited to viscosity ratio of 1.000000e+05 in 11664 cells 

 Reversed flow on 721 faces of pressure-outlet 7.
    92  7.8361e-01  1.6038e-04  1.7313e-04  1.7540e-04  8.2645e-03  1.8396e-02  6.6201e-03  0:01:11    8

 turbulent viscosity limited to viscosity ratio of 1.000000e+05 in 11610 cells 

 Reversed flow on 715 faces of pressure-outlet 7.
    93  7.8927e-01  1.6047e-04  1.7222e-04  1.7540e-04  8.2632e-03  1.8392e-02  6.5483e-03  0:01:01    7

 turbulent viscosity limited to viscosity ratio of 1.000000e+05 in 11571 cells 

 Reversed flow on 728 faces of pressure-outlet 7.
    94  7.9606e-01  1.6063e-04  1.7139e-04  1.7540e-04  8.2516e-03  1.8164e-02  6.4781e-03  0:00:53    6

 turbulent viscosity limited to viscosity ratio of 1.000000e+05 in 11462 cells 

 Reversed flow on 715 faces of pressure-outlet 7.
    95  8.0051e-01  1.6079e-04  1.7048e-04  1.7544e-04  8.2370e-03  1.8071e-02  6.4093e-03  0:00:44    5

 turbulent viscosity limited to viscosity ratio of 1.000000e+05 in 11397 cells 

 Reversed flow on 710 faces of pressure-outlet 7.
    96  8.0460e-01  1.6091e-04  1.6950e-04  1.7549e-04  8.2204e-03  1.7941e-02  6.3419e-03  0:00:35    4

 turbulent viscosity limited to viscosity ratio of 1.000000e+05 in 11317 cells 

 Reversed flow on 704 faces of pressure-outlet 7.
    97  8.0891e-01  1.6106e-04  1.6863e-04  1.7539e-04  8.1973e-03  1.7767e-02  6.2760e-03  0:00:26    3

 turbulent viscosity limited to viscosity ratio of 1.000000e+05 in 11249 cells 

 Reversed flow on 717 faces of pressure-outlet 7.
    98  8.1285e-01  1.6103e-04  1.6759e-04  1.7530e-04  8.1677e-03  1.7534e-02  6.2115e-03  0:00:18    2

 turbulent viscosity limited to viscosity ratio of 1.000000e+05 in 11165 cells 

 Reversed flow on 698 faces of pressure-outlet 7.
    99  8.1644e-01  1.6096e-04  1.6649e-04  1.7527e-04  8.1329e-03  1.7356e-02  6.1482e-03  0:00:09    1

 turbulent viscosity limited to viscosity ratio of 1.000000e+05 in 11070 cells 

 Reversed flow on 698 faces of pressure-outlet 7.

  iter  continuity  x-velocity  y-velocity  z-velocity           k     epsilon  vf-phase-2     time/iter

Error: Invalid path: "C:\Users\qtra338\Documents\Bangma Design (swirl 0.15)\Bangma_separator_files\dp0\FFF\Fluent\" does not exist!
Error Object: #f


iterate_100: OK
progress: 100/1500
ERROR: Invalid path: "C:\Users\qtra338\Documents\Bangma Design (swirl 0.15)\Bangma_separator_files\dp0\FFF\Fluent\" does not exist!
Error object: #f


active_calculation_state: clearing stale state ['interrupt']
Done.
interrupt_stale_calculation: OK

> 
  iter  continuity  x-velocity  y-velocity  z-velocity           k     epsilon  vf-phase-2     time/iter

Error: Invalid path: "C:\Users\qtra338\Documents\Bangma Design (swirl 0.15)\Bangma_separator_files\dp0\FFF\Fluent\" does not exist!
Error Object: #f


ERROR: Invalid path: "C:\Users\qtra338\Documents\Bangma Design (swirl 0.15)\Bangma_separator_files\dp0\FFF\Fluent\" does not exist!
iterate_200: OK
progress: 200/1500
Error object: #f


active_calculation_state: clearing stale state ['interrupt']
Done.
interrupt_stale_calculation: OK

> 
  iter  continuity  x-velocity  y-velocity  z-velocity           k     epsilon  vf-phase-2     time/iter

Error: Invalid path: "C:\Users\qtra338\Documents\Bangma Design (swirl 0.15)\Bangma_separator_files\dp0\FFF\Fluent\" does not exist!
Error Object: #f


ERROR: Invalid path: "C:\Users\qtra338\Documents\Bangma Design (swirl 0.15)\Bangma_separator_files\dp0\FFF\Fluent\" does not exist!
iterate_300: OK
progress: 300/1500
Error object: #f


active_calculation_state: clearing stale state ['interrupt']
interrupt_stale_calculation: OK
Done.

> 
  iter  continuity  x-velocity  y-velocity  z-velocity           k     epsilon  vf-phase-2     time/iter

Error: Invalid path: "C:\Users\qtra338\Documents\Bangma Design (swirl 0.15)\Bangma_separator_files\dp0\FFF\Fluent\" does not exist!
Error Object: #f


ERROR: Invalid path: "C:\Users\qtra338\Documents\Bangma Design (swirl 0.15)\Bangma_separator_files\dp0\FFF\Fluent\" does not exist!
Error object: #f


iterate_400: OK
progress: 400/1500
active_calculation_state: clearing stale state ['interrupt']
Done.
interrupt_stale_calculation: OK

> 
  iter  continuity  x-velocity  y-velocity  z-velocity           k     epsilon  vf-phase-2     time/iter

Error: Invalid path: "C:\Users\qtra338\Documents\Bangma Design (swirl 0.15)\Bangma_separator_files\dp0\FFF\Fluent\" does not exist!
Error Object: #f


ERROR: Invalid path: "C:\Users\qtra338\Documents\Bangma Design (swirl 0.15)\Bangma_separator_files\dp0\FFF\Fluent\" does not exist!
iterate_500: OK
progress: 500/1500

=== autosave_500 ===
Error object: #f



Writing to EN439159:"C:\Users\qtra338\Documents\enthalpy_sweep\case_1_1600_25pct_autosave_iter500.cas.h5" in NODE0 mode and compression level 1 ...
Grouping cells for Laplace smoothing ...
     5578299 cells,     1 zone  ...
    11355491 faces,     5 zones ...
     1026091 nodes,     1 zone  ...
  Done.
Done.
write_case_autosave_500: OK

Writing to EN439159:"C:\Users\qtra338\Documents\enthalpy_sweep\case_1_1600_25pct_autosave_iter500.dat.h5" in NODE0 mode and compression level 1 ...
  Writing results.
Done.write_data_autosave_500: OK

active_calculation_state: clearing stale state ['interrupt']
Done.
interrupt_stale_calculation: OK

> 
  iter  continuity  x-velocity  y-velocity  z-velocity           k     epsilon  vf-phase-2     time/iter
   100  8.2266e-01  1.6078e-04  1.6537e-04  1.7524e-04  8.0907e-03  1.7197e-02  6.0862e-03  0:14:46  100

 turbulent viscosity limited to viscosity ratio of 1.000000e+05 in 10990 cells 

 Reversed flow on 710 faces of pressure-outlet 7.
   101  8.2648e-01  1.6057e-04  1.6436e-04  1.7499e-04  8.0424e-03  1.6790e-02  6.0255e-03  0:14:40   99

 turbulent viscosity limited to viscosity ratio of 1.000000e+05 in 10918 cells 

 Reversed flow on 697 faces of pressure-outlet 7.
   102  8.2860e-01  1.6022e-04  1.6321e-04  1.7464e-04  7.9892e-03  1.6528e-02  5.9660e-03  0:14:33   98

 turbulent viscosity limited to viscosity ratio of 1.000000e+05 in 10854 cells 

 Reversed flow on 704 faces of pressure-outlet 7.
   103  8.3105e-01  1.5977e-04  1.6209e-04  1.7427e-04  7.9330e-03  1.6300e-02  5.9076e-03  0:14:26   97

 turbulent viscosity limited to viscosity ratio of 1.000000e+05 in 10796 cells 

 Reversed flow on 707 faces of pressure-outlet 7.
   104  8.3173e-01  1.5927e-04  1.6098e-04  1.7379e-04  7.8629e-03  1.6023e-02  5.8504e-03  0:13:59   96

 turbulent viscosity limited to viscosity ratio of 1.000000e+05 in 10719 cells 

 Reversed flow on 701 faces of pressure-outlet 7.
   105  8.3348e-01  1.5863e-04  1.5999e-04  1.7327e-04  7.7943e-03  1.5775e-02  5.7942e-03  0:13:55   95

 turbulent viscosity limited to viscosity ratio of 1.000000e+05 in 10622 cells 

 Reversed flow on 700 faces of pressure-outlet 7.
   106  8.3525e-01  1.5793e-04  1.5907e-04  1.7287e-04  7.7187e-03  1.5331e-02  5.7392e-03  0:13:50   94

 turbulent viscosity limited to viscosity ratio of 1.000000e+05 in 10537 cells 

 Reversed flow on 696 faces of pressure-outlet 7.
   107  8.3622e-01  1.5714e-04  1.5801e-04  1.7226e-04  7.6469e-03  1.4984e-02  5.6852e-03  0:13:45   93

 turbulent viscosity limited to viscosity ratio of 1.000000e+05 in 10436 cells 

 Reversed flow on 696 faces of pressure-outlet 7.
   108  8.3501e-01  1.5629e-04  1.5690e-04  1.7153e-04  7.5820e-03  1.4710e-02  5.6322e-03  0:13:38   92

 turbulent viscosity limited to viscosity ratio of 1.000000e+05 in 10353 cells 

 Reversed flow on 693 faces of pressure-outlet 7.
   109  8.3219e-01  1.5540e-04  1.5575e-04  1.7079e-04  7.5189e-03  1.4442e-02  5.5803e-03  0:13:13   91

 turbulent viscosity limited to viscosity ratio of 1.000000e+05 in 10276 cells 

 Reversed flow on 687 faces of pressure-outlet 7.
   110  8.2922e-01  1.5455e-04  1.5462e-04  1.7007e-04  7.4553e-03  1.4259e-02  5.5292e-03  0:13:09   90

 turbulent viscosity limited to viscosity ratio of 1.000000e+05 in 10176 cells 

 Reversed flow on 679 faces of pressure-outlet 7.

  iter  continuity  x-velocity  y-velocity  z-velocity           k     epsilon  vf-phase-2     time/iter
   111  8.2550e-01  1.5357e-04  1.5343e-04  1.6926e-04  7.3938e-03  1.4113e-02  5.4791e-03  0:13:05   89

 turbulent viscosity limited to viscosity ratio of 1.000000e+05 in 10076 cells 

 Reversed flow on 682 faces of pressure-outlet 7.
   112  8.2103e-01  1.5262e-04  1.5234e-04  1.6827e-04  7.3341e-03  1.3861e-02  5.4299e-03  0:12:59   88

 turbulent viscosity limited to viscosity ratio of 1.000000e+05 in 9992 cells 

 Reversed flow on 675 faces of pressure-outlet 7.
   113  8.1681e-01  1.5159e-04  1.5120e-04  1.6732e-04  7.2772e-03  1.3594e-02  5.3816e-03  0:12:53   87

 turbulent viscosity limited to viscosity ratio of 1.000000e+05 in 9909 cells 

 Reversed flow on 670 faces of pressure-outlet 7.
   114  8.1304e-01  1.5064e-04  1.5021e-04  1.6644e-04  7.2369e-03  1.3522e-02  5.3341e-03  0:12:29   86

 turbulent viscosity limited to viscosity ratio of 1.000000e+05 in 9833 cells 

 Reversed flow on 671 faces of pressure-outlet 7.
   115  8.0898e-01  1.4969e-04  1.4928e-04  1.6551e-04  7.2131e-03  1.3566e-02  5.2875e-03  0:12:25   85

 turbulent viscosity limited to viscosity ratio of 1.000000e+05 in 9720 cells 

 Reversed flow on 680 faces of pressure-outlet 7.
   116  8.0288e-01  1.4872e-04  1.4844e-04  1.6460e-04  7.1993e-03  1.3550e-02  5.2417e-03  0:12:20   84

 turbulent viscosity limited to viscosity ratio of 1.000000e+05 in 9619 cells 

 Reversed flow on 687 faces of pressure-outlet 7.
   117  7.9668e-01  1.4780e-04  1.4750e-04  1.6370e-04  7.1933e-03  1.3615e-02  5.1967e-03  0:12:15   83

 turbulent viscosity limited to viscosity ratio of 1.000000e+05 in 9531 cells 

 Reversed flow on 679 faces of pressure-outlet 7.
   118  7.9117e-01  1.4695e-04  1.4653e-04  1.6282e-04  7.1915e-03  1.3730e-02  5.1524e-03  0:11:52   82

 turbulent viscosity limited to viscosity ratio of 1.000000e+05 in 9438 cells 

 Reversed flow on 674 faces of pressure-outlet 7.
   119  7.8572e-01  1.4602e-04  1.4554e-04  1.6189e-04  7.1849e-03  1.3893e-02  5.1089e-03  0:11:48   81

 turbulent viscosity limited to viscosity ratio of 1.000000e+05 in 9353 cells 

 Reversed flow on 673 faces of pressure-outlet 7.
   120  7.7909e-01  1.4518e-04  1.4463e-04  1.6097e-04  7.1760e-03  1.3881e-02  5.0661e-03  0:11:44   80

 turbulent viscosity limited to viscosity ratio of 1.000000e+05 in 9268 cells 

 Reversed flow on 673 faces of pressure-outlet 7.
   121  7.7169e-01  1.4427e-04  1.4362e-04  1.6003e-04  7.1586e-03  1.3909e-02  5.0241e-03  0:11:38   79

 turbulent viscosity limited to viscosity ratio of 1.000000e+05 in 9190 cells 

 Reversed flow on 670 faces of pressure-outlet 7.

  iter  continuity  x-velocity  y-velocity  z-velocity           k     epsilon  vf-phase-2     time/iter
   122  7.6552e-01  1.4349e-04  1.4264e-04  1.5906e-04  7.1354e-03  1.3882e-02  4.9827e-03  0:11:32   78

 turbulent viscosity limited to viscosity ratio of 1.000000e+05 in 9096 cells 

 Reversed flow on 669 faces of pressure-outlet 7.
   123  7.6049e-01  1.4266e-04  1.4166e-04  1.5820e-04  7.1082e-03  1.3969e-02  4.9420e-03  0:11:10   77

 turbulent viscosity limited to viscosity ratio of 1.000000e+05 in 9003 cells 

 Reversed flow on 675 faces of pressure-outlet 7.
   124  7.5521e-01  1.4174e-04  1.4069e-04  1.5740e-04  7.0728e-03  1.3973e-02  4.9020e-03  0:11:05   76

 turbulent viscosity limited to viscosity ratio of 1.000000e+05 in 8923 cells 

 Reversed flow on 672 faces of pressure-outlet 7.
   125  7.4896e-01  1.4090e-04  1.3966e-04  1.5652e-04  7.0286e-03  1.3992e-02  4.8627e-03  0:11:00   75

 turbulent viscosity limited to viscosity ratio of 1.000000e+05 in 8826 cells 

 Reversed flow on 688 faces of pressure-outlet 7.
   126  7.4457e-01  1.3995e-04  1.3872e-04  1.5576e-04  6.9809e-03  1.3891e-02  4.8239e-03  0:10:54   74

 turbulent viscosity limited to viscosity ratio of 1.000000e+05 in 8755 cells 

 Reversed flow on 678 faces of pressure-outlet 7.
   127  7.3961e-01  1.3897e-04  1.3781e-04  1.5494e-04  6.9263e-03  1.3808e-02  4.7858e-03  0:10:33   73

 turbulent viscosity limited to viscosity ratio of 1.000000e+05 in 8680 cells 

 Reversed flow on 679 faces of pressure-outlet 7.
   128  7.3379e-01  1.3792e-04  1.3687e-04  1.5418e-04  6.8691e-03  1.3619e-02  4.7483e-03  0:10:29   72

 turbulent viscosity limited to viscosity ratio of 1.000000e+05 in 8591 cells 

 Reversed flow on 678 faces of pressure-outlet 7.
   129  7.2885e-01  1.3693e-04  1.3600e-04  1.5342e-04  6.8099e-03  1.3462e-02  4.7114e-03  0:10:24   71

 turbulent viscosity limited to viscosity ratio of 1.000000e+05 in 8489 cells 

 Reversed flow on 672 faces of pressure-outlet 7.
   130  7.2483e-01  1.3588e-04  1.3510e-04  1.5271e-04  6.7489e-03  1.3300e-02  4.6750e-03  0:10:04   70

 turbulent viscosity limited to viscosity ratio of 1.000000e+05 in 8397 cells 

 Reversed flow on 667 faces of pressure-outlet 7.
   131  7.2005e-01  1.3486e-04  1.3421e-04  1.5200e-04  6.6920e-03  1.3219e-02  4.6392e-03  0:10:01   69

 turbulent viscosity limited to viscosity ratio of 1.000000e+05 in 8297 cells 

 Reversed flow on 664 faces of pressure-outlet 7.
   132  7.1533e-01  1.3388e-04  1.3323e-04  1.5140e-04  6.6306e-03  1.3049e-02  4.6039e-03  0:09:56   68

 turbulent viscosity limited to viscosity ratio of 1.000000e+05 in 8198 cells 

 Reversed flow on 665 faces of pressure-outlet 7.

  iter  continuity  x-velocity  y-velocity  z-velocity           k     epsilon  vf-phase-2     time/iter
   133  7.1076e-01  1.3285e-04  1.3239e-04  1.5075e-04  6.5724e-03  1.2922e-02  4.5692e-03  0:09:37   67

 turbulent viscosity limited to viscosity ratio of 1.000000e+05 in 8110 cells 

 Reversed flow on 663 faces of pressure-outlet 7.
   134  7.0680e-01  1.3186e-04  1.3153e-04  1.5012e-04  6.5157e-03  1.2844e-02  4.5349e-03  0:09:34   66

 turbulent viscosity limited to viscosity ratio of 1.000000e+05 in 8017 cells 

 Reversed flow on 664 faces of pressure-outlet 7.
   135  7.0262e-01  1.3081e-04  1.3063e-04  1.4956e-04  6.4608e-03  1.2675e-02  4.5012e-03  0:09:29   65

 turbulent viscosity limited to viscosity ratio of 1.000000e+05 in 7944 cells 

 Reversed flow on 652 faces of pressure-outlet 7.
   136  6.9851e-01  1.2986e-04  1.2990e-04  1.4899e-04  6.4080e-03  1.2563e-02  4.4680e-03  0:09:23   64

 turbulent viscosity limited to viscosity ratio of 1.000000e+05 in 7864 cells 

 Reversed flow on 658 faces of pressure-outlet 7.
   137  6.9476e-01  1.2893e-04  1.2917e-04  1.4836e-04  6.3587e-03  1.2368e-02  4.4354e-03  0:09:17   63

 turbulent viscosity limited to viscosity ratio of 1.000000e+05 in 7755 cells 

 Reversed flow on 659 faces of pressure-outlet 7.
   138  6.9073e-01  1.2802e-04  1.2852e-04  1.4775e-04  6.3155e-03  1.2394e-02  4.4032e-03  0:08:58   62

 turbulent viscosity limited to viscosity ratio of 1.000000e+05 in 7673 cells 

 Reversed flow on 654 faces of pressure-outlet 7.
   139  6.8805e-01  1.2711e-04  1.2792e-04  1.4724e-04  6.2694e-03  1.2266e-02  4.3714e-03  0:08:53   61

 turbulent viscosity limited to viscosity ratio of 1.000000e+05 in 7587 cells 

 Reversed flow on 646 faces of pressure-outlet 7.
   140  6.8501e-01  1.2628e-04  1.2737e-04  1.4675e-04  6.2227e-03  1.2186e-02  4.3402e-03  0:08:47   60

 turbulent viscosity limited to viscosity ratio of 1.000000e+05 in 7509 cells 

 Reversed flow on 658 faces of pressure-outlet 7.
   141  6.8233e-01  1.2544e-04  1.2683e-04  1.4622e-04  6.1747e-03  1.2110e-02  4.3094e-03  0:08:41   59

 turbulent viscosity limited to viscosity ratio of 1.000000e+05 in 7421 cells 

 Reversed flow on 650 faces of pressure-outlet 7.
   142  6.7956e-01  1.2467e-04  1.2624e-04  1.4570e-04  6.1272e-03  1.2015e-02  4.2791e-03  0:08:23   58

 turbulent viscosity limited to viscosity ratio of 1.000000e+05 in 7331 cells 

 Reversed flow on 650 faces of pressure-outlet 7.
   143  6.7721e-01  1.2388e-04  1.2573e-04  1.4518e-04  6.0792e-03  1.1940e-02  4.2491e-03  0:08:18   57

 turbulent viscosity limited to viscosity ratio of 1.000000e+05 in 7252 cells 

 Reversed flow on 637 faces of pressure-outlet 7.

  iter  continuity  x-velocity  y-velocity  z-velocity           k     epsilon  vf-phase-2     time/iter
   144  6.7573e-01  1.2317e-04  1.2522e-04  1.4466e-04  6.0354e-03  1.1915e-02  4.2196e-03  0:08:12   56

 turbulent viscosity limited to viscosity ratio of 1.000000e+05 in 7139 cells 

 Reversed flow on 634 faces of pressure-outlet 7.
   145  6.7291e-01  1.2260e-04  1.2468e-04  1.4415e-04  5.9886e-03  1.1940e-02  4.1904e-03  0:08:06   55

 turbulent viscosity limited to viscosity ratio of 1.000000e+05 in 7055 cells 

 Reversed flow on 653 faces of pressure-outlet 7.
   146  6.7042e-01  1.2206e-04  1.2418e-04  1.4358e-04  5.9399e-03  1.1740e-02  4.1617e-03  0:07:48   54

 turbulent viscosity limited to viscosity ratio of 1.000000e+05 in 6978 cells 

 Reversed flow on 647 faces of pressure-outlet 7.
   147  6.6655e-01  1.2153e-04  1.2369e-04  1.4295e-04  5.8918e-03  1.1562e-02  4.1334e-03  0:07:43   53

 turbulent viscosity limited to viscosity ratio of 1.000000e+05 in 6889 cells 

 Reversed flow on 630 faces of pressure-outlet 7.
   148  6.6229e-01  1.2096e-04  1.2320e-04  1.4245e-04  5.8453e-03  1.1569e-02  4.1055e-03  0:07:37   52

 turbulent viscosity limited to viscosity ratio of 1.000000e+05 in 6800 cells 

 Reversed flow on 626 faces of pressure-outlet 7.
   149  6.5933e-01  1.2036e-04  1.2277e-04  1.4188e-04  5.7997e-03  1.1534e-02  4.0779e-03  0:07:30   51

 turbulent viscosity limited to viscosity ratio of 1.000000e+05 in 6737 cells 

 Reversed flow on 624 faces of pressure-outlet 7.
   150  6.5765e-01  1.1988e-04  1.2232e-04  1.4128e-04  5.7514e-03  1.1495e-02  4.0507e-03  0:07:13   50

 turbulent viscosity limited to viscosity ratio of 1.000000e+05 in 6656 cells 

 Reversed flow on 624 faces of pressure-outlet 7.
   151  6.5553e-01  1.1934e-04  1.2188e-04  1.4073e-04  5.7030e-03  1.1407e-02  4.0238e-03  0:07:08   49

 turbulent viscosity limited to viscosity ratio of 1.000000e+05 in 6575 cells 

 Reversed flow on 613 faces of pressure-outlet 7.
   152  6.5403e-01  1.1882e-04  1.2146e-04  1.4014e-04  5.6555e-03  1.1289e-02  3.9973e-03  0:07:02   48

 turbulent viscosity limited to viscosity ratio of 1.000000e+05 in 6492 cells 

 Reversed flow on 624 faces of pressure-outlet 7.
   153  6.5296e-01  1.1836e-04  1.2105e-04  1.3958e-04  5.6058e-03  1.1277e-02  3.9712e-03  0:06:55   47

 turbulent viscosity limited to viscosity ratio of 1.000000e+05 in 6401 cells 

 Reversed flow on 624 faces of pressure-outlet 7.
   154  6.5102e-01  1.1798e-04  1.2073e-04  1.3900e-04  5.5607e-03  1.1586e-02  3.9453e-03  0:06:38   46

 turbulent viscosity limited to viscosity ratio of 1.000000e+05 in 6321 cells 

 Reversed flow on 614 faces of pressure-outlet 7.

  iter  continuity  x-velocity  y-velocity  z-velocity           k     epsilon  vf-phase-2     time/iter
   155  6.4954e-01  1.1755e-04  1.2037e-04  1.3852e-04  5.5116e-03  1.1077e-02  3.9199e-03  0:06:33   45

 turbulent viscosity limited to viscosity ratio of 1.000000e+05 in 6252 cells 

 Reversed flow on 619 faces of pressure-outlet 7.
   156  6.4792e-01  1.1713e-04  1.2005e-04  1.3805e-04  5.4645e-03  1.1023e-02  3.8948e-03  0:06:26   44

 turbulent viscosity limited to viscosity ratio of 1.000000e+05 in 6180 cells 

 Reversed flow on 608 faces of pressure-outlet 7.
   157  6.4672e-01  1.1674e-04  1.1980e-04  1.3761e-04  5.4163e-03  1.1050e-02  3.8700e-03  0:06:11   43

 turbulent viscosity limited to viscosity ratio of 1.000000e+05 in 6097 cells 

 Reversed flow on 596 faces of pressure-outlet 7.
   158  6.4568e-01  1.1626e-04  1.1957e-04  1.3727e-04  5.3649e-03  1.0906e-02  3.8456e-03  0:06:05   42

 turbulent viscosity limited to viscosity ratio of 1.000000e+05 in 6017 cells 

 Reversed flow on 600 faces of pressure-outlet 7.
   159  6.4469e-01  1.1584e-04  1.1937e-04  1.3693e-04  5.3185e-03  1.1027e-02  3.8214e-03  0:05:59   41

 turbulent viscosity limited to viscosity ratio of 1.000000e+05 in 5943 cells 

 Reversed flow on 602 faces of pressure-outlet 7.
   160  6.4351e-01  1.1546e-04  1.1915e-04  1.3665e-04  5.2720e-03  1.0831e-02  3.7976e-03  0:05:52   40

 turbulent viscosity limited to viscosity ratio of 1.000000e+05 in 5864 cells 

 Reversed flow on 600 faces of pressure-outlet 7.
   161  6.4152e-01  1.1510e-04  1.1890e-04  1.3640e-04  5.2299e-03  1.0913e-02  3.7740e-03  0:05:45   39

 turbulent viscosity limited to viscosity ratio of 1.000000e+05 in 5796 cells 

 Reversed flow on 589 faces of pressure-outlet 7.
   162  6.3980e-01  1.1474e-04  1.1866e-04  1.3622e-04  5.1881e-03  1.0609e-02  3.7508e-03  0:05:37   38

 turbulent viscosity limited to viscosity ratio of 1.000000e+05 in 5733 cells 

 Reversed flow on 578 faces of pressure-outlet 7.
   163  6.3907e-01  1.1439e-04  1.1843e-04  1.3598e-04  5.1507e-03  1.0559e-02  3.7278e-03  0:05:22   37

 turbulent viscosity limited to viscosity ratio of 1.000000e+05 in 5662 cells 

 Reversed flow on 586 faces of pressure-outlet 7.
   164  6.3840e-01  1.1407e-04  1.1825e-04  1.3583e-04  5.1173e-03  1.0634e-02  3.7051e-03  0:05:15   36

 turbulent viscosity limited to viscosity ratio of 1.000000e+05 in 5589 cells 

 Reversed flow on 580 faces of pressure-outlet 7.
   165  6.3751e-01  1.1376e-04  1.1807e-04  1.3575e-04  5.0833e-03  1.0881e-02  3.6827e-03  0:05:08   35

 turbulent viscosity limited to viscosity ratio of 1.000000e+05 in 5515 cells 

 Reversed flow on 583 faces of pressure-outlet 7.

  iter  continuity  x-velocity  y-velocity  z-velocity           k     epsilon  vf-phase-2     time/iter
   166  6.3720e-01  1.1356e-04  1.1789e-04  1.3568e-04  5.0528e-03  1.0887e-02  3.6606e-03  0:05:01   34

 turbulent viscosity limited to viscosity ratio of 1.000000e+05 in 5451 cells 

 Reversed flow on 595 faces of pressure-outlet 7.
   167  6.3686e-01  1.1333e-04  1.1771e-04  1.3563e-04  5.0237e-03  1.0931e-02  3.6387e-03  0:04:46   33

 turbulent viscosity limited to viscosity ratio of 1.000000e+05 in 5393 cells 

 Reversed flow on 582 faces of pressure-outlet 7.
   168  6.3622e-01  1.1316e-04  1.1760e-04  1.3552e-04  4.9914e-03  1.0693e-02  3.6172e-03  0:04:40   32

 turbulent viscosity limited to viscosity ratio of 1.000000e+05 in 5329 cells 

 Reversed flow on 579 faces of pressure-outlet 7.
   169  6.3687e-01  1.1306e-04  1.1744e-04  1.3547e-04  4.9629e-03  1.0556e-02  3.5959e-03  0:04:33   31

 turbulent viscosity limited to viscosity ratio of 1.000000e+05 in 5263 cells 

 Reversed flow on 568 faces of pressure-outlet 7.
   170  6.3840e-01  1.1304e-04  1.1735e-04  1.3545e-04  4.9365e-03  1.0431e-02  3.5748e-03  0:04:25   30

 turbulent viscosity limited to viscosity ratio of 1.000000e+05 in 5201 cells 

 Reversed flow on 568 faces of pressure-outlet 7.
   171  6.3924e-01  1.1303e-04  1.1727e-04  1.3544e-04  4.9092e-03  1.0415e-02  3.5540e-03  0:04:17   29

 turbulent viscosity limited to viscosity ratio of 1.000000e+05 in 5137 cells 

 Reversed flow on 568 faces of pressure-outlet 7.
   172  6.4081e-01  1.1307e-04  1.1724e-04  1.3542e-04  4.8850e-03  1.0536e-02  3.5334e-03  0:04:03   28

 turbulent viscosity limited to viscosity ratio of 1.000000e+05 in 5088 cells 

 Reversed flow on 568 faces of pressure-outlet 7.
   173  6.4248e-01  1.1315e-04  1.1722e-04  1.3543e-04  4.8595e-03  1.0521e-02  3.5130e-03  0:03:56   27

 turbulent viscosity limited to viscosity ratio of 1.000000e+05 in 5040 cells 

 Reversed flow on 565 faces of pressure-outlet 7.
   174  6.4412e-01  1.1325e-04  1.1718e-04  1.3536e-04  4.8348e-03  1.0744e-02  3.4929e-03  0:03:49   26

 turbulent viscosity limited to viscosity ratio of 1.000000e+05 in 4979 cells 

 Reversed flow on 561 faces of pressure-outlet 7.
   175  6.4502e-01  1.1339e-04  1.1721e-04  1.3535e-04  4.8069e-03  1.0893e-02  3.4730e-03  0:03:41   25

 turbulent viscosity limited to viscosity ratio of 1.000000e+05 in 4920 cells 

 Reversed flow on 556 faces of pressure-outlet 7.
   176  6.4491e-01  1.1356e-04  1.1720e-04  1.3532e-04  4.7772e-03  1.0803e-02  3.4533e-03  0:03:28   24

 turbulent viscosity limited to viscosity ratio of 1.000000e+05 in 4861 cells 

 Reversed flow on 564 faces of pressure-outlet 7.

  iter  continuity  x-velocity  y-velocity  z-velocity           k     epsilon  vf-phase-2     time/iter
   177  6.4528e-01  1.1376e-04  1.1721e-04  1.3528e-04  4.7485e-03  1.0801e-02  3.4338e-03  0:03:21   23

 turbulent viscosity limited to viscosity ratio of 1.000000e+05 in 4798 cells 

 Reversed flow on 562 faces of pressure-outlet 7.
   178  6.4648e-01  1.1397e-04  1.1732e-04  1.3523e-04  4.7230e-03  1.1006e-02  3.4146e-03  0:03:13   22

 turbulent viscosity limited to viscosity ratio of 1.000000e+05 in 4740 cells 

 Reversed flow on 562 faces of pressure-outlet 7.
   179  6.4720e-01  1.1414e-04  1.1744e-04  1.3523e-04  4.6945e-03  1.0887e-02  3.3956e-03  0:03:06   21

 turbulent viscosity limited to viscosity ratio of 1.000000e+05 in 4682 cells 

 Reversed flow on 556 faces of pressure-outlet 7.
   180  6.4780e-01  1.1433e-04  1.1759e-04  1.3523e-04  4.6675e-03  1.1261e-02  3.3769e-03  0:02:53   20

 turbulent viscosity limited to viscosity ratio of 1.000000e+05 in 4627 cells 

 Reversed flow on 559 faces of pressure-outlet 7.
   181  6.4864e-01  1.1456e-04  1.1771e-04  1.3522e-04  4.6415e-03  1.1112e-02  3.3583e-03  0:02:46   19

 turbulent viscosity limited to viscosity ratio of 1.000000e+05 in 4576 cells 

 Reversed flow on 556 faces of pressure-outlet 7.
   182  6.4895e-01  1.1472e-04  1.1788e-04  1.3520e-04  4.6155e-03  1.0955e-02  3.3400e-03  0:02:38   18

 turbulent viscosity limited to viscosity ratio of 1.000000e+05 in 4524 cells 

 Reversed flow on 547 faces of pressure-outlet 7.
   183  6.4899e-01  1.1493e-04  1.1801e-04  1.3519e-04  4.5894e-03  1.1033e-02  3.3218e-03  0:02:30   17

 turbulent viscosity limited to viscosity ratio of 1.000000e+05 in 4465 cells 

 Reversed flow on 535 faces of pressure-outlet 7.
   184  6.4887e-01  1.1520e-04  1.1815e-04  1.3514e-04  4.5662e-03  1.1149e-02  3.3039e-03  0:02:19   16

 turbulent viscosity limited to viscosity ratio of 1.000000e+05 in 4420 cells 

 Reversed flow on 535 faces of pressure-outlet 7.
   185  6.4878e-01  1.1541e-04  1.1834e-04  1.3511e-04  4.5422e-03  1.1074e-02  3.2861e-03  0:02:11   15

 turbulent viscosity limited to viscosity ratio of 1.000000e+05 in 4372 cells 

 Reversed flow on 530 faces of pressure-outlet 7.
   186  6.4867e-01  1.1562e-04  1.1851e-04  1.3506e-04  4.5211e-03  1.1405e-02  3.2685e-03  0:02:03   14

 turbulent viscosity limited to viscosity ratio of 1.000000e+05 in 4325 cells 

 Reversed flow on 545 faces of pressure-outlet 7.
   187  6.4900e-01  1.1581e-04  1.1864e-04  1.3501e-04  4.5013e-03  1.1396e-02  3.2510e-03  0:01:55   13

 turbulent viscosity limited to viscosity ratio of 1.000000e+05 in 4276 cells 

 Reversed flow on 536 faces of pressure-outlet 7.

  iter  continuity  x-velocity  y-velocity  z-velocity           k     epsilon  vf-phase-2     time/iter
   188  6.4903e-01  1.1602e-04  1.1878e-04  1.3491e-04  4.4841e-03  1.1467e-02  3.2337e-03  0:01:44   12

 turbulent viscosity limited to viscosity ratio of 1.000000e+05 in 4233 cells 

 Reversed flow on 525 faces of pressure-outlet 7.
   189  6.4839e-01  1.1622e-04  1.1892e-04  1.3481e-04  4.4648e-03  1.1154e-02  3.2165e-03  0:01:36   11

 turbulent viscosity limited to viscosity ratio of 1.000000e+05 in 4186 cells 

 Reversed flow on 511 faces of pressure-outlet 7.
   190  6.4852e-01  1.1644e-04  1.1903e-04  1.3464e-04  4.4470e-03  1.1541e-02  3.1996e-03  0:01:28   10

 turbulent viscosity limited to viscosity ratio of 1.000000e+05 in 4136 cells 

 Reversed flow on 524 faces of pressure-outlet 7.
   191  6.4780e-01  1.1665e-04  1.1918e-04  1.3454e-04  4.4309e-03  1.1696e-02  3.1829e-03  0:01:19    9

 turbulent viscosity limited to viscosity ratio of 1.000000e+05 in 4087 cells 

 Reversed flow on 522 faces of pressure-outlet 7.
   192  6.4719e-01  1.1684e-04  1.1925e-04  1.3434e-04  4.4147e-03  1.1978e-02  3.1664e-03  0:01:09    8

 turbulent viscosity limited to viscosity ratio of 1.000000e+05 in 4040 cells 

 Reversed flow on 517 faces of pressure-outlet 7.
   193  6.4773e-01  1.1697e-04  1.1930e-04  1.3418e-04  4.3940e-03  1.1772e-02  3.1501e-03  0:01:01    7

 turbulent viscosity limited to viscosity ratio of 1.000000e+05 in 3985 cells 

 Reversed flow on 517 faces of pressure-outlet 7.
   194  6.4791e-01  1.1713e-04  1.1939e-04  1.3394e-04  4.3725e-03  1.1677e-02  3.1339e-03  0:00:53    6

 turbulent viscosity limited to viscosity ratio of 1.000000e+05 in 3934 cells 

 Reversed flow on 512 faces of pressure-outlet 7.
   195  6.4772e-01  1.1734e-04  1.1947e-04  1.3371e-04  4.3497e-03  1.1074e-02  3.1179e-03  0:00:43    5

 turbulent viscosity limited to viscosity ratio of 1.000000e+05 in 3880 cells 

 Reversed flow on 506 faces of pressure-outlet 7.
   196  6.4720e-01  1.1755e-04  1.1947e-04  1.3342e-04  4.3325e-03  1.1835e-02  3.1020e-03  0:00:35    4

 turbulent viscosity limited to viscosity ratio of 1.000000e+05 in 3846 cells 

 Reversed flow on 508 faces of pressure-outlet 7.
   197  6.4692e-01  1.1778e-04  1.1951e-04  1.3315e-04  4.3133e-03  1.1945e-02  3.0864e-03  0:00:26    3

 turbulent viscosity limited to viscosity ratio of 1.000000e+05 in 3802 cells 

 Reversed flow on 510 faces of pressure-outlet 7.
   198  6.4690e-01  1.1793e-04  1.1947e-04  1.3282e-04  4.2924e-03  1.1664e-02  3.0710e-03  0:00:18    2

 turbulent viscosity limited to viscosity ratio of 1.000000e+05 in 3760 cells 

 Reversed flow on 496 faces of pressure-outlet 7.

  iter  continuity  x-velocity  y-velocity  z-velocity           k     epsilon  vf-phase-2     time/iter
   199  6.4612e-01  1.1808e-04  1.1948e-04  1.3252e-04  4.2737e-03  1.1723e-02  3.0557e-03  0:00:09    1

 turbulent viscosity limited to viscosity ratio of 1.000000e+05 in 3726 cells 

 Reversed flow on 502 faces of pressure-outlet 7.

Error: Invalid path: "C:\Users\qtra338\Documents\Bangma Design (swirl 0.15)\Bangma_separator_files\dp0\FFF\Fluent\" does not exist!
Error Object: #f


ERROR: Invalid path: "C:\Users\qtra338\Documents\Bangma Design (swirl 0.15)\Bangma_separator_files\dp0\FFF\Fluent\" does not exist!
Error object: #f
iterate_600: OK
progress: 600/1500


active_calculation_state: clearing stale state ['interrupt']
interrupt_stale_calculation: OK
Done.

> 
  iter  continuity  x-velocity  y-velocity  z-velocity           k     epsilon  vf-phase-2     time/iter

Error: Invalid path: "C:\Users\qtra338\Documents\Bangma Design (swirl 0.15)\Bangma_separator_files\dp0\FFF\Fluent\" does not exist!
Error Object: #f


ERROR: Invalid path: "C:\Users\qtra338\Documents\Bangma Design (swirl 0.15)\Bangma_separator_files\dp0\FFF\Fluent\" does not exist!
Error object: #f
iterate_700: OK
progress: 700/1500


active_calculation_state: clearing stale state ['interrupt']
interrupt_stale_calculation: OK
Done.

> 
  iter  continuity  x-velocity  y-velocity  z-velocity           k     epsilon  vf-phase-2     time/iter

Error: Invalid path: "C:\Users\qtra338\Documents\Bangma Design (swirl 0.15)\Bangma_separator_files\dp0\FFF\Fluent\" does not exist!
Error Object: #f


ERROR: Invalid path: "C:\Users\qtra338\Documents\Bangma Design (swirl 0.15)\Bangma_separator_files\dp0\FFF\Fluent\" does not exist!
iterate_800: OK
progress: 800/1500
Error object: #f


active_calculation_state: clearing stale state ['interrupt']
interrupt_stale_calculation: OK
Done.

> 
  iter  continuity  x-velocity  y-velocity  z-velocity           k     epsilon  vf-phase-2     time/iter

Error: Invalid path: "C:\Users\qtra338\Documents\Bangma Design (swirl 0.15)\Bangma_separator_files\dp0\FFF\Fluent\" does not exist!
Error Object: #f


ERROR: Invalid path: "C:\Users\qtra338\Documents\Bangma Design (swirl 0.15)\Bangma_separator_files\dp0\FFF\Fluent\" does not exist!
Error object: #f
iterate_900: OK
progress: 900/1500


active_calculation_state: clearing stale state ['interrupt']
interrupt_stale_calculation: OK
Done.

> 
  iter  continuity  x-velocity  y-velocity  z-velocity           k     epsilon  vf-phase-2     time/iter

Error: Invalid path: "C:\Users\qtra338\Documents\Bangma Design (swirl 0.15)\Bangma_separator_files\dp0\FFF\Fluent\" does not exist!
Error Object: #f


ERROR: Invalid path: "C:\Users\qtra338\Documents\Bangma Design (swirl 0.15)\Bangma_separator_files\dp0\FFF\Fluent\" does not exist!
Error object: #fiterate_1000: OK
progress: 1000/1500

=== autosave_1000 ===




Writing to EN439159:"C:\Users\qtra338\Documents\enthalpy_sweep\case_1_1600_25pct_autosave_iter1000.cas.h5" in NODE0 mode and compression level 1 ...
Grouping cells for Laplace smoothing ...
     5578299 cells,     1 zone  ...
    11355491 faces,     5 zones ...
     1026091 nodes,     1 zone  ...
  Done.
Done.
write_case_autosave_1000: OK

Writing to EN439159:"C:\Users\qtra338\Documents\enthalpy_sweep\case_1_1600_25pct_autosave_iter1000.dat.h5" in NODE0 mode and compression level 1 ...
  Writing results.
Done.write_data_autosave_1000: OK

active_calculation_state: clearing stale state ['interrupt']
Done.
interrupt_stale_calculation: OK

> 
  iter  continuity  x-velocity  y-velocity  z-velocity           k     epsilon  vf-phase-2     time/iter
   200  6.4546e-01  1.1825e-04  1.1941e-04  1.3220e-04  4.2533e-03  1.1676e-02  3.0405e-03  0:14:32  100

 turbulent viscosity limited to viscosity ratio of 1.000000e+05 in 3689 cells 

 Reversed flow on 505 faces of pressure-outlet 7.
   201  6.4439e-01  1.1834e-04  1.1936e-04  1.3184e-04  4.2352e-03  1.1614e-02  3.0254e-03  0:14:48   99

 turbulent viscosity limited to viscosity ratio of 1.000000e+05 in 3641 cells 

 Reversed flow on 505 faces of pressure-outlet 7.
   202  6.4306e-01  1.1843e-04  1.1928e-04  1.3155e-04  4.2155e-03  1.1361e-02  3.0106e-03  0:14:20   98

 turbulent viscosity limited to viscosity ratio of 1.000000e+05 in 3603 cells 

 Reversed flow on 502 faces of pressure-outlet 7.
   203  6.4232e-01  1.1858e-04  1.1921e-04  1.3119e-04  4.1970e-03  1.1473e-02  2.9958e-03  0:14:16   97

 turbulent viscosity limited to viscosity ratio of 1.000000e+05 in 3564 cells 

 Reversed flow on 500 faces of pressure-outlet 7.
   204  6.4137e-01  1.1866e-04  1.1910e-04  1.3083e-04  4.1815e-03  1.1835e-02  2.9812e-03  0:14:10   96

 turbulent viscosity limited to viscosity ratio of 1.000000e+05 in 3521 cells 

 Reversed flow on 501 faces of pressure-outlet 7.
   205  6.4096e-01  1.1879e-04  1.1903e-04  1.3050e-04  4.1617e-03  1.1267e-02  2.9667e-03  0:14:04   95

 turbulent viscosity limited to viscosity ratio of 1.000000e+05 in 3471 cells 

 Reversed flow on 501 faces of pressure-outlet 7.
   206  6.4074e-01  1.1887e-04  1.1894e-04  1.3009e-04  4.1480e-03  1.1711e-02  2.9524e-03  0:13:58   94

 turbulent viscosity limited to viscosity ratio of 1.000000e+05 in 3440 cells 

 Reversed flow on 497 faces of pressure-outlet 7.
   207  6.4066e-01  1.1893e-04  1.1890e-04  1.2979e-04  4.1307e-03  1.1440e-02  2.9382e-03  0:13:32   93

 turbulent viscosity limited to viscosity ratio of 1.000000e+05 in 3396 cells 

 Reversed flow on 489 faces of pressure-outlet 7.
   208  6.4000e-01  1.1901e-04  1.1882e-04  1.2950e-04  4.1160e-03  1.1633e-02  2.9241e-03  0:13:28   92

 turbulent viscosity limited to viscosity ratio of 1.000000e+05 in 3361 cells 

 Reversed flow on 499 faces of pressure-outlet 7.
   209  6.4010e-01  1.1909e-04  1.1874e-04  1.2919e-04  4.1001e-03  1.1335e-02  2.9102e-03  0:13:23   91

 turbulent viscosity limited to viscosity ratio of 1.000000e+05 in 3323 cells 

 Reversed flow on 500 faces of pressure-outlet 7.
   210  6.4003e-01  1.1913e-04  1.1867e-04  1.2886e-04  4.0864e-03  1.1883e-02  2.8965e-03  0:13:17   90

 turbulent viscosity limited to viscosity ratio of 1.000000e+05 in 3289 cells 

 Reversed flow on 497 faces of pressure-outlet 7.

  iter  continuity  x-velocity  y-velocity  z-velocity           k     epsilon  vf-phase-2     time/iter
   211  6.3914e-01  1.1916e-04  1.1858e-04  1.2855e-04  4.0693e-03  1.1169e-02  2.8828e-03  0:12:53   89

 turbulent viscosity limited to viscosity ratio of 1.000000e+05 in 3258 cells 

 Reversed flow on 501 faces of pressure-outlet 7.
   212  6.3811e-01  1.1920e-04  1.1853e-04  1.2828e-04  4.0573e-03  1.1653e-02  2.8692e-03  0:12:50   88

 turbulent viscosity limited to viscosity ratio of 1.000000e+05 in 3226 cells 

 Reversed flow on 498 faces of pressure-outlet 7.
   213  6.3784e-01  1.1927e-04  1.1845e-04  1.2797e-04  4.0432e-03  1.1566e-02  2.8558e-03  0:12:46   87

 turbulent viscosity limited to viscosity ratio of 1.000000e+05 in 3203 cells 

 Reversed flow on 485 faces of pressure-outlet 7.
   214  6.3767e-01  1.1927e-04  1.1838e-04  1.2768e-04  4.0302e-03  1.1888e-02  2.8425e-03  0:12:40   86

 turbulent viscosity limited to viscosity ratio of 1.000000e+05 in 3185 cells 

 Reversed flow on 487 faces of pressure-outlet 7.
   215  6.3792e-01  1.1922e-04  1.1838e-04  1.2741e-04  4.0147e-03  1.1749e-02  2.8292e-03  0:12:17   85

 turbulent viscosity limited to viscosity ratio of 1.000000e+05 in 3151 cells 

 Reversed flow on 490 faces of pressure-outlet 7.
   216  6.3829e-01  1.1917e-04  1.1834e-04  1.2714e-04  4.0020e-03  1.1628e-02  2.8161e-03  0:12:14   84

 turbulent viscosity limited to viscosity ratio of 1.000000e+05 in 3121 cells 

 Reversed flow on 483 faces of pressure-outlet 7.
   217  6.3878e-01  1.1919e-04  1.1834e-04  1.2689e-04  3.9913e-03  1.2387e-02  2.8031e-03  0:12:10   83

 turbulent viscosity limited to viscosity ratio of 1.000000e+05 in 3084 cells 

 Reversed flow on 492 faces of pressure-outlet 7.
   218  6.3917e-01  1.1914e-04  1.1836e-04  1.2660e-04  3.9783e-03  1.2061e-02  2.7903e-03  0:12:04   82

 turbulent viscosity limited to viscosity ratio of 1.000000e+05 in 3058 cells 

 Reversed flow on 475 faces of pressure-outlet 7.
   219  6.3907e-01  1.1909e-04  1.1836e-04  1.2634e-04  3.9634e-03  1.1631e-02  2.7775e-03  0:11:42   81

 turbulent viscosity limited to viscosity ratio of 1.000000e+05 in 3028 cells 

 Reversed flow on 473 faces of pressure-outlet 7.
   220  6.3856e-01  1.1904e-04  1.1834e-04  1.2614e-04  3.9492e-03  1.1919e-02  2.7649e-03  0:11:39   80

 turbulent viscosity limited to viscosity ratio of 1.000000e+05 in 3009 cells 

 Reversed flow on 484 faces of pressure-outlet 7.
   221  6.3805e-01  1.1897e-04  1.1839e-04  1.2596e-04  3.9357e-03  1.1988e-02  2.7525e-03  0:11:34   79

 turbulent viscosity limited to viscosity ratio of 1.000000e+05 in 2979 cells 

 Reversed flow on 478 faces of pressure-outlet 7.

  iter  continuity  x-velocity  y-velocity  z-velocity           k     epsilon  vf-phase-2     time/iter
   222  6.3830e-01  1.1886e-04  1.1842e-04  1.2570e-04  3.9215e-03  1.1997e-02  2.7401e-03  0:11:29   78

 turbulent viscosity limited to viscosity ratio of 1.000000e+05 in 2950 cells 

 Reversed flow on 482 faces of pressure-outlet 7.
   223  6.3835e-01  1.1878e-04  1.1851e-04  1.2550e-04  3.9071e-03  1.1794e-02  2.7278e-03  0:11:07   77

 turbulent viscosity limited to viscosity ratio of 1.000000e+05 in 2925 cells 

 Reversed flow on 477 faces of pressure-outlet 7.
   224  6.3799e-01  1.1871e-04  1.1858e-04  1.2527e-04  3.8944e-03  1.1923e-02  2.7157e-03  0:11:04   76

 turbulent viscosity limited to viscosity ratio of 1.000000e+05 in 2905 cells 

 Reversed flow on 463 faces of pressure-outlet 7.
   225  6.3822e-01  1.1863e-04  1.1867e-04  1.2511e-04  3.8787e-03  1.1397e-02  2.7037e-03  0:10:59   75

 turbulent viscosity limited to viscosity ratio of 1.000000e+05 in 2877 cells 

 Reversed flow on 460 faces of pressure-outlet 7.
   226  6.3898e-01  1.1852e-04  1.1873e-04  1.2492e-04  3.8625e-03  1.1905e-02  2.6919e-03  0:10:53   74

 turbulent viscosity limited to viscosity ratio of 1.000000e+05 in 2857 cells 

 Reversed flow on 477 faces of pressure-outlet 7.
   227  6.3928e-01  1.1839e-04  1.1878e-04  1.2477e-04  3.8513e-03  1.2640e-02  2.6802e-03  0:10:47   73

 turbulent viscosity limited to viscosity ratio of 1.000000e+05 in 2834 cells 

 Reversed flow on 481 faces of pressure-outlet 7.
   228  6.3997e-01  1.1830e-04  1.1887e-04  1.2464e-04  3.8355e-03  1.2605e-02  2.6686e-03  0:10:26   72

 turbulent viscosity limited to viscosity ratio of 1.000000e+05 in 2815 cells 

 Reversed flow on 470 faces of pressure-outlet 7.
   229  6.4057e-01  1.1822e-04  1.1898e-04  1.2446e-04  3.8185e-03  1.2269e-02  2.6570e-03  0:10:21   71

 turbulent viscosity limited to viscosity ratio of 1.000000e+05 in 2777 cells 

 Reversed flow on 466 faces of pressure-outlet 7.
   230  6.4144e-01  1.1814e-04  1.1911e-04  1.2426e-04  3.7997e-03  1.1587e-02  2.6455e-03  0:10:16   70

 turbulent viscosity limited to viscosity ratio of 1.000000e+05 in 2747 cells 

 Reversed flow on 463 faces of pressure-outlet 7.
   231  6.4348e-01  1.1811e-04  1.1919e-04  1.2410e-04  3.7862e-03  1.2060e-02  2.6340e-03  0:10:10   69

 turbulent viscosity limited to viscosity ratio of 1.000000e+05 in 2719 cells 

 Reversed flow on 462 faces of pressure-outlet 7.
   232  6.4601e-01  1.1804e-04  1.1928e-04  1.2397e-04  3.7759e-03  1.2337e-02  2.6228e-03  0:10:03   68

 turbulent viscosity limited to viscosity ratio of 1.000000e+05 in 2697 cells 

 Reversed flow on 464 faces of pressure-outlet 7.

  iter  continuity  x-velocity  y-velocity  z-velocity           k     epsilon  vf-phase-2     time/iter
   233  6.4703e-01  1.1804e-04  1.1937e-04  1.2382e-04  3.7595e-03  1.1025e-02  2.6116e-03  0:09:43   67

 turbulent viscosity limited to viscosity ratio of 1.000000e+05 in 2676 cells 

 Reversed flow on 445 faces of pressure-outlet 7.
   234  6.4864e-01  1.1803e-04  1.1944e-04  1.2357e-04  3.7431e-03  1.0676e-02  2.6005e-03  0:09:38   66

 turbulent viscosity limited to viscosity ratio of 1.000000e+05 in 2649 cells 

 Reversed flow on 454 faces of pressure-outlet 7.
   235  6.5002e-01  1.1806e-04  1.1946e-04  1.2338e-04  3.7308e-03  1.0452e-02  2.5894e-03  0:09:32   65

 turbulent viscosity limited to viscosity ratio of 1.000000e+05 in 2622 cells 

 Reversed flow on 457 faces of pressure-outlet 7.
   236  6.5152e-01  1.1812e-04  1.1944e-04  1.2316e-04  3.7168e-03  9.9785e-03  2.5785e-03  0:09:26   64

 turbulent viscosity limited to viscosity ratio of 1.000000e+05 in 2603 cells 

 Reversed flow on 450 faces of pressure-outlet 7.
   237  6.5260e-01  1.1811e-04  1.1944e-04  1.2296e-04  3.7064e-03  1.0567e-02  2.5677e-03  0:09:19   63

 turbulent viscosity limited to viscosity ratio of 1.000000e+05 in 2585 cells 

 Reversed flow on 456 faces of pressure-outlet 7.
   238  6.5313e-01  1.1807e-04  1.1938e-04  1.2272e-04  3.6931e-03  1.0271e-02  2.5569e-03  0:08:59   62

 turbulent viscosity limited to viscosity ratio of 1.000000e+05 in 2557 cells 

 Reversed flow on 450 faces of pressure-outlet 7.
   239  6.5392e-01  1.1802e-04  1.1929e-04  1.2246e-04  3.6826e-03  1.1186e-02  2.5463e-03  0:08:54   61

 turbulent viscosity limited to viscosity ratio of 1.000000e+05 in 2538 cells 

 Reversed flow on 445 faces of pressure-outlet 7.
   240  6.5445e-01  1.1798e-04  1.1917e-04  1.2218e-04  3.6674e-03  1.0588e-02  2.5357e-03  0:08:49   60

 turbulent viscosity limited to viscosity ratio of 1.000000e+05 in 2515 cells 

 Reversed flow on 448 faces of pressure-outlet 7.
   241  6.5378e-01  1.1795e-04  1.1902e-04  1.2186e-04  3.6493e-03  1.0003e-02  2.5252e-03  0:08:42   59

 turbulent viscosity limited to viscosity ratio of 1.000000e+05 in 2485 cells 

 Reversed flow on 440 faces of pressure-outlet 7.
   242  6.5350e-01  1.1786e-04  1.1882e-04  1.2151e-04  3.6334e-03  1.0440e-02  2.5149e-03  0:08:35   58

 turbulent viscosity limited to viscosity ratio of 1.000000e+05 in 2458 cells 

 Reversed flow on 439 faces of pressure-outlet 7.
   243  6.5271e-01  1.1780e-04  1.1861e-04  1.2122e-04  3.6174e-03  1.0349e-02  2.5046e-03  0:08:27   57

 turbulent viscosity limited to viscosity ratio of 1.000000e+05 in 2438 cells 

 Reversed flow on 445 faces of pressure-outlet 7.

  iter  continuity  x-velocity  y-velocity  z-velocity           k     epsilon  vf-phase-2     time/iter
   244  6.5088e-01  1.1770e-04  1.1840e-04  1.2086e-04  3.6049e-03  1.0792e-02  2.4945e-03  0:08:20   56

 turbulent viscosity limited to viscosity ratio of 1.000000e+05 in 2421 cells 

 Reversed flow on 438 faces of pressure-outlet 7.
   245  6.5027e-01  1.1760e-04  1.1818e-04  1.2052e-04  3.5855e-03  1.0290e-02  2.4843e-03  0:08:01   55

 turbulent viscosity limited to viscosity ratio of 1.000000e+05 in 2401 cells 

 Reversed flow on 439 faces of pressure-outlet 7.
   246  6.4977e-01  1.1750e-04  1.1799e-04  1.2010e-04  3.5714e-03  1.1233e-02  2.4743e-03  0:07:55   54

 turbulent viscosity limited to viscosity ratio of 1.000000e+05 in 2383 cells 

 Reversed flow on 443 faces of pressure-outlet 7.
   247  6.4901e-01  1.1741e-04  1.1782e-04  1.1976e-04  3.5556e-03  1.0481e-02  2.4643e-03  0:07:48   53

 turbulent viscosity limited to viscosity ratio of 1.000000e+05 in 2363 cells 

 Reversed flow on 439 faces of pressure-outlet 7.
   248  6.4778e-01  1.1723e-04  1.1759e-04  1.1940e-04  3.5385e-03  1.0552e-02  2.4544e-03  0:07:41   52

 turbulent viscosity limited to viscosity ratio of 1.000000e+05 in 2344 cells 

 Reversed flow on 443 faces of pressure-outlet 7.
   249  6.4678e-01  1.1704e-04  1.1737e-04  1.1903e-04  3.5239e-03  9.7852e-03  2.4445e-03  0:07:23   51

 turbulent viscosity limited to viscosity ratio of 1.000000e+05 in 2324 cells 

 Reversed flow on 437 faces of pressure-outlet 7.
   250  6.4504e-01  1.1686e-04  1.1718e-04  1.1863e-04  3.5089e-03  9.7848e-03  2.4348e-03  0:07:18   50

 turbulent viscosity limited to viscosity ratio of 1.000000e+05 in 2306 cells 

 Reversed flow on 442 faces of pressure-outlet 7.
   251  6.4381e-01  1.1672e-04  1.1695e-04  1.1827e-04  3.4947e-03  9.7793e-03  2.4251e-03  0:07:11   49

 turbulent viscosity limited to viscosity ratio of 1.000000e+05 in 2275 cells 

 Reversed flow on 436 faces of pressure-outlet 7.
   252  6.4361e-01  1.1653e-04  1.1673e-04  1.1791e-04  3.4792e-03  9.6334e-03  2.4155e-03  0:07:04   48

 turbulent viscosity limited to viscosity ratio of 1.000000e+05 in 2254 cells 

 Reversed flow on 439 faces of pressure-outlet 7.
   253  6.4315e-01  1.1630e-04  1.1655e-04  1.1754e-04  3.4656e-03  9.4927e-03  2.4060e-03  0:06:57   47

 turbulent viscosity limited to viscosity ratio of 1.000000e+05 in 2235 cells 

 Reversed flow on 439 faces of pressure-outlet 7.
   254  6.4143e-01  1.1612e-04  1.1636e-04  1.1713e-04  3.4540e-03  9.6688e-03  2.3965e-03  0:06:40   46

 turbulent viscosity limited to viscosity ratio of 1.000000e+05 in 2224 cells 

 Reversed flow on 434 faces of pressure-outlet 7.

  iter  continuity  x-velocity  y-velocity  z-velocity           k     epsilon  vf-phase-2     time/iter
   255  6.4009e-01  1.1592e-04  1.1619e-04  1.1676e-04  3.4422e-03  9.7117e-03  2.3872e-03  0:06:34   45

 turbulent viscosity limited to viscosity ratio of 1.000000e+05 in 2203 cells 

 Reversed flow on 438 faces of pressure-outlet 7.
   256  6.3816e-01  1.1570e-04  1.1603e-04  1.1638e-04  3.4309e-03  9.5983e-03  2.3779e-03  0:06:28   44

 turbulent viscosity limited to viscosity ratio of 1.000000e+05 in 2183 cells 

 Reversed flow on 436 faces of pressure-outlet 7.
   257  6.3658e-01  1.1544e-04  1.1588e-04  1.1602e-04  3.4178e-03  9.3539e-03  2.3687e-03  0:06:20   43

 turbulent viscosity limited to viscosity ratio of 1.000000e+05 in 2161 cells 

 Reversed flow on 428 faces of pressure-outlet 7.
   258  6.3536e-01  1.1517e-04  1.1574e-04  1.1567e-04  3.4047e-03  9.0791e-03  2.3596e-03  0:06:13   42

 turbulent viscosity limited to viscosity ratio of 1.000000e+05 in 2142 cells 

 Reversed flow on 429 faces of pressure-outlet 7.
   259  6.3448e-01  1.1493e-04  1.1565e-04  1.1530e-04  3.3962e-03  9.2054e-03  2.3505e-03  0:05:57   41

 turbulent viscosity limited to viscosity ratio of 1.000000e+05 in 2125 cells 

 Reversed flow on 428 faces of pressure-outlet 7.
   260  6.3393e-01  1.1467e-04  1.1560e-04  1.1493e-04  3.3887e-03  9.5020e-03  2.3415e-03  0:05:50   40

 turbulent viscosity limited to viscosity ratio of 1.000000e+05 in 2115 cells 

 Reversed flow on 430 faces of pressure-outlet 7.
   261  6.3302e-01  1.1440e-04  1.1558e-04  1.1457e-04  3.3823e-03  9.4696e-03  2.3325e-03  0:05:44   39

 turbulent viscosity limited to viscosity ratio of 1.000000e+05 in 2101 cells 

 Reversed flow on 430 faces of pressure-outlet 7.
   262  6.3158e-01  1.1410e-04  1.1555e-04  1.1415e-04  3.3762e-03  9.6803e-03  2.3236e-03  0:05:36   38

 turbulent viscosity limited to viscosity ratio of 1.000000e+05 in 2089 cells 

 Reversed flow on 430 faces of pressure-outlet 7.
   263  6.3147e-01  1.1383e-04  1.1553e-04  1.1382e-04  3.3699e-03  9.4527e-03  2.3148e-03  0:05:21   37

 turbulent viscosity limited to viscosity ratio of 1.000000e+05 in 2077 cells 

 Reversed flow on 431 faces of pressure-outlet 7.
   264  6.3099e-01  1.1355e-04  1.1555e-04  1.1349e-04  3.3622e-03  9.2515e-03  2.3061e-03  0:05:22   36

 turbulent viscosity limited to viscosity ratio of 1.000000e+05 in 2064 cells 

 Reversed flow on 427 faces of pressure-outlet 7.
   265  6.2985e-01  1.1329e-04  1.1558e-04  1.1314e-04  3.3559e-03  9.6355e-03  2.2975e-03  0:05:06   35

 turbulent viscosity limited to viscosity ratio of 1.000000e+05 in 2056 cells 

 Reversed flow on 441 faces of pressure-outlet 7.

  iter  continuity  x-velocity  y-velocity  z-velocity           k     epsilon  vf-phase-2     time/iter
   266  6.2823e-01  1.1299e-04  1.1565e-04  1.1277e-04  3.3531e-03  9.8035e-03  2.2889e-03  0:04:59   34

 turbulent viscosity limited to viscosity ratio of 1.000000e+05 in 2047 cells 

 Reversed flow on 443 faces of pressure-outlet 7.
   267  6.2826e-01  1.1277e-04  1.1569e-04  1.1246e-04  3.3484e-03  9.5355e-03  2.2803e-03  0:04:52   33

 turbulent viscosity limited to viscosity ratio of 1.000000e+05 in 2038 cells 

 Reversed flow on 440 faces of pressure-outlet 7.
   268  6.2886e-01  1.1254e-04  1.1574e-04  1.1221e-04  3.3454e-03  9.7164e-03  2.2719e-03  0:04:44   32

 turbulent viscosity limited to viscosity ratio of 1.000000e+05 in 2027 cells 

 Reversed flow on 444 faces of pressure-outlet 7.
   269  6.2794e-01  1.1234e-04  1.1587e-04  1.1196e-04  3.3465e-03  1.0879e-02  2.2635e-03  0:04:30   31

 turbulent viscosity limited to viscosity ratio of 1.000000e+05 in 2015 cells 

 Reversed flow on 437 faces of pressure-outlet 7.
   270  6.2772e-01  1.1208e-04  1.1590e-04  1.1172e-04  3.3408e-03  1.0187e-02  2.2551e-03  0:04:23   30

 turbulent viscosity limited to viscosity ratio of 1.000000e+05 in 2007 cells 

 Reversed flow on 442 faces of pressure-outlet 7.
   271  6.2644e-01  1.1180e-04  1.1598e-04  1.1150e-04  3.3402e-03  1.0187e-02  2.2468e-03  0:04:15   29

 turbulent viscosity limited to viscosity ratio of 1.000000e+05 in 1995 cells 

 Reversed flow on 441 faces of pressure-outlet 7.
   272  6.2559e-01  1.1154e-04  1.1605e-04  1.1125e-04  3.3360e-03  9.8272e-03  2.2386e-03  0:04:08   28

 turbulent viscosity limited to viscosity ratio of 1.000000e+05 in 1989 cells 

 Reversed flow on 441 faces of pressure-outlet 7.
   273  6.2447e-01  1.1128e-04  1.1612e-04  1.1110e-04  3.3338e-03  9.6964e-03  2.2304e-03  0:04:00   27

 turbulent viscosity limited to viscosity ratio of 1.000000e+05 in 1970 cells 

 Reversed flow on 443 faces of pressure-outlet 7.
   274  6.2381e-01  1.1101e-04  1.1619e-04  1.1091e-04  3.3325e-03  1.0329e-02  2.2222e-03  0:03:46   26

 turbulent viscosity limited to viscosity ratio of 1.000000e+05 in 1954 cells 

 Reversed flow on 441 faces of pressure-outlet 7.
   275  6.2368e-01  1.1074e-04  1.1627e-04  1.1072e-04  3.3301e-03  1.0603e-02  2.2142e-03  0:03:39   25

 turbulent viscosity limited to viscosity ratio of 1.000000e+05 in 1943 cells 

 Reversed flow on 447 faces of pressure-outlet 7.
   276  6.2376e-01  1.1049e-04  1.1637e-04  1.1053e-04  3.3298e-03  1.0144e-02  2.2061e-03  0:03:31   24

 turbulent viscosity limited to viscosity ratio of 1.000000e+05 in 1931 cells 

 Reversed flow on 446 faces of pressure-outlet 7.

  iter  continuity  x-velocity  y-velocity  z-velocity           k     epsilon  vf-phase-2     time/iter
   277  6.2352e-01  1.1021e-04  1.1643e-04  1.1035e-04  3.3217e-03  9.5722e-03  2.1981e-03  0:03:23   23

 turbulent viscosity limited to viscosity ratio of 1.000000e+05 in 1915 cells 

 Reversed flow on 435 faces of pressure-outlet 7.
   278  6.2377e-01  1.0994e-04  1.1649e-04  1.1020e-04  3.3251e-03  1.3311e-02  2.1902e-03  0:03:11   22

 turbulent viscosity limited to viscosity ratio of 1.000000e+05 in 1907 cells 

 Reversed flow on 445 faces of pressure-outlet 7.
   279  6.2340e-01  1.0970e-04  1.1661e-04  1.1006e-04  3.3184e-03  1.1306e-02  2.1823e-03  0:03:04   21

 turbulent viscosity limited to viscosity ratio of 1.000000e+05 in 1887 cells 

 Reversed flow on 448 faces of pressure-outlet 7.
   280  6.2381e-01  1.0950e-04  1.1669e-04  1.0997e-04  3.3215e-03  1.1825e-02  2.1745e-03  0:02:56   20

 turbulent viscosity limited to viscosity ratio of 1.000000e+05 in 1871 cells 

 Reversed flow on 455 faces of pressure-outlet 7.
   281  6.2326e-01  1.0928e-04  1.1675e-04  1.0981e-04  3.3130e-03  1.0395e-02  2.1668e-03  0:02:48   19

 turbulent viscosity limited to viscosity ratio of 1.000000e+05 in 1862 cells 

 Reversed flow on 460 faces of pressure-outlet 7.
   282  6.2286e-01  1.0905e-04  1.1680e-04  1.0965e-04  3.3052e-03  9.6704e-03  2.1591e-03  0:02:40   18

 turbulent viscosity limited to viscosity ratio of 1.000000e+05 in 1849 cells 

 Reversed flow on 462 faces of pressure-outlet 7.
   283  6.2323e-01  1.0886e-04  1.1688e-04  1.0952e-04  3.3026e-03  1.0625e-02  2.1515e-03  0:02:28   17

 turbulent viscosity limited to viscosity ratio of 1.000000e+05 in 1838 cells 

 Reversed flow on 469 faces of pressure-outlet 7.
   284  6.2334e-01  1.0871e-04  1.1692e-04  1.0946e-04  3.2953e-03  1.0001e-02  2.1439e-03  0:02:20   16

 turbulent viscosity limited to viscosity ratio of 1.000000e+05 in 1827 cells 

 Reversed flow on 471 faces of pressure-outlet 7.
   285  6.2322e-01  1.0851e-04  1.1701e-04  1.0936e-04  3.2883e-03  9.5267e-03  2.1363e-03  0:02:12   15

 turbulent viscosity limited to viscosity ratio of 1.000000e+05 in 1815 cells 

 Reversed flow on 472 faces of pressure-outlet 7.
   286  6.2279e-01  1.0831e-04  1.1706e-04  1.0929e-04  3.2813e-03  9.6562e-03  2.1288e-03  0:02:04   14

 turbulent viscosity limited to viscosity ratio of 1.000000e+05 in 1808 cells 

 Reversed flow on 484 faces of pressure-outlet 7.
   287  6.2353e-01  1.0816e-04  1.1715e-04  1.0928e-04  3.2745e-03  9.3898e-03  2.1214e-03  0:01:53   13

 turbulent viscosity limited to viscosity ratio of 1.000000e+05 in 1800 cells 

 Reversed flow on 481 faces of pressure-outlet 7.

  iter  continuity  x-velocity  y-velocity  z-velocity           k     epsilon  vf-phase-2     time/iter
   288  6.2364e-01  1.0798e-04  1.1723e-04  1.0921e-04  3.2660e-03  8.9838e-03  2.1140e-03  0:01:45   12

 turbulent viscosity limited to viscosity ratio of 1.000000e+05 in 1790 cells 

 Reversed flow on 491 faces of pressure-outlet 7.
   289  6.2424e-01  1.0781e-04  1.1732e-04  1.0917e-04  3.2567e-03  8.9732e-03  2.1066e-03  0:01:37   11

 turbulent viscosity limited to viscosity ratio of 1.000000e+05 in 1784 cells 

 Reversed flow on 491 faces of pressure-outlet 7.
   290  6.2503e-01  1.0764e-04  1.1741e-04  1.0916e-04  3.2462e-03  8.2802e-03  2.0993e-03  0:01:28   10

 turbulent viscosity limited to viscosity ratio of 1.000000e+05 in 1774 cells 

 Reversed flow on 485 faces of pressure-outlet 7.
   291  6.2534e-01  1.0749e-04  1.1748e-04  1.0915e-04  3.2390e-03  8.6238e-03  2.0920e-03  0:01:18    9

 turbulent viscosity limited to viscosity ratio of 1.000000e+05 in 1760 cells 

 Reversed flow on 498 faces of pressure-outlet 7.
   292  6.2494e-01  1.0737e-04  1.1754e-04  1.0912e-04  3.2302e-03  8.5719e-03  2.0848e-03  0:01:10    8

 turbulent viscosity limited to viscosity ratio of 1.000000e+05 in 1749 cells 

 Reversed flow on 509 faces of pressure-outlet 7.
   293  6.2554e-01  1.0725e-04  1.1762e-04  1.0912e-04  3.2203e-03  7.9782e-03  2.0777e-03  0:01:02    7

 turbulent viscosity limited to viscosity ratio of 1.000000e+05 in 1733 cells 

 Reversed flow on 515 faces of pressure-outlet 7.
   294  6.2445e-01  1.0710e-04  1.1769e-04  1.0912e-04  3.2128e-03  8.0046e-03  2.0706e-03  0:00:53    6

 turbulent viscosity limited to viscosity ratio of 1.000000e+05 in 1720 cells 

 Reversed flow on 505 faces of pressure-outlet 7.
   295  6.2501e-01  1.0691e-04  1.1775e-04  1.0911e-04  3.2053e-03  7.7340e-03  2.0635e-03  0:00:43    5

 turbulent viscosity limited to viscosity ratio of 1.000000e+05 in 1706 cells 

 Reversed flow on 493 faces of pressure-outlet 7.
   296  6.2576e-01  1.0679e-04  1.1786e-04  1.0910e-04  3.1977e-03  8.0201e-03  2.0566e-03  0:00:35    4

 turbulent viscosity limited to viscosity ratio of 1.000000e+05 in 1702 cells 

 Reversed flow on 501 faces of pressure-outlet 7.
   297  6.2653e-01  1.0669e-04  1.1796e-04  1.0911e-04  3.1927e-03  7.8910e-03  2.0496e-03  0:00:26    3

 turbulent viscosity limited to viscosity ratio of 1.000000e+05 in 1695 cells 

 Reversed flow on 513 faces of pressure-outlet 7.
   298  6.2624e-01  1.0656e-04  1.1813e-04  1.0913e-04  3.1901e-03  7.8698e-03  2.0427e-03  0:00:17    2

 turbulent viscosity limited to viscosity ratio of 1.000000e+05 in 1687 cells 

 Reversed flow on 507 faces of pressure-outlet 7.

  iter  continuity  x-velocity  y-velocity  z-velocity           k     epsilon  vf-phase-2     time/iter
   299  6.2623e-01  1.0638e-04  1.1829e-04  1.0917e-04  3.1870e-03  7.7520e-03  2.0358e-03  0:00:09    1

 turbulent viscosity limited to viscosity ratio of 1.000000e+05 in 1675 cells 

 Reversed flow on 509 faces of pressure-outlet 7.

Error: Invalid path: "C:\Users\qtra338\Documents\Bangma Design (swirl 0.15)\Bangma_separator_files\dp0\FFF\Fluent\" does not exist!
Error Object: #f


iterate_1100: OK
progress: 1100/1500
ERROR: Invalid path: "C:\Users\qtra338\Documents\Bangma Design (swirl 0.15)\Bangma_separator_files\dp0\FFF\Fluent\" does not exist!
Error object: #f


active_calculation_state: clearing stale state ['interrupt']
Done.
interrupt_stale_calculation: OK

> 
  iter  continuity  x-velocity  y-velocity  z-velocity           k     epsilon  vf-phase-2     time/iter

Error: Invalid path: "C:\Users\qtra338\Documents\Bangma Design (swirl 0.15)\Bangma_separator_files\dp0\FFF\Fluent\" does not exist!
Error Object: #f


iterate_1200: OK
progress: 1200/1500
ERROR: Invalid path: "C:\Users\qtra338\Documents\Bangma Design (swirl 0.15)\Bangma_separator_files\dp0\FFF\Fluent\" does not exist!
Error object: #f


active_calculation_state: clearing stale state ['interrupt']
Done.
interrupt_stale_calculation: OK

> 
  iter  continuity  x-velocity  y-velocity  z-velocity           k     epsilon  vf-phase-2     time/iter

Error: Invalid path: "C:\Users\qtra338\Documents\Bangma Design (swirl 0.15)\Bangma_separator_files\dp0\FFF\Fluent\" does not exist!
Error Object: #f


ERROR: Invalid path: "C:\Users\qtra338\Documents\Bangma Design (swirl 0.15)\Bangma_separator_files\dp0\FFF\Fluent\" does not exist!
Error object: #f


iterate_1300: OK
progress: 1300/1500
active_calculation_state: clearing stale state ['interrupt']
Done.
interrupt_stale_calculation: OK

> 
  iter  continuity  x-velocity  y-velocity  z-velocity           k     epsilon  vf-phase-2     time/iter

Error: Invalid path: "C:\Users\qtra338\Documents\Bangma Design (swirl 0.15)\Bangma_separator_files\dp0\FFF\Fluent\" does not exist!
Error Object: #f


ERROR: Invalid path: "C:\Users\qtra338\Documents\Bangma Design (swirl 0.15)\Bangma_separator_files\dp0\FFF\Fluent\" does not exist!
Error object: #f
iterate_1400: OK
progress: 1400/1500


active_calculation_state: clearing stale state ['interrupt']
interrupt_stale_calculation: OK
Done.

> 
  iter  continuity  x-velocity  y-velocity  z-velocity           k     epsilon  vf-phase-2     time/iter

Error: Invalid path: "C:\Users\qtra338\Documents\Bangma Design (swirl 0.15)\Bangma_separator_files\dp0\FFF\Fluent\" does not exist!
Error Object: #f


ERROR: Invalid path: "C:\Users\qtra338\Documents\Bangma Design (swirl 0.15)\Bangma_separator_files\dp0\FFF\Fluent\" does not exist!
iterate_1500: OK
progress: 1500/1500

=== Run DPM Reports ===
Error object: #f


report_call: settings_zone_summaries_per_injection_enable
settings_zone_summaries_per_injection_enable: no captured text
report_call: solve_dpm_update
/solve/dpm-update

DPM Iteration ....
number tracked = 78300, escaped = 23877, trapped = 18966, incomplete = 35457

report_call: settings_dpm_summary

 Fate                        Zone   Zone Number                  Elapsed Time (s)               Injection, Index      Injection, Index
                             Name     Id               Min        Max        Avg    Std Dev                  Min                  Max
 ----------- -------------------- ------ ------ ---------- ---------- ---------- ---------- --------------- ---- --------------- ----
 Incomplete                               35457  8.887e+01  4.081e+02  2.186e+02  1.022e+02     injection-3 8636     injection-8 5644
 Escaped             steam_outlet      7  23877  5.672e-01  1.144e+02  3.790e+00  4.752e+00     injection-0 5652     injection-2 3124
 Trapped             fluid_outlet      8  18966  1.925e-01  5.017e+00  5.267e-01  3.848e-01     injection-2 5321     injection-1 6453

                                               (*)- Mass Transfer Summary -(*) 

 Fate                        Zone   Zone      Mass Flow (kg/s)
                             Name     Id    Initi
report_call: tui_dpm_summary

 Fate                        Zone   Zone Number                  Elapsed Time (s)               Injection, Index      Injection, Index
                             Name     Id               Min        Max        Avg    Std Dev                  Min                  Max
 ----------- -------------------- ------ ------ ---------- ---------- ---------- ---------- --------------- ---- --------------- ----
 Incomplete                               35457  8.887e+01  4.081e+02  2.186e+02  1.022e+02     injection-3 8636     injection-8 5644
 Escaped             steam_outlet      7  23877  5.672e-01  1.144e+02  3.790e+00  4.752e+00     injection-0 5652     injection-2 3124
 Trapped             fluid_outlet      8  18966  1.925e-01  5.017e+00  5.267e-01  3.848e-01     injection-2 5321     injection-1 6453

                                               (*)- Mass Transfer Summary -(*) 

 Fate                        Zone   Zone      Mass Flow (kg/s)
                             Name     Id    Initi
report_call: tui_particle_summary
(injection-0 injection-1 injection-2 injection-3 injection-4 injection-5 injection-6 injection-7 injection-8)
The following solver settings object method could also be used to execute the above command:
<solver_session>.results.report.particle_summary(injection_names = ["injection-0", "injection-1", "injection-2", "injection-3", "injection-4", "injection-5", "injection-6", "injection-7", "injection-8"])

report_call: settings_dpm_extended_summary

 Fate                        Zone   Zone Number                  Elapsed Time (s)               Injection, Index      Injection, Index
                             Name     Id               Min        Max        Avg    Std Dev                  Min                  Max
 ----------- -------------------- ------ ------ ---------- ---------- ---------- ---------- --------------- ---- --------------- ----
 Incomplete                               35457  8.887e+01  4.081e+02  2.186e+02  1.022e+02     injection-3 8636     injection-8 5644
 Escaped             steam_outlet      7  23877  5.672e-01  1.144e+02  3.790e+00  4.752e+00     injection-0 5652     injection-2 3124
 Trapped             fluid_outlet      8  18966  1.925e-01  5.017e+00  5.267e-01  3.848e-01     injection-2 5321     injection-1 6453

                                               (*)- Mass Transfer Summary -(*) 

 Fate                        Zone   Zone      Mass Flow (kg/s)
                             Name     Id    Initi
report_call: dpm_extended_summary_injection-0

Saving summary report to file: C:\\Users\\qtra338\\Documents\\enthalpy_sweep\\case_1_1600_25pct_injection-0_extended_scratch.txt

report_call: dpm_extended_summary_injection-1

Saving summary report to file: C:\\Users\\qtra338\\Documents\\enthalpy_sweep\\case_1_1600_25pct_injection-1_extended_scratch.txt

report_call: dpm_extended_summary_injection-2

Saving summary report to file: C:\\Users\\qtra338\\Documents\\enthalpy_sweep\\case_1_1600_25pct_injection-2_extended_scratch.txt

report_call: dpm_extended_summary_injection-3

Saving summary report to file: C:\\Users\\qtra338\\Documents\\enthalpy_sweep\\case_1_1600_25pct_injection-3_extended_scratch.txt

report_call: dpm_extended_summary_injection-4

Saving summary report to file: C:\\Users\\qtra338\\Documents\\enthalpy_sweep\\case_1_1600_25pct_injection-4_extended_scratch.txt

report_call: dpm_extended_summary_injection-5

Saving summary report to file: C:\\Users\\qtra338\\Documents\\enthalpy_sweep\\case_1_1600_25pct_injection-5_extended_scratch.txt

report_call: dpm_extended_summary_injection-6

Saving summary report to file: C:\\Users\\qtra338\\Documents\\enthalpy_sweep\\case_1_1600_25pct_injection-6_extended_scratch.txt

report_call: dpm_extended_summary_injection-7

Saving summary report to file: C:\\Users\\qtra338\\Documents\\enthalpy_sweep\\case_1_1600_25pct_injection-7_extended_scratch.txt

report_call: dpm_extended_summary_injection-8

Saving summary report to file: C:\\Users\\qtra338\\Documents\\enthalpy_sweep\\case_1_1600_25pct_injection-8_extended_scratch.txt


=== final ===

Writing to EN439159:"C:\Users\qtra338\Documents\enthalpy_sweep\case_1_1600_25pct_1500.cas.h5" in NODE0 mode and compression level 1 ...
Grouping cells for Laplace smoothing ...
     5578299 cells,     1 zone  ...
    11355491 faces,     5 zones ...
     1026091 nodes,     1 zone  ...
  Done.
Done.
write_case_final: OK

Writing to EN439159:"C:\Users\qtra338\Documents\enthalpy_sweep\case_1_1600_25pct_1500.dat.h5" in NODE0 mode and compression level 1 ...
  Writing results.
Done.
write_data_final: OK

=== Run Case 2 / 1440 ===

=== Load Base Case ===
Note: Rank = 0: Process affinity not being set (6).
Note: Rank = 1: Process affinity not being set (6).
Note: Rank = 2: Process affinity not being set (6).
Note: Rank = 3: Process affinity not being set (6).
Note: Rank = 4: Process affinity not being set (6).
Note: Rank = 5: Process affinity not being set (6).
Note: Rank = 6: Process affinity not being set (6).
Note: Rank = 7: Process affinity not being set (6).
Note: Rank = 8: Process affinity not being set (6).
Note: Rank = 9: Process affinity not being set (6).

       Clearing partially read grid.

Reading from EN439159:"C:\Users\qtra338\Documents\baseline.cas.h5" in NODE0 mode ...
  Reading mesh ...
     5578299 cells,     1 cell zone  ...
        5578299 tetrahedral cells,  zone id: 3
    11355491 faces,     5 face zones ...
         374376 triangular wall faces,  zone id: 1
       10957705 triangular interior faces,  zone id: 2
           8700 triangular mass-flow-inlet faces,  zone id: 6
           5435 triangular pressure-outlet faces,  zone id: 7
           9275 triangular wall faces,  zone id: 8
     1026091 nodes,     1 node zone  ...
  Done.


Building...
     mesh
	distributing mesh
		parts..........,
		faces..........,
		nodes..........,
		cells..........,
        bandwidth reduction using Reverse Cuthill-McKee: 558580/15010 = 37.2139
     materials,
     interface,
     domains,
	mixture
	phase-1
	phase-2
	interaction
     zones,
	fluid  (phase-2)
	interior-fluid  (phase-2)
	fluid  (phase-1)
	interior-fluid  (phase-1)
	wall-fluid  (phase-1)
	wall-fluid  (phase-2)
	inlet  (phase-1)
	inlet  (phase-2)
	steam_outlet  (phase-1)
	steam_outlet  (phase-2)
	fluid_outlet  (phase-1)
	fluid_outlet  (phase-2)
	interior-fluid
	wall-fluid
	inlet
	steam_outlet
	fluid_outlet
	fluid
     parallel,
Done.
read_base_case: OK

=== Set Inlet Phase Mass Flows ===
set_inlet_phase_mass_flows: OK
{
  "mixture": {
    "momentum": {
      "reference_frame": "Absolute",
      "supersonic_gauge_pressure": {
        "option": "value",
        "value": 1140000
      },
      "direction_specification": "Normal to Boundary"
    },
    "turbulence": {
      "turbulence_specification": "Intensity and Hydraulic Diameter",
      "turbulent_intensity": 0.02152499951888,
      "hydraulic_diameter": 0.7240000000000001
    },
    "dpm": {
      "discrete_phase_bc_type": "escape"
    },
    "multiphase": {}
  },
  "phase-1": {
    "momentum": {
      "mass_flow_specification": "Mass Flow Rate",
      "mass_flow_rate": {
        "option": "value",
        "value": 64.85
      }
    },
    "turbulence": {},
    "dpm": {},
    "multiphase": {}
  },
  "phase-2": {
    "momentum": {
      "mass_flow_specification": "Mass Flow Rate",
      "mass_flow_rate": {
        "option": "value",
        "value": 132.76
      }
    },
    "turbulence": {},
    "dpm": {},
    "multiphase": {}
  }
}

=== Set DPM Injections ===
DPM velocity mode: face-normal
injection-0_particle_type: OK
injection-0_material: OK
injection-0_injection_type_surface: OK
injection-0_location: OK
injection-0_mass_flow_rate: OK
injection-0_use_face_normal_direction: OK
injection-0_velocity_magnitude: OK
injection-0_particle_size: OK
injection-1_particle_type: OK
injection-1_material: OK
injection-1_injection_type_surface: OK
injection-1_location: OK
injection-1_mass_flow_rate: OK
injection-1_use_face_normal_direction: OK
injection-1_velocity_magnitude: OK
injection-1_particle_size: OK
injection-2_particle_type: OK
injection-2_material: OK
injection-2_injection_type_surface: OK
injection-2_location: OK
injection-2_mass_flow_rate: OK
injection-2_use_face_normal_direction: OK
injection-2_velocity_magnitude: OK
injection-2_particle_size: OK
injection-3_particle_type: OK
injection-3_material: OK
injection-3_injection_type_surface: OK
injection-3_location: OK
injection-3_mass_flow_rate: OK
injection-3_use_face_normal_direction: OK
injection-3_velocity_magnitude: OK
injection-3_particle_size: OK
injection-4_particle_type: OK
injection-4_material: OK
injection-4_injection_type_surface: OK
injection-4_location: OK
injection-4_mass_flow_rate: OK
injection-4_use_face_normal_direction: OK
injection-4_velocity_magnitude: OK
injection-4_particle_size: OK
injection-5_particle_type: OK
injection-5_material: OK
injection-5_injection_type_surface: OK
injection-5_location: OK
injection-5_mass_flow_rate: OK
injection-5_use_face_normal_direction: OK
injection-5_velocity_magnitude: OK
injection-5_particle_size: OK
injection-6_particle_type: OK
injection-6_material: OK
injection-6_injection_type_surface: OK
injection-6_location: OK
injection-6_mass_flow_rate: OK
injection-6_use_face_normal_direction: OK
injection-6_velocity_magnitude: OK
injection-6_particle_size: OK
injection-7_particle_type: OK
injection-7_material: OK
injection-7_injection_type_surface: OK
injection-7_location: OK
injection-7_mass_flow_rate: OK
injection-7_use_face_normal_direction: OK
injection-7_velocity_magnitude: OK
injection-7_particle_size: OK
injection-8_particle_type: OK
injection-8_material: OK
injection-8_injection_type_surface: OK
injection-8_location: OK
injection-8_mass_flow_rate: OK
injection-8_use_face_normal_direction: OK
injection-8_velocity_magnitude: OK
injection-8_particle_size: OK
initialize: SKIPPED because case reports 1000 existing iterations

=== Run Iterations ===
active_calculation_state: clearing stale state ['interrupt']
interrupt_stale_calculation: OK
Done.

> 
Initialize using the hybrid initialization method.

Checking case topology... 
-This case has both inlets & outlets 
-Pressure information is not available at the boundaries.
 Case will be initialized with constant pressure

	iter		scalar-0

	1		1.000000e+00
	2		2.902463e-04
	3		5.344461e-05
	4		1.945017e-05
	5		6.037563e-06
	6		2.150747e-06
	7		7.443881e-07
	8		2.662060e-07
	9		9.551195e-08
	10		3.578380e-08

Hybrid initialization is done.

  iter  continuity  x-velocity  y-velocity  z-velocity           k     epsilon  vf-phase-2     time/iter

 turbulent viscosity limited to viscosity ratio of 1.000000e+05 in 184 cells 
     1  1.0000e+00  1.0425e-03  1.4471e-03  1.1176e-03  7.0434e+01  2.0993e+06  1.5056e-01  0:19:48   99

 turbulent viscosity limited to viscosity ratio of 1.000000e+05 in 694 cells 
     2  1.0000e+00  7.0760e-04  9.2923e-04  7.3085e-04  1.5556e-01  2.7678e-01  6.0067e-01  0:18:37   98

 turbulent viscosity limited to viscosity ratio of 1.000000e+05 in 1024 cells 

 Reversed flow on 31 faces of pressure-outlet 7.
     3  7.9030e-01  4.4047e-04  6.0706e-04  4.5031e-04  1.4356e-01  1.0777e+00  3.0032e-01  0:17:39   97

 turbulent viscosity limited to viscosity ratio of 1.000000e+05 in 756 cells 

 Reversed flow on 179 faces of pressure-outlet 7.
     4  5.8854e-01  3.5466e-04  4.8635e-04  3.6567e-04  1.2841e-01  5.2933e-01  2.0021e-01  0:16:51   96

 turbulent viscosity limited to viscosity ratio of 1.000000e+05 in 452 cells 

 Reversed flow on 317 faces of pressure-outlet 7.
     5  6.2234e-01  3.3981e-04  4.3659e-04  3.5328e-04  1.1692e-01  3.8258e-01  1.5015e-01  0:16:12   95

 turbulent viscosity limited to viscosity ratio of 1.000000e+05 in 245 cells 

 Reversed flow on 409 faces of pressure-outlet 7.
     6  4.6769e-01  2.9624e-04  3.6809e-04  3.1013e-04  9.2737e-02  3.0400e-01  1.2012e-01  0:15:38   94

 turbulent viscosity limited to viscosity ratio of 1.000000e+05 in 191 cells 

 Reversed flow on 523 faces of pressure-outlet 7.
     7  4.2500e-01  2.7100e-04  3.1853e-04  2.8635e-04  7.7048e-02  7.4188e-01  1.0010e-01  0:15:10   93

 turbulent viscosity limited to viscosity ratio of 1.000000e+05 in 182 cells 

 Reversed flow on 619 faces of pressure-outlet 7.
     8  4.6662e-01  2.6113e-04  2.9192e-04  2.8026e-04  7.0701e-02  7.8963e-01  8.5805e-02  0:14:27   92

 turbulent viscosity limited to viscosity ratio of 1.000000e+05 in 185 cells 

 Reversed flow on 637 faces of pressure-outlet 7.
     9  3.6892e-01  2.3900e-04  2.5421e-04  2.6062e-04  5.9451e-02  3.4491e-01  7.5081e-02  0:14:10   91

 turbulent viscosity limited to viscosity ratio of 1.000000e+05 in 207 cells 

 Reversed flow on 658 faces of pressure-outlet 7.
    10  3.2454e-01  2.2430e-04  2.2790e-04  2.4611e-04  5.4329e-02  3.4852e-01  6.6741e-02  0:13:55   90

 turbulent viscosity limited to viscosity ratio of 1.000000e+05 in 226 cells 

 Reversed flow on 647 faces of pressure-outlet 7.
    11  4.4804e-01  2.2818e-04  2.2049e-04  2.5352e-04  4.4989e-02  2.7346e-01  6.0071e-02  0:13:41   89

 turbulent viscosity limited to viscosity ratio of 1.000000e+05 in 253 cells 

 Reversed flow on 643 faces of pressure-outlet 7.

  iter  continuity  x-velocity  y-velocity  z-velocity           k     epsilon  vf-phase-2     time/iter
    12  3.5142e-01  2.1046e-04  1.9638e-04  2.3795e-04  3.7164e-02  2.3102e-01  5.4613e-02  0:13:10   88

 turbulent viscosity limited to viscosity ratio of 1.000000e+05 in 293 cells 

 Reversed flow on 634 faces of pressure-outlet 7.
    13  3.1461e-01  2.0399e-04  1.8426e-04  2.3063e-04  3.1424e-02  1.8351e-01  5.0063e-02  0:13:01   87

 turbulent viscosity limited to viscosity ratio of 1.000000e+05 in 350 cells 

 Reversed flow on 634 faces of pressure-outlet 7.
    14  3.3994e-01  2.0098e-04  1.7337e-04  2.2732e-04  2.7055e-02  1.7460e-01  4.6213e-02  0:12:53   86

 turbulent viscosity limited to viscosity ratio of 1.000000e+05 in 405 cells 

 Reversed flow on 630 faces of pressure-outlet 7.
    15  2.9391e-01  1.9140e-04  1.6138e-04  2.1943e-04  2.3950e-02  1.3065e-01  4.2913e-02  0:12:44   85

 turbulent viscosity limited to viscosity ratio of 1.000000e+05 in 501 cells 

 Reversed flow on 635 faces of pressure-outlet 7.
    16  3.2044e-01  1.9210e-04  1.6257e-04  2.2485e-04  2.1737e-02  1.2212e-01  4.0054e-02  0:12:35   84

 turbulent viscosity limited to viscosity ratio of 1.000000e+05 in 606 cells 

 Reversed flow on 656 faces of pressure-outlet 7.
    17  2.8935e-01  1.8339e-04  1.5281e-04  2.1892e-04  1.9034e-02  8.8077e-02  3.7552e-02  0:12:26   83

 turbulent viscosity limited to viscosity ratio of 1.000000e+05 in 747 cells 

 Reversed flow on 659 faces of pressure-outlet 7.
    18  2.9261e-01  1.8251e-04  1.5102e-04  2.1869e-04  1.7136e-02  7.5503e-02  3.5345e-02  0:12:17   82

 turbulent viscosity limited to viscosity ratio of 1.000000e+05 in 891 cells 

 Reversed flow on 658 faces of pressure-outlet 7.
    19  3.3359e-01  1.8379e-04  1.5010e-04  2.2051e-04  1.5701e-02  6.5745e-02  3.3383e-02  0:11:52   81

 turbulent viscosity limited to viscosity ratio of 1.000000e+05 in 1039 cells 

 Reversed flow on 671 faces of pressure-outlet 7.
    20  3.0523e-01  1.7877e-04  1.4485e-04  2.1824e-04  1.4508e-02  5.9832e-02  3.1627e-02  0:11:47   80

 turbulent viscosity limited to viscosity ratio of 1.000000e+05 in 1251 cells 

 Reversed flow on 681 faces of pressure-outlet 7.
    21  3.6273e-01  1.8483e-04  1.5305e-04  2.2755e-04  1.3867e-02  3.9036e+00  3.0047e-02  0:11:41   79

 turbulent viscosity limited to viscosity ratio of 1.000000e+05 in 1465 cells 

 Reversed flow on 688 faces of pressure-outlet 7.
    22  3.2304e-01  1.7980e-04  1.4809e-04  2.2588e-04  5.3066e-02  7.4862e+00  2.8617e-02  0:11:34   78

 turbulent viscosity limited to viscosity ratio of 1.000000e+05 in 1663 cells 

 Reversed flow on 707 faces of pressure-outlet 7.

  iter  continuity  x-velocity  y-velocity  z-velocity           k     epsilon  vf-phase-2     time/iter
    23  3.3602e-01  1.8358e-04  1.5202e-04  2.3035e-04  4.8212e-02  3.8116e-01  2.7318e-02  0:11:27   77

 turbulent viscosity limited to viscosity ratio of 1.000000e+05 in 1870 cells 

 Reversed flow on 717 faces of pressure-outlet 7.
    24  3.6856e-01  1.8763e-04  1.5716e-04  2.4042e-04  4.1005e-02  6.3232e-01  2.6132e-02  0:11:04   76

 turbulent viscosity limited to viscosity ratio of 1.000000e+05 in 2062 cells 

 Reversed flow on 712 faces of pressure-outlet 7.
    25  3.4248e-01  1.8588e-04  1.5409e-04  2.4096e-04  1.6473e-02  3.7536e-01  2.5044e-02  0:10:59   75

 turbulent viscosity limited to viscosity ratio of 1.000000e+05 in 2342 cells 

 Reversed flow on 721 faces of pressure-outlet 7.
    26  3.8822e-01  1.9188e-04  1.6187e-04  2.4940e-04  1.1222e-02  1.4397e-01  2.4044e-02  0:10:53   74

 turbulent viscosity limited to viscosity ratio of 1.000000e+05 in 2590 cells 

 Reversed flow on 723 faces of pressure-outlet 7.
    27  3.6652e-01  1.9105e-04  1.6075e-04  2.5286e-04  1.0744e-02  1.0802e-01  2.3120e-02  0:10:47   73

 turbulent viscosity limited to viscosity ratio of 1.000000e+05 in 2866 cells 

 Reversed flow on 718 faces of pressure-outlet 7.
    28  4.5077e-01  1.9828e-04  1.7342e-04  2.6672e-04  1.0155e-02  7.2480e-02  2.2265e-02  0:10:40   72

 turbulent viscosity limited to viscosity ratio of 1.000000e+05 in 3160 cells 

 Reversed flow on 710 faces of pressure-outlet 7.
    29  3.9879e-01  1.9498e-04  1.6894e-04  2.6651e-04  9.5586e-03  3.9854e-02  2.1471e-02  0:10:19   71

 turbulent viscosity limited to viscosity ratio of 1.000000e+05 in 3462 cells 

 Reversed flow on 712 faces of pressure-outlet 7.
    30  4.1858e-01  1.9729e-04  1.7384e-04  2.6997e-04  9.2016e-03  3.2469e-02  2.0732e-02  0:10:14   70

 turbulent viscosity limited to viscosity ratio of 1.000000e+05 in 3771 cells 

 Reversed flow on 719 faces of pressure-outlet 7.
    31  4.4878e-01  1.9908e-04  1.7988e-04  2.7494e-04  8.8532e-03  2.9239e-02  2.0042e-02  0:10:08   69

 turbulent viscosity limited to viscosity ratio of 1.000000e+05 in 4090 cells 

 Reversed flow on 702 faces of pressure-outlet 7.
    32  4.2444e-01  1.9636e-04  1.7766e-04  2.7614e-04  8.5580e-03  2.6385e-02  1.9396e-02  0:10:02   68

 turbulent viscosity limited to viscosity ratio of 1.000000e+05 in 4427 cells 

 Reversed flow on 701 faces of pressure-outlet 7.
    33  4.7748e-01  1.9847e-04  1.8470e-04  2.8004e-04  8.2702e-03  2.4512e-02  1.8791e-02  0:09:55   67

 turbulent viscosity limited to viscosity ratio of 1.000000e+05 in 4706 cells 

 Reversed flow on 720 faces of pressure-outlet 7.

  iter  continuity  x-velocity  y-velocity  z-velocity           k     epsilon  vf-phase-2     time/iter
    34  4.4532e-01  1.9360e-04  1.8130e-04  2.7743e-04  8.0117e-03  2.2420e-02  1.8223e-02  0:09:48   66

 turbulent viscosity limited to viscosity ratio of 1.000000e+05 in 4969 cells 

 Reversed flow on 719 faces of pressure-outlet 7.
    35  4.8755e-01  1.9320e-04  1.8793e-04  2.7763e-04  7.7836e-03  2.1515e-02  1.7688e-02  0:09:40   65

 turbulent viscosity limited to viscosity ratio of 1.000000e+05 in 5215 cells 

 Reversed flow on 723 faces of pressure-outlet 7.
    36  4.5802e-01  1.8824e-04  1.8457e-04  2.7385e-04  7.5592e-03  2.0438e-02  1.7183e-02  0:09:19   64

 turbulent viscosity limited to viscosity ratio of 1.000000e+05 in 5492 cells 

 Reversed flow on 721 faces of pressure-outlet 7.
    37  4.9959e-01  1.8730e-04  1.9035e-04  2.7138e-04  7.3663e-03  1.9911e-02  1.6707e-02  0:09:14   63

 turbulent viscosity limited to viscosity ratio of 1.000000e+05 in 5782 cells 

 Reversed flow on 719 faces of pressure-outlet 7.
    38  4.6372e-01  1.8176e-04  1.8669e-04  2.6582e-04  7.2086e-03  1.8779e-02  1.6256e-02  0:09:08   62

 turbulent viscosity limited to viscosity ratio of 1.000000e+05 in 6073 cells 

 Reversed flow on 725 faces of pressure-outlet 7.
    39  4.7714e-01  1.7868e-04  1.8876e-04  2.6198e-04  7.0605e-03  1.7703e-02  1.5829e-02  0:09:01   61

 turbulent viscosity limited to viscosity ratio of 1.000000e+05 in 6378 cells 

 Reversed flow on 718 faces of pressure-outlet 7.
    40  4.7670e-01  1.7528e-04  1.8868e-04  2.5675e-04  6.9550e-03  1.7378e-02  1.5424e-02  0:08:54   60

 turbulent viscosity limited to viscosity ratio of 1.000000e+05 in 6694 cells 

 Reversed flow on 715 faces of pressure-outlet 7.
    41  4.6787e-01  1.7135e-04  1.8810e-04  2.5282e-04  6.8746e-03  1.6941e-02  1.5039e-02  0:08:46   59

 turbulent viscosity limited to viscosity ratio of 1.000000e+05 in 7042 cells 

 Reversed flow on 718 faces of pressure-outlet 7.
    42  4.6498e-01  1.6723e-04  1.8695e-04  2.4877e-04  6.8107e-03  1.6744e-02  1.4673e-02  0:08:38   58

 turbulent viscosity limited to viscosity ratio of 1.000000e+05 in 7350 cells 

 Reversed flow on 719 faces of pressure-outlet 7.
    43  4.6509e-01  1.6314e-04  1.8554e-04  2.4475e-04  6.7640e-03  1.6620e-02  1.4324e-02  0:08:18   57

 turbulent viscosity limited to viscosity ratio of 1.000000e+05 in 7658 cells 

 Reversed flow on 721 faces of pressure-outlet 7.
    44  4.6683e-01  1.5937e-04  1.8444e-04  2.4025e-04  6.7490e-03  1.7069e-02  1.3992e-02  0:08:13   56

 turbulent viscosity limited to viscosity ratio of 1.000000e+05 in 8007 cells 

 Reversed flow on 707 faces of pressure-outlet 7.

  iter  continuity  x-velocity  y-velocity  z-velocity           k     epsilon  vf-phase-2     time/iter
    45  4.6557e-01  1.5550e-04  1.8321e-04  2.3532e-04  6.7467e-03  1.7220e-02  1.3674e-02  0:08:06   55

 turbulent viscosity limited to viscosity ratio of 1.000000e+05 in 8271 cells 

 Reversed flow on 713 faces of pressure-outlet 7.
    46  4.6600e-01  1.5181e-04  1.8191e-04  2.3042e-04  6.7497e-03  1.7115e-02  1.3371e-02  0:07:59   54

 turbulent viscosity limited to viscosity ratio of 1.000000e+05 in 8543 cells 

 Reversed flow on 706 faces of pressure-outlet 7.
    47  4.6747e-01  1.4856e-04  1.8086e-04  2.2577e-04  6.7579e-03  1.7329e-02  1.3081e-02  0:07:51   53

 turbulent viscosity limited to viscosity ratio of 1.000000e+05 in 8837 cells 

 Reversed flow on 702 faces of pressure-outlet 7.
    48  4.6735e-01  1.4556e-04  1.7975e-04  2.2110e-04  6.7804e-03  1.7986e-02  1.2803e-02  0:07:44   52

 turbulent viscosity limited to viscosity ratio of 1.000000e+05 in 9133 cells 

 Reversed flow on 703 faces of pressure-outlet 7.
    49  4.6651e-01  1.4283e-04  1.7880e-04  2.1681e-04  6.8021e-03  1.8356e-02  1.2537e-02  0:07:25   51

 turbulent viscosity limited to viscosity ratio of 1.000000e+05 in 9396 cells 

 Reversed flow on 701 faces of pressure-outlet 7.
    50  4.6748e-01  1.4068e-04  1.7766e-04  2.1279e-04  6.8256e-03  1.8517e-02  1.2282e-02  0:07:19   50

 turbulent viscosity limited to viscosity ratio of 1.000000e+05 in 9638 cells 

 Reversed flow on 710 faces of pressure-outlet 7.
    51  4.7008e-01  1.3886e-04  1.7705e-04  2.0911e-04  6.8499e-03  1.8548e-02  1.2036e-02  0:07:13   49

 turbulent viscosity limited to viscosity ratio of 1.000000e+05 in 9961 cells 

 Reversed flow on 715 faces of pressure-outlet 7.
    52  4.7260e-01  1.3749e-04  1.7633e-04  2.0561e-04  6.8731e-03  1.9198e-02  1.1801e-02  0:07:05   48

 turbulent viscosity limited to viscosity ratio of 1.000000e+05 in 10218 cells 

 Reversed flow on 717 faces of pressure-outlet 7.
    53  4.7546e-01  1.3641e-04  1.7584e-04  2.0270e-04  6.8785e-03  1.8601e-02  1.1574e-02  0:06:58   47

 turbulent viscosity limited to viscosity ratio of 1.000000e+05 in 10461 cells 

 Reversed flow on 718 faces of pressure-outlet 7.
    54  4.7853e-01  1.3554e-04  1.7548e-04  1.9970e-04  6.8828e-03  1.8056e-02  1.1356e-02  0:06:50   46

 turbulent viscosity limited to viscosity ratio of 1.000000e+05 in 10744 cells 

 Reversed flow on 700 faces of pressure-outlet 7.
    55  4.8021e-01  1.3442e-04  1.7427e-04  1.9726e-04  6.8910e-03  1.7657e-02  1.1146e-02  0:06:42   45

 turbulent viscosity limited to viscosity ratio of 1.000000e+05 in 10988 cells 

 Reversed flow on 702 faces of pressure-outlet 7.

  iter  continuity  x-velocity  y-velocity  z-velocity           k     epsilon  vf-phase-2     time/iter
    56  5.0838e-01  1.3563e-04  1.7536e-04  1.9323e-04  6.8930e-03  1.7565e-02  1.0944e-02  0:06:25   44

 turbulent viscosity limited to viscosity ratio of 1.000000e+05 in 11169 cells 

 Reversed flow on 707 faces of pressure-outlet 7.
    57  4.9828e-01  1.3434e-04  1.7383e-04  1.9146e-04  6.8930e-03  1.7078e-02  1.0749e-02  0:06:18   43

 turbulent viscosity limited to viscosity ratio of 1.000000e+05 in 11385 cells 

 Reversed flow on 715 faces of pressure-outlet 7.
    58  5.2126e-01  1.3529e-04  1.7469e-04  1.8836e-04  6.8987e-03  1.6945e-02  1.0561e-02  0:06:11   42

 turbulent viscosity limited to viscosity ratio of 1.000000e+05 in 11555 cells 

 Reversed flow on 721 faces of pressure-outlet 7.
    59  5.1412e-01  1.3447e-04  1.7340e-04  1.8729e-04  6.9066e-03  1.6405e-02  1.0379e-02  0:06:04   41

 turbulent viscosity limited to viscosity ratio of 1.000000e+05 in 11748 cells 

 Reversed flow on 708 faces of pressure-outlet 7.
    60  5.3865e-01  1.3575e-04  1.7448e-04  1.8454e-04  6.9101e-03  1.5974e-02  1.0203e-02  0:05:56   40

 turbulent viscosity limited to viscosity ratio of 1.000000e+05 in 11974 cells 

 Reversed flow on 705 faces of pressure-outlet 7.
    61  5.3416e-01  1.3497e-04  1.7330e-04  1.8371e-04  6.9162e-03  1.5307e-02  1.0034e-02  0:05:48   39

 turbulent viscosity limited to viscosity ratio of 1.000000e+05 in 12146 cells 

 Reversed flow on 705 faces of pressure-outlet 7.
    62  5.5835e-01  1.3635e-04  1.7408e-04  1.8116e-04  6.9337e-03  1.4919e-02  9.8693e-03  0:05:32   38

 turbulent viscosity limited to viscosity ratio of 1.000000e+05 in 12305 cells 

 Reversed flow on 709 faces of pressure-outlet 7.
    63  5.5195e-01  1.3570e-04  1.7268e-04  1.8059e-04  6.9436e-03  1.4203e-02  9.7104e-03  0:05:25   37

 turbulent viscosity limited to viscosity ratio of 1.000000e+05 in 12466 cells 

 Reversed flow on 717 faces of pressure-outlet 7.
    64  5.7650e-01  1.3715e-04  1.7335e-04  1.7834e-04  6.9682e-03  1.4573e-02  9.5565e-03  0:05:18   36

 turbulent viscosity limited to viscosity ratio of 1.000000e+05 in 12579 cells 

 Reversed flow on 720 faces of pressure-outlet 7.
    65  5.7086e-01  1.3688e-04  1.7199e-04  1.7789e-04  7.0016e-03  1.4555e-02  9.4074e-03  0:05:10   35

 turbulent viscosity limited to viscosity ratio of 1.000000e+05 in 12680 cells 

 Reversed flow on 721 faces of pressure-outlet 7.
    66  5.9559e-01  1.3854e-04  1.7267e-04  1.7596e-04  7.0335e-03  1.4410e-02  9.2628e-03  0:04:55   34

 turbulent viscosity limited to viscosity ratio of 1.000000e+05 in 12746 cells 

 Reversed flow on 716 faces of pressure-outlet 7.

  iter  continuity  x-velocity  y-velocity  z-velocity           k     epsilon  vf-phase-2     time/iter
    67  5.8982e-01  1.3865e-04  1.7141e-04  1.7560e-04  7.0756e-03  1.4227e-02  9.1227e-03  0:04:49   33

 turbulent viscosity limited to viscosity ratio of 1.000000e+05 in 12844 cells 

 Reversed flow on 728 faces of pressure-outlet 7.
    68  6.1613e-01  1.4022e-04  1.7206e-04  1.7416e-04  7.1176e-03  1.4761e-02  8.9868e-03  0:04:42   32

 turbulent viscosity limited to viscosity ratio of 1.000000e+05 in 12918 cells 

 Reversed flow on 715 faces of pressure-outlet 7.
    69  6.1174e-01  1.4024e-04  1.7076e-04  1.7399e-04  7.1617e-03  1.4355e-02  8.8549e-03  0:04:34   31

 turbulent viscosity limited to viscosity ratio of 1.000000e+05 in 12969 cells 

 Reversed flow on 717 faces of pressure-outlet 7.
    70  6.3636e-01  1.4188e-04  1.7151e-04  1.7244e-04  7.2043e-03  1.4283e-02  8.7268e-03  0:04:26   30

 turbulent viscosity limited to viscosity ratio of 1.000000e+05 in 13004 cells 

 Reversed flow on 712 faces of pressure-outlet 7.
    71  6.3123e-01  1.4219e-04  1.7045e-04  1.7225e-04  7.2560e-03  1.4899e-02  8.6023e-03  0:04:12   29

 turbulent viscosity limited to viscosity ratio of 1.000000e+05 in 13057 cells 

 Reversed flow on 721 faces of pressure-outlet 7.
    72  6.5386e-01  1.4387e-04  1.7126e-04  1.7107e-04  7.2949e-03  1.5146e-02  8.4813e-03  0:04:05   28

 turbulent viscosity limited to viscosity ratio of 1.000000e+05 in 13077 cells 

 Reversed flow on 726 faces of pressure-outlet 7.
    73  6.5121e-01  1.4409e-04  1.7033e-04  1.7082e-04  7.3320e-03  1.5336e-02  8.3638e-03  0:03:58   27

 turbulent viscosity limited to viscosity ratio of 1.000000e+05 in 13067 cells 

 Reversed flow on 720 faces of pressure-outlet 7.
    74  6.7262e-01  1.4572e-04  1.7121e-04  1.6987e-04  7.3655e-03  1.5455e-02  8.2494e-03  0:03:50   26

 turbulent viscosity limited to viscosity ratio of 1.000000e+05 in 13054 cells 

 Reversed flow on 712 faces of pressure-outlet 7.
    75  6.6840e-01  1.4602e-04  1.7026e-04  1.6974e-04  7.3958e-03  1.5535e-02  8.1381e-03  0:03:42   25

 turbulent viscosity limited to viscosity ratio of 1.000000e+05 in 13058 cells 

 Reversed flow on 717 faces of pressure-outlet 7.
    76  6.8872e-01  1.4753e-04  1.7113e-04  1.6879e-04  7.4263e-03  1.5825e-02  8.0298e-03  0:03:34   24

 turbulent viscosity limited to viscosity ratio of 1.000000e+05 in 13129 cells 

 Reversed flow on 716 faces of pressure-outlet 7.
    77  6.8354e-01  1.4775e-04  1.7030e-04  1.6869e-04  7.4446e-03  1.5965e-02  7.9243e-03  0:03:21   23

 turbulent viscosity limited to viscosity ratio of 1.000000e+05 in 13093 cells 

 Reversed flow on 723 faces of pressure-outlet 7.

  iter  continuity  x-velocity  y-velocity  z-velocity           k     epsilon  vf-phase-2     time/iter
    78  7.0184e-01  1.4916e-04  1.7113e-04  1.6795e-04  7.4653e-03  1.6148e-02  7.8215e-03  0:03:13   22

 turbulent viscosity limited to viscosity ratio of 1.000000e+05 in 13049 cells 

 Reversed flow on 721 faces of pressure-outlet 7.
    79  6.9591e-01  1.4927e-04  1.7047e-04  1.6774e-04  7.4899e-03  1.6446e-02  7.7214e-03  0:03:05   21

 turbulent viscosity limited to viscosity ratio of 1.000000e+05 in 13042 cells 

 Reversed flow on 717 faces of pressure-outlet 7.
    80  7.1152e-01  1.5030e-04  1.7100e-04  1.6727e-04  7.5128e-03  1.6972e-02  7.6238e-03  0:02:57   20

 turbulent viscosity limited to viscosity ratio of 1.000000e+05 in 13005 cells 

 Reversed flow on 720 faces of pressure-outlet 7.
    81  7.0580e-01  1.5020e-04  1.7022e-04  1.6697e-04  7.5309e-03  1.7227e-02  7.5287e-03  0:02:49   19

 turbulent viscosity limited to viscosity ratio of 1.000000e+05 in 13004 cells 

 Reversed flow on 731 faces of pressure-outlet 7.
    82  7.2093e-01  1.5111e-04  1.7050e-04  1.6657e-04  7.5636e-03  1.7333e-02  7.4359e-03  0:02:37   18

 turbulent viscosity limited to viscosity ratio of 1.000000e+05 in 12998 cells 

 Reversed flow on 728 faces of pressure-outlet 7.
    83  7.1494e-01  1.5076e-04  1.6964e-04  1.6638e-04  7.5894e-03  1.7249e-02  7.3454e-03  0:02:29   17

 turbulent viscosity limited to viscosity ratio of 1.000000e+05 in 12974 cells 

 Reversed flow on 732 faces of pressure-outlet 7.
    84  7.2275e-01  1.5094e-04  1.6915e-04  1.6630e-04  7.6244e-03  1.7505e-02  7.2570e-03  0:02:21   16

 turbulent viscosity limited to viscosity ratio of 1.000000e+05 in 12922 cells 

 Reversed flow on 725 faces of pressure-outlet 7.
    85  7.4039e-01  1.5205e-04  1.6965e-04  1.6642e-04  7.6689e-03  1.7682e-02  7.1707e-03  0:02:13   15

 turbulent viscosity limited to viscosity ratio of 1.000000e+05 in 12896 cells 

 Reversed flow on 733 faces of pressure-outlet 7.
    86  7.3047e-01  1.5141e-04  1.6862e-04  1.6614e-04  7.7260e-03  1.7734e-02  7.0865e-03  0:02:04   14

 turbulent viscosity limited to viscosity ratio of 1.000000e+05 in 12858 cells 

 Reversed flow on 728 faces of pressure-outlet 7.
    87  7.3772e-01  1.5133e-04  1.6769e-04  1.6616e-04  7.7816e-03  1.7744e-02  7.0043e-03  0:01:56   13

 turbulent viscosity limited to viscosity ratio of 1.000000e+05 in 12830 cells 

 Reversed flow on 719 faces of pressure-outlet 7.
    88  7.5167e-01  1.5228e-04  1.6752e-04  1.6662e-04  7.8352e-03  1.7903e-02  6.9240e-03  0:01:47   12

 turbulent viscosity limited to viscosity ratio of 1.000000e+05 in 12753 cells 

 Reversed flow on 712 faces of pressure-outlet 7.

  iter  continuity  x-velocity  y-velocity  z-velocity           k     epsilon  vf-phase-2     time/iter
    89  7.4533e-01  1.5165e-04  1.6650e-04  1.6640e-04  7.8844e-03  1.8172e-02  6.8455e-03  0:01:36   11

 turbulent viscosity limited to viscosity ratio of 1.000000e+05 in 12673 cells 

 Reversed flow on 724 faces of pressure-outlet 7.
    90  7.5339e-01  1.5161e-04  1.6549e-04  1.6641e-04  7.9209e-03  1.8155e-02  6.7687e-03  0:01:28   10

 turbulent viscosity limited to viscosity ratio of 1.000000e+05 in 12594 cells 

 Reversed flow on 712 faces of pressure-outlet 7.
    91  7.6123e-01  1.5171e-04  1.6472e-04  1.6648e-04  7.9489e-03  1.8110e-02  6.6937e-03  0:01:19    9

 turbulent viscosity limited to viscosity ratio of 1.000000e+05 in 12528 cells 

 Reversed flow on 711 faces of pressure-outlet 7.
    92  7.6514e-01  1.5194e-04  1.6405e-04  1.6636e-04  7.9634e-03  1.8323e-02  6.6203e-03  0:01:11    8

 turbulent viscosity limited to viscosity ratio of 1.000000e+05 in 12456 cells 

 Reversed flow on 716 faces of pressure-outlet 7.
    93  7.6985e-01  1.5203e-04  1.6328e-04  1.6630e-04  7.9680e-03  1.8332e-02  6.5485e-03  0:01:01    7

 turbulent viscosity limited to viscosity ratio of 1.000000e+05 in 12393 cells 

 Reversed flow on 713 faces of pressure-outlet 7.
    94  7.7664e-01  1.5222e-04  1.6244e-04  1.6637e-04  7.9605e-03  1.8103e-02  6.4783e-03  0:00:53    6

 turbulent viscosity limited to viscosity ratio of 1.000000e+05 in 12317 cells 

 Reversed flow on 707 faces of pressure-outlet 7.
    95  7.8196e-01  1.5237e-04  1.6164e-04  1.6626e-04  7.9487e-03  1.8124e-02  6.4095e-03  0:00:44    5

 turbulent viscosity limited to viscosity ratio of 1.000000e+05 in 12254 cells 

 Reversed flow on 717 faces of pressure-outlet 7.
    96  7.8594e-01  1.5237e-04  1.6062e-04  1.6634e-04  7.9309e-03  1.7872e-02  6.3421e-03  0:00:35    4

 turbulent viscosity limited to viscosity ratio of 1.000000e+05 in 12158 cells 

 Reversed flow on 715 faces of pressure-outlet 7.
    97  7.9011e-01  1.5244e-04  1.5967e-04  1.6619e-04  7.9106e-03  1.7858e-02  6.2762e-03  0:00:26    3

 turbulent viscosity limited to viscosity ratio of 1.000000e+05 in 12098 cells 

 Reversed flow on 707 faces of pressure-outlet 7.
    98  7.9330e-01  1.5238e-04  1.5869e-04  1.6612e-04  7.8810e-03  1.7701e-02  6.2117e-03  0:00:17    2

 turbulent viscosity limited to viscosity ratio of 1.000000e+05 in 12025 cells 

 Reversed flow on 708 faces of pressure-outlet 7.
    99  7.9647e-01  1.5231e-04  1.5770e-04  1.6605e-04  7.8459e-03  1.7450e-02  6.1484e-03  0:00:09    1

 turbulent viscosity limited to viscosity ratio of 1.000000e+05 in 11952 cells 

 Reversed flow on 718 faces of pressure-outlet 7.

  iter  continuity  x-velocity  y-velocity  z-velocity           k     epsilon  vf-phase-2     time/iter

iterate_100: OK
progress: 100/1500
Error: Invalid path: "C:\Users\qtra338\Documents\Bangma Design (swirl 0.15)\Bangma_separator_files\dp0\FFF\Fluent\" does not exist!
Error Object: #f


ERROR: Invalid path: "C:\Users\qtra338\Documents\Bangma Design (swirl 0.15)\Bangma_separator_files\dp0\FFF\Fluent\" does not exist!
Error object: #f


active_calculation_state: clearing stale state ['interrupt']
Done.
interrupt_stale_calculation: OK

> 
  iter  continuity  x-velocity  y-velocity  z-velocity           k     epsilon  vf-phase-2     time/iter

Error: Invalid path: "C:\Users\qtra338\Documents\Bangma Design (swirl 0.15)\Bangma_separator_files\dp0\FFF\Fluent\" does not exist!
Error Object: #f


ERROR: Invalid path: "C:\Users\qtra338\Documents\Bangma Design (swirl 0.15)\Bangma_separator_files\dp0\FFF\Fluent\" does not exist!
Error object: #f
iterate_200: OK
progress: 200/1500


active_calculation_state: clearing stale state ['interrupt']
Done.
interrupt_stale_calculation: OK

> 
  iter  continuity  x-velocity  y-velocity  z-velocity           k     epsilon  vf-phase-2     time/iter

Error: Invalid path: "C:\Users\qtra338\Documents\Bangma Design (swirl 0.15)\Bangma_separator_files\dp0\FFF\Fluent\" does not exist!
Error Object: #f


ERROR: Invalid path: "C:\Users\qtra338\Documents\Bangma Design (swirl 0.15)\Bangma_separator_files\dp0\FFF\Fluent\" does not exist!
Error object: #f
iterate_300: OK
progress: 300/1500


active_calculation_state: clearing stale state ['interrupt']
Done.
interrupt_stale_calculation: OK

> 
  iter  continuity  x-velocity  y-velocity  z-velocity           k     epsilon  vf-phase-2     time/iter

Error: Invalid path: "C:\Users\qtra338\Documents\Bangma Design (swirl 0.15)\Bangma_separator_files\dp0\FFF\Fluent\" does not exist!
Error Object: #f


ERROR: Invalid path: "C:\Users\qtra338\Documents\Bangma Design (swirl 0.15)\Bangma_separator_files\dp0\FFF\Fluent\" does not exist!
Error object: #f


iterate_400: OK
progress: 400/1500
active_calculation_state: clearing stale state ['interrupt']
Done.
interrupt_stale_calculation: OK

> 
  iter  continuity  x-velocity  y-velocity  z-velocity           k     epsilon  vf-phase-2     time/iter

Error: Invalid path: "C:\Users\qtra338\Documents\Bangma Design (swirl 0.15)\Bangma_separator_files\dp0\FFF\Fluent\" does not exist!
Error Object: #f


ERROR: Invalid path: "C:\Users\qtra338\Documents\Bangma Design (swirl 0.15)\Bangma_separator_files\dp0\FFF\Fluent\" does not exist!
Error object: #f
iterate_500: OK

progress: 500/1500


=== autosave_500 ===

Writing to EN439159:"C:\Users\qtra338\Documents\enthalpy_sweep\case_2_1440_autosave_iter500.cas.h5" in NODE0 mode and compression level 1 ...
Grouping cells for Laplace smoothing ...
     5578299 cells,     1 zone  ...
    11355491 faces,     5 zones ...
     1026091 nodes,     1 zone  ...
  Done.
Done.
write_case_autosave_500: OK

Writing to EN439159:"C:\Users\qtra338\Documents\enthalpy_sweep\case_2_1440_autosave_iter500.dat.h5" in NODE0 mode and compression level 1 ...
  Writing results.
Done.write_data_autosave_500: OK

active_calculation_state: clearing stale state ['interrupt']
interrupt_stale_calculation: OK
Done.

> 
  iter  continuity  x-velocity  y-velocity  z-velocity           k     epsilon  vf-phase-2     time/iter
   100  8.0194e-01  1.5215e-04  1.5666e-04  1.6594e-04  7.8027e-03  1.7141e-02  6.0864e-03  0:14:43  100

 turbulent viscosity limited to viscosity ratio of 1.000000e+05 in 11877 cells 

 Reversed flow on 706 faces of pressure-outlet 7.
   101  8.0653e-01  1.5200e-04  1.5566e-04  1.6568e-04  7.7581e-03  1.7040e-02  6.0257e-03  0:14:38   99

 turbulent viscosity limited to viscosity ratio of 1.000000e+05 in 11809 cells 

 Reversed flow on 700 faces of pressure-outlet 7.
   102  8.0874e-01  1.5167e-04  1.5452e-04  1.6534e-04  7.7061e-03  1.6642e-02  5.9662e-03  0:14:32   98

 turbulent viscosity limited to viscosity ratio of 1.000000e+05 in 11753 cells 

 Reversed flow on 694 faces of pressure-outlet 7.
   103  8.1141e-01  1.5120e-04  1.5337e-04  1.6500e-04  7.6512e-03  1.6277e-02  5.9078e-03  0:14:25   97

 turbulent viscosity limited to viscosity ratio of 1.000000e+05 in 11658 cells 

 Reversed flow on 700 faces of pressure-outlet 7.
   104  8.1259e-01  1.5069e-04  1.5228e-04  1.6451e-04  7.5808e-03  1.5941e-02  5.8506e-03  0:14:17   96

 turbulent viscosity limited to viscosity ratio of 1.000000e+05 in 11588 cells 

 Reversed flow on 696 faces of pressure-outlet 7.
   105  8.1420e-01  1.5002e-04  1.5121e-04  1.6400e-04  7.5133e-03  1.5710e-02  5.7944e-03  0:13:51   95

 turbulent viscosity limited to viscosity ratio of 1.000000e+05 in 11481 cells 

 Reversed flow on 696 faces of pressure-outlet 7.
   106  8.1595e-01  1.4938e-04  1.5034e-04  1.6350e-04  7.4377e-03  1.5392e-02  5.7394e-03  0:13:47   94

 turbulent viscosity limited to viscosity ratio of 1.000000e+05 in 11380 cells 

 Reversed flow on 685 faces of pressure-outlet 7.
   107  8.1713e-01  1.4862e-04  1.4932e-04  1.6292e-04  7.3697e-03  1.5027e-02  5.6854e-03  0:13:42   93

 turbulent viscosity limited to viscosity ratio of 1.000000e+05 in 11310 cells 

 Reversed flow on 693 faces of pressure-outlet 7.
   108  8.1660e-01  1.4774e-04  1.4819e-04  1.6222e-04  7.3034e-03  1.4796e-02  5.6325e-03  0:13:36   92

 turbulent viscosity limited to viscosity ratio of 1.000000e+05 in 11206 cells 

 Reversed flow on 706 faces of pressure-outlet 7.
   109  8.1413e-01  1.4681e-04  1.4712e-04  1.6148e-04  7.2413e-03  1.4492e-02  5.5805e-03  0:13:30   91

 turbulent viscosity limited to viscosity ratio of 1.000000e+05 in 11079 cells 

 Reversed flow on 695 faces of pressure-outlet 7.
   110  8.1036e-01  1.4598e-04  1.4603e-04  1.6072e-04  7.1781e-03  1.4198e-02  5.5294e-03  0:13:22   90

 turbulent viscosity limited to viscosity ratio of 1.000000e+05 in 10969 cells 

 Reversed flow on 697 faces of pressure-outlet 7.

  iter  continuity  x-velocity  y-velocity  z-velocity           k     epsilon  vf-phase-2     time/iter
   111  8.0662e-01  1.4510e-04  1.4492e-04  1.5985e-04  7.1178e-03  1.4112e-02  5.4793e-03  0:12:57   89

 turbulent viscosity limited to viscosity ratio of 1.000000e+05 in 10877 cells 

 Reversed flow on 675 faces of pressure-outlet 7.
   112  8.0214e-01  1.4419e-04  1.4384e-04  1.5895e-04  7.0606e-03  1.3830e-02  5.4301e-03  0:12:53   88

 turbulent viscosity limited to viscosity ratio of 1.000000e+05 in 10767 cells 

 Reversed flow on 669 faces of pressure-outlet 7.
   113  7.9834e-01  1.4322e-04  1.4274e-04  1.5801e-04  7.0044e-03  1.3654e-02  5.3818e-03  0:12:48   87

 turbulent viscosity limited to viscosity ratio of 1.000000e+05 in 10667 cells 

 Reversed flow on 671 faces of pressure-outlet 7.
   114  7.9464e-01  1.4222e-04  1.4179e-04  1.5716e-04  6.9588e-03  1.3516e-02  5.3344e-03  0:12:42   86

 turbulent viscosity limited to viscosity ratio of 1.000000e+05 in 10567 cells 

 Reversed flow on 681 faces of pressure-outlet 7.
   115  7.9117e-01  1.4129e-04  1.4085e-04  1.5626e-04  6.9277e-03  1.3439e-02  5.2877e-03  0:12:19   85

 turbulent viscosity limited to viscosity ratio of 1.000000e+05 in 10490 cells 

 Reversed flow on 690 faces of pressure-outlet 7.
   116  7.8504e-01  1.4037e-04  1.4000e-04  1.5539e-04  6.9122e-03  1.3472e-02  5.2419e-03  0:12:15   84

 turbulent viscosity limited to viscosity ratio of 1.000000e+05 in 10402 cells 

 Reversed flow on 682 faces of pressure-outlet 7.
   117  7.7837e-01  1.3946e-04  1.3910e-04  1.5451e-04  6.9054e-03  1.3619e-02  5.1969e-03  0:12:11   83

 turbulent viscosity limited to viscosity ratio of 1.000000e+05 in 10309 cells 

 Reversed flow on 679 faces of pressure-outlet 7.
   118  7.7340e-01  1.3865e-04  1.3820e-04  1.5360e-04  6.9017e-03  1.3675e-02  5.1526e-03  0:12:05   82

 turbulent viscosity limited to viscosity ratio of 1.000000e+05 in 10211 cells 

 Reversed flow on 677 faces of pressure-outlet 7.
   119  7.6760e-01  1.3777e-04  1.3719e-04  1.5268e-04  6.8995e-03  1.3753e-02  5.1091e-03  0:11:59   81

 turbulent viscosity limited to viscosity ratio of 1.000000e+05 in 10138 cells 

 Reversed flow on 668 faces of pressure-outlet 7.
   120  7.6150e-01  1.3698e-04  1.3628e-04  1.5176e-04  6.8945e-03  1.3811e-02  5.0663e-03  0:12:08   80

 turbulent viscosity limited to viscosity ratio of 1.000000e+05 in 10033 cells 

 Reversed flow on 680 faces of pressure-outlet 7.
   121  7.5442e-01  1.3611e-04  1.3532e-04  1.5084e-04  6.8841e-03  1.3826e-02  5.0243e-03  0:11:41   79

 turbulent viscosity limited to viscosity ratio of 1.000000e+05 in 9932 cells 

 Reversed flow on 669 faces of pressure-outlet 7.

  iter  continuity  x-velocity  y-velocity  z-velocity           k     epsilon  vf-phase-2     time/iter
   122  7.4841e-01  1.3525e-04  1.3436e-04  1.4992e-04  6.8680e-03  1.3767e-02  4.9829e-03  0:11:34   78

 turbulent viscosity limited to viscosity ratio of 1.000000e+05 in 9844 cells 

 Reversed flow on 671 faces of pressure-outlet 7.
   123  7.4276e-01  1.3439e-04  1.3340e-04  1.4908e-04  6.8431e-03  1.3729e-02  4.9422e-03  0:11:27   77

 turbulent viscosity limited to viscosity ratio of 1.000000e+05 in 9766 cells 

 Reversed flow on 673 faces of pressure-outlet 7.
   124  7.3779e-01  1.3354e-04  1.3244e-04  1.4823e-04  6.8163e-03  1.3708e-02  4.9023e-03  0:11:19   76

 turbulent viscosity limited to viscosity ratio of 1.000000e+05 in 9673 cells 

 Reversed flow on 682 faces of pressure-outlet 7.
   125  7.3183e-01  1.3269e-04  1.3144e-04  1.4735e-04  6.7787e-03  1.3652e-02  4.8629e-03  0:11:11   75

 turbulent viscosity limited to viscosity ratio of 1.000000e+05 in 9574 cells 

 Reversed flow on 675 faces of pressure-outlet 7.
   126  7.2747e-01  1.3182e-04  1.3049e-04  1.4654e-04  6.7365e-03  1.3636e-02  4.8242e-03  0:10:48   74

 turbulent viscosity limited to viscosity ratio of 1.000000e+05 in 9470 cells 

 Reversed flow on 664 faces of pressure-outlet 7.
   127  7.2356e-01  1.3085e-04  1.2966e-04  1.4581e-04  6.6892e-03  1.3615e-02  4.7860e-03  0:10:43   73

 turbulent viscosity limited to viscosity ratio of 1.000000e+05 in 9363 cells 

 Reversed flow on 669 faces of pressure-outlet 7.
   128  7.1744e-01  1.2985e-04  1.2878e-04  1.4507e-04  6.6392e-03  1.3547e-02  4.7485e-03  0:10:37   72

 turbulent viscosity limited to viscosity ratio of 1.000000e+05 in 9273 cells 

 Reversed flow on 674 faces of pressure-outlet 7.
   129  7.1200e-01  1.2882e-04  1.2791e-04  1.4438e-04  6.5847e-03  1.3309e-02  4.7116e-03  0:10:16   71

 turbulent viscosity limited to viscosity ratio of 1.000000e+05 in 9176 cells 

 Reversed flow on 663 faces of pressure-outlet 7.
   130  7.0852e-01  1.2782e-04  1.2702e-04  1.4366e-04  6.5303e-03  1.3188e-02  4.6752e-03  0:10:12   70

 turbulent viscosity limited to viscosity ratio of 1.000000e+05 in 9062 cells 

 Reversed flow on 664 faces of pressure-outlet 7.
   131  7.0387e-01  1.2684e-04  1.2617e-04  1.4296e-04  6.4773e-03  1.3144e-02  4.6394e-03  0:10:07   69

 turbulent viscosity limited to viscosity ratio of 1.000000e+05 in 8965 cells 

 Reversed flow on 669 faces of pressure-outlet 7.
   132  6.9911e-01  1.2587e-04  1.2521e-04  1.4232e-04  6.4212e-03  1.3041e-02  4.6041e-03  0:09:47   68

 turbulent viscosity limited to viscosity ratio of 1.000000e+05 in 8861 cells 

 Reversed flow on 675 faces of pressure-outlet 7.

  iter  continuity  x-velocity  y-velocity  z-velocity           k     epsilon  vf-phase-2     time/iter
   133  6.9481e-01  1.2486e-04  1.2434e-04  1.4165e-04  6.3638e-03  1.2822e-02  4.5694e-03  0:09:43   67

 turbulent viscosity limited to viscosity ratio of 1.000000e+05 in 8758 cells 

 Reversed flow on 666 faces of pressure-outlet 7.
   134  6.9135e-01  1.2388e-04  1.2354e-04  1.4106e-04  6.3079e-03  1.2582e-02  4.5352e-03  0:09:39   66

 turbulent viscosity limited to viscosity ratio of 1.000000e+05 in 8665 cells 

 Reversed flow on 666 faces of pressure-outlet 7.
   135  6.8694e-01  1.2289e-04  1.2270e-04  1.4049e-04  6.2566e-03  1.2474e-02  4.5015e-03  0:09:33   65

 turbulent viscosity limited to viscosity ratio of 1.000000e+05 in 8589 cells 

 Reversed flow on 668 faces of pressure-outlet 7.
   136  6.8296e-01  1.2197e-04  1.2196e-04  1.3994e-04  6.2084e-03  1.2498e-02  4.4683e-03  0:09:14   64

 turbulent viscosity limited to viscosity ratio of 1.000000e+05 in 8498 cells 

 Reversed flow on 670 faces of pressure-outlet 7.
   137  6.7874e-01  1.2106e-04  1.2125e-04  1.3932e-04  6.1625e-03  1.2301e-02  4.4356e-03  0:09:09   63

 turbulent viscosity limited to viscosity ratio of 1.000000e+05 in 8399 cells 

 Reversed flow on 662 faces of pressure-outlet 7.
   138  6.7505e-01  1.2017e-04  1.2061e-04  1.3878e-04  6.1200e-03  1.2162e-02  4.4034e-03  0:09:04   62

 turbulent viscosity limited to viscosity ratio of 1.000000e+05 in 8326 cells 

 Reversed flow on 670 faces of pressure-outlet 7.
   139  6.7188e-01  1.1926e-04  1.2003e-04  1.3823e-04  6.0778e-03  1.2053e-02  4.3717e-03  0:08:58   61

 turbulent viscosity limited to viscosity ratio of 1.000000e+05 in 8234 cells 

 Reversed flow on 660 faces of pressure-outlet 7.
   140  6.6944e-01  1.1838e-04  1.1947e-04  1.3777e-04  6.0335e-03  1.2024e-02  4.3404e-03  0:08:51   60

 turbulent viscosity limited to viscosity ratio of 1.000000e+05 in 8147 cells 

 Reversed flow on 652 faces of pressure-outlet 7.
   141  6.6811e-01  1.1756e-04  1.1899e-04  1.3728e-04  5.9891e-03  1.2010e-02  4.3096e-03  0:08:44   59

 turbulent viscosity limited to viscosity ratio of 1.000000e+05 in 8052 cells 

 Reversed flow on 646 faces of pressure-outlet 7.
   142  6.6436e-01  1.1687e-04  1.1844e-04  1.3673e-04  5.9429e-03  1.1805e-02  4.2793e-03  0:08:37   58

 turbulent viscosity limited to viscosity ratio of 1.000000e+05 in 7952 cells 

 Reversed flow on 641 faces of pressure-outlet 7.
   143  6.6144e-01  1.1609e-04  1.1790e-04  1.3631e-04  5.8999e-03  1.1794e-02  4.2494e-03  0:08:17   57

 turbulent viscosity limited to viscosity ratio of 1.000000e+05 in 7872 cells 

 Reversed flow on 647 faces of pressure-outlet 7.

  iter  continuity  x-velocity  y-velocity  z-velocity           k     epsilon  vf-phase-2     time/iter
   144  6.5939e-01  1.1535e-04  1.1739e-04  1.3580e-04  5.8576e-03  1.1694e-02  4.2198e-03  0:08:12   56

 turbulent viscosity limited to viscosity ratio of 1.000000e+05 in 7779 cells 

 Reversed flow on 652 faces of pressure-outlet 7.
   145  6.5796e-01  1.1478e-04  1.1690e-04  1.3527e-04  5.8161e-03  1.1751e-02  4.1907e-03  0:08:05   55

 turbulent viscosity limited to viscosity ratio of 1.000000e+05 in 7696 cells 

 Reversed flow on 637 faces of pressure-outlet 7.
   146  6.5521e-01  1.1422e-04  1.1642e-04  1.3477e-04  5.7713e-03  1.1733e-02  4.1620e-03  0:07:58   54

 turbulent viscosity limited to viscosity ratio of 1.000000e+05 in 7614 cells 

 Reversed flow on 649 faces of pressure-outlet 7.
   147  6.5153e-01  1.1374e-04  1.1596e-04  1.3420e-04  5.7263e-03  1.1633e-02  4.1337e-03  0:07:51   53

 turbulent viscosity limited to viscosity ratio of 1.000000e+05 in 7522 cells 

 Reversed flow on 634 faces of pressure-outlet 7.
   148  6.4746e-01  1.1319e-04  1.1547e-04  1.3370e-04  5.6819e-03  1.1492e-02  4.1057e-03  0:07:33   52

 turbulent viscosity limited to viscosity ratio of 1.000000e+05 in 7438 cells 

 Reversed flow on 631 faces of pressure-outlet 7.
   149  6.4503e-01  1.1263e-04  1.1504e-04  1.3323e-04  5.6406e-03  1.1421e-02  4.0781e-03  0:07:27   51

 turbulent viscosity limited to viscosity ratio of 1.000000e+05 in 7355 cells 

 Reversed flow on 613 faces of pressure-outlet 7.
   150  6.4302e-01  1.1216e-04  1.1464e-04  1.3267e-04  5.5976e-03  1.1676e-02  4.0509e-03  0:07:21   50

 turbulent viscosity limited to viscosity ratio of 1.000000e+05 in 7264 cells 

 Reversed flow on 625 faces of pressure-outlet 7.
   151  6.4129e-01  1.1166e-04  1.1424e-04  1.3209e-04  5.5500e-03  1.1443e-02  4.0241e-03  0:07:14   49

 turbulent viscosity limited to viscosity ratio of 1.000000e+05 in 7177 cells 

 Reversed flow on 624 faces of pressure-outlet 7.
   152  6.3944e-01  1.1117e-04  1.1383e-04  1.3154e-04  5.5046e-03  1.1223e-02  3.9976e-03  0:06:57   48

 turbulent viscosity limited to viscosity ratio of 1.000000e+05 in 7063 cells 

 Reversed flow on 621 faces of pressure-outlet 7.
   153  6.3898e-01  1.1076e-04  1.1343e-04  1.3092e-04  5.4567e-03  1.1177e-02  3.9714e-03  0:06:51   47

 turbulent viscosity limited to viscosity ratio of 1.000000e+05 in 6978 cells 

 Reversed flow on 615 faces of pressure-outlet 7.
   154  6.3668e-01  1.1038e-04  1.1307e-04  1.3043e-04  5.4120e-03  1.1164e-02  3.9456e-03  0:06:45   46

 turbulent viscosity limited to viscosity ratio of 1.000000e+05 in 6882 cells 

 Reversed flow on 614 faces of pressure-outlet 7.

  iter  continuity  x-velocity  y-velocity  z-velocity           k     epsilon  vf-phase-2     time/iter
   155  6.3437e-01  1.0999e-04  1.1274e-04  1.2992e-04  5.3670e-03  1.1027e-02  3.9201e-03  0:06:38   45

 turbulent viscosity limited to viscosity ratio of 1.000000e+05 in 6791 cells 

 Reversed flow on 614 faces of pressure-outlet 7.
   156  6.3346e-01  1.0958e-04  1.1241e-04  1.2947e-04  5.3208e-03  1.0998e-02  3.8950e-03  0:06:21   44

 turbulent viscosity limited to viscosity ratio of 1.000000e+05 in 6709 cells 

 Reversed flow on 614 faces of pressure-outlet 7.
   157  6.3254e-01  1.0922e-04  1.1213e-04  1.2902e-04  5.2747e-03  1.1209e-02  3.8702e-03  0:06:16   43

 turbulent viscosity limited to viscosity ratio of 1.000000e+05 in 6629 cells 

 Reversed flow on 598 faces of pressure-outlet 7.
   158  6.3159e-01  1.0879e-04  1.1188e-04  1.2864e-04  5.2245e-03  1.0949e-02  3.8458e-03  0:06:09   42

 turbulent viscosity limited to viscosity ratio of 1.000000e+05 in 6529 cells 

 Reversed flow on 606 faces of pressure-outlet 7.
   159  6.3091e-01  1.0841e-04  1.1171e-04  1.2829e-04  5.1777e-03  1.0808e-02  3.8216e-03  0:06:02   41

 turbulent viscosity limited to viscosity ratio of 1.000000e+05 in 6461 cells 

 Reversed flow on 596 faces of pressure-outlet 7.
   160  6.2986e-01  1.0801e-04  1.1149e-04  1.2799e-04  5.1311e-03  1.0711e-02  3.7978e-03  0:05:47   40

 turbulent viscosity limited to viscosity ratio of 1.000000e+05 in 6379 cells 

 Reversed flow on 604 faces of pressure-outlet 7.
   161  6.2811e-01  1.0767e-04  1.1124e-04  1.2771e-04  5.0864e-03  1.0599e-02  3.7742e-03  0:05:41   39

 turbulent viscosity limited to viscosity ratio of 1.000000e+05 in 6287 cells 

 Reversed flow on 588 faces of pressure-outlet 7.
   162  6.2604e-01  1.0731e-04  1.1098e-04  1.2754e-04  5.0468e-03  1.0685e-02  3.7510e-03  0:05:34   38

 turbulent viscosity limited to viscosity ratio of 1.000000e+05 in 6222 cells 

 Reversed flow on 593 faces of pressure-outlet 7.
   163  6.2553e-01  1.0700e-04  1.1079e-04  1.2732e-04  5.0097e-03  1.0616e-02  3.7280e-03  0:05:27   37

 turbulent viscosity limited to viscosity ratio of 1.000000e+05 in 6150 cells 

 Reversed flow on 594 faces of pressure-outlet 7.
   164  6.2484e-01  1.0664e-04  1.1060e-04  1.2714e-04  4.9757e-03  1.0669e-02  3.7053e-03  0:05:12   36

 turbulent viscosity limited to viscosity ratio of 1.000000e+05 in 6085 cells 

 Reversed flow on 593 faces of pressure-outlet 7.
   165  6.2412e-01  1.0634e-04  1.1040e-04  1.2694e-04  4.9424e-03  1.0789e-02  3.6829e-03  0:05:06   35

 turbulent viscosity limited to viscosity ratio of 1.000000e+05 in 6028 cells 

 Reversed flow on 597 faces of pressure-outlet 7.

  iter  continuity  x-velocity  y-velocity  z-velocity           k     epsilon  vf-phase-2     time/iter
   166  6.2371e-01  1.0610e-04  1.1022e-04  1.2686e-04  4.9110e-03  1.0724e-02  3.6608e-03  0:04:59   34

 turbulent viscosity limited to viscosity ratio of 1.000000e+05 in 5948 cells 

 Reversed flow on 580 faces of pressure-outlet 7.
   167  6.2351e-01  1.0590e-04  1.1003e-04  1.2675e-04  4.8804e-03  1.0692e-02  3.6389e-03  0:04:45   33

 turbulent viscosity limited to viscosity ratio of 1.000000e+05 in 5882 cells 

 Reversed flow on 587 faces of pressure-outlet 7.
   168  6.2349e-01  1.0573e-04  1.0988e-04  1.2662e-04  4.8511e-03  1.0613e-02  3.6174e-03  0:04:38   32

 turbulent viscosity limited to viscosity ratio of 1.000000e+05 in 5817 cells 

 Reversed flow on 575 faces of pressure-outlet 7.
   169  6.2385e-01  1.0561e-04  1.0971e-04  1.2656e-04  4.8239e-03  1.0589e-02  3.5961e-03  0:04:32   31

 turbulent viscosity limited to viscosity ratio of 1.000000e+05 in 5761 cells 

 Reversed flow on 573 faces of pressure-outlet 7.
   170  6.2487e-01  1.0556e-04  1.0961e-04  1.2647e-04  4.7983e-03  1.0595e-02  3.5750e-03  0:04:24   30

 turbulent viscosity limited to viscosity ratio of 1.000000e+05 in 5686 cells 

 Reversed flow on 574 faces of pressure-outlet 7.
   171  6.2551e-01  1.0548e-04  1.0952e-04  1.2641e-04  4.7730e-03  1.0696e-02  3.5542e-03  0:04:11   29

 turbulent viscosity limited to viscosity ratio of 1.000000e+05 in 5618 cells 

 Reversed flow on 573 faces of pressure-outlet 7.
   172  6.2685e-01  1.0548e-04  1.0944e-04  1.2636e-04  4.7502e-03  1.0692e-02  3.5336e-03  0:04:04   28

 turbulent viscosity limited to viscosity ratio of 1.000000e+05 in 5563 cells 

 Reversed flow on 574 faces of pressure-outlet 7.
   173  6.2838e-01  1.0555e-04  1.0941e-04  1.2632e-04  4.7255e-03  1.0735e-02  3.5132e-03  0:03:57   27

 turbulent viscosity limited to viscosity ratio of 1.000000e+05 in 5480 cells 

 Reversed flow on 573 faces of pressure-outlet 7.
   174  6.2977e-01  1.0558e-04  1.0939e-04  1.2628e-04  4.6994e-03  1.0634e-02  3.4931e-03  0:03:49   26

 turbulent viscosity limited to viscosity ratio of 1.000000e+05 in 5418 cells 

 Reversed flow on 557 faces of pressure-outlet 7.
   175  6.3120e-01  1.0569e-04  1.0938e-04  1.2624e-04  4.6740e-03  1.0705e-02  3.4732e-03  0:03:36   25

 turbulent viscosity limited to viscosity ratio of 1.000000e+05 in 5354 cells 

 Reversed flow on 562 faces of pressure-outlet 7.
   176  6.3183e-01  1.0582e-04  1.0938e-04  1.2617e-04  4.6466e-03  1.0694e-02  3.4535e-03  0:03:29   24

 turbulent viscosity limited to viscosity ratio of 1.000000e+05 in 5277 cells 

 Reversed flow on 565 faces of pressure-outlet 7.

  iter  continuity  x-velocity  y-velocity  z-velocity           k     epsilon  vf-phase-2     time/iter
   177  6.3231e-01  1.0597e-04  1.0939e-04  1.2609e-04  4.6192e-03  1.0514e-02  3.4340e-03  0:03:22   23

 turbulent viscosity limited to viscosity ratio of 1.000000e+05 in 5219 cells 

 Reversed flow on 559 faces of pressure-outlet 7.
   178  6.3283e-01  1.0614e-04  1.0949e-04  1.2603e-04  4.5939e-03  1.0423e-02  3.4148e-03  0:03:14   22

 turbulent viscosity limited to viscosity ratio of 1.000000e+05 in 5166 cells 

 Reversed flow on 552 faces of pressure-outlet 7.
   179  6.3414e-01  1.0630e-04  1.0953e-04  1.2597e-04  4.5711e-03  1.0702e-02  3.3958e-03  0:03:02   21

 turbulent viscosity limited to viscosity ratio of 1.000000e+05 in 5108 cells 

 Reversed flow on 561 faces of pressure-outlet 7.
   180  6.3438e-01  1.0645e-04  1.0963e-04  1.2593e-04  4.5462e-03  1.0673e-02  3.3771e-03  0:02:55   20

 turbulent viscosity limited to viscosity ratio of 1.000000e+05 in 5066 cells 

 Reversed flow on 572 faces of pressure-outlet 7.
   181  6.3475e-01  1.0657e-04  1.0974e-04  1.2588e-04  4.5225e-03  1.0796e-02  3.3586e-03  0:02:47   19

 turbulent viscosity limited to viscosity ratio of 1.000000e+05 in 5004 cells 

 Reversed flow on 554 faces of pressure-outlet 7.
   182  6.3522e-01  1.0676e-04  1.0985e-04  1.2586e-04  4.4994e-03  1.0826e-02  3.3402e-03  0:02:39   18

 turbulent viscosity limited to viscosity ratio of 1.000000e+05 in 4940 cells 

 Reversed flow on 550 faces of pressure-outlet 7.
   183  6.3546e-01  1.0696e-04  1.0996e-04  1.2579e-04  4.4764e-03  1.0804e-02  3.3221e-03  0:02:27   17

 turbulent viscosity limited to viscosity ratio of 1.000000e+05 in 4890 cells 

 Reversed flow on 546 faces of pressure-outlet 7.
   184  6.3529e-01  1.0717e-04  1.1008e-04  1.2577e-04  4.4539e-03  1.0808e-02  3.3041e-03  0:02:20   16

 turbulent viscosity limited to viscosity ratio of 1.000000e+05 in 4836 cells 

 Reversed flow on 536 faces of pressure-outlet 7.
   185  6.3519e-01  1.0730e-04  1.1017e-04  1.2572e-04  4.4355e-03  1.0893e-02  3.2863e-03  0:02:12   15

 turbulent viscosity limited to viscosity ratio of 1.000000e+05 in 4772 cells 

 Reversed flow on 538 faces of pressure-outlet 7.
   186  6.3513e-01  1.0747e-04  1.1034e-04  1.2567e-04  4.4156e-03  1.0829e-02  3.2687e-03  0:02:04   14

 turbulent viscosity limited to viscosity ratio of 1.000000e+05 in 4710 cells 

 Reversed flow on 544 faces of pressure-outlet 7.
   187  6.3534e-01  1.0765e-04  1.1044e-04  1.2563e-04  4.3972e-03  1.1029e-02  3.2512e-03  0:01:55   13

 turbulent viscosity limited to viscosity ratio of 1.000000e+05 in 4672 cells 

 Reversed flow on 552 faces of pressure-outlet 7.

  iter  continuity  x-velocity  y-velocity  z-velocity           k     epsilon  vf-phase-2     time/iter
   188  6.3602e-01  1.0781e-04  1.1059e-04  1.2557e-04  4.3823e-03  1.1126e-02  3.2339e-03  0:01:47   12

 turbulent viscosity limited to viscosity ratio of 1.000000e+05 in 4620 cells 

 Reversed flow on 547 faces of pressure-outlet 7.
   189  6.3577e-01  1.0803e-04  1.1067e-04  1.2544e-04  4.3673e-03  1.1170e-02  3.2168e-03  0:01:36   11

 turbulent viscosity limited to viscosity ratio of 1.000000e+05 in 4575 cells 

 Reversed flow on 536 faces of pressure-outlet 7.
   190  6.3542e-01  1.0826e-04  1.1078e-04  1.2528e-04  4.3508e-03  1.1047e-02  3.1998e-03  0:01:28   10

 turbulent viscosity limited to viscosity ratio of 1.000000e+05 in 4521 cells 

 Reversed flow on 524 faces of pressure-outlet 7.
   191  6.3479e-01  1.0846e-04  1.1093e-04  1.2511e-04  4.3356e-03  1.1409e-02  3.1831e-03  0:01:19    9

 turbulent viscosity limited to viscosity ratio of 1.000000e+05 in 4481 cells 

 Reversed flow on 524 faces of pressure-outlet 7.
   192  6.3420e-01  1.0861e-04  1.1100e-04  1.2497e-04  4.3189e-03  1.1294e-02  3.1667e-03  0:01:09    8

 turbulent viscosity limited to viscosity ratio of 1.000000e+05 in 4439 cells 

 Reversed flow on 538 faces of pressure-outlet 7.
   193  6.3398e-01  1.0873e-04  1.1106e-04  1.2478e-04  4.3047e-03  1.2042e-02  3.1503e-03  0:01:01    7

 turbulent viscosity limited to viscosity ratio of 1.000000e+05 in 4382 cells 

 Reversed flow on 532 faces of pressure-outlet 7.
   194  6.3462e-01  1.0888e-04  1.1109e-04  1.2453e-04  4.2873e-03  1.2292e-02  3.1342e-03  0:00:53    6

 turbulent viscosity limited to viscosity ratio of 1.000000e+05 in 4337 cells 

 Reversed flow on 522 faces of pressure-outlet 7.
   195  6.3447e-01  1.0902e-04  1.1114e-04  1.2432e-04  4.2687e-03  1.1696e-02  3.1182e-03  0:00:44    5

 turbulent viscosity limited to viscosity ratio of 1.000000e+05 in 4290 cells 

 Reversed flow on 498 faces of pressure-outlet 7.
   196  6.3392e-01  1.0914e-04  1.1119e-04  1.2408e-04  4.2499e-03  1.2093e-02  3.1023e-03  0:00:35    4

 turbulent viscosity limited to viscosity ratio of 1.000000e+05 in 4244 cells 

 Reversed flow on 506 faces of pressure-outlet 7.
   197  6.3384e-01  1.0931e-04  1.1122e-04  1.2380e-04  4.2333e-03  1.2636e-02  3.0867e-03  0:00:26    3

 turbulent viscosity limited to viscosity ratio of 1.000000e+05 in 4201 cells 

 Reversed flow on 512 faces of pressure-outlet 7.
   198  6.3368e-01  1.0948e-04  1.1119e-04  1.2352e-04  4.2133e-03  1.2130e-02  3.0712e-03  0:00:18    2

 turbulent viscosity limited to viscosity ratio of 1.000000e+05 in 4151 cells 

 Reversed flow on 501 faces of pressure-outlet 7.

  iter  continuity  x-velocity  y-velocity  z-velocity           k     epsilon  vf-phase-2     time/iter
   199  6.3335e-01  1.0963e-04  1.1119e-04  1.2319e-04  4.1972e-03  1.2423e-02  3.0559e-03  0:00:09    1

 turbulent viscosity limited to viscosity ratio of 1.000000e+05 in 4103 cells 

 Reversed flow on 502 faces of pressure-outlet 7.

iterate_600: OK
progress: 600/1500
Error: Invalid path: "C:\Users\qtra338\Documents\Bangma Design (swirl 0.15)\Bangma_separator_files\dp0\FFF\Fluent\" does not exist!
Error Object: #f


ERROR: Invalid path: "C:\Users\qtra338\Documents\Bangma Design (swirl 0.15)\Bangma_separator_files\dp0\FFF\Fluent\" does not exist!
Error object: #f


active_calculation_state: clearing stale state ['interrupt']
interrupt_stale_calculation: OK
Done.

> 
  iter  continuity  x-velocity  y-velocity  z-velocity           k     epsilon  vf-phase-2     time/iter

Error: Invalid path: "C:\Users\qtra338\Documents\Bangma Design (swirl 0.15)\Bangma_separator_files\dp0\FFF\Fluent\" does not exist!
Error Object: #f


ERROR: Invalid path: "C:\Users\qtra338\Documents\Bangma Design (swirl 0.15)\Bangma_separator_files\dp0\FFF\Fluent\" does not exist!
Error object: #f
iterate_700: OK
progress: 700/1500


active_calculation_state: clearing stale state ['interrupt']
Done.
interrupt_stale_calculation: OK

> 
  iter  continuity  x-velocity  y-velocity  z-velocity           k     epsilon  vf-phase-2     time/iter

Error: Invalid path: "C:\Users\qtra338\Documents\Bangma Design (swirl 0.15)\Bangma_separator_files\dp0\FFF\Fluent\" does not exist!
Error Object: #f


ERROR: Invalid path: "C:\Users\qtra338\Documents\Bangma Design (swirl 0.15)\Bangma_separator_files\dp0\FFF\Fluent\" does not exist!
Error object: #f
iterate_800: OK
progress: 800/1500


active_calculation_state: clearing stale state ['interrupt']
Done.
interrupt_stale_calculation: OK

> 
  iter  continuity  x-velocity  y-velocity  z-velocity           k     epsilon  vf-phase-2     time/iter

Error: Invalid path: "C:\Users\qtra338\Documents\Bangma Design (swirl 0.15)\Bangma_separator_files\dp0\FFF\Fluent\" does not exist!
Error Object: #f


ERROR: Invalid path: "C:\Users\qtra338\Documents\Bangma Design (swirl 0.15)\Bangma_separator_files\dp0\FFF\Fluent\" does not exist!
Error object: #f
iterate_900: OK
progress: 900/1500


active_calculation_state: clearing stale state ['interrupt']
interrupt_stale_calculation: OK
Done.

> 
  iter  continuity  x-velocity  y-velocity  z-velocity           k     epsilon  vf-phase-2     time/iter

Error: Invalid path: "C:\Users\qtra338\Documents\Bangma Design (swirl 0.15)\Bangma_separator_files\dp0\FFF\Fluent\" does not exist!
Error Object: #f


ERROR: Invalid path: "C:\Users\qtra338\Documents\Bangma Design (swirl 0.15)\Bangma_separator_files\dp0\FFF\Fluent\" does not exist!
Error object: #f


iterate_1000: OK
progress: 1000/1500

=== autosave_1000 ===

Writing to EN439159:"C:\Users\qtra338\Documents\enthalpy_sweep\case_2_1440_autosave_iter1000.cas.h5" in NODE0 mode and compression level 1 ...
Grouping cells for Laplace smoothing ...
     5578299 cells,     1 zone  ...
    11355491 faces,     5 zones ...
     1026091 nodes,     1 zone  ...
  Done.
Done.
write_case_autosave_1000: OK

Writing to EN439159:"C:\Users\qtra338\Documents\enthalpy_sweep\case_2_1440_autosave_iter1000.dat.h5" in NODE0 mode and compression level 1 ...
  Writing results.
Done.
write_data_autosave_1000: OK
active_calculation_state: clearing stale state ['interrupt']
Done.
interrupt_stale_calculation: OK

> 
  iter  continuity  x-velocity  y-velocity  z-velocity           k     epsilon  vf-phase-2     time/iter
   200  6.3283e-01  1.0977e-04  1.1109e-04  1.2291e-04  4.1767e-03  1.2156e-02  3.0407e-03  0:14:26  100

 turbulent viscosity limited to viscosity ratio of 1.000000e+05 in 4056 cells 

 Reversed flow on 505 faces of pressure-outlet 7.
   201  6.3188e-01  1.0989e-04  1.1102e-04  1.2257e-04  4.1586e-03  1.1988e-02  3.0257e-03  0:14:24   99

 turbulent viscosity limited to viscosity ratio of 1.000000e+05 in 4001 cells 

 Reversed flow on 508 faces of pressure-outlet 7.
   202  6.3117e-01  1.0996e-04  1.1096e-04  1.2225e-04  4.1390e-03  1.1960e-02  3.0108e-03  0:14:21   98

 turbulent viscosity limited to viscosity ratio of 1.000000e+05 in 3952 cells 

 Reversed flow on 512 faces of pressure-outlet 7.
   203  6.3016e-01  1.1004e-04  1.1092e-04  1.2192e-04  4.1196e-03  1.1678e-02  2.9961e-03  0:14:16   97

 turbulent viscosity limited to viscosity ratio of 1.000000e+05 in 3909 cells 

 Reversed flow on 508 faces of pressure-outlet 7.
   204  6.2928e-01  1.1012e-04  1.1081e-04  1.2156e-04  4.1049e-03  1.1905e-02  2.9815e-03  0:13:51   96

 turbulent viscosity limited to viscosity ratio of 1.000000e+05 in 3866 cells 

 Reversed flow on 502 faces of pressure-outlet 7.
   205  6.2863e-01  1.1022e-04  1.1070e-04  1.2124e-04  4.0900e-03  1.1585e-02  2.9670e-03  0:13:49   95

 turbulent viscosity limited to viscosity ratio of 1.000000e+05 in 3829 cells 

 Reversed flow on 496 faces of pressure-outlet 7.
   206  6.2810e-01  1.1031e-04  1.1060e-04  1.2087e-04  4.0740e-03  1.1559e-02  2.9526e-03  0:13:46   94

 turbulent viscosity limited to viscosity ratio of 1.000000e+05 in 3791 cells 

 Reversed flow on 506 faces of pressure-outlet 7.
   207  6.2792e-01  1.1036e-04  1.1052e-04  1.2050e-04  4.0598e-03  1.1570e-02  2.9384e-03  0:13:41   93

 turbulent viscosity limited to viscosity ratio of 1.000000e+05 in 3737 cells 

 Reversed flow on 494 faces of pressure-outlet 7.
   208  6.2747e-01  1.1043e-04  1.1039e-04  1.2016e-04  4.0428e-03  1.1305e-02  2.9244e-03  0:13:17   92

 turbulent viscosity limited to viscosity ratio of 1.000000e+05 in 3695 cells 

 Reversed flow on 489 faces of pressure-outlet 7.
   209  6.2735e-01  1.1048e-04  1.1028e-04  1.1981e-04  4.0304e-03  1.2065e-02  2.9104e-03  0:13:14   91

 turbulent viscosity limited to viscosity ratio of 1.000000e+05 in 3648 cells 

 Reversed flow on 499 faces of pressure-outlet 7.
   210  6.2689e-01  1.1053e-04  1.1020e-04  1.1951e-04  4.0156e-03  1.1882e-02  2.8967e-03  0:13:10   90

 turbulent viscosity limited to viscosity ratio of 1.000000e+05 in 3594 cells 

 Reversed flow on 494 faces of pressure-outlet 7.

  iter  continuity  x-velocity  y-velocity  z-velocity           k     epsilon  vf-phase-2     time/iter
   211  6.2664e-01  1.1057e-04  1.1012e-04  1.1919e-04  4.0013e-03  1.1768e-02  2.8830e-03  0:13:06   89

 turbulent viscosity limited to viscosity ratio of 1.000000e+05 in 3562 cells 

 Reversed flow on 490 faces of pressure-outlet 7.
   212  6.2548e-01  1.1056e-04  1.1006e-04  1.1893e-04  3.9891e-03  1.1890e-02  2.8695e-03  0:12:42   88

 turbulent viscosity limited to viscosity ratio of 1.000000e+05 in 3529 cells 

 Reversed flow on 488 faces of pressure-outlet 7.
   213  6.2416e-01  1.1056e-04  1.0997e-04  1.1861e-04  3.9754e-03  1.1883e-02  2.8560e-03  0:12:39   87

 turbulent viscosity limited to viscosity ratio of 1.000000e+05 in 3497 cells 

 Reversed flow on 490 faces of pressure-outlet 7.
   214  6.2405e-01  1.1055e-04  1.0989e-04  1.1830e-04  3.9611e-03  1.1688e-02  2.8427e-03  0:12:35   86

 turbulent viscosity limited to viscosity ratio of 1.000000e+05 in 3464 cells 

 Reversed flow on 489 faces of pressure-outlet 7.
   215  6.2430e-01  1.1054e-04  1.0986e-04  1.1801e-04  3.9495e-03  1.2330e-02  2.8295e-03  0:12:30   85

 turbulent viscosity limited to viscosity ratio of 1.000000e+05 in 3436 cells 

 Reversed flow on 483 faces of pressure-outlet 7.
   216  6.2428e-01  1.1050e-04  1.0986e-04  1.1776e-04  3.9353e-03  1.1945e-02  2.8164e-03  0:12:08   84

 turbulent viscosity limited to viscosity ratio of 1.000000e+05 in 3403 cells 

 Reversed flow on 481 faces of pressure-outlet 7.
   217  6.2482e-01  1.1048e-04  1.0984e-04  1.1748e-04  3.9243e-03  1.2294e-02  2.8034e-03  0:12:05   83

 turbulent viscosity limited to viscosity ratio of 1.000000e+05 in 3376 cells 

 Reversed flow on 484 faces of pressure-outlet 7.
   218  6.2522e-01  1.1042e-04  1.0987e-04  1.1717e-04  3.9104e-03  1.2171e-02  2.7905e-03  0:12:00   82

 turbulent viscosity limited to viscosity ratio of 1.000000e+05 in 3341 cells 

 Reversed flow on 488 faces of pressure-outlet 7.
   219  6.2525e-01  1.1039e-04  1.0988e-04  1.1690e-04  3.8969e-03  1.1509e-02  2.7778e-03  0:11:55   81

 turbulent viscosity limited to viscosity ratio of 1.000000e+05 in 3306 cells 

 Reversed flow on 485 faces of pressure-outlet 7.
   220  6.2450e-01  1.1032e-04  1.0985e-04  1.1670e-04  3.8825e-03  1.1358e-02  2.7652e-03  0:11:33   80

 turbulent viscosity limited to viscosity ratio of 1.000000e+05 in 3273 cells 

 Reversed flow on 471 faces of pressure-outlet 7.
   221  6.2400e-01  1.1024e-04  1.0984e-04  1.1647e-04  3.8697e-03  1.1727e-02  2.7527e-03  0:11:30   79

 turbulent viscosity limited to viscosity ratio of 1.000000e+05 in 3249 cells 

 Reversed flow on 465 faces of pressure-outlet 7.

  iter  continuity  x-velocity  y-velocity  z-velocity           k     epsilon  vf-phase-2     time/iter
   222  6.2370e-01  1.1013e-04  1.0988e-04  1.1625e-04  3.8581e-03  1.2400e-02  2.7403e-03  0:11:25   78

 turbulent viscosity limited to viscosity ratio of 1.000000e+05 in 3221 cells 

 Reversed flow on 482 faces of pressure-outlet 7.
   223  6.2409e-01  1.1005e-04  1.0989e-04  1.1603e-04  3.8460e-03  1.2206e-02  2.7280e-03  0:11:20   77

 turbulent viscosity limited to viscosity ratio of 1.000000e+05 in 3185 cells 

 Reversed flow on 480 faces of pressure-outlet 7.
   224  6.2367e-01  1.0997e-04  1.0996e-04  1.1581e-04  3.8306e-03  1.2132e-02  2.7159e-03  0:10:58   76

 turbulent viscosity limited to viscosity ratio of 1.000000e+05 in 3159 cells 

 Reversed flow on 465 faces of pressure-outlet 7.
   225  6.2352e-01  1.0989e-04  1.1000e-04  1.1560e-04  3.8145e-03  1.1816e-02  2.7039e-03  0:10:55   75

 turbulent viscosity limited to viscosity ratio of 1.000000e+05 in 3125 cells 

 Reversed flow on 478 faces of pressure-outlet 7.
   226  6.2457e-01  1.0977e-04  1.1001e-04  1.1542e-04  3.7979e-03  1.1222e-02  2.6921e-03  0:10:50   74

 turbulent viscosity limited to viscosity ratio of 1.000000e+05 in 3102 cells 

 Reversed flow on 467 faces of pressure-outlet 7.
   227  6.2506e-01  1.0963e-04  1.1006e-04  1.1522e-04  3.7787e-03  1.0869e-02  2.6804e-03  0:10:30   73

 turbulent viscosity limited to viscosity ratio of 1.000000e+05 in 3077 cells 

 Reversed flow on 472 faces of pressure-outlet 7.
   228  6.2527e-01  1.0953e-04  1.1013e-04  1.1506e-04  3.7653e-03  1.1004e-02  2.6688e-03  0:10:26   72

 turbulent viscosity limited to viscosity ratio of 1.000000e+05 in 3053 cells 

 Reversed flow on 473 faces of pressure-outlet 7.
   229  6.2607e-01  1.0945e-04  1.1020e-04  1.1495e-04  3.7541e-03  1.3014e-02  2.6572e-03  0:10:22   71

 turbulent viscosity limited to viscosity ratio of 1.000000e+05 in 3013 cells 

 Reversed flow on 465 faces of pressure-outlet 7.
   230  6.2662e-01  1.0939e-04  1.1031e-04  1.1476e-04  3.7388e-03  1.2121e-02  2.6457e-03  0:10:03   70

 turbulent viscosity limited to viscosity ratio of 1.000000e+05 in 2987 cells 

 Reversed flow on 459 faces of pressure-outlet 7.
   231  6.2858e-01  1.0930e-04  1.1040e-04  1.1458e-04  3.7262e-03  1.1813e-02  2.6343e-03  0:09:59   69

 turbulent viscosity limited to viscosity ratio of 1.000000e+05 in 2952 cells 

 Reversed flow on 460 faces of pressure-outlet 7.
   232  6.3118e-01  1.0926e-04  1.1047e-04  1.1445e-04  3.7121e-03  1.1374e-02  2.6230e-03  0:09:55   68

 turbulent viscosity limited to viscosity ratio of 1.000000e+05 in 2928 cells 

 Reversed flow on 459 faces of pressure-outlet 7.

  iter  continuity  x-velocity  y-velocity  z-velocity           k     epsilon  vf-phase-2     time/iter
   233  6.3182e-01  1.0923e-04  1.1050e-04  1.1426e-04  3.6950e-03  1.0995e-02  2.6118e-03  0:09:50   67

 turbulent viscosity limited to viscosity ratio of 1.000000e+05 in 2902 cells 

 Reversed flow on 461 faces of pressure-outlet 7.
   234  6.3357e-01  1.0924e-04  1.1055e-04  1.1407e-04  3.6825e-03  1.1108e-02  2.6007e-03  0:09:30   66

 turbulent viscosity limited to viscosity ratio of 1.000000e+05 in 2877 cells 

 Reversed flow on 455 faces of pressure-outlet 7.
   235  6.3470e-01  1.0923e-04  1.1056e-04  1.1386e-04  3.6662e-03  1.0196e-02  2.5896e-03  0:09:26   65

 turbulent viscosity limited to viscosity ratio of 1.000000e+05 in 2847 cells 

 Reversed flow on 453 faces of pressure-outlet 7.
   236  6.3651e-01  1.0919e-04  1.1056e-04  1.1368e-04  3.6525e-03  1.0070e-02  2.5787e-03  0:09:21   64

 turbulent viscosity limited to viscosity ratio of 1.000000e+05 in 2820 cells 

 Reversed flow on 450 faces of pressure-outlet 7.
   237  6.3749e-01  1.0920e-04  1.1054e-04  1.1350e-04  3.6458e-03  1.0885e-02  2.5678e-03  0:09:15   63

 turbulent viscosity limited to viscosity ratio of 1.000000e+05 in 2798 cells 

 Reversed flow on 454 faces of pressure-outlet 7.
   238  6.3869e-01  1.0921e-04  1.1047e-04  1.1330e-04  3.6350e-03  1.0712e-02  2.5571e-03  0:09:09   62

 turbulent viscosity limited to viscosity ratio of 1.000000e+05 in 2770 cells 

 Reversed flow on 448 faces of pressure-outlet 7.
   239  6.3889e-01  1.0914e-04  1.1034e-04  1.1306e-04  3.6219e-03  1.1346e-02  2.5464e-03  0:08:50   61

 turbulent viscosity limited to viscosity ratio of 1.000000e+05 in 2743 cells 

 Reversed flow on 460 faces of pressure-outlet 7.
   240  6.3915e-01  1.0908e-04  1.1021e-04  1.1279e-04  3.6082e-03  1.0554e-02  2.5359e-03  0:08:45   60

 turbulent viscosity limited to viscosity ratio of 1.000000e+05 in 2721 cells 

 Reversed flow on 453 faces of pressure-outlet 7.
   241  6.3902e-01  1.0907e-04  1.1011e-04  1.1255e-04  3.5907e-03  9.7261e-03  2.5254e-03  0:08:39   59

 turbulent viscosity limited to viscosity ratio of 1.000000e+05 in 2705 cells 

 Reversed flow on 440 faces of pressure-outlet 7.
   242  6.3828e-01  1.0898e-04  1.0996e-04  1.1229e-04  3.5787e-03  1.1766e-02  2.5151e-03  0:08:33   58

 turbulent viscosity limited to viscosity ratio of 1.000000e+05 in 2681 cells 

 Reversed flow on 443 faces of pressure-outlet 7.
   243  6.3774e-01  1.0891e-04  1.0976e-04  1.1198e-04  3.5630e-03  1.1289e-02  2.5048e-03  0:08:26   57

 turbulent viscosity limited to viscosity ratio of 1.000000e+05 in 2661 cells 

 Reversed flow on 439 faces of pressure-outlet 7.

  iter  continuity  x-velocity  y-velocity  z-velocity           k     epsilon  vf-phase-2     time/iter
   244  6.3623e-01  1.0882e-04  1.0958e-04  1.1169e-04  3.5519e-03  1.1427e-02  2.4946e-03  0:08:07   56

 turbulent viscosity limited to viscosity ratio of 1.000000e+05 in 2636 cells 

 Reversed flow on 430 faces of pressure-outlet 7.
   245  6.3568e-01  1.0870e-04  1.0939e-04  1.1139e-04  3.5307e-03  1.0322e-02  2.4845e-03  0:08:02   55

 turbulent viscosity limited to viscosity ratio of 1.000000e+05 in 2614 cells 

 Reversed flow on 430 faces of pressure-outlet 7.
   246  6.3522e-01  1.0860e-04  1.0919e-04  1.1104e-04  3.5237e-03  1.2363e-02  2.4745e-03  0:07:55   54

 turbulent viscosity limited to viscosity ratio of 1.000000e+05 in 2593 cells 

 Reversed flow on 438 faces of pressure-outlet 7.
   247  6.3467e-01  1.0849e-04  1.0904e-04  1.1076e-04  3.5055e-03  1.1378e-02  2.4645e-03  0:07:38   53

 turbulent viscosity limited to viscosity ratio of 1.000000e+05 in 2568 cells 

 Reversed flow on 437 faces of pressure-outlet 7.
   248  6.3431e-01  1.0839e-04  1.0883e-04  1.1044e-04  3.4963e-03  1.1994e-02  2.4546e-03  0:07:33   52

 turbulent viscosity limited to viscosity ratio of 1.000000e+05 in 2543 cells 

 Reversed flow on 435 faces of pressure-outlet 7.
   249  6.3338e-01  1.0826e-04  1.0862e-04  1.1012e-04  3.4791e-03  1.0339e-02  2.4447e-03  0:07:27   51

 turbulent viscosity limited to viscosity ratio of 1.000000e+05 in 2519 cells 

 Reversed flow on 438 faces of pressure-outlet 7.
   250  6.3228e-01  1.0809e-04  1.0842e-04  1.0976e-04  3.4646e-03  1.1420e-02  2.4349e-03  0:07:21   50

 turbulent viscosity limited to viscosity ratio of 1.000000e+05 in 2498 cells 

 Reversed flow on 442 faces of pressure-outlet 7.
   251  6.3123e-01  1.0793e-04  1.0825e-04  1.0945e-04  3.4495e-03  1.0723e-02  2.4253e-03  0:07:04   49

 turbulent viscosity limited to viscosity ratio of 1.000000e+05 in 2481 cells 

 Reversed flow on 445 faces of pressure-outlet 7.
   252  6.3016e-01  1.0775e-04  1.0811e-04  1.0912e-04  3.4364e-03  1.0914e-02  2.4157e-03  0:06:59   48

 turbulent viscosity limited to viscosity ratio of 1.000000e+05 in 2460 cells 

 Reversed flow on 441 faces of pressure-outlet 7.
   253  6.2958e-01  1.0759e-04  1.0790e-04  1.0883e-04  3.4240e-03  1.0728e-02  2.4061e-03  0:06:53   47

 turbulent viscosity limited to viscosity ratio of 1.000000e+05 in 2436 cells 

 Reversed flow on 433 faces of pressure-outlet 7.
   254  6.2821e-01  1.0742e-04  1.0767e-04  1.0846e-04  3.4112e-03  1.0533e-02  2.3967e-03  0:06:46   46

 turbulent viscosity limited to viscosity ratio of 1.000000e+05 in 2417 cells 

 Reversed flow on 435 faces of pressure-outlet 7.

  iter  continuity  x-velocity  y-velocity  z-velocity           k     epsilon  vf-phase-2     time/iter
   255  6.2634e-01  1.0727e-04  1.0750e-04  1.0810e-04  3.3976e-03  1.0352e-02  2.3874e-03  0:06:30   45

 turbulent viscosity limited to viscosity ratio of 1.000000e+05 in 2399 cells 

 Reversed flow on 434 faces of pressure-outlet 7.
   256  6.2497e-01  1.0706e-04  1.0732e-04  1.0774e-04  3.3860e-03  1.0092e-02  2.3781e-03  0:06:24   44

 turbulent viscosity limited to viscosity ratio of 1.000000e+05 in 2378 cells 

 Reversed flow on 427 faces of pressure-outlet 7.
   257  6.2387e-01  1.0684e-04  1.0723e-04  1.0746e-04  3.3798e-03  1.1052e-02  2.3689e-03  0:06:18   43

 turbulent viscosity limited to viscosity ratio of 1.000000e+05 in 2358 cells 

 Reversed flow on 431 faces of pressure-outlet 7.
   258  6.2343e-01  1.0663e-04  1.0709e-04  1.0716e-04  3.3685e-03  1.0410e-02  2.3597e-03  0:06:11   42

 turbulent viscosity limited to viscosity ratio of 1.000000e+05 in 2341 cells 

 Reversed flow on 424 faces of pressure-outlet 7.
   259  6.2284e-01  1.0642e-04  1.0699e-04  1.0681e-04  3.3569e-03  9.9132e-03  2.3507e-03  0:06:03   41

 turbulent viscosity limited to viscosity ratio of 1.000000e+05 in 2323 cells 

 Reversed flow on 428 faces of pressure-outlet 7.
   260  6.2178e-01  1.0618e-04  1.0692e-04  1.0648e-04  3.3464e-03  9.5466e-03  2.3417e-03  0:05:48   40

 turbulent viscosity limited to viscosity ratio of 1.000000e+05 in 2305 cells 

 Reversed flow on 438 faces of pressure-outlet 7.
   261  6.2069e-01  1.0591e-04  1.0688e-04  1.0613e-04  3.3351e-03  9.0967e-03  2.3327e-03  0:05:41   39

 turbulent viscosity limited to viscosity ratio of 1.000000e+05 in 2287 cells 

 Reversed flow on 429 faces of pressure-outlet 7.
   262  6.1989e-01  1.0566e-04  1.0683e-04  1.0574e-04  3.3274e-03  9.3498e-03  2.3238e-03  0:05:34   38

 turbulent viscosity limited to viscosity ratio of 1.000000e+05 in 2270 cells 

 Reversed flow on 433 faces of pressure-outlet 7.
   263  6.1922e-01  1.0540e-04  1.0683e-04  1.0541e-04  3.3234e-03  9.8392e-03  2.3150e-03  0:05:27   37

 turbulent viscosity limited to viscosity ratio of 1.000000e+05 in 2248 cells 

 Reversed flow on 441 faces of pressure-outlet 7.
   264  6.1878e-01  1.0521e-04  1.0682e-04  1.0508e-04  3.3184e-03  9.7194e-03  2.3063e-03  0:05:19   36

 turbulent viscosity limited to viscosity ratio of 1.000000e+05 in 2231 cells 

 Reversed flow on 435 faces of pressure-outlet 7.
   265  6.1836e-01  1.0498e-04  1.0688e-04  1.0478e-04  3.3130e-03  9.3789e-03  2.2977e-03  0:05:04   35

 turbulent viscosity limited to viscosity ratio of 1.000000e+05 in 2214 cells 

 Reversed flow on 430 faces of pressure-outlet 7.

  iter  continuity  x-velocity  y-velocity  z-velocity           k     epsilon  vf-phase-2     time/iter
   266  6.1783e-01  1.0472e-04  1.0696e-04  1.0448e-04  3.3075e-03  1.0073e-02  2.2891e-03  0:04:58   34

 turbulent viscosity limited to viscosity ratio of 1.000000e+05 in 2197 cells 

 Reversed flow on 433 faces of pressure-outlet 7.
   267  6.1727e-01  1.0451e-04  1.0700e-04  1.0416e-04  3.3062e-03  1.0483e-02  2.2805e-03  0:04:51   33

 turbulent viscosity limited to viscosity ratio of 1.000000e+05 in 2181 cells 

 Reversed flow on 432 faces of pressure-outlet 7.
   268  6.1728e-01  1.0433e-04  1.0704e-04  1.0391e-04  3.3022e-03  9.8004e-03  2.2721e-03  0:04:43   32

 turbulent viscosity limited to viscosity ratio of 1.000000e+05 in 2167 cells 

 Reversed flow on 427 faces of pressure-outlet 7.
   269  6.1708e-01  1.0412e-04  1.0712e-04  1.0362e-04  3.2989e-03  9.7575e-03  2.2636e-03  0:04:29   31

 turbulent viscosity limited to viscosity ratio of 1.000000e+05 in 2158 cells 

 Reversed flow on 440 faces of pressure-outlet 7.
   270  6.1683e-01  1.0393e-04  1.0716e-04  1.0339e-04  3.2982e-03  9.6758e-03  2.2553e-03  0:04:22   30

 turbulent viscosity limited to viscosity ratio of 1.000000e+05 in 2149 cells 

 Reversed flow on 433 faces of pressure-outlet 7.
   271  6.1670e-01  1.0370e-04  1.0726e-04  1.0323e-04  3.2961e-03  9.6021e-03  2.2470e-03  0:04:15   29

 turbulent viscosity limited to viscosity ratio of 1.000000e+05 in 2138 cells 

 Reversed flow on 431 faces of pressure-outlet 7.
   272  6.1669e-01  1.0343e-04  1.0737e-04  1.0305e-04  3.2944e-03  9.8708e-03  2.2387e-03  0:04:07   28

 turbulent viscosity limited to viscosity ratio of 1.000000e+05 in 2130 cells 

 Reversed flow on 432 faces of pressure-outlet 7.
   273  6.1578e-01  1.0317e-04  1.0743e-04  1.0287e-04  3.2891e-03  9.1521e-03  2.2305e-03  0:03:54   27

 turbulent viscosity limited to viscosity ratio of 1.000000e+05 in 2119 cells 

 Reversed flow on 439 faces of pressure-outlet 7.
   274  6.1539e-01  1.0295e-04  1.0747e-04  1.0272e-04  3.2922e-03  1.0835e-02  2.2224e-03  0:03:47   26

 turbulent viscosity limited to viscosity ratio of 1.000000e+05 in 2103 cells 

 Reversed flow on 457 faces of pressure-outlet 7.
   275  6.1525e-01  1.0274e-04  1.0755e-04  1.0253e-04  3.2908e-03  1.0205e-02  2.2143e-03  0:03:40   25

 turbulent viscosity limited to viscosity ratio of 1.000000e+05 in 2095 cells 

 Reversed flow on 436 faces of pressure-outlet 7.
   276  6.1477e-01  1.0253e-04  1.0761e-04  1.0234e-04  3.2890e-03  1.0162e-02  2.2063e-03  0:03:32   24

 turbulent viscosity limited to viscosity ratio of 1.000000e+05 in 2081 cells 

 Reversed flow on 444 faces of pressure-outlet 7.

  iter  continuity  x-velocity  y-velocity  z-velocity           k     epsilon  vf-phase-2     time/iter
   277  6.1535e-01  1.0227e-04  1.0770e-04  1.0219e-04  3.2848e-03  9.5809e-03  2.1983e-03  0:03:24   23

 turbulent viscosity limited to viscosity ratio of 1.000000e+05 in 2059 cells 

 Reversed flow on 439 faces of pressure-outlet 7.
   278  6.1510e-01  1.0204e-04  1.0776e-04  1.0202e-04  3.2809e-03  9.4632e-03  2.1903e-03  0:03:16   22

 turbulent viscosity limited to viscosity ratio of 1.000000e+05 in 2051 cells 

 Reversed flow on 444 faces of pressure-outlet 7.
   279  6.1500e-01  1.0181e-04  1.0783e-04  1.0188e-04  3.2819e-03  1.0424e-02  2.1825e-03  0:03:03   21

 turbulent viscosity limited to viscosity ratio of 1.000000e+05 in 2027 cells 

 Reversed flow on 456 faces of pressure-outlet 7.
   280  6.1445e-01  1.0162e-04  1.0791e-04  1.0179e-04  3.2773e-03  9.9308e-03  2.1747e-03  0:02:55   20

 turbulent viscosity limited to viscosity ratio of 1.000000e+05 in 2017 cells 

 Reversed flow on 454 faces of pressure-outlet 7.
   281  6.1363e-01  1.0138e-04  1.0795e-04  1.0167e-04  3.2778e-03  1.2127e-02  2.1670e-03  0:02:48   19

 turbulent viscosity limited to viscosity ratio of 1.000000e+05 in 2011 cells 

 Reversed flow on 458 faces of pressure-outlet 7.
   282  6.1391e-01  1.0119e-04  1.0799e-04  1.0154e-04  3.2761e-03  1.0970e-02  2.1593e-03  0:02:39   18

 turbulent viscosity limited to viscosity ratio of 1.000000e+05 in 2000 cells 

 Reversed flow on 457 faces of pressure-outlet 7.
   283  6.1373e-01  1.0096e-04  1.0806e-04  1.0142e-04  3.2678e-03  9.8663e-03  2.1516e-03  0:02:28   17

 turbulent viscosity limited to viscosity ratio of 1.000000e+05 in 1989 cells 

 Reversed flow on 467 faces of pressure-outlet 7.
   284  6.1408e-01  1.0080e-04  1.0812e-04  1.0132e-04  3.2647e-03  1.0780e-02  2.1440e-03  0:02:20   16

 turbulent viscosity limited to viscosity ratio of 1.000000e+05 in 1978 cells 

 Reversed flow on 463 faces of pressure-outlet 7.
   285  6.1376e-01  1.0066e-04  1.0816e-04  1.0124e-04  3.2560e-03  9.5051e-03  2.1365e-03  0:02:12   15

 turbulent viscosity limited to viscosity ratio of 1.000000e+05 in 1970 cells 

 Reversed flow on 459 faces of pressure-outlet 7.
   286  6.1387e-01  1.0045e-04  1.0820e-04  1.0117e-04  3.2516e-03  9.5216e-03  2.1290e-03  0:02:04   14

 turbulent viscosity limited to viscosity ratio of 1.000000e+05 in 1960 cells 

 Reversed flow on 469 faces of pressure-outlet 7.
   287  6.1398e-01  1.0028e-04  1.0824e-04  1.0111e-04  3.2434e-03  8.9908e-03  2.1215e-03  0:01:55   13

 turbulent viscosity limited to viscosity ratio of 1.000000e+05 in 1945 cells 

 Reversed flow on 487 faces of pressure-outlet 7.

  iter  continuity  x-velocity  y-velocity  z-velocity           k     epsilon  vf-phase-2     time/iter
   288  6.1477e-01  1.0012e-04  1.0836e-04  1.0116e-04  3.2386e-03  9.3357e-03  2.1141e-03  0:01:44   12

 turbulent viscosity limited to viscosity ratio of 1.000000e+05 in 1930 cells 

 Reversed flow on 486 faces of pressure-outlet 7.
   289  6.1546e-01  9.9990e-05  1.0842e-04  1.0112e-04  3.2295e-03  8.7529e-03  2.1067e-03  0:01:36   11

 turbulent viscosity limited to viscosity ratio of 1.000000e+05 in 1917 cells 

 Reversed flow on 486 faces of pressure-outlet 7.
   290  6.1594e-01  9.9803e-05  1.0849e-04  1.0105e-04  3.2222e-03  8.7529e-03  2.0994e-03  0:01:28   10

 turbulent viscosity limited to viscosity ratio of 1.000000e+05 in 1906 cells 

 Reversed flow on 498 faces of pressure-outlet 7.
   291  6.1606e-01  9.9626e-05  1.0857e-04  1.0103e-04  3.2140e-03  8.5135e-03  2.0922e-03  0:01:18    9

 turbulent viscosity limited to viscosity ratio of 1.000000e+05 in 1900 cells 

 Reversed flow on 496 faces of pressure-outlet 7.
   292  6.1530e-01  9.9501e-05  1.0861e-04  1.0101e-04  3.2062e-03  8.4734e-03  2.0850e-03  0:01:10    8

 turbulent viscosity limited to viscosity ratio of 1.000000e+05 in 1888 cells 

 Reversed flow on 504 faces of pressure-outlet 7.
   293  6.1531e-01  9.9376e-05  1.0865e-04  1.0098e-04  3.1982e-03  8.5025e-03  2.0779e-03  0:01:01    7

 turbulent viscosity limited to viscosity ratio of 1.000000e+05 in 1882 cells 

 Reversed flow on 502 faces of pressure-outlet 7.
   294  6.1474e-01  9.9240e-05  1.0870e-04  1.0097e-04  3.1918e-03  8.4274e-03  2.0708e-03  0:00:53    6

 turbulent viscosity limited to viscosity ratio of 1.000000e+05 in 1875 cells 

 Reversed flow on 508 faces of pressure-outlet 7.
   295  6.1514e-01  9.9074e-05  1.0875e-04  1.0096e-04  3.1838e-03  8.4950e-03  2.0637e-03  0:00:43    5

 turbulent viscosity limited to viscosity ratio of 1.000000e+05 in 1865 cells 

 Reversed flow on 507 faces of pressure-outlet 7.
   296  6.1574e-01  9.8931e-05  1.0885e-04  1.0097e-04  3.1789e-03  8.2450e-03  2.0567e-03  0:00:35    4

 turbulent viscosity limited to viscosity ratio of 1.000000e+05 in 1854 cells 

 Reversed flow on 509 faces of pressure-outlet 7.
   297  6.1634e-01  9.8823e-05  1.0897e-04  1.0095e-04  3.1732e-03  8.4319e-03  2.0498e-03  0:00:26    3

 turbulent viscosity limited to viscosity ratio of 1.000000e+05 in 1846 cells 

 Reversed flow on 504 faces of pressure-outlet 7.
   298  6.1591e-01  9.8668e-05  1.0904e-04  1.0093e-04  3.1695e-03  8.3214e-03  2.0429e-03  0:00:18    2

 turbulent viscosity limited to viscosity ratio of 1.000000e+05 in 1832 cells 

 Reversed flow on 506 faces of pressure-outlet 7.

  iter  continuity  x-velocity  y-velocity  z-velocity           k     epsilon  vf-phase-2     time/iter
   299  6.1584e-01  9.8514e-05  1.0914e-04  1.0092e-04  3.1652e-03  7.9742e-03  2.0360e-03  0:00:09    1

 turbulent viscosity limited to viscosity ratio of 1.000000e+05 in 1824 cells 

 Reversed flow on 507 faces of pressure-outlet 7.

iterate_1100: OK
progress: 1100/1500Error: Invalid path: "C:\Users\qtra338\Documents\Bangma Design (swirl 0.15)\Bangma_separator_files\dp0\FFF\Fluent\" does not exist!

Error Object: #f


ERROR: Invalid path: "C:\Users\qtra338\Documents\Bangma Design (swirl 0.15)\Bangma_separator_files\dp0\FFF\Fluent\" does not exist!
Error object: #f


active_calculation_state: clearing stale state ['interrupt']
Done.
interrupt_stale_calculation: OK

> 
  iter  continuity  x-velocity  y-velocity  z-velocity           k     epsilon  vf-phase-2     time/iter

Error: Invalid path: "C:\Users\qtra338\Documents\Bangma Design (swirl 0.15)\Bangma_separator_files\dp0\FFF\Fluent\" does not exist!
Error Object: #f


ERROR: Invalid path: "C:\Users\qtra338\Documents\Bangma Design (swirl 0.15)\Bangma_separator_files\dp0\FFF\Fluent\" does not exist!
iterate_1200: OK
progress: 1200/1500
Error object: #f


active_calculation_state: clearing stale state ['interrupt']
Done.
interrupt_stale_calculation: OK

> 
  iter  continuity  x-velocity  y-velocity  z-velocity           k     epsilon  vf-phase-2     time/iter

Error: Invalid path: "C:\Users\qtra338\Documents\Bangma Design (swirl 0.15)\Bangma_separator_files\dp0\FFF\Fluent\" does not exist!
Error Object: #f


ERROR: Invalid path: "C:\Users\qtra338\Documents\Bangma Design (swirl 0.15)\Bangma_separator_files\dp0\FFF\Fluent\" does not exist!
Error object: #f
iterate_1300: OK
progress: 1300/1500


active_calculation_state: clearing stale state ['interrupt']
Done.
interrupt_stale_calculation: OK

> 
  iter  continuity  x-velocity  y-velocity  z-velocity           k     epsilon  vf-phase-2     time/iter

Error: Invalid path: "C:\Users\qtra338\Documents\Bangma Design (swirl 0.15)\Bangma_separator_files\dp0\FFF\Fluent\" does not exist!
Error Object: #f


ERROR: Invalid path: "C:\Users\qtra338\Documents\Bangma Design (swirl 0.15)\Bangma_separator_files\dp0\FFF\Fluent\" does not exist!
iterate_1400: OK
progress: 1400/1500
Error object: #f


active_calculation_state: clearing stale state ['interrupt']
Done.
interrupt_stale_calculation: OK

> 
  iter  continuity  x-velocity  y-velocity  z-velocity           k     epsilon  vf-phase-2     time/iter

Error: Invalid path: "C:\Users\qtra338\Documents\Bangma Design (swirl 0.15)\Bangma_separator_files\dp0\FFF\Fluent\" does not exist!
Error Object: #f


ERROR: Invalid path: "C:\Users\qtra338\Documents\Bangma Design (swirl 0.15)\Bangma_separator_files\dp0\FFF\Fluent\" does not exist!
Error object: #f

iterate_1500: OK
progress: 1500/1500

=== Run DPM Reports ===

report_call: settings_zone_summaries_per_injection_enable
settings_zone_summaries_per_injection_enable: no captured text
report_call: solve_dpm_update
/solve/dpm-update

DPM Iteration ....
number tracked = 78300, escaped = 24228, trapped = 18787, incomplete = 35285

report_call: settings_dpm_summary

 Fate                        Zone   Zone Number                  Elapsed Time (s)               Injection, Index      Injection, Index
                             Name     Id               Min        Max        Avg    Std Dev                  Min                  Max
 ----------- -------------------- ------ ------ ---------- ---------- ---------- ---------- --------------- ---- --------------- ----
 Incomplete                               35285  6.368e+01  4.878e+02  2.098e+02  1.142e+02     injection-0 2679     injection-8 1582
 Escaped             steam_outlet      7  24228  5.283e-01  8.830e+01  3.162e+00  2.347e+00     injection-0 8378     injection-3 7858
 Trapped             fluid_outlet      8  18787  1.780e-01  3.718e+00  4.815e-01  3.485e-01     injection-2 6864     injection-2 8007

                                               (*)- Mass Transfer Summary -(*) 

 Fate                        Zone   Zone      Mass Flow (kg/s)
                             Name     Id    Initi
report_call: tui_dpm_summary

 Fate                        Zone   Zone Number                  Elapsed Time (s)               Injection, Index      Injection, Index
                             Name     Id               Min        Max        Avg    Std Dev                  Min                  Max
 ----------- -------------------- ------ ------ ---------- ---------- ---------- ---------- --------------- ---- --------------- ----
 Incomplete                               35285  6.368e+01  4.878e+02  2.098e+02  1.142e+02     injection-0 2679     injection-8 1582
 Escaped             steam_outlet      7  24228  5.283e-01  8.830e+01  3.162e+00  2.347e+00     injection-0 8378     injection-3 7858
 Trapped             fluid_outlet      8  18787  1.780e-01  3.718e+00  4.815e-01  3.485e-01     injection-2 6864     injection-2 8007

                                               (*)- Mass Transfer Summary -(*) 

 Fate                        Zone   Zone      Mass Flow (kg/s)
                             Name     Id    Initi
report_call: tui_particle_summary
(injection-0 injection-1 injection-2 injection-3 injection-4 injection-5 injection-6 injection-7 injection-8)
The following solver settings object method could also be used to execute the above command:
<solver_session>.results.report.particle_summary(injection_names = ["injection-0", "injection-1", "injection-2", "injection-3", "injection-4", "injection-5", "injection-6", "injection-7", "injection-8"])

report_call: settings_dpm_extended_summary

 Fate                        Zone   Zone Number                  Elapsed Time (s)               Injection, Index      Injection, Index
                             Name     Id               Min        Max        Avg    Std Dev                  Min                  Max
 ----------- -------------------- ------ ------ ---------- ---------- ---------- ---------- --------------- ---- --------------- ----
 Incomplete                               35285  6.368e+01  4.878e+02  2.098e+02  1.142e+02     injection-0 2679     injection-8 1582
 Escaped             steam_outlet      7  24228  5.283e-01  8.830e+01  3.162e+00  2.347e+00     injection-0 8378     injection-3 7858
 Trapped             fluid_outlet      8  18787  1.780e-01  3.718e+00  4.815e-01  3.485e-01     injection-2 6864     injection-2 8007

                                               (*)- Mass Transfer Summary -(*) 

 Fate                        Zone   Zone      Mass Flow (kg/s)
                             Name     Id    Initi
report_call: dpm_extended_summary_injection-0

Saving summary report to file: C:\\Users\\qtra338\\Documents\\enthalpy_sweep\\case_2_1440_injection-0_extended_scratch.txt

report_call: dpm_extended_summary_injection-1

Saving summary report to file: C:\\Users\\qtra338\\Documents\\enthalpy_sweep\\case_2_1440_injection-1_extended_scratch.txt

report_call: dpm_extended_summary_injection-2

Saving summary report to file: C:\\Users\\qtra338\\Documents\\enthalpy_sweep\\case_2_1440_injection-2_extended_scratch.txt

report_call: dpm_extended_summary_injection-3

Saving summary report to file: C:\\Users\\qtra338\\Documents\\enthalpy_sweep\\case_2_1440_injection-3_extended_scratch.txt

report_call: dpm_extended_summary_injection-4

Saving summary report to file: C:\\Users\\qtra338\\Documents\\enthalpy_sweep\\case_2_1440_injection-4_extended_scratch.txt

report_call: dpm_extended_summary_injection-5

Saving summary report to file: C:\\Users\\qtra338\\Documents\\enthalpy_sweep\\case_2_1440_injection-5_extended_scratch.txt

report_call: dpm_extended_summary_injection-6

Saving summary report to file: C:\\Users\\qtra338\\Documents\\enthalpy_sweep\\case_2_1440_injection-6_extended_scratch.txt

report_call: dpm_extended_summary_injection-7

Saving summary report to file: C:\\Users\\qtra338\\Documents\\enthalpy_sweep\\case_2_1440_injection-7_extended_scratch.txt

report_call: dpm_extended_summary_injection-8

Saving summary report to file: C:\\Users\\qtra338\\Documents\\enthalpy_sweep\\case_2_1440_injection-8_extended_scratch.txt


=== final ===

Writing to EN439159:"C:\Users\qtra338\Documents\enthalpy_sweep\case_2_1440_1500.cas.h5" in NODE0 mode and compression level 1 ...
Grouping cells for Laplace smoothing ...
     5578299 cells,     1 zone  ...
    11355491 faces,     5 zones ...
     1026091 nodes,     1 zone  ...
  Done.
Done.
write_case_final: OK

Writing to EN439159:"C:\Users\qtra338\Documents\enthalpy_sweep\case_2_1440_1500.dat.h5" in NODE0 mode and compression level 1 ...
  Writing results.
Done.
write_data_final: OK

=== Run Case 3 / 1520 ===

=== Load Base Case ===
Note: Rank = 0: Process affinity not being set (6).
Note: Rank = 1: Process affinity not being set (6).
Note: Rank = 2: Process affinity not being set (6).
Note: Rank = 3: Process affinity not being set (6).
Note: Rank = 4: Process affinity not being set (6).
Note: Rank = 5: Process affinity not being set (6).
Note: Rank = 6: Process affinity not being set (6).
Note: Rank = 7: Process affinity not being set (6).
Note: Rank = 8: Process affinity not being set (6).
Note: Rank = 9: Process affinity not being set (6).

       Clearing partially read grid.

Reading from EN439159:"C:\Users\qtra338\Documents\baseline.cas.h5" in NODE0 mode ...
  Reading mesh ...
     5578299 cells,     1 cell zone  ...
        5578299 tetrahedral cells,  zone id: 3
    11355491 faces,     5 face zones ...
         374376 triangular wall faces,  zone id: 1
       10957705 triangular interior faces,  zone id: 2
           8700 triangular mass-flow-inlet faces,  zone id: 6
           5435 triangular pressure-outlet faces,  zone id: 7
           9275 triangular wall faces,  zone id: 8
     1026091 nodes,     1 node zone  ...
  Done.


Building...
     mesh
	distributing mesh
		parts..........,
		faces..........,
		nodes..........,
		cells..........,
        bandwidth reduction using Reverse Cuthill-McKee: 558580/15010 = 37.2139
     materials,
     interface,
     domains,
	mixture
	phase-1
	phase-2
	interaction
     zones,
	fluid  (phase-2)
	interior-fluid  (phase-2)
	fluid  (phase-1)
	interior-fluid  (phase-1)
	wall-fluid  (phase-1)
	wall-fluid  (phase-2)
	inlet  (phase-1)
	inlet  (phase-2)
	steam_outlet  (phase-1)
	steam_outlet  (phase-2)
	fluid_outlet  (phase-1)
	fluid_outlet  (phase-2)
	interior-fluid
	wall-fluid
	inlet
	steam_outlet
	fluid_outlet
	fluid
     parallel,
Done.
read_base_case: OK

=== Set Inlet Phase Mass Flows ===
set_inlet_phase_mass_flows: OK
{
  "mixture": {
    "momentum": {
      "reference_frame": "Absolute",
      "supersonic_gauge_pressure": {
        "option": "value",
        "value": 1140000
      },
      "direction_specification": "Normal to Boundary"
    },
    "turbulence": {
      "turbulence_specification": "Intensity and Hydraulic Diameter",
      "turbulent_intensity": 0.02152499951888,
      "hydraulic_diameter": 0.7240000000000001
    },
    "dpm": {
      "discrete_phase_bc_type": "escape"
    },
    "multiphase": {}
  },
  "phase-1": {
    "momentum": {
      "mass_flow_specification": "Mass Flow Rate",
      "mass_flow_rate": {
        "option": "value",
        "value": 72.77
      }
    },
    "turbulence": {},
    "dpm": {},
    "multiphase": {}
  },
  "phase-2": {
    "momentum": {
      "mass_flow_specification": "Mass Flow Rate",
      "mass_flow_rate": {
        "option": "value",
        "value": 124.84
      }
    },
    "turbulence": {},
    "dpm": {},
    "multiphase": {}
  }
}

=== Set DPM Injections ===
DPM velocity mode: face-normal
injection-0_particle_type: OK
injection-0_material: OK
injection-0_injection_type_surface: OK
injection-0_location: OK
injection-0_mass_flow_rate: OK
injection-0_use_face_normal_direction: OK
injection-0_velocity_magnitude: OK
injection-0_particle_size: OK
injection-1_particle_type: OK
injection-1_material: OK
injection-1_injection_type_surface: OK
injection-1_location: OK
injection-1_mass_flow_rate: OK
injection-1_use_face_normal_direction: OK
injection-1_velocity_magnitude: OK
injection-1_particle_size: OK
injection-2_particle_type: OK
injection-2_material: OK
injection-2_injection_type_surface: OK
injection-2_location: OK
injection-2_mass_flow_rate: OK
injection-2_use_face_normal_direction: OK
injection-2_velocity_magnitude: OK
injection-2_particle_size: OK
injection-3_particle_type: OK
injection-3_material: OK
injection-3_injection_type_surface: OK
injection-3_location: OK
injection-3_mass_flow_rate: OK
injection-3_use_face_normal_direction: OK
injection-3_velocity_magnitude: OK
injection-3_particle_size: OK
injection-4_particle_type: OK
injection-4_material: OK
injection-4_injection_type_surface: OK
injection-4_location: OK
injection-4_mass_flow_rate: OK
injection-4_use_face_normal_direction: OK
injection-4_velocity_magnitude: OK
injection-4_particle_size: OK
injection-5_particle_type: OK
injection-5_material: OK
injection-5_injection_type_surface: OK
injection-5_location: OK
injection-5_mass_flow_rate: OK
injection-5_use_face_normal_direction: OK
injection-5_velocity_magnitude: OK
injection-5_particle_size: OK
injection-6_particle_type: OK
injection-6_material: OK
injection-6_injection_type_surface: OK
injection-6_location: OK
injection-6_mass_flow_rate: OK
injection-6_use_face_normal_direction: OK
injection-6_velocity_magnitude: OK
injection-6_particle_size: OK
injection-7_particle_type: OK
injection-7_material: OK
injection-7_injection_type_surface: OK
injection-7_location: OK
injection-7_mass_flow_rate: OK
injection-7_use_face_normal_direction: OK
injection-7_velocity_magnitude: OK
injection-7_particle_size: OK
injection-8_particle_type: OK
injection-8_material: OK
injection-8_injection_type_surface: OK
injection-8_location: OK
injection-8_mass_flow_rate: OK
injection-8_use_face_normal_direction: OK
injection-8_velocity_magnitude: OK
injection-8_particle_size: OK
initialize: SKIPPED because case reports 1000 existing iterations

=== Run Iterations ===
active_calculation_state: clearing stale state ['interrupt']
Done.
interrupt_stale_calculation: OK

> 
Initialize using the hybrid initialization method.

Checking case topology... 
-This case has both inlets & outlets 
-Pressure information is not available at the boundaries.
 Case will be initialized with constant pressure

	iter		scalar-0

	1		1.000000e+00
	2		2.902463e-04
	3		5.344461e-05
	4		1.945017e-05
	5		6.037563e-06
	6		2.150747e-06
	7		7.443881e-07
	8		2.662060e-07
	9		9.551195e-08
	10		3.578380e-08

Hybrid initialization is done.

  iter  continuity  x-velocity  y-velocity  z-velocity           k     epsilon  vf-phase-2     time/iter

 turbulent viscosity limited to viscosity ratio of 1.000000e+05 in 215 cells 
     1  1.0000e+00  1.0442e-03  1.4498e-03  1.1194e-03  7.9018e+01  2.5387e+06  1.4158e-01  0:18:09   99

 turbulent viscosity limited to viscosity ratio of 1.000000e+05 in 1172 cells 
     2  1.0000e+00  6.9352e-04  9.1687e-04  7.2366e-04  1.5751e-01  2.7897e-01  6.0067e-01  0:16:59   98

 turbulent viscosity limited to viscosity ratio of 1.000000e+05 in 1373 cells 

 Reversed flow on 30 faces of pressure-outlet 7.
     3  8.7274e-01  4.5459e-04  6.2086e-04  4.6480e-04  1.4453e-01  1.0310e+00  3.0032e-01  0:16:22   97

 turbulent viscosity limited to viscosity ratio of 1.000000e+05 in 966 cells 

 Reversed flow on 180 faces of pressure-outlet 7.
     4  6.4742e-01  3.5818e-04  4.9218e-04  3.7020e-04  1.2888e-01  5.3238e-01  2.0021e-01  0:15:50   96

 turbulent viscosity limited to viscosity ratio of 1.000000e+05 in 595 cells 

 Reversed flow on 316 faces of pressure-outlet 7.
     5  7.6794e-01  3.4949e-04  4.6071e-04  3.6122e-04  1.1733e-01  3.8663e-01  1.5015e-01  0:15:04   95

 turbulent viscosity limited to viscosity ratio of 1.000000e+05 in 354 cells 

 Reversed flow on 413 faces of pressure-outlet 7.
     6  5.6393e-01  3.0030e-04  3.9191e-04  3.1330e-04  9.3949e-02  3.0886e-01  1.2012e-01  0:14:26   94

 turbulent viscosity limited to viscosity ratio of 1.000000e+05 in 238 cells 

 Reversed flow on 523 faces of pressure-outlet 7.
     7  6.8971e-01  2.9376e-04  3.4403e-04  3.0976e-04  7.8367e-02  7.2335e-01  1.0010e-01  0:14:13   93

 turbulent viscosity limited to viscosity ratio of 1.000000e+05 in 201 cells 

 Reversed flow on 615 faces of pressure-outlet 7.
     8  4.9585e-01  2.5666e-04  2.8542e-04  2.7576e-04  7.2371e-02  8.4386e-01  8.5805e-02  0:13:42   92

 turbulent viscosity limited to viscosity ratio of 1.000000e+05 in 201 cells 

 Reversed flow on 639 faces of pressure-outlet 7.
     9  4.2396e-01  2.3977e-04  2.5303e-04  2.6118e-04  6.2332e-02  4.0944e-01  7.5081e-02  0:13:34   91

 turbulent viscosity limited to viscosity ratio of 1.000000e+05 in 223 cells 

 Reversed flow on 657 faces of pressure-outlet 7.
    10  4.6085e-01  2.3799e-04  2.3597e-04  2.6082e-04  5.6517e-02  3.7234e-01  6.6741e-02  0:13:08   90

 turbulent viscosity limited to viscosity ratio of 1.000000e+05 in 237 cells 

 Reversed flow on 655 faces of pressure-outlet 7.
    11  3.6340e-01  2.2134e-04  2.0950e-04  2.4494e-04  4.7434e-02  2.9225e-01  6.0071e-02  0:13:04   89

 turbulent viscosity limited to viscosity ratio of 1.000000e+05 in 278 cells 

 Reversed flow on 636 faces of pressure-outlet 7.

  iter  continuity  x-velocity  y-velocity  z-velocity           k     epsilon  vf-phase-2     time/iter
    12  3.6501e-01  2.1463e-04  1.9578e-04  2.4094e-04  3.8685e-02  2.4644e-01  5.4613e-02  0:12:58   88

 turbulent viscosity limited to viscosity ratio of 1.000000e+05 in 315 cells 

 Reversed flow on 629 faces of pressure-outlet 7.
    13  3.1679e-01  2.0411e-04  1.8111e-04  2.3219e-04  3.2679e-02  2.1513e-01  5.0063e-02  0:12:35   87

 turbulent viscosity limited to viscosity ratio of 1.000000e+05 in 361 cells 

 Reversed flow on 622 faces of pressure-outlet 7.
    14  3.2687e-01  2.0122e-04  1.7422e-04  2.2870e-04  2.8107e-02  2.0287e-01  4.6213e-02  0:12:32   86

 turbulent viscosity limited to viscosity ratio of 1.000000e+05 in 439 cells 

 Reversed flow on 629 faces of pressure-outlet 7.
    15  3.0267e-01  1.9378e-04  1.6400e-04  2.2322e-04  2.4933e-02  1.7148e-01  4.2913e-02  0:12:10   85

 turbulent viscosity limited to viscosity ratio of 1.000000e+05 in 529 cells 

 Reversed flow on 623 faces of pressure-outlet 7.
    16  3.3207e-01  1.9422e-04  1.6312e-04  2.2694e-04  2.1696e-02  1.1403e-01  4.0054e-02  0:12:09   84

 turbulent viscosity limited to viscosity ratio of 1.000000e+05 in 648 cells 

 Reversed flow on 651 faces of pressure-outlet 7.
    17  3.0785e-01  1.8627e-04  1.5414e-04  2.2152e-04  1.9145e-02  8.7582e-02  3.7552e-02  0:11:49   83

 turbulent viscosity limited to viscosity ratio of 1.000000e+05 in 795 cells 

 Reversed flow on 654 faces of pressure-outlet 7.
    18  3.1797e-01  1.8598e-04  1.5364e-04  2.2202e-04  1.7354e-02  7.4916e-02  3.5345e-02  0:11:48   82

 turbulent viscosity limited to viscosity ratio of 1.000000e+05 in 936 cells 

 Reversed flow on 647 faces of pressure-outlet 7.
    19  3.3872e-01  1.8593e-04  1.5303e-04  2.2562e-04  1.5956e-02  6.6717e-02  3.3383e-02  0:11:29   81

 turbulent viscosity limited to viscosity ratio of 1.000000e+05 in 1113 cells 

 Reversed flow on 666 faces of pressure-outlet 7.
    20  3.2368e-01  1.8166e-04  1.4814e-04  2.2377e-04  1.4783e-02  7.4081e-02  3.1627e-02  0:11:28   80

 turbulent viscosity limited to viscosity ratio of 1.000000e+05 in 1355 cells 

 Reversed flow on 668 faces of pressure-outlet 7.
    21  3.5684e-01  1.8589e-04  1.5299e-04  2.2897e-04  1.3784e-02  6.4752e-02  3.0047e-02  0:11:10   79

 turbulent viscosity limited to viscosity ratio of 1.000000e+05 in 1602 cells 

 Reversed flow on 689 faces of pressure-outlet 7.
    22  3.4306e-01  1.8225e-04  1.4841e-04  2.2761e-04  1.3097e-02  6.7454e-02  2.8618e-02  0:11:10   78

 turbulent viscosity limited to viscosity ratio of 1.000000e+05 in 1882 cells 

 Reversed flow on 696 faces of pressure-outlet 7.

  iter  continuity  x-velocity  y-velocity  z-velocity           k     epsilon  vf-phase-2     time/iter
    23  4.0928e-01  1.8983e-04  1.5786e-04  2.3817e-04  1.2295e-02  5.0849e-02  2.7318e-02  0:10:52   77

 turbulent viscosity limited to viscosity ratio of 1.000000e+05 in 2130 cells 

 Reversed flow on 703 faces of pressure-outlet 7.
    24  3.7173e-01  1.8648e-04  1.5424e-04  2.3870e-04  1.1611e-02  4.4245e-02  2.6132e-02  0:10:52   76

 turbulent viscosity limited to viscosity ratio of 1.000000e+05 in 2397 cells 

 Reversed flow on 720 faces of pressure-outlet 7.
    25  4.0712e-01  1.9181e-04  1.6174e-04  2.4775e-04  1.1080e-02  4.2465e-02  2.5045e-02  0:10:35   75

 turbulent viscosity limited to viscosity ratio of 1.000000e+05 in 2706 cells 

 Reversed flow on 720 faces of pressure-outlet 7.
    26  3.9071e-01  1.8988e-04  1.5838e-04  2.4898e-04  1.0604e-02  3.7959e-02  2.4044e-02  0:10:34   74

 turbulent viscosity limited to viscosity ratio of 1.000000e+05 in 2964 cells 

 Reversed flow on 715 faces of pressure-outlet 7.
    27  4.5404e-01  1.9748e-04  1.7023e-04  2.6194e-04  1.0144e-02  3.3765e-02  2.3120e-02  0:10:17   73

 turbulent viscosity limited to viscosity ratio of 1.000000e+05 in 3320 cells 

 Reversed flow on 715 faces of pressure-outlet 7.
    28  4.1872e-01  1.9525e-04  1.6618e-04  2.6260e-04  9.7338e-03  3.1069e-02  2.2265e-02  0:10:17   72

 turbulent viscosity limited to viscosity ratio of 1.000000e+05 in 3629 cells 

 Reversed flow on 704 faces of pressure-outlet 7.
    29  4.5966e-01  1.9929e-04  1.7378e-04  2.6924e-04  9.4205e-03  1.2910e-01  2.1471e-02  0:10:00   71

 turbulent viscosity limited to viscosity ratio of 1.000000e+05 in 3932 cells 

 Reversed flow on 702 faces of pressure-outlet 7.
    30  4.4094e-01  1.9773e-04  1.7213e-04  2.6971e-04  2.2311e-02  3.5403e+01  2.0732e-02  0:09:59   70

 turbulent viscosity limited to viscosity ratio of 1.000000e+05 in 4180 cells 

 Reversed flow on 716 faces of pressure-outlet 7.
    31  5.3271e-01  2.0464e-04  1.8599e-04  2.8320e-04  1.4208e-01  5.0518e-01  2.0042e-02  0:09:43   69

 turbulent viscosity limited to viscosity ratio of 1.000000e+05 in 4481 cells 

 Reversed flow on 700 faces of pressure-outlet 7.
    32  4.7377e-01  2.0045e-04  1.8187e-04  2.8329e-04  3.2650e-02  6.0725e-01  1.9396e-02  0:09:42   68

 turbulent viscosity limited to viscosity ratio of 1.000000e+05 in 4740 cells 

 Reversed flow on 708 faces of pressure-outlet 7.
    33  4.9019e-01  2.0043e-04  1.8570e-04  2.8520e-04  1.5103e-02  3.1683e-01  1.8791e-02  0:09:26   67

 turbulent viscosity limited to viscosity ratio of 1.000000e+05 in 5045 cells 

 Reversed flow on 712 faces of pressure-outlet 7.

  iter  continuity  x-velocity  y-velocity  z-velocity           k     epsilon  vf-phase-2     time/iter
    34  4.9768e-01  1.9858e-04  1.8767e-04  2.8453e-04  1.0361e-02  1.1718e-01  1.8223e-02  0:09:25   66

 turbulent viscosity limited to viscosity ratio of 1.000000e+05 in 5332 cells 

 Reversed flow on 709 faces of pressure-outlet 7.
    35  5.0380e-01  1.9583e-04  1.8925e-04  2.8214e-04  9.2530e-03  6.7614e-02  1.7688e-02  0:09:09   65

 turbulent viscosity limited to viscosity ratio of 1.000000e+05 in 5644 cells 

 Reversed flow on 720 faces of pressure-outlet 7.
    36  5.1272e-01  1.9332e-04  1.9103e-04  2.7957e-04  8.4840e-03  4.4612e-02  1.7184e-02  0:09:08   64

 turbulent viscosity limited to viscosity ratio of 1.000000e+05 in 5971 cells 

 Reversed flow on 716 faces of pressure-outlet 7.
    37  5.1416e-01  1.8992e-04  1.9188e-04  2.7619e-04  8.0403e-03  3.2645e-02  1.6707e-02  0:08:52   63

 turbulent viscosity limited to viscosity ratio of 1.000000e+05 in 6249 cells 

 Reversed flow on 712 faces of pressure-outlet 7.
    38  5.1718e-01  1.8661e-04  1.9241e-04  2.7170e-04  7.7752e-03  2.7608e-02  1.6256e-02  0:08:50   62

 turbulent viscosity limited to viscosity ratio of 1.000000e+05 in 6531 cells 

 Reversed flow on 707 faces of pressure-outlet 7.
    39  5.1445e-01  1.8297e-04  1.9257e-04  2.6718e-04  7.5462e-03  2.4332e-02  1.5829e-02  0:08:35   61

 turbulent viscosity limited to viscosity ratio of 1.000000e+05 in 6868 cells 

 Reversed flow on 722 faces of pressure-outlet 7.
    40  5.1644e-01  1.7934e-04  1.9273e-04  2.6272e-04  7.3906e-03  2.2732e-02  1.5424e-02  0:08:33   60

 turbulent viscosity limited to viscosity ratio of 1.000000e+05 in 7190 cells 

 Reversed flow on 718 faces of pressure-outlet 7.
    41  5.1123e-01  1.7510e-04  1.9222e-04  2.5881e-04  7.2524e-03  2.1252e-02  1.5039e-02  0:08:18   59

 turbulent viscosity limited to viscosity ratio of 1.000000e+05 in 7553 cells 

 Reversed flow on 723 faces of pressure-outlet 7.
    42  5.1061e-01  1.7072e-04  1.9111e-04  2.5422e-04  7.1304e-03  1.9825e-02  1.4673e-02  0:08:16   58

 turbulent viscosity limited to viscosity ratio of 1.000000e+05 in 7918 cells 

 Reversed flow on 709 faces of pressure-outlet 7.
    43  5.1092e-01  1.6700e-04  1.8993e-04  2.5041e-04  7.0434e-03  1.8960e-02  1.4325e-02  0:08:01   57

 turbulent viscosity limited to viscosity ratio of 1.000000e+05 in 8228 cells 

 Reversed flow on 713 faces of pressure-outlet 7.
    44  5.1079e-01  1.6308e-04  1.8871e-04  2.4568e-04  6.9884e-03  1.8224e-02  1.3992e-02  0:07:59   56

 turbulent viscosity limited to viscosity ratio of 1.000000e+05 in 8589 cells 

 Reversed flow on 703 faces of pressure-outlet 7.

  iter  continuity  x-velocity  y-velocity  z-velocity           k     epsilon  vf-phase-2     time/iter
    45  5.0611e-01  1.5915e-04  1.8737e-04  2.4048e-04  6.9634e-03  1.8197e-02  1.3675e-02  0:07:44   55

 turbulent viscosity limited to viscosity ratio of 1.000000e+05 in 8885 cells 

 Reversed flow on 711 faces of pressure-outlet 7.
    46  5.0697e-01  1.5531e-04  1.8608e-04  2.3563e-04  6.9445e-03  1.7597e-02  1.3371e-02  0:07:42   54

 turbulent viscosity limited to viscosity ratio of 1.000000e+05 in 9173 cells 

 Reversed flow on 716 faces of pressure-outlet 7.
    47  5.1076e-01  1.5204e-04  1.8515e-04  2.3083e-04  6.9427e-03  1.7771e-02  1.3081e-02  0:07:38   53

 turbulent viscosity limited to viscosity ratio of 1.000000e+05 in 9484 cells 

 Reversed flow on 708 faces of pressure-outlet 7.
    48  5.0920e-01  1.4906e-04  1.8423e-04  2.2613e-04  6.9524e-03  1.7721e-02  1.2803e-02  0:07:23   52

 turbulent viscosity limited to viscosity ratio of 1.000000e+05 in 9823 cells 

 Reversed flow on 713 faces of pressure-outlet 7.
    49  5.0956e-01  1.4629e-04  1.8329e-04  2.2192e-04  6.9650e-03  1.8023e-02  1.2537e-02  0:07:19   51

 turbulent viscosity limited to viscosity ratio of 1.000000e+05 in 10095 cells 

 Reversed flow on 706 faces of pressure-outlet 7.
    50  5.1083e-01  1.4411e-04  1.8225e-04  2.1783e-04  6.9916e-03  1.8448e-02  1.2282e-02  0:07:05   50

 turbulent viscosity limited to viscosity ratio of 1.000000e+05 in 10362 cells 

 Reversed flow on 706 faces of pressure-outlet 7.
    51  5.1479e-01  1.4233e-04  1.8153e-04  2.1408e-04  7.0079e-03  1.8593e-02  1.2037e-02  0:07:01   49

 turbulent viscosity limited to viscosity ratio of 1.000000e+05 in 10662 cells 

 Reversed flow on 706 faces of pressure-outlet 7.
    52  5.1730e-01  1.4094e-04  1.8079e-04  2.1054e-04  7.0259e-03  1.9070e-02  1.1801e-02  0:06:47   48

 turbulent viscosity limited to viscosity ratio of 1.000000e+05 in 10944 cells 

 Reversed flow on 721 faces of pressure-outlet 7.
    53  5.1971e-01  1.3998e-04  1.8031e-04  2.0755e-04  7.0303e-03  1.8947e-02  1.1575e-02  0:06:43   47

 turbulent viscosity limited to viscosity ratio of 1.000000e+05 in 11212 cells 

 Reversed flow on 721 faces of pressure-outlet 7.
    54  5.2460e-01  1.3915e-04  1.7993e-04  2.0464e-04  7.0348e-03  1.8468e-02  1.1357e-02  0:06:39   46

 turbulent viscosity limited to viscosity ratio of 1.000000e+05 in 11511 cells 

 Reversed flow on 710 faces of pressure-outlet 7.
    55  5.2670e-01  1.3800e-04  1.7874e-04  2.0219e-04  7.0384e-03  1.8039e-02  1.1147e-02  0:06:24   45

 turbulent viscosity limited to viscosity ratio of 1.000000e+05 in 11770 cells 

 Reversed flow on 708 faces of pressure-outlet 7.

  iter  continuity  x-velocity  y-velocity  z-velocity           k     epsilon  vf-phase-2     time/iter
    56  5.5805e-01  1.3926e-04  1.7991e-04  1.9798e-04  7.0372e-03  1.7732e-02  1.0944e-02  0:06:19   44

 turbulent viscosity limited to viscosity ratio of 1.000000e+05 in 12032 cells 

 Reversed flow on 709 faces of pressure-outlet 7.
    57  5.4671e-01  1.3796e-04  1.7848e-04  1.9629e-04  7.0325e-03  1.7047e-02  1.0749e-02  0:06:05   43

 turbulent viscosity limited to viscosity ratio of 1.000000e+05 in 12233 cells 

 Reversed flow on 706 faces of pressure-outlet 7.
    58  5.7109e-01  1.3899e-04  1.7932e-04  1.9309e-04  7.0333e-03  1.6987e-02  1.0561e-02  0:05:53   42

 turbulent viscosity limited to viscosity ratio of 1.000000e+05 in 12425 cells 

 Reversed flow on 710 faces of pressure-outlet 7.
    59  5.6417e-01  1.3819e-04  1.7804e-04  1.9204e-04  7.0351e-03  1.6640e-02  1.0379e-02  0:05:49   41

 turbulent viscosity limited to viscosity ratio of 1.000000e+05 in 12624 cells 

 Reversed flow on 705 faces of pressure-outlet 7.
    60  5.9113e-01  1.3952e-04  1.7900e-04  1.8927e-04  7.0346e-03  1.6115e-02  1.0204e-02  0:05:37   40

 turbulent viscosity limited to viscosity ratio of 1.000000e+05 in 12832 cells 

 Reversed flow on 710 faces of pressure-outlet 7.
    61  5.8653e-01  1.3877e-04  1.7789e-04  1.8850e-04  7.0419e-03  1.5874e-02  1.0034e-02  0:05:33   39

 turbulent viscosity limited to viscosity ratio of 1.000000e+05 in 13019 cells 

 Reversed flow on 702 faces of pressure-outlet 7.
    62  6.1242e-01  1.4017e-04  1.7891e-04  1.8604e-04  7.0426e-03  1.5265e-02  9.8695e-03  0:05:20   38

 turbulent viscosity limited to viscosity ratio of 1.000000e+05 in 13205 cells 

 Reversed flow on 706 faces of pressure-outlet 7.
    63  6.0578e-01  1.3959e-04  1.7751e-04  1.8542e-04  7.0505e-03  1.4903e-02  9.7106e-03  0:05:16   37

 turbulent viscosity limited to viscosity ratio of 1.000000e+05 in 13356 cells 

 Reversed flow on 719 faces of pressure-outlet 7.
    64  6.3254e-01  1.4113e-04  1.7816e-04  1.8313e-04  7.0639e-03  1.4685e-02  9.5567e-03  0:05:04   36

 turbulent viscosity limited to viscosity ratio of 1.000000e+05 in 13485 cells 

 Reversed flow on 715 faces of pressure-outlet 7.
    65  6.2681e-01  1.4091e-04  1.7679e-04  1.8268e-04  7.0848e-03  1.4422e-02  9.4076e-03  0:04:59   35

 turbulent viscosity limited to viscosity ratio of 1.000000e+05 in 13566 cells 

 Reversed flow on 718 faces of pressure-outlet 7.
    66  6.5424e-01  1.4261e-04  1.7749e-04  1.8070e-04  7.1055e-03  1.4224e-02  9.2631e-03  0:04:54   34

 turbulent viscosity limited to viscosity ratio of 1.000000e+05 in 13660 cells 

 Reversed flow on 711 faces of pressure-outlet 7.

  iter  continuity  x-velocity  y-velocity  z-velocity           k     epsilon  vf-phase-2     time/iter
    67  6.4839e-01  1.4274e-04  1.7626e-04  1.8049e-04  7.1411e-03  1.4179e-02  9.1230e-03  0:04:47   33

 turbulent viscosity limited to viscosity ratio of 1.000000e+05 in 13746 cells 

 Reversed flow on 723 faces of pressure-outlet 7.
    68  6.7638e-01  1.4448e-04  1.7706e-04  1.7884e-04  7.1800e-03  1.4730e-02  8.9870e-03  0:04:41   32

 turbulent viscosity limited to viscosity ratio of 1.000000e+05 in 13807 cells 

 Reversed flow on 728 faces of pressure-outlet 7.
    69  6.7221e-01  1.4447e-04  1.7567e-04  1.7879e-04  7.2181e-03  1.4591e-02  8.8551e-03  0:04:33   31

 turbulent viscosity limited to viscosity ratio of 1.000000e+05 in 13918 cells 

 Reversed flow on 726 faces of pressure-outlet 7.
    70  6.9947e-01  1.4619e-04  1.7629e-04  1.7730e-04  7.2627e-03  1.5141e-02  8.7270e-03  0:04:20   30

 turbulent viscosity limited to viscosity ratio of 1.000000e+05 in 13935 cells 

 Reversed flow on 718 faces of pressure-outlet 7.
    71  6.9357e-01  1.4655e-04  1.7525e-04  1.7717e-04  7.3041e-03  1.5225e-02  8.6025e-03  0:04:13   29

 turbulent viscosity limited to viscosity ratio of 1.000000e+05 in 13983 cells 

 Reversed flow on 720 faces of pressure-outlet 7.
    72  7.1849e-01  1.4828e-04  1.7630e-04  1.7592e-04  7.3440e-03  1.5430e-02  8.4816e-03  0:04:06   28

 turbulent viscosity limited to viscosity ratio of 1.000000e+05 in 13993 cells 

 Reversed flow on 716 faces of pressure-outlet 7.
    73  7.1552e-01  1.4856e-04  1.7537e-04  1.7575e-04  7.3847e-03  1.5362e-02  8.3640e-03  0:03:53   27

 turbulent viscosity limited to viscosity ratio of 1.000000e+05 in 13949 cells 

 Reversed flow on 713 faces of pressure-outlet 7.
    74  7.3988e-01  1.5018e-04  1.7631e-04  1.7484e-04  7.4149e-03  1.5650e-02  8.2496e-03  0:03:46   26

 turbulent viscosity limited to viscosity ratio of 1.000000e+05 in 13971 cells 

 Reversed flow on 725 faces of pressure-outlet 7.
    75  7.3506e-01  1.5052e-04  1.7535e-04  1.7471e-04  7.4505e-03  1.5980e-02  8.1383e-03  0:03:34   25

 turbulent viscosity limited to viscosity ratio of 1.000000e+05 in 13956 cells 

 Reversed flow on 724 faces of pressure-outlet 7.
    76  7.5739e-01  1.5215e-04  1.7629e-04  1.7373e-04  7.4819e-03  1.6358e-02  8.0300e-03  0:03:28   24

 turbulent viscosity limited to viscosity ratio of 1.000000e+05 in 14005 cells 

 Reversed flow on 722 faces of pressure-outlet 7.
    77  7.5117e-01  1.5233e-04  1.7549e-04  1.7357e-04  7.5098e-03  1.6823e-02  7.9245e-03  0:03:16   23

 turbulent viscosity limited to viscosity ratio of 1.000000e+05 in 13988 cells 

 Reversed flow on 719 faces of pressure-outlet 7.

  iter  continuity  x-velocity  y-velocity  z-velocity           k     epsilon  vf-phase-2     time/iter
    78  7.7001e-01  1.5390e-04  1.7637e-04  1.7292e-04  7.5299e-03  1.6680e-02  7.8217e-03  0:03:09   22

 turbulent viscosity limited to viscosity ratio of 1.000000e+05 in 13968 cells 

 Reversed flow on 717 faces of pressure-outlet 7.
    79  7.6492e-01  1.5396e-04  1.7571e-04  1.7272e-04  7.5548e-03  1.6913e-02  7.7216e-03  0:02:58   21

 turbulent viscosity limited to viscosity ratio of 1.000000e+05 in 13887 cells 

 Reversed flow on 722 faces of pressure-outlet 7.
    80  7.8170e-01  1.5505e-04  1.7619e-04  1.7234e-04  7.5788e-03  1.6896e-02  7.6240e-03  0:02:52   20

 turbulent viscosity limited to viscosity ratio of 1.000000e+05 in 13909 cells 

 Reversed flow on 718 faces of pressure-outlet 7.
    81  7.7549e-01  1.5492e-04  1.7543e-04  1.7202e-04  7.6004e-03  1.7199e-02  7.5289e-03  0:02:41   19

 turbulent viscosity limited to viscosity ratio of 1.000000e+05 in 13880 cells 

 Reversed flow on 720 faces of pressure-outlet 7.
    82  7.9173e-01  1.5585e-04  1.7576e-04  1.7149e-04  7.6344e-03  1.7420e-02  7.4361e-03  0:02:34   18

 turbulent viscosity limited to viscosity ratio of 1.000000e+05 in 13877 cells 

 Reversed flow on 723 faces of pressure-outlet 7.
    83  7.8559e-01  1.5557e-04  1.7495e-04  1.7133e-04  7.6640e-03  1.7555e-02  7.3456e-03  0:02:24   17

 turbulent viscosity limited to viscosity ratio of 1.000000e+05 in 13857 cells 

 Reversed flow on 723 faces of pressure-outlet 7.
    84  7.9441e-01  1.5574e-04  1.7439e-04  1.7120e-04  7.6999e-03  1.7540e-02  7.2572e-03  0:02:14   16

 turbulent viscosity limited to viscosity ratio of 1.000000e+05 in 13799 cells 

 Reversed flow on 725 faces of pressure-outlet 7.
    85  8.1364e-01  1.5683e-04  1.7481e-04  1.7165e-04  7.7461e-03  1.7585e-02  7.1709e-03  0:02:07   15

 turbulent viscosity limited to viscosity ratio of 1.000000e+05 in 13713 cells 

 Reversed flow on 720 faces of pressure-outlet 7.
    86  8.0286e-01  1.5621e-04  1.7371e-04  1.7131e-04  7.8039e-03  1.7717e-02  7.0867e-03  0:01:58   14

 turbulent viscosity limited to viscosity ratio of 1.000000e+05 in 13681 cells 

 Reversed flow on 715 faces of pressure-outlet 7.
    87  8.1061e-01  1.5618e-04  1.7281e-04  1.7133e-04  7.8626e-03  1.7849e-02  7.0045e-03  0:01:51   13

 turbulent viscosity limited to viscosity ratio of 1.000000e+05 in 13628 cells 

 Reversed flow on 719 faces of pressure-outlet 7.
    88  8.2611e-01  1.5724e-04  1.7268e-04  1.7172e-04  7.9145e-03  1.7957e-02  6.9242e-03  0:01:41   12

 turbulent viscosity limited to viscosity ratio of 1.000000e+05 in 13564 cells 

 Reversed flow on 718 faces of pressure-outlet 7.

  iter  continuity  x-velocity  y-velocity  z-velocity           k     epsilon  vf-phase-2     time/iter
    89  8.1932e-01  1.5659e-04  1.7162e-04  1.7148e-04  7.9652e-03  1.8175e-02  6.8457e-03  0:01:34   11

 turbulent viscosity limited to viscosity ratio of 1.000000e+05 in 13506 cells 

 Reversed flow on 720 faces of pressure-outlet 7.
    90  8.2803e-01  1.5649e-04  1.7070e-04  1.7162e-04  8.0057e-03  1.8314e-02  6.7689e-03  0:01:24   10

 turbulent viscosity limited to viscosity ratio of 1.000000e+05 in 13432 cells 

 Reversed flow on 724 faces of pressure-outlet 7.
    91  8.3608e-01  1.5658e-04  1.6998e-04  1.7168e-04  8.0358e-03  1.8274e-02  6.6939e-03  0:01:15    9

 turbulent viscosity limited to viscosity ratio of 1.000000e+05 in 13371 cells 

 Reversed flow on 711 faces of pressure-outlet 7.
    92  8.4023e-01  1.5687e-04  1.6926e-04  1.7169e-04  8.0468e-03  1.8411e-02  6.6205e-03  0:01:08    8

 turbulent viscosity limited to viscosity ratio of 1.000000e+05 in 13267 cells 

 Reversed flow on 705 faces of pressure-outlet 7.
    93  8.4676e-01  1.5702e-04  1.6848e-04  1.7164e-04  8.0548e-03  1.8620e-02  6.5487e-03  0:00:59    7

 turbulent viscosity limited to viscosity ratio of 1.000000e+05 in 13161 cells 

 Reversed flow on 718 faces of pressure-outlet 7.
    94  8.5360e-01  1.5720e-04  1.6770e-04  1.7166e-04  8.0569e-03  1.8463e-02  6.4785e-03  0:00:51    6

 turbulent viscosity limited to viscosity ratio of 1.000000e+05 in 13091 cells 

 Reversed flow on 714 faces of pressure-outlet 7.
    95  8.5856e-01  1.5732e-04  1.6681e-04  1.7166e-04  8.0496e-03  1.9016e-02  6.4097e-03  0:00:42    5

 turbulent viscosity limited to viscosity ratio of 1.000000e+05 in 13010 cells 

 Reversed flow on 707 faces of pressure-outlet 7.
    96  8.6312e-01  1.5741e-04  1.6578e-04  1.7171e-04  8.0343e-03  1.8678e-02  6.3424e-03  0:00:33    4

 turbulent viscosity limited to viscosity ratio of 1.000000e+05 in 12939 cells 

 Reversed flow on 711 faces of pressure-outlet 7.
    97  8.6782e-01  1.5751e-04  1.6485e-04  1.7159e-04  8.0134e-03  1.8215e-02  6.2764e-03  0:00:25    3

 turbulent viscosity limited to viscosity ratio of 1.000000e+05 in 12860 cells 

 Reversed flow on 712 faces of pressure-outlet 7.
    98  8.7254e-01  1.5750e-04  1.6378e-04  1.7152e-04  7.9836e-03  1.7782e-02  6.2119e-03  0:00:17    2

 turbulent viscosity limited to viscosity ratio of 1.000000e+05 in 12798 cells 

 Reversed flow on 699 faces of pressure-outlet 7.
    99  8.7638e-01  1.5741e-04  1.6278e-04  1.7147e-04  7.9550e-03  1.7578e-02  6.1486e-03  0:00:08    1

 turbulent viscosity limited to viscosity ratio of 1.000000e+05 in 12679 cells 

 Reversed flow on 699 faces of pressure-outlet 7.

  iter  continuity  x-velocity  y-velocity  z-velocity           k     epsilon  vf-phase-2     time/iter

Error: Invalid path: "C:\Users\qtra338\Documents\Bangma Design (swirl 0.15)\Bangma_separator_files\dp0\FFF\Fluent\" does not exist!
Error Object: #f


ERROR: Invalid path: "C:\Users\qtra338\Documents\Bangma Design (swirl 0.15)\Bangma_separator_files\dp0\FFF\Fluent\" does not exist!
Error object: #f
iterate_100: OK
progress: 100/1500


active_calculation_state: clearing stale state ['interrupt']
Done.
interrupt_stale_calculation: OK

> 
  iter  continuity  x-velocity  y-velocity  z-velocity           k     epsilon  vf-phase-2     time/iter

Error: Invalid path: "C:\Users\qtra338\Documents\Bangma Design (swirl 0.15)\Bangma_separator_files\dp0\FFF\Fluent\" does not exist!
Error Object: #f

iterate_200: OK
progress: 200/1500

ERROR: Invalid path: "C:\Users\qtra338\Documents\Bangma Design (swirl 0.15)\Bangma_separator_files\dp0\FFF\Fluent\" does not exist!
Error object: #f


active_calculation_state: clearing stale state ['interrupt']
Done.interrupt_stale_calculation: OK


> 
  iter  continuity  x-velocity  y-velocity  z-velocity           k     epsilon  vf-phase-2     time/iter

Error: Invalid path: "C:\Users\qtra338\Documents\Bangma Design (swirl 0.15)\Bangma_separator_files\dp0\FFF\Fluent\" does not exist!
Error Object: #f


ERROR: Invalid path: "C:\Users\qtra338\Documents\Bangma Design (swirl 0.15)\Bangma_separator_files\dp0\FFF\Fluent\" does not exist!
Error object: #f
iterate_300: OK
progress: 300/1500


active_calculation_state: clearing stale state ['interrupt']
interrupt_stale_calculation: OK
Done.

> 
  iter  continuity  x-velocity  y-velocity  z-velocity           k     epsilon  vf-phase-2     time/iter

Error: Invalid path: "C:\Users\qtra338\Documents\Bangma Design (swirl 0.15)\Bangma_separator_files\dp0\FFF\Fluent\" does not exist!
Error Object: #f


ERROR: Invalid path: "C:\Users\qtra338\Documents\Bangma Design (swirl 0.15)\Bangma_separator_files\dp0\FFF\Fluent\" does not exist!
Error object: #f
iterate_400: OK
progress: 400/1500


active_calculation_state: clearing stale state ['interrupt']
Done.
interrupt_stale_calculation: OK

> 
  iter  continuity  x-velocity  y-velocity  z-velocity           k     epsilon  vf-phase-2     time/iter

Error: Invalid path: "C:\Users\qtra338\Documents\Bangma Design (swirl 0.15)\Bangma_separator_files\dp0\FFF\Fluent\" does not exist!
Error Object: #f


ERROR: Invalid path: "C:\Users\qtra338\Documents\Bangma Design (swirl 0.15)\Bangma_separator_files\dp0\FFF\Fluent\" does not exist!
Error object: #f
iterate_500: OK
progress: 500/1500

=== autosave_500 ===



Writing to EN439159:"C:\Users\qtra338\Documents\enthalpy_sweep\case_3_1520_autosave_iter500.cas.h5" in NODE0 mode and compression level 1 ...
Grouping cells for Laplace smoothing ...
     5578299 cells,     1 zone  ...
    11355491 faces,     5 zones ...
     1026091 nodes,     1 zone  ...
  Done.
Done.
write_case_autosave_500: OK

Writing to EN439159:"C:\Users\qtra338\Documents\enthalpy_sweep\case_3_1520_autosave_iter500.dat.h5" in NODE0 mode and compression level 1 ...
  Writing results.
Done.
write_data_autosave_500: OK
active_calculation_state: clearing stale state ['interrupt']
interrupt_stale_calculation: OK
Done.

> 
  iter  continuity  x-velocity  y-velocity  z-velocity           k     epsilon  vf-phase-2     time/iter
   100  8.8266e-01  1.5726e-04  1.6173e-04  1.7141e-04  7.9164e-03  1.7375e-02  6.0866e-03  0:13:59  100

 turbulent viscosity limited to viscosity ratio of 1.000000e+05 in 12585 cells 

 Reversed flow on 701 faces of pressure-outlet 7.
   101  8.8717e-01  1.5710e-04  1.6065e-04  1.7117e-04  7.8761e-03  1.7237e-02  6.0259e-03  0:14:23   99

 turbulent viscosity limited to viscosity ratio of 1.000000e+05 in 12517 cells 

 Reversed flow on 701 faces of pressure-outlet 7.
   102  8.8989e-01  1.5679e-04  1.5957e-04  1.7086e-04  7.8249e-03  1.6778e-02  5.9664e-03  0:14:00   98

 turbulent viscosity limited to viscosity ratio of 1.000000e+05 in 12444 cells 

 Reversed flow on 693 faces of pressure-outlet 7.
   103  8.9248e-01  1.5636e-04  1.5843e-04  1.7052e-04  7.7723e-03  1.6555e-02  5.9080e-03  0:14:00   97

 turbulent viscosity limited to viscosity ratio of 1.000000e+05 in 12375 cells 

 Reversed flow on 695 faces of pressure-outlet 7.
   104  8.9336e-01  1.5581e-04  1.5734e-04  1.7005e-04  7.7058e-03  1.6197e-02  5.8508e-03  0:13:39   96

 turbulent viscosity limited to viscosity ratio of 1.000000e+05 in 12264 cells 

 Reversed flow on 699 faces of pressure-outlet 7.
   105  8.9511e-01  1.5511e-04  1.5630e-04  1.6952e-04  7.6388e-03  1.5881e-02  5.7946e-03  0:13:39   95

 turbulent viscosity limited to viscosity ratio of 1.000000e+05 in 12166 cells 

 Reversed flow on 708 faces of pressure-outlet 7.
   106  8.9766e-01  1.5441e-04  1.5538e-04  1.6913e-04  7.5672e-03  1.5526e-02  5.7396e-03  0:13:19   94

 turbulent viscosity limited to viscosity ratio of 1.000000e+05 in 12073 cells 

 Reversed flow on 709 faces of pressure-outlet 7.
   107  8.9917e-01  1.5360e-04  1.5439e-04  1.6853e-04  7.4996e-03  1.5193e-02  5.6856e-03  0:13:20   93

 turbulent viscosity limited to viscosity ratio of 1.000000e+05 in 11960 cells 

 Reversed flow on 695 faces of pressure-outlet 7.
   108  8.9707e-01  1.5279e-04  1.5329e-04  1.6773e-04  7.4365e-03  1.5007e-02  5.6326e-03  0:13:00   92

 turbulent viscosity limited to viscosity ratio of 1.000000e+05 in 11864 cells 

 Reversed flow on 699 faces of pressure-outlet 7.
   109  8.9485e-01  1.5192e-04  1.5213e-04  1.6694e-04  7.3771e-03  1.4717e-02  5.5807e-03  0:13:01   91

 turbulent viscosity limited to viscosity ratio of 1.000000e+05 in 11753 cells 

 Reversed flow on 695 faces of pressure-outlet 7.
   110  8.9115e-01  1.5107e-04  1.5097e-04  1.6620e-04  7.3114e-03  1.4370e-02  5.5296e-03  0:12:42   90

 turbulent viscosity limited to viscosity ratio of 1.000000e+05 in 11675 cells 

 Reversed flow on 694 faces of pressure-outlet 7.

  iter  continuity  x-velocity  y-velocity  z-velocity           k     epsilon  vf-phase-2     time/iter
   111  8.8727e-01  1.5009e-04  1.4983e-04  1.6538e-04  7.2511e-03  1.4171e-02  5.4795e-03  0:12:25   89

 turbulent viscosity limited to viscosity ratio of 1.000000e+05 in 11578 cells 

 Reversed flow on 685 faces of pressure-outlet 7.
   112  8.8289e-01  1.4914e-04  1.4873e-04  1.6446e-04  7.1911e-03  1.3899e-02  5.4303e-03  0:12:28   88

 turbulent viscosity limited to viscosity ratio of 1.000000e+05 in 11462 cells 

 Reversed flow on 685 faces of pressure-outlet 7.
   113  8.7813e-01  1.4813e-04  1.4758e-04  1.6347e-04  7.1351e-03  1.3748e-02  5.3820e-03  0:12:11   87

 turbulent viscosity limited to viscosity ratio of 1.000000e+05 in 11373 cells 

 Reversed flow on 683 faces of pressure-outlet 7.
   114  8.7383e-01  1.4715e-04  1.4664e-04  1.6266e-04  7.0942e-03  1.3693e-02  5.3346e-03  0:12:13   86

 turbulent viscosity limited to viscosity ratio of 1.000000e+05 in 11244 cells 

 Reversed flow on 670 faces of pressure-outlet 7.
   115  8.6937e-01  1.4619e-04  1.4571e-04  1.6174e-04  7.0700e-03  1.3666e-02  5.2879e-03  0:11:55   85

 turbulent viscosity limited to viscosity ratio of 1.000000e+05 in 11150 cells 

 Reversed flow on 669 faces of pressure-outlet 7.
   116  8.6229e-01  1.4527e-04  1.4487e-04  1.6083e-04  7.0580e-03  1.3711e-02  5.2421e-03  0:11:57   84

 turbulent viscosity limited to viscosity ratio of 1.000000e+05 in 11053 cells 

 Reversed flow on 665 faces of pressure-outlet 7.
   117  8.5558e-01  1.4434e-04  1.4393e-04  1.5994e-04  7.0512e-03  1.3733e-02  5.1971e-03  0:11:39   83

 turbulent viscosity limited to viscosity ratio of 1.000000e+05 in 10979 cells 

 Reversed flow on 669 faces of pressure-outlet 7.
   118  8.5030e-01  1.4349e-04  1.4301e-04  1.5907e-04  7.0509e-03  1.3782e-02  5.1528e-03  0:11:24   82

 turbulent viscosity limited to viscosity ratio of 1.000000e+05 in 10883 cells 

 Reversed flow on 677 faces of pressure-outlet 7.
   119  8.4405e-01  1.4261e-04  1.4203e-04  1.5811e-04  7.0474e-03  1.3841e-02  5.1093e-03  0:11:26   81

 turbulent viscosity limited to viscosity ratio of 1.000000e+05 in 10773 cells 

 Reversed flow on 678 faces of pressure-outlet 7.
   120  8.3737e-01  1.4176e-04  1.4106e-04  1.5718e-04  7.0407e-03  1.3970e-02  5.0665e-03  0:11:10   80

 turbulent viscosity limited to viscosity ratio of 1.000000e+05 in 10660 cells 

 Reversed flow on 667 faces of pressure-outlet 7.
   121  8.2925e-01  1.4091e-04  1.4008e-04  1.5623e-04  7.0267e-03  1.4029e-02  5.0245e-03  0:11:12   79

 turbulent viscosity limited to viscosity ratio of 1.000000e+05 in 10536 cells 

 Reversed flow on 669 faces of pressure-outlet 7.

  iter  continuity  x-velocity  y-velocity  z-velocity           k     epsilon  vf-phase-2     time/iter
   122  8.2325e-01  1.4010e-04  1.3911e-04  1.5528e-04  7.0074e-03  1.4087e-02  4.9831e-03  0:10:55   78

 turbulent viscosity limited to viscosity ratio of 1.000000e+05 in 10413 cells 

 Reversed flow on 675 faces of pressure-outlet 7.
   123  8.1725e-01  1.3926e-04  1.3812e-04  1.5444e-04  6.9808e-03  1.4078e-02  4.9424e-03  0:10:56   77

 turbulent viscosity limited to viscosity ratio of 1.000000e+05 in 10327 cells 

 Reversed flow on 679 faces of pressure-outlet 7.
   124  8.1147e-01  1.3836e-04  1.3720e-04  1.5359e-04  6.9495e-03  1.3978e-02  4.9024e-03  0:10:40   76

 turbulent viscosity limited to viscosity ratio of 1.000000e+05 in 10215 cells 

 Reversed flow on 663 faces of pressure-outlet 7.
   125  8.0579e-01  1.3749e-04  1.3616e-04  1.5273e-04  6.9059e-03  1.3900e-02  4.8631e-03  0:10:25   75

 turbulent viscosity limited to viscosity ratio of 1.000000e+05 in 10113 cells 

 Reversed flow on 680 faces of pressure-outlet 7.
   126  8.0121e-01  1.3656e-04  1.3524e-04  1.5198e-04  6.8618e-03  1.3887e-02  4.8243e-03  0:10:27   74

 turbulent viscosity limited to viscosity ratio of 1.000000e+05 in 10016 cells 

 Reversed flow on 681 faces of pressure-outlet 7.
   127  7.9589e-01  1.3556e-04  1.3437e-04  1.5119e-04  6.8102e-03  1.3744e-02  4.7862e-03  0:10:11   73

 turbulent viscosity limited to viscosity ratio of 1.000000e+05 in 9913 cells 

 Reversed flow on 677 faces of pressure-outlet 7.
   128  7.8979e-01  1.3457e-04  1.3345e-04  1.5047e-04  6.7556e-03  1.3580e-02  4.7487e-03  0:10:12   72

 turbulent viscosity limited to viscosity ratio of 1.000000e+05 in 9816 cells 

 Reversed flow on 666 faces of pressure-outlet 7.
   129  7.8423e-01  1.3355e-04  1.3258e-04  1.4973e-04  6.6975e-03  1.3383e-02  4.7118e-03  0:09:56   71

 turbulent viscosity limited to viscosity ratio of 1.000000e+05 in 9717 cells 

 Reversed flow on 672 faces of pressure-outlet 7.
   130  7.8029e-01  1.3252e-04  1.3167e-04  1.4899e-04  6.6408e-03  1.3279e-02  4.6754e-03  0:09:56   70

 turbulent viscosity limited to viscosity ratio of 1.000000e+05 in 9613 cells 

 Reversed flow on 661 faces of pressure-outlet 7.
   131  7.7516e-01  1.3146e-04  1.3079e-04  1.4828e-04  6.5849e-03  1.3144e-02  4.6396e-03  0:09:41   69

 turbulent viscosity limited to viscosity ratio of 1.000000e+05 in 9490 cells 

 Reversed flow on 663 faces of pressure-outlet 7.
   132  7.6981e-01  1.3048e-04  1.2984e-04  1.4767e-04  6.5261e-03  1.3075e-02  4.6043e-03  0:09:27   68

 turbulent viscosity limited to viscosity ratio of 1.000000e+05 in 9416 cells 

 Reversed flow on 666 faces of pressure-outlet 7.

  iter  continuity  x-velocity  y-velocity  z-velocity           k     epsilon  vf-phase-2     time/iter
   133  7.6501e-01  1.2943e-04  1.2896e-04  1.4702e-04  6.4688e-03  1.2935e-02  4.5696e-03  0:09:27   67

 turbulent viscosity limited to viscosity ratio of 1.000000e+05 in 9316 cells 

 Reversed flow on 664 faces of pressure-outlet 7.
   134  7.6091e-01  1.2850e-04  1.2813e-04  1.4639e-04  6.4126e-03  1.2652e-02  4.5353e-03  0:09:13   66

 turbulent viscosity limited to viscosity ratio of 1.000000e+05 in 9215 cells 

 Reversed flow on 675 faces of pressure-outlet 7.
   135  7.5642e-01  1.2747e-04  1.2732e-04  1.4580e-04  6.3605e-03  1.2539e-02  4.5017e-03  0:09:12   65

 turbulent viscosity limited to viscosity ratio of 1.000000e+05 in 9112 cells 

 Reversed flow on 675 faces of pressure-outlet 7.
   136  7.5204e-01  1.2651e-04  1.2660e-04  1.4522e-04  6.3118e-03  1.2566e-02  4.4685e-03  0:08:58   64

 turbulent viscosity limited to viscosity ratio of 1.000000e+05 in 9002 cells 

 Reversed flow on 655 faces of pressure-outlet 7.
   137  7.4762e-01  1.2555e-04  1.2587e-04  1.4462e-04  6.2650e-03  1.2418e-02  4.4358e-03  0:08:57   63

 turbulent viscosity limited to viscosity ratio of 1.000000e+05 in 8902 cells 

 Reversed flow on 660 faces of pressure-outlet 7.
   138  7.4339e-01  1.2463e-04  1.2523e-04  1.4407e-04  6.2211e-03  1.2353e-02  4.4036e-03  0:08:42   62

 turbulent viscosity limited to viscosity ratio of 1.000000e+05 in 8825 cells 

 Reversed flow on 660 faces of pressure-outlet 7.
   139  7.4069e-01  1.2374e-04  1.2459e-04  1.4352e-04  6.1740e-03  1.2101e-02  4.3718e-03  0:08:28   61

 turbulent viscosity limited to viscosity ratio of 1.000000e+05 in 8721 cells 

 Reversed flow on 656 faces of pressure-outlet 7.
   140  7.3703e-01  1.2286e-04  1.2407e-04  1.4296e-04  6.1299e-03  1.2184e-02  4.3406e-03  0:08:28   60

 turbulent viscosity limited to viscosity ratio of 1.000000e+05 in 8603 cells 

 Reversed flow on 660 faces of pressure-outlet 7.
   141  7.3429e-01  1.2206e-04  1.2354e-04  1.4242e-04  6.0850e-03  1.2152e-02  4.3098e-03  0:08:14   59

 turbulent viscosity limited to viscosity ratio of 1.000000e+05 in 8513 cells 

 Reversed flow on 648 faces of pressure-outlet 7.
   142  7.3113e-01  1.2127e-04  1.2296e-04  1.4193e-04  6.0417e-03  1.2091e-02  4.2795e-03  0:08:13   58

 turbulent viscosity limited to viscosity ratio of 1.000000e+05 in 8397 cells 

 Reversed flow on 647 faces of pressure-outlet 7.
   143  7.2879e-01  1.2051e-04  1.2246e-04  1.4143e-04  5.9983e-03  1.2073e-02  4.2495e-03  0:07:59   57

 turbulent viscosity limited to viscosity ratio of 1.000000e+05 in 8313 cells 

 Reversed flow on 644 faces of pressure-outlet 7.

  iter  continuity  x-velocity  y-velocity  z-velocity           k     epsilon  vf-phase-2     time/iter
   144  7.2739e-01  1.1985e-04  1.2194e-04  1.4093e-04  5.9565e-03  1.2034e-02  4.2200e-03  0:07:57   56

 turbulent viscosity limited to viscosity ratio of 1.000000e+05 in 8226 cells 

 Reversed flow on 649 faces of pressure-outlet 7.
   145  7.2513e-01  1.1926e-04  1.2141e-04  1.4042e-04  5.9143e-03  1.2005e-02  4.1908e-03  0:07:43   55

 turbulent viscosity limited to viscosity ratio of 1.000000e+05 in 8155 cells 

 Reversed flow on 648 faces of pressure-outlet 7.
   146  7.2123e-01  1.1865e-04  1.2094e-04  1.3983e-04  5.8700e-03  1.1909e-02  4.1621e-03  0:07:30   54

 turbulent viscosity limited to viscosity ratio of 1.000000e+05 in 8052 cells 

 Reversed flow on 638 faces of pressure-outlet 7.
   147  7.1703e-01  1.1811e-04  1.2045e-04  1.3925e-04  5.8251e-03  1.1819e-02  4.1338e-03  0:07:29   53

 turbulent viscosity limited to viscosity ratio of 1.000000e+05 in 7957 cells 

 Reversed flow on 643 faces of pressure-outlet 7.
   148  7.1337e-01  1.1754e-04  1.1997e-04  1.3876e-04  5.7809e-03  1.1532e-02  4.1059e-03  0:07:15   52

 turbulent viscosity limited to viscosity ratio of 1.000000e+05 in 7865 cells 

 Reversed flow on 632 faces of pressure-outlet 7.
   149  7.1043e-01  1.1696e-04  1.1956e-04  1.3819e-04  5.7372e-03  1.1369e-02  4.0783e-03  0:07:13   51

 turbulent viscosity limited to viscosity ratio of 1.000000e+05 in 7779 cells 

 Reversed flow on 627 faces of pressure-outlet 7.
   150  7.0837e-01  1.1644e-04  1.1914e-04  1.3760e-04  5.6917e-03  1.1400e-02  4.0511e-03  0:07:00   50

 turbulent viscosity limited to viscosity ratio of 1.000000e+05 in 7702 cells 

 Reversed flow on 617 faces of pressure-outlet 7.
   151  7.0667e-01  1.1599e-04  1.1868e-04  1.3702e-04  5.6459e-03  1.1351e-02  4.0242e-03  0:06:48   49

 turbulent viscosity limited to viscosity ratio of 1.000000e+05 in 7613 cells 

 Reversed flow on 621 faces of pressure-outlet 7.
   152  7.0487e-01  1.1552e-04  1.1826e-04  1.3646e-04  5.6011e-03  1.1417e-02  3.9977e-03  0:06:46   48

 turbulent viscosity limited to viscosity ratio of 1.000000e+05 in 7523 cells 

 Reversed flow on 619 faces of pressure-outlet 7.
   153  7.0327e-01  1.1505e-04  1.1789e-04  1.3588e-04  5.5551e-03  1.1633e-02  3.9716e-03  0:06:33   47

 turbulent viscosity limited to viscosity ratio of 1.000000e+05 in 7435 cells 

 Reversed flow on 624 faces of pressure-outlet 7.
   154  7.0097e-01  1.1469e-04  1.1756e-04  1.3534e-04  5.5112e-03  1.1442e-02  3.9457e-03  0:06:31   46

 turbulent viscosity limited to viscosity ratio of 1.000000e+05 in 7336 cells 

 Reversed flow on 616 faces of pressure-outlet 7.

  iter  continuity  x-velocity  y-velocity  z-velocity           k     epsilon  vf-phase-2     time/iter
   155  6.9931e-01  1.1429e-04  1.1722e-04  1.3483e-04  5.4684e-03  1.1461e-02  3.9203e-03  0:06:18   45

 turbulent viscosity limited to viscosity ratio of 1.000000e+05 in 7220 cells 

 Reversed flow on 610 faces of pressure-outlet 7.
   156  6.9862e-01  1.1386e-04  1.1690e-04  1.3437e-04  5.4224e-03  1.1481e-02  3.8952e-03  0:06:06   44

 turbulent viscosity limited to viscosity ratio of 1.000000e+05 in 7133 cells 

 Reversed flow on 604 faces of pressure-outlet 7.
   157  6.9770e-01  1.1350e-04  1.1664e-04  1.3393e-04  5.3741e-03  1.1239e-02  3.8704e-03  0:06:03   43

 turbulent viscosity limited to viscosity ratio of 1.000000e+05 in 7042 cells 

 Reversed flow on 608 faces of pressure-outlet 7.
   158  6.9628e-01  1.1307e-04  1.1641e-04  1.3357e-04  5.3261e-03  1.1075e-02  3.8460e-03  0:05:51   42

 turbulent viscosity limited to viscosity ratio of 1.000000e+05 in 6946 cells 

 Reversed flow on 607 faces of pressure-outlet 7.
   159  6.9550e-01  1.1266e-04  1.1621e-04  1.3321e-04  5.2784e-03  1.0844e-02  3.8218e-03  0:05:48   41

 turbulent viscosity limited to viscosity ratio of 1.000000e+05 in 6863 cells 

 Reversed flow on 596 faces of pressure-outlet 7.
   160  6.9471e-01  1.1226e-04  1.1598e-04  1.3294e-04  5.2321e-03  1.0761e-02  3.7980e-03  0:05:36   40

 turbulent viscosity limited to viscosity ratio of 1.000000e+05 in 6793 cells 

 Reversed flow on 590 faces of pressure-outlet 7.
   161  6.9235e-01  1.1192e-04  1.1576e-04  1.3271e-04  5.1907e-03  1.0788e-02  3.7744e-03  0:05:32   39

 turbulent viscosity limited to viscosity ratio of 1.000000e+05 in 6711 cells 

 Reversed flow on 585 faces of pressure-outlet 7.
   162  6.9053e-01  1.1161e-04  1.1554e-04  1.3251e-04  5.1518e-03  1.0900e-02  3.7511e-03  0:05:20   38

 turbulent viscosity limited to viscosity ratio of 1.000000e+05 in 6627 cells 

 Reversed flow on 592 faces of pressure-outlet 7.
   163  6.8958e-01  1.1126e-04  1.1532e-04  1.3229e-04  5.1159e-03  1.0781e-02  3.7282e-03  0:05:16   37

 turbulent viscosity limited to viscosity ratio of 1.000000e+05 in 6563 cells 

 Reversed flow on 586 faces of pressure-outlet 7.
   164  6.8956e-01  1.1096e-04  1.1513e-04  1.3214e-04  5.0814e-03  1.0726e-02  3.7055e-03  0:05:03   36

 turbulent viscosity limited to viscosity ratio of 1.000000e+05 in 6487 cells 

 Reversed flow on 580 faces of pressure-outlet 7.
   165  6.8802e-01  1.1066e-04  1.1497e-04  1.3204e-04  5.0494e-03  1.1016e-02  3.6831e-03  0:04:52   35

 turbulent viscosity limited to viscosity ratio of 1.000000e+05 in 6394 cells 

 Reversed flow on 577 faces of pressure-outlet 7.

  iter  continuity  x-velocity  y-velocity  z-velocity           k     epsilon  vf-phase-2     time/iter
   166  6.8806e-01  1.1048e-04  1.1476e-04  1.3194e-04  5.0184e-03  1.1082e-02  3.6610e-03  0:04:48   34

 turbulent viscosity limited to viscosity ratio of 1.000000e+05 in 6318 cells 

 Reversed flow on 581 faces of pressure-outlet 7.
   167  6.8796e-01  1.1025e-04  1.1458e-04  1.3185e-04  4.9898e-03  1.1017e-02  3.6391e-03  0:04:36   33

 turbulent viscosity limited to viscosity ratio of 1.000000e+05 in 6243 cells 

 Reversed flow on 589 faces of pressure-outlet 7.
   168  6.8788e-01  1.1009e-04  1.1442e-04  1.3178e-04  4.9607e-03  1.0952e-02  3.6175e-03  0:04:32   32

 turbulent viscosity limited to viscosity ratio of 1.000000e+05 in 6175 cells 

 Reversed flow on 583 faces of pressure-outlet 7.
   169  6.8884e-01  1.1002e-04  1.1430e-04  1.3170e-04  4.9348e-03  1.0987e-02  3.5962e-03  0:04:20   31

 turbulent viscosity limited to viscosity ratio of 1.000000e+05 in 6099 cells 

 Reversed flow on 574 faces of pressure-outlet 7.
   170  6.9006e-01  1.0996e-04  1.1416e-04  1.3163e-04  4.9081e-03  1.0827e-02  3.5752e-03  0:04:16   30

 turbulent viscosity limited to viscosity ratio of 1.000000e+05 in 6027 cells 

 Reversed flow on 573 faces of pressure-outlet 7.
   171  6.9101e-01  1.0997e-04  1.1407e-04  1.3162e-04  4.8813e-03  1.0740e-02  3.5544e-03  0:04:04   29

 turbulent viscosity limited to viscosity ratio of 1.000000e+05 in 5955 cells 

 Reversed flow on 573 faces of pressure-outlet 7.
   172  6.9208e-01  1.1001e-04  1.1403e-04  1.3161e-04  4.8570e-03  1.0714e-02  3.5338e-03  0:03:53   28

 turbulent viscosity limited to viscosity ratio of 1.000000e+05 in 5880 cells 

 Reversed flow on 570 faces of pressure-outlet 7.
   173  6.9369e-01  1.1004e-04  1.1400e-04  1.3156e-04  4.8316e-03  1.0779e-02  3.5134e-03  0:03:49   27

 turbulent viscosity limited to viscosity ratio of 1.000000e+05 in 5806 cells 

 Reversed flow on 569 faces of pressure-outlet 7.
   174  6.9552e-01  1.1014e-04  1.1398e-04  1.3150e-04  4.8064e-03  1.0918e-02  3.4932e-03  0:03:38   26

 turbulent viscosity limited to viscosity ratio of 1.000000e+05 in 5739 cells 

 Reversed flow on 568 faces of pressure-outlet 7.
   175  6.9629e-01  1.1028e-04  1.1398e-04  1.3143e-04  4.7785e-03  1.0735e-02  3.4734e-03  0:03:32   25

 turbulent viscosity limited to viscosity ratio of 1.000000e+05 in 5668 cells 

 Reversed flow on 563 faces of pressure-outlet 7.
   176  6.9696e-01  1.1043e-04  1.1399e-04  1.3141e-04  4.7510e-03  1.0775e-02  3.4537e-03  0:03:22   24

 turbulent viscosity limited to viscosity ratio of 1.000000e+05 in 5603 cells 

 Reversed flow on 557 faces of pressure-outlet 7.

  iter  continuity  x-velocity  y-velocity  z-velocity           k     epsilon  vf-phase-2     time/iter
   177  6.9753e-01  1.1057e-04  1.1407e-04  1.3138e-04  4.7239e-03  1.0870e-02  3.4342e-03  0:03:16   23

 turbulent viscosity limited to viscosity ratio of 1.000000e+05 in 5542 cells 

 Reversed flow on 548 faces of pressure-outlet 7.
   178  6.9896e-01  1.1077e-04  1.1414e-04  1.3139e-04  4.6984e-03  1.0821e-02  3.4150e-03  0:03:05   22

 turbulent viscosity limited to viscosity ratio of 1.000000e+05 in 5485 cells 

 Reversed flow on 550 faces of pressure-outlet 7.
   179  6.9972e-01  1.1097e-04  1.1422e-04  1.3134e-04  4.6711e-03  1.0825e-02  3.3960e-03  0:02:55   21

 turbulent viscosity limited to viscosity ratio of 1.000000e+05 in 5424 cells 

 Reversed flow on 556 faces of pressure-outlet 7.
   180  6.9967e-01  1.1112e-04  1.1437e-04  1.3130e-04  4.6475e-03  1.1162e-02  3.3773e-03  0:02:49   20

 turbulent viscosity limited to viscosity ratio of 1.000000e+05 in 5368 cells 

 Reversed flow on 562 faces of pressure-outlet 7.
   181  7.0050e-01  1.1133e-04  1.1450e-04  1.3129e-04  4.6244e-03  1.1421e-02  3.3587e-03  0:02:39   19

 turbulent viscosity limited to viscosity ratio of 1.000000e+05 in 5317 cells 

 Reversed flow on 548 faces of pressure-outlet 7.
   182  7.0105e-01  1.1158e-04  1.1465e-04  1.3130e-04  4.5981e-03  1.1127e-02  3.3404e-03  0:02:33   18

 turbulent viscosity limited to viscosity ratio of 1.000000e+05 in 5249 cells 

 Reversed flow on 545 faces of pressure-outlet 7.
   183  7.0155e-01  1.1175e-04  1.1481e-04  1.3129e-04  4.5739e-03  1.1131e-02  3.3222e-03  0:02:23   17

 turbulent viscosity limited to viscosity ratio of 1.000000e+05 in 5196 cells 

 Reversed flow on 544 faces of pressure-outlet 7.
   184  7.0116e-01  1.1197e-04  1.1494e-04  1.3126e-04  4.5496e-03  1.0830e-02  3.3043e-03  0:02:16   16

 turbulent viscosity limited to viscosity ratio of 1.000000e+05 in 5138 cells 

 Reversed flow on 537 faces of pressure-outlet 7.
   185  7.0172e-01  1.1217e-04  1.1508e-04  1.3122e-04  4.5298e-03  1.0998e-02  3.2865e-03  0:02:06   15

 turbulent viscosity limited to viscosity ratio of 1.000000e+05 in 5075 cells 

 Reversed flow on 538 faces of pressure-outlet 7.
   186  7.0153e-01  1.1237e-04  1.1523e-04  1.3117e-04  4.5087e-03  1.0915e-02  3.2689e-03  0:01:57   14

 turbulent viscosity limited to viscosity ratio of 1.000000e+05 in 5020 cells 

 Reversed flow on 528 faces of pressure-outlet 7.
   187  7.0149e-01  1.1257e-04  1.1537e-04  1.3111e-04  4.4911e-03  1.1114e-02  3.2514e-03  0:01:50   13

 turbulent viscosity limited to viscosity ratio of 1.000000e+05 in 4972 cells 

 Reversed flow on 530 faces of pressure-outlet 7.

  iter  continuity  x-velocity  y-velocity  z-velocity           k     epsilon  vf-phase-2     time/iter
   188  7.0154e-01  1.1270e-04  1.1554e-04  1.3105e-04  4.4794e-03  1.1915e-02  3.2341e-03  0:01:40   12

 turbulent viscosity limited to viscosity ratio of 1.000000e+05 in 4921 cells 

 Reversed flow on 524 faces of pressure-outlet 7.
   189  7.0109e-01  1.1295e-04  1.1570e-04  1.3094e-04  4.4621e-03  1.1693e-02  3.2169e-03  0:01:33   11

 turbulent viscosity limited to viscosity ratio of 1.000000e+05 in 4872 cells 

 Reversed flow on 526 faces of pressure-outlet 7.
   190  7.0081e-01  1.1320e-04  1.1584e-04  1.3079e-04  4.4436e-03  1.1704e-02  3.2000e-03  0:01:24   10

 turbulent viscosity limited to viscosity ratio of 1.000000e+05 in 4832 cells 

 Reversed flow on 529 faces of pressure-outlet 7.
   191  7.0047e-01  1.1341e-04  1.1597e-04  1.3064e-04  4.4247e-03  1.1305e-02  3.1833e-03  0:01:15    9

 turbulent viscosity limited to viscosity ratio of 1.000000e+05 in 4773 cells 

 Reversed flow on 519 faces of pressure-outlet 7.
   192  6.9984e-01  1.1357e-04  1.1606e-04  1.3048e-04  4.4098e-03  1.1563e-02  3.1668e-03  0:01:08    8

 turbulent viscosity limited to viscosity ratio of 1.000000e+05 in 4736 cells 

 Reversed flow on 522 faces of pressure-outlet 7.
   193  7.0062e-01  1.1377e-04  1.1617e-04  1.3027e-04  4.3912e-03  1.1741e-02  3.1505e-03  0:00:59    7

 turbulent viscosity limited to viscosity ratio of 1.000000e+05 in 4672 cells 

 Reversed flow on 520 faces of pressure-outlet 7.
   194  7.0047e-01  1.1393e-04  1.1624e-04  1.3005e-04  4.3735e-03  1.1905e-02  3.1343e-03  0:00:51    6

 turbulent viscosity limited to viscosity ratio of 1.000000e+05 in 4608 cells 

 Reversed flow on 516 faces of pressure-outlet 7.
   195  7.0043e-01  1.1413e-04  1.1635e-04  1.2985e-04  4.3576e-03  1.2376e-02  3.1183e-03  0:00:42    5

 turbulent viscosity limited to viscosity ratio of 1.000000e+05 in 4559 cells 

 Reversed flow on 522 faces of pressure-outlet 7.
   196  7.0013e-01  1.1436e-04  1.1641e-04  1.2960e-04  4.3384e-03  1.2477e-02  3.1024e-03  0:00:34    4

 turbulent viscosity limited to viscosity ratio of 1.000000e+05 in 4514 cells 

 Reversed flow on 525 faces of pressure-outlet 7.
   197  6.9991e-01  1.1452e-04  1.1640e-04  1.2932e-04  4.3181e-03  1.1920e-02  3.0868e-03  0:00:25    3

 turbulent viscosity limited to viscosity ratio of 1.000000e+05 in 4465 cells 

 Reversed flow on 511 faces of pressure-outlet 7.
   198  6.9978e-01  1.1466e-04  1.1639e-04  1.2905e-04  4.2971e-03  1.1725e-02  3.0713e-03  0:00:17    2

 turbulent viscosity limited to viscosity ratio of 1.000000e+05 in 4429 cells 

 Reversed flow on 502 faces of pressure-outlet 7.

  iter  continuity  x-velocity  y-velocity  z-velocity           k     epsilon  vf-phase-2     time/iter
   199  6.9932e-01  1.1485e-04  1.1638e-04  1.2872e-04  4.2759e-03  1.1662e-02  3.0561e-03  0:00:08    1

 turbulent viscosity limited to viscosity ratio of 1.000000e+05 in 4383 cells 

 Reversed flow on 504 faces of pressure-outlet 7.

Error: Invalid path: "C:\Users\qtra338\Documents\Bangma Design (swirl 0.15)\Bangma_separator_files\dp0\FFF\Fluent\" does not exist!
Error Object: #f


ERROR: Invalid path: "C:\Users\qtra338\Documents\Bangma Design (swirl 0.15)\Bangma_separator_files\dp0\FFF\Fluent\" does not exist!
Error object: #f
iterate_600: OK
progress: 600/1500


active_calculation_state: clearing stale state ['interrupt']
interrupt_stale_calculation: OK
Done.

> 
  iter  continuity  x-velocity  y-velocity  z-velocity           k     epsilon  vf-phase-2     time/iter

Error: Invalid path: "C:\Users\qtra338\Documents\Bangma Design (swirl 0.15)\Bangma_separator_files\dp0\FFF\Fluent\" does not exist!
Error Object: #f


ERROR: Invalid path: "C:\Users\qtra338\Documents\Bangma Design (swirl 0.15)\Bangma_separator_files\dp0\FFF\Fluent\" does not exist!
Error object: #f


iterate_700: OK
progress: 700/1500
active_calculation_state: clearing stale state ['interrupt']
Done.
interrupt_stale_calculation: OK

> 
  iter  continuity  x-velocity  y-velocity  z-velocity           k     epsilon  vf-phase-2     time/iter

Error: Invalid path: "C:\Users\qtra338\Documents\Bangma Design (swirl 0.15)\Bangma_separator_files\dp0\FFF\Fluent\" does not exist!
Error Object: #f


ERROR: Invalid path: "C:\Users\qtra338\Documents\Bangma Design (swirl 0.15)\Bangma_separator_files\dp0\FFF\Fluent\" does not exist!
Error object: #f
iterate_800: OK
progress: 800/1500


active_calculation_state: clearing stale state ['interrupt']
Done.
interrupt_stale_calculation: OK

> 
  iter  continuity  x-velocity  y-velocity  z-velocity           k     epsilon  vf-phase-2     time/iter

Error: Invalid path: "C:\Users\qtra338\Documents\Bangma Design (swirl 0.15)\Bangma_separator_files\dp0\FFF\Fluent\" does not exist!
Error Object: #f


ERROR: Invalid path: "C:\Users\qtra338\Documents\Bangma Design (swirl 0.15)\Bangma_separator_files\dp0\FFF\Fluent\" does not exist!
iterate_900: OK
progress: 900/1500
Error object: #f


active_calculation_state: clearing stale state ['interrupt']
Done.
interrupt_stale_calculation: OK

> 
  iter  continuity  x-velocity  y-velocity  z-velocity           k     epsilon  vf-phase-2     time/iter

Error: Invalid path: "C:\Users\qtra338\Documents\Bangma Design (swirl 0.15)\Bangma_separator_files\dp0\FFF\Fluent\" does not exist!
Error Object: #f


ERROR: Invalid path: "C:\Users\qtra338\Documents\Bangma Design (swirl 0.15)\Bangma_separator_files\dp0\FFF\Fluent\" does not exist!
Error object: #f
iterate_1000: OK
progress: 1000/1500

=== autosave_1000 ===



Writing to EN439159:"C:\Users\qtra338\Documents\enthalpy_sweep\case_3_1520_autosave_iter1000.cas.h5" in NODE0 mode and compression level 1 ...
Grouping cells for Laplace smoothing ...
     5578299 cells,     1 zone  ...
    11355491 faces,     5 zones ...
     1026091 nodes,     1 zone  ...
  Done.
Done.
write_case_autosave_1000: OK

Writing to EN439159:"C:\Users\qtra338\Documents\enthalpy_sweep\case_3_1520_autosave_iter1000.dat.h5" in NODE0 mode and compression level 1 ...
  Writing results.
Done.
write_data_autosave_1000: OK
active_calculation_state: clearing stale state ['interrupt']
interrupt_stale_calculation: OK
Done.

> 
  iter  continuity  x-velocity  y-velocity  z-velocity           k     epsilon  vf-phase-2     time/iter
   200  6.9875e-01  1.1499e-04  1.1633e-04  1.2840e-04  4.2607e-03  1.2365e-02  3.0409e-03  0:13:57  100

 turbulent viscosity limited to viscosity ratio of 1.000000e+05 in 4324 cells 

 Reversed flow on 496 faces of pressure-outlet 7.
   201  6.9744e-01  1.1509e-04  1.1628e-04  1.2805e-04  4.2423e-03  1.1946e-02  3.0258e-03  0:14:01   99

 turbulent viscosity limited to viscosity ratio of 1.000000e+05 in 4274 cells 

 Reversed flow on 495 faces of pressure-outlet 7.
   202  6.9667e-01  1.1517e-04  1.1622e-04  1.2774e-04  4.2247e-03  1.2109e-02  3.0109e-03  0:13:43   98

 turbulent viscosity limited to viscosity ratio of 1.000000e+05 in 4232 cells 

 Reversed flow on 501 faces of pressure-outlet 7.
   203  6.9572e-01  1.1530e-04  1.1615e-04  1.2744e-04  4.2086e-03  1.2413e-02  2.9962e-03  0:13:46   97

 turbulent viscosity limited to viscosity ratio of 1.000000e+05 in 4193 cells 

 Reversed flow on 510 faces of pressure-outlet 7.
   204  6.9491e-01  1.1545e-04  1.1605e-04  1.2706e-04  4.1890e-03  1.1883e-02  2.9816e-03  0:13:28   96

 turbulent viscosity limited to viscosity ratio of 1.000000e+05 in 4135 cells 

 Reversed flow on 497 faces of pressure-outlet 7.
   205  6.9423e-01  1.1550e-04  1.1598e-04  1.2673e-04  4.1728e-03  1.1762e-02  2.9671e-03  0:13:30   95

 turbulent viscosity limited to viscosity ratio of 1.000000e+05 in 4084 cells 

 Reversed flow on 504 faces of pressure-outlet 7.
   206  6.9399e-01  1.1558e-04  1.1589e-04  1.2636e-04  4.1566e-03  1.1652e-02  2.9528e-03  0:13:12   94

 turbulent viscosity limited to viscosity ratio of 1.000000e+05 in 4031 cells 

 Reversed flow on 492 faces of pressure-outlet 7.
   207  6.9377e-01  1.1564e-04  1.1582e-04  1.2605e-04  4.1426e-03  1.2143e-02  2.9386e-03  0:12:56   93

 turbulent viscosity limited to viscosity ratio of 1.000000e+05 in 3986 cells 

 Reversed flow on 504 faces of pressure-outlet 7.
   208  6.9329e-01  1.1572e-04  1.1571e-04  1.2575e-04  4.1259e-03  1.1727e-02  2.9245e-03  0:12:59   92

 turbulent viscosity limited to viscosity ratio of 1.000000e+05 in 3955 cells 

 Reversed flow on 501 faces of pressure-outlet 7.
   209  6.9316e-01  1.1577e-04  1.1563e-04  1.2549e-04  4.1091e-03  1.1297e-02  2.9106e-03  0:12:42   91

 turbulent viscosity limited to viscosity ratio of 1.000000e+05 in 3906 cells 

 Reversed flow on 493 faces of pressure-outlet 7.
   210  6.9280e-01  1.1588e-04  1.1554e-04  1.2517e-04  4.0957e-03  1.1672e-02  2.8968e-03  0:12:45   90

 turbulent viscosity limited to viscosity ratio of 1.000000e+05 in 3861 cells 

 Reversed flow on 493 faces of pressure-outlet 7.

  iter  continuity  x-velocity  y-velocity  z-velocity           k     epsilon  vf-phase-2     time/iter
   211  6.9220e-01  1.1590e-04  1.1547e-04  1.2483e-04  4.0802e-03  1.1472e-02  2.8832e-03  0:12:28   89

 turbulent viscosity limited to viscosity ratio of 1.000000e+05 in 3816 cells 

 Reversed flow on 492 faces of pressure-outlet 7.
   212  6.9099e-01  1.1591e-04  1.1542e-04  1.2457e-04  4.0650e-03  1.1421e-02  2.8696e-03  0:12:30   88

 turbulent viscosity limited to viscosity ratio of 1.000000e+05 in 3769 cells 

 Reversed flow on 490 faces of pressure-outlet 7.
   213  6.9069e-01  1.1594e-04  1.1533e-04  1.2425e-04  4.0524e-03  1.1645e-02  2.8562e-03  0:12:12   87

 turbulent viscosity limited to viscosity ratio of 1.000000e+05 in 3733 cells 

 Reversed flow on 483 faces of pressure-outlet 7.
   214  6.9101e-01  1.1594e-04  1.1533e-04  1.2398e-04  4.0394e-03  1.1822e-02  2.8428e-03  0:12:14   86

 turbulent viscosity limited to viscosity ratio of 1.000000e+05 in 3695 cells 

 Reversed flow on 490 faces of pressure-outlet 7.
   215  6.9092e-01  1.1591e-04  1.1533e-04  1.2370e-04  4.0277e-03  1.2234e-02  2.8296e-03  0:11:56   85

 turbulent viscosity limited to viscosity ratio of 1.000000e+05 in 3658 cells 

 Reversed flow on 498 faces of pressure-outlet 7.
   216  6.9142e-01  1.1592e-04  1.1532e-04  1.2346e-04  4.0174e-03  1.2714e-02  2.8165e-03  0:11:57   84

 turbulent viscosity limited to viscosity ratio of 1.000000e+05 in 3621 cells 

 Reversed flow on 496 faces of pressure-outlet 7.
   217  6.9168e-01  1.1589e-04  1.1531e-04  1.2321e-04  4.0044e-03  1.2078e-02  2.8035e-03  0:11:40   83

 turbulent viscosity limited to viscosity ratio of 1.000000e+05 in 3584 cells 

 Reversed flow on 479 faces of pressure-outlet 7.
   218  6.9227e-01  1.1588e-04  1.1533e-04  1.2293e-04  3.9928e-03  1.2362e-02  2.7906e-03  0:11:24   82

 turbulent viscosity limited to viscosity ratio of 1.000000e+05 in 3552 cells 

 Reversed flow on 473 faces of pressure-outlet 7.
   219  6.9224e-01  1.1582e-04  1.1532e-04  1.2268e-04  3.9772e-03  1.2546e-02  2.7779e-03  0:11:27   81

 turbulent viscosity limited to viscosity ratio of 1.000000e+05 in 3517 cells 

 Reversed flow on 484 faces of pressure-outlet 7.
   220  6.9106e-01  1.1577e-04  1.1535e-04  1.2249e-04  3.9658e-03  1.2488e-02  2.7653e-03  0:11:11   80

 turbulent viscosity limited to viscosity ratio of 1.000000e+05 in 3476 cells 

 Reversed flow on 481 faces of pressure-outlet 7.
   221  6.9093e-01  1.1566e-04  1.1537e-04  1.2231e-04  3.9491e-03  1.1766e-02  2.7528e-03  0:11:12   79

 turbulent viscosity limited to viscosity ratio of 1.000000e+05 in 3446 cells 

 Reversed flow on 478 faces of pressure-outlet 7.

  iter  continuity  x-velocity  y-velocity  z-velocity           k     epsilon  vf-phase-2     time/iter
   222  6.9162e-01  1.1557e-04  1.1538e-04  1.2206e-04  3.9332e-03  1.1870e-02  2.7404e-03  0:10:56   78

 turbulent viscosity limited to viscosity ratio of 1.000000e+05 in 3408 cells 

 Reversed flow on 468 faces of pressure-outlet 7.
   223  6.9115e-01  1.1552e-04  1.1545e-04  1.2183e-04  3.9226e-03  1.2425e-02  2.7282e-03  0:10:41   77

 turbulent viscosity limited to viscosity ratio of 1.000000e+05 in 3374 cells 

 Reversed flow on 467 faces of pressure-outlet 7.
   224  6.9081e-01  1.1545e-04  1.1554e-04  1.2161e-04  3.9075e-03  1.1885e-02  2.7160e-03  0:10:43   76

 turbulent viscosity limited to viscosity ratio of 1.000000e+05 in 3343 cells 

 Reversed flow on 476 faces of pressure-outlet 7.
   225  6.9060e-01  1.1537e-04  1.1555e-04  1.2147e-04  3.8908e-03  1.1847e-02  2.7041e-03  0:10:28   75

 turbulent viscosity limited to viscosity ratio of 1.000000e+05 in 3314 cells 

 Reversed flow on 472 faces of pressure-outlet 7.
   226  6.9185e-01  1.1521e-04  1.1558e-04  1.2126e-04  3.8721e-03  1.1402e-02  2.6923e-03  0:10:29   74

 turbulent viscosity limited to viscosity ratio of 1.000000e+05 in 3286 cells 

 Reversed flow on 469 faces of pressure-outlet 7.
   227  6.9192e-01  1.1510e-04  1.1564e-04  1.2108e-04  3.8579e-03  1.1053e-02  2.6806e-03  0:10:13   73

 turbulent viscosity limited to viscosity ratio of 1.000000e+05 in 3257 cells 

 Reversed flow on 466 faces of pressure-outlet 7.
   228  6.9270e-01  1.1502e-04  1.1578e-04  1.2096e-04  3.8450e-03  1.2615e-02  2.6689e-03  0:10:13   72

 turbulent viscosity limited to viscosity ratio of 1.000000e+05 in 3237 cells 

 Reversed flow on 474 faces of pressure-outlet 7.
   229  6.9358e-01  1.1496e-04  1.1588e-04  1.2082e-04  3.8271e-03  1.1960e-02  2.6573e-03  0:09:57   71

 turbulent viscosity limited to viscosity ratio of 1.000000e+05 in 3207 cells 

 Reversed flow on 468 faces of pressure-outlet 7.
   230  6.9471e-01  1.1487e-04  1.1600e-04  1.2063e-04  3.8136e-03  1.2370e-02  2.6458e-03  0:09:43   70

 turbulent viscosity limited to viscosity ratio of 1.000000e+05 in 3170 cells 

 Reversed flow on 469 faces of pressure-outlet 7.
   231  6.9713e-01  1.1479e-04  1.1607e-04  1.2047e-04  3.7976e-03  1.1761e-02  2.6344e-03  0:09:44   69

 turbulent viscosity limited to viscosity ratio of 1.000000e+05 in 3143 cells 

 Reversed flow on 470 faces of pressure-outlet 7.
   232  6.9906e-01  1.1471e-04  1.1611e-04  1.2033e-04  3.7818e-03  1.1181e-02  2.6231e-03  0:09:29   68

 turbulent viscosity limited to viscosity ratio of 1.000000e+05 in 3115 cells 

 Reversed flow on 456 faces of pressure-outlet 7.

  iter  continuity  x-velocity  y-velocity  z-velocity           k     epsilon  vf-phase-2     time/iter
   233  7.0039e-01  1.1467e-04  1.1611e-04  1.2015e-04  3.7673e-03  1.0931e-02  2.6119e-03  0:09:29   67

 turbulent viscosity limited to viscosity ratio of 1.000000e+05 in 3084 cells 

 Reversed flow on 461 faces of pressure-outlet 7.
   234  7.0246e-01  1.1469e-04  1.1613e-04  1.1995e-04  3.7547e-03  1.0523e-02  2.6008e-03  0:09:14   66

 turbulent viscosity limited to viscosity ratio of 1.000000e+05 in 3063 cells 

 Reversed flow on 451 faces of pressure-outlet 7.
   235  7.0369e-01  1.1470e-04  1.1618e-04  1.1973e-04  3.7413e-03  1.0191e-02  2.5898e-03  0:09:01   65

 turbulent viscosity limited to viscosity ratio of 1.000000e+05 in 3033 cells 

 Reversed flow on 454 faces of pressure-outlet 7.
   236  7.0485e-01  1.1466e-04  1.1614e-04  1.1955e-04  3.7284e-03  1.0305e-02  2.5788e-03  0:09:01   64

 turbulent viscosity limited to viscosity ratio of 1.000000e+05 in 3007 cells 

 Reversed flow on 452 faces of pressure-outlet 7.
   237  7.0608e-01  1.1470e-04  1.1608e-04  1.1933e-04  3.7158e-03  1.0211e-02  2.5680e-03  0:08:47   63

 turbulent viscosity limited to viscosity ratio of 1.000000e+05 in 2973 cells 

 Reversed flow on 445 faces of pressure-outlet 7.
   238  7.0711e-01  1.1464e-04  1.1598e-04  1.1912e-04  3.7100e-03  1.2800e-02  2.5572e-03  0:08:46   62

 turbulent viscosity limited to viscosity ratio of 1.000000e+05 in 2951 cells 

 Reversed flow on 450 faces of pressure-outlet 7.
   239  7.0761e-01  1.1459e-04  1.1588e-04  1.1885e-04  3.6947e-03  1.1374e-02  2.5466e-03  0:08:32   61

 turbulent viscosity limited to viscosity ratio of 1.000000e+05 in 2925 cells 

 Reversed flow on 448 faces of pressure-outlet 7.
   240  7.0783e-01  1.1458e-04  1.1578e-04  1.1854e-04  3.6811e-03  1.2368e-02  2.5360e-03  0:08:31   60

 turbulent viscosity limited to viscosity ratio of 1.000000e+05 in 2895 cells 

 Reversed flow on 441 faces of pressure-outlet 7.
   241  7.0743e-01  1.1453e-04  1.1562e-04  1.1828e-04  3.6609e-03  1.0287e-02  2.5256e-03  0:08:16   59

 turbulent viscosity limited to viscosity ratio of 1.000000e+05 in 2871 cells 

 Reversed flow on 435 faces of pressure-outlet 7.
   242  7.0706e-01  1.1445e-04  1.1546e-04  1.1803e-04  3.6480e-03  1.1129e-02  2.5152e-03  0:08:03   58

 turbulent viscosity limited to viscosity ratio of 1.000000e+05 in 2846 cells 

 Reversed flow on 435 faces of pressure-outlet 7.
   243  7.0559e-01  1.1438e-04  1.1527e-04  1.1771e-04  3.6311e-03  1.0661e-02  2.5050e-03  0:08:02   57

 turbulent viscosity limited to viscosity ratio of 1.000000e+05 in 2816 cells 

 Reversed flow on 436 faces of pressure-outlet 7.

  iter  continuity  x-velocity  y-velocity  z-velocity           k     epsilon  vf-phase-2     time/iter
   244  7.0401e-01  1.1428e-04  1.1507e-04  1.1735e-04  3.6124e-03  1.0221e-02  2.4948e-03  0:07:49   56

 turbulent viscosity limited to viscosity ratio of 1.000000e+05 in 2800 cells 

 Reversed flow on 439 faces of pressure-outlet 7.
   245  7.0299e-01  1.1416e-04  1.1486e-04  1.1702e-04  3.5980e-03  1.0220e-02  2.4847e-03  0:07:47   55

 turbulent viscosity limited to viscosity ratio of 1.000000e+05 in 2769 cells 

 Reversed flow on 437 faces of pressure-outlet 7.
   246  7.0325e-01  1.1404e-04  1.1465e-04  1.1668e-04  3.5822e-03  1.0139e-02  2.4746e-03  0:07:33   54

 turbulent viscosity limited to viscosity ratio of 1.000000e+05 in 2749 cells 

 Reversed flow on 435 faces of pressure-outlet 7.
   247  7.0251e-01  1.1393e-04  1.1447e-04  1.1637e-04  3.5700e-03  1.0846e-02  2.4646e-03  0:07:21   53

 turbulent viscosity limited to viscosity ratio of 1.000000e+05 in 2723 cells 

 Reversed flow on 442 faces of pressure-outlet 7.
   248  7.0163e-01  1.1381e-04  1.1425e-04  1.1601e-04  3.5545e-03  1.0027e-02  2.4547e-03  0:07:20   52

 turbulent viscosity limited to viscosity ratio of 1.000000e+05 in 2701 cells 

 Reversed flow on 442 faces of pressure-outlet 7.
   249  7.0074e-01  1.1365e-04  1.1407e-04  1.1563e-04  3.5412e-03  1.0111e-02  2.4449e-03  0:07:07   51

 turbulent viscosity limited to viscosity ratio of 1.000000e+05 in 2681 cells 

 Reversed flow on 442 faces of pressure-outlet 7.
   250  6.9923e-01  1.1351e-04  1.1390e-04  1.1529e-04  3.5276e-03  1.0113e-02  2.4351e-03  0:07:05   50

 turbulent viscosity limited to viscosity ratio of 1.000000e+05 in 2656 cells 

 Reversed flow on 439 faces of pressure-outlet 7.
   251  6.9809e-01  1.1334e-04  1.1372e-04  1.1494e-04  3.5137e-03  1.0660e-02  2.4254e-03  0:06:51   49

 turbulent viscosity limited to viscosity ratio of 1.000000e+05 in 2626 cells 

 Reversed flow on 442 faces of pressure-outlet 7.
   252  6.9739e-01  1.1322e-04  1.1354e-04  1.1458e-04  3.5027e-03  1.1839e-02  2.4158e-03  0:06:49   48

 turbulent viscosity limited to viscosity ratio of 1.000000e+05 in 2608 cells 

 Reversed flow on 439 faces of pressure-outlet 7.
   253  6.9715e-01  1.1299e-04  1.1336e-04  1.1421e-04  3.4940e-03  1.8079e-02  2.4063e-03  0:06:35   47

 turbulent viscosity limited to viscosity ratio of 1.000000e+05 in 2589 cells 

 Reversed flow on 438 faces of pressure-outlet 7.
   254  6.9521e-01  1.1279e-04  1.1324e-04  1.1385e-04  3.4911e-03  1.7097e-02  2.3969e-03  0:06:23   46

 turbulent viscosity limited to viscosity ratio of 1.000000e+05 in 2573 cells 

 Reversed flow on 430 faces of pressure-outlet 7.

  iter  continuity  x-velocity  y-velocity  z-velocity           k     epsilon  vf-phase-2     time/iter
   255  6.9523e-01  1.1262e-04  1.1300e-04  1.1347e-04  3.4782e-03  1.3646e-02  2.3875e-03  0:06:21   45

 turbulent viscosity limited to viscosity ratio of 1.000000e+05 in 2550 cells 

 Reversed flow on 435 faces of pressure-outlet 7.
   256  6.9262e-01  1.1239e-04  1.1283e-04  1.1311e-04  3.4542e-03  1.0452e-02  2.3783e-03  0:06:08   44

 turbulent viscosity limited to viscosity ratio of 1.000000e+05 in 2532 cells 

 Reversed flow on 435 faces of pressure-outlet 7.
   257  6.9104e-01  1.1215e-04  1.1266e-04  1.1274e-04  3.4417e-03  9.5470e-03  2.3690e-03  0:06:05   43

 turbulent viscosity limited to viscosity ratio of 1.000000e+05 in 2514 cells 

 Reversed flow on 430 faces of pressure-outlet 7.
   258  6.8989e-01  1.1189e-04  1.1249e-04  1.1242e-04  3.4317e-03  9.5523e-03  2.3599e-03  0:05:53   42

 turbulent viscosity limited to viscosity ratio of 1.000000e+05 in 2498 cells 

 Reversed flow on 434 faces of pressure-outlet 7.
   259  6.8808e-01  1.1166e-04  1.1238e-04  1.1203e-04  3.4225e-03  9.5346e-03  2.3508e-03  0:05:49   41

 turbulent viscosity limited to viscosity ratio of 1.000000e+05 in 2481 cells 

 Reversed flow on 433 faces of pressure-outlet 7.
   260  6.8735e-01  1.1138e-04  1.1228e-04  1.1168e-04  3.4118e-03  9.4855e-03  2.3418e-03  0:05:37   40

 turbulent viscosity limited to viscosity ratio of 1.000000e+05 in 2459 cells 

 Reversed flow on 442 faces of pressure-outlet 7.
   261  6.8622e-01  1.1111e-04  1.1227e-04  1.1130e-04  3.4029e-03  9.4189e-03  2.3329e-03  0:05:25   39

 turbulent viscosity limited to viscosity ratio of 1.000000e+05 in 2442 cells 

 Reversed flow on 443 faces of pressure-outlet 7.
   262  6.8533e-01  1.1085e-04  1.1223e-04  1.1094e-04  3.3945e-03  9.0451e-03  2.3240e-03  0:05:22   38

 turbulent viscosity limited to viscosity ratio of 1.000000e+05 in 2422 cells 

 Reversed flow on 436 faces of pressure-outlet 7.
   263  6.8518e-01  1.1058e-04  1.1219e-04  1.1061e-04  3.3889e-03  9.6674e-03  2.3152e-03  0:05:10   37

 turbulent viscosity limited to viscosity ratio of 1.000000e+05 in 2392 cells 

 Reversed flow on 427 faces of pressure-outlet 7.
   264  6.8375e-01  1.1030e-04  1.1226e-04  1.1029e-04  3.3816e-03  9.2220e-03  2.3065e-03  0:05:06   36

 turbulent viscosity limited to viscosity ratio of 1.000000e+05 in 2371 cells 

 Reversed flow on 438 faces of pressure-outlet 7.
   265  6.8276e-01  1.1000e-04  1.1228e-04  1.0992e-04  3.3747e-03  9.3437e-03  2.2978e-03  0:05:01   35

 turbulent viscosity limited to viscosity ratio of 1.000000e+05 in 2354 cells 

 Reversed flow on 435 faces of pressure-outlet 7.

  iter  continuity  x-velocity  y-velocity  z-velocity           k     epsilon  vf-phase-2     time/iter
   266  6.8176e-01  1.0973e-04  1.1229e-04  1.0957e-04  3.3678e-03  8.8164e-03  2.2892e-03  0:04:48   34

 turbulent viscosity limited to viscosity ratio of 1.000000e+05 in 2334 cells 

 Reversed flow on 434 faces of pressure-outlet 7.
   267  6.8125e-01  1.0948e-04  1.1230e-04  1.0923e-04  3.3653e-03  9.1573e-03  2.2807e-03  0:04:37   33

 turbulent viscosity limited to viscosity ratio of 1.000000e+05 in 2315 cells 

 Reversed flow on 435 faces of pressure-outlet 7.
   268  6.8077e-01  1.0925e-04  1.1237e-04  1.0894e-04  3.3638e-03  9.7104e-03  2.2722e-03  0:04:32   32

 turbulent viscosity limited to viscosity ratio of 1.000000e+05 in 2294 cells 

 Reversed flow on 437 faces of pressure-outlet 7.
   269  6.8022e-01  1.0904e-04  1.1243e-04  1.0867e-04  3.3629e-03  1.0008e-02  2.2638e-03  0:04:21   31

 turbulent viscosity limited to viscosity ratio of 1.000000e+05 in 2273 cells 

 Reversed flow on 431 faces of pressure-outlet 7.
   270  6.8009e-01  1.0878e-04  1.1247e-04  1.0844e-04  3.3618e-03  1.0438e-02  2.2555e-03  0:04:16   30

 turbulent viscosity limited to viscosity ratio of 1.000000e+05 in 2258 cells 

 Reversed flow on 439 faces of pressure-outlet 7.
   271  6.7905e-01  1.0853e-04  1.1258e-04  1.0819e-04  3.3596e-03  1.0215e-02  2.2472e-03  0:04:04   29

 turbulent viscosity limited to viscosity ratio of 1.000000e+05 in 2250 cells 

 Reversed flow on 436 faces of pressure-outlet 7.
   272  6.7908e-01  1.0826e-04  1.1261e-04  1.0800e-04  3.3566e-03  1.0078e-02  2.2389e-03  0:03:59   28

 turbulent viscosity limited to viscosity ratio of 1.000000e+05 in 2236 cells 

 Reversed flow on 437 faces of pressure-outlet 7.
   273  6.7785e-01  1.0803e-04  1.1271e-04  1.0780e-04  3.3550e-03  9.9364e-03  2.2307e-03  0:03:48   27

 turbulent viscosity limited to viscosity ratio of 1.000000e+05 in 2229 cells 

 Reversed flow on 444 faces of pressure-outlet 7.
   274  6.7694e-01  1.0776e-04  1.1277e-04  1.0763e-04  3.3510e-03  9.4797e-03  2.2226e-03  0:03:37   26

 turbulent viscosity limited to viscosity ratio of 1.000000e+05 in 2219 cells 

 Reversed flow on 438 faces of pressure-outlet 7.
   275  6.7661e-01  1.0749e-04  1.1283e-04  1.0743e-04  3.3520e-03  1.0295e-02  2.2145e-03  0:03:32   25

 turbulent viscosity limited to viscosity ratio of 1.000000e+05 in 2209 cells 

 Reversed flow on 439 faces of pressure-outlet 7.
   276  6.7642e-01  1.0724e-04  1.1289e-04  1.0727e-04  3.3493e-03  1.0142e-02  2.2065e-03  0:03:21   24

 turbulent viscosity limited to viscosity ratio of 1.000000e+05 in 2194 cells 

 Reversed flow on 445 faces of pressure-outlet 7.

  iter  continuity  x-velocity  y-velocity  z-velocity           k     epsilon  vf-phase-2     time/iter
   277  6.7661e-01  1.0698e-04  1.1295e-04  1.0709e-04  3.3449e-03  9.6455e-03  2.1984e-03  0:03:16   23

 turbulent viscosity limited to viscosity ratio of 1.000000e+05 in 2178 cells 

 Reversed flow on 433 faces of pressure-outlet 7.
   278  6.7679e-01  1.0671e-04  1.1301e-04  1.0693e-04  3.3479e-03  1.2790e-02  2.1905e-03  0:03:05   22

 turbulent viscosity limited to viscosity ratio of 1.000000e+05 in 2167 cells 

 Reversed flow on 438 faces of pressure-outlet 7.
   279  6.7628e-01  1.0650e-04  1.1309e-04  1.0678e-04  3.3456e-03  1.1622e-02  2.1827e-03  0:02:59   21

 turbulent viscosity limited to viscosity ratio of 1.000000e+05 in 2147 cells 

 Reversed flow on 452 faces of pressure-outlet 7.
   280  6.7597e-01  1.0630e-04  1.1317e-04  1.0665e-04  3.3443e-03  1.2199e-02  2.1749e-03  0:02:48   20

 turbulent viscosity limited to viscosity ratio of 1.000000e+05 in 2135 cells 

 Reversed flow on 456 faces of pressure-outlet 7.
   281  6.7568e-01  1.0606e-04  1.1320e-04  1.0651e-04  3.3437e-03  1.1264e-02  2.1671e-03  0:02:42   19

 turbulent viscosity limited to viscosity ratio of 1.000000e+05 in 2125 cells 

 Reversed flow on 456 faces of pressure-outlet 7.
   282  6.7582e-01  1.0584e-04  1.1323e-04  1.0636e-04  3.3365e-03  1.0253e-02  2.1594e-03  0:02:32   18

 turbulent viscosity limited to viscosity ratio of 1.000000e+05 in 2114 cells 

 Reversed flow on 464 faces of pressure-outlet 7.
   283  6.7587e-01  1.0564e-04  1.1328e-04  1.0626e-04  3.3316e-03  1.0543e-02  2.1518e-03  0:02:22   17

 turbulent viscosity limited to viscosity ratio of 1.000000e+05 in 2100 cells 

 Reversed flow on 468 faces of pressure-outlet 7.
   284  6.7539e-01  1.0545e-04  1.1333e-04  1.0619e-04  3.3249e-03  9.9217e-03  2.1442e-03  0:02:16   16

 turbulent viscosity limited to viscosity ratio of 1.000000e+05 in 2088 cells 

 Reversed flow on 468 faces of pressure-outlet 7.
   285  6.7501e-01  1.0526e-04  1.1341e-04  1.0613e-04  3.3207e-03  9.9344e-03  2.1366e-03  0:02:06   15

 turbulent viscosity limited to viscosity ratio of 1.000000e+05 in 2080 cells 

 Reversed flow on 472 faces of pressure-outlet 7.
   286  6.7487e-01  1.0506e-04  1.1350e-04  1.0606e-04  3.3138e-03  9.3771e-03  2.1292e-03  0:01:59   14

 turbulent viscosity limited to viscosity ratio of 1.000000e+05 in 2068 cells 

 Reversed flow on 470 faces of pressure-outlet 7.
   287  6.7569e-01  1.0487e-04  1.1362e-04  1.0605e-04  3.3071e-03  9.4775e-03  2.1217e-03  0:01:49   13

 turbulent viscosity limited to viscosity ratio of 1.000000e+05 in 2060 cells 

 Reversed flow on 481 faces of pressure-outlet 7.

  iter  continuity  x-velocity  y-velocity  z-velocity           k     epsilon  vf-phase-2     time/iter
   288  6.7641e-01  1.0472e-04  1.1367e-04  1.0599e-04  3.2988e-03  9.0242e-03  2.1143e-03  0:01:42   12

 turbulent viscosity limited to viscosity ratio of 1.000000e+05 in 2044 cells 

 Reversed flow on 487 faces of pressure-outlet 7.
   289  6.7657e-01  1.0452e-04  1.1372e-04  1.0592e-04  3.2908e-03  8.8433e-03  2.1069e-03  0:01:33   11

 turbulent viscosity limited to viscosity ratio of 1.000000e+05 in 2030 cells 

 Reversed flow on 485 faces of pressure-outlet 7.
   290  6.7694e-01  1.0433e-04  1.1382e-04  1.0591e-04  3.2817e-03  8.5978e-03  2.0996e-03  0:01:23   10

 turbulent viscosity limited to viscosity ratio of 1.000000e+05 in 2010 cells 

 Reversed flow on 494 faces of pressure-outlet 7.
   291  6.7699e-01  1.0421e-04  1.1384e-04  1.0590e-04  3.2743e-03  8.9404e-03  2.0924e-03  0:01:16    9

 turbulent viscosity limited to viscosity ratio of 1.000000e+05 in 1997 cells 

 Reversed flow on 498 faces of pressure-outlet 7.
   292  6.7703e-01  1.0408e-04  1.1388e-04  1.0588e-04  3.2664e-03  8.6078e-03  2.0852e-03  0:01:07    8

 turbulent viscosity limited to viscosity ratio of 1.000000e+05 in 1987 cells 

 Reversed flow on 507 faces of pressure-outlet 7.
   293  6.7644e-01  1.0392e-04  1.1393e-04  1.0582e-04  3.2599e-03  8.8674e-03  2.0781e-03  0:00:59    7

 turbulent viscosity limited to viscosity ratio of 1.000000e+05 in 1978 cells 

 Reversed flow on 514 faces of pressure-outlet 7.
   294  6.7573e-01  1.0376e-04  1.1400e-04  1.0579e-04  3.2486e-03  8.4570e-03  2.0709e-03  0:00:50    6

 turbulent viscosity limited to viscosity ratio of 1.000000e+05 in 1968 cells 

 Reversed flow on 517 faces of pressure-outlet 7.
   295  6.7604e-01  1.0356e-04  1.1403e-04  1.0578e-04  3.2422e-03  8.3301e-03  2.0639e-03  0:00:42    5

 turbulent viscosity limited to viscosity ratio of 1.000000e+05 in 1951 cells 

 Reversed flow on 507 faces of pressure-outlet 7.
   296  6.7714e-01  1.0342e-04  1.1410e-04  1.0575e-04  3.2362e-03  8.0147e-03  2.0569e-03  0:00:34    4

 turbulent viscosity limited to viscosity ratio of 1.000000e+05 in 1938 cells 

 Reversed flow on 498 faces of pressure-outlet 7.
   297  6.7700e-01  1.0330e-04  1.1423e-04  1.0575e-04  3.2333e-03  9.2219e-03  2.0499e-03  0:00:25    3

 turbulent viscosity limited to viscosity ratio of 1.000000e+05 in 1925 cells 

 Reversed flow on 510 faces of pressure-outlet 7.
   298  6.7695e-01  1.0311e-04  1.1434e-04  1.0578e-04  3.2282e-03  8.1783e-03  2.0430e-03  0:00:17    2

 turbulent viscosity limited to viscosity ratio of 1.000000e+05 in 1912 cells 

 Reversed flow on 510 faces of pressure-outlet 7.

  iter  continuity  x-velocity  y-velocity  z-velocity           k     epsilon  vf-phase-2     time/iter
   299  6.7687e-01  1.0293e-04  1.1448e-04  1.0576e-04  3.2262e-03  8.2718e-03  2.0362e-03  0:00:08    1

 turbulent viscosity limited to viscosity ratio of 1.000000e+05 in 1905 cells 

 Reversed flow on 513 faces of pressure-outlet 7.

Error: Invalid path: "C:\Users\qtra338\Documents\Bangma Design (swirl 0.15)\Bangma_separator_files\dp0\FFF\Fluent\" does not exist!
Error Object: #f


ERROR: Invalid path: "C:\Users\qtra338\Documents\Bangma Design (swirl 0.15)\Bangma_separator_files\dp0\FFF\Fluent\" does not exist!
Error object: #f
iterate_1100: OK
progress: 1100/1500


active_calculation_state: clearing stale state ['interrupt']
interrupt_stale_calculation: OK
Done.

> 
  iter  continuity  x-velocity  y-velocity  z-velocity           k     epsilon  vf-phase-2     time/iter

Error: Invalid path: "C:\Users\qtra338\Documents\Bangma Design (swirl 0.15)\Bangma_separator_files\dp0\FFF\Fluent\" does not exist!
Error Object: #f


ERROR: Invalid path: "C:\Users\qtra338\Documents\Bangma Design (swirl 0.15)\Bangma_separator_files\dp0\FFF\Fluent\" does not exist!
Error object: #f
iterate_1200: OK
progress: 1200/1500


active_calculation_state: clearing stale state ['interrupt']
Done.
interrupt_stale_calculation: OK

> 
  iter  continuity  x-velocity  y-velocity  z-velocity           k     epsilon  vf-phase-2     time/iter

Error: Invalid path: "C:\Users\qtra338\Documents\Bangma Design (swirl 0.15)\Bangma_separator_files\dp0\FFF\Fluent\" does not exist!
Error Object: #f


ERROR: Invalid path: "C:\Users\qtra338\Documents\Bangma Design (swirl 0.15)\Bangma_separator_files\dp0\FFF\Fluent\" does not exist!
Error object: #f
iterate_1300: OK
progress: 1300/1500


active_calculation_state: clearing stale state ['interrupt']
Done.
interrupt_stale_calculation: OK

> 
  iter  continuity  x-velocity  y-velocity  z-velocity           k     epsilon  vf-phase-2     time/iter

Error: Invalid path: "C:\Users\qtra338\Documents\Bangma Design (swirl 0.15)\Bangma_separator_files\dp0\FFF\Fluent\" does not exist!
Error Object: #f


ERROR: Invalid path: "C:\Users\qtra338\Documents\Bangma Design (swirl 0.15)\Bangma_separator_files\dp0\FFF\Fluent\" does not exist!
Error object: #f
iterate_1400: OK
progress: 1400/1500


active_calculation_state: clearing stale state ['interrupt']
interrupt_stale_calculation: OK
Done.

> 
  iter  continuity  x-velocity  y-velocity  z-velocity           k     epsilon  vf-phase-2     time/iter

Error: Invalid path: "C:\Users\qtra338\Documents\Bangma Design (swirl 0.15)\Bangma_separator_files\dp0\FFF\Fluent\" does not exist!
Error Object: #f


ERROR: Invalid path: "C:\Users\qtra338\Documents\Bangma Design (swirl 0.15)\Bangma_separator_files\dp0\FFF\Fluent\" does not exist!
Error object: #f
iterate_1500: OK
progress: 1500/1500

=== Run DPM Reports ===


report_call: settings_zone_summaries_per_injection_enable
settings_zone_summaries_per_injection_enable: no captured text
report_call: solve_dpm_update
/solve/dpm-update

DPM Iteration ....
number tracked = 78300, escaped = 24131, trapped = 17679, incomplete = 36490

report_call: settings_dpm_summary

 Fate                        Zone   Zone Number                  Elapsed Time (s)               Injection, Index      Injection, Index
                             Name     Id               Min        Max        Avg    Std Dev                  Min                  Max
 ----------- -------------------- ------ ------ ---------- ---------- ---------- ---------- --------------- ---- --------------- ----
 Incomplete                               36490  6.943e+01  3.077e+02  1.681e+02  7.970e+01     injection-3 5923     injection-8 4981
 Escaped             steam_outlet      7  24131  4.747e-01  5.287e+01  2.765e+00  1.777e+00     injection-0 5684     injection-3 7703
 Trapped             fluid_outlet      8  17679  1.595e-01  2.538e+00  4.344e-01  3.138e-01     injection-2 4611     injection-8  871

                                               (*)- Mass Transfer Summary -(*) 

 Fate                        Zone   Zone      Mass Flow (kg/s)
                             Name     Id    Initi
report_call: tui_dpm_summary

 Fate                        Zone   Zone Number                  Elapsed Time (s)               Injection, Index      Injection, Index
                             Name     Id               Min        Max        Avg    Std Dev                  Min                  Max
 ----------- -------------------- ------ ------ ---------- ---------- ---------- ---------- --------------- ---- --------------- ----
 Incomplete                               36490  6.943e+01  3.077e+02  1.681e+02  7.970e+01     injection-3 5923     injection-8 4981
 Escaped             steam_outlet      7  24131  4.747e-01  5.287e+01  2.765e+00  1.777e+00     injection-0 5684     injection-3 7703
 Trapped             fluid_outlet      8  17679  1.595e-01  2.538e+00  4.344e-01  3.138e-01     injection-2 4611     injection-8  871

                                               (*)- Mass Transfer Summary -(*) 

 Fate                        Zone   Zone      Mass Flow (kg/s)
                             Name     Id    Initi
report_call: tui_particle_summary
(injection-0 injection-1 injection-2 injection-3 injection-4 injection-5 injection-6 injection-7 injection-8)
The following solver settings object method could also be used to execute the above command:
<solver_session>.results.report.particle_summary(injection_names = ["injection-0", "injection-1", "injection-2", "injection-3", "injection-4", "injection-5", "injection-6", "injection-7", "injection-8"])

report_call: settings_dpm_extended_summary

 Fate                        Zone   Zone Number                  Elapsed Time (s)               Injection, Index      Injection, Index
                             Name     Id               Min        Max        Avg    Std Dev                  Min                  Max
 ----------- -------------------- ------ ------ ---------- ---------- ---------- ---------- --------------- ---- --------------- ----
 Incomplete                               36490  6.943e+01  3.077e+02  1.681e+02  7.970e+01     injection-3 5923     injection-8 4981
 Escaped             steam_outlet      7  24131  4.747e-01  5.287e+01  2.765e+00  1.777e+00     injection-0 5684     injection-3 7703
 Trapped             fluid_outlet      8  17679  1.595e-01  2.538e+00  4.344e-01  3.138e-01     injection-2 4611     injection-8  871

                                               (*)- Mass Transfer Summary -(*) 

 Fate                        Zone   Zone      Mass Flow (kg/s)
                             Name     Id    Initi
report_call: dpm_extended_summary_injection-0

Saving summary report to file: C:\\Users\\qtra338\\Documents\\enthalpy_sweep\\case_3_1520_injection-0_extended_scratch.txt

report_call: dpm_extended_summary_injection-1

Saving summary report to file: C:\\Users\\qtra338\\Documents\\enthalpy_sweep\\case_3_1520_injection-1_extended_scratch.txt

report_call: dpm_extended_summary_injection-2

Saving summary report to file: C:\\Users\\qtra338\\Documents\\enthalpy_sweep\\case_3_1520_injection-2_extended_scratch.txt

report_call: dpm_extended_summary_injection-3

Saving summary report to file: C:\\Users\\qtra338\\Documents\\enthalpy_sweep\\case_3_1520_injection-3_extended_scratch.txt

report_call: dpm_extended_summary_injection-4

Saving summary report to file: C:\\Users\\qtra338\\Documents\\enthalpy_sweep\\case_3_1520_injection-4_extended_scratch.txt

report_call: dpm_extended_summary_injection-5

Saving summary report to file: C:\\Users\\qtra338\\Documents\\enthalpy_sweep\\case_3_1520_injection-5_extended_scratch.txt

report_call: dpm_extended_summary_injection-6

Saving summary report to file: C:\\Users\\qtra338\\Documents\\enthalpy_sweep\\case_3_1520_injection-6_extended_scratch.txt

report_call: dpm_extended_summary_injection-7

Saving summary report to file: C:\\Users\\qtra338\\Documents\\enthalpy_sweep\\case_3_1520_injection-7_extended_scratch.txt

report_call: dpm_extended_summary_injection-8

Saving summary report to file: C:\\Users\\qtra338\\Documents\\enthalpy_sweep\\case_3_1520_injection-8_extended_scratch.txt


=== final ===

Writing to EN439159:"C:\Users\qtra338\Documents\enthalpy_sweep\case_3_1520_1500.cas.h5" in NODE0 mode and compression level 1 ...
Grouping cells for Laplace smoothing ...
     5578299 cells,     1 zone  ...
    11355491 faces,     5 zones ...
     1026091 nodes,     1 zone  ...
  Done.
Done.
write_case_final: OK

Writing to EN439159:"C:\Users\qtra338\Documents\enthalpy_sweep\case_3_1520_1500.dat.h5" in NODE0 mode and compression level 1 ...
  Writing results.
Done.
write_data_final: OK

=== Run Case 4 / 1600 ===

=== Load Base Case ===
Note: Rank = 0: Process affinity not being set (6).
Note: Rank = 1: Process affinity not being set (6).
Note: Rank = 2: Process affinity not being set (6).
Note: Rank = 3: Process affinity not being set (6).
Note: Rank = 4: Process affinity not being set (6).
Note: Rank = 5: Process affinity not being set (6).
Note: Rank = 6: Process affinity not being set (6).
Note: Rank = 7: Process affinity not being set (6).
Note: Rank = 8: Process affinity not being set (6).
Note: Rank = 9: Process affinity not being set (6).

       Clearing partially read grid.

Reading from EN439159:"C:\Users\qtra338\Documents\baseline.cas.h5" in NODE0 mode ...
  Reading mesh ...
     5578299 cells,     1 cell zone  ...
        5578299 tetrahedral cells,  zone id: 3
    11355491 faces,     5 face zones ...
         374376 triangular wall faces,  zone id: 1
       10957705 triangular interior faces,  zone id: 2
           8700 triangular mass-flow-inlet faces,  zone id: 6
           5435 triangular pressure-outlet faces,  zone id: 7
           9275 triangular wall faces,  zone id: 8
     1026091 nodes,     1 node zone  ...
  Done.


Building...
     mesh
	distributing mesh
		parts..........,
		faces..........,
		nodes..........,
		cells..........,
        bandwidth reduction using Reverse Cuthill-McKee: 558580/15010 = 37.2139
     materials,
     interface,
     domains,
	mixture
	phase-1
	phase-2
	interaction
     zones,
	fluid  (phase-2)
	interior-fluid  (phase-2)
	fluid  (phase-1)
	interior-fluid  (phase-1)
	wall-fluid  (phase-1)
	wall-fluid  (phase-2)
	inlet  (phase-1)
	inlet  (phase-2)
	steam_outlet  (phase-1)
	steam_outlet  (phase-2)
	fluid_outlet  (phase-1)
	fluid_outlet  (phase-2)
	interior-fluid
	wall-fluid
	inlet
	steam_outlet
	fluid_outlet
	fluid
     parallel,
Done.
read_base_case: OK

=== Set Inlet Phase Mass Flows ===
set_inlet_phase_mass_flows: OK
{
  "mixture": {
    "momentum": {
      "reference_frame": "Absolute",
      "supersonic_gauge_pressure": {
        "option": "value",
        "value": 1140000
      },
      "direction_specification": "Normal to Boundary"
    },
    "turbulence": {
      "turbulence_specification": "Intensity and Hydraulic Diameter",
      "turbulent_intensity": 0.02152499951888,
      "hydraulic_diameter": 0.7240000000000001
    },
    "dpm": {
      "discrete_phase_bc_type": "escape"
    },
    "multiphase": {}
  },
  "phase-1": {
    "momentum": {
      "mass_flow_specification": "Mass Flow Rate",
      "mass_flow_rate": {
        "option": "value",
        "value": 80.69
      }
    },
    "turbulence": {},
    "dpm": {},
    "multiphase": {}
  },
  "phase-2": {
    "momentum": {
      "mass_flow_specification": "Mass Flow Rate",
      "mass_flow_rate": {
        "option": "value",
        "value": 116.92
      }
    },
    "turbulence": {},
    "dpm": {},
    "multiphase": {}
  }
}

=== Set DPM Injections ===
DPM velocity mode: face-normal
injection-0_particle_type: OK
injection-0_material: OK
injection-0_injection_type_surface: OK
injection-0_location: OK
injection-0_mass_flow_rate: OK
injection-0_use_face_normal_direction: OK
injection-0_velocity_magnitude: OK
injection-0_particle_size: OK
injection-1_particle_type: OK
injection-1_material: OK
injection-1_injection_type_surface: OK
injection-1_location: OK
injection-1_mass_flow_rate: OK
injection-1_use_face_normal_direction: OK
injection-1_velocity_magnitude: OK
injection-1_particle_size: OK
injection-2_particle_type: OK
injection-2_material: OK
injection-2_injection_type_surface: OK
injection-2_location: OK
injection-2_mass_flow_rate: OK
injection-2_use_face_normal_direction: OK
injection-2_velocity_magnitude: OK
injection-2_particle_size: OK
injection-3_particle_type: OK
injection-3_material: OK
injection-3_injection_type_surface: OK
injection-3_location: OK
injection-3_mass_flow_rate: OK
injection-3_use_face_normal_direction: OK
injection-3_velocity_magnitude: OK
injection-3_particle_size: OK
injection-4_particle_type: OK
injection-4_material: OK
injection-4_injection_type_surface: OK
injection-4_location: OK
injection-4_mass_flow_rate: OK
injection-4_use_face_normal_direction: OK
injection-4_velocity_magnitude: OK
injection-4_particle_size: OK
injection-5_particle_type: OK
injection-5_material: OK
injection-5_injection_type_surface: OK
injection-5_location: OK
injection-5_mass_flow_rate: OK
injection-5_use_face_normal_direction: OK
injection-5_velocity_magnitude: OK
injection-5_particle_size: OK
injection-6_particle_type: OK
injection-6_material: OK
injection-6_injection_type_surface: OK
injection-6_location: OK
injection-6_mass_flow_rate: OK
injection-6_use_face_normal_direction: OK
injection-6_velocity_magnitude: OK
injection-6_particle_size: OK
injection-7_particle_type: OK
injection-7_material: OK
injection-7_injection_type_surface: OK
injection-7_location: OK
injection-7_mass_flow_rate: OK
injection-7_use_face_normal_direction: OK
injection-7_velocity_magnitude: OK
injection-7_particle_size: OK
injection-8_particle_type: OK
injection-8_material: OK
injection-8_injection_type_surface: OK
injection-8_location: OK
injection-8_mass_flow_rate: OK
injection-8_use_face_normal_direction: OK
injection-8_velocity_magnitude: OK
injection-8_particle_size: OK
initialize: SKIPPED because case reports 1000 existing iterations

=== Run Iterations ===
active_calculation_state: clearing stale state ['interrupt']
Done.
interrupt_stale_calculation: OK

> 
Initialize using the hybrid initialization method.

Checking case topology... 
-This case has both inlets & outlets 
-Pressure information is not available at the boundaries.
 Case will be initialized with constant pressure

	iter		scalar-0

	1		1.000000e+00
	2		2.902463e-04
	3		5.344461e-05
	4		1.945017e-05
	5		6.037563e-06
	6		2.150747e-06
	7		7.443881e-07
	8		2.662060e-07
	9		9.551195e-08
	10		3.578380e-08

Hybrid initialization is done.

  iter  continuity  x-velocity  y-velocity  z-velocity           k     epsilon  vf-phase-2     time/iter

 turbulent viscosity limited to viscosity ratio of 1.000000e+05 in 468 cells 
     1  1.0000e+00  1.0456e-03  1.4520e-03  1.1210e-03  8.7851e+01  3.0038e+06  1.3260e-01  0:18:09   99

 turbulent viscosity limited to viscosity ratio of 1.000000e+05 in 1817 cells 
     2  1.0000e+00  6.9782e-04  9.2568e-04  7.2933e-04  1.5904e-01  2.7850e-01  6.0066e-01  0:17:19   98

 turbulent viscosity limited to viscosity ratio of 1.000000e+05 in 1767 cells 

 Reversed flow on 30 faces of pressure-outlet 7.
     3  1.0000e+00  4.7111e-04  6.4447e-04  4.7739e-04  1.4579e-01  1.1643e+00  3.0032e-01  0:16:37   97

 turbulent viscosity limited to viscosity ratio of 1.000000e+05 in 1228 cells 

 Reversed flow on 179 faces of pressure-outlet 7.
     4  6.7977e-01  3.6239e-04  5.0724e-04  3.6948e-04  1.3125e-01  5.5813e-01  2.0021e-01  0:15:43   96

 turbulent viscosity limited to viscosity ratio of 1.000000e+05 in 757 cells 

 Reversed flow on 315 faces of pressure-outlet 7.
     5  7.0641e-01  3.5168e-04  4.5074e-04  3.6473e-04  1.2182e-01  4.0099e-01  1.5015e-01  0:15:18   95

 turbulent viscosity limited to viscosity ratio of 1.000000e+05 in 456 cells 

 Reversed flow on 411 faces of pressure-outlet 7.
     6  5.1513e-01  3.0207e-04  3.7719e-04  3.1673e-04  9.6779e-02  3.1053e-01  1.2012e-01  0:14:37   94

 turbulent viscosity limited to viscosity ratio of 1.000000e+05 in 295 cells 

 Reversed flow on 524 faces of pressure-outlet 7.
     7  5.0126e-01  2.8617e-04  3.3423e-04  3.0364e-04  8.0935e-02  7.5792e-01  1.0010e-01  0:14:21   93

 turbulent viscosity limited to viscosity ratio of 1.000000e+05 in 232 cells 

 Reversed flow on 612 faces of pressure-outlet 7.
     8  3.9589e-01  2.5744e-04  2.8491e-04  2.7833e-04  7.4858e-02  8.8900e-01  8.5805e-02  0:13:49   92

 turbulent viscosity limited to viscosity ratio of 1.000000e+05 in 221 cells 

 Reversed flow on 637 faces of pressure-outlet 7.
     9  3.5173e-01  2.4163e-04  2.5277e-04  2.6491e-04  6.6146e-02  4.9050e-01  7.5081e-02  0:13:40   91

 turbulent viscosity limited to viscosity ratio of 1.000000e+05 in 245 cells 

 Reversed flow on 651 faces of pressure-outlet 7.
    10  3.8396e-01  2.3723e-04  2.3691e-04  2.6150e-04  5.9606e-02  3.8166e-01  6.6741e-02  0:13:13   90

 turbulent viscosity limited to viscosity ratio of 1.000000e+05 in 258 cells 

 Reversed flow on 652 faces of pressure-outlet 7.
    11  3.1850e-01  2.2151e-04  2.1140e-04  2.4604e-04  4.9766e-02  3.0332e-01  6.0072e-02  0:13:07   89

 turbulent viscosity limited to viscosity ratio of 1.000000e+05 in 288 cells 

 Reversed flow on 640 faces of pressure-outlet 7.

  iter  continuity  x-velocity  y-velocity  z-velocity           k     epsilon  vf-phase-2     time/iter
    12  3.0858e-01  2.1391e-04  1.9586e-04  2.3966e-04  4.0650e-02  2.5734e-01  5.4614e-02  0:12:43   88

 turbulent viscosity limited to viscosity ratio of 1.000000e+05 in 328 cells 

 Reversed flow on 635 faces of pressure-outlet 7.
    13  2.8281e-01  2.0501e-04  1.8248e-04  2.3232e-04  3.4336e-02  2.1814e-01  5.0063e-02  0:12:40   87

 turbulent viscosity limited to viscosity ratio of 1.000000e+05 in 389 cells 

 Reversed flow on 622 faces of pressure-outlet 7.
    14  3.3971e-01  2.0679e-04  1.7872e-04  2.3694e-04  2.9484e-02  1.7675e-01  4.6213e-02  0:12:19   86

 turbulent viscosity limited to viscosity ratio of 1.000000e+05 in 465 cells 

 Reversed flow on 627 faces of pressure-outlet 7.
    15  2.9179e-01  1.9738e-04  1.6631e-04  2.2928e-04  2.6094e-02  1.4819e-01  4.2913e-02  0:12:17   85

 turbulent viscosity limited to viscosity ratio of 1.000000e+05 in 560 cells 

 Reversed flow on 630 faces of pressure-outlet 7.
    16  3.2799e-01  1.9648e-04  1.6510e-04  2.2779e-04  2.2890e-02  1.1361e-01  4.0054e-02  0:11:57   84

 turbulent viscosity limited to viscosity ratio of 1.000000e+05 in 701 cells 

 Reversed flow on 644 faces of pressure-outlet 7.
    17  2.8991e-01  1.8821e-04  1.5627e-04  2.2207e-04  2.0277e-02  9.0730e-02  3.7552e-02  0:11:56   83

 turbulent viscosity limited to viscosity ratio of 1.000000e+05 in 837 cells 

 Reversed flow on 652 faces of pressure-outlet 7.
    18  2.9531e-01  1.8802e-04  1.5530e-04  2.2331e-04  1.8375e-02  9.4851e-02  3.5345e-02  0:11:37   82

 turbulent viscosity limited to viscosity ratio of 1.000000e+05 in 1005 cells 

 Reversed flow on 662 faces of pressure-outlet 7.
    19  3.1209e-01  1.8883e-04  1.5559e-04  2.2794e-04  1.6873e-02  8.0250e-02  3.3383e-02  0:11:37   81

 turbulent viscosity limited to viscosity ratio of 1.000000e+05 in 1209 cells 

 Reversed flow on 674 faces of pressure-outlet 7.
    20  2.9784e-01  1.8403e-04  1.5008e-04  2.2576e-04  1.5585e-02  7.5088e-02  3.1628e-02  0:11:19   80

 turbulent viscosity limited to viscosity ratio of 1.000000e+05 in 1443 cells 

 Reversed flow on 680 faces of pressure-outlet 7.
    21  3.3821e-01  1.8908e-04  1.5614e-04  2.3393e-04  1.4421e-02  6.0307e-02  3.0047e-02  0:11:18   79

 turbulent viscosity limited to viscosity ratio of 1.000000e+05 in 1724 cells 

 Reversed flow on 701 faces of pressure-outlet 7.
    22  3.1556e-01  1.8470e-04  1.5110e-04  2.3254e-04  1.3495e-02  5.2158e-02  2.8618e-02  0:11:01   78

 turbulent viscosity limited to viscosity ratio of 1.000000e+05 in 2000 cells 

 Reversed flow on 708 faces of pressure-outlet 7.

  iter  continuity  x-velocity  y-velocity  z-velocity           k     epsilon  vf-phase-2     time/iter
    23  3.3334e-01  1.8864e-04  1.5543e-04  2.3724e-04  1.2748e-02  4.7233e-02  2.7319e-02  0:11:00   77

 turbulent viscosity limited to viscosity ratio of 1.000000e+05 in 2269 cells 

 Reversed flow on 702 faces of pressure-outlet 7.
    24  3.7316e-01  1.9298e-04  1.6065e-04  2.4575e-04  1.2043e-02  4.3429e-02  2.6132e-02  0:10:43   76

 turbulent viscosity limited to viscosity ratio of 1.000000e+05 in 2558 cells 

 Reversed flow on 712 faces of pressure-outlet 7.
    25  3.4435e-01  1.9106e-04  1.5812e-04  2.4639e-04  1.1469e-02  3.9320e-02  2.5045e-02  0:10:43   75

 turbulent viscosity limited to viscosity ratio of 1.000000e+05 in 2909 cells 

 Reversed flow on 715 faces of pressure-outlet 7.
    26  3.8586e-01  1.9657e-04  1.6543e-04  2.5570e-04  1.0952e-02  3.6935e-02  2.4044e-02  0:10:26   74

 turbulent viscosity limited to viscosity ratio of 1.000000e+05 in 3180 cells 

 Reversed flow on 710 faces of pressure-outlet 7.
    27  3.6510e-01  1.9553e-04  1.6460e-04  2.5906e-04  1.0506e-02  3.4118e-02  2.3121e-02  0:10:25   73

 turbulent viscosity limited to viscosity ratio of 1.000000e+05 in 3548 cells 

 Reversed flow on 715 faces of pressure-outlet 7.
    28  4.5232e-01  2.0296e-04  1.7712e-04  2.7193e-04  1.0045e-02  3.1918e-02  2.2266e-02  0:10:08   72

 turbulent viscosity limited to viscosity ratio of 1.000000e+05 in 3878 cells 

 Reversed flow on 715 faces of pressure-outlet 7.
    29  3.9943e-01  1.9991e-04  1.7316e-04  2.7221e-04  9.6807e-03  2.9216e-02  2.1471e-02  0:10:08   71

 turbulent viscosity limited to viscosity ratio of 1.000000e+05 in 4276 cells 

 Reversed flow on 712 faces of pressure-outlet 7.
    30  4.1703e-01  2.0234e-04  1.7866e-04  2.7664e-04  9.3794e-03  2.7964e-02  2.0732e-02  0:09:51   70

 turbulent viscosity limited to viscosity ratio of 1.000000e+05 in 4626 cells 

 Reversed flow on 721 faces of pressure-outlet 7.
    31  4.5784e-01  2.0451e-04  1.8353e-04  2.8266e-04  9.0652e-03  2.6099e-02  2.0042e-02  0:09:51   69

 turbulent viscosity limited to viscosity ratio of 1.000000e+05 in 4954 cells 

 Reversed flow on 725 faces of pressure-outlet 7.
    32  4.2789e-01  2.0190e-04  1.8163e-04  2.8419e-04  8.8001e-03  2.4551e-02  1.9397e-02  0:09:48   68

 turbulent viscosity limited to viscosity ratio of 1.000000e+05 in 5275 cells 

 Reversed flow on 723 faces of pressure-outlet 7.
    33  4.7210e-01  2.0378e-04  1.8944e-04  2.8799e-04  8.5360e-03  2.3198e-02  1.8792e-02  0:09:31   67

 turbulent viscosity limited to viscosity ratio of 1.000000e+05 in 5614 cells 

 Reversed flow on 710 faces of pressure-outlet 7.

  iter  continuity  x-velocity  y-velocity  z-velocity           k     epsilon  vf-phase-2     time/iter
    34  4.4351e-01  1.9914e-04  1.8619e-04  2.8551e-04  8.3082e-03  2.2473e-02  1.8223e-02  0:09:29   66

 turbulent viscosity limited to viscosity ratio of 1.000000e+05 in 5972 cells 

 Reversed flow on 711 faces of pressure-outlet 7.
    35  4.9097e-01  1.9903e-04  1.9387e-04  2.8610e-04  8.1004e-03  2.1557e-02  1.7688e-02  0:09:12   65

 turbulent viscosity limited to viscosity ratio of 1.000000e+05 in 6294 cells 

 Reversed flow on 720 faces of pressure-outlet 7.
    36  4.5803e-01  1.9402e-04  1.9043e-04  2.8225e-04  7.8982e-03  2.0627e-02  1.7184e-02  0:09:10   64

 turbulent viscosity limited to viscosity ratio of 1.000000e+05 in 6644 cells 

 Reversed flow on 718 faces of pressure-outlet 7.
    37  4.9935e-01  1.9334e-04  1.9633e-04  2.7991e-04  7.7188e-03  1.9731e-02  1.6707e-02  0:08:54   63

 turbulent viscosity limited to viscosity ratio of 1.000000e+05 in 6953 cells 

 Reversed flow on 720 faces of pressure-outlet 7.
    38  4.6289e-01  1.8752e-04  1.9282e-04  2.7447e-04  7.5694e-03  1.8675e-02  1.6257e-02  0:08:52   62

 turbulent viscosity limited to viscosity ratio of 1.000000e+05 in 7279 cells 

 Reversed flow on 705 faces of pressure-outlet 7.
    39  4.7784e-01  1.8439e-04  1.9499e-04  2.7008e-04  7.4358e-03  1.8031e-02  1.5830e-02  0:08:36   61

 turbulent viscosity limited to viscosity ratio of 1.000000e+05 in 7599 cells 

 Reversed flow on 711 faces of pressure-outlet 7.
    40  4.7703e-01  1.8109e-04  1.9519e-04  2.6500e-04  7.3364e-03  1.7338e-02  1.5425e-02  0:08:34   60

 turbulent viscosity limited to viscosity ratio of 1.000000e+05 in 8012 cells 

 Reversed flow on 705 faces of pressure-outlet 7.
    41  4.6619e-01  1.7680e-04  1.9436e-04  2.6133e-04  7.2624e-03  1.7430e-02  1.5040e-02  0:08:19   59

 turbulent viscosity limited to viscosity ratio of 1.000000e+05 in 8386 cells 

 Reversed flow on 711 faces of pressure-outlet 7.
    42  4.6945e-01  1.7291e-04  1.9345e-04  2.5725e-04  7.2055e-03  1.7315e-02  1.4674e-02  0:08:17   58

 turbulent viscosity limited to viscosity ratio of 1.000000e+05 in 8761 cells 

 Reversed flow on 725 faces of pressure-outlet 7.
    43  4.6711e-01  1.6884e-04  1.9212e-04  2.5352e-04  7.1672e-03  1.7432e-02  1.4325e-02  0:08:02   57

 turbulent viscosity limited to viscosity ratio of 1.000000e+05 in 9127 cells 

 Reversed flow on 713 faces of pressure-outlet 7.
    44  4.6657e-01  1.6510e-04  1.9111e-04  2.4876e-04  7.1539e-03  1.7683e-02  1.3992e-02  0:07:59   56

 turbulent viscosity limited to viscosity ratio of 1.000000e+05 in 9431 cells 

 Reversed flow on 707 faces of pressure-outlet 7.

  iter  continuity  x-velocity  y-velocity  z-velocity           k     epsilon  vf-phase-2     time/iter
    45  4.6373e-01  1.6114e-04  1.9009e-04  2.4389e-04  7.1547e-03  1.7694e-02  1.3675e-02  0:07:45   55

 turbulent viscosity limited to viscosity ratio of 1.000000e+05 in 9752 cells 

 Reversed flow on 709 faces of pressure-outlet 7.
    46  4.6964e-01  1.5746e-04  1.8886e-04  2.3892e-04  7.1717e-03  1.8372e-02  1.3372e-02  0:07:42   54

 turbulent viscosity limited to viscosity ratio of 1.000000e+05 in 10089 cells 

 Reversed flow on 706 faces of pressure-outlet 7.
    47  4.6854e-01  1.5408e-04  1.8759e-04  2.3409e-04  7.1850e-03  1.8551e-02  1.3082e-02  0:07:28   53

 turbulent viscosity limited to viscosity ratio of 1.000000e+05 in 10394 cells 

 Reversed flow on 705 faces of pressure-outlet 7.
    48  4.6783e-01  1.5114e-04  1.8676e-04  2.2936e-04  7.2117e-03  1.9145e-02  1.2804e-02  0:07:25   52

 turbulent viscosity limited to viscosity ratio of 1.000000e+05 in 10745 cells 

 Reversed flow on 714 faces of pressure-outlet 7.
    49  4.6755e-01  1.4844e-04  1.8585e-04  2.2523e-04  7.2294e-03  1.9161e-02  1.2538e-02  0:07:11   51

 turbulent viscosity limited to viscosity ratio of 1.000000e+05 in 11017 cells 

 Reversed flow on 706 faces of pressure-outlet 7.
    50  4.6887e-01  1.4620e-04  1.8499e-04  2.2108e-04  7.2584e-03  1.9878e-02  1.2282e-02  0:07:08   50

 turbulent viscosity limited to viscosity ratio of 1.000000e+05 in 11328 cells 

 Reversed flow on 711 faces of pressure-outlet 7.
    51  4.7122e-01  1.4444e-04  1.8424e-04  2.1746e-04  7.2688e-03  1.9336e-02  1.2037e-02  0:06:54   49

 turbulent viscosity limited to viscosity ratio of 1.000000e+05 in 11636 cells 

 Reversed flow on 714 faces of pressure-outlet 7.
    52  4.7445e-01  1.4314e-04  1.8360e-04  2.1392e-04  7.2823e-03  1.9870e-02  1.1801e-02  0:06:51   48

 turbulent viscosity limited to viscosity ratio of 1.000000e+05 in 11902 cells 

 Reversed flow on 703 faces of pressure-outlet 7.
    53  4.7596e-01  1.4217e-04  1.8320e-04  2.1103e-04  7.2857e-03  1.9735e-02  1.1575e-02  0:06:37   47

 turbulent viscosity limited to viscosity ratio of 1.000000e+05 in 12171 cells 

 Reversed flow on 711 faces of pressure-outlet 7.
    54  4.8122e-01  1.4136e-04  1.8291e-04  2.0809e-04  7.2863e-03  1.9643e-02  1.1357e-02  0:06:34   46

 turbulent viscosity limited to viscosity ratio of 1.000000e+05 in 12469 cells 

 Reversed flow on 715 faces of pressure-outlet 7.
    55  4.8285e-01  1.4021e-04  1.8169e-04  2.0568e-04  7.2821e-03  1.8688e-02  1.1147e-02  0:06:20   45

 turbulent viscosity limited to viscosity ratio of 1.000000e+05 in 12729 cells 

 Reversed flow on 717 faces of pressure-outlet 7.

  iter  continuity  x-velocity  y-velocity  z-velocity           k     epsilon  vf-phase-2     time/iter
    56  5.1140e-01  1.4163e-04  1.8294e-04  2.0142e-04  7.2677e-03  1.7930e-02  1.0945e-02  0:06:16   44

 turbulent viscosity limited to viscosity ratio of 1.000000e+05 in 12999 cells 

 Reversed flow on 709 faces of pressure-outlet 7.
    57  5.0112e-01  1.4029e-04  1.8155e-04  1.9985e-04  7.2624e-03  1.7667e-02  1.0749e-02  0:06:03   43

 turbulent viscosity limited to viscosity ratio of 1.000000e+05 in 13187 cells 

 Reversed flow on 710 faces of pressure-outlet 7.
    58  5.2350e-01  1.4133e-04  1.8246e-04  1.9659e-04  7.2551e-03  1.7757e-02  1.0561e-02  0:05:51   42

 turbulent viscosity limited to viscosity ratio of 1.000000e+05 in 13404 cells 

 Reversed flow on 718 faces of pressure-outlet 7.
    59  5.1692e-01  1.4062e-04  1.8131e-04  1.9563e-04  7.2479e-03  1.6602e-02  1.0379e-02  0:05:48   41

 turbulent viscosity limited to viscosity ratio of 1.000000e+05 in 13602 cells 

 Reversed flow on 710 faces of pressure-outlet 7.
    60  5.4197e-01  1.4206e-04  1.8239e-04  1.9278e-04  7.2345e-03  1.5657e-02  1.0204e-02  0:05:36   40

 turbulent viscosity limited to viscosity ratio of 1.000000e+05 in 13834 cells 

 Reversed flow on 716 faces of pressure-outlet 7.
    61  5.3748e-01  1.4130e-04  1.8127e-04  1.9204e-04  7.2404e-03  1.5909e-02  1.0034e-02  0:05:32   39

 turbulent viscosity limited to viscosity ratio of 1.000000e+05 in 14080 cells 

 Reversed flow on 708 faces of pressure-outlet 7.
    62  5.6137e-01  1.4280e-04  1.8233e-04  1.8962e-04  7.2396e-03  1.5263e-02  9.8698e-03  0:05:20   38

 turbulent viscosity limited to viscosity ratio of 1.000000e+05 in 14240 cells 

 Reversed flow on 706 faces of pressure-outlet 7.
    63  5.5577e-01  1.4227e-04  1.8099e-04  1.8907e-04  7.2529e-03  1.5532e-02  9.7108e-03  0:05:15   37

 turbulent viscosity limited to viscosity ratio of 1.000000e+05 in 14311 cells 

 Reversed flow on 715 faces of pressure-outlet 7.
    64  5.8034e-01  1.4373e-04  1.8163e-04  1.8700e-04  7.2600e-03  1.4476e-02  9.5569e-03  0:05:03   36

 turbulent viscosity limited to viscosity ratio of 1.000000e+05 in 14440 cells 

 Reversed flow on 707 faces of pressure-outlet 7.
    65  5.7519e-01  1.4359e-04  1.8031e-04  1.8648e-04  7.2811e-03  1.4665e-02  9.4078e-03  0:04:59   35

 turbulent viscosity limited to viscosity ratio of 1.000000e+05 in 14538 cells 

 Reversed flow on 715 faces of pressure-outlet 7.
    66  6.0003e-01  1.4545e-04  1.8108e-04  1.8441e-04  7.3063e-03  1.4916e-02  9.2633e-03  0:04:47   34

 turbulent viscosity limited to viscosity ratio of 1.000000e+05 in 14617 cells 

 Reversed flow on 728 faces of pressure-outlet 7.

  iter  continuity  x-velocity  y-velocity  z-velocity           k     epsilon  vf-phase-2     time/iter
    67  5.9494e-01  1.4561e-04  1.7983e-04  1.8419e-04  7.3393e-03  1.4506e-02  9.1232e-03  0:04:42   33

 turbulent viscosity limited to viscosity ratio of 1.000000e+05 in 14757 cells 

 Reversed flow on 733 faces of pressure-outlet 7.
    68  6.2038e-01  1.4738e-04  1.8065e-04  1.8247e-04  7.3692e-03  1.4228e-02  8.9872e-03  0:04:30   32

 turbulent viscosity limited to viscosity ratio of 1.000000e+05 in 14764 cells 

 Reversed flow on 714 faces of pressure-outlet 7.
    69  6.1681e-01  1.4743e-04  1.7932e-04  1.8249e-04  7.4082e-03  1.4172e-02  8.8553e-03  0:04:25   31

 turbulent viscosity limited to viscosity ratio of 1.000000e+05 in 14803 cells 

 Reversed flow on 718 faces of pressure-outlet 7.
    70  6.4045e-01  1.4925e-04  1.8014e-04  1.8115e-04  7.4550e-03  1.4744e-02  8.7272e-03  0:04:13   30

 turbulent viscosity limited to viscosity ratio of 1.000000e+05 in 14832 cells 

 Reversed flow on 714 faces of pressure-outlet 7.
    71  6.3628e-01  1.4962e-04  1.7912e-04  1.8104e-04  7.5001e-03  1.5086e-02  8.6027e-03  0:04:08   29

 turbulent viscosity limited to viscosity ratio of 1.000000e+05 in 14869 cells 

 Reversed flow on 717 faces of pressure-outlet 7.
    72  6.5994e-01  1.5132e-04  1.8009e-04  1.7983e-04  7.5416e-03  1.5267e-02  8.4818e-03  0:03:56   28

 turbulent viscosity limited to viscosity ratio of 1.000000e+05 in 14933 cells 

 Reversed flow on 723 faces of pressure-outlet 7.
    73  6.5668e-01  1.5168e-04  1.7919e-04  1.7963e-04  7.5872e-03  1.5519e-02  8.3642e-03  0:03:51   27

 turbulent viscosity limited to viscosity ratio of 1.000000e+05 in 14966 cells 

 Reversed flow on 726 faces of pressure-outlet 7.
    74  6.7948e-01  1.5340e-04  1.8012e-04  1.7869e-04  7.6263e-03  1.6136e-02  8.2498e-03  0:03:39   26

 turbulent viscosity limited to viscosity ratio of 1.000000e+05 in 14952 cells 

 Reversed flow on 717 faces of pressure-outlet 7.
    75  6.7472e-01  1.5382e-04  1.7925e-04  1.7857e-04  7.6669e-03  1.6675e-02  8.1385e-03  0:03:34   25

 turbulent viscosity limited to viscosity ratio of 1.000000e+05 in 14923 cells 

 Reversed flow on 720 faces of pressure-outlet 7.
    76  6.9411e-01  1.5553e-04  1.8044e-04  1.7761e-04  7.7023e-03  1.6863e-02  8.0302e-03  0:03:23   24

 turbulent viscosity limited to viscosity ratio of 1.000000e+05 in 14877 cells 

 Reversed flow on 722 faces of pressure-outlet 7.
    77  6.8920e-01  1.5575e-04  1.7962e-04  1.7749e-04  7.7261e-03  1.7009e-02  7.9247e-03  0:03:17   23

 turbulent viscosity limited to viscosity ratio of 1.000000e+05 in 14859 cells 

 Reversed flow on 718 faces of pressure-outlet 7.

  iter  continuity  x-velocity  y-velocity  z-velocity           k     epsilon  vf-phase-2     time/iter
    78  7.0744e-01  1.5731e-04  1.8043e-04  1.7689e-04  7.7556e-03  1.7260e-02  7.8219e-03  0:03:06   22

 turbulent viscosity limited to viscosity ratio of 1.000000e+05 in 14829 cells 

 Reversed flow on 727 faces of pressure-outlet 7.
    79  7.0235e-01  1.5740e-04  1.7980e-04  1.7677e-04  7.7830e-03  1.7229e-02  7.7218e-03  0:03:00   21

 turbulent viscosity limited to viscosity ratio of 1.000000e+05 in 14807 cells 

 Reversed flow on 729 faces of pressure-outlet 7.
    80  7.1831e-01  1.5865e-04  1.8030e-04  1.7629e-04  7.8111e-03  1.7397e-02  7.6242e-03  0:02:49   20

 turbulent viscosity limited to viscosity ratio of 1.000000e+05 in 14755 cells 

 Reversed flow on 722 faces of pressure-outlet 7.
    81  7.1200e-01  1.5856e-04  1.7958e-04  1.7595e-04  7.8360e-03  1.7527e-02  7.5291e-03  0:02:39   19

 turbulent viscosity limited to viscosity ratio of 1.000000e+05 in 14714 cells 

 Reversed flow on 721 faces of pressure-outlet 7.
    82  7.2676e-01  1.5948e-04  1.7995e-04  1.7545e-04  7.8712e-03  1.7632e-02  7.4363e-03  0:02:33   18

 turbulent viscosity limited to viscosity ratio of 1.000000e+05 in 14664 cells 

 Reversed flow on 718 faces of pressure-outlet 7.
    83  7.2066e-01  1.5920e-04  1.7911e-04  1.7535e-04  7.8999e-03  1.7583e-02  7.3458e-03  0:02:23   17

 turbulent viscosity limited to viscosity ratio of 1.000000e+05 in 14630 cells 

 Reversed flow on 723 faces of pressure-outlet 7.
    84  7.2895e-01  1.5938e-04  1.7853e-04  1.7537e-04  7.9358e-03  1.7882e-02  7.2574e-03  0:02:16   16

 turbulent viscosity limited to viscosity ratio of 1.000000e+05 in 14576 cells 

 Reversed flow on 716 faces of pressure-outlet 7.
    85  7.4692e-01  1.6055e-04  1.7904e-04  1.7571e-04  7.9799e-03  1.7946e-02  7.1711e-03  0:02:06   15

 turbulent viscosity limited to viscosity ratio of 1.000000e+05 in 14527 cells 

 Reversed flow on 721 faces of pressure-outlet 7.
    86  7.3702e-01  1.5996e-04  1.7796e-04  1.7535e-04  8.0367e-03  1.8401e-02  7.0869e-03  0:01:57   14

 turbulent viscosity limited to viscosity ratio of 1.000000e+05 in 14452 cells 

 Reversed flow on 709 faces of pressure-outlet 7.
    87  7.4387e-01  1.5992e-04  1.7711e-04  1.7545e-04  8.0897e-03  1.8300e-02  7.0047e-03  0:01:50   13

 turbulent viscosity limited to viscosity ratio of 1.000000e+05 in 14382 cells 

 Reversed flow on 719 faces of pressure-outlet 7.
    88  7.5753e-01  1.6103e-04  1.7704e-04  1.7586e-04  8.1352e-03  1.8135e-02  6.9244e-03  0:01:40   12

 turbulent viscosity limited to viscosity ratio of 1.000000e+05 in 14288 cells 

 Reversed flow on 709 faces of pressure-outlet 7.

  iter  continuity  x-velocity  y-velocity  z-velocity           k     epsilon  vf-phase-2     time/iter
    89  7.5156e-01  1.6039e-04  1.7595e-04  1.7566e-04  8.1801e-03  1.8286e-02  6.8459e-03  0:01:33   11

 turbulent viscosity limited to viscosity ratio of 1.000000e+05 in 14235 cells 

 Reversed flow on 720 faces of pressure-outlet 7.
    90  7.5977e-01  1.6031e-04  1.7500e-04  1.7582e-04  8.2164e-03  1.8413e-02  6.7691e-03  0:01:24   10

 turbulent viscosity limited to viscosity ratio of 1.000000e+05 in 14151 cells 

 Reversed flow on 713 faces of pressure-outlet 7.
    91  7.6754e-01  1.6046e-04  1.7436e-04  1.7586e-04  8.2456e-03  1.8682e-02  6.6941e-03  0:01:15    9

 turbulent viscosity limited to viscosity ratio of 1.000000e+05 in 14069 cells 

 Reversed flow on 719 faces of pressure-outlet 7.
    92  7.7090e-01  1.6078e-04  1.7365e-04  1.7587e-04  8.2530e-03  1.8549e-02  6.6207e-03  0:01:08    8

 turbulent viscosity limited to viscosity ratio of 1.000000e+05 in 14018 cells 

 Reversed flow on 723 faces of pressure-outlet 7.
    93  7.7661e-01  1.6096e-04  1.7285e-04  1.7580e-04  8.2553e-03  1.8490e-02  6.5489e-03  0:00:59    7

 turbulent viscosity limited to viscosity ratio of 1.000000e+05 in 13912 cells 

 Reversed flow on 719 faces of pressure-outlet 7.
    94  7.8248e-01  1.6113e-04  1.7204e-04  1.7588e-04  8.2491e-03  1.8329e-02  6.4787e-03  0:00:51    6

 turbulent viscosity limited to viscosity ratio of 1.000000e+05 in 13808 cells 

 Reversed flow on 719 faces of pressure-outlet 7.
    95  7.8776e-01  1.6121e-04  1.7113e-04  1.7595e-04  8.2392e-03  1.8409e-02  6.4099e-03  0:00:42    5

 turbulent viscosity limited to viscosity ratio of 1.000000e+05 in 13716 cells 

 Reversed flow on 708 faces of pressure-outlet 7.
    96  7.9237e-01  1.6135e-04  1.7006e-04  1.7605e-04  8.2257e-03  1.8294e-02  6.3425e-03  0:00:34    4

 turbulent viscosity limited to viscosity ratio of 1.000000e+05 in 13622 cells 

 Reversed flow on 699 faces of pressure-outlet 7.
    97  7.9662e-01  1.6150e-04  1.6916e-04  1.7587e-04  8.2057e-03  1.8140e-02  6.2766e-03  0:00:25    3

 turbulent viscosity limited to viscosity ratio of 1.000000e+05 in 13540 cells 

 Reversed flow on 702 faces of pressure-outlet 7.
    98  8.0067e-01  1.6154e-04  1.6818e-04  1.7576e-04  8.1749e-03  1.7886e-02  6.2121e-03  0:00:17    2

 turbulent viscosity limited to viscosity ratio of 1.000000e+05 in 13457 cells 

 Reversed flow on 711 faces of pressure-outlet 7.
    99  8.0496e-01  1.6146e-04  1.6712e-04  1.7572e-04  8.1452e-03  1.7851e-02  6.1488e-03  0:00:08    1

 turbulent viscosity limited to viscosity ratio of 1.000000e+05 in 13357 cells 

 Reversed flow on 710 faces of pressure-outlet 7.

  iter  continuity  x-velocity  y-velocity  z-velocity           k     epsilon  vf-phase-2     time/iter

Error: Invalid path: "C:\Users\qtra338\Documents\Bangma Design (swirl 0.15)\Bangma_separator_files\dp0\FFF\Fluent\" does not exist!
Error Object: #f


ERROR: Invalid path: "C:\Users\qtra338\Documents\Bangma Design (swirl 0.15)\Bangma_separator_files\dp0\FFF\Fluent\" does not exist!
iterate_100: OK
progress: 100/1500
Error object: #f


active_calculation_state: clearing stale state ['interrupt']
Done.
interrupt_stale_calculation: OK

> 
  iter  continuity  x-velocity  y-velocity  z-velocity           k     epsilon  vf-phase-2     time/iter

Error: Invalid path: "C:\Users\qtra338\Documents\Bangma Design (swirl 0.15)\Bangma_separator_files\dp0\FFF\Fluent\" does not exist!
Error Object: #f


ERROR: Invalid path: "C:\Users\qtra338\Documents\Bangma Design (swirl 0.15)\Bangma_separator_files\dp0\FFF\Fluent\" does not exist!
iterate_200: OK
progress: 200/1500
Error object: #f


active_calculation_state: clearing stale state ['interrupt']
interrupt_stale_calculation: OK
Done.

> 
  iter  continuity  x-velocity  y-velocity  z-velocity           k     epsilon  vf-phase-2     time/iter

Error: Invalid path: "C:\Users\qtra338\Documents\Bangma Design (swirl 0.15)\Bangma_separator_files\dp0\FFF\Fluent\" does not exist!
Error Object: #f


ERROR: Invalid path: "C:\Users\qtra338\Documents\Bangma Design (swirl 0.15)\Bangma_separator_files\dp0\FFF\Fluent\" does not exist!
Error object: #f
iterate_300: OK
progress: 300/1500


active_calculation_state: clearing stale state ['interrupt']
interrupt_stale_calculation: OK
Done.

> 
  iter  continuity  x-velocity  y-velocity  z-velocity           k     epsilon  vf-phase-2     time/iter

Error: Invalid path: "C:\Users\qtra338\Documents\Bangma Design (swirl 0.15)\Bangma_separator_files\dp0\FFF\Fluent\" does not exist!
Error Object: #f


ERROR: Invalid path: "C:\Users\qtra338\Documents\Bangma Design (swirl 0.15)\Bangma_separator_files\dp0\FFF\Fluent\" does not exist!
Error object: #f

iterate_400: OK

progress: 400/1500
active_calculation_state: clearing stale state ['interrupt']
Done.
interrupt_stale_calculation: OK

> 
  iter  continuity  x-velocity  y-velocity  z-velocity           k     epsilon  vf-phase-2     time/iter

Error: Invalid path: "C:\Users\qtra338\Documents\Bangma Design (swirl 0.15)\Bangma_separator_files\dp0\FFF\Fluent\" does not exist!
Error Object: #f


ERROR: Invalid path: "C:\Users\qtra338\Documents\Bangma Design (swirl 0.15)\Bangma_separator_files\dp0\FFF\Fluent\" does not exist!
iterate_500: OK
progress: 500/1500

=== autosave_500 ===
Error object: #f



Writing to EN439159:"C:\Users\qtra338\Documents\enthalpy_sweep\case_4_1600_autosave_iter500.cas.h5" in NODE0 mode and compression level 1 ...
Grouping cells for Laplace smoothing ...
     5578299 cells,     1 zone  ...
    11355491 faces,     5 zones ...
     1026091 nodes,     1 zone  ...
  Done.
Done.
write_case_autosave_500: OK

Writing to EN439159:"C:\Users\qtra338\Documents\enthalpy_sweep\case_4_1600_autosave_iter500.dat.h5" in NODE0 mode and compression level 1 ...
  Writing results.
Done.
write_data_autosave_500: OK
active_calculation_state: clearing stale state ['interrupt']
Done.
interrupt_stale_calculation: OK

> 
  iter  continuity  x-velocity  y-velocity  z-velocity           k     epsilon  vf-phase-2     time/iter
   100  8.1036e-01  1.6134e-04  1.6606e-04  1.7561e-04  8.1051e-03  1.7426e-02  6.0868e-03  0:13:57  100

 turbulent viscosity limited to viscosity ratio of 1.000000e+05 in 13277 cells 

 Reversed flow on 702 faces of pressure-outlet 7.
   101  8.1447e-01  1.6113e-04  1.6495e-04  1.7546e-04  8.0592e-03  1.7285e-02  6.0261e-03  0:14:01   99

 turbulent viscosity limited to viscosity ratio of 1.000000e+05 in 13181 cells 

 Reversed flow on 714 faces of pressure-outlet 7.
   102  8.1708e-01  1.6083e-04  1.6383e-04  1.7513e-04  8.0047e-03  1.6935e-02  5.9666e-03  0:13:43   98

 turbulent viscosity limited to viscosity ratio of 1.000000e+05 in 13070 cells 

 Reversed flow on 702 faces of pressure-outlet 7.
   103  8.1881e-01  1.6036e-04  1.6260e-04  1.7479e-04  7.9507e-03  1.6664e-02  5.9082e-03  0:13:46   97

 turbulent viscosity limited to viscosity ratio of 1.000000e+05 in 12975 cells 

 Reversed flow on 704 faces of pressure-outlet 7.
   104  8.1975e-01  1.5985e-04  1.6156e-04  1.7432e-04  7.8801e-03  1.6272e-02  5.8510e-03  0:13:28   96

 turbulent viscosity limited to viscosity ratio of 1.000000e+05 in 12878 cells 

 Reversed flow on 701 faces of pressure-outlet 7.
   105  8.2103e-01  1.5908e-04  1.6046e-04  1.7385e-04  7.8125e-03  1.5915e-02  5.7948e-03  0:13:11   95

 turbulent viscosity limited to viscosity ratio of 1.000000e+05 in 12768 cells 

 Reversed flow on 695 faces of pressure-outlet 7.
   106  8.2316e-01  1.5842e-04  1.5951e-04  1.7343e-04  7.7375e-03  1.5446e-02  5.7398e-03  0:13:16   94

 turbulent viscosity limited to viscosity ratio of 1.000000e+05 in 12660 cells 

 Reversed flow on 700 faces of pressure-outlet 7.
   107  8.2491e-01  1.5759e-04  1.5843e-04  1.7281e-04  7.6680e-03  1.5153e-02  5.6858e-03  0:12:59   93

 turbulent viscosity limited to viscosity ratio of 1.000000e+05 in 12566 cells 

 Reversed flow on 692 faces of pressure-outlet 7.
   108  8.2348e-01  1.5675e-04  1.5730e-04  1.7199e-04  7.6041e-03  1.4837e-02  5.6329e-03  0:13:02   92

 turbulent viscosity limited to viscosity ratio of 1.000000e+05 in 12469 cells 

 Reversed flow on 679 faces of pressure-outlet 7.
   109  8.2106e-01  1.5583e-04  1.5620e-04  1.7123e-04  7.5411e-03  1.4580e-02  5.5809e-03  0:12:44   91

 turbulent viscosity limited to viscosity ratio of 1.000000e+05 in 12342 cells 

 Reversed flow on 681 faces of pressure-outlet 7.
   110  8.1732e-01  1.5497e-04  1.5505e-04  1.7045e-04  7.4768e-03  1.4361e-02  5.5299e-03  0:12:47   90

 turbulent viscosity limited to viscosity ratio of 1.000000e+05 in 12217 cells 

 Reversed flow on 679 faces of pressure-outlet 7.

  iter  continuity  x-velocity  y-velocity  z-velocity           k     epsilon  vf-phase-2     time/iter
   111  8.1424e-01  1.5394e-04  1.5394e-04  1.6967e-04  7.4169e-03  1.4226e-02  5.4798e-03  0:12:29   89

 turbulent viscosity limited to viscosity ratio of 1.000000e+05 in 12106 cells 

 Reversed flow on 689 faces of pressure-outlet 7.
   112  8.1004e-01  1.5302e-04  1.5283e-04  1.6876e-04  7.3584e-03  1.4064e-02  5.4306e-03  0:12:13   88

 turbulent viscosity limited to viscosity ratio of 1.000000e+05 in 11996 cells 

 Reversed flow on 679 faces of pressure-outlet 7.
   113  8.0612e-01  1.5206e-04  1.5170e-04  1.6777e-04  7.3039e-03  1.3903e-02  5.3822e-03  0:12:16   87

 turbulent viscosity limited to viscosity ratio of 1.000000e+05 in 11890 cells 

 Reversed flow on 679 faces of pressure-outlet 7.
   114  8.0195e-01  1.5111e-04  1.5071e-04  1.6692e-04  7.2663e-03  1.3784e-02  5.3348e-03  0:12:00   86

 turbulent viscosity limited to viscosity ratio of 1.000000e+05 in 11772 cells 

 Reversed flow on 676 faces of pressure-outlet 7.
   115  7.9775e-01  1.5009e-04  1.4977e-04  1.6598e-04  7.2437e-03  1.3816e-02  5.2881e-03  0:12:02   85

 turbulent viscosity limited to viscosity ratio of 1.000000e+05 in 11685 cells 

 Reversed flow on 679 faces of pressure-outlet 7.
   116  7.9120e-01  1.4908e-04  1.4889e-04  1.6503e-04  7.2330e-03  1.3795e-02  5.2423e-03  0:11:45   84

 turbulent viscosity limited to viscosity ratio of 1.000000e+05 in 11569 cells 

 Reversed flow on 678 faces of pressure-outlet 7.
   117  7.8507e-01  1.4817e-04  1.4788e-04  1.6409e-04  7.2270e-03  1.3878e-02  5.1973e-03  0:11:47   83

 turbulent viscosity limited to viscosity ratio of 1.000000e+05 in 11459 cells 

 Reversed flow on 689 faces of pressure-outlet 7.
   118  7.7967e-01  1.4733e-04  1.4690e-04  1.6316e-04  7.2271e-03  1.4012e-02  5.1530e-03  0:11:30   82

 turbulent viscosity limited to viscosity ratio of 1.000000e+05 in 11345 cells 

 Reversed flow on 671 faces of pressure-outlet 7.
   119  7.7361e-01  1.4639e-04  1.4592e-04  1.6223e-04  7.2222e-03  1.4079e-02  5.1095e-03  0:11:15   81

 turbulent viscosity limited to viscosity ratio of 1.000000e+05 in 11243 cells 

 Reversed flow on 673 faces of pressure-outlet 7.
   120  7.6707e-01  1.4555e-04  1.4491e-04  1.6130e-04  7.2131e-03  1.4140e-02  5.0667e-03  0:11:17   80

 turbulent viscosity limited to viscosity ratio of 1.000000e+05 in 11121 cells 

 Reversed flow on 677 faces of pressure-outlet 7.
   121  7.6001e-01  1.4465e-04  1.4392e-04  1.6033e-04  7.1964e-03  1.4143e-02  5.0247e-03  0:11:01   79

 turbulent viscosity limited to viscosity ratio of 1.000000e+05 in 11015 cells 

 Reversed flow on 675 faces of pressure-outlet 7.

  iter  continuity  x-velocity  y-velocity  z-velocity           k     epsilon  vf-phase-2     time/iter
   122  7.5467e-01  1.4380e-04  1.4291e-04  1.5935e-04  7.1727e-03  1.4117e-02  4.9833e-03  0:11:03   78

 turbulent viscosity limited to viscosity ratio of 1.000000e+05 in 10882 cells 

 Reversed flow on 678 faces of pressure-outlet 7.
   123  7.4905e-01  1.4294e-04  1.4189e-04  1.5852e-04  7.1434e-03  1.4143e-02  4.9427e-03  0:10:47   77

 turbulent viscosity limited to viscosity ratio of 1.000000e+05 in 10792 cells 

 Reversed flow on 674 faces of pressure-outlet 7.
   124  7.4379e-01  1.4205e-04  1.4092e-04  1.5768e-04  7.1066e-03  1.4056e-02  4.9026e-03  0:10:32   76

 turbulent viscosity limited to viscosity ratio of 1.000000e+05 in 10668 cells 

 Reversed flow on 670 faces of pressure-outlet 7.
   125  7.3814e-01  1.4113e-04  1.3988e-04  1.5678e-04  7.0602e-03  1.4063e-02  4.8633e-03  0:10:34   75

 turbulent viscosity limited to viscosity ratio of 1.000000e+05 in 10555 cells 

 Reversed flow on 685 faces of pressure-outlet 7.
   126  7.3401e-01  1.4019e-04  1.3894e-04  1.5603e-04  7.0114e-03  1.4048e-02  4.8245e-03  0:10:19   74

 turbulent viscosity limited to viscosity ratio of 1.000000e+05 in 10449 cells 

 Reversed flow on 676 faces of pressure-outlet 7.
   127  7.2891e-01  1.3917e-04  1.3807e-04  1.5522e-04  6.9567e-03  1.3925e-02  4.7864e-03  0:10:20   73

 turbulent viscosity limited to viscosity ratio of 1.000000e+05 in 10317 cells 

 Reversed flow on 671 faces of pressure-outlet 7.
   128  7.2339e-01  1.3814e-04  1.3713e-04  1.5449e-04  6.8975e-03  1.3840e-02  4.7489e-03  0:10:04   72

 turbulent viscosity limited to viscosity ratio of 1.000000e+05 in 10235 cells 

 Reversed flow on 665 faces of pressure-outlet 7.
   129  7.1835e-01  1.3713e-04  1.3623e-04  1.5373e-04  6.8352e-03  1.3629e-02  4.7119e-03  0:10:05   71

 turbulent viscosity limited to viscosity ratio of 1.000000e+05 in 10128 cells 

 Reversed flow on 655 faces of pressure-outlet 7.
   130  7.1471e-01  1.3606e-04  1.3533e-04  1.5296e-04  6.7754e-03  1.3450e-02  4.6756e-03  0:09:49   70

 turbulent viscosity limited to viscosity ratio of 1.000000e+05 in 10041 cells 

 Reversed flow on 666 faces of pressure-outlet 7.
   131  7.1000e-01  1.3497e-04  1.3441e-04  1.5228e-04  6.7152e-03  1.3256e-02  4.6398e-03  0:09:35   69

 turbulent viscosity limited to viscosity ratio of 1.000000e+05 in 9947 cells 

 Reversed flow on 673 faces of pressure-outlet 7.
   132  7.0547e-01  1.3396e-04  1.3345e-04  1.5163e-04  6.6535e-03  1.3170e-02  4.6045e-03  0:09:36   68

 turbulent viscosity limited to viscosity ratio of 1.000000e+05 in 9860 cells 

 Reversed flow on 670 faces of pressure-outlet 7.

  iter  continuity  x-velocity  y-velocity  z-velocity           k     epsilon  vf-phase-2     time/iter
   133  7.0101e-01  1.3293e-04  1.3258e-04  1.5098e-04  6.5938e-03  1.2982e-02  4.5698e-03  0:09:21   67

 turbulent viscosity limited to viscosity ratio of 1.000000e+05 in 9764 cells 

 Reversed flow on 670 faces of pressure-outlet 7.
   134  6.9704e-01  1.3193e-04  1.3171e-04  1.5036e-04  6.5364e-03  1.2828e-02  4.5355e-03  0:09:21   66

 turbulent viscosity limited to viscosity ratio of 1.000000e+05 in 9660 cells 

 Reversed flow on 665 faces of pressure-outlet 7.
   135  6.9292e-01  1.3094e-04  1.3085e-04  1.4980e-04  6.4811e-03  1.2675e-02  4.5018e-03  0:09:06   65

 turbulent viscosity limited to viscosity ratio of 1.000000e+05 in 9545 cells 

 Reversed flow on 666 faces of pressure-outlet 7.
   136  6.8869e-01  1.3000e-04  1.3010e-04  1.4919e-04  6.4290e-03  1.2734e-02  4.4686e-03  0:09:05   64

 turbulent viscosity limited to viscosity ratio of 1.000000e+05 in 9430 cells 

 Reversed flow on 664 faces of pressure-outlet 7.
   137  6.8465e-01  1.2900e-04  1.2936e-04  1.4860e-04  6.3790e-03  1.2558e-02  4.4359e-03  0:08:50   63

 turbulent viscosity limited to viscosity ratio of 1.000000e+05 in 9318 cells 

 Reversed flow on 659 faces of pressure-outlet 7.
   138  6.8083e-01  1.2806e-04  1.2872e-04  1.4800e-04  6.3325e-03  1.2425e-02  4.4037e-03  0:08:49   62

 turbulent viscosity limited to viscosity ratio of 1.000000e+05 in 9206 cells 

 Reversed flow on 662 faces of pressure-outlet 7.
   139  6.7893e-01  1.2716e-04  1.2808e-04  1.4744e-04  6.2848e-03  1.2382e-02  4.3720e-03  0:08:34   61

 turbulent viscosity limited to viscosity ratio of 1.000000e+05 in 9096 cells 

 Reversed flow on 660 faces of pressure-outlet 7.
   140  6.7579e-01  1.2632e-04  1.2754e-04  1.4689e-04  6.2366e-03  1.2198e-02  4.3407e-03  0:08:32   60

 turbulent viscosity limited to viscosity ratio of 1.000000e+05 in 8989 cells 

 Reversed flow on 645 faces of pressure-outlet 7.
   141  6.7243e-01  1.2548e-04  1.2701e-04  1.4636e-04  6.1901e-03  1.2210e-02  4.3099e-03  0:08:17   59

 turbulent viscosity limited to viscosity ratio of 1.000000e+05 in 8888 cells 

 Reversed flow on 641 faces of pressure-outlet 7.
   142  6.6988e-01  1.2468e-04  1.2645e-04  1.4585e-04  6.1443e-03  1.2138e-02  4.2796e-03  0:08:16   58

 turbulent viscosity limited to viscosity ratio of 1.000000e+05 in 8774 cells 

 Reversed flow on 651 faces of pressure-outlet 7.
   143  6.6794e-01  1.2389e-04  1.2594e-04  1.4536e-04  6.0997e-03  1.2205e-02  4.2497e-03  0:08:01   57

 turbulent viscosity limited to viscosity ratio of 1.000000e+05 in 8679 cells 

 Reversed flow on 655 faces of pressure-outlet 7.

  iter  continuity  x-velocity  y-velocity  z-velocity           k     epsilon  vf-phase-2     time/iter
   144  6.6636e-01  1.2325e-04  1.2542e-04  1.4483e-04  6.0565e-03  1.2117e-02  4.2201e-03  0:07:48   56

 turbulent viscosity limited to viscosity ratio of 1.000000e+05 in 8601 cells 

 Reversed flow on 639 faces of pressure-outlet 7.
   145  6.6416e-01  1.2263e-04  1.2487e-04  1.4434e-04  6.0103e-03  1.1949e-02  4.1910e-03  0:07:46   55

 turbulent viscosity limited to viscosity ratio of 1.000000e+05 in 8497 cells 

 Reversed flow on 638 faces of pressure-outlet 7.
   146  6.6074e-01  1.2201e-04  1.2439e-04  1.4372e-04  5.9640e-03  1.1872e-02  4.1623e-03  0:07:33   54

 turbulent viscosity limited to viscosity ratio of 1.000000e+05 in 8405 cells 

 Reversed flow on 638 faces of pressure-outlet 7.
   147  6.5673e-01  1.2146e-04  1.2390e-04  1.4315e-04  5.9179e-03  1.1725e-02  4.1340e-03  0:07:31   53

 turbulent viscosity limited to viscosity ratio of 1.000000e+05 in 8303 cells 

 Reversed flow on 632 faces of pressure-outlet 7.
   148  6.5351e-01  1.2089e-04  1.2343e-04  1.4262e-04  5.8748e-03  1.1894e-02  4.1060e-03  0:07:17   52

 turbulent viscosity limited to viscosity ratio of 1.000000e+05 in 8205 cells 

 Reversed flow on 630 faces of pressure-outlet 7.
   149  6.5093e-01  1.2034e-04  1.2298e-04  1.4204e-04  5.8295e-03  1.1554e-02  4.0785e-03  0:07:05   51

 turbulent viscosity limited to viscosity ratio of 1.000000e+05 in 8104 cells 

 Reversed flow on 624 faces of pressure-outlet 7.
   150  6.4956e-01  1.1985e-04  1.2255e-04  1.4143e-04  5.7826e-03  1.1481e-02  4.0512e-03  0:07:03   50

 turbulent viscosity limited to viscosity ratio of 1.000000e+05 in 8008 cells 

 Reversed flow on 620 faces of pressure-outlet 7.
   151  6.4754e-01  1.1934e-04  1.2213e-04  1.4086e-04  5.7368e-03  1.1589e-02  4.0244e-03  0:06:50   49

 turbulent viscosity limited to viscosity ratio of 1.000000e+05 in 7917 cells 

 Reversed flow on 622 faces of pressure-outlet 7.
   152  6.4558e-01  1.1882e-04  1.2170e-04  1.4027e-04  5.6896e-03  1.1347e-02  3.9979e-03  0:06:48   48

 turbulent viscosity limited to viscosity ratio of 1.000000e+05 in 7827 cells 

 Reversed flow on 621 faces of pressure-outlet 7.
   153  6.4402e-01  1.1835e-04  1.2132e-04  1.3968e-04  5.6427e-03  1.1297e-02  3.9717e-03  0:06:35   47

 turbulent viscosity limited to viscosity ratio of 1.000000e+05 in 7737 cells 

 Reversed flow on 618 faces of pressure-outlet 7.
   154  6.4248e-01  1.1798e-04  1.2099e-04  1.3912e-04  5.5977e-03  1.1237e-02  3.9459e-03  0:06:23   46

 turbulent viscosity limited to viscosity ratio of 1.000000e+05 in 7667 cells 

 Reversed flow on 612 faces of pressure-outlet 7.

  iter  continuity  x-velocity  y-velocity  z-velocity           k     epsilon  vf-phase-2     time/iter
   155  6.4094e-01  1.1757e-04  1.2066e-04  1.3866e-04  5.5537e-03  1.1222e-02  3.9205e-03  0:06:20   45

 turbulent viscosity limited to viscosity ratio of 1.000000e+05 in 7563 cells 

 Reversed flow on 612 faces of pressure-outlet 7.
   156  6.4021e-01  1.1719e-04  1.2034e-04  1.3823e-04  5.5087e-03  1.1472e-02  3.8954e-03  0:06:08   44

 turbulent viscosity limited to viscosity ratio of 1.000000e+05 in 7452 cells 

 Reversed flow on 614 faces of pressure-outlet 7.
   157  6.3908e-01  1.1677e-04  1.2010e-04  1.3779e-04  5.4590e-03  1.1176e-02  3.8706e-03  0:06:05   43

 turbulent viscosity limited to viscosity ratio of 1.000000e+05 in 7355 cells 

 Reversed flow on 604 faces of pressure-outlet 7.
   158  6.3852e-01  1.1636e-04  1.1987e-04  1.3740e-04  5.4107e-03  1.1298e-02  3.8461e-03  0:05:52   42

 turbulent viscosity limited to viscosity ratio of 1.000000e+05 in 7263 cells 

 Reversed flow on 612 faces of pressure-outlet 7.
   159  6.3751e-01  1.1597e-04  1.1969e-04  1.3704e-04  5.3619e-03  1.1020e-02  3.8220e-03  0:05:49   41

 turbulent viscosity limited to viscosity ratio of 1.000000e+05 in 7176 cells 

 Reversed flow on 599 faces of pressure-outlet 7.
   160  6.3605e-01  1.1554e-04  1.1950e-04  1.3680e-04  5.3166e-03  1.1026e-02  3.7981e-03  0:05:36   40

 turbulent viscosity limited to viscosity ratio of 1.000000e+05 in 7082 cells 

 Reversed flow on 595 faces of pressure-outlet 7.
   161  6.3398e-01  1.1523e-04  1.1927e-04  1.3658e-04  5.2752e-03  1.1165e-02  3.7746e-03  0:05:25   39

 turbulent viscosity limited to viscosity ratio of 1.000000e+05 in 7003 cells 

 Reversed flow on 592 faces of pressure-outlet 7.
   162  6.3255e-01  1.1485e-04  1.1904e-04  1.3640e-04  5.2357e-03  1.0986e-02  3.7513e-03  0:05:22   38

 turbulent viscosity limited to viscosity ratio of 1.000000e+05 in 6916 cells 

 Reversed flow on 585 faces of pressure-outlet 7.
   163  6.3193e-01  1.1452e-04  1.1884e-04  1.3619e-04  5.1998e-03  1.1075e-02  3.7283e-03  0:05:10   37

 turbulent viscosity limited to viscosity ratio of 1.000000e+05 in 6836 cells 

 Reversed flow on 596 faces of pressure-outlet 7.
   164  6.3174e-01  1.1424e-04  1.1866e-04  1.3601e-04  5.1652e-03  1.0901e-02  3.7056e-03  0:05:06   36

 turbulent viscosity limited to viscosity ratio of 1.000000e+05 in 6775 cells 

 Reversed flow on 585 faces of pressure-outlet 7.
   165  6.3089e-01  1.1399e-04  1.1851e-04  1.3593e-04  5.1303e-03  1.0814e-02  3.6833e-03  0:05:01   35

 turbulent viscosity limited to viscosity ratio of 1.000000e+05 in 6691 cells 

 Reversed flow on 569 faces of pressure-outlet 7.

  iter  continuity  x-velocity  y-velocity  z-velocity           k     epsilon  vf-phase-2     time/iter
   166  6.3068e-01  1.1376e-04  1.1831e-04  1.3588e-04  5.1021e-03  1.0987e-02  3.6611e-03  0:04:48   34

 turbulent viscosity limited to viscosity ratio of 1.000000e+05 in 6618 cells 

 Reversed flow on 575 faces of pressure-outlet 7.
   167  6.3043e-01  1.1356e-04  1.1811e-04  1.3582e-04  5.0714e-03  1.0846e-02  3.6393e-03  0:04:37   33

 turbulent viscosity limited to viscosity ratio of 1.000000e+05 in 6539 cells 

 Reversed flow on 585 faces of pressure-outlet 7.
   168  6.3036e-01  1.1341e-04  1.1795e-04  1.3574e-04  5.0421e-03  1.0888e-02  3.6177e-03  0:04:32   32

 turbulent viscosity limited to viscosity ratio of 1.000000e+05 in 6456 cells 

 Reversed flow on 576 faces of pressure-outlet 7.
   169  6.3142e-01  1.1333e-04  1.1782e-04  1.3568e-04  5.0154e-03  1.1010e-02  3.5964e-03  0:04:21   31

 turbulent viscosity limited to viscosity ratio of 1.000000e+05 in 6370 cells 

 Reversed flow on 580 faces of pressure-outlet 7.
   170  6.3228e-01  1.1325e-04  1.1773e-04  1.3568e-04  4.9884e-03  1.0753e-02  3.5753e-03  0:04:16   30

 turbulent viscosity limited to viscosity ratio of 1.000000e+05 in 6262 cells 

 Reversed flow on 569 faces of pressure-outlet 7.
   171  6.3330e-01  1.1326e-04  1.1761e-04  1.3558e-04  4.9615e-03  1.0828e-02  3.5545e-03  0:04:04   29

 turbulent viscosity limited to viscosity ratio of 1.000000e+05 in 6180 cells 

 Reversed flow on 569 faces of pressure-outlet 7.
   172  6.3504e-01  1.1332e-04  1.1758e-04  1.3557e-04  4.9361e-03  1.0745e-02  3.5340e-03  0:03:53   28

 turbulent viscosity limited to viscosity ratio of 1.000000e+05 in 6106 cells 

 Reversed flow on 560 faces of pressure-outlet 7.
   173  6.3604e-01  1.1339e-04  1.1754e-04  1.3557e-04  4.9084e-03  1.0830e-02  3.5136e-03  0:03:49   27

 turbulent viscosity limited to viscosity ratio of 1.000000e+05 in 6037 cells 

 Reversed flow on 574 faces of pressure-outlet 7.
   174  6.3709e-01  1.1348e-04  1.1752e-04  1.3552e-04  4.8822e-03  1.0837e-02  3.4934e-03  0:03:38   26

 turbulent viscosity limited to viscosity ratio of 1.000000e+05 in 5978 cells 

 Reversed flow on 564 faces of pressure-outlet 7.
   175  6.3786e-01  1.1360e-04  1.1751e-04  1.3549e-04  4.8558e-03  1.1154e-02  3.4735e-03  0:03:32   25

 turbulent viscosity limited to viscosity ratio of 1.000000e+05 in 5912 cells 

 Reversed flow on 564 faces of pressure-outlet 7.
   176  6.3842e-01  1.1380e-04  1.1754e-04  1.3546e-04  4.8265e-03  1.1184e-02  3.4538e-03  0:03:22   24

 turbulent viscosity limited to viscosity ratio of 1.000000e+05 in 5853 cells 

 Reversed flow on 563 faces of pressure-outlet 7.

  iter  continuity  x-velocity  y-velocity  z-velocity           k     epsilon  vf-phase-2     time/iter
   177  6.3917e-01  1.1401e-04  1.1761e-04  1.3543e-04  4.7966e-03  1.0966e-02  3.4344e-03  0:03:11   23

 turbulent viscosity limited to viscosity ratio of 1.000000e+05 in 5792 cells 

 Reversed flow on 547 faces of pressure-outlet 7.
   178  6.4075e-01  1.1419e-04  1.1768e-04  1.3541e-04  4.7702e-03  1.1084e-02  3.4151e-03  0:03:06   22

 turbulent viscosity limited to viscosity ratio of 1.000000e+05 in 5725 cells 

 Reversed flow on 554 faces of pressure-outlet 7.
   179  6.4041e-01  1.1439e-04  1.1779e-04  1.3535e-04  4.7399e-03  1.0973e-02  3.3961e-03  0:02:56   21

 turbulent viscosity limited to viscosity ratio of 1.000000e+05 in 5667 cells 

 Reversed flow on 562 faces of pressure-outlet 7.
   180  6.4084e-01  1.1458e-04  1.1791e-04  1.3530e-04  4.7126e-03  1.1045e-02  3.3774e-03  0:02:50   20

 turbulent viscosity limited to viscosity ratio of 1.000000e+05 in 5605 cells 

 Reversed flow on 542 faces of pressure-outlet 7.
   181  6.4126e-01  1.1474e-04  1.1806e-04  1.3525e-04  4.6867e-03  1.1029e-02  3.3589e-03  0:02:39   19

 turbulent viscosity limited to viscosity ratio of 1.000000e+05 in 5530 cells 

 Reversed flow on 539 faces of pressure-outlet 7.
   182  6.4154e-01  1.1493e-04  1.1819e-04  1.3526e-04  4.6645e-03  1.1557e-02  3.3405e-03  0:02:30   18

 turbulent viscosity limited to viscosity ratio of 1.000000e+05 in 5467 cells 

 Reversed flow on 560 faces of pressure-outlet 7.
   183  6.4208e-01  1.1517e-04  1.1835e-04  1.3530e-04  4.6374e-03  1.1159e-02  3.3224e-03  0:02:24   17

 turbulent viscosity limited to viscosity ratio of 1.000000e+05 in 5409 cells 

 Reversed flow on 547 faces of pressure-outlet 7.
   184  6.4222e-01  1.1539e-04  1.1847e-04  1.3529e-04  4.6140e-03  1.1476e-02  3.3044e-03  0:02:14   16

 turbulent viscosity limited to viscosity ratio of 1.000000e+05 in 5339 cells 

 Reversed flow on 541 faces of pressure-outlet 7.
   185  6.4278e-01  1.1567e-04  1.1862e-04  1.3525e-04  4.5909e-03  1.1248e-02  3.2866e-03  0:02:07   15

 turbulent viscosity limited to viscosity ratio of 1.000000e+05 in 5291 cells 

 Reversed flow on 547 faces of pressure-outlet 7.
   186  6.4212e-01  1.1584e-04  1.1881e-04  1.3520e-04  4.5678e-03  1.1257e-02  3.2690e-03  0:01:57   14

 turbulent viscosity limited to viscosity ratio of 1.000000e+05 in 5229 cells 

 Reversed flow on 543 faces of pressure-outlet 7.
   187  6.4202e-01  1.1604e-04  1.1896e-04  1.3511e-04  4.5474e-03  1.1032e-02  3.2515e-03  0:01:48   13

 turbulent viscosity limited to viscosity ratio of 1.000000e+05 in 5182 cells 

 Reversed flow on 538 faces of pressure-outlet 7.

  iter  continuity  x-velocity  y-velocity  z-velocity           k     epsilon  vf-phase-2     time/iter
   188  6.4209e-01  1.1621e-04  1.1916e-04  1.3501e-04  4.5322e-03  1.1756e-02  3.2342e-03  0:01:41   12

 turbulent viscosity limited to viscosity ratio of 1.000000e+05 in 5139 cells 

 Reversed flow on 529 faces of pressure-outlet 7.
   189  6.4141e-01  1.1648e-04  1.1929e-04  1.3487e-04  4.5128e-03  1.1470e-02  3.2171e-03  0:01:32   11

 turbulent viscosity limited to viscosity ratio of 1.000000e+05 in 5088 cells 

 Reversed flow on 539 faces of pressure-outlet 7.
   190  6.4152e-01  1.1673e-04  1.1945e-04  1.3475e-04  4.4951e-03  1.1680e-02  3.2001e-03  0:01:25   10

 turbulent viscosity limited to viscosity ratio of 1.000000e+05 in 5034 cells 

 Reversed flow on 512 faces of pressure-outlet 7.
   191  6.4080e-01  1.1691e-04  1.1958e-04  1.3463e-04  4.4761e-03  1.1599e-02  3.1834e-03  0:01:17    9

 turbulent viscosity limited to viscosity ratio of 1.000000e+05 in 4981 cells 

 Reversed flow on 528 faces of pressure-outlet 7.
   192  6.4050e-01  1.1709e-04  1.1964e-04  1.3443e-04  4.4594e-03  1.1603e-02  3.1669e-03  0:01:08    8

 turbulent viscosity limited to viscosity ratio of 1.000000e+05 in 4921 cells 

 Reversed flow on 525 faces of pressure-outlet 7.
   193  6.4102e-01  1.1729e-04  1.1971e-04  1.3426e-04  4.4390e-03  1.1530e-02  3.1506e-03  0:00:59    7

 turbulent viscosity limited to viscosity ratio of 1.000000e+05 in 4875 cells 

 Reversed flow on 509 faces of pressure-outlet 7.
   194  6.4106e-01  1.1745e-04  1.1984e-04  1.3401e-04  4.4208e-03  1.2034e-02  3.1344e-03  0:00:51    6

 turbulent viscosity limited to viscosity ratio of 1.000000e+05 in 4828 cells 

 Reversed flow on 509 faces of pressure-outlet 7.
   195  6.4148e-01  1.1766e-04  1.1998e-04  1.3379e-04  4.4034e-03  1.1948e-02  3.1184e-03  0:00:42    5

 turbulent viscosity limited to viscosity ratio of 1.000000e+05 in 4777 cells 

 Reversed flow on 501 faces of pressure-outlet 7.
   196  6.4101e-01  1.1790e-04  1.2004e-04  1.3354e-04  4.3843e-03  1.2099e-02  3.1026e-03  0:00:34    4

 turbulent viscosity limited to viscosity ratio of 1.000000e+05 in 4719 cells 

 Reversed flow on 504 faces of pressure-outlet 7.
   197  6.4099e-01  1.1810e-04  1.2003e-04  1.3329e-04  4.3666e-03  1.2633e-02  3.0869e-03  0:00:25    3

 turbulent viscosity limited to viscosity ratio of 1.000000e+05 in 4666 cells 

 Reversed flow on 506 faces of pressure-outlet 7.
   198  6.4114e-01  1.1828e-04  1.2001e-04  1.3301e-04  4.3445e-03  1.1920e-02  3.0715e-03  0:00:17    2

 turbulent viscosity limited to viscosity ratio of 1.000000e+05 in 4608 cells 

 Reversed flow on 505 faces of pressure-outlet 7.

  iter  continuity  x-velocity  y-velocity  z-velocity           k     epsilon  vf-phase-2     time/iter
   199  6.4028e-01  1.1846e-04  1.2002e-04  1.3270e-04  4.3267e-03  1.2272e-02  3.0562e-03  0:00:08    1

 turbulent viscosity limited to viscosity ratio of 1.000000e+05 in 4564 cells 

 Reversed flow on 498 faces of pressure-outlet 7.

Error: Invalid path: "C:\Users\qtra338\Documents\Bangma Design (swirl 0.15)\Bangma_separator_files\dp0\FFF\Fluent\" does not exist!
Error Object: #f


ERROR: Invalid path: "C:\Users\qtra338\Documents\Bangma Design (swirl 0.15)\Bangma_separator_files\dp0\FFF\Fluent\" does not exist!
Error object: #f
iterate_600: OK
progress: 600/1500


active_calculation_state: clearing stale state ['interrupt']
Done.
interrupt_stale_calculation: OK

> 
  iter  continuity  x-velocity  y-velocity  z-velocity           k     epsilon  vf-phase-2     time/iter

Error: Invalid path: "C:\Users\qtra338\Documents\Bangma Design (swirl 0.15)\Bangma_separator_files\dp0\FFF\Fluent\" does not exist!
Error Object: #f


ERROR: Invalid path: "C:\Users\qtra338\Documents\Bangma Design (swirl 0.15)\Bangma_separator_files\dp0\FFF\Fluent\" does not exist!
iterate_700: OK
progress: 700/1500
Error object: #f


active_calculation_state: clearing stale state ['interrupt']
Done.
interrupt_stale_calculation: OK

> 
  iter  continuity  x-velocity  y-velocity  z-velocity           k     epsilon  vf-phase-2     time/iter

Error: Invalid path: "C:\Users\qtra338\Documents\Bangma Design (swirl 0.15)\Bangma_separator_files\dp0\FFF\Fluent\" does not exist!
Error Object: #f


ERROR: Invalid path: "C:\Users\qtra338\Documents\Bangma Design (swirl 0.15)\Bangma_separator_files\dp0\FFF\Fluent\" does not exist!
Error object: #f
iterate_800: OK
progress: 800/1500


active_calculation_state: clearing stale state ['interrupt']
interrupt_stale_calculation: OK
Done.

> 
  iter  continuity  x-velocity  y-velocity  z-velocity           k     epsilon  vf-phase-2     time/iter

Error: Invalid path: "C:\Users\qtra338\Documents\Bangma Design (swirl 0.15)\Bangma_separator_files\dp0\FFF\Fluent\" does not exist!
Error Object: #f


ERROR: Invalid path: "C:\Users\qtra338\Documents\Bangma Design (swirl 0.15)\Bangma_separator_files\dp0\FFF\Fluent\" does not exist!
Error object: #f


iterate_900: OK
progress: 900/1500
active_calculation_state: clearing stale state ['interrupt']
interrupt_stale_calculation: OK
Done.

> 
  iter  continuity  x-velocity  y-velocity  z-velocity           k     epsilon  vf-phase-2     time/iter

Error: Invalid path: "C:\Users\qtra338\Documents\Bangma Design (swirl 0.15)\Bangma_separator_files\dp0\FFF\Fluent\" does not exist!
Error Object: #f


ERROR: Invalid path: "C:\Users\qtra338\Documents\Bangma Design (swirl 0.15)\Bangma_separator_files\dp0\FFF\Fluent\" does not exist!
iterate_1000: OK
progress: 1000/1500

=== autosave_1000 ===
Error object: #f



Writing to EN439159:"C:\Users\qtra338\Documents\enthalpy_sweep\case_4_1600_autosave_iter1000.cas.h5" in NODE0 mode and compression level 1 ...
Grouping cells for Laplace smoothing ...
     5578299 cells,     1 zone  ...
    11355491 faces,     5 zones ...
     1026091 nodes,     1 zone  ...
  Done.
Done.
write_case_autosave_1000: OK

Writing to EN439159:"C:\Users\qtra338\Documents\enthalpy_sweep\case_4_1600_autosave_iter1000.dat.h5" in NODE0 mode and compression level 1 ...
  Writing results.
Done.write_data_autosave_1000: OK

active_calculation_state: clearing stale state ['interrupt']
Done.
interrupt_stale_calculation: OK

> 
  iter  continuity  x-velocity  y-velocity  z-velocity           k     epsilon  vf-phase-2     time/iter
   200  6.3929e-01  1.1860e-04  1.2000e-04  1.3239e-04  4.3074e-03  1.2866e-02  3.0410e-03  0:14:14  100

 turbulent viscosity limited to viscosity ratio of 1.000000e+05 in 4516 cells 

 Reversed flow on 496 faces of pressure-outlet 7.
   201  6.3840e-01  1.1868e-04  1.1996e-04  1.3204e-04  4.2910e-03  1.2634e-02  3.0260e-03  0:14:15   99

 turbulent viscosity limited to viscosity ratio of 1.000000e+05 in 4466 cells 

 Reversed flow on 504 faces of pressure-outlet 7.
   202  6.3755e-01  1.1881e-04  1.1990e-04  1.3171e-04  4.2676e-03  1.1938e-02  3.0111e-03  0:13:54   98

 turbulent viscosity limited to viscosity ratio of 1.000000e+05 in 4413 cells 

 Reversed flow on 500 faces of pressure-outlet 7.
   203  6.3669e-01  1.1897e-04  1.1983e-04  1.3136e-04  4.2492e-03  1.1949e-02  2.9963e-03  0:13:55   97

 turbulent viscosity limited to viscosity ratio of 1.000000e+05 in 4369 cells 

 Reversed flow on 498 faces of pressure-outlet 7.
   204  6.3615e-01  1.1909e-04  1.1977e-04  1.3104e-04  4.2308e-03  1.1551e-02  2.9817e-03  0:13:34   96

 turbulent viscosity limited to viscosity ratio of 1.000000e+05 in 4318 cells 

 Reversed flow on 505 faces of pressure-outlet 7.
   205  6.3590e-01  1.1919e-04  1.1973e-04  1.3073e-04  4.2140e-03  1.1612e-02  2.9673e-03  0:13:36   95

 turbulent viscosity limited to viscosity ratio of 1.000000e+05 in 4268 cells 

 Reversed flow on 497 faces of pressure-outlet 7.
   206  6.3591e-01  1.1929e-04  1.1963e-04  1.3037e-04  4.1977e-03  1.1749e-02  2.9529e-03  0:13:16   94

 turbulent viscosity limited to viscosity ratio of 1.000000e+05 in 4221 cells 

 Reversed flow on 498 faces of pressure-outlet 7.
   207  6.3552e-01  1.1935e-04  1.1957e-04  1.3003e-04  4.1842e-03  1.2284e-02  2.9387e-03  0:13:18   93

 turbulent viscosity limited to viscosity ratio of 1.000000e+05 in 4167 cells 

 Reversed flow on 493 faces of pressure-outlet 7.
   208  6.3466e-01  1.1941e-04  1.1944e-04  1.2976e-04  4.1650e-03  1.1371e-02  2.9247e-03  0:12:58   92

 turbulent viscosity limited to viscosity ratio of 1.000000e+05 in 4122 cells 

 Reversed flow on 493 faces of pressure-outlet 7.
   209  6.3474e-01  1.1949e-04  1.1933e-04  1.2946e-04  4.1522e-03  1.2104e-02  2.9108e-03  0:13:00   91

 turbulent viscosity limited to viscosity ratio of 1.000000e+05 in 4076 cells 

 Reversed flow on 487 faces of pressure-outlet 7.
   210  6.3440e-01  1.1957e-04  1.1925e-04  1.2919e-04  4.1344e-03  1.1451e-02  2.8970e-03  0:12:41   90

 turbulent viscosity limited to viscosity ratio of 1.000000e+05 in 4027 cells 

 Reversed flow on 485 faces of pressure-outlet 7.

  iter  continuity  x-velocity  y-velocity  z-velocity           k     epsilon  vf-phase-2     time/iter
   211  6.3389e-01  1.1961e-04  1.1919e-04  1.2889e-04  4.1207e-03  1.1602e-02  2.8833e-03  0:12:42   89

 turbulent viscosity limited to viscosity ratio of 1.000000e+05 in 3982 cells 

 Reversed flow on 493 faces of pressure-outlet 7.
   212  6.3319e-01  1.1968e-04  1.1914e-04  1.2864e-04  4.1075e-03  1.1817e-02  2.8697e-03  0:12:24   88

 turbulent viscosity limited to viscosity ratio of 1.000000e+05 in 3935 cells 

 Reversed flow on 498 faces of pressure-outlet 7.
   213  6.3289e-01  1.1973e-04  1.1907e-04  1.2834e-04  4.0941e-03  1.2464e-02  2.8563e-03  0:12:07   87

 turbulent viscosity limited to viscosity ratio of 1.000000e+05 in 3898 cells 

 Reversed flow on 492 faces of pressure-outlet 7.
   214  6.3300e-01  1.1970e-04  1.1909e-04  1.2809e-04  4.0770e-03  1.1790e-02  2.8430e-03  0:12:10   86

 turbulent viscosity limited to viscosity ratio of 1.000000e+05 in 3847 cells 

 Reversed flow on 485 faces of pressure-outlet 7.
   215  6.3347e-01  1.1972e-04  1.1911e-04  1.2783e-04  4.0653e-03  1.2278e-02  2.8297e-03  0:11:53   85

 turbulent viscosity limited to viscosity ratio of 1.000000e+05 in 3817 cells 

 Reversed flow on 481 faces of pressure-outlet 7.
   216  6.3380e-01  1.1975e-04  1.1909e-04  1.2760e-04  4.0529e-03  1.1854e-02  2.8166e-03  0:11:55   84

 turbulent viscosity limited to viscosity ratio of 1.000000e+05 in 3770 cells 

 Reversed flow on 489 faces of pressure-outlet 7.
   217  6.3398e-01  1.1976e-04  1.1907e-04  1.2735e-04  4.0429e-03  1.2672e-02  2.8036e-03  0:11:38   83

 turbulent viscosity limited to viscosity ratio of 1.000000e+05 in 3746 cells 

 Reversed flow on 487 faces of pressure-outlet 7.
   218  6.3483e-01  1.1973e-04  1.1911e-04  1.2703e-04  4.0292e-03  1.2000e-02  2.7908e-03  0:11:39   82

 turbulent viscosity limited to viscosity ratio of 1.000000e+05 in 3702 cells 

 Reversed flow on 490 faces of pressure-outlet 7.
   219  6.3454e-01  1.1969e-04  1.1913e-04  1.2682e-04  4.0136e-03  1.2088e-02  2.7780e-03  0:11:22   81

 turbulent viscosity limited to viscosity ratio of 1.000000e+05 in 3671 cells 

 Reversed flow on 483 faces of pressure-outlet 7.
   220  6.3357e-01  1.1965e-04  1.1911e-04  1.2665e-04  3.9975e-03  1.1592e-02  2.7654e-03  0:11:23   80

 turbulent viscosity limited to viscosity ratio of 1.000000e+05 in 3633 cells 

 Reversed flow on 481 faces of pressure-outlet 7.
   221  6.3339e-01  1.1952e-04  1.1913e-04  1.2645e-04  3.9829e-03  1.1897e-02  2.7529e-03  0:11:06   79

 turbulent viscosity limited to viscosity ratio of 1.000000e+05 in 3587 cells 

 Reversed flow on 482 faces of pressure-outlet 7.

  iter  continuity  x-velocity  y-velocity  z-velocity           k     epsilon  vf-phase-2     time/iter
   222  6.3336e-01  1.1941e-04  1.1919e-04  1.2620e-04  3.9694e-03  1.1533e-02  2.7406e-03  0:10:51   78

 turbulent viscosity limited to viscosity ratio of 1.000000e+05 in 3552 cells 

 Reversed flow on 473 faces of pressure-outlet 7.
   223  6.3312e-01  1.1936e-04  1.1928e-04  1.2596e-04  3.9555e-03  1.1530e-02  2.7283e-03  0:10:53   77

 turbulent viscosity limited to viscosity ratio of 1.000000e+05 in 3532 cells 

 Reversed flow on 466 faces of pressure-outlet 7.
   224  6.3324e-01  1.1931e-04  1.1936e-04  1.2579e-04  3.9451e-03  1.1828e-02  2.7162e-03  0:10:52   76

 turbulent viscosity limited to viscosity ratio of 1.000000e+05 in 3495 cells 

 Reversed flow on 466 faces of pressure-outlet 7.
   225  6.3320e-01  1.1923e-04  1.1942e-04  1.2561e-04  3.9248e-03  1.1350e-02  2.7042e-03  0:10:35   75

 turbulent viscosity limited to viscosity ratio of 1.000000e+05 in 3471 cells 

 Reversed flow on 474 faces of pressure-outlet 7.
   226  6.3442e-01  1.1911e-04  1.1948e-04  1.2540e-04  3.9088e-03  1.1437e-02  2.6924e-03  0:10:19   74

 turbulent viscosity limited to viscosity ratio of 1.000000e+05 in 3437 cells 

 Reversed flow on 474 faces of pressure-outlet 7.
   227  6.3428e-01  1.1903e-04  1.1959e-04  1.2525e-04  3.8920e-03  1.1123e-02  2.6807e-03  0:10:20   73

 turbulent viscosity limited to viscosity ratio of 1.000000e+05 in 3408 cells 

 Reversed flow on 463 faces of pressure-outlet 7.
   228  6.3507e-01  1.1898e-04  1.1969e-04  1.2515e-04  3.8770e-03  1.1060e-02  2.6691e-03  0:10:05   72

 turbulent viscosity limited to viscosity ratio of 1.000000e+05 in 3372 cells 

 Reversed flow on 469 faces of pressure-outlet 7.
   229  6.3596e-01  1.1889e-04  1.1985e-04  1.2502e-04  3.8585e-03  1.0639e-02  2.6575e-03  0:10:05   71

 turbulent viscosity limited to viscosity ratio of 1.000000e+05 in 3345 cells 

 Reversed flow on 459 faces of pressure-outlet 7.
   230  6.3729e-01  1.1879e-04  1.1994e-04  1.2482e-04  3.8558e-03  1.4818e-02  2.6460e-03  0:09:49   70

 turbulent viscosity limited to viscosity ratio of 1.000000e+05 in 3313 cells 

 Reversed flow on 465 faces of pressure-outlet 7.
   231  6.3909e-01  1.1872e-04  1.2002e-04  1.2468e-04  3.8431e-03  1.3127e-02  2.6345e-03  0:09:49   69

 turbulent viscosity limited to viscosity ratio of 1.000000e+05 in 3268 cells 

 Reversed flow on 460 faces of pressure-outlet 7.
   232  6.4136e-01  1.1871e-04  1.2011e-04  1.2455e-04  3.8257e-03  1.1737e-02  2.6233e-03  0:09:33   68

 turbulent viscosity limited to viscosity ratio of 1.000000e+05 in 3245 cells 

 Reversed flow on 456 faces of pressure-outlet 7.

  iter  continuity  x-velocity  y-velocity  z-velocity           k     epsilon  vf-phase-2     time/iter
   233  6.4253e-01  1.1869e-04  1.2016e-04  1.2438e-04  3.8056e-03  1.1048e-02  2.6121e-03  0:09:32   67

 turbulent viscosity limited to viscosity ratio of 1.000000e+05 in 3216 cells 

 Reversed flow on 455 faces of pressure-outlet 7.
   234  6.4424e-01  1.1870e-04  1.2021e-04  1.2416e-04  3.7916e-03  1.0739e-02  2.6010e-03  0:09:17   66

 turbulent viscosity limited to viscosity ratio of 1.000000e+05 in 3178 cells 

 Reversed flow on 448 faces of pressure-outlet 7.
   235  6.4548e-01  1.1875e-04  1.2018e-04  1.2399e-04  3.7803e-03  1.0836e-02  2.5899e-03  0:09:15   65

 turbulent viscosity limited to viscosity ratio of 1.000000e+05 in 3152 cells 

 Reversed flow on 459 faces of pressure-outlet 7.
   236  6.4688e-01  1.1877e-04  1.2019e-04  1.2377e-04  3.7713e-03  1.1726e-02  2.5790e-03  0:09:13   64

 turbulent viscosity limited to viscosity ratio of 1.000000e+05 in 3128 cells 

 Reversed flow on 453 faces of pressure-outlet 7.
   237  6.4815e-01  1.1876e-04  1.2014e-04  1.2358e-04  3.7586e-03  1.1547e-02  2.5682e-03  0:09:09   63

 turbulent viscosity limited to viscosity ratio of 1.000000e+05 in 3101 cells 

 Reversed flow on 461 faces of pressure-outlet 7.
   238  6.4865e-01  1.1867e-04  1.2008e-04  1.2334e-04  3.7457e-03  1.2111e-02  2.5574e-03  0:08:51   62

 turbulent viscosity limited to viscosity ratio of 1.000000e+05 in 3075 cells 

 Reversed flow on 450 faces of pressure-outlet 7.
   239  6.4898e-01  1.1868e-04  1.2001e-04  1.2310e-04  3.7325e-03  1.1118e-02  2.5467e-03  0:08:48   61

 turbulent viscosity limited to viscosity ratio of 1.000000e+05 in 3040 cells 

 Reversed flow on 458 faces of pressure-outlet 7.
   240  6.4873e-01  1.1865e-04  1.1987e-04  1.2282e-04  3.7178e-03  1.1636e-02  2.5362e-03  0:08:43   60

 turbulent viscosity limited to viscosity ratio of 1.000000e+05 in 3022 cells 

 Reversed flow on 449 faces of pressure-outlet 7.
   241  6.4820e-01  1.1862e-04  1.1972e-04  1.2253e-04  3.7010e-03  1.0848e-02  2.5257e-03  0:08:26   59

 turbulent viscosity limited to viscosity ratio of 1.000000e+05 in 3001 cells 

 Reversed flow on 443 faces of pressure-outlet 7.
   242  6.4846e-01  1.1855e-04  1.1955e-04  1.2225e-04  3.6829e-03  1.0594e-02  2.5153e-03  0:08:22   58

 turbulent viscosity limited to viscosity ratio of 1.000000e+05 in 2965 cells 

 Reversed flow on 442 faces of pressure-outlet 7.
   243  6.4768e-01  1.1851e-04  1.1932e-04  1.2191e-04  3.6697e-03  1.2107e-02  2.5051e-03  0:08:06   57

 turbulent viscosity limited to viscosity ratio of 1.000000e+05 in 2937 cells 

 Reversed flow on 441 faces of pressure-outlet 7.

  iter  continuity  x-velocity  y-velocity  z-velocity           k     epsilon  vf-phase-2     time/iter
   244  6.4609e-01  1.1838e-04  1.1914e-04  1.2159e-04  3.6515e-03  1.0573e-02  2.4949e-03  0:08:03   56

 turbulent viscosity limited to viscosity ratio of 1.000000e+05 in 2914 cells 

 Reversed flow on 443 faces of pressure-outlet 7.
   245  6.4511e-01  1.1826e-04  1.1890e-04  1.2128e-04  3.6386e-03  1.1540e-02  2.4848e-03  0:07:58   55

 turbulent viscosity limited to viscosity ratio of 1.000000e+05 in 2897 cells 

 Reversed flow on 436 faces of pressure-outlet 7.
   246  6.4480e-01  1.1815e-04  1.1871e-04  1.2088e-04  3.6219e-03  1.1103e-02  2.4748e-03  0:07:42   54

 turbulent viscosity limited to viscosity ratio of 1.000000e+05 in 2870 cells 

 Reversed flow on 437 faces of pressure-outlet 7.
   247  6.4415e-01  1.1803e-04  1.1852e-04  1.2055e-04  3.6083e-03  1.0615e-02  2.4648e-03  0:07:38   53

 turbulent viscosity limited to viscosity ratio of 1.000000e+05 in 2850 cells 

 Reversed flow on 432 faces of pressure-outlet 7.
   248  6.4358e-01  1.1791e-04  1.1834e-04  1.2020e-04  3.5926e-03  1.0403e-02  2.4548e-03  0:07:33   52

 turbulent viscosity limited to viscosity ratio of 1.000000e+05 in 2824 cells 

 Reversed flow on 442 faces of pressure-outlet 7.
   249  6.4298e-01  1.1775e-04  1.1812e-04  1.1984e-04  3.5780e-03  1.0071e-02  2.4450e-03  0:07:17   51

 turbulent viscosity limited to viscosity ratio of 1.000000e+05 in 2800 cells 

 Reversed flow on 441 faces of pressure-outlet 7.
   250  6.4096e-01  1.1755e-04  1.1796e-04  1.1947e-04  3.5640e-03  1.0083e-02  2.4353e-03  0:07:13   50

 turbulent viscosity limited to viscosity ratio of 1.000000e+05 in 2775 cells 

 Reversed flow on 433 faces of pressure-outlet 7.
   251  6.3997e-01  1.1738e-04  1.1777e-04  1.1911e-04  3.5495e-03  1.0485e-02  2.4256e-03  0:06:58   49

 turbulent viscosity limited to viscosity ratio of 1.000000e+05 in 2750 cells 

 Reversed flow on 435 faces of pressure-outlet 7.
   252  6.3969e-01  1.1722e-04  1.1758e-04  1.1875e-04  3.5355e-03  9.7903e-03  2.4160e-03  0:06:54   48

 turbulent viscosity limited to viscosity ratio of 1.000000e+05 in 2724 cells 

 Reversed flow on 436 faces of pressure-outlet 7.
   253  6.3905e-01  1.1704e-04  1.1741e-04  1.1838e-04  3.5230e-03  9.8008e-03  2.4064e-03  0:06:39   47

 turbulent viscosity limited to viscosity ratio of 1.000000e+05 in 2703 cells 

 Reversed flow on 431 faces of pressure-outlet 7.
   254  6.3818e-01  1.1686e-04  1.1721e-04  1.1799e-04  3.5119e-03  9.9378e-03  2.3970e-03  0:06:26   46

 turbulent viscosity limited to viscosity ratio of 1.000000e+05 in 2681 cells 

 Reversed flow on 436 faces of pressure-outlet 7.

  iter  continuity  x-velocity  y-velocity  z-velocity           k     epsilon  vf-phase-2     time/iter
   255  6.3659e-01  1.1667e-04  1.1701e-04  1.1761e-04  3.4984e-03  9.6905e-03  2.3877e-03  0:06:23   45

 turbulent viscosity limited to viscosity ratio of 1.000000e+05 in 2661 cells 

 Reversed flow on 439 faces of pressure-outlet 7.
   256  6.3480e-01  1.1645e-04  1.1684e-04  1.1722e-04  3.4839e-03  9.0704e-03  2.3784e-03  0:06:10   44

 turbulent viscosity limited to viscosity ratio of 1.000000e+05 in 2636 cells 

 Reversed flow on 428 faces of pressure-outlet 7.
   257  6.3334e-01  1.1619e-04  1.1667e-04  1.1686e-04  3.4767e-03  1.0157e-02  2.3692e-03  0:05:58   43

 turbulent viscosity limited to viscosity ratio of 1.000000e+05 in 2610 cells 

 Reversed flow on 436 faces of pressure-outlet 7.
   258  6.3190e-01  1.1591e-04  1.1654e-04  1.1652e-04  3.4650e-03  9.4545e-03  2.3600e-03  0:05:56   42

 turbulent viscosity limited to viscosity ratio of 1.000000e+05 in 2591 cells 

 Reversed flow on 430 faces of pressure-outlet 7.
   259  6.3130e-01  1.1566e-04  1.1645e-04  1.1614e-04  3.4568e-03  9.7549e-03  2.3510e-03  0:05:43   41

 turbulent viscosity limited to viscosity ratio of 1.000000e+05 in 2574 cells 

 Reversed flow on 429 faces of pressure-outlet 7.
   260  6.3024e-01  1.1536e-04  1.1640e-04  1.1578e-04  3.4460e-03  9.1765e-03  2.3420e-03  0:05:40   40

 turbulent viscosity limited to viscosity ratio of 1.000000e+05 in 2555 cells 

 Reversed flow on 431 faces of pressure-outlet 7.
   261  6.2940e-01  1.1507e-04  1.1636e-04  1.1541e-04  3.4376e-03  9.3084e-03  2.3330e-03  0:05:28   39

 turbulent viscosity limited to viscosity ratio of 1.000000e+05 in 2540 cells 

 Reversed flow on 433 faces of pressure-outlet 7.
   262  6.2861e-01  1.1479e-04  1.1632e-04  1.1508e-04  3.4308e-03  9.3827e-03  2.3241e-03  0:05:24   38

 turbulent viscosity limited to viscosity ratio of 1.000000e+05 in 2515 cells 

 Reversed flow on 435 faces of pressure-outlet 7.
   263  6.2850e-01  1.1451e-04  1.1632e-04  1.1472e-04  3.4251e-03  9.9286e-03  2.3153e-03  0:05:11   37

 turbulent viscosity limited to viscosity ratio of 1.000000e+05 in 2490 cells 

 Reversed flow on 431 faces of pressure-outlet 7.
   264  6.2723e-01  1.1423e-04  1.1633e-04  1.1434e-04  3.4177e-03  9.8575e-03  2.3066e-03  0:05:07   36

 turbulent viscosity limited to viscosity ratio of 1.000000e+05 in 2473 cells 

 Reversed flow on 432 faces of pressure-outlet 7.
   265  6.2573e-01  1.1393e-04  1.1637e-04  1.1393e-04  3.4124e-03  9.8928e-03  2.2980e-03  0:04:55   35

 turbulent viscosity limited to viscosity ratio of 1.000000e+05 in 2454 cells 

 Reversed flow on 422 faces of pressure-outlet 7.

  iter  continuity  x-velocity  y-velocity  z-velocity           k     epsilon  vf-phase-2     time/iter
   266  6.2499e-01  1.1368e-04  1.1637e-04  1.1358e-04  3.4092e-03  1.2547e-02  2.2894e-03  0:04:44   34

 turbulent viscosity limited to viscosity ratio of 1.000000e+05 in 2438 cells 

 Reversed flow on 430 faces of pressure-outlet 7.
   267  6.2430e-01  1.1339e-04  1.1643e-04  1.1327e-04  3.4220e-03  3.6425e-02  2.2809e-03  0:04:40   33

 turbulent viscosity limited to viscosity ratio of 1.000000e+05 in 2420 cells 

 Reversed flow on 442 faces of pressure-outlet 7.
   268  6.2476e-01  1.1317e-04  1.1653e-04  1.1303e-04  3.4250e-03  2.3320e-02  2.2724e-03  0:04:28   32

 turbulent viscosity limited to viscosity ratio of 1.000000e+05 in 2401 cells 

 Reversed flow on 437 faces of pressure-outlet 7.
   269  6.2482e-01  1.1291e-04  1.1656e-04  1.1274e-04  3.4370e-03  2.0734e-02  2.2640e-03  0:04:24   31

 turbulent viscosity limited to viscosity ratio of 1.000000e+05 in 2387 cells 

 Reversed flow on 429 faces of pressure-outlet 7.
   270  6.2436e-01  1.1263e-04  1.1664e-04  1.1243e-04  3.4011e-03  1.2067e-02  2.2557e-03  0:04:12   30

 turbulent viscosity limited to viscosity ratio of 1.000000e+05 in 2371 cells 

 Reversed flow on 435 faces of pressure-outlet 7.
   271  6.2353e-01  1.1242e-04  1.1671e-04  1.1223e-04  3.3947e-03  1.0829e-02  2.2474e-03  0:04:01   29

 turbulent viscosity limited to viscosity ratio of 1.000000e+05 in 2355 cells 

 Reversed flow on 441 faces of pressure-outlet 7.
   272  6.2226e-01  1.1214e-04  1.1680e-04  1.1203e-04  3.3917e-03  1.0358e-02  2.2391e-03  0:03:57   28

 turbulent viscosity limited to viscosity ratio of 1.000000e+05 in 2333 cells 

 Reversed flow on 435 faces of pressure-outlet 7.
   273  6.2120e-01  1.1190e-04  1.1686e-04  1.1181e-04  3.3907e-03  1.1125e-02  2.2309e-03  0:03:46   27

 turbulent viscosity limited to viscosity ratio of 1.000000e+05 in 2320 cells 

 Reversed flow on 430 faces of pressure-outlet 7.
   274  6.2051e-01  1.1163e-04  1.1693e-04  1.1162e-04  3.3862e-03  1.0748e-02  2.2227e-03  0:03:41   26

 turbulent viscosity limited to viscosity ratio of 1.000000e+05 in 2303 cells 

 Reversed flow on 435 faces of pressure-outlet 7.
   275  6.2030e-01  1.1138e-04  1.1706e-04  1.1146e-04  3.3843e-03  1.0434e-02  2.2147e-03  0:03:30   25

 turbulent viscosity limited to viscosity ratio of 1.000000e+05 in 2292 cells 

 Reversed flow on 449 faces of pressure-outlet 7.
   276  6.2021e-01  1.1112e-04  1.1708e-04  1.1125e-04  3.3814e-03  9.9380e-03  2.2066e-03  0:03:24   24

 turbulent viscosity limited to viscosity ratio of 1.000000e+05 in 2281 cells 

 Reversed flow on 434 faces of pressure-outlet 7.

  iter  continuity  x-velocity  y-velocity  z-velocity           k     epsilon  vf-phase-2     time/iter
   277  6.2034e-01  1.1086e-04  1.1715e-04  1.1109e-04  3.3738e-03  9.5935e-03  2.1986e-03  0:03:13   23

 turbulent viscosity limited to viscosity ratio of 1.000000e+05 in 2269 cells 

 Reversed flow on 449 faces of pressure-outlet 7.
   278  6.2056e-01  1.1063e-04  1.1723e-04  1.1095e-04  3.3748e-03  1.0536e-02  2.1907e-03  0:03:03   22

 turbulent viscosity limited to viscosity ratio of 1.000000e+05 in 2256 cells 

 Reversed flow on 455 faces of pressure-outlet 7.
   279  6.2011e-01  1.1040e-04  1.1732e-04  1.1079e-04  3.3728e-03  1.0433e-02  2.1829e-03  0:02:58   21

 turbulent viscosity limited to viscosity ratio of 1.000000e+05 in 2246 cells 

 Reversed flow on 461 faces of pressure-outlet 7.
   280  6.1941e-01  1.1017e-04  1.1744e-04  1.1062e-04  3.3733e-03  1.2842e-02  2.1750e-03  0:02:47   20

 turbulent viscosity limited to viscosity ratio of 1.000000e+05 in 2222 cells 

 Reversed flow on 444 faces of pressure-outlet 7.
   281  6.1932e-01  1.0993e-04  1.1749e-04  1.1046e-04  3.3709e-03  1.1368e-02  2.1673e-03  0:02:41   19

 turbulent viscosity limited to viscosity ratio of 1.000000e+05 in 2211 cells 

 Reversed flow on 455 faces of pressure-outlet 7.
   282  6.1947e-01  1.0970e-04  1.1757e-04  1.1034e-04  3.3609e-03  1.0208e-02  2.1596e-03  0:02:31   18

 turbulent viscosity limited to viscosity ratio of 1.000000e+05 in 2197 cells 

 Reversed flow on 469 faces of pressure-outlet 7.
   283  6.1980e-01  1.0952e-04  1.1762e-04  1.1025e-04  3.3555e-03  1.0272e-02  2.1520e-03  0:02:21   17

 turbulent viscosity limited to viscosity ratio of 1.000000e+05 in 2180 cells 

 Reversed flow on 459 faces of pressure-outlet 7.
   284  6.1930e-01  1.0935e-04  1.1769e-04  1.1015e-04  3.3488e-03  9.7194e-03  2.1444e-03  0:02:15   16

 turbulent viscosity limited to viscosity ratio of 1.000000e+05 in 2173 cells 

 Reversed flow on 465 faces of pressure-outlet 7.
   285  6.1916e-01  1.0915e-04  1.1776e-04  1.1007e-04  3.3440e-03  9.4171e-03  2.1368e-03  0:02:05   15

 turbulent viscosity limited to viscosity ratio of 1.000000e+05 in 2158 cells 

 Reversed flow on 468 faces of pressure-outlet 7.
   286  6.1895e-01  1.0897e-04  1.1780e-04  1.1001e-04  3.3374e-03  9.2158e-03  2.1293e-03  0:01:59   14

 turbulent viscosity limited to viscosity ratio of 1.000000e+05 in 2145 cells 

 Reversed flow on 468 faces of pressure-outlet 7.
   287  6.1966e-01  1.0878e-04  1.1786e-04  1.0997e-04  3.3316e-03  9.1707e-03  2.1219e-03  0:01:49   13

 turbulent viscosity limited to viscosity ratio of 1.000000e+05 in 2124 cells 

 Reversed flow on 483 faces of pressure-outlet 7.

  iter  continuity  x-velocity  y-velocity  z-velocity           k     epsilon  vf-phase-2     time/iter
   288  6.2032e-01  1.0862e-04  1.1797e-04  1.0995e-04  3.3256e-03  9.1519e-03  2.1145e-03  0:01:42   12

 turbulent viscosity limited to viscosity ratio of 1.000000e+05 in 2107 cells 

 Reversed flow on 487 faces of pressure-outlet 7.
   289  6.2042e-01  1.0845e-04  1.1801e-04  1.0989e-04  3.3193e-03  9.0829e-03  2.1071e-03  0:01:33   11

 turbulent viscosity limited to viscosity ratio of 1.000000e+05 in 2096 cells 

 Reversed flow on 500 faces of pressure-outlet 7.
   290  6.2075e-01  1.0826e-04  1.1808e-04  1.0987e-04  3.3104e-03  8.9191e-03  2.0998e-03  0:01:25   10

 turbulent viscosity limited to viscosity ratio of 1.000000e+05 in 2083 cells 

 Reversed flow on 501 faces of pressure-outlet 7.
   291  6.2057e-01  1.0812e-04  1.1814e-04  1.0985e-04  3.3033e-03  8.9780e-03  2.0926e-03  0:01:16    9

 turbulent viscosity limited to viscosity ratio of 1.000000e+05 in 2072 cells 

 Reversed flow on 503 faces of pressure-outlet 7.
   292  6.2046e-01  1.0797e-04  1.1817e-04  1.0982e-04  3.2958e-03  8.5105e-03  2.0853e-03  0:01:07    8

 turbulent viscosity limited to viscosity ratio of 1.000000e+05 in 2056 cells 

 Reversed flow on 500 faces of pressure-outlet 7.
   293  6.2003e-01  1.0782e-04  1.1817e-04  1.0974e-04  3.2879e-03  8.4113e-03  2.0782e-03  0:00:59    7

 turbulent viscosity limited to viscosity ratio of 1.000000e+05 in 2048 cells 

 Reversed flow on 502 faces of pressure-outlet 7.
   294  6.1957e-01  1.0767e-04  1.1827e-04  1.0971e-04  3.2809e-03  8.8365e-03  2.0711e-03  0:00:50    6

 turbulent viscosity limited to viscosity ratio of 1.000000e+05 in 2033 cells 

 Reversed flow on 511 faces of pressure-outlet 7.
   295  6.1987e-01  1.0750e-04  1.1834e-04  1.0970e-04  3.2744e-03  8.5231e-03  2.0641e-03  0:00:43    5

 turbulent viscosity limited to viscosity ratio of 1.000000e+05 in 2022 cells 

 Reversed flow on 512 faces of pressure-outlet 7.
   296  6.2078e-01  1.0736e-04  1.1846e-04  1.0971e-04  3.2681e-03  8.7131e-03  2.0571e-03  0:00:34    4

 turbulent viscosity limited to viscosity ratio of 1.000000e+05 in 2006 cells 

 Reversed flow on 510 faces of pressure-outlet 7.
   297  6.2124e-01  1.0719e-04  1.1854e-04  1.0972e-04  3.2625e-03  8.2987e-03  2.0501e-03  0:00:26    3

 turbulent viscosity limited to viscosity ratio of 1.000000e+05 in 1991 cells 

 Reversed flow on 511 faces of pressure-outlet 7.
   298  6.2077e-01  1.0698e-04  1.1865e-04  1.0974e-04  3.2558e-03  7.9007e-03  2.0432e-03  0:00:17    2

 turbulent viscosity limited to viscosity ratio of 1.000000e+05 in 1980 cells 

 Reversed flow on 509 faces of pressure-outlet 7.

  iter  continuity  x-velocity  y-velocity  z-velocity           k     epsilon  vf-phase-2     time/iter
   299  6.2069e-01  1.0677e-04  1.1875e-04  1.0972e-04  3.2522e-03  8.4243e-03  2.0364e-03  0:00:09    1

 turbulent viscosity limited to viscosity ratio of 1.000000e+05 in 1969 cells 

 Reversed flow on 506 faces of pressure-outlet 7.

Error: Invalid path: "C:\Users\qtra338\Documents\Bangma Design (swirl 0.15)\Bangma_separator_files\dp0\FFF\Fluent\" does not exist!
iterate_1100: OK
progress: 1100/1500
Error Object: #f


ERROR: Invalid path: "C:\Users\qtra338\Documents\Bangma Design (swirl 0.15)\Bangma_separator_files\dp0\FFF\Fluent\" does not exist!
Error object: #f


active_calculation_state: clearing stale state ['interrupt']
interrupt_stale_calculation: OK
Done.

> 
  iter  continuity  x-velocity  y-velocity  z-velocity           k     epsilon  vf-phase-2     time/iter

Error: Invalid path: "C:\Users\qtra338\Documents\Bangma Design (swirl 0.15)\Bangma_separator_files\dp0\FFF\Fluent\" does not exist!
Error Object: #f


ERROR: Invalid path: "C:\Users\qtra338\Documents\Bangma Design (swirl 0.15)\Bangma_separator_files\dp0\FFF\Fluent\" does not exist!
Error object: #f
iterate_1200: OK
progress: 1200/1500


active_calculation_state: clearing stale state ['interrupt']
Done.
interrupt_stale_calculation: OK

> 
  iter  continuity  x-velocity  y-velocity  z-velocity           k     epsilon  vf-phase-2     time/iter

Error: Invalid path: "C:\Users\qtra338\Documents\Bangma Design (swirl 0.15)\Bangma_separator_files\dp0\FFF\Fluent\" does not exist!
Error Object: #f


ERROR: Invalid path: "C:\Users\qtra338\Documents\Bangma Design (swirl 0.15)\Bangma_separator_files\dp0\FFF\Fluent\" does not exist!
Error object: #f
iterate_1300: OK
progress: 1300/1500


active_calculation_state: clearing stale state ['interrupt']
interrupt_stale_calculation: OK
Done.

> 
  iter  continuity  x-velocity  y-velocity  z-velocity           k     epsilon  vf-phase-2     time/iter

Error: Invalid path: "C:\Users\qtra338\Documents\Bangma Design (swirl 0.15)\Bangma_separator_files\dp0\FFF\Fluent\" does not exist!
Error Object: #f


ERROR: Invalid path: "C:\Users\qtra338\Documents\Bangma Design (swirl 0.15)\Bangma_separator_files\dp0\FFF\Fluent\" does not exist!iterate_1400: OK
progress: 1400/1500

Error object: #f


active_calculation_state: clearing stale state ['interrupt']
Done.
interrupt_stale_calculation: OK

> 
  iter  continuity  x-velocity  y-velocity  z-velocity           k     epsilon  vf-phase-2     time/iter

Error: Invalid path: "C:\Users\qtra338\Documents\Bangma Design (swirl 0.15)\Bangma_separator_files\dp0\FFF\Fluent\" does not exist!
Error Object: #f


ERROR: Invalid path: "C:\Users\qtra338\Documents\Bangma Design (swirl 0.15)\Bangma_separator_files\dp0\FFF\Fluent\" does not exist!
Error object: #f
iterate_1500: OK
progress: 1500/1500

=== Run DPM Reports ===


report_call: settings_zone_summaries_per_injection_enable
settings_zone_summaries_per_injection_enable: no captured text
report_call: solve_dpm_update
/solve/dpm-update

DPM Iteration ....
number tracked = 78300, escaped = 25267, trapped = 16737, incomplete = 36296

report_call: settings_dpm_summary

 Fate                        Zone   Zone Number                  Elapsed Time (s)               Injection, Index      Injection, Index
                             Name     Id               Min        Max        Avg    Std Dev                  Min                  Max
 ----------- -------------------- ------ ------ ---------- ---------- ---------- ---------- --------------- ---- --------------- ----
 Incomplete                               36296  6.040e+01  2.608e+02  1.462e+02  6.647e+01     injection-3  231     injection-8 8629
 Escaped             steam_outlet      7  25267  4.218e-01  3.437e+01  2.585e+00  1.869e+00     injection-0 5684     injection-3 2076
 Trapped             fluid_outlet      8  16737  1.450e-01  2.074e+00  3.978e-01  2.860e-01     injection-2 3221     injection-8  789

                                               (*)- Mass Transfer Summary -(*) 

 Fate                        Zone   Zone      Mass Flow (kg/s)
                             Name     Id    Initi
report_call: tui_dpm_summary

 Fate                        Zone   Zone Number                  Elapsed Time (s)               Injection, Index      Injection, Index
                             Name     Id               Min        Max        Avg    Std Dev                  Min                  Max
 ----------- -------------------- ------ ------ ---------- ---------- ---------- ---------- --------------- ---- --------------- ----
 Incomplete                               36296  6.040e+01  2.608e+02  1.462e+02  6.647e+01     injection-3  231     injection-8 8629
 Escaped             steam_outlet      7  25267  4.218e-01  3.437e+01  2.585e+00  1.869e+00     injection-0 5684     injection-3 2076
 Trapped             fluid_outlet      8  16737  1.450e-01  2.074e+00  3.978e-01  2.860e-01     injection-2 3221     injection-8  789

                                               (*)- Mass Transfer Summary -(*) 

 Fate                        Zone   Zone      Mass Flow (kg/s)
                             Name     Id    Initi
report_call: tui_particle_summary
(injection-0 injection-1 injection-2 injection-3 injection-4 injection-5 injection-6 injection-7 injection-8)
The following solver settings object method could also be used to execute the above command:
<solver_session>.results.report.particle_summary(injection_names = ["injection-0", "injection-1", "injection-2", "injection-3", "injection-4", "injection-5", "injection-6", "injection-7", "injection-8"])

report_call: settings_dpm_extended_summary

 Fate                        Zone   Zone Number                  Elapsed Time (s)               Injection, Index      Injection, Index
                             Name     Id               Min        Max        Avg    Std Dev                  Min                  Max
 ----------- -------------------- ------ ------ ---------- ---------- ---------- ---------- --------------- ---- --------------- ----
 Incomplete                               36296  6.040e+01  2.608e+02  1.462e+02  6.647e+01     injection-3  231     injection-8 8629
 Escaped             steam_outlet      7  25267  4.218e-01  3.437e+01  2.585e+00  1.869e+00     injection-0 5684     injection-3 2076
 Trapped             fluid_outlet      8  16737  1.450e-01  2.074e+00  3.978e-01  2.860e-01     injection-2 3221     injection-8  789

                                               (*)- Mass Transfer Summary -(*) 

 Fate                        Zone   Zone      Mass Flow (kg/s)
                             Name     Id    Initi
report_call: dpm_extended_summary_injection-0

Saving summary report to file: C:\\Users\\qtra338\\Documents\\enthalpy_sweep\\case_4_1600_injection-0_extended_scratch.txt

report_call: dpm_extended_summary_injection-1

Saving summary report to file: C:\\Users\\qtra338\\Documents\\enthalpy_sweep\\case_4_1600_injection-1_extended_scratch.txt

report_call: dpm_extended_summary_injection-2

Saving summary report to file: C:\\Users\\qtra338\\Documents\\enthalpy_sweep\\case_4_1600_injection-2_extended_scratch.txt

report_call: dpm_extended_summary_injection-3

Saving summary report to file: C:\\Users\\qtra338\\Documents\\enthalpy_sweep\\case_4_1600_injection-3_extended_scratch.txt

report_call: dpm_extended_summary_injection-4

Saving summary report to file: C:\\Users\\qtra338\\Documents\\enthalpy_sweep\\case_4_1600_injection-4_extended_scratch.txt

report_call: dpm_extended_summary_injection-5

Saving summary report to file: C:\\Users\\qtra338\\Documents\\enthalpy_sweep\\case_4_1600_injection-5_extended_scratch.txt

report_call: dpm_extended_summary_injection-6

Saving summary report to file: C:\\Users\\qtra338\\Documents\\enthalpy_sweep\\case_4_1600_injection-6_extended_scratch.txt

report_call: dpm_extended_summary_injection-7

Saving summary report to file: C:\\Users\\qtra338\\Documents\\enthalpy_sweep\\case_4_1600_injection-7_extended_scratch.txt

report_call: dpm_extended_summary_injection-8

Saving summary report to file: C:\\Users\\qtra338\\Documents\\enthalpy_sweep\\case_4_1600_injection-8_extended_scratch.txt


=== final ===

Writing to EN439159:"C:\Users\qtra338\Documents\enthalpy_sweep\case_4_1600_1500.cas.h5" in NODE0 mode and compression level 1 ...
Grouping cells for Laplace smoothing ...
     5578299 cells,     1 zone  ...
    11355491 faces,     5 zones ...
     1026091 nodes,     1 zone  ...
  Done.
Done.
write_case_final: OK

Writing to EN439159:"C:\Users\qtra338\Documents\enthalpy_sweep\case_4_1600_1500.dat.h5" in NODE0 mode and compression level 1 ...
  Writing results.
Done.
write_data_final: OK

=== Run Case 5 / 1680 ===

=== Load Base Case ===
Note: Rank = 0: Process affinity not being set (6).
Note: Rank = 1: Process affinity not being set (6).
Note: Rank = 2: Process affinity not being set (6).
Note: Rank = 3: Process affinity not being set (6).
Note: Rank = 4: Process affinity not being set (6).
Note: Rank = 5: Process affinity not being set (6).
Note: Rank = 6: Process affinity not being set (6).
Note: Rank = 7: Process affinity not being set (6).
Note: Rank = 8: Process affinity not being set (6).
Note: Rank = 9: Process affinity not being set (6).

       Clearing partially read grid.

Reading from EN439159:"C:\Users\qtra338\Documents\baseline.cas.h5" in NODE0 mode ...
  Reading mesh ...
     5578299 cells,     1 cell zone  ...
        5578299 tetrahedral cells,  zone id: 3
    11355491 faces,     5 face zones ...
         374376 triangular wall faces,  zone id: 1
       10957705 triangular interior faces,  zone id: 2
           8700 triangular mass-flow-inlet faces,  zone id: 6
           5435 triangular pressure-outlet faces,  zone id: 7
           9275 triangular wall faces,  zone id: 8
     1026091 nodes,     1 node zone  ...
  Done.


Building...
     mesh
	distributing mesh
		parts..........,
		faces..........,
		nodes..........,
		cells..........,
        bandwidth reduction using Reverse Cuthill-McKee: 558580/15010 = 37.2139
     materials,
     interface,
     domains,
	mixture
	phase-1
	phase-2
	interaction
     zones,
	fluid  (phase-2)
	interior-fluid  (phase-2)
	fluid  (phase-1)
	interior-fluid  (phase-1)
	wall-fluid  (phase-1)
	wall-fluid  (phase-2)
	inlet  (phase-1)
	inlet  (phase-2)
	steam_outlet  (phase-1)
	steam_outlet  (phase-2)
	fluid_outlet  (phase-1)
	fluid_outlet  (phase-2)
	interior-fluid
	wall-fluid
	inlet
	steam_outlet
	fluid_outlet
	fluid
     parallel,
Done.
read_base_case: OK

=== Set Inlet Phase Mass Flows ===
set_inlet_phase_mass_flows: OK
{
  "mixture": {
    "momentum": {
      "reference_frame": "Absolute",
      "supersonic_gauge_pressure": {
        "option": "value",
        "value": 1140000
      },
      "direction_specification": "Normal to Boundary"
    },
    "turbulence": {
      "turbulence_specification": "Intensity and Hydraulic Diameter",
      "turbulent_intensity": 0.02152499951888,
      "hydraulic_diameter": 0.7240000000000001
    },
    "dpm": {
      "discrete_phase_bc_type": "escape"
    },
    "multiphase": {}
  },
  "phase-1": {
    "momentum": {
      "mass_flow_specification": "Mass Flow Rate",
      "mass_flow_rate": {
        "option": "value",
        "value": 88.61
      }
    },
    "turbulence": {},
    "dpm": {},
    "multiphase": {}
  },
  "phase-2": {
    "momentum": {
      "mass_flow_specification": "Mass Flow Rate",
      "mass_flow_rate": {
        "option": "value",
        "value": 109.0
      }
    },
    "turbulence": {},
    "dpm": {},
    "multiphase": {}
  }
}

=== Set DPM Injections ===
DPM velocity mode: face-normal
injection-0_particle_type: OK
injection-0_material: OK
injection-0_injection_type_surface: OK
injection-0_location: OK
injection-0_mass_flow_rate: OK
injection-0_use_face_normal_direction: OK
injection-0_velocity_magnitude: OK
injection-0_particle_size: OK
injection-1_particle_type: OK
injection-1_material: OK
injection-1_injection_type_surface: OK
injection-1_location: OK
injection-1_mass_flow_rate: OK
injection-1_use_face_normal_direction: OK
injection-1_velocity_magnitude: OK
injection-1_particle_size: OK
injection-2_particle_type: OK
injection-2_material: OK
injection-2_injection_type_surface: OK
injection-2_location: OK
injection-2_mass_flow_rate: OK
injection-2_use_face_normal_direction: OK
injection-2_velocity_magnitude: OK
injection-2_particle_size: OK
injection-3_particle_type: OK
injection-3_material: OK
injection-3_injection_type_surface: OK
injection-3_location: OK
injection-3_mass_flow_rate: OK
injection-3_use_face_normal_direction: OK
injection-3_velocity_magnitude: OK
injection-3_particle_size: OK
injection-4_particle_type: OK
injection-4_material: OK
injection-4_injection_type_surface: OK
injection-4_location: OK
injection-4_mass_flow_rate: OK
injection-4_use_face_normal_direction: OK
injection-4_velocity_magnitude: OK
injection-4_particle_size: OK
injection-5_particle_type: OK
injection-5_material: OK
injection-5_injection_type_surface: OK
injection-5_location: OK
injection-5_mass_flow_rate: OK
injection-5_use_face_normal_direction: OK
injection-5_velocity_magnitude: OK
injection-5_particle_size: OK
injection-6_particle_type: OK
injection-6_material: OK
injection-6_injection_type_surface: OK
injection-6_location: OK
injection-6_mass_flow_rate: OK
injection-6_use_face_normal_direction: OK
injection-6_velocity_magnitude: OK
injection-6_particle_size: OK
injection-7_particle_type: OK
injection-7_material: OK
injection-7_injection_type_surface: OK
injection-7_location: OK
injection-7_mass_flow_rate: OK
injection-7_use_face_normal_direction: OK
injection-7_velocity_magnitude: OK
injection-7_particle_size: OK
injection-8_particle_type: OK
injection-8_material: OK
injection-8_injection_type_surface: OK
injection-8_location: OK
injection-8_mass_flow_rate: OK
injection-8_use_face_normal_direction: OK
injection-8_velocity_magnitude: OK
injection-8_particle_size: OK
initialize: SKIPPED because case reports 1000 existing iterations

=== Run Iterations ===
active_calculation_state: clearing stale state ['interrupt']
interrupt_stale_calculation: OK
Done.

> 
Initialize using the hybrid initialization method.

Checking case topology... 
-This case has both inlets & outlets 
-Pressure information is not available at the boundaries.
 Case will be initialized with constant pressure

	iter		scalar-0

	1		1.000000e+00
	2		2.902463e-04
	3		5.344461e-05
	4		1.945017e-05
	5		6.037563e-06
	6		2.150747e-06
	7		7.443881e-07
	8		2.662060e-07
	9		9.551195e-08
	10		3.578380e-08

Hybrid initialization is done.

  iter  continuity  x-velocity  y-velocity  z-velocity           k     epsilon  vf-phase-2     time/iter

 turbulent viscosity limited to viscosity ratio of 1.000000e+05 in 880 cells 
     1  1.0000e+00  1.0468e-03  1.4538e-03  1.1222e-03  9.7351e+01  3.5117e+06  1.2362e-01  0:18:09   99

 turbulent viscosity limited to viscosity ratio of 1.000000e+05 in 2553 cells 
     2  1.0000e+00  7.2565e-04  9.5243e-04  7.4884e-04  1.6004e-01  2.7497e-01  6.0066e-01  0:17:19   98

 turbulent viscosity limited to viscosity ratio of 1.000000e+05 in 2242 cells 

 Reversed flow on 32 faces of pressure-outlet 7.
     3  7.5370e-01  4.3559e-04  6.0265e-04  4.4633e-04  1.4739e-01  1.4233e+00  3.0032e-01  0:16:18   97

 turbulent viscosity limited to viscosity ratio of 1.000000e+05 in 1494 cells 

 Reversed flow on 181 faces of pressure-outlet 7.
     4  5.8575e-01  3.5648e-04  4.8645e-04  3.6766e-04  1.3534e-01  6.2245e-01  2.0021e-01  0:15:47   96

 turbulent viscosity limited to viscosity ratio of 1.000000e+05 in 928 cells 

 Reversed flow on 316 faces of pressure-outlet 7.
     5  6.1692e-01  3.4072e-04  4.3865e-04  3.5424e-04  1.2950e-01  4.2025e-01  1.5015e-01  0:15:02   95

 turbulent viscosity limited to viscosity ratio of 1.000000e+05 in 561 cells 

 Reversed flow on 410 faces of pressure-outlet 7.
     6  4.6822e-01  2.9954e-04  3.7207e-04  3.1345e-04  1.0107e-01  3.1210e-01  1.2012e-01  0:14:24   94

 turbulent viscosity limited to viscosity ratio of 1.000000e+05 in 348 cells 

 Reversed flow on 524 faces of pressure-outlet 7.
     7  4.6317e-01  2.7711e-04  3.2834e-04  2.9200e-04  8.4478e-02  8.3413e-01  1.0010e-01  0:14:11   93

 turbulent viscosity limited to viscosity ratio of 1.000000e+05 in 268 cells 

 Reversed flow on 614 faces of pressure-outlet 7.
     8  4.1559e-01  2.6247e-04  2.8864e-04  2.8270e-04  7.9096e-02  1.2492e+00  8.5805e-02  0:13:41   92

 turbulent viscosity limited to viscosity ratio of 1.000000e+05 in 246 cells 

 Reversed flow on 637 faces of pressure-outlet 7.
     9  3.4808e-01  2.4394e-04  2.5386e-04  2.6652e-04  6.7783e-02  4.3883e-01  7.5081e-02  0:13:33   91

 turbulent viscosity limited to viscosity ratio of 1.000000e+05 in 260 cells 

 Reversed flow on 653 faces of pressure-outlet 7.
    10  3.2012e-01  2.3011e-04  2.2953e-04  2.5262e-04  6.3182e-02  3.8492e-01  6.6741e-02  0:13:08   90

 turbulent viscosity limited to viscosity ratio of 1.000000e+05 in 267 cells 

 Reversed flow on 652 faces of pressure-outlet 7.
    11  3.6891e-01  2.2926e-04  2.1966e-04  2.5416e-04  5.1863e-02  3.0844e-01  6.0071e-02  0:13:03   89

 turbulent viscosity limited to viscosity ratio of 1.000000e+05 in 305 cells 

 Reversed flow on 641 faces of pressure-outlet 7.

  iter  continuity  x-velocity  y-velocity  z-velocity           k     epsilon  vf-phase-2     time/iter
    12  3.1328e-01  2.1595e-04  1.9851e-04  2.4264e-04  4.3069e-02  2.6922e-01  5.4614e-02  0:12:40   88

 turbulent viscosity limited to viscosity ratio of 1.000000e+05 in 344 cells 

 Reversed flow on 632 faces of pressure-outlet 7.
    13  3.0924e-01  2.1252e-04  1.8767e-04  2.4269e-04  3.7161e-02  3.7638e-01  5.0064e-02  0:12:38   87

 turbulent viscosity limited to viscosity ratio of 1.000000e+05 in 409 cells 

 Reversed flow on 632 faces of pressure-outlet 7.
    14  2.8154e-01  2.0187e-04  1.7435e-04  2.3258e-04  3.2967e-02  2.0229e-01  4.6213e-02  0:12:17   86

 turbulent viscosity limited to viscosity ratio of 1.000000e+05 in 469 cells 

 Reversed flow on 628 faces of pressure-outlet 7.
    15  3.0315e-01  2.0127e-04  1.7118e-04  2.3061e-04  2.9203e-02  2.0212e-01  4.2913e-02  0:12:16   85

 turbulent viscosity limited to viscosity ratio of 1.000000e+05 in 563 cells 

 Reversed flow on 638 faces of pressure-outlet 7.
    16  2.8171e-01  1.9327e-04  1.6132e-04  2.2512e-04  2.6401e-02  1.8144e-01  4.0054e-02  0:11:56   84

 turbulent viscosity limited to viscosity ratio of 1.000000e+05 in 694 cells 

 Reversed flow on 636 faces of pressure-outlet 7.
    17  3.3140e-01  1.9568e-04  1.6279e-04  2.2966e-04  2.3382e-02  1.2515e-01  3.7552e-02  0:11:55   83

 turbulent viscosity limited to viscosity ratio of 1.000000e+05 in 837 cells 

 Reversed flow on 647 faces of pressure-outlet 7.
    18  2.9549e-01  1.8915e-04  1.5541e-04  2.2610e-04  2.0681e-02  9.5672e-02  3.5345e-02  0:11:37   82

 turbulent viscosity limited to viscosity ratio of 1.000000e+05 in 1005 cells 

 Reversed flow on 672 faces of pressure-outlet 7.
    19  3.0371e-01  1.8935e-04  1.5577e-04  2.2699e-04  1.8849e-02  8.0509e-02  3.3383e-02  0:11:36   81

 turbulent viscosity limited to viscosity ratio of 1.000000e+05 in 1170 cells 

 Reversed flow on 664 faces of pressure-outlet 7.
    20  3.3766e-01  1.9100e-04  1.5653e-04  2.3354e-04  1.7272e-02  7.2769e-02  3.1628e-02  0:11:18   80

 turbulent viscosity limited to viscosity ratio of 1.000000e+05 in 1437 cells 

 Reversed flow on 676 faces of pressure-outlet 7.
    21  3.1175e-01  1.8725e-04  1.5277e-04  2.3356e-04  1.5850e-02  6.5823e-02  3.0048e-02  0:11:18   79

 turbulent viscosity limited to viscosity ratio of 1.000000e+05 in 1715 cells 

 Reversed flow on 709 faces of pressure-outlet 7.
    22  3.3102e-01  1.8964e-04  1.5548e-04  2.3769e-04  1.4801e-02  5.9928e-02  2.8618e-02  0:11:00   78

 turbulent viscosity limited to viscosity ratio of 1.000000e+05 in 2010 cells 

 Reversed flow on 719 faces of pressure-outlet 7.

  iter  continuity  x-velocity  y-velocity  z-velocity           k     epsilon  vf-phase-2     time/iter
    23  3.8337e-01  1.9465e-04  1.6184e-04  2.4615e-04  1.3832e-02  5.2211e-02  2.7319e-02  0:11:00   77

 turbulent viscosity limited to viscosity ratio of 1.000000e+05 in 2287 cells 

 Reversed flow on 710 faces of pressure-outlet 7.
    24  3.4758e-01  1.9200e-04  1.5910e-04  2.4669e-04  1.2931e-02  4.6500e-02  2.6133e-02  0:10:58   76

 turbulent viscosity limited to viscosity ratio of 1.000000e+05 in 2611 cells 

 Reversed flow on 712 faces of pressure-outlet 7.
    25  3.6003e-01  1.9562e-04  1.6313e-04  2.5153e-04  1.2229e-02  4.1834e-02  2.5045e-02  0:10:54   75

 turbulent viscosity limited to viscosity ratio of 1.000000e+05 in 2945 cells 

 Reversed flow on 704 faces of pressure-outlet 7.
    26  4.1182e-01  2.0000e-04  1.6985e-04  2.6042e-04  1.1587e-02  3.8503e-02  2.4044e-02  0:10:35   74

 turbulent viscosity limited to viscosity ratio of 1.000000e+05 in 3225 cells 

 Reversed flow on 714 faces of pressure-outlet 7.
    27  3.7792e-01  1.9918e-04  1.6861e-04  2.6390e-04  1.1026e-02  3.5273e-02  2.3121e-02  0:10:33   73

 turbulent viscosity limited to viscosity ratio of 1.000000e+05 in 3633 cells 

 Reversed flow on 717 faces of pressure-outlet 7.
    28  4.2052e-01  2.0507e-04  1.7660e-04  2.7385e-04  1.0497e-02  3.2744e-02  2.2266e-02  0:10:14   72

 turbulent viscosity limited to viscosity ratio of 1.000000e+05 in 3987 cells 

 Reversed flow on 725 faces of pressure-outlet 7.
    29  3.9516e-01  2.0306e-04  1.7439e-04  2.7481e-04  1.0079e-02  3.0131e-02  2.1472e-02  0:10:12   71

 turbulent viscosity limited to viscosity ratio of 1.000000e+05 in 4393 cells 

 Reversed flow on 709 faces of pressure-outlet 7.
    30  4.7538e-01  2.0843e-04  1.8666e-04  2.8520e-04  9.7112e-03  2.8598e-02  2.0732e-02  0:09:55   70

 turbulent viscosity limited to viscosity ratio of 1.000000e+05 in 4779 cells 

 Reversed flow on 716 faces of pressure-outlet 7.
    31  4.3209e-01  2.0540e-04  1.8287e-04  2.8626e-04  9.3836e-03  2.7889e-02  2.0043e-02  0:09:40   69

 turbulent viscosity limited to viscosity ratio of 1.000000e+05 in 5157 cells 

 Reversed flow on 727 faces of pressure-outlet 7.
    32  4.4656e-01  2.0686e-04  1.8770e-04  2.9151e-04  9.0772e-03  2.5660e-02  1.9397e-02  0:09:39   68

 turbulent viscosity limited to viscosity ratio of 1.000000e+05 in 5471 cells 

 Reversed flow on 723 faces of pressure-outlet 7.
    33  4.5641e-01  2.0560e-04  1.8983e-04  2.9138e-04  8.7889e-03  2.4409e-02  1.8792e-02  0:09:24   67

 turbulent viscosity limited to viscosity ratio of 1.000000e+05 in 5841 cells 

 Reversed flow on 714 faces of pressure-outlet 7.

  iter  continuity  x-velocity  y-velocity  z-velocity           k     epsilon  vf-phase-2     time/iter
    34  4.6334e-01  2.0349e-04  1.9209e-04  2.9095e-04  8.5450e-03  2.3369e-02  1.8224e-02  0:09:23   66

 turbulent viscosity limited to viscosity ratio of 1.000000e+05 in 6215 cells 

 Reversed flow on 711 faces of pressure-outlet 7.
    35  4.7012e-01  2.0085e-04  1.9410e-04  2.8925e-04  8.3120e-03  2.1697e-02  1.7688e-02  0:09:08   65

 turbulent viscosity limited to viscosity ratio of 1.000000e+05 in 6567 cells 

 Reversed flow on 715 faces of pressure-outlet 7.
    36  4.8086e-01  1.9824e-04  1.9581e-04  2.8676e-04  8.0970e-03  2.1053e-02  1.7184e-02  0:09:07   64

 turbulent viscosity limited to viscosity ratio of 1.000000e+05 in 6939 cells 

 Reversed flow on 712 faces of pressure-outlet 7.
    37  4.8302e-01  1.9497e-04  1.9712e-04  2.8387e-04  7.9091e-03  1.9988e-02  1.6708e-02  0:08:51   63

 turbulent viscosity limited to viscosity ratio of 1.000000e+05 in 7247 cells 

 Reversed flow on 713 faces of pressure-outlet 7.
    38  4.8565e-01  1.9172e-04  1.9821e-04  2.7950e-04  7.7612e-03  1.9592e-02  1.6257e-02  0:08:50   62

 turbulent viscosity limited to viscosity ratio of 1.000000e+05 in 7580 cells 

 Reversed flow on 710 faces of pressure-outlet 7.
    39  4.8201e-01  1.8806e-04  1.9863e-04  2.7495e-04  7.6163e-03  1.8889e-02  1.5830e-02  0:08:35   61

 turbulent viscosity limited to viscosity ratio of 1.000000e+05 in 7925 cells 

 Reversed flow on 716 faces of pressure-outlet 7.
    40  4.8314e-01  1.8421e-04  1.9867e-04  2.7020e-04  7.5040e-03  1.8362e-02  1.5425e-02  0:08:33   60

 turbulent viscosity limited to viscosity ratio of 1.000000e+05 in 8314 cells 

 Reversed flow on 714 faces of pressure-outlet 7.
    41  4.7861e-01  1.7997e-04  1.9816e-04  2.6620e-04  7.4144e-03  1.7750e-02  1.5040e-02  0:08:18   59

 turbulent viscosity limited to viscosity ratio of 1.000000e+05 in 8692 cells 

 Reversed flow on 706 faces of pressure-outlet 7.
    42  4.7997e-01  1.7589e-04  1.9705e-04  2.6180e-04  7.3494e-03  1.7829e-02  1.4674e-02  0:08:16   58

 turbulent viscosity limited to viscosity ratio of 1.000000e+05 in 9079 cells 

 Reversed flow on 721 faces of pressure-outlet 7.
    43  4.7858e-01  1.7190e-04  1.9582e-04  2.5803e-04  7.3025e-03  1.7794e-02  1.4325e-02  0:08:01   57

 turbulent viscosity limited to viscosity ratio of 1.000000e+05 in 9450 cells 

 Reversed flow on 715 faces of pressure-outlet 7.
    44  4.7793e-01  1.6808e-04  1.9460e-04  2.5338e-04  7.2752e-03  1.7824e-02  1.3993e-02  0:07:59   56

 turbulent viscosity limited to viscosity ratio of 1.000000e+05 in 9783 cells 

 Reversed flow on 724 faces of pressure-outlet 7.

  iter  continuity  x-velocity  y-velocity  z-velocity           k     epsilon  vf-phase-2     time/iter
    45  4.7547e-01  1.6407e-04  1.9356e-04  2.4827e-04  7.2743e-03  1.8192e-02  1.3675e-02  0:07:44   55

 turbulent viscosity limited to viscosity ratio of 1.000000e+05 in 10096 cells 

 Reversed flow on 719 faces of pressure-outlet 7.
    46  4.7804e-01  1.6026e-04  1.9215e-04  2.4323e-04  7.2739e-03  1.8084e-02  1.3372e-02  0:07:42   54

 turbulent viscosity limited to viscosity ratio of 1.000000e+05 in 10479 cells 

 Reversed flow on 710 faces of pressure-outlet 7.
    47  4.7699e-01  1.5696e-04  1.9128e-04  2.3844e-04  7.2818e-03  1.8512e-02  1.3082e-02  0:07:27   53

 turbulent viscosity limited to viscosity ratio of 1.000000e+05 in 10794 cells 

 Reversed flow on 709 faces of pressure-outlet 7.
    48  4.7711e-01  1.5393e-04  1.9039e-04  2.3357e-04  7.3057e-03  1.9100e-02  1.2804e-02  0:07:14   52

 turbulent viscosity limited to viscosity ratio of 1.000000e+05 in 11169 cells 

 Reversed flow on 710 faces of pressure-outlet 7.
    49  4.7731e-01  1.5121e-04  1.8957e-04  2.2937e-04  7.3190e-03  1.9389e-02  1.2538e-02  0:07:13   51

 turbulent viscosity limited to viscosity ratio of 1.000000e+05 in 11477 cells 

 Reversed flow on 711 faces of pressure-outlet 7.
    50  4.7847e-01  1.4896e-04  1.8844e-04  2.2526e-04  7.3407e-03  1.9294e-02  1.2282e-02  0:06:59   50

 turbulent viscosity limited to viscosity ratio of 1.000000e+05 in 11780 cells 

 Reversed flow on 712 faces of pressure-outlet 7.
    51  4.8161e-01  1.4713e-04  1.8776e-04  2.2147e-04  7.3654e-03  2.0303e-02  1.2037e-02  0:06:57   49

 turbulent viscosity limited to viscosity ratio of 1.000000e+05 in 12142 cells 

 Reversed flow on 717 faces of pressure-outlet 7.
    52  4.8375e-01  1.4595e-04  1.8720e-04  2.1795e-04  7.3787e-03  2.0084e-02  1.1802e-02  0:06:44   48

 turbulent viscosity limited to viscosity ratio of 1.000000e+05 in 12405 cells 

 Reversed flow on 708 faces of pressure-outlet 7.
    53  4.8667e-01  1.4499e-04  1.8684e-04  2.1507e-04  7.3789e-03  1.9845e-02  1.1575e-02  0:06:41   47

 turbulent viscosity limited to viscosity ratio of 1.000000e+05 in 12705 cells 

 Reversed flow on 711 faces of pressure-outlet 7.
    54  4.9040e-01  1.4420e-04  1.8655e-04  2.1204e-04  7.3734e-03  1.9295e-02  1.1357e-02  0:06:37   46

 turbulent viscosity limited to viscosity ratio of 1.000000e+05 in 13001 cells 

 Reversed flow on 718 faces of pressure-outlet 7.
    55  4.9805e-01  1.4375e-04  1.8625e-04  2.0886e-04  7.3757e-03  1.8731e-02  1.1147e-02  0:06:22   45

 turbulent viscosity limited to viscosity ratio of 1.000000e+05 in 13235 cells 

 Reversed flow on 706 faces of pressure-outlet 7.

  iter  continuity  x-velocity  y-velocity  z-velocity           k     epsilon  vf-phase-2     time/iter
    56  5.0209e-01  1.4300e-04  1.8504e-04  2.0678e-04  7.3646e-03  1.8413e-02  1.0945e-02  0:06:09   44

 turbulent viscosity limited to viscosity ratio of 1.000000e+05 in 13501 cells 

 Reversed flow on 715 faces of pressure-outlet 7.
    57  5.2990e-01  1.4439e-04  1.8645e-04  2.0265e-04  7.3577e-03  1.8371e-02  1.0750e-02  0:06:06   43

 turbulent viscosity limited to viscosity ratio of 1.000000e+05 in 13754 cells 

 Reversed flow on 712 faces of pressure-outlet 7.
    58  5.2105e-01  1.4314e-04  1.8501e-04  2.0142e-04  7.3456e-03  1.7726e-02  1.0561e-02  0:05:53   42

 turbulent viscosity limited to viscosity ratio of 1.000000e+05 in 13967 cells 

 Reversed flow on 726 faces of pressure-outlet 7.
    59  5.4377e-01  1.4470e-04  1.8630e-04  1.9843e-04  7.3433e-03  1.7136e-02  1.0380e-02  0:05:50   41

 turbulent viscosity limited to viscosity ratio of 1.000000e+05 in 14208 cells 

 Reversed flow on 717 faces of pressure-outlet 7.
    60  5.3843e-01  1.4387e-04  1.8499e-04  1.9756e-04  7.3339e-03  1.6838e-02  1.0204e-02  0:05:37   40

 turbulent viscosity limited to viscosity ratio of 1.000000e+05 in 14392 cells 

 Reversed flow on 720 faces of pressure-outlet 7.
    61  5.6491e-01  1.4532e-04  1.8615e-04  1.9496e-04  7.3268e-03  1.6500e-02  1.0034e-02  0:05:33   39

 turbulent viscosity limited to viscosity ratio of 1.000000e+05 in 14608 cells 

 Reversed flow on 729 faces of pressure-outlet 7.
    62  5.5920e-01  1.4485e-04  1.8492e-04  1.9440e-04  7.3297e-03  1.5812e-02  9.8700e-03  0:05:20   38

 turbulent viscosity limited to viscosity ratio of 1.000000e+05 in 14771 cells 

 Reversed flow on 718 faces of pressure-outlet 7.
    63  5.8426e-01  1.4626e-04  1.8578e-04  1.9194e-04  7.3351e-03  1.5649e-02  9.7110e-03  0:05:16   37

 turbulent viscosity limited to viscosity ratio of 1.000000e+05 in 14947 cells 

 Reversed flow on 714 faces of pressure-outlet 7.
    64  5.7829e-01  1.4589e-04  1.8439e-04  1.9158e-04  7.3405e-03  1.5244e-02  9.5571e-03  0:05:04   36

 turbulent viscosity limited to viscosity ratio of 1.000000e+05 in 15076 cells 

 Reversed flow on 720 faces of pressure-outlet 7.
    65  6.0214e-01  1.4766e-04  1.8505e-04  1.8944e-04  7.3563e-03  1.5067e-02  9.4080e-03  0:04:52   35

 turbulent viscosity limited to viscosity ratio of 1.000000e+05 in 15218 cells 

 Reversed flow on 723 faces of pressure-outlet 7.
    66  5.9771e-01  1.4780e-04  1.8390e-04  1.8897e-04  7.3779e-03  1.4919e-02  9.2635e-03  0:04:48   34

 turbulent viscosity limited to viscosity ratio of 1.000000e+05 in 15283 cells 

 Reversed flow on 722 faces of pressure-outlet 7.

  iter  continuity  x-velocity  y-velocity  z-velocity           k     epsilon  vf-phase-2     time/iter
    67  6.2403e-01  1.4955e-04  1.8466e-04  1.8735e-04  7.4111e-03  1.4691e-02  9.1234e-03  0:04:37   33

 turbulent viscosity limited to viscosity ratio of 1.000000e+05 in 15352 cells 

 Reversed flow on 722 faces of pressure-outlet 7.
    68  6.1946e-01  1.4974e-04  1.8346e-04  1.8717e-04  7.4421e-03  1.4468e-02  8.9874e-03  0:04:32   32

 turbulent viscosity limited to viscosity ratio of 1.000000e+05 in 15420 cells 

 Reversed flow on 720 faces of pressure-outlet 7.
    69  6.4634e-01  1.5148e-04  1.8413e-04  1.8575e-04  7.4818e-03  1.4510e-02  8.8555e-03  0:04:21   31

 turbulent viscosity limited to viscosity ratio of 1.000000e+05 in 15536 cells 

 Reversed flow on 718 faces of pressure-outlet 7.
    70  6.4078e-01  1.5183e-04  1.8299e-04  1.8545e-04  7.5279e-03  1.4622e-02  8.7274e-03  0:04:10   30

 turbulent viscosity limited to viscosity ratio of 1.000000e+05 in 15554 cells 

 Reversed flow on 724 faces of pressure-outlet 7.
    71  6.6474e-01  1.5371e-04  1.8386e-04  1.8424e-04  7.5775e-03  1.5088e-02  8.6029e-03  0:04:05   29

 turbulent viscosity limited to viscosity ratio of 1.000000e+05 in 15559 cells 

 Reversed flow on 732 faces of pressure-outlet 7.
    72  6.6157e-01  1.5395e-04  1.8287e-04  1.8405e-04  7.6198e-03  1.5366e-02  8.4820e-03  0:03:54   28

 turbulent viscosity limited to viscosity ratio of 1.000000e+05 in 15564 cells 

 Reversed flow on 725 faces of pressure-outlet 7.
    73  6.8566e-01  1.5591e-04  1.8409e-04  1.8293e-04  7.6697e-03  1.5830e-02  8.3644e-03  0:03:49   27

 turbulent viscosity limited to viscosity ratio of 1.000000e+05 in 15600 cells 

 Reversed flow on 720 faces of pressure-outlet 7.
    74  6.8102e-01  1.5618e-04  1.8317e-04  1.8290e-04  7.7118e-03  1.6179e-02  8.2500e-03  0:03:38   26

 turbulent viscosity limited to viscosity ratio of 1.000000e+05 in 15576 cells 

 Reversed flow on 726 faces of pressure-outlet 7.
    75  7.0217e-01  1.5809e-04  1.8420e-04  1.8190e-04  7.7501e-03  1.6922e-02  8.1388e-03  0:03:33   25

 turbulent viscosity limited to viscosity ratio of 1.000000e+05 in 15568 cells 

 Reversed flow on 733 faces of pressure-outlet 7.
    76  6.9754e-01  1.5834e-04  1.8330e-04  1.8184e-04  7.7886e-03  1.7283e-02  8.0304e-03  0:03:22   24

 turbulent viscosity limited to viscosity ratio of 1.000000e+05 in 15521 cells 

 Reversed flow on 730 faces of pressure-outlet 7.
    77  7.1765e-01  1.6000e-04  1.8435e-04  1.8115e-04  7.8211e-03  1.7436e-02  7.9249e-03  0:03:16   23

 turbulent viscosity limited to viscosity ratio of 1.000000e+05 in 15498 cells 

 Reversed flow on 728 faces of pressure-outlet 7.

  iter  continuity  x-velocity  y-velocity  z-velocity           k     epsilon  vf-phase-2     time/iter
    78  7.1163e-01  1.6028e-04  1.8366e-04  1.8100e-04  7.8474e-03  1.7462e-02  7.8221e-03  0:03:05   22

 turbulent viscosity limited to viscosity ratio of 1.000000e+05 in 15493 cells 

 Reversed flow on 727 faces of pressure-outlet 7.
    79  7.3026e-01  1.6177e-04  1.8449e-04  1.8033e-04  7.8763e-03  1.7679e-02  7.7220e-03  0:02:55   21

 turbulent viscosity limited to viscosity ratio of 1.000000e+05 in 15487 cells 

 Reversed flow on 736 faces of pressure-outlet 7.
    80  7.2310e-01  1.6161e-04  1.8358e-04  1.8020e-04  7.9043e-03  1.7819e-02  7.6244e-03  0:02:49   20

 turbulent viscosity limited to viscosity ratio of 1.000000e+05 in 15435 cells 

 Reversed flow on 730 faces of pressure-outlet 7.
    81  7.3871e-01  1.6285e-04  1.8425e-04  1.7983e-04  7.9319e-03  1.7975e-02  7.5293e-03  0:02:39   19

 turbulent viscosity limited to viscosity ratio of 1.000000e+05 in 15387 cells 

 Reversed flow on 733 faces of pressure-outlet 7.
    82  7.3348e-01  1.6242e-04  1.8337e-04  1.7943e-04  7.9610e-03  1.8129e-02  7.4365e-03  0:02:33   18

 turbulent viscosity limited to viscosity ratio of 1.000000e+05 in 15333 cells 

 Reversed flow on 729 faces of pressure-outlet 7.
    83  7.4625e-01  1.6357e-04  1.8361e-04  1.7953e-04  7.9958e-03  1.8266e-02  7.3460e-03  0:02:23   17

 turbulent viscosity limited to viscosity ratio of 1.000000e+05 in 15288 cells 

 Reversed flow on 719 faces of pressure-outlet 7.
    84  7.4184e-01  1.6326e-04  1.8269e-04  1.7928e-04  8.0383e-03  1.8397e-02  7.2576e-03  0:02:13   16

 turbulent viscosity limited to viscosity ratio of 1.000000e+05 in 15193 cells 

 Reversed flow on 727 faces of pressure-outlet 7.
    85  7.5170e-01  1.6327e-04  1.8225e-04  1.7948e-04  8.0753e-03  1.8386e-02  7.1713e-03  0:02:07   15

 turbulent viscosity limited to viscosity ratio of 1.000000e+05 in 15136 cells 

 Reversed flow on 731 faces of pressure-outlet 7.
    86  7.6996e-01  1.6462e-04  1.8259e-04  1.7965e-04  8.1316e-03  1.8321e-02  7.0871e-03  0:01:57   14

 turbulent viscosity limited to viscosity ratio of 1.000000e+05 in 15060 cells 

 Reversed flow on 727 faces of pressure-outlet 7.
    87  7.5963e-01  1.6393e-04  1.8137e-04  1.7940e-04  8.1917e-03  1.8594e-02  7.0049e-03  0:01:50   13

 turbulent viscosity limited to viscosity ratio of 1.000000e+05 in 14999 cells 

 Reversed flow on 723 faces of pressure-outlet 7.
    88  7.6609e-01  1.6392e-04  1.8049e-04  1.7946e-04  8.2412e-03  1.8778e-02  6.9245e-03  0:01:41   12

 turbulent viscosity limited to viscosity ratio of 1.000000e+05 in 14919 cells 

 Reversed flow on 728 faces of pressure-outlet 7.

  iter  continuity  x-velocity  y-velocity  z-velocity           k     epsilon  vf-phase-2     time/iter
    89  7.7579e-01  1.6408e-04  1.7974e-04  1.7972e-04  8.2857e-03  1.8937e-02  6.8460e-03  0:01:34   11

 turbulent viscosity limited to viscosity ratio of 1.000000e+05 in 14855 cells 

 Reversed flow on 720 faces of pressure-outlet 7.
    90  7.8279e-01  1.6416e-04  1.7898e-04  1.7999e-04  8.3233e-03  1.8858e-02  6.7693e-03  0:01:24   10

 turbulent viscosity limited to viscosity ratio of 1.000000e+05 in 14764 cells 

 Reversed flow on 715 faces of pressure-outlet 7.
    91  7.8678e-01  1.6444e-04  1.7832e-04  1.7999e-04  8.3499e-03  1.8771e-02  6.6943e-03  0:01:15    9

 turbulent viscosity limited to viscosity ratio of 1.000000e+05 in 14686 cells 

 Reversed flow on 720 faces of pressure-outlet 7.
    92  7.8958e-01  1.6477e-04  1.7759e-04  1.7993e-04  8.3567e-03  1.8838e-02  6.6209e-03  0:01:08    8

 turbulent viscosity limited to viscosity ratio of 1.000000e+05 in 14615 cells 

 Reversed flow on 719 faces of pressure-outlet 7.
    93  7.9548e-01  1.6496e-04  1.7673e-04  1.7995e-04  8.3627e-03  1.8936e-02  6.5491e-03  0:00:59    7

 turbulent viscosity limited to viscosity ratio of 1.000000e+05 in 14522 cells 

 Reversed flow on 714 faces of pressure-outlet 7.
    94  8.0159e-01  1.6507e-04  1.7591e-04  1.8004e-04  8.3580e-03  1.8707e-02  6.4789e-03  0:00:51    6

 turbulent viscosity limited to viscosity ratio of 1.000000e+05 in 14424 cells 

 Reversed flow on 710 faces of pressure-outlet 7.
    95  8.0729e-01  1.6515e-04  1.7504e-04  1.8011e-04  8.3459e-03  1.8561e-02  6.4101e-03  0:00:42    5

 turbulent viscosity limited to viscosity ratio of 1.000000e+05 in 14344 cells 

 Reversed flow on 707 faces of pressure-outlet 7.
    96  8.1174e-01  1.6532e-04  1.7407e-04  1.8014e-04  8.3324e-03  1.8530e-02  6.3427e-03  0:00:34    4

 turbulent viscosity limited to viscosity ratio of 1.000000e+05 in 14247 cells 

 Reversed flow on 702 faces of pressure-outlet 7.
    97  8.1552e-01  1.6548e-04  1.7310e-04  1.8011e-04  8.3137e-03  1.8350e-02  6.2768e-03  0:00:25    3

 turbulent viscosity limited to viscosity ratio of 1.000000e+05 in 14177 cells 

 Reversed flow on 722 faces of pressure-outlet 7.
    98  8.1985e-01  1.6546e-04  1.7202e-04  1.8008e-04  8.2846e-03  1.8134e-02  6.2122e-03  0:00:17    2

 turbulent viscosity limited to viscosity ratio of 1.000000e+05 in 14085 cells 

 Reversed flow on 710 faces of pressure-outlet 7.
    99  8.2389e-01  1.6543e-04  1.7097e-04  1.8006e-04  8.2541e-03  1.7864e-02  6.1490e-03  0:00:08    1

 turbulent viscosity limited to viscosity ratio of 1.000000e+05 in 13964 cells 

 Reversed flow on 702 faces of pressure-outlet 7.

  iter  continuity  x-velocity  y-velocity  z-velocity           k     epsilon  vf-phase-2     time/iter

Error: Invalid path: "C:\Users\qtra338\Documents\Bangma Design (swirl 0.15)\Bangma_separator_files\dp0\FFF\Fluent\" does not exist!
Error Object: #f


ERROR: Invalid path: "C:\Users\qtra338\Documents\Bangma Design (swirl 0.15)\Bangma_separator_files\dp0\FFF\Fluent\" does not exist!
Error object: #f


iterate_100: OK
progress: 100/1500
active_calculation_state: clearing stale state ['interrupt']
Done.
interrupt_stale_calculation: OK

> 
  iter  continuity  x-velocity  y-velocity  z-velocity           k     epsilon  vf-phase-2     time/iter

Error: Invalid path: "C:\Users\qtra338\Documents\Bangma Design (swirl 0.15)\Bangma_separator_files\dp0\FFF\Fluent\" does not exist!
Error Object: #f


ERROR: Invalid path: "C:\Users\qtra338\Documents\Bangma Design (swirl 0.15)\Bangma_separator_files\dp0\FFF\Fluent\" does not exist!
Error object: #f
iterate_200: OK
progress: 200/1500


active_calculation_state: clearing stale state ['interrupt']
Done.
interrupt_stale_calculation: OK

> 
  iter  continuity  x-velocity  y-velocity  z-velocity           k     epsilon  vf-phase-2     time/iter

Error: Invalid path: "C:\Users\qtra338\Documents\Bangma Design (swirl 0.15)\Bangma_separator_files\dp0\FFF\Fluent\" does not exist!
Error Object: #f


ERROR: Invalid path: "C:\Users\qtra338\Documents\Bangma Design (swirl 0.15)\Bangma_separator_files\dp0\FFF\Fluent\" does not exist!
Error object: #f
iterate_300: OK
progress: 300/1500


active_calculation_state: clearing stale state ['interrupt']
interrupt_stale_calculation: OK
Done.

> 
  iter  continuity  x-velocity  y-velocity  z-velocity           k     epsilon  vf-phase-2     time/iter

Error: Invalid path: "C:\Users\qtra338\Documents\Bangma Design (swirl 0.15)\Bangma_separator_files\dp0\FFF\Fluent\" does not exist!
Error Object: #f


ERROR: Invalid path: "C:\Users\qtra338\Documents\Bangma Design (swirl 0.15)\Bangma_separator_files\dp0\FFF\Fluent\" does not exist!
iterate_400: OK
progress: 400/1500
Error object: #f


active_calculation_state: clearing stale state ['interrupt']
Done.
interrupt_stale_calculation: OK

> 
  iter  continuity  x-velocity  y-velocity  z-velocity           k     epsilon  vf-phase-2     time/iter

Error: Invalid path: "C:\Users\qtra338\Documents\Bangma Design (swirl 0.15)\Bangma_separator_files\dp0\FFF\Fluent\" does not exist!
Error Object: #f


ERROR: Invalid path: "C:\Users\qtra338\Documents\Bangma Design (swirl 0.15)\Bangma_separator_files\dp0\FFF\Fluent\" does not exist!
Error object: #f


iterate_500: OK
progress: 500/1500

=== autosave_500 ===

Writing to EN439159:"C:\Users\qtra338\Documents\enthalpy_sweep\case_5_1680_autosave_iter500.cas.h5" in NODE0 mode and compression level 1 ...
Grouping cells for Laplace smoothing ...
     5578299 cells,     1 zone  ...
    11355491 faces,     5 zones ...
     1026091 nodes,     1 zone  ...
  Done.
Done.
write_case_autosave_500: OK

Writing to EN439159:"C:\Users\qtra338\Documents\enthalpy_sweep\case_5_1680_autosave_iter500.dat.h5" in NODE0 mode and compression level 1 ...
  Writing results.
Done.write_data_autosave_500: OK

active_calculation_state: clearing stale state ['interrupt']
interrupt_stale_calculation: OK
Done.

> 
  iter  continuity  x-velocity  y-velocity  z-velocity           k     epsilon  vf-phase-2     time/iter
   100  8.3037e-01  1.6535e-04  1.6994e-04  1.8005e-04  8.2161e-03  1.7717e-02  6.0870e-03  0:13:57  100

 turbulent viscosity limited to viscosity ratio of 1.000000e+05 in 13861 cells 

 Reversed flow on 708 faces of pressure-outlet 7.
   101  8.3455e-01  1.6515e-04  1.6889e-04  1.7982e-04  8.1684e-03  1.7375e-02  6.0263e-03  0:14:01   99

 turbulent viscosity limited to viscosity ratio of 1.000000e+05 in 13749 cells 

 Reversed flow on 697 faces of pressure-outlet 7.
   102  8.3705e-01  1.6478e-04  1.6772e-04  1.7947e-04  8.1165e-03  1.7066e-02  5.9668e-03  0:14:03   98

 turbulent viscosity limited to viscosity ratio of 1.000000e+05 in 13659 cells 

 Reversed flow on 697 faces of pressure-outlet 7.
   103  8.3896e-01  1.6436e-04  1.6655e-04  1.7910e-04  8.0609e-03  1.6904e-02  5.9084e-03  0:13:42   97

 turbulent viscosity limited to viscosity ratio of 1.000000e+05 in 13584 cells 

 Reversed flow on 707 faces of pressure-outlet 7.
   104  8.4096e-01  1.6381e-04  1.6554e-04  1.7861e-04  7.9926e-03  1.6632e-02  5.8511e-03  0:13:44   96

 turbulent viscosity limited to viscosity ratio of 1.000000e+05 in 13451 cells 

 Reversed flow on 701 faces of pressure-outlet 7.
   105  8.4201e-01  1.6314e-04  1.6442e-04  1.7819e-04  7.9215e-03  1.6241e-02  5.7950e-03  0:13:24   95

 turbulent viscosity limited to viscosity ratio of 1.000000e+05 in 13333 cells 

 Reversed flow on 707 faces of pressure-outlet 7.
   106  8.4468e-01  1.6245e-04  1.6357e-04  1.7781e-04  7.8481e-03  1.5714e-02  5.7400e-03  0:13:07   94

 turbulent viscosity limited to viscosity ratio of 1.000000e+05 in 13207 cells 

 Reversed flow on 706 faces of pressure-outlet 7.
   107  8.4598e-01  1.6164e-04  1.6246e-04  1.7722e-04  7.7811e-03  1.5419e-02  5.6860e-03  0:13:10   93

 turbulent viscosity limited to viscosity ratio of 1.000000e+05 in 13090 cells 

 Reversed flow on 687 faces of pressure-outlet 7.
   108  8.4444e-01  1.6080e-04  1.6131e-04  1.7646e-04  7.7157e-03  1.5197e-02  5.6330e-03  0:12:53   92

 turbulent viscosity limited to viscosity ratio of 1.000000e+05 in 13010 cells 

 Reversed flow on 689 faces of pressure-outlet 7.
   109  8.4192e-01  1.5986e-04  1.6006e-04  1.7567e-04  7.6502e-03  1.4917e-02  5.5811e-03  0:12:55   91

 turbulent viscosity limited to viscosity ratio of 1.000000e+05 in 12906 cells 

 Reversed flow on 682 faces of pressure-outlet 7.
   110  8.3837e-01  1.5897e-04  1.5881e-04  1.7486e-04  7.5846e-03  1.4605e-02  5.5300e-03  0:12:37   90

 turbulent viscosity limited to viscosity ratio of 1.000000e+05 in 12768 cells 

 Reversed flow on 694 faces of pressure-outlet 7.

  iter  continuity  x-velocity  y-velocity  z-velocity           k     epsilon  vf-phase-2     time/iter
   111  8.3477e-01  1.5794e-04  1.5771e-04  1.7405e-04  7.5198e-03  1.4478e-02  5.4799e-03  0:12:22   89

 turbulent viscosity limited to viscosity ratio of 1.000000e+05 in 12665 cells 

 Reversed flow on 675 faces of pressure-outlet 7.
   112  8.3009e-01  1.5698e-04  1.5664e-04  1.7308e-04  7.4579e-03  1.4242e-02  5.4307e-03  0:12:25   88

 turbulent viscosity limited to viscosity ratio of 1.000000e+05 in 12527 cells 

 Reversed flow on 664 faces of pressure-outlet 7.
   113  8.2682e-01  1.5597e-04  1.5550e-04  1.7211e-04  7.4044e-03  1.4116e-02  5.3824e-03  0:12:08   87

 turbulent viscosity limited to viscosity ratio of 1.000000e+05 in 12400 cells 

 Reversed flow on 669 faces of pressure-outlet 7.
   114  8.2293e-01  1.5503e-04  1.5450e-04  1.7127e-04  7.3688e-03  1.4016e-02  5.3350e-03  0:11:54   86

 turbulent viscosity limited to viscosity ratio of 1.000000e+05 in 12285 cells 

 Reversed flow on 686 faces of pressure-outlet 7.
   115  8.1761e-01  1.5404e-04  1.5356e-04  1.7038e-04  7.3489e-03  1.3965e-02  5.2883e-03  0:11:57   85

 turbulent viscosity limited to viscosity ratio of 1.000000e+05 in 12171 cells 

 Reversed flow on 679 faces of pressure-outlet 7.
   116  8.1143e-01  1.5303e-04  1.5263e-04  1.6939e-04  7.3405e-03  1.3987e-02  5.2425e-03  0:11:41   84

 turbulent viscosity limited to viscosity ratio of 1.000000e+05 in 12028 cells 

 Reversed flow on 674 faces of pressure-outlet 7.
   117  8.0543e-01  1.5214e-04  1.5165e-04  1.6851e-04  7.3373e-03  1.4039e-02  5.1974e-03  0:11:44   83

 turbulent viscosity limited to viscosity ratio of 1.000000e+05 in 11913 cells 

 Reversed flow on 669 faces of pressure-outlet 7.
   118  8.0001e-01  1.5126e-04  1.5071e-04  1.6755e-04  7.3374e-03  1.4179e-02  5.1532e-03  0:11:28   82

 turbulent viscosity limited to viscosity ratio of 1.000000e+05 in 11778 cells 

 Reversed flow on 667 faces of pressure-outlet 7.
   119  7.9345e-01  1.5032e-04  1.4976e-04  1.6661e-04  7.3341e-03  1.4342e-02  5.1097e-03  0:11:29   81

 turbulent viscosity limited to viscosity ratio of 1.000000e+05 in 11667 cells 

 Reversed flow on 664 faces of pressure-outlet 7.
   120  7.8689e-01  1.4952e-04  1.4876e-04  1.6569e-04  7.3251e-03  1.4344e-02  5.0669e-03  0:11:12   80

 turbulent viscosity limited to viscosity ratio of 1.000000e+05 in 11550 cells 

 Reversed flow on 665 faces of pressure-outlet 7.
   121  7.8035e-01  1.4862e-04  1.4773e-04  1.6480e-04  7.3077e-03  1.4401e-02  5.0248e-03  0:10:58   79

 turbulent viscosity limited to viscosity ratio of 1.000000e+05 in 11428 cells 

 Reversed flow on 677 faces of pressure-outlet 7.

  iter  continuity  x-velocity  y-velocity  z-velocity           k     epsilon  vf-phase-2     time/iter
   122  7.7477e-01  1.4775e-04  1.4678e-04  1.6382e-04  7.2828e-03  1.4337e-02  4.9835e-03  0:11:00   78

 turbulent viscosity limited to viscosity ratio of 1.000000e+05 in 11292 cells 

 Reversed flow on 680 faces of pressure-outlet 7.
   123  7.6921e-01  1.4690e-04  1.4578e-04  1.6297e-04  7.2536e-03  1.4388e-02  4.9428e-03  0:10:44   77

 turbulent viscosity limited to viscosity ratio of 1.000000e+05 in 11175 cells 

 Reversed flow on 664 faces of pressure-outlet 7.
   124  7.6400e-01  1.4603e-04  1.4478e-04  1.6207e-04  7.2169e-03  1.4374e-02  4.9028e-03  0:10:46   76

 turbulent viscosity limited to viscosity ratio of 1.000000e+05 in 11066 cells 

 Reversed flow on 670 faces of pressure-outlet 7.
   125  7.5872e-01  1.4509e-04  1.4374e-04  1.6127e-04  7.1717e-03  1.4304e-02  4.8634e-03  0:10:30   75

 turbulent viscosity limited to viscosity ratio of 1.000000e+05 in 10955 cells 

 Reversed flow on 666 faces of pressure-outlet 7.
   126  7.5496e-01  1.4415e-04  1.4281e-04  1.6051e-04  7.1227e-03  1.4174e-02  4.8247e-03  0:10:15   74

 turbulent viscosity limited to viscosity ratio of 1.000000e+05 in 10847 cells 

 Reversed flow on 660 faces of pressure-outlet 7.
   127  7.4962e-01  1.4311e-04  1.4189e-04  1.5972e-04  7.0679e-03  1.4129e-02  4.7866e-03  0:10:17   73

 turbulent viscosity limited to viscosity ratio of 1.000000e+05 in 10755 cells 

 Reversed flow on 664 faces of pressure-outlet 7.
   128  7.4366e-01  1.4207e-04  1.4098e-04  1.5898e-04  7.0076e-03  1.3868e-02  4.7490e-03  0:10:02   72

 turbulent viscosity limited to viscosity ratio of 1.000000e+05 in 10645 cells 

 Reversed flow on 663 faces of pressure-outlet 7.
   129  7.3915e-01  1.4102e-04  1.4007e-04  1.5823e-04  6.9467e-03  1.3754e-02  4.7121e-03  0:10:03   71

 turbulent viscosity limited to viscosity ratio of 1.000000e+05 in 10536 cells 

 Reversed flow on 662 faces of pressure-outlet 7.
   130  7.3503e-01  1.3993e-04  1.3918e-04  1.5748e-04  6.8882e-03  1.3684e-02  4.6757e-03  0:09:47   70

 turbulent viscosity limited to viscosity ratio of 1.000000e+05 in 10434 cells 

 Reversed flow on 665 faces of pressure-outlet 7.
   131  7.3031e-01  1.3885e-04  1.3826e-04  1.5680e-04  6.8291e-03  1.3559e-02  4.6399e-03  0:09:47   69

 turbulent viscosity limited to viscosity ratio of 1.000000e+05 in 10349 cells 

 Reversed flow on 683 faces of pressure-outlet 7.
   132  7.2524e-01  1.3779e-04  1.3732e-04  1.5618e-04  6.7678e-03  1.3372e-02  4.6046e-03  0:09:32   68

 turbulent viscosity limited to viscosity ratio of 1.000000e+05 in 10244 cells 

 Reversed flow on 665 faces of pressure-outlet 7.

  iter  continuity  x-velocity  y-velocity  z-velocity           k     epsilon  vf-phase-2     time/iter
   133  7.2136e-01  1.3676e-04  1.3643e-04  1.5556e-04  6.7075e-03  1.3135e-02  4.5699e-03  0:09:18   67

 turbulent viscosity limited to viscosity ratio of 1.000000e+05 in 10143 cells 

 Reversed flow on 666 faces of pressure-outlet 7.
   134  7.1746e-01  1.3572e-04  1.3555e-04  1.5492e-04  6.6510e-03  1.2926e-02  4.5357e-03  0:09:19   66

 turbulent viscosity limited to viscosity ratio of 1.000000e+05 in 10039 cells 

 Reversed flow on 669 faces of pressure-outlet 7.
   135  7.1344e-01  1.3473e-04  1.3469e-04  1.5438e-04  6.5957e-03  1.2899e-02  4.5020e-03  0:09:04   65

 turbulent viscosity limited to viscosity ratio of 1.000000e+05 in 9939 cells 

 Reversed flow on 667 faces of pressure-outlet 7.
   136  7.0906e-01  1.3377e-04  1.3392e-04  1.5375e-04  6.5418e-03  1.2674e-02  4.4688e-03  0:09:04   64

 turbulent viscosity limited to viscosity ratio of 1.000000e+05 in 9817 cells 

 Reversed flow on 670 faces of pressure-outlet 7.
   137  7.0539e-01  1.3274e-04  1.3320e-04  1.5315e-04  6.4930e-03  1.2698e-02  4.4361e-03  0:08:49   63

 turbulent viscosity limited to viscosity ratio of 1.000000e+05 in 9703 cells 

 Reversed flow on 663 faces of pressure-outlet 7.
   138  7.0158e-01  1.3183e-04  1.3255e-04  1.5257e-04  6.4449e-03  1.2523e-02  4.4039e-03  0:08:48   62

 turbulent viscosity limited to viscosity ratio of 1.000000e+05 in 9574 cells 

 Reversed flow on 657 faces of pressure-outlet 7.
   139  6.9945e-01  1.3091e-04  1.3190e-04  1.5199e-04  6.3966e-03  1.2472e-02  4.3721e-03  0:08:33   61

 turbulent viscosity limited to viscosity ratio of 1.000000e+05 in 9481 cells 

 Reversed flow on 653 faces of pressure-outlet 7.
   140  6.9600e-01  1.2999e-04  1.3138e-04  1.5147e-04  6.3468e-03  1.2373e-02  4.3409e-03  0:08:20   60

 turbulent viscosity limited to viscosity ratio of 1.000000e+05 in 9359 cells 

 Reversed flow on 648 faces of pressure-outlet 7.
   141  6.9262e-01  1.2917e-04  1.3079e-04  1.5088e-04  6.3001e-03  1.2304e-02  4.3101e-03  0:08:19   59

 turbulent viscosity limited to viscosity ratio of 1.000000e+05 in 9269 cells 

 Reversed flow on 646 faces of pressure-outlet 7.
   142  6.9027e-01  1.2834e-04  1.3027e-04  1.5040e-04  6.2545e-03  1.2228e-02  4.2798e-03  0:08:06   58

 turbulent viscosity limited to viscosity ratio of 1.000000e+05 in 9151 cells 

 Reversed flow on 647 faces of pressure-outlet 7.
   143  6.8867e-01  1.2758e-04  1.2976e-04  1.4987e-04  6.2080e-03  1.2228e-02  4.2498e-03  0:08:04   57

 turbulent viscosity limited to viscosity ratio of 1.000000e+05 in 9060 cells 

 Reversed flow on 647 faces of pressure-outlet 7.

  iter  continuity  x-velocity  y-velocity  z-velocity           k     epsilon  vf-phase-2     time/iter
   144  6.8677e-01  1.2692e-04  1.2926e-04  1.4933e-04  6.1644e-03  1.2249e-02  4.2203e-03  0:07:50   56

 turbulent viscosity limited to viscosity ratio of 1.000000e+05 in 8954 cells 

 Reversed flow on 638 faces of pressure-outlet 7.
   145  6.8467e-01  1.2629e-04  1.2874e-04  1.4882e-04  6.1203e-03  1.2162e-02  4.1911e-03  0:07:38   55

 turbulent viscosity limited to viscosity ratio of 1.000000e+05 in 8849 cells 

 Reversed flow on 649 faces of pressure-outlet 7.
   146  6.8097e-01  1.2573e-04  1.2820e-04  1.4820e-04  6.0740e-03  1.2091e-02  4.1624e-03  0:07:37   54

 turbulent viscosity limited to viscosity ratio of 1.000000e+05 in 8737 cells 

 Reversed flow on 649 faces of pressure-outlet 7.
   147  6.7772e-01  1.2517e-04  1.2773e-04  1.4763e-04  6.0292e-03  1.2143e-02  4.1341e-03  0:07:23   53

 turbulent viscosity limited to viscosity ratio of 1.000000e+05 in 8641 cells 

 Reversed flow on 625 faces of pressure-outlet 7.
   148  6.7418e-01  1.2457e-04  1.2727e-04  1.4712e-04  5.9852e-03  1.1973e-02  4.1062e-03  0:07:22   52

 turbulent viscosity limited to viscosity ratio of 1.000000e+05 in 8533 cells 

 Reversed flow on 624 faces of pressure-outlet 7.
   149  6.7155e-01  1.2397e-04  1.2684e-04  1.4655e-04  5.9410e-03  1.2102e-02  4.0786e-03  0:07:08   51

 turbulent viscosity limited to viscosity ratio of 1.000000e+05 in 8413 cells 

 Reversed flow on 634 faces of pressure-outlet 7.
   150  6.6989e-01  1.2347e-04  1.2639e-04  1.4593e-04  5.8915e-03  1.1745e-02  4.0514e-03  0:06:56   50

 turbulent viscosity limited to viscosity ratio of 1.000000e+05 in 8314 cells 

 Reversed flow on 631 faces of pressure-outlet 7.
   151  6.6832e-01  1.2296e-04  1.2598e-04  1.4530e-04  5.8457e-03  1.1650e-02  4.0245e-03  0:06:54   49

 turbulent viscosity limited to viscosity ratio of 1.000000e+05 in 8241 cells 

 Reversed flow on 616 faces of pressure-outlet 7.
   152  6.6675e-01  1.2248e-04  1.2557e-04  1.4471e-04  5.7997e-03  1.1825e-02  3.9980e-03  0:06:41   48

 turbulent viscosity limited to viscosity ratio of 1.000000e+05 in 8125 cells 

 Reversed flow on 617 faces of pressure-outlet 7.
   153  6.6526e-01  1.2208e-04  1.2521e-04  1.4415e-04  5.7506e-03  1.1599e-02  3.9719e-03  0:06:39   47

 turbulent viscosity limited to viscosity ratio of 1.000000e+05 in 8040 cells 

 Reversed flow on 614 faces of pressure-outlet 7.
   154  6.6324e-01  1.2167e-04  1.2488e-04  1.4359e-04  5.7051e-03  1.1503e-02  3.9460e-03  0:06:26   46

 turbulent viscosity limited to viscosity ratio of 1.000000e+05 in 7935 cells 

 Reversed flow on 619 faces of pressure-outlet 7.

  iter  continuity  x-velocity  y-velocity  z-velocity           k     epsilon  vf-phase-2     time/iter
   155  6.6200e-01  1.2117e-04  1.2458e-04  1.4314e-04  5.6619e-03  1.1474e-02  3.9206e-03  0:06:23   45

 turbulent viscosity limited to viscosity ratio of 1.000000e+05 in 7848 cells 

 Reversed flow on 617 faces of pressure-outlet 7.
   156  6.6090e-01  1.2079e-04  1.2433e-04  1.4270e-04  5.6147e-03  1.1590e-02  3.8955e-03  0:06:10   44

 turbulent viscosity limited to viscosity ratio of 1.000000e+05 in 7749 cells 

 Reversed flow on 600 faces of pressure-outlet 7.
   157  6.6021e-01  1.2038e-04  1.2408e-04  1.4226e-04  5.5655e-03  1.1405e-02  3.8707e-03  0:05:58   43

 turbulent viscosity limited to viscosity ratio of 1.000000e+05 in 7644 cells 

 Reversed flow on 597 faces of pressure-outlet 7.
   158  6.5988e-01  1.2001e-04  1.2388e-04  1.4186e-04  5.5160e-03  1.1382e-02  3.8463e-03  0:05:55   42

 turbulent viscosity limited to viscosity ratio of 1.000000e+05 in 7536 cells 

 Reversed flow on 596 faces of pressure-outlet 7.
   159  6.5890e-01  1.1959e-04  1.2370e-04  1.4157e-04  5.4670e-03  1.1218e-02  3.8221e-03  0:05:43   41

 turbulent viscosity limited to viscosity ratio of 1.000000e+05 in 7462 cells 

 Reversed flow on 601 faces of pressure-outlet 7.
   160  6.5806e-01  1.1922e-04  1.2350e-04  1.4133e-04  5.4229e-03  1.1160e-02  3.7983e-03  0:05:40   40

 turbulent viscosity limited to viscosity ratio of 1.000000e+05 in 7386 cells 

 Reversed flow on 598 faces of pressure-outlet 7.
   161  6.5559e-01  1.1888e-04  1.2325e-04  1.4113e-04  5.3804e-03  1.1127e-02  3.7747e-03  0:05:27   39

 turbulent viscosity limited to viscosity ratio of 1.000000e+05 in 7305 cells 

 Reversed flow on 592 faces of pressure-outlet 7.
   162  6.5434e-01  1.1856e-04  1.2305e-04  1.4093e-04  5.3427e-03  1.1087e-02  3.7515e-03  0:05:24   38

 turbulent viscosity limited to viscosity ratio of 1.000000e+05 in 7208 cells 

 Reversed flow on 591 faces of pressure-outlet 7.
   163  6.5381e-01  1.1825e-04  1.2286e-04  1.4077e-04  5.3059e-03  1.1099e-02  3.7285e-03  0:05:11   37

 turbulent viscosity limited to viscosity ratio of 1.000000e+05 in 7120 cells 

 Reversed flow on 587 faces of pressure-outlet 7.
   164  6.5277e-01  1.1797e-04  1.2267e-04  1.4063e-04  5.2714e-03  1.1066e-02  3.7058e-03  0:05:07   36

 turbulent viscosity limited to viscosity ratio of 1.000000e+05 in 7020 cells 

 Reversed flow on 585 faces of pressure-outlet 7.
   165  6.5202e-01  1.1772e-04  1.2252e-04  1.4051e-04  5.2359e-03  1.1076e-02  3.6834e-03  0:04:55   35

 turbulent viscosity limited to viscosity ratio of 1.000000e+05 in 6938 cells 

 Reversed flow on 582 faces of pressure-outlet 7.

  iter  continuity  x-velocity  y-velocity  z-velocity           k     epsilon  vf-phase-2     time/iter
   166  6.5176e-01  1.1752e-04  1.2230e-04  1.4047e-04  5.2063e-03  1.1028e-02  3.6613e-03  0:04:44   34

 turbulent viscosity limited to viscosity ratio of 1.000000e+05 in 6857 cells 

 Reversed flow on 577 faces of pressure-outlet 7.
   167  6.5190e-01  1.1732e-04  1.2213e-04  1.4035e-04  5.1757e-03  1.1019e-02  3.6394e-03  0:04:40   33

 turbulent viscosity limited to viscosity ratio of 1.000000e+05 in 6772 cells 

 Reversed flow on 584 faces of pressure-outlet 7.
   168  6.5225e-01  1.1722e-04  1.2199e-04  1.4032e-04  5.1463e-03  1.0923e-02  3.6178e-03  0:04:28   32

 turbulent viscosity limited to viscosity ratio of 1.000000e+05 in 6687 cells 

 Reversed flow on 579 faces of pressure-outlet 7.
   169  6.5334e-01  1.1719e-04  1.2189e-04  1.4030e-04  5.1175e-03  1.0837e-02  3.5965e-03  0:04:24   31

 turbulent viscosity limited to viscosity ratio of 1.000000e+05 in 6589 cells 

 Reversed flow on 570 faces of pressure-outlet 7.
   170  6.5447e-01  1.1720e-04  1.2176e-04  1.4027e-04  5.0907e-03  1.1040e-02  3.5755e-03  0:04:12   30

 turbulent viscosity limited to viscosity ratio of 1.000000e+05 in 6522 cells 

 Reversed flow on 583 faces of pressure-outlet 7.
   171  6.5601e-01  1.1720e-04  1.2169e-04  1.4025e-04  5.0641e-03  1.0954e-02  3.5547e-03  0:04:01   29

 turbulent viscosity limited to viscosity ratio of 1.000000e+05 in 6452 cells 

 Reversed flow on 566 faces of pressure-outlet 7.
   172  6.5725e-01  1.1727e-04  1.2164e-04  1.4023e-04  5.0389e-03  1.1060e-02  3.5341e-03  0:03:57   28

 turbulent viscosity limited to viscosity ratio of 1.000000e+05 in 6361 cells 

 Reversed flow on 560 faces of pressure-outlet 7.
   173  6.5835e-01  1.1740e-04  1.2160e-04  1.4024e-04  5.0104e-03  1.1086e-02  3.5137e-03  0:03:46   27

 turbulent viscosity limited to viscosity ratio of 1.000000e+05 in 6280 cells 

 Reversed flow on 558 faces of pressure-outlet 7.
   174  6.5956e-01  1.1752e-04  1.2160e-04  1.4019e-04  4.9822e-03  1.1106e-02  3.4935e-03  0:03:41   26

 turbulent viscosity limited to viscosity ratio of 1.000000e+05 in 6198 cells 

 Reversed flow on 569 faces of pressure-outlet 7.
   175  6.6037e-01  1.1767e-04  1.2164e-04  1.4016e-04  4.9541e-03  1.1257e-02  3.4736e-03  0:03:30   25

 turbulent viscosity limited to viscosity ratio of 1.000000e+05 in 6130 cells 

 Reversed flow on 571 faces of pressure-outlet 7.
   176  6.6105e-01  1.1790e-04  1.2166e-04  1.4015e-04  4.9230e-03  1.1296e-02  3.4540e-03  0:03:24   24

 turbulent viscosity limited to viscosity ratio of 1.000000e+05 in 6058 cells 

 Reversed flow on 559 faces of pressure-outlet 7.

  iter  continuity  x-velocity  y-velocity  z-velocity           k     epsilon  vf-phase-2     time/iter
   177  6.6182e-01  1.1806e-04  1.2171e-04  1.4014e-04  4.8936e-03  1.1325e-02  3.4345e-03  0:03:13   23

 turbulent viscosity limited to viscosity ratio of 1.000000e+05 in 5993 cells 

 Reversed flow on 558 faces of pressure-outlet 7.
   178  6.6319e-01  1.1830e-04  1.2178e-04  1.4010e-04  4.8645e-03  1.1518e-02  3.4153e-03  0:03:03   22

 turbulent viscosity limited to viscosity ratio of 1.000000e+05 in 5934 cells 

 Reversed flow on 555 faces of pressure-outlet 7.
   179  6.6288e-01  1.1848e-04  1.2192e-04  1.4009e-04  4.8343e-03  1.1291e-02  3.3963e-03  0:02:58   21

 turbulent viscosity limited to viscosity ratio of 1.000000e+05 in 5876 cells 

 Reversed flow on 553 faces of pressure-outlet 7.
   180  6.6306e-01  1.1870e-04  1.2207e-04  1.4008e-04  4.8090e-03  1.1388e-02  3.3775e-03  0:02:47   20

 turbulent viscosity limited to viscosity ratio of 1.000000e+05 in 5820 cells 

 Reversed flow on 545 faces of pressure-outlet 7.
   181  6.6388e-01  1.1890e-04  1.2224e-04  1.4006e-04  4.7802e-03  1.1162e-02  3.3590e-03  0:02:41   19

 turbulent viscosity limited to viscosity ratio of 1.000000e+05 in 5746 cells 

 Reversed flow on 543 faces of pressure-outlet 7.
   182  6.6416e-01  1.1915e-04  1.2241e-04  1.4002e-04  4.7534e-03  1.1269e-02  3.3406e-03  0:02:31   18

 turbulent viscosity limited to viscosity ratio of 1.000000e+05 in 5678 cells 

 Reversed flow on 549 faces of pressure-outlet 7.
   183  6.6463e-01  1.1941e-04  1.2258e-04  1.4004e-04  4.7276e-03  1.1243e-02  3.3225e-03  0:02:21   17

 turbulent viscosity limited to viscosity ratio of 1.000000e+05 in 5598 cells 

 Reversed flow on 550 faces of pressure-outlet 7.
   184  6.6436e-01  1.1965e-04  1.2272e-04  1.4005e-04  4.7041e-03  1.1293e-02  3.3045e-03  0:02:15   16

 turbulent viscosity limited to viscosity ratio of 1.000000e+05 in 5541 cells 

 Reversed flow on 544 faces of pressure-outlet 7.
   185  6.6452e-01  1.1990e-04  1.2294e-04  1.4000e-04  4.6831e-03  1.1592e-02  3.2867e-03  0:02:05   15

 turbulent viscosity limited to viscosity ratio of 1.000000e+05 in 5477 cells 

 Reversed flow on 534 faces of pressure-outlet 7.
   186  6.6462e-01  1.2011e-04  1.2312e-04  1.3997e-04  4.6641e-03  1.1755e-02  3.2691e-03  0:01:59   14

 turbulent viscosity limited to viscosity ratio of 1.000000e+05 in 5432 cells 

 Reversed flow on 530 faces of pressure-outlet 7.
   187  6.6471e-01  1.2034e-04  1.2329e-04  1.3992e-04  4.6432e-03  1.1814e-02  3.2516e-03  0:01:49   13

 turbulent viscosity limited to viscosity ratio of 1.000000e+05 in 5386 cells 

 Reversed flow on 538 faces of pressure-outlet 7.

  iter  continuity  x-velocity  y-velocity  z-velocity           k     epsilon  vf-phase-2     time/iter
   188  6.6455e-01  1.2058e-04  1.2348e-04  1.3984e-04  4.6244e-03  1.1738e-02  3.2343e-03  0:01:40   12

 turbulent viscosity limited to viscosity ratio of 1.000000e+05 in 5335 cells 

 Reversed flow on 531 faces of pressure-outlet 7.
   189  6.6438e-01  1.2085e-04  1.2364e-04  1.3973e-04  4.6067e-03  1.1736e-02  3.2172e-03  0:01:33   11

 turbulent viscosity limited to viscosity ratio of 1.000000e+05 in 5286 cells 

 Reversed flow on 529 faces of pressure-outlet 7.
   190  6.6413e-01  1.2111e-04  1.2381e-04  1.3961e-04  4.5869e-03  1.1564e-02  3.2002e-03  0:01:24   10

 turbulent viscosity limited to viscosity ratio of 1.000000e+05 in 5222 cells 

 Reversed flow on 526 faces of pressure-outlet 7.
   191  6.6347e-01  1.2130e-04  1.2395e-04  1.3946e-04  4.5678e-03  1.1605e-02  3.1835e-03  0:01:16    9

 turbulent viscosity limited to viscosity ratio of 1.000000e+05 in 5172 cells 

 Reversed flow on 527 faces of pressure-outlet 7.
   192  6.6329e-01  1.2151e-04  1.2407e-04  1.3924e-04  4.5490e-03  1.1743e-02  3.1670e-03  0:01:07    8

 turbulent viscosity limited to viscosity ratio of 1.000000e+05 in 5113 cells 

 Reversed flow on 518 faces of pressure-outlet 7.
   193  6.6376e-01  1.2169e-04  1.2417e-04  1.3907e-04  4.5316e-03  1.2278e-02  3.1507e-03  0:00:58    7

 turbulent viscosity limited to viscosity ratio of 1.000000e+05 in 5060 cells 

 Reversed flow on 519 faces of pressure-outlet 7.
   194  6.6379e-01  1.2191e-04  1.2427e-04  1.3885e-04  4.5142e-03  1.2615e-02  3.1345e-03  0:00:51    6

 turbulent viscosity limited to viscosity ratio of 1.000000e+05 in 5001 cells 

 Reversed flow on 514 faces of pressure-outlet 7.
   195  6.6347e-01  1.2210e-04  1.2435e-04  1.3865e-04  4.4965e-03  1.2851e-02  3.1185e-03  0:00:42    5

 turbulent viscosity limited to viscosity ratio of 1.000000e+05 in 4940 cells 

 Reversed flow on 497 faces of pressure-outlet 7.
   196  6.6344e-01  1.2235e-04  1.2440e-04  1.3835e-04  4.4723e-03  1.2409e-02  3.1027e-03  0:00:34    4

 turbulent viscosity limited to viscosity ratio of 1.000000e+05 in 4887 cells 

 Reversed flow on 508 faces of pressure-outlet 7.
   197  6.6364e-01  1.2257e-04  1.2446e-04  1.3806e-04  4.4504e-03  1.1962e-02  3.0870e-03  0:00:25    3

 turbulent viscosity limited to viscosity ratio of 1.000000e+05 in 4837 cells 

 Reversed flow on 505 faces of pressure-outlet 7.
   198  6.6332e-01  1.2280e-04  1.2446e-04  1.3772e-04  4.4325e-03  1.2427e-02  3.0716e-03  0:00:17    2

 turbulent viscosity limited to viscosity ratio of 1.000000e+05 in 4788 cells 

 Reversed flow on 503 faces of pressure-outlet 7.

  iter  continuity  x-velocity  y-velocity  z-velocity           k     epsilon  vf-phase-2     time/iter
   199  6.6191e-01  1.2297e-04  1.2443e-04  1.3747e-04  4.4132e-03  1.2371e-02  3.0563e-03  0:00:08    1

 turbulent viscosity limited to viscosity ratio of 1.000000e+05 in 4748 cells 

 Reversed flow on 501 faces of pressure-outlet 7.

Error: Invalid path: "C:\Users\qtra338\Documents\Bangma Design (swirl 0.15)\Bangma_separator_files\dp0\FFF\Fluent\" does not exist!
iterate_600: OK
progress: 600/1500
Error Object: #f


ERROR: Invalid path: "C:\Users\qtra338\Documents\Bangma Design (swirl 0.15)\Bangma_separator_files\dp0\FFF\Fluent\" does not exist!
Error object: #f


active_calculation_state: clearing stale state ['interrupt']
interrupt_stale_calculation: OK
Done.

> 
  iter  continuity  x-velocity  y-velocity  z-velocity           k     epsilon  vf-phase-2     time/iter

Error: Invalid path: "C:\Users\qtra338\Documents\Bangma Design (swirl 0.15)\Bangma_separator_files\dp0\FFF\Fluent\" does not exist!
Error Object: #f


ERROR: Invalid path: "C:\Users\qtra338\Documents\Bangma Design (swirl 0.15)\Bangma_separator_files\dp0\FFF\Fluent\" does not exist!
Error object: #f
iterate_700: OK
progress: 700/1500


active_calculation_state: clearing stale state ['interrupt']
Done.
interrupt_stale_calculation: OK

> 
  iter  continuity  x-velocity  y-velocity  z-velocity           k     epsilon  vf-phase-2     time/iter

Error: Invalid path: "C:\Users\qtra338\Documents\Bangma Design (swirl 0.15)\Bangma_separator_files\dp0\FFF\Fluent\" does not exist!
Error Object: #f


ERROR: Invalid path: "C:\Users\qtra338\Documents\Bangma Design (swirl 0.15)\Bangma_separator_files\dp0\FFF\Fluent\" does not exist!
Error object: #f

iterate_800: OK
progress: 800/1500

active_calculation_state: clearing stale state ['interrupt']
Done.
interrupt_stale_calculation: OK

> 
  iter  continuity  x-velocity  y-velocity  z-velocity           k     epsilon  vf-phase-2     time/iter

Error: Invalid path: "C:\Users\qtra338\Documents\Bangma Design (swirl 0.15)\Bangma_separator_files\dp0\FFF\Fluent\" does not exist!
Error Object: #f


ERROR: Invalid path: "C:\Users\qtra338\Documents\Bangma Design (swirl 0.15)\Bangma_separator_files\dp0\FFF\Fluent\" does not exist!
Error object: #f


iterate_900: OK
progress: 900/1500
active_calculation_state: clearing stale state ['interrupt']
Done.
interrupt_stale_calculation: OK

> 
  iter  continuity  x-velocity  y-velocity  z-velocity           k     epsilon  vf-phase-2     time/iter

Error: Invalid path: "C:\Users\qtra338\Documents\Bangma Design (swirl 0.15)\Bangma_separator_files\dp0\FFF\Fluent\" does not exist!
Error Object: #f


ERROR: Invalid path: "C:\Users\qtra338\Documents\Bangma Design (swirl 0.15)\Bangma_separator_files\dp0\FFF\Fluent\" does not exist!
Error object: #f
iterate_1000: OK
progress: 1000/1500

=== autosave_1000 ===



Writing to EN439159:"C:\Users\qtra338\Documents\enthalpy_sweep\case_5_1680_autosave_iter1000.cas.h5" in NODE0 mode and compression level 1 ...
Grouping cells for Laplace smoothing ...
     5578299 cells,     1 zone  ...
    11355491 faces,     5 zones ...
     1026091 nodes,     1 zone  ...
  Done.
Done.
write_case_autosave_1000: OK

Writing to EN439159:"C:\Users\qtra338\Documents\enthalpy_sweep\case_5_1680_autosave_iter1000.dat.h5" in NODE0 mode and compression level 1 ...
  Writing results.
Done.
write_data_autosave_1000: OK
active_calculation_state: clearing stale state ['interrupt']
Done.
interrupt_stale_calculation: OK

> 
  iter  continuity  x-velocity  y-velocity  z-velocity           k     epsilon  vf-phase-2     time/iter
   200  6.6126e-01  1.2312e-04  1.2438e-04  1.3711e-04  4.3912e-03  1.1956e-02  3.0411e-03  0:13:56  100

 turbulent viscosity limited to viscosity ratio of 1.000000e+05 in 4683 cells 

 Reversed flow on 505 faces of pressure-outlet 7.
   201  6.6060e-01  1.2319e-04  1.2435e-04  1.3675e-04  4.3748e-03  1.2101e-02  3.0261e-03  0:14:00   99

 turbulent viscosity limited to viscosity ratio of 1.000000e+05 in 4628 cells 

 Reversed flow on 497 faces of pressure-outlet 7.
   202  6.6006e-01  1.2338e-04  1.2433e-04  1.3645e-04  4.3541e-03  1.2151e-02  3.0112e-03  0:14:02   98

 turbulent viscosity limited to viscosity ratio of 1.000000e+05 in 4583 cells 

 Reversed flow on 501 faces of pressure-outlet 7.
   203  6.5933e-01  1.2350e-04  1.2425e-04  1.3613e-04  4.3331e-03  1.1844e-02  2.9964e-03  0:13:42   97

 turbulent viscosity limited to viscosity ratio of 1.000000e+05 in 4517 cells 

 Reversed flow on 496 faces of pressure-outlet 7.
   204  6.5890e-01  1.2361e-04  1.2418e-04  1.3581e-04  4.3182e-03  1.2015e-02  2.9818e-03  0:13:43   96

 turbulent viscosity limited to viscosity ratio of 1.000000e+05 in 4480 cells 

 Reversed flow on 492 faces of pressure-outlet 7.
   205  6.5834e-01  1.2374e-04  1.2413e-04  1.3545e-04  4.2983e-03  1.1726e-02  2.9674e-03  0:13:24   95

 turbulent viscosity limited to viscosity ratio of 1.000000e+05 in 4434 cells 

 Reversed flow on 491 faces of pressure-outlet 7.
   206  6.5863e-01  1.2385e-04  1.2407e-04  1.3510e-04  4.2789e-03  1.1346e-02  2.9530e-03  0:13:26   94

 turbulent viscosity limited to viscosity ratio of 1.000000e+05 in 4385 cells 

 Reversed flow on 491 faces of pressure-outlet 7.
   207  6.5815e-01  1.2393e-04  1.2401e-04  1.3482e-04  4.2646e-03  1.1696e-02  2.9388e-03  0:13:06   93

 turbulent viscosity limited to viscosity ratio of 1.000000e+05 in 4332 cells 

 Reversed flow on 495 faces of pressure-outlet 7.
   208  6.5749e-01  1.2399e-04  1.2393e-04  1.3457e-04  4.2480e-03  1.1701e-02  2.9248e-03  0:12:50   92

 turbulent viscosity limited to viscosity ratio of 1.000000e+05 in 4285 cells 

 Reversed flow on 494 faces of pressure-outlet 7.
   209  6.5728e-01  1.2408e-04  1.2385e-04  1.3431e-04  4.2309e-03  1.1393e-02  2.9109e-03  0:12:53   91

 turbulent viscosity limited to viscosity ratio of 1.000000e+05 in 4236 cells 

 Reversed flow on 487 faces of pressure-outlet 7.
   210  6.5684e-01  1.2418e-04  1.2383e-04  1.3401e-04  4.2151e-03  1.1428e-02  2.8971e-03  0:12:35   90

 turbulent viscosity limited to viscosity ratio of 1.000000e+05 in 4191 cells 

 Reversed flow on 489 faces of pressure-outlet 7.

  iter  continuity  x-velocity  y-velocity  z-velocity           k     epsilon  vf-phase-2     time/iter
   211  6.5573e-01  1.2423e-04  1.2379e-04  1.3372e-04  4.1996e-03  1.1309e-02  2.8834e-03  0:12:38   89

 turbulent viscosity limited to viscosity ratio of 1.000000e+05 in 4146 cells 

 Reversed flow on 488 faces of pressure-outlet 7.
   212  6.5509e-01  1.2431e-04  1.2376e-04  1.3343e-04  4.1852e-03  1.1683e-02  2.8698e-03  0:12:20   88

 turbulent viscosity limited to viscosity ratio of 1.000000e+05 in 4106 cells 

 Reversed flow on 489 faces of pressure-outlet 7.
   213  6.5512e-01  1.2434e-04  1.2370e-04  1.3314e-04  4.1708e-03  1.1812e-02  2.8564e-03  0:12:05   87

 turbulent viscosity limited to viscosity ratio of 1.000000e+05 in 4056 cells 

 Reversed flow on 488 faces of pressure-outlet 7.
   214  6.5549e-01  1.2431e-04  1.2371e-04  1.3291e-04  4.1556e-03  1.1721e-02  2.8431e-03  0:12:08   86

 turbulent viscosity limited to viscosity ratio of 1.000000e+05 in 4006 cells 

 Reversed flow on 484 faces of pressure-outlet 7.
   215  6.5609e-01  1.2430e-04  1.2372e-04  1.3264e-04  4.1444e-03  1.2273e-02  2.8298e-03  0:11:52   85

 turbulent viscosity limited to viscosity ratio of 1.000000e+05 in 3971 cells 

 Reversed flow on 495 faces of pressure-outlet 7.
   216  6.5644e-01  1.2434e-04  1.2373e-04  1.3240e-04  4.1296e-03  1.2019e-02  2.8167e-03  0:11:54   84

 turbulent viscosity limited to viscosity ratio of 1.000000e+05 in 3920 cells 

 Reversed flow on 494 faces of pressure-outlet 7.
   217  6.5653e-01  1.2433e-04  1.2376e-04  1.3212e-04  4.1202e-03  1.2732e-02  2.8037e-03  0:11:37   83

 turbulent viscosity limited to viscosity ratio of 1.000000e+05 in 3880 cells 

 Reversed flow on 480 faces of pressure-outlet 7.
   218  6.5682e-01  1.2430e-04  1.2379e-04  1.3186e-04  4.1061e-03  1.2253e-02  2.7908e-03  0:11:22   82

 turbulent viscosity limited to viscosity ratio of 1.000000e+05 in 3846 cells 

 Reversed flow on 479 faces of pressure-outlet 7.
   219  6.5665e-01  1.2427e-04  1.2379e-04  1.3169e-04  4.0886e-03  1.1739e-02  2.7781e-03  0:11:25   81

 turbulent viscosity limited to viscosity ratio of 1.000000e+05 in 3794 cells 

 Reversed flow on 484 faces of pressure-outlet 7.
   220  6.5596e-01  1.2421e-04  1.2380e-04  1.3149e-04  4.0731e-03  1.2235e-02  2.7655e-03  0:11:09   80

 turbulent viscosity limited to viscosity ratio of 1.000000e+05 in 3770 cells 

 Reversed flow on 478 faces of pressure-outlet 7.
   221  6.5566e-01  1.2415e-04  1.2383e-04  1.3128e-04  4.0632e-03  1.3113e-02  2.7530e-03  0:11:11   79

 turbulent viscosity limited to viscosity ratio of 1.000000e+05 in 3736 cells 

 Reversed flow on 477 faces of pressure-outlet 7.

  iter  continuity  x-velocity  y-velocity  z-velocity           k     epsilon  vf-phase-2     time/iter
   222  6.5565e-01  1.2405e-04  1.2389e-04  1.3107e-04  4.0474e-03  1.2042e-02  2.7407e-03  0:10:55   78

 turbulent viscosity limited to viscosity ratio of 1.000000e+05 in 3700 cells 

 Reversed flow on 478 faces of pressure-outlet 7.
   223  6.5577e-01  1.2400e-04  1.2400e-04  1.3082e-04  4.0324e-03  1.2303e-02  2.7284e-03  0:10:56   77

 turbulent viscosity limited to viscosity ratio of 1.000000e+05 in 3660 cells 

 Reversed flow on 475 faces of pressure-outlet 7.
   224  6.5531e-01  1.2391e-04  1.2407e-04  1.3060e-04  4.0149e-03  1.1566e-02  2.7163e-03  0:10:39   76

 turbulent viscosity limited to viscosity ratio of 1.000000e+05 in 3628 cells 

 Reversed flow on 468 faces of pressure-outlet 7.
   225  6.5568e-01  1.2380e-04  1.2410e-04  1.3040e-04  3.9975e-03  1.1943e-02  2.7043e-03  0:10:25   75

 turbulent viscosity limited to viscosity ratio of 1.000000e+05 in 3599 cells 

 Reversed flow on 476 faces of pressure-outlet 7.
   226  6.5626e-01  1.2368e-04  1.2419e-04  1.3029e-04  3.9800e-03  1.1547e-02  2.6925e-03  0:10:26   74

 turbulent viscosity limited to viscosity ratio of 1.000000e+05 in 3565 cells 

 Reversed flow on 465 faces of pressure-outlet 7.
   227  6.5625e-01  1.2355e-04  1.2430e-04  1.3016e-04  3.9656e-03  1.2181e-02  2.6808e-03  0:10:11   73

 turbulent viscosity limited to viscosity ratio of 1.000000e+05 in 3526 cells 

 Reversed flow on 475 faces of pressure-outlet 7.
   228  6.5753e-01  1.2349e-04  1.2437e-04  1.3001e-04  3.9478e-03  1.1772e-02  2.6691e-03  0:10:12   72

 turbulent viscosity limited to viscosity ratio of 1.000000e+05 in 3491 cells 

 Reversed flow on 476 faces of pressure-outlet 7.
   229  6.5831e-01  1.2341e-04  1.2449e-04  1.2985e-04  3.9284e-03  1.1655e-02  2.6576e-03  0:09:56   71

 turbulent viscosity limited to viscosity ratio of 1.000000e+05 in 3457 cells 

 Reversed flow on 466 faces of pressure-outlet 7.
   230  6.5985e-01  1.2330e-04  1.2462e-04  1.2967e-04  3.9113e-03  1.1385e-02  2.6461e-03  0:09:42   70

 turbulent viscosity limited to viscosity ratio of 1.000000e+05 in 3432 cells 

 Reversed flow on 468 faces of pressure-outlet 7.
   231  6.6208e-01  1.2328e-04  1.2475e-04  1.2953e-04  3.8975e-03  1.1190e-02  2.6347e-03  0:09:43   69

 turbulent viscosity limited to viscosity ratio of 1.000000e+05 in 3391 cells 

 Reversed flow on 450 faces of pressure-outlet 7.
   232  6.6350e-01  1.2326e-04  1.2478e-04  1.2936e-04  3.8867e-03  1.3621e-02  2.6234e-03  0:09:29   68

 turbulent viscosity limited to viscosity ratio of 1.000000e+05 in 3362 cells 

 Reversed flow on 459 faces of pressure-outlet 7.

  iter  continuity  x-velocity  y-velocity  z-velocity           k     epsilon  vf-phase-2     time/iter
   233  6.6552e-01  1.2329e-04  1.2480e-04  1.2917e-04  3.8719e-03  1.3334e-02  2.6122e-03  0:09:29   67

 turbulent viscosity limited to viscosity ratio of 1.000000e+05 in 3326 cells 

 Reversed flow on 458 faces of pressure-outlet 7.
   234  6.6708e-01  1.2332e-04  1.2486e-04  1.2895e-04  3.8618e-03  1.2254e-02  2.6011e-03  0:09:14   66

 turbulent viscosity limited to viscosity ratio of 1.000000e+05 in 3295 cells 

 Reversed flow on 447 faces of pressure-outlet 7.
   235  6.6818e-01  1.2333e-04  1.2487e-04  1.2872e-04  3.8473e-03  1.1355e-02  2.5901e-03  0:09:00   65

 turbulent viscosity limited to viscosity ratio of 1.000000e+05 in 3265 cells 

 Reversed flow on 450 faces of pressure-outlet 7.
   236  6.6939e-01  1.2336e-04  1.2485e-04  1.2855e-04  3.8328e-03  1.1324e-02  2.5791e-03  0:09:01   64

 turbulent viscosity limited to viscosity ratio of 1.000000e+05 in 3237 cells 

 Reversed flow on 459 faces of pressure-outlet 7.
   237  6.7069e-01  1.2330e-04  1.2480e-04  1.2838e-04  3.8182e-03  1.0940e-02  2.5683e-03  0:08:47   63

 turbulent viscosity limited to viscosity ratio of 1.000000e+05 in 3199 cells 

 Reversed flow on 449 faces of pressure-outlet 7.
   238  6.7091e-01  1.2320e-04  1.2470e-04  1.2810e-04  3.8061e-03  1.1275e-02  2.5575e-03  0:08:46   62

 turbulent viscosity limited to viscosity ratio of 1.000000e+05 in 3176 cells 

 Reversed flow on 452 faces of pressure-outlet 7.
   239  6.7129e-01  1.2322e-04  1.2462e-04  1.2782e-04  3.7920e-03  1.1312e-02  2.5469e-03  0:08:32   61

 turbulent viscosity limited to viscosity ratio of 1.000000e+05 in 3152 cells 

 Reversed flow on 452 faces of pressure-outlet 7.
   240  6.7094e-01  1.2320e-04  1.2445e-04  1.2751e-04  3.7728e-03  1.0795e-02  2.5363e-03  0:08:31   60

 turbulent viscosity limited to viscosity ratio of 1.000000e+05 in 3118 cells 

 Reversed flow on 453 faces of pressure-outlet 7.
   241  6.7115e-01  1.2321e-04  1.2428e-04  1.2720e-04  3.7583e-03  1.0880e-02  2.5258e-03  0:08:16   59

 turbulent viscosity limited to viscosity ratio of 1.000000e+05 in 3080 cells 

 Reversed flow on 452 faces of pressure-outlet 7.
   242  6.7071e-01  1.2315e-04  1.2412e-04  1.2687e-04  3.7406e-03  1.0719e-02  2.5154e-03  0:08:03   58

 turbulent viscosity limited to viscosity ratio of 1.000000e+05 in 3060 cells 

 Reversed flow on 441 faces of pressure-outlet 7.
   243  6.6938e-01  1.2304e-04  1.2395e-04  1.2651e-04  3.7249e-03  1.0668e-02  2.5052e-03  0:08:02   57

 turbulent viscosity limited to viscosity ratio of 1.000000e+05 in 3024 cells 

 Reversed flow on 436 faces of pressure-outlet 7.

  iter  continuity  x-velocity  y-velocity  z-velocity           k     epsilon  vf-phase-2     time/iter
   244  6.6834e-01  1.2293e-04  1.2373e-04  1.2614e-04  3.7080e-03  1.0549e-02  2.4950e-03  0:07:49   56

 turbulent viscosity limited to viscosity ratio of 1.000000e+05 in 3003 cells 

 Reversed flow on 447 faces of pressure-outlet 7.
   245  6.6740e-01  1.2283e-04  1.2352e-04  1.2575e-04  3.6918e-03  1.0291e-02  2.4849e-03  0:07:47   55

 turbulent viscosity limited to viscosity ratio of 1.000000e+05 in 2981 cells 

 Reversed flow on 444 faces of pressure-outlet 7.
   246  6.6742e-01  1.2268e-04  1.2336e-04  1.2543e-04  3.6776e-03  1.0623e-02  2.4749e-03  0:07:33   54

 turbulent viscosity limited to viscosity ratio of 1.000000e+05 in 2953 cells 

 Reversed flow on 447 faces of pressure-outlet 7.
   247  6.6667e-01  1.2261e-04  1.2317e-04  1.2506e-04  3.6634e-03  1.0115e-02  2.4649e-03  0:07:21   53

 turbulent viscosity limited to viscosity ratio of 1.000000e+05 in 2927 cells 

 Reversed flow on 434 faces of pressure-outlet 7.
   248  6.6574e-01  1.2247e-04  1.2294e-04  1.2469e-04  3.6486e-03  1.0373e-02  2.4550e-03  0:07:20   52

 turbulent viscosity limited to viscosity ratio of 1.000000e+05 in 2906 cells 

 Reversed flow on 441 faces of pressure-outlet 7.
   249  6.6435e-01  1.2227e-04  1.2273e-04  1.2428e-04  3.6362e-03  1.1073e-02  2.4451e-03  0:07:07   51

 turbulent viscosity limited to viscosity ratio of 1.000000e+05 in 2885 cells 

 Reversed flow on 448 faces of pressure-outlet 7.
   250  6.6295e-01  1.2211e-04  1.2258e-04  1.2393e-04  3.6215e-03  1.0531e-02  2.4354e-03  0:07:05   50

 turbulent viscosity limited to viscosity ratio of 1.000000e+05 in 2863 cells 

 Reversed flow on 437 faces of pressure-outlet 7.
   251  6.6215e-01  1.2193e-04  1.2236e-04  1.2354e-04  3.6093e-03  1.1262e-02  2.4257e-03  0:06:51   49

 turbulent viscosity limited to viscosity ratio of 1.000000e+05 in 2829 cells 

 Reversed flow on 441 faces of pressure-outlet 7.
   252  6.6174e-01  1.2173e-04  1.2222e-04  1.2311e-04  3.5940e-03  1.0164e-02  2.4161e-03  0:06:49   48

 turbulent viscosity limited to viscosity ratio of 1.000000e+05 in 2814 cells 

 Reversed flow on 434 faces of pressure-outlet 7.
   253  6.6105e-01  1.2151e-04  1.2202e-04  1.2273e-04  3.5773e-03  9.6112e-03  2.4065e-03  0:06:35   47

 turbulent viscosity limited to viscosity ratio of 1.000000e+05 in 2794 cells 

 Reversed flow on 444 faces of pressure-outlet 7.
   254  6.5971e-01  1.2129e-04  1.2183e-04  1.2228e-04  3.5636e-03  9.3146e-03  2.3971e-03  0:06:23   46

 turbulent viscosity limited to viscosity ratio of 1.000000e+05 in 2776 cells 

 Reversed flow on 439 faces of pressure-outlet 7.

  iter  continuity  x-velocity  y-velocity  z-velocity           k     epsilon  vf-phase-2     time/iter
   255  6.5764e-01  1.2108e-04  1.2163e-04  1.2184e-04  3.5530e-03  9.8578e-03  2.3878e-03  0:06:21   45

 turbulent viscosity limited to viscosity ratio of 1.000000e+05 in 2758 cells 

 Reversed flow on 426 faces of pressure-outlet 7.
   256  6.5571e-01  1.2081e-04  1.2144e-04  1.2148e-04  3.5438e-03  9.9896e-03  2.3785e-03  0:06:08   44

 turbulent viscosity limited to viscosity ratio of 1.000000e+05 in 2729 cells 

 Reversed flow on 427 faces of pressure-outlet 7.
   257  6.5427e-01  1.2053e-04  1.2123e-04  1.2112e-04  3.5302e-03  9.9824e-03  2.3693e-03  0:06:05   43

 turbulent viscosity limited to viscosity ratio of 1.000000e+05 in 2702 cells 

 Reversed flow on 444 faces of pressure-outlet 7.
   258  6.5321e-01  1.2026e-04  1.2110e-04  1.2073e-04  3.5207e-03  9.8983e-03  2.3601e-03  0:05:53   42

 turbulent viscosity limited to viscosity ratio of 1.000000e+05 in 2686 cells 

 Reversed flow on 435 faces of pressure-outlet 7.
   259  6.5280e-01  1.1996e-04  1.2101e-04  1.2035e-04  3.5109e-03  9.9098e-03  2.3511e-03  0:05:41   41

 turbulent viscosity limited to viscosity ratio of 1.000000e+05 in 2660 cells 

 Reversed flow on 433 faces of pressure-outlet 7.
   260  6.5177e-01  1.1964e-04  1.2094e-04  1.1996e-04  3.5012e-03  9.7683e-03  2.3421e-03  0:05:38   40

 turbulent viscosity limited to viscosity ratio of 1.000000e+05 in 2635 cells 

 Reversed flow on 429 faces of pressure-outlet 7.
   261  6.4965e-01  1.1931e-04  1.2084e-04  1.1952e-04  3.4907e-03  9.2925e-03  2.3332e-03  0:05:26   39

 turbulent viscosity limited to viscosity ratio of 1.000000e+05 in 2614 cells 

 Reversed flow on 426 faces of pressure-outlet 7.
   262  6.4971e-01  1.1901e-04  1.2078e-04  1.1919e-04  3.4826e-03  9.7920e-03  2.3243e-03  0:05:23   38

 turbulent viscosity limited to viscosity ratio of 1.000000e+05 in 2586 cells 

 Reversed flow on 430 faces of pressure-outlet 7.
   263  6.4871e-01  1.1869e-04  1.2078e-04  1.1882e-04  3.4757e-03  9.5532e-03  2.3155e-03  0:05:11   37

 turbulent viscosity limited to viscosity ratio of 1.000000e+05 in 2571 cells 

 Reversed flow on 435 faces of pressure-outlet 7.
   264  6.4722e-01  1.1836e-04  1.2081e-04  1.1842e-04  3.4662e-03  9.1865e-03  2.3068e-03  0:05:07   36

 turbulent viscosity limited to viscosity ratio of 1.000000e+05 in 2549 cells 

 Reversed flow on 438 faces of pressure-outlet 7.
   265  6.4610e-01  1.1803e-04  1.2082e-04  1.1806e-04  3.4602e-03  9.8456e-03  2.2981e-03  0:04:54   35

 turbulent viscosity limited to viscosity ratio of 1.000000e+05 in 2528 cells 

 Reversed flow on 435 faces of pressure-outlet 7.

  iter  continuity  x-velocity  y-velocity  z-velocity           k     epsilon  vf-phase-2     time/iter
   266  6.4443e-01  1.1774e-04  1.2084e-04  1.1768e-04  3.4570e-03  1.0397e-02  2.2896e-03  0:04:50   34

 turbulent viscosity limited to viscosity ratio of 1.000000e+05 in 2504 cells 

 Reversed flow on 437 faces of pressure-outlet 7.
   267  6.4434e-01  1.1746e-04  1.2090e-04  1.1734e-04  3.4530e-03  1.0045e-02  2.2810e-03  0:04:38   33

 turbulent viscosity limited to viscosity ratio of 1.000000e+05 in 2486 cells 

 Reversed flow on 443 faces of pressure-outlet 7.
   268  6.4371e-01  1.1720e-04  1.2095e-04  1.1701e-04  3.4456e-03  9.3675e-03  2.2725e-03  0:04:27   32

 turbulent viscosity limited to viscosity ratio of 1.000000e+05 in 2465 cells 

 Reversed flow on 445 faces of pressure-outlet 7.
   269  6.4307e-01  1.1689e-04  1.2100e-04  1.1670e-04  3.4429e-03  9.4468e-03  2.2642e-03  0:04:23   31

 turbulent viscosity limited to viscosity ratio of 1.000000e+05 in 2444 cells 

 Reversed flow on 438 faces of pressure-outlet 7.
   270  6.4256e-01  1.1659e-04  1.2106e-04  1.1639e-04  3.4407e-03  9.5667e-03  2.2558e-03  0:04:11   30

 turbulent viscosity limited to viscosity ratio of 1.000000e+05 in 2431 cells 

 Reversed flow on 432 faces of pressure-outlet 7.
   271  6.4173e-01  1.1633e-04  1.2114e-04  1.1612e-04  3.4383e-03  9.3371e-03  2.2475e-03  0:04:07   29

 turbulent viscosity limited to viscosity ratio of 1.000000e+05 in 2412 cells 

 Reversed flow on 442 faces of pressure-outlet 7.
   272  6.4117e-01  1.1605e-04  1.2120e-04  1.1590e-04  3.4356e-03  9.5835e-03  2.2392e-03  0:03:55   28

 turbulent viscosity limited to viscosity ratio of 1.000000e+05 in 2403 cells 

 Reversed flow on 445 faces of pressure-outlet 7.
   273  6.4007e-01  1.1579e-04  1.2125e-04  1.1567e-04  3.4353e-03  1.0339e-02  2.2310e-03  0:03:45   27

 turbulent viscosity limited to viscosity ratio of 1.000000e+05 in 2390 cells 

 Reversed flow on 435 faces of pressure-outlet 7.
   274  6.3962e-01  1.1551e-04  1.2134e-04  1.1546e-04  3.4332e-03  1.0203e-02  2.2229e-03  0:03:40   26

 turbulent viscosity limited to viscosity ratio of 1.000000e+05 in 2367 cells 

 Reversed flow on 444 faces of pressure-outlet 7.
   275  6.3891e-01  1.1524e-04  1.2143e-04  1.1525e-04  3.4388e-03  1.3824e-02  2.2148e-03  0:03:29   25

 turbulent viscosity limited to viscosity ratio of 1.000000e+05 in 2350 cells 

 Reversed flow on 440 faces of pressure-outlet 7.
   276  6.3914e-01  1.1496e-04  1.2152e-04  1.1509e-04  3.4312e-03  1.2017e-02  2.2067e-03  0:03:19   24

 turbulent viscosity limited to viscosity ratio of 1.000000e+05 in 2334 cells 

 Reversed flow on 447 faces of pressure-outlet 7.

  iter  continuity  x-velocity  y-velocity  z-velocity           k     epsilon  vf-phase-2     time/iter
   277  6.3993e-01  1.1469e-04  1.2158e-04  1.1495e-04  3.4340e-03  1.2216e-02  2.1988e-03  0:03:14   23

 turbulent viscosity limited to viscosity ratio of 1.000000e+05 in 2321 cells 

 Reversed flow on 449 faces of pressure-outlet 7.
   278  6.3952e-01  1.1445e-04  1.2169e-04  1.1478e-04  3.4271e-03  1.0994e-02  2.1908e-03  0:03:04   22

 turbulent viscosity limited to viscosity ratio of 1.000000e+05 in 2300 cells 

 Reversed flow on 451 faces of pressure-outlet 7.
   279  6.3891e-01  1.1420e-04  1.2175e-04  1.1461e-04  3.4220e-03  1.0395e-02  2.1830e-03  0:02:58   21

 turbulent viscosity limited to viscosity ratio of 1.000000e+05 in 2291 cells 

 Reversed flow on 444 faces of pressure-outlet 7.
   280  6.3884e-01  1.1397e-04  1.2185e-04  1.1446e-04  3.4171e-03  1.0183e-02  2.1751e-03  0:02:48   20

 turbulent viscosity limited to viscosity ratio of 1.000000e+05 in 2280 cells 

 Reversed flow on 468 faces of pressure-outlet 7.
   281  6.3966e-01  1.1371e-04  1.2191e-04  1.1432e-04  3.4125e-03  1.0224e-02  2.1674e-03  0:02:42   19

 turbulent viscosity limited to viscosity ratio of 1.000000e+05 in 2267 cells 

 Reversed flow on 466 faces of pressure-outlet 7.
   282  6.3928e-01  1.1351e-04  1.2196e-04  1.1418e-04  3.4088e-03  9.7742e-03  2.1597e-03  0:02:31   18

 turbulent viscosity limited to viscosity ratio of 1.000000e+05 in 2254 cells 

 Reversed flow on 464 faces of pressure-outlet 7.
   283  6.3856e-01  1.1328e-04  1.2202e-04  1.1408e-04  3.4060e-03  1.0745e-02  2.1520e-03  0:02:22   17

 turbulent viscosity limited to viscosity ratio of 1.000000e+05 in 2239 cells 

 Reversed flow on 472 faces of pressure-outlet 7.
   284  6.3796e-01  1.1310e-04  1.2209e-04  1.1405e-04  3.4011e-03  1.0039e-02  2.1445e-03  0:02:15   16

 turbulent viscosity limited to viscosity ratio of 1.000000e+05 in 2220 cells 

 Reversed flow on 470 faces of pressure-outlet 7.
   285  6.3772e-01  1.1288e-04  1.2215e-04  1.1398e-04  3.3950e-03  9.5854e-03  2.1369e-03  0:02:06   15

 turbulent viscosity limited to viscosity ratio of 1.000000e+05 in 2202 cells 

 Reversed flow on 474 faces of pressure-outlet 7.
   286  6.3770e-01  1.1271e-04  1.2225e-04  1.1393e-04  3.3898e-03  9.3725e-03  2.1294e-03  0:01:59   14

 turbulent viscosity limited to viscosity ratio of 1.000000e+05 in 2188 cells 

 Reversed flow on 481 faces of pressure-outlet 7.
   287  6.3859e-01  1.1253e-04  1.2231e-04  1.1390e-04  3.3839e-03  9.2856e-03  2.1220e-03  0:01:49   13

 turbulent viscosity limited to viscosity ratio of 1.000000e+05 in 2175 cells 

 Reversed flow on 487 faces of pressure-outlet 7.

  iter  continuity  x-velocity  y-velocity  z-velocity           k     epsilon  vf-phase-2     time/iter
   288  6.3907e-01  1.1237e-04  1.2240e-04  1.1386e-04  3.3768e-03  8.9906e-03  2.1146e-03  0:01:40   12

 turbulent viscosity limited to viscosity ratio of 1.000000e+05 in 2161 cells 

 Reversed flow on 499 faces of pressure-outlet 7.
   289  6.3911e-01  1.1217e-04  1.2252e-04  1.1386e-04  3.3696e-03  8.7518e-03  2.1072e-03  0:01:33   11

 turbulent viscosity limited to viscosity ratio of 1.000000e+05 in 2150 cells 

 Reversed flow on 501 faces of pressure-outlet 7.
   290  6.3974e-01  1.1203e-04  1.2256e-04  1.1387e-04  3.3616e-03  8.7532e-03  2.0999e-03  0:01:24   10

 turbulent viscosity limited to viscosity ratio of 1.000000e+05 in 2135 cells 

 Reversed flow on 491 faces of pressure-outlet 7.
   291  6.3993e-01  1.1187e-04  1.2264e-04  1.1383e-04  3.3537e-03  8.6609e-03  2.0927e-03  0:01:16    9

 turbulent viscosity limited to viscosity ratio of 1.000000e+05 in 2120 cells 

 Reversed flow on 508 faces of pressure-outlet 7.
   292  6.3935e-01  1.1172e-04  1.2266e-04  1.1377e-04  3.3467e-03  8.4160e-03  2.0855e-03  0:01:07    8

 turbulent viscosity limited to viscosity ratio of 1.000000e+05 in 2102 cells 

 Reversed flow on 511 faces of pressure-outlet 7.
   293  6.3844e-01  1.1156e-04  1.2267e-04  1.1372e-04  3.3394e-03  8.4632e-03  2.0783e-03  0:01:00    7

 turbulent viscosity limited to viscosity ratio of 1.000000e+05 in 2090 cells 

 Reversed flow on 515 faces of pressure-outlet 7.
   294  6.3794e-01  1.1139e-04  1.2273e-04  1.1370e-04  3.3315e-03  8.1390e-03  2.0712e-03  0:00:50    6

 turbulent viscosity limited to viscosity ratio of 1.000000e+05 in 2078 cells 

 Reversed flow on 503 faces of pressure-outlet 7.
   295  6.3841e-01  1.1121e-04  1.2280e-04  1.1370e-04  3.3261e-03  8.8271e-03  2.0642e-03  0:00:42    5

 turbulent viscosity limited to viscosity ratio of 1.000000e+05 in 2064 cells 

 Reversed flow on 507 faces of pressure-outlet 7.
   296  6.3911e-01  1.1102e-04  1.2289e-04  1.1372e-04  3.3192e-03  8.6768e-03  2.0572e-03  0:00:34    4

 turbulent viscosity limited to viscosity ratio of 1.000000e+05 in 2050 cells 

 Reversed flow on 512 faces of pressure-outlet 7.
   297  6.3957e-01  1.1084e-04  1.2298e-04  1.1378e-04  3.3146e-03  8.5126e-03  2.0502e-03  0:00:25    3

 turbulent viscosity limited to viscosity ratio of 1.000000e+05 in 2044 cells 

 Reversed flow on 512 faces of pressure-outlet 7.
   298  6.3970e-01  1.1063e-04  1.2309e-04  1.1379e-04  3.3112e-03  8.5397e-03  2.0433e-03  0:00:17    2

 turbulent viscosity limited to viscosity ratio of 1.000000e+05 in 2038 cells 

 Reversed flow on 519 faces of pressure-outlet 7.

  iter  continuity  x-velocity  y-velocity  z-velocity           k     epsilon  vf-phase-2     time/iter
   299  6.3994e-01  1.1041e-04  1.2326e-04  1.1382e-04  3.3034e-03  8.1760e-03  2.0365e-03  0:00:08    1

 turbulent viscosity limited to viscosity ratio of 1.000000e+05 in 2022 cells 

 Reversed flow on 521 faces of pressure-outlet 7.

Error: Invalid path: "C:\Users\qtra338\Documents\Bangma Design (swirl 0.15)\Bangma_separator_files\dp0\FFF\Fluent\" does not exist!
Error Object: #f


ERROR: Invalid path: "C:\Users\qtra338\Documents\Bangma Design (swirl 0.15)\Bangma_separator_files\dp0\FFF\Fluent\" does not exist!
iterate_1100: OK
progress: 1100/1500
Error object: #f


active_calculation_state: clearing stale state ['interrupt']
Done.
interrupt_stale_calculation: OK

> 
  iter  continuity  x-velocity  y-velocity  z-velocity           k     epsilon  vf-phase-2     time/iter

Error: Invalid path: "C:\Users\qtra338\Documents\Bangma Design (swirl 0.15)\Bangma_separator_files\dp0\FFF\Fluent\" does not exist!
Error Object: #f


ERROR: Invalid path: "C:\Users\qtra338\Documents\Bangma Design (swirl 0.15)\Bangma_separator_files\dp0\FFF\Fluent\" does not exist!
Error object: #f
iterate_1200: OK

progress: 1200/1500

active_calculation_state: clearing stale state ['interrupt']
interrupt_stale_calculation: OK
Done.

> 
  iter  continuity  x-velocity  y-velocity  z-velocity           k     epsilon  vf-phase-2     time/iter

Error: Invalid path: "C:\Users\qtra338\Documents\Bangma Design (swirl 0.15)\Bangma_separator_files\dp0\FFF\Fluent\" does not exist!
Error Object: #f


ERROR: Invalid path: "C:\Users\qtra338\Documents\Bangma Design (swirl 0.15)\Bangma_separator_files\dp0\FFF\Fluent\" does not exist!
Error object: #f


iterate_1300: OK
progress: 1300/1500
active_calculation_state: clearing stale state ['interrupt']
Done.
interrupt_stale_calculation: OK

> 
  iter  continuity  x-velocity  y-velocity  z-velocity           k     epsilon  vf-phase-2     time/iter

Error: Invalid path: "C:\Users\qtra338\Documents\Bangma Design (swirl 0.15)\Bangma_separator_files\dp0\FFF\Fluent\" does not exist!
Error Object: #f


ERROR: Invalid path: "C:\Users\qtra338\Documents\Bangma Design (swirl 0.15)\Bangma_separator_files\dp0\FFF\Fluent\" does not exist!
iterate_1400: OK
progress: 1400/1500
Error object: #f


active_calculation_state: clearing stale state ['interrupt']
interrupt_stale_calculation: OK
Done.

> 
  iter  continuity  x-velocity  y-velocity  z-velocity           k     epsilon  vf-phase-2     time/iter

Error: Invalid path: "C:\Users\qtra338\Documents\Bangma Design (swirl 0.15)\Bangma_separator_files\dp0\FFF\Fluent\" does not exist!
Error Object: #f


ERROR: Invalid path: "C:\Users\qtra338\Documents\Bangma Design (swirl 0.15)\Bangma_separator_files\dp0\FFF\Fluent\" does not exist!
Error object: #f
iterate_1500: OK
progress: 1500/1500

=== Run DPM Reports ===


report_call: settings_zone_summaries_per_injection_enable
settings_zone_summaries_per_injection_enable: no captured text
report_call: solve_dpm_update
/solve/dpm-update

DPM Iteration ....
number tracked = 78300, escaped = 25520, trapped = 16062, incomplete = 36718

report_call: settings_dpm_summary

 Fate                        Zone   Zone Number                  Elapsed Time (s)               Injection, Index      Injection, Index
                             Name     Id               Min        Max        Avg    Std Dev                  Min                  Max
 ----------- -------------------- ------ ------ ---------- ---------- ---------- ---------- --------------- ---- --------------- ----
 Incomplete                               36718  5.479e+01  2.303e+02  1.281e+02  5.878e+01     injection-3 7968     injection-8 2528
 Escaped             steam_outlet      7  25520  3.801e-01  4.668e+01  2.380e+00  1.980e+00     injection-0 2647     injection-2 6622
 Trapped             fluid_outlet      8  16062  1.335e-01  3.187e+00  3.636e-01  2.596e-01     injection-2 3645     injection-3 4407

                                               (*)- Mass Transfer Summary -(*) 

 Fate                        Zone   Zone      Mass Flow (kg/s)
                             Name     Id    Initi
report_call: tui_dpm_summary

 Fate                        Zone   Zone Number                  Elapsed Time (s)               Injection, Index      Injection, Index
                             Name     Id               Min        Max        Avg    Std Dev                  Min                  Max
 ----------- -------------------- ------ ------ ---------- ---------- ---------- ---------- --------------- ---- --------------- ----
 Incomplete                               36718  5.479e+01  2.303e+02  1.281e+02  5.878e+01     injection-3 7968     injection-8 2528
 Escaped             steam_outlet      7  25520  3.801e-01  4.668e+01  2.380e+00  1.980e+00     injection-0 2647     injection-2 6622
 Trapped             fluid_outlet      8  16062  1.335e-01  3.187e+00  3.636e-01  2.596e-01     injection-2 3645     injection-3 4407

                                               (*)- Mass Transfer Summary -(*) 

 Fate                        Zone   Zone      Mass Flow (kg/s)
                             Name     Id    Initi
report_call: tui_particle_summary
(injection-0 injection-1 injection-2 injection-3 injection-4 injection-5 injection-6 injection-7 injection-8)
The following solver settings object method could also be used to execute the above command:
<solver_session>.results.report.particle_summary(injection_names = ["injection-0", "injection-1", "injection-2", "injection-3", "injection-4", "injection-5", "injection-6", "injection-7", "injection-8"])

report_call: settings_dpm_extended_summary

 Fate                        Zone   Zone Number                  Elapsed Time (s)               Injection, Index      Injection, Index
                             Name     Id               Min        Max        Avg    Std Dev                  Min                  Max
 ----------- -------------------- ------ ------ ---------- ---------- ---------- ---------- --------------- ---- --------------- ----
 Incomplete                               36718  5.479e+01  2.303e+02  1.281e+02  5.878e+01     injection-3 7968     injection-8 2528
 Escaped             steam_outlet      7  25520  3.801e-01  4.668e+01  2.380e+00  1.980e+00     injection-0 2647     injection-2 6622
 Trapped             fluid_outlet      8  16062  1.335e-01  3.187e+00  3.636e-01  2.596e-01     injection-2 3645     injection-3 4407

                                               (*)- Mass Transfer Summary -(*) 

 Fate                        Zone   Zone      Mass Flow (kg/s)
                             Name     Id    Initi
report_call: dpm_extended_summary_injection-0

Saving summary report to file: C:\\Users\\qtra338\\Documents\\enthalpy_sweep\\case_5_1680_injection-0_extended_scratch.txt

report_call: dpm_extended_summary_injection-1

Saving summary report to file: C:\\Users\\qtra338\\Documents\\enthalpy_sweep\\case_5_1680_injection-1_extended_scratch.txt

report_call: dpm_extended_summary_injection-2

Saving summary report to file: C:\\Users\\qtra338\\Documents\\enthalpy_sweep\\case_5_1680_injection-2_extended_scratch.txt

report_call: dpm_extended_summary_injection-3

Saving summary report to file: C:\\Users\\qtra338\\Documents\\enthalpy_sweep\\case_5_1680_injection-3_extended_scratch.txt

report_call: dpm_extended_summary_injection-4

Saving summary report to file: C:\\Users\\qtra338\\Documents\\enthalpy_sweep\\case_5_1680_injection-4_extended_scratch.txt

report_call: dpm_extended_summary_injection-5

Saving summary report to file: C:\\Users\\qtra338\\Documents\\enthalpy_sweep\\case_5_1680_injection-5_extended_scratch.txt

report_call: dpm_extended_summary_injection-6

Saving summary report to file: C:\\Users\\qtra338\\Documents\\enthalpy_sweep\\case_5_1680_injection-6_extended_scratch.txt

report_call: dpm_extended_summary_injection-7

Saving summary report to file: C:\\Users\\qtra338\\Documents\\enthalpy_sweep\\case_5_1680_injection-7_extended_scratch.txt

report_call: dpm_extended_summary_injection-8

Saving summary report to file: C:\\Users\\qtra338\\Documents\\enthalpy_sweep\\case_5_1680_injection-8_extended_scratch.txt


=== final ===

Writing to EN439159:"C:\Users\qtra338\Documents\enthalpy_sweep\case_5_1680_1500.cas.h5" in NODE0 mode and compression level 1 ...
Grouping cells for Laplace smoothing ...
     5578299 cells,     1 zone  ...
    11355491 faces,     5 zones ...
     1026091 nodes,     1 zone  ...
  Done.
Done.write_case_final: OK


Writing to EN439159:"C:\Users\qtra338\Documents\enthalpy_sweep\case_5_1680_1500.dat.h5" in NODE0 mode and compression level 1 ...
  Writing results.
Done.
write_data_final: OK

=== Run Case 6 / 1760 ===

=== Load Base Case ===
Note: Rank = 0: Process affinity not being set (6).
Note: Rank = 1: Process affinity not being set (6).
Note: Rank = 2: Process affinity not being set (6).
Note: Rank = 3: Process affinity not being set (6).
Note: Rank = 4: Process affinity not being set (6).
Note: Rank = 5: Process affinity not being set (6).
Note: Rank = 6: Process affinity not being set (6).
Note: Rank = 7: Process affinity not being set (6).
Note: Rank = 8: Process affinity not being set (6).
Note: Rank = 9: Process affinity not being set (6).

       Clearing partially read grid.

Reading from EN439159:"C:\Users\qtra338\Documents\baseline.cas.h5" in NODE0 mode ...
  Reading mesh ...
     5578299 cells,     1 cell zone  ...
        5578299 tetrahedral cells,  zone id: 3
    11355491 faces,     5 face zones ...
         374376 triangular wall faces,  zone id: 1
       10957705 triangular interior faces,  zone id: 2
           8700 triangular mass-flow-inlet faces,  zone id: 6
           5435 triangular pressure-outlet faces,  zone id: 7
           9275 triangular wall faces,  zone id: 8
     1026091 nodes,     1 node zone  ...
  Done.


Building...
     mesh
	distributing mesh
		parts..........,
		faces..........,
		nodes..........,
		cells..........,
        bandwidth reduction using Reverse Cuthill-McKee: 558580/15010 = 37.2139
     materials,
     interface,
     domains,
	mixture
	phase-1
	phase-2
	interaction
     zones,
	fluid  (phase-2)
	interior-fluid  (phase-2)
	fluid  (phase-1)
	interior-fluid  (phase-1)
	wall-fluid  (phase-1)
	wall-fluid  (phase-2)
	inlet  (phase-1)
	inlet  (phase-2)
	steam_outlet  (phase-1)
	steam_outlet  (phase-2)
	fluid_outlet  (phase-1)
	fluid_outlet  (phase-2)
	interior-fluid
	wall-fluid
	inlet
	steam_outlet
	fluid_outlet
	fluid
     parallel,
Done.
read_base_case: OK

=== Set Inlet Phase Mass Flows ===
set_inlet_phase_mass_flows: OK
{
  "mixture": {
    "momentum": {
      "reference_frame": "Absolute",
      "supersonic_gauge_pressure": {
        "option": "value",
        "value": 1140000
      },
      "direction_specification": "Normal to Boundary"
    },
    "turbulence": {
      "turbulence_specification": "Intensity and Hydraulic Diameter",
      "turbulent_intensity": 0.02152499951888,
      "hydraulic_diameter": 0.7240000000000001
    },
    "dpm": {
      "discrete_phase_bc_type": "escape"
    },
    "multiphase": {}
  },
  "phase-1": {
    "momentum": {
      "mass_flow_specification": "Mass Flow Rate",
      "mass_flow_rate": {
        "option": "value",
        "value": 96.52
      }
    },
    "turbulence": {},
    "dpm": {},
    "multiphase": {}
  },
  "phase-2": {
    "momentum": {
      "mass_flow_specification": "Mass Flow Rate",
      "mass_flow_rate": {
        "option": "value",
        "value": 101.09
      }
    },
    "turbulence": {},
    "dpm": {},
    "multiphase": {}
  }
}

=== Set DPM Injections ===
DPM velocity mode: face-normal
injection-0_particle_type: OK
injection-0_material: OK
injection-0_injection_type_surface: OK
injection-0_location: OK
injection-0_mass_flow_rate: OK
injection-0_use_face_normal_direction: OK
injection-0_velocity_magnitude: OK
injection-0_particle_size: OK
injection-1_particle_type: OK
injection-1_material: OK
injection-1_injection_type_surface: OK
injection-1_location: OK
injection-1_mass_flow_rate: OK
injection-1_use_face_normal_direction: OK
injection-1_velocity_magnitude: OK
injection-1_particle_size: OK
injection-2_particle_type: OK
injection-2_material: OK
injection-2_injection_type_surface: OK
injection-2_location: OK
injection-2_mass_flow_rate: OK
injection-2_use_face_normal_direction: OK
injection-2_velocity_magnitude: OK
injection-2_particle_size: OK
injection-3_particle_type: OK
injection-3_material: OK
injection-3_injection_type_surface: OK
injection-3_location: OK
injection-3_mass_flow_rate: OK
injection-3_use_face_normal_direction: OK
injection-3_velocity_magnitude: OK
injection-3_particle_size: OK
injection-4_particle_type: OK
injection-4_material: OK
injection-4_injection_type_surface: OK
injection-4_location: OK
injection-4_mass_flow_rate: OK
injection-4_use_face_normal_direction: OK
injection-4_velocity_magnitude: OK
injection-4_particle_size: OK
injection-5_particle_type: OK
injection-5_material: OK
injection-5_injection_type_surface: OK
injection-5_location: OK
injection-5_mass_flow_rate: OK
injection-5_use_face_normal_direction: OK
injection-5_velocity_magnitude: OK
injection-5_particle_size: OK
injection-6_particle_type: OK
injection-6_material: OK
injection-6_injection_type_surface: OK
injection-6_location: OK
injection-6_mass_flow_rate: OK
injection-6_use_face_normal_direction: OK
injection-6_velocity_magnitude: OK
injection-6_particle_size: OK
injection-7_particle_type: OK
injection-7_material: OK
injection-7_injection_type_surface: OK
injection-7_location: OK
injection-7_mass_flow_rate: OK
injection-7_use_face_normal_direction: OK
injection-7_velocity_magnitude: OK
injection-7_particle_size: OK
injection-8_particle_type: OK
injection-8_material: OK
injection-8_injection_type_surface: OK
injection-8_location: OK
injection-8_mass_flow_rate: OK
injection-8_use_face_normal_direction: OK
injection-8_velocity_magnitude: OK
injection-8_particle_size: OK
initialize: SKIPPED because case reports 1000 existing iterations

=== Run Iterations ===
active_calculation_state: clearing stale state ['interrupt']
interrupt_stale_calculation: OK
Done.

> 
Initialize using the hybrid initialization method.

Checking case topology... 
-This case has both inlets & outlets 
-Pressure information is not available at the boundaries.
 Case will be initialized with constant pressure

	iter		scalar-0

	1		1.000000e+00
	2		2.902463e-04
	3		5.344461e-05
	4		1.945017e-05
	5		6.037563e-06
	6		2.150747e-06
	7		7.443881e-07
	8		2.662060e-07
	9		9.551195e-08
	10		3.578380e-08

Hybrid initialization is done.

  iter  continuity  x-velocity  y-velocity  z-velocity           k     epsilon  vf-phase-2     time/iter

 turbulent viscosity limited to viscosity ratio of 1.000000e+05 in 1334 cells 
     1  1.0000e+00  1.0478e-03  1.4554e-03  1.1233e-03  1.0590e+02  3.9734e+06  1.1464e-01  0:18:09   99

 turbulent viscosity limited to viscosity ratio of 1.000000e+05 in 3375 cells 
     2  1.0000e+00  7.1469e-04  9.3972e-04  7.3874e-04  1.6181e-01  2.7682e-01  6.0066e-01  0:17:19   98

 turbulent viscosity limited to viscosity ratio of 1.000000e+05 in 2739 cells 

 Reversed flow on 31 faces of pressure-outlet 7.
     3  8.2084e-01  4.4654e-04  6.1479e-04  4.5639e-04  1.4851e-01  1.4839e+00  3.0032e-01  0:16:18   97

 turbulent viscosity limited to viscosity ratio of 1.000000e+05 in 1829 cells 

 Reversed flow on 181 faces of pressure-outlet 7.
     4  6.0803e-01  3.5951e-04  4.9280e-04  3.7076e-04  1.3648e-01  6.3982e-01  2.0021e-01  0:15:47   96

 turbulent viscosity limited to viscosity ratio of 1.000000e+05 in 1114 cells 

 Reversed flow on 315 faces of pressure-outlet 7.
     5  6.3098e-01  3.4407e-04  4.4009e-04  3.5750e-04  1.3201e-01  4.2740e-01  1.5015e-01  0:15:02   95

 turbulent viscosity limited to viscosity ratio of 1.000000e+05 in 681 cells 

 Reversed flow on 409 faces of pressure-outlet 7.
     6  4.8456e-01  3.0211e-04  3.7455e-04  3.1616e-04  1.0274e-01  3.1421e-01  1.2012e-01  0:14:43   94

 turbulent viscosity limited to viscosity ratio of 1.000000e+05 in 437 cells 

 Reversed flow on 524 faces of pressure-outlet 7.
     7  4.1822e-01  2.7330e-04  3.2350e-04  2.8801e-04  8.5774e-02  9.6493e-01  1.0010e-01  0:14:08   93

 turbulent viscosity limited to viscosity ratio of 1.000000e+05 in 316 cells 

 Reversed flow on 622 faces of pressure-outlet 7.
     8  4.3296e-01  2.6920e-04  2.9667e-04  2.9009e-04  8.1396e-02  1.2308e+00  8.5805e-02  0:13:56   92

 turbulent viscosity limited to viscosity ratio of 1.000000e+05 in 269 cells 

 Reversed flow on 643 faces of pressure-outlet 7.
     9  3.5784e-01  2.4714e-04  2.5704e-04  2.7090e-04  6.4941e-02  3.0133e-01  7.5081e-02  0:13:27   91

 turbulent viscosity limited to viscosity ratio of 1.000000e+05 in 283 cells 

 Reversed flow on 654 faces of pressure-outlet 7.
    10  3.2391e-01  2.3212e-04  2.3171e-04  2.5621e-04  6.2986e-02  3.6937e-01  6.6741e-02  0:13:21   90

 turbulent viscosity limited to viscosity ratio of 1.000000e+05 in 291 cells 

 Reversed flow on 646 faces of pressure-outlet 7.
    11  3.8062e-01  2.2868e-04  2.1940e-04  2.5207e-04  5.2082e-02  2.9882e-01  6.0072e-02  0:12:56   89

 turbulent viscosity limited to viscosity ratio of 1.000000e+05 in 319 cells 

 Reversed flow on 643 faces of pressure-outlet 7.

  iter  continuity  x-velocity  y-velocity  z-velocity           k     epsilon  vf-phase-2     time/iter
    12  3.1700e-01  2.1506e-04  1.9800e-04  2.3990e-04  4.3470e-02  2.5553e-01  5.4614e-02  0:12:52   88

 turbulent viscosity limited to viscosity ratio of 1.000000e+05 in 356 cells 

 Reversed flow on 631 faces of pressure-outlet 7.
    13  3.3051e-01  2.1508e-04  1.8932e-04  2.4323e-04  3.7397e-02  2.5955e-01  5.0063e-02  0:12:30   87

 turbulent viscosity limited to viscosity ratio of 1.000000e+05 in 416 cells 

 Reversed flow on 630 faces of pressure-outlet 7.
    14  2.8915e-01  2.0367e-04  1.7573e-04  2.3337e-04  3.2763e-02  1.8533e-01  4.6213e-02  0:12:28   86

 turbulent viscosity limited to viscosity ratio of 1.000000e+05 in 484 cells 

 Reversed flow on 625 faces of pressure-outlet 7.
    15  3.1405e-01  2.0267e-04  1.7216e-04  2.3321e-04  2.9054e-02  1.5713e-01  4.2913e-02  0:12:07   85

 turbulent viscosity limited to viscosity ratio of 1.000000e+05 in 602 cells 

 Reversed flow on 630 faces of pressure-outlet 7.
    16  2.8652e-01  1.9466e-04  1.6284e-04  2.2807e-04  2.6095e-02  1.1952e-01  4.0054e-02  0:12:06   84

 turbulent viscosity limited to viscosity ratio of 1.000000e+05 in 752 cells 

 Reversed flow on 652 faces of pressure-outlet 7.
    17  2.9567e-01  1.9283e-04  1.6044e-04  2.2721e-04  2.3200e-02  9.6442e-02  3.7553e-02  0:11:47   83

 turbulent viscosity limited to viscosity ratio of 1.000000e+05 in 882 cells 

 Reversed flow on 648 faces of pressure-outlet 7.
    18  3.2332e-01  1.9435e-04  1.5937e-04  2.3181e-04  2.0711e-02  8.2309e-02  3.5345e-02  0:11:46   82

 turbulent viscosity limited to viscosity ratio of 1.000000e+05 in 1076 cells 

 Reversed flow on 666 faces of pressure-outlet 7.
    19  3.0098e-01  1.8894e-04  1.5327e-04  2.2867e-04  1.8896e-02  7.2344e-02  3.3383e-02  0:11:28   81

 turbulent viscosity limited to viscosity ratio of 1.000000e+05 in 1263 cells 

 Reversed flow on 675 faces of pressure-outlet 7.
    20  3.7115e-01  1.9363e-04  1.6066e-04  2.3619e-04  1.7365e-02  6.4827e-02  3.1628e-02  0:11:27   80

 turbulent viscosity limited to viscosity ratio of 1.000000e+05 in 1552 cells 

 Reversed flow on 682 faces of pressure-outlet 7.
    21  3.2439e-01  1.8839e-04  1.5502e-04  2.3500e-04  1.5939e-02  5.8613e-02  3.0048e-02  0:11:09   79

 turbulent viscosity limited to viscosity ratio of 1.000000e+05 in 1860 cells 

 Reversed flow on 690 faces of pressure-outlet 7.
    22  3.3833e-01  1.9050e-04  1.5698e-04  2.3751e-04  1.4912e-02  5.8650e-02  2.8619e-02  0:11:09   78

 turbulent viscosity limited to viscosity ratio of 1.000000e+05 in 2185 cells 

 Reversed flow on 697 faces of pressure-outlet 7.

  iter  continuity  x-velocity  y-velocity  z-velocity           k     epsilon  vf-phase-2     time/iter
    23  3.8425e-01  1.9615e-04  1.6283e-04  2.4886e-04  1.4000e-02  5.5663e-02  2.7319e-02  0:10:52   77

 turbulent viscosity limited to viscosity ratio of 1.000000e+05 in 2515 cells 

 Reversed flow on 700 faces of pressure-outlet 7.
    24  3.5161e-01  1.9333e-04  1.5892e-04  2.4888e-04  1.3143e-02  5.0351e-02  2.6133e-02  0:10:51   76

 turbulent viscosity limited to viscosity ratio of 1.000000e+05 in 2807 cells 

 Reversed flow on 702 faces of pressure-outlet 7.
    25  3.6727e-01  1.9699e-04  1.6395e-04  2.5373e-04  1.2458e-02  4.7242e-02  2.5045e-02  0:10:49   75

 turbulent viscosity limited to viscosity ratio of 1.000000e+05 in 3167 cells 

 Reversed flow on 702 faces of pressure-outlet 7.
    26  4.3488e-01  2.0277e-04  1.7212e-04  2.6285e-04  1.1830e-02  4.3691e-02  2.4045e-02  0:10:31   74

 turbulent viscosity limited to viscosity ratio of 1.000000e+05 in 3533 cells 

 Reversed flow on 710 faces of pressure-outlet 7.
    27  3.9003e-01  2.0130e-04  1.7039e-04  2.6607e-04  1.1254e-02  3.8230e-02  2.3121e-02  0:10:29   73

 turbulent viscosity limited to viscosity ratio of 1.000000e+05 in 3931 cells 

 Reversed flow on 711 faces of pressure-outlet 7.
    28  4.2574e-01  2.0733e-04  1.7887e-04  2.7711e-04  1.0707e-02  3.4018e-02  2.2266e-02  0:10:12   72

 turbulent viscosity limited to viscosity ratio of 1.000000e+05 in 4307 cells 

 Reversed flow on 710 faces of pressure-outlet 7.
    29  4.0089e-01  2.0514e-04  1.7616e-04  2.7786e-04  1.0293e-02  3.3345e-02  2.1472e-02  0:10:10   71

 turbulent viscosity limited to viscosity ratio of 1.000000e+05 in 4760 cells 

 Reversed flow on 718 faces of pressure-outlet 7.
    30  4.7424e-01  2.0979e-04  1.8838e-04  2.8754e-04  9.9264e-03  3.1324e-02  2.0733e-02  0:09:53   70

 turbulent viscosity limited to viscosity ratio of 1.000000e+05 in 5176 cells 

 Reversed flow on 715 faces of pressure-outlet 7.
    31  4.3536e-01  2.0688e-04  1.8456e-04  2.8847e-04  9.5797e-03  2.9101e-02  2.0043e-02  0:09:52   69

 turbulent viscosity limited to viscosity ratio of 1.000000e+05 in 5569 cells 

 Reversed flow on 717 faces of pressure-outlet 7.
    32  4.5396e-01  2.0910e-04  1.8974e-04  2.9429e-04  9.2700e-03  2.6560e-02  1.9397e-02  0:09:36   68

 turbulent viscosity limited to viscosity ratio of 1.000000e+05 in 5908 cells 

 Reversed flow on 714 faces of pressure-outlet 7.
    33  4.6593e-01  2.0777e-04  1.9196e-04  2.9439e-04  8.9681e-03  2.4714e-02  1.8792e-02  0:09:34   67

 turbulent viscosity limited to viscosity ratio of 1.000000e+05 in 6306 cells 

 Reversed flow on 729 faces of pressure-outlet 7.

  iter  continuity  x-velocity  y-velocity  z-velocity           k     epsilon  vf-phase-2     time/iter
    34  4.7286e-01  2.0587e-04  1.9437e-04  2.9407e-04  8.7040e-03  2.2963e-02  1.8224e-02  0:09:18   66

 turbulent viscosity limited to viscosity ratio of 1.000000e+05 in 6676 cells 

 Reversed flow on 720 faces of pressure-outlet 7.
    35  4.8039e-01  2.0297e-04  1.9625e-04  2.9232e-04  8.4775e-03  2.1934e-02  1.7689e-02  0:09:17   65

 turbulent viscosity limited to viscosity ratio of 1.000000e+05 in 7025 cells 

 Reversed flow on 716 faces of pressure-outlet 7.
    36  4.8879e-01  2.0035e-04  1.9839e-04  2.9010e-04  8.2531e-03  2.1039e-02  1.7184e-02  0:09:01   64

 turbulent viscosity limited to viscosity ratio of 1.000000e+05 in 7396 cells 

 Reversed flow on 726 faces of pressure-outlet 7.
    37  4.9238e-01  1.9702e-04  1.9959e-04  2.8703e-04  8.0691e-03  2.0318e-02  1.6708e-02  0:08:59   63

 turbulent viscosity limited to viscosity ratio of 1.000000e+05 in 7737 cells 

 Reversed flow on 720 faces of pressure-outlet 7.
    38  4.9302e-01  1.9385e-04  2.0057e-04  2.8237e-04  7.9080e-03  1.9776e-02  1.6257e-02  0:08:44   62

 turbulent viscosity limited to viscosity ratio of 1.000000e+05 in 8058 cells 

 Reversed flow on 721 faces of pressure-outlet 7.
    39  4.8880e-01  1.9009e-04  2.0052e-04  2.7773e-04  7.7623e-03  1.9060e-02  1.5830e-02  0:08:42   61

 turbulent viscosity limited to viscosity ratio of 1.000000e+05 in 8453 cells 

 Reversed flow on 716 faces of pressure-outlet 7.
    40  4.8844e-01  1.8639e-04  2.0067e-04  2.7337e-04  7.6505e-03  1.8925e-02  1.5425e-02  0:08:27   60

 turbulent viscosity limited to viscosity ratio of 1.000000e+05 in 8840 cells 

 Reversed flow on 713 faces of pressure-outlet 7.
    41  4.8419e-01  1.8207e-04  1.9999e-04  2.6929e-04  7.5652e-03  1.8389e-02  1.5040e-02  0:08:25   59

 turbulent viscosity limited to viscosity ratio of 1.000000e+05 in 9260 cells 

 Reversed flow on 711 faces of pressure-outlet 7.
    42  4.8636e-01  1.7793e-04  1.9914e-04  2.6496e-04  7.4954e-03  1.7983e-02  1.4674e-02  0:08:10   58

 turbulent viscosity limited to viscosity ratio of 1.000000e+05 in 9663 cells 

 Reversed flow on 716 faces of pressure-outlet 7.
    43  4.8470e-01  1.7402e-04  1.9818e-04  2.6104e-04  7.4479e-03  1.8109e-02  1.4325e-02  0:08:08   57

 turbulent viscosity limited to viscosity ratio of 1.000000e+05 in 10013 cells 

 Reversed flow on 717 faces of pressure-outlet 7.
    44  4.8355e-01  1.7008e-04  1.9705e-04  2.5621e-04  7.4189e-03  1.7992e-02  1.3993e-02  0:07:53   56

 turbulent viscosity limited to viscosity ratio of 1.000000e+05 in 10361 cells 

 Reversed flow on 713 faces of pressure-outlet 7.

  iter  continuity  x-velocity  y-velocity  z-velocity           k     epsilon  vf-phase-2     time/iter
    45  4.8140e-01  1.6609e-04  1.9602e-04  2.5113e-04  7.4127e-03  1.7912e-02  1.3676e-02  0:07:51   55

 turbulent viscosity limited to viscosity ratio of 1.000000e+05 in 10740 cells 

 Reversed flow on 708 faces of pressure-outlet 7.
    46  4.8173e-01  1.6222e-04  1.9496e-04  2.4629e-04  7.4158e-03  1.8197e-02  1.3372e-02  0:07:36   54

 turbulent viscosity limited to viscosity ratio of 1.000000e+05 in 11104 cells 

 Reversed flow on 702 faces of pressure-outlet 7.
    47  4.8605e-01  1.5891e-04  1.9371e-04  2.4133e-04  7.4221e-03  1.8452e-02  1.3082e-02  0:07:33   53

 turbulent viscosity limited to viscosity ratio of 1.000000e+05 in 11498 cells 

 Reversed flow on 702 faces of pressure-outlet 7.
    48  4.8526e-01  1.5588e-04  1.9283e-04  2.3657e-04  7.4421e-03  1.8715e-02  1.2804e-02  0:07:19   52

 turbulent viscosity limited to viscosity ratio of 1.000000e+05 in 11849 cells 

 Reversed flow on 694 faces of pressure-outlet 7.
    49  4.8709e-01  1.5314e-04  1.9183e-04  2.3227e-04  7.4617e-03  1.9341e-02  1.2538e-02  0:07:16   51

 turbulent viscosity limited to viscosity ratio of 1.000000e+05 in 12159 cells 

 Reversed flow on 700 faces of pressure-outlet 7.
    50  4.8804e-01  1.5099e-04  1.9095e-04  2.2809e-04  7.4882e-03  1.9848e-02  1.2283e-02  0:07:02   50

 turbulent viscosity limited to viscosity ratio of 1.000000e+05 in 12516 cells 

 Reversed flow on 704 faces of pressure-outlet 7.
    51  4.9043e-01  1.4921e-04  1.9043e-04  2.2435e-04  7.5116e-03  2.0925e-02  1.2037e-02  0:06:59   49

 turbulent viscosity limited to viscosity ratio of 1.000000e+05 in 12819 cells 

 Reversed flow on 710 faces of pressure-outlet 7.
    52  4.9263e-01  1.4791e-04  1.8989e-04  2.2090e-04  7.5199e-03  2.0780e-02  1.1802e-02  0:06:55   48

 turbulent viscosity limited to viscosity ratio of 1.000000e+05 in 13151 cells 

 Reversed flow on 721 faces of pressure-outlet 7.
    53  4.9515e-01  1.4700e-04  1.8941e-04  2.1793e-04  7.5214e-03  2.0522e-02  1.1575e-02  0:06:50   47

 turbulent viscosity limited to viscosity ratio of 1.000000e+05 in 13391 cells 

 Reversed flow on 716 faces of pressure-outlet 7.
    54  4.9952e-01  1.4618e-04  1.8914e-04  2.1487e-04  7.5150e-03  2.0160e-02  1.1357e-02  0:06:34   46

 turbulent viscosity limited to viscosity ratio of 1.000000e+05 in 13722 cells 

 Reversed flow on 707 faces of pressure-outlet 7.
    55  5.0724e-01  1.4584e-04  1.8901e-04  2.1175e-04  7.5006e-03  1.9054e-02  1.1147e-02  0:06:21   45

 turbulent viscosity limited to viscosity ratio of 1.000000e+05 in 14034 cells 

 Reversed flow on 714 faces of pressure-outlet 7.

  iter  continuity  x-velocity  y-velocity  z-velocity           k     epsilon  vf-phase-2     time/iter
    56  5.1127e-01  1.4512e-04  1.8767e-04  2.0964e-04  7.4893e-03  1.9042e-02  1.0945e-02  0:06:17   44

 turbulent viscosity limited to viscosity ratio of 1.000000e+05 in 14290 cells 

 Reversed flow on 721 faces of pressure-outlet 7.
    57  5.4106e-01  1.4648e-04  1.8916e-04  2.0557e-04  7.4780e-03  1.8648e-02  1.0750e-02  0:06:03   43

 turbulent viscosity limited to viscosity ratio of 1.000000e+05 in 14537 cells 

 Reversed flow on 718 faces of pressure-outlet 7.
    58  5.3099e-01  1.4530e-04  1.8775e-04  2.0424e-04  7.4575e-03  1.7770e-02  1.0562e-02  0:06:00   42

 turbulent viscosity limited to viscosity ratio of 1.000000e+05 in 14795 cells 

 Reversed flow on 720 faces of pressure-outlet 7.
    59  5.5354e-01  1.4687e-04  1.8906e-04  2.0130e-04  7.4501e-03  1.7486e-02  1.0380e-02  0:05:46   41

 turbulent viscosity limited to viscosity ratio of 1.000000e+05 in 15011 cells 

 Reversed flow on 716 faces of pressure-outlet 7.
    60  5.4831e-01  1.4604e-04  1.8779e-04  2.0045e-04  7.4390e-03  1.7310e-02  1.0204e-02  0:05:34   40

 turbulent viscosity limited to viscosity ratio of 1.000000e+05 in 15211 cells 

 Reversed flow on 709 faces of pressure-outlet 7.
    61  5.7485e-01  1.4757e-04  1.8906e-04  1.9788e-04  7.4246e-03  1.6228e-02  1.0034e-02  0:05:31   39

 turbulent viscosity limited to viscosity ratio of 1.000000e+05 in 15413 cells 

 Reversed flow on 713 faces of pressure-outlet 7.
    62  5.6944e-01  1.4709e-04  1.8779e-04  1.9720e-04  7.4187e-03  1.5849e-02  9.8702e-03  0:05:26   38

 turbulent viscosity limited to viscosity ratio of 1.000000e+05 in 15591 cells 

 Reversed flow on 723 faces of pressure-outlet 7.
    63  5.9438e-01  1.4844e-04  1.8854e-04  1.9494e-04  7.4187e-03  1.5618e-02  9.7112e-03  0:05:21   37

 turbulent viscosity limited to viscosity ratio of 1.000000e+05 in 15740 cells 

 Reversed flow on 710 faces of pressure-outlet 7.
    64  5.8887e-01  1.4818e-04  1.8719e-04  1.9454e-04  7.4227e-03  1.5131e-02  9.5573e-03  0:05:07   36

 turbulent viscosity limited to viscosity ratio of 1.000000e+05 in 15872 cells 

 Reversed flow on 718 faces of pressure-outlet 7.
    65  6.1472e-01  1.5007e-04  1.8811e-04  1.9226e-04  7.4342e-03  1.4822e-02  9.4082e-03  0:04:55   35

 turbulent viscosity limited to viscosity ratio of 1.000000e+05 in 16004 cells 

 Reversed flow on 725 faces of pressure-outlet 7.
    66  6.0955e-01  1.5021e-04  1.8689e-04  1.9195e-04  7.4549e-03  1.4825e-02  9.2637e-03  0:04:51   34

 turbulent viscosity limited to viscosity ratio of 1.000000e+05 in 16105 cells 

 Reversed flow on 720 faces of pressure-outlet 7.

  iter  continuity  x-velocity  y-velocity  z-velocity           k     epsilon  vf-phase-2     time/iter
    67  6.3591e-01  1.5212e-04  1.8755e-04  1.9021e-04  7.4811e-03  1.4704e-02  9.1236e-03  0:04:45   33

 turbulent viscosity limited to viscosity ratio of 1.000000e+05 in 16183 cells 

 Reversed flow on 717 faces of pressure-outlet 7.
    68  6.3112e-01  1.5232e-04  1.8639e-04  1.9008e-04  7.5132e-03  1.4708e-02  8.9876e-03  0:04:39   32

 turbulent viscosity limited to viscosity ratio of 1.000000e+05 in 16262 cells 

 Reversed flow on 725 faces of pressure-outlet 7.
    69  6.5835e-01  1.5402e-04  1.8713e-04  1.8873e-04  7.5498e-03  1.4724e-02  8.8557e-03  0:04:26   31

 turbulent viscosity limited to viscosity ratio of 1.000000e+05 in 16313 cells 

 Reversed flow on 721 faces of pressure-outlet 7.
    70  6.5269e-01  1.5436e-04  1.8603e-04  1.8855e-04  7.5968e-03  1.5036e-02  8.7276e-03  0:04:20   30

 turbulent viscosity limited to viscosity ratio of 1.000000e+05 in 16337 cells 

 Reversed flow on 726 faces of pressure-outlet 7.
    71  6.7719e-01  1.5639e-04  1.8708e-04  1.8728e-04  7.6422e-03  1.5126e-02  8.6031e-03  0:04:07   29

 turbulent viscosity limited to viscosity ratio of 1.000000e+05 in 16364 cells 

 Reversed flow on 716 faces of pressure-outlet 7.
    72  6.7402e-01  1.5664e-04  1.8602e-04  1.8716e-04  7.6913e-03  1.5967e-02  8.4822e-03  0:04:01   28

 turbulent viscosity limited to viscosity ratio of 1.000000e+05 in 16405 cells 

 Reversed flow on 727 faces of pressure-outlet 7.
    73  6.9803e-01  1.5863e-04  1.8717e-04  1.8598e-04  7.7405e-03  1.5972e-02  8.3646e-03  0:03:49   27

 turbulent viscosity limited to viscosity ratio of 1.000000e+05 in 16369 cells 

 Reversed flow on 727 faces of pressure-outlet 7.
    74  6.9354e-01  1.5893e-04  1.8622e-04  1.8601e-04  7.7738e-03  1.5844e-02  8.2502e-03  0:03:38   26

 turbulent viscosity limited to viscosity ratio of 1.000000e+05 in 16335 cells 

 Reversed flow on 737 faces of pressure-outlet 7.
    75  7.1633e-01  1.6085e-04  1.8719e-04  1.8485e-04  7.8097e-03  1.6043e-02  8.1389e-03  0:03:33   25

 turbulent viscosity limited to viscosity ratio of 1.000000e+05 in 16338 cells 

 Reversed flow on 721 faces of pressure-outlet 7.
    76  7.1091e-01  1.6114e-04  1.8641e-04  1.8485e-04  7.8564e-03  1.6686e-02  8.0306e-03  0:03:22   24

 turbulent viscosity limited to viscosity ratio of 1.000000e+05 in 16311 cells 

 Reversed flow on 720 faces of pressure-outlet 7.
    77  7.3089e-01  1.6278e-04  1.8744e-04  1.8414e-04  7.8853e-03  1.6830e-02  7.9251e-03  0:03:16   23

 turbulent viscosity limited to viscosity ratio of 1.000000e+05 in 16305 cells 

 Reversed flow on 726 faces of pressure-outlet 7.

  iter  continuity  x-velocity  y-velocity  z-velocity           k     epsilon  vf-phase-2     time/iter
    78  7.2505e-01  1.6308e-04  1.8681e-04  1.8406e-04  7.9185e-03  1.7039e-02  7.8223e-03  0:03:05   22

 turbulent viscosity limited to viscosity ratio of 1.000000e+05 in 16259 cells 

 Reversed flow on 736 faces of pressure-outlet 7.
    79  7.4449e-01  1.6462e-04  1.8775e-04  1.8349e-04  7.9548e-03  1.7181e-02  7.7222e-03  0:02:59   21

 turbulent viscosity limited to viscosity ratio of 1.000000e+05 in 16229 cells 

 Reversed flow on 726 faces of pressure-outlet 7.
    80  7.3666e-01  1.6450e-04  1.8685e-04  1.8331e-04  7.9886e-03  1.7446e-02  7.6246e-03  0:02:49   20

 turbulent viscosity limited to viscosity ratio of 1.000000e+05 in 16192 cells 

 Reversed flow on 713 faces of pressure-outlet 7.
    81  7.5196e-01  1.6579e-04  1.8755e-04  1.8288e-04  8.0245e-03  1.8019e-02  7.5295e-03  0:02:42   19

 turbulent viscosity limited to viscosity ratio of 1.000000e+05 in 16136 cells 

 Reversed flow on 715 faces of pressure-outlet 7.
    82  7.4711e-01  1.6537e-04  1.8663e-04  1.8252e-04  8.0548e-03  1.8045e-02  7.4367e-03  0:02:32   18

 turbulent viscosity limited to viscosity ratio of 1.000000e+05 in 16053 cells 

 Reversed flow on 723 faces of pressure-outlet 7.
    83  7.6044e-01  1.6649e-04  1.8691e-04  1.8265e-04  8.0953e-03  1.8501e-02  7.3462e-03  0:02:25   17

 turbulent viscosity limited to viscosity ratio of 1.000000e+05 in 15989 cells 

 Reversed flow on 729 faces of pressure-outlet 7.
    84  7.5543e-01  1.6616e-04  1.8599e-04  1.8248e-04  8.1397e-03  1.8551e-02  7.2578e-03  0:02:15   16

 turbulent viscosity limited to viscosity ratio of 1.000000e+05 in 15912 cells 

 Reversed flow on 722 faces of pressure-outlet 7.
    85  7.6528e-01  1.6620e-04  1.8557e-04  1.8267e-04  8.1805e-03  1.8718e-02  7.1715e-03  0:02:05   15

 turbulent viscosity limited to viscosity ratio of 1.000000e+05 in 15833 cells 

 Reversed flow on 728 faces of pressure-outlet 7.
    86  7.8432e-01  1.6771e-04  1.8581e-04  1.8292e-04  8.2397e-03  1.8963e-02  7.0873e-03  0:01:59   14

 turbulent viscosity limited to viscosity ratio of 1.000000e+05 in 15740 cells 

 Reversed flow on 729 faces of pressure-outlet 7.
    87  7.7401e-01  1.6699e-04  1.8466e-04  1.8263e-04  8.2981e-03  1.8860e-02  7.0050e-03  0:01:49   13

 turbulent viscosity limited to viscosity ratio of 1.000000e+05 in 15658 cells 

 Reversed flow on 720 faces of pressure-outlet 7.
    88  7.8116e-01  1.6695e-04  1.8386e-04  1.8275e-04  8.3439e-03  1.8904e-02  6.9247e-03  0:01:42   12

 turbulent viscosity limited to viscosity ratio of 1.000000e+05 in 15610 cells 

 Reversed flow on 716 faces of pressure-outlet 7.

  iter  continuity  x-velocity  y-velocity  z-velocity           k     epsilon  vf-phase-2     time/iter
    89  7.9107e-01  1.6720e-04  1.8309e-04  1.8299e-04  8.3871e-03  1.8978e-02  6.8462e-03  0:01:32   11

 turbulent viscosity limited to viscosity ratio of 1.000000e+05 in 15525 cells 

 Reversed flow on 717 faces of pressure-outlet 7.
    90  7.9787e-01  1.6741e-04  1.8229e-04  1.8331e-04  8.4202e-03  1.8835e-02  6.7695e-03  0:01:25   10

 turbulent viscosity limited to viscosity ratio of 1.000000e+05 in 15462 cells 

 Reversed flow on 719 faces of pressure-outlet 7.
    91  8.0075e-01  1.6760e-04  1.8171e-04  1.8334e-04  8.4468e-03  1.8950e-02  6.6944e-03  0:01:16    9

 turbulent viscosity limited to viscosity ratio of 1.000000e+05 in 15368 cells 

 Reversed flow on 707 faces of pressure-outlet 7.
    92  8.0455e-01  1.6789e-04  1.8097e-04  1.8331e-04  8.4510e-03  1.8747e-02  6.6210e-03  0:01:08    8

 turbulent viscosity limited to viscosity ratio of 1.000000e+05 in 15287 cells 

 Reversed flow on 712 faces of pressure-outlet 7.
    93  8.1050e-01  1.6804e-04  1.8013e-04  1.8339e-04  8.4537e-03  1.8580e-02  6.5493e-03  0:00:59    7

 turbulent viscosity limited to viscosity ratio of 1.000000e+05 in 15192 cells 

 Reversed flow on 706 faces of pressure-outlet 7.
    94  8.1747e-01  1.6825e-04  1.7929e-04  1.8348e-04  8.4513e-03  1.8668e-02  6.4790e-03  0:00:50    6

 turbulent viscosity limited to viscosity ratio of 1.000000e+05 in 15083 cells 

 Reversed flow on 703 faces of pressure-outlet 7.
    95  8.2200e-01  1.6835e-04  1.7834e-04  1.8360e-04  8.4410e-03  1.8610e-02  6.4102e-03  0:00:42    5

 turbulent viscosity limited to viscosity ratio of 1.000000e+05 in 14993 cells 

 Reversed flow on 709 faces of pressure-outlet 7.
    96  8.2706e-01  1.6853e-04  1.7734e-04  1.8368e-04  8.4295e-03  1.8544e-02  6.3429e-03  0:00:34    4

 turbulent viscosity limited to viscosity ratio of 1.000000e+05 in 14910 cells 

 Reversed flow on 710 faces of pressure-outlet 7.
    97  8.3125e-01  1.6871e-04  1.7639e-04  1.8356e-04  8.4099e-03  1.8375e-02  6.2769e-03  0:00:26    3

 turbulent viscosity limited to viscosity ratio of 1.000000e+05 in 14796 cells 

 Reversed flow on 720 faces of pressure-outlet 7.
    98  8.3595e-01  1.6873e-04  1.7539e-04  1.8358e-04  8.3840e-03  1.8227e-02  6.2124e-03  0:00:17    2

 turbulent viscosity limited to viscosity ratio of 1.000000e+05 in 14671 cells 

 Reversed flow on 717 faces of pressure-outlet 7.
    99  8.4081e-01  1.6875e-04  1.7435e-04  1.8358e-04  8.3548e-03  1.8041e-02  6.1491e-03  0:00:08    1

 turbulent viscosity limited to viscosity ratio of 1.000000e+05 in 14565 cells 

 Reversed flow on 699 faces of pressure-outlet 7.

  iter  continuity  x-velocity  y-velocity  z-velocity           k     epsilon  vf-phase-2     time/iter

Error: Invalid path: "C:\Users\qtra338\Documents\Bangma Design (swirl 0.15)\Bangma_separator_files\dp0\FFF\Fluent\" does not exist!
Error Object: #f


ERROR: Invalid path: "C:\Users\qtra338\Documents\Bangma Design (swirl 0.15)\Bangma_separator_files\dp0\FFF\Fluent\" does not exist!
iterate_100: OK
progress: 100/1500
Error object: #f


active_calculation_state: clearing stale state ['interrupt']
Done.interrupt_stale_calculation: OK


> 
  iter  continuity  x-velocity  y-velocity  z-velocity           k     epsilon  vf-phase-2     time/iter

Error: Invalid path: "C:\Users\qtra338\Documents\Bangma Design (swirl 0.15)\Bangma_separator_files\dp0\FFF\Fluent\" does not exist!
Error Object: #f


ERROR: Invalid path: "C:\Users\qtra338\Documents\Bangma Design (swirl 0.15)\Bangma_separator_files\dp0\FFF\Fluent\" does not exist!
iterate_200: OK
progress: 200/1500
Error object: #f


active_calculation_state: clearing stale state ['interrupt']
Done.
interrupt_stale_calculation: OK

> 
  iter  continuity  x-velocity  y-velocity  z-velocity           k     epsilon  vf-phase-2     time/iter

Error: Invalid path: "C:\Users\qtra338\Documents\Bangma Design (swirl 0.15)\Bangma_separator_files\dp0\FFF\Fluent\" does not exist!
Error Object: #f


ERROR: Invalid path: "C:\Users\qtra338\Documents\Bangma Design (swirl 0.15)\Bangma_separator_files\dp0\FFF\Fluent\" does not exist!
Error object: #f

iterate_300: OK
progress: 300/1500

active_calculation_state: clearing stale state ['interrupt']
Done.
interrupt_stale_calculation: OK

> 
  iter  continuity  x-velocity  y-velocity  z-velocity           k     epsilon  vf-phase-2     time/iter

Error: Invalid path: "C:\Users\qtra338\Documents\Bangma Design (swirl 0.15)\Bangma_separator_files\dp0\FFF\Fluent\" does not exist!
Error Object: #f


ERROR: Invalid path: "C:\Users\qtra338\Documents\Bangma Design (swirl 0.15)\Bangma_separator_files\dp0\FFF\Fluent\" does not exist!
Error object: #f


iterate_400: OK
progress: 400/1500
active_calculation_state: clearing stale state ['interrupt']
Done.
interrupt_stale_calculation: OK

> 
  iter  continuity  x-velocity  y-velocity  z-velocity           k     epsilon  vf-phase-2     time/iter

Error: Invalid path: "C:\Users\qtra338\Documents\Bangma Design (swirl 0.15)\Bangma_separator_files\dp0\FFF\Fluent\" does not exist!
Error Object: #f


ERROR: Invalid path: "C:\Users\qtra338\Documents\Bangma Design (swirl 0.15)\Bangma_separator_files\dp0\FFF\Fluent\" does not exist!
Error object: #f

iterate_500: OK
progress: 500/1500

=== autosave_500 ===


Writing to EN439159:"C:\Users\qtra338\Documents\enthalpy_sweep\case_6_1760_autosave_iter500.cas.h5" in NODE0 mode and compression level 1 ...
Grouping cells for Laplace smoothing ...
     5578299 cells,     1 zone  ...
    11355491 faces,     5 zones ...
     1026091 nodes,     1 zone  ...
  Done.
Done.
write_case_autosave_500: OK

Writing to EN439159:"C:\Users\qtra338\Documents\enthalpy_sweep\case_6_1760_autosave_iter500.dat.h5" in NODE0 mode and compression level 1 ...
  Writing results.
Done.
write_data_autosave_500: OK
active_calculation_state: clearing stale state ['interrupt']
Done.
interrupt_stale_calculation: OK

> 
  iter  continuity  x-velocity  y-velocity  z-velocity           k     epsilon  vf-phase-2     time/iter
   100  8.4674e-01  1.6863e-04  1.7326e-04  1.8349e-04  8.3188e-03  1.8002e-02  6.0871e-03  0:14:06  100

 turbulent viscosity limited to viscosity ratio of 1.000000e+05 in 14442 cells 

 Reversed flow on 702 faces of pressure-outlet 7.
   101  8.5065e-01  1.6842e-04  1.7226e-04  1.8330e-04  8.2691e-03  1.7526e-02  6.0264e-03  0:14:08   99

 turbulent viscosity limited to viscosity ratio of 1.000000e+05 in 14322 cells 

 Reversed flow on 706 faces of pressure-outlet 7.
   102  8.5320e-01  1.6803e-04  1.7112e-04  1.8303e-04  8.2162e-03  1.7215e-02  5.9669e-03  0:14:08   98

 turbulent viscosity limited to viscosity ratio of 1.000000e+05 in 14193 cells 

 Reversed flow on 706 faces of pressure-outlet 7.
   103  8.5450e-01  1.6768e-04  1.6991e-04  1.8267e-04  8.1589e-03  1.6862e-02  5.9085e-03  0:13:47   97

 turbulent viscosity limited to viscosity ratio of 1.000000e+05 in 14091 cells 

 Reversed flow on 705 faces of pressure-outlet 7.
   104  8.5679e-01  1.6711e-04  1.6877e-04  1.8221e-04  8.0923e-03  1.6681e-02  5.8513e-03  0:13:47   96

 turbulent viscosity limited to viscosity ratio of 1.000000e+05 in 13953 cells 

 Reversed flow on 703 faces of pressure-outlet 7.
   105  8.5877e-01  1.6640e-04  1.6767e-04  1.8176e-04  8.0198e-03  1.6282e-02  5.7951e-03  0:13:27   95

 turbulent viscosity limited to viscosity ratio of 1.000000e+05 in 13856 cells 

 Reversed flow on 703 faces of pressure-outlet 7.
   106  8.6089e-01  1.6570e-04  1.6676e-04  1.8136e-04  7.9472e-03  1.5805e-02  5.7401e-03  0:13:09   94

 turbulent viscosity limited to viscosity ratio of 1.000000e+05 in 13748 cells 

 Reversed flow on 691 faces of pressure-outlet 7.
   107  8.6287e-01  1.6490e-04  1.6576e-04  1.8068e-04  7.8807e-03  1.5558e-02  5.6861e-03  0:13:12   93

 turbulent viscosity limited to viscosity ratio of 1.000000e+05 in 13623 cells 

 Reversed flow on 689 faces of pressure-outlet 7.
   108  8.6050e-01  1.6404e-04  1.6459e-04  1.7994e-04  7.8129e-03  1.5135e-02  5.6332e-03  0:12:54   92

 turbulent viscosity limited to viscosity ratio of 1.000000e+05 in 13495 cells 

 Reversed flow on 684 faces of pressure-outlet 7.
   109  8.5800e-01  1.6316e-04  1.6338e-04  1.7918e-04  7.7486e-03  1.5057e-02  5.5812e-03  0:12:56   91

 turbulent viscosity limited to viscosity ratio of 1.000000e+05 in 13385 cells 

 Reversed flow on 692 faces of pressure-outlet 7.
   110  8.5473e-01  1.6224e-04  1.6219e-04  1.7846e-04  7.6850e-03  1.4884e-02  5.5302e-03  0:12:38   90

 turbulent viscosity limited to viscosity ratio of 1.000000e+05 in 13278 cells 

 Reversed flow on 683 faces of pressure-outlet 7.

  iter  continuity  x-velocity  y-velocity  z-velocity           k     epsilon  vf-phase-2     time/iter
   111  8.5145e-01  1.6117e-04  1.6105e-04  1.7763e-04  7.6211e-03  1.4848e-02  5.4801e-03  0:12:40   89

 turbulent viscosity limited to viscosity ratio of 1.000000e+05 in 13153 cells 

 Reversed flow on 674 faces of pressure-outlet 7.
   112  8.4648e-01  1.6022e-04  1.5988e-04  1.7670e-04  7.5586e-03  1.4544e-02  5.4309e-03  0:12:22   88

 turbulent viscosity limited to viscosity ratio of 1.000000e+05 in 13025 cells 

 Reversed flow on 684 faces of pressure-outlet 7.
   113  8.4317e-01  1.5924e-04  1.5875e-04  1.7571e-04  7.5067e-03  1.4299e-02  5.3825e-03  0:12:23   87

 turbulent viscosity limited to viscosity ratio of 1.000000e+05 in 12898 cells 

 Reversed flow on 672 faces of pressure-outlet 7.
   114  8.3941e-01  1.5828e-04  1.5774e-04  1.7486e-04  7.4729e-03  1.4120e-02  5.3351e-03  0:12:06   86

 turbulent viscosity limited to viscosity ratio of 1.000000e+05 in 12774 cells 

 Reversed flow on 679 faces of pressure-outlet 7.
   115  8.3368e-01  1.5725e-04  1.5674e-04  1.7394e-04  7.4544e-03  1.4164e-02  5.2885e-03  0:12:07   85

 turbulent viscosity limited to viscosity ratio of 1.000000e+05 in 12634 cells 

 Reversed flow on 674 faces of pressure-outlet 7.
   116  8.2722e-01  1.5620e-04  1.5580e-04  1.7298e-04  7.4494e-03  1.4270e-02  5.2426e-03  0:11:49   84

 turbulent viscosity limited to viscosity ratio of 1.000000e+05 in 12489 cells 

 Reversed flow on 679 faces of pressure-outlet 7.
   117  8.2105e-01  1.5533e-04  1.5485e-04  1.7202e-04  7.4477e-03  1.4404e-02  5.1976e-03  0:11:33   83

 turbulent viscosity limited to viscosity ratio of 1.000000e+05 in 12354 cells 

 Reversed flow on 678 faces of pressure-outlet 7.
   118  8.1596e-01  1.5447e-04  1.5387e-04  1.7111e-04  7.4468e-03  1.4499e-02  5.1533e-03  0:11:35   82

 turbulent viscosity limited to viscosity ratio of 1.000000e+05 in 12224 cells 

 Reversed flow on 678 faces of pressure-outlet 7.
   119  8.0935e-01  1.5352e-04  1.5293e-04  1.7018e-04  7.4408e-03  1.4560e-02  5.1098e-03  0:11:19   81

 turbulent viscosity limited to viscosity ratio of 1.000000e+05 in 12079 cells 

 Reversed flow on 667 faces of pressure-outlet 7.
   120  8.0300e-01  1.5269e-04  1.5191e-04  1.6920e-04  7.4305e-03  1.4572e-02  5.0670e-03  0:11:21   80

 turbulent viscosity limited to viscosity ratio of 1.000000e+05 in 11964 cells 

 Reversed flow on 672 faces of pressure-outlet 7.
   121  7.9549e-01  1.5180e-04  1.5088e-04  1.6829e-04  7.4091e-03  1.4568e-02  5.0250e-03  0:11:04   79

 turbulent viscosity limited to viscosity ratio of 1.000000e+05 in 11837 cells 

 Reversed flow on 675 faces of pressure-outlet 7.

  iter  continuity  x-velocity  y-velocity  z-velocity           k     epsilon  vf-phase-2     time/iter
   122  7.9032e-01  1.5097e-04  1.4994e-04  1.6731e-04  7.3811e-03  1.4459e-02  4.9836e-03  0:11:05   78

 turbulent viscosity limited to viscosity ratio of 1.000000e+05 in 11704 cells 

 Reversed flow on 674 faces of pressure-outlet 7.
   123  7.8449e-01  1.5009e-04  1.4889e-04  1.6653e-04  7.3489e-03  1.4421e-02  4.9429e-03  0:10:48   77

 turbulent viscosity limited to viscosity ratio of 1.000000e+05 in 11583 cells 

 Reversed flow on 662 faces of pressure-outlet 7.
   124  7.7942e-01  1.4918e-04  1.4790e-04  1.6562e-04  7.3084e-03  1.4344e-02  4.9029e-03  0:10:34   76

 turbulent viscosity limited to viscosity ratio of 1.000000e+05 in 11461 cells 

 Reversed flow on 664 faces of pressure-outlet 7.
   125  7.7382e-01  1.4821e-04  1.4686e-04  1.6486e-04  7.2611e-03  1.4382e-02  4.8636e-03  0:10:35   75

 turbulent viscosity limited to viscosity ratio of 1.000000e+05 in 11358 cells 

 Reversed flow on 672 faces of pressure-outlet 7.
   126  7.7030e-01  1.4728e-04  1.4595e-04  1.6404e-04  7.2084e-03  1.4149e-02  4.8248e-03  0:10:20   74

 turbulent viscosity limited to viscosity ratio of 1.000000e+05 in 11254 cells 

 Reversed flow on 662 faces of pressure-outlet 7.
   127  7.6458e-01  1.4618e-04  1.4502e-04  1.6329e-04  7.1497e-03  1.4210e-02  4.7867e-03  0:10:21   73

 turbulent viscosity limited to viscosity ratio of 1.000000e+05 in 11170 cells 

 Reversed flow on 665 faces of pressure-outlet 7.
   128  7.5915e-01  1.4512e-04  1.4413e-04  1.6261e-04  7.0879e-03  1.4057e-02  4.7492e-03  0:10:05   72

 turbulent viscosity limited to viscosity ratio of 1.000000e+05 in 11073 cells 

 Reversed flow on 675 faces of pressure-outlet 7.
   129  7.5460e-01  1.4412e-04  1.4322e-04  1.6184e-04  7.0259e-03  1.3993e-02  4.7122e-03  0:10:05   71

 turbulent viscosity limited to viscosity ratio of 1.000000e+05 in 10964 cells 

 Reversed flow on 677 faces of pressure-outlet 7.
   130  7.5049e-01  1.4304e-04  1.4235e-04  1.6106e-04  6.9641e-03  1.3824e-02  4.6759e-03  0:09:49   70

 turbulent viscosity limited to viscosity ratio of 1.000000e+05 in 10844 cells 

 Reversed flow on 665 faces of pressure-outlet 7.
   131  7.4532e-01  1.4196e-04  1.4134e-04  1.6040e-04  6.9024e-03  1.3706e-02  4.6400e-03  0:09:35   69

 turbulent viscosity limited to viscosity ratio of 1.000000e+05 in 10727 cells 

 Reversed flow on 667 faces of pressure-outlet 7.
   132  7.4030e-01  1.4088e-04  1.4043e-04  1.5974e-04  6.8395e-03  1.3535e-02  4.6048e-03  0:09:36   68

 turbulent viscosity limited to viscosity ratio of 1.000000e+05 in 10629 cells 

 Reversed flow on 668 faces of pressure-outlet 7.

  iter  continuity  x-velocity  y-velocity  z-velocity           k     epsilon  vf-phase-2     time/iter
   133  7.3669e-01  1.3984e-04  1.3950e-04  1.5908e-04  6.7783e-03  1.3230e-02  4.5700e-03  0:09:21   67

 turbulent viscosity limited to viscosity ratio of 1.000000e+05 in 10506 cells 

 Reversed flow on 662 faces of pressure-outlet 7.
   134  7.3240e-01  1.3876e-04  1.3864e-04  1.5846e-04  6.7206e-03  1.2979e-02  4.5358e-03  0:09:21   66

 turbulent viscosity limited to viscosity ratio of 1.000000e+05 in 10374 cells 

 Reversed flow on 666 faces of pressure-outlet 7.
   135  7.2798e-01  1.3770e-04  1.3781e-04  1.5790e-04  6.6655e-03  1.2992e-02  4.5021e-03  0:09:06   65

 turbulent viscosity limited to viscosity ratio of 1.000000e+05 in 10257 cells 

 Reversed flow on 664 faces of pressure-outlet 7.
   136  7.2398e-01  1.3677e-04  1.3702e-04  1.5728e-04  6.6119e-03  1.2950e-02  4.4689e-03  0:09:05   64

 turbulent viscosity limited to viscosity ratio of 1.000000e+05 in 10138 cells 

 Reversed flow on 675 faces of pressure-outlet 7.
   137  7.2005e-01  1.3575e-04  1.3631e-04  1.5667e-04  6.5604e-03  1.2869e-02  4.4362e-03  0:08:50   63

 turbulent viscosity limited to viscosity ratio of 1.000000e+05 in 10024 cells 

 Reversed flow on 681 faces of pressure-outlet 7.
   138  7.1637e-01  1.3484e-04  1.3561e-04  1.5609e-04  6.5104e-03  1.2639e-02  4.4040e-03  0:08:49   62

 turbulent viscosity limited to viscosity ratio of 1.000000e+05 in 9917 cells 

 Reversed flow on 665 faces of pressure-outlet 7.
   139  7.1361e-01  1.3392e-04  1.3499e-04  1.5553e-04  6.4611e-03  1.2637e-02  4.3723e-03  0:08:34   61

 turbulent viscosity limited to viscosity ratio of 1.000000e+05 in 9811 cells 

 Reversed flow on 657 faces of pressure-outlet 7.
   140  7.1018e-01  1.3302e-04  1.3444e-04  1.5501e-04  6.4110e-03  1.2516e-02  4.3410e-03  0:08:20   60

 turbulent viscosity limited to viscosity ratio of 1.000000e+05 in 9700 cells 

 Reversed flow on 658 faces of pressure-outlet 7.
   141  7.0752e-01  1.3212e-04  1.3386e-04  1.5446e-04  6.3632e-03  1.2415e-02  4.3102e-03  0:08:20   59

 turbulent viscosity limited to viscosity ratio of 1.000000e+05 in 9571 cells 

 Reversed flow on 637 faces of pressure-outlet 7.
   142  7.0524e-01  1.3130e-04  1.3333e-04  1.5391e-04  6.3164e-03  1.2279e-02  4.2799e-03  0:08:06   58

 turbulent viscosity limited to viscosity ratio of 1.000000e+05 in 9455 cells 

 Reversed flow on 649 faces of pressure-outlet 7.
   143  7.0296e-01  1.3055e-04  1.3281e-04  1.5336e-04  6.2709e-03  1.2248e-02  4.2499e-03  0:08:05   57

 turbulent viscosity limited to viscosity ratio of 1.000000e+05 in 9351 cells 

 Reversed flow on 643 faces of pressure-outlet 7.

  iter  continuity  x-velocity  y-velocity  z-velocity           k     epsilon  vf-phase-2     time/iter
   144  7.0156e-01  1.2987e-04  1.3223e-04  1.5282e-04  6.2262e-03  1.2178e-02  4.2204e-03  0:07:51   56

 turbulent viscosity limited to viscosity ratio of 1.000000e+05 in 9237 cells 

 Reversed flow on 645 faces of pressure-outlet 7.
   145  6.9846e-01  1.2924e-04  1.3168e-04  1.5223e-04  6.1822e-03  1.2019e-02  4.1912e-03  0:07:38   55

 turbulent viscosity limited to viscosity ratio of 1.000000e+05 in 9135 cells 

 Reversed flow on 639 faces of pressure-outlet 7.
   146  6.9473e-01  1.2863e-04  1.3117e-04  1.5160e-04  6.1365e-03  1.1942e-02  4.1625e-03  0:07:37   54

 turbulent viscosity limited to viscosity ratio of 1.000000e+05 in 9035 cells 

 Reversed flow on 634 faces of pressure-outlet 7.
   147  6.9123e-01  1.2806e-04  1.3072e-04  1.5107e-04  6.0912e-03  1.2091e-02  4.1342e-03  0:07:23   53

 turbulent viscosity limited to viscosity ratio of 1.000000e+05 in 8925 cells 

 Reversed flow on 631 faces of pressure-outlet 7.
   148  6.8862e-01  1.2749e-04  1.3027e-04  1.5048e-04  6.0469e-03  1.1840e-02  4.1063e-03  0:07:22   52

 turbulent viscosity limited to viscosity ratio of 1.000000e+05 in 8808 cells 

 Reversed flow on 627 faces of pressure-outlet 7.
   149  6.8601e-01  1.2688e-04  1.2982e-04  1.4991e-04  6.0023e-03  1.1887e-02  4.0787e-03  0:07:08   51

 turbulent viscosity limited to viscosity ratio of 1.000000e+05 in 8709 cells 

 Reversed flow on 631 faces of pressure-outlet 7.
   150  6.8404e-01  1.2635e-04  1.2939e-04  1.4930e-04  5.9549e-03  1.1696e-02  4.0515e-03  0:07:06   50

 turbulent viscosity limited to viscosity ratio of 1.000000e+05 in 8599 cells 

 Reversed flow on 621 faces of pressure-outlet 7.
   151  6.8236e-01  1.2582e-04  1.2895e-04  1.4871e-04  5.9105e-03  1.2052e-02  4.0246e-03  0:07:02   49

 turbulent viscosity limited to viscosity ratio of 1.000000e+05 in 8516 cells 

 Reversed flow on 625 faces of pressure-outlet 7.
   152  6.8079e-01  1.2532e-04  1.2855e-04  1.4809e-04  5.8643e-03  1.1899e-02  3.9981e-03  0:06:48   48

 turbulent viscosity limited to viscosity ratio of 1.000000e+05 in 8414 cells 

 Reversed flow on 624 faces of pressure-outlet 7.
   153  6.7956e-01  1.2493e-04  1.2823e-04  1.4751e-04  5.8184e-03  1.2302e-02  3.9720e-03  0:06:44   47

 turbulent viscosity limited to viscosity ratio of 1.000000e+05 in 8313 cells 

 Reversed flow on 620 faces of pressure-outlet 7.
   154  6.7745e-01  1.2452e-04  1.2791e-04  1.4701e-04  5.7728e-03  1.1953e-02  3.9461e-03  0:06:30   46

 turbulent viscosity limited to viscosity ratio of 1.000000e+05 in 8205 cells 

 Reversed flow on 622 faces of pressure-outlet 7.

  iter  continuity  x-velocity  y-velocity  z-velocity           k     epsilon  vf-phase-2     time/iter
   155  6.7659e-01  1.2409e-04  1.2761e-04  1.4650e-04  5.7275e-03  1.1730e-02  3.9207e-03  0:06:26   45

 turbulent viscosity limited to viscosity ratio of 1.000000e+05 in 8113 cells 

 Reversed flow on 595 faces of pressure-outlet 7.
   156  6.7526e-01  1.2369e-04  1.2735e-04  1.4603e-04  5.6801e-03  1.1560e-02  3.8956e-03  0:06:12   44

 turbulent viscosity limited to viscosity ratio of 1.000000e+05 in 7999 cells 

 Reversed flow on 599 faces of pressure-outlet 7.
   157  6.7442e-01  1.2324e-04  1.2711e-04  1.4563e-04  5.6299e-03  1.1398e-02  3.8708e-03  0:06:09   43

 turbulent viscosity limited to viscosity ratio of 1.000000e+05 in 7900 cells 

 Reversed flow on 594 faces of pressure-outlet 7.
   158  6.7385e-01  1.2286e-04  1.2692e-04  1.4526e-04  5.5812e-03  1.1259e-02  3.8464e-03  0:05:55   42

 turbulent viscosity limited to viscosity ratio of 1.000000e+05 in 7800 cells 

 Reversed flow on 603 faces of pressure-outlet 7.
   159  6.7324e-01  1.2244e-04  1.2674e-04  1.4496e-04  5.5342e-03  1.1440e-02  3.8223e-03  0:05:43   41

 turbulent viscosity limited to viscosity ratio of 1.000000e+05 in 7715 cells 

 Reversed flow on 604 faces of pressure-outlet 7.
   160  6.7170e-01  1.2210e-04  1.2653e-04  1.4475e-04  5.4910e-03  1.1430e-02  3.7984e-03  0:05:40   40

 turbulent viscosity limited to viscosity ratio of 1.000000e+05 in 7606 cells 

 Reversed flow on 590 faces of pressure-outlet 7.
   161  6.6979e-01  1.2176e-04  1.2630e-04  1.4452e-04  5.4490e-03  1.1371e-02  3.7748e-03  0:05:27   39

 turbulent viscosity limited to viscosity ratio of 1.000000e+05 in 7519 cells 

 Reversed flow on 598 faces of pressure-outlet 7.
   162  6.6875e-01  1.2142e-04  1.2611e-04  1.4432e-04  5.4116e-03  1.1348e-02  3.7516e-03  0:05:24   38

 turbulent viscosity limited to viscosity ratio of 1.000000e+05 in 7443 cells 

 Reversed flow on 586 faces of pressure-outlet 7.
   163  6.6814e-01  1.2115e-04  1.2589e-04  1.4415e-04  5.3757e-03  1.1298e-02  3.7286e-03  0:05:11   37

 turbulent viscosity limited to viscosity ratio of 1.000000e+05 in 7357 cells 

 Reversed flow on 587 faces of pressure-outlet 7.
   164  6.6701e-01  1.2085e-04  1.2573e-04  1.4405e-04  5.3414e-03  1.1395e-02  3.7059e-03  0:05:00   36

 turbulent viscosity limited to viscosity ratio of 1.000000e+05 in 7257 cells 

 Reversed flow on 592 faces of pressure-outlet 7.
   165  6.6650e-01  1.2059e-04  1.2556e-04  1.4398e-04  5.3077e-03  1.1262e-02  3.6835e-03  0:04:56   35

 turbulent viscosity limited to viscosity ratio of 1.000000e+05 in 7168 cells 

 Reversed flow on 581 faces of pressure-outlet 7.

  iter  continuity  x-velocity  y-velocity  z-velocity           k     epsilon  vf-phase-2     time/iter
   166  6.6609e-01  1.2043e-04  1.2539e-04  1.4392e-04  5.2781e-03  1.1360e-02  3.6614e-03  0:04:45   34

 turbulent viscosity limited to viscosity ratio of 1.000000e+05 in 7076 cells 

 Reversed flow on 587 faces of pressure-outlet 7.
   167  6.6642e-01  1.2030e-04  1.2520e-04  1.4380e-04  5.2462e-03  1.1085e-02  3.6395e-03  0:04:40   33

 turbulent viscosity limited to viscosity ratio of 1.000000e+05 in 6984 cells 

 Reversed flow on 585 faces of pressure-outlet 7.
   168  6.6653e-01  1.2019e-04  1.2508e-04  1.4379e-04  5.2178e-03  1.1394e-02  3.6180e-03  0:04:29   32

 turbulent viscosity limited to viscosity ratio of 1.000000e+05 in 6890 cells 

 Reversed flow on 568 faces of pressure-outlet 7.
   169  6.6773e-01  1.2017e-04  1.2496e-04  1.4379e-04  5.1896e-03  1.1384e-02  3.5967e-03  0:04:18   31

 turbulent viscosity limited to viscosity ratio of 1.000000e+05 in 6799 cells 

 Reversed flow on 565 faces of pressure-outlet 7.
   170  6.6862e-01  1.2013e-04  1.2483e-04  1.4376e-04  5.1627e-03  1.1412e-02  3.5756e-03  0:04:14   30

 turbulent viscosity limited to viscosity ratio of 1.000000e+05 in 6722 cells 

 Reversed flow on 575 faces of pressure-outlet 7.
   171  6.7036e-01  1.2016e-04  1.2476e-04  1.4376e-04  5.1356e-03  1.1205e-02  3.5548e-03  0:04:03   29

 turbulent viscosity limited to viscosity ratio of 1.000000e+05 in 6656 cells 

 Reversed flow on 567 faces of pressure-outlet 7.
   172  6.7137e-01  1.2025e-04  1.2471e-04  1.4375e-04  5.1093e-03  1.1155e-02  3.5342e-03  0:03:58   28

 turbulent viscosity limited to viscosity ratio of 1.000000e+05 in 6578 cells 

 Reversed flow on 554 faces of pressure-outlet 7.
   173  6.7264e-01  1.2038e-04  1.2469e-04  1.4375e-04  5.0793e-03  1.1135e-02  3.5138e-03  0:03:47   27

 turbulent viscosity limited to viscosity ratio of 1.000000e+05 in 6490 cells 

 Reversed flow on 563 faces of pressure-outlet 7.
   174  6.7369e-01  1.2050e-04  1.2469e-04  1.4375e-04  5.0507e-03  1.1299e-02  3.4936e-03  0:03:41   26

 turbulent viscosity limited to viscosity ratio of 1.000000e+05 in 6418 cells 

 Reversed flow on 569 faces of pressure-outlet 7.
   175  6.7486e-01  1.2072e-04  1.2470e-04  1.4370e-04  5.0184e-03  1.1138e-02  3.4738e-03  0:03:30   25

 turbulent viscosity limited to viscosity ratio of 1.000000e+05 in 6347 cells 

 Reversed flow on 560 faces of pressure-outlet 7.
   176  6.7489e-01  1.2094e-04  1.2473e-04  1.4370e-04  4.9878e-03  1.1198e-02  3.4541e-03  0:03:25   24

 turbulent viscosity limited to viscosity ratio of 1.000000e+05 in 6271 cells 

 Reversed flow on 553 faces of pressure-outlet 7.

  iter  continuity  x-velocity  y-velocity  z-velocity           k     epsilon  vf-phase-2     time/iter
   177  6.7619e-01  1.2115e-04  1.2482e-04  1.4369e-04  4.9572e-03  1.1267e-02  3.4346e-03  0:03:14   23

 turbulent viscosity limited to viscosity ratio of 1.000000e+05 in 6198 cells 

 Reversed flow on 560 faces of pressure-outlet 7.
   178  6.7666e-01  1.2144e-04  1.2495e-04  1.4366e-04  4.9263e-03  1.1002e-02  3.4154e-03  0:03:03   22

 turbulent viscosity limited to viscosity ratio of 1.000000e+05 in 6114 cells 

 Reversed flow on 548 faces of pressure-outlet 7.
   179  6.7740e-01  1.2163e-04  1.2506e-04  1.4367e-04  4.8973e-03  1.1221e-02  3.3964e-03  0:02:58   21

 turbulent viscosity limited to viscosity ratio of 1.000000e+05 in 6054 cells 

 Reversed flow on 548 faces of pressure-outlet 7.
   180  6.7770e-01  1.2183e-04  1.2521e-04  1.4367e-04  4.8705e-03  1.1272e-02  3.3777e-03  0:02:48   20

 turbulent viscosity limited to viscosity ratio of 1.000000e+05 in 5993 cells 

 Reversed flow on 541 faces of pressure-outlet 7.
   181  6.7869e-01  1.2202e-04  1.2539e-04  1.4371e-04  4.8436e-03  1.1448e-02  3.3591e-03  0:02:42   19

 turbulent viscosity limited to viscosity ratio of 1.000000e+05 in 5910 cells 

 Reversed flow on 552 faces of pressure-outlet 7.
   182  6.7876e-01  1.2230e-04  1.2556e-04  1.4369e-04  4.8160e-03  1.1515e-02  3.3408e-03  0:02:31   18

 turbulent viscosity limited to viscosity ratio of 1.000000e+05 in 5836 cells 

 Reversed flow on 537 faces of pressure-outlet 7.
   183  6.7897e-01  1.2256e-04  1.2573e-04  1.4375e-04  4.7915e-03  1.1817e-02  3.3226e-03  0:02:25   17

 turbulent viscosity limited to viscosity ratio of 1.000000e+05 in 5771 cells 

 Reversed flow on 545 faces of pressure-outlet 7.
   184  6.7883e-01  1.2282e-04  1.2594e-04  1.4371e-04  4.7654e-03  1.1612e-02  3.3046e-03  0:02:15   16

 turbulent viscosity limited to viscosity ratio of 1.000000e+05 in 5708 cells 

 Reversed flow on 542 faces of pressure-outlet 7.
   185  6.7901e-01  1.2309e-04  1.2618e-04  1.4366e-04  4.7421e-03  1.1703e-02  3.2868e-03  0:02:08   15

 turbulent viscosity limited to viscosity ratio of 1.000000e+05 in 5652 cells 

 Reversed flow on 539 faces of pressure-outlet 7.
   186  6.7904e-01  1.2335e-04  1.2635e-04  1.4362e-04  4.7199e-03  1.1564e-02  3.2692e-03  0:01:58   14

 turbulent viscosity limited to viscosity ratio of 1.000000e+05 in 5597 cells 

 Reversed flow on 528 faces of pressure-outlet 7.
   187  6.7893e-01  1.2358e-04  1.2657e-04  1.4356e-04  4.6992e-03  1.1383e-02  3.2517e-03  0:01:51   13

 turbulent viscosity limited to viscosity ratio of 1.000000e+05 in 5536 cells 

 Reversed flow on 530 faces of pressure-outlet 7.

  iter  continuity  x-velocity  y-velocity  z-velocity           k     epsilon  vf-phase-2     time/iter
   188  6.7856e-01  1.2383e-04  1.2677e-04  1.4348e-04  4.6820e-03  1.1705e-02  3.2344e-03  0:01:41   12

 turbulent viscosity limited to viscosity ratio of 1.000000e+05 in 5476 cells 

 Reversed flow on 530 faces of pressure-outlet 7.
   189  6.7863e-01  1.2415e-04  1.2695e-04  1.4338e-04  4.6635e-03  1.1744e-02  3.2173e-03  0:01:32   11

 turbulent viscosity limited to viscosity ratio of 1.000000e+05 in 5433 cells 

 Reversed flow on 522 faces of pressure-outlet 7.
   190  6.7840e-01  1.2443e-04  1.2713e-04  1.4323e-04  4.6455e-03  1.2311e-02  3.2003e-03  0:01:25   10

 turbulent viscosity limited to viscosity ratio of 1.000000e+05 in 5398 cells 

 Reversed flow on 532 faces of pressure-outlet 7.
   191  6.7790e-01  1.2462e-04  1.2727e-04  1.4310e-04  4.6257e-03  1.2101e-02  3.1836e-03  0:01:15    9

 turbulent viscosity limited to viscosity ratio of 1.000000e+05 in 5338 cells 

 Reversed flow on 528 faces of pressure-outlet 7.
   192  6.7799e-01  1.2483e-04  1.2740e-04  1.4294e-04  4.6083e-03  1.2583e-02  3.1671e-03  0:01:08    8

 turbulent viscosity limited to viscosity ratio of 1.000000e+05 in 5276 cells 

 Reversed flow on 523 faces of pressure-outlet 7.
   193  6.7844e-01  1.2505e-04  1.2749e-04  1.4273e-04  4.5890e-03  1.2547e-02  3.1508e-03  0:00:59    7

 turbulent viscosity limited to viscosity ratio of 1.000000e+05 in 5217 cells 

 Reversed flow on 519 faces of pressure-outlet 7.
   194  6.7837e-01  1.2523e-04  1.2763e-04  1.4254e-04  4.5678e-03  1.2543e-02  3.1346e-03  0:00:51    6

 turbulent viscosity limited to viscosity ratio of 1.000000e+05 in 5148 cells 

 Reversed flow on 510 faces of pressure-outlet 7.
   195  6.7816e-01  1.2543e-04  1.2771e-04  1.4223e-04  4.5467e-03  1.2413e-02  3.1186e-03  0:00:42    5

 turbulent viscosity limited to viscosity ratio of 1.000000e+05 in 5091 cells 

 Reversed flow on 512 faces of pressure-outlet 7.
   196  6.7799e-01  1.2573e-04  1.2778e-04  1.4197e-04  4.5265e-03  1.3004e-02  3.1027e-03  0:00:33    4

 turbulent viscosity limited to viscosity ratio of 1.000000e+05 in 5042 cells 

 Reversed flow on 508 faces of pressure-outlet 7.
   197  6.7798e-01  1.2595e-04  1.2779e-04  1.4167e-04  4.5058e-03  1.2741e-02  3.0871e-03  0:00:25    3

 turbulent viscosity limited to viscosity ratio of 1.000000e+05 in 4994 cells 

 Reversed flow on 507 faces of pressure-outlet 7.
   198  6.7740e-01  1.2612e-04  1.2781e-04  1.4138e-04  4.4828e-03  1.2151e-02  3.0717e-03  0:00:17    2

 turbulent viscosity limited to viscosity ratio of 1.000000e+05 in 4943 cells 

 Reversed flow on 509 faces of pressure-outlet 7.

  iter  continuity  x-velocity  y-velocity  z-velocity           k     epsilon  vf-phase-2     time/iter
   199  6.7655e-01  1.2633e-04  1.2780e-04  1.4104e-04  4.4665e-03  1.2831e-02  3.0564e-03  0:00:08    1

 turbulent viscosity limited to viscosity ratio of 1.000000e+05 in 4893 cells 

 Reversed flow on 508 faces of pressure-outlet 7.

Error: Invalid path: "C:\Users\qtra338\Documents\Bangma Design (swirl 0.15)\Bangma_separator_files\dp0\FFF\Fluent\" does not exist!
iterate_600: OK
progress: 600/1500
Error Object: #f


ERROR: Invalid path: "C:\Users\qtra338\Documents\Bangma Design (swirl 0.15)\Bangma_separator_files\dp0\FFF\Fluent\" does not exist!
Error object: #f


active_calculation_state: clearing stale state ['interrupt']
Done.
interrupt_stale_calculation: OK

> 
  iter  continuity  x-velocity  y-velocity  z-velocity           k     epsilon  vf-phase-2     time/iter

Error: Invalid path: "C:\Users\qtra338\Documents\Bangma Design (swirl 0.15)\Bangma_separator_files\dp0\FFF\Fluent\" does not exist!
Error Object: #f


ERROR: Invalid path: "C:\Users\qtra338\Documents\Bangma Design (swirl 0.15)\Bangma_separator_files\dp0\FFF\Fluent\" does not exist!
Error object: #f

iterate_700: OK
progress: 700/1500

active_calculation_state: clearing stale state ['interrupt']
interrupt_stale_calculation: OK
Done.

> 
  iter  continuity  x-velocity  y-velocity  z-velocity           k     epsilon  vf-phase-2     time/iter

Error: Invalid path: "C:\Users\qtra338\Documents\Bangma Design (swirl 0.15)\Bangma_separator_files\dp0\FFF\Fluent\" does not exist!
Error Object: #f


ERROR: Invalid path: "C:\Users\qtra338\Documents\Bangma Design (swirl 0.15)\Bangma_separator_files\dp0\FFF\Fluent\" does not exist!
iterate_800: OK
progress: 800/1500
Error object: #f


active_calculation_state: clearing stale state ['interrupt']
interrupt_stale_calculation: OK
Done.

> 
  iter  continuity  x-velocity  y-velocity  z-velocity           k     epsilon  vf-phase-2     time/iter

Error: Invalid path: "C:\Users\qtra338\Documents\Bangma Design (swirl 0.15)\Bangma_separator_files\dp0\FFF\Fluent\" does not exist!
Error Object: #f


ERROR: Invalid path: "C:\Users\qtra338\Documents\Bangma Design (swirl 0.15)\Bangma_separator_files\dp0\FFF\Fluent\" does not exist!
Error object: #f
iterate_900: OK
progress: 900/1500


active_calculation_state: clearing stale state ['interrupt']
Done.
interrupt_stale_calculation: OK

> 
  iter  continuity  x-velocity  y-velocity  z-velocity           k     epsilon  vf-phase-2     time/iter

Error: Invalid path: "C:\Users\qtra338\Documents\Bangma Design (swirl 0.15)\Bangma_separator_files\dp0\FFF\Fluent\" does not exist!
Error Object: #f


ERROR: Invalid path: "C:\Users\qtra338\Documents\Bangma Design (swirl 0.15)\Bangma_separator_files\dp0\FFF\Fluent\" does not exist!
iterate_1000: OK
progress: 1000/1500

=== autosave_1000 ===
Error object: #f



Writing to EN439159:"C:\Users\qtra338\Documents\enthalpy_sweep\case_6_1760_autosave_iter1000.cas.h5" in NODE0 mode and compression level 1 ...
Grouping cells for Laplace smoothing ...
     5578299 cells,     1 zone  ...
    11355491 faces,     5 zones ...
     1026091 nodes,     1 zone  ...
  Done.
Done.
write_case_autosave_1000: OK

Writing to EN439159:"C:\Users\qtra338\Documents\enthalpy_sweep\case_6_1760_autosave_iter1000.dat.h5" in NODE0 mode and compression level 1 ...
  Writing results.
Done.
write_data_autosave_1000: OK
active_calculation_state: clearing stale state ['interrupt']
interrupt_stale_calculation: OK
Done.

> 
  iter  continuity  x-velocity  y-velocity  z-velocity           k     epsilon  vf-phase-2     time/iter
   200  6.7560e-01  1.2651e-04  1.2781e-04  1.4070e-04  4.4460e-03  1.2539e-02  3.0412e-03  0:14:00  100

 turbulent viscosity limited to viscosity ratio of 1.000000e+05 in 4830 cells 

 Reversed flow on 504 faces of pressure-outlet 7.
   201  6.7476e-01  1.2665e-04  1.2778e-04  1.4040e-04  4.4258e-03  1.2365e-02  3.0261e-03  0:14:03   99

 turbulent viscosity limited to viscosity ratio of 1.000000e+05 in 4778 cells 

 Reversed flow on 493 faces of pressure-outlet 7.
   202  6.7418e-01  1.2679e-04  1.2774e-04  1.4010e-04  4.4044e-03  1.2398e-02  3.0113e-03  0:13:45   98

 turbulent viscosity limited to viscosity ratio of 1.000000e+05 in 4725 cells 

 Reversed flow on 507 faces of pressure-outlet 7.
   203  6.7373e-01  1.2695e-04  1.2770e-04  1.3981e-04  4.3852e-03  1.1810e-02  2.9965e-03  0:13:48   97

 turbulent viscosity limited to viscosity ratio of 1.000000e+05 in 4666 cells 

 Reversed flow on 510 faces of pressure-outlet 7.
   204  6.7381e-01  1.2709e-04  1.2764e-04  1.3950e-04  4.3669e-03  1.1774e-02  2.9819e-03  0:13:29   96

 turbulent viscosity limited to viscosity ratio of 1.000000e+05 in 4617 cells 

 Reversed flow on 509 faces of pressure-outlet 7.
   205  6.7324e-01  1.2723e-04  1.2762e-04  1.3915e-04  4.3501e-03  1.2318e-02  2.9675e-03  0:13:31   95

 turbulent viscosity limited to viscosity ratio of 1.000000e+05 in 4565 cells 

 Reversed flow on 502 faces of pressure-outlet 7.
   206  6.7295e-01  1.2734e-04  1.2758e-04  1.3882e-04  4.3336e-03  1.2056e-02  2.9531e-03  0:13:13   94

 turbulent viscosity limited to viscosity ratio of 1.000000e+05 in 4520 cells 

 Reversed flow on 502 faces of pressure-outlet 7.
   207  6.7251e-01  1.2742e-04  1.2753e-04  1.3853e-04  4.3139e-03  1.1833e-02  2.9389e-03  0:12:56   93

 turbulent viscosity limited to viscosity ratio of 1.000000e+05 in 4475 cells 

 Reversed flow on 498 faces of pressure-outlet 7.
   208  6.7238e-01  1.2751e-04  1.2745e-04  1.3826e-04  4.2963e-03  1.1949e-02  2.9248e-03  0:13:00   92

 turbulent viscosity limited to viscosity ratio of 1.000000e+05 in 4425 cells 

 Reversed flow on 500 faces of pressure-outlet 7.
   209  6.7201e-01  1.2766e-04  1.2736e-04  1.3802e-04  4.2811e-03  1.1792e-02  2.9109e-03  0:12:43   91

 turbulent viscosity limited to viscosity ratio of 1.000000e+05 in 4378 cells 

 Reversed flow on 497 faces of pressure-outlet 7.
   210  6.7146e-01  1.2775e-04  1.2733e-04  1.3777e-04  4.2651e-03  1.1898e-02  2.8972e-03  0:12:45   90

 turbulent viscosity limited to viscosity ratio of 1.000000e+05 in 4330 cells 

 Reversed flow on 500 faces of pressure-outlet 7.

  iter  continuity  x-velocity  y-velocity  z-velocity           k     epsilon  vf-phase-2     time/iter
   211  6.7055e-01  1.2780e-04  1.2731e-04  1.3745e-04  4.2479e-03  1.1514e-02  2.8835e-03  0:12:28   89

 turbulent viscosity limited to viscosity ratio of 1.000000e+05 in 4275 cells 

 Reversed flow on 499 faces of pressure-outlet 7.
   212  6.7033e-01  1.2785e-04  1.2731e-04  1.3720e-04  4.2340e-03  1.2144e-02  2.8699e-03  0:12:12   88

 turbulent viscosity limited to viscosity ratio of 1.000000e+05 in 4231 cells 

 Reversed flow on 498 faces of pressure-outlet 7.
   213  6.7046e-01  1.2788e-04  1.2730e-04  1.3694e-04  4.2182e-03  1.1898e-02  2.8565e-03  0:12:16   87

 turbulent viscosity limited to viscosity ratio of 1.000000e+05 in 4190 cells 

 Reversed flow on 489 faces of pressure-outlet 7.
   214  6.7064e-01  1.2792e-04  1.2733e-04  1.3667e-04  4.2027e-03  1.1950e-02  2.8431e-03  0:12:00   86

 turbulent viscosity limited to viscosity ratio of 1.000000e+05 in 4148 cells 

 Reversed flow on 495 faces of pressure-outlet 7.
   215  6.7093e-01  1.2793e-04  1.2733e-04  1.3643e-04  4.1876e-03  1.1529e-02  2.8299e-03  0:12:02   85

 turbulent viscosity limited to viscosity ratio of 1.000000e+05 in 4112 cells 

 Reversed flow on 489 faces of pressure-outlet 7.
   216  6.7100e-01  1.2791e-04  1.2730e-04  1.3621e-04  4.1782e-03  1.2664e-02  2.8168e-03  0:11:45   84

 turbulent viscosity limited to viscosity ratio of 1.000000e+05 in 4058 cells 

 Reversed flow on 490 faces of pressure-outlet 7.
   217  6.7150e-01  1.2793e-04  1.2734e-04  1.3594e-04  4.1654e-03  1.2713e-02  2.8038e-03  0:11:30   83

 turbulent viscosity limited to viscosity ratio of 1.000000e+05 in 4014 cells 

 Reversed flow on 486 faces of pressure-outlet 7.
   218  6.7184e-01  1.2792e-04  1.2737e-04  1.3571e-04  4.1505e-03  1.2333e-02  2.7909e-03  0:11:33   82

 turbulent viscosity limited to viscosity ratio of 1.000000e+05 in 3973 cells 

 Reversed flow on 478 faces of pressure-outlet 7.
   219  6.7158e-01  1.2790e-04  1.2743e-04  1.3555e-04  4.1337e-03  1.1912e-02  2.7782e-03  0:11:17   81

 turbulent viscosity limited to viscosity ratio of 1.000000e+05 in 3938 cells 

 Reversed flow on 481 faces of pressure-outlet 7.
   220  6.7092e-01  1.2784e-04  1.2749e-04  1.3539e-04  4.1194e-03  1.2466e-02  2.7656e-03  0:11:19   80

 turbulent viscosity limited to viscosity ratio of 1.000000e+05 in 3901 cells 

 Reversed flow on 481 faces of pressure-outlet 7.
   221  6.7100e-01  1.2777e-04  1.2755e-04  1.3517e-04  4.1066e-03  1.2377e-02  2.7531e-03  0:11:03   79

 turbulent viscosity limited to viscosity ratio of 1.000000e+05 in 3850 cells 

 Reversed flow on 483 faces of pressure-outlet 7.

  iter  continuity  x-velocity  y-velocity  z-velocity           k     epsilon  vf-phase-2     time/iter
   222  6.7070e-01  1.2771e-04  1.2762e-04  1.3494e-04  4.0929e-03  1.3258e-02  2.7407e-03  0:10:48   78

 turbulent viscosity limited to viscosity ratio of 1.000000e+05 in 3816 cells 

 Reversed flow on 486 faces of pressure-outlet 7.
   223  6.7107e-01  1.2771e-04  1.2769e-04  1.3471e-04  4.0746e-03  1.2197e-02  2.7285e-03  0:10:51   77

 turbulent viscosity limited to viscosity ratio of 1.000000e+05 in 3789 cells 

 Reversed flow on 472 faces of pressure-outlet 7.
   224  6.7068e-01  1.2760e-04  1.2780e-04  1.3448e-04  4.0566e-03  1.1785e-02  2.7163e-03  0:10:35   76

 turbulent viscosity limited to viscosity ratio of 1.000000e+05 in 3742 cells 

 Reversed flow on 475 faces of pressure-outlet 7.
   225  6.7070e-01  1.2744e-04  1.2783e-04  1.3433e-04  4.0379e-03  1.1725e-02  2.7044e-03  0:10:37   75

 turbulent viscosity limited to viscosity ratio of 1.000000e+05 in 3703 cells 

 Reversed flow on 470 faces of pressure-outlet 7.
   226  6.7093e-01  1.2729e-04  1.2792e-04  1.3417e-04  4.0218e-03  1.1466e-02  2.6926e-03  0:10:21   74

 turbulent viscosity limited to viscosity ratio of 1.000000e+05 in 3673 cells 

 Reversed flow on 464 faces of pressure-outlet 7.
   227  6.7151e-01  1.2718e-04  1.2802e-04  1.3406e-04  4.0044e-03  1.1436e-02  2.6809e-03  0:10:21   73

 turbulent viscosity limited to viscosity ratio of 1.000000e+05 in 3651 cells 

 Reversed flow on 473 faces of pressure-outlet 7.
   228  6.7294e-01  1.2712e-04  1.2814e-04  1.3393e-04  3.9889e-03  1.2425e-02  2.6692e-03  0:10:06   72

 turbulent viscosity limited to viscosity ratio of 1.000000e+05 in 3615 cells 

 Reversed flow on 470 faces of pressure-outlet 7.
   229  6.7401e-01  1.2707e-04  1.2824e-04  1.3378e-04  3.9709e-03  1.1814e-02  2.6577e-03  0:09:51   71

 turbulent viscosity limited to viscosity ratio of 1.000000e+05 in 3572 cells 

 Reversed flow on 462 faces of pressure-outlet 7.
   230  6.7554e-01  1.2701e-04  1.2836e-04  1.3363e-04  3.9534e-03  1.1295e-02  2.6462e-03  0:09:52   70

 turbulent viscosity limited to viscosity ratio of 1.000000e+05 in 3523 cells 

 Reversed flow on 452 faces of pressure-outlet 7.
   231  6.7779e-01  1.2697e-04  1.2842e-04  1.3348e-04  3.9402e-03  1.1800e-02  2.6348e-03  0:09:38   69

 turbulent viscosity limited to viscosity ratio of 1.000000e+05 in 3496 cells 

 Reversed flow on 458 faces of pressure-outlet 7.
   232  6.7919e-01  1.2695e-04  1.2849e-04  1.3328e-04  3.9244e-03  1.1024e-02  2.6235e-03  0:09:38   68

 turbulent viscosity limited to viscosity ratio of 1.000000e+05 in 3467 cells 

 Reversed flow on 461 faces of pressure-outlet 7.

  iter  continuity  x-velocity  y-velocity  z-velocity           k     epsilon  vf-phase-2     time/iter
   233  6.8147e-01  1.2696e-04  1.2859e-04  1.3308e-04  3.9133e-03  1.2148e-02  2.6123e-03  0:09:23   67

 turbulent viscosity limited to viscosity ratio of 1.000000e+05 in 3427 cells 

 Reversed flow on 446 faces of pressure-outlet 7.
   234  6.8330e-01  1.2698e-04  1.2864e-04  1.3284e-04  3.9005e-03  1.2102e-02  2.6012e-03  0:09:09   66

 turbulent viscosity limited to viscosity ratio of 1.000000e+05 in 3393 cells 

 Reversed flow on 453 faces of pressure-outlet 7.
   235  6.8428e-01  1.2702e-04  1.2866e-04  1.3266e-04  3.8902e-03  1.2037e-02  2.5901e-03  0:09:10   65

 turbulent viscosity limited to viscosity ratio of 1.000000e+05 in 3357 cells 

 Reversed flow on 453 faces of pressure-outlet 7.
   236  6.8623e-01  1.2706e-04  1.2863e-04  1.3246e-04  3.8758e-03  1.1677e-02  2.5792e-03  0:08:55   64

 turbulent viscosity limited to viscosity ratio of 1.000000e+05 in 3324 cells 

 Reversed flow on 455 faces of pressure-outlet 7.
   237  6.8656e-01  1.2707e-04  1.2853e-04  1.3221e-04  3.8591e-03  1.1242e-02  2.5684e-03  0:08:55   63

 turbulent viscosity limited to viscosity ratio of 1.000000e+05 in 3302 cells 

 Reversed flow on 459 faces of pressure-outlet 7.
   238  6.8675e-01  1.2704e-04  1.2846e-04  1.3191e-04  3.8435e-03  1.0933e-02  2.5576e-03  0:08:40   62

 turbulent viscosity limited to viscosity ratio of 1.000000e+05 in 3275 cells 

 Reversed flow on 449 faces of pressure-outlet 7.
   239  6.8674e-01  1.2699e-04  1.2834e-04  1.3165e-04  3.8265e-03  1.1073e-02  2.5469e-03  0:08:39   61

 turbulent viscosity limited to viscosity ratio of 1.000000e+05 in 3243 cells 

 Reversed flow on 440 faces of pressure-outlet 7.
   240  6.8684e-01  1.2699e-04  1.2819e-04  1.3134e-04  3.8112e-03  1.1463e-02  2.5364e-03  0:08:25   60

 turbulent viscosity limited to viscosity ratio of 1.000000e+05 in 3217 cells 

 Reversed flow on 454 faces of pressure-outlet 7.
   241  6.8669e-01  1.2696e-04  1.2802e-04  1.3105e-04  3.7955e-03  1.0729e-02  2.5259e-03  0:08:11   59

 turbulent viscosity limited to viscosity ratio of 1.000000e+05 in 3190 cells 

 Reversed flow on 460 faces of pressure-outlet 7.
   242  6.8623e-01  1.2688e-04  1.2784e-04  1.3072e-04  3.7784e-03  1.0707e-02  2.5155e-03  0:08:11   58

 turbulent viscosity limited to viscosity ratio of 1.000000e+05 in 3154 cells 

 Reversed flow on 444 faces of pressure-outlet 7.
   243  6.8500e-01  1.2677e-04  1.2765e-04  1.3032e-04  3.7617e-03  1.0354e-02  2.5052e-03  0:07:57   57

 turbulent viscosity limited to viscosity ratio of 1.000000e+05 in 3125 cells 

 Reversed flow on 435 faces of pressure-outlet 7.

  iter  continuity  x-velocity  y-velocity  z-velocity           k     epsilon  vf-phase-2     time/iter
   244  6.8326e-01  1.2666e-04  1.2741e-04  1.2995e-04  3.7455e-03  1.0183e-02  2.4950e-03  0:07:56   56

 turbulent viscosity limited to viscosity ratio of 1.000000e+05 in 3098 cells 

 Reversed flow on 438 faces of pressure-outlet 7.
   245  6.8292e-01  1.2656e-04  1.2721e-04  1.2952e-04  3.7302e-03  1.0192e-02  2.4850e-03  0:07:42   55

 turbulent viscosity limited to viscosity ratio of 1.000000e+05 in 3070 cells 

 Reversed flow on 439 faces of pressure-outlet 7.
   246  6.8285e-01  1.2648e-04  1.2708e-04  1.2913e-04  3.7166e-03  9.9857e-03  2.4749e-03  0:07:40   54

 turbulent viscosity limited to viscosity ratio of 1.000000e+05 in 3042 cells 

 Reversed flow on 432 faces of pressure-outlet 7.
   247  6.8216e-01  1.2637e-04  1.2688e-04  1.2876e-04  3.7027e-03  1.0335e-02  2.4650e-03  0:07:26   53

 turbulent viscosity limited to viscosity ratio of 1.000000e+05 in 3015 cells 

 Reversed flow on 441 faces of pressure-outlet 7.
   248  6.8138e-01  1.2620e-04  1.2665e-04  1.2835e-04  3.6873e-03  1.0154e-02  2.4550e-03  0:07:13   52

 turbulent viscosity limited to viscosity ratio of 1.000000e+05 in 2992 cells 

 Reversed flow on 442 faces of pressure-outlet 7.
   249  6.7977e-01  1.2601e-04  1.2644e-04  1.2798e-04  3.6743e-03  1.0866e-02  2.4452e-03  0:07:12   51

 turbulent viscosity limited to viscosity ratio of 1.000000e+05 in 2959 cells 

 Reversed flow on 443 faces of pressure-outlet 7.
   250  6.7887e-01  1.2582e-04  1.2625e-04  1.2759e-04  3.6606e-03  1.0705e-02  2.4355e-03  0:06:59   50

 turbulent viscosity limited to viscosity ratio of 1.000000e+05 in 2933 cells 

 Reversed flow on 436 faces of pressure-outlet 7.
   251  6.7742e-01  1.2563e-04  1.2609e-04  1.2717e-04  3.6468e-03  1.0693e-02  2.4258e-03  0:06:56   49

 turbulent viscosity limited to viscosity ratio of 1.000000e+05 in 2905 cells 

 Reversed flow on 435 faces of pressure-outlet 7.
   252  6.7709e-01  1.2538e-04  1.2592e-04  1.2678e-04  3.6328e-03  1.0487e-02  2.4162e-03  0:06:43   48

 turbulent viscosity limited to viscosity ratio of 1.000000e+05 in 2876 cells 

 Reversed flow on 437 faces of pressure-outlet 7.
   253  6.7603e-01  1.2515e-04  1.2574e-04  1.2633e-04  3.6187e-03  1.0271e-02  2.4066e-03  0:06:40   47

 turbulent viscosity limited to viscosity ratio of 1.000000e+05 in 2861 cells 

 Reversed flow on 430 faces of pressure-outlet 7.
   254  6.7480e-01  1.2496e-04  1.2554e-04  1.2589e-04  3.6082e-03  1.0996e-02  2.3972e-03  0:06:27   46

 turbulent viscosity limited to viscosity ratio of 1.000000e+05 in 2844 cells 

 Reversed flow on 432 faces of pressure-outlet 7.

  iter  continuity  x-velocity  y-velocity  z-velocity           k     epsilon  vf-phase-2     time/iter
   255  6.7263e-01  1.2474e-04  1.2534e-04  1.2548e-04  3.5920e-03  1.0309e-02  2.3879e-03  0:06:15   45

 turbulent viscosity limited to viscosity ratio of 1.000000e+05 in 2818 cells 

 Reversed flow on 433 faces of pressure-outlet 7.
   256  6.7079e-01  1.2444e-04  1.2513e-04  1.2507e-04  3.5827e-03  1.0733e-02  2.3786e-03  0:06:12   44

 turbulent viscosity limited to viscosity ratio of 1.000000e+05 in 2790 cells 

 Reversed flow on 421 faces of pressure-outlet 7.
   257  6.6908e-01  1.2412e-04  1.2494e-04  1.2470e-04  3.5702e-03  1.0116e-02  2.3694e-03  0:06:00   43

 turbulent viscosity limited to viscosity ratio of 1.000000e+05 in 2771 cells 

 Reversed flow on 433 faces of pressure-outlet 7.
   258  6.6823e-01  1.2385e-04  1.2481e-04  1.2432e-04  3.5619e-03  1.0085e-02  2.3602e-03  0:05:57   42

 turbulent viscosity limited to viscosity ratio of 1.000000e+05 in 2755 cells 

 Reversed flow on 423 faces of pressure-outlet 7.
   259  6.6783e-01  1.2354e-04  1.2472e-04  1.2393e-04  3.5511e-03  1.0349e-02  2.3512e-03  0:05:44   41

 turbulent viscosity limited to viscosity ratio of 1.000000e+05 in 2733 cells 

 Reversed flow on 431 faces of pressure-outlet 7.
   260  6.6636e-01  1.2322e-04  1.2458e-04  1.2350e-04  3.5377e-03  9.5585e-03  2.3422e-03  0:05:41   40

 turbulent viscosity limited to viscosity ratio of 1.000000e+05 in 2702 cells 

 Reversed flow on 432 faces of pressure-outlet 7.
   261  6.6471e-01  1.2284e-04  1.2447e-04  1.2308e-04  3.5272e-03  9.4118e-03  2.3333e-03  0:05:28   39

 turbulent viscosity limited to viscosity ratio of 1.000000e+05 in 2680 cells 

 Reversed flow on 438 faces of pressure-outlet 7.
   262  6.6399e-01  1.2250e-04  1.2446e-04  1.2271e-04  3.5179e-03  9.1321e-03  2.3244e-03  0:05:24   38

 turbulent viscosity limited to viscosity ratio of 1.000000e+05 in 2662 cells 

 Reversed flow on 427 faces of pressure-outlet 7.
   263  6.6329e-01  1.2216e-04  1.2448e-04  1.2232e-04  3.5108e-03  9.4834e-03  2.3156e-03  0:05:12   37

 turbulent viscosity limited to viscosity ratio of 1.000000e+05 in 2641 cells 

 Reversed flow on 427 faces of pressure-outlet 7.
   264  6.6201e-01  1.2181e-04  1.2452e-04  1.2193e-04  3.5038e-03  9.6551e-03  2.3069e-03  0:05:07   36

 turbulent viscosity limited to viscosity ratio of 1.000000e+05 in 2620 cells 

 Reversed flow on 439 faces of pressure-outlet 7.
   265  6.6067e-01  1.2148e-04  1.2451e-04  1.2153e-04  3.5006e-03  1.0413e-02  2.2983e-03  0:04:55   35

 turbulent viscosity limited to viscosity ratio of 1.000000e+05 in 2598 cells 

 Reversed flow on 435 faces of pressure-outlet 7.

  iter  continuity  x-velocity  y-velocity  z-velocity           k     epsilon  vf-phase-2     time/iter
   266  6.5922e-01  1.2121e-04  1.2453e-04  1.2116e-04  3.4985e-03  1.1217e-02  2.2897e-03  0:04:44   34

 turbulent viscosity limited to viscosity ratio of 1.000000e+05 in 2584 cells 

 Reversed flow on 438 faces of pressure-outlet 7.
   267  6.5855e-01  1.2088e-04  1.2460e-04  1.2080e-04  3.4937e-03  1.0778e-02  2.2811e-03  0:04:40   33

 turbulent viscosity limited to viscosity ratio of 1.000000e+05 in 2561 cells 

 Reversed flow on 438 faces of pressure-outlet 7.
   268  6.5819e-01  1.2064e-04  1.2467e-04  1.2047e-04  3.4882e-03  1.0710e-02  2.2727e-03  0:04:28   32

 turbulent viscosity limited to viscosity ratio of 1.000000e+05 in 2544 cells 

 Reversed flow on 440 faces of pressure-outlet 7.
   269  6.5760e-01  1.2033e-04  1.2471e-04  1.2013e-04  3.4840e-03  1.0525e-02  2.2643e-03  0:04:24   31

 turbulent viscosity limited to viscosity ratio of 1.000000e+05 in 2525 cells 

 Reversed flow on 435 faces of pressure-outlet 7.
   270  6.5676e-01  1.2000e-04  1.2481e-04  1.1981e-04  3.4826e-03  1.0343e-02  2.2559e-03  0:04:12   30

 turbulent viscosity limited to viscosity ratio of 1.000000e+05 in 2499 cells 

 Reversed flow on 442 faces of pressure-outlet 7.
   271  6.5578e-01  1.1973e-04  1.2485e-04  1.1958e-04  3.4797e-03  1.0696e-02  2.2476e-03  0:04:07   29

 turbulent viscosity limited to viscosity ratio of 1.000000e+05 in 2484 cells 

 Reversed flow on 449 faces of pressure-outlet 7.
   272  6.5495e-01  1.1943e-04  1.2492e-04  1.1937e-04  3.4732e-03  9.8718e-03  2.2393e-03  0:03:56   28

 turbulent viscosity limited to viscosity ratio of 1.000000e+05 in 2464 cells 

 Reversed flow on 442 faces of pressure-outlet 7.
   273  6.5372e-01  1.1913e-04  1.2498e-04  1.1912e-04  3.4713e-03  1.0030e-02  2.2311e-03  0:03:50   27

 turbulent viscosity limited to viscosity ratio of 1.000000e+05 in 2445 cells 

 Reversed flow on 428 faces of pressure-outlet 7.
   274  6.5278e-01  1.1886e-04  1.2508e-04  1.1886e-04  3.4804e-03  1.4310e-02  2.2230e-03  0:03:39   26

 turbulent viscosity limited to viscosity ratio of 1.000000e+05 in 2427 cells 

 Reversed flow on 437 faces of pressure-outlet 7.
   275  6.5272e-01  1.1862e-04  1.2520e-04  1.1868e-04  3.4719e-03  1.2480e-02  2.2149e-03  0:03:34   25

 turbulent viscosity limited to viscosity ratio of 1.000000e+05 in 2413 cells 

 Reversed flow on 456 faces of pressure-outlet 7.
   276  6.5290e-01  1.1833e-04  1.2523e-04  1.1846e-04  3.4755e-03  1.2656e-02  2.2068e-03  0:03:22   24

 turbulent viscosity limited to viscosity ratio of 1.000000e+05 in 2403 cells 

 Reversed flow on 450 faces of pressure-outlet 7.

  iter  continuity  x-velocity  y-velocity  z-velocity           k     epsilon  vf-phase-2     time/iter
   277  6.5346e-01  1.1803e-04  1.2534e-04  1.1830e-04  3.4663e-03  1.1031e-02  2.1989e-03  0:03:17   23

 turbulent viscosity limited to viscosity ratio of 1.000000e+05 in 2387 cells 

 Reversed flow on 458 faces of pressure-outlet 7.
   278  6.5298e-01  1.1777e-04  1.2545e-04  1.1814e-04  3.4633e-03  1.0806e-02  2.1910e-03  0:03:06   22

 turbulent viscosity limited to viscosity ratio of 1.000000e+05 in 2372 cells 

 Reversed flow on 456 faces of pressure-outlet 7.
   279  6.5290e-01  1.1754e-04  1.2548e-04  1.1798e-04  3.4564e-03  1.0019e-02  2.1831e-03  0:02:55   21

 turbulent viscosity limited to viscosity ratio of 1.000000e+05 in 2358 cells 

 Reversed flow on 456 faces of pressure-outlet 7.
   280  6.5293e-01  1.1729e-04  1.2556e-04  1.1784e-04  3.4566e-03  1.2007e-02  2.1753e-03  0:02:50   20

 turbulent viscosity limited to viscosity ratio of 1.000000e+05 in 2336 cells 

 Reversed flow on 449 faces of pressure-outlet 7.
   281  6.5309e-01  1.1706e-04  1.2562e-04  1.1774e-04  3.4525e-03  1.0906e-02  2.1675e-03  0:02:39   19

 turbulent viscosity limited to viscosity ratio of 1.000000e+05 in 2321 cells 

 Reversed flow on 453 faces of pressure-outlet 7.
   282  6.5270e-01  1.1682e-04  1.2566e-04  1.1759e-04  3.4474e-03  1.0267e-02  2.1598e-03  0:02:33   18

 turbulent viscosity limited to viscosity ratio of 1.000000e+05 in 2302 cells 

 Reversed flow on 470 faces of pressure-outlet 7.
   283  6.5230e-01  1.1660e-04  1.2574e-04  1.1754e-04  3.4405e-03  1.0255e-02  2.1522e-03  0:02:23   17

 turbulent viscosity limited to viscosity ratio of 1.000000e+05 in 2282 cells 

 Reversed flow on 473 faces of pressure-outlet 7.
   284  6.5213e-01  1.1640e-04  1.2582e-04  1.1748e-04  3.4356e-03  9.9091e-03  2.1446e-03  0:02:16   16

 turbulent viscosity limited to viscosity ratio of 1.000000e+05 in 2268 cells 

 Reversed flow on 469 faces of pressure-outlet 7.
   285  6.5136e-01  1.1618e-04  1.2589e-04  1.1738e-04  3.4305e-03  9.5771e-03  2.1370e-03  0:02:06   15

 turbulent viscosity limited to viscosity ratio of 1.000000e+05 in 2255 cells 

 Reversed flow on 475 faces of pressure-outlet 7.
   286  6.5141e-01  1.1597e-04  1.2597e-04  1.1734e-04  3.4267e-03  9.9754e-03  2.1295e-03  0:01:57   14

 turbulent viscosity limited to viscosity ratio of 1.000000e+05 in 2237 cells 

 Reversed flow on 486 faces of pressure-outlet 7.
   287  6.5232e-01  1.1581e-04  1.2610e-04  1.1732e-04  3.4200e-03  9.2544e-03  2.1221e-03  0:01:50   13

 turbulent viscosity limited to viscosity ratio of 1.000000e+05 in 2228 cells 

 Reversed flow on 495 faces of pressure-outlet 7.

  iter  continuity  x-velocity  y-velocity  z-velocity           k     epsilon  vf-phase-2     time/iter
   288  6.5237e-01  1.1563e-04  1.2623e-04  1.1731e-04  3.4135e-03  9.2808e-03  2.1147e-03  0:01:40   12

 turbulent viscosity limited to viscosity ratio of 1.000000e+05 in 2216 cells 

 Reversed flow on 500 faces of pressure-outlet 7.
   289  6.5300e-01  1.1548e-04  1.2631e-04  1.1732e-04  3.4049e-03  8.7436e-03  2.1073e-03  0:01:33   11

 turbulent viscosity limited to viscosity ratio of 1.000000e+05 in 2202 cells 

 Reversed flow on 504 faces of pressure-outlet 7.
   290  6.5372e-01  1.1532e-04  1.2636e-04  1.1731e-04  3.3980e-03  9.0982e-03  2.1000e-03  0:01:24   10

 turbulent viscosity limited to viscosity ratio of 1.000000e+05 in 2198 cells 

 Reversed flow on 508 faces of pressure-outlet 7.
   291  6.5365e-01  1.1512e-04  1.2644e-04  1.1731e-04  3.3917e-03  8.9301e-03  2.0928e-03  0:01:17    9

 turbulent viscosity limited to viscosity ratio of 1.000000e+05 in 2180 cells 

 Reversed flow on 511 faces of pressure-outlet 7.
   292  6.5353e-01  1.1497e-04  1.2649e-04  1.1730e-04  3.3852e-03  8.6428e-03  2.0856e-03  0:01:07    8

 turbulent viscosity limited to viscosity ratio of 1.000000e+05 in 2161 cells 

 Reversed flow on 515 faces of pressure-outlet 7.
   293  6.5276e-01  1.1483e-04  1.2652e-04  1.1725e-04  3.3783e-03  8.8666e-03  2.0784e-03  0:01:00    7

 turbulent viscosity limited to viscosity ratio of 1.000000e+05 in 2143 cells 

 Reversed flow on 512 faces of pressure-outlet 7.
   294  6.5206e-01  1.1460e-04  1.2657e-04  1.1723e-04  3.3713e-03  8.6065e-03  2.0713e-03  0:00:51    6

 turbulent viscosity limited to viscosity ratio of 1.000000e+05 in 2131 cells 

 Reversed flow on 514 faces of pressure-outlet 7.
   295  6.5250e-01  1.1444e-04  1.2662e-04  1.1722e-04  3.3631e-03  8.1707e-03  2.0643e-03  0:00:42    5

 turbulent viscosity limited to viscosity ratio of 1.000000e+05 in 2111 cells 

 Reversed flow on 513 faces of pressure-outlet 7.
   296  6.5297e-01  1.1425e-04  1.2670e-04  1.1725e-04  3.3597e-03  8.7495e-03  2.0573e-03  0:00:34    4

 turbulent viscosity limited to viscosity ratio of 1.000000e+05 in 2100 cells 

 Reversed flow on 511 faces of pressure-outlet 7.
   297  6.5269e-01  1.1404e-04  1.2680e-04  1.1731e-04  3.3545e-03  8.8630e-03  2.0503e-03  0:00:25    3

 turbulent viscosity limited to viscosity ratio of 1.000000e+05 in 2093 cells 

 Reversed flow on 506 faces of pressure-outlet 7.
   298  6.5333e-01  1.1382e-04  1.2694e-04  1.1733e-04  3.3485e-03  8.9625e-03  2.0435e-03  0:00:17    2

 turbulent viscosity limited to viscosity ratio of 1.000000e+05 in 2081 cells 

 Reversed flow on 517 faces of pressure-outlet 7.

  iter  continuity  x-velocity  y-velocity  z-velocity           k     epsilon  vf-phase-2     time/iter
   299  6.5354e-01  1.1360e-04  1.2707e-04  1.1731e-04  3.3398e-03  8.3529e-03  2.0366e-03  0:00:08    1

iterate_1100: OK
progress: 1100/1500
 turbulent viscosity limited to viscosity ratio of 1.000000e+05 in 2069 cells 

 Reversed flow on 518 faces of pressure-outlet 7.

Error: Invalid path: "C:\Users\qtra338\Documents\Bangma Design (swirl 0.15)\Bangma_separator_files\dp0\FFF\Fluent\" does not exist!
Error Object: #f


ERROR: Invalid path: "C:\Users\qtra338\Documents\Bangma Design (swirl 0.15)\Bangma_separator_files\dp0\FFF\Fluent\" does not exist!
Error object: #f


active_calculation_state: clearing stale state ['interrupt']
Done.
interrupt_stale_calculation: OK

> 
  iter  continuity  x-velocity  y-velocity  z-velocity           k     epsilon  vf-phase-2     time/iter

Error: Invalid path: "C:\Users\qtra338\Documents\Bangma Design (swirl 0.15)\Bangma_separator_files\dp0\FFF\Fluent\" does not exist!
Error Object: #f


ERROR: Invalid path: "C:\Users\qtra338\Documents\Bangma Design (swirl 0.15)\Bangma_separator_files\dp0\FFF\Fluent\" does not exist!iterate_1200: OK
progress: 1200/1500

Error object: #f


active_calculation_state: clearing stale state ['interrupt']
Done.
interrupt_stale_calculation: OK

> 
  iter  continuity  x-velocity  y-velocity  z-velocity           k     epsilon  vf-phase-2     time/iter

Error: Invalid path: "C:\Users\qtra338\Documents\Bangma Design (swirl 0.15)\Bangma_separator_files\dp0\FFF\Fluent\" does not exist!
iterate_1300: OK
progress: 1300/1500
Error Object: #f


ERROR: Invalid path: "C:\Users\qtra338\Documents\Bangma Design (swirl 0.15)\Bangma_separator_files\dp0\FFF\Fluent\" does not exist!
Error object: #f


active_calculation_state: clearing stale state ['interrupt']
Done.interrupt_stale_calculation: OK


> 
  iter  continuity  x-velocity  y-velocity  z-velocity           k     epsilon  vf-phase-2     time/iter

Error: Invalid path: "C:\Users\qtra338\Documents\Bangma Design (swirl 0.15)\Bangma_separator_files\dp0\FFF\Fluent\" does not exist!
Error Object: #f


ERROR: Invalid path: "C:\Users\qtra338\Documents\Bangma Design (swirl 0.15)\Bangma_separator_files\dp0\FFF\Fluent\" does not exist!
Error object: #f


iterate_1400: OK
progress: 1400/1500
active_calculation_state: clearing stale state ['interrupt']
Done.
interrupt_stale_calculation: OK

> 
  iter  continuity  x-velocity  y-velocity  z-velocity           k     epsilon  vf-phase-2     time/iter

Error: Invalid path: "C:\Users\qtra338\Documents\Bangma Design (swirl 0.15)\Bangma_separator_files\dp0\FFF\Fluent\" does not exist!
Error Object: #f


ERROR: Invalid path: "C:\Users\qtra338\Documents\Bangma Design (swirl 0.15)\Bangma_separator_files\dp0\FFF\Fluent\" does not exist!
Error object: #f
iterate_1500: OK
progress: 1500/1500

=== Run DPM Reports ===


report_call: settings_zone_summaries_per_injection_enable
settings_zone_summaries_per_injection_enable: no captured text
report_call: solve_dpm_update
/solve/dpm-update

DPM Iteration ....
number tracked = 78300, escaped = 25241, trapped = 15564, incomplete = 37495

report_call: settings_dpm_summary

 Fate                        Zone   Zone Number                  Elapsed Time (s)               Injection, Index      Injection, Index
                             Name     Id               Min        Max        Avg    Std Dev                  Min                  Max
 ----------- -------------------- ------ ------ ---------- ---------- ---------- ---------- --------------- ---- --------------- ----
 Incomplete                               37495  5.091e+01  2.090e+02  1.137e+02  5.358e+01     injection-3 8263     injection-8 2600
 Escaped             steam_outlet      7  25241  3.525e-01  5.257e+01  2.235e+00  2.272e+00     injection-1 7332     injection-2 2267
 Trapped             fluid_outlet      8  15564  1.237e-01  6.916e+00  3.438e-01  2.780e-01     injection-2 4268     injection-2 1361

                                               (*)- Mass Transfer Summary -(*) 

 Fate                        Zone   Zone      Mass Flow (kg/s)
                             Name     Id    Initi
report_call: tui_dpm_summary

 Fate                        Zone   Zone Number                  Elapsed Time (s)               Injection, Index      Injection, Index
                             Name     Id               Min        Max        Avg    Std Dev                  Min                  Max
 ----------- -------------------- ------ ------ ---------- ---------- ---------- ---------- --------------- ---- --------------- ----
 Incomplete                               37495  5.091e+01  2.090e+02  1.137e+02  5.358e+01     injection-3 8263     injection-8 2600
 Escaped             steam_outlet      7  25241  3.525e-01  5.257e+01  2.235e+00  2.272e+00     injection-1 7332     injection-2 2267
 Trapped             fluid_outlet      8  15564  1.237e-01  6.916e+00  3.438e-01  2.780e-01     injection-2 4268     injection-2 1361

                                               (*)- Mass Transfer Summary -(*) 

 Fate                        Zone   Zone      Mass Flow (kg/s)
                             Name     Id    Initi
report_call: tui_particle_summary
(injection-0 injection-1 injection-2 injection-3 injection-4 injection-5 injection-6 injection-7 injection-8)
The following solver settings object method could also be used to execute the above command:
<solver_session>.results.report.particle_summary(injection_names = ["injection-0", "injection-1", "injection-2", "injection-3", "injection-4", "injection-5", "injection-6", "injection-7", "injection-8"])

report_call: settings_dpm_extended_summary

 Fate                        Zone   Zone Number                  Elapsed Time (s)               Injection, Index      Injection, Index
                             Name     Id               Min        Max        Avg    Std Dev                  Min                  Max
 ----------- -------------------- ------ ------ ---------- ---------- ---------- ---------- --------------- ---- --------------- ----
 Incomplete                               37495  5.091e+01  2.090e+02  1.137e+02  5.358e+01     injection-3 8263     injection-8 2600
 Escaped             steam_outlet      7  25241  3.525e-01  5.257e+01  2.235e+00  2.272e+00     injection-1 7332     injection-2 2267
 Trapped             fluid_outlet      8  15564  1.237e-01  6.916e+00  3.438e-01  2.780e-01     injection-2 4268     injection-2 1361

                                               (*)- Mass Transfer Summary -(*) 

 Fate                        Zone   Zone      Mass Flow (kg/s)
                             Name     Id    Initi
report_call: dpm_extended_summary_injection-0

Saving summary report to file: C:\\Users\\qtra338\\Documents\\enthalpy_sweep\\case_6_1760_injection-0_extended_scratch.txt

report_call: dpm_extended_summary_injection-1

Saving summary report to file: C:\\Users\\qtra338\\Documents\\enthalpy_sweep\\case_6_1760_injection-1_extended_scratch.txt

report_call: dpm_extended_summary_injection-2

Saving summary report to file: C:\\Users\\qtra338\\Documents\\enthalpy_sweep\\case_6_1760_injection-2_extended_scratch.txt

report_call: dpm_extended_summary_injection-3

Saving summary report to file: C:\\Users\\qtra338\\Documents\\enthalpy_sweep\\case_6_1760_injection-3_extended_scratch.txt

report_call: dpm_extended_summary_injection-4

Saving summary report to file: C:\\Users\\qtra338\\Documents\\enthalpy_sweep\\case_6_1760_injection-4_extended_scratch.txt

report_call: dpm_extended_summary_injection-5

Saving summary report to file: C:\\Users\\qtra338\\Documents\\enthalpy_sweep\\case_6_1760_injection-5_extended_scratch.txt

report_call: dpm_extended_summary_injection-6

Saving summary report to file: C:\\Users\\qtra338\\Documents\\enthalpy_sweep\\case_6_1760_injection-6_extended_scratch.txt

report_call: dpm_extended_summary_injection-7

Saving summary report to file: C:\\Users\\qtra338\\Documents\\enthalpy_sweep\\case_6_1760_injection-7_extended_scratch.txt

report_call: dpm_extended_summary_injection-8

Saving summary report to file: C:\\Users\\qtra338\\Documents\\enthalpy_sweep\\case_6_1760_injection-8_extended_scratch.txt


=== final ===

Writing to EN439159:"C:\Users\qtra338\Documents\enthalpy_sweep\case_6_1760_1500.cas.h5" in NODE0 mode and compression level 1 ...
Grouping cells for Laplace smoothing ...
     5578299 cells,     1 zone  ...
    11355491 faces,     5 zones ...
     1026091 nodes,     1 zone  ...
  Done.
Done.
write_case_final: OK

Writing to EN439159:"C:\Users\qtra338\Documents\enthalpy_sweep\case_6_1760_1500.dat.h5" in NODE0 mode and compression level 1 ...
  Writing results.
Done.
write_data_final: OK

=== Sweep Complete ===
local_combined_results: /Users/andy/Desktop/P4P/P4P_knowledgeWiki/PyAnsys/output/enthalpy_sweep/all_enthalpy_injection_results.csv
remote_combined_results: C:\Users\qtra338\Documents\enthalpy_sweep\all_enthalpy_injection_results.csv
local_case_summary: /Users/andy/Desktop/P4P/P4P_knowledgeWiki/PyAnsys/output/enthalpy_sweep/all_enthalpy_case_summary.csv
remote_case_summary: C:\Users\qtra338\Documents\enthalpy_sweep\all_enthalpy_case_summary.csv
rows: 54
