iteration,continuity,epsilon,k,vf-phase-2,x-velocity,y-velocity,z-velocity
1.0,1.0,0.2668089553645112,0.3195186799304809,0.1326810677474255,0.0004508461259780268,0.0005018118300764421,0.0004710873251506539
2.0,1.0,0.1503375043556171,0.144876404405057,0.6127762953822066,0.0003408648232221372,0.0003619099583955088,0.0003403190919179385
3.0,0.915316357281971,0.1680387269252518,0.09364163970700175,0.310080293858857,0.0002494331936258656,0.0002468394723303107,0.000253289829221875
4.0,0.6976945901229893,0.4409890290216445,0.07702964925938102,0.2071124449329499,0.0002331961657170325,0.0002165649151548666,0.0002280954179659072
5.0,0.7806722737102814,0.6604929728113091,0.063376411504735,0.1548719625902606,0.00024266148716617,0.0002078190205236339,0.000229220656613139
6.0,0.5994181920994721,0.2731829456186203,0.05284299049341438,0.1217555935029136,0.0002155944967977961,0.000177935226384773,0.0002020082461995676
7.0,0.6023488853985567,0.2342784780000537,0.04436446827512096,0.10100514511301,0.0002091073833659884,0.0001644950803866114,0.0001905174130550307
8.0,0.4805382188091841,0.1693173881582541,0.0372998522945887,0.08669056866101105,0.0001907956568307017,0.0001397959809297911,0.000173305379256002
9.0,0.5107667395559026,0.1396636308497965,0.03185209431657335,0.07598764757653079,0.0001889823793168986,0.000131307923400048,0.0001729104618898996
10.0,0.4155202561663853,0.1126549102673485,0.02770372017094594,0.06767549024507619,0.0001754773303395169,0.000117669769501408,0.0001598422713005897
11.0,0.3740717937410693,0.09324160470854374,0.02457295572802362,0.06095796530288453,0.0001682825060015115,0.0001111231227438605,0.0001527237751810913
12.0,0.4195280867932337,0.0786925564864329,0.02214817565984411,0.05546345275387025,0.000166893147194738,0.000111499542710711,0.0001526009791326873
13.0,0.3439286365623613,0.0684925221025041,0.02020995680979193,0.05096591161027502,0.0001579818171356179,0.0001010239948623605,0.0001437173166500675
14.0,0.314653261119138,0.06015753999491438,0.01868430017926791,0.04713110464520722,0.0001529468710074537,9.630761158224383e-05,0.0001385090500359093
15.0,0.3078351237480944,0.0554478493774921,0.01748154739910442,0.04384317381999822,0.0001496434983241092,9.394164235700717e-05,0.0001352537302266352
16.0,0.2862514726253372,0.04921151036657691,0.01645286933041858,0.04095341339531976,0.0001452167473389544,9.036329372000115e-05,0.0001309387840449883
17.0,0.3737180640686862,0.04523339024288984,0.01562056159229374,0.03839257773138256,0.000146342023339218,9.61943630510303e-05,0.000131900041474824
18.0,0.3034782675689803,0.04037920898626295,0.01487837845750175,0.03611170689053215,0.0001406788834382675,9.152159717664492e-05,0.0001264086079470858
19.0,0.2812530065355295,0.03734390693551829,0.01427108792834915,0.03408049858964046,0.0001378601477400849,8.954477216043826e-05,0.0001233674113708043
20.0,0.2713760310095777,0.0349869024354965,0.01375162769262166,0.0322666697792877,0.0001354326922148085,8.739431142935104e-05,0.0001209503471866967
21.0,0.3042094861117891,0.03302548207053677,0.01329845692102544,0.03065139732962586,0.0001344502467163325,8.690199791315462e-05,0.0001206101131549608
22.0,0.2646402590345805,0.03103226515782679,0.01288687644327003,0.02919423121168916,0.0001310239270491958,8.382817386670432e-05,0.0001170690439219234
23.0,0.2585811517181201,0.02940083279474459,0.01251861466399761,0.02785949950851932,0.0001294406330627017,8.360723207619987e-05,0.0001149958511444545
24.0,0.2981978616002939,0.0280736718146181,0.01219624268484,0.02663115147310647,0.0001308356096689682,8.628102788579561e-05,0.0001155012822109594
25.0,0.2550570997553414,0.0274934158669823,0.01190112762346049,0.02551018936162804,0.0001276988899060009,8.41279699594396e-05,0.0001126923202029635
26.0,0.2467354695089633,0.0272871938502277,0.0116255749300333,0.02448672856707142,0.0001261183788472378,8.361677002757441e-05,0.0001106319650425513
27.0,0.2425403929319847,0.02588044608855612,0.0113655008323679,0.02354809199114714,0.0001244943319372793,8.315968831806472e-05,0.0001091230305424504
28.0,0.2400510897566543,0.02540327053057398,0.01113012140961478,0.02267592497633906,0.0001230507027869931,8.281344910708332e-05,0.0001079406438090174
29.0,0.2389855067011339,0.02423416068629292,0.01090748645154089,0.02186363540217097,0.0001218031290427327,8.27760897830881e-05,0.0001068797462302447
30.0,0.2375848761986199,0.02318941702458616,0.01069027949568092,0.021104823359654,0.0001206308636508132,8.287046979362403e-05,0.0001059003803975792
31.0,0.2354575018441853,0.0225444064402831,0.01049217500086837,0.02039732657441706,0.0001193610588009634,8.281443997685935e-05,0.0001045908588091206
32.0,0.2319833220894826,0.02184506342298385,0.01030823572909741,0.01973361878861506,0.0001182623568083732,8.282201503785609e-05,0.000103523711768897
33.0,0.2285998637321078,0.02113743531400239,0.01013371667626414,0.01911392755004878,0.0001172542088046543,8.276006856234149e-05,0.0001024575869415266
34.0,0.2263198723502044,0.0206389144809792,0.009979392790839616,0.01853176934556296,0.0001163631144638965,8.277376070523935e-05,0.0001014277808845568
35.0,0.2245009512724486,0.0206094399402302,0.009835957506098572,0.01798339702811148,0.0001155480260325731,8.28483294127027e-05,0.0001004483648021509
36.0,0.2223449696193792,0.03393390267973332,0.009730588003949785,0.01746874800524451,0.0001147293684348553,8.286974576009895e-05,9.953797010979641e-05
37.0,0.2200996112425099,0.02522544290998876,0.009582278696739829,0.01698531408517404,0.0001138394061962741,8.288764202222824e-05,9.859340193579715e-05
38.0,0.2190039856563746,0.02663068335692611,0.009497015822181284,0.01652869082971318,0.0001128328104418051,8.260940131015132e-05,9.767338668738141e-05
39.0,0.2182752863133594,0.01980473989800481,0.009330812050743353,0.01609285456120256,0.0001120184720224614,8.258279423963015e-05,9.684847435316069e-05
40.0,0.2165618346796842,0.01899983241335987,0.009208017667306258,0.01567659468392422,0.0001111018639266899,8.254829901612158e-05,9.605322596858276e-05
41.0,0.2144802093016771,0.01809673122682467,0.009086433111278557,0.01528316560211171,0.000110226223099153,8.240678375714876e-05,9.521999054652718e-05
42.0,0.2130838419444289,0.01769535176840082,0.008974868937513395,0.01490645224931169,0.0001094738286812995,8.236386784578814e-05,9.440734168123217e-05
43.0,0.2117562804130932,0.01750125446911963,0.008867910843602571,0.01454874297788795,0.0001087156698416445,8.229698123815091e-05,9.352783710812047e-05
44.0,0.2105373912651093,0.01707579915990991,0.008759744139221171,0.01420757098059392,0.0001079569628436203,8.228006590860505e-05,9.269958863055973e-05
45.0,0.208921932679366,0.01676604269349755,0.008651944781315625,0.01388235097067051,0.0001071833081493378,8.209927388346684e-05,9.181900150192594e-05
46.0,0.2077248986014173,0.01653147567589654,0.008541387086441077,0.01357200378553406,0.0001065186823271526,8.195973530430887e-05,9.101757535386579e-05
47.0,0.2056589133793088,0.01628619977169301,0.008430140934264195,0.01327513646099188,0.0001057332928002395,8.189484604221983e-05,9.020808904071415e-05
48.0,0.2047789325241556,0.01614779956872502,0.008318712020076202,0.01299011736058373,0.0001050052847734306,8.186034160755793e-05,8.946629913685026e-05
49.0,0.2029168360255046,0.01601506707155781,0.008207176838336905,0.01271735184766052,0.0001041494671364806,8.16731128594097e-05,8.868981651667843e-05
50.0,0.2021488410547489,0.01597827206974904,0.008096140143914422,0.01245587409236919,0.0001033505929657027,8.154775623114838e-05,8.797990468372548e-05
51.0,0.2013302299872902,0.01581442669392024,0.007978429143057679,0.01220628372603059,0.0001025825025483447,8.141018961618116e-05,8.72428504843031e-05
52.0,0.2002942715682938,0.0156463334830202,0.007855735278649991,0.01196633111494339,0.0001016388436871775,8.11266754600141e-05,8.64455973874568e-05
53.0,0.199101518498019,0.01541305552162144,0.007729070187204491,0.01173504730957649,0.0001008752610931379,8.099536578620698e-05,8.56952965844627e-05
54.0,0.1984710733203832,0.01524884200836373,0.007603417370237764,0.01151230977069749,0.0001000249959490718,8.068841087636749e-05,8.487159097849685e-05
55.0,0.1975738767778584,0.01499906437397661,0.007475481489383574,0.01129821658766697,9.91895977500696e-05,8.046368881411263e-05,8.416058355351048e-05
56.0,0.1966012316149442,0.01479156959347467,0.007347700342338739,0.01109259720412132,9.843939457106398e-05,8.025450915846782e-05,8.348148585377402e-05
57.0,0.1955487349173911,0.01455118210456009,0.007223286354880571,0.0108938028573184,9.769457869301326e-05,7.998629534691366e-05,8.278646358237044e-05
58.0,0.1946640964149458,0.01429117042829334,0.007101264970065317,0.01070249325135576,9.690967996524333e-05,7.967587303338275e-05,8.201887833763601e-05
59.0,0.1914255950743125,0.01403691145993386,0.006982692324256395,0.01051817933819514,9.595830969522131e-05,7.915991222446019e-05,8.123195143562287e-05
60.0,0.1993315041742567,0.01379975158550654,0.006859323454119237,0.01033994875069086,9.540885582918477e-05,7.9153021614732e-05,8.051978832622219e-05
61.0,0.192230110101877,0.01352276413325346,0.006742959949988485,0.01016831451783438,9.458384475345226e-05,7.872358559218383e-05,7.994521267264875e-05
62.0,0.1980868860250134,0.01331921433433655,0.006630108651961204,0.01000285842834849,9.408525722930738e-05,7.85673820199491e-05,7.917109388177195e-05
63.0,0.1912973017565547,0.01312910564922281,0.006523710378637543,0.009842908211675694,9.327120160027237e-05,7.814609980078536e-05,7.859881365409456e-05
64.0,0.1972753809105315,0.0129284651029529,0.006418544838457212,0.009687064892865074,9.276837678203914e-05,7.806821782531407e-05,7.797493629298705e-05
65.0,0.1906424855663884,0.01283978520134901,0.006322776270158165,0.009535335805620528,9.206285901928379e-05,7.764393427649131e-05,7.748090884603381e-05
66.0,0.1968421723170386,0.01263453359660432,0.006225243456717,0.009387829084302215,9.160301842135401e-05,7.740041759168589e-05,7.694196908173762e-05
67.0,0.1910786938685773,0.0124946188459527,0.006134527273151271,0.009244571163386386,9.093178903729752e-05,7.701814634492846e-05,7.646319973905752e-05
68.0,0.197225761647253,0.01240275308602453,0.006047782513052523,0.009106138180305859,9.049173841215768e-05,7.68558298957158e-05,7.614937223437782e-05
69.0,0.1923523481795222,0.01242164181991623,0.005968612512259215,0.008972151142434675,8.988066661716557e-05,7.650922886779171e-05,7.576106580863845e-05
70.0,0.199161038028237,0.01230345729203657,0.005887280853407266,0.008841945715668225,8.950432766719851e-05,7.639340885249975e-05,7.555792583077208e-05
71.0,0.1938675333914134,0.01218889960678008,0.005813396831910887,0.008715566337265057,8.903123304652451e-05,7.611326025919308e-05,7.523706875135426e-05
72.0,0.2009253221597218,0.01225991004931379,0.005744789855334133,0.008592513185949524,8.874985000504821e-05,7.594481355721238e-05,7.50259966952331e-05
73.0,0.1961298606968347,0.01221403799765045,0.005680179457042331,0.008472289188560002,8.828945070775114e-05,7.567143036783653e-05,7.467533025886088e-05
74.0,0.2037322709574198,0.01222265441028434,0.005619029151864043,0.008355446943747053,8.79834022954208e-05,7.566933074710386e-05,7.459109121836473e-05
75.0,0.1991283535844195,0.01220075816074915,0.005565980865757476,0.008241518599191708,8.75951804850237e-05,7.550074692953589e-05,7.431508205614081e-05
76.0,0.2074788921614248,0.01220603706633643,0.005515081080476505,0.008130845644866947,8.723814413395435e-05,7.543926047489653e-05,7.426249188955184e-05
77.0,0.2028651876915824,0.01221303642545032,0.005470125170905058,0.00802291464807121,8.687257295828183e-05,7.533128721164828e-05,7.400765017149147e-05
78.0,0.2117196307451742,0.01224422712431067,0.005426452523378857,0.00791802409149844,8.65553718327385e-05,7.526847030308453e-05,7.386879270418874e-05
79.0,0.2070124224113974,0.01230203518532783,0.005388913549582923,0.007816300402811002,8.612556166979564e-05,7.510177979833212e-05,7.355662042132335e-05
80.0,0.2153114513675595,0.01230876472002106,0.005347902260795657,0.007717041870236039,8.56784196624284e-05,7.501493433123727e-05,7.345458400046724e-05
81.0,0.210883813668223,0.01231898378641749,0.00531199366676538,0.007619888186045605,8.523140332709221e-05,7.489211158109795e-05,7.311664963580485e-05
82.0,0.2197602449106067,0.0123757436497141,0.005275119558858893,0.007525121123072536,8.470540304588353e-05,7.497272830233973e-05,7.308511945311261e-05
83.0,0.2144664256353934,0.01235220689763739,0.005241821651632025,0.007432776352791029,8.418273948191513e-05,7.484101973247784e-05,7.276566125431732e-05
84.0,0.2230060068024023,0.01233641273291343,0.005203252734673125,0.007343237122807819,8.350237740613197e-05,7.487326434977479e-05,7.260198334943421e-05
85.0,0.2174090503411828,0.0122804913013918,0.005169624240408136,0.007255759909259903,8.288927912620113e-05,7.470712897377315e-05,7.222509530495245e-05
86.0,0.2253948924664762,0.01224275235170378,0.005131886574799974,0.00717007122886909,8.217009124438653e-05,7.46253730858246e-05,7.202952238700178e-05
87.0,0.2200015527824672,0.01221598105033843,0.005098969433662752,0.007086538994535059,8.147648465001549e-05,7.445054386852454e-05,7.158549597679503e-05
88.0,0.2274615201766231,0.01208629256966567,0.005060672411469667,0.0070048391692628,8.057715838406336e-05,7.440756430694646e-05,7.127247701221601e-05
89.0,0.2214561269870771,0.01203679581026083,0.005028626012356169,0.006925151375483493,7.98439199221163e-05,7.410900424846236e-05,7.071965814594952e-05
90.0,0.2286769414015566,0.01195772982761801,0.004992218254461354,0.006847517811297394,7.890781759885103e-05,7.39213105508541e-05,7.034561843904129e-05
91.0,0.2242390289913234,0.01185895352170933,0.004959356123259206,0.006771765393726184,7.811017423274817e-05,7.367469167935076e-05,6.976233610861124e-05
92.0,0.2312179755057703,0.01665033639032458,0.004941683169633907,0.006697868526869942,7.723791291618634e-05,7.377572960503983e-05,6.93450332802797e-05
93.0,0.2250004571209233,0.01342908051272452,0.004919954932823346,0.006624967360053949,7.669615361641283e-05,7.351074859612256e-05,6.897553224982331e-05
94.0,0.2354621027822968,0.01429867892003398,0.00488210064451513,0.006553442804511793,7.574604334402424e-05,7.34932911802895e-05,6.856543937336894e-05
95.0,0.2255315334723384,0.01203404028608506,0.00483367255561369,0.006483631972525884,7.486114807472547e-05,7.303603353583895e-05,6.77426737939433e-05
96.0,0.2315104282500034,0.01173324059633223,0.004795390120232773,0.006415193235843522,7.394552714089883e-05,7.292654730107147e-05,6.71825434566206e-05
97.0,0.2232484131583729,0.01167930572161776,0.004763895419672234,0.006348093308647542,7.322788726928526e-05,7.256803080321054e-05,6.658723618581998e-05
98.0,0.2280437377832197,0.01158302282968855,0.00472643042637608,0.00628239071947057,7.241162091250791e-05,7.244318783069372e-05,6.61586268716234e-05
99.0,0.2206180048246918,0.01153920816274196,0.004693218638060099,0.006218111740661112,7.174696717344315e-05,7.213417738505471e-05,6.55480797548023e-05
100.0,0.2253313053568377,0.01143351585433642,0.004654804406974569,0.006154654500149198,7.100810086422455e-05,7.201000141530346e-05,6.507870603786125e-05
101.0,0.2183082373435863,0.01142645875193134,0.004622507725145947,0.006092546428055095,7.041487039457917e-05,7.172769520558918e-05,6.454509897984996e-05
102.0,0.2224906140824152,0.0113903210333294,0.004585814523840596,0.00603173713889237,6.984223004038764e-05,7.16317382950258e-05,6.414975535906205e-05
103.0,0.2162973979110616,0.01136210583437066,0.004553007335376735,0.005972225385464743,6.929233848175844e-05,7.139086956296451e-05,6.362432809458111e-05
104.0,0.2204796658002662,0.01130344581239168,0.00451576430489452,0.005913818694374171,6.880093070740835e-05,7.125046177097002e-05,6.338810381458537e-05
105.0,0.2139060947273519,0.0112695075741926,0.00448212440641649,0.005857060322349234,6.823745019371433e-05,7.095501769467937e-05,6.285312086632365e-05
106.0,0.2179889103783845,0.01120880825969791,0.004443595684613041,0.005801449483714955,6.776956479367787e-05,7.081807398281793e-05,6.254845295893475e-05
107.0,0.2115503584601374,0.01113082584521399,0.004408494724077871,0.005746933716926888,6.722717701699572e-05,7.053310824412804e-05,6.210226174274511e-05
108.0,0.2147172795383351,0.01098246600500818,0.004372690171864469,0.005693298257561415,6.678078547237447e-05,7.037489223934714e-05,6.192567384638315e-05
109.0,0.2083079684098633,0.01086240670639055,0.004341496823806662,0.005640759255591311,6.627208797203124e-05,7.01168510387525e-05,6.158145515218686e-05
110.0,0.2121710842459402,0.01080816117583739,0.004307314908759312,0.005588869835063295,6.584062485024477e-05,6.99279467279319e-05,6.145712614600833e-05
111.0,0.2051495704934801,0.01067244965128439,0.004274275331217265,0.005537752131403961,6.532870888299685e-05,6.962195128654454e-05,6.111882860528778e-05
112.0,0.2084356120889694,0.01048260329821465,0.004238765404766955,0.005487640236596511,6.487019943976537e-05,6.947723464977212e-05,6.108205622610416e-05
113.0,0.2030570196545901,0.0103404241325363,0.004210061057486419,0.005438621063489227,6.43282733280883e-05,6.916614998072822e-05,6.07800257795477e-05
114.0,0.206745636138261,0.01027987358341882,0.00418066160753979,0.005390324844700916,6.390854897277812e-05,6.886689962854652e-05,6.071114116869653e-05
115.0,0.2016431238753578,0.01019611315233442,0.004153684384006874,0.005342854424244443,6.339833755915826e-05,6.858591684665628e-05,6.042930199911306e-05
116.0,0.2051305439326739,0.01010820678309894,0.004125715926310418,0.005296026575940145,6.300789704665842e-05,6.839723792303913e-05,6.036795858212596e-05
117.0,0.1991388525638341,0.01064695251873692,0.004107194253407023,0.00524983744646412,6.253648636958916e-05,6.815940024761307e-05,6.018027893285903e-05
118.0,0.2036589499437834,0.01072766873414875,0.004085185592697159,0.005204410316043309,6.226068420411574e-05,6.795960459316045e-05,6.022675733808892e-05
119.0,0.1976826859115904,0.009979670423198826,0.004063900192001648,0.005159692616408292,6.176169199139727e-05,6.769036965405178e-05,6.00290489115885e-05
120.0,0.2007636285107449,0.00969663171388963,0.004042208039471449,0.005115801680156552,6.141450864305562e-05,6.743675917423333e-05,5.994424053786143e-05
121.0,0.195327926145805,0.009612809806206667,0.004026161603319763,0.005072687483324239,6.096486996106163e-05,6.720857948832764e-05,5.976661670261811e-05
122.0,0.1986394407507378,0.009487639981769064,0.004009404032125679,0.005030309027482029,6.077960568409368e-05,6.69679981900917e-05,5.977182170546057e-05
123.0,0.1935107842481285,0.0094761890200307,0.003997541260065072,0.004988617416241705,6.037966709945112e-05,6.675934859808427e-05,5.963343643899653e-05
124.0,0.1970455308785791,0.009418288278544528,0.003985200749267338,0.004947602151722738,6.0223949146599e-05,6.661195815574922e-05,5.96433127641802e-05
125.0,0.1927403274432273,0.00934422795727414,0.003974415538253898,0.004907114201422865,5.983728840621281e-05,6.641961591134973e-05,5.951664643654031e-05
126.0,0.1970457058879022,0.009297920988466239,0.003963513964718741,0.004867439704410408,5.975560431232285e-05,6.628067761042173e-05,5.953179965910595e-05
127.0,0.1927043368638947,0.009218853068186867,0.003953441609922562,0.004828501317496396,5.937597636883012e-05,6.607808495777874e-05,5.943386298954945e-05
128.0,0.1967733317668906,0.009225806214212678,0.00394423670480937,0.004790202964679122,5.937870468901487e-05,6.598267781706796e-05,5.94663825434347e-05
129.0,0.1934098752488395,0.009188186092069452,0.00393431786637518,0.004752720243372286,5.907062148655641e-05,6.58256349993689e-05,5.941727218984809e-05
130.0,0.1979921406100483,0.00917187486219988,0.003924122309498671,0.004715866027378841,5.910002521619614e-05,6.575272103767895e-05,5.942191809050232e-05
131.0,0.194505829851793,0.00917758816940009,0.003914187842481581,0.004679532298329107,5.881944374921891e-05,6.558187494506335e-05,5.938235740499474e-05
132.0,0.1995839117086277,0.009176122704074419,0.00390499962598557,0.004643771534866483,5.890599733135981e-05,6.547222359685156e-05,5.94148548215633e-05
133.0,0.196040273801124,0.009156963622737399,0.003894360962395039,0.004608541358887089,5.868050669770233e-05,6.53231852114787e-05,5.939519938640352e-05
134.0,0.2002964528796164,0.009164238179549752,0.003881548989903273,0.004573665422212586,5.885538083258089e-05,6.518293050022868e-05,5.941537722477435e-05
135.0,0.197362311003724,0.009202262263010349,0.003869587639730131,0.004539376078012073,5.864926212526674e-05,6.505553195251244e-05,5.942679700708524e-05
136.0,0.2021393820703938,0.00916746237025585,0.003856811935578393,0.00450555013290224,5.885525333199886e-05,6.499373106819255e-05,5.947780886756367e-05
137.0,0.1989524878051169,0.009210654192977919,0.003843598450276232,0.004472165329822953,5.865795820684162e-05,6.486022496808672e-05,5.949780333968589e-05
138.0,0.2036634922556425,0.009226368212833522,0.003829237865980678,0.004439225331544798,5.882343354927827e-05,6.472738475987635e-05,5.954366263839368e-05
139.0,0.2004550072299481,0.00925712376236934,0.003814832330979929,0.0044067894919516,5.865144680850367e-05,6.460132621119459e-05,5.956784762147134e-05
140.0,0.205017342840705,0.009232501106508582,0.003797931480349724,0.004374750002241632,5.893033918611963e-05,6.450998943199108e-05,5.963315843449103e-05
141.0,0.202200833777865,0.009247817294617548,0.003780638185435709,0.004343241377756836,5.875782596242787e-05,6.438418504990789e-05,5.965221073133891e-05
142.0,0.207013521653706,0.009182184918930159,0.003760867918111335,0.004312170785559484,5.89761279983403e-05,6.428101369224631e-05,5.969742661833506e-05
143.0,0.2041131200579317,0.0091704497370337,0.003741060382775556,0.004281527511686253,5.880983432850805e-05,6.416605859189144e-05,5.967999269620888e-05
144.0,0.2085187018308536,0.009152715547024237,0.003720921650487364,0.004251274243617266,5.905512137769735e-05,6.404841416550354e-05,5.968604411801536e-05
145.0,0.2056398312958451,0.009151045930185708,0.003701062111452941,0.004221446326937574,5.885943508498477e-05,6.394556739096842e-05,5.966607088971715e-05
146.0,0.2103336296293576,0.009158172944311822,0.00367998181342007,0.00419200192976052,5.913946229442501e-05,6.392639047210736e-05,5.966568805607074e-05
147.0,0.2074383983077823,0.00915912421201645,0.003658965232008705,0.004162892500255027,5.894006246343899e-05,6.38138377004019e-05,5.967525193382261e-05
148.0,0.2118608439364619,0.009163168063869673,0.003637057338183937,0.004134266980497073,5.927376512848864e-05,6.37637285802655e-05,5.971245200972747e-05
149.0,0.209071888551755,0.009119024675350414,0.003615201206861666,0.004106093903676408,5.903898087581311e-05,6.365993587350222e-05,5.968047046951876e-05
150.0,0.2139150691872138,0.0089433547276689,0.003567262492348785,0.004078411003003545,5.938081377855651e-05,6.36824614301711e-05,5.9714963412475e-05
151.0,0.2109031126612839,0.008824805585364543,0.003524155097067054,0.004051290071081262,5.915924723857551e-05,6.359623301605153e-05,5.971259243921822e-05
152.0,0.213161880734538,0.008672362683571872,0.003484931188388551,0.004024487476533378,5.917155921766989e-05,6.34696314496885e-05,5.967935500207628e-05
153.0,0.2186821943197459,0.008589966486375205,0.003450199878755594,0.003997852371928902,5.969583580895889e-05,6.359054978201358e-05,5.972839176880621e-05
154.0,0.2134068211547048,0.008494095483757283,0.003417803485176119,0.003971527812193247,5.940559792417206e-05,6.353727115069054e-05,5.974689412291874e-05
155.0,0.2148758937497822,0.008450275618901968,0.003388490898049188,0.003945451870499483,5.936667363969937e-05,6.342351963555599e-05,5.972443116650126e-05
156.0,0.2205835696613274,0.008399160880188017,0.003360672766303184,0.003919662683067277,5.973306880971086e-05,6.352892727002089e-05,5.978315605494602e-05
157.0,0.2152639158184745,0.00830951964784789,0.003334691449903171,0.003894060565464417,5.945780407474434e-05,6.347636394436798e-05,5.980463813778139e-05
158.0,0.2170824562282686,0.008247029607461188,0.003309986419938325,0.003868840298862988,5.945529390554918e-05,6.335699135776565e-05,5.977574170820277e-05
159.0,0.2223157669852301,0.008188229214718078,0.003287184330151005,0.003844028702657794,5.99872987304767e-05,6.34497801856349e-05,5.988434039362511e-05
160.0,0.2177238601290765,0.008186905366085821,0.003266244609222656,0.003819597541134762,5.970428492907934e-05,6.342863202851151e-05,5.990424969379429e-05
161.0,0.2196920261323576,0.008139599031139656,0.003245871324014192,0.003795461586726912,5.968135023271785e-05,6.335064215822527e-05,5.987335215274577e-05
162.0,0.2253111659452669,0.008131016619675059,0.003228193825461731,0.003771652587394562,6.012892061344456e-05,6.343073528340925e-05,5.994514830402827e-05
163.0,0.2207764875702889,0.008049290974967725,0.003209314949930681,0.003748151691789576,5.984697219109616e-05,6.344951313746852e-05,5.997285309118338e-05
164.0,0.222437930572045,0.008049684925884839,0.003192800194036369,0.003724973589133502,5.983659480427466e-05,6.339772529777962e-05,5.995585359295457e-05
165.0,0.2279076588973567,0.008021238419176166,0.003178662895633415,0.00370208170286028,6.034130921230795e-05,6.346730412130092e-05,6.002066428474409e-05
166.0,0.222607318127712,0.008005668077887619,0.003165604805736893,0.00367949924977544,6.00467684857737e-05,6.352725699272924e-05,6.005786785650521e-05
167.0,0.2259273404044758,0.008004673610082705,0.003153521813906673,0.003657162505942564,6.034779046264367e-05,6.352905011306799e-05,6.006249469451828e-05
168.0,0.2230772340963905,0.007955649879446244,0.003140982024704684,0.003635179321839034,6.006800522622513e-05,6.353950274148462e-05,6.008246433465339e-05
169.0,0.2280782204992458,0.007955649152324822,0.003131475622478631,0.003613503909843922,6.042555904422815e-05,6.349740711816311e-05,6.007308469738455e-05
170.0,0.2309519021694877,0.008626073003431904,0.00312197115103292,0.003592059076031273,6.016855157035667e-05,6.35460596143006e-05,6.013236277778391e-05
171.0,0.2521406589391972,8.809354480131631,0.005254971589413742,0.003570861596549006,6.061307693987077e-05,6.513697192962918e-05,6.029375554833929e-05
172.0,0.2602214642982673,8.820241645606865,0.1819060977958135,0.003549886417183212,8.950525446986582e-05,8.747130246279212e-05,8.945137445128715e-05
173.0,0.303441081041462,0.4055014637307758,0.07289451424841137,0.003529259453906623,6.962772283766433e-05,7.544584655314422e-05,6.898870952869042e-05
174.0,0.2623403337361033,0.5191310092750278,0.03438830163170284,0.003508867425870795,6.45544059731478e-05,6.982683869291775e-05,6.449731349212357e-05
175.0,0.2590229613627848,0.3897424568452547,0.0151462749273247,0.003488709420669575,6.364568930973977e-05,6.837416480892612e-05,6.368221588664056e-05
176.0,0.2555996768923245,0.3514882842419983,0.009119446507894792,0.003468833056054789,6.266801277900683e-05,6.770250312970865e-05,6.308964272597123e-05
177.0,0.2956044857744176,0.2504774696674145,0.006573123467738139,0.003449191463043185,6.495992472239324e-05,6.84990567764285e-05,6.43292321191114e-05
178.0,0.2614600858723099,0.1162367581419889,0.005193013229560953,0.003429787587666999,6.256239491520411e-05,6.600612777738147e-05,6.251343792101236e-05
179.0,0.2601168911198793,0.06074213669808619,0.004516851313297238,0.003410561972337376,6.236286297670741e-05,6.556237686846345e-05,6.209805368568612e-05
180.0,0.2504498577350946,0.03890589806216173,0.004181515755465039,0.003391559882876311,6.165321146799654e-05,6.507167113747815e-05,6.171964688781631e-05
181.0,0.2672826876705673,0.0256307638793686,0.003917331246412757,0.003372742057540573,6.288688232638397e-05,6.501206471433722e-05,6.156441517572662e-05
182.0,0.249218060098461,0.01914100260751265,0.003770234044193723,0.003354096354173448,6.204168935760339e-05,6.470892700813577e-05,6.132024926002723e-05
183.0,0.2494230534893302,0.01529577130403903,0.003640381690444526,0.003335606052276494,6.22953749165751e-05,6.474297922439085e-05,6.12444645400241e-05
184.0,0.2448323664314472,0.01332007029907526,0.003550321467127372,0.003317392018129541,6.195027982072249e-05,6.458291644295256e-05,6.114003673808247e-05
185.0,0.2512205222592383,0.01188417541561969,0.003480047003682761,0.003299286454772989,6.255522785657577e-05,6.443824593055818e-05,6.099941834112664e-05
186.0,0.2444775034673361,0.01112522789854092,0.003437939111769132,0.003281376590329643,6.21804999782617e-05,6.44040421163477e-05,6.098877457147711e-05
187.0,0.2483253882483551,0.01049980925689616,0.003401060930507208,0.003263589885898864,6.262524775407785e-05,6.426048854047393e-05,6.09034002618552e-05
188.0,0.2435248580733105,0.01010355581829604,0.003373380979375123,0.003245974868673591,6.230761857712844e-05,6.412837836820979e-05,6.085770242363909e-05
189.0,0.24840411948083,0.0098441415740381,0.003352340733979592,0.003228622131151667,6.273015390118198e-05,6.394795296864036e-05,6.073150349380515e-05
190.0,0.2443350595385824,0.009458754809674947,0.003308219445499675,0.003211434653231717,6.2479173945956e-05,6.386581562246034e-05,6.076377035975437e-05
191.0,0.2480487440767648,0.009179094976160982,0.003268997280755234,0.003194439443474955,6.297013083166106e-05,6.373781173444526e-05,6.074804030228519e-05
192.0,0.2443082579849432,0.008901502104558114,0.003232017000416974,0.003177611753170985,6.272743271973266e-05,6.365852386042255e-05,6.076269818965674e-05
193.0,0.2486981255704915,0.008698656097365106,0.003200689804957411,0.003160949410676735,6.32412906067895e-05,6.357753456967445e-05,6.075755344489102e-05
194.0,0.2454915358021068,0.008584344407773075,0.003173378028264824,0.00314448467672855,6.302629244158481e-05,6.352203208549986e-05,6.079414221609175e-05
195.0,0.2493282364360865,0.008423418111374224,0.00314542135330556,0.003128242333491079,6.353379722134987e-05,6.332547704495324e-05,6.076193742671568e-05
196.0,0.2461143345555783,0.008291907482046309,0.00312117312929077,0.003112231943656711,6.33368531937332e-05,6.328017614562257e-05,6.079453853772899e-05
197.0,0.2510847030936362,0.008183870017889781,0.0030997543659507,0.003096426198650677,6.386025004244083e-05,6.315733767666115e-05,6.079321564880213e-05
198.0,0.2481053109459047,0.008084632093509559,0.003080130239800134,0.003080801939964025,6.365607264087932e-05,6.313734509350217e-05,6.085322105299765e-05
199.0,0.2526136671328426,0.007994055835157242,0.003063198521797997,0.003065323745207205,6.417750335979592e-05,6.302670159497e-05,6.08666182896441e-05
200.0,0.2494741582857649,0.00793249939247875,0.00304910892150684,0.003049990601656593,6.3967742257183e-05,6.300121662139164e-05,6.090478000719268e-05
201.0,0.2542490536911018,0.007866028937496206,0.003035799399182303,0.003034782625122568,6.449605171960001e-05,6.292085324977204e-05,6.090299374290577e-05
202.0,0.2510743787467192,0.00779473775301997,0.003024228247634481,0.003019726202487649,6.42880754037464e-05,6.291339549596527e-05,6.094260865666642e-05
203.0,0.2548069800286901,0.007734231066188806,0.003013549240607585,0.003004805195125017,6.475790822754392e-05,6.28086058097558e-05,6.091253007281801e-05
204.0,0.2521474233112754,0.007702175008535289,0.003003521085254611,0.002990001068858298,6.457489163433281e-05,6.280959969895789e-05,6.094852161147115e-05
205.0,0.2569353502937906,0.007656453117938795,0.002994658205128447,0.002975395740156014,6.510615923155264e-05,6.27601504028969e-05,6.09670278746661e-05
206.0,0.2546617492170789,0.007612581782650444,0.002987101714011137,0.002960988542243557,6.492767161565008e-05,6.27909522353331e-05,6.099478968197334e-05
207.0,0.2593934081426957,0.007606959209650253,0.002979524078958505,0.002946663878756105,6.546682994555086e-05,6.272647676823856e-05,6.102046415820851e-05
208.0,0.2566524475330893,0.007570257584191052,0.002972499321663984,0.002932478311461663,6.526939722526494e-05,6.277465887389727e-05,6.10221754398727e-05
209.0,0.2611894247850706,0.00755007520168539,0.0029659666992659,0.002918404042836333,6.578537666410928e-05,6.271988397769467e-05,6.104416562509648e-05
210.0,0.2584974110106701,0.007524794112045161,0.002959450235648071,0.00290444367566978,6.563785946446379e-05,6.276379181982234e-05,6.106382575338254e-05
211.0,0.2626828991846293,0.007499400840256991,0.002953241165055779,0.002890574284443486,6.617339813637248e-05,6.272245036685107e-05,6.109369734855467e-05
212.0,0.2601457427966188,0.007461792203443731,0.002947266155219245,0.002876897342507307,6.602041883328993e-05,6.27744576247687e-05,6.111198200179004e-05
213.0,0.2651452515797548,0.007406394524898085,0.002940494529852178,0.002863409246073064,6.65346163828698e-05,6.269665063954696e-05,6.109534103912585e-05
214.0,0.2631188114606102,0.007368823162534212,0.002934735509306749,0.002850038197800891,6.640253108010029e-05,6.27322955282642e-05,6.117317162645693e-05
215.0,0.267084821186103,0.007342774820020624,0.002928012557481487,0.002836764438172007,6.693250313951383e-05,6.261360850397676e-05,6.122950336713101e-05
216.0,0.2641977545031526,0.007310161451120557,0.002921939605658167,0.002823547766110379,6.679569017419007e-05,6.263062704276437e-05,6.126825373575865e-05
217.0,0.2688987687995244,0.00727983617877383,0.002914881734960303,0.002810473223884793,6.73036687497019e-05,6.258112633505634e-05,6.133179726849635e-05
218.0,0.2661809285791761,0.007242903373994294,0.002909830901280188,0.002797550122467932,6.720064528501655e-05,6.261051044835675e-05,6.136616754968632e-05
219.0,0.2702745764599993,0.007189891305499243,0.0029041267811299,0.002784711741015189,6.766491741854077e-05,6.24744225432774e-05,6.136423492920988e-05
220.0,0.2686157088733429,0.007176538037142689,0.002899980475911427,0.00277196943258805,6.757388909959935e-05,6.253267488811488e-05,6.13990459521173e-05
221.0,0.2733752125156426,0.00729417525086102,0.002894706496782361,0.002759334707249176,6.806448847760653e-05,6.250475473012525e-05,6.145396546011167e-05
222.0,0.2703197687379897,0.007491283969346754,0.002892370914390757,0.002747023025368567,6.798230183131209e-05,6.265456380126148e-05,6.155666454474067e-05
223.0,0.2760495269584991,0.007423716468336921,0.002886427923920172,0.002734791085198703,6.847935790966868e-05,6.243126705532734e-05,6.160895394166395e-05
224.0,0.2718133651096259,0.007139457381899425,0.002881031508234076,0.002722588165284267,6.833309049202514e-05,6.245648783131756e-05,6.161460577359876e-05
225.0,0.2758583435977233,0.00702032568687672,0.002874193949962866,0.002710296292257396,6.879220209944204e-05,6.232099312342971e-05,6.169639087612517e-05
226.0,0.2732624669053094,0.006996633202379443,0.002869179343026103,0.002698084485036743,6.870760713861535e-05,6.23742510783238e-05,6.172099972668384e-05
227.0,0.2772749827466203,0.006970024871405383,0.002863922992397611,0.002685896472109501,6.9164085061235e-05,6.223679131032164e-05,6.182345267550526e-05
228.0,0.2743902437767148,0.006919995420314073,0.002859642875547711,0.002673874082913598,6.905737797246631e-05,6.226725954518457e-05,6.18002121569124e-05
229.0,0.2788340192191497,0.006901416988025572,0.002854366380228334,0.002662062235956238,6.946709975970401e-05,6.212418780590508e-05,6.189028715542846e-05
230.0,0.276215888540745,0.0068801033300898,0.002850350513007385,0.00265049548469044,6.938201409190143e-05,6.219700559557578e-05,6.189228055430124e-05
231.0,0.2798368460488426,0.006836088765764295,0.002845236882668423,0.002638960103794689,6.984570414938135e-05,6.209218589016298e-05,6.199739858062702e-05
232.0,0.2773335845555492,0.006829388543057963,0.002842124310172443,0.002627613363209048,6.976204925908887e-05,6.213443574987988e-05,6.20183071851773e-05
233.0,0.2819824974156238,0.006808363192370918,0.002836024581124664,0.002616278214531109,7.019317193678948e-05,6.201364160808684e-05,6.212636525958374e-05
234.0,0.2792317981365816,0.006788043664158219,0.00283167628895552,0.00260509503066515,7.014279407955888e-05,6.20833012877268e-05,6.212257876182544e-05
235.0,0.2832840946542998,0.006763535000572014,0.002826103191813146,0.002593940015486888,7.05476782225108e-05,6.196475519951056e-05,6.22162309331651e-05
236.0,0.2811284001522388,0.006772013005129677,0.002822478385516369,0.002582934744279379,7.048163248876909e-05,6.19987250671317e-05,6.2190864795413e-05
237.0,0.2856641558419488,0.006724519993505594,0.002815902764379533,0.002571954380319605,7.087974483196128e-05,6.18839507809423e-05,6.22910117442132e-05
238.0,0.2827815173016889,0.006711862238313266,0.002811422130038314,0.00256116551873527,7.084771964349967e-05,6.193303621759418e-05,6.226701114350325e-05
239.0,0.2867999318271326,0.006702717357697486,0.002806135699984045,0.002550367716617237,7.124189328999807e-05,6.176654867502701e-05,6.237204822129583e-05
240.0,0.2841321017351185,0.006684212516563218,0.002802501775594275,0.002539756697889787,7.119746971865499e-05,6.182287101152544e-05,6.230114810715389e-05
241.0,0.2884405412821061,0.006661691424675915,0.002796696429515083,0.002529150979000429,7.156085651588219e-05,6.168783405197941e-05,6.24150310468685e-05
242.0,0.2853902020862852,0.006650516739318857,0.002792367862662558,0.002518689756850903,7.153960692445767e-05,6.175029836696507e-05,6.233955494286991e-05
243.0,0.2897088877245878,0.006640472630566045,0.002786595524405535,0.002508229611172363,7.194207438496655e-05,6.165441820355012e-05,6.249882917374144e-05
244.0,0.2870790680008423,0.006632798519592554,0.002782593782506102,0.002497938921880104,7.192846379525969e-05,6.172151576756707e-05,6.240206948580292e-05
245.0,0.2913687269828838,0.006601109381502227,0.002776580923267603,0.002487663478189641,7.223227729312704e-05,6.158615176579523e-05,6.25432874080412e-05
246.0,0.2888299537348607,0.006575799045226781,0.002771604512619127,0.00247757665137857,7.220226461692719e-05,6.165004400699047e-05,6.244792524920576e-05
247.0,0.2930723659436246,0.006554599630948257,0.00276519252591084,0.002467517124564607,7.249514639113816e-05,6.156036992268671e-05,6.256020600768834e-05
248.0,0.2906241548951544,0.006539983295423602,0.002760719791609819,0.002457652522904539,7.24790844077355e-05,6.159854051963181e-05,6.244900945864085e-05
249.0,0.2946984253061173,0.006529273368286725,0.002754554001306574,0.002447795724349674,7.275765985825908e-05,6.146998172946435e-05,6.257523425229865e-05
250.0,0.2919288539461927,0.006509408663283436,0.002749243343453956,0.002438117712682916,7.276552819165522e-05,6.152432141306965e-05,6.246471932060014e-05
251.0,0.2963595894968992,0.006482135034389692,0.002742709602920272,0.002428423891978577,7.302681460169082e-05,6.142470825555737e-05,6.26411376125066e-05
252.0,0.2943201079402257,0.006477210158206959,0.002737900706593725,0.002418850950339009,7.305243149461492e-05,6.148687873097384e-05,6.255178763013259e-05
253.0,0.2990318639434278,0.006460481096880862,0.002731030066190577,0.002409227591717364,7.331782888195087e-05,6.138536725667307e-05,6.27949100287018e-05
254.0,0.2961108111611876,0.006446515191900291,0.002725505905288095,0.00239972976787831,7.332843804144573e-05,6.142985155013454e-05,6.267681651504311e-05
255.0,0.3002554929503634,0.006449966090957399,0.002718512183983871,0.002390189523893421,7.353972648895706e-05,6.134263139174166e-05,6.286824268786517e-05
256.0,0.2979233927632113,0.00645226710978046,0.002714142886046207,0.002380793730395296,7.356681550576957e-05,6.135045258547462e-05,6.276511020697163e-05
257.0,0.3025763063670115,0.006390922171502043,0.00270726595752078,0.0023713985435221,7.37426375500483e-05,6.125153812605155e-05,6.30123804895633e-05
258.0,0.3003568411301995,0.006369422421911124,0.002702243501484517,0.002362152156951273,7.37738198965321e-05,6.130433143597713e-05,6.291465002367181e-05
259.0,0.305087437035128,0.006371817167138088,0.002696400019804018,0.002352913934810115,7.394209743883928e-05,6.119677133452476e-05,6.318686887481306e-05
260.0,0.3022160703320844,0.006365431003015251,0.002691864896079718,0.002343830618233537,7.399788955463956e-05,6.125822211070333e-05,6.306961713805564e-05
261.0,0.3066747817379977,0.006348023149971509,0.0026860263289737,0.002334772889299245,7.410491812891497e-05,6.116848528912607e-05,6.333557190369258e-05
262.0,0.3036025422174527,0.006342201713223149,0.002682510889811776,0.002325878206136945,7.417090249077794e-05,6.120704967186204e-05,6.322451783052313e-05
263.0,0.3076940911496282,0.00633301746361273,0.002677014824022421,0.002316981680981571,7.426084942836618e-05,6.11126527803203e-05,6.350091763135602e-05
264.0,0.3051625115056747,0.00631929203533628,0.002673240722859392,0.002308216863021427,7.430296027088198e-05,6.115164750070404e-05,6.336914176520481e-05
265.0,0.3093528444350629,0.006315677972965625,0.002668676757610019,0.002299457960983281,7.441025293109548e-05,6.107144497218864e-05,6.3662840560275e-05
266.0,0.3069424299732887,0.006296769138855269,0.002665340729355036,0.002290817107980546,7.445654100496294e-05,6.113009090578712e-05,6.351360861246483e-05
267.0,0.3113304455502444,0.006296291633689384,0.002660844276151249,0.002282166109252701,7.456225768484232e-05,6.106752490581497e-05,6.382985733975515e-05
268.0,0.3084866558185059,0.006279268652074484,0.002657153285848239,0.00227361313785645,7.463781562998e-05,6.11156172840764e-05,6.369160507171472e-05
269.0,0.3117210174748449,0.006274880144476926,0.002653495942343673,0.002265158549465175,7.467098440238802e-05,6.106252468079212e-05,6.376640010604e-05
270.0,0.3158100185587461,0.006274460868511189,0.00264873892106632,0.002256702558920673,7.474022515069019e-05,6.098829066252947e-05,6.413045210058926e-05
271.0,0.3108210975873403,0.006270056034442868,0.002646050483724088,0.002248359634574232,7.484953975174735e-05,6.105163799096662e-05,6.397042651847118e-05
272.0,0.3139660604884725,0.006266239730125661,0.002642183886198814,0.002240094099564545,7.485456891511968e-05,6.102089906277354e-05,6.403343702708126e-05
273.0,0.3181009513063959,0.006259011335105422,0.002637532902616799,0.002231830914973758,7.4912290641707e-05,6.096557103182606e-05,6.441299873797685e-05
274.0,0.3138281007269763,0.006258793894236463,0.00263432752931804,0.002223671358995254,7.50465138832224e-05,6.101985521699944e-05,6.421743274554481e-05
275.0,0.3167070992170926,0.006259705163106368,0.002630461575869276,0.002215591847754545,7.504467187692157e-05,6.097914073747672e-05,6.42896175307089e-05
276.0,0.3204221202334624,0.006252506057376424,0.002625748239513323,0.002207499050448417,7.510109260386091e-05,6.091384420371494e-05,6.466812727705767e-05
277.0,0.3158284603985118,0.006257098481481249,0.002622923893475422,0.002199473126494371,7.522333987212646e-05,6.096703338177181e-05,6.446551541502767e-05
278.0,0.3189529479088565,0.006251063397812507,0.002619296844130921,0.002191557434913429,7.521165609630484e-05,6.096117411775307e-05,6.45334903217718e-05
279.0,0.3230528097298584,0.00624648222639611,0.002614590511120013,0.002183571330827314,7.522895947282039e-05,6.091037653102243e-05,6.498610523231309e-05
280.0,0.3181330872694794,0.00624204512766229,0.002611294367135516,0.002175680859223539,7.537941779253746e-05,6.097667000193315e-05,6.47561373195897e-05
281.0,0.321073029110009,0.006235913247363476,0.002607275811632902,0.00216793918327153,7.534745845071495e-05,6.097010255364203e-05,6.481980802866108e-05
282.0,0.3248769503470365,0.006236603383531204,0.002602655893232484,0.002160191625258106,7.530947508753673e-05,6.091948928314938e-05,6.52907367089063e-05
283.0,0.3199788739326889,0.00621689180537287,0.002598778261040614,0.002152541891887394,7.544972537693299e-05,6.09826473105726e-05,6.5038670220086e-05
284.0,0.3227194661878818,0.006211020194551685,0.002594900518677894,0.002144934846100084,7.540224042162459e-05,6.097847351092221e-05,6.508235390806702e-05
285.0,0.3269252252217104,0.00619169837813014,0.002590701517680977,0.002137280200829314,7.535768158781107e-05,6.097207377347532e-05,6.556026445099118e-05
286.0,0.3222551855797868,0.006191865820670239,0.002588236316621907,0.002129724813974548,7.550289270579496e-05,6.103311985244964e-05,6.529742715692408e-05
287.0,0.3255769602384895,0.006201769019555297,0.00258554909397687,0.002122204236397601,7.545109911590866e-05,6.103499157956784e-05,6.534754236425133e-05
288.0,0.328816315000893,0.006193590887925727,0.002581541607107806,0.002114642865605973,7.534223084318673e-05,6.102467528527705e-05,6.577567714636461e-05
289.0,0.3237122263744659,0.006180906134070942,0.002578551098116512,0.002107218166949735,7.550842452978746e-05,6.107387239115159e-05,6.547914220586006e-05
290.0,0.3268094892616638,0.006170211486703631,0.002575047324984338,0.002099948003295993,7.545215783053554e-05,6.105694146178832e-05,6.551057826590627e-05
291.0,0.3308781125665088,0.006178958661266531,0.00257167991670188,0.002092660567748102,7.534308166067272e-05,6.102150714223107e-05,6.597171945675914e-05
292.0,0.3256069900592121,0.006171749910967273,0.002569016124647452,0.002085470847404669,7.55233295790026e-05,6.105931553955481e-05,6.568322949231263e-05
293.0,0.3286607271199493,0.006179847417606143,0.002566510770229796,0.002078416706041507,7.545963193674105e-05,6.105953626262129e-05,6.574753855795968e-05
294.0,0.3328640979373895,0.006171057419635342,0.002563429497447968,0.00207133269167836,7.537700307323312e-05,6.105173262623222e-05,6.623353333373093e-05
295.0,0.3277789586003177,0.006180184840103806,0.002561790184606058,0.002064336805969859,7.553808330367676e-05,6.109014541963979e-05,6.593922713642074e-05
296.0,0.3304872691208903,0.006160124708136928,0.002558767003475149,0.002057406915948589,7.544363553151106e-05,6.106077637029148e-05,6.59939551069972e-05
297.0,0.33326377703948,0.006176113101126132,0.00255600773460921,0.002050515419731319,7.537623458606026e-05,6.105861850519033e-05,6.611746957820468e-05
298.0,0.3341484899626584,0.006163178037986022,0.002553051974832173,0.002043668613935504,7.535214896279787e-05,6.10420384572687e-05,6.621499595676416e-05
299.0,0.3348142217873076,0.006165672620007829,0.002550704426905318,0.002036864219197564,7.532724666184547e-05,6.102294947007178e-05,6.630958927427847e-05
300.0,0.3352709642005945,0.00615354249962542,0.002548046530775377,0.002030098671668703,7.53139327436147e-05,6.101250000210464e-05,6.641179015168511e-05
301.0,0.335461316905907,0.006147675379657028,0.002545682305415285,0.002023331516317829,7.528546372838543e-05,6.099029682148908e-05,6.649808269255934e-05
302.0,0.335863957085623,0.006144398230593035,0.002543609113254733,0.0020165535247039,7.526228673737129e-05,6.09671048672125e-05,6.660924665875666e-05
303.0,0.3363613804065805,0.006142073536242785,0.002541988553497436,0.00200978167139337,7.525411392480463e-05,6.095289586612541e-05,6.672258416506951e-05
304.0,0.3365195110446182,0.006149292273960996,0.002540328494271688,0.002003117162707911,7.522464016205711e-05,6.095494635081652e-05,6.681570268806606e-05
305.0,0.337049089592394,0.006166462487139239,0.002539031041844057,0.001996523552852048,7.518227706880648e-05,6.093626156390445e-05,6.690148472276173e-05
306.0,0.3379814038581861,0.006173962604785101,0.002537956494051545,0.001989975040890953,7.516168328720226e-05,6.092222200687028e-05,6.704332956456425e-05
307.0,0.3385942189896406,0.006166050756415144,0.002537035974377095,0.001983468349877281,7.515762528168979e-05,6.091904427437478e-05,6.717295873362381e-05
308.0,0.3391610584362071,0.006174479521476989,0.002536534781846578,0.001977000067602448,7.513348653344697e-05,6.091184977376108e-05,6.730584463511145e-05
309.0,0.3396025627117069,0.00617279199151819,0.002536093432584515,0.001970558109181376,7.509537166520695e-05,6.090469227895692e-05,6.74418521331911e-05
310.0,0.3400279240689281,0.006169764520544622,0.002535384452733252,0.001964146539149493,7.505702868150086e-05,6.090505008574118e-05,6.756223008499462e-05
311.0,0.3407415693937813,0.006185495586614967,0.002534992726497487,0.001957755509499661,7.503873060383742e-05,6.090854782482557e-05,6.771878255272656e-05
312.0,0.3414628045866946,0.006190625480846253,0.00253487240521841,0.001951391181658215,7.500084152008123e-05,6.092982647161748e-05,6.786038182193032e-05
313.0,0.3419208462685711,0.006191246836498685,0.002534446053196759,0.001945090371745439,7.494812641810725e-05,6.093095708543961e-05,6.798285292885247e-05
314.0,0.3429522045084581,0.006199549412705273,0.002534202424412876,0.00193882863887032,7.489922622906832e-05,6.094085181339574e-05,6.811167817671699e-05
315.0,0.3441362287669631,0.006202618875448743,0.002533728883044696,0.001932626702914004,7.48386219666477e-05,6.093586338568897e-05,6.824181958219519e-05
316.0,0.3443616274901061,0.006220945687265392,0.002533658679334823,0.001926467951224983,7.47978405379899e-05,6.096955995376387e-05,6.836678062060756e-05
317.0,0.3452250591826962,0.006237221585795919,0.002533915049270411,0.001920352816911915,7.474928960316038e-05,6.097603089348965e-05,6.851177382799263e-05
318.0,0.3457539575197012,0.006247610712962012,0.002533869757126078,0.001914275931001343,7.467891653496358e-05,6.097682908351512e-05,6.862583394549628e-05
319.0,0.3465191526308395,0.006241713347715218,0.002533799975836198,0.001908223920476926,7.462661339238434e-05,6.098886506626865e-05,6.873987496869359e-05
320.0,0.3471265878487647,0.006236494601452886,0.002533887751864592,0.001902245533846941,7.458883735790206e-05,6.10268947214671e-05,6.885849347956232e-05
321.0,0.3481875586078739,0.006245697908277779,0.002533766537349942,0.001896307245781042,7.456186597580859e-05,6.103594400332176e-05,6.901013553685899e-05
322.0,0.3490621203274645,0.00626202201830414,0.002533896228498193,0.00189040945281372,7.450615531465915e-05,6.107035826541475e-05,6.915856408748093e-05
323.0,0.3499917287549077,0.00626457111555547,0.002533529527945141,0.001884560960541096,7.448416813757052e-05,6.110561552177472e-05,6.930592605740898e-05
324.0,0.350634849186801,0.00627612130766977,0.002533560472822229,0.001878751271847458,7.440859712744799e-05,6.112672261149577e-05,6.945004241717536e-05
325.0,0.3514795940597376,0.006272990457994643,0.002533212714591146,0.001872987113109928,7.436633938582371e-05,6.116297724894882e-05,6.959887272423451e-05
326.0,0.3524326895040417,0.006280701305620608,0.00253264006908964,0.001867275868233085,7.429959370771042e-05,6.120468295753543e-05,6.973717906506953e-05
327.0,0.3529642330202278,0.006295542997541152,0.00253300084301707,0.001861605399990211,7.422318684626278e-05,6.121764944842972e-05,6.987302357213239e-05
328.0,0.3538460418936781,0.006288269631442082,0.002532680006872469,0.001855975862402938,7.416017033201658e-05,6.124555102575161e-05,7.00135128849167e-05
329.0,0.3542724603045792,0.006301856168366566,0.002532725460118698,0.001850373468301842,7.410325846703942e-05,6.12718678808688e-05,7.015480165548298e-05
330.0,0.3550783492813246,0.006307038551291061,0.002532691843463467,0.001844778990575547,7.399779859372488e-05,6.127919558915164e-05,7.028517868783033e-05
331.0,0.3553957950534392,0.006313353524889995,0.002532651425382477,0.001839218519380942,7.391825702584042e-05,6.12888856097989e-05,7.041946374175281e-05
332.0,0.3564479856063666,0.006303963915563117,0.00253224262383409,0.001833665526207578,7.382876141629313e-05,6.131551746743041e-05,7.055339634780976e-05
333.0,0.3569258019508068,0.006314246095599264,0.002532344894208494,0.00182817056587755,7.372505286878868e-05,6.132136673535944e-05,7.069556717367947e-05
334.0,0.3576932379288086,0.006315311281862442,0.002532351986423772,0.001822707345352228,7.362789379804639e-05,6.134806757027957e-05,7.082720694917204e-05
335.0,0.3580485782595184,0.006333438478595603,0.002532759376037856,0.001817291896407759,7.348484122646757e-05,6.134079733731657e-05,7.092640738555379e-05
336.0,0.3587260383180101,0.006335993869916046,0.002532703130610714,0.001811894295631456,7.335088776912292e-05,6.132536003147772e-05,7.101819115748432e-05
337.0,0.3594627407364911,0.006343289844126646,0.002532741730159781,0.001806537556497452,7.321979825121306e-05,6.130769457097588e-05,7.111510519832986e-05
338.0,0.3603941799549317,0.006356756254067541,0.002533285992266957,0.001801187168054799,7.307225239992139e-05,6.130024059407361e-05,7.121755571146828e-05
339.0,0.3610341883799316,0.006375667905910014,0.002533873514836145,0.001795893601630161,7.291215999286329e-05,6.129637856045566e-05,7.131766432785298e-05
340.0,0.3615011721701832,0.006382254237289086,0.002534208870907322,0.001790616415664482,7.276305345894133e-05,6.129735966305518e-05,7.138779300647743e-05
341.0,0.3618212893123409,0.006386265894810272,0.002534754605304907,0.001785380178514914,7.260808795270085e-05,6.127812588230476e-05,7.149721911169398e-05
342.0,0.3622403770498143,0.00640043658692895,0.0025354810965715,0.001780163294548183,7.243562577771417e-05,6.127049665286845e-05,7.159449671794841e-05
343.0,0.3628337246388449,0.006392724291482749,0.00253586147300219,0.00177499709899896,7.227456774523402e-05,6.125738812582213e-05,7.169882863648074e-05
344.0,0.3631837358972096,0.006393846355198406,0.002536030846384388,0.001769854275172973,7.209237079793602e-05,6.126762260048646e-05,7.179518035426071e-05
345.0,0.3636056592753558,0.006402471079083649,0.002536478085873891,0.001764704673380955,7.191818744773532e-05,6.126282223968087e-05,7.189523674001212e-05
346.0,0.3637577953798017,0.006426329826295232,0.002536875902103128,0.001759619256827849,7.173407662982847e-05,6.125361182761112e-05,7.197982611948083e-05
347.0,0.3641155269869726,0.006419146123127541,0.002536662070113033,0.001754572114408614,7.156575040820489e-05,6.125078366864636e-05,7.205735173054518e-05
348.0,0.364750388312748,0.006401148895428282,0.002536311313280735,0.00174953508319469,7.138303777587817e-05,6.125323952781378e-05,7.215590677433752e-05
349.0,0.3653436187716824,0.006418231900072522,0.002536426453578524,0.001744562957115548,7.118769422788061e-05,6.124937880204761e-05,7.22495248813139e-05
350.0,0.365606873337167,0.006420050685412396,0.002535926073985846,0.001739579501881731,7.098518961931877e-05,6.125047475668248e-05,7.235560212346783e-05
351.0,0.3658058266406422,0.006433623464046045,0.002535642070412382,0.001734636597629783,7.07926597526546e-05,6.126463295543863e-05,7.244620915848306e-05
352.0,0.3660580051568993,0.006429932369764166,0.002535457921005221,0.001729692150444439,7.057732683653746e-05,6.125603107365382e-05,7.254144478522393e-05
353.0,0.3661320663179655,0.006417315079416615,0.002534642026244701,0.00172479547531537,7.035498227722863e-05,6.126712966049172e-05,7.263122647805897e-05
354.0,0.3662217197768812,0.006420406583799017,0.002534111480360771,0.001719912344212565,7.013071920520538e-05,6.125583053352422e-05,7.272330161041786e-05
355.0,0.3668190789509554,0.006424164887523138,0.002533291411050376,0.001715071752017937,6.99006440971328e-05,6.124444546127342e-05,7.280457844650097e-05
356.0,0.3667796523889265,0.006436641897547357,0.002532147655396095,0.001710245008384299,6.965920505272872e-05,6.12314455079569e-05,7.290140186742517e-05
357.0,0.3666053463048155,0.006432369166378037,0.002530762150227399,0.001705455405694695,6.94355056155334e-05,6.124078356814393e-05,7.296616129717563e-05
358.0,0.3670193740682032,0.006438121032743668,0.002529395670635062,0.001700673409569608,6.92009357037651e-05,6.12432686183282e-05,7.304218453889013e-05
359.0,0.3671690269721435,0.006441916045421177,0.002528290331303488,0.001695935019788539,6.896860143520652e-05,6.121625710283844e-05,7.310216367986108e-05
360.0,0.3674848348984865,0.006431823179054186,0.002526442980744625,0.001691205028725584,6.869481710447199e-05,6.119410266224933e-05,7.31851167422079e-05
361.0,0.3674215504519774,0.006444971460031969,0.002524865027591445,0.001686499068555313,6.841965412910276e-05,6.11804474168854e-05,7.323419808015362e-05
362.0,0.3672285901411245,0.006436460726968957,0.00252266722710347,0.001681805968392954,6.816216836049106e-05,6.118767803007207e-05,7.326987412189454e-05
363.0,0.3669762389678259,0.006418943977702903,0.002520529363761402,0.001677153031342071,6.78988456255891e-05,6.116083111283557e-05,7.331337769282844e-05
364.0,0.3670682145100116,0.006411748682449758,0.002518356417826351,0.001672507301320364,6.76553769124098e-05,6.114549598571894e-05,7.337099770780298e-05
365.0,0.3672313413811517,0.006391788464562746,0.002516330589200939,0.00166788995283071,6.739844987747892e-05,6.112131423662418e-05,7.341181263244718e-05
366.0,0.3670151997932879,0.006395409673610657,0.002514421529092079,0.001663286070134292,6.717613341915194e-05,6.1098794986563e-05,7.343995863101058e-05
367.0,0.3670666942685561,0.006384957208690072,0.002512249655867887,0.001658733651364174,6.692738986331767e-05,6.106817907371745e-05,7.346204683006985e-05
368.0,0.3671641100515182,0.006371171565850191,0.002509427681360009,0.001654211599920151,6.669439499470347e-05,6.105970052410948e-05,7.350540356051322e-05
369.0,0.3673447192391766,0.006366879983203482,0.002507103571812667,0.001649716688790589,6.649416854059397e-05,6.105403754437835e-05,7.35319420942099e-05
370.0,0.3674059601407563,0.006361459696569811,0.002505296249851871,0.00164522466748304,6.627080033917555e-05,6.104937930572405e-05,7.356581386307136e-05
371.0,0.3671948909633497,0.006357796057354126,0.002503096070435325,0.001640777476281745,6.606289289895939e-05,6.1020211764387e-05,7.3604103313902e-05
372.0,0.3670525339190573,0.006350156041859042,0.002501030556905957,0.001636343232364185,6.586463394077145e-05,6.102801609563453e-05,7.360469817697922e-05
373.0,0.3668138496449747,0.006338615175240983,0.002498690495719216,0.001631961230135685,6.566612351983068e-05,6.100927940531719e-05,7.36254979375858e-05
374.0,0.3667079632209342,0.006318421541616556,0.002495873456647433,0.001627582249052368,6.545978120952074e-05,6.099499273799948e-05,7.364889032676436e-05
375.0,0.3663381871158021,0.006287397888835837,0.002493130667205857,0.001623242214370899,6.528753926402485e-05,6.098380587119152e-05,7.367591065641263e-05
376.0,0.3660850342819666,0.006275158831639572,0.002490563709204086,0.001618920605012003,6.511416707752017e-05,6.096669026799815e-05,7.367742585105443e-05
377.0,0.365840159072384,0.006276353598031574,0.002488259572482476,0.001614652602114123,6.493874990707587e-05,6.094920380987277e-05,7.368245649883784e-05
378.0,0.3654762165830571,0.006265655509440128,0.002485152849591362,0.001610382754239705,6.476801406897442e-05,6.094082856209805e-05,7.368413895491753e-05
379.0,0.3655121234197658,0.006265718862944826,0.002482112930017749,0.001606159019118526,6.459750306977357e-05,6.092439141783112e-05,7.36708614213972e-05
380.0,0.3652584590867181,0.006266081449360478,0.002479359161785285,0.001601931366955885,6.445618532783395e-05,6.092218611042359e-05,7.367196494448516e-05
381.0,0.3647914937806752,0.006243468508954281,0.002476242906856179,0.00159776527133578,6.430916001253764e-05,6.091979526631679e-05,7.36503070003796e-05
382.0,0.3645231105479238,0.006220125517556878,0.002472920441801447,0.001593599647485749,6.416886372320102e-05,6.089791704273055e-05,7.36391952861155e-05
383.0,0.3645428235184649,0.006222868282830848,0.00246964944531589,0.001589499800247414,6.402911729752939e-05,6.08887587915344e-05,7.364552508803778e-05
384.0,0.3639640891927692,0.006222523406208557,0.002466532617462388,0.001585401038196649,6.390339044508043e-05,6.089392210838908e-05,7.365163890066919e-05
385.0,0.3638078577511552,0.006186269070812581,0.002462713582812235,0.001581362188279345,6.376123271037402e-05,6.089187376507698e-05,7.363466418012857e-05
386.0,0.3636858167050457,0.00619341854262402,0.002459249922142385,0.001577313488736828,6.365270627587325e-05,6.088051926944589e-05,7.364029392295374e-05
387.0,0.3635830389736664,0.006181213185478512,0.002455272023585763,0.001573321979074763,6.352446804041324e-05,6.086173835347477e-05,7.362951059555197e-05
388.0,0.3631361019603108,0.006174596530744991,0.002451406916053283,0.001569319721802356,6.339867256631027e-05,6.086876840282608e-05,7.363297208203274e-05
389.0,0.3630554051628941,0.006153703268044478,0.002447383920595657,0.001565366252873949,6.328204075734007e-05,6.086310504513773e-05,7.361962890289927e-05
390.0,0.3628438782036242,0.00615792632361207,0.002443494865242155,0.001561420597125044,6.317591636237208e-05,6.086112307766642e-05,7.36168849784649e-05
391.0,0.3630343178196032,0.006142201871108983,0.002439103199199982,0.001557517242731764,6.309050589277515e-05,6.085370956096272e-05,7.36148787913438e-05
392.0,0.363133073411995,0.006131826198092639,0.002435301047096818,0.001553617522188823,6.300199843560415e-05,6.085559230551124e-05,7.361184788691358e-05
393.0,0.3632229101863598,0.00610969700403158,0.002431137773569456,0.001549766464039743,6.289951992942259e-05,6.083523938168734e-05,7.359960189309157e-05
394.0,0.3630443457460729,0.006098889314063248,0.002427185154557177,0.001545918535129481,6.28205837485465e-05,6.082445036825509e-05,7.358863269295886e-05
395.0,0.3630044460396734,0.006087375391604453,0.002423360323606863,0.001542109818874277,6.274275790974858e-05,6.082504475125225e-05,7.358485716803428e-05
396.0,0.3628755542103735,0.006086900732978196,0.002420111346765713,0.00153826539090442,6.265395486273032e-05,6.081121681597773e-05,7.357217189541958e-05
397.0,0.3627170331383491,0.006082878994980796,0.002417101218468452,0.001534438100115332,6.258841637090438e-05,6.07995488775013e-05,7.354200152185078e-05
398.0,0.3626787750588524,0.006084967593016833,0.002413912848706331,0.001530614599371981,6.251815642263541e-05,6.079108207418247e-05,7.352146788494234e-05
399.0,0.3625888733611082,0.006084153941228919,0.00241115085747875,0.001526830148344249,6.244395976415986e-05,6.077986889891447e-05,7.349852419387008e-05
400.0,0.3624600141777105,0.006084381645312067,0.00240864677795755,0.001523059275560918,6.23789891306492e-05,6.07622942239436e-05,7.347070603837029e-05
401.0,0.3624280262619671,0.006057292098178032,0.002405751922583474,0.001519347482765646,6.23186248110057e-05,6.075711123191521e-05,7.346331662299678e-05
402.0,0.3626595054824544,0.006061385062063907,0.002403589316612554,0.001515633816718954,6.228510008410816e-05,6.076217997209839e-05,7.346267801486156e-05
403.0,0.3625361120882428,0.0060522363151643,0.002401226230996962,0.001511960926475346,6.222610639676515e-05,6.076364469345684e-05,7.344004076321358e-05
404.0,0.3625482075216886,0.006058349272762856,0.002398792969735892,0.001508269990073284,6.21776561189484e-05,6.074532628556206e-05,7.341527041847625e-05
405.0,0.3627518765312786,0.006055131426777007,0.002396683448582146,0.00150461260535784,6.21463826305709e-05,6.073146483056856e-05,7.343461695974312e-05
406.0,0.3629432481906176,0.006061075703120043,0.002394626507448337,0.001500935342275059,6.208262730136144e-05,6.070832624669917e-05,7.341862740663199e-05
407.0,0.3630307878234298,0.006063060265418073,0.002392724409711743,0.001497291264920791,6.203316460659792e-05,6.069491159224507e-05,7.340609325510958e-05
408.0,0.3630021572585123,0.006048669765998561,0.002390608657153814,0.001493651760915346,6.198637393824331e-05,6.067912940399214e-05,7.338151870926782e-05
409.0,0.363230403466091,0.006059766508265155,0.002389221133578379,0.001490047062757211,6.195944584777253e-05,6.066944450573051e-05,7.336370377739976e-05
410.0,0.3633761893941176,0.006044310045538053,0.002387528786795329,0.001486429695177913,6.192566306024076e-05,6.065643094044531e-05,7.335304826761465e-05
411.0,0.3635171486267772,0.006049817226117356,0.002385885146509411,0.00148284416203,6.190118305544702e-05,6.062750926196886e-05,7.332003972174756e-05
412.0,0.3636785529300727,0.006060046760588989,0.002384504685335992,0.001479242863398286,6.187922043493353e-05,6.061119608729346e-05,7.329664061210322e-05
413.0,0.3641006597764209,0.006061643598628775,0.002383036286041482,0.001475673096346139,6.18742316589225e-05,6.059104469864931e-05,7.328482472765025e-05
414.0,0.3640375825315213,0.006067576220283278,0.002381165671466492,0.001472067351830218,6.184378027009272e-05,6.057398970187212e-05,7.324497194804657e-05
415.0,0.3641812969184743,0.006068723879974458,0.002379420420184523,0.001468505418106989,6.18329407549154e-05,6.055658874006016e-05,7.320313785200888e-05
416.0,0.3644056797358297,0.006086089634819007,0.00237822684264589,0.001464951777430371,6.18287713784228e-05,6.054937534709357e-05,7.316525669628236e-05
417.0,0.3643190976794434,0.006073372837752931,0.002376086765280906,0.001461447718677565,6.182680802708166e-05,6.054499226428421e-05,7.311803100290359e-05
418.0,0.3642948354300461,0.006068455269506479,0.002373938152176197,0.001457910527031926,6.181261621525964e-05,6.054191176867142e-05,7.306256966483147e-05
419.0,0.364467407153122,0.006065463709237124,0.002372628651261236,0.00145444358063744,6.179389930194062e-05,6.053701547196246e-05,7.301453053293058e-05
420.0,0.3645211949527833,0.006087619235060475,0.002371261581556766,0.001450954148493202,6.18047622322737e-05,6.054202857867071e-05,7.29815116304245e-05
421.0,0.3646425340169359,0.006075161799902472,0.002369484287999733,0.001447504549869454,6.180563409749075e-05,6.053505520253188e-05,7.294112740205559e-05
422.0,0.3654776103129216,0.006091316285830378,0.002368364515440015,0.001444038447571647,6.179804688977546e-05,6.051410663235693e-05,7.289239615610387e-05
423.0,0.366287242231253,0.006093545540339048,0.002367321677581317,0.001440600507393861,6.179273145371043e-05,6.05074870024094e-05,7.281398597678334e-05
424.0,0.3663591989340446,0.006109119786128709,0.0023663521243297,0.001437164159312531,6.177544732550626e-05,6.050336634005004e-05,7.276137505871772e-05
425.0,0.3663812112683612,0.006097956316276826,0.002365245495804622,0.001433767961068138,6.175910009393283e-05,6.05140993147575e-05,7.268541923092555e-05
426.0,0.3663339295425145,0.00610870262497856,0.002364429962905804,0.001430376361304267,6.17422533352857e-05,6.049958008062299e-05,7.26108584151888e-05
427.0,0.3665919838513141,0.0061152802249445,0.002363683216822285,0.00142700458057388,6.17321179891728e-05,6.049827261433335e-05,7.253734541224793e-05
428.0,0.3667205098779475,0.006127664860991913,0.002362807756450616,0.00142363682279237,6.172222470628157e-05,6.04853098509663e-05,7.246051305477764e-05
429.0,0.3672153437736583,0.006137548631481277,0.002361889974855441,0.00142031325011055,6.171631505160739e-05,6.046405683807608e-05,7.236888651259094e-05
430.0,0.3676385288408731,0.006122841056902438,0.002361078727939213,0.001417033726568282,6.170576930172511e-05,6.045192735777672e-05,7.226322031406508e-05
431.0,0.3679421266096391,0.006119888308190151,0.002360008746384485,0.00141379015478597,6.17083798299213e-05,6.044509685855738e-05,7.213666416136448e-05
432.0,0.3685065673364141,0.006141702442602279,0.002359246449050638,0.00141053217278504,6.169492706217308e-05,6.044350724467294e-05,7.201759865894234e-05
433.0,0.3686003276012922,0.006129998362077171,0.002358008983225279,0.001407271518276783,6.169431609635224e-05,6.043658708437069e-05,7.190078032977337e-05
434.0,0.368860296032587,0.006145875185099072,0.002356825045782367,0.001403977706676715,6.168882719410843e-05,6.043568875712807e-05,7.178586843654873e-05
435.0,0.368835257422107,0.006144206295694676,0.002355304730340772,0.001400689922302283,6.169231709773862e-05,6.042309932960174e-05,7.166249929001845e-05
436.0,0.3693023160873016,0.006156824997197601,0.002354004550852077,0.001397413632216378,6.171087760184657e-05,6.040249311577976e-05,7.15185577356068e-05
437.0,0.3696808128908198,0.006165787020787948,0.002352700081054743,0.001394171414880647,6.171129101793271e-05,6.039911701934434e-05,7.137410474642286e-05
438.0,0.3697386401483728,0.006156824375850102,0.002351218047877197,0.001390971383799582,6.171682784477648e-05,6.040105862200915e-05,7.121770441276195e-05
439.0,0.3695639421199374,0.006137316965841023,0.002349316417526244,0.00138779239328649,6.17187388008438e-05,6.039636597687369e-05,7.102311952273696e-05
440.0,0.3695831106617314,0.006118152488120954,0.002347565938435793,0.001384623967459292,6.173544232927396e-05,6.041923171350128e-05,7.083770605583455e-05
441.0,0.3694785755411559,0.006119263024969622,0.002345978207580834,0.001381496901913426,6.174698060640261e-05,6.042964240106621e-05,7.06664687983495e-05
442.0,0.3690321496144984,0.006095504291007192,0.00234439405484232,0.001378387328093032,6.176132147757714e-05,6.04462105423348e-05,7.05109623426892e-05
443.0,0.3688564417367185,0.006080346711779537,0.002343111565874671,0.001375274687762509,6.176931905529416e-05,6.046695854977464e-05,7.034174782587072e-05
444.0,0.3687363637137542,0.006084627421241804,0.002341702129741977,0.001372148452955342,6.177590302521493e-05,6.046972490986801e-05,7.018239632563461e-05
445.0,0.3685553015522822,0.006056373122894381,0.002340173024982725,0.001369092527726612,6.177684518648296e-05,6.047102359316855e-05,7.001059325474705e-05
446.0,0.3683186940707271,0.006028134310687289,0.002338940748249019,0.001366030675423116,6.17978218696037e-05,6.048474261244125e-05,6.984366874407901e-05
447.0,0.3677712535722115,0.006049155553743285,0.002338622125582518,0.001363012353421928,6.180791128285996e-05,6.049843042433374e-05,6.965810006370818e-05
448.0,0.3673976543190395,0.00604498133016837,0.002337860600366483,0.001359997111124804,6.180842541575829e-05,6.049923423674102e-05,6.947348588641646e-05
449.0,0.3672695529821616,0.006043198203142015,0.002337518291078662,0.001357003234331866,6.181124686552555e-05,6.050938848270294e-05,6.92883749157712e-05
450.0,0.3670571948682818,0.006050857800451351,0.002337568138532171,0.001354012862525162,6.182246383783856e-05,6.053412744268095e-05,6.911756915633793e-05
451.0,0.3670902114602391,0.006033553774002824,0.002337059408393333,0.001351057865389334,6.183827519835943e-05,6.055020474064524e-05,6.89403524887149e-05
452.0,0.3672343321189553,0.006033456167585302,0.002336995302179047,0.001348102340729621,6.186906518296036e-05,6.056162361613974e-05,6.87615499877628e-05
453.0,0.3669931834826792,0.006041952425871301,0.002336833608258307,0.001345167999549135,6.188666890063632e-05,6.058831295495613e-05,6.858351966291748e-05
454.0,0.3672381712561459,0.006017144222669624,0.002336437192332077,0.001342207302145525,6.189675087880731e-05,6.058565110781366e-05,6.841744393770058e-05
455.0,0.3676862825276863,0.006024511319875525,0.002336404290645126,0.001339243415658509,6.191080707290445e-05,6.059670946970448e-05,6.822644592979023e-05
456.0,0.3674274834093467,0.006042341565942015,0.002336632539399623,0.001336286279238847,6.191072454946826e-05,6.062139013883505e-05,6.806258173426459e-05
457.0,0.3680230838364018,0.006042746233056975,0.002336312135668638,0.001333357174052217,6.193122190400186e-05,6.061845352001756e-05,6.786488107920653e-05
458.0,0.3678788679746042,0.006015693158882746,0.002335439431843318,0.001330468916217159,6.195184930223785e-05,6.060069838131305e-05,6.768336235343264e-05
459.0,0.3677499458445843,0.006027760573503064,0.002334976521899896,0.00132763294863787,6.197258299743128e-05,6.059045397982661e-05,6.750531534333185e-05
460.0,0.3675715362110887,0.00599572923990813,0.002333999463579786,0.001324829214157566,6.19768678857465e-05,6.058045094953853e-05,6.730052670381611e-05
461.0,0.3674814869309007,0.006064339232182434,0.002333809914095463,0.001321997238174709,6.196980510566724e-05,6.058573423691702e-05,6.712330266000298e-05
462.0,0.3669076168319235,0.006266207376912827,0.002334183265012306,0.001319134864092887,6.199250152965735e-05,6.058593350729235e-05,6.699320777878372e-05
463.0,0.3670357164935821,0.006253010792935991,0.002333117761380414,0.001316252927494717,6.203075277262794e-05,6.056961712123311e-05,6.681502378754423e-05
464.0,0.3677030895152207,0.006184528132681601,0.002331819733538934,0.001313348631033351,6.209868411606791e-05,6.055170372619645e-05,6.660755720975104e-05
465.0,0.3664483430583566,0.006034192544959248,0.002329588467514075,0.001310501818573863,6.206907529332502e-05,6.052158866017202e-05,6.643575236051686e-05
466.0,0.3664557964139207,0.006016679452181371,0.002328337773030463,0.00130770523405778,6.206410030362484e-05,6.049559584178913e-05,6.62745666738133e-05
467.0,0.3662412226573324,0.005980740228440025,0.002326834393672996,0.001304911375903296,6.209151113316029e-05,6.047876651599027e-05,6.608598993471688e-05
468.0,0.3650555267896747,0.005955333581786378,0.002325371306726921,0.001302149802074904,6.207067875707471e-05,6.046812723234397e-05,6.590663219569491e-05
469.0,0.3647752547846264,0.005969156132382371,0.002323925843868555,0.0012993886668013,6.206730476105134e-05,6.044916678631088e-05,6.573984054764771e-05
470.0,0.3645394571983712,0.005967871278744848,0.002322703802081877,0.001296640235117385,6.206761164057779e-05,6.042459571360438e-05,6.557191494875687e-05
471.0,0.3643794110484678,0.005936481374400279,0.002320892626126794,0.001293884867588876,6.208092496537727e-05,6.039323995764099e-05,6.53874786920977e-05
472.0,0.3642272347504452,0.005910666430128615,0.002319392163841946,0.00129114828955039,6.209181957047572e-05,6.036508752804451e-05,6.519739597167677e-05
473.0,0.3638074905031682,0.005918567073509889,0.002318040162131842,0.00128841202378365,6.209933293030052e-05,6.03263698603516e-05,6.502009794568071e-05
474.0,0.3637966714210322,0.005918208652296496,0.002316816459650831,0.001285712665581171,6.209745292723254e-05,6.031241887259759e-05,6.484584925599384e-05
475.0,0.3634250269349857,0.00591708978669568,0.002315531060997612,0.001283012790444173,6.210156875125793e-05,6.028409760070383e-05,6.467002378037355e-05
476.0,0.3635671589556083,0.005934872158210244,0.002314561955721241,0.00128034415689737,6.211346348343724e-05,6.02580873385337e-05,6.449177695264263e-05
477.0,0.3631103491085368,0.005934105008855012,0.00231372110753697,0.001277678341408533,6.21136385825142e-05,6.022724854197935e-05,6.431658343145602e-05
478.0,0.3629438004864122,0.005891206501283893,0.002311669536481715,0.001275022289552182,6.210058358239375e-05,6.019309385536074e-05,6.414359579754033e-05
479.0,0.3628113270281212,0.00589428436635694,0.002310233641349623,0.001272375432547061,6.209590452687026e-05,6.016840813351641e-05,6.395860937520458e-05
480.0,0.3625347081748097,0.005885526011561153,0.002308688435429282,0.001269755556548251,6.208254635782383e-05,6.013389880332369e-05,6.378237526958203e-05
481.0,0.3625052922095711,0.005897124584918592,0.002307803252136136,0.001267133688651298,6.20631907458525e-05,6.012004220419559e-05,6.36077821097413e-05
482.0,0.3625528396969506,0.005934756218185988,0.002307041599834755,0.001264530984289626,6.206272806143447e-05,6.009747760366665e-05,6.345505484655439e-05
483.0,0.3624404713039018,0.005903124317980193,0.002305062519054752,0.001261928229301445,6.20458205763905e-05,6.007730807552639e-05,6.326168169579605e-05
484.0,0.3618958071977224,0.005915078352945062,0.002304325289013002,0.001259351587665735,6.201137941453644e-05,6.003898613583652e-05,6.310725512667019e-05
485.0,0.3617150680844509,0.00590155431743441,0.002302396817757799,0.001256765079577694,6.197414498682318e-05,5.999122440239211e-05,6.292763503136743e-05
486.0,0.3615551799423218,0.005875414577095056,0.002300448078815045,0.001254211116418145,6.194833997155415e-05,5.995470760763267e-05,6.276207074977619e-05
487.0,0.3612467246735773,0.005844631206760769,0.00229847206129419,0.001251655950875463,6.190420560131274e-05,5.990958722279457e-05,6.259370870123949e-05
488.0,0.3610615887958369,0.005859638958323203,0.002297305179236342,0.00124912588216056,6.187758957457265e-05,5.985811323259104e-05,6.244638089223041e-05
489.0,0.3607848052138443,0.005853362603730453,0.002295346156274554,0.001246605820801,6.183199812761078e-05,5.980681324385474e-05,6.227682853430136e-05
490.0,0.3605493609900548,0.005850759641310799,0.002293497491032861,0.00124412085853219,6.178862946491511e-05,5.976138889147556e-05,6.21088867271403e-05
491.0,0.3603740131839631,0.00584137570793122,0.00229182129164277,0.001241619455396789,6.174444735482877e-05,5.971413574511935e-05,6.194492830878107e-05
492.0,0.3603292552787069,0.005829023883032163,0.002290193921631474,0.001239144075837673,6.17020171174674e-05,5.967473503858702e-05,6.179848259024376e-05
493.0,0.3603242456977914,0.005818948871978561,0.002288604419355074,0.001236663088265061,6.16355721105609e-05,5.961313095064293e-05,6.162138814428463e-05
494.0,0.3601523732482989,0.005783460431949253,0.002286325966629499,0.001234217642475081,6.157848729276203e-05,5.958447936423325e-05,6.147408770208366e-05
495.0,0.3597749368539226,0.00578273684785855,0.00228457480406257,0.001231771109585943,6.151110245115e-05,5.954527039936609e-05,6.132688488268361e-05
496.0,0.3600563240039101,0.005793964260764491,0.00228293204480015,0.001229350382575892,6.145959608533175e-05,5.949248191106222e-05,6.118009493177797e-05
497.0,0.3597042530032297,0.005798080408617534,0.002281154481243865,0.001226915439084271,6.140157436023256e-05,5.943052057465074e-05,6.102634960266091e-05
498.0,0.3595920640325029,0.005774503918401544,0.002278944195887025,0.001224506747810958,6.134411856386473e-05,5.93735303348259e-05,6.087235879356331e-05
499.0,0.3594505296405267,0.005762692998161682,0.002276298793818802,0.001222099894299907,6.126693780275996e-05,5.932765638647845e-05,6.071967014714371e-05
500.0,0.3591494162657999,0.005754000531773423,0.002273748433096494,0.001219709752074532,6.119949697100086e-05,5.927225504499531e-05,6.054818893438812e-05
501.0,0.358912207744131,0.005754306003026495,0.002271075188703212,0.001217319641975897,6.111930866728898e-05,5.920550930538583e-05,6.039425602730715e-05
502.0,0.3585540196083273,0.005743620746695114,0.002268375074143278,0.001214939558556394,6.104276766818579e-05,5.913295472076461e-05,6.026669898912896e-05
503.0,0.358012694639566,0.005759121896788446,0.002265845154393253,0.001212550131946975,6.095462829391594e-05,5.907055876694073e-05,6.012632325638869e-05
504.0,0.3578431926240168,0.005713554662215903,0.002262167783032038,0.001210179496034851,6.086971693609752e-05,5.900377119761427e-05,5.998616925393617e-05
505.0,0.3576889010445659,0.005696484041405946,0.002259271383822791,0.001207806399788111,6.078399142938594e-05,5.894217909997701e-05,5.984220419960476e-05
506.0,0.3576376954586326,0.00570128315240937,0.002256131751506611,0.001205462651716177,6.069623899011423e-05,5.888843363884899e-05,5.970840928303114e-05
507.0,0.357371826620713,0.005706663074604199,0.002253236781142532,0.001203115208786886,6.060393492283426e-05,5.882582650404039e-05,5.957958224318983e-05
508.0,0.357011366118844,0.005719613974121691,0.00225050962175386,0.001200784755914372,6.049895718643812e-05,5.876413154768985e-05,5.94426506829619e-05
509.0,0.3566072144222215,0.005652912178897417,0.002246006163152674,0.001198451712711252,6.039768859772327e-05,5.868763892754678e-05,5.93102733439465e-05
510.0,0.3562660633607509,0.005649630324595712,0.002242674703978336,0.001196129020469469,6.02941312166654e-05,5.861318892161755e-05,5.918819400280297e-05
511.0,0.3565393000757926,0.005622865063133075,0.002239255440149336,0.001193806594411095,6.019572378850147e-05,5.855305243722731e-05,5.907065618022072e-05
512.0,0.3566968306417441,0.005609221482592954,0.002235995551641571,0.001191504362071308,6.009124400020086e-05,5.849001465586937e-05,5.895561432192068e-05
513.0,0.3567607677916843,0.005608378726012334,0.002232889233982509,0.001189199347102301,5.997689393463686e-05,5.842767138697073e-05,5.883813087311047e-05
514.0,0.3564901579346024,0.005595566786190641,0.002229388420602868,0.001186914355825513,5.986204183275446e-05,5.835436850724827e-05,5.87250797297072e-05
515.0,0.3564032093559052,0.005595244614041338,0.002226028952059928,0.001184631795917538,5.975146042675451e-05,5.82767130046379e-05,5.860385357477479e-05
516.0,0.3563654476909487,0.005570249915421547,0.002222467639341686,0.001182366112486442,5.963195355237419e-05,5.820587448234244e-05,5.848068914014995e-05
517.0,0.3562475720579625,0.005581102503789118,0.002218869064315342,0.001180099739948814,5.950698806330889e-05,5.816249425355923e-05,5.837105406514635e-05
518.0,0.3561986790398046,0.005542154580552344,0.002215173457843833,0.001177845234757066,5.937865620757726e-05,5.810774934572221e-05,5.826919466512538e-05
519.0,0.3557369991849229,0.005533774556559907,0.002211869711730222,0.00117557782113568,5.925404506713581e-05,5.804334189582072e-05,5.815570926861107e-05
520.0,0.3556756641930841,0.005530996889806285,0.002208309915432716,0.001173318731457187,5.912984810884731e-05,5.797629415458622e-05,5.803964394800453e-05
521.0,0.355912119346744,0.005507445985934437,0.002204651232867585,0.001171066438116056,5.900341531825962e-05,5.791931361757507e-05,5.793466011149492e-05
522.0,0.3561327655518383,0.005499421775123049,0.002200699687279704,0.001168837656928903,5.887318736009586e-05,5.785393108747821e-05,5.784114545048267e-05
523.0,0.35572786913291,0.005695965754699215,0.002198582351847655,0.001166608968091792,5.875837893731723e-05,5.779251420717606e-05,5.773782988701046e-05
524.0,0.3557640672974084,0.00556713714317213,0.002194303937117839,0.001164401946055284,5.865314281703026e-05,5.773461897076287e-05,5.763407095107851e-05
525.0,0.3557574413663883,0.005730038063039204,0.002191533774764881,0.001162189751973114,5.85375294790001e-05,5.764680008492703e-05,5.752312781782057e-05
526.0,0.3556848666861754,0.005547535780587238,0.002186731985096413,0.001160018035249419,5.841890906354883e-05,5.758318061734367e-05,5.741242571652629e-05
527.0,0.3553822043837226,0.005448907343013731,0.002181582818886592,0.001157839080811303,5.830251616511189e-05,5.751415294123482e-05,5.730844608328268e-05
528.0,0.3549035834117372,0.005424259074406282,0.002177847117386435,0.001155682522411975,5.814952413569672e-05,5.742790971101947e-05,5.722750519869123e-05
529.0,0.3543226483327398,0.005419092120220431,0.002173691867046297,0.001153543845713335,5.800946727449372e-05,5.735376611676229e-05,5.714416289144422e-05
530.0,0.3539699659625219,0.005382661942201152,0.002169684056619219,0.001151430251649246,5.789187919290832e-05,5.727372665185212e-05,5.706240387988267e-05
531.0,0.353741176325054,0.005329889162694689,0.002165226851430079,0.001149295247267956,5.776819758636251e-05,5.719797265733583e-05,5.697028015699646e-05
532.0,0.3532508869587236,0.005316543327066724,0.002161840812431036,0.001147158757604396,5.764730000106168e-05,5.710857183297604e-05,5.687284623165942e-05
533.0,0.3529368983689502,0.005308715788787753,0.002157745019209702,0.001145013981767496,5.752829449373087e-05,5.704077669754196e-05,5.679063616644922e-05
534.0,0.3526556434517572,0.005332077952232971,0.002154493642513058,0.001142886558081982,5.740054429347727e-05,5.695801016369226e-05,5.671028381604551e-05
535.0,0.3525583084383015,0.005316141124695329,0.002149830406940643,0.001140747936269636,5.726729697292378e-05,5.689210784504798e-05,5.662982900150404e-05
536.0,0.3520501481911358,0.005294840935162652,0.002146127923241786,0.00113862516749527,5.713847241840594e-05,5.679711863059836e-05,5.653926779758682e-05
537.0,0.351846448108748,0.0052820113048653,0.002141862105314255,0.00113649221940325,5.701960182566301e-05,5.672048520667609e-05,5.646456289843805e-05
538.0,0.3517459850870881,0.005248837683717984,0.002137584714956081,0.001134386395005028,5.690649663129026e-05,5.664280013778076e-05,5.638184211282439e-05
539.0,0.3512756678631987,0.005246568437928228,0.002133753102259578,0.001132265623086718,5.679134797343521e-05,5.656600136616231e-05,5.631838724699326e-05
540.0,0.3510964662002543,0.005255478768202589,0.002130094724592893,0.001130160315112889,5.66579547753511e-05,5.648876600710501e-05,5.623928495674574e-05
541.0,0.351177987431137,0.005291617135057958,0.002127010489632923,0.001128059125499216,5.655672867819407e-05,5.641264190843385e-05,5.61816089994042e-05
542.0,0.3510316489027452,0.005293460002692063,0.002123259670280719,0.001125966808832024,5.646160618466999e-05,5.632923759535382e-05,5.610872570433817e-05
543.0,0.3508583761411992,0.005287351354898054,0.002119697045295008,0.001123880873878744,5.636010134286431e-05,5.625623009289616e-05,5.604293591588702e-05
544.0,0.3510044135457067,0.005231054231154124,0.002115191681606044,0.001121805527837188,5.624908150262868e-05,5.618630209040744e-05,5.595736037809443e-05
545.0,0.3502129175345956,0.005199587371022273,0.00211124775545564,0.001119718971998507,5.612662022576173e-05,5.609435865720092e-05,5.587895120062622e-05
546.0,0.3494204007808199,0.0051638967571141,0.002106854152744216,0.001117647133548014,5.599375325263344e-05,5.600341519175633e-05,5.581109439183176e-05
547.0,0.3491268637117106,0.00519769027599032,0.002104037628696614,0.001115589197602619,5.587464630221119e-05,5.591559945461026e-05,5.575596903636428e-05
548.0,0.3486164475490037,0.005129983621265252,0.002099412070899417,0.001113553536508687,5.576342743306461e-05,5.582991917673068e-05,5.567525290047663e-05
549.0,0.3483077837851951,0.005105475817365069,0.002094973258777103,0.001111522814343098,5.565686123448711e-05,5.574167893217772e-05,5.560498897334859e-05
550.0,0.3476774747946268,0.005107216832066224,0.002091157808127757,0.001109505523766588,5.555165503868082e-05,5.56624085669169e-05,5.553804260090423e-05
551.0,0.3476466486813523,0.005096765692004408,0.002086944983162486,0.001107493418313526,5.545619984267135e-05,5.557791303582063e-05,5.548497041724961e-05
552.0,0.3473476930190999,0.005120784319061992,0.002083632216673178,0.001105495166529769,5.534870792529314e-05,5.549000749423691e-05,5.54311247709804e-05
553.0,0.3471528305310313,0.005075227463666258,0.002079421267396809,0.001103495338310053,5.524435580134823e-05,5.53992799709164e-05,5.535390577391633e-05
554.0,0.3472840678206047,0.005029115691781567,0.002075197493936499,0.001101497319463089,5.514818116926366e-05,5.531828003478203e-05,5.53054324746911e-05
555.0,0.3471982797723109,0.00504121543905542,0.002071237610855568,0.001099492237421398,5.504871891559315e-05,5.523472012229397e-05,5.525514722301985e-05
556.0,0.3471733467327909,0.005096372371715724,0.002068022801381358,0.001097519726604278,5.494943341259082e-05,5.515479851043413e-05,5.52078608424254e-05
557.0,0.346427794657825,0.005087891489630305,0.002063878341283999,0.001095555703824296,5.484624780690573e-05,5.506933698113277e-05,5.515514480133045e-05
558.0,0.3461342581302146,0.005067861789728594,0.002059816441823883,0.001093602102774004,5.475849720391488e-05,5.498922082637005e-05,5.510434298870982e-05
559.0,0.3459891349982044,0.005064395124061329,0.00205593196148631,0.001091649767399734,5.466687527972617e-05,5.491006707945427e-05,5.506118625068737e-05
560.0,0.3457182304329328,0.005087884595474127,0.002051758639023166,0.001089713443386888,5.457935490038512e-05,5.483580609230568e-05,5.499763852532954e-05
561.0,0.3455735399551298,0.005023599154945475,0.002046609781525044,0.001087780699615957,5.448603171441741e-05,5.475104958121228e-05,5.493403293376226e-05
562.0,0.3454963780335372,0.00505581370112086,0.00204320381974842,0.001085871160225098,5.440379264581503e-05,5.467531368500941e-05,5.488391480469984e-05
563.0,0.3453281443737119,0.005009804580327696,0.002038623113460392,0.001083966265430576,5.431169957535101e-05,5.458841812679704e-05,5.481613940514795e-05
564.0,0.3449783143323108,0.004979592239117104,0.002034285035125069,0.001082072279796119,5.42284222501183e-05,5.451169160195806e-05,5.476142373563497e-05
565.0,0.3446189589785791,0.004955017814196606,0.002029620313754457,0.001080174273937958,5.41383944664735e-05,5.443559193327691e-05,5.471369547720392e-05
566.0,0.3443907263449528,0.004956785344166656,0.00202583803217363,0.001078282123679283,5.403207838494439e-05,5.435431081288091e-05,5.46655533467549e-05
567.0,0.3440967206568687,0.0049662436087162,0.002021471063669453,0.001076402307653543,5.394506832809279e-05,5.427964834541676e-05,5.463202453257303e-05
568.0,0.3438522101752996,0.004950203231428053,0.002017435652853848,0.001074537508663041,5.385716061937638e-05,5.421023470680671e-05,5.458103189476002e-05
569.0,0.3438215755098507,0.004915680350081999,0.002012986547536553,0.00107267600450109,5.378053064932729e-05,5.414249451781059e-05,5.453036824098608e-05
570.0,0.3437941887491683,0.004963839248153128,0.002009446463965027,0.001070828980296936,5.371594671845609e-05,5.408072277489308e-05,5.448619356596793e-05
571.0,0.3436473191926672,0.004915037864924248,0.002005228409529051,0.001068988070522159,5.364884028173148e-05,5.400449863061624e-05,5.442929401809716e-05
572.0,0.3431182303261988,0.00491823769270294,0.002001374319643397,0.001067157676283086,5.356895891894851e-05,5.394429389818684e-05,5.439446024115163e-05
573.0,0.342899394434981,0.004906345143661439,0.00199743405368099,0.001065338338858938,5.349819093689501e-05,5.388178849998433e-05,5.435506993381211e-05
574.0,0.3422688863926667,0.004877708112979317,0.001992601224094268,0.001063517300238818,5.341581367080684e-05,5.380880356282953e-05,5.430756799888402e-05
575.0,0.3418632304885748,0.004922717215703514,0.001989387098603638,0.001061714802194263,5.334977727372087e-05,5.374092340901396e-05,5.427203619143116e-05
576.0,0.3416837698065549,0.004894595876893263,0.001984502880629567,0.001059907229221593,5.328076336194805e-05,5.366894971159091e-05,5.421921817083629e-05
577.0,0.3414000857340955,0.004899522882218266,0.001981202984719115,0.001058124431382133,5.322556577345502e-05,5.361113310451061e-05,5.418253458323075e-05
578.0,0.3413955224885439,0.004940219028209829,0.001977554917821087,0.0010563293699542,5.316746898139324e-05,5.35615639043341e-05,5.414310268218009e-05
579.0,0.3408599089873295,0.004903458065777943,0.00197328050318096,0.001054544945815296,5.309908916628776e-05,5.350283372979019e-05,5.410725246314267e-05
580.0,0.3408427747127792,0.004855179821641543,0.001968991528280282,0.00105275219043502,5.303907348452489e-05,5.345211591700602e-05,5.407468195152219e-05
581.0,0.3408532461347253,0.004845144960174401,0.001964873992155947,0.001050963989102431,5.299149443200241e-05,5.338550582778537e-05,5.404951708028833e-05
582.0,0.3406047029988817,0.00487919005271226,0.001961479903079176,0.001049182298491084,5.294074948257899e-05,5.333478969397222e-05,5.40211936119192e-05
583.0,0.3408706832069804,0.004931831253982956,0.001958666307545961,0.001047409133080025,5.288865247409673e-05,5.328111818341346e-05,5.398769431873035e-05
584.0,0.3408277437296264,0.004930526347369187,0.001955181858459247,0.001045631570009321,5.283716869285949e-05,5.322955154072506e-05,5.396011452084617e-05
585.0,0.340880581953593,0.004889263758399964,0.001950608794528717,0.001043876420947822,5.280014122546685e-05,5.317930088059712e-05,5.394023424807019e-05
586.0,0.3407664662612981,0.004825951467940319,0.001946217323555676,0.001042120339040059,5.275319603309097e-05,5.312242163336042e-05,5.390829890498573e-05
587.0,0.340846346580212,0.00480933654818678,0.001942297082133801,0.001040380220013076,5.272185929034846e-05,5.308135910332153e-05,5.388368068983208e-05
588.0,0.3410446630514322,0.004939213402515482,0.00194085601887958,0.001038636119677247,5.269829585895362e-05,5.303927759014871e-05,5.386891732976372e-05
589.0,0.3405806748050187,0.00490290854364143,0.001937097602814412,0.001036928190934842,5.26619543493744e-05,5.298380681786431e-05,5.383580930489953e-05
590.0,0.3407058093653085,0.004889200118182972,0.001933967773156845,0.001035212237542652,5.262959822514404e-05,5.293219008685069e-05,5.38163204704215e-05
591.0,0.3402820178328852,0.004819677648891109,0.001930172443918071,0.001033518018185759,5.259087003677758e-05,5.288598678466091e-05,5.37818571709784e-05
592.0,0.3404116214282081,0.004850867064011216,0.001927020406804397,0.0010318264629916,5.256289597213857e-05,5.284448339722726e-05,5.376446675460613e-05
593.0,0.3404939773674137,0.004867731352161099,0.001923753571496091,0.001030149405861768,5.253081287472824e-05,5.2786892769848e-05,5.374691982820911e-05
594.0,0.3405283444470265,0.004887503761150705,0.001921536924558564,0.001028461288689844,5.250015226656531e-05,5.274291103978388e-05,5.372281176645076e-05
595.0,0.3406868235326472,0.004910518289742207,0.001918912330504869,0.001026782843426351,5.248396888471737e-05,5.270987455872339e-05,5.370962923301223e-05
596.0,0.3409250905069733,0.004815588042443873,0.001914891256398778,0.001025114065781238,5.247031816822746e-05,5.267144116346795e-05,5.369411580670376e-05
597.0,0.3415445633941161,0.004892169404081393,0.001913224185812585,0.001023460686079115,5.247442443213983e-05,5.262331698373235e-05,5.369307403816987e-05
598.0,0.3414347257464242,0.004917608428124859,0.001910134577859293,0.001021815832070008,5.246481303442865e-05,5.25982894892571e-05,5.369209658351146e-05
599.0,0.341065246040411,0.004892152871364529,0.001907245784146944,0.001020191264198579,5.243625273022086e-05,5.255502004386125e-05,5.367740152404147e-05
600.0,0.3409849050871318,0.004879333551745401,0.001904616487683113,0.001018562548726171,5.241289252807586e-05,5.251188371895034e-05,5.365792553343241e-05
601.0,0.3409940119742176,0.00481037778585653,0.001900596966058287,0.001016940797199522,5.238758028047758e-05,5.247069478518815e-05,5.364182187968773e-05
602.0,0.3412675693721716,0.004779198869256868,0.001897409110642972,0.001015327784026166,5.23724370425279e-05,5.243407689892055e-05,5.362641550004412e-05
603.0,0.3413699856131778,0.004815091872512306,0.001895416582042481,0.001013721400896993,5.236200612516245e-05,5.239407507453564e-05,5.359809027000238e-05
604.0,0.3418062611270612,0.004851068833110673,0.001893095576341058,0.001012121691583993,5.236238940392545e-05,5.235909734762565e-05,5.358787608024495e-05
605.0,0.3419302623936972,0.004892295688560626,0.001891265803489354,0.00101053617868519,5.236890025072367e-05,5.233170449925846e-05,5.357838210258585e-05
606.0,0.3423193483920204,0.004898689593168923,0.001889217178027165,0.00100895310818191,5.2361592565301e-05,5.230419992921533e-05,5.356493847656532e-05
607.0,0.3427642662052966,0.004799761049769065,0.001886139552345165,0.001007382202884049,5.234940254940532e-05,5.227647864338616e-05,5.356009454540457e-05
608.0,0.3431867205022743,0.004875945878439009,0.001885072786217158,0.001005814143353272,5.235122227249253e-05,5.225352720031882e-05,5.355100258048893e-05
609.0,0.3433163755731746,0.004841087552132113,0.001882798741950777,0.001004266399608311,5.234237052557518e-05,5.224251544276291e-05,5.353859175968567e-05
610.0,0.3437241197959852,0.004792095362529013,0.001880366195425675,0.001002714636275447,5.233875426253088e-05,5.222053795900386e-05,5.352070102075965e-05
611.0,0.3439533174746986,0.004771593668310536,0.001877721379234216,0.001001191475268712,5.233494914386698e-05,5.220756600115698e-05,5.350305107976094e-05
612.0,0.3448003486386202,0.004753399257743897,0.001875815660918985,0.0009996573473510164,5.232694249471776e-05,5.218457718790512e-05,5.34899162746875e-05
613.0,0.3449055146375228,0.004897608207241384,0.001876060761239757,0.0009981628561124482,5.232942898022229e-05,5.216272948641083e-05,5.3483124483012e-05
614.0,0.3449210482326335,0.00491641733134753,0.001873810931828223,0.0009966843104280128,5.233047467084809e-05,5.215709646557299e-05,5.347255208275087e-05
615.0,0.3448927706142784,0.004871415234181075,0.001871816235087665,0.0009952220943425488,5.232262277474245e-05,5.214283747649939e-05,5.345079166816818e-05
616.0,0.3454045740557273,0.004858808684418832,0.001869873111333072,0.0009937638624126792,5.232060566786425e-05,5.214307290087595e-05,5.343926420817333e-05
617.0,0.3457492577363074,0.004853580990178856,0.001867615325706698,0.0009923098600971355,5.23254207903665e-05,5.213768253412243e-05,5.343485188832939e-05
618.0,0.3457628227082806,0.004833001278198109,0.001866109580662382,0.0009908423361378617,5.232043118183044e-05,5.212956574039954e-05,5.341470393608414e-05
619.0,0.3466419669014909,0.004819698366274908,0.001863904339226728,0.0009893626976669068,5.231256031136109e-05,5.2124558741405e-05,5.339050688765409e-05
620.0,0.3467676105434064,0.004832079110856376,0.001862308966918853,0.000987864478804622,5.231297278999864e-05,5.210379608197839e-05,5.336301023477602e-05
621.0,0.3470081933216223,0.004881521137512559,0.001861727303289943,0.0009863670473450122,5.23179504769171e-05,5.209899414978498e-05,5.334906212121493e-05
622.0,0.3476034596091668,0.004892094791534415,0.001859427469085677,0.0009848738779808775,5.232462639601327e-05,5.21067462525918e-05,5.334291202852232e-05
623.0,0.3479500152442133,0.004931884529390118,0.001858719118695434,0.0009833792039957326,5.233012137279708e-05,5.211038545864949e-05,5.333217683288373e-05
624.0,0.3480251857470165,0.004903503913648443,0.001856152483456368,0.0009818940072720101,5.232544262584856e-05,5.212197925310368e-05,5.330497199358535e-05
625.0,0.3480764654306263,0.004859758727753955,0.001853965157813379,0.0009804145196236152,5.231367677302922e-05,5.20976818949731e-05,5.327301920526528e-05
626.0,0.3486701049389458,0.004942656205820625,0.001853697904314312,0.0009789408450206953,5.231635360255715e-05,5.210156252698467e-05,5.325428942981618e-05
627.0,0.3488813798972094,0.004910646808257833,0.001851878185483008,0.0009774839567064468,5.232122230290531e-05,5.210795452726887e-05,5.322817967805435e-05
628.0,0.3495105888699595,0.004860310998466088,0.001849559926649614,0.0009760168554879363,5.232404924773277e-05,5.211587070064105e-05,5.320352453469619e-05
629.0,0.3494718260333622,0.004856217588571103,0.001847270961263945,0.0009745518437732591,5.231969533674239e-05,5.212582347338424e-05,5.317781206186186e-05
630.0,0.3498648203116122,0.004759341570858854,0.001844336733284354,0.0009730887789366308,5.232948088740831e-05,5.212198530531731e-05,5.316035152861852e-05
631.0,0.349992793740238,0.004837826970503057,0.001843749612235243,0.0009716191679908738,5.23295039427697e-05,5.211570021082221e-05,5.314104287287116e-05
632.0,0.3503124626687564,0.0048434256114481,0.001841561640808132,0.0009701638581950416,5.233235434334483e-05,5.211798785021354e-05,5.31248316819394e-05
633.0,0.3505613420055012,0.004915921523347196,0.001840582472259239,0.0009687026321354606,5.233427045009643e-05,5.213009984015529e-05,5.310739052736573e-05
634.0,0.3505771917655913,0.004812829454224188,0.001837270341222718,0.0009672574591533197,5.234302011939882e-05,5.2129077865663e-05,5.30811586477728e-05
635.0,0.3508435262015317,0.004844362083872468,0.001836105268163311,0.0009657940243264716,5.234061283465622e-05,5.213166141476437e-05,5.305535664035963e-05
636.0,0.3514390873838581,0.004831959710512694,0.001833834038340784,0.0009643547853587836,5.235353319892528e-05,5.214866331544977e-05,5.303377864505974e-05
637.0,0.3521560809665198,0.00482843302527217,0.001832644113783789,0.0009628920395763832,5.236499649790956e-05,5.216376941510134e-05,5.301837855649151e-05
638.0,0.3525958899801678,0.004799194629380025,0.001830360230151613,0.0009614862542368703,5.238589820725739e-05,5.217082793085718e-05,5.299500619629035e-05
639.0,0.3527976815669305,0.004947151259512673,0.001830063774268035,0.0009600541782458621,5.24039148986525e-05,5.217144834431114e-05,5.297548900032411e-05
640.0,0.3536166649265881,0.004947147887840916,0.001828098197841522,0.0009586775355828489,5.243049655184863e-05,5.217079076911437e-05,5.294676732662499e-05
641.0,0.3562004819624978,0.005009010480342839,0.001826198131817363,0.0009572438094789274,5.244610246838267e-05,5.216510204398962e-05,5.291897317514489e-05
642.0,0.3565182621215869,0.08987566489839742,0.00191160108438345,0.0009558895811022924,5.253681059056369e-05,5.237822273186414e-05,5.290481533565731e-05
643.0,0.3577288657275434,0.045471244954541,0.002064753777423235,0.00095446767983896,5.283652959663648e-05,5.255377869514299e-05,5.298980545452982e-05
644.0,0.3579057516973566,0.05040060371458642,0.002042436656332314,0.0009531716166115547,5.257359496337651e-05,5.227331964650941e-05,5.289743262155236e-05
645.0,0.3604856648611542,0.01476319093098562,0.001924698331876254,0.000951838553492502,5.255410096876241e-05,5.225355030228671e-05,5.285380122886111e-05
646.0,0.3638780181566816,0.006622455197414754,0.001881794682962126,0.0009504259226869323,5.256644689686725e-05,5.225195129757209e-05,5.283282869082783e-05
647.0,0.3599072734362881,0.02531587825194567,0.001903268952274255,0.0009492753910712122,5.259676368658251e-05,5.236597205755886e-05,5.278865137652615e-05
648.0,0.3666354384815355,0.01835995284423798,0.001986700826735138,0.0009478468368561517,5.275748024771195e-05,5.243871075604586e-05,5.299787908313028e-05
649.0,0.3572336285458966,0.01037140991256433,0.001931886375590299,0.0009464787761205661,5.264832739820467e-05,5.229395001114474e-05,5.28569725017301e-05
650.0,0.3574153830664032,0.008544675084834995,0.001947605575959701,0.0009451909481769974,5.260010805772865e-05,5.22076515404176e-05,5.275137705104991e-05
651.0,0.3597058736706327,0.006621238294052105,0.001914652497129821,0.0009438616478194139,5.263046552444553e-05,5.218685398983664e-05,5.270808786351363e-05
652.0,0.3601276529396764,0.005901772684335516,0.001900863234228532,0.0009425656103440732,5.264790199112154e-05,5.216416017729971e-05,5.268233367852137e-05
653.0,0.3610027131273178,0.005680108460866569,0.001880779287218554,0.0009412498028589263,5.268340605725603e-05,5.217676585199666e-05,5.26955860625331e-05
654.0,0.3611340911660363,0.005498790227912521,0.001864632335711404,0.000939973681218521,5.27071149225467e-05,5.218263324245885e-05,5.270586601536611e-05
655.0,0.3614687414546302,0.005299074830622702,0.001850281537533807,0.0009386740362517101,5.272071914411176e-05,5.218666020529844e-05,5.268444228911654e-05
656.0,0.3616252960851038,0.005174078646156599,0.001837881993139743,0.0009374201314215979,5.273738066432227e-05,5.21866290138652e-05,5.265656441085741e-05
657.0,0.3622000285015255,0.005243073411942492,0.001829625819463816,0.0009361398054009041,5.275639453340304e-05,5.219731453481179e-05,5.263077718073403e-05
658.0,0.3626202485407393,0.005194056054533326,0.001821607773244759,0.0009348882163886804,5.27647311955286e-05,5.220932143336022e-05,5.260734482728545e-05
659.0,0.363116040459716,0.005232598486547489,0.00181601503417901,0.0009336145952090647,5.278873234043262e-05,5.223093170262593e-05,5.260270694241955e-05
660.0,0.3635261748617852,0.005107627108171993,0.001810259880944076,0.0009323687487013465,5.280968481517625e-05,5.224822018088369e-05,5.260274570005234e-05
661.0,0.3634118611833429,0.005108141041063247,0.001805798692099195,0.0009310892022953707,5.280438851001366e-05,5.226125080358774e-05,5.258328247538737e-05
662.0,0.3644489040101135,0.005117612919330309,0.001801856329875236,0.0009298413201054297,5.282810145316735e-05,5.228202877704572e-05,5.258274097779711e-05
663.0,0.3643079555385523,0.005082178339841046,0.001798413867598138,0.0009285465585119458,5.285014498201862e-05,5.228967471332615e-05,5.257890847027879e-05
664.0,0.3646153844630683,0.005094655288994152,0.001795874310452792,0.000927297893655584,5.287235932616341e-05,5.229579393684906e-05,5.25671952185091e-05
665.0,0.3650772776275495,0.005169036811004504,0.001794101779484047,0.0009260179399737092,5.287660194844697e-05,5.230521445112604e-05,5.255236361271305e-05
666.0,0.3651336394656195,0.005073455318923075,0.00179048175309279,0.0009248031940423823,5.288584232931822e-05,5.232926168808265e-05,5.25409382602803e-05
667.0,0.3657527966320456,0.005056236766714954,0.001788470349200315,0.0009235274769188443,5.28927869237692e-05,5.235426086520047e-05,5.251928579464663e-05
668.0,0.3662494322577219,0.005106439960960831,0.001786193089290065,0.0009222901163267035,5.290533572812353e-05,5.236748074692922e-05,5.249705620965239e-05
669.0,0.3667877118982828,0.005084273343484319,0.001783459592836632,0.0009210212127865674,5.290990272131514e-05,5.237983902543906e-05,5.247859779705607e-05
670.0,0.367213542863835,0.005045207266691783,0.001780821455320158,0.0009197989366352434,5.291643293288612e-05,5.240492067624421e-05,5.246309288436415e-05
671.0,0.3678665803047574,0.005289448571300075,0.001781710934820092,0.0009185152333412932,5.292799576393388e-05,5.242205662647623e-05,5.247393237591946e-05
672.0,0.3692737328679729,0.005143143249056518,0.001777793468239576,0.0009172574839229938,5.29211549950408e-05,5.244171345873074e-05,5.245240749520891e-05
673.0,0.3700597953025078,0.006067262942918634,0.001778470103480182,0.0009159248072502794,5.292227120934187e-05,5.248290386320199e-05,5.242625954147598e-05
674.0,0.3708130270063092,0.006493895607539303,0.001795961446630668,0.0009146913791964857,5.294071620752856e-05,5.252121607172378e-05,5.240839403898406e-05
675.0,0.3728021878573757,0.006401326766903432,0.001807265076451011,0.0009133920305371167,5.291891281315823e-05,5.248964726255921e-05,5.238778658470146e-05
676.0,0.3727505428120955,0.005666449982907789,0.001811187123286176,0.0009121385250070515,5.289601579236635e-05,5.250819642874963e-05,5.236688121046775e-05
677.0,0.3736679382123911,0.005473516301451059,0.001799885999656127,0.0009108236672899676,5.289319553619198e-05,5.253334576087813e-05,5.23599700703349e-05
678.0,0.3733902705208249,0.007349008291846555,0.001796459490578029,0.0009095650079533829,5.290481539186263e-05,5.257800584048662e-05,5.23385815665906e-05
679.0,0.374363488174343,0.008947640118118343,0.00187691459534104,0.0009082688675679369,5.293659967354597e-05,5.261039152444951e-05,5.233489874492042e-05
680.0,0.3744607471153303,0.007955453620039198,0.001884274376111628,0.0009070291737381357,5.289045994172693e-05,5.257052139030853e-05,5.228852949221164e-05
681.0,0.3752237610818225,0.006756663905200524,0.001853967108786493,0.0009057344352073768,5.285054214439338e-05,5.257456103252472e-05,5.22616835547855e-05
682.0,0.3758057089845982,0.006157450792359652,0.001833731600428469,0.000904493843087518,5.28364578156795e-05,5.259431386441926e-05,5.224507039641435e-05
683.0,0.3766145717023274,0.006063238279160893,0.001828288841436985,0.0009032069050189632,5.282053581808342e-05,5.259301371711088e-05,5.222316389774088e-05
684.0,0.3773636991019043,0.005814933341547186,0.001807509287313107,0.0009019618033752629,5.280958591028259e-05,5.26223088047719e-05,5.221524941162537e-05
685.0,0.3776966886380174,0.005578585344743781,0.001790288827876842,0.0009006739797332991,5.27994846066414e-05,5.263366069909755e-05,5.219882252078094e-05
686.0,0.3779678935027841,0.005497469276649403,0.001776955612217905,0.0008994439396258751,5.278481149015319e-05,5.264111475981568e-05,5.218275660499438e-05
687.0,0.378296806056353,0.00528501950088328,0.001763535439101998,0.000898168774814452,5.276695278128665e-05,5.26541758514138e-05,5.2155196984231e-05
688.0,0.3789035897376288,0.005380961636310755,0.00175436916629655,0.0008969484702618639,5.274497859967583e-05,5.26774752189558e-05,5.213816103435912e-05
689.0,0.3794961100809011,0.005209815323120977,0.001744086943430023,0.0008956879142422036,5.272388433859438e-05,5.26923877400642e-05,5.210769034937454e-05
690.0,0.3799993974872427,0.005302664198728426,0.001737333802415638,0.0008944796729964402,5.270176122693341e-05,5.271451236385567e-05,5.208716197287122e-05
691.0,0.3809355768970304,0.005216162964373077,0.001729505198852662,0.0008932167798920587,5.266251167042745e-05,5.274020106972906e-05,5.206867835935173e-05
692.0,0.3817118492573964,0.005216434706058248,0.001724145795695561,0.0008920058231534383,5.26400876948987e-05,5.276204149773837e-05,5.206016552601279e-05
693.0,0.3818241743650532,0.005266255202909711,0.001719239292098996,0.000890740456490301,5.259935495529746e-05,5.276754774223865e-05,5.204705232483552e-05
694.0,0.3817919403413319,0.005100871669981403,0.001711804945558819,0.0008895485414833352,5.256849960906198e-05,5.275437130989175e-05,5.201016843966377e-05
695.0,0.3822109118424828,0.005110614791647162,0.001707839575593223,0.0008882863755034415,5.25362015881377e-05,5.276537528654087e-05,5.197950384858374e-05
696.0,0.3824698206519245,0.005044603682321209,0.001701911785764238,0.000887109001721605,5.250850872360396e-05,5.276039751119135e-05,5.195588320266408e-05
697.0,0.3830429345472095,0.005134906355032604,0.001699217578310675,0.000885872183567623,5.248121670750489e-05,5.276249069041537e-05,5.192835844918537e-05
698.0,0.3833509270486603,0.005131638532513188,0.001695248192958378,0.0008847032399528312,5.243643971267449e-05,5.277036469872599e-05,5.18981852431905e-05
699.0,0.3836581471188062,0.00507799135761128,0.00169134262223262,0.0008834713174668331,5.240078341657465e-05,5.279164990698355e-05,5.186066799377947e-05
700.0,0.3837161563319056,0.005223117308326027,0.001689319474584264,0.0008823109710452401,5.237554869675101e-05,5.280884114151916e-05,5.183575935615194e-05
701.0,0.3836962902407061,0.005243167161518315,0.001685365467807095,0.000881095071940348,5.233975332886278e-05,5.281015459810234e-05,5.180387397839562e-05
702.0,0.3840004947220632,0.005275039976440255,0.001682836022160861,0.0008799389611411929,5.22991241075341e-05,5.281141324641171e-05,5.177159845392176e-05
703.0,0.3844019047393081,0.005133120585369474,0.001677148118459229,0.0008787327261189552,5.225712891639282e-05,5.280659486963128e-05,5.173766925065592e-05
704.0,0.3848060307183257,0.005120315562100996,0.001674619342325106,0.000877601543026694,5.222255479340129e-05,5.280326809714353e-05,5.169818493815053e-05
705.0,0.3848547148036581,0.004962114918294537,0.001669820149282195,0.0008763992601077995,5.218335837952061e-05,5.279717692634137e-05,5.166151134638535e-05
706.0,0.3848434664193857,0.004926610348369316,0.001665193535270644,0.0008752671270717292,5.214703934201919e-05,5.280197278245206e-05,5.1624145499389e-05
707.0,0.385098622849687,0.004919717984946222,0.001662953203746659,0.0008740899671259392,5.210491879598987e-05,5.279554880375152e-05,5.157486799645182e-05
708.0,0.3855558532585165,0.004947499091427082,0.001660107194693434,0.0008729770698331921,5.207468545394427e-05,5.278844910038188e-05,5.152607621927503e-05
709.0,0.3856926545320319,0.005013869615789715,0.001657926789967227,0.0008717584307714653,5.205358139322491e-05,5.2783889640428e-05,5.149213489940757e-05
710.0,0.3858647227948458,0.005169843929937181,0.001657272509015815,0.0008706324732154462,5.202876522243235e-05,5.278071257854349e-05,5.145670628855064e-05
711.0,0.385759576329177,0.005089239777200461,0.001652919500981837,0.0008694786432447102,5.1994534167202e-05,5.276272900771764e-05,5.140816424119219e-05
712.0,0.3862264024754673,0.005094264602183816,0.001650561531506083,0.0008683868945560196,5.19814653116006e-05,5.276101142780792e-05,5.1390054107268e-05
713.0,0.3859442166917461,0.004988511084565308,0.001646273563700553,0.0008672389721507938,5.193412152723289e-05,5.275398065005307e-05,5.13239172847593e-05
714.0,0.3865796645276073,0.005074992249121026,0.00164449814938629,0.0008661377764194151,5.189155085337589e-05,5.274527215322168e-05,5.127588308610995e-05
715.0,0.3860708640557746,0.0049675069878619,0.001640006693889914,0.0008650118934104658,5.184951886290799e-05,5.272817381742932e-05,5.121626654003145e-05
716.0,0.3860211998202355,0.005001242631619622,0.001637343562847494,0.000863934259491091,5.180578565503235e-05,5.271047497714572e-05,5.114122389677173e-05
717.0,0.3856565035561596,0.005092985711188104,0.001634640693465396,0.0008628099040594976,5.176087136515811e-05,5.268719800035034e-05,5.108853186015004e-05
718.0,0.3861235274588068,0.004996439407122058,0.00163059131894709,0.0008617193412376739,5.172817947251384e-05,5.266946411777948e-05,5.103393695001707e-05
719.0,0.385835361015716,0.005056438707339916,0.001630008608368468,0.0008605998059926885,5.168110106229422e-05,5.2648634964846e-05,5.097799633754567e-05
720.0,0.3859626128208392,0.004983568602968814,0.001625261833946636,0.000859529979981808,5.164115191651944e-05,5.262169867960489e-05,5.091512434634648e-05
721.0,0.3862928793326229,0.005083808936787924,0.001622721435449589,0.0008584201456014491,5.160832150013641e-05,5.259107571005258e-05,5.084801737103156e-05
722.0,0.3860187942948519,0.005192685008286459,0.001621135985583905,0.0008573667096784512,5.158503955869236e-05,5.256386045708013e-05,5.079187565290869e-05
723.0,0.3860888478876423,0.005293182448437623,0.001632112928887027,0.0008562681474371376,5.154954438474161e-05,5.252487484948496e-05,5.072479573423641e-05
724.0,0.3857405439375698,0.005499390363159449,0.001640519846059333,0.0008552440612655436,5.150433467015664e-05,5.249025969295917e-05,5.065961050716665e-05
725.0,0.3861883253215194,0.005379562313101856,0.001647294216169982,0.0008541608760720444,5.14834233594735e-05,5.246779531000559e-05,5.059654569090449e-05
726.0,0.3863043277508203,0.005336617088880101,0.001639002335473138,0.0008531234684352781,5.146518539189853e-05,5.245275418082878e-05,5.054470140168375e-05
727.0,0.386122900523223,0.005196842143629424,0.001629363011340346,0.0008520463285034801,5.144263525179926e-05,5.242805839261254e-05,5.04914077613983e-05
728.0,0.3860161755072372,0.005037179817879767,0.00162224790256157,0.000851021353970347,5.140539177449897e-05,5.24027668447021e-05,5.042167247222197e-05
729.0,0.3861379124110677,0.004987140353004343,0.00161559618313511,0.0008499356337277747,5.13679193259118e-05,5.238853774354865e-05,5.035635031525435e-05
730.0,0.3861411746939645,0.005147451815498108,0.001612769302196142,0.0008488943884526443,5.132703410309375e-05,5.237016251366256e-05,5.029516584728394e-05
731.0,0.3863937938358807,0.005212365960639388,0.001607847938532198,0.0008478237078198292,5.129430803366784e-05,5.235139637718493e-05,5.024356335397975e-05
732.0,0.3863714693867206,0.00524602266208187,0.001603242922269999,0.0008468159036929446,5.12505715685163e-05,5.232166442074764e-05,5.018068445434684e-05
733.0,0.3868541934224058,0.005467624506608577,0.001612381347548361,0.0008457595144765264,5.12081165405763e-05,5.22838361026359e-05,5.011789154150763e-05
734.0,0.3873446613190988,0.005317233845018277,0.001618426872330715,0.0008447626803894444,5.117669360037418e-05,5.22313371239315e-05,5.005670263881126e-05
735.0,0.3877060202172422,0.0054290211431517,0.001610852817760608,0.0008437307657068621,5.116819255708582e-05,5.220653564368568e-05,5.000040160322937e-05
736.0,0.3875889171964135,0.005606109017496874,0.001620065553392806,0.000842746723318411,5.112598523476698e-05,5.216216509799342e-05,4.992181750690804e-05
737.0,0.3879725481132552,0.005333614181645857,0.001621208616327229,0.0008417092402201289,5.109316484153773e-05,5.212942702519261e-05,4.985528031063775e-05
738.0,0.3880077292222231,0.005319894817015938,0.001611207301827825,0.0008407257962109189,5.106565275521111e-05,5.209848549267639e-05,4.979532853989281e-05
739.0,0.3880439010773215,0.005339888527418069,0.001601907302393428,0.000839680008557904,5.102626325714208e-05,5.208162078817674e-05,4.973051200089426e-05
740.0,0.3884423096967038,0.005162147004835677,0.001605309856920031,0.0008386994232802978,5.097408366063329e-05,5.202668773240688e-05,4.966909818999991e-05
741.0,0.3885164067126302,0.005367989238324236,0.001597656521442813,0.0008376671868569467,5.095770800672288e-05,5.198053660225303e-05,4.961490245613955e-05
742.0,0.3889353357197154,0.005105469715319387,0.001600405974077706,0.0008366793099698443,5.093344415363718e-05,5.193476659104097e-05,4.954311272162958e-05
743.0,0.388807123697598,0.005000896358266565,0.001590208136015754,0.0008356352873605462,5.090015291674866e-05,5.18981759768183e-05,4.948340145038375e-05
744.0,0.3882825904549658,0.005134275099473618,0.001583414483223975,0.0008346713431583056,5.086412382984994e-05,5.185291893679354e-05,4.942580078321415e-05
745.0,0.3882581350177675,0.004953895398357993,0.001573332883609978,0.0008336558030811368,5.083608920174183e-05,5.180396490143991e-05,4.935467293813946e-05
746.0,0.3882085596129426,0.004876070309096004,0.001568408375119355,0.0008327098026245672,5.079907737866577e-05,5.176156400003218e-05,4.92913990331424e-05
747.0,0.3881298833345912,0.004753352283906024,0.00156180920335062,0.0008317115895296003,5.077126745635767e-05,5.171828172829905e-05,4.922087015800831e-05
748.0,0.3882586487430198,0.004882293643871389,0.001557137755529129,0.0008307606520855149,5.074430114647706e-05,5.167934083159984e-05,4.914989914436545e-05
749.0,0.3881016291342881,0.004774933347038756,0.00155299753193509,0.0008297337621157027,5.071070158335704e-05,5.164900824281296e-05,4.907773914738014e-05
750.0,0.3878095539612146,0.00505464394704655,0.001550442208939919,0.0008287708276632138,5.068775928318714e-05,5.160172382120229e-05,4.900742355964517e-05
751.0,0.3877302336870598,0.004897182508935722,0.001546022469632323,0.0008277339187704781,5.064737223969248e-05,5.156117492351925e-05,4.892649194303684e-05
752.0,0.3875132691627666,0.004811694169220552,0.001541349919335721,0.0008267502650745196,5.062019299501561e-05,5.152863942218635e-05,4.8865431400457e-05
753.0,0.3871303296542941,0.004688590549096401,0.001537842526076832,0.0008257053188458251,5.059635964001954e-05,5.149347407877057e-05,4.880650589577e-05
754.0,0.3869474741344821,0.004633504365098754,0.001534719586331287,0.000824713667566252,5.057486670967176e-05,5.145637579026154e-05,4.874568570895662e-05
755.0,0.3871629188573517,0.004744598914849333,0.001532367943140485,0.000823683971753382,5.055764048628214e-05,5.142616560086075e-05,4.869382950849391e-05
756.0,0.3871913639590169,0.004633390519443198,0.001528664566452716,0.0008227236219630248,5.053682798293164e-05,5.139341951332554e-05,4.863054757157763e-05
757.0,0.3872862958598089,0.004860572592052149,0.001527715263578746,0.0008216948252815746,5.051683387538193e-05,5.13768935306939e-05,4.856884552088369e-05
758.0,0.3876530669656412,0.005016084358734627,0.001526566237453683,0.0008207243503738008,5.049452473047141e-05,5.134026833549079e-05,4.850873678491228e-05
759.0,0.3877676679193564,0.004977331174190192,0.0015381776150985,0.0008197022204125202,5.047639456732562e-05,5.130117289469943e-05,4.843428934949919e-05
760.0,0.3883292292265632,0.004687315060609439,0.001531277449005901,0.0008187391083637756,5.04696680782858e-05,5.127187377890275e-05,4.837676174142555e-05
761.0,0.3883429700672105,0.004775867579406491,0.001528239650079863,0.000817738449838415,5.046763343576948e-05,5.12410135658806e-05,4.833178958589472e-05
762.0,0.388198078223539,0.004605453835502207,0.00152276944907329,0.0008167771250459965,5.045981312170967e-05,5.121483275612715e-05,4.827644423525656e-05
763.0,0.3882293390362726,0.004558103742179714,0.001519913692376932,0.0008157649073135285,5.04558634743996e-05,5.118918510950332e-05,4.82121437412438e-05
764.0,0.3882962276769345,0.004523458165512229,0.001516633461729833,0.0008148032738920417,5.044751211419e-05,5.116179931360133e-05,4.814543495221958e-05
765.0,0.3886210040013919,0.004529563714951741,0.001514311987728652,0.0008138040322971087,5.044731428211775e-05,5.113655200088619e-05,4.808704897710085e-05
766.0,0.3887710451956344,0.004506087833339748,0.001511908295588627,0.0008128592189646063,5.044812081657436e-05,5.111191872425257e-05,4.802903870705234e-05
767.0,0.3886627426972526,0.004482644690385219,0.00151000184515057,0.0008118622209492493,5.043486341596791e-05,5.108871869017096e-05,4.796302994120205e-05
768.0,0.3885047478276396,0.004649459524634703,0.001509068544546934,0.0008109182030947596,5.04109391318203e-05,5.105862799173391e-05,4.790064731115884e-05
769.0,0.3888692150150411,0.004720115103848233,0.001508782235378626,0.0008099309949538169,5.03904500407989e-05,5.102267727887723e-05,4.78503886517106e-05
770.0,0.3890204896731051,0.00456755601641181,0.001504353376943843,0.0008089967710300001,5.037894783502419e-05,5.098862529032507e-05,4.779135920733243e-05
771.0,0.3891333664194289,0.004500613617874491,0.001501445169119402,0.0008080253618031121,5.037306651558447e-05,5.096626475411412e-05,4.774141674244854e-05
772.0,0.388873198802238,0.00456883614400031,0.001500424023638007,0.0008070970940536569,5.036567002103165e-05,5.094455892492973e-05,4.768429002370273e-05
773.0,0.3889488002221951,0.004505738847323837,0.00149738486346482,0.0008061274663721385,5.036463422052048e-05,5.091152012445384e-05,4.762781829538679e-05
774.0,0.3890687752370862,0.004532782423725793,0.00149523187087509,0.0008051976997018077,5.034719624005211e-05,5.087680360781867e-05,4.754960459019101e-05
775.0,0.3889054674445522,0.004577023996537372,0.001493663014146629,0.0008042303426376183,5.033166686807734e-05,5.083057868865673e-05,4.748343269400554e-05
776.0,0.3892583054027242,0.004483552276867741,0.001490514619383493,0.000803299444525446,5.03074314883085e-05,5.079047819746008e-05,4.740622496832673e-05
777.0,0.3888600789724953,0.004465826233759731,0.001488548044506735,0.0008023175146933218,5.029010411395348e-05,5.076411611439377e-05,4.733087716560641e-05
778.0,0.3886740461063003,0.004443262481605155,0.001486162241195012,0.0008013802466495532,5.026305847584805e-05,5.072223288959129e-05,4.726323170220529e-05
779.0,0.3886894625661119,0.004663398511231697,0.001486326656255848,0.0008004117620860991,5.024296853847951e-05,5.06892558018827e-05,4.719773174156756e-05
780.0,0.3885420792585406,0.004551235609878673,0.001483620260103184,0.0007994971665644451,5.025099447799054e-05,5.065099307248062e-05,4.713009953438446e-05
781.0,0.3882308909148469,0.004458926810141051,0.001480564901058551,0.0007985204880413451,5.023905333558173e-05,5.062128245153184e-05,4.705441202157129e-05
782.0,0.3875338195088284,0.004373349518136643,0.001477902721915669,0.0007975807474290018,5.02198052121126e-05,5.059743349140385e-05,4.69764889860596e-05
783.0,0.3869358545097498,0.004340585120756622,0.001475144918803179,0.0007965948839504691,5.020518159824141e-05,5.055735648223192e-05,4.689969806894379e-05
784.0,0.3862570444645831,0.004324539033631088,0.001472742744297805,0.0007956428929409372,5.018690777772901e-05,5.051893972953236e-05,4.681892359087225e-05
785.0,0.3858455588554082,0.004353000635951963,0.001471169977625571,0.0007946596806986518,5.016461394912089e-05,5.048300718141633e-05,4.673633108983331e-05
786.0,0.3859004385805328,0.004486622942062495,0.001471747462307109,0.0007937034983945343,5.015689797808941e-05,5.044997362410462e-05,4.665841623852136e-05
787.0,0.3859456256982506,0.004557566333299161,0.001469568722877133,0.0007927213877447903,5.01472734837076e-05,5.042062041724762e-05,4.659292647202741e-05
788.0,0.3857029253482608,0.004542962323242074,0.001468845287006054,0.0007917611709222102,5.014171611060627e-05,5.038812320783979e-05,4.650846290194615e-05
789.0,0.3855803095035938,0.00438172905261203,0.00146582433061667,0.0007907727248541827,5.012731469408058e-05,5.035563972538062e-05,4.641763076607777e-05
790.0,0.3851579568133239,0.004394186329579206,0.00146563939701245,0.000789794656791687,5.010829878179168e-05,5.032702031850108e-05,4.634092077803825e-05
791.0,0.384812633054787,0.004481071630540789,0.001464670494037455,0.0007887934332810748,5.008826102080984e-05,5.029648667674401e-05,4.625747662640101e-05
792.0,0.3846112235613754,0.004498243514975484,0.001462864728178822,0.0007878028339710952,5.00818471614339e-05,5.026936267707523e-05,4.618087855692833e-05
793.0,0.3842088292534477,0.004399044526778736,0.001460983636828581,0.0007867735386635306,5.006505052810433e-05,5.023839716588175e-05,4.609861732894917e-05
794.0,0.3838507083384304,0.004396978825087984,0.001460461859191606,0.0007857662469492609,5.005110402473434e-05,5.020281877942832e-05,4.601933830223289e-05
795.0,0.3836344587936458,0.004272446121109084,0.001458645356990264,0.0007847209594079078,5.003297546625399e-05,5.016975446295897e-05,4.594089822804063e-05
796.0,0.3831821538197649,0.004410847386770596,0.001458582692472765,0.0007836921129834621,5.001927791038104e-05,5.013931927769229e-05,4.586816689106298e-05
797.0,0.3827012806540047,0.004339261469323599,0.001456717978222548,0.0007826192709021693,5.000238271738341e-05,5.009231105313533e-05,4.578406703781757e-05
798.0,0.3822665926950515,0.004560087840853156,0.001458138828589421,0.0007815849754351391,4.997978214061705e-05,5.004110393954634e-05,4.571081796632261e-05
799.0,0.3822321763868192,0.004489581687716025,0.001456514993632834,0.0007805138491130077,4.995456703116382e-05,4.999055795788807e-05,4.56231887320753e-05
800.0,0.3821465520812761,0.004360223858903599,0.001454555876092066,0.0007794707664490271,4.993499771483919e-05,4.995856443727117e-05,4.555534657821243e-05
801.0,0.381599528103452,0.004325548928667527,0.001453319268805112,0.0007783967398840071,4.991755376511884e-05,4.993438692630248e-05,4.548242933234577e-05
802.0,0.381267093778791,0.00459223634248187,0.001454974592838134,0.0007773540118301323,4.989950920338537e-05,4.9893938876372e-05,4.541195303356823e-05
803.0,0.3810512375624271,0.004516541178572134,0.001452714163858319,0.0007762682326657982,4.988157314727674e-05,4.986330063547655e-05,4.533073308453278e-05
804.0,0.3807567100454751,0.004495123766789548,0.00145190607706847,0.0007752035800078034,4.986840340800925e-05,4.98229771197096e-05,4.526288642680431e-05
805.0,0.3808587144141523,0.004580202806681046,0.001452267793351874,0.0007741061208411298,4.98427848881415e-05,4.977930048157209e-05,4.518321744498333e-05
806.0,0.3802599312914566,0.004643091325272087,0.001452229428887063,0.0007730485049873517,4.98121706558063e-05,4.973140626980492e-05,4.511866111467726e-05
807.0,0.3799702797934646,0.004501379180981219,0.001449742658793222,0.000771965311550958,4.978551011416942e-05,4.968502853319714e-05,4.505823782381493e-05
808.0,0.3793309259194088,0.0044856047480986,0.001448102065786699,0.0007708955494669584,4.976209075999873e-05,4.962759471222017e-05,4.497859399148952e-05
809.0,0.3786745456785796,0.004368596475329297,0.001446322927764947,0.0007698140752408914,4.972946912364226e-05,4.957792125198621e-05,4.489479799421355e-05
810.0,0.3782123906653914,0.004427683318822226,0.001445638878901487,0.0007687541906189668,4.969864247370321e-05,4.953174731521922e-05,4.4819272345119e-05
811.0,0.3782103474691125,0.004424368391532663,0.001444388197103095,0.0007676955152216194,4.96733121035187e-05,4.948594924625115e-05,4.475728097313424e-05
812.0,0.378313021359492,0.00459746058866049,0.00144635691527498,0.000766656238617692,4.96422174777025e-05,4.94373406906437e-05,4.469728995729154e-05
813.0,0.3777561271163491,0.004515598609522617,0.001444915524910934,0.0007656187389696427,4.960051687911063e-05,4.939108336491917e-05,4.462580855615581e-05
814.0,0.3774537666727258,0.004413527453534505,0.001442463143696284,0.0007646021110027192,4.9567006735638e-05,4.934036679147967e-05,4.455623080255981e-05
815.0,0.3775765373199028,0.00442078409831765,0.001441172086331356,0.0007635890965297529,4.9526095379386e-05,4.928930020955881e-05,4.450413423696633e-05
816.0,0.3771791940407856,0.004359258537165474,0.001439012086494863,0.0007625981529612838,4.94821320250258e-05,4.923447573682912e-05,4.443389760783862e-05
817.0,0.3768688383944847,0.004475087347520645,0.001438786339570458,0.00076162379376549,4.943371469752773e-05,4.91791945980452e-05,4.437556233634419e-05
818.0,0.3763809091451242,0.004344044004902277,0.001435654894622207,0.0007606681576262327,4.938352465638357e-05,4.9118941051375e-05,4.431343747784489e-05
819.0,0.3760534946973161,0.004344216378656874,0.001434926720930786,0.000759718101193197,4.933837616422787e-05,4.906597431198646e-05,4.425286304799679e-05
820.0,0.375794683401858,0.004219799652623726,0.001432923601749775,0.0007587843108939659,4.929568021137037e-05,4.901057497836142e-05,4.41966451369363e-05
821.0,0.375768656894418,0.004315981541410531,0.001432284665883182,0.0007578822874960222,4.925095400460591e-05,4.896034007670503e-05,4.415034860589631e-05
822.0,0.3756327204277775,0.004309388171942708,0.001430681261635926,0.000757012047175952,4.919755454497709e-05,4.891902331967931e-05,4.409087485446947e-05
823.0,0.3751399655788436,0.004322448942892533,0.00142965851634594,0.000756143951817268,4.914544027663206e-05,4.886693549827685e-05,4.404509510077578e-05
824.0,0.3748869877512889,0.004211998305575701,0.00142719247763734,0.0007552921590519362,4.909084852594886e-05,4.881587237628435e-05,4.398536564599353e-05
825.0,0.3747739790904728,0.004302029359012972,0.001426867122146743,0.000754461485430102,4.904137283012169e-05,4.876146239327466e-05,4.393384658625979e-05
826.0,0.3747024462757491,0.004297750526332743,0.001426452672228583,0.0007536454785566807,4.899446097878207e-05,4.872268383976892e-05,4.389972511885639e-05
827.0,0.3742820502440197,0.004243907861682653,0.001424827313289387,0.0007528413235637709,4.894390075688061e-05,4.867809215197284e-05,4.385827289861676e-05
828.0,0.3738021780772506,0.004209583005770011,0.001423693334109123,0.0007520534527769398,4.888204342837022e-05,4.862925871500065e-05,4.380849552580161e-05
829.0,0.37369603343277,0.00425527191832743,0.00142325275821628,0.0007512745419251518,4.882336122225081e-05,4.858145974767908e-05,4.37598299158422e-05
830.0,0.3733538236157232,0.004220749956573224,0.001421250076347618,0.000750505128986783,4.876623020708869e-05,4.853069515842489e-05,4.371286165212046e-05
831.0,0.3729516026803906,0.004259576946539908,0.001421420205959182,0.0007497392532499173,4.871327490528513e-05,4.848062403036538e-05,4.366991793328106e-05
832.0,0.3724425065120969,0.004186317847077462,0.001419374118739542,0.0007489849867830475,4.865389182115039e-05,4.843830545136236e-05,4.362384982266983e-05
833.0,0.3717069735580555,0.004214992536446615,0.001418408467368396,0.0007482279330800902,4.860663198771704e-05,4.840182210206923e-05,4.359177247912649e-05
834.0,0.3712383559831365,0.004217801724699189,0.001417852282756148,0.0007474948120184238,4.856115412377921e-05,4.836405442667797e-05,4.357260338558298e-05
835.0,0.3710057896889452,0.004178603586527161,0.001416932438942943,0.0007467492571867288,4.850741684727896e-05,4.832460412811009e-05,4.353515695481766e-05
836.0,0.3708909318801514,0.004228395231869532,0.001417111960290846,0.0007460339127755493,4.844798967391771e-05,4.828646692650936e-05,4.350330909910343e-05
837.0,0.3710471403852637,0.004256391159837398,0.001417103011454324,0.0007453002528844115,4.839467015912443e-05,4.824444440493747e-05,4.347260787069734e-05
838.0,0.3704742775022962,0.004265594646061036,0.00141611853012086,0.0007446029980258713,4.834256983610411e-05,4.820928132411456e-05,4.345365792908395e-05
839.0,0.3705201920759063,0.004379666508479919,0.00141575299065443,0.000743888674361254,4.828855848026554e-05,4.817651039482231e-05,4.344381837928206e-05
840.0,0.3703760639557659,0.004311604482248564,0.001414057118378691,0.000743207099379246,4.823181693598647e-05,4.81401088508563e-05,4.341054827913367e-05
841.0,0.3702088226067884,0.004248321827009016,0.001413093182674844,0.000742504856056036,4.818211934241726e-05,4.811027993774557e-05,4.339038506558671e-05
842.0,0.3700330048040346,0.004323208435051761,0.001412469601891484,0.0007418319730013814,4.812313567973672e-05,4.806994783932784e-05,4.336563659757773e-05
843.0,0.3694241771540232,0.004331683423455656,0.001411744510975387,0.0007411349194585089,4.806721770543009e-05,4.803149363702921e-05,4.334460587367685e-05
844.0,0.3691399219720068,0.004257573465195538,0.001410411986134001,0.0007404633982778871,4.801247356266959e-05,4.799998752712186e-05,4.333046502331201e-05
845.0,0.3690258664881098,0.004306260256412159,0.001409711729965074,0.000739763289550739,4.796093923441255e-05,4.797918458287933e-05,4.333264743158936e-05
846.0,0.3688264536384135,0.004267173690315205,0.001408686843589981,0.0007390885111408673,4.789856004609377e-05,4.794229455575077e-05,4.330913007660677e-05
847.0,0.3683028683896357,0.004292928510158162,0.001408105378633026,0.0007383884077921333,4.783567657033162e-05,4.790683026774584e-05,4.328866156413029e-05
848.0,0.3680191271737478,0.004316945304512381,0.001407012453853087,0.0007377125267402089,4.777025691265127e-05,4.786855687657478e-05,4.327152192666985e-05
849.0,0.3678978913191452,0.004217208300816492,0.001405584127949527,0.0007370195383093758,4.770427574291796e-05,4.783970745599271e-05,4.325079502235679e-05
850.0,0.3679369274089143,0.004277230427215945,0.001405734908833643,0.00073635723396664,4.764741123584312e-05,4.78246413252899e-05,4.32387893597524e-05
851.0,0.3678047144707914,0.00421512649234989,0.001404356958460328,0.0007356634635061822,4.758665587529452e-05,4.780006822764457e-05,4.322168338078477e-05
852.0,0.3676445755234344,0.004227062624762952,0.001404186793505235,0.0007350036060362178,4.752119036455259e-05,4.776890574853078e-05,4.321110872609511e-05
853.0,0.3672070216813755,0.004165843710200836,0.001403222488368583,0.0007343080118151084,4.744386632282333e-05,4.772994888309634e-05,4.318965978538584e-05
854.0,0.366909822999586,0.004238014458666869,0.001403582355775082,0.0007336404593659733,4.737568717031753e-05,4.769563228236906e-05,4.31780453973828e-05
855.0,0.3664245510851988,0.004290359933854866,0.001403831977419564,0.0007329395874511476,4.731113111950872e-05,4.767187448976687e-05,4.315775540565484e-05
856.0,0.3667900791068957,0.004295831138109176,0.001403845084063884,0.0007322635590735057,4.724175668520815e-05,4.763667007994778e-05,4.314254598010476e-05
857.0,0.3669081413903332,0.004319070998913828,0.001403753424814909,0.0007315585500058651,4.718358063835768e-05,4.761931308846479e-05,4.315421405123095e-05
858.0,0.3669313267321139,0.00432850227143492,0.001402963909077126,0.0007308735521453977,4.711824408915005e-05,4.75838067086825e-05,4.316900815867327e-05
859.0,0.3670524750605687,0.004311916178190836,0.00140316433855958,0.000730158137101142,4.704458868739209e-05,4.755063792629002e-05,4.31640077445276e-05
860.0,0.3669234728925218,0.004292761887377755,0.001403004070837718,0.0007294669213485548,4.697569086170361e-05,4.751571332913897e-05,4.316423051209931e-05
861.0,0.3664683814004482,0.004353199360287148,0.001402264327395328,0.0007287542904867972,4.690430569026561e-05,4.748101758794065e-05,4.317375076922716e-05
862.0,0.3666788037861338,0.00438390233595428,0.001401348213754175,0.0007280583691074233,4.682624375450294e-05,4.744995104579131e-05,4.318482599290749e-05
863.0,0.366169158064128,0.004469221107772659,0.00140162433736719,0.0007273548577275974,4.676348716188889e-05,4.743813930304625e-05,4.32013961259027e-05
864.0,0.3663799743509627,0.004437734753980471,0.001399943561460761,0.0007266727402588897,4.669326404231775e-05,4.740201402872151e-05,4.320150708812295e-05
865.0,0.3661706588816174,0.004354980608318652,0.001398409391512097,0.0007259764727847706,4.661386746754493e-05,4.735819938297702e-05,4.31930736555502e-05
866.0,0.366813630720016,0.004458560275705699,0.001398159217217472,0.0007252787522501657,4.653355700279765e-05,4.732507623129697e-05,4.317611011131093e-05
867.0,0.3670508973930239,0.004519952003323093,0.0013970815404125,0.000724576658278252,4.648078169507708e-05,4.73035073982658e-05,4.318166801235683e-05
868.0,0.3667152418431082,0.004441121778265986,0.001394888164437077,0.0007238870406815617,4.641049261870331e-05,4.726012561992588e-05,4.317380080162635e-05
869.0,0.3665450436983954,0.004478205513380587,0.001395846527963154,0.0007231803823159932,4.633965464775777e-05,4.723165631111204e-05,4.316765106362529e-05
870.0,0.366057946677881,0.004505991116481051,0.001395422483453364,0.0007224858780392843,4.627449017977886e-05,4.719369001858218e-05,4.314813613382535e-05
871.0,0.3659869630482581,0.004479259770286393,0.001394102908346773,0.0007217854064878761,4.621275451196103e-05,4.715878372147708e-05,4.311938835776728e-05
872.0,0.3660908725453531,0.004427042278987803,0.001392451384763003,0.000721086292096367,4.615698010891391e-05,4.7127616596611e-05,4.308894635682844e-05
873.0,0.3656610824692162,0.004521535458328531,0.00139312101988711,0.0007203784306197706,4.610037591419513e-05,4.709623832159072e-05,4.306255162651937e-05
874.0,0.3653439616206194,0.004449164480894548,0.001391095070451221,0.0007196760715009598,4.603930896612338e-05,4.706576447292395e-05,4.303697388485191e-05
875.0,0.3651908396289237,0.004428153185714867,0.001389107063030891,0.000718962314789949,4.598424802590889e-05,4.703526809688812e-05,4.30119111019989e-05
876.0,0.3655689098893639,0.004563239476796976,0.001389604445227666,0.0007182614810069551,4.593123908525058e-05,4.699905495087876e-05,4.297756150054403e-05
877.0,0.3660139005539623,0.004578790242278248,0.001388924712324261,0.0007175505204363696,4.589233734260759e-05,4.698256584034779e-05,4.296282673525397e-05
878.0,0.366284769615702,0.004436569909536467,0.001386602446177026,0.0007168500785613078,4.584226891947654e-05,4.694289014965588e-05,4.293978792261743e-05
879.0,0.3659400188754391,0.004376215381394442,0.001384118213819789,0.0007161394575743537,4.57836369399981e-05,4.690898958069634e-05,4.290439718030869e-05
880.0,0.3658977803964936,0.004332318863486917,0.001381584934555638,0.0007154338545112376,4.573992161899741e-05,4.687038159258453e-05,4.286806423669651e-05
881.0,0.3656511704465414,0.004323185420572994,0.001380407440953181,0.0007147172468330291,4.569168404943201e-05,4.68344369020354e-05,4.282858645719492e-05
882.0,0.3655337066472856,0.004355929196409937,0.001378455859638141,0.0007140213389607279,4.565899928444354e-05,4.680648292866711e-05,4.281008761070954e-05
883.0,0.3653411164705024,0.004383479510662412,0.001376866957985451,0.0007133208094681792,4.56195332676709e-05,4.676983976799412e-05,4.279290902306739e-05
884.0,0.3653386291244737,0.004349895353350154,0.001374865534620806,0.0007126374884790676,4.557233480163171e-05,4.672851887689867e-05,4.276293306721903e-05
885.0,0.36512857208023,0.004352798280561695,0.001372852177819236,0.0007119463613232106,4.552164810108592e-05,4.668005403882216e-05,4.274077576005081e-05
886.0,0.3649243333928596,0.004341078442736657,0.001371058012348825,0.0007112663231628216,4.546607768432651e-05,4.663434913158686e-05,4.270980919490684e-05
887.0,0.3648597630933816,0.004386567292262222,0.001369743345707034,0.000710574626364918,4.541307617194647e-05,4.659317558007887e-05,4.269128749962142e-05
888.0,0.3646011870883154,0.004322520451602939,0.001366674154974298,0.0007098841179948075,4.536584550934153e-05,4.654132715406821e-05,4.26617309782746e-05
889.0,0.3642355684502593,0.004261202280897111,0.00136350131135215,0.0007091864939944517,4.533205245473034e-05,4.649966220980066e-05,4.264167469735352e-05
890.0,0.3643973832387954,0.004315548984753476,0.001361864402346819,0.0007085049425187632,4.529379751537345e-05,4.644680920072364e-05,4.261338834376305e-05
891.0,0.3643800557023371,0.004286042981232858,0.001359890960261956,0.0007078083120460897,4.523971960287121e-05,4.639699407637804e-05,4.258403809946827e-05
892.0,0.3640133651726551,0.004226851019594531,0.001357297756726681,0.0007071485162770184,4.518680930963385e-05,4.634686456065314e-05,4.256828891254774e-05
893.0,0.3640875486344576,0.004220917393921547,0.00135468934519852,0.000706457585146584,4.513717182405937e-05,4.628598892068196e-05,4.255219855992007e-05
894.0,0.3646499265084681,0.004297372632402365,0.00135267979567953,0.000705787034582193,4.509039747723327e-05,4.624273742990885e-05,4.255222323172204e-05
895.0,0.364790419393511,0.004269831181426856,0.001349844152981933,0.0007050895609223298,4.505593531392302e-05,4.620380399834361e-05,4.254014956260221e-05
896.0,0.3644010913891663,0.004199077219071446,0.001347171309154817,0.0007044156018018462,4.50272378084605e-05,4.616055242454979e-05,4.252140945623937e-05
897.0,0.3643655921950011,0.004205154170872746,0.001344459109872033,0.0007037239407735167,4.498626693712285e-05,4.612311218058485e-05,4.252034830663124e-05
898.0,0.3639328700074496,0.004173360994228609,0.001342388296560294,0.00070304932760348,4.494182557487755e-05,4.606919730307117e-05,4.251080857357657e-05
899.0,0.3638150918856354,0.004150184990606555,0.001339716732387171,0.000702361684976964,4.489929968273402e-05,4.60271037436587e-05,4.249513124734483e-05
900.0,0.3637849696209192,0.0042112831195946,0.001338101914832841,0.0007016899151659988,4.485657262071853e-05,4.598168434076322e-05,4.247785232979207e-05
901.0,0.3639007235975982,0.004264400475412716,0.001336706624586945,0.0007010002320398657,4.482450655871708e-05,4.594849141184306e-05,4.249015096559501e-05
902.0,0.3635483105867354,0.004179161136652886,0.001333612599486785,0.0007003157916637191,4.477801160345237e-05,4.59135530692615e-05,4.248474762959026e-05
903.0,0.3637803559097235,0.004168433541604399,0.001331732694323537,0.0006996257285050746,4.473494509112266e-05,4.588440733327994e-05,4.251892895796312e-05
904.0,0.3639897331156707,0.004262521560937469,0.001330704307779543,0.0006989387371555687,4.469285905309684e-05,4.586415334195177e-05,4.254798575025245e-05
905.0,0.3640047901254234,0.004158704060924371,0.001329000694616022,0.0006982468959353603,4.464737102030493e-05,4.583639158791856e-05,4.255728011470916e-05
906.0,0.3640846270663725,0.004133993737132876,0.001327791002669312,0.0006975735610562843,4.461308250298798e-05,4.58114776565206e-05,4.257770844495474e-05
907.0,0.3639160905313197,0.004116776578851447,0.001327002354711521,0.0006968868258800663,4.457129209652789e-05,4.577893987116692e-05,4.259924166041136e-05
908.0,0.36386447001092,0.00416164946109912,0.001326381506554625,0.000696216592136727,4.453636992630113e-05,4.575047502632433e-05,4.261247025726761e-05
909.0,0.3637867294395617,0.004204059057833801,0.001326093325950377,0.0006955213262784311,4.448742473570862e-05,4.573302977961983e-05,4.263992121789761e-05
910.0,0.3637954025503749,0.004223629386242171,0.001326706887335961,0.000694846649239997,4.443707494596149e-05,4.571564057108969e-05,4.266620522653937e-05
911.0,0.3635936386076664,0.004163348904506012,0.001325243322684518,0.0006941571321969298,4.439295428755609e-05,4.569586072377958e-05,4.269494674608213e-05
912.0,0.3634360700463281,0.004239983406554844,0.001325584404159639,0.0006934764886948212,4.432391705149833e-05,4.566786589584693e-05,4.269323051258217e-05
913.0,0.3634447466272585,0.004246517981218891,0.001324933045840627,0.0006927805058056283,4.427729362442071e-05,4.564198881383836e-05,4.269628554887601e-05
914.0,0.363456281722463,0.004361103832763837,0.001325404358341041,0.0006920944922116711,4.423894592291911e-05,4.56339615759573e-05,4.269872869149801e-05
915.0,0.363623400118736,0.004286369922401664,0.001324520316590531,0.0006913934348508748,4.418802300028438e-05,4.560620378296267e-05,4.270272471858608e-05
916.0,0.3639475734407627,0.004191813179478523,0.001323858067586023,0.0006907030440447668,4.413504126298864e-05,4.560871184414763e-05,4.274278436232729e-05
917.0,0.3641936497317392,0.004193022544939505,0.001323434692095328,0.0006899814889073315,4.407923956715351e-05,4.558645316335566e-05,4.275302490318854e-05
918.0,0.3641002115831951,0.004145616275845935,0.001322738294181545,0.0006892635820974238,4.403778232209422e-05,4.557330423286572e-05,4.273850052976915e-05
919.0,0.36415560403268,0.004221345519616658,0.001322161598682987,0.0006885526328158285,4.399925852395907e-05,4.555946783420079e-05,4.273025103645386e-05
920.0,0.3642112435161594,0.004238026855101232,0.001321875976305767,0.0006878476314705521,4.394931138001989e-05,4.55333253821483e-05,4.270487966567126e-05
921.0,0.3641493572716257,0.004242803529704116,0.001321073951397014,0.0006871227840286856,4.388428464448791e-05,4.550613800025296e-05,4.267803109455097e-05
922.0,0.3637842012987555,0.004211680194064691,0.001319478137422437,0.0006864178040469561,4.382303554663409e-05,4.548716967515282e-05,4.265632709423275e-05
923.0,0.3638813253561975,0.004248772478697214,0.001318765173363262,0.0006856870871294196,4.376138158659889e-05,4.545940106892543e-05,4.263585210540337e-05
924.0,0.363315474008341,0.004197739032525761,0.001317021924126735,0.0006849705423075202,4.369840399225981e-05,4.543203522886794e-05,4.26097044516509e-05
925.0,0.3629052138558418,0.00422483730193105,0.001316471159237106,0.0006842518094465732,4.364665946795919e-05,4.540593715374574e-05,4.258704826456244e-05
926.0,0.3628379902088865,0.004074630299688533,0.001314095308833286,0.0006835416584193122,4.358217550662889e-05,4.538062393115646e-05,4.25664780021128e-05
927.0,0.3624208476109978,0.004085376344454871,0.001313216843063404,0.0006828120874103699,4.351593870106986e-05,4.535316773477809e-05,4.255083123499578e-05
928.0,0.3622952907732801,0.004079512343435019,0.001311401020737541,0.0006821117788223833,4.344257370698209e-05,4.532435123406165e-05,4.253651006956043e-05
929.0,0.3624377774708588,0.004104226435288098,0.001311280444598865,0.0006813891331939138,4.337312206077718e-05,4.529746244594486e-05,4.252799547751528e-05
930.0,0.3619642224422692,0.004029719597582408,0.001309704521132089,0.0006806935742729182,4.329378672052893e-05,4.526306698543102e-05,4.253345802979339e-05
931.0,0.3619154577960271,0.004118313225926697,0.001309038690046996,0.0006799705653153803,4.32179187404837e-05,4.523035976034265e-05,4.251220788490091e-05
932.0,0.3617938255695338,0.004085401574559546,0.001306866717519936,0.0006792763008084058,4.314396260068648e-05,4.520027889891626e-05,4.250435257352133e-05
933.0,0.3616659478973047,0.004098622520393004,0.001305734982431588,0.0006785597894881886,4.307068679717391e-05,4.51645960910922e-05,4.25017660997938e-05
934.0,0.3610745937097666,0.004167387259479866,0.001305162776943978,0.0006778747551832004,4.299894963048156e-05,4.512104488603156e-05,4.25109955482852e-05
935.0,0.3610680787716005,0.004042841336712451,0.001302173788647559,0.0006771678909992363,4.292801141473316e-05,4.507386576670187e-05,4.250107443686823e-05
936.0,0.3607564332315767,0.004071413355741345,0.001301534554735756,0.0006764782038623016,4.285166327970939e-05,4.502803274076202e-05,4.249020725422847e-05
937.0,0.3605408020492262,0.004035981144445645,0.00129928159193797,0.000675765471373268,4.278215232312798e-05,4.4983016986703e-05,4.247631765303179e-05
938.0,0.3603849577288877,0.004121225015176065,0.001299925951226226,0.0006750776824272251,4.271734407989546e-05,4.494061554061171e-05,4.248420276137831e-05
939.0,0.3596662413669012,0.003976433978846756,0.001297330334182273,0.0006743742384426047,4.264101698960955e-05,4.488283012377123e-05,4.246658530631396e-05
940.0,0.3590882582545532,0.004091225802848809,0.001297188829796213,0.000673684208325994,4.25786835005151e-05,4.48261331460181e-05,4.245579856411672e-05
941.0,0.3585272419273075,0.004000023364763592,0.001294618274844417,0.0006729747551586071,4.253112241048469e-05,4.477382436129007e-05,4.242886407400763e-05
942.0,0.3582992305153291,0.004093752971755611,0.001294543693748412,0.000672286039601023,4.247184257503737e-05,4.471601446405578e-05,4.240642695535926e-05
943.0,0.3582055163459304,0.003955209015379758,0.001292163677291841,0.0006715690674697812,4.241305795640115e-05,4.46742039280538e-05,4.240331667949089e-05
944.0,0.3575467779515609,0.004017194118005273,0.00129192437698564,0.0006708771375821503,4.23638656720847e-05,4.462404187620961e-05,4.23905176176726e-05
945.0,0.3573473965119558,0.004025623438372151,0.001291692462874635,0.0006701567886431041,4.231391285057543e-05,4.457853521929059e-05,4.237066704554681e-05
946.0,0.3568390871591933,0.004003323556334829,0.001290576393354927,0.0006694681234643552,4.225978704975775e-05,4.452463532287484e-05,4.235444811492174e-05
947.0,0.3565865473199596,0.003878314736444094,0.001287469563202515,0.0006687543391027909,4.221614364111025e-05,4.447954157993862e-05,4.234274520342121e-05
948.0,0.3558810160469278,0.003845784692930125,0.001286257250591033,0.0006680637014022692,4.216236607776401e-05,4.443448874807778e-05,4.233577534406839e-05
949.0,0.3553906328785849,0.003904002350155822,0.00128551839365569,0.0006673514928571421,4.211666977004443e-05,4.439132846055098e-05,4.233112656152882e-05
950.0,0.3554098247057667,0.003971432022166176,0.001285968833421068,0.0006666704481310624,4.207207726719742e-05,4.43538469036527e-05,4.233107220341782e-05
951.0,0.3550887973401772,0.003913196586212875,0.001285230790817112,0.0006659745681697627,4.202707270722585e-05,4.431484320018443e-05,4.234325730845281e-05
952.0,0.3546184390198925,0.003842214739921021,0.00128386826819769,0.0006652996001913138,4.197012394106222e-05,4.427115394086667e-05,4.235288415888324e-05
953.0,0.3538927870068792,0.00394516619453926,0.001284614713905671,0.0006646102590558233,4.192504333319607e-05,4.422499580059999e-05,4.234909925408433e-05
954.0,0.3535187606130601,0.003879197606491474,0.001283369089072627,0.0006639395545790919,4.187931420793247e-05,4.418786278847251e-05,4.23411141098133e-05
955.0,0.3533940146123234,0.003812936755831363,0.001281683295826675,0.0006632550124687501,4.184005144544113e-05,4.415235080565799e-05,4.23360162205996e-05
956.0,0.3531168289534675,0.003852135594038992,0.001281980890204091,0.0006625955076017492,4.178600994773086e-05,4.412056439156033e-05,4.233981699704559e-05
957.0,0.3528580378143614,0.003843969311807415,0.001281073310017671,0.0006619291420921978,4.172128653036647e-05,4.407338983039664e-05,4.235046919587451e-05
958.0,0.3524254692890448,0.003796813656541268,0.001280930407849533,0.0006612838812886221,4.166082830152809e-05,4.404036248205774e-05,4.236192999203694e-05
959.0,0.351675440727654,0.003782360992002913,0.001281212315781085,0.0006606360310019754,4.160598303034301e-05,4.401009418761342e-05,4.236158444539226e-05
960.0,0.3512110386168962,0.003784372524034895,0.001281912928318087,0.0006599967305160918,4.155943666077711e-05,4.397922072485181e-05,4.235976191455146e-05
961.0,0.3513510558183609,0.003926608938277067,0.001283478367501291,0.0006593466562689354,4.150964380944668e-05,4.396421034089403e-05,4.23541458978785e-05
962.0,0.3509943736485164,0.003899771542188216,0.001283269524687444,0.0006587194787164429,4.148347333645272e-05,4.395129416728314e-05,4.235172284600925e-05
963.0,0.3510678904293949,0.003970430970981646,0.001284657891317037,0.000658073505419739,4.143855474467216e-05,4.392219100044892e-05,4.234125213558047e-05
964.0,0.3500217314162327,0.003934058316075197,0.001284476316976802,0.0006574526542505115,4.140075678032974e-05,4.388989027133557e-05,4.233210007738389e-05
965.0,0.3501536750557384,0.004026231787136008,0.001286215959614967,0.0006568056328483988,4.13607034716665e-05,4.385256759289985e-05,4.23361812233014e-05
966.0,0.3492401225624825,0.003946590647408162,0.001285483489484446,0.0006561850656950669,4.131592308911048e-05,4.381217828260392e-05,4.232741663734216e-05
967.0,0.3488944382509269,0.004000051551068274,0.001286488294572592,0.0006555518619709065,4.125676529926621e-05,4.37773895774606e-05,4.23164304857825e-05
968.0,0.3481624629731762,0.00395099502996865,0.001287344101627345,0.0006549380865327176,4.119533326607653e-05,4.374342639516664e-05,4.230114134046455e-05
969.0,0.347841161353438,0.003979362739248619,0.001287807377328228,0.0006543243944664694,4.113929045755836e-05,4.372276822513756e-05,4.229520835559171e-05
970.0,0.3476455194149313,0.004030544658231108,0.001288274441810388,0.0006537165867499946,4.107972431971784e-05,4.36818478029425e-05,4.22909276098658e-05
971.0,0.3469253475055001,0.00391159052525095,0.001286770341482895,0.0006531082081064505,4.100822359441655e-05,4.363868225922294e-05,4.22874715916702e-05
972.0,0.346298198468162,0.003882450591232977,0.001287038214327975,0.0006525077308693324,4.094470757557989e-05,4.358518006216936e-05,4.229011373702668e-05
973.0,0.3459862034596958,0.003854995102487884,0.001286180796534423,0.0006519064973324606,4.087032935459471e-05,4.354695784711826e-05,4.228284193706586e-05
974.0,0.3456233387981094,0.003872509916167124,0.001286069662061374,0.0006513204524704724,4.079775925947467e-05,4.349741700877704e-05,4.22839390376546e-05
975.0,0.3455403201044425,0.003865128308657864,0.001284753597171759,0.0006507307202576444,4.071877993134897e-05,4.345235846370365e-05,4.22787967867955e-05
976.0,0.3456207607136331,0.003904992133065043,0.00128433155755717,0.0006501517984160899,4.063727429048906e-05,4.341798540413257e-05,4.227965427909053e-05
977.0,0.3453010548611219,0.003905610303180975,0.001283416695019815,0.0006495771527490363,4.056375356673841e-05,4.338143039852024e-05,4.229485966105844e-05
978.0,0.3450232526205853,0.003907146843958116,0.001282194147538504,0.0006490120959252796,4.046125285593492e-05,4.333331610777711e-05,4.230345738919423e-05
979.0,0.3450308436118386,0.003950703053739378,0.001281056832571803,0.0006484548266990254,4.036911374110848e-05,4.328701335452558e-05,4.231336347685521e-05
980.0,0.3450915999383209,0.003963281015062408,0.001279656322820099,0.0006478867029631051,4.026855107395332e-05,4.324642596197016e-05,4.232488862251814e-05
981.0,0.3444982143183647,0.003978201783470291,0.001277884898613357,0.0006473528399592762,4.018963744699275e-05,4.321708433703993e-05,4.234253290196613e-05
982.0,0.3445754792366143,0.003876181777672409,0.00127606425675591,0.0006468114762233996,4.009147653754194e-05,4.315501745730879e-05,4.235799976145854e-05
983.0,0.3440435787461773,0.003897030096653405,0.00127450714645101,0.0006462636045489912,4.00041757097361e-05,4.310061979987296e-05,4.236231502155618e-05
984.0,0.3434624932214361,0.003851176268449384,0.001272115868336409,0.0006457309394043257,3.991660339331492e-05,4.304097925443281e-05,4.236869442958894e-05
985.0,0.3429882575952619,0.00381407575093115,0.001269684330403932,0.0006451996622031208,3.982070766924735e-05,4.297885022818069e-05,4.237027040107643e-05
986.0,0.3428052963350688,0.003877100779814346,0.00126829103139181,0.0006446793973089349,3.972432968994647e-05,4.292910648356407e-05,4.236631110708577e-05
987.0,0.3425712238257324,0.003913647591915099,0.00126700640254243,0.000644158777913699,3.962690347405421e-05,4.288230217914851e-05,4.237086524626623e-05
988.0,0.3427300625252423,0.003832198915504298,0.001264129743085861,0.000643646803483283,3.953757524948483e-05,4.28350665110275e-05,4.236056893704985e-05
989.0,0.342782294799577,0.004000178803231173,0.00126498217061514,0.0006431367417128266,3.947876976333278e-05,4.279305697598003e-05,4.235969966234722e-05
990.0,0.34312024575554,0.003884844177132798,0.001263052483571007,0.0006426178334118204,3.93967950885647e-05,4.274284225984878e-05,4.235222192281329e-05
991.0,0.3428099035736535,0.003909112698964366,0.001261089530192184,0.0006421165789125758,3.931576647841161e-05,4.270709372456359e-05,4.235291994308714e-05
992.0,0.3429266776619301,0.003896099661977613,0.001259096241593994,0.000641604244512993,3.924991330523391e-05,4.266813219549723e-05,4.236295880992436e-05
993.0,0.3425108804395018,0.003854742056515016,0.001256762507690573,0.0006411058455475627,3.919148043036934e-05,4.261399949675518e-05,4.235605564595077e-05
994.0,0.3424126657111588,0.003756818075187603,0.001254656700546268,0.000640606827823159,3.913599924981975e-05,4.256173759444054e-05,4.235211187902717e-05
995.0,0.3421782055891595,0.003774400672499428,0.001253454319821736,0.0006401379397198323,3.909025248307114e-05,4.252063380610975e-05,4.234926689864055e-05
996.0,0.3416700656970567,0.003804294285839784,0.001251496948418943,0.0006396522459866247,3.902252658744769e-05,4.245550121283821e-05,4.232531093412397e-05
997.0,0.3413397110173167,0.003818303643945836,0.001250273342512995,0.0006391641088233975,3.896566988816792e-05,4.241121606053619e-05,4.230851778928758e-05
998.0,0.3410704236777033,0.003753160749653033,0.001248462260231255,0.0006386693410629667,3.890504648830165e-05,4.236808313795139e-05,4.228358523240383e-05
999.0,0.3408928450434093,0.003937697173704987,0.001247463850453143,0.0006381938931642355,3.884872067249196e-05,4.233241446519057e-05,4.226479684975975e-05
1000.0,0.3410176389399732,0.003914057563485896,0.001246206994114922,0.0006377107228420827,3.879775134143989e-05,4.229956099842082e-05,4.225636180741623e-05
1001.0,0.3410191247318909,0.003939704057277316,0.001245373568132631,0.0006371935292802428,3.874273793680365e-05,4.225525901192845e-05,4.224031861749435e-05
1002.0,0.3396472672984787,0.003807697403624348,0.001241106914055889,0.0006367530924944386,3.869265310247723e-05,4.22328900444079e-05,4.222489386731278e-05
1003.0,0.3410930580051484,0.003953301044156313,0.001241016775973737,0.0006362857776998884,3.868734657492655e-05,4.218831356438729e-05,4.222412395051748e-05
1004.0,0.3397580430528264,0.004018012574273596,0.001239339431712723,0.0006358263977690382,3.864256418575084e-05,4.215227434129951e-05,4.217953383041434e-05
1005.0,0.3394307303206328,0.003952143174102481,0.001237235979267304,0.0006353722506102058,3.859775919750402e-05,4.211033505464286e-05,4.214628403150853e-05
1006.0,0.3391829298688026,0.003908857669413279,0.001235941580767629,0.0006349102517026705,3.855628611165373e-05,4.207384465232833e-05,4.211488946688721e-05
1007.0,0.339276348960092,0.003805113935524243,0.001233383981381683,0.0006344457864896972,3.851234303335118e-05,4.203379644338153e-05,4.207190509306832e-05
1008.0,0.3389185372979641,0.003768124078631521,0.001231224541970685,0.0006339799388142976,3.84940838707294e-05,4.200540359329078e-05,4.204228076267413e-05
1009.0,0.3385897116073323,0.0037361676362474,0.001229438732694255,0.000633508257633269,3.84616185740138e-05,4.196032495946586e-05,4.199306033969001e-05
1010.0,0.3382466316563427,0.003651078481597222,0.001226574735940253,0.0006330175140716136,3.844477528315806e-05,4.192587259347975e-05,4.19410509261186e-05
1011.0,0.3377162906108563,0.003718482294532931,0.001224816223382722,0.0006325334898023193,3.842110125350177e-05,4.189312105918213e-05,4.189572638546968e-05
1012.0,0.3369800324579391,0.003803506444647103,0.001223438170276606,0.0006320512194600602,3.840454536248978e-05,4.185141662995413e-05,4.184178141386204e-05
1013.0,0.3364939702884458,0.003731437271296342,0.001220211529192639,0.0006315784327787079,3.838256760537888e-05,4.180546668157946e-05,4.178557380501686e-05
1014.0,0.3362139749167761,0.003682434489136439,0.001217370567718033,0.0006310886773470354,3.836416645120886e-05,4.176409289595425e-05,4.172893161626938e-05
1015.0,0.3355785691609767,0.003579033489561161,0.001214312689891116,0.0006306204171617154,3.833493559980769e-05,4.172749444625601e-05,4.167803191802577e-05
1016.0,0.3355599200581136,0.003589613516425889,0.001212599848809504,0.0006301369103178362,3.832001561158685e-05,4.167709145506574e-05,4.162154925757784e-05
1017.0,0.3348038629875354,0.003521294698531962,0.001210105853137326,0.0006296546799850504,3.830655904572694e-05,4.162616610894865e-05,4.155164054542581e-05
1018.0,0.334433944769917,0.003572060518305361,0.001208724283772288,0.0006291651633512975,3.828675581344749e-05,4.158606360330949e-05,4.148069329877659e-05
1019.0,0.3340105266705642,0.003531546754794233,0.001207106292938679,0.0006286660134743458,3.826601295342638e-05,4.1548195276034e-05,4.142152476059156e-05
1020.0,0.3334626259937886,0.003608390383733194,0.00120561641341832,0.0006281754236242381,3.826865277927242e-05,4.150116749819624e-05,4.13713921672198e-05
1021.0,0.333322683579592,0.00359855984708741,0.001203559719968474,0.0006276818856927665,3.826486466746594e-05,4.145560304054763e-05,4.131620865488778e-05
1022.0,0.3323803672934159,0.003471117143358138,0.001201238032114321,0.0006271830825868526,3.823671257868566e-05,4.141346620883714e-05,4.123630205261883e-05
1023.0,0.3320114710432862,0.003428310192659226,0.001199760494112903,0.0006266835927620707,3.822204929886093e-05,4.136909207574403e-05,4.117683254148284e-05
1024.0,0.3315411662354686,0.00343301597014843,0.001198621614484176,0.0006261700158542724,3.820654120022825e-05,4.131700817383163e-05,4.110507732033349e-05
1025.0,0.3307102957793842,0.003362181006826155,0.001196288655484385,0.0006256735615394355,3.818538884731481e-05,4.127024488223538e-05,4.104868120096101e-05
1026.0,0.330597606466971,0.003409708794690196,0.001195783329703188,0.0006251738568271561,3.817872821771618e-05,4.122367698008657e-05,4.09948196675518e-05
1027.0,0.3301090019597538,0.003472315452438271,0.001194412829683651,0.0006246722579116712,3.814931778146994e-05,4.117874921191879e-05,4.09330771117507e-05
1028.0,0.3294069538676415,0.003461917955901464,0.001193212429357245,0.0006241745963289469,3.813592725686663e-05,4.113227210074973e-05,4.086952596701922e-05
1029.0,0.329032639830781,0.003481581480892331,0.001191803961579092,0.0006236753272193784,3.812688924336684e-05,4.109087615779352e-05,4.080003676671868e-05
1030.0,0.3288582113421772,0.003546148369406579,0.001192176573253647,0.0006231653882541017,3.811679354523765e-05,4.104704311705139e-05,4.072744743069294e-05
1031.0,0.3280714479794679,0.003478183798704359,0.001189772321734784,0.0006226821850124748,3.811639206778522e-05,4.100148423419867e-05,4.067222688028984e-05
1032.0,0.3283954461547169,0.003623116805927862,0.001190053033348875,0.0006221797335003786,3.813092185253322e-05,4.094890116033215e-05,4.061567561096349e-05
1033.0,0.3274510035330746,0.003564222589598625,0.001188464108837532,0.0006216677485655317,3.811777006700029e-05,4.090298961361966e-05,4.055978139930837e-05
1034.0,0.3269296760426053,0.003561403998453257,0.001187021805535472,0.000621157632804766,3.810306193140073e-05,4.085718901364765e-05,4.050227450074752e-05
1035.0,0.326538902723785,0.00344432603245631,0.00118494151451158,0.0006206442519955372,3.809003352731787e-05,4.080963992975993e-05,4.043920015973638e-05
1036.0,0.3266177794691498,0.003482330977015361,0.00118338005303946,0.0006201255516356389,3.808583746833157e-05,4.077167778626366e-05,4.037924929922878e-05
1037.0,0.3263020528219919,0.003534099107487028,0.001182016690561182,0.0006196099614650819,3.808202063508659e-05,4.072656174161189e-05,4.032545466037785e-05
1038.0,0.3256823638843884,0.003411824906078095,0.001179827888296389,0.0006190944529794091,3.805718869437565e-05,4.06824626919249e-05,4.025445476139052e-05
1039.0,0.3249911626528433,0.003413386671224128,0.001178604413315935,0.0006185839950685806,3.805070297162921e-05,4.064566581947945e-05,4.01942525216607e-05
1040.0,0.3246163588431547,0.003346102350877881,0.001176855349248421,0.0006180739907592459,3.803603760744532e-05,4.060861277439818e-05,4.012842906402288e-05
1041.0,0.3242775383700007,0.003410062911102018,0.0011766899367817,0.0006175763106411127,3.804291172101044e-05,4.057400192342435e-05,4.007242685554771e-05
1042.0,0.3244704231574522,0.003480405323966694,0.001174655176127077,0.0006170699049532453,3.803697763905272e-05,4.053453929162424e-05,4.002816153858336e-05
1043.0,0.3240977362394731,0.003440918737249474,0.001172962583039595,0.000616568766875306,3.804317442898938e-05,4.049933618973476e-05,3.99841163432896e-05
1044.0,0.323783228533304,0.003467388166153332,0.001171590835908746,0.000616063659284094,3.803393298813301e-05,4.04575143001344e-05,3.994236595130441e-05
1045.0,0.3233360942138739,0.003329495749337038,0.001168367927991377,0.000615565838453456,3.802548191928806e-05,4.043173791495925e-05,3.989041172004847e-05
1046.0,0.3234253662099885,0.003348086351020614,0.001167801877027092,0.00061505715397293,3.801523107024296e-05,4.040721606857412e-05,3.983673462865414e-05
1047.0,0.3230422029803297,0.003327571506076554,0.001166374565203835,0.0006145624014969945,3.800771633062303e-05,4.037740571036021e-05,3.978848623109122e-05
1048.0,0.3230326065549042,0.00321630265954749,0.001163977047261836,0.0006140510879969052,3.798996550254984e-05,4.034989153153449e-05,3.973947369689959e-05
1049.0,0.3223625776417075,0.003177099407557327,0.001162803666359578,0.0006135648137905707,3.799439843456389e-05,4.03321803885108e-05,3.969888643564201e-05
1050.0,0.3223576095668561,0.003244802338644253,0.00116229057293831,0.0006130537917312223,3.798633664616314e-05,4.030651305245461e-05,3.966463561956294e-05
1051.0,0.3218910620664549,0.003162190470887302,0.001160103899966224,0.0006125554613768459,3.796982379123366e-05,4.027808063604042e-05,3.961228788755407e-05
1052.0,0.3213957018877198,0.003206763251763458,0.001158848045181233,0.0006120440953533989,3.795506582363623e-05,4.025623083863001e-05,3.956422815093633e-05
1053.0,0.3213557995850225,0.003204334473068685,0.00115797500102329,0.0006115101385317126,3.794452238682862e-05,4.024335504236106e-05,3.950846652051553e-05
1054.0,0.320670303020681,0.003376315601305197,0.001158369737813498,0.0006110085699240238,3.794555420643835e-05,4.022777328951347e-05,3.947424070298925e-05
1055.0,0.321275420223251,0.003423171508875062,0.001156580272121359,0.0006105000676707486,3.79414717800334e-05,4.019410257568734e-05,3.943550106344107e-05
1056.0,0.3208552173343273,0.003332146882865164,0.001155160157447517,0.0006099992469328348,3.792569450162181e-05,4.017141234819359e-05,3.938542624180553e-05
1057.0,0.3200978739960085,0.00346741103511918,0.001155297779207668,0.0006095049847143636,3.791940887201512e-05,4.01531509998559e-05,3.932929033103143e-05
1058.0,0.3195485569592255,0.003280586875812986,0.001152371744687176,0.0006090146911427678,3.790173328437726e-05,4.013505770380923e-05,3.92764040519259e-05
1059.0,0.3196548542263191,0.003321422662745103,0.001151774580035448,0.0006085086000280339,3.789578485438345e-05,4.011450727295356e-05,3.922454513719774e-05
1060.0,0.3192898807975881,0.003277591894189956,0.001149725075419351,0.0006080046461605881,3.787820556984961e-05,4.0088946704319e-05,3.917758684887453e-05
1061.0,0.3193069996462661,0.003265065097889543,0.001147891703373572,0.0006074938769382139,3.786660073990074e-05,4.00630067222756e-05,3.912380788374464e-05
1062.0,0.3191777084528651,0.003204594040281522,0.001146163053732371,0.0006069884912722257,3.785597459349564e-05,4.004368864624601e-05,3.90732394746247e-05
1063.0,0.319148932102654,0.003189967031422667,0.001144506881021684,0.0006064863916106454,3.783879772920283e-05,4.002042755283611e-05,3.902316172573986e-05
1064.0,0.3189219430371614,0.003399384087168514,0.001145402102898171,0.0006059952077626817,3.783771641066461e-05,3.999387129694824e-05,3.897143155538286e-05
1065.0,0.3184797675735989,0.003316413760672174,0.001143177443601661,0.0006054960440825205,3.782411091933318e-05,3.99650096297753e-05,3.891883509867597e-05
1066.0,0.318557825479989,0.003365399378662252,0.001143228158381482,0.0006049902110189015,3.780444674418492e-05,3.994016558596869e-05,3.886195551420773e-05
1067.0,0.3182774960607687,0.003314805454475495,0.001142028207366607,0.0006045020797143368,3.779110189069844e-05,3.992151643348342e-05,3.881181738835313e-05
1068.0,0.3191687204196171,0.003274195500622769,0.001140609095371573,0.0006040027482538185,3.778406220828669e-05,3.990009570756655e-05,3.87643955635305e-05
1069.0,0.3182610826947164,0.00333596154648232,0.001140980628137578,0.0006035359625170523,3.777297956400461e-05,3.988691093690923e-05,3.871398230653796e-05
1070.0,0.3186970651982325,0.003216907660184088,0.001138150038846061,0.0006030650405067118,3.774596735842019e-05,3.986128059346851e-05,3.865158818307345e-05
1071.0,0.3182473558353401,0.003360575870906722,0.001138690449525638,0.0006025877987261896,3.7725720465547e-05,3.98327218516421e-05,3.859485806206001e-05
1072.0,0.3181609539976428,0.003379016894129518,0.001138790063059774,0.000602131046290443,3.77129213008586e-05,3.980209970412169e-05,3.85306427398722e-05
1073.0,0.3179257350095318,0.003324404927496025,0.001137381608256452,0.000601664627389169,3.769060512859388e-05,3.977367133580158e-05,3.846539682068221e-05
1074.0,0.3174040831825685,0.003286386662664632,0.001136077706449594,0.0006012105344038006,3.765989429152183e-05,3.974464999372104e-05,3.839635470305791e-05
1075.0,0.3172169083269727,0.003265074070711986,0.001135035887519013,0.0006007517391342649,3.7645838865659e-05,3.971870902850326e-05,3.833285018626873e-05
1076.0,0.3170841800697454,0.003217974559274846,0.001133522845718551,0.00060029737342841,3.762199913903848e-05,3.968089848014652e-05,3.826176965177147e-05
1077.0,0.3168532088018913,0.003176176851918359,0.001132331526722268,0.000599823904515066,3.75955772045775e-05,3.964861017226731e-05,3.819443423462038e-05
1078.0,0.3164467147840724,0.003210688106680046,0.001131549467829272,0.0005993809611961698,3.757266626917618e-05,3.9621492820742e-05,3.812022272564831e-05
1079.0,0.3166134888241682,0.003183550970281906,0.001130439317220708,0.0005989244346754642,3.755056490993074e-05,3.958587264621464e-05,3.80454322616543e-05
1080.0,0.3162623476460176,0.00338498130471104,0.001131344522795579,0.0005984695391520179,3.753022677946352e-05,3.955546306817985e-05,3.796983937988e-05
1081.0,0.3157478261547771,0.003315169481894958,0.001129513831815006,0.0005980074249377503,3.750644600839802e-05,3.952135737862401e-05,3.788546299903774e-05
1082.0,0.3157540435539482,0.003404508217576635,0.001129357089819922,0.0005975537046839539,3.748934935009493e-05,3.948114511019388e-05,3.780396947408964e-05
1083.0,0.3154744455048142,0.00328248156333757,0.001127316655949501,0.0005970982303253383,3.746259460761643e-05,3.944907217219156e-05,3.771922030859693e-05
1084.0,0.3153564194200414,0.003263417274972954,0.001125049381023207,0.0005966531235672272,3.743759068274622e-05,3.941796342528923e-05,3.764200534869517e-05
1085.0,0.3153631656604133,0.003341152617996192,0.001124292070894742,0.000596204802931488,3.742782030791639e-05,3.938934315012976e-05,3.756702895982533e-05
1086.0,0.3149935577723986,0.00348157739831887,0.001125133223843219,0.0005957691166703672,3.740825807814955e-05,3.935936360120932e-05,3.749106214631019e-05
1087.0,0.3149361449203199,0.003440042032169034,0.001130301942816089,0.0005953222281810097,3.738943076539156e-05,3.932021578631945e-05,3.74143687952606e-05
1088.0,0.3145709807638593,0.003432702105690633,0.001127953073611752,0.0005948799232250221,3.737298259033796e-05,3.928864893793317e-05,3.733729994152975e-05
1089.0,0.3142629042268623,0.003360281929412221,0.001124867804748969,0.000594439014282611,3.735235787091035e-05,3.925657366880561e-05,3.72605654743197e-05
1090.0,0.3138308252127087,0.003199205125691406,0.001120299537890613,0.0005940003372540862,3.733696987333174e-05,3.922213524401214e-05,3.718843470005575e-05
1091.0,0.3139062978217452,0.00335514819037612,0.001119690078885289,0.0005935582166419393,3.732602332577719e-05,3.919319983323802e-05,3.7116311919521e-05
1092.0,0.3138096485747056,0.003212374749887019,0.00111635657150117,0.0005931124776730263,3.731675999029093e-05,3.915695076665873e-05,3.704472261804977e-05
1093.0,0.3135859110845223,0.003176892264084289,0.001113425445197428,0.0005926659857156477,3.730729631215797e-05,3.912142613684817e-05,3.697268652045072e-05
1094.0,0.3133244771885791,0.003094307242194665,0.001111103112648354,0.0005922233530982727,3.728384044056569e-05,3.909171225811427e-05,3.690567355941639e-05
1095.0,0.3131042954441496,0.003139336288752209,0.001110349212548239,0.0005917850489683549,3.726740445692953e-05,3.9055137196006e-05,3.684320417561976e-05
1096.0,0.3133744058280369,0.003091738727657467,0.001108163206851643,0.000591349839170082,3.725780016926222e-05,3.902377977800191e-05,3.677463178667406e-05
1097.0,0.3133093482580473,0.003181464072038667,0.001107196753269493,0.0005909071335881925,3.724648117283853e-05,3.900125124440266e-05,3.671406622892129e-05
1098.0,0.3132970577906929,0.00320170442034748,0.001105922658121552,0.0005904748287834297,3.724274356069424e-05,3.897403935962773e-05,3.664992292609564e-05
1099.0,0.3134492168466056,0.003141078421459247,0.001103534446246607,0.0005900582898967257,3.722954218228075e-05,3.895386527626573e-05,3.659427521467993e-05
1100.0,0.3138880986944329,0.003054111639134454,0.001101256675304903,0.000589645839961321,3.722588955048344e-05,3.89253397468473e-05,3.652818253282029e-05
1101.0,0.3135926236776558,0.003086432320755746,0.001100975479903178,0.0005892276156914594,3.721283956862707e-05,3.889416004601293e-05,3.647040524208692e-05
1102.0,0.3131250549200318,0.003021688733384633,0.001099225326849846,0.0005888181131080398,3.719468279289161e-05,3.886807148727948e-05,3.641267050354129e-05
1103.0,0.3128824194691842,0.003125532553661617,0.00109862295444822,0.0005884161737992832,3.718221305248302e-05,3.883790788985422e-05,3.635227030102051e-05
1104.0,0.3128045006248875,0.003016870437045856,0.001096389630524184,0.0005880097090797603,3.716386747914877e-05,3.880787303220159e-05,3.62879607077073e-05
1105.0,0.3126898632229301,0.003168281088443916,0.001097342646027304,0.0005876134509986444,3.714920788365976e-05,3.87842271357728e-05,3.62421293031772e-05
1106.0,0.3127187338001949,0.003111226419451898,0.001095995897673336,0.0005872158998022984,3.713281066542251e-05,3.875638450147025e-05,3.618277452074302e-05
1107.0,0.3121085531723053,0.003172612221839464,0.001096239864733534,0.0005868367858466501,3.710331091366358e-05,3.873174007522425e-05,3.613218011069441e-05
1108.0,0.3121063003480758,0.003091429914802826,0.001094613091919444,0.0005864494161033335,3.70787060861138e-05,3.870662431988787e-05,3.607552520715607e-05
1109.0,0.3118494159598929,0.003099397850644988,0.001093824287505168,0.0005860734068419885,3.706666967339038e-05,3.868363716922625e-05,3.603310382965887e-05
1110.0,0.3119171514866771,0.003167475844349833,0.001093638654466963,0.0005856950112528302,3.703976087192923e-05,3.866742244700345e-05,3.598403892441092e-05
1111.0,0.3114622100317152,0.003098508164235118,0.001092221350023082,0.000585329505901467,3.701907375858395e-05,3.864986632125792e-05,3.595040089068848e-05
1112.0,0.3116629475226581,0.003231667008555222,0.00109226775153491,0.0005849818291082816,3.700239957822317e-05,3.862111493103653e-05,3.591785453381472e-05
1113.0,0.3118856210621941,0.003261980108559469,0.001091984275760942,0.0005846324307329919,3.698122653488734e-05,3.859943285033364e-05,3.587887176866731e-05
1114.0,0.3116164917832637,0.003405805973773607,0.001100708527012279,0.0005842866192375118,3.695109691963306e-05,3.857072306055398e-05,3.583473677223217e-05
1115.0,0.3115954457367039,0.003374592707383303,0.001105061420173768,0.00058394323184906,3.691409963184591e-05,3.853936092920047e-05,3.57913492704495e-05
1116.0,0.311585148763773,0.003194840466692802,0.001100911521980246,0.000583589586095159,3.688233225983721e-05,3.851838540785409e-05,3.575728143101852e-05
1117.0,0.3116100235916128,0.003434365904752057,0.001099390636335647,0.0005832656106889279,3.686631407814971e-05,3.850233928178227e-05,3.572773542164453e-05
1118.0,0.3121435570676536,0.003464810274591879,0.001104517686959067,0.0005829299600983987,3.683025561894934e-05,3.847302475022668e-05,3.569925852364607e-05
1119.0,0.3124056704653214,0.00354056551132327,0.001110060966633069,0.000582607493300216,3.68048794499022e-05,3.844773907256387e-05,3.567268477530631e-05
1120.0,0.3124948960322504,0.003406577313047,0.001112257727660398,0.0005822813721822206,3.678026257084417e-05,3.842641351822692e-05,3.563552688312324e-05
1121.0,0.3124546011386581,0.003426205430340457,0.001106265023582464,0.000581962468888367,3.674440686879704e-05,3.840597004083825e-05,3.560662880198209e-05
1122.0,0.3123560031989123,0.003385534238502485,0.001100323964951497,0.0005816502164230395,3.670677541447007e-05,3.839165224836311e-05,3.557902068759489e-05
1123.0,0.3125992215347582,0.003362545735199977,0.00109697256710364,0.0005813404383895729,3.667562644892814e-05,3.837298754025963e-05,3.554841593205638e-05
1124.0,0.3122344637263763,0.003280076582104946,0.001092296162626221,0.0005810446128794759,3.66360102504787e-05,3.834066753403253e-05,3.551532175667668e-05
1125.0,0.3127707101061673,0.003250549850368313,0.001088560873847461,0.0005807400500228207,3.661785278346359e-05,3.831822169538867e-05,3.54883340376208e-05
1126.0,0.3121676067751778,0.003189860143695955,0.00108516528111969,0.0005804641523159149,3.658161786165712e-05,3.830520012948138e-05,3.546230069070404e-05
1127.0,0.3130449966309058,0.003161619978205315,0.001082070233067917,0.0005801711754585616,3.654521474648671e-05,3.826998352931848e-05,3.542482672221624e-05
1128.0,0.3128079474066406,0.003175101671320918,0.001079471285277663,0.0005798905395781972,3.651386452185719e-05,3.825093650329099e-05,3.539131083987036e-05
1129.0,0.3129738498630009,0.003171358228647479,0.001076737734264244,0.0005796030082894717,3.648596452855906e-05,3.822365615988945e-05,3.536293305971796e-05
1130.0,0.3130846385200108,0.00316179346796591,0.001074805681332924,0.0005793175129669938,3.64543193497923e-05,3.819116610542935e-05,3.534297642882334e-05
1131.0,0.3131550865204357,0.00321990012572381,0.001073401977421641,0.0005790423495224857,3.641809942937215e-05,3.816506057953202e-05,3.532087961741673e-05
1132.0,0.3130036771700898,0.003076721595279931,0.001069988362575213,0.0005787775567921449,3.637814689202039e-05,3.812016259327766e-05,3.530378120429197e-05
1133.0,0.3126783659974119,0.003098010838863451,0.001068110106254702,0.0005784961998616176,3.633286759399192e-05,3.809816434973842e-05,3.527031797273165e-05
1134.0,0.3123562896967624,0.003079777642866518,0.00106594118864273,0.0005782301040852625,3.628832316036631e-05,3.806378848957053e-05,3.52370302471991e-05
1135.0,0.3123289791533397,0.003036955905609565,0.001063616762965817,0.0005779544213404369,3.625845632909566e-05,3.803470363012591e-05,3.521567501997172e-05
1136.0,0.3128226862087928,0.003066156124960679,0.00106237558599313,0.000577679459395915,3.622981728156743e-05,3.800405226056338e-05,3.52018237517686e-05
1137.0,0.3122122006615649,0.003006494496216704,0.001059947966549361,0.0005774157304147765,3.619814361482998e-05,3.798250392894551e-05,3.518249462483262e-05
1138.0,0.31250543224229,0.002960107692466661,0.00105784858798678,0.0005771553367447635,3.61578691668515e-05,3.794885202603876e-05,3.516393765530299e-05
1139.0,0.3117650959402819,0.002888041118145839,0.001055343884731311,0.0005768922857414846,3.61056728630501e-05,3.791462346702677e-05,3.512697879761529e-05
1140.0,0.3114833220102425,0.002992613294850228,0.001054357907758986,0.0005766354151787699,3.606030432114724e-05,3.787329173005681e-05,3.510049813801943e-05
1141.0,0.3114212003725274,0.003077320732952953,0.00105361111057513,0.0005763758817494841,3.601641039666873e-05,3.783429637303309e-05,3.507790070198628e-05
1142.0,0.3118746555638926,0.002999374879374187,0.001052164903494688,0.0005761157459664793,3.596718732378425e-05,3.780574033866575e-05,3.505969318144823e-05
1143.0,0.3116393869164977,0.002877371906910071,0.001049518435574795,0.0005758545353130848,3.593518528823759e-05,3.77700033832858e-05,3.504378541006311e-05
1144.0,0.311629248454952,0.002947868047620031,0.001049294272311228,0.0005755931385158181,3.590251649134023e-05,3.773010439705147e-05,3.503382662052908e-05
1145.0,0.3115957273654053,0.002980235751781894,0.001047951225962361,0.0005753310226367279,3.58708783780741e-05,3.769739360220102e-05,3.501869134150366e-05
1146.0,0.3116632799230768,0.002900546598897305,0.001045512751478846,0.000575067398315163,3.583059578014104e-05,3.766917246759733e-05,3.500361046979317e-05
1147.0,0.3119273931272696,0.002945119868496576,0.001045195612671371,0.000574805001551391,3.578544485544986e-05,3.763847648285479e-05,3.499170824693005e-05
1148.0,0.311790732210781,0.002904080257859168,0.001043523408589076,0.0005745455492055181,3.574358071421031e-05,3.761032837573715e-05,3.498276984176438e-05
1149.0,0.3115311813969501,0.002844727648158307,0.001041702961917948,0.0005742834569121153,3.570992881474814e-05,3.757811449889718e-05,3.497292533400014e-05
1150.0,0.3115023148371135,0.002833401270089091,0.001040716971906886,0.0005740162392274049,3.567250051013047e-05,3.75424734874176e-05,3.496117006382241e-05
1151.0,0.3114779911414764,0.002817726485750662,0.001039615889226717,0.0005737575186554511,3.563825259414332e-05,3.751261198981002e-05,3.495331729079913e-05
1152.0,0.3115059390843275,0.002793279758834421,0.001038303141547096,0.0005735011592173623,3.560218280253015e-05,3.748593581102582e-05,3.494739876646234e-05
1153.0,0.3112330227388069,0.002854622742026659,0.001038491484294095,0.0005732613844134164,3.557536898476802e-05,3.745634052486135e-05,3.493731353206571e-05
1154.0,0.3110873192088469,0.002761788960316088,0.001036572249331902,0.0005730201370581226,3.553314708457174e-05,3.741132850696397e-05,3.493245651272139e-05
1155.0,0.3111999495354074,0.002839519593585593,0.001036009847264823,0.0005727778904959951,3.550443920275942e-05,3.738125142231773e-05,3.492611841309868e-05
1156.0,0.3111364102520303,0.002823574493490705,0.001035400708662488,0.0005725165220336773,3.546230679653926e-05,3.735335423699231e-05,3.492199126848549e-05
1157.0,0.3112320651176171,0.002843686655567478,0.001034926520378984,0.0005722537961541861,3.542348575384268e-05,3.73196519518204e-05,3.491882816732491e-05
1158.0,0.3115214097732962,0.002870411596839057,0.001034483651584485,0.0005719676280319733,3.538457695642395e-05,3.728861013918328e-05,3.492004456670017e-05
1159.0,0.3116039914531267,0.002908179771543607,0.001033695004584448,0.0005716912157524021,3.535012480467346e-05,3.726993359362965e-05,3.491893008763968e-05
1160.0,0.3116875395343739,0.002831626157232814,0.001032673273068856,0.0005713954448620312,3.530863549263399e-05,3.725043940774241e-05,3.491850348115713e-05
1161.0,0.3116303187827642,0.002760177804811743,0.001031444268853254,0.000571115674336997,3.528534738790434e-05,3.722679441640681e-05,3.492275374523297e-05
1162.0,0.3116730497039272,0.002893324592094224,0.001032036327570294,0.0005708122048394119,3.52554712380615e-05,3.720064152053391e-05,3.491479559728114e-05
1163.0,0.3120830069823399,0.002817033659263488,0.001030591485412275,0.000570517989267426,3.522251397498709e-05,3.719218449503378e-05,3.491561792864422e-05
1164.0,0.3126393775013352,0.002914310108100091,0.001031196210359409,0.0005702015879421202,3.519724569708181e-05,3.718034921053685e-05,3.49185336884584e-05
1165.0,0.3130830829208911,0.002842041157695145,0.001030108914065247,0.0005699158564251342,3.516554971397189e-05,3.716271518839292e-05,3.492155794948114e-05
1166.0,0.3131784845996454,0.002821074149311252,0.001029280852380647,0.0005696034399466816,3.512789710162997e-05,3.714804017314903e-05,3.492755595274264e-05
1167.0,0.3132963388363726,0.002923479334846979,0.001029718453550258,0.0005693142435939705,3.51020888349543e-05,3.713189016333464e-05,3.49313769412558e-05
1168.0,0.3135897340032833,0.002899302663558957,0.001029262391476766,0.0005690117714271664,3.506888122224426e-05,3.711847255899792e-05,3.493279091941126e-05
1169.0,0.3137986182858633,0.002894260532057184,0.001029065288289694,0.0005687321100354221,3.503435343327164e-05,3.711274445219015e-05,3.493536062067433e-05
1170.0,0.313645504617757,0.002847463145963979,0.001028109097439567,0.0005684224589434802,3.499898952757392e-05,3.710707000390381e-05,3.493585349257399e-05
1171.0,0.3140993537646565,0.002877899028608591,0.001028263223404289,0.0005681362242413962,3.496444724062867e-05,3.709910835533338e-05,3.493861066087171e-05
1172.0,0.3141735920297458,0.002870886901399588,0.001027880729194611,0.0005678220954154407,3.493914785145873e-05,3.708870857831035e-05,3.493080826906009e-05
1173.0,0.3140729704229916,0.00280362365542513,0.001026782759069306,0.0005675336101238559,3.490790505987542e-05,3.707038605859744e-05,3.492476537355391e-05
1174.0,0.3142544055984641,0.002703550305256556,0.0010247172191226,0.0005672133922267712,3.487102761284191e-05,3.705165817211149e-05,3.492588273111617e-05
1175.0,0.3137647481941192,0.00284411643823875,0.001025963435497456,0.0005669283275586198,3.484331228092102e-05,3.704312940054687e-05,3.492777657260484e-05
1176.0,0.3140836701939567,0.002833176527419449,0.001024888131593452,0.0005666122559047936,3.480783471653833e-05,3.70249133663199e-05,3.492832518778079e-05
1177.0,0.3139454708993735,0.002836860127735015,0.001024311890316214,0.0005663274681633215,3.476882688246058e-05,3.701784728815153e-05,3.492437873003761e-05
1178.0,0.3137072952695553,0.002868771235963342,0.00102483182663232,0.0005660065479246902,3.474306637280021e-05,3.699505597043176e-05,3.492362310303783e-05
1179.0,0.3136785417733551,0.002797577498395228,0.001023327152669741,0.0005657066311201492,3.470797011642558e-05,3.697164522307803e-05,3.492066021290681e-05
1180.0,0.3133916682204566,0.002810507629800607,0.001022984309848173,0.0005653889771684605,3.467325645315518e-05,3.694971289872514e-05,3.491934941613206e-05
1181.0,0.3133699994832117,0.002838309487784587,0.00102290839969935,0.000565090764509991,3.463087020643543e-05,3.692800113589331e-05,3.492638473321973e-05
1182.0,0.3132843894976334,0.002813552683230332,0.001021916307423024,0.000564769385117058,3.459979383897832e-05,3.690907303924843e-05,3.492569091739689e-05
1183.0,0.313136744223672,0.002832193460434018,0.001021428952116324,0.0005644687512893365,3.457725086265716e-05,3.689753279505917e-05,3.492685042239814e-05
1184.0,0.3129255780218397,0.002814897434251176,0.001020239911600227,0.00056414740605876,3.454995856956124e-05,3.688521659857423e-05,3.49330419257651e-05
1185.0,0.3126516878358603,0.002873283389575273,0.001020593888806398,0.0005638416774884593,3.452171461911866e-05,3.68739596331501e-05,3.493930796448396e-05
1186.0,0.3124155890029562,0.002862725998372856,0.001020119096977337,0.0005635130877530806,3.449579125272399e-05,3.685629298698461e-05,3.49445232834634e-05
1187.0,0.3123464166925392,0.00291818885055975,0.001020355356047977,0.0005632020183018696,3.447494379837763e-05,3.683530497773267e-05,3.495323547881984e-05
1188.0,0.312044544196649,0.002861934863934381,0.001019817021413976,0.0005628631929123345,3.445642129975012e-05,3.682111073089099e-05,3.496821403941746e-05
1189.0,0.3116567501545259,0.00298786992497756,0.001020444727645445,0.0005625380945762497,3.443221580423564e-05,3.680290648334968e-05,3.49758261463257e-05
1190.0,0.3114071991681586,0.002907969381475781,0.00102674713636754,0.0005621912265253994,3.439919724665149e-05,3.678921176469015e-05,3.49802500405241e-05
1191.0,0.3113403626261852,0.002912088580624737,0.001026141352603907,0.0005618619468714079,3.437273253105398e-05,3.676304906497336e-05,3.499074903795443e-05
1192.0,0.3112403430906418,0.002947134620030087,0.001025570390318378,0.000561512075698912,3.434893661198781e-05,3.6741481944158e-05,3.499976029545422e-05
1193.0,0.3112696206367436,0.00298684919103694,0.001025130483790303,0.0005611671656605952,3.432566641536207e-05,3.672459230235988e-05,3.501060304964395e-05
1194.0,0.3108418790759149,0.003141896839374949,0.001031560627706211,0.0005608122329820157,3.430303293709227e-05,3.671289814905093e-05,3.501435870417498e-05
1195.0,0.3113630157897705,0.003067301729591539,0.001037007836512239,0.0005604599217696099,3.428540155621336e-05,3.669030114368888e-05,3.501966763567554e-05
1196.0,0.3115531628382556,0.003038162361115017,0.001040972571623796,0.0005600873390765047,3.427334588250615e-05,3.667193363264309e-05,3.503007214632543e-05
1197.0,0.3116341293815421,0.003128426241488375,0.001038089647950183,0.0005597239948032309,3.426286246121172e-05,3.666213062869848e-05,3.505025407264954e-05
1198.0,0.3118870136538893,0.003099273491289869,0.001041947248028665,0.0005593412876669044,3.42397374809534e-05,3.664517436116483e-05,3.506484408659356e-05
1199.0,0.3117709224194706,0.002940294908042681,0.001036721870354792,0.0005589695805132413,3.422116790473135e-05,3.664041180246955e-05,3.507338186174515e-05
1200.0,0.3119539643853619,0.003009161822067819,0.001034364124470907,0.0005585691800294682,3.421023345090564e-05,3.663868649319196e-05,3.509130811055705e-05
1201.0,0.3117930718884342,0.002949583576508953,0.001030878654014327,0.0005581861785396489,3.420198872564099e-05,3.663488059871966e-05,3.511448487413669e-05
1202.0,0.3119630458386457,0.00295841485621389,0.001028610591277596,0.0005577795962850836,3.417981949652053e-05,3.663940818735796e-05,3.512572625806595e-05
1203.0,0.3120052939428761,0.00296359203038678,0.001027250502317665,0.0005573877916388813,3.41648289178596e-05,3.663676432417178e-05,3.514499006470362e-05
1204.0,0.311972040251411,0.002952238492023023,0.001025021241829244,0.0005569729389144269,3.415269596805626e-05,3.662146777727793e-05,3.516739363736376e-05
1205.0,0.3120870322561597,0.002962931843251348,0.001024038360405204,0.0005565764937740754,3.414087876853836e-05,3.661015420789278e-05,3.518439461772981e-05
1206.0,0.3125478529244629,0.00317485493864863,0.001024088634527763,0.000556171727900087,3.412510926256729e-05,3.661477842066752e-05,3.520893500631692e-05
1207.0,0.3129809047825706,0.003144566249536772,0.001030472272888912,0.000555774959748446,3.41063443586618e-05,3.661000302752804e-05,3.522593264483967e-05
1208.0,0.3135350916495389,0.003140421768053134,0.001035371251417885,0.0005553718909195269,3.40959178915162e-05,3.660988609601477e-05,3.525930705675126e-05
1209.0,0.3139903795854258,0.003119230946091658,0.001039125609136466,0.0005549625358724375,3.40844458550626e-05,3.661374083261572e-05,3.529276667677367e-05
1210.0,0.3143332661914855,0.003174870466619776,0.001037350924952046,0.0005545504258843453,3.408490620276508e-05,3.661113930672912e-05,3.532496117445364e-05
1211.0,0.3150257412684582,0.003163271389093731,0.001041073021984471,0.0005541338549174383,3.407510474100953e-05,3.662360784906601e-05,3.536004446502035e-05
1212.0,0.3156357888626055,0.003812122718476106,0.001040874575699877,0.0005537119603602971,3.408234557453384e-05,3.662594188680849e-05,3.538808098818062e-05
1213.0,0.3163786161396338,0.003754236384620478,0.001044366042970684,0.0005532704960576349,3.406630769218925e-05,3.66258667506939e-05,3.540556386452746e-05
1214.0,0.3159352008297981,0.003765535836328666,0.001048033593809073,0.0005528236496127735,3.404236845142215e-05,3.663331112843785e-05,3.542480234472911e-05
1215.0,0.3165998269549747,0.003617702714610542,0.001052030717502127,0.0005523725112923522,3.402534144175815e-05,3.661465708115949e-05,3.544822595833401e-05
1216.0,0.3165694395885291,0.003548628975650197,0.001055562233193208,0.0005519078362922025,3.400713895097029e-05,3.661438604205435e-05,3.547320408319282e-05
1217.0,0.3167074797661044,0.003645426211161672,0.001057063866813247,0.0005514594822986395,3.39823949252098e-05,3.660725078492302e-05,3.549821896237725e-05
1218.0,0.3166644626699216,0.003552811696967803,0.001057653303632716,0.0005509855952602061,3.396321364747428e-05,3.660673398061684e-05,3.553130503246016e-05
1219.0,0.3169729689034128,0.00365859194594804,0.001061095972910267,0.0005505381229628898,3.395538745151997e-05,3.66267017118342e-05,3.556813302869617e-05
1220.0,0.3176023480812563,0.003524909917911353,0.001061715763539231,0.0005500733416486907,3.394121646547025e-05,3.662752669995069e-05,3.5612582543427e-05
1221.0,0.3181855470857106,0.003956271481337553,0.001063954735493177,0.0005496146896311234,3.392411835824008e-05,3.661412363926151e-05,3.564048654623697e-05
1222.0,0.3182330380290413,0.004162268578044667,0.001067821695830361,0.0005491504573781318,3.391628795151325e-05,3.661587177484432e-05,3.566307317686329e-05
1223.0,0.3192620897562177,0.003754107666071547,0.001064630664372259,0.0005486890575202385,3.390987665985414e-05,3.661445697484997e-05,3.570161321611245e-05
1224.0,0.3194169613320115,0.003965010563884415,0.001066645547376881,0.0005482164781116175,3.390763621349389e-05,3.662347271815733e-05,3.572449084593323e-05
1225.0,0.3197095919218573,0.003592837689555605,0.001064831576938476,0.0005477107780124094,3.390458731544906e-05,3.662099978541088e-05,3.575133943693065e-05
1226.0,0.31925967238681,0.003993076621328004,0.001065609409939283,0.0005472611269054636,3.390360622905566e-05,3.660728932521318e-05,3.575499791905708e-05
1227.0,0.3213149213837962,0.003765824174936131,0.001065004472506486,0.0005467897502119087,3.390039754523409e-05,3.659811466717511e-05,3.579534798924443e-05
1228.0,0.3207951853222427,0.003797351577429896,0.001065039947963633,0.0005463029269091344,3.390323808430051e-05,3.658169046173629e-05,3.582110831058087e-05
1229.0,0.3204950513310059,0.003748485857944724,0.001064562878557115,0.0005458177737880457,3.389682851006145e-05,3.657917151543872e-05,3.584530000952073e-05
1230.0,0.3201855152408227,0.003634206194977951,0.0010640818312381,0.0005453360804289967,3.389066019333579e-05,3.658064596119019e-05,3.585183533193157e-05
1231.0,0.32050647722291,0.003619042059288125,0.001061093918178219,0.0005448564059955875,3.388188434324678e-05,3.658324148924833e-05,3.587239207196997e-05
1232.0,0.3206691925869916,0.003553467908881313,0.001060463890536016,0.0005443761569077213,3.387892689738092e-05,3.658960904655337e-05,3.590148729306323e-05
1233.0,0.3207682498320767,0.005054785268100398,0.001056350128780386,0.0005438922270653578,3.389268349754684e-05,3.658529007802862e-05,3.593943650114553e-05
1234.0,0.3218801486391249,0.004426098875103358,0.001053790419762279,0.0005434277640181756,3.389992256885929e-05,3.658208853064063e-05,3.597097399492797e-05
1235.0,0.3227681030601336,0.004522134690767188,0.001056240421748708,0.000542961022570874,3.390452164836992e-05,3.657733474631035e-05,3.599387019930701e-05
1236.0,0.3231806794424256,0.004099138186689873,0.00105738425539003,0.0005425040077723896,3.391720717419048e-05,3.656283022434002e-05,3.602530762967465e-05
1237.0,0.3231779492505356,0.003690247990662438,0.001053331935413471,0.0005420425081645612,3.391478325065601e-05,3.655370005912595e-05,3.603851994948945e-05
1238.0,0.3230416914785549,0.003668264655854853,0.001051853318054421,0.0005415955689305137,3.391118047364628e-05,3.656062671323995e-05,3.604672474873845e-05
1239.0,0.3233360160196898,0.003525903463562622,0.00105196587033748,0.0005411392095596429,3.391623024542293e-05,3.656949503050282e-05,3.60711875051754e-05
1240.0,0.3235868130122783,0.003378383539356849,0.001043231291754936,0.0005406984171696205,3.392459715386086e-05,3.65840477431937e-05,3.610126352101536e-05
1241.0,0.3242149341942038,0.003642218106118228,0.001037560219210701,0.0005402411994697726,3.39290649275281e-05,3.660209085925392e-05,3.61276479675786e-05
1242.0,0.3243723622996878,0.003788668568334609,0.001043237815829605,0.0005398135998008428,3.394441157100162e-05,3.661037452352273e-05,3.615162540961463e-05
1243.0,0.3256522853668984,0.003432358331772775,0.001042550460731962,0.0005393798772213834,3.396120077215697e-05,3.66159469779108e-05,3.619605242060607e-05
1244.0,0.3256322107816196,0.003483497240851141,0.001036523127915013,0.0005389695050951903,3.396719659380393e-05,3.662497308583333e-05,3.62208561637585e-05
1245.0,0.3258441282641995,0.00341277705196217,0.001038954240008014,0.0005385501950529418,3.396539176778135e-05,3.663373706759579e-05,3.623024587351836e-05
1246.0,0.3261509648152671,0.00341180996813962,0.001033141852190683,0.0005381654333995036,3.398638296136172e-05,3.665054244989845e-05,3.625866397162316e-05
1247.0,0.3264957002635208,0.003360147930871236,0.001037088586406454,0.0005377624143731674,3.399351380991022e-05,3.665502858467444e-05,3.62843259019179e-05
1248.0,0.3268192365964634,0.003324125327052347,0.001032034711679452,0.000537387980709709,3.40118266381422e-05,3.666927313072658e-05,3.630635964908834e-05
1249.0,0.3271775130311825,0.003184262081456028,0.001028045565947188,0.0005369948839462005,3.402023861438131e-05,3.668651070930714e-05,3.632773788488395e-05
1250.0,0.3276689171892929,0.003131097467595459,0.001024999759016161,0.0005366344748214434,3.403598240570748e-05,3.670773844598503e-05,3.635040778512673e-05
1251.0,0.3280054343395842,0.003106158941472678,0.001023937027825241,0.0005362633639518311,3.405720973669856e-05,3.672735238539816e-05,3.638279845413118e-05
1252.0,0.3287875391845093,0.003136567332635164,0.001022524213905448,0.0005359215854512758,3.40758340356006e-05,3.673956659015935e-05,3.640872274125201e-05
1253.0,0.3293947163252548,0.003131701450084075,0.001022487446588106,0.0005355736075084045,3.409925545772583e-05,3.675980764703686e-05,3.643690586175419e-05
1254.0,0.3303213606050671,0.003131013969143242,0.001023118925506031,0.000535261160561763,3.411345172922967e-05,3.678679811708433e-05,3.646484458792068e-05
1255.0,0.3311357930757191,0.003312306927906978,0.001025033027659053,0.0005349286787315501,3.414298434239267e-05,3.679947777950235e-05,3.649384818960613e-05
1256.0,0.3321568510377654,0.003244287832644853,0.001032216555322966,0.0005345849782159746,3.416263519839534e-05,3.681170969373009e-05,3.651142729179184e-05
1257.0,0.3321959888118791,0.003193825531543527,0.001032152150094268,0.0005342965303726694,3.41741692866585e-05,3.682871604943553e-05,3.652903520211689e-05
1258.0,0.3350626171622735,0.003131495824732709,0.001032102302137463,0.0005340000023026478,3.421513162660671e-05,3.683249068711568e-05,3.658060676843869e-05
1259.0,0.334043398058598,0.003173505646740309,0.001033268366172669,0.0005336736482703379,3.423806013725402e-05,3.684199317118019e-05,3.660918073263016e-05
1260.0,0.3336368934608963,0.003266800809952578,0.00103467128483287,0.0005333855571376681,3.42399621599498e-05,3.685332770655802e-05,3.661720170418794e-05
1261.0,0.3339373011918481,0.003375030733806394,0.00104504253759648,0.0005330839152493383,3.425755508881066e-05,3.686158725787509e-05,3.662972233227551e-05
1262.0,0.3345908114005713,0.003363326413277166,0.001050910668520923,0.0005328150381128339,3.426227877986215e-05,3.686363039218138e-05,3.664374798087885e-05
1263.0,0.3350459082544144,0.003420662760364843,0.001052422714031447,0.0005325278801041611,3.427147725549219e-05,3.687737346456022e-05,3.66620629735699e-05
1264.0,0.3356110957415527,0.003272429658474266,0.001058643398881821,0.0005322901314390381,3.428355129182634e-05,3.687604190516011e-05,3.667098001823924e-05
1265.0,0.3366912934502513,0.00325517308918237,0.001056939056409139,0.0005320361186372838,3.430180679201089e-05,3.688365982670294e-05,3.66947803676543e-05
1266.0,0.3369770062791658,0.003323413740879551,0.001057980830925298,0.0005318219910682181,3.432183477300115e-05,3.689638654363894e-05,3.672337022665136e-05
1267.0,0.3375516374437375,0.003280688010477561,0.001057956864891944,0.0005315897909006576,3.434082689046613e-05,3.689861081543917e-05,3.674175433880365e-05
1268.0,0.3380411200116772,0.003486192796304783,0.001060605098319599,0.000531394985755808,3.436131318525992e-05,3.691347115378637e-05,3.675609871412394e-05
1269.0,0.3387035367132129,0.003419224504996311,0.001068055768889048,0.0005311836063802812,3.437397887364518e-05,3.691467389731831e-05,3.676916460107994e-05
1270.0,0.3396161840964055,0.003513058465411513,0.001070289689272983,0.0005310129624101999,3.439435071205092e-05,3.692810687709024e-05,3.678642436865955e-05
1271.0,0.3397831371305044,0.003524741573461448,0.001077569731148111,0.0005308301448628415,3.440621028197785e-05,3.692781561545307e-05,3.679106574247067e-05
1272.0,0.3404939318372501,0.003717990599204903,0.001085800385163691,0.0005306828402631267,3.44221507108103e-05,3.692840251227259e-05,3.680185659227826e-05
1273.0,0.3406100063991852,0.003639148677441805,0.001091641955928625,0.0005305192254582697,3.443462676424394e-05,3.693336456592208e-05,3.681430154801167e-05
1274.0,0.3408642119406997,0.00354973362659058,0.001095856357017201,0.0005303952971402709,3.446332885877777e-05,3.693689896794166e-05,3.68231989219542e-05
1275.0,0.3415445150946781,0.003703342247785396,0.0010950229354754,0.0005302420630898801,3.449039877485079e-05,3.693860993896449e-05,3.683988098872952e-05
1276.0,0.3421578287199703,0.003818393427930803,0.001101634390894334,0.0005301302317780377,3.450527246332523e-05,3.694376645579159e-05,3.687150041170652e-05
1277.0,0.3425421501682451,0.003822596048472402,0.001107227262167032,0.0005299884842227684,3.452624487301046e-05,3.693264772694996e-05,3.687871867936192e-05
1278.0,0.3430975603222099,0.003877958100064333,0.00111186136573403,0.0005298651051387738,3.453841458032219e-05,3.693011923581146e-05,3.688459068588138e-05
1279.0,0.3434721207721033,0.003754402814732375,0.001115145283019715,0.0005297060188378636,3.457064200949089e-05,3.693878609604974e-05,3.688114199481185e-05
1280.0,0.3437980843486348,0.003675639236487615,0.001109705759170325,0.0005295829071367266,3.460460773373777e-05,3.695178226048462e-05,3.688120125502557e-05
1281.0,0.3443956763692747,0.003786918913796507,0.001107474644583574,0.0005294287899375379,3.465214896859818e-05,3.695511773783362e-05,3.688811596673286e-05
1282.0,0.3450820492093807,0.003812821187023886,0.001114656579864276,0.0005293145764140185,3.469063488081587e-05,3.694707216033783e-05,3.689966195945895e-05
1283.0,0.3454468369276425,0.003888272820530098,0.00111946206048105,0.0005291711638746904,3.473132979853989e-05,3.694631663829186e-05,3.690733462471027e-05
1284.0,0.3454141774198699,0.003908623482943131,0.001123561642763993,0.0005290652080361625,3.476171751796167e-05,3.693686514840874e-05,3.691660093910278e-05
1285.0,0.3457197732310037,0.00392504789775654,0.001128053861004705,0.0005289369873815654,3.479639788868028e-05,3.692901950133648e-05,3.691448244887774e-05
1286.0,0.3461941760536532,0.004028727622471424,0.00113214753202778,0.0005288496121155773,3.483417953955151e-05,3.693010044217269e-05,3.691504047259336e-05
1287.0,0.3462980754205126,0.003971274930249032,0.001135423195118029,0.0005287349106235167,3.487443425918522e-05,3.691552542628212e-05,3.692500678698523e-05
1288.0,0.3469209831810195,0.00407113883907934,0.001138598051980096,0.0005286528473545943,3.49068656706371e-05,3.691014589338384e-05,3.69394613555896e-05
1289.0,0.346834973732693,0.003940285283578938,0.001139305971310612,0.0005285457526784505,3.49528355965402e-05,3.691199671598951e-05,3.694280454570925e-05
1290.0,0.3471628727157873,0.003837965947856849,0.001140824698397922,0.0005284794651987568,3.498988178283041e-05,3.691993845344335e-05,3.695278422710967e-05
1291.0,0.3471067798212333,0.003760638558693512,0.001133378337581234,0.0005283969931196565,3.503279664261598e-05,3.692432039968907e-05,3.696506150352438e-05
1292.0,0.3479242060087532,0.003929973444638565,0.001128813834954878,0.0005283309939347448,3.508153468883688e-05,3.692074618937971e-05,3.698152680916516e-05
1293.0,0.3480046819466183,0.003947998750824293,0.001134065676693931,0.0005282610094863096,3.512244819850914e-05,3.692575390411012e-05,3.698303944226792e-05
1294.0,0.3484844171534435,0.003978322640425807,0.001137600024043011,0.0005282209081572165,3.517060956207215e-05,3.691808602177835e-05,3.699113736465613e-05
1295.0,0.3486845931896836,0.003901581521887712,0.001138906176408517,0.0005281527180941074,3.520658081601495e-05,3.690479163956162e-05,3.699938894048412e-05
1296.0,0.3482754759915417,0.004016069568438468,0.001142715386019513,0.0005280977984669641,3.525006881585275e-05,3.68936995158781e-05,3.699349468038474e-05
1297.0,0.3483111137398047,0.004036284295124831,0.001145392666971218,0.000528032181748019,3.527725740827606e-05,3.688746526126568e-05,3.700692681224764e-05
1298.0,0.3485622087436611,0.004002330515093077,0.001147982997820084,0.0005279908843053315,3.531545401008045e-05,3.687778801434399e-05,3.701950927748404e-05
1299.0,0.3489303941258226,0.003840426964823402,0.001148553873293563,0.000527928020557707,3.535229627610097e-05,3.687788613389118e-05,3.702686050228487e-05
1300.0,0.348800909238109,0.004376431035966051,0.001142169853006852,0.0005278928750259425,3.540149142081829e-05,3.688716025509514e-05,3.703913385451062e-05
1301.0,0.3494261424357179,0.004334671416954137,0.001143248640661436,0.0005278463618789826,3.544000488220795e-05,3.688185703933773e-05,3.704526633440163e-05
1302.0,0.3492956122491429,0.004184077605180261,0.001147013857708878,0.0005278322877137784,3.548125449613555e-05,3.687881261027699e-05,3.705305057784736e-05
1303.0,0.3497951554125402,0.003795712858388724,0.001144399319530044,0.0005277954035308196,3.55229686652684e-05,3.687145002230755e-05,3.705440432028174e-05
1304.0,0.349623401668737,0.003855856253929132,0.001135628273281956,0.0005277925147292725,3.558363132542972e-05,3.688706039611403e-05,3.706492656407632e-05
1305.0,0.3499163252895559,0.003765064637465885,0.001129634478710141,0.0005277840187799561,3.563261547681432e-05,3.688423674601883e-05,3.707301319088863e-05
1306.0,0.3497885953390024,0.003643270367890315,0.00112362396779618,0.0005277860692934686,3.567942173224683e-05,3.687900951624791e-05,3.707705075016785e-05
1307.0,0.3498742929751428,0.003710612537981726,0.001120794647230945,0.0005277781559273673,3.571628177308224e-05,3.687895134006802e-05,3.707359043589716e-05
1308.0,0.3499863443930541,0.003928556668036114,0.001118254147286069,0.0005277955140208923,3.577414279485497e-05,3.689230086100072e-05,3.707333725361863e-05
1309.0,0.3504215839489693,0.003912938855920035,0.001124222361553061,0.00052780952353759,3.582713249821752e-05,3.687669721888282e-05,3.708055479238565e-05
1310.0,0.3504555692040836,0.003764110963825223,0.001127296881444063,0.0005278341233290093,3.586418111965025e-05,3.687261005853344e-05,3.706974280783675e-05
1311.0,0.350619103026629,0.003646241615567638,0.00112150066896631,0.0005278516311316536,3.590753252049704e-05,3.686981240969737e-05,3.707512636366861e-05
1312.0,0.3505911475160948,0.004458712186895444,0.001120051859810538,0.0005278830618606574,3.595581774103759e-05,3.687058080274523e-05,3.70736849593184e-05
1313.0,0.3504987478511162,0.004136921004600732,0.001123945978978737,0.0005279060581620305,3.600735103856085e-05,3.686855585342964e-05,3.706778603645669e-05
1314.0,0.3504657999514331,0.004470737901733119,0.001133146998119062,0.0005279380634525644,3.6048417797141e-05,3.685871662583087e-05,3.704153393909408e-05
1315.0,0.3502358255211144,0.00411995018265014,0.001134582808382419,0.0005279924488299237,3.609531801732822e-05,3.687214819038419e-05,3.704176967104758e-05
1316.0,0.3509636921704412,0.004005590919185488,0.00113799193725929,0.0005280510100433806,3.615210035049377e-05,3.685404317314022e-05,3.702321331077683e-05
1317.0,0.3509081397940552,0.003906105283097751,0.001141445408883591,0.0005280888468197756,3.618865751175699e-05,3.683815787183515e-05,3.701745286757086e-05
1318.0,0.3506414824526686,0.003845887723185144,0.001143981170901589,0.0005281575401811844,3.62284686342841e-05,3.68423347735641e-05,3.700385739977192e-05
1319.0,0.3505802502453423,0.003693137686970117,0.001136539418305041,0.0005282196673924925,3.626595802103835e-05,3.683179072929503e-05,3.699088484531299e-05
1320.0,0.3504391460411663,0.00396957987716428,0.001133366646410198,0.0005283171668804142,3.630953957405978e-05,3.682938959901345e-05,3.697655529475205e-05
1321.0,0.3503228058927059,0.00396848594390868,0.001137057851600877,0.0005283978753591097,3.634211566585994e-05,3.681406012209918e-05,3.695508983062878e-05
1322.0,0.3498409251552325,0.003985835303872678,0.001141397030408996,0.0005285041444533166,3.637568682002184e-05,3.680689397489897e-05,3.693994943611525e-05
1323.0,0.3499819655655642,0.003821993039140559,0.001145237188073002,0.0005285774810220203,3.638493467266789e-05,3.679625568800767e-05,3.691852396072189e-05
1324.0,0.3499338864737259,0.003616467690075282,0.001137418806624372,0.0005286638308990324,3.640961190369089e-05,3.679302102866719e-05,3.690637875177825e-05
1325.0,0.3497294571942817,0.003789261040346474,0.001133010735946643,0.0005287443920612906,3.644045862021914e-05,3.679052269530487e-05,3.689391711480095e-05
1326.0,0.3502796388017009,0.003892937344726379,0.001138432454885246,0.0005288039824435457,3.647700749505016e-05,3.678357064758319e-05,3.688889564062722e-05
1327.0,0.3492968629720841,0.003692603930585374,0.001140668866228519,0.0005288829386512505,3.65133181554756e-05,3.679921696213655e-05,3.686852297922308e-05
1328.0,0.3502446993803581,0.003655523673736308,0.001136087918844,0.0005289615379343766,3.656793320633835e-05,3.679567758113264e-05,3.686364852685357e-05
1329.0,0.3495560017779145,0.003540536557318378,0.001131307041065251,0.000529018869974537,3.659435606103089e-05,3.679448930568228e-05,3.683650441272789e-05
1330.0,0.3492856287272214,0.003407142464546516,0.00112712355878098,0.0005290895688189855,3.661087322255186e-05,3.677924017526189e-05,3.682089142720803e-05
1331.0,0.349183761696401,0.003416905928912192,0.001125723003753071,0.0005291510628093251,3.663662531755113e-05,3.678467048588957e-05,3.680393150586124e-05
1332.0,0.3490853411571147,0.003392932056452473,0.001124554678167546,0.0005292288948315045,3.666353312299947e-05,3.677787725541544e-05,3.678484014990993e-05
1333.0,0.3488811764199141,0.003599508168455184,0.001124227616338796,0.0005292882516949864,3.668952902893322e-05,3.67739502610157e-05,3.676538205326822e-05
1334.0,0.3483693336129049,0.00377554950222136,0.001124135617315452,0.0005293548515361308,3.670290558651845e-05,3.677388067570986e-05,3.673599030090867e-05
1335.0,0.3480582685856668,0.003532266500697832,0.001130671478704804,0.0005294106673337298,3.671862860121979e-05,3.676548980238302e-05,3.670297222102683e-05
1336.0,0.3480128990278856,0.003560625963832709,0.001129806319268239,0.0005294807530354776,3.674765364451149e-05,3.676473132976654e-05,3.669013866023625e-05
1337.0,0.3481888044115217,0.004019105326770927,0.001129361948917098,0.0005295174149718537,3.678503003689988e-05,3.67671105962352e-05,3.667016261154968e-05
1338.0,0.3479029252878526,0.003597611966317628,0.0011351474789573,0.0005295897843822484,3.680259110426814e-05,3.677678690225824e-05,3.663174881610759e-05
1339.0,0.34815162449291,0.003344192277594956,0.001131889124280636,0.000529624167063198,3.681722758634398e-05,3.67597541780701e-05,3.65999735762473e-05
1340.0,0.3479903538447737,0.00327063509374666,0.00112957805744233,0.000529661105177456,3.684685205172662e-05,3.675920828993821e-05,3.657103750703138e-05
1341.0,0.3474775812344099,0.003433642151147054,0.001130394573105906,0.000529677537113023,3.688348355617121e-05,3.676612039916452e-05,3.654507025834606e-05
1342.0,0.3472206895178749,0.00338046322464786,0.001129430470986864,0.000529697778116854,3.689987355505312e-05,3.674855751861065e-05,3.651935118929619e-05
1343.0,0.3468701021320872,0.003363464113914579,0.001128415083440955,0.0005296907775196194,3.691317361887387e-05,3.6746340411591e-05,3.648086114028009e-05
1344.0,0.3465244280604337,0.003439689308807971,0.001128203536440393,0.0005296950637910389,3.691736446864798e-05,3.673708474554907e-05,3.643459711946747e-05
1345.0,0.3462856361641564,0.003611478763542647,0.001128909841958181,0.0005296774051258049,3.693321967017009e-05,3.672523934019831e-05,3.640217857343013e-05
1346.0,0.346272660975961,0.003357576672107605,0.001136511680096375,0.0005296556146189758,3.693718275403118e-05,3.671868641811549e-05,3.635393462447904e-05
1347.0,0.3462577680394167,0.003431197653686133,0.001135257769665597,0.0005296143833901698,3.695422382175226e-05,3.671850042945309e-05,3.632685078775699e-05
1348.0,0.3460858163970185,0.003692805446029825,0.00113594123731261,0.0005295521265847918,3.697341530607964e-05,3.67255167732455e-05,3.629098981609367e-05
1349.0,0.34554509751088,0.003593558649574756,0.001143048044383134,0.000529501630302767,3.697682482436858e-05,3.671410671775574e-05,3.62633907197741e-05
1350.0,0.3457643441307587,0.003427304336538406,0.001140320883132594,0.0005294157191663448,3.698191507330387e-05,3.670538473506568e-05,3.622552142670522e-05
1351.0,0.3452208401473914,0.003326270020216235,0.001136621273870749,0.0005293486073194978,3.699467286775753e-05,3.671105592526134e-05,3.620523705845107e-05
1352.0,0.3456490511031194,0.003301274595146675,0.001135571483115792,0.0005292447707779569,3.701264617604723e-05,3.671046906789906e-05,3.618529303325512e-05
1353.0,0.3455515739369145,0.003314360150425946,0.001134635505704094,0.0005291464550610809,3.701175703019268e-05,3.671290875429481e-05,3.615763527905597e-05
1354.0,0.3448856547309706,0.003278217578450524,0.001134244439524684,0.0005290152209594696,3.701647355418886e-05,3.670515797842274e-05,3.612972317574751e-05
1355.0,0.3446598150300055,0.003346104283122325,0.001134631584881829,0.0005288869633246906,3.701629177746417e-05,3.670013035818281e-05,3.610415380854212e-05
1356.0,0.344228038239887,0.003428417045011948,0.001134379477393227,0.0005287426966304132,3.701747475235944e-05,3.670269985518679e-05,3.608048119438878e-05
1357.0,0.3442921488812151,0.003431337293096529,0.001135855462737895,0.0005286037124504487,3.700248126282682e-05,3.67007864028262e-05,3.606798632621563e-05
1358.0,0.3444147495123165,0.00347107038603822,0.001136145470523658,0.0005284359720340446,3.699869926317393e-05,3.670755345275959e-05,3.606571541428916e-05
1359.0,0.3441910452228597,0.003476424095160744,0.001136218982023121,0.0005282800917734194,3.699229100594275e-05,3.670449243929004e-05,3.605347119820469e-05
1360.0,0.3444771731709337,0.003416195785498028,0.001136328347694545,0.0005280806106295514,3.698880154857716e-05,3.670550360188703e-05,3.604651504173575e-05
1361.0,0.3437448318418056,0.003420639271011501,0.00113712303562624,0.0005279061679371844,3.698065694440227e-05,3.670714764628512e-05,3.603258945003458e-05
1362.0,0.3444188393865,0.003408824130458331,0.001137736098864225,0.0005276886237602391,3.697328786850572e-05,3.67074078385432e-05,3.603726173330999e-05
1363.0,0.3444523488955518,0.003475879034096361,0.001139287289641594,0.0005274777133091201,3.697439855721462e-05,3.671159570721492e-05,3.603457370330145e-05
1364.0,0.344729309391598,0.00345958285693428,0.001139724139946006,0.0005272352406598864,3.698039181747619e-05,3.672950819465458e-05,3.603904697115733e-05
1365.0,0.3445278874504767,0.00336521678538845,0.0011382036060164,0.0005270236933918803,3.699259954680131e-05,3.674240315883017e-05,3.606134966141176e-05
1366.0,0.3450406594653234,0.003362805436664756,0.00113855182477321,0.0005267674914063629,3.698178229011354e-05,3.673088918694367e-05,3.606789954439945e-05
1367.0,0.3440338321451134,0.003468295799183849,0.00114009438855217,0.0005265231322308992,3.697545177024856e-05,3.673213424517918e-05,3.605989487439683e-05
1368.0,0.343512735922149,0.003496146455858302,0.001140587343502794,0.0005262612218436166,3.6974007268008e-05,3.67350140153363e-05,3.607064461845775e-05
1369.0,0.3435861212281085,0.003728497685433158,0.001143209884900248,0.0005260013296830013,3.697561810891479e-05,3.674529296368452e-05,3.608236935867792e-05
1370.0,0.3436283694266574,0.003593287553624952,0.001150132325463328,0.0005257168933456966,3.696256064133575e-05,3.674434735617016e-05,3.60815305841396e-05
1371.0,0.3432893894380202,0.00359502576188319,0.001155696702763955,0.0005254270827205479,3.695792390299724e-05,3.674159274395451e-05,3.608494758318402e-05
1372.0,0.343443529294758,0.003832873299561749,0.00115225288593878,0.0005251166635845974,3.695334444302193e-05,3.674500560138388e-05,3.609838315651213e-05
1373.0,0.3435316447136592,0.003663426249945212,0.001156242849375622,0.000524800633343032,3.694473495593966e-05,3.673601027037722e-05,3.609675887094617e-05
1374.0,0.3432572303996415,0.003556466356276379,0.001159653810886512,0.0005244542736370577,3.695152842531404e-05,3.6740128283857e-05,3.610027895295924e-05
1375.0,0.3433983745117017,0.003672933353818084,0.001154912743951504,0.0005241035843407309,3.697403267982306e-05,3.675037460360388e-05,3.611560544581621e-05
1376.0,0.3433385972827713,0.003651334936897861,0.001158594235116301,0.0005237497641987198,3.69543800386198e-05,3.674758462296318e-05,3.61199095594716e-05
1377.0,0.3433759832671552,0.003467742569840514,0.001150394433034704,0.0005233877348512635,3.69429301703914e-05,3.674098547156482e-05,3.613868264415352e-05
1378.0,0.3434104204760121,0.003355324442895112,0.001144688859596514,0.0005229972058421788,3.69383682435102e-05,3.67472617445636e-05,3.615518821618071e-05
1379.0,0.3423588930415138,0.003446083579119032,0.001141501427906967,0.0005226237250840692,3.6945435658049e-05,3.675367487661764e-05,3.617789648965008e-05
1380.0,0.3423622351987363,0.003452700345538686,0.001137568453646636,0.0005222317969713479,3.693753559058774e-05,3.675083681656466e-05,3.619909040267057e-05
1381.0,0.3423028972705636,0.00348865240900988,0.00113454307333793,0.0005218364762132158,3.691892851537487e-05,3.674112506207507e-05,3.621749818471438e-05
1382.0,0.3421507767536561,0.003602028725272511,0.001130539324396466,0.0005214298852344522,3.691094072120492e-05,3.675052748350806e-05,3.624627835856443e-05
1383.0,0.3416896279414821,0.003558094106248777,0.001135566247584897,0.0005210341121945996,3.688841315259969e-05,3.674943077778019e-05,3.625511120728282e-05
1384.0,0.3419208881720077,0.003592832644576414,0.001140490627234446,0.0005206290984547777,3.687217893537289e-05,3.675600954231952e-05,3.626766928504347e-05
1385.0,0.3417123939838401,0.00357854414551241,0.001135273234424895,0.0005202340817170103,3.686571961702447e-05,3.675918705134892e-05,3.630684379111819e-05
1386.0,0.3420029452136007,0.00335860064915585,0.001137075087373935,0.0005198076453019097,3.684294355411055e-05,3.675141840149149e-05,3.633562818975415e-05
1387.0,0.3418118934762857,0.00335766787180365,0.001131380349222121,0.0005193848351753044,3.683167682604513e-05,3.675540466577038e-05,3.636046156509823e-05
1388.0,0.3415730320546903,0.003444730452151879,0.001127681680464764,0.0005189323563304602,3.68078976228992e-05,3.676925301497549e-05,3.638892073592037e-05
1389.0,0.3416567953064103,0.003439799674748747,0.001123585362574482,0.0005184940127916096,3.680466738436938e-05,3.678843960180291e-05,3.643252721002868e-05
1390.0,0.3416630252554255,0.003439454598145746,0.00111973266832885,0.0005180271254793976,3.67860834862542e-05,3.67874912143245e-05,3.647043231254357e-05
1391.0,0.3414671917698303,0.003333260463958267,0.001115806993172036,0.0005175682185158602,3.677015329010001e-05,3.678815608748899e-05,3.649807239181258e-05
1392.0,0.3417419428178487,0.003176025027206872,0.001110937142252359,0.000517084551267169,3.674516083928267e-05,3.678989750117761e-05,3.652893589630294e-05
1393.0,0.3416935463586506,0.003272335769161732,0.001109456283590743,0.0005165906678235966,3.672484276589109e-05,3.680551033170062e-05,3.656514743377661e-05
1394.0,0.3413197532803472,0.00325439714967414,0.001107258454689736,0.0005160848695417556,3.672187003231977e-05,3.682096419882686e-05,3.659914892114691e-05
1395.0,0.3418881732541891,0.003232229020601178,0.001104811705805996,0.0005155825518772487,3.671678214915532e-05,3.681417403998201e-05,3.663841271400328e-05
1396.0,0.3419030232713665,0.003388527933217444,0.001104728624462165,0.0005150665728182817,3.670413617218832e-05,3.680576791633811e-05,3.667742736481748e-05
1397.0,0.3414037194111471,0.003393547571292675,0.001109377889943601,0.0005145530307170893,3.668206877070315e-05,3.681049023961557e-05,3.669353560299883e-05
1398.0,0.3413154290783484,0.003434048817539575,0.001108565746519131,0.0005140161883103529,3.667172461311997e-05,3.682808358322218e-05,3.672406832737113e-05
1399.0,0.3410303460914716,0.00353447989417707,0.001114648817521963,0.000513488131293808,3.6652352225146e-05,3.683342543600423e-05,3.674414426612874e-05
1400.0,0.3409943187756476,0.003387145024150367,0.001118163430018182,0.0005129469356971169,3.662591916932071e-05,3.683593409498539e-05,3.677123294162725e-05
1401.0,0.3408285635504689,0.003387524711276362,0.001113242651457476,0.0005124024385303402,3.661142247458788e-05,3.684597397148524e-05,3.679948684982408e-05
1402.0,0.3408964436770846,0.003390508391354247,0.001109795434681153,0.0005118527058761104,3.660139898876437e-05,3.685590427531963e-05,3.683565818061185e-05
1403.0,0.3404744409633698,0.003261940889272449,0.001106732619792828,0.0005113220596202671,3.659210346597424e-05,3.68647274138413e-05,3.685785322731494e-05
1404.0,0.340126731934128,0.003180814197863416,0.001103621477288299,0.0005107813699527619,3.658617716034851e-05,3.68693066914225e-05,3.687608116903525e-05
1405.0,0.3404678999881023,0.003404450355780264,0.001104655252836514,0.0005102626164953729,3.659441568295881e-05,3.687749223366508e-05,3.690830232785393e-05
1406.0,0.3407672080296901,0.003331105331475544,0.001102623988540715,0.0005097286202077164,3.658845608326334e-05,3.68802754541944e-05,3.693020649604012e-05
1407.0,0.3405374253336624,0.003397288820507114,0.001102578376052522,0.0005092271769477732,3.659131979414961e-05,3.689723732192752e-05,3.69473427589595e-05
1408.0,0.340979859338765,0.003278879093993789,0.001101416725982939,0.0005086969844907584,3.659281002007853e-05,3.690994469165942e-05,3.697401349918577e-05
1409.0,0.341013268819788,0.003382558740319826,0.00110200198920099,0.0005081776692618725,3.657262358656712e-05,3.691482446747754e-05,3.699266257966073e-05
1410.0,0.3404201894284231,0.003309114565586786,0.001100149775823207,0.0005076568826850082,3.655638769987209e-05,3.693381743889334e-05,3.701840409825788e-05
1411.0,0.3403373754236972,0.003205984103357449,0.00109913223979289,0.0005071487203935025,3.653383765408141e-05,3.694948089873688e-05,3.704992705899645e-05
1412.0,0.3403573133209982,0.003124624651527571,0.001099036930868355,0.0005066406529377511,3.650684489052725e-05,3.696091555756536e-05,3.707605639860066e-05
1413.0,0.3402639349207106,0.003295078510446531,0.001102101037407261,0.0005061439905684299,3.649328285681074e-05,3.696850335573612e-05,3.710988083042113e-05
1414.0,0.3406687613436896,0.003373349764386767,0.001103689728058281,0.0005056429673156903,3.648643375752091e-05,3.69671016526039e-05,3.713753277261341e-05
1415.0,0.3403855235248677,0.003228403824065341,0.001103101988596752,0.0005051434460394546,3.645670460230018e-05,3.696914708059539e-05,3.714850451188537e-05
1416.0,0.3402442435566937,0.003368324358697722,0.001103914273357316,0.000504662880868686,3.64371656557466e-05,3.698666694022188e-05,3.716978775809907e-05
1417.0,0.340499454599699,0.003350836149010337,0.001104828895592762,0.0005041881309648849,3.641621402790507e-05,3.699996043874086e-05,3.719154075942255e-05
1418.0,0.3408842385271594,0.003482195169369227,0.001107805472468389,0.0005037133844613175,3.640217396577884e-05,3.700551298928323e-05,3.722121492773017e-05
1419.0,0.341117498840799,0.003566520413592077,0.001117131072029603,0.000503270438908149,3.638727075260667e-05,3.702076244336668e-05,3.724941962875868e-05
1420.0,0.3421739533647622,0.003553398290700902,0.00112368328569987,0.0005028259590690016,3.635658285346254e-05,3.702601923096013e-05,3.728263697021229e-05
1421.0,0.3417875185852757,0.003443418762370905,0.001128018050972003,0.0005023834990248295,3.631039844846112e-05,3.702200198869518e-05,3.730232676632914e-05
1422.0,0.3414931058436939,0.003603972951684092,0.001128097200752411,0.0005019465686420514,3.628182355171383e-05,3.703004766870187e-05,3.734171385611348e-05
1423.0,0.3413545511792279,0.003542654053324315,0.001132251366626232,0.0005015151029074564,3.624265978786677e-05,3.7038088655805e-05,3.737694676989617e-05
1424.0,0.3414411771527478,0.003640259197367946,0.001130405719680795,0.0005010923821812138,3.619928298747102e-05,3.704242144867626e-05,3.740602329003628e-05
1425.0,0.3416137017893547,0.003666283950201905,0.001136140636632237,0.0005006739941767959,3.616089721812482e-05,3.704012679175265e-05,3.743579336225481e-05
1426.0,0.3416566351793833,0.003546431629990289,0.001140387964061307,0.000500270243318421,3.612775488485477e-05,3.703153056558611e-05,3.745682231762302e-05
1427.0,0.3416193997639225,0.003425955178470083,0.001134917374329096,0.0004998608433251073,3.609227068488695e-05,3.703472467666484e-05,3.747845323219771e-05
1428.0,0.3415894872365106,0.003522855383633557,0.001133154583551234,0.0004994671552843784,3.605226475680697e-05,3.704777449340231e-05,3.750175042173601e-05
1429.0,0.3417737233794917,0.003452499801469945,0.001129757858175699,0.0004990671390682158,3.602068664510071e-05,3.705528733330804e-05,3.752886728665041e-05
1430.0,0.3423867133345595,0.003682852745116539,0.001127949967212394,0.0004986796686655946,3.597732979632234e-05,3.706272013584027e-05,3.756505423396725e-05
1431.0,0.3424920931675459,0.003653492368534403,0.001133729884702843,0.000498313292980438,3.594878909799443e-05,3.70730276721733e-05,3.757939719656633e-05
1432.0,0.3431046700766681,0.00358697188020351,0.001138065294298871,0.0004979611107228773,3.592838822464505e-05,3.707215630889759e-05,3.760050196794912e-05
1433.0,0.343587565950142,0.003607882741570229,0.001134774131969702,0.0004976174295219394,3.590921471995861e-05,3.707230845154416e-05,3.762860429892477e-05
1434.0,0.34351898139647,0.003499894080508941,0.001131590490367138,0.0004972711332634221,3.587384039685805e-05,3.707868654925178e-05,3.76428869332532e-05
1435.0,0.3426060892035107,0.003491494322425733,0.00112838719179486,0.0004969874103286887,3.584811623509901e-05,3.707842547293007e-05,3.764550256484324e-05
1436.0,0.343579044288755,0.003465111230029789,0.001125951170930644,0.0004966972280224655,3.581616478191067e-05,3.708460974493671e-05,3.767503394556712e-05
1437.0,0.3433822310811429,0.003500266900506531,0.001124226320829291,0.000496417386916734,3.576435444007569e-05,3.706410650224316e-05,3.768864165747017e-05
1438.0,0.3426991511073266,0.003493296198710417,0.001121693659664837,0.0004961432781402284,3.573024445417364e-05,3.705860395609719e-05,3.770811808178318e-05
1439.0,0.3426619503512644,0.003519715836303152,0.001119054749025136,0.0004958893627501685,3.569888263322062e-05,3.705681867104761e-05,3.771156706620994e-05
1440.0,0.3428784427779044,0.003643328081207208,0.001126263619276131,0.0004956362430973803,3.56648105118291e-05,3.705217922724831e-05,3.77084374695273e-05
1441.0,0.3432566272016858,0.003507393895558233,0.001129724772129332,0.0004954181767621575,3.56277383270152e-05,3.705407453916742e-05,3.771274910676672e-05
1442.0,0.3436987074105586,0.003476395756538308,0.001125245670471571,0.0004951906366968027,3.560829857755287e-05,3.704812602786592e-05,3.773068336678129e-05
1443.0,0.3439156552205035,0.003479721272673542,0.001121096842753,0.0004949769706165288,3.559123550309032e-05,3.704221613419069e-05,3.773432171053775e-05
1444.0,0.3438227900309376,0.003291929258382313,0.001115273956011131,0.0004947606831510168,3.555520050644285e-05,3.704056002061348e-05,3.773354909219339e-05
1445.0,0.3436859640997605,0.00339205046088243,0.00111322843942508,0.000494575782650845,3.552083356655001e-05,3.704134316420095e-05,3.774308001530768e-05
1446.0,0.34366832060848,0.003315422349370716,0.001109478356051796,0.0004943855589046888,3.547590436540489e-05,3.702655830789417e-05,3.774588716492822e-05
1447.0,0.3440039371096124,0.003196269152818736,0.001105608854864427,0.0004942136617360889,3.545108389846628e-05,3.702148181995697e-05,3.775341358588633e-05
1448.0,0.3434571827241337,0.003248387291677917,0.001102802538620501,0.0004940550086814014,3.544016567575898e-05,3.701834336723316e-05,3.77557918363009e-05
1449.0,0.3438021195274684,0.003376672198499405,0.001101430738420505,0.0004939040927194987,3.541824291386013e-05,3.701548234660817e-05,3.776646467303923e-05
1450.0,0.3429360580728102,0.003482011798864251,0.001099096827940562,0.000493761288541778,3.53733974133751e-05,3.699570969220043e-05,3.77582707547436e-05
1451.0,0.3426911708160794,0.003507127890518169,0.001104405417234896,0.0004936221636512577,3.53254203453913e-05,3.697308667221321e-05,3.776572038758844e-05
1452.0,0.343080170869534,0.003510406820107867,0.001108616925492145,0.0004934990939161215,3.529452574580656e-05,3.695936958368404e-05,3.777100457778324e-05
1453.0,0.343155942602442,0.003465189537244154,0.001102694923742471,0.0004933923063399081,3.52783255839441e-05,3.697425753701544e-05,3.778768574194892e-05
1454.0,0.3433996169762972,0.003251503196106371,0.001096391346057556,0.0004932873633756794,3.524966475610487e-05,3.695045335716143e-05,3.778887068049349e-05
1455.0,0.3435968450565751,0.00328644625854967,0.001093452454708094,0.0004931980795068705,3.522825826387017e-05,3.693669792374543e-05,3.779667196292677e-05
1456.0,0.3431696158969307,0.003277875106378483,0.001089301703693049,0.0004931121055886174,3.520558356503892e-05,3.693242476833352e-05,3.779962461853271e-05
1457.0,0.3429597238998849,0.003201646555781649,0.001085258868317327,0.0004930430322726428,3.516824917911853e-05,3.693348546689674e-05,3.781083804659136e-05
1458.0,0.3428341672124546,0.003197084639260681,0.001082476349653079,0.0004929936070726403,3.51273367569089e-05,3.69183932232396e-05,3.780815409050089e-05
1459.0,0.3426918809044733,0.003220885536921885,0.001080590112783355,0.0004929625152126471,3.509248230635192e-05,3.690728830750414e-05,3.781578795675167e-05
1460.0,0.3429086002853678,0.003230018326341256,0.001077522727025834,0.0004929266896014366,3.507421304115549e-05,3.689703298660508e-05,3.781270744337957e-05
1461.0,0.3424736234268455,0.003149358453718867,0.001074002106619864,0.00049293306172693,3.505027440778496e-05,3.688555325079421e-05,3.780754800619585e-05
1462.0,0.3436365179710349,0.003191362696748178,0.001071961570586324,0.0004929395988001686,3.503706370071588e-05,3.688253631526205e-05,3.780860290265753e-05
1463.0,0.3427379178170246,0.003156737427680664,0.001069596913739827,0.0004929293471911906,3.501353710618243e-05,3.686811344776769e-05,3.780651769884215e-05
1464.0,0.3421369885078137,0.003352907260944176,0.001069719352716568,0.0004929169919449207,3.49764112103097e-05,3.686065748015487e-05,3.779623160824503e-05
1465.0,0.3420044835415288,0.003336920882738551,0.00107563443100334,0.0004928949617586209,3.494617289430358e-05,3.684584562372715e-05,3.779171984728466e-05
1466.0,0.3425462166060795,0.003127745713222237,0.001071330241280459,0.000492882900938222,3.492464791213663e-05,3.683270185110065e-05,3.777513051424391e-05
1467.0,0.3428122244126641,0.003188621185176366,0.001069487185924243,0.0004928618137132487,3.491635956732467e-05,3.682270138924238e-05,3.777180678796039e-05
1468.0,0.3429559871777009,0.003157323988243457,0.001066528277302514,0.0004928591323738153,3.490725237090035e-05,3.68226958122844e-05,3.776283349600175e-05
1469.0,0.342900289605414,0.003114701282906811,0.001063983573574846,0.000492849908345094,3.490478891509308e-05,3.682122978853256e-05,3.776354799325398e-05
1470.0,0.342437967295817,0.003039440817620199,0.001061566588821808,0.0004928548830330143,3.490328397966643e-05,3.68095483452703e-05,3.775447693575638e-05
1471.0,0.3419797438451189,0.003018031872585983,0.001059577819323094,0.0004928480498992256,3.488596416516371e-05,3.679072965979696e-05,3.772958929674066e-05
1472.0,0.3416740276845116,0.002911822555586249,0.001056305397332365,0.0004928446994856386,3.486110725403241e-05,3.677605186869439e-05,3.770202944032493e-05
1473.0,0.3412606355720892,0.002981472748082694,0.001055945883695703,0.0004928288459006992,3.485126545323446e-05,3.676108576353043e-05,3.768160228313071e-05
1474.0,0.3413427193645954,0.00314729787501123,0.001055992750323398,0.0004928225920089631,3.484104697011417e-05,3.675127356066003e-05,3.766496034685899e-05
1475.0,0.3411991333370413,0.003081807645784409,0.001054062059823916,0.0004927966706921483,3.483661469616513e-05,3.674556574770839e-05,3.764188410614962e-05
1476.0,0.3409519561595307,0.003042157223704748,0.001051877339279509,0.0004927977407582953,3.483264896947287e-05,3.673511473041927e-05,3.76162156184496e-05
1477.0,0.3415717254651728,0.002979017334693901,0.001049880632367734,0.0004927691824087554,3.482935252429567e-05,3.672937275737901e-05,3.759313369677191e-05
1478.0,0.3418014066468529,0.003058773882873656,0.001049712789265907,0.0004927734405086085,3.485077692654905e-05,3.674472423667427e-05,3.760019214991963e-05
1479.0,0.342493426075001,0.002960080281759275,0.001047206958140852,0.0004927561768852102,3.484571859113691e-05,3.673028022294479e-05,3.756778651145834e-05
1480.0,0.3415847149927046,0.003052547278413662,0.001047431141380923,0.000492764131530168,3.482078960551127e-05,3.670861542320075e-05,3.753955043676664e-05
1481.0,0.3412255111987415,0.003020830358308435,0.001046059633682593,0.0004927737490267835,3.480825824150169e-05,3.669987629710243e-05,3.750990669234505e-05
1482.0,0.3411206804970395,0.003157505598477872,0.001047081690586376,0.0004927975511330144,3.480913657872999e-05,3.670424356318695e-05,3.748426541799298e-05
1483.0,0.3410764183550057,0.003206484868149817,0.001045662647193581,0.0004928234527052016,3.479888184695979e-05,3.669321656955054e-05,3.745919433274802e-05
1484.0,0.3409419622292252,0.003205315333237448,0.001045860843210628,0.0004928582283734365,3.478639538303434e-05,3.668309658227816e-05,3.742251523749765e-05
1485.0,0.3408656931829557,0.003102200592851052,0.00104443956901583,0.0004928839782796097,3.478383889621286e-05,3.667307379212507e-05,3.74028203036962e-05
1486.0,0.3407254045027215,0.003020636477930042,0.00104337420595401,0.0004929149564483221,3.477604020008018e-05,3.667525158952808e-05,3.738655807556124e-05
1487.0,0.3405826359316206,0.002929397715165477,0.001042366691620552,0.0004929279998794464,3.47659093144311e-05,3.666654363853637e-05,3.736504093365008e-05
1488.0,0.340365005544239,0.00290891809605816,0.001041598986973136,0.0004929383345107832,3.474527457278134e-05,3.665310304881419e-05,3.734372120920744e-05
1489.0,0.3399005735868317,0.003022988003850154,0.001042623823134746,0.0004929417484266719,3.472233487166802e-05,3.664463063333435e-05,3.73217902405825e-05
1490.0,0.3401573391177854,0.003067136398949392,0.001042104682813177,0.0004929580321113872,3.470212500433886e-05,3.663960205606761e-05,3.729889454260563e-05
1491.0,0.3393827930532827,0.002992398252690243,0.001041069546750951,0.0004929698251013174,3.467943316422985e-05,3.663167269865994e-05,3.72829407459855e-05
1492.0,0.3397062149724757,0.002985074630900655,0.001041371423082827,0.000492993208908463,3.466417480331481e-05,3.66290102250576e-05,3.725321532795312e-05
1493.0,0.3393968822755515,0.003140237760767495,0.00104319608748231,0.0004929933713492347,3.464426157044768e-05,3.661934588083939e-05,3.723092362345512e-05
1494.0,0.3391022499972848,0.003196403282468318,0.00104309172187837,0.0004930070248581748,3.462591914636549e-05,3.660895654548096e-05,3.72077851034765e-05
1495.0,0.3389573659948116,0.003155867462080669,0.001042483275189168,0.000493003992271398,3.460317182076146e-05,3.659713239707315e-05,3.717754269560503e-05
1496.0,0.3388102724233211,0.003090438060974828,0.001042276365556421,0.0004930179783602907,3.457726357266949e-05,3.65854289189303e-05,3.715989986048559e-05
1497.0,0.3386397697206868,0.00303902743851981,0.001041786282484856,0.0004930084242771146,3.456242439417944e-05,3.657385807955463e-05,3.714432165620537e-05
1498.0,0.338795651295216,0.003129905731591508,0.001043267991408034,0.0004930205735029125,3.454006881469373e-05,3.657343547639633e-05,3.713454817123512e-05
1499.0,0.338602760517295,0.002989089669205619,0.001041786274631499,0.0004930091586802825,3.45223573152905e-05,3.656370095470146e-05,3.710947770721467e-05
1500.0,0.3384994108111921,0.003159408573013645,0.001044660168554454,0.0004930090126112042,3.451922671750191e-05,3.655450206510274e-05,3.708873167223866e-05
1501.0,0.3379948025484615,0.003035087477330061,0.001043303107436914,0.0004929882653581216,3.449917513493321e-05,3.654778040241952e-05,3.70449639932043e-05
1502.0,0.337599431185633,0.003073944138038313,0.001044142352787059,0.0004929807109158023,3.450067148935481e-05,3.653620187120584e-05,3.702314827043539e-05
1503.0,0.3373153671586214,0.003045361195103931,0.001044672651562506,0.0004929655628311958,3.449224404533245e-05,3.65276499259635e-05,3.699665197582783e-05
1504.0,0.3371187979315321,0.003030971343951942,0.001045246437819905,0.000492967814401421,3.449177427977225e-05,3.651002792067892e-05,3.696386792644663e-05
1505.0,0.3373291227106449,0.002959741514635956,0.001044941958335265,0.0004929441377710983,3.448666686795869e-05,3.649419606431156e-05,3.693288170354233e-05
1506.0,0.3366362025652842,0.003133353185595401,0.00104639723526719,0.0004929431017667221,3.449132613106994e-05,3.648907838498855e-05,3.692178793789361e-05
1507.0,0.3370504949223159,0.003029361676899654,0.00104675691198974,0.0004929205340601054,3.449248111693956e-05,3.647730128333786e-05,3.688044171477221e-05
1508.0,0.3363116618690877,0.003134174437960352,0.001047606406645216,0.0004929063747565515,3.449070610808886e-05,3.646000937045751e-05,3.685612864409959e-05
1509.0,0.3360066757749478,0.00323134210326646,0.001048748816806634,0.0004928806169194649,3.449238895832369e-05,3.64450374401783e-05,3.68255334070715e-05
1510.0,0.3360878224422418,0.00323911253315488,0.001048508793062676,0.0004928612868743638,3.449441797428632e-05,3.642969314220201e-05,3.678128243788469e-05
1511.0,0.3356740088258561,0.003172191840292645,0.001048172155712979,0.0004928410784359018,3.450057876662932e-05,3.642388138252991e-05,3.673770548265893e-05
1512.0,0.3356926249529277,0.003162102807536839,0.001048656924720767,0.0004928173050842469,3.45054789235478e-05,3.641522409181371e-05,3.669472282807407e-05
1513.0,0.3358250897535043,0.003187632465183833,0.001048565277464208,0.0004927888797137853,3.452396704602812e-05,3.641075392814419e-05,3.667993508806385e-05
1514.0,0.335936397491541,0.00334170023032839,0.001050940787574,0.0004927576267122528,3.453983842091974e-05,3.639558252732536e-05,3.663324712089727e-05
1515.0,0.335811346420505,0.00319392831837738,0.001050177323375229,0.0004927147607723282,3.455336769984151e-05,3.637986679692143e-05,3.660037694115157e-05
1516.0,0.3352198066268538,0.003056814182335717,0.001048396251963811,0.0004926779527780953,3.456158269150758e-05,3.636286027786615e-05,3.654993435790195e-05
1517.0,0.334883023347691,0.003063539427241316,0.001048354639480669,0.0004926410644915978,3.456875124111999e-05,3.635188318139791e-05,3.650345922202e-05
1518.0,0.3346615140198714,0.003055326301888269,0.001048006578905199,0.0004926037374672274,3.457666563697061e-05,3.634376686059904e-05,3.646634831097805e-05
1519.0,0.3345441559897582,0.003051868301548536,0.001047777923111578,0.0004925709795991555,3.458345999171097e-05,3.63343773553854e-05,3.643143250738238e-05
1520.0,0.3345703521419171,0.003092716893721872,0.0010487670522077,0.0004925265696021281,3.458952644620212e-05,3.632570915452059e-05,3.639051764839595e-05
1521.0,0.3346683867624418,0.003121709341348291,0.001048445059592984,0.0004924809577211758,3.460535335879433e-05,3.631492352943716e-05,3.636461393705155e-05
1522.0,0.3348293582982643,0.00310617291128812,0.001046988102063255,0.0004924248957000732,3.460758909384476e-05,3.632139268703059e-05,3.63336385766767e-05
1523.0,0.3345460387869376,0.003053687051225659,0.001046021766455611,0.0004923824603361521,3.462242834922804e-05,3.632345428000877e-05,3.631905678695074e-05
1524.0,0.3350176119950904,0.003199693220867513,0.001047666761268627,0.0004923627539944014,3.465104372245155e-05,3.631665350550349e-05,3.631065256406476e-05
1525.0,0.3350615639823882,0.003224148198416146,0.001046370884782491,0.0004923360321847245,3.466050938155613e-05,3.62974141100701e-05,3.62592619626053e-05
1526.0,0.3342540366838636,0.003212333970201433,0.001046127621354482,0.0004923192788603162,3.466125487060518e-05,3.629825593818759e-05,3.622342273001906e-05
1527.0,0.3337333969851943,0.003086881661671201,0.001044296918447978,0.0004923020053141769,3.466669471657402e-05,3.629030868570224e-05,3.618306438423853e-05
1528.0,0.3339401986695855,0.003238041051300718,0.001045212853022615,0.000492300628061518,3.467075025614811e-05,3.62858269972556e-05,3.615395952262167e-05
1529.0,0.3336282046796872,0.003155006679429949,0.001043847259372901,0.0004922996004645693,3.467238932227026e-05,3.627379246044093e-05,3.613376064614134e-05
1530.0,0.3335482398065815,0.003105378465334139,0.00104382577939863,0.0004923145672345942,3.467592895110386e-05,3.62663361783569e-05,3.609435514214465e-05
1531.0,0.333325704546603,0.003135017673385034,0.001043559802992876,0.0004923132213279618,3.468090485705624e-05,3.627074523498776e-05,3.60718022521233e-05
1532.0,0.333195161958761,0.003113655280424222,0.001042122014940981,0.0004923233801668805,3.468773854388689e-05,3.627031854222985e-05,3.605181069463235e-05
1533.0,0.3333048691269706,0.003215126180487892,0.001043115356388207,0.000492321055909714,3.46880611304552e-05,3.626153919814673e-05,3.60314192728415e-05
1534.0,0.3328296040581367,0.00303968187201036,0.001041157019819829,0.0004923233658630351,3.468332179177546e-05,3.62529346492427e-05,3.599081709382039e-05
1535.0,0.332803539485344,0.002970551504264831,0.001039629343386749,0.0004923001964134573,3.468001488218117e-05,3.624438806542348e-05,3.595138578372035e-05
1536.0,0.3326004332837389,0.002919536695662106,0.001038472822223197,0.0004922930122026885,3.468861547958839e-05,3.623836920603348e-05,3.592706678465292e-05
1537.0,0.3325823114334951,0.003020360125217608,0.001039785092871413,0.0004922748215743185,3.470587982861112e-05,3.624268945685978e-05,3.590206559456997e-05
1538.0,0.3322662079718831,0.002987221197489985,0.001038991357521716,0.0004922706362895101,3.471112679690909e-05,3.622872138814364e-05,3.586621809950345e-05
1539.0,0.3320364146425961,0.002938023140744549,0.001037469463185471,0.000492256348947357,3.471895082497754e-05,3.622177137884017e-05,3.58343459528058e-05
1540.0,0.3318302858664656,0.002989862327353058,0.001038396565712411,0.0004922633643728143,3.473592901791729e-05,3.621993665440762e-05,3.579516621054024e-05
1541.0,0.3314967397636533,0.002919145614387934,0.001037406684017397,0.0004922526219468956,3.474360006930272e-05,3.621655575164585e-05,3.575475506666304e-05
1542.0,0.3319153246956469,0.003000584566481331,0.001038563889587708,0.0004922655372405279,3.47618805721238e-05,3.622190555175575e-05,3.57315426039169e-05
1543.0,0.3319265573940905,0.003004494835261115,0.001038120488659567,0.0004922643828754248,3.477799894089172e-05,3.62343491393085e-05,3.570808163479071e-05
1544.0,0.3320045124276705,0.003213932004123302,0.001040096205644618,0.000492277959760941,3.480438394650583e-05,3.623934396444439e-05,3.567179804828231e-05
1545.0,0.3315063409061936,0.003173360189378534,0.001038799866831294,0.0004922672132730937,3.48326436130398e-05,3.624132826088198e-05,3.564076367903438e-05
1546.0,0.3312994309680754,0.003064209454059985,0.001038062076703929,0.000492264411890844,3.485366744315835e-05,3.62372815991537e-05,3.559047514127094e-05
1547.0,0.3308751970244629,0.003106181043445003,0.001038505283965242,0.000492230789400947,3.487583176303075e-05,3.623323995750596e-05,3.555236566611372e-05
1548.0,0.3306487277052415,0.003163107128330233,0.00103804367653676,0.0004922156311401263,3.489564746672444e-05,3.623333861918113e-05,3.550746749313939e-05
1549.0,0.3303754867527493,0.003035804511720516,0.001034918815340806,0.0004921819169617052,3.491188735071706e-05,3.623297712764129e-05,3.54596846255265e-05
1550.0,0.3301312670643444,0.003075660576141956,0.001035107738345899,0.0004921638911151717,3.493357877967225e-05,3.623151794078518e-05,3.541956138816881e-05
1551.0,0.3297875965853563,0.002998419793735745,0.001033641933713974,0.0004921311883591113,3.495605918186212e-05,3.623490420115906e-05,3.538173835875706e-05
1552.0,0.3297486874954683,0.002936221515345382,0.001031420794387006,0.0004921045003449096,3.497269600739765e-05,3.623655326876249e-05,3.533607687339176e-05
1553.0,0.3299926993014039,0.002914796218670995,0.001030618144899799,0.0004920512455732231,3.499243816063862e-05,3.623688268713319e-05,3.529596960349753e-05
1554.0,0.3297235410696999,0.002894469526568774,0.001029787601941565,0.0004920027834609518,3.501529875574957e-05,3.625340367417188e-05,3.527077874663655e-05
1555.0,0.3297991306893573,0.002973340998370948,0.001030042700370876,0.0004919287888163893,3.50375091125859e-05,3.625180401378121e-05,3.524198103041281e-05
1556.0,0.3292966551063014,0.002884648748865868,0.001028316512637338,0.0004918450165856032,3.504285220944117e-05,3.624583228755358e-05,3.519785065278768e-05
1557.0,0.3289385236564579,0.002923864538183185,0.00102818259722753,0.0004917499423047582,3.505390373196412e-05,3.624933253780189e-05,3.517141606220304e-05
1558.0,0.3286952080171971,0.002934762677587519,0.001027770741487732,0.0004916454029552906,3.506162833064775e-05,3.624824153044664e-05,3.514569149045739e-05
1559.0,0.3285664417559015,0.002872219740481549,0.001026188122291776,0.0004915273019588576,3.506928479029556e-05,3.62502075951834e-05,3.511935497453758e-05
1560.0,0.3287933643128425,0.002924304962244587,0.001025133671288887,0.0004914081666942725,3.507781346543857e-05,3.625669158396668e-05,3.509113498522926e-05
1561.0,0.3285314606474477,0.002904111902543042,0.00102479154585277,0.0004912666201887864,3.507976529225355e-05,3.626281837078163e-05,3.506496395622614e-05
1562.0,0.3283895927599513,0.002836898953687103,0.001023421401837548,0.0004911176538856975,3.508326638208994e-05,3.626691736315309e-05,3.504397145163078e-05
1563.0,0.3283774367517038,0.002853451119444804,0.001022511689754019,0.0004909440273596043,3.508126045444693e-05,3.626146756986838e-05,3.502497367944622e-05
1564.0,0.328785310296049,0.0028662839608794,0.001022189184789385,0.0004907812350670184,3.508289946185089e-05,3.626899519035173e-05,3.500627392758585e-05
1565.0,0.3287962696492056,0.002867367797892667,0.001021386525723724,0.0004906089980353706,3.509912435898129e-05,3.628924429524545e-05,3.500181675865397e-05
1566.0,0.3288324321433878,0.002809039082701235,0.001020214591326593,0.0004904304803848728,3.509468767247878e-05,3.628216296557024e-05,3.498385327255658e-05
1567.0,0.3286983736099057,0.00290493909852114,0.001020478078036779,0.0004902338432764055,3.509036860320534e-05,3.628667514510172e-05,3.496849947081145e-05
1568.0,0.3286343308925614,0.002909354712394748,0.001019134467810456,0.0004900433019817226,3.50912141246404e-05,3.628836525517479e-05,3.495772337100994e-05
1569.0,0.3284674089998926,0.0029570219750882,0.00101992781854674,0.0004898439917877754,3.508229043590014e-05,3.629354823224393e-05,3.494015807869593e-05
1570.0,0.3283461631647749,0.002897679918916366,0.001018705983700905,0.00048964712388937,3.507063515707286e-05,3.629209410683507e-05,3.491813731047348e-05
1571.0,0.3285625225076599,0.002884217432447949,0.001018459940563765,0.0004894320279289052,3.506497422435805e-05,3.629286515946677e-05,3.489645295170231e-05
1572.0,0.3287189210130306,0.002874476702348589,0.001018397785037259,0.0004892193110024507,3.505851131085872e-05,3.629438995006428e-05,3.488604959976741e-05
1573.0,0.3287630799338096,0.002922792132164742,0.001018278032233618,0.0004889848845110454,3.506295788102352e-05,3.630333976754302e-05,3.487649694614044e-05
1574.0,0.3289244372408462,0.002841592898359353,0.001017537980088825,0.0004887496395345197,3.50577561807698e-05,3.629987316260478e-05,3.485929405461871e-05
1575.0,0.329317396433519,0.00284545381767405,0.00101698246835844,0.0004885003475622833,3.506708521366149e-05,3.631303403016901e-05,3.483657383158369e-05
1576.0,0.3292344018121378,0.002870197006901163,0.00101767096258559,0.0004882379914274391,3.50655146264775e-05,3.631303587285845e-05,3.481431312387176e-05
1577.0,0.3292896776443942,0.002904678481114894,0.001017611200275698,0.0004879719647775029,3.506566647020891e-05,3.630853299211854e-05,3.479111155863676e-05
1578.0,0.3291387486847928,0.002871642685463387,0.001017595908784556,0.0004876965071119675,3.506970315495275e-05,3.630779889635561e-05,3.477155784336379e-05
1579.0,0.3290689827456314,0.002820161748705924,0.001017127993129789,0.00048741971758254,3.507783126254047e-05,3.629874633408112e-05,3.475639190177855e-05
1580.0,0.3292249444691271,0.002837985808051509,0.001017368269370001,0.0004871272146826504,3.508041217965703e-05,3.629619492425741e-05,3.473081639373305e-05
1581.0,0.3289435692644558,0.002842426412469411,0.001017398065209937,0.0004868320059015935,3.509264994707252e-05,3.630179989219742e-05,3.471131703329676e-05
1582.0,0.3290961786608597,0.002865153670643601,0.001018744227593278,0.0004865282584929768,3.510402334014214e-05,3.629910409192641e-05,3.468377043683447e-05
1583.0,0.3292783248339984,0.002884963804549735,0.00101981291633389,0.0004862242069094663,3.512156914103124e-05,3.630192465031072e-05,3.466577875085165e-05
1584.0,0.3300274547844185,0.002852199118483324,0.001019958853153178,0.0004858945431011727,3.513878680152876e-05,3.631321803719197e-05,3.464594294936123e-05
1585.0,0.329646267492156,0.00290527004826042,0.001021547751868474,0.0004856031433652185,3.516528672944285e-05,3.633057874766889e-05,3.461890456336204e-05
1586.0,0.3308025413999732,0.002885232299858321,0.001021301161120517,0.0004852838905642194,3.518381994704345e-05,3.631860901975889e-05,3.458818505994144e-05
1587.0,0.3307143837945777,0.002927650777481029,0.00102125950454833,0.0004849602874419118,3.519852670736421e-05,3.631269478676947e-05,3.45631815596725e-05
1588.0,0.3308267359421898,0.002987049637386377,0.001022438429373439,0.0004846318230364141,3.521090415729546e-05,3.631251332072989e-05,3.453377887763548e-05
1589.0,0.3311847519556761,0.002868620629835136,0.001020856788735135,0.0004842870858536443,3.522339163766715e-05,3.631029450707767e-05,3.450465488151565e-05
1590.0,0.3314268981622565,0.002865481772368084,0.001021038774666376,0.0004839177361551555,3.523928281006679e-05,3.630368620463442e-05,3.448843183845135e-05
1591.0,0.3310751243807254,0.002858689511132623,0.00102070872697735,0.0004835582390865706,3.524698811170255e-05,3.62959677635252e-05,3.446523620269052e-05
1592.0,0.3310814899545333,0.002807782384517475,0.001020007842181268,0.000483190459598325,3.525376592537385e-05,3.628416004816595e-05,3.444074456570648e-05
1593.0,0.331129258244397,0.002902237786440924,0.0010216205324322,0.0004828248315447508,3.526766387511031e-05,3.628314058071667e-05,3.441748080768517e-05
1594.0,0.3313591094394267,0.002898512041469623,0.001021109062261476,0.0004824395670168013,3.528358423696426e-05,3.628412397582375e-05,3.440634356538604e-05
1595.0,0.3319602088406153,0.002891134419415512,0.001020713827637872,0.0004820637626965701,3.529230218643736e-05,3.629197481879456e-05,3.439737568307815e-05
1596.0,0.3320594260069429,0.002872223924574311,0.001020505456944877,0.0004816757510640916,3.529724937050918e-05,3.628063790571986e-05,3.439241607900426e-05
1597.0,0.3323498164305057,0.002850560776873944,0.001019751522790798,0.0004812876623870876,3.529628077957903e-05,3.626940213208077e-05,3.437553517967892e-05
1598.0,0.3323197695551569,0.002817074583339821,0.001018780091795848,0.0004808838071329668,3.530246968880195e-05,3.62694774914813e-05,3.43605141073667e-05
1599.0,0.3324736728085567,0.002803153484018302,0.001017935423270698,0.0004804780417137939,3.530332984404504e-05,3.626486966361264e-05,3.434501877193544e-05
1600.0,0.3326218972814887,0.002751136669222649,0.001016267725217875,0.000480057449902962,3.53052667098524e-05,3.625961685720795e-05,3.434783211215212e-05
1601.0,0.3331360735766313,0.0028022035857709,0.00101653493093566,0.0004796395685812422,3.529602070151538e-05,3.625480817873523e-05,3.435047443198921e-05
1602.0,0.3325670425514092,0.002751192169153672,0.001015448363428422,0.0004792041510478347,3.527936235962967e-05,3.623678302036547e-05,3.434443972351306e-05
1603.0,0.3328912400868693,0.002718606033479669,0.001014782113516841,0.000478767341400212,3.52742764381564e-05,3.622404529660536e-05,3.43411913502572e-05
1604.0,0.3327368614191383,0.002716675620191057,0.001013513997850473,0.0004783085491112376,3.526227176468309e-05,3.621017728156907e-05,3.432879234190842e-05
1605.0,0.3327394586165185,0.002747339025363274,0.001013287407819583,0.0004778634294061275,3.525572812532367e-05,3.620696774773527e-05,3.433642960208507e-05
1606.0,0.3330329103729971,0.00276886325713956,0.00101385965046442,0.0004774082340601605,3.524408391690621e-05,3.619988654563392e-05,3.43424658920355e-05
1607.0,0.333211021765507,0.002754587903597725,0.001013453718921314,0.000476955873354095,3.522723712095784e-05,3.618820786705613e-05,3.433433906242012e-05
1608.0,0.3332230992449952,0.002691467998470932,0.001012287588057009,0.0004764949617232015,3.520907792389753e-05,3.616808765811416e-05,3.432103870978063e-05
1609.0,0.3331654001463576,0.002729922701366884,0.001011956072618483,0.0004760417971415641,3.520147095861793e-05,3.615937710810783e-05,3.431240386158173e-05
1610.0,0.3331850980126506,0.002781001036566593,0.001012414787583029,0.0004755945357374465,3.519548302562743e-05,3.615484444346243e-05,3.431012629810756e-05
1611.0,0.3336147165770632,0.002771953595140206,0.001012236604005331,0.0004751535845622275,3.519624719473574e-05,3.614766369288462e-05,3.431302941227429e-05
1612.0,0.3335037915048037,0.002779696624891025,0.001010934960347953,0.0004747177517437444,3.519193640822483e-05,3.614034689936315e-05,3.432232783176732e-05
1613.0,0.3335604891310783,0.002727446466580906,0.001009461187886334,0.0004743001403210551,3.518636391200802e-05,3.613436579882617e-05,3.432534665184553e-05
1614.0,0.3333986108820113,0.002694781231243512,0.001008590966124713,0.0004738765107240772,3.51774570104609e-05,3.611689311873326e-05,3.431930237322089e-05
1615.0,0.3333428559011797,0.002655728279071396,0.001007533235434604,0.0004734631919732904,3.517492890216301e-05,3.609852961414957e-05,3.431216308500116e-05
1616.0,0.3335585297670982,0.00269669022463974,0.001007715987555177,0.0004730377732298221,3.517248799946681e-05,3.609002437730593e-05,3.430620861258391e-05
1617.0,0.3333125247001075,0.002666988787068763,0.001007070509301983,0.0004726305897592731,3.517566697490068e-05,3.608262299009918e-05,3.430748010087688e-05
1618.0,0.3337111599664032,0.002661407624655056,0.001007071414095522,0.0004722395954612545,3.517852132588737e-05,3.60754369810696e-05,3.429992384563129e-05
1619.0,0.3337499057411197,0.002686583618667488,0.001007385513621687,0.0004718432197677996,3.518040688999951e-05,3.606702366321182e-05,3.43001825020927e-05
1620.0,0.3335318243723226,0.002680358469586333,0.001006792125417081,0.0004714698636705788,3.517770767650023e-05,3.605999390217318e-05,3.428891872481788e-05
1621.0,0.3337553747083538,0.002660946246463126,0.001006205411463214,0.000471127507545041,3.51818316690058e-05,3.604559421548613e-05,3.427859472659173e-05
1622.0,0.3337117899942596,0.002658198908427575,0.001005877166742771,0.0004708007608676073,3.519119531789209e-05,3.603645813328838e-05,3.427016439559495e-05
1623.0,0.3338766109106022,0.002691293425546555,0.001005558885712519,0.0004704946484690554,3.519398714192968e-05,3.603233773978029e-05,3.426510465398696e-05
1624.0,0.333955082748576,0.002691381721279156,0.001005653816308683,0.0004701897995382258,3.519197211869019e-05,3.602506077294026e-05,3.426794985677817e-05
1625.0,0.3338150190472238,0.002687822366054554,0.001005051335324489,0.0004699165173292079,3.518941127729238e-05,3.60304987006217e-05,3.429233998462767e-05
1626.0,0.3339284467084688,0.002674054329776156,0.001005007977394298,0.0004696476120125631,3.518177988987415e-05,3.601443992912508e-05,3.428323399400588e-05
1627.0,0.3337967700565046,0.002698308553453039,0.001005599185744566,0.0004694007033751592,3.518562311474728e-05,3.600833791428321e-05,3.426916175149208e-05
1628.0,0.3336167963830552,0.00264750513126789,0.001004724630243467,0.0004691565384077831,3.519472486756766e-05,3.600140675595698e-05,3.425827908886593e-05
1629.0,0.3337578288468381,0.002657566422585934,0.001004630575516002,0.0004689363593590839,3.520169973950298e-05,3.600549049180908e-05,3.424531145750765e-05
1630.0,0.3338339271285748,0.002667494923460654,0.001004177679272627,0.0004687056082910437,3.52081384912046e-05,3.600593587631723e-05,3.423918284105642e-05
1631.0,0.3337551452740973,0.002713148926508844,0.001003663462109692,0.0004684971112143131,3.521312779648987e-05,3.600375082328604e-05,3.424248617663651e-05
1632.0,0.3337760937491811,0.002650499470647217,0.001002691604138246,0.0004682799841795928,3.520523994110387e-05,3.600416966401954e-05,3.424636345715177e-05
1633.0,0.3341160877334623,0.002837548562158661,0.001005090678044713,0.0004680845734507174,3.520040512037612e-05,3.601522835990582e-05,3.427216925668998e-05
1634.0,0.3339218592483085,0.002757206415818525,0.001002636478080846,0.0004678760720087782,3.519626025550042e-05,3.601086423708313e-05,3.427881432769811e-05
1635.0,0.3338513053225319,0.002749854389632179,0.001001557109239505,0.0004676952221540405,3.519525760656071e-05,3.601077913036767e-05,3.427459476769454e-05
1636.0,0.3338649113393611,0.002711406174689258,0.001000288430549704,0.0004674930346987056,3.519869314015873e-05,3.601199094451642e-05,3.427532955454669e-05
1637.0,0.3343141532958803,0.002708920733644336,0.000998099068661195,0.0004673042244323328,3.519487228997753e-05,3.602019554411656e-05,3.428686824726401e-05
1638.0,0.3344178009557008,0.002663893098014792,0.0009957611854684032,0.0004671022048164531,3.518674899821851e-05,3.602562989510931e-05,3.430363826709954e-05
1639.0,0.3343292883577861,0.002619328420345172,0.0009935347876999924,0.0004669224010886,3.516950348480918e-05,3.603038480342535e-05,3.431633933485573e-05
1640.0,0.3341607173147381,0.002611606136378205,0.0009925621290523047,0.0004667327276694427,3.516702673025549e-05,3.60348566868117e-05,3.432102932746825e-05
1641.0,0.3342928675935989,0.002567811441184272,0.0009903952481813067,0.0004665610039626075,3.515443248847615e-05,3.603759305750603e-05,3.432240697206165e-05
1642.0,0.3339843021083884,0.002586184011161891,0.0009888944990829832,0.0004663777289820681,3.514893995347344e-05,3.604170126399371e-05,3.432009367960801e-05
1643.0,0.3341690332289993,0.002558893131608402,0.0009862958946326237,0.0004662094913438396,3.514864789444251e-05,3.604537525828133e-05,3.431947025629301e-05
1644.0,0.3344782318421389,0.002567408497600338,0.0009840510516082154,0.0004660392007267877,3.513503630660535e-05,3.606219503108793e-05,3.43272774356527e-05
1645.0,0.3343440846320307,0.002548424158986352,0.000981753667742798,0.0004658781394408419,3.512604212405637e-05,3.606134462008843e-05,3.432154331237651e-05
1646.0,0.3343023551495674,0.002526569092315638,0.000979459087639205,0.0004657098855843589,3.51141534543627e-05,3.606180696415501e-05,3.431555506324911e-05
1647.0,0.3340241965316667,0.002552179649349611,0.0009778234205592416,0.0004655521334478454,3.510435059403352e-05,3.606511960366915e-05,3.430800189621796e-05
1648.0,0.3337873644207396,0.002537592719420958,0.0009752093120664505,0.000465397574554494,3.510566170526794e-05,3.607702280391738e-05,3.431339253122939e-05
1649.0,0.3337325989755638,0.002533388892454895,0.0009738057885255217,0.0004652537793614974,3.510229232055877e-05,3.6072183750149e-05,3.429997728371427e-05
1650.0,0.333400846923407,0.002552028830477786,0.0009718809805251348,0.0004651011082925183,3.510573389576118e-05,3.606870368081213e-05,3.429015179370208e-05
1651.0,0.3334509415646376,0.002559224375812386,0.0009700060431211488,0.0004649535865628794,3.510082944051271e-05,3.607212008608857e-05,3.427825584037609e-05
1652.0,0.3332160977520637,0.002581465455493659,0.000968895139629127,0.000464804332013876,3.509453049599058e-05,3.607741380830466e-05,3.426998373110568e-05
1653.0,0.333320654451408,0.002548283836575323,0.0009657662906703466,0.0004646643591697963,3.509248194865654e-05,3.607280991471176e-05,3.425145686966431e-05
1654.0,0.3335117144409287,0.002552199502813147,0.0009644513813540221,0.0004645180921099155,3.509348519485346e-05,3.607826886146294e-05,3.42410014195403e-05
1655.0,0.3333849753766163,0.002629289836960565,0.0009647083064259364,0.0004643895173454101,3.51016543218754e-05,3.608255651239299e-05,3.423067111418629e-05
1656.0,0.3332812935527855,0.002547263944536622,0.0009618858956054822,0.0004642534423995385,3.510949797858314e-05,3.607732696374592e-05,3.420256879726617e-05
1657.0,0.3329388608605331,0.002546526526055708,0.0009609557990176749,0.0004641225815429086,3.511598640030473e-05,3.607682509965101e-05,3.418191879679902e-05
1658.0,0.3326558355607761,0.002556637935273973,0.0009598661842086575,0.0004639917614117901,3.511541662447398e-05,3.607826499712401e-05,3.416040844630888e-05
1659.0,0.3323676511758875,0.002576066565705796,0.0009595082713613713,0.0004638690368373336,3.511948559840011e-05,3.608310144318073e-05,3.413996255813037e-05
1660.0,0.3322131487382346,0.002606444933483879,0.0009598283990855742,0.000463748237529495,3.512065051825279e-05,3.609223075777955e-05,3.412307719166448e-05
1661.0,0.3319939623771726,0.002614812279926474,0.0009602604906796795,0.0004636325603806828,3.511600265996752e-05,3.6092669429727e-05,3.410671906072123e-05
1662.0,0.3319463666621333,0.00263305923166848,0.000960743228328291,0.0004635207976711499,3.51193771357812e-05,3.609311983613601e-05,3.409371937687321e-05
1663.0,0.3317189143600067,0.002617784639342133,0.000960267671923131,0.0004634000144580076,3.511176507441298e-05,3.608756822995123e-05,3.406872179063352e-05
1664.0,0.3315365913943619,0.002616471770857651,0.0009605782744627296,0.0004632659800877975,3.510005379579902e-05,3.608002582422064e-05,3.403771578059131e-05
1665.0,0.3311572038804131,0.002659284526583178,0.0009612836027299867,0.0004631415659051345,3.510343617376503e-05,3.607320357662085e-05,3.401486937346711e-05
1666.0,0.3311711944107912,0.002680718052567124,0.0009623997799070035,0.0004630101639826923,3.509295352391348e-05,3.607191519454217e-05,3.399453907225064e-05
1667.0,0.330589699405117,0.002656671349590892,0.0009617057548882634,0.0004628951618888476,3.508462035392972e-05,3.606472899697712e-05,3.397180210695221e-05
1668.0,0.3304744677236258,0.0026063671690343,0.0009603495913054098,0.0004627667235832538,3.505865250544705e-05,3.606441400558806e-05,3.39463933742673e-05
1669.0,0.3299874206584,0.002594396958408598,0.0009609336419519565,0.0004626513594648021,3.504329284985277e-05,3.606584720951758e-05,3.391926350717289e-05
1670.0,0.330038455455346,0.002597414929380814,0.000961137487388679,0.0004625184412090083,3.503203195857167e-05,3.606124967874192e-05,3.389777206105135e-05
1671.0,0.3297193186036755,0.00268502991785269,0.0009621344463398956,0.0004624080116960457,3.501877715459947e-05,3.605822209638179e-05,3.388857406256492e-05
1672.0,0.3295812236063427,0.002652837734806444,0.0009614490273703596,0.0004622777129555242,3.4990961706268e-05,3.605053693226939e-05,3.38744057735258e-05
1673.0,0.3290957766675572,0.002681485070122613,0.0009620316612548236,0.0004621668508114579,3.496678096275776e-05,3.604667243523367e-05,3.386727214001414e-05
1674.0,0.3287549647504757,0.002634332067411574,0.0009606533096879599,0.000462039931570844,3.494047665894724e-05,3.603340886325401e-05,3.385143250837562e-05
1675.0,0.3285165376757238,0.002619302552846106,0.0009599676358061121,0.0004619332961799642,3.491129657609505e-05,3.602851297367894e-05,3.383221762456768e-05
1676.0,0.328381427021702,0.002619799024391679,0.000959856230709616,0.0004618172296403343,3.488216785742606e-05,3.60286932257854e-05,3.381629357491686e-05
1677.0,0.3278480105339456,0.002709493742330942,0.0009606540822514205,0.0004617209599450599,3.485577232728466e-05,3.602215207317625e-05,3.380385919311669e-05
1678.0,0.3274662359125966,0.002693768963957662,0.000959765349543279,0.000461619844350846,3.481555873939818e-05,3.601430577296914e-05,3.379419028148123e-05
1679.0,0.3271016376497123,0.002670666672400923,0.0009587326784120077,0.0004615224078891684,3.477783044601874e-05,3.60091265887243e-05,3.378510770091214e-05
1680.0,0.3264992667233292,0.002729752810863331,0.0009592071435180142,0.0004614264665606311,3.474955844350915e-05,3.600073850563341e-05,3.377578180679557e-05
1681.0,0.326629751776063,0.00274089686278638,0.0009579577705512478,0.0004613372891683618,3.47078970793265e-05,3.598838655793836e-05,3.376977679280332e-05
1682.0,0.3260966208983154,0.002750762692354629,0.0009557397128771838,0.0004612575106715259,3.467732383874008e-05,3.598512605814855e-05,3.376025429832965e-05
1683.0,0.3261194831594067,0.002706875562967947,0.0009540983095416873,0.0004611901196212898,3.463735372638113e-05,3.598297562449223e-05,3.373587776428585e-05
1684.0,0.3254588884935961,0.002719982650781945,0.0009529775177300808,0.0004611336907055712,3.460715256588394e-05,3.597353762723096e-05,3.372082331995462e-05
1685.0,0.3251941155851021,0.00277259661526197,0.000952956170673107,0.0004610859260908579,3.456535387492544e-05,3.596025930168189e-05,3.371728267892968e-05
1686.0,0.3247892069663274,0.002681922584116304,0.000950571346328651,0.0004610344268047139,3.452073540865143e-05,3.595166924667951e-05,3.369252170553437e-05
1687.0,0.3243542253017768,0.002617320298850912,0.0009481689570574953,0.0004609901200028634,3.448814217002707e-05,3.594101081091523e-05,3.36760808732784e-05
1688.0,0.3242115392961678,0.00265006432020806,0.0009473361310905019,0.0004609443628759235,3.446220901460366e-05,3.593704350658265e-05,3.366686208705794e-05
1689.0,0.3239681746294591,0.002629800083546331,0.000946423802151359,0.0004609041303362675,3.44305007758049e-05,3.593158950025651e-05,3.366734885434849e-05
1690.0,0.3242851097588443,0.002691270964101415,0.0009463549575149401,0.00046086485793286,3.441496218250363e-05,3.592759392587328e-05,3.365795346957546e-05
1691.0,0.3240254313253095,0.002684997654094786,0.0009452053084953359,0.0004608362604742642,3.438862458696823e-05,3.59130202964912e-05,3.366101693408033e-05
1692.0,0.323442518294544,0.002637874334473666,0.0009443926981152091,0.0004608024322516086,3.435485025862114e-05,3.589889333981755e-05,3.364175463467362e-05
1693.0,0.3234524440589692,0.00259325242203278,0.0009433956724245299,0.0004607737482319286,3.432282713316627e-05,3.589293218616489e-05,3.36225559015133e-05
1694.0,0.3232898130761322,0.00262617987973951,0.0009432612631953075,0.0004607559697253667,3.430256868526677e-05,3.588525860879876e-05,3.36080068657734e-05
1695.0,0.3237001595072455,0.002614470491758165,0.0009423521500420438,0.0004607337944066453,3.428881534405193e-05,3.587883098402582e-05,3.359610176053622e-05
1696.0,0.3234429107975618,0.002642860919919526,0.0009422482432029076,0.0004607063421965166,3.426367509741016e-05,3.587644648448534e-05,3.358500252897274e-05
1697.0,0.3231526075860003,0.002616046124811072,0.0009416670332498578,0.0004606837612617235,3.423465607119649e-05,3.586208632710089e-05,3.357237142354997e-05
1698.0,0.3228065913526657,0.00260203655562211,0.0009417299922164743,0.0004606596505496635,3.42097116067187e-05,3.58533114660202e-05,3.355559844535628e-05
1699.0,0.3225399434755378,0.002722053076594481,0.0009434873889154783,0.0004606402712271096,3.418733301638725e-05,3.584676135597703e-05,3.354954442481802e-05
1700.0,0.3224928245766522,0.002669371435865193,0.0009426225065833295,0.0004606195321081284,3.415700838227307e-05,3.583617708714512e-05,3.352780378675083e-05
1701.0,0.3225789530320739,0.002731353964692792,0.0009439930439044907,0.0004606086290130872,3.412534016613401e-05,3.582895615372949e-05,3.351482709074953e-05
1702.0,0.3225039100612542,0.002668072824718479,0.0009437027923748854,0.0004606113416195174,3.410153807838018e-05,3.581452024899142e-05,3.350319622355748e-05
1703.0,0.3224080993958549,0.002679773630675081,0.0009442330649280625,0.0004606221180062991,3.408039277918031e-05,3.581250533197233e-05,3.347716119214381e-05
1704.0,0.3221650154878322,0.002629173840699596,0.0009436007724594452,0.0004606445195883638,3.405486571941663e-05,3.580599625079494e-05,3.346810898188568e-05
1705.0,0.3222474566121677,0.002660647414798502,0.0009443918479433393,0.0004606689788504949,3.402003157935145e-05,3.579848194493151e-05,3.346383938009678e-05
1706.0,0.3217244944218115,0.002639015324594989,0.0009445841464352835,0.0004607147439433338,3.400895716379957e-05,3.579733603716716e-05,3.345802729902304e-05
1707.0,0.321607232161955,0.002609905461589209,0.0009448057740297454,0.0004607607437039179,3.397644912659559e-05,3.578857602557534e-05,3.345495746616543e-05
1708.0,0.3213637342558237,0.002609979579027903,0.000946174997946128,0.0004608011486010675,3.394271289431036e-05,3.578809623454172e-05,3.34607845461029e-05
1709.0,0.3214567313153077,0.002597569803414583,0.0009469049679385402,0.0004608457253240956,3.390750899365023e-05,3.578509794621951e-05,3.34740551100663e-05
1710.0,0.3215428505556448,0.002644336485186758,0.0009477655122709755,0.0004608939852878899,3.386484445205316e-05,3.578364626739825e-05,3.348757779937972e-05
1711.0,0.3210345135262906,0.002664291267055707,0.0009485095595453772,0.0004609457550193396,3.382845087112308e-05,3.578397387299866e-05,3.349304364121699e-05
1712.0,0.3208962524532515,0.00271964425019868,0.0009500294770695334,0.0004610076146582217,3.378987657350976e-05,3.578374378028178e-05,3.351154630503159e-05
1713.0,0.3210109513218206,0.002732477105037632,0.0009513488127884571,0.0004610725025998832,3.375885321630483e-05,3.578073613298661e-05,3.35198138578329e-05
1714.0,0.3209854759279053,0.002690368431175257,0.0009516527982706005,0.0004611482037211049,3.373586901460338e-05,3.578885078806189e-05,3.353140919496254e-05
1715.0,0.3213019224412454,0.0027544541644483,0.000953564156527116,0.0004612193575799141,3.372607073128959e-05,3.580553278809653e-05,3.355851250761469e-05
1716.0,0.3207337551623247,0.002754239472264443,0.0009536712101060398,0.0004613051950232104,3.369146409365007e-05,3.579706114466681e-05,3.356115080776779e-05
1717.0,0.3208268513539528,0.002731248568143317,0.000954969566190713,0.000461398506026795,3.364686256720821e-05,3.579334180153366e-05,3.357462034107396e-05
1718.0,0.3205752547436527,0.002662785852764261,0.0009536900812177123,0.0004614878330050302,3.360664748004488e-05,3.578822597678603e-05,3.359763615354082e-05
1719.0,0.3204661702968011,0.002661679042218757,0.0009535057263237808,0.0004615929308257213,3.356250284243702e-05,3.578723789196639e-05,3.36036592969045e-05
1720.0,0.3208972485195222,0.002622968145354621,0.0009531526820649157,0.0004617068859113859,3.35336716365541e-05,3.579548476354913e-05,3.36203383249995e-05
1721.0,0.3210002471700001,0.002722340027731893,0.0009548182381132934,0.000461835624745913,3.349546251697611e-05,3.5802041650951e-05,3.364451509398638e-05
1722.0,0.3211819155452393,0.002731796941046212,0.0009542683449263911,0.000461946512696547,3.344944861904249e-05,3.580033326569637e-05,3.366300669504186e-05
1723.0,0.3207399898574882,0.002689794592938716,0.0009532897804503319,0.0004620880173673709,3.341944064046415e-05,3.580219536612751e-05,3.369656610920506e-05
1724.0,0.3209547101799474,0.002729435962411778,0.0009533325431174804,0.0004622191349669531,3.33911778222559e-05,3.580101857657534e-05,3.36984043674546e-05
1725.0,0.3207284231417143,0.002763070792440394,0.0009535153043643624,0.0004623658002052429,3.335553316216098e-05,3.57992048507169e-05,3.370416610532498e-05
1726.0,0.3203121546569633,0.002728754634421667,0.0009519142067065941,0.0004625074975869398,3.332624179685061e-05,3.580714370997935e-05,3.371579439303836e-05
1727.0,0.3202233469314708,0.002888060650410642,0.0009528208651252198,0.0004626622528834532,3.329012577507308e-05,3.579933657541973e-05,3.372961969264295e-05
1728.0,0.3203811290666578,0.002931831304061169,0.0009576489193258922,0.0004628042667455601,3.324161474376412e-05,3.579479483866552e-05,3.372772940741095e-05
1729.0,0.3206143709073305,0.002859257460611649,0.0009604815541684621,0.0004629574143258867,3.321223062981588e-05,3.579651356766845e-05,3.373257782003654e-05
1730.0,0.3207850040419326,0.002749618854961885,0.0009567291594324534,0.00046309877195678,3.319207294726528e-05,3.580402573228394e-05,3.37445966963175e-05
1731.0,0.3208959997943069,0.002723589731609388,0.0009542099332008853,0.0004632511105530454,3.31747436500816e-05,3.582322802331685e-05,3.375978299472941e-05
1732.0,0.3207100250243469,0.002857680973391194,0.0009528871222216467,0.0004633920645233993,3.314665825772579e-05,3.582067979263515e-05,3.376180597239863e-05
1733.0,0.3207375741294673,0.002796309755134948,0.0009494894673530381,0.0004635387095040411,3.311985882790628e-05,3.581768164764942e-05,3.37692585092008e-05
1734.0,0.3205696962166265,0.002704504174224575,0.0009473650046976406,0.0004636710719613372,3.308665596744977e-05,3.580828214374106e-05,3.377154202094946e-05
1735.0,0.3205640234044612,0.002649174981666554,0.0009446007183977094,0.0004638116750047685,3.305751712144838e-05,3.58073798679546e-05,3.378211590550526e-05
1736.0,0.3206692615190933,0.002653446992702861,0.0009434519388219086,0.0004639305965549633,3.303145306248821e-05,3.581174063414993e-05,3.379116559505396e-05
1737.0,0.3206233959538,0.002890179995613319,0.0009444613801423322,0.0004640612059907845,3.300289323703384e-05,3.582239942567094e-05,3.380093896529492e-05
1738.0,0.3209514506300861,0.002747136987214586,0.0009474545786562165,0.0004641816134598534,3.296890604816288e-05,3.582427328768284e-05,3.379694748864455e-05
1739.0,0.3211005342103538,0.002738047858345926,0.000945569984032101,0.000464320006911281,3.295877684676547e-05,3.58451618850527e-05,3.381193923614802e-05
1740.0,0.32155715579633,0.002626790342187651,0.0009431891872682782,0.0004644298938901373,3.292719923519833e-05,3.585064475372977e-05,3.381077006445052e-05
1741.0,0.3213126247584164,0.002653824111399938,0.0009423447155348725,0.0004645633422052371,3.290763218786621e-05,3.586330958311626e-05,3.38223792922836e-05
1742.0,0.3215702703590873,0.002585200261968642,0.0009398110141505529,0.0004646859107222519,3.287558839196799e-05,3.585505635021732e-05,3.382292195365376e-05
1743.0,0.3213811500459748,0.002582694614412077,0.0009384775471954656,0.0004648179869716829,3.283810479779112e-05,3.585477099908145e-05,3.381684634968865e-05
1744.0,0.3212299823457078,0.002706543629835743,0.0009390249912649988,0.0004649301791884577,3.281171971074067e-05,3.586826101213418e-05,3.382165298764791e-05
1745.0,0.321046864884165,0.002672058101526062,0.0009378325052022223,0.0004650495065366892,3.278356653132216e-05,3.586851751815144e-05,3.382210526659414e-05
1746.0,0.3211266039759469,0.002602483801489433,0.0009362452448072409,0.0004651403941144045,3.274730001168173e-05,3.586898420679717e-05,3.381972865940988e-05
1747.0,0.3208909832663656,0.002555510807184836,0.0009357436989585685,0.0004652389870147035,3.271045475849694e-05,3.586817034525793e-05,3.382444621713059e-05
1748.0,0.3209146970511871,0.002543550376147671,0.0009350923398927355,0.0004653274181733947,3.267873007483642e-05,3.587262267121643e-05,3.382970042240305e-05
1749.0,0.321333937655824,0.002587653136849354,0.000935636480871829,0.000465406577501391,3.26433958214003e-05,3.587492675636674e-05,3.383268513212457e-05
1750.0,0.3210767214520522,0.002602221682392982,0.0009352004580201761,0.0004654729823970256,3.261287651894701e-05,3.587340464119867e-05,3.3835711836107e-05
1751.0,0.3212387292456586,0.002569131750882885,0.0009348118901130689,0.0004655306118306063,3.258690994535939e-05,3.587487541617048e-05,3.383800045697267e-05
1752.0,0.3211403673766849,0.002578578592852955,0.0009349747071660443,0.0004655749210069929,3.256094673236493e-05,3.587639501975111e-05,3.384044329809955e-05
1753.0,0.3212385951248715,0.002648162160541252,0.0009375703717936642,0.0004656249299496833,3.253104521158851e-05,3.588016764367155e-05,3.384722610032274e-05
1754.0,0.3211184150318274,0.002789853837155303,0.0009398469884313286,0.0004656590883976172,3.249887415451444e-05,3.588616368042415e-05,3.385607686889039e-05
1755.0,0.321423705221588,0.00271200932374537,0.0009385518560145295,0.0004656866019263222,3.246853581085388e-05,3.589234036971883e-05,3.38591863003426e-05
1756.0,0.3214905859753114,0.002680191373778836,0.0009389668120842272,0.0004656850125326396,3.244793286279279e-05,3.589475007656959e-05,3.386232556650628e-05
1757.0,0.3215617281415203,0.002624265331779663,0.0009392895327731044,0.0004656812878854582,3.242280360590274e-05,3.589397759541817e-05,3.386635781227134e-05
1758.0,0.3214785277699197,0.002758806800815327,0.0009413982501042736,0.0004656636437197678,3.239768861357282e-05,3.588667180174648e-05,3.387064162481152e-05
1759.0,0.3217183462505619,0.002640022627464735,0.0009391115396363785,0.0004656343180236381,3.236464060959188e-05,3.58814497202269e-05,3.386526451597021e-05
1760.0,0.3217696428932283,0.002619933825899388,0.0009395107929915047,0.0004655889540613284,3.233811894395033e-05,3.587495650579506e-05,3.387777522382344e-05
1761.0,0.3217600730357094,0.00265660841259445,0.0009409133750058053,0.0004655223970394796,3.231554678574399e-05,3.586908410358954e-05,3.387668773471475e-05
1762.0,0.3214654982618398,0.002599991018587086,0.000940130905619372,0.0004654246776818887,3.228649760696215e-05,3.586026694863802e-05,3.387334175380035e-05
1763.0,0.3216320297839002,0.002558564676574217,0.0009394667866839073,0.0004652965010485296,3.225781220515196e-05,3.585191879307083e-05,3.386831491800219e-05
1764.0,0.3213960453566978,0.002582614541288975,0.0009406258335789713,0.0004651506752139283,3.223679870060237e-05,3.58474994272991e-05,3.386428524486439e-05
1765.0,0.3214973711613627,0.002598747274524325,0.0009407875133076103,0.0004649994956473435,3.2217776428711e-05,3.583898129308025e-05,3.385922965721173e-05
1766.0,0.3212592779072643,0.002577070063285491,0.0009403711336391886,0.0004648295613592581,3.21974100388186e-05,3.582500881019548e-05,3.385014998398558e-05
1767.0,0.3210712418458843,0.002601643871301769,0.0009401117683156712,0.0004646364557238488,3.218071245953503e-05,3.580790585658549e-05,3.384146636647724e-05
1768.0,0.3207593222413175,0.002593845829407508,0.0009404819334886275,0.0004644189942633162,3.214736471891645e-05,3.579067142176172e-05,3.382716102056331e-05
1769.0,0.3206072447408841,0.002600030208907989,0.0009404158814545067,0.0004641846367859346,3.212737375243564e-05,3.576924868830875e-05,3.381667916513479e-05
1770.0,0.3204975364204748,0.002570407456232079,0.0009392847522469973,0.0004639354454418631,3.210994128442012e-05,3.575527581059367e-05,3.381236419208648e-05
1771.0,0.3204226995082875,0.00260855642213166,0.000939634998234447,0.0004636697913527327,3.209117330893036e-05,3.57411297124919e-05,3.379209864901716e-05
1772.0,0.3201075278282685,0.002569544847565995,0.000939178853070635,0.0004633945845178916,3.207228712093814e-05,3.571833603014518e-05,3.377488399480638e-05
1773.0,0.3199383981397261,0.002529431909707976,0.0009388787640670948,0.0004631002830134082,3.205754016312734e-05,3.569851311699119e-05,3.375467058739616e-05
1774.0,0.3196144298798578,0.002527899157175419,0.0009391258364232938,0.000462803466851305,3.204655085885347e-05,3.567744031224978e-05,3.374145697539923e-05
1775.0,0.3195195750620097,0.002500007922715476,0.0009382785089396504,0.0004624995562880228,3.203353077865754e-05,3.565620279189881e-05,3.371688205727699e-05
1776.0,0.3191705643364637,0.002519734283567958,0.000938589546096436,0.0004621873923659222,3.201878154759901e-05,3.563638342508483e-05,3.369831868838104e-05
1777.0,0.3190169796487027,0.002552251581649528,0.0009392406918256532,0.0004618582676058709,3.200591397772657e-05,3.561783059484491e-05,3.367366379543793e-05
1778.0,0.3187928938733002,0.002646090521230907,0.0009414412750497478,0.000461529791114778,3.19979699199932e-05,3.560048807234283e-05,3.365239443057187e-05
1779.0,0.3186166488267627,0.002584256441357212,0.0009401063682761117,0.0004611758747893014,3.199078647426446e-05,3.558011108851543e-05,3.362842300385562e-05
1780.0,0.3184218242404611,0.002611429572218147,0.0009410600477878728,0.0004608095336145275,3.198547814688823e-05,3.556382254162623e-05,3.360137073676718e-05
1781.0,0.3185432838611228,0.002597837610648659,0.0009408144689636832,0.000460418073795798,3.197300759570234e-05,3.554461143297246e-05,3.358204595234902e-05
1782.0,0.3182242953907825,0.002607936647908749,0.0009404256555424114,0.0004600263260396935,3.196070378745019e-05,3.552251165724687e-05,3.356430149867563e-05
1783.0,0.3183102134896165,0.002588036513144709,0.0009393969120151931,0.0004596128811959039,3.194885704663346e-05,3.549772401745917e-05,3.354581659345004e-05
1784.0,0.3179139939903233,0.002554696731631942,0.000938938967272358,0.0004592084173304478,3.19349769982351e-05,3.548487386673336e-05,3.353042013531475e-05
1785.0,0.3174953829828385,0.00254385157088374,0.0009389179486809376,0.0004587883649035627,3.192819177755394e-05,3.545897227084477e-05,3.351581771748434e-05
1786.0,0.317139083536566,0.002481728249862479,0.0009384117001548138,0.000458363883635201,3.191836878108406e-05,3.543459011024047e-05,3.350407686100358e-05
1787.0,0.3170123685645236,0.002514970693328635,0.0009382594646334141,0.0004579051885747803,3.190174079953622e-05,3.541264067571015e-05,3.347953062487174e-05
1788.0,0.3162484637910915,0.002544405664400442,0.0009383321405137338,0.0004574751284542234,3.188446064404711e-05,3.538635684942177e-05,3.346276979535409e-05
1789.0,0.3162306781354379,0.002521188889440956,0.0009384896834052869,0.000457036115031553,3.186652853438372e-05,3.535663145731939e-05,3.34393589821701e-05
1790.0,0.3158866601822053,0.002795537937377436,0.0009433571554177553,0.0004565898799071877,3.186149163867991e-05,3.533007185742071e-05,3.342021469668533e-05
1791.0,0.3153511169384516,0.002723759729018963,0.0009424687308554186,0.0004561201583251921,3.18580546655795e-05,3.530237657071544e-05,3.340345692368515e-05
1792.0,0.3150222678191301,0.002638994009140382,0.000941313470001871,0.0004556498369288997,3.184195727980216e-05,3.52750361427055e-05,3.337593989912156e-05
1793.0,0.3148165091491455,0.002626560381544444,0.0009417079557340541,0.0004551538593041062,3.182437230391531e-05,3.524641661997715e-05,3.334472940395197e-05
1794.0,0.3144902838231111,0.002624819002553798,0.0009416553835523456,0.0004546553314239107,3.181279651012446e-05,3.521840888998618e-05,3.331971505749829e-05
1795.0,0.3143875159773962,0.002567260871706138,0.0009405715403569578,0.000454151568568035,3.180167960159167e-05,3.519172255564463e-05,3.330151575042831e-05
1796.0,0.3142960359563474,0.002537305859524493,0.0009411150900761707,0.0004536470542023,3.178849362596302e-05,3.516487725767443e-05,3.327131232170713e-05
1797.0,0.3139335377105495,0.00248554368700157,0.0009408159129435709,0.000453137761985099,3.178061027185841e-05,3.513692889262642e-05,3.324665525642002e-05
1798.0,0.3133287109734745,0.002494311156787283,0.0009417256218654837,0.0004526371766635904,3.177237540581784e-05,3.511204935230349e-05,3.32190858259057e-05
1799.0,0.3132313033926581,0.002484125368155856,0.0009420155829957646,0.0004521184687052399,3.176224635221371e-05,3.507608413151382e-05,3.319491150000234e-05
1800.0,0.3128568934827161,0.002616450347156795,0.0009438758963161208,0.000451619519911189,3.176052046409242e-05,3.50423395680649e-05,3.317922011342108e-05
1801.0,0.313060669960432,0.002559296142204098,0.0009436588924399155,0.0004511056133213716,3.175253729784226e-05,3.500995916289419e-05,3.315494195553247e-05
1802.0,0.3125360167966457,0.002526421743188612,0.00094339150576152,0.0004506044543029861,3.175131231274299e-05,3.498007207009338e-05,3.313044791592608e-05
1803.0,0.3124314866069491,0.002536356475963195,0.0009432019919527212,0.0004500972975546469,3.175200538475045e-05,3.4948821830314e-05,3.310904045503873e-05
1804.0,0.3121160211192874,0.002516026136425992,0.0009432402454991718,0.0004496017986496828,3.175789770992103e-05,3.492425799129144e-05,3.308374612717819e-05
1805.0,0.3118129309069637,0.002489898721084766,0.0009432869653512036,0.0004491075797720755,3.176505483468628e-05,3.489534720617648e-05,3.305482302683141e-05
1806.0,0.3116991750200013,0.002489500238390158,0.0009438706201207323,0.0004486401486984327,3.176448883066548e-05,3.485956259682025e-05,3.302974252605947e-05
1807.0,0.3111783384701116,0.002474022251303369,0.0009443216132832033,0.0004481752111338899,3.176203419061189e-05,3.482556324337969e-05,3.300556580258287e-05
1808.0,0.3110676986376165,0.002562464493083517,0.0009463311703860799,0.0004477138502056026,3.177243299412704e-05,3.479710740872331e-05,3.298448344780326e-05
1809.0,0.310334255552647,0.002544559813396424,0.000946137922151131,0.0004472558650208163,3.178030775555119e-05,3.476291777153472e-05,3.295762166421195e-05
1810.0,0.3105146866141987,0.002505646895574919,0.0009449137423502858,0.0004468142367752292,3.178487004279479e-05,3.473252702163715e-05,3.293209692616948e-05
1811.0,0.3101928487289015,0.002531487805122644,0.0009451809813552751,0.0004463790182714313,3.179138887732315e-05,3.470870101479722e-05,3.290579965429562e-05
1812.0,0.3097122441668664,0.00256320938288705,0.0009454418912831732,0.0004459636031826826,3.179792213416374e-05,3.467860365945112e-05,3.287930347254985e-05
1813.0,0.3095628508278007,0.002517414689155211,0.0009440185225185844,0.0004455378405468683,3.180014712279789e-05,3.464149413037662e-05,3.285670673909372e-05
1814.0,0.3092138619274604,0.002451715744570092,0.0009431447426988492,0.0004451252636977288,3.179616865840019e-05,3.460918834187162e-05,3.282496451519975e-05
1815.0,0.3089250059509005,0.002501399180732698,0.000943636713257553,0.0004447191403277018,3.180545124016427e-05,3.45816663572495e-05,3.280681590256813e-05
1816.0,0.3088305514730655,0.0024971661685311,0.0009441242632408242,0.000444328652199751,3.181074726495668e-05,3.455115605128136e-05,3.27749230271777e-05
1817.0,0.3085982800961826,0.002456369982349055,0.0009438130981583784,0.0004439355196423639,3.181366488049273e-05,3.452033466941573e-05,3.274737953289716e-05
1818.0,0.308368714576174,0.002449951089407524,0.000942957839886858,0.0004435557498201681,3.181596723696488e-05,3.449643584745519e-05,3.272197743467831e-05
1819.0,0.3081105239989462,0.002480444297010989,0.0009424577216482826,0.0004431776828225807,3.181814970311114e-05,3.446725432487916e-05,3.269528624799807e-05
1820.0,0.3076711404965753,0.002503174036908203,0.0009421125508978479,0.0004428199020915377,3.181935560440514e-05,3.44395080622705e-05,3.267674995654525e-05
1821.0,0.3078749820473192,0.002464649738907847,0.0009415054166352283,0.0004424448867333582,3.182599366701945e-05,3.441220567970341e-05,3.265440593295048e-05
1822.0,0.3077910851428869,0.002507751016023933,0.0009422258954381876,0.0004420675826589283,3.182404868381962e-05,3.439028976350244e-05,3.262984819625568e-05
1823.0,0.3071154345291877,0.002474695587109539,0.0009411234206305033,0.0004417026729139854,3.183291856300827e-05,3.435910240119561e-05,3.261077098627055e-05
1824.0,0.3071439096163235,0.0024276718208225,0.0009398909503272721,0.0004413515251355006,3.183079906445767e-05,3.432611506017052e-05,3.257893692749507e-05
1825.0,0.3070066992130248,0.002412231479411183,0.0009394703435782585,0.000440994833887949,3.183516774220999e-05,3.429993201318276e-05,3.256285192346114e-05
1826.0,0.3066130525323663,0.002434747459372173,0.0009394363676645194,0.0004406743737018657,3.184209815457381e-05,3.426590148142471e-05,3.255487965033468e-05
1827.0,0.3065764498139242,0.002433135788531331,0.0009388575042812386,0.0004403699608744582,3.18331044005931e-05,3.423132820430079e-05,3.252136866526045e-05
1828.0,0.3062270721305931,0.002399739087013925,0.0009380958925060272,0.0004400902231620747,3.182879968319647e-05,3.420958944618147e-05,3.249336750587673e-05
1829.0,0.3058202139603011,0.002434004851074132,0.0009386050868688658,0.0004398076323522903,3.182369456562594e-05,3.417978854511192e-05,3.246648270521255e-05
1830.0,0.3054358384485208,0.002477987073483219,0.0009384903059251751,0.00043955621635816,3.182057479740808e-05,3.414541467256171e-05,3.244201938657246e-05
1831.0,0.3050185725619857,0.002428270290795669,0.0009375053795438796,0.0004393174898747051,3.181249220991094e-05,3.411275654137517e-05,3.241982060076707e-05
1832.0,0.3046168421214333,0.002411342160804911,0.0009370954864112181,0.0004391056337906893,3.180157139353446e-05,3.40807757604612e-05,3.23934725417273e-05
1833.0,0.3047589292417275,0.002567506779606845,0.0009391662715776132,0.0004388878273245226,3.17866900164251e-05,3.405554356847713e-05,3.237393874881234e-05
1834.0,0.303993890717493,0.002561388083713321,0.0009381987047470279,0.0004387148318675481,3.17853704456831e-05,3.401892153698329e-05,3.236566793348676e-05
1835.0,0.303924764517331,0.002529269716034411,0.0009377801819244488,0.0004385379198470499,3.177772951686364e-05,3.398734533524645e-05,3.233982397774629e-05
1836.0,0.3033946768936532,0.002460285313780957,0.0009374688966011606,0.0004383783052558078,3.176688820874048e-05,3.396675672560039e-05,3.231544750824708e-05
1837.0,0.3030786796083981,0.002414480591862614,0.0009359973099236001,0.0004382243340537878,3.175628055503131e-05,3.394630291652515e-05,3.228841754261082e-05
1838.0,0.302848072687628,0.002386726143979503,0.0009350964050483687,0.0004380949936756556,3.174980800284256e-05,3.392197696945002e-05,3.22715325809639e-05
1839.0,0.3027901033646694,0.002397612835198194,0.0009351069917506081,0.0004379734063763855,3.174742922607803e-05,3.389348822584558e-05,3.225169417010699e-05
1840.0,0.3024032167507335,0.002357774458827221,0.0009342207438480763,0.0004378676992577221,3.174072659384954e-05,3.386877898075929e-05,3.223030428991859e-05
1841.0,0.3021492286254787,0.002335954639645321,0.0009332978167191891,0.0004377750861897408,3.172674444009597e-05,3.384307055344018e-05,3.220215074148469e-05
1842.0,0.3018785853340281,0.002358938931751824,0.0009330216432098993,0.0004376887959070823,3.17269978837039e-05,3.382390814733795e-05,3.218475360628836e-05
1843.0,0.3013940397929323,0.002335240936079963,0.0009323202516295105,0.0004376044832333663,3.171240920226e-05,3.379575916659564e-05,3.215423655813643e-05
1844.0,0.3012325930708811,0.002352996650276142,0.0009319279757905917,0.0004375336359837875,3.171290939373921e-05,3.377117395580048e-05,3.212866987538868e-05
1845.0,0.3013997678992653,0.002318708300285232,0.0009314483791725158,0.0004374590175468903,3.170618985203741e-05,3.374802887040653e-05,3.210308553115775e-05
1846.0,0.3011571605687937,0.002331789394678568,0.0009311975301912326,0.0004373960623105168,3.169923690604902e-05,3.372023458297783e-05,3.208020034922825e-05
1847.0,0.3012606016386399,0.002303642559527678,0.0009303347801888189,0.0004373156391059216,3.169707860481839e-05,3.369762877969345e-05,3.205197408600912e-05
1848.0,0.3004602834041963,0.002294504738458747,0.000930040781192797,0.0004372704022080555,3.169503522093352e-05,3.36734408577255e-05,3.202791470990912e-05
1849.0,0.3003782980622022,0.002270997004716709,0.0009294876998074647,0.0004372227335345751,3.16916958378829e-05,3.365090993387855e-05,3.19949876159375e-05
1850.0,0.3000882305944964,0.002271798538460247,0.0009294988060803176,0.0004371913364189668,3.169203434760807e-05,3.36265547101598e-05,3.196360267174262e-05
1851.0,0.2995276709075055,0.002259978203257814,0.0009288888135709594,0.0004371615406363459,3.168713570665215e-05,3.360044545553612e-05,3.193039609803666e-05
1852.0,0.2992067649834205,0.002286955702808252,0.000929812308132,0.0004371281502199439,3.167787515585915e-05,3.35754145853912e-05,3.190244692405041e-05
1853.0,0.2991124700929191,0.002257807858188516,0.0009289769904484076,0.0004370965716309633,3.167228646282075e-05,3.355232782977253e-05,3.187529114280822e-05
1854.0,0.2986739966685488,0.002316790048303602,0.0009302690373882887,0.0004370985168428503,3.167565186191519e-05,3.352737081345352e-05,3.185512839551856e-05
1855.0,0.2990345781632864,0.002307222789489952,0.0009301265969333681,0.0004370952776462987,3.167474251778039e-05,3.349625610397612e-05,3.182544757089114e-05
1856.0,0.2983582178237311,0.002263900741298413,0.0009288681745545622,0.000437105376909246,3.16689377962204e-05,3.347613021978515e-05,3.179457124647054e-05
1857.0,0.2980244986376324,0.002248200562321034,0.0009286534444798614,0.0004371197995182479,3.166220644367662e-05,3.34543426802282e-05,3.176644763817844e-05
1858.0,0.2978394612930055,0.002251020486903019,0.0009283962491006725,0.0004371524053948832,3.165108939990904e-05,3.343073090970115e-05,3.174163525069403e-05
1859.0,0.297833315615879,0.002228697494928191,0.0009280484167769311,0.0004371774284759168,3.164500680374505e-05,3.340363208985183e-05,3.171387580715237e-05
1860.0,0.2976334904931139,0.002237548091063623,0.000927963976615086,0.0004372305042249983,3.16429990878163e-05,3.338041209692947e-05,3.169515819464867e-05
1861.0,0.2978053508816038,0.002244795169453538,0.0009283949779083631,0.0004372786102297281,3.164215593337476e-05,3.33609019808056e-05,3.166866662133715e-05
1862.0,0.2974854804211194,0.002228506029829331,0.0009281404334565413,0.000437355244082406,3.163995002444352e-05,3.333860668708658e-05,3.164375148448058e-05
1863.0,0.2975452360041853,0.002229073757231623,0.0009282011203435916,0.0004374398378905886,3.162876015256732e-05,3.33203472846741e-05,3.16221661364843e-05
1864.0,0.2972804742708895,0.002240987934770742,0.0009287774126230709,0.0004375518136672347,3.162094198185551e-05,3.329769109594884e-05,3.160361594270881e-05
1865.0,0.2973643618550955,0.002239708545751728,0.0009283458150602826,0.0004376657711500969,3.161542535996185e-05,3.32702759554226e-05,3.158307861369325e-05
1866.0,0.2970256603301584,0.002194021972664198,0.0009270730094630564,0.0004378051348416188,3.159801831254026e-05,3.325068836301085e-05,3.155313372441376e-05
1867.0,0.2967450265705606,0.002159667639825769,0.0009264805804108223,0.0004379349920037581,3.157925276558143e-05,3.32329988373478e-05,3.152698389795907e-05
1868.0,0.2964425094837744,0.00215790910015567,0.0009263432416903688,0.0004380850829225182,3.15653058175794e-05,3.320938591641285e-05,3.150424790723904e-05
1869.0,0.2964527138768948,0.002189206353047808,0.0009267273879252155,0.0004382307556372986,3.155305163870902e-05,3.318711115655382e-05,3.148229917142789e-05
1870.0,0.2961460158086092,0.002216550753153942,0.0009274586054123728,0.0004384128287362295,3.154162477502422e-05,3.315954474168701e-05,3.146200501953912e-05
1871.0,0.2963843456667461,0.002189758535929256,0.0009262149396969878,0.0004385982306805848,3.153046579125506e-05,3.313819938778464e-05,3.144900014381578e-05
1872.0,0.2961508644573506,0.002188437692762482,0.0009255592090963699,0.0004388197688584006,3.15167806031575e-05,3.312082092750923e-05,3.142573513591855e-05
1873.0,0.2958867245405248,0.002174117972232818,0.0009250826522273033,0.0004390509358883602,3.149159462192639e-05,3.309958511338709e-05,3.140333098114092e-05
1874.0,0.2957617876659386,0.002146679034908549,0.0009241772247874075,0.0004393131427033304,3.146965503357427e-05,3.307532589490816e-05,3.137788290506957e-05
1875.0,0.2954801846939098,0.002117394262883585,0.0009230934149656254,0.0004395789981506603,3.144595966448258e-05,3.30604327937923e-05,3.135244700223217e-05
1876.0,0.2953679161591928,0.002145529533353381,0.0009228530592779443,0.0004398815329394518,3.142703996264513e-05,3.304390031654783e-05,3.133198874402376e-05
1877.0,0.2953694697029824,0.002122301509957059,0.000921958229413123,0.0004401970719594288,3.140544042449095e-05,3.302825731011261e-05,3.130771980042798e-05
1878.0,0.2952123252820812,0.002124318078217426,0.0009212325663880003,0.0004405568559208329,3.138741840500744e-05,3.300570076319901e-05,3.129105228380549e-05
1879.0,0.295005201413668,0.002086291177153948,0.0009197521480456625,0.0004409168281384972,3.136690886388735e-05,3.29894831178284e-05,3.126357480736476e-05
1880.0,0.2946518959838305,0.002100630785227994,0.0009190887951558774,0.0004413063515541449,3.134567221907169e-05,3.296931219398474e-05,3.124325860136228e-05
1881.0,0.294568378400572,0.002091507129649063,0.0009180469824305786,0.0004416884922267166,3.132541446477948e-05,3.295675403106594e-05,3.121767257274376e-05
1882.0,0.2945157050559997,0.002079850690591141,0.000916895500002765,0.0004421028128854624,3.131187034933956e-05,3.294188332235699e-05,3.119811351023765e-05
1883.0,0.2944005658719947,0.002069720573543399,0.0009157541775111902,0.0004424880224218474,3.128944753135141e-05,3.292572633231503e-05,3.117820253118139e-05
1884.0,0.2940231221747686,0.00208138881772688,0.0009153167670175223,0.0004428997638715504,3.126417825312188e-05,3.290887040367952e-05,3.115564586437412e-05
1885.0,0.2939513752434,0.002096547720534524,0.0009139045922016129,0.0004433011229857343,3.124437721861993e-05,3.28942329519368e-05,3.113442101640755e-05
1886.0,0.2940852609423359,0.002067559910581615,0.0009121879769881853,0.0004437310698537747,3.122123969413023e-05,3.28796591270569e-05,3.110942030447646e-05
1887.0,0.2936305646998205,0.002073355577700738,0.0009114480175830587,0.0004441517898525743,3.120178908478367e-05,3.287077818042722e-05,3.108499209674585e-05
1888.0,0.2935338193212393,0.002073265365785402,0.0009100943621579572,0.0004446044672339835,3.117514110523823e-05,3.285599716567574e-05,3.106346136988863e-05
1889.0,0.2933464214369862,0.002046965606017291,0.0009081973535223464,0.0004450408051175129,3.115058053941169e-05,3.284371511330421e-05,3.104316118215734e-05
1890.0,0.2929999796317714,0.002085057424782183,0.000907758710533184,0.0004455133441796542,3.11286755142258e-05,3.283034376165779e-05,3.10207167663316e-05
1891.0,0.2928353748110711,0.00205892961657277,0.0009062005169000524,0.0004459578777163182,3.110736492309348e-05,3.281417704033775e-05,3.100185779784097e-05
1892.0,0.2929169919753908,0.002074693243872445,0.0009052796837283853,0.0004464186058843704,3.108663366736436e-05,3.280280533384056e-05,3.097815031789558e-05
1893.0,0.2925283663960207,0.002061875392487749,0.0009040993946147066,0.0004468645908866311,3.106037578411575e-05,3.279363570970509e-05,3.095524474809502e-05
1894.0,0.2924891160283288,0.002042968043190966,0.000902817474718294,0.0004473226042140377,3.104104266783028e-05,3.278320792982074e-05,3.093043663365873e-05
1895.0,0.2923012331948231,0.002035371058511908,0.000901376849142665,0.0004477663357361725,3.101748387470114e-05,3.276940652733661e-05,3.090496681074276e-05
1896.0,0.2922451471095125,0.002044203767525982,0.0009003769047384998,0.0004482404122202504,3.099765084120947e-05,3.275807605752123e-05,3.088365376005011e-05
1897.0,0.2918167908027131,0.002038076490394059,0.0008993218536011941,0.0004486847060529746,3.097262277380514e-05,3.2748007564008e-05,3.086080256798162e-05
1898.0,0.2918297025543789,0.00203981997230731,0.000898359964286166,0.0004491427616952047,3.094765919624385e-05,3.274344233267163e-05,3.083844326275479e-05
1899.0,0.2917829308142715,0.002038437670596873,0.0008973423348037544,0.0004495800920027598,3.092559362900328e-05,3.273877872499035e-05,3.081681339224108e-05
1900.0,0.2917408794815589,0.002031947735676295,0.0008965317798349247,0.000450026749006842,3.090723761885358e-05,3.273279111004999e-05,3.079601057007005e-05
1901.0,0.2917681825983913,0.002042153864565592,0.000895482973463975,0.0004504466852186652,3.090019681068437e-05,3.272786949115474e-05,3.077755977935458e-05
1902.0,0.2913742656071732,0.002035628650845086,0.0008946280268713579,0.0004508768127722403,3.088531198534449e-05,3.2714003453284e-05,3.075683036068505e-05
1903.0,0.2911916432056636,0.002040487084297927,0.0008934131942931992,0.0004512655455218005,3.086437811300864e-05,3.270551953102164e-05,3.073269954208657e-05
1904.0,0.2908838353574215,0.002039852016933358,0.0008924613748412613,0.0004516829758535979,3.085008456066083e-05,3.269513540117844e-05,3.071472512419715e-05
1905.0,0.2909221892885016,0.002050616469123808,0.0008921342358343027,0.0004520697483595665,3.08365387010627e-05,3.269134420680884e-05,3.069481817457676e-05
1906.0,0.2904875752407762,0.002042520640481161,0.0008912804166117301,0.0004524839516311676,3.081918354284187e-05,3.269112500530364e-05,3.067322638119409e-05
1907.0,0.2904778465258036,0.002017015839866115,0.0008898985187280677,0.0004528741628706895,3.080013647216488e-05,3.268577741040985e-05,3.065179582621384e-05
1908.0,0.2903078136036374,0.002062656204429874,0.0008898829824634003,0.0004532931112798405,3.078138299330709e-05,3.268195736447531e-05,3.063060637819588e-05
1909.0,0.2901557160846922,0.00204591975357598,0.00088892531324015,0.0004537028315622343,3.077132076076097e-05,3.267146290214243e-05,3.061007126792061e-05
1910.0,0.2900544658334416,0.002023618743825432,0.000887958202977534,0.0004541203637404203,3.075397651793486e-05,3.266499453698579e-05,3.05869778535254e-05
1911.0,0.2900330257536907,0.002015882193924589,0.0008870967276038653,0.0004545196457154678,3.074076464097674e-05,3.265995232472961e-05,3.056338382208724e-05
1912.0,0.2898946131073291,0.00202194913433218,0.0008864683060768841,0.0004549313325005721,3.072899725180913e-05,3.26526497468944e-05,3.053896194902711e-05
1913.0,0.2900975528755583,0.002024419007923548,0.0008861568756138777,0.0004553019619452567,3.071758653841121e-05,3.264765080492127e-05,3.051943203923494e-05
1914.0,0.2902532675302607,0.002035608247778922,0.0008859040298104563,0.0004556818599052067,3.070913470139352e-05,3.26476027825388e-05,3.049681218016446e-05
1915.0,0.2899725732786292,0.002022767101878375,0.0008853149792210546,0.0004560114671545941,3.06984549943889e-05,3.263595628617224e-05,3.047949492227245e-05
1916.0,0.2900228189141466,0.002022181914408668,0.0008852291279477618,0.0004563294900741798,3.069208172630273e-05,3.26300404800152e-05,3.04555931456435e-05
1917.0,0.2898096635750751,0.002025385614997216,0.0008850664344708599,0.0004566139325880106,3.067876721207431e-05,3.262292212401933e-05,3.043392644023521e-05
1918.0,0.2897470459990701,0.00205623134851882,0.0008851872063056023,0.0004569129133185545,3.066707387052048e-05,3.261701079796681e-05,3.041019797815895e-05
1919.0,0.2895858694701537,0.002039212272014283,0.000884329918058647,0.0004571904229647919,3.065828002710211e-05,3.261282060559529e-05,3.038486837595667e-05
1920.0,0.2894737135086368,0.002029652546833814,0.0008838360705648934,0.0004574691976186463,3.064810360419119e-05,3.260638040711365e-05,3.036148706206161e-05
1921.0,0.2894269328672175,0.002029637835710153,0.000883512860980542,0.0004577192058914092,3.064667467276163e-05,3.260150603550638e-05,3.033220366997735e-05
1922.0,0.2891354977674027,0.002007930738280032,0.0008825805529063615,0.0004579766742756368,3.064124810275723e-05,3.259315907657391e-05,3.030514171936627e-05
1923.0,0.289266857900604,0.002029026221131507,0.0008828022381075487,0.0004582073736366919,3.063882659022677e-05,3.259134941560338e-05,3.027708492889353e-05
1924.0,0.2891244991386751,0.002026767093206976,0.0008826968412148792,0.000458462781694934,3.06334835557088e-05,3.258782305304594e-05,3.02508119472351e-05
1925.0,0.2894524652854412,0.002058205532828766,0.0008831612115229486,0.0004587089553554908,3.06320105736959e-05,3.25857376910392e-05,3.023111022450411e-05
1926.0,0.2895856869566313,0.002054767927449436,0.0008829427169696215,0.0004589684965617596,3.06282772697729e-05,3.258323606853864e-05,3.020107054709294e-05
1927.0,0.2897190205862194,0.00205512741445724,0.0008824994969015789,0.0004592175979345433,3.062382069704501e-05,3.257805022113686e-05,3.017600834714409e-05
1928.0,0.2897046942783302,0.002040690123603592,0.0008819698552361019,0.0004594724129523252,3.062351699666347e-05,3.256799012512629e-05,3.014824235547878e-05
1929.0,0.289407782973339,0.002039386793483216,0.0008814962548398304,0.0004597044992320156,3.061430239982801e-05,3.256024674557386e-05,3.011517805791704e-05
1930.0,0.2889828082134215,0.002047946461472607,0.0008809205663783631,0.0004599570719714325,3.060688180749858e-05,3.25544763252308e-05,3.008631161439043e-05
1931.0,0.2889069076888214,0.002041100822347007,0.0008803070300706432,0.0004601922302256581,3.059928785571226e-05,3.254901106899418e-05,3.005100962668834e-05
1932.0,0.2885878730935971,0.002035564751105472,0.0008791919029979491,0.0004604307156597199,3.058376693325247e-05,3.254226227247883e-05,3.00181613715248e-05
1933.0,0.2884751187102411,0.00203814166087708,0.0008784373804445807,0.0004606639398020795,3.05750754396954e-05,3.25311303417469e-05,2.998825918399589e-05
1934.0,0.2881847497630143,0.002013119749933999,0.0008773781567517583,0.0004609074309262128,3.056713755598985e-05,3.251686049518964e-05,2.995975191709515e-05
1935.0,0.2883169946684658,0.002043350051689206,0.0008770783496716575,0.0004611285092330749,3.056410130931845e-05,3.250779256168983e-05,2.993327545670743e-05
1936.0,0.287882071780117,0.002038168983156531,0.0008762997439551924,0.000461346830440505,3.055569882320115e-05,3.249560170197258e-05,2.990303880066765e-05
1937.0,0.2879931633422546,0.002022937606646201,0.0008759113108243531,0.0004615711760973474,3.054230919022407e-05,3.248217505150431e-05,2.986941763713804e-05
1938.0,0.2876269834951634,0.002054534134879812,0.0008754977984749938,0.0004618244888277131,3.053044763224036e-05,3.247448794844888e-05,2.984274986899698e-05
1939.0,0.2879577430555957,0.002060118293865665,0.0008749286309335303,0.0004620695224456837,3.051976722114409e-05,3.246466811427989e-05,2.981317547181479e-05
1940.0,0.2877863636438308,0.002050614874000532,0.0008737038545587404,0.0004623080882299386,3.050835517669511e-05,3.245845088872536e-05,2.97891705440694e-05
1941.0,0.287912928293836,0.002034471323942065,0.0008725615265126103,0.0004625325032922518,3.050026945682014e-05,3.245678619729812e-05,2.975765989002045e-05
1942.0,0.2878027960610672,0.002096610678819707,0.0008730987593739244,0.0004627721197153374,3.048045115077611e-05,3.244876722062533e-05,2.973266923239925e-05
1943.0,0.2878605784116329,0.002081144948812167,0.0008722988136036607,0.0004629936691392074,3.046783169765153e-05,3.243569069534165e-05,2.970900912445544e-05
1944.0,0.2876862434543238,0.002089021221400179,0.0008716878559516258,0.0004632188147385447,3.044882479217654e-05,3.242618392392444e-05,2.968632293018553e-05
1945.0,0.2877751679939982,0.002055611837314206,0.0008702378241542114,0.0004634455450619406,3.043017308059218e-05,3.241917745141452e-05,2.966206735437909e-05
1946.0,0.2878397465497991,0.002054456247626118,0.0008692548895674196,0.0004636821145314525,3.041411374853817e-05,3.241176058213299e-05,2.964073058536258e-05
1947.0,0.2880451733978057,0.00206372123836384,0.000868786050949254,0.0004639034134500149,3.03930945597932e-05,3.240895724792687e-05,2.962047465585613e-05
1948.0,0.2880055059351239,0.002052673494066744,0.000867762064516376,0.0004641258177978474,3.03718890366609e-05,3.240214244083695e-05,2.960431799699371e-05
1949.0,0.2879649056796194,0.002062631365344476,0.0008672812456249207,0.0004643568893589218,3.034829277038986e-05,3.239539452165132e-05,2.958687440225535e-05
1950.0,0.2877965794823903,0.002048040689096789,0.0008661368424149568,0.000464588435982088,3.032483673501306e-05,3.238355241556956e-05,2.956656152532012e-05
1951.0,0.2880095513537168,0.002052558638626027,0.0008653976103063349,0.0004647967845674359,3.030162765262863e-05,3.237227704773534e-05,2.954805809192338e-05
1952.0,0.2877331841475276,0.002048333296076588,0.0008645223780829092,0.0004650246739969462,3.028065611872361e-05,3.236270792814175e-05,2.953449954591683e-05
1953.0,0.2879236830477194,0.002030984573549392,0.0008634604767398491,0.0004652161847625891,3.025494212233898e-05,3.235494110637322e-05,2.952122102654418e-05
1954.0,0.2878031432614944,0.002035904687550871,0.0008623890386377228,0.0004654152074394097,3.022780540603512e-05,3.235005746772882e-05,2.950767474454257e-05
1955.0,0.2877639127158782,0.002044392354943591,0.0008613840978144027,0.0004656005453536942,3.020457419493955e-05,3.234179296690294e-05,2.948957206475531e-05
1956.0,0.2879153944402839,0.002028035108230637,0.000860137710443517,0.0004657866472294298,3.017584723678062e-05,3.23357020901175e-05,2.947749376232247e-05
1957.0,0.2880083761609051,0.002046229067451554,0.0008594352822666808,0.0004659682588768744,3.015083702591498e-05,3.233087305990775e-05,2.946555898630576e-05
1958.0,0.2877174458393312,0.002031045695836811,0.0008579548902596504,0.0004661513176094823,3.012081276705844e-05,3.232064248367175e-05,2.945165482463498e-05
1959.0,0.2880152276596478,0.002047205871425185,0.0008572340759939399,0.0004663122320358692,3.009527021776336e-05,3.231710681357601e-05,2.944073385122504e-05
1960.0,0.2879625450965006,0.00203893654108482,0.0008561562185833734,0.0004664697638522314,3.006730082123611e-05,3.230699089480994e-05,2.942565840778708e-05
1961.0,0.288160300483972,0.002017054496135316,0.0008549208282300983,0.0004666039564403506,3.004086230627318e-05,3.229867128709344e-05,2.941054912280121e-05
1962.0,0.2877885668462191,0.002001640569344739,0.0008538459034919182,0.0004667380770756702,3.0009163070717e-05,3.228943003192678e-05,2.939591908860212e-05
1963.0,0.287728744050532,0.001995976817251664,0.0008526826351587782,0.0004668591197413722,2.997858564248562e-05,3.227641194875488e-05,2.938551574359339e-05
1964.0,0.2875746152878893,0.002013219671617752,0.0008519334153372738,0.0004669871787172123,2.995158034528314e-05,3.226775522792238e-05,2.93747035878747e-05
1965.0,0.2874833511150802,0.002016527588078428,0.0008507793777287903,0.0004670995493342126,2.992266163741558e-05,3.225482453047046e-05,2.936150127394486e-05
1966.0,0.2877674012568392,0.002023098929162746,0.0008498120135123792,0.0004672175661008238,2.989327183610431e-05,3.224815245397981e-05,2.934957251326102e-05
1967.0,0.2880258823909521,0.001990315545011935,0.0008481623615710695,0.0004673189828703223,2.986427411800728e-05,3.224113997477173e-05,2.933821536479311e-05
1968.0,0.287998138172605,0.001987657719769957,0.0008468492918765883,0.0004674293425725997,2.983772662509657e-05,3.223136980420837e-05,2.932616532397769e-05
1969.0,0.2877005506399167,0.002010465183771909,0.0008455913447308809,0.0004675244952757284,2.98056840874637e-05,3.222078183925531e-05,2.931219400807861e-05
1970.0,0.2877057056014158,0.002003888537389146,0.0008440946255301869,0.0004676270779887427,2.977693617361637e-05,3.220987895186145e-05,2.929820981127902e-05
1971.0,0.2877670398642583,0.002003019141779634,0.0008426660153829648,0.0004677174448889608,2.974922407809931e-05,3.220098639806708e-05,2.928393655264497e-05
1972.0,0.2876584891620025,0.001984027494917154,0.0008408197810875998,0.0004678063988234037,2.971749966240326e-05,3.218990064898685e-05,2.927359316163552e-05
1973.0,0.2877912256009735,0.001989579407437278,0.0008395965083441278,0.0004678784428686172,2.968299206194312e-05,3.217642401255906e-05,2.925790447671314e-05
1974.0,0.2875685247916073,0.001978787582947071,0.0008376309330679379,0.0004679558755862521,2.964995308229442e-05,3.216864023764359e-05,2.92447297736561e-05
1975.0,0.2875013212903922,0.001997370990130189,0.0008364157499966045,0.0004680226299547347,2.961650032411353e-05,3.215998692276579e-05,2.923395986704256e-05
1976.0,0.2876832774422882,0.001987302499919232,0.0008348312473762193,0.0004680986139137854,2.957977530765707e-05,3.215056826085312e-05,2.922644369027269e-05
1977.0,0.2874825422332477,0.001981229308837525,0.0008332640165445836,0.000468176136465722,2.954323899584953e-05,3.213354249246143e-05,2.921060874185251e-05
1978.0,0.2872781948500882,0.001989413292205159,0.0008320224509710638,0.0004682693252220377,2.950555455040498e-05,3.212217787028096e-05,2.919645869141097e-05
1979.0,0.2873455173861269,0.001976975156427519,0.000830301864383773,0.0004683726320099103,2.947366241823679e-05,3.210939327434891e-05,2.918577686376616e-05
1980.0,0.2873772326348019,0.001984340192132945,0.0008292052846602493,0.000468504149805633,2.943957999505928e-05,3.210197464110574e-05,2.917674731892933e-05
1981.0,0.2872148377298721,0.001981421346440102,0.0008275616353351565,0.000468643251791583,2.939753582495413e-05,3.208994532477356e-05,2.916937456797994e-05
1982.0,0.2871461860477975,0.001986417740723522,0.0008259218003740071,0.0004688059355253248,2.936076044986909e-05,3.207933526714619e-05,2.915785552837531e-05
1983.0,0.2873850268048027,0.00201453775974396,0.0008255208428569336,0.0004689650945583904,2.932427391086372e-05,3.207179025299406e-05,2.915183094953418e-05
1984.0,0.2871764478875176,0.00199583057491686,0.0008239775844236526,0.0004691390564442107,2.9287493515112e-05,3.205844210782697e-05,2.914221635711431e-05
1985.0,0.2873574986647462,0.001983811621693623,0.0008225778255007288,0.0004693103199066123,2.924798974455843e-05,3.204777479690867e-05,2.913226355166144e-05
1986.0,0.2871465731442593,0.001974818808495378,0.0008212555486047682,0.0004695125997186876,2.92062349637526e-05,3.203892283621313e-05,2.91272217092305e-05
1987.0,0.2872523643559344,0.001994579366644795,0.0008214177963401745,0.000469718225896929,2.916332003769298e-05,3.203229631370197e-05,2.911809731613872e-05
1988.0,0.287293173805495,0.002007416944773156,0.0008207725706853206,0.000469941694282034,2.912058631361811e-05,3.202173733679987e-05,2.910864149084799e-05
1989.0,0.2872508951900653,0.002007001419833709,0.0008195328130775877,0.0004701705886188754,2.908160044750271e-05,3.200997131770801e-05,2.90977424608568e-05
1990.0,0.2872331467803393,0.001973962283607697,0.0008179036450950309,0.0004704052732267418,2.903966752999832e-05,3.199771087792917e-05,2.908497049000438e-05
1991.0,0.2871821299270382,0.001982968871024308,0.0008174205789903624,0.000470644119029657,2.899656652540394e-05,3.198762615399769e-05,2.907242624607239e-05
1992.0,0.2872567689210744,0.001988805645672062,0.0008164005020603804,0.0004708997584843883,2.895003614861917e-05,3.197894616282162e-05,2.906668757502181e-05
1993.0,0.2872468069601019,0.001978835999681298,0.0008156505444922522,0.0004711568507497161,2.890690284240252e-05,3.196922695796067e-05,2.905410067316548e-05
1994.0,0.2869890837020155,0.001995125093471749,0.0008161558584903009,0.0004714280850920538,2.886083971306196e-05,3.195439572276594e-05,2.904407614096961e-05
1995.0,0.2868485159538663,0.001990629939297423,0.0008163888946947372,0.0004716891863494669,2.881258381436226e-05,3.194006768951769e-05,2.903077339164202e-05
1996.0,0.2867734694897661,0.001988446296674372,0.0008160346703462067,0.0004719502441394061,2.876807639239509e-05,3.192641696879953e-05,2.901960740505175e-05
1997.0,0.2866642066515084,0.001966958662795085,0.000815111764852272,0.0004722262243186941,2.87212158731751e-05,3.191279496162413e-05,2.900399878970399e-05
1998.0,0.2867880379638255,0.001960342545701333,0.0008150270104775356,0.0004725039148663153,2.867565101026505e-05,3.189721581608552e-05,2.898589787138322e-05
1999.0,0.2868309980896633,0.00196820483193643,0.0008148786846483495,0.0004727733389185361,2.863058034999197e-05,3.188594278539305e-05,2.897456541879298e-05
2000.0,0.2866546758025373,0.001987621848485898,0.0008154793364321063,0.0004730425899153319,2.858534012864432e-05,3.187510864203924e-05,2.896305005213946e-05
2001.0,0.2865446558995668,0.001992024409546121,0.0008154552243652473,0.0004733147082099578,2.853965328712151e-05,3.186092431003716e-05,2.894741116884e-05
2002.0,0.2863027884416242,0.001964216593971885,0.0008149449041449197,0.0004735949687396832,2.849075564282462e-05,3.184662037941228e-05,2.892618784598543e-05
2003.0,0.2860235730008267,0.00195747280982982,0.0008151040576229379,0.0004738931010651383,2.845007362056338e-05,3.183196765647998e-05,2.890159255815841e-05
2004.0,0.2862814482871031,0.001948191969932669,0.0008151779092641876,0.0004742159175351814,2.840344860947257e-05,3.182002876671876e-05,2.888375981960838e-05
2005.0,0.2863217051804516,0.001970154429918674,0.0008154516020245852,0.0004745516991402731,2.83621687054329e-05,3.180263438198981e-05,2.886888359249425e-05
2006.0,0.2867066232570449,0.00196908893434877,0.0008157776874330482,0.000474891497489694,2.831981864880146e-05,3.178915221686384e-05,2.885068134179489e-05
2007.0,0.286626004508776,0.001982705237912798,0.0008168088634928374,0.00047522542508512,2.827811676433774e-05,3.177722969413434e-05,2.883268061009715e-05
2008.0,0.2867288648778442,0.001987289249670788,0.0008168032912407516,0.0004755593828299029,2.82336697427063e-05,3.176050706915173e-05,2.881293581888339e-05
2009.0,0.2862859529833274,0.001980136794955642,0.000816743292356935,0.0004758938155964876,2.819314661065578e-05,3.174392082361082e-05,2.878709955874242e-05
2010.0,0.2861950371374218,0.001981442394477978,0.0008168632746974045,0.0004762294209982823,2.814980629062211e-05,3.173117475788051e-05,2.876346375503243e-05
2011.0,0.2863899057250868,0.001963627859957956,0.0008166291420604429,0.0004765654320048499,2.811355975609549e-05,3.171757410623851e-05,2.873776041848004e-05
2012.0,0.2866046109634356,0.001972103600798759,0.0008170487574757547,0.0004769185626179783,2.807433731337661e-05,3.169984449200571e-05,2.871766719806438e-05
2013.0,0.2869113526471588,0.001990595570464523,0.0008174537554168308,0.0004772636182532142,2.803947766416978e-05,3.168191656599976e-05,2.869408704399436e-05
2014.0,0.2868059495360318,0.002012443236836522,0.0008180398799651252,0.000477616430157025,2.799739528016656e-05,3.166405245774319e-05,2.867097392695365e-05
2015.0,0.2867150074432667,0.002023887075548348,0.0008184660992948445,0.0004779690308918109,2.795573071248598e-05,3.164523202797528e-05,2.864349566815706e-05
2016.0,0.2864963992081851,0.002033193510919264,0.0008181608994556245,0.0004783204345618034,2.792081480783962e-05,3.162597767654699e-05,2.861276890423987e-05
2017.0,0.2870653196747551,0.00200920658481854,0.0008181899492357692,0.000478671431941864,2.788271349676789e-05,3.161277664131397e-05,2.858536361510159e-05
2018.0,0.2865890320186322,0.00201962254274382,0.0008181997445053958,0.0004790346978155187,2.784667216120069e-05,3.159795544173024e-05,2.856838339330834e-05
2019.0,0.2868335094681053,0.001977344324438148,0.0008172293363941367,0.0004793899243133625,2.780697689082848e-05,3.157834507103291e-05,2.8538950543273e-05
2020.0,0.286675028052485,0.001989283366319159,0.0008173822659886752,0.0004797447687121277,2.776486422958373e-05,3.155560587159135e-05,2.851987933468736e-05
2021.0,0.2864035217284008,0.002016974941951935,0.0008176750917416,0.0004800930014614928,2.772405431445074e-05,3.154142404292231e-05,2.849418075165338e-05
2022.0,0.286221585043859,0.001994989009546662,0.0008174513518363328,0.0004804477211036896,2.768275741858866e-05,3.151721253653024e-05,2.846368721792853e-05
2023.0,0.2860632548027436,0.001998565436756124,0.0008169834176724087,0.0004807909083385613,2.765032679865772e-05,3.150008260547774e-05,2.844507308539574e-05
2024.0,0.2862605951010476,0.002020768799002358,0.0008172620153575955,0.0004811306992470024,2.761274667748537e-05,3.147868441225192e-05,2.842828964592834e-05
2025.0,0.2859855554273965,0.002018912040549325,0.000817057336926185,0.0004814649059681003,2.757503188189042e-05,3.145772808364933e-05,2.841890944790337e-05
2026.0,0.2860822040027455,0.002016773264821875,0.0008169001188125445,0.0004818046384673935,2.753580588639217e-05,3.143824884528651e-05,2.839769004600089e-05
2027.0,0.2859481204989149,0.001996319213530907,0.0008167436206876226,0.0004821269496791367,2.749545501053911e-05,3.142185483879152e-05,2.837527646863893e-05
2028.0,0.2855091464640552,0.001999842746945585,0.0008166821134860809,0.0004824684120020814,2.745646495878586e-05,3.13958961523166e-05,2.835735473307829e-05
2029.0,0.2854573112916748,0.002006646729721632,0.0008165774063227066,0.0004828104200271661,2.741554783236222e-05,3.137485900338297e-05,2.833621768021037e-05
2030.0,0.2854508713870512,0.002012210596640855,0.00081736918103325,0.0004831686973802547,2.73739360389509e-05,3.134871338891443e-05,2.832262276507709e-05
2031.0,0.2853910563279485,0.002023551882156641,0.0008166351719579405,0.0004835044392157463,2.733650431251338e-05,3.132753488311351e-05,2.831134850136668e-05
2032.0,0.28564128713387,0.002005658386762771,0.0008153611892300518,0.0004838542300368272,2.729891170832624e-05,3.131204345258517e-05,2.829499306032341e-05
2033.0,0.285339830822597,0.002067260004171264,0.0008161070008703087,0.0004842122186466821,2.726783425063225e-05,3.129824284147274e-05,2.829067777264448e-05
2034.0,0.285350238186466,0.002067398529810244,0.0008156687473620084,0.0004845812852405477,2.722552487518438e-05,3.12752733646219e-05,2.827424694734664e-05
2035.0,0.2850150180579309,0.002027013834175874,0.0008144847033718582,0.0004849343060569786,2.718454119267604e-05,3.125101060800172e-05,2.826098078716752e-05
2036.0,0.2848419508663222,0.002036465408742525,0.0008146166879382767,0.0004852989712102123,2.714380573455151e-05,3.123004726339986e-05,2.824471384240855e-05
2037.0,0.2849246156922132,0.002023172883110767,0.000813742948596583,0.0004856568129228937,2.710646662393394e-05,3.121142474557316e-05,2.823024531673968e-05
2038.0,0.2849866029268949,0.002009624101877627,0.0008132609358380002,0.000486031440307087,2.706784326699251e-05,3.118742748604135e-05,2.821978952112843e-05
2039.0,0.2849876145725745,0.00204514551966918,0.000813172442112213,0.0004863998509400824,2.70347823498958e-05,3.115942077105039e-05,2.820903587475028e-05
2040.0,0.2853299737539604,0.002022051787101294,0.0008120703039048582,0.0004867733712588595,2.699420103269329e-05,3.113203868001743e-05,2.818900568647136e-05
2041.0,0.2853187195288245,0.002000772869153302,0.0008113697211344815,0.0004871322118942027,2.695401364633269e-05,3.110621150570352e-05,2.816547561503425e-05
2042.0,0.2846625145984376,0.002021385619947564,0.0008111492165992904,0.000487503487680527,2.691779576285775e-05,3.108574724706794e-05,2.815078962984846e-05
2043.0,0.2843768557690942,0.002004988694093666,0.0008105457548937048,0.0004878702063004594,2.688345204676674e-05,3.10582547694767e-05,2.813570950223297e-05
2044.0,0.2841703305806683,0.001989546792427356,0.0008096273032931713,0.0004882607047046943,2.685107010934864e-05,3.102697989395144e-05,2.8115436487127e-05
2045.0,0.2837278358726188,0.001948021056095269,0.0008084539492162545,0.0004886358372779031,2.680573148651255e-05,3.09969770925188e-05,2.808866343242642e-05
2046.0,0.2838272078448462,0.001953056022527738,0.0008082807741721871,0.0004890209589907132,2.677185328812643e-05,3.096922104003436e-05,2.807224202986989e-05
2047.0,0.2835505178622874,0.001935030986192378,0.000807241233729843,0.00048937331047076,2.673820085474885e-05,3.093930197963488e-05,2.805467077693429e-05
2048.0,0.2836308621981833,0.001941304718460175,0.0008067558485391598,0.0004897259341930634,2.670573905380813e-05,3.091136201782874e-05,2.803700431113232e-05
2049.0,0.2832621660676251,0.00195453223739942,0.0008071247352976294,0.000490061959825676,2.667373661230896e-05,3.088499542107343e-05,2.801844996149003e-05
2050.0,0.2832958830676685,0.001953355591677424,0.0008067110289934368,0.0004903848759052205,2.664173338046159e-05,3.085037519577301e-05,2.799719169381376e-05
2051.0,0.2829678651784381,0.001959789089857944,0.0008059837270090551,0.0004906779515928796,2.660995193962322e-05,3.081069152470566e-05,2.797278955929069e-05
2052.0,0.2828301706698126,0.001967770344678163,0.0008050970703011824,0.0004909742919701928,2.657679594639358e-05,3.077906125410429e-05,2.794593252078544e-05
2053.0,0.2826995273757894,0.001938030211929164,0.0008035522442821147,0.0004912355988517977,2.653880188068431e-05,3.074611819882155e-05,2.792245364892112e-05
2054.0,0.2823327131291991,0.001961749906725269,0.0008033851867092837,0.0004914873689028684,2.65019141008083e-05,3.071098158293465e-05,2.790062489244859e-05
2055.0,0.2821259648765509,0.001957026789788972,0.0008022723105561457,0.000491717910436805,2.646309157046505e-05,3.067395254000961e-05,2.787479306778372e-05
2056.0,0.2818315325188654,0.001939773200307918,0.0008006058072451643,0.0004919577383697615,2.643099879376859e-05,3.063991764772901e-05,2.784496925465342e-05
2057.0,0.281817071710141,0.001922618873554121,0.0007991992292336791,0.0004921793070797904,2.639338875069793e-05,3.060345747611829e-05,2.781664433407386e-05
2058.0,0.2816494762308676,0.001917193415449976,0.0007980799412696997,0.0004924044115227365,2.635902987383433e-05,3.056631070041393e-05,2.779133527522803e-05
2059.0,0.281458745917514,0.00189511931458828,0.0007967045409043334,0.0004926093310508849,2.632433387440284e-05,3.052974300385501e-05,2.77644759278808e-05
2060.0,0.2813290573741342,0.001897498030952076,0.0007959161494333502,0.0004928281915583718,2.62968179841253e-05,3.049762419082519e-05,2.773678285229816e-05
2061.0,0.2812160098648289,0.001892915951946913,0.0007947449146414433,0.0004930138362727692,2.626471543471996e-05,3.045818404030459e-05,2.771183116647501e-05
2062.0,0.281051994774503,0.0019100626342733,0.0007935958447348639,0.0004932085135525823,2.622311423909719e-05,3.041715989532568e-05,2.7683548038182e-05
2063.0,0.2808494302507566,0.001902854952036457,0.0007924246095099635,0.0004933806117902052,2.618325255730691e-05,3.038014474134473e-05,2.765502181513037e-05
2064.0,0.2804448981081879,0.00186607948918688,0.0007906380290497368,0.0004935691220606896,2.614446886941355e-05,3.034156929304827e-05,2.76283106951526e-05
2065.0,0.280220396973558,0.001879729456846933,0.000789580360534071,0.0004937546395942757,2.610942954502341e-05,3.030104483875035e-05,2.760010519849604e-05
2066.0,0.2800900852915082,0.001866999094157735,0.000788407624626273,0.0004939509882036433,2.607366729413488e-05,3.02615244910087e-05,2.757126734693075e-05
2067.0,0.279660133849567,0.001853105852780189,0.0007868494984998658,0.0004941368001168367,2.603185475460225e-05,3.022316168272805e-05,2.754235168719758e-05
2068.0,0.2792620684810419,0.001858062033847594,0.0007858132604370146,0.0004943442407970928,2.599153739325422e-05,3.018611741422682e-05,2.751545081600104e-05
2069.0,0.2791767915985439,0.001836297351302782,0.0007842889463591117,0.0004945415607608755,2.595239843204895e-05,3.015074436251191e-05,2.748743696873027e-05
2070.0,0.2789780488074812,0.001858734325812752,0.0007832491158517456,0.0004947497818989545,2.592333645008354e-05,3.011447595922144e-05,2.746046407583877e-05
2071.0,0.2791226228711635,0.001832055839627618,0.0007814922994293983,0.0004949400227039998,2.588641845753762e-05,3.007534003586107e-05,2.743844700393017e-05
2072.0,0.2787004036733267,0.0018291413414528,0.0007801163937894894,0.0004951663166719831,2.584814421557584e-05,3.004056324838025e-05,2.741146078185166e-05
2073.0,0.2786781890308789,0.00184217453859652,0.0007791381801828635,0.0004953928100044791,2.581048577471436e-05,3.000359095505955e-05,2.738530761857456e-05
2074.0,0.2783429962554874,0.001822677050386157,0.0007775797071146733,0.0004956401545308608,2.577406755233029e-05,2.99625252794174e-05,2.735187447604749e-05
2075.0,0.278131639316686,0.001832836364879034,0.0007763941553437869,0.0004958868871694621,2.573467161947338e-05,2.992323346291551e-05,2.732234881631072e-05
2076.0,0.2778134015022879,0.001825595755184415,0.0007751056772558194,0.000496143280221277,2.569747615727683e-05,2.988751378981401e-05,2.72941947992978e-05
2077.0,0.2775845097336184,0.001811555594336057,0.0007735024540427265,0.0004963901568299421,2.566414075936592e-05,2.985033065241863e-05,2.726842446136893e-05
2078.0,0.2771988823952842,0.001813813547152839,0.0007722423187896911,0.0004966540721761277,2.562774977725635e-05,2.981243930307842e-05,2.723828088251955e-05
2079.0,0.2770521072366034,0.001850513644018108,0.0007717796555544257,0.000496912234598509,2.558844880396541e-05,2.977603424772329e-05,2.720976176459619e-05
2080.0,0.2767598051417541,0.001849190774562465,0.0007704081115321635,0.0004972032403921262,2.555071928745513e-05,2.974116459805905e-05,2.718636983828221e-05
2081.0,0.2764627974417422,0.00179271999351112,0.0007685902673419358,0.0004974898115035252,2.551057370466882e-05,2.970844046971347e-05,2.715463008320426e-05
2082.0,0.2763554513616657,0.001784795639785707,0.0007675260055386657,0.0004977934160050103,2.547534327005663e-05,2.966868748775904e-05,2.712666308262066e-05
2083.0,0.2761600743042258,0.001766472618071133,0.0007661904555060536,0.0004981045087673147,2.543996891474517e-05,2.962941348134668e-05,2.70950391642837e-05
2084.0,0.2760713913828196,0.001763554041821774,0.0007649993159881101,0.0004984452251704049,2.540817814087431e-05,2.959694934028173e-05,2.70660207832246e-05
2085.0,0.2757650334175762,0.001752544035113819,0.000763558857580065,0.0004988024467744415,2.537614959908725e-05,2.956264616832064e-05,2.70361961486311e-05
2086.0,0.2759919858397846,0.001744244397238407,0.0007622565024561905,0.0004991684066894369,2.534573645552823e-05,2.952946621595856e-05,2.700560309279129e-05
2087.0,0.2756658435295011,0.001745659613866496,0.0007611340086690209,0.0004995359208734916,2.53155290271593e-05,2.949787690348626e-05,2.697440698388065e-05
2088.0,0.2754963540497235,0.001747339625489384,0.0007601503019880922,0.0004999287359689802,2.52889839737153e-05,2.94629261018734e-05,2.694439881658357e-05
2089.0,0.2754113573272958,0.001725943348152713,0.0007587056168111609,0.0005003238865793092,2.526026304326721e-05,2.942620717494577e-05,2.691496334585689e-05
2090.0,0.2753427429558138,0.001726233832367023,0.0007575722620013152,0.0005007428333668464,2.523072158114845e-05,2.939348373567572e-05,2.688378814973918e-05
2091.0,0.2751605041703595,0.001718476896829413,0.0007564394157670865,0.0005011756250178012,2.520498168517051e-05,2.936283880118573e-05,2.685420573143192e-05
2092.0,0.2751295463004911,0.001707628807172467,0.0007554573839548994,0.0005016193688457075,2.51814201919584e-05,2.932723207859317e-05,2.681727918798681e-05
2093.0,0.2749599191571958,0.001707220122947709,0.0007543553843728896,0.000502057755370354,2.51569194972802e-05,2.929295123904655e-05,2.678801038000561e-05
2094.0,0.2745599259872817,0.001694823507110988,0.0007535777340612392,0.0005025076961788261,2.512880230040616e-05,2.925876581650004e-05,2.675595694662136e-05
2095.0,0.2743930611223789,0.001688910392035733,0.0007526487740937507,0.0005029689629865968,2.510337333240463e-05,2.922575251333333e-05,2.672433818193349e-05
2096.0,0.2742837282875967,0.001687195345182585,0.0007516280504637595,0.0005034332528143873,2.507782497235505e-05,2.919475300596859e-05,2.669047391502749e-05
2097.0,0.2741787229526099,0.001681994817451508,0.0007508178888830371,0.0005038851156507068,2.505036566799791e-05,2.916310522516544e-05,2.665609086277505e-05
2098.0,0.2740433199013785,0.001711864047475195,0.0007509045758777422,0.0005043482431931669,2.502967559838823e-05,2.913754887838669e-05,2.662316160262359e-05
2099.0,0.2740988657484846,0.001699272557047402,0.0007497636384929839,0.000504818581620612,2.500838870442753e-05,2.9104464572659e-05,2.65909818375008e-05
2100.0,0.2738292500532052,0.00169284467315935,0.0007486829715292336,0.0005052954922559789,2.498811203795288e-05,2.907549004347329e-05,2.655413411400004e-05
2101.0,0.2736261684669709,0.001663098893397709,0.0007471699601233747,0.000505779722120825,2.496665266007614e-05,2.904584297899509e-05,2.651797199548281e-05
2102.0,0.2733281708988258,0.001670662966160006,0.0007464944278520243,0.0005062779101549987,2.494865327798222e-05,2.901390024656552e-05,2.648832773266956e-05
2103.0,0.2731494093040884,0.001657578195075252,0.0007457507578606724,0.0005067910737226659,2.49257876719709e-05,2.898064448682133e-05,2.645642133743491e-05
2104.0,0.2729074882289736,0.00166183940716837,0.0007453655151379758,0.0005073074962293395,2.490599617358719e-05,2.895090023070186e-05,2.642602965120086e-05
2105.0,0.2726891150994419,0.001650048734793118,0.0007441710855980659,0.0005078352709399133,2.488571933532935e-05,2.892084043373021e-05,2.639373920792813e-05
2106.0,0.2724464090120032,0.001646331145835842,0.0007437869779666712,0.0005083695414499983,2.486456398305851e-05,2.888905648900636e-05,2.636306815561503e-05
2107.0,0.2725093457766592,0.001641841485634021,0.0007432079570110133,0.0005089040327272597,2.484408797106171e-05,2.88619397916448e-05,2.632880662681061e-05
2108.0,0.2725113394161236,0.001641979805099699,0.0007425350961774594,0.0005094217181037247,2.482701351231888e-05,2.883436779724529e-05,2.629712838964193e-05
2109.0,0.2724251449469292,0.001639398495884824,0.0007418257151799427,0.0005099469713686934,2.481256005039425e-05,2.880616344705239e-05,2.626688580050324e-05
2110.0,0.2723895654006964,0.001638969502205245,0.0007412991586143193,0.0005104670798333848,2.479568170482297e-05,2.877933202933146e-05,2.623931613326637e-05
2111.0,0.2722745652244668,0.001641252334723742,0.000741094103028262,0.0005109901764983411,2.478000613053966e-05,2.874957513676475e-05,2.62082758121636e-05
2112.0,0.2723145018977061,0.001640355405141386,0.0007408537413443956,0.0005114964054980875,2.476414427652923e-05,2.872248240671183e-05,2.61782075750153e-05
2113.0,0.2719972210265411,0.001655524272093084,0.0007406384003409571,0.000512016839339162,2.474629880556801e-05,2.869123223080455e-05,2.615091596435693e-05
2114.0,0.2718039171267917,0.001639529845247845,0.000739848480902331,0.0005125151124782255,2.472939627813319e-05,2.86641650115339e-05,2.612055373042472e-05
2115.0,0.2716108090983869,0.001647942319486326,0.0007396579330867112,0.0005130256569144468,2.471517230106327e-05,2.863958468735478e-05,2.609122350440791e-05
2116.0,0.2714467727009153,0.001660814423156328,0.0007395357810395631,0.0005135308618097618,2.469953852133658e-05,2.861310361519828e-05,2.606156585454512e-05
2117.0,0.2711948097801822,0.001637624423111097,0.0007388013360898331,0.0005140393843359316,2.468123252699589e-05,2.858644471251681e-05,2.602734943550193e-05
2118.0,0.270960721720876,0.001640978528550038,0.0007387352838975645,0.0005145297639779321,2.466539267627561e-05,2.855857275458037e-05,2.599742223279655e-05
2119.0,0.2709640383563443,0.00165655940347808,0.0007391370418411049,0.0005150134519239242,2.465466763614155e-05,2.853316460276657e-05,2.596669806917804e-05
2120.0,0.2708364017632151,0.001667186131223315,0.0007390266879185501,0.0005154770937890655,2.464252764653145e-05,2.850396216557185e-05,2.593645410858919e-05
2121.0,0.2708445544116515,0.001675855936432233,0.000738980067116444,0.0005159333384462925,2.463107463002484e-05,2.848008170513454e-05,2.590337424856776e-05
2122.0,0.2707976801385677,0.001677969933576173,0.0007388964991126677,0.0005163706517927743,2.462308201759693e-05,2.845559054088251e-05,2.587197447239771e-05
2123.0,0.2707004155417141,0.001663052168316345,0.0007386737699047108,0.0005168049752150858,2.461542256858824e-05,2.842650552182558e-05,2.583793964843236e-05
2124.0,0.2706355532389049,0.00166466029139751,0.000738617668520774,0.000517228495632073,2.460302257704486e-05,2.839694752385918e-05,2.580718408192874e-05
2125.0,0.2705428646440158,0.001671774379629697,0.000738428048373025,0.0005176476878513185,2.459479366897714e-05,2.836747315163004e-05,2.577194359542849e-05
2126.0,0.2703819031899367,0.001670753189457975,0.0007383404092123926,0.0005180665739975102,2.45877642831116e-05,2.834009551789032e-05,2.574007074645474e-05
2127.0,0.2703969429019625,0.001674507719759243,0.000738570564820665,0.0005184846489563879,2.458438978579965e-05,2.831845193075399e-05,2.571003514228469e-05
2128.0,0.2701816233979039,0.001662489644241689,0.0007383631207394131,0.0005188865340716507,2.45776317405608e-05,2.829079176183238e-05,2.567736035583752e-05
2129.0,0.2702457431936076,0.001675152626984758,0.0007386901899262019,0.0005192788739145273,2.457388088401249e-05,2.826612733619866e-05,2.56429050329457e-05
2130.0,0.2703269306228128,0.001666797072785502,0.0007385657708498283,0.0005196577098105756,2.457159631239891e-05,2.824001526649957e-05,2.560740589966627e-05
2131.0,0.2705366840363835,0.001685962953683354,0.0007395188202025664,0.0005200243264015773,2.457046926343863e-05,2.821579817914685e-05,2.556991803856797e-05
2132.0,0.2705743602986447,0.001691307061560822,0.0007396186694645997,0.0005204004423645968,2.456382693016057e-05,2.819402749063304e-05,2.553425607612696e-05
2133.0,0.2704424581378154,0.001684556772565151,0.0007391629297697032,0.0005207663380566791,2.456025028171048e-05,2.816221151833139e-05,2.549612596895344e-05
2134.0,0.2704134640807526,0.001691989910791692,0.0007393662110672179,0.0005211350684084826,2.455897433589516e-05,2.814010113954405e-05,2.54605428960294e-05
2135.0,0.2705566574543758,0.001702070515855289,0.0007395757662148804,0.000521498882761723,2.455845183185232e-05,2.811633894530507e-05,2.542695233498257e-05
2136.0,0.2704656315487206,0.001690461823176295,0.0007393720214263315,0.0005218511487080188,2.455343373364386e-05,2.809529979683313e-05,2.538867267854344e-05
2137.0,0.2703234798556439,0.001702002101484346,0.0007395695384072557,0.0005222011688746209,2.455073659761326e-05,2.80728495286295e-05,2.534858231610011e-05
2138.0,0.2702630139131311,0.001688757455917625,0.00073917667097082,0.0005225556130442215,2.454768337658603e-05,2.805200495790895e-05,2.530851947398594e-05
2139.0,0.2704202853184347,0.0017084453936406,0.0007394995616741046,0.0005229073603688882,2.454504315862611e-05,2.802765623047519e-05,2.527085101421681e-05
2140.0,0.2702192219256869,0.001703680923945522,0.0007392268703132828,0.0005232426601025447,2.45435086121488e-05,2.800173335834624e-05,2.523171976348895e-05
2141.0,0.27019741114637,0.001703506280894888,0.0007390888577912117,0.0005235660118377914,2.454015334110312e-05,2.797929733542412e-05,2.519280591807132e-05
2142.0,0.2701988411951318,0.001733032287979118,0.0007390564105942374,0.0005238656912382997,2.453799817747476e-05,2.795616675464622e-05,2.514886011563396e-05
2143.0,0.2700611021084723,0.001706430768777254,0.0007386134804983242,0.0005241585736975549,2.453290775241955e-05,2.793390347634798e-05,2.510779247084921e-05
2144.0,0.2699684713234584,0.001705479840709609,0.000738501705759401,0.0005244334524134567,2.452995177823306e-05,2.790758824855308e-05,2.506727512703006e-05
2145.0,0.2699242559055076,0.001706678694515507,0.0007381666870169876,0.0005246910573343891,2.452615885801366e-05,2.788428506782894e-05,2.502915651197651e-05
2146.0,0.2697623050127452,0.001697676875085245,0.0007376112760321327,0.0005249086809373966,2.45229426771091e-05,2.785460063768038e-05,2.498988521022381e-05
2147.0,0.2696449667128252,0.001688374845158512,0.000737147558860936,0.0005250997576414088,2.451763137399572e-05,2.782559436349538e-05,2.495127071413339e-05
2148.0,0.2694410771194796,0.001697798267114579,0.0007371370023766493,0.0005252659967775958,2.45108859329532e-05,2.779765952916337e-05,2.491303377275036e-05
2149.0,0.2692314816720842,0.001696874249599248,0.0007368644508178812,0.0005254260343487633,2.450031892849874e-05,2.777062488358866e-05,2.487466905471627e-05
2150.0,0.2689808821153615,0.001694669993316267,0.000736498886549238,0.0005255590940677706,2.449366106394235e-05,2.77462339577167e-05,2.483496021629247e-05
2151.0,0.2689516720162497,0.001693463602138269,0.0007360025087669106,0.0005256808617297892,2.448710444154287e-05,2.772165106911039e-05,2.47991803910977e-05
2152.0,0.269093982227359,0.001689407187886749,0.0007353590551447692,0.000525782147460304,2.448342439501853e-05,2.769914921591945e-05,2.476145060362302e-05
2153.0,0.2689043474465975,0.001692132490434423,0.0007348961137690607,0.0005258660997393116,2.447418686175367e-05,2.767213769292524e-05,2.472779290236044e-05
2154.0,0.2687721122773611,0.001681946481071535,0.0007344028439671742,0.0005259259350499319,2.446689980904744e-05,2.764547968384686e-05,2.469101764286197e-05
2155.0,0.2686968515547345,0.001687865464192175,0.0007341312334516432,0.0005259776954496516,2.445963205668599e-05,2.762141835738264e-05,2.46579363220182e-05
2156.0,0.2686618303007673,0.001685745483630257,0.0007335641315850674,0.0005260012123492446,2.445392363134011e-05,2.759745534819718e-05,2.462339167495128e-05
2157.0,0.2688782790707716,0.001703415132917466,0.0007335686642157471,0.0005260216679100493,2.444453107168828e-05,2.75776276812497e-05,2.459170821836097e-05
2158.0,0.2687949207671501,0.001716703088480765,0.0007332584225306789,0.000526026120595158,2.443496682032851e-05,2.75523590374859e-05,2.4560973158337e-05
2159.0,0.26881999559206,0.001714754209648418,0.0007325359362124324,0.0005260234999721485,2.442205984618373e-05,2.752819907385459e-05,2.452840642858179e-05
2160.0,0.2685629393241538,0.001709199835188398,0.0007319742934034213,0.0005259974201474228,2.441126890337252e-05,2.75010275167425e-05,2.449959144401201e-05
2161.0,0.2687100096212506,0.001703722843906834,0.000731117153550022,0.0005259532256145456,2.440192088072605e-05,2.747462082753384e-05,2.447014118702205e-05
2162.0,0.2690449417701769,0.001694514002615424,0.0007302202081148791,0.0005258809158207721,2.439155914420076e-05,2.745470093978117e-05,2.443630773775084e-05
2163.0,0.2690564780762954,0.001714288589307616,0.0007303042740824763,0.0005258298741898668,2.438511473400262e-05,2.743390805692883e-05,2.441061445974336e-05
2164.0,0.2691189848036922,0.001718990506772128,0.0007298788270087943,0.0005257589698673813,2.437147653945714e-05,2.741301249299084e-05,2.438014376064731e-05
2165.0,0.2691012824504662,0.001718709580644726,0.0007292522684512357,0.000525679968202576,2.436219907290864e-05,2.739201870093806e-05,2.434783892179055e-05
2166.0,0.2689268704282347,0.001704440294270678,0.0007282366854919961,0.0005255893364863976,2.435606540934213e-05,2.737042173746055e-05,2.431197120781245e-05
2167.0,0.2685227982769074,0.001716585462612383,0.0007280210522453657,0.0005255020048965884,2.434917078840447e-05,2.735055099529254e-05,2.428574843011788e-05
2168.0,0.2684593105013233,0.001711823690697532,0.0007274202751630581,0.0005254008272279957,2.433820047709993e-05,2.732624024279131e-05,2.424754404224834e-05
2169.0,0.268381490480328,0.00170818156557348,0.0007268860090285797,0.0005252868393297983,2.432779648566095e-05,2.730462877605808e-05,2.421240450029089e-05
2170.0,0.2681332816057076,0.001709897009199474,0.000726420155971592,0.000525160418318817,2.431847860164963e-05,2.727993392436575e-05,2.417485587382927e-05
2171.0,0.2680913659273907,0.001711021090018021,0.0007258736060354234,0.0005250326739522147,2.430254074876812e-05,2.725796177732797e-05,2.413663212970959e-05
2172.0,0.267975929668295,0.001724228369803631,0.00072555080609804,0.0005248728293756494,2.429210120552628e-05,2.723391805107234e-05,2.409922421795396e-05
2173.0,0.2678686160537132,0.00172073712809783,0.0007248468323460718,0.000524724615741205,2.428393879589202e-05,2.721476864104271e-05,2.40606436984708e-05
2174.0,0.2680747465841974,0.001733661184535906,0.0007244708779317622,0.0005245511287272995,2.427463549549931e-05,2.719780710564594e-05,2.40276620197142e-05
2175.0,0.2679545607673303,0.001711861340816594,0.0007236138778376109,0.0005243824044586206,2.42627637637554e-05,2.717318425202099e-05,2.399182839244614e-05
2176.0,0.2678752715677032,0.001699334015698679,0.0007227596532758903,0.0005241879793625849,2.42460018807132e-05,2.715377549885119e-05,2.395396468643139e-05
2177.0,0.2677730481920476,0.00169335883087173,0.0007219279051495304,0.0005239781398476268,2.423472036659323e-05,2.713864273719694e-05,2.392045069587311e-05
2178.0,0.2677864183745011,0.001699820893898339,0.0007214381552220703,0.0005237441177134142,2.422889886952443e-05,2.712697041807101e-05,2.388178671903147e-05
2179.0,0.2677777449887061,0.001686819566016459,0.0007205005880816402,0.0005234979298337091,2.421668410576907e-05,2.710805711178399e-05,2.384141452956858e-05
2180.0,0.2676763256829843,0.001684046329104202,0.0007193640514334105,0.0005232376013828737,2.420048412424524e-05,2.708478803959669e-05,2.380171316840096e-05
2181.0,0.2676349254125767,0.001681707036284679,0.0007184105947984828,0.0005229581473107614,2.418506122603882e-05,2.706557331817869e-05,2.37607123649739e-05
2182.0,0.267596863532056,0.001683723759086391,0.000717607332585273,0.0005226405702047983,2.416957936435658e-05,2.704866396702268e-05,2.37216093499996e-05
2183.0,0.2675161580322973,0.001670791193172559,0.0007165998683678539,0.0005223049820662103,2.415060695786794e-05,2.702790296401025e-05,2.36796955749119e-05
2184.0,0.2673782347193679,0.00169463841276304,0.0007161493018834335,0.0005219661677489029,2.413517202384189e-05,2.700806772825192e-05,2.364413929513055e-05
2185.0,0.2673402647841303,0.001674563680221025,0.0007149588330428423,0.0005216187703377988,2.411242459940963e-05,2.698898630994478e-05,2.360335316011777e-05
2186.0,0.2672075505365605,0.001690353869764122,0.0007144337844263009,0.0005212187804161137,2.408957841971381e-05,2.697020265291841e-05,2.356018483000694e-05
2187.0,0.2668553959360807,0.001668341575626259,0.0007133484678268797,0.0005208013329921726,2.405988557728372e-05,2.694577537431116e-05,2.351661890504774e-05
2188.0,0.2668085005253673,0.001652158348302992,0.0007121247785168229,0.0005203591739573624,2.403543130569873e-05,2.692768923409346e-05,2.347448886902601e-05
2189.0,0.266652883729195,0.001672828500077428,0.000711904025697596,0.0005199033413013077,2.400710167496815e-05,2.690706724373492e-05,2.34468391639896e-05
2190.0,0.2665266826366212,0.001659304857393932,0.0007110086279892968,0.0005194295256528742,2.39775407078023e-05,2.688491327222794e-05,2.340645512281855e-05
2191.0,0.2660594213012791,0.001660635250821982,0.0007099940228060751,0.0005189565184884532,2.39499309232289e-05,2.68651936408401e-05,2.337051306234584e-05
2192.0,0.2657325778918215,0.001648453707890079,0.0007088382064718102,0.0005184728074574163,2.391497118288519e-05,2.684480214498447e-05,2.332637198665751e-05
2193.0,0.2654762747975876,0.001643766275564114,0.0007079473902809939,0.000517982175325298,2.388112422752017e-05,2.682299266505629e-05,2.328345968725496e-05
2194.0,0.2653343320205554,0.001625894371190324,0.0007067093303674484,0.0005174858738675051,2.384333647387195e-05,2.680000337711865e-05,2.323837294874945e-05
2195.0,0.2651238355715962,0.001629426455641058,0.0007056103823644626,0.000516996611221559,2.380602728654513e-05,2.677593479544716e-05,2.319997986728987e-05
2196.0,0.2649607167653678,0.001619834289575519,0.000704595992131198,0.0005165164897148471,2.376461160953977e-05,2.675349571248826e-05,2.315448451101527e-05
2197.0,0.2647150838502053,0.001618259192798838,0.0007037053852822621,0.0005160606925576105,2.372553728894814e-05,2.673254903158876e-05,2.311603731611462e-05
2198.0,0.2644084721448835,0.001614191364476938,0.0007026025235518545,0.0005156220837268778,2.368469793427111e-05,2.670951228130178e-05,2.307857813097998e-05
2199.0,0.2642567583627684,0.00161241172457732,0.0007015515801054036,0.0005152124261429652,2.36395761318285e-05,2.668658455187928e-05,2.303615494020115e-05
2200.0,0.2639590203452245,0.001625508926976044,0.0007010309348059443,0.0005148281430486726,2.359677599309063e-05,2.666849889184652e-05,2.300250682544115e-05
2201.0,0.2639585182897443,0.001612455581735677,0.0006999604592012183,0.0005144617535123901,2.355158955539973e-05,2.66487830256957e-05,2.296492849849416e-05
2202.0,0.2638978061994626,0.00165599462093582,0.0007005293619257086,0.0005141169393265402,2.351065807334265e-05,2.662958828626728e-05,2.293425556999633e-05
2203.0,0.2636382088198466,0.001670683679408852,0.0006996130319220521,0.0005138015418773328,2.346409089795411e-05,2.660793376218604e-05,2.289921263728019e-05
2204.0,0.262955035611546,0.0016255922198865,0.0006974222571906902,0.0005135126667980224,2.341360620322818e-05,2.658337335555092e-05,2.286006573744609e-05
2205.0,0.2631576761787852,0.001599806273926304,0.0006958913215345748,0.0005132460956013883,2.336009551873981e-05,2.655943400972432e-05,2.282529383871263e-05
2206.0,0.2673993921954481,0.001798533898013254,0.0006946507848506371,0.0005129349262285875,2.331514503205206e-05,2.654177471523677e-05,2.278690131531984e-05
2207.0,0.2658555072757784,0.1015052107834524,0.0009023897758519921,0.0005126387918018026,2.360457378530467e-05,2.694015565467857e-05,2.289724751305708e-05
2208.0,0.2645387119844694,0.0677522373211361,0.0008867233799888663,0.0005125514072934679,2.334009933348161e-05,2.663841994110879e-05,2.276630053340413e-05
2209.0,0.2655401991057206,0.02246654197764607,0.0008131558228753563,0.0005124539180595135,2.320557213718306e-05,2.652880372757034e-05,2.271851261891193e-05
2210.0,0.2646839348054134,0.006804005032657875,0.000752017918484502,0.000512296940336668,2.313347317258926e-05,2.650804853383694e-05,2.267082119016633e-05
2211.0,0.264961618015966,0.002931872395122898,0.0007515325854161987,0.0005121955706796826,2.309157107346144e-05,2.646912326926177e-05,2.263850571651787e-05
2212.0,0.2638741140459506,0.003564415872904814,0.0007334300974554541,0.0005121760734312698,2.305257601860137e-05,2.646911878113723e-05,2.260214342346904e-05
2213.0,0.2633464034905775,0.003360333729129534,0.0007339125666972332,0.0005122177242127855,2.30005022205898e-05,2.643768862073891e-05,2.256962496060651e-05
2214.0,0.2624624028239883,0.002376619583059915,0.0007316175054844733,0.0005122835547204515,2.293409484976232e-05,2.638095108086278e-05,2.252896979063602e-05
2215.0,0.2614777190218834,0.002089687433478505,0.0007284005408261996,0.0005123695925495593,2.287706904542059e-05,2.635077055006903e-05,2.248576962049734e-05
2216.0,0.2606887904815469,0.001914823322479109,0.0007159422595800965,0.0005124875319249889,2.282588264152669e-05,2.631867720243285e-05,2.244279719530382e-05
2217.0,0.2600495430237454,0.001826767321610184,0.0007076588018045771,0.0005126408940187334,2.277892975168602e-05,2.628394237950878e-05,2.240109741606753e-05
2218.0,0.2594858037764659,0.001733561164634948,0.0006997441118787365,0.0005128230705059706,2.27316303613091e-05,2.625259685519031e-05,2.235932063435961e-05
2219.0,0.2593321928539609,0.001701670607265933,0.0006941652460925968,0.0005130596478057393,2.2695046662385e-05,2.623214504407646e-05,2.233000636204451e-05
2220.0,0.2590976552338146,0.001682358089655497,0.0006894253142889406,0.0005133258215753691,2.265379329765837e-05,2.6202393205251e-05,2.229728199053448e-05
2221.0,0.2588633290702217,0.001688090950413588,0.0006860821481016916,0.0005136023176628672,2.261540768763456e-05,2.61774646849477e-05,2.226419429594007e-05
2222.0,0.2584206143770154,0.001645579712195157,0.0006821394854669403,0.0005139052171327436,2.257789915579407e-05,2.615362238173154e-05,2.222509377193038e-05
2223.0,0.2583462604879012,0.001641546957935487,0.0006790550320236589,0.000514248553835214,2.254239370753254e-05,2.613680749544581e-05,2.219842012179094e-05
2224.0,0.2581322711560645,0.001600050229233264,0.0006752364458757019,0.0005146177319625528,2.250721590927241e-05,2.611045382208077e-05,2.216256010214725e-05
2225.0,0.2578474050129594,0.001558370370813702,0.0006714614700579912,0.0005150257311469586,2.246909092403446e-05,2.607931893860054e-05,2.212820370162898e-05
2226.0,0.2576094574225973,0.001529524003172079,0.0006677586504925285,0.0005154685788458084,2.243554665134224e-05,2.60499148520226e-05,2.210127484319069e-05
2227.0,0.2571427260742049,0.00152204192364942,0.000664523083858211,0.0005159482150971378,2.239803624658411e-05,2.602546460994565e-05,2.207047805690797e-05
2228.0,0.2568951451799163,0.001495700048324335,0.0006612739643420743,0.0005164375852181298,2.235890876403483e-05,2.599867546955661e-05,2.203385005742657e-05
2229.0,0.2564597033370465,0.001474309030604424,0.0006582965122145435,0.0005169445460062202,2.232483509913825e-05,2.597157302451532e-05,2.199879567555284e-05
2230.0,0.2564392863408925,0.001447026224510361,0.0006554531861729376,0.0005174736607109126,2.229387881997699e-05,2.594921299427246e-05,2.19646995144697e-05
2231.0,0.2563888671791384,0.001443737050423533,0.0006532948979408574,0.0005180220264530116,2.22645541942796e-05,2.592541176282062e-05,2.193493772884105e-05
2232.0,0.2561542531804005,0.001435627692255496,0.0006509357368455534,0.000518580619491755,2.222903992102705e-05,2.590258796264221e-05,2.190178266210511e-05
2233.0,0.2557141258497032,0.001435865441023407,0.0006490119778427459,0.0005191727205682047,2.21939460485259e-05,2.587443304040922e-05,2.187369570787529e-05
2234.0,0.2554135363996796,0.001424028571465266,0.0006467965425456006,0.0005197627065613047,2.2161790493613e-05,2.584863260412385e-05,2.184461227158671e-05
2235.0,0.2549644387548035,0.001422692652076133,0.0006447092775232844,0.0005203601164139399,2.212978764837662e-05,2.582172234294697e-05,2.181545891462237e-05
2236.0,0.2545061241169283,0.001410299763428397,0.0006427024030400241,0.0005209598560213523,2.209419299040158e-05,2.579422222068509e-05,2.178633595485338e-05
2237.0,0.2542748944515374,0.001409299350421125,0.0006409603331436244,0.0005215521936037844,2.205557476053983e-05,2.576644548708159e-05,2.175873691429071e-05
2238.0,0.2542216882188232,0.001446526129765006,0.000639809405336553,0.0005221388373378148,2.202224084388882e-05,2.574396253049755e-05,2.173430795873406e-05
2239.0,0.2539194206026201,0.001430898619857514,0.0006379053961209196,0.0005227265696717394,2.198740085916318e-05,2.57172163481617e-05,2.171013322098058e-05
2240.0,0.2536786268740576,0.001411764582099506,0.0006359130327421291,0.0005233252156242028,2.195206435625203e-05,2.568820248394291e-05,2.168285349697341e-05
2241.0,0.2532521312676442,0.001397778598118483,0.0006339216413612883,0.0005239242927358253,2.191539474416037e-05,2.56617026605555e-05,2.165819136990682e-05
2242.0,0.2530631046245906,0.001409700173598604,0.0006327287810876239,0.0005245272468796985,2.187930599191027e-05,2.563599185809013e-05,2.163395060374726e-05
2243.0,0.2530452562492161,0.001426775708508483,0.0006317178244780771,0.0005251263300969543,2.184053130588134e-05,2.561247014010284e-05,2.161069708386311e-05
2244.0,0.25289483472676,0.001421519483909876,0.000629607790975136,0.0005257509988040291,2.180971889315445e-05,2.559492937475238e-05,2.159348746414498e-05
2245.0,0.2528774930076548,0.001402162125587287,0.000627421364600564,0.0005263684754220194,2.176958455244386e-05,2.556747372156269e-05,2.156991802190589e-05
2246.0,0.2526669539367618,0.001423236920108797,0.0006260377300769042,0.0005269954944700703,2.173546030619673e-05,2.554926479295361e-05,2.154984248678775e-05
2247.0,0.2523672520581496,0.001426305676457212,0.0006246346230825968,0.0005276384028407599,2.169682960414263e-05,2.552528773110265e-05,2.15268038989863e-05
2248.0,0.2523173146646285,0.001441352635948761,0.0006236347259152344,0.0005282794047342848,2.166293708411514e-05,2.550478719466788e-05,2.15055134764791e-05
2249.0,0.251994319712793,0.001414361771083788,0.0006217387103335569,0.0005289175221955248,2.162349093692172e-05,2.547527970579374e-05,2.147921808467679e-05
2250.0,0.2516118156735692,0.001404128304994723,0.0006196043840651948,0.0005295441625892295,2.158873204392338e-05,2.545340370035421e-05,2.145687060108462e-05
2251.0,0.2513619435806766,0.001388994103603519,0.0006174477529863878,0.0005301808255302957,2.155263587009056e-05,2.54266183012881e-05,2.143652788586649e-05
2252.0,0.2511656008437176,0.001408244453393425,0.000615968067708471,0.0005308225827916339,2.151237511606327e-05,2.540220363812801e-05,2.141478476237089e-05
2253.0,0.2508486829283421,0.001399847483762602,0.0006141804937295379,0.0005314596664208131,2.147331006398704e-05,2.537824275389332e-05,2.138884545306773e-05
2254.0,0.2506491171785526,0.001369136940101636,0.0006118164828419005,0.0005320827541496212,2.143601949768148e-05,2.535390559339863e-05,2.136243381950866e-05
2255.0,0.2503526598552609,0.001382237170507798,0.0006103284600566583,0.0005326923383001176,2.139983951179495e-05,2.532704204992726e-05,2.13384659344459e-05
2256.0,0.2502559313649995,0.001370306843382169,0.0006087084192107491,0.0005332891876770807,2.136146733747644e-05,2.530126115432849e-05,2.131057007105539e-05
2257.0,0.2500598621444819,0.001374686739222495,0.0006074470960574078,0.0005338857596160366,2.132850889925354e-05,2.528198531064914e-05,2.128947624683606e-05
2258.0,0.2499958956747864,0.001359292537249245,0.0006052929495044213,0.0005344735958720683,2.129297676782531e-05,2.526074784028896e-05,2.126298201452715e-05
2259.0,0.2493965874057944,0.00138020933929121,0.0006036855098766716,0.0005350616941297385,2.125902743870275e-05,2.523883227233336e-05,2.123759329278468e-05
2260.0,0.2491890925846928,0.001370248042406751,0.000602105037767493,0.0005356473787120236,2.121922691003234e-05,2.521118341346181e-05,2.120757619346236e-05
2261.0,0.248852135058799,0.001347902458676006,0.0006001915198672798,0.0005362266256691687,2.118322715775492e-05,2.518481139670931e-05,2.117850856229041e-05
2262.0,0.2485526726138732,0.001348826558823646,0.0005984497366872882,0.0005367866642652921,2.115233339711956e-05,2.515440095751155e-05,2.115184297158986e-05
2263.0,0.2483929720572211,0.001331704593252381,0.0005966644595729656,0.0005373442545825687,2.111617503044259e-05,2.512691139267737e-05,2.112403530511749e-05
2264.0,0.2480484203460006,0.001347107956185142,0.0005950510788033781,0.0005378960725540105,2.108241552134399e-05,2.510058126626554e-05,2.109714491361561e-05
2265.0,0.2479306583420633,0.00133681369545813,0.0005931781869097575,0.0005384251348667661,2.104767306349452e-05,2.507389809574217e-05,2.106818261398946e-05
2266.0,0.247679928322088,0.001331107772516442,0.000591336551829165,0.0005389454450381518,2.101342879020936e-05,2.504994886240725e-05,2.103844210978514e-05
2267.0,0.2472454170040743,0.001312911708537146,0.0005895244590864694,0.0005394613804346263,2.098411926705115e-05,2.502807845733818e-05,2.101130051200958e-05
2268.0,0.2470937631351229,0.001316276083405021,0.000588106711487285,0.0005399674618091545,2.095321517156758e-05,2.500616903678845e-05,2.098467741657019e-05
2269.0,0.2468103250064188,0.001328970839880792,0.00058695167222793,0.0005404447332504956,2.091564113777401e-05,2.497719274278479e-05,2.095187525735993e-05
2270.0,0.2466170629184244,0.001323406703927371,0.0005854187928738832,0.0005409180453100137,2.088208352678174e-05,2.494650495186903e-05,2.092263608563728e-05
2271.0,0.2462916778834197,0.001342396870279103,0.000584047498056266,0.0005413734849037436,2.084606780466899e-05,2.49180835340002e-05,2.08945361430892e-05
2272.0,0.2461183804369606,0.001325234160458613,0.0005825116091005278,0.0005418038390995272,2.081472059547234e-05,2.488901659935655e-05,2.086995898669371e-05
2273.0,0.2456256273909677,0.001327333998728175,0.0005814543428003452,0.0005422426637590231,2.078706310288596e-05,2.486407138385717e-05,2.08436385552184e-05
2274.0,0.2453154771337889,0.001312581665733887,0.0005796746085425841,0.0005426484634039627,2.075471997354966e-05,2.483542295272819e-05,2.08136029875669e-05
2275.0,0.2451903063841531,0.001299086470070909,0.0005780476690413371,0.0005430270535932392,2.072475307375343e-05,2.480833351864827e-05,2.07850041541533e-05
2276.0,0.2445989693923533,0.001282425034147554,0.0005764799331946192,0.0005434027623466533,2.069159816816713e-05,2.477302573461534e-05,2.075936392744431e-05
2277.0,0.2442145263927715,0.001297038042527468,0.000575259822282448,0.0005437768962405562,2.065622443358783e-05,2.474392337185973e-05,2.072965851702984e-05
2278.0,0.2440637245143465,0.001280488397468916,0.0005739485580299408,0.0005441215375198125,2.062217884964096e-05,2.471522578881798e-05,2.069878826888757e-05
2279.0,0.2437664566611485,0.001271256608386912,0.0005728071526035289,0.0005444561585229794,2.059028348053592e-05,2.468746100440441e-05,2.067085363314791e-05
2280.0,0.2434284085525707,0.001263352498790176,0.0005714030736167965,0.0005447787640479635,2.055869286831668e-05,2.465633683221231e-05,2.064160075560473e-05
2281.0,0.2431744966486353,0.001263990189372895,0.0005702327102280047,0.0005450963837546571,2.052617068400471e-05,2.462461030045954e-05,2.061510099679436e-05
2282.0,0.2428560979379012,0.001265435666754766,0.0005692230682616294,0.0005454148359646666,2.049380742979847e-05,2.459534629265024e-05,2.058661020246952e-05
2283.0,0.2423626424633184,0.001288868050471167,0.0005683294935092612,0.0005457260971709916,2.045948372782345e-05,2.456785777729781e-05,2.055977216032728e-05
2284.0,0.2420617250064851,0.001289565231176308,0.00056780928305415,0.0005460236753163378,2.042714738993532e-05,2.45359656522013e-05,2.053073479234962e-05
2285.0,0.241753710074888,0.001271251063341237,0.0005663917677238476,0.0005463256801959462,2.040037742929145e-05,2.450685485693036e-05,2.050589204128223e-05
2286.0,0.2415956128355961,0.001278397492335448,0.0005653464409341679,0.0005466106686453603,2.037108424009426e-05,2.447912618870797e-05,2.047963330612151e-05
2287.0,0.2413202355179982,0.001260591076277232,0.0005642620742813581,0.0005468760932767058,2.034112829040788e-05,2.44477037757034e-05,2.045338757251851e-05
2288.0,0.2410094609191766,0.00125161010772053,0.000562914552090534,0.0005471342813266987,2.031362301666588e-05,2.441640436297013e-05,2.042453433357837e-05
2289.0,0.2409671131927034,0.001230303836740039,0.0005617103782184328,0.0005473924187056422,2.028544433632629e-05,2.438995710162457e-05,2.039652611609245e-05
2290.0,0.2406863273379531,0.00123050033068853,0.0005606742052777086,0.0005476742830898613,2.025831796850403e-05,2.436772258373411e-05,2.037727466851796e-05
2291.0,0.240599631675748,0.001236638575967446,0.0005597731172461952,0.0005479459730469993,2.022603821640432e-05,2.433691365535852e-05,2.034704427011939e-05
2292.0,0.2402563815591317,0.001237081279334081,0.0005589760469097067,0.0005482212269246272,2.019683067633523e-05,2.43051073094944e-05,2.032129266196582e-05
2293.0,0.2398715126894827,0.001234664725351285,0.0005579603237940701,0.0005485007526670937,2.016752496284633e-05,2.42713754659835e-05,2.029201579479478e-05
2294.0,0.2399284781964495,0.001232057827576686,0.0005570288070416684,0.0005487735812648001,2.013864269401642e-05,2.424003851182842e-05,2.02649434626757e-05
2295.0,0.2395990538518361,0.001217731176475111,0.0005558241958886853,0.0005490389379885127,2.011128249250723e-05,2.420588098538608e-05,2.023747453647711e-05
2296.0,0.2391846659760878,0.001216207749113962,0.0005547463942866259,0.0005493064477181773,2.008270796614031e-05,2.417491036134339e-05,2.020819056358384e-05
2297.0,0.2390615307475583,0.001218609651191135,0.000553784046976594,0.0005495723098292515,2.005197682936424e-05,2.414016351186635e-05,2.017650054163253e-05
2298.0,0.2386331429604439,0.001209682673352606,0.0005527669887019234,0.0005498258808258552,2.002528394922584e-05,2.410360951130974e-05,2.014848495480368e-05
2299.0,0.2385785332349286,0.001202527398489632,0.0005516096582281835,0.0005500923959699085,1.999397537638561e-05,2.406632112293998e-05,2.011796934407401e-05
2300.0,0.2383563243632179,0.001239720321689384,0.0005512970067534613,0.0005503497958966024,1.996559423955322e-05,2.403764234188052e-05,2.009000355096455e-05
2301.0,0.2381829272009734,0.001208415587000688,0.0005500463706610898,0.0005506085114029064,1.993640411218664e-05,2.400336999167026e-05,2.006033800872386e-05
2302.0,0.2379505284940523,0.001188213331996165,0.0005489188935765295,0.000550841567235408,1.990897496117238e-05,2.396750170602984e-05,2.002915250874177e-05
2303.0,0.2377848944907977,0.001192113004593945,0.0005482174594389497,0.0005510904911406096,1.988151515412964e-05,2.39333767708179e-05,2.000169081113742e-05
2304.0,0.2374848762080676,0.001195639751218906,0.0005473447502168717,0.0005513293014353822,1.985146266689829e-05,2.389838213115203e-05,1.997230459122907e-05
2305.0,0.2375235687813264,0.001186236895696824,0.0005465023073620589,0.0005515639898960622,1.982311097794774e-05,2.386456130320454e-05,1.994465885112838e-05
2306.0,0.2373069932463196,0.001190837624585512,0.0005459847047717808,0.0005517834248981387,1.979463538299626e-05,2.382937169575864e-05,1.992009025869518e-05
2307.0,0.237226370338165,0.001190170152631397,0.0005451722023168433,0.0005519970031701671,1.976238642277513e-05,2.379292897484368e-05,1.988890933722271e-05
2308.0,0.2370174535893621,0.001218617533359592,0.0005446157298933058,0.0005521935666378155,1.97358728757603e-05,2.375927184123151e-05,1.986407181013645e-05
2309.0,0.2369205311707496,0.001202761513735639,0.0005438216819723957,0.0005523814630044666,1.970646019880699e-05,2.37252461894838e-05,1.98360091630146e-05
2310.0,0.236710288253055,0.001188332162036221,0.0005429305077309707,0.0005525621021946695,1.968276233892044e-05,2.368787195340449e-05,1.980615125168641e-05
2311.0,0.2366722634808707,0.001167052578473715,0.0005416786774266448,0.0005527225378329545,1.965221454032681e-05,2.365450512837397e-05,1.977385175183595e-05
2312.0,0.2364124251220917,0.001173729630852924,0.0005411482742440911,0.0005528825063093508,1.962593429428903e-05,2.362437588520247e-05,1.975484117643619e-05
2313.0,0.2364606209605401,0.001177788637985708,0.0005405465838435602,0.0005530303208700338,1.95989128673719e-05,2.358615498132245e-05,1.97241687343645e-05
2314.0,0.2362272728589529,0.001173352750681813,0.0005399796921490012,0.0005531633677919084,1.956918558346065e-05,2.355019826968669e-05,1.969769116365644e-05
2315.0,0.2361099313906899,0.00119240904672234,0.0005393722997503,0.0005532980145729762,1.954569393587488e-05,2.351681427499129e-05,1.966958649904959e-05
2316.0,0.2358960560802624,0.001193236559203009,0.0005387992617393402,0.0005534526043942522,1.952093173425824e-05,2.348111251948728e-05,1.964543173726555e-05
2317.0,0.2356204725668525,0.001181253128982824,0.000537813567780954,0.0005535936372420877,1.949270351401166e-05,2.344153888012404e-05,1.961911628057817e-05
2318.0,0.2354300969928918,0.001196084827075534,0.000537649046661564,0.000553711719750228,1.94604482272738e-05,2.340126553536031e-05,1.959154775892631e-05
2319.0,0.2351007200490635,0.001182424481543131,0.0005367037477154873,0.0005538339699260647,1.94336624316554e-05,2.336524235783185e-05,1.956705529428395e-05
2320.0,0.2346318971647212,0.001168137443762625,0.0005357248025984015,0.0005539557371802341,1.940177277955283e-05,2.332943567171255e-05,1.954258365919479e-05
2321.0,0.2343380317810705,0.001163822157499227,0.000535039560568646,0.0005540627381382976,1.937138932160493e-05,2.329467369993475e-05,1.951558880068257e-05
2322.0,0.2342897824915741,0.001156037755994106,0.0005344071395818928,0.0005541636042204483,1.934436659990914e-05,2.326183764200162e-05,1.949146895492548e-05
2323.0,0.2341718305680141,0.001177302953106568,0.0005341237681540046,0.0005542665032902545,1.932348947426224e-05,2.322793844842733e-05,1.947175135051611e-05
2324.0,0.2339927418435167,0.00117767921739044,0.0005337173558861992,0.0005543453715500478,1.929563015000614e-05,2.319131430941164e-05,1.945157968066938e-05
2325.0,0.233663171025533,0.001160944450705499,0.0005329028126786511,0.0005544100231255637,1.92721737842475e-05,2.315854851940557e-05,1.943491910506969e-05
2326.0,0.2334899712718331,0.001169892820207286,0.0005323098676005391,0.0005544476537620007,1.924516889244875e-05,2.312206237239519e-05,1.941441448666561e-05
2327.0,0.2331316284649327,0.001166859656781528,0.0005319344545520138,0.0005544585092758498,1.921947461923003e-05,2.308512993865088e-05,1.939519823468172e-05
2328.0,0.2328139105773242,0.001182256151297258,0.0005315559025887489,0.0005544443621666819,1.919196702660248e-05,2.304921762365521e-05,1.937050467395189e-05
2329.0,0.2327170127420687,0.001193886445659068,0.0005312968385602216,0.0005544231691375742,1.916698276050836e-05,2.301768399768045e-05,1.934484758854796e-05
2330.0,0.2328777045851718,0.001201777850577459,0.000530785786323511,0.0005543886268261087,1.914372189632761e-05,2.298807814796163e-05,1.932332742666892e-05
2331.0,0.2328456841053387,0.001197165273116776,0.0005305354981654121,0.0005543373344056261,1.912779540890008e-05,2.295759066154892e-05,1.931014954199709e-05
2332.0,0.2329082089793863,0.001206948617064419,0.0005302516013248679,0.0005542925549823499,1.911610134590518e-05,2.293117019423595e-05,1.929807119869306e-05
2333.0,0.2327465466524907,0.001227264161428305,0.0005301809923947476,0.0005542114850954388,1.909650136449694e-05,2.289701083056565e-05,1.927831152216563e-05
2334.0,0.2321209702458857,0.001209696478280269,0.0005293006976868851,0.0005541126272804513,1.907408059261704e-05,2.286628685983461e-05,1.925525516401027e-05
2335.0,0.2319694830977703,0.001191739202341392,0.0005284212548969965,0.0005540016320061121,1.904967997563975e-05,2.28364086640863e-05,1.923942132281273e-05
2336.0,0.2315733613340379,0.001187168161644319,0.0005277049034716958,0.000553892001398846,1.903027985991799e-05,2.280545523938625e-05,1.922415581586008e-05
2337.0,0.2313988179724154,0.001185888157987694,0.000527125122646265,0.0005537565011014818,1.900928194996036e-05,2.276870715097068e-05,1.920863086731907e-05
2338.0,0.2311153687130565,0.001175481203780341,0.0005262581469775115,0.0005536065818979101,1.89892511568984e-05,2.273347769588763e-05,1.919241586823642e-05
2339.0,0.2309094358953991,0.001172608641162222,0.0005256147632433357,0.0005534437039532136,1.897000127223485e-05,2.270417764325775e-05,1.917829110021794e-05
2340.0,0.230715004098772,0.00116975089600104,0.0005249685134662926,0.0005532836419808543,1.894951828017623e-05,2.26751582801704e-05,1.915857686260879e-05
2341.0,0.2305171545486639,0.001178554197634178,0.0005247083866338086,0.0005531266063723953,1.893271533399462e-05,2.264864950792369e-05,1.914404835153518e-05
2342.0,0.230293417598435,0.001183487251684157,0.0005243478264377388,0.0005529660111445554,1.891604168892435e-05,2.26190567359355e-05,1.912695241423939e-05
2343.0,0.2299166196413296,0.001178243069166008,0.0005234768442553408,0.0005528026654996832,1.88937613049106e-05,2.258818930040024e-05,1.911293172662981e-05
2344.0,0.2295988409786235,0.001154563343617674,0.0005222493418498856,0.0005526301126028711,1.886945333116029e-05,2.256124125693826e-05,1.909669334255515e-05
2345.0,0.2292213851029903,0.001159081738749616,0.0005216086563792653,0.0005524469598134185,1.884716462235183e-05,2.253147429267098e-05,1.908063269964787e-05
2346.0,0.229231413390758,0.001150698880532897,0.0005206530970427348,0.0005522555710465283,1.883094321943821e-05,2.250598218524413e-05,1.906250975085345e-05
2347.0,0.2289107959683495,0.00114444466599941,0.0005198317477225538,0.0005520436988278212,1.881385619731288e-05,2.247849968876752e-05,1.904598520444486e-05
2348.0,0.228745614699574,0.001144266518581853,0.0005190431400513175,0.0005518198648462848,1.879832336188324e-05,2.24519048611477e-05,1.903100620093589e-05
2349.0,0.2288595544204623,0.001148247622194096,0.0005181710584056598,0.0005515760670581211,1.877757095033231e-05,2.2426226600213e-05,1.901674978171512e-05
2350.0,0.2289233564744991,0.001147532946044874,0.0005172263314473334,0.0005513290023644368,1.875903521480975e-05,2.239959838131463e-05,1.900161935916915e-05
2351.0,0.2290895604309,0.001157779144918043,0.0005165520188916244,0.0005510508435896199,1.874489354514529e-05,2.237238054109291e-05,1.899135447442956e-05
2352.0,0.2289715235477234,0.001145234194342671,0.0005154729205171872,0.0005507639867542718,1.872747069937802e-05,2.234686055980675e-05,1.897839022670671e-05
2353.0,0.228969423385489,0.001154611906697404,0.0005147557570419579,0.0005504470785357194,1.871244545511278e-05,2.232317080859165e-05,1.896658586692954e-05
2354.0,0.2286942792393397,0.001153448363912619,0.000513747812771861,0.0005501144677468131,1.869745425792497e-05,2.230217206985198e-05,1.894740706850457e-05
2355.0,0.2283291783862238,0.001150194244676256,0.0005128702552320694,0.0005497852287641825,1.86822684552746e-05,2.227969844227783e-05,1.893784877154205e-05
2356.0,0.2283126925209044,0.001138535759220354,0.0005118028536784939,0.0005494544298368289,1.866488493944737e-05,2.225620922975915e-05,1.892121129967953e-05
2357.0,0.2283677636498126,0.001140568839995108,0.0005108006252810137,0.0005491029719313254,1.864575819434759e-05,2.223813150624202e-05,1.890665267767587e-05
2358.0,0.2282029670886346,0.001143135261031155,0.0005097788899257019,0.0005487640754468409,1.863633676645304e-05,2.222047831954699e-05,1.889936930460779e-05
2359.0,0.2281690791900868,0.001138992739064855,0.0005087938204486988,0.0005484155851737013,1.861971180767014e-05,2.219851232528612e-05,1.88851314473965e-05
2360.0,0.2279894553703835,0.001140013344945992,0.0005076473455444669,0.0005480737158605259,1.860169342065069e-05,2.217630384293091e-05,1.887099300299708e-05
2361.0,0.2276723761406968,0.001138318688599239,0.0005066241787514172,0.0005477295136287959,1.858410947675266e-05,2.215630207162851e-05,1.885534966817273e-05
2362.0,0.2275515974265351,0.001146233546680212,0.0005059894983211927,0.000547393263078223,1.856812899170651e-05,2.213735905372557e-05,1.884098297891664e-05
2363.0,0.2276052556817237,0.001161802765061512,0.0005052747636443011,0.0005470710037887469,1.854892244951429e-05,2.211662347744223e-05,1.883200615089212e-05
2364.0,0.2275055576300756,0.001152715889671076,0.0005039612575651428,0.0005467617576982431,1.853407091297179e-05,2.209496527499477e-05,1.88221667439557e-05
2365.0,0.2270026745654743,0.001147269087305841,0.0005028370106711423,0.0005464651544736284,1.851971300097279e-05,2.20757707614698e-05,1.880585488477461e-05
2366.0,0.2269377201077206,0.001147062818671616,0.0005016964718095789,0.0005461848093142963,1.850008018490923e-05,2.205340304568681e-05,1.878722455395388e-05
2367.0,0.2266077537230888,0.001154044032601205,0.000501005331666832,0.0005459157392900115,1.848227283435614e-05,2.203462811212882e-05,1.876960480407309e-05
2368.0,0.2265257287915889,0.001143138734981313,0.0004999085241452285,0.0005456615998273313,1.846387165265462e-05,2.201491044482009e-05,1.875198660602484e-05
2369.0,0.2264091520187107,0.001160070646309834,0.0004992258300601053,0.000545417074036234,1.845360258118869e-05,2.200180205940841e-05,1.873978310410868e-05
2370.0,0.2261768126127183,0.00114157825282506,0.000497927430292343,0.0005452062637166244,1.843217848737238e-05,2.198254479399972e-05,1.87223502881771e-05
2371.0,0.2263969152624022,0.001151518962458528,0.0004973725997850794,0.0005450164076169214,1.841927680767746e-05,2.196841614784491e-05,1.871057551077765e-05
2372.0,0.2260974506124368,0.001140237948490923,0.000496533185217311,0.0005448464219048976,1.840645602925249e-05,2.195263326161524e-05,1.869827808785256e-05
2373.0,0.2260662817922617,0.001153384732342001,0.0004959040490068989,0.0005447178618204799,1.8395320508498e-05,2.194022321455878e-05,1.869228555215981e-05
2374.0,0.2263393421450175,0.001148683118685442,0.0004952027381797306,0.0005446149346787369,1.83812751797758e-05,2.19266419386777e-05,1.867687953519057e-05
2375.0,0.2261664713448784,0.001156654505374212,0.0004948295470497397,0.0005445421943364701,1.837163472638125e-05,2.191704601080855e-05,1.867154578177166e-05
2376.0,0.2262109405421473,0.001149621394731465,0.0004941411225838754,0.0005444808924106612,1.835907831312462e-05,2.19036204674594e-05,1.865800208480497e-05
2377.0,0.2259609204346608,0.001162905618463859,0.0004939092048419104,0.0005444413635227579,1.835282130649213e-05,2.189070230644612e-05,1.865019665723721e-05
2378.0,0.2258194712952869,0.001171752922891291,0.0004934531554952251,0.0005444363599120394,1.833949588914956e-05,2.187560576167516e-05,1.86376359505693e-05
2379.0,0.2259880470951834,0.001170204401967391,0.0004927257722340006,0.0005444484103136969,1.833041296757568e-05,2.186237892984692e-05,1.862308367386121e-05
2380.0,0.2257379736052937,0.001178489283770029,0.000492374643161523,0.0005444909226513579,1.832448213081126e-05,2.185022136876193e-05,1.861076764630507e-05
2381.0,0.2256934676178914,0.001174786709315379,0.0004917787145193569,0.0005445530537184628,1.83196941373174e-05,2.183667650222608e-05,1.85978088973199e-05
2382.0,0.2255945791705713,0.001165760649762894,0.0004910889796292682,0.0005446425914215532,1.830689529894386e-05,2.18215655042786e-05,1.858392684737015e-05
2383.0,0.2255615093607867,0.001162107132394092,0.0004905060113425075,0.0005447514995516986,1.829825415938854e-05,2.181074057841685e-05,1.857128310654037e-05
2384.0,0.225515011976207,0.001164435510494051,0.0004901501655671456,0.0005448723383217045,1.828934396889917e-05,2.179846304376072e-05,1.855820333685844e-05
2385.0,0.2256036808819608,0.001165464717789302,0.0004898783542568884,0.0005450114368807806,1.82828679471864e-05,2.17881499199621e-05,1.854662597973514e-05
2386.0,0.2256674416119145,0.001172040117921136,0.0004896399464892092,0.0005451722055327052,1.82830571196654e-05,2.178153194333779e-05,1.853914178330979e-05
2387.0,0.2258218154118081,0.001171070440459741,0.0004890659794967965,0.0005453448279069384,1.827469921871939e-05,2.177190515150168e-05,1.852663683450454e-05
2388.0,0.2258633932032654,0.001172021454012521,0.0004887550818371649,0.0005455370761965393,1.827300518518573e-05,2.176147306659918e-05,1.851852688565468e-05
2389.0,0.2257051106090807,0.001181301071217593,0.0004885234287204177,0.0005457485208246073,1.827208197011596e-05,2.175063391168989e-05,1.850856476033515e-05
2390.0,0.2258934667461154,0.001231334792176258,0.0004892019943938762,0.0005459879552417898,1.82709297981366e-05,2.174117004754074e-05,1.849927047819086e-05
2391.0,0.2258576810880434,0.001218467005028761,0.0004883100717838787,0.0005462540227626842,1.827177943577661e-05,2.173127363965494e-05,1.848751122299754e-05
2392.0,0.2259462451511183,0.001188441393359168,0.0004874753834470758,0.0005465400501622089,1.826514375975226e-05,2.171690410139101e-05,1.847190202403965e-05
2393.0,0.2257282580439368,0.00120024921710182,0.0004879026632810005,0.0005468518571144314,1.826420173771284e-05,2.170897099728238e-05,1.845863056195265e-05
2394.0,0.2258452491180012,0.00118346271707592,0.0004870194329061418,0.0005471728547745033,1.826155278584608e-05,2.169251622375871e-05,1.844319590523945e-05
2395.0,0.2257091032131729,0.001186474875420579,0.0004865469331440117,0.0005475056775126009,1.826022975225104e-05,2.167805441262598e-05,1.843210960524967e-05
2396.0,0.2258422375435482,0.001193647058231671,0.0004861323728384354,0.0005478474847693515,1.825924354494981e-05,2.166300547690145e-05,1.842274380682693e-05
2397.0,0.2257116855801964,0.001192549863835552,0.00048557556911293,0.0005482081321797057,1.82577426466239e-05,2.165253601610024e-05,1.841126363045395e-05
2398.0,0.2257048706728658,0.001186646557670313,0.0004849748579294719,0.0005485871207758391,1.825176047192018e-05,2.163606920617154e-05,1.839783328739407e-05
2399.0,0.2257169375711871,0.00123368776612703,0.000485454655271079,0.0005489788876504323,1.825036943021725e-05,2.162166501787499e-05,1.83820010888663e-05
2400.0,0.2256122109267606,0.001212781628268729,0.0004846659291166292,0.0005493841698007725,1.824829107299211e-05,2.16100010739877e-05,1.836486991556795e-05
2401.0,0.2256112662543479,0.001242409207523747,0.0004844502321071029,0.0005497850768150819,1.825106118799796e-05,2.16006297035417e-05,1.834866091786597e-05
2402.0,0.2255343296140441,0.001227912085540584,0.0004835152332522926,0.0005501921200845547,1.825019671072409e-05,2.158851408069987e-05,1.834002188113875e-05
2403.0,0.2256103651520319,0.001211773215470021,0.0004826990256518229,0.0005505916574310291,1.824688544760799e-05,2.157545980966171e-05,1.832378803323482e-05
2404.0,0.2255701387000264,0.001219837587160062,0.0004822993880407701,0.0005510051116006659,1.824724922151741e-05,2.156426256316279e-05,1.831467890515878e-05
2405.0,0.2253930862591547,0.001222274985223323,0.000482113138177715,0.0005514194177474077,1.824492530993388e-05,2.154622760285648e-05,1.829919989274899e-05
2406.0,0.2253182907410159,0.001201176584045189,0.0004810115625164788,0.0005518274996066829,1.824323026480498e-05,2.153139343276985e-05,1.828344751001822e-05
2407.0,0.2251044584937099,0.00119153062091162,0.0004805192652848784,0.0005522506174068703,1.824042790784156e-05,2.151847109571006e-05,1.826857878599163e-05
2408.0,0.2252816356123981,0.001237813783617494,0.0004809661224687305,0.000552677068149486,1.823897394995964e-05,2.150600287077246e-05,1.825728205473006e-05
2409.0,0.2252689788191877,0.001232169014010613,0.000480546646992705,0.0005531070460511456,1.823654167397623e-05,2.14950521266916e-05,1.824628777352173e-05
2410.0,0.2255744841828428,0.001206894513496953,0.0004794638053884014,0.0005535297451427231,1.823022939810928e-05,2.148365025073806e-05,1.823303706848638e-05
2411.0,0.2255240548832523,0.001195958347679374,0.0004785639930264165,0.0005539564529859756,1.823236007840098e-05,2.147476388466066e-05,1.822386768215548e-05
2412.0,0.2257944231157139,0.001176712198074798,0.0004775384701839134,0.0005543673158066705,1.822783625859356e-05,2.145830103072213e-05,1.821401224592302e-05
2413.0,0.2256632943520005,0.001174598891692324,0.0004769958943687366,0.0005547650212336276,1.822605271353291e-05,2.144671219203058e-05,1.820406733963282e-05
2414.0,0.2256625863137923,0.001172537106082251,0.0004765153128970182,0.0005551623927040086,1.822043939824174e-05,2.143218147485799e-05,1.819245276230597e-05
2415.0,0.2256916868337607,0.001171832949349649,0.0004760916835821971,0.0005555580094199567,1.821409802154908e-05,2.142131292280556e-05,1.818072690166375e-05
2416.0,0.2256067710786816,0.001182331706530819,0.0004757457526629126,0.0005559579014302977,1.820663855436424e-05,2.140706338535543e-05,1.817068138182863e-05
2417.0,0.225688158906056,0.001176913536891593,0.0004751597459836347,0.0005563353462358273,1.819937769757161e-05,2.139399271434949e-05,1.81595889853121e-05
2418.0,0.225590836565973,0.001176325240628443,0.0004748383768091388,0.0005567128900722793,1.819170888883626e-05,2.137741637414904e-05,1.814968814657757e-05
2419.0,0.2256419737760431,0.001185737080101263,0.0004748371879497595,0.0005570707429111626,1.818283127202389e-05,2.136464149259271e-05,1.813768050181089e-05
2420.0,0.2255778524066346,0.001182568254265926,0.0004745248074080856,0.0005574162926414785,1.817584227887965e-05,2.134817335942761e-05,1.81257104424366e-05
2421.0,0.2255529295488289,0.0011747320983421,0.0004738457935685767,0.0005577451433603594,1.816670251618185e-05,2.13314997737757e-05,1.811153209954684e-05
2422.0,0.2253371850901026,0.001164879299093025,0.0004731720538482818,0.000558069196576053,1.815607435110426e-05,2.131549284100709e-05,1.809493594243301e-05
2423.0,0.2252586438310484,0.001155234650893662,0.000472640583708812,0.0005583718810000516,1.814337660240208e-05,2.129861571642013e-05,1.808071565441651e-05
2424.0,0.2251965454704582,0.001148329295442184,0.0004721585500126147,0.0005586755260597475,1.812969252082757e-05,2.128199777050547e-05,1.806699226265308e-05
2425.0,0.2251215672669686,0.001148018774079975,0.0004716745116810776,0.0005589693446165599,1.811515364540453e-05,2.126784971472648e-05,1.805596439989817e-05
2426.0,0.2248425625241902,0.001142047216028879,0.0004711477261816692,0.0005592761864812878,1.810220494847093e-05,2.1248647822549e-05,1.804740613460783e-05
2427.0,0.2249683238644621,0.001141666308682187,0.0004707707482304649,0.0005595599198713024,1.808752578143377e-05,2.123117634876498e-05,1.803723977692669e-05
2428.0,0.2247738863635505,0.001134579269480045,0.0004703721033101045,0.0005598536063772702,1.807220968748773e-05,2.121467395989424e-05,1.802616234678848e-05
2429.0,0.2246120959266734,0.0011959558514809,0.000471636542563771,0.0005601225801587272,1.80530948926078e-05,2.119824625620136e-05,1.801169673696938e-05
2430.0,0.2244079820548158,0.00117497189838752,0.0004705345374253373,0.0005603877405298155,1.803686315459651e-05,2.118107250948485e-05,1.799873579806494e-05
2431.0,0.2243088403841822,0.001159930642224601,0.0004696980763329678,0.0005606259758591717,1.801918840301568e-05,2.11643310683995e-05,1.798829181591078e-05
2432.0,0.2243877606356771,0.001138000850031278,0.0004688776745481491,0.0005608708375400551,1.800294250963992e-05,2.114870410772267e-05,1.797559246811897e-05
2433.0,0.2242422503472231,0.001136911757923731,0.0004683467032907638,0.0005610997625783207,1.79881382449663e-05,2.113291628133514e-05,1.796813538379595e-05
2434.0,0.2243693564642513,0.0011241733742225,0.0004674858545912872,0.0005613312129920258,1.797345753089923e-05,2.111854056087478e-05,1.795507950103836e-05
2435.0,0.2243145934798267,0.001123559958429139,0.0004668456495503743,0.0005615396946647951,1.795553809927491e-05,2.109961888298309e-05,1.794479185638556e-05
2436.0,0.2242400059854968,0.001110560576757198,0.0004661862447183413,0.0005617529816349401,1.794043570185568e-05,2.108588552355888e-05,1.793379400019305e-05
2437.0,0.2243105782182157,0.001167757822488845,0.0004669956306200663,0.0005619464965004942,1.79247741367285e-05,2.107282384295049e-05,1.792749333428173e-05
2438.0,0.2241421033461385,0.001142813778589891,0.0004659788127598427,0.0005621370476408507,1.790911844917489e-05,2.10562599672555e-05,1.791728351132146e-05
2439.0,0.2240211402505955,0.001119217684138288,0.0004645805336603673,0.000562302192482244,1.788760038937465e-05,2.103811672456249e-05,1.790703265909829e-05
2440.0,0.2240005666849682,0.001115527998695808,0.000463743629829488,0.0005624653550848276,1.787020518377842e-05,2.10210111730851e-05,1.789897037208306e-05
2441.0,0.223926353591872,0.001109458598033865,0.0004630259556702173,0.0005626237264511455,1.785507738141002e-05,2.100916772141553e-05,1.789878498977151e-05
2442.0,0.2237827851488644,0.001088496377758655,0.0004617511895797875,0.0005627815617784749,1.783600001898027e-05,2.098708935628184e-05,1.788874695862237e-05
2443.0,0.2236778989192616,0.001082579859245287,0.0004607326255631782,0.0005629092844520764,1.781793137867261e-05,2.096922668788408e-05,1.788114673942516e-05
2444.0,0.2235193625601258,0.001077824953472234,0.0004597619147441142,0.0005630344568353837,1.779983051878057e-05,2.095073285145032e-05,1.786970581347476e-05
2445.0,0.223283555443931,0.001087202633207303,0.0004590904138230548,0.0005631375699863902,1.778123187762045e-05,2.093384034761245e-05,1.786192056171987e-05
2446.0,0.2232670965334982,0.001073962177484725,0.0004580534050675679,0.000563238957762042,1.776255882040205e-05,2.091512319469018e-05,1.785272105996557e-05
2447.0,0.2229848966985855,0.001068489324754545,0.0004568263584650593,0.0005633214664868145,1.774195342622721e-05,2.08965700206668e-05,1.784720711162512e-05
2448.0,0.2228134709138042,0.001048873897696522,0.0004556470821322561,0.0005634002718256091,1.772197861197228e-05,2.087955739046694e-05,1.783883558275985e-05
2449.0,0.2225344690731424,0.001044440612147379,0.0004547536477446327,0.0005634710174021085,1.770332974803222e-05,2.08606415300706e-05,1.78338720657968e-05
2450.0,0.2226647101257795,0.001036020590386221,0.0004537468229379485,0.00056354304817119,1.768515981113341e-05,2.084449858238324e-05,1.782815730087291e-05
2451.0,0.222591066411121,0.001030128194694799,0.000452667203382915,0.0005635765013241318,1.766716547869017e-05,2.082702658830903e-05,1.782298874588332e-05
2452.0,0.2224832515169966,0.001025247414550065,0.0004516238332435506,0.0005636147266902786,1.764838827839068e-05,2.081324927144582e-05,1.781681613647197e-05
2453.0,0.222423458013371,0.001024937457316618,0.0004506904928927345,0.0005636174278567442,1.763301893991416e-05,2.079397919660799e-05,1.781499298966122e-05
2454.0,0.2223714740796455,0.001013575593857108,0.0004493696447373755,0.0005636193702925613,1.761698932581894e-05,2.077608365393298e-05,1.781146656817715e-05
2455.0,0.222253420340392,0.001007518739584001,0.0004482112242412464,0.0005636316180671056,1.760033252345135e-05,2.076002354579824e-05,1.781097061372207e-05
2456.0,0.2223810340946551,0.001000667088120986,0.0004470897142629737,0.0005636366573597286,1.758246047275882e-05,2.074396947969695e-05,1.780870635715543e-05
2457.0,0.2224812640040399,0.0010079707538845,0.0004463382808474168,0.0005636232666372605,1.756739485638818e-05,2.072817606837768e-05,1.780736275288539e-05
2458.0,0.2227222079579099,0.001001442294824316,0.0004454767730129826,0.0005636094393600272,1.755174964391268e-05,2.071536143869193e-05,1.780779592313423e-05
2459.0,0.2227993697918992,0.0009972818257644497,0.0004443643565420063,0.0005635702922877401,1.753578822253325e-05,2.069882549914489e-05,1.780850463291061e-05
2460.0,0.222707913694276,0.0009988703722346025,0.0004434943927510116,0.0005635269714599003,1.752204546100737e-05,2.068532873207456e-05,1.780734721509615e-05
2461.0,0.2227708735250128,0.0009942134684214642,0.0004424039935597148,0.0005634690304105697,1.751053546901401e-05,2.066858707309327e-05,1.780735854545416e-05
2462.0,0.2228226746680934,0.0009776930576903934,0.0004410781381302281,0.0005634094934427395,1.749573114373984e-05,2.065649214390793e-05,1.780590214909864e-05
2463.0,0.2228232178927049,0.0009724509545501833,0.0004399565218270744,0.0005633407189750892,1.748452535205965e-05,2.064188326447993e-05,1.780926037916693e-05
2464.0,0.2228043003867321,0.000972665372786324,0.0004391336413401944,0.0005632697676195214,1.747536166752252e-05,2.062893148407787e-05,1.781371234348446e-05
2465.0,0.2226886557555897,0.0009641383657466968,0.0004379507212301306,0.0005631942939164845,1.746625229291013e-05,2.061648949995372e-05,1.781376053932108e-05
2466.0,0.2227080077668669,0.0009564579432832344,0.0004369928538168369,0.000563122732934563,1.745682778460257e-05,2.060526191481303e-05,1.781524245441298e-05
2467.0,0.2227138117673785,0.0009467698915590088,0.0004358941596276866,0.0005630413671062105,1.744746137727866e-05,2.059397892796004e-05,1.781541858786075e-05
2468.0,0.2228380508749519,0.0009521389484402443,0.0004351097586339665,0.0005629550673198558,1.743818471576432e-05,2.058293666526912e-05,1.781781765054391e-05
2469.0,0.2228565339100113,0.0009504677444812363,0.0004342899504789515,0.0005628707528932427,1.743102319802837e-05,2.05713319180852e-05,1.78200895791985e-05
2470.0,0.2228630009443023,0.0009417878026259897,0.0004333448548125272,0.0005627901644994432,1.742157426027111e-05,2.056195089967165e-05,1.782006967100093e-05
2471.0,0.2230611873583976,0.0009393479997161965,0.0004325504219741833,0.0005627028156846355,1.741435770408096e-05,2.055227068669713e-05,1.781879855768086e-05
2472.0,0.2230297231396919,0.0009388925521703515,0.0004319205600582597,0.0005626211364823401,1.741210520104073e-05,2.054432207115323e-05,1.782016982191717e-05
2473.0,0.2233441770835367,0.0009387450196481554,0.00043144200371014,0.0005625354850735426,1.740676629032358e-05,2.053531938579108e-05,1.782551016643613e-05
2474.0,0.223486872143434,0.0009424090099502067,0.0004309411444344358,0.000562455968399487,1.740565435219503e-05,2.052885819744591e-05,1.783128471923797e-05
2475.0,0.2233975584539513,0.00094084609335315,0.0004303445672965688,0.0005623822218645295,1.740302032268413e-05,2.051756263665824e-05,1.783495392126455e-05
2476.0,0.2233397540510022,0.0009339274238244199,0.0004297904746358677,0.0005623181662115508,1.740037184681441e-05,2.050897740030342e-05,1.784004804786248e-05
2477.0,0.2232813999623633,0.0009380614363995256,0.0004294565414660962,0.0005622409813451373,1.739855540833105e-05,2.050015521665447e-05,1.784259805936159e-05
2478.0,0.2234457565448272,0.0009511029830178283,0.0004295739440001485,0.0005621718307124454,1.739382216572538e-05,2.049128847318848e-05,1.784481585894847e-05
2479.0,0.2234159383241029,0.0009473869716253642,0.000429257600838711,0.0005621113527534859,1.738940145763665e-05,2.048183417502928e-05,1.784500914901424e-05
2480.0,0.2234974963789017,0.0009475282007074159,0.0004290991353753938,0.0005620462766049407,1.738593961937813e-05,2.047406890969733e-05,1.784836402799973e-05
2481.0,0.2236350406969257,0.0009477511579852079,0.0004289674124319026,0.0005619813321528706,1.738504949178877e-05,2.046652004915821e-05,1.785177821304551e-05
2482.0,0.2237153969978068,0.0009576318760394728,0.0004289575295433688,0.0005619172185425581,1.738454132705847e-05,2.046074292151185e-05,1.785398441099774e-05
2483.0,0.2238058649363834,0.0009627347773102536,0.0004288987222546344,0.0005618436806062548,1.738855782682471e-05,2.045318962304013e-05,1.785704468129748e-05
2484.0,0.2237686971979549,0.0009700243621791081,0.0004289569050611957,0.0005617759154952201,1.738770712914764e-05,2.044385975376515e-05,1.78594694715728e-05
2485.0,0.2238043839753661,0.0009750512383524199,0.0004290905621609896,0.000561708258235117,1.738500134608988e-05,2.043653188980936e-05,1.786133064824927e-05
2486.0,0.223789298975267,0.00097642883892853,0.000429084712920504,0.0005616554679058397,1.738531410147565e-05,2.043008085948324e-05,1.786549897201851e-05
2487.0,0.2239734927031199,0.0009789122132731758,0.0004292410128978731,0.0005615927608089487,1.738578896044029e-05,2.042455252717695e-05,1.786980335169434e-05
2488.0,0.2240160954815014,0.000982990461837318,0.0004292918038401036,0.0005615307474442304,1.738789587533854e-05,2.041928411091471e-05,1.787065234182549e-05
2489.0,0.2240085572830802,0.000991405831211482,0.0004294677635808295,0.0005614750616987685,1.739041810429896e-05,2.041498209861731e-05,1.787698684138035e-05
2490.0,0.2244708943433256,0.000993026402291982,0.0004297055490813585,0.0005614196987166221,1.739441724437666e-05,2.041000403072812e-05,1.788162964514209e-05
2491.0,0.2244518830332952,0.0009904199258919378,0.0004298460166978668,0.0005613767096191645,1.739771394124384e-05,2.040557665763502e-05,1.788338153243067e-05
2492.0,0.2249671519905195,0.0009952627785117978,0.0004300446216893868,0.0005613338768149832,1.739712946549303e-05,2.039962212888879e-05,1.788364835287001e-05
2493.0,0.2251318654601852,0.001004106510724516,0.0004304335046364977,0.000561300335258194,1.740155136138062e-05,2.0398489107187e-05,1.788782578611506e-05
2494.0,0.2252771497936473,0.001006372013673322,0.0004306796868238982,0.000561287671700143,1.740117198831629e-05,2.039140661071998e-05,1.789079082458003e-05
2495.0,0.2252623972187864,0.0010419432624167,0.0004320322899176746,0.0005612719542726674,1.739939873344022e-05,2.038582770989108e-05,1.789265359050483e-05
2496.0,0.225292692612664,0.001027917556540911,0.000431759966946711,0.000561273481139991,1.739937420528638e-05,2.038129066597209e-05,1.789424722303735e-05
2497.0,0.2253636129500542,0.001031638141854044,0.0004318277456975959,0.0005612738302633501,1.739764298050401e-05,2.037561454801974e-05,1.789798909177084e-05
2498.0,0.225313464508349,0.001017750886571664,0.0004318125722885584,0.0005612814776692997,1.739266516942333e-05,2.036677330132722e-05,1.789950026655542e-05
2499.0,0.225445434925475,0.001021390980580547,0.0004322419312638415,0.000561304551201895,1.738982918717153e-05,2.03584243057092e-05,1.790080482426324e-05
2500.0,0.2255527165428741,0.001026063698248131,0.000432684168707262,0.0005613364118530165,1.738521318253779e-05,2.034860656166033e-05,1.790166408267487e-05
2501.0,0.2254664243337593,0.00101994254507954,0.0004324946977512333,0.0005613746846248914,1.738149523428266e-05,2.033844773229971e-05,1.790091208731506e-05
2502.0,0.225662219414335,0.001017968776396876,0.0004326743004229643,0.0005614134016429478,1.737976109661005e-05,2.03296120770687e-05,1.789911450594708e-05
2503.0,0.2256756662415724,0.001013436600834736,0.0004328357829767256,0.0005614622270391523,1.737571988464453e-05,2.031828407823167e-05,1.789878625893268e-05
2504.0,0.2256807839660816,0.001017530288606072,0.0004331592758922596,0.0005615115769526189,1.737253091016442e-05,2.031054186777642e-05,1.790127024442095e-05
2505.0,0.2256978987970086,0.001020320242513309,0.0004333397827481421,0.0005615476813040748,1.736915485542418e-05,2.029953511227786e-05,1.790295657338541e-05
2506.0,0.225695972095852,0.001013125635626025,0.0004334940796485014,0.0005615898683269644,1.736593151837924e-05,2.028739494771467e-05,1.790308115454236e-05
2507.0,0.2258073899349764,0.00101948739462661,0.0004338773220083344,0.0005616315964374658,1.73572740833251e-05,2.027565583041183e-05,1.79019752205293e-05
2508.0,0.2257168956759621,0.001030546620208597,0.000434646284206626,0.0005616787129340389,1.734988424708695e-05,2.026750640502022e-05,1.789590464339755e-05
2509.0,0.2255610207117456,0.00103136551271405,0.0004351264292962906,0.0005617207144379757,1.734804102366894e-05,2.025373249945069e-05,1.789938536679982e-05
2510.0,0.2254104550609283,0.001035982358429223,0.0004353640019858993,0.0005617666307778863,1.734038821985094e-05,2.024081127866864e-05,1.789640391022635e-05
2511.0,0.2255138159768152,0.001041251930714021,0.0004356177639633572,0.0005618032094414601,1.73345246567843e-05,2.023285129539162e-05,1.789234078513774e-05
2512.0,0.2256146636028252,0.001067069974029119,0.0004371185527452035,0.0005618473063699419,1.733015723917779e-05,2.02225460105144e-05,1.789271379216381e-05
2513.0,0.2254636924048813,0.001049207282673763,0.0004370684330340628,0.0005618926784697874,1.732135488987159e-05,2.021078997866593e-05,1.78879185046841e-05
2514.0,0.225472711546861,0.001039293596627587,0.0004367822985597351,0.0005619318618352177,1.731687025127966e-05,2.020045021656583e-05,1.789034946426681e-05
2515.0,0.2255250272330911,0.001057573949728175,0.0004375430788789353,0.0005619727413891956,1.731254465583967e-05,2.018866899827222e-05,1.788752066021625e-05
2516.0,0.2252451025545776,0.001049241976326073,0.0004375324165485673,0.0005620281305672328,1.730979035045596e-05,2.017670742499485e-05,1.788458722607589e-05
2517.0,0.2251331677412233,0.00105190184019344,0.000438149058202455,0.0005620900653600701,1.730210680618754e-05,2.016673256145954e-05,1.787756647764679e-05
2518.0,0.2250393512006868,0.001052033587850248,0.0004386586675831767,0.0005621491932826283,1.729837945533513e-05,2.015604742877213e-05,1.787241657034223e-05
2519.0,0.2248841278578667,0.001059095454874204,0.0004389644480764466,0.0005621953296538945,1.729323628942687e-05,2.014268864854858e-05,1.786590433943452e-05
2520.0,0.224542121385756,0.001045318175506968,0.0004393401229780864,0.000562251753055655,1.728798829404876e-05,2.012609578051183e-05,1.786133931297132e-05
2521.0,0.2244655307198308,0.001049845458525048,0.0004397640884106976,0.0005623072897379625,1.728188096766787e-05,2.011210350547712e-05,1.785384270021381e-05
2522.0,0.2243512550678265,0.001040143645354657,0.0004399265302758902,0.0005623535220670994,1.727592735211344e-05,2.010008028715537e-05,1.7847128826354e-05
2523.0,0.2243558717220045,0.001026886449275994,0.0004400265394035829,0.000562407198833131,1.727231078927037e-05,2.00887094602776e-05,1.784136881948862e-05
2524.0,0.2244219135747857,0.001048708122224458,0.0004408001555335654,0.0005624600330698679,1.727263000255427e-05,2.007589774070831e-05,1.783645774399206e-05
2525.0,0.2245001199644518,0.001041432005239666,0.0004410211555661786,0.0005625138480967638,1.726805386500581e-05,2.006227171971631e-05,1.782736115787699e-05
2526.0,0.2246274792853314,0.00103487132964882,0.000440943961413618,0.0005625564036197766,1.726610479217522e-05,2.005106930413578e-05,1.782001903572409e-05
2527.0,0.2244615139676594,0.00103137453826486,0.0004412021081714347,0.0005626016077084968,1.726316511926794e-05,2.004334007034668e-05,1.782023171891728e-05
2528.0,0.2245970065499852,0.001024989892534682,0.000441372175870883,0.00056264993138153,1.726075444050192e-05,2.00291878328581e-05,1.781445069351756e-05
2529.0,0.2244642692640529,0.001053791289330178,0.0004423980208830763,0.0005626860881090222,1.72603412481229e-05,2.00207299990276e-05,1.780910538867256e-05
2530.0,0.2240102265521599,0.001038722393573409,0.0004423566829407415,0.0005627438579851478,1.725695656410358e-05,2.000800964095281e-05,1.779911101509265e-05
2531.0,0.2239551028572407,0.001048582389236498,0.0004424826832833858,0.0005627847922649769,1.725623703560803e-05,1.9991627005374e-05,1.779004867899909e-05
2532.0,0.2239652548412717,0.001027593280229845,0.0004424295740303221,0.0005628439188080883,1.725515827510475e-05,1.997547451795284e-05,1.777892984382901e-05
2533.0,0.2238857430475809,0.001052268925515432,0.0004432613825212109,0.0005629108932837247,1.725316777209415e-05,1.9962594129543e-05,1.777206161608525e-05
2534.0,0.2238283266582514,0.00103993393666235,0.0004429285675631511,0.0005629693836313992,1.725304804614102e-05,1.994733755779116e-05,1.77629640828912e-05
2535.0,0.2234101977564376,0.001031494998710427,0.0004426922555499383,0.0005630200205737752,1.724855358281815e-05,1.993140328845022e-05,1.775816362891101e-05
2536.0,0.2229538008090005,0.001037023041527853,0.0004430211896628752,0.0005630735663115225,1.724400901268638e-05,1.991242297305516e-05,1.774900873250998e-05
2537.0,0.222798747941724,0.001024478820107618,0.000442779523274367,0.0005631349812310787,1.724107185136503e-05,1.989780672171207e-05,1.774118746710403e-05
2538.0,0.2226416666173412,0.001032626635881034,0.0004428417937406888,0.0005631996191396174,1.723885379205935e-05,1.988362033879914e-05,1.77338408154848e-05
2539.0,0.222798940733017,0.001025244743851772,0.0004427541712787392,0.0005632631225066257,1.723729391122813e-05,1.986618565828629e-05,1.772637760224767e-05
2540.0,0.2226217549632901,0.001025693558597963,0.0004426619194390659,0.0005633273628306745,1.72337377366024e-05,1.985237927602439e-05,1.771849158468805e-05
2541.0,0.2226060609853235,0.001015496782557194,0.000442304962767709,0.0005633786362972594,1.723282622782974e-05,1.983753158750088e-05,1.77092304377022e-05
2542.0,0.2226599834725152,0.001014395722245092,0.0004421439503358965,0.0005634229347299787,1.723079893708076e-05,1.982713614883447e-05,1.77029670814887e-05
2543.0,0.222609089488518,0.001014594678474348,0.0004420698085205946,0.0005634637131843237,1.723040048722953e-05,1.981841742551263e-05,1.770017620443415e-05
2544.0,0.2229275421960552,0.001033998825359839,0.0004424300217357204,0.0005634899751726298,1.723212887028308e-05,1.980226888786088e-05,1.769621595071979e-05
2545.0,0.2224650752995841,0.001016308274146234,0.0004419140533036779,0.0005635038766233124,1.722981713999266e-05,1.978662699307929e-05,1.768846221064903e-05
2546.0,0.2224302462826083,0.001013614648041749,0.000441709213774126,0.0005635051710809908,1.722750387867305e-05,1.977349208720417e-05,1.768438858317495e-05
2547.0,0.2224097978138233,0.001017791542786955,0.0004415282602134532,0.0005634909437396241,1.722408137114511e-05,1.975850959743285e-05,1.768071461993202e-05
2548.0,0.2225470283082719,0.001021823253768244,0.0004416274000123941,0.0005634587622398925,1.72221223729275e-05,1.974093563176776e-05,1.767439692102762e-05
2549.0,0.2222513711311121,0.001014823454054648,0.0004412093811880296,0.0005634134951255214,1.721831572764502e-05,1.972494369662588e-05,1.76664921666548e-05
2550.0,0.22245797522611,0.001024911913591114,0.0004410706795714352,0.0005633475704345697,1.721527577609653e-05,1.970888513058872e-05,1.76596375320903e-05
2551.0,0.2223653421686515,0.001020337410094281,0.0004407735716008031,0.0005632642675464236,1.721504327750539e-05,1.969756110901353e-05,1.766194990090673e-05
2552.0,0.2220404691102547,0.001013563647295265,0.0004402285357199442,0.0005631720407389305,1.721079106611245e-05,1.968138932272582e-05,1.765799844762003e-05
2553.0,0.222034742600737,0.001014524952369446,0.0004399925844339336,0.0005630669000403668,1.720980858956746e-05,1.967017089955102e-05,1.765339216512971e-05
2554.0,0.2220655683867391,0.001024268554447059,0.0004399065122595921,0.0005629553283643639,1.720751809671317e-05,1.965388282721723e-05,1.764704590912293e-05
2555.0,0.2218435123019823,0.001025714961171605,0.0004396099520729687,0.0005628205223756952,1.720696123810805e-05,1.964179747613395e-05,1.76437331753469e-05
2556.0,0.2216647621886045,0.00103030778417172,0.0004392973196552846,0.0005626788485410238,1.720427615667968e-05,1.963004287505517e-05,1.763825700573765e-05
2557.0,0.2216882440090355,0.0010297792710173,0.0004389365612340663,0.0005625154315747501,1.719747290118712e-05,1.961665973461899e-05,1.76293523595398e-05
2558.0,0.22158391076544,0.00101113634886457,0.0004381297998863359,0.0005623384761278146,1.718877955772216e-05,1.960464288868332e-05,1.762477909535269e-05
2559.0,0.2217137163433778,0.001012049007850316,0.000437788515979013,0.0005621504013032306,1.718364140393014e-05,1.959419784456064e-05,1.761935339622475e-05
2560.0,0.2216148490729136,0.001020390736134161,0.0004375370031871143,0.000561967315100496,1.717808717302782e-05,1.958471980868974e-05,1.761484905863207e-05
2561.0,0.2215455196327564,0.0010136019003103,0.0004369477054089291,0.0005617703959272781,1.717428863284877e-05,1.95734981764831e-05,1.760864938462806e-05
2562.0,0.2213415342154202,0.001013255190124421,0.0004364507902666764,0.0005615629677337653,1.716581177466971e-05,1.956050136683176e-05,1.75984277351113e-05
2563.0,0.2213468623514097,0.001013679363464404,0.0004360205587495566,0.0005613321181512325,1.716269158224581e-05,1.954959211409141e-05,1.758947397200004e-05
2564.0,0.2215409660858953,0.001020173265242712,0.00043578738934003,0.0005610797577438517,1.715747988820867e-05,1.954150257751159e-05,1.758103330994369e-05
2565.0,0.2214432587810085,0.001032887742393765,0.0004356334007941012,0.0005608351466226526,1.714771517154534e-05,1.953583188191547e-05,1.757671008080936e-05
2566.0,0.2215945337390491,0.001024771794774696,0.0004349429393716962,0.0005605755709898882,1.714228971726435e-05,1.95274110273155e-05,1.756940751601642e-05
2567.0,0.2214236671610231,0.001030543237541706,0.0004345050472577059,0.0005603030078158338,1.713562099416934e-05,1.951812469449034e-05,1.756299914030316e-05
2568.0,0.2213038902605407,0.00102528062554155,0.0004340225542186713,0.0005600232962428653,1.71309610437495e-05,1.950449515387798e-05,1.755124864431127e-05
2569.0,0.221209183399961,0.001027127893158008,0.000433457333983779,0.0005597369321082684,1.712623578213617e-05,1.949422405444853e-05,1.754301562107167e-05
2570.0,0.2212110355079748,0.001018889988650228,0.0004327862173830932,0.0005594404476037286,1.711922197736601e-05,1.948357866218792e-05,1.752875860358556e-05
2571.0,0.2210745683767954,0.001022002102978388,0.0004323008365839388,0.0005591406433466315,1.711072489575726e-05,1.947398412208399e-05,1.751959474458367e-05
2572.0,0.2210485093555821,0.001023186503685378,0.0004316397037690429,0.0005588318382032177,1.710443076400702e-05,1.94646235510437e-05,1.750810426950553e-05
2573.0,0.2210247943686153,0.001019109659085689,0.0004308855874038529,0.0005585140602004436,1.709997784485737e-05,1.94584238020363e-05,1.749458958160263e-05
2574.0,0.2210308784970236,0.001023689695709391,0.0004303010595493406,0.0005581950181536559,1.709643837416531e-05,1.945081840902422e-05,1.748590048859176e-05
2575.0,0.2210777780701125,0.001018762777596949,0.0004297210332558611,0.0005578722066419836,1.708929626577599e-05,1.944323148289586e-05,1.747780808468149e-05
2576.0,0.2211433565014059,0.00102184194257649,0.0004291595224624939,0.0005575386672383577,1.708429029687741e-05,1.943987260786167e-05,1.74684154039573e-05
2577.0,0.221105159202326,0.001030057952636674,0.0004287318058732913,0.0005571998160730325,1.708156214732041e-05,1.943368647290207e-05,1.745742973177287e-05
2578.0,0.2213502388952249,0.001031722955763162,0.0004280019464223673,0.0005568502268930145,1.707626414578682e-05,1.942644902630788e-05,1.74472997907722e-05
2579.0,0.2213908365862897,0.001049045744874299,0.000427496550395966,0.000556495224887757,1.707153927091047e-05,1.942120849234567e-05,1.743826578606264e-05
2580.0,0.2214350255549248,0.00104459628133677,0.0004267795140149554,0.0005561410364136396,1.706652770662225e-05,1.941483749649013e-05,1.742712097259614e-05
2581.0,0.2213221173888152,0.001048401388269293,0.0004263297949670098,0.0005557914261078321,1.706472820829189e-05,1.941035379309238e-05,1.741648264430321e-05
2582.0,0.2212304772862898,0.001038043244777694,0.000425342658694643,0.0005554442812500084,1.705888807749392e-05,1.940193823623746e-05,1.740545100560241e-05
2583.0,0.2213856844027439,0.001032917499952293,0.0004246065752432053,0.0005550952419426765,1.705534567039488e-05,1.9397492883279e-05,1.739219784703577e-05
2584.0,0.2214628047461492,0.001039833027507646,0.0004240424490116623,0.0005547352460508245,1.705212411539472e-05,1.939646356567662e-05,1.73854816210897e-05
2585.0,0.2213919179604205,0.001039899157654327,0.0004233166081330611,0.0005543647272665776,1.704739594406411e-05,1.938941241946133e-05,1.737719664181564e-05
2586.0,0.2213838127319945,0.001054999443216322,0.000422914329760634,0.0005540019384573619,1.704390098339816e-05,1.938643852008899e-05,1.736212080394984e-05
2587.0,0.2211601201446954,0.001050366835596516,0.0004221619275012502,0.0005536427490939879,1.703986716444169e-05,1.938327124422113e-05,1.735210523146248e-05
2588.0,0.2211267468171674,0.001069282742987731,0.0004218947531243989,0.0005532807798668698,1.703705343756825e-05,1.9374983429789e-05,1.733975364714158e-05
2589.0,0.2212577994902298,0.00105931620147297,0.0004211046497973671,0.0005528974925373769,1.703504111289669e-05,1.936642226596937e-05,1.732729104808622e-05
2590.0,0.2211605417292894,0.001042575098338862,0.000420042030588481,0.0005525102249356656,1.702968268779447e-05,1.935782520459432e-05,1.73151553225582e-05
2591.0,0.221147690746259,0.001030164866059715,0.0004192229579375298,0.0005521190906207665,1.70231504020828e-05,1.935142432598648e-05,1.730096954749446e-05
2592.0,0.220929955926837,0.001025409642449913,0.0004186448219394406,0.0005517430051761603,1.70165232713127e-05,1.934339027083e-05,1.728674930832216e-05
2593.0,0.2211538957177849,0.001027756034266511,0.000418206970358821,0.0005513625019878276,1.701252758552861e-05,1.933754427533772e-05,1.727152312305718e-05
2594.0,0.2209856476958532,0.001021311038077173,0.0004175124920943922,0.0005509851905195958,1.700572459995774e-05,1.932896799154708e-05,1.726157267950383e-05
2595.0,0.2209090502292703,0.001051145183407246,0.0004176983864249159,0.0005506112699461576,1.699908470259302e-05,1.931942564616193e-05,1.724704434260034e-05
2596.0,0.2210701779670049,0.001026666075244819,0.0004166376239684528,0.0005502299212415287,1.699246366702308e-05,1.930842718338296e-05,1.723431007782729e-05
2597.0,0.2210299929870671,0.001032855052359174,0.0004161563529866522,0.0005498507755638734,1.698804133460886e-05,1.929560748393002e-05,1.722106682140033e-05
2598.0,0.2211727002982559,0.001025656053350781,0.0004155145109468313,0.0005494835791274042,1.69829927971309e-05,1.928763350187718e-05,1.720629890539262e-05
2599.0,0.2212444303463256,0.001022947695119258,0.0004151390548724499,0.0005491253618516963,1.69783030179181e-05,1.927867853641688e-05,1.719211707465399e-05
2600.0,0.221276396765134,0.001021658930429305,0.0004149406058386276,0.0005487688609560384,1.697199992766415e-05,1.926654297953142e-05,1.718054993439494e-05
2601.0,0.2213087874988642,0.001026981694321852,0.0004145067612593623,0.0005484184197595333,1.696632734450413e-05,1.925653820938174e-05,1.716646154702682e-05
2602.0,0.2213549614982731,0.001028896768551032,0.0004140111796905043,0.0005480682973735289,1.695984416748647e-05,1.924560059337706e-05,1.715728715938729e-05
2603.0,0.2212366906062575,0.001017627001769257,0.000413201201898663,0.0005477208639133244,1.695360746542168e-05,1.923435928292898e-05,1.714061366468331e-05
2604.0,0.2212205699279553,0.001011388760452713,0.0004124893456814502,0.0005473733695335909,1.694507309444258e-05,1.92199637930643e-05,1.712760105669069e-05
2605.0,0.2211147206103532,0.001008741908632765,0.0004118406967859114,0.0005470335524622912,1.693768528278764e-05,1.920616555644597e-05,1.711366099484644e-05
2606.0,0.2212591321219567,0.001011380676512972,0.0004113278461563811,0.0005467007094035468,1.693128527792378e-05,1.919216445960868e-05,1.710298597540779e-05
2607.0,0.2212432770732005,0.001007913248046271,0.0004107309338870297,0.0005463814098376618,1.692579697359073e-05,1.917685688023459e-05,1.708992602498739e-05
2608.0,0.2214423528053264,0.00101867651671069,0.000410506427924253,0.0005460640457734631,1.692170530992032e-05,1.916712767248858e-05,1.707733911837356e-05
2609.0,0.2214895174087205,0.001028089096600511,0.0004103650332975023,0.0005457549538321402,1.691972727378753e-05,1.915355136488701e-05,1.70666730157508e-05
2610.0,0.2213835834875264,0.001026502093197881,0.0004095886464902415,0.0005454557755632736,1.691384323180497e-05,1.91350888453971e-05,1.705793483679392e-05
2611.0,0.2218062934305027,0.001012613939480778,0.0004088768319315506,0.000545155014186916,1.690750234744163e-05,1.91218788129796e-05,1.704633347062487e-05
2612.0,0.2213229201029385,0.001001907774419097,0.0004079773624683612,0.000544861539521523,1.689961367388112e-05,1.910540526049886e-05,1.703461837177351e-05
2613.0,0.2210326387593236,0.0009924825207456368,0.0004071827487284089,0.0005445740139854385,1.689211123010378e-05,1.908831433318169e-05,1.701923928185672e-05
2614.0,0.2211160611560276,0.001017640980610365,0.0004069809620865093,0.0005442932135554079,1.688524153569076e-05,1.907420254047487e-05,1.700737498520165e-05
2615.0,0.2210826485882552,0.001006809078577036,0.0004062982321504709,0.0005440046823187977,1.688080876860788e-05,1.905861703370158e-05,1.69933645579504e-05
2616.0,0.2209756715353575,0.0009971978563989249,0.0004057222178901377,0.000543727096471673,1.687646034644365e-05,1.904448310604411e-05,1.698129551189665e-05
2617.0,0.2208611123264116,0.001004731807459094,0.0004056025677991993,0.0005434617226482681,1.686894037277078e-05,1.902898298335279e-05,1.696836443887563e-05
2618.0,0.2210066568452863,0.001005807993850974,0.0004051342680802176,0.0005432063801323748,1.685889609680232e-05,1.901227138898768e-05,1.695636642927511e-05
2619.0,0.2211155667942754,0.0009992232494182942,0.0004043329787347555,0.0005429537076374971,1.685182840514742e-05,1.899649290257197e-05,1.694307941907382e-05
2620.0,0.2214880875568148,0.001049437365086172,0.0004046511637131838,0.0005427175142215829,1.68476457924919e-05,1.898380427889888e-05,1.693222245440417e-05
2621.0,0.2215005484775832,0.001010943359110185,0.0004035809483815606,0.0005424968587274753,1.68434301378594e-05,1.896939235789987e-05,1.691974149936226e-05
2622.0,0.2216603778944695,0.0009930959403586508,0.000402584166710023,0.0005422903006234625,1.683717618949541e-05,1.895793167284608e-05,1.690785446793839e-05
2623.0,0.2214562092411396,0.0009839963509235268,0.0004021689403652198,0.000542092338636787,1.683331475936652e-05,1.894604862696193e-05,1.689644200225696e-05
2624.0,0.2213807399985153,0.000987164527864605,0.0004016851591579623,0.0005419120879767092,1.682605891980952e-05,1.893129079153615e-05,1.687966693247211e-05
2625.0,0.2212020985011653,0.0009855131646911864,0.000401215597483102,0.0005417310705573367,1.681982792849112e-05,1.891775042730329e-05,1.686806712256988e-05
2626.0,0.2213212945319345,0.0009753407776847797,0.0004006369167097788,0.0005415603845681774,1.681653195681382e-05,1.890606386986641e-05,1.685628821815844e-05
2627.0,0.2217444301459461,0.0009690476591906449,0.0004001653509638431,0.0005413932290028612,1.681231894835401e-05,1.889577642479918e-05,1.68438809114493e-05
2628.0,0.2218495595472288,0.0009662053266395882,0.0003997819401300946,0.0005412488127564363,1.680817375324413e-05,1.888586087206766e-05,1.68312361665552e-05
2629.0,0.2219813570453404,0.0009741226511571143,0.0003996280388029322,0.000541107990958974,1.68086716836108e-05,1.887600493662485e-05,1.682175825822509e-05
2630.0,0.2221962160098164,0.0009723980603110523,0.0003994793705383657,0.0005409830777417356,1.680648104663962e-05,1.886367143829042e-05,1.681093971751724e-05
2631.0,0.2224493920546727,0.000978008784142823,0.0003993414463592143,0.0005408577379833227,1.680648070385659e-05,1.88513545808402e-05,1.679750390464394e-05
2632.0,0.2223895856169557,0.0009814367575220499,0.0003992824985635925,0.0005407588086198129,1.680337864754476e-05,1.884231773418008e-05,1.678618720716377e-05
2633.0,0.2224237902665886,0.0009855014647983972,0.0003994234429138914,0.0005406605275733136,1.679991570244127e-05,1.883097866293509e-05,1.677570787096376e-05
2634.0,0.2223124619291954,0.0009815625365947494,0.0003990637989605818,0.0005405835691987173,1.679482963875133e-05,1.881892381818613e-05,1.676333386941905e-05
2635.0,0.2222542033015374,0.0009860187620183314,0.0003987892247282381,0.0005405162671436969,1.679416435924727e-05,1.880718878478964e-05,1.67498199212746e-05
2636.0,0.2222307161517235,0.0009872226065630874,0.0003986619407250098,0.0005404683498003495,1.679435412526763e-05,1.879655718229886e-05,1.673627316989542e-05
2637.0,0.2222532017664878,0.0009941798155313406,0.0003985599362991047,0.0005404151675516639,1.67937938253363e-05,1.878560612227234e-05,1.672296715264046e-05
2638.0,0.2221886531813641,0.0009870862334459044,0.0003981960966501544,0.000540375992452804,1.679198845715502e-05,1.877350926637521e-05,1.671232722640636e-05
2639.0,0.2222195586414812,0.001108368197991162,0.0004005805475769137,0.0005403263006080164,1.679501496779335e-05,1.87699667828115e-05,1.670190343148883e-05
2640.0,0.2224674301599308,0.001149019409457281,0.0004014875160747674,0.0005402894993815247,1.679878337124013e-05,1.87631651483147e-05,1.66934694366029e-05
2641.0,0.2226470515687524,0.001076764907131863,0.0004004394713140695,0.0005402404983311399,1.679629014290183e-05,1.875560947930557e-05,1.668452231425121e-05
2642.0,0.2228244340157677,0.001038552451614963,0.0003996076569146503,0.0005402077031614,1.679386008386246e-05,1.874592866815921e-05,1.667851503251144e-05
2643.0,0.2227365455700327,0.001067626869733546,0.0004004950630820704,0.0005401662076507867,1.679593639163034e-05,1.873694029047874e-05,1.667177610670097e-05
2644.0,0.222857087780997,0.001058743167810301,0.0003999150325786633,0.0005401471707418334,1.679952331324341e-05,1.872598530297125e-05,1.666115732374915e-05
2645.0,0.222949060598734,0.001036441997529376,0.0003993512117858877,0.000540116401379533,1.679918466784446e-05,1.871634693972584e-05,1.665114178073493e-05
2646.0,0.2229308628462839,0.001018716063573506,0.0003988882761655528,0.0005401061849070061,1.679861463360499e-05,1.870838868124936e-05,1.663858502726522e-05
2647.0,0.2229387480553464,0.001023950505940393,0.0003992648789644251,0.0005400877347765249,1.679854024792219e-05,1.870006673848554e-05,1.662981681493213e-05
2648.0,0.2232628381971917,0.001064770902136352,0.0004002001256435472,0.0005400846151505245,1.680080808204241e-05,1.86964010560143e-05,1.661950759306121e-05
2649.0,0.2234938733968537,0.00104600005329929,0.0003999045028887256,0.00054008157069594,1.680070036949219e-05,1.868866414829938e-05,1.661157692276639e-05
2650.0,0.223451953062652,0.001035846432444436,0.0003994066377946781,0.0005400860007967554,1.680225112398776e-05,1.867951632436914e-05,1.659994090193114e-05
2651.0,0.2235008581085568,0.001084369446129807,0.0004002429331700653,0.0005400733222326185,1.680023170077574e-05,1.867515658900458e-05,1.659404833613498e-05
2652.0,0.2237424054702231,0.001051753674841319,0.0003993753428847538,0.0005400695794964222,1.679536268371927e-05,1.866797142094169e-05,1.658123161277646e-05
2653.0,0.2237435979638458,0.001054783570045845,0.0003989591711768451,0.0005400616262711519,1.679489480834035e-05,1.866202108813398e-05,1.657160946722116e-05
2654.0,0.2235999656917353,0.001037761686939618,0.0003983256774775427,0.0005400729267176986,1.679056439699324e-05,1.865177175148333e-05,1.656475038217897e-05
2655.0,0.2238271498485569,0.001015733963110996,0.0003974541618655494,0.0005400732248727207,1.678157566800861e-05,1.864484654575943e-05,1.655550606116185e-05
2656.0,0.2239316141248427,0.001025462302259498,0.0003971868685523894,0.0005401005122724035,1.678330818331633e-05,1.864139431515547e-05,1.654941418813701e-05
2657.0,0.2241036333051218,0.001023852840453928,0.0003963941097629676,0.0005401178569999154,1.678067431239285e-05,1.863064919790281e-05,1.653714412778093e-05
2658.0,0.2239257500033447,0.001005336550067277,0.0003953739471309794,0.000540145398370639,1.677388792917047e-05,1.862152080043241e-05,1.652593821930969e-05
2659.0,0.2239044645662482,0.001003699248996364,0.0003948065042087178,0.000540173172234704,1.676595200468473e-05,1.861466442826028e-05,1.651655820273841e-05
2660.0,0.2241516338525131,0.001001032446434374,0.0003941197098861368,0.0005402112428606709,1.675960258997634e-05,1.860654031431963e-05,1.650973261674408e-05
2661.0,0.2241880487345707,0.001004542615023819,0.000393736854563672,0.00054024389122873,1.67532398127691e-05,1.859762551492732e-05,1.650530119140554e-05
2662.0,0.2239110793508491,0.001000814865778445,0.0003928800126212649,0.0005402935878794246,1.67434021027609e-05,1.858702769953954e-05,1.649349776607957e-05
2663.0,0.2237319600663384,0.001002374097339729,0.0003920945705516077,0.0005403509421679722,1.674202952473088e-05,1.857987620821713e-05,1.648388926121288e-05
2664.0,0.2237848229594708,0.001000556074592239,0.0003915982746750063,0.0005404227706471714,1.673514969660837e-05,1.856996795952798e-05,1.6475060351283e-05
2665.0,0.2235541936606415,0.0009921984752431653,0.0003906907576573723,0.0005404915725002531,1.672225180907614e-05,1.856060374941275e-05,1.64678811258921e-05
2666.0,0.223645343160496,0.0009988642633351865,0.0003902743945387435,0.0005405755928167836,1.670998259779152e-05,1.855318131332048e-05,1.646254478715675e-05
2667.0,0.2232811550885833,0.000994640536978396,0.0003896053478346167,0.0005406504289696998,1.669558189673107e-05,1.854467777064004e-05,1.645181813503592e-05
2668.0,0.2233789691807839,0.0009953894550257946,0.0003888549280825629,0.0005407420508086036,1.668363392655361e-05,1.853363943884138e-05,1.644093797892152e-05
2669.0,0.2233043510593774,0.0009906518245944276,0.0003881711456432891,0.0005408397136196478,1.667650801373958e-05,1.852207480996072e-05,1.642938528558952e-05
2670.0,0.223183181148587,0.001019889241494144,0.0003880642126660776,0.0005409656328534653,1.667033765233646e-05,1.8510256434743e-05,1.641994786791881e-05
2671.0,0.2233462837906345,0.001066668336891611,0.0003879885710998299,0.0005410745035195645,1.665334895101005e-05,1.850297064802738e-05,1.641207445038338e-05
2672.0,0.2228953920704143,0.001033982592197403,0.0003872753392923475,0.0005412048573332245,1.664409407512933e-05,1.849730157746972e-05,1.640600069885568e-05
2673.0,0.2229757422993303,0.001019024621482229,0.0003866675221726439,0.0005413354405786854,1.662605143491945e-05,1.848893924303929e-05,1.640197101051509e-05
2674.0,0.2226338494493723,0.0009943201297557837,0.0003855782543862126,0.0005414776671023876,1.661080621473885e-05,1.847973862725625e-05,1.639346598471149e-05
2675.0,0.222249749622644,0.000985452290016955,0.0003848222717968829,0.000541635007243141,1.659620318023264e-05,1.846865698424439e-05,1.638299827630644e-05
2676.0,0.2221277302686529,0.000970668166902748,0.0003840063551242537,0.0005418126969164242,1.657513037720095e-05,1.845549236083214e-05,1.637073330161581e-05
2677.0,0.221937159266005,0.0009603708384901419,0.0003833732908984312,0.0005419933557237142,1.655729024260558e-05,1.845116241840729e-05,1.635976992877742e-05
2678.0,0.2219766241079716,0.0009649640184802682,0.0003829798581721481,0.0005421880070509575,1.654327751718006e-05,1.844350826959944e-05,1.635379962581575e-05
2679.0,0.2217663794812155,0.0009635081840705793,0.0003825034498290908,0.0005423861265055574,1.653045451966901e-05,1.843568618687446e-05,1.634538472295369e-05
2680.0,0.2215272572499426,0.000949841187772809,0.0003817916005657331,0.000542601124053293,1.651289412573498e-05,1.842419437786438e-05,1.633696998554165e-05
2681.0,0.2212428405359893,0.0009576197154868948,0.0003815092963147927,0.0005428213533091853,1.649476053171472e-05,1.841394588672287e-05,1.633142301259702e-05
2682.0,0.2210266568780321,0.0009495944651524138,0.0003809430656846206,0.0005430518653332818,1.647619732120328e-05,1.840649699399343e-05,1.632419959140042e-05
2683.0,0.2211635693837559,0.0009775051119019097,0.0003815374393923801,0.0005432946321581522,1.646303931722946e-05,1.840064663660301e-05,1.63166616463012e-05
2684.0,0.2209897899156367,0.000980336146616639,0.0003810132080059076,0.000543544685531625,1.644950407578318e-05,1.839118967022123e-05,1.631332280126201e-05
2685.0,0.2209939165490838,0.0009712413163422207,0.0003802203772804366,0.000543801717295276,1.643640673450276e-05,1.838539312005855e-05,1.630499480943588e-05
2686.0,0.2206621474654634,0.0009602610839056217,0.0003794529060130796,0.0005440636622795322,1.642130203753745e-05,1.837769839942741e-05,1.629774594965447e-05
2687.0,0.2204741244925915,0.001023350983693918,0.000380769550047829,0.000544332150844284,1.641346014463161e-05,1.837392920041178e-05,1.629415065148875e-05
2688.0,0.2201307336407126,0.001014382514976438,0.0003799843558130912,0.0005446053259389166,1.639528232124858e-05,1.836436318140374e-05,1.628466667818847e-05
2689.0,0.2200172758247525,0.001024524726140176,0.0003790535339542714,0.0005448856648388778,1.637883641609881e-05,1.835840253861279e-05,1.627704766740015e-05
2690.0,0.2196809272264712,0.0009992812433505087,0.0003781485836083923,0.0005451652824894626,1.636262631537987e-05,1.835048739070251e-05,1.627003744803654e-05
2691.0,0.2194791648928749,0.0009722966462660347,0.0003769135177951098,0.0005454538512296405,1.635310740768194e-05,1.834378658429937e-05,1.626858780727135e-05
2692.0,0.2195420095618046,0.0009581738942285283,0.0003760658454950532,0.0005457449003351589,1.633878053501766e-05,1.833728945517398e-05,1.626414168029613e-05
2693.0,0.2195139432331369,0.0009566096524008324,0.0003756225266413568,0.0005460409625131017,1.632961785718785e-05,1.833445258040979e-05,1.626517831116848e-05
2694.0,0.2194760448009307,0.0009616576257866849,0.0003751851437060344,0.0005463372110848442,1.631981929523951e-05,1.832777991457511e-05,1.626451291353294e-05
2695.0,0.2192248510873392,0.000972662673044111,0.0003749556372765327,0.0005466402730025918,1.631137827419156e-05,1.832099563310822e-05,1.625933723911998e-05
2696.0,0.2189140736591746,0.0009786560538849515,0.0003741415191146304,0.0005469504111310398,1.629682339897769e-05,1.831288096847992e-05,1.625777392213612e-05
2697.0,0.2186406447859291,0.000990103485250381,0.0003740985096309414,0.0005472630167754222,1.628606838776971e-05,1.830876796880249e-05,1.625564317947376e-05
2698.0,0.2186517654626184,0.001024933158170818,0.0003740193152942545,0.0005475774315162215,1.627066239260148e-05,1.83058215845163e-05,1.62519949309245e-05
2699.0,0.2181144793274825,0.000991686029757655,0.0003727100398918829,0.0005478949334634685,1.62574738439918e-05,1.829784410437423e-05,1.625169304979013e-05
2700.0,0.2180872189287364,0.0009820472166499944,0.0003720395602177694,0.0005482003900778736,1.624448226259623e-05,1.829121586101387e-05,1.6249158422837e-05
2701.0,0.2178054889336998,0.0009779157721683087,0.0003714032300549841,0.0005484933899294019,1.623057982203171e-05,1.828368016299086e-05,1.624628932269267e-05
2702.0,0.217567526116783,0.0009533516516174148,0.0003705450246548762,0.00054878556238296,1.622078375194659e-05,1.827375399939977e-05,1.62449599992396e-05
2703.0,0.2174607327650673,0.0009473048515153975,0.0003697658610752346,0.0005490749777555047,1.621231766758045e-05,1.82703558273157e-05,1.624194226724333e-05
2704.0,0.2174451757508628,0.0009440978215215555,0.0003693040803213744,0.0005493546159893923,1.62019934354842e-05,1.826871524254164e-05,1.624359018039137e-05
2705.0,0.2174622278425278,0.0009464916281107589,0.0003686727814269068,0.0005496308262643723,1.619624378324598e-05,1.82626157243216e-05,1.62439036490347e-05
2706.0,0.2172367543750384,0.0009337220264142165,0.0003679510942895971,0.00054990629377928,1.618918627913404e-05,1.825825040428962e-05,1.62430243705528e-05
2707.0,0.2171954089187005,0.0009242951484868578,0.0003673240916185079,0.0005501724281456084,1.617789235000581e-05,1.82524800909837e-05,1.624169687583554e-05
2708.0,0.2170522628330148,0.0009158835496355757,0.0003666033935506571,0.0005504290054443318,1.616716557904818e-05,1.824823005856031e-05,1.62409549178428e-05
2709.0,0.2169392725875146,0.0009363472811057004,0.0003666281175629042,0.0005506882939948828,1.615971955134904e-05,1.824478671162271e-05,1.624619678165302e-05
2710.0,0.2170303801801681,0.0009344110726675537,0.0003660289496016933,0.0005509236722977373,1.614774770134688e-05,1.824319532780827e-05,1.625025104123632e-05
2711.0,0.2166503877712785,0.0009246385608664704,0.000365120283281745,0.000551134527740365,1.613807123604206e-05,1.823649318308387e-05,1.624947649436374e-05
2712.0,0.2167723695879474,0.0009182637401582741,0.0003644694489700601,0.0005513317054615672,1.612761452843026e-05,1.823608694405809e-05,1.625265133953757e-05
2713.0,0.2165773495000065,0.0009134626109833011,0.0003638958503027693,0.0005515236603824666,1.612347017734982e-05,1.823577068974561e-05,1.625702476716139e-05
2714.0,0.2166151122671978,0.0009054990958689857,0.0003631983734472915,0.0005517056912766831,1.611381484691173e-05,1.822998152605954e-05,1.625845733665611e-05
2715.0,0.2164432535458856,0.0009111894059820689,0.0003626575607676982,0.0005518828002977284,1.610753509815576e-05,1.822431768624553e-05,1.62627950557646e-05
2716.0,0.2162830083110639,0.000921264732487214,0.0003622708138381825,0.0005520525076035477,1.609798920273508e-05,1.822330856312525e-05,1.626521053416776e-05
2717.0,0.2159578398440701,0.0009030190867501438,0.0003613869759252575,0.000552210817373693,1.608956417527396e-05,1.821858147246215e-05,1.626198326312239e-05
2718.0,0.215623604118873,0.0009104132663335107,0.0003610146601435366,0.0005523677237782602,1.608085987940409e-05,1.821722682604304e-05,1.626253733092688e-05
2719.0,0.2156107868889515,0.0008994620968979153,0.0003600742350275359,0.0005525060599968502,1.607168200048902e-05,1.82143322796882e-05,1.626446644104418e-05
2720.0,0.2155147814241491,0.000898072528009203,0.0003593111688145049,0.0005526468849311458,1.60638716010475e-05,1.821108151135936e-05,1.626730878829336e-05
2721.0,0.2155641520044047,0.0009198014093828633,0.0003590050229417237,0.0005527754320836849,1.605719426867545e-05,1.82089982254424e-05,1.627171631678131e-05
2722.0,0.2153528210216197,0.0008973861369606142,0.0003580149412227792,0.0005528962589502629,1.605043590995968e-05,1.820601263596666e-05,1.627409526460142e-05
2723.0,0.215419013623841,0.0009138830590855725,0.0003578700538300156,0.0005529874400168013,1.604703093143837e-05,1.820507750620439e-05,1.62786724858109e-05
2724.0,0.2153909110183464,0.0008996973575867142,0.0003568050043481365,0.0005530670433353456,1.604316624725297e-05,1.820554680445322e-05,1.628023944994024e-05
2725.0,0.2155051438785629,0.0009048709687688785,0.0003562569787786831,0.0005531309232731077,1.604171105862861e-05,1.820795092719003e-05,1.628930735630354e-05
2726.0,0.2156977545375285,0.0009014575986018807,0.0003556308985900774,0.0005531897186852205,1.603662311799557e-05,1.820659062030528e-05,1.629444811253091e-05
2727.0,0.2156642540433901,0.0008935952972150859,0.0003549607377715026,0.0005532321360152837,1.603647511409724e-05,1.820917707111129e-05,1.630037515410753e-05
2728.0,0.2155225719273102,0.0008822616737463368,0.0003543432831465669,0.0005532737103641872,1.603224031148985e-05,1.820842574784189e-05,1.630529077742691e-05
2729.0,0.2155623646690022,0.0008971345274950011,0.0003539942019937306,0.0005533154777248311,1.603135245499147e-05,1.821069094275134e-05,1.63125443454178e-05
2730.0,0.2153252065073193,0.0009055525788475995,0.0003536366784522197,0.0005533485130147816,1.602725380341203e-05,1.821100339444041e-05,1.631447740666331e-05
2731.0,0.2156552513198879,0.0008979898433080373,0.000353024194660426,0.0005533516861041291,1.602730961942522e-05,1.821286449186402e-05,1.631951223357801e-05
2732.0,0.2156646596536382,0.0009172797492844278,0.0003533450793609598,0.0005533702887121138,1.602938640259062e-05,1.822144957562401e-05,1.632732358846402e-05
2733.0,0.2159031247099424,0.000909083453371881,0.0003526347949782125,0.0005533808850585255,1.602883774497794e-05,1.822209371163171e-05,1.633450390799731e-05
2734.0,0.2157895623532491,0.0008954447542268677,0.0003521465088987,0.0005533879264064674,1.602666061505381e-05,1.822397134270367e-05,1.63398310565385e-05
2735.0,0.2160488274215373,0.0009367963830541275,0.0003525690326606074,0.0005533847978104763,1.603174491547435e-05,1.822946272798198e-05,1.634615687979513e-05
2736.0,0.2161026059863703,0.0009311984150936502,0.0003523818649978099,0.0005533940851816346,1.603764119048914e-05,1.823197193064524e-05,1.635384498562043e-05
2737.0,0.216217846994934,0.0009523641826587873,0.0003522972196107877,0.0005534012116692697,1.603840165438139e-05,1.823548571603531e-05,1.635593302114345e-05
2738.0,0.2159696802950443,0.000931708642290979,0.0003517703030582869,0.00055342992711748,1.603880367345983e-05,1.824324445504434e-05,1.63638094138811e-05
2739.0,0.2159145203910983,0.0009320643770858187,0.0003519949375548522,0.0005534480767944294,1.604088755211552e-05,1.824185999295242e-05,1.636646080645714e-05
2740.0,0.2156361641724094,0.0009211842016434714,0.0003513912093924813,0.0005534712929368671,1.60417630626302e-05,1.824192391802659e-05,1.636863266606529e-05
2741.0,0.2157038671233025,0.0008983354595498344,0.000351049530690816,0.0005534850898062245,1.604454291569608e-05,1.824359590308047e-05,1.637195909537466e-05
2742.0,0.2157858227025273,0.0009289487162217284,0.0003515378190082978,0.0005535022717205756,1.604857263333845e-05,1.824766834368608e-05,1.637690600289976e-05
2743.0,0.2159894750504281,0.0009649319317140183,0.0003519616486019617,0.0005535223775293081,1.605597976659067e-05,1.825490905429243e-05,1.638582704544571e-05
2744.0,0.21606960125324,0.0009273854998751935,0.0003511263651041108,0.0005535527894646153,1.6060494419645e-05,1.825684751287037e-05,1.638915662524314e-05
2745.0,0.2160288798407213,0.0008989401082402359,0.0003508082905153694,0.0005535801791485667,1.606193777415048e-05,1.82578990592695e-05,1.638854556898438e-05
2746.0,0.2162036345623422,0.0008950298326526994,0.0003509887087658241,0.0005536413896545005,1.606613256034663e-05,1.826015522408717e-05,1.639351165215019e-05
2747.0,0.2164231351845607,0.000895801775200651,0.0003509785691857381,0.0005536929995209823,1.607181614418577e-05,1.826348743408122e-05,1.639775073686768e-05
2748.0,0.2166016503802937,0.0008956205961815006,0.0003509182025932974,0.000553746937629237,1.607459856058515e-05,1.826831840089229e-05,1.639775383643787e-05
2749.0,0.2165540945038299,0.0009051874974758101,0.0003510894685532121,0.0005538298047022919,1.608433631576428e-05,1.827668730986084e-05,1.640746085083334e-05
2750.0,0.2168638953910104,0.0009002923370541548,0.0003509826199599653,0.0005539075863159439,1.608779433839018e-05,1.827717677566228e-05,1.641152815850947e-05
2751.0,0.2167137823370544,0.0009031956771180835,0.0003510543460259237,0.0005539807415447116,1.609260420169584e-05,1.827912158934026e-05,1.64157195124257e-05
2752.0,0.2167801800298963,0.0009118937189348291,0.0003511279416921903,0.000554067096248692,1.609939816800319e-05,1.828174737746231e-05,1.641791623692816e-05
2753.0,0.2168471189766059,0.0009009690778164347,0.0003510270240006629,0.0005541576411610124,1.610682396782689e-05,1.828532308398002e-05,1.642054533174652e-05
2754.0,0.2171726267130651,0.0009160260128754617,0.0003511843188540333,0.0005542524243797715,1.611513059678048e-05,1.828908772636156e-05,1.642319492666397e-05
2755.0,0.2170728173653254,0.0009125974107028075,0.0003511755401975982,0.0005543473030347289,1.61218797951982e-05,1.829227273309303e-05,1.642713223839973e-05
2756.0,0.2172850114636442,0.0009299624477852324,0.0003514396808319949,0.0005544675189836009,1.612952571655083e-05,1.82973234699341e-05,1.643303838450119e-05
2757.0,0.2172138229081682,0.00092179881886931,0.0003514064902185561,0.0005545927225120136,1.613359361445833e-05,1.829814277819102e-05,1.643636982380685e-05
2758.0,0.2173095414650897,0.0009125669056717607,0.0003512771040364084,0.000554724165247635,1.614035350931256e-05,1.829654202993e-05,1.643394139323492e-05
2759.0,0.2173446040459726,0.0009075750117702639,0.0003512653650992304,0.0005548632112512839,1.615010996555997e-05,1.830122279947105e-05,1.643220208956843e-05
2760.0,0.2176630427758971,0.0009130853963679899,0.0003515892023427303,0.0005550106637195026,1.616363500498029e-05,1.830342191231498e-05,1.643440031897108e-05
2761.0,0.2178767727795775,0.0009401346472187326,0.0003519806423447011,0.0005551482393728378,1.617418936636756e-05,1.830659493679924e-05,1.643494159746122e-05
2762.0,0.2178854313597774,0.0009365987013507653,0.0003518387323176322,0.0005553012689428195,1.618551169147844e-05,1.831180595148603e-05,1.643596805078682e-05
2763.0,0.2179589943590891,0.0009261626985301834,0.0003516976474244813,0.0005554656571455094,1.619626384902559e-05,1.83177062476352e-05,1.643989332371017e-05
2764.0,0.218155678109126,0.0009265779593906518,0.0003519103619800974,0.0005556329666018245,1.6206525165639e-05,1.831941639971661e-05,1.643606510508472e-05
2765.0,0.218605776232473,0.0009222373392590276,0.0003518258050982183,0.0005558091653400763,1.621643978379054e-05,1.832250748139403e-05,1.643370915937096e-05
2766.0,0.2184383078408071,0.0009341218222493991,0.0003522413609081862,0.000555993357543323,1.6226767828004e-05,1.832325647915254e-05,1.643590699489638e-05
2767.0,0.2187530545216516,0.0009390790892128815,0.0003521838030508264,0.0005561835932927674,1.623823578421612e-05,1.832607510373242e-05,1.643609018610898e-05
2768.0,0.2186800749712449,0.0009299621986951654,0.000352188535962872,0.0005563903133787985,1.624939908047023e-05,1.832855489061397e-05,1.643648917575994e-05
2769.0,0.2188111457764636,0.0009466038229780024,0.0003529274580632945,0.0005566203961591598,1.62624049068218e-05,1.833071110049453e-05,1.643530929132693e-05
2770.0,0.2189397116371899,0.0009801881023499908,0.0003537133550917799,0.0005568544252326133,1.62801503552344e-05,1.833246121213866e-05,1.643517140040076e-05
2771.0,0.2188686103304238,0.0009651467909013646,0.0003535954034655587,0.000557110022900514,1.629325552421629e-05,1.833520791434037e-05,1.643609235712029e-05
2772.0,0.219057234755073,0.0009611418950682826,0.0003533048892174284,0.0005573573977557322,1.630418357403707e-05,1.833619576109583e-05,1.643262212065806e-05
2773.0,0.2189852908135616,0.0009420372217588827,0.0003528383116889077,0.0005576149530824996,1.631400326081408e-05,1.833722340301242e-05,1.642804625811864e-05
2774.0,0.2191798737284227,0.0009363990409077845,0.0003528404915179846,0.0005578651615002478,1.633010668922663e-05,1.834166792603291e-05,1.642626938960199e-05
2775.0,0.2191949464685834,0.0009342012714351313,0.0003529327088660508,0.0005581351752062758,1.634495165574111e-05,1.83458480202576e-05,1.642592821018418e-05
2776.0,0.2193511358116154,0.0009589432928892366,0.0003534547317827386,0.0005584024658460088,1.636231917304815e-05,1.834579872501786e-05,1.642179522293736e-05
2777.0,0.21939400533493,0.0009511153501570181,0.0003531839350350965,0.0005586676596968867,1.63749928161001e-05,1.834606007435904e-05,1.641723178821624e-05
2778.0,0.2193147038073723,0.0009414592411487748,0.0003532271205635717,0.0005589355817642481,1.638698597269668e-05,1.834917039226393e-05,1.641718978082438e-05
2779.0,0.2193434646561397,0.0009473796492175708,0.0003532636747296084,0.0005592257693617759,1.640289853155903e-05,1.835436912145104e-05,1.641853642638131e-05
2780.0,0.2195686844379852,0.0009481821009855563,0.0003532872670389655,0.0005595312620010683,1.641866661034666e-05,1.835774991777087e-05,1.641774512792664e-05
2781.0,0.2197462449547552,0.0009487472347700937,0.0003532522088400396,0.0005598544564322197,1.643408091069656e-05,1.836131050156988e-05,1.64126270545082e-05
2782.0,0.2196267864477201,0.000946416194595685,0.0003532112079308559,0.000560182143160848,1.645104529414674e-05,1.836253899027545e-05,1.640662263512977e-05
2783.0,0.2196557094292023,0.0009345823989031972,0.0003529823653425903,0.0005605360415930713,1.646741306329869e-05,1.836226891799128e-05,1.639852494810697e-05
2784.0,0.2197811847753718,0.0009545910120143097,0.0003532832272568843,0.000560895280548189,1.648402221577564e-05,1.836467027703588e-05,1.639517788963366e-05
2785.0,0.2197108344300157,0.0009491274736284464,0.0003532537329165839,0.0005612853131323198,1.650145417891826e-05,1.836613556184147e-05,1.639502325593588e-05
2786.0,0.2197165605955567,0.0009392226480820776,0.0003530918617806488,0.0005616848166647067,1.651791347876729e-05,1.836743442603267e-05,1.639170110365005e-05
2787.0,0.2198566503494267,0.0009329254739834105,0.000353030252908849,0.0005621197718037967,1.653352833715284e-05,1.837409314778706e-05,1.639426735420801e-05
2788.0,0.2199421571374019,0.0009461697052974638,0.00035348534457173,0.0005625611427550685,1.655159864724535e-05,1.837914214720237e-05,1.639392538532423e-05
2789.0,0.2199399726086008,0.0009385308674968912,0.0003532668449809927,0.0005630137495893426,1.656792455519071e-05,1.838048567088997e-05,1.638928735479566e-05
2790.0,0.2196731550395402,0.0009346129421372207,0.0003531274234689934,0.0005634662789947667,1.658594938479729e-05,1.838316678375184e-05,1.638676336154882e-05
2791.0,0.2197430198151197,0.0009322507294429724,0.0003530035682120772,0.0005639401989347774,1.660145203116012e-05,1.838757617715948e-05,1.638389864126458e-05
2792.0,0.2199328568595043,0.0009307956231698787,0.0003529845427190793,0.0005644179900958475,1.662353780406124e-05,1.839231533659735e-05,1.638719319731724e-05
2793.0,0.2198921687526376,0.0009344973289979389,0.0003529230178551127,0.0005649107397160223,1.663791083822574e-05,1.839636426688173e-05,1.638459077317217e-05
2794.0,0.219939173186455,0.0009341714901327301,0.0003527860449087218,0.0005654202275013373,1.665530234927048e-05,1.839936393807119e-05,1.638326131280953e-05
2795.0,0.2202497140832439,0.000981119600621783,0.0003540497368398259,0.000565952676815654,1.667157212915579e-05,1.84077198517026e-05,1.638311707045074e-05
2796.0,0.2202332809434909,0.0009718859440965682,0.0003541472729356618,0.0005664900166006484,1.668985326397542e-05,1.841361375203736e-05,1.638184259522799e-05
2797.0,0.2201925739355312,0.0009594228043250202,0.0003535589128228873,0.0005670451254032888,1.67064653217084e-05,1.841675357220424e-05,1.637981668987703e-05
2798.0,0.2205174140907025,0.0009592255806498438,0.0003534517001197217,0.0005675986051911881,1.672371484135468e-05,1.842246847766073e-05,1.637826640374416e-05
2799.0,0.2204139043433549,0.0009578283198715935,0.0003534575104142542,0.0005681718689474761,1.673798335813495e-05,1.842729343957997e-05,1.637844635357551e-05
2800.0,0.2202691580251149,0.0009548230763558932,0.0003531135363728827,0.0005687510608625534,1.675305266970411e-05,1.843289414629945e-05,1.637722302815383e-05
2801.0,0.2202688264957896,0.0009556810476961565,0.0003528490770856388,0.0005693406660401566,1.676479992075731e-05,1.84385789204706e-05,1.637470161101771e-05
2802.0,0.2202498761618868,0.0009371784677559889,0.0003522930443482994,0.0005699334818719121,1.677550756607529e-05,1.844140197117592e-05,1.637215288605287e-05
2803.0,0.2201566666793937,0.000950924101619053,0.0003522860554838175,0.0005705304654145539,1.678904393582808e-05,1.844572442693973e-05,1.637263045965538e-05
2804.0,0.2202804949832657,0.0009500279735693212,0.0003522424706358873,0.0005711326995869453,1.679988503786629e-05,1.845043634508242e-05,1.637008384378726e-05
2805.0,0.2203732066742884,0.0009521247782627879,0.0003518604288814208,0.0005717630002293236,1.681490339990824e-05,1.845598684213579e-05,1.636783637502963e-05
2806.0,0.2206507710563731,0.0009490528553219237,0.0003515073622869005,0.0005723947421933257,1.682852219057193e-05,1.846341534289694e-05,1.636382879971092e-05
2807.0,0.220763434613672,0.0009402488196074487,0.0003511880365608765,0.0005730362720836155,1.684180299454575e-05,1.847145149687564e-05,1.636084469840259e-05
2808.0,0.2207791357483898,0.0009525969568676395,0.000351294368378667,0.0005736827383783658,1.68537176698546e-05,1.847673546022542e-05,1.636000658429597e-05
2809.0,0.220845872629831,0.0009670975809036424,0.000351472494151155,0.0005743530690979248,1.686484388402662e-05,1.848106864012843e-05,1.635568590690079e-05
2810.0,0.2207876643946527,0.000958844366662537,0.0003510973902812684,0.000575040334251178,1.68701499783214e-05,1.84827441157923e-05,1.635101591699495e-05
2811.0,0.2209137637958734,0.0009602422889035406,0.00035059431810203,0.0005757393606967026,1.687978858985262e-05,1.849013871071957e-05,1.634679714295973e-05
2812.0,0.2212181829796284,0.0009565852621895755,0.0003500578793502415,0.0005764366401017692,1.689079789526409e-05,1.849787533594899e-05,1.63470307947098e-05
2813.0,0.2211073891678541,0.0009589998236645358,0.000349950010867257,0.0005771597869183977,1.690228977509868e-05,1.850397530254819e-05,1.634235848890401e-05
2814.0,0.2213167445221821,0.0009360200810375777,0.0003489434095853935,0.000577861805740221,1.690595026485876e-05,1.851006698054179e-05,1.633793074436945e-05
2815.0,0.2213078193605598,0.0009490302205191432,0.0003486120379807648,0.0005785588725398503,1.691462156808286e-05,1.851187726552778e-05,1.633567130748699e-05
2816.0,0.221306233195165,0.0009376199162053682,0.0003479399654362076,0.0005792613800761811,1.691816366295843e-05,1.851530523903338e-05,1.633306396640352e-05
2817.0,0.2214637329224731,0.0009557368616766746,0.0003483146422070508,0.0005799654637555747,1.692382823222286e-05,1.85202464281338e-05,1.633154549026418e-05
2818.0,0.2214422556342012,0.0009709929022356268,0.00034849478270455,0.0005806691634999109,1.692952602281309e-05,1.852624892290508e-05,1.63255092652076e-05
2819.0,0.2216311113216053,0.0009557337567680385,0.0003476441974832111,0.0005813665268304764,1.693343591580372e-05,1.853070579128787e-05,1.632030716574017e-05
2820.0,0.2217958967271194,0.0009424212465913806,0.0003465974248473389,0.0005820630864646328,1.69379664937385e-05,1.85367556107995e-05,1.631862083025969e-05
2821.0,0.2220151829051651,0.0009218591606197921,0.0003457940082135997,0.0005827805052000328,1.693998731747776e-05,1.854176194919835e-05,1.631477484716541e-05
2822.0,0.2220579712691398,0.0009099538834140599,0.0003448604902011012,0.000583480504311664,1.694448552104439e-05,1.854667424029964e-05,1.631312226501874e-05
2823.0,0.22217505695358,0.0009472859884236258,0.0003454778000205047,0.0005841783294894102,1.695047999241958e-05,1.854970730262815e-05,1.630788815350129e-05
2824.0,0.2221144869097252,0.0009207737654843127,0.0003448632479070203,0.000584857377921291,1.696029197781209e-05,1.855781201376863e-05,1.630770224884331e-05
2825.0,0.2221147886013828,0.0009081644197898994,0.0003434717330785884,0.0005855295466817267,1.696366611735626e-05,1.855857520557539e-05,1.629750138092357e-05
2826.0,0.222082618839217,0.0009024451885144242,0.0003429449138014123,0.000586176598903719,1.69649428472734e-05,1.856099440666964e-05,1.629241411125919e-05
2827.0,0.2220286526420092,0.0008951042640187499,0.0003422186327606404,0.0005868343257421806,1.696417353242009e-05,1.856630533259767e-05,1.628586298547193e-05
2828.0,0.2221916062610254,0.000892605456557286,0.0003418802776789757,0.0005874846013253496,1.696166062543853e-05,1.856897653645508e-05,1.628112833938848e-05
2829.0,0.2222160231777594,0.0008789641818795075,0.0003409950110498751,0.0005881245898827034,1.696559396724492e-05,1.857140557556009e-05,1.627310003958876e-05
2830.0,0.2220594871171818,0.0008641404171114904,0.0003399482324625094,0.0005887444015514057,1.696104761561925e-05,1.857301974966187e-05,1.626359797444108e-05
2831.0,0.2219269635949325,0.0008587494165045622,0.0003393635446015746,0.0005893576711169475,1.696083562865583e-05,1.857460822936035e-05,1.625821481980589e-05
2832.0,0.2221045275606319,0.0008478674575409732,0.0003385013510277446,0.0005899524589266774,1.696119085927466e-05,1.857730463344877e-05,1.625326643234059e-05
2833.0,0.2221321857420219,0.0008586172144792457,0.0003382984740672742,0.0005905250005852494,1.696264327801288e-05,1.858158516275396e-05,1.624996304808623e-05
2834.0,0.2222456456743861,0.000851844957442191,0.0003375210241800874,0.0005910869716860595,1.69673366355762e-05,1.858606167717297e-05,1.624239496541819e-05
2835.0,0.2223691081297862,0.0008501871038515371,0.0003371173258526211,0.0005916146581866154,1.696642742331139e-05,1.858661936718274e-05,1.62376677981997e-05
2836.0,0.2226870256764344,0.0008433107864213018,0.0003365562362695688,0.0005921275999873809,1.696688637595119e-05,1.859259130781051e-05,1.623826050674929e-05
2837.0,0.2226429237891355,0.0008285216040777079,0.0003355046455411147,0.0005926291522187548,1.696731079770959e-05,1.859559782286009e-05,1.623536436137029e-05
2838.0,0.2228160248871786,0.0008379993700755236,0.0003350998313788772,0.0005930895901855635,1.696593358832436e-05,1.859576027955548e-05,1.622747538204391e-05
2839.0,0.2226239862418503,0.0008278474846799588,0.0003343362398258841,0.0005935270991874086,1.696769335965237e-05,1.859684184731433e-05,1.621935853375083e-05
2840.0,0.2224511269399584,0.0008120977085895509,0.0003334179150281885,0.0005939368832407254,1.696523591415978e-05,1.859449134791157e-05,1.621102237906905e-05
2841.0,0.2223085280498635,0.0008077571451250542,0.0003327018583374473,0.0005943299045445202,1.695979258549414e-05,1.859069726172545e-05,1.620410729164359e-05
2842.0,0.2223983737958103,0.0007979949564539167,0.0003319793261070623,0.0005946924823178949,1.695798796292332e-05,1.859024465682695e-05,1.619675581158341e-05
2843.0,0.2225990486184131,0.000799843911954494,0.0003314308743214136,0.0005950365525405695,1.695612802940944e-05,1.859218688901901e-05,1.619443028862807e-05
2844.0,0.2227790766667277,0.0007879425545357906,0.0003306137257465928,0.000595374897625185,1.695335489871553e-05,1.859523517887605e-05,1.619056903524662e-05
2845.0,0.222817320736095,0.0007884224733769551,0.0003299844969328562,0.0005957164826162425,1.695481145478208e-05,1.860247431857837e-05,1.619170796760245e-05
2846.0,0.2229350905396002,0.0007814181308703017,0.0003291541961625955,0.0005960203413796312,1.694891056857071e-05,1.86018936309357e-05,1.618542265156611e-05
2847.0,0.2227546309513075,0.0007709558859921748,0.0003283545857128423,0.0005963125578506659,1.694073961840496e-05,1.860220751902736e-05,1.618018021006985e-05
2848.0,0.2227935678308609,0.0007852072582933152,0.0003280042317851849,0.0005965949848065148,1.693919009111301e-05,1.860675713568841e-05,1.618187554240395e-05
2849.0,0.2227222626294243,0.0007756768246076725,0.0003273846698081165,0.000596856608379768,1.693930197798613e-05,1.860875859047485e-05,1.617917867975467e-05
2850.0,0.2227792514735731,0.0007704444350172218,0.0003266215270690329,0.0005970940896044212,1.693635171687415e-05,1.860990339280502e-05,1.617388106696936e-05
2851.0,0.2231009742778708,0.0007616978311496442,0.0003259291236599827,0.0005973387324249062,1.693162533002748e-05,1.860988160535662e-05,1.617144914737664e-05
2852.0,0.2229604048391885,0.0007519936838542412,0.0003252433846816651,0.0005975783037675904,1.692499746489358e-05,1.861171548616155e-05,1.617077697533463e-05
2853.0,0.2230088926991243,0.0007478955667494177,0.0003245729431196819,0.000597797736231105,1.69201863569951e-05,1.861229446203561e-05,1.617149792577506e-05
2854.0,0.2230005223194599,0.000747827835913374,0.0003239407309167268,0.0005980078069121221,1.691346627078208e-05,1.861417740404394e-05,1.61704186011698e-05
2855.0,0.2228316513340893,0.0007402797485707152,0.0003232965456198304,0.0005982121127075029,1.690619608459218e-05,1.861626249686295e-05,1.617113497346912e-05
2856.0,0.2229134262180668,0.0007421441456314132,0.000322791572350523,0.0005984344739792464,1.690487027071619e-05,1.86233454711163e-05,1.617724401477042e-05
2857.0,0.2227711743701579,0.0007346025627684993,0.0003220652961073321,0.0005986593336137552,1.689472654039418e-05,1.861971808147615e-05,1.617763202345103e-05
2858.0,0.2225598960094966,0.0007241438516010183,0.0003212925489779657,0.0005988837423347956,1.688448843523162e-05,1.861887351970557e-05,1.617803280327787e-05
2859.0,0.2224261660952809,0.0007208148427636939,0.000320636721701257,0.0005991104598227905,1.687633402010101e-05,1.86216865793279e-05,1.618172098675619e-05
2860.0,0.2224644102348649,0.0007173778393137321,0.0003200880567616609,0.0005993257592990293,1.687409283269016e-05,1.862469495371147e-05,1.619179340581938e-05
2861.0,0.2224794169772096,0.0007131422548078704,0.0003193240312459165,0.0005995377417914578,1.686932916248325e-05,1.862372325522325e-05,1.619572662071e-05
2862.0,0.2224835294647849,0.0007100283984626157,0.0003186382662299797,0.00059974348279773,1.686853196227454e-05,1.862854990102032e-05,1.61994242023058e-05
2863.0,0.2226312287229053,0.0007052108165310079,0.0003179869016956195,0.000599950479712065,1.686320217618618e-05,1.862928029386328e-05,1.620053960106279e-05
2864.0,0.2224969263618034,0.0006997029023032283,0.0003173275762059221,0.0006001513158692091,1.686044646598006e-05,1.862853705607143e-05,1.620759477511642e-05
2865.0,0.2224806239207023,0.0007004240249989024,0.0003167286445261831,0.0006003770540932014,1.685491698970772e-05,1.862931825249841e-05,1.621628498744827e-05
2866.0,0.2225459496617335,0.0006967899824944328,0.0003160687876105589,0.0006005856942428904,1.685006853181823e-05,1.863014369058633e-05,1.622194598908113e-05
2867.0,0.2227389374139596,0.0006944086754047302,0.0003154798604444721,0.0006008237534211576,1.684771305760964e-05,1.863026912651098e-05,1.622843784580598e-05
2868.0,0.222810522443034,0.0006960551805028064,0.0003151233349891476,0.0006010704415082035,1.684546493913343e-05,1.863559234898482e-05,1.623357566972305e-05
2869.0,0.2229804020990818,0.0006975188798367913,0.0003144934789779755,0.000601335822308912,1.683882110029405e-05,1.863514987863504e-05,1.624189278268905e-05
2870.0,0.2232424565696556,0.0006988473552299894,0.0003138099727053027,0.0006016047002028173,1.683263198904731e-05,1.863772143673661e-05,1.625035896292841e-05
2871.0,0.2232192182752025,0.0006919487926014386,0.0003131388501921369,0.0006018750460672623,1.683147371197105e-05,1.863985163854233e-05,1.62652373182611e-05
2872.0,0.2233154833599456,0.0006870724763272279,0.0003124819043613902,0.0006021529800223752,1.683031650922453e-05,1.864286615607041e-05,1.627639411319513e-05
2873.0,0.223399475434402,0.0006863262581159536,0.0003118663892786863,0.0006024426173547492,1.682636733527232e-05,1.864248934355826e-05,1.628704648123095e-05
2874.0,0.2233052450524842,0.0006823318597789888,0.0003112464679047606,0.0006027194733259536,1.682649973527014e-05,1.864551403183443e-05,1.629798962102017e-05
2875.0,0.2235328484818419,0.0006806721491846807,0.0003106144157558654,0.0006030177850592893,1.682118275125557e-05,1.86480932621771e-05,1.630746983891457e-05
2876.0,0.2232343566442201,0.0006760696154645845,0.0003100160863494809,0.0006032941516868119,1.681858731580663e-05,1.86478530313398e-05,1.631956609576056e-05
2877.0,0.2231772555868324,0.0006718549114597391,0.0003092551294236073,0.0006036034765933888,1.681473713599851e-05,1.864772057516359e-05,1.633036262538995e-05
2878.0,0.2232886869230951,0.0006695026836072974,0.0003084833189855007,0.0006039270518973497,1.6813042304472e-05,1.86459147624983e-05,1.634316934872435e-05
2879.0,0.2233953213677633,0.0006657112277090082,0.0003077960470347816,0.0006042830444755757,1.681126145664637e-05,1.86450852993339e-05,1.635750708964924e-05
2880.0,0.2234632649669565,0.0006681071315860122,0.0003071839259294802,0.0006046557219524473,1.68110460351122e-05,1.864979040095471e-05,1.637278095173771e-05
2881.0,0.2237160999394915,0.000662525105469095,0.0003063746236640321,0.0006050567150215848,1.68109825072593e-05,1.865064236860969e-05,1.638835488510068e-05
2882.0,0.2238157718300097,0.0006597304338028742,0.000305683396487882,0.0006054696121403661,1.681410939273855e-05,1.865188682081455e-05,1.640506097071528e-05
2883.0,0.2238112082015307,0.0006512158674180746,0.0003048667095937403,0.0006058962914540631,1.68125052818743e-05,1.865304512340463e-05,1.641917760006708e-05
2884.0,0.2239663236457466,0.0006554312876334376,0.0003042602771646278,0.000606326607428068,1.681354290155589e-05,1.865266625026977e-05,1.643609560109775e-05
2885.0,0.2240601368650407,0.0006537068103276069,0.0003035363692598364,0.0006067917792985847,1.681490453408444e-05,1.865262331621718e-05,1.645107336939942e-05
2886.0,0.2240925013827824,0.0006540619186796903,0.000302830418976009,0.0006072792611636815,1.681862656972737e-05,1.865525376750617e-05,1.646751152134294e-05
2887.0,0.2244814537486377,0.0006534133005673578,0.0003020862909351972,0.000607794508236588,1.681793825110002e-05,1.865428741319198e-05,1.648547992276985e-05
2888.0,0.2245140432830326,0.0006494166403541142,0.0003013217243636858,0.0006083301869748876,1.681932224862959e-05,1.86571838994163e-05,1.650521341714469e-05
2889.0,0.2247773984437046,0.0006554081682751335,0.0003010618938932372,0.0006088681576058801,1.682493849897984e-05,1.865884953971276e-05,1.652304841101424e-05
2890.0,0.2248815258003372,0.0006571144284792744,0.0003004281095852035,0.0006093905889605354,1.683131728576459e-05,1.866310041200021e-05,1.654089461343522e-05
2891.0,0.2247709185258422,0.0006524389791604515,0.0002995640099191006,0.0006099133414160914,1.683241171596947e-05,1.866388681372563e-05,1.655856128964478e-05
2892.0,0.224903018595827,0.0006488353076150566,0.0002988068774230319,0.0006104480540018642,1.683564631103453e-05,1.866585338549448e-05,1.658051926411035e-05
2893.0,0.2251503070762189,0.0006532636351688855,0.0002981435797761677,0.000610995280933487,1.683864234767262e-05,1.866580710854989e-05,1.659936082804794e-05
2894.0,0.2249790271413035,0.000650154220409001,0.0002974365505099634,0.0006115545536350274,1.684455492442701e-05,1.866557133064703e-05,1.661893270228743e-05
2895.0,0.2249582133484506,0.0006500663855928914,0.0002967920441796597,0.0006121287970618789,1.684995271364516e-05,1.866499397349544e-05,1.663793383055024e-05
2896.0,0.2250175317743373,0.0006503323162417731,0.000296157266180984,0.0006127051054700123,1.685157310051755e-05,1.866597103405836e-05,1.665715129898145e-05
2897.0,0.2250671951787505,0.0006465427963253437,0.000295493670215727,0.0006132795196260353,1.685559067558798e-05,1.866798721144099e-05,1.667564701917596e-05
2898.0,0.2249466258382838,0.0006453599817489612,0.0002950489323500842,0.0006138672987258668,1.685999429098821e-05,1.867145714744323e-05,1.669710098206947e-05
2899.0,0.2251383933788205,0.000648912803329523,0.0002944615057740384,0.0006144720721776784,1.686442997890283e-05,1.86728571170292e-05,1.671537807060754e-05
2900.0,0.2253120800881123,0.0006462104026523811,0.000293830019199048,0.0006150685904819826,1.687272550049685e-05,1.867704938889379e-05,1.673637003034231e-05
2901.0,0.2255175228771122,0.000643436139565843,0.0002932163903918439,0.000615697567890744,1.688319329875913e-05,1.867945301288447e-05,1.675629118252708e-05
2902.0,0.2256566786505696,0.0006440569094150769,0.0002926416428822977,0.0006163338834894872,1.689060316268542e-05,1.86815512350077e-05,1.677438424653599e-05
2903.0,0.2257806848123553,0.0006448387383952893,0.000292125763519954,0.0006169879137960754,1.689799229197364e-05,1.868161002479943e-05,1.679312590358721e-05
2904.0,0.2258627480621187,0.000643224556362935,0.0002916258414689924,0.000617657411645205,1.690880978742793e-05,1.868423605464678e-05,1.681694648926394e-05
2905.0,0.2260740418952744,0.0006432508821311646,0.0002911151823521459,0.0006183285886657335,1.691818831114084e-05,1.868913743205562e-05,1.683436759461276e-05
2906.0,0.2261423946521254,0.0006396868043000135,0.0002906737994526446,0.0006189910697017873,1.693251573448576e-05,1.869777163090691e-05,1.685709111029136e-05
2907.0,0.2264259758921625,0.0006413173613156633,0.0002902629481396439,0.0006196442219604566,1.694308291513682e-05,1.869945284001066e-05,1.687491578831935e-05
2908.0,0.2264847604874896,0.0006503408709477446,0.000289981910707466,0.0006203082647227583,1.695565195442354e-05,1.870455453965132e-05,1.689560834113067e-05
2909.0,0.2266421301315715,0.0006412707570455778,0.0002894176347953946,0.0006209458204723745,1.696477116530018e-05,1.87031956324489e-05,1.691356923670436e-05
2910.0,0.2268147027077504,0.0006383286820095596,0.0002889984710508156,0.000621597929623392,1.697817828560344e-05,1.871076233254055e-05,1.693392241687638e-05
2911.0,0.2269922601389721,0.0006448428206445472,0.0002886306806472638,0.0006222454448488921,1.699186600777242e-05,1.871178706648212e-05,1.695148481963581e-05
2912.0,0.2269594678208784,0.0006407394753686931,0.0002882188842418393,0.000622913853366642,1.700752807422828e-05,1.871632980409013e-05,1.697142161725534e-05
2913.0,0.2270997055853879,0.0006348476742291915,0.0002877150405069095,0.0006235726983801,1.702139240827229e-05,1.872352164434647e-05,1.699213869984011e-05
2914.0,0.2271106162522009,0.0006389387563627724,0.0002874924633816816,0.0006242260259362456,1.703652492706474e-05,1.873068255616431e-05,1.70141527151118e-05
2915.0,0.2275762270729373,0.0006408473518057006,0.0002872015039105872,0.0006248717579086671,1.705143967346363e-05,1.873929837988745e-05,1.7032889320881e-05
2916.0,0.2276199726132558,0.0006402577656175054,0.0002869295668790336,0.0006255294129347688,1.706645830732237e-05,1.874659871822215e-05,1.705274400011452e-05
2917.0,0.2278471865604274,0.0006440313278279271,0.0002866830296660813,0.0006261657428026088,1.708001897739566e-05,1.875050854504034e-05,1.707126759915959e-05
2918.0,0.2280151083629096,0.0006513650698577115,0.0002864753956928052,0.0006267870403595078,1.709718071106754e-05,1.875993310986517e-05,1.70898121484179e-05
2919.0,0.2282047163249668,0.0006516483547967999,0.0002861982373285892,0.0006274110990499576,1.711287965111342e-05,1.876882602024601e-05,1.710697690305024e-05
2920.0,0.2282264377261183,0.0006524051168721891,0.0002859612251582898,0.000628046979644395,1.713015487564223e-05,1.877820471171275e-05,1.712364315775712e-05
2921.0,0.2285107784175682,0.0006468581497665504,0.0002856265478292426,0.0006286893457181631,1.714554515112371e-05,1.878403108870263e-05,1.714113976269523e-05
2922.0,0.2284898234379258,0.0006531913178836577,0.0002855099310227738,0.0006293367535292738,1.716327483670705e-05,1.879228001889973e-05,1.716024463768487e-05
2923.0,0.2286771507813139,0.0006523036306886933,0.0002853496929563869,0.0006299858947711241,1.718136468730405e-05,1.880064352817224e-05,1.717717859443206e-05
2924.0,0.228806448057279,0.0006479564174868129,0.0002851350188533717,0.0006306190562877182,1.71969281147058e-05,1.881140324363045e-05,1.719446509481737e-05
2925.0,0.228677230015723,0.0006486483700001647,0.0002849263504064368,0.0006312364841192518,1.721517385733592e-05,1.88226928438128e-05,1.721311601980657e-05
2926.0,0.2288288193509952,0.0006460045774441027,0.0002846884392547854,0.0006318248585380564,1.723027194797896e-05,1.883483331079024e-05,1.723023146550976e-05
2927.0,0.2291588854242766,0.0006463859620185925,0.0002846199017067882,0.0006324065658818113,1.724922652796535e-05,1.884440052946595e-05,1.724744729366398e-05
2928.0,0.2293574091408177,0.0006474639724162994,0.0002845608976013121,0.000632984641351165,1.726879671175964e-05,1.885700479085524e-05,1.726787073101381e-05
2929.0,0.2296603013020415,0.0006480391296749567,0.000284393058682264,0.0006335373099278605,1.728381134854346e-05,1.886647140666335e-05,1.728658634917787e-05
2930.0,0.2298084482412539,0.0006473786014239024,0.0002843432463999046,0.000634064510625226,1.730245244697643e-05,1.887734659869908e-05,1.730419441822512e-05
2931.0,0.2299442685670452,0.0006550828148104972,0.0002843738129284252,0.0006345938918403925,1.732192235386836e-05,1.889204124194732e-05,1.732633841704441e-05
2932.0,0.2299927648006474,0.000656444572711243,0.0002843033570719367,0.0006351006494635903,1.733650601030163e-05,1.890203615569251e-05,1.734267305794013e-05
2933.0,0.2303579772705662,0.0006614113387753228,0.0002843327369015086,0.0006356198634892457,1.735275166913944e-05,1.891305318758887e-05,1.736048530037289e-05
2934.0,0.2307199733771462,0.000659301662002118,0.0002843100235019803,0.000636112141837665,1.736793379984467e-05,1.892530049228027e-05,1.738000874667964e-05
2935.0,0.2308846714038821,0.0006729786695128493,0.0002847683785881292,0.0006365951949642892,1.738431257269044e-05,1.894081434934491e-05,1.739986256991051e-05
2936.0,0.231167876982657,0.0006741086532193488,0.0002848778614597746,0.0006370435540660889,1.739827941463849e-05,1.895262879296833e-05,1.741830224464549e-05
2937.0,0.2311358535126311,0.0006700829674803172,0.0002847811271413957,0.000637477427067593,1.741146728403874e-05,1.896550233760023e-05,1.74340820307862e-05
2938.0,0.2311681086147836,0.0006669605045580276,0.0002848029853237509,0.0006378630488067936,1.742560785011919e-05,1.898189505998784e-05,1.745270667627953e-05
2939.0,0.2313879695316437,0.0006673934784635707,0.0002850140220997056,0.0006382621014989918,1.74422992590802e-05,1.899628336653345e-05,1.7468777105077e-05
2940.0,0.2313917244093376,0.0006699578081471608,0.0002852289707026139,0.0006386407572429413,1.745927095207689e-05,1.901218539565879e-05,1.748777427460607e-05
2941.0,0.2317584337595058,0.0006728760914577688,0.0002853772338569972,0.0006390015891294198,1.747492736883841e-05,1.902728181700324e-05,1.750561788917478e-05
2942.0,0.2318886035002411,0.0006811118671376633,0.0002856857031227195,0.00063932847156791,1.749512601540766e-05,1.90458138020017e-05,1.752516778253022e-05
2943.0,0.2320680076982687,0.0006819269923312713,0.0002858831625823409,0.0006396432844496084,1.751046749286636e-05,1.905993597019786e-05,1.754711139097203e-05
2944.0,0.2324584465345848,0.0006816987597805019,0.0002860949041886578,0.0006399407210986251,1.752509472652518e-05,1.907698891029486e-05,1.756662811161541e-05
2945.0,0.2325265370959689,0.0006887637624862961,0.000286451761253933,0.0006402423301911924,1.753908203194119e-05,1.909620058225794e-05,1.758546703221535e-05
2946.0,0.2327763828071749,0.0006929451986500322,0.0002867705308652723,0.0006405515978448508,1.755485900494675e-05,1.911284217684617e-05,1.760811189939375e-05
2947.0,0.2331521561468079,0.0007027959703846413,0.000287282216682867,0.0006408548772436063,1.756970107670545e-05,1.91311279261092e-05,1.762790192910264e-05
2948.0,0.2334209855698217,0.0007106406217583336,0.0002877675448893439,0.0006411769766476284,1.758586302795573e-05,1.914904320347794e-05,1.764664520284974e-05
2949.0,0.234028808221936,0.0007133578583675831,0.0002881444472465876,0.0006414876147160396,1.759959236840949e-05,1.916736977097504e-05,1.766585428273151e-05
2950.0,0.2342815785922654,0.0007160706718094723,0.0002885508284267439,0.0006418037382149633,1.76156597927817e-05,1.918506827065132e-05,1.768498900535304e-05
2951.0,0.2343831095951293,0.0007254594697291371,0.0002891075404106126,0.0006421099976592838,1.76301050455941e-05,1.920293106394248e-05,1.770561007365471e-05
2952.0,0.23467107497982,0.0007290212500065956,0.0002897815815230758,0.0006424287481648991,1.764100503177592e-05,1.921893598774467e-05,1.772589804766354e-05
2953.0,0.2348375152771508,0.0007388090794330661,0.0002903291966896079,0.0006427249334245703,1.765440252917704e-05,1.923698019162051e-05,1.77506102459332e-05
2954.0,0.2349774606094401,0.00074662404859553,0.0002907983331503445,0.0006429960129924984,1.767001023506778e-05,1.92534347038483e-05,1.776912694406517e-05
2955.0,0.2354218413895635,0.0007493297094451874,0.0002912441063203889,0.0006432859436901275,1.768628820774056e-05,1.927324034376104e-05,1.778916974511092e-05
2956.0,0.2354206681471827,0.0007430763549114574,0.0002914286899700284,0.0006435772842186052,1.769657719094174e-05,1.928721839773908e-05,1.78022608914956e-05
2957.0,0.2357645371387252,0.0007469619614377317,0.000291823748984398,0.0006438622736592731,1.770611197073667e-05,1.930681849758424e-05,1.781813548567836e-05
2958.0,0.2360386152699831,0.0007439667866813236,0.0002922070701513372,0.0006441668456674741,1.771892818552844e-05,1.93247178722909e-05,1.783730447267611e-05
2959.0,0.2359766344278711,0.0007440218265332678,0.0002926850615745422,0.0006444621660706114,1.77299713761858e-05,1.934128107833525e-05,1.785729931498893e-05
2960.0,0.2363777126383498,0.0007431528807612283,0.000293115533998227,0.0006447521699260604,1.774168949803179e-05,1.935527465354848e-05,1.787483905540477e-05
2961.0,0.2368394800850762,0.0007480639421672023,0.0002936613819744171,0.0006450298599626047,1.77524029407752e-05,1.937247354521281e-05,1.789055587959932e-05
2962.0,0.236876246776355,0.0007508223731938116,0.0002942667386076878,0.0006453090681731627,1.776548639827069e-05,1.939191968410487e-05,1.791288021263977e-05
2963.0,0.2371471518526545,0.000752765646385758,0.0002947902736309051,0.0006455783642049632,1.777162770218504e-05,1.940559382420735e-05,1.79294557246246e-05
2964.0,0.2372398522989382,0.0007545328504295155,0.000295330907933493,0.0006458498770456162,1.777977911176769e-05,1.941819097177702e-05,1.79449538655882e-05
2965.0,0.2370855257281455,0.000760606975837522,0.0002958850223727054,0.0006461199383817231,1.778789503966815e-05,1.943348138966547e-05,1.795780462787877e-05
2966.0,0.2369432534383306,0.0007593493862833999,0.0002963270970490357,0.00064637020140196,1.779647973080064e-05,1.944704445683633e-05,1.797217544650074e-05
2967.0,0.2372943064121229,0.00077070750238819,0.0002969557427555366,0.000646611281850445,1.780344786386612e-05,1.945802787530045e-05,1.798475466799448e-05
2968.0,0.2371380294881895,0.0007701627437993176,0.0002974759834594995,0.0006468954161003572,1.780960982382863e-05,1.946867954905892e-05,1.79978020771227e-05
2969.0,0.2376095781737604,0.000776294709643249,0.000298025658949689,0.0006472012484388687,1.781100693479195e-05,1.948070939111343e-05,1.801393178631475e-05
2970.0,0.2376404491775901,0.0007695600795450602,0.0002984188393758952,0.0006475281162294347,1.78164462865161e-05,1.94947544822333e-05,1.802667788765351e-05
2971.0,0.2376611330567528,0.0007815026364723022,0.0002991383210734242,0.0006478609635511587,1.782445146302359e-05,1.950782905993432e-05,1.804129043756656e-05
2972.0,0.2376805823107075,0.0007743127164613359,0.0002993672553672009,0.0006482007503689765,1.782942119310282e-05,1.951945308773581e-05,1.805476144890738e-05
2973.0,0.2378777238634464,0.0007832405813881965,0.0002998832492576062,0.0006485648116213149,1.78388326686904e-05,1.953309939028809e-05,1.80704141198358e-05
2974.0,0.2378596688154671,0.0007860839364218312,0.0003002589165950716,0.0006490045874808221,1.784517101255373e-05,1.954751504193502e-05,1.808478411720692e-05
2975.0,0.2381021894774518,0.000789946562735608,0.0003006873150298914,0.0006494794355086691,1.784781561152965e-05,1.955702216683228e-05,1.809947930213777e-05
2976.0,0.2378498228810675,0.0007875833007201708,0.0003010654606770113,0.0006499792647611694,1.785090617287714e-05,1.956329499032213e-05,1.811048511132127e-05
2977.0,0.2377955360604872,0.0007842804065144876,0.0003014208964458893,0.0006505188362625518,1.785368726055165e-05,1.957248253284866e-05,1.812057459745656e-05
2978.0,0.2379715052077312,0.0007791541823379911,0.0003016856550442226,0.0006510946867841044,1.785765287388534e-05,1.958009266791012e-05,1.813093778639598e-05
2979.0,0.2379462259387045,0.0007833799089035211,0.0003021038057842247,0.0006516910166558806,1.78620311554682e-05,1.959026108481365e-05,1.813981472164345e-05
2980.0,0.2379063291066756,0.0007830423399551532,0.000302439034166247,0.0006523152207438146,1.786182849018231e-05,1.959751543604737e-05,1.814478130406835e-05
2981.0,0.2377217419069596,0.0007874693644485929,0.0003028444816371868,0.0006529651106700584,1.786335494468844e-05,1.96075740555493e-05,1.815501590305207e-05
2982.0,0.2379471374361425,0.0007949904263503952,0.0003034332843094083,0.000653659035500251,1.786075174119079e-05,1.961352214918865e-05,1.816371987120544e-05
2983.0,0.2379388191808431,0.0007871752877574335,0.0003034472089923175,0.000654382878634888,1.785997063247164e-05,1.962385186303571e-05,1.817112925591989e-05
2984.0,0.2380516616422298,0.0008119791577325303,0.0003041810261880467,0.0006551382114772537,1.786273502400729e-05,1.963405039608666e-05,1.818398046098702e-05
2985.0,0.2379794786103307,0.0008082032814934436,0.0003045846275235864,0.0006559013728022496,1.786108345198348e-05,1.964151022708014e-05,1.819435794091986e-05
2986.0,0.2381669806085029,0.0008021659856780434,0.0003045998469109461,0.0006566765197787254,1.785825183225958e-05,1.964924444403968e-05,1.820516726936336e-05
2987.0,0.2376523648256492,0.0007983713752404467,0.0003048347728998379,0.0006574830978306148,1.785545868320355e-05,1.965882912822264e-05,1.821761039178947e-05
2988.0,0.2378637570409398,0.0007969506924633548,0.0003050969623895247,0.0006583174262656805,1.785247479910681e-05,1.966471065745179e-05,1.822530938240522e-05
2989.0,0.2379287732563151,0.0008046395888954003,0.0003056650227274889,0.0006591498358507401,1.78502794504488e-05,1.967108903358186e-05,1.823379512304328e-05
2990.0,0.2378268103152201,0.0008056794891616629,0.0003055481882063576,0.0006600201449245166,1.784793979590244e-05,1.967697725848434e-05,1.824247866450973e-05
2991.0,0.2378280973038092,0.0008147081406164923,0.0003058467315497677,0.0006608957572970112,1.784600542737623e-05,1.968370812912104e-05,1.824901160229657e-05
2992.0,0.2379022499606201,0.0008077971097834598,0.0003058396776569951,0.0006617789386786431,1.784039304066864e-05,1.968989521518678e-05,1.825814780395618e-05
2993.0,0.237410498181672,0.0008100328087376614,0.0003058697967857971,0.0006626746130859213,1.783768878098583e-05,1.969732036741683e-05,1.82652014038909e-05
2994.0,0.237014898703908,0.0008018616840809164,0.0003058558315480623,0.000663564694967005,1.782838656429748e-05,1.969888482760252e-05,1.827201668436169e-05
2995.0,0.2369954851894204,0.0008099664100098975,0.0003060489670305585,0.0006644699483115404,1.782250549369623e-05,1.970644522053482e-05,1.828165601536755e-05
2996.0,0.2368189715152619,0.0008088229144921569,0.0003061942192251619,0.0006653801466220989,1.781669241220208e-05,1.971308751912113e-05,1.828825171662892e-05
2997.0,0.2367097776298903,0.0008157576558719484,0.0003062793248094604,0.0006663162407078665,1.781626207817739e-05,1.971916789218601e-05,1.829568292383435e-05
2998.0,0.2368022466759253,0.000806942527427673,0.000306133897720596,0.0006672704307785525,1.781081117352992e-05,1.97267176610698e-05,1.830350529523979e-05
2999.0,0.2368694385568155,0.0008196057671773679,0.0003064904866977327,0.0006682346016674839,1.780949748400112e-05,1.973545243790704e-05,1.83111198282914e-05
3000.0,0.2367296249812954,0.0008064990848503796,0.0003061187620311565,0.0006692141090329511,1.780113053614474e-05,1.974157465049448e-05,1.831854970938109e-05
