iteration,continuity,epsilon,k,vf-phase-2,x-velocity,y-velocity,z-velocity
3001.0,0.1899067984222477,0.0007648628848900893,0.0002593736396289134,0.0007837342265031804,1.481485132401238e-05,1.488975320405673e-05,1.512229941397412e-05
3002.0,0.1878729712389399,0.0007480586115091009,0.0002582639882274361,0.0007842989518933882,1.482079397566784e-05,1.487021322144822e-05,1.512291360202926e-05
3003.0,0.1875228251745597,0.000709919947766943,0.000257962132416113,0.0007848519595885422,1.480584439741362e-05,1.486787302189192e-05,1.510694421637447e-05
3004.0,0.1872203300816631,0.0007253268772793506,0.000257278578457975,0.0007854365225086593,1.483164589347969e-05,1.487967054561716e-05,1.513156765488474e-05
3005.0,0.1878621268957062,0.000734189607559538,0.0002579396778186351,0.0007860268388094103,1.483356944309813e-05,1.487967847470215e-05,1.512926268745163e-05
3006.0,0.1872766445579256,0.000744906792251934,0.0002583975803659366,0.000786683299621668,1.484376210707173e-05,1.487919239236727e-05,1.512341819284375e-05
3007.0,0.1873008186199472,0.0007468471483848857,0.0002588760410979418,0.0007873681164977267,1.486635093588559e-05,1.488097988369203e-05,1.513183926632882e-05
3008.0,0.1873206090317556,0.000740413814898556,0.0002591147500361825,0.0007880564545208146,1.487068501439233e-05,1.487679977203457e-05,1.511983614096107e-05
3009.0,0.1880983836214606,0.000717573982736202,0.0002594227032456371,0.0007887461231505132,1.488807744142615e-05,1.488607773639292e-05,1.511973481145109e-05
3010.0,0.1873530697927175,0.000735598319245076,0.0002581020266472798,0.000789442890346232,1.490340005673747e-05,1.487757178716815e-05,1.511141257323715e-05
3011.0,0.1874497396879435,0.000742240794040446,0.0002587857325346104,0.0007901138629616304,1.491596721138953e-05,1.48775465329931e-05,1.510698275310916e-05
3012.0,0.1878825376395713,0.0007364454538281548,0.0002594502536826158,0.0007908117808075741,1.494545715864241e-05,1.488736376172224e-05,1.510719182912979e-05
3013.0,0.1877487946980897,0.000723064805747825,0.0002600214127522495,0.0007915016173048174,1.497049015741745e-05,1.488617063537929e-05,1.510198389489302e-05
3014.0,0.1869784380227357,0.0007262557485140347,0.000258813854789991,0.0007922259035662869,1.496274919408502e-05,1.487884147957128e-05,1.508915984523185e-05
3015.0,0.186952230783636,0.000704458525245933,0.0002591234718354853,0.0007929588449450079,1.496564074623223e-05,1.488054493227827e-05,1.50797445124323e-05
3016.0,0.1869930472292706,0.0006750766531249563,0.000257662209640887,0.0007936912288877365,1.497192039559683e-05,1.489279131559557e-05,1.508074346003979e-05
3017.0,0.186702002815776,0.0007116145719187711,0.0002574516104439467,0.0007944680554229834,1.498489679570066e-05,1.488840729050364e-05,1.507581139494871e-05
3018.0,0.1877541296162389,0.0006840030518109637,0.0002578304696850801,0.0007952915422732506,1.499522417840152e-05,1.48897124691978e-05,1.508137754649954e-05
3019.0,0.1880763170093187,0.0007012741992503338,0.0002575701445451925,0.0007961716858409284,1.502549757473687e-05,1.491294821854871e-05,1.509987518725668e-05
3020.0,0.1876160857897323,0.0007301575362137131,0.000258828161411372,0.0007970706872635941,1.503480093091998e-05,1.491199652222516e-05,1.51044557031889e-05
3021.0,0.1870536744498047,0.0006961386779700597,0.0002591575614550688,0.0007979940881234417,1.503743245999152e-05,1.490425725197192e-05,1.50868848078621e-05
3022.0,0.1865869869247836,0.0006854635106268444,0.0002579183473774743,0.0007989315307830337,1.505648401273689e-05,1.489427973256961e-05,1.506917938716666e-05
3023.0,0.1874139569705975,0.0007004243319575147,0.0002575812513065169,0.0007998656168092345,1.508526564077907e-05,1.489368971747934e-05,1.50671517538459e-05
3024.0,0.1876012606313182,0.000688484790266974,0.0002584439911916624,0.0008007976362382026,1.510983862886886e-05,1.488629906825534e-05,1.50583678536781e-05
3025.0,0.1866751971777739,0.0006931694450276007,0.0002580624483956448,0.0008017482950127557,1.511744465148048e-05,1.489109406812975e-05,1.504770335422936e-05
3026.0,0.1869603827290658,0.0006890129841756668,0.0002590139408292253,0.0008027044949764552,1.512061346244213e-05,1.490141900329033e-05,1.502664874521473e-05
3027.0,0.1875841296411578,0.0006854430358687746,0.0002599331797128651,0.0008036194363413395,1.513294233591944e-05,1.491884139602939e-05,1.502381029819733e-05
3028.0,0.1873459929062124,0.0007018783467327088,0.0002593985355756372,0.000804551790044799,1.515313997015161e-05,1.493460405354843e-05,1.504260021428243e-05
3029.0,0.1868181764718911,0.0006985862689533712,0.000260375980066981,0.0008055136122826209,1.515514945994991e-05,1.492283540574734e-05,1.50329436091941e-05
3030.0,0.1870384317509844,0.000718394120209625,0.0002616591224781431,0.0008064625896734936,1.517742934210316e-05,1.492497418322993e-05,1.502858541908549e-05
3031.0,0.1863052208564596,0.0007116747670838412,0.0002621798381919778,0.0008074053647452939,1.51672082435097e-05,1.492730863096223e-05,1.501525529622522e-05
3032.0,0.1866205495377666,0.0007270470323485275,0.0002631138595548713,0.0008083463986673573,1.51812200212673e-05,1.493017879899918e-05,1.500472583751582e-05
3033.0,0.1871800809299483,0.0007167614997726778,0.0002633702760990295,0.0008091911808534642,1.519552201814475e-05,1.49344337467367e-05,1.499580479800519e-05
3034.0,0.1870902375077531,0.0007949626667576381,0.0002657581628570554,0.0008100432752200182,1.523006236958234e-05,1.495061283777086e-05,1.502259859329654e-05
3035.0,0.1876431097419699,0.0007579987920072162,0.0002657074077103596,0.0008108637729476332,1.523435678847989e-05,1.495123467160774e-05,1.500928416394498e-05
3036.0,0.1874976638003155,0.0007425064269141854,0.0002658184577233886,0.0008116128696005234,1.526987507081881e-05,1.496267425719904e-05,1.501680572284319e-05
3037.0,0.1868030313190943,0.0007440950253290864,0.0002659261115642838,0.0008123587651864262,1.527403885019835e-05,1.49667570154678e-05,1.50152774678572e-05
3038.0,0.1867336827990567,0.0007341896112483195,0.0002657421779740509,0.0008130060280283586,1.527791859738661e-05,1.497432266832967e-05,1.499863054148964e-05
3039.0,0.1865421521025439,0.0007226632424832036,0.0002657675213766501,0.0008136444769153518,1.529456035733174e-05,1.498065509653314e-05,1.499578892883836e-05
3040.0,0.1860655064216418,0.0007159662767052149,0.0002653554767316497,0.0008142143885853121,1.529447647345055e-05,1.497964741484133e-05,1.497847907753718e-05
3041.0,0.1856440400880534,0.0006847938207551372,0.0002649720958569533,0.0008147412275459024,1.52873243401714e-05,1.498510507323304e-05,1.496861933770418e-05
3042.0,0.1850211002550556,0.0007180678986538463,0.0002638436380623579,0.0008152447978509429,1.528789222783759e-05,1.498418549530385e-05,1.496447172827687e-05
3043.0,0.1849574546656624,0.0007077034246823314,0.0002646983122386873,0.0008156913815565055,1.528864163298222e-05,1.498801559404486e-05,1.495536856109247e-05
3044.0,0.185500523238368,0.0007093219693627559,0.0002637082514605668,0.0008161103032676344,1.530605854257176e-05,1.500501296163709e-05,1.496384205789726e-05
3045.0,0.1857040833567151,0.0007610282933385319,0.0002642395033359664,0.000816486915570723,1.530916177150935e-05,1.502004463600689e-05,1.496265045649882e-05
3046.0,0.1862179633597229,0.0007477730138160865,0.0002642722191042721,0.0008167955667080129,1.532832125328405e-05,1.50368733086189e-05,1.497433567336421e-05
3047.0,0.1862772345936956,0.0007252565365807456,0.000263998462414508,0.0008170420642595233,1.532583650674137e-05,1.504805292130785e-05,1.497601200814463e-05
3048.0,0.1859506877044468,0.0007480627273692401,0.0002647018103996613,0.0008172830509989383,1.534696264197872e-05,1.505171627168278e-05,1.4994496241704e-05
3049.0,0.1852963723240582,0.0007429361353874484,0.0002644473333104321,0.0008175141695025753,1.535563952018311e-05,1.504816485926767e-05,1.499182406987587e-05
3050.0,0.1858139198573679,0.0007346188698641056,0.0002645676667522945,0.0008176470270601871,1.536423512737911e-05,1.505933906295377e-05,1.498542281246042e-05
3051.0,0.1851274263566172,0.000739417785198816,0.0002646826361714083,0.0008177791054763379,1.536902733692207e-05,1.50702162406359e-05,1.498263105831186e-05
3052.0,0.1850396277658179,0.000762730314158411,0.0002646269431132968,0.0008178867893725611,1.536193139638984e-05,1.508115758546939e-05,1.498737182924841e-05
3053.0,0.1851382997819173,0.0007239930197365599,0.0002639223727777463,0.0008179171646780803,1.534593435135906e-05,1.508199133367625e-05,1.497533232842574e-05
3054.0,0.1844508332854428,0.000747938121196235,0.0002643305164683682,0.0008179645004662498,1.53530549180187e-05,1.508631776272036e-05,1.497762464305693e-05
3055.0,0.1842154841347459,0.0007382814937329653,0.0002637706697789633,0.0008180210247802206,1.534941165123415e-05,1.509687489505997e-05,1.497312519061461e-05
3056.0,0.1837897793903747,0.0007176220696195148,0.0002634242887610005,0.0008180937105033536,1.534642620182153e-05,1.509306056992682e-05,1.497491240446977e-05
3057.0,0.1843767921465039,0.0007503816932599841,0.0002619837928727959,0.0008181412911612117,1.535340113733144e-05,1.510568076549382e-05,1.498164360036437e-05
3058.0,0.1845035145205817,0.0007538857892371157,0.0002629555803543809,0.0008181441670953298,1.535422518751613e-05,1.510999400903765e-05,1.497395108168046e-05
3059.0,0.1841194030334364,0.0007803202514258024,0.0002638958201125777,0.0008182021631997165,1.537214496325565e-05,1.511470472334605e-05,1.499323152018004e-05
3060.0,0.1841304625635264,0.0007335121041695982,0.0002627895655391449,0.0008183162360624173,1.536476445740132e-05,1.51262386534112e-05,1.498643264129367e-05
3061.0,0.1844842799445163,0.0007092434725892615,0.0002623204884188184,0.000818407647545044,1.536909510827051e-05,1.513776050119402e-05,1.499568617950904e-05
3062.0,0.1849777644074421,0.0007805232248417589,0.0002620017572289927,0.0008184587653682517,1.53855505576864e-05,1.51555545758032e-05,1.502650529210583e-05
3063.0,0.1843584561243041,0.0007732363697572141,0.0002624550519774342,0.0008185586609584635,1.539257996341415e-05,1.515125734521594e-05,1.502730355906202e-05
3064.0,0.1848764597005904,0.0007532832157079116,0.0002624887924342711,0.0008187038296789491,1.539803484520097e-05,1.516721129424934e-05,1.503830041129219e-05
3065.0,0.1843898645814716,0.0007542846284575088,0.0002619127490193525,0.0008188349519925517,1.538170196088524e-05,1.516846064155275e-05,1.502704737641784e-05
3066.0,0.1842238252914974,0.0007353951633275735,0.0002611518673975214,0.0008189313696904099,1.53812877628977e-05,1.517520134859896e-05,1.503260172637997e-05
3067.0,0.1841819186822277,0.0007396304584735327,0.0002610422049140212,0.0008190095974437965,1.53818569206709e-05,1.51742618755597e-05,1.503628188381103e-05
3068.0,0.183971162601408,0.0007525524256568104,0.000261240481862447,0.000819150059556598,1.537701808983526e-05,1.517680929363937e-05,1.504448349147138e-05
3069.0,0.1842865628711707,0.0007060417105089303,0.0002604933844758316,0.0008192471345355783,1.538219592497245e-05,1.518377428116908e-05,1.505733667680177e-05
3070.0,0.1834423621065917,0.000711719254022131,0.0002601926576824009,0.0008194163691715867,1.537087625661173e-05,1.517062710971937e-05,1.505464554517988e-05
3071.0,0.1838072777629668,0.0007670754763715003,0.0002605196678698148,0.0008195196183458575,1.536624104217491e-05,1.518032402274085e-05,1.505769686373894e-05
3072.0,0.1840074064099072,0.0007315008023370326,0.0002599318738648131,0.0008196270955824691,1.536450059337983e-05,1.518634617764182e-05,1.505893471771274e-05
3073.0,0.1840752366705849,0.0006919300977750964,0.0002594494281617691,0.0008197332972726086,1.536865760779675e-05,1.518769299481986e-05,1.506411485913056e-05
3074.0,0.1845482706801765,0.0007410090024888839,0.0002586047475506555,0.0008198999641072817,1.53846461877657e-05,1.520596643583687e-05,1.509336809836847e-05
3075.0,0.1838566395153779,0.0007419225068168948,0.0002585702004894364,0.0008200847554115115,1.537987984043737e-05,1.520763446907407e-05,1.509710312601205e-05
3076.0,0.183774388591183,0.0007081722767558169,0.0002580708016985869,0.0008203491043634484,1.53695509616311e-05,1.521147278555585e-05,1.509713305613396e-05
3077.0,0.1844308160526348,0.0007497532581714779,0.0002591086305771005,0.0008205374520537691,1.537391501061667e-05,1.522468810166094e-05,1.510508742451922e-05
3078.0,0.1843735201082926,0.000750170774222611,0.0002591449825784983,0.000820760398371254,1.538315878620509e-05,1.522408220246936e-05,1.511981410768617e-05
3079.0,0.1845063539011769,0.0007492795824409722,0.0002588921169404769,0.0008210017008001856,1.537257640245889e-05,1.52290527775116e-05,1.512173185171453e-05
3080.0,0.1842077086790481,0.0007246221516947847,0.0002577493863370732,0.0008212518207715779,1.535954083404111e-05,1.523242208139811e-05,1.511675448167145e-05
3081.0,0.1840787043744572,0.0006984985297470583,0.0002576947204623283,0.0008214500225515279,1.535906251221816e-05,1.523438798450277e-05,1.512743320840397e-05
3082.0,0.1846540968203045,0.000753710480474926,0.0002580863826919515,0.000821658506892323,1.537454069456485e-05,1.524682136048169e-05,1.51487753136756e-05
3083.0,0.1837720036470879,0.0007058979311359394,0.0002576975678823797,0.0008218589112780458,1.535967134556879e-05,1.523803185163274e-05,1.514028995537923e-05
3084.0,0.1841726587064518,0.0007007049604706864,0.0002574986105931877,0.0008220357837341921,1.535517793800027e-05,1.524677530153946e-05,1.514367702310975e-05
3085.0,0.1843244798755398,0.0006824392792382586,0.000257448458956803,0.0008221999493254366,1.536244998687582e-05,1.526699053175361e-05,1.516549569873215e-05
3086.0,0.1837143961585156,0.0006953271301895423,0.0002558071155849619,0.0008224002008701384,1.53683717528987e-05,1.525843019139223e-05,1.517390612298267e-05
3087.0,0.1833537197292793,0.0007017375302732806,0.0002563912770890095,0.0008225467960784895,1.536488292908975e-05,1.526380294520877e-05,1.51796082679298e-05
3088.0,0.1832006041583506,0.0006716880196494898,0.000255883571949504,0.00082269890309013,1.535230037677991e-05,1.52671070947088e-05,1.518498762033516e-05
3089.0,0.1832519470810187,0.0006741380093366285,0.0002544003734068625,0.0008229049175340549,1.536734270069597e-05,1.527576665219206e-05,1.52011960522221e-05
3090.0,0.1835292453724812,0.0006831600949271337,0.0002534215552999851,0.0008231021069059856,1.53646594542307e-05,1.528139083575266e-05,1.520818958019844e-05
3091.0,0.1839219947458647,0.0007100951673749967,0.0002541649257050775,0.0008232769008413093,1.537175661819485e-05,1.52909004935008e-05,1.521877626206716e-05
3092.0,0.1849314361927762,0.000725620927997484,0.0002549371761500175,0.0008235231864541833,1.539390994094969e-05,1.531720662130427e-05,1.524842993487337e-05
3093.0,0.1848218484573083,0.0007537515062725468,0.0002559852435615696,0.0008238085333875462,1.539714348826491e-05,1.532642210783274e-05,1.52577872214116e-05
3094.0,0.1849479544325056,0.0007205594232206734,0.0002554643058940756,0.0008240639353975912,1.538911676434399e-05,1.534021252582718e-05,1.525418893734288e-05
3095.0,0.1844095047818237,0.0006878440107744039,0.000255604484185321,0.0008243288746635027,1.539331580380339e-05,1.534200118326677e-05,1.526192138512149e-05
3096.0,0.1848541070859697,0.0006848686528999147,0.0002543729676356661,0.0008245715024206598,1.540427925630833e-05,1.535597166884165e-05,1.528251535076514e-05
3097.0,0.185454687242136,0.0007123803171925147,0.000255476259556571,0.0008247973180166102,1.542093631399968e-05,1.537459713201842e-05,1.531253658559126e-05
3098.0,0.1847357172495168,0.0006889851890300329,0.0002555498666262324,0.0008250087487359737,1.542000344735054e-05,1.538235619015234e-05,1.531491284125122e-05
3099.0,0.1847205106878474,0.0007607993376313103,0.000257328114800003,0.0008252524693973702,1.542500839045769e-05,1.538483992068337e-05,1.532369992017018e-05
3100.0,0.184373041947808,0.0007062988314008782,0.0002565572856889867,0.00082550061421392,1.541560580385574e-05,1.539219312823244e-05,1.533228570303281e-05
3101.0,0.1837356638163313,0.0007334738763042867,0.0002571917146066795,0.00082572816963813,1.540945916615894e-05,1.540228859113168e-05,1.532711100744722e-05
3102.0,0.1839301971608349,0.0006977470159479271,0.000257160345512572,0.0008259327526047191,1.541647631998765e-05,1.541097679914946e-05,1.533928682346098e-05
3103.0,0.1839412694631534,0.0006805886595263193,0.0002572824007719315,0.0008261165816673808,1.542509806703358e-05,1.542065171473312e-05,1.535531529815731e-05
3104.0,0.1838538998017045,0.0006723161463624576,0.000255658980291808,0.0008262750214514086,1.542285137748693e-05,1.543931493608244e-05,1.536123990239842e-05
3105.0,0.1845040871651283,0.0006810530753976345,0.0002551033643588918,0.0008263675506211505,1.544112785791711e-05,1.545863025034619e-05,1.537208089804121e-05
3106.0,0.183830213523957,0.0006838907661557042,0.0002544970561880484,0.000826425765492198,1.545998690704201e-05,1.546518595640533e-05,1.538103747897662e-05
3107.0,0.1842775915612337,0.0006743495348339321,0.0002549915040819035,0.0008264729701831117,1.546623461737238e-05,1.547825158250829e-05,1.539750971552625e-05
3108.0,0.1849830930728305,0.0006708623021827438,0.0002538298602721651,0.0008264400770595587,1.548719965010356e-05,1.550068194822572e-05,1.54168266400901e-05
3109.0,0.1837791703440193,0.0007001277086177878,0.0002535389387127453,0.0008264160584034857,1.550004157434981e-05,1.549986189023027e-05,1.542948268952092e-05
3110.0,0.1842924705538684,0.0006873929032850136,0.000254248306128321,0.0008263098847439384,1.550925409227056e-05,1.552707339232293e-05,1.543558034193491e-05
3111.0,0.1849185998290455,0.0007149173812686025,0.0002559376420107665,0.0008261133435062996,1.553255206684307e-05,1.554167144226227e-05,1.54517885286019e-05
3112.0,0.1850457523770055,0.0007402864418102061,0.0002577505991646581,0.0008259131192045756,1.556409751985881e-05,1.555737034836041e-05,1.545794365885835e-05
3113.0,0.1852180084655531,0.0007019444164147598,0.0002577131246825752,0.000825718314733002,1.557650919025942e-05,1.556769385712835e-05,1.546923651122069e-05
3114.0,0.1852554778786812,0.0007183889511232413,0.0002587045652498436,0.0008255197225050808,1.557988148357542e-05,1.557585356687598e-05,1.5475326331025e-05
3115.0,0.1859849500734099,0.0007072624852116748,0.0002590760365352145,0.0008252545147598529,1.558534091183955e-05,1.559671422512466e-05,1.549080361038527e-05
3116.0,0.1856277405253063,0.0007061091010452893,0.000259795842050038,0.0008249440713287476,1.559729525121931e-05,1.56120241149055e-05,1.551041947153772e-05
3117.0,0.1856086386017871,0.0007447602881370959,0.0002592015912564379,0.0008246172308661943,1.561791072158852e-05,1.56264522238176e-05,1.55155925366024e-05
3118.0,0.1849408410057719,0.0006931608438609419,0.0002595419235829588,0.0008242027104874343,1.561960676828086e-05,1.564021334752589e-05,1.551111324595516e-05
3119.0,0.1843799070375896,0.0007020281619331166,0.000258434973337059,0.0008237622253608624,1.563287844956337e-05,1.565047873432002e-05,1.551908615092495e-05
3120.0,0.1846294731537255,0.0007440289649279731,0.0002600197061131047,0.0008232354081604539,1.56508813672928e-05,1.565969369262179e-05,1.554034380773311e-05
3121.0,0.1853500082052184,0.0007309714810782738,0.0002605235443009996,0.0008226515724804059,1.566064809329866e-05,1.566822622699021e-05,1.554772657716757e-05
3122.0,0.185882418426551,0.0007473498994974497,0.0002616243975130982,0.0008221108127974942,1.569049297920369e-05,1.569782476298683e-05,1.557320063731949e-05
3123.0,0.1867677019481927,0.0007765158844506362,0.0002626121524999908,0.0008215224029138726,1.572577450533705e-05,1.573984400849809e-05,1.558357795679355e-05
3124.0,0.1863098872574673,0.0007975632815829126,0.00026347310459253,0.0008209416156476561,1.573157041323665e-05,1.572850295175712e-05,1.559229815562502e-05
3125.0,0.1867199070034122,0.0007595853555564843,0.0002631820064998115,0.000820369677521818,1.57521988197503e-05,1.574495797701381e-05,1.560382401402241e-05
3126.0,0.186113944028607,0.0008212966345707406,0.0002643263865525432,0.0008197745493428874,1.57580809154223e-05,1.576010552009113e-05,1.562314054803185e-05
3127.0,0.1868404375156996,0.0008189294950612201,0.0002646239679978624,0.0008191909430426745,1.57731504796257e-05,1.577051896142819e-05,1.563644230823308e-05
3128.0,0.1864101130614029,0.0008284491117229434,0.0002645061432058638,0.0008186183236819645,1.577990149327087e-05,1.578648344334307e-05,1.565047574007994e-05
3129.0,0.1861300894266647,0.0007888141159114113,0.0002642391423940483,0.0008180192732044322,1.57798494214914e-05,1.580453287960298e-05,1.56573479635082e-05
3130.0,0.1858475345614328,0.0007672698607311999,0.0002644774085055408,0.0008174074710334386,1.578674630602114e-05,1.580555881830512e-05,1.566470561987979e-05
3131.0,0.1857968992497701,0.000790507178952683,0.0002649599398139451,0.0008167841503640859,1.579993874853579e-05,1.580591172328417e-05,1.567403087635327e-05
3132.0,0.1860115464997225,0.0007510203618943136,0.0002649571520481015,0.0008161462034654405,1.581125415404774e-05,1.582630673608577e-05,1.568227490544199e-05
3133.0,0.1861469542244238,0.0007917182290925304,0.0002657044004702155,0.0008154947417909088,1.58193319316894e-05,1.584268886976108e-05,1.570166719797605e-05
3134.0,0.1866884852912835,0.0008059404489020106,0.0002662926725757929,0.000814837825186141,1.583867686064298e-05,1.586845782626704e-05,1.572529332763939e-05
3135.0,0.1872777403659141,0.0007901982829283683,0.000266252516986467,0.0008141956418871258,1.58481796366391e-05,1.587745923853518e-05,1.572612280521664e-05
3136.0,0.1878673819929993,0.0008583583503290626,0.0002674820224688746,0.0008135146606851947,1.586027077401306e-05,1.589004153323726e-05,1.574455939425104e-05
3137.0,0.188656786638015,0.0008630127712413922,0.0002672496774992609,0.0008128287906733963,1.587524971922682e-05,1.592144745358314e-05,1.576276080402781e-05
3138.0,0.1880527570247893,0.0008809621914801171,0.0002675423600079126,0.000812157022466629,1.589404738197155e-05,1.592834699066352e-05,1.579181902146139e-05
3139.0,0.1879360343653986,0.0008688116609473987,0.0002675367799662608,0.000811528671743432,1.591506520829549e-05,1.593381527205941e-05,1.581323871100924e-05
3140.0,0.1877002126758699,0.0008204876787729215,0.0002670224611409765,0.000810924566790526,1.591696256225381e-05,1.594252575038543e-05,1.581516859291481e-05
3141.0,0.1869825340047929,0.0008019986355885148,0.0002662166945217128,0.0008103708254976788,1.591401994183637e-05,1.594540882984387e-05,1.581139989392709e-05
3142.0,0.1873340270517229,0.0007925374113901518,0.0002660699589887589,0.0008098452675350369,1.59209228728368e-05,1.595395421193279e-05,1.582771442824457e-05
3143.0,0.1865134678400122,0.0007987580041828441,0.0002662872176427389,0.0008094221503237042,1.593966962302221e-05,1.597434786839188e-05,1.583865085990078e-05
3144.0,0.1870817279709347,0.0007614597156968085,0.0002657129061669492,0.0008090263413459839,1.594034843908343e-05,1.598757778728329e-05,1.585510483392406e-05
3145.0,0.1868072443148761,0.000903174385075663,0.0002677478032319007,0.0008087656922600565,1.595101964362734e-05,1.60050963267471e-05,1.588588362660337e-05
3146.0,0.1869678335377892,0.0008391301279271592,0.0002662997724176855,0.0008085929295582918,1.595721577600901e-05,1.601738087497786e-05,1.590345468276162e-05
3147.0,0.1874290636760443,0.0008680365662113713,0.0002668083368265247,0.0008084942481048534,1.59587196606504e-05,1.603841848248205e-05,1.59202901456627e-05
3148.0,0.187132330444703,0.0008882165954568551,0.0002677848877013639,0.000808484991918732,1.597554543226819e-05,1.605682840982106e-05,1.594562584000797e-05
3149.0,0.1873110565036019,0.0008405501781775372,0.0002671349905385971,0.0008085105363254193,1.598040100921229e-05,1.606753070479046e-05,1.595882849476036e-05
3150.0,0.1886131637154612,0.0008862776320131927,0.00026766862146405,0.0008085865698505376,1.600391166400945e-05,1.608701766801345e-05,1.598369296639909e-05
3151.0,0.1889264208293452,0.0008439729132717861,0.0002672103793073782,0.0008086741298043672,1.602446527582065e-05,1.611488729295912e-05,1.599430821758536e-05
3152.0,0.1881408134192383,0.0008431529106301557,0.0002673644795068344,0.0008087697588876501,1.603512016345726e-05,1.612381792064771e-05,1.599207385443842e-05
3153.0,0.1880380589208867,0.0009073943201764513,0.0002679989081014185,0.0008089419956437665,1.605403618924232e-05,1.612991020700501e-05,1.601283254296934e-05
3154.0,0.1885418318575066,0.0009175239645407256,0.0002675703515232179,0.0008090815695978262,1.60627159646481e-05,1.614866269231709e-05,1.603185878368322e-05
3155.0,0.1878415759150083,0.0008629300393784174,0.0002667172909499957,0.0008093141061850394,1.605705272995516e-05,1.61500183791634e-05,1.603925154078531e-05
3156.0,0.1878679516426768,0.000860950606810998,0.0002671814723052702,0.0008095570656427893,1.608198358548378e-05,1.617207858198744e-05,1.60627408085877e-05
3157.0,0.1872557844311961,0.0008677945666492549,0.0002672366503577458,0.0008098370083789026,1.608273816843588e-05,1.617132906946112e-05,1.607620868393676e-05
3158.0,0.187684644987075,0.0008255066416038752,0.0002665833062942259,0.0008101622031959583,1.60821453927227e-05,1.618424365028388e-05,1.610352434816854e-05
3159.0,0.1882436190280773,0.000870496670433686,0.0002675294918482002,0.0008106060660867881,1.61032535397334e-05,1.619344208246808e-05,1.611865395782058e-05
3160.0,0.1876908847398377,0.000848873377820223,0.0002670442960221251,0.0008111259374372939,1.608790048919515e-05,1.619893887593894e-05,1.61200959304906e-05
3161.0,0.1879843397295131,0.0008758713536572037,0.0002669975320979148,0.0008116818504203427,1.60937733996188e-05,1.621778418409848e-05,1.614559782314205e-05
3162.0,0.1871203943039043,0.0008444976274598797,0.0002669053355627887,0.0008122610997830707,1.610684664270373e-05,1.620507048715164e-05,1.616152294071558e-05
3163.0,0.1868005010708266,0.0009088389202158823,0.0002672867767825085,0.0008128503225216354,1.611120634929717e-05,1.621760506262209e-05,1.616006516108407e-05
3164.0,0.1864519343206518,0.0008470377831505874,0.0002664250611858073,0.0008134514763016648,1.612037825074635e-05,1.622792607406696e-05,1.615886924423832e-05
3165.0,0.186714978556308,0.0008687027651500117,0.0002667367982066547,0.0008140700202377441,1.61340218753909e-05,1.62316237070962e-05,1.615951297482327e-05
3166.0,0.1863986440815742,0.0008464219586576878,0.0002663486144648882,0.0008147623238591665,1.613321568706215e-05,1.623390684273993e-05,1.617019712839212e-05
3167.0,0.1870540324771429,0.0008966103735204827,0.000267221538052879,0.0008155181936055274,1.613379568892375e-05,1.625450884028296e-05,1.619042033391314e-05
3168.0,0.1873728826773703,0.0009162695885427845,0.0002671812650575981,0.0008162938523020095,1.61523219247154e-05,1.627024690235155e-05,1.620605845956674e-05
3169.0,0.1885384322571596,0.0008898121599333874,0.0002675330309232434,0.0008171026768638165,1.617793294129735e-05,1.628808759465855e-05,1.623148345176116e-05
3170.0,0.1878036919134105,0.0008516677453403531,0.0002671479881612817,0.0008179416161546306,1.617262326761654e-05,1.627266185672405e-05,1.624757775588482e-05
3171.0,0.1876512757138444,0.0008509912537062583,0.0002669582650963216,0.0008188750446081983,1.618689831109024e-05,1.627015375140138e-05,1.626094820470239e-05
3172.0,0.1876306370044808,0.000861380495495994,0.0002669642149036007,0.0008197878282899387,1.617953657837873e-05,1.628399354798673e-05,1.626564607914129e-05
3173.0,0.1876307985763332,0.0009412507885561323,0.0002678039007207168,0.0008206510584784557,1.618573333215508e-05,1.629148292928265e-05,1.627569310357692e-05
3174.0,0.1876537372898998,0.0009071549026912546,0.0002675479560456786,0.0008215681124232146,1.621122229342153e-05,1.629364562949917e-05,1.629580615383077e-05
3175.0,0.1875832672772074,0.0008888758838400485,0.0002676090167997107,0.0008224865451188981,1.620276676918043e-05,1.629065154956744e-05,1.629950167610586e-05
3176.0,0.1873973401391554,0.0008556741433664141,0.0002674203661336154,0.000823416835876037,1.620052218042685e-05,1.629101024779475e-05,1.62950335524918e-05
3177.0,0.1873466391741742,0.0008998212413406586,0.0002682332955708594,0.0008243143889550568,1.621994991943321e-05,1.630181089693425e-05,1.629790984767721e-05
3178.0,0.1878894113806377,0.0008550471489423839,0.0002672556264600181,0.0008252049893981361,1.62230640429579e-05,1.630354089249477e-05,1.630885690635584e-05
3179.0,0.1884639739091536,0.0008966578477106866,0.0002682003448252739,0.0008260420292577442,1.624944383267106e-05,1.632144303494538e-05,1.634109595320289e-05
3180.0,0.1878563229024431,0.0008675622835881497,0.0002681694662324588,0.0008268817411238735,1.624863682579827e-05,1.63020757424185e-05,1.633783811628678e-05
3181.0,0.1881674925975816,0.0008908206439181466,0.0002680338464659883,0.0008276918249952821,1.62562454039628e-05,1.630166443576716e-05,1.634389967738112e-05
3182.0,0.1881313624592675,0.0009620790859318148,0.0002690581047695766,0.0008284274316217652,1.626055614998188e-05,1.630979797267481e-05,1.634182894839538e-05
3183.0,0.188653451116786,0.0009012485855088763,0.0002675254050327927,0.00082913218849342,1.626873307869504e-05,1.630840921330088e-05,1.634814024729819e-05
3184.0,0.1891988486180833,0.0009240718091935796,0.0002683263504539983,0.0008298385266327497,1.628836893642941e-05,1.632032912078278e-05,1.639211562218193e-05
3185.0,0.1897227933762362,0.0008824140553529264,0.0002686968941509,0.0008304944847434959,1.628920211586361e-05,1.632579499923233e-05,1.639855125229669e-05
3186.0,0.1893171656666041,0.0008614818800858235,0.0002685576273821389,0.0008311110414954244,1.62967718824197e-05,1.632301559338711e-05,1.640494745670909e-05
3187.0,0.1895676763171809,0.0009366994282498585,0.0002699795555402607,0.0008316896477863975,1.631603943867517e-05,1.633391961664172e-05,1.642464402501499e-05
3188.0,0.1897144851373394,0.0008487800591486774,0.0002686827876704708,0.0008322322994555447,1.631419967589907e-05,1.633159148463918e-05,1.643201846450608e-05
3189.0,0.1903293631740598,0.0008503190374623189,0.0002696015985339955,0.0008327141810764325,1.632268178924633e-05,1.633114231614596e-05,1.643845027816593e-05
3190.0,0.1908208401083888,0.0009764263433069869,0.0002713687098631953,0.0008331722678861972,1.632792843680327e-05,1.633545176199312e-05,1.647298623735425e-05
3191.0,0.1910042656057592,0.0009637095159272899,0.0002708555187325271,0.0008335401235258144,1.632369256068906e-05,1.633414702488e-05,1.647917114879667e-05
3192.0,0.1907948190432545,0.001004975900635745,0.0002713478575832248,0.000833832323438717,1.633191552685966e-05,1.633423601626468e-05,1.649492931110619e-05
3193.0,0.1910978529999993,0.0009659954148441535,0.0002717394609681399,0.0008340790919465639,1.634810182993367e-05,1.633419518483204e-05,1.651383642025483e-05
3194.0,0.1921704935726886,0.0009358335173206607,0.0002708744192152674,0.0008342630406693165,1.635893834507467e-05,1.634337980048888e-05,1.653558813015496e-05
3195.0,0.1933229755023456,0.0009024846727392392,0.0002711877859903322,0.000834447539720612,1.638539452962422e-05,1.634502046246541e-05,1.655141784586917e-05
3196.0,0.1939972986780141,0.0008930267733081487,0.0002710490582890751,0.0008345878586903191,1.641388487663843e-05,1.636236173089783e-05,1.659273635560763e-05
3197.0,0.1933368979854657,0.0008744339131969269,0.0002710586934945034,0.0008347666940680315,1.642069029809275e-05,1.634546803924019e-05,1.660155469064141e-05
3198.0,0.1935291951427089,0.0008674101728901698,0.000271135688950619,0.0008349099557337541,1.641930825319638e-05,1.634355949642292e-05,1.661265221712244e-05
3199.0,0.1938070776494269,0.0008691952059107913,0.0002714389641870356,0.0008349844842272854,1.641830103660488e-05,1.63412875134748e-05,1.66298492604251e-05
3200.0,0.1938157164369219,0.0009403018364941375,0.0002725060900711851,0.0008350236662264819,1.64163741523798e-05,1.634077715921236e-05,1.664764193740909e-05
3201.0,0.1944839086117724,0.0009375559478573905,0.0002720287295263027,0.0008350458510653677,1.642106555614578e-05,1.633404820238787e-05,1.666849509797653e-05
3202.0,0.1943870796266932,0.0009999935107995383,0.0002727926166806663,0.0008350381348704066,1.643623682917493e-05,1.633058972802424e-05,1.669045618382838e-05
3203.0,0.1951748721724676,0.0009052735692634397,0.000272158624780799,0.0008350013680322987,1.644888277676008e-05,1.633390808703299e-05,1.669883138692574e-05
3204.0,0.194794373174042,0.0009079519125307193,0.0002721779192209792,0.0008349476230372176,1.645844223967981e-05,1.631862734340072e-05,1.671456062834989e-05
3205.0,0.1950267990716378,0.0008882936726932412,0.0002722955340510265,0.000834919225706695,1.645266774570638e-05,1.63259162416129e-05,1.673734439001913e-05
3206.0,0.1955103766637041,0.0008759215394308224,0.0002722861108480547,0.0008348206921778471,1.644479679512833e-05,1.632452871845436e-05,1.675966204256987e-05
3207.0,0.1965213231016434,0.0009006625943857011,0.0002732619356668298,0.000834742211648827,1.647901283219413e-05,1.633384066793653e-05,1.679638068316522e-05
3208.0,0.1971273002175692,0.0009425534241354158,0.0002735884923694393,0.000834619909739505,1.650375861352329e-05,1.635461183699824e-05,1.681686981587792e-05
3209.0,0.1973407329268939,0.0009856388031876842,0.000274097390952643,0.0008344435088842042,1.650609463885361e-05,1.633397343983484e-05,1.682594642603927e-05
3210.0,0.1972472699872199,0.0009754137750993541,0.0002733645503772923,0.0008342235781952553,1.64990291926612e-05,1.633821067854085e-05,1.684378224139419e-05
3211.0,0.196938440927976,0.001026607833073704,0.0002742596345632973,0.0008339984589018764,1.650587897993465e-05,1.63342607009773e-05,1.686557379932276e-05
3212.0,0.1973328561775524,0.000896904405158558,0.0002729890234513717,0.0008337420950492442,1.650217472635385e-05,1.633410315475095e-05,1.688305069904257e-05
3213.0,0.1976581088690994,0.0009110386366613974,0.0002731073997644246,0.0008334812089966106,1.650659702894005e-05,1.633062957650313e-05,1.690560528177899e-05
3214.0,0.1982033695854889,0.0008857835115127807,0.0002732061804719413,0.0008331887550601598,1.652084711497466e-05,1.633215120743068e-05,1.693564140269285e-05
3215.0,0.1980379876780568,0.0008659638341252892,0.000273010775086886,0.0008328921087322009,1.652362441167561e-05,1.63297087221034e-05,1.694173393013903e-05
3216.0,0.1986737840309041,0.0008916153992587214,0.000273486525236136,0.0008325434249795619,1.652337824214411e-05,1.632569769261146e-05,1.69478194772842e-05
3217.0,0.1992419650305687,0.0009100482095582072,0.0002735649132973931,0.0008322079879329909,1.654275563802853e-05,1.632937504483539e-05,1.697681730348648e-05
3218.0,0.1995332174612087,0.0009490857326341915,0.0002741637451320535,0.000831845892834115,1.653846173207793e-05,1.632991368715824e-05,1.699480487964208e-05
3219.0,0.1998763353014043,0.0009446985694764325,0.0002736994118144251,0.0008314590588057867,1.65535914671059e-05,1.633609253319405e-05,1.701109033314456e-05
3220.0,0.2005147843934085,0.0009400760123390126,0.0002741012078800554,0.0008310595253813276,1.655453257212447e-05,1.633148985144768e-05,1.702387974400976e-05
3221.0,0.2000601435877604,0.0009598164626149675,0.000274635674409158,0.0008307068211286022,1.655783733544057e-05,1.631801296868102e-05,1.703795315029288e-05
3222.0,0.1999421553446036,0.0009340604966048069,0.0002741255345483936,0.0008303736745720232,1.654820627901659e-05,1.631536739211986e-05,1.705293928093348e-05
3223.0,0.2000997143732833,0.0009426848558977739,0.0002742065580499864,0.0008300576883296521,1.654432552796947e-05,1.631121444563423e-05,1.707251505961341e-05
3224.0,0.1991759265055052,0.0009120239932941394,0.000274289597641411,0.0008297425068018882,1.654704410357753e-05,1.629656727438363e-05,1.70813932797097e-05
3225.0,0.1996872544964128,0.0009128867949919395,0.0002738595375403598,0.0008294271550164295,1.654955999613205e-05,1.630392188461649e-05,1.708467215886971e-05
3226.0,0.1999503476300009,0.0008448493075748299,0.0002730318483585546,0.000829177098279446,1.654794541202299e-05,1.629769961002307e-05,1.71080079445904e-05
3227.0,0.199769383279349,0.0009086577290811128,0.0002739704190203778,0.000828917720367135,1.656097116805716e-05,1.630054271240312e-05,1.712579942200923e-05
3228.0,0.2005069159275217,0.0008399667353260157,0.0002733207767659899,0.0008286270492271472,1.654821192513422e-05,1.630398623954377e-05,1.712326506523095e-05
3229.0,0.2003380460867194,0.0009105171293246286,0.0002745565199075202,0.0008284181788865393,1.655182779559653e-05,1.630873561970696e-05,1.715094608385957e-05
3230.0,0.2012079462105904,0.0009337748349087596,0.0002746668417725668,0.0008282484665633647,1.655690990290986e-05,1.630698478884085e-05,1.716093549173791e-05
3231.0,0.2014731496188616,0.001092314210196383,0.0002763359304363311,0.000828086028500034,1.656907266454477e-05,1.630525483010739e-05,1.717988477846122e-05
3232.0,0.2016276374475892,0.001064005436908081,0.0002763272222282846,0.000827971940640386,1.658090862362729e-05,1.632457832228576e-05,1.718847538181624e-05
3233.0,0.2014469329655997,0.001025474259384178,0.0002763106868812988,0.0008278977331598219,1.657743737873282e-05,1.630853754766832e-05,1.719314894240638e-05
3234.0,0.2015796731692761,0.000959050069148993,0.0002753544593182539,0.0008277994121326064,1.656842028312829e-05,1.63083625069748e-05,1.719671911501619e-05
3235.0,0.2017256478095574,0.0009163722663362282,0.0002746734406046817,0.0008276868556900591,1.657547432670803e-05,1.630909893215232e-05,1.721504546124652e-05
3236.0,0.2011223774101031,0.0008804669228704171,0.0002742875249908712,0.000827585628364258,1.658155650466636e-05,1.631932725148688e-05,1.723067033521025e-05
3237.0,0.2004399770402419,0.0009139255352259161,0.0002748577019500763,0.0008274591608691531,1.658473624862037e-05,1.63059860418165e-05,1.723043520149729e-05
3238.0,0.2004792468980052,0.0009023447629677543,0.0002745040103669396,0.0008273225440129334,1.658616057434949e-05,1.630575231236868e-05,1.722925159928754e-05
3239.0,0.2007448867892016,0.0008977340110447843,0.0002743508657873357,0.0008271551379479217,1.659188404273836e-05,1.629837448282416e-05,1.723331380245315e-05
3240.0,0.2022904530561268,0.000992819405833928,0.0002755978009771017,0.00082697453696178,1.661979173404241e-05,1.630947852277246e-05,1.726201123840873e-05
3241.0,0.2010332429974108,0.001107793690887825,0.0002762625110862858,0.0008268366059305451,1.662198847016152e-05,1.630007233920054e-05,1.726179258945201e-05
3242.0,0.2014490868879791,0.001089599061847322,0.00027689199269462,0.0008267128240701337,1.661335683845506e-05,1.631333214576592e-05,1.726697072451589e-05
3243.0,0.2019421174235597,0.0009874223858478037,0.0002753449329041407,0.0008265835011129206,1.660874068340321e-05,1.63078792983379e-05,1.72668287037948e-05
3244.0,0.2018656799730251,0.001042184730830145,0.0002765816409901975,0.0008265028340864481,1.663380306646014e-05,1.630566244974893e-05,1.729142518916496e-05
3245.0,0.2020094826957099,0.0009308832317052759,0.0002745850744705244,0.0008263983500978778,1.663484394904861e-05,1.631084238367586e-05,1.727817822317292e-05
3246.0,0.2010650009856831,0.0009374541931008102,0.0002748180750399495,0.0008263370877853846,1.662376413314595e-05,1.629423713335923e-05,1.727398102518803e-05
3247.0,0.2011819343710663,0.0008950213629726505,0.000274597251882789,0.00082627974829851,1.662724897274038e-05,1.628643584135359e-05,1.727223790140515e-05
3248.0,0.2007379644479427,0.0009340898749493845,0.0002750394603613651,0.0008262612268066117,1.662680446168121e-05,1.628778894949607e-05,1.727712560812216e-05
3249.0,0.2005045514049465,0.000930207063654997,0.0002751496849466503,0.0008262417795788103,1.662803427310524e-05,1.627467049752169e-05,1.727145428545749e-05
3250.0,0.200573840506773,0.001037679109364075,0.0002764021241382724,0.0008262424349104252,1.663617611642748e-05,1.627716326052932e-05,1.728432143446785e-05
3251.0,0.201371036481112,0.001046687715196626,0.0002762178284252707,0.0008262276900043645,1.665255030388131e-05,1.628375675202149e-05,1.728091340306503e-05
3252.0,0.2016657368615954,0.001134275687822785,0.0002775098542669142,0.0008262394412344291,1.664370129200489e-05,1.628294576349721e-05,1.727855200943157e-05
3253.0,0.2012944259300843,0.001050587750000988,0.0002770778507071462,0.0008263038967023765,1.666600789867957e-05,1.628990849436897e-05,1.729069568316134e-05
3254.0,0.2014424711380969,0.0009651323794431882,0.0002764531603069218,0.0008263877430691709,1.666769196108723e-05,1.628230431391862e-05,1.727290171573153e-05
3255.0,0.2006759128656171,0.0009013300556690518,0.0002749930133867123,0.0008264923152337788,1.667881147092711e-05,1.626961496096991e-05,1.727951226626206e-05
3256.0,0.2001294427567822,0.0008826271458018855,0.0002744334718021338,0.0008266760158566947,1.668051642524404e-05,1.625286030748655e-05,1.726933890220063e-05
3257.0,0.1996849523852752,0.0008318257614602867,0.0002738828543992355,0.0008268890284620369,1.668391962595559e-05,1.62534921553059e-05,1.726120165727777e-05
3258.0,0.2002661284135505,0.0009353007711023074,0.0002753371678597804,0.000827111349182971,1.668558992307051e-05,1.625145258570541e-05,1.725684924095813e-05
3259.0,0.2004447697661494,0.0009604628656691656,0.000275190448651409,0.000827389072115306,1.670090338570131e-05,1.62448012752263e-05,1.728391453233375e-05
3260.0,0.2009485498585375,0.001054976944534493,0.0002770164527175269,0.0008276507808342411,1.670934234352087e-05,1.625109692235759e-05,1.728370607995143e-05
3261.0,0.2007356841009549,0.001048632415506645,0.0002772191557322599,0.0008278577068730852,1.671147158460401e-05,1.625589545677815e-05,1.727116873638449e-05
3262.0,0.2004748494867429,0.0009872259024529416,0.0002770024392210366,0.000828054552965271,1.672386590401694e-05,1.623876763165129e-05,1.726311389801016e-05
3263.0,0.2006413512931254,0.0009597888522753311,0.0002759612467397328,0.0008281621676853815,1.672976719143219e-05,1.623347203675812e-05,1.725659603108595e-05
3264.0,0.2005840284807662,0.0008653710038493281,0.000274881823791131,0.0008282884797555516,1.674383672524972e-05,1.622681682243592e-05,1.726103600315509e-05
3265.0,0.2005247998726515,0.0009403764140424908,0.0002750870706847689,0.0008283780149001726,1.675104830237439e-05,1.622712621920917e-05,1.725325503066852e-05
3266.0,0.2003889105312443,0.0009268779994911139,0.0002745584335994951,0.0008284533522907007,1.676228455160693e-05,1.622549991327268e-05,1.72487422118094e-05
3267.0,0.20043404912442,0.00108735529789438,0.0002765203218119478,0.0008285379302512797,1.678944032150051e-05,1.622752634968943e-05,1.724100333663945e-05
3268.0,0.2000128773392797,0.0009363303995848053,0.0002743514835308134,0.000828657347319695,1.679619587032645e-05,1.621298836313308e-05,1.724130890756227e-05
3269.0,0.2004951646028777,0.0008925033713488695,0.0002745109492369071,0.0008287093898937968,1.679737140523252e-05,1.620650671275601e-05,1.723469628211692e-05
3270.0,0.2010992824222965,0.001012519022513742,0.0002767505847763385,0.0008288048497115461,1.683651486112492e-05,1.621244478215412e-05,1.725346340132171e-05
3271.0,0.1997090232415587,0.0009357350958541517,0.000275619495119211,0.0008289874942839699,1.68268268259809e-05,1.618564397165262e-05,1.723380595531279e-05
3272.0,0.1996631136647659,0.0009949287286797103,0.0002758648955005208,0.0008291413242951607,1.681662058207093e-05,1.618630052639882e-05,1.72146504243922e-05
3273.0,0.19962507377848,0.0009004126497696646,0.0002752390202976826,0.0008292505906081256,1.682876451263826e-05,1.617858930178732e-05,1.721454583824522e-05
3274.0,0.1994325867180081,0.0009889043250074399,0.0002761066421747984,0.0008294364088477644,1.684802067373729e-05,1.617365177336769e-05,1.72185650062819e-05
3275.0,0.1998881711074084,0.0009567906822145342,0.0002758490710141933,0.0008296222186736965,1.685873106857927e-05,1.617048210269515e-05,1.719978636017115e-05
3276.0,0.1997974654410079,0.001026389911289439,0.0002759758401721919,0.0008298416247000022,1.688733336119817e-05,1.617102468775557e-05,1.719176258062036e-05
3277.0,0.1989469468911418,0.001019328951454967,0.0002756303926938984,0.0008300747418629483,1.687289715317475e-05,1.615073206265213e-05,1.716780975797383e-05
3278.0,0.1986794243889558,0.0009385577390421284,0.0002747439999779247,0.0008302667886711918,1.688296176047071e-05,1.6140589990497e-05,1.715818520659995e-05
3279.0,0.1983477962922341,0.0009642907696583023,0.0002755755103687603,0.0008304705922166434,1.688862900198088e-05,1.612715154832925e-05,1.715651153098766e-05
3280.0,0.1973726783400922,0.0009209283538756996,0.0002750140549248284,0.0008306697288523009,1.689303308299223e-05,1.611498205194914e-05,1.71465210927473e-05
3281.0,0.1969413267684023,0.0008587906058418187,0.0002739970436148037,0.0008308643505000089,1.689611221928049e-05,1.610105654251476e-05,1.712810939048997e-05
3282.0,0.1963764763568213,0.0008747485056166387,0.0002742134703419237,0.0008311258736519764,1.689619193024228e-05,1.608366762868952e-05,1.711523684321802e-05
3283.0,0.1968524455113735,0.0008676732384801317,0.0002739146770506865,0.0008313872505521971,1.691249425995123e-05,1.608492359786536e-05,1.711816371388016e-05
3284.0,0.1969945563933632,0.0008798347785592082,0.0002745364743449305,0.0008316597160332705,1.69274631129352e-05,1.607641375179757e-05,1.712118222247001e-05
3285.0,0.1977331456276869,0.001054069255229726,0.0002769922487459172,0.0008319226323278234,1.695840210588143e-05,1.608573650610926e-05,1.712714182498565e-05
3286.0,0.1970521678239077,0.0009865542742925925,0.0002749376761385586,0.0008322090870606618,1.695006097233987e-05,1.607204033970775e-05,1.709703569366182e-05
3287.0,0.1971245438519035,0.001091230327314052,0.0002768049185779038,0.0008324894436374914,1.69650346436476e-05,1.607818413218652e-05,1.708708640400222e-05
3288.0,0.1970476341680883,0.0009684362402536278,0.000275398714452186,0.0008327888258537335,1.696007986312379e-05,1.607386227184643e-05,1.706514830054299e-05
3289.0,0.1961763006773937,0.0009271859563756101,0.0002750705863514804,0.0008330364442027664,1.695026762000756e-05,1.60481102117976e-05,1.704987080426456e-05
3290.0,0.19578587674266,0.0009087155412799331,0.0002743016273336905,0.0008332901337712945,1.695734074046666e-05,1.603095724376551e-05,1.705189921242679e-05
3291.0,0.195347911018822,0.0008483320631919727,0.0002735593587824807,0.0008335536251736161,1.695095023268943e-05,1.602410222075647e-05,1.702402152294468e-05
3292.0,0.1950454641228114,0.0008473010266678595,0.0002735825554034799,0.0008338004125406008,1.69486837941551e-05,1.599600904168723e-05,1.700925390386215e-05
3293.0,0.1950824442269419,0.0008757147578512199,0.0002747477019845843,0.0008339865708598587,1.695313533981251e-05,1.599053710388801e-05,1.700074685175216e-05
3294.0,0.1951549698601862,0.001005073830569093,0.0002760036755489469,0.0008341736285674484,1.696419569326814e-05,1.598056277794183e-05,1.698986063466922e-05
3295.0,0.1953490897706747,0.0009464061523221449,0.0002739347166090973,0.000834344976697088,1.6966233879246e-05,1.596575558845909e-05,1.696997945254996e-05
3296.0,0.1947388094058563,0.001048829512636534,0.0002758006296742249,0.0008345563534016263,1.697601656798935e-05,1.596535475538843e-05,1.695501213017561e-05
3297.0,0.1942391089620041,0.0009678028866055804,0.0002744417287581478,0.0008347406219390576,1.697591118716247e-05,1.595309104055494e-05,1.692768053138675e-05
3298.0,0.1946253006685426,0.000904498710978699,0.0002735613133991052,0.0008348813374042737,1.697894862674135e-05,1.594781636631821e-05,1.691068603293278e-05
3299.0,0.1938443989582654,0.000905729634244605,0.0002740628182211185,0.0008350587624270588,1.699176270879763e-05,1.594164968417115e-05,1.690499361895429e-05
3300.0,0.1941578225394654,0.0008569834501710011,0.0002728607111161145,0.0008351943813698139,1.698607258744848e-05,1.593862096912052e-05,1.688760961570052e-05
3301.0,0.1942671644907724,0.000946467289641601,0.0002736740892908746,0.0008353659460718621,1.69944566095363e-05,1.593903833955294e-05,1.689883619280443e-05
3302.0,0.1951110401972128,0.0008924318327142954,0.0002736296523467397,0.0008355279715885634,1.700214181309166e-05,1.594896105563433e-05,1.689641712274094e-05
3303.0,0.1937639016095273,0.0008679537374215975,0.0002732837838075315,0.0008357157160882709,1.699752762525465e-05,1.593277740066681e-05,1.687406771762795e-05
3304.0,0.1930767176938339,0.0009570969921456855,0.0002737347829449392,0.0008358963016092034,1.699596246639219e-05,1.591511732133016e-05,1.684692606464199e-05
3305.0,0.1919495747608794,0.0008999634811274801,0.0002727609705668464,0.0008360251016072131,1.700327604867207e-05,1.589838214692981e-05,1.681477025360451e-05
3306.0,0.1915398198840706,0.0009106868754774261,0.0002725805996938293,0.0008361190191075285,1.699304231566573e-05,1.588935516253318e-05,1.678665228812041e-05
3307.0,0.1913557916734344,0.000828604999414011,0.0002716457490035072,0.0008361767090804482,1.699444269370728e-05,1.587281063809305e-05,1.677196372137395e-05
3308.0,0.1911963971239064,0.0009300903881623904,0.00027277018885376,0.00083624100038026,1.700390263971946e-05,1.586293827349618e-05,1.676147632595875e-05
3309.0,0.1908417483248191,0.0009150031558184113,0.0002720499156775533,0.000836337427330934,1.700137829426267e-05,1.586101474735949e-05,1.674662898820955e-05
3310.0,0.1910265210312428,0.0009371776873653854,0.0002719904328950125,0.0008364293578592573,1.700263658113882e-05,1.586209512896106e-05,1.672571127762685e-05
3311.0,0.1901584640038998,0.0008218961965741058,0.0002712984520595654,0.0008365293725385267,1.700159216383319e-05,1.584643462869405e-05,1.670996071134487e-05
3312.0,0.1901954891686276,0.0008479767954331172,0.0002709041242109084,0.0008366435554736617,1.700459583869853e-05,1.584756008521185e-05,1.670129505018013e-05
3313.0,0.1907266924238638,0.001003772392866459,0.0002726809527473761,0.0008367691470323541,1.702226667141328e-05,1.584205865868282e-05,1.669902117398877e-05
3314.0,0.1906034390422086,0.001000731906163874,0.0002721710164359119,0.0008369672637370774,1.702751502337746e-05,1.583858790299125e-05,1.66946611047437e-05
3315.0,0.1904473025310104,0.001005354318601328,0.0002720246186178462,0.0008371823062694713,1.70218184162601e-05,1.586159640744405e-05,1.668711186309683e-05
3316.0,0.1904281773595797,0.0009593261362227065,0.0002713873934719745,0.0008373657960066205,1.700967744690521e-05,1.584497787092561e-05,1.667043664543797e-05
3317.0,0.1912967966409771,0.000943183963781836,0.0002714733949765492,0.0008375633471974214,1.7033181249921e-05,1.587318820563282e-05,1.669047464757573e-05
3318.0,0.189343807656289,0.0008791100065833449,0.0002702424844320115,0.0008378305759781662,1.701391400846849e-05,1.584196467430801e-05,1.665005427535488e-05
3319.0,0.1894940445809457,0.0008160779230569385,0.000268880360112576,0.00083803830573208,1.701984628798866e-05,1.584082688792096e-05,1.662808367060186e-05
3320.0,0.1892515443899512,0.000861783652044299,0.000269328937810238,0.0008382797372768681,1.701816653497266e-05,1.582945013538896e-05,1.661655998421285e-05
3321.0,0.1883724702626966,0.0008066270087269887,0.0002691257671699072,0.000838548184462106,1.701276147275131e-05,1.581043903268578e-05,1.660345336643656e-05
3322.0,0.1877016260390315,0.0009034790815468677,0.0002697408082999289,0.0008387831271024981,1.699919975706515e-05,1.579368929673862e-05,1.65916633938834e-05
3323.0,0.1873139111655749,0.000852705354515715,0.0002684907168558679,0.0008389460035676529,1.700521933149286e-05,1.578254348113037e-05,1.657887759574864e-05
3324.0,0.18662227671909,0.0009530068286402077,0.0002703025973538132,0.0008391668014473418,1.700679890161784e-05,1.577100084682357e-05,1.657333668131134e-05
3325.0,0.1868845314692123,0.0009231180833484096,0.0002687894356660295,0.0008393873369126194,1.699914769254915e-05,1.576816319919175e-05,1.655104300980242e-05
3326.0,0.1868388559197322,0.0009479828100954011,0.0002688838370544649,0.0008396148004377869,1.699778876659859e-05,1.577074857138591e-05,1.655171017105086e-05
3327.0,0.1869509932191094,0.0009462033022256941,0.0002696377053590244,0.0008398149434898989,1.699424538402693e-05,1.576970755620887e-05,1.65481190922444e-05
3328.0,0.1872550535422909,0.0008943561920873132,0.0002686771298654,0.0008400069908485146,1.699442290533347e-05,1.577159629761264e-05,1.654671642322962e-05
3329.0,0.1874155714592585,0.0009237715866905646,0.0002687814807838262,0.0008402131701403763,1.700660659785542e-05,1.576944634442017e-05,1.655682366198204e-05
3330.0,0.1870586840157369,0.0009141857323368138,0.0002686985363488541,0.0008404498547823717,1.6992447474632e-05,1.576374646735914e-05,1.65388745264475e-05
3331.0,0.1872625749972998,0.0009197467026227912,0.0002683933052308236,0.0008406576490402912,1.697951608621301e-05,1.574814748031399e-05,1.651832661632708e-05
3332.0,0.1879988528538859,0.0008832305120858573,0.0002680119720663734,0.0008408648278969992,1.697898653639344e-05,1.576505599717337e-05,1.653299266123786e-05
3333.0,0.1876383123843062,0.0009020059220615802,0.0002682159389547924,0.0008410839007407114,1.697620067315679e-05,1.576932423950997e-05,1.653586566236908e-05
3334.0,0.1872447286995323,0.0008008952245294172,0.0002667185460137092,0.0008413082821259678,1.696469342335942e-05,1.576221282851581e-05,1.653180093450458e-05
3335.0,0.187064704852923,0.00084079714477919,0.000267090027557344,0.0008414888959421969,1.696098056217808e-05,1.575512408033174e-05,1.652470869954455e-05
3336.0,0.1870276693130519,0.0008285691092996843,0.0002666997932147203,0.000841666597431394,1.696116347985634e-05,1.57457193969155e-05,1.651203241172879e-05
3337.0,0.1873092092119297,0.0009244458040139143,0.0002676270186190622,0.000841831700333737,1.695788790604218e-05,1.573925362074844e-05,1.651712256384902e-05
3338.0,0.1878456708256796,0.0008822709361291899,0.0002672638377686015,0.0008419266715163222,1.695580662786357e-05,1.573389975699481e-05,1.651694166596669e-05
3339.0,0.1877547010963606,0.0009132786569961246,0.0002674936008329868,0.0008420324376188855,1.694315955580077e-05,1.572166442652445e-05,1.652071738319932e-05
3340.0,0.1877051110105595,0.0008453017770856956,0.000266980900204992,0.0008421237094860889,1.692943018254993e-05,1.573363589414865e-05,1.651970868361552e-05
3341.0,0.187582445642793,0.0008345754875963358,0.0002667868409968666,0.0008421340837167472,1.69161251991423e-05,1.57269584611492e-05,1.650860001171167e-05
3342.0,0.1880035641300916,0.0008677269612233187,0.0002672748210252291,0.0008421236945328371,1.691173636751681e-05,1.571578834265683e-05,1.651491494889232e-05
3343.0,0.1876412073083689,0.0008430580630012842,0.0002664795761007813,0.0008421043942677684,1.689763883927285e-05,1.571641684396692e-05,1.651800867710181e-05
3344.0,0.1874133958203026,0.0009251265948713552,0.0002680008586957101,0.0008420587578351776,1.689267374200236e-05,1.570786096718541e-05,1.651465953210453e-05
3345.0,0.1873431888799406,0.0008471420991113084,0.0002669582957198529,0.0008419139527227923,1.686478347174974e-05,1.570996652701962e-05,1.649824156657369e-05
3346.0,0.1875824596635337,0.0008804655533615534,0.0002674214595624244,0.0008417026451937687,1.684910484307446e-05,1.570794047715326e-05,1.649711792737149e-05
3347.0,0.1878438591023202,0.0008952280681233247,0.0002676111299867428,0.0008414407536750322,1.685257699210653e-05,1.57173981557141e-05,1.649910354721611e-05
3348.0,0.1881231632915949,0.000874704535201948,0.0002677210720015152,0.0008411632748088027,1.684809409836793e-05,1.571587817799369e-05,1.650400265211018e-05
3349.0,0.1892437930005621,0.0008278011105932572,0.0002670209087664062,0.0008408093936969951,1.683022596811763e-05,1.572492405234847e-05,1.651740479864911e-05
3350.0,0.1878873141228268,0.0008295563442306709,0.0002669509780303916,0.0008404301853607585,1.681682348119439e-05,1.571545267019792e-05,1.651544507689417e-05
3351.0,0.1884421324265199,0.000905085056695855,0.0002674728586770261,0.0008399512036805803,1.680351451678908e-05,1.571235953967756e-05,1.651574269883157e-05
3352.0,0.1882553119308853,0.0008400267756317657,0.0002667036858958274,0.0008394506658125884,1.679317749767922e-05,1.570920664091728e-05,1.652421034903021e-05
3353.0,0.1882699952262546,0.0008167251347113026,0.0002667567375334728,0.0008389246705413539,1.677784060583439e-05,1.57003698456694e-05,1.651923442891031e-05
3354.0,0.1878468221935745,0.0008051276931956522,0.0002669106103547434,0.0008383625766229059,1.675147182097654e-05,1.569006090754157e-05,1.650724495017643e-05
3355.0,0.1878630370514927,0.0007814891702563775,0.0002664396816815819,0.0008377640095691618,1.673300930438394e-05,1.568694650178736e-05,1.651142846539464e-05
3356.0,0.1884206627821869,0.0008597071916623126,0.000267380260318944,0.0008370755503458483,1.672512514717993e-05,1.568691923414147e-05,1.65220658879654e-05
3357.0,0.1882310899651607,0.0008546404155138474,0.0002672907663937633,0.0008363978046314811,1.672079294494532e-05,1.568818006928542e-05,1.652256036034658e-05
3358.0,0.1880222267079792,0.0009018228909270712,0.0002683898324547332,0.0008356679395556295,1.670105954267614e-05,1.568296756203875e-05,1.652642199697818e-05
3359.0,0.1882763049841298,0.0008724287919858734,0.0002680590649929976,0.0008348522788096784,1.667439577401788e-05,1.567977835348024e-05,1.651675827277098e-05
3360.0,0.1884783049063419,0.0009511738064266531,0.0002693965415267693,0.0008340898561073726,1.668010062335841e-05,1.568588660766208e-05,1.652894036203283e-05
3361.0,0.1889746973493495,0.0009576342101093592,0.0002698811958218306,0.0008332978752840946,1.666493792197763e-05,1.569808386734446e-05,1.653245721643074e-05
3362.0,0.1889171162902888,0.0009373142699061391,0.0002693501433464656,0.0008324373189030053,1.66468806779413e-05,1.569990999096656e-05,1.652842269956194e-05
3363.0,0.1889883490109026,0.0009056125556429293,0.0002693845862382279,0.0008314974654517816,1.662887159867587e-05,1.569771922339994e-05,1.652773974412185e-05
3364.0,0.1889653434323803,0.0009715926559620099,0.0002699354609549314,0.0008305748374539796,1.66169070091802e-05,1.568691263134417e-05,1.653793991802701e-05
3365.0,0.1884172959130274,0.0009211449018450107,0.0002689625205226758,0.0008296477049515715,1.658233893552856e-05,1.568125381580057e-05,1.652842820129556e-05
3366.0,0.1892824389436028,0.0009740722339737323,0.0002696480462674764,0.0008286733719061567,1.657530068251322e-05,1.568258840553938e-05,1.653252835354544e-05
3367.0,0.1888024661926787,0.0008838190293535739,0.0002691007199903489,0.0008276934266875748,1.656171761954963e-05,1.56771838580626e-05,1.652549634488308e-05
3368.0,0.1886431334505412,0.0009088617000542359,0.0002696976375342831,0.0008266232154942799,1.653884776470107e-05,1.566395177435486e-05,1.652428174742134e-05
3369.0,0.1882882391572679,0.0008707807841553509,0.000269388554546071,0.0008255922381918422,1.652398929412899e-05,1.565811369441299e-05,1.653049648012913e-05
3370.0,0.1879314306247054,0.0008415236906629481,0.0002686334737755261,0.0008244732872056876,1.649594942922212e-05,1.565049422213972e-05,1.652421532412256e-05
3371.0,0.188290625928811,0.0009017228960726068,0.0002701690730625733,0.0008233465996655876,1.649417494717482e-05,1.564443292159649e-05,1.652870857438076e-05
3372.0,0.1878963875993331,0.000943704239615934,0.0002703809375588544,0.0008222556722929989,1.646956499056058e-05,1.564043349721902e-05,1.652488252090672e-05
3373.0,0.187898803073849,0.0008728975076082693,0.000269446386068583,0.0008211535788599591,1.645139400199773e-05,1.563230238141909e-05,1.652056322857601e-05
3374.0,0.1877255105303336,0.0008777737469376359,0.0002700888072506684,0.0008200584251374928,1.644875094732643e-05,1.563263080336741e-05,1.652818980533669e-05
3375.0,0.1876968307337444,0.0009046586375481498,0.0002707576194275049,0.0008189345644548305,1.643622192764923e-05,1.563023682880417e-05,1.651993798591992e-05
3376.0,0.18763895239981,0.0009360846346018044,0.0002719015450648296,0.0008178424951648133,1.642451661465628e-05,1.56239111040128e-05,1.65286105751596e-05
3377.0,0.1881301108568898,0.0009418620463472128,0.0002719613976695421,0.0008167505653739724,1.640206231862832e-05,1.562746232150967e-05,1.652328917133031e-05
3378.0,0.188168268583916,0.0009517181320049933,0.0002715445146536829,0.0008156184699506862,1.639792362895609e-05,1.562212154247479e-05,1.65197504919615e-05
3379.0,0.1883622386122833,0.001083410803163071,0.000272999802016917,0.0008145142719665897,1.638987719739671e-05,1.560731211431341e-05,1.654019080826885e-05
3380.0,0.1882143081791302,0.001039464338389913,0.0002714779325262165,0.0008133719356875324,1.636027848026046e-05,1.560045165735713e-05,1.652859594073858e-05
3381.0,0.1881671833896117,0.0009812013260540038,0.0002719348842424998,0.0008122479352669505,1.635093522481425e-05,1.559198133140343e-05,1.651287745888099e-05
3382.0,0.1877374295201926,0.001017726325405474,0.0002724663736616506,0.0008111941369868762,1.634593678441261e-05,1.558346237438411e-05,1.652905952798477e-05
3383.0,0.1876546256813004,0.0009148922874535164,0.0002710768723183942,0.0008101548944148568,1.632470829984634e-05,1.558067213775557e-05,1.65206826927523e-05
3384.0,0.1873115895160905,0.0009235474612171109,0.0002710177537695791,0.000809100581547458,1.630913376001915e-05,1.55753549513678e-05,1.651049804227071e-05
3385.0,0.1873317789714736,0.00098169710940303,0.0002725896926465596,0.0008080778618260256,1.631507068017644e-05,1.557920646795602e-05,1.652334642450169e-05
3386.0,0.1869960858874213,0.001028505113602892,0.0002723081962243609,0.0008070796310278881,1.629075635102762e-05,1.557819527549794e-05,1.651421519477797e-05
3387.0,0.187068305698276,0.001001344830773088,0.0002724440283810497,0.0008060716786521184,1.627736812343782e-05,1.556684022701116e-05,1.650704327137833e-05
3388.0,0.1872508083519274,0.001000113740892855,0.000272115010517053,0.0008050486623393995,1.627234192090962e-05,1.556836220217959e-05,1.651454667815671e-05
3389.0,0.1870708563397796,0.001000635260379816,0.0002718748535623531,0.0008040742117127164,1.62551994203596e-05,1.555413154526124e-05,1.651291478932083e-05
3390.0,0.1868990520119264,0.001025450082791989,0.000272574126067248,0.0008030832543542314,1.625055172525239e-05,1.555938376009106e-05,1.651088997252934e-05
3391.0,0.186361979779838,0.0009995070175348815,0.0002721435202125465,0.0008021935356812294,1.623352680590575e-05,1.554014050090565e-05,1.651247101747625e-05
3392.0,0.1867991316358279,0.0009715460379038842,0.0002717370236161206,0.0008013314833609371,1.623633573301767e-05,1.554497429678774e-05,1.651785606027976e-05
3393.0,0.1862953164162266,0.0008959763256645048,0.0002712088556368956,0.0008005443614018922,1.622136760315096e-05,1.553367626153979e-05,1.651026030050427e-05
3394.0,0.1863307646368481,0.0009357397922748727,0.0002710826180010836,0.0007998151170109707,1.620911494405988e-05,1.552392861573596e-05,1.651397184619285e-05
3395.0,0.1852431589803548,0.0009924101192960234,0.0002712347642310757,0.0007991262392165067,1.619238280173498e-05,1.551536355783599e-05,1.651046072130795e-05
3396.0,0.1856252448037185,0.0009840865626807088,0.0002721558994805858,0.0007984985455367915,1.618923865852708e-05,1.552004668200559e-05,1.650731488397583e-05
3397.0,0.184970866738137,0.001034272848857488,0.0002717078770004884,0.000797985108435262,1.616525478026955e-05,1.550518131195552e-05,1.649417219115198e-05
3398.0,0.1848446217574583,0.0008910941564673048,0.0002702849499840297,0.000797468281814599,1.615601087304641e-05,1.550305253831729e-05,1.649271079993297e-05
3399.0,0.1848262319352487,0.0009543634543363079,0.0002706828180511801,0.000797022724853337,1.615894325079322e-05,1.549387593198898e-05,1.64884533369987e-05
3400.0,0.1843876781240094,0.0009063343226689717,0.0002701303257126957,0.0007966931339756771,1.615840458970757e-05,1.548815580032508e-05,1.650163005579762e-05
3401.0,0.1845084165508343,0.0008130136591993526,0.0002693559651428015,0.0007963944934715897,1.61424512908307e-05,1.547004945001093e-05,1.649361561142337e-05
3402.0,0.1844990202637077,0.001001640948806311,0.0002712587416118988,0.0007961473513344446,1.613028688661061e-05,1.545603370210201e-05,1.649417368798766e-05
3403.0,0.1841610254151144,0.001061589320827197,0.0002711333825071976,0.0007959713759679089,1.613481793374661e-05,1.545823492868238e-05,1.648909270433837e-05
3404.0,0.1845888079646744,0.001001906245324469,0.0002714486898005121,0.0007958347780259161,1.612324616266612e-05,1.545189266349873e-05,1.647902541930938e-05
3405.0,0.1853908735123527,0.0009546598158950795,0.0002710450757074234,0.0007957481927448559,1.61137175435707e-05,1.54549823097086e-05,1.647553759695039e-05
3406.0,0.1848367139358148,0.0009253186678805888,0.000270272923149227,0.0007957795644205225,1.613172725917031e-05,1.545703545147383e-05,1.647743534512854e-05
3407.0,0.1845400358856435,0.0009257819224168203,0.0002700227256815014,0.0007958403275912167,1.611622309325218e-05,1.543654617364853e-05,1.645908326389915e-05
3408.0,0.1837021427524075,0.000901086141617056,0.0002699357946345893,0.0007959370617353274,1.610329476215437e-05,1.541969804623937e-05,1.644630330234134e-05
3409.0,0.183866717759833,0.0009145003884545787,0.0002692113137723576,0.0007960418068442067,1.609386562835796e-05,1.541283373372545e-05,1.643947006233107e-05
3410.0,0.1833753082781337,0.0008567751145982346,0.0002686415290155336,0.0007961386231361877,1.608840028369403e-05,1.540401315772881e-05,1.643373745669137e-05
3411.0,0.1832238114287383,0.0008964852470652076,0.0002692094730139925,0.0007962630506680831,1.609163778576089e-05,1.538883366870331e-05,1.642673423290744e-05
3412.0,0.1835111683286449,0.0009211701251558674,0.0002690894050528322,0.0007964116345111121,1.610414317361763e-05,1.538382448850206e-05,1.641826523387301e-05
3413.0,0.1826922783556142,0.0009157291103557111,0.0002688635658650876,0.0007965537269988894,1.609071207624999e-05,1.537113650640215e-05,1.639288308128138e-05
3414.0,0.1829245162120032,0.0009977248760964154,0.0002709845350927097,0.0007966915059089393,1.610509100193924e-05,1.536823867553661e-05,1.638520600670871e-05
3415.0,0.1846546261938275,0.0008657797754870609,0.0002689391300494033,0.0007968486660816396,1.609958290979414e-05,1.535542445167606e-05,1.636328606185527e-05
3416.0,0.1913565848722355,0.004414456247510948,0.0002758216614596242,0.0007969055937702314,1.609767511277043e-05,1.538115910887991e-05,1.636465268468551e-05
3417.0,0.1898868632831453,0.02021053652674312,0.0003554840545444504,0.0007970474847378909,1.627614250382165e-05,1.58138907475902e-05,1.671049560103654e-05
3418.0,0.187234590840613,0.01731851298762916,0.0003697191761802779,0.0007973589988931322,1.6170219015001e-05,1.548167745531067e-05,1.646297185811309e-05
3419.0,0.1872326184345812,0.005657814347881558,0.000333441240583695,0.0007975116004665299,1.611212750613609e-05,1.541172044319269e-05,1.637695202162893e-05
3420.0,0.1874903060032622,0.001883491732929396,0.0002987639947135744,0.0007976973848183405,1.612409683532884e-05,1.538495571642019e-05,1.637984738171423e-05
3421.0,0.1876404098672355,0.001163015679301943,0.0002805980883710384,0.000797788343436602,1.61221129710165e-05,1.536784773967911e-05,1.63604940144241e-05
3422.0,0.1860844390141418,0.00106811438091407,0.0002760566811838988,0.0007980569482962216,1.611929013454346e-05,1.540687205495038e-05,1.636218004011846e-05
3423.0,0.186974779823099,0.001005560148305343,0.000274970732111668,0.0007982280590064602,1.612574028655984e-05,1.534423835255726e-05,1.634110183251848e-05
3424.0,0.1853481314930288,0.0009367110641237313,0.0002719253991777274,0.0007984183788803219,1.612469463326913e-05,1.529026315315295e-05,1.630021426466023e-05
3425.0,0.1846553419446122,0.0009286118552672324,0.0002710715996024181,0.0007986384097056331,1.609807007081587e-05,1.527642007680466e-05,1.626985346178944e-05
3426.0,0.1839596233420992,0.0009755118336846703,0.0002704017054168075,0.0007987942305279643,1.610773622859818e-05,1.526837440046846e-05,1.626519135324358e-05
3427.0,0.1823690573791394,0.0009471503365465018,0.0002699081261506784,0.0007989721522643024,1.609827140652772e-05,1.52470042308007e-05,1.623088227665291e-05
3428.0,0.1817806003719933,0.0008454641110742586,0.0002680169489713341,0.0007991253148797546,1.607940622578817e-05,1.522469662259746e-05,1.62122484218076e-05
3429.0,0.1817045341481068,0.0007894658153308491,0.0002672968755681852,0.0007992703685318547,1.607215886276291e-05,1.52109436060961e-05,1.619003830361332e-05
3430.0,0.1815804300725795,0.0009006155067137217,0.0002684526009696854,0.0007994248643527808,1.608324580359276e-05,1.519834269058698e-05,1.617324482820297e-05
3431.0,0.1818735826760056,0.0008398241228293883,0.0002676706462101021,0.0007996226886003127,1.609074769850361e-05,1.518340894277908e-05,1.614086697279671e-05
3432.0,0.1816564700603719,0.0008485980391113819,0.00026730855974678,0.0007997980989700444,1.610099765465106e-05,1.517585797054204e-05,1.611902729551563e-05
3433.0,0.1816410784219833,0.0008221224734276689,0.0002670405563956455,0.0007999564321803682,1.60910393593929e-05,1.515345960384138e-05,1.61011434263274e-05
3434.0,0.1808650730932846,0.0007870381795077612,0.0002660767615297256,0.0008000623775289673,1.608459825224669e-05,1.514208171311426e-05,1.607849711513655e-05
3435.0,0.1804435086468229,0.0007651921853668338,0.0002655567065596092,0.0008001406704482135,1.608110498920437e-05,1.513651843694304e-05,1.606047125914489e-05
3436.0,0.179973789700979,0.0008006165653886097,0.0002659000941815208,0.0008001674378363645,1.607126026451906e-05,1.511284918191669e-05,1.603372398174688e-05
3437.0,0.1796783565660726,0.0008058294700944992,0.0002656882512593414,0.0008001650172191779,1.607074259558264e-05,1.509852579232814e-05,1.600780011519985e-05
3438.0,0.1797290533985962,0.0008623363196513742,0.0002663795481512052,0.000800157500180803,1.609537220524661e-05,1.510494534455913e-05,1.600571810074469e-05
3439.0,0.1799413159239452,0.000860519082723097,0.0002666441817336167,0.0008002219491941223,1.609877044117335e-05,1.510199093849849e-05,1.59756424123883e-05
3440.0,0.1802748279577731,0.0008248137141379523,0.0002660920738092966,0.000800212645258639,1.609346878003854e-05,1.509938282144312e-05,1.595366736528825e-05
3441.0,0.180348457725037,0.000859263817760943,0.0002662409515718484,0.0008001649930389931,1.609238526091226e-05,1.508970884032716e-05,1.594002865062388e-05
3442.0,0.1798315297008711,0.0008154155438736344,0.000265222192605831,0.0008000904947984216,1.609227832928148e-05,1.507466520116416e-05,1.593423179213063e-05
3443.0,0.1796132340964985,0.00077719104320544,0.0002647909064746999,0.0007999719440979894,1.608521854465013e-05,1.506311537282053e-05,1.590336009855484e-05
3444.0,0.1793679451288882,0.0008113537304740493,0.0002648052716995383,0.0007998173220749334,1.607640779552677e-05,1.504920654745147e-05,1.587293096951133e-05
3445.0,0.1790119975495276,0.000796708032167251,0.0002644158285766618,0.0007996388462964959,1.607910496164179e-05,1.503701288035609e-05,1.585807817269552e-05
3446.0,0.1787108787942023,0.0008092504103070382,0.0002645623505705006,0.0007993720162473173,1.608329782571914e-05,1.502854144839262e-05,1.584237077314663e-05
3447.0,0.1787294425262037,0.0007924075392866278,0.0002644540994205158,0.0007991586424075712,1.609167180100682e-05,1.503386856903548e-05,1.583020404622151e-05
3448.0,0.1789561091431508,0.0007962472783488824,0.0002645109782528721,0.0007988992885821489,1.609629088663455e-05,1.502547079537509e-05,1.580649873561157e-05
3449.0,0.1791391806731702,0.0007728248104917175,0.0002646268109267058,0.0007985816317900927,1.609862807313365e-05,1.502160443102349e-05,1.57887057371529e-05
3450.0,0.1792754031539546,0.0008057672429008561,0.0002646056539496622,0.0007981780518779255,1.609723830850996e-05,1.501720755293755e-05,1.577742913904865e-05
3451.0,0.1791671714383018,0.0008230524704002097,0.000264379341518579,0.0007978001872028547,1.609374146725348e-05,1.500878195836668e-05,1.575179664128145e-05
3452.0,0.1792979480304033,0.0007952870193011272,0.0002643623779625579,0.0007973557670260591,1.607305095000182e-05,1.500020917797598e-05,1.573033736579585e-05
3453.0,0.1792853119859616,0.0008259345947734199,0.0002643824984787181,0.0007968774764440678,1.606261154587473e-05,1.499484189218503e-05,1.571595084248526e-05
3454.0,0.1794347387699438,0.0008237780749103606,0.0002638409499686199,0.0007962943965535465,1.605898566512639e-05,1.49907377346928e-05,1.570205210088386e-05
3455.0,0.1789803436919387,0.000898853652643318,0.0002649933085696147,0.0007957972425649014,1.607442061216466e-05,1.498788129780956e-05,1.569172013108993e-05
3456.0,0.178852510104439,0.0008331744090934682,0.000264054339760271,0.0007952119497318141,1.604473813852892e-05,1.497930485905046e-05,1.565924646272604e-05
3457.0,0.1782003659690686,0.000905211313327019,0.0002643893164239439,0.0007946303264370325,1.603128486207595e-05,1.496539499139332e-05,1.564557148559688e-05
3458.0,0.178192451645854,0.0009056241397203586,0.0002643621767502357,0.0007939749945956111,1.602030510195718e-05,1.495906456216714e-05,1.563162718578643e-05
3459.0,0.1788290893460619,0.0008459326683993663,0.0002635513885364847,0.0007933730210409873,1.600742447796201e-05,1.494428447835094e-05,1.561623278658503e-05
3460.0,0.179590442229285,0.0008439294389166829,0.0002636030963166606,0.0007927262127338951,1.601179271083475e-05,1.495100964466012e-05,1.560448978125206e-05
3461.0,0.1792344481432591,0.0007618522597595569,0.0002624785979499382,0.0007921079088924575,1.599430101474908e-05,1.49458254709329e-05,1.559918056623212e-05
3462.0,0.179263874791755,0.0008997861496304609,0.0002639531243457712,0.0007914941095783436,1.600368584496063e-05,1.495203140216414e-05,1.559269022144628e-05
3463.0,0.1789297010534853,0.0008211480187966713,0.0002623105935407054,0.0007909082368029653,1.597754465143483e-05,1.494928491911001e-05,1.556332992261767e-05
3464.0,0.1786327756475245,0.0007975331339922359,0.0002624330374621901,0.0007902557069180254,1.596413376812786e-05,1.493742044399771e-05,1.555461368481222e-05
3465.0,0.1782616760738923,0.0008650120758788804,0.0002636035363918664,0.0007896974360508024,1.596774747390278e-05,1.49296871529951e-05,1.555042534057768e-05
3466.0,0.1788840427666868,0.000777979767808918,0.0002621762613318522,0.0007891285187856999,1.595442705615112e-05,1.492798546860501e-05,1.553522102869075e-05
3467.0,0.1789253260987082,0.0008451181378029202,0.0002626742405095216,0.0007885242753537183,1.593985903608239e-05,1.491637371872518e-05,1.552705666228668e-05
3468.0,0.1786172933721044,0.0008568482377263501,0.0002628344286967251,0.0007878986243149574,1.592428968578197e-05,1.491268986571982e-05,1.552968717140327e-05
3469.0,0.1783463903516866,0.0008750491545945861,0.0002628384296017447,0.000787265523522235,1.59052433442972e-05,1.490590280827496e-05,1.552421446992535e-05
3470.0,0.1783118560784319,0.0009388343263049865,0.0002631968692821731,0.0007866168219271602,1.58913876604202e-05,1.490255676692492e-05,1.550987634124347e-05
3471.0,0.1782439066417277,0.00096432355288957,0.0002635192938336012,0.0007859930388223847,1.587992406304174e-05,1.490884971564163e-05,1.550481710447098e-05
3472.0,0.1785606670043085,0.0008641843376226605,0.0002622903477535786,0.0007853151167595551,1.586877138205265e-05,1.490503649185198e-05,1.549750759756169e-05
3473.0,0.179009381007899,0.0008878537736386677,0.0002627690626724465,0.0007846550468512108,1.585961601753031e-05,1.491223838198657e-05,1.550070901038037e-05
3474.0,0.1793235283696597,0.0008568157255408666,0.0002629488508308386,0.0007840215699873804,1.585176485938165e-05,1.491449419762408e-05,1.550441911756965e-05
3475.0,0.1796780575201232,0.0009235691472882927,0.0002626780429483178,0.0007834048419744172,1.583407021163589e-05,1.491347665899863e-05,1.550057919470714e-05
3476.0,0.1794675729147781,0.0008947389163008053,0.0002619806089663243,0.0007827754238949489,1.583064373398364e-05,1.490595340867421e-05,1.549234496022642e-05
3477.0,0.1794155567598636,0.0008404866777632469,0.0002621907020931054,0.000782241124707651,1.581464160330173e-05,1.49019241330174e-05,1.549263640401521e-05
3478.0,0.1792051489189041,0.0008273678593868154,0.0002618072987379254,0.0007816770544985925,1.579238337919748e-05,1.489363673724484e-05,1.549058676819343e-05
3479.0,0.1792533481043878,0.0008749741488535937,0.0002619629490571823,0.0007811720901464335,1.578889078772927e-05,1.488639838688857e-05,1.549750966967615e-05
3480.0,0.1792978658341705,0.0008516203450442396,0.0002616260248694685,0.0007806790196757096,1.577039425421089e-05,1.489031013803434e-05,1.548725065571026e-05
3481.0,0.1788197770979663,0.0008348550431601261,0.0002614597285834222,0.0007802277004094266,1.575020729579922e-05,1.488666963033986e-05,1.548730395598974e-05
3482.0,0.1786857705569168,0.0009285036431361651,0.0002625234174827429,0.0007797990676974677,1.574735254337742e-05,1.487776551081908e-05,1.548733354469588e-05
3483.0,0.1783463965924323,0.0009414954931940574,0.0002620473835276546,0.0007794014895994425,1.573818647249079e-05,1.487687012359324e-05,1.548343405251593e-05
3484.0,0.1782905639142854,0.0008446460188909634,0.0002614319877478942,0.0007789835620408899,1.572457098317003e-05,1.486972361102216e-05,1.548003503548455e-05
3485.0,0.178423845315219,0.0008579951467699168,0.0002614061440143089,0.0007786461313663022,1.571722831660282e-05,1.486779037632984e-05,1.549311518130332e-05
3486.0,0.1784758750681311,0.0008943975681046592,0.0002620019811583517,0.000778367923557726,1.569836685681424e-05,1.486120153734874e-05,1.548859768482132e-05
3487.0,0.177935177344236,0.0008952867424172903,0.0002616357320544325,0.0007781180301609131,1.567007918590153e-05,1.485791442789949e-05,1.54834602544014e-05
3488.0,0.1773502968824971,0.0009628635412537657,0.0002617070450041642,0.0007779043414845849,1.567412583397504e-05,1.483930912334516e-05,1.548557658814526e-05
3489.0,0.1772798011167148,0.0008201498868719651,0.0002604469435030584,0.000777753436873203,1.564844958795024e-05,1.482657035725687e-05,1.547043156467582e-05
3490.0,0.1771817622208741,0.0008421220759448141,0.0002606969779007684,0.0007775876990851019,1.564469704151053e-05,1.482224902733088e-05,1.546962317045213e-05
3491.0,0.1772355568627145,0.0008826818745681154,0.0002609918827647558,0.0007775091617613001,1.564031065151396e-05,1.481655829323732e-05,1.548049153505786e-05
3492.0,0.1770822925255177,0.0009013995659446377,0.0002610789167970784,0.000777470642536237,1.562144358531423e-05,1.480837050998933e-05,1.5471614134684e-05
3493.0,0.1765625783644575,0.0008398221638738491,0.0002603968338107367,0.0007774802222719441,1.560554050192246e-05,1.479997429528651e-05,1.546285094914241e-05
3494.0,0.1764790509154522,0.0008683002819763523,0.000260921300787639,0.0007775228427404886,1.560499188796434e-05,1.479396488303351e-05,1.545225503618638e-05
3495.0,0.1760882397989996,0.0008127849001698903,0.000260042806002498,0.0007776300740744235,1.558981539933305e-05,1.478581981167536e-05,1.544460208954886e-05
3496.0,0.1765788288479551,0.0007930631875126611,0.0002596977910261065,0.0007777114578123678,1.557655676321494e-05,1.478551633413774e-05,1.544322102939405e-05
3497.0,0.1772248855417603,0.0008647511127122938,0.0002609724574569926,0.0007778751542930761,1.557873053828695e-05,1.478228933546488e-05,1.545226489300588e-05
3498.0,0.1775279230367921,0.0008903763670167695,0.0002609108212212897,0.0007780834962236937,1.556717196284401e-05,1.478795805945008e-05,1.546197824016554e-05
3499.0,0.1778156585746617,0.0008705730027548222,0.0002606847442345132,0.0007783332664889408,1.555135333304462e-05,1.47749048539426e-05,1.545026963429051e-05
3500.0,0.177361655493843,0.0008473912773587773,0.000260708784926184,0.0007785766978927636,1.554431458879829e-05,1.477119759794086e-05,1.544937692740242e-05
3501.0,0.1772498249453935,0.0008907115894544753,0.0002611895114453301,0.0007789298677029298,1.553853260403493e-05,1.476984992417507e-05,1.546350776672945e-05
3502.0,0.1770662633795224,0.0009241403318833994,0.0002613616583789436,0.0007792584677289934,1.552720119427418e-05,1.4764826105645e-05,1.545256312578592e-05
3503.0,0.1771612973200876,0.0009006867165102869,0.0002612244187065638,0.0007796418132918488,1.551732941659721e-05,1.47618964045198e-05,1.54455798428098e-05
3504.0,0.1765598269016688,0.0008560611520538793,0.0002606976662979177,0.000780036505467239,1.550524601588599e-05,1.475713510485183e-05,1.543211795401332e-05
3505.0,0.1772750274369694,0.0008486322798003881,0.0002609352205625798,0.0007804968644407463,1.549681571494113e-05,1.475422583258807e-05,1.542487769486474e-05
3506.0,0.1777219853832728,0.0008336591531811117,0.0002607603464899133,0.0007810087029049618,1.549924269015928e-05,1.475812849514591e-05,1.542543896308647e-05
3507.0,0.1775769072491125,0.0008427980341706264,0.0002607625442310378,0.0007815956045784667,1.548712313098871e-05,1.475659517157925e-05,1.542576210511916e-05
3508.0,0.177620544866793,0.0008894399091730187,0.000261563601267652,0.000782199179566093,1.547915463164963e-05,1.476238124280662e-05,1.542084034638044e-05
3509.0,0.1770283867261556,0.0009025768237797728,0.0002612879045502391,0.0007828997658253871,1.546713544457505e-05,1.476081544461592e-05,1.541050701594486e-05
3510.0,0.1767143813914737,0.0008728137714237306,0.0002612355619904833,0.0007836245284281896,1.546115333669004e-05,1.475510743069991e-05,1.540189161972778e-05
3511.0,0.1766332488980316,0.0008062591238338329,0.0002607625014351864,0.0007844396454729591,1.544800810837731e-05,1.474320550205245e-05,1.538852688707577e-05
3512.0,0.1765397587995639,0.0007734284531642351,0.0002598792570135219,0.0007853217837567272,1.544072032069657e-05,1.474398256208478e-05,1.538080589732278e-05
3513.0,0.1763349712408903,0.0008468786515348797,0.0002607291684092934,0.0007862752013839693,1.543026314361347e-05,1.474356509603653e-05,1.536156458802311e-05
3514.0,0.176490244310352,0.0007683006052263423,0.0002598363935419583,0.0007872240312423362,1.542497955484392e-05,1.473922029173845e-05,1.535024964508317e-05
3515.0,0.1771179400765593,0.0008102909148193811,0.0002607142159074481,0.0007882594380860326,1.543724850185991e-05,1.475127340217942e-05,1.535911054635673e-05
3516.0,0.1774595374252962,0.0008193368508444237,0.000261121802817988,0.0007892953978590639,1.542918955807174e-05,1.474479725398149e-05,1.534633829142502e-05
3517.0,0.1775031456750922,0.0009580860055629704,0.0002632692373716755,0.0007904643911594757,1.542756335235701e-05,1.475525675624037e-05,1.536203708885552e-05
3518.0,0.177049249331105,0.0008928160340086065,0.0002627173490253475,0.000791654608049061,1.542496076857393e-05,1.476021620273405e-05,1.535845385544452e-05
3519.0,0.1766163213760414,0.0009450066738164546,0.000263572678884531,0.0007929375371224204,1.541028976535022e-05,1.475101788149399e-05,1.534515307005212e-05
3520.0,0.1765978781989713,0.0008771472666355836,0.0002630952463270465,0.0007942191516796386,1.540146771225674e-05,1.473955264093371e-05,1.532778170713191e-05
3521.0,0.1764799082306728,0.000841693769013734,0.0002618368877752402,0.0007955833786873924,1.539572066041784e-05,1.473267810594119e-05,1.5310081614921e-05
3522.0,0.176284013129979,0.0008561431326867242,0.0002620797774220125,0.0007970079598129468,1.53951965988556e-05,1.473010419063744e-05,1.53006459699503e-05
3523.0,0.176061579992472,0.0008516053575171573,0.000261781058844274,0.000798468577809168,1.538982001023487e-05,1.472617926406916e-05,1.529996814786348e-05
3524.0,0.1759129846721929,0.0007931600864604384,0.0002613346470050417,0.0007999174467726469,1.539225394512839e-05,1.473063010388965e-05,1.529175331140276e-05
3525.0,0.177216501151366,0.0008174085256960505,0.0002616229599546039,0.0008013948532078361,1.538729198248904e-05,1.473593666446245e-05,1.528444650336123e-05
3526.0,0.1775203010872429,0.0008552483822496154,0.0002625913146486789,0.0008028927544229004,1.542873177806452e-05,1.475639779773434e-05,1.532144200596237e-05
3527.0,0.1774324275182341,0.0008250857456377913,0.0002621816972406576,0.0008043974283478518,1.541356832383176e-05,1.474129785834615e-05,1.52977517957852e-05
3528.0,0.1776047050442827,0.0009203318275474863,0.0002638445900252762,0.0008058699454361997,1.54112544920553e-05,1.474359526710299e-05,1.529494438300071e-05
3529.0,0.1767734288467127,0.0008575817758614398,0.0002629378902559558,0.000807360108390369,1.540869616931374e-05,1.47398122409671e-05,1.528359794243279e-05
3530.0,0.1766672316287879,0.00082970850956362,0.0002628437820762429,0.0008088236365547876,1.539985783707723e-05,1.47332777809649e-05,1.52666464093437e-05
3531.0,0.1772343769639287,0.000850545807917393,0.0002633274228884226,0.0008102940329162142,1.53991526862104e-05,1.472852141969925e-05,1.525985320392543e-05
3532.0,0.1767044172996356,0.0008602130970806409,0.0002630466868706852,0.0008117103720105752,1.538894735947571e-05,1.472574762364704e-05,1.525106890910866e-05
3533.0,0.1766271261431487,0.0008480433535197099,0.0002632526444757142,0.0008131527698588655,1.538767834191574e-05,1.472234828277762e-05,1.524323053333449e-05
3534.0,0.1765094710720093,0.0008271287074590476,0.0002625775430583889,0.0008145763112638234,1.537967592778116e-05,1.471904483230055e-05,1.522498345629333e-05
3535.0,0.1768470459411881,0.0008283107444225964,0.0002625598774220349,0.0008159729494645847,1.539173295943023e-05,1.471910431086384e-05,1.522109017565473e-05
3536.0,0.1770900346342784,0.0008219506937254855,0.0002627469548650351,0.0008173512253159691,1.540160363177535e-05,1.471730670065717e-05,1.520845754775853e-05
3537.0,0.1772698192225678,0.0008516918398346873,0.0002634368637076612,0.000818734660134515,1.542221123077463e-05,1.472269207353257e-05,1.520115350118442e-05
3538.0,0.1776156530517581,0.0008533548939117428,0.0002635356039798602,0.0008201154805992382,1.542626500648167e-05,1.47354420787681e-05,1.521446708745092e-05
3539.0,0.1784524587972031,0.0008612662865051856,0.0002637790270607258,0.0008214898176782691,1.541538323905845e-05,1.473823345713922e-05,1.519583305523353e-05
3540.0,0.1785022980831301,0.0008589353242701551,0.0002637846908415168,0.0008228762652840605,1.543351171321507e-05,1.475284924622463e-05,1.522414216039442e-05
3541.0,0.1774496337323369,0.0008947920268110029,0.0002646855150533192,0.0008242752758268136,1.542839883692848e-05,1.473761186888946e-05,1.52067343821271e-05
3542.0,0.1771398528308311,0.0008315741772812829,0.0002638449216692498,0.0008255826897908956,1.542243939157364e-05,1.473512948426717e-05,1.518545596444509e-05
3543.0,0.1763259189975558,0.0008750379972732423,0.0002642142651997281,0.0008269610341517099,1.542611075721514e-05,1.471718036214308e-05,1.517262085910511e-05
3544.0,0.1757737999402308,0.0008520481107978985,0.0002645196114775368,0.0008282994317193363,1.542391456891884e-05,1.471762452480906e-05,1.515278068102224e-05
3545.0,0.1756587575642991,0.0007818876591491237,0.000263340355614564,0.0008295754478469011,1.540856977034581e-05,1.471799609906805e-05,1.513276905704692e-05
3546.0,0.1750024517598115,0.0008050951278982955,0.0002638739703242884,0.0008308284811364493,1.542022959118812e-05,1.471296159779992e-05,1.513142004570388e-05
3547.0,0.1756693128936871,0.0009321864734137871,0.0002653092009940117,0.0008320564845505166,1.543395148513342e-05,1.470850220866689e-05,1.512962833302202e-05
3548.0,0.1755745303583813,0.0009601115016078227,0.0002653317327231509,0.0008332083542506405,1.543481161151399e-05,1.470793336491655e-05,1.512100275295262e-05
3549.0,0.1756547209833544,0.0009117446082575973,0.0002648896033099186,0.0008343351787876317,1.542567830058938e-05,1.470193251304898e-05,1.51022917893633e-05
3550.0,0.1755121231783306,0.0009090681429032517,0.0002655837171742558,0.0008353945407968936,1.542941791527464e-05,1.470013939859417e-05,1.509473401372014e-05
3551.0,0.1761442182330008,0.0008650679620502183,0.0002645847332515517,0.0008363874196671335,1.542802879656807e-05,1.470118793591175e-05,1.507660251039986e-05
3552.0,0.1757107416310023,0.000831782744743071,0.0002645660516600535,0.0008373450826506501,1.543449930443846e-05,1.469389445723416e-05,1.507316469089279e-05
3553.0,0.1756676227823123,0.0009190019529625317,0.0002659082969712364,0.0008382799945729385,1.545758610665796e-05,1.470579782306638e-05,1.508091603555049e-05
3554.0,0.1751926511226615,0.000872622316689773,0.000264869735530988,0.0008390983928551781,1.544072079460076e-05,1.470229788346321e-05,1.505953934541216e-05
3555.0,0.1753036602078736,0.0008652093833976952,0.0002652521842456194,0.000839864569072213,1.543725919067363e-05,1.470022451177872e-05,1.504827184908437e-05
3556.0,0.1753977997325449,0.0009372084619376974,0.000266196604000681,0.000840632213318855,1.544365511633451e-05,1.470907648110132e-05,1.505794388845477e-05
3557.0,0.1750230637897392,0.0008913219201687966,0.0002652505375207485,0.0008413295392957947,1.54404457646288e-05,1.470395704355231e-05,1.503632187588214e-05
3558.0,0.1749029428866483,0.0009413265337676135,0.0002661181763913427,0.0008419615670115983,1.545034800824097e-05,1.470344444601853e-05,1.502837167800407e-05
3559.0,0.1745357510451022,0.0008666741419963627,0.0002651739868316823,0.000842583368797507,1.545151247428907e-05,1.469511788575402e-05,1.501623285503517e-05
3560.0,0.1741831748545331,0.0008881681475029327,0.0002651005613622885,0.0008431360647844283,1.54475390105696e-05,1.469380370449058e-05,1.499736588888063e-05
3561.0,0.1744256182145766,0.000815979399329749,0.0002645549486411182,0.0008436190830203516,1.545253380506359e-05,1.469644822077336e-05,1.500023039056306e-05
3562.0,0.1746378018572753,0.0008385276944321637,0.0002653562609414939,0.0008440689544051605,1.54769484003504e-05,1.470613405438166e-05,1.500719671879185e-05
3563.0,0.1745248311126579,0.0008452184433697693,0.0002653718519147885,0.0008444943074802517,1.545903117114463e-05,1.469729827900647e-05,1.498981786938642e-05
3564.0,0.1747394516934869,0.0008198976059406806,0.0002650194199542425,0.0008448414112673918,1.545527152315373e-05,1.469235971370558e-05,1.498999620523407e-05
3565.0,0.1747775808445749,0.0009151954119985639,0.0002663019954746903,0.0008451410428308388,1.546663437347713e-05,1.469922741000804e-05,1.498130894229762e-05
3566.0,0.174988655173541,0.0008232387000309454,0.0002651392893654087,0.0008453724212597316,1.546823384817634e-05,1.469963071203228e-05,1.498556467991555e-05
3567.0,0.1752372609226873,0.001028017860404417,0.0002675055732667045,0.0008455897386707178,1.548978191477291e-05,1.471171442216147e-05,1.498031505674794e-05
3568.0,0.1745685765701026,0.0009094723641960754,0.0002667161275310746,0.0008457353547706286,1.547988126420222e-05,1.471849906671369e-05,1.496021998066469e-05
3569.0,0.1744283897651552,0.0008521991917834373,0.0002658119788922355,0.0008458243143040115,1.546116755044213e-05,1.471707272230163e-05,1.495905282272542e-05
3570.0,0.174248773055825,0.0008153871505349572,0.0002654058366339131,0.0008458515066948413,1.544412954058691e-05,1.471793607771007e-05,1.495314897936655e-05
3571.0,0.1745953619378974,0.0008964081297811985,0.0002666475746599581,0.00084583701078721,1.546061788079071e-05,1.472918430959315e-05,1.495890974810431e-05
3572.0,0.1742642045263927,0.0008431260599225314,0.0002663555551407931,0.0008457840254639369,1.545368049291566e-05,1.47295657075049e-05,1.494632191937888e-05
3573.0,0.1744832009871263,0.0008253960501147882,0.0002655403254795666,0.0008456650028107021,1.54468197728665e-05,1.473304511950962e-05,1.494667537754013e-05
3574.0,0.1749327559367764,0.000992658312907571,0.0002674636588569504,0.0008455163986245209,1.546603911097147e-05,1.473860632399371e-05,1.494595893356157e-05
3575.0,0.1741118749407615,0.0008869709533949377,0.0002651784402267017,0.0008452986700116516,1.546361126235321e-05,1.473715395666901e-05,1.491970998886869e-05
3576.0,0.1734954762068828,0.0009124458651107126,0.0002660516486324723,0.00084504924549494,1.545426475570745e-05,1.472958645341829e-05,1.491785327099249e-05
3577.0,0.1735672025458662,0.0008715099507014074,0.0002659420990569935,0.0008447382173066286,1.543970134144852e-05,1.472980606487096e-05,1.491412687731543e-05
3578.0,0.1736628741487133,0.0008413848697332727,0.0002650263911084199,0.0008444147473021809,1.544635865399838e-05,1.472845708161603e-05,1.490773017855255e-05
3579.0,0.174045924059856,0.0008727144129262259,0.0002660114900961579,0.0008440988202087443,1.544806218204286e-05,1.474312046267697e-05,1.489693695194277e-05
3580.0,0.1739426207921388,0.0008818824462973923,0.0002655565153293816,0.0008436880805371714,1.544513555348809e-05,1.47451211146575e-05,1.488630667870858e-05
3581.0,0.1736399958441705,0.0009560827206790176,0.0002668100255804606,0.0008433314256704131,1.545402862719389e-05,1.475482202818992e-05,1.488704778253925e-05
3582.0,0.1741546726944422,0.000962493548746917,0.0002669415044068353,0.0008429307319554255,1.546957219852028e-05,1.477073930610264e-05,1.48673040069121e-05
3583.0,0.1732723793089878,0.0009207318367408506,0.0002664817506633132,0.0008425133153564056,1.546336688425403e-05,1.476994564785125e-05,1.487043456033255e-05
3584.0,0.1730308305232749,0.0008618110368511623,0.0002650878925790915,0.0008420642175641947,1.544304058695783e-05,1.476010054127271e-05,1.486113609209289e-05
3585.0,0.1732718538702419,0.0008655772353336271,0.0002650890437596776,0.0008416473744385996,1.543651346632497e-05,1.47559549576763e-05,1.485967172020749e-05
3586.0,0.1724595984111267,0.0008385874884320496,0.0002648840371469758,0.0008412425324787827,1.543210510755507e-05,1.475243371197243e-05,1.484192455599548e-05
3587.0,0.1728813957307718,0.0008548043257577722,0.0002648165697922652,0.0008408134440384513,1.542573873006609e-05,1.475992645584912e-05,1.483721484561323e-05
3588.0,0.1729020446867441,0.0007922488075686518,0.00026387316415253,0.000840391420344436,1.542170490893471e-05,1.475677129121911e-05,1.483344535843408e-05
3589.0,0.1724732127914651,0.0008424335468286494,0.000264412577557843,0.0008399446468066443,1.54283073096301e-05,1.47599041562553e-05,1.484118230968271e-05
3590.0,0.172404345209191,0.0009568219643198982,0.0002653211758407661,0.0008394754027509238,1.543619337876715e-05,1.475844660475777e-05,1.483528790539394e-05
3591.0,0.1726261572555011,0.0009476429193230746,0.0002655250234265725,0.0008390048538370709,1.543922344241672e-05,1.476184746355636e-05,1.482678248889686e-05
3592.0,0.1723506358284412,0.0009016585952557179,0.0002653961942096197,0.0008385640476797475,1.544011670762912e-05,1.476061607479966e-05,1.481131609774525e-05
3593.0,0.1727260417333268,0.0008943283500412736,0.0002654416830059754,0.0008380942418960289,1.543783609901681e-05,1.47668638616715e-05,1.480084733994491e-05
3594.0,0.172268477822288,0.0008704155900594733,0.0002651288241681798,0.0008376330888582227,1.544072431117203e-05,1.476491307732887e-05,1.480746025617991e-05
3595.0,0.1729274248039943,0.0008514873821408325,0.000264712627597302,0.0008371781004046281,1.544516638762076e-05,1.478265159006055e-05,1.48060111039513e-05
3596.0,0.1719651220378487,0.0008333503363371628,0.0002642800622972289,0.0008367032708200049,1.541643898882809e-05,1.47781783410451e-05,1.478645072508788e-05
3597.0,0.1712943305031358,0.000819557391493833,0.0002639320872520696,0.0008362566027730545,1.541780293493205e-05,1.476993701263926e-05,1.478673118586395e-05
3598.0,0.1711304818447166,0.0008236023621973347,0.0002637952942088433,0.0008358491250039842,1.541797113216015e-05,1.476509576868815e-05,1.47771781067768e-05
3599.0,0.1716364912726046,0.0007972077031721608,0.0002635978844903486,0.0008354113718151844,1.541952749172865e-05,1.475892770389101e-05,1.476945927930571e-05
3600.0,0.1710701345748777,0.0008267058925276671,0.0002642965089830456,0.0008350348897048527,1.541622180313225e-05,1.475483422527993e-05,1.477542195968386e-05
3601.0,0.1714826339984579,0.0009395357707728148,0.0002651795568068185,0.0008346809621655827,1.541469629208192e-05,1.475890454759621e-05,1.477096647640691e-05
3602.0,0.1716252613341286,0.0009437106343219192,0.0002651486881396877,0.0008343292458639767,1.541097361388803e-05,1.476019644489756e-05,1.476884831706301e-05
3603.0,0.1717427216146609,0.000983528357397774,0.0002668068903814271,0.0008339580368754881,1.540292424024049e-05,1.476638351892922e-05,1.476501069923693e-05
3604.0,0.1715574436105929,0.0009135245115955897,0.0002658902779625109,0.0008336117419497861,1.53944096480114e-05,1.476864640294824e-05,1.476604616669539e-05
3605.0,0.1728310686365609,0.000881216139251483,0.0002650459889661003,0.0008332894391126363,1.538901583027755e-05,1.476493080992031e-05,1.476571253270131e-05
3606.0,0.1718592373135355,0.0008416612380730876,0.0002647340059894871,0.0008329652576467329,1.539188196801451e-05,1.476155247382158e-05,1.477369351370392e-05
3607.0,0.1717477274633801,0.0008607878939893027,0.0002651507800765395,0.0008326543831392092,1.53842348892247e-05,1.475643721656352e-05,1.476522650761653e-05
3608.0,0.1712226621342385,0.000819245743487881,0.0002643126903638783,0.0008322718455291696,1.535890764805275e-05,1.47485923403036e-05,1.475758985842818e-05
3609.0,0.170260393426666,0.000847367671289106,0.000264350869082427,0.0008320452076650884,1.535697847550632e-05,1.473806497781388e-05,1.475329123296301e-05
3610.0,0.1710563281115056,0.000850204795739888,0.0002646345808525151,0.0008317870999812613,1.534783815197746e-05,1.474173125880321e-05,1.475068093308117e-05
3611.0,0.1709525972084613,0.0008516840431640998,0.0002641529986762506,0.0008315887856668078,1.534155104823539e-05,1.473649956071069e-05,1.47616533023523e-05
3612.0,0.1710023540619321,0.0008413174066838929,0.0002637796097104997,0.0008314322366803258,1.532611618338242e-05,1.473266847554639e-05,1.47604700661205e-05
3613.0,0.1707737630557387,0.0008457351412178086,0.0002636747088484803,0.0008313267209261584,1.532129313268544e-05,1.472288963111999e-05,1.476107133142821e-05
3614.0,0.1715524942596997,0.0007897226195694517,0.0002627750002200821,0.0008311932853789109,1.530779279428663e-05,1.471429806045825e-05,1.47551186528985e-05
3615.0,0.1720059298142884,0.0008647688033904966,0.0002634519500682803,0.0008311188049171467,1.531899495855689e-05,1.471601488437585e-05,1.477634053246896e-05
3616.0,0.1720851034711182,0.0008429167025003798,0.0002641518059698349,0.0008310678754488366,1.531838317502668e-05,1.470946489602687e-05,1.477754433026684e-05
3617.0,0.171514307860624,0.0008706240299945555,0.0002641090600856115,0.0008310961410384698,1.530372027675093e-05,1.470330149712344e-05,1.478462185795963e-05
3618.0,0.171286041719615,0.0008060090696990818,0.0002635447071557808,0.0008310999665327947,1.528068371853336e-05,1.470165626883289e-05,1.478374864442854e-05
3619.0,0.1708843631592368,0.000821870415719025,0.0002636014874631923,0.0008311550694468643,1.527713322139697e-05,1.46894915514797e-05,1.478146274134541e-05
3620.0,0.1710414444876859,0.0007639816749633875,0.0002625799399894241,0.0008312210161544467,1.525332651841088e-05,1.467990717844484e-05,1.476792058815606e-05
3621.0,0.1708012149542017,0.0008229334904334726,0.0002634658327864911,0.0008313208729834718,1.524080412974913e-05,1.467713991156489e-05,1.47677688964538e-05
3622.0,0.1709650288341842,0.0007888730158900884,0.0002629530614235215,0.0008314114039205072,1.522564488789488e-05,1.467107919241498e-05,1.477084722199775e-05
3623.0,0.170670232971409,0.0008353975220344599,0.0002637340159460111,0.0008315958928224412,1.523244268794644e-05,1.467584891686668e-05,1.479299075098205e-05
3624.0,0.1708317713717882,0.0007915913569521481,0.0002631322637259479,0.0008317623393282328,1.52192581806408e-05,1.46650715622548e-05,1.478658699329933e-05
3625.0,0.1702345786979931,0.0008077281195760025,0.0002631544942469842,0.0008319552024050084,1.519820105177614e-05,1.465663100307456e-05,1.479140690516514e-05
3626.0,0.1698812814299707,0.0007557913195512058,0.0002624260988062047,0.0008321036878181648,1.518378844615348e-05,1.463873896779742e-05,1.478764753489362e-05
3627.0,0.1693120124191156,0.000787725039212939,0.0002631308264503157,0.0008322783913885047,1.517704306763105e-05,1.462166089501984e-05,1.479235275714011e-05
3628.0,0.1695037726934481,0.0008304175816565588,0.0002637796182999237,0.0008324543177403327,1.517000667657486e-05,1.461528546546145e-05,1.480805776141744e-05
3629.0,0.169681974265105,0.0007951333880045909,0.00026368560464683,0.0008326127626924274,1.515590604628184e-05,1.460247192286209e-05,1.47998663813615e-05
3630.0,0.1693472088892332,0.0007803705015889171,0.0002632617808237157,0.0008327369530176155,1.514512644445946e-05,1.459338749671159e-05,1.480139098232312e-05
3631.0,0.169826851274622,0.0007905519941260181,0.0002635748813715355,0.000832900331742622,1.514189266629419e-05,1.459040779704118e-05,1.481111657146284e-05
3632.0,0.1700205503538509,0.0007856002082211475,0.0002636867995710714,0.0008330373510091968,1.514069668908426e-05,1.458562189034314e-05,1.480907572912693e-05
3633.0,0.1702574644129954,0.0007799198312325854,0.0002637278214332966,0.0008332097623325181,1.513720071882303e-05,1.457816306449147e-05,1.481456861248752e-05
3634.0,0.1700809410888457,0.0007937330857379342,0.0002637463442675065,0.0008333701520974369,1.51278230372761e-05,1.457866764646539e-05,1.48198153557412e-05
3635.0,0.1694318663956611,0.0008157377852161396,0.0002640693552037211,0.0008335243629414896,1.512183762529592e-05,1.456780602412647e-05,1.481863637917595e-05
3636.0,0.1689549230871928,0.0008021993221141362,0.0002637719241879229,0.00083371890437922,1.511673634865043e-05,1.455919691116838e-05,1.481455326868627e-05
3637.0,0.1690062096279074,0.0008093334543958309,0.0002641933593790386,0.0008338942235641984,1.510844938103689e-05,1.455390006698014e-05,1.481813142311482e-05
3638.0,0.1684057664226158,0.0007808407965256082,0.0002639844393673573,0.0008340620590008538,1.510201099435194e-05,1.454093531736386e-05,1.481507178837294e-05
3639.0,0.168153299091679,0.000763096710404301,0.0002638677632683732,0.0008342356213549253,1.509057704273326e-05,1.45342891525907e-05,1.481202886403809e-05
3640.0,0.1685402932937492,0.0008307678995763897,0.0002643614189510817,0.000834428236669302,1.508025312639361e-05,1.453432342783473e-05,1.481977673788806e-05
3641.0,0.1681650716902289,0.0007663365858597723,0.0002637549029130801,0.0008346499526964171,1.505668577300389e-05,1.452175451160365e-05,1.481356378148489e-05
3642.0,0.1681578007377688,0.0007680809766282599,0.0002638938580493255,0.0008348542270018741,1.505208526780286e-05,1.45193836848874e-05,1.480981833736246e-05
3643.0,0.1678745664858898,0.0007980230431543038,0.0002643856024229978,0.0008351103955402318,1.50487380799811e-05,1.451117911633829e-05,1.481809390156861e-05
3644.0,0.1689561443818264,0.0007936602338670307,0.0002645452851731434,0.0008353549940435486,1.504969392968219e-05,1.451735263746565e-05,1.481566091108031e-05
3645.0,0.1688522102790725,0.0007943930327642518,0.0002648337009443279,0.0008356245249618073,1.505066832552444e-05,1.452215408677874e-05,1.483361930313429e-05
3646.0,0.1685013534977773,0.0007752686771307249,0.0002647180508604101,0.0008359478824499088,1.504163489877122e-05,1.451296281546969e-05,1.482792322646121e-05
3647.0,0.1679747011414098,0.0007480992244812173,0.0002647195111387432,0.0008362836115958528,1.502828384367338e-05,1.450232217734522e-05,1.482390361339867e-05
3648.0,0.1676200299802499,0.00073289515181975,0.0002629847489949166,0.0008365675746963458,1.502294890758518e-05,1.449493417120789e-05,1.482019182805456e-05
3649.0,0.1673991099570015,0.0007874053845104994,0.000262459249723749,0.0008370074945293303,1.502815129553066e-05,1.447934212259396e-05,1.483223040475371e-05
3650.0,0.1679344252925831,0.0007709302934701759,0.0002628538723960636,0.0008374639736895133,1.500973342303361e-05,1.449016210021103e-05,1.483177911300444e-05
3651.0,0.1681470329460632,0.0008349347088784,0.0002639981568591793,0.000837934182972703,1.499824854192463e-05,1.449663962813394e-05,1.483059313524983e-05
3652.0,0.1682301525634727,0.000807668463371291,0.0002641684881422622,0.0008384113885053227,1.498942685487077e-05,1.449925607411387e-05,1.483984521608133e-05
3653.0,0.167640259343009,0.000814082425500981,0.0002647592780793965,0.0008389084218287471,1.498553734581292e-05,1.4494538308415e-05,1.484166949292207e-05
3654.0,0.1679827988604806,0.0007689597572790173,0.0002647407141437656,0.0008393954238843385,1.497904837588723e-05,1.448047016096194e-05,1.483719313471168e-05
3655.0,0.1676078989430349,0.0007899719466001292,0.0002653823503282464,0.0008399759115374616,1.49838775214277e-05,1.446806865912311e-05,1.484252935640078e-05
3656.0,0.1679619979484126,0.0008061848677926149,0.000266233871920202,0.0008405723582939935,1.497940002815271e-05,1.447546044705925e-05,1.484182949649735e-05
3657.0,0.1677405200786763,0.0008547174934162665,0.0002672181224973004,0.0008411736213419232,1.49725570603384e-05,1.447614106635774e-05,1.484021177569325e-05
3658.0,0.1673191463981668,0.0008956023821245919,0.0002681030271074363,0.0008417715946682388,1.496187472493836e-05,1.446944026818238e-05,1.483728198747372e-05
3659.0,0.1675010371462378,0.0008060564392270798,0.0002674403332694777,0.0008423620327925242,1.494999829477934e-05,1.446100039626249e-05,1.48336527951169e-05
3660.0,0.1670661095135687,0.0008213465935890289,0.0002677912853851555,0.0008429974289843814,1.495276489623778e-05,1.446010941287178e-05,1.483944198819634e-05
3661.0,0.1670207281976736,0.0007729057372996055,0.0002670274159566833,0.0008436060105940873,1.493120099989179e-05,1.445067246878923e-05,1.483276411231309e-05
3662.0,0.1663356716647868,0.0008297545929218534,0.0002683243206053959,0.0008442433756834525,1.493415842055817e-05,1.4449158109948e-05,1.482880793016515e-05
3663.0,0.1672675946417032,0.0008875386092207112,0.0002692397369243792,0.0008448863014951307,1.494213526632711e-05,1.446653286557371e-05,1.481950642726917e-05
3664.0,0.1674481669476265,0.0008856017344446436,0.0002693360025530386,0.0008455556892255444,1.492854930808474e-05,1.447264569282035e-05,1.482553480184622e-05
3665.0,0.1673338216141203,0.0008205018940214035,0.0002684327265658091,0.0008462661986355762,1.490977213147742e-05,1.446827464035966e-05,1.481928758027898e-05
3666.0,0.1664732755513785,0.0008465536947454739,0.0002693450970090427,0.0008470090480980957,1.48976139514726e-05,1.446037769976861e-05,1.480593755332419e-05
3667.0,0.1662992864726592,0.0008179848260835956,0.0002688272211004635,0.0008477638708062538,1.489188379940446e-05,1.445661621229597e-05,1.480727571656802e-05
3668.0,0.1659637404567678,0.0008045723937825181,0.0002687982639131982,0.0008485768054301852,1.489035846567181e-05,1.444718362370548e-05,1.480609148432978e-05
3669.0,0.1657834536813672,0.0007557635226134517,0.000268394426231081,0.0008493028623518222,1.487789657249857e-05,1.444262212303599e-05,1.480681449385995e-05
3670.0,0.1648946262901106,0.0008092423331998107,0.000267384408131432,0.0008500503169524963,1.48736626349185e-05,1.443727932276182e-05,1.480664399542173e-05
3671.0,0.164695131235655,0.0008207673329696656,0.0002675689650836415,0.0008507308187033667,1.486029617723047e-05,1.444285546477739e-05,1.47951124580775e-05
3672.0,0.1649557831144477,0.000823140156888713,0.0002684094577780861,0.0008514106118140282,1.485174768158528e-05,1.444791510133484e-05,1.479968959497602e-05
3673.0,0.1646502933879394,0.0008109813168539125,0.000268407813420258,0.0008520612171542846,1.484690194089304e-05,1.444649672705564e-05,1.480793853894731e-05
3674.0,0.1649282480392442,0.0008521908022980965,0.0002685769949007157,0.0008527915676125034,1.485073069939042e-05,1.444990443356067e-05,1.480362469456667e-05
3675.0,0.1642427211800817,0.0007632691183831968,0.0002677498393562443,0.000853498693039819,1.482429759619993e-05,1.444941744170121e-05,1.479751991925232e-05
3676.0,0.1646294187717856,0.0007696065188164009,0.0002662808132152504,0.0008541674263667806,1.482179795733255e-05,1.446175903483703e-05,1.48009771194156e-05
3677.0,0.1653079591940161,0.0008432819691087409,0.0002679712297193773,0.0008548194345130327,1.482776584462074e-05,1.446589731996304e-05,1.481177374492952e-05
3678.0,0.1648721639091057,0.000846937050035255,0.0002682117689965372,0.0008555333106638708,1.482506393930496e-05,1.44632648917522e-05,1.480268859095825e-05
3679.0,0.165187213789949,0.0008687873722904304,0.0002688445199549827,0.0008562012319434114,1.481052727758347e-05,1.446617585005424e-05,1.480140093146732e-05
3680.0,0.165716170043075,0.0009500107280073451,0.0002696873526189272,0.0008568808809647391,1.482807263267198e-05,1.44708666509249e-05,1.480763132772539e-05
3681.0,0.1649321066602624,0.0008752737703748436,0.0002687894366659065,0.0008575804771937061,1.480552885859735e-05,1.447309516602343e-05,1.479818655519929e-05
3682.0,0.1643687539265098,0.0008725678485286613,0.0002688951272850177,0.0008582366736274327,1.479529564365978e-05,1.447163042128826e-05,1.479176671184435e-05
3683.0,0.1644424642427171,0.0008175318650653359,0.0002682678451567051,0.0008589103946731909,1.478637907593913e-05,1.446767183365261e-05,1.479055927324754e-05
3684.0,0.1636858135204221,0.0008007120075078335,0.0002677976514671376,0.0008595924404524748,1.478306368227011e-05,1.446210876938407e-05,1.478334406785521e-05
3685.0,0.1629456845950349,0.0007963682147266118,0.0002683442538089117,0.0008602538224064687,1.47738308375849e-05,1.446183772592989e-05,1.478183739151469e-05
3686.0,0.1633533272590239,0.0007423134098640675,0.0002674933792028065,0.0008608471567021354,1.476273000494544e-05,1.446523797754077e-05,1.477956246740508e-05
3687.0,0.1629333211438324,0.0007970825175156991,0.0002668796836201083,0.0008614547750385969,1.476413549605772e-05,1.446489586098933e-05,1.479492174572476e-05
3688.0,0.1630984659036789,0.0007986089823596067,0.0002668702824572088,0.0008620894372167308,1.476619668257263e-05,1.446205678786952e-05,1.47834205159467e-05
3689.0,0.1627130945391457,0.0007723587197952712,0.0002670368212224391,0.0008627212233055396,1.47583624244035e-05,1.446599838731661e-05,1.478985889440022e-05
3690.0,0.1626165771623302,0.0007326012125066373,0.0002663544899784807,0.0008632723373443628,1.474279545484653e-05,1.446758066299056e-05,1.480115018799996e-05
3691.0,0.1630632933750003,0.0007633068955262542,0.0002654923283824416,0.000863905610521942,1.474358154646421e-05,1.447213269367144e-05,1.480696331292955e-05
3692.0,0.1637778557688433,0.0007853889689786174,0.000265965348470641,0.0008644729676916538,1.475409014333963e-05,1.44910554311869e-05,1.48094765987491e-05
3693.0,0.1644171806614884,0.0008461651133776757,0.0002678055472802655,0.0008650872502354101,1.476534787140626e-05,1.448690975511416e-05,1.482100332656659e-05
3694.0,0.1650792011135821,0.0009234283127792502,0.000268260469393722,0.0008657068462658928,1.478157598923191e-05,1.449999696558398e-05,1.48415291418788e-05
3695.0,0.1643357049552528,0.0008412593719156015,0.0002677451924445005,0.0008663057303436564,1.476626194540212e-05,1.449893305126142e-05,1.483479013903277e-05
3696.0,0.1642666289021802,0.0009098578143864842,0.0002694841441821414,0.0008668758482021742,1.477060691906465e-05,1.450161940455304e-05,1.482841167364689e-05
3697.0,0.1635812778862283,0.0008532299121512242,0.0002691390093555946,0.0008674517843014795,1.476429915813084e-05,1.449715830167585e-05,1.482529189135216e-05
3698.0,0.1632455967296935,0.0008065839472652315,0.0002682469640175767,0.0008680205595620352,1.476244880451228e-05,1.449776562514501e-05,1.483021114925743e-05
3699.0,0.162974298659507,0.0007822198741130744,0.0002685830988035214,0.0008686234805726708,1.476020993306821e-05,1.449299501199523e-05,1.48326820295017e-05
3700.0,0.1629146372080968,0.0007507437065286744,0.0002680462108367247,0.0008692279168254432,1.474427155451083e-05,1.449624046642006e-05,1.483117493190775e-05
3701.0,0.1627159259058237,0.0007241129067515271,0.0002661825712302712,0.0008698252245260313,1.474733791955239e-05,1.449612618122832e-05,1.484310369638696e-05
3702.0,0.1630200538877604,0.0007475896746927128,0.0002649998527646279,0.0008703593378792164,1.475154450877581e-05,1.449965724068393e-05,1.485621777949521e-05
3703.0,0.1636981043994615,0.0007817105710396156,0.0002655495630678502,0.0008709308503293048,1.475400705527441e-05,1.450305425226558e-05,1.487136399426963e-05
3704.0,0.1637338488701535,0.0007975728672223755,0.0002659710234254179,0.00087152902657898,1.475488699998738e-05,1.450806085070282e-05,1.486904389605076e-05
3705.0,0.1638883218608591,0.0008033516960158632,0.0002669030511042617,0.0008721435332451868,1.475069623347822e-05,1.451646874757429e-05,1.487728826194613e-05
3706.0,0.1645236417424404,0.0007964805566867398,0.0002679896924123964,0.0008727489786121942,1.475521095620237e-05,1.452519536576018e-05,1.487721104728324e-05
3707.0,0.1656923679559609,0.0008371725512396994,0.0002686389523565633,0.0008734327183650016,1.478029716181298e-05,1.454406186246385e-05,1.48919541171797e-05
3708.0,0.165849772482995,0.0008282033634108654,0.0002689574987640377,0.0008741908204346387,1.479566786381654e-05,1.456056521173993e-05,1.489890215066348e-05
3709.0,0.1653677691192703,0.0007834276155849326,0.0002687500260463804,0.0008748845219172875,1.478710416381114e-05,1.455941570922887e-05,1.489697020150801e-05
3710.0,0.1652767390385778,0.0008049147338357618,0.0002691979304855676,0.0008756146356501648,1.478153925133239e-05,1.455742149240576e-05,1.490406563268426e-05
3711.0,0.165463732151299,0.0008447167218479493,0.0002700746783808921,0.0008763680538028617,1.477486037581476e-05,1.456110403176506e-05,1.491791003757658e-05
3712.0,0.16482837208429,0.0008517537420835744,0.0002698750645160195,0.0008771177250097682,1.476304640622113e-05,1.456121876853297e-05,1.49134417106795e-05
3713.0,0.1645017788916439,0.0008431147715468374,0.000269668995319386,0.0008778794121199947,1.476562267754261e-05,1.456299429898341e-05,1.490330704650955e-05
3714.0,0.1642766178884091,0.0008414687536767274,0.000270609707514927,0.0008786152003445122,1.476301846260786e-05,1.457161332726675e-05,1.490502686523226e-05
3715.0,0.1637518745610034,0.0007971289355345993,0.000269941892451085,0.0008793328960461812,1.475838469436927e-05,1.456770464218283e-05,1.491327721232224e-05
3716.0,0.1639125671821316,0.0007693884292746673,0.0002696321781844101,0.0008800739631177505,1.475453151203275e-05,1.457479619797472e-05,1.491332286871451e-05
3717.0,0.1638896440575741,0.0007478096606300706,0.000269204950309177,0.0008807963435531354,1.474488941191519e-05,1.457952330682031e-05,1.490992520299712e-05
3718.0,0.1643407915454184,0.0007581806925614189,0.0002676512272638742,0.0008814962669982076,1.475153348243722e-05,1.459330380990826e-05,1.491789024228826e-05
3719.0,0.1649460997969901,0.0007445430676773609,0.0002679144085780164,0.0008822270968071588,1.476126875703843e-05,1.460040784748759e-05,1.493344067724282e-05
3720.0,0.1651160178802165,0.0008208280236530491,0.0002687975409687669,0.0008829784696972118,1.476290494020323e-05,1.46088046221809e-05,1.493292827798526e-05
3721.0,0.1657186130749969,0.0007919777673210976,0.0002692621128777456,0.000883665969448853,1.477600795660481e-05,1.462617200153087e-05,1.494758274821974e-05
3722.0,0.1650846866468475,0.0007975854018376214,0.000269662463812462,0.0008844073160664754,1.476405751489786e-05,1.461829638836251e-05,1.493535126390995e-05
3723.0,0.1648625153430267,0.000798096837714829,0.0002695453348518152,0.000885130153502253,1.475455521130332e-05,1.462459686493647e-05,1.493464205403507e-05
3724.0,0.164950679376047,0.0007886070576663849,0.0002698080297080578,0.0008858926896021329,1.476203635432559e-05,1.462319271750677e-05,1.494368602934217e-05
3725.0,0.1651193029535806,0.0007279615835988472,0.000269057865266031,0.000886629137472872,1.476346463715011e-05,1.463900078095297e-05,1.494893034880521e-05
3726.0,0.1650802004402689,0.0007171262218674054,0.0002671449958195638,0.0008873655715287515,1.477083004170393e-05,1.464763970960324e-05,1.496359773463316e-05
3727.0,0.1659105935031513,0.0007437400758337914,0.0002662230752585344,0.0008881081025892286,1.478122766280454e-05,1.466321425269122e-05,1.496902679372338e-05
3728.0,0.166511965360819,0.0007271256561849483,0.0002668096814496142,0.0008888323857562729,1.477997353067336e-05,1.467898011014047e-05,1.497253759523921e-05
3729.0,0.1658873335890745,0.0007448644071707134,0.0002668284451456362,0.0008895617296720178,1.477130946018356e-05,1.467832606740074e-05,1.497507702897164e-05
3730.0,0.1667279634470926,0.0007507870207517254,0.0002676622696417627,0.0008902631194529155,1.476954367557627e-05,1.468953051169442e-05,1.498914438052095e-05
3731.0,0.1670613393771094,0.0007376582707758925,0.000268139218813908,0.0008910345736371247,1.477791489916881e-05,1.469845949340702e-05,1.501422191275877e-05
3732.0,0.1675340694951105,0.0007541761385522336,0.000268893219735493,0.0008917841358819864,1.477805749097611e-05,1.471572394487819e-05,1.501870725508028e-05
3733.0,0.1676391818366132,0.0007794932841789601,0.000269088224631904,0.0008925373907507641,1.478803810337558e-05,1.472295965801044e-05,1.503610618218839e-05
3734.0,0.1678793323430594,0.0008140723383006757,0.0002698341332535308,0.0008932843818072568,1.478972023907896e-05,1.47361550325351e-05,1.5050977270133e-05
3735.0,0.1675569914175761,0.0007626936807846894,0.0002692968065524824,0.0008940581107263004,1.478950639926031e-05,1.473095184394593e-05,1.506189606802054e-05
3736.0,0.16784485622091,0.000823132711018757,0.0002706332641953233,0.0008948319478167661,1.477841120231038e-05,1.473842550526177e-05,1.507081070043451e-05
3737.0,0.1678204286326004,0.0007615294632595563,0.0002700574303623986,0.0008955498520200076,1.476536920534318e-05,1.473977526616029e-05,1.508977323166525e-05
3738.0,0.168006257999185,0.0007533089099461097,0.0002698793272017695,0.000896266793529644,1.476175538823778e-05,1.474316378822776e-05,1.509475761821098e-05
3739.0,0.1683685050889504,0.0008024818466969732,0.0002710172599686496,0.0008970379143088771,1.478000411010641e-05,1.476287646825627e-05,1.510915517377216e-05
3740.0,0.1679299070798533,0.0007320605660153031,0.0002702699088605186,0.0008978554062310688,1.475244474751343e-05,1.475892864906987e-05,1.510553306308665e-05
3741.0,0.1684337116498195,0.0007677909235388486,0.0002690879771963795,0.0008986176976107119,1.474805873784082e-05,1.476617816390917e-05,1.512518663055509e-05
3742.0,0.1688580815738703,0.0007664378481356617,0.0002694509907967975,0.0008993434708546532,1.474487198844397e-05,1.477610776122177e-05,1.514508523304363e-05
3743.0,0.1689445028427729,0.0007550594639237384,0.0002698230113969375,0.0009001052126520922,1.474826417267444e-05,1.478006272449972e-05,1.515445536582388e-05
3744.0,0.169918633346213,0.0007439936817750848,0.0002697655908874783,0.0009007856179636458,1.474550014263958e-05,1.480182800620838e-05,1.516807412933314e-05
3745.0,0.1688937283956215,0.0007780724447489009,0.0002701899371356996,0.0009015025879546155,1.473879300051462e-05,1.478912126670371e-05,1.51778403880796e-05
3746.0,0.1690878465987312,0.0007475444796827796,0.0002701672399259156,0.0009022357914739318,1.472587762507323e-05,1.480069232885821e-05,1.51941306167218e-05
3747.0,0.169073230334891,0.0007238193537409406,0.0002699665672677419,0.0009028939697292602,1.471009445655457e-05,1.48070243779217e-05,1.520840961415714e-05
3748.0,0.1694413121323761,0.0008051149516605926,0.0002693793907389737,0.0009035352134656851,1.471924635014142e-05,1.48083118630007e-05,1.524968609278477e-05
3749.0,0.1688735024857161,0.0007774061438285826,0.0002696335252369011,0.0009041596572310672,1.470504999423234e-05,1.480299869449888e-05,1.524409599574562e-05
3750.0,0.1692806760154058,0.0007967175795480582,0.0002699055003338205,0.0009048290642906412,1.469971064642576e-05,1.481290069535129e-05,1.524713129060605e-05
3751.0,0.1688094140764749,0.0007580675087807804,0.0002698414619089051,0.0009054751118923271,1.468376369681417e-05,1.480968535598055e-05,1.52515001687193e-05
3752.0,0.1688472857868222,0.0007210177845477945,0.0002698998242090587,0.0009061373371179841,1.468200498905402e-05,1.48165048845048e-05,1.526377360345416e-05
3753.0,0.169054849210009,0.0007136472637495366,0.0002679602990997468,0.0009067420562911734,1.468170963504162e-05,1.48180452467158e-05,1.527404713181134e-05
3754.0,0.169314566358381,0.0007616360301154868,0.000267556791940305,0.0009074056025902427,1.468492030162492e-05,1.481183805285948e-05,1.529364828490333e-05
3755.0,0.1692078448989231,0.0007544455742137952,0.0002677996089796833,0.0009081318346331209,1.467566849793238e-05,1.481244275796847e-05,1.530151815185459e-05
3756.0,0.1691924933707153,0.0006914676179413769,0.0002678730178176917,0.000908817880699118,1.466075197876402e-05,1.48195065180787e-05,1.530819474989414e-05
3757.0,0.1690745301076799,0.0007022585327362116,0.0002667952879355455,0.0009095544702269152,1.467135244720411e-05,1.482261814966796e-05,1.533633225674489e-05
3758.0,0.1696618326062334,0.0007464340309386682,0.0002664178702686127,0.0009103235470869735,1.467255576934182e-05,1.483283941644139e-05,1.535242244717477e-05
3759.0,0.1701080439141012,0.0007498721145044643,0.0002668556313505008,0.0009110797476565946,1.465961612288184e-05,1.483802411396528e-05,1.535862786158212e-05
3760.0,0.1695803887082301,0.0007625009449615456,0.0002684180433085745,0.0009118853393234751,1.465803492256283e-05,1.484151687629596e-05,1.53787091931216e-05
3761.0,0.1695742819087142,0.0007565010818320314,0.0002685448791594499,0.0009126498877852708,1.464545575112312e-05,1.483806595285783e-05,1.537833453407717e-05
3762.0,0.1697593405325839,0.0008005621402891221,0.0002697740635302816,0.0009134595841748592,1.46502666121866e-05,1.483705303808156e-05,1.53909564242361e-05
3763.0,0.16961404538994,0.0007749720623459243,0.0002698973164083045,0.0009141853849333313,1.464575074072504e-05,1.483741559648909e-05,1.53937328321561e-05
3764.0,0.1693588305599462,0.0007347288568094087,0.0002698227898055225,0.0009149263583306853,1.463752199308565e-05,1.482545775825655e-05,1.540008330115471e-05
3765.0,0.1693172919742612,0.0007469321164053585,0.0002703981967837067,0.0009156962587189716,1.463588156428243e-05,1.482912382523599e-05,1.540170252277721e-05
3766.0,0.1687597719456919,0.0006994772810246651,0.000270123661447071,0.0009164666854498104,1.461627585470301e-05,1.48249203881979e-05,1.540165852682916e-05
3767.0,0.1685840698221648,0.0007282228389790493,0.0002687964730127929,0.000917226695321006,1.461893434303083e-05,1.482580395154474e-05,1.541391792183713e-05
3768.0,0.1687617467644654,0.0007339921596983108,0.0002696449172838439,0.0009179164549448102,1.462245603117489e-05,1.483208508197343e-05,1.541860730776014e-05
3769.0,0.1687681392212901,0.0007221933796345078,0.0002701796935126088,0.000918553070008553,1.462781759124542e-05,1.482488010387644e-05,1.543192358432979e-05
3770.0,0.1693218070679949,0.0007957909496570665,0.0002719353149435591,0.0009192119901081391,1.462993836999402e-05,1.482608211055785e-05,1.54448446012958e-05
3771.0,0.1697390496640599,0.0007558719144161191,0.000271550386115948,0.0009197945513364649,1.46229265846905e-05,1.483559665206132e-05,1.544911377173693e-05
3772.0,0.1696477225876395,0.0007763891595378328,0.0002724884818301961,0.000920339741950535,1.462875295599619e-05,1.483761639666838e-05,1.5464594076892e-05
3773.0,0.1696304443903985,0.0007675686954313525,0.0002726989481450699,0.0009208981874860858,1.462547318081023e-05,1.482655588674326e-05,1.546652604699708e-05
3774.0,0.1704521276044305,0.000780999058488167,0.0002734396303235577,0.0009214603775349827,1.462145158890317e-05,1.48264208107418e-05,1.546863194535838e-05
3775.0,0.1694320388303251,0.0007665563841571831,0.0002731402847718701,0.0009219486574951874,1.461153817913929e-05,1.483006139985884e-05,1.547020053802817e-05
3776.0,0.1688654755069047,0.0007285357687534856,0.0002728780754261265,0.0009223727298432323,1.461380217881511e-05,1.482133722231411e-05,1.54725584885537e-05
3777.0,0.1693512746189803,0.0007842621700038323,0.0002723009603473752,0.0009228145233888248,1.463482592191512e-05,1.482341894522861e-05,1.54887378508173e-05
3778.0,0.1692218882382171,0.0007797070045037419,0.000272643312075345,0.0009231939180984213,1.463221224760373e-05,1.482201324003591e-05,1.548863817637415e-05
3779.0,0.1690600447686416,0.0008124977837973927,0.0002737238322546799,0.0009235911256287068,1.46316079741252e-05,1.481248640726737e-05,1.548390978919694e-05
3780.0,0.1693170434768617,0.0007996823899673394,0.0002739825577768258,0.000924031171675253,1.464291490781487e-05,1.481773850557722e-05,1.548093527258591e-05
3781.0,0.169151444034275,0.0007936935954978296,0.0002742026385989779,0.0009244190474705488,1.463164596718186e-05,1.481445524946062e-05,1.547017046612358e-05
3782.0,0.1690289693567338,0.0008593542785631648,0.0002755343160514315,0.0009248174124677422,1.464582077796538e-05,1.482089225528645e-05,1.547865671682238e-05
3783.0,0.1689225346860763,0.0007568716919770543,0.0002746486644890441,0.0009251430809674104,1.464457176659683e-05,1.481855303905162e-05,1.547663662586827e-05
3784.0,0.169210215248998,0.000822515711287842,0.0002755376196915827,0.0009254736787691201,1.465036379318113e-05,1.480721668523524e-05,1.548165112761109e-05
3785.0,0.1689502168306289,0.0008461702116973717,0.0002766858875665293,0.0009258529542346429,1.464999292026854e-05,1.480295950543748e-05,1.547974380200994e-05
3786.0,0.1688658372797535,0.0008085503546399455,0.0002759593826455392,0.0009261735348966819,1.465216969305441e-05,1.480659735397832e-05,1.546879969536391e-05
3787.0,0.1683274075447728,0.0008155218363916712,0.0002760938840031117,0.0009264428309275778,1.46421631360332e-05,1.479825868323145e-05,1.546124863322171e-05
3788.0,0.1679883171120306,0.0008310757026161455,0.0002766925815550237,0.0009267740611495984,1.464462561600118e-05,1.479234830383043e-05,1.545397746188367e-05
3789.0,0.1677228526961525,0.0007694082880253569,0.0002758119272039804,0.0009270443993384713,1.464029729290006e-05,1.479167078762165e-05,1.544179839834059e-05
3790.0,0.1676190339528562,0.0007982733608894079,0.0002764787741738244,0.0009273791467445387,1.465226763794648e-05,1.478205536086494e-05,1.544227059045018e-05
3791.0,0.1677672363994382,0.0007848001820944979,0.000276274550688409,0.0009276767483695871,1.4655618085968e-05,1.478712457492104e-05,1.543250470541341e-05
3792.0,0.1672664962552714,0.0007180982841384866,0.0002756214499048278,0.0009279230989228827,1.464771210583276e-05,1.477788938824418e-05,1.542031970881368e-05
3793.0,0.1677864403960867,0.0008883665225471916,0.0002755557753334901,0.0009281254618570784,1.465337849508166e-05,1.478013930885298e-05,1.542222931698449e-05
3794.0,0.1676076561630548,0.0007882930472728242,0.0002746255024149157,0.000928211788000093,1.465518309364642e-05,1.478093073384252e-05,1.541426406726383e-05
3795.0,0.1676923696580869,0.0009323826608120748,0.0002768210878395422,0.0009282942842546183,1.466165583349254e-05,1.4775038308158e-05,1.541177982728531e-05
3796.0,0.1678300443868396,0.0008641000983315181,0.000276524525624343,0.0009283754627222441,1.466885251456451e-05,1.478274580562437e-05,1.540946178598671e-05
3797.0,0.1679699239484037,0.000862699694688642,0.000276454648038169,0.000928340810143216,1.467521438466198e-05,1.477745110185719e-05,1.539136638065937e-05
3798.0,0.1675355274697312,0.0007752584914042675,0.0002756628278866819,0.0009282217544865211,1.467453868821388e-05,1.477046365494995e-05,1.537883166501426e-05
3799.0,0.1675846137567963,0.0008757446887725251,0.0002765432734260253,0.0009280464199295499,1.468035085775035e-05,1.476978134572469e-05,1.538246456025702e-05
3800.0,0.1675351410101727,0.000858692439105986,0.000276417017519308,0.0009277968401381693,1.467925495508533e-05,1.476267486761063e-05,1.536363604269392e-05
3801.0,0.1671217974875722,0.0008358463479854473,0.0002759903965442868,0.0009274930519212413,1.468776420335533e-05,1.475534248869152e-05,1.536347149272885e-05
3802.0,0.1668847020625947,0.0008321697627403915,0.0002766521591564352,0.0009271652553533023,1.469093772381258e-05,1.474375671358508e-05,1.53489331469857e-05
3803.0,0.166496259572848,0.0007942497697505722,0.0002761745035898059,0.0009268201685329664,1.46879089538244e-05,1.473537544882973e-05,1.5329661288e-05
3804.0,0.1658249875810226,0.0007361558955278959,0.0002757114143299953,0.0009265191289217549,1.468998399761225e-05,1.472842493342376e-05,1.531520109079825e-05
3805.0,0.1657158406351308,0.0007995396148687816,0.0002761047215927206,0.0009261641322706743,1.468396177551941e-05,1.472151117171054e-05,1.529375173518217e-05
3806.0,0.1658142322456583,0.0007570338543487574,0.0002757258614446231,0.0009256951981019749,1.469035782403173e-05,1.471836941618995e-05,1.527904176428871e-05
3807.0,0.1658810106735701,0.0008143141404638716,0.0002762531885212957,0.000925231294080297,1.469662659180772e-05,1.470819749140255e-05,1.52797396499358e-05
3808.0,0.1657220945198602,0.000796659399077441,0.0002762852970112378,0.0009247163490463813,1.469523902912981e-05,1.470431045975888e-05,1.526562534706633e-05
3809.0,0.1658903774363368,0.0007783257080046999,0.0002760100700316178,0.0009241477491680139,1.470697348847839e-05,1.470702765426495e-05,1.525131339243207e-05
3810.0,0.1661031164239878,0.0008642043631318458,0.0002775753972806722,0.0009235860347686149,1.472114761638249e-05,1.470810628455703e-05,1.524687992920519e-05
3811.0,0.1659621972949863,0.0008671772128081578,0.0002774228955646999,0.0009229180270685548,1.47284727557023e-05,1.471167279103954e-05,1.524277270580529e-05
3812.0,0.1659326195009186,0.0008942871813342864,0.0002773488618064003,0.0009222577059423964,1.472577651791685e-05,1.469910433069136e-05,1.523558396567833e-05
3813.0,0.1658135438056271,0.0008650050614365455,0.0002770758835097559,0.0009215458505144335,1.473571819471602e-05,1.469433400548781e-05,1.523414190601e-05
3814.0,0.165607872353134,0.000896275746323346,0.0002770469990753343,0.0009208435590638508,1.473933711550093e-05,1.468887838086078e-05,1.521488406538705e-05
3815.0,0.1650909639206941,0.0008259501229391256,0.0002766257938464605,0.0009200977029359843,1.474475107664216e-05,1.468872287059189e-05,1.520644999127907e-05
3816.0,0.1642100709183987,0.000840593826387961,0.0002766160077670268,0.0009193799573332225,1.47420131067009e-05,1.466819055975146e-05,1.518806780884286e-05
3817.0,0.1638296975676971,0.0008209562430367235,0.0002763152807172695,0.0009185886517909403,1.4738541184968e-05,1.465558261639519e-05,1.517085177919911e-05
3818.0,0.16320161666473,0.0008246780332810248,0.0002762646491125604,0.0009178322965264089,1.473989105319145e-05,1.464616730239939e-05,1.516436608002063e-05
3819.0,0.1629213301023267,0.000765990902427959,0.0002752669560256771,0.000917035032102758,1.473806892192818e-05,1.464308961483671e-05,1.514339544275013e-05
3820.0,0.1630577896123317,0.000765362893041583,0.0002753481742116649,0.0009162372192039062,1.473552030183302e-05,1.463076649220595e-05,1.513101254531793e-05
3821.0,0.1627969731209189,0.0007974667517263692,0.0002763888427111365,0.0009154532131741346,1.474402480579896e-05,1.46239598936086e-05,1.51282329965429e-05
3822.0,0.1633349320895267,0.0007863972031187254,0.000276046917059881,0.0009146137312358363,1.475607933274586e-05,1.462316869313677e-05,1.512555992914362e-05
3823.0,0.1639992070029404,0.0009468159423888674,0.0002776044992023339,0.000913783711138567,1.477071363012043e-05,1.463204699104025e-05,1.512876921212466e-05
3824.0,0.1641976843281691,0.0008216306722200602,0.0002758022572232347,0.0009129996036972918,1.477523748940861e-05,1.462204738175486e-05,1.510474569463129e-05
3825.0,0.1637695792518664,0.0009225984796146044,0.0002763279279298492,0.0009121719785750624,1.477662080113003e-05,1.461852998424019e-05,1.509419190441935e-05
3826.0,0.1637512125247795,0.0008474252664329546,0.0002755693771709871,0.0009113233200169931,1.477884890041605e-05,1.460967760026681e-05,1.509005647835583e-05
3827.0,0.1635454556966395,0.0008408487513014004,0.0002757173994944817,0.0009105320974898746,1.478344198352045e-05,1.4593017010745e-05,1.508809148659937e-05
3828.0,0.1641628488677173,0.0008229227610962673,0.0002753575983089199,0.0009098011857703107,1.479355144205282e-05,1.459204454454217e-05,1.50870458310421e-05
3829.0,0.1627552790881786,0.0007979986697167113,0.0002746306177118485,0.0009091858553923161,1.478397729671603e-05,1.457519312759364e-05,1.507056725154861e-05
3830.0,0.1625263896322157,0.0007743844304959121,0.0002741861015681794,0.0009085734004894044,1.478132698029706e-05,1.45665638417695e-05,1.505397440180953e-05
3831.0,0.162258444261431,0.0007873297343058925,0.0002751565567495442,0.0009080166496351235,1.477997856612797e-05,1.455641657414443e-05,1.505046431781975e-05
3832.0,0.1621664603844528,0.0007730192469802125,0.0002747205950881648,0.000907519838771709,1.478546378887515e-05,1.455025737981004e-05,1.505187521354841e-05
3833.0,0.1618544903343156,0.000834482007325107,0.0002747458230292388,0.0009070824794364764,1.478708566575899e-05,1.453175884828128e-05,1.504137962915741e-05
3834.0,0.1624905758094349,0.0007921773899729905,0.0002744103603850602,0.0009066829836890409,1.47916116112111e-05,1.453005021618016e-05,1.50251035695044e-05
3835.0,0.1627967761646791,0.0007796718218665251,0.0002747189904203926,0.0009063593093753595,1.480870705990842e-05,1.452712988531372e-05,1.502675042339545e-05
3836.0,0.1625779050575559,0.0009156644412572557,0.0002752961567231954,0.000906098050952764,1.481500173075378e-05,1.452041178250031e-05,1.502665777420072e-05
3837.0,0.1627206897971883,0.000791460159504702,0.0002735422948458674,0.0009058979340921258,1.479808735192703e-05,1.451209609695303e-05,1.500267323703137e-05
3838.0,0.1629484375957276,0.0008606537509311198,0.0002738929258616433,0.0009057279398811752,1.482253850442408e-05,1.450806366475385e-05,1.501276013163617e-05
3839.0,0.1624926953345113,0.0008352591824056107,0.0002738196951856987,0.000905647389002849,1.482471795615231e-05,1.448621705723878e-05,1.501132644807823e-05
3840.0,0.1622714936450143,0.0008303607168510304,0.000273699040505074,0.0009055856392763572,1.483244399044152e-05,1.44841479471684e-05,1.500538799725992e-05
3841.0,0.1614920185898579,0.0007534925360197582,0.0002720235103729909,0.0009055600958526294,1.482241552228085e-05,1.446840898740157e-05,1.498090207931984e-05
3842.0,0.1611695907524679,0.0008051267661845745,0.0002725429395853056,0.0009055657885700403,1.483045069307724e-05,1.446417195548493e-05,1.497966024824326e-05
3843.0,0.1612089005720492,0.0007681780206743706,0.0002719955292939062,0.0009056164774977906,1.483040458171882e-05,1.444780403966524e-05,1.497263913656061e-05
3844.0,0.1611221421281308,0.0008403458306481295,0.0002726224961786909,0.0009057963040758769,1.484328394698408e-05,1.44415418345496e-05,1.498051442242113e-05
3845.0,0.1614032882934768,0.0008024963237796215,0.0002719953629345075,0.0009060088898088393,1.483299202093073e-05,1.443260234605468e-05,1.496483257507402e-05
3846.0,0.1618606594904858,0.0008827478390950738,0.0002731479181117592,0.000906263374012224,1.485345783321735e-05,1.442669106982513e-05,1.496898132706277e-05
3847.0,0.1619947857460548,0.000794503235615591,0.0002723160140335891,0.0009065219953149127,1.486289858583203e-05,1.441647351066592e-05,1.497016151329223e-05
3848.0,0.1624039686922729,0.0008450475687155015,0.0002728440879937905,0.000906798403995311,1.48714192826078e-05,1.441538982511777e-05,1.49671545878254e-05
3849.0,0.1626796449868131,0.0008307255659345969,0.0002723096573826106,0.0009070758367547809,1.48789848219361e-05,1.441911138234824e-05,1.496086727851922e-05
3850.0,0.162004119610172,0.0008053553302402877,0.0002723022949759706,0.0009073782391380004,1.48813350210501e-05,1.440357799118602e-05,1.495493730518903e-05
3851.0,0.1614568156436764,0.000826440365303974,0.0002721060143152508,0.0009076867020415068,1.48792387210482e-05,1.439321314624911e-05,1.495056233587245e-05
3852.0,0.1607068644116192,0.0008607475897369228,0.0002724142963274147,0.0009080646719601392,1.487979761927205e-05,1.438411499105418e-05,1.493686868193213e-05
3853.0,0.1609538439895155,0.0007958531764655332,0.0002714927145503056,0.0009083511241758071,1.488686652513603e-05,1.437691858200952e-05,1.492417716582628e-05
3854.0,0.1608643061058169,0.0008060878053028769,0.0002715206889293841,0.0009086944046637615,1.489623986968962e-05,1.436346368591649e-05,1.491783033402204e-05
3855.0,0.1612453640227129,0.0007680869913978693,0.0002713074275548778,0.0009090814570355989,1.489891098332917e-05,1.435568296960755e-05,1.491116041725489e-05
3856.0,0.1603523914463246,0.0007770190623707606,0.000271504643767317,0.0009094565818690469,1.490372121871279e-05,1.434675095078272e-05,1.490009355946128e-05
3857.0,0.1603302983934761,0.0007293489525066085,0.0002703103647294954,0.0009097940916247584,1.4898203371151e-05,1.433699342640076e-05,1.488246356045629e-05
3858.0,0.1604133688236067,0.0008187461986358624,0.0002710388157648409,0.0009101576796696154,1.491566620390514e-05,1.43321709971736e-05,1.487753883868561e-05
3859.0,0.1616060402734133,0.0007546974881430111,0.0002698991750583815,0.0009104835223111364,1.493202054761393e-05,1.433394327955494e-05,1.487612758265319e-05
3860.0,0.1619612807144002,0.0008174318160486888,0.0002717278022169074,0.000910925209422142,1.496050700905685e-05,1.43235772665007e-05,1.490091805591963e-05
3861.0,0.1622665999874352,0.0007780117179985318,0.0002707382067742385,0.0009113516560685904,1.495559487587035e-05,1.430929181899032e-05,1.488407289736077e-05
3862.0,0.1611069850876854,0.0007905022111217805,0.0002709516860404016,0.0009118009754332918,1.495039099756345e-05,1.429623406624065e-05,1.487210450124549e-05
3863.0,0.161379387506773,0.0007767966587997779,0.0002708678085405671,0.0009122632349695407,1.495603165793326e-05,1.429284558342571e-05,1.486141010144943e-05
3864.0,0.161481987589554,0.0008542769629438723,0.0002715570010663683,0.0009128216172703495,1.496987885532136e-05,1.429139074757215e-05,1.486187292544851e-05
3865.0,0.1612632121267548,0.0008622480480727693,0.0002718530580303484,0.0009133408697717191,1.497725559619962e-05,1.428608071653535e-05,1.485177474099165e-05
3866.0,0.1608795471509841,0.0008436628282807767,0.0002715563667711575,0.0009139551390164878,1.4985848907342e-05,1.428331126411361e-05,1.485017912296598e-05
3867.0,0.1617481025599648,0.0007665912715999193,0.0002704152603587672,0.0009145468548086588,1.498397300392593e-05,1.428269742926895e-05,1.483655097688193e-05
3868.0,0.1620249724301273,0.000798455362646054,0.0002713201944699552,0.0009152376210749091,1.500385126636399e-05,1.42848541833492e-05,1.485932247764595e-05
3869.0,0.161265012338688,0.0008275075456666835,0.0002716353906530104,0.0009160341938276445,1.501203553514291e-05,1.427366544301838e-05,1.484536718090479e-05
3870.0,0.1607270911629703,0.0007935024193810731,0.000270654991842599,0.0009169119671736947,1.501715333913263e-05,1.426167466894451e-05,1.482432439176718e-05
3871.0,0.1604072489817575,0.000784103498849045,0.0002707660571077472,0.0009178055147397512,1.502244895206342e-05,1.424897822795672e-05,1.481207840812967e-05
3872.0,0.1601317590996931,0.0007537552064142427,0.0002702808157581186,0.000918755723739186,1.50349342378967e-05,1.424527127698016e-05,1.480922656947792e-05
3873.0,0.1604666115325936,0.0007414497169773943,0.0002702052024189068,0.0009196723238659695,1.505369541746246e-05,1.424026977754109e-05,1.480216516092754e-05
3874.0,0.1600050373292284,0.0007903150778952966,0.0002709874559397637,0.0009206160255315383,1.506549889180429e-05,1.422703874148126e-05,1.480153237710329e-05
3875.0,0.1598790147652776,0.000783083995756887,0.0002708467438670361,0.00092164445003024,1.506727743402009e-05,1.421725246318564e-05,1.479033057786054e-05
3876.0,0.1602037252812231,0.0007393167066885176,0.0002699472102967981,0.0009226271275406903,1.507097774638556e-05,1.42086814709352e-05,1.476895935980448e-05
3877.0,0.1597289923118882,0.0007578820062310073,0.0002703119052458081,0.0009236108754829653,1.507816412356198e-05,1.420260779328859e-05,1.476377999442707e-05
3878.0,0.1602829190173546,0.0007899877791482623,0.0002704213025205059,0.0009245575700569668,1.509685451559058e-05,1.421539894004454e-05,1.476577414610177e-05
3879.0,0.1605639714057389,0.0008258518761571047,0.0002713650593913491,0.000925475910849424,1.511578008796931e-05,1.42128660381674e-05,1.476445845927877e-05
3880.0,0.160344444515066,0.0008870896615286909,0.0002723698410941691,0.0009264277766745169,1.513626147627037e-05,1.42016246785092e-05,1.477017439480932e-05
3881.0,0.1608161288319387,0.0008223264519761738,0.0002711625633273224,0.0009273613801450084,1.513958668042236e-05,1.419805580852672e-05,1.475385420359012e-05
3882.0,0.1604751472580383,0.0007684615267396245,0.0002706178626172365,0.0009283174258313578,1.513891069532069e-05,1.420079797201245e-05,1.475247191414798e-05
3883.0,0.1603936252499781,0.0008207186424146768,0.0002712628614556593,0.000929253421775613,1.514877856864047e-05,1.419576788896692e-05,1.474930081497994e-05
3884.0,0.160468876622055,0.0008011045544921425,0.0002712503847038072,0.0009302807257551654,1.517293711737572e-05,1.418637587348788e-05,1.475710608065794e-05
3885.0,0.1610233785362441,0.000813712338193314,0.0002713059325523983,0.0009312986563587669,1.518977771058082e-05,1.41823112249106e-05,1.475571591469078e-05
3886.0,0.1606730203078272,0.0007912400588855485,0.0002715209402240098,0.0009323673757272528,1.520769504023238e-05,1.418531046227345e-05,1.475834124340309e-05
3887.0,0.1618205207515648,0.0008453942624474506,0.0002719984734801508,0.0009334926594282958,1.522138313435882e-05,1.419449211616164e-05,1.476677602433006e-05
3888.0,0.1629205167863968,0.0008438321064885939,0.0002724518213995772,0.0009345716167104065,1.525019238862826e-05,1.421496707360408e-05,1.478523116147333e-05
3889.0,0.1616423285524828,0.0007726541687562924,0.000271840294180067,0.0009357403347780406,1.524279758571183e-05,1.419031330313132e-05,1.47772454456511e-05
3890.0,0.1616445683648742,0.0007916878983094977,0.0002718007541942907,0.0009369065925969212,1.525146733314963e-05,1.419394943628588e-05,1.477523007828338e-05
3891.0,0.1619408873276463,0.0008233593679289157,0.0002727206096515066,0.0009381201047136561,1.526842768554281e-05,1.419686090774427e-05,1.476623228959997e-05
3892.0,0.1619596879382768,0.0008894778039803145,0.0002732537116476369,0.0009393929382127515,1.528431213712909e-05,1.419262289111606e-05,1.47627805417524e-05
3893.0,0.161370622738852,0.0008395480896491856,0.0002726875244245299,0.0009406811628133948,1.528128787428022e-05,1.418385415898776e-05,1.474982785039551e-05
3894.0,0.1608464116371242,0.0008436110263545729,0.0002732625595306799,0.0009420257022460704,1.529310156476125e-05,1.417417282757513e-05,1.475057921137102e-05
3895.0,0.1609315119763072,0.0007904015549223962,0.0002723219962768037,0.0009433914627946646,1.529944416832234e-05,1.416359131531901e-05,1.474730255445713e-05
3896.0,0.1613603092758283,0.0008009999909736537,0.0002723146650373421,0.0009447394308670309,1.531300384293899e-05,1.416485877912551e-05,1.475299296469228e-05
3897.0,0.1611172989475646,0.0008332621862675873,0.0002735651375672968,0.0009461534319073593,1.532831057854663e-05,1.416569921063116e-05,1.476379878927247e-05
3898.0,0.1621267468261875,0.0008646472822199266,0.0002742780100266893,0.0009476394834407474,1.535472905576505e-05,1.416221735509342e-05,1.477007041793432e-05
3899.0,0.1633517197322081,0.0009356279133015755,0.0002757697482693327,0.0009491195690946445,1.538068752605671e-05,1.417987351621191e-05,1.478078282603882e-05
3900.0,0.1628084467494851,0.0008743709243895278,0.0002744682790509411,0.0009506148470464283,1.536584240394429e-05,1.417252602683859e-05,1.476664134728281e-05
3901.0,0.1623583712706761,0.0008919141582611488,0.0002751169298622215,0.0009521821206840446,1.536278197423458e-05,1.418131937902517e-05,1.476008869774475e-05
3902.0,0.1620437136061801,0.0008053437544157219,0.0002742197064871701,0.0009537421351956104,1.53717385261569e-05,1.417601524412925e-05,1.475393481855509e-05
3903.0,0.1610113185353687,0.0008463288783412926,0.0002744714378238747,0.000955328198987098,1.538114759517174e-05,1.416530213687888e-05,1.47562869260589e-05
3904.0,0.1609456200988121,0.0008063968780069474,0.0002741511802297365,0.0009568663845659882,1.539041041478615e-05,1.416686876394445e-05,1.476385069061196e-05
3905.0,0.1604759589223083,0.0008163556007116951,0.0002745730319724245,0.000958426447934208,1.539375281680278e-05,1.41454885955188e-05,1.475920148914133e-05
3906.0,0.1602684707961414,0.0008001472842327637,0.0002741387977507739,0.0009599659220840173,1.539895532473349e-05,1.414873734178958e-05,1.475293895825047e-05
3907.0,0.1598711979561228,0.0007962988638233543,0.0002742647814751717,0.0009614590137410301,1.539557079952489e-05,1.414162966899647e-05,1.474429645870402e-05
3908.0,0.1606494758897709,0.0007404034892802937,0.0002734683398546142,0.0009628940568821904,1.53952497224957e-05,1.415317396333488e-05,1.474282127041486e-05
3909.0,0.1603301201422715,0.0008081418595677691,0.000275219437846613,0.0009643007169830701,1.543130678371974e-05,1.416460998998292e-05,1.475892506052292e-05
3910.0,0.1607221622061766,0.0007823527690074088,0.0002748937958832477,0.0009656877620550593,1.542991138346031e-05,1.415195628178523e-05,1.475838456954535e-05
3911.0,0.1612175734072951,0.0008586796352914695,0.0002761667181782654,0.0009670921381274508,1.543869736566643e-05,1.415316511618241e-05,1.476438918799682e-05
3912.0,0.161695336620132,0.0008675673034019386,0.000276008283007382,0.000968422567583842,1.54467857355079e-05,1.415604327489947e-05,1.475524993950457e-05
3913.0,0.1617236216881965,0.0008812311471443466,0.000276976944488168,0.0009697750877926531,1.545662414145094e-05,1.415876809116974e-05,1.475789926861546e-05
3914.0,0.1607678996678569,0.0008284705230463379,0.0002762822904728576,0.0009710898915840632,1.545295165059362e-05,1.414604099451183e-05,1.475281381468477e-05
3915.0,0.1605627615271664,0.00093924044235924,0.0002773517702485524,0.0009723690036055793,1.546610776879784e-05,1.414930886458647e-05,1.476026809774853e-05
3916.0,0.1595896285401051,0.0007911630290531507,0.0002756599972598848,0.0009736615571192188,1.545896902243245e-05,1.414198741931148e-05,1.475993321596601e-05
3917.0,0.1604244737541419,0.0008211020121578583,0.0002761168214229623,0.0009748431085292927,1.5466625764161e-05,1.415964271594042e-05,1.476686833339737e-05
3918.0,0.160259076896874,0.0008307389125031251,0.0002769659760862614,0.0009759055709365553,1.546283612524137e-05,1.416119675386079e-05,1.477114619152945e-05
3919.0,0.1598067262632881,0.0008202064076248511,0.0002766626409331952,0.0009770224401459767,1.547175633100691e-05,1.414540563485917e-05,1.47779415655681e-05
3920.0,0.160201597176397,0.0008275126059845292,0.0002770868112461561,0.0009781470141343382,1.548884492355263e-05,1.414780487022083e-05,1.478704328921205e-05
3921.0,0.1607058225865886,0.0008131457333993872,0.0002772947100985357,0.0009791481582095383,1.548805914959093e-05,1.414365341563705e-05,1.479429331783235e-05
3922.0,0.1601176521075642,0.0008913828269782044,0.0002782631290622274,0.0009800875771089862,1.548486008505408e-05,1.414485333654535e-05,1.480238312824324e-05
3923.0,0.1601096883965408,0.0008616531267614742,0.0002782118761435153,0.0009810032455337633,1.548866270772916e-05,1.415373552881472e-05,1.480656760711798e-05
3924.0,0.1598567733357817,0.0008823559559394487,0.000278893841873333,0.0009818444800514007,1.548445903231972e-05,1.415654073987405e-05,1.48034669876795e-05
3925.0,0.1605126744475442,0.0007987084152981637,0.0002778715247305088,0.0009826142826243201,1.547095304400618e-05,1.415385614251199e-05,1.479581787263431e-05
3926.0,0.1607633176428173,0.0008463875576496186,0.0002784884221143938,0.000983290994970541,1.548948498794549e-05,1.41561797493079e-05,1.479945823068433e-05
3927.0,0.1604135209213862,0.0007792009519213636,0.0002781420931183671,0.000983897604832734,1.54844612393932e-05,1.415883701406054e-05,1.480019263827924e-05
3928.0,0.1611020195701905,0.0007920692579748438,0.0002784444635032725,0.0009844211653505454,1.54862390023559e-05,1.415702792590594e-05,1.479833281608466e-05
3929.0,0.1618088960485991,0.0007873759453508393,0.0002787206403526504,0.000984895496895882,1.551069398196749e-05,1.41795170566113e-05,1.481357070238213e-05
3930.0,0.1605809949088249,0.0007925800210058248,0.0002786548113977766,0.0009853695201725238,1.549994765874358e-05,1.416851755089468e-05,1.480437834799572e-05
3931.0,0.1606632220614417,0.0007472951334892643,0.0002779936720313682,0.0009857216322346984,1.549323466452078e-05,1.417124531389473e-05,1.480890573686107e-05
3932.0,0.1607391718028621,0.0007518224741193317,0.0002782397730132095,0.0009859244858958058,1.55010130973337e-05,1.416898129968975e-05,1.481247745561444e-05
3933.0,0.1613761097768928,0.0007897158602220997,0.0002791097927753577,0.0009860683413573975,1.550162586387832e-05,1.416673713807582e-05,1.482041117698593e-05
3934.0,0.1615333848385347,0.0008704201735398166,0.0002805477070791206,0.0009861981233840835,1.553216450347422e-05,1.416577142856397e-05,1.483437478681666e-05
3935.0,0.1613408776963224,0.0007900220580574962,0.0002794914362271166,0.0009862480803875162,1.551826977190396e-05,1.416842767287951e-05,1.482840636151253e-05
3936.0,0.1615283902460876,0.0008106619621862662,0.0002801703456743086,0.000986232694500815,1.551806293969489e-05,1.417898625048865e-05,1.483833484654106e-05
3937.0,0.1615779497247231,0.0008021712076475671,0.0002803897456143368,0.000986103047368957,1.550934081410811e-05,1.418123466170708e-05,1.484276832033719e-05
3938.0,0.1618373452197418,0.0008128553446560539,0.0002807170236225907,0.0009858487695715372,1.550878064831873e-05,1.41821769827436e-05,1.484836585776377e-05
3939.0,0.1621171793434448,0.000769337694219753,0.0002806788516964006,0.0009855870819940932,1.550919087458252e-05,1.418597072275339e-05,1.484827312718301e-05
3940.0,0.1619227526518282,0.0008394810468086001,0.0002814804316416551,0.000985243472605406,1.550241916920876e-05,1.419212988396543e-05,1.484974011083887e-05
3941.0,0.162428162961845,0.0008348087141440837,0.0002818025568932336,0.000984773908567218,1.549902034795269e-05,1.419617670799813e-05,1.484605202677566e-05
3942.0,0.1634419771595682,0.0008572305350384057,0.0002823388791267607,0.0009842973396914005,1.552429710247057e-05,1.420685934179738e-05,1.486471894753846e-05
3943.0,0.16255483675643,0.0008559799844110653,0.0002827042618327774,0.0009837985680150963,1.550973530322287e-05,1.420790198659137e-05,1.486930858269519e-05
3944.0,0.1625107857315569,0.0008055130574710316,0.0002819313660179206,0.000983228503133261,1.550263307837049e-05,1.421553731161393e-05,1.48633734860092e-05
3945.0,0.162840921985082,0.0007595574663274735,0.0002814394017806154,0.0009826533311781873,1.550474582820852e-05,1.422266321581979e-05,1.486163364662727e-05
3946.0,0.1622719707026492,0.0007665091816968953,0.0002817941275457962,0.0009820722672277606,1.549586930561287e-05,1.421412425313444e-05,1.48622284347527e-05
3947.0,0.1633242717920369,0.0009537611759995856,0.0002833508536362316,0.0009815170520837146,1.549355434410097e-05,1.422392749551877e-05,1.48648613583613e-05
3948.0,0.1642290953488794,0.0009362125215156107,0.0002841367511166824,0.000980948435922109,1.551534439386542e-05,1.424011436009797e-05,1.488791066102905e-05
3949.0,0.1633625404417209,0.0009468114697903277,0.0002839111815836327,0.0009803738607012495,1.550643376185637e-05,1.424534312627974e-05,1.489007691348889e-05
3950.0,0.1631251640115248,0.0008627848374345193,0.0002831724838361806,0.0009797648923030007,1.549263395769413e-05,1.424937754762586e-05,1.48885273377538e-05
3951.0,0.1637142499207057,0.0008379239654031986,0.0002834326529741584,0.0009791884830187938,1.548538744579379e-05,1.426896255991426e-05,1.489554071662803e-05
3952.0,0.1649435665805643,0.0008924066687056323,0.0002852759730910522,0.0009785212026595074,1.546970484705397e-05,1.428612674343759e-05,1.490180607064767e-05
3953.0,0.1643892103426623,0.0008549380655421879,0.0002855241750849498,0.000977917971461063,1.548457999913519e-05,1.429104189720631e-05,1.491136472355217e-05
3954.0,0.1645166810855843,0.0008227527387806885,0.0002850720021143849,0.0009773256951142637,1.547832911901507e-05,1.429345502640384e-05,1.490901524240547e-05
3955.0,0.1650035619637913,0.0008627643563401974,0.0002853198840837003,0.000976730664814156,1.546194056620736e-05,1.429849337588162e-05,1.490802552193481e-05
3956.0,0.1650173888509591,0.000971122983295708,0.0002861576184093613,0.0009761683072397844,1.546651609571725e-05,1.430724577941261e-05,1.492042412394889e-05
3957.0,0.165023583586089,0.0009332765414053592,0.0002853404926286262,0.0009756438203102434,1.546812924780487e-05,1.430803417386645e-05,1.492893759857245e-05
3958.0,0.1646468289744005,0.0009423055429660221,0.0002852152331397035,0.0009751670051317576,1.545781492965718e-05,1.43135265640335e-05,1.492962994572696e-05
3959.0,0.1648493640302905,0.0008303616902724271,0.0002842804754321063,0.0009747199972905819,1.544582113363947e-05,1.43224012327294e-05,1.49318146817264e-05
3960.0,0.1647846905652568,0.0008408678274032046,0.0002842941312614278,0.0009743097989133897,1.544814296657574e-05,1.432630567998136e-05,1.494207125069251e-05
3961.0,0.1646262945983943,0.0008998852422792856,0.0002854625086484638,0.000974077684160358,1.544317741584793e-05,1.4325375332556e-05,1.495185043456094e-05
3962.0,0.1641894358221099,0.0008747325872956012,0.0002848683359788027,0.0009738585376228312,1.543147762374321e-05,1.433809713615989e-05,1.494864391078038e-05
3963.0,0.1634354323406324,0.0008434716905605922,0.000284895099442998,0.0009736711600528651,1.54237237524296e-05,1.434454866198007e-05,1.494970526790875e-05
3964.0,0.1636022418337241,0.0008520428623372185,0.0002849772932314283,0.000973511714133706,1.541096096889301e-05,1.43554853882352e-05,1.495645788220522e-05
3965.0,0.1634842742583954,0.0008186381517659076,0.0002847548126992316,0.0009734396840930291,1.540403879096102e-05,1.435770802956546e-05,1.496020998970801e-05
3966.0,0.1639775810496039,0.0008050136150997649,0.0002847048483862644,0.0009734285310448219,1.538839829120753e-05,1.435747553178057e-05,1.49661885854427e-05
3967.0,0.1638682250108599,0.000886312999561781,0.0002866651231211911,0.0009735086737474872,1.537624040702081e-05,1.436928215986272e-05,1.497195370288383e-05
3968.0,0.1636058681596537,0.0008217285017474376,0.0002861075361838045,0.0009735716980758969,1.53590124502968e-05,1.437961217911696e-05,1.496689702720671e-05
3969.0,0.1641472666245563,0.0008697572420702998,0.0002871211859954259,0.0009736663504833252,1.535032122414648e-05,1.439138965154785e-05,1.497841296329112e-05
3970.0,0.1643872585127613,0.001007152149894913,0.0002881237443879259,0.000973846224551233,1.535513969714402e-05,1.43947190461346e-05,1.499998117131128e-05
3971.0,0.1642054963325941,0.0008866963996745049,0.0002862221157627185,0.0009741433450960692,1.534129426224787e-05,1.43965670734284e-05,1.499720370358633e-05
3972.0,0.1639992660289391,0.0008968851256187832,0.0002857234456061107,0.0009744663636256424,1.533066530381887e-05,1.440606307410252e-05,1.499938352069335e-05
3973.0,0.1639898539845772,0.0008696097082467255,0.0002858122768444159,0.0009748387688859024,1.5307968574172e-05,1.44176542079142e-05,1.501078269397855e-05
3974.0,0.1645550165883054,0.0009097604166497317,0.0002866086312671808,0.0009752163916325378,1.530904496684575e-05,1.442451809026062e-05,1.502338303076393e-05
3975.0,0.1644021201824407,0.0009075395729539272,0.0002866917617045206,0.000975693945280647,1.530083272798472e-05,1.443044817838451e-05,1.503176471061445e-05
3976.0,0.16502928573983,0.0009093102884336737,0.0002863688985089033,0.0009761186371390233,1.528384521374639e-05,1.444558428746609e-05,1.503403259044084e-05
3977.0,0.1650660253247593,0.0009005613116375871,0.0002863874954016179,0.0009766024468543034,1.528015984561308e-05,1.445398115534739e-05,1.504499484063611e-05
3978.0,0.1650069435759087,0.0008618352700748192,0.0002855960050412283,0.000977136408488304,1.526244107103886e-05,1.445042360971935e-05,1.503796669543416e-05
3979.0,0.1648739270864647,0.0007995860186403123,0.0002850327979637153,0.0009776821612550739,1.524402806676936e-05,1.446589295713878e-05,1.505018934120124e-05
3980.0,0.1646715534710347,0.0008692025358669489,0.000285516327737864,0.0009781860405113632,1.522711809377058e-05,1.446786809712592e-05,1.506108803016112e-05
3981.0,0.1642405456669558,0.0008695046468299104,0.0002859283093607433,0.000978772312288463,1.520649948611232e-05,1.44660570255887e-05,1.505659378385075e-05
3982.0,0.1646601938246811,0.0008401442352404086,0.0002854252321759867,0.000979292342919482,1.518817869983667e-05,1.447852893183001e-05,1.506583357415003e-05
3983.0,0.1648042517844195,0.0008294292108078662,0.0002848650756143948,0.0009798203913481958,1.516741918518125e-05,1.448365633540495e-05,1.506854905693175e-05
3984.0,0.1656597502070375,0.0009316517005280423,0.0002859654470656824,0.0009803764863490247,1.516477838620998e-05,1.448685883038115e-05,1.509868138733993e-05
3985.0,0.1653953067383735,0.0008850642539816742,0.0002853145842412629,0.0009809172195585129,1.513982474051308e-05,1.449358329768163e-05,1.509879278928433e-05
3986.0,0.1648583058915766,0.0009185479969472442,0.0002855193660719941,0.0009815669426283308,1.513034747162515e-05,1.449442728728973e-05,1.510875366757552e-05
3987.0,0.1656042498197415,0.0009029820036758786,0.0002853622170738944,0.0009821929965024387,1.510541119872775e-05,1.450496964785522e-05,1.510866189093801e-05
3988.0,0.1655605316041082,0.0008871585890521461,0.0002853203066699418,0.0009827998552953154,1.509410316505389e-05,1.451592353158432e-05,1.511970020584665e-05
3989.0,0.1653288622243044,0.0008518482362668452,0.0002847571441496498,0.0009834431605621544,1.509309660049781e-05,1.45190093180515e-05,1.513736014382336e-05
3990.0,0.1661397327856385,0.0008588679232288676,0.0002852061324009741,0.000984077941585727,1.507847729436687e-05,1.453286017645056e-05,1.515493419818857e-05
3991.0,0.1664829647571433,0.0008131100794275779,0.0002848492879880867,0.0009847131548639874,1.506901516467517e-05,1.4535736915592e-05,1.516572847794372e-05
3992.0,0.1655357238695581,0.0008150039341321121,0.0002849459764978359,0.0009853438118095764,1.505726547811079e-05,1.452848959209381e-05,1.517421811331473e-05
3993.0,0.1651879603866333,0.000839434573346099,0.0002852796028557743,0.000986035702439118,1.503305635565815e-05,1.45402074954024e-05,1.518462073003102e-05
3994.0,0.1649620871450071,0.0008037396269639963,0.000284755404225713,0.0009866756126182864,1.500526244469013e-05,1.454970732639094e-05,1.518536554395458e-05
3995.0,0.1647455081302402,0.0008480144773222838,0.0002851815995033869,0.0009872930478722608,1.498222741011045e-05,1.454750474959872e-05,1.518887027748267e-05
3996.0,0.1650769334113311,0.0008057366489383339,0.0002848464550882718,0.0009878932539863362,1.497111229645525e-05,1.454720491694898e-05,1.520110661380876e-05
3997.0,0.1649938108750121,0.0008083177153794527,0.0002846954479787604,0.0009885674687893633,1.496678071785517e-05,1.454991692326752e-05,1.520546368723161e-05
3998.0,0.1643140167037861,0.0008287954754806856,0.0002847165702077124,0.0009892485334449764,1.493649188567947e-05,1.455487857072259e-05,1.521181551009669e-05
3999.0,0.1640399543768882,0.000806381376891656,0.0002836911945506243,0.0009899374587973306,1.492167416715152e-05,1.455262533920144e-05,1.522041865311519e-05
4000.0,0.1643523955772923,0.0008278596789715678,0.0002841898178667176,0.0009906914867979667,1.490170155964054e-05,1.455434828992611e-05,1.52311737416632e-05
