iteration,continuity,epsilon,k,vf-phase-2,x-velocity,y-velocity,z-velocity
1.0,1.0,0.3188771611778973,0.4429044156370966,0.1326810677474254,0.0006293878529209347,0.0006913501602822066,0.0006712653516500517
2.0,1.0,0.1778598521583373,0.1734032859984089,0.6076890287283035,0.000456110314440445,0.0004582976163172302,0.0004617172477763167
3.0,0.7996484381084549,0.1832625699460664,0.1019063577727215,0.3062608852664664,0.0003140559032504949,0.0002938160074930151,0.0003156078612771354
4.0,0.8471604338328137,3242.987031963689,3.282209287578468,0.2051610490273885,0.0003415313117085876,0.0002817716953040324,0.0003324732658686009
5.0,0.6748235619351485,1.132526674741636,0.5737308994955396,0.1526086834939056,0.0003108766432023322,0.0002427819715720921,0.0003004549542537185
6.0,0.7305798173926307,0.9020607878125031,0.2192660889048023,0.1210346635077936,0.0003126113253743054,0.0002388468814122607,0.0002879047189736385
7.0,0.5718393819840166,0.8583344516667227,0.1439185303341528,0.100787211278381,0.0002776814236134479,0.0002004326266408691,0.0002514069688181688
8.0,0.5084683998278533,0.7200195473269505,0.08899333855359833,0.08647688220583892,0.0002622774375537329,0.0001814309438386129,0.0002354878180106882
9.0,0.4508419469661787,0.4555212654461405,0.05540041716580396,0.07578749561535432,0.0002481400502195209,0.0001664109451067443,0.0002220228797811449
10.0,0.5075665129239505,0.2695599791569532,0.04091910430946976,0.0675331318850799,0.0002457183623587799,0.0001672607801546456,0.0002220756873721892
11.0,0.422861664357522,0.1668252355113402,0.03396319264147614,0.06084308200523094,0.00023051587950237,0.0001539539290668572,0.0002071372329028997
12.0,0.3956685925237023,0.1186406751663468,0.03038041969611882,0.05535476907951728,0.0002247454566955976,0.000149366768773081,0.0002001096453317849
13.0,0.3798072050521007,0.09021974623836511,0.02591407441957178,0.05085139737172021,0.0002189425632709499,0.000144721198613641,0.0001944383149600558
14.0,0.3950703975591645,0.07004143633418375,0.0227543562761315,0.04703485664989502,0.0002148272025891534,0.0001441988676181197,0.0001911886139619739
15.0,0.3538478442552045,0.05555743219111617,0.02056943151245335,0.04372054493725914,0.000206498716298177,0.0001378935796168734,0.0001834243870651439
16.0,0.3512180283771375,0.04719280936924257,0.01912648342633138,0.04083639054668094,0.0002026892646103907,0.0001371377217663575,0.0001790827737260541
17.0,0.3428594962100861,0.04194451414317626,0.01812765955167342,0.03829103200176392,0.0001981135956610183,0.0001352759190839966,0.0001752054073479338
18.0,0.3355934173082543,0.03815323480082349,0.01737068927380979,0.03603814510550459,0.0001937596651574182,0.0001345177145589096,0.0001715695214419351
19.0,0.3279579908554354,0.03543121508208365,0.0167010873267083,0.03402927170719414,0.0001905535969333291,0.000133715960254178,0.0001683515323400947
20.0,0.3241768868782036,0.03279451530798665,0.01605125346818954,0.03223304123763776,0.0001876274363134846,0.0001331036206028867,0.0001653155159047547
21.0,0.318919094805719,0.03067355097752915,0.01548595365954386,0.03062235488553762,0.0001848405034701361,0.0001321498799344142,0.0001626697405314993
22.0,0.3161035547859297,0.02870116738708868,0.01499390486179292,0.02916486613958468,0.0001828173289079788,0.0001314465430694176,0.0001602101816237773
23.0,0.3135403214445483,0.02718007743337715,0.01452121198396731,0.02783031149824741,0.0001804967317600714,0.0001308444214851871,0.0001577350508115145
24.0,0.311084929942612,0.02572760358408532,0.01402153763941292,0.02660733796626546,0.0001786506859858003,0.0001298620131100612,0.0001550764429301183
25.0,0.3078599580485352,0.02450338986579924,0.01356588837991963,0.02548084246863549,0.0001764110029744243,0.0001290138672031301,0.000152660936466359
26.0,0.3051127080821531,0.02378939977492466,0.01318924692831777,0.02445311269595253,0.0001740625722086561,0.0001281292775350613,0.0001501268032117557
27.0,0.3022572191282778,0.02271430733405581,0.01274014895429871,0.02350458606190114,0.0001720268850736798,0.0001276333155911277,0.0001479374918105389
28.0,0.3012543205434259,0.02216625329127381,0.012400968355179,0.02263509553455051,0.0001698394501457012,0.0001269466823460829,0.0001459508152427817
29.0,0.2983558569929896,0.02120793039655289,0.01199808244577305,0.02183217788382916,0.0001677622460761488,0.0001265296140101198,0.0001443338578429015
30.0,0.2955727906247339,0.02085981678348833,0.01173885247120633,0.02108214248355728,0.0001652325028886619,0.0001258743068811703,0.0001420418030101489
31.0,0.2940931622826487,0.02053251678251988,0.01149480958641644,0.02037641180585186,0.0001629673468005663,0.0001251423062612067,0.0001398667824559327
32.0,0.2929685590751238,0.02024953319860726,0.01126836787078741,0.01971712688583424,0.0001612003272987436,0.0001245174403394268,0.0001378882126043088
33.0,0.291323703283364,0.01989580455948273,0.011066014323198,0.01909847126288799,0.0001587812480095145,0.0001236362629321585,0.0001358914622709654
34.0,0.2891910935853786,0.01968463343369131,0.01090088975323909,0.01851757772923492,0.0001567618994810058,0.0001229928866106913,0.0001340329196396149
35.0,0.2888794992809121,0.01947413270205126,0.01076295511254356,0.01797039747633383,0.0001546706833903604,0.0001223539069221779,0.0001323426282796921
36.0,0.2859923865918577,0.0193672983461322,0.01064825352856198,0.01745591035738417,0.0001528442991278614,0.0001215577732141117,0.0001305237174039711
37.0,0.2878854868405948,0.01922027235989892,0.01054530504787045,0.01697030603789279,0.0001511974642826151,0.0001208390653477332,0.0001288474249931538
38.0,0.2880144347221034,0.01907102261624149,0.01045747477455629,0.01651256100342265,0.0001497620577097339,0.0001202376153628793,0.0001272700090221834
39.0,0.2870634712737766,0.01900630213401909,0.01039338851789003,0.01607693883979817,0.000148137933970706,0.0001194469227920263,0.0001257341793247559
40.0,0.2867643972536616,0.01896161819432573,0.01035350720570515,0.01565990539847473,0.0001466124844989141,0.0001187549844508767,0.0001243074313292248
41.0,0.2867372284978001,0.01908565629500511,0.01032130501262317,0.01526275805405308,0.0001449712062018274,0.0001179700381619349,0.0001229642950663705
42.0,0.2848183133995701,0.0190611539597992,0.01030175040998326,0.01488719571138944,0.0001434970767936027,0.0001173223218888576,0.000121816297917991
43.0,0.2859007694212019,0.0192595618798625,0.01029615139821237,0.01453002534546974,0.0001420151681400642,0.0001166648368890105,0.0001206541526384507
44.0,0.2866296255430745,0.01967634532148377,0.01029508369172149,0.01419007141161238,0.0001408610239122054,0.0001161621980723372,0.0001197616475876838
45.0,0.2871128197941015,0.01985273714863257,0.01028105465018844,0.01386704797842164,0.0001394769605213907,0.0001152435768900852,0.0001186905111400109
46.0,0.290338310329054,0.02006027121378699,0.01025959462852634,0.01355802870681395,0.0001384554762220161,0.0001147992834295078,0.0001179634276812974
47.0,0.2900651597792508,0.02019696901628378,0.01022869688646445,0.01326238458249929,0.0001370349354082412,0.0001141041902152103,0.0001169632620701915
48.0,0.2917892785523968,0.02039491554557148,0.01018571076000909,0.01298006050496817,0.0001353366836577471,0.0001134153272195252,0.000115823361118101
49.0,0.291386399826806,0.02051682033901016,0.01014185899184119,0.0127092671306727,0.0001336887212562046,0.0001129710450399384,0.000114914512017522
50.0,0.2937286998579172,0.02067877214329014,0.0100873327292397,0.01244889332905777,0.0001320077435751949,0.0001125749217864779,0.0001139605834060397
51.0,0.2960981990118303,0.02074260260807326,0.01002706418190264,0.01219842393960049,0.0001302638098040234,0.0001122849691069169,0.0001132191069206914
52.0,0.2983102976620745,0.02063577365761444,0.009947923119827815,0.01195689143052801,0.0001284011052779573,0.0001119178173066654,0.0001122089544123736
53.0,0.2989849809824016,0.02056170231674331,0.009863232648837896,0.0117243221602727,0.000126601903302279,0.0001118641439029134,0.0001113301640859175
54.0,0.2939287273110191,0.02034703017620636,0.009763297212135482,0.01150033181753373,0.000124487611390418,0.0001108023819176665,0.0001098826994632457
55.0,0.3047945296260107,0.02008422511601964,0.00963931092727435,0.01128478499953987,0.0001220062194285364,0.0001105550605457028,0.0001087091855939016
56.0,0.2941972636170493,0.02002483694182995,0.009535638118122913,0.01107647584818791,0.0001202177381090177,0.0001098362521126741,0.0001072896306979239
57.0,0.300399854506744,0.01985418699583961,0.009411763181708145,0.01087668981996984,0.0001182731627381,0.0001094472260808631,0.0001059629375566385
58.0,0.2895409443316415,0.01960985927097892,0.009294900897368959,0.01068397185003002,0.0001164751376564421,0.000108644059597486,0.0001045013808632094
59.0,0.2942746199485876,0.01942841289195695,0.009172425480897459,0.01049817977050825,0.0001146934233630687,0.0001082155000097428,0.00010349928792996
60.0,0.284602710574492,0.01926516065760902,0.009071121878164518,0.01031826199761995,0.0001132750335601637,0.0001076246120742711,0.0001024618494609528
61.0,0.2867704484758387,0.0189243337925554,0.008967877483984367,0.01014489561334752,0.0001114999684931543,0.0001073310733826778,0.0001013451988802181
62.0,0.2778904544299273,0.01874653913587438,0.008889468812680268,0.009977532440667613,0.0001100935064810776,0.0001067180467450113,0.0001003795678880148
63.0,0.2807214668759798,0.01868494133791043,0.008805579297277861,0.009816291826885136,0.00010864012385413,0.00010650271105417,9.967889489914829e-05
64.0,0.2723933097933149,0.01868514255707486,0.008722718888800714,0.009660373081091198,0.0001074212714922806,0.0001059312821242211,9.885988240749057e-05
65.0,0.2755950486023053,0.01859171589585925,0.008628738730120442,0.009509968390543072,0.000105995433666584,0.0001056290660041075,9.828754532511126e-05
66.0,0.2669134118885024,0.01843370117512038,0.00854303372435018,0.00936411996944304,0.0001046747107897042,0.0001049879784876648,9.753731757261386e-05
67.0,0.2678280401834791,0.01808156624598332,0.008440136334190393,0.00922306411010181,0.0001034785330236003,0.000104483159914678,9.70158957312339e-05
68.0,0.2583901968873419,0.01805491246567505,0.008350758618485677,0.009086316931958858,0.0001022087702025581,0.0001037980757389327,9.624319939193415e-05
69.0,0.2626663732759651,0.01793120014713625,0.00825599922985416,0.0089534693247332,0.0001010704120066358,0.0001033970560332536,9.588086832151808e-05
70.0,0.2546890493627472,0.01791308610636905,0.008169245736159892,0.00882487935315553,9.980586050554132e-05,0.0001027920932305671,9.527619617654886e-05
71.0,0.2570654523372308,0.01776525197862806,0.00806420102347072,0.008700853443092321,9.879320163375323e-05,0.0001022373248336497,9.488041246078605e-05
72.0,0.2503536923113556,0.01759655495606722,0.007959242880806874,0.008579678860643633,9.757408323843704e-05,0.0001016424812783949,9.43728187290119e-05
73.0,0.2536761102770613,0.01734275031426135,0.007835993490735391,0.008461771062090045,9.671366620631109e-05,0.0001013037600393072,9.424420871087522e-05
74.0,0.2483378612483971,0.01730932637259417,0.007719803330955933,0.008347238980809617,9.575252608872274e-05,0.0001008961667805311,9.38325167420388e-05
75.0,0.2526444251551095,0.01704617318990431,0.007591101059421516,0.008234962497785506,9.51309321664855e-05,0.0001007087674723771,9.360299143955876e-05
76.0,0.2466481633595449,0.01666907543378505,0.007463904105326667,0.008126380921153056,9.389411457522183e-05,0.0001002476650289025,9.31601836143779e-05
77.0,0.2516980006068349,0.01648276319112011,0.007340332436675442,0.008020755100682075,9.316634977783476e-05,0.0001000717769741718,9.315269203976522e-05
78.0,0.2470763021123576,0.01630773630284547,0.007223020933024562,0.007917756346913262,9.211192734373917e-05,9.96967391957941e-05,9.27672499045581e-05
79.0,0.252903543774479,0.01600626234778707,0.007111531183211112,0.007817206108806277,9.16820354979025e-05,9.964638926151691e-05,9.267188314087234e-05
80.0,0.2494520802833473,0.01597400228826865,0.007013017873127048,0.00771885214500146,9.078763930793862e-05,9.938060783683379e-05,9.241901508743103e-05
81.0,0.2543383880980787,0.01573488524204113,0.006917673072615441,0.00762276347625919,9.04763166560113e-05,9.916562037557984e-05,9.223602349090547e-05
82.0,0.2497727072145776,0.0153486458542254,0.006828382664541006,0.007528591794536832,8.951693583688303e-05,9.886097076990885e-05,9.194883991082532e-05
83.0,0.2548043788434118,0.01526980935343515,0.006747991029475082,0.007436393295805054,8.915044841136504e-05,9.886232499237675e-05,9.164991951682034e-05
84.0,0.2498139238578149,0.01508718520957943,0.006669243225872304,0.007346171394681938,8.832881096626734e-05,9.85263496347603e-05,9.139193083090219e-05
85.0,0.2539059415478194,0.01497226545837925,0.006591878041444318,0.007257567096575744,8.808548476074533e-05,9.839774634021593e-05,9.106685344237501e-05
86.0,0.2504383944946369,0.01467477100779787,0.006511754802438641,0.007171474058783796,8.724712950652765e-05,9.791822574837057e-05,9.062255351645042e-05
87.0,0.2542220678247438,0.01439473991185948,0.006434850007391288,0.007088145626679724,8.710476631872051e-05,9.773196399101486e-05,9.03178253480906e-05
88.0,0.2511271083042598,0.01446094021886305,0.006366976219551481,0.007006880014450836,8.661993318008918e-05,9.740452518537862e-05,9.008254275970439e-05
89.0,0.2555937461876585,0.01432180598889421,0.006292900369013142,0.006927119441148942,8.657546730928468e-05,9.717475122433926e-05,8.969706895172663e-05
90.0,0.2510865070053886,0.01398341534781202,0.006213737754675744,0.006849040686225496,8.588925318258451e-05,9.671378308656301e-05,8.923499402510873e-05
91.0,0.256674292947238,0.01378504646832723,0.006140759256509513,0.006772037017210106,8.59633522481247e-05,9.667985862398921e-05,8.900729863251932e-05
92.0,0.2536976467970034,0.01392754810893705,0.00607113634566844,0.006696779616234601,8.545714446404255e-05,9.622386501087036e-05,8.867206670777888e-05
93.0,0.2596433432956384,0.01395662812347609,0.005999060945003127,0.006623163681506435,8.588133925322482e-05,9.620553438183286e-05,8.847863967540923e-05
94.0,0.2564608938751071,0.01365210964275366,0.005918923523431825,0.006551219180667023,8.534478242310165e-05,9.566139907696015e-05,8.808127241048264e-05
95.0,0.2620273525656021,0.01345114543037502,0.005844599617949006,0.006480632826169911,8.55868701960834e-05,9.544838670635731e-05,8.788243551896133e-05
96.0,0.2601438471692891,0.01348919372696248,0.005775415573051934,0.006411642174980601,8.520782347216418e-05,9.506269201626328e-05,8.761014086712844e-05
97.0,0.2649991470819177,0.0132376281440482,0.005698812346758291,0.006344289580846451,8.555209080493181e-05,9.473945121603989e-05,8.74411356653168e-05
98.0,0.2619058982249619,0.01325745693550941,0.005622424364521654,0.006278078676928899,8.513575802689314e-05,9.432034204547988e-05,8.724148288888341e-05
99.0,0.2676630202524252,0.01324869390355138,0.005549323733170451,0.006213338280449791,8.542810942623211e-05,9.410802089259722e-05,8.70168262354177e-05
100.0,0.2646567326165233,0.01307007576188029,0.005470903286309242,0.006150355344836649,8.495162502512278e-05,9.37018039535448e-05,8.684190156621511e-05
101.0,0.2683357406991654,0.01301451379096026,0.005397595196155234,0.006088466127505153,8.523472485074649e-05,9.33460306217713e-05,8.668692863265836e-05
102.0,0.2649266870345393,0.01288463855425935,0.005324096390134234,0.006028046084277179,8.468382323356048e-05,9.28982728495975e-05,8.634919477203106e-05
103.0,0.268336085852975,0.01263463138097215,0.005250156869915049,0.005968997633521492,8.45643441793482e-05,9.253960982852041e-05,8.61329316787604e-05
104.0,0.275545548062595,0.01264564372820454,0.005184904815820334,0.005910692520885224,8.508215445411432e-05,9.239123203271301e-05,8.614593431859384e-05
105.0,0.2690681955302054,0.01250133011689514,0.005114872790884298,0.00585327780959421,8.453654678799298e-05,9.191312839680012e-05,8.58483123945462e-05
106.0,0.270680885178126,0.0124121230805778,0.005040801576446737,0.005797064736315962,8.434229832177497e-05,9.141943442291003e-05,8.557804080060127e-05
107.0,0.2753382138105102,0.01218578981091649,0.004969501003692966,0.005741870680029773,8.471811023385732e-05,9.130442895347015e-05,8.547355117446417e-05
108.0,0.2711542160747151,0.01195543649505146,0.004899785097942312,0.005687668373697758,8.413566801199715e-05,9.089638064853073e-05,8.509690604977956e-05
109.0,0.2731645759391628,0.01177506971704572,0.004836298260733759,0.005634357759286788,8.397274716957549e-05,9.042065174071767e-05,8.482258891851852e-05
110.0,0.2776800589029677,0.0115001982432922,0.004734752241493485,0.00558189693588506,8.444403596623892e-05,9.032723661899213e-05,8.471938712521575e-05
111.0,0.2726721608306256,0.01145040100239659,0.004684704576020575,0.005530366130870605,8.375221093142301e-05,8.993392462385852e-05,8.428680553818731e-05
112.0,0.2755329276835357,0.01138475432139093,0.004634304060409412,0.005479706639513236,8.357335090956488e-05,8.94596477755359e-05,8.392938344355927e-05
113.0,0.2794959951605744,0.01134405221857604,0.004585564901243898,0.005430056404799311,8.398512976504391e-05,8.920712223320164e-05,8.368382937894404e-05
114.0,0.2767462429001986,0.01131321298889378,0.004543821949011237,0.005381118874356512,8.337630982727853e-05,8.903055499535205e-05,8.35288555742542e-05
115.0,0.2796708243234455,0.01117386700023478,0.00449918016128929,0.005332993616790885,8.311285131242771e-05,8.864271612256448e-05,8.329802866131583e-05
116.0,0.2848560002146156,0.01136430856092413,0.004462268682842991,0.005286100686085256,8.36713124834732e-05,8.847134369315495e-05,8.321703979587459e-05
117.0,0.2802515958546326,0.01116265559569441,0.004418482906555777,0.005239984217276355,8.299465451412765e-05,8.816450262379777e-05,8.302171619013639e-05
118.0,0.2826191760556669,0.01110723628424961,0.004377301603507631,0.005194734787197695,8.275605515353078e-05,8.762928761586882e-05,8.27508058750903e-05
119.0,0.2848546894314188,0.01091334648190315,0.004332881041515954,0.005150273542681919,8.266676737435542e-05,8.714308949864904e-05,8.254049403298612e-05
120.0,0.2865307775631283,0.01101398501456643,0.004297655137809039,0.005106482256354936,8.271826352580357e-05,8.679041367757919e-05,8.240870746694717e-05
121.0,0.2879035549048075,0.0109197379450393,0.004259854900115472,0.005063511670366364,8.263322774188326e-05,8.65297561731204e-05,8.227905372749796e-05
122.0,0.2879784773662685,0.01077988156263393,0.004221842783888588,0.005021365808633007,8.24335530776221e-05,8.608164571059532e-05,8.219183737932217e-05
123.0,0.2897068489140952,0.01079973283576612,0.004186684492674944,0.004979940565477558,8.227152242433579e-05,8.569729007228816e-05,8.216098351412271e-05
124.0,0.2907738064271105,0.01066587798708276,0.004149361806888525,0.004939133057824413,8.212787179307059e-05,8.52662042387653e-05,8.214947751344971e-05
125.0,0.2924248061706327,0.01062704943637491,0.004117465364804181,0.004898927599157024,8.200358573167126e-05,8.482410307763211e-05,8.207296080135748e-05
126.0,0.2945396532269888,0.01052392027985325,0.004089255605537653,0.004859481450515324,8.186507281767393e-05,8.44181555026886e-05,8.205683231521327e-05
127.0,0.2968073160248182,0.01048511201728906,0.00406346238008865,0.004820789153698973,8.172954227957997e-05,8.407307597355199e-05,8.209603581306429e-05
128.0,0.2972102454363315,0.01041493553168781,0.00399918983560609,0.004782781741633818,8.163908325991945e-05,8.372646867250088e-05,8.2135585398444e-05
129.0,0.2981177500128612,0.01032612439925016,0.003976239415600157,0.004745115307880487,8.145078564349982e-05,8.330460701934659e-05,8.216564878890918e-05
130.0,0.2996858223987537,0.01034972876510319,0.003957086885420378,0.004707927460827118,8.128171646721223e-05,8.290844281549974e-05,8.222472339731074e-05
131.0,0.3023324817760865,0.01039050901115584,0.003937504010121587,0.004671317322895024,8.105486397530874e-05,8.253083254565909e-05,8.228785662368829e-05
132.0,0.3036325422123529,0.01057572398129013,0.003919623823927429,0.0046352973513443,8.093405842190775e-05,8.230517917231538e-05,8.239161564672586e-05
133.0,0.303911316266224,0.01043802214106796,0.003897728551868782,0.004599898425779802,8.071466575975562e-05,8.198918807946916e-05,8.248880339817923e-05
134.0,0.305791971984089,0.01034547019541647,0.003875257293739476,0.004564894549022684,8.053763155437959e-05,8.172254116625959e-05,8.257488918751278e-05
135.0,0.3076928291976136,0.01032389676346486,0.003854977579176434,0.004530571303000886,8.036636310032834e-05,8.148780115449085e-05,8.267953604244501e-05
136.0,0.3097665674922515,0.01027361476992924,0.003831240005377884,0.004496872726541207,8.010288549695138e-05,8.113858393217797e-05,8.272786619052584e-05
137.0,0.3112481981887619,0.0102519681107877,0.003810839351414933,0.004463854028414175,7.987598591708387e-05,8.093602245707935e-05,8.290407233617645e-05
138.0,0.3127954938321724,0.01023126582902531,0.003789554359996765,0.004431332297460964,7.968780373707745e-05,8.072246804598438e-05,8.305020686885798e-05
139.0,0.3126515914460561,0.01008209192806808,0.003761265105350148,0.004399387805289859,7.944474960841922e-05,8.030834124252801e-05,8.31372851599663e-05
140.0,0.3141632762752335,0.009981368969478698,0.003733795112374857,0.004367919117363561,7.917403260406573e-05,8.003724200212742e-05,8.324692813679346e-05
141.0,0.3149639922248936,0.01013027183035419,0.003712501588193528,0.004336950169781483,7.89862766793199e-05,7.98751430210982e-05,8.33926151317136e-05
142.0,0.315027572379839,0.01002776340778508,0.003683802254966129,0.004306749637482412,7.871819413297205e-05,7.95689604516925e-05,8.339475846871711e-05
143.0,0.3157618985428216,0.009858546991695236,0.003654492094952394,0.004277113076155479,7.837713025561855e-05,7.930304667400065e-05,8.336277913743617e-05
144.0,0.3170664698726065,0.009589818121485509,0.003626391918136857,0.004247885765168537,7.806604041165603e-05,7.903273142651316e-05,8.336011686114695e-05
145.0,0.3186629476716452,0.009702835905701198,0.003606320064094832,0.004219005962045468,7.78840135228649e-05,7.884644210781856e-05,8.347457686326699e-05
146.0,0.3202501454008801,0.009492321550479658,0.003577563447734769,0.004190495599679911,7.766558249810422e-05,7.859766968229758e-05,8.351168592923077e-05
147.0,0.3213266524971993,0.009640372816856622,0.003556206229623573,0.004162238970976333,7.747687633479476e-05,7.843476191762041e-05,8.354405018903529e-05
148.0,0.3217130358031104,0.009481116362436722,0.003531692646489363,0.004134214720299042,7.723932482724501e-05,7.824053484004258e-05,8.356578151675173e-05
149.0,0.3226027023727353,0.009299835405831429,0.003505507091956568,0.004106581501274979,7.696528456306191e-05,7.802310272617831e-05,8.342786466155053e-05
150.0,0.3240296847766714,0.009222290370707523,0.00348032635941097,0.004079102566552016,7.675550362197491e-05,7.78711063819368e-05,8.336379172854094e-05
151.0,0.3249766215685729,0.009102217297998096,0.003457395174075165,0.004051912802819104,7.658027855352609e-05,7.767419741919314e-05,8.325759608310706e-05
152.0,0.3257829530310503,0.009009395950829753,0.003435006861864621,0.004025106690068461,7.645049235197912e-05,7.741982029950605e-05,8.310821195545822e-05
153.0,0.3263971677243394,0.009159423199501797,0.003414827501293514,0.003998734309308063,7.63121732991133e-05,7.72238899280399e-05,8.299792333917509e-05
154.0,0.3263029253126862,0.009050558870753159,0.003392590169660873,0.00397265421942388,7.617270262541055e-05,7.703383403837136e-05,8.277677872201562e-05
155.0,0.3263064832261423,0.008853990494228787,0.003369653024850142,0.003946841604470748,7.605041128819087e-05,7.681549099400747e-05,8.2577022700614e-05
156.0,0.3272454305553809,0.008747541956901233,0.003349234644257574,0.003921476234667153,7.588802746937233e-05,7.656383873006784e-05,8.235894390143314e-05
157.0,0.3273883724014545,0.008666131349824855,0.003330186069465443,0.003896422044417618,7.58646301815139e-05,7.639711136433508e-05,8.225477268899708e-05
158.0,0.3276938138146339,0.008567747409115253,0.003311115068352572,0.003871571809761292,7.577278438298548e-05,7.616163575751931e-05,8.20535862532568e-05
159.0,0.32793259524105,0.008637958073700287,0.003294736895034896,0.00384698896745272,7.572839356396213e-05,7.592998965378404e-05,8.187013262848979e-05
160.0,0.3276215508927983,0.00842415979328939,0.003274344256160228,0.003822659593598221,7.571365594025545e-05,7.572029203527185e-05,8.162657637185546e-05
161.0,0.3286947563463382,0.008462148688909505,0.003255588707393325,0.003798542521920001,7.569319725087412e-05,7.555569283462019e-05,8.147204891309423e-05
162.0,0.3290626106087454,0.008294822725627088,0.003236061479037732,0.003774738121200435,7.564685957112942e-05,7.540964626322213e-05,8.131803612369482e-05
163.0,0.3301135696642513,0.008349247428123562,0.003222676128808691,0.003751205071501376,7.567643921201115e-05,7.526833405767678e-05,8.119741287528344e-05
164.0,0.3305526377525495,0.008316839638666893,0.003207406615918672,0.003727930063186265,7.566742355104215e-05,7.506026014470054e-05,8.093944910697643e-05
165.0,0.3315355225565811,0.008262254060350846,0.003191013011581297,0.003704939909850413,7.564390709615217e-05,7.498609762929914e-05,8.075282794601097e-05
166.0,0.332742617989948,0.008307948438403363,0.003178678783307229,0.003682278962240582,7.571525340286293e-05,7.48077803259687e-05,8.05167206725583e-05
167.0,0.3337685805002352,0.00810490150599678,0.003158990032869522,0.003659921024181516,7.575619518569306e-05,7.47100208484465e-05,8.027671975124241e-05
168.0,0.3341754080484337,0.008008495255917559,0.003141112123554408,0.003637754634687663,7.581121759210789e-05,7.461811866638894e-05,8.010604771577713e-05
169.0,0.3353808517303702,0.007916003096569835,0.003124349522362315,0.003615834071585898,7.59212905628374e-05,7.453622163141912e-05,7.989588271542518e-05
170.0,0.3373788509282354,0.008106046673511893,0.003113315270688788,0.00359409643839918,7.593542397657098e-05,7.451508015882095e-05,7.963809235842771e-05
171.0,0.338952311677922,0.008010065936517277,0.003098194763202571,0.003572627716619191,7.600015678714009e-05,7.446318927482649e-05,7.943857498381468e-05
172.0,0.3395319171320054,0.007970738183062612,0.003083149369120696,0.003551288673514343,7.6133273371597e-05,7.439613834491732e-05,7.922728812414124e-05
173.0,0.3405615442447716,0.007900735928167469,0.003066965499376185,0.003530302281119611,7.622568921693017e-05,7.436065270606407e-05,7.901007729486072e-05
174.0,0.341953148030703,0.007739287266224711,0.003049674651023391,0.003509593243779125,7.632037459698128e-05,7.432979906520157e-05,7.884233922691674e-05
175.0,0.3432448279709677,0.00758186136259264,0.0030058576576477,0.003489179453230956,7.649453431152594e-05,7.438861846305322e-05,7.869104332118695e-05
176.0,0.344208224091837,0.007482453892662608,0.002969736185943746,0.003469079248287403,7.672007161208598e-05,7.447930478188181e-05,7.857591486114092e-05
177.0,0.3460664803166904,0.007704724629058753,0.002970250858193877,0.003449220796368586,7.695981123407982e-05,7.454369785941623e-05,7.841578460462715e-05
178.0,0.3474182099977398,0.007665497859233467,0.002964784466808343,0.003429596814563351,7.714561203739386e-05,7.454869424924981e-05,7.821747725433698e-05
179.0,0.3495246434279127,0.00754533061757058,0.002955812769116222,0.003410106454289405,7.739661306155401e-05,7.460457954013866e-05,7.810366822275558e-05
180.0,0.3519594928357487,0.007451439779591743,0.002919321495478877,0.003391102491534004,7.772910388438749e-05,7.475492214338529e-05,7.80764740990932e-05
181.0,0.3551848879018412,0.007543711178911391,0.002919680398282123,0.003372412206143554,7.802731330861049e-05,7.489347641452285e-05,7.798527241423676e-05
182.0,0.3574286693440596,0.007627651422045431,0.002917407017276474,0.003353840531724129,7.845059719928283e-05,7.506103173743795e-05,7.792764741796115e-05
183.0,0.3599603187054664,0.00773753976402288,0.002913533802447731,0.003335350218780348,7.887972858328908e-05,7.527541495814395e-05,7.788433087097338e-05
184.0,0.3617043009204963,0.007685975506441198,0.002907116153813059,0.003316925170822997,7.92449845180439e-05,7.539700028065699e-05,7.772172670026162e-05
185.0,0.3639102200666378,0.007622576584252387,0.002898596726960146,0.003298595293491727,7.959153315135186e-05,7.54923924284612e-05,7.759182862263025e-05
186.0,0.3664147494663634,0.007644472437735193,0.002891294427426998,0.003280446153614564,8.0060275198224e-05,7.569084626893774e-05,7.753889736203559e-05
187.0,0.3675928278791829,0.007652992409238952,0.002883839017549837,0.003262370928481726,8.042759250998089e-05,7.58226740450232e-05,7.746123985497202e-05
188.0,0.3707063090029836,0.007653751238298981,0.002876157222577357,0.003244603760249486,8.078428095192155e-05,7.589943254232734e-05,7.738815246612948e-05
189.0,0.3732493053380365,0.007730501732701011,0.002868585025016363,0.003227188361359415,8.119487507698922e-05,7.601521425318511e-05,7.735563620332524e-05
190.0,0.3749177592819075,0.007680985826489009,0.002859998481389006,0.003210085332725695,8.16041512762097e-05,7.61026589724868e-05,7.724841609352123e-05
191.0,0.3776741552672921,0.007678295657472,0.002853521686155766,0.003193133100748709,8.200886141621624e-05,7.62165050591962e-05,7.717493944198741e-05
192.0,0.3798736297495456,0.007750353189956187,0.002849034310616174,0.003176397137867869,8.240015283783181e-05,7.637807032794105e-05,7.711038721530969e-05
193.0,0.3821064849825405,0.007707485476227046,0.002841410140526244,0.003159877210298828,8.276456299240623e-05,7.657947202412114e-05,7.705442832309072e-05
194.0,0.3840359157819919,0.007572115727050101,0.002833049748662384,0.003143491326855156,8.317744851257718e-05,7.667170808361569e-05,7.698100946928503e-05
195.0,0.3869416793298989,0.007616382899293524,0.002802188706816194,0.003127227625693466,8.367828120529312e-05,7.687535817398968e-05,7.705017602840572e-05
196.0,0.3892079853148296,0.007546073801627863,0.002801584324818325,0.003111182485383198,8.398020457717011e-05,7.699346498939849e-05,7.692048918399621e-05
197.0,0.3908780876638966,0.0074959729060313,0.00280133223095699,0.003095342918539688,8.432285426487494e-05,7.723042339660844e-05,7.685080712556183e-05
198.0,0.3923235273817534,0.007371157629462324,0.002770528130440366,0.003079704730265281,8.462733414847357e-05,7.739465215824157e-05,7.680264345392942e-05
199.0,0.394738390050533,0.007600772188937634,0.002778180060946823,0.003064168913218238,8.49213178544544e-05,7.758545665793287e-05,7.668040979075248e-05
200.0,0.39615417909338,0.007564073636923166,0.002778862684313215,0.003048754448978179,8.523176318512105e-05,7.77453136146562e-05,7.655740257199285e-05
201.0,0.3968721240168655,0.007536375939108476,0.002777708536423169,0.003033526425360953,8.5410198044136e-05,7.787498121763453e-05,7.642709573844569e-05
202.0,0.3971808890743292,0.007362890517470024,0.002746189607634643,0.003018481241507879,8.570526636216227e-05,7.807579498653315e-05,7.637659272851471e-05
203.0,0.3984846768787348,0.007163247131247267,0.002721992471459728,0.003003626984049556,8.589130527610623e-05,7.824700515812802e-05,7.631717245192199e-05
204.0,0.4001329371804631,0.007163679406926798,0.00270443873395229,0.002988975884777509,8.613825949647152e-05,7.840208725725336e-05,7.629799988336063e-05
205.0,0.4014642737749853,0.007481109147384656,0.00272203478604436,0.002974494672173315,8.632440809798231e-05,7.855701477220481e-05,7.617958931295795e-05
206.0,0.402633723630595,0.007414309155087691,0.0027283636720684,0.002960159025808106,8.638629611042944e-05,7.865578180333081e-05,7.605514372317452e-05
207.0,0.4028824828605885,0.00741925706363545,0.002733773818703546,0.002945968422421918,8.650411386019465e-05,7.883954513646292e-05,7.60549643551109e-05
208.0,0.4040420114108462,0.007313688243981546,0.002708124791603189,0.002931902081784094,8.665947505601945e-05,7.903802258716663e-05,7.611557361332551e-05
209.0,0.4051035353467178,0.00726313776060142,0.002713974149718785,0.002917971184176632,8.670729641290172e-05,7.919507181333507e-05,7.607498281885549e-05
210.0,0.4068327519463548,0.007216261606195566,0.002690000045895359,0.002904187209428783,8.673077446178105e-05,7.935474531505255e-05,7.610437960256409e-05
211.0,0.4085293374376053,0.007500150350476362,0.00270322292157033,0.002890502225446022,8.674657921391248e-05,7.944829594335576e-05,7.602963902658772e-05
212.0,0.4088918492820154,0.007513008154297489,0.002710540227380736,0.002876980233901387,8.673784986886744e-05,7.953943501093133e-05,7.600038817472961e-05
213.0,0.4099762697291313,0.007475678837863321,0.002713013282733616,0.002863615825572116,8.667936783273296e-05,7.962098689497525e-05,7.599042211720863e-05
214.0,0.4106612057160171,0.007451920194726578,0.002712679236314471,0.002850380824763341,8.663127264314616e-05,7.969864990079882e-05,7.601568793988907e-05
215.0,0.4112478242912873,0.007428603939390127,0.002712405520156285,0.002837202531587099,8.657440473600152e-05,7.98037403976585e-05,7.604818909626104e-05
216.0,0.4122071131918765,0.007430759269162549,0.002686225964361235,0.002824221418821127,8.659426400628002e-05,7.99498655906682e-05,7.616664655613018e-05
217.0,0.4141821583758646,0.007491346511598153,0.002694679918019705,0.002811374488074036,8.662488809656683e-05,8.011231700935015e-05,7.630490813133895e-05
218.0,0.4160285795864171,0.007398138901385126,0.002700102470028205,0.002798633728548999,8.658085402182135e-05,8.023193113250972e-05,7.639304108633339e-05
219.0,0.4179769317124808,0.007552116251052099,0.002681562582825489,0.00278597269860256,8.667095472545463e-05,8.0463205702613e-05,7.669159172626222e-05
220.0,0.4185398330035652,0.007563669655137952,0.002692744772937722,0.002773444370614895,8.659294781580363e-05,8.051842165419919e-05,7.680714078619791e-05
221.0,0.4193076579495865,0.007581745871626932,0.002701151326709954,0.002760985869653711,8.652308807644292e-05,8.062527987307511e-05,7.696068004180902e-05
222.0,0.4197384840229243,0.007503211544003186,0.002706117957647881,0.002748627976622198,8.646767455733607e-05,8.077955767115693e-05,7.71273320243857e-05
223.0,0.4200775445493554,0.007579804108867244,0.002713895314084285,0.002736375621327666,8.633169477982109e-05,8.085397361249917e-05,7.729006580417991e-05
224.0,0.4210118015990665,0.007497232967081262,0.002716926895356474,0.002724211771849893,8.62423258041243e-05,8.093817011275963e-05,7.742186972462776e-05
225.0,0.4225008977118374,0.007538273185524404,0.002696790236818888,0.002712108201437115,8.620181539575355e-05,8.110584179449283e-05,7.763682670799786e-05
226.0,0.423912495556548,0.00751082395312876,0.002707452501843317,0.002700072291737464,8.614087281654355e-05,8.123440736515643e-05,7.780314356849374e-05
227.0,0.4255717248764312,0.007806011745331909,0.002722645735143931,0.002688112621499698,8.60784358310863e-05,8.13141456447073e-05,7.808110062091672e-05
228.0,0.4263764084652035,0.00778002298798227,0.002728896003402467,0.002676242763557555,8.593527643545719e-05,8.13507142045019e-05,7.823216521432415e-05
229.0,0.4276396248746977,0.00776500646412904,0.002738119037768817,0.002664448741775119,8.581389073888962e-05,8.14480144802045e-05,7.846092560572152e-05
230.0,0.4284785959257514,0.007823679687223618,0.002746847323756921,0.00265271852522444,8.571847368444396e-05,8.154434864560044e-05,7.866460228029266e-05
231.0,0.4294558515788398,0.007808480799103361,0.002754313459441288,0.002641098769210222,8.556997014944409e-05,8.15700201638621e-05,7.887664499835825e-05
232.0,0.4303542730547011,0.007776936931174633,0.002760990259874944,0.002629616829572837,8.551433843339243e-05,8.172021866114442e-05,7.916506595782943e-05
233.0,0.431678730214304,0.00796655177067586,0.0027731884223404,0.002618258602844542,8.538414850139766e-05,8.182583438445608e-05,7.94429742399072e-05
234.0,0.4325594371113171,0.00794093945248944,0.002779065665797431,0.002607014445832773,8.519183304161441e-05,8.192298509406386e-05,7.962424994492954e-05
235.0,0.4337851827222735,0.00788076895710286,0.002784489837457516,0.002595866990977514,8.501085855561584e-05,8.203622836074835e-05,7.992932530821397e-05
236.0,0.4342049098261491,0.007962561415645044,0.002793071989504655,0.002584808144263491,8.482210727843335e-05,8.211279720639269e-05,8.018842975886597e-05
237.0,0.4345693675468077,0.007960696482075006,0.002798476862068872,0.00257384408121248,8.460861419131287e-05,8.222526172812778e-05,8.043226175975057e-05
238.0,0.4352622295124147,0.008042441342095958,0.002805609365716606,0.002562981106363523,8.443439374137669e-05,8.22956334199337e-05,8.070442608869531e-05
239.0,0.43634615096098,0.008119279169731814,0.002812675623353334,0.00255219466589038,8.427319502642445e-05,8.237979706141582e-05,8.101579814468393e-05
240.0,0.4377038331549697,0.008051399708017796,0.002815572310784801,0.002541505992141506,8.401754327026392e-05,8.241939919334259e-05,8.131109865368729e-05
241.0,0.4391266063861045,0.008210237647559765,0.002822675408294562,0.002530935045807341,8.381441914285409e-05,8.246174468323249e-05,8.157567556166372e-05
242.0,0.4398359314803242,0.008237512636029674,0.002825451939240927,0.002520401466162222,8.35992149987801e-05,8.25174561418902e-05,8.178012950035767e-05
243.0,0.4405658477276772,0.008161718098163132,0.00282667508205162,0.002509864166626985,8.336493926128788e-05,8.254816917733659e-05,8.1965746219625e-05
244.0,0.4419019703263107,0.008212199429612007,0.00282938836537852,0.00249938895687922,8.314726027646109e-05,8.262046588280948e-05,8.224883767171853e-05
245.0,0.4431153073294045,0.008099833408004473,0.002827692138029642,0.002488989765602266,8.293454001040883e-05,8.267627753326727e-05,8.246069474760492e-05
246.0,0.4439172093896803,0.008113075215203823,0.002828796099425704,0.002478707270443071,8.272380785450638e-05,8.27593293926918e-05,8.273769611321655e-05
247.0,0.444898458526354,0.008110935153272212,0.002829147298874041,0.002468536346855053,8.248038721168803e-05,8.281644957292453e-05,8.302349835905034e-05
248.0,0.4451427302256634,0.008119244783822196,0.002829630626732659,0.002458486945048959,8.226697111932204e-05,8.283261426468219e-05,8.324105262183991e-05
249.0,0.446928278763595,0.008132952563060602,0.002830103117094935,0.002448579120919886,8.202730756581989e-05,8.28638839052079e-05,8.348193767008702e-05
250.0,0.4483161277799753,0.008190793111118746,0.00283115970593659,0.002438783915188679,8.179376711286324e-05,8.2894498662814e-05,8.368160860738075e-05
251.0,0.4492334089804074,0.008323677159037713,0.002830690563539179,0.002429060308770798,8.155747920412566e-05,8.289282584922618e-05,8.386967159939873e-05
252.0,0.4508968196654043,0.008298385695275547,0.002829697428555481,0.002419414338054442,8.135647457819639e-05,8.292332464157167e-05,8.412120423092794e-05
253.0,0.4517305975818507,0.00838732660707875,0.002831326843335569,0.002409774962586721,8.111734969308681e-05,8.291602432406692e-05,8.425099613961094e-05
254.0,0.4522567798525115,0.008313844952002535,0.002829868321575589,0.002400205781567347,8.093317174777624e-05,8.293671821058987e-05,8.443101059420117e-05
255.0,0.4530929228995445,0.008181691831583038,0.002826938216156834,0.002390756714717493,8.072715931055555e-05,8.290517772858153e-05,8.458571324362173e-05
256.0,0.453691833597167,0.008124746145392879,0.002824806068164479,0.00238138891649309,8.053999132053916e-05,8.291337179673657e-05,8.474445353064999e-05
257.0,0.4534183949986788,0.008282510773435591,0.002827742805690415,0.002372082500429039,8.036269394777187e-05,8.285298802021333e-05,8.490525008175129e-05
258.0,0.4533020400394365,0.008211089264494974,0.0028246228038479,0.002362861402400389,8.010274667073764e-05,8.277043899120363e-05,8.498099988135312e-05
259.0,0.4538423530406691,0.008385310224684623,0.002826073550990235,0.002353706700257417,7.985113303564628e-05,8.270094559893243e-05,8.50721723649639e-05
260.0,0.4542538922208895,0.008200303058907675,0.002821228757457869,0.002344627037108777,7.961430036334681e-05,8.263148639756006e-05,8.514777097328229e-05
261.0,0.4560409983988449,0.008297592269320855,0.0028213343559277,0.002335608575310994,7.94994636332866e-05,8.258056501885042e-05,8.527137311389035e-05
262.0,0.4561701898869482,0.008296034867838488,0.002818490442600544,0.002326650044836305,7.929790610962933e-05,8.252542146568276e-05,8.533288144788463e-05
263.0,0.4560573773711812,0.00829497964755702,0.002814797838286206,0.002317779670830509,7.906800597789444e-05,8.253639907245299e-05,8.543692546432311e-05
264.0,0.4566506895837186,0.008173334734265255,0.002808951178741578,0.002308977470937645,7.887135474056746e-05,8.257548843926847e-05,8.550784376245001e-05
265.0,0.4568413012746741,0.00807291893778742,0.002805071046419519,0.002300218936340658,7.865840602048532e-05,8.259193702512109e-05,8.557554023887083e-05
266.0,0.4575703266938222,0.008179094227246709,0.002801608014369564,0.002291451851836897,7.845914218737037e-05,8.259502448380138e-05,8.569635979892404e-05
267.0,0.4574684858573856,0.008228360983204952,0.002797408626759634,0.002282646441073006,7.82849229706028e-05,8.25465205985644e-05,8.575934593620181e-05
268.0,0.457803463466767,0.008088546566879955,0.002790795455001414,0.002274037405382771,7.808922621288381e-05,8.249445961825688e-05,8.579115292771917e-05
269.0,0.4568153090824971,0.008097477916103357,0.002785865916643461,0.002265554758604874,7.785870086145676e-05,8.245737320044539e-05,8.580738710799357e-05
270.0,0.4561945324912278,0.008035276668616463,0.002779989055073384,0.002257177340614442,7.76824678665687e-05,8.241132792229543e-05,8.58038560711973e-05
271.0,0.4560263235997219,0.008030893403459893,0.002773538190897725,0.002248850731598794,7.748112201667993e-05,8.235948459369705e-05,8.584742489862451e-05
272.0,0.456020103979933,0.007997552165588314,0.002767082339695257,0.002240600179268889,7.724645444959865e-05,8.228327044078577e-05,8.582443262473294e-05
273.0,0.4559504341306367,0.008027862364736195,0.002761862343445185,0.002232401604218232,7.705990629195774e-05,8.221487322079306e-05,8.590495862844409e-05
274.0,0.4557590297826307,0.008080040363821055,0.002756576471559333,0.00222428157272915,7.689503255556443e-05,8.210973651111198e-05,8.589772463330202e-05
275.0,0.4557370514746498,0.00804431384704007,0.002750952396634679,0.002216206563392378,7.674178106357812e-05,8.202825073524955e-05,8.585226404455389e-05
276.0,0.4558922486475769,0.007942666674031533,0.002743673314975304,0.002208221710960159,7.659411290042031e-05,8.196658382049684e-05,8.586307830399984e-05
277.0,0.4565244933193064,0.007837526641413028,0.002738266722845171,0.002200304695204291,7.639032759030175e-05,8.186772348040866e-05,8.58110513088386e-05
278.0,0.4560864707832808,0.007796758043936186,0.002733847437522812,0.002192436484696542,7.620218919966815e-05,8.18056566629034e-05,8.574693473066222e-05
279.0,0.4557706151876614,0.007782956998725627,0.002730374359547249,0.002184630102375036,7.601958534398044e-05,8.172003466242125e-05,8.567759546968819e-05
280.0,0.4561640423452452,0.007839027994331374,0.002730367693788732,0.002176863212069577,7.588807282883578e-05,8.163059176963183e-05,8.5640921866692e-05
281.0,0.4571611840230543,0.00783860835050923,0.002728664309850999,0.002169157708695805,7.57478689295055e-05,8.157127853278136e-05,8.558453071174679e-05
282.0,0.4575225983940804,0.007754596010787493,0.002726091882788267,0.002161470173953311,7.560566996491017e-05,8.151961353750008e-05,8.545358554208506e-05
283.0,0.4571838107295004,0.007726641756112422,0.002724814062545849,0.002153847776811916,7.545132299428311e-05,8.146143934742759e-05,8.533032686923453e-05
284.0,0.4570794034011222,0.007846698398063148,0.002724238036094886,0.002146307228985408,7.533983047165461e-05,8.139783870409086e-05,8.520415013213567e-05
285.0,0.4563575299955456,0.007815740655349035,0.002724328957013749,0.00213880462042413,7.517809752919764e-05,8.137507385395427e-05,8.505096312414207e-05
286.0,0.4560037748545649,0.007811430703334592,0.002721177664811874,0.002131368992868979,7.50380950892906e-05,8.130940840383869e-05,8.488464007711304e-05
287.0,0.4549952065533976,0.00775408185770002,0.002717927598064586,0.002124016174596168,7.488832052458771e-05,8.120008350008317e-05,8.470999219044525e-05
288.0,0.4543658069280966,0.007623685230659894,0.002715002385999627,0.002116709305951281,7.473491838433922e-05,8.111747078079388e-05,8.46146160233393e-05
289.0,0.4540936277766648,0.007752696406144561,0.002714223782391889,0.002109470561451931,7.460764411931108e-05,8.105749877907667e-05,8.446660480157268e-05
290.0,0.4543733029513723,0.007737041418840095,0.002710629965358857,0.002102303697406569,7.448568080254196e-05,8.096831679730744e-05,8.429159241464636e-05
291.0,0.4546138161837402,0.007656712213928865,0.002706553944981117,0.002095192446212482,7.443016449877768e-05,8.088947126507131e-05,8.410806818526596e-05
292.0,0.4548014044194906,0.007606783521356979,0.002701796065549883,0.002088125792794789,7.43175067268455e-05,8.079311678712736e-05,8.387830154340438e-05
293.0,0.4540350004252859,0.007446413097982233,0.002695856959131283,0.002081112257187255,7.421269496675735e-05,8.073274466850531e-05,8.371684121558961e-05
294.0,0.452960375559822,0.007598298679863216,0.002695348211114714,0.002074154229212015,7.416454351059531e-05,8.065678914574157e-05,8.353344914099382e-05
295.0,0.4523899571833614,0.007668503361471045,0.002693031153184682,0.002067285833407517,7.412240464922311e-05,8.056696236418792e-05,8.335728270974787e-05
296.0,0.451714582327419,0.007596072034016905,0.002688019910533338,0.002060471240334463,7.402620831260032e-05,8.045630742466411e-05,8.312969898465981e-05
297.0,0.451621560641461,0.007569599440182037,0.002686449767376344,0.002053699872278846,7.393662034304168e-05,8.035198073944048e-05,8.292938978055103e-05
298.0,0.4512401456524929,0.007538728348859361,0.002684757459532532,0.0020469867263016,7.386628072137652e-05,8.025214852424357e-05,8.271621491957182e-05
299.0,0.4507696067879385,0.007606549786161909,0.002684978595349153,0.002040165390885956,7.382667387992347e-05,8.017174273680945e-05,8.253301712491975e-05
300.0,0.4509252356531229,0.0075497818207301,0.002681954633441187,0.00203343314510132,7.374325848834144e-05,8.00943859314145e-05,8.230706496052734e-05
301.0,0.4505919269504996,0.007508876398532538,0.002680804301939147,0.002026782583422184,7.370732650540864e-05,7.999369667789496e-05,8.20923820419961e-05
302.0,0.4508470166160106,0.007535220425497938,0.002678356684133114,0.002020244871861178,7.365471089942626e-05,7.991832501997966e-05,8.18474933146177e-05
303.0,0.451157441039543,0.007600963001706418,0.002677043492736482,0.002013776701145691,7.363533629347058e-05,7.984586867842302e-05,8.162494652915339e-05
304.0,0.4511120143046196,0.007425481845097639,0.002670876405515732,0.002007391686424791,7.358413548059193e-05,7.97478138622092e-05,8.13179232756928e-05
305.0,0.4511528797986962,0.00738211768296756,0.00266731948905756,0.002001033454257454,7.356339024580177e-05,7.96791768615138e-05,8.106556447263187e-05
306.0,0.4511551041816739,0.008155935780380374,0.002668444692145489,0.001994747533597351,7.355297919809033e-05,7.962308530535044e-05,8.08163226103147e-05
307.0,0.4514856568696447,0.007611530357693446,0.002659668398209498,0.001988445117945971,7.352965892436423e-05,7.952121587456653e-05,8.059219497759126e-05
308.0,0.4507397282968021,0.007915495337656654,0.002659022783967199,0.001982132895253568,7.34746114763901e-05,7.938120065143831e-05,8.031785816030395e-05
309.0,0.4493496003481839,0.00764375193575963,0.002654572075264741,0.001975727238125345,7.344821761956606e-05,7.926094379449774e-05,8.002738984906217e-05
310.0,0.448463419020369,0.007449480691146967,0.002644545246140192,0.001969401308370993,7.343570457985532e-05,7.913730358648104e-05,7.972515054276625e-05
311.0,0.4478488260229362,0.007370414050029389,0.002635848821925105,0.001963134572013019,7.342754596608957e-05,7.902108671177542e-05,7.944063482183406e-05
312.0,0.4474725892475686,0.007369211462641106,0.002629775455390727,0.001956917016435326,7.34195287711184e-05,7.89175009902326e-05,7.91707841851157e-05
313.0,0.4473038479450384,0.007256481294749356,0.002623553053474616,0.00195070274372458,7.343297723554979e-05,7.876498095395987e-05,7.887310603154531e-05
314.0,0.4460704677694729,0.007220569138191807,0.002616066489438323,0.001944512002874285,7.343334206251175e-05,7.86079937002298e-05,7.861351015194227e-05
315.0,0.445083810689067,0.00714913888758196,0.002609334818356901,0.001938369571832537,7.341496505511124e-05,7.844771085562073e-05,7.831369912757249e-05
316.0,0.4450012061885132,0.007242926352725716,0.002606113102329245,0.001932283447215769,7.34622087613128e-05,7.831776832512161e-05,7.803221868480991e-05
317.0,0.4445397120388446,0.007280050293162101,0.002599678659694895,0.00192622489559798,7.348322790752788e-05,7.818590651778304e-05,7.779289051352782e-05
318.0,0.4437373432859402,0.007319981830619152,0.002598216541563569,0.001920232680948614,7.351347879330647e-05,7.80133782739175e-05,7.750642212608384e-05
319.0,0.4443926744637298,0.007235275966586245,0.002589165285104757,0.001914252449617812,7.353048882189673e-05,7.789546500461696e-05,7.722539710142155e-05
320.0,0.4450459990257525,0.007109355160301385,0.002584674614918527,0.001908363862767309,7.353996324000187e-05,7.781486641690186e-05,7.703789349825119e-05
321.0,0.4453053668353322,0.007029437356140921,0.002579350368112392,0.001902524651390613,7.358632085749438e-05,7.765965666615465e-05,7.681375029562254e-05
322.0,0.4457128595769401,0.007188938461283854,0.002579619975877417,0.00189671930173899,7.36000043161634e-05,7.753492349658001e-05,7.652942053376603e-05
323.0,0.4455217906307402,0.007008995651180172,0.002570903561693649,0.001890949026569706,7.355956640740047e-05,7.744400400875161e-05,7.623539951236222e-05
324.0,0.4447113774104563,0.006975814310179709,0.002567056440917453,0.001885257945213083,7.35429790169965e-05,7.735087453832805e-05,7.59805416527834e-05
325.0,0.4443376527002723,0.006958515273321574,0.002562307667307575,0.001879614981757019,7.351594507511046e-05,7.717134296432766e-05,7.57433207226332e-05
326.0,0.4442159932978073,0.007080658487477606,0.002559512690741262,0.001874037826900073,7.356808873932275e-05,7.702383728673166e-05,7.549253090572256e-05
327.0,0.4437606679050614,0.006995014020129179,0.002551962412362352,0.001868524411789315,7.354542370778782e-05,7.686425174969414e-05,7.519726926510932e-05
328.0,0.4434505181158593,0.006984807676922201,0.002546398103709577,0.001863042031462222,7.349676979620462e-05,7.679578168917162e-05,7.498479641655388e-05
329.0,0.4439104212155593,0.007136195427462099,0.002546673095852746,0.001857543240035823,7.35235642165036e-05,7.673064664244953e-05,7.474530051973384e-05
330.0,0.443860944285888,0.006985836082399052,0.002537006999408633,0.001852045659422513,7.345770064187503e-05,7.663798901688696e-05,7.450234720945011e-05
331.0,0.4440590940049418,0.007005308367763937,0.00253445597346906,0.001846525533249709,7.346616289568288e-05,7.659587061413658e-05,7.427450088269021e-05
332.0,0.4438577181819588,0.006964382684040802,0.002527045178866036,0.00184099753838416,7.339684509311898e-05,7.659413617171318e-05,7.401958796982262e-05
333.0,0.4434497503579141,0.006905405578572698,0.002519924267884809,0.001835470109579157,7.332555064996315e-05,7.651659855699262e-05,7.377476901532104e-05
334.0,0.4436151139342979,0.006940434370591938,0.002515225951150286,0.001830034954460926,7.328128062904948e-05,7.647396585659808e-05,7.350838485808499e-05
335.0,0.4420244303731536,0.006828596399733353,0.00250717649024066,0.001824689565635768,7.321746777312415e-05,7.650564336155182e-05,7.324658020891655e-05
336.0,0.4418620851335134,0.006947338657582292,0.002505656766991565,0.001819397501492632,7.324735745727423e-05,7.649188107100735e-05,7.297525534262745e-05
337.0,0.4418990611386259,0.006827869303013942,0.00249646418759927,0.001814181589339746,7.3226428031566e-05,7.644740837558287e-05,7.273129054919983e-05
338.0,0.4415762371576931,0.006861288509394062,0.002491486343178691,0.001808994507185492,7.323481827816122e-05,7.644583297943738e-05,7.25053978034275e-05
339.0,0.4413374985193294,0.006777954798362295,0.002483345220108592,0.001803860192304593,7.324542695924595e-05,7.64328950863522e-05,7.223090231483657e-05
340.0,0.44092851638646,0.006811792567661397,0.002479860165284484,0.001798726427265414,7.322573191577182e-05,7.64172625902833e-05,7.201088257403941e-05
341.0,0.4406953284933355,0.006683936237221036,0.002471699794981529,0.001793609287713406,7.316761191060877e-05,7.638544450508211e-05,7.176695311071907e-05
342.0,0.4412005970711313,0.006809270669240503,0.002468459446619525,0.0017884917086288,7.314014977025395e-05,7.641333885194408e-05,7.154923261408876e-05
343.0,0.44131167939359,0.006780616026533072,0.002461797921412255,0.001783362705162607,7.311853378014227e-05,7.640815567352507e-05,7.130545492289017e-05
344.0,0.4419547084084193,0.006884398403386355,0.002457742864851445,0.001778176587641439,7.310296994702509e-05,7.644240014459148e-05,7.110712962177614e-05
345.0,0.4419666762260611,0.006826332143956984,0.002451718101244697,0.001773063203605276,7.311648645956733e-05,7.644950197737673e-05,7.09139702419319e-05
346.0,0.4427354179135157,0.006720017848713327,0.002443586821461238,0.00176800532481952,7.308542579170885e-05,7.644467439943067e-05,7.065521483470124e-05
347.0,0.4420288462581944,0.006623911030132492,0.002437508449855069,0.001762957386013632,7.305345821957125e-05,7.647209669291355e-05,7.043295054162205e-05
348.0,0.4426400805839243,0.006682349973905379,0.002433350538301496,0.001757955172093549,7.302723355472056e-05,7.650822769201403e-05,7.02534413552e-05
349.0,0.4425556484995479,0.006602872355081835,0.002424962335031773,0.001752984853121517,7.299406705469838e-05,7.653528833105264e-05,7.005051563336812e-05
350.0,0.4431990790435576,0.00750460188784229,0.002426371961457853,0.001748083827285563,7.299677469624535e-05,7.656191348665272e-05,6.98615519387934e-05
351.0,0.4439167025941402,0.006987979222069676,0.002417795498090544,0.001743189159656177,7.305319885754631e-05,7.656583907676327e-05,6.963198706230038e-05
352.0,0.4437269666022695,0.007227014783545516,0.002414852275216342,0.001738328697879866,7.301331996178595e-05,7.657691829490447e-05,6.942755778001435e-05
353.0,0.4443580249358347,0.006964259160327699,0.002408788509144651,0.001733508905689049,7.297741152788783e-05,7.661393073395386e-05,6.923720495118054e-05
354.0,0.4438513025472658,0.006721976501805131,0.002396287176622461,0.001728734254680953,7.296452698037291e-05,7.661689683372077e-05,6.903507383841053e-05
355.0,0.4439814432517672,0.006744048114052777,0.002390154564127664,0.001723964957863271,7.301399076923296e-05,7.6622046128019e-05,6.882685380830339e-05
356.0,0.4433248617360226,0.00666446968862673,0.002383243550601556,0.001719217191064683,7.299526944729216e-05,7.664239668094101e-05,6.866835068017059e-05
357.0,0.4435937975199077,0.006545343250689297,0.002374056623866666,0.001714482072426367,7.298609381021506e-05,7.662605802335397e-05,6.845953086430604e-05
358.0,0.4451446259737833,0.006588147367032756,0.002367435415171214,0.001709799613436052,7.300038983622125e-05,7.663749149809775e-05,6.829515433299384e-05
359.0,0.4450370154380933,0.006520362633045441,0.002359499249083131,0.001705140673294455,7.29672071106294e-05,7.663264890448594e-05,6.812671945346984e-05
360.0,0.4457105770585869,0.006646846750896397,0.002353539677934639,0.001700492789305354,7.295614517380375e-05,7.663205117261631e-05,6.796695542711616e-05
361.0,0.4456194059077342,0.006470377880062949,0.002341785901652273,0.001695853667081888,7.290909575812704e-05,7.659872091178325e-05,6.779311271554815e-05
362.0,0.4455676572842036,0.006548005966840039,0.002334304479413476,0.001691223103000115,7.293415169027135e-05,7.655182789887762e-05,6.760557375278438e-05
363.0,0.4456775432823419,0.006452866153590273,0.002322550642332531,0.001686600379958673,7.29251723204471e-05,7.652725086241758e-05,6.741881339744639e-05
364.0,0.4453780130051307,0.006440120882043535,0.002313946687029315,0.00168199314387949,7.292520638464883e-05,7.649911975479404e-05,6.722998223359755e-05
365.0,0.445798474190177,0.006575228033484391,0.002308093192498958,0.001677393073297789,7.2917615089309e-05,7.645417352725695e-05,6.70466213254403e-05
366.0,0.4453187910831292,0.006580810397325287,0.00229684293487914,0.001672785932714435,7.291155578545032e-05,7.637127044311921e-05,6.68733619711746e-05
367.0,0.4452817704847623,0.006524921609839563,0.002288757636635186,0.001668185323615202,7.288085018335657e-05,7.632932298015555e-05,6.672533364879861e-05
368.0,0.4461679535102653,0.006936034422646226,0.002285167244827933,0.001663595084765003,7.285636135190771e-05,7.624415783225849e-05,6.65388908898661e-05
369.0,0.4464469014812267,0.006769687575549963,0.002272660669601747,0.001659043451887581,7.280994688824744e-05,7.621771019289176e-05,6.638030978568713e-05
370.0,0.4456759724432,0.006738784155656312,0.002267201416140539,0.001654549791306873,7.2775747178157e-05,7.611386865914115e-05,6.620367876958867e-05
371.0,0.4445302102529172,0.006541120479879647,0.002256360864095448,0.001650049550313631,7.269111811426713e-05,7.598679309087192e-05,6.600724881548901e-05
372.0,0.4441869698934854,0.006609993555932375,0.002248406338055359,0.001645559248542293,7.263183335837508e-05,7.589861584443484e-05,6.583628461965885e-05
373.0,0.4443223190235754,0.006456266140388309,0.00223858738127577,0.00164113051510701,7.252438256777843e-05,7.577842276553526e-05,6.568289294592419e-05
374.0,0.4439521083670817,0.006664887881192423,0.002232767771681464,0.001636728560780506,7.246491910663923e-05,7.566165925397261e-05,6.554049608495962e-05
375.0,0.4423855839702295,0.006425546726294572,0.002223872084478978,0.001632372263551961,7.236895757702727e-05,7.55099059435799e-05,6.540823617803306e-05
376.0,0.4418728045487298,0.006460508810113298,0.002217492970235249,0.001628022126881184,7.224297523813918e-05,7.535481561625555e-05,6.526893854816083e-05
377.0,0.4406153601843238,0.006250646868641043,0.002205518982370134,0.001623704969914796,7.209398366500203e-05,7.519870157409654e-05,6.512722722082835e-05
378.0,0.4397225156361525,0.006285675617184267,0.002199787150733224,0.001619333178917735,7.200142560846854e-05,7.502742410530925e-05,6.495049119528603e-05
379.0,0.4388724534244877,0.007101682871811903,0.002195897313755408,0.001614985465292874,7.188546048204986e-05,7.486430889925671e-05,6.479309888424708e-05
380.0,0.438812612644846,0.006573329206927114,0.002186773396175472,0.001610727558408385,7.178496759704103e-05,7.469627876401436e-05,6.46789112138637e-05
381.0,0.4372051662952935,0.006808784557074044,0.002183315971527337,0.001606510771134576,7.161006821930676e-05,7.449641156280177e-05,6.451605198113735e-05
382.0,0.4361112869242035,0.006585906906291714,0.002176370519169873,0.001602314562384824,7.14674028754856e-05,7.429356162099316e-05,6.438243022649394e-05
383.0,0.435335530820093,0.00639908799285276,0.002168907360399907,0.001598156382089861,7.131860035612129e-05,7.408084665152079e-05,6.427668286662755e-05
384.0,0.4338386693604692,0.00620682585742202,0.002157234780042742,0.001593970347130956,7.112325683832814e-05,7.386781888644626e-05,6.41166548925668e-05
385.0,0.4321259524724071,0.00615899852289464,0.002151917824062524,0.001589807625605007,7.094962985601327e-05,7.363400829597824e-05,6.393507621994929e-05
386.0,0.4307334419540705,0.006039717117908573,0.002142444093865682,0.001585642797666541,7.075849083395274e-05,7.344019834064861e-05,6.378235996207258e-05
387.0,0.4294748067847425,0.006062426904625827,0.002135569212538738,0.001581506361397088,7.058726118678462e-05,7.324116357011364e-05,6.364407063050136e-05
388.0,0.4284039252457596,0.006197360293470921,0.002131617160201835,0.001577386766843672,7.041494592600793e-05,7.303812844998435e-05,6.354005451931355e-05
389.0,0.4270243471797198,0.005971262854652864,0.00211757207823258,0.001573289645051031,7.023021707283392e-05,7.281413126340893e-05,6.338455225083102e-05
390.0,0.4259884985623236,0.006187715934719295,0.002115432917120723,0.001569223116785798,7.007161177679948e-05,7.258059367891346e-05,6.323154041095041e-05
391.0,0.4245680097583242,0.005854923555659574,0.002102115992983796,0.001565139169069447,6.98443242810298e-05,7.233641625065887e-05,6.307781062817605e-05
392.0,0.42296314963377,0.005895733322744651,0.0020957037158717,0.001561111648077201,6.96469371256184e-05,7.209768290147317e-05,6.293915488310046e-05
393.0,0.4217168548880953,0.005834081278599193,0.002086495091016727,0.001557093282500328,6.942749397526687e-05,7.189593674160573e-05,6.282586162037121e-05
394.0,0.4206719753530062,0.005867469791348589,0.002079878630889944,0.001552991693664711,6.921615456722952e-05,7.166535015448426e-05,6.26957298199638e-05
395.0,0.4201964713339695,0.006040579233989366,0.002075174475592521,0.001548959360020268,6.898702034267635e-05,7.146722659411146e-05,6.261581078720141e-05
396.0,0.4190562552829333,0.005987536208292851,0.002068491129597663,0.001544980062697841,6.874730155252893e-05,7.122599441520567e-05,6.245794979904507e-05
397.0,0.4179982631707251,0.005874802455443678,0.002057311181416964,0.001541098809789483,6.852414239941145e-05,7.098952371487365e-05,6.233262861032717e-05
398.0,0.4171817915344634,0.006125043754816022,0.002053576891586278,0.001537249113086523,6.82734332577223e-05,7.075455761380252e-05,6.222787571237964e-05
399.0,0.4159478014825853,0.006395001303847972,0.002046843384783134,0.00153342242574068,6.798098483838959e-05,7.052310629330546e-05,6.20935461616206e-05
400.0,0.4142673105245274,0.006054241341768644,0.00203647343323208,0.001529626489687049,6.772632018947993e-05,7.026807029548814e-05,6.196363648731681e-05
401.0,0.4132469561805577,0.006088790109378016,0.002027542156204471,0.001525866259635139,6.744566092755174e-05,7.002522130106498e-05,6.181093108675219e-05
402.0,0.4118507235763639,0.005838538789585123,0.002015603820550617,0.001522149662565381,6.720950120286677e-05,6.980520542566317e-05,6.169230475041268e-05
403.0,0.4111502403754105,0.005936547985399574,0.00200781241570608,0.001518471046342193,6.694152888841304e-05,6.958601351169801e-05,6.159195463693229e-05
404.0,0.410183565146292,0.006162831887951822,0.00200486805203195,0.001514800820860328,6.668725476330058e-05,6.937027619332142e-05,6.147146066993243e-05
405.0,0.4089030266580181,0.006008442586081797,0.001993184787217609,0.001511160310751542,6.640539282532184e-05,6.912097455970506e-05,6.132603804033884e-05
406.0,0.4080429319039897,0.006631207446632809,0.001990973623761725,0.001507561637773126,6.617971472133033e-05,6.891988561912598e-05,6.125787979726067e-05
407.0,0.4078562516277146,0.006313787847916494,0.001976768853213801,0.001503940879970224,6.588147963896928e-05,6.869934493456499e-05,6.11580984394999e-05
408.0,0.4060955005989209,0.006613466577528539,0.001974042758623913,0.001500338973412943,6.561665907446883e-05,6.845517277954026e-05,6.106580793252176e-05
409.0,0.4046275125034383,0.006202840358522364,0.00196344214554225,0.001496737602096814,6.533970863535086e-05,6.821571230949213e-05,6.096137513626108e-05
410.0,0.4033469868351484,0.006035068267616383,0.001949984350616463,0.001493152884732509,6.506619678123663e-05,6.794599450794071e-05,6.084550832400935e-05
411.0,0.4019819323343428,0.005596331616397824,0.001934703366651184,0.001489583624119326,6.475457332468377e-05,6.771456005215015e-05,6.073008115736214e-05
412.0,0.4012837905313811,0.006219884661159969,0.001934386336110732,0.001486032140297222,6.454827836004422e-05,6.751444491486415e-05,6.064309863723244e-05
413.0,0.399757522969514,0.00627517483775706,0.001924474279863984,0.001482518922103723,6.428574106152508e-05,6.728359831576526e-05,6.05796283961749e-05
414.0,0.3981966997061951,0.006093286643990635,0.001917236892095691,0.001479024620099599,6.398637866622162e-05,6.70290949923815e-05,6.046262676227539e-05
415.0,0.3968339246239455,0.005773352674095554,0.00189939164757416,0.001475514427861506,6.372554903291239e-05,6.67991714284684e-05,6.031610550695493e-05
416.0,0.3956636053253718,0.005805264962328599,0.001890363897921722,0.001472054596679275,6.349357828034895e-05,6.657791893033856e-05,6.01927663472253e-05
417.0,0.3947639629548446,0.005984740079574703,0.00188244055750107,0.001468614787578307,6.322128919209602e-05,6.636198477194591e-05,6.01012913600721e-05
418.0,0.3938817357737818,0.006042392442247463,0.001879307546918745,0.001465215556557752,6.295883605519151e-05,6.611413142394849e-05,5.998776205994449e-05
419.0,0.3930191442918143,0.005814888249339473,0.001863863343694339,0.001461835850009638,6.27024697631958e-05,6.589790208435118e-05,5.988862010612095e-05
420.0,0.3924358006267676,0.006201445392061097,0.00186202887054808,0.001458467129642213,6.245983575186461e-05,6.571340793913588e-05,5.983087954949097e-05
421.0,0.3910593814545667,0.005937271320308102,0.001853387511558343,0.001455121214242662,6.223040993117575e-05,6.551216515798472e-05,5.977375235567531e-05
422.0,0.3898113508890526,0.005459895994901822,0.001834678790746011,0.001451804513310864,6.196542027727713e-05,6.524560284090941e-05,5.964008596676408e-05
423.0,0.3890763473360615,0.005791018029037139,0.001830985706469945,0.001448493141039263,6.166680413338639e-05,6.49961925858494e-05,5.951487908778253e-05
424.0,0.3883887771806336,0.006189342764099383,0.001829071125403546,0.0014451964370856,6.142787901176808e-05,6.479180828766697e-05,5.942301556722478e-05
425.0,0.3872014166812355,0.005812765304156222,0.001816431898466515,0.00144193713356183,6.113753121975106e-05,6.457599453812701e-05,5.931895409752102e-05
426.0,0.3865874371471021,0.005838818024565034,0.001807525625643016,0.001438684525889481,6.08713540189852e-05,6.439147510943369e-05,5.923442923827669e-05
427.0,0.3856997605206589,0.005743364892619146,0.001800842478241773,0.001435443549000174,6.060244539846469e-05,6.418672762478678e-05,5.91401455962219e-05
428.0,0.385481170350909,0.005816481788517904,0.001794021546559247,0.001432226436608826,6.036204069295323e-05,6.399270207394616e-05,5.903259882131427e-05
429.0,0.3849028973424631,0.005862733847923646,0.001785915658881604,0.001429033763607971,6.010118433487906e-05,6.382999196849738e-05,5.896241840970641e-05
430.0,0.3843082750780762,0.00570254545823639,0.001778195623313214,0.001425865722000537,5.983148851388314e-05,6.365675679705013e-05,5.887755907882323e-05
431.0,0.3838756006091803,0.005937542534842329,0.001773717135055216,0.001422701293036118,5.959520766078709e-05,6.34978882010092e-05,5.87977239792005e-05
432.0,0.3831954490287025,0.006105785500031085,0.001768093351026245,0.0014195702167114,5.934504576926312e-05,6.331718540497755e-05,5.869494911297021e-05
433.0,0.3824403609296837,0.00619923060851205,0.001765132435015374,0.001416454416581433,5.908979246040172e-05,6.31382677024648e-05,5.858959864397441e-05
434.0,0.3815606635584809,0.005761567241348917,0.001752500385095114,0.001413357896736061,5.881951333203487e-05,6.294986246473594e-05,5.848390366315069e-05
435.0,0.3816460708881151,0.005670048577585438,0.001740955780155739,0.001410272337242919,5.858864095454551e-05,6.279717353385488e-05,5.841635940061004e-05
436.0,0.3811981353871222,0.005603449434259757,0.001734385691360216,0.001407218082864088,5.836733433818983e-05,6.264591818409423e-05,5.836248890378992e-05
437.0,0.3809649207610436,0.005648638808299313,0.001729984347240541,0.00140419282752419,5.814488916506308e-05,6.250532406601858e-05,5.829826041525422e-05
438.0,0.380835277724287,0.005915138257057276,0.001731318008779459,0.001401201002749506,5.794078034027078e-05,6.236757870724487e-05,5.824712848024027e-05
439.0,0.3808116422993603,0.005928739397893405,0.001721600487916649,0.001398215276374308,5.776128370964182e-05,6.227781353893405e-05,5.824733200489786e-05
440.0,0.3802816059032692,0.00573157425562866,0.001715557327509757,0.001395234770307924,5.756915223100589e-05,6.217383445308979e-05,5.814783523571645e-05
441.0,0.379681801136302,0.005698270295275407,0.001707431502002622,0.001392237270024938,5.73551062206892e-05,6.205201113559025e-05,5.809197630853469e-05
442.0,0.3792543178035925,0.005752937428533499,0.001703733147717342,0.001389287178378746,5.716211931567433e-05,6.19562019729713e-05,5.805472132796219e-05
443.0,0.3789731218207433,0.005452713627258298,0.001691651193303776,0.001386340961333902,5.69494610672152e-05,6.18734728742459e-05,5.796883432024257e-05
444.0,0.378647358904063,0.005717530540799764,0.001690646326348087,0.001383437490435457,5.677168710355824e-05,6.176809703386394e-05,5.791005669938311e-05
445.0,0.3790980393503628,0.005718166873627509,0.00168202808080173,0.001380522995239733,5.657120480982016e-05,6.170612433879677e-05,5.786013868529129e-05
446.0,0.3788362696094434,0.005501604565294745,0.001677240292802591,0.001377661272182827,5.63706308996783e-05,6.161216458137478e-05,5.779897588694578e-05
447.0,0.3786886286157077,0.005522206728562627,0.001673164013510132,0.001374851438567357,5.621146156652935e-05,6.150798418098536e-05,5.776228905383758e-05
448.0,0.3788132395675712,0.005535449054628387,0.001665237666711555,0.00137203661728347,5.606349394028433e-05,6.142375359425517e-05,5.773256093751795e-05
449.0,0.3786981334911096,0.005575884444005611,0.001660678089984786,0.001369217631221558,5.590554589394876e-05,6.134994406896189e-05,5.766138057119501e-05
450.0,0.3791681406930263,0.005396790766056789,0.001656556116005776,0.001366411050247896,5.575118754692302e-05,6.127154756039145e-05,5.75992420686621e-05
451.0,0.3790150608180646,0.005546007676966203,0.001653106515187877,0.001363610589804672,5.559519515120978e-05,6.120481742537266e-05,5.756878126242012e-05
452.0,0.3792182332548846,0.005852251224855778,0.001653382868429172,0.001360827356898064,5.546728653289142e-05,6.113175928650462e-05,5.753283827172232e-05
453.0,0.3796785552037831,0.005554543164457019,0.001646500388325984,0.001358034047185171,5.532820055044892e-05,6.105265002476359e-05,5.747694644091962e-05
454.0,0.3801412743378793,0.00535376951581211,0.001640965601407468,0.001355250181812867,5.521086418782519e-05,6.097727855209287e-05,5.743705507460431e-05
455.0,0.3811477832200372,0.007491728995267962,0.001659215610046047,0.001352504594159928,5.511213227048379e-05,6.091877450228032e-05,5.741626502713637e-05
456.0,0.3821502940001966,0.00608261621329791,0.001647826149134177,0.001349769581483047,5.499537061927922e-05,6.087529560859641e-05,5.738973578903182e-05
457.0,0.3823454230390158,0.006618167601348576,0.001645885032339622,0.001347054638614672,5.484519587537783e-05,6.079228058651282e-05,5.731276884408889e-05
458.0,0.3826127625031954,0.00575302329918715,0.001639884731049776,0.001344390535134518,5.46879187543879e-05,6.070408177681546e-05,5.722731489365972e-05
459.0,0.3826739535415968,0.005420011111727445,0.001630397938618341,0.001341759243826755,5.452794289199055e-05,6.060776004875525e-05,5.715911609100566e-05
460.0,0.3829281543666527,0.005484426481975885,0.001627364138740197,0.001339118592867152,5.441193845588467e-05,6.051768255586405e-05,5.708084039132659e-05
461.0,0.3828210133924624,0.006363958881729385,0.001636406986703099,0.001336476909484033,5.430071622784199e-05,6.046421215575588e-05,5.701289890186117e-05
462.0,0.3827892596298166,0.006091389760773396,0.00162875550041596,0.001333828871682268,5.42159930027828e-05,6.041239980335006e-05,5.695579951904978e-05
463.0,0.381546204268995,0.006284528434837192,0.001634721598837616,0.001331194585117645,5.406390905250129e-05,6.034347470506172e-05,5.68735380577481e-05
464.0,0.381668263658457,0.006083727463974032,0.001628967813785966,0.001328562985648058,5.390393185280626e-05,6.026334569947525e-05,5.676500145726927e-05
465.0,0.3812540213286577,0.005878756900100688,0.001626544274703218,0.001325959447342854,5.373959669076416e-05,6.015632957809437e-05,5.666155827054307e-05
466.0,0.3818577525674293,0.00583782796874985,0.001621476960102282,0.001323371237198148,5.364739332899691e-05,6.006411374843564e-05,5.661125004996958e-05
467.0,0.3821036702138878,0.005716391794045323,0.001618854586818258,0.001320793959743054,5.353068468449779e-05,5.997006670074964e-05,5.651687191136406e-05
468.0,0.3818917788698752,0.005694492894858161,0.001618806405567864,0.001318221526537878,5.341432784679579e-05,5.99109742626428e-05,5.640228497065663e-05
469.0,0.3812644975241531,0.005654596456300911,0.001616000661013557,0.001315662850257928,5.327652740350625e-05,5.982239694628408e-05,5.630687946622841e-05
470.0,0.3815657840173249,0.005647223964134797,0.001611325656748578,0.001313144930521152,5.312482035461421e-05,5.972961930719133e-05,5.618940940907674e-05
471.0,0.3817570771816355,0.005897028833048845,0.001617746288541035,0.001310641508259169,5.307307146296505e-05,5.964752129992691e-05,5.610496165554771e-05
472.0,0.3816277498044723,0.005895615007704962,0.001612929744576211,0.001308138384129192,5.29731481462512e-05,5.957165292567105e-05,5.605293817295025e-05
473.0,0.3818051285649007,0.006057907810696902,0.001616692451431969,0.001305654798335026,5.283187673768614e-05,5.947950898330025e-05,5.597627588425849e-05
474.0,0.3824545889282878,0.005945508484777188,0.001614004583049077,0.001303170557949336,5.270612380913726e-05,5.938932442631733e-05,5.585824160630767e-05
475.0,0.3830772868135264,0.006864715240692554,0.001617082616859553,0.001300705444768535,5.259761762074944e-05,5.930577585790477e-05,5.574848811107234e-05
476.0,0.3827207495829794,0.006103976809472208,0.0016098422200808,0.001298263825941164,5.249610645486687e-05,5.920327417275864e-05,5.564309933113781e-05
477.0,0.383096627149221,0.006147594435470386,0.001614796753009057,0.001295850847053709,5.241776773131262e-05,5.911501976896921e-05,5.553056088127883e-05
478.0,0.3831267175804464,0.00591253275293951,0.001608310967245765,0.001293463303042831,5.233723490842841e-05,5.901583162434758e-05,5.541879059434232e-05
479.0,0.3835240866379171,0.00577651933105826,0.001601589536538844,0.001291075188016382,5.22212417887977e-05,5.89097204991737e-05,5.531280733294997e-05
480.0,0.3838163015735465,0.005990684673517295,0.001604724245197574,0.0012886569422597,5.211208963230767e-05,5.88323905053981e-05,5.521672383566667e-05
481.0,0.3836634130422303,0.005585641223747942,0.001598868841704561,0.001286243626238002,5.201471488364012e-05,5.875123892745615e-05,5.508955735885201e-05
482.0,0.3838690166880167,0.005906446239867259,0.001598398229649259,0.001283842692890557,5.195778479105689e-05,5.864276056374238e-05,5.494158298889078e-05
483.0,0.3841647501236143,0.005874196420942314,0.001597403722833234,0.001281442751219576,5.189460367220498e-05,5.855570303493345e-05,5.479507057222146e-05
484.0,0.3835778544907609,0.005741075740088029,0.001593994332114482,0.001278990853339962,5.184005602239345e-05,5.847775131147833e-05,5.46260422270566e-05
485.0,0.383821452597894,0.006117876054581388,0.001592737448162626,0.001276572735748416,5.182346641233716e-05,5.839698325699084e-05,5.440936151357393e-05
486.0,0.3828758779147467,0.005960822362391704,0.001592897934444674,0.001274160143544352,5.172951034600065e-05,5.828202965577811e-05,5.426136901824068e-05
487.0,0.3823908642249643,0.005698887852157364,0.001587981684373098,0.001271740103046835,5.163806503130464e-05,5.8171527264944e-05,5.411315279321753e-05
488.0,0.3820513538978264,0.005534988968507259,0.001582475930555389,0.001269305319314056,5.159459803404598e-05,5.806891033440281e-05,5.401580883418813e-05
489.0,0.3820787901928842,0.00570628605805376,0.001578509374090122,0.001266862852716816,5.150576967359928e-05,5.797558271186026e-05,5.38798156855671e-05
490.0,0.3827273941560794,0.006039097502962152,0.001582030375785553,0.001264407098660229,5.147232089444689e-05,5.79239727919848e-05,5.374163386682218e-05
491.0,0.3829324853104754,0.005661290133737643,0.001576018325365885,0.001261971032612897,5.138578140363792e-05,5.778882729353081e-05,5.358405492010768e-05
492.0,0.3824042507366362,0.006154876492622224,0.001579813842134414,0.001259573042262566,5.136492697000442e-05,5.772042144081119e-05,5.346336356986537e-05
493.0,0.3828210340997426,0.00586893446987161,0.001575891115366346,0.001257188475273658,5.134368629167655e-05,5.765929165371269e-05,5.329769090263503e-05
494.0,0.3822283506311532,0.005727751165831111,0.001572473658191691,0.001254814300780357,5.129002580918671e-05,5.753199737594854e-05,5.313566685643539e-05
495.0,0.3821815144755003,0.005505126100181686,0.001565892318831994,0.001252460733162619,5.122773457898614e-05,5.741687743523057e-05,5.295221672118908e-05
496.0,0.3811221255784334,0.005968622582378388,0.001571673884854312,0.001250144552670004,5.119368714984583e-05,5.728756866700125e-05,5.284376911783815e-05
497.0,0.3810833540193803,0.005801407744184604,0.001565285513312131,0.001247833873379792,5.112275040127271e-05,5.716723375240996e-05,5.267142993866847e-05
498.0,0.3801161219149367,0.005799692596790591,0.001564484778713194,0.001245525383090482,5.104405769491777e-05,5.707660431867431e-05,5.251633668328741e-05
499.0,0.3798223587489034,0.005376533653051364,0.001556315320138005,0.001243236896161291,5.095774291039455e-05,5.697832048667612e-05,5.236624019526693e-05
500.0,0.3792862876998889,0.005303069980361552,0.001552921110988524,0.001240980964679162,5.086954317388646e-05,5.685062637102039e-05,5.220970192818381e-05
501.0,0.3791990689055084,0.005635543403686715,0.001556500649821417,0.001238780770818964,5.083018354234673e-05,5.674688056348717e-05,5.207688781946893e-05
502.0,0.3787353229346536,0.005439881836267525,0.001554085259038099,0.001236577222413855,5.077285878994947e-05,5.666486960892033e-05,5.193657388763229e-05
503.0,0.3775070031624956,0.005426638939290694,0.001550848327356034,0.001234393538639402,5.069592726704538e-05,5.658794692062175e-05,5.178610595744177e-05
504.0,0.3766274700132045,0.005536058760169045,0.001553018213877737,0.001232209252071057,5.061938468154896e-05,5.648725657093061e-05,5.166496363681706e-05
505.0,0.37557789295334,0.005347078040728487,0.001547144730559181,0.001230039872556096,5.055255786861546e-05,5.639060835975098e-05,5.154396366278599e-05
506.0,0.3753966370547503,0.005946322367902825,0.001555460607135678,0.001227862164185586,5.05078420990683e-05,5.630123517252071e-05,5.141615004594716e-05
507.0,0.3752516388281682,0.005904838868669627,0.00155486772703116,0.0012256863166119,5.047870007704524e-05,5.621889031087639e-05,5.128410332486698e-05
508.0,0.3746806817610405,0.005605553244244247,0.001550595134144793,0.001223502825721988,5.042353402335366e-05,5.616369590352881e-05,5.118599189211052e-05
509.0,0.3750693725913998,0.005501855838513444,0.00154662030846951,0.001221326527698187,5.035212735932952e-05,5.606849890636225e-05,5.10288495757936e-05
510.0,0.3741545719222566,0.005637703816753566,0.00155201477225908,0.001219162020999357,5.030395013943894e-05,5.59983754800902e-05,5.091250170509509e-05
511.0,0.373381655811085,0.005512156971723681,0.001549241910649579,0.001217013398370443,5.025671495223279e-05,5.590843972516963e-05,5.079230668917099e-05
512.0,0.3728904543084278,0.005689513161257149,0.001551060095266228,0.001214859746424721,5.021777495628968e-05,5.580688910120075e-05,5.063923807158758e-05
513.0,0.3720565626727375,0.005479176939914884,0.001549413413567024,0.001212693004887101,5.013630055068132e-05,5.57396201065024e-05,5.047970960336555e-05
514.0,0.3713391096739125,0.005329170600713212,0.001545699300340743,0.001210523486102551,5.004055561614154e-05,5.562732117438223e-05,5.032467068963733e-05
515.0,0.3708107991845289,0.005363372749753808,0.001548436948390631,0.001208360032395486,4.997836901663224e-05,5.550804597833992e-05,5.018012007306378e-05
516.0,0.3700336070765837,0.005420335974140761,0.00154896442932166,0.001206181544200941,4.992406375637898e-05,5.54194731321289e-05,5.008058319838121e-05
517.0,0.3700434586132967,0.005838983175057821,0.001553671348083295,0.001204010856984602,4.985785806116378e-05,5.530072534729379e-05,4.991986958107474e-05
518.0,0.3693092196217319,0.005698120471848594,0.001554476316392494,0.001201836508528862,4.981237809191304e-05,5.517052725984007e-05,4.978047694610268e-05
519.0,0.3685053281386464,0.005628538750159318,0.001553443591010473,0.001199652133674775,4.968403738190855e-05,5.507019129992551e-05,4.966420458121206e-05
520.0,0.368453876663281,0.005453720454774519,0.001552644569019673,0.001197464982350489,4.961567555224083e-05,5.499972772444726e-05,4.951080986983023e-05
521.0,0.3686349924265708,0.005553188994361384,0.001553591326930255,0.001195283704125366,4.952160412357726e-05,5.49606210372388e-05,4.937360153393492e-05
522.0,0.3682676699867998,0.005236235546705591,0.001546487244470656,0.001193090785046067,4.943317703853502e-05,5.485184754818199e-05,4.921776400807244e-05
523.0,0.3681746993783555,0.006649001642761662,0.001556025696277572,0.001190913694813048,4.939077020042868e-05,5.476316844850432e-05,4.906590251785991e-05
524.0,0.3677748978404063,0.006033209470958716,0.001547117682028329,0.001188725905708168,4.930181024747343e-05,5.462710177142346e-05,4.892824781341989e-05
525.0,0.3670892570013728,0.006057888138157262,0.001549981992168016,0.001186520960224357,4.923111650022773e-05,5.449908652429778e-05,4.87795723294217e-05
526.0,0.3659013039717001,0.005779430905969167,0.001545649877668118,0.001184310217630643,4.911368856463389e-05,5.439141959526542e-05,4.863127482670428e-05
527.0,0.3654925068575089,0.005675961041772795,0.001542157374342129,0.001182095612947511,4.901643648513654e-05,5.429968986682866e-05,4.852179219389323e-05
528.0,0.3653726760580248,0.005661924678789658,0.001539057042564909,0.001179882615975586,4.895267372840224e-05,5.419947460646731e-05,4.839377921359971e-05
529.0,0.3653099949008504,0.005548381667157928,0.001537076385363084,0.001177665686856934,4.889305930588538e-05,5.410013613822499e-05,4.829298798688153e-05
530.0,0.3650337840123548,0.005482125635837136,0.001532716814492218,0.001175445235500824,4.880820429933814e-05,5.398325383547556e-05,4.815896640359549e-05
531.0,0.364379042989202,0.005465759721945089,0.001533943046026101,0.001173223636705591,4.872466507931122e-05,5.391430401162079e-05,4.806255335990344e-05
532.0,0.3639938502082402,0.005637658232564709,0.001529994688359502,0.001171017870690054,4.862932358912012e-05,5.376651705341123e-05,4.791883469280428e-05
533.0,0.3638337736211112,0.005554606888927801,0.001529466919649738,0.001168825844109829,4.853106871198865e-05,5.368085966292381e-05,4.778659454554969e-05
534.0,0.3633208192314281,0.005167639101993499,0.001521854843646094,0.001166622438485672,4.844113083774537e-05,5.357942807770963e-05,4.76831313793116e-05
535.0,0.3630529189432702,0.005405521039784692,0.001519961889662859,0.001164429898325977,4.838787363233301e-05,5.345462027749153e-05,4.754493485471751e-05
536.0,0.3631234118644339,0.00534442589208546,0.001516537801177082,0.001162228627255054,4.828915711218353e-05,5.336322474344275e-05,4.74239605483598e-05
537.0,0.3626712350041147,0.005379080901957197,0.001516610946974803,0.001160042325574205,4.82090571967358e-05,5.325615800193434e-05,4.731098930698375e-05
538.0,0.3622650692609199,0.005229803497715826,0.001510268327757509,0.001157854610186921,4.811893341241899e-05,5.315663215223247e-05,4.723675812635916e-05
539.0,0.3622637744795864,0.005234243518393835,0.001508313568210872,0.0011556765275429,4.799418657239789e-05,5.307835163851714e-05,4.714059590497758e-05
540.0,0.3623821704180895,0.005064716303012611,0.001501635214083172,0.001153496690900415,4.787874992578433e-05,5.297360710192764e-05,4.700332523801121e-05
541.0,0.3621673229119493,0.004904944401953366,0.001496432198196377,0.00115136314727846,4.780240625354102e-05,5.287990027098414e-05,4.691372486240781e-05
542.0,0.3616073212171824,0.005116471334915558,0.001495479638438467,0.001149237926439908,4.770461673723774e-05,5.274582480316957e-05,4.681719261297582e-05
543.0,0.3622634327827237,0.006443719898802254,0.001502096477459422,0.001147110415842492,4.764321304526284e-05,5.267865474098676e-05,4.671898397664906e-05
544.0,0.3609805967826111,0.006122142127768107,0.001503530693018921,0.001145029547986449,4.748272309684005e-05,5.257442424693374e-05,4.660835564395283e-05
545.0,0.3613188574774367,0.005547561730648522,0.001494745421012378,0.001142943757817313,4.734843698227934e-05,5.246335368178089e-05,4.648956300652117e-05
546.0,0.3596620625476067,0.005277843951495204,0.00148457305437802,0.001140840556679573,4.717363106766354e-05,5.234014601097415e-05,4.636407780745224e-05
547.0,0.3590491380404272,0.005363018942555826,0.001481178750611671,0.001138714316972399,4.703312937114704e-05,5.21895938522954e-05,4.623298586193195e-05
548.0,0.3582312702664649,0.005497926472108216,0.001476731108718092,0.00113661842471707,4.689303516433574e-05,5.202835970893124e-05,4.611468245692508e-05
549.0,0.3582097920497156,0.005630966445446696,0.001478508383448537,0.001134541485348573,4.681826056726073e-05,5.191105451542359e-05,4.601714126004959e-05
550.0,0.3575409791276582,0.005181433728862544,0.001468057716205679,0.001132468982122976,4.665898365767817e-05,5.177151020882352e-05,4.59109579913359e-05
551.0,0.3576018287511292,0.00495757028401456,0.001461650626473563,0.001130411798834966,4.652649070079931e-05,5.165721341545286e-05,4.58012296689826e-05
552.0,0.3570292753256615,0.004942219146249615,0.001460355288415626,0.001128356959729486,4.638246479093206e-05,5.154144952208975e-05,4.572877026664516e-05
553.0,0.3565273463326363,0.005044233955498282,0.001456937733740646,0.00112632253528988,4.622756263443653e-05,5.144180841171603e-05,4.563688407285145e-05
554.0,0.3556586969559171,0.004886870511308977,0.001452580179110693,0.001124306426071386,4.608772674799366e-05,5.13240902387701e-05,4.55337374248852e-05
555.0,0.3558531773803072,0.004873514069190025,0.001449899426889291,0.001122251253243628,4.594634784636765e-05,5.120091906999936e-05,4.542411979124592e-05
556.0,0.3550257316287707,0.005071093956195653,0.001451007552791464,0.001120291824241655,4.580992421755282e-05,5.109621290003327e-05,4.536876158594045e-05
557.0,0.3562650934868333,0.005242456196377781,0.001453987955384694,0.001118332881951872,4.571039808771699e-05,5.103483511064158e-05,4.533435760908503e-05
558.0,0.3556968913242987,0.005058822216070513,0.001447526913093274,0.001116368235371134,4.561810004064024e-05,5.095245160027852e-05,4.527348080852545e-05
559.0,0.3554065731663971,0.005060335044058591,0.001444694693544194,0.001114387932849436,4.551323852251935e-05,5.088716000866652e-05,4.518182558525146e-05
560.0,0.3549550239205728,0.005033092335431042,0.001442947278198595,0.001112443267823289,4.542769474781662e-05,5.08126746722968e-05,4.510983647350277e-05
561.0,0.3547967821110147,0.005022657903357806,0.001445249113854848,0.001110492250649213,4.536253965187619e-05,5.072956358246619e-05,4.500729984006373e-05
562.0,0.3545427368653807,0.004764187225686744,0.001437785818622638,0.001108551945711246,4.525741614296745e-05,5.063478543232017e-05,4.494684235317372e-05
563.0,0.3541411124689733,0.005017763181363466,0.001439214766080538,0.001106634525471972,4.517362006246211e-05,5.052573322736544e-05,4.489082893417628e-05
564.0,0.3539593405980602,0.004850029250020111,0.001437579283395345,0.001104727051399702,4.503859867583661e-05,5.042193456559739e-05,4.477465072982198e-05
565.0,0.3537132171773943,0.004668920543737157,0.00143228731472699,0.001102811842147225,4.494670876400018e-05,5.033080963081453e-05,4.466543397204772e-05
566.0,0.3534643143419089,0.004796573534911249,0.001433152783475162,0.00110093926397336,4.483990364146075e-05,5.029414008624464e-05,4.457593493679423e-05
567.0,0.3543873507676669,0.005227198732535023,0.001438750892704311,0.00109909608198731,4.483681576501627e-05,5.032951851641517e-05,4.459688729416779e-05
568.0,0.3543629795871341,0.005117065822713589,0.001435148615804238,0.001097223377018025,4.478565630181486e-05,5.028800994779313e-05,4.453739098745191e-05
569.0,0.3532889765127578,0.005260439941859867,0.00143294762027023,0.001095337830993133,4.470614295451762e-05,5.018263976393528e-05,4.441377933904107e-05
570.0,0.3529885548002916,0.005259914340684578,0.001434526338033704,0.00109348012490673,4.46630990118739e-05,5.011238331859919e-05,4.432650104573344e-05
571.0,0.3528193206252752,0.004947177423813181,0.001429768386354053,0.001091641066767814,4.465491091630221e-05,5.007422569832234e-05,4.421493859451153e-05
572.0,0.352790320656124,0.004714770834435344,0.001423443171962023,0.001089786710661703,4.461015984842533e-05,4.999075135112232e-05,4.41567350422865e-05
573.0,0.3523376030473934,0.004928207268326486,0.001425465161812098,0.001087936575896694,4.456733390173187e-05,4.99214381662192e-05,4.409691210144424e-05
574.0,0.3529592929782741,0.004865599736979637,0.001422978258505782,0.001086087592499613,4.453881163367795e-05,4.98738934747247e-05,4.405700413117241e-05
575.0,0.3528461542434921,0.004851909431770191,0.001420795308156765,0.001084220796421165,4.453392625301152e-05,4.981992536788305e-05,4.398887142590234e-05
576.0,0.3528410807562123,0.005139136541133352,0.001424294684714199,0.001082406948142557,4.448914039718863e-05,4.978306722446638e-05,4.395181790993719e-05
577.0,0.3540816830733808,0.005183962796172168,0.001421945003720486,0.001080600648682181,4.446569946265123e-05,4.981171589370651e-05,4.387318865572758e-05
578.0,0.3532295154587074,0.004910329028859868,0.001419581568685183,0.001078777534650036,4.445297346987808e-05,4.974235555404074e-05,4.379620255875509e-05
579.0,0.3524548681230334,0.005128084668283247,0.001418573569316991,0.001076944508413791,4.441557872780457e-05,4.964704384186178e-05,4.368698048671442e-05
580.0,0.3524822761759664,0.004977190481051705,0.001416912106257086,0.001075140620305075,4.440149859792246e-05,4.956793968514368e-05,4.360550603402939e-05
581.0,0.3522237357932121,0.004992861248298339,0.001417296392474855,0.001073361699754477,4.442771784838475e-05,4.951145147650011e-05,4.3510442859233e-05
582.0,0.3522960768234824,0.00493552638366835,0.001413927094479159,0.001071568915229677,4.440082951617565e-05,4.944944620471812e-05,4.341211057186145e-05
583.0,0.3523918045299282,0.004892209568200246,0.001414419655988776,0.001069779147107348,4.437400702006811e-05,4.938330574617084e-05,4.334462808388121e-05
584.0,0.3525255202224458,0.004926975579896681,0.001412070882543485,0.001067998651484459,4.436456998213129e-05,4.935974118975416e-05,4.330625048765068e-05
585.0,0.3522958732620555,0.005152584044212687,0.001412840722902083,0.001066191548888979,4.436192286543432e-05,4.929005702907376e-05,4.32949536123957e-05
586.0,0.3510338251744635,0.005074337803999532,0.001408687203073609,0.001064436958078314,4.433715515234362e-05,4.923115506459424e-05,4.325841363388365e-05
587.0,0.3513467791058413,0.00508620952497959,0.001409275636295725,0.001062695758362577,4.434768864382598e-05,4.918303635142048e-05,4.320209281865326e-05
588.0,0.3509978516492237,0.004838585972633681,0.001405909966037972,0.001060928559459876,4.430676209810692e-05,4.911672458518169e-05,4.309103779191092e-05
589.0,0.3496996613084573,0.005052843917069032,0.001407418578387246,0.001059185874316805,4.431795923988549e-05,4.906005846904813e-05,4.302340320623204e-05
590.0,0.350240258363187,0.004996231413776498,0.001406129481535718,0.001057426561079475,4.433026241865318e-05,4.899190267648949e-05,4.296422209098907e-05
591.0,0.3495549822471708,0.004815143490846072,0.001401614859388813,0.001055688762254043,4.429420798817407e-05,4.889685005168514e-05,4.288415605852461e-05
592.0,0.3488467229493539,0.004566818870476519,0.001395166925567821,0.001053946137348299,4.423152466691831e-05,4.87977099060524e-05,4.277484809119024e-05
593.0,0.34844450101251,0.004725904169122907,0.00139298351553472,0.001052228827700845,4.416533438552146e-05,4.872346933004246e-05,4.273499326040935e-05
594.0,0.3481940566282341,0.004642205516819116,0.00138929005304258,0.001050500345634624,4.4100234632928e-05,4.861591707757318e-05,4.267886098155389e-05
595.0,0.3485509666782181,0.004786281238454734,0.001389839562907181,0.001048779941348331,4.40932470408215e-05,4.854332806621372e-05,4.267282707002977e-05
596.0,0.3487239275891807,0.004819428459615688,0.001387779110087092,0.00104705722345263,4.405389662801071e-05,4.847546061312184e-05,4.261415327323479e-05
597.0,0.3486231012649296,0.005066034055066023,0.001386196986029067,0.001045336117006521,4.40488101715105e-05,4.841829979818707e-05,4.2567292210735e-05
598.0,0.3482497793233704,0.004977188872363364,0.001383515465175569,0.001043659229238256,4.399789927487773e-05,4.838870823167699e-05,4.251910313724656e-05
599.0,0.3498146949334943,0.004896299643760125,0.001378227642610098,0.001041993480005756,4.399788121864941e-05,4.836803314819047e-05,4.249579950894063e-05
600.0,0.3494381351764167,0.004826502350274096,0.001372268390254858,0.001040305666645925,4.398429562337011e-05,4.830851812744617e-05,4.243933156428984e-05
601.0,0.3497578784555973,0.004853008989029669,0.001371479422665223,0.00103864635936268,4.398841487349444e-05,4.825483903060843e-05,4.236084912586732e-05
602.0,0.349616818640938,0.004975111591359429,0.001371625373253677,0.001036985730872371,4.397404752446599e-05,4.820321133620926e-05,4.231108971784509e-05
603.0,0.3490674614780314,0.004764069940148886,0.001364717694234233,0.001035351973025379,4.391018692573606e-05,4.810245421310938e-05,4.217851497442386e-05
604.0,0.3483267252583342,0.0045400423262153,0.001357625563421359,0.001033719799714006,4.384815493748631e-05,4.801102353883995e-05,4.207128205814392e-05
605.0,0.3479696626023952,0.004467567437783413,0.001354348034658241,0.001032112306023622,4.376458358400307e-05,4.793377362605714e-05,4.200366353901512e-05
606.0,0.3473468371292463,0.004403307041919032,0.001350424705608404,0.001030508272137439,4.372264051229386e-05,4.789990138641966e-05,4.194173259645566e-05
607.0,0.3481064080622459,0.004768360693104315,0.001351690260464846,0.001028925760571661,4.364966059018416e-05,4.786472748081302e-05,4.189818841094153e-05
608.0,0.3483322256438707,0.00457745731808012,0.00134937789492457,0.001027357401679582,4.361202257791435e-05,4.784369570358985e-05,4.18866180412317e-05
609.0,0.3492704766059078,0.004500340405810791,0.001347755086171806,0.001025763423689533,4.358243530618329e-05,4.779219232928418e-05,4.184010176060039e-05
610.0,0.3492836386258782,0.006438840581028193,0.00135793775383171,0.001024190127229464,4.357700519643459e-05,4.780485942266569e-05,4.181491322432707e-05
611.0,0.3513003352822885,0.005851687905643907,0.001365577248868291,0.001022635054012941,4.354564182373345e-05,4.775420101713685e-05,4.179832530776825e-05
612.0,0.3510184182260332,0.004964013746453954,0.001351740276458196,0.00102104076066319,4.348248272982535e-05,4.769664334463579e-05,4.171579245832129e-05
613.0,0.3505228683883082,0.004639849084511694,0.00134537861556315,0.001019478985026428,4.345477498681484e-05,4.767353050228535e-05,4.163242552439627e-05
614.0,0.3500630437739906,0.004484271759995041,0.001340607821891685,0.001017908333590207,4.3375617078632e-05,4.76510285841432e-05,4.156369239107818e-05
615.0,0.3494158623085056,0.004596779409734636,0.001341913247019457,0.001016374527988108,4.329910667098425e-05,4.75824408279119e-05,4.151965711478472e-05
616.0,0.3491691749584634,0.004623916362040951,0.001338231506291717,0.001014833644638528,4.323298584967723e-05,4.749953802016226e-05,4.147456100428405e-05
617.0,0.3485724221729987,0.004744924921736365,0.001338468405398693,0.001013327315317942,4.315049709856686e-05,4.745432012130548e-05,4.147220201609641e-05
618.0,0.3488102004754718,0.004502712360457033,0.001331855898887486,0.001011797078958951,4.305797222436163e-05,4.739496158820065e-05,4.141233580834312e-05
619.0,0.3485434833832212,0.004657180781479968,0.00133183428984938,0.001010293088365337,4.297936409945224e-05,4.738766170367477e-05,4.139798203116892e-05
620.0,0.348776911587782,0.004691049384337221,0.001331196561197084,0.001008796156323691,4.292197167365311e-05,4.736565207733409e-05,4.142642098519232e-05
621.0,0.3502468932697121,0.005331292912884629,0.001337917846467156,0.001007279255982713,4.290833126728522e-05,4.7350995516904e-05,4.14493958365072e-05
622.0,0.3500753827280433,0.005065184188770504,0.001334194899549241,0.001005809341981431,4.286021671939185e-05,4.733592557123691e-05,4.13966743326888e-05
623.0,0.3510833560857507,0.004989418446162009,0.001332814517550022,0.001004363284286856,4.283958229019087e-05,4.733749600468219e-05,4.139908215436825e-05
624.0,0.3500151277022269,0.005216499751414076,0.001333909148414158,0.001002898887275689,4.278241198285732e-05,4.730381005236887e-05,4.137060295699539e-05
625.0,0.3492909904617704,0.004785767470548316,0.001328717925164039,0.00100144744184859,4.270212427184357e-05,4.726916916799911e-05,4.13330722813695e-05
626.0,0.3498772755208415,0.00453882436978651,0.001324934151160065,0.001000002659191907,4.260127938624296e-05,4.723075746936344e-05,4.129098137047672e-05
627.0,0.3498925491038159,0.004698956547558131,0.001326927514905596,0.0009985898734046791,4.247511487773318e-05,4.720980492276715e-05,4.127651909439534e-05
628.0,0.3491979823420887,0.004733606670237313,0.001325059379306061,0.0009971732149961785,4.23203003354712e-05,4.71201562089887e-05,4.128730105403845e-05
629.0,0.3488749045808256,0.004650758180108419,0.001324763639773351,0.0009957722892937428,4.224556558828799e-05,4.704055474746043e-05,4.126760314635318e-05
630.0,0.3485566816758181,0.004724579962867219,0.001324145912743177,0.0009943753097279916,4.216330572841122e-05,4.700785297931482e-05,4.12570458585775e-05
631.0,0.3490474114502266,0.00565240249139776,0.001326801564661894,0.000992997201434146,4.202888431299492e-05,4.696665454432617e-05,4.120205494965235e-05
632.0,0.3487376271801714,0.004983188932042195,0.001317807582082157,0.0009916131169018718,4.192270494602994e-05,4.691401616242453e-05,4.120211358717389e-05
633.0,0.3497392246222362,0.005484685970737246,0.001324230565834909,0.000990210366633813,4.184991883993783e-05,4.686078485377998e-05,4.116431186089441e-05
634.0,0.3481023084055816,0.005195523568104118,0.001322766179729146,0.000988870180932367,4.179536414911924e-05,4.685215852515969e-05,4.116279991398251e-05
635.0,0.3492099393786386,0.004849764684133089,0.001318280730174743,0.0009875294954049118,4.167466219241341e-05,4.679674847964566e-05,4.119341245609223e-05
636.0,0.3478907944471613,0.00501266422061837,0.001318979102483721,0.0009861783365692582,4.153858156109619e-05,4.67540996746411e-05,4.114402646947215e-05
637.0,0.3470004852944226,0.004584759942124838,0.001311615586508534,0.00098484643872576,4.140736905382701e-05,4.673301876541826e-05,4.112604360966606e-05
638.0,0.3472046935636441,0.00469110835359289,0.001311796363183554,0.0009835123628077263,4.132242785804805e-05,4.669606729962766e-05,4.111031826918712e-05
639.0,0.3483020250325396,0.004881375608149177,0.001315621597812794,0.0009821904534150232,4.123464008479883e-05,4.668649959341059e-05,4.108380925668608e-05
640.0,0.3490165593775483,0.005253279372561885,0.001318132429488512,0.0009808829706555297,4.114906443347486e-05,4.666848799622493e-05,4.111164301958406e-05
641.0,0.348290478381571,0.005033094610045009,0.001314222109445347,0.0009796050084052686,4.105651134723189e-05,4.660059731188175e-05,4.112555019411094e-05
642.0,0.347009795884952,0.004868023634460588,0.001310983134718475,0.0009783064475099529,4.097668897572694e-05,4.656306779049984e-05,4.111334940411772e-05
643.0,0.3470684867994294,0.005362842503349732,0.001315003589848522,0.0009770091283475277,4.088595135758231e-05,4.654831867290198e-05,4.108138728061635e-05
644.0,0.3480544530318659,0.005227367009496017,0.001310168771063108,0.0009757166878519334,4.080590951632433e-05,4.658019920184682e-05,4.108699197594285e-05
645.0,0.3494667208319387,0.005409279475763969,0.001312930208151589,0.0009744559282214216,4.080572008533513e-05,4.657005314251541e-05,4.109121916735402e-05
646.0,0.3505965102142981,0.007741967589552281,0.001323486532765793,0.0009732006959085967,4.082807979139059e-05,4.661135556672705e-05,4.117661851883094e-05
647.0,0.3505068341192641,0.006841176003251568,0.001333421395766813,0.0009719497247352073,4.072608736914162e-05,4.655638242880661e-05,4.120197170295189e-05
648.0,0.3504582750955698,0.005421102483986374,0.001313400566051173,0.0009707069706476411,4.066736566213355e-05,4.650913698237572e-05,4.119726855747633e-05
649.0,0.3515031737149364,0.005359101410203372,0.001307467364237824,0.0009694417193043069,4.056427753133436e-05,4.646559359731691e-05,4.116100530763462e-05
650.0,0.3509007143571289,0.005248056701021214,0.001307542772463896,0.0009682288506164497,4.056241023013715e-05,4.64369412813352e-05,4.115336763588852e-05
651.0,0.3510085678322308,0.004869023171789748,0.001301806112740052,0.0009670275049179961,4.048659921843626e-05,4.639408768243348e-05,4.115373972818575e-05
652.0,0.3506196734938629,0.004675573098029216,0.001299501481408802,0.0009658148527292073,4.040540921535925e-05,4.630555939762489e-05,4.112164784931345e-05
653.0,0.3494015822712707,0.004738214017353411,0.001301128393814423,0.0009646154856266118,4.038482030273976e-05,4.625069761626579e-05,4.112351240027637e-05
654.0,0.3490875572280111,0.004849523588053691,0.00130053056572378,0.000963420918697237,4.03598062379432e-05,4.623217600544054e-05,4.110039273582328e-05
655.0,0.3482944900493065,0.004640174244945707,0.00129987593807462,0.0009622268553893918,4.026094191493752e-05,4.617168382105743e-05,4.104605308861626e-05
656.0,0.3479120118532309,0.005126189455810008,0.001304891712196608,0.0009610363476833566,4.019725513899884e-05,4.613008535534739e-05,4.106653702764511e-05
657.0,0.3476797027785919,0.004872135785148102,0.001299159954177056,0.0009598286167271896,4.015389003511911e-05,4.607763418324983e-05,4.101722943422104e-05
658.0,0.3480322532809474,0.00825134131225781,0.00132152804259283,0.0009586311084487191,4.011959307242073e-05,4.606752653207399e-05,4.10337836026072e-05
659.0,0.3477905990365296,0.006889297909572333,0.001323054889669462,0.0009574247161557601,4.005689774278962e-05,4.604498673417105e-05,4.101660964941659e-05
660.0,0.3468264637802966,0.005800435487085567,0.001315614294265006,0.0009562401511394324,3.999699707852909e-05,4.600964163724993e-05,4.10262064516233e-05
661.0,0.3464626098340773,0.005071178440864593,0.001303165319203746,0.0009550454785279943,3.996885421646498e-05,4.595559446798253e-05,4.100059029251699e-05
662.0,0.3469147174325512,0.005373793755713748,0.001307900286389815,0.0009538636666528675,3.996553959307783e-05,4.594287899546818e-05,4.102085049418025e-05
663.0,0.3475465362996973,0.005827544422632423,0.001306363695741119,0.0009526716207663801,3.994581731490239e-05,4.593922296603501e-05,4.103905699693938e-05
664.0,0.3476228536745457,0.00560349694338407,0.001314050047029634,0.0009514920846487196,3.991319838294405e-05,4.589843395865679e-05,4.107302471869866e-05
665.0,0.3468368183235387,0.005446387675885685,0.00131299978466819,0.0009503152568618643,3.981063681680333e-05,4.5881320607534e-05,4.106250180330442e-05
666.0,0.3462164616124733,0.005062359628131501,0.001303841590724703,0.0009491467576089186,3.976871187174036e-05,4.588200104889098e-05,4.106201026380439e-05
667.0,0.3453073290055926,0.005235650019141253,0.001309940457094725,0.0009479630153202782,3.971330359409369e-05,4.582430117383403e-05,4.104031511313548e-05
668.0,0.3452545285979305,0.004817231750917757,0.001301593193237374,0.0009467849274173265,3.967399533265709e-05,4.579274297341141e-05,4.10235532767564e-05
669.0,0.3449373168486062,0.004967633747147947,0.001304090762763487,0.000945587477600742,3.961848449591217e-05,4.581850931752471e-05,4.106412001518598e-05
670.0,0.3443158810171819,0.004822675698916591,0.001303366526630478,0.0009443911645652718,3.95623144863687e-05,4.578507231271914e-05,4.106301371234734e-05
671.0,0.3449525124273161,0.004685689593022681,0.001300957498014917,0.0009431807496883719,3.955401892937683e-05,4.577019434308638e-05,4.109162479791854e-05
672.0,0.345446085643501,0.005233053869892996,0.001310284452174096,0.0009419856820359334,3.954971313006715e-05,4.578812659110646e-05,4.11246981818122e-05
673.0,0.3450941244197083,0.004896733864810419,0.001303542776041798,0.0009407799707331593,3.946458600233666e-05,4.574231569343881e-05,4.111546774618637e-05
674.0,0.3450370586569544,0.005012864170232476,0.001305926413380535,0.0009395568039671261,3.941117810072586e-05,4.573193901391083e-05,4.114225890470947e-05
675.0,0.3447463227770773,0.004923923453288403,0.001304538866622276,0.0009383283418510178,3.937961349523317e-05,4.570552820838003e-05,4.117159709799013e-05
676.0,0.3451163382559026,0.004500442208041665,0.0012979894033012,0.0009371011377584707,3.928960049323236e-05,4.569147604392384e-05,4.118875616074552e-05
677.0,0.3459275969162925,0.004569116408597569,0.001298156848884321,0.0009358481576879593,3.927200743691916e-05,4.567419342307307e-05,4.119206307530784e-05
678.0,0.3456454359125775,0.004684739023497338,0.001298556738921922,0.0009346214548594361,3.922068012432463e-05,4.567815886002501e-05,4.124590109122464e-05
679.0,0.3462960963384318,0.006685659241025004,0.001307970454348332,0.0009333861265932938,3.915693734858704e-05,4.56530874101792e-05,4.123819745339352e-05
680.0,0.3459225139065329,0.005658048566261457,0.001305580003327851,0.0009321551008257251,3.908428319076037e-05,4.560187403668899e-05,4.123432066837368e-05
681.0,0.3453029472009095,0.005267821996027274,0.001305461089269195,0.0009309619056343983,3.906697901096004e-05,4.5556251462613e-05,4.126950301167587e-05
682.0,0.3451732919905344,0.005160841847105939,0.001302328717858624,0.0009297664423235198,3.894286881925769e-05,4.552485523510744e-05,4.129608194095349e-05
683.0,0.3448219520245211,0.0049263378860946,0.001297954631438229,0.0009285703766001786,3.890213775153943e-05,4.549375127326366e-05,4.130188070415526e-05
684.0,0.3447147796662978,0.004943164358640143,0.001296084513892351,0.0009273662699928566,3.88652926301784e-05,4.550644274492768e-05,4.129660090829292e-05
685.0,0.3447878361554435,0.005112239479649747,0.001297563511736509,0.000926186106761145,3.87912653958552e-05,4.551361487450912e-05,4.126589278089062e-05
686.0,0.3461505645292575,0.005053458513010962,0.001297588216258573,0.0009250043649741309,3.871156635649346e-05,4.547609473148922e-05,4.128757536479962e-05
687.0,0.3451557661477428,0.005949452478776958,0.001304714856564091,0.0009238640047844915,3.862589544941356e-05,4.540018886118859e-05,4.127005164490908e-05
688.0,0.3459459993516532,0.005582761466787174,0.00130113215535278,0.000922719711571634,3.855444389497251e-05,4.537734982552588e-05,4.125466339248923e-05
689.0,0.3452689691492954,0.0050610826377414,0.001297342207853482,0.0009216030884173441,3.849873450035359e-05,4.530583419635259e-05,4.124088497028835e-05
690.0,0.3462567867538706,0.005424800188385651,0.001292716920795284,0.0009204902768705748,3.843422011267762e-05,4.531001802547056e-05,4.116689709826651e-05
691.0,0.345790407612455,0.005221830710984561,0.001296706310756551,0.000919396691731933,3.837819303999499e-05,4.528968856008343e-05,4.112895555915825e-05
692.0,0.3467212700590633,0.005155244708173355,0.001295641927493739,0.0009183422101529252,3.834422035767021e-05,4.526331880834122e-05,4.112231341876032e-05
693.0,0.3466164392656225,0.004890232801771042,0.001293780190348962,0.000917277468870722,3.82049706861944e-05,4.519372230369521e-05,4.106818414484695e-05
694.0,0.3461372352358769,0.005073488963513686,0.00129731872771313,0.0009162418033148071,3.812993520298117e-05,4.514895862031085e-05,4.101946499788797e-05
695.0,0.3459531665091923,0.004885758832790857,0.00129255086894322,0.0009152107786836075,3.804585097135657e-05,4.503721049497206e-05,4.097974992353695e-05
696.0,0.3453260464320955,0.005026510246178846,0.001293940984707974,0.000914190139144553,3.799365030877755e-05,4.500579453767871e-05,4.091649383394613e-05
697.0,0.3452299860192365,0.004668562081327713,0.001287562161994266,0.0009131595317601941,3.795562492622895e-05,4.496405330436629e-05,4.087207716610357e-05
698.0,0.3455893223324021,0.005120241197940036,0.001291148004115442,0.0009121322106772788,3.788910231476225e-05,4.491325739773174e-05,4.081091769106846e-05
699.0,0.3450525796012651,0.004976283343089683,0.001289640793213911,0.0009111219429381392,3.783809914759522e-05,4.487358133868632e-05,4.075139675258608e-05
700.0,0.3451980027939655,0.004895178281415663,0.001287815360319615,0.000910124535274003,3.783175711144693e-05,4.484267123907855e-05,4.072071105154858e-05
701.0,0.3453458830303173,0.004722157459849213,0.001286097040287522,0.0009091203466062724,3.778915601671278e-05,4.480515325426463e-05,4.070820949654972e-05
702.0,0.3455781407975038,0.004726321143432835,0.001283483345941391,0.0009081147096965563,3.77479748185949e-05,4.476061099692294e-05,4.066431292306688e-05
703.0,0.3456324037715832,0.004573969182117281,0.001282976680077234,0.0009071246906633322,3.770435854773651e-05,4.474852643211546e-05,4.058483328289203e-05
704.0,0.3466310772042117,0.004818853142746699,0.001285745400777248,0.0009061358230547004,3.77481453613967e-05,4.473398812559191e-05,4.060574791914726e-05
705.0,0.3469454780911007,0.005149700465314909,0.001290770272812801,0.0009051447473788712,3.776054118221963e-05,4.470233911041589e-05,4.054648811921471e-05
706.0,0.3470659706594989,0.005067507062872437,0.001290333143179148,0.0009041593679063373,3.773607071090245e-05,4.468618280506601e-05,4.051603070905676e-05
707.0,0.3476009591146734,0.006344208435368237,0.001304144493324849,0.0009031646042205306,3.77173222787749e-05,4.465497535560655e-05,4.048412005833674e-05
708.0,0.3484462031244103,0.00628059731488899,0.001301437996038545,0.0009021588219877804,3.771736520241577e-05,4.459534196976377e-05,4.047697915983628e-05
709.0,0.3485779618857142,0.005973752333399376,0.001299052451949105,0.0009011547458972741,3.767127168928787e-05,4.454394975283569e-05,4.046648171084002e-05
710.0,0.3477111408877414,0.005340334533302439,0.00129223502318911,0.0009001599864790404,3.762690011360457e-05,4.452584779624902e-05,4.040490782039326e-05
711.0,0.3489385141791221,0.005386536107080804,0.001287882193222401,0.0008991391224224541,3.759931935331266e-05,4.448971516183973e-05,4.03741707965537e-05
712.0,0.3494290865234365,0.005463833303493797,0.001290052712332509,0.0008981000848530834,3.761778503922537e-05,4.446406233205496e-05,4.034421848474859e-05
713.0,0.3500759244892759,0.007134519120425916,0.001296000859622395,0.0008969995205957631,3.763377494188629e-05,4.446422844017271e-05,4.032986697316332e-05
714.0,0.3496658987653327,0.006277468399772277,0.001289734754802341,0.0008960096842799692,3.763360668586419e-05,4.446723967542964e-05,4.030955424531375e-05
715.0,0.3511071330832798,0.006768052364910777,0.00130407898445631,0.0008949822472089525,3.768411353783765e-05,4.448553671028871e-05,4.027896198053095e-05
716.0,0.3501800726071869,0.005951074522232579,0.001289828738019547,0.0008939363273019068,3.767395844566134e-05,4.443695539577782e-05,4.022369800019365e-05
717.0,0.3502630507951592,0.00588113986610842,0.001284227831399248,0.0008928794063047598,3.768466707463619e-05,4.442436561212304e-05,4.017782907543318e-05
718.0,0.3495537058189068,0.005522700536551734,0.00128502883313692,0.0008918226828669368,3.769224251547643e-05,4.440823034212877e-05,4.015485998267299e-05
719.0,0.3498736608061385,0.005357695707690694,0.001273934863748294,0.0008907464885449781,3.763281679087382e-05,4.435444697117028e-05,4.011744362720585e-05
720.0,0.3500202045238935,0.005428469675099747,0.001275712297996787,0.000889654044841494,3.762850556629038e-05,4.434282305800596e-05,4.010636408199602e-05
721.0,0.3505059949000711,0.005050175503432319,0.001266045982116709,0.0008885599435644644,3.760495090781398e-05,4.432394867488192e-05,4.008294044683374e-05
722.0,0.3509043961578185,0.005412888725379997,0.001268180065363424,0.000887469594109118,3.762635593226398e-05,4.431989550044493e-05,4.005899643322562e-05
723.0,0.3509076324647988,0.005012491387379647,0.001260894116656581,0.0008863743808333345,3.763388274009866e-05,4.429085361294947e-05,4.002704683023896e-05
724.0,0.3518372794382653,0.005667020747850908,0.001268225084382146,0.0008852853114528093,3.767108273510009e-05,4.429627376905246e-05,4.002529219529508e-05
725.0,0.3526217477898293,0.005374717284031621,0.001260026921029865,0.0008842011288057894,3.765744043810016e-05,4.427914993734652e-05,3.999523750420739e-05
726.0,0.3524199597837057,0.005453886475260849,0.001258227660513011,0.000883121549715309,3.764678373084785e-05,4.425085585773829e-05,3.995996720955594e-05
727.0,0.353231210272249,0.004987710324388938,0.001248473336513715,0.0008820015768400984,3.76249075967293e-05,4.423662638177676e-05,3.990840500077567e-05
728.0,0.3535296611694043,0.00704631957298726,0.001254855590505277,0.000880935946830141,3.766633091601784e-05,4.426311410728673e-05,3.992380920759822e-05
729.0,0.35507414051695,0.005574953034148358,0.001237927183279648,0.0008798420631372466,3.766852411650016e-05,4.426451599373198e-05,3.989773103511443e-05
730.0,0.3560584207037203,0.006437314843517356,0.001251412271465251,0.0008787228567601605,3.774524308950918e-05,4.428705283519706e-05,3.991379201072912e-05
731.0,0.3551438760449899,0.005055326644622476,0.001233938841400901,0.00087764028255813,3.772915278526266e-05,4.423030508487793e-05,3.990468326143841e-05
732.0,0.3543733712969487,0.00498961850120692,0.001228136369975183,0.0008765524732269538,3.775875762127851e-05,4.419991952593296e-05,3.98837853080223e-05
733.0,0.3547033571055607,0.004764207869542714,0.001220726938845757,0.0008754403732922,3.772268230771698e-05,4.414910658094952e-05,3.982843276692811e-05
734.0,0.3538657492698003,0.005302302311334604,0.001226053346939883,0.0008743284804329978,3.768204843433647e-05,4.409949749349888e-05,3.983505332455306e-05
735.0,0.3535225649423273,0.005095628747155989,0.001221990049309614,0.0008732389780379583,3.76953087271339e-05,4.404187717023514e-05,3.97973607644995e-05
736.0,0.3534868677397727,0.005294758857449694,0.001220448606622813,0.000872102239079706,3.773692266027307e-05,4.402966288030399e-05,3.976527698877754e-05
737.0,0.3532729714384639,0.005035282972696578,0.001213519810366956,0.0008709987606056759,3.767714161134399e-05,4.400777560189957e-05,3.974416288891747e-05
738.0,0.3530277357907173,0.004793947044309187,0.001206447926872223,0.000869870595926668,3.765560258531424e-05,4.395568235709193e-05,3.975118718616605e-05
739.0,0.3527158423187546,0.00522619054765853,0.001208635331615122,0.0008687561310667884,3.770513959253613e-05,4.395504560375791e-05,3.971023569160612e-05
740.0,0.3527518727957843,0.00509255354694849,0.001203342148676253,0.0008676500081101131,3.766453394955886e-05,4.387519257789737e-05,3.969206934997185e-05
741.0,0.3527066797407671,0.005179687353876354,0.001202352655318388,0.0008665468475449449,3.766694089453234e-05,4.384707505014233e-05,3.973533153991955e-05
742.0,0.3527310342381733,0.004398138637138987,0.001189288672044125,0.0008654366687575557,3.764356872872131e-05,4.382167855041826e-05,3.968034143719103e-05
743.0,0.3530844480830144,0.005034182387112202,0.001196053871948809,0.0008643573900188687,3.768593519307346e-05,4.383807005687221e-05,3.96723292849536e-05
744.0,0.353117848366958,0.004940690145726681,0.001190288221993764,0.0008632922430284485,3.765885299992674e-05,4.378935102683347e-05,3.966353728802249e-05
745.0,0.353508970332806,0.00490892828106919,0.001189831476121477,0.0008622233646882802,3.767541263487442e-05,4.376526772982066e-05,3.966913520517212e-05
746.0,0.3535594668159623,0.00479408028412776,0.001187960134349241,0.0008611620186471745,3.766473959090762e-05,4.37754600105695e-05,3.967469440900993e-05
747.0,0.3546914437367314,0.004703027745681133,0.001187916399627126,0.0008600167306506977,3.767120865086303e-05,4.378421954882086e-05,3.966300832366584e-05
748.0,0.353779536136072,0.004761584617416251,0.001186423948624489,0.000859017785132146,3.765705405824367e-05,4.377807840884533e-05,3.966701559899571e-05
749.0,0.3550306916513593,0.004912997330323274,0.001187166439141808,0.0008580012805646124,3.769177630327607e-05,4.3721136750734e-05,3.969387916434559e-05
750.0,0.3553261723188026,0.004967172367998481,0.001187041133519537,0.0008569182276811548,3.76969890435946e-05,4.365996601885062e-05,3.966827682987571e-05
751.0,0.3535594364642579,0.005197205328573306,0.001185530493221502,0.0008558756530578649,3.762746376587962e-05,4.362254266771682e-05,3.967165180130923e-05
752.0,0.3535728149629204,0.004622896627624043,0.001177360337430517,0.0008548509575874306,3.759495725149677e-05,4.355912234987638e-05,3.966080755752103e-05
753.0,0.3538018598076859,0.004865492140205496,0.001180128120258661,0.0008538141810700165,3.75922660390123e-05,4.353179086820578e-05,3.959948962467519e-05
754.0,0.3530969316059029,0.00444157137760287,0.00117244946208669,0.0008527584175547607,3.755819992338809e-05,4.350551102490016e-05,3.958037730025675e-05
755.0,0.3530504794971173,0.005173770347204062,0.001179040540123952,0.0008517200584344891,3.753415972703085e-05,4.348197378757081e-05,3.955943115526794e-05
756.0,0.3542384051306496,0.004969571616267001,0.001179124161633526,0.0008507035417892587,3.753036765686162e-05,4.351062417619274e-05,3.956926540346593e-05
757.0,0.355870585264198,0.005220659725335517,0.001180802180949156,0.0008495575396913151,3.755882663588265e-05,4.346654946902571e-05,3.956620710326845e-05
758.0,0.3549485028842309,0.005130213958421928,0.001177212828442807,0.0008486123539977938,3.750788323757536e-05,4.352776634460745e-05,3.964286015207764e-05
759.0,0.3568614401231583,0.004550658719254388,0.001169610891309113,0.0008476175183181604,3.751809198488261e-05,4.346213418246991e-05,3.96585679549378e-05
760.0,0.3564462877678812,0.004803927793245006,0.001171583523001012,0.0008465650460753064,3.753021983891267e-05,4.342091912663484e-05,3.964818932643923e-05
761.0,0.3547880641929289,0.004500660877557933,0.001167334722147743,0.0008455035167219468,3.745977380377904e-05,4.336928519593745e-05,3.954748812406548e-05
762.0,0.3541942329205514,0.00491738383568851,0.001169889337632822,0.000844517575194201,3.743984794623126e-05,4.334301987012171e-05,3.954369805525527e-05
763.0,0.3546926000384227,0.004660288441214263,0.001166101692930686,0.0008435117372648362,3.743216753027827e-05,4.326576912688574e-05,3.948596545009211e-05
764.0,0.3542438154526508,0.004700038144653067,0.001168191886931679,0.0008425033868501858,3.740958477812925e-05,4.325140485007357e-05,3.9410603188361e-05
765.0,0.3535023459133296,0.004441024575980527,0.001164835105956986,0.0008415057372154158,3.735770173664686e-05,4.32073456927835e-05,3.937940166977845e-05
766.0,0.3547040425039935,0.004261867664673664,0.001160938750816262,0.000840499657194283,3.734946200260554e-05,4.320117876862997e-05,3.936464101382874e-05
767.0,0.3549642643843828,0.004330539516330354,0.001163765834828088,0.0008394378915731968,3.740837668372292e-05,4.324557240373273e-05,3.938777789110662e-05
768.0,0.3566470124201579,0.00459988170940979,0.001169210974986798,0.0008385128193835116,3.738860327779675e-05,4.326137036605411e-05,3.940008737495939e-05
769.0,0.3581235752242851,0.004725746765539764,0.001169172202032801,0.0008375700250928472,3.742698981136799e-05,4.328537008825547e-05,3.941157648007119e-05
770.0,0.3572748425186648,0.004470504687371537,0.001165776907385953,0.0008366046057779944,3.73951765302167e-05,4.321667928899859e-05,3.935734789661111e-05
771.0,0.3561175458238473,0.004336756067260622,0.001164060667174047,0.0008356459387119456,3.739609990565434e-05,4.316967692377686e-05,3.929327455967283e-05
772.0,0.3561256369118499,0.004643180637692923,0.001166361362989904,0.0008347537356224722,3.739780929888478e-05,4.317472148725992e-05,3.926719364357408e-05
773.0,0.3575029244319811,0.004363152330302955,0.001164916625019726,0.0008338380704606257,3.743717964521519e-05,4.316918778082647e-05,3.92241684078385e-05
774.0,0.3568561093103351,0.004447994796913288,0.001167427233117963,0.0008329367129768148,3.745299690551959e-05,4.315125351034503e-05,3.919916707025046e-05
775.0,0.3572254309252913,0.004807269081536426,0.00117254878217257,0.0008320592685243582,3.73980977536062e-05,4.313740697232841e-05,3.919398340640578e-05
776.0,0.3574401794906642,0.00430529687208985,0.001166157604808721,0.0008311634951623202,3.738344581021546e-05,4.31352751174921e-05,3.917215234272968e-05
777.0,0.3573831156234546,0.004621542749199401,0.00117150360072618,0.000830219197491525,3.740958628281013e-05,4.316409130206755e-05,3.915383740637052e-05
778.0,0.3562957382733071,0.004313508585408687,0.001168650273879562,0.0008294421293029976,3.7452273261632e-05,4.313658974147265e-05,3.915184172670496e-05
779.0,0.3582743391842623,0.0044692829382928,0.001169993137978537,0.0008286182186088976,3.748208100811818e-05,4.307891321155201e-05,3.912861633329922e-05
780.0,0.3571220985580019,0.004576441317638334,0.001170834032353537,0.0008278018867312582,3.746709531594592e-05,4.307241780180017e-05,3.910810829430219e-05
781.0,0.3568750547314479,0.004694203171243509,0.001172935270779812,0.0008269804707096714,3.751044498868055e-05,4.304645740894723e-05,3.90662858747303e-05
782.0,0.3570422216160589,0.004464716554577381,0.001169325575298058,0.0008261903844070633,3.749781813621593e-05,4.306838846971991e-05,3.902290228656905e-05
783.0,0.356379771514354,0.00424591162470125,0.001168099942182648,0.0008254041936765539,3.751535372767711e-05,4.299639548402092e-05,3.897733392870668e-05
784.0,0.3562682377893407,0.005191499072556475,0.001175670182704512,0.0008246181549539304,3.752104505684803e-05,4.296932162591337e-05,3.897623218275572e-05
785.0,0.3562223935945543,0.004737900133201186,0.001171682968499022,0.0008238311528738598,3.751432517724045e-05,4.296355481332829e-05,3.888660874170857e-05
786.0,0.3569624641437776,0.004542026170689085,0.001172141029811569,0.0008230698806423084,3.75635970496543e-05,4.296947359254756e-05,3.889393106707955e-05
787.0,0.3564441116823518,0.004054054016253711,0.001167433032922029,0.0008223165681076953,3.759085764503054e-05,4.290942071973546e-05,3.888696274417492e-05
788.0,0.3567171207014844,0.004102831110374623,0.0011680386071365,0.0008214676928227487,3.76149843387504e-05,4.286408643572935e-05,3.885455304090884e-05
789.0,0.3560335058152448,0.004026441008134918,0.001168513513667376,0.0008207799423373516,3.755688222119079e-05,4.292065310250814e-05,3.882359159155102e-05
790.0,0.3581020547845072,0.004093491900193701,0.001171653810717158,0.0008200545965620524,3.767828684854035e-05,4.29185439856363e-05,3.885895004262905e-05
791.0,0.3574735605127104,0.003899967042305653,0.001168773254633476,0.0008193020781537206,3.771276795017566e-05,4.284517971344804e-05,3.882410711041409e-05
792.0,0.3575410701901545,0.004443671205508146,0.001174871896886824,0.0008185369865676049,3.775826791419433e-05,4.285022620043541e-05,3.876709687385864e-05
793.0,0.3573972819988464,0.004271757454508769,0.001176101153752102,0.00081781878373673,3.77258653988989e-05,4.284603415610045e-05,3.875328890817671e-05
794.0,0.3571898307845601,0.004405328299369184,0.001177450808622595,0.0008170988727606768,3.77925052203553e-05,4.278036597270144e-05,3.87219268506601e-05
795.0,0.3582631138987255,0.004369744290959552,0.001177211096749225,0.0008163398554614895,3.783689371456904e-05,4.276649874191437e-05,3.870850624320112e-05
796.0,0.3570494060090637,0.004504685439286604,0.001182603271563662,0.0008156040320440547,3.788149005888202e-05,4.279082237049361e-05,3.871631712513894e-05
797.0,0.3591410322993291,0.004340682724570761,0.001180303413381186,0.0008148667727052475,3.792686919283777e-05,4.274162159599393e-05,3.866938613600224e-05
798.0,0.3588291538309209,0.004485973114543358,0.001184419772644793,0.0008141356744733706,3.798521593190147e-05,4.275643294199594e-05,3.866760804479498e-05
799.0,0.3598928844286107,0.004408958067332787,0.001183350807723473,0.0008134128288777605,3.803993515181416e-05,4.276603362039006e-05,3.869046057097097e-05
800.0,0.3604316902357843,0.00442577481164086,0.001184687622363903,0.0008125878134020799,3.808175477066799e-05,4.280000293569585e-05,3.86863408182735e-05
801.0,0.3599129872006734,0.004411215299150405,0.001182712095369868,0.0008120583734215038,3.80964987512487e-05,4.282617973710779e-05,3.864554011938809e-05
802.0,0.3621243724983521,0.004281040948873091,0.001185124500165078,0.0008112146468651438,3.829880698042774e-05,4.28569120162246e-05,3.882807841966548e-05
803.0,0.3575952512932143,0.003999482052263562,0.00118210752657689,0.0008104826761510238,3.820373531373687e-05,4.278662150133336e-05,3.871936368549823e-05
804.0,0.3584262128937097,0.00418414586601791,0.001181524191345443,0.0008097643426052416,3.814962786175834e-05,4.271643676305665e-05,3.868806929487664e-05
805.0,0.3598379581466546,0.004220281271610355,0.001181870261240166,0.0008090280458018709,3.816037872610739e-05,4.266071785291864e-05,3.869753280704723e-05
806.0,0.3597760241300385,0.003996201925952345,0.001181339611967384,0.0008082712519042655,3.820669843029601e-05,4.264826097584523e-05,3.870245218673761e-05
807.0,0.3589937912179753,0.003966091134362925,0.001181602001143018,0.0008075146114783543,3.825017418514231e-05,4.261318680133991e-05,3.867477310600018e-05
808.0,0.3592298446595044,0.004025986935625054,0.001178949380118952,0.0008067428851180292,3.82602085973617e-05,4.25853496238318e-05,3.865036079410921e-05
809.0,0.3594166678417771,0.004001739147013278,0.001178865303587412,0.0008059508387647618,3.825719044453845e-05,4.26108002310461e-05,3.863909076744921e-05
810.0,0.3598791989789086,0.004207512975324412,0.001182802692338939,0.0008051643019265945,3.829563756609375e-05,4.265970894287936e-05,3.866261616921759e-05
811.0,0.3609019425723749,0.00393316999901244,0.001180042036937921,0.0008043844583245248,3.836287013046955e-05,4.267540118602644e-05,3.872504324355256e-05
812.0,0.3614349903636028,0.004248710319246271,0.001183208020638305,0.0008034446570810766,3.843645992331376e-05,4.267845022741768e-05,3.876621732981506e-05
813.0,0.3607427567627972,0.004285120002908207,0.001182981412440397,0.0008028244221829284,3.847383104522401e-05,4.277391830519064e-05,3.872808300142331e-05
814.0,0.3632669263484063,0.004295992599380871,0.001182710692004906,0.0008019288673648717,3.865861481647157e-05,4.284717080987531e-05,3.890598294408693e-05
815.0,0.3581009723276418,0.004260075971874219,0.001179704733856489,0.0008010864252750087,3.853893504898577e-05,4.274223074881324e-05,3.878473193673998e-05
816.0,0.3588648747054882,0.004577594908254047,0.001185982883606562,0.0008002687766678967,3.852418863049694e-05,4.269981098081564e-05,3.879973638025525e-05
817.0,0.3594708248745158,0.004137979823729035,0.001176624195138746,0.0007994175557723916,3.849300863554245e-05,4.268831346625391e-05,3.883077124341851e-05
818.0,0.3606098153942719,0.004579222492605698,0.001182798644986952,0.00079856840461339,3.855866689578109e-05,4.272945298668942e-05,3.888285260879148e-05
819.0,0.359898484958428,0.004198543836856266,0.0011779525070344,0.0007977318010093642,3.861477308007564e-05,4.273395747286659e-05,3.889248277411517e-05
820.0,0.3606593773983385,0.004328010908794405,0.001178599096725675,0.0007968870190276259,3.859717315972967e-05,4.271039989669646e-05,3.886606863333654e-05
821.0,0.3610748550196434,0.004318592575932339,0.001177595175252378,0.0007960519524184155,3.862776177803695e-05,4.274004450251187e-05,3.887419893796455e-05
822.0,0.3613252045520338,0.004007240000071763,0.001173144114724033,0.0007952268876429344,3.869908796984878e-05,4.278437835290817e-05,3.890087940224206e-05
823.0,0.3623978983323617,0.004157138437591332,0.001172217712824118,0.0007944039639700025,3.872699663686661e-05,4.281699857245892e-05,3.891096668689379e-05
824.0,0.360812212855108,0.003970465196689306,0.001169935937391812,0.0007935770416132331,3.871699540818746e-05,4.279298865353858e-05,3.892670027074095e-05
825.0,0.3608762087296251,0.003911205102561641,0.001167012822289134,0.0007926295486885364,3.873491348174857e-05,4.280829107568557e-05,3.891361684212832e-05
826.0,0.359674788683955,0.003972178248954549,0.001166447305431971,0.0007920134562265895,3.87434791607794e-05,4.283704269796741e-05,3.888282239603307e-05
827.0,0.3619171046026793,0.003980915170287807,0.001165567683655884,0.0007910936303837101,3.887468338685416e-05,4.285736902580404e-05,3.902896133480989e-05
828.0,0.3565445557291116,0.003889818991981852,0.001161453238872001,0.0007902626685554043,3.8779277180627e-05,4.279824806984604e-05,3.890655957519345e-05
829.0,0.3570997740394096,0.004070310851005961,0.001162691979067608,0.0007894747744508354,3.871659106871376e-05,4.280675828537551e-05,3.888290699013558e-05
830.0,0.3574624019857007,0.003852073239698372,0.001157468446074669,0.0007886947112236741,3.868463253503325e-05,4.277976546812111e-05,3.88739539415497e-05
831.0,0.3578911971028356,0.004027254253888888,0.001161134237222703,0.0007878991440050863,3.87265559691796e-05,4.279985969853051e-05,3.887400660993996e-05
832.0,0.3570423384164376,0.00373650104978771,0.001156401029113752,0.0007870742927490953,3.87061937533671e-05,4.277542504737513e-05,3.884987838742015e-05
833.0,0.3563848449066025,0.003923494510156584,0.001157982432453055,0.0007862599842954557,3.865958671504215e-05,4.27644854656876e-05,3.881919735461909e-05
834.0,0.3562788142985753,0.003997390389456773,0.001158059209405929,0.0007854316718552983,3.866454336130543e-05,4.276786788932513e-05,3.885365525469258e-05
835.0,0.3577727946654854,0.004121918368767145,0.001161244581164464,0.0007845704562875951,3.87020707185128e-05,4.278342426737665e-05,3.883510789205642e-05
836.0,0.3580760244307352,0.004251464289750226,0.001163589416919022,0.0007837185520868992,3.873256264198057e-05,4.284251636604378e-05,3.885006231231796e-05
837.0,0.358571011545478,0.004148870950670372,0.001161695225939528,0.0007828454209778378,3.877023632102913e-05,4.284567289553295e-05,3.886934063508052e-05
838.0,0.3596324701200219,0.004041236606926023,0.001160161314241579,0.0007818434676863258,3.877038940462377e-05,4.284645077044302e-05,3.886874207265921e-05
839.0,0.3584296119875466,0.003987167700548919,0.001158621825766229,0.0007811023283416971,3.881928341523693e-05,4.292145572091298e-05,3.882760936490921e-05
840.0,0.3609299285588593,0.003708254236217353,0.001154713422119433,0.0007800550261067838,3.889816937797708e-05,4.295072450394803e-05,3.901264684581992e-05
841.0,0.3553514452163103,0.003927910053090891,0.001157431086076761,0.0007791393713806492,3.880998549119734e-05,4.285139004428021e-05,3.887975371537611e-05
842.0,0.3557591585782237,0.003901487344655811,0.001156381764504948,0.0007782178692058132,3.87227571019243e-05,4.278502900514042e-05,3.884180074396768e-05
843.0,0.356837779481067,0.004020214407446044,0.001155023384840507,0.0007773135536179013,3.868708075032136e-05,4.277759258823805e-05,3.885191926744068e-05
844.0,0.3567617277967891,0.004014644731580153,0.00115550663183097,0.0007764083777302005,3.865183973622697e-05,4.27496511328455e-05,3.887440519299069e-05
845.0,0.356943098399193,0.004156145161697512,0.001154852719238839,0.000775498561673208,3.861247415830598e-05,4.268663986398768e-05,3.886544930130563e-05
846.0,0.3560223419015304,0.004348522829620586,0.001157520018520289,0.0007746107277818347,3.85693563848664e-05,4.266110738425648e-05,3.887741089303608e-05
847.0,0.3560461313056377,0.004198092706777935,0.001152724785716246,0.0007737439262526939,3.858196032284663e-05,4.265582317373392e-05,3.888968030480426e-05
848.0,0.3561248472414538,0.003930922309499203,0.001150501061881675,0.00077278573621951,3.853289689319116e-05,4.262537287561377e-05,3.890262578053347e-05
849.0,0.3552274062200445,0.00363513491178817,0.001146804070425471,0.000772012280302545,3.854114968892071e-05,4.262082351479202e-05,3.885707970897095e-05
850.0,0.3577435443739138,0.003785692190140233,0.001148627556177012,0.0007711435112298834,3.857990368746482e-05,4.259364863767047e-05,3.893934093621992e-05
851.0,0.3563842657012155,0.003803051085755749,0.001148724804922011,0.0007702688070383767,3.860446459444671e-05,4.260063843986119e-05,3.897661890828949e-05
852.0,0.3560374873779144,0.004018735151675432,0.001150535540473175,0.0007693766022511929,3.861057578198785e-05,4.257313584717153e-05,3.89766024611812e-05
853.0,0.3557712588890105,0.003719310174651545,0.001147276081427375,0.0007685100088580186,3.853193534138169e-05,4.250478373378572e-05,3.899948404113468e-05
854.0,0.3550687994421083,0.00365434082479362,0.0011453797411523,0.0007676195945776275,3.847538638064735e-05,4.244225375636822e-05,3.900374594389665e-05
855.0,0.3548780823307465,0.003703128137076175,0.001144748894860898,0.0007667369340980144,3.843785376537502e-05,4.240626465546249e-05,3.899153744527723e-05
856.0,0.3545537690520972,0.004014389519477974,0.001150066432359876,0.0007658448797334373,3.844068167803062e-05,4.237799335959788e-05,3.901738235906845e-05
857.0,0.3548138038866909,0.004292917136887754,0.001153446400621014,0.0007649647879423187,3.844000511773206e-05,4.24009600042399e-05,3.901770612699495e-05
858.0,0.3549731092750267,0.004147136733014042,0.001151767295703118,0.0007641016222653809,3.843040076644446e-05,4.236913097073064e-05,3.905544195359958e-05
859.0,0.3560298823138272,0.003779520613245749,0.001146352681820727,0.0007631160901049622,3.836501304682415e-05,4.234741812329865e-05,3.904514252392605e-05
860.0,0.3551337291368484,0.003915352879554729,0.001150406825344629,0.0007624967835574467,3.842330765332936e-05,4.236686297789341e-05,3.907338953318279e-05
861.0,0.3590276398448145,0.004016262365920422,0.001150788270451089,0.0007615707925281013,3.858528076577852e-05,4.242027754485414e-05,3.928068201638884e-05
862.0,0.3536981011745659,0.004040487853782051,0.001151506509953618,0.0007607746899251915,3.850217084621759e-05,4.232548438441948e-05,3.915798537187597e-05
863.0,0.354376759614595,0.003907369674184503,0.001148874680308349,0.0007599969157520201,3.844015418257006e-05,4.220788191839675e-05,3.91154424233343e-05
864.0,0.3551919740597446,0.003663804554423726,0.001143628045008508,0.0007592540369588112,3.837125640689637e-05,4.215982893529915e-05,3.910760734897663e-05
865.0,0.3563691097752896,0.004095043952531161,0.001150430503322865,0.0007584890426109396,3.840774446518733e-05,4.218209439188705e-05,3.913921974519382e-05
866.0,0.3576735804334573,0.004055627587227488,0.001148703881011446,0.0007577151781336479,3.84176412375971e-05,4.216994853213908e-05,3.913285146942177e-05
867.0,0.3586770606794331,0.004155330297444381,0.001150980723599569,0.0007569423636374122,3.840181498720042e-05,4.218216875916772e-05,3.914462015729191e-05
868.0,0.3591195535611547,0.00424986293639589,0.001149053921093467,0.0007561653631241471,3.838477656946819e-05,4.219567231312104e-05,3.917625524389689e-05
869.0,0.3595340368555029,0.004413092457374258,0.001153210001278524,0.0007554043848704778,3.835261057772902e-05,4.216789063407377e-05,3.92024443616774e-05
870.0,0.3602037165324042,0.003989116044613287,0.001147990687413918,0.0007545021483222343,3.829158838391128e-05,4.214073302514622e-05,3.920472580550381e-05
871.0,0.3602195836544788,0.003783298242830409,0.001146252730249578,0.0007539781698756972,3.835835593303103e-05,4.217864778262586e-05,3.920742083119438e-05
872.0,0.3637312819779357,0.003914505378357626,0.001148670824412561,0.000753071438114632,3.842459702120986e-05,4.220637164575936e-05,3.935474612160512e-05
873.0,0.3592656423784558,0.003979330647307525,0.001150291636652245,0.0007523030208152403,3.840833848553683e-05,4.209871463902385e-05,3.922819610108251e-05
874.0,0.3597559009620136,0.004096364331459707,0.001150987303506399,0.0007515612461677203,3.834619193124661e-05,4.20287308398913e-05,3.916931288363546e-05
875.0,0.3602708389859863,0.003942877969115453,0.001148059460903779,0.0007508312569011447,3.824850076721387e-05,4.195250669407063e-05,3.913553617246274e-05
876.0,0.3609807603081805,0.004216118595979658,0.001152064369616782,0.0007500692128878166,3.818742301785301e-05,4.190668573726435e-05,3.914776474172656e-05
877.0,0.360531829646365,0.004121199319363324,0.001148309628173428,0.0007492858029219805,3.812511217164296e-05,4.185504102554609e-05,3.910305107658118e-05
878.0,0.3606453553324898,0.004076421614319636,0.0011487277600858,0.0007485106963595286,3.810562109368792e-05,4.18388529897641e-05,3.908403649081942e-05
879.0,0.3611405771869512,0.003835897281527,0.001144701436653742,0.0007477468708828147,3.807284830077883e-05,4.182871753903658e-05,3.909537542351454e-05
880.0,0.3621113211002625,0.003958880908528819,0.001146875268686053,0.0007469905750121706,3.80666447746934e-05,4.181770998024251e-05,3.911107308475855e-05
881.0,0.3623964798904488,0.003948115538673596,0.001145940524960958,0.0007460958822605594,3.803371775887793e-05,4.178706536317262e-05,3.907829667922913e-05
882.0,0.3619969162724069,0.003721036026958848,0.00114328390507205,0.0007455610121294724,3.808710757135305e-05,4.179577730829324e-05,3.902148548527929e-05
883.0,0.3662434568269733,0.003873344294989614,0.001143618286574357,0.000744696878060969,3.817058100106424e-05,4.187563460719619e-05,3.914785786070943e-05
884.0,0.3617129825809332,0.003997721474806226,0.001146703535240931,0.0007438992868257689,3.814942351909995e-05,4.178394977858412e-05,3.909293612207426e-05
885.0,0.3621563630357552,0.003844814456308767,0.001144521651801604,0.0007431468369805683,3.808975979318822e-05,4.169546371682012e-05,3.900975655343537e-05
886.0,0.3633183206297689,0.003939423513334317,0.001145166570001225,0.0007424291724967142,3.805007643077973e-05,4.164869176132657e-05,3.897157826288674e-05
887.0,0.3642719383538079,0.004034337444280162,0.001144357355373566,0.0007417034906942964,3.804164956743644e-05,4.158927956630654e-05,3.89705072463765e-05
888.0,0.363765228994787,0.003961272598886894,0.00114304699086656,0.0007409622314939974,3.79911108779697e-05,4.154008554907115e-05,3.891786458838084e-05
889.0,0.3635388232225449,0.004037993124172381,0.001142682281950031,0.0007402384780531012,3.792491124002554e-05,4.151422116516924e-05,3.88788505094627e-05
890.0,0.3636531144812486,0.004264215014228036,0.001140371408624571,0.0007395093784817396,3.787612304607946e-05,4.149977340391766e-05,3.888331064095312e-05
891.0,0.3631294396267649,0.0041803301801772,0.001142064213561883,0.0007388167414043812,3.785888083263332e-05,4.145027562946786e-05,3.88877374478236e-05
892.0,0.3648790417227425,0.004388097411436611,0.001144663465408213,0.0007379790774637539,3.787484248311396e-05,4.146743415621214e-05,3.888064016683489e-05
893.0,0.3643863191015581,0.003963236217510699,0.001139187476363671,0.0007375431242935637,3.787375782593973e-05,4.148329200448886e-05,3.881751669721999e-05
894.0,0.367344203441946,0.00411937032118819,0.001138513219159787,0.0007367714436329625,3.793763895899274e-05,4.1548556481257e-05,3.898624715186517e-05
895.0,0.3616244610864808,0.003992802665251257,0.001138895925200855,0.0007360925492456726,3.787981628938666e-05,4.135548834521188e-05,3.882678500065958e-05
896.0,0.3623450856522908,0.003998605613779943,0.00113608486755555,0.0007354291852925932,3.779294503356686e-05,4.126276255156109e-05,3.871606965826494e-05
897.0,0.3627945990142156,0.00379414767200486,0.00113361068083736,0.0007348030661387685,3.771326950448914e-05,4.120149982625768e-05,3.865268506922855e-05
898.0,0.3636310473951073,0.003806906765925042,0.001134800593897777,0.0007341607394910204,3.768753058624307e-05,4.117536535653365e-05,3.86346229298697e-05
899.0,0.3634463405709862,0.004103822095707059,0.001138067742199442,0.000733514980169069,3.763628337994729e-05,4.11267088365176e-05,3.858444923540568e-05
900.0,0.3630581227110977,0.004131205839489358,0.001138501671581383,0.0007328649552287593,3.761134239260794e-05,4.109415216644527e-05,3.856173923543808e-05
901.0,0.3632755145499885,0.004050527274153256,0.001135663154241059,0.0007322251507753606,3.753139899723816e-05,4.107315987429195e-05,3.853923439461367e-05
902.0,0.3629804728464576,0.004049323776807111,0.001135018673383207,0.0007316070228332007,3.750623719104148e-05,4.103696977454059e-05,3.85525366439575e-05
903.0,0.3630236606340203,0.003922496854402165,0.00113351953944133,0.0007308962711300654,3.743938090444773e-05,4.096255420047129e-05,3.84975831652867e-05
904.0,0.3623504113215849,0.003968527804527569,0.001132993859973767,0.000730489855551303,3.746855476593983e-05,4.09685302940258e-05,3.843970076830806e-05
905.0,0.3643305548737822,0.003992972334186805,0.001131957810073309,0.0007298085634095317,3.746260967476993e-05,4.101508788456821e-05,3.860939177806493e-05
906.0,0.3596783714343568,0.004211313002400747,0.00113528775339142,0.0007291819239397417,3.736386100170577e-05,4.08577196981871e-05,3.846240079534875e-05
907.0,0.359612278271818,0.003884139771713048,0.001129921694292969,0.0007286042448520278,3.729811749022411e-05,4.07546123500604e-05,3.83790830518729e-05
908.0,0.3605156081881399,0.003954219745547315,0.001130847755919805,0.0007280801632589848,3.72370287230863e-05,4.070805023549652e-05,3.827740247968915e-05
909.0,0.3602253770900708,0.004030008392545618,0.001133231409001039,0.0007275545945495945,3.726722990038995e-05,4.070883282050665e-05,3.826847656830584e-05
910.0,0.359713322415122,0.003979461185030295,0.001131710239380188,0.0007270251274364022,3.714244390056524e-05,4.060791989455004e-05,3.822129888261847e-05
911.0,0.3579764066517687,0.004201158934308583,0.001133568327896133,0.000726514715490679,3.701694472693037e-05,4.050274901533657e-05,3.813308168941397e-05
912.0,0.357124095580362,0.003988744338166341,0.001127263146538252,0.0007260428512185248,3.693184369164406e-05,4.043132189313424e-05,3.80568787882433e-05
913.0,0.3562926507272303,0.003774711475011267,0.001122331730766414,0.0007255726426803581,3.683236443978125e-05,4.034228720447e-05,3.80222666161779e-05
914.0,0.3555995495114349,0.003666387601108783,0.00111988719643801,0.00072503040998721,3.674419111696788e-05,4.028237358077714e-05,3.799489306329728e-05
915.0,0.3538501216995446,0.00360547363890583,0.001116622273303556,0.0007246447267813039,3.665627109810696e-05,4.024350745126525e-05,3.796933317283283e-05
916.0,0.3557174939409171,0.003647387521548796,0.001117509056168937,0.0007242230080035489,3.658413483364552e-05,4.021229462857908e-05,3.799032562829084e-05
917.0,0.3550127773536577,0.003800172621394685,0.001117846879343029,0.0007237830339616009,3.653591014371329e-05,4.01751916010356e-05,3.796643070485659e-05
918.0,0.3531137110708875,0.003921114851594442,0.001117698917150591,0.0007233517198900385,3.650239841096944e-05,4.012425366862527e-05,3.790765047322876e-05
919.0,0.3517183184415752,0.003697451469356682,0.001115725278186758,0.0007229473906294469,3.64554857192543e-05,4.007790865048566e-05,3.784881735972238e-05
920.0,0.3516680266044627,0.003861171347087764,0.00111765733083238,0.0007225232705803763,3.63620698321358e-05,4.003219929629621e-05,3.776719920090603e-05
921.0,0.350508229405333,0.003615776121773557,0.001110022123874332,0.0007221316857827802,3.625866197468152e-05,3.995419266411091e-05,3.769884769666563e-05
922.0,0.3497629688103431,0.003730428541495407,0.001109986671885724,0.0007217081179906348,3.61597223174625e-05,3.987945757571284e-05,3.764555528537276e-05
923.0,0.3494855065392487,0.003575081717563126,0.001104790007998418,0.0007212983095247903,3.60993273387251e-05,3.983754116258889e-05,3.759610660086824e-05
924.0,0.3483736584747252,0.003646177151191754,0.001104324692135438,0.0007209109023938133,3.602264223315801e-05,3.980366385506982e-05,3.755034058276213e-05
925.0,0.3477911439286019,0.003891577609769085,0.001103826248217188,0.0007205376840378815,3.594943037139497e-05,3.974100651169668e-05,3.751022020729259e-05
926.0,0.3474442211473902,0.003937425420968841,0.001099204126654507,0.0007200699927535761,3.585661584465053e-05,3.969952478165268e-05,3.750790820110822e-05
927.0,0.3458859646054304,0.003513258871281767,0.001094895226557946,0.0007197600287311243,3.578324764443018e-05,3.968616707720888e-05,3.747274720377282e-05
928.0,0.3467755334590131,0.003742540632552244,0.001097589039574447,0.0007193673709449152,3.57305648626012e-05,3.964857842130175e-05,3.74679429112561e-05
929.0,0.3437026347473142,0.003764933734732533,0.001095278343975387,0.0007189737431791797,3.560962578409719e-05,3.956250980105045e-05,3.741082572267251e-05
930.0,0.341825978827969,0.003432247594489035,0.001087119309502298,0.0007185603953109955,3.550987429095541e-05,3.94656618742517e-05,3.734543934533936e-05
931.0,0.3406702610350777,0.003260273473936178,0.001085067600645915,0.0007181446164063234,3.539704852956424e-05,3.940771383395149e-05,3.726520074596188e-05
932.0,0.3404685396334069,0.003400441381030684,0.001084950339713614,0.0007177151581963556,3.532671091475423e-05,3.935959640972262e-05,3.722203309797379e-05
933.0,0.3389833406944869,0.003414560307709987,0.001081753454867268,0.0007172784958908638,3.523983222499953e-05,3.929680685317084e-05,3.718215008903546e-05
934.0,0.3381087809549165,0.003295003334987274,0.001077848210090162,0.0007168166441407267,3.517105588749792e-05,3.922552461002352e-05,3.713742480048827e-05
935.0,0.3369362610366796,0.00331821986462545,0.00107575434187118,0.0007163513844301916,3.510020188722069e-05,3.918303656291182e-05,3.708054420411932e-05
936.0,0.3361861189416709,0.003350734038132018,0.001072292597110031,0.0007158759495427882,3.501216911319743e-05,3.915065939264762e-05,3.700749248507863e-05
937.0,0.3357268524289256,0.003213362520410055,0.001069055395895371,0.000715384753050758,3.493821873476704e-05,3.91100542892853e-05,3.697032261344027e-05
938.0,0.3363808962917049,0.003366800324327303,0.001068400927850944,0.0007148887617182177,3.490962938634093e-05,3.907532260441334e-05,3.69664531090659e-05
939.0,0.3352085442812988,0.003252392174968767,0.001064507230527371,0.0007143800010907696,3.485245426118235e-05,3.903644375912145e-05,3.692806000744325e-05
940.0,0.334456916694883,0.003299319396264756,0.001063410140842273,0.0007137448643749727,3.481175515221478e-05,3.899504955297265e-05,3.688500716904874e-05
941.0,0.3324138553258754,0.003192119031504161,0.00106027548617416,0.0007133682429949127,3.478302574916683e-05,3.896441721448082e-05,3.679867110072559e-05
942.0,0.3342312374648717,0.003283905053435962,0.00105911775660446,0.0007127040852601484,3.487859153566625e-05,3.90041819415537e-05,3.687610922241496e-05
943.0,0.3273874064959117,0.003274748429850698,0.00105612626260701,0.0007121054376482666,3.465855420036598e-05,3.880785405850578e-05,3.667919487067439e-05
944.0,0.326019117158224,0.003235762130117808,0.001053653608749969,0.0007115504800360924,3.455649151956942e-05,3.870806141654401e-05,3.659928091833266e-05
945.0,0.3256959371140428,0.003107029841035076,0.001050391322042402,0.000710974521681346,3.445686111521103e-05,3.863451801361347e-05,3.652267968447857e-05
946.0,0.3253417161369048,0.003031350635427477,0.001047607022445299,0.0007103721324866396,3.442090242693776e-05,3.859005029092903e-05,3.647352707729999e-05
947.0,0.3255906510320948,0.003138856147660375,0.001045597908668277,0.0007097256993118214,3.437713387615391e-05,3.853928731789375e-05,3.643138521778687e-05
948.0,0.3257039446679342,0.003825876538671248,0.00105154769211796,0.0007090822488835117,3.434951245085964e-05,3.853103338236477e-05,3.641594143579382e-05
949.0,0.3247283441563853,0.004478866339080709,0.001051608345315348,0.0007084280710598331,3.433889908695544e-05,3.852074785246443e-05,3.637553416681639e-05
950.0,0.3239524757664552,0.003962991040758477,0.001051268974456034,0.0007077926009625203,3.431040761307273e-05,3.845214744843666e-05,3.632244562337548e-05
951.0,0.3247620960555606,0.004829865229954149,0.001057171988795547,0.0007069891252608241,3.42950800198387e-05,3.844976118273553e-05,3.627769505808537e-05
952.0,0.3217652911061812,0.003955260529918139,0.001047673354564894,0.0007064432643922731,3.425693040053254e-05,3.842248528664789e-05,3.617003608831892e-05
953.0,0.3229325610704818,0.003634590488208028,0.001047232995866285,0.0007057681912417598,3.427166429364923e-05,3.836487290847204e-05,3.609815826592542e-05
954.0,0.3199804569692821,0.003330051027915103,0.001042332575165776,0.0007050628999704964,3.420994985781928e-05,3.828158530941188e-05,3.599807861585015e-05
955.0,0.3186397422606414,0.003245130012548666,0.001039600451196607,0.0007043616652502382,3.414138284058641e-05,3.820076327956863e-05,3.591066912265235e-05
956.0,0.3173674882698665,0.003232073968215312,0.001042179059422002,0.0007036947623820091,3.413467036015602e-05,3.815019618609215e-05,3.586531869126269e-05
957.0,0.3168483363094932,0.003396353675286044,0.001039862824947787,0.0007030015737877867,3.408117621054954e-05,3.805397680169453e-05,3.576861851103318e-05
958.0,0.3151247663420847,0.003246701244185091,0.001035563270103151,0.0007023121445536727,3.401708172881118e-05,3.800912476514193e-05,3.569917553330617e-05
959.0,0.3142210108999838,0.003176539207411796,0.001034428107433674,0.0007016361109829948,3.396696659810409e-05,3.792962525477127e-05,3.560540747094499e-05
960.0,0.3128631744521365,0.002990750908182183,0.001030310648807045,0.0007009667001619916,3.393560800413267e-05,3.7859502575686e-05,3.55087712418811e-05
961.0,0.312955880340459,0.003417317529415178,0.001033271794365979,0.0007002900046441836,3.393088251259618e-05,3.783421048318698e-05,3.546144900961897e-05
962.0,0.3117096753450372,0.00312984885225625,0.00102958495258887,0.0006996524699430838,3.38881229013294e-05,3.778291042634015e-05,3.536445330472684e-05
963.0,0.3119906236178365,0.003026032963134607,0.001026216309401252,0.0006990186120967763,3.387428258647302e-05,3.773052114459146e-05,3.532100093783805e-05
964.0,0.3115697433248324,0.003499562334582488,0.001030411645894152,0.0006984089395469946,3.386798252549906e-05,3.77171050897632e-05,3.527366459335568e-05
965.0,0.3103040866374658,0.003558276043964086,0.001027533812503909,0.0006978313600318398,3.383387669263497e-05,3.766398969826217e-05,3.521366258149995e-05
966.0,0.3102782005570767,0.003236477290412845,0.001025981810756351,0.0006971798042166144,3.380125797344673e-05,3.76320918123123e-05,3.512901323468601e-05
967.0,0.3094502190456158,0.003185233193211948,0.00102392229030785,0.0006966858380105621,3.380229290932448e-05,3.763417889991062e-05,3.508806333341728e-05
968.0,0.3103811089907139,0.003299579471734978,0.00102571989873042,0.0006961860684084203,3.384148121750926e-05,3.761608840403302e-05,3.507915617810417e-05
969.0,0.3085505844991546,0.003360048853553063,0.001026158419676886,0.0006956475287736806,3.375702525930677e-05,3.754061638989163e-05,3.498389224108471e-05
970.0,0.3061149006413003,0.003238061627577791,0.001021210293303613,0.0006951519062642002,3.369328505063849e-05,3.746778327676102e-05,3.487697745759662e-05
971.0,0.3046724389822272,0.00308772757067968,0.001017997581356564,0.0006946810981527823,3.365152795778056e-05,3.73752549898093e-05,3.478237316941159e-05
972.0,0.3041054771728024,0.002955465588785951,0.001014370903597365,0.0006941708397927783,3.361899575415082e-05,3.731833183768891e-05,3.46970439520472e-05
973.0,0.3034049911873302,0.003009531439097571,0.001013651244733345,0.0006937248421211799,3.358347412817823e-05,3.729431497863439e-05,3.462051290572712e-05
974.0,0.3046340698607213,0.002916385195865745,0.001010854407673172,0.0006932219331230078,3.352777853394522e-05,3.726439884727768e-05,3.454448801274238e-05
975.0,0.3042781676449279,0.00307726036075482,0.00101228809361217,0.0006928290583636799,3.353336498409231e-05,3.727706006977321e-05,3.457149027765502e-05
976.0,0.304842412627522,0.002943768881840067,0.001007055043038043,0.0006924238970343522,3.351229529509456e-05,3.721722901205365e-05,3.446529375152913e-05
977.0,0.3036255922299065,0.003054677810405635,0.001006324981303083,0.000691992964950198,3.345490879361948e-05,3.716658431709488e-05,3.437067134273037e-05
978.0,0.3026210714614532,0.002930311266207524,0.001002914456396818,0.0006915961998777589,3.340927467428849e-05,3.711596974236087e-05,3.430261015196122e-05
979.0,0.3022406278142979,0.002771853411678196,0.0009978887765767076,0.0006911752815095242,3.334901869087926e-05,3.706678697532384e-05,3.419827583989154e-05
980.0,0.3014723463034142,0.002911703444488205,0.0009975270100676455,0.0006907837502796483,3.333311642523602e-05,3.703071189652057e-05,3.413262313830908e-05
981.0,0.3010451998951583,0.00291985988880042,0.0009966709999526396,0.00069037942332448,3.326773570012387e-05,3.698517562594605e-05,3.404347937610671e-05
982.0,0.3004680514515711,0.003318299610663989,0.000998444381187987,0.0006900302825303993,3.325936365509683e-05,3.694997926073008e-05,3.400445697064799e-05
983.0,0.3004874944657034,0.003172649773604372,0.000992950784280897,0.0006895332253361258,3.320235038974295e-05,3.690121603905141e-05,3.388586251926098e-05
984.0,0.2996654636567604,0.003263775151607109,0.0009942947596550359,0.0006892735340327303,3.316734021271995e-05,3.692307820691766e-05,3.383361996731477e-05
985.0,0.301447190716491,0.003182186709376257,0.000994894795620825,0.0006889403358543241,3.319212861812626e-05,3.689182505634664e-05,3.380338751636771e-05
986.0,0.2996852020640577,0.003194437896815778,0.0009945002887563126,0.0006885785061527161,3.310388197870209e-05,3.679706015511383e-05,3.370971098002153e-05
987.0,0.2977825093379766,0.003033257956348923,0.0009881220268934381,0.0006882470283775806,3.301547767460006e-05,3.674003588439144e-05,3.358258026190856e-05
988.0,0.2974649602388477,0.002979426450131422,0.000987844189831939,0.0006879021954337716,3.296821981151828e-05,3.666260172403943e-05,3.349738099472112e-05
989.0,0.2967730466886861,0.003001302574751747,0.0009855031641094357,0.0006875495464568163,3.290912703676592e-05,3.659238106716755e-05,3.34121360627292e-05
990.0,0.2969102315824352,0.00289018276331675,0.0009827254129573775,0.000687188512333419,3.285144291671445e-05,3.656221598553266e-05,3.333439660517073e-05
991.0,0.2961159535204835,0.002928526708769454,0.0009810573372361975,0.0006868395509533497,3.282202070854858e-05,3.651837007334373e-05,3.325398278223264e-05
992.0,0.295999767418874,0.002798860988707604,0.0009783027615422766,0.0006864709220758975,3.276709411227858e-05,3.648122633070656e-05,3.317803607060009e-05
993.0,0.2954623032435578,0.002812154977651672,0.0009783980638597778,0.0006860817313817224,3.272359493583624e-05,3.642879494652266e-05,3.311905269557431e-05
994.0,0.2946401086045136,0.002681230168968699,0.0009756355224824508,0.0006857186644191395,3.267174781827177e-05,3.638067749057579e-05,3.30504590487956e-05
995.0,0.295169552918997,0.002683746617608173,0.0009722493785900142,0.0006853108113597621,3.26122826536159e-05,3.635311664884844e-05,3.294623990771935e-05
996.0,0.2950486310069763,0.003031799221916456,0.0009731637017516341,0.0006848898710674337,3.256232713383694e-05,3.634256418623801e-05,3.289824006261308e-05
997.0,0.2949094114436517,0.00331271021662936,0.0009733095460889019,0.0006844846724641519,3.25384693608851e-05,3.630282864827094e-05,3.28589848318728e-05
998.0,0.2951259797084139,0.002859854890652338,0.0009718479199447035,0.0006839848183615084,3.249967916161769e-05,3.624053697863908e-05,3.277461976422042e-05
999.0,0.2950184991588201,0.003341250426810259,0.0009735386788128858,0.0006836809924550088,3.247525775469913e-05,3.624596933305996e-05,3.273263873677942e-05
1000.0,0.2966097493316873,0.003030334398280037,0.0009715667175880035,0.0006832688789160972,3.245948743909382e-05,3.619843268982652e-05,3.261076934185982e-05
1001.0,0.2951720001249786,0.00308538084438821,0.0009711323496525809,0.0006828342089588484,3.24049059874888e-05,3.614958290752383e-05,3.254376097639375e-05
1002.0,0.2940747623313627,0.002838095794355896,0.0009636162217704038,0.0006824117848506165,3.230489506667037e-05,3.609649201201596e-05,3.248162124682155e-05
1003.0,0.2934799298150559,0.002924235311960467,0.0009654192863753473,0.000682021350330664,3.225602736103347e-05,3.604910365167129e-05,3.244364981688153e-05
1004.0,0.2936764080488666,0.002759666737277977,0.0009622996086710164,0.000681632085368697,3.216037561483415e-05,3.600640332955711e-05,3.236368807784892e-05
1005.0,0.2933502046703819,0.002995363307502482,0.0009634976785658381,0.0006812083380769806,3.211600456197661e-05,3.598443175847255e-05,3.230243327042786e-05
1006.0,0.2926965425556032,0.002734663762133604,0.0009585390615767472,0.0006808236915000839,3.203393175606459e-05,3.59498638146374e-05,3.221437414256554e-05
1007.0,0.2933161619064266,0.002746102843083608,0.0009574022749477778,0.0006804274676437039,3.198361637922454e-05,3.589929372921722e-05,3.216637184522786e-05
1008.0,0.292689559840528,0.002646508605278566,0.000955028847779804,0.0006800335855320932,3.190511565647908e-05,3.588141360565137e-05,3.208986179635188e-05
1009.0,0.2927664643517718,0.002600449626423581,0.0009533620681243294,0.0006796071908397027,3.180856287166661e-05,3.585057050427687e-05,3.202432790593158e-05
1010.0,0.2931392742651888,0.002621475259004094,0.0009517821793741539,0.0006791749708611796,3.176486699321919e-05,3.584023479814009e-05,3.196369019249879e-05
1011.0,0.2934147026381642,0.002581463318736254,0.0009507815805081323,0.0006787540756166251,3.169628729207615e-05,3.583340364463996e-05,3.195331857861851e-05
1012.0,0.2933492930622927,0.002722739153053632,0.0009532150046667034,0.000678383747830046,3.167141499332456e-05,3.579499550061345e-05,3.193535924379384e-05
1013.0,0.2945784810360124,0.002611869729737847,0.0009511436282811225,0.0006778691264889078,3.15369345616277e-05,3.573986920282333e-05,3.184896923847178e-05
1014.0,0.2942269101878193,0.002713021891081948,0.0009505177612410083,0.0006775391110773087,3.152478700613884e-05,3.579228693510202e-05,3.184079498019726e-05
1015.0,0.2960428953890133,0.002603695339520763,0.0009477994625991922,0.0006771670422737931,3.150502554471357e-05,3.576334251086049e-05,3.179104083540511e-05
1016.0,0.2937031835410808,0.002680926466724607,0.0009471711090373278,0.0006767291826815722,3.138708798634852e-05,3.566296592565301e-05,3.168878278358536e-05
1017.0,0.2926209757041724,0.002691736881993282,0.000944297916307992,0.0006763092926827373,3.127383511428415e-05,3.560691219464607e-05,3.159252820996018e-05
1018.0,0.2917456865944393,0.002585434738239507,0.0009414563675932859,0.0006759164841757623,3.118907147939859e-05,3.555947578717933e-05,3.156411635777943e-05
1019.0,0.2917431581802095,0.002782278411229492,0.0009452720654893413,0.0006754800604585389,3.108408981743717e-05,3.550579513803944e-05,3.150837109472663e-05
1020.0,0.2913566488359605,0.002620246969275319,0.0009404287119771079,0.0006750320347714246,3.099673015077032e-05,3.545378033437667e-05,3.142963717871579e-05
1021.0,0.2904429749878621,0.002651047661455947,0.0009400125924917579,0.0006745862482867239,3.088795801407386e-05,3.542438211443991e-05,3.13939378009689e-05
1022.0,0.2906024466418174,0.002463005157412542,0.0009359506210189351,0.0006741403807894603,3.081878339526737e-05,3.538223226029615e-05,3.134751002286591e-05
1023.0,0.2913508274509036,0.002597464158874723,0.0009368559340785958,0.0006736829635156372,3.076951794006361e-05,3.538846434576244e-05,3.132383189951803e-05
1024.0,0.2923931236901556,0.002525022995222201,0.0009350354168644174,0.000673195499215681,3.067559047373886e-05,3.538047380111192e-05,3.129914578245819e-05
1025.0,0.2924202531906956,0.002817160596132068,0.0009387657054702956,0.0006727356507783885,3.065831705176243e-05,3.53667056803042e-05,3.127077305689145e-05
1026.0,0.2929363267610165,0.002701063084097899,0.0009378729743950699,0.0006722762577562284,3.059519311485024e-05,3.532164348323724e-05,3.122557935089536e-05
1027.0,0.2938130685122284,0.002792587855733714,0.0009370715751278826,0.0006716424091452571,3.050759578090457e-05,3.528157095134257e-05,3.119031011669984e-05
1028.0,0.2933323616152116,0.002500482504095112,0.0009309810996827862,0.0006712730130624214,3.048174430064764e-05,3.526751566560056e-05,3.113621175057308e-05
1029.0,0.2955878441182923,0.002575256461106598,0.0009308674146503276,0.0006708020614469161,3.045391536806941e-05,3.522895624182773e-05,3.115025619983506e-05
1030.0,0.2933776451587096,0.002519512973335949,0.000930076387424288,0.0006702875395575689,3.038385777930763e-05,3.515302905080808e-05,3.108613117232956e-05
1031.0,0.292290130571206,0.002603431142679045,0.0009278458183352325,0.0006697547671251527,3.029156628917426e-05,3.507955029342713e-05,3.101568899620797e-05
1032.0,0.2920744723818256,0.00291520306742819,0.0009321892637315187,0.0006692273522812681,3.022630173416348e-05,3.505986616716886e-05,3.097356487138862e-05
1033.0,0.2923333871863039,0.003003617534209566,0.0009335754996644218,0.0006686507846971402,3.01452222102556e-05,3.502907585573027e-05,3.093195615621933e-05
1034.0,0.2919252505624474,0.003084961965357672,0.0009311493433940235,0.0006680409803026288,3.007664501871243e-05,3.498688290906591e-05,3.085620790599249e-05
1035.0,0.2926558550357897,0.003153807074172738,0.0009327371797411116,0.0006673547646627923,3.000407994100062e-05,3.494848117050377e-05,3.081921239859957e-05
1036.0,0.2928694926699713,0.002777909122515822,0.000923566384732712,0.0006666740059706015,2.99402716262938e-05,3.490473951772608e-05,3.077338864056985e-05
1037.0,0.2924257172593502,0.002831053448201059,0.0009229079933642359,0.000666027768515877,2.988505623019965e-05,3.487893847526599e-05,3.073369400990127e-05
1038.0,0.291644747282006,0.002786292926210774,0.0009210562053292602,0.0006654113642115617,2.979398063479126e-05,3.479728230504649e-05,3.068342514432325e-05
1039.0,0.2926391715310743,0.002604260785705248,0.0009161485172529344,0.0006646498523036692,2.971628455651474e-05,3.473936359409774e-05,3.063011600421108e-05
1040.0,0.2921879293026161,0.002828501854442994,0.0009167112557297728,0.0006640839262059047,2.974137184614851e-05,3.47442547898552e-05,3.05999899470821e-05
1041.0,0.2941659769779339,0.002681680037533518,0.0009136160987910578,0.0006634978525025721,2.97120222506508e-05,3.473278560661476e-05,3.059981862637395e-05
1042.0,0.2940975108651844,0.002804226707896538,0.0009150285340268375,0.000662849555844824,2.972093784821388e-05,3.468316248436326e-05,3.059338594310721e-05
1043.0,0.292225623591463,0.002644917328160982,0.0009118846078616483,0.0006621763185365398,2.963172707500939e-05,3.459532870033997e-05,3.052445503021087e-05
1044.0,0.2917600151306148,0.002856305737292889,0.0009144075986424059,0.0006615961317448079,2.957863989121478e-05,3.454729358761283e-05,3.046062769233859e-05
1045.0,0.2919525730376879,0.002745480194251525,0.0009112633853945516,0.0006609954887986203,2.954030616233658e-05,3.450233936555617e-05,3.040475783860102e-05
1046.0,0.2917795010748681,0.002927167585499066,0.0009108798597592086,0.0006603680456613922,2.948380603123217e-05,3.444957896311166e-05,3.037236662467085e-05
1047.0,0.2909003893848608,0.003027294748411631,0.0009082650006150938,0.0006597633994764563,2.940186530831446e-05,3.438972499642525e-05,3.031292246735876e-05
1048.0,0.2907235110672556,0.003244689776691545,0.0009054269906858213,0.0006591556740882027,2.9345061869202e-05,3.436466463056924e-05,3.028787331184236e-05
1049.0,0.290194849076045,0.003152724356885759,0.0009042377746082802,0.0006585740359257002,2.928184000750081e-05,3.426211037394188e-05,3.024432270134788e-05
1050.0,0.2904608907257279,0.00294081229221637,0.0008998519513443201,0.0006578770190238176,2.922878880520733e-05,3.4201072603951e-05,3.017873110920951e-05
1051.0,0.2897011063204608,0.002760287059634534,0.0008942389394343308,0.0006574338727253233,2.920187586147964e-05,3.41712013115782e-05,3.014582114760604e-05
1052.0,0.2919324181219241,0.002828930550596935,0.0008963663955482634,0.00065694509184824,2.920704792066895e-05,3.41302443047323e-05,3.019947396105841e-05
1053.0,0.2902704572233247,0.002896686240233208,0.0008956990861070588,0.0006564382322414189,2.920534235622838e-05,3.405733923002721e-05,3.018416227232118e-05
1054.0,0.2883236858038704,0.002809901832949453,0.0008914567891429589,0.0006559613389791982,2.911818448626991e-05,3.391473538447657e-05,3.010102164017693e-05
1055.0,0.2866517306755407,0.002720056312688039,0.0008912245618163625,0.0006554936149586962,2.906035396147915e-05,3.385716479018485e-05,3.000968259895527e-05
1056.0,0.285926852523418,0.002603579927689141,0.0008869347507952336,0.000655055843506916,2.900138000609887e-05,3.379694207985932e-05,2.993435510396253e-05
1057.0,0.2853634171427913,0.00239546569292436,0.000880029146992074,0.0006546081629001306,2.892635278068669e-05,3.370037066704876e-05,2.987467595823108e-05
1058.0,0.2856951393719563,0.002856753487693329,0.000885303627988273,0.0006542093006784022,2.889685640433173e-05,3.364674208795379e-05,2.984015939804152e-05
1059.0,0.2855905245131484,0.002854135261484726,0.0008800023599129536,0.0006538128009563994,2.886733995059036e-05,3.357906019197864e-05,2.978964778388127e-05
1060.0,0.2847049464209239,0.002647905112039767,0.0008777917252907629,0.0006534188252810131,2.881515176686876e-05,3.350576776522809e-05,2.974892509458653e-05
1061.0,0.2842729806910034,0.002693219726625439,0.0008781238097585641,0.0006530655033894692,2.876016253551853e-05,3.3447987877129e-05,2.972921130506973e-05
1062.0,0.2851736216649417,0.002783672532059345,0.0008759087707310163,0.0006526026114759919,2.872189761951509e-05,3.338573484944608e-05,2.969657705838802e-05
1063.0,0.2842965962052058,0.002673376934315294,0.0008723298023755491,0.0006523516276457507,2.871244513995056e-05,3.336149743144717e-05,2.967952599826088e-05
1064.0,0.285212667647998,0.002550965902576661,0.0008722318843238472,0.0006520200330792127,2.868652531564851e-05,3.330647787473652e-05,2.969913612194195e-05
1065.0,0.2840181179794166,0.002560621372124831,0.0008706106326296855,0.0006516530008284295,2.863950071646698e-05,3.320707743930858e-05,2.965838303119571e-05
1066.0,0.2826194794901625,0.002679204296681807,0.0008710403094712685,0.0006513457590060394,2.858469879633281e-05,3.313085513476063e-05,2.960580465674193e-05
1067.0,0.281543211301444,0.002483972376796355,0.0008668878744845016,0.0006510409467964476,2.853840682141911e-05,3.302603063140652e-05,2.95428530961179e-05
1068.0,0.2812728423856367,0.002626868787614093,0.0008673813976461209,0.0006507407102026225,2.848032638331405e-05,3.294500819935016e-05,2.951074647333031e-05
1069.0,0.2804405097011919,0.002581892645375513,0.0008633986015985717,0.0006504242106942752,2.840488077923565e-05,3.28548533789017e-05,2.945192293770468e-05
1070.0,0.2801294941585548,0.002457883110667261,0.0008597305640866492,0.0006500953379450341,2.83584957721887e-05,3.279118305587701e-05,2.937178833213653e-05
1071.0,0.2800958763602688,0.002423005300287343,0.0008582969928362254,0.0006497900190481637,2.83648920737488e-05,3.271631078718364e-05,2.938192670019108e-05
1072.0,0.2799444518203992,0.0023708392666862,0.0008559455626921525,0.0006494905416083114,2.83217076803561e-05,3.265699985360118e-05,2.933827834853786e-05
1073.0,0.2793218614832936,0.002867301599059254,0.0008584714990805277,0.0006491857947384069,2.825938802893552e-05,3.259499939046542e-05,2.930757627183486e-05
1074.0,0.2790469455566976,0.002806255685041346,0.0008525523265648255,0.000648872813943637,2.819726287796173e-05,3.253321962976581e-05,2.926356899980359e-05
1075.0,0.2790812463683412,0.002644311539145632,0.0008536368572982176,0.0006485644891594559,2.816733939994618e-05,3.246209681409769e-05,2.924667675468137e-05
1076.0,0.2796317683478475,0.002663302629237448,0.0008527998416698435,0.000648158907415637,2.814107163556773e-05,3.240184515670213e-05,2.922417891689794e-05
1077.0,0.2793476498488298,0.002834133748619055,0.0008516693150930313,0.0006479642602664895,2.814614187721087e-05,3.236500660465976e-05,2.92224153389463e-05
1078.0,0.2805944952508447,0.002661402853746072,0.0008488845581091258,0.0006476592650021627,2.812274650273325e-05,3.230088021699001e-05,2.920068527044536e-05
1079.0,0.2782263854274229,0.002771764759353434,0.0008481668164922978,0.0006473669505417734,2.804978704593806e-05,3.219440220039567e-05,2.912509689170896e-05
1080.0,0.2773138350574858,0.002631537125894672,0.0008439503134785361,0.0006470470748072044,2.802567176993116e-05,3.213086459422408e-05,2.908163228451626e-05
1081.0,0.2761972481962084,0.002533954624022895,0.0008422535958867183,0.0006467209668463416,2.799499699115827e-05,3.206621089742958e-05,2.904889222027851e-05
1082.0,0.2761707242131973,0.002536565185401423,0.0008445422341863773,0.0006463811754166264,2.795274921815998e-05,3.200050388511634e-05,2.90222779612428e-05
1083.0,0.2759180335184604,0.002629338285494085,0.0008439393681374972,0.0006460521602409564,2.793963945365021e-05,3.196824253730915e-05,2.898038320739107e-05
1084.0,0.2757036517540772,0.002677156117420637,0.0008451795216420373,0.0006457177368015531,2.791075715543799e-05,3.191006483730246e-05,2.893107096869431e-05
1085.0,0.2755837462690623,0.002961825665110094,0.0008455695061864943,0.000645370043255644,2.791551391801466e-05,3.183220494604601e-05,2.888231479324062e-05
1086.0,0.274926093527519,0.002865609842888831,0.0008418473746427473,0.0006450813953310473,2.787842313070209e-05,3.176945419702582e-05,2.883718632883816e-05
1087.0,0.2751584354082196,0.002705216178112045,0.0008385850760541613,0.0006447593702430535,2.785477433467507e-05,3.172093086447441e-05,2.879874016721465e-05
1088.0,0.2747448893272273,0.002603290000982644,0.0008366880258587643,0.0006444249580232683,2.782662575044221e-05,3.166241583294097e-05,2.876489508459777e-05
1089.0,0.2739983005640634,0.002539760645433035,0.0008378221327237708,0.0006441159107659573,2.778806836399801e-05,3.163472575006814e-05,2.874409059925497e-05
1090.0,0.2738164696531595,0.00256352171890424,0.0008380183824539424,0.0006438176635735604,2.776535075107663e-05,3.161500717405034e-05,2.872479481390814e-05
1091.0,0.2744375801578264,0.00239625502256212,0.0008332719761426298,0.000643417349276071,2.77273433996011e-05,3.154818310368126e-05,2.869695717102283e-05
1092.0,0.2738088054336751,0.002467402356875737,0.000834459984431264,0.000643211301956777,2.776976823522551e-05,3.15387150215259e-05,2.867919723524262e-05
1093.0,0.2755141536661019,0.002502830192712037,0.0008353835389201721,0.0006429663898827206,2.778870205759649e-05,3.150739138404156e-05,2.862755260477831e-05
1094.0,0.2748707990998479,0.002758272853216585,0.000837319274837385,0.0006426607760638271,2.779475975045462e-05,3.142292143667465e-05,2.863048218982911e-05
1095.0,0.2741346864172412,0.002632471601437408,0.0008355375701594786,0.0006424318357000592,2.77490733745502e-05,3.137749569992366e-05,2.859748313818394e-05
1096.0,0.2738460286844824,0.002603359458657915,0.0008357883275980802,0.0006421873036539057,2.772198611890278e-05,3.134316806972275e-05,2.856901221915008e-05
1097.0,0.2734667921372236,0.002584436784843092,0.0008357107046063597,0.0006419578206708428,2.771258229459278e-05,3.130163577631371e-05,2.855857056159896e-05
1098.0,0.2732390099986463,0.002523074401565741,0.0008345476965722386,0.0006417254461019454,2.76961215862709e-05,3.127814747327474e-05,2.851506992729343e-05
1099.0,0.2729157830950872,0.002416451259169473,0.0008348376569493139,0.0006414841757333748,2.76533530968119e-05,3.124259475359309e-05,2.846639851970976e-05
1100.0,0.2725448416341465,0.002434256003924416,0.0008366024571346603,0.0006412957514621129,2.769033053408708e-05,3.118690601382416e-05,2.845704396352125e-05
1101.0,0.2728727858210622,0.002479097044081022,0.0008367570520658905,0.0006410848868857331,2.766390191049808e-05,3.111897956291952e-05,2.84314325076662e-05
1102.0,0.2717647755565839,0.002547577846314917,0.0008382151972591761,0.0006408810454061869,2.764751802349545e-05,3.108080066501537e-05,2.844313864259436e-05
1103.0,0.2714715411459429,0.002435210097118113,0.0008365382554965311,0.0006406725204866393,2.764109438097529e-05,3.104078454029414e-05,2.838810098155351e-05
1104.0,0.2710184957427778,0.002436876084936686,0.0008379857557397815,0.0006404793066923856,2.761596532631087e-05,3.096879802011602e-05,2.834324203173006e-05
1105.0,0.2712558309002642,0.002476843798991334,0.0008394051957590805,0.0006402810619405987,2.759262423348292e-05,3.094134517414676e-05,2.829090005228883e-05
1106.0,0.2711592476716603,0.002426026995563031,0.0008395429410209658,0.000640086064710482,2.759698212984218e-05,3.090620703614773e-05,2.824481521817862e-05
1107.0,0.2711971378470294,0.002721654841625242,0.0008459530504162839,0.0006399056669404964,2.762175400352526e-05,3.091006252781574e-05,2.824944369190749e-05
1108.0,0.2707611668607725,0.002541405278950611,0.0008444718543350658,0.0006397140731501462,2.763096366304205e-05,3.084983941723281e-05,2.822794402385805e-05
1109.0,0.2716485157502347,0.002533806829934819,0.0008460713054351196,0.0006394076056173976,2.763337382900584e-05,3.083631989668136e-05,2.818751499833041e-05
1110.0,0.2710214647954153,0.002594171690734312,0.0008497354568799396,0.0006393986937976769,2.768616162765016e-05,3.084735012611329e-05,2.816692609351608e-05
1111.0,0.272886853614613,0.0024817342267712,0.0008489508450979674,0.000639132806510018,2.777857475265855e-05,3.087696558438299e-05,2.822565622626482e-05
1112.0,0.2684465418974289,0.002440613965811384,0.0008498167169247242,0.000638896135739172,2.7671280893043e-05,3.071486575195565e-05,2.810850574108391e-05
1113.0,0.2680338935503186,0.002772290716299775,0.0008561866800528398,0.0006387063803518913,2.76816924426569e-05,3.068803129020461e-05,2.808497755976569e-05
1114.0,0.269235655200431,0.002810609073739154,0.0008595910807668314,0.0006384834773378588,2.773325732340113e-05,3.067474981246832e-05,2.807442649582409e-05
1115.0,0.2687938965695267,0.002674137217831167,0.0008578256099322731,0.0006382522016008898,2.770632470747e-05,3.064317245611032e-05,2.797914111579159e-05
1116.0,0.26903847934365,0.002790964088323007,0.0008597925014270771,0.0006379882575404142,2.76885334930125e-05,3.06179896977201e-05,2.791738653967775e-05
1117.0,0.2695361472330579,0.002812735683226282,0.0008615044171284052,0.0006376960699050859,2.769397924086377e-05,3.059924224647452e-05,2.786912964712161e-05
1118.0,0.2694125440343801,0.002688727190203004,0.0008603165026540674,0.0006373508375567615,2.768442592187016e-05,3.057032120629396e-05,2.782718773981942e-05
1119.0,0.2678447261197975,0.002732143302452599,0.0008625783548436574,0.0006370729214849885,2.771153694439666e-05,3.050939553416279e-05,2.77876208651799e-05
1120.0,0.2678206996700104,0.002662530039858397,0.0008626865750992672,0.0006367241397641864,2.768817018422109e-05,3.043995508025867e-05,2.771477667735614e-05
1121.0,0.2683250756038191,0.002670984011293437,0.0008643867775301139,0.0006362615918094433,2.769026986526976e-05,3.045726451740353e-05,2.766758626444216e-05
1122.0,0.2678811131443931,0.002701302672432029,0.0008647212117778775,0.0006359467043930595,2.774635097037283e-05,3.047320813935397e-05,2.767648435340948e-05
1123.0,0.2683813881780897,0.002704720360092667,0.0008686829245455343,0.0006355809063783962,2.77488665275134e-05,3.044738274874952e-05,2.765216331469071e-05
1124.0,0.2672386677961729,0.002661142958253632,0.0008709300913386254,0.0006351740711602813,2.770084593470529e-05,3.037744663996171e-05,2.75607401512752e-05
1125.0,0.2662377936001358,0.002550539759216218,0.0008708032708126817,0.0006347495659263578,2.76845297468036e-05,3.033620682134446e-05,2.748738246310128e-05
1126.0,0.2662932463227518,0.002589314873180691,0.0008728331512081039,0.0006342642305635392,2.768571001530842e-05,3.029520919110531e-05,2.745117824381919e-05
1127.0,0.2663816826719914,0.002568310878621931,0.000873877920874495,0.0006338513417258628,2.771058233903305e-05,3.025001903766127e-05,2.74331216000841e-05
1128.0,0.2659683977140434,0.002494210319546385,0.0008732462736142343,0.0006333911150439109,2.767193756885056e-05,3.021136145392436e-05,2.735892171647611e-05
1129.0,0.2650006304710498,0.002467788659737718,0.0008742728608266086,0.0006328871345815953,2.762218716792606e-05,3.019542018684479e-05,2.72879026664878e-05
1130.0,0.2653047952744054,0.002436838138291692,0.0008748033938072508,0.0006323820589826676,2.763067909502776e-05,3.017976164637247e-05,2.726509194284739e-05
1131.0,0.2648935778868797,0.002582101974444064,0.0008786908407424587,0.0006318620268881969,2.763053608743582e-05,3.019674658821298e-05,2.725833874775714e-05
1132.0,0.2649449980774697,0.002563214249032795,0.0008797667834461924,0.0006313037851640155,2.756170606957836e-05,3.016986959936375e-05,2.720832693580366e-05
1133.0,0.2648481870609952,0.002556477360184866,0.0008795550341790218,0.0006306924955010336,2.752075757918797e-05,3.012700842130196e-05,2.717067096009789e-05
1134.0,0.2642635116256291,0.002646369654279208,0.0008812487853641912,0.0006301330815341741,2.752203799637965e-05,3.00808154223643e-05,2.717636095648141e-05
1135.0,0.2643036553714879,0.002561288896025212,0.0008794074430073991,0.0006295049893857613,2.744299743663182e-05,3.005422128862156e-05,2.710766713235473e-05
1136.0,0.2638040628071843,0.00261732765087936,0.0008829394559505076,0.0006288664871005782,2.741872730001703e-05,3.005721552796158e-05,2.708296582422721e-05
1137.0,0.2644814472760723,0.002605411953342265,0.0008838979313582445,0.0006281956814737867,2.738453205692885e-05,3.004526358911233e-05,2.70420467222647e-05
1138.0,0.2643286248565892,0.002766366765510846,0.0008870085168842694,0.0006275311108409668,2.737584953031186e-05,3.004034993496111e-05,2.705455722026076e-05
1139.0,0.2639326937968877,0.002638176017881264,0.0008863861197720485,0.0006268473780423748,2.731595665841554e-05,3.002825314697129e-05,2.70649153000895e-05
1140.0,0.2634494245124584,0.002676170009564218,0.0008851221018200889,0.0006260880653979932,2.724501406864457e-05,2.999247178452349e-05,2.699873506126829e-05
1141.0,0.263574499619139,0.002596757316472001,0.0008837238017767947,0.0006254094682387519,2.726197991265773e-05,2.996185651230281e-05,2.696473576583378e-05
1142.0,0.2635734462615203,0.002487305147974145,0.0008816843230881004,0.0006246869820288435,2.717940374998079e-05,2.994238681796147e-05,2.691689139134722e-05
1143.0,0.2621122681973997,0.002479612923342171,0.0008814871945808303,0.0006239540946080391,2.709542339800763e-05,2.991641212427044e-05,2.688627425493936e-05
1144.0,0.2617335188081357,0.002507090531891526,0.0008818070092182239,0.0006231795163956311,2.70284027038642e-05,2.988164094502885e-05,2.687889724802802e-05
1145.0,0.2620310839660553,0.002548448819247746,0.000881780749604601,0.0006223391614878921,2.696910153244524e-05,2.986142908924922e-05,2.684320175560975e-05
1146.0,0.2615003140662976,0.002630933972038531,0.0008828511683625682,0.0006216004359963298,2.694842514951623e-05,2.988367583180807e-05,2.687107824413242e-05
1147.0,0.2626499133496732,0.002546526901662688,0.0008810724623580238,0.0006208045735357693,2.686054903524615e-05,2.984915092841952e-05,2.681661569228349e-05
1148.0,0.2623524189218434,0.002598401327738506,0.0008819018911884748,0.000619959484537369,2.683297737871265e-05,2.983732548351558e-05,2.67610956816092e-05
1149.0,0.2622521728620865,0.002654608876090027,0.0008830915996698624,0.0006191887565249285,2.683757826050063e-05,2.981184599471625e-05,2.674257197179541e-05
1150.0,0.2622050300862289,0.002541120010672349,0.0008789445561300172,0.0006183976036329693,2.67555864455549e-05,2.980446209667545e-05,2.670680221438281e-05
1151.0,0.261479726775087,0.002523830779285165,0.0008787227637283392,0.0006175858564448985,2.663078314838451e-05,2.978587214239778e-05,2.671205917277582e-05
1152.0,0.2606283495497023,0.002446728972256627,0.0008771748717638157,0.0006167727138837709,2.65229973827306e-05,2.973936202345834e-05,2.668758586879901e-05
1153.0,0.2594260093269242,0.002529994702839553,0.0008776490666779683,0.0006159739169152425,2.645096908662278e-05,2.968570801168845e-05,2.666258389272967e-05
1154.0,0.2585868336164338,0.002501488184965162,0.0008755970036499575,0.0006151583168473732,2.634986283120065e-05,2.962510525989123e-05,2.660289956032203e-05
1155.0,0.2585196062471265,0.002480070414476116,0.0008738787341752428,0.0006143378488382489,2.62553410328271e-05,2.95948408984073e-05,2.656143158065241e-05
1156.0,0.2582450059881258,0.002603793568598179,0.000873597340166349,0.0006135456723870539,2.619857997581193e-05,2.956958208980114e-05,2.656427301669542e-05
1157.0,0.2578125128950117,0.002458041392989738,0.0008705619662819647,0.0006127146772898339,2.612118066602375e-05,2.954204487299205e-05,2.652780900150142e-05
1158.0,0.2575994519987646,0.002465362249106544,0.0008701886522168088,0.0006119585876120207,2.607824462417753e-05,2.948384578414754e-05,2.651345350795361e-05
1159.0,0.2568166703806995,0.002489858161730665,0.0008700045244363203,0.0006111896133426793,2.600216231461686e-05,2.946188344950395e-05,2.647897350309997e-05
1160.0,0.2564714135096706,0.002373724996668293,0.0008673397842214815,0.0006104204905821469,2.590690638890275e-05,2.940264029461255e-05,2.647121057674642e-05
1161.0,0.2567418576214131,0.002489112324264791,0.0008608195670379653,0.0006096944062260378,2.588510183639308e-05,2.936299341155422e-05,2.647696690447846e-05
1162.0,0.2561812021026136,0.002454134056205904,0.0008588437950351789,0.000608967285233817,2.576797761794306e-05,2.931178505911537e-05,2.644912293827752e-05
1163.0,0.2558680189782045,0.002464485639475488,0.0008598751205413478,0.0006082721226596272,2.569755553221682e-05,2.9256679862355e-05,2.643913784401796e-05
1164.0,0.2568356428404299,0.002510285970231982,0.000859042425455405,0.0006075264522790594,2.561539516945074e-05,2.922478640414721e-05,2.642135805058363e-05
1165.0,0.2560413659035585,0.002394594677426333,0.0008569631539713607,0.0006068990960941216,2.559655051040387e-05,2.91864389830075e-05,2.641515550970569e-05
1166.0,0.255986085149691,0.002409001155008661,0.0008574235839454406,0.0006062314388818564,2.554154073852912e-05,2.914244799826548e-05,2.639478146167433e-05
1167.0,0.2552253479393222,0.002478716387242198,0.0008590018438554629,0.0006055741742233807,2.547356606203985e-05,2.907445507201731e-05,2.635682379046279e-05
1168.0,0.2544570163438599,0.002404908394168824,0.000856149210757247,0.0006049824250673061,2.539598301822933e-05,2.900737325167815e-05,2.632235721461161e-05
1169.0,0.254080451269095,0.002400376090171074,0.0008546927966341656,0.0006043934978335117,2.530487150465588e-05,2.89475162694239e-05,2.630084697893073e-05
1170.0,0.2533628643707175,0.002386087828128324,0.0008539592519517218,0.000603827526082288,2.522743951141011e-05,2.888437137324491e-05,2.628003043707854e-05
1171.0,0.2533756052206002,0.002385521081300644,0.0008532202481506139,0.0006032635669927407,2.515739212242271e-05,2.882523065922481e-05,2.624844326406557e-05
1172.0,0.2531298801635549,0.00236450205681176,0.0008527581642065652,0.0006027377764611998,2.513631056859306e-05,2.877138900012356e-05,2.623760093579343e-05
1173.0,0.253345931307847,0.00238810626337822,0.0008524540615924331,0.0006022282926945641,2.509469385145961e-05,2.87294802403841e-05,2.621333077812808e-05
1174.0,0.2530760588656729,0.002360544107292852,0.0008510898994811419,0.00060174174545433,2.505848097512042e-05,2.866893556148855e-05,2.616129132489143e-05
1175.0,0.2530180707541721,0.002397102303665917,0.000852079236825219,0.0006012628685946446,2.501823702602952e-05,2.861332597343212e-05,2.613160583785651e-05
1176.0,0.2535405453856593,0.002356938275418907,0.0008501230461580485,0.0006007551901139865,2.494447054997221e-05,2.855952358449203e-05,2.610507755804493e-05
1177.0,0.2529455916421031,0.002405847325369624,0.0008506724600285246,0.0006003221568986746,2.49212525079488e-05,2.853144418282492e-05,2.610537280151837e-05
1178.0,0.2526489099085914,0.002295973941865895,0.0008475895148214469,0.0005998724347381408,2.484569696846706e-05,2.843901040482206e-05,2.604048218863109e-05
1179.0,0.2525082658551095,0.002291980839959652,0.0008398612405027508,0.0005994459446061435,2.483160856332441e-05,2.838674120177313e-05,2.601278127165395e-05
1180.0,0.2520617564516599,0.00231631360576416,0.000841339405505844,0.000599027926702904,2.480712630483465e-05,2.833631250031266e-05,2.598154357676877e-05
1181.0,0.2514556326828635,0.002415384513513101,0.0008429996724412089,0.0005986363915512979,2.475213459095247e-05,2.828459840530901e-05,2.593881686845347e-05
1182.0,0.2512305347753951,0.002501274696156972,0.000846243597407992,0.0005982557747848168,2.470904230891409e-05,2.824292813485609e-05,2.591909802040888e-05
1183.0,0.2522188547477345,0.002460600335491723,0.0008451716173521424,0.0005978292395281624,2.463535456680547e-05,2.819098714197581e-05,2.586697275068306e-05
1184.0,0.2526770037566317,0.002568097548558627,0.0008483440555327378,0.0005975454622347789,2.464260056995157e-05,2.818791438444524e-05,2.588384836882184e-05
1185.0,0.2538450007489033,0.002460780554766183,0.0008479095412610387,0.0005971904068704237,2.463538606578333e-05,2.814586371291702e-05,2.584853212817218e-05
1186.0,0.2525584081142748,0.002495255366774226,0.0008496786082237403,0.0005968802200225051,2.459074179162483e-05,2.807193347448351e-05,2.580048423263291e-05
1187.0,0.2519270045176744,0.002437641183436861,0.0008490721552650259,0.0005965480366808968,2.454065361816223e-05,2.800565641140732e-05,2.572903637146634e-05
1188.0,0.2509339216613753,0.002398920606222832,0.00084885709634772,0.0005962340958146453,2.450989829633687e-05,2.794808202231299e-05,2.567934635334709e-05
1189.0,0.2505840863880534,0.002350336163861586,0.0008490566923338539,0.0005959017446225225,2.446895021113604e-05,2.788070698070801e-05,2.5602786086386e-05
1190.0,0.2500089993480309,0.002414942763273449,0.0008512403905615558,0.0005955761834716859,2.441470844033646e-05,2.780782434861581e-05,2.553899066594061e-05
1191.0,0.2498449941383529,0.002477178967201163,0.0008538412185819929,0.0005952457403404923,2.438276463873408e-05,2.777497052118416e-05,2.551236314276899e-05
1192.0,0.2499790922447046,0.002508321887065783,0.0008554848400210749,0.0005949281590063865,2.43101354241353e-05,2.770580548244117e-05,2.547032688576612e-05
1193.0,0.2497987419627533,0.002478577158398654,0.0008567582391072,0.0005946086901551313,2.426939371732266e-05,2.764845989458028e-05,2.543347501255987e-05
1194.0,0.249549839864992,0.002372032669491534,0.0008558302601017846,0.0005942825848508276,2.421853482508605e-05,2.758626360588289e-05,2.535865487235411e-05
1195.0,0.24917279691363,0.002388781335494656,0.000857252234610192,0.0005939398266757695,2.419767850181626e-05,2.757259859192455e-05,2.531792349690876e-05
1196.0,0.2488040280534644,0.002484315944070404,0.0008613502837232837,0.0005936549292403198,2.420217064547051e-05,2.75058041887479e-05,2.529039821912544e-05
1197.0,0.2493584431773723,0.002485408896541834,0.0008643873319012154,0.0005933337564181934,2.416761900846664e-05,2.744605099209865e-05,2.521414168772581e-05
1198.0,0.2486513641120602,0.002440450770604969,0.0008655602861400117,0.0005929919443237352,2.412216359570399e-05,2.740137420608353e-05,2.516183285390256e-05
1199.0,0.2482818967959976,0.002452979260622807,0.0008680917517878051,0.0005926483869549808,2.410401133878677e-05,2.735154572990102e-05,2.511584601977379e-05
1200.0,0.2475487158911972,0.002491387877198041,0.0008706244448545682,0.0005923181811935108,2.404553809982174e-05,2.729409712569913e-05,2.504754742014135e-05
1201.0,0.2479644027228867,0.002565832102960375,0.0008736118040861758,0.0005919324580048958,2.399049806280858e-05,2.725226951685129e-05,2.499272022978793e-05
1202.0,0.2477539679672356,0.002563730777779446,0.0008757505800865179,0.0005916171102138943,2.397488886336242e-05,2.720999539517002e-05,2.495944065275095e-05
1203.0,0.2483689134519806,0.002643331969218335,0.0008799075543874077,0.0005912788536490394,2.392637290552488e-05,2.717753365333846e-05,2.493965545024012e-05
1204.0,0.2466824369175954,0.00261527985471818,0.0008827725837977032,0.0005909590364927738,2.386135252709486e-05,2.706854559486531e-05,2.48570019140384e-05
1205.0,0.2459733894776414,0.002538401253392202,0.0008834267857602023,0.000590640027685783,2.382012370790402e-05,2.701851691356484e-05,2.476281074801203e-05
1206.0,0.2450024409360286,0.002466624377743562,0.0008846439922320804,0.0005903391887619,2.380216623462487e-05,2.696651797945622e-05,2.471004223834978e-05
1207.0,0.2452456160916648,0.002519872871373321,0.0008888458057816305,0.0005900295925623378,2.377390766932905e-05,2.691778435244386e-05,2.465676932970573e-05
1208.0,0.2450371215720578,0.002608589152981369,0.0008937691215945345,0.0005897394178866026,2.37479135017303e-05,2.687117773467208e-05,2.459294445227876e-05
1209.0,0.2452298730421247,0.002576652564212004,0.0008960869716070767,0.000589460563762393,2.371905504487154e-05,2.680991318297526e-05,2.45354856833306e-05
1210.0,0.2456070392906123,0.002586254825670326,0.000899233540666146,0.0005891799942403393,2.369931962376136e-05,2.67773788485936e-05,2.45173322997015e-05
1211.0,0.2442252007113687,0.002645384474918115,0.0009032628935421767,0.0005889600207875062,2.370031327190282e-05,2.67363364154685e-05,2.449285863365894e-05
1212.0,0.2440793225297004,0.002592268928685733,0.0009048296848505527,0.0005887363217175192,2.365661826442417e-05,2.666598017689519e-05,2.441996756687191e-05
1213.0,0.2434625494773444,0.00259605541785203,0.0009077573168389796,0.0005885303574993742,2.365051992024841e-05,2.662993464309161e-05,2.435043723147461e-05
1214.0,0.2433679408158193,0.002615631222054943,0.0009110581266496941,0.0005883386489693435,2.363519918186671e-05,2.660824169690812e-05,2.429255942926937e-05
1215.0,0.2429676390720347,0.002698128899547651,0.0009154838432182847,0.0005881615477814511,2.360424930445951e-05,2.656296745909117e-05,2.424140583254631e-05
1216.0,0.2430782504962767,0.002634934414797748,0.0009170832793858692,0.0005879844008669599,2.358247605852587e-05,2.64947138308113e-05,2.416909795104284e-05
1217.0,0.2432045523435706,0.002733805311790183,0.0009219948484486744,0.0005878288947884194,2.356079088364227e-05,2.644933179979871e-05,2.413897926547574e-05
1218.0,0.242667052637691,0.002787947710450901,0.0009264484208476082,0.000587694830179616,2.354941978222083e-05,2.641216206918905e-05,2.409698969817867e-05
1219.0,0.2426460932660306,0.002741064062992475,0.0009269308965927927,0.0005875595255599757,2.352573183367045e-05,2.636321304792596e-05,2.401596423810834e-05
1220.0,0.241820930144415,0.002683378080417462,0.0009286307027660231,0.0005874246001613949,2.350116189570537e-05,2.629998948334283e-05,2.39584913738979e-05
1221.0,0.2407754415373252,0.002646975636087889,0.0009306207262440443,0.0005873034351633356,2.348945036883686e-05,2.624763027275946e-05,2.389685479536542e-05
1222.0,0.2403796892120532,0.002675974689651206,0.0009331609885751703,0.0005871767221270993,2.347616835142996e-05,2.620891541340476e-05,2.38295011395649e-05
1223.0,0.2400518458448382,0.002679303458164821,0.0009354320018844795,0.0005870551270061597,2.347185567049085e-05,2.61720807689242e-05,2.376351889963382e-05
1224.0,0.239755681960706,0.002681333677115923,0.000937915000259385,0.0005869240952327587,2.344191266489428e-05,2.612085299138841e-05,2.368972845797534e-05
1225.0,0.2399165070978013,0.00276495095932754,0.0009395698121054612,0.0005867603538485018,2.341947973361152e-05,2.608594257572483e-05,2.365468612928554e-05
1226.0,0.2394234893630538,0.002746662771624421,0.0009409982493441542,0.0005866864859641163,2.344767286537946e-05,2.605873219723967e-05,2.363962786469239e-05
1227.0,0.2395420437169868,0.00283147031835435,0.0009443666153346594,0.0005865880622194641,2.34277442808164e-05,2.602942896734032e-05,2.359317422605614e-05
1228.0,0.2388309956834886,0.002790854487132089,0.0009463461418357714,0.0005864613834152428,2.340564230341475e-05,2.596946456291161e-05,2.35129302149705e-05
1229.0,0.2373259534332252,0.002770851978307569,0.0009469512841334962,0.0005863567508402263,2.339729972968779e-05,2.592507345356327e-05,2.346095286220392e-05
1230.0,0.2368746665658325,0.002688671527243468,0.0009469790210256528,0.0005862580078780899,2.33625304512325e-05,2.586727168284396e-05,2.335423940559173e-05
1231.0,0.2360850510381994,0.00263614805156387,0.0009462497700651888,0.0005861649638600732,2.331124715113086e-05,2.58178705635745e-05,2.32852877154089e-05
1232.0,0.2356055782816887,0.002660722312402719,0.0009483309307593711,0.0005860642603707171,2.329400081777577e-05,2.577897864065357e-05,2.321947083906247e-05
1233.0,0.2349920545376182,0.002610122400069635,0.0009487892196783805,0.0005859666502446151,2.326693363639741e-05,2.573554372187519e-05,2.315364152205601e-05
1234.0,0.2348004692658057,0.002680321142689897,0.0009495537559632612,0.0005858659098242885,2.323568491072877e-05,2.569224724615885e-05,2.309210155225264e-05
1235.0,0.2336806756127308,0.002636742183799002,0.0009484038712150465,0.0005857781453290325,2.321677733388349e-05,2.56491891698673e-05,2.301307887976766e-05
1236.0,0.2335933065559458,0.002609931309443083,0.0009477744255700096,0.0005857036018691462,2.317706242443717e-05,2.559376899817521e-05,2.295125459601012e-05
1237.0,0.2326074735796164,0.002613039641794212,0.0009477175418944299,0.000585634099579829,2.315915216033385e-05,2.557097301829286e-05,2.29102872093862e-05
1238.0,0.2323741717257437,0.002621224187433274,0.0009477815164604501,0.0005855760513863268,2.316083373910351e-05,2.555656579760775e-05,2.285207325914122e-05
1239.0,0.2317802929430938,0.002643528999054658,0.0009479169975925196,0.0005855396839681192,2.315662834111888e-05,2.550264224403302e-05,2.281564533874764e-05
1240.0,0.2307863418195683,0.002633310668584705,0.0009468585748237425,0.000585504306604702,2.309482179389902e-05,2.545876340920705e-05,2.275118044474021e-05
1241.0,0.2298631828981312,0.002586470797670141,0.0009458356147705073,0.0005854747948282567,2.306326789577353e-05,2.541435093491371e-05,2.265950283258356e-05
1242.0,0.2296475493975754,0.002511000155973807,0.0009436773492125033,0.0005854512570184144,2.304459334147183e-05,2.537914914238225e-05,2.258464867411035e-05
1243.0,0.2287212526480966,0.002575865793151183,0.0009448022139462893,0.0005854636466384875,2.300591237408959e-05,2.534651750737373e-05,2.253842124079765e-05
1244.0,0.228378957284925,0.002627345760562519,0.0009450938790402407,0.0005854554375701604,2.297753404324007e-05,2.531307866913092e-05,2.248435485490735e-05
1245.0,0.2279941039637894,0.002641830993891054,0.0009455459356504946,0.0005854716088598547,2.29606184547627e-05,2.527702190433699e-05,2.241799487699351e-05
1246.0,0.2279307812770096,0.002630430321826682,0.0009445256251817476,0.0005854875803962393,2.290332091467387e-05,2.525101629281104e-05,2.237309496353912e-05
1247.0,0.2266669529925774,0.002611012438433517,0.0009413159963332625,0.0005855193432238808,2.288564768115698e-05,2.519960183175566e-05,2.231371911524291e-05
1248.0,0.226899875758326,0.002567295419513466,0.0009386127479022072,0.000585502874187386,2.287224855710728e-05,2.517112835285556e-05,2.224901377865772e-05
1249.0,0.2271503566752188,0.002570208497099059,0.0009377357997735908,0.0005855888697925084,2.291301595887636e-05,2.517567610717331e-05,2.225334157224644e-05
1250.0,0.2276174482458271,0.002634993911336201,0.0009370083521471263,0.0005856547644785211,2.288449039022881e-05,2.515966520845678e-05,2.223638744345354e-05
1251.0,0.2267337846149308,0.002625908750414534,0.0009355381329013893,0.0005857385608637118,2.283966580920216e-05,2.512845499893597e-05,2.217261200918789e-05
1252.0,0.2257335811193624,0.002617858302611917,0.0009337495799957169,0.0005858433139290725,2.280944957503523e-05,2.511147185503517e-05,2.213061371920521e-05
1253.0,0.2248350634499134,0.002550970378060377,0.000930501303558563,0.0005859565321857228,2.273628801245306e-05,2.506623977590787e-05,2.206901908040983e-05
1254.0,0.2239957241319495,0.002561212679862707,0.000928743489953391,0.0005860721738915527,2.2702642434089e-05,2.50097760392067e-05,2.201380488811644e-05
1255.0,0.2234130469953874,0.002606595162788298,0.0009263508071832217,0.0005862105445062669,2.265849884887605e-05,2.496062184111776e-05,2.195268930684432e-05
1256.0,0.2226029604377,0.002621865744470828,0.0009231329538852948,0.0005863683328981602,2.259389470068458e-05,2.492270571133973e-05,2.189973109343884e-05
1257.0,0.221951096541357,0.002572657662425795,0.0009200540933276826,0.0005865384588723599,2.255676383253398e-05,2.488376050242944e-05,2.185720874881553e-05
1258.0,0.2214609016302555,0.002515138906348848,0.0009155044152723483,0.0005867065396510461,2.249135329911585e-05,2.48603181372704e-05,2.180280698990616e-05
1259.0,0.2207919385542402,0.002539315987595149,0.000912575862635429,0.0005868926020864165,2.244903976249623e-05,2.483685780766285e-05,2.176765593716758e-05
1260.0,0.2208826539989862,0.002590921878413663,0.0009127698519035655,0.0005871100704821358,2.241093232367658e-05,2.480856708335443e-05,2.174845341295169e-05
1261.0,0.2209557097137717,0.002568323024767938,0.0009094181034361438,0.0005873033208479336,2.235825230436119e-05,2.477883189280948e-05,2.170036907051657e-05
1262.0,0.2193998817284685,0.002542531635737514,0.0009051348587621426,0.0005875298391335738,2.231479119384036e-05,2.473659225639526e-05,2.168461076592989e-05
1263.0,0.2190643971460304,0.002559596402979424,0.0009023917168685932,0.0005877691998112455,2.225011120063248e-05,2.468001134967593e-05,2.165712886998923e-05
1264.0,0.2188799476563039,0.002548327788232358,0.0008988314034638665,0.0005880056581180003,2.220487300251815e-05,2.463830638183786e-05,2.163068801619126e-05
1265.0,0.218907457279436,0.00250455454761153,0.0008945481278150455,0.0005882545902231747,2.21774689468718e-05,2.460879496972424e-05,2.159898535485571e-05
1266.0,0.2190643899168013,0.002570260669337701,0.0008922403125269154,0.0005885276777554001,2.214356389707921e-05,2.45808583392399e-05,2.157185803385551e-05
1267.0,0.2183343100318626,0.002515312291875801,0.0008880498622461492,0.0005888014858181086,2.20735456416228e-05,2.45363845095998e-05,2.154340690933918e-05
1268.0,0.2182898825052127,0.002544152471647992,0.0008847858102626898,0.0005890899475616971,2.2012301215226e-05,2.44990311359005e-05,2.150471805029717e-05
1269.0,0.2173170305236123,0.002639212087375783,0.000882458983444941,0.0005893921150020533,2.198335382237816e-05,2.445693175032664e-05,2.149456523511094e-05
1270.0,0.2174731001195854,0.002602195092082363,0.0008777396844129612,0.0005896807812851469,2.193233470240907e-05,2.44186445192042e-05,2.14735420576648e-05
1271.0,0.2170073347918355,0.002729752231417774,0.0008771108843767984,0.0005899708819294189,2.186999932373524e-05,2.437126538544502e-05,2.145279233501144e-05
1272.0,0.2170510869389624,0.002543510978908079,0.0008707361938704847,0.0005902435770746777,2.182016054111822e-05,2.43311554876659e-05,2.141010989478661e-05
1273.0,0.2163318050411396,0.002545930377596304,0.0008666056847690871,0.0005905013265549005,2.178139231621878e-05,2.428841667183306e-05,2.139131891756281e-05
1274.0,0.2171622071664731,0.002671405599853776,0.0008661572646542488,0.0005907168349689343,2.172800987929735e-05,2.426048182261508e-05,2.138395245029626e-05
1275.0,0.21642278938024,0.002544868614963589,0.0008602070092724062,0.0005909528132586339,2.168740447828525e-05,2.419499777009861e-05,2.137935846188626e-05
1276.0,0.21673107772983,0.002554522221005003,0.0008578711522986666,0.0005912015550571896,2.165901037884341e-05,2.415432891362556e-05,2.139070133746864e-05
1277.0,0.2172845319449549,0.002499704429944432,0.0008540754193414571,0.000591418500227162,2.157911336984253e-05,2.411626517200581e-05,2.139284737011848e-05
1278.0,0.2159994680686954,0.002545034370097109,0.0008525585511095175,0.0005916478853343974,2.154685241112846e-05,2.406913317836528e-05,2.137777849406703e-05
1279.0,0.2161107226373168,0.002561320133106184,0.0008484244958246658,0.0005918655129859075,2.150273848111924e-05,2.402431259108805e-05,2.136229610462121e-05
1280.0,0.2156445598432846,0.002789620128636378,0.0008468135391680094,0.000592073613275571,2.143000626001392e-05,2.396712456757416e-05,2.131905816066433e-05
1281.0,0.2149494100789121,0.002679391651801689,0.0008427016084755683,0.0005922927620916868,2.142371172586101e-05,2.39393535828488e-05,2.130379812646426e-05
1282.0,0.2152243774446287,0.002623265822418065,0.000836999820197823,0.0005924957599710284,2.136206794943714e-05,2.38744383192656e-05,2.127096861788244e-05
1283.0,0.2137927195175065,0.002516718632585522,0.0008313682382439287,0.0005927169129246198,2.131358640340405e-05,2.38066229511566e-05,2.123594526971771e-05
1284.0,0.213899547907994,0.002450359616845739,0.0008273960335189538,0.0005928977828403134,2.125329561428229e-05,2.374329585433797e-05,2.120675342995714e-05
1285.0,0.2133771967076013,0.002407167913048403,0.0008226823938488953,0.0005930588180986738,2.119574704724874e-05,2.370242219674622e-05,2.11689879857777e-05
1286.0,0.2130819817019126,0.002430929924406887,0.0008192359772386144,0.0005932620281948909,2.118754148471019e-05,2.36551903408025e-05,2.115710297611881e-05
1287.0,0.2133052706184639,0.002416719468968842,0.0008163155740726651,0.0005934448745470092,2.113292273034923e-05,2.358300274960152e-05,2.112893912963919e-05
1288.0,0.2133397988047665,0.002368210858082939,0.0008121136726688522,0.0005936155569786443,2.111066189182373e-05,2.353899786741435e-05,2.111109445836241e-05
1289.0,0.2126284827584668,0.002382781766422869,0.0008095203084525569,0.0005937924460944716,2.108428760893257e-05,2.347488921460002e-05,2.109669829160863e-05
1290.0,0.2126750498792081,0.002462053527002727,0.0008081979978039847,0.0005939578682479145,2.102375416163733e-05,2.341677124899869e-05,2.106587585441422e-05
1291.0,0.2121693992080119,0.00241838667216862,0.000804203445807974,0.0005940988437549255,2.094400958118676e-05,2.336490454440736e-05,2.100669841618817e-05
1292.0,0.2115286176538612,0.002408680144000547,0.0008007700214063073,0.0005942362494925304,2.091471401371859e-05,2.331048618906508e-05,2.097830905261529e-05
1293.0,0.2113830613477074,0.002424707297627051,0.0007996145710820026,0.000594375730819418,2.088355200200557e-05,2.324406156203886e-05,2.097573199073867e-05
1294.0,0.2112863077687506,0.002463885732598366,0.0007984288309834692,0.0005945120145187147,2.085623973613973e-05,2.31890261704132e-05,2.094347191785384e-05
1295.0,0.2116151183239782,0.002447902218770735,0.0007957737057454852,0.0005946378357909531,2.080941363687125e-05,2.314438452827547e-05,2.090464310272073e-05
1296.0,0.2117992112322582,0.002430428375866845,0.0007934381226886488,0.0005947563005989147,2.07939238384152e-05,2.310206086963863e-05,2.088850883800141e-05
1297.0,0.2112802841013917,0.002420727452617387,0.0007897104848277323,0.0005948823223693441,2.080107059887425e-05,2.306732974445045e-05,2.08515868888851e-05
1298.0,0.2121648590801611,0.002489263085986626,0.0007879844530481456,0.0005950041013808673,2.078201735630893e-05,2.302086516714786e-05,2.084064346082494e-05
1299.0,0.2115033692044977,0.002429378126457465,0.0007854364130702394,0.0005951509728689372,2.074840056343078e-05,2.296708381643051e-05,2.081194752989542e-05
1300.0,0.2119485382446003,0.002414916167075024,0.0007819649888838516,0.0005952685337981009,2.073362685702417e-05,2.291836230355956e-05,2.079076034503382e-05
1301.0,0.2121132740769612,0.002418359180038532,0.0007804005915988223,0.0005954093302658309,2.073094335381546e-05,2.287142492341626e-05,2.078537943231926e-05
1302.0,0.2122499074063502,0.002329404171784053,0.0007763367481837984,0.0005955348133281241,2.070996584013236e-05,2.282920472279045e-05,2.076812325193583e-05
1303.0,0.2113960862851507,0.002388880664105531,0.0007742920204915677,0.0005956749763060728,2.068508811468792e-05,2.276266401988153e-05,2.07618517646002e-05
1304.0,0.2112506881367625,0.002335364614344314,0.0007713349804977512,0.0005958278252269977,2.065464586152076e-05,2.273730586311786e-05,2.071971454047954e-05
1305.0,0.2109212651141867,0.002308965564351389,0.000769017585126922,0.0005959504489100104,2.061001041539398e-05,2.266629824808413e-05,2.064886490553503e-05
1306.0,0.2100555519211121,0.002251991972655132,0.0007652188462721383,0.0005960597976830981,2.059002515647299e-05,2.259775868677072e-05,2.060010465779209e-05
1307.0,0.2097448968495134,0.002306378712723955,0.0007638877143063295,0.0005961324890967247,2.057201171476115e-05,2.25344074838935e-05,2.058254181886623e-05
1308.0,0.2093016349850395,0.002331017324197573,0.0007624398565565174,0.000596305510951177,2.055019443449917e-05,2.247108799601727e-05,2.055968688840039e-05
1309.0,0.2103309716955219,0.002228965144141192,0.0007598289088020182,0.0005964295926849495,2.051647743013462e-05,2.241864271712186e-05,2.054706476489624e-05
1310.0,0.2097081966803247,0.002233534424879165,0.0007582741686103743,0.0005965530221780103,2.050152327983781e-05,2.238327148778116e-05,2.053106167765781e-05
1311.0,0.209255843280814,0.002196163837646597,0.0007556469356861387,0.0005966720747851496,2.048497126802736e-05,2.231815434552141e-05,2.049407528550593e-05
1312.0,0.209955430414871,0.002232757101726429,0.000755565600948162,0.0005968147367764452,2.051006593598056e-05,2.229132104488615e-05,2.04657459968855e-05
1313.0,0.2099341396953274,0.002215724633392778,0.0007532511740101429,0.0005969580089965732,2.047983724693611e-05,2.222764856215088e-05,2.046032684598511e-05
1314.0,0.2100337679727689,0.002219304968937567,0.0007523402024906275,0.0005971094527694335,2.044558824658831e-05,2.21720834997512e-05,2.042341974515034e-05
1315.0,0.2094099505040079,0.002229781971503505,0.0007505982458847749,0.0005972630766543989,2.04264762543128e-05,2.210849640008377e-05,2.04113633651758e-05
1316.0,0.2091151100282361,0.002247388744241955,0.0007498453636720416,0.0005974164164148259,2.042155101952185e-05,2.20454671482357e-05,2.039511198854344e-05
1317.0,0.2089818503355275,0.002218182538161586,0.0007462377969880496,0.0005975663636308985,2.038293882068182e-05,2.197624169678308e-05,2.03518236515264e-05
1318.0,0.208574402016648,0.002133094373095929,0.0007429033839180662,0.0005977457591873592,2.038678746525594e-05,2.193989568970763e-05,2.035366790088427e-05
1319.0,0.208371818818114,0.002150171392908624,0.0007399451934752433,0.000597938746443915,2.035902189823523e-05,2.189822399249984e-05,2.03182690222942e-05
1320.0,0.2083648775473382,0.002251979018089082,0.0007407921034889604,0.0005981410312997917,2.034861219102033e-05,2.185240396353469e-05,2.029890806732957e-05
1321.0,0.2075992998459067,0.002136216262562193,0.0007364168166855036,0.0005983380567256136,2.030335680124048e-05,2.178053025352672e-05,2.026954839625901e-05
1322.0,0.207982213426948,0.002127819806905404,0.0007332363411063221,0.00059854599769922,2.027260409386255e-05,2.17423884228593e-05,2.023370646876272e-05
1323.0,0.2077965398071588,0.002062610422020471,0.0007298500613615376,0.0005987552373285238,2.025769272245655e-05,2.168231564890752e-05,2.021548821704428e-05
1324.0,0.2077064347579318,0.002011710834940476,0.0007262856941894362,0.0005989787536541317,2.02505374995729e-05,2.163128043457969e-05,2.018864856188963e-05
1325.0,0.2085704644445552,0.002060470359492995,0.0007256011923916845,0.0005992164493353846,2.02311931835286e-05,2.161444725923588e-05,2.020481758272519e-05
1326.0,0.2089740521149402,0.002018155220390774,0.0007227238932405596,0.0005995080748147679,2.024742604928999e-05,2.160896133750768e-05,2.01902181709515e-05
1327.0,0.2087537751393815,0.001978401291823765,0.0007197656364875004,0.0005997777292526904,2.021520857321809e-05,2.155683657894804e-05,2.016804072768808e-05
1328.0,0.208719730891371,0.002015690574504887,0.0007181357525949865,0.0006000637576601629,2.021760729645973e-05,2.15212540620067e-05,2.016359834384166e-05
1329.0,0.2081710423231436,0.001932880403763614,0.0007141773488608266,0.0006003633351941141,2.015783773879037e-05,2.144933248264308e-05,2.011956578535676e-05
1330.0,0.2076397756309934,0.001927040272774712,0.0007116752631630872,0.0006006644953344542,2.010860736788047e-05,2.137590165682638e-05,2.008760933145786e-05
1331.0,0.2071196594555399,0.001916723717487806,0.0007090784934873139,0.0006009703728964914,2.006882264067775e-05,2.132061338818977e-05,2.004443308486477e-05
1332.0,0.2068597281123702,0.001866751828606484,0.0007055443056420819,0.0006012755550297407,2.004003300312424e-05,2.126900330118203e-05,2.002623253958938e-05
1333.0,0.2065556551061124,0.001889031459291238,0.0007028344538110583,0.0006015966209644152,2.00013740681988e-05,2.123933479881804e-05,2.001527548594756e-05
1334.0,0.2071642285781752,0.001855776365957299,0.0007000358046453849,0.000601909564144377,1.996655136188653e-05,2.11944126075814e-05,2.000452737711952e-05
1335.0,0.2070944172900804,0.001904772668055422,0.0006983981937048867,0.0006022221663734376,1.996298174202807e-05,2.117106178279082e-05,2.000989754909276e-05
1336.0,0.2069574836801125,0.001824153055615991,0.0006935081271865743,0.00060252990651374,1.992092852292416e-05,2.112638825366623e-05,1.996958081610342e-05
1337.0,0.2068524640992213,0.001928228626884083,0.0006933628587137119,0.000602866194491493,1.98968187811939e-05,2.109810721754687e-05,1.996362737380098e-05
1338.0,0.2073590625086158,0.001880419513994148,0.0006894756865871227,0.000603204519151109,1.986625438711545e-05,2.10471920483624e-05,1.995496310637687e-05
1339.0,0.2077272158434666,0.001899626234085636,0.0006864101020511579,0.0006035017429406438,1.983775286069752e-05,2.101073078033186e-05,1.993124444295472e-05
1340.0,0.2072921456739117,0.001846590005759773,0.0006833403118262297,0.000603887354667293,1.9842122033686e-05,2.098416006846856e-05,1.993937586189893e-05
1341.0,0.2082249171681183,0.001808399267745917,0.0006796320078852594,0.0006042505712805852,1.981642638278025e-05,2.096071478411922e-05,1.994993962167534e-05
1342.0,0.2079208303206066,0.001813249209969284,0.0006764186761185173,0.0006045918899321528,1.976388256050291e-05,2.093255968775558e-05,1.996068140622229e-05
1343.0,0.2069577063222968,0.001781806256181981,0.0006733132803287142,0.0006049265615902179,1.973366763464505e-05,2.087208653749402e-05,1.99459339361917e-05
1344.0,0.2069933469778766,0.001846955592819165,0.0006725564492902843,0.000605281053382067,1.972186997124639e-05,2.082076794082742e-05,1.990937350212786e-05
1345.0,0.2074471895756733,0.001837077958298925,0.000669613871001139,0.0006056369390136607,1.968205218176561e-05,2.078964342608889e-05,1.989975535384324e-05
1346.0,0.2070090580159926,0.001807413073260878,0.0006661772808695395,0.0006059825296133786,1.965499640729218e-05,2.074269399034799e-05,1.989876029717397e-05
1347.0,0.20700475166367,0.001759430010287941,0.0006622597733338346,0.0006063472111937088,1.963426609500433e-05,2.0718530835172e-05,1.98818232092472e-05
1348.0,0.2071297448001339,0.00170689776628591,0.0006586721034004535,0.000606721616281545,1.961638114200269e-05,2.067915120637318e-05,1.986652263801031e-05
1349.0,0.2076065784269047,0.001691949665923,0.000655332623467968,0.0006070673445247069,1.958446499910246e-05,2.064123272255995e-05,1.984941031207165e-05
1350.0,0.2077347778678219,0.001741347732723263,0.000653504776874381,0.0006074677575673725,1.958187597389506e-05,2.061547554468319e-05,1.988862675436795e-05
1351.0,0.207970428734019,0.001731240689386574,0.0006500230592820376,0.0006078415422680061,1.955421677278509e-05,2.056912967566508e-05,1.988077631231004e-05
1352.0,0.2075355005575354,0.001739355755407346,0.0006471098227192775,0.0006082234452931897,1.952591443314557e-05,2.054214824669302e-05,1.986131551235518e-05
1353.0,0.2072642837281468,0.001707061507252115,0.0006442892496729997,0.0006086098077312162,1.949260730442348e-05,2.051876905475029e-05,1.986619624930879e-05
1354.0,0.2074087329393556,0.001673797798994977,0.0006404488210504035,0.0006089828739010088,1.946723637934527e-05,2.046912502189062e-05,1.985390951288429e-05
1355.0,0.2074299906988382,0.001790359282668982,0.000641207155039366,0.000609376499536824,1.946531998749665e-05,2.043403939344286e-05,1.985489811515428e-05
1356.0,0.2075328683778281,0.001750288683045351,0.000636842829597259,0.0006097586176209087,1.945989646736391e-05,2.039547205676147e-05,1.98464331570628e-05
1357.0,0.2076559159478786,0.001760444457158047,0.0006348212112181089,0.000610129883536064,1.945762909376043e-05,2.038853593371469e-05,1.985794280332499e-05
1358.0,0.2078367674474451,0.001756440118857916,0.0006330053268861511,0.0006105028703437469,1.94385423292434e-05,2.035319675926303e-05,1.984546582797889e-05
1359.0,0.2078555611387377,0.001751565706961883,0.0006285987524828746,0.0006108971642929484,1.944598780072261e-05,2.033771195513595e-05,1.987722754011307e-05
1360.0,0.2075481739844427,0.001635989547162767,0.0006230743503672925,0.0006112829386795271,1.942087145175654e-05,2.029522453490721e-05,1.986780543339656e-05
1361.0,0.2073543169770705,0.001607221278239229,0.0006199298605411547,0.0006116491295702609,1.937935541452159e-05,2.026754449125466e-05,1.986757036651958e-05
1362.0,0.2071050946038434,0.001623103795070904,0.0006179776779297815,0.0006120284527948977,1.937921432142341e-05,2.025518494080166e-05,1.986752795496083e-05
1363.0,0.207107274240553,0.001622037558450881,0.0006154206555006089,0.0006124140326451212,1.937251153010903e-05,2.023504802963693e-05,1.986437086619522e-05
1364.0,0.2069511569798738,0.001618631959006678,0.0006129100593866898,0.0006127859139193595,1.936949298923843e-05,2.021847143754341e-05,1.986763090812743e-05
1365.0,0.2067292999050257,0.001605184306446918,0.0006101906274913362,0.000613183266358084,1.937043581045344e-05,2.018587327342792e-05,1.990503987890395e-05
1366.0,0.2071428945574872,0.001666416779300776,0.0006087056565590613,0.0006135592267623266,1.935157685591015e-05,2.015000101458953e-05,1.988645376616616e-05
1367.0,0.2072821662439472,0.0016483012823156,0.0006071024020077273,0.0006139371672023991,1.935432064428248e-05,2.014479818898831e-05,1.989248877061204e-05
1368.0,0.2074673115203252,0.001644436383165422,0.0006043629889123139,0.000614329484988188,1.934449328727698e-05,2.012071062144973e-05,1.991832614557826e-05
1369.0,0.2075866052103532,0.001804147394805914,0.0006058378860649885,0.000614741598102421,1.936992674542501e-05,2.011127892075451e-05,1.991933423085818e-05
1370.0,0.2073809770424451,0.001737034044328936,0.0006014793984263135,0.0006151610418416809,1.934428432593428e-05,2.008240442229072e-05,1.990906346180748e-05
1371.0,0.2080316079340096,0.001657478792820876,0.0005993422219660177,0.0006155600702275395,1.933084002378527e-05,2.006309023871589e-05,1.991335563476079e-05
1372.0,0.2081777548541144,0.001782553226044244,0.0006008140861868979,0.0006160039345680722,1.935479328699671e-05,2.00701848284363e-05,1.995286434297401e-05
1373.0,0.2088879120257212,0.001770985989689061,0.0005984670284992268,0.0006164390157545227,1.93572516132657e-05,2.004623668899484e-05,1.9981791952579e-05
1374.0,0.2081777446005007,0.001849355914489651,0.0005972646032342131,0.0006168972984502194,1.934794406347133e-05,2.0015084556946e-05,1.998814196480976e-05
1375.0,0.2081599861037656,0.001776572773667071,0.0005953649624063529,0.0006173174453919143,1.93385204785828e-05,2.000199395399416e-05,1.998791113813881e-05
1376.0,0.2077208864439572,0.001743551098747155,0.0005930781542529922,0.0006177361021067406,1.934311774521357e-05,1.997096613205855e-05,1.997890811108741e-05
1377.0,0.2077861666929478,0.001735448235907282,0.0005913284904410541,0.0006181159398448985,1.932808602209669e-05,1.994479703934998e-05,1.998527027945892e-05
1378.0,0.2081279942415087,0.00183369767278662,0.0005915387638752451,0.0006184920070276481,1.932020385102473e-05,1.992742732180702e-05,2.000642418585526e-05
1379.0,0.207902352634454,0.001785251840300153,0.000588450452052177,0.0006188648215621198,1.93343754315983e-05,1.9896949778468e-05,2.002150769801207e-05
1380.0,0.2079790389061406,0.001709813269363566,0.0005857875702508724,0.0006192162415999805,1.933165225222059e-05,1.987779569649416e-05,2.001907266752007e-05
1381.0,0.2079268100651041,0.001674224720290887,0.0005844477608587721,0.0006195556123202486,1.933330297331136e-05,1.985253166597259e-05,2.001260491540111e-05
1382.0,0.2080608103493388,0.001671146755393416,0.0005831557031433165,0.0006198926661689598,1.932419013800897e-05,1.982435593713335e-05,2.000497742247763e-05
1383.0,0.2076795176643844,0.00167527300928944,0.0005817465189168087,0.0006202327085885177,1.93239654944648e-05,1.979421844241428e-05,2.002549413389178e-05
1384.0,0.2079062625367084,0.001729008985393012,0.000580904994807144,0.0006205666789511986,1.932146201555716e-05,1.977372541415905e-05,2.002257082148757e-05
1385.0,0.2075037513795984,0.00169223978727864,0.0005788244880277809,0.0006208987023612262,1.931372820139023e-05,1.974347528880623e-05,2.00196338202725e-05
1386.0,0.2069983650163726,0.001636458422430537,0.0005764392072580658,0.0006212364591840684,1.930020981584333e-05,1.970592488506684e-05,1.999134725800893e-05
1387.0,0.2078256704806858,0.001765028877494604,0.0005776001686017816,0.0006215388521614753,1.931066430056893e-05,1.968779982108075e-05,2.000554901722016e-05
1388.0,0.2074962095822941,0.001699384820239257,0.0005753601342063577,0.0006218711951303398,1.932586877422946e-05,1.966729662497453e-05,2.003494794052017e-05
1389.0,0.2077469380511422,0.001743454180226924,0.0005745566067515455,0.0006221925598109992,1.932756874773064e-05,1.962885746508469e-05,2.003617754577317e-05
1390.0,0.2076596598416322,0.001765622958558585,0.0005743995980024948,0.0006225126801225586,1.934396354157463e-05,1.960532158086992e-05,2.002989020399894e-05
1391.0,0.2072396009563769,0.001699926172471395,0.0005707009897038446,0.0006228336305139042,1.934002160540739e-05,1.959661184975885e-05,2.002027643809774e-05
1392.0,0.207412774816768,0.001652010041369726,0.0005690313937351645,0.0006231430716542273,1.933615745223972e-05,1.957230203725925e-05,2.002123016581752e-05
1393.0,0.2071249470608255,0.001657037777367422,0.0005679394717996093,0.0006234592104632232,1.935606601194876e-05,1.954151737099741e-05,2.004378699014912e-05
1394.0,0.2070791780661569,0.001711828915993448,0.0005679743048932338,0.0006237614882852729,1.937681412701088e-05,1.950127629949107e-05,2.003222182376067e-05
1395.0,0.2067679445077865,0.001720502645801167,0.0005673735981255118,0.0006240649114986652,1.937109566801395e-05,1.947686419293197e-05,2.000970267514739e-05
1396.0,0.2065851195927241,0.001692873434002062,0.0005651682341980894,0.0006243564139990415,1.938905503784233e-05,1.944748894418887e-05,1.999406639780896e-05
1397.0,0.2069962160934913,0.002151665647552314,0.0005719473135638324,0.0006246464777148622,1.939322260329543e-05,1.94255367919005e-05,1.999234844451069e-05
1398.0,0.2068417591655966,0.001940668948584714,0.0005669826115962107,0.0006249350392441997,1.94078630858078e-05,1.940772795648499e-05,2.000387889503869e-05
1399.0,0.2068252878329329,0.001901889347239048,0.0005642210402413756,0.0006252053934063623,1.940339904685655e-05,1.937592512849183e-05,1.99886128470895e-05
1400.0,0.2075127888699831,0.001892371255477293,0.0005649833972046494,0.0006254746433229239,1.944575632785651e-05,1.936925842358438e-05,2.000930677114279e-05
1401.0,0.2072271898524581,0.001794819145835107,0.0005619984960975149,0.0006257400374578381,1.946017009291263e-05,1.934320400139573e-05,2.000210593400995e-05
1402.0,0.2074213736654505,0.00183104902764517,0.0005625110810202609,0.0006259783858627377,1.947739065984328e-05,1.93257715548059e-05,1.999212479542566e-05
1403.0,0.2072201398494811,0.001880191130179454,0.0005618295829692753,0.0006262136215840897,1.949793406829235e-05,1.930544627016242e-05,1.999145848879563e-05
1404.0,0.2069194778832576,0.001736409598259283,0.0005572120918039564,0.0006264485253424402,1.950263174089319e-05,1.928229641431373e-05,1.99645553713173e-05
1405.0,0.2066047011842943,0.001673639415769724,0.0005542202178555602,0.0006266734995181146,1.951598719531374e-05,1.926274305436377e-05,1.995864637747788e-05
1406.0,0.2066494167995061,0.001653675418679345,0.0005526155856177093,0.0006269071640604026,1.95269809844509e-05,1.924592729822485e-05,1.996935021495627e-05
1407.0,0.2069586535854283,0.001693586937549622,0.0005522810256535731,0.0006271442667323327,1.956487017295158e-05,1.924401456835054e-05,1.998899135439011e-05
1408.0,0.2067180387709737,0.001628272113699643,0.0005494821100542241,0.0006273758349600807,1.95474997814446e-05,1.921441473443973e-05,1.996963567180909e-05
1409.0,0.2067575264504901,0.00164954678468375,0.0005485481728124324,0.0006276045537720636,1.95567827773032e-05,1.920243458475151e-05,1.996177751204704e-05
1410.0,0.2072419534745839,0.001678567435163694,0.0005486878872659722,0.0006278214755027341,1.956219452273083e-05,1.918749797448748e-05,1.997273694160378e-05
1411.0,0.2067501305559241,0.001679835550272474,0.0005471607135944143,0.0006280476062737518,1.958589203709582e-05,1.917201079695966e-05,1.99750479732903e-05
1412.0,0.2069894616007208,0.001623826570707335,0.0005455748272084499,0.0006282515496588539,1.959071091119756e-05,1.915632589819251e-05,1.99402280575394e-05
1413.0,0.206937111287794,0.001677563674264395,0.0005467266547102135,0.0006284528823038417,1.95993737859479e-05,1.914108387481304e-05,1.993181883004648e-05
1414.0,0.2072770383816729,0.001661816341234042,0.000545378361493739,0.0006286260325191673,1.962649279872444e-05,1.912220210477085e-05,1.994674337317909e-05
1415.0,0.2073760423685244,0.001848354826700639,0.0005499923704458471,0.000628818881099055,1.962949784417877e-05,1.911015356865522e-05,1.993434633310069e-05
1416.0,0.2078474719075689,0.001941988249913623,0.0005525751521174639,0.000628989026668005,1.965396805583367e-05,1.910305391287828e-05,1.992295842421665e-05
1417.0,0.20764167680123,0.001914071457087473,0.0005515539260288594,0.0006291666512811849,1.966941929283642e-05,1.909733269491063e-05,1.992324720875516e-05
1418.0,0.2079861353460395,0.002108392345159616,0.0005542576543976627,0.0006293288767396648,1.968604113749361e-05,1.908899325699579e-05,1.989528762249749e-05
1419.0,0.2076871838256273,0.002049631112936005,0.0005523587065375796,0.000629495735736116,1.968742156316341e-05,1.907934120695407e-05,1.989064247912551e-05
1420.0,0.2071955549073999,0.001852502770482493,0.0005489465958225928,0.0006296596082248397,1.96852309023714e-05,1.904328999454441e-05,1.987616983804825e-05
1421.0,0.2068684245783304,0.001758140432301439,0.0005461188634465063,0.0006298206460230035,1.96569156799166e-05,1.901052488777619e-05,1.983808704342792e-05
1422.0,0.2072351140863319,0.001827835734319591,0.0005474029037158997,0.0006299773567740662,1.965232656346402e-05,1.899888048805118e-05,1.982384185891211e-05
1423.0,0.2074393341884268,0.001792425074332776,0.0005464001334586627,0.0006301293346199475,1.965330994796722e-05,1.899599999624215e-05,1.980465795752951e-05
1424.0,0.2074821161317264,0.001855886762084417,0.0005493243227773784,0.0006303090009940399,1.965729933291412e-05,1.897608074962555e-05,1.9797119706133e-05
1425.0,0.2080793648189979,0.001803363875231417,0.0005501545036798007,0.0006304644243209841,1.965573039026888e-05,1.895651373151828e-05,1.977182171190406e-05
1426.0,0.2081334468175565,0.001805819661887278,0.0005508797284666167,0.00063061870992934,1.963980338038843e-05,1.893589045833891e-05,1.974879217896899e-05
1427.0,0.208452389877409,0.001880788975082299,0.0005528757689240356,0.0006308040818147242,1.967184849001776e-05,1.893617713759351e-05,1.976634049085286e-05
1428.0,0.2077568100598246,0.001783239222548118,0.000551158752584761,0.0006309697302225671,1.964603005767984e-05,1.888858165006677e-05,1.972336410748005e-05
1429.0,0.207812700307113,0.001774310994671155,0.0005510152226976549,0.0006310897112750135,1.961597902036548e-05,1.88652713118509e-05,1.970560444984849e-05
1430.0,0.2070411307893737,0.0017792794207362,0.0005517592413796299,0.0006312328768221675,1.960388928612185e-05,1.884259581879784e-05,1.969703466386322e-05
1431.0,0.2074939722112326,0.001767321244821612,0.0005525498689843356,0.0006313499786134801,1.959366808743458e-05,1.881054984360957e-05,1.964986882279099e-05
1432.0,0.2078285848822571,0.001815345658671422,0.000553525033900999,0.0006314422798932401,1.957435211662747e-05,1.878680504939341e-05,1.962810510449941e-05
1433.0,0.2076176121751262,0.001890455616545792,0.0005563786357633244,0.0006315530718467996,1.959152193397666e-05,1.876327110084694e-05,1.964232582556182e-05
1434.0,0.2072230938996866,0.001799554565981637,0.0005559839785312545,0.0006316429437184144,1.954872665331208e-05,1.874593408808841e-05,1.961217317081585e-05
1435.0,0.2072949037059046,0.001813495695345607,0.0005558315230517383,0.0006317237101842141,1.950549724621483e-05,1.872700369824843e-05,1.9585824765133e-05
1436.0,0.2070326423293915,0.001731700832390599,0.0005555947887470868,0.0006317943558756577,1.947573302618411e-05,1.870248007316036e-05,1.955102265964794e-05
1437.0,0.2076076172934985,0.001760615085790536,0.000556751896407275,0.000631862852294862,1.946739295477473e-05,1.866888402500473e-05,1.955199413541485e-05
1438.0,0.206994451954662,0.001824198869115348,0.0005577621889587141,0.0006319953484674234,1.947031214965523e-05,1.86495335160988e-05,1.954223751674142e-05
1439.0,0.2074537137624689,0.001816230955485776,0.000559649259886958,0.0006320800999904465,1.944705630184305e-05,1.861778013886336e-05,1.952160217207885e-05
1440.0,0.2073180520521806,0.002042423880420245,0.0005655082053733724,0.0006321437855611724,1.941346357116716e-05,1.859961578307402e-05,1.951524329695654e-05
1441.0,0.2071227568024803,0.001960050790085667,0.0005676264718826494,0.0006322162576805219,1.937402635685603e-05,1.857242228464008e-05,1.950147772454889e-05
1442.0,0.2070093459279169,0.002082768253648216,0.0005675810554191072,0.0006323008455257423,1.934699705411541e-05,1.854843335878203e-05,1.949373203822123e-05
1443.0,0.206720615220848,0.001908053619609722,0.0005660988749977416,0.0006323970640713814,1.931631514884733e-05,1.851646534691378e-05,1.946681358260435e-05
1444.0,0.2067622281311307,0.001997936930046959,0.0005684363843395786,0.0006324683795491737,1.928535594090619e-05,1.849487654966346e-05,1.944324907628439e-05
1445.0,0.2068792799377376,0.001876437162374638,0.0005663781568812175,0.0006325384943871364,1.927486033263152e-05,1.848070929121149e-05,1.943486235188612e-05
1446.0,0.2073282131884666,0.001883099942721318,0.0005670980060324634,0.0006326326684683256,1.924740275733143e-05,1.845744291405302e-05,1.941237107393287e-05
1447.0,0.2078773390232528,0.001790580721177366,0.0005653977952562923,0.0006327073632663763,1.921766780249196e-05,1.844094981812759e-05,1.939392229185899e-05
1448.0,0.2071489624735941,0.001803111014407989,0.0005667390436273114,0.0006328288317149236,1.920005935323871e-05,1.841806479149656e-05,1.939364243197188e-05
1449.0,0.2075108448490454,0.001701703217094462,0.0005653473798228363,0.0006329539794522516,1.91665103740362e-05,1.83839374299262e-05,1.93553912300614e-05
1450.0,0.2074836464331466,0.001699951762361016,0.0005654481139861531,0.0006330967682335021,1.913570877512046e-05,1.836948880650674e-05,1.933704000974296e-05
1451.0,0.207625821553932,0.001789680891059584,0.0005688024661609562,0.0006332730702641298,1.913323020218537e-05,1.835094660488182e-05,1.932821966879854e-05
1452.0,0.2076536594744874,0.001742373240630901,0.000568117856573507,0.000633444322001745,1.909372419133392e-05,1.832358209684697e-05,1.929229757332816e-05
1453.0,0.2081092444116128,0.001753234631857667,0.0005690496462169138,0.000633611922991399,1.905901477961159e-05,1.831228333952733e-05,1.927145444630155e-05
1454.0,0.2079400925399488,0.001788632072068051,0.0005714788433433637,0.0006338426349074723,1.906530058356167e-05,1.828792118253514e-05,1.927939685501294e-05
1455.0,0.2086631910169967,0.001731125426938484,0.0005711102595232428,0.0006340714548546481,1.903127281558795e-05,1.825690471177871e-05,1.923496734915915e-05
1456.0,0.2083446601555984,0.001873688127807338,0.0005756850978957169,0.0006343308856767909,1.900504800499062e-05,1.82438262469735e-05,1.92215457211074e-05
1457.0,0.2076710343631823,0.001792360321753565,0.0005757641682587258,0.0006345882231398814,1.898227257158465e-05,1.821375797369263e-05,1.920015125693243e-05
1458.0,0.2078491885777496,0.001792622319445898,0.0005757104946363947,0.0006348460551719617,1.895482847849103e-05,1.818561635371192e-05,1.917554550524225e-05
1459.0,0.2078028274899293,0.001788663976079445,0.0005765196967200093,0.0006351178739419661,1.893640659846254e-05,1.816819696115955e-05,1.913410485879595e-05
1460.0,0.2079471375588411,0.001810917823647273,0.0005775287963345881,0.0006353756338057231,1.89021872615009e-05,1.814878376651672e-05,1.910207542122467e-05
1461.0,0.2075547818493478,0.001755075729389247,0.0005771786426773406,0.0006356409969335443,1.888051750508408e-05,1.812387692417447e-05,1.908539688634938e-05
1462.0,0.2070094906047668,0.001752517226772322,0.0005774104519874632,0.0006359277028627737,1.885770236156672e-05,1.809995055522688e-05,1.906424006713266e-05
1463.0,0.207545470619964,0.001743667701486318,0.0005785923944287281,0.0006361869866888174,1.881541955335395e-05,1.807255875605548e-05,1.904854262849276e-05
1464.0,0.2074738215766229,0.001746573904559998,0.0005793281732009919,0.0006364367451753851,1.878520413855122e-05,1.804585424852623e-05,1.899744335433206e-05
1465.0,0.2067452291107031,0.001767897821312503,0.0005804881043335555,0.0006366981601802991,1.876643118375173e-05,1.802733206891942e-05,1.89652183097744e-05
1466.0,0.2070486895439891,0.001755035010570713,0.0005809798560947696,0.0006369414780774795,1.873435300722677e-05,1.799465886321024e-05,1.892965532340482e-05
1467.0,0.2068422332169153,0.001738029747605929,0.000581602357030251,0.0006371979387484112,1.869241038850571e-05,1.797725963746615e-05,1.890294818418853e-05
1468.0,0.2067448553350368,0.001752099258702359,0.0005821618954283213,0.0006374283712403003,1.865099874820042e-05,1.795425836093894e-05,1.886266333982088e-05
1469.0,0.2062452546148491,0.001757406678793606,0.0005833577728075856,0.0006376395765397393,1.862018131896082e-05,1.792991767294632e-05,1.882277539549899e-05
1470.0,0.2059068043353579,0.001845145705237791,0.0005867211748152484,0.0006378770667787935,1.859855632428084e-05,1.79140595478994e-05,1.881359017236977e-05
1471.0,0.2067851687204931,0.00181392241407903,0.0005849441603958156,0.000638078241797258,1.854607717049593e-05,1.788837032392951e-05,1.878838353642313e-05
1472.0,0.2064916178321134,0.001852987656989084,0.0005874436516025316,0.0006382604828153827,1.849886048129644e-05,1.785905677819638e-05,1.873651770735554e-05
1473.0,0.2063276689685633,0.001807264206071598,0.0005864086641840429,0.0006384418568493882,1.844967164406813e-05,1.78320917638945e-05,1.870626874866507e-05
1474.0,0.206529796633821,0.001814022988644067,0.0005864491981885948,0.0006386047264526508,1.844006916761399e-05,1.78115091370797e-05,1.868017811872643e-05
1475.0,0.2066256121469391,0.001715098433492657,0.0005850940475219006,0.0006387738719543432,1.839902410218602e-05,1.779530522948694e-05,1.863898914556209e-05
1476.0,0.2060995900346408,0.001709190056190359,0.0005847381523844469,0.0006389288627709905,1.835529844326606e-05,1.777676311703924e-05,1.860790552717305e-05
1477.0,0.2055525428140924,0.00175707664279861,0.0005848695216832178,0.0006390741213491074,1.830914923487111e-05,1.774816694658327e-05,1.857721936391134e-05
1478.0,0.2054172463297273,0.001783142418755015,0.0005849663419919372,0.0006391901083923492,1.827892962874015e-05,1.770587610225728e-05,1.854665812629466e-05
1479.0,0.206029959731576,0.001762355009002836,0.0005843875834715739,0.0006393411877322106,1.82251802896024e-05,1.769664229463005e-05,1.854137403096023e-05
1480.0,0.2057573469831985,0.001762625289543509,0.000584737456702618,0.0006394741695163815,1.817676560774798e-05,1.765262025151412e-05,1.848410293962368e-05
1481.0,0.2049827813627298,0.001781234406995175,0.0005837688695713356,0.0006395690619163695,1.81427559103622e-05,1.762845467428926e-05,1.844996670819675e-05
1482.0,0.204987791037178,0.001957743003885847,0.0005869495423996562,0.0006396288255994058,1.810673674321588e-05,1.761108924874609e-05,1.840267589506698e-05
1483.0,0.2051460984802254,0.00184646006954073,0.0005854799801116772,0.0006397184564947665,1.804275758105358e-05,1.757190465175982e-05,1.837661928614234e-05
1484.0,0.2046146785025513,0.001715289800777225,0.0005817281862327202,0.0006397775593713601,1.798061314961727e-05,1.75290989959043e-05,1.830130600421763e-05
1485.0,0.20403228471785,0.00172430243048776,0.0005809745123307722,0.0006398451210021859,1.793814936259798e-05,1.750715321083362e-05,1.826041979173881e-05
1486.0,0.2029694747132201,0.001641200753418973,0.0005785959594943287,0.0006398762490541308,1.78738638902026e-05,1.746289408947158e-05,1.819616134401159e-05
1487.0,0.2022382580523349,0.001657730611980079,0.0005778847063499401,0.0006399630179781235,1.782933086958831e-05,1.743004259354674e-05,1.817539254579552e-05
1488.0,0.2026948382363387,0.001657998480880026,0.0005765924659888776,0.0006399947853674113,1.775076064020815e-05,1.738451850866254e-05,1.812779648361526e-05
1489.0,0.201811258212682,0.001626009778038023,0.0005740518724846914,0.0006400157410060221,1.767991622386507e-05,1.731157033642809e-05,1.806595040335994e-05
1490.0,0.1994293822957787,0.001681687129065911,0.0005735617389402212,0.0006400321824391991,1.761924876101586e-05,1.72542333360505e-05,1.801243078786277e-05
1491.0,0.1990612164460575,0.001653865096246119,0.0005711564665079913,0.000640052740581067,1.755036103594614e-05,1.722019640569804e-05,1.796950826427837e-05
1492.0,0.1986403662461498,0.00170150908993489,0.0005713991533978174,0.0006400452346435678,1.748786494962103e-05,1.717821598956065e-05,1.791212418799803e-05
1493.0,0.1981472196150725,0.001643586522952308,0.0005694159317055075,0.0006400165378532487,1.742343747703928e-05,1.713659293293363e-05,1.785219342730803e-05
1494.0,0.1973220630339034,0.001909169078624539,0.000572274498503399,0.0006400183256280431,1.736969319780502e-05,1.70881611792795e-05,1.780820017423307e-05
1495.0,0.1968038340606453,0.001867849700699414,0.0005688352786934637,0.0006400148682242799,1.731160800579732e-05,1.705243053861493e-05,1.776260044529787e-05
1496.0,0.1964419409796364,0.001691731905431309,0.0005635988780442777,0.0006399775251661893,1.723973401893396e-05,1.700657968195306e-05,1.770563682675199e-05
1497.0,0.1959051741912946,0.001689123710527864,0.0005615033193364983,0.0006399427587131796,1.719161028551747e-05,1.697719467209898e-05,1.767418581107821e-05
1498.0,0.1950343085679262,0.00197292190067784,0.0005661370828250273,0.0006399575659397243,1.714111860449534e-05,1.693216237562493e-05,1.764528364532307e-05
1499.0,0.1950734795968346,0.001817933614049418,0.0005643380880024974,0.0006399536131407152,1.70857000001354e-05,1.688824628660355e-05,1.758658705079707e-05
1500.0,0.194498689043341,0.002094368752740927,0.0005647863312614117,0.0006399261909379439,1.703987676681633e-05,1.68471999374835e-05,1.751986353963859e-05
1501.0,0.193956841089718,0.001773093562923962,0.0005565234808904032,0.0006399097539873601,1.698840147625228e-05,1.681011007322147e-05,1.745455549688145e-05
1502.0,0.1933183000910592,0.001882537313278842,0.000555546101736988,0.0006398923728290721,1.695796290472207e-05,1.677693578744342e-05,1.742738917518175e-05
1503.0,0.1925944380298293,0.00170157728087775,0.0005491267747476673,0.0006398569378496503,1.688572693923052e-05,1.67137425336967e-05,1.737558504312388e-05
1504.0,0.1916883185293996,0.001585647272753397,0.0005455243266675931,0.0006398432441773019,1.68395578529115e-05,1.667586380405697e-05,1.732775442874765e-05
1505.0,0.1912823957916251,0.001576333654361457,0.0005417412769259293,0.0006398177496379278,1.679125470242052e-05,1.66318430638331e-05,1.726625038424885e-05
1506.0,0.1904769551681699,0.001531315282879398,0.0005382695884759046,0.000639778182185814,1.675227857547133e-05,1.6586805304337e-05,1.719646331926991e-05
1507.0,0.189846244328311,0.001546020269083369,0.0005359241160247093,0.0006397479284304615,1.672050340237311e-05,1.653979702436356e-05,1.712658651267175e-05
1508.0,0.1894062225310713,0.001608261915876536,0.0005332920797635746,0.0006396644997249895,1.66711693963126e-05,1.650166818479523e-05,1.707531528169028e-05
1509.0,0.1890412344402508,0.001611702890749398,0.0005317299450679244,0.0006396465967751502,1.664239871720106e-05,1.648205821153125e-05,1.703018285376326e-05
1510.0,0.1889104475024614,0.001630833136133354,0.0005286579375382159,0.0006396632772458928,1.6629849785834e-05,1.647112451087064e-05,1.700098250693488e-05
1511.0,0.1884232417644652,0.001639872148229525,0.0005267243136998306,0.0006396170222908334,1.657693457346214e-05,1.640926084000046e-05,1.692370831824212e-05
1512.0,0.1869127291421238,0.001805730524216557,0.0005286602760389023,0.0006395828329531045,1.654768320222906e-05,1.636727690645393e-05,1.684640774139395e-05
1513.0,0.1867036405780172,0.00168822224317207,0.0005224122766987283,0.0006395760519367517,1.651076950328321e-05,1.634549268970813e-05,1.678373618634243e-05
1514.0,0.1855492622611444,0.001697301811410522,0.0005218293945801512,0.0006395495410749553,1.645924661397771e-05,1.629677398862417e-05,1.671417271723934e-05
1515.0,0.1850653005089278,0.001649108064798211,0.0005184024214667508,0.0006395211400489733,1.641888047467839e-05,1.625394776786421e-05,1.664696679263638e-05
1516.0,0.1842998420866448,0.001601960589919566,0.000515114245136681,0.0006395125905094464,1.638234622849187e-05,1.623083966571664e-05,1.659566569788114e-05
1517.0,0.1840367601638908,0.001624125293228467,0.0005134904189297288,0.0006394929551595597,1.634872159738498e-05,1.619144034079538e-05,1.653120335957878e-05
1518.0,0.1829272930537672,0.001527841938595197,0.0005105209935588575,0.0006394342246923493,1.631489943504119e-05,1.614478744759012e-05,1.646525498687015e-05
1519.0,0.1829460110192492,0.00149509088450409,0.0005074882089649939,0.0006393813486402538,1.628114110769652e-05,1.612812760547566e-05,1.640693753531016e-05
1520.0,0.182471922981252,0.001525955925765553,0.0005071579712096377,0.0006394215445232579,1.626860338073209e-05,1.611422048682188e-05,1.636283739853656e-05
1521.0,0.1826276580532899,0.001528281857967839,0.000505441608813155,0.0006394310622335241,1.623644699230693e-05,1.610127533666749e-05,1.629647908985579e-05
1522.0,0.1819228905524643,0.001483300783790964,0.0005022655525782518,0.0006394039950003485,1.618866934786498e-05,1.605122001307226e-05,1.624069002261561e-05
1523.0,0.1813815562631512,0.001587224080292958,0.000501524769034427,0.0006394386958748959,1.617569248761631e-05,1.60176825235903e-05,1.619602195204395e-05
1524.0,0.1808110987525143,0.00156536782132492,0.0005004715452967726,0.0006394554704382849,1.612347588442934e-05,1.599350768680832e-05,1.611968160124123e-05
1525.0,0.1808514399236962,0.001575488039457292,0.0004991644007074575,0.0006394840592952218,1.609606546086815e-05,1.598654209502489e-05,1.608599303610293e-05
1526.0,0.1798500215058618,0.001524062293469572,0.0004973282949569285,0.0006395188535645676,1.607339379820651e-05,1.596880414665811e-05,1.603750058604827e-05
1527.0,0.1794591068889761,0.001500917033264778,0.0004951523968651124,0.0006395540804333914,1.603091803005426e-05,1.594723378704615e-05,1.596772085367613e-05
1528.0,0.1789771561612998,0.001518562153688613,0.0004936865756845835,0.0006395676558865138,1.60007934727017e-05,1.592278106443076e-05,1.590781626659965e-05
1529.0,0.1786720747448879,0.001536240838929122,0.000491660266999017,0.000639688014541754,1.598195294773638e-05,1.591348664968623e-05,1.586786155192941e-05
1530.0,0.1787097128476395,0.00149226405092009,0.0004895235003148802,0.0006397590547456282,1.591890298508853e-05,1.589373464640268e-05,1.580130981488661e-05
1531.0,0.1774385234156719,0.001488682379338114,0.0004875517702678718,0.000639848119760008,1.58714443874337e-05,1.58652446951613e-05,1.576396331090303e-05
1532.0,0.176785782285633,0.001444104550232759,0.000485363268996679,0.000639918830211337,1.583463792053405e-05,1.584944447614842e-05,1.571371809185621e-05
1533.0,0.1770386016299225,0.001530538118420709,0.00048481891792576,0.0006399653807348319,1.58056614950157e-05,1.583395268072739e-05,1.56840187069299e-05
1534.0,0.1763559030542329,0.001471711620018712,0.0004827455127931472,0.0006400755704758861,1.578586323723028e-05,1.583263397067293e-05,1.564218518527324e-05
1535.0,0.1769447077844957,0.001490340489354077,0.0004805065609124252,0.0006401500783606326,1.575622395837458e-05,1.580954113589545e-05,1.557382313647118e-05
1536.0,0.1763317247316209,0.001497593316843424,0.0004796571046804168,0.0006402226395328484,1.570210319716083e-05,1.579455041274788e-05,1.552387637487213e-05
1537.0,0.1764677733669918,0.001501832367925636,0.0004775938564872586,0.0006402510457793304,1.568506023007929e-05,1.580228318551223e-05,1.550691434516548e-05
1538.0,0.1761516973400988,0.001510361937619892,0.0004751443310533601,0.0006403398618667248,1.564459112433847e-05,1.577483974309328e-05,1.546437844559973e-05
1539.0,0.1762201116440296,0.001459691027111165,0.0004724448931117468,0.0006404040143474479,1.559484281858294e-05,1.574799782765531e-05,1.539004911630558e-05
1540.0,0.1756085050380262,0.001427721299458268,0.0004693143321277559,0.0006404419940762868,1.557309769830695e-05,1.572416268854224e-05,1.535478449859117e-05
1541.0,0.1754941080830299,0.001805177617595684,0.0004734919144799147,0.0006404871810550338,1.553612003549242e-05,1.572946888916995e-05,1.531220485340517e-05
1542.0,0.1751779644879923,0.0016045138196207,0.000467618859037577,0.0006405126139308863,1.549214262458724e-05,1.568573785329989e-05,1.525286001753858e-05
1543.0,0.1749436148772768,0.001524781679545504,0.0004644188601395941,0.0006405371201288149,1.544495955069079e-05,1.56733338018765e-05,1.520880616518602e-05
1544.0,0.1749335661258913,0.00144979316064729,0.0004613462699762307,0.0006404890482356186,1.540166040403076e-05,1.563980043824372e-05,1.515938576311822e-05
1545.0,0.1751587352690211,0.0014505853203309,0.0004594475927715458,0.0006404567780058287,1.536350293512663e-05,1.564253545239463e-05,1.512903070303967e-05
1546.0,0.1754156395075403,0.001400764669055585,0.0004562376440494657,0.0006404875374314945,1.537099697707468e-05,1.565130387480116e-05,1.513579357866184e-05
1547.0,0.1758547735388683,0.001454602836769245,0.000454275211655573,0.0006404665641334388,1.531081806586244e-05,1.560929936925462e-05,1.506891387853961e-05
1548.0,0.174680425660845,0.001417974493444667,0.0004517693663298388,0.0006404376633832726,1.527098769077771e-05,1.556828439268994e-05,1.50286572021933e-05
1549.0,0.1737814257432032,0.001339320145377518,0.0004485453353330817,0.0006404512518569599,1.52098740102772e-05,1.554145624281746e-05,1.501777244241395e-05
1550.0,0.1737233807458094,0.001430250733087183,0.0004482163442221438,0.0006404405774126515,1.517518132588975e-05,1.550853319083012e-05,1.497590395102455e-05
1551.0,0.1736785863513254,0.0014358198007423,0.000446963916010716,0.000640399254548096,1.513499952030621e-05,1.548429882447677e-05,1.493681616300147e-05
1552.0,0.1735203827653134,0.001381929830796616,0.0004442423239711667,0.0006403596886593477,1.510935268345948e-05,1.545327497098138e-05,1.49223602549904e-05
1553.0,0.1734464928188451,0.001415595741610204,0.0004431741249193588,0.0006403622114554151,1.505947000108556e-05,1.54314325171078e-05,1.488265173436893e-05
1554.0,0.1737165475018533,0.001367841379716035,0.0004407468510397299,0.0006403285490409655,1.503067597905321e-05,1.541474193635204e-05,1.484183406440446e-05
1555.0,0.1736813871013756,0.001353829128175263,0.0004384400777150215,0.0006402740039760387,1.499600896386617e-05,1.537027586063684e-05,1.481028345951534e-05
1556.0,0.1735555537324042,0.00139792519162359,0.0004373853537554636,0.0006401966056838041,1.496740812267824e-05,1.534540680535301e-05,1.478562837692839e-05
1557.0,0.1736822145811633,0.001368266991648719,0.0004350278845215902,0.0006401876866964225,1.495914204401098e-05,1.533735814664005e-05,1.474915280333096e-05
1558.0,0.1743831861386099,0.001392389950970074,0.0004343766623219721,0.0006401233766929104,1.492781206647611e-05,1.530890470000798e-05,1.472357366890072e-05
1559.0,0.1741247535513437,0.001399654947961065,0.0004332757859105073,0.0006400516810975807,1.48848887196965e-05,1.527218242858514e-05,1.469517215147274e-05
1560.0,0.1736120207939455,0.001409865577470075,0.0004320698601194466,0.0006400271619365499,1.482856099744175e-05,1.524885677027564e-05,1.469702457998808e-05
1561.0,0.1735116016925037,0.001333688656730898,0.0004295241758990525,0.000639985169256418,1.478713260608387e-05,1.520555372341945e-05,1.466121206680075e-05
1562.0,0.173208765697147,0.001394134102716056,0.0004294867941235898,0.0006399179014485144,1.474626094391109e-05,1.516683433687215e-05,1.463297491560544e-05
1563.0,0.173057859991065,0.00128308298574611,0.0004260734979251275,0.0006398098379716086,1.4706041484869e-05,1.513299853433698e-05,1.458915443818055e-05
1564.0,0.1731214700504738,0.00134341082190141,0.0004263765406171198,0.0006397731772641496,1.470335991351818e-05,1.511864229869857e-05,1.458406447457357e-05
1565.0,0.1737204220223988,0.001379067379960936,0.0004257129870115406,0.0006397271603973297,1.467772220357717e-05,1.51036715215447e-05,1.457321913730235e-05
1566.0,0.1742100719165206,0.001470375865126153,0.0004263644816207182,0.0006396428368934526,1.465266025270641e-05,1.508435112622183e-05,1.45560260974738e-05
1567.0,0.1741858468990739,0.001561331659232404,0.0004270730495649145,0.0006396293958504414,1.462569625940413e-05,1.505223553886955e-05,1.454595112177519e-05
1568.0,0.1742333182019911,0.001470851115563737,0.0004235846708685759,0.0006395891762927255,1.460260819367578e-05,1.502107225024576e-05,1.452314062296848e-05
1569.0,0.1740680283043871,0.001373059997757581,0.0004221709694365814,0.0006395125863403842,1.457541317625061e-05,1.498996437790876e-05,1.448951162663034e-05
1570.0,0.1736746766817731,0.00134853647488924,0.0004211544074915126,0.0006395074220840669,1.456406799912349e-05,1.496748317419871e-05,1.44504702513058e-05
1571.0,0.1742908687496602,0.001419990316102913,0.0004201206866094161,0.0006394558918318014,1.451980300170702e-05,1.49570556448574e-05,1.443760131029655e-05
1572.0,0.1741248108413826,0.001462622302029077,0.0004216558641553301,0.0006394277640523077,1.452520927619797e-05,1.493244443602465e-05,1.444994337829995e-05
1573.0,0.1739648895742019,0.001399675023559945,0.0004194764352600255,0.0006394503978341268,1.446748089799681e-05,1.489703600608507e-05,1.441055704315797e-05
1574.0,0.1737864206476719,0.001369239994904092,0.0004186827604191447,0.0006394560703124674,1.445840511452496e-05,1.486124919615174e-05,1.441048447922308e-05
1575.0,0.1739295442988549,0.001267649576851188,0.0004169167828376059,0.0006394104769541262,1.443119099937536e-05,1.483729815886695e-05,1.437480036919615e-05
1576.0,0.1735573084510142,0.001486528776528877,0.0004201979699847927,0.0006394416161258929,1.4443826220708e-05,1.483070918451012e-05,1.436870832421223e-05
1577.0,0.174408447231811,0.001440758908509411,0.0004186706931602365,0.0006394423431416348,1.44332665459933e-05,1.481409064440512e-05,1.433855704884907e-05
1578.0,0.1746328907820024,0.00145431294688822,0.0004185949840955988,0.0006394190185240261,1.440309457791958e-05,1.479173849337238e-05,1.433090850541184e-05
1579.0,0.1742200412685269,0.001439293265872608,0.000417378812417896,0.0006394499204616513,1.437849570879256e-05,1.477182830003455e-05,1.431661824329971e-05
1580.0,0.1742199356477312,0.00134075241555865,0.0004154728793713193,0.0006394493518790402,1.437407655384099e-05,1.475049291555221e-05,1.431101842864493e-05
1581.0,0.1742271414979207,0.001515995339540053,0.0004198800970387892,0.0006394792435469097,1.436734956976974e-05,1.474211293825763e-05,1.429919789829876e-05
1582.0,0.1742773887560248,0.001384240146978395,0.0004182043522923197,0.0006395167559684354,1.433787626817883e-05,1.47164444560437e-05,1.427059107052688e-05
1583.0,0.1742169248118195,0.001492905493250373,0.0004192657644736558,0.0006395864190796938,1.433585504807501e-05,1.469644674649012e-05,1.424296534514661e-05
1584.0,0.1742570656912738,0.0013983754331529,0.0004167400823511244,0.0006396625412252827,1.428832663356912e-05,1.466247655649993e-05,1.422100001036846e-05
1585.0,0.1751028707729195,0.001347907068375769,0.0004161787559497564,0.0006397298891840939,1.428011939838804e-05,1.464166059477882e-05,1.42169351339866e-05
1586.0,0.1748669364984094,0.001384818667555298,0.0004171064777540445,0.0006398731294884009,1.427995455470053e-05,1.464802831252234e-05,1.421388210944519e-05
1587.0,0.1749683299074849,0.001464973950115725,0.0004178543862525815,0.0006400400690213764,1.427219169194478e-05,1.463730504258466e-05,1.420643088591905e-05
1588.0,0.1749481908939179,0.001469417188150422,0.000416257352848941,0.0006401947943534635,1.425281786873989e-05,1.46121940651639e-05,1.418578801646638e-05
1589.0,0.1745301314404367,0.001589751702395791,0.0004179799381053596,0.0006403434015783212,1.427494564135296e-05,1.460199510790937e-05,1.417972538199415e-05
1590.0,0.1741311893511995,0.001493088720315442,0.00041639497342878,0.0006405549322701596,1.425840796676149e-05,1.457197520006925e-05,1.416838780102869e-05
1591.0,0.174295431546044,0.00161544862283078,0.0004188495528340963,0.0006408072282447705,1.424754339424616e-05,1.455984169043592e-05,1.414026240550892e-05
1592.0,0.1739479306898161,0.001524762145379057,0.0004157046696274543,0.0006410442386276868,1.417116333358471e-05,1.452034494393593e-05,1.410197216251295e-05
1593.0,0.1735089543109451,0.001531490194131274,0.0004172453840155534,0.0006413419911209088,1.416504642599224e-05,1.451801034383057e-05,1.410539116775158e-05
1594.0,0.1737143025994146,0.001443200961356388,0.0004150150658162645,0.0006416139270384629,1.412005608032312e-05,1.448705718431011e-05,1.40927001190533e-05
1595.0,0.1730878910205637,0.001545448581475645,0.0004156210165379557,0.0006418927566964489,1.41319450104513e-05,1.446141305790243e-05,1.408770871838157e-05
1596.0,0.1729021712190792,0.001424135044606652,0.0004127292038501179,0.0006421848897873296,1.41213703069904e-05,1.443826752981313e-05,1.405939576689029e-05
1597.0,0.1730182106220391,0.001467089132783822,0.0004144331889027169,0.0006424891846739108,1.410904329118068e-05,1.440077886991599e-05,1.405041939468203e-05
1598.0,0.173061669509913,0.001437063564251857,0.0004131992752342618,0.0006427706991584737,1.408814699611719e-05,1.437977775456664e-05,1.403983598839888e-05
1599.0,0.173041258510116,0.001433963074249719,0.0004121658175789775,0.0006430679417777358,1.405044552221943e-05,1.440382603724838e-05,1.40386118990614e-05
1600.0,0.1722187981549511,0.001529245177047208,0.0004135463373884919,0.0006433800862316331,1.400171079539204e-05,1.436578348992611e-05,1.400296308748913e-05
1601.0,0.172223000806758,0.001420522532743594,0.0004097127314577198,0.0006436575440788281,1.399532230221284e-05,1.430633386873357e-05,1.398031315735821e-05
1602.0,0.1715134448886941,0.001448100367576805,0.0004096639970498874,0.0006439564703574184,1.39833446426733e-05,1.429817872321809e-05,1.398152288984093e-05
1603.0,0.1713019585097667,0.001434094920993836,0.0004088457078960874,0.0006442180818482939,1.396352172934228e-05,1.426205618661412e-05,1.396224450250923e-05
1604.0,0.1706220011951072,0.001396662811820843,0.0004070853824980487,0.0006444691786509977,1.392847773777919e-05,1.42228292512447e-05,1.394343573204098e-05
1605.0,0.1708784649566113,0.001586947351629342,0.0004101305416047992,0.0006447290737716705,1.390865007043977e-05,1.422267722959077e-05,1.392643186041157e-05
1606.0,0.1713704878900257,0.001530369871669121,0.000408051186910908,0.0006449619015036108,1.388536871059264e-05,1.418631118422795e-05,1.390872747486629e-05
1607.0,0.1711996416694338,0.001558375798879011,0.0004083584205514205,0.0006452066206741819,1.388290072322036e-05,1.417455914010883e-05,1.39169145764601e-05
1608.0,0.1713202260905075,0.001551542644404974,0.0004072124536477247,0.0006454299474800853,1.384920068684346e-05,1.413573478163173e-05,1.389412347820681e-05
1609.0,0.1713969803101202,0.001557973338359382,0.0004066198346735218,0.0006456383642967675,1.38557891972153e-05,1.411989839454561e-05,1.389823862883225e-05
1610.0,0.1710628707720962,0.001510068458436878,0.0004039501221497276,0.0006458028861337352,1.38231551046074e-05,1.410231094361091e-05,1.389917892146892e-05
1611.0,0.1702937333626198,0.001436748643556524,0.0004016753253322954,0.0006459479057312009,1.378679832379019e-05,1.408029444718884e-05,1.388152961011031e-05
1612.0,0.1699374510100099,0.001465341467040667,0.0004012429996581195,0.0006461244339751947,1.377621787731786e-05,1.404534092055344e-05,1.386242030827463e-05
1613.0,0.1702262722808384,0.001425819714212495,0.0003981551066478232,0.000646270404499628,1.375851196212938e-05,1.401189038957198e-05,1.383149414419419e-05
1614.0,0.1703162904863764,0.001447239673163174,0.0003972715404344135,0.0006463819250019562,1.372110257802799e-05,1.398746279404211e-05,1.381307512483693e-05
1615.0,0.1703635101708911,0.00160189902500012,0.0003981028606945162,0.000646518410665903,1.371923636067017e-05,1.399480519031804e-05,1.380961099665711e-05
1616.0,0.1703931282136414,0.001521226408674131,0.0003935446435517451,0.000646649115552394,1.369924043302365e-05,1.39770683629666e-05,1.381224448378753e-05
1617.0,0.170478772929524,0.001529586486030718,0.0003931390377192152,0.0006467787616018509,1.366619700191553e-05,1.393079381459484e-05,1.380751413833541e-05
1618.0,0.1700044048756417,0.001591636018599322,0.0003938345345059232,0.0006468996698078871,1.365795655350261e-05,1.392391439270372e-05,1.377766362798229e-05
1619.0,0.1706266301504971,0.001470273863165171,0.0003899972770205582,0.00064698636234172,1.36250845743866e-05,1.390325586552794e-05,1.378563992841233e-05
1620.0,0.1700818106906516,0.00141791954815285,0.0003881419556259144,0.0006471604426322783,1.360813142957829e-05,1.390142054429469e-05,1.377870064416622e-05
1621.0,0.1709134811894009,0.001390469553324057,0.0003871983338812789,0.0006472813313916852,1.359256636914073e-05,1.388899983559416e-05,1.375172970507654e-05
1622.0,0.1703720039640228,0.001403582402167904,0.0003856737085840718,0.000647407724407707,1.358154845394411e-05,1.386040686658386e-05,1.372264348973476e-05
1623.0,0.1701561054093737,0.001488420549490387,0.0003865269899894057,0.0006475420075841207,1.356269440420315e-05,1.384077732827533e-05,1.372306550343724e-05
1624.0,0.1690102669286278,0.001358194271133138,0.0003811182316443662,0.0006476470628237734,1.349765960779135e-05,1.37889126615264e-05,1.365968346574215e-05
1625.0,0.168283306170478,0.001412748899854812,0.0003817437555057575,0.0006477691866053428,1.347487207418488e-05,1.375158973223423e-05,1.363256615739128e-05
1626.0,0.1678450991663369,0.001386423550720105,0.0003788126674480055,0.0006478687997471823,1.343425875446942e-05,1.370288617719782e-05,1.358729529296948e-05
1627.0,0.1672211742674662,0.001369645750230623,0.0003762871142256254,0.0006479524141549391,1.341354450409949e-05,1.367129795052902e-05,1.356314511659972e-05
1628.0,0.1670875172400186,0.001430689464886226,0.0003759868744996748,0.0006480577360035494,1.339779249499183e-05,1.365790696710222e-05,1.355284120420334e-05
1629.0,0.1666826019764828,0.001316355337366502,0.000371968102366808,0.0006481494558766921,1.336096829312895e-05,1.362012609255934e-05,1.351746319717101e-05
1630.0,0.1670960886054485,0.001365822695621623,0.0003721494122050186,0.0006482541797386207,1.334950181035463e-05,1.358002329028671e-05,1.351941215257813e-05
1631.0,0.1664009530610102,0.001332538379775152,0.000370118789919245,0.0006483448296523702,1.332791450911952e-05,1.35580132988706e-05,1.348043515253238e-05
1632.0,0.166410470613985,0.001330925498311001,0.0003678256146536304,0.0006484425858770021,1.330777832123661e-05,1.353340886151316e-05,1.346960056584522e-05
1633.0,0.1658639443475084,0.00125073065096654,0.0003661829795409832,0.0006485527347653142,1.328031712779265e-05,1.35149795671036e-05,1.343861369398213e-05
1634.0,0.1653854687435462,0.001279621527824329,0.0003652884694093115,0.0006486710913964219,1.324746757837473e-05,1.347615032275719e-05,1.341867528881994e-05
1635.0,0.1652302928052815,0.001211841280855508,0.0003622109944379668,0.0006487487003486686,1.320786856506186e-05,1.344291534069647e-05,1.337817757458818e-05
1636.0,0.164624553293604,0.001391825528469418,0.0003656608216387594,0.000648879460191925,1.322333673545387e-05,1.341871372948248e-05,1.337542018756907e-05
1637.0,0.1657722737854146,0.001280366536198878,0.0003625833301272683,0.0006489650343362267,1.320809650872325e-05,1.341086410727584e-05,1.332851993732624e-05
1638.0,0.1650833483148145,0.001330386349862108,0.0003627073529584757,0.0006491210935183683,1.322892429527982e-05,1.343544421856454e-05,1.332991935417611e-05
1639.0,0.1648333541514629,0.001243155892879242,0.0003609927740709647,0.0006492591199771956,1.3197184908937e-05,1.339080371808017e-05,1.32876623586804e-05
1640.0,0.1641000260442831,0.001236091947881733,0.0003603104346059253,0.0006493957545730141,1.317300167746761e-05,1.333662465387157e-05,1.324357959582407e-05
1641.0,0.1637380110188557,0.001275361992908899,0.0003611948437788762,0.0006495444935865029,1.315935043364048e-05,1.330943788490795e-05,1.32230255586703e-05
1642.0,0.1636615292883773,0.001333425480904441,0.0003619552393859466,0.000649697231658767,1.314031904452748e-05,1.328079347092647e-05,1.321688354700059e-05
1643.0,0.1634600528080763,0.001301792331392763,0.000359880095789795,0.0006498244107441488,1.311234981809343e-05,1.325552600978093e-05,1.318913649788356e-05
1644.0,0.1626322118698903,0.001315486414763981,0.0003602290035341799,0.0006500318232112893,1.313595883553321e-05,1.323241168165326e-05,1.317658348399389e-05
1645.0,0.162881918099849,0.001287107610108064,0.0003589363688647217,0.000650232252852227,1.310641043578751e-05,1.319908830135955e-05,1.312525895831275e-05
1646.0,0.1624474911530978,0.001230277130565911,0.0003579276939637001,0.0006504193065149715,1.308196318206136e-05,1.317317453668482e-05,1.310638624441002e-05
1647.0,0.1619553513143529,0.001239872661005242,0.0003586498746498313,0.0006506191174148013,1.307315704913934e-05,1.316619237593677e-05,1.308541331602172e-05
1648.0,0.1616237461250359,0.001240363035181572,0.0003593526186992496,0.0006508540989262066,1.308675689808677e-05,1.316812055642639e-05,1.309286803957518e-05
1649.0,0.1607746955832418,0.001236598652105183,0.0003609509358334702,0.0006510801323074129,1.305503585728044e-05,1.312527806465521e-05,1.303422635033866e-05
1650.0,0.1602687778079933,0.001210982563938453,0.0003600069919211409,0.0006512866838204837,1.30158590132784e-05,1.310505776471598e-05,1.299160509548064e-05
1651.0,0.1607793870221532,0.001205329229823409,0.0003594912444296605,0.0006514920575460698,1.301774849179408e-05,1.310268574751561e-05,1.297907853252058e-05
1652.0,0.1611810532119733,0.001187702824578811,0.000360051771560502,0.0006517788751351635,1.305913156651806e-05,1.310552686885706e-05,1.299151892016254e-05
1653.0,0.1620394527840062,0.001201298939705736,0.0003604762526190617,0.0006520508833542989,1.306679139321165e-05,1.311052573085757e-05,1.297638712742051e-05
1654.0,0.161248806798467,0.001231241854328087,0.0003613935804972189,0.0006523250436658834,1.306154195396635e-05,1.309140333793421e-05,1.296815476427442e-05
1655.0,0.1605321831546192,0.001229204013566341,0.0003617937641233776,0.0006525787277005019,1.303122315286561e-05,1.308022583045309e-05,1.295598156520225e-05
1656.0,0.159514377125559,0.001211750886713677,0.000362893959409541,0.0006528389861001242,1.301230162064748e-05,1.307859525555761e-05,1.295102736365543e-05
1657.0,0.1590141108418504,0.001255078709368978,0.0003643146511438527,0.0006531263732535131,1.301738632217387e-05,1.307583174103898e-05,1.2950129251061e-05
1658.0,0.1587697019012397,0.001265484314354393,0.0003655149607671543,0.000653413824687607,1.300758146638931e-05,1.306208393291155e-05,1.290043572499035e-05
1659.0,0.1584654778176573,0.00123800720034427,0.0003653283189830754,0.0006536776485611986,1.298387550405441e-05,1.306708244557648e-05,1.285722060594085e-05
1660.0,0.1588021969691659,0.001258887149786221,0.0003668043157834416,0.0006539524982523261,1.297145462853079e-05,1.307478126549965e-05,1.283462388189007e-05
1661.0,0.1585519587119432,0.001244246949314228,0.0003675081660459769,0.0006542709228999906,1.296327876904155e-05,1.309173824450123e-05,1.28176800756587e-05
1662.0,0.1589495645016057,0.001231303562853777,0.0003676243041911609,0.0006545572275865444,1.295532303241764e-05,1.309376934637772e-05,1.279952126739078e-05
1663.0,0.1582894736692682,0.00128396983310021,0.000369763073945982,0.0006548858265853898,1.29644260531909e-05,1.310599360986432e-05,1.278558538593117e-05
1664.0,0.1580852157001419,0.00133464461290674,0.0003716486940672203,0.0006552157698743822,1.29796795815257e-05,1.310466514909629e-05,1.278059459114482e-05
1665.0,0.1587853078025242,0.001331528040027338,0.0003734630921045568,0.0006554615590507025,1.296131762477773e-05,1.312779479605174e-05,1.276996122390471e-05
1666.0,0.1586154491146602,0.001322021775606001,0.0003736526388164283,0.0006558106022888285,1.298504279504594e-05,1.315574959554744e-05,1.278463196786177e-05
1667.0,0.1596464617997268,0.001321908804743273,0.0003748292651647274,0.0006561349549589354,1.300050766768758e-05,1.317550794716937e-05,1.277314494440299e-05
1668.0,0.1593122749326733,0.001353135782156744,0.0003747923983434367,0.000656449126130526,1.300815179642327e-05,1.318744836873126e-05,1.27424986598294e-05
1669.0,0.1596334556856104,0.001315548173908691,0.0003740975722736816,0.0006567578838831885,1.301009480188567e-05,1.319115305404156e-05,1.272284436488809e-05
1670.0,0.1589001372777462,0.001314751690040056,0.0003746106060788672,0.0006570577288154752,1.300234330522727e-05,1.319689449778556e-05,1.26938761635311e-05
1671.0,0.1587246120861997,0.001278022589779023,0.0003739566810822387,0.0006573728610994277,1.299507167853169e-05,1.320233421339987e-05,1.267568086970383e-05
1672.0,0.1590706100110395,0.00126924465625572,0.0003742729380649847,0.000657649369884412,1.298071842370858e-05,1.321281487013762e-05,1.265142255773747e-05
1673.0,0.1587623664409859,0.001341907504208561,0.0003746457831319952,0.0006579724888252977,1.299895339751565e-05,1.323436318514852e-05,1.264201595625066e-05
1674.0,0.1590672166795499,0.001315863495280709,0.0003741954213657408,0.0006582557405105731,1.299527823550465e-05,1.324833360831641e-05,1.263442593303081e-05
1675.0,0.1592104887621709,0.001522281602812882,0.0003786040150544872,0.0006585337390766225,1.301199130438146e-05,1.327156144919281e-05,1.262734967132857e-05
1676.0,0.1588682745282884,0.001351534027631472,0.0003767523185134206,0.0006588283198386414,1.299890377429344e-05,1.327331893220804e-05,1.260449280657195e-05
1677.0,0.159559946580398,0.001331128255094349,0.0003769789320772065,0.0006590919643037204,1.300103212725793e-05,1.328158297941512e-05,1.261623118978361e-05
1678.0,0.1591583334872236,0.001263283409894767,0.0003770306644743705,0.0006593976613683999,1.29907957452656e-05,1.32876641824864e-05,1.262647495859623e-05
1679.0,0.1596574679705869,0.001255071080634345,0.0003770733142497775,0.0006596874236776582,1.300159508383585e-05,1.329654034111797e-05,1.260519490401469e-05
1680.0,0.1596877875681772,0.001197181643019872,0.0003760961857341023,0.0006599691327920104,1.302209595851871e-05,1.328831247947074e-05,1.25682533706499e-05
1681.0,0.159955653573265,0.001221802620647343,0.0003767553072938893,0.000660241318488428,1.301244345458529e-05,1.328164085376493e-05,1.256718352544709e-05
1682.0,0.1598304363063483,0.001215032701741897,0.0003769388410525701,0.0006605082732688936,1.29981392317839e-05,1.329926078360863e-05,1.2556237734238e-05
1683.0,0.1603391731604974,0.001266788885049055,0.0003789829451503478,0.0006607697235151351,1.300220355849541e-05,1.331045846822359e-05,1.256807861419483e-05
1684.0,0.1602321312354312,0.001268698107483383,0.0003799819363288675,0.0006610258979857756,1.302218562072729e-05,1.330927700805659e-05,1.257125165522497e-05
1685.0,0.1605825247058514,0.001342956342363191,0.0003812876469416917,0.0006612763638464628,1.301161531803342e-05,1.329934311823403e-05,1.257641357219205e-05
1686.0,0.1605120304673545,0.001275859852623727,0.0003807397053746285,0.0006614986793850032,1.29860745871962e-05,1.330617386385104e-05,1.255617438687423e-05
1687.0,0.1604826676052377,0.001306676222182519,0.0003820340043431556,0.0006617147419172764,1.299268038099726e-05,1.330202954940616e-05,1.255577152693153e-05
1688.0,0.1610292986442358,0.001283079397091249,0.0003827788016445511,0.000661889431250552,1.300335070756591e-05,1.329580096983103e-05,1.25487552933327e-05
1689.0,0.1607584677531793,0.001247130682719074,0.0003827044058857412,0.0006620914804735375,1.300658797616489e-05,1.329111599532999e-05,1.256688610999879e-05
1690.0,0.1617241496774458,0.001238924124068826,0.0003830204174640791,0.0006622278549328612,1.300246855373411e-05,1.329154324808803e-05,1.256828180600774e-05
1691.0,0.1609879240434659,0.001332419929923964,0.0003849845267764895,0.0006623985292221747,1.300969819422884e-05,1.32905988185786e-05,1.257583845943534e-05
1692.0,0.161043727910751,0.001277541738898828,0.0003838406461984892,0.000662533031714516,1.297605827179462e-05,1.327527126921212e-05,1.255229430800297e-05
1693.0,0.1611142952676598,0.001282405230475605,0.0003847305968665363,0.0006626652748781126,1.296996059106173e-05,1.326940314673212e-05,1.255908250957864e-05
1694.0,0.1611022970909222,0.001220874698311862,0.0003847590441662058,0.0006627993289465543,1.295881957672676e-05,1.327734009917003e-05,1.256025271577348e-05
1695.0,0.1606456950129126,0.001232645233655764,0.0003847283678233705,0.0006629206520825294,1.295523084557885e-05,1.325223582734944e-05,1.256293830847868e-05
1696.0,0.1605904314277366,0.001225582352179827,0.0003854590652611016,0.0006630193129111171,1.293732123350631e-05,1.32422377729484e-05,1.255232980605351e-05
1697.0,0.1611329171717695,0.001255095239680524,0.0003861386307763831,0.0006630863920332881,1.293527204846685e-05,1.324329316652729e-05,1.256136029334896e-05
1698.0,0.1608561321403363,0.00121362766577822,0.0003856327028165671,0.0006631767663631367,1.294455440484301e-05,1.32353329012517e-05,1.257451346145885e-05
1699.0,0.161598231316696,0.001243044190134612,0.0003868729379091543,0.0006632313300989975,1.293297432740437e-05,1.323316421138653e-05,1.257714248041331e-05
1700.0,0.1610561855811591,0.001269665535318957,0.0003875644205965704,0.0006633206091345088,1.29313615837888e-05,1.324063815546225e-05,1.25910252074802e-05
1701.0,0.1614737476123194,0.001261339263159884,0.0003877129670745249,0.0006633946978503705,1.291343959736529e-05,1.323603066135057e-05,1.260898458978374e-05
1702.0,0.1613638216457342,0.001233978405957816,0.0003882250500048054,0.000663460598398033,1.290147598286287e-05,1.322315998376967e-05,1.259200097960399e-05
1703.0,0.1608869497337443,0.001281021874697913,0.0003890641895298303,0.0006635580195170067,1.287789140412411e-05,1.320843881654614e-05,1.260666556819868e-05
1704.0,0.1610638968558639,0.001213502259002482,0.000388113670363381,0.0006636442898244839,1.285509952103309e-05,1.32035239838107e-05,1.260118458818041e-05
1705.0,0.1610137442202448,0.001307253664419673,0.0003904857274037776,0.0006637374846032088,1.28454044876388e-05,1.320144614999218e-05,1.262265251663369e-05
1706.0,0.1606708340032269,0.001275622233713812,0.000389824366191329,0.0006638239526545099,1.282510639583914e-05,1.319599814276091e-05,1.262405134433342e-05
1707.0,0.161115770280794,0.00124006519271322,0.0003896217451094554,0.0006638844139433798,1.281398263633711e-05,1.318084883147549e-05,1.263607639138002e-05
1708.0,0.1612175795763808,0.001282187505373829,0.0003912431957160069,0.0006640056639659064,1.281563555718038e-05,1.318685816155064e-05,1.265435890504818e-05
1709.0,0.1614780539507349,0.001322947801707906,0.0003923763230152609,0.0006641543877267437,1.27853046724886e-05,1.318087501751961e-05,1.268013596193468e-05
1710.0,0.1617250884307815,0.001305540587999154,0.0003925739505040368,0.0006642998653780515,1.27596106689657e-05,1.315461410863849e-05,1.268395452107702e-05
1711.0,0.1612623655891938,0.001318272422263973,0.0003933232332727889,0.0006644581107822983,1.272413543327097e-05,1.314143187770258e-05,1.268389486918095e-05
1712.0,0.1608597752191683,0.00137457173942595,0.0003936094443336369,0.000664628516219703,1.269930292317854e-05,1.312611931552589e-05,1.269612497192543e-05
1713.0,0.1608290109570316,0.001398897066164357,0.0003937579195405775,0.0006648389703884809,1.2674906277388e-05,1.30972712198942e-05,1.269683993932568e-05
1714.0,0.1603003167725427,0.001388410703199565,0.0003935695560844536,0.0006650497343378966,1.26296486268806e-05,1.307275558223707e-05,1.269813263304094e-05
1715.0,0.1606331543367041,0.00139166667238357,0.000392935483492817,0.0006652532674115519,1.258726910781337e-05,1.306228583948985e-05,1.270641464590423e-05
1716.0,0.1599841311601505,0.001361421516076679,0.0003924674316533741,0.0006655111221985188,1.258506492677558e-05,1.305748557207561e-05,1.273092026497247e-05
1717.0,0.1603674613612726,0.001493577579641664,0.0003956273284916538,0.0006657439853892042,1.25516258222177e-05,1.303774495911342e-05,1.273124387431036e-05
1718.0,0.1600223775005754,0.001498296660792753,0.0003972377305963944,0.0006659776839184771,1.251916654900229e-05,1.301354344403234e-05,1.273452433733762e-05
1719.0,0.1606442491388379,0.001536182771931435,0.0003976600099442929,0.000666210070995055,1.249686601782868e-05,1.302091981471086e-05,1.273247934617422e-05
1720.0,0.1595674442404492,0.001486086540995105,0.0003960287180468359,0.0006664977576897415,1.247673642222763e-05,1.299910574059303e-05,1.274514213100645e-05
1721.0,0.1594417618125084,0.001398525336527461,0.0003928208407286853,0.0006667701214071053,1.243437027819324e-05,1.297893483074586e-05,1.273331752401887e-05
1722.0,0.1584639493234734,0.001382543121222889,0.000392152456611461,0.0006670312262307836,1.240294824235791e-05,1.295250905152428e-05,1.272208638465201e-05
1723.0,0.1584938468221925,0.001356141148462004,0.0003909485327205883,0.000667277736579226,1.236104511765883e-05,1.293131339574869e-05,1.272325684393108e-05
1724.0,0.1583079551852431,0.001481355429940864,0.0003931802900339719,0.0006675653266837065,1.234458795335303e-05,1.291992890410071e-05,1.273569667059604e-05
1725.0,0.1584213037065478,0.001687493029036209,0.0003976146122086477,0.0006678469042577187,1.231768894522471e-05,1.288938943575025e-05,1.271406664598618e-05
1726.0,0.1583260327729018,0.001644424437222421,0.0003970709081134391,0.0006681143441646691,1.227989110037286e-05,1.287295697224223e-05,1.270757613578833e-05
1727.0,0.15801805659531,0.001511838933532105,0.0003935749373022292,0.0006683683467967877,1.22455568017548e-05,1.285331738432316e-05,1.269530366696897e-05
1728.0,0.1578594775424461,0.001424031614724374,0.0003904519140367114,0.0006686221728247398,1.222456023986618e-05,1.28579599414959e-05,1.270605519044172e-05
1729.0,0.1578227834174885,0.001514324075108392,0.0003910182927159337,0.0006688657354232529,1.221026419011416e-05,1.284994169832244e-05,1.270412778221734e-05
1730.0,0.1575956684302747,0.001488278186342589,0.0003900769474387545,0.0006691147311673801,1.218767002915296e-05,1.284079419282222e-05,1.269149655334997e-05
1731.0,0.1575836423357602,0.001345385585981,0.0003865837525219602,0.0006693333753917576,1.215447683362936e-05,1.281861905952216e-05,1.266612695546685e-05
1732.0,0.1576225132574905,0.001441433219927668,0.0003884934349998726,0.000669589459606814,1.214571631614213e-05,1.281405245329382e-05,1.26662007776846e-05
1733.0,0.1572731714778602,0.001347732169382154,0.0003869093342869621,0.0006698128618153069,1.21265181553214e-05,1.279684257881222e-05,1.265260722770964e-05
1734.0,0.1568374996043003,0.001429291605367917,0.0003868718572279948,0.0006700266018130979,1.210236364615608e-05,1.278817736863078e-05,1.263779290671e-05
1735.0,0.1569784128279983,0.001397934867386654,0.000385274703102252,0.0006702302698380476,1.208341443959343e-05,1.278160698150456e-05,1.262102481042692e-05
1736.0,0.1572517570500926,0.001376368236916542,0.00038372477933609,0.000670396965994035,1.2060445696424e-05,1.27793235037237e-05,1.260163517766252e-05
1737.0,0.1576117403485366,0.00150109533283877,0.0003875080763102852,0.0006705581588292658,1.20599589449823e-05,1.27914192304321e-05,1.25994699592644e-05
1738.0,0.1584472371230905,0.001368323488377179,0.0003848621421111954,0.0006706822736757244,1.205652368201406e-05,1.278097642245949e-05,1.258218570106874e-05
1739.0,0.1580854772574296,0.00146011332073455,0.0003843248567484023,0.0006708067406995427,1.203589962275577e-05,1.277523475183797e-05,1.257817112073335e-05
1740.0,0.1585794796497277,0.001436699070979101,0.0003824000314475007,0.0006709463015170987,1.201856960885671e-05,1.278137386456993e-05,1.256602847812363e-05
1741.0,0.158866276012422,0.001361712866470705,0.0003801311673667358,0.0006710542599260817,1.201692475064887e-05,1.277431034413597e-05,1.25314215174261e-05
1742.0,0.1582261859628224,0.001368447627914716,0.0003789753401659407,0.000671134771988802,1.20163134050099e-05,1.277152435252509e-05,1.252239192380917e-05
1743.0,0.1580913616911218,0.001367137637829605,0.0003777609013911945,0.0006712012968558661,1.199520597396549e-05,1.276835044359387e-05,1.251373805385938e-05
1744.0,0.1573761101492105,0.001321122174379767,0.000377113864097918,0.000671285045755161,1.197824081724407e-05,1.275416060050451e-05,1.246388927071487e-05
1745.0,0.1582010423460959,0.001324292529530111,0.0003765330033960515,0.0006713282353919253,1.196881970854269e-05,1.274998877123051e-05,1.242859250005135e-05
1746.0,0.1580477082078677,0.001389928797783281,0.0003763916517071449,0.0006713745546074988,1.197822995196693e-05,1.275592421344713e-05,1.243077136955429e-05
1747.0,0.1578752648170447,0.001377754266570904,0.0003757527932428855,0.0006714183697140798,1.195492551898707e-05,1.274236274354238e-05,1.240169034492938e-05
1748.0,0.1579768749724894,0.00131843400031655,0.00037479302241344,0.0006714644027487652,1.193740674058874e-05,1.273542318884541e-05,1.236250544717212e-05
1749.0,0.1588041360880632,0.001382943130855108,0.0003757446530256605,0.0006714875410473785,1.194446081710187e-05,1.275174803442865e-05,1.235108965418304e-05
1750.0,0.1585471233747587,0.001377675855456224,0.0003751688819172881,0.0006715271871507778,1.195464533291824e-05,1.274475940224975e-05,1.234556936604358e-05
1751.0,0.1589274464015937,0.001278412382932836,0.0003729395118635904,0.0006715397435683462,1.191165315638286e-05,1.273928709915369e-05,1.231140109381934e-05
1752.0,0.1584148598341707,0.001320380226342032,0.0003734872696975195,0.000671587532541051,1.190964555456018e-05,1.273845588222215e-05,1.229270653488008e-05
1753.0,0.1582495106729065,0.001283388487073907,0.00037193551388735,0.0006716207581393424,1.191073508994778e-05,1.272088135779504e-05,1.223705670319829e-05
1754.0,0.1584036524286306,0.001243413215442311,0.0003712010011766547,0.0006716189462607431,1.191711055950866e-05,1.272145529352608e-05,1.220603688398079e-05
1755.0,0.157961781827375,0.001301972278011039,0.0003718673305580172,0.0006716693794888687,1.191111447761465e-05,1.27218274243096e-05,1.220677276913335e-05
1756.0,0.1580261707068275,0.001288993488973595,0.0003722528267578418,0.0006716839953719,1.191940844658723e-05,1.271907613857454e-05,1.217968671485243e-05
1757.0,0.157922321684915,0.001223881130809222,0.0003709157865034311,0.0006717097259507866,1.190201712607865e-05,1.271240411080362e-05,1.214556077030074e-05
1758.0,0.1581936619587724,0.00131530608003792,0.0003731075094886906,0.0006717522746069089,1.19017028934281e-05,1.269743675945918e-05,1.210885228842521e-05
1759.0,0.1583453774129706,0.001325775730892294,0.0003730033326613125,0.0006717952196398421,1.190759201635145e-05,1.268654156596971e-05,1.208902317472948e-05
1760.0,0.1583108461764621,0.001284684350214857,0.000372491137941932,0.0006718573298515329,1.190320457847368e-05,1.267934991298323e-05,1.206642963012738e-05
1761.0,0.1588188066967374,0.0012862228590704,0.0003725533669775329,0.0006718594535743974,1.191530858748546e-05,1.267900821509772e-05,1.203426269179398e-05
1762.0,0.158394440697847,0.00131871484202447,0.0003736009801786175,0.0006719368101898782,1.191492889509363e-05,1.267915411367747e-05,1.202794870312246e-05
1763.0,0.1589065752507732,0.001282334402375618,0.0003724965939840031,0.0006719997216294467,1.19079553438042e-05,1.266859048345287e-05,1.199068080433712e-05
1764.0,0.1590046460715212,0.001299060166475354,0.0003736839756095145,0.0006720834362175394,1.190499335356869e-05,1.26575382752382e-05,1.196823557542135e-05
1765.0,0.1591932190126955,0.00123831290187846,0.0003735851248770626,0.0006721547458952618,1.191216446870063e-05,1.266522477386368e-05,1.19555699918471e-05
1766.0,0.1593035083045546,0.001309945810532458,0.0003757828624311604,0.0006722536242103149,1.19153789239518e-05,1.26571983289263e-05,1.195081466709874e-05
1767.0,0.1596857925258025,0.001273197034888136,0.0003754554769479847,0.0006723419297968787,1.191012202039761e-05,1.26483350695455e-05,1.192801666652192e-05
1768.0,0.1600917709864789,0.001275518887482493,0.0003766270640678024,0.0006724664736084293,1.193245528296442e-05,1.265155634794054e-05,1.192210811933528e-05
1769.0,0.1611914652363485,0.001339144224294936,0.0003786637129838182,0.0006725454019833212,1.195552826600605e-05,1.26606040443357e-05,1.192276332053304e-05
1770.0,0.1615125419371382,0.001405778065207397,0.0003805150043518282,0.0006727120568793529,1.19871637587702e-05,1.266204685129454e-05,1.191025884501601e-05
1771.0,0.1618619653191569,0.001328165835314976,0.0003794480375965945,0.000672847323286862,1.198248486900547e-05,1.265667611331048e-05,1.188579739054309e-05
1772.0,0.1623272940205768,0.001381122618390721,0.0003811454273784229,0.0006729897568108526,1.198979577796082e-05,1.267299046329717e-05,1.187394647299261e-05
1773.0,0.1627090267043364,0.001409043702358981,0.0003827322679461799,0.0006731748106474107,1.201449354566841e-05,1.267510882332554e-05,1.189655659197343e-05
1774.0,0.1633312604946505,0.001394308387096912,0.000382907910384454,0.0006733630281074187,1.203141508325017e-05,1.268042892392638e-05,1.188391243648984e-05
1775.0,0.1631908415323855,0.001384869749075497,0.000383259927577467,0.0006735370914674708,1.203518818555679e-05,1.267833535144371e-05,1.188779605842272e-05
1776.0,0.1635560178427602,0.001428206331915149,0.0003867716890276769,0.0006737249080582869,1.205328979167433e-05,1.267277222689227e-05,1.188625989973954e-05
1777.0,0.1638006373103566,0.001324923166035182,0.000385398477530309,0.0006738617238229656,1.206012763050552e-05,1.267140218610404e-05,1.186786078799663e-05
1778.0,0.1644548235131839,0.001405560366209468,0.0003881060879148396,0.0006740675132962151,1.20990514655107e-05,1.268571489924535e-05,1.188099109943474e-05
1779.0,0.1650230712168322,0.001420618261132685,0.0003887405077284607,0.0006742162147277027,1.211645830992533e-05,1.26823455432515e-05,1.185829533523218e-05
1780.0,0.1652422344916638,0.001410807327197754,0.0003894915545492526,0.0006743440678101534,1.212625634559396e-05,1.269166752195234e-05,1.18550612803004e-05
1781.0,0.1658882812859968,0.001461069811953253,0.00039251494873921,0.000674506662247516,1.214298393096117e-05,1.270065206838437e-05,1.189120321420667e-05
1782.0,0.1667273429783944,0.001390298830934112,0.0003929730935400013,0.0006746353295833443,1.216038796943866e-05,1.269572850918482e-05,1.188980702004109e-05
1783.0,0.1666132305394096,0.001473881513838413,0.0003972608528162134,0.0006747903810715436,1.217374702878212e-05,1.268625947949236e-05,1.1880146614645e-05
1784.0,0.1675225577673478,0.001472733226698951,0.0003985730417520407,0.0006749305965879652,1.219623290469772e-05,1.27112877724251e-05,1.186409759015666e-05
1785.0,0.168654047815914,0.00149485388782558,0.0004002829915038875,0.0006750132859117884,1.223873298350689e-05,1.271757207033053e-05,1.188443680704069e-05
1786.0,0.1681535569714132,0.001578195542609612,0.0004043109238034859,0.0006751306496538277,1.226838371659383e-05,1.2724176569387e-05,1.189458684351535e-05
1787.0,0.1681681773693608,0.001481356636611293,0.0004034398354544985,0.0006752379969171162,1.226085749745032e-05,1.272256493970815e-05,1.190047915495578e-05
1788.0,0.1685113021564298,0.001391752919027682,0.00040277085840111,0.0006753052153782344,1.22613397936208e-05,1.271609431352949e-05,1.189002837162919e-05
1789.0,0.1683464873476226,0.001474590795895559,0.0004061150121596745,0.0006753861819036987,1.227438481853276e-05,1.271069824051e-05,1.191440487035285e-05
1790.0,0.1689641053913298,0.0015354929648152,0.0004084219187722266,0.0006754567216152266,1.230939408137458e-05,1.272677538806542e-05,1.193397699390646e-05
1791.0,0.1686212259915755,0.00155008057084219,0.0004100313755476912,0.0006754542363901045,1.231868504683781e-05,1.271113548871968e-05,1.193322821555687e-05
1792.0,0.168830430530165,0.001512983890988121,0.0004108337985023755,0.0006754922649301258,1.232311295699746e-05,1.269562802454081e-05,1.193064366655179e-05
1793.0,0.1694862278503639,0.001480735971746873,0.0004119959214509251,0.0006754878194793733,1.234221371034689e-05,1.27177773079273e-05,1.192868973749404e-05
1794.0,0.1701122644652238,0.001670038462954622,0.0004168884694349734,0.000675461820195928,1.238501124585608e-05,1.272962337527618e-05,1.194690575618437e-05
1795.0,0.1704372896504234,0.001582570634854253,0.0004173950920742746,0.0006754020990163319,1.239739656391767e-05,1.272698842868188e-05,1.19535979784365e-05
1796.0,0.1711783691952111,0.001682607346842409,0.0004204700348333817,0.0006753872896575481,1.24279514787602e-05,1.27289659704281e-05,1.197342165091198e-05
1797.0,0.1726855856029304,0.001552115727311525,0.000419456695600834,0.0006753139484506118,1.242498129136915e-05,1.273613102838618e-05,1.197315775748283e-05
1798.0,0.1726158332708311,0.001597977246649857,0.0004201381776692978,0.0006752647227644077,1.245106488137451e-05,1.275172252245665e-05,1.201235552299258e-05
1799.0,0.1729902822122049,0.001531598788940962,0.0004188294446719973,0.0006751536396596835,1.247091246997225e-05,1.274352636849856e-05,1.200622232443325e-05
1800.0,0.1730886692246213,0.001624106943897165,0.0004208139087748489,0.0006750503027702173,1.248631936933068e-05,1.275116461332629e-05,1.19905263052485e-05
1801.0,0.1734942656117289,0.001662044245564139,0.0004211279528631864,0.0006749405928726536,1.250403777990014e-05,1.275413504413304e-05,1.200594962818924e-05
1802.0,0.1733604953908265,0.001933710080817196,0.0004240127612354687,0.0006748144802222356,1.250258794155951e-05,1.273948783337961e-05,1.20068909672645e-05
1803.0,0.1733639513873441,0.001753616730276744,0.0004230636146309995,0.0006746478008270854,1.249235742897384e-05,1.276470175632461e-05,1.201521469218493e-05
1804.0,0.1735512052701157,0.001940831919033131,0.0004266894240995071,0.0006744849567756599,1.248191695423096e-05,1.276438298150356e-05,1.202869186718622e-05
1805.0,0.1744243716217152,0.001831017479407208,0.0004266503792983079,0.0006743045327108592,1.247671965032072e-05,1.277430883354439e-05,1.202588770499021e-05
1806.0,0.1742785335190608,0.001963526349560566,0.0004294329175943345,0.0006741400693697493,1.24902324243581e-05,1.27707192882324e-05,1.202302160944715e-05
1807.0,0.1754697667219796,0.001787954704068366,0.000423588933078946,0.0006739052983068934,1.246480894734376e-05,1.277560067882477e-05,1.201189850490384e-05
1808.0,0.176433450345527,0.001821214189644732,0.0004247601387981355,0.0006737000962796439,1.250236544840176e-05,1.27974264820868e-05,1.204006560959022e-05
1809.0,0.1764015837022901,0.001645795023627403,0.0004217887420432005,0.000673468469444567,1.249283734713649e-05,1.27860331800784e-05,1.203467866840435e-05
1810.0,0.1754440267992966,0.001666253740297052,0.0004210034458797559,0.0006732706287965873,1.246367408755753e-05,1.278233350025934e-05,1.203303454428302e-05
1811.0,0.1756252026947196,0.00161343898332419,0.0004186926177185123,0.000673028328369704,1.245430949172698e-05,1.276919077933505e-05,1.20356539098349e-05
1812.0,0.1755597479152896,0.001582759414267229,0.0004165020335481727,0.0006727808769227539,1.242810759072642e-05,1.275355798495954e-05,1.202457941690967e-05
1813.0,0.1742980806174501,0.001569807951069144,0.0004151342012957226,0.0006725354010781935,1.241531941234364e-05,1.274334865139348e-05,1.20286119184598e-05
1814.0,0.1740513385694597,0.001582487360164335,0.0004152891487301841,0.0006722705160274353,1.237056339726781e-05,1.272729915501105e-05,1.201816572530676e-05
1815.0,0.1740428888886948,0.0015271962310213,0.0004136140376323466,0.0006719567796782374,1.233137542175355e-05,1.271513300102085e-05,1.200137082957277e-05
1816.0,0.173867450588784,0.001587178598985724,0.0004135123926345742,0.0006717190933242875,1.231960513049931e-05,1.269326169070399e-05,1.20164378024033e-05
1817.0,0.1741002388310408,0.001611547926728999,0.0004129346352233943,0.0006714291741222048,1.226893488984166e-05,1.267581635044845e-05,1.200232198037183e-05
1818.0,0.1739685008760889,0.001555093163377883,0.0004104044326483877,0.000671106838381579,1.227293209532498e-05,1.267981456027273e-05,1.198722063746086e-05
1819.0,0.1739209452607728,0.001542522458845941,0.0004103810953812301,0.0006707915655203764,1.226056878278003e-05,1.26652041064681e-05,1.198124379114311e-05
1820.0,0.1745161974839659,0.001573332226611613,0.0004096253205107136,0.0006704610980630798,1.223838784362387e-05,1.266480919872341e-05,1.198701798708386e-05
1821.0,0.1738635894095175,0.001520771714334625,0.0004063807299164011,0.0006701232479396419,1.221198037285714e-05,1.265630649519799e-05,1.198535616993577e-05
1822.0,0.1727545932622844,0.001473139875532827,0.0004026370342021776,0.0006698041552980218,1.218495289269514e-05,1.264247810529379e-05,1.196827174368385e-05
1823.0,0.1718593633596709,0.001405768613239492,0.000399682094658801,0.0006694656401949649,1.21207964532588e-05,1.26008933037074e-05,1.194892941390273e-05
1824.0,0.1712523065756427,0.001451908769359254,0.0003982954428767308,0.0006691276840646162,1.208457911112191e-05,1.257390119677374e-05,1.194463100323945e-05
1825.0,0.170876291320662,0.001471579096329942,0.0003974477882033256,0.0006687822254698916,1.205266529489754e-05,1.25519823332975e-05,1.193505965764083e-05
1826.0,0.1707345617922213,0.0014911601218826,0.000395592661229882,0.0006684228568561883,1.201968788603232e-05,1.254549114871905e-05,1.192899109544275e-05
1827.0,0.1703348001167948,0.001475877742163499,0.0003951580122381932,0.0006680782446769548,1.202224967395151e-05,1.254329511334139e-05,1.192749049084384e-05
1828.0,0.169517964305644,0.001456570357243258,0.0003928345142763669,0.0006677515618137531,1.198921604487913e-05,1.251597853717923e-05,1.189848940610458e-05
1829.0,0.1687882749012309,0.001370985273808813,0.0003893008390286419,0.0006674043259595837,1.194740847715869e-05,1.25006580871637e-05,1.18942060655195e-05
1830.0,0.1684164374428235,0.001334873323569408,0.0003861857426864621,0.0006670484250819521,1.191352072967816e-05,1.248725480610186e-05,1.189628502851964e-05
1831.0,0.16789574871858,0.001398121805678639,0.0003864420835195032,0.0006666961594439202,1.190570588855949e-05,1.248107994976693e-05,1.190370004804521e-05
1832.0,0.1678876461511822,0.001413368294749562,0.0003850727349395399,0.0006663490843917197,1.18821982733112e-05,1.246064512993625e-05,1.188606511612603e-05
1833.0,0.1675086757750244,0.001354193724875172,0.0003820076635582546,0.0006659886512676747,1.188237001117826e-05,1.245397505431282e-05,1.187386386733164e-05
1834.0,0.1676944913238526,0.001347011121400358,0.0003804135695184496,0.0006656490539632364,1.18646060020626e-05,1.244767961182918e-05,1.187381742478259e-05
1835.0,0.1676951614240881,0.001417641921471683,0.000379590692752231,0.0006652913638745609,1.184874265013519e-05,1.243043311513452e-05,1.18585177927285e-05
1836.0,0.167532822929269,0.001383979189723354,0.000376475452867251,0.0006649688905509245,1.183805216623833e-05,1.242948035435676e-05,1.18744392260834e-05
1837.0,0.1677375913508556,0.001340066453651218,0.0003739880698161071,0.0006645963143323957,1.1810365075834e-05,1.241855898081863e-05,1.1872066220649e-05
1838.0,0.1670408515795983,0.001370622988993325,0.0003735974949100462,0.0006642661085704882,1.180205838080587e-05,1.241423760593595e-05,1.18728101031453e-05
1839.0,0.1669481803782189,0.001396127893078506,0.0003719848260629775,0.0006639220753991605,1.178648520732006e-05,1.241079999885702e-05,1.187548027079414e-05
1840.0,0.166711333537171,0.001386741519183938,0.0003700697001774153,0.0006635789260412084,1.177102273291766e-05,1.241259126980873e-05,1.188197165979303e-05
1841.0,0.1664592262348748,0.001310996614923467,0.0003661845463967791,0.000663206793740931,1.174089205232202e-05,1.239069211192365e-05,1.188365301056112e-05
1842.0,0.1661570086382647,0.001301039838977914,0.0003637663045074562,0.0006629196385862563,1.173699802866568e-05,1.240327442343688e-05,1.18940113624178e-05
1843.0,0.1660244491595394,0.001245584978670464,0.0003606608953863505,0.0006626292104500989,1.173332203416866e-05,1.238246171546607e-05,1.187171564084279e-05
1844.0,0.1650821847548372,0.001246540023622801,0.00035906267586654,0.0006623488993118963,1.171138184610941e-05,1.237678866266878e-05,1.186718097094028e-05
1845.0,0.1652725128623393,0.001290941367517494,0.0003584372366923167,0.0006620505095378637,1.169666495373608e-05,1.237279596855059e-05,1.18717362099232e-05
1846.0,0.1646386058574651,0.001351288032748835,0.0003571525952002134,0.0006618228170584022,1.168112515596609e-05,1.23718277600845e-05,1.187917931593606e-05
1847.0,0.165700663133457,0.00130099174054018,0.0003544903132179369,0.0006615773424738173,1.165895938941015e-05,1.236977879954332e-05,1.188059359124034e-05
1848.0,0.165054009969704,0.001414902688052745,0.0003546334128617646,0.000661403166505681,1.169673040615036e-05,1.238009742428493e-05,1.190276484182325e-05
1849.0,0.16571230938909,0.001295370509172844,0.0003509046197974145,0.000661186224918425,1.16871024799135e-05,1.238005807477292e-05,1.188412839755793e-05
1850.0,0.1651162238011779,0.001316160987558475,0.0003501045252670025,0.0006610728057459276,1.167301951871909e-05,1.240043017280731e-05,1.192676496604732e-05
1851.0,0.1657446541938992,0.001340968793171314,0.0003492312654057036,0.0006609892504341149,1.16542253620096e-05,1.239101311458942e-05,1.194306028618103e-05
1852.0,0.1650059304267729,0.001277205371181455,0.0003459629042284721,0.0006609181962375009,1.16305031361764e-05,1.237861266723508e-05,1.192448174645398e-05
1853.0,0.1644548474893364,0.001325119883743646,0.0003457505114562596,0.0006608921289217346,1.163925122725982e-05,1.237892510261009e-05,1.191084366016842e-05
1854.0,0.1640095183578643,0.001277448299301148,0.0003427324711811871,0.0006609267810582552,1.163027996782654e-05,1.237465755396333e-05,1.189773762624974e-05
1855.0,0.1631786519918069,0.001210559461422218,0.0003408882072248739,0.0006609954796602011,1.161811590683666e-05,1.236921052431427e-05,1.189409032532021e-05
1856.0,0.1631144359817871,0.001223740539338507,0.0003404021636415689,0.0006610869397727243,1.159116806504859e-05,1.235608207168467e-05,1.190141704423197e-05
1857.0,0.1629986255697597,0.001248372690817119,0.0003394924108630741,0.0006612100895674917,1.15657462195905e-05,1.235617134572034e-05,1.192071649834904e-05
1858.0,0.1625821165439183,0.001213059983010995,0.0003371400067749173,0.0006613640807900975,1.155482904794998e-05,1.236248504716209e-05,1.190147428320604e-05
1859.0,0.1628630210687063,0.001243666519499415,0.0003377515937794928,0.0006615028013493715,1.15712316950069e-05,1.236770693230193e-05,1.188583426905929e-05
1860.0,0.1629038813024409,0.001293469510752549,0.0003376242800352541,0.0006617017931010292,1.158241223100745e-05,1.237259357149284e-05,1.188454626881474e-05
1861.0,0.1629191598849069,0.001228063829404324,0.0003355983509060094,0.000661907536590499,1.156489737916994e-05,1.237465783200259e-05,1.188379256281516e-05
1862.0,0.162919179797391,0.001271065539880267,0.0003371631043933361,0.0006621768604417702,1.156379934146342e-05,1.238034617068537e-05,1.189510668787134e-05
1863.0,0.1629429511590297,0.00128540594707737,0.0003377974527044973,0.0006624166667612175,1.156170158556398e-05,1.238196520412566e-05,1.189621002999916e-05
1864.0,0.1624722274618754,0.001259215972721688,0.0003352076218098518,0.0006627141639187537,1.15508236965492e-05,1.238784661527783e-05,1.188329816601964e-05
1865.0,0.1626178931001269,0.001269755266414175,0.0003355076006647913,0.0006630197775921939,1.154917445705957e-05,1.239007047147724e-05,1.187254036773494e-05
1866.0,0.1622566159728372,0.001384912718544758,0.0003380404429945352,0.0006633340848226698,1.154648407642842e-05,1.239360823918312e-05,1.18596300553026e-05
1867.0,0.1621480281882015,0.001292250953706622,0.0003356750111302831,0.0006636523173927027,1.152646216956502e-05,1.239461279617699e-05,1.185254342323588e-05
1868.0,0.1623463383059853,0.001267317550531838,0.0003355828246226867,0.0006640290121529636,1.153136168236566e-05,1.239367751807162e-05,1.184413233960634e-05
1869.0,0.1622860311597109,0.001288955865491259,0.0003359889445940767,0.0006644015873863989,1.152758046790661e-05,1.2393401272688e-05,1.183882093729828e-05
1870.0,0.1621372933470092,0.001290525513762796,0.000334557154304595,0.0006647437638388272,1.151657184986269e-05,1.238911305312854e-05,1.180540780782093e-05
1871.0,0.161816285828442,0.001266534210375447,0.0003348615842859824,0.0006650729667517202,1.15103415288958e-05,1.23882512935921e-05,1.1811697014155e-05
1872.0,0.1617674074099039,0.001266913198188193,0.000334026925185091,0.0006654173061406104,1.150075330626695e-05,1.238417333958564e-05,1.180144455528147e-05
1873.0,0.1613829789631578,0.001211142523141077,0.0003330590651012319,0.0006657768316304585,1.148291055509125e-05,1.238215971410537e-05,1.178346751555915e-05
1874.0,0.1617620597226093,0.001254034065513211,0.0003346708309890029,0.0006661376279014316,1.148627959819468e-05,1.238794504088569e-05,1.177945493801368e-05
1875.0,0.1617857542452444,0.001355473998151037,0.0003358764296301481,0.0006664770470120254,1.148738903961527e-05,1.239417816659071e-05,1.178229454804193e-05
1876.0,0.1614580264401443,0.001293144812438798,0.0003350346724727974,0.000666841204118669,1.14844275851182e-05,1.239682608609483e-05,1.176148981450121e-05
1877.0,0.1616249847135859,0.00132204223030588,0.0003366529667322197,0.0006671865333051978,1.149109394306467e-05,1.239988987310359e-05,1.175566610786197e-05
1878.0,0.1618081445614882,0.001250882560946791,0.0003355804275268428,0.0006674789340358174,1.148255915812546e-05,1.239979784975934e-05,1.17513118118025e-05
1879.0,0.1616976562277596,0.001230387237699738,0.0003352285089393885,0.000667780965917171,1.147928613949624e-05,1.241503070256202e-05,1.174046972949488e-05
1880.0,0.1618319950225388,0.001259125742871275,0.0003360532692951303,0.000668128421854926,1.148742037041527e-05,1.242115878774535e-05,1.174971739202983e-05
1881.0,0.161690328398268,0.001320517978968942,0.0003363108705618864,0.0006684136491806209,1.146933135914233e-05,1.242213811518556e-05,1.172423645275479e-05
1882.0,0.1612289675399369,0.001232308097870476,0.0003349716992653447,0.0006687387384012667,1.148120870498468e-05,1.243818822054088e-05,1.171505825646697e-05
1883.0,0.1610013772400764,0.001254128635879754,0.0003365270182045115,0.0006690273731766654,1.148263971037217e-05,1.244619443010429e-05,1.171870825060911e-05
1884.0,0.161043576958152,0.001308546654660372,0.0003369053719626832,0.0006692948670767032,1.14823559862195e-05,1.245402007543532e-05,1.170043170521307e-05
1885.0,0.1618990086211667,0.00125731620727251,0.000337572262180966,0.0006695044383000386,1.147166334270489e-05,1.247945230526417e-05,1.169016694050886e-05
1886.0,0.1624206454562124,0.001368940468669821,0.0003413902755172302,0.0006697778798206389,1.149995150363835e-05,1.248983254537932e-05,1.172708260650646e-05
1887.0,0.1628183713845827,0.001393480708666668,0.000341197415264406,0.00067002063423667,1.14831830948128e-05,1.247750253205699e-05,1.173897371912026e-05
1888.0,0.1617592087916384,0.001324473971741138,0.0003387242825574384,0.000670233891003501,1.144665663267447e-05,1.246113973316581e-05,1.169188145587076e-05
1889.0,0.1611986597713416,0.00124856626231549,0.000337581153368697,0.0006704734102060529,1.146533509221959e-05,1.247500044451255e-05,1.168679129537442e-05
1890.0,0.16129322535158,0.001211984982854231,0.000336395736147472,0.0006707043378720018,1.148263400355164e-05,1.246528083967169e-05,1.166958357340535e-05
1891.0,0.16069842315762,0.001243955562031394,0.0003374487313971016,0.0006709260037476963,1.148399827262997e-05,1.246219172937871e-05,1.165396906408402e-05
1892.0,0.1601495532347872,0.001188017743631619,0.0003362397191947879,0.0006711357802934938,1.146874416268204e-05,1.246155214449297e-05,1.165100837087587e-05
1893.0,0.1604603460573485,0.001284837660757612,0.0003374935873556734,0.0006713624068987145,1.148314292776392e-05,1.245854057937507e-05,1.165697154975725e-05
1894.0,0.1599958098885252,0.001298388661128988,0.0003384576926184192,0.000671634950753542,1.147373634250045e-05,1.246634766545019e-05,1.164387101792163e-05
1895.0,0.1603861842266348,0.001284699860098693,0.0003373180224631439,0.000671847891678575,1.147900340085359e-05,1.247389381027613e-05,1.162090323439826e-05
1896.0,0.1597731866695315,0.001177984408048833,0.0003357884341488824,0.0006720693551672179,1.146635092200189e-05,1.245172708030666e-05,1.158384854870228e-05
1897.0,0.159863509222542,0.001263107110933829,0.0003376018669475154,0.0006722854337752076,1.148307522572008e-05,1.246147631362003e-05,1.157389379272505e-05
1898.0,0.1604776943344682,0.001259949770630817,0.0003374236628645519,0.0006724728753188235,1.150689527909829e-05,1.246379965230391e-05,1.15934547799075e-05
1899.0,0.1601565988057291,0.001297383352045547,0.000337879774395668,0.0006726931988091549,1.153317083705953e-05,1.247730377300318e-05,1.160029311413617e-05
1900.0,0.1602564675027854,0.001290034607678844,0.0003375256897747504,0.0006728891385541064,1.152227590887662e-05,1.246683226928782e-05,1.159955854076163e-05
1901.0,0.1593804835956909,0.001295464108200126,0.0003379637940071401,0.0006731120633806362,1.153066844363618e-05,1.246821095229171e-05,1.158457346582564e-05
1902.0,0.1594195414045491,0.001292523288349534,0.0003376738540193508,0.0006733485003930894,1.153520854412412e-05,1.246104319769725e-05,1.156145475497192e-05
1903.0,0.1590027415972852,0.001294369934831441,0.000337637113127558,0.0006735856295550843,1.154244108685166e-05,1.245501007409794e-05,1.154227959187341e-05
1904.0,0.1588229889826453,0.001196824356078075,0.0003355969830848465,0.0006738034079529352,1.154263896570282e-05,1.245183138574601e-05,1.15411813228571e-05
1905.0,0.1585312817218116,0.001241654229370481,0.0003353929457466202,0.0006740906656829485,1.154729246027821e-05,1.244288665645836e-05,1.151889771661639e-05
1906.0,0.1589799806745179,0.001253078499177979,0.0003348675959179093,0.0006743439997411036,1.155314541942017e-05,1.245263599737802e-05,1.150110616157599e-05
1907.0,0.1598483339479224,0.001222450189953949,0.0003347750805382634,0.0006746356448063866,1.159299904543264e-05,1.246231722117537e-05,1.151023552032965e-05
1908.0,0.1595834545133138,0.001305687262350604,0.0003370394377380001,0.0006749767980584723,1.160966926059179e-05,1.246721084600801e-05,1.149909309570065e-05
1909.0,0.1593835260996403,0.001252317527739189,0.0003345325822757283,0.0006752841636715017,1.161087412555136e-05,1.246439436688662e-05,1.148119435351334e-05
1910.0,0.1583781912129645,0.001207511426044363,0.0003330636433372345,0.0006755631019843551,1.162038599503327e-05,1.244609087359664e-05,1.146651597456485e-05
1911.0,0.1577504976235402,0.001177058793698452,0.0003325818835441111,0.0006758581328170875,1.16205570705792e-05,1.244459305718345e-05,1.145143862503964e-05
1912.0,0.1583829642103385,0.00108975882756006,0.0003301993865357024,0.0006761100296310753,1.161777199161431e-05,1.243850885804767e-05,1.143480508677091e-05
1913.0,0.1581164702127222,0.001260871691187724,0.0003332387724413889,0.0006764272807646523,1.165187627424242e-05,1.246260801848606e-05,1.145189587763566e-05
1914.0,0.1583856149554462,0.001176815134967626,0.0003308676860981496,0.0006766599072153862,1.16400436271753e-05,1.245075205421964e-05,1.141750316759142e-05
1915.0,0.1579338936654137,0.001265034615290825,0.0003343529398308516,0.0006769222498072481,1.165216682752937e-05,1.245157275052574e-05,1.141652446936715e-05
1916.0,0.1578387187149474,0.001244836229996384,0.0003328931548530916,0.0006772103648430112,1.166997506468071e-05,1.24588630438163e-05,1.139311335815925e-05
1917.0,0.1574601934862995,0.001323213555346907,0.000333644813702361,0.0006774530392409625,1.169189583904057e-05,1.243828023943374e-05,1.135693155456808e-05
1918.0,0.1570296827686951,0.001202187779260948,0.000332331113421026,0.0006777064557578883,1.166417606546679e-05,1.243100033344901e-05,1.133190347211508e-05
1919.0,0.157426048714667,0.001268938407382025,0.00033325018252167,0.0006779551085417577,1.168258131229432e-05,1.246067052254381e-05,1.13555387809873e-05
1920.0,0.1572867032736665,0.001180482044387978,0.0003315543033574813,0.0006781830355237728,1.169866243037106e-05,1.246612204662423e-05,1.136026769217062e-05
1921.0,0.1568218238519914,0.001158867287566666,0.0003313294268913264,0.0006783705517923249,1.169567692909945e-05,1.244668813357338e-05,1.133477145539811e-05
1922.0,0.1562515368586164,0.001162097556880157,0.0003321733121523665,0.0006785847112712715,1.171321375047727e-05,1.244473546440146e-05,1.130604328505061e-05
1923.0,0.1564204596224447,0.001170935921371888,0.0003322582595078422,0.0006788141560668642,1.173820630819555e-05,1.244738444674719e-05,1.128412411605492e-05
1924.0,0.1563941520034587,0.001267619847966792,0.0003337725785285462,0.0006790072976838023,1.174415229084684e-05,1.245899978544681e-05,1.127445882681717e-05
1925.0,0.1560491552681977,0.001176170144129868,0.0003324504335611328,0.0006791691259598044,1.173553031243838e-05,1.246262462429874e-05,1.128608905813422e-05
1926.0,0.1561275891920792,0.001298276438569432,0.0003355139578595002,0.0006793447280998113,1.175156177634875e-05,1.247419440820206e-05,1.129819815980684e-05
1927.0,0.1556791989298477,0.001223229252291655,0.0003347858304226284,0.0006794439452197557,1.173819594989995e-05,1.247854365692649e-05,1.127893874075357e-05
1928.0,0.1552737860088712,0.001174969001055968,0.0003344480039351531,0.0006795644870541205,1.174868127883346e-05,1.249730991721999e-05,1.125674548259447e-05
1929.0,0.1553459272537329,0.001159094552435946,0.0003342184906595896,0.0006796387802965347,1.174131445461598e-05,1.248827566206513e-05,1.125253575508201e-05
1930.0,0.1547006477260987,0.001159412569337648,0.0003356934466764794,0.0006797698687608952,1.17453147523511e-05,1.248138533679319e-05,1.124174682879821e-05
1931.0,0.1552858582091932,0.00119959620185362,0.0003373962496837762,0.0006798255134410898,1.175798869836502e-05,1.248922456820693e-05,1.12453710074547e-05
1932.0,0.1550390395567215,0.001374917807578691,0.0003414101411657218,0.0006798954908253509,1.17849764459367e-05,1.251260403294877e-05,1.125959825493912e-05
1933.0,0.155275689937324,0.001236309580080274,0.0003393730729612365,0.0006798943194240307,1.179885278386707e-05,1.250680388658577e-05,1.126219024644472e-05
1934.0,0.1549032486699806,0.001417160902098679,0.0003442099523077648,0.0006799201369614684,1.183773889081284e-05,1.252460870129514e-05,1.126995047695489e-05
1935.0,0.1549629951241655,0.00130680053087883,0.0003422350665127666,0.0006799179251832126,1.180158768523702e-05,1.252446737889662e-05,1.123836940693714e-05
1936.0,0.1544272489772263,0.001266848438048612,0.000342951896049923,0.000679928044481528,1.181605529496514e-05,1.253430030463227e-05,1.123039243044724e-05
1937.0,0.1544158618013408,0.001246815743650241,0.0003436360678702961,0.0006798677445157156,1.18313278997997e-05,1.253833074405512e-05,1.124256173281769e-05
1938.0,0.1542016698419724,0.001189786685134941,0.0003438230418261742,0.000679775504508929,1.181810269712759e-05,1.255087462905433e-05,1.124983489786474e-05
1939.0,0.1542166150817441,0.001231543104449046,0.0003458444562396434,0.0006796768738807557,1.182564932919146e-05,1.256219003367379e-05,1.125478804519668e-05
1940.0,0.1554213862539887,0.001258374590993825,0.0003467364637173769,0.0006795609037232878,1.182369684359967e-05,1.258468191437078e-05,1.128231954683443e-05
1941.0,0.1558097150082669,0.00130507555137167,0.0003496378467971314,0.0006794769619828708,1.190192081058152e-05,1.260408450208376e-05,1.135449881915148e-05
1942.0,0.1556834390089715,0.001264099433410697,0.00035049675888401,0.0006793372488592389,1.189277461979986e-05,1.259023098243323e-05,1.133272300312938e-05
1943.0,0.1547651849174492,0.001217302575772965,0.0003495427976934936,0.0006791948890349491,1.187653872665243e-05,1.257613253965729e-05,1.131983946647795e-05
1944.0,0.1547911044350176,0.001294049971843512,0.0003532543545740392,0.0006790495365596278,1.187501871114369e-05,1.259477528618051e-05,1.135675358036524e-05
1945.0,0.1544631616456882,0.00131305781125317,0.0003543655793892041,0.0006788561771664673,1.187012495720728e-05,1.261129355991727e-05,1.137255473516854e-05
1946.0,0.1542355874817189,0.00122532104889113,0.0003545887885980655,0.0006786589122681219,1.18596871126648e-05,1.261656896476449e-05,1.137312975949385e-05
1947.0,0.1545596650601992,0.001437424716498834,0.0003601263940674292,0.0006784375447726382,1.18749914578389e-05,1.262634869777519e-05,1.140245796426313e-05
1948.0,0.1544063032649609,0.001337901039293086,0.0003586221176673639,0.0006782131045841375,1.18799274911741e-05,1.262803943781354e-05,1.141206327000652e-05
1949.0,0.1553223998581086,0.001388202909280868,0.000361992318301953,0.0006779537153409776,1.189400405429773e-05,1.264232626888019e-05,1.143134391989033e-05
1950.0,0.1551190099910185,0.001374395104288733,0.0003640169087737428,0.0006777698221209726,1.191776961635735e-05,1.26470873216017e-05,1.144812480718863e-05
1951.0,0.1551682470362264,0.00128960367531682,0.0003635540744049359,0.0006775679357848063,1.193082225557847e-05,1.265457715645322e-05,1.146118814226189e-05
1952.0,0.1553248793435558,0.00129867260109636,0.0003646122906680528,0.0006773019903158648,1.19385453672594e-05,1.264190232557709e-05,1.146088771982143e-05
1953.0,0.1551145617765813,0.001305611885474978,0.0003667620496763416,0.0006769970021451797,1.193268296618319e-05,1.266477980575579e-05,1.150072926408348e-05
1954.0,0.1546053750737125,0.001245649652401331,0.000366703747166667,0.0006767122110998542,1.193533438080143e-05,1.267462951783388e-05,1.152301552113603e-05
1955.0,0.1559407437809744,0.001331326449978463,0.0003699929414086481,0.0006764426954410131,1.194273446200827e-05,1.270193044500294e-05,1.153844211182376e-05
1956.0,0.1566744814908322,0.001417229309002878,0.0003739771427171091,0.0006761681809715062,1.198801032349654e-05,1.273215332947702e-05,1.156503590307681e-05
1957.0,0.1565262049125561,0.001270168303819675,0.0003720257096012263,0.0006758468599484373,1.198855599394626e-05,1.272737645764409e-05,1.157640229700741e-05
1958.0,0.1569943608648882,0.001456574410636027,0.0003774010871536346,0.0006755666937117854,1.202994572296968e-05,1.273212328144492e-05,1.16311868147772e-05
1959.0,0.1570903732063055,0.001426854557956463,0.0003765751618870463,0.0006752674488280485,1.204730415292247e-05,1.273033619390729e-05,1.166153897693576e-05
1960.0,0.1565255251789892,0.001423293755845618,0.0003772265539954776,0.0006749416594778733,1.20327283852429e-05,1.271899269586369e-05,1.169041198454393e-05
1961.0,0.1560206116515662,0.001371884775754495,0.000379090508074973,0.0006745954474207442,1.200810479710125e-05,1.273936491023055e-05,1.170593189612605e-05
1962.0,0.1561632344507266,0.001269458715464974,0.0003777469561947215,0.0006742598589749398,1.200539274325535e-05,1.276985721241852e-05,1.172912342091511e-05
1963.0,0.1565572781335387,0.001300950420572434,0.0003784824245382105,0.0006738824848392102,1.200738323692868e-05,1.27823621663505e-05,1.17590347973489e-05
1964.0,0.157029135111028,0.001415723633845504,0.0003817952143235815,0.0006735230472944508,1.202610070832551e-05,1.278819984329943e-05,1.179843254214274e-05
1965.0,0.1568829885890361,0.001323162207820726,0.0003806968009316422,0.0006731587660116859,1.200012876980331e-05,1.277454973293016e-05,1.18007578176696e-05
1966.0,0.1564134068247217,0.001382266833563065,0.0003835521054560565,0.0006728108410266108,1.201260419198213e-05,1.27766936551713e-05,1.183253489422375e-05
1967.0,0.1565474550124234,0.001365321735138893,0.0003831338583717678,0.0006724236402546464,1.200691027170431e-05,1.278461794112803e-05,1.184361109759495e-05
1968.0,0.1565473555237553,0.001401675381417794,0.0003844214537498829,0.0006721056225734089,1.200347053318141e-05,1.279443410084204e-05,1.189161359824202e-05
1969.0,0.1564905015334425,0.00141016153319385,0.0003856527895711648,0.000671796584009485,1.200191879097262e-05,1.281224951895433e-05,1.193167122721962e-05
1970.0,0.1561783988868062,0.001374141885383753,0.0003856603039263152,0.0006715307968617061,1.19967387327108e-05,1.281704372943302e-05,1.194748208978239e-05
1971.0,0.1562887762648188,0.001419669126254952,0.0003868354521599913,0.0006713023922660228,1.198782645980039e-05,1.283868848699849e-05,1.198719287563567e-05
1972.0,0.1563043680133951,0.001407095163070951,0.0003881900814454449,0.0006711343809069644,1.198899391642204e-05,1.282726868342154e-05,1.201279898880605e-05
1973.0,0.1559500457023592,0.001407599823734658,0.00038724702391945,0.0006709927075907056,1.197198612728875e-05,1.28342073442744e-05,1.20323775425915e-05
1974.0,0.1565319099667662,0.00140977703635978,0.0003885122650897274,0.0006708938082395805,1.196297092024337e-05,1.283223751262866e-05,1.205437187496547e-05
1975.0,0.155988743416814,0.001540771281096837,0.0003914397379388555,0.0006708504666273038,1.196931772827115e-05,1.282594557155484e-05,1.207764533577978e-05
1976.0,0.1559475422975676,0.001514305682403472,0.0003913663144701201,0.0006708465606103733,1.195616011427273e-05,1.283044089243144e-05,1.210534800566483e-05
1977.0,0.1557714751802838,0.00133953126024469,0.0003876849366186384,0.000670793422222215,1.191219664436632e-05,1.282556696797256e-05,1.210873312247034e-05
1978.0,0.1557770992189608,0.001437452894838505,0.0003899314207612189,0.0006708218407694417,1.192994805548698e-05,1.283472476568408e-05,1.216265194439768e-05
1979.0,0.1553125776580631,0.001424103571682354,0.0003885890756409522,0.0006709266940368825,1.190142672778603e-05,1.282303753785079e-05,1.218058783207101e-05
1980.0,0.1549767597666044,0.001414737781900587,0.0003882063938474513,0.0006710560010346608,1.18642856712782e-05,1.280982700641497e-05,1.219405665781193e-05
1981.0,0.1546109629315657,0.001377079096112482,0.0003875883544440088,0.0006711947002673952,1.184588857412528e-05,1.281322892574677e-05,1.223166119397526e-05
1982.0,0.154038029136961,0.001382388803800613,0.0003874459817513003,0.0006713764192011072,1.18128602647956e-05,1.281201472950034e-05,1.223906365702373e-05
1983.0,0.1543624921120975,0.001364609391956138,0.0003859232683077579,0.0006715759237740237,1.178813854374449e-05,1.281983994686072e-05,1.22564086181421e-05
1984.0,0.1544595617672506,0.001498298724290838,0.0003889677811256832,0.0006718464913611173,1.180673893348621e-05,1.281270206417279e-05,1.230084245618444e-05
1985.0,0.1545975952650439,0.00138115364575293,0.0003861581668074771,0.0006720938795493331,1.176325718041855e-05,1.279115118807694e-05,1.23116253774893e-05
1986.0,0.1542314252662313,0.001376126490559488,0.0003864827247462035,0.0006724108022149628,1.174898558324544e-05,1.279472525219843e-05,1.235150379246335e-05
1987.0,0.1544209018941533,0.001350127269870271,0.0003857295260538856,0.0006727351726812579,1.173188869265769e-05,1.279255072912438e-05,1.237240305000756e-05
1988.0,0.1541048851283257,0.001363532502064896,0.000386485310216701,0.0006730688481157431,1.17373958429875e-05,1.279039974065014e-05,1.238647078799351e-05
1989.0,0.1547591162101274,0.001345307233803886,0.0003877589146913859,0.0006733765693059228,1.171324035280181e-05,1.278049514242646e-05,1.239510035078724e-05
1990.0,0.1547740315639526,0.001499266213768147,0.0003920895560058129,0.0006737547882860299,1.173282752567847e-05,1.278042136131152e-05,1.246648771332993e-05
1991.0,0.1558591127241176,0.001594282162642911,0.0003928538181753838,0.0006740818237667714,1.171735841475207e-05,1.277660431669086e-05,1.248608370725473e-05
1992.0,0.1550266428124354,0.001554631368732551,0.0003916326150854171,0.0006744286810085546,1.166345644517533e-05,1.274393449876759e-05,1.247462741354081e-05
1993.0,0.154217194087213,0.001585656578935234,0.000392444725470967,0.0006747533917254588,1.165040277193912e-05,1.273628320381056e-05,1.247531045982303e-05
1994.0,0.1531964479560458,0.001533970723490952,0.000390665588439296,0.0006750522533804895,1.161633295462554e-05,1.273429391925891e-05,1.247101016694471e-05
1995.0,0.1539118673354755,0.001539027041728352,0.0003889134773875772,0.0006753366341086058,1.159732292546564e-05,1.2725739560408e-05,1.247554898769643e-05
1996.0,0.1534836456316503,0.001444645687240713,0.0003882191315314423,0.0006755862945388184,1.157049989075158e-05,1.269800081348882e-05,1.24736615442139e-05
1997.0,0.1527614547417922,0.001420063681467125,0.0003881055948204663,0.0006758497011945331,1.155736270138661e-05,1.265481370659811e-05,1.248269933367494e-05
1998.0,0.1540981553297574,0.001446402262452946,0.0003875283150654425,0.0006760124781489436,1.153023397442321e-05,1.263582547448007e-05,1.248822119439709e-05
1999.0,0.1537467456772407,0.001508589913370261,0.0003895809976797655,0.0006761942068085019,1.153837440919765e-05,1.26435032975062e-05,1.251650724599742e-05
2000.0,0.1540652267320664,0.001591994787297671,0.0003922949601516147,0.0006764024840135657,1.154367977996316e-05,1.263245725833073e-05,1.256551221522698e-05
2001.0,0.1539052913975307,0.001533060097683296,0.0003912056564182516,0.0006765450901944989,1.150864808932824e-05,1.260540927292841e-05,1.255425991070958e-05
2002.0,0.1534457343891672,0.001504992742705874,0.0003903206850565071,0.0006766667403971294,1.151777514562216e-05,1.261316826531383e-05,1.25630955692899e-05
2003.0,0.1534533953216164,0.001598246398800365,0.0003901317387258283,0.000676771329117353,1.151486034256736e-05,1.260675170351788e-05,1.256898272151493e-05
2004.0,0.1529018034230375,0.001538919830842995,0.000388005314188475,0.0006768741109414642,1.147352484332909e-05,1.257048018742057e-05,1.256256280351445e-05
2005.0,0.1516910587715234,0.0015090538913858,0.0003868519207417126,0.0006769878014989253,1.144312446976503e-05,1.255906817341396e-05,1.255317614224054e-05
2006.0,0.1518222963988142,0.001428064448732977,0.0003836357600033468,0.0006770646859767608,1.142129266069977e-05,1.253742450068315e-05,1.255116444945806e-05
2007.0,0.1514502890633856,0.001501984514824083,0.0003843326873791406,0.0006771211341267123,1.140665687914547e-05,1.251748600627432e-05,1.254111922638193e-05
2008.0,0.1510491099905965,0.001433982339897614,0.0003825868232116197,0.0006771150868827672,1.138486383175556e-05,1.248119485468477e-05,1.253603744363147e-05
2009.0,0.1515251682974441,0.001582662399621965,0.0003857632509289962,0.0006770861616130863,1.141340479102223e-05,1.248779991943772e-05,1.258110115457397e-05
2010.0,0.1510427250821192,0.00152784319426123,0.0003846435667739405,0.00067700156301375,1.139186092453478e-05,1.247703087627347e-05,1.2571741616973e-05
2011.0,0.1509387440601842,0.001501292658398169,0.000382989388286258,0.0006769334725877477,1.137538315089341e-05,1.24500716677876e-05,1.255670623992828e-05
2012.0,0.1516463222377697,0.001506722449225368,0.0003832420226423758,0.0006768687049792643,1.138044357813546e-05,1.245045243403555e-05,1.257300749567176e-05
2013.0,0.152002348089922,0.001484566162208794,0.0003813301682614334,0.0006768795868171858,1.138481429852418e-05,1.245701900780223e-05,1.257301002853122e-05
2014.0,0.1511880833582429,0.001407789841051292,0.0003777958509034056,0.0006768522579919396,1.13481937931226e-05,1.245369577580884e-05,1.256839214555794e-05
2015.0,0.1506062865746196,0.001528583589731616,0.0003784594627256331,0.000676824550234091,1.13607049179811e-05,1.242969147347021e-05,1.257311619152824e-05
2016.0,0.150764801200549,0.001598445365171195,0.000377203865641876,0.0006767943957350793,1.13476362292655e-05,1.240440900343503e-05,1.254879723993775e-05
2017.0,0.1502425423745869,0.001493475114498874,0.0003746363820591355,0.0006768088381492556,1.134058374655197e-05,1.239912450814976e-05,1.253106792717395e-05
2018.0,0.1501572874595902,0.001497142832088146,0.0003741357695758771,0.0006767720854915938,1.133093203086743e-05,1.239383399345234e-05,1.252894598361519e-05
2019.0,0.149188733407945,0.001436382167687104,0.0003729529944490835,0.0006768238960947213,1.134171893209414e-05,1.237980441720588e-05,1.253571101325741e-05
2020.0,0.1497312401603791,0.001361988059967916,0.000368917084439485,0.0006768720268213606,1.133371904493266e-05,1.236758785680901e-05,1.25027256365044e-05
2021.0,0.1498751760400776,0.001388687380145247,0.0003681626624894015,0.0006768762893363059,1.133389566329908e-05,1.235546231927975e-05,1.247864716945913e-05
2022.0,0.1491616275361287,0.001553759041411324,0.0003699257200907897,0.0006769440376880731,1.133836260793265e-05,1.235975796337882e-05,1.249261890341043e-05
2023.0,0.1486190646606868,0.001463769302439894,0.0003658993521150149,0.000677043063212575,1.134550344099604e-05,1.235181404055881e-05,1.247556973120627e-05
2024.0,0.1483998554274492,0.001375938173476373,0.0003639453726034118,0.0006771744421183695,1.133895624650415e-05,1.23417198562393e-05,1.246073096253192e-05
2025.0,0.1490245365944617,0.001332411744746709,0.0003607431093319192,0.0006772240055870708,1.134803076610768e-05,1.233683515798632e-05,1.242931915390224e-05
2026.0,0.1484314425854347,0.001353789747182561,0.0003594136487638891,0.0006773491757992924,1.136639421406214e-05,1.234415184351756e-05,1.244298374984305e-05
2027.0,0.1494025685497934,0.001548005154639655,0.0003629807291688579,0.000677549356059279,1.137690066103874e-05,1.235971221113558e-05,1.24412865801647e-05
2028.0,0.1498403106330801,0.001530285621924695,0.0003610250370860054,0.0006777673801262476,1.138172591236625e-05,1.235068188989292e-05,1.241107480163958e-05
2029.0,0.1490330032061404,0.001457143385618447,0.0003559598236401547,0.0006779468987386204,1.138204826285803e-05,1.234074482054844e-05,1.237477169324093e-05
2030.0,0.149237788410537,0.001526843404459161,0.0003556942434556309,0.000678155426876455,1.139114725679409e-05,1.232008817540682e-05,1.237867653880949e-05
2031.0,0.1490803805777745,0.001403448738610278,0.0003515956664733136,0.000678339680667009,1.141118762739256e-05,1.2314934772529e-05,1.237537552223071e-05
2032.0,0.1482766133760966,0.001409777796073747,0.0003500448317348621,0.0006785525478002643,1.140977271408969e-05,1.228998080062774e-05,1.236691640480254e-05
2033.0,0.1482147240443329,0.001342304424963712,0.0003467918256639516,0.0006788054487980739,1.141853255420716e-05,1.228894179146268e-05,1.232275607866656e-05
2034.0,0.1486892399130083,0.001305861518918329,0.000345068089167917,0.0006790705044576953,1.143246072810452e-05,1.22762271785009e-05,1.229812514325802e-05
2035.0,0.1479277748641172,0.001383687282729243,0.0003458262217873785,0.0006793681243864181,1.145374101606299e-05,1.228070413646857e-05,1.22820137481538e-05
2036.0,0.1483820473455099,0.001371628420515934,0.0003428183778657466,0.000679680877662894,1.146454722910193e-05,1.228846584670626e-05,1.225829523451932e-05
2037.0,0.1480546503659936,0.001593147164349538,0.0003462617588867796,0.0006800688645495633,1.149991247868484e-05,1.22928182933611e-05,1.227912860938023e-05
2038.0,0.147814555820866,0.001458472370722582,0.0003412004464212738,0.000680441821976277,1.14852933185048e-05,1.229214731247379e-05,1.22138477408204e-05
2039.0,0.1469278172826063,0.001382879978335327,0.0003392706831263988,0.0006808417237643701,1.148260554406717e-05,1.224949366151584e-05,1.217508366781591e-05
2040.0,0.1474179058237013,0.001346802228876011,0.0003377890948711567,0.0006812477003001935,1.150998199248684e-05,1.224271498214174e-05,1.214946812846034e-05
2041.0,0.1477318100255958,0.001458685441794572,0.0003374439102675083,0.0006817270985199301,1.153908221955451e-05,1.224884115762348e-05,1.215444972967604e-05
2042.0,0.1485527617294284,0.001631255233468333,0.0003410699904084243,0.0006822694921371169,1.155709554883091e-05,1.224052613437946e-05,1.213651489677841e-05
2043.0,0.1476392269488979,0.001484297353537196,0.0003337276228680418,0.0006828156758644853,1.155591292701671e-05,1.223539317561325e-05,1.211070353605355e-05
2044.0,0.1471707797815002,0.001554066699737475,0.0003361306770403024,0.0006834003767371738,1.15691845861137e-05,1.221643930675228e-05,1.209814279670773e-05
2045.0,0.1482550277849581,0.001532225680484945,0.0003323701827931517,0.0006839886170928962,1.158320204290545e-05,1.220741132827406e-05,1.207243806269741e-05
2046.0,0.1476901564991042,0.001528159011991922,0.0003298408847709497,0.0006846458508100209,1.16192847731693e-05,1.222641792050131e-05,1.210434570661638e-05
2047.0,0.1479384022238869,0.001575960357383506,0.0003298374344498006,0.0006853343920194164,1.160967988132088e-05,1.222349481557718e-05,1.204287706039607e-05
2048.0,0.1472799694768379,0.001407224185652454,0.000325697133848302,0.0006860563007696134,1.159263328242434e-05,1.221923101584451e-05,1.199612545453473e-05
2049.0,0.1470388541447382,0.001429475464768583,0.0003246603878196186,0.0006867814491416527,1.161843256922813e-05,1.222300879067946e-05,1.197104923865942e-05
2050.0,0.1460910587759099,0.001360767328669611,0.0003209438874985371,0.0006875364906342176,1.160357785770842e-05,1.218088683785386e-05,1.19508895686083e-05
2051.0,0.1455019210547835,0.001647021426101386,0.0003238307088630154,0.0006882829022903621,1.160140131745399e-05,1.215838213575683e-05,1.192044593887338e-05
2052.0,0.1450467175467064,0.00135319807023573,0.0003163600604042669,0.0006891057845065349,1.16078992530749e-05,1.21355642467241e-05,1.188823369887755e-05
2053.0,0.1465935165435165,0.00126546902791426,0.0003132615448064776,0.0006898701240007682,1.165288678678661e-05,1.211000785437482e-05,1.189318063517696e-05
2054.0,0.1449288382079816,0.001627397671574615,0.0003179678048856548,0.0006907513137805377,1.164185363486233e-05,1.21082046084122e-05,1.191456757063288e-05
2055.0,0.1450670864443938,0.001574516182853548,0.0003155779566558649,0.0006916627376485499,1.165338241276437e-05,1.212099561712734e-05,1.186489529015703e-05
2056.0,0.1456125581737245,0.001457508711931142,0.000310911498255784,0.0006925190030297929,1.16259294625743e-05,1.211608340721496e-05,1.182991318013449e-05
2057.0,0.1454128829767313,0.001492987782693488,0.0003121324852226537,0.0006933903981497191,1.164311765651189e-05,1.210788294159932e-05,1.183019601658124e-05
2058.0,0.1452457179179016,0.001314775696644289,0.0003070369431815694,0.000694264668396138,1.164467656764593e-05,1.209776751536816e-05,1.182011678217877e-05
2059.0,0.1459026298332865,0.001575467387869643,0.0003086964689236298,0.0006950804642891841,1.162741346506942e-05,1.20905236719992e-05,1.178976549901043e-05
2060.0,0.14545472814559,0.001362752015859354,0.0003052225048459411,0.0006959809987436058,1.164567168955589e-05,1.210101213697324e-05,1.180299101433817e-05
2061.0,0.1466326303409764,0.001386696875853343,0.0003047997785021182,0.0006967676374920828,1.165981561924252e-05,1.212672855620199e-05,1.175756839754167e-05
2062.0,0.1453442705984172,0.00135060939308626,0.0003033233048968525,0.0006975141659224745,1.162179682119216e-05,1.209623714142019e-05,1.173247746491336e-05
2063.0,0.143675180862689,0.00129227364828193,0.0003004702518864073,0.0006983197258786253,1.16190362399152e-05,1.208771590169766e-05,1.171065889908274e-05
2064.0,0.1439791397306025,0.00109881330215244,0.0002950405067098571,0.0006990597820760975,1.160762739146941e-05,1.207578472432602e-05,1.166312423358579e-05
2065.0,0.1432914909267346,0.001104050982023271,0.0002939377456375506,0.0006997642318559235,1.16190877434958e-05,1.203008645429723e-05,1.165477879404018e-05
2066.0,0.1431011422547656,0.001389712784633719,0.0002965632102796127,0.00070045934119595,1.162087521093546e-05,1.200522833315373e-05,1.165788894199962e-05
2067.0,0.1429640775893936,0.001429112764528835,0.0002934508265472945,0.0007010885946696772,1.159969279395314e-05,1.200340246654131e-05,1.163083581777683e-05
2068.0,0.1429734562305893,0.00183808993483605,0.0002990542530303032,0.000701718691516478,1.158859319985306e-05,1.201275330120863e-05,1.161978113879756e-05
2069.0,0.142749660386271,0.001454350033721174,0.0002921340273326597,0.0007023378326451883,1.155248244573617e-05,1.198810834953186e-05,1.159721570694355e-05
2070.0,0.1424362703001536,0.001471598955020044,0.0002923074204966986,0.000702946815179696,1.156882435980005e-05,1.197995342793059e-05,1.158659198455322e-05
2071.0,0.142986067395439,0.001401727419518422,0.0002913535257265049,0.0007034736487920831,1.157942759554094e-05,1.200592795081185e-05,1.155455922093739e-05
2072.0,0.141948084454711,0.001354367349533336,0.0002893859967926254,0.000704018958248395,1.152702404538348e-05,1.200869846189925e-05,1.152770576220308e-05
2073.0,0.1415341252260883,0.001192745919935474,0.0002843495490136603,0.0007044445318027461,1.150971639656881e-05,1.199691047742431e-05,1.148913104129266e-05
2074.0,0.1410665116263785,0.001105314774092974,0.0002827030419204729,0.0007048273943617884,1.150162046218356e-05,1.193994552123978e-05,1.147130157701561e-05
2075.0,0.1400250735440763,0.001111290460155024,0.0002817800529249704,0.0007051966481506546,1.151698025510937e-05,1.193287249809649e-05,1.143987475209312e-05
2076.0,0.1401949354697541,0.001189769993274167,0.0002817135019956542,0.000705493679595238,1.149162380301893e-05,1.193450715887833e-05,1.142302870466899e-05
2077.0,0.1393163043351606,0.001258640807273883,0.0002814517667730571,0.0007057727181022256,1.146079972886241e-05,1.192329852002807e-05,1.138869806472514e-05
2078.0,0.1390584281321288,0.001506938130352342,0.0002814416863249837,0.0007060307706442991,1.144441794871951e-05,1.190447576291176e-05,1.13631864060347e-05
2079.0,0.1385582705740685,0.001301242768617746,0.000279130361111905,0.0007062114574586335,1.141595144760948e-05,1.188058027197622e-05,1.133005529866748e-05
2080.0,0.1393828391726563,0.001319589900005781,0.0002797906250972234,0.0007062580915956414,1.143349508299242e-05,1.187973086574829e-05,1.131345617183929e-05
2081.0,0.1386280813018343,0.001489436132333185,0.0002799836327327091,0.0007063091747184181,1.144784070352577e-05,1.188052824927716e-05,1.134995846491062e-05
2082.0,0.1386746197833428,0.0013480037043406,0.0002762140793136753,0.0007063729831847134,1.140916588473424e-05,1.186767376734237e-05,1.131059076943607e-05
2083.0,0.1380519204834328,0.001340334491631639,0.0002748751399089702,0.0007062727712927944,1.137881929072993e-05,1.183718357577159e-05,1.124724113936256e-05
2084.0,0.1378511664667485,0.001247579687370265,0.0002741917400945786,0.0007060841699100184,1.136968736739387e-05,1.183238903978844e-05,1.121977850664673e-05
2085.0,0.1377818496201433,0.001298300008403472,0.0002739750307671815,0.0007058449596342193,1.138746907374037e-05,1.183623898296733e-05,1.122203188310406e-05
2086.0,0.1382319238466634,0.001476090279286974,0.0002763891769367894,0.0007055613301605321,1.141216955465653e-05,1.183301404208939e-05,1.122052299984323e-05
2087.0,0.1373478115170757,0.001390543797461,0.0002762098384636571,0.0007052576178161715,1.137421767322773e-05,1.181350917626085e-05,1.118667541243657e-05
2088.0,0.1372966582298133,0.00144497367377057,0.000277376788769369,0.0007048494819837765,1.133668385895081e-05,1.181036446364622e-05,1.113665946197944e-05
2089.0,0.1377882966371742,0.001231242609585266,0.0002733992108744557,0.0007043274797773934,1.133870962418262e-05,1.182825714562312e-05,1.111429750467328e-05
2090.0,0.1375712998355831,0.001290815941718249,0.0002727621741618233,0.0007038769807740159,1.134283898273288e-05,1.180443867593704e-05,1.110679299979978e-05
2091.0,0.1371414177232382,0.001202501895605319,0.000270969274497326,0.0007033834240340449,1.133713739989291e-05,1.180152613853327e-05,1.10908372586724e-05
2092.0,0.1362630321574615,0.001124254732364975,0.0002681965503383028,0.0007028230368015744,1.131152155086936e-05,1.175130345376394e-05,1.1047855309071e-05
2093.0,0.136098782875214,0.001088527021084416,0.0002669823780816294,0.0007022229393349005,1.130803802135848e-05,1.173418206009954e-05,1.104114802138989e-05
2094.0,0.1365343534828868,0.001104280014986803,0.0002666523907108767,0.000701549855577718,1.13305246556366e-05,1.17382093717414e-05,1.103886407560423e-05
2095.0,0.1361398967746636,0.001093966848288572,0.0002665136456062501,0.0007008492280079207,1.133515844587094e-05,1.173385691493608e-05,1.101717423528585e-05
2096.0,0.1355585467407746,0.001375144181832633,0.0002698304116933286,0.0007002065040532985,1.129596237616798e-05,1.172186449689009e-05,1.10132407076151e-05
2097.0,0.1347378810600925,0.001139457258360149,0.0002652640547219531,0.0006995270015938818,1.124508018075861e-05,1.171141554939348e-05,1.096687755170751e-05
2098.0,0.1344390927544354,0.001049638242811008,0.0002659165462745224,0.0006988175934366081,1.123277047426321e-05,1.168296785136673e-05,1.092581728170246e-05
2099.0,0.1349566172924935,0.0009642203144725561,0.0002648470450303078,0.0006979871338707121,1.123679474924545e-05,1.166455248927214e-05,1.090583905949807e-05
2100.0,0.1351540605039569,0.001324959619783296,0.0002682496707035467,0.0006972592312909559,1.1253242973679e-05,1.167289046057848e-05,1.091882143347423e-05
2101.0,0.1356254301462199,0.00124296932988826,0.000268584131197153,0.0006965388353867801,1.122439785646319e-05,1.165907648071327e-05,1.090709523478847e-05
2102.0,0.1343528533825621,0.001125456853096725,0.000265504050064151,0.0006957660035975887,1.120355896175069e-05,1.163579774307722e-05,1.090003258428102e-05
2103.0,0.13430693032357,0.001006517821896584,0.0002625471590187687,0.0006950075575959387,1.118863869989248e-05,1.161134959370851e-05,1.086066426332083e-05
2104.0,0.1351137779532733,0.0009537062445462267,0.0002616696095617804,0.0006942214031388403,1.120298341660493e-05,1.161610814860257e-05,1.085002135087283e-05
2105.0,0.1346879785500908,0.001045228265111005,0.0002620092569473069,0.0006934652246042257,1.119711001116259e-05,1.16200468348803e-05,1.086087125821204e-05
2106.0,0.1343630802105662,0.001102836762760481,0.0002639182263185026,0.0006927444887900391,1.116978255732743e-05,1.159320296010358e-05,1.085436475367842e-05
2107.0,0.1340557934161444,0.001101103602063528,0.0002619024944554926,0.0006920090108520882,1.113497853426638e-05,1.159356978538782e-05,1.082810534706867e-05
2108.0,0.1339501082897686,0.0009102598280516017,0.0002602016389149343,0.0006912920658296716,1.111932847169304e-05,1.158467234284714e-05,1.080126008743319e-05
2109.0,0.1343160592883223,0.00107226084328414,0.0002626998614486242,0.0006906209875470002,1.113138120796468e-05,1.157686652466178e-05,1.080270700725653e-05
2110.0,0.1349461261101673,0.001031829473699364,0.0002614041341074974,0.0006898825231338976,1.110959198658614e-05,1.157896341877449e-05,1.079041693003437e-05
2111.0,0.1347607614240406,0.001059457474987013,0.0002613712043330519,0.0006891403335791558,1.109520651394516e-05,1.158246964250675e-05,1.077138502895036e-05
2112.0,0.1344897580313122,0.001039843503186512,0.0002603689837183322,0.0006883815359807334,1.110627386334793e-05,1.157444054352283e-05,1.07616368435695e-05
2113.0,0.1348663107282042,0.001060287993698025,0.0002622625346985865,0.0006875770836158612,1.110105246265338e-05,1.156235200445217e-05,1.075293395746188e-05
2114.0,0.1346036167569307,0.001105297199006421,0.000262591596009896,0.000686836947095585,1.111269311548132e-05,1.15861207677452e-05,1.078758941959161e-05
2115.0,0.1350957058136628,0.001038472108423421,0.0002616015327945305,0.0006861605369750797,1.111617922344399e-05,1.159873425611325e-05,1.080163413549903e-05
2116.0,0.1351722424393769,0.001058401452827962,0.0002628812926175419,0.0006854779816878384,1.106696314828629e-05,1.157399052109702e-05,1.078975411326217e-05
2117.0,0.1348520668344013,0.001062459312461846,0.0002626370956065992,0.0006848293373590106,1.108659583229e-05,1.157230569526084e-05,1.081573603509123e-05
2118.0,0.134321275583079,0.001054659105580794,0.0002622852664471966,0.0006841744857101895,1.105879266068277e-05,1.155216885529394e-05,1.078915470368913e-05
2119.0,0.1332275076433878,0.0009862626623514746,0.0002609313204062246,0.0006834891859011812,1.101191151782927e-05,1.153365676664323e-05,1.075409861914083e-05
2120.0,0.133442070250295,0.001275097064086695,0.0002638040944384954,0.000682785783698487,1.101229298159836e-05,1.151912212139343e-05,1.075590591763578e-05
2121.0,0.1327301163423923,0.001115109492537252,0.0002611042888689433,0.0006821500442148569,1.100998502603893e-05,1.151119325930821e-05,1.073609697821849e-05
2122.0,0.132866666217956,0.001038200314354517,0.0002608937334182536,0.0006815290016131182,1.098188821106965e-05,1.149745707106149e-05,1.071784509202381e-05
2123.0,0.1328960231689326,0.0009499638031803103,0.0002592053450395737,0.0006808439366643709,1.095698712261492e-05,1.149191127234309e-05,1.06909590229594e-05
2124.0,0.1331381342466558,0.001062899255127571,0.0002610099073823117,0.0006801793503722999,1.095421546032983e-05,1.149673414348894e-05,1.069215519107129e-05
2125.0,0.1333441346035277,0.001140050522143485,0.0002619290807818307,0.0006795241342011945,1.094802454452829e-05,1.148416933938275e-05,1.067970426443073e-05
2126.0,0.1328190876316029,0.001142111379512971,0.0002614894517383695,0.0006789218292383667,1.095167428266605e-05,1.147976335079592e-05,1.069693339281961e-05
2127.0,0.1338383039699442,0.001170724031780855,0.0002617989380904093,0.0006782621676393306,1.092667959121152e-05,1.146210177394872e-05,1.067515780488747e-05
2128.0,0.1333178008800049,0.001166697100752376,0.0002630534740905717,0.0006776301799749637,1.094285373734851e-05,1.148268291915154e-05,1.06775660756422e-05
2129.0,0.133398633891405,0.0009706190331127183,0.0002592258485412082,0.0006770211382334755,1.094495702287063e-05,1.147992745930492e-05,1.068464633738696e-05
2130.0,0.1335547756285137,0.00104703426508669,0.0002604418159578054,0.0006764007577458596,1.094636330472974e-05,1.145090264897745e-05,1.068635905229131e-05
2131.0,0.132893773805161,0.0009541253282890307,0.0002589112891776827,0.0006757791759013262,1.09166251782572e-05,1.144838332112489e-05,1.064991990163579e-05
2132.0,0.1320196949732666,0.001053831464304582,0.0002603968341853214,0.0006751776929608781,1.089722879195026e-05,1.143754489759128e-05,1.062922311067442e-05
2133.0,0.1321016775813816,0.001290489451067152,0.0002631577828637713,0.0006745808252784213,1.089479571953366e-05,1.141554321493998e-05,1.059093735938337e-05
2134.0,0.1318512143073942,0.001188416446539335,0.0002623136674427799,0.0006739729236369342,1.087140984338388e-05,1.140485548983838e-05,1.057285777663648e-05
2135.0,0.1315526439221227,0.0011811396246325,0.0002618236212119006,0.0006734183414362632,1.0872478341849e-05,1.140060175643612e-05,1.056619844800991e-05
2136.0,0.130993830584909,0.00112161692507435,0.0002601679606640593,0.0006728788236343434,1.086214389802779e-05,1.138826691617554e-05,1.05416211763759e-05
2137.0,0.1316546634496323,0.0009847347910033615,0.0002584600050255621,0.0006722613859776612,1.085236337105751e-05,1.136504821752023e-05,1.053492703765801e-05
2138.0,0.1316171253044208,0.00121332991326406,0.0002642390162676842,0.0006717333969424099,1.087295700563332e-05,1.137976369900478e-05,1.052889425992147e-05
2139.0,0.1324685006612264,0.001332949661081623,0.0002653056575368334,0.0006712017145958247,1.09231696756774e-05,1.139067601591933e-05,1.053137230570686e-05
2140.0,0.1328348296580972,0.001255487489760199,0.0002641343086563624,0.0006706278313694319,1.090372834285349e-05,1.136857948683501e-05,1.049837105184348e-05
2141.0,0.1319203727912928,0.001096022718376595,0.0002614542120735557,0.0006700592770930237,1.088713455650999e-05,1.136012411188213e-05,1.050064925407842e-05
2142.0,0.1316432191120816,0.001092242195398122,0.0002596991079920947,0.0006694978126528379,1.088623143464983e-05,1.135357268559334e-05,1.048746297166974e-05
2143.0,0.1321320440854203,0.001170134501701505,0.0002597414619562221,0.0006689158081589064,1.089727134430968e-05,1.135013148816623e-05,1.047392235699927e-05
2144.0,0.1312927601889513,0.001123491641106891,0.000257781797889619,0.000668325488508352,1.08886529415415e-05,1.132630201614864e-05,1.04371248962526e-05
2145.0,0.1308440782462334,0.001221870275676366,0.0002599184691923256,0.0006677077908738521,1.08936532140302e-05,1.131537159362241e-05,1.042206745299886e-05
2146.0,0.1308685586315447,0.001084411459359931,0.0002570865977489873,0.0006670325946768526,1.088149439381773e-05,1.130142418843134e-05,1.039139277447881e-05
2147.0,0.1306901230322554,0.001021787097378681,0.0002557071884465406,0.0006663551738721246,1.086876167969179e-05,1.12932929825653e-05,1.03663599836212e-05
2148.0,0.1312271831906474,0.0009421000213827642,0.0002542259618877136,0.0006656287537738362,1.086308676045035e-05,1.128028408610669e-05,1.03510904244547e-05
2149.0,0.1306467837511284,0.001121147978757606,0.0002567827904170842,0.0006649215132178303,1.092981913815822e-05,1.128703920765549e-05,1.035900285795089e-05
2150.0,0.1310978086892491,0.001083167389885991,0.0002558539373278399,0.000664131252983825,1.094729255748721e-05,1.126206925697438e-05,1.032107131399654e-05
2151.0,0.1304527331721391,0.001270775158041456,0.0002561497248800853,0.0006633169148910587,1.093376909123288e-05,1.124659414058081e-05,1.030058085902366e-05
2152.0,0.1297912917360192,0.001259222490769872,0.0002573153674446519,0.0006624747257677111,1.092068102924213e-05,1.12162173708358e-05,1.030136108519541e-05
2153.0,0.1304640921531997,0.001290755086815723,0.0002569259958769187,0.0006615697525564817,1.089902603724418e-05,1.121549196621186e-05,1.027897371571517e-05
2154.0,0.1300544039502254,0.001148947355241328,0.0002539387613012333,0.0006606375462114776,1.090062331546577e-05,1.121277744364296e-05,1.026211790425842e-05
2155.0,0.1292985113169793,0.001054169277857476,0.000252587950632144,0.0006597139832261453,1.091098317643355e-05,1.121059203636868e-05,1.02595966178907e-05
2156.0,0.1286010319782897,0.001009940270607314,0.0002500426651564471,0.0006587434385145961,1.0888085348231e-05,1.11723027483948e-05,1.020070765088579e-05
2157.0,0.128817470542641,0.0009101442141437509,0.0002489812677241603,0.0006577081445858534,1.087369950165866e-05,1.116339096012188e-05,1.017294395056723e-05
2158.0,0.1291567281654894,0.001051509312149108,0.0002510097177943136,0.0006566225217148226,1.0899131469073e-05,1.116215404359192e-05,1.017948936846564e-05
2159.0,0.1288372562661422,0.001284235073593032,0.0002532344736854351,0.000655605307531886,1.094383780778818e-05,1.11606567576749e-05,1.01812442890802e-05
2160.0,0.1294757362508601,0.001246108276141774,0.0002535651902766654,0.0006545393703716565,1.097817831370184e-05,1.117390480574676e-05,1.014774076820228e-05
2161.0,0.1279684878442919,0.00119103856853611,0.0002507260408931076,0.0006534438875362984,1.094502350897405e-05,1.111454809850825e-05,1.010988051871613e-05
2162.0,0.1277434031524636,0.00111177641337383,0.0002503291417821164,0.0006523287276199922,1.092712575348204e-05,1.109160244556259e-05,1.011365508716838e-05
2163.0,0.1276594404829334,0.00113794832170243,0.0002487344002369329,0.0006511568353461008,1.089225312359186e-05,1.106615484396728e-05,1.009464932564246e-05
2164.0,0.1274543270242564,0.001156300715970629,0.0002485820497373863,0.0006499605712694551,1.090348797922924e-05,1.107427237391464e-05,1.011363799479725e-05
2165.0,0.1269241532930469,0.001086275429336138,0.000247235185149964,0.0006488031747497779,1.087476284857929e-05,1.104285798284067e-05,1.00955309251879e-05
2166.0,0.1260193621103813,0.0009727467153836537,0.0002447661341010908,0.0006476784792990529,1.08647135052629e-05,1.101426662221048e-05,1.005405082232166e-05
2167.0,0.1265084077076125,0.0009707686422447748,0.0002431881693209177,0.0006465213596989094,1.087320042872785e-05,1.101276579349975e-05,1.002954505086462e-05
2168.0,0.1266523691922509,0.001301850910469153,0.0002476926761167581,0.0006453555549432799,1.092701691932381e-05,1.102534200607962e-05,1.003510470785713e-05
2169.0,0.1267050853360743,0.001194258229884613,0.0002475067250217678,0.0006441815695014775,1.093596338742265e-05,1.099390384647438e-05,1.002232637873723e-05
2170.0,0.1264672382310988,0.00118849720591301,0.0002462189281857963,0.0006429765009536463,1.092037597606207e-05,1.098456782691291e-05,1.002046442692654e-05
2171.0,0.1267665142858762,0.001068667684820899,0.0002433736474307082,0.0006418675106782839,1.093114293207286e-05,1.099817092286355e-05,1.002101108738419e-05
2172.0,0.1270087772850228,0.001040152143488908,0.0002426954061168407,0.0006407218366523246,1.092170893732836e-05,1.097429520377733e-05,9.995928875952919e-06
2173.0,0.1263281031307871,0.0009437399253839505,0.0002398303912237343,0.0006395666936042876,1.09033563569187e-05,1.094422994394997e-05,9.99160321793568e-06
2174.0,0.1264573671884792,0.001133321207015322,0.0002407048723462811,0.0006383765024750023,1.091345775055024e-05,1.094162614941534e-05,9.986818686822572e-06
2175.0,0.126325671498236,0.001006508584020607,0.000240255639997463,0.0006372056314011761,1.088325555003739e-05,1.091315895474105e-05,9.977734233915012e-06
2176.0,0.1265489143483344,0.00102704383611296,0.0002391746543759779,0.0006360538821489596,1.087527615739584e-05,1.091439142097753e-05,9.976641817696948e-06
2177.0,0.1260324895825316,0.001065673622667573,0.0002393566535312033,0.0006349787201617294,1.090322173814706e-05,1.091560691893179e-05,9.96957418669159e-06
2178.0,0.1255991757793286,0.001036469424886896,0.0002380854107165254,0.0006339039857910524,1.090178067046225e-05,1.088262601575807e-05,9.931485938014235e-06
2179.0,0.1249717556405659,0.001027150740610844,0.0002370476896562437,0.0006327936223094509,1.089023232833489e-05,1.085518495299738e-05,9.89547618366843e-06
2180.0,0.1252224897385107,0.001003846865330594,0.0002348207979604755,0.0006315980810768168,1.086801890193089e-05,1.082464098186671e-05,9.879248606391009e-06
2181.0,0.1247680387098391,0.001013667941355399,0.0002355410890985869,0.0006304933618332186,1.085749501481791e-05,1.082170262265964e-05,9.894532042682686e-06
2182.0,0.1259911500067037,0.001054396718798148,0.0002356373343485176,0.0006293872030125754,1.086291515831882e-05,1.082712269828353e-05,9.892341017879016e-06
2183.0,0.1253578832379748,0.001150180391100757,0.0002364941140036091,0.0006283275018276257,1.084338920942497e-05,1.081047060342057e-05,9.883565887670409e-06
2184.0,0.1245187838931529,0.001022081479349796,0.0002336887416924771,0.0006273071241153176,1.083619949196086e-05,1.077949578067928e-05,9.856683990530197e-06
2185.0,0.1254336222490998,0.000902716908335575,0.0002312054360476704,0.00062621227144839,1.082743716096169e-05,1.077855509128572e-05,9.830234266695116e-06
2186.0,0.1250916837397087,0.0009627756447222276,0.0002318587245692903,0.0006252429801328451,1.085332834641158e-05,1.078797027742313e-05,9.859969756179767e-06
2187.0,0.1258394896979438,0.0009881660707767696,0.0002315584138025953,0.0006242783994997925,1.087003143215299e-05,1.078748294809323e-05,9.872717230398902e-06
2188.0,0.1250215954736769,0.001062411064350631,0.0002330839771988018,0.0006233280179082496,1.084473488039824e-05,1.077283436138511e-05,9.861057739184811e-06
2189.0,0.1246038294709069,0.0009101891633402474,0.0002290223679064935,0.0006224632208422806,1.082410826378049e-05,1.073782763292525e-05,9.827192506191905e-06
2190.0,0.1251551316859146,0.001026371633215888,0.0002306558597912683,0.0006215685989379217,1.082809111664113e-05,1.071735569799979e-05,9.835237861844306e-06
2191.0,0.124118121827991,0.0009508973621714714,0.0002279874611601764,0.0006208266615285829,1.079774376321076e-05,1.071135882098738e-05,9.825337890949393e-06
2192.0,0.1235415102160356,0.0009879164289466529,0.0002286607249810497,0.0006201125352508075,1.078498645813171e-05,1.06808354863668e-05,9.786413193582452e-06
2193.0,0.1237894621303865,0.0009524893598760528,0.0002275482118850436,0.0006194603871709636,1.077444809052079e-05,1.067431017952002e-05,9.78305552913868e-06
2194.0,0.1241358371375782,0.0008891352372472631,0.0002253518956608164,0.0006188775127041776,1.077304683845249e-05,1.066597023044985e-05,9.774395860342053e-06
2195.0,0.1253308644085425,0.001185096048338264,0.0002295410217115073,0.0006183832417278495,1.081364993512262e-05,1.070634496441286e-05,9.785739945999816e-06
2196.0,0.1254788860920387,0.001084019861556717,0.0002277165572740665,0.0006179270943018168,1.081420419704649e-05,1.06981315938372e-05,9.786761903525685e-06
2197.0,0.123768782696436,0.00100186870028135,0.0002264152573858229,0.0006175004288008461,1.075273947385137e-05,1.067024366821181e-05,9.771828769759943e-06
2198.0,0.1234944554245379,0.0009764028346332362,0.0002256741931274181,0.0006171719668103186,1.074419861287992e-05,1.064357834290019e-05,9.767479159884147e-06
2199.0,0.1236431961552435,0.0009175357377626144,0.0002239692351556829,0.0006168966162172858,1.073877905115112e-05,1.062912799990164e-05,9.784100326669825e-06
2200.0,0.1240462211289166,0.0009658463094943718,0.0002250108650003453,0.0006166127700376626,1.072476221835602e-05,1.061764018731736e-05,9.771770185808442e-06
2201.0,0.122755849330489,0.0009039977803838463,0.0002229906718423488,0.0006164757430802144,1.069593262213618e-05,1.060666121770363e-05,9.770525857811122e-06
2202.0,0.1227433347627435,0.0008887113473897548,0.0002231086253826823,0.0006164076850065005,1.069082161552707e-05,1.058890308694144e-05,9.760119865272167e-06
2203.0,0.1232380250257249,0.0009105729427104813,0.0002221985120793465,0.0006163333735933758,1.067295573761335e-05,1.058575277624312e-05,9.736809436462179e-06
2204.0,0.1231468657170904,0.001141590096941121,0.000225650134718956,0.0006163241045335128,1.069448279493134e-05,1.058593128799422e-05,9.744972423580446e-06
2205.0,0.1236824624318115,0.001073244807002393,0.0002245677932822395,0.000616327237273741,1.069681435942558e-05,1.058146418718955e-05,9.75217084564297e-06
2206.0,0.1228714578617206,0.001003011706736994,0.0002232935921633106,0.0006164477453249967,1.066116847766628e-05,1.058465255808772e-05,9.745157515322331e-06
2207.0,0.1232747104469625,0.001087966173238277,0.0002241562532333064,0.0006166181832724696,1.066692471475911e-05,1.05868993797842e-05,9.74356601664404e-06
2208.0,0.1234678030653486,0.0009825124502193224,0.0002216204350500236,0.000616773247042431,1.062028301458737e-05,1.054863191752445e-05,9.733587864676371e-06
2209.0,0.1227651329062555,0.000985378413659436,0.0002218029027686484,0.0006169346242925184,1.0600642623802e-05,1.053532929868594e-05,9.728236714460071e-06
2210.0,0.1238630511846583,0.0009459310188289586,0.0002219236047643677,0.0006170765598893294,1.059336609202975e-05,1.054020720948843e-05,9.742560720101715e-06
2211.0,0.1238882854606865,0.0009620561503180209,0.000222285449700713,0.000617228961431799,1.058984119524531e-05,1.054042834262313e-05,9.773687052640855e-06
2212.0,0.1237991647209332,0.001268260152401365,0.0002262078894061209,0.0006174189361606093,1.060033873484495e-05,1.057851586922625e-05,9.800964690644517e-06
2213.0,0.1235032998894216,0.001210570733894565,0.0002266683543903765,0.0006175453457046486,1.055859647365435e-05,1.054219589975996e-05,9.770746151234921e-06
2214.0,0.1232185694643991,0.0009975435086126878,0.0002220138640917414,0.0006177486263850798,1.053286264511782e-05,1.05356325228074e-05,9.748116424460044e-06
2215.0,0.1233977485032562,0.001057837404707999,0.0002219452463284775,0.0006179480935669254,1.053408007779524e-05,1.052729502330218e-05,9.733190730306003e-06
2216.0,0.1237939567448935,0.001052811139962747,0.0002219965373021174,0.000618146303796442,1.051365644482477e-05,1.049087086430167e-05,9.737618127970182e-06
2217.0,0.1235538206851257,0.0009880511891044712,0.0002203474437137923,0.0006183510670509267,1.05220023028601e-05,1.049510439137493e-05,9.747432759536577e-06
2218.0,0.1226612349326366,0.001081948507158562,0.0002216569062255152,0.0006185750002998385,1.050072212977588e-05,1.047558687710011e-05,9.736944312494957e-06
2219.0,0.1232821113418267,0.001038489734337687,0.0002210296775464264,0.000618758248030902,1.048191336733151e-05,1.047461306440633e-05,9.721818907943115e-06
2220.0,0.1244422760233597,0.001004951303292501,0.0002215814936971016,0.0006190295892106924,1.048098384794842e-05,1.048510053253268e-05,9.736404994705562e-06
2221.0,0.1256662577439022,0.001130569071509855,0.0002223002324245726,0.0006193842810628314,1.050658439434382e-05,1.058104793773955e-05,9.792454382108198e-06
2222.0,0.1251780119786159,0.0009957153971527953,0.0002213452527956676,0.0006196537928344297,1.046521079594725e-05,1.056150159881132e-05,9.778114554417891e-06
2223.0,0.1238130746599107,0.001055294412384959,0.0002222339471756656,0.0006199626264827084,1.042904875411236e-05,1.051345669867897e-05,9.763154603615557e-06
2224.0,0.1235774428485606,0.001066246083548084,0.0002223547345638805,0.0006202691601213741,1.042005372759953e-05,1.049015472154237e-05,9.757883783250049e-06
2225.0,0.1239130835751409,0.0009662258474104827,0.0002202038557071961,0.000620551693514672,1.041624028956514e-05,1.047876481974463e-05,9.789039879161753e-06
2226.0,0.1228116189815615,0.00112047233665188,0.0002244229364596181,0.0006209044979968586,1.037416258274621e-05,1.044894591784679e-05,9.763732300023837e-06
2227.0,0.1226333083085592,0.001053206385170275,0.0002225183066960314,0.0006212635013301311,1.034763922866951e-05,1.044520094680612e-05,9.74475750192344e-06
2228.0,0.1217972931587919,0.0009688134876906577,0.0002218812689287971,0.0006215704169261719,1.032517132199432e-05,1.041113444955893e-05,9.728708234887599e-06
2229.0,0.1214688774937391,0.000970703270875714,0.0002210211659083773,0.0006218648428010947,1.031185298622764e-05,1.039563559280445e-05,9.703747982335305e-06
2230.0,0.1214592450923179,0.001047408410682135,0.0002227348267500068,0.000622215675123291,1.031115211594056e-05,1.040063615611505e-05,9.703315558613363e-06
2231.0,0.1225909455710775,0.0009702562054996187,0.0002206048026226283,0.0006226115790475421,1.031851051751071e-05,1.04359949732063e-05,9.700872025049155e-06
2232.0,0.1217068786259536,0.001150798334831377,0.0002241874017367547,0.00062300216107174,1.028792696273708e-05,1.042058279091484e-05,9.71668461051729e-06
2233.0,0.1224225323263862,0.001115092622298447,0.0002257385993597268,0.0006234273742179226,1.025037990256819e-05,1.041268354991909e-05,9.730034291574124e-06
2234.0,0.1218847786296111,0.001011069961888117,0.0002244583400160567,0.000623866364735852,1.022441234090368e-05,1.038738983203848e-05,9.743765163972252e-06
2235.0,0.1215680826603467,0.001056574617684771,0.0002238991854189461,0.0006243885169120481,1.02184176654515e-05,1.038813352132817e-05,9.752913329512683e-06
2236.0,0.1210838496030333,0.0009848166385475758,0.0002239773613237351,0.0006249387736125026,1.018983077384983e-05,1.037679108754455e-05,9.736836012164592e-06
2237.0,0.1209661469950566,0.0008808251836336873,0.000221354276745447,0.0006255084820408123,1.015905033182087e-05,1.035895440497756e-05,9.714270888686849e-06
2238.0,0.1215777467073929,0.001344844977268196,0.0002294792597503637,0.0006261529992685101,1.01785122449532e-05,1.038016855124132e-05,9.718638966874512e-06
2239.0,0.1221270249861945,0.001245269130064889,0.0002293670402568341,0.000626850482379674,1.016829480332006e-05,1.038244567939062e-05,9.723197039831337e-06
2240.0,0.1217978290254154,0.001180485314880696,0.0002268773500701568,0.0006275357989712363,1.011515332487758e-05,1.036673800702271e-05,9.69426371779773e-06
2241.0,0.1216614539558055,0.001026429825445909,0.0002249323215743568,0.0006282680313386883,1.010723895682427e-05,1.034069958392541e-05,9.701508158378194e-06
2242.0,0.121298748717793,0.001039176402393588,0.0002257597771479149,0.0006289863501443354,1.011411330925931e-05,1.033719304067251e-05,9.702402634547608e-06
2243.0,0.1219016393411731,0.001011427843794812,0.0002244563875170446,0.0006296943203437908,1.007724900824973e-05,1.033882673831413e-05,9.706818442418138e-06
2244.0,0.1215832029781744,0.001142520844400569,0.000227380160276345,0.0006304608877646656,1.009546488737344e-05,1.037736074731316e-05,9.738122039567975e-06
2245.0,0.1222395869222345,0.001069296649680478,0.0002268304898585791,0.0006312266023890549,1.005503679953885e-05,1.038443600687183e-05,9.733170269767073e-06
2246.0,0.1226319800353207,0.0011974023946607,0.0002281655680269251,0.0006319771249303187,1.006320594655689e-05,1.039126362162372e-05,9.758125363226729e-06
2247.0,0.1219774828522871,0.001042542617281854,0.0002268096666017862,0.0006327417312553819,1.003428540637591e-05,1.036071257084669e-05,9.74491688827424e-06
2248.0,0.1221906217183503,0.001063590290633057,0.0002261553694038459,0.0006335053254307321,1.000965827709145e-05,1.034138759344301e-05,9.73099333744192e-06
2249.0,0.1234019616506809,0.001290928485465782,0.0002292805721158877,0.0006342608374306295,1.000383694755742e-05,1.035266344671968e-05,9.725070016553108e-06
2250.0,0.121861731444086,0.001376389588907087,0.0002295255960507919,0.0006350376577990835,1.001160971723143e-05,1.034603522168479e-05,9.730842584942612e-06
2251.0,0.1213998483397368,0.001344894731998971,0.0002304214258510966,0.0006357909557286108,9.985983131163124e-06,1.031713600808938e-05,9.721175851225062e-06
2252.0,0.1214956130147418,0.001168253463747845,0.0002295164685307125,0.0006365945147488541,9.975483210862462e-06,1.032065418794839e-05,9.722257184708896e-06
2253.0,0.1226345805674296,0.001070485127000742,0.0002294576122237223,0.000637292691101447,9.922622029515125e-06,1.032310154561041e-05,9.747977230199915e-06
2254.0,0.1209854663493232,0.001043226924183055,0.0002294841699993343,0.0006380561288096714,9.94684849683115e-06,1.031632985258128e-05,9.763306337693742e-06
2255.0,0.1217135104178773,0.001072365503447452,0.0002301870899459181,0.0006387738711981862,9.935876282293567e-06,1.031969969994081e-05,9.754967061826538e-06
2256.0,0.1209384137109274,0.001176871107166732,0.0002327570587214835,0.0006394992152090348,9.885636108392522e-06,1.031451270872095e-05,9.748484641475304e-06
2257.0,0.1214926992440069,0.001099777061094938,0.0002316123626269461,0.000640181981455125,9.86191097218593e-06,1.031431240932144e-05,9.760107241850926e-06
2258.0,0.1205201638627859,0.001021214704016298,0.0002309881971028553,0.0006408627181889719,9.840108554118732e-06,1.028877993639306e-05,9.781240906902915e-06
2259.0,0.1201014232610316,0.00107049048062086,0.000230546796184284,0.0006415671447704523,9.817952913630306e-06,1.028675387119592e-05,9.7640112181946e-06
2260.0,0.1195995434226787,0.0009751232159481602,0.0002296410774995353,0.0006422796219060549,9.794229093087845e-06,1.026378370615204e-05,9.77485732427713e-06
2261.0,0.1196109891547704,0.0009689508524651125,0.0002295684959141684,0.0006429688056489056,9.765329107914963e-06,1.026065450030415e-05,9.760963322925974e-06
2262.0,0.1192708920542889,0.001174916218000961,0.0002337719207782943,0.0006436781825140852,9.792058377655688e-06,1.026504820039642e-05,9.77432873330509e-06
2263.0,0.1201989199968019,0.001066320613881222,0.0002321477606154189,0.0006443610640042833,9.762067122138697e-06,1.026398422031395e-05,9.763765066276266e-06
2264.0,0.1205524899738438,0.001101278712975872,0.0002321249128300902,0.0006449982890673365,9.729295729993375e-06,1.026890838049523e-05,9.764368549706919e-06
2265.0,0.1211936985152294,0.001247685663075539,0.0002352566561517658,0.000645598451259847,9.747027469732228e-06,1.02714988891813e-05,9.786902305683384e-06
2266.0,0.1212426868256543,0.001239693394251612,0.0002364645660876482,0.0006462566463776147,9.802380040618716e-06,1.029910400584302e-05,9.846242197425473e-06
2267.0,0.1214734578630918,0.001199999465611079,0.0002358280322265018,0.0006468514336387457,9.75653296240772e-06,1.028280692878526e-05,9.838062414656544e-06
2268.0,0.1202467561193273,0.00111409380866789,0.0002365327686649071,0.0006474216945024808,9.734716073487834e-06,1.027491856789209e-05,9.845366783454108e-06
2269.0,0.1201565087336454,0.00109188833548991,0.0002354692889268695,0.0006479774895347017,9.702512737402783e-06,1.026425408532761e-05,9.852302062062246e-06
2270.0,0.1203356838146939,0.001287334682529663,0.0002381739006361302,0.0006484817474159112,9.675354164009363e-06,1.026104697855777e-05,9.839563347387714e-06
2271.0,0.1202975977193437,0.001311050096930758,0.0002368090269946208,0.0006490043934477009,9.687722708762724e-06,1.02649394874382e-05,9.863862969338598e-06
2272.0,0.1203304826143287,0.001374719058403013,0.0002383227929938123,0.0006494811484775565,9.670246363312496e-06,1.026419453828253e-05,9.854042580811338e-06
2273.0,0.1193876881062774,0.00116389594492258,0.0002376071869952197,0.000649944596611169,9.655304979070538e-06,1.023265554384897e-05,9.859710181390968e-06
2274.0,0.1189039516352288,0.001360849957901865,0.0002404138931391576,0.0006504255962499852,9.667343137432924e-06,1.021794238084946e-05,9.861681001506875e-06
2275.0,0.1189857346815928,0.001171705629448676,0.000237743074937089,0.0006508639055523364,9.62123360914098e-06,1.019653879615322e-05,9.855770385817864e-06
2276.0,0.1183686454013545,0.001076852120688134,0.0002376664554507149,0.0006513509788098652,9.61419100234364e-06,1.0216497609161e-05,9.852965448762502e-06
2277.0,0.1183066092308247,0.001160170883135895,0.0002397927763385726,0.0006518118054393665,9.601511102121226e-06,1.020703405514657e-05,9.866646608265548e-06
2278.0,0.1188101651257201,0.001109496700227734,0.0002382170738324554,0.0006521895100652821,9.567660973127155e-06,1.020428938001894e-05,9.852086409978404e-06
2279.0,0.117712316382695,0.001144082749607712,0.0002392706220439203,0.0006525863393667032,9.5859514018477e-06,1.020008128746578e-05,9.856175915626303e-06
2280.0,0.1184869783326151,0.001092174808477574,0.0002387513233803162,0.0006529521200206109,9.600980462489556e-06,1.019152655306445e-05,9.878062421157455e-06
2281.0,0.1182109205186492,0.001165425041556833,0.0002413203752733907,0.0006532934456529517,9.606810264683329e-06,1.020572042646802e-05,9.887672747451575e-06
2282.0,0.1188744841142665,0.001107254064387068,0.0002416847913369687,0.0006536025068270535,9.596148831157091e-06,1.020020429902511e-05,9.882068949833869e-06
2283.0,0.1181590907086316,0.0009857594339588956,0.0002392202503121091,0.0006539151292292907,9.582305231524921e-06,1.019107923627183e-05,9.87454139432847e-06
2284.0,0.1179768218666622,0.001127550690036497,0.000240338694393919,0.0006542015793752731,9.56330544359571e-06,1.019327807427459e-05,9.876798711089248e-06
2285.0,0.1177085437980311,0.001286547688933071,0.000244774931789947,0.0006544855173311711,9.559218969479077e-06,1.017569687585984e-05,9.871549098568493e-06
2286.0,0.1168813615779539,0.00100765213331867,0.0002390869475194919,0.0006547672787591957,9.535832517367945e-06,1.015341546780751e-05,9.876575139081495e-06
2287.0,0.1170813891481727,0.001306940132090803,0.0002423184332679947,0.0006550599320667443,9.564010921260648e-06,1.016717203018066e-05,9.895302199146088e-06
2288.0,0.1173151422552116,0.001192498913990789,0.0002437317529790573,0.0006553006146688825,9.53050940323594e-06,1.014980718722414e-05,9.87583044003145e-06
2289.0,0.1164064031834247,0.001017223153722245,0.000240695405879972,0.0006555455647429003,9.5306280804955e-06,1.014567300931446e-05,9.886085401593373e-06
2290.0,0.1175218600041174,0.001036602575607703,0.0002403305644487851,0.0006557565772778877,9.537422651022288e-06,1.01500252411945e-05,9.888012078126127e-06
2291.0,0.1181723306459524,0.001014165904213264,0.0002408120097431685,0.0006560606656133707,9.593139601098792e-06,1.018525501783512e-05,9.90882073554625e-06
2292.0,0.1178454495276171,0.0009307838939612446,0.0002403910803206271,0.0006563373525684591,9.590576315225478e-06,1.018473567854274e-05,9.909978420577801e-06
2293.0,0.1179271438232173,0.001142972076250822,0.0002448776821934301,0.0006565946593639543,9.61185697383139e-06,1.018223520053674e-05,9.944685282770232e-06
2294.0,0.1177705333920326,0.001016241254689348,0.0002433136930719842,0.0006568366066243871,9.582589415754203e-06,1.016317094252993e-05,9.925992219110621e-06
2295.0,0.1167342776562691,0.001058764667830976,0.0002429911353472036,0.0006571213455288227,9.58164158983245e-06,1.015852560564165e-05,9.924945253626998e-06
2296.0,0.1164735801396402,0.001213037995080039,0.0002457624406029144,0.0006574484273650685,9.572511756807945e-06,1.01588823651842e-05,9.915760551350288e-06
2297.0,0.1168523822195423,0.001246959389093567,0.0002453395469377079,0.0006577819835472058,9.569574040253651e-06,1.015358997250775e-05,9.903986133748405e-06
2298.0,0.1159233794568399,0.001137381747036983,0.000245223282198629,0.0006581571670965282,9.57997355183125e-06,1.013952979209487e-05,9.907383311766183e-06
2299.0,0.1168503917221227,0.001110124421280498,0.0002447988081421134,0.0006585615344298094,9.567480037795875e-06,1.015451629963249e-05,9.911635409029841e-06
2300.0,0.1167780537259878,0.0009961831223545858,0.0002433802243188991,0.0006590048315070137,9.566801787378474e-06,1.016959900997661e-05,9.933858389937345e-06
2301.0,0.1168984062463911,0.001016722868186783,0.0002456889900597576,0.0006594525705260778,9.584344855573702e-06,1.016914154168317e-05,9.94316552701938e-06
2302.0,0.1166182565798741,0.0009867875671982873,0.0002434987802136196,0.000659913601168984,9.580264639825829e-06,1.017285760827728e-05,9.942241000827387e-06
2303.0,0.1161184695052235,0.001053587558648492,0.0002457279809206647,0.0006604448275339477,9.597631259584345e-06,1.016328843491527e-05,9.931955449370429e-06
2304.0,0.1174792543808837,0.0009299471621216458,0.0002431240012692386,0.0006609458479451369,9.582950242696896e-06,1.017396763533403e-05,9.937674445676597e-06
2305.0,0.1173609366034108,0.001073883358296039,0.0002454161849239756,0.0006615114644242346,9.664829304932922e-06,1.022258192007479e-05,9.977075680773354e-06
2306.0,0.1172873572612804,0.001075962414195338,0.0002455671531495122,0.0006620649062118143,9.6845856823651e-06,1.020319013164971e-05,9.970514014898234e-06
2307.0,0.1161881206987842,0.0009745417455164136,0.000243781372032162,0.0006626624688000346,9.649788971910787e-06,1.017773005172365e-05,9.96371544644014e-06
2308.0,0.116152322759608,0.0009710531017084527,0.0002436493592937925,0.0006632611210728364,9.637389442314271e-06,1.017896110833952e-05,9.953075320959362e-06
2309.0,0.1156207118723916,0.0009201628070185405,0.0002427063325387693,0.000663920818543273,9.628929526423067e-06,1.016920488134264e-05,9.949185088209022e-06
2310.0,0.1153839587355648,0.0009614483956765376,0.000244138491271175,0.0006645659056010272,9.639087761069755e-06,1.016820766385296e-05,9.95658970660999e-06
2311.0,0.1154453643939671,0.001007097519006414,0.000244234742036619,0.0006652546589501701,9.653642534830383e-06,1.016889730642078e-05,9.958221372526159e-06
2312.0,0.1155653871898491,0.0009634409110325366,0.000244857479486549,0.0006659832533191771,9.692515173795391e-06,1.020342281372481e-05,9.969030419355434e-06
2313.0,0.1152616276557598,0.000947913024069299,0.0002445545083209359,0.0006666773917192783,9.671479159318034e-06,1.017896429597935e-05,9.9377575274894e-06
2314.0,0.114465687461714,0.0009037404241365396,0.0002445172527549903,0.0006673907381577044,9.674776868513164e-06,1.015709474488944e-05,9.941928280531565e-06
2315.0,0.1143862081779836,0.0009600038722675895,0.0002448920707855051,0.0006681205372813583,9.687715130976803e-06,1.017193933415314e-05,9.952737668671056e-06
2316.0,0.1145856724863947,0.0008159669789949156,0.0002421148074318222,0.0006688023067146315,9.67064574391731e-06,1.015667201523467e-05,9.932969681771357e-06
2317.0,0.1147837179501347,0.0009657981331461475,0.0002445164377995362,0.000669571913127733,9.708909085687787e-06,1.019084275315192e-05,9.96809698457393e-06
2318.0,0.1158190363030295,0.001085094666173196,0.0002456156078225023,0.0006702758441363006,9.717949895875e-06,1.019832737202508e-05,9.975396220410307e-06
2319.0,0.1152541297731701,0.001133417352374807,0.0002460663831403246,0.000671003954762547,9.7340710327145e-06,1.020179886569652e-05,9.981060562736017e-06
2320.0,0.1148923986965034,0.001078842199064228,0.0002461154947336202,0.0006717293950656659,9.722749137943776e-06,1.021255100070634e-05,9.959431368464322e-06
2321.0,0.1155525439596143,0.00103207521794873,0.0002456666327919228,0.0006724472609255669,9.72707239251212e-06,1.022724450605091e-05,9.962751614948061e-06
2322.0,0.1154562472357467,0.00098201461414835,0.0002454888459344083,0.0006731769977152493,9.742548894588116e-06,1.021551107427282e-05,9.961084557536777e-06
2323.0,0.1159701156784205,0.001019234466745518,0.0002453043355201585,0.0006738762974474948,9.774072707599854e-06,1.023174304444856e-05,9.95207744753457e-06
2324.0,0.1157142693951894,0.0009994850215333487,0.0002446267534881842,0.0006745306561825071,9.80050858643628e-06,1.022242706384059e-05,9.935764392032317e-06
2325.0,0.1166946194199468,0.000918314996588842,0.0002436385924325673,0.0006751805733419468,9.808029595334365e-06,1.022654958126454e-05,9.94705389948527e-06
2326.0,0.1157348053284899,0.001000213809303342,0.0002450062544958999,0.0006758366025272827,9.824930895378644e-06,1.024895387457168e-05,9.95841289015968e-06
2327.0,0.1161237930385006,0.0009964588609093273,0.0002447052979927704,0.0006764812807115269,9.825304678026095e-06,1.025170138953978e-05,9.939204099310041e-06
2328.0,0.1169582050364956,0.001017654760303154,0.0002459465513565166,0.0006770303925173275,9.831582742217496e-06,1.025131194241152e-05,9.934390662849707e-06
2329.0,0.1168012535210822,0.001005001882005483,0.0002454493826412025,0.0006775905944167628,9.854260659834468e-06,1.025633339318759e-05,9.942301970704624e-06
2330.0,0.1170706436747041,0.001040359290735544,0.0002463772271970891,0.0006782311674681262,9.916018023398522e-06,1.031847807126337e-05,9.98108730309787e-06
2331.0,0.1175257467555611,0.0009893631279579572,0.0002440115249197882,0.000678811261361754,9.915911343772465e-06,1.031807449215942e-05,9.956428602550965e-06
2332.0,0.1173800509515616,0.001021012382849683,0.0002448947590239532,0.0006793889479083118,9.899608203538756e-06,1.028569486668881e-05,9.928365332241832e-06
2333.0,0.1166311572638498,0.0009822098619431288,0.0002448725758575246,0.0006800234910493136,9.916639735251464e-06,1.030675005773811e-05,9.930827736218661e-06
2334.0,0.1166346334477825,0.0008899160338453986,0.000243095112706387,0.0006806518689843766,9.913400125235814e-06,1.031258229519101e-05,9.925445166518554e-06
2335.0,0.1165711658355522,0.0008365919998367269,0.0002424221340713216,0.0006812337247158747,9.903119865738796e-06,1.030196908809431e-05,9.905219912424363e-06
2336.0,0.1166766501843073,0.000868149790358103,0.0002427513954428199,0.0006818210707848557,9.933415633593641e-06,1.030039434061032e-05,9.91544589511601e-06
2337.0,0.1163956187450823,0.0009645690377664484,0.0002437257600428056,0.0006823971860234252,9.956155358452898e-06,1.03011106751556e-05,9.911022721780707e-06
2338.0,0.1166457505418125,0.0009557566460199614,0.000242657048979599,0.0006829618846300202,9.941593613747577e-06,1.030775559044064e-05,9.899930980576616e-06
2339.0,0.1165124733950594,0.001072144722153005,0.0002455975772401162,0.0006835225081506374,9.976346707147081e-06,1.031606275506424e-05,9.90493353291497e-06
2340.0,0.1177634265156862,0.0009965028728419142,0.0002443336843420952,0.0006840205669205165,9.97375902121525e-06,1.032568619658592e-05,9.879333625625446e-06
2341.0,0.1165160528178402,0.001001557825416525,0.0002442617529284225,0.0006845554895757587,9.983617606496776e-06,1.034642177873355e-05,9.89657792407735e-06
2342.0,0.1164938568948373,0.000991027489636086,0.0002449792071986355,0.0006850430367258506,9.97276846966909e-06,1.034149453242291e-05,9.878113236071074e-06
2343.0,0.1166201819385423,0.0008435083284123016,0.0002423391938347852,0.0006854659259651949,9.961255710895246e-06,1.032472662188441e-05,9.856443062882025e-06
2344.0,0.1166280876572947,0.0009948345172613433,0.0002437850883251943,0.0006858834131738362,9.990393772434087e-06,1.033039462978673e-05,9.870533630930836e-06
2345.0,0.1167445388709239,0.0009129777534918987,0.0002423754922391076,0.00068627703059518,9.994475218401054e-06,1.034243942129772e-05,9.870896616286876e-06
2346.0,0.1160820744646314,0.0008545804077657389,0.0002418102659649871,0.0006866684520705677,9.983299489421863e-06,1.0335788660559e-05,9.855645023955658e-06
2347.0,0.1163329443259978,0.0008519426903599596,0.0002418129604677372,0.0006870399568133802,9.97832734241679e-06,1.032834026697562e-05,9.85373767956103e-06
2348.0,0.1161279769694089,0.0008665043977403949,0.0002419215698725344,0.0006874017100871345,9.988726812116156e-06,1.033589022737672e-05,9.835820038914675e-06
2349.0,0.1159301482752016,0.0009442835698733353,0.0002425741084478572,0.0006877701942783923,1.001505887798281e-05,1.034632897385785e-05,9.83909552539779e-06
2350.0,0.1168569949107699,0.000910469596868389,0.0002420320054087262,0.000688085268753177,1.000881463282254e-05,1.036107536454071e-05,9.832807047753992e-06
2351.0,0.1168244099888392,0.000992015643506414,0.0002442197850663333,0.0006883897938073313,1.0037802941069e-05,1.036236103084874e-05,9.830658747234388e-06
2352.0,0.1180629954748205,0.0009698311242292527,0.0002442133752589341,0.0006886523667286937,1.00510639672931e-05,1.039135514119764e-05,9.8363814028465e-06
2353.0,0.1189718890808526,0.0009776158577271435,0.0002432165122279771,0.0006889314380122187,1.007721492879753e-05,1.041417092053943e-05,9.862964459347562e-06
2354.0,0.1188412456124965,0.0009156863602568756,0.0002432473982098275,0.0006891302560159384,1.007206375343751e-05,1.043217129678232e-05,9.865647955451355e-06
2355.0,0.1191055136169573,0.0008851598922498303,0.0002425649742649954,0.0006893291229783357,1.006943579810638e-05,1.044815120596812e-05,9.880916525074895e-06
2356.0,0.1187527389275897,0.0009858865492958838,0.0002441429214184353,0.0006894680605548205,1.007180385154842e-05,1.042640415263148e-05,9.876981551343688e-06
2357.0,0.1184123278643014,0.0009415822432985247,0.0002435257004935692,0.0006895101553696078,1.007712760022667e-05,1.04401002983907e-05,9.867218759268086e-06
2358.0,0.1182486040814902,0.001020452670861228,0.0002446392028848405,0.0006895386356389494,1.007291621670375e-05,1.042868387935908e-05,9.850438761966662e-06
2359.0,0.1186634988318238,0.001037383766504558,0.0002434835101477681,0.0006895100813051467,1.007601777682954e-05,1.041886858621356e-05,9.845190429589582e-06
2360.0,0.1187400023272848,0.001020968439866746,0.000243575919895074,0.0006894532488123988,1.005709721917756e-05,1.041372591804122e-05,9.842803911287032e-06
2361.0,0.1191988271146239,0.0009897194547863017,0.0002429487887941714,0.0006893748007080244,1.005895279366617e-05,1.041635199139916e-05,9.835675591498062e-06
2362.0,0.1186743723089741,0.0009136287067092782,0.0002419452241440595,0.0006892920140517452,1.006975366617253e-05,1.043318405920303e-05,9.854758712722276e-06
2363.0,0.1183069598362956,0.0008485356883744186,0.0002408825787275711,0.0006891527260836849,1.005298859806164e-05,1.04120761739489e-05,9.839615956622953e-06
2364.0,0.1187424518575044,0.0008368629266566237,0.0002418075141096043,0.0006889848261509126,1.004981830643716e-05,1.041111061969546e-05,9.84127838105148e-06
2365.0,0.1199540783682989,0.0009501934237010028,0.0002434623728277597,0.0006887656917240709,1.00671605316964e-05,1.043639709595308e-05,9.86350430731052e-06
2366.0,0.1208137193988288,0.0009390408752188784,0.0002430274777060395,0.0006885634221028708,1.009531308365004e-05,1.049500701585215e-05,9.903011173263622e-06
2367.0,0.1200768793698,0.0009302294219799714,0.000243547761024403,0.0006882839812477656,1.007849533101409e-05,1.047455099128398e-05,9.890099810148656e-06
2368.0,0.1205579403391366,0.0009477124854560809,0.0002438678987599582,0.0006879554240249901,1.007069805777459e-05,1.047827968436123e-05,9.87147851675733e-06
2369.0,0.1200785962884961,0.0009694637695511477,0.0002454813229888855,0.0006876082995802658,1.011229675549209e-05,1.049174564862118e-05,9.89574551052468e-06
2370.0,0.1200348990370853,0.0009813159080660607,0.0002460368819137607,0.0006872505776212618,1.010126702550026e-05,1.046632918988423e-05,9.892156608416583e-06
2371.0,0.1200788123918932,0.0009391783375571661,0.0002440449496881716,0.0006868145772916815,1.005901120065936e-05,1.046105655006958e-05,9.872824951994714e-06
2372.0,0.1188959826141434,0.0008849936488675928,0.000243444925166498,0.0006864169008551165,1.005897023151252e-05,1.043393138015708e-05,9.878208986539768e-06
2373.0,0.1192455610836855,0.0009015256727621881,0.0002431452795799489,0.0006859787994861736,1.003685849343637e-05,1.04447890852743e-05,9.897190499649874e-06
2374.0,0.1197426152525443,0.000880350383596019,0.0002433848651330141,0.0006855285121854834,1.003501494980207e-05,1.04559279713176e-05,9.888066453491772e-06
2375.0,0.1191737485531694,0.0009346051364573497,0.0002439782087334713,0.0006850577044351569,1.002802312789868e-05,1.045566002791784e-05,9.894768672171254e-06
2376.0,0.1194807151596916,0.000871972483830084,0.0002430888052674735,0.0006845723647009114,1.001943652845102e-05,1.044616076929011e-05,9.897550476720237e-06
2377.0,0.1195396798004412,0.0009477262637596381,0.0002442718739961916,0.0006840978106430715,1.003906096197202e-05,1.044358933839033e-05,9.93651239865898e-06
2378.0,0.120655086943312,0.0008824235571988103,0.0002438548965302935,0.0006835377286805194,1.002307469179593e-05,1.044448884333503e-05,9.949096544570264e-06
2379.0,0.1205987262363883,0.0009017207254749277,0.0002442033621526171,0.0006830388804369386,1.003194177555816e-05,1.047919738958214e-05,9.975438785299174e-06
2380.0,0.1210200025322418,0.0008647751864815814,0.0002441934365430435,0.0006825876659401212,1.002891951810995e-05,1.046857073985211e-05,9.981245094676018e-06
2381.0,0.1211393459338586,0.0008449778535852449,0.0002440143294267325,0.0006820927409604906,1.001829323696182e-05,1.045895522053642e-05,9.990609239267836e-06
2382.0,0.1213669434428019,0.0009024294349162708,0.0002445878266461261,0.0006815581399779827,1.002214824868164e-05,1.045286149034554e-05,9.99314391611042e-06
2383.0,0.1212116736707862,0.0008720108112582028,0.000244367355874812,0.0006811012133530074,1.003541849111057e-05,1.045262695707393e-05,1.002398716786525e-05
2384.0,0.1217613863995518,0.0008462354345493134,0.0002441527907927402,0.000680603277561475,1.003970797871314e-05,1.045443180777683e-05,1.002284032935484e-05
2385.0,0.1209605741124924,0.00090733839425261,0.0002450871349330425,0.0006801118544766726,1.000241592652524e-05,1.04276769125643e-05,1.001282316041349e-05
2386.0,0.1211815474920297,0.0008048270703570473,0.000244231631069821,0.000679614977974,9.976445854367378e-06,1.043666386755592e-05,1.002671645180312e-05
2387.0,0.1205555224560828,0.0008259830852613135,0.0002449171303639728,0.0006791280228060055,9.973888951036364e-06,1.042039942362436e-05,1.003573598835133e-05
2388.0,0.1209228991273192,0.0007920874512152833,0.00024428600966217,0.0006785933211684385,9.953265029356515e-06,1.041246917607638e-05,1.002409050421891e-05
2389.0,0.1207867576212265,0.0008767244440598114,0.0002458264606329972,0.0006780636933155745,9.963847958556739e-06,1.040319557104217e-05,1.00493595615103e-05
2390.0,0.1213029879786419,0.0008698323246985252,0.0002455217485872674,0.0006775406795955325,9.961861339721202e-06,1.038726383716164e-05,1.005503126210472e-05
2391.0,0.120511354215833,0.0008888104456833724,0.0002456926409202675,0.0006771131237507417,9.93954550735928e-06,1.038031183785022e-05,1.005634731548766e-05
2392.0,0.1204191319796179,0.0007604321744064193,0.0002439818321334104,0.0006766633875727525,9.927763119626367e-06,1.036737456162428e-05,1.004181857940975e-05
2393.0,0.1215310928970331,0.0008459600740815597,0.0002451319677168366,0.0006762256605228957,9.929496223719975e-06,1.037096257307173e-05,1.005667687826858e-05
2394.0,0.1207771107664939,0.0008018894256346927,0.0002450134726300829,0.0006758927112102039,9.929870529830682e-06,1.036963537466397e-05,1.007084033909482e-05
2395.0,0.1224458350976736,0.0008035598707492173,0.0002455389587864118,0.0006754941081468072,9.923906791154065e-06,1.038398492596524e-05,1.008436738994252e-05
2396.0,0.1230112438168674,0.0007783952236629059,0.0002454184551003576,0.0006751548447437686,9.950494279455398e-06,1.039950764019354e-05,1.011000015630207e-05
2397.0,0.1233895737872943,0.0007774371595535453,0.0002460512433132902,0.0006748777536026393,9.962739880624826e-06,1.040906038330652e-05,1.015303281237864e-05
2398.0,0.1233221007968528,0.000861518824522203,0.000247398897589704,0.000674545465587006,9.952723202133578e-06,1.039741029939955e-05,1.014652964150704e-05
2399.0,0.1233648489636666,0.000807287398147388,0.0002459796174595861,0.0006741971300273104,9.919437184286908e-06,1.038093729081729e-05,1.012918134423131e-05
2400.0,0.1231017475222623,0.0008729211675493921,0.000247830395219126,0.0006738899259105754,9.948307345148421e-06,1.038389154557766e-05,1.015508108584688e-05
2401.0,0.1233522574421641,0.0008357305146354309,0.0002473809242650647,0.0006735440636968545,9.950053299653719e-06,1.038106249981129e-05,1.015629228843588e-05
2402.0,0.123110568665526,0.0007909933726754601,0.0002462493879967262,0.0006731594691151435,9.92430076903729e-06,1.035633320516741e-05,1.012981514897792e-05
2403.0,0.1231328948191844,0.000829079246554085,0.0002472043137659968,0.0006728303478058562,9.923294016001835e-06,1.036060357854909e-05,1.014386354060951e-05
2404.0,0.1239478426904509,0.0008034366676644819,0.0002466970546515109,0.0006724647693767183,9.9118541544815e-06,1.035825171179468e-05,1.013294205044418e-05
2405.0,0.1240844078548564,0.0007516965965612256,0.0002459312716275989,0.0006721575443789075,9.920625097315378e-06,1.035791466006679e-05,1.015403356074179e-05
2406.0,0.1244336652301919,0.0008907200147498885,0.0002492930347340649,0.000671833524208622,9.95997902917033e-06,1.038143914286031e-05,1.017607370529358e-05
2407.0,0.1244214386586029,0.0007894679626244481,0.0002475641368539,0.0006714746420649986,9.94840680330696e-06,1.03810918227353e-05,1.015042762711237e-05
2408.0,0.1246878939240988,0.0008185789995029929,0.0002474280453294439,0.0006710985887244359,9.928969432127676e-06,1.035594356064631e-05,1.01535711430168e-05
2409.0,0.1252362858528976,0.0008045262005148599,0.0002484140890247807,0.0006707135402130833,9.921417565772473e-06,1.035442995385873e-05,1.017150196698907e-05
2410.0,0.1246677730643863,0.0007966529886778819,0.0002481857589273592,0.0006703545783781513,9.929721066979427e-06,1.036302597810808e-05,1.018885458365714e-05
2411.0,0.1246422968687268,0.000840594675363661,0.0002491404909761395,0.0006699696984028666,9.933079691494524e-06,1.034980606187963e-05,1.018769399644555e-05
2412.0,0.1247639604608856,0.0008203212543184092,0.0002487463153288467,0.0006695009446578081,9.911193803801556e-06,1.034457597689818e-05,1.016521523798803e-05
2413.0,0.1245503884816141,0.0008924932446273412,0.0002499490571451066,0.0006690955152837337,9.930184590830836e-06,1.035403652558192e-05,1.01843460150117e-05
2414.0,0.1248289436163054,0.0008271339288670858,0.0002492372490845147,0.0006686609925666282,9.926176666729322e-06,1.033520516507787e-05,1.018001370402034e-05
2415.0,0.1247759805985554,0.0008888067534035305,0.0002499666670060998,0.0006682514282694993,9.948272758116129e-06,1.033967072714842e-05,1.019597758718185e-05
2416.0,0.1249235535871831,0.0008524040403335068,0.0002496208069981878,0.0006678457995516078,9.954831769172525e-06,1.034125962245013e-05,1.017639629037552e-05
2417.0,0.1246662889513239,0.0008666299183999298,0.000249221839010773,0.0006674305948127725,9.936947626390673e-06,1.032775269152665e-05,1.01690948778479e-05
2418.0,0.1252205462029387,0.0008465963212469759,0.0002496829081081116,0.0006669451090432514,9.934605599693245e-06,1.032873169201465e-05,1.015935099773685e-05
2419.0,0.1247248491760874,0.000803881919225357,0.0002495451421681589,0.0006665413535854114,9.949212429205402e-06,1.033814077964316e-05,1.017248700013137e-05
2420.0,0.1253870962562212,0.0008894685448267407,0.0002504973116811138,0.0006660990278552196,9.955178621963634e-06,1.033560735710408e-05,1.018380910461308e-05
2421.0,0.1258034771601193,0.0008616317222592525,0.000250510775358215,0.0006656146516964103,9.947389599641587e-06,1.034589242576841e-05,1.019883210660258e-05
2422.0,0.1262512656323298,0.0009065599018299677,0.0002509227891076662,0.0006651453926274486,9.961075433771214e-06,1.034775653120916e-05,1.019892835770931e-05
2423.0,0.1271018017527002,0.0008791789971644918,0.0002515278803391337,0.0006646516049132377,9.980813027571686e-06,1.037639826444638e-05,1.021705070420643e-05
2424.0,0.1271814334546773,0.0008764058891102565,0.0002508679520089075,0.0006641820275579234,9.965005213923945e-06,1.03670581373616e-05,1.019084676221433e-05
2425.0,0.1264495417969401,0.0008551492741324807,0.0002512661504524177,0.0006637411171052349,9.964223125030565e-06,1.034899516145248e-05,1.018076311576282e-05
2426.0,0.1263832381129135,0.000871514442885133,0.0002508245490031511,0.0006633340254972872,9.982141786348526e-06,1.035921090555412e-05,1.020899674517477e-05
2427.0,0.1259044201522265,0.0008621529178226716,0.0002503568123647788,0.0006629632517808561,9.954001683615727e-06,1.032497776173554e-05,1.018886352283263e-05
2428.0,0.1256847914054134,0.0008913320672113808,0.0002505783342880552,0.0006626193867847905,9.96490022762727e-06,1.03411799670901e-05,1.020003066158626e-05
2429.0,0.1252355488294551,0.0008101415209428501,0.0002497453239565636,0.000662337694447252,9.940521606412008e-06,1.033085529636007e-05,1.018770193677255e-05
2430.0,0.1260285305184591,0.0008516072249884812,0.0002504155624600735,0.0006620850893451735,9.939483728121397e-06,1.034562575643685e-05,1.02095086312008e-05
2431.0,0.1255923074601428,0.0007996573070793659,0.0002498196891387593,0.0006619017519079176,9.95179313761258e-06,1.034946331601262e-05,1.022407510986383e-05
2432.0,0.1250738139406826,0.0007832396798376063,0.0002497028816676095,0.0006617522397873007,9.92398645955643e-06,1.032723523562175e-05,1.019794039201078e-05
2433.0,0.1244507845753368,0.0008025470875267164,0.0002500865434230038,0.0006616906816690666,9.933332478993404e-06,1.033848559170899e-05,1.019894152187586e-05
2434.0,0.1247503811833565,0.0007835270372335528,0.0002500580334086295,0.0006616406859180098,9.937232753075688e-06,1.032540945496867e-05,1.020039813084972e-05
2435.0,0.1248183928284328,0.0008426333949387318,0.0002504158361988399,0.0006616442921915008,9.932851619083949e-06,1.032139485386336e-05,1.019261355140984e-05
2436.0,0.1245178853378116,0.000796840480162447,0.0002501343999121597,0.0006617263698029245,9.941174723629316e-06,1.031910659441223e-05,1.020970240500879e-05
2437.0,0.1246809786947204,0.0008076984326887316,0.0002494177537915292,0.0006618583891391526,9.938203041248186e-06,1.033538294512565e-05,1.022266938258222e-05
2438.0,0.1243915665620184,0.0008302613009531178,0.0002499691799618978,0.0006620337883502207,9.926859041700947e-06,1.032067959930962e-05,1.022192089077919e-05
2439.0,0.1245807012524983,0.0008158066745460761,0.0002503342731790805,0.0006622716212922229,9.95142270217371e-06,1.032918813909131e-05,1.022893347810719e-05
2440.0,0.1246561767285353,0.0008100854399053573,0.0002504145061851554,0.0006624705528589457,9.960600483237271e-06,1.033926063205075e-05,1.023502855127413e-05
2441.0,0.1242145968446695,0.0007823673117446318,0.0002498626809679572,0.0006627648165398026,9.966326259156587e-06,1.033104540837596e-05,1.023453515951856e-05
2442.0,0.1242931359258255,0.0008565106221099749,0.0002506240858377091,0.0006630292759013754,9.958599195819839e-06,1.031757992594821e-05,1.025707446654478e-05
2443.0,0.1242473180712708,0.0007778559340892051,0.0002492391586047145,0.0006633170929003643,9.939778207740196e-06,1.03151230253608e-05,1.025375012929616e-05
2444.0,0.1239966855157112,0.0007845577833601012,0.0002498204622615098,0.0006635986815144558,9.950164606491321e-06,1.031617049144913e-05,1.025432237218788e-05
2445.0,0.1239429008467387,0.000750948855195692,0.0002491058601175177,0.0006638722851127437,9.935960016579516e-06,1.03082534934965e-05,1.024399255560693e-05
2446.0,0.1238768519802682,0.0008772105125358084,0.0002512189362957277,0.0006642229874252796,9.966605759380967e-06,1.031859355838367e-05,1.026999652586171e-05
2447.0,0.1241301557042149,0.0008199042600445176,0.0002494604774707773,0.000664566837094356,9.951424355539257e-06,1.031759739062678e-05,1.023740030672625e-05
2448.0,0.1232899773095325,0.0008497684483059663,0.0002507172815325782,0.0006649361162094559,9.962092555243811e-06,1.031638519475795e-05,1.024918156802117e-05
2449.0,0.1239759122806007,0.0007813622392303203,0.0002492702065933221,0.0006652472695406064,9.960019244584024e-06,1.031127187887539e-05,1.025481902391144e-05
2450.0,0.1233202191111581,0.0008177960718399803,0.0002502998687816979,0.0006655800611238222,9.98229103650541e-06,1.032236159335091e-05,1.02804454975561e-05
2451.0,0.1231744584007894,0.0007940132459361909,0.0002491019669221988,0.0006658250825038798,9.988264572238222e-06,1.030333213887772e-05,1.026314854261221e-05
2452.0,0.122544409284049,0.0008298217296301754,0.0002501684640712761,0.0006660245558109215,9.973196675648773e-06,1.028791505944872e-05,1.024415149266355e-05
2453.0,0.1222874567684048,0.0007936955711808322,0.0002495281486965505,0.0006662496695171465,9.978476897320564e-06,1.028610419206658e-05,1.025170967997549e-05
2454.0,0.1221718575981661,0.0007349874270972159,0.0002490310363167217,0.0006664260095132249,9.97519999074597e-06,1.028667874493839e-05,1.023961545571249e-05
2455.0,0.1222289146212642,0.0008161780435213524,0.0002501330688767466,0.0006665269712518709,9.991375427941237e-06,1.029201151316353e-05,1.024527883611485e-05
2456.0,0.1222410330727426,0.0007792187443297008,0.0002496344365702783,0.000666644171021114,9.999590938594398e-06,1.028575887947131e-05,1.023493882402074e-05
2457.0,0.1223905733186571,0.0007778321743513894,0.0002493768499728665,0.0006667869319403335,9.996119228075362e-06,1.027537826050976e-05,1.022831595063924e-05
2458.0,0.1220907230283709,0.0007439438228960071,0.0002485906255606719,0.0006668140562727873,9.995869003170211e-06,1.027929540304315e-05,1.021357785139388e-05
2459.0,0.121536362975843,0.0007672037212415366,0.0002490005907303637,0.0006669177345152666,1.000110941901754e-05,1.027114093474954e-05,1.021620458550151e-05
2460.0,0.1215489387486879,0.0007222465080408503,0.0002483837279780896,0.0006669686440872428,9.99536295968246e-06,1.027220748060219e-05,1.020531189362769e-05
2461.0,0.1212653485076687,0.0008526339250739638,0.0002514670190188222,0.0006669990490126287,1.003024367695204e-05,1.027622265674655e-05,1.021251870372897e-05
2462.0,0.1208982438559183,0.0008870206167458988,0.0002520404646053317,0.0006670024772442677,1.003236994960756e-05,1.026941490769908e-05,1.020099965358405e-05
2463.0,0.1213053723374899,0.0007715002749301273,0.0002501345559078898,0.0006669473202922069,1.001776726735718e-05,1.02781353544613e-05,1.017695926723998e-05
2464.0,0.1213192317111768,0.0007984674098794223,0.0002509405154204768,0.0006669401160029365,1.007686948839009e-05,1.029946972547819e-05,1.021735902162871e-05
2465.0,0.1217451600384669,0.0007751549578462857,0.0002501820888000736,0.0006668626734402119,1.009911443009068e-05,1.028726918556181e-05,1.021435615738557e-05
2466.0,0.1207947098507594,0.0007738386085399108,0.0002497618021831838,0.0006667124396615822,1.006819250784454e-05,1.028147722498717e-05,1.017751715459967e-05
2467.0,0.1204965832645066,0.0007275559479327296,0.0002485623092646995,0.0006665724873386073,1.007299317790993e-05,1.028348142084087e-05,1.017808584554894e-05
2468.0,0.1201866952517032,0.0007320108697899944,0.0002484846536335624,0.0006664277467771474,1.006900722014339e-05,1.027178502588115e-05,1.016378367644034e-05
2469.0,0.1203983587437813,0.0007759781412822274,0.0002486753631020722,0.0006662725107137339,1.007800470600865e-05,1.028106961414782e-05,1.01594180549609e-05
2470.0,0.1203500581807356,0.0007686877389927671,0.0002487732730574693,0.0006661029084940308,1.007506304440789e-05,1.028057987443189e-05,1.015066056269512e-05
2471.0,0.1208368122761634,0.0007916531185457423,0.0002498119930216684,0.00066597750747192,1.01039775072493e-05,1.02928307776471e-05,1.016164468981518e-05
2472.0,0.1208314344987596,0.0007484838494160997,0.0002490579129210512,0.000665793458098105,1.010400427079685e-05,1.028968272599715e-05,1.014400399605439e-05
2473.0,0.1210979423618748,0.0007713766134805388,0.0002498900165479263,0.0006656849949297046,1.012404360231977e-05,1.029570278270113e-05,1.015789295691705e-05
2474.0,0.1212105783158257,0.0008049532125964492,0.0002505992167047175,0.0006655520377125876,1.015859415276848e-05,1.032277525321204e-05,1.015705661585049e-05
2475.0,0.120876130213716,0.0007741619900703168,0.0002501183874211186,0.0006654086522116034,1.018320603738225e-05,1.031886144861449e-05,1.013065009670097e-05
2476.0,0.1205494939306517,0.0008003637057448899,0.0002500791197377278,0.000665280432297599,1.017756990869586e-05,1.031416979976876e-05,1.010850406510081e-05
2477.0,0.1204167837774843,0.0007410746360731682,0.0002489761176593942,0.0006651917707195026,1.018448969567277e-05,1.030774308433806e-05,1.010946466080276e-05
2478.0,0.1211648257387929,0.0007515527212669878,0.0002493751482703795,0.0006650724775575394,1.01948490346602e-05,1.031855175657527e-05,1.011169131526021e-05
2479.0,0.1209387930658772,0.0007306021085031015,0.0002493345501373071,0.0006650041641856751,1.020840837513583e-05,1.031851193498489e-05,1.010744872887512e-05
2480.0,0.1208541791052753,0.000731717269425083,0.0002499190528370185,0.0006649401377358095,1.023120458396733e-05,1.032280299607261e-05,1.011279348356366e-05
2481.0,0.121195237081269,0.0008033131566236881,0.0002506944038676074,0.0006648489519822957,1.026003317998401e-05,1.031713218757759e-05,1.010697241564296e-05
2482.0,0.1207129326100072,0.0008016418768246133,0.0002502474251713826,0.0006647078424721077,1.025217240816289e-05,1.031892541504835e-05,1.009344893746449e-05
2483.0,0.1205927487116077,0.00075931873606436,0.0002495840440901347,0.0006645802568351228,1.025903799412746e-05,1.031890927932067e-05,1.007384563705316e-05
2484.0,0.1209389028389977,0.0007336814161274228,0.0002495198498278249,0.0006644833102589504,1.027404539017739e-05,1.031393268796493e-05,1.00678114422721e-05
2485.0,0.1208002775622515,0.0007825180875703408,0.000250147688903596,0.0006644485923122977,1.028777215155622e-05,1.032682568820609e-05,1.007100480716328e-05
2486.0,0.1214889534699347,0.0007608643302487337,0.0002499301390238158,0.0006643270295587099,1.029618167258214e-05,1.033253673343304e-05,1.005213365610891e-05
2487.0,0.1215789229981758,0.0007986942361386494,0.0002508327797560285,0.0006642505937500419,1.032256440488376e-05,1.033848561918488e-05,1.005928401491517e-05
2488.0,0.1226289942976777,0.0007030824347081718,0.0002497453875804384,0.0006641155628113904,1.034128611977362e-05,1.034857029433103e-05,1.004886600972376e-05
2489.0,0.122775876777831,0.0007710584249825072,0.0002510951648429758,0.0006640676738379025,1.03974641007234e-05,1.037443921761115e-05,1.009165230658432e-05
2490.0,0.1223545244569635,0.0007659302396856254,0.0002517364079227279,0.0006639994463187568,1.040420139472747e-05,1.036101796424604e-05,1.007080874210675e-05
2491.0,0.1220682841517131,0.0007835199104356883,0.000252865417104143,0.000663904175500399,1.04024875633068e-05,1.034424941036169e-05,1.003814524138558e-05
2492.0,0.1221392714704839,0.0007560330225379731,0.0002522306371585233,0.0006638137234819387,1.040975657928431e-05,1.035297055870091e-05,1.004331532053006e-05
2493.0,0.1229760146282811,0.0007836079507545487,0.0002513171897807826,0.0006637193215243679,1.042753287410901e-05,1.038471853378011e-05,1.005281146295487e-05
2494.0,0.1222880072728594,0.0008030510793487952,0.0002522992962981557,0.0006636562209409529,1.045404988972191e-05,1.037735511348164e-05,1.005335295328655e-05
2495.0,0.1229917150897237,0.0007706612977823693,0.0002528223124594436,0.0006635981502230081,1.049765723174576e-05,1.038779452888012e-05,1.006911536228025e-05
2496.0,0.122444576354368,0.0008160080563220038,0.0002526061204160002,0.0006635107331405459,1.049016069543417e-05,1.037572514972634e-05,1.00575766122641e-05
2497.0,0.1222948924318679,0.0008012338306602265,0.0002517775248917429,0.0006634408621444098,1.048477862395039e-05,1.037115163886174e-05,1.005451215796457e-05
2498.0,0.1228800818575927,0.0007469250898717735,0.0002507569124997941,0.0006633037244805087,1.049438939690249e-05,1.037400474943273e-05,1.004599294561133e-05
2499.0,0.1224618616512176,0.0008054581531410722,0.000251885595145229,0.0006632243791505288,1.051063751144102e-05,1.038037167918058e-05,1.00612711873503e-05
2500.0,0.122568727760571,0.000745414516379976,0.0002508188300588158,0.000663086493342966,1.051249878171326e-05,1.039266706967719e-05,1.003984537150618e-05
2501.0,0.1227683293431074,0.0008075144307788341,0.0002517965103923124,0.0006629393509666311,1.054710211076713e-05,1.039804402753029e-05,1.003721303956661e-05
2502.0,0.1222268718604234,0.0007396223071504241,0.0002503091841591971,0.0006627793500209562,1.054348871537301e-05,1.038757981893453e-05,1.001918794301444e-05
2503.0,0.1224670860717625,0.0007336713508144022,0.0002504752090261505,0.0006626151747349285,1.056512161026853e-05,1.039534573209386e-05,1.002119261070138e-05
2504.0,0.1226473258830385,0.0007410657987960583,0.0002509113944562841,0.0006623941950680366,1.057190216872035e-05,1.04053265864693e-05,1.00294055319455e-05
2505.0,0.1227861375605479,0.0007512449265708169,0.0002513946126986997,0.0006622222455116034,1.060027256812851e-05,1.041840015230918e-05,1.006061025741727e-05
2506.0,0.1234299473123809,0.0007999372447197179,0.0002520210636226821,0.0006619999140960634,1.060250960369356e-05,1.043378879969429e-05,1.008367929889948e-05
2507.0,0.1228853951917545,0.0008265940484668927,0.0002533662702627125,0.0006617877701605751,1.061315764217234e-05,1.042005676595427e-05,1.007315372113321e-05
2508.0,0.1226061785528417,0.0007011723871493823,0.0002509949895534046,0.0006615573313590413,1.06040234579685e-05,1.041677257157457e-05,1.005665678427272e-05
2509.0,0.1230160804502083,0.0007354932127702737,0.0002519367290286107,0.0006613381334605696,1.062158254476534e-05,1.042223775414843e-05,1.006880777714338e-05
2510.0,0.1234786947830908,0.0008338836448479634,0.000252785154148539,0.0006610510287018381,1.063975050281823e-05,1.043245637550805e-05,1.008342269439487e-05
2511.0,0.1231715629767186,0.000741414033330249,0.0002519399031013201,0.0006607489401216659,1.063797623032745e-05,1.044188901318386e-05,1.008306223248656e-05
2512.0,0.1239371392725935,0.0007829503164110431,0.0002524124404476758,0.0006603765860361709,1.063483544227972e-05,1.04532546290365e-05,1.008469072121672e-05
2513.0,0.1239990863141454,0.0007910874929930109,0.0002526909862408908,0.0006600221282050065,1.065025608605578e-05,1.046314279679408e-05,1.011067856513499e-05
2514.0,0.12430853351567,0.0007451329221506224,0.0002521193748072933,0.000659620372265129,1.065025031077358e-05,1.047627168957823e-05,1.011874516460355e-05
2515.0,0.12493090216382,0.0007814343456718219,0.0002520873024561867,0.0006591489697357272,1.0642906334881e-05,1.049004105566251e-05,1.011524506472942e-05
2516.0,0.1254632140366514,0.0008018427228016846,0.0002532921364314338,0.0006586875845530555,1.067334665709468e-05,1.050341978667485e-05,1.016566249305433e-05
2517.0,0.1262686324445154,0.0007643298039448348,0.0002529567377887244,0.0006582072696059739,1.067083754241174e-05,1.0512558994798e-05,1.017827909772486e-05
2518.0,0.1260272146071376,0.0007909815909981294,0.0002532094815649398,0.000657655781541926,1.067169592225647e-05,1.051918854673461e-05,1.018954299154956e-05
2519.0,0.1259412136355814,0.0007098614336329973,0.0002517289380731318,0.0006570773742356813,1.065735682564852e-05,1.051902936328928e-05,1.018986712542139e-05
2520.0,0.1266020334601728,0.0008333854259309565,0.0002540815925219321,0.000656457784907408,1.065976656782271e-05,1.053825822510979e-05,1.021601113657212e-05
2521.0,0.12598274419074,0.0008006915943559819,0.0002536817068061576,0.0006558321887650241,1.06711006389834e-05,1.053494064866209e-05,1.021770846808821e-05
2522.0,0.1262442525870387,0.0007556516674461202,0.0002529642798083609,0.0006551411410985605,1.065909680559933e-05,1.054852759836598e-05,1.022510163767352e-05
2523.0,0.126399659969262,0.0008469111129101074,0.0002540303252258179,0.0006544274399555279,1.06747542450269e-05,1.055625773260031e-05,1.024413072673375e-05
2524.0,0.1266288545680748,0.000818178596558855,0.0002541957612983594,0.0006536907501803132,1.065809969121432e-05,1.055428866192121e-05,1.02599144772572e-05
2525.0,0.1269545649382424,0.0007524677834392298,0.0002529826113015244,0.0006529171135561411,1.064566107367361e-05,1.055132737497835e-05,1.02656801373671e-05
2526.0,0.1277716491702701,0.0007701594803761745,0.0002532642466328332,0.0006521346593120331,1.06519610968057e-05,1.056242504921905e-05,1.028091839675067e-05
2527.0,0.1284180288300502,0.0007604198484478102,0.0002534737802151745,0.0006513745129016523,1.065297301684797e-05,1.05843504481757e-05,1.030672998965632e-05
2528.0,0.1283973079211411,0.0007395123033793641,0.0002534137198353864,0.0006506101608556557,1.064868635404345e-05,1.060217565025931e-05,1.03239381627179e-05
2529.0,0.1284308469395983,0.0008984268832963974,0.0002555140126559466,0.0006498672069266081,1.065225532961822e-05,1.059540088180247e-05,1.033139745849626e-05
2530.0,0.128289451407108,0.0008539400663939168,0.000255781774747865,0.0006491489358187617,1.064463367440429e-05,1.059148620301928e-05,1.035354646074758e-05
2531.0,0.1283281443937837,0.000780281935703229,0.0002552601134051318,0.0006484321427486482,1.064939537215333e-05,1.06023279283427e-05,1.036456480744753e-05
2532.0,0.1281501372444624,0.0007641917322853344,0.0002546815341844944,0.0006477218958979422,1.063822783622551e-05,1.059898351420046e-05,1.037118427922433e-05
2533.0,0.1281427201912642,0.0007255394571112795,0.0002536661968761761,0.0006470229878386806,1.061838612253713e-05,1.06020341643003e-05,1.038819690992609e-05
2534.0,0.1286162363411942,0.0007327658637699521,0.0002541437052370453,0.0006463008423044186,1.061293234989962e-05,1.061422977665035e-05,1.040031134493396e-05
2535.0,0.1284934304343915,0.0007124472625247538,0.0002548274780543874,0.0006456046658597878,1.060837020360847e-05,1.060050523343731e-05,1.041548443193582e-05
2536.0,0.1286636597157671,0.000727156627078571,0.0002552166382793062,0.0006449161831163293,1.059059676050902e-05,1.059757989588153e-05,1.042759823441446e-05
2537.0,0.1291485359183709,0.0007475009147459537,0.0002556824857544518,0.0006442607630960397,1.059701680912223e-05,1.059120164552357e-05,1.044378373811317e-05
2538.0,0.1297686386068379,0.0007125518252130224,0.0002554675698382943,0.0006436208051574772,1.06042827419348e-05,1.061880987445256e-05,1.046582217703116e-05
2539.0,0.1301485406905801,0.000751977514376526,0.0002565092555824161,0.000642997343193461,1.061681892466959e-05,1.064508830076175e-05,1.048538728885496e-05
2540.0,0.1298454833335685,0.0007498645833684662,0.0002568441162513792,0.0006424432197395416,1.061181563725773e-05,1.063727420672124e-05,1.049650949511528e-05
2541.0,0.1301485944179122,0.0007941482229526467,0.0002575236302169654,0.0006419342157883948,1.060384250249349e-05,1.062487478803927e-05,1.051776899466501e-05
2542.0,0.1297343031978802,0.000752495727569234,0.000257111032257425,0.0006414452439012154,1.058842327161517e-05,1.063051395315811e-05,1.053739776000015e-05
2543.0,0.1291701737896943,0.0007072622424465906,0.0002570961264256963,0.000641009174519557,1.057804553217616e-05,1.062051290904967e-05,1.055780115849716e-05
2544.0,0.1294558001383541,0.0007400792168812062,0.0002575377032791368,0.0006405864252605899,1.056963589862732e-05,1.062445509966434e-05,1.056273430076732e-05
2545.0,0.1294202944721611,0.0007228462643360464,0.0002574453577176252,0.0006402114409647918,1.054905066519172e-05,1.063258892787334e-05,1.057131013290619e-05
2546.0,0.128928381525318,0.0007114229483568878,0.0002567758849148627,0.0006398813004257506,1.053979115846073e-05,1.063475007120744e-05,1.057504661096312e-05
2547.0,0.1294221220867005,0.0006987050443793876,0.0002568902974385356,0.0006395517821370602,1.051808485814556e-05,1.064591889892725e-05,1.057910415114807e-05
2548.0,0.1296155564954868,0.0007151164021061648,0.0002574480175006438,0.0006392446424205755,1.052987336524898e-05,1.065866471593557e-05,1.061255453042778e-05
2549.0,0.1304003700429369,0.000708410438757292,0.0002580696146050448,0.0006389448761285911,1.05158823025939e-05,1.065717680826837e-05,1.062331631191442e-05
2550.0,0.1302670071503518,0.0007288540408780591,0.0002588761259500703,0.000638713592586418,1.053897758037502e-05,1.066685529719828e-05,1.06407590042864e-05
2551.0,0.1308033017184562,0.0006865409113866356,0.0002584098938402303,0.0006384843976259204,1.053829367931798e-05,1.06582850466393e-05,1.06507990493884e-05
2552.0,0.130676117979955,0.0007688599418648001,0.0002598700532616051,0.0006382615712057967,1.05330461949594e-05,1.066613547697093e-05,1.068134597262153e-05
2553.0,0.130879736375717,0.0007314283183012196,0.0002592714352772557,0.0006380629571721475,1.051835974332906e-05,1.066719388167109e-05,1.068334549008666e-05
2554.0,0.1310449414186172,0.0007425810224705819,0.0002602463928982165,0.0006379177055509667,1.053310632616659e-05,1.066918567609487e-05,1.069264104950475e-05
2555.0,0.1313318726126147,0.0007156102998185286,0.0002599378988721559,0.0006377451597923184,1.053155642176638e-05,1.067793982570374e-05,1.06990602364398e-05
2556.0,0.1314071745751867,0.0007354644441301195,0.0002596908407806688,0.000637585634934425,1.053241814688033e-05,1.068499414969493e-05,1.07146984602384e-05
2557.0,0.1315040543224656,0.0007022094016930144,0.0002595461673634424,0.0006374499163949313,1.052437752135815e-05,1.068076329117288e-05,1.072889835792831e-05
2558.0,0.1315381113860509,0.0007066614512537079,0.0002598460876235025,0.0006372993663064873,1.05085959527673e-05,1.067541684304414e-05,1.074474814123998e-05
2559.0,0.1318142417774923,0.0007359451238781054,0.0002603129291655442,0.000637217740831266,1.050404407120454e-05,1.068118504228981e-05,1.076706624501842e-05
2560.0,0.132238810063824,0.0007245521004173113,0.0002603056430127955,0.0006371248237421906,1.048555300112421e-05,1.06891920552533e-05,1.077827105995865e-05
2561.0,0.1327595368128379,0.0007708874521322204,0.0002607541445940054,0.0006370365231211932,1.048565081253209e-05,1.06952909587187e-05,1.080576213690522e-05
2562.0,0.1331846483264924,0.000750629662339859,0.0002603181341422978,0.000637022406686037,1.04948349146863e-05,1.070906064617728e-05,1.081106721676421e-05
2563.0,0.1336043028693089,0.0007673834071576026,0.0002612974331011599,0.0006370688274146337,1.053635033423451e-05,1.072589075938344e-05,1.08343963007199e-05
2564.0,0.1339007672481475,0.000752178472854552,0.0002615746815136961,0.0006370789991418048,1.05433490574621e-05,1.072293727114146e-05,1.083999938420012e-05
2565.0,0.1338630376466648,0.0007770604153373108,0.0002622534716189838,0.0006371522406777424,1.053755533089012e-05,1.071933478294707e-05,1.086069933636395e-05
2566.0,0.1341596858571875,0.0007260856539131592,0.000261288686308392,0.0006372191958477834,1.052989438327725e-05,1.07272428966352e-05,1.086558472022538e-05
2567.0,0.1342966294733531,0.0007600968503530406,0.0002623617419619485,0.0006373281416202032,1.053075824571853e-05,1.07382704373524e-05,1.088834549872472e-05
2568.0,0.1353518808069489,0.0007784606689021845,0.0002622513903564711,0.0006373933680402372,1.051764200888983e-05,1.074381559412383e-05,1.089239300268032e-05
2569.0,0.1358958671345168,0.0007504523593668002,0.0002621345099917664,0.0006375318887850632,1.052715027263133e-05,1.075784983752089e-05,1.092416107719807e-05
2570.0,0.1363379930419927,0.0007706867060782338,0.0002633148594268249,0.000637684345372301,1.057191991448603e-05,1.077283179238223e-05,1.094358331897474e-05
2571.0,0.136043565823322,0.0008069534634109478,0.0002638807254608122,0.0006378610622132072,1.058498592068548e-05,1.077319252561297e-05,1.0949749654348e-05
2572.0,0.1355876466179131,0.0007403492150120141,0.0002630627791283008,0.0006380349349831008,1.057079616387479e-05,1.076114447919093e-05,1.094254865584183e-05
2573.0,0.1357530370292578,0.0007586202055946385,0.0002636079824646258,0.0006381841245113987,1.057351325618403e-05,1.076743889070358e-05,1.09585581481773e-05
2574.0,0.1362452489467235,0.0007734908123863776,0.0002640581066113673,0.0006383785660038525,1.05860792436083e-05,1.077040891382965e-05,1.097215776017086e-05
2575.0,0.1367124228525552,0.0007946253714024205,0.0002646128277390085,0.0006385543828986282,1.057204244027497e-05,1.07824943114679e-05,1.098021126971602e-05
2576.0,0.1364720628526359,0.0007921074303093253,0.0002647117727244051,0.0006387050444872946,1.056349828551874e-05,1.076637953835107e-05,1.099286068951921e-05
2577.0,0.1365763796334269,0.0007609900416731573,0.000264658861560741,0.0006388730541210723,1.057318633604343e-05,1.077996788166366e-05,1.100187744186191e-05
2578.0,0.1371578413662216,0.0007337671882675417,0.0002634695910937309,0.0006390018256910354,1.057935630484791e-05,1.078814934200288e-05,1.100332799436532e-05
2579.0,0.1372325206967763,0.0007941672262412883,0.0002646766404112323,0.0006391569627599634,1.060120786364851e-05,1.07977663824866e-05,1.102104818787366e-05
2580.0,0.1373609263065571,0.0007683656634518618,0.0002650203096737966,0.000639311457257669,1.061156847331694e-05,1.079990223536894e-05,1.103234258937161e-05
2581.0,0.1376518262822397,0.000760191827678264,0.0002651613805446892,0.0006394348622138353,1.06222509967354e-05,1.081086563596579e-05,1.104652373644837e-05
2582.0,0.1389292317268729,0.0008339366114947823,0.0002664354469292138,0.0006395372606825564,1.064943790411867e-05,1.083673831433118e-05,1.108044463386044e-05
2583.0,0.1396876899398639,0.0008080984875027018,0.0002656412818590672,0.0006397173417270012,1.066992939752819e-05,1.085425137840819e-05,1.110113295086339e-05
2584.0,0.13903865651562,0.0008148686949824524,0.0002655876347450531,0.0006398751617427098,1.067748458051986e-05,1.085315981292174e-05,1.109913452577132e-05
2585.0,0.1382647504588684,0.0007689207329966912,0.0002651041063810192,0.0006400127295471414,1.066721499902254e-05,1.083467044886181e-05,1.108135980358798e-05
2586.0,0.1382128926854682,0.0007964429355788884,0.0002662750481584703,0.0006401426924311948,1.070213955686002e-05,1.084929699295619e-05,1.110313464920556e-05
2587.0,0.1382088768624281,0.000777428496712147,0.0002660627573488044,0.0006402426257334825,1.070825883484197e-05,1.086400204726767e-05,1.110779189282965e-05
2588.0,0.1384562398158801,0.0008119107276531849,0.0002671650843821222,0.0006403142556277848,1.074344596010136e-05,1.087461274822908e-05,1.114370994776092e-05
2589.0,0.1389302114623056,0.0007874210244804014,0.000266625769412101,0.0006403309636283831,1.074962879135608e-05,1.086519098285728e-05,1.112372867129163e-05
2590.0,0.1390809989661231,0.0007851869458825808,0.0002662864845157809,0.0006403453668061818,1.075672900034249e-05,1.087616408943418e-05,1.113186857938857e-05
2591.0,0.1388748428588939,0.0007515879877844036,0.0002659046972441424,0.0006403393465642016,1.077070673369038e-05,1.088696371567871e-05,1.113638816739665e-05
2592.0,0.1386725883997255,0.0008118738974021426,0.0002663264918920961,0.0006403498203264722,1.079105065892634e-05,1.088790587516734e-05,1.113953424308342e-05
2593.0,0.1383831621183287,0.0007558992957042811,0.0002655949803475452,0.0006402999388457396,1.079182521733941e-05,1.088376415029539e-05,1.11156313528879e-05
2594.0,0.1383893219399402,0.0008118776037913299,0.0002662764188923133,0.0006402548891658746,1.080381768962741e-05,1.088666504888236e-05,1.114192100881823e-05
2595.0,0.1384915303293025,0.0008368430840481739,0.0002674991631581136,0.0006401897390579494,1.081820071621993e-05,1.089444982831708e-05,1.115818089716924e-05
2596.0,0.1384700337063353,0.0008019182766029928,0.0002666743832761153,0.0006401054721815977,1.082215936562332e-05,1.088649208247871e-05,1.115354962479726e-05
2597.0,0.1387537523560557,0.0008462054629030495,0.0002678634234357107,0.0006400195357307916,1.082701822115254e-05,1.091147483115842e-05,1.116260278782519e-05
2598.0,0.1390528702192091,0.0008401866425800859,0.0002676165609537514,0.0006399431635362974,1.085637974429694e-05,1.09258379906814e-05,1.116802258124086e-05
2599.0,0.1393048471008732,0.0007882130728537101,0.0002668352563688481,0.0006398465000094184,1.086791130209562e-05,1.09416752727383e-05,1.117116876498102e-05
2600.0,0.1404619574059406,0.0008567548562371048,0.0002682368869698881,0.0006396891902666799,1.089296834464439e-05,1.096671038378604e-05,1.117636424211535e-05
2601.0,0.1405351048859656,0.0008295547284420181,0.0002676150919802114,0.000639630622741686,1.093302358138075e-05,1.099549260735399e-05,1.122348225788199e-05
2602.0,0.1407015468495065,0.0008417604163218687,0.00026855816705942,0.0006395664476867047,1.094956644809173e-05,1.098061060033359e-05,1.121959033829828e-05
2603.0,0.140418510095159,0.0007839114744401428,0.0002681835414194627,0.0006394239047390022,1.095492828899748e-05,1.097964653683942e-05,1.121215388280414e-05
2604.0,0.1405896135537502,0.0008698409503329964,0.0002689989745868926,0.0006393706093344928,1.098037883140709e-05,1.10092431426962e-05,1.122003574693532e-05
2605.0,0.1412242108762883,0.0008253997482593317,0.0002691204318795104,0.0006393107194474931,1.100818418892286e-05,1.102639687995592e-05,1.121166175421465e-05
2606.0,0.140695071386211,0.0008743322019967079,0.0002693554721783747,0.0006392626415576243,1.102911853941975e-05,1.103354499815313e-05,1.12323624480877e-05
2607.0,0.1409108454934267,0.0008338914562438954,0.0002692191769144986,0.0006392138093060765,1.104164405255331e-05,1.104247355440376e-05,1.121372146193475e-05
2608.0,0.1405986208768074,0.000857872494831928,0.0002687219629232444,0.0006391779165087682,1.106229660417865e-05,1.104337798471338e-05,1.122728093012103e-05
2609.0,0.1406049589786617,0.0008409946360138269,0.000269459136883306,0.0006391493455511821,1.109512584847806e-05,1.105532224236646e-05,1.123793555624477e-05
2610.0,0.1410356089228514,0.0008698816172290308,0.0002705026983135301,0.0006391178935000415,1.111278678105962e-05,1.106916912186176e-05,1.123127824540125e-05
2611.0,0.1403897810167085,0.0008316041563287182,0.0002701420071251205,0.0006391665780790237,1.112401973050406e-05,1.107696428971474e-05,1.124929879374419e-05
2612.0,0.1408933720836242,0.0008387752872788353,0.0002705746835034099,0.0006391840907889581,1.112857475068547e-05,1.107735499185171e-05,1.123927340229986e-05
2613.0,0.1408035485326606,0.0008793655953695606,0.0002720136038810259,0.0006392504878956133,1.115124091443257e-05,1.109631057664173e-05,1.122549682921386e-05
2614.0,0.1412176673247856,0.0008693165347562072,0.0002707862812727706,0.0006393441431946283,1.118574553673514e-05,1.112340655107159e-05,1.122141794078686e-05
2615.0,0.1416709910800877,0.0009144091714602395,0.0002724632643408598,0.0006394223578674599,1.121402815622206e-05,1.113986502801298e-05,1.123937327246281e-05
2616.0,0.1414490023936308,0.0009235197335305365,0.0002719276171964866,0.0006395056555811299,1.123674040341856e-05,1.116036898170213e-05,1.124951066940318e-05
2617.0,0.139973533579273,0.0008185612426476702,0.0002703193460666024,0.0006396363694590929,1.123739293555108e-05,1.114680176762538e-05,1.121120493287402e-05
2618.0,0.1399380405451299,0.000836915889311611,0.0002702990617283101,0.0006397894122308435,1.126614592219427e-05,1.115156593291161e-05,1.120672549945668e-05
2619.0,0.1395760866488708,0.0008170499127016736,0.0002701568462777245,0.0006399186440629015,1.128891536073035e-05,1.116368782371073e-05,1.119179036302421e-05
2620.0,0.1394498466848933,0.0008161355819846546,0.0002697498416326087,0.0006400884479716249,1.131402882372557e-05,1.117681652643934e-05,1.118256810364519e-05
2621.0,0.1394224767060048,0.0008600739672849193,0.0002715392952930663,0.0006403057071494866,1.133975175237902e-05,1.117758923352447e-05,1.119697041616462e-05
2622.0,0.1397249606988803,0.0009106306839262524,0.0002720455554528166,0.0006405078038134673,1.138948062038573e-05,1.120757817838021e-05,1.120578790216088e-05
2623.0,0.1399551921383335,0.0008581402707999455,0.000270973524887595,0.0006407268077045009,1.137647830656054e-05,1.121698027831852e-05,1.117686751117168e-05
2624.0,0.1395443333919179,0.0009153784001850828,0.000272137040601889,0.0006409642823812612,1.141200562972634e-05,1.123324648076497e-05,1.117357806771773e-05
2625.0,0.1399481917979846,0.0008457465404433506,0.0002709683961828615,0.0006411863013992297,1.144211740692326e-05,1.122834948939292e-05,1.117077880494879e-05
2626.0,0.1398317199342944,0.0008715580425365322,0.0002708049270437201,0.0006415342949323153,1.148991755247682e-05,1.125424894481871e-05,1.119501387736144e-05
2627.0,0.1399027572610761,0.0008669529791665563,0.0002716998894957884,0.0006419359664644825,1.151330474351317e-05,1.125122384410278e-05,1.118489794832109e-05
2628.0,0.1395072950624451,0.000819704488121261,0.0002705349717888293,0.000642363615344945,1.153456628557799e-05,1.126686063438527e-05,1.115870096769653e-05
2629.0,0.1391171858407607,0.0008981747235885996,0.0002720802360482305,0.0006427952427970426,1.157366418845707e-05,1.128961809251953e-05,1.116799732688437e-05
2630.0,0.1390852925280265,0.000810083688622943,0.0002707557584455368,0.0006432680510001479,1.158142509779827e-05,1.128416114074033e-05,1.113916916376258e-05
2631.0,0.1390159841137575,0.000871682368794632,0.0002714433357662113,0.0006437867289105157,1.159388056771707e-05,1.128808784906508e-05,1.11316120877859e-05
2632.0,0.1383427242022542,0.0008085634698313655,0.0002702124600489888,0.0006443326290416062,1.160876784522057e-05,1.129714243298476e-05,1.111227635834417e-05
2633.0,0.1390579253632541,0.0009091372571217269,0.0002720523707802046,0.0006449134671570024,1.165747371373376e-05,1.133702614192477e-05,1.11306951804234e-05
2634.0,0.139386780207829,0.000880124503588024,0.0002713035436710434,0.0006454900830385043,1.168174124056805e-05,1.135179269060741e-05,1.109948603962414e-05
2635.0,0.1390778867763688,0.0009309241561144336,0.0002728286421732293,0.0006461190196679645,1.172503937030602e-05,1.137623207500778e-05,1.110954934149739e-05
2636.0,0.1395134780109555,0.0008281611749163562,0.0002712571853412621,0.0006467927506207082,1.172397769170496e-05,1.138418123336281e-05,1.108737390122504e-05
2637.0,0.1410379437387485,0.0009387648268945627,0.0002731739010542104,0.0006474897222578737,1.176961927413488e-05,1.13997102029474e-05,1.110931893825189e-05
2638.0,0.1412505578595572,0.0008835128768832951,0.0002719303272265507,0.0006482360690097639,1.183733756607513e-05,1.142841240002671e-05,1.113274175055611e-05
2639.0,0.1407492032604713,0.0009049087457618828,0.0002726812733284236,0.0006489675954607411,1.186451895458573e-05,1.142171091345198e-05,1.113062978015324e-05
2640.0,0.1404282752798586,0.0009040035351468007,0.0002728357553721851,0.0006497068193924845,1.185841266546621e-05,1.142968760590436e-05,1.110281745489503e-05
2641.0,0.1399195367654799,0.0008515661553200684,0.0002718402435030662,0.0006504317068121187,1.18673127629024e-05,1.146085831762106e-05,1.108684516593258e-05
2642.0,0.1395435320456371,0.0008328284520692246,0.0002717966973714425,0.000651218448161338,1.187133400871045e-05,1.144743846536793e-05,1.107106541694493e-05
2643.0,0.1389118749055258,0.0008349967310315136,0.0002716396218857233,0.0006520315828212062,1.185686209281655e-05,1.144907171242013e-05,1.105143628460144e-05
2644.0,0.1383991983423781,0.0008041329429918394,0.0002702230105933321,0.0006528540115524419,1.184568008391981e-05,1.144536767171783e-05,1.102943824599676e-05
2645.0,0.1385689006399652,0.0008017662042239295,0.0002705793930941748,0.0006536722843774653,1.185139345685407e-05,1.145696316441729e-05,1.101925064653329e-05
2646.0,0.1385564286303681,0.000801475077965771,0.000270602242572402,0.0006544996851218166,1.188074173078817e-05,1.14795991690153e-05,1.101596513997263e-05
2647.0,0.1388097987258832,0.0007961010949494208,0.0002703874900205552,0.0006553687113388988,1.189383497393515e-05,1.147677724342423e-05,1.101151990111735e-05
2648.0,0.1393559748465725,0.0008029203584710727,0.0002707147870500199,0.0006562191128128508,1.191185558283496e-05,1.148961595259241e-05,1.101612211397846e-05
2649.0,0.1396171163043273,0.0008216531595269328,0.0002701414490563065,0.0006570245452566295,1.192895248690058e-05,1.151041684571194e-05,1.101074565942423e-05
2650.0,0.1395217404842134,0.0008101480578927851,0.0002704820950475044,0.0006578785927885425,1.195675574127707e-05,1.152047774619399e-05,1.10262225779325e-05
2651.0,0.1403999738231652,0.0008482180612280922,0.0002712986923684004,0.0006587007498872489,1.198334703425277e-05,1.154301042955552e-05,1.104289192112458e-05
2652.0,0.1416124298536313,0.0008526945357777134,0.0002711513572759095,0.0006594822564471724,1.198881255615507e-05,1.155753045065066e-05,1.103688780605501e-05
2653.0,0.1415158778592985,0.0008753653049174394,0.0002722650166781847,0.0006602628192539905,1.204855062065051e-05,1.161313402528004e-05,1.110043547765136e-05
2654.0,0.1407502075732059,0.0008326330430412567,0.0002725780702536532,0.0006610242560472906,1.205779475467932e-05,1.161096835616387e-05,1.112165461025252e-05
2655.0,0.1409159891924121,0.0008202069524151476,0.0002715413570953724,0.0006617639785664755,1.202726117259903e-05,1.15937862239488e-05,1.109085489504989e-05
2656.0,0.1401823915064159,0.0008010077287602383,0.0002707941555915214,0.000662448237460486,1.201249192140176e-05,1.161303728959734e-05,1.109092716051791e-05
2657.0,0.139875579572685,0.0007709639665344415,0.0002704826061788343,0.0006631213362070881,1.201074444610672e-05,1.162930456932239e-05,1.109711177420028e-05
2658.0,0.1397980253095672,0.0007546551240663218,0.0002697437911852947,0.000663712330218482,1.200055606457041e-05,1.162950981917036e-05,1.110770572226297e-05
2659.0,0.1394796772746352,0.0008477539903522898,0.000271428757238727,0.0006642736593093168,1.20236597200385e-05,1.162781208134694e-05,1.113845321081301e-05
2660.0,0.1401688700246449,0.000795405408692039,0.0002710005743158734,0.0006647724772758278,1.20199652640587e-05,1.164197257340921e-05,1.114084061339542e-05
2661.0,0.1394294883564572,0.0008351885362451205,0.0002718539880764795,0.0006652435305992511,1.204160019437446e-05,1.165459289644795e-05,1.117363437327901e-05
2662.0,0.1393820477139528,0.0007753009479316166,0.0002712138763441617,0.0006656075057672595,1.204579376790437e-05,1.166450550826256e-05,1.119316508290249e-05
2663.0,0.1397494435375818,0.0008559687182150592,0.0002723678964121152,0.0006659668912701958,1.206292142003055e-05,1.167812478045001e-05,1.121091227864959e-05
2664.0,0.1406384042877367,0.0007908854146037167,0.000270886719367774,0.0006662072857309655,1.203506237572208e-05,1.170587557998245e-05,1.122215552854233e-05
2665.0,0.1403466542993238,0.0008318935830155564,0.0002715102058975758,0.0006664931478976108,1.20614228304596e-05,1.172801021932028e-05,1.126961453307326e-05
2666.0,0.1406001878466263,0.0008770009603014301,0.0002728130393427395,0.0006667218620923139,1.206377628503261e-05,1.172325412536693e-05,1.131504771163738e-05
2667.0,0.1401928168073298,0.0008162682413548801,0.0002714233957759088,0.0006669092259144778,1.202838448479529e-05,1.172565835771228e-05,1.130662042406574e-05
2668.0,0.1403832039153571,0.0007846358755249263,0.0002706334317574278,0.0006670687818200621,1.201533534556016e-05,1.174849487530677e-05,1.132229680293985e-05
2669.0,0.141260697816367,0.0008533534534360347,0.0002719514434686119,0.0006671599733497477,1.204184284316754e-05,1.177964443541106e-05,1.137292058055484e-05
2670.0,0.1415261689038885,0.0008426775600444441,0.0002720480813935736,0.0006671989880253193,1.20403348366674e-05,1.178686191860994e-05,1.139659618568199e-05
2671.0,0.1412740079478229,0.0008085879048144262,0.0002716318155865206,0.0006672492978903425,1.205113249777618e-05,1.179380875575515e-05,1.142338294501197e-05
2672.0,0.1417017605506521,0.0008367159530907603,0.0002713610894335395,0.0006672044026990241,1.205419692895931e-05,1.180552179862356e-05,1.145866819543186e-05
2673.0,0.1412689235265735,0.0008783399116426173,0.0002723295118688085,0.0006671453251376606,1.205078305443219e-05,1.180455198058775e-05,1.147332016198062e-05
2674.0,0.1416915355614961,0.0008426991168488054,0.0002713687304863266,0.0006669973689114461,1.204349454069474e-05,1.182869573444826e-05,1.150597564395466e-05
2675.0,0.1413769072220658,0.0008270166572351971,0.0002711234963524175,0.0006668772856405678,1.205232187830835e-05,1.184543108193524e-05,1.154960185289466e-05
2676.0,0.141819315031568,0.0008260735843737678,0.0002715826871570081,0.0006667223930096153,1.204295526101891e-05,1.184604738462569e-05,1.15761432363268e-05
2677.0,0.141918334722578,0.0008564583791764283,0.000271644163261353,0.0006665185407760415,1.204208997966066e-05,1.186333325395143e-05,1.159875742771161e-05
2678.0,0.1419811425865341,0.0008510229761095645,0.0002713364757042446,0.0006662809317062088,1.205076521691984e-05,1.187861637216991e-05,1.163755688534388e-05
2679.0,0.1426150595661951,0.0008331201403232936,0.0002714391923094717,0.0006660169621235352,1.203455247780435e-05,1.189598855048999e-05,1.166317031842372e-05
2680.0,0.1425320923523335,0.0007963402991152264,0.0002703438610303298,0.0006657375502601283,1.200901739817505e-05,1.190159016967285e-05,1.167785899449977e-05
2681.0,0.1424133925611983,0.0008095758100133355,0.0002711162817778858,0.0006654896227133668,1.202701058840043e-05,1.192034766558731e-05,1.172340994625145e-05
2682.0,0.1432172416602398,0.0008590182140491185,0.0002722870858458481,0.0006652240245092318,1.208142301165969e-05,1.19637604880145e-05,1.17897449662234e-05
2683.0,0.1430751006677148,0.0008042674956193628,0.000270906822363992,0.0006649122338169681,1.206807600380447e-05,1.195595771419651e-05,1.180017424327842e-05
2684.0,0.1425635031584471,0.0008411679551745913,0.0002718081780929939,0.0006645730142645867,1.205495766698631e-05,1.195511827375914e-05,1.18172671009074e-05
2685.0,0.1423166596353102,0.0008130170830078386,0.0002707821720187382,0.0006642811722457411,1.204022696053889e-05,1.196479786172877e-05,1.184082767544566e-05
2686.0,0.1423341927405755,0.0008995298810879038,0.0002720062437405205,0.0006640062975030493,1.202036529757372e-05,1.196967141953028e-05,1.187811030730642e-05
2687.0,0.1430532817486134,0.0009014148775883916,0.0002717235171194255,0.0006637356051562769,1.200571164425959e-05,1.197761966370421e-05,1.189052704573142e-05
2688.0,0.1424787594435469,0.0009953025565457836,0.0002722955469020442,0.0006634652692753783,1.201698804624387e-05,1.199679827117857e-05,1.192693059951801e-05
2689.0,0.1425898831657995,0.0008546168291363065,0.0002708925316024016,0.000663209916552397,1.199448659741118e-05,1.199494324262014e-05,1.193535352642944e-05
2690.0,0.142228062549266,0.0009102923801906375,0.0002717880902923774,0.0006629633064435902,1.19912911512161e-05,1.20223002366083e-05,1.197840599973684e-05
2691.0,0.1424891900367201,0.0008562784762895873,0.0002709947841715464,0.0006627481752751766,1.199103732914634e-05,1.20348195414206e-05,1.201584795827812e-05
2692.0,0.1430225532907262,0.0008953042492354483,0.000270903665926273,0.0006625524840136374,1.199744233041732e-05,1.204992846452968e-05,1.205555806880877e-05
2693.0,0.1435464635205477,0.00085700269564507,0.000270266465534937,0.0006623408652053368,1.196852510789064e-05,1.204493218373676e-05,1.207666851663297e-05
2694.0,0.1428948850453183,0.0008949430107824018,0.0002709689305918793,0.0006621654880321565,1.197410927935951e-05,1.207342780005686e-05,1.212410514840251e-05
2695.0,0.1434498483189512,0.0008444607462083722,0.0002703721116239859,0.0006619937010785057,1.196482784503206e-05,1.208001110674721e-05,1.214300007262567e-05
2696.0,0.143239323265583,0.0008292383409208379,0.0002706454034163814,0.0006618565142433825,1.196364415617175e-05,1.20853842306929e-05,1.216839211429616e-05
2697.0,0.1428509852877629,0.0008927557652845042,0.0002715138192786889,0.000661723298922363,1.194659756546638e-05,1.211785249374978e-05,1.220248874646888e-05
2698.0,0.1428624950051946,0.0008501223122036177,0.0002706623117538256,0.0006615677873783824,1.194038399189792e-05,1.212999594317091e-05,1.224646227268259e-05
2699.0,0.1433649704945846,0.0009679428514892218,0.000272185867577069,0.0006613501597356457,1.193848985290555e-05,1.213645639407513e-05,1.229866594912119e-05
2700.0,0.1424359869269675,0.0009089883037644875,0.0002706666325015069,0.0006611614236471828,1.191326352897146e-05,1.214652920647885e-05,1.23116623147301e-05
2701.0,0.1422130778519391,0.0008607831925182139,0.0002691136483785248,0.0006609708644332139,1.191390632420165e-05,1.214929430187718e-05,1.231960453481761e-05
2702.0,0.1433357832936097,0.0008770924321935663,0.0002690694064663827,0.000660663532090237,1.192079086027655e-05,1.218438901167511e-05,1.23349325825269e-05
2703.0,0.1422981642335418,0.000871738221982293,0.0002692517028487395,0.0006604136691582757,1.192483159747173e-05,1.21859731423167e-05,1.237533117585896e-05
2704.0,0.1424053151159464,0.0009250507234848155,0.0002703272401870085,0.0006601571753098065,1.189785593916432e-05,1.217789247135712e-05,1.240680889971447e-05
2705.0,0.1433313295390095,0.001037107634657738,0.0002713439693455522,0.0006599162743416982,1.189869549602487e-05,1.219229518467712e-05,1.244324265676907e-05
2706.0,0.1436159809768364,0.0009348970934549426,0.0002695153225871117,0.0006596279762672642,1.18797128656432e-05,1.220668448334957e-05,1.246539372122859e-05
2707.0,0.1439326850055294,0.0008705934375787862,0.0002693642169722668,0.0006594057361295839,1.193124292428283e-05,1.223802575995456e-05,1.252190399626005e-05
2708.0,0.1443019385096257,0.0009905947520193708,0.0002714163406101628,0.0006591385585211325,1.194771838051196e-05,1.225256873309266e-05,1.253826636115003e-05
2709.0,0.1437436612145136,0.0009523062405834475,0.0002704664597497916,0.0006588969619728746,1.192324282647418e-05,1.224848204976037e-05,1.256233967769974e-05
2710.0,0.1436554688614855,0.0008742383384059386,0.0002695152202975805,0.0006586259250446967,1.191635641196441e-05,1.22508673007632e-05,1.256955038905264e-05
2711.0,0.1427384661370562,0.0009139149631680229,0.0002700499110665727,0.000658367286401413,1.190173239086987e-05,1.224641121471588e-05,1.259302272659443e-05
2712.0,0.1434150074149369,0.0009038295983540501,0.0002701821091592929,0.0006580396009506222,1.189557755974319e-05,1.224770173892346e-05,1.260443950275851e-05
2713.0,0.1433614521923676,0.0009629803919248705,0.0002705711685647462,0.0006577940219802275,1.192632691423925e-05,1.227684771735287e-05,1.264707220468339e-05
2714.0,0.1437530047654086,0.0008766775893941455,0.0002692275193313623,0.0006575095789563362,1.191687466889797e-05,1.227211730819646e-05,1.2652019369753e-05
2715.0,0.1439516256341156,0.0009717970459225769,0.0002708143557517932,0.0006572371985849493,1.194611317036232e-05,1.226984798277132e-05,1.268292127377183e-05
2716.0,0.1439970255554827,0.0009328449102383251,0.0002690842451277344,0.0006569659147963747,1.194964475658388e-05,1.228523060273988e-05,1.270620149360174e-05
2717.0,0.1439209118168375,0.0008770039924112412,0.0002682451459309269,0.0006566531672599703,1.194139182711088e-05,1.228927551688165e-05,1.272801940126641e-05
2718.0,0.1429594687125412,0.0009323458583619454,0.0002689447795172818,0.0006563219157733385,1.195174817457254e-05,1.229255937098851e-05,1.273608396589358e-05
2719.0,0.1429709891425109,0.0008570754184029883,0.0002675628045109989,0.0006559507820524213,1.194813508824043e-05,1.228063556069807e-05,1.27439173477781e-05
2720.0,0.1423445607803277,0.0009642540923861341,0.0002692104765825496,0.000655624476970378,1.194968739726348e-05,1.227864375510048e-05,1.275482500844421e-05
2721.0,0.1421569126894822,0.0009260013575338543,0.0002684211234401324,0.0006552511949952907,1.19509359732377e-05,1.228343218203378e-05,1.276722598689028e-05
2722.0,0.1423122373952989,0.000865071889623402,0.0002676958802111911,0.0006548320615017527,1.196645975800788e-05,1.23075808387498e-05,1.278382049643196e-05
2723.0,0.1428751220222603,0.001069766636948704,0.0002699946059021614,0.000654385706853699,1.198335678903689e-05,1.231796184555617e-05,1.279206074594896e-05
2724.0,0.1427620805077623,0.001057017371190781,0.0002698031014268969,0.0006539497848379792,1.201653109387946e-05,1.232879481529403e-05,1.283892332987384e-05
2725.0,0.1434177811258231,0.00105604668213524,0.0002704804736620149,0.0006534775111461833,1.201949624146559e-05,1.230838912568131e-05,1.282437310942026e-05
2726.0,0.1445033923468615,0.000970866839855992,0.000268502287130832,0.0006529849082841697,1.201284999447724e-05,1.231872790235573e-05,1.282225939701707e-05
2727.0,0.144123829930235,0.0009698822780138132,0.0002693069695085106,0.0006526016183896286,1.203656906908932e-05,1.235013639920542e-05,1.286086923784559e-05
2728.0,0.1441701438643027,0.0009088571747740383,0.0002689528536739754,0.0006522753581617859,1.205669864146324e-05,1.236854035322653e-05,1.28868192386129e-05
2729.0,0.145054024915273,0.0009500085734901673,0.0002698252819770483,0.000651953545086282,1.207373814141071e-05,1.236721476582505e-05,1.289596502397043e-05
2730.0,0.1452171647697403,0.001001356782367203,0.0002708900421131963,0.000651663837208279,1.210294745696836e-05,1.239571244074871e-05,1.291108473916244e-05
2731.0,0.1451356500536657,0.000934430396292854,0.0002700830080592149,0.0006513564528818603,1.208729577530251e-05,1.23884343751214e-05,1.290619294882413e-05
2732.0,0.1450855760808989,0.001011111825594453,0.0002714546713621214,0.000651095123866549,1.210289615299405e-05,1.238431578360504e-05,1.29312935066622e-05
2733.0,0.144901345655782,0.0009575836504859298,0.0002698598378568158,0.0006508395629752367,1.211234744168901e-05,1.238127935004356e-05,1.293163739283863e-05
2734.0,0.1446004050006607,0.001034409531996833,0.0002705413406205827,0.0006506434916195281,1.210847103930798e-05,1.238219200208186e-05,1.293822371939697e-05
2735.0,0.1454511572704897,0.0009933948933788358,0.0002699518924310153,0.0006503830619464809,1.214268029440083e-05,1.240811493762891e-05,1.295205128993874e-05
2736.0,0.1463223865640086,0.001130063831957722,0.0002714236664879636,0.0006501649856144535,1.217545884144494e-05,1.241167390355934e-05,1.296660169118445e-05
2737.0,0.146445102450837,0.001117656343932742,0.0002729496657529433,0.0006499515578008131,1.219837803710178e-05,1.242317908398674e-05,1.29592631626932e-05
2738.0,0.1467880000244293,0.000946369741525594,0.0002703892058921323,0.00064968801544084,1.220445557786586e-05,1.241538311792661e-05,1.295632939578963e-05
2739.0,0.1470203011113393,0.0009923079737275188,0.0002714717929214346,0.0006494464610478362,1.223534210577902e-05,1.243183122094151e-05,1.29728182151006e-05
2740.0,0.1476415979845627,0.001042496659614563,0.0002713482566765312,0.0006492062619196355,1.224147363968437e-05,1.24477325933771e-05,1.298667594761697e-05
2741.0,0.1491642668031667,0.001022079965903854,0.0002720455360744592,0.0006489235352799928,1.228288686400846e-05,1.245383790770812e-05,1.299230942285417e-05
2742.0,0.1496070121177457,0.0009617158455993563,0.0002720855114251975,0.0006487596609078702,1.232215749014924e-05,1.250784512982545e-05,1.305004562914121e-05
2743.0,0.1517524427708349,0.0009570222224071503,0.000272020154528169,0.0006485390866775483,1.234572274390452e-05,1.252467534300673e-05,1.302946789036892e-05
2744.0,0.1514645440708909,0.001048025430846414,0.0002737316852482591,0.0006483013077228566,1.239291228688016e-05,1.253486239023892e-05,1.307694672626129e-05
2745.0,0.1517934240117511,0.0009955594709862773,0.0002721940533587202,0.0006480420446006408,1.240505726050817e-05,1.252788485666215e-05,1.305569769840895e-05
2746.0,0.1520970727683501,0.001198435621699245,0.0002764111508080847,0.000647772420851618,1.244264726503512e-05,1.25398775685714e-05,1.306637140095145e-05
2747.0,0.1509029169337132,0.0009720076191023873,0.0002719065611995146,0.0006475264938780725,1.241989917236428e-05,1.252543201136436e-05,1.303909399337204e-05
2748.0,0.1513896227489896,0.00100120356944423,0.0002732020090622713,0.0006472881483154086,1.244417654873794e-05,1.252122647129487e-05,1.303314491373845e-05
2749.0,0.1515304868246709,0.001053424904608423,0.0002746298568768839,0.0006470342387615942,1.246431874126631e-05,1.253069667336342e-05,1.302838503236042e-05
2750.0,0.1517474149928031,0.001140373558789457,0.0002752860397934795,0.0006467586287055031,1.247317321072292e-05,1.253440932157028e-05,1.301516156205427e-05
2751.0,0.1519479538205066,0.001180705158815856,0.0002758885288708391,0.0006464728408159421,1.251211845877824e-05,1.253583655595985e-05,1.303690051335181e-05
2752.0,0.1528980202284927,0.001123302191285451,0.0002747306413958534,0.0006462387733930843,1.254403127617835e-05,1.256152555327103e-05,1.304959302700455e-05
2753.0,0.1527625823919524,0.001147569051651284,0.0002755719600561762,0.0006460211513142195,1.255751798875174e-05,1.25540222210798e-05,1.302719803347602e-05
2754.0,0.1531384025595385,0.001137717839138348,0.0002753385671088278,0.0006457739415476422,1.256201353426405e-05,1.254189864545749e-05,1.300335003590701e-05
2755.0,0.1526986050305157,0.001065317518905873,0.0002745732705140582,0.0006455300996514281,1.257702063084855e-05,1.257720241275943e-05,1.299943254560896e-05
2756.0,0.1528371737009908,0.001126334293480455,0.0002752017563829568,0.0006452848504194017,1.25943185827636e-05,1.256141236741496e-05,1.297728709802841e-05
2757.0,0.1519963447548959,0.001033529635410641,0.0002742971967815974,0.0006450295628948694,1.262174867854163e-05,1.256108547320339e-05,1.296101388104044e-05
2758.0,0.1521883115131773,0.001054866059438681,0.0002742212735034765,0.0006447363383798511,1.26590370281825e-05,1.256521944171467e-05,1.294903038535657e-05
2759.0,0.1519900311073593,0.00120901395463978,0.0002756374280434744,0.0006444102512757945,1.267019366606262e-05,1.256022474391741e-05,1.292289124298048e-05
2760.0,0.1512280678102869,0.001162179096273423,0.0002761644353386026,0.000644054603268647,1.269802804711981e-05,1.254562336637805e-05,1.291729271660372e-05
2761.0,0.1520763017632352,0.00113641278295463,0.0002757763722918881,0.0006436579848204128,1.270612369205569e-05,1.25532044975676e-05,1.288831942658952e-05
2762.0,0.1513267605642976,0.001227714502018483,0.000276918415224226,0.0006433220243247359,1.275295899783521e-05,1.259649207947831e-05,1.290500411300318e-05
2763.0,0.1525540142782708,0.001201774283070888,0.0002769752636220732,0.0006430091773681052,1.276492438778541e-05,1.258854110808361e-05,1.287850871288278e-05
2764.0,0.1524869270564518,0.001251142828607348,0.0002788362267849689,0.0006426651830851881,1.280837719314138e-05,1.258156983853394e-05,1.286551088856231e-05
2765.0,0.1516009027051456,0.001111974652720815,0.0002760139797097005,0.0006422710060631628,1.285778830109382e-05,1.259668734629203e-05,1.285873356867871e-05
2766.0,0.1511576310290748,0.001191745900861264,0.0002759167842762733,0.0006418788887378378,1.284982151111224e-05,1.258722838190274e-05,1.283879888511185e-05
2767.0,0.1510305339074186,0.001114629207008067,0.0002767639181171462,0.0006414838950868459,1.288240416630334e-05,1.258374073626174e-05,1.28314735111528e-05
2768.0,0.1508443714140396,0.001115231230411346,0.0002780386093599856,0.0006411313310039741,1.290111972831829e-05,1.259391156977468e-05,1.280970244759255e-05
2769.0,0.1505373526524848,0.001096092139282454,0.0002779615345436845,0.0006407570772105235,1.291016986442353e-05,1.25954014786801e-05,1.278036711521097e-05
2770.0,0.1504241253088558,0.001074997180525195,0.0002781686013285595,0.0006403272765721505,1.29236913655475e-05,1.259361032074005e-05,1.276227917737415e-05
2771.0,0.1507342076534278,0.001012687116700784,0.0002760267879524878,0.0006399631160077695,1.292756153495984e-05,1.260391986089025e-05,1.274500934976012e-05
2772.0,0.151046582481863,0.001098704006320621,0.0002777331271458959,0.0006395761435656895,1.299528596587344e-05,1.2616497031755e-05,1.277004826011687e-05
2773.0,0.1505815574199879,0.001115773385099539,0.0002777253186744497,0.0006391597939178448,1.299697630839461e-05,1.261170049669425e-05,1.273099055284191e-05
2774.0,0.1494665829774926,0.001206815745087674,0.0002793926692692972,0.0006387527527025583,1.303588779399567e-05,1.261232997550342e-05,1.2730025276341e-05
2775.0,0.1496507623717919,0.001134323342421047,0.0002781670407254823,0.0006383366094072161,1.304616774191709e-05,1.261329463997744e-05,1.271989457112344e-05
2776.0,0.1499890224998709,0.001194320667407688,0.0002807154110945302,0.0006379577433358809,1.306543134741178e-05,1.261811139260373e-05,1.271561840136626e-05
2777.0,0.1500025022555409,0.001240593192320759,0.0002829388222104618,0.0006375643012603122,1.308210517368754e-05,1.260822347206791e-05,1.271701882960412e-05
2778.0,0.1502180920760317,0.001213765009867522,0.0002824395027376307,0.0006371603725726141,1.310513776035851e-05,1.262156065485084e-05,1.270800795309817e-05
2779.0,0.1502913736182302,0.00115687775931421,0.0002824743287754367,0.0006367325169266476,1.314472806158767e-05,1.260676486641532e-05,1.26964898918078e-05
2780.0,0.1500404936873704,0.001175863040233484,0.0002819790561593369,0.0006362616029123629,1.316312853518333e-05,1.260293149127281e-05,1.269976349740108e-05
2781.0,0.1503547498424964,0.001146491597407116,0.0002820732813411362,0.0006358633794322181,1.317392019962606e-05,1.262996772799998e-05,1.270170205652857e-05
2782.0,0.149710955157283,0.001042629854172993,0.0002804851041097562,0.0006354682154931727,1.316921319664618e-05,1.260767434894836e-05,1.268694122182728e-05
2783.0,0.1492080771416135,0.0009324687923470605,0.0002786458809780679,0.0006350965346374636,1.317549392975331e-05,1.259392023706647e-05,1.266792765256767e-05
2784.0,0.1491313019702194,0.001025349206522708,0.0002796080523583856,0.0006347255881570452,1.318935471642717e-05,1.258541588828652e-05,1.265627454246154e-05
2785.0,0.1494768204853695,0.0009715481406337997,0.0002795828586379418,0.0006343499955242194,1.321173841642205e-05,1.25885863391774e-05,1.266376076524843e-05
2786.0,0.1491178461344762,0.0009757262048227794,0.0002787775031413223,0.0006340045841107305,1.323439837053501e-05,1.257991407864722e-05,1.266691584077573e-05
2787.0,0.1495846055980438,0.001081582310549605,0.0002807637542332712,0.0006336836474324897,1.326052633973184e-05,1.259414717924577e-05,1.268038561425824e-05
2788.0,0.149585504898119,0.001021162171477378,0.0002808363630934785,0.0006333356682096975,1.325489086897523e-05,1.259977336125872e-05,1.266584260890538e-05
2789.0,0.1491418787913411,0.0009465848339826534,0.0002793882689271032,0.0006330331129662274,1.325460784116277e-05,1.25937889059018e-05,1.266555443108645e-05
2790.0,0.1496755790242085,0.001058131809443065,0.0002811590695359006,0.0006327346681422845,1.329464990497477e-05,1.260395949228456e-05,1.268864749917676e-05
2791.0,0.1496554654457821,0.001006374110010133,0.0002805887162242452,0.0006324753734996833,1.329174834676407e-05,1.25964069050176e-05,1.267176669407153e-05
2792.0,0.1490996214880314,0.000979297528774516,0.0002797925968612115,0.000632204533261257,1.330792362389147e-05,1.260117221368501e-05,1.268111532821289e-05
2793.0,0.149317500258206,0.001004211812782615,0.0002800346211061875,0.0006319612464621075,1.330182292560994e-05,1.259082115368369e-05,1.267870331642825e-05
2794.0,0.1499417389808277,0.001052042713269822,0.000281890764361706,0.0006317661603574338,1.332442372842729e-05,1.260521342225494e-05,1.269195884052785e-05
2795.0,0.1503385019818773,0.001082952791414132,0.0002813973418101668,0.0006316101538840981,1.333811287280852e-05,1.261533633797155e-05,1.270324718453531e-05
2796.0,0.1513504300722343,0.001129613679544228,0.0002826914476316128,0.0006314141047225913,1.336391142859307e-05,1.262101370305969e-05,1.273011144104172e-05
2797.0,0.1508694094648166,0.0009362673671880344,0.0002800504973581966,0.0006313221507016737,1.340234510160693e-05,1.264417646942361e-05,1.276437941910279e-05
2798.0,0.1504830192892463,0.001081268933933323,0.0002820722337964598,0.000631252848754971,1.341218665984353e-05,1.264044823287073e-05,1.276232532087038e-05
2799.0,0.1509996726808532,0.001006414198737263,0.0002818368349814812,0.0006311859420278798,1.33869794270662e-05,1.263411848124955e-05,1.275764923340338e-05
2800.0,0.1505378861273794,0.000978824812388163,0.0002815776664858599,0.0006311873154333482,1.338897297263023e-05,1.263661429026393e-05,1.277644615016686e-05
2801.0,0.1509790840042595,0.001092919714710308,0.0002835385391687285,0.000631220084114,1.340271355745897e-05,1.265866770508277e-05,1.278864782884759e-05
2802.0,0.1501864889797691,0.001162235005535749,0.0002827701136907649,0.000631302108020049,1.33720950554197e-05,1.263342246768931e-05,1.277704501388989e-05
2803.0,0.149078647435993,0.001070706793362536,0.0002822844798692231,0.0006314485864945828,1.335506621677552e-05,1.258933016677473e-05,1.277232941805721e-05
2804.0,0.1493558716030172,0.001070066331903037,0.0002822807491083526,0.00063166613275835,1.33569549791207e-05,1.260371673872694e-05,1.278298852438346e-05
2805.0,0.1495572703637744,0.0009623135754398738,0.0002804825407235063,0.0006319544858245544,1.336368223195075e-05,1.260347518602342e-05,1.279160508914045e-05
2806.0,0.1493995954602441,0.00104912279986527,0.0002808340458351832,0.0006322842603191296,1.336491158640274e-05,1.260593739728888e-05,1.28073860434292e-05
2807.0,0.1486361934394823,0.00106234979005953,0.0002815973756013309,0.0006326869055059474,1.337911426135659e-05,1.262039917234256e-05,1.282348412264307e-05
2808.0,0.1495150001978029,0.00098668183483381,0.000280890670946699,0.0006331597883246631,1.337416008143406e-05,1.262635364261085e-05,1.282216937880901e-05
2809.0,0.1501873689210147,0.001142270569618496,0.000282531847611837,0.0006336869116706579,1.338248667350644e-05,1.262917633815557e-05,1.285128370274471e-05
2810.0,0.1514974664898637,0.001183202149695479,0.0002838007264428167,0.0006342301443801018,1.336016892501289e-05,1.262547646784871e-05,1.287052869859241e-05
2811.0,0.1507693581761171,0.001195636542288192,0.0002826397952711431,0.0006348926276732597,1.340329794479914e-05,1.267376464923178e-05,1.293850920955279e-05
2812.0,0.1510828573917691,0.001115515048472945,0.0002816740623741575,0.0006355527462347917,1.341912226074629e-05,1.267164938354682e-05,1.29530222931385e-05
2813.0,0.1505827388023523,0.001093815926691785,0.0002832861395613142,0.0006362155687675256,1.342048163384152e-05,1.267085005825795e-05,1.297115191328451e-05
2814.0,0.1519775507684971,0.0010854931596013,0.0002814599066422421,0.0006369181224060344,1.338707289509212e-05,1.268291912899315e-05,1.298114593977659e-05
2815.0,0.1513152134899015,0.001256645530900987,0.0002837265751769239,0.0006377232745577708,1.3397419105488e-05,1.268763815219445e-05,1.301129021539097e-05
2816.0,0.151515064017073,0.001158484619926576,0.0002810795859451194,0.00063856303228603,1.339743486537671e-05,1.271794762177059e-05,1.303817472207771e-05
2817.0,0.1503449922658222,0.00109524305535819,0.0002802087293635558,0.0006394728609707898,1.335585155863899e-05,1.267354929417234e-05,1.303050757132345e-05
2818.0,0.1505641513499852,0.001191130085888281,0.0002815291183142444,0.0006404010414759574,1.333590652090661e-05,1.267913068645991e-05,1.303777319785486e-05
2819.0,0.1510423768117432,0.001063148540493349,0.0002800173235639991,0.0006413576689919311,1.333829591221192e-05,1.268776890034883e-05,1.308417335840708e-05
2820.0,0.1508764409602613,0.001099179150384523,0.0002799043467698809,0.000642358246716336,1.334073714355194e-05,1.268820313522817e-05,1.3106382844519e-05
2821.0,0.150670371409224,0.001043231439110313,0.0002787657602460695,0.0006433485439627896,1.333560630598336e-05,1.270719753240557e-05,1.313924174012792e-05
2822.0,0.1509523814368362,0.001204202607339196,0.0002810845108950676,0.0006443486950450844,1.33464118952707e-05,1.271949946554782e-05,1.318088227791886e-05
2823.0,0.1508537960012442,0.001226965732498026,0.000279898148422264,0.0006454055111385646,1.332537485756684e-05,1.270017780845807e-05,1.319261666133875e-05
2824.0,0.1503525234083765,0.001264889510860787,0.0002797838563326029,0.000646494502760813,1.331727780760326e-05,1.269519429060808e-05,1.321937653533535e-05
2825.0,0.149983657950216,0.00113176066960994,0.0002782391953103396,0.0006475873677139306,1.328551675236514e-05,1.268839225227049e-05,1.321755600507563e-05
2826.0,0.1498410435206957,0.001151776436890935,0.0002781174678034878,0.0006486760552335579,1.326873028309796e-05,1.268243172271681e-05,1.326185285772564e-05
2827.0,0.1505607479520842,0.001101542544135165,0.0002767249107226549,0.0006497432554251217,1.3247314415062e-05,1.269182982172625e-05,1.329292746285866e-05
2828.0,0.1497727418843216,0.001168284754154106,0.0002779056551533945,0.0006508301793067331,1.32520524430736e-05,1.268919280381511e-05,1.331034159494217e-05
2829.0,0.1497263936922228,0.001175180201887718,0.0002773111803493,0.0006519240207471517,1.323681001273807e-05,1.270433361663476e-05,1.33236574547032e-05
2830.0,0.1497315337029237,0.001138349981036097,0.0002762313373114577,0.0006530067521886009,1.323044635322975e-05,1.270410079913646e-05,1.335002988687784e-05
2831.0,0.1501136172260862,0.001090018730881742,0.0002745899887512015,0.000654067774711456,1.319316509491411e-05,1.269548685677403e-05,1.336711733266294e-05
2832.0,0.1494248049323967,0.001216796552765171,0.0002770775488000949,0.0006551086098681407,1.321681231412189e-05,1.270007099160357e-05,1.342437474620885e-05
2833.0,0.1506262905249381,0.001079565903930016,0.0002760858961965862,0.0006561246466389502,1.318543921753386e-05,1.269841278734218e-05,1.344235212585085e-05
2834.0,0.1502845006516265,0.0009659459287859179,0.0002732245212416984,0.0006571524603314822,1.318023075106671e-05,1.271455422262974e-05,1.347530737849003e-05
2835.0,0.1520484460397482,0.001075405586092167,0.0002751674700161625,0.0006581387899889501,1.319319457254449e-05,1.273768935067052e-05,1.354137811095067e-05
2836.0,0.1522815489948795,0.001012997577365327,0.0002728495246109692,0.0006591612102493647,1.318942528576888e-05,1.276549455960477e-05,1.358771753696745e-05
2837.0,0.1522974512484031,0.001216216499824996,0.0002762303670232864,0.00066017005242068,1.322760898166737e-05,1.279884351056162e-05,1.363693881952185e-05
2838.0,0.1517775033622195,0.001065719015398117,0.000273986097535869,0.0006611299238145673,1.319995292926485e-05,1.279117197751447e-05,1.365745443222444e-05
2839.0,0.1516107067087076,0.001124761668047842,0.0002738330774931731,0.0006620568016336338,1.320493387084976e-05,1.280119056236439e-05,1.371028629080424e-05
2840.0,0.150472923401416,0.0010119353540838,0.000272274600201048,0.0006628883014699758,1.31496566508041e-05,1.278088470136827e-05,1.372331055562353e-05
2841.0,0.1502694163794182,0.001029446008059462,0.000272107812106494,0.0006637039775196186,1.31273019907268e-05,1.276275226324958e-05,1.374756117302345e-05
2842.0,0.1503115058362571,0.001046852532216976,0.0002720376251873111,0.0006644619746484376,1.311748432355296e-05,1.275204209174359e-05,1.375606002193134e-05
2843.0,0.1488964688349089,0.001064070249250227,0.0002713899993130394,0.000665231410006258,1.309420662886154e-05,1.274910321512034e-05,1.376795819411789e-05
2844.0,0.1499749643066318,0.000990459798315854,0.0002704962462634687,0.0006658826111732765,1.305197404405936e-05,1.275811656113969e-05,1.380175660295437e-05
2845.0,0.1496528397619141,0.001027923558253308,0.0002716157626190893,0.0006665241265129754,1.307023939878909e-05,1.276045249050666e-05,1.384556165526723e-05
2846.0,0.149485688095176,0.001075136040931442,0.0002715099920719327,0.0006670990784630175,1.305711049235225e-05,1.276702220980168e-05,1.38784787693769e-05
2847.0,0.1509370104109935,0.001050616334469871,0.0002708776981723269,0.0006675445442483639,1.302413528396135e-05,1.278285948291751e-05,1.388216975111321e-05
2848.0,0.15026829464988,0.001041195763527591,0.0002705490369488533,0.0006680466225147835,1.304519486402696e-05,1.281473072387135e-05,1.394958532318867e-05
2849.0,0.1501149290447844,0.000940571767719967,0.0002691058946025411,0.0006684743541195257,1.304738147802322e-05,1.281838460662181e-05,1.397181804794841e-05
2850.0,0.1502931094850619,0.0008555612004971421,0.0002669720474694585,0.0006687519540805135,1.300413905884128e-05,1.280043329370982e-05,1.39704122672663e-05
2851.0,0.1493458523339292,0.001075490740102383,0.0002703286155250353,0.0006690195852531952,1.302830526588428e-05,1.280403615797485e-05,1.401735814575161e-05
2852.0,0.1498723773233215,0.000982533811678438,0.0002695510195169406,0.0006692090478983897,1.299650495265981e-05,1.279717504568213e-05,1.40280370608705e-05
2853.0,0.148850159285845,0.001041790470024685,0.000271180857694955,0.0006693986337019723,1.300061709406902e-05,1.28100668268496e-05,1.407848235482465e-05
2854.0,0.1496315888488385,0.0009483279531714938,0.0002686252073527591,0.0006694882873761961,1.296223855532352e-05,1.282000072021884e-05,1.408028733002823e-05
2855.0,0.1490282779109576,0.001028221794240963,0.0002702996705510792,0.0006695262499100076,1.296215548419293e-05,1.281549039031858e-05,1.411255639510573e-05
2856.0,0.14929568789821,0.0010035929603971,0.0002699163718839323,0.000669539077078333,1.296423435090908e-05,1.282060407049977e-05,1.413459631982575e-05
2857.0,0.1487302931222307,0.001146648462680991,0.0002715089011743671,0.0006695318668867447,1.296307144430516e-05,1.281133765680193e-05,1.415393263370937e-05
2858.0,0.1493525663526653,0.001062832168612012,0.0002710958126916923,0.0006694535230373536,1.294058285667836e-05,1.281463111043119e-05,1.416967889273808e-05
2859.0,0.1487908271336151,0.001016369173528061,0.0002705931921000144,0.0006694069856761065,1.293825697837552e-05,1.282905105668049e-05,1.420071775128355e-05
2860.0,0.148862968389741,0.001003601598719085,0.0002701950583363469,0.0006692725168759759,1.293359134773404e-05,1.284657836232814e-05,1.419829284695809e-05
2861.0,0.1481248807774117,0.0008915452169346342,0.0002683018210896427,0.00066911480427042,1.290317459540302e-05,1.282323304387672e-05,1.421261661443165e-05
2862.0,0.1482599743573572,0.001016455959623066,0.0002699736313023633,0.0006689213332493092,1.291642886791924e-05,1.283564361364246e-05,1.423417201753874e-05
2863.0,0.1479561592000624,0.0008882315741230572,0.0002678461083893623,0.0006686917069782718,1.290450086842716e-05,1.281428301270639e-05,1.424184337281991e-05
2864.0,0.1478337366568192,0.001010294282718812,0.0002702354957807678,0.0006684501647931272,1.291470637386322e-05,1.282834450888289e-05,1.427377922136801e-05
2865.0,0.1474057694657458,0.0009434191465831093,0.0002686564728748646,0.00066818886969459,1.290923501271745e-05,1.282047857544389e-05,1.428376427784353e-05
2866.0,0.1475432091960566,0.001132638636032204,0.0002713974200938707,0.0006678330060996407,1.291376062265274e-05,1.282214724582729e-05,1.429550008455882e-05
2867.0,0.1475005478228779,0.001106428316185038,0.0002702418967655117,0.000667466419321331,1.292354692317733e-05,1.283560242538876e-05,1.432842651159841e-05
2868.0,0.1475011496193435,0.001138023757766983,0.0002717984199459163,0.0006670674267643147,1.291616984027276e-05,1.2838418232473e-05,1.433175371197408e-05
2869.0,0.1485415241591297,0.001010691540280776,0.000270113354920601,0.0006665776790643927,1.291889513957614e-05,1.284983036067131e-05,1.433335802500858e-05
2870.0,0.1490561042176015,0.001020149022291121,0.000271183498927867,0.00066615300189993,1.296296774100527e-05,1.287819551249986e-05,1.438375005699836e-05
2871.0,0.1491137030487739,0.001187442174725473,0.0002740785807990219,0.0006657087048277086,1.297806790885804e-05,1.28836089698066e-05,1.439659336416502e-05
2872.0,0.1490581471070316,0.001007197192322432,0.0002705445187377434,0.0006651978545586227,1.295170880185168e-05,1.288413998766064e-05,1.437619510571344e-05
2873.0,0.1484119147334759,0.001076190718039807,0.0002724440868864299,0.0006646769823415011,1.298774024523107e-05,1.289192055679506e-05,1.438912687837032e-05
2874.0,0.1490451567848476,0.001036190391698301,0.000271373742594932,0.0006641505867871889,1.298039269400209e-05,1.290987541664525e-05,1.439510641642511e-05
2875.0,0.1484275746879362,0.001047312673422277,0.0002719354039723536,0.0006635924667253094,1.29947395835518e-05,1.292918900861758e-05,1.442155880205307e-05
2876.0,0.1489651315513345,0.001037414154292307,0.0002712946490175682,0.0006630189896415002,1.300887738488925e-05,1.292163298071979e-05,1.443801103977692e-05
2877.0,0.1483952499918118,0.001139230157054741,0.0002737773160746713,0.0006624888705095572,1.302035291255033e-05,1.290743423893815e-05,1.443869957683692e-05
2878.0,0.1483363041519654,0.001005222713973132,0.0002722331200971602,0.0006619175001936497,1.304081595371546e-05,1.291965849308448e-05,1.442961126203849e-05
2879.0,0.1481184553220478,0.001060298181201624,0.0002726741419945939,0.0006613371990933788,1.304466353946584e-05,1.291225696535634e-05,1.442518071225486e-05
2880.0,0.1494546571565158,0.00101328216694238,0.0002731908201063508,0.0006607365941977936,1.308091894293611e-05,1.292648511067057e-05,1.442853858792614e-05
2881.0,0.1493652076467961,0.001051534006471094,0.0002738648923789757,0.0006602330023422747,1.312590776942049e-05,1.2957181126416e-05,1.447489665386921e-05
2882.0,0.1497269895201613,0.001167498244893682,0.0002741141840859175,0.0006597223701397481,1.314576186468909e-05,1.298023289243756e-05,1.445835638339486e-05
2883.0,0.1494710493495328,0.001041880004776778,0.0002716895755938993,0.0006591835819562847,1.313259056235954e-05,1.295941632636256e-05,1.443266824803951e-05
2884.0,0.1493400106345344,0.001303315027015424,0.0002752860823271024,0.0006586693964638599,1.317364238588312e-05,1.296595826946367e-05,1.442703637726754e-05
2885.0,0.1495288049878868,0.001070054874436585,0.0002721330258755505,0.0006581916027943306,1.317279875448506e-05,1.296968822194498e-05,1.44096432246139e-05
2886.0,0.149418928802848,0.001015539950475745,0.0002724551327296179,0.0006576691837508334,1.320325154898998e-05,1.297291445339313e-05,1.441502013454768e-05
2887.0,0.1497897844622438,0.001111246203879559,0.0002742580994520197,0.0006571658364959797,1.324169813179893e-05,1.297293348511847e-05,1.443058472974172e-05
2888.0,0.1494390652280949,0.001086027369039739,0.0002745114165395654,0.0006567037688073239,1.326751550178281e-05,1.2978288853924e-05,1.442975930200715e-05
2889.0,0.1496635428153642,0.001149144527053182,0.000275697286777897,0.0006562863483408981,1.329739823104717e-05,1.297483921018963e-05,1.441032093409229e-05
2890.0,0.149446628528702,0.001180543548430302,0.0002771405268638592,0.0006558950714961223,1.331838971731494e-05,1.298559749218222e-05,1.439752503133678e-05
2891.0,0.1502048372982379,0.001119172376463277,0.0002766981425455029,0.0006555768973784907,1.336423821262124e-05,1.30205151559095e-05,1.439450935122836e-05
2892.0,0.1503176675846142,0.001109603524900636,0.0002765155827601933,0.0006552770437634318,1.33946294475379e-05,1.302780563906465e-05,1.437968291239223e-05
2893.0,0.1504948998132125,0.001062719255076732,0.0002756862167819246,0.0006550130559146743,1.341380017350715e-05,1.303206447334618e-05,1.437542483974127e-05
2894.0,0.150433603140352,0.001084048831495681,0.0002763316964241565,0.0006547930076867615,1.34383552261758e-05,1.301405233951488e-05,1.436085142165434e-05
2895.0,0.1518614776891354,0.0009544402380855048,0.0002734343532271875,0.0006545276066014892,1.346308235140469e-05,1.302496827149931e-05,1.434394053400315e-05
2896.0,0.1516511986430737,0.001075853134332029,0.0002758239655629293,0.000654374428801642,1.350841822749766e-05,1.304064028859645e-05,1.43759746214063e-05
2897.0,0.1522668758593917,0.001230236729239824,0.0002772361947063243,0.000654248073356852,1.355174652483794e-05,1.305537370524182e-05,1.435924863694439e-05
2898.0,0.1521444121813673,0.001237678135547697,0.0002781652480423386,0.0006541488288297711,1.35973484001957e-05,1.305043263764198e-05,1.433963353524632e-05
2899.0,0.1531156000307318,0.001280934060721403,0.0002769357909748849,0.0006540576961618902,1.363315134273654e-05,1.307927031773105e-05,1.430579970726972e-05
2900.0,0.1522726860749057,0.001144969543425722,0.0002776206806727688,0.0006540347080591453,1.365262269094906e-05,1.305995901432098e-05,1.43001949289489e-05
2901.0,0.1520444103104154,0.00105272156809025,0.0002772382016613174,0.0006540555849980251,1.369275100870254e-05,1.307035629230303e-05,1.429145326809941e-05
2902.0,0.1518490818788362,0.001073861264456019,0.0002769910026063259,0.0006540948827758914,1.372031731557742e-05,1.308736093618445e-05,1.426680412844481e-05
2903.0,0.1517772946643272,0.001075570005644838,0.0002772213401238816,0.0006541412015750337,1.375497748064649e-05,1.308202498891434e-05,1.424904528617205e-05
2904.0,0.1518723637805412,0.001173906986674612,0.0002794633485184855,0.0006542015218523582,1.379019367011542e-05,1.30852474300028e-05,1.424427353785815e-05
2905.0,0.1525477501302754,0.001147013155822474,0.0002785510141811508,0.0006542733616961072,1.38166759703226e-05,1.309788132288464e-05,1.421949688287999e-05
2906.0,0.1523712317806857,0.001178624331186093,0.000279966071234127,0.0006543644229690102,1.386534784030813e-05,1.309089645821417e-05,1.422862185902305e-05
2907.0,0.1526651362911528,0.001176048331932085,0.0002794666705266111,0.0006544488765874527,1.39083582063004e-05,1.309560438640478e-05,1.420838577112707e-05
2908.0,0.1531547151959582,0.001064686839888903,0.000277008462362278,0.0006544801905705682,1.391067687124875e-05,1.309098196014442e-05,1.416613643676325e-05
2909.0,0.1538200519348187,0.00109289176788708,0.0002772317246117384,0.0006546144639425543,1.396565473840904e-05,1.310810512165488e-05,1.420834935345516e-05
2910.0,0.1528519537805857,0.00102072939363755,0.000276071707707529,0.0006547869974086613,1.399951186741224e-05,1.310396393356938e-05,1.418582633631598e-05
2911.0,0.1537019693141513,0.001093638579993959,0.0002771568772180857,0.0006549958476410892,1.402822822785599e-05,1.311803761926813e-05,1.418459651489266e-05
2912.0,0.1539694230597443,0.001114320057540532,0.0002771337381783141,0.000655211515220655,1.405340236403385e-05,1.312297343707512e-05,1.418047057618522e-05
2913.0,0.1528740013164348,0.001070195804601775,0.0002771268186597067,0.0006554830728844931,1.409626716732421e-05,1.310971476829418e-05,1.417391046231713e-05
2914.0,0.1523341387093047,0.001026370710401737,0.0002767116590910632,0.00065573855282318,1.412337333164541e-05,1.310004399072846e-05,1.413310455689236e-05
2915.0,0.151492455369442,0.00111969582785454,0.0002782076641940054,0.000656001471694837,1.41502932426574e-05,1.309549170984574e-05,1.412049355757774e-05
2916.0,0.152252783716209,0.001219779602535612,0.0002806963855418388,0.0006562724847983992,1.418477554323511e-05,1.309088769771862e-05,1.408362813529512e-05
2917.0,0.1521899140149914,0.001168485701126855,0.0002782453428548796,0.0006565761398858846,1.420993623226798e-05,1.311185890819915e-05,1.405492316526626e-05
2918.0,0.1526682494825874,0.001239416608567643,0.00028127871493416,0.0006568844333237672,1.42502079509329e-05,1.311634684220957e-05,1.403023017310525e-05
2919.0,0.1527032686736379,0.001115554737012515,0.0002785404465342403,0.0006571969830744035,1.426694453709492e-05,1.310603204564032e-05,1.401781900224327e-05
2920.0,0.151878343682361,0.001164271733040913,0.0002786612973597437,0.000657501247970627,1.42928048319298e-05,1.309738374269946e-05,1.4013875238367e-05
2921.0,0.1516805073179905,0.001070139807258907,0.0002765862100006061,0.0006578402811375893,1.430117325547101e-05,1.309518508464401e-05,1.39727888565554e-05
2922.0,0.1521620616595311,0.001052735303435938,0.0002764520229396389,0.0006581065684765031,1.434178572300391e-05,1.310544340612777e-05,1.395240776363226e-05
2923.0,0.1519026777121945,0.001025613483983971,0.0002762363147819727,0.0006584342409637159,1.437194114848252e-05,1.312900345962276e-05,1.397520344132537e-05
2924.0,0.1524438537968223,0.001278748990404635,0.0002804773013793968,0.0006587654741134167,1.44180826829499e-05,1.313069379661647e-05,1.399064531483609e-05
2925.0,0.1525520902936596,0.001143276999146075,0.0002770259860103842,0.0006590811696210005,1.441874993501998e-05,1.311485606267924e-05,1.3959742508227e-05
2926.0,0.1517890205854962,0.001181720294431867,0.0002783576728946246,0.0006593622231473479,1.442498984554697e-05,1.311744401965622e-05,1.393891487019386e-05
2927.0,0.1520653619232483,0.001032931651186937,0.0002758546686253829,0.0006596183722551097,1.444861211832595e-05,1.312489796863057e-05,1.391970876644957e-05
2928.0,0.1515439687045708,0.001183350003604053,0.0002768249494007237,0.0006599098472092383,1.446992888192583e-05,1.310293052582382e-05,1.392830439121544e-05
2929.0,0.1512989509133167,0.001010640546941848,0.0002743690959032945,0.0006601735252749488,1.447243814402283e-05,1.309498999915718e-05,1.387263973259561e-05
2930.0,0.1520033763036874,0.001051297916211693,0.0002753222060386231,0.0006603929186809886,1.450969859368858e-05,1.312360811787136e-05,1.385719010598082e-05
2931.0,0.1518061627698519,0.001139157411518965,0.0002760619917432557,0.0006606234249027623,1.452462245107778e-05,1.313702919806334e-05,1.385975798395886e-05
2932.0,0.1529546454027394,0.00115922032911683,0.0002766340831805209,0.0006607771955326934,1.452520216959325e-05,1.312764676026078e-05,1.384497920677836e-05
2933.0,0.1523310095572063,0.001170388124351887,0.0002754336523443156,0.0006609866685665656,1.456856461827283e-05,1.316753886243365e-05,1.390059467454277e-05
2934.0,0.1530152928241076,0.00117034445920471,0.0002766185926724378,0.000661117781990845,1.457268844142012e-05,1.316272119336175e-05,1.390852187583527e-05
2935.0,0.1512847717384723,0.001099759525791479,0.0002749666743530327,0.0006612565944235099,1.453498905960619e-05,1.313845076259538e-05,1.387708204193889e-05
2936.0,0.1513720139445314,0.001072622115442709,0.0002743359569442946,0.0006613430495954763,1.455388349727854e-05,1.313594363887044e-05,1.385292325787138e-05
2937.0,0.1506728571478512,0.001097259722408815,0.0002740569082724717,0.000661418539296489,1.456924684798978e-05,1.314194105918375e-05,1.384600872412545e-05
2938.0,0.1500137319444625,0.001099126145493173,0.000274805275828316,0.000661422406782744,1.457931837624277e-05,1.314344744180273e-05,1.381895366070938e-05
2939.0,0.1497438197481601,0.001115968254638898,0.0002749689762722513,0.0006613963916012403,1.457550594022446e-05,1.315086945045441e-05,1.381545048683453e-05
2940.0,0.1497553781510599,0.001096202050340959,0.0002749956865744247,0.0006613930054895598,1.458046150301952e-05,1.313877348428872e-05,1.380753171128556e-05
2941.0,0.1500714109653688,0.00112437987494328,0.0002740937202941254,0.0006614114154770411,1.457598598456988e-05,1.314483553548562e-05,1.381201103892318e-05
2942.0,0.1501672562155953,0.0012901190446873,0.0002766637869121574,0.0006614140961519095,1.460791951797016e-05,1.316975661207467e-05,1.384348899582459e-05
2943.0,0.1498948297736249,0.001188856802409491,0.0002752369745976532,0.0006613894427625985,1.458345930349501e-05,1.315601829739298e-05,1.383759424564999e-05
2944.0,0.1484305462319021,0.001061797992663507,0.0002730415293572658,0.000661347897689499,1.45688652665453e-05,1.314098746324217e-05,1.379589663798301e-05
2945.0,0.1487355908557405,0.001025626968617252,0.0002716425944001663,0.0006613105038069206,1.457002130739987e-05,1.313772317567463e-05,1.379361348000264e-05
2946.0,0.1492943620241417,0.001015284601094005,0.0002723177530279364,0.0006612200980535184,1.458411295959765e-05,1.316513892455515e-05,1.380574753138742e-05
2947.0,0.1487126231262741,0.001034519044795006,0.0002724996868869028,0.0006611303893742053,1.458847729454447e-05,1.317099269781935e-05,1.381219908581387e-05
2948.0,0.149118978835329,0.001133050872226587,0.0002730184323632545,0.0006610415633077269,1.458707626356275e-05,1.316767089076782e-05,1.381145669645544e-05
2949.0,0.1492124118333971,0.001168765200116494,0.0002738915481152704,0.0006609223075990041,1.457683940674677e-05,1.31557216310961e-05,1.382764935261408e-05
2950.0,0.1512511628127414,0.001273771661070118,0.0002746156850192923,0.0006607570415503016,1.460387783553746e-05,1.320018443527019e-05,1.386118985358943e-05
2951.0,0.1505757047102603,0.001244578227840681,0.0002747095229319886,0.0006606061209782541,1.46140861022415e-05,1.322932546287908e-05,1.387305969849053e-05
2952.0,0.1502914027675038,0.001073778604196303,0.0002736378709294996,0.0006604759169532979,1.461384409861744e-05,1.323167066923516e-05,1.388278370978101e-05
2953.0,0.1505043298459374,0.001023692745464166,0.0002722898379316065,0.0006602967589500353,1.459243610709325e-05,1.322554803954646e-05,1.387338176278964e-05
2954.0,0.1503173337769285,0.001116906686457922,0.0002735307855244403,0.0006601136577249619,1.46012685521228e-05,1.322012844627525e-05,1.389630498211037e-05
2955.0,0.1505664492783983,0.001057208577887877,0.0002728291806882466,0.000659925273214109,1.458500088945923e-05,1.323104804072762e-05,1.391106314388185e-05
2956.0,0.1507430309084854,0.001120357437711355,0.0002723362304842587,0.000659729225933716,1.455972612174579e-05,1.32403797162487e-05,1.392471322455225e-05
2957.0,0.1510766960860688,0.001228287467632699,0.0002729498381191857,0.0006595480372011675,1.455551482191437e-05,1.322485971663437e-05,1.392271753856488e-05
2958.0,0.1505183552662681,0.001100110079283555,0.0002712449548819938,0.0006593647837152172,1.454479793126601e-05,1.322404026154314e-05,1.392708545130089e-05
2959.0,0.1502501762088986,0.00122093494617516,0.0002739512133664575,0.0006592446638592466,1.453169909564204e-05,1.323176582656306e-05,1.394764955865023e-05
2960.0,0.1497058598796658,0.001044213790345724,0.0002714703950149399,0.0006590542521165378,1.449136475095395e-05,1.321638406339226e-05,1.393600785294329e-05
2961.0,0.1491710460918282,0.001073487277410948,0.0002719514625659065,0.0006589256241893911,1.450250441814172e-05,1.320750395036821e-05,1.394774616297439e-05
2962.0,0.1509565524856588,0.001045629925025685,0.0002708741627644539,0.0006587443380311778,1.448293745826149e-05,1.32379371150764e-05,1.397672482080654e-05
2963.0,0.1505768230985488,0.001065718071729458,0.0002713392318209454,0.0006586386256893335,1.451948743022058e-05,1.328292772498335e-05,1.400442994056379e-05
2964.0,0.1511685682400804,0.000982856177529763,0.0002713373376015412,0.000658492541801786,1.452837592139865e-05,1.329897032776837e-05,1.402565008807451e-05
2965.0,0.1501557066547642,0.001083261939792475,0.0002715888468678956,0.0006584196498983258,1.448839816843313e-05,1.326881431680164e-05,1.40371204488785e-05
2966.0,0.1506287457670577,0.001145446926557582,0.0002722997167245815,0.000658326513885761,1.448343934596521e-05,1.327294025788209e-05,1.40591366035623e-05
2967.0,0.1494797538496875,0.001080356248019298,0.0002709234843550897,0.0006581654560792594,1.442475603302873e-05,1.325194047376392e-05,1.40514439791524e-05
2968.0,0.1491187446273851,0.001097150520366135,0.0002723276073268148,0.0006580177150781716,1.441746839187977e-05,1.325174752695701e-05,1.407380404498251e-05
2969.0,0.1498900260759792,0.001000050657427378,0.0002707316743738893,0.0006579099017793926,1.441106834201798e-05,1.325582551244307e-05,1.409802917117855e-05
2970.0,0.1497365132120218,0.0009732930452337925,0.0002700992772930342,0.0006578743835317704,1.440956304217044e-05,1.325528407892292e-05,1.413050136017602e-05
2971.0,0.1509261789215748,0.0009997057083366478,0.000270594346494201,0.0006578234588766824,1.438165856084894e-05,1.325864523195935e-05,1.41395855580617e-05
2972.0,0.1501615673224979,0.0009204385418716015,0.0002692758137325626,0.0006577804185089059,1.435606865289682e-05,1.325961427179282e-05,1.413915241810555e-05
2973.0,0.1511414304258888,0.001086422250130424,0.0002734145483992675,0.0006577474951740932,1.437995387159658e-05,1.328135913677665e-05,1.417044514164005e-05
2974.0,0.1514879958690251,0.001082955255459882,0.00027277951114356,0.0006577671851758828,1.439349088120704e-05,1.33223288066777e-05,1.419181589231399e-05
2975.0,0.1512567082227149,0.001125204351082501,0.0002743163053483554,0.0006577811059179592,1.43765075849461e-05,1.331403152802645e-05,1.420069339161219e-05
2976.0,0.1514160162612721,0.001098168364755751,0.0002729778848928295,0.0006578216276076962,1.436651698701876e-05,1.331784371570731e-05,1.421101840765492e-05
2977.0,0.1509480179034677,0.001178994481167074,0.0002738008128928659,0.0006578584732884801,1.438336829275032e-05,1.334006911711849e-05,1.424046893631887e-05
2978.0,0.1501041968142613,0.001025957517904787,0.0002711031673954826,0.0006579256438967547,1.433851763239303e-05,1.332428112312663e-05,1.424061209972757e-05
2979.0,0.1504517166400771,0.001030095805270876,0.0002718144597868998,0.0006579567289016168,1.431307173184762e-05,1.331748315378545e-05,1.425373746728041e-05
2980.0,0.149889967986515,0.0009578341863534696,0.0002709336552246339,0.0006580170676508929,1.42842328114105e-05,1.329164763598772e-05,1.425949778518963e-05
2981.0,0.1494670230822865,0.001059326194149616,0.0002723017885888384,0.0006580963992227599,1.427153436942542e-05,1.329565366412633e-05,1.428494965482406e-05
2982.0,0.149200641414735,0.001010203650392176,0.0002708462733135718,0.0006581518812991266,1.423504554379591e-05,1.329469473194368e-05,1.42820827607474e-05
2983.0,0.1490009071986735,0.0009230505388718441,0.0002698908060696329,0.0006582292456607876,1.420730174480081e-05,1.329435937994813e-05,1.428019234401382e-05
2984.0,0.1493769559853191,0.0009233150592503222,0.000269868994827999,0.0006583364016684003,1.418577763230248e-05,1.331777907018809e-05,1.431388623936004e-05
2985.0,0.1491583010420023,0.001140942039327713,0.0002742900679081525,0.0006584804644841791,1.418929597257204e-05,1.333542488528233e-05,1.434822646438274e-05
2986.0,0.1507983509454169,0.00108936914651905,0.0002733186152367871,0.0006585673234157546,1.417293729621967e-05,1.334369821975658e-05,1.436412477800414e-05
2987.0,0.1500698337355215,0.001155515432995791,0.0002758943426701934,0.0006587800875422134,1.420418045230823e-05,1.33682954634543e-05,1.439987762763947e-05
2988.0,0.1501840975817123,0.0009150287259886943,0.0002719018157139416,0.000659002730349865,1.417546795889201e-05,1.334880667553883e-05,1.438173502369999e-05
2989.0,0.1502599773797533,0.001024268640684984,0.0002733642991078847,0.0006592073882692115,1.41424105990915e-05,1.335202629713885e-05,1.437658137349489e-05
2990.0,0.1492307116768722,0.000995792591613742,0.0002720591706749591,0.000659432391568822,1.415488931822598e-05,1.337061846324738e-05,1.438931720038821e-05
2991.0,0.1499204592194295,0.0009740924576876932,0.0002718324598665311,0.000659660834940468,1.416113585067886e-05,1.336740444501653e-05,1.43949120597749e-05
2992.0,0.1498966637694017,0.001017297310548062,0.0002731206738108219,0.0006598834013581061,1.41672890629273e-05,1.337040957535272e-05,1.441034986094392e-05
2993.0,0.1508903323026232,0.0008745259598567309,0.000271039356759997,0.0006600818379163954,1.413504739753493e-05,1.336594699179903e-05,1.441265752822191e-05
2994.0,0.1509980126256116,0.00101901270438999,0.0002737526449776364,0.0006603248754564401,1.415383993590793e-05,1.337680459529139e-05,1.444283349658728e-05
2995.0,0.1500756683588736,0.000979274084785507,0.0002725002020972509,0.0006606164892941575,1.414121814562617e-05,1.338894812405791e-05,1.444545654968536e-05
2996.0,0.1503643861913216,0.001160572449165862,0.000277104504967856,0.0006608957191455251,1.413456885740977e-05,1.339728756354398e-05,1.443739288193495e-05
2997.0,0.1499057993060372,0.001152800713440619,0.0002774103641491496,0.0006611918027638253,1.413231976657872e-05,1.339660312994898e-05,1.444501731566851e-05
2998.0,0.150016909132858,0.000978800924578986,0.0002754552046939448,0.0006614333744915537,1.411405401250191e-05,1.339939047503974e-05,1.444611051099552e-05
2999.0,0.150362959870301,0.001088197183044463,0.0002756820992222591,0.0006616881546256804,1.412478524321794e-05,1.342412665596378e-05,1.445318290550846e-05
3000.0,0.1505430147832516,0.001142927890843944,0.0002761838546040099,0.0006619560817906761,1.413422300633538e-05,1.34090402928347e-05,1.448069028417967e-05
