iteration,continuity,epsilon,k,vf-phase-2,x-velocity,y-velocity,z-velocity
1.0,1.0,0.2682848929779422,0.3379610843554584,0.1326810677474254,0.0004768040273315607,0.0005273951119674012,0.0004961924450144132
2.0,1.0,0.1569445194593794,0.1502120520984957,0.6159295993355387,0.0003562571005490716,0.0003759010296747347,0.0003588827707281756
3.0,0.9232666222059412,0.1943201462615869,0.0957298632172106,0.3113431223209898,0.0002611541271171744,0.000255873577113034,0.0002624476993022943
4.0,0.7043277150078764,1.420952989646465,0.07771327716648166,0.2079170100901946,0.000247464519125796,0.0002251981778032271,0.0002388549610911366
5.0,0.8113330603365024,7.878923748524483,0.07351531277292656,0.1547945301678078,0.0002564204849826447,0.0002164834498655781,0.0002434873977422261
6.0,0.6201166266242725,0.8822944569506038,0.06721544037443164,0.1216059823347561,0.0002283027031190443,0.0001851065085904794,0.0002131633159572255
7.0,0.6044591171287349,0.3636103926067184,0.05414720496947412,0.1010112304864431,0.0002173735177241961,0.000168299262777693,0.0001992359805907116
8.0,0.4876934530830597,0.2693297069351156,0.04456212120013248,0.08674062301802242,0.0001985931329861018,0.000143910113993863,0.000182311346598136
9.0,0.4911353214937701,0.2047315094273444,0.03600091653638871,0.0759543470999601,0.0001949129777838647,0.0001336929791960348,0.0001785970242679094
10.0,0.4167097994630823,0.1469134209682921,0.03004257731952859,0.0676392034625923,0.0001826904294459329,0.0001204024291178406,0.0001665045641112788
11.0,0.379673862058078,0.1225173391790832,0.02620920936465246,0.06096077489100288,0.0001762987297153976,0.0001141470979938561,0.0001597397591807694
12.0,0.4639231487312596,0.1037142285226512,0.02344584642555834,0.0555014112695375,0.0001736516588743122,0.0001188093541828444,0.0001599553412342759
13.0,0.3769930246179901,0.08358776275447453,0.02127882133008084,0.05099679571730682,0.000165084314056919,0.0001092143952603479,0.0001511145813676717
14.0,0.3430363350195158,0.07289012238066768,0.01959164038912217,0.04715279198908534,0.0001605424134461757,0.0001048613590013708,0.0001459191441818074
15.0,0.3995561825252569,0.09897412881594876,0.01834048607708469,0.04386096986609789,0.0001624165133799449,0.0001064788709714388,0.0001467774114543706
16.0,0.328507429904813,0.07845399590972173,0.01714031517428893,0.04099618269587604,0.0001555346920465363,9.910341730913934e-05,0.0001394386682381977
17.0,0.3084667350819857,0.06128628532700378,0.01610741362575185,0.03844199200039034,0.0001516702877208225,9.68400849403245e-05,0.0001351765469609912
18.0,0.2986921631985918,0.04363988198419542,0.01522057112872998,0.03616162708434607,0.0001484941516452865,9.497009689046448e-05,0.0001321641774309382
19.0,0.2909957541912732,0.03997010266057782,0.0145486858430279,0.03413176020645803,0.0001457063320807829,9.395509237910662e-05,0.0001296613007039888
20.0,0.2856433899419208,0.03711462836960941,0.01398314943165035,0.03231590845042832,0.0001438641436799148,9.282707637403361e-05,0.0001274916396585879
21.0,0.280710573558562,0.03415575509808012,0.0134813733874138,0.03067903863104207,0.0001415471347402816,9.20797029518303e-05,0.000125318903293348
22.0,0.2761352711088724,0.03178088411797984,0.01303357060984301,0.02920009663554233,0.0001400862010297564,9.147610635257879e-05,0.0001235966403576555
23.0,0.2735487382781185,0.02994451909213056,0.01263533211992498,0.02785981352428419,0.0001384334242263265,9.08380716349242e-05,0.0001217133297310726
24.0,0.2694938063068854,0.02882189616411076,0.01229334718891636,0.02664217590372168,0.0001370706621572224,9.037026332976974e-05,0.0001198743276291246
25.0,0.2638926191895256,0.02825176423955399,0.01198724264244736,0.02552388849838198,0.0001356964713715515,9.016463712014889e-05,0.0001182250166032705
26.0,0.2610749018067773,0.02719280252942494,0.01170420925584855,0.02449273912088638,0.0001339536463392347,8.976431885359708e-05,0.0001164509283215506
27.0,0.2588749474195486,0.03698433901237775,0.01150101704934269,0.02354174187559005,0.0001327250057855815,8.96839886119674e-05,0.0001150373438635304
28.0,0.2550803415651064,0.03186783608516677,0.01124116287291309,0.02267089665683509,0.0001314968952785383,8.965389652623776e-05,0.0001138068105946395
29.0,0.2544967335893398,0.03507277887877897,0.01104664524667206,0.02186171244861503,0.0001298980839026,8.936622604101122e-05,0.0001121802548622122
30.0,0.2562413301077032,0.027006297743109,0.01075350441973058,0.02110389760785067,0.0001284782942920575,8.945931656052437e-05,0.000110932266836928
31.0,0.2527050270469079,0.02467612134514546,0.01052730476956766,0.0203994144531388,0.0001272617353706693,8.910814361673e-05,0.000109769899596573
32.0,0.2514803538653759,0.02228032359520281,0.01031380986550599,0.01974104069264045,0.0001260381070930723,8.92298443052283e-05,0.0001085165063268819
33.0,0.2501063952573067,0.02175497611686983,0.01012843017118621,0.01912286810483155,0.0001246400091209581,8.906197624637849e-05,0.0001073740504277356
34.0,0.246349383655185,0.02087856930859962,0.009961393467096461,0.01854037794962343,0.0001232114952223464,8.875821446266558e-05,0.0001060976559585773
35.0,0.2435078148770029,0.02001048313930099,0.009803421861655483,0.0179950546942734,0.0001219427331203443,8.864154105451072e-05,0.0001047735086656905
36.0,0.2419324665264315,0.01945582545833126,0.009662684624564512,0.01748014976105864,0.000120733528765997,8.850004393022881e-05,0.0001035735592516509
37.0,0.2404605111255009,0.01914036543558958,0.00953470743377096,0.01699124147093381,0.0001196928531068026,8.835439600124513e-05,0.0001024408088240989
38.0,0.2394643963474291,0.02027577484082162,0.00942113075296818,0.01652786956771967,0.0001186566403460239,8.827143355301968e-05,0.0001013952188770015
39.0,0.2365392974496532,0.02074196735188729,0.009321997466209826,0.01608956143701991,0.0001179626217689689,8.831493029886546e-05,0.0001005248654697816
40.0,0.2355811592495146,0.0200527050028564,0.00922321185842638,0.01567352462800781,0.0001168976440274819,8.798820381582623e-05,9.936295071120966e-05
41.0,0.2344216904223441,0.01829500440068776,0.009103233188671338,0.01527798420761189,0.0001158568497156285,8.772035725447189e-05,9.835081069235682e-05
42.0,0.2327929668639492,0.01774612774977606,0.008994280714716803,0.0149025317997231,0.0001149552406162455,8.743610410019114e-05,9.743717032164934e-05
43.0,0.2308488626502197,0.02463286831709884,0.008931018087885398,0.01454509340606392,0.0001141248780524865,8.731690790909764e-05,9.659987635224025e-05
44.0,0.2287630818203127,0.02038906299508344,0.008831293067040067,0.01420502076940977,0.0001130471149142187,8.699636317449093e-05,9.568168862963832e-05
45.0,0.2270728808779993,0.01838005679520524,0.00870686119488413,0.01388046753683606,0.0001119326760536171,8.659853052597593e-05,9.475118682731554e-05
46.0,0.2251224337608594,0.01749773440066498,0.008576856715021957,0.01356945540467344,0.0001110908776912874,8.636795159908719e-05,9.389466314197294e-05
47.0,0.2249054390200567,0.0171634198491123,0.00845353519294328,0.01327211362481647,0.0001102169848441238,8.616165566159514e-05,9.297098286293846e-05
48.0,0.2250387861141759,0.0170393943165817,0.008332512368743087,0.01298732135220705,0.0001093793611515634,8.602503401808711e-05,9.207146803715144e-05
49.0,0.2240397462397838,0.02427807113104766,0.008234008836491297,0.01271442944223197,0.0001085542538366873,8.591514702728003e-05,9.116907722379133e-05
50.0,0.2235838582229824,0.03124985701628336,0.008154310881543383,0.01245217940277541,0.0001080982900180853,8.612366730492474e-05,9.051773015655852e-05
51.0,0.2231409069398567,0.02711149494841412,0.00806439390243382,0.01220106351178568,0.0001068706812310853,8.546025555773129e-05,8.946215538108866e-05
52.0,0.2214920920370124,0.01863776475926367,0.007866225801875617,0.01196066708895969,0.0001058985916186897,8.509510077311885e-05,8.86420936394317e-05
53.0,0.2209037307591855,0.01665278063508723,0.007708704351738449,0.01173011712383998,0.0001051357945562703,8.471681726838337e-05,8.786101794544369e-05
54.0,0.2208210627122603,0.016019468636073,0.00757964264074047,0.01150943490909915,0.0001043783324812352,8.460899801072244e-05,8.713091970264781e-05
55.0,0.2209230129551797,0.01594868103241903,0.007449319368034696,0.01129746631826761,0.0001037736231944939,8.44037074875447e-05,8.644437794683916e-05
56.0,0.2187130436746347,0.01561116875434752,0.007323615768353604,0.01109141593894704,0.0001026989372008387,8.38995965810925e-05,8.562989329483063e-05
57.0,0.2141532762230165,0.01504572310370405,0.007195464963911962,0.01089268001325847,0.0001017088624138639,8.33017544898577e-05,8.482654063645271e-05
58.0,0.2226846600043381,0.01460618518350089,0.00706255386981146,0.01070083165477752,0.0001010488985569592,8.317723551635148e-05,8.400780503345232e-05
59.0,0.2144214514200998,0.01433477580480804,0.006938354448293362,0.01051510400722829,0.0001000790123980092,8.26759365347976e-05,8.326357799301236e-05
60.0,0.2225745791830064,0.01426932275807247,0.006817638481365921,0.01033565220800513,9.955540711704291e-05,8.273755763925096e-05,8.27166335051435e-05
61.0,0.2146297127299014,0.01400025113043858,0.006700752417858333,0.01016210200753903,9.866024059928474e-05,8.225125171654305e-05,8.211469361743139e-05
62.0,0.221286261268754,0.0137650933342019,0.006585026087103725,0.009994928861352713,9.802202397880942e-05,8.204662118608507e-05,8.160913743815298e-05
63.0,0.2141143284712593,0.01367424657721516,0.006480444882264646,0.009833632779817138,9.720627884083649e-05,8.168045643094621e-05,8.112346725476823e-05
64.0,0.2214872934547846,0.01351829404007075,0.006376779179156643,0.009677415051540532,9.681580196901358e-05,8.157114545287203e-05,8.089724819541364e-05
65.0,0.2152968256839697,0.01325406383524004,0.006280886436831411,0.00952695976688874,9.626320157397248e-05,8.130724640205436e-05,8.052561953447696e-05
66.0,0.2239140431876085,0.01321042991230245,0.006193362054275332,0.009381619853984023,9.593921199502847e-05,8.118340423977002e-05,8.03946079118045e-05
67.0,0.2178704308052934,0.01309549312493305,0.006113245883164682,0.009241022707180323,9.53679334448397e-05,8.09475812580678e-05,8.004211814664639e-05
68.0,0.2262348066879495,0.01303659507789676,0.006035626296593396,0.00910519065723905,9.488404911767005e-05,8.095426149128851e-05,7.993927973446727e-05
69.0,0.2214869654266205,0.01304815277695255,0.005970761008325482,0.008972761899230118,9.431537263666426e-05,8.073324571041035e-05,7.957975973386639e-05
70.0,0.2308434646588604,0.01342932958887916,0.005908630864557519,0.008842962008630719,9.387982062160198e-05,8.081039554717971e-05,7.949195566219493e-05
71.0,0.226619593643716,0.01351050474772642,0.005855063092134772,0.008717171244495387,9.336182933346582e-05,8.069092734288055e-05,7.91801102473768e-05
72.0,0.2367547493053988,0.01371233794491507,0.005806733169753668,0.008594764792578181,9.292133113577177e-05,8.070336835986568e-05,7.921947113910641e-05
73.0,0.2313824116863978,0.0133591052504746,0.005763195740196117,0.00847527807031881,9.234800517851028e-05,8.052221019170788e-05,7.888163472806162e-05
74.0,0.2402902067975222,0.01350060651829922,0.005720972553781741,0.008358797269081111,9.181286617262366e-05,8.063629497654936e-05,7.897095350330122e-05
75.0,0.2359216973377724,0.0134392101080121,0.005681863791369348,0.008245724171735263,9.130771762268983e-05,8.05370142977868e-05,7.863779553514676e-05
76.0,0.2460125229398603,0.01347455260722129,0.005642368283125832,0.008135491615247821,9.066696132825485e-05,8.048395593965282e-05,7.865685010492795e-05
77.0,0.2399077503395026,0.01349710689265253,0.005607861863756545,0.00802830864689131,9.000157912325736e-05,8.026231338159964e-05,7.8238783701261e-05
78.0,0.248347761767937,0.01349856799206662,0.00556949388913052,0.007924065188319807,8.929909724982482e-05,8.039371988712332e-05,7.821439450817848e-05
79.0,0.2436807969002977,0.01347196983667492,0.005535449142668014,0.007823046568441834,8.859695852875439e-05,8.013828543712462e-05,7.777396294607397e-05
80.0,0.2538037440720801,0.01353159058021869,0.005497056013702878,0.007724477889192025,8.774474831679387e-05,8.004279077426546e-05,7.757823267740329e-05
81.0,0.24987443215068,0.01492366711225009,0.005467853576552357,0.007628542177950387,8.699634221966858e-05,7.990527245238505e-05,7.712120030157427e-05
82.0,0.2582407864592559,0.02582030412230081,0.005471525958499463,0.007534457722751508,8.622339321312899e-05,8.022796976852815e-05,7.698792672760283e-05
83.0,0.2526679079328306,0.02928650684615512,0.005466648505595601,0.007442466442417198,8.537614149888874e-05,7.984643097416507e-05,7.649040282390328e-05
84.0,0.2636052537224878,0.01820067064185674,0.00538312876593965,0.007352680325185133,8.405460962986416e-05,7.975856959557565e-05,7.608953644525544e-05
85.0,0.2555410506481933,0.01419219297060728,0.00532238778044948,0.007265051481136004,8.325336852175398e-05,7.948068094716235e-05,7.546240816137216e-05
86.0,0.2630136067188151,0.0140514651809446,0.005277516498801127,0.007179272244641649,8.225678310517639e-05,7.948824850157036e-05,7.500871132733872e-05
87.0,0.2547548504546266,0.01368077823257698,0.005243341160062386,0.007095776175902082,8.13205451814465e-05,7.907207271461213e-05,7.417914390267234e-05
88.0,0.2608962272245386,0.01354039740879395,0.005202967184541022,0.00701408061115657,8.01272282509628e-05,7.889095343742028e-05,7.367066692462884e-05
89.0,0.2518562231950265,0.0134630270458352,0.005166416928244217,0.006933910135565969,7.910835014136542e-05,7.849800688130231e-05,7.29155360616497e-05
90.0,0.255967693482291,0.01326143285425719,0.005120536224578066,0.006855321234630118,7.812022786979111e-05,7.846711418581783e-05,7.237512896815142e-05
91.0,0.2480661235384204,0.01324131203977095,0.005083723235412638,0.006778553005265508,7.726766966040451e-05,7.809046802347938e-05,7.160207460951136e-05
92.0,0.2542090567263413,0.01372529313817489,0.005041719945084259,0.006703342922885834,7.64328114953317e-05,7.823310557607523e-05,7.11144841263255e-05
93.0,0.2447305217922139,0.03130851174320205,0.005052824316826482,0.006629764564130228,7.583007455583336e-05,7.82305033032415e-05,7.052345696537178e-05
94.0,0.2496967825982915,0.02478696973223066,0.005024472970231906,0.006557665054219391,7.510130375877666e-05,7.817190838060235e-05,7.020317743205455e-05
95.0,0.2408300833364027,0.01816569132692875,0.004995233049873087,0.006487272871980609,7.42420234156359e-05,7.766833407634809e-05,6.946636860573852e-05
96.0,0.2463185239078557,0.01412585170896692,0.004884697296770471,0.006418560786180568,7.376601950735642e-05,7.761942168110494e-05,6.92105039633403e-05
97.0,0.237672317132977,0.0139243017740522,0.004848254504245661,0.006351396012293805,7.312746738220497e-05,7.733000470882344e-05,6.865758716365231e-05
98.0,0.2442840463469733,0.01387562936061807,0.00479914937498619,0.0062857056104583,7.266591497140769e-05,7.722716935208181e-05,6.85247628062775e-05
99.0,0.2333459215212312,0.01288527589447619,0.004753090920316243,0.006221178924556882,7.194390212706157e-05,7.671810061274008e-05,6.794211861832729e-05
100.0,0.2362408847339771,0.01229198467189722,0.004699142432524937,0.006158270665788355,7.141712763591658e-05,7.65996080871534e-05,6.772283344307507e-05
101.0,0.2278146317806465,0.0119294840161454,0.004649853655631484,0.006096749329462034,7.077872429116115e-05,7.620940268617926e-05,6.718439317242146e-05
102.0,0.2326987755975865,0.01167820297586551,0.004600881353147249,0.006036293658186222,7.023928606757034e-05,7.613538141011974e-05,6.701252712659564e-05
103.0,0.2258186421815769,0.01182514427229021,0.004564688304044179,0.005976802353085329,6.958377132861239e-05,7.583697796072386e-05,6.658190637645935e-05
104.0,0.2297607868147366,0.01348490545513514,0.004531296230661361,0.00591847636398996,6.920988453233176e-05,7.591339854245052e-05,6.648869759085119e-05
105.0,0.2227140470098424,0.01250337925997521,0.004496778216944265,0.005861442482166817,6.856639060062707e-05,7.549445200128505e-05,6.61871314505898e-05
106.0,0.2283814830839344,0.01135492574675624,0.004456136855864531,0.005805448792597087,6.807463778326698e-05,7.530520405164735e-05,6.602318709248411e-05
107.0,0.2207322062647837,0.01096320464848472,0.004423322052699474,0.005750419994832846,6.749906597026813e-05,7.50022127971759e-05,6.577400976963372e-05
108.0,0.2264605504066746,0.01079358982256523,0.004393219848987346,0.005696593903051334,6.719337014790041e-05,7.498630221592482e-05,6.579322691468386e-05
109.0,0.2189396764589063,0.01076813915733767,0.00436793258215973,0.005643856830065703,6.657015561341974e-05,7.459549054069147e-05,6.55361766036946e-05
110.0,0.2236757982076073,0.01052711833075605,0.004341297351441902,0.00559228226426457,6.609941527009463e-05,7.433470429477408e-05,6.549016895615152e-05
111.0,0.2167259363454716,0.01040012835319996,0.00431916448799234,0.005541434661749266,6.554069894005881e-05,7.402330002175393e-05,6.523544458775208e-05
112.0,0.2218730770634993,0.01026835272545429,0.004295917390895984,0.005491436689793651,6.522428330560358e-05,7.376636317127963e-05,6.50763935664687e-05
113.0,0.2164028407521645,0.01018933512221524,0.004276829029558817,0.005442322407274323,6.4733004615584e-05,7.343026799873989e-05,6.480899396236637e-05
114.0,0.2217232696892869,0.01144537735978696,0.004260740306015523,0.005394338155596796,6.456847972772656e-05,7.332698888748043e-05,6.469139225616855e-05
115.0,0.2158553220815316,0.02627294996536274,0.004303521991333646,0.005347194950669361,6.43213601637013e-05,7.334797867409443e-05,6.461382782022966e-05
116.0,0.2232226749513238,0.02084209329253033,0.004281621206488517,0.005300755829540199,6.416991643672146e-05,7.297343237759363e-05,6.446581081846536e-05
117.0,0.2167727742880514,0.01269019356519014,0.004229426021912803,0.005254907371582128,6.372644596651055e-05,7.25607186813803e-05,6.427782125754604e-05
118.0,0.2231196518737256,0.01073175353384748,0.004187618597074103,0.005209742753682618,6.375850269352364e-05,7.235824593932197e-05,6.427724299470145e-05
119.0,0.2171844268548363,0.01028927385551317,0.004168858089111048,0.005164903688266591,6.341213538823301e-05,7.214654940689499e-05,6.413061020903819e-05
120.0,0.2252205957447976,0.01033161830518022,0.00415166350259684,0.005120598332273615,6.35884961304886e-05,7.190681181546942e-05,6.413864985605248e-05
121.0,0.2178165378007658,0.009932889435325717,0.004134451406393835,0.005077054037398184,6.314745246537567e-05,7.1495865008457e-05,6.399966573115794e-05
122.0,0.2212696967879429,0.009728347414899524,0.004118357807029705,0.005034377029514248,6.313848212908076e-05,7.123736555776938e-05,6.390220111518432e-05
123.0,0.2173940293748824,0.00966446033027759,0.004103348436338808,0.004992383537206029,6.286582902376777e-05,7.09918033436298e-05,6.377870124148405e-05
124.0,0.2242806049732541,0.009644967139055657,0.004089296599423038,0.004951097750083279,6.301881985508975e-05,7.086114573185537e-05,6.364635368900633e-05
125.0,0.2193633788688861,0.009653110485585509,0.004075546510850205,0.004910545629129436,6.271387755724721e-05,7.069582960940853e-05,6.353125345258064e-05
126.0,0.2236442975015554,0.009724871413469886,0.004061314275064759,0.004870683485773124,6.285425454401723e-05,7.064168967549929e-05,6.350978648254855e-05
127.0,0.2192531979447898,0.009698724645710297,0.00404462584431762,0.004831535752863042,6.259320819528437e-05,7.038468038207835e-05,6.341463066745237e-05
128.0,0.2244896418137918,0.00966945654453091,0.004027251802547292,0.004792929868022229,6.27947276459536e-05,7.025542205847204e-05,6.330634012864432e-05
129.0,0.2205459713482969,0.009651660374060693,0.00400939308334012,0.00475510009159035,6.255195027797327e-05,7.005525401650329e-05,6.328696767551168e-05
130.0,0.2265818492471006,0.009576694205502586,0.003990979866240473,0.004717738039061446,6.292701058372087e-05,7.001631110808206e-05,6.334268946711939e-05
131.0,0.222145122439352,0.009676710426678326,0.003973308322627216,0.004681074699318738,6.264845050641653e-05,6.976514997363779e-05,6.327114812931376e-05
132.0,0.2264419391024201,0.009630147090659178,0.003953508033367518,0.004644765648648556,6.283348659893762e-05,6.956382404496079e-05,6.319425048014062e-05
133.0,0.2227563996491408,0.009583292219491432,0.003931660020575315,0.004609154024652549,6.258881708129428e-05,6.939485742179709e-05,6.310576880935068e-05
134.0,0.2275190021205634,0.009591456809003545,0.003910532216618914,0.004574193970453164,6.28314436346431e-05,6.927482313057401e-05,6.304084988442662e-05
135.0,0.2248352093365701,0.009760805602152735,0.00388976021235287,0.004539874582655291,6.257958628625693e-05,6.916508619563897e-05,6.296224523731423e-05
136.0,0.2296683892443105,0.01027093244510403,0.003868994040737306,0.004506086103739552,6.283119955013623e-05,6.913733989304379e-05,6.299231358034859e-05
137.0,0.2263394051236519,0.0103215960655092,0.003847114569897382,0.004472913905637131,6.259895557502956e-05,6.897787625541553e-05,6.293677725833649e-05
138.0,0.2310023112820886,0.009931435766827217,0.00382299025971259,0.004440301880133144,6.282429494993223e-05,6.879328848073305e-05,6.287324678843117e-05
139.0,0.2271225759925558,0.009627784970342298,0.003795818656245028,0.004408217471785608,6.255810439273054e-05,6.866215942616862e-05,6.284391985591683e-05
140.0,0.2330094797754946,0.009582065719993,0.003772157937688679,0.004376605027728733,6.286788719813758e-05,6.868133920830258e-05,6.290383665442288e-05
141.0,0.2290246159214448,0.009481991538250922,0.003720214361305113,0.004345388155812137,6.263297679722835e-05,6.852745476624151e-05,6.290245899934721e-05
142.0,0.2332888017722257,0.009508164221993326,0.003703671571295859,0.004314600379269227,6.284282249843232e-05,6.833625068341507e-05,6.292724727109871e-05
143.0,0.229323423359379,0.009325302453749205,0.003654790013308188,0.004284177324447718,6.259846296143863e-05,6.823740711084756e-05,6.29151007501174e-05
144.0,0.2310110195644757,0.009161806893332175,0.003611063034426622,0.004253819886769532,6.259459303976064e-05,6.809624853358003e-05,6.289407977635345e-05
145.0,0.2373395825686378,0.009030336962851538,0.003571467952058559,0.004224076125904417,6.287690323034268e-05,6.810132310079809e-05,6.290516252504284e-05
146.0,0.2333420499099991,0.01048660205291501,0.003539535109283324,0.004194693979423199,6.257431135941572e-05,6.811819416291794e-05,6.29045980350196e-05
147.0,0.2365893055600339,0.02969829488492147,0.003594971983262776,0.004165756260775914,6.302762432915418e-05,6.842723964619437e-05,6.305033900214037e-05
148.0,0.233854337750036,0.02290018024621811,0.003588659857868898,0.00413721944845533,6.261482116339269e-05,6.805276189426852e-05,6.29530682248963e-05
149.0,0.2399001480058923,0.01277203146734231,0.003544298048707393,0.004109156365057278,6.285352885283832e-05,6.78441833027608e-05,6.295099529607246e-05
150.0,0.2362223513435987,0.01021994722855986,0.003507855778510054,0.00408147979984499,6.255137006174414e-05,6.775680633480988e-05,6.298007336054661e-05
151.0,0.2412136025781321,0.00998080415154372,0.003497050680728825,0.004054151914330833,6.288137844136486e-05,6.778261395387963e-05,6.305011039012372e-05
152.0,0.2366920808089275,0.00975968897567339,0.003486212625233244,0.004027188766312651,6.262809859429244e-05,6.758841301842493e-05,6.295155950233032e-05
153.0,0.2410084028213955,0.009325959128196138,0.003446997342230861,0.004000699852293084,6.298075487299977e-05,6.74187934152765e-05,6.302526044142286e-05
154.0,0.2370652797082226,0.009110559535214212,0.003415431276139571,0.003974442763190461,6.268463000972887e-05,6.736322975906122e-05,6.304259744527944e-05
155.0,0.2417218406873451,0.00896835493869688,0.0033876625948698,0.003948478783820457,6.303364591879785e-05,6.732934899292716e-05,6.304939884667441e-05
156.0,0.2400525131572325,0.008850499230229134,0.0033634487822752,0.003922850294945966,6.276643126324905e-05,6.726180533235077e-05,6.301415821320204e-05
157.0,0.2463562368065386,0.009235594599543803,0.00334499852964597,0.003897700245424785,6.309478630166686e-05,6.737869261637397e-05,6.298757951308837e-05
158.0,0.2425927221970613,0.01445601983225604,0.003353968146447994,0.003872900704978623,6.293597652434996e-05,6.758283967019552e-05,6.306035722784164e-05
159.0,0.2481223484025918,0.01281660721872716,0.003357023182700924,0.003848373266243368,6.32991501966475e-05,6.742984314972538e-05,6.298174759943354e-05
160.0,0.2440232206827859,0.009897715350600472,0.003349630752519211,0.003823998593760359,6.29134608787653e-05,6.728608681377623e-05,6.289350648927444e-05
161.0,0.248672346566752,0.00933792354479718,0.003346994061423888,0.003800041899958667,6.332059205772076e-05,6.730268208070588e-05,6.289398571513671e-05
162.0,0.2454081898330208,0.009022861944419086,0.003322694748510623,0.003776594649666334,6.308329605612026e-05,6.736794246783066e-05,6.28800655737547e-05
163.0,0.2521536662678857,0.009025390679264516,0.003302225748055184,0.003753536487240612,6.375169040186425e-05,6.73884149006593e-05,6.292532302199653e-05
164.0,0.2469233526466063,0.008694223463763421,0.003282874384482095,0.00373066068241438,6.335878446388411e-05,6.716336131749454e-05,6.287230512504391e-05
165.0,0.2501061824849981,0.008595412788801163,0.003266630641025324,0.003708080571930671,6.376905356797736e-05,6.70989446421005e-05,6.287017013334173e-05
166.0,0.2474314946817164,0.00848465823400735,0.003250295599768246,0.003685677060114615,6.349023263569347e-05,6.704598681300256e-05,6.281785751127468e-05
167.0,0.2527914070530893,0.008412010547631108,0.003235179401801073,0.003663613629540825,6.393053131250309e-05,6.705387241882414e-05,6.27173665269266e-05
168.0,0.2499849456677027,0.008400671260738221,0.003222404076289135,0.003641794431790024,6.36832901051204e-05,6.709425477722458e-05,6.268331353625837e-05
169.0,0.254523015105998,0.008334115404101942,0.003208997244090901,0.003620173466802728,6.418137349244501e-05,6.711327792746436e-05,6.258753494853889e-05
170.0,0.2508257757176901,0.008242392985091756,0.003196311418613903,0.003598694998317449,6.388486017204385e-05,6.706255341358222e-05,6.255634590029899e-05
171.0,0.2558277521950906,0.008218392461373618,0.003185704465211022,0.003577347918829249,6.438548542309486e-05,6.697784326878441e-05,6.251042835244692e-05
172.0,0.2526393312689973,0.008210130074478397,0.003175547857142617,0.00355622808464858,6.41457220829255e-05,6.698150739165884e-05,6.254498871940906e-05
173.0,0.258437219430672,0.008140428033086716,0.003166180736637926,0.003535410991602535,6.475845182696661e-05,6.697467763496045e-05,6.253457569124617e-05
174.0,0.2553074187814241,0.00810294493609163,0.003156773503213939,0.003514879516999429,6.452240169541606e-05,6.691642199593984e-05,6.257645132991722e-05
175.0,0.2592285375707172,0.008087628080454327,0.0031479994412033,0.003494630336326908,6.507792676095652e-05,6.686251886252468e-05,6.256859084882871e-05
176.0,0.2564173595976027,0.00800867190089957,0.003138329345653424,0.003474679334189972,6.486051470427571e-05,6.682863398773445e-05,6.262050501317381e-05
177.0,0.2613330652552963,0.007969010113666946,0.00312945274317886,0.003454876737007362,6.539966125832414e-05,6.673613737360702e-05,6.260309815256095e-05
178.0,0.2600261995833562,0.008094053472157617,0.003121953149916263,0.003435302928562556,6.516319307038571e-05,6.673914689940789e-05,6.266801569067066e-05
179.0,0.26476128378573,0.008609118134081765,0.003116321976539837,0.003415943668742395,6.570718617774922e-05,6.67984691782816e-05,6.270554459756204e-05
180.0,0.2620435331136617,0.008633159466924029,0.003109205853870384,0.003396899945802793,6.553560406982225e-05,6.674716788485894e-05,6.282000051120733e-05
181.0,0.2668962590181393,0.008264997060727745,0.003099776570446514,0.003378039763430655,6.610785217590148e-05,6.657935959919187e-05,6.287101674218532e-05
182.0,0.2639222618279792,0.007888321380693583,0.003088282545697257,0.003359244809899486,6.59094967438345e-05,6.656333761809222e-05,6.300478172419782e-05
183.0,0.2696554802831445,0.007854568289650223,0.003081392280198575,0.003340596291285635,6.660913051160692e-05,6.655575797956072e-05,6.308961036624621e-05
184.0,0.2667021562952455,0.007822380736585933,0.003074233556514697,0.003322025826430844,6.644697216373151e-05,6.649312019906902e-05,6.321594199618486e-05
185.0,0.2713152092322351,0.007708518257657216,0.003066995078029905,0.003303761080645005,6.701017469254771e-05,6.631874900831014e-05,6.332015756323084e-05
186.0,0.2687092153254775,0.007700632560918008,0.003061063898450248,0.003285837123926699,6.679848599894225e-05,6.632370917439994e-05,6.34385769462597e-05
187.0,0.2737287464033754,0.007675529542756097,0.003054666050150377,0.003268067486755199,6.740542391997244e-05,6.624175054393292e-05,6.353148903666386e-05
188.0,0.2715831489915853,0.00765476799889497,0.003049348653310358,0.00325049323722174,6.720918553478692e-05,6.626307530919722e-05,6.365325930802784e-05
189.0,0.2768373628666382,0.00796071918150878,0.003044918866045028,0.00323308087208694,6.779951938782622e-05,6.622592571847389e-05,6.368521401880074e-05
190.0,0.274778270788623,0.009082308912240374,0.003048988238956061,0.003215844961876131,6.763574266945142e-05,6.633686644955594e-05,6.382740759230672e-05
191.0,0.2805601077011226,0.00874973703011696,0.003068855330991947,0.003198815422966407,6.823785335670239e-05,6.618943987568388e-05,6.388799419098725e-05
192.0,0.2770858205839347,0.008181963738466993,0.00308248451718178,0.003181929528861618,6.797616211439575e-05,6.615417058314581e-05,6.397095702777567e-05
193.0,0.2828007824440009,0.007965016471269591,0.00306596417181573,0.003165211673686133,6.857781466166642e-05,6.61190752784012e-05,6.413467837823863e-05
194.0,0.2804317053032938,0.00781496333807519,0.003055680283832086,0.003148593916096617,6.843055720826455e-05,6.620130080465104e-05,6.427769489413844e-05
195.0,0.2861665005209575,0.007843730461349452,0.003047685874676683,0.003132081870098368,6.907095631626178e-05,6.610543646925812e-05,6.444597139052974e-05
196.0,0.2824172693952217,0.007738611747179854,0.003039738873045182,0.00311573240464917,6.886538135853172e-05,6.610873880542383e-05,6.455332889572544e-05
197.0,0.2863761002781942,0.007740406593948901,0.003031681372969182,0.003099493518033886,6.946823614628606e-05,6.603224336649957e-05,6.46595027596012e-05
198.0,0.2844155783341845,0.007654967119221004,0.003024277963567073,0.003083586561569573,6.929310002996466e-05,6.605165945987196e-05,6.474611673452349e-05
199.0,0.2905723999464571,0.007597618023225724,0.003016488970070459,0.003067868176298381,6.989308055123326e-05,6.604356536463893e-05,6.487819816417368e-05
200.0,0.288482442751241,0.008052480702468837,0.00301209897784138,0.003052329784858658,6.969962401324647e-05,6.61098364071088e-05,6.497495882132045e-05
201.0,0.2929762095640918,0.009242513773788699,0.003013631524887339,0.003036879365787502,7.035210655571921e-05,6.626043404148279e-05,6.5155574391099e-05
202.0,0.2896470012575272,0.008901380238175582,0.0030344580827248,0.003021658082544357,7.013833191365899e-05,6.61294896671138e-05,6.516917679931743e-05
203.0,0.294959661374348,0.008024401401469466,0.00303928308842235,0.003006621814971906,7.069888724700729e-05,6.596606385011946e-05,6.523303276665976e-05
204.0,0.2921740276624274,0.00774119358236402,0.003020471293378808,0.002991748258303306,7.052731149414589e-05,6.603116612256555e-05,6.533191567706054e-05
205.0,0.2984726056265689,0.007595182408881896,0.003006877060253949,0.002977078607855868,7.117401796457538e-05,6.60767083887016e-05,6.548775173103183e-05
206.0,0.2952343673497684,0.007564514172487356,0.002997569422298486,0.002962573427371245,7.105385436629181e-05,6.604328868743343e-05,6.552735297655918e-05
207.0,0.2994741698442057,0.007439719366289213,0.002986790640790241,0.002948158838055914,7.153139922338299e-05,6.584918447525115e-05,6.565154877327186e-05
208.0,0.2962398551765579,0.007400943430673285,0.002979710924619778,0.002934022544697424,7.136123423271819e-05,6.58913321351e-05,6.571411471772843e-05
209.0,0.3006744868483138,0.00736879926595574,0.002972611423991493,0.002919968055148422,7.187800275298319e-05,6.584893690884032e-05,6.578226406148255e-05
210.0,0.2984428991750714,0.007342168741141267,0.002966742791918544,0.002906186311106534,7.172123271823756e-05,6.590463264820143e-05,6.576417949272154e-05
211.0,0.3039688875346608,0.007412410555102022,0.002959910002882515,0.002892479807865056,7.222005698876697e-05,6.589819630725235e-05,6.583647636007313e-05
212.0,0.3007758547315246,0.007409036825291943,0.002955400779356614,0.002878978374836944,7.203042829347218e-05,6.590737896696164e-05,6.583116196273108e-05
213.0,0.3051996555279353,0.007258118172825616,0.002946949790712596,0.002865552149442944,7.253287030548708e-05,6.575057943708172e-05,6.591161148974397e-05
214.0,0.3021308540729246,0.007193591295736042,0.002942293610147493,0.002852149193972932,7.23915923294249e-05,6.580454670050607e-05,6.589646863472875e-05
215.0,0.3074465838792246,0.007123073173010918,0.002936051500432494,0.002838756055601162,7.289747538429388e-05,6.568236300653294e-05,6.597936004741456e-05
216.0,0.3037735029984679,0.007138452563066788,0.002932115963393004,0.0028253910936185,7.275498882260167e-05,6.567680677751074e-05,6.59279585005262e-05
217.0,0.3081490364394419,0.007061950306393423,0.002925203289220016,0.00281188703038056,7.315075745451507e-05,6.54755301021446e-05,6.601757477834173e-05
218.0,0.3048772296480872,0.007018180473648356,0.002920395086873355,0.002798680210077927,7.30196656153368e-05,6.552423432369011e-05,6.596891237973336e-05
219.0,0.308532356692428,0.006970720701033464,0.002912921995610624,0.002785556724925481,7.341141523645655e-05,6.536359562536483e-05,6.605836476852463e-05
220.0,0.306354547222953,0.006964313649021933,0.002908971674516876,0.00277267452880285,7.331365407112064e-05,6.538914041423499e-05,6.601927409172858e-05
221.0,0.3118664093656773,0.007128384825612333,0.002902744157423774,0.002759803307737339,7.369447733857564e-05,6.524560868093738e-05,6.613535755989774e-05
222.0,0.3097072491297934,0.02274532023442755,0.002933638128626524,0.002747133013923823,7.365150834917951e-05,6.556141135305514e-05,6.615101652481179e-05
223.0,0.3162340773097703,0.02099299067054059,0.00298071742215866,0.002734549179281134,7.433040694874665e-05,6.557122149370104e-05,6.648721383882634e-05
224.0,0.3121224411310705,0.01953428469950479,0.00298923823120781,0.002722179023148075,7.397085086445131e-05,6.518179882346012e-05,6.630113049947283e-05
225.0,0.3174131264917349,0.00835609734450252,0.002953895224638884,0.002709833480797585,7.431624913990039e-05,6.502583308377644e-05,6.651072287873922e-05
226.0,0.3135413941514016,0.007992793906041976,0.002956732841980254,0.002697745298643096,7.419948786313463e-05,6.499737063680071e-05,6.642339825188645e-05
227.0,0.3181067768596262,0.007399155869138464,0.00293253892089355,0.002685680847310393,7.463100259214618e-05,6.481879904783957e-05,6.664665804268471e-05
228.0,0.3133133260402718,0.007172458960319134,0.002915718324873392,0.002673858473832332,7.450575905935416e-05,6.469431186674212e-05,6.655370293570752e-05
229.0,0.3172718718320107,0.007039070309734774,0.002898092104236078,0.002662144311854834,7.481955196188427e-05,6.44830975019269e-05,6.673718403391236e-05
230.0,0.3143535371497255,0.006932256813977345,0.002885028892297824,0.002650674440187982,7.474469531495936e-05,6.446451067887232e-05,6.666373367802683e-05
231.0,0.3188617787044304,0.006869704074076325,0.002871178873184248,0.002639222531758856,7.503520304983186e-05,6.424550317477988e-05,6.681203059625552e-05
232.0,0.3151732736732398,0.006804612534429557,0.002861215484510375,0.00262785066826844,7.499736272442388e-05,6.422874892381857e-05,6.668454493545378e-05
233.0,0.3188432828510748,0.006757333010415866,0.002849480813937289,0.002616504218555849,7.526293200300708e-05,6.406306357534429e-05,6.680902409495103e-05
234.0,0.315361953171425,0.006721086199366007,0.002841225508895334,0.002605365494387868,7.522284348592578e-05,6.407233915756921e-05,6.667544519353934e-05
235.0,0.3191007606536309,0.006677518465963703,0.002830783675055615,0.002594246316038096,7.545375863599827e-05,6.386854989207256e-05,6.67993946344907e-05
236.0,0.3165529245130486,0.006646541566671388,0.002822968212459605,0.002583339442405342,7.542618929305198e-05,6.385570044103374e-05,6.668343013304936e-05
237.0,0.3206168188046791,0.006614688161087945,0.002813440547250406,0.002572422075594977,7.567180382650296e-05,6.373726824297186e-05,6.687598289052168e-05
238.0,0.3188424851059691,0.006607928921889511,0.0028079366048916,0.002561654960089696,7.570211056340106e-05,6.375616979808506e-05,6.675985111981326e-05
239.0,0.3225630257801112,0.006594843045745829,0.002800178221112385,0.002550804912430702,7.597728885765884e-05,6.362469270430963e-05,6.697117307365025e-05
240.0,0.3204688054062204,0.00656946977301361,0.002794399092073626,0.002540083560629804,7.596669180279289e-05,6.363558757161294e-05,6.680172765290069e-05
241.0,0.3244891840201163,0.006561225852604902,0.002786819336118463,0.002529421872465056,7.619626886960192e-05,6.351933723428658e-05,6.698200908215127e-05
242.0,0.3222105019574486,0.006550872702843409,0.002782094818272708,0.002518880601815986,7.62100433642533e-05,6.35390608750209e-05,6.680693420700976e-05
243.0,0.3256148616812469,0.006536779663124521,0.002775761869112231,0.00250850976087894,7.629941019712239e-05,6.3476611517751e-05,6.678231670154867e-05
244.0,0.3295940022681376,0.006522796854482242,0.002768029878145549,0.002498173381416609,7.651284678725603e-05,6.336360303260537e-05,6.700526870525005e-05
245.0,0.3255039345535169,0.006483335681032791,0.002762618122597721,0.002487988858028141,7.653327390893482e-05,6.34095565542753e-05,6.681795430755235e-05
246.0,0.3282858690923427,0.006483810564771926,0.002757254779804053,0.002477923740554321,7.658317212454443e-05,6.336697919449441e-05,6.680158408128616e-05
247.0,0.3318214290420341,0.006465049047266946,0.00275020172929135,0.00246784584193102,7.673604318633509e-05,6.328464187437322e-05,6.704297270260878e-05
248.0,0.3272581434060447,0.006463897517668934,0.002746021094190634,0.002457895184729191,7.678916837428851e-05,6.332978083171597e-05,6.687562509953264e-05
249.0,0.3299116563006692,0.006414795938507706,0.002739621943542707,0.00244811314612891,7.681651734106441e-05,6.326768670958995e-05,6.684930777257369e-05
250.0,0.3337108765294733,0.006414472658358417,0.002733014137467659,0.002438372962752589,7.69713914211799e-05,6.319573226059632e-05,6.717655625960544e-05
251.0,0.3289383550662199,0.006425075555050553,0.0027290065445553,0.00242874223746079,7.703036185581543e-05,6.323238882222693e-05,6.697229344603893e-05
252.0,0.3315067574671896,0.006393219821034722,0.002723127540891676,0.00241921534467768,7.703457060145315e-05,6.319320344042583e-05,6.696798647859807e-05
253.0,0.3353385982989963,0.00638385162347576,0.002717274099763132,0.002409425665806827,7.71892143726378e-05,6.310730536119835e-05,6.733973608066227e-05
254.0,0.3311930589422904,0.006359804020070926,0.002713361762873638,0.002399724488099002,7.726866792514585e-05,6.316632383820794e-05,6.714083905815344e-05
255.0,0.3345676892648674,0.006361796599495522,0.002709024406229292,0.002390237184528257,7.729399903351114e-05,6.315322618034093e-05,6.716789678198463e-05
256.0,0.3379720423751949,0.006357481629865656,0.002703278412901336,0.002380793727569839,7.735872777118185e-05,6.311739358414363e-05,6.747482018350266e-05
257.0,0.3342049473066581,0.006339125181495831,0.002699917052782904,0.00237145427822508,7.748612919358226e-05,6.317434379385856e-05,6.727485889776623e-05
258.0,0.3375355728194419,0.006335428018889032,0.002695571660740847,0.002362274315972934,7.745231770483945e-05,6.314601520961507e-05,6.726864521363375e-05
259.0,0.3418514409022264,0.006342245185317043,0.002690710307052866,0.002353086649425911,7.756979565831045e-05,6.310006138903661e-05,6.768301397817019e-05
260.0,0.3375597193376659,0.006336112404933302,0.002687435166870149,0.002343954736709783,7.770260164001276e-05,6.318362602760375e-05,6.745684705353461e-05
261.0,0.3403436608793289,0.006327930117865011,0.002683354428582079,0.00233494949705352,7.770247192585633e-05,6.316855064648361e-05,6.748632323960293e-05
262.0,0.3443314909431819,0.006327434936106156,0.0026784827128803,0.00232596065187344,7.770672502368787e-05,6.312790427004813e-05,6.788655069508322e-05
263.0,0.3402608800995265,0.006349074979754728,0.002676107749048256,0.002317112401709384,7.786221476390578e-05,6.319201311250221e-05,6.766960982815559e-05
264.0,0.3437439956789346,0.006380757428604309,0.002673407375431939,0.002308393858614,7.786853958970203e-05,6.320820932394454e-05,6.774238593034652e-05
265.0,0.3474263809903019,0.006364390640498637,0.002669407066470085,0.002299578529354961,7.78960553539471e-05,6.319479895419671e-05,6.819053679775236e-05
266.0,0.3429278220821982,0.006369201154589304,0.002667502377954696,0.002290888690769627,7.809974742529372e-05,6.327464515567104e-05,6.79558500799214e-05
267.0,0.34620333238567,0.006364757759100935,0.002664965874760537,0.002282375910987781,7.808974809806466e-05,6.326379215620253e-05,6.804506285971504e-05
268.0,0.3500297722414803,0.006365775585269613,0.002661525441314776,0.002273870789743567,7.80956007181289e-05,6.324277456487777e-05,6.847984716237272e-05
269.0,0.3457311434528563,0.006337878680042913,0.002659881517526791,0.002265480135599172,7.830495681803962e-05,6.330721287383908e-05,6.823872166246746e-05
270.0,0.3488878652043005,0.006317688890887145,0.002657766714359969,0.002257198799018192,7.830013090395396e-05,6.329537020474577e-05,6.829449952644266e-05
271.0,0.3529434819687547,0.006336241858695569,0.002655327946660619,0.002248899090539621,7.825300664511854e-05,6.32827463728065e-05,6.873628007382519e-05
272.0,0.3478936410680697,0.006331781712676681,0.00265439735681146,0.002240685317529741,7.845886816430538e-05,6.332979268301298e-05,6.847371428688584e-05
273.0,0.3510418999957667,0.006319280147619272,0.002652807742630442,0.002232550459977803,7.843411916948243e-05,6.332708490329179e-05,6.855276920435978e-05
274.0,0.3551566318871204,0.006345258016878122,0.002651196621965776,0.002224402774670209,7.842616617998221e-05,6.331047117116022e-05,6.907980933247488e-05
275.0,0.3507805884148514,0.006341912795759757,0.002650114317706047,0.002216355800882898,7.86528899257498e-05,6.336711518256107e-05,6.87919009491471e-05
276.0,0.3544422043423539,0.006335468868585697,0.00264863361614276,0.002208417426231054,7.86198294768933e-05,6.336425197189795e-05,6.883575990115997e-05
277.0,0.3583698595347324,0.006353639181247829,0.002646828706564244,0.002200544335163894,7.851805903747819e-05,6.340178389669827e-05,6.930814715926852e-05
278.0,0.3541449911636541,0.006339363442218369,0.00264608361036381,0.002192819402053203,7.87654446689268e-05,6.346669029578205e-05,6.905739379245733e-05
279.0,0.3574000892471707,0.006345849036982143,0.002644830661046368,0.002185176689423921,7.8728314178995e-05,6.34624400619121e-05,6.914640898710414e-05
280.0,0.3611839536621604,0.006375120536605433,0.002643279665875456,0.002177426253254392,7.865420875027478e-05,6.347690831015535e-05,6.969627948155412e-05
281.0,0.3559382233291805,0.006376867471043524,0.002642241523604383,0.002169615682821108,7.889029958135832e-05,6.353507983462842e-05,6.938840434541875e-05
282.0,0.3590966268468159,0.006372337397069917,0.002640390623238073,0.002161762924913216,7.882097473515273e-05,6.355403539427138e-05,6.947212897653995e-05
283.0,0.3627829930986507,0.006355671419550394,0.00263775607912192,0.002153775894437595,7.864633770076899e-05,6.356297897533196e-05,6.996659364401024e-05
284.0,0.3575225598159142,0.006357757238451823,0.002635877510290631,0.002145990091647453,7.886595866739128e-05,6.361727916786206e-05,6.96471872381331e-05
285.0,0.3605203277796607,0.006346406513618547,0.00263383335035727,0.00213829368036403,7.879821938654642e-05,6.36140319224462e-05,6.971046245467797e-05
286.0,0.3634318295341082,0.006338028896409994,0.002631788855549456,0.002130658605650825,7.870912966854903e-05,6.360300367906565e-05,6.981469099954338e-05
287.0,0.364082590006904,0.006348440470380788,0.002629916874175589,0.002123093923951059,7.868866084342283e-05,6.363057921704405e-05,6.991828465169885e-05
288.0,0.3645308368696005,0.006340690805292502,0.002626896788992258,0.002115579497651087,7.868549618299851e-05,6.366498750940448e-05,7.001316538795929e-05
289.0,0.3648933452193423,0.006338231881699711,0.00262451010557384,0.002108130647450039,7.86197766840592e-05,6.367635494426387e-05,7.012887460024293e-05
290.0,0.3653167857329019,0.006321409729148061,0.002621887135615455,0.002100743427321296,7.857265377852203e-05,6.369236850362114e-05,7.020666071270678e-05
291.0,0.3653429435207399,0.006337670047336451,0.002619978577843648,0.002093405197089161,7.854737144476735e-05,6.372888837532283e-05,7.029719068582274e-05
292.0,0.3654569154866908,0.006337050111992165,0.002618004660323109,0.002086115580666834,7.849733280538764e-05,6.374379916398133e-05,7.03766971891857e-05
293.0,0.3661949568888328,0.006301847456316934,0.002615402198743202,0.002078888883951663,7.842593608975017e-05,6.373163987581381e-05,7.045653463785041e-05
294.0,0.3667135089722597,0.006300022155967603,0.002613203572117322,0.002071732956763727,7.837499645400113e-05,6.37405882152063e-05,7.055213949071851e-05
295.0,0.3670895376369531,0.00630720926127422,0.002611297832305333,0.002064641565589084,7.834853317374714e-05,6.377122566710569e-05,7.068023691086992e-05
296.0,0.3680112965172432,0.006294631195091091,0.002609171382712515,0.00205764774388683,7.826337852123716e-05,6.375958865218053e-05,7.081844965726575e-05
297.0,0.3685343886265129,0.006296629659246477,0.002607302827086128,0.00205069354706731,7.820169751299936e-05,6.377449558206742e-05,7.093284488828278e-05
298.0,0.3696838952140548,0.006285503920930041,0.002605106160198818,0.002043781272812534,7.813669120435379e-05,6.380825145190786e-05,7.103837122957236e-05
299.0,0.3702589674305278,0.006298237672106394,0.002603469702870962,0.002036941884088314,7.808374336321884e-05,6.38409310763742e-05,7.118370868727905e-05
300.0,0.3709035044627564,0.006281754953876081,0.002600912848081888,0.002030158170334347,7.798913096427614e-05,6.384318901283356e-05,7.131084585718538e-05
301.0,0.3716346692208413,0.006284341039528693,0.002599087542500943,0.002023406438591369,7.78964666305963e-05,6.382787385109516e-05,7.141967711702197e-05
302.0,0.3724492524939705,0.006300991186695832,0.002597784229970975,0.00201668755113915,7.780975427578957e-05,6.382389053524243e-05,7.152919004740521e-05
303.0,0.3741894683892392,0.00634679591725162,0.002596965122822686,0.002010055100962074,7.774081317121611e-05,6.385340958362274e-05,7.165865110230611e-05
304.0,0.3746179425449523,0.01474030406625359,0.002612091455552479,0.002003401791374296,7.755447857965295e-05,6.404781953501099e-05,7.21038422271247e-05
305.0,0.3705657405329765,0.01058137630248962,0.002650818956805089,0.001996895497102022,7.790185556270807e-05,6.409115055474667e-05,7.196872532085604e-05
306.0,0.3768902971168723,0.01060660178048337,0.002657280890809036,0.001990335463820999,7.73256461034862e-05,6.393388123393356e-05,7.238619874890463e-05
307.0,0.3703959475375062,0.007307743259570628,0.002654458342799041,0.001983848913001777,7.73842846254548e-05,6.385128585856995e-05,7.203104270758781e-05
308.0,0.37343694226673,0.006724950152052426,0.002636612640580823,0.001977422646101735,7.721650673074325e-05,6.387056315531883e-05,7.217931405623068e-05
309.0,0.3755132419054127,0.006583171195177311,0.002624719445985224,0.001971018802391287,7.706406262558887e-05,6.383340653030872e-05,7.241040546577316e-05
310.0,0.3753211859755487,0.006525288122404579,0.002615972604512879,0.001964640286609657,7.694443638151847e-05,6.385344754697047e-05,7.252879373713359e-05
311.0,0.3757939321943616,0.006485897730769036,0.00260900357510506,0.001958317805242007,7.683125985029826e-05,6.381416965477705e-05,7.267005303060791e-05
312.0,0.3764755569654619,0.006467184155884395,0.002603251040878639,0.001952034323671932,7.669908873878044e-05,6.382033620328808e-05,7.279147938714354e-05
313.0,0.3774570971546178,0.006430270096704948,0.002598182396785164,0.001945756933060818,7.65705641818142e-05,6.383254467967343e-05,7.293457052969145e-05
314.0,0.3776658684143144,0.006416868441270205,0.002593819186921264,0.001939507930162358,7.645101060046479e-05,6.384478904684886e-05,7.308279431734182e-05
315.0,0.3781722390853824,0.006408651967892048,0.002589770630136615,0.00193327613712336,7.633571365930565e-05,6.387457542600096e-05,7.32391393965552e-05
316.0,0.3782459250430441,0.006446494971432549,0.002586798125001195,0.001927050754123455,7.617476107728921e-05,6.387345215261658e-05,7.338229542644966e-05
317.0,0.378943257516285,0.006433259327319733,0.002583379569704096,0.001920847476843972,7.601669350463695e-05,6.386968405018003e-05,7.353829734767239e-05
318.0,0.379146499159206,0.006426104462987134,0.002580021920954792,0.001914692591826174,7.586321611573989e-05,6.389933080924606e-05,7.366342978182261e-05
319.0,0.3792952138157742,0.006420254510148765,0.002577279755154263,0.001908580837742281,7.571230885616305e-05,6.389541964560888e-05,7.38092329969627e-05
320.0,0.379582219435078,0.006425373532793345,0.002574734297769428,0.001902529348518823,7.553577006663141e-05,6.386773994563728e-05,7.394614497672988e-05
321.0,0.3796159533466195,0.006428409722854835,0.002571516611193264,0.001896504114568155,7.535512523611323e-05,6.383640180671315e-05,7.404083923725567e-05
322.0,0.3795041037985362,0.006430083140537836,0.002568282738756166,0.001890539547946236,7.516499532384464e-05,6.382477104745932e-05,7.414696540918124e-05
323.0,0.3797405571071955,0.006399750003079098,0.002564999329963016,0.00188459703312398,7.499171739768194e-05,6.378657072812909e-05,7.425521383909309e-05
324.0,0.3801339134109584,0.006386428613349327,0.002561734563873805,0.001878691764822331,7.481986532030829e-05,6.378827978241618e-05,7.434989729921993e-05
325.0,0.3801766881756992,0.006373855385488696,0.00255857118965209,0.001872815748242124,7.464519248354249e-05,6.379974695413092e-05,7.443168704056666e-05
326.0,0.3800112126641135,0.006401688296209756,0.002556292535272032,0.001866985438266807,7.447606901993827e-05,6.376438226253865e-05,7.455554048140448e-05
327.0,0.3804294769954646,0.006405368013051057,0.002553562110105493,0.001861196785719115,7.428021368049787e-05,6.37214801109212e-05,7.46549567711081e-05
328.0,0.3804582505765119,0.006382482876704024,0.002550138570102481,0.001855445096224272,7.408884504046096e-05,6.372321375125233e-05,7.475069492804065e-05
329.0,0.3804701003267007,0.006374951069008976,0.002547623189625907,0.001849735008974056,7.389704069048066e-05,6.370453134334757e-05,7.482123973070593e-05
330.0,0.3802406872679262,0.006368222345091231,0.002545307080237128,0.001844068885603112,7.37153488073056e-05,6.367306393925065e-05,7.48923576493594e-05
331.0,0.3801427662488001,0.006366093248906349,0.002542912167614527,0.001838446391864329,7.351304075610909e-05,6.366940585074201e-05,7.498189525983776e-05
332.0,0.3800791495270364,0.006381969476591016,0.002540776595866821,0.001832834392194545,7.33104051477065e-05,6.363949144669961e-05,7.507225956344885e-05
333.0,0.3798871846215876,0.006370399340531846,0.002538059307632336,0.001827266449020578,7.311117851030354e-05,6.361118990510176e-05,7.514575316417831e-05
334.0,0.3799157556860318,0.00635992864139294,0.002535619410732054,0.001821737245834929,7.290717891069062e-05,6.359092905807087e-05,7.521780072703933e-05
335.0,0.3798470865966388,0.006356668557566372,0.002533279443818332,0.001816248161483985,7.271704260558601e-05,6.357813874106092e-05,7.528278456937944e-05
336.0,0.3800957643795344,0.006356376380368785,0.002531182343140138,0.001810786012206717,7.251172476614296e-05,6.35628045707437e-05,7.536895848187124e-05
337.0,0.3799838883343983,0.006362430073707319,0.00252993409757819,0.001805357884072718,7.229510215599047e-05,6.35606263935336e-05,7.542160305036454e-05
338.0,0.3799605889768493,0.006352802641036206,0.002527755301400495,0.001799980783758017,7.208657555747839e-05,6.353952408134924e-05,7.54770486468582e-05
339.0,0.3797642935454388,0.006330246847515783,0.002525164314249429,0.001794642878654293,7.184743448473177e-05,6.349971106178696e-05,7.551715433831772e-05
340.0,0.3796364009933795,0.00632618765701747,0.002522921408488439,0.00178934667562183,7.163738434368096e-05,6.349609175868095e-05,7.555004123223215e-05
341.0,0.3798215248760912,0.006329337649377486,0.002520643990271726,0.00178407845046563,7.145594537575905e-05,6.347604360354397e-05,7.56072436327085e-05
342.0,0.3801340783038935,0.0063399066380987,0.002518706914057464,0.001778848486183878,7.126218144445834e-05,6.345394893220512e-05,7.566028989406899e-05
343.0,0.3803708807205068,0.00632799307022047,0.002516583710588898,0.001773650438306879,7.106336441315973e-05,6.344569256995086e-05,7.571274981016354e-05
344.0,0.38080237708016,0.006322481436838388,0.002514051391780665,0.001768484785584819,7.086757940097023e-05,6.343392738034819e-05,7.574356277570475e-05
345.0,0.3807567955263534,0.006305126247181348,0.002512098231000597,0.001763369702357415,7.066410681199612e-05,6.344365714733249e-05,7.575781642826404e-05
346.0,0.3808160918220915,0.006313546488172484,0.002510272029876959,0.001758312061368896,7.047075227849818e-05,6.345429942582633e-05,7.579436084190976e-05
347.0,0.3808083217771603,0.006313359116299639,0.00250877026351752,0.001753287263170944,7.028247713077471e-05,6.345291361703709e-05,7.583099585180191e-05
348.0,0.3808589981023104,0.006309004445940453,0.00250768776807603,0.001748294876152542,7.009081554818591e-05,6.345090451404535e-05,7.585487747959434e-05
349.0,0.3809935210221084,0.006311116186501827,0.002505885796985717,0.001743335569875731,6.988340851173981e-05,6.343636825238337e-05,7.586652163033595e-05
350.0,0.3812108931043774,0.006309553567933749,0.002504178809194767,0.001738396121504512,6.969492499430884e-05,6.34559927051001e-05,7.58846680858807e-05
351.0,0.3812748832021484,0.006330775059477185,0.002502897308019539,0.001733473256063899,6.950421889647921e-05,6.343134551830407e-05,7.591016628621678e-05
352.0,0.3814401099939779,0.006325849435733118,0.002500703084147219,0.001728581051274891,6.934921010987929e-05,6.343906627054748e-05,7.590815697513946e-05
353.0,0.381305448534151,0.006300877955504052,0.002498315751999954,0.001723710462227709,6.918619982923368e-05,6.343526221784351e-05,7.592781099683443e-05
354.0,0.3814628430938972,0.006290223798933499,0.002496270096942961,0.001718877128665852,6.902058322518145e-05,6.3433065892828e-05,7.592098183155317e-05
355.0,0.3816480681517008,0.006276556386351809,0.002494509343045807,0.001714059978340413,6.884832665409565e-05,6.343266609510911e-05,7.591493389615002e-05
356.0,0.3816629770422417,0.006256837564917224,0.002492405135664413,0.001709287047127695,6.866536309426676e-05,6.341958727877797e-05,7.589145856846813e-05
357.0,0.3817156235635621,0.006238417071112888,0.00249044662673792,0.001704565016840265,6.84876418751784e-05,6.34154785208471e-05,7.588018588842943e-05
358.0,0.3820520759810601,0.006247922082223153,0.002489099885493091,0.001699865346060961,6.832867841826315e-05,6.343227612973365e-05,7.586751341268746e-05
359.0,0.3821132514602247,0.006247842422494459,0.002487632521100021,0.001695188625933209,6.817370067978997e-05,6.341591562573791e-05,7.586873945422363e-05
360.0,0.3826965550518392,0.006219827604387836,0.002485151767477531,0.001690530859970373,6.804063630271452e-05,6.339536693393105e-05,7.583983761024885e-05
361.0,0.3827118788427555,0.006222581696781497,0.002482805673982315,0.001685874481425666,6.792104618533354e-05,6.340704906582967e-05,7.581675182958957e-05
362.0,0.382854045061124,0.006226686267193046,0.002480570723784649,0.001681220729676785,6.780465482344651e-05,6.339816876638472e-05,7.58092421917114e-05
363.0,0.3832748975439837,0.006210867447022704,0.00247746623290159,0.001676582840756955,6.766981354387107e-05,6.340583422137574e-05,7.578324300902168e-05
364.0,0.3831010757997834,0.00621114892594663,0.002474673920380548,0.001671976053230704,6.756707625940087e-05,6.343561063310596e-05,7.578881093285244e-05
365.0,0.38260753790154,0.00617021865548113,0.002471633341150282,0.001667379680620505,6.742794009344037e-05,6.343099561748073e-05,7.575801561839906e-05
366.0,0.3825064992883214,0.006169523826363091,0.002468979631325506,0.00166279634480888,6.729755861080372e-05,6.340772709934702e-05,7.572424279543845e-05
367.0,0.3822847171842927,0.006179430756840068,0.002466618761037248,0.001658236035567818,6.720593640678476e-05,6.342972190152144e-05,7.569664714139008e-05
368.0,0.3820912786297745,0.006166309217114923,0.00246352013145755,0.00165371037108203,6.710506783586505e-05,6.34531972196513e-05,7.568535626916589e-05
369.0,0.3813595503881604,0.006174927297112756,0.002461171053870195,0.001649218759807462,6.700584590674451e-05,6.348489048900528e-05,7.5636876765936e-05
370.0,0.3806739900777593,0.006167551199502666,0.002458511186484908,0.001644756848714308,6.688703780233647e-05,6.350372971081166e-05,7.561619880145248e-05
371.0,0.3810074895194942,0.006162582468397547,0.002456154138966904,0.001640328391193785,6.680384115322372e-05,6.353191944624589e-05,7.559108314505386e-05
372.0,0.380427953815238,0.006171089880836469,0.00245370927929118,0.001635928130375843,6.669700404892792e-05,6.35441357142053e-05,7.554895583752473e-05
373.0,0.3800462023445931,0.006157948854163514,0.002451262619620867,0.001631563962798628,6.659997173717494e-05,6.353877478088427e-05,7.551613370849321e-05
374.0,0.3797381996278553,0.006163746538529202,0.002448781429147282,0.001627229044116255,6.651906945932413e-05,6.355295655322118e-05,7.546501912217782e-05
375.0,0.3794072879090297,0.006150614060992066,0.002446553414562084,0.001622920296375767,6.642695291010162e-05,6.355985660972972e-05,7.544207512552951e-05
376.0,0.3791021816098859,0.006134274428497241,0.002443974721857207,0.001618642053546667,6.633766647447028e-05,6.35539758800982e-05,7.540265745591978e-05
377.0,0.3789894374537346,0.00613134822905108,0.00244174286679472,0.001614409625617578,6.628715000410144e-05,6.358333975310246e-05,7.534873581196551e-05
378.0,0.3791710751768416,0.006132633597951446,0.002439590773816046,0.001610212604750841,6.621895850048778e-05,6.362059570364951e-05,7.528935194755853e-05
379.0,0.379642362933456,0.006147883008961724,0.002437896172018215,0.001606045799705246,6.617375512594442e-05,6.364040339627455e-05,7.526705251943156e-05
380.0,0.3795825873087539,0.006145940376751498,0.002435806655240672,0.001601884418080675,6.61180621924467e-05,6.367032815576976e-05,7.519827198221243e-05
381.0,0.3793378222054585,0.006107786260602905,0.00243338281455812,0.001597719764752581,6.605506596952114e-05,6.366702638604324e-05,7.515099972079985e-05
382.0,0.379309760364644,0.006130562055831039,0.002431942828805237,0.001593552149558979,6.598970479390729e-05,6.368478576085121e-05,7.508717368381894e-05
383.0,0.3795648796306108,0.00611021538883335,0.002429795724685403,0.001589408385208727,6.59182132579549e-05,6.370134702111712e-05,7.501674228135322e-05
384.0,0.37961745331807,0.006115566049950423,0.002428578118365807,0.001585272073451342,6.587680309237394e-05,6.371973879022544e-05,7.495713180283023e-05
385.0,0.3798687162072464,0.006122658951537604,0.002427229170843381,0.001581151650244945,6.584903743089652e-05,6.372130620727131e-05,7.491644725219456e-05
386.0,0.3799130441922277,0.006140807392828752,0.002426122442460679,0.001577051017874567,6.583162619643371e-05,6.371808576996229e-05,7.487051021893285e-05
387.0,0.3799676946635754,0.006136514815039305,0.002424923062758547,0.001572911195301083,6.579465066665943e-05,6.372574614192418e-05,7.480033037952218e-05
388.0,0.3797939842983085,0.006113594342383593,0.002423836038237416,0.001568855239962951,6.575561217662276e-05,6.373005781452967e-05,7.473479009355622e-05
389.0,0.3801078333120574,0.00613187594314253,0.002423478489439088,0.001564820851552779,6.572280717011237e-05,6.375932260227687e-05,7.467834214188204e-05
390.0,0.3800849434651763,0.006137381641966479,0.002422917796270675,0.001560813189177869,6.569317098403833e-05,6.376656164439963e-05,7.462704954425843e-05
391.0,0.380428332640899,0.00615519769072936,0.002422803129813984,0.001556825167390976,6.567162878739408e-05,6.379323934475616e-05,7.457680196897137e-05
392.0,0.3806191749520658,0.006132469586358684,0.002421915955417693,0.001552866653024592,6.563320256587388e-05,6.380488670151347e-05,7.451781626422677e-05
393.0,0.380588650227975,0.00613171272231748,0.00242155917552269,0.001548936797783757,6.560562569426478e-05,6.380224965191706e-05,7.443775348841011e-05
394.0,0.3808229111428911,0.006149335147256823,0.002421860452958938,0.001545028881701941,6.557878982143792e-05,6.38058140337704e-05,7.437529880975288e-05
395.0,0.3809890834242632,0.006155225783274304,0.002421334168824483,0.001541140349633507,6.556710430593655e-05,6.38176399795447e-05,7.431738030601471e-05
396.0,0.3811746123435633,0.006139038658821709,0.002420950166580039,0.001537331691316558,6.55397615191962e-05,6.379883424587709e-05,7.423815158484756e-05
397.0,0.3817224944145476,0.006166249147214288,0.002421590379783139,0.001533577827833057,6.552582899319772e-05,6.381970026061082e-05,7.41922335137653e-05
398.0,0.3819165344778919,0.006199712969822326,0.002422047237262547,0.001529851994131536,6.552044216466883e-05,6.383872653774293e-05,7.417051713855057e-05
399.0,0.3820904143509494,0.006219994974378211,0.002422508110445592,0.001526151878765482,6.551581036610518e-05,6.385246355773015e-05,7.413533516176283e-05
400.0,0.3822633138491788,0.006224670967172289,0.002422882563675816,0.001522409846428988,6.549114800545037e-05,6.385069138014706e-05,7.409805868606354e-05
401.0,0.382811977367867,0.006215960839926802,0.002423287424891012,0.001518616958679222,6.54772160408814e-05,6.384239068213442e-05,7.404780245135088e-05
402.0,0.3831849945480081,0.006217238639134432,0.002423153061723679,0.001514814867601686,6.547465515666568e-05,6.383286991696039e-05,7.399715030158779e-05
403.0,0.3835804264854752,0.006240658390205682,0.002423718736202093,0.001511029634888658,6.547191363387114e-05,6.383540345914935e-05,7.39430754334162e-05
404.0,0.3843000427325932,0.006253350145243575,0.002424445928612594,0.001507274572387869,6.548170763771168e-05,6.383034378043992e-05,7.391081762095297e-05
405.0,0.3847998312724095,0.006328580155705353,0.002426047364509237,0.001503539580854957,6.547577752132073e-05,6.381241311539825e-05,7.385917309663391e-05
406.0,0.3852292979911738,0.006335765574547062,0.002426443569475052,0.001499835178109753,6.549068383686578e-05,6.380852314642356e-05,7.380577795702588e-05
407.0,0.385686196755861,0.006354642472963303,0.002426547040073906,0.001496171780602746,6.549480512058807e-05,6.380260821814478e-05,7.37287631846017e-05
408.0,0.3859800376019334,0.006370433253617841,0.00242739904916073,0.001492496209576519,6.551745930258716e-05,6.38192962931571e-05,7.3680977300124e-05
409.0,0.3870059541105766,0.006347215506621927,0.002426214424007503,0.001488823764255938,6.555154374923856e-05,6.38164543702889e-05,7.361923708290256e-05
410.0,0.3878620814404325,0.006354688057665514,0.002426224969118664,0.001485191479029551,6.559805624226527e-05,6.381164844240508e-05,7.354609405655148e-05
411.0,0.3888667602302699,0.006351116626089625,0.0024257911186215,0.001481568791188082,6.564125868497903e-05,6.381610505446895e-05,7.346871743547153e-05
412.0,0.3893877510286985,0.006357837893328387,0.002425085174263826,0.001477984006136852,6.56660724220586e-05,6.382553130664285e-05,7.339610753160004e-05
413.0,0.3903453960826879,0.006364716097403119,0.002424375780881173,0.00147443042189475,6.569139364149214e-05,6.385063009696257e-05,7.330004373469815e-05
414.0,0.390606668244344,0.00635468513816098,0.002423373768831238,0.001470888372292482,6.571431403823234e-05,6.385199760258207e-05,7.318843186880034e-05
415.0,0.3908006805991882,0.006346066394596438,0.002422560912097714,0.00146736086469468,6.575104415981281e-05,6.386569266479114e-05,7.307872141902515e-05
416.0,0.3914208108607458,0.006356040480461063,0.002421644874234353,0.001463850371371774,6.578270719915908e-05,6.387910186832191e-05,7.296752109552439e-05
417.0,0.3918759231578721,0.006322052053747542,0.002420327115471721,0.001460352707289077,6.580154132947573e-05,6.388232655422246e-05,7.283731981930303e-05
418.0,0.3921084853026981,0.006354983846990341,0.002420231990388075,0.001456870185177925,6.581951710451126e-05,6.389308167744105e-05,7.270768917459321e-05
419.0,0.3926063130233743,0.006367729096636737,0.002419859268083727,0.001453388779570059,6.584837402461782e-05,6.390447420145439e-05,7.257189691721752e-05
420.0,0.3925951326454669,0.006314060285081354,0.002417975499245806,0.001449954151793129,6.587683023823361e-05,6.390852106650513e-05,7.244089257647865e-05
421.0,0.3926190932706118,0.006296790677562002,0.002416768329510066,0.001446532375105807,6.590137277877648e-05,6.393037171636277e-05,7.230678720608474e-05
422.0,0.3928887710314415,0.006271385298485727,0.002415736939669254,0.001443100670238738,6.592572543765124e-05,6.394778415817099e-05,7.215862079595607e-05
423.0,0.3927072450767979,0.006278287340921757,0.002415091645157967,0.001439674644857493,6.597006985772572e-05,6.396512580050966e-05,7.202137454975957e-05
424.0,0.3923893536716117,0.006249575808983491,0.002414350451743544,0.001436259534287281,6.600448077523485e-05,6.3955766964817e-05,7.185478720249707e-05
425.0,0.3917950905976476,0.006226427607378392,0.002413590448497229,0.001432852932139799,6.602984867173007e-05,6.394757536293475e-05,7.167475771904374e-05
426.0,0.3912737301087931,0.006279683695996475,0.002414400581472577,0.00142946975599487,6.603447765244673e-05,6.394637126068387e-05,7.150533500027786e-05
427.0,0.390959760298518,0.006277191495754783,0.002414549570958842,0.001426123340438004,6.606215705506063e-05,6.394574691270306e-05,7.133640125745975e-05
428.0,0.3904237699515126,0.006236267838363543,0.002413904312045956,0.001422789710780751,6.60847787526843e-05,6.393278387144613e-05,7.117944060625574e-05
429.0,0.3901545955654083,0.006229082514231446,0.002413946526949808,0.001419488638504047,6.612558122792225e-05,6.391590223528074e-05,7.098445584320826e-05
430.0,0.3898224952360579,0.006231988265221251,0.002413897431800518,0.001416210888923686,6.616748505786268e-05,6.39016721579911e-05,7.081581436839916e-05
431.0,0.389410384159562,0.006248171991568233,0.002414277505256471,0.001412987277009025,6.622393177794374e-05,6.390199476594081e-05,7.065542349981317e-05
432.0,0.3890736662668514,0.006210681491426605,0.002413416573095739,0.001409783733639876,6.625737394676575e-05,6.387936839334667e-05,7.045522185755872e-05
433.0,0.3886717127624759,0.006209562350251597,0.002412622177423967,0.001406591066787461,6.628807663354313e-05,6.38480718256455e-05,7.027365219232248e-05
434.0,0.3885538515549525,0.006223904768657098,0.002412651947465577,0.001403396339281029,6.630722418958325e-05,6.381677172733305e-05,7.01007264818702e-05
435.0,0.3885737959806385,0.006215395313084296,0.002412205766002216,0.001400210639573493,6.634080813168355e-05,6.381108367530696e-05,6.991885536281032e-05
436.0,0.3882127568842748,0.00621586635895337,0.002411423083459053,0.001397023060479034,6.638478664968568e-05,6.378862858684561e-05,6.97471741996516e-05
437.0,0.3881878763391362,0.006223072136701109,0.002410694196408497,0.001393851591958604,6.642716771734554e-05,6.374196397283957e-05,6.955971054090602e-05
438.0,0.3880492245645699,0.00620173529633708,0.002409528718677844,0.001390698999263394,6.647864757346892e-05,6.370444761840359e-05,6.938524102058069e-05
439.0,0.3878692866253903,0.006169042153266153,0.002408666550392017,0.001387585471917041,6.649426510208589e-05,6.366357027708516e-05,6.918747098077969e-05
440.0,0.387729156815408,0.006194277491673169,0.002407965541123704,0.001384487141774512,6.651398828166441e-05,6.362964549523243e-05,6.900771132048531e-05
441.0,0.3879504126482041,0.006169252940231725,0.002406148932807222,0.001381391064902637,6.655914083595082e-05,6.358280228823844e-05,6.882176143967796e-05
442.0,0.3876777801916041,0.006162855315782944,0.002404919826055956,0.0013782742355679,6.660047141136384e-05,6.352830426661809e-05,6.865092626542629e-05
443.0,0.3872127338389304,0.006153115467661128,0.00240334399058107,0.001375169992226365,6.662439122703631e-05,6.347969607405445e-05,6.844055400105814e-05
444.0,0.38717871681463,0.006155813627299569,0.002402034734183399,0.001372088648748999,6.663487283427006e-05,6.34258662185755e-05,6.825201924198597e-05
445.0,0.3872431997447617,0.006166606737032141,0.00240049953002146,0.00136903797807558,6.667125874795407e-05,6.335090097117234e-05,6.80772067239712e-05
446.0,0.3869598588625653,0.006184997431681784,0.00239891537735151,0.001366011202153677,6.668844591648669e-05,6.329643445636242e-05,6.787956735063543e-05
447.0,0.3868377378304477,0.006161061712738493,0.00239637390062305,0.001363002058605781,6.668841789758645e-05,6.323362481709959e-05,6.768108883363956e-05
448.0,0.3863532048394301,0.006179619755141643,0.002395268411019339,0.001360005623272156,6.66856066873258e-05,6.317160209952762e-05,6.748328757352889e-05
449.0,0.3860809800986619,0.006122960931165801,0.002392145975571409,0.001357033912471712,6.668285387473208e-05,6.310967089337752e-05,6.7302930480184e-05
450.0,0.3860986832044362,0.006132430308673023,0.00239057867011988,0.001354032649245397,6.667441647022677e-05,6.306043860176281e-05,6.713463224914248e-05
451.0,0.3861283151074236,0.006135845817161304,0.002388469433307787,0.001351048684485106,6.666922159482464e-05,6.300573759371386e-05,6.694067675577846e-05
452.0,0.3862401977749052,0.006157117709703448,0.002386787346767626,0.001348091227464444,6.666819110489663e-05,6.293498941124204e-05,6.675965872941227e-05
453.0,0.3860659909568449,0.006147162883085729,0.002384101751766421,0.001345150391291006,6.66455175789741e-05,6.287665813231895e-05,6.656776705184281e-05
454.0,0.3856207377502621,0.006110329835443906,0.002381832736612877,0.001342228535034957,6.662320033472518e-05,6.28249491888229e-05,6.637876965983777e-05
455.0,0.3859064500460619,0.006139013906803911,0.002379761270455445,0.001339330379208388,6.659229324906075e-05,6.277242174252534e-05,6.619180717266388e-05
456.0,0.3860366512310553,0.00612420536082149,0.002377465244574679,0.001336431827729398,6.655614398587948e-05,6.270632160299421e-05,6.598999247855558e-05
457.0,0.3859777542067211,0.006070709392433452,0.002374171645241234,0.001333537048993048,6.650065895954175e-05,6.265662765099278e-05,6.582336294973572e-05
458.0,0.3860917089397602,0.006077919929961957,0.002371993811191252,0.001330652255945312,6.647264085247536e-05,6.261842772209514e-05,6.565994655601378e-05
459.0,0.385611246845698,0.006046218045531452,0.002369300527547282,0.001327771658374591,6.644225548601145e-05,6.258118486005656e-05,6.547360100957277e-05
460.0,0.3853473139664862,0.006019551068811331,0.002366263930698791,0.001324902564220938,6.638950019169555e-05,6.25297710183439e-05,6.529004252646136e-05
461.0,0.3852044528059861,0.006033539082209189,0.002364425415439122,0.001322051763298726,6.633963182010641e-05,6.248823689373083e-05,6.512215495522503e-05
462.0,0.3854594402241717,0.006020495772524014,0.002362027282526929,0.00131922821264991,6.629558556975794e-05,6.242413511010736e-05,6.495198358185794e-05
463.0,0.3854946785417153,0.005984048771394011,0.002359554954770952,0.001316420692638223,6.620682234975273e-05,6.237120330035244e-05,6.477044415532648e-05
464.0,0.3852153111710835,0.006021876023213006,0.00235771722808624,0.001313620851224218,6.611608602129278e-05,6.23121640481702e-05,6.460301179737626e-05
465.0,0.3850844807511641,0.006022079480463565,0.002355210407055838,0.00131083218645755,6.602550101600381e-05,6.224557541915937e-05,6.441394530762108e-05
466.0,0.3846888021430473,0.006024317461713126,0.002352950585170697,0.001308052985566918,6.593111314731726e-05,6.219744430852213e-05,6.426559682081352e-05
467.0,0.3846495356155207,0.005989550394433226,0.002349533920048164,0.00130529951136775,6.583826867948132e-05,6.215698403301289e-05,6.409758817131858e-05
468.0,0.3844082253262263,0.005991950527923687,0.002347211999164345,0.001302538079789794,6.575139909264182e-05,6.21057479058493e-05,6.392223490890076e-05
469.0,0.3842379531652562,0.005974571990581434,0.002343445790984474,0.001299793219439775,6.565615472274174e-05,6.203649898575795e-05,6.373957946864213e-05
470.0,0.3842720865124713,0.005943103182413503,0.002339939173716296,0.001297053211198291,6.556452679552677e-05,6.197976644852952e-05,6.357042671542913e-05
471.0,0.3840611447285882,0.005915486599027507,0.002336499016005488,0.001294326473457403,6.545868232298339e-05,6.192944685852866e-05,6.34087460090503e-05
472.0,0.384060192967388,0.005938126999196545,0.002333394720942025,0.001291609086529543,6.535405414077774e-05,6.187990841021094e-05,6.327321029928636e-05
473.0,0.383958403270652,0.005927608657757632,0.002329751287263337,0.001288902814064159,6.523398452745405e-05,6.183218377907746e-05,6.311544948523127e-05
474.0,0.3837952580256269,0.005932478164275112,0.002326383051241129,0.001286202910706138,6.510987776271218e-05,6.176546553556224e-05,6.297838455326555e-05
475.0,0.383493403896521,0.005931223322428298,0.002322615957496468,0.001283511102189655,6.497046463347937e-05,6.169658605245116e-05,6.281742638612013e-05
476.0,0.3831698773258025,0.005899924697918273,0.00231815453901703,0.001280834058353655,6.483141100494579e-05,6.163331036585691e-05,6.26415952172247e-05
477.0,0.3827966965794657,0.0058442944526752,0.002313552084391473,0.001278177785260913,6.468607190339949e-05,6.158742607417192e-05,6.248734195839174e-05
478.0,0.3827250346650384,0.005837667900995434,0.002309684640639567,0.001275541039341477,6.454093257119011e-05,6.154533645206771e-05,6.235906037018996e-05
479.0,0.3827603619744189,0.005806699001328228,0.002304967781626401,0.001272912775177036,6.439855129321521e-05,6.149173374938735e-05,6.222314865972673e-05
480.0,0.3827570239529026,0.005802510704268246,0.002301192984980233,0.00127028908903691,6.425699675799724e-05,6.144175339459761e-05,6.208061346576557e-05
481.0,0.3826089035415985,0.005830288624450561,0.002297861781277609,0.001267674350164289,6.411563517868811e-05,6.139307789638285e-05,6.196015763001913e-05
482.0,0.3833643864072805,0.005796175981453429,0.002293221848115936,0.001265067222070956,6.398287467853817e-05,6.134681458064249e-05,6.181250520268155e-05
483.0,0.3831163647002026,0.005766801615194423,0.002289071767926648,0.00126247659883017,6.382949480838097e-05,6.130467863815694e-05,6.168739907212887e-05
484.0,0.3828663416551454,0.005784153764336664,0.00228541478504083,0.001259899580979579,6.36916891118641e-05,6.125694764835242e-05,6.158789863267515e-05
485.0,0.3828709697737218,0.0057640765663014,0.002280903424508825,0.001257340090626441,6.354887839258342e-05,6.117689864451481e-05,6.14558367229751e-05
486.0,0.3825058829191333,0.005762026161404747,0.002276731832154509,0.001254803913547276,6.339611579105613e-05,6.112705385236743e-05,6.134391692743335e-05
487.0,0.3823568723049502,0.00571636232843883,0.002272304804298881,0.001252282249663204,6.325175690868394e-05,6.106503115619087e-05,6.123535376495307e-05
488.0,0.3820948930782263,0.00570739058249225,0.002268199917461228,0.001249763870026271,6.309986836003968e-05,6.102010154155928e-05,6.111550833463999e-05
489.0,0.3820363548248418,0.00569210205011282,0.002264071326535078,0.001247261356593818,6.294835860189386e-05,6.09707129283291e-05,6.101621355375271e-05
490.0,0.3819621271228068,0.005681004077955172,0.002259869541061897,0.001244779895851146,6.27941546400051e-05,6.089868219274443e-05,6.090644823170267e-05
491.0,0.3820249518557013,0.005620756992740285,0.002254727305981357,0.001242312315700461,6.263306642885945e-05,6.083549780942448e-05,6.078917477540174e-05
492.0,0.3821263797261825,0.005612656890614287,0.002251271211772368,0.001239851016655752,6.249080116013622e-05,6.078870278042135e-05,6.070085501223093e-05
493.0,0.3822705693214524,0.005648976966185375,0.002247851566303824,0.001237402357232592,6.233860864504494e-05,6.072177695364663e-05,6.062315495152534e-05
494.0,0.3820919667356248,0.005575898186207242,0.002242724904564578,0.001234965374509911,6.21909412598849e-05,6.064436543785538e-05,6.052306841412858e-05
495.0,0.3820807829899348,0.005591023140279558,0.002239300163777398,0.001232536826082543,6.205404257208443e-05,6.057762692576298e-05,6.042590112661843e-05
496.0,0.3819778550920329,0.005592439708637864,0.002235062716636467,0.00123012033777047,6.189994848088008e-05,6.051717940976e-05,6.031827183725336e-05
497.0,0.3820687186916271,0.005556323510347774,0.002230188011331282,0.001227709396553209,6.175653892363293e-05,6.044038594018839e-05,6.022972933848414e-05
498.0,0.3822723602415583,0.005558940559437185,0.002226111048346574,0.001225300152717956,6.160903705835992e-05,6.037730175466723e-05,6.015900034157502e-05
499.0,0.382078106586379,0.005537473683904916,0.002221319321501515,0.001222904381574506,6.147035517289373e-05,6.029204720049591e-05,6.008618797208726e-05
500.0,0.3822181965750007,0.005511771675536443,0.002216358700346687,0.001220514331333293,6.132841892292823e-05,6.023123097579727e-05,6.001586674144016e-05
501.0,0.3821128029224984,0.005456905372446984,0.002211094605475181,0.001218133695511771,6.118662582100425e-05,6.017234074271326e-05,5.99538985638725e-05
502.0,0.3820053957024999,0.005463603854994946,0.002206825235655428,0.001215751169172444,6.105771350062414e-05,6.009483469378796e-05,5.988680967133221e-05
503.0,0.3822063928114011,0.005499814991715062,0.002203134195195208,0.001213350727297874,6.092911603575423e-05,6.001007529777569e-05,5.98194728120251e-05
504.0,0.3824563795937201,0.005481337579214546,0.002198902334478853,0.001210958370750905,6.079144562838516e-05,5.993110067069325e-05,5.975591461246415e-05
505.0,0.3824008250882483,0.005461906823888498,0.002194471330323839,0.001208567099514969,6.063920878258669e-05,5.985275151684705e-05,5.969577452651161e-05
506.0,0.3821533118580576,0.005409037003972213,0.002189367384275566,0.00120619034276892,6.049592279534575e-05,5.977663346692622e-05,5.965231768045538e-05
507.0,0.3826073978934511,0.00540864110614026,0.002184571522763468,0.001203810141221313,6.038251169299567e-05,5.969723794902568e-05,5.960931019466627e-05
508.0,0.3824644549290058,0.005395423801887001,0.002179921667439467,0.001201429817429424,6.024491807801121e-05,5.962214311950327e-05,5.955031828292663e-05
509.0,0.3824383781831243,0.005381400952439706,0.002175711333891932,0.001199053542774788,6.012348362996896e-05,5.953746657822583e-05,5.951203372304314e-05
510.0,0.3825804440201767,0.005343802318612175,0.002170672748323881,0.001196696259463418,5.998950620035203e-05,5.944439523099415e-05,5.945863772239881e-05
511.0,0.3827144783432174,0.005360983749386544,0.002167068206371563,0.001194355528898642,5.986664357112777e-05,5.936152405820376e-05,5.941356379955981e-05
512.0,0.3825576152681169,0.005368428013179407,0.002163136109460139,0.001192028640689248,5.973909222778745e-05,5.92684586401757e-05,5.936586940455882e-05
513.0,0.3821828338962426,0.005310730147392003,0.00215771194452036,0.001189715062949643,5.960246740428345e-05,5.917488537641572e-05,5.930666005474203e-05
514.0,0.3822220013036411,0.005303068616865007,0.002154101338798715,0.001187406185880153,5.947097360909832e-05,5.909264991620719e-05,5.92607477289739e-05
515.0,0.3819259658350403,0.005313285455833474,0.00214961755142618,0.001185102103042717,5.933560081860654e-05,5.900151956557735e-05,5.92094003640259e-05
516.0,0.3821640878322204,0.005289617704777684,0.002144799140225997,0.001182801084747329,5.92049005311109e-05,5.891344843289833e-05,5.916227238912401e-05
517.0,0.3819947782233083,0.005293981628324649,0.002141118187049723,0.001180509479653009,5.909679696704771e-05,5.881493197500976e-05,5.911276835054843e-05
518.0,0.381983863796651,0.005297423707071451,0.002137412069155411,0.001178221863209005,5.900024021387218e-05,5.871504723254436e-05,5.906133327377944e-05
519.0,0.3819790281107923,0.005238064112307498,0.002132161071238496,0.001175945810273986,5.888676477897695e-05,5.862393190604622e-05,5.89996519690373e-05
520.0,0.3817194757412717,0.005217770020214495,0.002128328246055163,0.001173671891731254,5.876220351974235e-05,5.853579669819349e-05,5.895046785919264e-05
521.0,0.3814739159170118,0.005219209163759378,0.002124605583350837,0.001171397544833466,5.864526844644581e-05,5.844428902732037e-05,5.891730928495365e-05
522.0,0.3813471130212877,0.005162473507136132,0.00211991867279678,0.001169132748575811,5.852939088135503e-05,5.835565641705419e-05,5.886942219650966e-05
523.0,0.3811543603835053,0.005195669604894113,0.002115929144662446,0.001166879739838143,5.841879232737412e-05,5.826435534882665e-05,5.881804482792577e-05
524.0,0.3807889304414903,0.005221416569075914,0.002112126983469197,0.001164632799200578,5.831531167192729e-05,5.816491149569331e-05,5.87598105364851e-05
525.0,0.3808477352374217,0.00521219179081958,0.00210798501822086,0.001162402080898412,5.821410303211667e-05,5.80727176717543e-05,5.870445667541529e-05
526.0,0.3804790559035939,0.005196653185849466,0.00210394538752529,0.001160182900247183,5.81043528849202e-05,5.796850421484359e-05,5.864765384129289e-05
527.0,0.3799907343856528,0.005167328316032701,0.002099217494671281,0.001157970538059038,5.799876873087487e-05,5.788171091870552e-05,5.860014228827613e-05
528.0,0.3798587472185521,0.005165228702273685,0.002095235135100227,0.001155762647803091,5.791429343179031e-05,5.779252771073524e-05,5.855826435077419e-05
529.0,0.380002642945841,0.005125771048648971,0.002090329719350864,0.001153572903832025,5.782375739446562e-05,5.769313203222833e-05,5.850228742807263e-05
530.0,0.3800612139404277,0.005099775115294304,0.002086245172777164,0.001151404037378807,5.773604661314743e-05,5.76107953764046e-05,5.844746885756867e-05
531.0,0.3801403822437672,0.005083447411513518,0.002081823940709652,0.001149253414304264,5.764930843713636e-05,5.751106170876143e-05,5.84058213390298e-05
532.0,0.3802859696021841,0.005120677170718051,0.002078070135675344,0.001147124006195427,5.757300718083667e-05,5.743320360196405e-05,5.836185555657824e-05
533.0,0.3801033875949465,0.005144535723399248,0.002073562337136167,0.001145011871970644,5.749146094038533e-05,5.734835746762863e-05,5.831169668867025e-05
534.0,0.37937151460254,0.005172513581521317,0.002069486655347774,0.001142918571072602,5.740253621075668e-05,5.725379843344736e-05,5.826910647091524e-05
535.0,0.3793468896840769,0.005193833336876416,0.002066087001721111,0.001140825589700216,5.731401294146059e-05,5.716733962079587e-05,5.821840865908938e-05
536.0,0.3790250222072777,0.005116120256605675,0.002059920969021215,0.001138723201170917,5.722504211550244e-05,5.707957353576767e-05,5.817841823764574e-05
537.0,0.3792462675569489,0.005117685499975785,0.002056271979306933,0.001136640605940356,5.714829969859478e-05,5.701312812486485e-05,5.81447488195171e-05
538.0,0.3792425108554027,0.00519319868172905,0.002053191163475587,0.001134561717343668,5.708344559780799e-05,5.692835981870359e-05,5.810725175594313e-05
539.0,0.3791862596796135,0.005187336125098898,0.002049678686107189,0.001132476964043435,5.701547721677536e-05,5.683218410209714e-05,5.805621958388073e-05
540.0,0.3790468008914292,0.005096267835619056,0.002044842484056486,0.001130414999994225,5.693764231697962e-05,5.675608205616785e-05,5.800214061891512e-05
541.0,0.3792553466767415,0.005098710920665069,0.002040769771946496,0.001128363315582865,5.685066529875724e-05,5.668581563997948e-05,5.796119987808479e-05
542.0,0.3787712914824327,0.005122914312471757,0.002037070696496443,0.001126305946880987,5.67785958826619e-05,5.661160544233999e-05,5.791588060127339e-05
543.0,0.3785416124003967,0.005095498004267468,0.002032869199787955,0.001124237262377488,5.671735602637917e-05,5.653391205697931e-05,5.785900410512077e-05
544.0,0.3782401245920672,0.005065372471190629,0.002029139721106321,0.001122182741798456,5.666530643834329e-05,5.646240435828909e-05,5.78073011830988e-05
545.0,0.3782211737866403,0.005072073536679321,0.002025356890687901,0.001120134320205947,5.661714014404005e-05,5.639662849208024e-05,5.77603651054445e-05
546.0,0.3780392286953807,0.005047628637991,0.002021085753480241,0.001118103227736074,5.655807564756641e-05,5.633488143313663e-05,5.770898850588274e-05
547.0,0.3780661335738732,0.005068374988359603,0.002018046606613378,0.00111607404035226,5.651552788048593e-05,5.627047124531711e-05,5.767567311454231e-05
548.0,0.3780764647008295,0.005093232166797545,0.002015318175096983,0.001114069395319499,5.647449079790433e-05,5.621288841763072e-05,5.76384137859809e-05
549.0,0.3782446005646846,0.005027457189358106,0.002010994054300946,0.001112073734990909,5.64287169444706e-05,5.615187639733318e-05,5.759191336765724e-05
550.0,0.3783988957277557,0.005096354705318408,0.002008132895472459,0.001110091624583319,5.63922125643311e-05,5.609996544103959e-05,5.754703369845531e-05
551.0,0.3786868354567681,0.005030629857383056,0.002004290020460478,0.001108109767838024,5.634591564179233e-05,5.604027844669312e-05,5.750199910093828e-05
552.0,0.3782058469296641,0.0050373827470881,0.002000666940010144,0.001106159688285081,5.630174606392883e-05,5.599245333378554e-05,5.746349275945481e-05
553.0,0.3789444193987949,0.005055547885073769,0.001997966228699738,0.001104207835188163,5.626208640962441e-05,5.594765811343643e-05,5.741381488303686e-05
554.0,0.3784255593364376,0.005031793358579791,0.001995132119865932,0.001102253453834619,5.622038908807267e-05,5.590386510215707e-05,5.737250839920292e-05
555.0,0.3782430653474855,0.004999134829671655,0.001991865593963764,0.001100299968065361,5.61658022374688e-05,5.585643958271799e-05,5.730464709109588e-05
556.0,0.3783664502548711,0.005003129476369496,0.00198913359875876,0.001098352764436652,5.613289342167497e-05,5.581508065737121e-05,5.725844270501546e-05
557.0,0.3788074987859128,0.005020270292964079,0.001986702571140713,0.001096428091634283,5.609358472380931e-05,5.578034856751749e-05,5.721214505542766e-05
558.0,0.3789742470879571,0.004993488651205048,0.001983465790856725,0.001094527074921609,5.606373712508424e-05,5.573307873697374e-05,5.715570863445858e-05
559.0,0.379391743408038,0.005028472654893023,0.001981024318283123,0.00109262058950425,5.604617272989156e-05,5.569317862682733e-05,5.71112228578254e-05
560.0,0.3793597946483733,0.00502556103148718,0.001978567794086281,0.001090732420625649,5.602092158689521e-05,5.566159542899393e-05,5.706498201802218e-05
561.0,0.3794414332868748,0.004990966203756332,0.001975141922849498,0.001088857251496607,5.599064955347239e-05,5.561563996647149e-05,5.70129884271614e-05
562.0,0.3795219679788417,0.005058727317444338,0.001973042627284148,0.001086990140283657,5.596948902799967e-05,5.556986757251013e-05,5.695144339212863e-05
563.0,0.3795174994485683,0.005054563999757514,0.001970288377258188,0.001085132377768401,5.595304993802524e-05,5.553688483376269e-05,5.689588973680184e-05
564.0,0.3795579663278227,0.004991258963182446,0.001966924141346122,0.001083294188451283,5.59345372067972e-05,5.549875062883883e-05,5.683397042401147e-05
565.0,0.3796403355102019,0.005067318061707883,0.00196494327333826,0.001081467070042448,5.590511738204112e-05,5.546239436142053e-05,5.676224960894486e-05
566.0,0.379458553646733,0.004992188159577669,0.001961427579688907,0.001079650106415366,5.586362124455612e-05,5.54258388385604e-05,5.667385289388354e-05
567.0,0.3795839368524767,0.004994690767692089,0.001958428817647756,0.001077836448110364,5.584953945170338e-05,5.539235126723329e-05,5.660471397503756e-05
568.0,0.3794985692890842,0.004983873675141704,0.001955315134221485,0.001076029542359684,5.583042080270504e-05,5.535747673077136e-05,5.652598206398281e-05
569.0,0.3796260093887797,0.005027367684794299,0.00195322542856951,0.00107423767064673,5.581181949177873e-05,5.533016767079917e-05,5.646179703365214e-05
570.0,0.3799643326371543,0.004978709568694672,0.001949672290590861,0.001072453563102439,5.577542662334954e-05,5.529205962157662e-05,5.638845507804139e-05
571.0,0.3801341229271926,0.005051803489876928,0.001947316126200737,0.001070676465281668,5.577166509914834e-05,5.527683005445801e-05,5.632490309514348e-05
572.0,0.3801843229215352,0.004986437584738922,0.001943975685196149,0.001068907946731134,5.5765600654253e-05,5.523493351606896e-05,5.624747105264223e-05
573.0,0.3801337094974894,0.00493099102250453,0.001940197028326875,0.001067097950921562,5.573971777185431e-05,5.519611598638581e-05,5.615373454913214e-05
574.0,0.3804033574929766,0.004985601367872831,0.001938175467162619,0.001065305624144017,5.573004766946952e-05,5.517803664488227e-05,5.607666093346493e-05
575.0,0.3804769386823411,0.004979395365414801,0.001935605317113843,0.001063514827001868,5.572646407166721e-05,5.513749276584675e-05,5.599543662143118e-05
576.0,0.3809601195535344,0.004985122607937562,0.001933342805114732,0.00106173845556407,5.572241605521089e-05,5.509796103425773e-05,5.591933715875464e-05
577.0,0.3809033751612806,0.005052922175971294,0.001930923220804409,0.001059979386891037,5.571618405901711e-05,5.505066882650368e-05,5.582119023965913e-05
578.0,0.3810583219220294,0.004973389962777378,0.001927090863828569,0.001058219643773091,5.570779555806253e-05,5.502457917828934e-05,5.571780614620958e-05
579.0,0.3805737570129032,0.004901486050105056,0.001923510476020546,0.001056477152117011,5.569212252243776e-05,5.498554314752848e-05,5.561303754101272e-05
580.0,0.3804815029881052,0.004934195262295603,0.001920096747247425,0.001054739904583963,5.567939875824057e-05,5.494255591957873e-05,5.551026197691389e-05
581.0,0.3809336824397838,0.005018337094339912,0.001918948598842986,0.001053011351094816,5.567964715315047e-05,5.490747873399381e-05,5.542353382583927e-05
582.0,0.3810905616516441,0.005035219198642396,0.00191517474187708,0.001051292880005502,5.568403712182558e-05,5.486741401021886e-05,5.533940402492936e-05
583.0,0.3811391320514111,0.005059288645886962,0.001912125294764965,0.001049573960616935,5.568900977805592e-05,5.483277787134819e-05,5.523220407857313e-05
584.0,0.3807792538157705,0.004933170800726303,0.001908291710314961,0.001047859745060001,5.567970435213692e-05,5.479882320230213e-05,5.512981477389957e-05
585.0,0.3804567265218868,0.004998763701060318,0.001905337570804721,0.001046166994389805,5.56840066966349e-05,5.475185785612004e-05,5.503613426028774e-05
586.0,0.3807384853078367,0.004958490872359998,0.00190055476755589,0.001044477123347242,5.568234136319428e-05,5.471563720930373e-05,5.491930096010914e-05
587.0,0.3805996179583759,0.004934502230480084,0.001897894791042016,0.001042794985521805,5.569491187086529e-05,5.46810899117419e-05,5.48234152960555e-05
588.0,0.3805689333570387,0.004897566596771787,0.001893232888822599,0.001041121156515004,5.569717436025878e-05,5.465354046151083e-05,5.472966221213553e-05
589.0,0.3803697896565311,0.004954809416973765,0.001889661123685621,0.001039454309350361,5.570519365841372e-05,5.460977061324501e-05,5.463120612321248e-05
590.0,0.3802937034159958,0.004944689778138443,0.001886028954771991,0.001037801584654734,5.570826728383331e-05,5.456393344525273e-05,5.454794314102125e-05
591.0,0.379907360606122,0.004843867754795725,0.001880973177328248,0.001036152896649385,5.571481739898054e-05,5.450794817311204e-05,5.444621105171626e-05
592.0,0.3799036085263531,0.004872727244048415,0.001877423406249721,0.001034525339153784,5.572391190095141e-05,5.446114331085734e-05,5.434516595355278e-05
593.0,0.3800352762374914,0.00483326570470877,0.001873382896116788,0.001032898918693008,5.571714400594072e-05,5.44212077887277e-05,5.425745603740874e-05
594.0,0.3798778127414792,0.004815484888260001,0.001868256795638826,0.001031294929992948,5.571775081124976e-05,5.438452038467318e-05,5.416034235540858e-05
595.0,0.3799243362913356,0.004860382163022599,0.001864337996594266,0.001029681852713943,5.571324088636335e-05,5.435211495631583e-05,5.406545436398568e-05
596.0,0.3798446718100372,0.004933336488964572,0.001861962037480021,0.001028089560789498,5.571968988063205e-05,5.432246442494754e-05,5.39734978786721e-05
597.0,0.3799119316778772,0.004917840429481257,0.001856439314471248,0.001026508025842668,5.572159368339454e-05,5.427995286504593e-05,5.390693038518771e-05
598.0,0.3801449530582098,0.004880589192871669,0.001851665172923083,0.001024934354942613,5.571331420660066e-05,5.424844682259609e-05,5.382952053605479e-05
599.0,0.3803050125923937,0.004839879566351164,0.001847580566574129,0.001023355908834985,5.569671598447703e-05,5.420832187716256e-05,5.375214750662112e-05
600.0,0.3803999399378292,0.004838481339449415,0.001843208636957011,0.001021789360797966,5.567536274616816e-05,5.4168457539198e-05,5.368497674117316e-05
601.0,0.3804907199433067,0.004821956905212337,0.00183861754675112,0.001020214518338477,5.56707039248883e-05,5.414379589748134e-05,5.361682803446822e-05
602.0,0.3809034540168934,0.004873221093112303,0.001835469479912081,0.001018654796109632,5.566487642288565e-05,5.412764116429838e-05,5.355084259414838e-05
603.0,0.3808668793942374,0.004851778568450426,0.001831117551667178,0.001017099904199183,5.563767904708607e-05,5.409558932396513e-05,5.346780069493208e-05
604.0,0.3808174460477141,0.004843465762209849,0.001825850502454525,0.001015552537280446,5.561916833833764e-05,5.406645391513754e-05,5.338961609639371e-05
605.0,0.3809990297432002,0.004841111500812099,0.001822532432340497,0.001013991754553686,5.560194689427024e-05,5.404496122312751e-05,5.33310691867594e-05
606.0,0.380704072520656,0.004828017656933989,0.001818047841373326,0.00101243309683346,5.556332141279939e-05,5.401117389132607e-05,5.32696373059907e-05
607.0,0.3805274982489052,0.004866809685957637,0.001814801568009196,0.001010869046968126,5.553386414699339e-05,5.399582690037847e-05,5.320844361228805e-05
608.0,0.3806104526645114,0.004775753407030278,0.001810131255252942,0.00100931347438383,5.550337230411766e-05,5.396585792217722e-05,5.314745301475694e-05
609.0,0.3806874371786996,0.004807006041316888,0.001806028672813009,0.001007758757538343,5.547151812958534e-05,5.394545000863489e-05,5.309298131953622e-05
610.0,0.380717827232746,0.00481430376653082,0.001802677899588981,0.001006221774959792,5.542160428642241e-05,5.393052078906841e-05,5.303193113017847e-05
611.0,0.3806887210325215,0.004973919562446658,0.001800392496118358,0.001004681999966004,5.535474077558355e-05,5.391614357055628e-05,5.298224408726352e-05
612.0,0.3810332820865604,0.004924844026856506,0.00179669100722597,0.001003170565748209,5.52908991011661e-05,5.389478168194589e-05,5.293106717347244e-05
613.0,0.3812340825473122,0.004977448953849196,0.001793826154857929,0.001001647986291211,5.522794659250311e-05,5.388997864514367e-05,5.288577232359298e-05
614.0,0.3815336847287357,0.004988930206726648,0.00178990514353671,0.001000144276229759,5.517842591864059e-05,5.388483806704222e-05,5.284109088268213e-05
615.0,0.3816459221681056,0.004920341868475749,0.001785666279729914,0.0009986232225506907,5.512879072084598e-05,5.387953088614951e-05,5.280034856828492e-05
616.0,0.3813113899702046,0.004858338674556215,0.001781795497366466,0.0009971094979050919,5.506419707924845e-05,5.3873478150815e-05,5.274246545871053e-05
617.0,0.3813343475298537,0.005003595675355808,0.001779210909407671,0.0009955963223688173,5.500018915208765e-05,5.386879676801398e-05,5.269247621291467e-05
618.0,0.3814897890421617,0.00492375161408135,0.001774149381790363,0.0009940949258948474,5.493135852660816e-05,5.384985466543585e-05,5.262698495293994e-05
619.0,0.3816820223204375,0.004884276526728772,0.001771071965314765,0.0009925952926184494,5.486815793036207e-05,5.381617583584895e-05,5.25652225899097e-05
620.0,0.3817039645734824,0.00494428753400749,0.001767800516006198,0.000991111864153855,5.480279556043852e-05,5.379160016444016e-05,5.251125413377291e-05
621.0,0.3818713482556547,0.005016507398920508,0.001764801282306891,0.0009896203668672565,5.47299055115331e-05,5.379880176810745e-05,5.246004906870812e-05
622.0,0.3817237659368713,0.005015524272006976,0.001774291049759045,0.000988139192918801,5.463947165214099e-05,5.376523493188134e-05,5.239582146806066e-05
623.0,0.3813714390264903,0.00487853322335344,0.001766819277096477,0.000986655142893053,5.456272005573891e-05,5.375385525444862e-05,5.233908875483524e-05
624.0,0.3814601915112558,0.004963604803391606,0.001761462795138767,0.0009851755829014739,5.450955477749868e-05,5.373637224627224e-05,5.227989943202027e-05
625.0,0.3815508925762419,0.00493946507028744,0.001754798193200284,0.000983701826920991,5.444567683916069e-05,5.371664346200276e-05,5.221207480418853e-05
626.0,0.3817116801231614,0.004930429650984846,0.001749167241779959,0.000982239375216533,5.437069994573718e-05,5.371552127421592e-05,5.21654297575075e-05
627.0,0.3818223839072257,0.004970679766114741,0.001744920426154931,0.0009807744730585398,5.430300102800507e-05,5.370780608676043e-05,5.213084219322625e-05
628.0,0.3822514820798235,0.004950031935072042,0.001740241443967781,0.000979335827770905,5.424291257678369e-05,5.369299677806215e-05,5.210424135215586e-05
629.0,0.3823789094770123,0.005062250214357232,0.001736278988120633,0.0009778917411743357,5.416977604751772e-05,5.370123592196692e-05,5.206279858621367e-05
630.0,0.3821025104990188,0.005023901644903625,0.00174476602940752,0.0009764710707968252,5.409151429111938e-05,5.367973291851811e-05,5.199320964218712e-05
631.0,0.3823864496559702,0.005082106597153706,0.001738107905814855,0.0009750356491214095,5.401478854445291e-05,5.367090797768184e-05,5.194141632543043e-05
632.0,0.3826310971658665,0.005351789106534441,0.001747865694361257,0.000973612979085406,5.392106132419437e-05,5.365889135158527e-05,5.188151479704639e-05
633.0,0.3830273843057252,0.005214785563559883,0.001749396983214675,0.0009721738972773153,5.383041020474742e-05,5.363603380519143e-05,5.181772107336428e-05
634.0,0.3834606441496805,0.005250771091188323,0.001740402778090082,0.0009707474041967535,5.375550303407668e-05,5.361091875464767e-05,5.176851235541648e-05
635.0,0.3837129786097639,0.005235522570514006,0.001744946128771965,0.0009693160403256256,5.368280458588754e-05,5.357892842848157e-05,5.170423630032577e-05
636.0,0.3840874527566308,0.005195900517057879,0.001732296356768606,0.0009678871936937985,5.360177462594979e-05,5.35816608548698e-05,5.165719699955841e-05
637.0,0.3842219942847868,0.005177837930564187,0.001736246994724175,0.0009664511793682986,5.350259750668459e-05,5.355529374025023e-05,5.16144454727794e-05
638.0,0.3842275530948404,0.005231118535839986,0.001725831515516958,0.0009650232345426536,5.342876404604909e-05,5.353533088879303e-05,5.156147263259743e-05
639.0,0.3842816444930254,0.005390742475949247,0.001731744801249586,0.0009635833297841604,5.332575824613647e-05,5.351838378421645e-05,5.151508569940067e-05
640.0,0.3849040579149058,0.005339310650540635,0.001732976910964118,0.0009621650361330695,5.322133830649301e-05,5.35131529463545e-05,5.146520226033153e-05
641.0,0.3851328290393272,0.005356236767340574,0.001734096426465004,0.0009607271757022057,5.310653795074932e-05,5.347634547284589e-05,5.140630637549651e-05
642.0,0.3855949344158794,0.005310735815581336,0.001733379757029797,0.0009593068372040673,5.300274093551356e-05,5.344267361847657e-05,5.135731051714709e-05
643.0,0.3860054191298003,0.005386929187214096,0.001719608374257327,0.0009578913470641465,5.29250328185561e-05,5.342088669417903e-05,5.131226216135163e-05
644.0,0.3861096962161384,0.005290322026757521,0.001718571855802492,0.0009564993773818815,5.282396557396354e-05,5.338828795178102e-05,5.123500355743881e-05
645.0,0.3857555366901153,0.005240994977615604,0.001705113333807956,0.0009551009120884181,5.273436621856388e-05,5.33736802147099e-05,5.117879612049373e-05
646.0,0.3859804592576774,0.005270926763474379,0.001705799681948527,0.0009537205682359338,5.262020613673336e-05,5.334822152458027e-05,5.110973924114821e-05
647.0,0.3861956060594944,0.005239127093397221,0.001706535600728816,0.0009523198693168801,5.250023047119749e-05,5.330625095826414e-05,5.104210409534341e-05
648.0,0.3861974387779466,0.005228991744288989,0.001691122616364387,0.0009509416422250818,5.240177959379532e-05,5.329658151694152e-05,5.098941760645831e-05
649.0,0.3867400325714625,0.005185042033524435,0.001692252610446859,0.0009495407836366119,5.229080886517607e-05,5.328259764736133e-05,5.093859260674528e-05
650.0,0.3866354912218838,0.005233553288600721,0.001679266827468659,0.0009481647850396681,5.219302817148888e-05,5.327459033071594e-05,5.088837738797215e-05
651.0,0.3869110308354591,0.005054352212598846,0.001678494060156577,0.0009467715199034305,5.20764419823039e-05,5.325103262596186e-05,5.081996846369671e-05
652.0,0.3868113532899444,0.005157618026180058,0.001667337541648472,0.0009454061382287419,5.197657629467116e-05,5.324883524263997e-05,5.077096208812937e-05
653.0,0.3875041255100874,0.005189714677590242,0.001669052588083808,0.0009440249589034748,5.187624956462008e-05,5.324177299981462e-05,5.072061991238907e-05
654.0,0.3880131182952943,0.005315022002746918,0.001671332357838861,0.0009426898693840919,5.179469879470111e-05,5.321248567675861e-05,5.067684586281497e-05
655.0,0.3880692862796861,0.005439049229922997,0.001674614701062964,0.0009413517326687867,5.170549189391111e-05,5.31895078812075e-05,5.061999698858094e-05
656.0,0.3884618443645958,0.005313701390370863,0.001672389242539847,0.0009400423520421451,5.158973044925629e-05,5.317143341856023e-05,5.05572393548336e-05
657.0,0.3888472547409668,0.00545647132129381,0.001671940901285443,0.0009387414949942267,5.149856359392199e-05,5.314912637095607e-05,5.051473963904859e-05
658.0,0.3890911416792284,0.005305711517472733,0.001669052559527365,0.0009374776425834925,5.140550844949359e-05,5.312189084182351e-05,5.044208710732718e-05
659.0,0.3896352939068294,0.005280799261804396,0.001667612219932634,0.0009362089991853598,5.131154878682794e-05,5.311045312040942e-05,5.036807239687826e-05
660.0,0.3898912633174506,0.005215716336814436,0.001649434864002394,0.0009349718063469899,5.122691130038045e-05,5.308770322027642e-05,5.029807453653027e-05
661.0,0.38994625749175,0.005263973337847002,0.001651109285223328,0.0009337215540402157,5.114329178570865e-05,5.306690709320304e-05,5.022982223808124e-05
662.0,0.39006539819372,0.005169758558655446,0.001648556298880695,0.0009324950041265304,5.105126615460512e-05,5.304758780850937e-05,5.015127049755754e-05
663.0,0.389944053440185,0.005212596627228767,0.001634392249854579,0.0009312364599887516,5.098734458208471e-05,5.302780066359613e-05,5.010975389956267e-05
664.0,0.3902999425607648,0.005201949163871528,0.001635204835306352,0.0009299661166393627,5.091816125803647e-05,5.299065960509438e-05,5.003716667435588e-05
665.0,0.3907722726834007,0.005278292874124051,0.001634741065135871,0.0009286429375121307,5.08353791896138e-05,5.295604839689311e-05,4.997114563274629e-05
666.0,0.3905288868048231,0.005301976501861727,0.00163451855005841,0.0009273479965923221,5.075803082263219e-05,5.293155604362107e-05,4.991490856704822e-05
667.0,0.3906066191542593,0.0051588258344095,0.001631727054789,0.0009260318417173857,5.068026222644373e-05,5.291284030764475e-05,4.984561245293167e-05
668.0,0.3904107419849617,0.005063549049284092,0.00161524891519871,0.0009247433459213063,5.061464076164949e-05,5.28944975027641e-05,4.979661803948304e-05
669.0,0.3902763879776592,0.005062868598144595,0.001601356885649337,0.0009234434900766463,5.054289893714479e-05,5.287670784410412e-05,4.972366960178726e-05
670.0,0.3908962804340861,0.005025658426789613,0.00160274135793419,0.0009221668447883886,5.047530677384118e-05,5.285233905781506e-05,4.965165949053066e-05
671.0,0.3904776532653208,0.005149968039683411,0.001592397285752606,0.0009208968549624576,5.041951574660754e-05,5.283282631697236e-05,4.959767441691934e-05
672.0,0.3903173827821617,0.005041677131692433,0.001593356846491483,0.0009196406211641886,5.033891749073858e-05,5.279187567207381e-05,4.951905105776796e-05
673.0,0.3901650521298782,0.005181409975188289,0.001583394221229678,0.0009183574222181413,5.027664536707384e-05,5.276835222701529e-05,4.946021171623032e-05
674.0,0.3900436996807483,0.005116480356496177,0.001584474844882566,0.0009170906290339628,5.02022353477358e-05,5.273111698574627e-05,4.938001143915964e-05
675.0,0.3899234145078412,0.0052497991374194,0.001588380063687403,0.0009158262722537557,5.01360384535226e-05,5.268776541417686e-05,4.930913784110675e-05
676.0,0.3898706510776506,0.005208106543093202,0.001587952816634442,0.0009145906798036542,5.006314995446177e-05,5.265270927145605e-05,4.922769945275572e-05
677.0,0.3900557641129485,0.005145119635500277,0.001587169436038761,0.0009133566687554577,4.99936280608725e-05,5.260549145303903e-05,4.914662537058003e-05
678.0,0.3899641532582554,0.005070236448884647,0.001586015839248333,0.0009121358081659342,4.991890368959009e-05,5.257300485236075e-05,4.907000709999459e-05
679.0,0.3898996419251388,0.0050744268665533,0.001572100317103373,0.0009109056622520318,4.986150189764193e-05,5.255290225977341e-05,4.900909412498274e-05
680.0,0.3895064596314607,0.00512509169572265,0.001560805896209666,0.0009096974611530059,4.979842713585741e-05,5.253454437746164e-05,4.893790773065732e-05
681.0,0.3896157745195636,0.004948233877337459,0.001562518078760445,0.0009084719589653923,4.973242890648908e-05,5.249354928866352e-05,4.885897317154585e-05
682.0,0.3895437508779748,0.005095450956369797,0.001553725412445945,0.0009072589314965216,4.967723421719803e-05,5.247446703211851e-05,4.879804284253897e-05
683.0,0.3896277103492422,0.005353594836468761,0.001560695892817801,0.0009060367501100665,4.961013404707994e-05,5.244638389531936e-05,4.87308117228445e-05
684.0,0.3894303144472775,0.005383961137651553,0.001561590940170543,0.0009048157469662816,4.954766420569008e-05,5.242761751247696e-05,4.866170932940497e-05
685.0,0.389660310541346,0.00531837551818936,0.001562510752820773,0.0009035973400658124,4.94890336118176e-05,5.239681570221385e-05,4.85793724621654e-05
686.0,0.3900599931528829,0.005308245929042018,0.001563803938135855,0.0009023960302670855,4.94225590734164e-05,5.236674374427453e-05,4.851117315327437e-05
687.0,0.389837290015958,0.005172987313240614,0.001563648499863092,0.0009011817475451893,4.937602937991794e-05,5.234593192848652e-05,4.843660553491754e-05
688.0,0.3897396723761434,0.00504898881596369,0.001561308117069152,0.0008999751132971317,4.933901250469817e-05,5.231875051996293e-05,4.835825155405815e-05
689.0,0.3891407400590531,0.00505611498389013,0.001548282838114445,0.0008987650164258982,4.929543386952389e-05,5.228933612364435e-05,4.828161988006318e-05
690.0,0.3887580022617454,0.004933464862802778,0.001535106085655951,0.0008975541877884951,4.925086796962147e-05,5.225580839475917e-05,4.820431310497781e-05
691.0,0.3886277396481991,0.004798493873176366,0.001524611529915936,0.000896348704154858,4.922047957540595e-05,5.223193518489307e-05,4.812855052416138e-05
692.0,0.3879990635261004,0.004786834803353152,0.001516735680632942,0.000895127554995366,4.917524830431925e-05,5.219789814931497e-05,4.805509889412948e-05
693.0,0.38714029620513,0.004737079230831221,0.001507733742998645,0.0008939163950511277,4.914108557465293e-05,5.217352805431915e-05,4.797024055558141e-05
694.0,0.3869276775615199,0.004690432317835391,0.001501661458133664,0.0008927038533528707,4.909576134021662e-05,5.214103526501033e-05,4.788284126584477e-05
695.0,0.3869493493385968,0.004581031988449297,0.001494872678958528,0.0008914873689691368,4.906328748953325e-05,5.211204877311083e-05,4.779725441878463e-05
696.0,0.3867452563286002,0.004714682890060029,0.001492664798472879,0.0008902748540387454,4.903593983922259e-05,5.20819610084076e-05,4.77328221528937e-05
697.0,0.3865823743133344,0.004795428108267229,0.001500929024945777,0.000889063358158005,4.899986921715099e-05,5.203052724070279e-05,4.764392857626706e-05
698.0,0.3864206589422723,0.004693742515624335,0.001493500740923276,0.000887852762530621,4.898195674669645e-05,5.200593535207639e-05,4.756293120558217e-05
699.0,0.3861402139578715,0.004707085609201089,0.001488771654117955,0.0008866405200883871,4.895140477660704e-05,5.196932973388027e-05,4.748140840287889e-05
700.0,0.3859095006871469,0.004711353485919793,0.00148394721458102,0.0008854449030383537,4.893409056090878e-05,5.1944127411621e-05,4.742069348340974e-05
701.0,0.3862602853114174,0.004751941635963304,0.001492083553201357,0.0008842488939542192,4.890794611061823e-05,5.190435754008084e-05,4.733852376385833e-05
702.0,0.3857948129679047,0.004742660240707025,0.001486180929692792,0.0008830571402379387,4.88867604176188e-05,5.187257985153329e-05,4.726578049142327e-05
703.0,0.3859442373445922,0.004881447429068377,0.001493808190775761,0.0008818778951251131,4.886298989073346e-05,5.183394049994704e-05,4.716099006006529e-05
704.0,0.385904548317264,0.004861899446496475,0.001498083465855126,0.0008806876759902208,4.884588278694808e-05,5.178812306106039e-05,4.707663789793908e-05
705.0,0.3859884303670586,0.004839683164993198,0.001502213941646673,0.0008794976463513823,4.883340656496059e-05,5.174779749399723e-05,4.700289723682133e-05
706.0,0.3856940559307759,0.005012176762036103,0.001494239917671548,0.0008782932650530827,4.88480624665516e-05,5.172829227014025e-05,4.694269700056828e-05
707.0,0.3855301860143635,0.004829642382263471,0.001495373783004661,0.0008770987651479575,4.882508708413077e-05,5.168749395039505e-05,4.684475997686786e-05
708.0,0.384961003948618,0.004787093317380567,0.001485612579699279,0.0008758873693712038,4.882523362622191e-05,5.165195364438762e-05,4.676291751915631e-05
709.0,0.38470423516705,0.004688201440440913,0.001476828513868295,0.0008746881824303279,4.882157322685051e-05,5.160903981368771e-05,4.66737076769038e-05
710.0,0.3842250401672666,0.004747073994250729,0.001470086092410605,0.000873481097619529,4.881629307428746e-05,5.15616372271472e-05,4.659411423754189e-05
711.0,0.3843536578889737,0.004653314952090847,0.001474869269468914,0.0008722857609884541,4.879966125864915e-05,5.150773290428637e-05,4.650140984620833e-05
712.0,0.3838518523167719,0.004518387911533354,0.001465497740915773,0.0008711000778997157,4.879975450521444e-05,5.147770232514777e-05,4.642010878316469e-05
713.0,0.3834868051365043,0.00455760745258238,0.001458991810391784,0.0008699052854721321,4.880771852011699e-05,5.145095127863445e-05,4.633824723802155e-05
714.0,0.3833711179089315,0.004487129979703589,0.001452753335904448,0.0008687163043175224,4.882431647653539e-05,5.142926310080625e-05,4.626024666603666e-05
715.0,0.3829608637974545,0.004625722238416684,0.001449313496519604,0.0008675137553519664,4.883728555948745e-05,5.141010737844681e-05,4.61840155288383e-05
716.0,0.382438909666694,0.004439456001886222,0.001444243537346707,0.0008663197147557436,4.8833219521925e-05,5.136740869655785e-05,4.609645221412432e-05
717.0,0.3822311135394879,0.004452936721665469,0.001441222097715641,0.0008651124644285856,4.882070044246211e-05,5.132851719692498e-05,4.6012940240185e-05
718.0,0.3821812775064826,0.004366402917330725,0.001437209525809925,0.0008639144441456614,4.881575779639025e-05,5.129905541087039e-05,4.592909362450592e-05
719.0,0.3818444829551287,0.0043795127041699,0.001434832843305591,0.0008627230413150223,4.883169178600547e-05,5.127183432539599e-05,4.585133454561883e-05
720.0,0.3819180895279226,0.004399817724913706,0.001432266832640209,0.0008615334139880304,4.884961069904249e-05,5.124318000822586e-05,4.576418138375759e-05
721.0,0.3812400608139152,0.004363169246052008,0.001430171925319126,0.0008603541147480027,4.886525986547422e-05,5.119504453842259e-05,4.568907898231495e-05
722.0,0.3809485769179109,0.004207474743035303,0.00142658600980409,0.0008591726144738045,4.887544680606702e-05,5.115650791891515e-05,4.559885800909814e-05
723.0,0.3805986974467374,0.004192121330643329,0.001425122124022291,0.0008579993116988028,4.889256741409584e-05,5.111732338764463e-05,4.551088453289245e-05
724.0,0.3803070253294147,0.00426353671585545,0.00142493366254671,0.0008568270613751257,4.891325825121558e-05,5.108800470812467e-05,4.541661126763881e-05
725.0,0.3800717441649148,0.004295815258832559,0.00142378583135092,0.0008556586013327024,4.893565082139607e-05,5.105605066907117e-05,4.533398361272402e-05
726.0,0.379630130465571,0.004321772579903797,0.00142346230611426,0.0008544994570047884,4.897300984218698e-05,5.103392688420845e-05,4.525100514985631e-05
727.0,0.3794210321707168,0.004245495682644871,0.001422259162461485,0.0008533348633017211,4.898892067105999e-05,5.100510999738605e-05,4.515665442127809e-05
728.0,0.3787034714491038,0.004195349608989162,0.001420574028606165,0.0008521681679248663,4.8991628725302e-05,5.095617980717304e-05,4.506857422400438e-05
729.0,0.3786580921919782,0.004222942119802453,0.001420138025733188,0.0008510154232002787,4.899632675886222e-05,5.092415938355927e-05,4.498273125284494e-05
730.0,0.3784235964115953,0.004283947888681059,0.001420860363365971,0.0008498639928921028,4.901559343136925e-05,5.087528709566927e-05,4.491199844956727e-05
731.0,0.3783069467916716,0.004386627751317413,0.001420877845155772,0.0008487285897506,4.903388331088906e-05,5.084151629631978e-05,4.483145278374456e-05
732.0,0.37792929084716,0.004367232820753296,0.001420687273360656,0.0008475784774478547,4.904050174183844e-05,5.08061593461829e-05,4.475211322855726e-05
733.0,0.3779273089275527,0.004361414178421169,0.001421131314920339,0.0008464403129526892,4.905359140680408e-05,5.077210790514731e-05,4.466913748862484e-05
734.0,0.378329969764271,0.00457338994295169,0.001422233376457486,0.0008452869044208114,4.905919122968317e-05,5.074309454610259e-05,4.459056437819723e-05
735.0,0.3782097957445795,0.004558075338372426,0.001432472227547681,0.0008441482372382714,4.907414869942933e-05,5.070942288939695e-05,4.450685304944969e-05
736.0,0.3782816353906216,0.004407179772803979,0.001429864572837573,0.0008429934797095617,4.909331834495524e-05,5.067079142583412e-05,4.442894752056696e-05
737.0,0.3777883659096198,0.004472049328065254,0.001429236657930322,0.0008418682344843771,4.911456107133305e-05,5.064463987431787e-05,4.435896294825606e-05
738.0,0.3774680874893084,0.004333619381427751,0.001425663671879091,0.0008407215046311371,4.911208231214224e-05,5.061259389348475e-05,4.429098381381562e-05
739.0,0.3770505060498396,0.004267335173402029,0.001423964838579823,0.0008395918472461918,4.91138929560513e-05,5.056915244810395e-05,4.421775048131528e-05
740.0,0.3767697701972974,0.00427637201800642,0.001422548286146166,0.0008384506952878832,4.910960625400324e-05,5.05301297386e-05,4.413442807333773e-05
741.0,0.3764754779491473,0.004341914972777898,0.001422886918764893,0.0008373311967010919,4.911841699653208e-05,5.050798475348348e-05,4.406384305517851e-05
742.0,0.3765580182297266,0.004219318289319102,0.001420607542250887,0.0008361974322956047,4.913217066201434e-05,5.046465902875757e-05,4.400024193781318e-05
743.0,0.3765254925698508,0.004198030473054018,0.001420194187940306,0.0008350954990512619,4.913289311322138e-05,5.043305612328656e-05,4.392220272671919e-05
744.0,0.3760881346288541,0.00413823419285744,0.001418919961638261,0.0008339857271933748,4.912331224885826e-05,5.039295739084138e-05,4.385887385159896e-05
745.0,0.3762267628616002,0.004268913294665945,0.001420139636470847,0.000832902187428993,4.910852475844602e-05,5.036771898429771e-05,4.380561989602908e-05
746.0,0.3762531863156084,0.004265531244104104,0.001419724175668284,0.0008318071951140016,4.909215384892007e-05,5.032929738154747e-05,4.37602352215551e-05
747.0,0.3762652333044565,0.004493160211777428,0.001421770748473487,0.0008307548487644198,4.90777938516392e-05,5.030649983439476e-05,4.370550579548108e-05
748.0,0.3761648529880298,0.004453458851705746,0.001432401346935642,0.0008296860229400703,4.905277922392062e-05,5.027147947743786e-05,4.364549712996788e-05
749.0,0.3755945943028298,0.004464851572664273,0.001429846281416522,0.0008286538148355009,4.902980040499501e-05,5.023332533204766e-05,4.36031165963984e-05
750.0,0.3753505587024311,0.004405289142804545,0.001426822597484241,0.0008276047326297059,4.900575452110128e-05,5.020334146179233e-05,4.354809545064692e-05
751.0,0.3790682446318414,0.004360126632965429,0.001425353430180918,0.0008265960251537976,4.898631197644691e-05,5.017963656190998e-05,4.350866684394385e-05
752.0,0.3771183755222426,0.004318656569102413,0.001421947980889551,0.0008255649344201692,4.897374337026605e-05,5.014828989726159e-05,4.347036988690982e-05
753.0,0.3757609432168229,0.004216776640506669,0.001419969288734977,0.0008245454893741026,4.894861512093198e-05,5.010545655237204e-05,4.343115451463e-05
754.0,0.375560805769053,0.004230298515949085,0.001419340016721706,0.000823495517421804,4.892855769517867e-05,5.008052407017247e-05,4.339827214849819e-05
755.0,0.3752553618139999,0.004194290620170653,0.001418286189178708,0.0008224687746064559,4.890183140181029e-05,5.005148787917609e-05,4.335610178485596e-05
756.0,0.375040762448298,0.004226849040764738,0.001417627359088349,0.0008214151655022387,4.886391814563095e-05,5.0031593216068e-05,4.333139346967515e-05
757.0,0.3747411536710569,0.004467290322704559,0.001419247278537447,0.0008203967778841124,4.883984993678094e-05,5.000957037905869e-05,4.331666802740519e-05
758.0,0.374931618215995,0.004382555931854969,0.001417315966759043,0.0008193634875770469,4.87978569298505e-05,4.997439381836759e-05,4.328400775920619e-05
759.0,0.3747754330333264,0.004320836730647292,0.001416561729431117,0.0008183546447558935,4.876906617547626e-05,4.994296872776598e-05,4.326961452029659e-05
760.0,0.3747905030192488,0.004167898461888092,0.001414168991175467,0.0008173340352047538,4.873070164684305e-05,4.991402891912841e-05,4.324958944381743e-05
761.0,0.3748719584610621,0.004227546859887081,0.001413355398367218,0.0008163544243377847,4.868773430142716e-05,4.988233484346082e-05,4.324605553235612e-05
762.0,0.3752414374755435,0.004219786608116186,0.001411891084699538,0.0008153661128999745,4.863811801308329e-05,4.984737957249084e-05,4.323834867127217e-05
763.0,0.3749636807130344,0.004211858715526799,0.001410722430660632,0.0008144160636676753,4.859473077152188e-05,4.981595395130925e-05,4.322189730371179e-05
764.0,0.374715710478327,0.004259479167979423,0.001409780721724779,0.0008134546101763615,4.853468605518331e-05,4.979723678711385e-05,4.320386924863934e-05
765.0,0.3746750074247682,0.004134340961492063,0.001408010443614086,0.0008125252934347033,4.84928089718404e-05,4.97779286556613e-05,4.318380658152795e-05
766.0,0.3752882518738503,0.004255770073879009,0.001408168189544386,0.0008115778735031417,4.846097852074508e-05,4.977348952372214e-05,4.317291769350354e-05
767.0,0.3757388939711203,0.004456913392908588,0.001409877177235992,0.000810674701377493,4.843220517015386e-05,4.976643799248191e-05,4.317133849853257e-05
768.0,0.3757699677342999,0.004325884700983231,0.001406985653123982,0.0008097677663162305,4.835303292697326e-05,4.972827902875129e-05,4.315499527129135e-05
769.0,0.3756069553394741,0.004355897113140286,0.001406979512325776,0.0008088970604530871,4.828539805062925e-05,4.968163623093889e-05,4.31609967413214e-05
770.0,0.3755477407654091,0.004306209314765817,0.001405585136848105,0.0008080216890173532,4.823863031966863e-05,4.965347107283456e-05,4.315529143778411e-05
771.0,0.3758448121924948,0.004333891977469693,0.001404701151657805,0.0008071779249002927,4.818524560764032e-05,4.962961016232276e-05,4.315932368200017e-05
772.0,0.3759655661948189,0.00433828067180487,0.001404115833531632,0.0008063263480399482,4.813074687441397e-05,4.960905124165022e-05,4.315813365617464e-05
773.0,0.3757493612522854,0.004265583256722686,0.001401594598492461,0.000805501191856106,4.805668708083803e-05,4.957740233029099e-05,4.315368313954024e-05
774.0,0.3756089253988782,0.004230008139595566,0.001400069820361302,0.0008046675268745602,4.798813862626063e-05,4.954080705847862e-05,4.313713937988878e-05
775.0,0.3756444640543027,0.004204226241660526,0.001399000415496921,0.0008038703024511142,4.793335131878484e-05,4.951320142849194e-05,4.313439171901518e-05
776.0,0.3753640222494148,0.004356113029785899,0.001399878605182413,0.0008030671197026023,4.788645395639446e-05,4.948079832173031e-05,4.313915495266629e-05
777.0,0.3752265275644743,0.004331964721438243,0.00139949140410204,0.0008022977584304375,4.78354062868859e-05,4.944875297513823e-05,4.313348435743926e-05
778.0,0.375345718097425,0.00423699440388219,0.001396967248274056,0.0008015090604688345,4.77746491978576e-05,4.942365896771584e-05,4.313183769849877e-05
779.0,0.3753436375091904,0.004356705059998511,0.001397490601786162,0.0008007442708535561,4.771238748003848e-05,4.938749603246592e-05,4.312680772984507e-05
780.0,0.3755960752096471,0.004370935859116994,0.00139627076292311,0.0007999590889806304,4.764946901918997e-05,4.936235263449125e-05,4.312902056971751e-05
781.0,0.3759011149141612,0.004297219819464695,0.001394440343657848,0.000799196480432465,4.759039287522247e-05,4.933207695348492e-05,4.313081895327954e-05
782.0,0.3759225736206513,0.00432040521527288,0.001393494497564916,0.0007984110214163503,4.752117798343257e-05,4.928302000028036e-05,4.312233063462833e-05
783.0,0.3754306922676408,0.004361055551659177,0.001392524435659956,0.0007976415443384846,4.744718051897756e-05,4.924002813996879e-05,4.312014200392599e-05
784.0,0.3753832873187315,0.004347835149566775,0.001391473165315197,0.00079685314661326,4.73875611949147e-05,4.91960690304945e-05,4.311270700180084e-05
785.0,0.3753811559388813,0.004431449579766297,0.001390793944165877,0.0007960867376669443,4.731095954315316e-05,4.916372644569753e-05,4.310983304825575e-05
786.0,0.3748669803841673,0.004310125131039537,0.001389776589662587,0.000795297473866564,4.724376242297138e-05,4.912461374073045e-05,4.309972087349384e-05
787.0,0.3749818181142165,0.004377037924336388,0.001388802201233537,0.0007945283906379528,4.717850514473853e-05,4.909290771185534e-05,4.310401114435609e-05
788.0,0.3747933639638636,0.004321788950835378,0.00138715601952713,0.0007937344707722165,4.710782324479879e-05,4.905438166194992e-05,4.310493438743497e-05
789.0,0.3748287861720904,0.004290918902920641,0.001386171466173211,0.0007929492533449313,4.703458071070773e-05,4.901633038688687e-05,4.310093035142276e-05
790.0,0.3751116861523766,0.004323699420493508,0.001385803571785182,0.0007921443669618397,4.696695643031944e-05,4.897915627582215e-05,4.310737508201473e-05
791.0,0.3752846593835932,0.004350678561261354,0.00138434788202434,0.000791343108449878,4.688677580863418e-05,4.893987440392171e-05,4.310492018115293e-05
792.0,0.3758183952857649,0.004432234893802943,0.001384298862464094,0.0007905194343031373,4.681061202478086e-05,4.891210494656925e-05,4.311079024041728e-05
793.0,0.3757389514924502,0.004359567105486986,0.001382768225467293,0.0007897023852116728,4.672975169663733e-05,4.886975251171875e-05,4.311738779283298e-05
794.0,0.3755670109747641,0.004345732996228808,0.001381615614748687,0.0007888840494649116,4.664422056659491e-05,4.883590996148257e-05,4.311482564768073e-05
795.0,0.3756367683108303,0.004277352675568438,0.001380528674229798,0.0007880633044152472,4.656001022303729e-05,4.88003481670357e-05,4.31143146085267e-05
796.0,0.375490781118178,0.004367054102268579,0.001380264956358184,0.0007872304054502379,4.648929232789332e-05,4.877273484164917e-05,4.311302600985428e-05
797.0,0.3755700551142424,0.004324356666791099,0.001378390610579416,0.0007864040355857976,4.640965003922041e-05,4.874214749785403e-05,4.312194101385317e-05
798.0,0.3756087241774702,0.004270675472274694,0.001377634367299988,0.0007855618307523195,4.632880669442321e-05,4.87018040117432e-05,4.312214273791883e-05
799.0,0.3757538419837947,0.004243685156238609,0.001376144007608228,0.0007847177328405244,4.625071757838668e-05,4.866690807795538e-05,4.312814572281538e-05
800.0,0.3753756255927772,0.004265832689753907,0.001375323385147838,0.0007838577848358122,4.617023888631909e-05,4.864299973278124e-05,4.314392990610479e-05
801.0,0.3751891107996115,0.004357351809373293,0.001374756136199609,0.0007829882971221061,4.608307771131758e-05,4.861743884855356e-05,4.315606304171435e-05
802.0,0.3754034767166886,0.00439650762160242,0.001374601808884544,0.0007820991534390796,4.600825006015566e-05,4.858375240755186e-05,4.315838286853899e-05
803.0,0.3754962665751747,0.004364808364379546,0.001373914876251444,0.0007812226152574846,4.594533150193371e-05,4.856135761762631e-05,4.317415384582243e-05
804.0,0.3755109515151961,0.004394196311987386,0.001374061751839426,0.0007803308746189508,4.586825506334096e-05,4.853243065872553e-05,4.318543828282696e-05
805.0,0.375397345686554,0.004279987934201179,0.001371336765719098,0.0007794281011015074,4.578176065682765e-05,4.850657045881549e-05,4.319817102738772e-05
806.0,0.3751314000057123,0.004230274984619862,0.001369598922166056,0.0007785146175543769,4.571659323223492e-05,4.848495658184172e-05,4.319543044016267e-05
807.0,0.3756426604186427,0.004282372317001898,0.001368137626552832,0.0007776012749246202,4.565142057462613e-05,4.845719399083095e-05,4.32035539730568e-05
808.0,0.3760017834687534,0.004321525946228438,0.001367286204528274,0.0007766735695335173,4.556785684089123e-05,4.842586552145047e-05,4.32058534801391e-05
809.0,0.3758910595667957,0.004378228938637314,0.001365935325296301,0.0007757467551188053,4.548913255382525e-05,4.840535927946494e-05,4.321736495686468e-05
810.0,0.3754183103745107,0.00429135118258537,0.001364225529683454,0.0007748169587512272,4.542433822305452e-05,4.836008256401336e-05,4.323042600459871e-05
811.0,0.3758849331291052,0.00436845856118754,0.001362165582883499,0.0007738798038286919,4.533982078140745e-05,4.833222319008592e-05,4.324629398495058e-05
812.0,0.3754640415190907,0.004215247289627608,0.001358395610729468,0.000772941013923877,4.52567772007303e-05,4.829790318631478e-05,4.324114888107477e-05
813.0,0.3760294743339493,0.004198682347587572,0.001356133392770206,0.0007720055058293508,4.518508958572021e-05,4.826955254795877e-05,4.324285465111404e-05
814.0,0.37596074065905,0.00426554586840385,0.001356045122108416,0.0007710557616295656,4.51199543170866e-05,4.825420033698996e-05,4.324719952879541e-05
815.0,0.3758424143385198,0.004201966269995196,0.001353308990617767,0.0007701128005780263,4.504071798184117e-05,4.822406274081608e-05,4.325911965553465e-05
816.0,0.375552129270821,0.004308389239606199,0.001352792666156614,0.0007691569506775788,4.497737284089684e-05,4.819434328500371e-05,4.326929095825306e-05
817.0,0.3755025823455563,0.004203503600038828,0.00134963323572109,0.0007682066214180759,4.48835038532247e-05,4.817027604415051e-05,4.32627513421184e-05
818.0,0.3755941131220785,0.004109175941484651,0.001347514843550246,0.0007672397855473967,4.481098479459168e-05,4.814939949657079e-05,4.325910946336028e-05
819.0,0.3757736386033083,0.00420270233509767,0.001347924107307966,0.0007662893944489111,4.475214258300083e-05,4.811977326469232e-05,4.326274835552708e-05
820.0,0.3757288451215052,0.00422447615365592,0.001346927420249195,0.0007653259864701833,4.469006458998597e-05,4.809275024429219e-05,4.327323695222283e-05
821.0,0.3760209495023763,0.004325807834729385,0.001345633789986516,0.0007643750672605072,4.463524675303436e-05,4.808816826048892e-05,4.328027595435119e-05
822.0,0.3758484378213265,0.004285946140567866,0.001344638361283444,0.0007634088223780119,4.457089420020923e-05,4.80656183582168e-05,4.327540510137229e-05
823.0,0.3759007890578163,0.004216666793091929,0.001342413220756362,0.0007624667252680599,4.452974760540011e-05,4.804566960778618e-05,4.327396181775411e-05
824.0,0.3759624170297099,0.004153117220102446,0.001340479051125289,0.0007614999796418453,4.447253962715318e-05,4.802069744110952e-05,4.324825991003459e-05
825.0,0.3759200253630756,0.004041047384853324,0.001338000663508541,0.0007605622520665962,4.442932299211192e-05,4.799582739540657e-05,4.323255678449559e-05
826.0,0.3761222738046205,0.004191910481052022,0.001338970824553722,0.0007596032002308697,4.438113405978388e-05,4.797162893958217e-05,4.322170459617497e-05
827.0,0.3763624383089965,0.00419327695193838,0.001337412285499108,0.0007586760063248549,4.435281870219149e-05,4.796173211901987e-05,4.322065412812826e-05
828.0,0.3763428778724304,0.004178287866560808,0.001337476389505633,0.0007577334021290913,4.431324312799429e-05,4.793486573914153e-05,4.321631297371091e-05
829.0,0.3759257459328721,0.004208429945835731,0.001336479387099025,0.0007568073957354855,4.426280383852208e-05,4.790942769552794e-05,4.319728282446945e-05
830.0,0.3757653928162675,0.004207406515634748,0.001334930825995827,0.0007558754631573841,4.422769200764572e-05,4.787452850143775e-05,4.316864849706786e-05
831.0,0.3755971357717839,0.004175022012210505,0.001332966604300778,0.0007549611948416828,4.418925660724573e-05,4.784157999180766e-05,4.313706731016895e-05
832.0,0.3754348505635521,0.004231395730500184,0.001332775466667955,0.000754034316249496,4.416045804191877e-05,4.780551020968618e-05,4.308952618385204e-05
833.0,0.3756586448550685,0.004252049219206203,0.0013319804304946,0.0007531169382955712,4.412590242013215e-05,4.777408970830333e-05,4.305936616000512e-05
834.0,0.3752881821226659,0.00425178029928065,0.001330448312773412,0.0007522012016779946,4.410403216957141e-05,4.773871272583337e-05,4.303277189886099e-05
835.0,0.3755003154597647,0.004203149820570831,0.001329681033712496,0.0007512980155593433,4.407337384379354e-05,4.769972323821786e-05,4.300056022466039e-05
836.0,0.3754663942427166,0.0042393665451551,0.001329281727182261,0.0007503849352226874,4.403571532782928e-05,4.766949101535289e-05,4.295417120649062e-05
837.0,0.3757390563050962,0.004301239543440804,0.001328447211158769,0.0007494933835619545,4.401478133466501e-05,4.765083621543126e-05,4.2932491182524e-05
838.0,0.3760922628243613,0.004213202305680755,0.001325639210196518,0.0007485923007096535,4.397030756069555e-05,4.760589984197148e-05,4.289899463980996e-05
839.0,0.3760748106113877,0.004147091402545691,0.001324289037747197,0.0007477098350799319,4.392709396850065e-05,4.756119428346571e-05,4.286844395914548e-05
840.0,0.3759920211096061,0.004147814906092028,0.001323397913136446,0.0007468203192941746,4.389061654412639e-05,4.751996538329898e-05,4.283297896928337e-05
841.0,0.3763865896091918,0.004148499306115707,0.001321921671986693,0.0007459622898799587,4.385419681981369e-05,4.747761695437334e-05,4.280217478841501e-05
842.0,0.375830877165992,0.004071393869702309,0.001319375062530272,0.0007451121702050839,4.381133211586354e-05,4.74232669572681e-05,4.277343378061147e-05
843.0,0.3756506044366897,0.004146201143757612,0.00131880241241621,0.0007442818403938552,4.376360739215751e-05,4.738168715636662e-05,4.275318971951161e-05
844.0,0.3749118115826337,0.004020102237437948,0.001315276324627181,0.0007434439917648796,4.371625887047369e-05,4.732569987895594e-05,4.270485247690327e-05
845.0,0.3745524235230734,0.004050028431496321,0.001314468211869957,0.0007426327632449488,4.366594464448936e-05,4.728023110323434e-05,4.267307080483083e-05
846.0,0.3748089934091119,0.003998233055816745,0.001312195675167425,0.0007418164324245439,4.361773119961779e-05,4.723328593130857e-05,4.263235445279807e-05
847.0,0.3751111994469115,0.004245283326044342,0.001313477057703754,0.0007410160627670809,4.357710485496754e-05,4.718405354898319e-05,4.263100574401385e-05
848.0,0.3747683252842839,0.004262141211565356,0.001321281642148647,0.0007402114420998595,4.352711000214874e-05,4.713187826808732e-05,4.260817211187542e-05
849.0,0.3743593975538141,0.004248087728736763,0.001318138376265693,0.0007394250085965025,4.34752807940904e-05,4.708625168209498e-05,4.25854349638932e-05
850.0,0.3740776183921708,0.004118412240256396,0.001314067355050146,0.0007386277240796036,4.343099657097095e-05,4.702646221150667e-05,4.255969727201707e-05
851.0,0.3738489716566928,0.004231922102144599,0.0013120522277188,0.000737850301906353,4.33845541032127e-05,4.697941217694096e-05,4.253841138733802e-05
852.0,0.3738251822544132,0.004195972204311628,0.00130888153757342,0.0007370624935088519,4.332340847415546e-05,4.694021528271588e-05,4.25312244060593e-05
853.0,0.3735391837911464,0.004185237563080285,0.001306507539753456,0.0007362972815857714,4.329087027345621e-05,4.690283381207119e-05,4.253592352712431e-05
854.0,0.3737804002847038,0.004081714962175279,0.001304305553064659,0.0007355171334728739,4.322919348405051e-05,4.684965028444529e-05,4.252852774072796e-05
855.0,0.3740583897010104,0.004133869301445931,0.001303344456350377,0.0007347594334050375,4.321543319201701e-05,4.680394477301071e-05,4.251625373838101e-05
856.0,0.3739266756359525,0.004138245766699785,0.001302394677798132,0.0007339922263823232,4.316273725078193e-05,4.674927711666711e-05,4.248754244625723e-05
857.0,0.3737059703826033,0.004160776205938741,0.001300293756274375,0.0007332419679837484,4.311962071424907e-05,4.670446874796917e-05,4.246480582224752e-05
858.0,0.3733026237918745,0.004056481634111743,0.001298067156769387,0.0007324910613177464,4.308102166935624e-05,4.665109096375869e-05,4.245622468245512e-05
859.0,0.373362806190138,0.003967710383395656,0.001295631205882605,0.0007317623701618364,4.303746944698462e-05,4.659055600304132e-05,4.242909597237138e-05
860.0,0.3729889747348565,0.004072896535218197,0.001296358801797293,0.0007310320717726789,4.29913000115414e-05,4.655683433724536e-05,4.24251866585509e-05
861.0,0.3729950172570574,0.004013073547434524,0.001294800939985127,0.0007303118244507653,4.293995135358707e-05,4.65135657587825e-05,4.242694617005243e-05
862.0,0.3726580294856605,0.004096408733273039,0.001295483007454887,0.0007295838705221996,4.290239008159785e-05,4.647686872235247e-05,4.241948105675852e-05
863.0,0.3726765464163972,0.004103009800191367,0.001295421678619793,0.0007288699970732748,4.285501687481991e-05,4.643636405734148e-05,4.241720957425464e-05
864.0,0.3729637620800498,0.003993368153189116,0.001294222299770908,0.0007281459463355977,4.279755178984507e-05,4.639938337236344e-05,4.241259508496013e-05
865.0,0.3725707961454333,0.004152446855466782,0.001295019574163969,0.0007274385577985932,4.275767715590731e-05,4.636626680691715e-05,4.242689912217306e-05
866.0,0.3728768836361874,0.004239529870890481,0.001305794270212397,0.0007267130241490123,4.270381793690365e-05,4.631652213324842e-05,4.242701408560376e-05
867.0,0.3723615653910591,0.004172490181296819,0.00130191688893559,0.0007260021934028638,4.265899342475816e-05,4.628090084144226e-05,4.242741117973106e-05
868.0,0.3722655685974567,0.004064385601867344,0.001297774808406986,0.0007252704389195675,4.261167545562279e-05,4.623113195812955e-05,4.241102945160877e-05
869.0,0.3722966485000713,0.0040535898371485,0.00129475948064425,0.0007245580904778216,4.258540362788759e-05,4.619076453750956e-05,4.238977678285119e-05
870.0,0.3720824560999178,0.004058135004768909,0.001293147856360764,0.000723830678746756,4.25246507026365e-05,4.61433162689258e-05,4.238020054530962e-05
871.0,0.3717209633641876,0.004105037755619399,0.001291377632049869,0.0007231135758883405,4.246037750718257e-05,4.61117719491948e-05,4.237620432092963e-05
872.0,0.3712096745741644,0.004107960603795906,0.001290037807381696,0.0007223759233830214,4.238819580628829e-05,4.607668573576269e-05,4.236269232525845e-05
873.0,0.3708475761339531,0.004090893656618481,0.001288108723957246,0.0007216574355661448,4.232748076117297e-05,4.602956130390965e-05,4.2367588532481e-05
874.0,0.3705898944193447,0.004156164204696433,0.001286773898810137,0.0007209181073327733,4.225381754749664e-05,4.597819044433902e-05,4.235869881496244e-05
875.0,0.3705730589187896,0.004097086405406251,0.001294295892260402,0.0007202035147220667,4.217582196362941e-05,4.59314108585289e-05,4.234506672731133e-05
876.0,0.3708098358649488,0.004136081680573598,0.001292387913342631,0.000719479171756706,4.211857660145963e-05,4.588507281355218e-05,4.234603554478373e-05
877.0,0.3709701816715738,0.004400077678985969,0.001293114011229303,0.0007187674254521479,4.203907723473544e-05,4.584380048889759e-05,4.234421204974295e-05
878.0,0.3705163699570285,0.004305738912256686,0.001299005427227664,0.0007180328337547557,4.196486425947729e-05,4.579713357395759e-05,4.232687041702673e-05
879.0,0.3700119335113957,0.004341972218578244,0.001304005633942445,0.0007173151885347935,4.187506927568026e-05,4.574932132100053e-05,4.230395711015379e-05
880.0,0.3699954745172061,0.004253256889418112,0.001297806263602439,0.0007165821436130887,4.179260271555161e-05,4.571246227363747e-05,4.22909953331603e-05
881.0,0.369812460502581,0.004269852076331173,0.001292351303878445,0.000715859586485838,4.171378542211068e-05,4.568638836905796e-05,4.231137079727701e-05
882.0,0.3702652364724657,0.004216075583374834,0.001297515816728958,0.0007151137808394362,4.162265102019416e-05,4.563641262001734e-05,4.230444586517218e-05
883.0,0.3701801332522809,0.004347650249882109,0.001292662708399477,0.0007143912060790166,4.155387840107842e-05,4.559497369770095e-05,4.230725061770053e-05
884.0,0.3699206122769697,0.004229023556077006,0.00129611522733549,0.0007136537261196523,4.145117554812551e-05,4.553880115663636e-05,4.228987794037865e-05
885.0,0.3692095579939499,0.004228052499961248,0.001287627509355292,0.0007129327301596617,4.134821258676407e-05,4.549314332196554e-05,4.229950433553822e-05
886.0,0.3695751065191089,0.004270964393291939,0.001281487378016468,0.0007121926463186575,4.123224945489859e-05,4.544789700952392e-05,4.230594115041558e-05
887.0,0.3694303804655274,0.004294681810100541,0.001286798159208403,0.0007114830703361703,4.114369589161532e-05,4.54096476524346e-05,4.232675030563377e-05
888.0,0.3697773175299774,0.004193730843393042,0.001279944549077789,0.0007107444373007132,4.104636336110928e-05,4.536484026317703e-05,4.235381979419977e-05
889.0,0.3694607857681435,0.004156364983255365,0.001272815365226869,0.0007100077850628907,4.095106991974263e-05,4.530697444841472e-05,4.23673234540306e-05
890.0,0.3689764048442327,0.004113900628609468,0.001267323378413499,0.0007092581555296631,4.084427403302926e-05,4.525416760138107e-05,4.236730147070594e-05
891.0,0.3689308154913589,0.004267068318589255,0.001264385016771775,0.000708509010277609,4.074547366295641e-05,4.520108440076493e-05,4.239647527794015e-05
892.0,0.3693250523857523,0.004239365411498758,0.001268151667479389,0.0007077455775922302,4.064060140848682e-05,4.515257326281184e-05,4.240203070860881e-05
893.0,0.3693026460404898,0.004225045624668283,0.001261620600423536,0.0007069985260122901,4.055665481553912e-05,4.510815631531923e-05,4.243252513257409e-05
894.0,0.3689428663966968,0.004089888565353796,0.00126398987780031,0.0007062316278057619,4.045372458476016e-05,4.503275334886128e-05,4.244159886287724e-05
895.0,0.3684179043778579,0.004112579345796992,0.001257023553253932,0.0007054774731391452,4.036007128403129e-05,4.497229704892994e-05,4.245574070460315e-05
896.0,0.3680234224802186,0.004095757951192781,0.001249924694089979,0.000704703671201709,4.025743307728172e-05,4.491715734771951e-05,4.246625800111301e-05
897.0,0.3679876697608128,0.004224045219076216,0.001245389633054629,0.0007039460255490518,4.016119356014878e-05,4.487766004180843e-05,4.247665702005274e-05
898.0,0.3676155987556093,0.004182967629502325,0.001249997457310313,0.0007031790329964562,4.008833813909599e-05,4.482994976235388e-05,4.248974471448695e-05
899.0,0.3674843115656877,0.004136330195820705,0.001253816023515668,0.0007024171324788501,3.99978132895969e-05,4.477587844586294e-05,4.248953649388714e-05
900.0,0.3670438790281282,0.004046640817930416,0.001245622167380648,0.0007016464580325147,3.993423492297193e-05,4.473012244044715e-05,4.248740570720275e-05
901.0,0.3666375311326093,0.003938513770927301,0.001237796897516493,0.0007008865224027725,3.984256283092483e-05,4.468173518688631e-05,4.250451098511348e-05
902.0,0.3660803719971994,0.003920732031504283,0.001231443524186194,0.0007001133286974335,3.976129502702031e-05,4.465877780744414e-05,4.252227690334942e-05
903.0,0.365903383323077,0.003804836075058582,0.001226538566141189,0.0006993571506107672,3.968602115122933e-05,4.461419075553502e-05,4.252567869454274e-05
904.0,0.3656969758814679,0.003865533427251679,0.001223060601780047,0.0006985799989451645,3.962064202844171e-05,4.457994515849196e-05,4.253414728613216e-05
905.0,0.3652199677994215,0.003795588881270937,0.001219307125078914,0.000697820732092077,3.955953058651433e-05,4.455507492926675e-05,4.255226897963903e-05
906.0,0.3649573175212768,0.003895447883135899,0.001218455437882992,0.0006970585745733306,3.950068290382135e-05,4.452834391337357e-05,4.255562823788266e-05
907.0,0.3652427490754616,0.003828715350741548,0.001215854638362648,0.0006963140010474665,3.944079885237469e-05,4.449854267512476e-05,4.25522581901153e-05
908.0,0.3650026368459274,0.003875524319082171,0.001215219424695981,0.000695558444897644,3.940265822204154e-05,4.447642125762046e-05,4.256714668025077e-05
909.0,0.3643315070121315,0.00371422285150829,0.001212488257519996,0.0006948314052986188,3.935133780185349e-05,4.445387403522628e-05,4.255199074609135e-05
910.0,0.3638638232578652,0.00386383449565064,0.001213609318583341,0.0006940936445161116,3.931972759857444e-05,4.444385310029223e-05,4.253962876341595e-05
911.0,0.3632256678797526,0.003841403848618688,0.001220657923632259,0.0006933738477293839,3.927272675024169e-05,4.441481915066939e-05,4.251017893007012e-05
912.0,0.3632138145199534,0.003873396977939622,0.001217994313697969,0.0006926332674821844,3.923902549143479e-05,4.439922460971491e-05,4.250274449958017e-05
913.0,0.3633853525706265,0.00394722928673134,0.001217578549378342,0.0006919120893784975,3.922861409086053e-05,4.438846913116397e-05,4.24946097478751e-05
914.0,0.3632992687588428,0.004010319421836534,0.001226307043145345,0.000691180375056292,3.919242372367906e-05,4.436222937121235e-05,4.246613193109225e-05
915.0,0.3630894840258124,0.004049317755951776,0.001231789710989122,0.0006904643969617086,3.916279872393053e-05,4.435149825140365e-05,4.243919406977135e-05
916.0,0.3636743207045666,0.004166929031426302,0.001238337283758554,0.0006897266526983117,3.91559487526437e-05,4.434126754784127e-05,4.241905349914865e-05
917.0,0.3639124754097809,0.004134864970912445,0.001242238393419173,0.0006890094695921975,3.91372219774269e-05,4.434048200305928e-05,4.239981379312886e-05
918.0,0.3635467426946712,0.004025736383182975,0.001244245699757712,0.0006882804507677666,3.912067017138032e-05,4.431279690672422e-05,4.235799430455545e-05
919.0,0.363556913868898,0.003949895967257571,0.001235719330926903,0.0006875686989998265,3.910225932809761e-05,4.429093846630711e-05,4.23329529311832e-05
920.0,0.3632539444301004,0.004023849205518143,0.001230661382834902,0.0006868432961003156,3.90858745231409e-05,4.427445791390524e-05,4.231101643010262e-05
921.0,0.3629682213849983,0.003896026435230553,0.001234338959094389,0.0006861431763544242,3.90463053077713e-05,4.424023313414693e-05,4.22697802618358e-05
922.0,0.3625560799763223,0.003939558332379168,0.001227861315986042,0.0006854309272651411,3.902939753310598e-05,4.422828093302173e-05,4.224318509045354e-05
923.0,0.362247374082731,0.003836081975884953,0.001221293274444457,0.0006847468631841433,3.900738469772826e-05,4.420401504191072e-05,4.221271015291309e-05
924.0,0.3620542171744467,0.003791587754846114,0.001216006858726056,0.0006840409483358843,3.898989718360028e-05,4.418623791045871e-05,4.218008744310473e-05
925.0,0.3618007293056651,0.003854202695725425,0.001212181547929734,0.000683368961181187,3.897938781479647e-05,4.417175195795278e-05,4.216063667754939e-05
926.0,0.3616923013732607,0.003776663920830806,0.001208039538537733,0.0006826870189712799,3.895731532030708e-05,4.415064226401461e-05,4.212317077890454e-05
927.0,0.3613165559383373,0.003754442209515031,0.00120469440638616,0.0006820342330966492,3.893399628160404e-05,4.411924058770998e-05,4.208642693101367e-05
928.0,0.3612426760094955,0.003848432158230993,0.0012042119184135,0.0006813723316648221,3.892149203903022e-05,4.409756864526196e-05,4.205345616527203e-05
929.0,0.3612603673403101,0.003973073443749959,0.001211934000687503,0.0006807333238972679,3.890579314508499e-05,4.406753737483513e-05,4.201429517409446e-05
930.0,0.361266143500323,0.003792338477974836,0.001216218015238127,0.0006800739631620058,3.89006684061981e-05,4.404561524537199e-05,4.197313026497416e-05
931.0,0.3610281303016613,0.003852099569266925,0.001212602891386077,0.0006794690717419221,3.892440433138256e-05,4.405215735758433e-05,4.195005901626079e-05
932.0,0.3612026759603403,0.003876403710587768,0.001207816041050887,0.0006788390573011544,3.892040658937648e-05,4.402106571121919e-05,4.191430704889975e-05
933.0,0.3610759742191611,0.003755478357755075,0.001203544868978004,0.0006782308826726419,3.892466238958707e-05,4.399698700098254e-05,4.189354537727962e-05
934.0,0.3605301686283122,0.003865140880123313,0.001202203880135705,0.0006776076663894932,3.891605568861993e-05,4.395840854666513e-05,4.185823673866431e-05
935.0,0.3598401837691718,0.003884309552130218,0.001209947128069444,0.0006770261590683281,3.891152931493628e-05,4.393139743654713e-05,4.183526653045615e-05
936.0,0.3593786974532016,0.003808587636341436,0.001205620921244353,0.0006764266631991075,3.889760332528299e-05,4.388875188567334e-05,4.179150112693944e-05
937.0,0.358257564068058,0.003715416161660632,0.001202156680582502,0.0006758553275002655,3.889985104873954e-05,4.385367185582817e-05,4.174718182808508e-05
938.0,0.3575293823239866,0.003542706466819583,0.00119760459000039,0.0006752649053087029,3.889100895011661e-05,4.381313813283095e-05,4.169562237458774e-05
939.0,0.3572400579135822,0.00359230680534937,0.001196338094814501,0.0006747166869903827,3.889288130578022e-05,4.377641327068495e-05,4.165161450154908e-05
940.0,0.3571950145521495,0.003708598890855893,0.001195548174073569,0.0006741485291777955,3.889338251108213e-05,4.375302373485191e-05,4.161278116181717e-05
941.0,0.3570413319961,0.003669565206330316,0.00119432646150007,0.0006736124340404237,3.891355756973195e-05,4.372506977012232e-05,4.158354774980333e-05
942.0,0.3572951149782198,0.003771588602967285,0.001193393463933825,0.00067306669949016,3.893092026607623e-05,4.371253469037008e-05,4.158573932383988e-05
943.0,0.3567483463826255,0.003677124762897981,0.00120148508163357,0.0006725324275781343,3.890972934064046e-05,4.366836730866775e-05,4.153979940090105e-05
944.0,0.3560888931382845,0.003657966924387382,0.001198653406995337,0.0006719867985273784,3.891095414741529e-05,4.363744575830974e-05,4.150760697456898e-05
945.0,0.3557974962302203,0.003491920169767471,0.00119491218890029,0.0006714641029491419,3.892738970953134e-05,4.360940445900194e-05,4.146872245232135e-05
946.0,0.3559015910912302,0.003648416313051232,0.001194946306606857,0.0006709243012623679,3.895605182227408e-05,4.358940238203446e-05,4.145437079036676e-05
947.0,0.3557632996014142,0.003669544666121924,0.001194130745695305,0.0006704086135423084,3.896982181861025e-05,4.357140887789083e-05,4.144417305862178e-05
948.0,0.3557395167412004,0.003705192452877589,0.001192724652638387,0.0006698796076176317,3.896894038480901e-05,4.354646708278648e-05,4.143070034056738e-05
949.0,0.3556442043339913,0.00378259915083005,0.001201369427428729,0.0006693921091881627,3.897101018912411e-05,4.351327914977201e-05,4.141470655727208e-05
950.0,0.3557621062931273,0.003624833052378199,0.001206865032987725,0.0006688915218510091,3.895565559662065e-05,4.347998453874817e-05,4.137558957150842e-05
951.0,0.3557220152941921,0.003962462114593406,0.001205255634480496,0.0006684200795742399,3.89841013600255e-05,4.346590399154716e-05,4.136546112907332e-05
952.0,0.3557040030157325,0.003883040968690208,0.001210842448351007,0.0006679425357969239,3.900423126103935e-05,4.345278128569577e-05,4.134863564690861e-05
953.0,0.3556270329600744,0.004065873447930165,0.001218940110510814,0.0006674956108938105,3.902366513057649e-05,4.343058628282608e-05,4.13298764346921e-05
954.0,0.3554039026290139,0.003885741733060921,0.001219638251130065,0.0006670420974674056,3.903818917795114e-05,4.339974272514092e-05,4.13007094109031e-05
955.0,0.3553184595789923,0.00376115658379125,0.001213211444203348,0.0006666030589237887,3.905762872451721e-05,4.33907742656476e-05,4.128304378835316e-05
956.0,0.3554227397236316,0.003658524070174947,0.001206043398716951,0.0006661544915943459,3.908363034705964e-05,4.337350040389258e-05,4.126732583228701e-05
957.0,0.355712314659593,0.00407983472566961,0.001204150096234424,0.0006657216158014043,3.912297452557998e-05,4.335698983106842e-05,4.126073829297174e-05
958.0,0.3555615179410327,0.003833624636587627,0.001206649319494156,0.0006652772058631785,3.913022477802442e-05,4.332841540533102e-05,4.121334428592244e-05
959.0,0.355329997202363,0.004012244365741502,0.001204547562465925,0.0006648512158862258,3.913551858372623e-05,4.331579797937511e-05,4.119528875431118e-05
960.0,0.3550864637445535,0.003714681533837411,0.001207526329268626,0.0006644080858368757,3.914403020470882e-05,4.328631201497612e-05,4.115831021368395e-05
961.0,0.3551041736767356,0.004112440221739976,0.001204133840326324,0.0006639952698997174,3.917474286716081e-05,4.32803141694274e-05,4.116253050051684e-05
962.0,0.355420274329073,0.003899005657999307,0.00120819978264073,0.000663565996517069,3.919734571040285e-05,4.325435201777258e-05,4.113713868637639e-05
963.0,0.3552274129069161,0.003711027661708727,0.001210327132114405,0.0006631695647969653,3.922456781834547e-05,4.322804972175767e-05,4.110614003450809e-05
964.0,0.3551372397780104,0.003737265245848719,0.001203431482293188,0.0006627574521798451,3.925256605822201e-05,4.321867560925334e-05,4.107934635584858e-05
965.0,0.3550482683964041,0.003725063410588961,0.001197063027427566,0.0006623644489781402,3.927939224366506e-05,4.320061913604465e-05,4.104762610520765e-05
966.0,0.3551688646884809,0.003726483995850095,0.001193586708572905,0.0006619638458156327,3.930664020967032e-05,4.319324761024484e-05,4.102086773812848e-05
967.0,0.3548870125882661,0.003660771793138682,0.00118827643801877,0.0006615705789414316,3.931412203519032e-05,4.316681828417069e-05,4.099444065712787e-05
968.0,0.3542997963975837,0.003647147525619608,0.001185126538410504,0.000661159954001592,3.933008464254728e-05,4.31346716348709e-05,4.095459628370063e-05
969.0,0.3543766461005701,0.003555888615350587,0.001181658389469644,0.0006607721526162741,3.934227798662837e-05,4.31180175374495e-05,4.09152576452375e-05
970.0,0.3541322307503121,0.00414623660193186,0.001183605275284153,0.0006603816722941571,3.937440241608906e-05,4.311146506237724e-05,4.088378570012501e-05
971.0,0.3542393331590992,0.003934335085163843,0.001188047521560949,0.0006599852626110963,3.938925769140031e-05,4.306985215253981e-05,4.083372808367912e-05
972.0,0.3541328427970813,0.004052559160432832,0.00119516223980228,0.0006595695425407631,3.940168432224377e-05,4.304716075984096e-05,4.079974834478953e-05
973.0,0.3542021158303256,0.003756406554263399,0.001197375905305169,0.0006591843072877997,3.941197404980867e-05,4.303514905892596e-05,4.075873623409197e-05
974.0,0.3543716405590776,0.003677284262918904,0.001190702350360589,0.0006587702477449359,3.945139805809825e-05,4.302117099735491e-05,4.074917730906295e-05
975.0,0.3539072331983992,0.00361220602592521,0.001185815642912453,0.0006583747104369796,3.948183045375792e-05,4.299549949721696e-05,4.071584591997361e-05
976.0,0.353966187744669,0.003682972574773635,0.001182077805087226,0.0006579408904288048,3.950400496615646e-05,4.298183752423279e-05,4.067303309665056e-05
977.0,0.3539420254113693,0.003819834928661176,0.001181474820542781,0.0006575283149056304,3.953237701101641e-05,4.29527809551299e-05,4.063241423378699e-05
978.0,0.3531771263536956,0.003732627886454813,0.001187067462233013,0.0006571011546400577,3.955274103054978e-05,4.292366960838712e-05,4.058666723497065e-05
979.0,0.3532286737094599,0.003752627146536901,0.001181281402361271,0.0006567026652508165,3.957899239678263e-05,4.291232520528427e-05,4.054877701630958e-05
980.0,0.3527985817998744,0.003613261289183759,0.001185008469637588,0.0006562788657146679,3.958128843124799e-05,4.288258871699497e-05,4.049746908899037e-05
981.0,0.353212305796283,0.003575138941320327,0.001180666424982112,0.0006558601520337782,3.960938765230253e-05,4.285234942199646e-05,4.044890542298496e-05
982.0,0.3529951445822074,0.003579066717415052,0.001176150533866645,0.0006554197643966831,3.964349472138131e-05,4.283968205691403e-05,4.040954411467982e-05
983.0,0.3534534549234802,0.003570701508408143,0.001173099507268692,0.0006549967266730638,3.968766339031724e-05,4.28211079498251e-05,4.038172490156327e-05
984.0,0.3531317300721635,0.003668790389358675,0.00117019642473139,0.0006545500183506261,3.971681813320818e-05,4.280411897062975e-05,4.033684535480622e-05
985.0,0.3531897334581704,0.003674703787499149,0.001168279249015473,0.0006541323782004244,3.976571353035459e-05,4.279081083999874e-05,4.030228499081356e-05
986.0,0.3533961238054916,0.003583246616132421,0.001174090955781071,0.0006536909983838617,3.979013487541229e-05,4.276713712856526e-05,4.024733496645886e-05
987.0,0.3533542813715866,0.003663891436524739,0.001170671685706802,0.0006532810045469717,3.982777369820249e-05,4.27494100991098e-05,4.021636867981485e-05
988.0,0.3534732543768647,0.003747316716699488,0.001176689304738228,0.0006528307553753104,3.985387822266216e-05,4.272025246807719e-05,4.016879134740456e-05
989.0,0.3536541587256175,0.003765134332416192,0.001181630657041929,0.0006523839278275379,3.988171724374702e-05,4.269833595413966e-05,4.012172477263769e-05
990.0,0.3535377925682244,0.003839287317959906,0.00118627005195644,0.0006518997419428153,3.992611074354761e-05,4.267566344492834e-05,4.007996676354136e-05
991.0,0.3539398625567342,0.003777102372243184,0.001188630674197311,0.0006514402266748955,3.994773395640757e-05,4.265702590861742e-05,4.005066218769294e-05
992.0,0.3541759238659013,0.003911817661086918,0.001182993025970482,0.0006509439226942671,3.999342101081275e-05,4.265269491017321e-05,4.003369144713482e-05
993.0,0.3542295205272614,0.003990785695114422,0.001187198558784701,0.0006504679222213185,4.001586097274166e-05,4.262867625296514e-05,4.000288714341839e-05
994.0,0.3544764300799949,0.003740648721601203,0.001186977686776111,0.0006499710668315707,4.004268798207483e-05,4.261611003909391e-05,3.996151243183365e-05
995.0,0.3540718369711995,0.003834004759846951,0.001180372540309483,0.0006495042191193587,4.008407952055428e-05,4.261157633084328e-05,3.994198725865524e-05
996.0,0.3544099060234801,0.003785354733399437,0.001183143326260978,0.000649016523697517,4.010591807600543e-05,4.25815088602406e-05,3.991077210405746e-05
997.0,0.3544000766547769,0.003787380316033108,0.001176384631504792,0.0006485450956058782,4.013919935345314e-05,4.256190147052473e-05,3.988347419163843e-05
998.0,0.3544614550320149,0.003704335150231691,0.001178382655352448,0.0006480486237378737,4.015177884345298e-05,4.253729870307774e-05,3.98385659303559e-05
999.0,0.3545712826697692,0.003854939540213263,0.001174071300406962,0.000647566655139235,4.017845944610351e-05,4.25049326163806e-05,3.980680948776992e-05
1000.0,0.3545223376213026,0.003747731920320457,0.001176155580342548,0.0006470557830643281,4.017927011738374e-05,4.247838612227139e-05,3.978583417183688e-05
1001.0,0.3545084832753815,0.003858370695016784,0.001171431400269505,0.0006465697020577902,4.018779146957571e-05,4.247153689383211e-05,3.976521355815611e-05
1002.0,0.3544800659618424,0.003819127885550383,0.001174688579538055,0.0006460497586379143,4.020442649255692e-05,4.245224819259888e-05,3.974818244809705e-05
1003.0,0.3546838102271083,0.003835226643051593,0.001178202076445811,0.0006455265231238981,4.020595778120888e-05,4.243681826320159e-05,3.972158926273103e-05
1004.0,0.3548538744877588,0.003819879114174022,0.001180603012892208,0.0006449877045021501,4.022009017102072e-05,4.243672266042856e-05,3.971945517011211e-05
1005.0,0.355248873902239,0.003805576174607695,0.001182931933078495,0.000644457119786726,4.022707744192866e-05,4.239914290094875e-05,3.970211108453698e-05
1006.0,0.3551883498470261,0.003798953744900241,0.001175321143381969,0.0006438930054337591,4.023996675319379e-05,4.237114850168932e-05,3.968789761610333e-05
1007.0,0.3548555475425381,0.003681665809639484,0.00117650556419594,0.000643362343543293,4.022120109099429e-05,4.23374307798448e-05,3.964593981596139e-05
1008.0,0.3545322123979603,0.003674369977709813,0.001169805019651261,0.0006427902181824103,4.021985259882158e-05,4.230818245365638e-05,3.962984688655261e-05
1009.0,0.3540519421512247,0.003660371490388465,0.001163451677532994,0.0006422442855076244,4.019580210679996e-05,4.22748877496169e-05,3.960796780489956e-05
1010.0,0.3541090014237472,0.003653760171538821,0.001166754313522276,0.0006416658340420352,4.017432119988476e-05,4.223453582159808e-05,3.957568284382787e-05
1011.0,0.353957153989205,0.003650150009760024,0.001161135328648057,0.000641112198495742,4.01718553690254e-05,4.220484973205452e-05,3.955698907628769e-05
1012.0,0.3539471586762492,0.003783776159780382,0.001165431061273531,0.0006405198893640292,4.01510077485865e-05,4.216375631499464e-05,3.953903585393219e-05
1013.0,0.3541489378153299,0.003824864864234899,0.001169460932718001,0.0006399576347880634,4.012279177535726e-05,4.213049225258829e-05,3.952875850161736e-05
1014.0,0.3540364398583636,0.003758767318700507,0.001171440958664505,0.0006393744829118424,4.010624797155126e-05,4.210267787770605e-05,3.953380296678696e-05
1015.0,0.3547762967301809,0.003710554096413367,0.001172882224837996,0.0006388155896858091,4.008767192166068e-05,4.208011332408885e-05,3.954208580056942e-05
1016.0,0.3548530752009594,0.003702775240076511,0.001166374753844312,0.0006382337499650017,4.008109476807834e-05,4.207515670209583e-05,3.955866722319756e-05
1017.0,0.3553237231623103,0.003623730009077614,0.001168806056451932,0.0006376915712619185,4.006941683221099e-05,4.205023702108075e-05,3.95595816775657e-05
1018.0,0.3554950932185317,0.003558288096663638,0.001160659982248689,0.0006371019575766405,4.004636422424619e-05,4.202955714993435e-05,3.955436671016989e-05
1019.0,0.3554627419677441,0.003693208423954146,0.001157131802147602,0.0006365593278667548,4.004266019085421e-05,4.201323633158719e-05,3.955872204219459e-05
1020.0,0.3553357677522617,0.003618066063982682,0.00116043603796927,0.0006359874042663813,4.001827123464769e-05,4.197878908980268e-05,3.954947335240793e-05
1021.0,0.3558897724843685,0.003627274659830924,0.001155544040918762,0.000635453252164518,4.001243111936895e-05,4.195942392100179e-05,3.955787000632017e-05
1022.0,0.3562050779129039,0.003843173638404594,0.001154614604988824,0.0006348921207526338,3.99987075295732e-05,4.194391074109598e-05,3.957916567753698e-05
1023.0,0.3565670651801704,0.003742713390183041,0.001158807957352321,0.000634378364599088,3.99956158496278e-05,4.194214416650971e-05,3.959531251428117e-05
1024.0,0.3564367148213985,0.003634533824408234,0.00116305483664992,0.0006338416026761581,3.996082620571002e-05,4.19153415538276e-05,3.960477305701772e-05
1025.0,0.3565625349614285,0.003545656413559586,0.001157133531914536,0.0006333349523632355,3.995372883104778e-05,4.189949977552852e-05,3.962667271383178e-05
1026.0,0.3565561848619332,0.003460294700849979,0.001152449038693514,0.0006327534898592744,3.993578876407692e-05,4.187334868471955e-05,3.963020846617459e-05
1027.0,0.3568094935206296,0.003518993573202806,0.001150557892552652,0.0006322251936418954,3.992923900397122e-05,4.185311520420933e-05,3.965151383528115e-05
1028.0,0.356950068507224,0.003662666798081117,0.001157536998569615,0.0006316793123591269,3.991672613682291e-05,4.184357704930167e-05,3.965548945200439e-05
1029.0,0.3578678778937663,0.003606629535243112,0.001163132289538789,0.0006311617420956975,3.990478829240434e-05,4.181172981661947e-05,3.965404384943147e-05
1030.0,0.3584676747945802,0.003888416276416719,0.001171071295519725,0.0006306130031285876,3.989350103620931e-05,4.180440030982788e-05,3.967361695933635e-05
1031.0,0.3590122139766441,0.003777484524595533,0.001172971257967337,0.0006300976395683968,3.987906602624778e-05,4.177843795460845e-05,3.968638598752438e-05
1032.0,0.3594648087750259,0.003811780084064527,0.001177764766953764,0.0006295569094833908,3.987284736161245e-05,4.176534350104729e-05,3.970647878274788e-05
1033.0,0.3598574419550072,0.003709548187814997,0.001179097784255846,0.0006290454009927807,3.986638003304689e-05,4.176047387299466e-05,3.973215477448575e-05
1034.0,0.360788728351866,0.003785320404381802,0.001173684293132369,0.0006285141318321954,3.98863735455443e-05,4.176043619393691e-05,3.976388834307745e-05
1035.0,0.3616342805996586,0.003862552012322997,0.001178215061398997,0.0006280074939119986,3.992381304467101e-05,4.176110069197305e-05,3.979036249230569e-05
1036.0,0.3620732102480522,0.003725684368800378,0.001180577717931807,0.0006274821127009407,3.993192366274801e-05,4.17446614946371e-05,3.980744843844579e-05
1037.0,0.362077970236895,0.003871415537875692,0.001183792189879911,0.000626978238608636,3.993794260025652e-05,4.172929169936058e-05,3.982720897264784e-05
1038.0,0.3626863094312707,0.003948681505598095,0.001188045260395494,0.0006264550237709592,3.995350189277273e-05,4.172530599498431e-05,3.984885061874838e-05
1039.0,0.3632570355933218,0.004050196433430021,0.001190207850864636,0.0006259582775997239,3.99691433845376e-05,4.173137604228573e-05,3.986814215310917e-05
1040.0,0.3637255572642922,0.003865940252813537,0.00119013177460162,0.000625442243792511,3.998601217817805e-05,4.172453339751654e-05,3.989217792442006e-05
1041.0,0.3641349286635902,0.004259943637129691,0.0011964956073567,0.0006249459746664838,3.999637831970969e-05,4.172449748274765e-05,3.993125084094029e-05
1042.0,0.3645548838221779,0.004058054432208261,0.00119652564777721,0.0006244417412350127,4.001474241573039e-05,4.172405163801124e-05,3.997563891032439e-05
1043.0,0.3651672873855452,0.004065618501536894,0.001197665283380188,0.0006239713927145038,4.003718900937212e-05,4.172169598944737e-05,4.001129806821258e-05
1044.0,0.3658543535626935,0.003865649067240388,0.001198096769241729,0.0006234814861843259,4.005373620483835e-05,4.172554318181296e-05,4.003752647407925e-05
1045.0,0.3664933846988276,0.003991106201211233,0.001200842348092746,0.0006230151081971191,4.009136215813521e-05,4.174262332947445e-05,4.006915088463929e-05
1046.0,0.3672838654067943,0.003829961439127928,0.001200974688471456,0.0006225375792727008,4.011457925843929e-05,4.173247105558595e-05,4.011209207996017e-05
1047.0,0.3676051605075537,0.003950550405087193,0.001203656689582466,0.000622081158465819,4.01582432325272e-05,4.17388763321015e-05,4.015478897722286e-05
1048.0,0.3675680798003348,0.003890067555201115,0.001203394365004684,0.0006216197253346445,4.017280642689111e-05,4.175224342610658e-05,4.018516820211836e-05
1049.0,0.3679946216495454,0.003865067523512726,0.001205543628437681,0.0006211788854431687,4.01989590606675e-05,4.17666963571157e-05,4.021756194643231e-05
1050.0,0.3684449692821512,0.003982787245332922,0.001207306814505041,0.0006207259980483959,4.022029602601988e-05,4.1768270299539e-05,4.025193946824496e-05
1051.0,0.369083772225124,0.004065570606208025,0.001209496589400474,0.0006202960160850083,4.024197410052091e-05,4.177353913127793e-05,4.029930398012424e-05
1052.0,0.3695311666935462,0.003934760377743748,0.001209720657269398,0.0006198553863734709,4.026719200557444e-05,4.178662614877706e-05,4.033690112840641e-05
1053.0,0.3693574966302594,0.003773037088189493,0.001209897248801675,0.0006194425334084886,4.028074953165097e-05,4.179630437910081e-05,4.037078698859766e-05
1054.0,0.3702305846968851,0.00377989894738998,0.001201543845468852,0.0006190225707654864,4.030867190587463e-05,4.1819853502088e-05,4.041746121477968e-05
1055.0,0.3709360149008751,0.003821301445134435,0.001195617284371423,0.000618644830070014,4.035626896525089e-05,4.184858420376081e-05,4.046211032072704e-05
1056.0,0.3716584318002834,0.003881978411993045,0.001199268144792811,0.0006182602923334858,4.039104948136057e-05,4.186604265335162e-05,4.049483635582347e-05
1057.0,0.3718851057250465,0.003745682906940705,0.00120142064737895,0.0006178866873141804,4.040279538805553e-05,4.187118544717072e-05,4.053046819189235e-05
1058.0,0.37243546582469,0.003775498742127306,0.00119556946149653,0.0006175138751267549,4.042857481791559e-05,4.19065946043404e-05,4.056212154611963e-05
1059.0,0.3729836010514248,0.003938908842171385,0.00120228469146324,0.000617154459351282,4.045854510865041e-05,4.192764910708228e-05,4.060351983218283e-05
1060.0,0.3737211864665814,0.003868119232760542,0.001205106978216535,0.0006167617662169227,4.048771932199651e-05,4.194769649316132e-05,4.063899416633971e-05
1061.0,0.3741069799468176,0.003998262158854715,0.001209176200943852,0.0006163769865351724,4.05096346661615e-05,4.196775399839359e-05,4.066988029503605e-05
1062.0,0.3741532722352883,0.003981917946456288,0.001212261534155953,0.0006159530980868227,4.053031339168771e-05,4.198176947067783e-05,4.070960034257637e-05
1063.0,0.3749240122253803,0.003819843679917049,0.001211586273878644,0.0006155242665009768,4.055263175211926e-05,4.199590289768597e-05,4.073931706851896e-05
1064.0,0.37507791488806,0.003788666157992284,0.001203830201996042,0.0006150766852365193,4.060359673731496e-05,4.202671840624654e-05,4.077713300128696e-05
1065.0,0.3754324751265941,0.003736130230585294,0.001196504064061288,0.0006146442681439655,4.064196046456664e-05,4.20584415028958e-05,4.080497021846242e-05
1066.0,0.3756994881185695,0.003690588649681966,0.001199886455446723,0.0006141974107017388,4.066168616613138e-05,4.208160283075407e-05,4.082250660706198e-05
1067.0,0.3758045832826847,0.003794760312833003,0.001195372344195342,0.0006137697319734954,4.069686917188031e-05,4.210932164997405e-05,4.085433698337439e-05
1068.0,0.3761652526649932,0.003769126134961926,0.001198584057147515,0.0006133289241062545,4.071666144684351e-05,4.213993545898381e-05,4.087695565568665e-05
1069.0,0.3766582809803851,0.003736839877460082,0.001201346619082315,0.0006129070594293857,4.074579396408254e-05,4.216526837948399e-05,4.089051588797739e-05
1070.0,0.3766128142276994,0.003680191642467532,0.001194593738565725,0.0006124626182917534,4.076602913777862e-05,4.219427158998272e-05,4.091748082584432e-05
1071.0,0.3767361937029792,0.003923835725406818,0.001188779351760345,0.0006120299442195641,4.079040686639475e-05,4.221734796871608e-05,4.094196055219907e-05
1072.0,0.376833964107022,0.00400173093759703,0.001193488058135037,0.0006115798700228254,4.08059454813203e-05,4.224323706867961e-05,4.096810359775852e-05
1073.0,0.3774034394585647,0.003979884212566402,0.001196397574679138,0.000611152079508181,4.08319972574351e-05,4.227484369818233e-05,4.099052476589891e-05
1074.0,0.3779752549380653,0.003829010179112829,0.001200013092063445,0.000610700601968649,4.08681159037431e-05,4.231623311969921e-05,4.100827572971658e-05
1075.0,0.3782325899896273,0.003827024723789391,0.001203753783360478,0.0006102740111225847,4.089042445672386e-05,4.233533545933985e-05,4.1026746130705e-05
1076.0,0.378290709258866,0.003720352975887603,0.001204704155458919,0.0006098317548241212,4.090942234377612e-05,4.235368103820771e-05,4.104740338020892e-05
1077.0,0.3784959548587072,0.003666897564703158,0.001196993927862044,0.000609397904353961,4.093113955291776e-05,4.238301008829408e-05,4.108517726918047e-05
1078.0,0.3786452714162334,0.003643024250357364,0.001191994299955978,0.0006089473321301105,4.095395162181499e-05,4.241760609788425e-05,4.111983783016291e-05
1079.0,0.3784609291519474,0.003672178727572067,0.00118776040321132,0.0006085170621271994,4.097910574873411e-05,4.245850055261349e-05,4.115353922648124e-05
1080.0,0.3789347278144262,0.003625061714020283,0.001192463972572376,0.0006080685736692396,4.099789614727093e-05,4.249084659918377e-05,4.118917436060246e-05
1081.0,0.3788505037312508,0.00361798400780911,0.001187529837813369,0.0006076265928281559,4.102315944416831e-05,4.251462094495411e-05,4.121243622338554e-05
1082.0,0.3795027938233608,0.003566892346782175,0.001183280217001744,0.000607165235433611,4.105245128618851e-05,4.255384963729956e-05,4.125387763555144e-05
1083.0,0.3798691844830955,0.003458785181481731,0.001178724842975225,0.0006067060329805718,4.10833884389173e-05,4.25854137302067e-05,4.129213877503303e-05
1084.0,0.3796655159269245,0.003731828357892675,0.001179134218053004,0.0006062352026942425,4.111705500449002e-05,4.262134368188575e-05,4.134101210871375e-05
1085.0,0.3796768191797137,0.003699687978875935,0.001185292368026166,0.0006057753868154705,4.114433338069262e-05,4.264813138020854e-05,4.136523444790476e-05
1086.0,0.3798149112136104,0.003803438597674602,0.001192947756845744,0.000605299428041485,4.114681404651891e-05,4.26658138764604e-05,4.139794887148912e-05
1087.0,0.380267699742914,0.003682103021909564,0.001196878509248317,0.0006048278865218533,4.116610273672975e-05,4.268694914097932e-05,4.142950041435546e-05
1088.0,0.3803513059640647,0.003607277997931793,0.001192176390591484,0.0006043423028757458,4.118419779677739e-05,4.272344896020836e-05,4.146654294263597e-05
1089.0,0.3806328376629362,0.003539152253402356,0.001188370348213207,0.0006038694698659854,4.119899114239782e-05,4.274882356720523e-05,4.151484340016565e-05
1090.0,0.3807006343378001,0.003512428063251642,0.001185357664918143,0.0006033926704040451,4.121981355524683e-05,4.278554184900546e-05,4.15622642627627e-05
1091.0,0.3808032506798885,0.003375023161757807,0.001182534397919331,0.0006029286967416691,4.123962621678162e-05,4.282372616454445e-05,4.160587447967798e-05
1092.0,0.3806516034929489,0.003418468804083872,0.001182099261586731,0.0006024515032635814,4.125642664494419e-05,4.285786068752951e-05,4.163566741663784e-05
1093.0,0.3809918657515401,0.003376585491482973,0.001180963324467762,0.000601992306169773,4.12691038406876e-05,4.289433245373793e-05,4.167609572576093e-05
1094.0,0.3814230157697789,0.003449345843895216,0.001181697954635144,0.0006015146641879754,4.129465763060636e-05,4.293801655114857e-05,4.172588767215844e-05
1095.0,0.3819236153929277,0.003619726665655362,0.001183158832707291,0.0006010646230360445,4.131867260228521e-05,4.296693867638642e-05,4.177408802156012e-05
1096.0,0.3822250214913664,0.003596498671873715,0.001191604551584497,0.0006005847163365923,4.131917876301339e-05,4.299131075178042e-05,4.180686998460429e-05
1097.0,0.3820918195890357,0.003597192135999199,0.001199427490126607,0.0006001376971246544,4.134098564170829e-05,4.301816324007447e-05,4.184166428541413e-05
1098.0,0.3822259524343448,0.003610354728835933,0.001196571212679783,0.0005996581015069623,4.135311684188969e-05,4.305040016424343e-05,4.188428531678864e-05
1099.0,0.3826190848680155,0.003756433232752477,0.001204609009939854,0.00059920542923631,4.136736375557546e-05,4.307278564922843e-05,4.191477049184607e-05
1100.0,0.3829150698192322,0.003834491318620883,0.001211487252610751,0.000598726602553203,4.137862783733495e-05,4.310371168723587e-05,4.195363778446554e-05
1101.0,0.383263460800201,0.003777424296077941,0.001215612654267441,0.000598269875178696,4.138793963075056e-05,4.312863712268038e-05,4.198940900189756e-05
1102.0,0.3834895397510917,0.003789037228590095,0.001220437852681652,0.0005977868281246,4.139173880659821e-05,4.315229756823453e-05,4.201869868993522e-05
1103.0,0.3834081523646867,0.00373174683285655,0.001214640072538372,0.0005973345278448631,4.140197937555154e-05,4.317462247332834e-05,4.20654803869678e-05
1104.0,0.3833960180710811,0.003825698829719389,0.001210466256565275,0.0005968543072736147,4.14054051278257e-05,4.320011631529211e-05,4.209892132507045e-05
1105.0,0.383701567272325,0.003863824259267144,0.001216901182835076,0.0005963975416345699,4.140622315186998e-05,4.322096325260127e-05,4.213149722245875e-05
1106.0,0.3841135544947656,0.003781784505959917,0.001220425065741475,0.0005959251498419181,4.14083384036844e-05,4.32460565520694e-05,4.216116948840632e-05
1107.0,0.384250610135961,0.003765671044602695,0.00121446040403371,0.0005954818236800788,4.142136415343483e-05,4.327555909866147e-05,4.219920488526357e-05
1108.0,0.3851860347110423,0.003848044109710798,0.001219828602680658,0.0005950144038720166,4.14191091027293e-05,4.328108117554726e-05,4.223625925884696e-05
1109.0,0.3850095432069247,0.003775240000325029,0.001223449110696406,0.0005945707536240247,4.142360932165159e-05,4.328440292865665e-05,4.227040310190526e-05
1110.0,0.3854123770756216,0.003818500272235063,0.00121781616416283,0.0005941059005567423,4.143254431040619e-05,4.329996440713606e-05,4.230656151837472e-05
1111.0,0.3853645450108146,0.003819225495366196,0.001221932623674253,0.0005936563797504052,4.143135060659603e-05,4.330269733437524e-05,4.233319017783923e-05
1112.0,0.3858585472360475,0.003907001735611237,0.001215913270060545,0.0005931800272319022,4.14396116844794e-05,4.332909820824401e-05,4.237271370862906e-05
1113.0,0.38611219207263,0.00396701340125528,0.001220819435696918,0.0005927072152588446,4.1439653058093e-05,4.335848794005077e-05,4.240987701712751e-05
1114.0,0.3863431532160229,0.003916934689276661,0.001224221193938253,0.0005922261860490999,4.145171560879944e-05,4.337149557100949e-05,4.244610108564189e-05
1115.0,0.386602723588136,0.003896464437350344,0.001226259529356441,0.0005917476863532878,4.143446696964261e-05,4.33630923720093e-05,4.246971596538372e-05
1116.0,0.3865780108618901,0.003846064479003239,0.001228621963975204,0.0005912563132306305,4.143536320044997e-05,4.33849673184102e-05,4.249575258536462e-05
1117.0,0.3869424013466438,0.003763036840643351,0.001219771759299415,0.0005907745390309735,4.145287848758156e-05,4.339626458093969e-05,4.253566986884632e-05
1118.0,0.3866956472671244,0.003658596899026473,0.001212750419068382,0.0005902862074271063,4.145077108496495e-05,4.340738758900574e-05,4.257885586352665e-05
1119.0,0.3869674817926311,0.0037069480579222,0.001207953222852743,0.0005898057475838776,4.14514107027428e-05,4.340923486834687e-05,4.260915897828795e-05
1120.0,0.3868090199806685,0.003784316204685861,0.001204244174981687,0.0005893182229678457,4.143852691980993e-05,4.341261496703046e-05,4.264035459965775e-05
1121.0,0.3865613355048697,0.003818640930345394,0.00120926096393144,0.0005888465446770531,4.14246417173963e-05,4.341587315019438e-05,4.26710256630423e-05
1122.0,0.3871993267679024,0.003929860971799791,0.001215018929364439,0.0005883688363800784,4.14340207861779e-05,4.341327095677535e-05,4.270014384717369e-05
1123.0,0.3871771806736816,0.003932452171356163,0.001219027951277085,0.0005879114143865392,4.144058992228844e-05,4.341625947323153e-05,4.272632253804341e-05
1124.0,0.3875256432598418,0.003767261157866603,0.001221019913361924,0.0005874720565728378,4.143950428762919e-05,4.34126214844886e-05,4.275470956635278e-05
1125.0,0.3877299404870772,0.00381425682702888,0.001213852281110023,0.0005870402366066938,4.1454441195778e-05,4.341700743795731e-05,4.28000768409088e-05
1126.0,0.3875585445990561,0.003918797189577491,0.001218233047797189,0.00058661840075672,4.145661629798001e-05,4.342351171742549e-05,4.283573678968091e-05
1127.0,0.3876652601813222,0.003878635856012856,0.001220564011189779,0.0005861952722056312,4.145322650170215e-05,4.342362976416024e-05,4.287120456737677e-05
1128.0,0.3878042502505263,0.003794133847399597,0.001221444258842353,0.0005857630429471077,4.145711383064712e-05,4.34194422814205e-05,4.289540173257779e-05
1129.0,0.3879562531612293,0.003762644266938143,0.0012137080619602,0.0005853295095720626,4.14681280753861e-05,4.343058150735613e-05,4.292900737652177e-05
1130.0,0.3875746052977441,0.00367341014868048,0.001206753652356858,0.0005849033484508425,4.148176271917612e-05,4.344312726038761e-05,4.295590019011146e-05
1131.0,0.387615948747202,0.003622946983362033,0.001202044664916704,0.0005844906430017523,4.148900184456506e-05,4.345040851058072e-05,4.297740544164294e-05
1132.0,0.3880739849794029,0.003708072211839672,0.001199032887319238,0.0005840803057735812,4.150434853612754e-05,4.345225191730126e-05,4.299974479828177e-05
1133.0,0.3880361955201722,0.003832653592536488,0.001204660538589304,0.0005836802027486018,4.150362766848623e-05,4.345021346345359e-05,4.301076533650541e-05
1134.0,0.3881750051467876,0.003838887332595157,0.001210005611482612,0.0005832907379601115,4.149902794782284e-05,4.34547306664272e-05,4.303278665419871e-05
1135.0,0.3883503567733482,0.00377333426879855,0.001213337923382634,0.0005829003705546672,4.149871560965784e-05,4.345319972743727e-05,4.305253469474995e-05
1136.0,0.3886418427405756,0.003786536175084459,0.001207560459674912,0.0005825143649695788,4.150892089256795e-05,4.346758833076945e-05,4.308588552224053e-05
1137.0,0.3891884414951219,0.003896291738138018,0.001212340244104097,0.0005821199647218068,4.151309786691967e-05,4.347182879255375e-05,4.311187250355305e-05
1138.0,0.3895029608527174,0.003864084704633638,0.001217217182181503,0.0005817494621473771,4.150153598312379e-05,4.347647905869885e-05,4.312959131743001e-05
1139.0,0.3897574326315484,0.003839526509705197,0.001219450604941074,0.000581379166040376,4.150148248671331e-05,4.346469932003478e-05,4.315440318746571e-05
1140.0,0.3895357984479141,0.003629893988055743,0.00121170596770298,0.0005810225812402827,4.149493747731518e-05,4.346186791692786e-05,4.317712667907142e-05
1141.0,0.3890118447591255,0.003666816497519997,0.001207508191023742,0.0005806703736541167,4.149450246158897e-05,4.345878531311851e-05,4.321099329737988e-05
1142.0,0.3890434521601714,0.003610926193409226,0.001203238617221883,0.0005803386481229346,4.148565825113168e-05,4.347119512602167e-05,4.323018654794993e-05
1143.0,0.389132683897643,0.003675712439781039,0.001200661860691466,0.0005800083961506005,4.149898979554197e-05,4.347002418930638e-05,4.326309459149657e-05
1144.0,0.3892676056448066,0.003576807600820613,0.001197469970127206,0.0005797034018042239,4.150112608807576e-05,4.345728990130251e-05,4.328310796624807e-05
1145.0,0.3892199453679,0.003613600427171818,0.001196931544472008,0.000579391888082416,4.151490193591674e-05,4.344996184994841e-05,4.330467625037864e-05
1146.0,0.3893097289578951,0.00356250724692306,0.001195162119950625,0.0005790992316463266,4.151469927510982e-05,4.345115120742476e-05,4.332034740794433e-05
1147.0,0.3893296773586199,0.003583372663343453,0.001194016698647741,0.0005788089301408074,4.151680523182592e-05,4.344786941137169e-05,4.334040691900725e-05
1148.0,0.3897981150337853,0.003949203912212982,0.001195687953713101,0.0005785218916448025,4.151584043681687e-05,4.344480220607271e-05,4.336707083899347e-05
1149.0,0.3903684089184855,0.003907214116872444,0.001205026889060364,0.0005782415011238846,4.150664211488984e-05,4.342705432988302e-05,4.339293787160531e-05
1150.0,0.3906109308182334,0.003846175593592531,0.001211880334025892,0.0005779658482221262,4.149466491139368e-05,4.341003095757261e-05,4.341583391785495e-05
1151.0,0.391370389054242,0.003719842274645547,0.001217153754131283,0.0005776985026841195,4.148754442977936e-05,4.339994918239736e-05,4.342734008082889e-05
1152.0,0.3910795588903431,0.003743857055715173,0.001213562626136396,0.0005774305114721111,4.148757828564039e-05,4.340201775056682e-05,4.345530540502786e-05
1153.0,0.3910526310724492,0.00366368538897374,0.001209960078842438,0.0005771767004358279,4.147458932583642e-05,4.337549287381211e-05,4.347483263785729e-05
1154.0,0.3912232531746225,0.003690881702410082,0.001207936614867808,0.0005769141247666541,4.146947823665441e-05,4.336669842841804e-05,4.350727657123311e-05
1155.0,0.3911463964005363,0.003592827583903863,0.001205806299151141,0.0005766712916979462,4.145273700272173e-05,4.336131065214142e-05,4.352376741470483e-05
1156.0,0.3910375073528169,0.003578243704244047,0.001204469131866243,0.0005764245468363255,4.143353821268309e-05,4.335281921814602e-05,4.353651865350619e-05
1157.0,0.3906888399286724,0.003587936839442514,0.001203698124729285,0.0005762028290571232,4.141636910418354e-05,4.332501493708137e-05,4.354075440629384e-05
1158.0,0.3906936695692274,0.003571489848171524,0.001201969158484372,0.0005759722476279836,4.141403639922485e-05,4.330343365308147e-05,4.35557681515564e-05
1159.0,0.3904838481742693,0.003592948285757097,0.001201662828465281,0.0005757595254360224,4.140313706139601e-05,4.328130069034436e-05,4.356237870871079e-05
1160.0,0.3905909530841906,0.003636209045305718,0.00120224984014544,0.0005755412613361444,4.13991124977408e-05,4.326336679758498e-05,4.357796094887678e-05
1161.0,0.3902238735050039,0.003636152306735154,0.0012013973739955,0.0005753397213950356,4.138366029522389e-05,4.32380287121548e-05,4.358183547648157e-05
1162.0,0.3904724736372252,0.003601679144092647,0.001200589623433635,0.0005751284536500223,4.136712506646084e-05,4.322042155282291e-05,4.358014375863838e-05
1163.0,0.390383054137467,0.003608128135736675,0.001200719487885246,0.0005749303228024491,4.135003267037246e-05,4.320260274146093e-05,4.357857378106289e-05
1164.0,0.3906006857447801,0.003711313070827878,0.001201726013485395,0.0005747216581118064,4.133527003410435e-05,4.31893724717439e-05,4.358268082441126e-05
1165.0,0.3907560356957585,0.003760479548718226,0.0012106026958353,0.0005745373155757187,4.132303297149824e-05,4.315390364684414e-05,4.357169524975781e-05
1166.0,0.3910994199928551,0.003742058432867105,0.001216928714208554,0.000574343319597912,4.132480897222259e-05,4.312152740335228e-05,4.357201676140014e-05
1167.0,0.3909331601264739,0.003752257945045767,0.001213948092177699,0.0005741619136337994,4.131196839289207e-05,4.309115832954865e-05,4.356806710383647e-05
1168.0,0.3903899603555755,0.003771375149090208,0.001219697453260323,0.0005739695392626919,4.129346168406247e-05,4.305524869397873e-05,4.354416513211506e-05
1169.0,0.3901782265865081,0.003728547980540784,0.001215215728594689,0.0005737846013527666,4.127560634195244e-05,4.302684450610964e-05,4.353220229743521e-05
1170.0,0.390000624835647,0.003721118661621461,0.001211542928958078,0.0005736003112606016,4.1275972792339e-05,4.299873698757967e-05,4.352694419512357e-05
1171.0,0.3899029765193762,0.003794636303396343,0.001210353052756944,0.0005734349468691078,4.127691986250648e-05,4.296654520717673e-05,4.352099305514619e-05
1172.0,0.3899463505197628,0.003803733663263801,0.001216440413262958,0.0005732634851267368,4.125660848356448e-05,4.292728734361618e-05,4.349561046091867e-05
1173.0,0.3894134125168983,0.003760442955545265,0.001221981165868081,0.0005731076109433717,4.123959447428942e-05,4.288848420381089e-05,4.346983008926166e-05
1174.0,0.3893826239788036,0.003863804048372399,0.001218683159610053,0.000572948341018824,4.123923660889651e-05,4.28559733643783e-05,4.345737990710334e-05
1175.0,0.3892869640254772,0.003986516341355636,0.001223777390584259,0.0005727908378251204,4.122576778303864e-05,4.281891337024187e-05,4.342631806701025e-05
1176.0,0.3892904850058762,0.004056399351391861,0.001227612528428077,0.0005726182602642511,4.1218280670697e-05,4.279249168978901e-05,4.340651007011035e-05
1177.0,0.3886445142247575,0.004199990928304516,0.00123105769281801,0.000572443933730077,4.121301321582102e-05,4.275294718659742e-05,4.33851953450431e-05
1178.0,0.3887882877814677,0.004453039438393389,0.001233656161809364,0.0005722505946607942,4.119900004560684e-05,4.273059238302769e-05,4.335292961841218e-05
1179.0,0.38885252927208,0.004402571998921617,0.001235324786724037,0.0005720480877177189,4.119385443319539e-05,4.270235188112884e-05,4.332338009564123e-05
1180.0,0.3887516248626802,0.00418442222267745,0.001235648659204903,0.0005718339043689573,4.118367158240448e-05,4.266340439041179e-05,4.328467173532317e-05
1181.0,0.3883131607500901,0.004170279818691759,0.001236826667306036,0.0005716246008065266,4.118069563776743e-05,4.262706153609105e-05,4.324480424859207e-05
1182.0,0.3880100166970541,0.004076147075207956,0.001235614494079538,0.0005714015884871369,4.118994312867506e-05,4.259272522982918e-05,4.320641471153476e-05
1183.0,0.3877815475693222,0.00416608288186408,0.001237569142939694,0.0005711720788040799,4.119207368209666e-05,4.256681928178425e-05,4.316890693797532e-05
1184.0,0.3869359792231376,0.004273739374963774,0.001237882777059914,0.0005709385670779015,4.118086321469239e-05,4.25393854154401e-05,4.31250750767241e-05
1185.0,0.3870584662229818,0.004345439292219058,0.001237575873542266,0.0005706815942645043,4.116679348856692e-05,4.251417643863385e-05,4.308248192518028e-05
1186.0,0.3862298566825868,0.004443183319565909,0.00123712371021792,0.0005704293831642334,4.116615948648567e-05,4.249815865296223e-05,4.304167108390046e-05
1187.0,0.3858794231406508,0.004276305868577136,0.001235311145745021,0.0005701581556199751,4.115656566220272e-05,4.246005330929876e-05,4.299628205315575e-05
1188.0,0.3857615809135189,0.004306505096565097,0.001235403776586774,0.000569882307788473,4.115861284111363e-05,4.243165386861762e-05,4.294274448534521e-05
1189.0,0.3852805766190774,0.004081190529214925,0.001232512785915527,0.0005696056042631617,4.116536792342426e-05,4.241433049718711e-05,4.289083541538039e-05
1190.0,0.3854730695387782,0.00410241596160507,0.001230696010706843,0.000569324137225764,4.116696115488538e-05,4.239280511467206e-05,4.28524183836682e-05
1191.0,0.3851579365261876,0.004171359044511431,0.001229168078808625,0.0005690455599366992,4.119313884530349e-05,4.237727677652563e-05,4.281805772002435e-05
1192.0,0.3851620114434318,0.00400118667258668,0.001226919749752312,0.0005687666301158169,4.119386743435643e-05,4.234913801746381e-05,4.276987268504997e-05
1193.0,0.3848317517011292,0.003957651918063633,0.001215994675921438,0.00056849038702646,4.120505695970547e-05,4.233272039932422e-05,4.272160804786075e-05
1194.0,0.3847228113444985,0.003941422779106647,0.001204854069414922,0.0005682145786507428,4.121426037090737e-05,4.230821941682614e-05,4.26741047073028e-05
1195.0,0.384301564185199,0.003869668265081218,0.001206703743008655,0.0005679358159134475,4.123803158374767e-05,4.228736118009115e-05,4.262108556042018e-05
1196.0,0.384140387532569,0.003811374400540913,0.001196759554694198,0.0005676537713801784,4.124629405835459e-05,4.226373887583782e-05,4.256825902845429e-05
1197.0,0.3837146183811716,0.003811485818085433,0.00118944818714439,0.0005673685756591862,4.126991557378327e-05,4.22472432638031e-05,4.251992859491016e-05
1198.0,0.3832090555552657,0.003862211238200228,0.001192659270980665,0.0005670800804099075,4.126930851479268e-05,4.22167259404797e-05,4.245187483757915e-05
1199.0,0.3829307516537891,0.003881098935315123,0.001195554936695727,0.0005667834771622058,4.127793392944009e-05,4.219704243637196e-05,4.239549868771991e-05
1200.0,0.3827131129791999,0.003940408904739658,0.001197185089253231,0.0005664886607316359,4.127687854040902e-05,4.215700865731873e-05,4.232460919138641e-05
1201.0,0.3826215375188034,0.003813429788687766,0.001197852549867677,0.000566187159096184,4.127698928337295e-05,4.213459312605477e-05,4.228044091647431e-05
1202.0,0.3826945202469418,0.004038057802250892,0.001192323781001614,0.0005658844895071288,4.131624423574085e-05,4.212185792728492e-05,4.223964052679895e-05
1203.0,0.3822100531749319,0.003889201816667842,0.001191723425433546,0.000565571459851552,4.132375536836453e-05,4.207700688347844e-05,4.217272959215225e-05
1204.0,0.3818834195071751,0.004021161173095576,0.001195856308504152,0.0005652757825564061,4.132061461559818e-05,4.205448753371612e-05,4.211382217359446e-05
1205.0,0.3817442684183637,0.003990748732495772,0.001197234116581837,0.0005649834453699173,4.131418820762321e-05,4.201506226875336e-05,4.204879155384018e-05
1206.0,0.3815073584601253,0.003891868848874598,0.001196783480104958,0.0005646976338529596,4.131028141351568e-05,4.198617685079067e-05,4.198570304886486e-05
1207.0,0.3809091229651565,0.00371949836346347,0.001187195665523993,0.0005644201884651859,4.130940659943367e-05,4.195650331376862e-05,4.192775616291533e-05
1208.0,0.380812525580112,0.003716850439359738,0.001179716560066569,0.0005641513506366857,4.131606235837356e-05,4.192936505388138e-05,4.18776923570554e-05
1209.0,0.3807346146719269,0.003815972893687299,0.00117429803650518,0.0005638861193091102,4.132882101346902e-05,4.190079100831771e-05,4.181495031082946e-05
1210.0,0.3797431787174383,0.003810357520121628,0.001177559531362603,0.000563629282009177,4.132901177796193e-05,4.185973526679068e-05,4.174706223968668e-05
1211.0,0.3791887076408674,0.003909534285833093,0.001181428898306745,0.0005633615845530241,4.132316670763389e-05,4.181314397615455e-05,4.166542316362133e-05
1212.0,0.3787075111855788,0.003878519851644023,0.001184751764358728,0.000563094339776529,4.131017056078519e-05,4.177712596776227e-05,4.159719259614277e-05
1213.0,0.378712248762395,0.003969616477967011,0.00118667761150847,0.0005628271927865205,4.130100873059657e-05,4.173051281409851e-05,4.152624672180224e-05
1214.0,0.3781360089331318,0.003860104511581955,0.001186267377892308,0.0005625763413039681,4.128276928902087e-05,4.169528983284399e-05,4.145087833577092e-05
1215.0,0.3782068360709435,0.003815368699465479,0.001178115494437997,0.0005623230823560997,4.129585810411194e-05,4.167490385218842e-05,4.138962954140836e-05
1216.0,0.3775898418976784,0.004058052569808203,0.001173334437746904,0.0005620654883395516,4.130710135124831e-05,4.163666246486476e-05,4.132526012491797e-05
1217.0,0.3773842290272857,0.004022857065277658,0.001174277098906103,0.0005617904437414508,4.129677524031984e-05,4.160671869880258e-05,4.126478060279809e-05
1218.0,0.3770621174348126,0.003959608198459985,0.00117650894034896,0.0005615268410565684,4.127996402615963e-05,4.155947708251767e-05,4.119072552519888e-05
1219.0,0.3767530044767929,0.003788498601567586,0.001177669333028567,0.0005612360087710001,4.126892578705029e-05,4.153627989488033e-05,4.112442540290722e-05
1220.0,0.3766403624289018,0.003858344587303703,0.001169517517485582,0.0005609586413411432,4.12834614398161e-05,4.15119853951306e-05,4.106287631895031e-05
1221.0,0.3761810256094575,0.003800041585462741,0.001170869969608533,0.0005606703604188867,4.126089469279589e-05,4.147447058722024e-05,4.099323923098881e-05
1222.0,0.3758027008640575,0.004162527884597228,0.001164464924574398,0.0005603894694138453,4.126106009238439e-05,4.14362228407462e-05,4.092332317868643e-05
1223.0,0.3752379358543651,0.003917158558278034,0.001166578115830483,0.0005600999228655006,4.124820286269005e-05,4.139652908728538e-05,4.085253257714043e-05
1224.0,0.3744905737780408,0.003939134984394304,0.00116763177711333,0.0005598337731194145,4.123844018297471e-05,4.13595700298169e-05,4.078984126014452e-05
1225.0,0.3744432099683603,0.003821525015141337,0.001167288508466512,0.0005595682896892793,4.122917436207668e-05,4.131933754735272e-05,4.072508366656217e-05
1226.0,0.374545897792922,0.003778116389287258,0.00116888438984118,0.0005593105414029727,4.12098827781187e-05,4.128007631351293e-05,4.065877434469641e-05
1227.0,0.3736149420704963,0.003653108096933711,0.001158241415291744,0.0005590545281468663,4.118348213582543e-05,4.125223355383006e-05,4.05982178936221e-05
1228.0,0.3734885936545648,0.003586153898486905,0.001150341100305966,0.000558786819060724,4.116329238698607e-05,4.121888296375561e-05,4.054334261020173e-05
1229.0,0.3731842892730277,0.003903249073000571,0.00114607896907793,0.0005585112505110077,4.114794596735358e-05,4.118445797845945e-05,4.049682831820713e-05
1230.0,0.3725189534829313,0.003868778330588369,0.001148928660869702,0.0005582386617360743,4.111273261306169e-05,4.114445512721085e-05,4.043467478041255e-05
1231.0,0.3725351387608121,0.003842406975508993,0.0011502649376394,0.0005579578067953148,4.107453149888555e-05,4.111585987479447e-05,4.03744045794191e-05
1232.0,0.3721597692042473,0.003790981375324698,0.001152855960224811,0.0005576691701915077,4.105381697602709e-05,4.10874177840627e-05,4.032147626095703e-05
1233.0,0.3720550975297659,0.003862917439771195,0.001155306452657572,0.0005573834594199905,4.102135909654494e-05,4.106205667221805e-05,4.027689125317654e-05
1234.0,0.3718308825961174,0.00381572561123087,0.001156298739196216,0.0005570946978405344,4.099394552255147e-05,4.103619563627628e-05,4.023432274467602e-05
1235.0,0.3719130181571195,0.003854005965284635,0.001148987831610081,0.0005567902799686639,4.097509904965507e-05,4.102005738827162e-05,4.019123618260717e-05
1236.0,0.3718069834311723,0.004071673621223079,0.001152696240712368,0.0005564846920952792,4.097219288419689e-05,4.100639072807195e-05,4.015848860681158e-05
1237.0,0.3720592650297572,0.003915943294166402,0.00115387590752189,0.0005561720327237394,4.092758576917744e-05,4.097550578583831e-05,4.010782880278584e-05
1238.0,0.3719776609909828,0.003754636191039254,0.001153540334291897,0.0005558568499976328,4.089071964850486e-05,4.093994638424005e-05,4.007394345764248e-05
1239.0,0.3714432039777643,0.003554906471669267,0.001143501201658845,0.0005555403587109215,4.084654470261229e-05,4.092062944607957e-05,4.004731151473845e-05
1240.0,0.3713577708514936,0.003463803771614676,0.001135888196454688,0.000555215945627858,4.080444430781991e-05,4.089594356580298e-05,4.002096226251849e-05
1241.0,0.3711178214640831,0.003443934970642697,0.001130227325116613,0.0005548917017976784,4.077982699808576e-05,4.088372269073521e-05,4.000816606672411e-05
1242.0,0.3707658070651319,0.003434407206929464,0.001123991309205449,0.0005545641796001797,4.074615218498041e-05,4.087136084234314e-05,3.998527035941546e-05
1243.0,0.3706816541146803,0.003405812406456959,0.001120395045623657,0.0005542439149657058,4.070624861156282e-05,4.087227109632775e-05,3.996729345436724e-05
1244.0,0.3704167752452022,0.003419316205926384,0.001116410803894253,0.0005539186196068697,4.06803231972135e-05,4.085405782964217e-05,3.996163812084405e-05
1245.0,0.3705678767292175,0.003385703457462906,0.001114106306994579,0.0005535640125455153,4.063429672427959e-05,4.084889639442851e-05,3.994090549803269e-05
1246.0,0.3703238521535723,0.003289208322458551,0.001111181820871646,0.0005531897494716569,4.058936622894668e-05,4.084573203059738e-05,3.992405037589893e-05
1247.0,0.3704167989108809,0.003477589120587199,0.001111779689423425,0.000552795056705631,4.056074281845816e-05,4.084291827817987e-05,3.992064226395086e-05
1248.0,0.370597354410845,0.003411138618745915,0.001108814056155568,0.0005523737154687295,4.052819027187238e-05,4.082497841388052e-05,3.990912463224935e-05
1249.0,0.3705971225591154,0.003307575970381148,0.001107064229545568,0.0005519374836251988,4.050539373598696e-05,4.082683379691174e-05,3.991177984828472e-05
1250.0,0.3709053281890083,0.003416385759171914,0.001108300864855616,0.0005514819964277904,4.047119046662191e-05,4.081612456637283e-05,3.990588627808522e-05
1251.0,0.3705123076126195,0.003371254606077402,0.001106946058070402,0.0005510264173743876,4.044126342923506e-05,4.081573521476912e-05,3.990419378356955e-05
1252.0,0.3706833618762034,0.003348282865819245,0.001105212520695042,0.0005505535858474118,4.040355002423987e-05,4.081095315189526e-05,3.990820242767113e-05
1253.0,0.3708854559696814,0.003301438354992904,0.001105840642931826,0.0005500701271370912,4.03773075456686e-05,4.081383512779848e-05,3.991375797665219e-05
1254.0,0.3706833334199256,0.003265834290807304,0.00110569109839416,0.0005495795607918084,4.034777252039955e-05,4.081302343874212e-05,3.991794192884883e-05
1255.0,0.3711615012018591,0.003303402101938973,0.001106360286286132,0.0005490697112001411,4.032328069141429e-05,4.081759153049648e-05,3.992786200905494e-05
1256.0,0.3708445042355668,0.003242781728535825,0.001105647723249495,0.0005485629602644867,4.028099812980679e-05,4.081197929820651e-05,3.993753784936831e-05
1257.0,0.3710893501911179,0.003288066803719875,0.00110688088955813,0.0005480590984318722,4.025339919319206e-05,4.081995388235969e-05,3.99552057415388e-05
1258.0,0.3709953159912585,0.003288555211948971,0.001107139028495325,0.0005475490857138455,4.021881485075051e-05,4.081851058272709e-05,3.997921671631422e-05
1259.0,0.3708387294609369,0.003364166532537641,0.001108247373135058,0.0005470421518879003,4.019804001528724e-05,4.082182762609212e-05,4.000743875822487e-05
1260.0,0.3714449425686331,0.0032187249950388,0.001107313595254417,0.0005465248778269022,4.015985679526339e-05,4.082522604706239e-05,4.001903086263974e-05
1261.0,0.3711442171901906,0.003188605453557914,0.001107541645660061,0.0005459968579488152,4.012492270867108e-05,4.08301543038036e-05,4.003945066316114e-05
1262.0,0.3713355324457493,0.003235243691679973,0.001108294464383446,0.0005454798273323073,4.008893119762471e-05,4.08358164380193e-05,4.006174136420119e-05
1263.0,0.3717903766509998,0.003200318771838557,0.001108324649788554,0.0005449577237328019,4.005500214262254e-05,4.083079131841393e-05,4.008358845932284e-05
1264.0,0.371700543105457,0.003209790232493384,0.00110986590752891,0.0005444427118820083,4.00124652308743e-05,4.083987624113875e-05,4.010823748157772e-05
1265.0,0.3717717562136573,0.003193152079636572,0.001110178239531973,0.0005439208530804082,3.99740478345738e-05,4.0841520021772e-05,4.013629337768059e-05
1266.0,0.3717587944943978,0.00323716752195674,0.001111653911398628,0.0005434090447713875,3.994043497257455e-05,4.083965378262226e-05,4.015772503190711e-05
1267.0,0.3718239982870616,0.003153550647453613,0.001111812132898092,0.0005428874662345243,3.989282727127509e-05,4.08472179776417e-05,4.017510298490105e-05
1268.0,0.3720519067065834,0.003127328421294078,0.001111675923983335,0.0005423767561450773,3.986199815362282e-05,4.085370875388545e-05,4.020132239544856e-05
1269.0,0.3720327643925893,0.003161761425570759,0.001113096963328671,0.0005418616954066979,3.982983236814831e-05,4.085274781973568e-05,4.02299717573155e-05
1270.0,0.3719182312081761,0.003165675996511305,0.001114637426984007,0.0005413510139676326,3.979236595583486e-05,4.086038959973986e-05,4.02576300304977e-05
1271.0,0.3718447845297134,0.003087472744014769,0.001115257231891463,0.0005408448102299745,3.975354111489703e-05,4.085959652325277e-05,4.028977761687091e-05
1272.0,0.3718792215206437,0.003112024275386184,0.001117314756629735,0.0005403500854669792,3.971782544816393e-05,4.085992565503301e-05,4.03202560352627e-05
1273.0,0.3716087427452886,0.00323486452690318,0.001120244808683605,0.000539876372341079,3.968783301723192e-05,4.086760952104902e-05,4.035004302991127e-05
1274.0,0.3723226954030173,0.003160080812987924,0.001120111990368089,0.0005394169612754758,3.965743987331781e-05,4.087099186331791e-05,4.037366498569792e-05
1275.0,0.3726358816458402,0.003187283264352841,0.001122685415240992,0.0005389699516659112,3.963496815527183e-05,4.087331858304053e-05,4.040747652387459e-05
1276.0,0.3728504601942574,0.003258918233664334,0.001124871396238888,0.0005385130773405083,3.959183611519093e-05,4.088914361569564e-05,4.043678920919525e-05
1277.0,0.3725835634810351,0.003201278197723852,0.001125490559141407,0.0005380690820412574,3.956686336517063e-05,4.08978007942876e-05,4.046654000556385e-05
1278.0,0.3722281305804043,0.003177942214950186,0.00112690553421081,0.0005376238326441469,3.95408085794007e-05,4.089961015070251e-05,4.04890523278798e-05
1279.0,0.3723869047791638,0.003162183621696557,0.001128659748803354,0.0005371897792507807,3.950681899901808e-05,4.0906664149338e-05,4.051696949109416e-05
1280.0,0.3724375833508408,0.003159675729434717,0.001130416749224855,0.0005367485192614669,3.948237539242662e-05,4.091221609619463e-05,4.054616741172107e-05
1281.0,0.3723230367540785,0.003233646692962969,0.00113277749573974,0.0005363179166104228,3.945455896245447e-05,4.091384781876541e-05,4.057354734715829e-05
1282.0,0.3717063487957672,0.00318733053126196,0.001133805825375308,0.0005358878974572857,3.942390514984638e-05,4.091631876677612e-05,4.058995507849802e-05
1283.0,0.3717112845094778,0.003223107934494619,0.001136478514546291,0.0005354920124472293,3.940017447044773e-05,4.092888418793879e-05,4.061777438154778e-05
1284.0,0.3713804788656931,0.003282943920733482,0.001139064618970196,0.000535087981378697,3.936801833174195e-05,4.093990256006288e-05,4.064795682437088e-05
1285.0,0.3712420691009959,0.003291463102008195,0.001141430160838656,0.0005347085832556858,3.934121945950515e-05,4.093808318817703e-05,4.066908978037306e-05
1286.0,0.3711378257933701,0.003258332247345062,0.00114272860039241,0.0005343229712886769,3.931016623044766e-05,4.09337657411581e-05,4.069646944643555e-05
1287.0,0.3711982956513164,0.003237697508323343,0.001145969632010822,0.000533953719363232,3.928137902405118e-05,4.093556919941388e-05,4.072804252879261e-05
1288.0,0.3710490442010377,0.003359928795811023,0.001149732009669071,0.0005335609573115215,3.924603174823809e-05,4.094535409319082e-05,4.075726032983752e-05
1289.0,0.3711105427492233,0.003337432666076231,0.001149659441378205,0.0005332026314706876,3.920621932015053e-05,4.094804518791157e-05,4.078508434784385e-05
1290.0,0.3711533956566602,0.003313233808352508,0.001151156137646509,0.0005328625370461347,3.917206590657854e-05,4.094439561155056e-05,4.081764914214658e-05
1291.0,0.3715371718508234,0.003262620640519116,0.001152503619311648,0.000532541605333533,3.91318657142021e-05,4.095063319753009e-05,4.085338990463696e-05
1292.0,0.3717248712651046,0.003253432804555742,0.001154054284829468,0.0005322317678931169,3.909609863683135e-05,4.094857747972741e-05,4.088562317703284e-05
1293.0,0.3714730124292983,0.003203077146213676,0.001155087863065494,0.0005319348933003356,3.904751496192313e-05,4.095125981902245e-05,4.091738941195011e-05
1294.0,0.3714861485230927,0.003310715015193099,0.001158644749127494,0.0005316445017162376,3.901229957454962e-05,4.095853007632461e-05,4.095155097346109e-05
1295.0,0.3713269918786177,0.003312637447305049,0.001159804171814109,0.000531359086382214,3.896777558679539e-05,4.095457792896525e-05,4.098995934440037e-05
1296.0,0.3712956729361074,0.003268032211405311,0.001160523300709365,0.0005310890372485707,3.891316765325242e-05,4.094565948950318e-05,4.103083966894231e-05
1297.0,0.3714727171095532,0.003357609600579262,0.001162660748826317,0.0005308228889688443,3.887325090931281e-05,4.095104581887097e-05,4.106007504509335e-05
1298.0,0.3715272638350856,0.003297671700270706,0.001163446633554416,0.0005305768692991719,3.882360264139096e-05,4.095112912808281e-05,4.109960118227391e-05
1299.0,0.3716840136713129,0.003302664884028454,0.001165514599335579,0.0005303390151919436,3.877417908178489e-05,4.095335594512187e-05,4.114443462981916e-05
1300.0,0.3720999957569641,0.003322125180718057,0.001167271706884552,0.0005301164308408384,3.871926925851733e-05,4.095185586081933e-05,4.11799318887239e-05
1301.0,0.3723377487201264,0.003245600689164432,0.001168274478442444,0.0005298986216567651,3.866971651452794e-05,4.094564536349521e-05,4.121602996076964e-05
1302.0,0.3724537298113932,0.003310449722133387,0.001170565450423844,0.000529689504563585,3.861659316757452e-05,4.094280074997577e-05,4.125387325232755e-05
1303.0,0.3729008577581439,0.003308916735873297,0.001172366671145664,0.0005294779610627247,3.857434253239836e-05,4.094363407364084e-05,4.129431884897136e-05
1304.0,0.3730255418099455,0.003236589803961691,0.001171979258147601,0.0005292774204788036,3.851988513532875e-05,4.095057480119144e-05,4.132430828673133e-05
1305.0,0.3733911686931581,0.003218876305643984,0.00117307178211878,0.000529085503997906,3.84642829126907e-05,4.094614399790907e-05,4.136395589027087e-05
1306.0,0.3737139484319521,0.003266615948595494,0.001175502829251028,0.000528894558782054,3.840223917962294e-05,4.095020452534517e-05,4.140625006187799e-05
1307.0,0.3734202120150729,0.003290392494980559,0.001176325678657626,0.0005287200120340939,3.835187187744721e-05,4.095298794794814e-05,4.143878999791516e-05
1308.0,0.3740677498525497,0.003320769230467861,0.001177290521325475,0.0005285454788784138,3.830583202055516e-05,4.094807850558697e-05,4.147183618028472e-05
1309.0,0.374235621626082,0.003331506073201007,0.001178444693139618,0.0005283766628059256,3.826329847325734e-05,4.094268300678883e-05,4.150932828234105e-05
1310.0,0.3742455534269624,0.003311108029051879,0.001178721890982956,0.0005282089983630368,3.819999526864132e-05,4.093044952590915e-05,4.153055186187989e-05
1311.0,0.3741404426584582,0.003302052112621757,0.00117867785699261,0.0005280340962266266,3.815350157289959e-05,4.092398508681031e-05,4.154646166567871e-05
1312.0,0.3740216121750545,0.003265911271830822,0.001177881335018883,0.0005278539174529009,3.810239356034849e-05,4.091252646719902e-05,4.156234920978689e-05
1313.0,0.3745710554330601,0.003343329715085285,0.001179114551630964,0.000527671055815656,3.805438411661557e-05,4.091320411733894e-05,4.158306687215797e-05
1314.0,0.3747401142294067,0.003400117278970022,0.001180802669564976,0.0005274780919015018,3.801024984334841e-05,4.09160549899711e-05,4.159833097670334e-05
1315.0,0.3750232320262663,0.003404697938141949,0.001180751572031849,0.0005272798423413097,3.796100108268428e-05,4.089367922425359e-05,4.163369798527832e-05
1316.0,0.374701055630874,0.003443790930523704,0.001180816061347995,0.0005270781516859046,3.791384609788789e-05,4.087526104821293e-05,4.163689304070361e-05
1317.0,0.3745445526594814,0.003457754664588366,0.001180487627844498,0.0005268709022858416,3.786521551095457e-05,4.084988645516872e-05,4.163235965795115e-05
1318.0,0.3747741559176962,0.003402021196267347,0.001181069024013927,0.0005266518105543227,3.782249286879393e-05,4.0836563074767e-05,4.165375046916225e-05
1319.0,0.3744975623375854,0.003379998373625478,0.001180420159514513,0.0005264304507643444,3.778246169374508e-05,4.081866652164488e-05,4.166723743851642e-05
1320.0,0.3744616974830285,0.003395999199278709,0.001180421201548171,0.0005261875778892776,3.774346196243677e-05,4.07993726023343e-05,4.168165923863078e-05
1321.0,0.3743361663542899,0.003408954333340303,0.001179701792061998,0.0005259277492569791,3.769228488867327e-05,4.077265497857057e-05,4.168868290435595e-05
1322.0,0.3740502437822381,0.003356003581685665,0.001178040384304702,0.0005256572020048698,3.766382462820351e-05,4.074984016531393e-05,4.169116977148987e-05
1323.0,0.3740659768046257,0.003478612456737126,0.001179003099526675,0.0005253950229095934,3.762510606560152e-05,4.072251900975857e-05,4.169371774226544e-05
1324.0,0.37423676263462,0.003397359434360512,0.001177366301296007,0.0005251168850331111,3.759166864889396e-05,4.068478073493341e-05,4.171423963031062e-05
1325.0,0.3741739153459942,0.003364758073583585,0.001177007425598547,0.0005248259067586135,3.756817943372898e-05,4.066778331357414e-05,4.172475322866292e-05
1326.0,0.373888175130056,0.003418727211150243,0.001177541705442285,0.0005245191385856155,3.754195076065166e-05,4.064395676130827e-05,4.173496225720436e-05
1327.0,0.374271118146865,0.00347982311735871,0.001177130608780007,0.0005242099483772988,3.751317829346461e-05,4.061323730542845e-05,4.175351282571932e-05
1328.0,0.3742637183586865,0.003442002214897867,0.001184422377916381,0.0005238828596718648,3.748552131277677e-05,4.058325882191083e-05,4.17507867121478e-05
1329.0,0.3744460149589371,0.003466767606616813,0.001181945356750787,0.0005235507011390098,3.746512945966679e-05,4.056547347034382e-05,4.17606281291539e-05
1330.0,0.3744476737849695,0.003370587000289395,0.001178087355435199,0.0005231975508313241,3.744333172547812e-05,4.053629125257235e-05,4.177171206948506e-05
1331.0,0.3745237785355934,0.003373275394009465,0.001176240319374334,0.0005228459316149163,3.742619012188814e-05,4.050466600102804e-05,4.177542621878818e-05
1332.0,0.3745378031820029,0.003365925160301985,0.001174323434507821,0.0005224897917018983,3.740230764420125e-05,4.047257786934289e-05,4.178930890962512e-05
1333.0,0.3748636504994053,0.003405333484268138,0.001173183109958695,0.0005221312765835154,3.739908567970299e-05,4.044474439397022e-05,4.179609215257594e-05
1334.0,0.3747148776115691,0.003390363324026196,0.00117071343738227,0.0005217803300202445,3.738879774913865e-05,4.042527083936407e-05,4.180550334681788e-05
1335.0,0.3749405244123132,0.003405131303312229,0.001170108067846373,0.0005214248398513744,3.73810276812804e-05,4.040698021966069e-05,4.180552559107892e-05
1336.0,0.3750763221909789,0.0033351527974951,0.001167767378887422,0.0005210787486770119,3.737569094959294e-05,4.037522288783543e-05,4.182187755233807e-05
1337.0,0.3753332739498206,0.003402227695656695,0.001166403029253273,0.0005207295209646932,3.73692057759102e-05,4.035335690499431e-05,4.180868112685196e-05
1338.0,0.3753488030684931,0.003374660521201625,0.001164816143444982,0.000520400388459101,3.737155075763208e-05,4.032671747468705e-05,4.178751792623323e-05
1339.0,0.375610022532394,0.003365470808814744,0.001163731759716599,0.0005200744331671608,3.737612528783984e-05,4.03017881106221e-05,4.178855357128862e-05
1340.0,0.3752944481849654,0.003313260685288448,0.001162391590718407,0.0005197594908717152,3.737724431188395e-05,4.027090642044479e-05,4.177338009281459e-05
1341.0,0.3753029934197945,0.003379958414384514,0.001162637832892312,0.0005194409500609829,3.737462410265899e-05,4.024334765944314e-05,4.177651509602792e-05
1342.0,0.3751374293773354,0.003321804901064601,0.001160201550620801,0.0005191374425889419,3.739408239570723e-05,4.022051980324323e-05,4.176234079574698e-05
1343.0,0.3755567264165366,0.00330147111267288,0.00116002057875617,0.0005188302348524977,3.740768173569489e-05,4.019949297140182e-05,4.174579689041395e-05
1344.0,0.375589984455043,0.003313658795888624,0.001159383436729437,0.0005185463756953115,3.742058831537178e-05,4.017337890994907e-05,4.174367696613939e-05
1345.0,0.3755833694527593,0.00339780072293789,0.001159901883285621,0.0005182612309112552,3.745639795814361e-05,4.016531576560005e-05,4.17293267447626e-05
1346.0,0.3758235257794483,0.003253841390399665,0.001157183497736823,0.0005180048286132165,3.746710912939578e-05,4.013713711471734e-05,4.170336994965217e-05
1347.0,0.375339562877091,0.003212672653584319,0.00115637093573534,0.0005177442653236803,3.748247348005068e-05,4.011523953253358e-05,4.166980990609947e-05
1348.0,0.3755382035459768,0.003347968860886788,0.001157482506679804,0.0005175193955470054,3.751019721144335e-05,4.010127113668528e-05,4.165665650452145e-05
1349.0,0.3759519782208611,0.00333070166289012,0.001157751686477845,0.0005172894315206652,3.752997787766874e-05,4.007619189169161e-05,4.16175498574414e-05
1350.0,0.3763802118492122,0.003323300670207975,0.001156792705381598,0.0005170905180094942,3.757512197478544e-05,4.005607714018179e-05,4.159283683476975e-05
1351.0,0.3763263531955153,0.003266286727178296,0.001156246116336255,0.000516887077481169,3.760723046956344e-05,4.003744635760489e-05,4.156370922201102e-05
1352.0,0.3766333664012965,0.003178387963131169,0.001154787807279283,0.0005167156490937227,3.764635262408837e-05,4.001841143224797e-05,4.154351701996876e-05
1353.0,0.3764792822433597,0.00326167863117448,0.001154970523707926,0.0005165466578421891,3.768841258534617e-05,3.999248692313124e-05,4.151671240873133e-05
1354.0,0.3768797808553475,0.003243734519314614,0.001154462072892523,0.0005164100377511358,3.770904181928463e-05,3.997785512977479e-05,4.148260162818621e-05
1355.0,0.3769706918582456,0.003159437934509584,0.00115367610478929,0.0005162720882510341,3.774704749828711e-05,3.995711169304249e-05,4.14520182432179e-05
1356.0,0.3770800399856624,0.003233759059855235,0.001154149022606574,0.0005161747354695842,3.778600253712557e-05,3.994500428260918e-05,4.14321062282214e-05
1357.0,0.3774591484537492,0.003250094455092976,0.001153898368213383,0.0005160795908888935,3.782837174973245e-05,3.992290118815028e-05,4.138456702085089e-05
1358.0,0.3775376974090211,0.003262182081402944,0.001154262797277716,0.0005160220910568011,3.786252690222477e-05,3.991307225858426e-05,4.134822294236687e-05
1359.0,0.3777573596626669,0.003303027941382724,0.001154775905378419,0.000515955910957507,3.788958751561896e-05,3.988898546768962e-05,4.131640642386426e-05
1360.0,0.3777534087918398,0.003333097787622645,0.001154580882009168,0.0005159084084488928,3.792297870848906e-05,3.986712931196256e-05,4.128330167377991e-05
1361.0,0.3779327434573952,0.003291941545959736,0.001153872326688144,0.000515858878534466,3.795503178162759e-05,3.984503054273632e-05,4.124368078220188e-05
1362.0,0.3782211478333259,0.003304898654415944,0.001153736711561362,0.0005158387859763195,3.799086890609799e-05,3.981854955215449e-05,4.121125107594983e-05
1363.0,0.3788509094200341,0.003379639953186686,0.001154168361063379,0.000515804376951948,3.802967761732848e-05,3.980145554965735e-05,4.118873119025249e-05
1364.0,0.3791940619822413,0.003268216394973728,0.001152754286798237,0.0005157902143169553,3.805809419715531e-05,3.978659451757954e-05,4.114798943738487e-05
1365.0,0.3793997335972151,0.003279946691298731,0.001152933180795507,0.0005157636889255109,3.810262821210517e-05,3.976454618431658e-05,4.110658695423666e-05
1366.0,0.3792013845090379,0.003296662222934531,0.001151835257062359,0.0005157587398790236,3.813887834110536e-05,3.973816686131535e-05,4.106260945766974e-05
1367.0,0.379127063572472,0.003266140530829717,0.001151552805839432,0.0005157435264285234,3.815339817856918e-05,3.970989222430701e-05,4.101548920412952e-05
1368.0,0.3792205818914491,0.003356213551067885,0.001152879114825581,0.000515744486701126,3.817260063494554e-05,3.969050353453201e-05,4.096642904572828e-05
1369.0,0.3789822553953114,0.003391051697284808,0.001152867588772004,0.0005157272428954513,3.819841387350264e-05,3.965405417325599e-05,4.092139238277352e-05
1370.0,0.3793135989497921,0.003315374522565603,0.001151592343098098,0.0005157312243138208,3.822722141947805e-05,3.962690850980571e-05,4.088174174648618e-05
1371.0,0.3793791471612531,0.00340547207875941,0.001153525395053461,0.0005157345077788564,3.825990729483756e-05,3.960155661893229e-05,4.084015721697451e-05
1372.0,0.379499416326783,0.003330278577626021,0.001151787894970756,0.0005157429801927579,3.829842026323906e-05,3.956633680510648e-05,4.078613681812146e-05
1373.0,0.3789659929020303,0.003307761275132929,0.001151587104440879,0.0005157443773882254,3.834093473821796e-05,3.953442045909609e-05,4.073590560045389e-05
1374.0,0.3790495004863295,0.003354502417284253,0.001152215285676825,0.0005157539611428077,3.835785190382205e-05,3.950162733837192e-05,4.068877718890724e-05
1375.0,0.3791978353279628,0.003358993525318368,0.00115154056459156,0.0005157685161882626,3.839924760382933e-05,3.94839785781293e-05,4.065174805528375e-05
1376.0,0.3794348067254918,0.003301159084742228,0.001150157261687261,0.0005157764937016289,3.842362174810941e-05,3.944663663727529e-05,4.059867377148103e-05
1377.0,0.3794915142085453,0.003315771591005323,0.001149760537363965,0.000515788641384961,3.846088534902093e-05,3.941643144254617e-05,4.054502068416993e-05
1378.0,0.3793712955164226,0.003340823778150375,0.001148422595590811,0.0005158109341671434,3.848388700398433e-05,3.938811903776774e-05,4.049249773475185e-05
1379.0,0.379370822238555,0.003344177746470166,0.001147228973763689,0.0005158282466708177,3.851011646837793e-05,3.9363075542249e-05,4.043163321543399e-05
1380.0,0.3799076779922543,0.003421033337543997,0.001146816463931476,0.0005158456088778237,3.853272840996145e-05,3.934726750867836e-05,4.038550693800544e-05
1381.0,0.3798298121351566,0.003401730166733721,0.001146011435083438,0.0005158669476014872,3.85792272519265e-05,3.932438134598537e-05,4.034621964418824e-05
1382.0,0.3804407467537536,0.003348853176572492,0.001144596407641616,0.0005158847305145696,3.86034771507725e-05,3.928541955477054e-05,4.028541585219094e-05
1383.0,0.3804436380882148,0.003248733455488924,0.001142920216913206,0.000515904590948433,3.863520674924958e-05,3.925571190637627e-05,4.022696630874314e-05
1384.0,0.3801857033168561,0.003302715084024934,0.001143327759515779,0.0005159139404024581,3.866784528986075e-05,3.92307136070719e-05,4.018039353196164e-05
1385.0,0.3802331128077592,0.003269541707181668,0.001141721415512946,0.0005159204855205826,3.870869806214391e-05,3.919439719636672e-05,4.010455657959617e-05
1386.0,0.3799900966653958,0.003321649000277051,0.001141614870918596,0.0005159215803171221,3.872163842589432e-05,3.915722943290559e-05,4.004011299528331e-05
1387.0,0.3802978857591378,0.00336069136321979,0.001140364278631828,0.0005159268579865834,3.874412277254212e-05,3.912931199404055e-05,3.998552734964057e-05
1388.0,0.3802116610770307,0.003381852777080799,0.001139408934691358,0.0005159190587491596,3.8753479577688e-05,3.90961816718234e-05,3.992378155896679e-05
1389.0,0.3801115964903332,0.003412967621576063,0.001138306266733829,0.0005159065515833938,3.877473161866239e-05,3.906332268907592e-05,3.986943602351203e-05
1390.0,0.3798546577319584,0.003310791971036974,0.001135937217429604,0.0005158805509731896,3.878462669208138e-05,3.902111429536541e-05,3.980157687130902e-05
1391.0,0.3802105856050145,0.003309487417573988,0.001135432705957039,0.0005158455623289911,3.878957451660013e-05,3.898095056745671e-05,3.974890607502184e-05
1392.0,0.3796793206562439,0.003333992341777246,0.001134538586671801,0.0005158000087749497,3.879954003143917e-05,3.893688792545497e-05,3.96826423340171e-05
1393.0,0.3791937060736143,0.003290297087755646,0.001132052548205532,0.0005157510965911401,3.881110818998689e-05,3.889969907312934e-05,3.961441332259177e-05
1394.0,0.3789648775438973,0.003167786903612627,0.001128502007765913,0.0005156873508325026,3.880623019444697e-05,3.886031018631374e-05,3.954398003340467e-05
1395.0,0.3785583481491888,0.003176586963200109,0.00112734476502832,0.00051561819167194,3.880731135756469e-05,3.882535097112403e-05,3.94709541221494e-05
1396.0,0.3783963621172336,0.003167701651966203,0.001125410493740456,0.0005155311186445971,3.880677017273586e-05,3.877974186769063e-05,3.940359779939624e-05
1397.0,0.3784482150071298,0.003141416471282469,0.001123515080428589,0.0005154349597376891,3.880970738779997e-05,3.873038986804952e-05,3.932992923190367e-05
1398.0,0.3781045397518142,0.003186599617931464,0.00112272004807994,0.000515320785295408,3.881037636191805e-05,3.869010169539214e-05,3.925579679858446e-05
1399.0,0.3778228395528918,0.003147203914132536,0.001120045344222918,0.0005151981597892676,3.881021181650221e-05,3.86514594388966e-05,3.918192385141946e-05
1400.0,0.3777352492036953,0.003218751607766487,0.001120239846796961,0.0005150708153443337,3.880225133774692e-05,3.861182036034772e-05,3.912476455122596e-05
1401.0,0.3778759220227625,0.003178894725267725,0.00111764458551744,0.0005149266782768966,3.880402140474564e-05,3.857221340283528e-05,3.905792872129357e-05
1402.0,0.3777567062113955,0.003264056398934181,0.001116497941991191,0.0005147803072761812,3.880955265502123e-05,3.852936423651027e-05,3.900454771894291e-05
1403.0,0.3778977771259525,0.003245244481308657,0.001114571669084315,0.0005146185260099742,3.88105089705838e-05,3.848844733294704e-05,3.894297991919611e-05
1404.0,0.3774234937172224,0.003173391355436662,0.001112470429008048,0.000514457768937159,3.880893655196829e-05,3.846119598814989e-05,3.886952279009225e-05
1405.0,0.3776568127375907,0.003182604978085178,0.001111451664954651,0.0005142887080112605,3.881403226957561e-05,3.842403546004515e-05,3.880773219067458e-05
1406.0,0.3773684382612646,0.003123595650090421,0.001109924818504243,0.0005141217237608194,3.880774200584014e-05,3.838014870001282e-05,3.875066621362284e-05
1407.0,0.3773421494325547,0.003131461853561787,0.001107940042202578,0.0005139358348280827,3.880218277648496e-05,3.834016217124189e-05,3.869933690661505e-05
1408.0,0.3769051951546001,0.003095475629712834,0.001104750451263645,0.0005137468933005308,3.879244964472483e-05,3.830873604146446e-05,3.8637474706925e-05
1409.0,0.3762516184603264,0.003159423181123984,0.001104218427667451,0.0005135545268731311,3.878907676529232e-05,3.828078812723035e-05,3.858232475476125e-05
1410.0,0.3760621618676338,0.003115238590416318,0.001102921055415733,0.0005133549905747654,3.878291705879558e-05,3.823933968467413e-05,3.852048560268098e-05
1411.0,0.3755183962174197,0.00320847565146437,0.001102091649016013,0.0005131401271419009,3.87603113074452e-05,3.820716047776496e-05,3.847357404162197e-05
1412.0,0.3746055801646833,0.003128504978965883,0.001100241502807661,0.0005129287383024034,3.874180259712154e-05,3.815953885439642e-05,3.840608393051145e-05
1413.0,0.3739889288149015,0.003104473758816463,0.001099052292455357,0.0005127064377998279,3.87237406218322e-05,3.811316182279303e-05,3.835108968727701e-05
1414.0,0.3732142835640486,0.002984519225629351,0.001096865095334636,0.0005124748665310722,3.87020358100899e-05,3.807295050939714e-05,3.82875757512615e-05
1415.0,0.3727689906436339,0.003066204385781389,0.001097024383618405,0.000512246308880958,3.869169185689219e-05,3.805048176367578e-05,3.824027672724726e-05
1416.0,0.3724931616144188,0.003034104893749873,0.001095197841179115,0.0005120100647756384,3.867103232892236e-05,3.801283516270066e-05,3.818122817108307e-05
1417.0,0.372412360544105,0.002988669363506486,0.001094250014567949,0.0005117742101714694,3.866035572155023e-05,3.798132930746042e-05,3.812664550624053e-05
1418.0,0.3718916871332784,0.003049167085485467,0.001093984379171849,0.0005115370259723618,3.864849940757523e-05,3.79517537941585e-05,3.807805620839068e-05
1419.0,0.3718932981046328,0.003065777920290401,0.001094064199507691,0.0005113067810544135,3.863512758038647e-05,3.792240177203854e-05,3.804482789012924e-05
1420.0,0.3718701280978812,0.003050595430843126,0.001093685849270725,0.0005110825374515511,3.862940444202056e-05,3.789668195182673e-05,3.800556493965564e-05
1421.0,0.37142386049543,0.003005065221116222,0.001092971288517073,0.0005108763338827198,3.861807037423011e-05,3.786204513320192e-05,3.794795342607657e-05
1422.0,0.3706543362230533,0.00304566191148085,0.001093504966577207,0.0005106648960351614,3.860048866010067e-05,3.783134111250941e-05,3.789241113208959e-05
1423.0,0.3702663216797982,0.003067137295089258,0.001093513234634188,0.0005104633564939035,3.858089125485569e-05,3.780801961654916e-05,3.784415274188026e-05
1424.0,0.3700754129004971,0.003037081013363772,0.001093491777265008,0.0005102626145358968,3.856933323693714e-05,3.77922545135214e-05,3.778479230422391e-05
1425.0,0.3699944675647832,0.003140473169132235,0.00109550645311486,0.0005100847554820656,3.856626587099489e-05,3.777370175360118e-05,3.774730830114183e-05
1426.0,0.3700702713238536,0.0031508606900757,0.001096252326932744,0.0005098949933375713,3.855672949470592e-05,3.774626696327041e-05,3.770167324221603e-05
1427.0,0.3698167291605966,0.003163840247850548,0.001097609935861656,0.0005097098426989378,3.853784691817945e-05,3.772033506978871e-05,3.766265763193551e-05
1428.0,0.3691794858853682,0.003182281588620341,0.001099572578642457,0.0005095230472880627,3.853039067910349e-05,3.76913943791877e-05,3.761627133658092e-05
1429.0,0.3689398193996327,0.003175374619396708,0.001099853909605089,0.0005093374719696934,3.851842565228404e-05,3.765910308402843e-05,3.758126890548676e-05
1430.0,0.3683683479811903,0.003118144799627276,0.001098746723569902,0.000509149112630951,3.850790825130841e-05,3.763851768543917e-05,3.75362663784939e-05
1431.0,0.3679583144350609,0.003212128476811744,0.001100177015950806,0.0005089660651782631,3.849088981850656e-05,3.761707842368949e-05,3.74915595578904e-05
1432.0,0.3678300180325547,0.003211959781702818,0.001100102002915045,0.0005087791283378882,3.847597047723677e-05,3.759520065733884e-05,3.746353844054105e-05
1433.0,0.367122706700397,0.003206812247818123,0.001100559936565862,0.0005086010707851561,3.845890132696725e-05,3.757203765104585e-05,3.742946487559097e-05
1434.0,0.3667638745165551,0.003177854021935691,0.001101030529102891,0.0005084177647604417,3.844362319326363e-05,3.753857777196982e-05,3.738513179952549e-05
1435.0,0.3665431274962092,0.003218744873757366,0.001102687944362473,0.0005082337924877598,3.843403007396832e-05,3.751649009686773e-05,3.735600888028144e-05
1436.0,0.3665262669162078,0.003169023699552266,0.001102382114355008,0.0005080449626785109,3.843497489851676e-05,3.749359388068481e-05,3.731282609610012e-05
1437.0,0.3659466218218835,0.003159638524182311,0.001102604164104858,0.0005078617730488286,3.84160422791456e-05,3.74644276100264e-05,3.727372863687772e-05
1438.0,0.3658539812552504,0.003227674653006612,0.00110406137496713,0.0005076817922313425,3.840006704880815e-05,3.743264291388146e-05,3.724747930136318e-05
1439.0,0.3654610295801508,0.003239910373061877,0.001104153905243236,0.0005075054521727627,3.836953675285612e-05,3.740453027901003e-05,3.722058170162919e-05
1440.0,0.3651128569266396,0.003205075783260382,0.001103758433392224,0.0005073219421039521,3.835231246063287e-05,3.737466853244038e-05,3.719067161931637e-05
1441.0,0.3647493562386743,0.003234872634266997,0.001105216550102107,0.0005071246822759491,3.833725549502899e-05,3.734907197477678e-05,3.715242780836441e-05
1442.0,0.3644487700983405,0.003314650945276863,0.001107373538886801,0.0005069278989116158,3.833042256007986e-05,3.732830349211225e-05,3.711224480164778e-05
1443.0,0.3637834807622976,0.003248301011107708,0.001105288476590522,0.0005067319061334015,3.830902066428679e-05,3.729352941249997e-05,3.705840342122835e-05
1444.0,0.3634560533331819,0.00323124384989111,0.001104774325065779,0.0005065337518344021,3.828893115055709e-05,3.726117408214701e-05,3.702371579896088e-05
1445.0,0.3628849085483716,0.003306284200019814,0.001106006530105939,0.0005063425843314421,3.827105075299908e-05,3.722556175972982e-05,3.698404863043772e-05
1446.0,0.3626420521349997,0.003253972656708672,0.001104044103277111,0.0005061341776544394,3.824009179327984e-05,3.719299985358723e-05,3.694059776803848e-05
1447.0,0.3622034882451249,0.003337104658975456,0.001105257819468058,0.0005059244572493901,3.820047536252128e-05,3.716723138955355e-05,3.692978939870925e-05
1448.0,0.3620491319744709,0.003287243972968278,0.001105202767555826,0.0005057108768981379,3.81743184809121e-05,3.713024742850748e-05,3.689664834146945e-05
1449.0,0.36115710499733,0.003286892453675187,0.001103948435257993,0.0005054938720848741,3.81464015641304e-05,3.708962006247671e-05,3.687006501701836e-05
1450.0,0.3609974452087916,0.003235204643917149,0.00110285216102119,0.0005052573407580667,3.811611563159837e-05,3.705792593369478e-05,3.683524177688841e-05
1451.0,0.3606549199878305,0.003256880109409579,0.001102599122436325,0.0005050428550067996,3.809864652147457e-05,3.70363740836788e-05,3.680617611988178e-05
1452.0,0.360993513732454,0.003304400405844685,0.001103407927748011,0.0005048187857938892,3.806232413397092e-05,3.699959837589052e-05,3.677397237336787e-05
1453.0,0.3600229586001293,0.003277126025957741,0.001102862555157188,0.0005045964987310264,3.802059075137214e-05,3.696249903400814e-05,3.675427487731939e-05
1454.0,0.359584521601201,0.003264842974990644,0.001101696739103797,0.0005043695102115157,3.798959189101882e-05,3.69237342534364e-05,3.673513896906425e-05
1455.0,0.3591852245840484,0.003235003627449802,0.001100313232702519,0.000504140834798181,3.794590230818794e-05,3.689427358876788e-05,3.670243814993681e-05
1456.0,0.3587255183341109,0.003257427525277712,0.001099483436184161,0.0005039070423784043,3.791411035723219e-05,3.686332474393651e-05,3.667542901555306e-05
1457.0,0.3589088754659906,0.003290690680490291,0.001099226916021927,0.0005036721074044334,3.788153464519721e-05,3.682889074841673e-05,3.665556883208381e-05
1458.0,0.3587169735507056,0.003420966771098235,0.001100666372656269,0.0005034297001104542,3.784734644170324e-05,3.679900373487807e-05,3.665099226883148e-05
1459.0,0.3580858054299305,0.003368439316207937,0.001099298414650534,0.0005032220936967447,3.780739285521724e-05,3.676457943252438e-05,3.664143000763761e-05
1460.0,0.3584126238672015,0.00332833806916399,0.001097805257562887,0.0005029951764559636,3.776175169605393e-05,3.673901618443283e-05,3.662005122834031e-05
1461.0,0.3580370477931533,0.003304156923594633,0.001098116549330307,0.000502758641762995,3.771178594210064e-05,3.671331757177992e-05,3.659907624363094e-05
1462.0,0.3572791439455083,0.003331989432451576,0.001098490133735936,0.0005025396403762512,3.766324082941404e-05,3.669502796057586e-05,3.657596050947762e-05
1463.0,0.3570410684353494,0.003348023269983062,0.001098475808413371,0.0005023285963094701,3.761198383267373e-05,3.665586376315568e-05,3.655842912361925e-05
1464.0,0.3567591789748987,0.003371694055757698,0.001097952935441412,0.00050212077701847,3.756544849138229e-05,3.662432793739411e-05,3.65387442170182e-05
1465.0,0.3559367795555261,0.003271852105170481,0.001095806040717479,0.0005019109119123337,3.751372608799553e-05,3.659249491501342e-05,3.651044319410782e-05
1466.0,0.3555608503355501,0.003295783397755147,0.001096533269926455,0.0005017122355064682,3.746670048571716e-05,3.656523664058534e-05,3.650090009436466e-05
1467.0,0.3556298840643747,0.00328019315226821,0.001095318625322734,0.0005015067464366544,3.742011948465258e-05,3.653836357238247e-05,3.649637281476557e-05
1468.0,0.3547583586956466,0.003292456008968749,0.001095451018509815,0.000501314429914255,3.737094089453755e-05,3.650630193908941e-05,3.648740299223422e-05
1469.0,0.3544308546220306,0.003216626114689485,0.001093883882200083,0.0005011273677378781,3.733062697358454e-05,3.648589228398068e-05,3.646434606094156e-05
1470.0,0.3543769663927562,0.003198222914378653,0.001092592830358231,0.0005009377171393404,3.728277418264745e-05,3.646600923297849e-05,3.645547937185766e-05
1471.0,0.3534760186293729,0.003262199068324213,0.00109373941772694,0.0005007818132433693,3.723023906290963e-05,3.645586491965703e-05,3.645294226145953e-05
1472.0,0.3544868553795928,0.003294105508953556,0.001094657140475041,0.0005006147956360728,3.719544800600448e-05,3.642850127684983e-05,3.645627894508111e-05
1473.0,0.3534644943515863,0.003234057514671367,0.00109242737157328,0.0005004520175574003,3.716255712572273e-05,3.640250386181257e-05,3.644792599970481e-05
1474.0,0.3530128432511717,0.003248648053895307,0.001092745857326957,0.0005002961703846256,3.712080623353676e-05,3.638089480657929e-05,3.642826463524969e-05
1475.0,0.3524787665863972,0.003172908840149495,0.001090773106728777,0.0005001351789485798,3.708074452077032e-05,3.634498519805292e-05,3.641694831351188e-05
1476.0,0.3522401605482459,0.003185798289302268,0.001090512744875987,0.0004999830467208685,3.703311759649484e-05,3.631849121408145e-05,3.642282299044635e-05
1477.0,0.3525028336619583,0.003218212965120271,0.001090765667647677,0.0004998200424566759,3.698362379581421e-05,3.63019519494042e-05,3.642857174235445e-05
1478.0,0.3519306380436195,0.003267239880773974,0.001090962687979468,0.0004996599631334536,3.693975501256257e-05,3.628292653065456e-05,3.642541487770524e-05
1479.0,0.3515359045856786,0.003265279869272494,0.001090303650248429,0.000499506992746894,3.691117220231393e-05,3.627417581273211e-05,3.641046194339151e-05
1480.0,0.3514256176722902,0.003170226783657853,0.00108922116690212,0.0004993506019950325,3.68656015353945e-05,3.624768161911624e-05,3.639958546687249e-05
1481.0,0.3506722059591395,0.003202599598530385,0.001089875126866986,0.0004992191270811845,3.682928127485234e-05,3.624122475415665e-05,3.640448417579939e-05
1482.0,0.3510479987182814,0.003187539728586038,0.00108812611331357,0.0004990820968508818,3.678533753490323e-05,3.621111192191022e-05,3.640916946227037e-05
1483.0,0.3505086408698033,0.003157133794736511,0.001088072880357693,0.0004989430777535453,3.674659412821465e-05,3.619352958068801e-05,3.640769156674149e-05
1484.0,0.3498694946622961,0.003207394169814964,0.001088280460272416,0.0004988320669932702,3.670717095977871e-05,3.616441149621668e-05,3.639914907657314e-05
1485.0,0.3492222521235546,0.003119656617513953,0.001085995216106718,0.000498738257764641,3.666206872881632e-05,3.613019226668467e-05,3.639762292231426e-05
1486.0,0.3490872064211479,0.003200612452734886,0.001086661718795336,0.000498663450925586,3.661160187892698e-05,3.61099395447514e-05,3.639259945003725e-05
1487.0,0.3484964819290339,0.003165041855415604,0.001084922006185837,0.0004985967384171853,3.657534621756993e-05,3.608856806366167e-05,3.638651381830426e-05
1488.0,0.3486012894572573,0.003152809561573607,0.001083787562038753,0.000498549082194032,3.652545803109473e-05,3.605579194072764e-05,3.638484905857721e-05
1489.0,0.3483025968313292,0.003125587450658679,0.00108440184892571,0.0004984971709392184,3.648213704342858e-05,3.604098601575458e-05,3.640422378438612e-05
1490.0,0.3479593777560585,0.003161077259365392,0.001083553757629835,0.0004984702022786718,3.643107709898154e-05,3.600584792874108e-05,3.638836243011193e-05
1491.0,0.3471559097310172,0.003198148594475299,0.001082147245398562,0.0004984413884643482,3.640047181336587e-05,3.599168853882045e-05,3.63914000183493e-05
1492.0,0.3474135591560163,0.003142522118288579,0.001081230281606289,0.0004984347930229355,3.634993758696674e-05,3.595144899781177e-05,3.63882465206528e-05
1493.0,0.3464157907888422,0.003126771561978458,0.001079311991985176,0.0004984035186270955,3.628943876986699e-05,3.590712148543108e-05,3.636884607493571e-05
1494.0,0.3460843066211227,0.003132883497561505,0.001079878478007042,0.0004984122597750169,3.62407316724335e-05,3.587569442449118e-05,3.636177116256425e-05
1495.0,0.3458705294957225,0.003120712365960105,0.001080458517165602,0.0004984005441138255,3.618500909654827e-05,3.584256034601155e-05,3.636007851122925e-05
1496.0,0.3454636785268655,0.003190298342863794,0.001081462235340164,0.00049843966938194,3.613856240962724e-05,3.583152721375328e-05,3.637197532924111e-05
1497.0,0.344905590157373,0.003192440498156768,0.001078613677109945,0.0004984468354724825,3.607714286089067e-05,3.578442011089975e-05,3.635566827966751e-05
1498.0,0.3442852442767471,0.003132501884889943,0.001076339262658584,0.0004984900513011485,3.602723355401303e-05,3.57379519693884e-05,3.633854683383065e-05
1499.0,0.3436085740482331,0.003127321991045103,0.001074168997248285,0.0004985108824616604,3.596646993609661e-05,3.570064497187773e-05,3.632380581409797e-05
1500.0,0.3429356630767517,0.003259704319076709,0.001073932800822695,0.000498565261526253,3.59072829864485e-05,3.566411391783062e-05,3.631390813509106e-05
1501.0,0.3425066136201906,0.00321304932017436,0.00107866016571368,0.0004985907367285485,3.584657879185875e-05,3.561898567248926e-05,3.629987745426232e-05
1502.0,0.3419404121646237,0.003130310700795603,0.001074658152628033,0.0004986566243563948,3.578150233747804e-05,3.55736756350812e-05,3.62781913945153e-05
1503.0,0.3415422099648779,0.003064074684327295,0.001071063465144757,0.0004986959040617864,3.57213620371375e-05,3.55348632191894e-05,3.625984181316564e-05
1504.0,0.3413243597372076,0.003120000038210853,0.001069612725878027,0.0004987688361147293,3.566471493970333e-05,3.549183565994611e-05,3.625254252210647e-05
1505.0,0.3407944485053928,0.003083675906607041,0.001066652914411071,0.0004988404557232127,3.56004697653908e-05,3.543295909829619e-05,3.623769348388569e-05
1506.0,0.3399989339424106,0.003118012098024137,0.001064270166380644,0.0004989581693132513,3.55405212480762e-05,3.538906781802293e-05,3.622584661050239e-05
1507.0,0.3393859198930161,0.003142246336907177,0.001061738214588162,0.0004990623769037188,3.548958396757837e-05,3.534517161994406e-05,3.619923882063559e-05
1508.0,0.3390693965814164,0.003025925489589141,0.001057082512776738,0.0004991900324108391,3.54277283676881e-05,3.530190886536753e-05,3.618109746826876e-05
1509.0,0.3383680369231421,0.003015948341405266,0.001054393112276969,0.0004992957845421855,3.536413947073171e-05,3.525249595970725e-05,3.614775032361157e-05
1510.0,0.3376065338779621,0.003032142416049145,0.001051640132715,0.0004994231076916781,3.530586425571442e-05,3.520288792296121e-05,3.612262204179588e-05
1511.0,0.3373053072462363,0.00326524893806579,0.001052324403192054,0.0004995493702962248,3.524591457119006e-05,3.516176142709379e-05,3.610531113049852e-05
1512.0,0.3369397330828577,0.003270356158121168,0.001056887567006975,0.0004996764642093581,3.519205682800684e-05,3.5106198998957e-05,3.608072599280844e-05
1513.0,0.3363301596258703,0.003245827940461059,0.001060053992612016,0.0004998024256860265,3.512483731538663e-05,3.505717543912976e-05,3.604998645082704e-05
1514.0,0.3356679694506985,0.003090193691603294,0.001053482435064782,0.0004999479209954519,3.506982326377597e-05,3.500540366745388e-05,3.601881902004305e-05
1515.0,0.3350652914139158,0.003050649459768713,0.001047166067924034,0.000500089165056256,3.501313830858922e-05,3.495957632033853e-05,3.599513476526606e-05
1516.0,0.3348017376117879,0.002982044846310059,0.001042745827032614,0.0005002508188976374,3.495574549524811e-05,3.491999496584634e-05,3.597427551406147e-05
1517.0,0.3341818040715077,0.002992121041314735,0.001039287367091486,0.0005003990190582352,3.490177184687994e-05,3.487112695687921e-05,3.594266708603171e-05
1518.0,0.333358820980137,0.003029973790271371,0.00103680736622972,0.0005005587228614272,3.484386467965912e-05,3.482275047552292e-05,3.59145102983928e-05
1519.0,0.3324971922304621,0.003027697168482749,0.001033171996409949,0.0005007160599585225,3.477945000186892e-05,3.476862268031843e-05,3.587861146872509e-05
1520.0,0.3318508107646662,0.002996855542463441,0.001029616807849434,0.0005009071671796142,3.47178151229794e-05,3.47208495887201e-05,3.585522921647959e-05
1521.0,0.3312208755809576,0.002883006466922104,0.00102568384711934,0.0005010923273917915,3.465639604932773e-05,3.467483420064215e-05,3.581755343448587e-05
1522.0,0.3307275195090459,0.002927877123825634,0.001023299435970205,0.000501289168897128,3.459946963235319e-05,3.462445659971253e-05,3.578943068942906e-05
1523.0,0.3302803248230627,0.002926950626250209,0.001020674044113563,0.0005014645316188754,3.454242769417353e-05,3.457828201719376e-05,3.577590854588263e-05
1524.0,0.3301021298471927,0.002916827018810732,0.001018263353809034,0.0005016468715067343,3.449629228652867e-05,3.454595680544435e-05,3.576136485592232e-05
1525.0,0.3298441885091936,0.002841941466058527,0.001014804794129887,0.0005018323676714983,3.44312356174215e-05,3.450463062394589e-05,3.573652764184288e-05
1526.0,0.3287805207826947,0.002779399079966421,0.001012166735530954,0.00050201851121774,3.437028078188708e-05,3.445270047536112e-05,3.571129587439342e-05
1527.0,0.3285993889720322,0.002826568049648784,0.001010683261188183,0.0005022256293573027,3.43109061518872e-05,3.442155656893633e-05,3.569187705154559e-05
1528.0,0.3278415784891295,0.002753498918739797,0.001007869424140377,0.0005024344031912983,3.424710263341574e-05,3.436580332951621e-05,3.566600831512521e-05
1529.0,0.3271069834328877,0.00280632620592878,0.001006636916953412,0.0005026589591755482,3.418528834598835e-05,3.433048944672423e-05,3.564665959523938e-05
1530.0,0.3269305770805498,0.002828178920432705,0.001005957479620569,0.0005028913493449628,3.413640900677946e-05,3.428889319794558e-05,3.563714561102717e-05
1531.0,0.3261353339665943,0.002758737276154998,0.001003469593991194,0.0005031203894974811,3.407545395815904e-05,3.425414213589446e-05,3.560588033755617e-05
1532.0,0.3251842941394126,0.002716882387622832,0.001001425199150184,0.0005033686910980721,3.40327506086782e-05,3.422117827261626e-05,3.557997001135315e-05
1533.0,0.3250067101418049,0.002743325652055193,0.001000101683722544,0.0005036126753261233,3.398833317295343e-05,3.419659691366992e-05,3.556724507320613e-05
1534.0,0.3245097677807564,0.002775872989542869,0.0009988169608659595,0.0005038558499451607,3.393814873142872e-05,3.415231302907544e-05,3.554919844326134e-05
1535.0,0.3242141509263612,0.002747969242180692,0.0009966081757997185,0.0005041040891051394,3.389290829229554e-05,3.41095439908217e-05,3.553581450827095e-05
1536.0,0.3235053985884429,0.002712281504925558,0.0009943529427384704,0.0005043596819129982,3.385123355844912e-05,3.407730698463717e-05,3.552438417878471e-05
1537.0,0.3232772433010896,0.002750297736106346,0.000994883286970891,0.0005046135439962725,3.380559950396271e-05,3.404913721670216e-05,3.550414765016939e-05
1538.0,0.3227298477050886,0.002746593995069099,0.0009937126990558196,0.0005048905996936019,3.376544855624655e-05,3.400528639308974e-05,3.549344589801515e-05
1539.0,0.3226072236044566,0.002758153497060792,0.0009924519608675091,0.0005051696775170437,3.372204501005682e-05,3.396976537668235e-05,3.547812342382784e-05
1540.0,0.3217516013802139,0.002810522502046144,0.0009925706861313944,0.0005054692220080639,3.3682618701105e-05,3.392838642932317e-05,3.546830193254595e-05
1541.0,0.321622030328624,0.002754230596490264,0.0009902884595341316,0.0005057693481099058,3.363277747580346e-05,3.388732574492224e-05,3.544149484856156e-05
1542.0,0.3208152274533306,0.002665735752312461,0.0009880317222464706,0.0005060854687636811,3.358822606518562e-05,3.384890482104162e-05,3.542145499644473e-05
1543.0,0.3206009451243467,0.002726536849681628,0.0009877933615189591,0.0005063826119383209,3.354958645194565e-05,3.381988726673183e-05,3.539683985488132e-05
1544.0,0.3203240386601432,0.002737472709312914,0.0009867371076183432,0.0005066831509764739,3.352087558529108e-05,3.377998372844285e-05,3.538018264824365e-05
1545.0,0.3195407960606836,0.00269291318845792,0.0009865069197380854,0.0005069856819102928,3.347301398661614e-05,3.375159011297804e-05,3.536145986844847e-05
1546.0,0.3189276893607865,0.00264072554067312,0.0009850057497873725,0.0005073063744369905,3.343280018868166e-05,3.371234585255652e-05,3.533692363778814e-05
1547.0,0.3186831154990551,0.002598027365846429,0.000983338125997328,0.0005076094978626064,3.339069617858344e-05,3.367449164162777e-05,3.53165585951379e-05
1548.0,0.3181930491497195,0.002625266219882433,0.0009823775949656225,0.0005079161952946094,3.335271067529703e-05,3.364574381841574e-05,3.531199006704175e-05
1549.0,0.3177954101507128,0.002685140989603228,0.000983136070651936,0.0005082065802932656,3.331085182122908e-05,3.361298358756115e-05,3.528563618600686e-05
1550.0,0.3177512513814663,0.00270375334038309,0.000982398216628359,0.0005084815585629614,3.328946765060085e-05,3.358316226084948e-05,3.525807103400948e-05
1551.0,0.3176834042994881,0.002762281438976156,0.0009824329331962127,0.0005087441995026688,3.325288635769945e-05,3.355294330695535e-05,3.524078764341151e-05
1552.0,0.317450912274013,0.00272269549901317,0.000980847237156699,0.0005089907090254544,3.321167495043378e-05,3.351792506784324e-05,3.522269453920704e-05
1553.0,0.3168254718653725,0.002745237005860093,0.0009812024251919889,0.0005092025142692474,3.317015138480759e-05,3.348754702555486e-05,3.51890703056812e-05
1554.0,0.3162060237460287,0.002708098400078996,0.0009797415394139095,0.0005094089795274428,3.313423037451611e-05,3.345419629944585e-05,3.516155410858848e-05
1555.0,0.3162006245642234,0.002725232876972065,0.0009794430691656912,0.0005095916856532042,3.310214851639513e-05,3.343501825565193e-05,3.514464611050591e-05
1556.0,0.3156560619338825,0.002653348327079138,0.0009777089228323538,0.0005097686986799556,3.306635085721688e-05,3.339784986485031e-05,3.511325570620922e-05
1557.0,0.3152788830904105,0.00268758484344456,0.0009772766432433052,0.0005099306496262202,3.302295002171177e-05,3.336546598898277e-05,3.50855928679556e-05
1558.0,0.3149042090647622,0.002738413963700656,0.000977672894579538,0.0005100953099269137,3.298749622906178e-05,3.333307188705965e-05,3.504711098036228e-05
1559.0,0.3146443931299359,0.002707601139314532,0.0009764209597209474,0.0005102540722731592,3.295137678334622e-05,3.330113590236183e-05,3.501251274412601e-05
1560.0,0.3138772132095691,0.002705962630877969,0.0009751656545082801,0.0005104042142553406,3.290882900153778e-05,3.327713852933569e-05,3.497711080663399e-05
1561.0,0.3134318375902141,0.0025780795968325,0.000972711105176506,0.0005105448929395685,3.285964929360858e-05,3.323692488705763e-05,3.492514248050969e-05
1562.0,0.3133324762760665,0.002610056864610918,0.0009725291953551493,0.0005106583359285657,3.283385832361339e-05,3.321421482001794e-05,3.489403116482317e-05
1563.0,0.3134016669464041,0.002624627675587701,0.0009712556550382522,0.0005107592094941799,3.280281960761819e-05,3.318965796130504e-05,3.485363710771631e-05
1564.0,0.3129858088184518,0.002653390879358946,0.0009719414933843197,0.0005108528622447785,3.276921283261236e-05,3.315945191033196e-05,3.481917190315119e-05
1565.0,0.3133045954690598,0.00262042861338347,0.0009706232164127004,0.0005109327185875376,3.273023187879426e-05,3.313616303406115e-05,3.477532158160852e-05
1566.0,0.3131100287186958,0.002587761742443094,0.0009702095342434992,0.0005109929322999313,3.269095417797709e-05,3.311435993179098e-05,3.473521531891851e-05
1567.0,0.3130545458044462,0.002594807774948658,0.0009704998353543767,0.0005110455768355202,3.265620660858118e-05,3.308262497197741e-05,3.468378462880553e-05
1568.0,0.3125558863987664,0.002642279734812211,0.0009707754757468341,0.0005110830232776997,3.264142359116097e-05,3.306050325458552e-05,3.464361263027774e-05
1569.0,0.3123583497337549,0.002628442062078293,0.0009698139765539989,0.0005111051634192649,3.260449758767185e-05,3.30278083861251e-05,3.459064377237894e-05
1570.0,0.3118962212058619,0.00262972409948772,0.0009705956111548949,0.0005111157532734412,3.257239522325053e-05,3.30051896467367e-05,3.45494858390704e-05
1571.0,0.3119117101320583,0.002587039255348689,0.0009696232398813931,0.0005111059967658307,3.253642702888059e-05,3.29787731936792e-05,3.450532250585446e-05
1572.0,0.3118289875935817,0.002632192419250674,0.0009707472418646576,0.0005110853283892802,3.250685034768528e-05,3.295388726451175e-05,3.445873564417194e-05
1573.0,0.3118939378828109,0.002600266765992527,0.000970008683604519,0.0005110449232278158,3.248375514091215e-05,3.292898252585874e-05,3.440018556819351e-05
1574.0,0.3119461644577861,0.002619382206384092,0.0009708837111471211,0.0005109849338614892,3.246216332294545e-05,3.291002123386922e-05,3.436001828012913e-05
1575.0,0.3119689192369624,0.002625975581620271,0.0009712920145173401,0.0005109045011412862,3.243759988967879e-05,3.288760792520394e-05,3.432677131912979e-05
1576.0,0.3116876460747401,0.002692784933432585,0.0009729394789179627,0.0005108032535617852,3.240401597281234e-05,3.286175822805526e-05,3.428042709848082e-05
1577.0,0.3115272265920827,0.002721690205716226,0.0009736114661134096,0.0005106781210001538,3.237633318499076e-05,3.283591923525218e-05,3.422356580806052e-05
1578.0,0.3111311056887776,0.002754951152448855,0.0009752870707472928,0.0005105543666506933,3.235568829207146e-05,3.282968566061966e-05,3.417286583797869e-05
1579.0,0.3111345632624862,0.002666739846570431,0.0009746290787988846,0.000510401471720215,3.23367524357892e-05,3.280718048689973e-05,3.41121468848477e-05
1580.0,0.3109708251939393,0.002632082826000908,0.0009749333815405829,0.0005102152660041953,3.231170281511136e-05,3.277927702710399e-05,3.405554020516345e-05
1581.0,0.3109158748217229,0.002722499899746733,0.0009761113725119512,0.0005100003564163212,3.227971889987309e-05,3.2748692857555e-05,3.401080285964834e-05
1582.0,0.3103389129165476,0.002685142418659408,0.0009758782891702543,0.0005097712137532286,3.225057294304321e-05,3.271221837126783e-05,3.396130379736777e-05
1583.0,0.3102945040059013,0.002732998058358418,0.0009771473209988545,0.0005095171059919381,3.222041908528045e-05,3.268621115765639e-05,3.391699086862761e-05
1584.0,0.3101933094587127,0.002708793504512121,0.0009770847719915386,0.0005092614130072838,3.219650061899214e-05,3.267143530307784e-05,3.38679441960975e-05
1585.0,0.3102711592783801,0.002638087521530076,0.0009775478858660884,0.0005089888940966516,3.217615256804906e-05,3.2654364900183e-05,3.382030769276747e-05
1586.0,0.3096580528269923,0.002655935778839915,0.0009785475937423328,0.0005087077133982512,3.214720080833955e-05,3.262709461935649e-05,3.376208413296712e-05
1587.0,0.3094742732193353,0.002575734925834055,0.0009772772100753895,0.0005084245514188578,3.212617712952503e-05,3.259830534518742e-05,3.370027682899358e-05
1588.0,0.3091266680343194,0.002634404170959661,0.0009788424139632887,0.000508137087225261,3.210504022569627e-05,3.257955406037667e-05,3.365153642254982e-05
1589.0,0.308753672601782,0.002606745598733713,0.0009790512256554196,0.0005078358515100843,3.207356734480483e-05,3.255360082636914e-05,3.359405002449643e-05
1590.0,0.3086685690084502,0.002557375383373048,0.0009790512731547324,0.000507529579409619,3.204826212522986e-05,3.253494424078229e-05,3.354312026985059e-05
1591.0,0.3087498113120439,0.002523204838472781,0.0009784986158794182,0.0005072048062339709,3.202730189949403e-05,3.25174835559721e-05,3.349339127600775e-05
1592.0,0.3082737730682748,0.00255656815245976,0.000979620520728171,0.0005068802092830496,3.200837724045837e-05,3.249631822369024e-05,3.344393092771331e-05
1593.0,0.3083980462490882,0.002582711996026726,0.0009802045932008482,0.0005065405679068024,3.199015041907707e-05,3.247807647732385e-05,3.339127626936191e-05
1594.0,0.3079049840789686,0.002569247795902275,0.0009807367133620767,0.000506201557249613,3.19700448111458e-05,3.245656062619311e-05,3.334984227074517e-05
1595.0,0.3078035516867859,0.002541875522937598,0.0009809568367967875,0.0005058483711804714,3.19518965643496e-05,3.243831091857224e-05,3.329865869615666e-05
1596.0,0.3074396838445504,0.002497076370667649,0.0009804473371825414,0.0005054801309452285,3.193457274256725e-05,3.242219882532115e-05,3.324447723286929e-05
1597.0,0.3070612450525205,0.002451299045870587,0.000979372080737448,0.0005051084070708995,3.190794887592824e-05,3.240207055935299e-05,3.319616527406953e-05
1598.0,0.3068923490348249,0.002496614323464792,0.0009805258724589082,0.0005047354015197999,3.188903301268127e-05,3.238939802929247e-05,3.315457239742221e-05
1599.0,0.3072444920383662,0.00256734804656923,0.0009810952696315003,0.0005043521236994604,3.186714645526743e-05,3.237574864017178e-05,3.31057455217159e-05
1600.0,0.3070535786482714,0.002556192521894036,0.0009813572978328538,0.0005039738767921253,3.186064620686297e-05,3.236173217261292e-05,3.305912650685059e-05
1601.0,0.3068373095259491,0.002538299486039177,0.0009809879120759194,0.000503594424394628,3.184889385287642e-05,3.23507545558683e-05,3.301417234688505e-05
1602.0,0.3069066232905183,0.002505956958131597,0.0009811199888034518,0.0005032066219389123,3.183369565005314e-05,3.231654080150779e-05,3.296332619356906e-05
1603.0,0.3066544221621897,0.002477667219196413,0.000980873277074312,0.0005028246772547939,3.180939996123288e-05,3.229268828213744e-05,3.292153870257314e-05
1604.0,0.3064532587751798,0.002482801302993392,0.000981285470117511,0.0005024408653356994,3.179757245150122e-05,3.228041532646931e-05,3.289041735367089e-05
1605.0,0.3063780887796401,0.002483213752107691,0.0009820454303290076,0.0005020504430540329,3.179427272218807e-05,3.226731536385848e-05,3.285669141048578e-05
1606.0,0.3066527102650184,0.002582875873559267,0.0009830886001148261,0.0005016468972217501,3.178296333338936e-05,3.225456744567677e-05,3.281220949439258e-05
1607.0,0.3063624095364039,0.002532141198976823,0.000982578809364172,0.0005012590460106102,3.17772483210387e-05,3.224157176219985e-05,3.277038199370884e-05
1608.0,0.3062312979453038,0.002452714080736239,0.00098263434059367,0.0005008655492620365,3.175816727634827e-05,3.221962017540871e-05,3.272210275346466e-05
1609.0,0.3057326181254765,0.002434360125416344,0.0009831945122888192,0.0005004484027191778,3.175200894786114e-05,3.220376463608162e-05,3.267572542832232e-05
1610.0,0.3051282496966586,0.002478876138969773,0.000984120066542822,0.0005000358071123175,3.173959960819584e-05,3.218211876006961e-05,3.263505651460666e-05
1611.0,0.3052094695030563,0.002508282342242596,0.000984473269082544,0.0004996186200118745,3.172382141666432e-05,3.216489288847853e-05,3.259118315707012e-05
1612.0,0.3049557218059438,0.002519024774379109,0.0009848068098911667,0.0004992211126104363,3.171228919260636e-05,3.214940635399663e-05,3.25558997539199e-05
1613.0,0.3050003326314406,0.002483772255412989,0.0009844960518943418,0.0004988039428926543,3.169922364302048e-05,3.213362155314638e-05,3.251384514589157e-05
1614.0,0.3044510449909749,0.002422903221710736,0.0009847899267334383,0.0004984015087492217,3.168872062182378e-05,3.211839283305785e-05,3.247222284606733e-05
1615.0,0.3042646210515409,0.002428689148480258,0.0009851909593721238,0.0004980095635397452,3.167883209784015e-05,3.210608720067694e-05,3.242539754743959e-05
1616.0,0.3041116069331888,0.002415661557513053,0.0009860735923956055,0.0004976136330470895,3.166180830837795e-05,3.20856272177413e-05,3.23719126023884e-05
1617.0,0.3040234891062528,0.002408979334766697,0.0009860254764303166,0.0004972119568547571,3.164574364398359e-05,3.206570512525065e-05,3.233298051005352e-05
1618.0,0.3038013998778716,0.002438181437644832,0.0009866080070140089,0.0004968151482706886,3.163372744320563e-05,3.205865960756724e-05,3.229551522459713e-05
1619.0,0.3040067567492556,0.002443672579757458,0.000986883755952345,0.0004964010381041072,3.162002809350298e-05,3.20447239910298e-05,3.225469048513702e-05
1620.0,0.3039765733958198,0.002488557586798247,0.0009868607709164114,0.000496015056890456,3.161500564363823e-05,3.203690780860417e-05,3.222054952465274e-05
1621.0,0.3040166464911421,0.002432826140578394,0.0009856688766469578,0.0004956108507001959,3.161779939531215e-05,3.202634110852983e-05,3.217751182892333e-05
1622.0,0.3038010154599768,0.00240121338920162,0.0009852138115399877,0.0004952202189952335,3.160556905743869e-05,3.201043863182413e-05,3.21222615997275e-05
1623.0,0.3036552707110105,0.002422241898656338,0.0009851855043866826,0.0004948069917975937,3.158535484955817e-05,3.199006841501491e-05,3.206484615926778e-05
1624.0,0.3035595799445951,0.002412876134231771,0.0009854444256657822,0.000494396182692115,3.156718569323804e-05,3.197777577232443e-05,3.202198785079761e-05
1625.0,0.3033600003383044,0.0024036719277016,0.0009851687366875413,0.0004939868864533241,3.154844587444e-05,3.195843017059408e-05,3.198304847654993e-05
1626.0,0.303263653092093,0.00242831012931129,0.0009861293610678528,0.0004935960812096519,3.152672414047622e-05,3.194082397566155e-05,3.19445139564856e-05
1627.0,0.3026686530436514,0.00241058172391011,0.0009855877998898037,0.0004931978392397675,3.150934009540072e-05,3.192697388261535e-05,3.189927544188369e-05
1628.0,0.3025536032943515,0.002420926805995448,0.0009854985961564038,0.000492809530268358,3.149392447603741e-05,3.191686364227561e-05,3.185329404976866e-05
1629.0,0.3025429672884086,0.00242856305755673,0.0009852993992742042,0.0004924198530246893,3.148038639575854e-05,3.19047546550336e-05,3.181544382166116e-05
1630.0,0.3020632301468649,0.002400467289785111,0.0009842962572147508,0.0004920573697420798,3.147303829288412e-05,3.188681663020437e-05,3.177607848684797e-05
1631.0,0.3016766498532379,0.002366621130105548,0.0009835317842429973,0.0004916872645289235,3.145567011101588e-05,3.187207224695043e-05,3.172989514584422e-05
1632.0,0.3017348666593844,0.002349548788257117,0.0009834042702867266,0.0004913301913807731,3.143999880396879e-05,3.185986799174091e-05,3.168148817771972e-05
1633.0,0.3016057070316175,0.002320608302805377,0.0009829202304829027,0.0004909498191665556,3.141891978019108e-05,3.18497761967428e-05,3.163169663820003e-05
1634.0,0.3011312372021956,0.00233867270092476,0.0009829954151905113,0.0004905910342496052,3.140157703712191e-05,3.183583663138069e-05,3.158749584381964e-05
1635.0,0.3008484881409956,0.002328323990369771,0.0009828283511277404,0.0004902382132255309,3.13772992510162e-05,3.181731883322845e-05,3.153471010486005e-05
1636.0,0.3008956593708453,0.002320747682846707,0.000982672200178264,0.0004898911674555432,3.136025550968013e-05,3.180920978123093e-05,3.149489875949241e-05
1637.0,0.3007440187098756,0.002318079844945552,0.0009825306519209353,0.0004895475594458024,3.134633019199905e-05,3.180292353092395e-05,3.145946040473391e-05
1638.0,0.3010254074276374,0.002331722007883515,0.0009824753065588573,0.0004892282741272614,3.133616913076576e-05,3.179401464483129e-05,3.141159907022989e-05
1639.0,0.3007299318298288,0.002318339058311212,0.0009823630837576868,0.0004889056895794672,3.131056669296688e-05,3.178907307244592e-05,3.136642866787804e-05
1640.0,0.3010737918659091,0.002334445721160139,0.0009819527491196072,0.0004885991843938532,3.129476446875876e-05,3.178433772449713e-05,3.133092602727469e-05
1641.0,0.300582089322184,0.002299718296104708,0.0009814751668102886,0.0004883054624711452,3.128108655492035e-05,3.177127217278484e-05,3.12976591845947e-05
1642.0,0.3003952174487626,0.002325027101542061,0.0009817736372327284,0.0004880308808714016,3.126570499733946e-05,3.17569786611808e-05,3.125061212236231e-05
1643.0,0.3000930308128601,0.002295331643298013,0.000981095568110424,0.0004877553343684496,3.123980332694799e-05,3.174266693519303e-05,3.119968259040463e-05
1644.0,0.3001353716842274,0.002320065575694182,0.0009812430846059168,0.0004874975302989672,3.12184060906596e-05,3.173481527638085e-05,3.115804589842405e-05
1645.0,0.2997325419119611,0.002284800676335736,0.000980268477628656,0.0004872503443386213,3.119566246682518e-05,3.172497970356686e-05,3.111686614234913e-05
1646.0,0.2995466970238508,0.002304402919821813,0.000980499182056426,0.0004870135422686132,3.117420419961293e-05,3.172225394465321e-05,3.107617871672818e-05
1647.0,0.2994959117309707,0.002264482314130717,0.0009796001914202223,0.0004868063700167941,3.115340022149185e-05,3.171653406905869e-05,3.104111847464035e-05
1648.0,0.2992278636540149,0.002253583323072669,0.0009786837794633924,0.0004866102019953076,3.11291923254939e-05,3.171279119212e-05,3.099686742117189e-05
1649.0,0.2987968942657561,0.00224024762831786,0.0009779802902790393,0.0004864327757488263,3.109766815052457e-05,3.170131232178445e-05,3.09458621814381e-05
1650.0,0.2984296410824691,0.002234511095881046,0.0009771583197684672,0.0004862740953137171,3.106637966994457e-05,3.168931922372934e-05,3.090192245822218e-05
1651.0,0.2980943999572069,0.002243790873896046,0.0009767590842614637,0.0004861360083846553,3.1034909994006e-05,3.16736289914526e-05,3.086131936523599e-05
1652.0,0.2976984468814836,0.002247107017043557,0.000976220962332995,0.0004860194673792497,3.10049065256403e-05,3.165921365834595e-05,3.081978322245392e-05
1653.0,0.2973227961844978,0.002205335245749698,0.0009746930815618969,0.0004859192411450827,3.096571509673593e-05,3.164265094880508e-05,3.077621125821789e-05
1654.0,0.2971343873086689,0.002232041127812213,0.0009737977401491064,0.0004858326160102391,3.093033690233791e-05,3.163955556850273e-05,3.074293510115784e-05
1655.0,0.2967706991606414,0.002217907958111001,0.0009725104114064505,0.000485771953261326,3.08914121140338e-05,3.16375049365464e-05,3.070585358737147e-05
1656.0,0.2965614489951233,0.002230027500758329,0.0009719038006490379,0.0004857216481563103,3.085894605333909e-05,3.162832420729444e-05,3.067326886240578e-05
1657.0,0.2963587504765143,0.002193211660907009,0.0009700846934936844,0.0004856868272627268,3.081847908579779e-05,3.161518298833573e-05,3.063616133796656e-05
1658.0,0.2960923870719183,0.002199535691041535,0.0009692942896180341,0.0004856569447577596,3.078587799224445e-05,3.16092341759133e-05,3.059611449120546e-05
1659.0,0.2963292547399612,0.002213225600270334,0.0009683692355335453,0.0004856429100017438,3.075009726790458e-05,3.160414304539221e-05,3.055947370978347e-05
1660.0,0.2963250931178206,0.002184002490393027,0.0009666081923027738,0.0004856309014739215,3.071562732116833e-05,3.160243153656132e-05,3.051939262920726e-05
1661.0,0.2962532921010693,0.002181461552859081,0.0009654814990638269,0.000485632183751082,3.067179988569818e-05,3.159592626259698e-05,3.049074570661311e-05
1662.0,0.2962080566995732,0.002157442780003532,0.0009636150839829102,0.0004856351164376769,3.06321556180909e-05,3.158358755390128e-05,3.046171730133512e-05
1663.0,0.2959883795207331,0.00218335499431214,0.0009626148878400402,0.0004856493169332881,3.060012380163138e-05,3.157825583281961e-05,3.043707073598947e-05
1664.0,0.2961532749682372,0.002201715498459096,0.000961151860396769,0.0004856628557847011,3.056334355529319e-05,3.157369803502086e-05,3.04062125624029e-05
1665.0,0.2961514399972443,0.002193957252952609,0.0009595725215608919,0.000485683099537675,3.052374597320438e-05,3.156768615244127e-05,3.037612503093543e-05
1666.0,0.2957981351566437,0.002161613725676661,0.0009577412007111606,0.0004857041732044544,3.049284002707801e-05,3.156879760461534e-05,3.035186250660935e-05
1667.0,0.2958188163945084,0.002159007212870331,0.0009565876393023222,0.000485723926932831,3.045530290321279e-05,3.155584877921766e-05,3.031868291744168e-05
1668.0,0.2955150046629967,0.00214290401439145,0.0009549462870059708,0.0004857463501756754,3.041150902874432e-05,3.154197183920728e-05,3.029355284058516e-05
1669.0,0.2954017847216513,0.002180426159058817,0.000954341967073624,0.0004857655764530807,3.037263965292159e-05,3.152937552653419e-05,3.027031732089338e-05
1670.0,0.2954360234263348,0.002151434970239969,0.0009521308714767081,0.0004857843380931592,3.032698959507178e-05,3.151917711940459e-05,3.024669033045875e-05
1671.0,0.2958415557031255,0.002151227210934904,0.0009509010051247711,0.0004857977638291016,3.029541914845759e-05,3.151737862894816e-05,3.023341805548948e-05
1672.0,0.2957947012096859,0.00218390830488658,0.0009501763243093493,0.0004857989769413909,3.026283433803813e-05,3.150858060661323e-05,3.02081380480251e-05
1673.0,0.2956702748062413,0.002157686321114713,0.0009485984674059423,0.0004857932595093519,3.022059895674309e-05,3.14883865834123e-05,3.018143107116758e-05
1674.0,0.2953962358433877,0.00214687765231335,0.0009470889718107293,0.0004857928177643039,3.017692014857601e-05,3.147129809011118e-05,3.01600563936973e-05
1675.0,0.295239584827542,0.002136006243539281,0.0009454741415756251,0.000485789166177269,3.013839760751077e-05,3.145456313450881e-05,3.013671692525848e-05
1676.0,0.2950998842996094,0.0021165108301374,0.0009436343885400926,0.0004857932070067986,3.00993079462027e-05,3.144064332556377e-05,3.011744564876174e-05
1677.0,0.2953253848566737,0.002195138095940518,0.0009440882664882914,0.0004857916810094318,3.006579502645679e-05,3.142932683901278e-05,3.010303816166523e-05
1678.0,0.2950107150668799,0.00219098200170493,0.0009425156473269146,0.0004857941914821326,3.003421820612152e-05,3.141949329073938e-05,3.008292115215715e-05
1679.0,0.294928481804613,0.002190312795285761,0.0009408913423202037,0.0004857784271342706,2.999920535804722e-05,3.140454572146642e-05,3.006102045620665e-05
1680.0,0.2944989736620116,0.002162593559653378,0.0009392184312620055,0.0004857788514553496,2.995714046133339e-05,3.138342150655847e-05,3.003954991313704e-05
1681.0,0.2944457123070066,0.002140515670605096,0.000937486998386184,0.0004857348594894223,2.992044295706724e-05,3.136711191625153e-05,3.001300492308304e-05
1682.0,0.2940860656177172,0.002164951161873752,0.000936241426346147,0.0004857069484444601,2.988631659671323e-05,3.1349928685033e-05,2.999504398995304e-05
1683.0,0.2940134788684412,0.002132191333435645,0.0009340061729926335,0.0004856588185125207,2.984891403327351e-05,3.132749486207912e-05,2.99767278725406e-05
1684.0,0.2937471355877663,0.002106599571656338,0.0009319482661353765,0.000485603087602355,2.981430979687566e-05,3.130191304918679e-05,2.995857242532766e-05
1685.0,0.2935789423991698,0.002081904617825783,0.0009302799982209927,0.000485534395835776,2.978409326621257e-05,3.128073998836071e-05,2.993548011839092e-05
1686.0,0.2935434933520515,0.002143240027702041,0.0009297982787586483,0.0004854687086580898,2.975280449584359e-05,3.126396099803805e-05,2.9917586655021e-05
1687.0,0.2934153880481372,0.002234580991399814,0.0009305008233801516,0.0004853869811816429,2.972121163905976e-05,3.124426689649524e-05,2.990290126851416e-05
1688.0,0.2934829802254327,0.002211248054975594,0.0009291142996470452,0.000485292940634019,2.968193906230088e-05,3.12252693520312e-05,2.98887381078937e-05
1689.0,0.2930326365058711,0.002224307174494852,0.0009275890528513932,0.0004851820478069623,2.964263068878276e-05,3.120088443122075e-05,2.987028137119533e-05
1690.0,0.2930888920583707,0.002161634989389054,0.0009255335672337385,0.0004850639447890608,2.96088071240467e-05,3.118001555835839e-05,2.985084746989748e-05
1691.0,0.2929335187502767,0.002168833004031523,0.0009242694686623347,0.0004849303459019794,2.957325615954629e-05,3.115307535532858e-05,2.983103615627087e-05
1692.0,0.2930360299350807,0.002187611890477089,0.0009226676114403525,0.0004847883662388167,2.954735242660034e-05,3.113279648261896e-05,2.981960783835449e-05
1693.0,0.2929558083016242,0.002137229171442929,0.0009209834759293973,0.000484633059121582,2.952035538219769e-05,3.110750769282399e-05,2.980495508132112e-05
1694.0,0.2930538420805737,0.002154115836457219,0.0009204108026131236,0.0004844665816023704,2.948223067360407e-05,3.108810963277042e-05,2.978449940568053e-05
1695.0,0.2927822176034291,0.002128135114647043,0.0009189239481064272,0.0004842709740977809,2.944797139709298e-05,3.107227118254357e-05,2.976976922396247e-05
1696.0,0.29301286625718,0.002111196341353459,0.0009175920632256351,0.0004840696625869108,2.941102567783335e-05,3.104468921871262e-05,2.975278372407221e-05
1697.0,0.2929678633322303,0.002161411429598365,0.0009168967807476693,0.0004838523510496539,2.93738484546472e-05,3.10271250097394e-05,2.973929237474627e-05
1698.0,0.2927366604914332,0.002124849456512847,0.0009145349989710808,0.0004836167713720938,2.933346023404542e-05,3.099879397689959e-05,2.972822272887029e-05
1699.0,0.2924461560314515,0.002138131211790338,0.0009133861312499112,0.0004833849171977739,2.930434555343734e-05,3.096625823467951e-05,2.971038175869727e-05
1700.0,0.2919812434237193,0.002129819107636357,0.0009121243410225835,0.0004831466114685846,2.926837935573636e-05,3.093636149005658e-05,2.968527506839355e-05
1701.0,0.2913116727625729,0.002115517092330064,0.0009105910683392879,0.0004829041527617524,2.922731613114025e-05,3.090175171466251e-05,2.966781741478989e-05
1702.0,0.2910788202368904,0.002121295370409101,0.0009090067346728225,0.0004826575369936776,2.918737230967235e-05,3.087089220715472e-05,2.965038347920441e-05
1703.0,0.2905543440196698,0.002123179479248211,0.0009075587668051725,0.0004823894543379397,2.914307012185695e-05,3.084058584138595e-05,2.962576076063049e-05
1704.0,0.2905038875681895,0.002156626601091067,0.0009063016264161784,0.0004820963049720979,2.910924796926043e-05,3.081809121088877e-05,2.960496492568905e-05
1705.0,0.2903486192970273,0.00215766977322646,0.0009045527542581386,0.0004818012707116636,2.907790921176754e-05,3.079726092917391e-05,2.959132811284714e-05
1706.0,0.290223124500709,0.00210616654800962,0.0009021875303388153,0.0004814791388600416,2.903956390559422e-05,3.077349916127508e-05,2.95631635222048e-05
1707.0,0.2899681695012005,0.002157314688882718,0.0009013096659799953,0.0004811589927067644,2.900920454657759e-05,3.075514860829487e-05,2.954923588327359e-05
1708.0,0.2901056695951945,0.002099508108250886,0.0008987803900437719,0.0004808070596293286,2.896950711807919e-05,3.072261452946832e-05,2.951950578848688e-05
1709.0,0.2895589259587182,0.002089012235444841,0.0008970174453419593,0.0004804587694385524,2.892941165875346e-05,3.069801513755531e-05,2.950267418115084e-05
1710.0,0.2893047587695658,0.002125139505947122,0.0008961880056033687,0.0004801004850105028,2.888887322901875e-05,3.066760276692355e-05,2.948286040646867e-05
1711.0,0.2888467804677743,0.002115599486953772,0.0008936059667635311,0.0004797319168041694,2.885112594820477e-05,3.063993784044939e-05,2.94580731166114e-05
1712.0,0.288697712139005,0.002112963165737243,0.0008915401884337832,0.0004793376059529724,2.881140310188567e-05,3.061253933827587e-05,2.94323678170749e-05
1713.0,0.2887524035281624,0.002099718182876196,0.0008896924189850124,0.0004789495835989459,2.877874380808176e-05,3.059371178540881e-05,2.941822719738281e-05
1714.0,0.2884637375588412,0.002109423238199357,0.0008877315391474061,0.0004785626631002569,2.874381599005748e-05,3.056011654076101e-05,2.939683969762352e-05
1715.0,0.288080519622783,0.002110193839413116,0.0008857088846565015,0.0004781634489588921,2.870613919529117e-05,3.053071306430298e-05,2.936514230177637e-05
1716.0,0.2881291346112642,0.002136028830254001,0.000884246779291167,0.0004777748890982503,2.867503045025846e-05,3.051047003691123e-05,2.933443554683305e-05
1717.0,0.2883488478705999,0.002071892001163748,0.0008815163745350088,0.0004773911447702221,2.864292649057357e-05,3.048894167060361e-05,2.931016259568469e-05
1718.0,0.2883467116055382,0.002074163040746915,0.0008793466491472546,0.0004770069758371714,2.86167688892158e-05,3.047550878719287e-05,2.929525299622544e-05
1719.0,0.2881840527504076,0.002054207793353271,0.0008776737385394128,0.0004766361788972496,2.858322985257788e-05,3.044740046036032e-05,2.926416569323958e-05
1720.0,0.2876645891258267,0.00207566077554645,0.0008762236094946264,0.0004762621034319949,2.855493639882619e-05,3.042392539950378e-05,2.923427424541858e-05
1721.0,0.2872995344917615,0.002038594579438287,0.00087363052502467,0.0004759035423090546,2.852814088349766e-05,3.040699053125653e-05,2.921050754634844e-05
1722.0,0.2871587633310798,0.002031595275311334,0.0008713744857065441,0.000475536344565135,2.851194719524213e-05,3.039000963645838e-05,2.91851762809893e-05
1723.0,0.2867706060099176,0.002023504205580924,0.0008692494417739604,0.0004751846829001949,2.849102426672181e-05,3.035893908492539e-05,2.914714413992157e-05
1724.0,0.2863906487904588,0.002005854086092926,0.0008672891326733903,0.0004748163700368769,2.846090699563667e-05,3.033956912807868e-05,2.91256864552858e-05
1725.0,0.286229549293239,0.002025587450547373,0.0008654410543441718,0.0004744552951188237,2.842972385309627e-05,3.031713318650841e-05,2.909801524719207e-05
1726.0,0.285895431303009,0.002033984455179254,0.0008641728216472043,0.0004740891473760102,2.84058246055957e-05,3.028950595325964e-05,2.906716347905746e-05
1727.0,0.2859711453831741,0.001994331072121793,0.0008617759083198798,0.0004737387472015262,2.838545405249238e-05,3.027188627810091e-05,2.904021173488186e-05
1728.0,0.2858712690141465,0.002000837441165122,0.0008601441071401976,0.0004733712780556821,2.836630639986406e-05,3.024880714723276e-05,2.901224370569433e-05
1729.0,0.285100429405983,0.001970933553126493,0.000857816760298018,0.0004730161259918556,2.834315613427574e-05,3.022316514895904e-05,2.897653036382211e-05
1730.0,0.2846301755764292,0.001986065210880657,0.0008569334589218446,0.0004726478826189592,2.832600284114933e-05,3.019807356311405e-05,2.894640129390787e-05
1731.0,0.2842946891846174,0.002058049731658284,0.0008562251130640331,0.0004723027563236645,2.831510490831208e-05,3.017578631298086e-05,2.892196147274992e-05
1732.0,0.28445036661345,0.002061464510947929,0.000853912325986222,0.0004719310375516892,2.829852295452513e-05,3.015538072499642e-05,2.888826427394077e-05
1733.0,0.2838868966817251,0.002026207054987315,0.0008520864969349324,0.0004715896060683847,2.827827655681408e-05,3.01363179385636e-05,2.885893537796948e-05
1734.0,0.2840184681923619,0.001990675849974441,0.0008500826717913279,0.0004712231200859811,2.826437015965071e-05,3.01188824393621e-05,2.88328245664461e-05
1735.0,0.2833764942668844,0.002004178529493243,0.0008485362736859283,0.0004709028086672333,2.824874470611367e-05,3.009610408359318e-05,2.879746687392899e-05
1736.0,0.2832123937579625,0.001994069262415375,0.000847042830921437,0.000470561193418371,2.82335697527191e-05,3.007307805104116e-05,2.875830304625092e-05
1737.0,0.2828168635535629,0.001970627014490602,0.0008451995524026655,0.000470246845156147,2.822187788295332e-05,3.005441273006763e-05,2.872135304347015e-05
1738.0,0.2823292519328739,0.001963612475433615,0.0008433386906584031,0.0004699324020389925,2.821200616467332e-05,3.003215453390317e-05,2.870049831157852e-05
1739.0,0.2822613096409928,0.002034863068458629,0.0008448072904933888,0.0004696377446952789,2.820449597580137e-05,3.001352792254707e-05,2.866790525947234e-05
1740.0,0.2821029529055775,0.002001055140729023,0.0008428010407626695,0.0004693239257962296,2.819239318316483e-05,2.999153028867287e-05,2.862879603956193e-05
1741.0,0.2816224293287781,0.002014248981507723,0.0008413076307027822,0.0004690407104275978,2.817524227681084e-05,2.997363203707558e-05,2.859401715144156e-05
1742.0,0.2813497080868796,0.002020561233965931,0.0008400657443967254,0.0004687604634894827,2.815795150029243e-05,2.994521634048134e-05,2.855843430750224e-05
1743.0,0.2809497801550733,0.001994873569621122,0.0008384071480512479,0.0004685161827351622,2.814479794071777e-05,2.992241422753026e-05,2.85288220717781e-05
1744.0,0.2803931249403979,0.001997322191218694,0.0008367770303155043,0.0004682578971219027,2.813685479874553e-05,2.990030961228229e-05,2.849572926386772e-05
1745.0,0.2800945477542475,0.00196313990262923,0.000835111693593162,0.000468018611721477,2.812578238389672e-05,2.98756256205315e-05,2.84611374137508e-05
1746.0,0.2798124233930014,0.002020194186126347,0.0008346900331744462,0.0004677954868511921,2.811034603640143e-05,2.984818017752656e-05,2.84317910209534e-05
1747.0,0.2799951282538845,0.001999479399540742,0.0008343162246579431,0.0004676030510699697,2.810817262460668e-05,2.982935680296227e-05,2.83957573701e-05
1748.0,0.2794011829439729,0.001994047339494022,0.0008331286188078419,0.0004674119030342065,2.809709485012668e-05,2.980270640194736e-05,2.836607736248328e-05
1749.0,0.2788041897015827,0.001984555970168519,0.0008322487895880307,0.0004672455141196179,2.808422701047598e-05,2.977288933585641e-05,2.832904049592815e-05
1750.0,0.2784358437447507,0.001965939991826687,0.0008303901622623851,0.0004670891120493304,2.807028579295976e-05,2.974733153618152e-05,2.828632286837726e-05
1751.0,0.2782843408937913,0.001982216792975874,0.0008293384159041376,0.0004669496762010347,2.805421833019462e-05,2.972786804861032e-05,2.824397156880854e-05
1752.0,0.277823774771134,0.002009642842221375,0.0008297371575795734,0.0004668324373414454,2.803822692696092e-05,2.970661079753617e-05,2.820387668426195e-05
1753.0,0.277498212513608,0.002005303856275129,0.000829422318775439,0.0004667547793560441,2.802743796266013e-05,2.968194020184932e-05,2.817136705521431e-05
1754.0,0.2770306407948904,0.002018866040478696,0.0008285021110318064,0.0004666791436275361,2.800771374263032e-05,2.965953587818161e-05,2.813385174233489e-05
1755.0,0.2765944536282391,0.001969996164623517,0.0008272572327707297,0.000466640393776167,2.79935793751555e-05,2.963808691707953e-05,2.809040746145138e-05
1756.0,0.2765671202963308,0.002031173458410822,0.0008273748133526054,0.0004666070762611176,2.79763194277092e-05,2.961153311228886e-05,2.805100868078127e-05
1757.0,0.2761825929813801,0.002011941685403472,0.0008258495295082049,0.000466613660594944,2.795866996809806e-05,2.959052429306298e-05,2.80116038033244e-05
1758.0,0.2755113757021646,0.001936763066324601,0.0008239424443366562,0.0004666190071070085,2.79299073069423e-05,2.955877439071845e-05,2.796971195189459e-05
1759.0,0.2754319444992573,0.001981661508877182,0.0008234420296239024,0.0004666595020009806,2.791042597799355e-05,2.953843594947745e-05,2.794241608564154e-05
1760.0,0.2751912088646734,0.002003433622618436,0.0008229284379039668,0.0004666812493067281,2.789100458061661e-05,2.950715543779971e-05,2.79102405777256e-05
1761.0,0.2744471800546012,0.001976542153129673,0.0008215308388687164,0.000466768529874492,2.786116503101894e-05,2.94794782300503e-05,2.787185916314945e-05
1762.0,0.2747673043557378,0.001976719773123446,0.0008202840820147769,0.000466831926133248,2.783364031150383e-05,2.945984899255909e-05,2.783488254123863e-05
1763.0,0.2741467331896981,0.001971504315519728,0.0008188828573278479,0.0004669134774494644,2.781244581196052e-05,2.944245298003214e-05,2.778373813905555e-05
1764.0,0.2732356896150267,0.001919475217595258,0.0008174499410806689,0.000466990909762423,2.779093116113393e-05,2.941430536044814e-05,2.773369160443903e-05
1765.0,0.2729509986129982,0.00198500525060576,0.0008182285868850154,0.0004670937782014324,2.776867959358769e-05,2.939130737458537e-05,2.768666933422565e-05
1766.0,0.2724779209176023,0.001998388166346937,0.0008176188365406237,0.000467193931376719,2.774603414195045e-05,2.936872807046139e-05,2.764598385170037e-05
1767.0,0.2721462116550589,0.001987730862370959,0.0008155180279607667,0.0004673255828192617,2.771969875793772e-05,2.933574205500488e-05,2.760594835847227e-05
1768.0,0.2716490295090441,0.001981507511142002,0.0008148765173832297,0.0004674605615495163,2.768795860613975e-05,2.930673256276653e-05,2.756908733659649e-05
1769.0,0.2711227551030256,0.001959711821886252,0.0008131296793674939,0.0004676171608012215,2.76610873953147e-05,2.928593480119695e-05,2.752491783694134e-05
1770.0,0.2703927969475292,0.001892889207705152,0.0008104411620170851,0.0004677642904917837,2.763386237036436e-05,2.925119120785977e-05,2.748000976206386e-05
1771.0,0.2700244133418083,0.001895879858462135,0.0008092149229598714,0.0004679021163539818,2.760137258412215e-05,2.922163797830708e-05,2.743554951125583e-05
1772.0,0.2693877265291081,0.001912855735254867,0.0008082459828573553,0.0004681051776845402,2.756310437573219e-05,2.918851045812185e-05,2.739198321012046e-05
1773.0,0.2699281973490366,0.001898244920055666,0.0008069798809097437,0.0004683033635713369,2.752811456678011e-05,2.916797558357042e-05,2.734061981704034e-05
1774.0,0.2692080320478402,0.001890606131324978,0.0008048916883987145,0.0004684780315218112,2.750518243945545e-05,2.914350641292857e-05,2.729526005107856e-05
1775.0,0.2683232541968821,0.001899540262031103,0.0008033092340564582,0.0004686938472496124,2.748090533764253e-05,2.911506013086257e-05,2.72541960900681e-05
1776.0,0.2681735610861745,0.001854052505061706,0.0008013463800862156,0.0004689039021555659,2.744650558085747e-05,2.908030887035151e-05,2.720239879582811e-05
1777.0,0.2677963034941623,0.001835377559319815,0.0007996838503571341,0.0004691396916957089,2.740777504741353e-05,2.904993615837883e-05,2.716240015138948e-05
1778.0,0.2672221741632504,0.001836890631110469,0.0007977457757564469,0.0004693524189476377,2.737799945864823e-05,2.902294295153464e-05,2.711693853094478e-05
1779.0,0.2669454325438481,0.001825113992439281,0.0007962772805474328,0.0004695909867441592,2.735003223027486e-05,2.89970064232906e-05,2.706366159335886e-05
1780.0,0.2664160701534441,0.001810918914863067,0.0007951591023245583,0.0004698669085014643,2.73291403425542e-05,2.896724161797468e-05,2.702312340124076e-05
1781.0,0.2666441958053355,0.001788306149664421,0.0007933964460886612,0.0004701469188703573,2.729738520014887e-05,2.894069282669928e-05,2.697403744544266e-05
1782.0,0.2656465790015198,0.001795858987193505,0.0007924950132537478,0.0004704854394584404,2.726120125355259e-05,2.890890414471893e-05,2.693434368977785e-05
1783.0,0.266417489966646,0.001816784622115373,0.000791834415603875,0.000470822223947698,2.72300673690529e-05,2.888913645065253e-05,2.688967802424711e-05
1784.0,0.265535140856246,0.001828091452497043,0.0007910164845249778,0.0004711631428339472,2.720208164550052e-05,2.886705399191893e-05,2.685470925162339e-05
1785.0,0.2647330938180588,0.001775581599486814,0.0007890131824379967,0.0004715352859301136,2.717294858272502e-05,2.883812241937007e-05,2.680987637416084e-05
1786.0,0.2645798192389854,0.001789140752570186,0.0007884025440171443,0.0004719011448416603,2.714277573975882e-05,2.881512515147941e-05,2.676897501014182e-05
1787.0,0.2642791957287289,0.001803732316624822,0.0007879385735809616,0.0004722903110904403,2.711521832131739e-05,2.878818066379228e-05,2.673521178014791e-05
1788.0,0.2638256561648653,0.001813575061381216,0.0007875040052362572,0.0004726819894745813,2.709595818068323e-05,2.876407573551164e-05,2.669945599355298e-05
1789.0,0.2636035085060643,0.001777880337774795,0.0007862188358417534,0.0004730992357890742,2.70672544135164e-05,2.874034113608253e-05,2.666042057964713e-05
1790.0,0.2632995166309974,0.001768362983663824,0.0007852888577423052,0.0004735106748768933,2.703734036821127e-05,2.87125621704557e-05,2.662567094717299e-05
1791.0,0.2633399047271162,0.00174726608856642,0.0007845672410687547,0.0004739002436982976,2.700705972625496e-05,2.868906029991719e-05,2.658661801093492e-05
1792.0,0.2630413260885332,0.001816088760754853,0.0007850857665463166,0.0004743375402541542,2.697765374581117e-05,2.866773288234691e-05,2.656269013397775e-05
1793.0,0.2635218436318075,0.001806629328125762,0.0007847808708373973,0.0004747648066540584,2.694408670773775e-05,2.864958893636118e-05,2.653261314450233e-05
1794.0,0.263288256826783,0.001820391986583669,0.0007851687981391854,0.0004751734685561456,2.692162085247977e-05,2.862325640093519e-05,2.64985698097952e-05
1795.0,0.2626401559360763,0.001791495400204458,0.0007840835407564922,0.0004755881303028354,2.689069680453802e-05,2.858786445900945e-05,2.645931894248049e-05
1796.0,0.2619508736610391,0.001739507060458597,0.0007824990742591201,0.0004759832947960224,2.686295731888617e-05,2.854907682808548e-05,2.642638694320436e-05
1797.0,0.2618804001822083,0.001753725946324583,0.0007822143639963478,0.0004763947918103505,2.682950336001422e-05,2.851519468729156e-05,2.64017821107984e-05
1798.0,0.2614812832324551,0.001753362654506845,0.0007816918406619996,0.0004767893892819168,2.679648570267861e-05,2.848455882673245e-05,2.63700355900838e-05
1799.0,0.2612714171922181,0.001726257330600018,0.000781068019551305,0.0004772040406005336,2.676285639617286e-05,2.845645177835448e-05,2.634110627560091e-05
1800.0,0.2610495201309532,0.001757305291933763,0.0007812283254536748,0.0004775911885049648,2.673320076825884e-05,2.842916070463461e-05,2.630756343971831e-05
1801.0,0.2606507460186582,0.001778401350777959,0.0007813030966874893,0.0004779873159102957,2.670160355307146e-05,2.840493074450942e-05,2.627405977979388e-05
1802.0,0.2607983025679416,0.001802623810050259,0.0007808050284005301,0.0004783726426306755,2.667426865068605e-05,2.838296217144259e-05,2.625620183264081e-05
1803.0,0.2607601434630619,0.001762286255808756,0.0007803766724607127,0.0004787444168248895,2.664829952107699e-05,2.83534979364342e-05,2.62267846806577e-05
1804.0,0.2605054679441148,0.00177938581090675,0.0007806246417532655,0.0004791090496899009,2.662941393957293e-05,2.832673942667041e-05,2.619431908731726e-05
1805.0,0.260381935536067,0.001766872468483202,0.00077994769266624,0.000479466082422032,2.659685307708375e-05,2.830350328965482e-05,2.616988676306158e-05
1806.0,0.2607591307311275,0.001776346960021992,0.0007803542608575259,0.0004797780393456884,2.656960063993236e-05,2.828284264897714e-05,2.614591656695993e-05
1807.0,0.2606207729729553,0.001813907460073177,0.0007812863670023789,0.000480125992764341,2.653558834456416e-05,2.825750472917658e-05,2.612943705629081e-05
1808.0,0.2611432175753221,0.001807946096636032,0.0007809933446482374,0.0004804422156650751,2.650316788468831e-05,2.823923650162963e-05,2.610796758327516e-05
1809.0,0.2610365193392362,0.001783051391013708,0.0007806640063928513,0.000480731893472992,2.647639500228808e-05,2.822070000059185e-05,2.608215858108698e-05
1810.0,0.2607789187776576,0.001784445400086733,0.0007808687009259164,0.0004810152002486804,2.645185913437712e-05,2.820092918530335e-05,2.606977838064107e-05
1811.0,0.2607911578436825,0.001771221690307738,0.0007806216530428262,0.0004812773560221095,2.641947611285023e-05,2.817809943878142e-05,2.604825465161153e-05
1812.0,0.2608644796929207,0.00178716583860551,0.000780280479316661,0.0004815185281505796,2.639458782333387e-05,2.815413539323467e-05,2.602317784831323e-05
1813.0,0.2607685238237659,0.001785225561278323,0.0007799261604124766,0.0004817530781309285,2.636858396106566e-05,2.813305452911142e-05,2.599308151511099e-05
1814.0,0.2611769078839496,0.001798846545766652,0.000779880626136683,0.0004819711187089074,2.634568468710867e-05,2.811126405841501e-05,2.597184150127231e-05
1815.0,0.2608068933319606,0.00178767518353105,0.0007795292246746569,0.0004821765076411385,2.630947726233516e-05,2.808689980287458e-05,2.595325214332187e-05
1816.0,0.2608349879956098,0.001777615247094173,0.0007793345337706754,0.0004823740637045585,2.627217810949161e-05,2.805856001463399e-05,2.592784202320702e-05
1817.0,0.2607713370921614,0.001754177892039723,0.0007791002054853956,0.0004825500738437885,2.623886476980858e-05,2.803656793408351e-05,2.590627612635824e-05
1818.0,0.2608795741199731,0.001762455349589325,0.0007790168495907236,0.0004827167206110303,2.621999640185777e-05,2.801486283587827e-05,2.588851899420346e-05
1819.0,0.2610892259247326,0.001789309822631273,0.0007789406290751063,0.0004828594882109871,2.619105011521904e-05,2.799684629197941e-05,2.587178896401614e-05
1820.0,0.2614190463483329,0.00177961385932538,0.0007788422944192159,0.0004829815093941849,2.616622301737175e-05,2.798480865060766e-05,2.584995322549312e-05
1821.0,0.2614362208121535,0.001790765426435897,0.0007788883155971575,0.0004831324419046051,2.614197388810047e-05,2.796925113272685e-05,2.584203894182527e-05
1822.0,0.2619676227796932,0.001774166504745244,0.000779049962873261,0.0004832555907302938,2.611444080255416e-05,2.794724124021564e-05,2.582497532260654e-05
1823.0,0.2615234361125388,0.001752432142690873,0.0007784300085457014,0.0004833735569789397,2.607993859712166e-05,2.792819863979789e-05,2.580287124510189e-05
1824.0,0.2611790605336078,0.001759937795516153,0.0007783338756602622,0.0004834757793429849,2.604840009274445e-05,2.790752801161442e-05,2.578233540744975e-05
1825.0,0.2614927950938017,0.001765472426240478,0.0007783292439750042,0.000483561513509554,2.601843435540063e-05,2.789322004573985e-05,2.576658698862371e-05
1826.0,0.2617899296130929,0.001789644243688255,0.0007786777471612005,0.0004836415345389703,2.599562758115173e-05,2.788221516564602e-05,2.575560739810361e-05
1827.0,0.2620680449166837,0.0017789294171007,0.0007781676091460745,0.0004837237003947568,2.596815456348924e-05,2.786571070390523e-05,2.574201005894009e-05
1828.0,0.2624240278223701,0.001779755071268045,0.0007781002973536056,0.000483777006609569,2.593868630242894e-05,2.784870819327209e-05,2.572560970369319e-05
1829.0,0.2624191732573514,0.001790836697685454,0.0007780560025052055,0.0004838376894847657,2.591072514129428e-05,2.783722784362955e-05,2.572131903070106e-05
1830.0,0.2624725991627901,0.001789132830504833,0.0007778111794624067,0.0004838849753359604,2.588117717563443e-05,2.781316110585867e-05,2.570431328588132e-05
1831.0,0.2625926647433515,0.001784743784430447,0.0007775873206763634,0.0004839432787406324,2.585071698933099e-05,2.779312190513681e-05,2.568381392370266e-05
1832.0,0.2626891672700095,0.001780732090480435,0.0007773246557463565,0.0004839734922787058,2.582370536866152e-05,2.777693190274745e-05,2.566560742079213e-05
1833.0,0.2628708362901987,0.001768231511335436,0.0007771594722078708,0.0004840010901812715,2.578972495276095e-05,2.776036872461039e-05,2.564986446257399e-05
1834.0,0.262893391929154,0.001847165469583093,0.0007794709207788545,0.0004840489480814608,2.575889519890755e-05,2.774208773834135e-05,2.56406429105423e-05
1835.0,0.2629152557668991,0.001833615804118938,0.0007790645411204544,0.000484109956881141,2.572297009087256e-05,2.772825424639813e-05,2.563097531598523e-05
1836.0,0.2627497015637475,0.001834743459958024,0.0007784772424867018,0.0004841549570337732,2.568593686719621e-05,2.771614022721715e-05,2.561648753963538e-05
1837.0,0.2625984458100334,0.001803770258308131,0.0007779047480182613,0.0004842235757443428,2.565091373366479e-05,2.770244562944606e-05,2.560411564077719e-05
1838.0,0.2628659417206349,0.001796187803804308,0.000777367337084517,0.0004842766793580468,2.561818796588412e-05,2.769065179866453e-05,2.559155604796009e-05
1839.0,0.2630269918505911,0.001823619095307151,0.0007779007855927876,0.0004843489938542937,2.559471255525872e-05,2.768499174863245e-05,2.558822475862746e-05
1840.0,0.2630506246751911,0.00185094837970171,0.0007779864381386206,0.0004844021180913274,2.55609283069948e-05,2.766348152391736e-05,2.558411208030226e-05
1841.0,0.2630591470992294,0.001845374532092261,0.0007776475776597364,0.0004844863308833447,2.552878555584181e-05,2.764453436401886e-05,2.557171791655779e-05
1842.0,0.2633100028086238,0.001826826610181739,0.0007776169205973825,0.0004845486083361951,2.549592073308764e-05,2.762813664488233e-05,2.556104920561408e-05
1843.0,0.2634069319262075,0.00190755572341732,0.0007794781240233218,0.0004846374838338614,2.546635338057549e-05,2.761711449543959e-05,2.555834172521115e-05
1844.0,0.2636011037386777,0.001888406759393754,0.0007790714928497314,0.0004847171948729667,2.543514875986656e-05,2.76048761249771e-05,2.555366258500543e-05
1845.0,0.2637640413965455,0.001863608685543944,0.0007784705693004645,0.0004848502761559268,2.541148313189301e-05,2.759022727162505e-05,2.555574780682294e-05
1846.0,0.2637377562531188,0.001854364236255345,0.0007782569594506554,0.0004849568286552824,2.537430279268378e-05,2.757307893733312e-05,2.555052646647261e-05
1847.0,0.2638085052358984,0.00186508393752612,0.0007780482896111082,0.000485082076919982,2.534264870420598e-05,2.755963866442104e-05,2.554650854277341e-05
1848.0,0.2634064590199905,0.001867608404399017,0.0007772733156049752,0.0004852178542604412,2.530349973452463e-05,2.754239972466706e-05,2.553915625689631e-05
1849.0,0.2634860041082485,0.001840104076536182,0.0007768889319963447,0.0004853899270454114,2.52624839904487e-05,2.752468436933392e-05,2.552591883989131e-05
1850.0,0.2634731680163399,0.001952473649237141,0.0007786973961103907,0.0004855539968709166,2.5226645228379e-05,2.751713403325798e-05,2.552416917889449e-05
1851.0,0.2636022981353274,0.00188303472975762,0.0007776171991341695,0.000485753424323697,2.518754016615018e-05,2.749892584689426e-05,2.551914149050498e-05
1852.0,0.2637421332793747,0.001883727313523503,0.0007772873680977246,0.0004859692932979128,2.514953564457809e-05,2.748419950043157e-05,2.551590792872098e-05
1853.0,0.2637211429232164,0.001847596957819527,0.0007766815764325688,0.0004862128087229092,2.511261477039451e-05,2.746198580736231e-05,2.550982771737774e-05
1854.0,0.2638089552930847,0.001828431732093362,0.000776062204658075,0.0004864336729112826,2.507704573462038e-05,2.743626333384458e-05,2.54995068109461e-05
1855.0,0.2636858179721899,0.001837062048633874,0.0007761318438754687,0.0004866937976218439,2.504072031222297e-05,2.741078691760408e-05,2.548682405377365e-05
1856.0,0.2633894216023577,0.001818351521408351,0.0007759331539936931,0.0004869407473682547,2.500720464069872e-05,2.73901825304731e-05,2.548058412790298e-05
1857.0,0.263509267873238,0.001801665770847003,0.0007755981245662817,0.0004872226416432583,2.496730954148009e-05,2.736811137434537e-05,2.547188007428397e-05
1858.0,0.2634989094394953,0.001798425968488745,0.0007745473186705126,0.0004875021511024633,2.493046313396154e-05,2.734627015787836e-05,2.546564914339493e-05
1859.0,0.2636521674974615,0.001796083415720831,0.0007740597633894164,0.0004878168215975856,2.489897037721084e-05,2.732271771651783e-05,2.546047849581168e-05
1860.0,0.263392525581408,0.001786576074696881,0.0007736275999849853,0.0004881171133215619,2.485994293315248e-05,2.72950842346002e-05,2.544404905133968e-05
1861.0,0.2635649290698436,0.001788820472470144,0.0007731867531539626,0.000488445783191801,2.481417222100082e-05,2.727206546099366e-05,2.542834721909363e-05
1862.0,0.263715477374937,0.001776249391696001,0.0007724981576453811,0.0004887518553941748,2.477441228528963e-05,2.725155842335795e-05,2.541418753000931e-05
1863.0,0.2635167874484063,0.001797874644429183,0.000772220814609474,0.0004890886432750115,2.474085556413954e-05,2.722817943069934e-05,2.540895585560149e-05
1864.0,0.263449289572101,0.001796601932335468,0.0007716497500049339,0.0004893902631014695,2.469961719076461e-05,2.720212895476869e-05,2.539204106639824e-05
1865.0,0.2636581440692694,0.001781859923729939,0.0007709109246050141,0.0004896951031339988,2.465465306950307e-05,2.718211166072485e-05,2.538067096355396e-05
1866.0,0.2640636786300988,0.001769719353919489,0.0007702633631265135,0.0004899934187212382,2.462110106543992e-05,2.716124286513837e-05,2.536547641278173e-05
1867.0,0.2636042581862831,0.001767088204474935,0.0007696481272604691,0.0004903286588973821,2.458291409602924e-05,2.712807752006783e-05,2.53603921873753e-05
1868.0,0.2634643288176399,0.001777114846496299,0.00076911117443638,0.0004906297459127091,2.454084785059882e-05,2.709824248352303e-05,2.534429017655532e-05
1869.0,0.2634689047738933,0.001785017657445156,0.0007684602236655939,0.0004909487307962805,2.450345871602857e-05,2.706547855542459e-05,2.532872379884892e-05
1870.0,0.2633224060253631,0.001781355758666669,0.0007676626913402515,0.000491248310527676,2.446449080011958e-05,2.703505292057313e-05,2.531024986622047e-05
1871.0,0.2632581787322347,0.001755864697915251,0.0007665393069685097,0.0004915750956181263,2.442158240549297e-05,2.700541994854233e-05,2.529519400422403e-05
1872.0,0.2631008666019903,0.001757787165943389,0.0007656971167869535,0.0004918715290002376,2.438287917307903e-05,2.697636706385065e-05,2.527883790571626e-05
1873.0,0.2627762838966456,0.001764397361497442,0.0007652304797410373,0.0004921903014302939,2.434095237543951e-05,2.693992754116751e-05,2.525876034404407e-05
1874.0,0.2625585540678215,0.001734084905686849,0.0007637819249190807,0.0004924929194391721,2.429438585408733e-05,2.690537463171133e-05,2.523365046631509e-05
1875.0,0.2625197313675806,0.001733766983181057,0.0007630706237852995,0.000492840069535044,2.424771530039733e-05,2.687376410789068e-05,2.522026138318653e-05
1876.0,0.2627358676150134,0.001727338039409005,0.0007621024026983028,0.0004931669314662051,2.420633461541535e-05,2.684230958201908e-05,2.520603760285225e-05
1877.0,0.2625405856350851,0.001716629158323674,0.0007611503912296755,0.0004935098467389087,2.416512468509111e-05,2.68157656567562e-05,2.518732716224503e-05
1878.0,0.2624273372751495,0.00173207563478464,0.0007606274264554814,0.00049384312694011,2.412070605816429e-05,2.678524997078036e-05,2.517394645288703e-05
1879.0,0.2624845101704673,0.001713158353021424,0.0007593875537471393,0.0004942113797007001,2.408047265767526e-05,2.67534051002385e-05,2.515698512613072e-05
1880.0,0.2623459910043148,0.001706039359964609,0.0007583794380334023,0.0004945617580848693,2.404325979148421e-05,2.672254338242862e-05,2.513718158669283e-05
1881.0,0.262197697147961,0.001706827035819852,0.0007573790051810562,0.0004949381469294451,2.400277050345785e-05,2.668951145347807e-05,2.51168591137616e-05
1882.0,0.2619239808434087,0.001692854454722703,0.0007560768731141399,0.0004952961927237043,2.396516354463439e-05,2.665089852446711e-05,2.509867583814533e-05
1883.0,0.2617729724134832,0.001669298105347376,0.000754806111715364,0.0004956798053628448,2.39238720975736e-05,2.66195425383892e-05,2.507782018765757e-05
1884.0,0.2619501914842862,0.001676489064709172,0.0007540541440023233,0.000496046080626803,2.388886609462409e-05,2.659022468541762e-05,2.506034722735623e-05
1885.0,0.261895227965368,0.001652138341503526,0.0007526809784156724,0.0004964316623453878,2.385040551884247e-05,2.655349341091001e-05,2.504146624158078e-05
1886.0,0.2618379790884205,0.001652296845837057,0.0007517148728136182,0.0004968029792465975,2.381267397171448e-05,2.652205743650441e-05,2.502363491842846e-05
1887.0,0.2617937210062621,0.001669692205038139,0.0007514931292882377,0.000497194597061916,2.377750189267258e-05,2.64855662487529e-05,2.500326474501232e-05
1888.0,0.2616197650445808,0.001663819264502798,0.0007501783593063514,0.0004975877519882908,2.373814887774146e-05,2.645196128860509e-05,2.498363885298166e-05
1889.0,0.2617249486206705,0.001652652358060458,0.0007490647289149037,0.000497993299451619,2.369750591899195e-05,2.641946006144524e-05,2.496462581201739e-05
1890.0,0.2617485545944748,0.001669848894716405,0.0007482165757896686,0.0004984046824451817,2.366681009176125e-05,2.639507602498173e-05,2.494934098935217e-05
1891.0,0.2616709401942998,0.001651627312209577,0.0007471192162979491,0.0004988288760447357,2.363322175874007e-05,2.63639380732371e-05,2.493499780130239e-05
1892.0,0.2619233561142006,0.001655305770715263,0.0007465755227388838,0.0004992459273482318,2.359892968721448e-05,2.633272732884112e-05,2.492334871479341e-05
1893.0,0.2616362947631907,0.001614227869176709,0.0007450235668867776,0.0004996740427357085,2.356041278726562e-05,2.630371428816889e-05,2.490414272775896e-05
1894.0,0.2616466490713335,0.001603131327261577,0.000744072365078901,0.0005000927337183033,2.352396878297728e-05,2.627402863744099e-05,2.488604092043476e-05
1895.0,0.2617055142859416,0.001617211431110826,0.0007441142655942589,0.0005005536624652869,2.349095634975627e-05,2.62500804926679e-05,2.486699784721237e-05
1896.0,0.2616809010115311,0.001623216479883928,0.0007433265406378568,0.0005009917155144101,2.345770903496079e-05,2.621123440651793e-05,2.485155544214106e-05
1897.0,0.2615102544111519,0.001602937742096333,0.0007418454687614228,0.0005014321234864342,2.342554043304079e-05,2.61783824614972e-05,2.483187262699916e-05
1898.0,0.2613336847439112,0.001616175639052698,0.000741325116814563,0.0005018920130078337,2.339589455989108e-05,2.614593777441511e-05,2.481721877207075e-05
1899.0,0.2610882902588582,0.001597951695672726,0.0007402905030115346,0.000502382282984923,2.335924336147212e-05,2.610710204695787e-05,2.479427769356934e-05
1900.0,0.2610517719339576,0.001578426149137278,0.0007389773684658757,0.0005028693557738402,2.332139970038829e-05,2.607236475494252e-05,2.477683240084231e-05
1901.0,0.2612685935153491,0.00160059080683126,0.0007383341364180904,0.0005033779304638924,2.329152798887677e-05,2.604308694158098e-05,2.47652788194513e-05
1902.0,0.2611037417620513,0.00159555932911215,0.0007374026263703846,0.000503870019505466,2.326364695910241e-05,2.601434478300967e-05,2.474662280564917e-05
1903.0,0.2611023560705318,0.001583989538538905,0.00073672173736921,0.0005043813141980972,2.323230027562954e-05,2.598338080637673e-05,2.472814787464227e-05
1904.0,0.2609544131115113,0.001580043359890358,0.0007359246153982144,0.0005048736518802659,2.319613244947601e-05,2.594954911557459e-05,2.470963606791016e-05
1905.0,0.2608599327192753,0.001571070731297961,0.0007346424201193092,0.0005053911238258011,2.316478154818722e-05,2.592203329589383e-05,2.469204307838809e-05
1906.0,0.260954748528934,0.001593942632687127,0.0007338680637283788,0.0005058775919239073,2.313845696250852e-05,2.589698459528633e-05,2.468036875881519e-05
1907.0,0.2611473222450253,0.001559870075378318,0.0007323734066742062,0.0005063618687450164,2.310969649760805e-05,2.586998382735528e-05,2.466317342188377e-05
1908.0,0.2607754505878326,0.001564520324599788,0.0007316427914094628,0.0005068375788709678,2.308416693307171e-05,2.583658354515918e-05,2.464484209869424e-05
1909.0,0.2609243358212098,0.001554099822208068,0.0007303352973854529,0.0005073216038072177,2.30532715695712e-05,2.579958418604884e-05,2.463111280424209e-05
1910.0,0.260772507951211,0.00156107233655509,0.0007296491037257907,0.0005078032660101179,2.302159148179628e-05,2.576346884947896e-05,2.461899772476078e-05
1911.0,0.2607666303458726,0.001575958465499533,0.0007288430856016758,0.000508307409565723,2.299053461471036e-05,2.57345834348443e-05,2.460167026806395e-05
1912.0,0.2609638604379161,0.001569244081861772,0.0007273752167837268,0.0005087906429600218,2.296267461790177e-05,2.570931213759761e-05,2.458533817529502e-05
1913.0,0.2611843287593035,0.001561323216781683,0.0007259344714270597,0.0005092835607474577,2.293661228118674e-05,2.568254037475729e-05,2.457456052596215e-05
1914.0,0.2613162296441361,0.001535095736600474,0.0007244752844186168,0.0005097530218529746,2.291371813597531e-05,2.566186720855942e-05,2.455729934195511e-05
1915.0,0.2614625499439821,0.001538723578102348,0.000723573364526049,0.0005102386512858457,2.289134201064314e-05,2.563865477729824e-05,2.454443182348874e-05
1916.0,0.2613914023597009,0.001532311422466661,0.0007223889247643427,0.0005107160640537566,2.287096907871281e-05,2.561641420664839e-05,2.452621872248181e-05
1917.0,0.2617774610821458,0.001531384418834806,0.0007215561913542304,0.0005111960212272751,2.284900421126118e-05,2.559423599655509e-05,2.451068695123183e-05
1918.0,0.2617476379054157,0.001550269340514182,0.0007206525330317932,0.000511663084661948,2.282986806690445e-05,2.557410982899434e-05,2.448421634198856e-05
1919.0,0.2616711785264643,0.001544619202535648,0.0007191611141395055,0.0005121310737437156,2.280175606631975e-05,2.554832510584252e-05,2.446188532499562e-05
1920.0,0.2614206471563651,0.001544908633054862,0.0007179356567216508,0.0005125699591474065,2.277521897444326e-05,2.551458414625387e-05,2.444639336913991e-05
1921.0,0.2613692876883304,0.001518193011200069,0.0007161079758107498,0.0005130128624743202,2.274556345698995e-05,2.548353005765552e-05,2.442306747339719e-05
1922.0,0.2612989801052255,0.001516715519367004,0.0007149253522730927,0.0005134341605744591,2.272019859542453e-05,2.545383853265529e-05,2.440563797786853e-05
1923.0,0.2612841922003591,0.001523177572345582,0.0007138447382632061,0.0005138661419725525,2.269325231705833e-05,2.542962013215463e-05,2.438929545023659e-05
1924.0,0.2611470709671003,0.001510486312651794,0.0007125015373688118,0.0005142905612468959,2.266921255424325e-05,2.540318413287885e-05,2.435757847836633e-05
1925.0,0.2611366426316615,0.001511232750135387,0.0007111927173528188,0.0005147274349755646,2.264970593574779e-05,2.538251973274457e-05,2.433869001638547e-05
1926.0,0.2609242833242721,0.001491170115291992,0.0007098262658881265,0.000515144708426232,2.262005960201303e-05,2.534979107451134e-05,2.431410045025593e-05
1927.0,0.2608832121270878,0.001490599204096957,0.0007089025016714111,0.0005155661663263233,2.259004654508161e-05,2.532413910262656e-05,2.429660383569714e-05
1928.0,0.261067446595625,0.001494818065080528,0.0007079792287529673,0.0005159684203407411,2.256996848421277e-05,2.530705845975053e-05,2.427755204520848e-05
1929.0,0.2611008084585996,0.001479361761143128,0.0007068843279154677,0.0005163586849888497,2.255003443260705e-05,2.528758125638919e-05,2.426138689572036e-05
1930.0,0.2612069806700991,0.001492589772992223,0.0007060228128616333,0.0005167244782006093,2.25308188995222e-05,2.526237664953888e-05,2.423560870404413e-05
1931.0,0.26121462407002,0.001485012366131668,0.0007049127764368555,0.0005171091597477307,2.251538802287733e-05,2.524207050482698e-05,2.421325738722929e-05
1932.0,0.2610602724550772,0.001502619778270043,0.0007050554034561716,0.0005174675055055555,2.25004648490819e-05,2.522300882525521e-05,2.419462814815939e-05
1933.0,0.2612356531210274,0.001497097794188477,0.0007039241025841334,0.0005178353270975899,2.248231750484965e-05,2.5199851138607e-05,2.417226572246125e-05
1934.0,0.2614565677742302,0.001492456811458596,0.0007027977171648604,0.0005181800523144186,2.246799348488525e-05,2.51846258316346e-05,2.415635682050795e-05
1935.0,0.2619046349832337,0.00151545707498734,0.000703373941878524,0.0005185332404879342,2.245236515123788e-05,2.516516542736181e-05,2.414146546216283e-05
1936.0,0.2618666541783926,0.001535395713138284,0.0007028575134236254,0.0005188521835388501,2.244057338532557e-05,2.514695825387882e-05,2.412966726489118e-05
1937.0,0.2620129212306078,0.00148863022817277,0.0007009469294842688,0.0005191665560685423,2.24201369373785e-05,2.5125900396685e-05,2.411055546427886e-05
1938.0,0.2621116747334228,0.001497535428305229,0.0007003598547992237,0.0005194573286459844,2.241046737833523e-05,2.510414940761275e-05,2.408916078101966e-05
1939.0,0.2623325774191646,0.001550663709368965,0.0007004404604284977,0.0005197528160675801,2.239897797598997e-05,2.509115598956508e-05,2.40728652760053e-05
1940.0,0.2624943943281519,0.001505752955571448,0.0006994719084078777,0.0005200287129881389,2.238666309976618e-05,2.506968454787327e-05,2.405302160275936e-05
1941.0,0.2628258835337378,0.00152025077491538,0.0006990473827937924,0.0005203208398388849,2.23798079058374e-05,2.506057892647697e-05,2.40429709513152e-05
1942.0,0.2631090278270976,0.001483254126749708,0.0006980010789237724,0.0005205742192955152,2.23655320074623e-05,2.504458324013122e-05,2.402414905169043e-05
1943.0,0.2630569909328435,0.001490604938113878,0.0006978731001758188,0.0005208456436735985,2.235934069576885e-05,2.50332922752628e-05,2.400621146540658e-05
1944.0,0.2632310800635488,0.001478226639364349,0.0006970249768337284,0.0005210919046392699,2.235259173409069e-05,2.501781992771891e-05,2.398272560850955e-05
1945.0,0.2632006818927188,0.001468566684720828,0.0006964328497159834,0.0005213461922889757,2.234616152539164e-05,2.500156274232891e-05,2.39627561107797e-05
1946.0,0.2632620114809547,0.001480980278339491,0.0006962851534622992,0.0005215844948490069,2.234450862019317e-05,2.498751546891885e-05,2.394120450044814e-05
1947.0,0.2634046986134338,0.001474180943723046,0.000695590750645152,0.0005218081012650815,2.233603555105249e-05,2.497245055579103e-05,2.392301526907894e-05
1948.0,0.2637052746157683,0.001475759716589693,0.0006951121741188921,0.0005220141580753688,2.233936122509549e-05,2.495873005661028e-05,2.39064254975087e-05
1949.0,0.2641558711202706,0.001454850220862832,0.0006944443150114337,0.0005222269496128748,2.233332363215535e-05,2.49493334697284e-05,2.389013671626986e-05
1950.0,0.2648494553237634,0.001469965855940564,0.0006941377472498795,0.0005224080354022423,2.232898305981574e-05,2.494396609821005e-05,2.388362141156135e-05
1951.0,0.264868623480268,0.001527255145069625,0.0006947331387197341,0.0005226052817951198,2.232870417437039e-05,2.493364943215514e-05,2.387965507459537e-05
1952.0,0.2651766803075036,0.001503130551444354,0.0006937556398862119,0.0005227805827733121,2.232491241963426e-05,2.492096683140105e-05,2.386045352872455e-05
1953.0,0.265234631698843,0.001492908234888686,0.0006932777685294325,0.0005229546108997663,2.232367944190478e-05,2.490521093795115e-05,2.384430080401711e-05
1954.0,0.2651934508209762,0.001475511909796167,0.0006925264113113843,0.0005230985089801069,2.231383504719078e-05,2.489452016370468e-05,2.382477709355355e-05
1955.0,0.265049869915529,0.001456484149074073,0.0006923779287367672,0.0005232495799820487,2.230349282754391e-05,2.48854650811163e-05,2.380852919377647e-05
1956.0,0.265021283663388,0.001453105486666937,0.0006917686970503717,0.0005233892862209468,2.229566128462933e-05,2.486998088918202e-05,2.379426483884483e-05
1957.0,0.2649975348340226,0.00148593761876647,0.0006916550522658855,0.0005235251430320387,2.229603673688902e-05,2.486529909812438e-05,2.377243932050825e-05
1958.0,0.2647590845640025,0.001485895344457068,0.0006912447097778816,0.0005236523613034633,2.229381332023686e-05,2.485716664111692e-05,2.375540942750046e-05
1959.0,0.2649427640623452,0.001474753054918444,0.0006902372872758529,0.0005237742271399407,2.228630717279843e-05,2.484177590177119e-05,2.373351945265818e-05
1960.0,0.2651786317790498,0.001467083020614702,0.0006896236453372518,0.0005238739043510998,2.227992986499601e-05,2.483463491343333e-05,2.370980965681625e-05
1961.0,0.2652568400824888,0.001444939555323671,0.0006886621852365506,0.0005239629869113166,2.227338291104898e-05,2.482326836210561e-05,2.369427406569058e-05
1962.0,0.2655833690234817,0.001469683455122512,0.0006885470661496749,0.0005240431632041235,2.226800610418112e-05,2.481410482414525e-05,2.367918733271763e-05
1963.0,0.2655215424811004,0.001478476285271972,0.0006879257079582196,0.0005241349829598212,2.226205920116966e-05,2.48077232983207e-05,2.366094406986293e-05
1964.0,0.2653090538369674,0.001476973036740001,0.0006877385243273155,0.000524209979955966,2.226083388259658e-05,2.479506572686136e-05,2.364149031982494e-05
1965.0,0.2651465766005444,0.001458481741755792,0.0006865068173474807,0.0005242848106376055,2.22447879331972e-05,2.478668684140067e-05,2.362058304419757e-05
1966.0,0.2649709768768498,0.00145195420989834,0.000685870979553325,0.0005243363327396217,2.223908379711603e-05,2.478724902517174e-05,2.360293482862402e-05
1967.0,0.2650867128483375,0.001468999834983663,0.0006854294204167694,0.0005244004635910716,2.223599887265963e-05,2.47916943571723e-05,2.358118076511618e-05
1968.0,0.2648437910446811,0.001478604964106022,0.0006851719153335015,0.0005244568836343989,2.22293431675895e-05,2.478481971035104e-05,2.355243655029475e-05
1969.0,0.2645755283116573,0.001484519063626909,0.0006843603286691667,0.0005245220965712388,2.222052393361391e-05,2.478095698572422e-05,2.353391140346695e-05
1970.0,0.2643313913813867,0.001492719200374711,0.0006838600275749955,0.0005245663090036132,2.220814601858079e-05,2.477664580612746e-05,2.350659533127129e-05
1971.0,0.2639992763764317,0.001456943260760559,0.0006827655816813356,0.0005246122458731899,2.219188201635624e-05,2.476526410586656e-05,2.347458714104387e-05
1972.0,0.2637679097530837,0.001470811417925462,0.0006821374867209688,0.0005246571921320666,2.218235690359573e-05,2.476251055676026e-05,2.345028637611792e-05
1973.0,0.2638363331342135,0.001465155165165095,0.0006814474935938465,0.0005247029819163061,2.216824491549095e-05,2.475390943912278e-05,2.342764333694435e-05
1974.0,0.2636265258937304,0.001458448410204465,0.0006808279957927145,0.000524737858921311,2.216010223960155e-05,2.474638733912481e-05,2.340161135475678e-05
1975.0,0.2634665902704871,0.00145031651484954,0.0006799467740459487,0.0005247637199216232,2.215159421298064e-05,2.474750100346333e-05,2.337094125008159e-05
1976.0,0.2631006726739782,0.001457722121924061,0.0006794892168998063,0.0005247791119547593,2.213894284720482e-05,2.47384049251407e-05,2.334443234112684e-05
1977.0,0.2633546038820413,0.001458071354283463,0.0006786601421116958,0.0005248007435706819,2.212533850206857e-05,2.473610781805054e-05,2.331353454306337e-05
1978.0,0.2631606234866108,0.001443136072677792,0.0006776700512142953,0.0005248027267121249,2.211297723438518e-05,2.473262765111983e-05,2.329094253955621e-05
1979.0,0.2629100735295511,0.001455958334970364,0.0006769806907190743,0.0005247909992047711,2.20982282957565e-05,2.472122650265354e-05,2.326133724329532e-05
1980.0,0.2621188775914831,0.001450242748593967,0.0006762510032466263,0.0005247471085414566,2.208233983310791e-05,2.471579064955224e-05,2.322910881300758e-05
1981.0,0.2617798648732259,0.001444137614536771,0.0006753649404326937,0.0005247030262478541,2.206457875915745e-05,2.471135583140041e-05,2.319711385566585e-05
1982.0,0.2615229052547787,0.00142823374407139,0.0006743146076453683,0.0005246332321143604,2.204837082602905e-05,2.470042044162363e-05,2.315973035642582e-05
1983.0,0.261076825251547,0.001427792079006313,0.0006735067452707081,0.0005245565417969866,2.203817940976318e-05,2.469574312826914e-05,2.313545175520876e-05
1984.0,0.2613719134914839,0.001423718094719686,0.000672732774626579,0.0005244536172391006,2.202739841144827e-05,2.468797067144456e-05,2.310162768902369e-05
1985.0,0.261385338372648,0.001434725395666098,0.0006720363478486414,0.0005243552616716614,2.201327939173341e-05,2.468347536865071e-05,2.307778465594773e-05
1986.0,0.2610459072882841,0.001430158546699892,0.0006709854202786429,0.000524247079240326,2.200324747099381e-05,2.46714638578314e-05,2.305239577954963e-05
1987.0,0.2604794450541946,0.001439116072886045,0.0006701235557517328,0.0005241375892664292,2.198642161320902e-05,2.466210357055509e-05,2.30173526453729e-05
1988.0,0.2599367355889382,0.00142901806840061,0.0006691238595127165,0.000524002671999246,2.196874542166812e-05,2.465391781942564e-05,2.298127580398855e-05
1989.0,0.2600740905183391,0.001432865998459209,0.0006682122954748194,0.0005238830216845784,2.195782391409543e-05,2.465034237327761e-05,2.294797492613656e-05
1990.0,0.2597792585887851,0.001426610545369401,0.0006673789764834922,0.0005237523669761653,2.19529334006343e-05,2.464432157994533e-05,2.291519418087447e-05
1991.0,0.2592718776560813,0.001433553753255774,0.0006664851065389231,0.0005236351388233822,2.194521161179632e-05,2.463402153285991e-05,2.288504880847785e-05
1992.0,0.2592245100393527,0.001446447383490229,0.0006657448002012728,0.0005235142377802629,2.193657117344084e-05,2.462630351257333e-05,2.285375141442452e-05
1993.0,0.2593562888026934,0.001425764093131199,0.0006646502499197474,0.0005233976797019054,2.19234534693035e-05,2.462186061397984e-05,2.281691471504333e-05
1994.0,0.2593204650545856,0.001464631467249026,0.000664321638321889,0.0005232679100212276,2.191988526754798e-05,2.461278158687543e-05,2.278768108608355e-05
1995.0,0.2593154615804744,0.001449734613251417,0.0006630320921635193,0.0005231667115115714,2.191015436030578e-05,2.460378749758188e-05,2.275248128496382e-05
1996.0,0.2602016451831812,0.001430710668492308,0.0006620444665117036,0.0005230554613269499,2.19020548146453e-05,2.459936678564425e-05,2.271593439208354e-05
1997.0,0.2593940421758555,0.001535366164336119,0.0006620801720075422,0.0005229704444823525,2.189653595491831e-05,2.460946004414664e-05,2.268986850389351e-05
1998.0,0.2593972496152839,0.001615984695623697,0.0006626732460193958,0.0005228841272662972,2.189470018274741e-05,2.459130539139546e-05,2.266084247692029e-05
1999.0,0.2590239756062118,0.001493193787815035,0.0006605852193197822,0.0005228333178676132,2.188393329738784e-05,2.457882868560471e-05,2.26368922674793e-05
2000.0,0.2584978961230628,0.001425756188492597,0.0006584104324079871,0.0005227968248629458,2.187835677917376e-05,2.456504742775194e-05,2.259586792941356e-05
2001.0,0.2581234730063408,0.0014071711935889,0.0006570583037647945,0.0005227656625474001,2.186285406723736e-05,2.455437252613015e-05,2.25482030553482e-05
2002.0,0.257672170197943,0.001411624919185715,0.0006559984439533082,0.0005227500103461238,2.185666797331205e-05,2.454681328642242e-05,2.251287531365232e-05
2003.0,0.2573320842787641,0.001408103435563194,0.0006550113389932725,0.0005227654165206306,2.184792871474552e-05,2.452943993712974e-05,2.24708815301993e-05
2004.0,0.2571840157257563,0.001437982174857048,0.0006544161407827152,0.0005227819362405116,2.183815922758745e-05,2.451178486799626e-05,2.243127239011541e-05
2005.0,0.2570680033397937,0.001459100130789711,0.0006537561389175928,0.0005228194770865439,2.18310639774349e-05,2.450082509852402e-05,2.239432656188587e-05
2006.0,0.256914935925455,0.00142432726987124,0.0006522799206122431,0.0005228758761911018,2.182389064672087e-05,2.448627402774614e-05,2.235762435183793e-05
2007.0,0.2570144530295254,0.001425896175289137,0.0006507657382708419,0.0005229507199236214,2.181266958046757e-05,2.446735016717841e-05,2.231820172661835e-05
2008.0,0.2565145570127014,0.001428540338311395,0.0006496513789257669,0.0005230327570511851,2.180616643571815e-05,2.445600847707823e-05,2.228552588699565e-05
2009.0,0.2559809464214877,0.001386479135319348,0.0006477445251585828,0.0005231278995395842,2.179139864378972e-05,2.443723511568881e-05,2.223558052510204e-05
2010.0,0.2556650381447838,0.001385829299103373,0.0006463875188926867,0.0005232194417200895,2.177488035694496e-05,2.442737893094228e-05,2.219160948267733e-05
2011.0,0.2553540108449046,0.001376413734412874,0.0006451372409885876,0.0005233244246629604,2.177282913751e-05,2.441925161869191e-05,2.215148772386029e-05
2012.0,0.254891390018427,0.001372763355735435,0.0006439794257367509,0.0005234411437089993,2.17575006522275e-05,2.439992925885609e-05,2.210905077217274e-05
2013.0,0.2544216764323636,0.001373434597398459,0.0006428055837855236,0.0005235825190057945,2.174241863470317e-05,2.438146135037193e-05,2.206327519089044e-05
2014.0,0.254104870880756,0.001400500555919189,0.0006416998009751091,0.0005237194457348746,2.173109725592759e-05,2.436417008379546e-05,2.202095925652957e-05
2015.0,0.2539374791729678,0.00139336760114318,0.0006400979270887632,0.000523878200546041,2.172109177964254e-05,2.434783876784764e-05,2.199816507739319e-05
2016.0,0.2536785680252261,0.001398921702794809,0.0006392212919545914,0.0005240322466191878,2.17131110423256e-05,2.433099361959652e-05,2.195561828545468e-05
2017.0,0.2529877990304838,0.001359630466107986,0.0006375249779133422,0.0005242026137891554,2.170043489611817e-05,2.430288183009512e-05,2.191261479499277e-05
2018.0,0.252431888203885,0.001359939877171959,0.0006359375352643439,0.0005243637082008938,2.168452578390543e-05,2.428340348040665e-05,2.186473045345317e-05
2019.0,0.2522087798311479,0.001356242732704545,0.0006345697172427795,0.0005245196335141852,2.166662515297354e-05,2.426998864769666e-05,2.181763687847484e-05
2020.0,0.2517862532522606,0.001379103848099891,0.0006335965540828515,0.000524667721143158,2.165207966545137e-05,2.425674650405683e-05,2.177520254003379e-05
2021.0,0.2512240464403617,0.001366336959142625,0.0006315159570557402,0.000524811603018621,2.163599653994904e-05,2.424209266042713e-05,2.173206772348979e-05
2022.0,0.2509849291558502,0.001367344033720775,0.0006305859351123249,0.0005249369145494342,2.161976055316495e-05,2.422171038864688e-05,2.168881372365604e-05
2023.0,0.2507604723932685,0.001346434101931824,0.0006288402228378334,0.0005250739401529034,2.16058200468549e-05,2.419940956127458e-05,2.165392536066421e-05
2024.0,0.2506359253554721,0.001332822039675404,0.0006273253528871094,0.0005251904410416382,2.158985477057666e-05,2.417593357718379e-05,2.161750195507248e-05
2025.0,0.2504175189010936,0.001322327719451732,0.0006256991630370861,0.0005253026232873401,2.157785654304359e-05,2.415451480421159e-05,2.158093283579639e-05
2026.0,0.250075320060224,0.001304155641458311,0.0006238765247856573,0.0005253911467486302,2.156022401304598e-05,2.413051127570842e-05,2.153967564812687e-05
2027.0,0.2496637557543362,0.001286904685464796,0.0006221599224776543,0.0005254745702940855,2.154374469910058e-05,2.410500746397874e-05,2.149849858252738e-05
2028.0,0.2492441504910047,0.00129271223310471,0.0006207440497148421,0.0005255398540314997,2.152558818248582e-05,2.408494375068745e-05,2.145830297228868e-05
2029.0,0.2491882257070153,0.001280702454116248,0.0006190931279909354,0.0005256187549466279,2.151471819786109e-05,2.40675177048663e-05,2.142611758572754e-05
2030.0,0.2486323314003424,0.001290993547524076,0.0006179623850601356,0.0005256812379842996,2.149630812614486e-05,2.40478590654198e-05,2.138586955852285e-05
2031.0,0.2484996007301778,0.0012891544457564,0.0006164266865255135,0.0005257365060636572,2.148362306694042e-05,2.402818037813201e-05,2.135480582115397e-05
2032.0,0.2484527965284374,0.001282001621604517,0.0006149476006984981,0.000525779362046743,2.146954715991246e-05,2.400287081496731e-05,2.132920643401217e-05
2033.0,0.2483124032390742,0.00128666660603484,0.0006135986797105256,0.0005258269352331085,2.145689803361254e-05,2.398084795055072e-05,2.129667243737865e-05
2034.0,0.2478596675518561,0.001276778129209392,0.0006120886144353976,0.0005258668793704158,2.143858234053235e-05,2.395968864985775e-05,2.126454638555191e-05
2035.0,0.2476744596301819,0.001272042894243285,0.0006104615149784546,0.0005259018512183091,2.141870894259908e-05,2.39339338137146e-05,2.123486653205328e-05
2036.0,0.2477536663102694,0.001287533276996841,0.0006092641587939616,0.0005259260030691957,2.140522169333775e-05,2.391897860731946e-05,2.120717335443059e-05
2037.0,0.2475235301147204,0.001273049945620872,0.000607650608951242,0.0005259559637303066,2.138557063827363e-05,2.389928048701112e-05,2.117333460237971e-05
2038.0,0.2473870724995858,0.001260874007779143,0.0006061418330915484,0.000525955873568029,2.136643080857327e-05,2.387696364282472e-05,2.114857004587668e-05
2039.0,0.2469868270922057,0.001285329164737049,0.0006052915601233342,0.0005259627569896397,2.135069563751268e-05,2.385594196104278e-05,2.112434649570128e-05
2040.0,0.2469153952640765,0.001285785015035019,0.000603814325788435,0.0005259427480916332,2.133125457819095e-05,2.384046034409343e-05,2.10981314039209e-05
2041.0,0.2468499168564152,0.001271315390629412,0.0006021496836843054,0.0005259382725852178,2.131306241380776e-05,2.381411551361675e-05,2.107499130166405e-05
2042.0,0.2465348220991407,0.001262591438731523,0.0006006263998867826,0.0005259036669061797,2.12962877225464e-05,2.37885464983886e-05,2.105181561964348e-05
2043.0,0.2462618638186696,0.00125909417357139,0.0005991496365242043,0.0005258889355884985,2.127676106735021e-05,2.376374084930459e-05,2.103365105470035e-05
2044.0,0.2459663315431605,0.001258737546329546,0.0005978111110401885,0.0005258470980160666,2.125636998345877e-05,2.373601384021561e-05,2.101315441690955e-05
2045.0,0.2458634890989311,0.001249110407364284,0.0005962474066473809,0.000525825908390289,2.123796711879707e-05,2.371516747374822e-05,2.099116427527263e-05
2046.0,0.2458779454680125,0.001247775810896104,0.0005950322245631835,0.0005257808108292458,2.122259896666269e-05,2.369736114645574e-05,2.096799935960589e-05
2047.0,0.2454674703382993,0.001249889151099549,0.0005937662432335942,0.000525765607396038,2.12087737076369e-05,2.367769947135164e-05,2.095489772665081e-05
2048.0,0.2453359738397337,0.001258218377140799,0.0005925098628005015,0.0005257193161408111,2.11871904995077e-05,2.366008439707474e-05,2.093637112139797e-05
2049.0,0.244951078128819,0.001253529967932086,0.0005909917824881632,0.0005256820347079868,2.116952417970352e-05,2.364631631244737e-05,2.092240002554015e-05
2050.0,0.2446846501713805,0.001241905071092083,0.0005896095085550408,0.000525624665544874,2.114695092860042e-05,2.362372217021817e-05,2.090070000436798e-05
2051.0,0.2448248732178508,0.001251398897551155,0.0005884315585699382,0.000525595690671967,2.112983978937206e-05,2.359723179876849e-05,2.088664455439404e-05
2052.0,0.2450572493271282,0.001249556774672892,0.000587212939999011,0.0005255414467426985,2.112170838490347e-05,2.357640086118351e-05,2.087915523672535e-05
2053.0,0.2449252018477135,0.001237141495596776,0.0005857876997946578,0.0005255135810273702,2.111059863625027e-05,2.355673212321245e-05,2.086043712987758e-05
2054.0,0.2452382424842034,0.00126260398590323,0.0005850975057529195,0.0005254762116680653,2.109921886612234e-05,2.354200468016368e-05,2.084219142734023e-05
2055.0,0.2447394827372874,0.001251566424206469,0.0005837096422373896,0.0005254426691789614,2.107533538627381e-05,2.351916933622355e-05,2.08263091198912e-05
2056.0,0.2442000971598796,0.001245908232504276,0.0005822739940459749,0.0005253981984040185,2.10518401562862e-05,2.350196500404685e-05,2.08112586653506e-05
2057.0,0.244220103575299,0.001261631585780645,0.0005814273289488246,0.000525342779191895,2.10258332339015e-05,2.348248571427895e-05,2.079522819793539e-05
2058.0,0.2437479802942664,0.001257726410300103,0.0005802377034470796,0.0005252952046691179,2.100413779963848e-05,2.346153247213588e-05,2.07856020688143e-05
2059.0,0.2437047297980098,0.001251819086627793,0.0005788630223456507,0.0005252494291754261,2.097957034840255e-05,2.344503983301237e-05,2.077343973756391e-05
2060.0,0.2434579930051761,0.001265187353178911,0.0005779772914700439,0.0005251753234391878,2.096183854515842e-05,2.342630105035295e-05,2.076679006205076e-05
2061.0,0.2429994774262521,0.001253742720267882,0.00057658984975688,0.0005251142866875875,2.093831343452717e-05,2.340481302246502e-05,2.075150875114845e-05
2062.0,0.2427829103599327,0.001229742510995997,0.0005749255745856335,0.0005250468199958599,2.091464567124769e-05,2.33770062172708e-05,2.073653080368601e-05
2063.0,0.24262151516996,0.001233159685714229,0.000573691394438655,0.000524974282520167,2.089324686532278e-05,2.334768317789443e-05,2.071880450450689e-05
2064.0,0.2424378648635188,0.001216297288837438,0.0005723734495991321,0.0005248990854225562,2.087342671193537e-05,2.332747341105173e-05,2.070133425251422e-05
2065.0,0.2419309348814588,0.001207438846751543,0.0005710130244004269,0.000524837320099812,2.086284127600469e-05,2.330728501482023e-05,2.068821786139094e-05
2066.0,0.2417455300649494,0.001207573767589434,0.000569733621893158,0.0005247678105541067,2.084457106464309e-05,2.328875777270899e-05,2.067409863180278e-05
2067.0,0.2415400475492981,0.001218030162416607,0.0005687553332052535,0.0005246960384965736,2.082308202936723e-05,2.327055804205773e-05,2.06643498442804e-05
2068.0,0.2412395051011942,0.001207032495265854,0.000567353812695976,0.0005246254977484191,2.080048670860833e-05,2.325605362509044e-05,2.064991623653859e-05
2069.0,0.2410850271983439,0.001208468119499529,0.0005663008819826457,0.0005245465870302236,2.077708076138299e-05,2.32397384923906e-05,2.063545017592052e-05
2070.0,0.2408754655593499,0.001197736957010264,0.0005651038828714928,0.0005244709736458098,2.075814241563955e-05,2.322561696440239e-05,2.062950593598071e-05
2071.0,0.2407440547741567,0.001202453223660748,0.0005642261977757413,0.0005243970769020089,2.073674803722594e-05,2.32039085712045e-05,2.061946208824942e-05
2072.0,0.2407925156005574,0.001193357670751494,0.000563008966533247,0.0005243367825872564,2.072038885508526e-05,2.318970217359661e-05,2.061293344112592e-05
2073.0,0.2408602193843812,0.001197441984252699,0.0005620472044966606,0.0005242777252918159,2.070595881750942e-05,2.317541333692874e-05,2.060271294109594e-05
2074.0,0.2411157851002168,0.001209142498408186,0.0005612544573706927,0.0005242213902358741,2.069032364185961e-05,2.316726198931155e-05,2.059492787505673e-05
2075.0,0.2407016991072791,0.001214444437308965,0.0005604008128921884,0.0005241796567766223,2.067069164139298e-05,2.315906420296526e-05,2.058826493317213e-05
2076.0,0.2405364812544965,0.001206021387213633,0.0005591189275906787,0.000524140712683856,2.064284288673394e-05,2.313754652467426e-05,2.057796301380923e-05
2077.0,0.2405002350664815,0.001206107010679668,0.0005580968930468916,0.0005241009209079213,2.06227043585143e-05,2.311724293220447e-05,2.056988008422797e-05
2078.0,0.2403762941333556,0.00120873777485537,0.0005571875281995497,0.0005240589309167527,2.060540220524753e-05,2.310453659169673e-05,2.056598234819155e-05
2079.0,0.2402398899085018,0.001210440384816469,0.0005559359853152178,0.0005240160127783082,2.058333972450908e-05,2.308448283004943e-05,2.055680159967442e-05
2080.0,0.2403679295773838,0.00119824089513783,0.0005546341381277734,0.0005239699752231663,2.056034386542799e-05,2.307293949325269e-05,2.054460273516674e-05
2081.0,0.2407016579484256,0.001196688584152588,0.0005534621828204384,0.0005239241945119424,2.053839726849758e-05,2.305995394596742e-05,2.054034078380051e-05
2082.0,0.2409532265295753,0.001194018779558474,0.0005524279388149966,0.0005238671740786825,2.051891388154105e-05,2.304803466348237e-05,2.053571417827597e-05
2083.0,0.2406440579309323,0.001192779825321138,0.0005514779268208791,0.0005238372772347524,2.050117584112904e-05,2.303196393211431e-05,2.053045447776822e-05
2084.0,0.2406100256395061,0.001199610792896667,0.0005506590463380589,0.0005238136958204843,2.047637519496009e-05,2.301355353850496e-05,2.052270663179243e-05
2085.0,0.240855873918298,0.00120072982894353,0.0005498222696444343,0.0005237930612890903,2.045225454465145e-05,2.300355405416105e-05,2.051853961121147e-05
2086.0,0.2406062322440916,0.001202525897355641,0.0005484836001358193,0.0005237879341469268,2.043541937297175e-05,2.299375581920514e-05,2.051505129356602e-05
2087.0,0.2403659294280857,0.001210460371119155,0.0005477847711626371,0.0005237983736828366,2.041735640848007e-05,2.298101378094751e-05,2.050795485053298e-05
2088.0,0.2405840055385158,0.001217004112828851,0.0005469411943022155,0.0005238021266991234,2.039923995356906e-05,2.297330677092476e-05,2.050043355203789e-05
2089.0,0.2412292408775387,0.001222905311451579,0.0005459407210658077,0.0005237986894067223,2.038575017917461e-05,2.296173378218894e-05,2.049553423799141e-05
2090.0,0.2412735463804024,0.001205069100703464,0.0005447110368405845,0.0005237930202283384,2.037184563150682e-05,2.296109413022168e-05,2.049139828207178e-05
2091.0,0.2409787426339196,0.001241978469466989,0.0005446400405128799,0.0005238056232127274,2.034674055653055e-05,2.293921273015552e-05,2.04849633959546e-05
2092.0,0.2406660295892422,0.001228383448763221,0.0005433015292574076,0.0005238313024603994,2.032490235600811e-05,2.292424677408605e-05,2.04741891145916e-05
2093.0,0.2408657393934433,0.001217572627000703,0.0005421573988228261,0.0005238609476410779,2.030636142456817e-05,2.29085493552507e-05,2.046425402818659e-05
2094.0,0.2405580649239201,0.00120704747772728,0.000540992593434374,0.000523867970174485,2.028516014833856e-05,2.289829746917986e-05,2.04616685278489e-05
2095.0,0.2402486779194345,0.001196755425382498,0.0005402367909782591,0.0005238928702199296,2.026358362693522e-05,2.287908430491587e-05,2.045084993193212e-05
2096.0,0.2400350740204628,0.001184507284303018,0.0005391063032348011,0.0005239180608999582,2.023095680748748e-05,2.286213643464174e-05,2.043682978988764e-05
2097.0,0.2400562708439711,0.001201168690999856,0.0005385008418917802,0.0005239619301830485,2.021324862137467e-05,2.284651923946349e-05,2.042698437370503e-05
2098.0,0.2400688574727853,0.001210118345360003,0.0005376876457196143,0.000524008922822531,2.019512789242136e-05,2.28350365148246e-05,2.042193647734324e-05
2099.0,0.2399871612311558,0.001207609548831986,0.0005368616134990633,0.0005240809013468278,2.018211350350942e-05,2.282436987047826e-05,2.041427205547457e-05
2100.0,0.2397601286155139,0.001206514997166032,0.0005362398664683908,0.0005241641550358957,2.016208109986801e-05,2.281373285891127e-05,2.040634966935926e-05
2101.0,0.2403326360118969,0.001213756678128724,0.0005355456848426146,0.0005242618416683297,2.014747493938416e-05,2.280860942778901e-05,2.039800248255548e-05
2102.0,0.2405325347100517,0.001214751057659587,0.0005349572479187067,0.0005243611599942995,2.013580960041181e-05,2.280353456046523e-05,2.039148728746044e-05
2103.0,0.240473128520429,0.001226688577853737,0.00053425204156723,0.0005244849376402614,2.013154387177677e-05,2.279575096547138e-05,2.039298488695917e-05
2104.0,0.2404173083260062,0.001215876043472643,0.0005334045170633761,0.0005246076274313924,2.010992902141888e-05,2.277877313746987e-05,2.038284021874051e-05
2105.0,0.2404417282283439,0.001216789380114728,0.0005328316119002657,0.000524742696748161,2.009772906226414e-05,2.276249596160284e-05,2.037668403941915e-05
2106.0,0.2404861786766509,0.001212558824810053,0.0005319399817530419,0.0005248810809543865,2.008328282551856e-05,2.275950670836056e-05,2.036813861587531e-05
2107.0,0.2404769048941343,0.001210857074625169,0.0005312740468332095,0.0005250434125961903,2.006756644847185e-05,2.274527068114816e-05,2.036423935595667e-05
2108.0,0.240299816154036,0.00120518589253399,0.0005306057274306989,0.0005252100481567112,2.004583274737153e-05,2.273326752689555e-05,2.035397253521398e-05
2109.0,0.2400298147735289,0.001210973669198919,0.0005301311473916658,0.0005254204633520952,2.002954197310885e-05,2.272187092717009e-05,2.03492222391022e-05
2110.0,0.2397829898691896,0.001210225708151654,0.000529552935347907,0.0005256323194855283,2.001155541345498e-05,2.271746273376376e-05,2.033683713753268e-05
2111.0,0.2395677755930974,0.001210132831466734,0.000529014090286302,0.0005258557438078159,1.99963108369897e-05,2.270716564376609e-05,2.032379601583869e-05
2112.0,0.2393831703053278,0.001215076922746543,0.0005286151383188646,0.0005260900589237054,1.998307190215559e-05,2.269803802818917e-05,2.03057013654305e-05
2113.0,0.239274402052153,0.00123698974765663,0.0005283838650434251,0.0005263365895695498,1.996680707513917e-05,2.268612952073098e-05,2.02892099217925e-05
2114.0,0.2391210227825128,0.001240441308544898,0.0005275496838427246,0.0005265999648446998,1.995809089881089e-05,2.267892258779877e-05,2.027462144733137e-05
2115.0,0.2392095228607378,0.001250406185082871,0.0005274865604578117,0.0005268714462992622,1.994854118332734e-05,2.266460506934905e-05,2.026680932311406e-05
2116.0,0.2390742537113887,0.001258731166466031,0.000527366066524148,0.0005271865208293415,1.993490527053347e-05,2.265229666907506e-05,2.02581008942884e-05
2117.0,0.2388399811237924,0.001225017717279458,0.0005263715832048153,0.0005275069017014122,1.99285237433585e-05,2.264256846724048e-05,2.024290732527377e-05
2118.0,0.2385384684628154,0.00121730267653646,0.0005258957755502029,0.0005278539594626419,1.991657859608567e-05,2.262969452639688e-05,2.022633148536375e-05
2119.0,0.2385302981700363,0.001237909507783745,0.0005257139013689587,0.0005282101413609363,1.990322016703452e-05,2.262063376048042e-05,2.021309510072979e-05
2120.0,0.2384760972673712,0.001253706286104257,0.000525381371450364,0.0005285916501945078,1.988291033457706e-05,2.261024901218019e-05,2.019783557933817e-05
2121.0,0.2384409043267597,0.001241162132869209,0.0005247051548151734,0.0005289705749052813,1.986563827268801e-05,2.260525948060532e-05,2.018165499004469e-05
2122.0,0.2383275275024172,0.001251469352911757,0.0005244587490115538,0.0005293910956120006,1.984801713621182e-05,2.260160583932861e-05,2.017374406189429e-05
2123.0,0.2384272459060665,0.001304234646628445,0.0005252505360117419,0.000529793591875503,1.983712432133172e-05,2.259367232546609e-05,2.016612178513423e-05
2124.0,0.238191889651326,0.001291475823760628,0.0005247104717347146,0.0005302428886660721,1.982802472671902e-05,2.258581879591711e-05,2.015007237142274e-05
2125.0,0.2386769878995973,0.001280267649050163,0.000523558380963877,0.0005306567501355867,1.982242243836194e-05,2.257517992426071e-05,2.013572531567061e-05
2126.0,0.2383796319355073,0.001307039340561135,0.000523478779556562,0.0005310747440449533,1.981018398898975e-05,2.256716281113755e-05,2.011800749651648e-05
2127.0,0.238286544010845,0.001280530903503881,0.0005226091636936249,0.0005315008601617516,1.980900957941756e-05,2.255171477057114e-05,2.009644381520474e-05
2128.0,0.2380728463805353,0.001253752106109533,0.0005214658647200656,0.0005319327003736184,1.97951787949723e-05,2.253945359862767e-05,2.007427025691194e-05
2129.0,0.2377389986876866,0.00124918672913888,0.0005212387120850023,0.0005323744238766998,1.978261930051092e-05,2.252896072532089e-05,2.005571305217917e-05
2130.0,0.2373957982535087,0.001243097111647255,0.0005204148298678192,0.0005328242409747705,1.975911936451913e-05,2.251839334384365e-05,2.003677633507061e-05
2131.0,0.2373753303081279,0.001243739054229859,0.000520033869156671,0.0005332929836721111,1.974257291511005e-05,2.251007362721656e-05,2.001935037644242e-05
2132.0,0.2374746523218144,0.001263140478563757,0.0005200969682423181,0.0005337582610656875,1.972743166877795e-05,2.249842567254069e-05,2.000617882001473e-05
2133.0,0.237528213276134,0.001284361920951293,0.0005199405993749862,0.0005342496486924032,1.972843371032264e-05,2.248828392402628e-05,1.999731316239948e-05
2134.0,0.2376401243832809,0.001265091530605973,0.0005193324686386815,0.0005347474900651982,1.970858065482007e-05,2.247557465391444e-05,1.997711224651182e-05
2135.0,0.237217654881792,0.001267377843347579,0.0005188232606971364,0.0005352548090161945,1.970910505707957e-05,2.246272393973987e-05,1.995730790046473e-05
2136.0,0.2371394544903714,0.001257430168329354,0.0005180702047115042,0.0005357659742263347,1.969615316990814e-05,2.244302863742033e-05,1.993607110455855e-05
2137.0,0.2366228529021434,0.001262072418781407,0.0005178242071903324,0.0005362627197280366,1.967668785691757e-05,2.243041864494865e-05,1.991594598498144e-05
2138.0,0.2360478198066938,0.001260720687393717,0.0005172985661530656,0.0005367666270890001,1.966245691461924e-05,2.242005658692088e-05,1.989604370511994e-05
2139.0,0.2360215365856637,0.001244023092792704,0.0005164093828096459,0.000537274092925772,1.964592935807248e-05,2.240509729905509e-05,1.987819200358319e-05
2140.0,0.2362740302650377,0.001248015390149327,0.0005156748035163008,0.0005377869142890162,1.962783757943655e-05,2.239099480708461e-05,1.985851773558648e-05
2141.0,0.2363825819202767,0.001243082469669957,0.0005150713119175615,0.0005382802166178007,1.961060375994642e-05,2.237558037217531e-05,1.983687681160038e-05
2142.0,0.236164135018399,0.001255423704046743,0.0005147607247845551,0.0005387915649828344,1.959238949646355e-05,2.236778527105094e-05,1.981603347623347e-05
2143.0,0.2363236599514544,0.001264237847475697,0.0005139787927041206,0.0005392958780346677,1.958130225367889e-05,2.236498381187245e-05,1.980379300632815e-05
2144.0,0.236159121519414,0.001298451576335614,0.0005137285838209261,0.0005398251843946223,1.956834206138941e-05,2.234267930345678e-05,1.978365972689753e-05
2145.0,0.2358758532022428,0.00125730381112349,0.0005124824772062355,0.0005403406015644622,1.955968047235118e-05,2.232425658912051e-05,1.975692393227668e-05
2146.0,0.2356388920266241,0.001307891260998425,0.0005125375450679592,0.0005408529771786484,1.956200967212759e-05,2.230443719017243e-05,1.973646711110855e-05
2147.0,0.2350759278202795,0.001284772215213188,0.0005139396258705864,0.0005413595348294971,1.954303070935071e-05,2.22757197396241e-05,1.971397092665519e-05
2148.0,0.2347944204236392,0.001250819224748361,0.0005121005732732037,0.0005418737166648341,1.95263367241787e-05,2.22556784426146e-05,1.969065250849973e-05
2149.0,0.2344415049874782,0.001233537415013629,0.0005106675005004647,0.0005423809991773247,1.950964766995744e-05,2.224054592415163e-05,1.966142577600172e-05
2150.0,0.2339996847157085,0.001254320771744448,0.0005100826065840588,0.0005428937911495185,1.949112585454645e-05,2.22280774360706e-05,1.963956595538374e-05
2151.0,0.2338424947674876,0.001231723251209386,0.0005086031909907372,0.0005433881019965491,1.947508222164711e-05,2.220753779211654e-05,1.961481614205363e-05
2152.0,0.2338726313839098,0.001227832795145226,0.0005074652912461302,0.0005438997419007011,1.94582834260818e-05,2.218731500184296e-05,1.959013034283762e-05
2153.0,0.2340254567489124,0.001229891015212105,0.000506576516382061,0.0005443988402385509,1.943929602084395e-05,2.217031657781238e-05,1.956362555086513e-05
2154.0,0.2340693031304802,0.001217312699070278,0.000505516622980524,0.0005449007177007448,1.942333906523973e-05,2.214698223479836e-05,1.954962713634371e-05
2155.0,0.2339516513450449,0.001213378983019754,0.0005044176662792222,0.0005453996759729581,1.940828534442321e-05,2.212943456438723e-05,1.952064956905797e-05
2156.0,0.2338015268455642,0.001233294210261648,0.0005037866387041443,0.0005458822107951562,1.939070875184076e-05,2.211364356833411e-05,1.949401014360362e-05
2157.0,0.2337321212667361,0.001232684791794146,0.0005028059360453953,0.0005463764950801926,1.938131006685185e-05,2.208531933104391e-05,1.947004149688398e-05
2158.0,0.2337309004782531,0.00120097614650856,0.0005014140554062085,0.0005468676608189331,1.936064893827628e-05,2.206160945635091e-05,1.944125840498994e-05
2159.0,0.2335305364700972,0.001195522864602553,0.0005004019437593257,0.0005473538221069986,1.935204053481956e-05,2.203655110806112e-05,1.94166963778014e-05
2160.0,0.2334734333902016,0.001184818455500373,0.0004995806920365355,0.0005478362816634054,1.933755484551902e-05,2.201841080990508e-05,1.938870554835674e-05
2161.0,0.2331583723746197,0.001192076649772631,0.0004986478472642675,0.0005483136488264284,1.931953481383315e-05,2.199814809019686e-05,1.936147172977498e-05
2162.0,0.2332884614053348,0.001204768774045991,0.0004978256375768429,0.0005487793716270449,1.930268342878584e-05,2.19762780240017e-05,1.933145708552741e-05
2163.0,0.233285074351866,0.001220159959458337,0.0004972884463419051,0.0005492377081008387,1.928735624286897e-05,2.195455423427956e-05,1.930268692772254e-05
2164.0,0.2335836761455681,0.001218509610960314,0.0004963187653341993,0.0005497021874852001,1.926429686748821e-05,2.192830072078136e-05,1.927537953887415e-05
2165.0,0.2333707111826518,0.00121058103755846,0.0004954671166364889,0.0005501930867931111,1.925036390926323e-05,2.19055581026645e-05,1.924713515347241e-05
2166.0,0.2336006196554411,0.001197152963771543,0.0004944760598812556,0.0005506651204792004,1.923622428664331e-05,2.188746809243286e-05,1.921388622321535e-05
2167.0,0.2335120364759992,0.001182239259354339,0.0004936045137000323,0.0005511156303990745,1.921654633521386e-05,2.186459129512285e-05,1.918322488004454e-05
2168.0,0.2330847268850362,0.001185860524593804,0.0004929443250943766,0.0005516209259363191,1.920335980620341e-05,2.184727113256932e-05,1.915730877056959e-05
2169.0,0.2334666053069077,0.001223896057365465,0.0004926093673380485,0.0005521112347403296,1.918542619587431e-05,2.182447252829019e-05,1.912917775379958e-05
2170.0,0.2331480358741946,0.001207526332514443,0.0004914895424836916,0.0005526106480710151,1.916531300652013e-05,2.180391011251527e-05,1.910037842848333e-05
2171.0,0.2330132704251039,0.001202169014499445,0.000490864632393347,0.0005530836346571193,1.914236887132848e-05,2.177617784831156e-05,1.90721219994757e-05
2172.0,0.232688732564262,0.001182958610625975,0.0004901326052751277,0.0005535553822329902,1.912484221597972e-05,2.175295135675165e-05,1.903725565137543e-05
2173.0,0.2323484755085259,0.00116515741489214,0.000489152565383101,0.0005540173898623268,1.9107792326723e-05,2.173615006352129e-05,1.90036253022269e-05
2174.0,0.2323928998561454,0.001173396374984976,0.0004884236454185946,0.0005544819665552175,1.908849469798569e-05,2.171527339214894e-05,1.897311283813466e-05
2175.0,0.2322066023386567,0.001188889436360055,0.0004879698312986443,0.0005549351108691231,1.906894383391521e-05,2.169045672431244e-05,1.894264745546418e-05
2176.0,0.2323932189350139,0.001179142972589387,0.000486993999981336,0.0005553697629099204,1.904521644576952e-05,2.166376990465673e-05,1.892131747261439e-05
2177.0,0.2320973524012907,0.001175315314583128,0.0004861679569431445,0.0005558287763825593,1.902211624394454e-05,2.163912008282761e-05,1.890097043615735e-05
2178.0,0.232279844876132,0.001157219811268519,0.0004850316611783832,0.0005562654699812211,1.899495098440668e-05,2.161238166907611e-05,1.887407484978362e-05
2179.0,0.2319864801022219,0.001168851261593914,0.0004844426026277236,0.0005566646387496069,1.897659343511677e-05,2.159074174517434e-05,1.884790000046218e-05
2180.0,0.2317636299749858,0.001163094955969129,0.0004837795440090909,0.0005570602562275,1.89526699792347e-05,2.156396270584975e-05,1.881077388898231e-05
2181.0,0.2321861715048122,0.001174499087350246,0.0004834988078018085,0.000557408410993919,1.894001421130252e-05,2.154054199535815e-05,1.878019379684861e-05
2182.0,0.2323419264482114,0.001173598591255687,0.0004825418069093304,0.000557755550715007,1.892290601339971e-05,2.151914175892244e-05,1.875824379707836e-05
2183.0,0.2324300276792746,0.00116036258167734,0.0004813621541944825,0.0005580922963683424,1.890950065781867e-05,2.149614908007288e-05,1.873476403050514e-05
2184.0,0.232451949555046,0.001176532837711058,0.0004809274126522831,0.0005584160536203455,1.889202769302332e-05,2.147549215107294e-05,1.871218561531663e-05
2185.0,0.2326049173831751,0.001157287620787767,0.0004798115920930548,0.0005587139159845755,1.887990258673153e-05,2.145257186062672e-05,1.868161569089591e-05
2186.0,0.2324398024616026,0.001163861933354856,0.000478713114635326,0.0005589962053602081,1.886389715124193e-05,2.142692283257133e-05,1.865024857293242e-05
2187.0,0.2322583207146023,0.001143201318383005,0.0004776035066784192,0.0005592488717728817,1.885193884720242e-05,2.140687396222435e-05,1.861742185267687e-05
2188.0,0.2317963548607128,0.001159202561881809,0.0004767519141138737,0.0005595163995706561,1.882748286778805e-05,2.138103561560913e-05,1.859574039641839e-05
2189.0,0.232036743616137,0.001142363181344146,0.0004758334211013499,0.0005597515287461718,1.880418816779047e-05,2.135029310525364e-05,1.857362432016728e-05
2190.0,0.2318106809860696,0.001131311850868448,0.0004746840919536641,0.0005599783218459016,1.878150139601055e-05,2.13173348603728e-05,1.854592923323268e-05
2191.0,0.2313335994115939,0.001123181609945435,0.0004737065914518261,0.0005601894691385539,1.876014394994407e-05,2.128498722505248e-05,1.851451768726203e-05
2192.0,0.2311438309272412,0.001111266974548852,0.0004726509658594532,0.0005603869087968665,1.874179402805149e-05,2.125338371658414e-05,1.847717097959214e-05
2193.0,0.2313980682105905,0.001106479726688589,0.0004717199449901695,0.0005605587356819106,1.872756223261923e-05,2.122314528162176e-05,1.845215117517084e-05
2194.0,0.2315099103612544,0.001111010956276026,0.0004707382091238804,0.0005607305621400345,1.870683591982945e-05,2.120015983978073e-05,1.842946570569941e-05
2195.0,0.2315254816736211,0.001103316252605371,0.000469968380961628,0.0005608975178069664,1.869274455099419e-05,2.117823602679841e-05,1.841462971073999e-05
2196.0,0.2312476124323255,0.001092015278177653,0.0004689342890724637,0.0005610559729316614,1.867373371508554e-05,2.115002681391216e-05,1.8391176851874e-05
2197.0,0.2311396408312202,0.001097626590122933,0.0004681614378608784,0.0005611981901543942,1.866055302971143e-05,2.112786493504135e-05,1.83626696710111e-05
2198.0,0.230850836831378,0.001094068211423184,0.0004671812996422189,0.0005613137992854214,1.865022995982043e-05,2.110331707369019e-05,1.833564365769296e-05
2199.0,0.2304652147706896,0.00109693189161211,0.0004664626359007888,0.0005614417970389999,1.863345097458057e-05,2.107567454710459e-05,1.830570745901407e-05
2200.0,0.230162657654906,0.001096565547829912,0.0004655903658840174,0.0005615725791564944,1.861612432690397e-05,2.104654076277864e-05,1.828453323229349e-05
2201.0,0.2303289763657551,0.001121759334198121,0.0004653495663231671,0.000561680444615874,1.860090023889338e-05,2.101796818004224e-05,1.826087249006756e-05
2202.0,0.230128692606597,0.00112208638270654,0.0004644710188731294,0.0005617723127690272,1.858166086945275e-05,2.098726153524066e-05,1.824539683300223e-05
2203.0,0.2303414504930705,0.001100181623513176,0.0004631729948118704,0.0005618382094442213,1.856480152305767e-05,2.095791354685649e-05,1.822845900172432e-05
2204.0,0.2301963017833228,0.001112996563463712,0.0004632793325608803,0.0005619241530249668,1.85561002538454e-05,2.094315004291136e-05,1.821362445446311e-05
2205.0,0.2304237219795697,0.001085892032647479,0.0004620198053944135,0.0005619986505307476,1.854645155000078e-05,2.091366369844463e-05,1.820237334782585e-05
2206.0,0.2303300795298276,0.001087279822495268,0.0004611656531732099,0.0005620660558995354,1.853761253534456e-05,2.08885960363558e-05,1.818092912933133e-05
2207.0,0.2301441196799465,0.001064418100287503,0.0004599332941476965,0.0005621409036956273,1.852347429142667e-05,2.086567723540564e-05,1.815475109761956e-05
2208.0,0.2300906010102914,0.001058383963560431,0.0004589888936805362,0.0005622115515651794,1.851125518278657e-05,2.083858185691373e-05,1.813851229420231e-05
2209.0,0.2300542513372301,0.00105525769196679,0.0004580249742392983,0.0005622888467342891,1.849709804548682e-05,2.081422028530092e-05,1.811971576428025e-05
2210.0,0.2301475332908276,0.001057895697314305,0.0004572682369117004,0.0005623575006607627,1.848622990411108e-05,2.079046135645129e-05,1.810568129100849e-05
2211.0,0.2301758050265284,0.001064478913704628,0.0004565084081027345,0.0005624292641525413,1.847208254088118e-05,2.077187218321916e-05,1.809397915901115e-05
2212.0,0.2302931480645015,0.001050338826043035,0.0004555037319963629,0.0005625047779832402,1.845987059337483e-05,2.075719245138021e-05,1.808464129332831e-05
2213.0,0.2306413310404082,0.001054790696157882,0.0004546767172422267,0.0005625853051405331,1.846024506234612e-05,2.073781626662293e-05,1.807757601609954e-05
2214.0,0.2305066397176348,0.001049358055770305,0.0004536648312604442,0.0005626402235007872,1.845665172481296e-05,2.071524665712621e-05,1.806671291189457e-05
2215.0,0.2302773217445574,0.001053741488314478,0.000453214146625569,0.0005626881998221847,1.844582972852178e-05,2.069514886897386e-05,1.805771895672162e-05
2216.0,0.2304298476298236,0.00105313781524458,0.0004523073199824308,0.0005627269533537742,1.843566766614027e-05,2.067456138046059e-05,1.804835791298843e-05
2217.0,0.2305761240139474,0.001067685144526418,0.0004519193520317271,0.0005627674100135219,1.842126681196589e-05,2.064974129864395e-05,1.80443597815795e-05
2218.0,0.2309535548127702,0.001066016163414248,0.0004509202930559949,0.0005627775695875799,1.840828743405287e-05,2.063259028217658e-05,1.804094218676055e-05
2219.0,0.2310172220052085,0.001057625085070255,0.0004499832120897012,0.0005628131909528844,1.839760834451766e-05,2.062160474363269e-05,1.804544658506132e-05
2220.0,0.230609824603151,0.001059909898165432,0.0004491826607141036,0.0005628287289309312,1.83802076347701e-05,2.059534237957011e-05,1.80486081290999e-05
2221.0,0.2307889792047989,0.00107298064749474,0.0004488171135005502,0.0005628377111546902,1.836637954988545e-05,2.057319081617712e-05,1.804680183692668e-05
2222.0,0.2303826495928816,0.001065363127245831,0.00044774689156811,0.0005628452092363987,1.83561257583306e-05,2.055718550331057e-05,1.803957355335621e-05
2223.0,0.2304580762118084,0.001046219450301876,0.0004465940598404468,0.0005628361876290164,1.834401991697129e-05,2.053723251470291e-05,1.803762032918202e-05
2224.0,0.230444809004628,0.001042389113660341,0.0004456153054519896,0.0005628071926855479,1.832339802159588e-05,2.051347069422195e-05,1.803550849238032e-05
2225.0,0.2304741629399984,0.001051510934719391,0.0004447821376199834,0.0005627966146996096,1.830785559174564e-05,2.049508199654099e-05,1.803970839655607e-05
2226.0,0.2307504457333373,0.001038746355566622,0.0004434279866572274,0.0005627507863326249,1.828749665599646e-05,2.047450239138784e-05,1.804306131417467e-05
2227.0,0.2303765706385306,0.001024168209140015,0.0004422932517516011,0.0005627272627517872,1.827128964309603e-05,2.045997510039995e-05,1.804615924305959e-05
2228.0,0.230629721679596,0.001033755420578244,0.0004413953774653682,0.0005627022456397967,1.825418580073819e-05,2.043902529961054e-05,1.804973661954803e-05
2229.0,0.230447399550387,0.001032834818585779,0.0004403246428495762,0.0005626962748010984,1.823404974254926e-05,2.041981179003623e-05,1.805253354332718e-05
2230.0,0.2304316376472292,0.001052034709584751,0.0004401702753114207,0.0005626966469706005,1.822273034231475e-05,2.04087140189349e-05,1.80589009712537e-05
2231.0,0.2304238627780163,0.00106411666477499,0.0004393947583551546,0.0005627282725876832,1.821351523334209e-05,2.039377881407857e-05,1.806351475113256e-05
2232.0,0.2305818788809891,0.001048472632750997,0.0004380284561271017,0.0005627678677565606,1.819341108512426e-05,2.037408643639694e-05,1.806869757269242e-05
2233.0,0.2303721020494119,0.001053513360654635,0.0004373410314423193,0.0005628200727791846,1.817544138792135e-05,2.035481748974893e-05,1.807156733023766e-05
2234.0,0.2302937625422067,0.001101001438884661,0.0004370590864726754,0.0005628879298393213,1.815484090364549e-05,2.033770704655875e-05,1.807201646256416e-05
2235.0,0.2306119744798239,0.001100906658456492,0.0004363526799781929,0.0005629614575456269,1.813553162125355e-05,2.032245943096444e-05,1.807749125316763e-05
2236.0,0.2305190169434739,0.001069081698713753,0.0004346202831209413,0.0005630686771435632,1.812475429133018e-05,2.031053179044583e-05,1.808242627256483e-05
2237.0,0.2307743848565778,0.001050940929846568,0.000433125667256197,0.0005631889366881945,1.811005871780157e-05,2.029121919009136e-05,1.809239303839437e-05
2238.0,0.2304013642384479,0.001036091157554739,0.0004316387935494347,0.0005633148895307545,1.80949176605899e-05,2.027383169721759e-05,1.809430836510631e-05
2239.0,0.2303478442100776,0.001022333357742669,0.0004302598231054126,0.0005634631478066614,1.807936510935732e-05,2.026462798970602e-05,1.809363732120283e-05
2240.0,0.2302096318255551,0.001060664508750958,0.0004302017255746429,0.0005636160010797406,1.806224955333441e-05,2.025059904991117e-05,1.809968970822127e-05
2241.0,0.2302574195812676,0.001071042342036553,0.0004296781501133068,0.0005637909739110137,1.804514462913406e-05,2.023633166478182e-05,1.810588699333716e-05
2242.0,0.2299919243490216,0.001049284368891629,0.0004278429136272641,0.0005639655504560575,1.802998217892728e-05,2.022147453875687e-05,1.810051568809159e-05
2243.0,0.2300497260400133,0.001026474476824397,0.0004260619666910058,0.0005641589337304436,1.801310045711955e-05,2.02051985063764e-05,1.809804882421294e-05
2244.0,0.2300472251279905,0.001017094382760684,0.0004245643858685905,0.000564355113673073,1.799994058215383e-05,2.019085190933554e-05,1.809560524438226e-05
2245.0,0.2296161077260084,0.001037275611983334,0.000423553005018794,0.0005645669418274107,1.799064721342809e-05,2.017779370003473e-05,1.809739966551165e-05
2246.0,0.229518222958665,0.001003767823263786,0.0004218667233980049,0.0005647570093734753,1.797507036259905e-05,2.016112091584659e-05,1.809523745417349e-05
2247.0,0.2293010538956689,0.0009964076027525726,0.0004204968497649718,0.0005649748110852322,1.796615058086192e-05,2.014548266657871e-05,1.808957017663452e-05
2248.0,0.2293871361301485,0.001004118602677843,0.0004198267572236349,0.0005651674742013694,1.795587723065236e-05,2.01304004856561e-05,1.808485210711071e-05
2249.0,0.2289292150788839,0.001010975308446875,0.0004189450183985591,0.000565375972881618,1.795108811295361e-05,2.011902661550097e-05,1.807887927231214e-05
2250.0,0.2290803213557323,0.0009953189005949623,0.0004173303192364739,0.0005655579768065595,1.793899688517484e-05,2.010487239618496e-05,1.807079280100321e-05
2251.0,0.2293195291521402,0.001040466183090629,0.0004174429062814399,0.0005657384085509239,1.792963566580853e-05,2.008973046344375e-05,1.80686977188325e-05
2252.0,0.2292149564304342,0.001042778325360171,0.0004161704454571641,0.0005659064490165332,1.792655802830001e-05,2.008063520156352e-05,1.806636373512229e-05
2253.0,0.2291550662968514,0.001003027558139196,0.0004146783950229332,0.0005660571587634448,1.791420324782057e-05,2.006624588028113e-05,1.80639638459686e-05
2254.0,0.2289085789672427,0.001001910249844033,0.0004137194616453879,0.0005662140354000056,1.791030217213704e-05,2.005727772737896e-05,1.805827082571532e-05
2255.0,0.2290912390535761,0.00104510573394771,0.0004134267837425162,0.0005663551521112828,1.790502695479409e-05,2.00440608004867e-05,1.805682321919225e-05
2256.0,0.2287951440854923,0.001017756459199569,0.0004119508557146079,0.0005664833832961247,1.789645186204607e-05,2.002780245714495e-05,1.805119119108576e-05
2257.0,0.2282879602761717,0.001038828457615294,0.0004117660658870297,0.0005666257415485834,1.788805120636033e-05,2.001398266050865e-05,1.803817461724153e-05
2258.0,0.2283929581030056,0.001002508064525184,0.0004103252760825884,0.0005667433021500318,1.788064883115972e-05,2.000071472740069e-05,1.802715991397995e-05
2259.0,0.2283017750108148,0.0009984734359371604,0.0004093186655105055,0.0005668599901525562,1.788108337039319e-05,1.998891715356498e-05,1.802130464924846e-05
2260.0,0.2281203303414897,0.00099101700962646,0.0004085208828761627,0.000566968149891166,1.787444962983699e-05,1.997715455997551e-05,1.801127527146193e-05
2261.0,0.2280240300302451,0.0009811064478083137,0.0004075600754654692,0.0005670770071460897,1.786800254796898e-05,1.995909131154832e-05,1.80039921685473e-05
2262.0,0.2281333950135596,0.0009732917884487783,0.0004067517582295392,0.0005671735834037474,1.786422325992856e-05,1.994596929542478e-05,1.799472488818214e-05
2263.0,0.2280325035573851,0.0009677076774264388,0.000405895283195419,0.0005672665167442285,1.786157573929723e-05,1.993199541794069e-05,1.7990840035129e-05
2264.0,0.2279186127451328,0.0009706854706715259,0.0004051892772762585,0.0005673531213179606,1.785569008453846e-05,1.991513282017445e-05,1.798054687426176e-05
2265.0,0.2279374630950171,0.0009625744355290549,0.0004044384891904785,0.000567449072081428,1.785182717048069e-05,1.990004492807828e-05,1.796664139282897e-05
2266.0,0.2279818807353528,0.0009639924673111875,0.0004038864112674125,0.0005675472351351366,1.785488070789339e-05,1.989446159504481e-05,1.7952420322066e-05
2267.0,0.2279302827684511,0.0009596437239858761,0.000403243982584286,0.000567661010282786,1.784642964697792e-05,1.987879310785241e-05,1.794344574102166e-05
2268.0,0.228170667483332,0.0009613059034690601,0.0004025086591434564,0.0005677597865279909,1.784478468670994e-05,1.986880144788504e-05,1.793388287495001e-05
2269.0,0.2279443696535361,0.0009599439116237767,0.0004019228647651847,0.0005678739922290783,1.784640379385965e-05,1.985612910280174e-05,1.792630244853104e-05
2270.0,0.2280445402885645,0.0009513801360406503,0.000401100994013223,0.0005679845047734812,1.78446989962194e-05,1.984250761784192e-05,1.791762006285341e-05
2271.0,0.2281580032815096,0.0009530227938030217,0.0004005391495896795,0.0005681023903341733,1.784082643321081e-05,1.983391424645553e-05,1.790940776750311e-05
2272.0,0.2281874034343974,0.0009469712084333156,0.0003998383368116475,0.0005682168720733959,1.783830143803707e-05,1.982041970719707e-05,1.789257277144932e-05
2273.0,0.2282666792822457,0.0009509597344154124,0.0003993522536030888,0.0005683381187864923,1.783650547912426e-05,1.981025613693645e-05,1.787931306182559e-05
2274.0,0.2281920717711445,0.0009444249200120914,0.0003986822208116264,0.000568456118215528,1.783389438728782e-05,1.979245927254532e-05,1.786088830126582e-05
2275.0,0.2281650649430891,0.000950812878413618,0.0003986370285388811,0.0005685745395379885,1.783240860295402e-05,1.977868144813916e-05,1.784695956703958e-05
2276.0,0.2284103916372012,0.000953305732067909,0.0003982679861218557,0.0005686961752070746,1.783255732824006e-05,1.976881983175811e-05,1.783653600527612e-05
2277.0,0.2285750419961966,0.0009415898230081422,0.0003974342376081672,0.0005688366586761425,1.782980774508463e-05,1.975674339989292e-05,1.782270115976495e-05
2278.0,0.2285518010913367,0.0009446086547234051,0.0003969660945154695,0.0005689827970521981,1.783539163403717e-05,1.974913365121988e-05,1.781059784660091e-05
2279.0,0.2286098079619528,0.0009348080230284645,0.0003963335508404582,0.0005691254287342162,1.783034809518562e-05,1.972658025632652e-05,1.780197765870787e-05
2280.0,0.2282315932032359,0.0009224117104761961,0.0003954790481985506,0.0005692577332730451,1.782467444449293e-05,1.971141434517989e-05,1.778369085719421e-05
2281.0,0.2279139229219712,0.0009239188890246652,0.0003949970786814009,0.0005693901457764747,1.782157893469502e-05,1.96985888463877e-05,1.77663276447121e-05
2282.0,0.2277817277334588,0.0009166238207365273,0.0003944127358455655,0.0005695274548788406,1.781913585611197e-05,1.968599441677897e-05,1.77465535367822e-05
2283.0,0.2277937421332653,0.000912699549912484,0.0003939904844878936,0.000569673263013166,1.781124793879795e-05,1.96695946373315e-05,1.773185348720149e-05
2284.0,0.2276384747531849,0.0009138828540642379,0.0003936460859199654,0.0005698085667265036,1.781109961989461e-05,1.965108415168073e-05,1.770815154621779e-05
2285.0,0.2276493688019034,0.0009132822818211016,0.0003931588329532401,0.0005699342877217035,1.780497923810843e-05,1.963485935016284e-05,1.769089443361325e-05
2286.0,0.2279422323311273,0.0009067472017482127,0.0003927054243275147,0.0005700436054259908,1.780666234312319e-05,1.962370662993692e-05,1.767967151784024e-05
2287.0,0.2280430549291783,0.0009073872772480977,0.0003924037569289578,0.0005701546046965567,1.780651914175128e-05,1.96119460297573e-05,1.766509782860083e-05
2288.0,0.2280107145827398,0.0009141472936843465,0.0003921455134317721,0.0005702457042790191,1.780098444294373e-05,1.959729063040871e-05,1.765201462923104e-05
2289.0,0.2283135521457966,0.0009085154983349749,0.0003917058491774647,0.0005703120257088935,1.779556919817444e-05,1.958290405901406e-05,1.763859393698225e-05
2290.0,0.2282413656720007,0.0009016461521857307,0.0003913573544321123,0.000570368094506265,1.779608984764869e-05,1.957566828560357e-05,1.762112512252148e-05
2291.0,0.2282694873450763,0.000903596971822947,0.0003910606213501127,0.0005704028939230782,1.778948386505777e-05,1.955294130440551e-05,1.761143355579398e-05
2292.0,0.2279454747288539,0.0009142525791082305,0.0003910205410072542,0.0005704192545285868,1.778321725388349e-05,1.95353654760493e-05,1.759741157457198e-05
2293.0,0.2276565185492706,0.000914729341996363,0.0003906958785341817,0.0005704142189334826,1.777588725419901e-05,1.952016362104118e-05,1.757749242672681e-05
2294.0,0.2275713236649478,0.0009058115285225558,0.0003899841359029228,0.0005703934537100415,1.777055921508274e-05,1.950637962233751e-05,1.755841800535701e-05
2295.0,0.227695452966094,0.0009259008363309343,0.0003899376609691743,0.0005703585557536726,1.776186967694532e-05,1.949398146903464e-05,1.754676606680122e-05
2296.0,0.2273719457573563,0.0009143607131659536,0.0003891842674343315,0.0005703147442454286,1.775086878877855e-05,1.947800459043882e-05,1.752923570612306e-05
2297.0,0.227485172595974,0.0009028314931686401,0.0003887400648846742,0.0005702524938038654,1.7737412791254e-05,1.946659551568993e-05,1.751836124977226e-05
2298.0,0.2276809285824194,0.0009112160226409932,0.0003885393969707191,0.0005701700388162592,1.772973998333562e-05,1.946021415788466e-05,1.75079937167552e-05
2299.0,0.2279231215539219,0.0009132948000863586,0.0003881911545620002,0.0005700848249724609,1.772436775202868e-05,1.944696471607086e-05,1.749826023347518e-05
2300.0,0.2278951377377364,0.0009087888066776789,0.0003878000633349664,0.0005700040947301047,1.77206756215216e-05,1.943957662461069e-05,1.748428302475957e-05
2301.0,0.2278966103385835,0.0008922396127344348,0.0003870787439221215,0.0005699142482347498,1.771079451838024e-05,1.942839445712279e-05,1.747508832905797e-05
2302.0,0.2278086481399086,0.0009029894271456204,0.000387074853826627,0.0005698052997535663,1.770192243687513e-05,1.940767032461365e-05,1.746451833655083e-05
2303.0,0.2274287011844802,0.0009025884390128602,0.0003865604287982525,0.0005697195415903042,1.769620160301819e-05,1.939129808520631e-05,1.744983876108864e-05
2304.0,0.2273039968415269,0.000896652319593149,0.0003860017031583009,0.0005696358642844833,1.768564679687959e-05,1.936847793042151e-05,1.743752597309178e-05
2305.0,0.227045462806378,0.0008869883173652966,0.0003853815847803887,0.0005695672322627764,1.767081637055195e-05,1.93514100463065e-05,1.743065692729696e-05
2306.0,0.227041428930346,0.0008996694678517955,0.0003851848537753498,0.0005695089348929385,1.765261340902751e-05,1.933305957334934e-05,1.741951797842525e-05
2307.0,0.2269739443518017,0.0008936356693943454,0.0003846694700589342,0.0005694351569504436,1.763738240900282e-05,1.931799182846083e-05,1.740691746051514e-05
2308.0,0.2270428558778289,0.0009035618056521932,0.0003848187909995391,0.0005693781046326263,1.761908741673236e-05,1.930648935404879e-05,1.739798724987261e-05
2309.0,0.2268769785352337,0.0008941464877811599,0.0003840935960613114,0.0005693179757856982,1.760722616461618e-05,1.929722963154721e-05,1.738511371484852e-05
2310.0,0.2269916954913273,0.0008880229763625288,0.0003836701127900337,0.0005692787684881405,1.759132675888683e-05,1.928567265103726e-05,1.738149061734901e-05
2311.0,0.2270389292093467,0.000881678847170595,0.0003830543181108377,0.000569221618537811,1.757567458649349e-05,1.927201270798398e-05,1.737430074778164e-05
2312.0,0.2270924530337325,0.0008687477800480294,0.0003825595761565907,0.0005691814335833467,1.75677217344809e-05,1.926683198381252e-05,1.73662358063691e-05
2313.0,0.2271947675318121,0.0008873258579023594,0.000383027270297063,0.0005691335519177414,1.755600955523451e-05,1.924916851409676e-05,1.736565428131291e-05
2314.0,0.2271503283462695,0.0008938827331862261,0.0003828777769131474,0.0005690900100339893,1.754365921537354e-05,1.92315988237448e-05,1.735926278400517e-05
2315.0,0.2268588768072345,0.0008774254803675225,0.0003823557692756217,0.0005690503770014962,1.752962695661554e-05,1.921502225595701e-05,1.73513999228671e-05
2316.0,0.2268131081976622,0.0009011576257378238,0.0003828227225219307,0.0005690002005660059,1.751475303090963e-05,1.919791539736261e-05,1.734493521951419e-05
2317.0,0.2270287769429601,0.00089284425415634,0.0003823566375940711,0.0005689481254593811,1.749829067775895e-05,1.918194316071872e-05,1.734099160480771e-05
2318.0,0.2267908233585101,0.0008772082959707431,0.0003818840491156756,0.0005688925009395,1.748193513753958e-05,1.916768636427507e-05,1.733634034202218e-05
2319.0,0.2267025694222946,0.0008727476313535926,0.0003814941534683694,0.0005688266943738808,1.746619479297312e-05,1.915275996414739e-05,1.733025126982219e-05
2320.0,0.2266711763440839,0.0008547595926217871,0.0003809972556064379,0.0005687437496112649,1.744893019153194e-05,1.91381551952898e-05,1.732404957910057e-05
2321.0,0.226684415275811,0.0008604947960787541,0.0003809507535643459,0.0005686430694423893,1.742837294668482e-05,1.912176043310699e-05,1.732213482670853e-05
2322.0,0.2264929677227373,0.0008811364773231882,0.0003810485091100295,0.0005685114442700662,1.740791815293932e-05,1.910562926128558e-05,1.731817782735263e-05
2323.0,0.2270525782886635,0.0008737539989309378,0.0003807398249731097,0.0005683616142660202,1.739011780899728e-05,1.909610238718857e-05,1.731569888947147e-05
2324.0,0.2272547072598607,0.0008596600537331382,0.0003803200230605794,0.0005682170035503039,1.737546839292559e-05,1.909324734609458e-05,1.732167476884215e-05
2325.0,0.2271190651671523,0.0008532031193333175,0.0003803300919162121,0.000568061402518601,1.735694573115005e-05,1.907169373697916e-05,1.731825345606732e-05
2326.0,0.2270536863024503,0.0008512472575416168,0.000380104028972015,0.0005678936091831962,1.73365042120285e-05,1.905309569109439e-05,1.731405631439276e-05
2327.0,0.2266260171724544,0.0008470051252276937,0.0003798107152167828,0.0005676977079906687,1.731750094206076e-05,1.903579886807972e-05,1.730253323005211e-05
2328.0,0.2262133650273953,0.0008550317057529757,0.0003797497703629505,0.0005674888542941392,1.729721505040833e-05,1.902034170497384e-05,1.729778156731225e-05
2329.0,0.2262025004001762,0.0008515240038691787,0.0003794777864363724,0.0005672673373734249,1.727606473742237e-05,1.900527797856067e-05,1.729499265707419e-05
2330.0,0.2263621525232427,0.0008484818472793813,0.0003792047916843067,0.0005670306945763569,1.725810472005257e-05,1.898824374652092e-05,1.729206755699458e-05
2331.0,0.2264543152327217,0.0008371840449009903,0.000378759495759644,0.0005667840654909429,1.723883675474741e-05,1.897289694380796e-05,1.728941777276088e-05
2332.0,0.2264506883198146,0.0008467157581055724,0.0003787989990037922,0.0005665407725226975,1.72255425702941e-05,1.896013508114511e-05,1.728200381995967e-05
2333.0,0.2265539727140873,0.0008327748852610028,0.0003783359287932477,0.0005662836979347064,1.720687441001622e-05,1.894721711186435e-05,1.727885131059164e-05
2334.0,0.2262940437884584,0.0008485955614082028,0.0003783895573862016,0.0005660233607203614,1.719367726329547e-05,1.893465321158617e-05,1.727913204948744e-05
2335.0,0.2263298566060866,0.0008367615260064751,0.0003779622082283347,0.0005657521507767365,1.717013640828956e-05,1.891983278647115e-05,1.727757993394946e-05
2336.0,0.2263136583162071,0.0008360286000041532,0.0003778496737546218,0.0005654754276781777,1.715747027245028e-05,1.891156085231506e-05,1.727633236833472e-05
2337.0,0.2261873312418549,0.0008354522528572958,0.0003777492552104423,0.0005652032786864777,1.713918131600675e-05,1.889299103072097e-05,1.72785488695334e-05
2338.0,0.2258133864459375,0.000834178094954505,0.0003774512034380993,0.0005649135186303391,1.711546370567247e-05,1.888008059422899e-05,1.727375395239777e-05
2339.0,0.2259099998591205,0.0008388876802638398,0.0003774217206830462,0.0005646222637845077,1.709639880434108e-05,1.886768106368132e-05,1.726719015526991e-05
2340.0,0.2257142013668797,0.00084800283862771,0.0003775892672836981,0.0005643333040249715,1.70825538948736e-05,1.885379732592208e-05,1.726773872137322e-05
2341.0,0.2255112725796696,0.0008418706583874687,0.0003771955053752625,0.0005640386396582271,1.706542001084376e-05,1.884098389908913e-05,1.726368981900123e-05
2342.0,0.2252816060525467,0.0008345450555393621,0.0003770177827801402,0.0005637463488137327,1.704983636062494e-05,1.882325797760038e-05,1.726145645386527e-05
2343.0,0.2252186496969239,0.0008362281976153474,0.0003770343382760327,0.0005634437979547055,1.70404171976859e-05,1.880969963774757e-05,1.725843330681774e-05
2344.0,0.225168886359149,0.0008335504483587706,0.0003767917715670604,0.0005631218174815806,1.702043372913382e-05,1.87932773816148e-05,1.725831168286545e-05
2345.0,0.2252146550012694,0.0008451728360077625,0.000377210057493688,0.0005628153528190685,1.700651691714504e-05,1.878058616615721e-05,1.725833722898274e-05
2346.0,0.2250505792297575,0.0008341497895730825,0.0003769026963615941,0.000562519337056942,1.699230704355133e-05,1.877093707094586e-05,1.725661280515284e-05
2347.0,0.2251621817087628,0.0008401358346488213,0.0003769395643242425,0.0005622389740453702,1.698478712497244e-05,1.876280935893468e-05,1.725576335386175e-05
2348.0,0.225098470979316,0.0008365078878525322,0.0003767913481646954,0.0005619578794488996,1.697522354238816e-05,1.87490580830218e-05,1.725844686334794e-05
2349.0,0.225369243049481,0.000834803093551861,0.0003766278746085066,0.0005616834003997703,1.69640849681421e-05,1.873889263127944e-05,1.725655110950056e-05
2350.0,0.2257991915886651,0.0008276062450879988,0.0003763524485916591,0.0005614086736114818,1.69581718968899e-05,1.873340357361783e-05,1.726007636500974e-05
2351.0,0.2258012892243979,0.0008391495586372924,0.0003766429017847198,0.0005611533905819432,1.695265809489765e-05,1.872155480364807e-05,1.726366105575555e-05
2352.0,0.2256781971134091,0.0008404605243151457,0.000376596590698652,0.0005608941488931888,1.694025460714071e-05,1.870562926699553e-05,1.726414053390175e-05
2353.0,0.2257728976827756,0.0008392998595597851,0.000376617489323713,0.0005606282763264287,1.693038378152451e-05,1.869210622463783e-05,1.726279259962883e-05
2354.0,0.2253740798669445,0.0008343277654374496,0.0003765387455897245,0.0005604041668031298,1.69226847166866e-05,1.868483944143696e-05,1.725858530618955e-05
2355.0,0.2255073324975524,0.0008371498130831492,0.0003764907414170902,0.0005601898267606467,1.691024608868015e-05,1.867552636367635e-05,1.725574759001364e-05
2356.0,0.2252487962901626,0.0008364235252271279,0.0003764168664673346,0.0005599745911662406,1.690189211522933e-05,1.866502699789199e-05,1.725629918108797e-05
2357.0,0.225136141582635,0.0008411492122443562,0.0003764311299909416,0.0005597718473044174,1.689203694816658e-05,1.865185732913676e-05,1.72561257784807e-05
2358.0,0.2250282427048106,0.0008329232772047627,0.0003761812257706675,0.0005595935146431348,1.68810968166033e-05,1.863712212567813e-05,1.725231469601456e-05
2359.0,0.2250376988077317,0.0008332590436418486,0.0003761330164687235,0.0005594412169433364,1.687370811114361e-05,1.862424065292536e-05,1.7254519709345e-05
2360.0,0.2251800412367713,0.0008444561927417615,0.0003764218350901566,0.0005592921226758685,1.686552472861315e-05,1.861632594841374e-05,1.72562559454404e-05
2361.0,0.2253274566152109,0.0008453831622211252,0.0003765953614433787,0.0005591418993575332,1.685522577356718e-05,1.860522246943864e-05,1.725728540193668e-05
2362.0,0.2253785773239541,0.000848268044849047,0.0003765997534330681,0.0005590144757161053,1.684505212253469e-05,1.860160093201001e-05,1.725643942425132e-05
2363.0,0.2255262502992175,0.0008421559233767129,0.0003763887671582062,0.0005589188915866608,1.683812836859927e-05,1.859459057768728e-05,1.725516815333748e-05
2364.0,0.2256016063475227,0.0008486110317723066,0.0003763419863277384,0.0005588491047188051,1.683564533737553e-05,1.859383091485152e-05,1.725736824177583e-05
2365.0,0.2256215172483464,0.0008558563254538939,0.0003763642966141439,0.0005588123996823789,1.682514138549987e-05,1.858149061962115e-05,1.726014787477681e-05
2366.0,0.2255392854712167,0.0008533894206916719,0.0003759695843206735,0.0005587995392117797,1.681517050540431e-05,1.856914853580331e-05,1.725807630158896e-05
2367.0,0.2255075898379997,0.0008754216590017321,0.000376423223846926,0.0005588253824955328,1.680634280606496e-05,1.856239214600136e-05,1.725888897685687e-05
2368.0,0.225617971537591,0.0008670975845755113,0.0003762627416790326,0.0005588730563228552,1.68005222453926e-05,1.855022583190376e-05,1.725977177114156e-05
2369.0,0.2260468633816376,0.0008706162904330531,0.0003760174076764377,0.0005589359928970421,1.678979632884518e-05,1.854067186651549e-05,1.726107959108315e-05
2370.0,0.2257481918441459,0.000870883865296299,0.0003761692589584969,0.0005590273249786548,1.678297414917113e-05,1.853411382475735e-05,1.725975490009191e-05
2371.0,0.2255368702569767,0.0008576467811945611,0.0003756165653282981,0.0005591427301463974,1.677157853375296e-05,1.85239632219446e-05,1.725668960672237e-05
2372.0,0.2255012283580109,0.0008593469709069427,0.0003754761146069565,0.0005592680369473982,1.676213697125788e-05,1.8515613975288e-05,1.725443096097989e-05
2373.0,0.2256909315103262,0.0008464667193844495,0.0003749457430389211,0.0005594219017643252,1.674827860321861e-05,1.850772589809287e-05,1.724956108506331e-05
2374.0,0.2258950081585458,0.0008527573523290037,0.0003748601817489162,0.000559589084119958,1.673910347249513e-05,1.850122140354151e-05,1.725147017268314e-05
2375.0,0.2259005098068599,0.0008506688305539386,0.000374595843936352,0.000559782183065167,1.673340515045614e-05,1.84979036492727e-05,1.725052823200842e-05
2376.0,0.226177620655135,0.0008490476741225873,0.000374287595307772,0.0005599768019911604,1.672592659603747e-05,1.848892501493006e-05,1.724904159274376e-05
2377.0,0.2266305667893562,0.0008540689725354766,0.0003741436532653692,0.0005601923822732711,1.671646962117074e-05,1.848451312554244e-05,1.725258500406269e-05
2378.0,0.2265709028976426,0.0008613344096053176,0.0003741104465761846,0.0005604259838895549,1.671851379740388e-05,1.848264100921057e-05,1.725634198825683e-05
2379.0,0.2264785265225721,0.000857349505752145,0.0003737227336811618,0.0005606751946550545,1.670699679889551e-05,1.847259739438365e-05,1.726036644258829e-05
2380.0,0.226587726841689,0.0008724636250771983,0.000373962199744686,0.0005609195368606395,1.669570499708997e-05,1.846381865809529e-05,1.725469375189975e-05
2381.0,0.2269374523413827,0.0008726922818064907,0.0003736672087150443,0.0005611657034187872,1.668340295711633e-05,1.846011323976852e-05,1.725656336979986e-05
2382.0,0.2273271038709587,0.0008672161167597214,0.0003732239617084631,0.0005614357279555677,1.667863087053526e-05,1.845815340655989e-05,1.725540757574338e-05
2383.0,0.2274068096438436,0.0008615962425330791,0.0003728888910233347,0.0005617076872042301,1.666870338904989e-05,1.845503420201567e-05,1.725661777115583e-05
2384.0,0.2276225202330881,0.0008765939713944472,0.0003729649809152728,0.0005619655524882398,1.666145679938932e-05,1.845305997778417e-05,1.725675351389904e-05
2385.0,0.2277876080445011,0.0008654421249186697,0.0003724570395500436,0.000562231200731864,1.665426334380662e-05,1.845138779968784e-05,1.72556965702191e-05
2386.0,0.2282168200786345,0.0008793304690635452,0.0003726187834343783,0.0005624934480659237,1.664834245176274e-05,1.845077309863798e-05,1.725095148094608e-05
2387.0,0.2280459735427315,0.0008722551392806013,0.0003720188984925404,0.0005627685910512204,1.663849343240041e-05,1.844208225521036e-05,1.724994347225614e-05
2388.0,0.2281677869601237,0.0008625317918203498,0.0003716517497043794,0.0005630269011111278,1.66301905698057e-05,1.843661651343524e-05,1.724904614501716e-05
2389.0,0.2282917243680128,0.0008548584531696568,0.0003713528683271876,0.0005632722734599379,1.662264368822822e-05,1.843423719652425e-05,1.724946938500814e-05
2390.0,0.2282221193424715,0.0008639641074502519,0.0003711138488950661,0.0005635287188713189,1.661489218930109e-05,1.843277786382784e-05,1.724396309078868e-05
2391.0,0.2284319591612205,0.0008589348070173102,0.0003706856275801152,0.0005637879761528195,1.660638759990414e-05,1.843226133208152e-05,1.724104751740399e-05
2392.0,0.2285078849530108,0.0008539921165708361,0.000370309066689809,0.0005640639785500511,1.659291730846122e-05,1.843282764498246e-05,1.724011138556457e-05
2393.0,0.2287818889604144,0.0008581749695596227,0.0003700717689966646,0.0005643344669944018,1.658117507264041e-05,1.843182782724047e-05,1.723984875463365e-05
2394.0,0.2287848226585775,0.0008605637403534364,0.0003697338385130124,0.0005646106166374028,1.65751236405084e-05,1.843384566097002e-05,1.723548474611364e-05
2395.0,0.228792987682175,0.0008543556000356069,0.0003693498885164899,0.0005648871834485467,1.656300686112823e-05,1.843270967719785e-05,1.72319019415608e-05
2396.0,0.2288615646722704,0.0008632704036612897,0.0003692291917631011,0.0005651444714425989,1.655655565111996e-05,1.842985402314993e-05,1.722667125267855e-05
2397.0,0.2291587339371729,0.0008576641348713749,0.0003688460144671391,0.0005653932826250841,1.65507681898336e-05,1.842954516952792e-05,1.722262789384504e-05
2398.0,0.2292327923577182,0.0008521937729206632,0.0003684811981179605,0.0005656248457136853,1.654172341779011e-05,1.842818053798435e-05,1.721691160760928e-05
2399.0,0.2291824445520147,0.0008463910659045819,0.0003681487367830429,0.0005658503193784745,1.653337492946525e-05,1.842454326249582e-05,1.721128343833029e-05
2400.0,0.2294671590930709,0.0008543580691415384,0.0003681221195112909,0.0005660798810628066,1.652796989667759e-05,1.842703010685513e-05,1.720759771081929e-05
2401.0,0.2295032864151977,0.0008494600309539854,0.0003678722814930711,0.0005662969194085905,1.652758196501243e-05,1.842775379898672e-05,1.719870376728703e-05
2402.0,0.2295638188386012,0.0008500742182742661,0.0003676410572103545,0.0005664852597516572,1.651946647885113e-05,1.842394370021626e-05,1.718774638972029e-05
2403.0,0.2294462448847469,0.0008419936017518305,0.0003673780300964707,0.0005666622745925323,1.651199512866083e-05,1.842307429912164e-05,1.717822466045902e-05
2404.0,0.2293917875250847,0.0008466590384133032,0.0003674617536575194,0.0005668350153991012,1.650280481334459e-05,1.842163468185525e-05,1.717021333610127e-05
2405.0,0.2294383712007405,0.0008516948043994794,0.0003675366714978224,0.0005669870341681654,1.649502714523808e-05,1.841764528253075e-05,1.716473118885933e-05
2406.0,0.2295659669781357,0.0008453178911208913,0.0003671744690835324,0.0005671298105945496,1.648638746669035e-05,1.841560592153968e-05,1.715597154116096e-05
2407.0,0.2297044820515715,0.0008450915412443712,0.0003672063130412183,0.0005672545399507905,1.648307429638516e-05,1.841741288859504e-05,1.714796494505894e-05
2408.0,0.2299530777126508,0.0008437984823489044,0.0003671948217698162,0.0005673707316169691,1.647800558427543e-05,1.84191389253526e-05,1.713817160838728e-05
2409.0,0.2301253034045702,0.0008417618173007353,0.0003670794997012244,0.0005674706509885371,1.647943046369568e-05,1.842396834624984e-05,1.71300417928835e-05
2410.0,0.2304311876978788,0.0008378397276086191,0.00036701593634105,0.0005675493137458087,1.647732189592617e-05,1.842164016172946e-05,1.711834762567108e-05
2411.0,0.2307943841438697,0.0008367028307195876,0.0003671292298857735,0.0005676130139276162,1.647149455053079e-05,1.841953179319706e-05,1.710929202645171e-05
2412.0,0.2309091480509527,0.0008441366361477601,0.00036734704584662,0.0005676701746686344,1.647275797658951e-05,1.842193959400963e-05,1.71032330601463e-05
2413.0,0.2312731592788491,0.0008363657337945815,0.0003672714030261478,0.0005676902655329374,1.64726776581035e-05,1.841776224343662e-05,1.709302600603979e-05
2414.0,0.2312778590867747,0.0008455843290309167,0.0003675248506762786,0.0005677091040775017,1.646892600404687e-05,1.841375998424373e-05,1.708342662809345e-05
2415.0,0.2314207483969521,0.0008468533763733515,0.0003675549468416188,0.0005677300675080654,1.646921805316017e-05,1.841190088919226e-05,1.70735415319111e-05
2416.0,0.2315074008276097,0.00085472693029466,0.0003679346261992511,0.0005677661503776996,1.646287394818721e-05,1.840550513780237e-05,1.706182994262894e-05
2417.0,0.231532496963504,0.0008502743045414834,0.0003680548292190185,0.0005677942940115484,1.645484370393491e-05,1.840181311560978e-05,1.705005151759276e-05
2418.0,0.2314438307792789,0.0008495590021089877,0.0003679502086627737,0.0005678226055297036,1.644752490487561e-05,1.839913632488338e-05,1.704268198668109e-05
2419.0,0.2314388671517986,0.0008432443237373989,0.0003678194002039498,0.0005678325789845243,1.64428578335695e-05,1.839497762521836e-05,1.703127061996369e-05
2420.0,0.2314423140086338,0.0008498210702103184,0.0003678741115675692,0.0005678277848810967,1.643769039402902e-05,1.839254217525708e-05,1.702347341871856e-05
2421.0,0.2317307692800428,0.0008480028808969201,0.0003677876530567484,0.0005678118170202452,1.64326756993172e-05,1.839054975854734e-05,1.70138230122487e-05
2422.0,0.2318986034308741,0.0008455148892386526,0.0003678183341752939,0.0005677794459210362,1.643402599881006e-05,1.838827699720566e-05,1.700510423694471e-05
2423.0,0.2317962610450688,0.0008334236488963101,0.0003674659948709823,0.0005677278168186657,1.642676618688005e-05,1.838100145694892e-05,1.699345599447664e-05
2424.0,0.2317654572540796,0.000848213451215438,0.0003680304982730484,0.0005676644864259469,1.642284525248343e-05,1.837534988480233e-05,1.698670944921911e-05
2425.0,0.2318537073994499,0.0008451589823453775,0.0003678797326973992,0.000567603166193849,1.641936483874036e-05,1.837359996553205e-05,1.69766964936557e-05
2426.0,0.2321559661088908,0.0008387845870482336,0.0003676123231788879,0.000567515871220951,1.641560992190643e-05,1.836774881449629e-05,1.696888300524738e-05
2427.0,0.2318453936955493,0.0008378365348912973,0.000367563227553914,0.0005674320995510626,1.6412001940367e-05,1.836215925796969e-05,1.696125397613941e-05
2428.0,0.231986220988273,0.0008341420945788775,0.0003672816097843073,0.0005673464043601419,1.641221021871369e-05,1.835376274784238e-05,1.69504233965066e-05
2429.0,0.2321047385513003,0.000835992889411099,0.0003671871500076066,0.0005672675419609565,1.640762913641288e-05,1.834812579418101e-05,1.694262950372951e-05
2430.0,0.232331197812766,0.000831923579035721,0.000366985408377064,0.0005671903335513802,1.640919257951896e-05,1.834351498208688e-05,1.693642874467212e-05
2431.0,0.2327586300507726,0.0008462265286150281,0.00036722320688167,0.0005671034784050299,1.641005805830312e-05,1.83382195833072e-05,1.692996263705005e-05
2432.0,0.2325326893471131,0.0008384436166284957,0.0003668900131408838,0.0005670095283490141,1.640622960487226e-05,1.833005627481823e-05,1.692254677893017e-05
2433.0,0.2325378204159475,0.0008261174480547254,0.0003665945642753504,0.0005669198135002542,1.640372638208371e-05,1.832629434028631e-05,1.691397605461058e-05
2434.0,0.2324598559695188,0.0008184157542433338,0.0003663651560063011,0.0005668229192911718,1.639739388984674e-05,1.831757436543629e-05,1.690970068258844e-05
2435.0,0.2326514765152886,0.0008263947264561627,0.000366413263898016,0.000566712050012875,1.639530486853696e-05,1.831532622521397e-05,1.690357385028464e-05
2436.0,0.2329131095586225,0.0008308561961849481,0.0003663261510952179,0.0005666039286312336,1.639455755345943e-05,1.830880639005749e-05,1.689620738980528e-05
2437.0,0.2329010920930804,0.0008296921409686564,0.0003661346630059673,0.0005665023891644256,1.639653243630008e-05,1.830324790920317e-05,1.689044165847863e-05
2438.0,0.2328426463595989,0.0008330095572053934,0.0003661605185252526,0.0005664183823596058,1.6400839063196e-05,1.829608553555968e-05,1.688304246835278e-05
2439.0,0.2327822481980991,0.0008303396019490236,0.0003659169922954496,0.0005663380412860607,1.64026198901175e-05,1.828294472591188e-05,1.687489765313764e-05
2440.0,0.2326980841200514,0.0008315473659517001,0.0003656757847219849,0.0005662623774762192,1.640196901165577e-05,1.827503938181499e-05,1.686480225140396e-05
2441.0,0.2324708546603623,0.0008319057219872354,0.0003656307786144835,0.0005661976788611127,1.640181606916491e-05,1.826868742641162e-05,1.685848935716155e-05
2442.0,0.2325019050369857,0.0008332776349682091,0.0003655507710892159,0.000566128529272303,1.639959955865079e-05,1.826256067845349e-05,1.685415655017785e-05
2443.0,0.2331100872868334,0.0008356241227876188,0.0003654012033461617,0.0005660751623809379,1.640008474358782e-05,1.825757667340157e-05,1.68496351585344e-05
2444.0,0.233352612877319,0.0008336777954933162,0.0003653291954151883,0.0005660497264091742,1.640511071573202e-05,1.82540822754795e-05,1.684415235429069e-05
2445.0,0.2334678330372125,0.0008377710541726354,0.0003652530586642244,0.0005660360036933835,1.639875827660305e-05,1.824242717008391e-05,1.684488444005826e-05
2446.0,0.233400298069872,0.0008325822596325923,0.0003648741199743694,0.0005660208564852284,1.639684087474617e-05,1.823060359493054e-05,1.683840366571563e-05
2447.0,0.2333302999346137,0.0008414134833587461,0.0003650409566205056,0.0005660127915024104,1.639748156064846e-05,1.822335818481296e-05,1.683173483056503e-05
2448.0,0.233356995949082,0.0008361451057054557,0.0003647544816709084,0.0005659959569916157,1.639663776754418e-05,1.821320927405816e-05,1.682231277932746e-05
2449.0,0.2336352677333152,0.0008314309001101841,0.0003644418235449073,0.0005659861514862397,1.63979545297917e-05,1.821020528635831e-05,1.681597542253101e-05
2450.0,0.2338805811361101,0.0008447622768642347,0.00036476296980881,0.0005659892785635704,1.640310507239504e-05,1.820293459645548e-05,1.681982114218929e-05
2451.0,0.2338652297299015,0.0008496678567799376,0.0003646226697370827,0.0005660064122541921,1.640153137940607e-05,1.819518570271572e-05,1.681427055635017e-05
2452.0,0.2339925955485566,0.0008420738925179457,0.0003641800351196495,0.0005660095302825691,1.640598157672802e-05,1.818861738242635e-05,1.681122666750701e-05
2453.0,0.2343214110090956,0.0008526818633413676,0.0003642213187715635,0.000566035137757231,1.640935808651718e-05,1.818101233386187e-05,1.680998202422058e-05
2454.0,0.2348007395353029,0.0008438211793204204,0.0003639179762147402,0.0005660487941522986,1.641027151832008e-05,1.817321267049338e-05,1.68101558600569e-05
2455.0,0.2350132080423626,0.0008503132020487767,0.0003637203201403162,0.0005660999941871132,1.64143697905598e-05,1.817160974122117e-05,1.681031877957218e-05
2456.0,0.2353007477437521,0.0008431224554069527,0.0003635694539849072,0.0005661397274407996,1.6412119353483e-05,1.815704187420473e-05,1.681022793245906e-05
2457.0,0.2351901368587651,0.0008537641873676504,0.0003637068033616524,0.0005661750288367,1.641249803884682e-05,1.815124379165135e-05,1.68112572687845e-05
2458.0,0.2350759840985872,0.0008482082610413762,0.0003634370670777782,0.0005662123838296341,1.641355108903913e-05,1.814620846508123e-05,1.681268590393527e-05
2459.0,0.2353161490915738,0.0008475101420772304,0.0003630056531795068,0.0005662574744908062,1.641321688163569e-05,1.813817902326901e-05,1.681124660946001e-05
2460.0,0.2354972466199412,0.0008514977782888965,0.0003628360242973489,0.0005663016175170387,1.641329296364749e-05,1.812786677733528e-05,1.681467883747001e-05
2461.0,0.2355962086647796,0.0008531383303071318,0.0003625164956366297,0.0005663566228072309,1.641223813348785e-05,1.811629215030577e-05,1.681131904683477e-05
2462.0,0.2354317250592552,0.0008508681459573628,0.0003622363676616236,0.0005664046781221892,1.640854436719712e-05,1.810679145335909e-05,1.681021984978258e-05
2463.0,0.235385397978797,0.0008472728980605564,0.0003620185646453997,0.0005664572194499195,1.640284166860054e-05,1.810045010424751e-05,1.680908721477249e-05
2464.0,0.2358576934936928,0.0008423451336002396,0.0003616395548103849,0.0005664965985965869,1.639511830434175e-05,1.809254634587676e-05,1.680710400087113e-05
2465.0,0.2359207778309552,0.0008578843314172177,0.0003616829419729428,0.0005665674934989947,1.639532257771497e-05,1.808847311081616e-05,1.680978452322609e-05
2466.0,0.2360147046397013,0.000844178406095701,0.0003612807332738656,0.000566633392998585,1.639022596198868e-05,1.807253601871061e-05,1.680679682612003e-05
2467.0,0.2361271061053039,0.0008470534936939783,0.0003612871715477778,0.0005666983642325249,1.63871570710483e-05,1.805956334781704e-05,1.680596973055462e-05
2468.0,0.2361211248089829,0.0008479740411550577,0.0003611757124079292,0.000566773699080411,1.638657588030225e-05,1.804910189439888e-05,1.680609677508965e-05
2469.0,0.2364116819053593,0.0008522791401576339,0.0003608461326676441,0.0005668610258696187,1.638319876197798e-05,1.804296423583631e-05,1.680785887459563e-05
2470.0,0.2366047588796677,0.0008581047293354484,0.0003607871665353165,0.0005669603061969901,1.638340697295132e-05,1.803552152720609e-05,1.681210459140379e-05
2471.0,0.2366908085764378,0.000849808961045506,0.0003604173775878836,0.0005670890070773644,1.638559311842436e-05,1.802263256398379e-05,1.681122501928213e-05
2472.0,0.2368273935163364,0.00084996563543254,0.0003600679783131787,0.0005672126680672124,1.638882889491114e-05,1.801413123661338e-05,1.681126271428429e-05
2473.0,0.2371025553210565,0.0008490239122167567,0.0003599352464432908,0.0005673589918918494,1.638907867427891e-05,1.800279717235604e-05,1.680947475440587e-05
2474.0,0.2372287844074095,0.0008460358297791581,0.0003595783509802396,0.0005674934132630007,1.639050234176033e-05,1.799471759869871e-05,1.680873290808718e-05
2475.0,0.2373655191343718,0.0008544356113785824,0.0003593911739769125,0.0005676433767106329,1.638874573256931e-05,1.798923521427221e-05,1.68081449947817e-05
2476.0,0.2374202476863327,0.0008574872555501556,0.0003591929411786358,0.0005677879235765227,1.638404089953435e-05,1.798284277213471e-05,1.680638619372589e-05
2477.0,0.2373775881233036,0.0008459279784598934,0.0003585562404007364,0.0005679557168318005,1.638504070976716e-05,1.797984181392994e-05,1.680698729462679e-05
2478.0,0.2373152734314916,0.0008474570785933741,0.0003582818600843412,0.0005681164839898145,1.638269398992802e-05,1.797271088693739e-05,1.681038969273291e-05
2479.0,0.2373855866068491,0.0008452922237419433,0.0003579825244907077,0.0005682892705871891,1.638354391785741e-05,1.796772626264892e-05,1.681315755780857e-05
2480.0,0.2372296970144108,0.0008456609487041142,0.0003576533239740468,0.0005684588395734743,1.63861653032575e-05,1.795967450180169e-05,1.681367000619259e-05
2481.0,0.2377080482824827,0.0008448769657449355,0.0003573217551441408,0.000568633651951098,1.638457113516406e-05,1.79513274659831e-05,1.681330520710246e-05
2482.0,0.2374920171758916,0.0008426337605455991,0.0003568122801312275,0.0005688442201013476,1.639064117133778e-05,1.795084798595996e-05,1.681646437575439e-05
2483.0,0.2377659600908182,0.0008495191650899785,0.000356661799142384,0.0005690494149999685,1.639408637236612e-05,1.794010070839365e-05,1.681050427925818e-05
2484.0,0.2375333822228233,0.0008607948190869818,0.0003566233973116224,0.0005692492066159127,1.640232577466374e-05,1.793773410890435e-05,1.680781050664716e-05
2485.0,0.2372235837034069,0.0008485878761813593,0.0003560800582361964,0.0005694568712733977,1.640756500625233e-05,1.792970987515907e-05,1.68026259340586e-05
2486.0,0.2372421851816036,0.0008529788919140689,0.0003556787315980825,0.0005696460647228397,1.641050576158095e-05,1.79241180209813e-05,1.679549515897204e-05
2487.0,0.237348408692304,0.000891516077035538,0.0003561179077458101,0.000569842896278197,1.64104097524641e-05,1.791966008677709e-05,1.679132131158286e-05
2488.0,0.2370697973780895,0.0009053742571916407,0.0003559590561741889,0.0005700145377665199,1.641084510825974e-05,1.79154641895129e-05,1.678842107244067e-05
2489.0,0.2366545434645786,0.000903290797524154,0.0003553552713171599,0.0005702049997744997,1.640211334124582e-05,1.78996053573673e-05,1.678425058204691e-05
2490.0,0.2363121148465437,0.0008624456305515428,0.0003543680127905713,0.00057039112959147,1.639751447532543e-05,1.789017801779334e-05,1.677753095118892e-05
2491.0,0.2360933706447737,0.0008418557723753685,0.0003536309114817765,0.0005705925325088512,1.63951960185737e-05,1.788380526657935e-05,1.677192448273948e-05
2492.0,0.2361006660463101,0.0008648366058705246,0.0003536652071251649,0.0005707657671395327,1.639646050190527e-05,1.787891169570932e-05,1.676609991249615e-05
2493.0,0.2359561408125858,0.0008494652566865075,0.0003532575936052638,0.0005709329408442885,1.64075306102039e-05,1.787268650004599e-05,1.676493967330518e-05
2494.0,0.23605598588105,0.0008333267256750284,0.0003525466598003312,0.000571084942099088,1.64087583885771e-05,1.786539652438092e-05,1.675966063720836e-05
2495.0,0.2358410908758094,0.0008254655503903234,0.0003523239877702764,0.0005712391393465718,1.641223328274893e-05,1.78642413644768e-05,1.675315090974341e-05
2496.0,0.2358459115641753,0.0008214002558136185,0.0003519650362768213,0.0005713834434691467,1.641701954046099e-05,1.785926265799292e-05,1.674928853344677e-05
2497.0,0.2356924207827213,0.0008209425680520957,0.000351513672258248,0.0005715140163908061,1.641716502853297e-05,1.785227934676138e-05,1.674174548782494e-05
2498.0,0.2351661662613671,0.0008233043432280636,0.0003512819107088131,0.0005716229349233359,1.642174973968499e-05,1.78465337896386e-05,1.672998056633339e-05
2499.0,0.2348512455541219,0.0008127808565973383,0.000350765114025356,0.0005717324712129851,1.642216093171584e-05,1.783913116230517e-05,1.671997797994673e-05
2500.0,0.2349777575014816,0.0008793093691490273,0.0003519075042159468,0.0005718371537287625,1.642541011686404e-05,1.783862853021518e-05,1.670972735163241e-05
2501.0,0.234850851975733,0.0008771281727911821,0.0003516799345378826,0.0005719496235830565,1.643413008177652e-05,1.78423901777553e-05,1.670803994191798e-05
2502.0,0.234677261336285,0.0008528267997216437,0.0003511357526559129,0.0005720568129278737,1.643496759038617e-05,1.783682860927625e-05,1.670025648951441e-05
2503.0,0.2341691026695582,0.0008300913806454039,0.0003504518266571108,0.000572188388529648,1.64381180133139e-05,1.782871510060568e-05,1.669200694001747e-05
2504.0,0.233787391213635,0.0008089736326555531,0.0003497936890600715,0.0005723259486096706,1.643786948839766e-05,1.782566695622905e-05,1.668241570268627e-05
2505.0,0.2335062364566006,0.0008060044240285393,0.0003495749764072018,0.0005724800153148057,1.644033547745414e-05,1.782206760040231e-05,1.667178128928014e-05
2506.0,0.2333384602877199,0.0008047820400061351,0.0003495257619006271,0.0005726287658083756,1.644609521134989e-05,1.782295055590532e-05,1.665653726790325e-05
2507.0,0.2330555027784156,0.000815115981184909,0.0003495645421373961,0.0005727989517862083,1.6450105912225e-05,1.782063136016043e-05,1.664678196420817e-05
2508.0,0.2328757149796545,0.0008056484994067314,0.0003491975393516979,0.0005729456978043509,1.645506338830239e-05,1.781663853748208e-05,1.663491025034615e-05
2509.0,0.2327540322990805,0.0007964356409827851,0.000348839894695703,0.0005730939122225952,1.645685646452496e-05,1.781540701929918e-05,1.662403346656375e-05
2510.0,0.2328560699242521,0.0007895583556985968,0.0003486152502113567,0.0005732396070082938,1.646007887262448e-05,1.781683981727074e-05,1.661496649398769e-05
2511.0,0.2328372046892331,0.0007891864929801545,0.0003484997754428843,0.0005734134649068326,1.646724215081272e-05,1.781839578276296e-05,1.660716997687184e-05
2512.0,0.2327747448767155,0.0007897554901274403,0.0003483872075428242,0.0005735686268852946,1.647513724904546e-05,1.781831260095062e-05,1.659555052523779e-05
2513.0,0.2328450444716089,0.0007874633990237629,0.0003481938945444629,0.0005737208191106432,1.648300277851918e-05,1.781908492919133e-05,1.658478825890346e-05
2514.0,0.2328845118204068,0.000787655867198858,0.0003481377685957041,0.0005738523822854243,1.649046768935698e-05,1.782610415816232e-05,1.657635322408175e-05
2515.0,0.2327308102749039,0.0007907360546695421,0.0003481441626527248,0.000574004488790637,1.649398474111976e-05,1.782461005380628e-05,1.656905395885761e-05
2516.0,0.2325308914582687,0.0008159116223600965,0.0003484815838501763,0.0005741437842418372,1.649985381370895e-05,1.782498138670194e-05,1.655847500522907e-05
2517.0,0.2323635362204667,0.0008097565285181416,0.0003483400674989927,0.0005742890785398165,1.650397992650185e-05,1.782419096971124e-05,1.654816639558148e-05
2518.0,0.2320704696764561,0.0008023782208160668,0.0003480904655882381,0.000574418032191634,1.650756139519605e-05,1.782729240972374e-05,1.653555626348151e-05
2519.0,0.2318435596762515,0.0008676360177073497,0.000349298634543701,0.0005745443878994859,1.65113273470377e-05,1.782712788000219e-05,1.652255244913042e-05
2520.0,0.2315583414858998,0.0008548517733639347,0.000349040953897445,0.0005746718471430081,1.651501529253652e-05,1.782846057968646e-05,1.650880541124995e-05
2521.0,0.2313819751447846,0.0008566541744216657,0.0003489944662518544,0.000574790504751211,1.651956997091704e-05,1.782955797674526e-05,1.649210671966248e-05
2522.0,0.2312108743900914,0.000851265111851306,0.0003487347179577871,0.0005748870479986659,1.65253385852931e-05,1.782900275443806e-05,1.64818028163211e-05
2523.0,0.2312830044261911,0.0008312622901817618,0.0003483435493634029,0.0005749943508521364,1.652885637026023e-05,1.78296350598482e-05,1.646710520821078e-05
2524.0,0.2307937192818423,0.0008327053011976763,0.0003483728896538019,0.0005750776484531177,1.653182021071837e-05,1.783128290739854e-05,1.64593168479643e-05
2525.0,0.2306213435226388,0.0008386491178871709,0.0003484765798466674,0.0005751642837067764,1.653971641458925e-05,1.783187885862153e-05,1.645054294565007e-05
2526.0,0.2306477987468934,0.000828563512962961,0.0003482874776011261,0.0005752463937266117,1.654347328920333e-05,1.783438339387132e-05,1.64421513871666e-05
2527.0,0.2307871719002098,0.0008278938830754365,0.0003482948081483001,0.0005753224109643224,1.655267709580975e-05,1.784253864564732e-05,1.643775963810355e-05
2528.0,0.2306355420061462,0.0008254330257462187,0.0003482751662590212,0.0005754011275312826,1.655678435934886e-05,1.784381953087727e-05,1.643287015063098e-05
2529.0,0.2304718643782478,0.000828477811147235,0.0003482892810390935,0.0005754875503170611,1.655974481530621e-05,1.784324980118296e-05,1.642316319632248e-05
2530.0,0.2303410291607072,0.0008244101372554839,0.0003482484405351711,0.0005755708212352078,1.655979076711271e-05,1.785045762902069e-05,1.641014253480902e-05
2531.0,0.2300803004563458,0.0008281909682129465,0.0003482810443984542,0.0005756682863781868,1.656606395077411e-05,1.785523301486815e-05,1.640037572571949e-05
2532.0,0.2298916719798751,0.0008230719671404226,0.000348253456994492,0.0005757575680142948,1.657127125431119e-05,1.785391216935199e-05,1.638547157361498e-05
2533.0,0.2299656738244259,0.0008302507230129954,0.0003483909037331113,0.0005758451648577936,1.65751397146622e-05,1.785429193663698e-05,1.637500893362795e-05
2534.0,0.229955917713631,0.0008325178090920079,0.0003485710243978136,0.0005759364056792908,1.658058380717759e-05,1.786057898918823e-05,1.636901783170548e-05
2535.0,0.2298835440442417,0.0008422378887671652,0.0003488320296569689,0.0005760387951289093,1.658425009882123e-05,1.786307732728807e-05,1.636101119655691e-05
2536.0,0.2297484664673413,0.0008435163284294165,0.0003490410563263593,0.0005761177985459159,1.65921561850245e-05,1.78683701067141e-05,1.635572077670737e-05
2537.0,0.2296544828986331,0.0008393923933695796,0.0003491408399508793,0.0005762139444632927,1.659774626772603e-05,1.786515334002013e-05,1.634894793935451e-05
2538.0,0.2300004478507893,0.0008527894891826426,0.0003494071726627617,0.000576288091263095,1.660221209570725e-05,1.78687776489871e-05,1.634301013128998e-05
2539.0,0.2296703891897895,0.0008505881123779575,0.0003494350294397345,0.0005763885882316477,1.660621773727155e-05,1.78728632539833e-05,1.633667531317575e-05
2540.0,0.2295517776547991,0.0008463736972788685,0.0003495759979495952,0.0005764822301071595,1.660934878161161e-05,1.787450390834733e-05,1.633076676626191e-05
2541.0,0.2296196184450265,0.0008599433922256027,0.0003500061947274997,0.0005765791001434552,1.661259945376217e-05,1.787821239216811e-05,1.632843425153599e-05
2542.0,0.2296797705811089,0.0008636320663030734,0.0003500091264685989,0.0005766683481467485,1.66154713232395e-05,1.788172065975007e-05,1.631848079400745e-05
2543.0,0.2295141245076655,0.0008619987564630129,0.0003500366096101143,0.0005767777023528718,1.66201850050539e-05,1.788239574137361e-05,1.631552938480816e-05
2544.0,0.2295577751772845,0.0008605262555983927,0.0003501377413160453,0.0005768626181681746,1.662110194072465e-05,1.787752046588919e-05,1.630940118458122e-05
2545.0,0.2292825400507838,0.0008677945160945209,0.0003502636209992028,0.0005769601416116475,1.662302258644123e-05,1.787885068844993e-05,1.630305110405311e-05
2546.0,0.2291037718262297,0.0008653395186788154,0.0003501646482705492,0.0005770449979237834,1.662529844776106e-05,1.788063208847039e-05,1.629801446950966e-05
2547.0,0.2290787274784995,0.0008643948143185011,0.0003501314746331767,0.000577146859603882,1.662963280962599e-05,1.787866057353004e-05,1.629910718841893e-05
2548.0,0.228964899602606,0.0008743191105421469,0.000350349279673223,0.0005772421867025449,1.663227243581766e-05,1.787598183074253e-05,1.629256113348654e-05
2549.0,0.228895872922639,0.0009188964939644804,0.0003513826264791698,0.0005773633602489856,1.663005529979339e-05,1.787573018408313e-05,1.628717191228009e-05
2550.0,0.2287358372268944,0.0009075932747482631,0.0003513099365685187,0.0005774782015391331,1.663073509806645e-05,1.787226717989834e-05,1.628154497191481e-05
2551.0,0.228575570132969,0.0009107243200790905,0.0003510650833984733,0.0005776013253817375,1.662731895363668e-05,1.78729227489189e-05,1.62786128178213e-05
2552.0,0.2284162960351971,0.0009010990767628108,0.0003508932250326128,0.0005777076786849638,1.662746133961538e-05,1.78756721068419e-05,1.627755887177689e-05
2553.0,0.2282292609074605,0.0008921776868347037,0.000350642159092255,0.000577813431292643,1.662548037647915e-05,1.787036626697918e-05,1.62739218304068e-05
2554.0,0.2281457008050777,0.0009548353552637114,0.0003512015080628109,0.0005778856472602156,1.662571632653187e-05,1.786264410140855e-05,1.626604782260108e-05
2555.0,0.2278080011683499,0.0009443667184053481,0.0003517612485009226,0.0005779825966416394,1.662444680267291e-05,1.785934636160188e-05,1.62568163208161e-05
2556.0,0.2280476362238039,0.0009414427354281337,0.0003517612870968318,0.0005780556398094095,1.662613742829457e-05,1.785656523818848e-05,1.624951029496289e-05
2557.0,0.227837608759268,0.0009636527699141348,0.0003519572963235693,0.0005781662835781714,1.662369477002646e-05,1.78505269320506e-05,1.62464197605713e-05
2558.0,0.2278564781553967,0.0009658384815038729,0.0003521713380208271,0.0005782421078832548,1.66246828697877e-05,1.784696269705888e-05,1.624058662422504e-05
2559.0,0.2277300490318319,0.0009766308500162443,0.0003521528666777001,0.0005783111833958775,1.662165704199905e-05,1.784263347389585e-05,1.623317179924801e-05
2560.0,0.2275552408194094,0.0009288666726523365,0.0003510549781270743,0.0005783679062354223,1.661962675735628e-05,1.784027261199967e-05,1.622404126460031e-05
2561.0,0.2275658381139823,0.000929651249278448,0.0003511390697294926,0.000578435529124884,1.66193002754595e-05,1.784384448079699e-05,1.621718665212386e-05
2562.0,0.2276230836934229,0.0009560201447224214,0.0003510582056546182,0.0005784856813315403,1.661898785227644e-05,1.784037288609657e-05,1.62110619247292e-05
2563.0,0.2276044302103532,0.0009293002099387902,0.0003507242831675443,0.0005785492793163134,1.662281013995722e-05,1.78368378723449e-05,1.62048041062306e-05
2564.0,0.2276687647199293,0.0009311136428361371,0.0003505321624013054,0.0005785936578537475,1.662258865768528e-05,1.78319462457178e-05,1.619861196031369e-05
2565.0,0.227391422377508,0.0009017660123801523,0.0003499170929010088,0.0005786414421401144,1.662550707886253e-05,1.783082003047635e-05,1.619488951981497e-05
2566.0,0.2273285421389195,0.0009272800287580634,0.0003502414445396846,0.0005786612019832226,1.662838793007892e-05,1.782521020251794e-05,1.618984469689813e-05
2567.0,0.2272822755482984,0.0009291100509728525,0.0003500061107786287,0.0005786908023675002,1.66290363060075e-05,1.782365170876253e-05,1.61832352811565e-05
2568.0,0.2273653197947347,0.0009086592625902247,0.0003494072265576206,0.0005786992209486954,1.662690378472037e-05,1.781841621116822e-05,1.617730627580677e-05
2569.0,0.2274557369479732,0.0009525013696085441,0.0003504568594025378,0.0005787097055575806,1.662789751399499e-05,1.781825637335968e-05,1.617477170229804e-05
2570.0,0.2273446168071709,0.0009211358067774186,0.000349940256154781,0.0005787077380403418,1.662775518414504e-05,1.781771766906935e-05,1.616953813476299e-05
2571.0,0.2271649677190248,0.0009104581154450376,0.000349442284576744,0.0005786971355131405,1.6627203196567e-05,1.781740770594581e-05,1.615848189813134e-05
2572.0,0.2270213251140209,0.0009108537185117191,0.0003494030858593384,0.0005786771576406666,1.662779759310457e-05,1.781661924262376e-05,1.6149792302622e-05
2573.0,0.2271182063984813,0.0009185974158338912,0.0003493936848079139,0.0005786758776883854,1.662698912051761e-05,1.781769237544046e-05,1.614481604752002e-05
2574.0,0.2273295715936677,0.0009040063266192429,0.0003488038770325655,0.000578663443693329,1.663093551787096e-05,1.781820883173847e-05,1.614144876191136e-05
2575.0,0.2276216450316775,0.000920649139804136,0.000349365993606815,0.000578656992960025,1.663697920219177e-05,1.781694206166671e-05,1.614005142558728e-05
2576.0,0.2277845775180254,0.0009215762962658389,0.0003494728476547853,0.0005786486396138299,1.663971712960859e-05,1.78248931858466e-05,1.613713768796576e-05
2577.0,0.2279748301222261,0.0009139623069268723,0.0003492016959115066,0.0005786780047015038,1.664687152302042e-05,1.783392099313901e-05,1.613157619329433e-05
2578.0,0.2280199118801598,0.0009500824145060036,0.0003501932172679756,0.0005787147118004001,1.665034962603137e-05,1.783447104243036e-05,1.613293593351083e-05
2579.0,0.2279748549675933,0.0009298344489914952,0.000349882157046632,0.0005787813984165424,1.665341173170821e-05,1.783383506926735e-05,1.613273723568395e-05
2580.0,0.2279892407135125,0.0009315428429999936,0.0003495999106814448,0.0005788587954756445,1.665668762299891e-05,1.783326581690745e-05,1.612920948385229e-05
2581.0,0.2279109359657287,0.0009210444886246957,0.0003493192770900225,0.0005789717858714519,1.665916309747694e-05,1.783821305073576e-05,1.612693729079266e-05
2582.0,0.2278740057509303,0.0009092964512339468,0.0003489228060654072,0.000579073372668736,1.666044513854955e-05,1.783958156303217e-05,1.612067431934126e-05
2583.0,0.2276760044163028,0.0009203435682215723,0.0003490667256794128,0.0005792033074008523,1.666247529316577e-05,1.784007621530055e-05,1.611514189766855e-05
2584.0,0.22778052144323,0.0009113837838505331,0.0003487131550678809,0.0005793537914152026,1.666689061309024e-05,1.784152440667568e-05,1.611190016817657e-05
2585.0,0.2278381174718931,0.0009075580321960461,0.000348712956020014,0.000579521995445805,1.666996966196421e-05,1.784313703470343e-05,1.610667149717766e-05
2586.0,0.2280725771354613,0.0009064202837599779,0.0003486697371179869,0.0005796737327188323,1.66715162027554e-05,1.784656664324298e-05,1.610559107938301e-05
2587.0,0.2281808042899319,0.0009139779026055137,0.0003489086475080444,0.0005798414725041452,1.667680381594609e-05,1.785143327445577e-05,1.610474111463456e-05
2588.0,0.2284797482107771,0.0009048893922487504,0.0003488411758982585,0.0005800171661558991,1.668244518309593e-05,1.786088852462665e-05,1.609880939392918e-05
2589.0,0.2286040598936151,0.0009076559439239619,0.0003489908972893295,0.0005802051562893848,1.668243010665304e-05,1.786265514535799e-05,1.609471760657015e-05
2590.0,0.2284827321337359,0.0009089739211118082,0.0003489726816494744,0.0005804076128366468,1.668502508437821e-05,1.786590906074584e-05,1.609039526020167e-05
2591.0,0.2286161918325376,0.0009300426137488922,0.0003498116649660951,0.0005806234819055699,1.668610693954072e-05,1.787183546603961e-05,1.608625439795311e-05
2592.0,0.2286111370925651,0.0009275301224031331,0.0003499318870278402,0.0005808436344492576,1.668610769921174e-05,1.787633289432758e-05,1.608398281353335e-05
2593.0,0.2285272573374208,0.0009154596996598963,0.0003496428514299726,0.0005810743072163114,1.66860090127564e-05,1.787637849212777e-05,1.607960209393752e-05
2594.0,0.2286544511950503,0.0009135392149916534,0.0003494692269332203,0.0005813127739635462,1.668856484321049e-05,1.78787003001153e-05,1.607368643343643e-05
2595.0,0.2287341247049409,0.0009188846844297141,0.0003494656776409297,0.0005815779364794358,1.66941752337742e-05,1.788838168790888e-05,1.607129811072704e-05
2596.0,0.2288640977283571,0.00091342714287294,0.0003493965640174329,0.0005818609959707657,1.669662685005847e-05,1.789434003045334e-05,1.606977524893728e-05
2597.0,0.2286860670627585,0.0009119014950207569,0.0003493383627339487,0.0005821390923758721,1.66978445978585e-05,1.7900826520958e-05,1.606421328418876e-05
2598.0,0.2285114797573853,0.0009245540190142214,0.0003497224859811022,0.0005824244246474876,1.669657026390824e-05,1.790381395932821e-05,1.606022686946102e-05
2599.0,0.2286595280305336,0.000927627639806535,0.0003495926770050026,0.0005827047229280917,1.669262603021498e-05,1.790647503623246e-05,1.605276794311778e-05
2600.0,0.2286647062473545,0.0009226644412890748,0.0003493753354259045,0.0005830006693192611,1.670031741628219e-05,1.791671012680909e-05,1.605029744741988e-05
2601.0,0.228683260829788,0.000932322351663514,0.0003496999074169842,0.0005832997567021966,1.669528005884518e-05,1.791744853014609e-05,1.604757704846037e-05
2602.0,0.2288964202523533,0.0009221689173957082,0.0003492138182398496,0.0005836030388556699,1.669676793255651e-05,1.791928436554145e-05,1.604557004492412e-05
2603.0,0.2286910834779008,0.0009171654066680103,0.0003489732574407983,0.0005839074780680738,1.669668776915514e-05,1.792159009522462e-05,1.604050163115165e-05
2604.0,0.2286941839754068,0.0009197279378053261,0.0003487153524813822,0.0005842277416432629,1.669362124931293e-05,1.792514424563489e-05,1.603560028140426e-05
2605.0,0.2285262712435124,0.0009170597186410167,0.0003486115277638784,0.0005845560385431264,1.669365311612615e-05,1.792915065066096e-05,1.603225832045804e-05
2606.0,0.2285346226646784,0.0009169455193374066,0.000348440138967471,0.0005848853211249305,1.669089310000588e-05,1.793092289504404e-05,1.602611102216342e-05
2607.0,0.2282066374043636,0.0009137943936586909,0.0003481169256710574,0.0005852145952978485,1.668529805864993e-05,1.792988024628152e-05,1.601814786601228e-05
2608.0,0.2280723866962402,0.0009093982598156871,0.0003479269153207715,0.0005855614373332382,1.668193251308083e-05,1.792857322133277e-05,1.601043062481276e-05
2609.0,0.2282445159725876,0.0009494128138866018,0.0003486898646978751,0.0005859066884310754,1.667779290989815e-05,1.793048755721538e-05,1.600645660950372e-05
2610.0,0.2280972858811309,0.0009336956016080233,0.0003482634702195621,0.0005862600545751176,1.667503894668106e-05,1.79341306594447e-05,1.600307915133141e-05
2611.0,0.2279483330153549,0.000933658552737653,0.0003476732491219437,0.0005866171754438725,1.666615198170284e-05,1.793850504290255e-05,1.599962685566901e-05
2612.0,0.2280897301226231,0.000968299987254882,0.0003478419397687146,0.0005869905855653923,1.666503880759771e-05,1.794639616118284e-05,1.599489541717487e-05
2613.0,0.2278859163678072,0.0009361370240798047,0.0003474869429117528,0.0005873500350837992,1.665878159976925e-05,1.794241886371381e-05,1.599368941745335e-05
2614.0,0.2277929731858898,0.0009272280548906928,0.0003469283963231623,0.0005877097220555045,1.665112899656841e-05,1.794100881502513e-05,1.598974870011823e-05
2615.0,0.2278542412852541,0.0009476568873712958,0.0003470628537709608,0.0005880662002101037,1.664953317830623e-05,1.794199310203823e-05,1.598856781432301e-05
2616.0,0.2278304690551061,0.0009214380658169844,0.0003463533605340332,0.000588448710021553,1.66437937969975e-05,1.794036124098053e-05,1.598300657363398e-05
2617.0,0.2276280076535422,0.0009249634268208752,0.0003464784379055669,0.0005888314255447607,1.663734453760702e-05,1.794208069435138e-05,1.598085651031255e-05
2618.0,0.2275422575854488,0.0009056740804026197,0.0003460146041714029,0.000589231032741572,1.663029657569371e-05,1.79430915931548e-05,1.597706870259708e-05
2619.0,0.2273373653770603,0.0009064403624201028,0.0003455760232780974,0.0005896375870582385,1.662634848426931e-05,1.794364543704394e-05,1.597090387717284e-05
2620.0,0.2273762461090392,0.0008948239057278791,0.0003452183085298808,0.000590062574379298,1.661700357667731e-05,1.794015191593511e-05,1.596503290202052e-05
2621.0,0.2272629350828678,0.0009127783132403262,0.0003452922972335736,0.0005904803739168046,1.660672022979087e-05,1.794047132965909e-05,1.596234543508868e-05
2622.0,0.2272128929706624,0.0009039979117959353,0.0003449722035365016,0.0005908929305020226,1.660153216213203e-05,1.794216051106349e-05,1.596080601095644e-05
2623.0,0.2270968792174092,0.000891834209367424,0.0003444009583220838,0.0005913083454112016,1.659526797462489e-05,1.794522687166934e-05,1.595791640889421e-05
2624.0,0.2267963941988973,0.000896985951200332,0.0003443100001614955,0.0005917526086861489,1.658828964390663e-05,1.794049306106407e-05,1.595908834913394e-05
2625.0,0.2267060113025695,0.0008852307166009951,0.0003438224983921509,0.0005921881884174476,1.658102214872434e-05,1.793677082136477e-05,1.595411020684571e-05
2626.0,0.2263123930854002,0.0008779638043220046,0.0003434655876400683,0.0005926636041897191,1.657731716595467e-05,1.793622048791413e-05,1.59475661108515e-05
2627.0,0.2263644971602675,0.0008732029440427515,0.0003432507502625626,0.000593151426044987,1.65702435425156e-05,1.79375194149904e-05,1.594471633082676e-05
2628.0,0.2263184784342543,0.0008948406472842627,0.0003433277129331053,0.000593672813121593,1.656243315770979e-05,1.793996688317199e-05,1.59474309250838e-05
2629.0,0.2263659254483378,0.0008846366990507317,0.0003428371724357099,0.0005942135767304954,1.655396523829636e-05,1.793855878149418e-05,1.594763593214678e-05
2630.0,0.2261618555407791,0.0008836384079635703,0.0003427061296810508,0.0005947891897911557,1.654801565058112e-05,1.793808109118967e-05,1.594014908195342e-05
2631.0,0.2260746740251096,0.000885243174227166,0.0003424699848228062,0.0005953807746904336,1.654072304083813e-05,1.793507448750618e-05,1.593712679282783e-05
2632.0,0.2261356581439033,0.0009038789230176674,0.0003423189778976637,0.0005959829406009969,1.653317309891498e-05,1.793674794937249e-05,1.593735324997074e-05
2633.0,0.2258240497629319,0.000881379463940621,0.000341882530583516,0.0005965918512753732,1.652250173657849e-05,1.793356572020443e-05,1.593164293385208e-05
2634.0,0.2257208601104323,0.0008866597419256644,0.0003417635093870967,0.0005972355183070673,1.651816715733181e-05,1.794357489713808e-05,1.593669057312173e-05
2635.0,0.2256178377289499,0.0008761603090380055,0.0003411994352065787,0.0005978764036413751,1.650817112507041e-05,1.793845207719999e-05,1.593333207120132e-05
2636.0,0.2256162395174149,0.0008596274345730064,0.0003408005100683771,0.0005985277130906145,1.650288345403939e-05,1.793805119660981e-05,1.592956618164865e-05
2637.0,0.2253426573455329,0.000859411080830539,0.0003406277200661806,0.0005991952538552095,1.649764049681986e-05,1.793666783276646e-05,1.593107584122656e-05
2638.0,0.2254451674052496,0.000865476549744505,0.0003405805485291365,0.0005998872226312723,1.649130631347927e-05,1.79340874286092e-05,1.593093616991432e-05
2639.0,0.225436334817099,0.0008608424440356337,0.0003403300230685466,0.0006005729778171798,1.648593070170392e-05,1.793408317207275e-05,1.593074355813151e-05
2640.0,0.2253396519642746,0.0008597112022918035,0.0003400980077092155,0.0006012951746073702,1.648191431834653e-05,1.79335944618501e-05,1.593464118637036e-05
2641.0,0.2254978799758872,0.0008552880053242464,0.0003399775947733145,0.0006020323946833196,1.647728093130719e-05,1.79361224667599e-05,1.593617634467717e-05
2642.0,0.2255247994125795,0.0008531555999412095,0.000339879597320769,0.0006027765331807512,1.647494186927373e-05,1.793788020389992e-05,1.593985336502252e-05
2643.0,0.2256029102574975,0.0008463187896183998,0.0003396055435634181,0.0006035510129642048,1.647111827487369e-05,1.794425892022067e-05,1.594528407934093e-05
2644.0,0.2259215339388883,0.0008784701521135926,0.0003403810327266992,0.0006043528281394866,1.646859568157952e-05,1.794440687212211e-05,1.595075956049222e-05
2645.0,0.2264944100420693,0.0008546057773686094,0.0003397724440417356,0.0006051623691622601,1.646689797516037e-05,1.794776603032369e-05,1.595550887782072e-05
2646.0,0.2266088929107757,0.0008584939051726201,0.0003397486885653461,0.0006060262026297646,1.647467923517451e-05,1.796370088995148e-05,1.596764693935989e-05
2647.0,0.2269301752004963,0.0008604776416789057,0.000339836991680885,0.000606892211450068,1.647858583431728e-05,1.796358882389454e-05,1.596944208640781e-05
2648.0,0.2268888359851403,0.0008575752948080618,0.0003397802867108571,0.0006077812189080949,1.647991580900817e-05,1.796546810338946e-05,1.597535225215597e-05
2649.0,0.2268530800226598,0.0008391800728428551,0.0003394762225337264,0.000608685215241349,1.647677056442206e-05,1.796485212464622e-05,1.597887810233746e-05
2650.0,0.2268723937909274,0.0008421227566514633,0.0003396983545542441,0.0006096199033236491,1.647251070784814e-05,1.796955399805465e-05,1.598577159670262e-05
2651.0,0.2274469504325825,0.0008636720269420594,0.0003404877493379624,0.0006105588367070632,1.647002260917331e-05,1.797568977485918e-05,1.599515505632459e-05
2652.0,0.2274965884972733,0.0008558279032862265,0.0003403959838413116,0.0006115012253049808,1.64731003204419e-05,1.798740563321249e-05,1.600822600319797e-05
2653.0,0.2276305678057023,0.0008425581351091803,0.0003402968046276311,0.0006124495562611317,1.646981073701193e-05,1.798420351207182e-05,1.60122106183655e-05
2654.0,0.2276470004040763,0.0008402625799384173,0.0003403299188482835,0.0006134109768627198,1.647527880196184e-05,1.798844179353644e-05,1.602072963363312e-05
2655.0,0.2279185459656058,0.0008378965833462421,0.0003403257230697777,0.0006143954382629776,1.647965523201322e-05,1.799122705785794e-05,1.602481543699947e-05
2656.0,0.2279598976470505,0.0008539907912039379,0.0003412839795294586,0.0006154028221992304,1.648477633640547e-05,1.799726762936419e-05,1.602711355488851e-05
2657.0,0.2280983970565192,0.0008531781540504931,0.0003415180153852886,0.000616431513049921,1.648712503292051e-05,1.800093959048284e-05,1.603361127812663e-05
2658.0,0.2281762745948845,0.0008568939124077676,0.0003418132857173551,0.0006174628363372048,1.649198343480818e-05,1.80031475517949e-05,1.604418146987136e-05
2659.0,0.2281094002219782,0.0008501045159618483,0.0003419198283990532,0.0006184991199490526,1.649205917799628e-05,1.800571514627738e-05,1.605200002417258e-05
2660.0,0.2281768431589993,0.0008386637576383792,0.0003418908285998866,0.0006195226890062585,1.649458406129279e-05,1.801002364091302e-05,1.605772463778495e-05
2661.0,0.2282300621444242,0.0008499058768076688,0.0003423233275170081,0.0006205268918536304,1.649767453828208e-05,1.801527870877118e-05,1.606708850403714e-05
2662.0,0.2284808011943389,0.000845417455548157,0.0003425420995421099,0.000621528068339431,1.650320291460889e-05,1.802027417829753e-05,1.607138043799013e-05
2663.0,0.2287439133786749,0.0008404185301129247,0.0003428146679921814,0.0006225483126358236,1.651700853620248e-05,1.803507685462541e-05,1.608636293390647e-05
2664.0,0.2288482001689172,0.0008362851220686061,0.0003430705262734387,0.0006235583545884355,1.652111381779088e-05,1.803071931651197e-05,1.609125535335563e-05
2665.0,0.2290328476059503,0.0008405739181108473,0.0003432917914194161,0.0006245800068018203,1.653143952654653e-05,1.803703755402387e-05,1.609773760278485e-05
2666.0,0.2291190194062624,0.0008434170550771959,0.0003435453585938182,0.000625609774819391,1.654224886319055e-05,1.804408492251627e-05,1.610700657203924e-05
2667.0,0.2290502455646423,0.0008341666237286213,0.0003437034516459082,0.0006266486819792463,1.655274939275931e-05,1.804934586103927e-05,1.611281502491633e-05
2668.0,0.2291204745944238,0.0008486150774039805,0.0003442547340346112,0.0006276935448046258,1.656370253846994e-05,1.805186287559781e-05,1.612179223194799e-05
2669.0,0.2292305225522476,0.0008519427630567017,0.0003445769665570219,0.0006287480815910156,1.657455602517906e-05,1.805698046822864e-05,1.612828923937445e-05
2670.0,0.2291968521440384,0.0008449792781807734,0.0003447800832663295,0.0006297917054107155,1.658645554748882e-05,1.80631463683658e-05,1.613265662706423e-05
2671.0,0.2292593830430532,0.0008597279201018523,0.000345218084940736,0.0006308216876348821,1.659876343121025e-05,1.806865699041954e-05,1.613929529063358e-05
2672.0,0.2294578085086302,0.0008496611813783214,0.0003452966591386112,0.0006318322526907035,1.660866853892845e-05,1.807793326232457e-05,1.614747866173924e-05
2673.0,0.2296606228841714,0.0008473299227231661,0.0003454278431734097,0.0006328244082187303,1.662631173062946e-05,1.809241074117216e-05,1.616138976423456e-05
2674.0,0.2297869543479285,0.0008412952236423757,0.0003456092793436012,0.0006337744488940218,1.663420918944684e-05,1.809170713590875e-05,1.616800501456634e-05
2675.0,0.229874341595444,0.0008362445306822218,0.0003456668818463869,0.0006347105959023505,1.664588625611789e-05,1.809723363615209e-05,1.617155515857953e-05
2676.0,0.2299323170992476,0.0008356686267395015,0.0003457551075679677,0.0006356359994379918,1.665564842580701e-05,1.810551669819353e-05,1.617567969341888e-05
2677.0,0.2301686702160399,0.0008319718258667715,0.0003457836176989843,0.000636570765951244,1.666832862373736e-05,1.811235444471699e-05,1.61852876910137e-05
2678.0,0.2302986560261105,0.0008396916056685229,0.0003459909086779397,0.0006375024716287383,1.668204185793372e-05,1.811892761439183e-05,1.619591315923992e-05
2679.0,0.2303163364931392,0.0008386486518637856,0.0003460407070240678,0.0006384348292006993,1.669319328354305e-05,1.812091975090936e-05,1.620240341781554e-05
2680.0,0.2303685856960868,0.0008300451953412259,0.0003459704519884332,0.0006393441037973512,1.670464426196724e-05,1.812721554868053e-05,1.620638596065133e-05
2681.0,0.230701353029333,0.0008394094897057329,0.0003463430850060546,0.0006402287553396181,1.671876031586096e-05,1.813878998709134e-05,1.621347736608455e-05
2682.0,0.2310417459995886,0.0008457964244207343,0.0003467465278985803,0.0006410896888827942,1.673764140423935e-05,1.815193059231314e-05,1.622598228906958e-05
2683.0,0.2310056965307797,0.0008396249539310791,0.0003467203293618549,0.0006419449479667657,1.675134503127884e-05,1.815244210752105e-05,1.623237052831905e-05
2684.0,0.2312888003047208,0.0008350410012913197,0.0003466201382498034,0.0006427631256067969,1.676023204447544e-05,1.816033544958023e-05,1.623798560114855e-05
2685.0,0.2311667083804261,0.0008393953409240746,0.0003469039578772431,0.0006436063179499679,1.677541845658656e-05,1.816997483367155e-05,1.624651146222876e-05
2686.0,0.2314894769966,0.0008318275022272077,0.0003466157745213922,0.000644435749675836,1.679003139752615e-05,1.817348217194824e-05,1.625268148242851e-05
2687.0,0.2314784244867526,0.0008278489668607691,0.0003465735660014895,0.0006452470425602893,1.680270217741174e-05,1.818039847862379e-05,1.625937441802288e-05
2688.0,0.2312166898251996,0.0008275678413396381,0.0003465263760818999,0.0006460451384176955,1.681666225552586e-05,1.818358785471709e-05,1.626654230653404e-05
2689.0,0.2315086890559792,0.000831912947755432,0.0003465440506141996,0.0006467947007753853,1.682560775141108e-05,1.818679171650986e-05,1.627071316984747e-05
2690.0,0.2317627350928841,0.000822924503493169,0.0003464083599213292,0.000647486701880006,1.684436967463566e-05,1.819586911799939e-05,1.627676612487013e-05
2691.0,0.2321610413845044,0.0008364325428724299,0.0003466824279335402,0.0006481452510703736,1.686159768952624e-05,1.820290494159863e-05,1.628671151926289e-05
2692.0,0.2322161441053893,0.0008301215082351207,0.0003465729993945286,0.0006488025623822551,1.687531433187888e-05,1.820934231732887e-05,1.629310230914861e-05
2693.0,0.2322526333687681,0.0008288468767980697,0.0003465765304189887,0.0006494288429731404,1.689921939768004e-05,1.822198077624001e-05,1.630381547113209e-05
2694.0,0.2321603488785459,0.0008180457200951767,0.0003466105385736536,0.0006500109281300602,1.690788457146817e-05,1.822400032328434e-05,1.63048574975509e-05
2695.0,0.2320638316865785,0.0008236806052153258,0.0003466760415493544,0.0006505605811703262,1.692090285983672e-05,1.822578917096666e-05,1.630891063314175e-05
2696.0,0.2319764265637516,0.0008190369641301252,0.0003465452236142768,0.0006510884161771328,1.692880490297467e-05,1.822866702138912e-05,1.631438194134399e-05
2697.0,0.2318641033273894,0.0008195886884763911,0.0003466073056286031,0.0006515978462993792,1.693977597240911e-05,1.823045405204231e-05,1.631789642265427e-05
2698.0,0.231877617116334,0.0008142764574698168,0.0003465319732690291,0.0006520723913652082,1.695738809585223e-05,1.823648393338487e-05,1.632204709980083e-05
2699.0,0.2319538945520608,0.0008085393774071631,0.000346494223199265,0.0006525603718386157,1.697194654020528e-05,1.824062528287457e-05,1.632586079395919e-05
2700.0,0.2320637914087585,0.0008130274868803123,0.000346522865521382,0.0006530188282785071,1.698936547942268e-05,1.824746741578867e-05,1.632826275147651e-05
2701.0,0.2319927683704825,0.0008091525146419802,0.0003465134492427406,0.000653447240330434,1.700713739530455e-05,1.825268422267932e-05,1.633367547079561e-05
2702.0,0.2323046897395655,0.0008111623972526276,0.0003465534194295812,0.0006538589725316348,1.702445860996291e-05,1.826440234290184e-05,1.633952382503244e-05
2703.0,0.232699056663624,0.0008157786331241663,0.0003467587870047205,0.0006542850114623322,1.704868029749692e-05,1.827798897768106e-05,1.634548436011241e-05
2704.0,0.2327823427959838,0.0008160025265794447,0.000346785891600972,0.0006547422282412996,1.706178613618681e-05,1.828349117108861e-05,1.635715223098322e-05
2705.0,0.2326753442338008,0.0008071079830749529,0.0003466032575647025,0.0006552120056198138,1.70757637712816e-05,1.828577465930061e-05,1.636288417010271e-05
2706.0,0.232769940455965,0.0008111087005327261,0.0003466095938234061,0.000655685017511328,1.70893520090534e-05,1.82956433672382e-05,1.637442378489097e-05
2707.0,0.2330097862155924,0.0008083941213095888,0.0003466207037202516,0.0006561902980245384,1.710529143430782e-05,1.830422852050325e-05,1.638475074055696e-05
2708.0,0.2329627741364829,0.0008060556611344808,0.0003465765672542872,0.0006567138269678549,1.712316554511076e-05,1.830945297626839e-05,1.639112591435503e-05
2709.0,0.2329479844496768,0.0008114966992230091,0.0003467850904598822,0.0006572330868351313,1.714053195896856e-05,1.831480859712161e-05,1.639635154465463e-05
2710.0,0.2329589352676198,0.0008093809477121922,0.0003468558745297116,0.0006577996991460069,1.716156943526167e-05,1.832331558350586e-05,1.64038004626953e-05
2711.0,0.2330791499629563,0.0008100409037726041,0.0003470139003040334,0.0006584031334770273,1.718026756006263e-05,1.833134406562295e-05,1.641047696189506e-05
2712.0,0.2331747972033912,0.0008166346967711598,0.0003472802475109973,0.0006590464129333342,1.720400028253632e-05,1.834497671761005e-05,1.641875121892627e-05
2713.0,0.2332885467429814,0.0008252014900373168,0.000347721808155103,0.0006597306070853279,1.722062714357056e-05,1.835331612368583e-05,1.642688249258513e-05
2714.0,0.2333675731714876,0.0008242434862838936,0.0003477250072591651,0.0006604455874501903,1.724114206673522e-05,1.836644748077474e-05,1.643529881056655e-05
2715.0,0.2335802232446867,0.0008182065512322092,0.0003475456720552009,0.0006611922775668125,1.7254046765155e-05,1.837037024352274e-05,1.644588258878734e-05
2716.0,0.233648761272917,0.0008245388023694844,0.000347683740795661,0.0006619544618958671,1.727416565532507e-05,1.837719471426156e-05,1.645739563163288e-05
2717.0,0.2335624207113201,0.0008217838842682115,0.000347704283697287,0.0006627376040924697,1.729236481565718e-05,1.838860997134339e-05,1.646703237594622e-05
2718.0,0.2338641495282135,0.0008221649876096622,0.0003477411045513376,0.0006635777016144041,1.731354867692479e-05,1.839703641198276e-05,1.648056360655902e-05
2719.0,0.2339824846492823,0.0008532352631778028,0.000348432726588141,0.0006644613001386124,1.732680223490114e-05,1.840919598995616e-05,1.649495835204186e-05
2720.0,0.2344521554058208,0.0008547382500907902,0.0003482099943443633,0.0006653733205795913,1.734813094200302e-05,1.841786648678492e-05,1.650861260517176e-05
2721.0,0.2344761188686274,0.0008566559158981075,0.0003485613217489329,0.0006662757686028407,1.736706937597308e-05,1.842566378069956e-05,1.652198345651427e-05
2722.0,0.2346897287431665,0.0008779562259580634,0.0003492089718844409,0.0006671944297677148,1.739274864671763e-05,1.844072038506492e-05,1.653591152485013e-05
2723.0,0.2347649153413809,0.0008600639734032454,0.0003488297692874246,0.000668114568504099,1.740990908605538e-05,1.845163731530177e-05,1.654930346887144e-05
2724.0,0.2348369232718699,0.0008558157721118337,0.0003486087587588325,0.00066904157984053,1.742774214386933e-05,1.84631988328495e-05,1.65559958088406e-05
2725.0,0.2345874325329519,0.0008482331114473123,0.0003483653965697506,0.0006700046811701289,1.744094722186947e-05,1.846577308341232e-05,1.656756482458812e-05
2726.0,0.2344850472825687,0.0008553509619830016,0.0003482542707189384,0.000670968834039211,1.745761347058827e-05,1.847234728654e-05,1.657818461202833e-05
2727.0,0.2344776257587054,0.0008486655298024061,0.000347941878383179,0.0006719458326747101,1.747349377545941e-05,1.848686039053017e-05,1.658972648573223e-05
2728.0,0.2347333171004739,0.0008497908185733916,0.0003478477305493396,0.0006729406692756024,1.749286350262591e-05,1.84977899230553e-05,1.660452152137549e-05
2729.0,0.234843343976537,0.0008612079290555645,0.0003478715533602927,0.0006739637733113835,1.751042981024611e-05,1.850601420352842e-05,1.662202894020723e-05
2730.0,0.2349180579937061,0.0008496456624843808,0.0003474154227540063,0.0006750076262987679,1.752886231185513e-05,1.851707120998239e-05,1.66280759090755e-05
2731.0,0.2352361295681153,0.0008489431149969944,0.0003472447365416167,0.0006760655052116814,1.754394245514055e-05,1.852523238812613e-05,1.664415447650045e-05
2732.0,0.2357243404106266,0.0008588144612291294,0.000347259330330657,0.00067711285535682,1.756486891104991e-05,1.854048446597876e-05,1.666044150132104e-05
2733.0,0.235827611826312,0.0008479282847267779,0.0003469299322351928,0.000678180083165976,1.758772998822708e-05,1.855572970919832e-05,1.667504567999389e-05
2734.0,0.2363822378967222,0.0008626989742531276,0.0003468478403265457,0.0006792376246723847,1.760992019763769e-05,1.85726754334681e-05,1.669010890153957e-05
2735.0,0.2365047886553756,0.0008674199567818277,0.0003465890472433684,0.0006803160951770252,1.762509039378635e-05,1.858332698442454e-05,1.671107218766574e-05
2736.0,0.2368097033148808,0.0008712067016242409,0.0003463107433802563,0.0006814263947449074,1.764417204182741e-05,1.859492012837729e-05,1.672861464395039e-05
2737.0,0.2365628206607965,0.0008586607736136122,0.0003458856391807102,0.0006825704143207656,1.766105700174853e-05,1.860684675091773e-05,1.67430283435315e-05
2738.0,0.2365608961262332,0.0008708656491997748,0.0003457024604049553,0.0006837214933347581,1.768131066455139e-05,1.86171810002452e-05,1.675866160949184e-05
2739.0,0.2366791421876818,0.0008650220576423162,0.0003454998039235031,0.0006848861334696339,1.769763901666657e-05,1.862950796846986e-05,1.677362088269624e-05
2740.0,0.2366582014082693,0.000860291794647286,0.0003453367645634263,0.0006860169290689073,1.771685698180155e-05,1.864168913027531e-05,1.678660942880927e-05
2741.0,0.236627753531213,0.0008494341606909247,0.0003449182760446359,0.0006871730746806121,1.773206253626818e-05,1.865423952875359e-05,1.680139143901653e-05
2742.0,0.2368564799936289,0.0008550907114928901,0.000344576307442787,0.0006883166009626762,1.774676583230043e-05,1.866800890524716e-05,1.681417309464452e-05
2743.0,0.2371078614436021,0.0008484037872978224,0.0003439226518708857,0.0006894562561214308,1.776029536543111e-05,1.868000910115398e-05,1.683388948112243e-05
2744.0,0.2373295959481325,0.000853110327083473,0.0003436419820123862,0.0006905735189974378,1.777855661328913e-05,1.869307714517938e-05,1.68519111263409e-05
2745.0,0.2372858606748539,0.0008432358943656612,0.0003430004319877156,0.0006916955720814271,1.77919236799123e-05,1.870464902620981e-05,1.687173643047604e-05
2746.0,0.2375097765622209,0.0008369022321659267,0.0003424706312537709,0.0006927879591042202,1.780758056571215e-05,1.872155911264831e-05,1.68859036984605e-05
2747.0,0.2375039700148218,0.0008382134991462329,0.0003421017287716976,0.0006938736136241065,1.782372728659957e-05,1.873655142710933e-05,1.690587962021333e-05
2748.0,0.2376417382856027,0.0008401559499101338,0.0003416779984881645,0.0006950079899124381,1.783810658444296e-05,1.875217350212472e-05,1.69244434511159e-05
2749.0,0.2378594312615853,0.0008292100303269273,0.0003410618830242469,0.0006961332440809589,1.785015026551477e-05,1.876539269663183e-05,1.694096634434782e-05
2750.0,0.2380261978415198,0.0008442631118531907,0.0003407912540839442,0.0006972382260249666,1.786718536340953e-05,1.87833870324988e-05,1.696041313980039e-05
2751.0,0.2386942489399927,0.0008358650976421238,0.0003400524595931221,0.0006983243436390379,1.787805881872862e-05,1.879789019312795e-05,1.698144022642028e-05
2752.0,0.2390323764744128,0.0008413259931704765,0.000339712307231614,0.0006994103454352359,1.789133346956541e-05,1.881445115063334e-05,1.700460597789285e-05
2753.0,0.238924051147337,0.0008382956728366345,0.0003392600028754004,0.0007005210992939028,1.790095161976291e-05,1.882959160686043e-05,1.702818500062359e-05
2754.0,0.2390985246766483,0.0008460125920738866,0.0003389230061856856,0.0007016195627289003,1.7912895074664e-05,1.885120685802142e-05,1.705055433841768e-05
2755.0,0.2394557559388078,0.0008430519458429688,0.000338469024592654,0.0007027147182602217,1.792268159087228e-05,1.886978521449225e-05,1.707439304118233e-05
2756.0,0.2393631798240742,0.0008497642067956807,0.0003379218553638669,0.0007038264151429739,1.79300466730174e-05,1.888433715134346e-05,1.709285762145778e-05
2757.0,0.2394243226963731,0.0008402906491585375,0.0003372287489875667,0.0007049216462317146,1.793985493784111e-05,1.889474840106612e-05,1.711850348318847e-05
2758.0,0.2393850330147091,0.0008369201802445895,0.0003366748476916213,0.000706016292445338,1.794482491636042e-05,1.890744827609645e-05,1.714052771723685e-05
2759.0,0.2395843558644477,0.0008386469930753147,0.0003361198070052255,0.0007070609614819773,1.795523316574579e-05,1.892103122525719e-05,1.716123360336044e-05
2760.0,0.2397076381148927,0.0008366054168120305,0.0003355938866084122,0.0007080592352188995,1.796282352501707e-05,1.893624990088443e-05,1.718584613085023e-05
2761.0,0.240021086740988,0.0008388567410213016,0.0003351218418300225,0.0007090270221833843,1.797060783674984e-05,1.89536922978636e-05,1.721286965410227e-05
2762.0,0.2402197045140123,0.0008350655332071249,0.0003345691343215506,0.0007099801470399914,1.797579164810704e-05,1.896758307189615e-05,1.723751758467143e-05
2763.0,0.2400080575946376,0.0008388567946633426,0.0003340754956852178,0.000710892270957203,1.798160888479944e-05,1.897898732684304e-05,1.725930793822211e-05
2764.0,0.2399947034221646,0.0008254672175131807,0.0003333935889570725,0.0007117587997072122,1.798200010872836e-05,1.899139119012791e-05,1.728043963742226e-05
2765.0,0.2400585540227837,0.0008296601689809964,0.000332940201441768,0.0007125648161443457,1.798898184072265e-05,1.900541896776425e-05,1.730610536097523e-05
2766.0,0.24015722426072,0.0008206778944697224,0.0003323820954105733,0.0007133117282982885,1.799045659354484e-05,1.902094567903891e-05,1.732662313206124e-05
2767.0,0.2399160995385627,0.0008171664193449522,0.0003317822786717372,0.0007140183747866494,1.799625848767e-05,1.903413825905867e-05,1.7349287256983e-05
2768.0,0.2401518852143984,0.000826787892758335,0.0003313543244894345,0.0007146587622123391,1.80039206017442e-05,1.90477825519724e-05,1.737355471295172e-05
2769.0,0.2401951830921031,0.0008325392070725988,0.000330841301073168,0.0007152953736112575,1.800812450797117e-05,1.906077648968625e-05,1.739592892961836e-05
2770.0,0.2403251765309769,0.0008177567405484811,0.0003301652136308952,0.0007159169194732935,1.800935145428211e-05,1.906892913179774e-05,1.742483397883195e-05
2771.0,0.2401756676025256,0.0008331419491625304,0.0003301403207915453,0.0007164858998104398,1.801418553828191e-05,1.908156116954282e-05,1.745379652949695e-05
2772.0,0.2401613471619848,0.0008206036988505091,0.0003294876214329082,0.0007169942366027414,1.801264020219951e-05,1.909514215748817e-05,1.747824701221224e-05
2773.0,0.2401466098344944,0.0008142241738078765,0.0003287837178714428,0.000717470713888328,1.801343232830383e-05,1.910749787954527e-05,1.749959747262928e-05
2774.0,0.240340428478759,0.0008251810576171115,0.0003285268547282919,0.0007179282947579248,1.801778329887336e-05,1.911959856602721e-05,1.752567919795067e-05
2775.0,0.2401441517526393,0.0008174302184678371,0.0003278909203617364,0.0007183688002453049,1.801986868197298e-05,1.912850217817851e-05,1.754624424589129e-05
2776.0,0.2401844864448736,0.0008098043354373678,0.0003273540801776132,0.0007187467113870942,1.802090590544745e-05,1.913650720770476e-05,1.757055487553789e-05
2777.0,0.239942540882201,0.0008030189885349427,0.0003268052584660117,0.0007190455345712435,1.802402128873623e-05,1.914473062805566e-05,1.759316748257281e-05
2778.0,0.2397849667119856,0.0007958071159130217,0.0003262442770830969,0.0007193023059179587,1.802024052873772e-05,1.915865259708883e-05,1.76175250721012e-05
2779.0,0.2397749674377329,0.0007982451027791387,0.000325844932892277,0.0007195107837175481,1.802133928386096e-05,1.91715862720464e-05,1.764541955342705e-05
2780.0,0.2398998999515846,0.0008008337266081896,0.0003254663435970319,0.0007196451660742348,1.802460688878579e-05,1.918480106796919e-05,1.767483332184478e-05
2781.0,0.2402431282598021,0.0008010445013623835,0.0003250919323631121,0.0007197376201285667,1.802730168553487e-05,1.91969700258951e-05,1.770217496925495e-05
2782.0,0.2399787587884688,0.0007932374008563709,0.0003246934496193099,0.0007198888046703162,1.802523702995386e-05,1.920475846578298e-05,1.773210473539874e-05
2783.0,0.2402791926188148,0.0007946194695716619,0.0003243689543809704,0.0007199576803015226,1.802784731624561e-05,1.921715089011912e-05,1.776490466066946e-05
2784.0,0.24022274113648,0.000795276066918992,0.0003242009100044275,0.0007200160416250105,1.803332623630491e-05,1.923305781924491e-05,1.779169938225087e-05
2785.0,0.2401158993417405,0.0007979149248158281,0.0003241168836766236,0.0007200550225584238,1.80420054408995e-05,1.924390026154889e-05,1.782083523056515e-05
2786.0,0.2402627208802783,0.0007902060266851095,0.0003237031641138729,0.0007201225052840908,1.804323002150395e-05,1.925523958054967e-05,1.784725363892748e-05
2787.0,0.2402188431705194,0.0007956803088606224,0.0003235815243218987,0.0007201302309109482,1.804041008891877e-05,1.926431726169205e-05,1.787335701635299e-05
2788.0,0.240248857968562,0.0008007967403487795,0.0003234994126667979,0.0007201768815087129,1.80430475756446e-05,1.927345627035157e-05,1.789549689423593e-05
2789.0,0.2403010506235529,0.0007848888550847228,0.0003230370126033213,0.0007201988420922332,1.804501452981637e-05,1.928195099479867e-05,1.792239837310716e-05
2790.0,0.24037917690522,0.0007927879971414895,0.0003229174181350292,0.0007202469125014925,1.804625840960986e-05,1.929164848208638e-05,1.794754358218486e-05
2791.0,0.2401936736374816,0.0007951788093487708,0.0003226725371161981,0.0007202595971399729,1.804873875939217e-05,1.930269763662028e-05,1.796763826811081e-05
2792.0,0.2402474687731136,0.0007933795371137199,0.0003224826637342742,0.000720298879818706,1.805262857860218e-05,1.930522427676141e-05,1.799007663771924e-05
2793.0,0.2404532693227867,0.0007918875988606675,0.0003221983067027604,0.0007203214795997603,1.804876915879546e-05,1.930988995711045e-05,1.801008109488835e-05
2794.0,0.2404317055089392,0.0007868974358549781,0.0003219580988203548,0.0007203492550629568,1.804875944254002e-05,1.931558533286565e-05,1.803075879873139e-05
2795.0,0.2401939608497575,0.0008139164035560433,0.0003224190051260091,0.0007203955751183155,1.804997107015906e-05,1.932165277580595e-05,1.805520071997472e-05
2796.0,0.240344442630888,0.0008063974113112947,0.0003223890508198635,0.0007204394766618743,1.804558928962207e-05,1.933072921804579e-05,1.808220170807059e-05
2797.0,0.2402269823166859,0.0008073018243921664,0.0003222652495785803,0.0007204890315415008,1.804310002525532e-05,1.933795342534914e-05,1.810205547219389e-05
2798.0,0.2402486684369515,0.0007932882878974649,0.0003220736844454795,0.0007206203872513745,1.804394839527741e-05,1.934800958184188e-05,1.812302718876491e-05
2799.0,0.2405827126701741,0.0007972282889961607,0.0003220717230746432,0.0007207871648851247,1.804149807287982e-05,1.935801525199074e-05,1.814332671529854e-05
2800.0,0.2407730898448051,0.000799005008126164,0.0003220233761970988,0.0007210111097943309,1.80437595418959e-05,1.936749844652508e-05,1.816365237011101e-05
2801.0,0.2411786669654533,0.0008011131178485775,0.0003219668857964172,0.000721269053927445,1.804281746792193e-05,1.937512792154403e-05,1.819076076465223e-05
2802.0,0.2410672066663965,0.0008061038795929203,0.0003220977117692574,0.0007216085664454857,1.804822364513513e-05,1.938547693992106e-05,1.821619637979135e-05
2803.0,0.2408638589746844,0.0007938263970021453,0.0003218877216336476,0.0007219722824692304,1.804635939080342e-05,1.939074430337397e-05,1.823584459946136e-05
2804.0,0.2404328406820564,0.0007965536064071883,0.0003220005647911231,0.0007223913551046758,1.804500346544243e-05,1.939418095854395e-05,1.825341297322085e-05
2805.0,0.2403972614969745,0.0008278238218935943,0.0003226114868719985,0.0007228531367903224,1.804293152902591e-05,1.940392906960594e-05,1.826941583212939e-05
2806.0,0.2404966922861049,0.0008097149336832043,0.0003223612901283651,0.000723396747967768,1.804137483805089e-05,1.941232657420637e-05,1.828527847205066e-05
2807.0,0.2405667017144317,0.000820447895705306,0.0003224795067091053,0.0007239769051204375,1.803865047004487e-05,1.942093284578914e-05,1.830779797544475e-05
2808.0,0.2408548819751888,0.000809720701505401,0.0003223009899930406,0.0007246065270985871,1.803384652395197e-05,1.94275092570812e-05,1.832547362097059e-05
2809.0,0.2406860642898105,0.0008107027524640324,0.0003225366539387855,0.0007252968686343125,1.802902623140249e-05,1.943738448433354e-05,1.83453866839524e-05
2810.0,0.2407266530511618,0.0008147635498288631,0.0003229140484837146,0.0007260352997899897,1.802643201980616e-05,1.944482993280084e-05,1.836107099187525e-05
2811.0,0.2405275364471539,0.0008091267230890247,0.000322677899798834,0.0007267712012360351,1.802659753714124e-05,1.945099208842787e-05,1.837659065081205e-05
2812.0,0.2404813143343629,0.0007968909566221127,0.0003224050141082194,0.0007275548810222278,1.80227330806792e-05,1.946051530293362e-05,1.838835860671872e-05
2813.0,0.2409083978356729,0.0007980578980727598,0.0003225986600836876,0.0007283664714526861,1.802052444040016e-05,1.946914095938948e-05,1.840371169248941e-05
2814.0,0.2409387919998253,0.000800212117356756,0.0003226718577501745,0.0007292702042375833,1.802181288241398e-05,1.948193909823006e-05,1.842327275235363e-05
2815.0,0.2411632492516435,0.0007968638140507117,0.0003227679184856658,0.0007302059171678139,1.802421642032071e-05,1.948693345456219e-05,1.844159749521785e-05
2816.0,0.2408046668111636,0.0008061105052041847,0.0003229595677569793,0.000731216990632791,1.802557587341497e-05,1.949886999226589e-05,1.845810946902519e-05
2817.0,0.2408696990423621,0.0008032884845366946,0.0003231788204585111,0.0007322487915070351,1.80233099320049e-05,1.950283849127134e-05,1.84736586565645e-05
2818.0,0.2407569233343869,0.0008073101563782973,0.000323256568788762,0.0007333597833078794,1.801614821454646e-05,1.950534682630241e-05,1.848060017290229e-05
2819.0,0.2405521174490318,0.0007979890605296271,0.0003230917419491162,0.0007345258678307346,1.801411515340923e-05,1.951203392523457e-05,1.849096628435917e-05
2820.0,0.2403300868283602,0.0007982411958494194,0.0003231750696728584,0.0007357027074062236,1.800851065496285e-05,1.951527592757312e-05,1.850084201517068e-05
2821.0,0.2403340051871643,0.0008108116869445172,0.0003232582299676275,0.0007368941283379074,1.800363882187676e-05,1.951987854246664e-05,1.851047482266643e-05
2822.0,0.2402457372583554,0.0008083002925714903,0.0003232243049272692,0.0007381205296916008,1.800147764165131e-05,1.95247946311926e-05,1.852438952356572e-05
2823.0,0.2403797188361998,0.0008126838302345925,0.0003233833704515033,0.0007393872780288461,1.799947899618695e-05,1.9529332511512e-05,1.853817682351202e-05
2824.0,0.2405513021372443,0.0007952748203436226,0.0003232207512369122,0.0007406629076117507,1.79918012997378e-05,1.953563231529833e-05,1.854936343344117e-05
2825.0,0.240536629601555,0.0008074014903872912,0.0003234416233297045,0.0007418980094913958,1.799277505849315e-05,1.954339014388416e-05,1.856419473567912e-05
2826.0,0.2406343879232552,0.0007957985851636786,0.0003231353193072269,0.0007431506832619802,1.79860169688373e-05,1.95462839540355e-05,1.856938622694424e-05
2827.0,0.2403295840909001,0.0007948971340101816,0.0003232239355404685,0.0007444667455243687,1.798338008485623e-05,1.954931983282073e-05,1.858651765213903e-05
2828.0,0.2404816241596438,0.0007976879239489407,0.0003232271110372594,0.0007457917265664047,1.797861744184324e-05,1.95554087393465e-05,1.859227776055629e-05
2829.0,0.2402259135242324,0.0007951428219554936,0.0003232067291068125,0.0007471306386302585,1.797612123534226e-05,1.956332707551089e-05,1.860009780951627e-05
2830.0,0.2404269197654768,0.0008045527486958498,0.0003233611328938274,0.0007484729247018519,1.79711494085679e-05,1.957085878637255e-05,1.86055466032939e-05
2831.0,0.2400621326041191,0.0008022817529082314,0.000323245826459579,0.0007498629476139874,1.79647100471228e-05,1.957758642403934e-05,1.861176932241032e-05
2832.0,0.240181314718897,0.000806518451527943,0.0003232770489673266,0.0007512359634787126,1.796166027235622e-05,1.958244019847881e-05,1.861674325313332e-05
2833.0,0.2400839729336343,0.0008267109217450913,0.0003239886840925141,0.0007526405807293545,1.795610939918248e-05,1.958701642293115e-05,1.861862949445348e-05
2834.0,0.2399994321617935,0.0008344307636129697,0.0003241804140351899,0.0007540626354820612,1.795570971554344e-05,1.95900409637666e-05,1.862785716587055e-05
2835.0,0.239916367501354,0.0008264202862683337,0.0003238158074125986,0.0007554960807147908,1.795170289359962e-05,1.959619436694004e-05,1.863624526995662e-05
2836.0,0.2398580255991344,0.0008135437009564521,0.0003236153051107415,0.0007569177610379132,1.79471554306757e-05,1.959499672631637e-05,1.864007411943319e-05
2837.0,0.2395348563256292,0.0008164295422384561,0.0003236904348775108,0.0007582646309062614,1.794270366203365e-05,1.959570285489479e-05,1.864411681828546e-05
2838.0,0.2394978041957563,0.0008155753538176922,0.0003235819090674544,0.0007595625383355084,1.794024644688551e-05,1.960253486178776e-05,1.864452210542863e-05
2839.0,0.2393156033192808,0.0008076006741643993,0.0003236329062168977,0.000760808118016187,1.793285617695924e-05,1.960693660241653e-05,1.864733996845071e-05
2840.0,0.2393757334745999,0.0008044993527812509,0.0003237406987231751,0.0007620282263220631,1.792873394368837e-05,1.961005881005403e-05,1.864967453840561e-05
2841.0,0.2391377181184642,0.0008094059511646011,0.0003239520938717405,0.0007632037543218194,1.79279690220901e-05,1.961089675411169e-05,1.86528975191803e-05
2842.0,0.2393170225196038,0.0008098656195782325,0.0003240345171110775,0.000764293753256777,1.792333759617822e-05,1.96146291378255e-05,1.86485903886663e-05
2843.0,0.2390908124746544,0.0008182074184769981,0.0003244477477700661,0.0007653349399693706,1.792419512363563e-05,1.96183066006316e-05,1.865313716642128e-05
2844.0,0.2392666946901175,0.0008217397783768717,0.0003247728547316817,0.0007662914180891475,1.792523416056868e-05,1.961974395265388e-05,1.865480939082761e-05
2845.0,0.2390920273743058,0.0008274441469225161,0.000325006723187071,0.0007671753331554503,1.792513797975139e-05,1.962557550819011e-05,1.86494874722586e-05
2846.0,0.2389953029663157,0.0008413612382744688,0.0003253291585319724,0.0007680082281242025,1.792272221875024e-05,1.963186127142924e-05,1.865217241828193e-05
2847.0,0.2393746901570373,0.000833648314722497,0.0003255112168898224,0.0007687855737456338,1.792021168540474e-05,1.963673632169271e-05,1.86508587065483e-05
2848.0,0.2391518451721463,0.0008365964657381414,0.0003257609237673925,0.000769501974704252,1.791485224020098e-05,1.963366393698976e-05,1.864820750657102e-05
2849.0,0.2390180162534289,0.0008368644391179061,0.0003259886404031939,0.0007701292112608064,1.791352689942091e-05,1.963160964735326e-05,1.864123408166973e-05
2850.0,0.2387821057658491,0.000838916754806212,0.0003259696448272705,0.0007707597349962452,1.791034756779295e-05,1.963163336576107e-05,1.863348139266474e-05
2851.0,0.2386881185080643,0.0008431750701405295,0.0003258460253705514,0.0007713133937071341,1.790938650288017e-05,1.963158124342909e-05,1.86289112473715e-05
2852.0,0.2385313417019386,0.0008342053033175315,0.0003257551989294804,0.0007718014229452857,1.790310329905296e-05,1.963036145149867e-05,1.862440115248098e-05
2853.0,0.2385471993510078,0.0008320578000891989,0.0003256995290037186,0.0007721822637721148,1.790053289384484e-05,1.962872004451702e-05,1.86205121952012e-05
2854.0,0.2383961058131172,0.000830493500670768,0.0003255741641267891,0.0007724915196208964,1.789628101165889e-05,1.962516367817697e-05,1.861260518786378e-05
2855.0,0.238382227210449,0.0008414024417890658,0.0003261328170418344,0.0007727328662138815,1.789251974331399e-05,1.962291519072493e-05,1.860069701578382e-05
2856.0,0.2382422311761489,0.0008776965002879038,0.0003268730266559684,0.0007729592355505963,1.789272941256287e-05,1.961954635218704e-05,1.859602220440015e-05
2857.0,0.2382489791857808,0.0008890048963331676,0.0003275822958777801,0.0007730760822798265,1.788874110966937e-05,1.961484727783324e-05,1.858867525604555e-05
2858.0,0.2382569031918093,0.0008799228911601465,0.0003273411842765225,0.0007731105156981794,1.788309816247479e-05,1.961102620514238e-05,1.858183670511339e-05
2859.0,0.238458966511644,0.0008680350900099797,0.0003265872624293666,0.0007730381800955538,1.788033613801448e-05,1.960841129858223e-05,1.857877845817968e-05
2860.0,0.2384849013721207,0.0008625924466125744,0.0003261416925251743,0.0007728858499178614,1.788226770022062e-05,1.960632300279925e-05,1.857772505749541e-05
2861.0,0.238388139005997,0.0008480438732818734,0.000325565492118194,0.0007726624492678281,1.787269720493216e-05,1.959470573431734e-05,1.856902593148997e-05
2862.0,0.2383141548677162,0.0008368682859322065,0.0003250537854235884,0.0007723769194939807,1.787467401398326e-05,1.958561744237983e-05,1.856309404392703e-05
2863.0,0.2379695335898178,0.0008257450975667921,0.0003247141168827632,0.0007720344874494489,1.78717489381072e-05,1.958016295244979e-05,1.855160706967851e-05
2864.0,0.2381699271075386,0.0008374614223960264,0.0003249159323011862,0.0007716490495674622,1.786601352932159e-05,1.957422707635936e-05,1.853760597753374e-05
2865.0,0.2380253511744408,0.0008460355213436318,0.0003247507016923105,0.0007712633837281482,1.786886158474848e-05,1.957583882982901e-05,1.853477681251367e-05
2866.0,0.238054200996937,0.0008513669543704251,0.000324574688918414,0.0007708881790183781,1.786561336935828e-05,1.956662914711632e-05,1.852251009045328e-05
2867.0,0.2379430056788114,0.0008606830605450705,0.000324469689092895,0.0007704905591694219,1.786032938130228e-05,1.956162183340778e-05,1.850924130495935e-05
2868.0,0.2374283279664376,0.0008415489991826249,0.0003238296313841472,0.0007701220087891627,1.785422635096217e-05,1.955076610863683e-05,1.849582099636894e-05
2869.0,0.2372502925109982,0.0008474212448202012,0.0003236032275922887,0.0007696688753532696,1.784982164423008e-05,1.954064740585075e-05,1.848598373414856e-05
2870.0,0.2373668183494542,0.0008375967462891254,0.0003231071225435279,0.0007692014472695998,1.784509775260433e-05,1.95338150500477e-05,1.847436179136189e-05
2871.0,0.2375429918955882,0.0008307859132620585,0.0003228074114381693,0.0007686882602297501,1.784779139104459e-05,1.952981351744008e-05,1.847444216342693e-05
2872.0,0.2375521576382751,0.0008466950314914049,0.000322972147985916,0.0007681659617911253,1.784656012649244e-05,1.95165241722974e-05,1.846797568318042e-05
2873.0,0.2372199896947346,0.000835467085610985,0.0003225875486485019,0.0007675993984835481,1.784421234813046e-05,1.950448481284505e-05,1.846132425942487e-05
2874.0,0.2367608331026289,0.0008277123211714535,0.0003223737815557783,0.0007670462422457657,1.784139537453007e-05,1.949385960006282e-05,1.844763690837713e-05
2875.0,0.236482808293785,0.0008393373972739143,0.000322837566910309,0.0007664607416233478,1.783288744662539e-05,1.948163982650916e-05,1.843640124747294e-05
2876.0,0.2363065714290426,0.0008389401919925123,0.0003227265262208413,0.0007658682056132797,1.782563380669803e-05,1.947370767151253e-05,1.842497360610943e-05
2877.0,0.2361295758825397,0.0008514364343571867,0.0003224356289683709,0.0007652401002133852,1.782348347255725e-05,1.94623221481003e-05,1.841442795174175e-05
2878.0,0.2357830099168476,0.0008373998618696106,0.0003218930697196349,0.0007645819825901034,1.781991775884629e-05,1.945136511539214e-05,1.840323250254255e-05
2879.0,0.2358515625676663,0.000848936129067981,0.0003218276555744572,0.0007638851994803589,1.781684527522897e-05,1.943736247085329e-05,1.839044406971112e-05
2880.0,0.235500764938387,0.0008359591486007453,0.000321260784256863,0.0007631336452621711,1.781595071507685e-05,1.942506787566039e-05,1.838383805879309e-05
2881.0,0.2352896208568324,0.0008398569124339999,0.0003212194457002405,0.0007623383357786991,1.781492997585425e-05,1.941750281371216e-05,1.837276883584042e-05
2882.0,0.2350943013623555,0.0008340135540851917,0.0003209902689884283,0.0007615578682170564,1.781249481528293e-05,1.94096782040868e-05,1.836318210007013e-05
2883.0,0.2349499659530198,0.0008265631777511739,0.00032056724183055,0.0007607099526648797,1.781435987950701e-05,1.940302359205882e-05,1.835427553949767e-05
2884.0,0.2346781071223259,0.0008281251975188386,0.0003205619661467554,0.0007598000377190952,1.780816879996683e-05,1.939041938422476e-05,1.834707481496346e-05
2885.0,0.2345389605647187,0.0008372377877047196,0.0003204733926095348,0.0007588670736272726,1.780339422092347e-05,1.937959007652586e-05,1.833536204891162e-05
2886.0,0.2341975991653408,0.0008241791227793532,0.0003197552414716609,0.0007579245433605996,1.779697196529088e-05,1.937102089624592e-05,1.831933649991119e-05
2887.0,0.2339720487195237,0.0008185753856574634,0.0003193158538134099,0.0007569552833610367,1.77935412883538e-05,1.936322789682774e-05,1.830255818494851e-05
2888.0,0.2340630915523314,0.0008191545979117491,0.0003190781622137555,0.0007560170236307794,1.778783580841582e-05,1.93573518686904e-05,1.828995668382897e-05
2889.0,0.2337430974912282,0.0008143282563612367,0.000318650522083281,0.0007550729324034264,1.778826376667051e-05,1.935143738573047e-05,1.827534317686911e-05
2890.0,0.2335715932311856,0.0008183674882095903,0.0003184293939018421,0.0007541621812469023,1.778541894286076e-05,1.934227057300453e-05,1.826396671671886e-05
2891.0,0.2333282190078125,0.0008168751172521884,0.0003181839000755414,0.0007532173941609989,1.778175788186657e-05,1.933241109272117e-05,1.825256657832997e-05
2892.0,0.2330472268694806,0.0008235054581562816,0.0003180924900150155,0.0007523390577869359,1.778212159124617e-05,1.932279651570464e-05,1.824480285615369e-05
2893.0,0.2327786323662301,0.0008231359199086616,0.0003179817238274694,0.0007514343293697273,1.77799709309009e-05,1.931418345829207e-05,1.823498242006203e-05
2894.0,0.2329320554391025,0.0008153583666065711,0.0003175662155187509,0.0007505389671021716,1.777499913827606e-05,1.930359899504611e-05,1.822279129830723e-05
2895.0,0.2332722643397221,0.0008193017520477549,0.0003172917124267117,0.0007496544567926678,1.77766085020932e-05,1.930001253462219e-05,1.821522075510942e-05
2896.0,0.2332151409389998,0.0008110783255633366,0.0003169984028638535,0.0007488076038932332,1.77794744045371e-05,1.929710836893137e-05,1.821265162284791e-05
2897.0,0.2329963914586048,0.0008095281754332765,0.0003168307238440482,0.0007479670359633048,1.777498907056408e-05,1.928668432911187e-05,1.819706406572173e-05
2898.0,0.2327647385173556,0.0008145450287590408,0.0003166797489344457,0.0007471450960663625,1.777011628827921e-05,1.927655081687258e-05,1.818271597166513e-05
2899.0,0.2326660175951094,0.0008095188728493674,0.0003164274177422781,0.0007463385997602084,1.776563854344131e-05,1.9268193957671e-05,1.816572403068942e-05
2900.0,0.2324738877232277,0.0008179526233161779,0.0003162677632207871,0.00074555210076457,1.775857632945614e-05,1.925912028191882e-05,1.814768078243723e-05
2901.0,0.2325626633481147,0.0008088750793831827,0.0003157987310840693,0.0007447311215948711,1.775383272154865e-05,1.925137500600111e-05,1.813099061103456e-05
2902.0,0.2326359710198205,0.0008272879418403826,0.0003161370913365006,0.0007439875915131317,1.775832332286727e-05,1.92451125687645e-05,1.812533084449857e-05
2903.0,0.2323327691829752,0.0008140040557743189,0.0003156911803743339,0.0007432185673687487,1.775433321308064e-05,1.923215385128141e-05,1.810966213580392e-05
2904.0,0.2320566101483141,0.0008045655584884192,0.0003152484977447956,0.0007424173167335113,1.774991623336538e-05,1.922358842077785e-05,1.809718620395969e-05
2905.0,0.2316662119659649,0.0008589934724901396,0.000315854026323686,0.0007416334644595886,1.775089504490209e-05,1.921634266064358e-05,1.808691407633166e-05
2906.0,0.2318490155391486,0.0008345481252616816,0.0003154584340039333,0.0007408320866932614,1.775113262143435e-05,1.920972269143556e-05,1.807751171583429e-05
2907.0,0.2320478132117173,0.0008213384415303767,0.0003150057837429184,0.0007400247946101465,1.775782503763116e-05,1.920604640736641e-05,1.806710654521466e-05
2908.0,0.2319725225812804,0.0008033789492799101,0.000314592524359154,0.0007392281853361854,1.775287590882967e-05,1.919129226164456e-05,1.805106421417192e-05
2909.0,0.2315103619786683,0.0008006446316942716,0.0003143368489416479,0.000738399707442361,1.774970535263835e-05,1.917947389417976e-05,1.803739281564398e-05
2910.0,0.2311355327243619,0.0007933080395579142,0.000313924769098454,0.0007375700726442259,1.774160469673181e-05,1.917033824256647e-05,1.801927433635729e-05
2911.0,0.2308727649753647,0.0007893117655821658,0.0003135780558750659,0.0007367255287378477,1.773423835791488e-05,1.915734739524668e-05,1.80062460576809e-05
2912.0,0.2305286049491964,0.0007978367785369564,0.0003134157598865901,0.0007358836896880249,1.772932042227713e-05,1.914649469718909e-05,1.799298245580137e-05
2913.0,0.2304644452177863,0.000820751537849449,0.0003135277116477343,0.0007350149318112542,1.772745842669628e-05,1.913578648313752e-05,1.797687030808925e-05
2914.0,0.2304190949148606,0.0008078892597811504,0.0003129186074313427,0.0007341760260586953,1.772426741860052e-05,1.912775290824531e-05,1.796233606856182e-05
2915.0,0.2301305977151254,0.0007921346524723562,0.0003125246781460174,0.0007333767325138381,1.772079311637044e-05,1.911745420816051e-05,1.794414798630292e-05
2916.0,0.229997776334821,0.0008010446749004233,0.000312464821778742,0.0007325664053716663,1.771867133514455e-05,1.910724599750928e-05,1.793046780725976e-05
2917.0,0.2299245812464753,0.0007890523852811115,0.0003120435179535577,0.0007317709078771656,1.771589335655553e-05,1.909593952204573e-05,1.791747365810501e-05
2918.0,0.2298740523054862,0.0007869702068733526,0.0003116903492750748,0.0007310114184617141,1.772125097448191e-05,1.909370341306262e-05,1.79070721150757e-05
2919.0,0.2298785520133752,0.000787092840004153,0.0003114333937686818,0.0007302495830499439,1.771499200176417e-05,1.908054825403736e-05,1.789682954769204e-05
2920.0,0.2301033340190637,0.0007884771481506398,0.0003111517135707592,0.000729543916909786,1.771755577259418e-05,1.906893651040359e-05,1.788339584521811e-05
2921.0,0.2296832820041376,0.0007881200132999305,0.0003109328156212281,0.0007288987866434291,1.77155929483504e-05,1.905380989016738e-05,1.78719548213193e-05
2922.0,0.2294805932327929,0.0007890477311393259,0.0003106315096043189,0.0007283485954516961,1.771256928763067e-05,1.904405496354676e-05,1.785095942859727e-05
2923.0,0.2294815819157462,0.0007809654186879486,0.000310093922252479,0.0007278184297723649,1.770934844533587e-05,1.903448665210621e-05,1.78343598803116e-05
2924.0,0.2291817119031742,0.0007877351620076843,0.0003098807479461219,0.0007273237819586396,1.77108968172269e-05,1.902833241611546e-05,1.781697843317696e-05
2925.0,0.2289780964662484,0.0007768434715596051,0.0003093601872059058,0.0007268642397612399,1.770713277311429e-05,1.901659360228699e-05,1.779479044430654e-05
2926.0,0.2287814330454223,0.0007734161643009505,0.0003090782239792547,0.0007264606912248816,1.770359721778655e-05,1.900234529516045e-05,1.777208946470944e-05
2927.0,0.2286567815923136,0.0007747536569402784,0.0003089661860208252,0.0007260763598071442,1.769525514802431e-05,1.89921264456891e-05,1.775290917345954e-05
2928.0,0.2285919097870159,0.0007755981537704998,0.0003086987869351364,0.0007257029640051148,1.768654762895784e-05,1.897967734380562e-05,1.773289409958424e-05
2929.0,0.2284182811676367,0.000779185209619026,0.0003083798686508924,0.0007254305725265363,1.768778109942981e-05,1.897613170213733e-05,1.77189023020872e-05
2930.0,0.2285420273684621,0.0007762500458934036,0.0003080184415573462,0.0007252546317161028,1.76859440507468e-05,1.89678256054665e-05,1.77018626455601e-05
2931.0,0.2282376024860167,0.0007702846508674838,0.0003076001042503247,0.0007250740149643824,1.768095038098542e-05,1.896173555862529e-05,1.768927579386159e-05
2932.0,0.2283121016496616,0.0007850710747310502,0.0003080070151670073,0.0007249327943518122,1.767404392852019e-05,1.894719307653538e-05,1.767585428277756e-05
2933.0,0.2279746072655108,0.0007784952313597263,0.0003072817735021808,0.0007247942908458636,1.766620169952439e-05,1.893276811577805e-05,1.766046157122146e-05
2934.0,0.2275610860309542,0.0007712016274283871,0.0003065754607473955,0.0007246749713086559,1.765922976490512e-05,1.891802007489656e-05,1.763932453872968e-05
2935.0,0.227058067029052,0.0007794173653851474,0.0003063943709500286,0.0007245433359211307,1.764985269401685e-05,1.890057191792529e-05,1.762071613004764e-05
2936.0,0.2269442126784439,0.0007699334601306564,0.0003058102436712002,0.0007244438911076838,1.76449693680212e-05,1.889150844865959e-05,1.76031381759395e-05
2937.0,0.2271090774181277,0.0007582269542930004,0.0003051388827921359,0.0007243691798343188,1.763596863545979e-05,1.887783684686966e-05,1.758493438503803e-05
2938.0,0.2268723971450105,0.0007639866762526329,0.0003049190272788993,0.0007243722432984231,1.763105523726171e-05,1.886593659689384e-05,1.756829711005672e-05
2939.0,0.2263975845538818,0.0007561091104163895,0.0003043526153539517,0.0007244225465035762,1.76217105141733e-05,1.885164721475292e-05,1.755110001489144e-05
2940.0,0.2261281693196107,0.0007593274997858694,0.0003039654039105329,0.0007245373846558239,1.761522293219441e-05,1.88384514833473e-05,1.75314679825724e-05
2941.0,0.2260908155686021,0.0007650805799158163,0.0003038502869781117,0.0007247041926204373,1.760736194882927e-05,1.882632120450541e-05,1.751573683888058e-05
2942.0,0.2260804351364348,0.0007537705972271456,0.0003031632224505283,0.000724917046750627,1.76021744236653e-05,1.881980520063764e-05,1.750002374165069e-05
2943.0,0.2257623273064188,0.0007516845113724221,0.0003025033146801197,0.0007251901438028056,1.759631465585045e-05,1.881283116832378e-05,1.748944621277363e-05
2944.0,0.2255041574301248,0.0007512170770183579,0.0003021082891224838,0.0007255349857360899,1.758546070611058e-05,1.879390439581972e-05,1.747838066281625e-05
2945.0,0.2254123165081256,0.0007401930239137884,0.0003014961292698284,0.0007258856296303367,1.757441679223809e-05,1.877380329377245e-05,1.746539251525356e-05
2946.0,0.2249100523916576,0.0007474689074346138,0.0003011011624417134,0.0007262927883810958,1.756623696142301e-05,1.876137353887781e-05,1.745396127306893e-05
2947.0,0.2248944829173108,0.0007448987833137203,0.0003007153704190388,0.0007267625183311062,1.755642875551464e-05,1.874420710608844e-05,1.743870343402826e-05
2948.0,0.2245234054294583,0.0007517666098226924,0.0003007375796826703,0.000727271024075582,1.75447975604521e-05,1.872789757144405e-05,1.742080839333638e-05
2949.0,0.2243236118555854,0.0007502669427509906,0.0003002154522660708,0.0007277900169093894,1.753250122594461e-05,1.870783589962096e-05,1.740483852922658e-05
2950.0,0.2242588835507028,0.0007440791603088617,0.0002995733723628845,0.0007283503580338189,1.752263777911824e-05,1.868992888209415e-05,1.738857576189687e-05
2951.0,0.2242292717362594,0.0007355998545009581,0.0002989940677929968,0.0007288907829135112,1.751392511350877e-05,1.867398406340222e-05,1.737807654417075e-05
2952.0,0.2239555528193121,0.0007355556988041035,0.000298495368900745,0.0007294754926285775,1.75075303211742e-05,1.865899190357296e-05,1.736508376294087e-05
2953.0,0.2239235718724451,0.0007387095105574871,0.0002982006534658924,0.0007300861114215338,1.749864570977276e-05,1.864430593021268e-05,1.735584677716284e-05
2954.0,0.2240716860506178,0.0007666359580037108,0.0002981404507530346,0.0007307034685854783,1.749306372951094e-05,1.863228664533613e-05,1.734511313178159e-05
2955.0,0.2238475830934027,0.0007462580524032517,0.0002972833352972771,0.0007313232357274678,1.748305030858449e-05,1.861938982242469e-05,1.733495911642526e-05
2956.0,0.2235390380322925,0.000746234810848636,0.0002973903846330963,0.0007320257448078223,1.747107136069666e-05,1.859486840146422e-05,1.732729788312208e-05
2957.0,0.2232779420861202,0.0007287481352028518,0.0002966136586923599,0.0007327315409453204,1.746130983678385e-05,1.857131479659928e-05,1.731614462404082e-05
2958.0,0.2230899862992209,0.0007354392417521455,0.0002961784633026829,0.0007334795071444329,1.745164751938547e-05,1.855149287886552e-05,1.730350782316185e-05
2959.0,0.2230275223247238,0.0007251898067479725,0.0002955729366100161,0.0007341926787927852,1.744136373924952e-05,1.853113347296115e-05,1.729406159954313e-05
2960.0,0.222646183864863,0.0007298089486175288,0.0002952511739712865,0.0007349274557680684,1.743063258465159e-05,1.85156404813703e-05,1.728507195537782e-05
2961.0,0.2222360407160839,0.0007197415766708165,0.0002945579662912226,0.0007356409191389137,1.741339513654514e-05,1.849277351700517e-05,1.727160998229523e-05
2962.0,0.2221782019844148,0.0007153949955627141,0.0002941808356446998,0.0007363455761553045,1.739930943022799e-05,1.847393843094631e-05,1.726047886872397e-05
2963.0,0.2220234897154915,0.0007114522446417523,0.0002936482293766127,0.0007370412115743302,1.738961726031453e-05,1.845739334236112e-05,1.724923572114153e-05
2964.0,0.2218761239061325,0.0007119170289185656,0.000293264611203838,0.0007377005763517207,1.73806154292774e-05,1.844170283571856e-05,1.723876342992541e-05
2965.0,0.221757701899397,0.0007165006790784981,0.0002929701667211285,0.0007383143061646974,1.736877398189586e-05,1.842184210782006e-05,1.723256449277381e-05
2966.0,0.2218204641262412,0.0007160966963250599,0.0002925997822852307,0.000738929897963963,1.735926948419194e-05,1.840865668090578e-05,1.722196585891599e-05
2967.0,0.2215862689625596,0.0007027152733530492,0.0002920839235391516,0.0007395133719829331,1.734679453408416e-05,1.838496748123228e-05,1.721216961604826e-05
2968.0,0.221485187024703,0.0006989742981663161,0.0002915809664476127,0.000740042665106076,1.733238869213223e-05,1.836431612115514e-05,1.720124763371402e-05
2969.0,0.2215802930521606,0.0006946699153470363,0.0002910816672560219,0.000740497502377262,1.73169617723828e-05,1.835083649177894e-05,1.719008412184325e-05
2970.0,0.2212578617327192,0.0006877285342090053,0.0002906877560200591,0.0007409736517222711,1.730518049818699e-05,1.833803999634866e-05,1.718422120443608e-05
2971.0,0.2213705770096697,0.0006923931001931222,0.0002903496158979613,0.0007413895091909331,1.729435445489993e-05,1.831790382778911e-05,1.717739346133695e-05
2972.0,0.2212751468891662,0.0007045299874417604,0.0002901811688438877,0.0007417548261948573,1.728808527632781e-05,1.83038114612029e-05,1.717108800036655e-05
2973.0,0.2210551660925049,0.000697932758881697,0.0002897088993627829,0.0007420807037691831,1.72756780935441e-05,1.828459646315071e-05,1.716122566702909e-05
2974.0,0.2209900419138851,0.0007071122563397106,0.000289596425410476,0.0007423831090774336,1.726315522292573e-05,1.826782847687005e-05,1.715371967311776e-05
2975.0,0.2208312473494955,0.0006998362493551974,0.000289150648213629,0.0007426477712846672,1.724721554645827e-05,1.82518583265916e-05,1.714000764830218e-05
2976.0,0.2206839764954565,0.0007016853789514395,0.0002888655059430564,0.0007428692338892819,1.723295282749055e-05,1.824479380516188e-05,1.713184146302062e-05
2977.0,0.2205706914188884,0.0006989573629712525,0.0002885558667505228,0.0007430700477875139,1.721696482193755e-05,1.822707253252e-05,1.712068354326873e-05
2978.0,0.2204206537713535,0.000697587441691465,0.000288286937987597,0.0007432515430847872,1.720526003020412e-05,1.821553390473491e-05,1.711657174047855e-05
2979.0,0.2204088570616514,0.0006944122733924934,0.0002878633144960735,0.0007434534541642271,1.718934017767028e-05,1.820073201575991e-05,1.710631772996117e-05
2980.0,0.2201690685945458,0.000694195007512141,0.0002876423197856312,0.0007436270428270688,1.717812649658831e-05,1.818532031571424e-05,1.70987138298633e-05
2981.0,0.2198407940158006,0.0006827169826762423,0.0002872303691068334,0.000743782728169379,1.716400937113118e-05,1.816858248340234e-05,1.708456853159825e-05
2982.0,0.2198640636855359,0.0006828086390553804,0.00028697468278926,0.0007439347468731253,1.715116564670708e-05,1.815508058930799e-05,1.707455095867613e-05
2983.0,0.2197591641813363,0.0006831635443101968,0.0002867353620089957,0.0007440684567556687,1.713968551388195e-05,1.814233184844492e-05,1.706414835585991e-05
2984.0,0.2197323235183253,0.0006836057808816214,0.0002866636043325227,0.0007441885507118307,1.712818402606453e-05,1.813105767578031e-05,1.705467498551856e-05
2985.0,0.2194806909271672,0.0006936441765495159,0.0002865740431960356,0.0007443256982393836,1.711631443698093e-05,1.811840027716897e-05,1.704171939982734e-05
2986.0,0.2195569390074856,0.0006821600674244817,0.0002863038829061993,0.0007444757960421792,1.710728696882996e-05,1.811188955452685e-05,1.703411061378783e-05
2987.0,0.2195829657437733,0.0006819994315658853,0.000286076887116277,0.0007446364712130374,1.709654773549335e-05,1.810653082523705e-05,1.702433661893443e-05
2988.0,0.219437490291483,0.0006752680350785111,0.0002858601995600959,0.0007448139472959373,1.708271632315251e-05,1.809642384226391e-05,1.701531214454675e-05
2989.0,0.2194078723651364,0.0006778684108887927,0.0002856858789515828,0.0007449698232235966,1.707045501375043e-05,1.808354205385738e-05,1.700677938269587e-05
2990.0,0.2191645474045209,0.0006733519957851372,0.0002855184666443559,0.0007450969895761849,1.706310392763609e-05,1.80721293459869e-05,1.699872769013213e-05
2991.0,0.219213189793227,0.0006784806836135546,0.0002854982903953967,0.000745227878872227,1.705471614737774e-05,1.806300360838295e-05,1.699251242583581e-05
2992.0,0.2190136695987212,0.0006769146026875387,0.0002854240370343499,0.0007454124040475685,1.704764127796341e-05,1.805369586290293e-05,1.698749687586428e-05
2993.0,0.2188130778295615,0.0006749415993656552,0.0002853637665164304,0.0007456350212566778,1.703773965385158e-05,1.804084136196516e-05,1.697699922978359e-05
2994.0,0.2186994657436084,0.0006703014211802682,0.0002852551017122489,0.0007458268992714406,1.70272371315837e-05,1.803409235046937e-05,1.696193800967081e-05
2995.0,0.2184551378914341,0.0006800672131876627,0.0002853758707500698,0.0007460686095892449,1.702299011285936e-05,1.803146298754713e-05,1.695982307462236e-05
2996.0,0.2185208730436224,0.0006724568410530233,0.0002853029825031032,0.0007463370821099069,1.701545688971065e-05,1.802470701563055e-05,1.694941973178783e-05
2997.0,0.2182664080389424,0.0006769005074890309,0.0002853385744856028,0.000746642566290488,1.701004257291646e-05,1.801531117805757e-05,1.694175018986259e-05
2998.0,0.2183473700194846,0.0006651708834384951,0.0002852096405720242,0.0007469459388367968,1.700697900665666e-05,1.800774643150474e-05,1.693632791960066e-05
2999.0,0.2178081417351082,0.0006663687195581759,0.0002851469741921737,0.0007472583382967067,1.699900153594699e-05,1.799821499506624e-05,1.692886157935124e-05
3000.0,0.2177344690528336,0.0006624703009068301,0.0002850991041248476,0.0007475969330522598,1.699613161624948e-05,1.79972694933519e-05,1.692116909872301e-05
3001.0,0.2175883226147139,0.0006756485424710778,0.0002852927811592251,0.0007479277925915094,1.699397081278855e-05,1.798955048783548e-05,1.691668633773094e-05
3002.0,0.2177511598305099,0.0006693466572765847,0.0002851860628975599,0.0007482554117711966,1.698708316540187e-05,1.798557080364202e-05,1.690623751881e-05
3003.0,0.2176594353923021,0.0006752965953677105,0.0002852666532921732,0.0007485660207623255,1.698337680259672e-05,1.798292513864964e-05,1.690303159798631e-05
3004.0,0.2174737942088433,0.0006712516186287207,0.0002851722776030869,0.0007488861743207645,1.698188641652715e-05,1.798108742421961e-05,1.689636148476197e-05
3005.0,0.2173701966180087,0.000671997400086088,0.0002852122035285561,0.0007491955895517898,1.697908913799497e-05,1.797978056906865e-05,1.68868371681173e-05
3006.0,0.217373409077128,0.0006689681697720298,0.0002852325552115841,0.000749509150436175,1.697578583455954e-05,1.798041437266497e-05,1.688068249187e-05
3007.0,0.2174077439009252,0.00067348797226994,0.0002851059147578918,0.000749815911025525,1.697682361325597e-05,1.798125720577716e-05,1.688104660133712e-05
3008.0,0.2173856305411273,0.0006603193694738518,0.0002850359287767416,0.0007501097418650257,1.697305850527963e-05,1.797814360402613e-05,1.687565550480034e-05
3009.0,0.2171591138631301,0.0006495481399041901,0.0002847519457471811,0.0007503857450068321,1.696923128513164e-05,1.797399897898096e-05,1.686917618135816e-05
3010.0,0.2169700649756137,0.0006567227173592742,0.0002848534186146248,0.0007506699827195668,1.696787443608387e-05,1.797133207465248e-05,1.686597379953482e-05
3011.0,0.2167659608689761,0.000655434691882725,0.0002848260295787634,0.0007509213973252797,1.696643229762906e-05,1.797012165165557e-05,1.685919391752017e-05
3012.0,0.2168365593871005,0.0006465172336536493,0.0002847003091039642,0.0007511621175318226,1.696383041763441e-05,1.797080219284442e-05,1.685386457008131e-05
3013.0,0.2171466400192512,0.0006649689889126331,0.0002849353524501288,0.0007513897746701889,1.696397425691171e-05,1.797244177701321e-05,1.685180941565738e-05
3014.0,0.2172590952814913,0.0006597638531750932,0.0002847636162137369,0.0007516588585913535,1.69662458208984e-05,1.7973469314381e-05,1.685295484686278e-05
3015.0,0.2178052160315232,0.000670343658040091,0.0002850310828404271,0.0007519088112154368,1.697016906798103e-05,1.79761524182045e-05,1.68516570651145e-05
3016.0,0.2174141391903789,0.0006520068918395946,0.0002847702136187358,0.0007521421219366173,1.697261172421156e-05,1.798134772853019e-05,1.684905944992102e-05
3017.0,0.2171173547509304,0.0006544836466412512,0.0002848172324691329,0.0007523793820354073,1.697378668902258e-05,1.798098364761103e-05,1.684614951197637e-05
3018.0,0.2171492956162395,0.0006487946635420524,0.0002847591417857976,0.0007526364391785002,1.697280394602575e-05,1.798263161826018e-05,1.683970239615029e-05
3019.0,0.2172386321198202,0.0006595617298528893,0.0002848345302177819,0.0007529113745525578,1.697282738684338e-05,1.798237672068544e-05,1.683748752974944e-05
3020.0,0.2168991264986091,0.0006485264002332559,0.0002847856754774834,0.0007532280102791157,1.697021039405108e-05,1.798433304591459e-05,1.683193368192865e-05
3021.0,0.2166910625708084,0.0006500224983978238,0.0002847616198438562,0.0007535673855440268,1.696824017891743e-05,1.798239002315264e-05,1.682347196293514e-05
3022.0,0.2165655531918252,0.0006493167448482278,0.0002847439357065117,0.0007538945892227293,1.696796151921835e-05,1.798153208175986e-05,1.681625898668481e-05
3023.0,0.2165461118034152,0.0006458751757987632,0.0002847054799301578,0.0007542430549243419,1.696744970623228e-05,1.798035047437017e-05,1.680819729767587e-05
3024.0,0.216582723583784,0.0006477115976888441,0.0002847128765050336,0.0007546536490501152,1.696740616208159e-05,1.798033116592381e-05,1.680674360595702e-05
3025.0,0.2168695097309131,0.0006510660338862017,0.0002848272371458788,0.0007550640272719328,1.696888807416335e-05,1.798246573854541e-05,1.679902586129806e-05
3026.0,0.2166985996354893,0.0006364869822071221,0.0002847003913531858,0.0007554616763446504,1.697235745297879e-05,1.798543580554683e-05,1.679496760779165e-05
3027.0,0.2169236227681801,0.0006496802722939497,0.0002848876152545387,0.0007558858737829235,1.697819431904432e-05,1.798818370268544e-05,1.679589084650891e-05
3028.0,0.2169494959329175,0.0006462359232748304,0.0002848499166684818,0.0007563618616788246,1.698076852001601e-05,1.798870900530826e-05,1.679029524834018e-05
3029.0,0.2168614053801759,0.0006412006741385771,0.0002848330072036983,0.0007568653896666139,1.697981028040703e-05,1.798702721835109e-05,1.678250059394667e-05
3030.0,0.2171955097138709,0.0006419540447206698,0.0002850094844002694,0.0007573498776250639,1.698270540569584e-05,1.799255942633176e-05,1.67785121844797e-05
3031.0,0.2173102144233099,0.0006627653664881388,0.0002854012654287301,0.0007578544894183799,1.698657302821364e-05,1.799418473700576e-05,1.677736319701804e-05
3032.0,0.2173866635466211,0.0006519909218578489,0.0002852058340869083,0.0007583840097843763,1.69842752461513e-05,1.799561988480706e-05,1.677161583639079e-05
3033.0,0.2173073308591905,0.0006534727771511389,0.0002853304582000403,0.0007588926934121599,1.698400589424424e-05,1.800097681974665e-05,1.676228568641217e-05
3034.0,0.2171878510591017,0.0006477304787860234,0.0002853973931063066,0.0007594104762608078,1.698521138588627e-05,1.800370637602457e-05,1.67576326059879e-05
3035.0,0.2170594196273858,0.0006482185020277705,0.0002855763905113095,0.0007599092344549427,1.698471924019207e-05,1.800218066850496e-05,1.675184816269928e-05
3036.0,0.2169395607800342,0.0006497532518174702,0.000285762305146705,0.0007603874024403101,1.698553962029961e-05,1.800172160048037e-05,1.67469071336595e-05
3037.0,0.2171369993602052,0.0006456597867812376,0.0002857243266911129,0.0007608465698464985,1.69846507498815e-05,1.800210618722131e-05,1.674307267940816e-05
3038.0,0.2173513290007924,0.0006317630519145351,0.0002857292826379205,0.000761301032320425,1.698263670971613e-05,1.800395018631781e-05,1.673768237708658e-05
3039.0,0.2174014404497563,0.0006391862709350608,0.0002859541055060338,0.0007617297458699666,1.698144460026651e-05,1.80058321434681e-05,1.67354792240256e-05
3040.0,0.2172301942233096,0.0006367269472808729,0.0002859781597043842,0.0007621581686523808,1.697849483395998e-05,1.800839328108844e-05,1.672427827114851e-05
3041.0,0.2170658991299082,0.0006365879616441392,0.0002861123430857832,0.0007625408242280024,1.697475388156911e-05,1.800791971218488e-05,1.671464387224474e-05
3042.0,0.2169274526286427,0.0006384623564932869,0.0002862149910002312,0.000762887518380918,1.697175565640059e-05,1.800596227920655e-05,1.670865142341851e-05
3043.0,0.2167603638931065,0.0006438811666314881,0.000286360496227062,0.0007631765228749482,1.697080616176677e-05,1.800320438457755e-05,1.670382937244169e-05
3044.0,0.216844915474525,0.0006422625355096569,0.0002864299867373071,0.0007634313312153073,1.696948444510469e-05,1.800219494224691e-05,1.669842961359617e-05
3045.0,0.2166808835000367,0.0006345121794706581,0.0002865356756299815,0.0007636005808878877,1.696502442799076e-05,1.800066288574394e-05,1.669314327040229e-05
3046.0,0.2167749947282638,0.0006493740095468189,0.0002868884889565982,0.0007637698522401305,1.69631460798016e-05,1.800134853086527e-05,1.668762329506721e-05
3047.0,0.2172400710076441,0.0006499749897005669,0.0002870353173140727,0.0007638257174582994,1.695912595714886e-05,1.800394641937267e-05,1.66847725040207e-05
3048.0,0.2174619565147634,0.0006521604111290988,0.0002872774894321706,0.0007638400331580139,1.696377281385241e-05,1.801024017275665e-05,1.668817488743626e-05
3049.0,0.2176448319115841,0.0006471145675221098,0.0002873929549596204,0.0007638015549200288,1.69603673449348e-05,1.8006086168411e-05,1.669148784015599e-05
3050.0,0.2178026037246761,0.0006386518586781672,0.0002875274408841565,0.0007636872887789277,1.695414469778081e-05,1.801089804987451e-05,1.668987936158894e-05
3051.0,0.2176397162824262,0.0006440914124741527,0.000287829157595934,0.000763463001958857,1.694509082882649e-05,1.801437710867506e-05,1.668635979732548e-05
3052.0,0.2174601131115043,0.0006510379334219741,0.0002881273866056492,0.0007632075045810965,1.693603443722914e-05,1.801703825824664e-05,1.668547971345668e-05
3053.0,0.2175093492515834,0.0006555268536927252,0.0002885497483806936,0.000762903509321945,1.692695232842883e-05,1.801607578905034e-05,1.668358923645962e-05
3054.0,0.2173946832871023,0.0006584524773118298,0.0002886999058620777,0.000762603289279536,1.691801106512681e-05,1.80111071017963e-05,1.668400397534719e-05
3055.0,0.2172508996715741,0.0006589323741542381,0.0002888142368383953,0.0007622722154272395,1.690860630827258e-05,1.800490695600831e-05,1.668253550267232e-05
3056.0,0.2173002899702569,0.000656845907575709,0.000288943446530564,0.0007618804986164741,1.690124416569576e-05,1.800393493552947e-05,1.668195823188925e-05
3057.0,0.2172817479539184,0.0006620656152945284,0.0002892315682726434,0.0007614690308011974,1.689340672531407e-05,1.800452905064638e-05,1.66813874313471e-05
3058.0,0.2172085190269445,0.0006505601073147549,0.0002892810310999046,0.0007610386891342065,1.688415099313469e-05,1.800333541068429e-05,1.667679212859294e-05
3059.0,0.217158182070064,0.000651674767408656,0.0002894641051503891,0.0007606030641426262,1.688283124835867e-05,1.800460343421042e-05,1.667356709289564e-05
3060.0,0.2170053522387531,0.0006565746444377568,0.0002897696672166858,0.0007601302636321278,1.687188277015338e-05,1.800084838829025e-05,1.667202288808759e-05
3061.0,0.2169769972854337,0.0006569925320730722,0.0002899855516642037,0.0007596005411102796,1.68570550177738e-05,1.799538326020043e-05,1.666998013229893e-05
3062.0,0.2166112648163192,0.0006566296414698386,0.0002902379597239265,0.000759028460802791,1.684693627058905e-05,1.799451313514263e-05,1.666743513061024e-05
3063.0,0.21649325470311,0.0006583956529216617,0.0002905159562910644,0.0007584375770557048,1.683462775358266e-05,1.799050360629253e-05,1.66641073758663e-05
3064.0,0.2165637426031545,0.0006611523478767401,0.0002908693637037562,0.0007578571502147327,1.682587980699561e-05,1.798918665729903e-05,1.666161734547582e-05
3065.0,0.2164169704549021,0.000662062962963329,0.0002910793583230758,0.0007572807835265883,1.681507344502991e-05,1.798755272362137e-05,1.665854273485366e-05
3066.0,0.2164497361602965,0.0006678991571365363,0.0002914835720642508,0.0007567251227426187,1.680496640440672e-05,1.798427017059998e-05,1.66579493123294e-05
3067.0,0.216983113245243,0.000675958673109612,0.000291840794838998,0.0007561691183019869,1.680000960891471e-05,1.798486944389783e-05,1.665655658517861e-05
3068.0,0.2171022374959309,0.0006797913981511448,0.0002921884952454814,0.0007556373561139245,1.679906010609951e-05,1.798865701105205e-05,1.665942649849674e-05
3069.0,0.2171876099662332,0.0006839222512463449,0.0002925766130314479,0.0007551409110052617,1.679726497914887e-05,1.798893735541412e-05,1.666198595677491e-05
3070.0,0.2172955508872849,0.0006730091987726738,0.0002928660921143112,0.0007546112086748433,1.678204826529593e-05,1.798989561137163e-05,1.666081418883509e-05
3071.0,0.2170859317113419,0.0006969198815311374,0.0002936605756183437,0.0007540712000484488,1.676862877961582e-05,1.798923265321576e-05,1.666541110879637e-05
3072.0,0.2165192042962768,0.0006868479763719391,0.0002936701461334304,0.0007535604584264417,1.67542159378029e-05,1.79865757621058e-05,1.665629488765937e-05
3073.0,0.2162792438899676,0.0006851620066332338,0.0002940044958419735,0.0007530622095586697,1.674279220048052e-05,1.798301222924174e-05,1.665104917986811e-05
3074.0,0.2161621152799527,0.0006821522714933446,0.0002943952412347149,0.0007526128506708628,1.673220538636328e-05,1.797753852845423e-05,1.664748739169924e-05
3075.0,0.2159844197067245,0.0006892843893871086,0.0002946975486544044,0.0007521530198083693,1.672287845108965e-05,1.797148724957421e-05,1.66445201203064e-05
3076.0,0.2159472507929393,0.0006958414472254912,0.0002951555670917105,0.0007516908284698069,1.671674031583685e-05,1.796739003669475e-05,1.66438313551522e-05
3077.0,0.2160266492237063,0.0006966108885519117,0.000295478225730488,0.0007512247564588142,1.670977870030193e-05,1.796140247332982e-05,1.664030643944489e-05
3078.0,0.2162489285647954,0.0006965298054608621,0.0002957476381851757,0.000750784355303476,1.670562887929551e-05,1.796419424894492e-05,1.663975080033447e-05
3079.0,0.2161070773451895,0.0007063550712701624,0.0002962023689283178,0.000750368896401076,1.669833901489353e-05,1.796299645095623e-05,1.66380860440411e-05
3080.0,0.2160578692567412,0.0007033661289903961,0.0002963976416861386,0.0007499658823333496,1.668334862393931e-05,1.795697024586517e-05,1.663386929767078e-05
3081.0,0.2165242983298001,0.000715254222649506,0.0002969761855623313,0.0007494912538512638,1.667551503167563e-05,1.795911398199496e-05,1.662996641731796e-05
3082.0,0.2160263363946109,0.0007052960496861017,0.0002971476474771611,0.0007491201806176402,1.667579411366716e-05,1.795059104625562e-05,1.663009719409775e-05
3083.0,0.2162653458364555,0.0007015508098043731,0.0002972493931503627,0.0007487235437139204,1.666020818045426e-05,1.794714256201539e-05,1.662896582869195e-05
3084.0,0.215681512732617,0.0007062365470332135,0.0002976683100857933,0.00074834416796333,1.665457048824956e-05,1.79370056003244e-05,1.662377028332785e-05
3085.0,0.2156426562263057,0.0007218283082786693,0.0002980681627498303,0.0007479930930258607,1.664896306169694e-05,1.793514181011824e-05,1.66232159747676e-05
3086.0,0.2154369129747507,0.0007088862786129086,0.0002981074335663378,0.0007476231482888134,1.663432222998277e-05,1.792923553878699e-05,1.661867042893632e-05
3087.0,0.2152257853599222,0.0007012307590943936,0.0002981743173288765,0.0007472457593600925,1.662553035713681e-05,1.792109405475818e-05,1.66132661692841e-05
