iteration,continuity,epsilon,k,vf-phase-2,x-velocity,y-velocity,z-velocity
1.0,1.0,2538678.34372318,79.01768806866717,0.1415788697732967,0.001044229012849078,0.001449826172645518,0.001119444279384296
2.0,1.0,0.2789699181344822,0.1575066247715569,0.6006663545352506,0.0006935168875326625,0.0009168675770104989,0.000723662648478917
3.0,0.8727353726526333,1.03102533465492,0.1445322710778743,0.3003175375059008,0.0004545913029109669,0.0006208647530281862,0.0004647974352732315
4.0,0.6474237295347446,0.5323783266746392,0.1288781489225828,0.2002065316806282,0.0003581759436560936,0.0004921764866371253,0.000370199188621876
5.0,0.7679392432690562,0.3866286904679007,0.1173303995569035,0.1501537808709278,0.0003494940727714993,0.0004607141289730835,0.0003612243382105754
6.0,0.5639297590053497,0.3088644464658183,0.09394927779313454,0.1201239520511966,0.0003002958205235083,0.0003919105719120086,0.0003133000206445768
7.0,0.6897092556396144,0.7233496306142806,0.07836701217492877,0.1001044985436544,0.0002937596329094287,0.000344034289689892,0.0003097585422050492
8.0,0.4958501706205697,0.8438629474669185,0.07237122519972373,0.08580525555417264,0.0002566601098517529,0.0002854158377907387,0.0002757565085626167
9.0,0.4239570100041131,0.4094380526482495,0.06233227159694098,0.0750813717267077,0.0002397687023453795,0.0002530254207216357,0.0002611836872347373
10.0,0.4608475085049759,0.3723434892656898,0.05651748420532789,0.06674084269141808,0.0002379854222725044,0.0002359672514935318,0.0002608209537598946
11.0,0.3634017555252395,0.2922523503408165,0.04743440289644044,0.06007138985731978,0.00022134351050828,0.0002095049418306521,0.0002449449529582143
12.0,0.3650061524183686,0.2464356606121658,0.03868475298465911,0.05461344106262039,0.000214627682718002,0.000195780225328727,0.0002409381625415719
13.0,0.3167891743224602,0.2151308397281229,0.03267886387478086,0.05006305059284641,0.0002041127882187355,0.0001811118613310603,0.000232190012460847
14.0,0.3268737821217165,0.2028674302441747,0.02810710395140244,0.04621278633981028,0.0002012214812511633,0.0001742198104802483,0.0002286986664568936
15.0,0.3026714028554434,0.1714791482279999,0.02493254079065765,0.04291312172939614,0.0001937765496106466,0.0001640005797594496,0.0002232158474198218
16.0,0.3320683312932622,0.1140253896284534,0.02169601389063332,0.04005369802450776,0.000194217478492287,0.0001631224986334174,0.0002269430636917656
17.0,0.3078505762939536,0.08758179675539095,0.01914527343026486,0.03755200756253067,0.0001862725750332866,0.0001541443303038939,0.0002215165235050205
18.0,0.3179664214249715,0.07491559483309794,0.01735420292005389,0.03534492096440189,0.0001859825054943761,0.0001536386735090791,0.0002220228886054269
19.0,0.3387197900906763,0.06671707772256076,0.01595621302657994,0.03338300429857333,0.0001859322842762544,0.0001530294361800657,0.0002256151001420588
20.0,0.3236845208573939,0.07408144854149032,0.01478312957705707,0.03162732271701212,0.0001816619149309319,0.0001481384527730818,0.0002237721600145972
21.0,0.356835306027284,0.06475219965311362,0.01378404189748269,0.03004712025793051,0.0001858894337881295,0.0001529900690072963,0.0002289692634359882
22.0,0.3430551632658757,0.06745405921817234,0.01309652353749012,0.02861764003103457,0.0001822545187766261,0.000148413377310471,0.0002276134197734229
23.0,0.409282657643947,0.05084874784653547,0.0122947508313837,0.02731821699171761,0.0001898308609885415,0.000157855240943868,0.0002381732800818189
24.0,0.3717343898563053,0.04424520589819943,0.01161059725385378,0.02613197872955607,0.0001864791656760943,0.0001542448200858604,0.0002386970962950776
25.0,0.4071231741563875,0.04246488130988194,0.01108043780997338,0.02504451944425061,0.0001918069069761922,0.0001617448675129678,0.0002477504190614289
26.0,0.3907100325533415,0.03795911566372108,0.01060387047227371,0.02404396229989517,0.0001898818172482759,0.0001583763245266671,0.0002489808043427896
27.0,0.4540417036935004,0.03376458721382988,0.01014403487281696,0.02312037174246602,0.0001974800134851823,0.000170230903321135,0.0002619395988085138
28.0,0.4187248358171546,0.03106921041666393,0.009733829657903611,0.02226521187318423,0.0001952484980115381,0.000166177680591283,0.0002625999898796577
29.0,0.4596578968029122,0.129099919497817,0.009420464276134088,0.02147110227340773,0.0001992927027462843,0.0001737755503737866,0.000269244602173108
30.0,0.4409448692087027,35.40251856167772,0.02231051110331049,0.02073180275851642,0.0001977271456148284,0.0001721309420105976,0.0002697129715595717
31.0,0.5327125794205659,0.5051776956904726,0.1420806097683017,0.02004186867963782,0.0002046417085275091,0.000185986596864919,0.0002832038215499306
32.0,0.473770107297637,0.6072495609009353,0.03264959983257464,0.01939648008935729,0.0002004481818163766,0.0001818738916443546,0.0002832875559402238
33.0,0.4901856270653726,0.3168296807838701,0.01510301404988945,0.01879142210013279,0.0002004283609982839,0.0001856998666909702,0.0002852034457072583
34.0,0.497679244160952,0.1171837089783864,0.01036137445474382,0.01822299748020108,0.0001985768774268346,0.0001876713154880236,0.0002845285709167447
35.0,0.5037962420973731,0.06761422651461131,0.009253013326477513,0.017687984061653,0.0001958297723205337,0.0001892525791192643,0.000282138939750124
36.0,0.5127191906554205,0.04461156867902441,0.008484028447135616,0.01718355567798968,0.0001933210453798613,0.0001910327347077498,0.0002795703261959052
37.0,0.5141569930248702,0.03264469090362659,0.008040274209693804,0.01670709876947553,0.0001899212576546129,0.0001918759140871344,0.0002761877932767455
38.0,0.517178635149202,0.02760837911468676,0.007775204301031438,0.01625640507632066,0.000186610526785916,0.000192409594816559,0.000271702055935784
39.0,0.5144511060562844,0.02433169642266125,0.007546208154292583,0.0158294095042466,0.0001829692342437931,0.000192567096825824,0.000267178279595158
40.0,0.5164414258582882,0.02273203863819716,0.007390577903263419,0.0154242749431135,0.0001793399176249886,0.0001927264287044769,0.0002627216937975222
41.0,0.5112348320395481,0.02125160689178458,0.007252352767019478,0.01503938166307483,0.0001750980055142548,0.0001922212099727961,0.0002588132087043059
42.0,0.5106064287521601,0.01982456428073669,0.007130405963794812,0.01467329578465208,0.0001707228440326646,0.0001911100129146564,0.0002542158999426056
43.0,0.5109179709168499,0.0189595666741854,0.007043438495316331,0.01432460731044936,0.0001669975968739991,0.0001899270577455094,0.0002504096920962166
44.0,0.510792757302333,0.01822415573866107,0.006988388052378737,0.01399213986079314,0.0001630831639490907,0.0001887110364894199,0.0002456765051336541
45.0,0.5061101331498055,0.01819702032234828,0.006963399590752118,0.0136747457082916,0.0001591483366301087,0.0001873714052187494,0.0002404817202054443
46.0,0.5069746106208742,0.01759680938080214,0.006944490921066417,0.01337143252412139,0.0001553139024061046,0.0001860819960049672,0.0002356312762614464
47.0,0.5107550678216077,0.01777120316264622,0.006942651209758429,0.01308128966928019,0.0001520352045552047,0.0001851528821396784,0.0002308305401205833
48.0,0.5091951004356526,0.01772060950151188,0.006952416885075717,0.01280347229754973,0.0001490584746252578,0.0001842260732775232,0.0002261342880551721
49.0,0.5095577707373071,0.01802266500259182,0.006965045224810085,0.01253723767578967,0.0001462942588346613,0.0001832921935638436,0.0002219183734450804
50.0,0.5108314225465502,0.01844828464905523,0.006991586404564949,0.01228185128614805,0.0001441143296184184,0.0001822478755881602,0.0002178301200196232
51.0,0.5147905420619735,0.01859283894080239,0.007007945588475162,0.01203666951523759,0.0001423315960099063,0.0001815279821682248,0.0002140783824641712
52.0,0.5172963396732814,0.01906965589785579,0.007025850917808369,0.01180110366250228,0.0001409411508658624,0.0001807895132233014,0.0002105374739623751
53.0,0.5197052330903689,0.0189473302016627,0.007030277954466552,0.01157457353519437,0.000139983054075997,0.0001803134255193568,0.0002075471849324893
54.0,0.5245957307245049,0.01846780301214317,0.007034819495618817,0.01135658743374773,0.0001391533583893123,0.000179932830911324,0.0002046379359468454
55.0,0.5266988431007584,0.01803900743176432,0.007038376905344198,0.01114665416514194,0.0001379956927058052,0.0001787403548954824,0.0002021921330333098
56.0,0.5580498827923637,0.0177319898158593,0.007037194626888318,0.01094433587890914,0.0001392600969604173,0.0001799104964836386,0.0001979806565625599
57.0,0.546707848210371,0.01704675127204082,0.007032494683170922,0.01074923686072273,0.0001379617982815432,0.0001784797028063165,0.0001962851009959766
58.0,0.5710914231997185,0.01698743010235004,0.007033272700267918,0.01056097201204202,0.0001389867630277197,0.0001793150970599494,0.0001930871377134337
59.0,0.5641686125897301,0.01663984050025128,0.007035111646416561,0.0103791969790068,0.0001381850102367981,0.0001780413875290606,0.0001920401554318671
60.0,0.5911279874983161,0.01611548173094031,0.007034629050256586,0.01020356509085357,0.000139515340964825,0.0001789982979668692,0.0001892738125809205
61.0,0.5865335218765331,0.01587431592654897,0.007041914658959528,0.01003377406990909,0.0001387661692108146,0.000177892676819863,0.0001884968887317161
62.0,0.6124207640350631,0.01526528267712927,0.007042590896939121,0.00986953331497507,0.000140169277897515,0.0001789080845998156,0.0001860409822635359
63.0,0.6057782810179049,0.01490329869981206,0.007050461769218415,0.009710593640151333,0.0001395889682493937,0.0001775133698795878,0.0001854232567982316
64.0,0.6325352627823375,0.01468537741326734,0.007063889634320746,0.00955668337999253,0.0001411320144680562,0.0001781629324733941,0.000183126383178167
65.0,0.626807509961201,0.01442214316669621,0.007084819253681825,0.009407592772213574,0.000140906889075465,0.0001767932942993925,0.0001826829564840982
66.0,0.6542358918260882,0.01422361429948753,0.007105497525055389,0.009263084986224692,0.0001426063003085359,0.0001774887517973142,0.0001807022620875197
67.0,0.6483931589645064,0.01417902285920102,0.007141079225644554,0.009122950964261646,0.0001427404962202539,0.000176257131061861,0.0001804922306350371
68.0,0.6763798972435525,0.01473002759835835,0.00717996768590994,0.008987008580976579,0.0001444773726179355,0.000177056803652119,0.0001788406486571053
69.0,0.6722074664369763,0.01459125715190194,0.007218094271661459,0.008855083954496992,0.0001444734118233292,0.0001756725779827533,0.0001787889861496722
70.0,0.6994704867048581,0.01514063721142435,0.007262709537290465,0.008726979421539442,0.0001461900390008247,0.0001762888635946675,0.0001773015053858238
71.0,0.6935673587200477,0.01522463147092497,0.007304117187594267,0.008602521085593126,0.0001465536566296952,0.0001752521906014083,0.0001771658398840825
72.0,0.718485551847634,0.01543039605394666,0.007344041139900167,0.008481569563021246,0.0001482765676191142,0.0001763018971243263,0.0001759216937394083
73.0,0.7155218699437033,0.01536170823065683,0.007384709218362502,0.008363983843438847,0.0001485647713698124,0.0001753747455156463,0.0001757515577313364
74.0,0.7398799939602374,0.01565015652261364,0.00741489972436526,0.00824961212386101,0.0001501797692824691,0.0001763104035123277,0.0001748434688640849
75.0,0.7350637232178812,0.01597954719371788,0.007450462894508552,0.008138322035302717,0.0001505241141765498,0.0001753537757268813,0.000174707868125497
76.0,0.757386993293852,0.01635754734784465,0.007481893734544776,0.008029978810591802,0.00015215294125183,0.0001762850467742897,0.0001737346752883888
77.0,0.7511689965056896,0.01682314782230877,0.007509758546264313,0.00792447796850964,0.0001523253418817257,0.0001754934480927256,0.0001735715554499189
78.0,0.7700100701280019,0.01667959577764394,0.007529856315040159,0.00782171288319819,0.0001538976222226182,0.0001763704177732466,0.0001729167735402476
79.0,0.7649190006608356,0.01691264723855269,0.007554823829288885,0.007721603159499614,0.0001539600206528518,0.000175710844206873,0.0001727231877285439
80.0,0.7816992050055254,0.0168955345409531,0.00757876060657307,0.007624019695354036,0.0001550527916675762,0.0001761899915399773,0.0001723420483522891
81.0,0.7754886578067931,0.01719870530888015,0.007600418446594078,0.007528904544614053,0.0001549181685524391,0.0001754342351710046,0.000172019898338154
82.0,0.7917286672940663,0.01742047125692637,0.007634430430415323,0.007436113871298797,0.000155852945916618,0.0001757644632233563,0.0001714897754282561
83.0,0.7855898981729341,0.01755511792946627,0.007663993732121722,0.007345578618030513,0.0001555670332414591,0.0001749539117593761,0.0001713320369823004
84.0,0.7944089454088131,0.01753985974131355,0.007699859367952858,0.007257206594281954,0.0001557408697624976,0.0001743867471373944,0.0001711962009919576
85.0,0.8136415555505352,0.01758481764137186,0.007746116913818642,0.007170938953135624,0.0001568254770686359,0.00017480947182468,0.0001716454410694178
86.0,0.8028570284643736,0.01771659813215768,0.00780388391411587,0.007086718875616475,0.0001562090644315045,0.0001737098642441851,0.0001713089654018084
87.0,0.810609139231551,0.01784920556546433,0.007862619746608753,0.007004477658514247,0.0001561782847905394,0.0001728142106806381,0.0001713288753840122
88.0,0.8261124164699496,0.01795669148327491,0.007914493233757315,0.006924160103577293,0.0001572427273136706,0.0001726753964707694,0.0001717227300184233
89.0,0.8193166085031585,0.01817452927797445,0.007965224596161866,0.006845671559032415,0.0001565868332397654,0.0001716225538723468,0.0001714786681432754
90.0,0.8280295086390504,0.01831388690703513,0.008005715785252715,0.006768940796193192,0.000156493903280516,0.0001707043245416907,0.0001716187300528286
91.0,0.8360799148709109,0.01827437217378078,0.008035785462066522,0.006693903343845694,0.0001565790351037478,0.0001699823841330118,0.0001716842494635125
92.0,0.8402326815308103,0.01841128773514644,0.008046780968440682,0.006620510965752919,0.0001568654319576541,0.0001692645985852267,0.0001716862805730267
93.0,0.8467574677485096,0.01862003019821905,0.008054828086307465,0.006548744011352502,0.0001570160406773009,0.0001684750092709076,0.0001716441581511141
94.0,0.8535958927902422,0.018463233348268,0.008056932237313226,0.006478492375456071,0.0001571956807174909,0.0001676995655662326,0.0001716631587514099
95.0,0.858557001041604,0.01901643797514796,0.008049566917034397,0.006409698459596523,0.0001573232351511457,0.0001668055730938038,0.000171657485094947
96.0,0.8631161911072942,0.01867826251775056,0.008034267930363199,0.00634235124015261,0.0001574080103039955,0.0001657776517148514,0.0001717083706446026
97.0,0.8678213321369793,0.01821497699284571,0.008013417989965311,0.006276430521316136,0.0001575093847056238,0.0001648464270324715,0.0001715899758331
98.0,0.8725431431664102,0.01778221839432302,0.007983578524147663,0.006211860725754573,0.000157503907512537,0.0001637842735481019,0.0001715157485670665
99.0,0.8763755781567136,0.01757797879501978,0.007954952365716491,0.006148604130393778,0.000157406716472882,0.0001627799298350889,0.0001714676206987147
100.0,0.8826562363329267,0.01737542156515052,0.007916405859642293,0.006086634539177903,0.0001572636721015043,0.0001617335465840329,0.0001714146087923369
101.0,0.8871733555931302,0.01723719539757308,0.007876071956388817,0.006025911832213606,0.0001571041521572856,0.0001606549141060384,0.000171167974933159
102.0,0.889889509136996,0.01677847526447638,0.007824923905011348,0.005966378007579193,0.0001567920931395947,0.0001595705276933527,0.0001708627555284225
103.0,0.8924786478065622,0.01655496908416986,0.007772283187485456,0.005908001670958622,0.0001563589853204569,0.0001584268014164482,0.0001705161863540647
104.0,0.893358971356945,0.01619737341707768,0.007705784246251948,0.005850754705078888,0.0001558132338837503,0.0001573438479315499,0.0001700505200050931
105.0,0.8951132893129984,0.01588136332097081,0.007638778133429173,0.005794624505282072,0.0001551121067229972,0.0001563026471823115,0.0001695188634338421
106.0,0.8976565844332605,0.01552559308004921,0.007567224554610675,0.005739577993970053,0.0001544075409580091,0.0001553764701093463,0.0001691340350803456
107.0,0.8991701562749164,0.01519279393552274,0.0074995931340314,0.00568559777151917,0.0001536033732834082,0.0001543881576386896,0.0001685263037476274
108.0,0.8970698793787341,0.01500685455832005,0.007436481880883273,0.005632649464895602,0.0001527893524174979,0.0001532938069935381,0.0001677259699973676
109.0,0.8948522491147036,0.01471656100242033,0.007377148872947947,0.005580665704867202,0.0001519217719052652,0.000152126409193953,0.000166944405738176
110.0,0.891151045464351,0.01436960087386376,0.007311402001024835,0.005529644010622788,0.0001510712238978788,0.0001509671395775717,0.0001662038976699472
111.0,0.8872673286956235,0.01417139970687312,0.007251106063755243,0.005479540300353503,0.0001500937630017303,0.0001498286808662926,0.0001653792104765063
112.0,0.8828915704942447,0.01389858315950943,0.007191138581924585,0.005430338219666699,0.0001491390801861096,0.0001487324502349874,0.000164464263104828
113.0,0.8781300913803693,0.01374845001746134,0.007135132980272406,0.005382026293800816,0.0001481294030495415,0.0001475768528185948,0.0001634710380902513
114.0,0.8738289229841956,0.01369290138509533,0.007094152147521718,0.005334572471152469,0.0001471470382677272,0.0001466447806332471,0.0001626576770855555
115.0,0.869369256505777,0.01366638758302449,0.007070037846138966,0.005287940216027256,0.000146191609706696,0.0001457074338535171,0.0001617350677340149
116.0,0.862289889231321,0.01371088700773086,0.007058034972791937,0.005242112729773061,0.0001452727524850266,0.0001448720029216379,0.0001608257410259894
117.0,0.8555794174390778,0.01373346805972993,0.007051229678123553,0.005197077047092073,0.0001443425369312035,0.0001439307703936499,0.0001599449337350412
118.0,0.8503044973447209,0.01378245602287526,0.007050924444403108,0.005152825040421364,0.0001434890912972388,0.0001430146834528054,0.0001590677587521727
119.0,0.8440489670521033,0.01384065130102102,0.007047432073032021,0.005109307002890588,0.0001426118538397137,0.0001420341226583494,0.0001581080191488303
120.0,0.8373732000056128,0.01396982721716915,0.007040689159897841,0.005066522567313296,0.0001417627077260598,0.0001410584846814992,0.0001571759633688152
121.0,0.8292539914937823,0.0140290458814873,0.007026673196087747,0.005024468423933673,0.0001409111109560924,0.0001400754544183482,0.0001562276047040523
122.0,0.8232547598085624,0.01408651005832242,0.007007383810492891,0.004983112942687365,0.0001400997277811162,0.0001391119237348779,0.0001552794584682536
123.0,0.8172469459437288,0.01407805674001602,0.006980751425086311,0.004942439182643862,0.0001392617091951745,0.0001381213904240514,0.000154438528219774
124.0,0.8114737064648404,0.01397824902672845,0.006949480925272013,0.004902438947189914,0.0001383644845245317,0.000137200342189458,0.0001535943016784898
125.0,0.8057875029475673,0.01390019017709484,0.00690591909409816,0.004863078685676373,0.000137486678943984,0.0001361570951779176,0.0001527349072055393
126.0,0.8012104798821953,0.01388662722227821,0.006861842169037523,0.004824343882304643,0.0001365598957287738,0.0001352425647374357,0.0001519789648645765
127.0,0.7958876028475406,0.01374425838492013,0.006810224610880108,0.004786208076984387,0.0001355627523564477,0.0001343694024763826,0.0001511903599013356
128.0,0.7897936818596449,0.01357958793055159,0.006755610062003559,0.00474869017590684,0.0001345666948212258,0.0001334490945485756,0.0001504681642762385
129.0,0.7842332159008046,0.01338293097742056,0.006697476161697678,0.004711757090911367,0.000133548371727439,0.0001325795967656659,0.0001497341010921866
130.0,0.7802903062103191,0.013279290220707,0.006640831792505283,0.004675382953636295,0.0001325207035953528,0.0001316690372143273,0.0001489853748486219
131.0,0.7751637701871106,0.01314367198453573,0.006584886219737589,0.00463957224077446,0.0001314569625785191,0.0001307866680260343,0.0001482845642168945
132.0,0.7698119608402313,0.0130754113200501,0.006526104327125457,0.004604312315850924,0.0001304778274894307,0.0001298434571880312,0.0001476655620216616
133.0,0.7650123155145108,0.01293517460899739,0.00646878569841988,0.004569574279359184,0.0001294305052311362,0.000128963442463682,0.0001470209567032127
134.0,0.7609108170365106,0.01265212924528319,0.00641263538281313,0.004535349459998692,0.0001284952654085471,0.000128127798832822,0.0001463924541810328
135.0,0.7564223486970636,0.01253927222581401,0.006360484708989617,0.004501656241931663,0.0001274705154883218,0.0001273192962439422,0.000145800536441011
136.0,0.7520373167982145,0.01256600012362329,0.006311834112675607,0.004468459526144841,0.000126513944642452,0.0001266026568257865,0.0001452181102064541
137.0,0.747616915721259,0.01241800808768292,0.006264975317160612,0.004435779653838053,0.0001255527150198098,0.000125874237103889,0.000144622880124282
138.0,0.7433882066626301,0.01235311263280643,0.006221051559847634,0.004403574847538767,0.0001246270253477869,0.0001252343839035586,0.0001440661934831922
139.0,0.7406873105364021,0.01210092151104184,0.006174020188137183,0.004371847615118728,0.0001237436523996507,0.000124585787409424,0.0001435209726456151
140.0,0.7370284966154804,0.01218357978621016,0.006129872445976308,0.004340567869239489,0.0001228601459113357,0.0001240675192727184,0.0001429586535532025
141.0,0.7342918579296075,0.01215183666379125,0.00608503609455136,0.00430978854803335,0.0001220599609241539,0.0001235386878030473,0.0001424226687955473
142.0,0.7311349862320726,0.01209059748979457,0.006041714646777647,0.004279469820376049,0.0001212666761311489,0.0001229599047756353,0.0001419329125428388
143.0,0.728788958917858,0.01207258579258386,0.00599831447124809,0.004249530764297349,0.0001205140976180019,0.0001224564521238948,0.0001414268921175048
144.0,0.7273853241991372,0.01203380734403786,0.005956474931184301,0.004219982582037716,0.0001198541196507174,0.0001219432714394706,0.0001409269503942444
145.0,0.7251331300770678,0.012005062470224,0.005914260493688967,0.004190846601095034,0.0001192568716449797,0.0001214066538712642,0.0001404150877922356
146.0,0.7212250889659682,0.01190923716004738,0.005869986845151291,0.004162141820584436,0.0001186539538975076,0.0001209357396688802,0.0001398313644543155
147.0,0.7170339904404263,0.01181928163327401,0.005825050335087957,0.004133820788375627,0.0001181120670276491,0.0001204506550106505,0.0001392536123037333
148.0,0.7133651277318115,0.01153202606952854,0.005780883423771871,0.004105888646523244,0.0001175438207315096,0.0001199711808045081,0.0001387641429049069
149.0,0.7104328047102495,0.01136887477477889,0.005737191306638541,0.004078302881920274,0.0001169554588399884,0.0001195581211867256,0.0001381897770126824
150.0,0.7083684847525862,0.01140001774576742,0.005691650563669531,0.004051095825088111,0.0001164444671526219,0.0001191445752499758,0.0001376046815795296
151.0,0.7066695317820197,0.01135115237229098,0.005645853645687697,0.004024238209928825,0.0001159936543758405,0.0001186831096367876,0.0001370163629499732
152.0,0.7048735108598044,0.01141681262335659,0.005601060487674113,0.003997735174205149,0.0001155226015250133,0.0001182608876346768,0.0001364550605483069
153.0,0.7032730898138926,0.0116330153417759,0.005555099418853218,0.003971579534664683,0.0001150521895262483,0.0001178898773261901,0.0001358750094915236
154.0,0.7009733287100455,0.01144204679722103,0.005511177353056025,0.003945743673092765,0.0001146866414742857,0.0001175577036472941,0.0001353385055208641
155.0,0.6993148746899414,0.01146111582328578,0.005468412280751121,0.003920308402460919,0.0001142880251156046,0.0001172201785693513,0.0001348266933646673
156.0,0.6986195994130369,0.01148090426664307,0.005422377348004637,0.003895218870472808,0.0001138600708896426,0.0001169008671173237,0.0001343709608633149
157.0,0.6977018906208496,0.01123859161076388,0.005374133328640296,0.003870417276743202,0.0001135049245434082,0.0001166392800824246,0.0001339339708677471
158.0,0.6962844611655657,0.01107529131979189,0.005326122089751414,0.003845973524150043,0.0001130727622565308,0.0001164109578199382,0.0001335655300162983
159.0,0.6954999400934814,0.01084372949944784,0.005278353592898936,0.003821818282400078,0.0001126632792266607,0.0001162055608951826,0.0001332090228710569
160.0,0.6947126362289062,0.01076121688638439,0.005232131246405597,0.003797967910440452,0.0001122554067286584,0.0001159849592497378,0.0001329441558777174
161.0,0.6923547268527125,0.01078822854567143,0.005190665186290907,0.00377439782996039,0.000111918502692603,0.0001157570811712705,0.0001327133945295063
162.0,0.6905257262471258,0.01090021039366385,0.005151835701645399,0.003751137700649396,0.000111607512866681,0.0001155436287339554,0.000132510059144665
163.0,0.689578745814675,0.01078140099793337,0.005115948897511395,0.003728166683740403,0.0001112564048903818,0.0001153159755573941,0.0001322895621484911
164.0,0.6895609148968844,0.01072568750938189,0.005081386968030023,0.003705490915223777,0.0001109571170639051,0.0001151303523892717,0.0001321436630090887
165.0,0.6880230360623847,0.01101646954622423,0.005049373052187351,0.003683101440191005,0.0001106570676855665,0.0001149653736820215,0.0001320356812941854
166.0,0.6880579709219417,0.01108174386769435,0.005018381220752244,0.003660958911744845,0.0001104840102717414,0.0001147560840996889,0.0001319419566084185
167.0,0.6879623580262215,0.01101727817015631,0.004989808779557098,0.003639111325959421,0.0001102526362287095,0.00011458093553953,0.0001318534012630074
168.0,0.6878832595359194,0.01095182899987848,0.004960740808283503,0.003617526951793401,0.0001100877546662904,0.0001144247294229728,0.0001317780530607007
169.0,0.6888381193577546,0.01098650092899193,0.004934795791411252,0.003596219228766686,0.0001100230872845318,0.0001143032214232137,0.0001316958888036406
170.0,0.6900613980414642,0.01082655640291832,0.004908126400596568,0.003575176784311545,0.0001099573240142632,0.0001141616055497637,0.0001316332960831576
171.0,0.6910098119908132,0.0107404163416283,0.004881263449299179,0.003554375735464591,0.0001099738335891804,0.0001140698814844483,0.0001316155408144165
172.0,0.6920773497081221,0.01071406606425635,0.004857038466462624,0.003533782157851459,0.0001100104258355165,0.0001140286921146469,0.0001316119190275322
173.0,0.6936947313873245,0.01077939294908214,0.004831565902639882,0.003513384821363772,0.0001100381031186091,0.0001139950924826919,0.0001315648473754348
174.0,0.695519248637432,0.01091762134382103,0.004806382209212269,0.003493229389378705,0.0001101384339873909,0.0001139775161016892,0.0001315009921649133
175.0,0.6962949681964329,0.01073509641763555,0.004778541337122234,0.003473356952265046,0.0001102837510546395,0.0001139820230207331,0.000131428542097323
176.0,0.6969556333578395,0.01077510174753993,0.004751049727162384,0.003453673726349258,0.0001104280265498254,0.000113990775146062,0.0001314051420550494
177.0,0.6975301949564766,0.01087040730839398,0.004723883360091113,0.003434194760857848,0.0001105729897942633,0.0001140674069130728,0.0001313847159259686
178.0,0.698962185411286,0.0108213122520968,0.004698400509188317,0.003414989250958552,0.0001107724083114763,0.0001141445021805096,0.0001313933037689942
179.0,0.6997193795627362,0.01082469880058113,0.004671105227147172,0.00339599707810608,0.0001109650599683024,0.0001142240724351634,0.0001313407913510977
180.0,0.6996690641403774,0.01116176773863379,0.004647501752659226,0.003377263479157597,0.0001111180349099064,0.000114373284229486,0.0001312969007192912
181.0,0.7004950588287536,0.0114210174181424,0.004624382965578422,0.003358737011895194,0.0001113327074158166,0.0001144995795282512,0.0001312938976332903
182.0,0.7010522887324344,0.01112685943117795,0.004598115515398205,0.003340389272833736,0.0001115809593646386,0.0001146536257342334,0.0001313033367738689
183.0,0.7015460695574074,0.01113121849113573,0.004573869002671139,0.003322243838332418,0.000111749539151965,0.000114810045168994,0.0001312890963230769
184.0,0.7011561332966783,0.01082971727532849,0.004549612665728594,0.003304262383704681,0.0001119653366236437,0.0001149406691435283,0.0001312601663853156
185.0,0.7017184034630671,0.01099754742475591,0.004529803181567745,0.003286477889180367,0.0001121653017865001,0.0001150808085085135,0.0001312166704994461
186.0,0.7015336639117394,0.01091489661893728,0.004508697954195309,0.003268863108467866,0.000112369381152847,0.0001152281240406361,0.0001311699728662946
187.0,0.7014875153011298,0.01111387808632482,0.004491072026147263,0.003251382744829963,0.0001125664384257183,0.0001153650680666029,0.0001311076952392756
188.0,0.70154239413928,0.0119145154520315,0.0044793881280354,0.003234057026678678,0.0001126956248360012,0.0001155371587429557,0.0001310504545515337
189.0,0.701090197845032,0.01169286338116875,0.004462090197245351,0.003216940390700152,0.0001129514329808371,0.000115704311785618,0.0001309374368952112
190.0,0.7008054577730161,0.01170378898312821,0.004443601015704613,0.003199995668788961,0.000113198290000776,0.0001158412057556573,0.0001307923258687739
191.0,0.7004741690644645,0.01130483685250486,0.004424696101907444,0.003183287201929678,0.0001134117934797346,0.0001159678033990089,0.0001306420719009395
192.0,0.699839777640525,0.01156290958825183,0.004409843948815644,0.003166800741383035,0.0001135683801240526,0.0001160631004779598,0.0001304756136705029
193.0,0.7006195424897664,0.01174122180186445,0.00439120661895654,0.003150452844220849,0.0001137722431391197,0.0001161653372099721,0.0001302732403546088
194.0,0.7004666893369028,0.01190501545148124,0.004373488084136503,0.003134287706294183,0.0001139253342374921,0.0001162406886171591,0.0001300538254043211
195.0,0.7004277153253182,0.01237561145551129,0.00435763157019847,0.003118282966260755,0.000114130374404505,0.0001163457771972674,0.0001298455419951811
196.0,0.7001290565481343,0.01247693488531698,0.004338409569449109,0.00310243900908941,0.0001143614732673986,0.0001164101394609425,0.0001296037092765059
197.0,0.6999064109193649,0.01192024223180192,0.004318069786082263,0.003086808439988797,0.0001145213427201945,0.000116404499702594,0.0001293249934565162
198.0,0.6997798915469612,0.01172496505199704,0.004297147845267124,0.003071346854163911,0.0001146568708094624,0.0001163895458553603,0.0001290483050119014
199.0,0.699324802614068,0.01166220242703323,0.004275916526311104,0.003056053033341236,0.0001148531597349443,0.0001163760230710001,0.000128724937686296
200.0,0.6987486212461546,0.01236528023998742,0.004260674313487401,0.003040851371871111,0.0001149931924928937,0.0001163315102607653,0.0001283951347899484
201.0,0.6974382328002356,0.01194611706672865,0.004242326905351648,0.003025825543579622,0.0001150888636112097,0.0001162757242664093,0.0001280524115193032
202.0,0.6966746898840158,0.01210915957582577,0.004224747533171557,0.00301094294551553,0.0001151711525239479,0.0001162244483080354,0.0001277355033435744
203.0,0.6957246143114796,0.01241290709480911,0.004208585436053266,0.002996190544888943,0.0001153014010300751,0.0001161508709983132,0.0001274365271865955
204.0,0.6949113488569325,0.01188315454624209,0.004188997854568137,0.002981600898008856,0.0001154506941095458,0.0001160455471403281,0.000127062995829267
205.0,0.6942345221550974,0.01176218524561115,0.004172840087344793,0.002967135157280922,0.0001155042347228465,0.0001159785923470276,0.0001267327997045922
206.0,0.6939885634557349,0.0116524818091953,0.004156641073247238,0.002952774642138169,0.000115582633104991,0.0001158899380709249,0.0001263576152085212
207.0,0.6937707724836251,0.01214341064367312,0.004142570894842864,0.002938565191482818,0.0001156428502047154,0.0001158200872123107,0.0001260530002000556
208.0,0.6932872656277593,0.01172654849192661,0.004125945857211722,0.00292451163040193,0.0001157158051348184,0.0001157147647898041,0.0001257511511049401
209.0,0.6931552589986174,0.01129694631484376,0.004109109831957161,0.00291059946857725,0.0001157717439748266,0.0001156266781539188,0.0001254898046588395
210.0,0.692797269330215,0.01167245994238246,0.004095696545398156,0.002896846940879087,0.000115882580321474,0.0001155447287097524,0.0001251707018621822
211.0,0.6921990390565667,0.01147200213498128,0.00408021883416662,0.002883150678223235,0.0001159041487268151,0.0001154709391890676,0.000124826672847236
212.0,0.6909921808841394,0.01142062500775752,0.004065006358262657,0.002869609791049857,0.0001159050853612004,0.0001154198514403083,0.0001245658551727705
213.0,0.690689299499732,0.01164478078773119,0.004052415281119986,0.002856177003726393,0.0001159374829080624,0.0001153294582171236,0.0001242469952027475
214.0,0.6910076117722872,0.01182161802498821,0.004039363723255298,0.002842837472732274,0.0001159392445127129,0.0001153328102764274,0.000123978785821191
215.0,0.6909152113231083,0.01223404946467244,0.004027703358110932,0.002829621352863314,0.000115914044851518,0.0001153258635339923,0.0001237039397862173
216.0,0.6914210361779015,0.01271397901968667,0.004017357132675001,0.00281650266872652,0.0001159168127526683,0.0001153193096657862,0.0001234619641962158
217.0,0.6916815082363267,0.0120783191513954,0.004004427374335835,0.002803509355093134,0.0001158915454399773,0.000115305872723827,0.000123206015358228
218.0,0.6922742872721853,0.01236226008341851,0.003992753834945965,0.002790634234552563,0.0001158812083342709,0.0001153274435153663,0.0001229321283320905
219.0,0.6922405487362209,0.01254625670543453,0.003977159642172081,0.002777880416512201,0.000115820807422545,0.0001153231847074033,0.0001226812906759071
220.0,0.6910590168705751,0.01248777284546633,0.003965848413784561,0.002765309832227579,0.0001157672998716708,0.0001153490193145715,0.0001224886724602626
221.0,0.690929205231,0.01176648769905359,0.003949101170059607,0.002752822452754103,0.0001156603626509308,0.0001153652958267865,0.0001223051761836175
222.0,0.691619354360598,0.01187048400703871,0.003933248859691957,0.002740444420666538,0.0001155729168741769,0.0001153804013373531,0.0001220647190528764
223.0,0.6911527734454499,0.01242475272730807,0.003922607055001747,0.002728169252158712,0.0001155173596146616,0.0001154544514010589,0.0001218282937100684
224.0,0.6908087774078101,0.0118845177590953,0.00390745764868736,0.002716024640638737,0.0001154543561697096,0.0001155369770913031,0.0001216095989683457
225.0,0.6905986356229199,0.01184747709587939,0.003890750359018267,0.00270408198684439,0.0001153687277051605,0.0001155539257774701,0.0001214679649628165
226.0,0.691850765314223,0.01140238433507018,0.00387206716061983,0.002692283781494284,0.0001152061765543439,0.000115583899120853,0.0001212592651894855
227.0,0.6919210048403603,0.01105306535675617,0.003857922042159694,0.002680561295184562,0.0001151028713905481,0.000115642637081859,0.0001210765981332115
228.0,0.6926997450922895,0.01261522336373457,0.003845004327755332,0.002668915871210811,0.0001150215467118182,0.0001157812007743751,0.0001209562217097839
229.0,0.6935794086553909,0.01195951163723056,0.003827120597546346,0.002657342373473058,0.0001149597509015189,0.0001158770944656125,0.0001208216024787479
230.0,0.6947078439300675,0.01237008248125989,0.003813649988629866,0.002645829646365184,0.0001148715118421201,0.0001159991942460399,0.0001206324620060711
231.0,0.697130277327773,0.01176128135109813,0.003797610462006157,0.002634405379861916,0.0001147932013255513,0.0001160664439503861,0.0001204688142832758
232.0,0.6990570110849875,0.01118138773454746,0.003781776133708867,0.00262313280672563,0.0001147140808616953,0.000116110328458312,0.0001203285826523778
233.0,0.7003858300498413,0.01093072643065487,0.003767271151382649,0.002611948034076696,0.000114674189965755,0.000116109087796073,0.0001201543603613744
234.0,0.7024573708346025,0.01052290014018527,0.003754660496835889,0.002600836433378523,0.0001146859327475418,0.0001161304740085519,0.0001199485360675046
235.0,0.7036943241501384,0.01019125425271284,0.003741255460650599,0.002589786122474852,0.0001147034765510439,0.0001161757769505018,0.0001197274334767216
236.0,0.7048494109948884,0.01030501681296258,0.003728385165764368,0.0025788382619872,0.0001146566856384241,0.0001161357800121415,0.0001195504833885499
237.0,0.7060785346398851,0.01021143996848481,0.003715814428110483,0.002567998480551165,0.0001147040646318458,0.0001160771341919597,0.0001193330192099732
238.0,0.7071098687703951,0.01280035258116526,0.003710024905807771,0.002557244046433741,0.000114641747607409,0.0001159754532977748,0.0001191183489209449
239.0,0.7076126288296104,0.01137395734972735,0.003694707426649368,0.00254659846891666,0.0001145940392578224,0.0001158764493849845,0.0001188540123067206
240.0,0.7078329513073022,0.01236849703200353,0.00368105519022215,0.002536033335081348,0.0001145761554910082,0.0001157841431572381,0.0001185437565202832
241.0,0.707434291322298,0.01028658573551768,0.003660945728624198,0.002525576211012705,0.0001145265486824919,0.000115623371628206,0.0001182766220355792
242.0,0.7070603863496333,0.0111289324126399,0.003648031438718092,0.00251522513862883,0.0001144508471432959,0.000115461054845068,0.000118032347211486
243.0,0.7055916441559323,0.01066149636408523,0.003631065387649189,0.002504966723266791,0.0001143788650788293,0.0001152661515975876,0.0001177116065477956
244.0,0.7040137185697971,0.0102213570873108,0.003612368404964817,0.002494791633254901,0.0001142761695463483,0.0001150677576172195,0.0001173521731773884
245.0,0.7029932676538562,0.01021963531341968,0.0035979636192775,0.002484670591367696,0.0001141649382966143,0.0001148555455187725,0.0001170241256403077
246.0,0.7032531468031166,0.01013915772620491,0.003582200533169917,0.002474603175854141,0.0001140410597542664,0.0001146475521026409,0.0001166834079980582
247.0,0.7025105547121666,0.01084582591954673,0.003569953456571455,0.002464641435775125,0.0001139251028757812,0.0001144653166175428,0.0001163691670204753
248.0,0.7016284845204844,0.01002736632468023,0.00355446636748842,0.002454704120803746,0.000113807500066385,0.0001142512289207008,0.0001160119609491641
249.0,0.70074026211318,0.01011117967752688,0.003541184817364457,0.002444856211251561,0.0001136527462094929,0.0001140691087768809,0.0001156340900307297
250.0,0.6992333079732178,0.01011306624336459,0.003527614238908646,0.002435107556896255,0.0001135110897366579,0.0001139020841743544,0.0001152859387784988
251.0,0.6980876982510869,0.01065955432988148,0.003513691298338486,0.002425432620948525,0.0001133437986893178,0.0001137246361612072,0.0001149420940850218
252.0,0.6973944691754803,0.01183922125110455,0.00350265851582064,0.002415821854823128,0.0001132183975883182,0.0001135395641233578,0.0001145752179155109
253.0,0.6971479321291119,0.01807906853636958,0.003493958075113078,0.002406284164703388,0.0001129851179736277,0.0001133649776045487,0.0001142144049060655
254.0,0.695213921115319,0.01709738190914676,0.00349111563497163,0.002396868362559661,0.0001127908417544999,0.0001132428847968281,0.0001138506997606842
255.0,0.6952251531301084,0.01364568977503865,0.003478187881827847,0.00238753777534657,0.0001126221840024532,0.0001129999190039745,0.0001134744564587922
256.0,0.6926222182472781,0.01045185918527408,0.003454222614710139,0.00237825316921667,0.000112386357255915,0.0001128334386924598,0.0001131073640767856
257.0,0.6910365433953938,0.009547025472132197,0.003441722233141641,0.002369033611356184,0.0001121482878190032,0.0001126615845284697,0.0001127429151276188
258.0,0.6898850807235223,0.009552345882522633,0.003431673671749814,0.002359919077448171,0.0001118927607567055,0.0001124942622693025,0.0001124166498061755
259.0,0.6880824006843093,0.009534634588383358,0.003422487877413427,0.002350835467465137,0.0001116614931702664,0.0001123772604773272,0.0001120255169002379
260.0,0.6873523110386546,0.00948549359656984,0.003411839834914432,0.002341835171783629,0.000111375623562481,0.0001122823887111622,0.0001116754789411629
261.0,0.6862151876432686,0.00941889049288225,0.00340286669220771,0.002332900194530264,0.0001111069471695858,0.0001122714705969725,0.0001112953782704889
262.0,0.685331067217258,0.009045144304941263,0.003394529320408362,0.00232399561846871,0.0001108509360940253,0.0001122305222024816,0.0001109429555698395
263.0,0.6851805056906445,0.009667372446508234,0.003388900342432063,0.002315210912850771,0.0001105793150203773,0.0001121910469097283,0.0001106139883246739
264.0,0.6837538731865421,0.00922195934230997,0.003381604328867192,0.002306499532608001,0.000110296787147918,0.0001122568433265319,0.000110286107023679
265.0,0.6827597314651515,0.00934367199515801,0.003374747892752914,0.002297843647991368,0.0001100033059638463,0.0001122774977610112,0.0001099232380682205
266.0,0.6817626011433989,0.00881643617755973,0.00336777023159082,0.002289240494159688,0.0001097303735311946,0.0001122948484909832,0.0001095717144485921
267.0,0.6812463408982055,0.009157254074569663,0.003365334184082386,0.002280715418264629,0.0001094795422441262,0.0001123048984910323,0.000109233782118295
268.0,0.6807717463618239,0.00971042306772331,0.003363796294581412,0.002272241266576814,0.0001092474525922425,0.0001123697607737407,0.0001089380971158997
269.0,0.6802233593210681,0.01000812393773044,0.003362891050604252,0.002263835868810611,0.0001090415464553202,0.0001124278433800453,0.0001086739961594265
270.0,0.6800879886551396,0.0104381277747579,0.003361803762359686,0.002255491778841,0.0001087783773898656,0.000112471161124211,0.000108439053053071
271.0,0.6790539516381321,0.01021453048754526,0.003359606193766007,0.002247197012313008,0.0001085271819346877,0.0001125826581618365,0.000108186769773618
272.0,0.679075335114374,0.01007763951052125,0.003356629124973525,0.002238923678031472,0.0001082561652312213,0.0001126103059216749,0.0001079953517201456
273.0,0.6778531522299268,0.009936374695038797,0.003355026025709469,0.002230709706291997,0.0001080308313646238,0.0001127058972144279,0.0001078042575183308
274.0,0.6769428013675938,0.009479661666547689,0.003351045505893495,0.002222566957637636,0.000107763443715926,0.0001127665271440654,0.0001076284648479946
275.0,0.6766107296907808,0.01029495362182096,0.003351965812726319,0.002214489865350302,0.0001074931526167169,0.0001128286047442821,0.0001074284048853769
276.0,0.6764194694596974,0.01014210400098226,0.003349344174890235,0.002206455198009853,0.0001072420722745945,0.0001128870117318628,0.0001072695780347405
277.0,0.6766080745379998,0.00964549508009479,0.003344910108922189,0.002198449257837095,0.0001069828646541788,0.0001129452003110826,0.0001070937155556944
278.0,0.6767851324740327,0.01279007039692144,0.003347914516588874,0.002190529551999617,0.0001067133075026403,0.0001130055267191316,0.0001069274721724742
279.0,0.6762779931791324,0.01162158585638646,0.003345611585653018,0.00218267606382475,0.000106499240997015,0.0001130938053437008,0.0001067847973291473
280.0,0.6759703130756861,0.0121994420644238,0.003344335071495163,0.002174870644697113,0.0001062981722161445,0.0001131653439917922,0.0001066541428539053
281.0,0.6756763318343298,0.01126424606788132,0.003343662879383725,0.002167121339375507,0.0001060577851164399,0.0001131995481614978,0.0001065124498068661
282.0,0.6758161210102079,0.01025335215803332,0.00333645781735457,0.002159446686849485,0.0001058361152027313,0.0001132325948010783,0.0001063586321365989
283.0,0.6758693071253545,0.01054337784950933,0.003331563746195139,0.002151801068486174,0.0001056375959699848,0.0001132775642964133,0.0001062562809815772
284.0,0.6753948599616955,0.009921678383713417,0.003324895248500969,0.002144189678041395,0.000105446994793382,0.0001133344568004006,0.0001061868675728711
285.0,0.675011284685868,0.009934364200691355,0.003320698790098904,0.002136645098313433,0.0001052631077080687,0.000113405728215692,0.0001061302527614862
286.0,0.6748747385347987,0.009377103959109807,0.003313800015101376,0.002129161352287226,0.0001050574945682074,0.0001134979077557074,0.000106055985958893
287.0,0.6756860535810243,0.009477549707724672,0.003307127422816007,0.002121718882569301,0.0001048653426368709,0.0001136167141612861,0.0001060468414023423
288.0,0.6764136759292882,0.009024182866057967,0.0032987685404873,0.002114315799098937,0.0001047201338994575,0.0001136685940232628,0.0001059893552467384
289.0,0.6765678686042533,0.00884333171150397,0.003290837556654675,0.002106943253837109,0.0001045196309437253,0.0001137175501372642,0.0001059171840809789
290.0,0.6769381511230296,0.00859780058429582,0.003281743147175132,0.002099627377281064,0.0001043349444170102,0.0001138165452179056,0.000105910980874515
291.0,0.67699125785731,0.008940370804214127,0.003274308045754,0.002092381936231312,0.0001042095807932123,0.0001138407755108347,0.0001059029661965985
292.0,0.6770312856243801,0.008607834749301182,0.003266432110359609,0.002085197441699084,0.0001040772967909607,0.0001138839966953271,0.0001058817227956593
293.0,0.6764378090021759,0.008867398426725112,0.003259902055900034,0.002078051620062703,0.0001039209734994756,0.0001139323496328538,0.0001058247250282125
294.0,0.6757318547153113,0.008457000229379995,0.003248563257125836,0.002070949481327793,0.0001037611947955713,0.0001140004637586983,0.0001057921169902406
295.0,0.6760392372262691,0.008330052788520852,0.003242161880644583,0.002063900971749498,0.0001035613096514377,0.0001140341452673829,0.000105775304036299
296.0,0.677139803269459,0.00801466868471843,0.003236210361130427,0.002056906287336879,0.0001034151382333311,0.0001140968849817361,0.0001057506683818359
297.0,0.6770043979200445,0.009221852126766327,0.003233305910443856,0.002049947433791754,0.0001032955386726727,0.000114226978252812,0.0001057529983476337
298.0,0.6769453344163868,0.008178306921126251,0.003228180754360947,0.002043047090794958,0.000103113594851614,0.0001143371778021031,0.0001057763310866815
299.0,0.6768663221105199,0.008271797175818338,0.003226176336031682,0.002036193492920637,0.0001029295719357005,0.0001144849136832951,0.0001057604639155863
300.0,0.6775659796451271,0.00804611182642396,0.003220725412890139,0.002029397965688889,0.0001027445747746596,0.0001145352465764456,0.0001057436808831768
301.0,0.6784530505340179,0.007721712192760469,0.003217521458919217,0.002022633775639635,0.0001025781196191889,0.0001146602295266935,0.000105736117777028
302.0,0.67880893044122,0.007547627704107157,0.003211882899621972,0.002015922831525159,0.000102415338967543,0.0001147942682275598,0.0001057168897136957
303.0,0.6793367109426981,0.007764857205355722,0.003209409968087074,0.002009259911721057,0.0001022751203453519,0.0001149172509090649,0.0001057153559657025
304.0,0.6801517894608674,0.007565506667468124,0.003205590552741226,0.002002619990122796,0.0001021265004515226,0.000115019565167318,0.0001057297186901163
305.0,0.6806943737660296,0.007538367657120498,0.003203407111982599,0.001996037324543169,0.0001019607416474138,0.0001151654935341724,0.0001057178862296866
306.0,0.6815255629742819,0.007694379677045097,0.003200541469420684,0.001989473392367211,0.0001017842810920143,0.0001152688407500222,0.0001057415345135647
307.0,0.6811059662812623,0.007374468092540237,0.003195440535541758,0.001982947778078757,0.0001016242816467244,0.0001153701589702005,0.0001057485569866513
308.0,0.6816682022865223,0.00723961988723574,0.003191621135498519,0.001976471962059314,0.0001014408931731301,0.0001154947239046832,0.0001057663139845911
309.0,0.6821306689711509,0.007087428380659657,0.003188431183363481,0.001970035929266858,0.0001012704079381572,0.0001155747921242392,0.0001057827511849969
310.0,0.6834709682734067,0.007283785462897917,0.003186099466168998,0.001963641719275447,0.0001011442577673645,0.000115718536336274,0.0001058251428148619
311.0,0.6833067456109493,0.007232582925575874,0.003185653830609757,0.001957281725551855,0.000100990040689819,0.0001158610521132857,0.0001058764450594938
312.0,0.6837879452017316,0.007297964022573931,0.003184913815960848,0.001950967084140229,0.0001008558019510202,0.0001159427879210434,0.0001058877392302564
313.0,0.6845875608831681,0.007383855139473436,0.003183275790345176,0.001944677019481845,0.0001007407389458596,0.0001160343959435081,0.0001059051732918122
314.0,0.6842517282474376,0.007191854590829744,0.003181839722920548,0.001938423737743078,0.0001006369859984704,0.0001161264775791727,0.0001059157564389214
315.0,0.6851470529188585,0.007168300398010063,0.003181113313794419,0.001932222567233727,0.0001005015619837107,0.0001162349913442239,0.0001059531432110418
316.0,0.6848994174972369,0.007103073684932092,0.003180571333409087,0.00192604367197228,0.0001003764184329495,0.0001163375313807246,0.0001060167148626521
317.0,0.685294270319785,0.007054875861648037,0.003178440107738292,0.001919928732912647,0.0001002456187741715,0.0001164531753295091,0.0001060734312684175
318.0,0.6866577375842834,0.007105227913736026,0.003177366952385941,0.001913836433366447,0.0001001468623692823,0.0001165016596319901,0.0001060497003682591
319.0,0.6875248766772247,0.00706059012207128,0.003175325820136111,0.00190775916853248,0.0001000647193230308,0.0001165656639783735,0.0001060593283194597
320.0,0.6885355793745944,0.007026413429784668,0.003173651498544833,0.001901730308024344,9.99941575348433e-05,0.0001165928280348388,0.0001060656740070376
321.0,0.6880469456287136,0.007015597800267222,0.003171196761477401,0.001895727259928307,9.988175490575825e-05,0.0001166702903121122,0.0001060701376876742
322.0,0.6883960960102504,0.007156394882713276,0.003169225873242003,0.001889764770454909,9.980270345684986e-05,0.0001166971354872102,0.0001060654793085636
323.0,0.6880003494284653,0.00729301941666794,0.003166820810338012,0.001883824581971913,9.969200553966139e-05,0.0001167543472557003,0.0001060692721543476
324.0,0.687681077937283,0.007419589906607045,0.003166444968405909,0.001877901850691857,9.960086092427833e-05,0.000116792654418619,0.000106021860935193
325.0,0.6884849935504818,0.007191103436277316,0.00316337576676407,0.001872021000740749,9.949392157426646e-05,0.000116829325647228,0.0001059838761664887
326.0,0.6893056197678611,0.007059591643824871,0.003161054102540658,0.001866181554040906,9.94149527205665e-05,0.0001168642946427443,0.0001059330394152286
327.0,0.6890427176210706,0.007164938213334506,0.003158371577141984,0.001860377095098805,9.934491062272496e-05,0.0001168158042852826,0.0001058495522161068
328.0,0.6882913782643466,0.006997823338253463,0.003155283695329386,0.001854628556176657,9.924445279823632e-05,0.0001168259604216872,0.0001057926765904049
329.0,0.6878478050726583,0.006960517139687727,0.003152340447770455,0.001848910041095605,9.916178905782417e-05,0.0001167859306903069,0.0001057267164922262
330.0,0.6869200633735486,0.006915075593542822,0.003150350677335955,0.001843224335679155,9.907773033472564e-05,0.0001168245014951709,0.0001056312902386974
331.0,0.6868077944977706,0.006915783413913853,0.00314765336895835,0.001837591206735289,9.904375758301522e-05,0.0001167294070422279,0.0001054927184720837
332.0,0.6877716151806385,0.006893344986504346,0.003143720599042888,0.001831987083168718,9.896798862891729e-05,0.0001167046154080167,0.0001053979389701784
333.0,0.6870733241153468,0.006888716704877909,0.003139467933045767,0.00182641582230188,9.890356729913844e-05,0.0001166055696756996,0.000105282149233384
334.0,0.6867462936833919,0.0071251451959461,0.003136395446064423,0.001820861909783293,9.879713314408375e-05,0.0001164934331241665,0.0001051144002085234
335.0,0.68525208730772,0.006959810104778255,0.003131706123821658,0.001815332799616267,9.869514852509079e-05,0.000116413251908423,0.0001049077544038191
336.0,0.6841936839923227,0.006858076714691831,0.003126325783322881,0.001809824815174781,9.855312423192309e-05,0.000116279863267026,0.0001046821274337285
337.0,0.6849160746382527,0.006739470625261322,0.003121347351502893,0.001804345033229581,9.844121161072019e-05,0.0001160794493076573,0.0001044432751590574
338.0,0.6842255911147239,0.006748790816956758,0.003116617152646739,0.001798907979213215,9.830866446736903e-05,0.000115851474339016,0.0001042116314547531
339.0,0.683382423331369,0.007020475593781429,0.003112488357715751,0.001793498713150109,9.817312321607363e-05,0.0001156466189955492,0.0001039852355612912
340.0,0.6823896045683091,0.006820015115909539,0.003107425629159753,0.001788143667456684,9.802203667198331e-05,0.0001154832560764717,0.0001037610603090628
341.0,0.6814000736812107,0.006889582976269944,0.003102673468870037,0.001782821337407856,9.783604441040648e-05,0.0001152942847502039,0.0001035631715383751
342.0,0.6799872745844892,0.006751625895315081,0.003098222828893112,0.001777542037336311,9.763845951539895e-05,0.0001150814413707482,0.0001033098949923207
343.0,0.6795902325039376,0.006731312019417652,0.003093397996183391,0.001772301670746909,9.748850362764051e-05,0.0001148473428535429,0.00010303390988117
344.0,0.6786119147582522,0.006758105951740041,0.003089720968863059,0.001767056719294329,9.730290869919349e-05,0.0001145649264024518,0.000102762561617789
345.0,0.6772751205350521,0.006773876382199903,0.003084399005312888,0.001761891840177511,9.709120992182684e-05,0.0001142583977406165,0.0001025073780804678
346.0,0.6769721080120854,0.006715265700515683,0.00307926255266022,0.001756744199079622,9.692840234968173e-05,0.0001139536142185511,0.0001022351933489177
347.0,0.6766365663623932,0.006685281740867759,0.003074339325857753,0.001751662032122076,9.675795723251357e-05,0.0001136976385332103,0.0001019525891363866
348.0,0.6759171483813166,0.006579524680377516,0.003069141562162779,0.001746620864366042,9.655968418513588e-05,0.0001134156837310879,0.0001017095106414772
349.0,0.6748811543284149,0.006593518250301511,0.003064248118825362,0.001741671484555533,9.630754350943544e-05,0.0001131145749800011,0.0001014128535471594
350.0,0.6730994914458948,0.006523425291628232,0.003059287739076973,0.001736785326528939,9.609383856634377e-05,0.0001127823778100986,0.0001010922249068123
351.0,0.6726543765029869,0.006736760642008363,0.003055151434074141,0.00173192991647381,9.588502483091931e-05,0.0001124540772466925,0.0001007874571151062
352.0,0.6712040918284343,0.006666441496504871,0.003051115318560711,0.001727131980525519,9.564793182996761e-05,0.0001121532136727979,0.0001005830907453872
353.0,0.6696672502001476,0.006735171947185682,0.003046232665385997,0.001722379431954146,9.544162037456558e-05,0.0001118376956594826,0.0001003651696704287
354.0,0.6682992983593727,0.006808960545399206,0.003041074631829794,0.001717683009011156,9.53066344892659e-05,0.000111516883504103,0.000100114619972854
355.0,0.6666130641151731,0.006770137954134665,0.003035709644395973,0.001713066041687396,9.515490907325826e-05,0.0001111410166424682,9.985222370889652e-05
356.0,0.6657323370568071,0.006648593345117131,0.00303075467059029,0.001708546050746628,9.496057489702256e-05,0.0001107571934648922,9.957790287583649e-05
357.0,0.6652659350710111,0.006628445030420433,0.003025977752777599,0.001704032272181895,9.480064745334213e-05,0.0001104277742529619,9.93101755377417e-05
358.0,0.6629397961565472,0.006595719315490511,0.003017843971580504,0.001699605561190039,9.460256570895955e-05,0.0001101167735309466,9.907007113168157e-05
359.0,0.661658178818524,0.006664538511337303,0.003011352189829461,0.001695181501735655,9.444048702399845e-05,0.0001097075865381392,9.883298000556185e-05
360.0,0.6618107525031165,0.0066150144359353,0.003004645246595173,0.00169084013329771,9.427522055452152e-05,0.0001093040245519086,9.853869828713062e-05
361.0,0.6608991379612957,0.006698479510105861,0.002997737619502576,0.001686549498843426,9.406336045170003e-05,0.0001089313927493809,9.825641112435724e-05
362.0,0.6590165581670376,0.006704418577892855,0.002988713229333372,0.00168225286809803,9.386252785745064e-05,0.0001085314043195552,9.797717318916719e-05
363.0,0.6570638994831737,0.006835859300369369,0.00297972457728282,0.001677981658578184,9.363670606434033e-05,0.0001081316963792805,9.769643955122347e-05
364.0,0.6546969617793714,0.006828131354326285,0.00297118242842184,0.001673738995439427,9.344935963969544e-05,0.0001077276136632874,9.739535063770438e-05
365.0,0.6535755312013409,0.006824198577100207,0.002960716282864423,0.001669528343799251,9.325880676087736e-05,0.0001073268559824555,9.71120328298059e-05
366.0,0.6518161158504197,0.006866272999230742,0.002949205554700148,0.00166534715941688,9.312281183466825e-05,0.0001069764797295675,9.679431426293619e-05
367.0,0.6506150339565718,0.006925095235143593,0.002939364205276635,0.001661236596330454,9.294911599234955e-05,0.0001065976284298261,9.648684628938454e-05
368.0,0.649287434729447,0.006977961841829129,0.002929379192847823,0.001657190880149162,9.273707525913828e-05,0.0001061992613632509,9.615625052745001e-05
369.0,0.6482188382496838,0.006962079426233552,0.002919860352694033,0.001653193160421936,9.256183068145785e-05,0.0001057921980619696,9.584807488095167e-05
370.0,0.646856300980497,0.006787854400127935,0.002908287932733659,0.001649265041407213,9.23896796502999e-05,0.0001053893786899227,9.555514842923916e-05
371.0,0.6448557836925678,0.006704884681644956,0.002897896157172737,0.001645430146120163,9.215412838585106e-05,0.0001049825774922368,9.519819679858717e-05
372.0,0.6440727324607519,0.006711864896640108,0.002888869795932524,0.00164169462099076,9.194838838954203e-05,0.0001045708411913056,9.483606769768459e-05
373.0,0.6426891560204353,0.006556953197205284,0.002878300814620541,0.001638044704790084,9.178390749879524e-05,0.0001042159764105114,9.451780351450777e-05
374.0,0.6408367640365331,0.006694268596346797,0.002868929752363233,0.001634483048863801,9.156804525366873e-05,0.0001038200925581506,9.416909902662159e-05
375.0,0.6385025808693743,0.006617427117112091,0.002857981258358843,0.001631045591228316,9.134985043309417e-05,0.000103470867498925,9.38165659774881e-05
376.0,0.6375822874399247,0.006647818520934132,0.002847228854304832,0.001627678242163608,9.113847190932169e-05,0.0001031069506761211,9.345051493051414e-05
377.0,0.6369622474305425,0.006675677628117308,0.002835498072555759,0.001624415510116458,9.09754669504711e-05,0.0001027725117045511,9.310412429535749e-05
378.0,0.6357163595678648,0.006553961111905281,0.002824810293960355,0.001621253972855594,9.079343135980688e-05,0.0001024616025029644,9.27582361228759e-05
379.0,0.634714992198685,0.006352346756835634,0.002813509581951909,0.001618129661313052,9.062480086638751e-05,0.0001021350911355029,9.244911493890543e-05
380.0,0.6337652362547742,0.006534844027216825,0.002804306062042689,0.00161505448369178,9.044153344594148e-05,0.0001017653222275305,9.212187376213722e-05
381.0,0.6326297936651941,0.006488575160395241,0.002794791028925193,0.001612023759360654,9.03069465270626e-05,0.0001014066561197065,9.183151016368691e-05
382.0,0.6320086554580031,0.006555066768794994,0.002785935647433751,0.00160906384904218,9.012196965638093e-05,0.0001010766461045013,9.152524267536403e-05
383.0,0.6290014380369233,0.006467033725229548,0.002776313556138996,0.00160615845908655,8.99506788389253e-05,0.0001007087228605882,9.124331794217804e-05
384.0,0.627227184423681,0.006472759033433254,0.002767545329066797,0.001603277980144856,8.974115468782376e-05,0.0001003927731304874,9.095012942203612e-05
385.0,0.6269267404924677,0.006461789075453488,0.002760258115527056,0.001600462415351852,8.954249154514232e-05,0.0001000843182960261,9.065722922843252e-05
386.0,0.6257447781390222,0.006358732990624801,0.002751762269891387,0.001597702498066216,8.940622605664301e-05,9.975292200769425e-05,9.039301299431514e-05
387.0,0.6249489231849481,0.006428249000376832,0.002743815036907309,0.001594994949351558,8.931118091954614e-05,9.945516355956828e-05,9.015043221976797e-05
388.0,0.623567554733658,0.006346979791975676,0.002736061454762365,0.001592310447441763,8.920348311084298e-05,9.919105531949637e-05,8.992585225753366e-05
389.0,0.6225420468218291,0.006274678746124801,0.002728608815648772,0.001589651698939866,8.907720544822208e-05,9.886761812223127e-05,8.971758033078172e-05
390.0,0.6215968538535706,0.006381880243416608,0.002723315194543166,0.001587041177690185,8.892715289332575e-05,9.855784046880661e-05,8.946788005556557e-05
391.0,0.6215131845467472,0.006344596996297801,0.002716829166452641,0.001584521095910459,8.883445658603581e-05,9.830507649215749e-05,8.926485987357533e-05
392.0,0.6207850100898532,0.006229012341861426,0.002708377238172622,0.001582078588913025,8.873627122196524e-05,9.8066278396072e-05,8.90711095518012e-05
393.0,0.6196361022175318,0.00608323426510995,0.002700596345305307,0.001579685471027471,8.866154315926372e-05,9.7832845915695e-05,8.887625780168371e-05
394.0,0.6187474083300022,0.006113619003340991,0.00269406654154517,0.001577364493240039,8.855912746168886e-05,9.76135848048807e-05,8.868256695812353e-05
395.0,0.6179523139746536,0.006106014318302586,0.002686845187296381,0.001575105294709468,8.847569339659398e-05,9.736935349918942e-05,8.845763227245017e-05
396.0,0.6168836031600521,0.006045870552801636,0.002680180827030986,0.001572897447152022,8.838397278117173e-05,9.71460708647261e-05,8.824531051692392e-05
397.0,0.6164020533203813,0.00613952172738493,0.002673969510479041,0.001570768061663231,8.828664624067947e-05,9.692770796907596e-05,8.804936131545043e-05
398.0,0.61580971416319,0.006036620218933722,0.002666382081932445,0.001568705495276541,8.819622660510405e-05,9.673600581790579e-05,8.785064510224503e-05
399.0,0.6156467310640454,0.006145898171880822,0.002658305917095719,0.001566667993018129,8.808420193892186e-05,9.655213554747645e-05,8.766540271459379e-05
400.0,0.6145324060562891,0.006006770684322253,0.002649619612530145,0.001564726582152375,8.797062826286897e-05,9.637408159802792e-05,8.744676637359912e-05
401.0,0.6141594724601884,0.005908282874376551,0.002641560647666608,0.001562805333067905,8.784947324447e-05,9.620199950615121e-05,8.724015666617064e-05
402.0,0.6134972729743644,0.005780329184893252,0.002631512981553411,0.001560921331630114,8.774747181937121e-05,9.603873288601723e-05,8.70402847754587e-05
403.0,0.6129216631847999,0.005797301481799311,0.002623102680569872,0.001559109236733505,8.762173808358476e-05,9.588309531995487e-05,8.684051815354264e-05
404.0,0.611816064250956,0.005748275822882907,0.00261485978225735,0.001557371522419703,8.752168692545604e-05,9.573190070561388e-05,8.664311804471223e-05
405.0,0.6106814017327106,0.005664584713201598,0.002606096091296968,0.001555613978239908,8.73995586262042e-05,9.559692026230997e-05,8.643362109869457e-05
406.0,0.6101119357214353,0.005622501150541258,0.002597864193805403,0.0015538906852927,8.727858733126269e-05,9.545635089354308e-05,8.625148929349506e-05
407.0,0.6098126976192509,0.005605825137864339,0.002589541060962268,0.001552252420329642,8.71481141900323e-05,9.535038593929388e-05,8.605624075232868e-05
408.0,0.6094560344066206,0.005678188046284957,0.002583462919207261,0.001550649396298136,8.705992403137956e-05,9.525715477613937e-05,8.588880066233491e-05
409.0,0.6082939533616205,0.00570274123957575,0.002576635701607191,0.001549070043955662,8.697426769194845e-05,9.5159423738321e-05,8.57353097499092e-05
410.0,0.607389773604132,0.005653588179338737,0.002570710638769807,0.001547481699809671,8.688534747979737e-05,9.503294253271794e-05,8.559286861390098e-05
411.0,0.6060317982643276,0.005686565120311557,0.002564277843860514,0.00154592998493877,8.681309081859205e-05,9.494107624171221e-05,8.545812100177093e-05
412.0,0.6045270726697894,0.005691627477758096,0.002559157959287211,0.001544429691791672,8.675313660574073e-05,9.486029501013997e-05,8.532700554657692e-05
413.0,0.603377036276343,0.005612391730257867,0.002554155742340927,0.001542938033690942,8.664957377026768e-05,9.478062107124871e-05,8.517441135206937e-05
414.0,0.6021571163687909,0.005572660063862122,0.002549573133957728,0.001541412192699043,8.65593680039474e-05,9.47050099898913e-05,8.503472523615863e-05
415.0,0.6005412242324313,0.005444829111723091,0.002543112545399022,0.001539893718443999,8.647647141614506e-05,9.462378860331593e-05,8.491492175873856e-05
416.0,0.5994167826113801,0.00562012808053829,0.002540187986830095,0.001538393232745878,8.638337410661886e-05,9.455367346767015e-05,8.47848246299109e-05
417.0,0.5980894684613597,0.005591198929660343,0.002535918738054721,0.00153690415334329,8.62925170673959e-05,9.449665585873144e-05,8.466621693902175e-05
418.0,0.5967366855341586,0.005557767103756299,0.002531282897767855,0.001535468710258708,8.622636044608289e-05,9.440812979256174e-05,8.457804438526296e-05
419.0,0.5956298218044176,0.005532435659117933,0.002526460059974937,0.001534050005867117,8.615885969649403e-05,9.433355835868991e-05,8.450331920942417e-05
420.0,0.5945000625136166,0.005600251879257693,0.002522411576448445,0.001532581215779932,8.606978440168193e-05,9.427085563672241e-05,8.43956803289108e-05
421.0,0.5930366370165943,0.005627243012958263,0.002519184193587091,0.001531073429557247,8.601565015179455e-05,9.423432586035074e-05,8.427354359050285e-05
422.0,0.5928682583374411,0.00562677200827514,0.002516181459131225,0.001529552571964115,8.597087858625284e-05,9.415060282155107e-05,8.416913488940242e-05
423.0,0.5923504806571142,0.005597810923786138,0.002513393837914778,0.001528055170992204,8.593434295496451e-05,9.407846349082976e-05,8.405708331346574e-05
424.0,0.5915594011044405,0.005680750780192824,0.002511060553455315,0.00152654682476301,8.589370462226087e-05,9.402543764998363e-05,8.396090868507174e-05
425.0,0.5906779335721297,0.005599384928649097,0.002508587132620812,0.001525023623895303,8.586625747147484e-05,9.393338513236965e-05,8.38471189784391e-05
426.0,0.590479628395293,0.005614252569189068,0.002506150394092255,0.001523475822015906,8.585030853073576e-05,9.385118265816658e-05,8.376403580214791e-05
427.0,0.5901340060661453,0.005762556414897513,0.002504850354262686,0.00152192322920985,8.585562046596894e-05,9.378390671536664e-05,8.369699951248549e-05
428.0,0.5893597651234166,0.005706941995828661,0.002505391066071358,0.001520336416554921,8.582495248419573e-05,9.369361186137072e-05,8.36193859276447e-05
429.0,0.5885915184868581,0.005653813022009178,0.002503568720494639,0.00151876023435368,8.581894006449162e-05,9.359665815549866e-05,8.35485380047568e-05
430.0,0.5888947528391999,0.005470518203622257,0.002502857664288618,0.001517144775607988,8.582416495288361e-05,9.354061209482349e-05,8.34650327553071e-05
431.0,0.5891321628750492,0.005581309518723511,0.002503904975483966,0.001515509615823368,8.581026169224933e-05,9.345057865812862e-05,8.3392226959318e-05
432.0,0.5887348307277585,0.00561877708031839,0.002503732639057836,0.001513834286922102,8.581806768535709e-05,9.33840002897541e-05,8.331689938259983e-05
433.0,0.5883607880098293,0.005540846215922194,0.00250383097756771,0.001512137113617577,8.586336934628504e-05,9.33004129405767e-05,8.326548832304821e-05
434.0,0.5878865743439586,0.005724527979571167,0.002505037978524593,0.001510431244247064,8.591744070014754e-05,9.324034886919426e-05,8.317529096363006e-05
435.0,0.5881751786168931,0.005817889796358127,0.002505487084219063,0.001508709714227901,8.595287232325767e-05,9.320774802595282e-05,8.310828196039154e-05
436.0,0.5883484320203461,0.005482356372252188,0.002504477372746056,0.001506974967801216,8.59790376983454e-05,9.31792959787473e-05,8.304452530416708e-05
437.0,0.5881473899726433,0.005556776943377512,0.002505664473156166,0.001505239855420663,8.600135405582136e-05,9.31765261577201e-05,8.294530047835467e-05
438.0,0.587852609625498,0.005526934272315755,0.002508278574946707,0.001503534076630741,8.602647207586589e-05,9.320258022541336e-05,8.285627016522174e-05
439.0,0.5882780221400478,0.005843975841985954,0.002510840623314241,0.001501840037726582,8.604839399651806e-05,9.32477567038213e-05,8.279761032649068e-05
440.0,0.5882283979614712,0.005891362253780638,0.002513494207942229,0.001500181942557643,8.605339046511998e-05,9.328952876324323e-05,8.270024865700496e-05
441.0,0.5881169906655239,0.005815701468005923,0.002515214666276567,0.001498519608654686,8.607460720310122e-05,9.33241640619405e-05,8.26084322554286e-05
442.0,0.5879785048810126,0.005934162455814646,0.002518652996435033,0.001496841830310213,8.60464091049724e-05,9.339732506635213e-05,8.252102140493634e-05
443.0,0.5880506301504861,0.005871880924768582,0.002521643054525655,0.001495187333763768,8.604746931870842e-05,9.349831304743473e-05,8.246289751006896e-05
444.0,0.5883792363150588,0.005934559488347578,0.002525026441943527,0.001493563523785815,8.602317758933386e-05,9.35779416621372e-05,8.242026798091269e-05
445.0,0.5889634831588756,0.005893764667290459,0.002528165729859537,0.00149197496865593,8.599988678829548e-05,9.366002402383287e-05,8.234768559230861e-05
446.0,0.5895027666724539,0.005945130370015453,0.002530683807006925,0.001490390352184143,8.597350129884942e-05,9.376790170209838e-05,8.229548385546993e-05
447.0,0.5902542317622059,0.005824453154731873,0.002531904711998021,0.001488846321819662,8.592691431725956e-05,9.389997706453012e-05,8.227814435921074e-05
448.0,0.5911065836113354,0.00593270086879016,0.002534797152894195,0.001487332295908692,8.588937956338085e-05,9.405436418671902e-05,8.223346961375832e-05
449.0,0.5922554020448016,0.006021625116339849,0.002536310947628652,0.00148585447852133,8.587430456189802e-05,9.420735436151192e-05,8.220160855215079e-05
450.0,0.5927060550583456,0.00597277951219296,0.002537448077259283,0.001484420963319173,8.582126600204697e-05,9.435977362535298e-05,8.217087407043892e-05
451.0,0.5933450237553207,0.005917223301711344,0.002537481881213493,0.001483062756621701,8.578179378254302e-05,9.448688749944201e-05,8.215973085648141e-05
452.0,0.5940109649415325,0.005962973545606575,0.002538319449171746,0.001481750548175241,8.572715335438345e-05,9.465917114955357e-05,8.215349573816345e-05
453.0,0.5954728557781309,0.0059558702270883,0.002538225689085906,0.001480473432935528,8.566722477327934e-05,9.484751833144266e-05,8.216115526692124e-05
454.0,0.5968830484880602,0.005940848900098437,0.002538269932210615,0.001479184978496174,8.560741326130118e-05,9.500953406239369e-05,8.216459804948642e-05
455.0,0.597900139093705,0.005863645375650524,0.002538506603931197,0.001477900154280545,8.556913495631944e-05,9.518969997665804e-05,8.220156046433333e-05
456.0,0.5993395710873346,0.005953788974605722,0.002539012812163942,0.001476698746317025,8.553138951642173e-05,9.535382389299871e-05,8.222442303375084e-05
457.0,0.6003365881356846,0.005987364173957475,0.002539581056444906,0.001475561654811761,8.550463870371038e-05,9.555355506071847e-05,8.222275474619813e-05
458.0,0.6014007790828513,0.00613902791361494,0.002540225860907829,0.001474370834048235,8.549252392431348e-05,9.573854225253103e-05,8.227042699327701e-05
459.0,0.6026510199201713,0.005990351585648001,0.002539952661316621,0.001473208757753127,8.546234106682882e-05,9.592260513311612e-05,8.232334586519346e-05
460.0,0.604662716973618,0.005925547933487275,0.002540070717369064,0.001472034085177387,8.54211655944446e-05,9.608979597701442e-05,8.236366489699713e-05
461.0,0.6064358869941922,0.005970811022432181,0.002540124901838488,0.00147085454277705,8.537883304151634e-05,9.629035003989742e-05,8.241360839486713e-05
462.0,0.6084733300139707,0.006009256612870527,0.002540658750192756,0.001469660011878598,8.534579107957635e-05,9.64672695516658e-05,8.250381012187172e-05
463.0,0.6107252526119007,0.00604830336947429,0.00254185492654645,0.001468458217114282,8.529779233873338e-05,9.663677661858937e-05,8.26018107329931e-05
464.0,0.6129029283709647,0.006032891542396394,0.002543749603777297,0.001467235273861735,8.528651175153418e-05,9.680628683724584e-05,8.270983905766917e-05
465.0,0.6142810147765442,0.00617941519859599,0.002545850684439717,0.00146590040129863,8.526947345101244e-05,9.699092062361967e-05,8.281886470620207e-05
466.0,0.6154985453151429,0.006188136877805865,0.002547421664236431,0.001464403812142335,8.522759471360592e-05,9.715218670332497e-05,8.293904343237522e-05
467.0,0.61717631848388,0.005978011785077206,0.002548745148628505,0.001462902284732345,8.518604585536694e-05,9.733350744990412e-05,8.309267646562589e-05
468.0,0.6189821282219287,0.005934437500935488,0.002550258949883205,0.001461231578700122,8.514745344628713e-05,9.753812376751211e-05,8.32339569880838e-05
469.0,0.6210661312614755,0.005805665393341448,0.002551829533878499,0.001459382317143411,8.512134474176171e-05,9.773645717400808e-05,8.341753403286574e-05
470.0,0.6225325022945554,0.005791388201475812,0.002554574094024768,0.001457398055577295,8.512434823646555e-05,9.793965070317888e-05,8.360473251842844e-05
471.0,0.6248929608067914,0.005909767675825734,0.002557082866662953,0.001455389657373688,8.50699238315739e-05,9.815806080936411e-05,8.383067946014089e-05
472.0,0.627753785118869,0.006054481290367013,0.002560976150333003,0.0014533122189779,8.500330830187997e-05,9.836375677546942e-05,8.406202618893776e-05
473.0,0.6310770088277753,0.006179008883057669,0.002564211737584215,0.001451088981694432,8.499559715729262e-05,9.858160387399437e-05,8.425566366706512e-05
474.0,0.6335829142747615,0.006133949483281068,0.002567435868856444,0.001448781453738303,8.497441574733279e-05,9.88072754714096e-05,8.448468654055954e-05
475.0,0.6359729212505119,0.006337805349781614,0.002571846671453903,0.001446369608035141,8.494284082177794e-05,9.903364254907143e-05,8.472794671003195e-05
476.0,0.6380680348639153,0.006254449393909694,0.002575436205126613,0.001443874712223972,8.489625866015435e-05,9.927723092390984e-05,8.49790487712961e-05
477.0,0.639915460068783,0.006671128977459228,0.002579479421866992,0.001441326174134119,8.490533042734263e-05,9.954195961743311e-05,8.519263563987706e-05
478.0,0.6417392147877835,0.006437030501664902,0.002583474417359811,0.001438654915524984,8.490205654010677e-05,9.979476941612651e-05,8.54278297221656e-05
479.0,0.643976057111249,0.006453143754812718,0.002585583889173709,0.001435883021841964,8.489661182080654e-05,0.0001000542181828449,8.564463189427029e-05
480.0,0.646631354801679,0.006907348771913164,0.002587824739328187,0.001432966395319091,8.49084163213585e-05,0.0001003415212469556,8.583216451743336e-05
481.0,0.6485264652441933,0.007002161873378213,0.002591473150607236,0.001429990097773498,8.488674831575146e-05,0.0001006055257818444,8.604807501757539e-05
482.0,0.6506706826475679,0.006920347483549582,0.002594223989685402,0.00142691040021532,8.48888368339935e-05,0.0001008772377045723,8.627754140810764e-05
483.0,0.6530130505299001,0.00667886132127687,0.002595005561674764,0.001423789809399478,8.486049675423441e-05,0.0001011774614524344,8.648025369886454e-05
484.0,0.654814209822158,0.007433533663302503,0.002598916100615716,0.001420665914501898,8.487254190387748e-05,0.0001014772575669184,8.668715250212157e-05
485.0,0.656032044534083,0.007490181243038009,0.002604228468574417,0.001417487772708251,8.486980654563172e-05,0.0001017407253032314,8.687376864172287e-05
486.0,0.6580404840399104,0.007526680665765877,0.002605914581710316,0.001414272780130742,8.487812625679973e-05,0.0001020445560317553,8.705311888888632e-05
487.0,0.6612873543939205,0.006783180705428233,0.002604556958056706,0.00141107157727575,8.485492198316534e-05,0.0001022858280263572,8.717863551424027e-05
488.0,0.6627091381118556,0.006684319641206814,0.002607762536330987,0.001407874700285031,8.48710112404633e-05,0.0001025744486609765,8.733184939357294e-05
489.0,0.6642625079110889,0.006810399044897697,0.002610576956662546,0.001404672974972138,8.484351845963136e-05,0.0001028798617827399,8.747032212698158e-05
490.0,0.665878583753175,0.006822896905775702,0.002611606021695604,0.001401431995292261,8.482813843968045e-05,0.0001031884690548487,8.760592125807913e-05
491.0,0.6672957157588264,0.006714065223160706,0.002613387772358236,0.001398178703935054,8.481952196446383e-05,0.0001034472892280056,8.775001911839679e-05
492.0,0.6698869481796886,0.006821624624010815,0.002615851506006074,0.001395005364696083,8.485674129894327e-05,0.0001036709689067209,8.786809576308498e-05
493.0,0.6717783557262063,0.006685569378488208,0.002617573041577519,0.001391835294703094,8.485261933830466e-05,0.0001039383949373074,8.800954980503982e-05
494.0,0.6741883138038673,0.006945340719819324,0.002620983343166921,0.001388652896869073,8.485706034018264e-05,0.0001042007732685885,8.810932151371297e-05
495.0,0.676527783241056,0.00699304616862614,0.002624097827862083,0.001385446220159884,8.490796001153527e-05,0.0001045255193620306,8.823202494756878e-05
496.0,0.6779301633825088,0.007498294236559465,0.00262807159755474,0.001382176757997954,8.492589048211505e-05,0.0001048396862053284,8.840491748996734e-05
497.0,0.6792434144406401,0.007344987193318641,0.002631532639830155,0.001378855509959286,8.491870029920373e-05,0.0001051206466303222,8.8542187780412e-05
498.0,0.6813104758633403,0.007381849078025767,0.002634183672256654,0.001375568660500591,8.492435259864555e-05,0.0001053788123584904,8.867234887390182e-05
499.0,0.6821666232458528,0.007103634423674749,0.002636916396647986,0.001372280881689909,8.492890579366022e-05,0.0001056779473063508,8.879460897223596e-05
500.0,0.6830434050547431,0.007007791466226533,0.002639766753325812,0.001368977474772427,8.492671157352448e-05,0.0001059469351764398,8.893519264757541e-05
501.0,0.6847854503202548,0.007295231017385948,0.002644931679521157,0.001365641382694199,8.490743919565108e-05,0.0001062363305451788,8.90875067546046e-05
502.0,0.684986159349066,0.00711944904061615,0.002647662814894155,0.001362312365166092,8.494668386033602e-05,0.0001064685192162873,8.923599905092769e-05
503.0,0.6860412577302554,0.007212429819165728,0.002651632972083662,0.001358932722567351,8.495755648577893e-05,0.0001066991862496744,8.938295142007142e-05
504.0,0.6874283429069521,0.007380489960632054,0.002657419064394102,0.001355539433271904,8.4974608163267e-05,0.0001069565904806632,8.953178812670377e-05
505.0,0.6884463152198792,0.00839965603247825,0.002664716247744879,0.001352062872425877,8.497964509367012e-05,0.000107188475838572,8.971867991095975e-05
506.0,0.6886639869137635,0.008787156300755659,0.002670790743056515,0.001348498713907463,8.50263743809906e-05,0.0001074273369297201,8.986679492970536e-05
507.0,0.6899674912362003,0.00960218777412925,0.002680756243618945,0.001344893300869277,8.503828047430332e-05,0.0001076895884947471,9.004516660613413e-05
508.0,0.6923390954623034,0.00848705966559908,0.002681459406839155,0.001341260223257048,8.506632531696009e-05,0.000107897361183461,9.027044794544333e-05
509.0,0.6930303623605606,0.008029377335331572,0.00268383348146991,0.001337600915772186,8.50969916413463e-05,0.0001080992644520324,9.04423802572622e-05
510.0,0.6932053132669115,0.008031306935802392,0.002688537452210949,0.001333857922473158,8.511288628194723e-05,0.0001083049829837559,9.063711065400238e-05
511.0,0.6928573437427166,0.007920824761849906,0.00269267180738617,0.001330008374011033,8.512169578353342e-05,0.000108488850453727,9.079731407510963e-05
512.0,0.6928947432777954,0.00799521933963327,0.002696361893230682,0.00132611384331915,8.512795809544391e-05,0.0001086608959416016,9.091438184267951e-05
513.0,0.6930820910501462,0.008317817058928602,0.002700378664155389,0.001322161505206885,8.51187033979406e-05,0.0001088044057795473,9.10586605457096e-05
514.0,0.6935449382796463,0.008464794086165742,0.002702288118659438,0.001318189521222671,8.516345835907908e-05,0.0001089661268544712,9.119693686651065e-05
515.0,0.6935140794168773,0.008623686038425166,0.002705300641877996,0.001314199535626672,8.519467126759754e-05,0.0001091065975269013,9.128784101868401e-05
516.0,0.6941062913556967,0.00859701905566762,0.002707790128957619,0.001310180664794516,8.521239851428618e-05,0.0001091943527431892,9.135896381066778e-05
517.0,0.6951055558484404,0.008282995709519184,0.00270814867266708,0.001306142265493356,8.523257205039632e-05,0.0001093029924098045,9.141906152948729e-05
518.0,0.6960503439995465,0.008437640820051252,0.002709908015679485,0.001302014075813271,8.528801340814384e-05,0.0001094194388562346,9.147896291350732e-05
519.0,0.6959793545696155,0.008164928371407447,0.002709763718562263,0.001297851086606939,8.531827153584998e-05,0.0001094467083442334,9.149976412878434e-05
520.0,0.6956649461885959,0.008874608860626996,0.002711626874359715,0.001293726402738591,8.535348551991947e-05,0.0001095039542130163,9.154172991382222e-05
521.0,0.6967385946540631,0.008896759268222391,0.002713128282093988,0.001289616471956453,8.538290728920247e-05,0.0001095817522653663,9.154157435968992e-05
522.0,0.6965321845187675,0.009093925155930637,0.002711797937668345,0.001285515720876812,8.541493477320469e-05,0.0001096127166527828,9.153162919132239e-05
523.0,0.6967951694601683,0.00877854977181008,0.002712711574406809,0.001281457906278114,8.549472620088754e-05,0.0001096226945652412,9.149602867709426e-05
524.0,0.6971838149021904,0.009417111490732726,0.002716347979153291,0.001277469877062799,8.554254718016415e-05,0.0001096597561370128,9.144001322762997e-05
525.0,0.6968754699105096,0.009068188746687312,0.002716258818754786,0.001273526658972296,8.556803522189906e-05,0.0001096515016987289,9.135718383255869e-05
526.0,0.6966761021197557,0.009439796110428118,0.002716258928033276,0.001269612332323252,8.555715906371375e-05,0.0001096426562304241,9.126312250143949e-05
527.0,0.6965032242634825,0.008971625244897415,0.002717717671752834,0.001265800016092561,8.561585288260032e-05,0.0001096420210231725,9.113432683857558e-05
528.0,0.6958774106490901,0.009432519901150722,0.002718776584170022,0.001262085813874786,8.565387684849154e-05,0.0001096070448764187,9.10350890008654e-05
529.0,0.695985576313664,0.009346962042794896,0.002719198612550286,0.001258432641440116,8.571849857520678e-05,0.0001095475061700997,9.089172131526736e-05
530.0,0.6956122098782092,0.00926515278129236,0.002720369443454901,0.001254895447734012,8.576938358628197e-05,0.0001094925299174938,9.068443072749482e-05
531.0,0.695857769901849,0.008771257932780744,0.002719429410378209,0.001251427774715693,8.583512889896688e-05,0.0001094493036026695,9.053218383663233e-05
532.0,0.6962410102508182,0.009654492354875718,0.002722378416319976,0.001248060970257039,8.587723945011683e-05,0.0001093705924777046,9.036640667451491e-05
533.0,0.6960004111146526,0.009159053480270551,0.002723977280813973,0.001244804166460282,8.592668179393575e-05,0.000109268148308796,9.018719769354657e-05
534.0,0.6949771864032894,0.009478411188529082,0.002727544382109908,0.001241653269126673,8.593821394282929e-05,0.0001091725452235253,8.998647643822975e-05
535.0,0.6948540278264046,0.008587656989945812,0.002728189098958784,0.001238639325968346,8.597310097425633e-05,0.0001090384546037089,8.980201823247258e-05
536.0,0.6954610878865892,0.008799575084154337,0.002729379139283918,0.001235730226833834,8.602019727233453e-05,0.0001088990962230573,8.962431019581876e-05
537.0,0.6960008089091899,0.009070770225211654,0.002731943647820897,0.001232985968323732,8.60214935124107e-05,0.0001087684656999277,8.943039399287115e-05
538.0,0.6951608202248862,0.008905683676910386,0.002732845210374089,0.001230393523290148,8.605204061571882e-05,0.0001086568058263618,8.923705701880873e-05
539.0,0.6942233768128202,0.01090854347914603,0.002741993211507669,0.001227867649871523,8.606591750859418e-05,0.0001085096304826256,8.900277759036871e-05
540.0,0.6934142860533072,0.01007914020326757,0.002743763556747024,0.001225416978652514,8.605035965924888e-05,0.000108360664786886,8.877488018149354e-05
541.0,0.6930010931860833,0.009888792322638503,0.002742287988121703,0.001223061176160327,8.603173793666296e-05,0.0001082441721459246,8.853206167338206e-05
542.0,0.6921551281118697,0.01050593956738137,0.002745963836115001,0.001220789443684525,8.600704147544561e-05,0.0001080577660965662,8.829667043036161e-05
543.0,0.6902952278757402,0.0104135506929865,0.002744526811764297,0.001218607555503151,8.597171134076856e-05,0.0001078663294825142,8.80617281932565e-05
544.0,0.690079017243531,0.01021323302991017,0.002747476241428746,0.001216457257943543,8.592710756003083e-05,0.000107684911851176,8.782903128715465e-05
545.0,0.6901503936219939,0.00902152232696192,0.002746980227163302,0.001214344136896908,8.588401297237973e-05,0.0001075510831877167,8.757828246643611e-05
546.0,0.689915401314815,0.01059196271202342,0.002750223397270546,0.001212276196756923,8.580104624819279e-05,0.0001073855177621109,8.732650543006833e-05
547.0,0.6894672670256633,0.01010958871908675,0.002752952010467,0.001210275970426257,8.574756983658455e-05,0.0001072097991176721,8.711387254783487e-05
548.0,0.6876237068792378,0.0100633952835091,0.002754560051390282,0.001208295709454759,8.57040027599817e-05,0.0001070403942423424,8.688371467853475e-05
549.0,0.6869298966685761,0.009614734967697727,0.002756797413734974,0.001206327313218214,8.564439266387393e-05,0.0001068724941070227,8.668386242059747e-05
550.0,0.6863967800564377,0.009133920900052262,0.002757309570483677,0.001204394340136532,8.555750000084641e-05,0.0001067007381333336,8.645503968958092e-05
551.0,0.6853005649961577,0.01065384229953626,0.002760680004281293,0.001202495060739098,8.549758932324127e-05,0.0001064935338054233,8.618940332595339e-05
552.0,0.6847844294017634,0.009771157258581015,0.002761546619292055,0.001200592256398486,8.541863578061555e-05,0.0001063332042864086,8.593178752441733e-05
553.0,0.6836887493615262,0.008830969804218143,0.002757062856729656,0.001198681188668212,8.530404563263975e-05,0.0001061400582660955,8.569881783746454e-05
554.0,0.681872809573947,0.009602274213391953,0.002759966719549348,0.001196809903184331,8.518792063364101e-05,0.0001059469257969782,8.544845917286976e-05
555.0,0.6806365520537636,0.0106365977199984,0.002760868071781496,0.001194958970705522,8.50880858364782e-05,0.0001057677946495365,8.520545548565166e-05
556.0,0.6793534860805435,0.009939458559507994,0.00276031702452936,0.001193123991647294,8.499061846797045e-05,0.0001055945401295082,8.498182639857626e-05
557.0,0.6772605120232934,0.00980753846228746,0.002758129783453436,0.001191301222014107,8.491782129185725e-05,0.0001054137114848145,8.47558630619079e-05
558.0,0.6748432142036669,0.01061552670476204,0.00275662825382005,0.001189533118275569,8.481017992652276e-05,0.0001052044020240734,8.452852529120227e-05
559.0,0.6732451333035802,0.01021596446869108,0.002750792577208808,0.001187717912416825,8.470420585142778e-05,0.0001050000740157882,8.426643388555686e-05
560.0,0.6721046910509706,0.01013998212129807,0.002745742121444058,0.001185908730722172,8.462755333771065e-05,0.0001048140928920341,8.401310404547406e-05
561.0,0.6711160509569655,0.01058950143906284,0.002744158757162848,0.001184146582640199,8.456391884399629e-05,0.0001046100903275499,8.378639729098897e-05
562.0,0.6698927428590835,0.009788925797613247,0.002739029534214784,0.001182432256104692,8.453240203484608e-05,0.0001044231973030235,8.357487248276758e-05
563.0,0.6676495235660915,0.009602265328078955,0.002732156741068471,0.001180710846695255,8.447869695563142e-05,0.0001041744418572243,8.335530912509167e-05
564.0,0.6652513883493812,0.00967915335632705,0.002728178804475347,0.001178910783018235,8.442400424671573e-05,0.0001039321186563013,8.312199868154857e-05
565.0,0.6633901933006614,0.01015636717094394,0.002719912530822553,0.001177134695225369,8.434543044045512e-05,0.0001037079050021793,8.291055074362471e-05
566.0,0.661846654569917,0.00972242053469299,0.002713539612334817,0.001175387890716999,8.430887350068046e-05,0.0001034905380722575,8.272502686493095e-05
567.0,0.6596247912799555,0.009677512792766766,0.002703301029279685,0.001173654595898397,8.424143570973909e-05,0.0001032721820919539,8.255632940172919e-05
568.0,0.6576822906985194,0.01026020325702007,0.002692345905995483,0.001171948433099543,8.41623394021394e-05,0.0001030453242342235,8.237525125681524e-05
569.0,0.6553509131421819,0.009664798483514673,0.002682230394599676,0.001170257585190136,8.40923192119582e-05,0.0001028333149228723,8.219324044082761e-05
570.0,0.6534306662848898,0.009050383176818036,0.002671201377706607,0.001168544345353639,8.400367060004656e-05,0.0001025934002112062,8.202300008551551e-05
571.0,0.6523913642368441,0.008712505924989974,0.002660012017766577,0.001166845882470132,8.393024581407156e-05,0.0001023643527301452,8.187476152322731e-05
572.0,0.6508740719979523,0.009231742574382971,0.002652463197207044,0.001165149551761494,8.38242180119458e-05,0.0001021301702034979,8.170274148788659e-05
573.0,0.6491227114159409,0.008800580236738192,0.002641776988203312,0.001163443562661678,8.373733598756061e-05,0.000101864391496179,8.157693541798597e-05
574.0,0.6477949400191145,0.009577743106805129,0.002632883575512049,0.00116174387551066,8.367826301764786e-05,0.0001015951809987387,8.143205161436854e-05
575.0,0.6454626832109701,0.01013201179949961,0.00262826763492524,0.001160098254885038,8.355042474057908e-05,0.0001013637053497082,8.130035907104185e-05
576.0,0.6434490784349899,0.009029424163367177,0.002615682794223995,0.001158482178963104,8.346240448165174e-05,0.0001011306740824971,8.117406517245401e-05
577.0,0.6418622034627821,0.01009002965223243,0.002608367514641154,0.001156882375847197,8.337386628410931e-05,0.0001008574787716254,8.103599947263055e-05
578.0,0.6405191094181603,0.00957390385451364,0.002598943659606346,0.001155281358015198,8.328555425764396e-05,0.0001006206425775439,8.091177565918849e-05
579.0,0.6393720643950691,0.009894447917577645,0.002593140701483709,0.001153711506798227,8.31804831310817e-05,0.0001003677586145788,8.081429706538652e-05
580.0,0.6376031483612659,0.01069008251610493,0.002588086047874256,0.001152210784380223,8.3078754683712e-05,0.0001001248049952808,8.072304173568654e-05
581.0,0.6360086356910241,0.01052187929630222,0.002577502916482084,0.001150711941273815,8.296908216398865e-05,9.987135172951035e-05,8.063801197875727e-05
582.0,0.6342759195047327,0.009745952772065499,0.002565727495965077,0.001149264742108404,8.288796952617363e-05,9.962958041859481e-05,8.056047664728406e-05
583.0,0.6322200859244231,0.01016415392953808,0.002556630900029602,0.0011478580912154,8.280000378137908e-05,9.937264673567781e-05,8.042423697398434e-05
584.0,0.6300997766814921,0.01059559158437866,0.002549162887913617,0.001146525625594336,8.273549756552204e-05,9.91236476061361e-05,8.032167705434491e-05
585.0,0.6286219009924293,0.01042340085145782,0.002538356635056598,0.001145241691180745,8.265166242466263e-05,9.891017280457013e-05,8.021761590401627e-05
586.0,0.6268820838136772,0.01000019491148334,0.002529471067196292,0.001144005682429792,8.256409723273238e-05,9.867122392601578e-05,8.012963870119174e-05
587.0,0.6254964999189901,0.009564517084726604,0.002514556307297363,0.001142786592650654,8.249255129387039e-05,9.842457727268338e-05,8.003197408925437e-05
588.0,0.6240465195187154,0.009031868349090831,0.002501460337931772,0.00114161080643404,8.240933445939535e-05,9.821456293067304e-05,7.993846789104842e-05
589.0,0.6227103392393829,0.00899779273966984,0.002488699844844437,0.001140418615331299,8.23584275339803e-05,9.796848364591768e-05,7.986726961134306e-05
590.0,0.6217822376828926,0.01040970600056136,0.002480826205886826,0.001139263331118517,8.230196910283721e-05,9.772497166720366e-05,7.97816294260719e-05
591.0,0.6211010475862104,0.00972585287880627,0.002466116396829674,0.001138126579924043,8.224843655960874e-05,9.74620778865355e-05,7.96675755422254e-05
592.0,0.619991602895386,0.01015150127082947,0.002455326089765198,0.001136991713016191,8.219757545099016e-05,9.719822663102052e-05,7.957069185597827e-05
593.0,0.6189919475478114,0.009801026677823866,0.002445788815096269,0.001135879909691547,8.214661461748917e-05,9.693403908380298e-05,7.948826150333203e-05
594.0,0.6182364357840534,0.009927620326533179,0.002434880531683615,0.001134775004503493,8.21284093926974e-05,9.66583170159033e-05,7.940556597638395e-05
595.0,0.6179650308817655,0.009756943507613096,0.002424259874094356,0.001133662921520665,8.209551121451853e-05,9.638626436236413e-05,7.935301769120814e-05
596.0,0.6173274591184442,0.009249654476413169,0.0024124071067434,0.001132577816987224,8.206552584106468e-05,9.61442039784152e-05,7.928476222504511e-05
597.0,0.6160460569993862,0.009695182020538802,0.002404549754384705,0.00113156036416879,8.199574582163942e-05,9.587706969234817e-05,7.921013914414659e-05
598.0,0.6151948232421556,0.009400536969995306,0.002397049042030308,0.001130577840365004,8.197663122113919e-05,9.557487561901995e-05,7.912505803940328e-05
599.0,0.6139650338021001,0.00892831997985518,0.002389066077808183,0.001129609582320861,8.195756141972125e-05,9.530337062970056e-05,7.906944090529557e-05
600.0,0.6131732775363679,0.009234294840231212,0.002384133643706158,0.001128612830997875,8.19354991049956e-05,9.503340129445308e-05,7.898904772789352e-05
601.0,0.6127577808577678,0.009095023332257673,0.002375996889139843,0.001127583007028728,8.188165636189836e-05,9.480266426252525e-05,7.892652890060237e-05
602.0,0.612019467084405,0.008922981034998053,0.002368741127268622,0.001126499331442467,8.183480120363712e-05,9.454162230205871e-05,7.882566151970005e-05
603.0,0.6112107145751237,0.008853151147515757,0.002364027160255943,0.001125372274145696,8.174914430284538e-05,9.430264294720468e-05,7.872628754470687e-05
604.0,0.6104574893251054,0.00883477064372158,0.002358548837312881,0.001124224265953016,8.168770367282252e-05,9.405867172142038e-05,7.86303063397696e-05
605.0,0.6098418252108242,0.008789391958151392,0.002353627184087694,0.001123007459528643,8.160798550840728e-05,9.37827243666176e-05,7.854612043222629e-05
606.0,0.6090523342434824,0.009335862063082873,0.002351770751254226,0.001121728227522738,8.150178653685022e-05,9.351674628921039e-05,7.84519228972699e-05
607.0,0.6076328917093597,0.008626073910084546,0.00234616472953164,0.001120385900425896,8.137413171886918e-05,9.326075906189911e-05,7.835147824579546e-05
608.0,0.6067753402545912,0.008227922089492268,0.002341233263104903,0.001118966458980064,8.124621320607035e-05,9.300111363532663e-05,7.825697901860715e-05
609.0,0.6060257680453085,0.009616050383942806,0.002343394507503298,0.001117459429192831,8.111999508934393e-05,9.273554100102924e-05,7.814162544047747e-05
610.0,0.6048807368548809,0.009062785534353393,0.002339165563815932,0.001115839462166029,8.101324881535374e-05,9.249291357852835e-05,7.8050332338808e-05
611.0,0.6032153616549359,0.01037950691993778,0.002339210335068264,0.001114074527879487,8.087717406884315e-05,9.22494320829851e-05,7.793386459749982e-05
612.0,0.6019666702177887,0.009725996937798008,0.002338284095372426,0.001112217535613403,8.074652179475003e-05,9.200233498715796e-05,7.782372461401876e-05
613.0,0.6013883971481127,0.009305537085115835,0.002334848941722639,0.00111028144480981,8.064402062824031e-05,9.176959468275933e-05,7.769437861764598e-05
614.0,0.6002354445447513,0.009988766474811782,0.002334675567381098,0.00110824918672358,8.053513416671635e-05,9.150737198589286e-05,7.757820496885266e-05
615.0,0.5987008642077597,0.01004799808194382,0.002331156593632055,0.001106112587791754,8.041333866681646e-05,9.125239233123541e-05,7.74349783039453e-05
616.0,0.5974180492233818,0.009820063306178949,0.002325254707284578,0.001103898900152105,8.031589166308758e-05,9.09937077740319e-05,7.728463874022197e-05
617.0,0.5962201915765397,0.009828721777787949,0.002325258338380978,0.001101593568045076,8.017934518176126e-05,9.07469155398422e-05,7.71043762756734e-05
618.0,0.595595701441024,0.009646940560785137,0.002322407963482276,0.001099217431611163,8.008796970189431e-05,9.050274506232582e-05,7.6936038955354e-05
619.0,0.5945285111643099,0.009362820427087444,0.002316911115629523,0.001096734467208925,8.001355013128118e-05,9.025983502724496e-05,7.677094935502443e-05
620.0,0.5932027321755486,0.009494527347521169,0.002314374392942057,0.001094206666184204,7.992772571120492e-05,8.99990623225856e-05,7.66103227973362e-05
621.0,0.5923808465652479,0.009543110714632414,0.002312624061333698,0.001091651056754508,7.9846255117401e-05,8.974121686222984e-05,7.645201772125421e-05
622.0,0.5912513891104685,0.008381701385485418,0.002304465389522931,0.001089082972681702,7.978799115004184e-05,8.950161146198903e-05,7.630355872350147e-05
623.0,0.5900162954119326,0.008570333459904208,0.002301421858198368,0.001086500963051939,7.973206968029651e-05,8.92666112402969e-05,7.612532112627514e-05
624.0,0.5883456677330027,0.008746198312276916,0.002300201437941551,0.00108390933831528,7.967431764332497e-05,8.905085021265008e-05,7.594352350525466e-05
625.0,0.5867428289919229,0.008341600455146286,0.002294422240533538,0.001081300845359076,7.96073907060626e-05,8.885088996336898e-05,7.576447637825985e-05
626.0,0.5852868707480408,0.00937928706807371,0.002297275672303475,0.001078717671214381,7.954339546979938e-05,8.867107117208113e-05,7.560198636519586e-05
627.0,0.5841612415521712,0.009117164521694837,0.002294024922778547,0.001076162275814214,7.948431312953977e-05,8.848109573544814e-05,7.545307868000457e-05
628.0,0.5827340460929005,0.01032402858105876,0.002296910629691937,0.001073638270270338,7.941187186049671e-05,8.829074779312462e-05,7.530619717136531e-05
629.0,0.5811528808274853,0.009726360537004182,0.00229681765587506,0.001071170850882477,7.935225319722556e-05,8.81079001151093e-05,7.513466809715426e-05
630.0,0.5805863198850902,0.01017745742652752,0.002296729643361703,0.001068797158308381,7.92856974619435e-05,8.794875624496147e-05,7.502887397039523e-05
631.0,0.5798578850141574,0.009101782489514317,0.002294666827642157,0.001066530088888674,7.922720150393527e-05,8.779472144833942e-05,7.489492879859369e-05
632.0,0.57815358190182,0.008944116039388144,0.002294804322700622,0.001064352836542114,7.913844743612493e-05,8.764686280760467e-05,7.476377427335175e-05
633.0,0.5769599206012141,0.00851091412076341,0.002293885466971293,0.001062308178543714,7.904870278294071e-05,8.751471232315756e-05,7.46386996067634e-05
634.0,0.5761311181707021,0.00926749769849079,0.002296649056159048,0.001060351928801857,7.894329048166903e-05,8.737339366403287e-05,7.453166541617454e-05
635.0,0.5748400804979554,0.008873174415864332,0.00229618121144547,0.001058500239342829,7.880258075545114e-05,8.726292421762868e-05,7.445048955781048e-05
636.0,0.5743806426485144,0.008584100395384058,0.002296861177762046,0.001056752028859794,7.864304100761786e-05,8.713284569834755e-05,7.438664577144287e-05
637.0,0.5745438832933227,0.008518083760310855,0.002296529499701663,0.001055092633674633,7.850813016625958e-05,8.701922823994044e-05,7.432075209294557e-05
638.0,0.5740009757930354,0.008733503824203804,0.002297378733859502,0.001053577832148174,7.837739466757074e-05,8.691826812830428e-05,7.426083908387736e-05
639.0,0.5729038235379688,0.008400238156058311,0.002296224356059991,0.001052174803085715,7.82192524879851e-05,8.680709819597743e-05,7.421617748624294e-05
640.0,0.5717015318821721,0.008674666169639616,0.002296461184303808,0.001050866868718144,7.804642046820799e-05,8.669002646347833e-05,7.417213062159356e-05
641.0,0.5706310038467806,0.00839076079235766,0.002295942090021735,0.001049633444345728,7.7885428474823e-05,8.658217285419159e-05,7.412398854368565e-05
642.0,0.5693242263599718,0.008805505864554428,0.002294884578987513,0.001048456456077885,7.770760373636406e-05,8.647235616583038e-05,7.409506927279307e-05
643.0,0.5682357599185521,0.009488838938014993,0.002296083621373391,0.001047297877082802,7.753032259178075e-05,8.636514688750744e-05,7.406454987139454e-05
644.0,0.5668422361550166,0.009326990539259554,0.002291858225513096,0.001046200650617167,7.734752887345377e-05,8.6266419687444e-05,7.401786566998417e-05
645.0,0.5665994927330191,0.009745661276376279,0.002290450097604551,0.001045152321067497,7.7182719691248e-05,8.615178948480993e-05,7.401840581020497e-05
646.0,0.5663663529106507,0.01018161324818478,0.002289524481822794,0.001044118107317126,7.701679806526315e-05,8.603015427974725e-05,7.399212715285849e-05
647.0,0.565410602967573,0.01043415182482859,0.002286838639495399,0.001043114241345092,7.683545427123771e-05,8.591185223714133e-05,7.396987366662073e-05
648.0,0.5640758507461029,0.009557429796811023,0.002281272058027924,0.001042155215675071,7.662197157669897e-05,8.581679216306539e-05,7.39112596621342e-05
649.0,0.5628017962932435,0.009218969446282045,0.002274270898598403,0.001041218381210013,7.643220037223767e-05,8.571949218478448e-05,7.383674893610648e-05
650.0,0.5622917808072624,0.008848854328258103,0.002268131429839376,0.001040303384875155,7.627554982214645e-05,8.564289452148479e-05,7.374328771328641e-05
651.0,0.5619633596496157,0.008819665884553218,0.002262715156492269,0.001039380043096621,7.611215400365662e-05,8.555956392315599e-05,7.365309553093244e-05
652.0,0.5617111978493117,0.008715200705843501,0.002255852986062538,0.001038439296974273,7.598570431238393e-05,8.5469480510123e-05,7.35568043591335e-05
653.0,0.5611745809734352,0.008267777980837497,0.002249242142528203,0.001037529845246744,7.587028209841374e-05,8.538204602579131e-05,7.345198808507017e-05
654.0,0.5612115513304959,0.00849258987069471,0.002243551941064561,0.001036637197529363,7.574954514060694e-05,8.527143651416918e-05,7.335901866228581e-05
655.0,0.5610547106035669,0.008414696049170176,0.002237048119857028,0.00103578176075077,7.56461946584945e-05,8.51770653912404e-05,7.324344983623219e-05
656.0,0.5612379877132293,0.008508111291257782,0.00223088505339971,0.001034901913325015,7.552785245506461e-05,8.509241475703521e-05,7.309341167516531e-05
657.0,0.5609944486064108,0.008548853982627683,0.002227136642643327,0.001034024941632717,7.544229552839477e-05,8.500889174509394e-05,7.293935690439086e-05
658.0,0.5599346824695121,0.009568846255279826,0.002222752001818262,0.001033209349318902,7.53399618632652e-05,8.493219850200851e-05,7.277727700257683e-05
659.0,0.5585772455940179,0.008466798482493071,0.002214812344148218,0.001032362476777748,7.522808706801623e-05,8.485942032847664e-05,7.255064086642688e-05
660.0,0.557647712309713,0.009226901926349233,0.002209458671576955,0.001031586851435281,7.511977877871512e-05,8.479797856908242e-05,7.234397999928494e-05
661.0,0.5558772585556109,0.008788009226604561,0.002204457380475863,0.00103087385844632,7.500967109579389e-05,8.475254980374399e-05,7.212016256448484e-05
662.0,0.5538473486909231,0.007745650818443424,0.002196086148549894,0.00103012150570118,7.4920013283168e-05,8.470826932890082e-05,7.18802460382873e-05
663.0,0.5521983495439778,0.007784160327758501,0.002190693303961878,0.001029416679233751,7.484698738549003e-05,8.46485977302981e-05,7.16409965796872e-05
664.0,0.5502591468729194,0.007731192823148931,0.002184817209541664,0.001028693867480166,7.476784558465744e-05,8.460374646793555e-05,7.13898121907315e-05
665.0,0.5483795020722351,0.00846635334853612,0.00218296862268622,0.00102798519791459,7.473320863105935e-05,8.454949186649466e-05,7.11341055202905e-05
666.0,0.546876923266561,0.00804295934483919,0.002175483218955614,0.001027366945500296,7.470005591690682e-05,8.451627219033345e-05,7.090146852763516e-05
667.0,0.5456156368350716,0.007832831666330968,0.002172219901238214,0.001026744510832787,7.466242500643273e-05,8.446810982328582e-05,7.064308348179574e-05
668.0,0.544213710704654,0.007648882916803574,0.00216738476786843,0.001026172729920654,7.46286744431266e-05,8.440608025955759e-05,7.03883894373812e-05
669.0,0.5427330123340927,0.0084602229267184,0.002166782624160863,0.001025606685500331,7.459651988172768e-05,8.43464858764628e-05,7.013029954070449e-05
670.0,0.5414375792840664,0.00831685454103932,0.002163394278939883,0.001025051369361278,7.458872713502514e-05,8.429044887690772e-05,6.989310773610253e-05
671.0,0.5401951420969843,0.00819720024331591,0.002159789974071041,0.001024486312382227,7.45750330749173e-05,8.423124343093759e-05,6.965773419947834e-05
672.0,0.5388832507964769,0.008216861569734297,0.00215836069832937,0.001023888657228155,7.455622013267256e-05,8.418525054980453e-05,6.941963565997467e-05
673.0,0.5372585125359544,0.007681186339698669,0.002154336692783526,0.001023247122382319,7.453571632259714e-05,8.41119784344968e-05,6.919745279846555e-05
674.0,0.5358010765369825,0.007827937754560699,0.002153676998121996,0.001022622411106454,7.451591160320194e-05,8.405542851172192e-05,6.898451102749512e-05
675.0,0.5343478138633312,0.008448137973773405,0.002153450396206454,0.001021970309038151,7.448579504180513e-05,8.398909982037241e-05,6.876695822909314e-05
676.0,0.5329607708444686,0.007436643243178518,0.002149835585823834,0.001021328596047231,7.447555921725269e-05,8.39273182786747e-05,6.856335386172725e-05
677.0,0.531658408629509,0.008434178381041983,0.00215125951033453,0.001020736353827121,7.446241853332359e-05,8.385030053956184e-05,6.83753935692306e-05
678.0,0.5307120448296334,0.007491397778095069,0.002150891988449187,0.001020238702232192,7.445169243933305e-05,8.377328037912321e-05,6.817843287763572e-05
679.0,0.5293503661297907,0.007493586157043534,0.002149454964728478,0.001019727600123684,7.440770548543409e-05,8.368658407486538e-05,6.799805709491184e-05
680.0,0.5282104637656247,0.007539157315947172,0.002150216080207189,0.001019141704683951,7.438279656578296e-05,8.362813564145326e-05,6.782120384685041e-05
681.0,0.5270254501175214,0.007343469193848842,0.002149164323246045,0.001018441612132048,7.433663936631303e-05,8.354825698490153e-05,6.766602080747757e-05
682.0,0.5260430240999787,0.007169786766724146,0.002146877845744447,0.001017751048837218,7.42927129364997e-05,8.3451024691126e-05,6.748480643833306e-05
683.0,0.5247826668815648,0.007010420546923091,0.002144515063859802,0.00101705446958294,7.422773318264896e-05,8.335898864150144e-05,6.731533521188547e-05
684.0,0.5237561598080723,0.007502415444727223,0.002142981803296892,0.001016315152763915,7.416216675501985e-05,8.327924909482102e-05,6.717959919032973e-05
685.0,0.522595307252161,0.007549209091919703,0.002143509495909947,0.00101565268071573,7.410428417323962e-05,8.318142285852921e-05,6.705361813400008e-05
686.0,0.5213640855503731,0.007620214209566213,0.002142207611663071,0.001014976501968952,7.402629553972035e-05,8.306303832537394e-05,6.693896244147954e-05
687.0,0.5200419650512386,0.0068953971102029,0.002137131072300088,0.001014277694386396,7.394209095911339e-05,8.294368029642908e-05,6.68165801763787e-05
688.0,0.518845521732445,0.009098036105783502,0.002137131049992053,0.00101355694469147,7.383543913696323e-05,8.281274097769243e-05,6.668484346231384e-05
689.0,0.5180344818349306,0.007838139798654655,0.002136466124485697,0.001012838139391371,7.373652693355075e-05,8.269077173971774e-05,6.659678411912903e-05
690.0,0.517452772295406,0.007315656668388443,0.002132607067219489,0.001012138618563454,7.363921578625298e-05,8.255589663755352e-05,6.648789639788536e-05
691.0,0.516851360894093,0.007090781086413364,0.00212916775129682,0.001011449090095406,7.354675335997375e-05,8.241471333443675e-05,6.638304836465815e-05
692.0,0.5158294158419984,0.00680564694292938,0.00212528295761118,0.001010804230418787,7.339122025172788e-05,8.226487069969406e-05,6.626615712404827e-05
693.0,0.5145533192946465,0.006739613468280906,0.002121333907813812,0.001010213353069899,7.32245321258571e-05,8.210467970491441e-05,6.614809796903645e-05
694.0,0.513833091998508,0.006905891466375347,0.002117357499456555,0.001009678161326027,7.305528778094259e-05,8.192760067731543e-05,6.6036207900147e-05
695.0,0.5134424141276647,0.006888467015988602,0.002113389192343441,0.001009204128177586,7.287110377009855e-05,8.177991845917437e-05,6.591181938230085e-05
696.0,0.5126306582372703,0.007431815623679109,0.002110066406129358,0.001008788913197527,7.267526577763402e-05,8.159876507775256e-05,6.579311370606473e-05
697.0,0.5123188696590919,0.007347728040596302,0.00210474947704045,0.001008491803124078,7.248330071486102e-05,8.141869092855432e-05,6.566195333218966e-05
698.0,0.5118366062421555,0.006964036174168868,0.002097391657674748,0.001008372062893975,7.22575859941355e-05,8.122587704308967e-05,6.553738939390809e-05
699.0,0.5110321649190803,0.008451490618612362,0.00209448200532224,0.001008370267160249,7.203495994954773e-05,8.099711639418965e-05,6.542253777079896e-05
700.0,0.5105843452496753,0.007462637967687504,0.002086081303449598,0.001008548429741015,7.18046349394318e-05,8.077763935938354e-05,6.530952659190643e-05
701.0,0.5098883069895866,0.007508712009884561,0.002079218158099486,0.001008892693544521,7.155647246380813e-05,8.055151150629412e-05,6.515020385823408e-05
702.0,0.5089084588818876,0.00729611618477414,0.002071573413615857,0.001009384986215863,7.129964611457362e-05,8.034063907014085e-05,6.501156568483894e-05
703.0,0.507999252927406,0.006777812822760136,0.00206235509099214,0.001010056640129353,7.10562977104762e-05,8.008144587832091e-05,6.485075409027368e-05
704.0,0.5072597778771604,0.00649732122719054,0.002051842549335225,0.001010903410554404,7.080185798246082e-05,7.97975678266663e-05,6.470432775354332e-05
705.0,0.5060359870204465,0.006574068711538706,0.002043990271302053,0.001011939203030031,7.053016110333521e-05,7.952428085416233e-05,6.454299594311539e-05
706.0,0.5048154645940177,0.006714941149181252,0.002036407709608873,0.001013052638588602,7.027276808212661e-05,7.927035389653452e-05,6.439140375366684e-05
707.0,0.504213363863634,0.006669292162400894,0.002027161505682088,0.001014299007985553,7.000336652325648e-05,7.901088437910455e-05,6.425245737950376e-05
708.0,0.5035106228419337,0.006826706739621443,0.002018646914395717,0.001015682928616878,6.973010602796702e-05,7.87466555109207e-05,6.409335917757951e-05
709.0,0.5024416658402642,0.007611312188720265,0.002010725149900509,0.001017256948643794,6.94821543198705e-05,7.847180608241745e-05,6.393021574225472e-05
710.0,0.5016274166516236,0.007096587552412987,0.00200278236504688,0.001018997791071906,6.91986600903174e-05,7.815411172538213e-05,6.377849663774396e-05
711.0,0.5007630482331974,0.006916973089268518,0.001991430280918664,0.001020804295001714,6.8918288689395e-05,7.784279016499171e-05,6.361265820092416e-05
712.0,0.4999187323613308,0.00658791447747338,0.001981245052389931,0.001022672435351803,6.863954785667615e-05,7.752563909499225e-05,6.343719332156886e-05
713.0,0.4989375451234196,0.006571754594581265,0.001972783704497473,0.001024694598582511,6.83444654910317e-05,7.72220340184118e-05,6.327195385267198e-05
714.0,0.4982630813166438,0.006552575163757427,0.001963439244723701,0.001026873338586254,6.80588392542936e-05,7.691492869642971e-05,6.31141539519784e-05
715.0,0.4973077423205907,0.006724087137239779,0.001955244289921022,0.001029170933647593,6.775654410344346e-05,7.659421249903447e-05,6.294957023920373e-05
716.0,0.4961559254028944,0.006501222224940817,0.001945111529222808,0.001031560760046039,6.74602546619189e-05,7.626355530608093e-05,6.279979516102128e-05
717.0,0.4949876594377754,0.006298667914421198,0.00193618940867069,0.001034010349684936,6.716287350526665e-05,7.594746548934494e-05,6.262754733503871e-05
718.0,0.4938086902443108,0.006188886746274976,0.001927486405574121,0.001036552188539778,6.686934514604701e-05,7.562670008523654e-05,6.247881845342662e-05
719.0,0.4930237343663496,0.006225849654393933,0.001919767815208572,0.001039220179583017,6.657842463015984e-05,7.531990143799742e-05,6.233887281214616e-05
720.0,0.4919195460086504,0.006740219844337324,0.001913602358091406,0.001041959535691148,6.627858487488212e-05,7.501031522947419e-05,6.221218310876275e-05
721.0,0.491085384629747,0.006521947056430465,0.001906741258882168,0.00104474840226467,6.598139236214102e-05,7.46845789114095e-05,6.207725891333438e-05
722.0,0.4901724304679762,0.006406321655880661,0.001900738588304326,0.001047527272204036,6.568261070987343e-05,7.437019552564572e-05,6.193056332915929e-05
723.0,0.48927062644314,0.006202553528103967,0.001893879338861929,0.001050329956946163,6.538271284758853e-05,7.407377914206638e-05,6.178625534769567e-05
724.0,0.4882452441430962,0.006359699156679399,0.001888284819877956,0.00105311256143937,6.51005945380673e-05,7.377900124279303e-05,6.163663128999656e-05
725.0,0.4875740654245375,0.007524216851131501,0.001884469546033543,0.001055886949248679,6.481003583889196e-05,7.34789468673829e-05,6.150482858876234e-05
726.0,0.4870949736096686,0.006869615941917997,0.001880557570271053,0.001058666676797762,6.454330616685066e-05,7.318865694587948e-05,6.138903011947413e-05
727.0,0.4862131325903208,0.006768746881876787,0.001875380026745957,0.001061437068859504,6.427299264837693e-05,7.29158620071879e-05,6.123835511659955e-05
728.0,0.4854106692262654,0.006393064739776334,0.00186962446373144,0.001064167099905182,6.39713421119412e-05,7.265590543127506e-05,6.107072693889051e-05
729.0,0.4845128821680928,0.00695207617084938,0.001865206914637658,0.001066862119556013,6.371598801402802e-05,7.240372143641137e-05,6.091874651114505e-05
730.0,0.4836872773732137,0.00648081676481801,0.001860394693314923,0.001069470732133819,6.345697343424132e-05,7.215130980468166e-05,6.077861044197605e-05
731.0,0.4825039228048905,0.006569649247029812,0.001856164388260331,0.001072042907273895,6.318915002534089e-05,7.191888929725846e-05,6.063798680459887e-05
732.0,0.4812721991019893,0.006758291241169686,0.001851553705781753,0.001074606047642494,6.293381419328144e-05,7.168518041285851e-05,6.048064125251438e-05
733.0,0.4799455359789541,0.006438843436587189,0.001844387735485178,0.001077117981407099,6.270798547310883e-05,7.142947073028835e-05,6.034182754702385e-05
734.0,0.4790789105228557,0.007051831845094232,0.001842325771204274,0.001079595164821871,6.246397829588458e-05,7.117644814131251e-05,6.019728702252248e-05
735.0,0.4783176166113795,0.00663857979915431,0.0018366128859345,0.001081929260993642,6.225025263249525e-05,7.095270612760159e-05,6.00742813484059e-05
736.0,0.4777221043238166,0.006547014978423322,0.001829231728691962,0.001084118110654398,6.201883820381224e-05,7.072837223194104e-05,5.992537629884007e-05
737.0,0.4770037426605342,0.007864665558138199,0.001825193295011938,0.00108622883692364,6.181897676577407e-05,7.05027217580322e-05,5.978185451396665e-05
738.0,0.4762451557663816,0.007288331140040884,0.001821920476394033,0.00108818221865615,6.162330326656464e-05,7.028557846152405e-05,5.964251069827772e-05
739.0,0.4754849503990081,0.006821470997771572,0.0018143596118473,0.001089969911237373,6.144318872153975e-05,7.006444493995306e-05,5.950185106879157e-05
740.0,0.4750265208203401,0.006513968532763203,0.00180867142013146,0.001091571251612047,6.123780646199629e-05,6.985658226845028e-05,5.935011521481623e-05
741.0,0.4744224478627503,0.007846218100532555,0.001803819041160028,0.001092993618023351,6.103951933214314e-05,6.966536979171929e-05,5.920736538133198e-05
742.0,0.4736044109254762,0.02943313243303266,0.001813877075477696,0.001094248778807004,6.08386841154506e-05,6.947692268304748e-05,5.904819053130635e-05
743.0,0.4732016641039389,0.0195151092082276,0.001823788183450377,0.001095297285440846,6.065893284450688e-05,6.929792210719102e-05,5.893518966025787e-05
744.0,0.4726737977611485,0.01313875341375493,0.001815534506768403,0.001096108912765262,6.046435221332866e-05,6.910464830359434e-05,5.879387289204022e-05
745.0,0.4716400170682479,0.007754817933749534,0.001792697867123514,0.00109685463998252,6.028911591095659e-05,6.892488887280497e-05,5.864515695509945e-05
746.0,0.4705771693875206,0.007355211933483092,0.001786080351860375,0.001097405477915304,6.012622439814996e-05,6.876090973789642e-05,5.852235307346431e-05
747.0,0.4694141981028412,0.006940296437517784,0.001780688416103917,0.001097757307076332,5.995196675990828e-05,6.859709853565688e-05,5.837393415836292e-05
748.0,0.4684406757097037,0.006800654276688032,0.001778072862217402,0.001097925928084207,5.978176543819588e-05,6.843513428509718e-05,5.82215595277158e-05
749.0,0.46786933693307,0.006590163384721947,0.001774989023926023,0.001097983010590698,5.960532085938007e-05,6.828573939307918e-05,5.805419868619203e-05
750.0,0.4669968323904554,0.006553112583342131,0.001771969223188237,0.001097986797538659,5.944234754598914e-05,6.812913223667395e-05,5.790454341834344e-05
751.0,0.4663268544543243,0.006431189685194095,0.001768807410212573,0.001097829277798213,5.929639079243724e-05,6.797068153613006e-05,5.773883736146236e-05
752.0,0.4660524712864358,0.006599031155104641,0.001767949088251519,0.001097534787345787,5.915298108277495e-05,6.7797232440088e-05,5.757377926233606e-05
753.0,0.4654798757409523,0.006336883473134579,0.001766218255365049,0.001097256131940971,5.901438368229432e-05,6.763417807775864e-05,5.742592983784097e-05
754.0,0.4652170591102537,0.006505696678029502,0.001764661926314887,0.001096894145579843,5.888077369914004e-05,6.746341468745996e-05,5.725489261579422e-05
755.0,0.4645791839757463,0.006138384253368144,0.001763221346312841,0.001096348756999504,5.872962697176591e-05,6.730051969977782e-05,5.709162764098293e-05
756.0,0.4639748578009589,0.006444871137316522,0.001762033122716811,0.001095839175340512,5.863028373886925e-05,6.712138081185244e-05,5.69147280590235e-05
757.0,0.4630441955000573,0.009371290164697274,0.00176454703791837,0.001095336270645831,5.85031627909007e-05,6.695495584741035e-05,5.673466487984072e-05
758.0,0.4618282150729094,0.008446542509074386,0.001761047392393002,0.001094841177170921,5.835362838007318e-05,6.677374765462425e-05,5.656160900885206e-05
759.0,0.4604964957712971,0.00872991640920714,0.001763374513773665,0.001094269768667929,5.820852570502927e-05,6.660033134140522e-05,5.639603210599287e-05
760.0,0.4594001962749267,0.007866266371286634,0.001761485759550893,0.00109371357579955,5.805627050359795e-05,6.64127002524845e-05,5.623495585834152e-05
761.0,0.4586835411526763,0.007015942499467118,0.001755741593745889,0.001093189335363553,5.791494446881128e-05,6.620762581368234e-05,5.609287075698131e-05
762.0,0.4580820066148877,0.009022822291549304,0.001755767361928571,0.001092623941471645,5.776228990400422e-05,6.601097138388747e-05,5.594023978292571e-05
763.0,0.4573330739857787,0.008822160182933934,0.001755535415926581,0.001091993267904998,5.76203685934599e-05,6.582947142159665e-05,5.58003746574514e-05
764.0,0.4566110584989988,0.007746988681796579,0.001750657409009043,0.001091359528057752,5.745814124431298e-05,6.564595895847708e-05,5.566185344577183e-05
765.0,0.4558440965686218,0.007275291019022061,0.001745549343581136,0.001090860901313785,5.727953122745878e-05,6.542870664369215e-05,5.55087505815711e-05
766.0,0.4550369173971689,0.008215863229579958,0.001743467090866779,0.001090427605027804,5.710606268379489e-05,6.522974853016897e-05,5.535585246518737e-05
767.0,0.4537306195167228,0.007603640378969182,0.001740195479234509,0.001089798901403977,5.693918974428604e-05,6.503862913229148e-05,5.521634404658134e-05
768.0,0.4527227178631361,0.007765052361773349,0.001734245823747504,0.001089164805480633,5.675563063788565e-05,6.484230382506415e-05,5.507668202046301e-05
769.0,0.45200817251439,0.007401320579817124,0.001730439593540165,0.001088611564297778,5.657407795279171e-05,6.464104653007865e-05,5.492365781045878e-05
770.0,0.4512355963049893,0.006795039354743874,0.001723246824729415,0.001087966198838875,5.639236225217267e-05,6.445855311892456e-05,5.477342020063717e-05
771.0,0.4502487191283306,0.006855057926169503,0.001718519826386499,0.00108727109810029,5.619394087102218e-05,6.427359626497144e-05,5.463918439898069e-05
772.0,0.4492978687914924,0.008703787844833772,0.001716012237036038,0.001086505509293176,5.599840500078463e-05,6.406470088186816e-05,5.448967601073651e-05
773.0,0.4479865286129286,0.0077936082181879,0.001709759866027707,0.00108578611569546,5.581599670338262e-05,6.384036194102453e-05,5.434470979080148e-05
774.0,0.4472648424432393,0.007587819700856217,0.001706439179233484,0.001085102215449767,5.563769712241503e-05,6.361518365326772e-05,5.41916647814937e-05
775.0,0.4464296634427036,0.00762453368232077,0.001700480720484076,0.001084298590652526,5.546113194176658e-05,6.339900673282757e-05,5.405813625702999e-05
776.0,0.4456479276872674,0.007627751701803812,0.001696321651067229,0.001083499971621679,5.527981470585094e-05,6.316611957534004e-05,5.394555470823305e-05
777.0,0.444628695617339,0.006779924752035205,0.0016897854896623,0.001082707147695705,5.508540030382852e-05,6.293549228517297e-05,5.3831065446539e-05
778.0,0.4436193954279948,0.006717077454905043,0.00168278459603814,0.00108201428244168,5.488960176875741e-05,6.269137648195221e-05,5.371270672999035e-05
779.0,0.4423824676002193,0.00707030891535573,0.001678930683109926,0.00108125600004722,5.467977851641912e-05,6.246139889242716e-05,5.357651271421068e-05
780.0,0.4412759280615481,0.007286921474089782,0.001673593974237045,0.001080508259293408,5.44836070985173e-05,6.222152688240954e-05,5.344542138477961e-05
781.0,0.4400871700624899,0.006709647147169466,0.001665917959304886,0.001079696424272215,5.425181044618475e-05,6.196936949821102e-05,5.331509148841502e-05
782.0,0.4391749189737281,0.006423384977170813,0.001658264494004146,0.001078865331629728,5.403054554535744e-05,6.17118244935392e-05,5.318442552357317e-05
783.0,0.4379205097298293,0.006352440592842631,0.001650888056879821,0.001077937780936915,5.382701515429677e-05,6.144267222686194e-05,5.304257244870676e-05
784.0,0.4365522443396364,0.006719679815115056,0.001646187245240952,0.001077007593356401,5.360908547756354e-05,6.117208428301648e-05,5.290324383167231e-05
785.0,0.4353079971882114,0.006650054522686197,0.001639916485400883,0.001076103841789146,5.339082513218297e-05,6.091204422552666e-05,5.278052611911248e-05
786.0,0.4341991192207532,0.006407769282128641,0.001634143005110047,0.001075260395434431,5.317988882506288e-05,6.066725730803828e-05,5.265348139949595e-05
787.0,0.4330618773755135,0.006319851648515334,0.001625695038594444,0.001074396958296453,5.296922667542432e-05,6.040137625947528e-05,5.25129379224086e-05
788.0,0.4318479718989997,0.00904409396669825,0.00162393311936346,0.00107351031937926,5.274617164647437e-05,6.012433605217964e-05,5.236027351751633e-05
789.0,0.4302493569277056,0.008214774201378177,0.001619469381588428,0.00107243442623026,5.255196845954004e-05,5.986283719855068e-05,5.220961734303395e-05
790.0,0.4288607220071223,0.007048193257620496,0.001609293970307524,0.001071367205631335,5.234224051839309e-05,5.959348592176574e-05,5.204124247453019e-05
791.0,0.4270402412240585,0.007506843983368532,0.001602973161322876,0.001070271929742647,5.212574318070229e-05,5.931275231262722e-05,5.188111469843197e-05
792.0,0.4251980506969743,0.00753010243680222,0.001599055061878525,0.001069134007017282,5.192006085859867e-05,5.905059012737836e-05,5.172114204957198e-05
793.0,0.423950516501439,0.006376377283542226,0.001589336065618769,0.001067854918388138,5.170204439987312e-05,5.878574400444745e-05,5.15410797879554e-05
794.0,0.4222107807433305,0.006198728693645109,0.001581808212016523,0.001066600313395215,5.150802133431406e-05,5.852462585467897e-05,5.134830319987081e-05
795.0,0.4211193672295203,0.007127198566392075,0.001579268444164049,0.0010653532679409,5.130791806949056e-05,5.827078694845074e-05,5.116858194368695e-05
796.0,0.4197280860311666,0.00682610878050403,0.001571645998704712,0.001064060993228131,5.111456499355805e-05,5.801333587870843e-05,5.097023596268666e-05
797.0,0.4180784919131445,0.006791179591967609,0.001565252508960615,0.001062674671658993,5.091605150680031e-05,5.775483910541656e-05,5.075620436887686e-05
798.0,0.4161561692933907,0.006336594324061221,0.001558632486071981,0.00106134602834407,5.074213244938177e-05,5.749692071075407e-05,5.055336997419289e-05
799.0,0.4148036629546247,0.006424992002309703,0.001551421859113309,0.001060016213321905,5.056839197010611e-05,5.723170705605665e-05,5.03499746435057e-05
800.0,0.4134624508845136,0.006565667074432052,0.001545698426605789,0.001058664316559005,5.038070315876884e-05,5.697366071087144e-05,5.014123244103344e-05
801.0,0.412228460733555,0.006041687478235636,0.001538164381557155,0.001057274522805934,5.021025092824027e-05,5.674083219252125e-05,4.99557124775627e-05
802.0,0.4111662795690075,0.009528217835907911,0.001539059688146401,0.001055817372069856,5.004548331529919e-05,5.650019679711657e-05,4.975073931146102e-05
803.0,0.4099479074944553,0.008770142827513476,0.001534056009345288,0.001054372412506858,4.987746756557412e-05,5.62504504706053e-05,4.956077627424841e-05
804.0,0.4088027179116825,0.00740645702825281,0.001523835061511436,0.001052961439408082,4.971969111991775e-05,5.600953163315287e-05,4.935749480524416e-05
805.0,0.4072683788747369,0.007355517943280887,0.001518499888823899,0.001051634786261397,4.954970607276922e-05,5.575582106552462e-05,4.916534490069663e-05
806.0,0.4060885108943287,0.00732464167173505,0.001511458378093538,0.001050346961114005,4.936756198905397e-05,5.550958207878724e-05,4.895706946593187e-05
807.0,0.4051371675383013,0.007253507878531785,0.001507573528513517,0.001049102818165975,4.918925901121088e-05,5.526947456935085e-05,4.875364268904755e-05
808.0,0.4042793387223017,0.007417744048680195,0.001502061217965876,0.001047972625868692,4.901686186450776e-05,5.504942894405405e-05,4.857273680769593e-05
809.0,0.4035447286846707,0.007389208452331646,0.00149644039319424,0.001046877037827869,4.883504187706733e-05,5.480917856462206e-05,4.838181669456566e-05
810.0,0.402603844173357,0.007762540359633923,0.001492889845937204,0.001045887239035275,4.864750707786401e-05,5.458955018139573e-05,4.818805288050304e-05
811.0,0.4015706728719846,0.007199200742374149,0.001485818802000493,0.001044978792957729,4.844783366980037e-05,5.436733030056452e-05,4.798495358011574e-05
812.0,0.4004970483743689,0.006833740696914585,0.001479320940340649,0.001044127368291366,4.82608020771118e-05,5.414193358467515e-05,4.778799319477556e-05
813.0,0.3991860678904681,0.006280859878018545,0.00147339112427509,0.001043351964594621,4.806483640879845e-05,5.393585398597578e-05,4.75986753084502e-05
814.0,0.3983775166236647,0.005753965725598789,0.001466490557877665,0.001042653154321169,4.78806923807878e-05,5.370948363813235e-05,4.741011943690939e-05
815.0,0.3973970575148996,0.007058495779853618,0.001464775987487357,0.001042047398294293,4.769292340690669e-05,5.351161066062914e-05,4.721653492249577e-05
816.0,0.3965060272610084,0.00658550847478822,0.001459624015765923,0.001041524688871613,4.749697910307319e-05,5.332083346025676e-05,4.702665617691212e-05
817.0,0.395817310564147,0.007549881808139754,0.001457034301064075,0.001041053127575986,4.730136966626864e-05,5.313299179898242e-05,4.683664923598328e-05
818.0,0.3945226792867434,0.01079834520534337,0.00145681024905612,0.001040618351712537,4.712302510625057e-05,5.294316168380913e-05,4.66332666842399e-05
819.0,0.3934498805039974,0.008222735651899018,0.00145349471682738,0.001040294054742857,4.692308986959121e-05,5.275811865892017e-05,4.64565077593062e-05
820.0,0.3923374880974284,0.00733461731147703,0.001445656920580944,0.001040038258994305,4.672216943150427e-05,5.257149110006058e-05,4.62737236635654e-05
821.0,0.3913910647381272,0.00755614841896885,0.001444416761546685,0.001039853290997976,4.652117128694053e-05,5.240243960666076e-05,4.608730139101488e-05
822.0,0.3906747591036971,0.007119060723354888,0.001437390888834025,0.001039708569816502,4.634977987583626e-05,5.223228346927072e-05,4.592382401000052e-05
823.0,0.3903120762415303,0.007705343207614941,0.001435950576359299,0.001039641413262634,4.618094187215141e-05,5.207604229854312e-05,4.575924108142819e-05
824.0,0.3894729797635265,0.008478483552520153,0.001437168831223718,0.001039658066917861,4.602817285979804e-05,5.191121784247299e-05,4.560400345216082e-05
825.0,0.3886144208946669,0.007756428011349426,0.001430744654397944,0.001039756964430026,4.586168933974557e-05,5.17583970420224e-05,4.544887761197535e-05
826.0,0.3878347089402695,0.00785648820712285,0.001427313468798784,0.001039946092391297,4.569303070853712e-05,5.160232698663783e-05,4.529938143478135e-05
827.0,0.38724310551772,0.006517774878146824,0.001420912257194995,0.001040156569396533,4.552022156731958e-05,5.146358494164201e-05,4.51648851429125e-05
828.0,0.386279815350193,0.006053090520882674,0.001416274115179099,0.001040429794942756,4.536364876371502e-05,5.132100538625222e-05,4.502756451308213e-05
829.0,0.3854872930455935,0.005814073044974868,0.001412719170497309,0.001040740680369965,4.521107908666909e-05,5.118724120946323e-05,4.489593701181784e-05
830.0,0.3845387582378019,0.005893851789861256,0.001408514325037773,0.001041111492784687,4.505114710530844e-05,5.10664963337984e-05,4.476746187363198e-05
831.0,0.3842149915062072,0.00642461790354509,0.001407382297934752,0.001041534913079925,4.491240111125523e-05,5.095071766016473e-05,4.466239282530968e-05
832.0,0.3835192280987587,0.00700024147311135,0.001404721053646924,0.001041977393568087,4.477729621309825e-05,5.084099929553769e-05,4.45717249945282e-05
833.0,0.3831788660517367,0.006555394971456152,0.001400917516391256,0.001042447730873242,4.463417428475401e-05,5.074445780331404e-05,4.446981000961016e-05
834.0,0.3821764648845217,0.006445540668905012,0.001397676652630436,0.001042946658667787,4.448134173530838e-05,5.065939419460587e-05,4.436243983431402e-05
835.0,0.3812742622201317,0.00591652293271893,0.001391192308564209,0.001043435117939832,4.433422015589037e-05,5.059624627806608e-05,4.427347718978252e-05
836.0,0.3799451277252401,0.005749740089594245,0.001387168374996136,0.001043967594351201,4.418359767786895e-05,5.051348112427309e-05,4.420768726217919e-05
837.0,0.3791329038191295,0.005268520096605493,0.001382180254604688,0.001044546668412702,4.402876914285466e-05,5.044770756517316e-05,4.412395213527991e-05
838.0,0.3779825765176786,0.005167262078367286,0.001378023195400615,0.001045187250224469,4.38842068195876e-05,5.037702686675788e-05,4.406320521074461e-05
839.0,0.3772732512081661,0.005306665389401014,0.001374817597039773,0.001045823711654407,4.372580821950732e-05,5.031983283398604e-05,4.399850618733359e-05
840.0,0.3760484164401508,0.005975502767271258,0.001372980185025108,0.001046535206539769,4.357333893143895e-05,5.026201801401391e-05,4.392297686790305e-05
841.0,0.3754763411067647,0.005624132855289362,0.001369288834951574,0.001047316686583749,4.344444388837953e-05,5.023233051078982e-05,4.385660046647547e-05
842.0,0.3744840789649894,0.005604671048380025,0.001364615228091531,0.001048162214657499,4.330359165750358e-05,5.018554305685051e-05,4.379443878505812e-05
843.0,0.3742064492042379,0.005750314402755505,0.00136328723649537,0.001049006134094243,4.316741825023512e-05,5.01656205869457e-05,4.372805290523377e-05
844.0,0.3736373394999368,0.005228143073797182,0.001358847127319722,0.001049840420027969,4.306481656406364e-05,5.015801724480251e-05,4.366926636867438e-05
845.0,0.3729782360360075,0.007964727387582913,0.00135671741389826,0.001050649574018426,4.294980473147111e-05,5.015207018786845e-05,4.361279442984844e-05
846.0,0.371869724778007,0.005960264381415904,0.001352568327402696,0.001051486678210999,4.284077162348943e-05,5.013422975176294e-05,4.354474976348542e-05
847.0,0.3709415246112154,0.006119443777705631,0.001349203108355132,0.001052342855599943,4.274179037895667e-05,5.013057660789769e-05,4.347695675436461e-05
848.0,0.3700291531066127,0.005608786606744238,0.001345754243456625,0.001053217710894624,4.265578760276573e-05,5.011721805681147e-05,4.340716505438555e-05
849.0,0.368655234821288,0.005332204625084467,0.001340471269715426,0.001054076757171769,4.256484090605411e-05,5.00979238188896e-05,4.333560359945842e-05
850.0,0.3678627522382828,0.005277961050382967,0.001336757878072369,0.00105501774713573,4.250738796357641e-05,5.009447529468697e-05,4.326044122413565e-05
851.0,0.366671984064674,0.00543559322548156,0.001334526368309477,0.001056007715391264,4.24284612257863e-05,5.007965735786858e-05,4.318097916332502e-05
852.0,0.3660948765180491,0.005132572509961558,0.00133145390205515,0.001056986777066841,4.237826813531996e-05,5.0059721544348e-05,4.310759762657908e-05
853.0,0.3653539403417934,0.005414294169619225,0.001327811747833628,0.001057972995632314,4.232920525148133e-05,5.00452493835899e-05,4.302703602890926e-05
854.0,0.3645542521599708,0.005230808633218732,0.001325544642216645,0.001058961266302211,4.228506259020054e-05,5.002175379449687e-05,4.294863050403098e-05
855.0,0.3633326343128772,0.005162869833529827,0.001321650158390233,0.001060021705267834,4.223564621427912e-05,5.000817200043567e-05,4.287928970743786e-05
856.0,0.3619417498503264,0.005530883557625535,0.001317180711600546,0.001061144555093775,4.219066019818227e-05,4.999235557680888e-05,4.278833900246646e-05
857.0,0.3609512085173432,0.005585738438401848,0.001315128204514783,0.001062270611524557,4.216194131826136e-05,4.997523384178546e-05,4.271071321141666e-05
858.0,0.35991268970102,0.00595677273694783,0.001315612792359334,0.001063384020471621,4.213448849457515e-05,4.995341873790618e-05,4.264723351381991e-05
859.0,0.3590789665867878,0.006014306913562572,0.001310100790920594,0.001064522757908673,4.212803252476736e-05,4.991820707246798e-05,4.25891324832271e-05
860.0,0.3582284460591733,0.006274983265818403,0.001308195430437822,0.001065691609754114,4.209356120318553e-05,4.989762341500691e-05,4.251612279602656e-05
861.0,0.3571573916110278,0.005759777732398118,0.001304495990459786,0.001066911462895299,4.207786167139602e-05,4.988223593001173e-05,4.244966088078401e-05
862.0,0.356256948438429,0.005711172299991489,0.001301349951303566,0.001068160515927624,4.207834042381513e-05,4.986337605751319e-05,4.239806999072492e-05
863.0,0.3554289620200429,0.00619513901656761,0.00129909841579857,0.001069399140126728,4.206332139840775e-05,4.982588497975347e-05,4.232906789420563e-05
864.0,0.3546619648276215,0.005796684999615494,0.001294979681330245,0.001070684896560407,4.204410601270054e-05,4.981163953863625e-05,4.225780055034728e-05
865.0,0.3539805724577176,0.007317235315504351,0.0012920950900333,0.001071943894334121,4.203657058170481e-05,4.979310297630433e-05,4.219960140852568e-05
866.0,0.3530909653212564,0.006805679461065195,0.001289545116912458,0.001073232214879894,4.202140910054539e-05,4.979221547982597e-05,4.216158888593878e-05
867.0,0.3526412629958009,0.007232123361189458,0.00128734804256428,0.001074538160708673,4.203175215331679e-05,4.978149043924967e-05,4.211003888856098e-05
868.0,0.3517980929000467,0.005797904868199638,0.001282906875517558,0.001075821905362486,4.202726055506233e-05,4.977947528282067e-05,4.206369866799135e-05
869.0,0.3509785402652215,0.006432873388448056,0.001280959312666623,0.001077159294126002,4.202444057047096e-05,4.978072321508907e-05,4.201271771346056e-05
870.0,0.3503636213497984,0.006216761975516466,0.001276597815800062,0.001078496829899069,4.205287629970084e-05,4.979433406058425e-05,4.198178955404185e-05
871.0,0.349661592879882,0.006181280100561363,0.001273761412976464,0.001079812010497852,4.205031916396735e-05,4.978572934616048e-05,4.195791469301904e-05
872.0,0.3489775938590409,0.005737566007763197,0.001271211853372849,0.001081140694432565,4.205204755246955e-05,4.97780876630165e-05,4.192320110066754e-05
873.0,0.3485621416848213,0.005409291510626493,0.001268193693835274,0.001082481155171981,4.205916492894895e-05,4.978889734018279e-05,4.190824920449314e-05
874.0,0.3484337434866882,0.004967928240398437,0.001262175963948848,0.001083846309761723,4.207935994585483e-05,4.981356881422405e-05,4.189034582162758e-05
875.0,0.3483946873708006,0.005735879777033815,0.00126334494643482,0.001085270502296068,4.209926708036522e-05,4.98482899043138e-05,4.186242235273247e-05
876.0,0.3479963399759055,0.005379255309926606,0.001260416075977213,0.001086760531783996,4.212064111488846e-05,4.989025715602479e-05,4.185718001119149e-05
877.0,0.3477497669915262,0.005714599915287423,0.001259336120047615,0.001088211794498516,4.214137481192029e-05,4.992705180340342e-05,4.183857722946465e-05
878.0,0.3472780659252699,0.005099165163349132,0.001255902834016331,0.001089719616814055,4.216347294664973e-05,4.99705797427611e-05,4.182467434433558e-05
879.0,0.3473554992176237,0.004839805540482501,0.00125440673191818,0.001091231842559152,4.218423945038343e-05,5.002755465999539e-05,4.179572734665305e-05
880.0,0.3472414903365684,0.005204978620443706,0.001253518686722198,0.001092738960282095,4.222386404354715e-05,5.007264893780781e-05,4.178292712513574e-05
881.0,0.3475984047105677,0.004817818221457632,0.001252584659679016,0.001094190270950735,4.226979026890291e-05,5.013248248843542e-05,4.176450922956545e-05
882.0,0.3477056186758693,0.005354285842820126,0.001253846735264939,0.001095649235915225,4.230214525125468e-05,5.018881257026284e-05,4.174776594947954e-05
883.0,0.3479309241948742,0.005503617282363996,0.001254819350673663,0.001097089517017411,4.235910390746521e-05,5.025330054520476e-05,4.173086324300492e-05
884.0,0.3485600851706233,0.005509400820255086,0.001254402301862701,0.00109858829687774,4.240271804094812e-05,5.031608909954692e-05,4.172478221985083e-05
885.0,0.3488560218919146,0.005284450674068886,0.001255002161749815,0.001100141184797268,4.247018033899304e-05,5.03780844900751e-05,4.172655279355796e-05
886.0,0.3493080363902756,0.005070726570845687,0.001256122022519814,0.00110155874842015,4.251594891448326e-05,5.043196873772435e-05,4.172816004108326e-05
887.0,0.3497384261680314,0.005049800508148786,0.001256242256745714,0.001102888389769172,4.255811172545568e-05,5.048945590820891e-05,4.173527216791078e-05
888.0,0.3503115170293254,0.004976823714533978,0.001257560386606765,0.00110417229486891,4.260185267527476e-05,5.053275831664579e-05,4.174920526365539e-05
889.0,0.3511810388110057,0.004907497280761028,0.001259971026607106,0.001105436871141238,4.26573351182911e-05,5.060493624233112e-05,4.176833777559669e-05
890.0,0.3516518738969143,0.004667106422794462,0.001262226206635935,0.001106810685829025,4.270313498819703e-05,5.066409804615577e-05,4.179041986648462e-05
891.0,0.3519980456625363,0.004921661917856616,0.001265752994030689,0.001108165218762888,4.276574743664587e-05,5.071816554710521e-05,4.179997860588398e-05
892.0,0.3522533009153139,0.005292774634259576,0.001270234603940494,0.001109526073633505,4.281877558714835e-05,5.076259675862295e-05,4.179908741572216e-05
893.0,0.3528470265443588,0.005379592085310186,0.001274658824522651,0.001110968603896163,4.288671547477856e-05,5.081482154613207e-05,4.183670208054275e-05
894.0,0.3533087992255448,0.005412971645257281,0.001278582030621456,0.001112411311473608,4.292847273031606e-05,5.084545533391668e-05,4.184291235566518e-05
895.0,0.353532271607336,0.005121547770245529,0.001280103510236456,0.0011139003068624,4.29793588040916e-05,5.085774073083149e-05,4.186604726945797e-05
896.0,0.353557122487442,0.004896331349776491,0.001283022076526999,0.001115282785112549,4.302014608132114e-05,5.087465760062296e-05,4.187895417115677e-05
897.0,0.3541282140144668,0.005055888812820916,0.001286449194535953,0.001116717412430205,4.305866152320176e-05,5.088804116400771e-05,4.189797638801641e-05
898.0,0.3544871563156925,0.004991720209398386,0.001290354367457753,0.001118144965879993,4.309780495261981e-05,5.09021775800945e-05,4.192767141764627e-05
899.0,0.3550065363043397,0.004954312254501644,0.001293783484658614,0.001119495255334855,4.31351076905816e-05,5.090728977912568e-05,4.195816521134591e-05
900.0,0.3550797295160038,0.004736139972495075,0.001297367492061218,0.001120919373829988,4.316530644018423e-05,5.091102173440186e-05,4.198751252975979e-05
901.0,0.3553697029722974,0.005419058805438222,0.001303457436852948,0.001122377843999435,4.31986778447115e-05,5.088862914820568e-05,4.202293128382022e-05
902.0,0.3555321656260935,0.005147998899112121,0.001307405115512762,0.001123865840255659,4.322552613254391e-05,5.087981685606013e-05,4.204409661054972e-05
903.0,0.3555375171315273,0.00541944658316341,0.00131067365976962,0.001125308776754657,4.324362395768365e-05,5.0862684964995e-05,4.206266968226907e-05
904.0,0.3558759258462023,0.006065959718982783,0.001317319185246574,0.001126686302105188,4.324695467255213e-05,5.084878131673544e-05,4.20946797884486e-05
905.0,0.3562392547314904,0.00561075246252914,0.00131845765964738,0.001128094709194287,4.325792622415048e-05,5.083620656667931e-05,4.214230707841445e-05
906.0,0.3564215327460983,0.005376748936071318,0.00132158298199331,0.001129399860201602,4.325719952679461e-05,5.080770458712155e-05,4.217784356023279e-05
907.0,0.356324771023211,0.005874978193073343,0.001327884159824623,0.001130730355454933,4.326604518832552e-05,5.076368855186264e-05,4.219842337666564e-05
908.0,0.3563679257905666,0.005698418786192282,0.001330260770364982,0.001132250079253702,4.326877504295238e-05,5.071982972881781e-05,4.223397856742255e-05
909.0,0.356414290085608,0.005790015754056377,0.001332948667034456,0.001133788462615337,4.326448525544569e-05,5.068021530513397e-05,4.22654397376838e-05
910.0,0.3565064219438092,0.005368801795120153,0.001335226082976553,0.00113538940732394,4.328209218332724e-05,5.062649177139265e-05,4.228312461033673e-05
911.0,0.3565846281346565,0.005270019944107971,0.001339004345101795,0.001136927583035455,4.328020021889849e-05,5.058861840855093e-05,4.229439271222737e-05
912.0,0.3560913568683157,0.005602904399941874,0.001343956560249638,0.001138534281142594,4.328816278481026e-05,5.054913857797897e-05,4.230928769501432e-05
913.0,0.3563804421244125,0.005828124928153375,0.001346862464774525,0.001140161245371483,4.330490623868596e-05,5.052452016466419e-05,4.23099011009996e-05
914.0,0.3566826948112144,0.005686181597334647,0.001350176372491804,0.001141737244774944,4.330468798456131e-05,5.049756852865361e-05,4.231945277932852e-05
915.0,0.3569231372902651,0.005596310559965699,0.001352447698307288,0.001143510094318607,4.331303725288324e-05,5.046280138859358e-05,4.233146050117612e-05
916.0,0.3571021194924736,0.005838338819054801,0.001355502349989648,0.001145219804726577,4.33285091292741e-05,5.042202116529797e-05,4.233856634129291e-05
917.0,0.3567726688688255,0.006652383946169653,0.00136108151835014,0.001147064861493976,4.332741933916734e-05,5.035683533249084e-05,4.234027758451288e-05
918.0,0.3570213185936226,0.006026776975040811,0.001363362687095854,0.001148768412362553,4.336483287900888e-05,5.03092961490348e-05,4.234651005876643e-05
919.0,0.3568128602384558,0.005812351228971242,0.001365243785127204,0.001150505048960367,4.335834578183376e-05,5.024722970557284e-05,4.233292560613319e-05
920.0,0.3568501445739888,0.005651357189413952,0.001367633513576473,0.001152222856625902,4.336197176235999e-05,5.019897812874224e-05,4.230754172245741e-05
921.0,0.3566174623507989,0.006622890011657289,0.001372342942735641,0.001153748439971154,4.33829828675862e-05,5.015473069707735e-05,4.229416682682859e-05
922.0,0.356495739640692,0.006744069960750262,0.001374838214230647,0.001155237721056633,4.339097852553074e-05,5.009348408569035e-05,4.226627962829969e-05
923.0,0.3561401010784531,0.006816376496851574,0.001379506743786582,0.001156753328537378,4.340670677540487e-05,5.004670525295804e-05,4.225009912454727e-05
924.0,0.3560723399894734,0.006491866169820398,0.001380206852526202,0.001158389573543508,4.34217479695929e-05,4.999783686250809e-05,4.221836945606188e-05
925.0,0.3556496578177896,0.006286656672243879,0.001382291318949193,0.001160156085879914,4.343159871097756e-05,4.995126594725844e-05,4.217536144681553e-05
926.0,0.3551166710839489,0.005484860803441793,0.001382838564923464,0.001161912113064548,4.34459205975286e-05,4.989600133957908e-05,4.213796646025021e-05
927.0,0.3549119051019764,0.005859209708826526,0.001386432605235914,0.001163446000809198,4.345710753586516e-05,4.986953986695849e-05,4.208608177344075e-05
928.0,0.3547880966460912,0.006473947978293741,0.001390768042694801,0.001165009740068734,4.348444552810354e-05,4.98375673807108e-05,4.203836405046023e-05
929.0,0.3549050667641671,0.00681003289847444,0.001393168550734935,0.00116652181957881,4.349904698034176e-05,4.979812309451591e-05,4.19818741915396e-05
930.0,0.3546618127647063,0.007326283118256783,0.001398155828149911,0.001167995653324651,4.352433678778975e-05,4.978103380442884e-05,4.194058301299221e-05
931.0,0.354446569993515,0.007178546900694921,0.001400892653997196,0.001169533308436393,4.355774015724631e-05,4.975345984034819e-05,4.188574449920462e-05
932.0,0.3545154639173811,0.006522396840942377,0.001401198207137558,0.001170996153067899,4.358613779488002e-05,4.971156347961773e-05,4.183193694556461e-05
933.0,0.354289450556909,0.006287431934944501,0.001401891005153611,0.001172422560468105,4.361853055546575e-05,4.968071046971959e-05,4.177862360814077e-05
934.0,0.3540207707316053,0.006551664229379514,0.001404170770594662,0.001174011343192994,4.367254247715654e-05,4.964595978242127e-05,4.173333018420696e-05
935.0,0.3539519081913067,0.006603199529467752,0.001406329397222103,0.001175582603719348,4.368612004861669e-05,4.959797064222769e-05,4.1671105253975e-05
936.0,0.353910116142809,0.006522083407380568,0.001408046705516533,0.001176986939266619,4.371594480293198e-05,4.956199101622223e-05,4.161294463675876e-05
937.0,0.353766123133394,0.006746221136657436,0.001409196124055286,0.001178300465288917,4.374151706420313e-05,4.951644705076725e-05,4.15478149259016e-05
938.0,0.3533291750490153,0.006497658916716373,0.001408389425012387,0.00117953006937543,4.376285874608279e-05,4.946359317728444e-05,4.148434511773776e-05
939.0,0.3528764959592928,0.00622485995978765,0.001408347852972001,0.001180890595203635,4.379392631153784e-05,4.943812863394351e-05,4.14245261051815e-05
940.0,0.3526556840390697,0.007413571266391022,0.001409964142317044,0.001182264972123806,4.383436284498348e-05,4.939576237563622e-05,4.136153346074192e-05
941.0,0.3522885467725745,0.006886590650980943,0.001409626010887006,0.001183363749888974,4.385252204811244e-05,4.934614063185231e-05,4.129706916585311e-05
942.0,0.3517838597348831,0.006614883311481811,0.001411972245486337,0.001184680448564156,4.38866158559519e-05,4.930380603964518e-05,4.124122314885885e-05
943.0,0.3514765603398282,0.006764139548843825,0.00141095182668602,0.001185702769550871,4.392036518719911e-05,4.925152150863626e-05,4.119083698616828e-05
944.0,0.3514131128900051,0.006391036336627319,0.001410457070102302,0.001186792329087291,4.395240716384982e-05,4.921098669948141e-05,4.11309071767756e-05
945.0,0.3507828221543635,0.00643509021467178,0.001410000778466207,0.001187768005486063,4.396707850538079e-05,4.915863359145515e-05,4.105957767437301e-05
946.0,0.3507972405377122,0.006272430441247398,0.001409195440719577,0.001188724635063346,4.401471892596575e-05,4.911118764231182e-05,4.101082010269436e-05
947.0,0.3505836820859046,0.006825938055082827,0.001411116862148696,0.001189744539716174,4.403696411196203e-05,4.907380378078027e-05,4.096763054888219e-05
948.0,0.3501534389928529,0.007071488534266862,0.001410797288151195,0.001190637471462392,4.40831600763844e-05,4.902808112950567e-05,4.092820271733324e-05
949.0,0.3501101721614555,0.006431531671740894,0.001408365379560743,0.001191456250122273,4.413168591562791e-05,4.897581920489721e-05,4.087153474074579e-05
950.0,0.3497179415863746,0.006278116909393985,0.001409772570155678,0.001192297243788612,4.415517044290517e-05,4.893475833186292e-05,4.083152838068358e-05
951.0,0.3496872679369452,0.005913801710096471,0.001407160653877665,0.00119319110026559,4.418839077914916e-05,4.889225462690998e-05,4.080797664768635e-05
952.0,0.3494089109088371,0.006004387175416609,0.001407559943321259,0.001194101094484838,4.419705495849287e-05,4.884753633271325e-05,4.077714605075158e-05
953.0,0.3495434221797457,0.006587578767281869,0.001409021481534785,0.001194876828900178,4.420379655846156e-05,4.881386633422716e-05,4.077102297819594e-05
954.0,0.3492066712103631,0.006534486263735598,0.001409955677085169,0.001195689870902348,4.421648650872268e-05,4.878161280823718e-05,4.077233788559226e-05
955.0,0.3488181391168547,0.007892555832718416,0.001411012590856385,0.001196232027610791,4.422575657584517e-05,4.875557395513933e-05,4.07907335380442e-05
956.0,0.3487242535431671,0.007814164787994599,0.001410090094357843,0.001196749295615762,4.422824296377269e-05,4.871134594204556e-05,4.079052346596875e-05
957.0,0.3485520782099413,0.007236635754484479,0.001413347815052505,0.001197199304965007,4.423451836057231e-05,4.866109728457506e-05,4.078315047447399e-05
958.0,0.3484728592687628,0.006435413141637023,0.001411105077019579,0.001197457112582665,4.424667633926037e-05,4.863771542867934e-05,4.081087322137135e-05
959.0,0.3482923072983151,0.006448151156464852,0.001409489835845033,0.001197732360877271,4.42429385448178e-05,4.859705022167989e-05,4.083363061727335e-05
960.0,0.3481204472618707,0.005391611448290219,0.001406724103546511,0.001198073049633823,4.424506435869375e-05,4.85771440086775e-05,4.087489346100095e-05
961.0,0.3482099193510524,0.006013261855314912,0.001407902287079396,0.001198152525034544,4.42383757899565e-05,4.853359923124198e-05,4.0916655159419e-05
962.0,0.3479290523971166,0.006302174509453399,0.001409169765369825,0.00119803180992219,4.423245050298651e-05,4.851311586230371e-05,4.097553051202615e-05
963.0,0.3478705780493356,0.006532173742546718,0.001410308203768969,0.001198041826734166,4.422144581237743e-05,4.849781310048876e-05,4.105319535463912e-05
964.0,0.3478406702360535,0.006085140566279796,0.001409044129765354,0.001197967015561479,4.419888732596386e-05,4.848146020997696e-05,4.112678046751903e-05
965.0,0.347584717969158,0.006100817941325106,0.001407375354964835,0.001197655169808456,4.416855947970748e-05,4.845684203539945e-05,4.120284996882876e-05
966.0,0.3474605298503453,0.00633294280715362,0.00140738368726212,0.001197323776808288,4.412601416616208e-05,4.845608130570371e-05,4.131334979240427e-05
967.0,0.3474497135466815,0.006697523656823319,0.001406527966733024,0.001196907415639372,4.40927608027671e-05,4.844068412271005e-05,4.141221011125674e-05
968.0,0.3478557725224267,0.00616478802843244,0.001405003642900286,0.001196533415659127,4.407727254974307e-05,4.842254984052281e-05,4.152354662765537e-05
969.0,0.3479675083824859,0.005845649742103921,0.001402614724674411,0.00119615589648727,4.403239669759358e-05,4.8405039319795e-05,4.163727734268455e-05
970.0,0.3477641762964666,0.006095970163645978,0.001402342054841417,0.001195775409090384,4.399621646726796e-05,4.837612270722185e-05,4.175271952264587e-05
971.0,0.3474298412925735,0.006213678500051089,0.00139909108208093,0.001195332410742528,4.394419252348787e-05,4.83566216035293e-05,4.188041267884249e-05
972.0,0.3473031466881178,0.006019917731229237,0.001396508343004321,0.001194893451975242,4.389595962719977e-05,4.832839985259766e-05,4.201609540639812e-05
973.0,0.3472380010197259,0.006111670525850331,0.001394985794981449,0.001194548819752593,4.385032045026426e-05,4.830000248004524e-05,4.215013722967758e-05
974.0,0.3469810856821828,0.00683126605871114,0.001393604854584523,0.001194129515065641,4.379339624946899e-05,4.828607736728461e-05,4.229961953865284e-05
975.0,0.3470117383670704,0.006834219135179149,0.001391057574425803,0.001193707782398613,4.37586441978794e-05,4.826497480132431e-05,4.244223925329171e-05
976.0,0.347439302313986,0.007143086494723915,0.001390149080409429,0.001193204080195904,4.372497780555382e-05,4.824151759203113e-05,4.258270826076625e-05
977.0,0.3472922111190976,0.00649413300540357,0.001385684675472862,0.001192646327703352,4.368523344458431e-05,4.822227740029014e-05,4.273299344113985e-05
978.0,0.3476906368892032,0.006550358603137419,0.001381657748454154,0.001191986986953838,4.364880413265461e-05,4.820974945481619e-05,4.288033439061854e-05
979.0,0.3477874113583972,0.006257794803560431,0.001378341145413031,0.001191356772147185,4.36132346631312e-05,4.819008914816286e-05,4.301198217291623e-05
980.0,0.3473699939868529,0.007240498421192922,0.001376226720550213,0.001190695364003479,4.356779461766978e-05,4.817060880325253e-05,4.314256544414691e-05
981.0,0.3474732401076707,0.006694715097509824,0.00137055739141949,0.001190095708408038,4.352762698151849e-05,4.814973173996853e-05,4.327313812203637e-05
982.0,0.3476465672849697,0.007767565613122365,0.001371206596466721,0.001189492473150172,4.350768475062119e-05,4.812162140001277e-05,4.341984656257625e-05
983.0,0.3480423002378888,0.007283313256448047,0.001367520067966269,0.001189023792479877,4.346361779362852e-05,4.809456946458636e-05,4.356211661015189e-05
984.0,0.3480626188674711,0.007389456120685822,0.001362826267048739,0.001188453464107643,4.344550287702107e-05,4.806980193943686e-05,4.3686175831806e-05
985.0,0.348284488659686,0.00679831384017659,0.001356880353433507,0.001187791623239621,4.343210245147291e-05,4.803790495111865e-05,4.378831804875885e-05
986.0,0.3482141897473697,0.006177332519756969,0.001352722604391284,0.001187027356190058,4.34056395541588e-05,4.799967187746322e-05,4.387718976657082e-05
987.0,0.3485731400065512,0.00542273816981765,0.001346928057914919,0.001186427871374606,4.338884368497277e-05,4.796849301990378e-05,4.398839549443907e-05
988.0,0.3491645815597412,0.005853930039071758,0.001343341213782172,0.001185904785160452,4.339401378507413e-05,4.79417122587689e-05,4.407311218979381e-05
989.0,0.3494434752855107,0.005471778649563372,0.001339463653856011,0.001185273506618645,4.341105834738627e-05,4.791184549190912e-05,4.415262400436555e-05
990.0,0.3494000571959437,0.006362264401849656,0.001337918326554653,0.001184550887483153,4.342515171155808e-05,4.788279067093433e-05,4.421973066527951e-05
991.0,0.3494891175520599,0.006298037646425529,0.001334775981616175,0.001183725945188011,4.343235981405037e-05,4.784731337971033e-05,4.429855734639557e-05
992.0,0.3494858789578052,0.005856299129278612,0.001330737575748251,0.001182882422848265,4.343321909366356e-05,4.782693771840995e-05,4.437564470606695e-05
993.0,0.3498959699720227,0.006550353565102414,0.001328542928750425,0.001181931333613813,4.342948620467359e-05,4.779537867333661e-05,4.441852920997362e-05
994.0,0.350163958905194,0.007006736485469393,0.001326718228425469,0.001181003512144418,4.345797722672834e-05,4.776269927365514e-05,4.44699347765159e-05
995.0,0.3505424147492575,0.006045863446096685,0.00132209351335023,0.001179878992539701,4.349491394055201e-05,4.776797485373037e-05,4.452414127207008e-05
996.0,0.3510117788063783,0.007318622744559937,0.001321402985639384,0.001178697690764609,4.351456209008313e-05,4.773209034799366e-05,4.456007754100359e-05
997.0,0.3511539274023155,0.008561124212329107,0.001320637708339296,0.001177523940094351,4.355561904252779e-05,4.771106994403621e-05,4.458276448852327e-05
998.0,0.3508745669205505,0.006944076668449799,0.001316330804530918,0.001176278721672716,4.358618431315548e-05,4.768728450865586e-05,4.460107761228028e-05
999.0,0.3509346325329099,0.006386022253061627,0.001312362537671907,0.001174901121591524,4.36131223067556e-05,4.767306733402445e-05,4.461256833824568e-05
1000.0,0.3510542455619934,0.006439328763684728,0.001308491579382561,0.001173552931377866,4.364869653895249e-05,4.764878440058097e-05,4.461349532690224e-05
1001.0,0.3511945709235682,0.007831191645110536,0.001308527659020326,0.001172188861857028,4.369483301016388e-05,4.761594084035568e-05,4.461773272220014e-05
1002.0,0.3511862806548829,0.007475719063646594,0.001305434696706241,0.00117064579149607,4.372425804218165e-05,4.758172083189549e-05,4.46079257807266e-05
1003.0,0.3508431481617312,0.007194581491084879,0.001302409510216872,0.00116897247784656,4.373894149469727e-05,4.754347289956656e-05,4.458239536269406e-05
1004.0,0.3507310333627906,0.007194994434924537,0.001297994979253701,0.001167162305233834,4.374022379326126e-05,4.750802951806402e-05,4.456218590971969e-05
1005.0,0.3507075742090068,0.007151666578499884,0.00129394556329637,0.001165242452378545,4.376169996201369e-05,4.747169997474417e-05,4.453196250453579e-05
1006.0,0.351189507526915,0.006608873736840428,0.001289646227545956,0.001163323424552411,4.378970457854787e-05,4.743115643985133e-05,4.449811990443211e-05
1007.0,0.3510238872366826,0.006774969658785502,0.001287998925748394,0.001161242073436281,4.381196245946361e-05,4.737996396473793e-05,4.446469101786714e-05
1008.0,0.3509545230805018,0.006822682297646728,0.001283836255528076,0.001159143167769275,4.382171195044925e-05,4.732207155706827e-05,4.443003067077271e-05
1009.0,0.3506675144151486,0.006420555491875019,0.00127993060973762,0.00115703384380029,4.383033411414152e-05,4.726014059601012e-05,4.437729295865899e-05
1010.0,0.3503776222725479,0.005958400105912413,0.001275281196812358,0.001154838581092317,4.383714148945007e-05,4.720993058977577e-05,4.432353670185383e-05
1011.0,0.3501289717465642,0.005826981081328255,0.001271381660582295,0.001152542995578035,4.38541695468093e-05,4.714598873548908e-05,4.426142443745215e-05
1012.0,0.3500238670422178,0.00601314791014718,0.001267687451735954,0.001150235358381325,4.386310600861583e-05,4.707216981814441e-05,4.418450318557838e-05
1013.0,0.3499769175769311,0.007385955772348777,0.001267948646531944,0.001147775911195685,4.385957801526297e-05,4.700111626436333e-05,4.413291462072769e-05
1014.0,0.3497281747842612,0.006659866366849625,0.001264107843584971,0.001145219441251119,4.38583461983191e-05,4.692317879317829e-05,4.407360783291314e-05
1015.0,0.3497205810032173,0.006470201671385825,0.001260826845072753,0.001142581973930176,4.387222698852647e-05,4.684013952357271e-05,4.402050575600436e-05
1016.0,0.3495629013279132,0.006084883114257675,0.001255051714656844,0.001139886311844344,4.388696669175599e-05,4.67480159569109e-05,4.395578199228314e-05
1017.0,0.3494292755629658,0.006489236078826946,0.001252512233201826,0.001137247601944474,4.39038470128948e-05,4.666836626044542e-05,4.389969999843354e-05
1018.0,0.3495314012611507,0.006190569526748846,0.001249021576369883,0.001134516512225485,4.392607323667989e-05,4.658294678670526e-05,4.384753395106983e-05
1019.0,0.3494875720903399,0.006877758499436404,0.001246996693666979,0.001131762952331393,4.39492586005569e-05,4.650753240614002e-05,4.381078225719879e-05
1020.0,0.3493193719475886,0.006464455106210454,0.001244470866185703,0.001128974904026256,4.39726291824318e-05,4.643662606006526e-05,4.377612588271546e-05
1021.0,0.3492722176300259,0.005663524579396363,0.00123807871023147,0.001126135546732586,4.39999190587835e-05,4.635115335395526e-05,4.372134115773138e-05
1022.0,0.3489239606361036,0.007607543796531398,0.001239803189929235,0.001123237447920485,4.402139846784995e-05,4.625843238472367e-05,4.367178045569617e-05
1023.0,0.3489754229856165,0.006587442431886898,0.001238284034762887,0.001120267174448978,4.405574219012152e-05,4.617978625065395e-05,4.364966876941518e-05
1024.0,0.3490888174200579,0.006019713645397684,0.001235579729634909,0.001117291571452258,4.411231592794734e-05,4.61075078047352e-05,4.364697614005902e-05
1025.0,0.3493416767788015,0.006355945760429068,0.001233216326207125,0.001114261007972733,4.419538960176304e-05,4.604244147902074e-05,4.36336652112492e-05
1026.0,0.3492559139522861,0.006308100332982032,0.001231912385626481,0.001111193420388456,4.426123505981758e-05,4.598020085022572e-05,4.362804559709078e-05
1027.0,0.349024051313289,0.005453666077258156,0.001227374356150164,0.001108037989767552,4.430758190248125e-05,4.592065823475945e-05,4.36267012330345e-05
1028.0,0.3489041027296461,0.005267352742970746,0.001226357636183923,0.001104842808790814,4.436815388528032e-05,4.586059999907587e-05,4.362035374967747e-05
1029.0,0.3487236759071582,0.005400350155707588,0.001224547113605408,0.001101710923201034,4.443568550053962e-05,4.579717644361971e-05,4.362293614221276e-05
1030.0,0.3488221492010186,0.005682664730217982,0.001224343322049217,0.00109851543462939,4.451738608641187e-05,4.5753265833503e-05,4.362286337491755e-05
1031.0,0.34913333779791,0.005726402129278754,0.001223200771742524,0.001095447424139816,4.460470003636792e-05,4.571062977978503e-05,4.364391714252069e-05
1032.0,0.3494853979497638,0.006670896468122923,0.00122594228658686,0.001092348109638263,4.468763087922309e-05,4.567523484144605e-05,4.366071838453131e-05
1033.0,0.3498771896053111,0.006963799276807381,0.001227280976989006,0.001089204032676628,4.477300628128923e-05,4.565761399230992e-05,4.368849933713789e-05
1034.0,0.3500710824324431,0.006529403834580411,0.001226763141509184,0.001085913854799551,4.486132464967685e-05,4.564284347978421e-05,4.373286280900157e-05
1035.0,0.3508977694284673,0.006524072485703974,0.001225963657794164,0.001082666497488572,4.494454673208075e-05,4.560818288337132e-05,4.37741139772174e-05
1036.0,0.3510200092801208,0.006312486962013063,0.001227588954199486,0.001079390475154969,4.502671086335873e-05,4.559029833157336e-05,4.381203587642755e-05
1037.0,0.3513626312808366,0.005579368263302483,0.001226028131124658,0.001076191532144134,4.510856673216906e-05,4.55697481498157e-05,4.385355453155026e-05
1038.0,0.3515678264866195,0.005393504040925435,0.001225604723004875,0.001072976862505954,4.518934110248869e-05,4.555116089366282e-05,4.388589838175549e-05
1039.0,0.3519384620179736,0.005550308146571995,0.001226590314455194,0.001069813421725178,4.526305567816042e-05,4.554070933580325e-05,4.390944424993719e-05
1040.0,0.3521653517693903,0.005732299853646825,0.00122993552247572,0.001066729786606794,4.533041409959934e-05,4.552938535217351e-05,4.395366567713278e-05
1041.0,0.3521775422334143,0.006307076871497393,0.001233370193145089,0.001063757473954877,4.539850809113781e-05,4.551280772768719e-05,4.399544174802438e-05
1042.0,0.3523260293948438,0.005745398466609515,0.001232218155409035,0.001060778125497096,4.546323074774167e-05,4.549847607992098e-05,4.403550089097658e-05
1043.0,0.3524668473551892,0.006102963907808304,0.001236704939927152,0.001057813598468454,4.553057344656872e-05,4.548640259089238e-05,4.406790365938947e-05
1044.0,0.3526465678250872,0.005955911727237933,0.001239116861462788,0.001054905695297882,4.558654055645514e-05,4.547395009193091e-05,4.410098894945086e-05
1045.0,0.3524839149307609,0.005362446196300144,0.001240075919211734,0.001052109257259757,4.562733591344328e-05,4.546063974137704e-05,4.413630557671462e-05
1046.0,0.3525546957782112,0.005412028421455782,0.001242201645989785,0.001049376454172481,4.566144896960328e-05,4.543889399977459e-05,4.416388862689354e-05
1047.0,0.3525981751092803,0.005346829662273525,0.001244963939690515,0.001046675738819475,4.570509435827399e-05,4.541454960318869e-05,4.419557601543677e-05
1048.0,0.3528455317054203,0.006544638068251219,0.001249395333455346,0.001044054267564197,4.573372055071725e-05,4.538629143109587e-05,4.42373143927443e-05
1049.0,0.352764815586415,0.006669752075941903,0.001254202376395267,0.001041467831690449,4.575187349268519e-05,4.535544104930891e-05,4.42790804186254e-05
1050.0,0.3529077892814477,0.00639798391098762,0.001257565427970191,0.001038963835084729,4.576234648584398e-05,4.532647943219979e-05,4.431338157693571e-05
1051.0,0.3525786149433203,0.006116319815570633,0.001260132062452238,0.001036565018841395,4.578093965294274e-05,4.527868181765721e-05,4.433007606059359e-05
1052.0,0.3525219366220148,0.006147192055539871,0.001262445403033988,0.001034252012424872,4.579082036363688e-05,4.524354463496007e-05,4.434639729304873e-05
1053.0,0.352752422628178,0.00624178428352975,0.001266113539119713,0.001032075094061433,4.578823672906637e-05,4.521478288457901e-05,4.434374688280762e-05
1054.0,0.3523051406428784,0.006012690451402077,0.001268852951280854,0.001030041632493022,4.577850879030193e-05,4.517671955367137e-05,4.436620844500738e-05
1055.0,0.3519492086393117,0.006540503879996326,0.001271948722309602,0.001028199288436421,4.575597168949363e-05,4.513986333817417e-05,4.438008988946786e-05
1056.0,0.3518614449540318,0.006624854277255441,0.001276157866409043,0.001026531131453127,4.575442450464794e-05,4.51002992571083e-05,4.440878827640982e-05
1057.0,0.3517171515752373,0.008246370324390693,0.001280428405688159,0.001024986467113024,4.5734677235624e-05,4.506624378640001e-05,4.441448848642945e-05
1058.0,0.3514760588660706,0.007551154928197278,0.001279302425064247,0.001023640817801118,4.571671492866397e-05,4.502337275036276e-05,4.443288422021777e-05
1059.0,0.3515308000867307,0.008002932744839908,0.001280744611039901,0.001022528721668941,4.568913069161721e-05,4.498013345809858e-05,4.444200821633653e-05
1060.0,0.3515688477047452,0.007530307839517452,0.001284195830481067,0.001021674162238986,4.566665873027677e-05,4.494401578854129e-05,4.445333114554178e-05
1061.0,0.3514200910096935,0.00733067254948749,0.001281874137596626,0.001021039915174472,4.561971618618197e-05,4.490678985316401e-05,4.445354465125661e-05
1062.0,0.351167889839792,0.007044025645554049,0.001281576918507801,0.0010206149870859,4.557839499237699e-05,4.487055517271801e-05,4.444134589952451e-05
1063.0,0.3510621514511688,0.006887470149463132,0.001281577085419347,0.001020387950369969,4.553718436825803e-05,4.483521502401662e-05,4.442407819339464e-05
1064.0,0.350525214819002,0.006858616632730298,0.001281198465655258,0.001020286094837461,4.549801498718556e-05,4.479135266983565e-05,4.440895205218911e-05
1065.0,0.35045421467896,0.006540550972303569,0.001279191962911948,0.001020250977650703,4.545736586871578e-05,4.475295084125238e-05,4.437365269942188e-05
1066.0,0.3503808977426242,0.006181518340775564,0.001276179844166632,0.001020309473545806,4.540126351697788e-05,4.47237821237747e-05,4.433784327383514e-05
1067.0,0.3502600077984082,0.006947106761328376,0.001278629112735223,0.001020555199612282,4.536268289372612e-05,4.469718612562825e-05,4.431317332095474e-05
1068.0,0.3503048618913421,0.007206955949866292,0.001279102169916028,0.001021039943557718,4.534664530639701e-05,4.46890750146897e-05,4.430703336546239e-05
1069.0,0.3504953931590643,0.007669097133357735,0.001279880251748804,0.001021637584028005,4.530392024792491e-05,4.468200368924559e-05,4.426878585050316e-05
1070.0,0.3502227259622057,0.009360211818927626,0.001282982702672665,0.001022420550774616,4.527455881836554e-05,4.466601281441433e-05,4.423953465906038e-05
1071.0,0.3502773379109872,0.008797146996839103,0.001281298804510762,0.001023382099666827,4.524914238977766e-05,4.466779211804538e-05,4.420835269632195e-05
1072.0,0.349970848621729,0.008221668170976191,0.001279897115607642,0.001024485901318409,4.520789322176572e-05,4.465195284133305e-05,4.416940447824505e-05
1073.0,0.3498347023951696,0.008394511298592639,0.001277446496832492,0.001025695547191524,4.516900690836274e-05,4.464610461159558e-05,4.411720242709754e-05
1074.0,0.3497624612487131,0.00731001572969304,0.001273951546281494,0.001027073115428286,4.515829168498163e-05,4.463725808750158e-05,4.40889669164969e-05
1075.0,0.3500045953188736,0.007132312174890565,0.001271590828102966,0.001028570548654176,4.512764535296463e-05,4.463278895784318e-05,4.406011032553236e-05
1076.0,0.3498858258391477,0.007284926699539074,0.001270999942181305,0.001030193283614321,4.511611786504716e-05,4.461817000020367e-05,4.402717998412341e-05
1077.0,0.3494200801187053,0.006911653967567213,0.001268206115845145,0.001031921584002955,4.507913306345963e-05,4.462633825745722e-05,4.398504657933662e-05
1078.0,0.3490482070059332,0.006572419005149933,0.001264776149183644,0.001033793749769428,4.503730160632135e-05,4.4641754082764e-05,4.393660796026288e-05
1079.0,0.34897176914597,0.006947744208865072,0.001264948202468063,0.001035717753825922,4.50068963979895e-05,4.464253045837607e-05,4.390703171473716e-05
1080.0,0.3490604646057542,0.007596462456928559,0.001262663454952076,0.001037695889421019,4.498291967281505e-05,4.46479628671057e-05,4.388141067655653e-05
1081.0,0.3489889433518917,0.008298397061585862,0.001262899851601806,0.001039699370888058,4.494782847335177e-05,4.46501502976332e-05,4.383955566167521e-05
1082.0,0.3485980743419769,0.006809384924754052,0.00125770993432816,0.001041714493540396,4.491793054276065e-05,4.466326591785894e-05,4.380370433111252e-05
1083.0,0.3483894429608804,0.007142662132960692,0.001253936136223973,0.001043745813494604,4.488819100368031e-05,4.46776131932692e-05,4.37679928283215e-05
1084.0,0.3481465187197139,0.007955948083424383,0.00125490866006228,0.001045793385106469,4.485212620871164e-05,4.468620100147875e-05,4.373199556309531e-05
1085.0,0.347849251837869,0.008060797114885623,0.001255039052225203,0.001047811241525073,4.481142037569159e-05,4.47035327383124e-05,4.369657483069984e-05
1086.0,0.3480090403405338,0.007392255569106643,0.001251573924456239,0.001049820909427265,4.476105118508905e-05,4.473645894658041e-05,4.366305252635173e-05
1087.0,0.3474097462289227,0.006872289673545836,0.001248083310032615,0.001051788316844238,4.470775891720806e-05,4.474573400111314e-05,4.362132297873107e-05
1088.0,0.3466813006259005,0.007435516099947115,0.001246840994962445,0.001053710547080002,4.465572062249982e-05,4.475225300456789e-05,4.358719804184403e-05
1089.0,0.3461291546519124,0.007164842702418264,0.001245026814145844,0.001055602180098109,4.461424304526861e-05,4.477320260285359e-05,4.355673416834635e-05
1090.0,0.3459037712724347,0.006811840921889497,0.001241717267521165,0.001057454239060649,4.455702601228308e-05,4.480960429783762e-05,4.350192337576007e-05
1091.0,0.3456896486359305,0.007036354449555073,0.001241155143983107,0.001059302896195664,4.452028733227192e-05,4.483931889008649e-05,4.346395672799826e-05
1092.0,0.3453094581519545,0.006751214882713927,0.001240100935947588,0.001061121550177454,4.44731058460305e-05,4.487887913924166e-05,4.343617241749612e-05
1093.0,0.3452158034738562,0.009200877142161697,0.001243951715429487,0.001062877597088326,4.443089339107675e-05,4.490578196792058e-05,4.339369276857419e-05
1094.0,0.3448148111254343,0.008435463860532032,0.001240232786137078,0.001064639548951353,4.438707750556348e-05,4.490724379751058e-05,4.336335827951462e-05
1095.0,0.3447033293851224,0.007089965727762541,0.001235321593519383,0.001066363164811921,4.433574158891881e-05,4.492153183089727e-05,4.332943292247654e-05
1096.0,0.3445649383881896,0.008404992743846972,0.001238466885273876,0.001068015552679076,4.428653344181951e-05,4.495378368805988e-05,4.330673537900879e-05
1097.0,0.3443318582009758,0.00793708860215335,0.001234105702354641,0.001069566645995766,4.423745811761053e-05,4.497962245984506e-05,4.327053307209644e-05
1098.0,0.3441295153142364,0.007930608269248022,0.001232069016670863,0.001071109081090243,4.41807931821743e-05,4.501508670051416e-05,4.324025845599994e-05
1099.0,0.3437140803419184,0.008455686124151008,0.001232029202170537,0.001072601795803644,4.412861266820356e-05,4.504633947413178e-05,4.318986647878198e-05
1100.0,0.343302549445561,0.006593603270671967,0.001226988018500562,0.001074028169545885,4.408444086162633e-05,4.506523544143049e-05,4.314555125959859e-05
1101.0,0.3430176572755691,0.006756788321424864,0.001225748685253696,0.001075329899687586,4.403464209932941e-05,4.511310652154302e-05,4.311856812375959e-05
1102.0,0.3429414412035827,0.00692198601929037,0.00122374033048124,0.001076545015615603,4.399788235828157e-05,4.514907582999625e-05,4.307480573260228e-05
1103.0,0.3426331829848794,0.006766693717106991,0.001222571763407202,0.001077644053787342,4.395768843669522e-05,4.518310132566518e-05,4.303329352468179e-05
1104.0,0.3426395630350791,0.007270152365104578,0.001221276329946746,0.001078673472029044,4.391090347167773e-05,4.522552730462785e-05,4.30033047458134e-05
1105.0,0.3423193704131567,0.007883955386299735,0.001221364985380568,0.001079629593601687,4.387329605901812e-05,4.524998732697885e-05,4.296512184080962e-05
1106.0,0.3423876781346886,0.00732004705973728,0.001217779570992127,0.001080531862297699,4.381767871910238e-05,4.527872409834408e-05,4.292326290854508e-05
1107.0,0.3421564899654719,0.007662535925224673,0.001216654832272308,0.001081361872951278,4.376104771288673e-05,4.530670251455615e-05,4.289274428928167e-05
1108.0,0.3420685487561017,0.007022693770354762,0.001213742687038724,0.001082159819401625,4.370142173370615e-05,4.534539799387555e-05,4.285872289323515e-05
1109.0,0.3418299090001718,0.009494773446212239,0.00121567867968701,0.001082866177729755,4.364620797023783e-05,4.539133441958974e-05,4.283106590401227e-05
1110.0,0.3416804522701379,0.008177273563300518,0.001216201981229241,0.001083532388451898,4.3580081420222e-05,4.543690043544049e-05,4.281474789203545e-05
1111.0,0.3410739299352967,0.007804198702184413,0.001211355001157317,0.001084148144697832,4.351402979903598e-05,4.547334329012272e-05,4.277647968150057e-05
1112.0,0.3407757762470455,0.00799636121379129,0.001210787710527753,0.001084784894284544,4.344595380195508e-05,4.551948902871922e-05,4.27474552850227e-05
1113.0,0.3405193701321482,0.006925706666841912,0.001208565752326704,0.001085359669883551,4.337861228972332e-05,4.55672503411058e-05,4.270908200471384e-05
1114.0,0.3398625141972239,0.008066280228211589,0.001208587518203864,0.001085856321321714,4.330154496297106e-05,4.559873864125906e-05,4.267480253883056e-05
1115.0,0.3395179839228421,0.007840077251658193,0.001208270420064138,0.001086260436022267,4.322604038740992e-05,4.564969726055126e-05,4.264468877725051e-05
1116.0,0.3393189948479909,0.007010151687765992,0.001205006528839173,0.001086620569278024,4.316088288786786e-05,4.569910617843874e-05,4.262237505689302e-05
1117.0,0.3392256005517009,0.006359534208908039,0.001202065057904575,0.001086927456269019,4.309274217022348e-05,4.574834580928019e-05,4.258642768254902e-05
1118.0,0.338941035824415,0.007568439816253819,0.001202188205906107,0.001087182903900917,4.301311833505447e-05,4.579006568474124e-05,4.255621866153307e-05
1119.0,0.3389298901121312,0.008508246109841173,0.001203590205789842,0.001087356955375079,4.293272721762505e-05,4.58489445202239e-05,4.25400739362939e-05
1120.0,0.3388769860072116,0.008685150392442985,0.001204984214971301,0.001087537956336487,4.286037374237297e-05,4.590459191909454e-05,4.253086311686423e-05
1121.0,0.3388677624491374,0.007342280333745097,0.001201673214566822,0.001087682646663587,4.27858628936772e-05,4.595248660394735e-05,4.252259477315532e-05
1122.0,0.3386975367001455,0.008009558437180524,0.001200524085316472,0.001087868561766505,4.270356656992185e-05,4.599232974643594e-05,4.249989353032492e-05
1123.0,0.3383781823845597,0.006876166731186919,0.00119645610101298,0.00108804873702578,4.263266625446442e-05,4.604134767418215e-05,4.247940748217323e-05
1124.0,0.3384976397049185,0.009610824854090946,0.001201484207746072,0.001088218399466166,4.255519456852431e-05,4.609757681135931e-05,4.246436673599878e-05
1125.0,0.3382178915263753,0.00926111804327238,0.001201292784131648,0.001088405761823488,4.249633256624611e-05,4.614732092903626e-05,4.246558362029362e-05
1126.0,0.3379893623053067,0.0102240513778383,0.001202735823312131,0.001088593261435501,4.240794919040529e-05,4.619734317311561e-05,4.245185940120884e-05
1127.0,0.3373968937172236,0.008889321085286717,0.001199051342119846,0.001088786041934125,4.232836594676398e-05,4.623627243762036e-05,4.244718832687702e-05
1128.0,0.3369277184887685,0.007968185875467191,0.001195710372654429,0.001089001255041175,4.225668255377195e-05,4.626909255123053e-05,4.244832662351432e-05
1129.0,0.3369132596035485,0.007028716061366108,0.001194424142603054,0.001089283214448536,4.219627376090562e-05,4.631145784945348e-05,4.245384994220765e-05
1130.0,0.3368047442830667,0.006815197330515086,0.001191185323975229,0.001089626610773713,4.213526681832499e-05,4.63457171895914e-05,4.244759853119261e-05
1131.0,0.3369179952212591,0.007370212590009684,0.001189104999578349,0.001089991035134424,4.208959454082508e-05,4.638589717373887e-05,4.245436426138435e-05
1132.0,0.3370152987712917,0.007372479864200067,0.001190279593917865,0.00109039638229719,4.203343062561632e-05,4.643492869229697e-05,4.245131361168732e-05
1133.0,0.3369051586891903,0.006657778805426506,0.001189584802187586,0.001090865690239011,4.199368564532096e-05,4.648283095292124e-05,4.247808383341959e-05
1134.0,0.3368246294945199,0.006972291674283251,0.001190418302611679,0.001091360750864178,4.195414914632421e-05,4.651578573679889e-05,4.248563201861793e-05
1135.0,0.336666413174697,0.007348313067951175,0.001189784241811567,0.001091871698467087,4.192017490165271e-05,4.655987677471212e-05,4.250493217992746e-05
1136.0,0.3364572718498466,0.007002377097146194,0.001187580841176537,0.001092379986721335,4.189390351689808e-05,4.659958581996808e-05,4.252465900336035e-05
1137.0,0.3363135855599336,0.006186738936932509,0.001185014709775808,0.001092883669128569,4.185327685062577e-05,4.663543178207255e-05,4.253588755639615e-05
1138.0,0.3361980872162346,0.007704191889589165,0.001187768475159193,0.001093415006826743,4.182805864491605e-05,4.666731567725481e-05,4.255119031522048e-05
1139.0,0.3357604567427712,0.00694204459181477,0.001185913505331114,0.001093995962751222,4.180014878239705e-05,4.670423257503012e-05,4.257150844834439e-05
1140.0,0.3352872606195668,0.007190834182725165,0.001186737998445546,0.001094628420768909,4.177658158816748e-05,4.673543039335001e-05,4.259207918679356e-05
1141.0,0.3351885772876446,0.006600814396059651,0.001184346974565345,0.001095255946344276,4.175666077112224e-05,4.676901867864357e-05,4.261136564684164e-05
1142.0,0.3350719157566366,0.006741675138395026,0.001184373736631229,0.001095902350125522,4.174007920796793e-05,4.680879878254122e-05,4.263008437330082e-05
1143.0,0.3350769938400615,0.006830147329149826,0.001183457595273077,0.001096548030814,4.17270725594993e-05,4.685215640330828e-05,4.266008888721152e-05
1144.0,0.3350686812921247,0.006120660894554588,0.001182499868349502,0.00109718833985218,4.170287818430016e-05,4.689615819809356e-05,4.267600383226007e-05
1145.0,0.3352516998868021,0.006443192372734441,0.001180588585620203,0.001097716370420666,4.167511984058458e-05,4.692822095488085e-05,4.269039682234276e-05
1146.0,0.3349803737612316,0.006331061080639313,0.001180405986955405,0.001098220128386379,4.166038587477573e-05,4.696366594108875e-05,4.270609626406127e-05
1147.0,0.3350745359614443,0.006184159959542664,0.001180082219237197,0.001098716849499982,4.164263954536808e-05,4.700795617893144e-05,4.271012875806876e-05
1148.0,0.3351225155091064,0.007964134831045622,0.001182717231130206,0.001099230136898485,4.163198703414196e-05,4.704944342673494e-05,4.271824999590332e-05
1149.0,0.3350179250985277,0.008231545367257901,0.001184387395313219,0.001099615680865992,4.163089754788386e-05,4.709448595449564e-05,4.274183763930398e-05
1150.0,0.3345852324906675,0.007610204268938012,0.001185298951810018,0.001099994407431764,4.162427554734913e-05,4.714797398782513e-05,4.275431785976714e-05
1151.0,0.3348375402491442,0.008206798390520105,0.001186131123456983,0.001100334903573735,4.16269418068452e-05,4.720496996589167e-05,4.276176139697935e-05
1152.0,0.3345132155068168,0.006677835225255325,0.001184592738250522,0.001100576407922398,4.163040468474746e-05,4.724497594519038e-05,4.277046368370397e-05
1153.0,0.3344975542799435,0.006611731046657796,0.001182729486894145,0.001100734587411896,4.161657374546707e-05,4.728535958014649e-05,4.278625701741455e-05
1154.0,0.3341920031613978,0.005712193253276117,0.001180248926647071,0.001100843413312917,4.161165702439585e-05,4.731420329587135e-05,4.279314334116985e-05
1155.0,0.3342615646246483,0.006345556816826962,0.001183494824383435,0.001100936541796362,4.162017296423882e-05,4.734899540071335e-05,4.280391510222892e-05
1156.0,0.3343585982386207,0.006021856334095436,0.00118290218397852,0.001100980201842428,4.162587037802623e-05,4.737892630924722e-05,4.2813108663299e-05
1157.0,0.3344946838860913,0.006290709598230566,0.00118315296188908,0.001100969160040029,4.163673681657714e-05,4.742162846107668e-05,4.281491322154283e-05
1158.0,0.3348926182660282,0.006352559096064233,0.001186855257157136,0.00110091883031578,4.165225048403896e-05,4.746169197145758e-05,4.281406162480887e-05
1159.0,0.3352977004035274,0.006108286395724449,0.001187263670525956,0.001100827403049106,4.166826165850732e-05,4.750259519558065e-05,4.280392104000636e-05
1160.0,0.3357755931081082,0.006555019704487978,0.0011892179728511,0.001100735224373186,4.169634821215222e-05,4.754281581887616e-05,4.280807545678358e-05
1161.0,0.3361480649420192,0.005344555876572845,0.001187317237093009,0.001100681907425616,4.169198213814417e-05,4.757867664050534e-05,4.279330008233987e-05
1162.0,0.3363163530208811,0.006028344039658668,0.001189356604741664,0.001100569870192776,4.169706334056733e-05,4.761818056498704e-05,4.280403096648914e-05
1163.0,0.3364853288778367,0.007019850415803274,0.001191369275884141,0.001100462228844754,4.170281052642489e-05,4.764122703438712e-05,4.281189365779402e-05
1164.0,0.3368464255965504,0.006033075936884125,0.001192168538194379,0.00110041077914828,4.172968064077088e-05,4.767396886282348e-05,4.280699985004793e-05
1165.0,0.3370820830261808,0.006133651551057068,0.001194603040204812,0.001100389526422691,4.175195149280186e-05,4.770795328816411e-05,4.281891024395144e-05
1166.0,0.3375870392040266,0.006157043165495462,0.001196222263432464,0.001100339906013595,4.178224423949458e-05,4.774568882612458e-05,4.283011548061407e-05
1167.0,0.3377900945985821,0.006196788437161709,0.00119705820577315,0.001100347154155765,4.182458335337451e-05,4.776495305382336e-05,4.284078945080892e-05
1168.0,0.3381038289504955,0.005980475086781819,0.001197320728280651,0.00110034982139115,4.187109484244312e-05,4.778120062674902e-05,4.283081289752453e-05
1169.0,0.3386484779941031,0.006088487567263284,0.001199226432393573,0.001100365674925942,4.190984480724716e-05,4.781595240259721e-05,4.284269429909857e-05
1170.0,0.3391244488334687,0.005770491713542007,0.001201229072293534,0.001100452099895637,4.19482184299749e-05,4.783589061298631e-05,4.284853640701167e-05
1171.0,0.3394871532798626,0.006301829227615518,0.001203963509265539,0.001100599012662575,4.199513676275352e-05,4.786322453206042e-05,4.284925472941112e-05
1172.0,0.3399089369567837,0.005796027115112568,0.001205073769412331,0.001100829461022808,4.205479811529213e-05,4.788800933392441e-05,4.286081750211219e-05
1173.0,0.3404771645395221,0.005399171254468218,0.001205746910892358,0.001101139292265377,4.210898675189528e-05,4.791735657275794e-05,4.285719228802162e-05
1174.0,0.3407287705913947,0.005517639455302639,0.001206098559402985,0.001101543581622949,4.21744696534192e-05,4.794534473103726e-05,4.285944333413844e-05
1175.0,0.3412894692538466,0.005662226347235103,0.001209820221910425,0.001101996903452964,4.224300121262579e-05,4.797586192757969e-05,4.287035424866443e-05
1176.0,0.3417939502302261,0.006263078448880674,0.001212943506000869,0.001102534470412004,4.232150591024669e-05,4.800569585929964e-05,4.288406728050513e-05
1177.0,0.3424846239688198,0.00631464351139082,0.001216328906418587,0.001103169502008345,4.240915116096242e-05,4.803789087575258e-05,4.287315004704307e-05
1178.0,0.3430022987467597,0.006204182059660437,0.001216773065176354,0.00110394788815935,4.247862255609411e-05,4.807804033954468e-05,4.287438719737518e-05
1179.0,0.3435273615311457,0.006207525165472957,0.001220029386359014,0.001104822993108823,4.256336835137483e-05,4.811855039161597e-05,4.287476892168637e-05
1180.0,0.3440331500229066,0.006065433628364159,0.00122050276143971,0.001105788463591283,4.264659368778341e-05,4.815388719185717e-05,4.287252580517112e-05
1181.0,0.3443095682595955,0.005417139659897881,0.001221277555436806,0.001106767730406298,4.271626119648279e-05,4.818943874440818e-05,4.286625329572619e-05
1182.0,0.3444938927616579,0.004760037881503896,0.001221684329138278,0.001107879531143837,4.279475195707053e-05,4.821984378980228e-05,4.286958250776419e-05
1183.0,0.3447984688435419,0.004843666225784927,0.001222870675237035,0.001109055097405653,4.286450407935443e-05,4.825717149085098e-05,4.287664766677107e-05
1184.0,0.345062060924774,0.007214216333129639,0.001229456029761741,0.001110253863361366,4.293475022252767e-05,4.828905122137643e-05,4.287840749433424e-05
1185.0,0.3454759423364009,0.006232886303357621,0.00123195513565112,0.001111497428140381,4.302213986859304e-05,4.832428140615832e-05,4.288077302387292e-05
1186.0,0.3460135039949109,0.005938549605057181,0.001231605682440958,0.001112792807150784,4.311887579198084e-05,4.837249382425131e-05,4.286530142203611e-05
1187.0,0.346214220414445,0.005322813790912756,0.001233614111710129,0.001114144310029085,4.320777149959183e-05,4.8414811316544e-05,4.286768676672521e-05
1188.0,0.3464468345474495,0.005005118432758307,0.001233520642411515,0.001115501227153928,4.328598611181999e-05,4.846402732598571e-05,4.286769986216639e-05
1189.0,0.3468616866054882,0.005178926714521061,0.001235842527567091,0.001116812366146895,4.335369530510516e-05,4.849392182145502e-05,4.285731145682307e-05
1190.0,0.3474253677410648,0.004609707519375523,0.001236786268290572,0.001118206280299887,4.344178015638616e-05,4.85432413195352e-05,4.285248249253581e-05
1191.0,0.347896984077963,0.005294241095845115,0.001240381060486888,0.001119594917952268,4.351755456134294e-05,4.860138918813639e-05,4.284089111763287e-05
1192.0,0.3482810863780674,0.006542058895798937,0.001243732535245057,0.00112092941673478,4.360866597553238e-05,4.864931297532071e-05,4.284364387091918e-05
1193.0,0.3489170644866468,0.006018065247538746,0.001243394200209658,0.001122165824427956,4.368277904833016e-05,4.870166261355809e-05,4.283240886991252e-05
1194.0,0.3495689715450641,0.00659247463497472,0.001249294164669767,0.001123259529886427,4.375984077849289e-05,4.875464687503893e-05,4.281535648400006e-05
1195.0,0.3500671638084271,0.006776793338766351,0.001253001693003531,0.001124347635313106,4.38556978631917e-05,4.880359371302509e-05,4.281010131797471e-05
1196.0,0.3502312970088878,0.00556148518955433,0.00124936499301447,0.001125457638906138,4.392625480678099e-05,4.884377720352592e-05,4.281211359595359e-05
1197.0,0.3503741785387898,0.00548516656836112,0.001251226452904147,0.001126511947074066,4.399389279393006e-05,4.887657556022632e-05,4.280971337591935e-05
1198.0,0.350961826491316,0.005085511370620473,0.001252168955029503,0.001127533219114064,4.407271098963544e-05,4.892998871742608e-05,4.28101222441341e-05
1199.0,0.3510338887451738,0.005192389286808888,0.001253945188093552,0.001128513670531946,4.414089462880724e-05,4.896379923678703e-05,4.282723874871462e-05
1200.0,0.3510917250861067,0.005078000464021001,0.001255559116862643,0.001129609492070835,4.421502491590393e-05,4.89943992965949e-05,4.283462028347461e-05
1201.0,0.3511955030119083,0.005686283615577571,0.001259972637912368,0.00113065622045589,4.426559875234759e-05,4.902312429434346e-05,4.283975744130226e-05
1202.0,0.3512233378262631,0.00533410302987773,0.001261341652256476,0.001131668077604911,4.433242295268029e-05,4.905586802318372e-05,4.284821406885674e-05
1203.0,0.3516449456072541,0.005903807396663995,0.001263659236838601,0.00113257928666357,4.437901180186655e-05,4.910383421599976e-05,4.285482033626367e-05
1204.0,0.3517909940510197,0.005705389735092842,0.001265581719912385,0.001133424779599298,4.442485533804482e-05,4.913315524443139e-05,4.287443074608349e-05
1205.0,0.3519350663275367,0.006090936437365071,0.00127001010349393,0.001134242002093904,4.447369243981316e-05,4.915164502136862e-05,4.289486830364562e-05
1206.0,0.3518895897961509,0.006771815529982412,0.001271788039928473,0.001135007978229724,4.451308405744726e-05,4.918206426975379e-05,4.291948013448026e-05
1207.0,0.3521567800103012,0.006407581481982007,0.001274234403756844,0.001135755168099542,4.455108685552258e-05,4.920706858309151e-05,4.292187030348976e-05
1208.0,0.3522540369620804,0.00630668713471108,0.001276814867032778,0.00113642128456199,4.458574521444869e-05,4.922227895129668e-05,4.294446197797502e-05
1209.0,0.3523136260511266,0.005599058287347339,0.001277023691970765,0.001137093529794558,4.461542485346609e-05,4.923171691510756e-05,4.294958664696671e-05
1210.0,0.3523652288818565,0.005503669229094402,0.001277229735125439,0.001137698488017886,4.46345835132013e-05,4.923568243668428e-05,4.295842503171592e-05
1211.0,0.3523938530079491,0.00533459228317537,0.0012783933888955,0.001138285204597642,4.465641830460344e-05,4.92530602155311e-05,4.295677475100282e-05
1212.0,0.3522556215188395,0.004813653821082522,0.001279540951595485,0.001138832318392357,4.465757058096382e-05,4.92580577422001e-05,4.296746174827416e-05
1213.0,0.3520962930900965,0.004870371264598306,0.00128148910865851,0.001139410301144207,4.465035948128533e-05,4.927156315630789e-05,4.299414156308629e-05
1214.0,0.3522862894299961,0.005518071263931605,0.001283675610195,0.001140114372741103,4.465529015414203e-05,4.927826526249024e-05,4.302546836813531e-05
1215.0,0.3524236735823884,0.005011141522838986,0.001285629841903477,0.001140820798858917,4.467447609360287e-05,4.92827980922325e-05,4.30576890661645e-05
1216.0,0.3524456464017183,0.005246738834876173,0.001286604024933265,0.001141488397986265,4.468981376570991e-05,4.930295956007775e-05,4.308652499823326e-05
1217.0,0.3522855089775593,0.005368495017796326,0.001288499140621557,0.001142076795027987,4.469851490107544e-05,4.931970023814712e-05,4.311413769534145e-05
1218.0,0.3520274986508316,0.005206432312546128,0.001289647047594254,0.001142641415644133,4.47028171514652e-05,4.933825308804074e-05,4.314525679276222e-05
1219.0,0.3520778419510384,0.006905525214364652,0.001294005740467588,0.001143164784684733,4.469955018780352e-05,4.935444658639687e-05,4.318306201849561e-05
1220.0,0.3517841347158754,0.005976012189294128,0.001295163016230915,0.001143734130758139,4.470069282222442e-05,4.937081113393107e-05,4.321900971766413e-05
1221.0,0.3518666360903735,0.005625780752426582,0.001294526638867922,0.001144368475546555,4.469318818031762e-05,4.938860950327817e-05,4.324698178901239e-05
1222.0,0.3517669653176019,0.00512833868312528,0.001292646264692885,0.001145158579980537,4.46803901684823e-05,4.940146652284643e-05,4.3291288397161e-05
1223.0,0.3517284621973025,0.005085518082445766,0.001292365013789783,0.001145938949453427,4.467596975131128e-05,4.941153277167258e-05,4.331816395372856e-05
1224.0,0.3519195798344477,0.00470826579730271,0.001291564070834345,0.001146752992617874,4.468762643480787e-05,4.942817713979923e-05,4.334273859298214e-05
1225.0,0.3520179384946994,0.005259271485695899,0.001292234864369459,0.001147584457218771,4.468976505752633e-05,4.944207926492982e-05,4.336872397295417e-05
1226.0,0.3519834205075587,0.005001437897420964,0.001291560827783088,0.001148489502230153,4.46890002760189e-05,4.945919481267188e-05,4.339431112517877e-05
1227.0,0.3522465304183433,0.00508446041770973,0.001291950626700975,0.001149349795170409,4.470350074912012e-05,4.949649119195101e-05,4.343788386497887e-05
1228.0,0.3524520626555492,0.005249573996880461,0.001292666935864374,0.001150262540268811,4.472171714100089e-05,4.951194941149837e-05,4.3461759415293e-05
1229.0,0.3524568669089191,0.005012582775258926,0.001290550247185725,0.001151150683793693,4.472364040014906e-05,4.951642647958445e-05,4.348269192499428e-05
1230.0,0.3524050136141436,0.004892484922420989,0.001287842459505489,0.00115207562242219,4.471699142791796e-05,4.95187208228374e-05,4.350487406816634e-05
1231.0,0.3524259027162489,0.005662710388777779,0.00128750065095768,0.001152982194665194,4.472326382660268e-05,4.951776011918409e-05,4.352699532751461e-05
1232.0,0.3522943060903028,0.004907763263708705,0.001285772229951936,0.001153977542937467,4.473564514467452e-05,4.952327509778702e-05,4.354463322674386e-05
1233.0,0.3524357096365117,0.00460345483724517,0.001283397267458029,0.001155105124229872,4.472330355039098e-05,4.952952718247859e-05,4.357440098347501e-05
1234.0,0.3522829289499607,0.005250547716872217,0.001281858664624099,0.001156214041060171,4.472195945527157e-05,4.954266981776582e-05,4.361418194128026e-05
1235.0,0.3524477342246984,0.006785736396642992,0.001285026736490303,0.001157362135797091,4.474945392187864e-05,4.955818671291054e-05,4.36363983401875e-05
1236.0,0.3525258791001867,0.00574312828867228,0.001280106803751714,0.001158440646335363,4.47597464863417e-05,4.956230347745819e-05,4.364738572310738e-05
1237.0,0.3523927598714366,0.00527478945200791,0.001277599451967895,0.001159548354000357,4.475900383225601e-05,4.956876443968338e-05,4.366034098218708e-05
1238.0,0.351891757777454,0.004479416067173976,0.001272924260503202,0.001160691832821431,4.476499148309644e-05,4.956055720463209e-05,4.367815352479806e-05
1239.0,0.3519974895588606,0.004973694319176859,0.001272762209080306,0.001161863966979839,4.476409875516995e-05,4.957368163485765e-05,4.369895335047008e-05
1240.0,0.352060599414155,0.004664976951011,0.001270780241691186,0.001163025223317987,4.479317789764535e-05,4.958366284687661e-05,4.372653250208495e-05
1241.0,0.3522363253693442,0.004609751330711658,0.001267077427392443,0.001164192052977682,4.481376293913519e-05,4.960642284104772e-05,4.37198067608433e-05
1242.0,0.3521316272708809,0.004339145808803149,0.001264886290201019,0.00116541259156068,4.480872169575658e-05,4.962099886880232e-05,4.373328595233743e-05
1243.0,0.351926042147977,0.004766486808698047,0.00126393084985912,0.001166543264260573,4.478701529391733e-05,4.961974872136757e-05,4.375221089695475e-05
1244.0,0.3519940917897684,0.005723491399118995,0.001263574254858491,0.001167691712431925,4.478967413208974e-05,4.96272587010865e-05,4.378066777193363e-05
1245.0,0.3522511034898854,0.005888372716137001,0.001265092021825042,0.001168783775598188,4.478890750336522e-05,4.964147517216111e-05,4.380890004957763e-05
1246.0,0.3523985550351643,0.005281284343499421,0.001260762805264808,0.001169842583348071,4.479282664906015e-05,4.965025515203993e-05,4.381697014137749e-05
1247.0,0.3524951760805258,0.004847326694107634,0.001257244291896176,0.001170818400631216,4.478671845219617e-05,4.967813797990914e-05,4.380678812470043e-05
1248.0,0.3525033646545156,0.004415135397205969,0.001253803095197418,0.001171819515697278,4.478121955255205e-05,4.970319533955487e-05,4.381991795794679e-05
1249.0,0.3526974588365282,0.006083843545548611,0.001254938596517781,0.001172794046587734,4.476698102455971e-05,4.972544652658643e-05,4.384043527272477e-05
1250.0,0.3527711375043122,0.005617175834539369,0.001251972348624034,0.001173743169253638,4.476452840592951e-05,4.97551151810716e-05,4.384973894829643e-05
1251.0,0.352960472031892,0.005590844174144513,0.001251270092896278,0.001174544377303267,4.475582336747083e-05,4.978588918016946e-05,4.386524400194748e-05
1252.0,0.3528711229931588,0.005228396443969189,0.001247694271022622,0.001175254505495654,4.474196908171389e-05,4.981649358795776e-05,4.387662856923347e-05
1253.0,0.3529378894898916,0.005116625042911612,0.001244580231629351,0.001175961982476772,4.47263731930756e-05,4.984135287903923e-05,4.387751586436911e-05
1254.0,0.353325259209692,0.004948738417616941,0.001242198061145626,0.001176552421553442,4.470792599139229e-05,4.988396098246192e-05,4.38972699304617e-05
1255.0,0.3534332982082362,0.004978922418931715,0.001240262490901273,0.001177069545869636,4.470194053339202e-05,4.992801543320252e-05,4.392015045235684e-05
1256.0,0.353554297221947,0.004586680464782101,0.001236097985682506,0.001177529099572636,4.470599100101795e-05,4.995478826054811e-05,4.393457206285419e-05
1257.0,0.3538651756026822,0.005822649074570415,0.001236817602764888,0.001177907409248215,4.471264294641866e-05,4.99874060572767e-05,4.394906889223613e-05
1258.0,0.3539638297826681,0.005108771309395094,0.001235636557646382,0.001178220437875773,4.471953515334255e-05,5.004890061221848e-05,4.395287183667165e-05
1259.0,0.3543434651868569,0.005042304760277045,0.001233017405714396,0.00117845508638938,4.472327509573995e-05,5.010595256722906e-05,4.397762091590482e-05
1260.0,0.3547135274865037,0.00438351484192523,0.001228725480792587,0.001178610654688103,4.472397155145831e-05,5.016585965551587e-05,4.398575436112571e-05
1261.0,0.3552533823482225,0.004156413557554742,0.00122609834843741,0.001178600927956819,4.472123997282398e-05,5.022664523103817e-05,4.400790563929078e-05
1262.0,0.3559285698372879,0.006084847856858441,0.001227962937175835,0.001178538940578229,4.474200888939612e-05,5.029242384111212e-05,4.40387810524282e-05
1263.0,0.3564505020984018,0.005598938009646823,0.001225015620971603,0.001178398877712474,4.474919909305071e-05,5.036573909038685e-05,4.406709537092802e-05
1264.0,0.3567744171783964,0.005831211757158824,0.001227672748463852,0.001178168061948736,4.474183809036976e-05,5.043680273483989e-05,4.407618412417266e-05
1265.0,0.357172791333035,0.005286336944096443,0.001225291384027847,0.001177815266670184,4.476015093036465e-05,5.051790321343566e-05,4.411190931938564e-05
1266.0,0.3579405315009427,0.004634943624917109,0.001222116043798505,0.001177355100931883,4.479902559085703e-05,5.060590333940378e-05,4.414335678693891e-05
1267.0,0.3584532484227347,0.005749378088437341,0.001223425416096239,0.001176877379677351,4.4815505442868e-05,5.068108228297904e-05,4.416435159336377e-05
1268.0,0.3586207963303798,0.004616423908233289,0.001219823749223543,0.001176445951420764,4.482933362409853e-05,5.076934241126202e-05,4.419776273403507e-05
1269.0,0.3591754281368532,0.005464180946192978,0.001221987429958767,0.001176033337962982,4.486557052347801e-05,5.087249465158188e-05,4.422931800429652e-05
1270.0,0.3595959706919026,0.004884686439331065,0.001221574748379654,0.001175657017383104,4.490672407083364e-05,5.096518300214706e-05,4.427013341025314e-05
1271.0,0.3603266507169014,0.0060650480794863,0.001223874243653401,0.001175220642797664,4.49450658743997e-05,5.106980678990308e-05,4.431652220494321e-05
1272.0,0.360842952700868,0.005442366797513965,0.001224010209244768,0.001174765571110446,4.498722961309463e-05,5.116486815974232e-05,4.436024423317098e-05
1273.0,0.3614522949389105,0.006644483705977339,0.001228645295662709,0.001174340183300298,4.504260172530601e-05,5.127206912451878e-05,4.44122443713318e-05
1274.0,0.3618381225493387,0.005945264713034818,0.001229246871762962,0.001173957639965545,4.51009027498119e-05,5.138752124391028e-05,4.446489331864226e-05
1275.0,0.3627779031114718,0.006239187037404184,0.001231262640644767,0.001173543133523333,4.518216144498825e-05,5.151668926337814e-05,4.451839328359959e-05
1276.0,0.3635323493815708,0.006160608335378076,0.001233966195792778,0.001173093694971464,4.524760245474361e-05,5.165878167565535e-05,4.458482668253051e-05
1277.0,0.3640814099624935,0.00535951768173616,0.0012355635052019,0.001172655075888606,4.533092977156768e-05,5.178743542751521e-05,4.462753081633145e-05
1278.0,0.3648993465333847,0.005164361569661978,0.001236787097570519,0.00117213724599731,4.542156003686035e-05,5.193095560405009e-05,4.468633229497396e-05
1279.0,0.36518156556469,0.007302427730742233,0.001242712935103408,0.001171717660936723,4.548763086433745e-05,5.204876078614726e-05,4.475327932580928e-05
1280.0,0.3657301415169742,0.006908461708538692,0.001249264451692512,0.001171301793827368,4.55704801522725e-05,5.218030615133852e-05,4.482344720314848e-05
1281.0,0.3663802922074257,0.005641074511350051,0.001248926798324587,0.001170933622179333,4.565791517618372e-05,5.231151915410543e-05,4.490014716260269e-05
1282.0,0.3674140903741792,0.006765176144734052,0.001255839771585773,0.001170480053716235,4.573954542776035e-05,5.246145252891707e-05,4.498195190537217e-05
1283.0,0.3685083603711795,0.005875282057182252,0.001259430410877966,0.001170118406997973,4.583441961958869e-05,5.260837191757387e-05,4.507790684629497e-05
1284.0,0.3694846795905885,0.006168599982620972,0.00126443567965747,0.001169775465744393,4.590999734675581e-05,5.274547854661166e-05,4.516430873052373e-05
1285.0,0.3703791633247761,0.006666435578638556,0.001271045461366348,0.001169453629440795,4.598439808647172e-05,5.289342723820308e-05,4.526432836392677e-05
1286.0,0.3713897951624742,0.007047393839784078,0.001278841701359578,0.001169117733450408,4.607369634819294e-05,5.306422468512328e-05,4.536042227184038e-05
1287.0,0.3725461372346953,0.006700003735958813,0.001283174804559915,0.001168793317926112,4.615195135516291e-05,5.32236696165324e-05,4.546304854121712e-05
1288.0,0.3737504493303009,0.007241271489908142,0.00129052211714274,0.001168509860884741,4.623830095074222e-05,5.338214377358466e-05,4.556701851784082e-05
1289.0,0.3745377890757703,0.006327653501218563,0.001294730327325619,0.001168245749858807,4.630488649170395e-05,5.353889109990844e-05,4.569517276967745e-05
1290.0,0.3757371700071425,0.006105480075490087,0.001299489973316987,0.001167909989118988,4.638447869414987e-05,5.370255361429115e-05,4.578132294230088e-05
1291.0,0.376510860756078,0.00585325855993164,0.001306317565019236,0.001167559309393145,4.64508163099721e-05,5.385617228946296e-05,4.586633646953683e-05
1292.0,0.3771285005282474,0.005831505234988778,0.001311676113642304,0.001167253241232656,4.650138932214756e-05,5.401147643577903e-05,4.598381493452974e-05
1293.0,0.3778867433156274,0.006063055733193025,0.001319826682167751,0.001166991438449886,4.655724045565952e-05,5.41706894530151e-05,4.609016241824606e-05
1294.0,0.3785811400042496,0.006816658979782719,0.001330146969457462,0.001166663165302903,4.660776086397412e-05,5.432103678308877e-05,4.61900255215737e-05
1295.0,0.3788880737423371,0.005829779890809361,0.001335625790827209,0.001166462000381498,4.664293304889569e-05,5.448015508013249e-05,4.630555043752873e-05
1296.0,0.3794474042822408,0.006403369261429656,0.001342483940384567,0.001166261940385979,4.667773005699464e-05,5.463685921682681e-05,4.639975594450225e-05
1297.0,0.3797940509232971,0.005903205757314373,0.001350069912049179,0.001166046538641749,4.669609685789319e-05,5.480323825033078e-05,4.649864312242727e-05
1298.0,0.3805362408626162,0.005722797900177086,0.001357289208221164,0.00116576911228689,4.671726595489005e-05,5.495952827220847e-05,4.660821398097042e-05
1299.0,0.3812054493677279,0.007186905036649596,0.001367960364780342,0.001165479916707727,4.671787327499348e-05,5.512047689575735e-05,4.672265076378121e-05
1300.0,0.3822420106197447,0.007565457294995304,0.001379273266302992,0.001165195446630378,4.673388848692474e-05,5.528709580763235e-05,4.685143522592596e-05
1301.0,0.3828307138146054,0.007538159116476231,0.001388844859108557,0.00116495153075541,4.674570885625902e-05,5.547262704746496e-05,4.698574530252319e-05
1302.0,0.3837830209002311,0.007639492146136055,0.00139860475453864,0.001164714642210285,4.675790121302167e-05,5.564720860046496e-05,4.710161068937646e-05
1303.0,0.384119785925873,0.007634670662210387,0.001405216428981297,0.001164505388644143,4.675697275956191e-05,5.583103211535774e-05,4.720960476310938e-05
1304.0,0.3845150859963646,0.007441858447025354,0.001413601852633567,0.001164327196334214,4.674830568283418e-05,5.600439086797237e-05,4.732644109423742e-05
1305.0,0.3852053062426066,0.006564523642889382,0.001420341685957406,0.001164209989674125,4.67465959575484e-05,5.617072461779467e-05,4.744447517333776e-05
1306.0,0.3858519135370932,0.007383559465758873,0.001430677633933745,0.001164114272104577,4.674417641694373e-05,5.633989124058929e-05,4.75485081664645e-05
1307.0,0.3863265105465538,0.008122249625997618,0.001442848605532913,0.001164016814820259,4.672044108705662e-05,5.652847373508707e-05,4.763591843865525e-05
1308.0,0.3868985584214202,0.007292839965536937,0.001451742616070248,0.001163893363908384,4.671071429205905e-05,5.67033298729825e-05,4.772357228054723e-05
1309.0,0.3877694964748076,0.007812552079147496,0.001460060140438597,0.001163736522025784,4.671573455612788e-05,5.688069920713107e-05,4.780966264929565e-05
1310.0,0.3882428840995134,0.007679935550954876,0.001469172945817215,0.001163530771289748,4.669967130997204e-05,5.706460518634114e-05,4.787535600333048e-05
1311.0,0.3882543634699931,0.00868947467555459,0.001479492490253772,0.001163312813751671,4.667068328242224e-05,5.724315703511926e-05,4.794934077206918e-05
1312.0,0.3886174488594363,0.009001215383511885,0.001489044987017984,0.001163145162981354,4.665567343907927e-05,5.743253855277539e-05,4.802072557140553e-05
1313.0,0.3889815002168799,0.008124458352757435,0.001497194450004633,0.00116294172336246,4.664872951177636e-05,5.762925775100574e-05,4.808845448619846e-05
1314.0,0.3896179721839058,0.009386417492503126,0.001510582173971182,0.001162630634601854,4.664248618178275e-05,5.782456108390297e-05,4.813778375307768e-05
1315.0,0.3898363803974111,0.008048907523033635,0.001513281447803284,0.00116234173711816,4.663197348653131e-05,5.800082110214795e-05,4.819010318401979e-05
1316.0,0.3900388828980683,0.008172118149026904,0.001523101765921528,0.00116208334358014,4.661983294767638e-05,5.818032292405961e-05,4.822644028470551e-05
1317.0,0.3898666420541252,0.007773443750947266,0.00153040556693414,0.001161829971666421,4.659070889591093e-05,5.837166243690123e-05,4.825434635830451e-05
1318.0,0.3897118692483713,0.007694684642948185,0.001538641313702101,0.001161506082553002,4.658675396708795e-05,5.856724688334354e-05,4.827852180257193e-05
1319.0,0.3892492588542854,0.007892636112026525,0.001546066762228063,0.001161147806544384,4.656500620539506e-05,5.873128277316687e-05,4.829457826577009e-05
1320.0,0.3892162219850098,0.008619040097554936,0.001557937665383081,0.001160819558479478,4.654631087440351e-05,5.890910475325948e-05,4.831222730933492e-05
1321.0,0.3891632823627995,0.007964194650308492,0.001564987437839244,0.001160449278725626,4.65219068111369e-05,5.908388430263728e-05,4.831649651193495e-05
1322.0,0.3890830656664579,0.008478329838822195,0.001573473103130571,0.001159989356736654,4.65021001936447e-05,5.925179675419807e-05,4.831318345524605e-05
1323.0,0.3887872170658738,0.0081736389506388,0.001579402695812138,0.001159568381460777,4.647959987164117e-05,5.941347931394291e-05,4.830689360412426e-05
1324.0,0.3885189579180248,0.008370531508710857,0.001586231748696186,0.001159144813197085,4.64744351436206e-05,5.956561944686072e-05,4.830495059441422e-05
1325.0,0.3884541513197134,0.007994306539180374,0.001591464673318832,0.001158721850165142,4.646475494012071e-05,5.972908843497076e-05,4.830993580676657e-05
1326.0,0.388405510891129,0.008306186596358735,0.00159873424835748,0.001158246916342681,4.647517995809945e-05,5.987955719072903e-05,4.830541298475618e-05
1327.0,0.3882933054831038,0.007693979301428159,0.001603761004479018,0.001157765582920793,4.647052121593827e-05,6.003673158643476e-05,4.82905796429001e-05
1328.0,0.3882673899983014,0.007905701736331625,0.00160745448339443,0.001157190401331482,4.646901972010863e-05,6.015942427729192e-05,4.827130750959109e-05
1329.0,0.3882208899311285,0.006877950628034709,0.001611146939502199,0.001156582718129989,4.647423694568806e-05,6.029812799180542e-05,4.825241796619419e-05
1330.0,0.38810581938424,0.006756185606926929,0.001617704092737286,0.001156002166669596,4.648479989888909e-05,6.042782568063827e-05,4.82273966587911e-05
1331.0,0.3876807948410715,0.007285334573171316,0.001623976928030916,0.001155415585179144,4.647118919530979e-05,6.054365265127351e-05,4.821617276431625e-05
1332.0,0.3875445807015624,0.007650916609741159,0.001630318303644099,0.001154738896119035,4.647067847841501e-05,6.06469284413423e-05,4.820726134658031e-05
1333.0,0.387412023272616,0.007917749352116117,0.001634425347599979,0.001154185088786231,4.646807219019852e-05,6.076443513438611e-05,4.818887058080637e-05
1334.0,0.387206224009521,0.008594535076220601,0.001639527756494179,0.001153590443961568,4.648534721039589e-05,6.086969147435387e-05,4.818171029961545e-05
1335.0,0.3871996158812707,0.007982544238088266,0.001641798653490549,0.00115297917768835,4.647676774971131e-05,6.097395161393848e-05,4.81565261594725e-05
1336.0,0.3868933014462142,0.008710734354851918,0.001646755244018993,0.00115245163491342,4.648119923142205e-05,6.10807514245848e-05,4.814009812881184e-05
1337.0,0.3870355199077404,0.008043116024131595,0.001648788677563509,0.001152020944932049,4.649326738356694e-05,6.116840922890695e-05,4.813327415981761e-05
1338.0,0.3870307392557337,0.01162789946727698,0.001659645406618771,0.001151587238862265,4.649751921078499e-05,6.125199471663358e-05,4.810917388134792e-05
1339.0,0.3869795450189145,0.009908767768536796,0.001658811496472286,0.001151294473939468,4.649805001911032e-05,6.133523924789703e-05,4.810107531953791e-05
1340.0,0.3870258588052997,0.009439589165386772,0.001660887831107329,0.001151018220764954,4.649814958015612e-05,6.141354154486116e-05,4.808904433612552e-05
1341.0,0.3866567468420478,0.008219842208229116,0.001665971421401564,0.001150681856790271,4.649259246587646e-05,6.147451180516203e-05,4.806967210145093e-05
1342.0,0.3865886298215838,0.00710616711348757,0.001663601078443334,0.001150386520175572,4.650425219455702e-05,6.154461035979846e-05,4.805768138230819e-05
1343.0,0.3865781955662578,0.007316028855593829,0.001666956147949268,0.001150134543573878,4.650890532183288e-05,6.162062311332734e-05,4.804103734784098e-05
1344.0,0.3868408890776359,0.007262972432003197,0.001669778188728386,0.001149969523679226,4.652716800407765e-05,6.169719700882919e-05,4.805124758889869e-05
1345.0,0.3871244483420662,0.00598178051923206,0.001667277994342381,0.001149839053874152,4.654032970538061e-05,6.174046664137582e-05,4.803131912308706e-05
1346.0,0.3867723736342333,0.007679735659765293,0.001673696035843317,0.001149813357681409,4.656788044799379e-05,6.178115788746468e-05,4.802885540960159e-05
1347.0,0.3867539313992303,0.007071378599695696,0.001673758219034232,0.001149845655391398,4.661142194855293e-05,6.18221647060787e-05,4.801678748273821e-05
1348.0,0.3868669269723888,0.0103129123097803,0.001679881644379947,0.001149982963779094,4.664645360585627e-05,6.186406329351698e-05,4.801976390611709e-05
1349.0,0.3869147458508683,0.00855223519197959,0.001679039984747599,0.00115020609757961,4.668456898228899e-05,6.18938065942953e-05,4.802199160694555e-05
1350.0,0.387093473452923,0.008728537733201985,0.001683173212113459,0.001150537914657939,4.674020977632721e-05,6.19170558359038e-05,4.802149080767371e-05
1351.0,0.3870975303261501,0.008409187230997268,0.001689289633696195,0.001150867293156643,4.680477561496223e-05,6.194868250485836e-05,4.80166835003421e-05
1352.0,0.3872983459395688,0.009398052073370241,0.00168885562027062,0.001151275424337435,4.688111363467717e-05,6.197792366705879e-05,4.801925836828528e-05
1353.0,0.3874660987717098,0.00791224529697593,0.001688646510533838,0.001151806826144029,4.696004051826188e-05,6.200124398615633e-05,4.802613925556706e-05
1354.0,0.3879058621573253,0.007698483513664197,0.001687551545871941,0.001152395680175434,4.703974972578176e-05,6.198573781392965e-05,4.802750185955922e-05
1355.0,0.3883343994129047,0.006703124874510083,0.001688136701648313,0.001152989438782387,4.710851323526884e-05,6.197246635318716e-05,4.800358228031977e-05
1356.0,0.3888775490902641,0.006428802196655599,0.001686317780903977,0.001153709819241872,4.719901035577792e-05,6.197315104262076e-05,4.799886810598989e-05
1357.0,0.3897262575160041,0.00811954681933042,0.001689368868687506,0.001154433181345788,4.729963111173498e-05,6.194922289134934e-05,4.799703124255043e-05
1358.0,0.3902077873543272,0.008016591989463698,0.001690088786009801,0.001155263735172975,4.739186030288753e-05,6.192056812849883e-05,4.799177374891026e-05
1359.0,0.3909289586840589,0.00722670370779951,0.001690133796168656,0.001156118175205888,4.748222105687418e-05,6.187006786134191e-05,4.79588942810531e-05
1360.0,0.3911866960773156,0.007294330815705855,0.001688436371600162,0.001157026803850038,4.757966818731857e-05,6.182574917320088e-05,4.793183817421613e-05
1361.0,0.3914716538308035,0.007237135475367587,0.00168840243360402,0.001157918817242097,4.768458030022915e-05,6.175625925235024e-05,4.788375641650945e-05
1362.0,0.3912916822678768,0.007454106611660575,0.001685169316790157,0.001158815301481198,4.777632099001604e-05,6.168706574247068e-05,4.78320407142191e-05
1363.0,0.3915796194260553,0.006523646263358209,0.001681891738143147,0.001159670794924471,4.787137117947155e-05,6.160852421335424e-05,4.778912005004568e-05
1364.0,0.3916977313622663,0.006487720582143312,0.001681882085793609,0.001160570075318847,4.794749342074617e-05,6.15171275793853e-05,4.773335599367784e-05
1365.0,0.3922720414672494,0.006300494944561374,0.001678170519252169,0.001161438493073528,4.803156374408692e-05,6.141148923152426e-05,4.768823249988637e-05
1366.0,0.3922015625908402,0.00689346152417433,0.001675992801929887,0.001162334285456503,4.810466441206622e-05,6.129975586803747e-05,4.762850550140926e-05
1367.0,0.3920803353976503,0.006981397057199575,0.001671888303035732,0.001163274221632282,4.817565397719949e-05,6.120466494085596e-05,4.756234526020269e-05
1368.0,0.3924294648674826,0.007059829130518958,0.001670301692363769,0.001164260659208349,4.825636702245574e-05,6.109195558873842e-05,4.749590573184202e-05
1369.0,0.3922204417363899,0.006494189522476143,0.001666202640666117,0.001165223086254736,4.833189147713959e-05,6.097804836058273e-05,4.740703442609812e-05
1370.0,0.3923812617538154,0.005971256128819361,0.001661214548821712,0.001166103512418285,4.839209536241952e-05,6.085933675610259e-05,4.731019092391662e-05
1371.0,0.3928422802289402,0.005667714636226103,0.001656156393308857,0.001166889074960103,4.845579825558842e-05,6.073065641309566e-05,4.721480668049825e-05
1372.0,0.3932039682205771,0.006597168747229181,0.001655449696515832,0.001167615134339161,4.851880122680993e-05,6.060251136972881e-05,4.711855656228085e-05
1373.0,0.3930769711989081,0.008618511710758581,0.001654616017498514,0.001168286952661078,4.858074416271195e-05,6.047088642334876e-05,4.703460253376211e-05
1374.0,0.3927753763283519,0.009586779537583832,0.001654010295401141,0.001168852885238272,4.861749537698842e-05,6.033800109822094e-05,4.693738662125761e-05
1375.0,0.392581866182475,0.008054118376345657,0.001643664351092304,0.001169409814377456,4.86542430124561e-05,6.019812966980413e-05,4.683224436972309e-05
1376.0,0.3922799725866015,0.007825939878899249,0.001637492607022548,0.001169835779135653,4.868104208881249e-05,6.004995513397521e-05,4.671235470444664e-05
1377.0,0.3920619498164906,0.00670334063738721,0.001629671717150324,0.001170139960337631,4.871937810001728e-05,5.991159323450944e-05,4.658013763425158e-05
1378.0,0.3915400844711386,0.007318765730015424,0.001625646655591827,0.001170393956026601,4.872486117082102e-05,5.976439176607496e-05,4.645915875910057e-05
1379.0,0.3909015485750106,0.007719958435605464,0.001619171459216956,0.001170664610842456,4.873653500868204e-05,5.962247471310013e-05,4.634480587511037e-05
1380.0,0.3907234350100777,0.008553412719985823,0.001612579321051758,0.001170932919771025,4.874865083145256e-05,5.948014163525963e-05,4.622388485944174e-05
1381.0,0.3904206784134408,0.008004519394965812,0.001605603557584642,0.001171115148492356,4.876135437010251e-05,5.933123427258285e-05,4.60988171296039e-05
1382.0,0.3902054970406598,0.00791726864895612,0.001597775497094509,0.001171232326054519,4.875704670816558e-05,5.918083744972088e-05,4.597132314366085e-05
1383.0,0.3900879653426537,0.008203872970244013,0.001592608555320353,0.001171272455544203,4.874936875156796e-05,5.902724658765476e-05,4.584535554082511e-05
1384.0,0.3897005905022335,0.008916207181624974,0.001585438601944647,0.001171308823663991,4.873925098227978e-05,5.888959960682881e-05,4.57229674856047e-05
1385.0,0.3895188382870102,0.00817953060219105,0.001576183184673338,0.00117126381080301,4.873149272199946e-05,5.87508809217116e-05,4.558495438577029e-05
1386.0,0.3888004093039767,0.008215352593733512,0.001569054784447594,0.001171159783941415,4.869965487501099e-05,5.861035747090984e-05,4.545382530381056e-05
1387.0,0.3884929763087325,0.008053009768499904,0.00156188247117163,0.001171040425806684,4.865919249074009e-05,5.848107418676045e-05,4.533590604240178e-05
1388.0,0.3884890885245728,0.00875177445824362,0.001557288791518274,0.001170896835687045,4.864098783531636e-05,5.83566529349235e-05,4.523443370872754e-05
1389.0,0.3884564897094733,0.008786454534998628,0.001550467898273834,0.001170631803824389,4.859646461611439e-05,5.823320701446528e-05,4.512201568152153e-05
1390.0,0.3881792558434781,0.008526683592685541,0.001542662087658041,0.001170323506771052,4.857694355965573e-05,5.811727302743174e-05,4.501252425603805e-05
1391.0,0.3878284568030662,0.008047389286164995,0.001535194099274849,0.001169987516717124,4.853552501833474e-05,5.799921395063799e-05,4.490483110894623e-05
1392.0,0.38748345185733,0.008453468140854271,0.00153091302460555,0.00116967818550604,4.848478519663471e-05,5.787415829487019e-05,4.48099403730315e-05
1393.0,0.3869727185036368,0.007084048194470941,0.001519175314563093,0.00116932640645112,4.843371947735381e-05,5.77581716976461e-05,4.471374039510427e-05
1394.0,0.3869342774269587,0.006549187038614518,0.001512131965223449,0.001168948696929126,4.838119152108984e-05,5.765492199800193e-05,4.461036292471655e-05
1395.0,0.3866099443621977,0.005318019057251914,0.00150271682880733,0.001168607128371097,4.833624527800202e-05,5.755600135467494e-05,4.451419523024466e-05
1396.0,0.3863558897404969,0.006451625763551855,0.001500164099621179,0.001168263208713619,4.82818922501856e-05,5.747704055791133e-05,4.441045882826175e-05
1397.0,0.3860890438982585,0.01012194337645578,0.001501416105837748,0.00116787666325128,4.822849003739919e-05,5.740861166107302e-05,4.432310805939317e-05
1398.0,0.385899591575866,0.01030909162475645,0.001502519445183232,0.001167520821491329,4.816352542617199e-05,5.733909947051726e-05,4.425012245940281e-05
1399.0,0.3858993860557785,0.009849935922915144,0.001498928849752391,0.001167136291251768,4.810495353335306e-05,5.729799576884557e-05,4.418971460350656e-05
1400.0,0.3857699444295592,0.008201296300173876,0.001490772170917904,0.001166714062272697,4.804491652766199e-05,5.72347696744385e-05,4.412214659547217e-05
1401.0,0.3857166637749232,0.00755391716739322,0.001485572529374248,0.001166326552951401,4.798767564294567e-05,5.717942709551699e-05,4.405842433756185e-05
1402.0,0.3857008134033151,0.007579962133755551,0.001482285401103923,0.001165970217501273,4.792983373213081e-05,5.712880864759257e-05,4.399316149772925e-05
1403.0,0.3858000913408565,0.007974548255156512,0.00148090391960913,0.001165650407262009,4.787563810954184e-05,5.708085618808814e-05,4.394688989622629e-05
1404.0,0.3856320604049992,0.009307671391178055,0.001480856612507678,0.001165323436109345,4.780712823871492e-05,5.703525827869899e-05,4.389874753831943e-05
1405.0,0.3852462373054212,0.008399732711946297,0.001477408245776792,0.001164969712992093,4.773980987005402e-05,5.698991828397296e-05,4.385429302646752e-05
1406.0,0.3849351376395556,0.007579171031255119,0.001474150705371684,0.001164592653231263,4.766564047754965e-05,5.694080515873571e-05,4.381990976498478e-05
1407.0,0.3845047418960439,0.007368301832606175,0.001471691605807404,0.001164171033935274,4.760203125270993e-05,5.690476550326449e-05,4.377489152474042e-05
1408.0,0.3843316976289485,0.008544187413903136,0.001471107764895108,0.001163746544394982,4.754237668576448e-05,5.686621139922061e-05,4.37314298417691e-05
1409.0,0.3843197752146598,0.008355658464599782,0.001469485301515394,0.001163256219297157,4.747002050361087e-05,5.683225160795327e-05,4.369964286379744e-05
1410.0,0.3842579488960701,0.009481275871439565,0.001469982176740078,0.001162734410231032,4.73887867100408e-05,5.680371814968077e-05,4.367775558642429e-05
1411.0,0.3841324325771052,0.008760530401377796,0.001469362601645016,0.001162229912424227,4.731469682422156e-05,5.677803452982676e-05,4.366330443832669e-05
1412.0,0.3839436721074853,0.007882042266114992,0.00146515124290681,0.001161718152515122,4.724460391753563e-05,5.674370268521865e-05,4.365172021045548e-05
1413.0,0.3835938842557562,0.00865050361720831,0.001467216627478634,0.001161185757408337,4.718638019669005e-05,5.672191212144443e-05,4.363855102785444e-05
1414.0,0.3827981671531526,0.008587466455874148,0.001463484536435134,0.001160676689904666,4.710831473854141e-05,5.670045414206882e-05,4.361269754107661e-05
1415.0,0.3825838986480142,0.008670471347851299,0.001463781820745955,0.001160171266798262,4.701903157829911e-05,5.667284718774644e-05,4.360355227425737e-05
1416.0,0.3821527130440347,0.008333902610198155,0.001461216485876439,0.001159736464845994,4.69520966019592e-05,5.664436535822429e-05,4.360024049534992e-05
1417.0,0.3819512685168072,0.007745373811312071,0.001458084208420541,0.001159295173397634,4.688151016119066e-05,5.662947489107745e-05,4.35915642616323e-05
1418.0,0.381394897094434,0.00866516704232167,0.001459895548307865,0.001158883392778709,4.680707530074731e-05,5.659449457189667e-05,4.359064164518515e-05
1419.0,0.3807493159934593,0.009629858516139518,0.001458589073662607,0.001158563968886752,4.67214480670892e-05,5.655925708425191e-05,4.358635742149723e-05
1420.0,0.3805183387350171,0.008239186626772511,0.001455427749798135,0.001158318843718534,4.664920085218717e-05,5.653396657890658e-05,4.357649787101107e-05
1421.0,0.3797898927414045,0.008315555385990363,0.001454925508798667,0.001158093537495407,4.655148929820069e-05,5.649071651546116e-05,4.357237837574851e-05
1422.0,0.3792305470147989,0.006934238824315159,0.001451296591403674,0.00115793277600002,4.644490941200109e-05,5.645637460877846e-05,4.357203137267877e-05
1423.0,0.3786774540559737,0.007131611992884402,0.001450389235928916,0.001157818141066123,4.634287783330025e-05,5.641566857390369e-05,4.357278284738333e-05
1424.0,0.3782449174169192,0.009120836420698561,0.001453611852510686,0.00115776864158415,4.624964753016899e-05,5.639434472146522e-05,4.357607237324288e-05
1425.0,0.3779936349443048,0.008521556828873882,0.001452156671578123,0.001157799568759,4.614437405413924e-05,5.637083308477731e-05,4.358953551667107e-05
1426.0,0.3775595431981857,0.00872685006472868,0.001449751708715635,0.001157974029876562,4.604031666813129e-05,5.632802663022678e-05,4.36004578447005e-05
1427.0,0.3771644009481005,0.008454219760452302,0.001450542316988599,0.001158254104067557,4.593033490997623e-05,5.62936028418784e-05,4.360909505275578e-05
1428.0,0.3766770564303679,0.007626340995352792,0.001447781331146101,0.001158566957480605,4.581190047343874e-05,5.624252535461538e-05,4.361232680048369e-05
1429.0,0.3761833206714346,0.006873246315052996,0.001443204159179878,0.001158916985921889,4.569943676869946e-05,5.618584351261769e-05,4.362090932744667e-05
1430.0,0.3753020590631234,0.007423591776452115,0.001441359693870509,0.001159301769900301,4.55874470298902e-05,5.613114081873656e-05,4.362158552330848e-05
1431.0,0.3744668932079058,0.007505767505280331,0.001440715163077925,0.00115979421673957,4.546674258156742e-05,5.607659889039933e-05,4.362685245310435e-05
1432.0,0.3739510661926506,0.007361700627696591,0.001439805369693031,0.001160363731173309,4.534310751848657e-05,5.602813519292433e-05,4.36402038253462e-05
1433.0,0.3733388268109264,0.007252060355861034,0.001435702115432092,0.001160979520780378,4.522694111018941e-05,5.597756259955151e-05,4.365489609868823e-05
1434.0,0.3727596616453171,0.007978352193283958,0.0014356090903846,0.001161639878183873,4.511270352288872e-05,5.593267245742828e-05,4.366705567269716e-05
1435.0,0.3724601144917715,0.008324812518876077,0.0014350902756859,0.001162423259661362,4.498628547117431e-05,5.588517302805737e-05,4.369052126820241e-05
1436.0,0.372067899803937,0.007344009793294556,0.001433263114057817,0.00116327691069819,4.485856907360825e-05,5.583570022014901e-05,4.373267349430233e-05
1437.0,0.3716481946960472,0.007462581368170859,0.001430869855431867,0.001164107165710701,4.472500949156487e-05,5.577851027669683e-05,4.375730150525162e-05
1438.0,0.3709042884584924,0.0068033757387169,0.001426361777446125,0.00116499015478151,4.458933988187909e-05,5.573101324129816e-05,4.376390144682863e-05
1439.0,0.3700480231155163,0.008812257915698733,0.001427070545321686,0.001165850269754405,4.446404486666483e-05,5.567753005925893e-05,4.378136268882607e-05
1440.0,0.3693858761324691,0.008193170744549097,0.001424053877241173,0.00116666822051732,4.432893354892145e-05,5.562033358807736e-05,4.379354760273369e-05
1441.0,0.3687753987180787,0.007833717206562575,0.001423953208152086,0.001167576696431233,4.419318553069906e-05,5.55635011725081e-05,4.380731050689155e-05
1442.0,0.3684016869549728,0.007484810373455992,0.001419566739256148,0.001168426726981369,4.406261498073509e-05,5.552139913556581e-05,4.382472900981257e-05
1443.0,0.367502571213973,0.007626464762516558,0.001417497483307271,0.001169241229259694,4.393611490231574e-05,5.546601561473141e-05,4.384486678982057e-05
1444.0,0.3668386395503029,0.006697410381563536,0.001412794033552577,0.001170010939137835,4.380337473398562e-05,5.541039994926058e-05,4.385097819922924e-05
1445.0,0.3661575663322447,0.00697694982190453,0.001410414895042505,0.001170776612509547,4.368005285984649e-05,5.535674128837711e-05,4.387195666290467e-05
1446.0,0.3655790401014363,0.006791135501005271,0.001408518871793905,0.001171611849875338,4.355310593688191e-05,5.530069966479339e-05,4.38945915720368e-05
1447.0,0.3650026057120895,0.006517473970525289,0.001406442474153542,0.001172462941001447,4.341521192388186e-05,5.524635404373464e-05,4.389877908117968e-05
1448.0,0.364254196248217,0.006794745644867638,0.001405564240502657,0.001173194897423484,4.329670971200645e-05,5.520323022911314e-05,4.391856399929598e-05
1449.0,0.3637595500120966,0.007227591888181008,0.001401726880906107,0.001173824145146444,4.317502271413708e-05,5.513363485661737e-05,4.392411193880634e-05
1450.0,0.3630716722905348,0.00706607172585673,0.001400029591922272,0.001174481560665699,4.305445286524842e-05,5.507266354135501e-05,4.39318939621809e-05
1451.0,0.3621601973514637,0.006795151082850562,0.001397088790197108,0.001175126576965961,4.294287918676918e-05,5.500293439076099e-05,4.392934802905783e-05
1452.0,0.3614931178629416,0.006644753281265097,0.001394300144698042,0.001175737547253381,4.282899562216779e-05,5.493004345731913e-05,4.392621794402697e-05
1453.0,0.36083379723557,0.006545983561952391,0.001392268767570848,0.001176321979896049,4.272188878405406e-05,5.485924190054863e-05,4.391270261165041e-05
1454.0,0.360159786650704,0.00634924243121167,0.001389864057061007,0.001176873636142862,4.261769948360164e-05,5.480931007683708e-05,4.388791747201651e-05
1455.0,0.3596958843656186,0.006559502175057256,0.001388191356163719,0.001177299268207083,4.252058706253435e-05,5.474247314485994e-05,4.387219625390896e-05
1456.0,0.3589820215093481,0.006889301715693413,0.001386440186354008,0.00117769268552587,4.244012262897579e-05,5.466725121325357e-05,4.386598053259888e-05
1457.0,0.3586701457121122,0.006687715825027956,0.001384193290040873,0.001178012496214712,4.235585379523336e-05,5.458417710175017e-05,4.383918380376575e-05
1458.0,0.3579633699720858,0.006990217732124338,0.001382020336137195,0.001178281465050784,4.226995024316982e-05,5.451285351597069e-05,4.381220139557186e-05
1459.0,0.3571483287101151,0.007949806699489437,0.001381225294383536,0.001178515264279658,4.219977654476422e-05,5.444418909220246e-05,4.377086377973777e-05
1460.0,0.3571457760873433,0.006908413949794327,0.001375947638621435,0.00117866820728101,4.213259949480683e-05,5.436935412415012e-05,4.374722785693113e-05
1461.0,0.356842119696456,0.00787680093795166,0.001375547853032026,0.001178680393734797,4.20792507807813e-05,5.429171368854299e-05,4.371437808337667e-05
1462.0,0.355818261502416,0.007022480278665619,0.00137143566386756,0.001178634490045,4.201161365426897e-05,5.421686377028401e-05,4.366274377455711e-05
1463.0,0.3554810632053041,0.008422803587175858,0.001370925605751391,0.001178621534867907,4.194887842984012e-05,5.41304794614913e-05,4.362016968535814e-05
1464.0,0.354950641466492,0.007510801777063652,0.001368474380758868,0.001178604642391003,4.189383151611475e-05,5.402789663457188e-05,4.356987769077713e-05
1465.0,0.3545277589377916,0.007221791271218062,0.001363083771345283,0.001178552911112688,4.184025262900848e-05,5.394635686338009e-05,4.35307594399915e-05
1466.0,0.3538781527909263,0.007127909695209188,0.001358266383527224,0.001178375548279429,4.179659157914455e-05,5.387907590508752e-05,4.347323762385891e-05
1467.0,0.3534961162592953,0.006994330727672886,0.001356532892522414,0.001178179909172869,4.175484146283501e-05,5.381097706895124e-05,4.34268710551305e-05
1468.0,0.3530455287791617,0.007715378950473283,0.001353617049207307,0.001177907233855165,4.172289692154365e-05,5.372737527735946e-05,4.337147404899707e-05
1469.0,0.3530356302029109,0.006995251538249023,0.001350322177096327,0.001177542103025578,4.168872154397811e-05,5.365200834886436e-05,4.331853092007466e-05
1470.0,0.3524858324844433,0.006662732914865571,0.001347940529574178,0.00117709789694443,4.166345597109963e-05,5.359157721673565e-05,4.3260338912031e-05
1471.0,0.3523571386521719,0.006734569647373346,0.001344017415418794,0.001176560947727124,4.162522426326943e-05,5.352194425748906e-05,4.320942106263447e-05
1472.0,0.3516919073257831,0.006358069676106301,0.001340046832563581,0.001175907789948555,4.158695921928808e-05,5.34425824979014e-05,4.314859830861598e-05
1473.0,0.3515181439265826,0.006019369223442703,0.001336365121375334,0.001175187641772839,4.154996896337657e-05,5.337719481182242e-05,4.31016208015587e-05
1474.0,0.3508490349925819,0.007202650396391845,0.001334178782276265,0.001174439270528914,4.150465966300361e-05,5.33096614709527e-05,4.305296379114513e-05
1475.0,0.3500533740500872,0.008514203552505886,0.001333473094713899,0.001173637085430752,4.14894918114298e-05,5.32392114764752e-05,4.298826385559674e-05
1476.0,0.3494260796709792,0.007171652842452998,0.00132923711964221,0.001172760206309432,4.14855081369442e-05,5.318060002287931e-05,4.291854614190952e-05
1477.0,0.3490574521465483,0.005912609732874069,0.001323049879279819,0.001171897870995634,4.147182635804636e-05,5.31031495897931e-05,4.285346072118101e-05
1478.0,0.3483644997609389,0.005897724396737716,0.001319831855488237,0.001171024059946187,4.143710695011594e-05,5.30349004885308e-05,4.279392369601569e-05
1479.0,0.3475149833547571,0.006287052668486291,0.001317978714654315,0.001170144616531447,4.141629886613384e-05,5.297573098059285e-05,4.273308653916682e-05
1480.0,0.3472285400336908,0.006815113605952863,0.00131497638214839,0.001169235955253576,4.140452049625477e-05,5.291343362188614e-05,4.267511185429629e-05
1481.0,0.3467109816000605,0.006471537389498122,0.001311610687980758,0.001168252783992339,4.141109687966269e-05,5.284630346428051e-05,4.260926557206473e-05
1482.0,0.3463495352923391,0.006875071147947763,0.001312655384796068,0.001167251079477962,4.140895964638404e-05,5.279237759666171e-05,4.25403760071348e-05
1483.0,0.3458262458092067,0.005988411648163064,0.001307276127548882,0.001166278511582908,4.14169218888079e-05,5.273730116077743e-05,4.248349528381077e-05
1484.0,0.3454740777038753,0.006397149892000451,0.001306481174943521,0.00116535250770769,4.142463408702256e-05,5.268571193998543e-05,4.243259710876e-05
1485.0,0.3453412265940483,0.00559614699289281,0.001300999538066508,0.001164407866894939,4.143137388395655e-05,5.263207171784342e-05,4.239531474693061e-05
1486.0,0.3446745643182836,0.005732160751450481,0.00129925140276001,0.001163485817066401,4.142806011848958e-05,5.257524627605186e-05,4.234563325531284e-05
1487.0,0.3440222135496233,0.005224583669602658,0.001296214911083667,0.001162641763421949,4.143850859813554e-05,5.253071797652934e-05,4.229446059462744e-05
1488.0,0.3437787338241239,0.006770871381542175,0.001297846141984122,0.001161839121513261,4.146721535987797e-05,5.248891356155471e-05,4.225084242718598e-05
1489.0,0.3435428229636856,0.005846629442552037,0.001294667102580927,0.001161057105217243,4.148846780093838e-05,5.245436305822268e-05,4.219954530846632e-05
1490.0,0.3436158009624813,0.006121370421741532,0.001295151452919849,0.001160319684180445,4.150660471178606e-05,5.242053830012864e-05,4.21728202248819e-05
1491.0,0.343420834187051,0.005516340907638057,0.001292583247355224,0.001159696881820928,4.152770120509895e-05,5.239615974357747e-05,4.215780737508116e-05
1492.0,0.3431358377097403,0.005678448423952544,0.001290633981547155,0.001159150011260092,4.15565203362697e-05,5.236766854927742e-05,4.212566759613925e-05
1493.0,0.3429605765225721,0.004947162548993489,0.001288466547874369,0.001158641035802851,4.157866798929342e-05,5.235030719740242e-05,4.210347389537949e-05
1494.0,0.3429941850977973,0.005662766685095482,0.001288762079031476,0.001158138054663664,4.159807866997722e-05,5.233284952146904e-05,4.20896271303304e-05
1495.0,0.3428979512273418,0.006538634344748619,0.001291414423502983,0.001157702538579466,4.164205686969197e-05,5.231815442122208e-05,4.207524207505483e-05
1496.0,0.3431756410981062,0.005662450967909638,0.001287690448228435,0.001157370959188264,4.169434414360346e-05,5.231152500580725e-05,4.207278129684635e-05
1497.0,0.3433322354663081,0.005444035681486771,0.001287060528828831,0.001157127189654487,4.173924692135706e-05,5.229515359382338e-05,4.207781795745565e-05
1498.0,0.3433190175661573,0.00530526420819996,0.001286046728168684,0.001156919471547681,4.176813739895576e-05,5.227602617900883e-05,4.208162221683308e-05
1499.0,0.3430696151382719,0.005345569112947633,0.00128650483381452,0.001156779610005311,4.18035936282438e-05,5.22609374463273e-05,4.20781690538306e-05
1500.0,0.3434148674468873,0.005535591957632691,0.001285615567005862,0.001156660550887829,4.184479019630458e-05,5.225542123561617e-05,4.208489648789059e-05
