iteration,continuity,epsilon,k,vf-phase-2,x-velocity,y-velocity,z-velocity
1.0,1.0,2099269.832277068,70.43427147498222,0.1505608038377352,0.001042486804969175,0.00144711413490178,0.001117572705464155
2.0,1.0,0.2767766830884188,0.1555639697262788,0.6006672225880956,0.0007076027145210798,0.0009292308978402949,0.0007308486277227927
3.0,0.7903037534175077,1.077683739560154,0.143561955936481,0.3003176343997304,0.0004404652851419638,0.0006070628950644104,0.0004503103603584919
4.0,0.5885396142778793,0.5293345209992664,0.1284061414786905,0.2002064905673466,0.0003546596957854405,0.0004863475973453986,0.0003656687913021763
5.0,0.6223397035779165,0.3825751788451057,0.1169225208275657,0.150153711613472,0.0003398144754908571,0.0004365852211143128,0.0003532787089236765
6.0,0.4676890141096983,0.3040009879095905,0.09273682422367627,0.1201239218615293,0.0002962381392748697,0.0003680885003766726,0.0003101261701433989
7.0,0.4249956162105838,0.7418765487637781,0.07704811284195812,0.1001046129759187,0.0002710026739244709,0.0003185341445799856,0.0002863450962922155
8.0,0.4666211841447211,0.7896328524640464,0.07070141453347006,0.08580541212022397,0.0002611280173996761,0.0002919186995226249,0.0002802570720563669
9.0,0.3689177237909235,0.3449101073409581,0.05945137510817641,0.07508140925146276,0.0002389999563854427,0.0002542148752843442,0.0002606208269194897
10.0,0.3245441580167472,0.3485171256433061,0.05432866706203919,0.06674090374572465,0.0002242997862568813,0.0002279036524546035,0.0002461071169536106
11.0,0.4480405206518044,0.2734592089619791,0.04498877896613557,0.06007136101268391,0.0002281841117506242,0.0002204900257158993,0.0002535194012076229
12.0,0.3514185489863415,0.2310150131940779,0.03716375682950642,0.05461331096720812,0.0002104643125316556,0.0001963790654569041,0.0002379456946827717
13.0,0.3146132627382797,0.1835123939779787,0.03142367553134356,0.05006296704759258,0.0002039895530844126,0.0001842638107511521,0.0002306260796107759
14.0,0.3399353491085962,0.1745998190216776,0.02705536201398172,0.04621279159949761,0.0002009842767424864,0.0001733667742291397,0.0002273161679090156
15.0,0.2939127510483694,0.1306527139985441,0.02394954066115867,0.04291312237377325,0.0001913975223155494,0.0001613784924922542,0.0002194279110648778
16.0,0.3204386358276046,0.1221246616059858,0.02173718570841447,0.04005369214281781,0.0001920969564516869,0.0001625689558411127,0.000224851227058781
17.0,0.2893516250841426,0.08807738581181292,0.01903378565731159,0.03755204512933237,0.0001833855000924487,0.0001528141465557258,0.0002189194925878877
18.0,0.2926139300864682,0.07550284538169033,0.01713621768195512,0.0353446889115915,0.0001825100834535548,0.0001510197612761443,0.0002186868182174051
19.0,0.3335872514090155,0.06574458523730575,0.01570099450852411,0.03338263452165823,0.0001837940824494861,0.0001500957872491787,0.0002205101537117753
20.0,0.305228276641707,0.05983218672588305,0.01450801745040267,0.03162710563631024,0.0001787691630034465,0.000144854129291778,0.0002182393284442384
21.0,0.3627280269462358,3.903559080933119,0.0138673790582119,0.03004699011168669,0.0001848286479391943,0.0001530512421077119,0.0002275524623256599
22.0,0.3230411984428507,7.486200256997947,0.05306647133031714,0.02861744114207653,0.000179796603133888,0.0001480901867457861,0.0002258764515328843
23.0,0.3360179378649071,0.3811624829650129,0.04821221751201275,0.02731807526231832,0.0001835828684335515,0.0001520156312201953,0.0002303516080807772
24.0,0.3685567709127352,0.6323157767894261,0.04100477006503247,0.02613172582829613,0.0001876329532556491,0.0001571597930680202,0.0002404232985385938
25.0,0.3424841928680351,0.375358277876458,0.01647253691252447,0.0250441838207206,0.0001858791234678262,0.0001540935600676221,0.0002409589067301884
26.0,0.3882248957470362,0.1439728788570031,0.01122212472235552,0.02404355172635666,0.0001918831291720332,0.0001618682820714623,0.0002494028613766481
27.0,0.3665212676459855,0.1080194117769658,0.01074386076888749,0.02312013113382922,0.0001910520481735468,0.0001607511785301118,0.0002528617533015113
28.0,0.4507703785126864,0.07247984935459735,0.01015470465486996,0.02226507523958145,0.0001982759859539791,0.0001734213316518991,0.0002667172311821137
29.0,0.3987935207587948,0.03985420702388703,0.009558577724635992,0.02147103076813834,0.0001949781857618772,0.0001689419303098612,0.0002665050556408946
30.0,0.4185764171267658,0.03246856148929476,0.009201618769974591,0.02073163732981783,0.0001972883336440207,0.0001738421866574827,0.0002699698942853213
31.0,0.4487845689343584,0.02923897777880134,0.008853162499508745,0.02004162926151219,0.0001990814524632184,0.0001798756273528969,0.0002749409592441187
32.0,0.4244411125503914,0.02638450924636981,0.008558011169604415,0.01939611474064597,0.000196362528765356,0.0001776596960431538,0.0002761370610513292
33.0,0.4774825853650481,0.02451155838652215,0.008270225906898375,0.01879092660684884,0.0001984677079653285,0.0001847017879562646,0.0002800356330509455
34.0,0.4453190791337537,0.02242047431675124,0.008011675973253167,0.01822253494911512,0.0001936017746477327,0.0001813039983172035,0.0002774267001191565
35.0,0.4875492421478189,0.02151547329891268,0.007783606360383782,0.01768755044573369,0.0001931991825170185,0.000187932629911864,0.0002776323971657381
36.0,0.4580181706277898,0.020438290753438,0.007559236386145332,0.0171831843821871,0.0001882410110801072,0.0001845684457114356,0.0002738463190544077
37.0,0.4995874527576795,0.01991054990737763,0.007366333886645361,0.01670680333079394,0.000187300637924847,0.0001903540399518162,0.0002713832850452262
38.0,0.4637230255415699,0.01877871032612723,0.007208615984169124,0.01625614226743815,0.0001817599233443487,0.0001866885690237095,0.0002658192432345882
39.0,0.4771360413024887,0.01770285090379328,0.007060466553384789,0.01582915989472294,0.0001786820990045851,0.000188760000043737,0.0002619817060164452
40.0,0.4766965639499442,0.0173781070288694,0.006955044923352782,0.0154240233772945,0.0001752772854781873,0.0001886767106575699,0.0002567474783035117
41.0,0.4678690801094684,0.01694133397381446,0.006874643714509037,0.01503908152840581,0.0001713533705187632,0.0001880966078071962,0.000252823204972708
42.0,0.4649774211987888,0.01674422106838852,0.006810713504535216,0.01467296666538706,0.0001672282903665262,0.0001869498304817256,0.000248771714817517
43.0,0.4650886088205056,0.01661978389719216,0.006763974620029563,0.01432428830059771,0.000163141597698383,0.0001855365574105479,0.000244754284887457
44.0,0.4668269774252659,0.01706873897785244,0.00674904124789443,0.0139918044971181,0.0001593661273597381,0.0001844387157909919,0.0002402457501664533
45.0,0.4655704683499848,0.01721981334565715,0.00674673670176299,0.01367441162993287,0.0001555045699570334,0.0001832085508239755,0.0002353152517135265
46.0,0.4660020894097686,0.01711513733603273,0.006749749136554227,0.01337112831459068,0.0001518078738641081,0.0001819056257475598,0.0002304188270277549
47.0,0.4674729952203042,0.01732855479153947,0.0067579128882779,0.01308101447616133,0.000148562402923242,0.0001808574217422786,0.0002257659628858236
48.0,0.4673500263834279,0.01798622828660883,0.006780419777770529,0.01280322137944446,0.0001455595268120966,0.0001797468322242538,0.0002210987003722754
49.0,0.4665092331345428,0.01835576393200386,0.006802087587231821,0.01253699259868044,0.0001428272934413156,0.0001787953477465934,0.0002168111053215446
50.0,0.467478541514336,0.01851748054170153,0.006825611557213909,0.01228161484599866,0.0001406848973445478,0.0001776629111014448,0.0002127928917179886
51.0,0.4700805227813514,0.01854817347046971,0.006849897449137982,0.01203642533547237,0.0001388607633045005,0.0001770505472826028,0.0002091134189508446
52.0,0.4725984537403362,0.01919791847651451,0.006873142712697873,0.01180085786000094,0.000137490698413282,0.0001763254248221419,0.0002056110736257389
53.0,0.475461319183596,0.01860104561005093,0.006878515551497241,0.01157432434898879,0.0001364102927354135,0.0001758412327404272,0.0002027042573678856
54.0,0.4785272896099865,0.0180556422817617,0.006882823919602439,0.01135632532550237,0.0001355412587003573,0.0001754786056350065,0.0001996989124052331
55.0,0.4802069273242534,0.01765659116087843,0.006891014529057994,0.01114640106078929,0.0001344243803960191,0.0001742655855077565,0.0001972621109408201
56.0,0.5083844363995708,0.01756511124921815,0.006892973844077531,0.0109440742529639,0.0001356288088387408,0.0001753586123439696,0.0001932306723561983
57.0,0.4982829884986076,0.01707778527183245,0.006892990103638382,0.01074897979932227,0.0001343398499272272,0.0001738262895174499,0.0001914629637350051
58.0,0.5212603734195178,0.01694477352318155,0.00689874870882479,0.01056071361585085,0.0001352921458701103,0.0001746851372103984,0.0001883553899265413
59.0,0.5141233309340804,0.01640497552705579,0.006906576894021008,0.01037894554673978,0.0001344688723652972,0.0001734040037829763,0.0001872932803514144
60.0,0.5386531513560336,0.01597368226745028,0.006910122164363583,0.01020332356180206,0.0001357501482179769,0.0001744769324602494,0.0001845359066790848
61.0,0.534157502214551,0.01530734277788258,0.006916232922292177,0.01003353908420648,0.0001349735048056584,0.0001733021613971822,0.0001837129401297454
62.0,0.5583458032301141,0.01491930418145962,0.006933674954495432,0.009869298019284945,0.0001363539864587662,0.0001740801986026173,0.0001811591722997628
63.0,0.5519527374783688,0.01420296964811221,0.006943569244808955,0.009710361822569749,0.0001356951729390733,0.0001726818587954221,0.0001805889492129647
64.0,0.576501218672626,0.01457302406124355,0.006968246072232635,0.009556455391539362,0.0001371516232976831,0.0001733475061931483,0.0001783396788306956
65.0,0.5708584189036173,0.01455497278081377,0.007001567925511694,0.009407358635779538,0.0001368843824772649,0.0001719880779432648,0.0001778897163013975
66.0,0.5955868167584487,0.01441021050795437,0.007033502719820207,0.009262849093049558,0.0001385365406952223,0.0001726744800183539,0.0001759599647620331
67.0,0.5898243491750725,0.01422722631801322,0.007075554850352721,0.00912271603231427,0.0001386548049220225,0.0001714144402829984,0.0001755973700131703
68.0,0.6161251908951028,0.01476072965913579,0.007117633128128747,0.008986773690486654,0.000140221512841116,0.0001720552311386257,0.0001741628338247295
69.0,0.6117418478621746,0.01435528566142122,0.007161739011114522,0.008854853317723153,0.0001402442533282285,0.0001707586651434206,0.0001739873015980446
70.0,0.6363643764015924,0.0142830568857001,0.007204338668342859,0.008726752998234619,0.0001418783848352232,0.0001715086140885035,0.0001724389856619531
71.0,0.6312344013922896,0.01489884505595871,0.007255962958182613,0.008602301933920885,0.0001421912880962866,0.0001704535079384733,0.0001722498145972588
72.0,0.6538604337930751,0.01514649944551952,0.007294860481941621,0.008481349115390894,0.0001438711774665534,0.0001712582137654795,0.0001710727686178649
73.0,0.651210147969588,0.01533611868553881,0.007331981593002828,0.008363769264180669,0.0001440894643278356,0.0001703266245405572,0.0001708229011640579
74.0,0.6726157166902238,0.01545545853150525,0.00736552083822607,0.008249396507370433,0.0001457248766295015,0.0001712065329585942,0.0001698660235619681
75.0,0.6683979148793355,0.01553476362353196,0.007395760531473924,0.008138104216510098,0.0001460169054201203,0.0001702575206862515,0.0001697414793957552
76.0,0.6887153710410792,0.01582548611986733,0.007426309571031639,0.008029758421790215,0.000147530295020903,0.000171133212432415,0.0001687932940081929
77.0,0.6835377761895423,0.01596541517330714,0.007444554518376408,0.00792425845462051,0.0001477480950357931,0.0001703018618504609,0.0001686940737585598
78.0,0.7018387824327182,0.01614829183441205,0.007465296057635439,0.007821490858378731,0.0001491623793165647,0.0001711251273768671,0.0001679474744971679
79.0,0.6959093228717025,0.01644646986168307,0.007489924920129269,0.007721386680838886,0.0001492746851656243,0.0001704679273783949,0.0001677429811491146
80.0,0.7115249355575483,0.01697171527615795,0.007512804723088323,0.007623808509649356,0.0001502972270380011,0.0001710008122987654,0.0001672731720579033
81.0,0.705800439457942,0.01722681791466081,0.007530920698207917,0.007528695162090397,0.0001502040092106135,0.0001702178460040935,0.0001669696928301059
82.0,0.7209271085269429,0.01733330164845287,0.007563554637488728,0.007435908911046069,0.0001511103331587746,0.0001704962596951492,0.0001665679039123543
83.0,0.7149440611661301,0.01724939935763615,0.007589425963595233,0.007345377348095805,0.0001507625508508501,0.0001696394918907952,0.0001663785399900943
84.0,0.7227474986556792,0.01750496694951711,0.007624401502844384,0.007257005290026506,0.000150940434644646,0.0001691495676814681,0.0001662961049765962
85.0,0.7403911625687509,0.01768223602518156,0.00766894544334714,0.00717073773984471,0.000152048145432692,0.0001696461480688069,0.0001664159426015512
86.0,0.7304650776447633,0.01773357997653408,0.007725969530540396,0.007086516248569514,0.0001514095786521828,0.000168624234232271,0.0001661433526664746
87.0,0.737719913094303,0.01774383821134886,0.007781633174247772,0.007004275070796467,0.0001513345554516445,0.0001676892134183707,0.0001661610061668987
88.0,0.7516744540059391,0.01790310494277796,0.007835196298399556,0.006923953344678694,0.0001522833312723123,0.0001675249515735616,0.0001666207179399537
89.0,0.7453347292766419,0.01817228347388979,0.00788439588554343,0.006845459849080355,0.0001516489445509816,0.0001665041755854867,0.0001664007993846041
90.0,0.7533895450338737,0.01815542957482792,0.00792088504277386,0.006768727576047384,0.0001516079876728025,0.0001654850425370824,0.0001664107220159506
91.0,0.7612331820371598,0.01810968052104695,0.00794890591901792,0.006693691037008639,0.0001517063429823004,0.000164721901425236,0.0001664844045275263
92.0,0.7651444121403081,0.01832264923443468,0.00796338642655471,0.006620301398725776,0.0001519449184887428,0.0001640463287154345,0.0001663647877915206
93.0,0.7698513687502497,0.01833228992493858,0.007967955304590242,0.006548535683875712,0.000152030741519036,0.0001632753045629722,0.0001663029393747998
94.0,0.7766370076636205,0.01810318270539793,0.007960529713460063,0.006478283138650036,0.0001522160114331796,0.0001624395143590005,0.0001663652930925139
95.0,0.7819637021593112,0.01812419495643136,0.007948662068251853,0.00640948998743926,0.0001523661143372851,0.0001616445634095818,0.0001662644054769627
96.0,0.7859440379427562,0.0178719889805549,0.007930890197854198,0.006342141970512973,0.0001523740959903062,0.0001606218711111679,0.0001663372350670177
97.0,0.790110395981422,0.01785807877984616,0.007910591536917328,0.006276221723439604,0.0001524361791751023,0.0001596695450120571,0.0001661889337311147
98.0,0.7933003178288566,0.0177013622999017,0.007880953716347956,0.00621165390568182,0.0001523797336231808,0.000158688545128211,0.0001661166315485185
99.0,0.7964694908282728,0.01744959382787866,0.007845940379501428,0.006148402173633387,0.0001523069978944176,0.0001577041621748042,0.0001660525618372212
100.0,0.8019394895845546,0.01714059330896932,0.007802690956795994,0.006086434914758876,0.0001521457305655103,0.000156657076179761,0.0001659377637705536
101.0,0.8065330292251744,0.01704015586733782,0.007758104112367921,0.00602571051071406,0.0001519985315386117,0.000155663507274986,0.000165676540538992
102.0,0.8087355317711508,0.0166423700786909,0.007706113952364439,0.005966175859220609,0.0001516685161817577,0.0001545177194519702,0.0001653382926152453
103.0,0.8114071483378934,0.01627697170165371,0.007651233642156667,0.005907797917759182,0.0001511989749278385,0.0001533679185047162,0.000164998104036829
104.0,0.8125899996816918,0.01594116758910282,0.007580834012912078,0.005850551723248674,0.0001506936774482303,0.0001522793183680706,0.0001645140554032806
105.0,0.8141995480721709,0.01571046807568464,0.007513339455808126,0.005794423851188902,0.0001500158098842803,0.0001512101180309746,0.0001639978693839624
106.0,0.8159531226427593,0.01539158248935483,0.007437715378853594,0.005739380038067997,0.0001493796657519237,0.0001503415337066758,0.0001634965930972021
107.0,0.8171287938634635,0.015026768543307,0.00736966120043438,0.005685400062306469,0.0001486161761291774,0.0001493205328884356,0.0001629222434070954
108.0,0.8165988726676355,0.01479626632710891,0.00730339635835804,0.005632453018726847,0.0001477425296767983,0.0001481883832190681,0.0001622240092605937
109.0,0.8141262568456814,0.01449189838498137,0.007241255447780678,0.005580469930328569,0.0001468059122960209,0.0001471189247602561,0.0001614818653045995
110.0,0.8103622659307352,0.01419801015034979,0.007178127848828149,0.005529445633032644,0.0001459815562940554,0.0001460328474261125,0.0001607234142466283
111.0,0.8066179063972898,0.01411214337114926,0.00711776877066037,0.005479338804323481,0.0001450998923966937,0.000144915842857652,0.0001598511043648172
112.0,0.802143513359625,0.01382954046538695,0.007060641440596931,0.005430133997940957,0.0001441872151875504,0.0001438444013037717,0.0001589510618185628
113.0,0.7983373895233684,0.01365372871816225,0.007004427453727683,0.005381821047993619,0.000143215645403583,0.0001427393997051337,0.0001580076542837217
114.0,0.7946449911810116,0.01351636862321087,0.006958838651703077,0.005334368557653176,0.0001422213929282337,0.0001417907034948836,0.0001571589593958758
115.0,0.7911670183505641,0.01343857368753166,0.006927699061513505,0.005287736936197713,0.0001412867176594759,0.0001408521084705806,0.0001562636489995955
116.0,0.7850368332031917,0.01347197843543034,0.006912184635237534,0.005241910897271662,0.0001403738803632138,0.0001399989533192937,0.0001553908078107026
117.0,0.7783713418915479,0.01361854136416187,0.006905403449508983,0.005196875956403962,0.0001394624994930611,0.0001390965267513427,0.0001545062090612347
118.0,0.773402281875147,0.01367452264276623,0.006901660251401383,0.005152625751958914,0.0001386524338974561,0.0001382004552842793,0.000153597333703709
119.0,0.7676032771521301,0.01375328702562923,0.006899545421194654,0.005109106403775459,0.0001377722236932261,0.0001371916649302167,0.0001526812623942153
120.0,0.7614996890840312,0.01381105335615261,0.006894505631538094,0.005066323693736543,0.0001369841569462334,0.0001362839061892605,0.0001517612677048096
121.0,0.7544230323749863,0.01382627308547641,0.006884122841160299,0.005024272361468201,0.0001361088747835057,0.0001353186908526033,0.0001508385506859263
122.0,0.7484132398228723,0.01376652355993249,0.006868030809839451,0.004982916714632611,0.000135249121705628,0.0001343565039115861,0.0001499194870400427
123.0,0.7427619527734288,0.01372937858966188,0.006843083875255192,0.004942247093540152,0.0001343865440677764,0.0001333977076524923,0.0001490826932024076
124.0,0.7377901684039496,0.01370842091914857,0.00681625719030249,0.004902250358745377,0.0001335358012274941,0.0001324369459923953,0.0001482276046795602
125.0,0.731834131053045,0.01365207243469835,0.006778692771965473,0.004862894221499389,0.0001326913226284814,0.0001314406277250166,0.0001473532933591911
126.0,0.7274692918186938,0.01363563278266962,0.00673649717202205,0.004824160066310998,0.0001318211127857558,0.0001304895931169134,0.0001465405209193462
127.0,0.7235646521637891,0.01361479788226774,0.006689194698326576,0.004786026790246744,0.000130853149249594,0.0001296555422220562,0.0001458058382743587
128.0,0.7174417743755699,0.01354718898803097,0.006639207986537526,0.004748514634503237,0.0001298509233859986,0.0001287804314407182,0.0001450706257292204
129.0,0.7120029643125326,0.01330913744097723,0.00658465042011711,0.004711581976717431,0.0001288216936709822,0.0001279051201150779,0.0001443793426635219
130.0,0.7085181824413012,0.01318845638150452,0.006530267965112893,0.004675207380593739,0.0001278219135288135,0.0001270188683154037,0.0001436620678631768
131.0,0.7038681746112878,0.01314427906142679,0.006477282625809845,0.004639395352459185,0.0001268384629356631,0.0001261707254106655,0.0001429636464950318
132.0,0.6991070912299897,0.01304133265793176,0.006421166538608835,0.004604138258337974,0.0001258690109451781,0.0001252070727301075,0.0001423155809497668
133.0,0.6948057223191201,0.01282239885650813,0.006363815119697695,0.004569400680509272,0.000124857921273408,0.0001243398769014006,0.0001416512666584346
134.0,0.6913506117700531,0.01258242350397142,0.006307917252607854,0.004535178432637786,0.0001238817182211514,0.0001235367843520512,0.0001410584346867352
135.0,0.6869391623889889,0.01247371974044859,0.006256595831470636,0.004501487509294399,0.0001228906530641271,0.0001227039103886046,0.0001404949498712035
136.0,0.6829622838983473,0.01249819844571403,0.006208401819119636,0.004468290812449495,0.0001219703299747282,0.0001219596779289937,0.0001399445840387915
137.0,0.6787403337708748,0.0123005939182416,0.006162491702600352,0.004435612091229483,0.000121058457486143,0.0001212464395538585,0.0001393205434162914
138.0,0.6750526711568786,0.01216239871887391,0.006119993767567703,0.004403412089027792,0.000120167006882321,0.0001206082673243434,0.0001387751084148102
139.0,0.6718806510841008,0.01205307753296887,0.006077761878153795,0.004371690490973308,0.0001192606898362084,0.0001200333006769386,0.000138228104747252
140.0,0.6694357381177879,0.01202426632102769,0.006033508735520789,0.004340415329277241,0.0001183764788984503,0.000119474101170604,0.0001377678747292577
141.0,0.6681119513799189,0.01201008834388504,0.005989073286318991,0.004309639894312875,0.0001175613824237636,0.0001189861193322082,0.0001372760077970397
142.0,0.66436425278344,0.01180471293724959,0.005942949021663039,0.00427931961966448,0.0001168712172220472,0.0001184359439337382,0.0001367311040778785
143.0,0.6614368357200142,0.01179370424628021,0.005899852791845058,0.004249377947005342,0.0001160882656815253,0.0001179045175888539,0.0001363070657905206
144.0,0.6593856481118203,0.01169381616941819,0.00585761567340511,0.004219827797497786,0.0001153518078142065,0.0001173911327960205,0.0001357970016667159
145.0,0.6579625256491134,0.01175101895385647,0.005816083832527788,0.004190688084576196,0.0001147774352610586,0.0001169024290470257,0.0001352679562239469
146.0,0.6552094908685318,0.01173301412795778,0.005771284941417727,0.004161978669434956,0.00011422027252572,0.000116424679949016,0.0001347705768942757
147.0,0.6515267566976127,0.01163310435896701,0.00572634465095774,0.004133653587189811,0.0001137371395637132,0.0001159579143985814,0.0001342020722275789
148.0,0.6474598989459358,0.011491846937157,0.005681921336050335,0.004105719531248343,0.0001131929998888538,0.0001154728862619405,0.0001337043836107671
149.0,0.6450343664791568,0.01142113219162898,0.005640630135447919,0.004078133785464429,0.0001126270426212562,0.0001150420015058498,0.000133229758834017
150.0,0.6430224769714242,0.01167566694269535,0.005597643036104389,0.004050925861691986,0.0001121633869349618,0.0001146388707860409,0.0001326650457909373
151.0,0.6412869100458426,0.01144307372165102,0.005549952807221887,0.004024063864136196,0.0001116634005608053,0.0001142390462969867,0.0001320894173664616
152.0,0.639444244908821,0.01122300969790423,0.005504627917331343,0.00399756010085929,0.0001111711226295354,0.0001138258699861466,0.0001315419427086303
153.0,0.6389793930214255,0.01117739760133515,0.005456731790313309,0.003971404446834416,0.0001107581273828727,0.0001134280773642181,0.0001309240212943941
154.0,0.6366833158613593,0.01116435823229911,0.005411998429703145,0.003945572359243867,0.0001103771379072607,0.0001130664888830483,0.000130434657560523
155.0,0.6343695318429167,0.01102719659795701,0.005367044009305697,0.00392013658574523,0.0001099886145247815,0.0001127372930014992,0.0001299152538409548
156.0,0.6334590653432155,0.01099794375944944,0.005320783453489882,0.00389504695979498,0.0001095781918319655,0.0001124101955326696,0.0001294735873942533
157.0,0.6325446189086413,0.0112089508082094,0.005274689121617731,0.003870244385800631,0.0001092202905942525,0.000112130332451324,0.0001290165695243497
158.0,0.6315947517918243,0.01094892660365922,0.005224520704113093,0.003845802531817813,0.0001087941541517646,0.0001118793636658805,0.000128639034186427
159.0,0.630913289361582,0.01080774865691811,0.005177739630529902,0.003821646289161901,0.0001084090567245108,0.0001117089536981154,0.0001282863338322378
160.0,0.6298596645694996,0.01071116740170031,0.005131087320894596,0.003797795562214574,0.0001080059815241315,0.0001114930245405185,0.000127985061363747
161.0,0.6281145276059145,0.0105991848370508,0.00508641959938985,0.003774224211555269,0.0001076699885902129,0.0001112384176419261,0.0001277140849802873
162.0,0.6260446336831694,0.01068514655673499,0.005046796712647969,0.003750964472670565,0.0001073095115752018,0.0001109774754790495,0.0001275406959778959
163.0,0.6255296648740959,0.01061643913329618,0.005009722993845289,0.003727996066312304,0.0001069984252309858,0.0001107884543594593,0.0001273178979650716
164.0,0.624841751554486,0.01066940890148446,0.004975719517862522,0.003705319075754386,0.0001066366736281946,0.000110601711671075,0.00012714255561159
165.0,0.6241175527951607,0.01078900282017707,0.004942412722782852,0.003682926550726121,0.0001063356594984769,0.0001104011372388784,0.00012694075111075
166.0,0.6237083291653797,0.01072409073060579,0.004910988547657296,0.003660790065915451,0.0001061000646166923,0.0001102217657150192,0.0001268591557891051
167.0,0.6235092283696271,0.0106923272180585,0.004880429612780939,0.003638945907351716,0.000105899166361434,0.0001100333926721024,0.0001267461747721437
168.0,0.6234862803669676,0.01061314622914643,0.004851067282870165,0.003617360301164898,0.0001057277397604728,0.0001098834724478278,0.0001266190268448767
169.0,0.6238536256375683,0.01058852796999731,0.004823922342559417,0.003596052521874961,0.0001056095459123954,0.0001097108760899022,0.0001265552912971078
170.0,0.6248730388103174,0.01059532822073921,0.004798259721649556,0.00357500792681016,0.0001055587197076422,0.0001096074242177324,0.0001264701855087407
171.0,0.6255105147451177,0.01069582703048837,0.004772981238143792,0.003554206953064049,0.0001054804781581312,0.0001095229943804626,0.0001264108000911364
172.0,0.6268518096404774,0.01069202692102383,0.00475023132232832,0.0035336133660388,0.0001054826155443855,0.0001094380177365529,0.0001263609405801152
173.0,0.6283794294295146,0.01073500866982957,0.004725474742170208,0.003513212091880719,0.0001055465634007749,0.0001094132058406043,0.0001263187586531379
174.0,0.62976819927908,0.01063431678263338,0.004699370795368413,0.003493054398898781,0.0001055780971735022,0.0001093942064234497,0.0001262802376888695
175.0,0.6312031399252395,0.01070526102248933,0.004674041464731019,0.003473178734653685,0.0001056944805850221,0.0001093821580641606,0.0001262352976036613
176.0,0.6318289888890292,0.01069411106518854,0.004646576026364819,0.003453496894840992,0.0001058187239039869,0.000109379070513246,0.0001261692433097626
177.0,0.6323135902702901,0.01051401127504346,0.004619182232490172,0.003434020369614251,0.0001059721171358921,0.0001093945361245426,0.0001260933307031455
178.0,0.6328293809162336,0.01042271432581565,0.004593860774630488,0.003414810163771749,0.0001061393669538357,0.0001094862160863585,0.0001260280098079153
179.0,0.6341400355778312,0.01070211690498861,0.004571073329100939,0.003395815834080385,0.0001062966678469028,0.0001095346716239687,0.000125970298128618
180.0,0.6343842524917002,0.01067252860263233,0.004546162970023889,0.003377082425998305,0.0001064496208517844,0.0001096251309339927,0.0001259285609912026
181.0,0.6347549521217902,0.01079612615046905,0.004522455164095203,0.003358558855306107,0.0001065727963981043,0.0001097435887193929,0.0001258797412768616
182.0,0.6352205712763959,0.01082578915318368,0.004499357841059276,0.003340207721978539,0.0001067592457926462,0.0001098460051428256,0.0001258556905458539
183.0,0.6354642352629163,0.01080429343547542,0.004476412653902909,0.003322060033328167,0.0001069589249528954,0.0001099643922394465,0.0001257945814200118
184.0,0.6352870657207585,0.0108079569429827,0.004453878286271777,0.003304085279127419,0.0001071703239575899,0.0001100791419038356,0.0001257737517209118
185.0,0.6351912166740835,0.01089296095415584,0.004435526755695509,0.003286301902632501,0.0001072956361216217,0.0001101749002564851,0.0001257240000471689
186.0,0.6351262077956422,0.01082878444931187,0.004415615555241028,0.003268691090508485,0.0001074692329590639,0.0001103424121500435,0.0001256665236041939
187.0,0.6353407306177138,0.01102915299758755,0.0043971985153495,0.003251214463193632,0.0001076549363157977,0.0001104375911331658,0.0001256255623235759
188.0,0.6360236111505032,0.01112565676006041,0.004382261200247788,0.003233889216498398,0.0001078066739208319,0.0001105855099604962,0.0001255674031205183
189.0,0.6357708960822188,0.01116980780946166,0.00436726715430578,0.003216779093913928,0.0001080280429471906,0.0001106749183438465,0.0001254449220038316
190.0,0.6354181439517744,0.01104676121797627,0.004350828517538154,0.003199841428895557,0.0001082620494888578,0.0001107839116950832,0.0001252807623226353
191.0,0.634787847268501,0.01140918171607425,0.004335589264875747,0.003183138471168204,0.0001084565473881923,0.0001109346211812678,0.0001251075897227797
192.0,0.6341982252763417,0.01129430738886523,0.004318918421609274,0.003166655826131133,0.0001086052909407347,0.0001110015874905399,0.0001249710984228419
193.0,0.6339768054439756,0.01204218982885023,0.004304676270461385,0.003150312702117635,0.0001087334799241116,0.0001110626758374059,0.0001247759189970331
194.0,0.634622372468192,0.01229249493057928,0.004287267889115006,0.003134150101936894,0.0001088763873925361,0.0001110854423492871,0.0001245289406462058
195.0,0.6344666409388843,0.01169565460694832,0.004268721821433997,0.003118150080538971,0.000109022617767934,0.000111143179624872,0.0001243219371947089
196.0,0.6339179435862363,0.01209255790215234,0.004249909206383863,0.003102309177049727,0.0001091361363138098,0.0001111918882207553,0.0001240776587619479
197.0,0.6338415271986898,0.01263643351338376,0.004233316018349271,0.003086683080774166,0.0001093135336953316,0.0001112153228482321,0.0001238025114421758
198.0,0.6336814251218368,0.0121295953503096,0.004213259220160966,0.003071220785659589,0.0001094830732518764,0.0001111935003140256,0.0001235210579202875
199.0,0.6333493091384507,0.01242303672656745,0.004197226599762783,0.003055928813267064,0.0001096287288761348,0.0001111864878404628,0.0001231872389948695
200.0,0.6328331227280226,0.01215621085112777,0.004176665844503783,0.003040724836938323,0.0001097670644450311,0.000111088794516011,0.0001229097916640648
201.0,0.6318774677273987,0.0119884228786358,0.004158573803596122,0.003025687579435304,0.0001098861645178848,0.0001110184604028929,0.0001225655115058998
202.0,0.6311726910021124,0.01195982829778106,0.00413896135152278,0.003010809782965307,0.000109955048171079,0.0001109637161849843,0.0001222459052411471
203.0,0.6301588941738632,0.01167793098943623,0.004119595042878045,0.002996057878567505,0.0001100442204477005,0.0001109222580831021,0.0001219239417999462
204.0,0.6292849737351737,0.01190455194774048,0.004104859826563002,0.002981467906371133,0.0001101214937027475,0.0001108149242381354,0.0001215632883511446
205.0,0.6286331126052939,0.01158528403347272,0.004089959899132124,0.002966997211609857,0.0001102187915501572,0.000110699482557916,0.0001212397583352275
206.0,0.628104240648245,0.01155880008661932,0.004074028553849216,0.002952644314352046,0.0001103076384814853,0.0001106030109252149,0.0001208670314098761
207.0,0.6279207469642735,0.01156981247460032,0.00405983637964148,0.002938427537282874,0.0001103565615267068,0.0001105248479828741,0.0001204963369664668
208.0,0.6274665026875685,0.01130514281152819,0.004042750971817247,0.002924363504215184,0.0001104281523515906,0.0001103887031127369,0.0001201611283919623
209.0,0.6273525435886699,0.01206469586126246,0.004030400537111971,0.002910444115316259,0.0001104750963942132,0.000110281230289971,0.0001198128806727696
210.0,0.6268850502597881,0.01188237006509029,0.004015550082223403,0.002896690000386396,0.000110533054723441,0.0001102033413319068,0.0001195140477564859
211.0,0.6266374006892445,0.01176833783956473,0.004001336583408557,0.002882995959964102,0.0001105737154413822,0.000110124749176355,0.0001191902078607828
212.0,0.6254782797744501,0.01189000349974107,0.003989069059894466,0.002869461978033371,0.0001105612036777095,0.000110060317131478,0.0001189260105851432
213.0,0.624161058930822,0.01188304910048012,0.00397539889562454,0.002856038004609677,0.0001105584006786085,0.0001099692545411383,0.0001186074814830016
214.0,0.6240502203059337,0.0116876577870509,0.003961125107933729,0.002842686742292271,0.0001105468331956153,0.0001098870507016636,0.0001182969144576803
215.0,0.6243011447030062,0.01233041049361906,0.003949465565392793,0.002829470751473526,0.000110540574280993,0.0001098589708747284,0.000118011161019474
216.0,0.6242796040834248,0.01194520385370622,0.003935264325696334,0.002816356001097041,0.0001104950985374653,0.0001098620276446914,0.0001177640820622717
217.0,0.6248237887280196,0.01229425436706196,0.003924279339687311,0.002803369109818744,0.0001104789763805095,0.00010983993758538,0.000117479311457102
218.0,0.6252232033860663,0.01217051947615366,0.003910399438172659,0.002790496910318664,0.0001104222286917238,0.0001098740691259906,0.0001171739958960198
219.0,0.6252494969672325,0.01150876654613072,0.003896899582050874,0.002777758062237091,0.0001103900316699251,0.0001098763169279046,0.0001169021933202481
220.0,0.6244987801276696,0.01135815632151155,0.003882518057946127,0.002765190350226736,0.0001103161259789605,0.0001098463052208918,0.0001167010085447915
221.0,0.6240029907732962,0.01172690299534079,0.003869709903159361,0.002752709042457037,0.0001102443801941889,0.0001098430776853941,0.0001164749132370808
222.0,0.6237015808609397,0.0123998439019624,0.003858068626229233,0.002740330621012393,0.0001101305845306753,0.0001098813958476949,0.0001162482524566486
223.0,0.6240891266490545,0.01220566817253164,0.003846040620257444,0.002728040489540635,0.0001100548128011233,0.0001098868291519994,0.0001160301367219662
224.0,0.6236742626442038,0.0121319202564453,0.003830556028771347,0.002715886524587506,0.000109969426967112,0.0001099561608533632,0.0001158149400609588
225.0,0.6235190688505526,0.01181558609294354,0.00381445920047839,0.002703937279631497,0.0001098857598671381,0.0001099983055499519,0.0001156011758877531
226.0,0.6245681263740185,0.01122213966512144,0.003797916261379209,0.002692142313071532,0.000109770850456704,0.0001100099708228781,0.0001154152881351426
227.0,0.6250568018738264,0.0108686169322751,0.003778664000128554,0.00268041954713632,0.0001096334129823561,0.0001100591654290984,0.0001152160887859977
228.0,0.6252728043247845,0.01100385215489552,0.003765333225222298,0.00266878094915076,0.0001095326888928139,0.0001101325912143639,0.0001150634642974814
229.0,0.6260695793621438,0.01301431206362025,0.003754141799590224,0.002657192864263529,0.0001094549552860131,0.0001101974538426426,0.000114948721432658
230.0,0.6266238764798403,0.01212073597903849,0.003738785716383776,0.002645677428464214,0.0001093859413793264,0.0001103131387214029,0.0001147583628003525
231.0,0.6285815135150543,0.01181282278507094,0.003726239319966147,0.002634253611767702,0.0001093008369114242,0.0001104004961536671,0.0001145795519135101
232.0,0.6311809316681739,0.01137414822646296,0.003712079465766865,0.002622979425111613,0.0001092563392468817,0.0001104677686193051,0.0001144503150757023
233.0,0.6318178316724917,0.01099526722620602,0.003695027423947022,0.002611790019287604,0.0001092343400928162,0.0001104975772967053,0.0001142635784998082
234.0,0.6335724341361318,0.01110767846630471,0.003682491682166655,0.002600680290355515,0.0001092412700630691,0.0001105539012901419,0.0001140737639377885
235.0,0.6346968144550983,0.010196043746952,0.00366620413646945,0.002589626262370017,0.0001092258030262396,0.0001105607047808765,0.0001138593657932444
236.0,0.6365075752751029,0.01007019312445619,0.003652512877536012,0.00257866830786737,0.0001091852032528122,0.0001105638587834392,0.0001136835654353831
237.0,0.6374897217330815,0.01088538830938012,0.003645795062818281,0.002567816573414807,0.0001092049867992121,0.000110538567568846,0.0001135021957348477
238.0,0.6386922739426668,0.01071161351245471,0.003635024486586738,0.002557075210481346,0.0001092084452243783,0.0001104701806342439,0.0001133031989848073
239.0,0.6388854125892743,0.01134577959393312,0.003621887589998866,0.002546437440894796,0.0001091389521775413,0.0001103358233982003,0.0001130604177637359
240.0,0.6391470110223425,0.01055385813451538,0.003608231990706098,0.002535875050516229,0.0001090817446826274,0.0001102110482585347,0.0001127943574510531
241.0,0.6390160525153277,0.009726077347533606,0.003590718050911297,0.002525427686210164,0.0001090726577817499,0.0001101091218076562,0.0001125468740578661
242.0,0.6382785198163377,0.01176604666870188,0.003578696550036476,0.002515101480576288,0.0001089767455911316,0.0001099573346667837,0.0001122897937518992
243.0,0.637737832016133,0.01128861377771376,0.003563021964369131,0.002504839137064642,0.0001089086440760515,0.0001097604773192769,0.0001119824035400777
244.0,0.6362284764069577,0.01142651361586988,0.003551943556359608,0.002494647253245064,0.0001088194046941122,0.0001095788850006665,0.00011168996662313
245.0,0.6356823308632259,0.01032196847501959,0.003530680297579871,0.002484524555608522,0.00010869773244099,0.0001093902096247194,0.0001113900862070865
246.0,0.6352166150941656,0.01236262545169553,0.003523685656008428,0.002474458653924454,0.0001085975197689707,0.0001091884343774344,0.0001110418716802538
247.0,0.6346699945988716,0.01137785974808139,0.003505532829556545,0.002464484556679574,0.0001084936235674547,0.0001090366301766837,0.000110757439444171
248.0,0.6343123349221159,0.01199421094219548,0.003496254213816271,0.002454553201349572,0.000108386445486923,0.0001088280573054369,0.0001104353911173031
249.0,0.6333804694937185,0.01033902070639642,0.00347911282457622,0.002444684498619103,0.0001082585959590383,0.0001086244794019709,0.0001101210750744953
250.0,0.6322795198442748,0.01142016895541396,0.003464609121101805,0.002434931424508461,0.0001080909810332189,0.000108420323996956,0.0001097639916409488
251.0,0.6312288373578843,0.01072272813924031,0.003449524094128924,0.002425270304806741,0.0001079261286020104,0.0001082488211176688,0.0001094541168184878
252.0,0.6301629584274132,0.01091415763530417,0.003436358028388322,0.002415677503637085,0.000107751963386546,0.0001081067214708102,0.000109116938803812
253.0,0.6295767982097997,0.01072784976806371,0.003424003413420312,0.002406142943551382,0.0001075913650223974,0.0001079041307220101,0.0001088260060530233
254.0,0.628212242947756,0.01053344218264216,0.003411174754723358,0.00239671768184659,0.0001074163812271671,0.0001076663718415235,0.0001084552114595093
255.0,0.626336754869136,0.01035218811915239,0.003397580098059004,0.002387380062470824,0.0001072687302012914,0.0001074962443860888,0.0001081043041533016
256.0,0.624970679811541,0.01009237334796118,0.00338602719492533,0.002378097125448854,0.0001070583049972028,0.0001073225664556194,0.0001077382077944172
257.0,0.6238739923264611,0.01105170116987136,0.003379848845927336,0.002368877315291342,0.0001068433246785683,0.0001072300950053296,0.0001074617741862398
258.0,0.6234327892647848,0.01041046989669034,0.00336851801375006,0.002359744373285666,0.0001066266500177992,0.0001070893073604868,0.0001071586301716078
259.0,0.6228392833318236,0.009913183457459826,0.00335694603891263,0.002350669598987149,0.0001064205930312344,0.000106989104534979,0.0001068050901269912
260.0,0.6217811676328973,0.009546568846407656,0.003346439612503059,0.002341667455189128,0.0001061843403685122,0.0001069173786105438,0.000106479113673406
261.0,0.6206877216696962,0.009096674223671091,0.003335109359513243,0.002332717853969884,0.0001059068984787526,0.0001068848536142159,0.0001061305373543095
262.0,0.6198876569102916,0.009349846347665721,0.003327429381043929,0.00232382816673589,0.00010566341314113,0.0001068295031515765,0.0001057355623025691
263.0,0.6192184244663504,0.009839230852123657,0.003323416788217069,0.002315025556705412,0.0001054022571963408,0.0001068328055617116,0.0001054060560737698
264.0,0.6187841880996389,0.009719362655534932,0.003318392383565675,0.002306310922391036,0.0001052096685912332,0.0001068216562533319,0.0001050777329640145
265.0,0.6183618794824927,0.009378879843456093,0.003312950823551229,0.002297670648335383,0.0001049766806385556,0.0001068771208435183,0.0001047830470595092
266.0,0.6178251125102631,0.01007271513316631,0.0033074772123717,0.002289071112453691,0.0001047204213252728,0.0001069642801699975,0.0001044750044584152
267.0,0.6172673169557138,0.01048307396719789,0.003306230296192497,0.002280535793801604,0.0001045073279228548,0.000107004544833125,0.0001041623767824055
268.0,0.6172813191475511,0.009800412110772986,0.00330224536763377,0.002272059007394208,0.000104329559470856,0.0001070402757470677,0.0001039084487495511
269.0,0.6170798456774929,0.009757521527666966,0.003298895756178056,0.002263626429812121,0.0001041160708335665,0.0001071154041253293,0.0001036193327437093
270.0,0.6168346215453598,0.00967577884139199,0.003298241710510749,0.002255278923883036,0.0001039285390192672,0.0001071642381537162,0.0001033944575796628
271.0,0.6166975709243283,0.00960208982741403,0.003296146543474464,0.002246985802418995,0.0001036979811180611,0.0001072584342773425,0.0001032273939754976
272.0,0.6166862131462364,0.00987077753533161,0.003294389823833009,0.00223874412947326,0.0001034341606698582,0.0001073705066555166,0.0001030480723055149
273.0,0.6157814121839549,0.009152133356614432,0.00328907275747037,0.002230538390631407,0.0001031710319662407,0.0001074312303888216,0.0001028707639509296
274.0,0.61539470721867,0.01083479580039215,0.003292225284171419,0.002222388520199187,0.0001029493062784229,0.0001074685740342022,0.000102715679011128
275.0,0.6152510314275299,0.01020450070603231,0.003290845427188646,0.002214311893444957,0.0001027367509619879,0.0001075487779509338,0.0001025321386716943
276.0,0.6147701381802089,0.01016197516015674,0.003289003598936138,0.002206269109186213,0.0001025274219783365,0.0001076138847665732,0.0001023432428037856
277.0,0.6153521264275348,0.00958086653721561,0.003284784663439209,0.002198272997936101,0.0001022741561740034,0.0001076986992592425,0.0001021899008307647
278.0,0.615096866356581,0.009463188718418565,0.003280915049237648,0.002190344876668855,0.0001020440165395299,0.0001077641584934941,0.0001020152843455359
279.0,0.6149956797241434,0.01042377221423143,0.003281902963020242,0.002182508968271159,0.0001018105029359106,0.0001078252052445342,0.0001018791635846943
280.0,0.614452607654871,0.009930828302857764,0.003277265368146536,0.002174711869904852,0.0001016183404150426,0.0001079133201131452,0.0001017854792642477
281.0,0.6136344700960468,0.01212739505765278,0.003277820337551955,0.002166971658823193,0.000101383104287869,0.0001079468613174442,0.0001016716707896935
282.0,0.6139102025238796,0.01097033251717787,0.003276117761203545,0.002159272009915832,0.000101188294253348,0.0001079928352579551,0.0001015371722979751
283.0,0.6137263610731819,0.009866335683841956,0.003267831685569264,0.00215162863243909,0.0001009634327359928,0.0001080646186764188,0.0001014210572162942
284.0,0.6140758004383257,0.01078033439390831,0.003264747877251698,0.002144034042117937,0.0001008034184246774,0.0001081203792978647,0.0001013206471186632
285.0,0.6137575195020165,0.009505119953264784,0.003255993964203951,0.002136485423916186,0.0001006596162216334,0.00010815567256192,0.0001012405438462294
286.0,0.6138659481463287,0.009521625229557953,0.003251581426509528,0.002128972157379792,0.0001004524607441368,0.0001082037340055805,0.0001011680648398784
287.0,0.6139801146995547,0.008990766525576283,0.003243409862402909,0.002121516503957854,0.0001002773956141973,0.0001082417125914239,0.0001011140021066121
288.0,0.6147722238202317,0.00933572322434199,0.003238573407510455,0.002114119171976906,0.0001001162891468408,0.0001083577539887411,0.000101164282707445
289.0,0.6154592702892681,0.008752914461640173,0.003229533770560289,0.002106738981817953,9.999015188624205e-05,0.0001084168356761381,0.0001011153074303148
290.0,0.6159371297388562,0.008752874057488758,0.003222199525839872,0.002099436276477585,9.980263662142812e-05,0.0001084935980614077,0.0001010519044151267
291.0,0.6160576079651195,0.008513522006801373,0.00321399631745885,0.002092190845318964,9.96257455263453e-05,0.0001085726629955469,0.000101031777441543
292.0,0.615296114437737,0.008473414559733926,0.003206240911870929,0.002085020283142545,9.950066441032852e-05,0.0001086092177193287,0.0001010126550288961
293.0,0.61530829028859,0.00850247443450008,0.003198244621448125,0.00207787396763932,9.93759449227495e-05,0.0001086549457605851,0.0001009765098340669
294.0,0.6147431586117386,0.00842735840118793,0.003191767726344966,0.002070767464981985,9.923993066294035e-05,0.0001086998259112149,0.0001009719395176196
295.0,0.6151409923416927,0.008494957695798729,0.003183837438918265,0.002063718657889438,9.90744479657638e-05,0.0001087541267128004,0.0001009596549471335
296.0,0.6157366204052255,0.00824495424346509,0.003178871177442219,0.002056713457376994,9.8930934829035e-05,0.0001088487993470306,0.0001009722180145514
297.0,0.6163417141961615,0.008431924963149533,0.003173221973579857,0.002049757510508495,9.882255865376009e-05,0.0001089721871172641,0.0001009500615044489
298.0,0.615905457035053,0.008321399985609183,0.003169503862296316,0.0020428611576602,9.866820461049459e-05,0.0001090397154651819,0.0001009283157231177
299.0,0.6158385558192685,0.007974173959335707,0.003165183834132896,0.00203598794711455,9.851422363126871e-05,0.0001091381631003828,0.0001009230099538926
300.0,0.6162734148921789,0.008234649053424282,0.003163044660290508,0.002029185819862001,9.834142888986988e-05,0.0001092441260902428,0.0001008974739475626
301.0,0.6169335209353853,0.007880274709163679,0.003159430299244947,0.002022440294684214,9.819859636534159e-05,0.0001093414975570679,0.0001008969541146908
302.0,0.6177212772045485,0.007705760659106039,0.003157649524559865,0.002015728307425379,9.803327971302125e-05,0.0001094824099828522,0.0001009009148202202
303.0,0.6179402813257472,0.00753821102900226,0.003154285685352393,0.00200904584354242,9.792290113164715e-05,0.0001096197542906864,0.0001009193035857196
304.0,0.6185074055639427,0.007689818801263712,0.00315318798645266,0.002002412821502161,9.77871571992292e-05,0.0001097547936927325,0.0001009062894236987
305.0,0.6200170939126359,0.007487870827009187,0.003153386127425279,0.001995823624618616,9.76977530519961e-05,0.0001099061877985524,0.0001009245396240805
306.0,0.6206492712280753,0.00746821427596511,0.003152051802085452,0.001989277169862473,9.75100971038602e-05,0.0001100471186013458,0.0001009347709869158
307.0,0.6205144427474295,0.007546251752733355,0.003149835876786089,0.001982792951054601,9.734006981015172e-05,0.0001101661771663071,0.0001009094879765782
308.0,0.6206548515624571,0.00746562122510743,0.003147112151498772,0.001976306131490166,9.720043441172079e-05,0.0001102588432066165,0.0001008999111336673
309.0,0.6209633879811692,0.007597378461036033,0.003145730689665463,0.001969884150719703,9.705499088074725e-05,0.0001103002090424947,0.0001008910790465811
310.0,0.6220755522711269,0.007561793389246087,0.0031444392727101,0.001963492565173443,9.693054955191891e-05,0.0001103797789632252,0.0001009206911008131
311.0,0.6225357813340432,0.007193410308712248,0.003140694238321408,0.001957141208582139,9.677657466081195e-05,0.0001104981851721917,0.0001009413686946216
312.0,0.6222988843301779,0.007195153270305002,0.003138546384624962,0.001950826050346193,9.663199797256594e-05,0.0001105868922140987,0.0001009457687865453
313.0,0.623001691053316,0.00713202225725175,0.003138038852259225,0.001944550848302091,9.651114143193547e-05,0.0001106969278439792,0.0001009631089904594
314.0,0.6237739706640099,0.00703407156765013,0.003137019191183708,0.00193830942977618,9.640252270466857e-05,0.0001107725973589561,0.0001009942082157464
315.0,0.6243792310412356,0.007139837085403541,0.003136463058877616,0.001932096634748587,9.630357077038964e-05,0.0001108477356797893,0.0001009856513555905
316.0,0.6242766341469203,0.007154248985417032,0.003136719007287488,0.001925934119066301,9.61753400103295e-05,0.0001109454354147283,0.00010100242912442
317.0,0.6248822092940456,0.007274424682788294,0.003136803008018863,0.00191979270280773,9.607044181514834e-05,0.0001110228248375395,0.0001009787118279179
318.0,0.6255708888107806,0.007157873735584764,0.00313551501397885,0.001913701287926541,9.59686230504805e-05,0.0001110741679408156,0.0001009721800938829
319.0,0.626077814558612,0.007272605185799556,0.003133886652191578,0.001907652377845162,9.585807719363648e-05,0.0001111224331614694,0.0001009670778692328
320.0,0.6269610035135845,0.007074589716091682,0.003130654988000491,0.001901607415314008,9.579077659111554e-05,0.0001111353455943815,0.0001009781737340241
321.0,0.6274306542096343,0.00712314388704163,0.003129028434782291,0.001895595428010178,9.57196344060826e-05,0.0001111620549864387,0.0001009606930546304
322.0,0.6271502685485918,0.007047398251339515,0.003125849374773555,0.00188963199039798,9.562171355794995e-05,0.0001112410277452043,0.0001009644009746731
323.0,0.62679214022589,0.007030518117003825,0.003122887542774871,0.001883683935768846,9.55273663478837e-05,0.0001112933980733497,0.0001009292228122779
324.0,0.6266526554729087,0.00697331662913295,0.003119989574208768,0.001877781372929164,9.544526547273217e-05,0.000111331379033222,0.0001009110113848702
325.0,0.6266255099401061,0.006961721576090344,0.003117619614084473,0.00187190771346604,9.532643076246399e-05,0.000111329705605612,0.0001008396680498979
326.0,0.6268637881077987,0.006898907100449225,0.003114316393065168,0.001866079826294053,9.523907818274858e-05,0.000111319440265186,0.0001007876332068983
327.0,0.6269316863327011,0.006906242461815116,0.003112034395864075,0.001860289123104732,9.51508820601747e-05,0.0001113261848262254,0.0001007183644953361
328.0,0.6267884031569575,0.006769378378278007,0.003108297116306119,0.001854526122711093,9.50779017950035e-05,0.0001113148390717986,0.0001006552760364284
329.0,0.6264808723060168,0.006783085210242007,0.003104768689109139,0.001848804819390261,9.501630442955211e-05,0.0001113012746505245,0.0001005901000957312
330.0,0.6267967791504746,0.006736255856887318,0.003102087034007097,0.001843115698110891,9.492411115861857e-05,0.0001112743511637813,0.0001005350260215839
331.0,0.6260993903117187,0.006716804130633714,0.003098853067925451,0.001837469175821697,9.48404162601054e-05,0.0001112349966843049,0.0001004290318387319
332.0,0.6257990846135558,0.006703761243453276,0.003095692900780472,0.001831861366362345,9.479600741715035e-05,0.000111159541382337,0.0001003108552544617
333.0,0.625731801941506,0.006753337078404317,0.003091206639578707,0.001826297288211489,9.468590993450408e-05,0.0001110998996870166,0.000100173697787241
334.0,0.6247996620195995,0.00675491894986447,0.003087162409356401,0.001820737098109645,9.456401682029114e-05,0.0001109846767734471,0.0001000668414664442
335.0,0.624014263570265,0.006708287079886096,0.003083210234553297,0.001815208311539874,9.4482572638431e-05,0.0001107942008826759,9.988268290666805e-05
336.0,0.6233642647908337,0.00676323521571783,0.00307897135777639,0.001809692541555074,9.435963843483498e-05,0.0001106447649002638,9.967998729599816e-05
337.0,0.6233829539945762,0.006915489263293714,0.003075551765979006,0.001804239434977233,9.42421079185745e-05,0.0001105036034576265,9.946698319575575e-05
338.0,0.6242422200075921,0.006873553892119584,0.003072404798166955,0.001798833569829104,9.412411478428912e-05,0.0001103216614733279,9.924540344200497e-05
339.0,0.6229863329001326,0.006692493450871887,0.003066680439002823,0.001793437341273944,9.394682706483724e-05,0.0001100700175885019,9.902971107522316e-05
340.0,0.6216880784390784,0.006618290511019931,0.003061454310439521,0.001788069971177262,9.376335303049052e-05,0.000109827970732267,9.877584007863364e-05
341.0,0.6211409835679307,0.00661622477436982,0.003057462329307555,0.001782742120112851,9.359687863173896e-05,0.0001095993613791925,9.85418727998395e-05
342.0,0.6200313653004232,0.006637807678604274,0.003053967597846968,0.001777429349790911,9.341266053478508e-05,0.0001093953380986031,9.832205062520644e-05
343.0,0.6187263583455195,0.006589456461539502,0.003050170383137002,0.001772163145410834,9.322808328689247e-05,0.0001091361272157101,9.806102732271189e-05
344.0,0.6181020879812972,0.006576382776276467,0.003046434239515899,0.001766933888555245,9.306156594701538e-05,0.0001088971605481861,9.778827964872734e-05
345.0,0.6170690732263271,0.006564574628544489,0.003042351097385367,0.001761736314012184,9.287250093073612e-05,0.0001086018031952458,9.752341534850675e-05
346.0,0.6161957116440919,0.006697939652601044,0.003039395299260925,0.001756583759709303,9.266161299104753e-05,0.000108342637410208,9.727476128961736e-05
347.0,0.6157684240168578,0.00671101042558976,0.003035940743531084,0.001751472441489239,9.247766324106885e-05,0.0001080558344866905,9.70004356813073e-05
348.0,0.6155732691354786,0.006751918634301018,0.003031884842496669,0.001746402860590076,9.231987489158482e-05,0.0001077443495375986,9.673444548219654e-05
349.0,0.6144635019008259,0.006633325720265103,0.003027231617306093,0.001741390341380492,9.208303636302799e-05,0.0001074832213687838,9.64762335290745e-05
350.0,0.6133780315927679,0.006581088600730052,0.003023278390409573,0.001736454617133052,9.185532551069276e-05,0.0001072078687605766,9.619055212889782e-05
351.0,0.6124758127464274,0.006485721379019101,0.003018321959920447,0.001731578077937777,9.164937679757042e-05,0.000106889388523535,9.590043988002002e-05
352.0,0.6123760476099207,0.006383261094281896,0.003014561575773722,0.001726741616557124,9.144463105700258e-05,0.0001065814227375156,9.566777697457221e-05
353.0,0.611226371805215,0.006362615000904299,0.003010213267918675,0.001721972674237572,9.125985282678653e-05,0.0001062922540753809,9.543054024095768e-05
354.0,0.6092106080586128,0.006477726430068279,0.003006849237127317,0.001717222516773905,9.109427074798458e-05,0.0001059567991056687,9.518652171859501e-05
355.0,0.6082567549134464,0.006490192525031028,0.003002465604378878,0.001712529849544962,9.092779636464815e-05,0.0001055944910810193,9.495174188337429e-05
356.0,0.6064829635947734,0.006508931758556306,0.002997472000420049,0.001707951303124289,9.077632474019513e-05,0.0001052220126734449,9.470216563183777e-05
357.0,0.6052087479240195,0.006438199855203223,0.002992337884588929,0.001703421125335189,9.058894727632297e-05,0.0001048337162324154,9.44552003961653e-05
358.0,0.6042651450576345,0.006493588402107332,0.002987148715158634,0.001698924311193824,9.041257868670282e-05,0.0001045211738850191,9.417752439122112e-05
359.0,0.602399956131114,0.006560675309683957,0.002979324814608743,0.001694499722199418,9.020710091513298e-05,0.0001041534944748135,9.393080861771927e-05
360.0,0.6015470110292293,0.006615997430670449,0.002972953882091266,0.00169010915898438,9.002982867089113e-05,0.0001037852118794824,9.368847580114836e-05
361.0,0.6016442774852092,0.006864900387178775,0.002967502657599452,0.001685775787241839,8.986659712254935e-05,0.0001034320426128674,9.341852895667857e-05
362.0,0.600452963989557,0.006716944649390185,0.002959303912407501,0.001681448161204035,8.966761566592424e-05,0.0001030768380941708,9.316245495978023e-05
363.0,0.598098534072871,0.006679319192027223,0.002949135355073977,0.001677121080447024,8.946730685623927e-05,0.0001026621073034034,9.286790209300701e-05
364.0,0.5960753228541238,0.006684441296348985,0.002940070154085163,0.001672838801465862,8.92652402486616e-05,0.0001023038066826688,9.257682377388049e-05
365.0,0.5941487231982847,0.006658281598055678,0.00293027536588971,0.001668605986106878,8.905933641334071e-05,0.0001019650353996043,9.228976210488779e-05
366.0,0.5926222794557904,0.006682649152769709,0.002918464714306794,0.001664405775865084,8.887881108151628e-05,0.0001015969733020484,9.198718920784295e-05
367.0,0.5910684719540894,0.006747544839371727,0.002907824749687348,0.00166022185984353,8.870711120761635e-05,0.0001012643665196709,9.17244864176383e-05
368.0,0.5903471344158135,0.006560786087750481,0.002894820637472078,0.001656055781524011,8.854003611686857e-05,0.0001009408755560969,9.141022161244876e-05
369.0,0.5888993369856843,0.006792474139846223,0.002883495291792736,0.001651922583409841,8.831569297133954e-05,0.0001005853847900118,9.107839325330785e-05
370.0,0.5876997699715717,0.006764143094270793,0.002872448161668979,0.001647876462456799,8.814221110930381e-05,0.0001001945141592685,9.076186944359242e-05
371.0,0.5869342780552036,0.006654103612360259,0.002860164579112329,0.001643936274518514,8.792532923030171e-05,9.980628818885617e-05,9.04357169370022e-05
372.0,0.5858862827092429,0.006772766637849373,0.002850136018277796,0.001640103131615638,8.775106837140636e-05,9.948730948677944e-05,9.010946019314703e-05
373.0,0.584705496164023,0.006585679625419354,0.002839378368220864,0.001636291232588164,8.75520883981876e-05,9.915782336720323e-05,8.980436653311881e-05
374.0,0.5835265421850262,0.00661513736106488,0.002828651511745821,0.001632552454134781,8.736082862288922e-05,9.879204945874531e-05,8.94950548569934e-05
375.0,0.5819187478737264,0.006601409408255787,0.002817567336062887,0.001628900421986845,8.717147534878365e-05,9.845358268052315e-05,8.916521574306796e-05
376.0,0.5802886034003758,0.006490787573041316,0.002806124599018577,0.001625334905813486,8.699073447930693e-05,9.810981171191523e-05,8.886462630426601e-05
377.0,0.5793724309867041,0.006446198693821879,0.00279356757581258,0.001621868224858289,8.680423963210575e-05,9.775971636327435e-05,8.85101408575404e-05
378.0,0.5782061797913973,0.006470485179341775,0.002781522218147084,0.001618484604110306,8.662716411378449e-05,9.746661329248994e-05,8.81682335254307e-05
379.0,0.5775014941456027,0.006425684830433793,0.00277079519351567,0.001615181120825512,8.643309883744294e-05,9.715598286709716e-05,8.783457868177096e-05
380.0,0.5763540106497663,0.006242099665612851,0.002758837779288618,0.001611951408026592,8.625815716034527e-05,9.684205857620585e-05,8.755829052936069e-05
381.0,0.5756228171100088,0.00632402387634918,0.002748504674400511,0.001608768677822168,8.609016542196527e-05,9.654629421119414e-05,8.726509797522866e-05
382.0,0.5743269440698817,0.006344118108698796,0.002739448081036377,0.001605634368402487,8.594965571402404e-05,9.624016596051455e-05,8.698336317766164e-05
383.0,0.5743194861948252,0.00643035833005362,0.00273045185775946,0.001602563696227751,8.578825304334376e-05,9.590856627477611e-05,8.67338280938891e-05
384.0,0.5718738391103363,0.006468607137978826,0.002721847543005128,0.001599542678645894,8.563362345052254e-05,9.562222556247224e-05,8.649909416080072e-05
385.0,0.5706120038975236,0.006464002469260134,0.002713742065750331,0.001596569826941238,8.545806982903259e-05,9.532367405409898e-05,8.624607294653186e-05
386.0,0.5701392553112876,0.006299767352597531,0.002705358764443141,0.001593657360648015,8.531777795772984e-05,9.501696335123112e-05,8.602043759623878e-05
387.0,0.5694514597040851,0.006188248470114642,0.002696370689449947,0.001590759602182298,8.518576777973522e-05,9.472885381821278e-05,8.577905682148932e-05
388.0,0.568183431679089,0.006243509632294853,0.002690035709960804,0.001587923462623181,8.50655978033655e-05,9.44348361148953e-05,8.555640114901142e-05
389.0,0.5667631456741224,0.006201310905959725,0.002683615638238573,0.001585124703427137,8.49567784457375e-05,9.416898879786894e-05,8.534341312276289e-05
390.0,0.5657731162659209,0.006162800277871154,0.002677045783982652,0.001582353928598091,8.486918711798502e-05,9.385425539219292e-05,8.514454070494316e-05
391.0,0.5653667181646473,0.006397495976656112,0.00267310326661381,0.001579630007602025,8.478064081268172e-05,9.359570611941451e-05,8.49418399771646e-05
392.0,0.5656151993755005,0.006302465076379762,0.002666589941092703,0.001576979017539181,8.468654642509954e-05,9.33614280018148e-05,8.47816439626146e-05
393.0,0.5653156569414349,0.006225810682165198,0.002659732691534391,0.001574352639276077,8.461190745716484e-05,9.313558419917376e-05,8.461092279838703e-05
394.0,0.5642805268392019,0.006267640997263866,0.002654727157375279,0.001571738040917625,8.456165830923089e-05,9.288932779263838e-05,8.44371123764321e-05
395.0,0.5635480313358437,0.006168151187721527,0.002648310764184709,0.001569190115164673,8.447422812440705e-05,9.266415964512952e-05,8.426893889606956e-05
396.0,0.5632662567487335,0.005998991938871628,0.002641787789807409,0.001566718486347433,8.441039967176542e-05,9.244423397775863e-05,8.408821448419023e-05
397.0,0.5627562239420358,0.00605244148109455,0.002636799821852853,0.001564285292485381,8.430830615206433e-05,9.225180085951104e-05,8.389331928348961e-05
398.0,0.5619775974619279,0.005966104971848469,0.002630096198526048,0.0015619517381764,8.423010388500532e-05,9.20551696406357e-05,8.372411132283845e-05
399.0,0.5613313663439219,0.005850330129635433,0.002623183014740202,0.001559677452589807,8.415263757961187e-05,9.187147401984158e-05,8.356454803704122e-05
400.0,0.5611872978375543,0.0058860100410936,0.002616646659031229,0.001557444351834112,8.403080515841274e-05,9.170582329758454e-05,8.338552797655975e-05
401.0,0.5604131079845796,0.005817470828763073,0.002609723561937138,0.00155524837353953,8.395923380654598e-05,9.155880918195475e-05,8.322571841968286e-05
402.0,0.5599215574133963,0.005943327155792351,0.002601700154039933,0.001553100455551378,8.384626355250507e-05,9.137743585602346e-05,8.303885670595897e-05
403.0,0.5594541534208671,0.005747246654939222,0.002593072484526776,0.001550998230156394,8.374588840974993e-05,9.122876643874217e-05,8.284995902828316e-05
404.0,0.5594945540804512,0.005852039694490586,0.002586012108119731,0.001548945734815567,8.361131782840167e-05,9.11177279123207e-05,8.265716901734511e-05
405.0,0.5585748720231903,0.005726088242242961,0.002578935425003036,0.001546953164691489,8.350660387209108e-05,9.101102135086278e-05,8.251931227557123e-05
406.0,0.5586673139721678,0.005682621414003768,0.002571382884634873,0.001544976765324156,8.34038798450652e-05,9.089828805749888e-05,8.235065739360596e-05
407.0,0.5577938452443052,0.005609713172625476,0.002564332433909394,0.001543013346962902,8.327633231727306e-05,9.079926558082432e-05,8.219204544129519e-05
408.0,0.5570588712804638,0.005619706350563436,0.002557072402509844,0.001541102041355863,8.315734542540204e-05,9.070512681332437e-05,8.203210041970192e-05
409.0,0.5566607883123351,0.005682520560526654,0.002551687142760768,0.001539235937511239,8.306970162613462e-05,9.061430983411317e-05,8.188231007341394e-05
410.0,0.5555901440030541,0.005518868292231124,0.002545614067869468,0.001537377849048209,8.297635823632815e-05,9.050117810341401e-05,8.171581408042617e-05
411.0,0.5541214298878578,0.005748430004422202,0.002540860558182436,0.001535563071015829,8.288804029896048e-05,9.0398604451004e-05,8.156220583712548e-05
412.0,0.5529081036344442,0.005556290490359333,0.002535110259220221,0.001533772092950323,8.280098905966707e-05,9.034295514857184e-05,8.14475835519321e-05
413.0,0.5516845772572694,0.005583975217324871,0.002529750319576327,0.001532004544197282,8.272224176126102e-05,9.030038869174987e-05,8.13176763334149e-05
414.0,0.5508024055358325,0.005530035788957994,0.002525103557968876,0.001530298705949922,8.266311770304985e-05,9.02372315667871e-05,8.119570096545506e-05
415.0,0.5498420792039435,0.005562882300090889,0.002521109928108887,0.0015285781070154,8.260384581369344e-05,9.018657259380541e-05,8.1047947320568e-05
416.0,0.549188595652765,0.005615807760362706,0.002517904061778717,0.00152682945837453,8.252829869362485e-05,9.016207414858555e-05,8.095520012461944e-05
417.0,0.5480543037973131,0.00554505601952541,0.002512760731487599,0.001525045969421674,8.249222154059255e-05,9.012449537286638e-05,8.086878345038482e-05
418.0,0.5471140987650375,0.005532683955094377,0.002508485283324735,0.00152326886672689,8.242165495109853e-05,9.007855064890365e-05,8.073101670512929e-05
419.0,0.5455653477396358,0.005750419700877264,0.002505883091489889,0.001521543159879462,8.234248949988669e-05,8.998758977178226e-05,8.064689438427979e-05
420.0,0.5441772923842,0.005652531599640435,0.002502146128817466,0.001519819986808853,8.227888634239363e-05,8.99721621399656e-05,8.053447110079944e-05
421.0,0.5428631175985716,0.005560616705541019,0.002498158414127728,0.001518084447902877,8.221465503515506e-05,8.992108234583162e-05,8.041722058742853e-05
422.0,0.5420485555766462,0.005595711695374109,0.002495605547078788,0.001516336655871394,8.217211134369888e-05,8.986562292491961e-05,8.03126386478364e-05
423.0,0.5415803133572765,0.005527974031711156,0.00249278288708658,0.001514583614497911,8.216491615313165e-05,8.981308864871608e-05,8.023387629919104e-05
424.0,0.5407899919004739,0.00561512377110043,0.002491622702997798,0.001512786467272219,8.213494620838776e-05,8.976703257137353e-05,8.013666689668368e-05
425.0,0.5403241763917409,0.005521215482317951,0.002489074619955294,0.001510989592258289,8.208451349453846e-05,8.971857070693158e-05,8.005271103010061e-05
426.0,0.5402890958715785,0.005568715073916685,0.002487358836646079,0.001509183938875604,8.205648174858756e-05,8.965216273326716e-05,7.995823884468975e-05
427.0,0.5400791786899213,0.005667564701642065,0.002486309972271638,0.001507349346443181,8.207151938856014e-05,8.962485990205262e-05,7.988913911987508e-05
428.0,0.5399456806537744,0.005677558917345246,0.002485969219845902,0.001505508024002318,8.20758976448965e-05,8.956218321562385e-05,7.980785746168292e-05
429.0,0.5392412583459176,0.005593508054913475,0.00248475127461851,0.001503680160856077,8.207747382233663e-05,8.946366584212131e-05,7.976660155810116e-05
430.0,0.5388336926601934,0.005632497380430704,0.002485815169693363,0.001501828875366667,8.211700491248231e-05,8.940287960804113e-05,7.967867429997423e-05
431.0,0.5384504082000607,0.005470499818187645,0.002485580549905058,0.001499969694997917,8.212081174556472e-05,8.934677969694375e-05,7.959405344998275e-05
432.0,0.5388717717991001,0.005555603656643669,0.002487323062749296,0.001498131926002481,8.214165808402197e-05,8.929200703444454e-05,7.953188341847542e-05
433.0,0.5387952302009855,0.005557170420998532,0.00248782566925339,0.001496317426047381,8.217278025114985e-05,8.924429703104444e-05,7.946725714521676e-05
434.0,0.5380755195037719,0.005777025358891769,0.002489067872031153,0.001494445636377057,8.218823219472736e-05,8.920680718670944e-05,7.939618802327884e-05
435.0,0.5380469792740894,0.00576290830606949,0.002488877301195911,0.001492569760601838,8.221365286327944e-05,8.915897091299634e-05,7.933650228343776e-05
436.0,0.5385988429291564,0.005957563906216257,0.002491432952668239,0.001490648345112142,8.227874180604485e-05,8.912803298016327e-05,7.926470826073063e-05
437.0,0.5387537463124015,0.005848672568223664,0.002491239492769989,0.001488719231376206,8.234158851562419e-05,8.910408029860924e-05,7.920893737653668e-05
438.0,0.5390795885863658,0.005660752877057456,0.002491393518239063,0.001486751792553743,8.238896789749286e-05,8.911753079583992e-05,7.910046604442725e-05
439.0,0.538731029636474,0.005674221069937335,0.002492516867771143,0.001484835485866972,8.240431964596395e-05,8.914340405592917e-05,7.901534333958245e-05
440.0,0.5382574177491112,0.005672661769566458,0.002495042797507682,0.001482942746804667,8.240590222072888e-05,8.91880608879331e-05,7.893787950378003e-05
441.0,0.5382932801091721,0.005638791998792547,0.002496728306988229,0.001481048544588459,8.240863885962052e-05,8.924980105451122e-05,7.884009137435449e-05
442.0,0.5376848670475752,0.00582510175455898,0.002500172156642054,0.001479176155412613,8.240941601013142e-05,8.932096682497554e-05,7.874015223445885e-05
443.0,0.5372302619564179,0.00579400771866831,0.002502565563813345,0.001477319822319639,8.240956176533014e-05,8.939438481812027e-05,7.865920681381466e-05
444.0,0.5371951360369849,0.005920804074924496,0.002506788813580134,0.001475509132927311,8.242207287391543e-05,8.94580127231518e-05,7.860778220312888e-05
445.0,0.5378103303008819,0.005859083705155001,0.002510449765063888,0.001473686327109397,8.240328271373352e-05,8.955266289153502e-05,7.854703630012368e-05
446.0,0.5377568849895324,0.006166705809558522,0.002514710768990981,0.001471881128057916,8.236201372492485e-05,8.968027765491948e-05,7.847787815455348e-05
447.0,0.5383573837105166,0.006055292461990806,0.002515589168320401,0.00147015273193129,8.233938255606968e-05,8.9777710166435e-05,7.844499158000563e-05
448.0,0.5391304613787946,0.006018438610662383,0.002518316132231077,0.001468457486354341,8.228697195214216e-05,8.991531964326145e-05,7.841730270525252e-05
449.0,0.5396618415081303,0.006092777051688575,0.002520811371767225,0.001466769097360589,8.225870960288133e-05,9.004384856440931e-05,7.837979117408897e-05
450.0,0.5403931552714025,0.006080449671375598,0.002521415873134412,0.001465102081350017,8.222820543406535e-05,9.018300686788286e-05,7.837464485612159e-05
451.0,0.5404611356743716,0.005928232140144283,0.002521947670360845,0.001463495552197692,8.213534564632874e-05,9.033276250671309e-05,7.834539938255178e-05
452.0,0.5411158783151614,0.005996526502960596,0.002522872078622514,0.001461922803464541,8.204093304536288e-05,9.049029632886938e-05,7.831682013676932e-05
453.0,0.5415153463400503,0.006007341691857429,0.002522621785977282,0.001460381454302175,8.200104796778819e-05,9.063319215841914e-05,7.831542814905e-05
454.0,0.542088765354868,0.005860876791272837,0.002522724202281136,0.001458893389043514,8.194695356642842e-05,9.080486511776007e-05,7.833227716419205e-05
455.0,0.5435757200363595,0.005917822153099071,0.00252343491616468,0.001457425933231717,8.190496918443898e-05,9.09466837932642e-05,7.83432338482033e-05
456.0,0.5446507069341049,0.005929725204696206,0.002522993675959996,0.001455984523989693,8.183419166461093e-05,9.110111123177731e-05,7.838961208059524e-05
457.0,0.5456609417081998,0.005987730478549701,0.002523560382618714,0.001454576451449733,8.178493591119762e-05,9.128298295766977e-05,7.843766010432807e-05
458.0,0.5468909709979721,0.006332890638422195,0.00252308046976406,0.001453142250374029,8.172855221418195e-05,9.147857740506009e-05,7.849123988916153e-05
459.0,0.5480760338017745,0.006431001595327964,0.002523678334081111,0.001451671345799915,8.169307143805501e-05,9.16488025911649e-05,7.85396007023979e-05
460.0,0.5496771525379448,0.006569284051437598,0.002523924510079411,0.001450190344585495,8.16468076731142e-05,9.180255411742846e-05,7.860000538295874e-05
461.0,0.5510892771838003,0.006225966499449782,0.002522979463428823,0.001448684972128,8.157998805845184e-05,9.195248222330831e-05,7.865732615880839e-05
462.0,0.5526783852793611,0.00607540078516043,0.002520962490577922,0.001447100479213465,8.155997683389987e-05,9.21240002795059e-05,7.87532749300079e-05
463.0,0.5539751273473585,0.005920999503071183,0.002520932628818622,0.001445520603447384,8.151247365478192e-05,9.228476872999898e-05,7.884506284772706e-05
464.0,0.5556050191444715,0.006043321789463364,0.002521926260981881,0.001443897655637221,8.144876229614779e-05,9.24472114200585e-05,7.895206140962028e-05
465.0,0.5571482891966576,0.006007967821077459,0.002523725342919511,0.00144215447359506,8.13843617650037e-05,9.2604679494199e-05,7.907294426014461e-05
466.0,0.5588000673987608,0.005923406953669491,0.00252475010391691,0.001440381242622833,8.134681164524711e-05,9.27636637636028e-05,7.92240085726894e-05
467.0,0.5602896564230778,0.006084330117742696,0.002527334634804314,0.001438443497302967,8.12946703977487e-05,9.29074315904309e-05,7.934802623894584e-05
468.0,0.5618727288044542,0.006009351557154397,0.002527640242507208,0.001436393552302541,8.126018358524189e-05,9.309877407351306e-05,7.952421324568351e-05
469.0,0.563687165035879,0.006000551215456318,0.002529347273818247,0.001434250649084196,8.119204456790329e-05,9.328733672511669e-05,7.970346033695851e-05
470.0,0.5653129561695219,0.005882752658939774,0.002530786057335843,0.001432022113907159,8.115869799007464e-05,9.345069061164775e-05,7.989409603175741e-05
471.0,0.5671976533293864,0.006099685606673673,0.002534660879194316,0.001429667214979501,8.110719049641348e-05,9.36599708248229e-05,8.009104604035628e-05
472.0,0.5696206392364644,0.006257263465094293,0.002537660182430039,0.001427235953677386,8.103536091515705e-05,9.386800258294322e-05,8.032277552784261e-05
473.0,0.5721556234694507,0.006413948387389168,0.002542179396980026,0.001424741643767072,8.09977843042557e-05,9.40817337316353e-05,8.052423470316703e-05
474.0,0.5751350353654563,0.006147473875557456,0.002545442290334248,0.001422161020622939,8.101336953572139e-05,9.431358508962587e-05,8.074592971820071e-05
475.0,0.5778346725856933,0.006201127847428741,0.002548859165647501,0.001419477190417161,8.101801331268823e-05,9.456165838015308e-05,8.09696164316992e-05
476.0,0.5800955808296933,0.006396194048921821,0.002552870305867985,0.001416693388094127,8.099593876652438e-05,9.482632923164333e-05,8.122172155641191e-05
477.0,0.5814911969061894,0.006261954092573687,0.002555749005436328,0.001413791683047409,8.101183141085755e-05,9.507422260291702e-05,8.145543538148336e-05
478.0,0.5832966459624744,0.006385955725301908,0.002559499498795604,0.00141077292472114,8.102091670624605e-05,9.536645434211141e-05,8.170840339431324e-05
479.0,0.5856745789734568,0.006422132424676767,0.002562993942681237,0.00140776558440958,8.105544666177312e-05,9.564634544380956e-05,8.194858908525976e-05
480.0,0.5876233459141849,0.006530320732522802,0.002566409677258717,0.001404648321805576,8.11176330703643e-05,9.593288991160671e-05,8.218584505176247e-05
481.0,0.5893023227663066,0.006561394067814139,0.002569692669097615,0.001401465461102787,8.120071990746826e-05,9.623425124292858e-05,8.242373236238874e-05
482.0,0.5916854311219095,0.006533916137953817,0.002573122229277928,0.00139824895697106,8.12618829412419e-05,9.656816103316367e-05,8.265552994289248e-05
483.0,0.5947063027930332,0.007261539128491814,0.00257745191998766,0.001395038186583219,8.129779808276957e-05,9.68886356226567e-05,8.286106862005681e-05
484.0,0.5966311268464857,0.007351488985282493,0.002580629125538425,0.001391765527625535,8.131266686672529e-05,9.724149589597673e-05,8.308019877129878e-05
485.0,0.5983706129590157,0.006934762309988623,0.002583931759973107,0.001388524247737177,8.133907930149846e-05,9.758717936855355e-05,8.329695214497587e-05
486.0,0.5995505635815138,0.007205897493621236,0.002586438962667739,0.00138526163752214,8.139865472720497e-05,9.790096094487496e-05,8.351386037146923e-05
487.0,0.601702326300936,0.007236017899520694,0.002589009480844793,0.001381981002970189,8.143468475700282e-05,9.824395011072259e-05,8.370756936538834e-05
488.0,0.6043700658400181,0.007195249690919563,0.002592032383911042,0.001378720347710435,8.149360886437947e-05,9.857903215936983e-05,8.388410022321777e-05
489.0,0.6061779029828325,0.006996471647939251,0.002594255340503389,0.001375413233199115,8.153457624170425e-05,9.891256756639473e-05,8.402639050902107e-05
490.0,0.6081015220439521,0.006658483655194557,0.002595933571149575,0.001372136048804236,8.157345363601411e-05,9.923516903721342e-05,8.418052802764369e-05
491.0,0.6098182148493544,0.006571933257272411,0.002597182693519783,0.001368881348742563,8.163991254973766e-05,9.955294881643266e-05,8.430979719402409e-05
492.0,0.6122581064470056,0.006990426906720871,0.002600555639985576,0.001365601072019625,8.16990555456554e-05,9.985974736047714e-05,8.446419953894035e-05
493.0,0.614353605959944,0.006886506992197144,0.002601710634691902,0.001362362448221454,8.174033187627855e-05,0.0001001578703182839,8.462313907639284e-05
494.0,0.6165740994637432,0.007444139616289701,0.002607146710855218,0.001359125363107047,8.178092433585357e-05,0.0001004806573474209,8.475658371861964e-05
495.0,0.6187684706238219,0.007421812716433792,0.002611859631835392,0.001355893063718403,8.186498228764941e-05,0.0001007696047167107,8.489026146292571e-05
496.0,0.6205046702014506,0.007640100017349103,0.002616497027005782,0.001352642538605688,8.194834652425358e-05,0.0001010708579479207,8.502798177282176e-05
497.0,0.6220875013419258,0.007065422188459834,0.00261867147327687,0.001349339505092416,8.19966633962171e-05,0.0001013997734883211,8.516637142364666e-05
498.0,0.6244051581231195,0.007151891968354774,0.002621884996446489,0.001345997128906101,8.206635636338656e-05,0.0001016791478285389,8.528804280047807e-05
499.0,0.6260933530701778,0.007269381382541166,0.002626396124828592,0.001342649651851324,8.214972984696307e-05,0.0001019784752237378,8.545295592150574e-05
500.0,0.6274909406232835,0.007285658784332089,0.002630461205004219,0.001339282705751363,8.219691365397637e-05,0.0001022811949988437,8.5615309694595e-05
501.0,0.6287098865175382,0.007371444542200785,0.002635992791969407,0.001335884559380207,8.22264619031774e-05,0.0001025571127007816,8.574681364665189e-05
502.0,0.629938532944411,0.007390529681119667,0.002641544975564348,0.001332440583771823,8.22795431912006e-05,0.0001028312960864318,8.589198890222589e-05
503.0,0.6312147879258517,0.007404521989788939,0.002647890141178986,0.001328980744901735,8.232656686184494e-05,0.0001030903455236566,8.607155774011976e-05
504.0,0.6324964513028747,0.008236285700448542,0.002653986007601135,0.001325477045426093,8.238921290884074e-05,0.0001033704222593896,8.624246208172925e-05
505.0,0.6338683117879079,0.008003772755594673,0.002658859031279173,0.001321936836280845,8.244275744982234e-05,0.0001036140189029984,8.645421850482786e-05
506.0,0.6349308581129317,0.00834632434031789,0.002665730286309872,0.001318275463482684,8.250399829879243e-05,0.0001038390076055856,8.664060094876068e-05
507.0,0.6365094821977967,0.008216400549466636,0.002670620497409014,0.001314624608108199,8.258284109209056e-05,0.0001040884942927788,8.684502969677175e-05
508.0,0.6384946261186734,0.008436849297920875,0.002675538841686623,0.001310891664983274,8.264769424752653e-05,0.0001043057873911533,8.705086542039243e-05
509.0,0.6394165676164683,0.00784832817113399,0.002678637801886862,0.00130705076269977,8.268872536480234e-05,0.0001045281405912066,8.720713351044382e-05
510.0,0.6402269646713356,0.008030236908937251,0.00268380550208639,0.001303145484399151,8.27395302366869e-05,0.0001047332693015208,8.739648350342245e-05
511.0,0.6404752408649197,0.008328252074233853,0.002688372857862267,0.001299217935748614,8.279983022290574e-05,0.0001048535199892029,8.757769822582418e-05
512.0,0.6409805740467475,0.008133311028687636,0.002690402661394841,0.00129527871552241,8.285796852504525e-05,0.0001050082200362571,8.771646265667473e-05
513.0,0.6416125271750734,0.008086429914645123,0.00269320115760614,0.001291303174620589,8.289429031881105e-05,0.0001051772743047983,8.785053077858084e-05
514.0,0.641880334804722,0.008221556529997651,0.002697601467371859,0.001287307132024726,8.289699786438014e-05,0.0001053416017085313,8.796028347086036e-05
515.0,0.6425809545423357,0.007950825793078537,0.002699995353006838,0.001283337778920902,8.292124781146993e-05,0.0001054766274511832,8.805263221171652e-05
516.0,0.6434753775213254,0.008316092798948745,0.00270424093373346,0.001279352404634661,8.295559934164526e-05,0.000105538736096772,8.814203308522232e-05
517.0,0.6449849162272209,0.007874701209209401,0.002705048477500279,0.001275377129000915,8.300090080168072e-05,0.0001056107270115732,8.822417423256963e-05
518.0,0.6458337683921567,0.008433147363001716,0.002709759014356326,0.001271365798978817,8.30196605866552e-05,0.000105632601166674,8.826027894723858e-05
519.0,0.6466635226530534,0.008432801996188372,0.002713208088672248,0.001267360165902171,8.30508045419017e-05,0.0001056440483395631,8.827972115018469e-05
520.0,0.6475881185888118,0.008757485852874412,0.002715498285036808,0.001263366306946474,8.308759821883546e-05,0.0001057133016932796,8.828489219641782e-05
521.0,0.6474993470493715,0.008820473956799354,0.002717664540371941,0.00125939798465972,8.311655529658582e-05,0.0001057429117777962,8.82541797862932e-05
522.0,0.6475946309331203,0.009416779246578041,0.002721442816330232,0.001255499420232441,8.311245267267476e-05,0.0001057604059573299,8.817455688908953e-05
523.0,0.6478367162354087,0.008764139355851722,0.002719749855451455,0.001251672110710293,8.311549200955942e-05,0.0001057947368522169,8.813732036172472e-05
524.0,0.6480971591220861,0.009115935428171648,0.002720557728900156,0.001247924044888542,8.317345040822702e-05,0.000105767406510995,8.80279080316871e-05
525.0,0.6488190283786295,0.008624092086050946,0.002722583876116931,0.001244280916394907,8.318210988399725e-05,0.0001057577351216695,8.795619577692758e-05
526.0,0.6489803426416485,0.009310295233861215,0.002725815219007387,0.001240731701126841,8.320930864827252e-05,0.0001057260042769429,8.783097326368418e-05
527.0,0.6479839284209351,0.009200024717329341,0.002726162564421994,0.001237268178115746,8.320111857524862e-05,0.0001056526797974059,8.768647560120309e-05
528.0,0.6476850002427794,0.009531427125507473,0.002729614953773428,0.00123391611058116,8.321501890747295e-05,0.0001055951332676213,8.753135582467215e-05
529.0,0.6471245692280516,0.01012977620641368,0.002733205506302778,0.001230672485160221,8.322320705480882e-05,0.0001055200191180218,8.734493071818951e-05
530.0,0.6469464653705208,0.008818665868952748,0.00272816722010508,0.001227487608948386,8.321222369627448e-05,0.0001054203316778858,8.711940056286263e-05
531.0,0.6468031530381885,0.009326142293143052,0.002726991608251654,0.001224346215146455,8.316434062316034e-05,0.0001053260799795841,8.694641907187723e-05
532.0,0.6464017505216626,0.009414776531855134,0.00272707671347649,0.001221305041660382,8.317281203606404e-05,0.0001052296691150602,8.67435677599523e-05
533.0,0.6463754964423322,0.009488514595786373,0.002727694455089596,0.00121836928695605,8.313398298990672e-05,0.00010508414061322,8.654678491088341e-05
534.0,0.6460773140064943,0.008971279872661438,0.002727786350782582,0.001215458552862821,8.31185220947378e-05,0.0001049611264719029,8.63442925427232e-05
535.0,0.6457638300037022,0.008929793704297128,0.002729003671660128,0.001212671731267994,8.309972933426658e-05,0.0001047679544183775,8.613297743810128e-05
536.0,0.6450130390924266,0.009562819423759148,0.00273043140277912,0.00120995384817919,8.31228202741936e-05,0.0001045693700636075,8.590887290175062e-05
537.0,0.643653957917632,0.009346705965231123,0.002730539390624086,0.001207279451853213,8.31247728343901e-05,0.000104446688803658,8.567255939242598e-05
538.0,0.6431209936528977,0.009430977433024458,0.002729835855987274,0.001204712876024243,8.310691655958673e-05,0.0001042659753819341,8.542901452450062e-05
539.0,0.6426469026477588,0.0105722619946428,0.00273417814919294,0.001202256104262643,8.308778558194197e-05,0.0001040155337034396,8.518992156225035e-05
540.0,0.6420827630121292,0.01066187180786395,0.002734672310888849,0.001199850706808673,8.30551250099907e-05,0.0001037927805158444,8.495575554191934e-05
541.0,0.6414007982260154,0.01077042908223923,0.002735532134167194,0.001197471879199433,8.302684761115749e-05,0.0001035845413681588,8.472897329410901e-05
542.0,0.6403851453360664,0.0102885503923938,0.002735168691863334,0.001195154185683076,8.298707859470987e-05,0.0001033652646837851,8.448603054240581e-05
543.0,0.6396069078136999,0.01049152908721047,0.00273516252043825,0.001192885426958409,8.295586814182695e-05,0.000103191423045034,8.426251431203117e-05
544.0,0.6390064418582817,0.009790280137670493,0.002731799442105214,0.001190657162907391,8.289717651896927e-05,0.0001030014451318955,8.404055554631547e-05
545.0,0.6388130239997875,0.01088311171514747,0.002736983856237806,0.001188450695711783,8.286326946357665e-05,0.0001028082789817152,8.380408123024716e-05
546.0,0.6382542274976912,0.01033376133329283,0.002735052934477375,0.001186308145030406,8.283905108827158e-05,0.0001026106294202706,8.357572849186809e-05
547.0,0.6367213181596506,0.009265349556323481,0.002731449386152496,0.001184196755327936,8.275997104639797e-05,0.0001023794597960742,8.33472865643348e-05
548.0,0.6342833327876654,0.009739317743136544,0.002732483987958261,0.001182113870552597,8.266246891479503e-05,0.0001021793417902199,8.307304039993849e-05
549.0,0.6338042997602907,0.009993662434231743,0.002732680942440854,0.001180082214320398,8.255507808025726e-05,0.0001020231530877673,8.280491856206014e-05
550.0,0.6334809560139993,0.009934286328967359,0.002731183607732283,0.00117804021200735,8.243986330515607e-05,0.0001018276682592077,8.258119040525904e-05
551.0,0.6321893980694038,0.008992734186093523,0.002727094968144986,0.001176007089073648,8.234013548137388e-05,0.000101616098695114,8.234653006235565e-05
552.0,0.6307285603162286,0.00913917055539552,0.002724619391754909,0.001173993771469658,8.222336787913669e-05,0.0001014353724527545,8.207406027735146e-05
553.0,0.6292984610080975,0.008942577246050501,0.002721419315990864,0.001172033293821726,8.210275472151976e-05,0.0001012738405404298,8.179192477858482e-05
554.0,0.6280420777395411,0.009148122797297108,0.002720175467360616,0.001170125868916307,8.196807462747632e-05,0.0001010919197711109,8.154155025469969e-05
555.0,0.6267409257160195,0.009087849307809238,0.002717798300623048,0.001168236878828186,8.185151818020869e-05,0.0001009004422121631,8.132473809748078e-05
556.0,0.6251910243857993,0.009004168536496241,0.002713689196615717,0.001166392679702638,8.176634269563729e-05,0.0001007334543266073,8.105792449733378e-05
557.0,0.623270093729291,0.009019153762856752,0.002710271895930226,0.001164568387731022,8.166795800111239e-05,0.0001005533189292183,8.080733105144299e-05
558.0,0.6222548793350224,0.00922679389513917,0.002703172597269404,0.001162775432788165,8.155572871414732e-05,0.0001003829975879848,8.060025310018023e-05
559.0,0.6210761138324417,0.009571204572018344,0.002699540085121199,0.001161017817298123,8.146383290999259e-05,0.0001001910838694579,8.038632842888581e-05
560.0,0.6194222672682387,0.009418960335607917,0.002694763727693174,0.001159253925270884,8.13645846935279e-05,9.996615389800258e-05,8.020534975983978e-05
561.0,0.6180856198178706,0.008910775314939091,0.002687348882558751,0.001157505307571709,8.127009953279822e-05,9.973871404211679e-05,8.001615354723512e-05
562.0,0.6169959388079295,0.009708549562802777,0.002680056934835325,0.001155756326758807,8.11728194786488e-05,9.951524600966255e-05,7.978997987084303e-05
563.0,0.6160637597209933,0.009474087535901083,0.002672347008484682,0.001154039136088536,8.110748904261005e-05,9.933104085259969e-05,7.959009296147031e-05
564.0,0.6150828761632935,0.009935716748515993,0.002667478997603766,0.00115235959071816,8.105401557152267e-05,9.913051720016561e-05,7.943064942357017e-05
565.0,0.6141058190433416,0.009542445066992542,0.002658637743541187,0.001150678665716879,8.097644586852266e-05,9.892715485074966e-05,7.925016426646239e-05
566.0,0.6124973704419476,0.008879576243892068,0.002648221742452354,0.001149005066253309,8.092788968261123e-05,9.872510280173868e-05,7.909718069274896e-05
567.0,0.611054441292663,0.008830447942013403,0.002637691079351822,0.001147352832670663,8.08226560920632e-05,9.850905657971657e-05,7.89491534192749e-05
568.0,0.6092073753527368,0.009788073278354069,0.002631305599256351,0.001145731118889786,8.075604681607552e-05,9.833674725327818e-05,7.881501736797671e-05
569.0,0.6074876748404874,0.009515966505698312,0.002621666839917309,0.001144139189833342,8.06929210515481e-05,9.816124186907113e-05,7.866981597196208e-05
570.0,0.6064058952609456,0.009958561186664215,0.002614082397167841,0.001142551212487046,8.061659458452212e-05,9.79770680765624e-05,7.854562204015172e-05
571.0,0.6044754344347832,0.009646981099726533,0.002603039746473969,0.001140957383616659,8.053879326436276e-05,9.776371497345557e-05,7.838276089143988e-05
572.0,0.6033283921555709,0.009678443480115186,0.002592696345033534,0.001139394626252211,8.044434634268864e-05,9.757457944039276e-05,7.824670366424151e-05
573.0,0.6018166126269107,0.009557408812811124,0.002583352668847022,0.001137841894888724,8.0349146631679e-05,9.73679069622071e-05,7.810335958987312e-05
574.0,0.5998585811192262,0.008340577212352355,0.002570307507771612,0.001136316673721914,8.023765754797521e-05,9.715720757528933e-05,7.799066192730196e-05
575.0,0.5985649198118728,0.009340555209295909,0.002562369799546641,0.001134786401299272,8.013151818195451e-05,9.691928433784043e-05,7.785412855955751e-05
576.0,0.5968407297251569,0.009094273000175665,0.002550657549612273,0.001133302482438914,8.002726629244115e-05,9.66749382766051e-05,7.774672862864425e-05
577.0,0.5955931175680469,0.009158779770384201,0.002544500755103207,0.001131859615312006,7.99097418902384e-05,9.646416312005328e-05,7.763650697498115e-05
578.0,0.5933794256671552,0.00957344769667836,0.002537590789771048,0.00113045157530404,7.978567571530166e-05,9.62544341167876e-05,7.752848865143143e-05
579.0,0.5919860348221384,0.009629766930123098,0.00253380398529637,0.001129051099781835,7.968312213549164e-05,9.602775742179699e-05,7.74092666671487e-05
580.0,0.5907155346799058,0.01026950032371236,0.002540487776658263,0.001127654187904302,7.959346615030256e-05,9.577663327840868e-05,7.731031258226299e-05
581.0,0.5895516665652247,0.009686513660109381,0.002528271183827406,0.001126281899898412,7.951683060470806e-05,9.551864818445075e-05,7.72216178791261e-05
582.0,0.588257686606153,0.009887274476149508,0.002515009988762584,0.001124979300170253,7.943348024399321e-05,9.527573662007278e-05,7.711308554832254e-05
583.0,0.5867622239603529,0.009104539461455905,0.002500845191040566,0.001123769789968486,7.934790940838619e-05,9.503185877595118e-05,7.700439409903755e-05
584.0,0.5846495950782647,0.009018608889719922,0.002492763085578435,0.00112262349715223,7.927508151031209e-05,9.479114648255072e-05,7.68720631199386e-05
585.0,0.5828291190695168,0.009466285004857258,0.002484287022983407,0.001121515947033188,7.918755636016548e-05,9.454111701597779e-05,7.678426167619962e-05
586.0,0.5815287483403635,0.00932288920860449,0.002475917572876705,0.001120418298876918,7.908474051963308e-05,9.430608147612603e-05,7.667974736871045e-05
587.0,0.5795494479597387,0.009098527379529939,0.002464778406547208,0.001119356592515542,7.901252412535132e-05,9.407808743582628e-05,7.658627519156057e-05
588.0,0.5785302013931923,0.009406978950970915,0.002453175575743074,0.001118314844508639,7.896159845796879e-05,9.383000751977776e-05,7.64962822162263e-05
589.0,0.5774440030252769,0.008889952277271547,0.002441216460881212,0.001117249432210412,7.88828769491505e-05,9.357260194301374e-05,7.639133564782195e-05
590.0,0.5760017499782523,0.008005431211905506,0.002426635137064982,0.001116174663519572,7.881690065529118e-05,9.331956171994548e-05,7.627194685763391e-05
591.0,0.5748568994994238,0.008317713129704063,0.002415476704611982,0.001115120851915558,7.873944444685869e-05,9.305561044598088e-05,7.614179291932109e-05
592.0,0.5732053322819763,0.00852326873342178,0.00240561745294039,0.001114115634839205,7.865060220839802e-05,9.278953919853734e-05,7.603240085469543e-05
593.0,0.5721356589430058,0.009608478923709272,0.002396575402576607,0.001113118105433739,7.85860783531928e-05,9.253008188792741e-05,7.593129752880663e-05
594.0,0.5714778596270818,0.009495153576475733,0.00238754877873171,0.001112140088881742,7.850638938823769e-05,9.2256174575392e-05,7.581805361313632e-05
595.0,0.570470674792101,0.009541244626473249,0.002379815651759235,0.001111164737763681,7.843514309515004e-05,9.198464396668787e-05,7.573460014551278e-05
596.0,0.569737412504568,0.009337967212835963,0.002370392339124507,0.001110202538460151,7.839053994121905e-05,9.168643046770838e-05,7.564429855565438e-05
597.0,0.56844671364067,0.009136313960722644,0.00236028102652678,0.001109252506948246,7.833420294201564e-05,9.139132980661667e-05,7.554236170586085e-05
598.0,0.5667891310156102,0.008885422758233816,0.002351170328281851,0.00110833298314506,7.824337777252549e-05,9.109310625634017e-05,7.544791695451698e-05
599.0,0.5652719161058076,0.01019349586952463,0.002348266972300284,0.001107413751175835,7.818509745766799e-05,9.079665101132486e-05,7.533779442469374e-05
600.0,0.5637113152671416,0.01033726679177067,0.002341859202199262,0.001106551480050539,7.808704897067982e-05,9.05132231525406e-05,7.523047963307255e-05
601.0,0.563235195286545,0.01057569008704388,0.002335210453946702,0.001105674310555514,7.802941873519347e-05,9.020067175082597e-05,7.514846535223336e-05
602.0,0.5622936155222499,0.01014433681931972,0.002326387273972514,0.00110478336923509,7.791566285473051e-05,8.990744109327857e-05,7.502144676558518e-05
603.0,0.5609352233717385,0.00949986681402367,0.002317466725343449,0.001103908156627913,7.781064094755359e-05,8.958964831681982e-05,7.490179303745217e-05
604.0,0.5597543462051374,0.009886822802058146,0.002313725181394409,0.001103055308134611,7.769693449398471e-05,8.93072613269521e-05,7.479865170236057e-05
605.0,0.5591854847680019,0.009563666358775536,0.00230655122938417,0.001102176728866844,7.758974954280616e-05,8.903628397136913e-05,7.469578767484816e-05
606.0,0.5584714404136251,0.009909941170465255,0.00230330029896999,0.001101242390856244,7.744999471858347e-05,8.874877884949182e-05,7.456909176316321e-05
607.0,0.5574882069881228,0.009259026006782332,0.002298336875226037,0.00110022418733308,7.730413505922691e-05,8.846524297556245e-05,7.445570873357621e-05
608.0,0.5562019465822552,0.009149569049931878,0.002295298557721281,0.001099163774071115,7.716777729660886e-05,8.821416177436202e-05,7.432755200495011e-05
609.0,0.5551302339922793,0.008290469116777903,0.002288613243436721,0.001098025840540857,7.70067057232389e-05,8.796179381344513e-05,7.419913460839354e-05
610.0,0.5535810963231276,0.008584320000079608,0.002288642191994673,0.001096830146986052,7.684997822911798e-05,8.769264669620654e-05,7.405795536745678e-05
611.0,0.5518302800749559,0.009173216909710095,0.00228583330555486,0.001095555514378842,7.669972617472245e-05,8.740315452188802e-05,7.394448891957854e-05
612.0,0.5505290578346418,0.009095232100686182,0.002284195322868192,0.001094217591305665,7.654349833647701e-05,8.712572457533997e-05,7.377383406451918e-05
613.0,0.5495929448395751,0.008800969559406699,0.002280576740419728,0.001092811389774689,7.639337192756788e-05,8.687270183679006e-05,7.362419275511047e-05
614.0,0.5484819287083608,0.009683945242446717,0.002280504777917144,0.00109131411614475,7.62332925707955e-05,8.661715904069904e-05,7.349044616210713e-05
615.0,0.5479568780490411,0.009882680011839456,0.002278889286952095,0.001089742658122197,7.609000126161975e-05,8.63623852657644e-05,7.335251535801149e-05
616.0,0.5470547497784609,0.008775351618341694,0.002273634309498048,0.001088077241539639,7.595063230545064e-05,8.609349050263675e-05,7.320022232956892e-05
617.0,0.54545642900349,0.009224445661771925,0.002272185334937804,0.001086314498046641,7.58133045037529e-05,8.584413434472382e-05,7.302528778468676e-05
618.0,0.5440357134747615,0.008548445176737455,0.002267416179961354,0.001084483465600477,7.566486422999882e-05,8.557969986331498e-05,7.286519999808931e-05
619.0,0.5427575806711347,0.00864949221685473,0.002263635198942137,0.001082626071216551,7.554425503291348e-05,8.532863992846813e-05,7.269767768650806e-05
620.0,0.5415003782239487,0.008822201204963648,0.002263613534536495,0.001080686147643481,7.542541184707277e-05,8.507722858012369e-05,7.253636148016898e-05
621.0,0.5402706671219015,0.008375921610659493,0.002256429527862821,0.001078679756722961,7.531934442055074e-05,8.484399001308913e-05,7.234921604094142e-05
622.0,0.5391905257534682,0.008523723317342248,0.00225183410464977,0.001076614964071409,7.519451215401723e-05,8.462223617101839e-05,7.21863968127979e-05
623.0,0.5377453585533821,0.008633012812305432,0.00224891150782126,0.001074477540387473,7.51036694098698e-05,8.440099784181617e-05,7.202346240602474e-05
624.0,0.5361809971403678,0.008062748823145303,0.002244917009228805,0.001072299750709168,7.502130522528809e-05,8.418814547556825e-05,7.18482931211327e-05
625.0,0.5354669603495961,0.008056795487479488,0.002240713378830894,0.001070115218547586,7.493652021441311e-05,8.397283005356575e-05,7.166851096413548e-05
626.0,0.5340276401317015,0.007895740650880908,0.00223845342680326,0.001067939084558121,7.482594055392736e-05,8.377303150473758e-05,7.150885839458128e-05
627.0,0.5328334802573833,0.008589561856362418,0.002238364676568152,0.001065736634390536,7.472166383466078e-05,8.356983771069355e-05,7.135899018674284e-05
628.0,0.5311858209918014,0.008588532064587978,0.002236735945722367,0.001063537671444063,7.461021855228288e-05,8.337349031497055e-05,7.119888094747131e-05
629.0,0.5292092438718986,0.009229777402323194,0.00223808987738873,0.001061343034383848,7.450876423211203e-05,8.318615089383783e-05,7.103639210779003e-05
630.0,0.5278841275297614,0.008654364738800031,0.002237260576900249,0.001059164900614102,7.438614531711056e-05,8.301392920044922e-05,7.089356363173094e-05
631.0,0.5269380381082321,0.009150996704631749,0.002237065578659457,0.001057025355314329,7.425324719348874e-05,8.287173936251692e-05,7.076020501978637e-05
632.0,0.5255150882978994,0.008538074791637344,0.002236515555959199,0.001054953434156175,7.414452789772584e-05,8.271546638285455e-05,7.063348274185338e-05
633.0,0.5243659115925436,0.009274599609217433,0.002238050521729494,0.001052938396903226,7.399388401359741e-05,8.25487149340157e-05,7.050356839579877e-05
634.0,0.5238587445859436,0.008551657844170214,0.002236646197421986,0.001050963537434688,7.388905303671094e-05,8.24095971558352e-05,7.039919220880333e-05
635.0,0.5227647808040267,0.008867728520589918,0.002236211425844194,0.001049026673382808,7.377048443027566e-05,8.227359916414545e-05,7.032546093230887e-05
636.0,0.5214631406606832,0.008561679851755148,0.002235265854722827,0.00104713339520498,7.361061936860105e-05,8.213566989697514e-05,7.024952210476482e-05
637.0,0.5206201971244534,0.008282206709180033,0.002234414346438082,0.001045313229051636,7.345319063917112e-05,8.200525779445527e-05,7.019510252063482e-05
638.0,0.5200287942281208,0.008169286163940687,0.002233221326949245,0.001043582454894032,7.330007632927688e-05,8.187438119744863e-05,7.012627407203777e-05
639.0,0.5188818476812797,0.00934347554724067,0.002235034833624557,0.001041933015567449,7.314648644174494e-05,8.172389127362625e-05,7.007690756317306e-05
640.0,0.5173769460623296,0.008691239249170587,0.002231360526692412,0.001040361329113558,7.29796149381464e-05,8.155611053154784e-05,7.004056730046438e-05
641.0,0.5159154609870051,0.009863877123521488,0.002231174155505502,0.001038867495796298,7.279069117772917e-05,8.140327024855084e-05,6.999970760856696e-05
642.0,0.5147281224548372,0.008837062953907527,0.002226989973188479,0.001037421922292431,7.262126883100719e-05,8.126994936817652e-05,6.997298256761164e-05
643.0,0.513488505242523,0.009237350579393835,0.002222599483824263,0.001036022371715406,7.244078265257676e-05,8.113222147278413e-05,6.995715698484287e-05
644.0,0.5126658434277843,0.008687639545210516,0.002217352383731329,0.001034679954547446,7.226572431637294e-05,8.099522952787154e-05,6.992385446294753e-05
645.0,0.512170902678923,0.009215638909658295,0.002214578620350337,0.001033363146647195,7.209812483031118e-05,8.08757559219848e-05,6.990605388082072e-05
646.0,0.5112647591893341,0.008879914992578557,0.002207270147010958,0.001032057709140044,7.190087831472607e-05,8.074262686278336e-05,6.987453799797722e-05
647.0,0.510325347069933,0.01053713772252787,0.002205517883848077,0.001030761090274733,7.17281273342621e-05,8.062086174072275e-05,6.985346346386974e-05
648.0,0.5089723694385409,0.01028439267768202,0.002199275704088178,0.001029466436023213,7.15646602737059e-05,8.048073727961381e-05,6.982485840028906e-05
649.0,0.5082535843086103,0.009940355843394843,0.002191272143490771,0.001028175986328469,7.137261368031603e-05,8.033165969047182e-05,6.978942950184016e-05
650.0,0.5072518658515591,0.009135603293680744,0.002182716832272528,0.001026882865762884,7.117743546499528e-05,8.019869940543623e-05,6.969486331897138e-05
651.0,0.505934172133333,0.008890764226382497,0.002175828850514585,0.001025587746034378,7.101207115195296e-05,8.006144003496337e-05,6.959357345188213e-05
652.0,0.5052262515050503,0.00840703173180934,0.002166449155735421,0.001024301610613903,7.085873984134494e-05,7.993031314731861e-05,6.948410710010288e-05
653.0,0.5047874907599967,0.007670149176426179,0.002155651733089048,0.001022993509957185,7.072154525921062e-05,7.981727598673794e-05,6.936679443189174e-05
654.0,0.504485670110282,0.00795956631690519,0.002149194116282234,0.001021694518626639,7.057221293730097e-05,7.969500772825054e-05,6.927490359273189e-05
655.0,0.5040572916284142,0.008370961159771763,0.002143788491332798,0.001020382395487453,7.042790940688569e-05,7.955973919912867e-05,6.917203808746818e-05
656.0,0.503473574668619,0.009709108154891745,0.002139482496025527,0.00101909620784773,7.029589536080868e-05,7.944724056090434e-05,6.907223270279623e-05
657.0,0.5034141190758973,0.009378840065749456,0.002134008447288746,0.001017804118329049,7.021332553580655e-05,7.93193444750869e-05,6.894681234942431e-05
658.0,0.502412096896055,0.00928464594278106,0.002124387825030315,0.00101652048111956,7.010956753750064e-05,7.921952437700211e-05,6.87879824476012e-05
659.0,0.5013602603646353,0.009088384611167519,0.002117127413690946,0.001015259465090868,7.00192423925025e-05,7.911821991623195e-05,6.863819346706431e-05
660.0,0.4996539496726028,0.007886164328741709,0.00210706103864386,0.00101404881496011,6.991911193342795e-05,7.904100079820706e-05,6.844435228806081e-05
661.0,0.4983847359423021,0.007260868618389103,0.00209790112264615,0.00101282605979641,6.98377823036399e-05,7.896025319678231e-05,6.821623642120051e-05
662.0,0.4970896818009755,0.007383082555715572,0.002093217513553272,0.001011621792190064,6.975891831231187e-05,7.887918829746181e-05,6.799101452233057e-05
663.0,0.4957905284412959,0.00754605905361345,0.002088318318162622,0.001010465474937688,6.96767263790122e-05,7.880671232792708e-05,6.777275415849127e-05
664.0,0.4942009003706118,0.00705256201997624,0.002080408512868004,0.001009342975847303,6.961482048758446e-05,7.873033362382792e-05,6.755257235582966e-05
665.0,0.4923225512451546,0.008275346007363254,0.002078855610068659,0.001008211361720889,6.954344941752412e-05,7.864928438399053e-05,6.731960989963773e-05
666.0,0.4907531378650228,0.007525449193817148,0.002073057929449707,0.001007149347362908,6.949128011456661e-05,7.860767454741441e-05,6.707408819845223e-05
667.0,0.4892676316274633,0.008162766617891467,0.00206875204819594,0.001006113254125726,6.94651355326128e-05,7.856396385954376e-05,6.680040010259148e-05
668.0,0.4882482976558378,0.008123131342190452,0.002065542214769859,0.001005132652471877,6.944138314704278e-05,7.852760270599083e-05,6.65500981390352e-05
669.0,0.4866722542674644,0.008525637949027186,0.002063673948487268,0.001004197244419901,6.942752945360841e-05,7.84893685453342e-05,6.632971903411984e-05
670.0,0.4851363782910239,0.008596672082219366,0.002060133620217697,0.001003312753261611,6.940593916981053e-05,7.84535540763557e-05,6.611984195387428e-05
671.0,0.4843457534411289,0.007744041327922883,0.002054801425771713,0.001002504970793631,6.938362608799713e-05,7.841028423680676e-05,6.587715415435896e-05
672.0,0.4832827365789309,0.00826751950079872,0.002053305926840311,0.001001727160129214,6.93766143696556e-05,7.836980217747914e-05,6.563752330521189e-05
673.0,0.4816561273540585,0.00806249809161756,0.002048993127518807,0.001000965170970319,6.936861704105951e-05,7.833422867823127e-05,6.542434585742759e-05
674.0,0.4801146081252638,0.007643975587295958,0.002045280892574936,0.001000232377978236,6.935953070754948e-05,7.827500716098986e-05,6.521808926973399e-05
675.0,0.4790225788163529,0.007611355697434069,0.002044369328725644,0.0009994941487778167,6.935403092299664e-05,7.821945067694888e-05,6.5010676676268e-05
676.0,0.477730662065905,0.007208455394289919,0.002041461915242039,0.0009987773436271128,6.933706215699302e-05,7.816468016502201e-05,6.481167641678547e-05
677.0,0.4761636076292345,0.007430157850559041,0.002040505806088606,0.0009980655444897055,6.932792417699148e-05,7.810797530127392e-05,6.462993890459802e-05
678.0,0.4756262761354851,0.006930867874623925,0.002037770603705595,0.0009973451579468162,6.934339439174709e-05,7.807063544059168e-05,6.443617953257586e-05
679.0,0.4745856969200153,0.006775713618937518,0.002036574364160971,0.0009966964504791386,6.931469701150732e-05,7.803237311363726e-05,6.427206197289003e-05
680.0,0.4735903845069753,0.006935107807165739,0.00203538521513273,0.000996191978403403,6.931485618127149e-05,7.79623908935467e-05,6.410130132418396e-05
681.0,0.4727359017246607,0.006617263219283104,0.002035298042048368,0.0009956696455136736,6.930396972967901e-05,7.789153402438785e-05,6.394176481873313e-05
682.0,0.4715305196135355,0.006797981516043948,0.002036472369140818,0.0009950888926233584,6.926725018653417e-05,7.783981319323624e-05,6.377454048899957e-05
683.0,0.4707201864037453,0.007032311019618074,0.002037568674254595,0.0009945142136239397,6.923545902609137e-05,7.778101500714645e-05,6.361969394391153e-05
684.0,0.4700116734338918,0.007036445031035982,0.002037639208487041,0.0009939064715591061,6.920125890758364e-05,7.770600386196739e-05,6.346804305687923e-05
685.0,0.4696799795186373,0.006521898061121878,0.002035689700286415,0.0009933114141789036,6.917569685057475e-05,7.763981232483172e-05,6.333101234167204e-05
686.0,0.4691818065024588,0.006845822436155867,0.002037244106658863,0.0009927227903551578,6.91268572464379e-05,7.753900059310207e-05,6.319363079227895e-05
687.0,0.4684734707380124,0.007157452471922205,0.002037889175753525,0.0009920693210285789,6.907738978515388e-05,7.744469060376379e-05,6.30487950925138e-05
688.0,0.4680440875168597,0.00844911131071024,0.002038684787656524,0.0009914422740776988,6.902252498434756e-05,7.735059903577598e-05,6.292255273069797e-05
689.0,0.4676200556296157,0.007819657261368938,0.002039705491113218,0.0009908517873844609,6.895919873671239e-05,7.72687283745376e-05,6.281061422094829e-05
690.0,0.4666428393512519,0.007161043618659854,0.002036214792375222,0.0009902264232299737,6.88667403467265e-05,7.716719561391285e-05,6.270245316894906e-05
691.0,0.4658127766874312,0.006601129271179951,0.002033445836379843,0.0009895456201601202,6.875336290906895e-05,7.705952690281281e-05,6.257632425010504e-05
692.0,0.4650342460259583,0.006466690406020434,0.002031297825603263,0.0009888707033494236,6.861486106986244e-05,7.692848440158962e-05,6.244142447933171e-05
693.0,0.4640165495469061,0.006217390843306017,0.002028470071111027,0.0009882475552044534,6.847492193494598e-05,7.679870466145669e-05,6.23072740039909e-05
694.0,0.4631970919036852,0.006403569437598709,0.002028142274823098,0.000987593732574977,6.832278416188835e-05,7.66516607020164e-05,6.217641408520754e-05
695.0,0.4623493971271633,0.006961926622935691,0.002026813962967608,0.0009869663075446342,6.816347629616003e-05,7.652124158291877e-05,6.204443918431975e-05
696.0,0.4618465623190066,0.006549242320280167,0.002024079241890461,0.0009863787675128525,6.799821152445693e-05,7.638631973738438e-05,6.192830869520522e-05
697.0,0.4614354396361886,0.007091768103836125,0.002021605523070187,0.000985800553472414,6.78332873206399e-05,7.621729760352821e-05,6.180222348547129e-05
698.0,0.4611541952129068,0.006820238288227499,0.002017783437251565,0.0009852324125246004,6.762506476422562e-05,7.607299332623668e-05,6.166837603295863e-05
699.0,0.460485045709039,0.007001278476784884,0.002012127500038068,0.000984650380461,6.741804459086073e-05,7.590320825687557e-05,6.152950513815257e-05
700.0,0.4603192176985259,0.006739882427258241,0.002008424060956616,0.0009841018113357653,6.722135082096063e-05,7.572322076813199e-05,6.1402409254737e-05
701.0,0.4597585967021671,0.006421686999284577,0.002002236318469517,0.0009836704650431718,6.700458943246093e-05,7.551607635720136e-05,6.126597402974356e-05
702.0,0.4589884329857657,0.006859001066989921,0.001996084517520172,0.0009833200655548061,6.676778258520483e-05,7.532672676057073e-05,6.111941242000718e-05
703.0,0.4583423850720491,0.007028514788528508,0.001990093936184772,0.0009831477816162801,6.653571984489119e-05,7.511845947071527e-05,6.097556986418149e-05
704.0,0.4577948559027027,0.00669775889904108,0.001983216450375442,0.0009830665250414549,6.629038380008781e-05,7.490594174418295e-05,6.082500687272965e-05
705.0,0.4571729278062694,0.006789128056419636,0.001976206228493313,0.0009831029563544995,6.605808689488724e-05,7.467488076893429e-05,6.064969271257119e-05
706.0,0.4563123256677296,0.006307828929743494,0.001967586154766155,0.0009832258620920264,6.582175957441415e-05,7.448812408536004e-05,6.048512220876927e-05
707.0,0.4559553223449508,0.006426119995233796,0.001960425397402072,0.000983448521184545,6.556429874707834e-05,7.42474468018576e-05,6.032665641355111e-05
708.0,0.4546597877333821,0.006143449690062865,0.001950935463881454,0.0009837764602240286,6.530652618246122e-05,7.399829081847335e-05,6.015815930640656e-05
709.0,0.4537745995283725,0.006234727735433887,0.001942701699418667,0.0009841612705329434,6.504681793103144e-05,7.373528526684877e-05,5.998593438888408e-05
710.0,0.4527457006534285,0.006068563448582236,0.001933317037336408,0.0009846636920348918,6.477742400023516e-05,7.345855692117582e-05,5.980899540997316e-05
711.0,0.4519526692332294,0.006358269834258932,0.00192499374074864,0.000985277488122052,6.451416356073978e-05,7.318701914846313e-05,5.964097452873237e-05
712.0,0.4517824957569925,0.00667338957733249,0.001917294319258756,0.000985962629996087,6.426021820826596e-05,7.293161406404001e-05,5.949125864554684e-05
713.0,0.4516122578812884,0.006293324093352671,0.0019063205469645,0.0009867719060499497,6.399425991418407e-05,7.264199045292269e-05,5.932630927234856e-05
714.0,0.4506245961577013,0.006158185469197902,0.001896467271573978,0.0009876906292027934,6.372966555485172e-05,7.232807921919245e-05,5.916005917614985e-05
715.0,0.4494783062625003,0.006083317298699641,0.001886429734886379,0.000988633075618414,6.343746823238484e-05,7.201266882690403e-05,5.899072546693014e-05
716.0,0.448334044463499,0.005709757338411738,0.001876140500278751,0.0009896191632704583,6.317322417485346e-05,7.171651511173491e-05,5.881030621526782e-05
717.0,0.4472994413891713,0.006595649724300595,0.001868877465401966,0.0009907359015196117,6.289607123965525e-05,7.14216142092002e-05,5.864567089938648e-05
718.0,0.446464270272368,0.00610525152617246,0.001859641804302784,0.0009920026396636977,6.264640038783137e-05,7.112321604014683e-05,5.84943798444435e-05
719.0,0.4454243280551788,0.00642541418581905,0.001852863834562119,0.0009933839642540438,6.235148726564096e-05,7.082425530880432e-05,5.836647589754693e-05
720.0,0.4448093223216049,0.006212954274940155,0.001844458706937303,0.0009948099852890486,6.206012205346019e-05,7.053153354131292e-05,5.822785943394541e-05
721.0,0.4440139183949219,0.006632248366202067,0.001836623909851188,0.0009963145022920618,6.177860467188485e-05,7.022299476184285e-05,5.809839450411442e-05
722.0,0.4433563798987531,0.00606577729432713,0.00182854171009973,0.000997900629696974,6.15184471226213e-05,6.993912774859885e-05,5.79595792510241e-05
723.0,0.4427798875085983,0.006043654105243184,0.001822172797380349,0.0009995291492247203,6.123591839328235e-05,6.964428413630841e-05,5.780720703389478e-05
724.0,0.4423308978382685,0.00597068231027063,0.001816247055781877,0.00100120525006246,6.096352113737586e-05,6.937884057764491e-05,5.766438007110023e-05
725.0,0.4418911703415802,0.006541889503182704,0.001810679567054373,0.001002986674164086,6.071153219802747e-05,6.910628824522214e-05,5.75269870257273e-05
726.0,0.4414839470200658,0.006284014346209997,0.001806364003946374,0.001004748730525527,6.043783802592834e-05,6.883666385364563e-05,5.738169676016234e-05
727.0,0.4406977550586165,0.005916355972119957,0.001798506261584832,0.001006546126182611,6.01563011159868e-05,6.85538028052341e-05,5.724212841103436e-05
728.0,0.4396038861038505,0.006238576634912333,0.001792325750571559,0.001008396421023997,5.987806597572516e-05,6.828685111073155e-05,5.712776625661385e-05
729.0,0.4385105293766371,0.005835480156703154,0.001786804901135119,0.001010289519533404,5.961505084546376e-05,6.800958354530454e-05,5.698764992098075e-05
730.0,0.4375094733552616,0.006225305357274156,0.001782579808096177,0.001012154023547943,5.934303336146449e-05,6.775609799414903e-05,5.684655196536005e-05
731.0,0.4365726713428544,0.006356810627687116,0.001777978468008867,0.001014051129578199,5.910267514960668e-05,6.75107390793568e-05,5.670349311987591e-05
732.0,0.4358163202734142,0.006073725664377212,0.001772948163095396,0.001015939994441005,5.885310378652371e-05,6.72657219845999e-05,5.655848335380474e-05
733.0,0.4350468885184894,0.005951162275932717,0.001767208002677916,0.001017806910802269,5.861526339917639e-05,6.702923274163891e-05,5.640730211118891e-05
734.0,0.4342472346407452,0.005730234948274598,0.001762168400495989,0.001019664101258531,5.838946359429326e-05,6.680813524800659e-05,5.625680812557453e-05
735.0,0.4338418567553637,0.005699990921875708,0.001756941280188047,0.001021507309128905,5.816455206445204e-05,6.659504276766298e-05,5.609835880126607e-05
736.0,0.4332453784769468,0.007129779426955977,0.001754077955547493,0.001023315247704885,5.795535369953502e-05,6.638430780082898e-05,5.595567935244995e-05
737.0,0.4325203090891931,0.006898427214159289,0.001748699488769662,0.001025004119619878,5.775530483002751e-05,6.615834879785982e-05,5.58318272694127e-05
738.0,0.431858327395496,0.006868925394817552,0.001745794218133839,0.001026570034613342,5.755508739100968e-05,6.593248226431356e-05,5.568156251376046e-05
739.0,0.4312201138456588,0.005836061981187848,0.001738347364252592,0.001028012927636865,5.73498576817173e-05,6.572415564029877e-05,5.552076703568011e-05
740.0,0.4305455995125185,0.005780648016026816,0.001733785474396853,0.001029331963113442,5.715129993261072e-05,6.552362427055078e-05,5.535576001041269e-05
741.0,0.4299352721798127,0.005475380508717852,0.001729192488738887,0.001030552305604908,5.696395730324764e-05,6.533830551693833e-05,5.519562193555023e-05
742.0,0.4291341302630179,0.007577201547449232,0.001729222142338211,0.001031639920421032,5.676159843154317e-05,6.51611795764407e-05,5.50299137815905e-05
743.0,0.4284708633990213,0.007208733621610022,0.001727082458297981,0.001032519715976554,5.658868869219371e-05,6.497820455973926e-05,5.487265755516648e-05
744.0,0.4279406657401992,0.0074344310803214,0.0017263405642876,0.001033274175969997,5.64231471374159e-05,6.480543409727604e-05,5.470244276653618e-05
745.0,0.4275486103017599,0.006541011844703185,0.001720898554509368,0.001033896421003582,5.625612306423601e-05,6.462769351948318e-05,5.453980204274311e-05
746.0,0.4268923449264726,0.006029633232961763,0.001716879508562171,0.001034359163483713,5.608407076558029e-05,6.445354044297945e-05,5.437789766637251e-05
747.0,0.4262067147053591,0.006617023028697518,0.001715664535981254,0.001034587773363105,5.592515964208264e-05,6.428031192299882e-05,5.422455141048893e-05
748.0,0.4253543338708858,0.005863830294022491,0.001712970460382339,0.001034698229843518,5.576664370495509e-05,6.410326697953758e-05,5.405161515409144e-05
749.0,0.4246291967460193,0.006135015898783483,0.001711910220554442,0.001034729352358586,5.561332238967478e-05,6.394646217359051e-05,5.387216809959372e-05
750.0,0.4239692639046129,0.005845080634439029,0.001710514001457511,0.001034652194311375,5.545929398101763e-05,6.379763417911547e-05,5.371734959154498e-05
751.0,0.4238248712457346,0.005738376850860964,0.001708368376656716,0.001034446314518532,5.532650123933145e-05,6.363906157251795e-05,5.356035286887996e-05
752.0,0.4234646314871628,0.005871017039968892,0.001706882868437764,0.001034143983575697,5.519691118461241e-05,6.34730866515585e-05,5.338447613835821e-05
753.0,0.4228249161906963,0.005755103814254406,0.001706798793659168,0.001033737751590837,5.506712790799032e-05,6.332262701891872e-05,5.321515671813969e-05
754.0,0.421921775024574,0.005597624880839073,0.001705192784842811,0.001033325123533562,5.493588180310337e-05,6.318532364427632e-05,5.305109787678372e-05
755.0,0.4214114408870689,0.005388180362841478,0.001703764635674687,0.001032782876560374,5.479364146058668e-05,6.302644922266734e-05,5.290104779034099e-05
756.0,0.4205557123133135,0.005603730827607039,0.001703883615741471,0.001032129495049406,5.466425305691611e-05,6.284860489030271e-05,5.273015836233546e-05
757.0,0.4198269821799632,0.007406022772307125,0.001705256361259593,0.001031385923055406,5.453018901348442e-05,6.267353640565423e-05,5.25747149805922e-05
758.0,0.4192301092316895,0.007139718574805783,0.001703415539544216,0.00103070772050802,5.439106178415978e-05,6.24935270513285e-05,5.241098452816922e-05
759.0,0.4182676534755073,0.007214060029958971,0.001702614900572364,0.001030039631398698,5.426669692125804e-05,6.229824708200707e-05,5.226114131246128e-05
760.0,0.4177483343877267,0.006323738930708568,0.001699650260944042,0.001029370695790186,5.413975819156725e-05,6.209217392833185e-05,5.210618148849107e-05
761.0,0.416777485341497,0.006477248829707834,0.001696733488898811,0.001028692643037679,5.398428539557638e-05,6.190222667532847e-05,5.19396702060325e-05
762.0,0.4158548761552402,0.006178186613937335,0.001694380713475353,0.00102795208206129,5.383498204039958e-05,6.170590661553352e-05,5.175953558296875e-05
763.0,0.4152358221652162,0.006113791515795726,0.00169010613006129,0.001027147636165111,5.368611852390465e-05,6.150158145001903e-05,5.160997023994766e-05
764.0,0.4145152368762418,0.006862624839844345,0.001688508082328078,0.001026321640154051,5.351019078454229e-05,6.129588633763277e-05,5.144592701427954e-05
765.0,0.4134437273967831,0.005912227407329217,0.001683527901566718,0.001025575789051867,5.334170635266351e-05,6.108826288652014e-05,5.127968655995227e-05
766.0,0.4122499724267204,0.005897100580167568,0.001677143844160754,0.001024896465951033,5.315962783527741e-05,6.085096990220814e-05,5.110900875300067e-05
767.0,0.4108862419276451,0.005637697636027264,0.001672793675549233,0.001024276592066977,5.296534502422178e-05,6.062738462615355e-05,5.094860907076489e-05
768.0,0.4101349567466516,0.005480999677673525,0.001668057521525438,0.001023687641591655,5.276984344884984e-05,6.042066045785484e-05,5.080008614275482e-05
769.0,0.4093032222203407,0.007568083355928385,0.001666179169756841,0.001023038895618287,5.258680363998904e-05,6.021457357289993e-05,5.064819614329787e-05
770.0,0.4084728138602619,0.0069511783613291,0.001660227413887767,0.001022410946138665,5.241225328092425e-05,5.998262609526631e-05,5.05014671455467e-05
771.0,0.4073936784680111,0.006964575064571438,0.00165354977946622,0.001021863296071129,5.222099652211228e-05,5.974956084279228e-05,5.035542288984108e-05
772.0,0.4067445174683007,0.006118116293631235,0.00164900548703474,0.001021296091583211,5.202718349764974e-05,5.951116417416465e-05,5.020382833649152e-05
773.0,0.4057634065702393,0.006633777004566209,0.001643757831764475,0.001020617186589203,5.183795876977199e-05,5.927926925626213e-05,5.006489111593328e-05
774.0,0.4047974819744477,0.006485775539919203,0.001638023429233631,0.00101993438945199,5.16347298781952e-05,5.905278726584129e-05,4.99306167604449e-05
775.0,0.4037455112860178,0.006299958247958218,0.001632012973607642,0.001019200482502306,5.143572544365322e-05,5.882067547880504e-05,4.97960295345777e-05
776.0,0.4027406660978649,0.006027587568323801,0.001625719925308388,0.001018583953826215,5.12109881856157e-05,5.857646758696061e-05,4.9646832525336e-05
777.0,0.4018407301239026,0.005824321550194293,0.001619397455316378,0.001017885533853984,5.09976901379171e-05,5.833383263855448e-05,4.949658564195264e-05
778.0,0.4009856154204633,0.005863745479889549,0.001613358918139842,0.001017207581720129,5.078228765623475e-05,5.809878419164158e-05,4.935404324313959e-05
779.0,0.3998818197181619,0.006045690209462595,0.001607644345824005,0.00101652625803032,5.055473524522538e-05,5.785464561883571e-05,4.920920142313014e-05
780.0,0.398158433675494,0.005876771308469399,0.001602227737615876,0.0010159347084427,5.033828404494723e-05,5.760904480490798e-05,4.904706206780391e-05
781.0,0.3967513485305766,0.005623118201441541,0.001595866481543401,0.001015324724703717,5.010400656105604e-05,5.73566553972474e-05,4.88891983949495e-05
782.0,0.3951174398137625,0.006378860186333473,0.001591613641400561,0.001014586452070592,4.986223920539804e-05,5.71023442520598e-05,4.873537998091151e-05
783.0,0.3938180230016779,0.005719752772989277,0.001585374978914609,0.001013902556007729,4.964104936213138e-05,5.684462400421997e-05,4.859368312889996e-05
784.0,0.3927037266685581,0.005796775081603288,0.001580743896118746,0.001013142148212988,4.939956077495486e-05,5.659044351506448e-05,4.844474173302239e-05
785.0,0.3913777533086991,0.007035651416196723,0.001577802339074194,0.001012301235641748,4.917791467283227e-05,5.634337524595958e-05,4.828675607951539e-05
786.0,0.3899337035525093,0.007030534634216934,0.001573705700434172,0.001011480764169292,4.894774848049501e-05,5.608157637724402e-05,4.815162551549598e-05
787.0,0.3885545661545831,0.006344288723774377,0.001567325436272494,0.001010645380122232,4.871363048928604e-05,5.579785204787349e-05,4.795510159507387e-05
788.0,0.3869681628804532,0.006356747797648906,0.001562662257451749,0.001009885451425966,4.848439236935512e-05,5.552230455647109e-05,4.777741444488789e-05
789.0,0.3854601942989818,0.006049491843505617,0.001556827147234138,0.001009142654691932,4.824706854722253e-05,5.522640629958907e-05,4.757715937800306e-05
790.0,0.3838257177608312,0.006155869702233334,0.001552187695744478,0.001008381307917504,4.803398161376678e-05,5.494430453613848e-05,4.738541863354982e-05
791.0,0.3820879634709253,0.005657096638771952,0.001544917069176311,0.001007491280506936,4.779669263427615e-05,5.466825678423562e-05,4.719323492698722e-05
792.0,0.3805692957479361,0.005128427301707595,0.001538513485693298,0.001006530292174925,4.75859666645098e-05,5.43840075566679e-05,4.699633708041219e-05
793.0,0.3790960038183279,0.004976514981685151,0.001533040430857094,0.001005555647907944,4.738758319024765e-05,5.409917734269505e-05,4.679155833493476e-05
794.0,0.377685629492264,0.005645202721043581,0.001529345154461971,0.001004489995671729,4.719471702848208e-05,5.381625004544328e-05,4.659012738484006e-05
795.0,0.3761982491516215,0.006187234031571065,0.001525197075770945,0.001003460188641682,4.700015075304995e-05,5.353445343559793e-05,4.638171125093127e-05
796.0,0.3746078206743586,0.006230089764577799,0.001520495676881016,0.001002396499838112,4.680010535284916e-05,5.325210992562775e-05,4.618302993227568e-05
797.0,0.3726437900613074,0.005987533056273774,0.001513996698567558,0.001001209569148903,4.659909377051375e-05,5.296514642303027e-05,4.595783799980143e-05
798.0,0.3710838611639188,0.005372019896468935,0.001507193803055605,0.0009999686772240788,4.639897622129908e-05,5.269524103894224e-05,4.573931140207607e-05
799.0,0.3696113998722956,0.005669198455589361,0.00150385264072286,0.0009987699543181812,4.622187044131126e-05,5.242268854965076e-05,4.550950484086092e-05
800.0,0.3681617575784745,0.005810790841050456,0.001498203348107118,0.0009975920244808944,4.604660254179577e-05,5.215501463370169e-05,4.530487676037121e-05
801.0,0.366738930552255,0.00710776708235418,0.001494965407072793,0.0009964163569514946,4.586272205984248e-05,5.186825406567123e-05,4.508566299044126e-05
802.0,0.3651443942805711,0.006617048164956809,0.001487779606294903,0.0009952160493279282,4.566864398714081e-05,5.160574200977653e-05,4.487203208728103e-05
803.0,0.363698076040062,0.006515012644676332,0.00148404319549071,0.000993963802866223,4.548374121234144e-05,5.134559333390318e-05,4.465684828667682e-05
804.0,0.3621050878518637,0.005640372602380075,0.00147546186285773,0.0009927261314534824,4.530934119021168e-05,5.108667015459926e-05,4.444723032165985e-05
805.0,0.3608421553371637,0.005408869145671284,0.001469249056806214,0.0009914456522629323,4.514001691229324e-05,5.083076484676928e-05,4.423959557602537e-05
806.0,0.3591918264733592,0.005232244851164291,0.001463607171084282,0.0009901964966942403,4.497362637260898e-05,5.055276142946941e-05,4.404504536144416e-05
807.0,0.3578794782035439,0.006087059990724716,0.001460597244289261,0.000988914830011163,4.478217023257892e-05,5.02943569587684e-05,4.384748836465075e-05
808.0,0.3564383807116525,0.006153405237363547,0.001454849926603254,0.0009876359927387477,4.461074103068342e-05,5.006251488940733e-05,4.367767270354843e-05
809.0,0.3547565528268594,0.006104378262841588,0.001449767436445686,0.0009863994148384962,4.440906991574582e-05,4.979872599002554e-05,4.348849315216592e-05
810.0,0.3534952103345499,0.005568653881832361,0.001442515293299723,0.0009851486955509054,4.421789267968861e-05,4.955812788344841e-05,4.33110948623305e-05
811.0,0.3520901710118062,0.007538452610754367,0.001441135329858513,0.000983966012038231,4.402325064441782e-05,4.931432218037265e-05,4.314788919927487e-05
812.0,0.3507593256272609,0.006978692406436582,0.001437086380572889,0.0009828246900601824,4.382858523738001e-05,4.907312741606922e-05,4.298244414451829e-05
813.0,0.3496296547622923,0.006538158652613422,0.00142905022126056,0.0009817285913512866,4.363103963789034e-05,4.88325650744319e-05,4.281359420321385e-05
814.0,0.3484110323217285,0.006022201491084942,0.00142226465372004,0.0009806783711338385,4.34364514296862e-05,4.859377711143894e-05,4.26494052673698e-05
815.0,0.347325375254403,0.005992880346200228,0.001416911107963236,0.0009797157849422051,4.324235778656392e-05,4.834788657584266e-05,4.249467434640483e-05
816.0,0.3461247468217954,0.005268267663960604,0.00140860441095066,0.00097881046293236,4.304892583316615e-05,4.812038947306604e-05,4.231925751721506e-05
817.0,0.3448583518037852,0.006372540056201656,0.001403657084929169,0.0009779470142528646,4.284494646365157e-05,4.79065671595311e-05,4.215436173405312e-05
818.0,0.3436398702159895,0.006985907405704786,0.00140259095832013,0.0009771494807192626,4.265089525619015e-05,4.76890244828027e-05,4.19986243213592e-05
819.0,0.3424866772800298,0.007643930862708575,0.001399766883694269,0.0009764085787879107,4.24543270045018e-05,4.747319535200513e-05,4.184864357306441e-05
820.0,0.3417016057703155,0.006853558956258313,0.001392545723020178,0.0009757757384312717,4.226165449328003e-05,4.726541239665396e-05,4.168894155311755e-05
821.0,0.340860468763832,0.00638533684011717,0.001386343332910781,0.0009752123588708401,4.208500061784452e-05,4.706364882731289e-05,4.153504858302424e-05
822.0,0.340009110135444,0.006032429678099908,0.00137983929806118,0.0009746620841757028,4.189358150586787e-05,4.686400992742689e-05,4.138036559024321e-05
823.0,0.339198091774862,0.006850369316940416,0.001376716060203249,0.0009741625732724225,4.172839467181486e-05,4.66742381912682e-05,4.123012951616913e-05
824.0,0.3382409917179321,0.007227769096008373,0.001372866388610465,0.0009737193316367736,4.155568824450403e-05,4.649203637917698e-05,4.108071610079968e-05
825.0,0.3378040464240671,0.008306066884564511,0.001368171252303241,0.0009733248580876044,4.138764824394714e-05,4.631851112184049e-05,4.09433288627823e-05
826.0,0.3372709406130593,0.006712637520211685,0.001361205708651348,0.0009729549665185501,4.123601803852334e-05,4.616147731002379e-05,4.082671233572836e-05
827.0,0.336841469772571,0.006136625336497288,0.001354446340513705,0.0009726589971962738,4.107716099365336e-05,4.600228870624568e-05,4.068119473096367e-05
828.0,0.3365087276943913,0.005967989116841857,0.001349096432652153,0.0009724153922864037,4.091992473242661e-05,4.585486321102835e-05,4.057520840049466e-05
829.0,0.3360568898566542,0.005812279647096827,0.001342493885893067,0.0009722481874698477,4.0772183030879e-05,4.572481889773684e-05,4.046440369346781e-05
830.0,0.3356420518440391,0.006450989327411142,0.001338384116765547,0.0009721171753668673,4.06225454344698e-05,4.55841768138452e-05,4.035193528736526e-05
831.0,0.3350947153884352,0.005745308612115274,0.001331719789914074,0.0009719872353435001,4.048705785825054e-05,4.5463554665982e-05,4.025688566961727e-05
832.0,0.3342889675033752,0.005573427119307309,0.001327198961852834,0.0009718980025876983,4.034284065009865e-05,4.534634347492318e-05,4.016014511578672e-05
833.0,0.3336983517152836,0.00667304091006172,0.001323835849119875,0.0009718114574104732,4.02081629301773e-05,4.523997474741321e-05,4.006780287065977e-05
834.0,0.3333615996619835,0.006187883560231302,0.00131892772781876,0.0009718112792650635,4.008016740463849e-05,4.516246420475349e-05,3.998734351404437e-05
835.0,0.3330078597707921,0.006250926735358786,0.001314811452658461,0.0009718717444387272,3.997095727647295e-05,4.510592341791966e-05,3.992321957245665e-05
836.0,0.3323164158359093,0.005647477185754304,0.001310210620611003,0.0009719852966548397,3.984728672899197e-05,4.503336970310523e-05,3.984415163317922e-05
837.0,0.3312483672088034,0.005231685727282833,0.001303523984283155,0.0009721392766399426,3.970846905618734e-05,4.497478761744834e-05,3.976948769780013e-05
838.0,0.3305832467683243,0.004862265607919077,0.001297813272413386,0.0009723307192188572,3.958146315476556e-05,4.493066131857032e-05,3.970756093822054e-05
839.0,0.3302871983579543,0.004944003627651745,0.001295385314541389,0.0009725675352005886,3.945725777586482e-05,4.489448528876611e-05,3.965725128575837e-05
840.0,0.3299149093481271,0.006509618006891722,0.001293009282696898,0.0009728596048821699,3.933918747630225e-05,4.487508605522812e-05,3.960818814885707e-05
841.0,0.3294987725677986,0.005312859170638326,0.001285906808838806,0.0009731888112096323,3.92148828974389e-05,4.485960441687039e-05,3.956155629264778e-05
842.0,0.3292616732449479,0.005663827088320458,0.001284533989287805,0.0009735745313013377,3.908765170663768e-05,4.484151592232279e-05,3.951454351731045e-05
843.0,0.3289517124401761,0.005633984756449871,0.001281367283091384,0.000973980612060071,3.898903013384531e-05,4.484473453833509e-05,3.948881408576709e-05
844.0,0.328270903207638,0.005923432430694986,0.001277733884946778,0.0009744240749221054,3.889082614158451e-05,4.486606874464737e-05,3.947210387098808e-05
845.0,0.3274319632655551,0.005217411929368059,0.001272825737527613,0.0009748687679257645,3.877409931980958e-05,4.486825218224352e-05,3.943468790335264e-05
846.0,0.3268834250534669,0.004888603843248462,0.001268845498355264,0.0009753530263866422,3.864849410646223e-05,4.488815164150412e-05,3.939487586105022e-05
847.0,0.3265265542153747,0.004828685334422021,0.001264848461364561,0.0009758831087428909,3.855390096010351e-05,4.492435322952239e-05,3.936472517318444e-05
848.0,0.3260857659270431,0.004865088631946375,0.001261611559588544,0.0009764469703132814,3.846800471656798e-05,4.494253105861488e-05,3.93268896194909e-05
849.0,0.3256776429210684,0.004845231025529157,0.001258975893634235,0.0009770206255245275,3.837464802740266e-05,4.496720322188342e-05,3.930144216779793e-05
850.0,0.325117731037561,0.004991525832990278,0.001257717195906448,0.0009775980511747369,3.830321676655589e-05,4.500245762762464e-05,3.927960553426057e-05
851.0,0.3243734306196833,0.004794206488163179,0.001255051952239403,0.0009782363119390334,3.823728075747344e-05,4.50238890878206e-05,3.926270034167365e-05
852.0,0.3241987641438512,0.005176797144680082,0.001253673694009471,0.00097893480815713,3.817664178816386e-05,4.504483149196209e-05,3.922731391174512e-05
853.0,0.3239295680906265,0.006846625465381241,0.00125292322826502,0.000979684720130002,3.812872316586933e-05,4.507948454031739e-05,3.918755684318157e-05
854.0,0.323450501778579,0.006037754402831036,0.001252306400533153,0.0009804570532639487,3.807995385648626e-05,4.509513107481273e-05,3.916038473190043e-05
855.0,0.3236271295531959,0.005903006922246331,0.001248078531401052,0.0009812743332447875,3.804288721663368e-05,4.512224761358841e-05,3.913676745084565e-05
856.0,0.3234906690801937,0.005956105133998523,0.001245575710506508,0.0009821372284225503,3.801238057965956e-05,4.513604172635346e-05,3.911262118542729e-05
857.0,0.3227155848330499,0.005161681713520914,0.001242741783182716,0.0009830154748826888,3.799847518636768e-05,4.516843022136905e-05,3.910220149743486e-05
858.0,0.3222486356964156,0.005178755785830359,0.001239628827074404,0.0009838998514937036,3.797400595159717e-05,4.51687211878916e-05,3.908393635024537e-05
859.0,0.3218674006861939,0.004674259730092278,0.001236934195101548,0.000984831102667451,3.794835262308112e-05,4.517745648120358e-05,3.906794465202911e-05
860.0,0.3216596712353446,0.004532329446254688,0.001233915336055757,0.0009857723267835876,3.792160570532666e-05,4.51997562354285e-05,3.905424935053396e-05
861.0,0.3212591887930759,0.005796402116495136,0.001235343053675963,0.0009867864829583878,3.793187594424892e-05,4.521265708013722e-05,3.905445908252207e-05
862.0,0.3206574792496944,0.005771095573803375,0.001231055449793495,0.0009878326140495856,3.795953988232237e-05,4.521372831238642e-05,3.904841389151839e-05
863.0,0.3201154087489753,0.005587905422216932,0.001229133986380229,0.0009889142749579906,3.798230509707176e-05,4.521910217883776e-05,3.90298362401858e-05
864.0,0.3197852691675652,0.005397770210006173,0.001226094006975587,0.000990016953862427,3.800981147861758e-05,4.521383658986523e-05,3.90137431935034e-05
865.0,0.3192263399476752,0.00525969997271681,0.001223918909588347,0.0009911242422134278,3.804038775208811e-05,4.521817700918684e-05,3.900644409709566e-05
866.0,0.3185719961359402,0.004483512408369915,0.001218673347272336,0.0009922249596281186,3.806937028737504e-05,4.522046585883432e-05,3.900305427200358e-05
867.0,0.3184664624894751,0.00565671198915622,0.001219695781326437,0.0009933699070418082,3.811180545452566e-05,4.523004150602905e-05,3.901057654925835e-05
868.0,0.3180417647594738,0.005493123554748292,0.001217910945846548,0.000994560441488568,3.81612786232564e-05,4.523601345919681e-05,3.903414068482763e-05
869.0,0.3175386576001443,0.005281696226387481,0.001214752557235083,0.0009957840010361694,3.821948100499649e-05,4.525660755789802e-05,3.903642968204543e-05
870.0,0.3167720527836865,0.005709892944624708,0.001214465214941034,0.0009970293109609078,3.826660944052184e-05,4.527338629651605e-05,3.905879200620835e-05
871.0,0.3163872520835149,0.005139321435937081,0.001210570782570297,0.0009982690167160857,3.833990418747551e-05,4.528922026768807e-05,3.908130719760368e-05
872.0,0.3159080904514285,0.005711141045110568,0.00121156642929305,0.0009995160134469003,3.83859916440248e-05,4.530211082130895e-05,3.909738408059354e-05
873.0,0.3154750265592066,0.005290749432876115,0.001209095081311809,0.00100083308399754,3.844560054414118e-05,4.530464048860962e-05,3.911423477347699e-05
874.0,0.3151695620064042,0.005569538231835582,0.001208751221601641,0.00100218180680727,3.850125753457706e-05,4.532098108428408e-05,3.913463192879572e-05
875.0,0.3152713087908539,0.005530343847170316,0.001208623314905052,0.001003553533771526,3.855197954619115e-05,4.535250310694538e-05,3.914757622094681e-05
876.0,0.3148890890641834,0.005066450276277333,0.001205449905245098,0.00100497319047139,3.861393131697762e-05,4.538021444745982e-05,3.918343988575301e-05
877.0,0.314664624059376,0.005423992733016758,0.001204654163566251,0.001006384858965579,3.868564667417542e-05,4.541455650983163e-05,3.921402304878283e-05
878.0,0.3143811840432107,0.004562077611103323,0.001201904639321971,0.001007794163217864,3.874335325144868e-05,4.544745231581851e-05,3.92403257832082e-05
879.0,0.314551019321714,0.004841669609769695,0.00120220815800438,0.00100916212739038,3.879803169554054e-05,4.549137889339583e-05,3.926566645046869e-05
880.0,0.3145630334267044,0.004436490575879365,0.001201576393340379,0.00101053445802346,3.886900922608293e-05,4.553522581796582e-05,3.930491678501753e-05
881.0,0.3148993178079448,0.004412999803233614,0.001201107763648126,0.001011869360104304,3.893091670715495e-05,4.558040117753545e-05,3.932295359029137e-05
882.0,0.3152903923754822,0.004481884089561843,0.001202240543727248,0.001013181663395304,3.900559115598333e-05,4.564408906296383e-05,3.932635820955233e-05
883.0,0.3155123932420072,0.004615501130971378,0.001202981188451459,0.0010145108234993,3.907937226183514e-05,4.571632929780369e-05,3.934928158007265e-05
884.0,0.3161260228311464,0.004761091747753163,0.001204636136796542,0.00101583228137386,3.916515419811604e-05,4.578267362579484e-05,3.936697892597775e-05
885.0,0.3162032723621549,0.004766865216237807,0.001205935243637563,0.00101718056710909,3.925490553194201e-05,4.585025723082447e-05,3.939387400746224e-05
886.0,0.3162715818563648,0.004773267464716397,0.001205654613219768,0.001018535844780479,3.933711587228963e-05,4.593603784586039e-05,3.94189772568456e-05
887.0,0.3167310239590663,0.004642176515835411,0.001206528892517019,0.001019942369823444,3.942270559636296e-05,4.602315071939044e-05,3.942640726155325e-05
888.0,0.3165922788622393,0.004438786805791715,0.00120692096876621,0.001021334697574177,3.949646929960364e-05,4.610922991165033e-05,3.943649234515524e-05
889.0,0.3167319042399362,0.004438581550551277,0.001207458711623805,0.00102276588424801,3.958398059722059e-05,4.619416989970528e-05,3.942519568092408e-05
890.0,0.3172389117269767,0.004440258172396038,0.001208990052633799,0.001024210801056026,3.96730758139109e-05,4.627718673896686e-05,3.942858202283653e-05
891.0,0.3180934971630156,0.004580896222616776,0.001212329654322879,0.001025613034759545,3.977306393813289e-05,4.63733550183667e-05,3.944351691438027e-05
892.0,0.318519875464631,0.004690745329363996,0.001214509044615224,0.001027036206246763,3.986908543292888e-05,4.647651538593457e-05,3.946436301133799e-05
893.0,0.318961767497342,0.004759330828311154,0.001215870835284235,0.001028463130325329,3.998346109857983e-05,4.654843467544375e-05,3.946880044168088e-05
894.0,0.31991929637998,0.00495209492718709,0.001219084847294484,0.001029837090928828,4.008516955739426e-05,4.663018539361124e-05,3.947881031113905e-05
895.0,0.3207427156284606,0.004805823705652372,0.001221179213172597,0.001031202326485216,4.019140389246425e-05,4.671808459371095e-05,3.9495739030737e-05
896.0,0.3211459327446658,0.004723580360867044,0.001223401970371353,0.001032557321346734,4.029657708192383e-05,4.677759656238176e-05,3.951771994630687e-05
897.0,0.321538493882958,0.004547666507081516,0.001225789740953685,0.001033949556017138,4.03940192085066e-05,4.684632521995008e-05,3.952620111876969e-05
898.0,0.3220173950544387,0.004439341037215601,0.001227968008856511,0.001035327335192642,4.047629682726994e-05,4.689308864681774e-05,3.951339671273113e-05
899.0,0.322297861643706,0.00453389593040864,0.001231131872196898,0.001036717814007173,4.057127083456731e-05,4.693307899487417e-05,3.950930051209725e-05
900.0,0.3225807388749195,0.004319698803268851,0.001233064435166516,0.001038156066672777,4.067148345993137e-05,4.698680145580485e-05,3.95135055755997e-05
901.0,0.3225261701209778,0.004964154819675073,0.001238629926098413,0.001039589305858563,4.073970703714978e-05,4.702039598493354e-05,3.951332313999441e-05
902.0,0.3227997292003162,0.004756631903541792,0.001241480561713522,0.001040970458855105,4.082316443682632e-05,4.705607489159939e-05,3.953635070147801e-05
903.0,0.3231559642933427,0.004611570381209391,0.001242706952980926,0.001042417706292958,4.087688018294048e-05,4.708995517271774e-05,3.954323268065073e-05
904.0,0.3235654558541012,0.004829215127959479,0.001247162055439963,0.001043905874781889,4.094466502216552e-05,4.710420984833778e-05,3.956431580695814e-05
905.0,0.3241108377853933,0.00453261347311563,0.001250129670384518,0.001045452034690327,4.103297676875839e-05,4.712070808845803e-05,3.957027506202841e-05
906.0,0.3243965493029666,0.005286056381921828,0.001254041813855568,0.001047013383340579,4.109815316638774e-05,4.714110337206753e-05,3.95691210800956e-05
907.0,0.3249588995066461,0.005490703925675204,0.001257123695527186,0.001048495692603792,4.115580249051223e-05,4.714832869358202e-05,3.955991231692341e-05
908.0,0.3251470090409745,0.005342203200221835,0.00126170050672698,0.001049950680821288,4.122703223314345e-05,4.715763622648716e-05,3.955435736481695e-05
909.0,0.3252883403006025,0.004847748610514534,0.001262077638734774,0.001051338134393212,4.126705001155666e-05,4.715550747415285e-05,3.956272680826685e-05
910.0,0.3255162593705849,0.005602616974493854,0.0012655866597324,0.001052777534991353,4.132033110050324e-05,4.71509842293075e-05,3.955586096874398e-05
911.0,0.3255168993319947,0.005049992462050706,0.001267976949855874,0.00105442371819767,4.136344415948357e-05,4.713150173687602e-05,3.955880404200994e-05
912.0,0.3257501692975983,0.005269944001966053,0.001271027368295484,0.001056112170982046,4.141812357737669e-05,4.710271716944304e-05,3.955998093470795e-05
913.0,0.3259407375285722,0.005298691765570782,0.001273711606096934,0.001057814055949096,4.149155201037038e-05,4.709129343317821e-05,3.95720263054953e-05
914.0,0.3261942406297527,0.005601454983181976,0.001277513876411313,0.001059552481538775,4.15394748425932e-05,4.704785406807447e-05,3.954615433859567e-05
915.0,0.3265924730234352,0.005451764891199497,0.001279480727510756,0.001061281591345012,4.157988966295548e-05,4.701092329662364e-05,3.954325950403104e-05
916.0,0.3263893404085353,0.004982191971735998,0.001280705807259554,0.001062970404415158,4.160661027358654e-05,4.697580571044939e-05,3.952101332817454e-05
917.0,0.3265763989349799,0.005002748373755981,0.001284481114559008,0.001064756506374626,4.163804537736035e-05,4.693679870258483e-05,3.949661886294687e-05
918.0,0.3266335499731337,0.005500549831621455,0.001287783184753711,0.001066569293286674,4.167776693212904e-05,4.689581653572677e-05,3.947523853592083e-05
919.0,0.3268404003180966,0.007290926942719798,0.001293794384953501,0.001068465729493344,4.170266759757831e-05,4.685403925186051e-05,3.945409602761815e-05
920.0,0.3269592169133526,0.00718273946357912,0.001299814573179922,0.001070477074741195,4.173020557706856e-05,4.682154566423801e-05,3.943572963506358e-05
921.0,0.3268314970504181,0.006369228552524016,0.001302127924476696,0.00107246931504025,4.17579635910997e-05,4.676033001610915e-05,3.940426038496433e-05
922.0,0.3265570572129862,0.006026202088784883,0.00130398132332559,0.001074458975001912,4.176946679068741e-05,4.668919018632233e-05,3.938944281724171e-05
923.0,0.3266994963550513,0.00574712957969863,0.001307516025807172,0.001076416282217928,4.180346678792592e-05,4.662969162497146e-05,3.938078677197853e-05
924.0,0.326731074514658,0.00554665909355986,0.00131222399065129,0.001078362734355981,4.183584600433632e-05,4.657794993986522e-05,3.937751301177888e-05
925.0,0.3266780073867105,0.005279479554451039,0.001315011774169906,0.001080308991591177,4.18662497226033e-05,4.651555323226735e-05,3.936059334147259e-05
926.0,0.3262967140353446,0.005433596591851327,0.001318567326682839,0.001082257650071979,4.188712827744979e-05,4.645880247569241e-05,3.935072431679995e-05
927.0,0.3262310112456385,0.00571934961153065,0.001324758918580902,0.00108429069298536,4.192731990405871e-05,4.640299630190431e-05,3.935109491373258e-05
928.0,0.3263463496016522,0.005628766251756448,0.001329411724316381,0.001086294352033741,4.196642351208032e-05,4.636202817407208e-05,3.934960384733779e-05
929.0,0.3266251824084103,0.005665327347813554,0.001333098782614145,0.0010883738979453,4.198572017276189e-05,4.631133541157261e-05,3.935271749534496e-05
930.0,0.3264487948013225,0.005738807239222122,0.001337705482305972,0.001090466031338462,4.201168977680456e-05,4.625086256082736e-05,3.935064328914435e-05
931.0,0.3266122067916521,0.00573704468595243,0.001342131546300416,0.001092567183167878,4.204163131055067e-05,4.620811871912138e-05,3.935932163713872e-05
932.0,0.3267848394903691,0.005524803792018617,0.001345670376178928,0.001094486638402397,4.20699850843437e-05,4.617227268122597e-05,3.936499302035693e-05
933.0,0.3271524091084214,0.005804134298152441,0.001349558512893903,0.001096482879877034,4.208955360730209e-05,4.612526037789983e-05,3.937125161360421e-05
934.0,0.327384022699719,0.006094990607540092,0.001353895264136045,0.001098591239155216,4.21206661612263e-05,4.607390509355533e-05,3.938353312023816e-05
935.0,0.3271877259659474,0.006477853404497968,0.001357398091936461,0.001100656499924955,4.213095389388884e-05,4.603112472618934e-05,3.939554537086155e-05
936.0,0.3268804565467433,0.005941928256159597,0.001359563169930129,0.001102615856442585,4.21527497202185e-05,4.598865846645741e-05,3.940003350575897e-05
937.0,0.3268305829134341,0.005959033568322654,0.001363003750603877,0.001104542458298763,4.215665069513264e-05,4.594233178029479e-05,3.94051531766457e-05
938.0,0.3269389746013061,0.005714206384388497,0.001365056749067078,0.001106452992244102,4.21763124570957e-05,4.591171084142428e-05,3.941538185828108e-05
939.0,0.3269326698575087,0.005914922137604277,0.001368701585446563,0.001108323613809544,4.21989762114429e-05,4.587091417542863e-05,3.944165446282868e-05
940.0,0.3269057289985618,0.006018856455432888,0.001372067593884491,0.001110183274048673,4.220869241342011e-05,4.584787131804155e-05,3.944892484304005e-05
941.0,0.3269183342550461,0.005377397554450981,0.001371538122153458,0.001111907340745832,4.222086228148773e-05,4.58277608657018e-05,3.9469062083696e-05
942.0,0.3270229712801921,0.005861419306490413,0.001375451505446358,0.001113621933634757,4.223374112667322e-05,4.580704774042522e-05,3.948932514163898e-05
943.0,0.3267923587415116,0.00583037896348499,0.001378276121730558,0.001115289285058378,4.224651607895117e-05,4.578079568353247e-05,3.950536479829018e-05
944.0,0.3267236591636541,0.006515476610068231,0.001382060930062743,0.001116828104990532,4.227022676418586e-05,4.575879098972689e-05,3.954246158628757e-05
945.0,0.3267010364483957,0.006098398147886876,0.001383640867286378,0.001118297803616925,4.229150793773048e-05,4.575087061086193e-05,3.957740798599367e-05
946.0,0.326701899077096,0.005904109519478395,0.001384436174768558,0.001119909502464945,4.230541569445557e-05,4.572229171843181e-05,3.96160980203014e-05
947.0,0.3263537407403332,0.005696254998954851,0.001385784527992873,0.001121551617809023,4.23238069846805e-05,4.571062081754833e-05,3.965650165874903e-05
948.0,0.3265136715058606,0.007140591419207137,0.001389049348287435,0.001122951216946636,4.232883624638395e-05,4.570186943621469e-05,3.972374466136117e-05
949.0,0.3263318708454946,0.00674896278265856,0.001390035022915909,0.001124310977537961,4.233237965360175e-05,4.568133389576525e-05,3.979105602286773e-05
950.0,0.3262188500020098,0.006284372239544428,0.001390506766494254,0.001125574558825118,4.234322353612347e-05,4.56567131903411e-05,3.985546626963439e-05
951.0,0.3259660758672274,0.005936419088300175,0.001390149856825422,0.001126579059914804,4.236763153101865e-05,4.565323096343812e-05,3.994475532561927e-05
952.0,0.3264308024397817,0.006122418020291264,0.001390335129881855,0.001127526478929554,4.236754240425108e-05,4.564664418561757e-05,4.003264424505424e-05
953.0,0.3260621687773923,0.00536969417588858,0.001390045799166952,0.001128517421963023,4.236508154540734e-05,4.564185967599774e-05,4.013456912486973e-05
954.0,0.3259624822494752,0.005754966640321373,0.001391325201534321,0.001129333087041259,4.236828068383923e-05,4.563736338276304e-05,4.023257461240755e-05
955.0,0.3256724709653608,0.005905144979029366,0.001391457952915776,0.001130163871293764,4.237980012681834e-05,4.562985402002055e-05,4.036077789229532e-05
956.0,0.3254472542750557,0.005636824992492811,0.001390455463002937,0.001130882172018952,4.236886568980176e-05,4.560849801870521e-05,4.04653796380494e-05
957.0,0.325218545765847,0.005313556168386863,0.001391037924059134,0.001131522171696767,4.236742030481443e-05,4.560094753244452e-05,4.057856610232569e-05
958.0,0.3252968772911632,0.005632403169672987,0.001391384726783385,0.001132115273737397,4.23739774676927e-05,4.558444715224403e-05,4.069514528030083e-05
959.0,0.3251320391606062,0.005492198892721525,0.001389441401675091,0.0011324889180337,4.23876142990546e-05,4.557693314629375e-05,4.082385744305371e-05
960.0,0.3247742337764397,0.006219779408083006,0.001390634675610816,0.0011326269909787,4.23761181510862e-05,4.554833034384254e-05,4.093163948533342e-05
961.0,0.3246664577723569,0.006085177115338499,0.001393082562850137,0.001132778355555595,4.237094296037916e-05,4.554897676733344e-05,4.105376571355487e-05
962.0,0.3247916949748879,0.00551769976204054,0.001390233210589887,0.001133009533208902,4.237485756317681e-05,4.555971069155978e-05,4.118949554671707e-05
963.0,0.3248418742269384,0.00685627972793243,0.00139099875209285,0.001133179378098166,4.236650577480631e-05,4.556043554904171e-05,4.132368978625865e-05
964.0,0.3243170788490158,0.005936216674011476,0.001389734069211991,0.001133211910748257,4.23629802639008e-05,4.556719367241732e-05,4.146776968017704e-05
965.0,0.3242521648974123,0.006020267222240005,0.001390732105636511,0.001133137609944509,4.235582639221198e-05,4.556611210306023e-05,4.160038656382425e-05
966.0,0.3238780360714914,0.005257908205386558,0.001387799365905405,0.001133041445583879,4.234643847928205e-05,4.55647119858565e-05,4.173450551607411e-05
967.0,0.323570482051778,0.006250785167646392,0.0013892761373494,0.001132971357265729,4.234411655397497e-05,4.555598057262054e-05,4.187417138492992e-05
968.0,0.3234089915631804,0.005681350639668269,0.00138840311468488,0.001132884840807205,4.234753273134266e-05,4.555570010422882e-05,4.202481574090636e-05
969.0,0.3232978075999417,0.00552193854288085,0.001386762429658138,0.001132827766071642,4.235973664159978e-05,4.55582961250684e-05,4.216745969636999e-05
970.0,0.3232921347913317,0.005276701375145555,0.001385270583206809,0.001132544171623492,4.237618676128522e-05,4.556811983219041e-05,4.230087612289058e-05
971.0,0.3235184148103742,0.005620998745630016,0.001386510697474977,0.001132346204108273,4.238320940118081e-05,4.55801475366015e-05,4.242397206549799e-05
972.0,0.323654142508721,0.005120799006031739,0.00138485440873825,0.001132166173653761,4.240235333885342e-05,4.559840380978421e-05,4.254839058396259e-05
973.0,0.3241914927337503,0.00553994523613142,0.001383889900625839,0.001132005701463465,4.242660478841239e-05,4.560543658228621e-05,4.266657168259158e-05
974.0,0.3240707046055328,0.00531810567501451,0.001383063625200632,0.001131789311204118,4.24301015053257e-05,4.561984284356413e-05,4.279145915060608e-05
975.0,0.3239427011633668,0.006052451840656969,0.001383060455447548,0.001131402987682247,4.244589096132263e-05,4.563730610768046e-05,4.292990282412772e-05
976.0,0.3241733122421259,0.005844983864840906,0.001382361780696852,0.001130920788146089,4.245690002431155e-05,4.564478825348292e-05,4.305135785536443e-05
977.0,0.3242935175383894,0.005573460322067584,0.001381651605191319,0.001130454164799454,4.248757690666293e-05,4.565318926603326e-05,4.315382332583393e-05
978.0,0.3243447409562481,0.005643992120216627,0.001381224475699515,0.001130081028945408,4.2508692414097e-05,4.568059290132618e-05,4.325632047434987e-05
979.0,0.3243549897517435,0.005211234390259823,0.001378520164677853,0.001129777986519328,4.253410135878294e-05,4.570601234734201e-05,4.33523240341751e-05
980.0,0.3244302869831585,0.005373590536018464,0.001376579386364225,0.001129479220647134,4.255848889044304e-05,4.570530097811576e-05,4.342795046674063e-05
981.0,0.3245425653587297,0.006006067615797567,0.001377130231236072,0.001129148575788765,4.258619234098698e-05,4.57307745477414e-05,4.350823396974435e-05
982.0,0.3248011864082899,0.005430673203186093,0.001375480755534099,0.001128950557116997,4.26324742598012e-05,4.575517158025227e-05,4.358889891488784e-05
983.0,0.3250488304390968,0.005726964555046388,0.001375028715308621,0.001128659622492827,4.267352451784654e-05,4.576952507809568e-05,4.364365392335203e-05
984.0,0.3251942760488919,0.006068597967551635,0.001374166531173177,0.001128328254767613,4.271416126029156e-05,4.578448724354004e-05,4.368997160531002e-05
985.0,0.3251230624557818,0.006086630922746067,0.001373619429702069,0.00112798411142309,4.274323822938772e-05,4.580015339058839e-05,4.373547247948e-05
986.0,0.3252777440006378,0.005364740973543949,0.001368994469245072,0.001127609629443852,4.278289305754164e-05,4.58048142939839e-05,4.376971212062506e-05
987.0,0.3251662408142589,0.006259263599534878,0.0013691259336562,0.00112735256756366,4.282776042924722e-05,4.581021765987695e-05,4.379281372524131e-05
988.0,0.3253841676590352,0.005443331364160718,0.001366021739491668,0.001126937421727171,4.288534259329409e-05,4.58209044233642e-05,4.379512613355579e-05
989.0,0.3251756942032101,0.005366437555185183,0.001364242241708698,0.001126508058636536,4.292751741757546e-05,4.583220129351222e-05,4.379843117184277e-05
990.0,0.3253403861324972,0.005440153720677135,0.001362812790303563,0.001126051882569546,4.297832506499929e-05,4.583331299617186e-05,4.380409309845576e-05
991.0,0.3254384223281406,0.006029286606503307,0.001360638857602131,0.001125528180017711,4.302969557521586e-05,4.582721009331856e-05,4.37836899856098e-05
992.0,0.3255815082515543,0.006429314504968016,0.001360641439565247,0.001124959499153345,4.307306809346278e-05,4.58254678417465e-05,4.376475353815209e-05
993.0,0.3256307958254418,0.006153043589644919,0.001359034882115265,0.001124384057725773,4.313100682500027e-05,4.582347059745456e-05,4.374477441578492e-05
994.0,0.3258148867274946,0.005859005092347625,0.001355117179020135,0.001123779999758663,4.317850794179059e-05,4.580557537584729e-05,4.372628040180107e-05
995.0,0.3259908317687144,0.007311270149362835,0.001356662316138139,0.001123092280197243,4.322341760786605e-05,4.578051180284369e-05,4.37008455746088e-05
996.0,0.3259355890462808,0.006167222841036855,0.001351986191396399,0.001122380138807402,4.327006119231728e-05,4.57472433583276e-05,4.367783184922775e-05
997.0,0.3263107291793292,0.006282682329181502,0.001349128545372744,0.00112159562205,4.331910760929196e-05,4.572879377944934e-05,4.362435076942891e-05
998.0,0.3263727391615782,0.005562006456501365,0.001345289779606187,0.001120801620951342,4.334569869891832e-05,4.568827517140259e-05,4.356678341496756e-05
999.0,0.3267000854787356,0.005856167503897767,0.00134500471712215,0.001119895654055433,4.337475568174641e-05,4.565332666495668e-05,4.349403921317772e-05
1000.0,0.3266466467813405,0.005587680164542734,0.001342186622263047,0.001119021072116139,4.340906643775428e-05,4.560805691293946e-05,4.342499885602406e-05
1001.0,0.3267397038938478,0.006252030479753843,0.001340849205685849,0.001118005574443448,4.344480284048534e-05,4.55654264013421e-05,4.334321139909484e-05
1002.0,0.326723269769561,0.006636326131800326,0.001338466669529165,0.001116765798010174,4.346970337325097e-05,4.552225605353196e-05,4.32735880059363e-05
1003.0,0.3268619769626512,0.007857330053998883,0.001340234822086322,0.001115515414643955,4.348727404591724e-05,4.547737401855443e-05,4.320070253462252e-05
1004.0,0.3274583135197747,0.006914371896506758,0.001337146743090751,0.001114160345108399,4.351770337167341e-05,4.54270362610775e-05,4.310834436647692e-05
1005.0,0.3274688193813495,0.0071545014282145,0.001332735541208304,0.001112691677759839,4.353238896377145e-05,4.536989051020363e-05,4.303409607457699e-05
1006.0,0.3274003396577976,0.006180964053370306,0.001328219039523146,0.001111146514380699,4.354527073533857e-05,4.52876436504033e-05,4.293249075651378e-05
1007.0,0.3270917593013948,0.006682623674721022,0.001325297780802729,0.001109621090699712,4.354211699586549e-05,4.521005000549725e-05,4.281765161837483e-05
1008.0,0.3266281066983812,0.005959789401200602,0.001319676824449002,0.001107911712214035,4.353777033387945e-05,4.513369324727002e-05,4.271415501968357e-05
1009.0,0.3263600834676592,0.005729977609555517,0.001315216373219068,0.001106160617778017,4.353448830147712e-05,4.505350972137979e-05,4.260704536037157e-05
1010.0,0.3262812737751914,0.006037802844672742,0.001312446376620989,0.001104301466839863,4.353980094220168e-05,4.496046072026113e-05,4.250989502670252e-05
1011.0,0.3263447203373649,0.007677683686979513,0.001313429658865017,0.001102375728084126,4.35462222020844e-05,4.487617280914276e-05,4.241518329389276e-05
1012.0,0.3262528351483479,0.006880317141447624,0.001306389951146225,0.001100386769409886,4.355399789852244e-05,4.479331070197919e-05,4.231835384876386e-05
1013.0,0.3260147099545245,0.007257953160823056,0.001304605613769445,0.001098366868051691,4.354648028791331e-05,4.470647311223063e-05,4.221867004554765e-05
1014.0,0.3256412922899311,0.00602714602686346,0.001297377107545863,0.001096220658863216,4.355259677477254e-05,4.46174994037096e-05,4.213101977082624e-05
1015.0,0.3252075559591677,0.005973475598441452,0.001291855239361035,0.001093988012258682,4.355427917626968e-05,4.453529470293144e-05,4.20565327746453e-05
1016.0,0.3248418834990956,0.008066832886752506,0.001290663781065275,0.001091761323731223,4.355113340333795e-05,4.444412764124729e-05,4.198013751395147e-05
1017.0,0.3244326733713773,0.006993002946912295,0.001287719939573254,0.001089468719508984,4.353346172009307e-05,4.435016963099709e-05,4.188636232956985e-05
1018.0,0.3240625671649854,0.006693973801405588,0.001282001398801382,0.001087066536594359,4.351689519785623e-05,4.425927093173589e-05,4.180264973603961e-05
1019.0,0.3240160694286774,0.007638665782944626,0.001279321246023719,0.001084653661761031,4.350685561889087e-05,4.418341368833819e-05,4.175810480924181e-05
1020.0,0.3241228977974044,0.007430951768519319,0.001275486886968282,0.001082098371765443,4.351355384265146e-05,4.410971916451886e-05,4.171816201223442e-05
1021.0,0.3240794092679473,0.007903995970189053,0.001272978371003094,0.001079479988783638,4.351911925441244e-05,4.404640135134728e-05,4.16709466712901e-05
1022.0,0.3238696959619868,0.008858856591849255,0.001272024633852592,0.001076832412595443,4.351535591284898e-05,4.39767802879846e-05,4.161366545912469e-05
1023.0,0.3237851107943506,0.007857802163535292,0.00126637358247227,0.001074250344698599,4.350132697318188e-05,4.391075947192253e-05,4.158988201749386e-05
1024.0,0.3236992481243098,0.007570730703571407,0.001260984515472951,0.001071478202126949,4.350599532812455e-05,4.385826497827852e-05,4.156561025791556e-05
1025.0,0.3238118113310434,0.006718743186452309,0.001256586341535317,0.001068647007044923,4.351395576764348e-05,4.379791960446464e-05,4.154447495024152e-05
1026.0,0.3234953185694676,0.007519001763909606,0.001255312743002683,0.001065748238175252,4.353000247088866e-05,4.373474584539471e-05,4.15321463585068e-05
1027.0,0.3232234696153831,0.007637492325299111,0.001253532775843139,0.00106270793927296,4.353543234218844e-05,4.367221539659905e-05,4.152258261548716e-05
1028.0,0.3230606195558182,0.007230533959986629,0.001249834918266874,0.001059616348614569,4.354063348559672e-05,4.360813797318493e-05,4.152185626552787e-05
1029.0,0.3229582244939829,0.006237729317752314,0.001246359035212756,0.001056491869933594,4.35445548575665e-05,4.35586023112115e-05,4.151929760074226e-05
1030.0,0.3228455089023354,0.008509921550663345,0.001246815179147724,0.001053331600491516,4.35491435247677e-05,4.351847682404449e-05,4.151935513985965e-05
1031.0,0.3227305528793694,0.006714948397608898,0.001244919239759683,0.00105023632532932,4.355171812947502e-05,4.347261875390883e-05,4.154320647666068e-05
1032.0,0.3226716107653085,0.00665596889615144,0.001241617920053595,0.001047078955260151,4.353010224011909e-05,4.3426269193988e-05,4.15527589432587e-05
1033.0,0.3222434814839702,0.006064696105287244,0.001238983832293048,0.001043901024834246,4.351241008584453e-05,4.338920899375104e-05,4.157100308437138e-05
1034.0,0.3220240755041287,0.006828920097569828,0.001237415908579603,0.001040708813257814,4.35166687397162e-05,4.33278500801881e-05,4.158008504216277e-05
1035.0,0.321720612060613,0.00946399505419868,0.001240636418703819,0.00103748522370576,4.348673915032281e-05,4.327493951011479e-05,4.158825352296012e-05
1036.0,0.3215708023840905,0.008255377963097447,0.001239579708801443,0.001034274937161335,4.348293559469949e-05,4.323106258516779e-05,4.160720651970103e-05
1037.0,0.321679371665001,0.007884558005204188,0.00123715561976942,0.001031171365957703,4.346465439304639e-05,4.31916237924521e-05,4.162783420123036e-05
1038.0,0.3212442415759504,0.007739636346790489,0.001237127324475163,0.001028101772451777,4.343645938171582e-05,4.315122925844138e-05,4.16378793602118e-05
1039.0,0.321278700583746,0.007450953443378992,0.001232437346527235,0.001025136989258246,4.341848824811573e-05,4.310735852113778e-05,4.164540295989328e-05
1040.0,0.3212731514128118,0.007681334303417874,0.001234325782952906,0.001022240430637501,4.340148904124251e-05,4.307012722700015e-05,4.166677200772135e-05
1041.0,0.3210675737127414,0.006974665140699866,0.001230535411596492,0.001019470355856896,4.33829183604468e-05,4.303304897175403e-05,4.169066289066789e-05
1042.0,0.3208038004925804,0.007815184342090505,0.001231046087053645,0.001016780769748937,4.333777151324799e-05,4.298845806526462e-05,4.170177694643031e-05
1043.0,0.3205094291269748,0.006813300944662201,0.001228792548855004,0.001014324141353846,4.32940889486529e-05,4.293814509351952e-05,4.171937765382234e-05
1044.0,0.3202261569281822,0.00682540620959595,0.001228298780391192,0.001011859233553634,4.325994695974649e-05,4.288956510036711e-05,4.172895240571113e-05
1045.0,0.3200858756429035,0.00638778292080468,0.00122690544021377,0.001009462761775052,4.322582282227211e-05,4.284431886037207e-05,4.172820296364441e-05
1046.0,0.3198199051265013,0.007128048484628664,0.001229574466890249,0.001007292561142474,4.317618649722614e-05,4.280291110344991e-05,4.175843159743973e-05
1047.0,0.319506220647497,0.007180048993855971,0.001231092736665998,0.001005204440992695,4.312246781886608e-05,4.276221427858293e-05,4.176706502325656e-05
1048.0,0.3191057877923618,0.006470419423411978,0.001228297254739136,0.001003319827286517,4.306355452463477e-05,4.270201460541217e-05,4.175666885861151e-05
1049.0,0.3188459557792151,0.008125200812419015,0.00123150758546816,0.001001534000686806,4.301549894173502e-05,4.264132575336509e-05,4.175704515135959e-05
1050.0,0.31861546163193,0.006484442840240973,0.001229300789798914,0.0009997856705227842,4.296606427860503e-05,4.259591028730213e-05,4.175986908053917e-05
1051.0,0.3184192148931527,0.006829125353241233,0.001229931415021089,0.0009981651266787479,4.292597803490013e-05,4.254183426963502e-05,4.174068548459121e-05
1052.0,0.3180700659874696,0.006343065847766447,0.001231605568325885,0.0009966512105054127,4.287976343956995e-05,4.248967003865463e-05,4.173024093112661e-05
1053.0,0.3177466816717461,0.006599899549596402,0.001232546145458766,0.0009952998425917106,4.282560850657009e-05,4.244555326493363e-05,4.171068755850254e-05
1054.0,0.317291460858789,0.006472475199784473,0.001232325047734179,0.0009940990529239862,4.277884497591246e-05,4.240272358925313e-05,4.170436986893485e-05
1055.0,0.3170156834212533,0.00747238560196517,0.001235083652208111,0.0009929976900350896,4.27248352639606e-05,4.234315038016899e-05,4.16915036225133e-05
1056.0,0.3170045687276463,0.007703531268418975,0.001236194482240508,0.0009920725727097844,4.267959931493399e-05,4.23072927264106e-05,4.168052646146198e-05
1057.0,0.3167649065149767,0.007957593823976379,0.001236775394402041,0.000991313146411401,4.265154131880792e-05,4.226934289278237e-05,4.167154812632082e-05
1058.0,0.3168167136903648,0.007516088674284,0.001239911113140724,0.0009906970807027774,4.261680797364617e-05,4.224781894864192e-05,4.167366636932491e-05
1059.0,0.3165736399275033,0.00728990963986434,0.001236701910056056,0.0009902015468277953,4.256613851793785e-05,4.220874407455222e-05,4.166026375287672e-05
1060.0,0.3164443164586259,0.006370349028633782,0.001234682445428146,0.0009898440413400544,4.252430242901322e-05,4.218057487907964e-05,4.164486101530409e-05
1061.0,0.3163082601105449,0.009127715629077583,0.001241647546435855,0.0009896441471834898,4.248950745141256e-05,4.215497815033439e-05,4.164842261845724e-05
1062.0,0.3163375081574586,0.009089721884974289,0.001242377473183522,0.0009896176467859797,4.246047192109785e-05,4.214567760443703e-05,4.165550143482885e-05
1063.0,0.3165730527042101,0.009235236628929937,0.00124477930579802,0.0009897940523559412,4.243358637034016e-05,4.211535456494793e-05,4.164617093643208e-05
1064.0,0.316434911264448,0.0081901114247024,0.001240556239444057,0.000990130076886908,4.239781910463867e-05,4.210542880413098e-05,4.164771588753002e-05
1065.0,0.3159941887723447,0.008355492942013196,0.001239875597616498,0.0009906844175432352,4.235827514224908e-05,4.210572217681528e-05,4.164191316298223e-05
1066.0,0.3158744439857321,0.007214101376577486,0.001237214512488265,0.0009913250293630373,4.23227410776174e-05,4.210995143668297e-05,4.164027557035043e-05
1067.0,0.315719238176221,0.006244449516590278,0.001234227469647232,0.0009920875570521596,4.230823208108019e-05,4.210590137530008e-05,4.163912382924473e-05
1068.0,0.3157306411653167,0.007070980367216895,0.001236186743945474,0.0009929530272431207,4.227871791810925e-05,4.211306390571149e-05,4.162629159642443e-05
1069.0,0.3157164660560078,0.007351747228726212,0.001234711374095831,0.000993902467518513,4.226393983129603e-05,4.213157365472432e-05,4.162262391703978e-05
1070.0,0.3154798686700448,0.007480240031937801,0.001234942074144724,0.0009949680962756538,4.224321859565168e-05,4.217830993072902e-05,4.161653775405156e-05
1071.0,0.3154074682039375,0.008063281045011993,0.001235684083846772,0.000996153363570875,4.223022407200139e-05,4.222790837173739e-05,4.1607890796488e-05
1072.0,0.3155785332336795,0.007126191266587862,0.001233466805588837,0.0009974463852156403,4.220809221314144e-05,4.227617916511062e-05,4.160060030039326e-05
1073.0,0.3156765137999159,0.006226835454995304,0.001232073077093443,0.0009988416389233444,4.218913057324773e-05,4.232881817891414e-05,4.158731536749792e-05
1074.0,0.3156567967105022,0.006668286125351656,0.001232939055257162,0.001000367417851015,4.216604199168872e-05,4.237889928600103e-05,4.158081276457473e-05
1075.0,0.3157403507909546,0.006074729167593588,0.001230185631281353,0.001001945010793116,4.216123479204405e-05,4.243855912934717e-05,4.157713177261801e-05
1076.0,0.3160342448375283,0.006848904020774534,0.001232492189670032,0.001003595594701574,4.213720281460771e-05,4.250699843121693e-05,4.15691598382042e-05
1077.0,0.3155800799023177,0.007995703715644497,0.001234476563797583,0.001005319815931267,4.212536400200067e-05,4.256976163275705e-05,4.155927803488832e-05
1078.0,0.3155572841459999,0.007695577347073707,0.001234376539074901,0.001007161676591302,4.211821595792158e-05,4.264709266216061e-05,4.15490665622733e-05
1079.0,0.3155456383042402,0.007517204463070136,0.001236625518133065,0.001009080123226912,4.209077888187009e-05,4.273018516287283e-05,4.152471330920203e-05
1080.0,0.3155148204940066,0.008156837700437448,0.001239651289277959,0.001011024674372677,4.208589375473169e-05,4.278656606516116e-05,4.150689002454019e-05
1081.0,0.3154181775236358,0.008786940824034122,0.001241264293806673,0.001012992129848563,4.208463022135883e-05,4.284248655725897e-05,4.147861678220652e-05
1082.0,0.3159011396965687,0.008112165275738725,0.001240545463822487,0.001015030229350384,4.20812825091544e-05,4.293388826624408e-05,4.144918895104623e-05
1083.0,0.3158660075165823,0.00798472752502141,0.001239973889573546,0.001017114727314721,4.207192306354918e-05,4.299461689312364e-05,4.141910208106141e-05
1084.0,0.3161112759184357,0.007556935954228236,0.001239805751750253,0.001019170006015012,4.205421066840417e-05,4.307051065889388e-05,4.139387314236579e-05
1085.0,0.3157669878298526,0.007374426031480984,0.001239284885725586,0.001021204971286436,4.204525497296064e-05,4.313908967231792e-05,4.135763230462202e-05
1086.0,0.316277724175968,0.007260998402364793,0.001240146209980001,0.001023274243069985,4.20388631559782e-05,4.322528419483869e-05,4.133220979044751e-05
1087.0,0.3162168538472591,0.007768989564660986,0.00124044794690764,0.001025358912479207,4.204100372574313e-05,4.328310928407503e-05,4.128726334925079e-05
1088.0,0.3164232559913548,0.008096597326981706,0.001241551364309862,0.001027416557385829,4.20577862243475e-05,4.333245576034527e-05,4.125147475273635e-05
1089.0,0.3166402797538658,0.007225488551526349,0.001238489869229037,0.001029438201914419,4.205333292657425e-05,4.341048795034875e-05,4.122508448034931e-05
1090.0,0.3165078134567832,0.006833054846211875,0.001239535815889251,0.001031417379368783,4.203710144071202e-05,4.347201169721783e-05,4.11813875738619e-05
1091.0,0.3166525872515824,0.006277360845078968,0.00123898013620213,0.001033343765339155,4.203160736282713e-05,4.352044762779787e-05,4.115440492329848e-05
1092.0,0.3169177025008682,0.007093128826637114,0.001240789446718147,0.001035214828243897,4.203961797214148e-05,4.356958234267017e-05,4.112257097263352e-05
1093.0,0.3171679325019913,0.007203967717046744,0.001240904972105697,0.001037046575391175,4.203953110284169e-05,4.362063848641602e-05,4.107112845440194e-05
1094.0,0.3171183479898345,0.007097761133515177,0.001240599570062438,0.001038772329452465,4.204693920248696e-05,4.368145440350617e-05,4.102958658697434e-05
1095.0,0.3172692399743959,0.007614742591579734,0.001243280572879266,0.001040442553142848,4.204069473992602e-05,4.373619806388351e-05,4.100453597118032e-05
1096.0,0.3176043680583543,0.0078672276035018,0.001243278222831249,0.001042112318776578,4.203707932381607e-05,4.380104238859331e-05,4.097147476679601e-05
1097.0,0.3177244146255293,0.006855782277849378,0.001241089086134356,0.001043653691324964,4.20405983243113e-05,4.38614642613189e-05,4.092823468321971e-05
1098.0,0.3177723139063538,0.006886306355242883,0.001240043832405518,0.001045142529534403,4.203540648096155e-05,4.39208513637304e-05,4.087336146150005e-05
1099.0,0.3178200952879982,0.007156352784846553,0.001238810567356387,0.001046557038893871,4.20293349241981e-05,4.396571774636679e-05,4.082497302159841e-05
1100.0,0.3178680117305484,0.00605865752112385,0.001235349145561156,0.001047942036309963,4.2022923364059e-05,4.401527671440101e-05,4.076931087955786e-05
1101.0,0.3180648919842671,0.007072819111021303,0.001238138182776578,0.001049259977420728,4.204331329491348e-05,4.40535162066286e-05,4.074149169955324e-05
1102.0,0.31801101984817,0.006887120539548952,0.001238185053181378,0.001050488942789496,4.204693835770259e-05,4.410452909283555e-05,4.070319100445994e-05
1103.0,0.3183106168147524,0.006433153591245223,0.001237110083936794,0.001051618697131971,4.204308885532065e-05,4.416113509637817e-05,4.065699692043976e-05
1104.0,0.3184121776799175,0.006270921653130759,0.001235908194288759,0.00105275339481815,4.203415307479628e-05,4.421041639803325e-05,4.059731258653949e-05
1105.0,0.318504772031513,0.009798472101910743,0.001237465592127621,0.001053833408594221,4.203489364046885e-05,4.42464400081925e-05,4.055747632204607e-05
1106.0,0.3187736631301397,0.009459881991632259,0.001241644815827309,0.001054855424141066,4.20191410667411e-05,4.429554330094906e-05,4.051575459037031e-05
1107.0,0.3189508943097945,0.009748070393009556,0.001239172630327643,0.001055837388331733,4.200471775748802e-05,4.434812216577292e-05,4.048654400800832e-05
1108.0,0.3191355392201281,0.008783253401149807,0.001234942882972536,0.001056707584604753,4.198029821003609e-05,4.438812845847942e-05,4.045149636068999e-05
1109.0,0.3192113023114596,0.009224856014194474,0.001238978920085993,0.001057423619795033,4.194531335046414e-05,4.44375668487374e-05,4.041655535773185e-05
1110.0,0.3193001818937617,0.007856910330924921,0.001234774007176737,0.001058070924186558,4.191863045745145e-05,4.449047792331712e-05,4.039465055796022e-05
1111.0,0.3193875049205367,0.006992214773724789,0.001232467401055525,0.001058639437841964,4.188584979364957e-05,4.454105343022877e-05,4.037193056811797e-05
1112.0,0.3193251590641042,0.00864697544722223,0.001232295870781683,0.001059121951644559,4.185503576037178e-05,4.45912343135679e-05,4.036567364451549e-05
1113.0,0.3190390887484631,0.008412236660513366,0.001234242659242632,0.001059546785711634,4.182254889912623e-05,4.464083584242254e-05,4.035017983491622e-05
1114.0,0.318866651585324,0.006545032565739252,0.001229823965845256,0.001059894583701388,4.179763489492597e-05,4.470426730514435e-05,4.034095069689952e-05
1115.0,0.3186811023110554,0.007383578296294006,0.00122874402754124,0.001060191355161455,4.174863389564123e-05,4.476123013622517e-05,4.035630508037319e-05
1116.0,0.3188386315657614,0.00720742046571244,0.001228535602865641,0.001060392593481973,4.169413047433216e-05,4.48249674761605e-05,4.037787855743522e-05
1117.0,0.3190426885402775,0.00688980222825786,0.001228596213543392,0.00106051746470939,4.164748056273458e-05,4.488506567880711e-05,4.038865890652384e-05
1118.0,0.3190464132587594,0.009106251649695654,0.00123218422421645,0.001060504860798564,4.159529695315449e-05,4.495878868753114e-05,4.042108588223634e-05
1119.0,0.3188705639011793,0.00852733449381991,0.001232240084298643,0.001060410520115882,4.155611656245982e-05,4.502964571889383e-05,4.045981132949691e-05
1120.0,0.3187002522295121,0.007482957836496809,0.001230236507620161,0.001060216525336515,4.149905881423331e-05,4.508818698620348e-05,4.04929724310691e-05
1121.0,0.3188472943805347,0.008624304523483917,0.001229835500930216,0.001060032559515388,4.143722590488825e-05,4.515243733105159e-05,4.052879461427135e-05
1122.0,0.3189539130231494,0.008572606479445877,0.001231007761193861,0.001059863823744238,4.138129671461133e-05,4.522637214041869e-05,4.059347993355612e-05
1123.0,0.319025613873948,0.008079965144337781,0.001230359898493488,0.001059708576592703,4.133279687046062e-05,4.529056311969245e-05,4.064510653772754e-05
1124.0,0.3190542846488148,0.008279619888073853,0.001230523183469859,0.001059575098460362,4.129286861691095e-05,4.53558046506028e-05,4.071177871471512e-05
1125.0,0.3192419821586163,0.007613415278356602,0.001228523154601186,0.00105939422756789,4.124397943648486e-05,4.543540145072345e-05,4.076830475792755e-05
1126.0,0.3194222716259553,0.007705701411989905,0.001229362024089379,0.001059148730446861,4.120067452008355e-05,4.55049352541591e-05,4.083263937492447e-05
1127.0,0.3195885995222764,0.007603194449743208,0.001229920726156222,0.0010588823034975,4.116020711129147e-05,4.557837635921107e-05,4.089611803281719e-05
1128.0,0.31988170494368,0.007104436431790916,0.001228641198462513,0.001058662904870501,4.113702277642186e-05,4.565778805368244e-05,4.097125078717117e-05
1129.0,0.3200605521679041,0.008030505276081516,0.001229819562070895,0.001058378536374282,4.112067801139695e-05,4.573358112112234e-05,4.103411418693274e-05
1130.0,0.3204298160222267,0.007355240689286588,0.001227830139668795,0.001058007878498714,4.11071851321888e-05,4.580839165111649e-05,4.109657591813632e-05
1131.0,0.3209701628508476,0.00756121549892634,0.001228607891030149,0.001057676017824372,4.109046357213462e-05,4.588595363915122e-05,4.1175600664285e-05
1132.0,0.3216492046237619,0.00620799528205969,0.001225622603916771,0.001057350428070178,4.107461403293736e-05,4.597315904921025e-05,4.123262670139298e-05
1133.0,0.321934616781574,0.006696479911405396,0.001224953996071098,0.001057008484871493,4.105774224895972e-05,4.60533608380806e-05,4.128138747833242e-05
1134.0,0.3222479378698726,0.006521546854293326,0.001224670690206142,0.00105669708567585,4.105525446805412e-05,4.611963208177317e-05,4.134236077167482e-05
1135.0,0.3229898440982278,0.008706331944585203,0.001229950162038506,0.001056380120288604,4.104859675847167e-05,4.619320711481205e-05,4.13947366452866e-05
1136.0,0.3234367438166185,0.006988869585071071,0.001226988305212766,0.001056122463265059,4.104272800679272e-05,4.625254483568823e-05,4.143383099107368e-05
1137.0,0.3242339187959056,0.006356245752960214,0.00122499841248342,0.00105586886683005,4.103692569841953e-05,4.633810203334475e-05,4.147623126779242e-05
1138.0,0.3245706539956226,0.006823722786505486,0.001224611318632601,0.001055665618920591,4.104217606497006e-05,4.641238361210317e-05,4.150567261589373e-05
1139.0,0.3248641302220511,0.006725872044460766,0.001223984357904562,0.001055459402382475,4.104806361897257e-05,4.648489313751631e-05,4.153828840811774e-05
1140.0,0.3251540336759131,0.007018582044095579,0.001223922447181285,0.001055277125744146,4.105880287572433e-05,4.65524616699861e-05,4.157244729511861e-05
1141.0,0.3254823875699329,0.006157446412875994,0.001222582258900397,0.001055103925624526,4.107668645329336e-05,4.661744874687151e-05,4.160845551557476e-05
1142.0,0.3258991213380573,0.007286888582184154,0.001221892813027376,0.001054949261670525,4.10908019485827e-05,4.66822616389862e-05,4.164232407591541e-05
1143.0,0.3265541338073093,0.007828460177739686,0.001221728837198839,0.001054788319222661,4.108841185380107e-05,4.676752800771702e-05,4.168211576111387e-05
1144.0,0.3270867514180545,0.007365587585480692,0.001223366858918012,0.001054625097951842,4.109282911878795e-05,4.683787358731299e-05,4.171255171898954e-05
1145.0,0.3273286059006875,0.007056461782363148,0.001221970634363103,0.001054510573038667,4.109995209785668e-05,4.689637755841881e-05,4.174405276527397e-05
1146.0,0.3278398031222149,0.007123195224566082,0.001221820105918122,0.001054394728695323,4.110114317484813e-05,4.696872728796535e-05,4.176302195968539e-05
1147.0,0.3281314004383392,0.006712559180901586,0.001220261957980158,0.001054308922396813,4.111841440335034e-05,4.703427331103539e-05,4.180470567659516e-05
1148.0,0.3286245743826516,0.006782515052654932,0.001221671007740315,0.001054253976447147,4.112143464050634e-05,4.709920296699188e-05,4.18545220792269e-05
1149.0,0.3292609694890999,0.006173254357174164,0.001219955595519548,0.00105425447798161,4.113955038909177e-05,4.717118012542626e-05,4.192111781525842e-05
1150.0,0.3299413950940916,0.006948532379603677,0.001221832078625143,0.001054264485279939,4.114380890170945e-05,4.723807466413921e-05,4.19790483303147e-05
1151.0,0.3309249377088734,0.00648336032044241,0.001221672542677181,0.001054288186722628,4.116382897984068e-05,4.730601452232038e-05,4.202772971034451e-05
1152.0,0.3315171282260877,0.006417217005739856,0.001222840708253307,0.001054348693728801,4.119086788791591e-05,4.738439247208266e-05,4.207652140471734e-05
1153.0,0.332051466954296,0.006384327073291492,0.001221266578086382,0.001054414413366454,4.119418629189138e-05,4.744426202804798e-05,4.21251297093396e-05
1154.0,0.3328111491426137,0.005856367139773669,0.00122209565344742,0.001054482306724859,4.120572888329857e-05,4.750051919507516e-05,4.217398409433469e-05
1155.0,0.3333737951097706,0.006064983925296686,0.001222839255890249,0.001054536605701128,4.121775457726408e-05,4.756310979299744e-05,4.22323315938057e-05
1156.0,0.3338470248605973,0.006281100928448541,0.00122365162023308,0.001054535424710216,4.120973854524757e-05,4.762780046618641e-05,4.229450570702493e-05
1157.0,0.3343648166647529,0.005811484298865378,0.00122402464280077,0.001054525637968697,4.12168806415654e-05,4.768778599189286e-05,4.236995197617444e-05
1158.0,0.3350857354588634,0.00564127601170646,0.001223758853578371,0.001054513596743316,4.122607240080515e-05,4.775567860748314e-05,4.241722554147774e-05
1159.0,0.3355105934727849,0.006828065819611069,0.001226879361557346,0.001054506169986634,4.123555610342363e-05,4.782787742261843e-05,4.246997270000336e-05
1160.0,0.3360749596453215,0.006507124546662153,0.001228065885550592,0.001054503185438032,4.125783395457356e-05,4.790391947743904e-05,4.253625985841288e-05
1161.0,0.3371486749686621,0.006091106267899174,0.001230531298471614,0.001054463896375846,4.126984503739041e-05,4.796866989923237e-05,4.258999116609773e-05
1162.0,0.3377314143585481,0.006310313841802919,0.001231365644097313,0.001054495429930793,4.128884461370834e-05,4.804364663077958e-05,4.266637052390769e-05
1163.0,0.3384509085498322,0.006025103383420792,0.001230956712850461,0.001054508098724326,4.129713701471181e-05,4.810358247625054e-05,4.273978298889379e-05
1164.0,0.3390508043049783,0.006796452769739433,0.001233796047473641,0.001054494504425196,4.132117421771749e-05,4.817698784452942e-05,4.280922169480963e-05
1165.0,0.3399337955242178,0.006587075710209928,0.001233570485769362,0.001054514012875004,4.133860523022785e-05,4.824577504937892e-05,4.28762130059843e-05
1166.0,0.3406926326384057,0.006820148356114033,0.001240163086193011,0.001054544941139257,4.136115902806173e-05,4.831678534672949e-05,4.293763339336135e-05
1167.0,0.3413940279206769,0.005965483637986559,0.001237590739915938,0.001054566649610493,4.13880921041407e-05,4.839885339163043e-05,4.301472917866883e-05
1168.0,0.3421250455208688,0.006821019748791441,0.001243932219863242,0.001054620254411264,4.142327044854757e-05,4.847836347616584e-05,4.308237536935729e-05
1169.0,0.3428158928298428,0.005433175503741532,0.001241824737990785,0.001054737839091049,4.1472922852196e-05,4.855924120560983e-05,4.314141577255794e-05
1170.0,0.3431218321339364,0.005219061769827667,0.001243202375333586,0.001055005945563108,4.148384835376892e-05,4.861650647468088e-05,4.319547875530262e-05
1171.0,0.3438403811206874,0.007154952470771241,0.001249798792732225,0.001055279195602355,4.151700643760011e-05,4.86873295812684e-05,4.326694114364381e-05
1172.0,0.3443132106998705,0.00653097142435695,0.001252162169682211,0.001055624224286824,4.154810540058814e-05,4.874944673869998e-05,4.333879812019698e-05
1173.0,0.3448884094312879,0.005837537362469289,0.001252968933825416,0.001056004609173165,4.159123716454379e-05,4.880975682120057e-05,4.339528968433152e-05
1174.0,0.3457434876602418,0.005807262998426,0.00125602030071234,0.001056464630798549,4.163213106878941e-05,4.887602623665884e-05,4.344713462343614e-05
1175.0,0.3461460637959073,0.006130423365741816,0.001258359394144875,0.001056942314543614,4.1682927119074e-05,4.892956311797381e-05,4.350842808923428e-05
1176.0,0.3465388605610328,0.005981507661319979,0.001261265255376751,0.001057478223072735,4.171271489444525e-05,4.898980047113859e-05,4.35591117171635e-05
1177.0,0.3469730157261504,0.00642540659425061,0.001265780404011814,0.001058094035015987,4.17574871104813e-05,4.905517137998514e-05,4.360682131979999e-05
1178.0,0.3470908850376503,0.007008001142210693,0.00126996185572548,0.00105871061136265,4.180072562772892e-05,4.911338160592697e-05,4.365547271078259e-05
1179.0,0.3476322111292846,0.006821233014776472,0.001273419400260022,0.001059379729248029,4.184422397839376e-05,4.91696115245588e-05,4.369285817259014e-05
1180.0,0.3481793445490971,0.006593041291523838,0.00127580290410742,0.001060083520647296,4.188258713814557e-05,4.923846911136587e-05,4.373355212667359e-05
1181.0,0.3486783980881429,0.005768740788913355,0.00127659655525738,0.001060804560503916,4.191108276586755e-05,4.928498833258154e-05,4.37726492310588e-05
1182.0,0.3491804380784613,0.005867052967725751,0.00127902854545757,0.001061550889354838,4.196054159513143e-05,4.932999538904272e-05,4.379880127374656e-05
1183.0,0.3496779586352978,0.005888136400239575,0.001281258018941433,0.001062355035226942,4.20110450027176e-05,4.938103114648518e-05,4.381648006062528e-05
1184.0,0.3499586462675063,0.00609515385029631,0.001285315984152241,0.001063164806036344,4.20654745069618e-05,4.94207914145551e-05,4.384180762503854e-05
1185.0,0.3504249228689357,0.006729272894753487,0.001289965754917517,0.001063977678305407,4.211745695159913e-05,4.948150337555485e-05,4.385967411673127e-05
1186.0,0.3506578334242926,0.006179980358556788,0.001290457081222303,0.001064836822096746,4.21792421083963e-05,4.954506410770329e-05,4.386310453060524e-05
1187.0,0.3512116849412302,0.007973338735355094,0.00129782953408042,0.001065677960278744,4.224419144359826e-05,4.961671597192705e-05,4.385492057974861e-05
1188.0,0.3514222358801714,0.007456483078612355,0.001298929363582775,0.001066566121984923,4.230057488690917e-05,4.968128385111301e-05,4.385670526206264e-05
1189.0,0.3516181413355081,0.007100807258178788,0.001301103630015308,0.001067452956603586,4.234389939623814e-05,4.975034927679756e-05,4.385270113254991e-05
1190.0,0.3519733112569219,0.0065395480228333,0.001303082430490312,0.001068311058413148,4.240841339644721e-05,4.981655623865905e-05,4.384633778216136e-05
1191.0,0.3522415326668517,0.005910396398001264,0.001302496554565899,0.001069168560039457,4.246942814648013e-05,4.987613868990608e-05,4.382939475959619e-05
1192.0,0.3525249389923784,0.008334271624364476,0.001307997844820615,0.001069999382574096,4.25223632362458e-05,4.992850989860527e-05,4.382152851733088e-05
1193.0,0.3528577765614305,0.006801278039101763,0.001308605256495843,0.001070838542016286,4.26006551339298e-05,4.99961188586132e-05,4.380250892818697e-05
1194.0,0.3528654759316991,0.007385791569510103,0.001310838319704159,0.001071686001593648,4.265396417408311e-05,5.006273268910592e-05,4.378715829710288e-05
1195.0,0.3531791874928525,0.006603733218873655,0.001313574304484727,0.001072516119208805,4.270646605941081e-05,5.012828436494131e-05,4.376839827536041e-05
1196.0,0.3532619940272234,0.005955197481836938,0.001313834602160105,0.001073296928088173,4.276938237775613e-05,5.019481194522734e-05,4.374945311745054e-05
1197.0,0.3533181618907111,0.006259075146168821,0.001319280170614151,0.001074048833678227,4.282749997739223e-05,5.026024460532428e-05,4.370636158137478e-05
1198.0,0.3533023182112487,0.00571727746600567,0.001321204683516411,0.001074833125666859,4.291351336947086e-05,5.033133985120115e-05,4.366848506365994e-05
1199.0,0.3531667998689664,0.006160445962691062,0.001322964641886629,0.001075584687122688,4.298113284565905e-05,5.04025048040524e-05,4.364225169589426e-05
1200.0,0.3530871893064731,0.006318451067660775,0.001325906045209503,0.001076415477024385,4.305357892478813e-05,5.046780450336662e-05,4.362324473637696e-05
1201.0,0.3528951676936002,0.009368071022851558,0.001333228057250647,0.001077186697103983,4.314028856631545e-05,5.053929948198158e-05,4.359970437886977e-05
1202.0,0.3530540325120912,0.008288001076675109,0.001337293561198499,0.001077977415245252,4.322718927271998e-05,5.060986418665974e-05,4.358698708035705e-05
1203.0,0.3530384300159954,0.007364508374648318,0.001337628331973875,0.001078782771140539,4.330726171868916e-05,5.067333211955328e-05,4.356326258110842e-05
1204.0,0.3531289243891179,0.006506133669228293,0.001335929703764871,0.001079515313384163,4.338543968416308e-05,5.073390839566534e-05,4.353921243191827e-05
1205.0,0.3530848650414125,0.006301695261611095,0.001337076825726268,0.001080315511676791,4.344665558981337e-05,5.078353400400023e-05,4.351420427321295e-05
1206.0,0.3531229569279593,0.005957460461882196,0.001337177606624707,0.0010810984650893,4.350350406771027e-05,5.083781237047777e-05,4.350325409708756e-05
1207.0,0.352968618097007,0.006249803102994524,0.001338439954010892,0.001081813591497638,4.356529980332081e-05,5.089504915561772e-05,4.351293522566018e-05
1208.0,0.3528565194835569,0.006136789468541732,0.001339290204404727,0.001082498660418208,4.364126235118895e-05,5.095241643775769e-05,4.351734160017908e-05
1209.0,0.352432686732547,0.005320320444000163,0.00133761450490857,0.001083215545582532,4.368960934799492e-05,5.099285472957361e-05,4.349158583966987e-05
1210.0,0.3523386359252582,0.005561002934691825,0.001337398431951543,0.00108391475898771,4.373280689368039e-05,5.102596225176284e-05,4.348824426378056e-05
1211.0,0.3520705991747746,0.005759127247773219,0.001339864297645041,0.001084694453687122,4.377506256863304e-05,5.106592690652033e-05,4.347487746515084e-05
1212.0,0.3516580735974634,0.006457100820700173,0.001341294099474639,0.001085467134976008,4.383610874004536e-05,5.109856250160238e-05,4.346227799600965e-05
1213.0,0.3517018233952989,0.007155337460055287,0.001344925065804327,0.001086265037159533,4.388721858389003e-05,5.11282517322681e-05,4.343402255989818e-05
1214.0,0.3514366558387949,0.007844763748548115,0.001349026574588875,0.00108706404026532,4.396507562879523e-05,5.115423555532316e-05,4.342490102780472e-05
1215.0,0.3515219200659401,0.007488867904710777,0.001347748600906189,0.001087894090368903,4.402022300167502e-05,5.119928878729783e-05,4.34175881321661e-05
1216.0,0.3511982924786484,0.006707744881030504,0.001347107094595653,0.001088774665574248,4.405492756247097e-05,5.123097775204353e-05,4.342611058090795e-05
1217.0,0.3508275438999471,0.005742677091039067,0.001343728452705788,0.001089734639721353,4.408628691598729e-05,5.124959029494953e-05,4.341874209703814e-05
1218.0,0.3508678029639192,0.005786354927502297,0.001343843411478707,0.001090725490174968,4.411784770235463e-05,5.127634987915564e-05,4.342607903943198e-05
1219.0,0.3507436634983634,0.005739541469122702,0.001343621774895383,0.001091729954417922,4.415071337205083e-05,5.130625974373181e-05,4.342980587278697e-05
1220.0,0.3507997122970575,0.00577922996711061,0.001343523371630767,0.001092765599197746,4.418315350891653e-05,5.133244279856058e-05,4.342642877093771e-05
1221.0,0.3508519417209021,0.0059228091091863,0.001343837823860813,0.001093886950387903,4.421470270284394e-05,5.134942090346825e-05,4.342326802388475e-05
1222.0,0.3510994685129784,0.005493525359820214,0.001342077219344905,0.001095040679352417,4.426976092960099e-05,5.13688743555581e-05,4.342149084642313e-05
1223.0,0.3510125803184429,0.00592450609938049,0.001342741228650976,0.001096227202257408,4.431890721842078e-05,5.138298009235131e-05,4.342126811545471e-05
1224.0,0.3511770435251317,0.005306952587019202,0.001339347714176285,0.001097539590462227,4.437090459930078e-05,5.140717583616462e-05,4.34228334950681e-05
1225.0,0.3515694405719197,0.006330942465783088,0.001342864842881121,0.00109890584984306,4.440447315773676e-05,5.142884306259112e-05,4.341724757382245e-05
1226.0,0.3520553773099836,0.005820425568194855,0.001340766157733115,0.001100354923989272,4.444392966407621e-05,5.145760378986194e-05,4.344362252887557e-05
1227.0,0.3524095914206222,0.005393812322440895,0.00133604889516965,0.001101877202147225,4.44931967563877e-05,5.148740693973208e-05,4.344166017793179e-05
1228.0,0.3527755844229158,0.005137688638293578,0.001334801512865023,0.00110349853430312,4.453807847819631e-05,5.151327819200469e-05,4.342406956873925e-05
1229.0,0.3526671133172793,0.005070694982989019,0.00133306126723249,0.001105126994667329,4.45748754250064e-05,5.152436258876614e-05,4.341119854618871e-05
1230.0,0.3525435435278528,0.004900403089532152,0.001330650525997808,0.001106853998685628,4.462067202266922e-05,5.154681125421705e-05,4.340808569300939e-05
1231.0,0.3527681840877936,0.004512141078998555,0.001327195195140061,0.001108674976648761,4.466979094671326e-05,5.156320775236415e-05,4.340056803510345e-05
1232.0,0.3532134173709173,0.005192036644242571,0.001326707049369339,0.001110510616649542,4.470560227967328e-05,5.15764024432945e-05,4.338004880498864e-05
1233.0,0.3535040039748414,0.004912385438585494,0.001323633373276095,0.001112407846024202,4.475474252976997e-05,5.15874908554411e-05,4.33735294920933e-05
1234.0,0.353663037180428,0.005099768129308143,0.001322114746064625,0.001114373758574551,4.479840292199782e-05,5.158329847455446e-05,4.335039244118627e-05
1235.0,0.3538091229875355,0.005262811445819499,0.00131930604107583,0.001116359831354938,4.484603245702899e-05,5.159327219826114e-05,4.333010819687046e-05
1236.0,0.354182252850861,0.005403206237607609,0.001318161079433208,0.001118326407992114,4.491393662253807e-05,5.16121698511569e-05,4.330755590284693e-05
1237.0,0.3542936890026971,0.004853725306710445,0.001313193456878566,0.001120296280979053,4.49738851781683e-05,5.163048569572564e-05,4.326735101799126e-05
1238.0,0.3544918553777315,0.005346380071392431,0.001311541277000712,0.00112228065624347,4.501924085907664e-05,5.164802091519369e-05,4.324383845104697e-05
1239.0,0.3545585982605816,0.005297045236024559,0.001308233205837876,0.001124294550060472,4.507150928671938e-05,5.166438455846179e-05,4.321776280466163e-05
1240.0,0.3545370544287711,0.005408354847849791,0.001305722749698678,0.001126343111626953,4.511214679191827e-05,5.167558302734162e-05,4.319806717028017e-05
1241.0,0.3546928942219339,0.005081222445137511,0.001301962212932573,0.001128387242195777,4.515747284118613e-05,5.168097335854418e-05,4.317699935185793e-05
1242.0,0.3546991694602729,0.004595224963898276,0.001296256450070444,0.001130306517026097,4.520248615810857e-05,5.169488535526447e-05,4.316781268361318e-05
1243.0,0.3550165235582365,0.005296581200147338,0.001294612092235418,0.001132138680163917,4.525169003948376e-05,5.170218392931315e-05,4.316056438382413e-05
1244.0,0.3555413336852153,0.005537254291703445,0.001291239394368747,0.00113390979596891,4.530537917042639e-05,5.171927466396128e-05,4.316046378138768e-05
1245.0,0.356071182691015,0.005314245892649873,0.001288015502671777,0.001135722982037614,4.536460133823906e-05,5.172952124461919e-05,4.314202646527823e-05
1246.0,0.3564915487640434,0.005998645590664982,0.001287169865890623,0.001137503438331977,4.543127730510338e-05,5.17561457690119e-05,4.311004635459692e-05
1247.0,0.3568146050825978,0.005260678543674774,0.001283589906105678,0.001139376586395321,4.547031879221747e-05,5.177709552531672e-05,4.309511926201352e-05
1248.0,0.3569561221059493,0.005480965626651551,0.001279456343052289,0.001141245780563031,4.551219060323219e-05,5.178620314979771e-05,4.306592570556246e-05
1249.0,0.3571675835699798,0.004872586685219935,0.001274920386366748,0.001142983054597556,4.556026621287908e-05,5.179838808412172e-05,4.304823484570842e-05
1250.0,0.3572517530150928,0.00504961910372965,0.001272213388603493,0.001144695838324069,4.56022903139085e-05,5.182463639189281e-05,4.305324267958588e-05
1251.0,0.3575703797909658,0.004608592863359024,0.001269342639132157,0.001146350347602848,4.564472127010016e-05,5.183815912464125e-05,4.30475517811537e-05
1252.0,0.3581669633831013,0.005249031832456655,0.001268328111688834,0.001147948440039653,4.569627734269323e-05,5.184991228032846e-05,4.305026267030558e-05
1253.0,0.3584914575808358,0.005635883449295485,0.001265605064514102,0.001149416925532126,4.575474624032464e-05,5.187393454877666e-05,4.307193188922515e-05
1254.0,0.3589327061800698,0.005559510997963008,0.001264641425315878,0.001150896795646017,4.580207738326958e-05,5.188324140990263e-05,4.308048072929834e-05
1255.0,0.3592843270716153,0.004692298337326515,0.001259113375343745,0.00115227348568596,4.58639397831229e-05,5.189946168616087e-05,4.309946672636069e-05
1256.0,0.359937327903149,0.004652973674400377,0.001255997242556272,0.001153595490102304,4.591065211134832e-05,5.191505767524928e-05,4.312889723480349e-05
1257.0,0.3606005555918058,0.005362215989790424,0.001255177071094572,0.001154983868674207,4.596625602188338e-05,5.192457180757867e-05,4.315868561643432e-05
1258.0,0.3610960349676978,0.007480074240018867,0.001259678856967898,0.00115622500849775,4.602316699942065e-05,5.194903090631656e-05,4.317828001219655e-05
1259.0,0.3617600426975346,0.007011790282174996,0.001260013671090407,0.001157273390882926,4.608604644475203e-05,5.199226705040374e-05,4.322084993599945e-05
1260.0,0.3621857999149276,0.005688744549335144,0.001256528945881234,0.001158257059675383,4.614519666776923e-05,5.203894620230582e-05,4.323495621008265e-05
1261.0,0.362476481029822,0.0061430235346757,0.001254445556805739,0.001159117518241041,4.619939554173213e-05,5.208328324505631e-05,4.326487668327084e-05
1262.0,0.3629199215485988,0.00597784527514907,0.001255933635813596,0.001159796051806117,4.627015094007956e-05,5.212930208930963e-05,4.330884431234742e-05
1263.0,0.3629758165988209,0.005313512219695951,0.001252957290774966,0.001160536318276118,4.634039187388137e-05,5.217952383222938e-05,4.337367772554728e-05
1264.0,0.3635201435251081,0.006012116007093875,0.001254269081807875,0.001161126472238218,4.64037792481785e-05,5.221690934151747e-05,4.340653062026504e-05
1265.0,0.3637876080610817,0.005152998390365408,0.001252124148851886,0.001161551291006991,4.645893431860539e-05,5.227537385624839e-05,4.345983275205692e-05
1266.0,0.3639652411679746,0.00551486023218424,0.00125239021351698,0.001161961278518556,4.651542331616939e-05,5.232763279707859e-05,4.34998526486581e-05
1267.0,0.3644777483422544,0.005450903041120178,0.001253120920912433,0.001162331560774887,4.658260153458236e-05,5.23888901373722e-05,4.354982668148413e-05
1268.0,0.3647558822555089,0.005011867566127087,0.00125386325498931,0.001162538972910279,4.664846303846494e-05,5.245408727493212e-05,4.360655726532457e-05
1269.0,0.365189420133999,0.005865489964563235,0.001256979491287094,0.001162742213391878,4.672503282681577e-05,5.251724543292115e-05,4.365068463485588e-05
1270.0,0.3655357938318808,0.006093712995759646,0.001262926406664037,0.001162851451731733,4.679466739204741e-05,5.257762089837459e-05,4.369653697735752e-05
1271.0,0.3662079361500664,0.005564555868456176,0.001261934741902933,0.001162885305551565,4.686975562493473e-05,5.265399081996683e-05,4.376643241193619e-05
1272.0,0.3663319839810548,0.005640424126173649,0.001265377986789002,0.001162947434808893,4.692994297110379e-05,5.273590952268587e-05,4.384305267614255e-05
1273.0,0.3666517222795744,0.006177048781929796,0.001271657778495244,0.001162986981636312,4.699328359064615e-05,5.280770113414122e-05,4.392129895093066e-05
1274.0,0.367110444847095,0.005392498704836254,0.001271802396737514,0.001162965728379829,4.70632666463968e-05,5.287943250220446e-05,4.40100161727888e-05
1275.0,0.3673390849959059,0.004783949396840915,0.001273575771441275,0.001162870762185281,4.711614275840808e-05,5.296293286612248e-05,4.406361428289179e-05
1276.0,0.3675644061560561,0.005616043499256269,0.00128065488168898,0.001162695308758086,4.715967514408419e-05,5.304796923172988e-05,4.412016097577213e-05
1277.0,0.3682111984467212,0.008091048467834615,0.001288794764492358,0.001162448477983044,4.721353859786928e-05,5.313666309284323e-05,4.421100646629441e-05
1278.0,0.369145170594699,0.007699510431515726,0.001294917504731768,0.001162208322703729,4.726162049340638e-05,5.32188644744903e-05,4.431084576228629e-05
1279.0,0.369659250108173,0.007246832655006432,0.001300660454380807,0.001161866759024295,4.730368103373259e-05,5.330790690181749e-05,4.441124367061649e-05
1280.0,0.3696714302904925,0.006470651949225512,0.001308394803946486,0.001161376110086888,4.733973377083759e-05,5.341214440617726e-05,4.451396138360747e-05
1281.0,0.3697722220330165,0.005690909471353632,0.001312289723546773,0.001160781781786251,4.737806224452401e-05,5.35036490685288e-05,4.461701740353743e-05
1282.0,0.3698861389500994,0.006190565317060933,0.001320741255857672,0.001160155915675009,4.740200145567626e-05,5.36063177718651e-05,4.472842377937279e-05
1283.0,0.3699299443542913,0.00685144932700989,0.001330638356482558,0.001159448075196366,4.740890567025111e-05,5.371935016487746e-05,4.484419443988918e-05
1284.0,0.3701734142006481,0.006150991009801834,0.0013377801747496,0.001158711331508245,4.741537619111991e-05,5.383306979923076e-05,4.497508427202254e-05
1285.0,0.3707058850421974,0.005798919864118399,0.001345328726988059,0.001157980894685771,4.742840279830294e-05,5.39531717242612e-05,4.51084392253482e-05
1286.0,0.3711996483801111,0.006067174476429034,0.001354816638002559,0.001157256546859942,4.742926610654216e-05,5.409124826204525e-05,4.522386385562428e-05
1287.0,0.3713890785337203,0.005986130540005342,0.001365702525449299,0.001156601869724672,4.743656935032065e-05,5.4218711655156e-05,4.534871932360007e-05
1288.0,0.3719817887785474,0.005436143166825022,0.001372690763408839,0.001155798646910513,4.744557230696642e-05,5.435452988502858e-05,4.547627771925702e-05
1289.0,0.3725344426620851,0.005700192064522504,0.001383135581903396,0.001154851495654771,4.74360012308556e-05,5.449911990570832e-05,4.56014167929586e-05
1290.0,0.3732152243090982,0.006421142800124425,0.001396744386873048,0.001153873195557788,4.743179274919778e-05,5.464103507570404e-05,4.572684343986096e-05
1291.0,0.3737986749529951,0.006365396880693816,0.001408722981980784,0.001152826016762753,4.741603059959189e-05,5.47961113614059e-05,4.584303208868524e-05
1292.0,0.3741844877576745,0.007071089520475412,0.001421062411540782,0.001151780625214392,4.739807035268174e-05,5.495368512531629e-05,4.596953472983149e-05
1293.0,0.3746704469235666,0.005996956276998666,0.001431139621414984,0.001150781525755044,4.737793113273726e-05,5.511629339605875e-05,4.609615666935745e-05
1294.0,0.3748078348966802,0.005819168696037995,0.001441460909480288,0.001149805968680383,4.735695452174086e-05,5.528211238766188e-05,4.62207582540554e-05
1295.0,0.3747367452853329,0.006587095127923217,0.001455185477644613,0.001148846268456222,4.732964088728829e-05,5.54368403057021e-05,4.635414911052634e-05
1296.0,0.3750142626214551,0.007252529881012364,0.00146943041226947,0.001147858385190103,4.73048260992434e-05,5.559839545770117e-05,4.647375080993561e-05
1297.0,0.375323783740993,0.006611521513360905,0.001480609956270975,0.001146918190710726,4.729005426711095e-05,5.576242809807592e-05,4.660470243462319e-05
1298.0,0.3758564047352252,0.006660782784339544,0.001493223445621581,0.001145892288195757,4.727251520266471e-05,5.593628207506977e-05,4.672202803658096e-05
1299.0,0.3759315556028603,0.006086778080733157,0.001503352940209055,0.001144904604709678,4.723527874436459e-05,5.610933601553122e-05,4.683852588518948e-05
1300.0,0.3759230986433955,0.006844926094310677,0.001519569733186635,0.001143961742196779,4.72011791073148e-05,5.626011962836679e-05,4.695250690397903e-05
1301.0,0.3764503631423662,0.006752373801834462,0.001530951891844239,0.001143054074539537,4.71744227893209e-05,5.642672426284106e-05,4.707349691723027e-05
1302.0,0.3769299434205082,0.007270071642100226,0.0015434770672933,0.001142218500850949,4.713242595819573e-05,5.658689402330739e-05,4.719254374595368e-05
1303.0,0.3770145427175551,0.006541322878212192,0.001554738276874186,0.001141419228065385,4.709507747876622e-05,5.673643470344358e-05,4.731346888982449e-05
1304.0,0.3771753896827264,0.007062068971529354,0.001567235679789347,0.001140740903665077,4.706332144078388e-05,5.688802390050699e-05,4.740975340190293e-05
1305.0,0.3773818524024224,0.007116987239385252,0.001581599441887563,0.001140104243139053,4.70219364523708e-05,5.702688252158622e-05,4.751460969761551e-05
1306.0,0.3782081777582861,0.008450104409828182,0.001595785155944829,0.001139409658245227,4.699774645665138e-05,5.717734842533245e-05,4.760667728144412e-05
1307.0,0.3784307387700319,0.007290451378190305,0.001603584876990419,0.001138743259984872,4.696258862856504e-05,5.731485007349407e-05,4.770878960068916e-05
1308.0,0.3786452465254386,0.007733317859506823,0.00161720547449013,0.001138092514692065,4.692140447971842e-05,5.746126622954862e-05,4.778981929350192e-05
1309.0,0.3786569687279491,0.006913495533972933,0.00162790063011682,0.001137624033341748,4.688496848300125e-05,5.759232699046401e-05,4.787445207380222e-05
1310.0,0.378987713110751,0.007541474797289523,0.001640998395261271,0.001137210376832121,4.684941203566366e-05,5.77238578973557e-05,4.794944883293495e-05
1311.0,0.379009737529286,0.007076792008747248,0.001648463039221633,0.001136865521644165,4.680973488981265e-05,5.784930263835462e-05,4.802148905850091e-05
1312.0,0.3793297268849523,0.007678420960069096,0.001662055296274761,0.001136612702014618,4.676901874753389e-05,5.797386310866955e-05,4.808082672484145e-05
1313.0,0.3794586692549939,0.008072974771402936,0.001674617195129969,0.001136415113937053,4.673879503187292e-05,5.808854318907672e-05,4.815236398238232e-05
1314.0,0.3794534079535329,0.007807888670658489,0.001683586273051026,0.001136343440355264,4.673323852123662e-05,5.818634035760657e-05,4.820826494668721e-05
1315.0,0.3795534420959937,0.007181894014962518,0.00169298706784419,0.001136439082720419,4.670695588069585e-05,5.828754740353169e-05,4.825024613150739e-05
1316.0,0.3794992626187058,0.007125040461581062,0.001703754608097672,0.001136615340133566,4.667799720221992e-05,5.840369477009636e-05,4.828705353131796e-05
1317.0,0.3796345564308312,0.008882354065420952,0.001716815351083754,0.001136856344616317,4.665123706800596e-05,5.850994164370784e-05,4.83407557259209e-05
1318.0,0.3798416751070435,0.00727795607959252,0.001723116597912919,0.001137146231234992,4.663269716879526e-05,5.861336253235191e-05,4.838955749318511e-05
1319.0,0.3794114047656296,0.007558626688970721,0.001735456114332056,0.001137502786526495,4.660897628372151e-05,5.869668809182785e-05,4.841299055899536e-05
1320.0,0.3792985499228344,0.006964943507155086,0.001742863500420737,0.00113792261566863,4.660103393542414e-05,5.877502358115927e-05,4.842950587879588e-05
1321.0,0.3791620866620167,0.007694126710927771,0.001752266417399414,0.001138388430425543,4.658637468371475e-05,5.884971806840152e-05,4.844506590072614e-05
1322.0,0.3788865775001682,0.008478623062276163,0.001762652989688495,0.001138919511340156,4.657835308492919e-05,5.892520528362333e-05,4.845345923507604e-05
1323.0,0.3786551129924952,0.008173211286306227,0.00177219267989604,0.001139459799464141,4.659193667525829e-05,5.901397139132916e-05,4.846103977517597e-05
1324.0,0.3784163398175142,0.007068007536286325,0.001776778198600872,0.00114006169865885,4.661330826520805e-05,5.907795244729146e-05,4.846138115304568e-05
1325.0,0.3781146745852947,0.007291287696047339,0.001784422301994033,0.001140771168298847,4.663919031571615e-05,5.912953433588379e-05,4.846487859577217e-05
1326.0,0.3779160904806787,0.007131531934822318,0.001795053989819709,0.001141519342687454,4.667265915165304e-05,5.9179890590119e-05,4.845637756560846e-05
1327.0,0.3777633855701973,0.006840386841296975,0.001799450433258155,0.001142260764333453,4.669858663948542e-05,5.921551309850388e-05,4.844794729365895e-05
1328.0,0.3777647840682328,0.007642284649558799,0.001809991867266987,0.001143018842309558,4.674468204213077e-05,5.924513981388743e-05,4.843385074136892e-05
1329.0,0.3775940441486966,0.007806791646143631,0.001816905702291181,0.001143829987977979,4.679657557656267e-05,5.927018654082725e-05,4.842231275779592e-05
1330.0,0.3775337981150849,0.007624465320581731,0.001824507122404044,0.001144622199424111,4.684466169570003e-05,5.928510107040714e-05,4.840985005259873e-05
1331.0,0.3770819590060958,0.00775755236818479,0.00183014089783971,0.001145339878061294,4.689847590481963e-05,5.928015812913733e-05,4.842111158544489e-05
1332.0,0.3766944664031762,0.006977058059215488,0.001835665134114444,0.001146022948107805,4.695309697387828e-05,5.927308629585718e-05,4.842244794657944e-05
1333.0,0.3763612315566474,0.007592385367935652,0.001841658176064884,0.001146664822615163,4.701965202440844e-05,5.925255378461903e-05,4.842078747143423e-05
1334.0,0.3761006092709849,0.006779314062697188,0.001843701094232632,0.001147228196064514,4.707603204125052e-05,5.924401091013874e-05,4.842147769101691e-05
1335.0,0.3761370690465617,0.006698729727024713,0.001850729640211686,0.001147809235420443,4.714618190575003e-05,5.922701625702327e-05,4.841454925999281e-05
1336.0,0.3759739729121438,0.0069867474715708,0.001855050076504724,0.001148345052562742,4.722935385395545e-05,5.918897766495713e-05,4.842679839125625e-05
1337.0,0.3758758601461938,0.00827241605360733,0.001862205392967897,0.001148798638968937,4.732807212003374e-05,5.913931622045512e-05,4.844214580236689e-05
1338.0,0.3753839196550615,0.008810534523236437,0.00186577512067955,0.001149241561262892,4.741089616194673e-05,5.910061277639285e-05,4.843748292942863e-05
1339.0,0.3751998344227946,0.0077285751954749,0.001870133990439516,0.001149608789808168,4.749730924062857e-05,5.906649142491792e-05,4.842346147530618e-05
1340.0,0.3749584579272877,0.00784172526745093,0.001873808745494493,0.001149923307835881,4.758436466172313e-05,5.901535132217875e-05,4.842025678918713e-05
1341.0,0.3746015053434599,0.007673488710140812,0.001877731965745221,0.001150184182174484,4.768018861028704e-05,5.898877282482281e-05,4.842018227104457e-05
1342.0,0.3744790381917042,0.007195568529076605,0.001879060115397984,0.001150403240477553,4.777820574777169e-05,5.89480339759713e-05,4.841835244029115e-05
1343.0,0.3747136378936966,0.006883461778002876,0.001881912072819224,0.001150471494900128,4.789545709758937e-05,5.889609836367805e-05,4.842115518648228e-05
1344.0,0.3748032750095581,0.006412453051737522,0.001883695319541903,0.001150474658693241,4.80044259830525e-05,5.885994886563957e-05,4.842675919664481e-05
1345.0,0.3748556458287703,0.007395735248869813,0.001888672674273712,0.001150439532308849,4.811839767539573e-05,5.880138765299759e-05,4.84256153386797e-05
1346.0,0.3748108536112487,0.008129752466215601,0.001892903578657503,0.00115038538014097,4.820739396708639e-05,5.875383758469661e-05,4.842205399023733e-05
1347.0,0.374719961216995,0.006909155711102641,0.00189159929763191,0.00115024933710755,4.830289012450919e-05,5.871503722654291e-05,4.840180485504213e-05
1348.0,0.3748028701009469,0.0068749679784084,0.001894861180623713,0.001150023478550502,4.839919386494974e-05,5.866731323731442e-05,4.838098439462984e-05
1349.0,0.3746636039339926,0.00684154410679795,0.001899904881440695,0.001149822407438576,4.850531343848595e-05,5.862994341990727e-05,4.835154735326757e-05
1350.0,0.3747077794274112,0.006583359643947453,0.001896909140282127,0.001149590279156629,4.861862356284302e-05,5.857414217689561e-05,4.833540181184893e-05
1351.0,0.3744417091052231,0.006524137878164564,0.001899486311232488,0.001149318058514847,4.873933878955293e-05,5.851756552554491e-05,4.831240732197868e-05
1352.0,0.3744971505914945,0.01004858990879422,0.00190667116567692,0.001149015501179369,4.885507753543518e-05,5.846625215845712e-05,4.82675345114871e-05
1353.0,0.3747385987861511,0.008874216764231498,0.001905157479325963,0.001148711003807532,4.897374503864458e-05,5.841808996997987e-05,4.822956665778672e-05
1354.0,0.3748952538826015,0.01047481430082185,0.001910969422558818,0.001148434319175569,4.909389591249079e-05,5.834781477313441e-05,4.81923799218244e-05
1355.0,0.3747187961047154,0.007898369132204106,0.001911288076012009,0.001148117469144241,4.9194783502803e-05,5.829654430972286e-05,4.813213646288049e-05
1356.0,0.3750075571214688,0.008804739953951648,0.001915734474829802,0.001147763052324231,4.931201539311717e-05,5.823767040780471e-05,4.808690184642864e-05
1357.0,0.3747408191853186,0.007417647416375273,0.001909398460114274,0.001147331806212377,4.943523316060237e-05,5.817214584128013e-05,4.80362209368527e-05
1358.0,0.3745954896395407,0.00808364743432408,0.001912123400923864,0.001146922479946797,4.956216483783149e-05,5.809827457108578e-05,4.798807890965765e-05
1359.0,0.3745370739769199,0.006984311455282928,0.001909569884704542,0.001146512587532179,4.967140231946312e-05,5.803853817814168e-05,4.793158589557614e-05
1360.0,0.3745471829456464,0.007557732437053318,0.001910488945545455,0.001146127419033155,4.978548286554368e-05,5.796483752026175e-05,4.787154970081205e-05
1361.0,0.3744682317801521,0.006885360402840735,0.001908997692504989,0.001145706578624514,4.988633998597477e-05,5.790743586376644e-05,4.780591727804136e-05
1362.0,0.3747913316492834,0.006863715115717272,0.001906316354579383,0.001145208428462478,4.99925150018674e-05,5.784881621257582e-05,4.775789396485156e-05
1363.0,0.3750321121369224,0.007594979322621831,0.00190594807813302,0.001144637746047086,5.008956002228546e-05,5.780083378789995e-05,4.768694980458485e-05
1364.0,0.3751335432858607,0.00775759726910934,0.001908429873880912,0.001144106993010206,5.01834162187968e-05,5.77414796518251e-05,4.761881380016571e-05
1365.0,0.375243380405511,0.006547228388350275,0.001902128858683582,0.001143593316140368,5.028857072882418e-05,5.769415472133828e-05,4.754700832329568e-05
1366.0,0.3751573736540574,0.006871658348725529,0.001901250353955714,0.001143050442672966,5.037765812926659e-05,5.763902402834747e-05,4.746996544980916e-05
1367.0,0.3750039002654504,0.006490103012682489,0.001898629538227872,0.001142511157192828,5.046521971712188e-05,5.758776289750144e-05,4.738785012558349e-05
1368.0,0.374909131610093,0.008779319640092193,0.00190053008784433,0.001142025972532849,5.054632563611658e-05,5.753493000040084e-05,4.72969681244878e-05
1369.0,0.3748775080643847,0.007670504961444076,0.001893933141890842,0.00114150311513411,5.0614219741888e-05,5.749712009308681e-05,4.721202992485466e-05
1370.0,0.3749022265479385,0.007764450454749808,0.001892908437511678,0.001140913995520525,5.068297920172344e-05,5.745505294472371e-05,4.71320584272359e-05
1371.0,0.3748482601504759,0.007248727010664169,0.001891074551552065,0.001140280389400821,5.072901293416578e-05,5.74174548012163e-05,4.704297896984643e-05
1372.0,0.3747642615508521,0.006961217542224718,0.001885213001776827,0.001139666597342115,5.077161615195284e-05,5.736479342582815e-05,4.695097853910612e-05
1373.0,0.3747329952430428,0.006242451390333687,0.001878993042172523,0.001139033396824211,5.080507118182499e-05,5.730963337114178e-05,4.686091716493237e-05
1374.0,0.3746622976085391,0.006284901864756429,0.001876653852553331,0.001138388887833103,5.084015191944513e-05,5.726938803832257e-05,4.677042868888779e-05
1375.0,0.3745216969083535,0.007593610382767512,0.001876380159005129,0.001137782332284483,5.08651847331385e-05,5.723442393581755e-05,4.667942127000047e-05
1376.0,0.3746055416881863,0.00798532135586729,0.001872808492598011,0.001137201885530265,5.086336838468902e-05,5.71937773667424e-05,4.658251498079471e-05
1377.0,0.3747169202828652,0.00735706292060816,0.001867627763786799,0.001136539258311243,5.086299711234459e-05,5.714038732229025e-05,4.648507828276134e-05
1378.0,0.3748964057400164,0.008015359266658183,0.001866612818184264,0.00113585603031545,5.086350637255928e-05,5.709185334395179e-05,4.640171443975672e-05
1379.0,0.3750120991153306,0.007479672325730424,0.001858259205348522,0.001135162097773934,5.085277188386074e-05,5.703891311893334e-05,4.632800845099105e-05
1380.0,0.3749220134788772,0.008030836756102801,0.00185619535362338,0.001134524616188049,5.083431720362951e-05,5.697232463065415e-05,4.622966248601057e-05
1381.0,0.3746417683559815,0.007301977462965768,0.001848030742844119,0.001134010097202403,5.08184210191253e-05,5.691787588189128e-05,4.613801133628688e-05
1382.0,0.3745806284757355,0.007957028744010077,0.001843254724921927,0.001133555331689277,5.078710762494522e-05,5.685536099474265e-05,4.605273440843708e-05
1383.0,0.3745927757863832,0.00710672368856956,0.001835321371144214,0.001133117507782057,5.07458831300182e-05,5.680178786437898e-05,4.596806543815476e-05
1384.0,0.374418193662415,0.006928225078003882,0.001828650351822089,0.001132703750030271,5.069961926019297e-05,5.67506925942984e-05,4.588159124132804e-05
1385.0,0.3743124456300645,0.007142084574087435,0.001822519485295159,0.001132382339789878,5.064914527230273e-05,5.668918290092771e-05,4.580247463972215e-05
1386.0,0.3744434951304271,0.007468734229022497,0.001816475720296111,0.001132112501579625,5.059547128290822e-05,5.662710626309201e-05,4.573051722085221e-05
1387.0,0.3742928615437158,0.0080379521849264,0.001811754049870179,0.001131821371742176,5.052522849337064e-05,5.656272463404026e-05,4.567594197955262e-05
1388.0,0.3743068953495231,0.007212716230435865,0.001800528133063379,0.001131533085071009,5.045083878494986e-05,5.650390103421746e-05,4.560709931157369e-05
1389.0,0.3739869744427075,0.009521898080905006,0.001795626451108254,0.001131205041561924,5.037030327354341e-05,5.643542014844515e-05,4.553327537151518e-05
1390.0,0.3737186669521983,0.00883352909220166,0.001788129631853423,0.00113087124413921,5.029028052725178e-05,5.63805225250587e-05,4.54772824000061e-05
1391.0,0.3732358059308685,0.00848233745912314,0.001780523405514874,0.001130537947092581,5.020172575498567e-05,5.632402013485119e-05,4.541576756946575e-05
1392.0,0.372816105376698,0.007168252890710423,0.001769686192558603,0.001130194578469317,5.009956668307472e-05,5.626868244767825e-05,4.53741388616242e-05
1393.0,0.3727896871827245,0.007358734782440889,0.001761409695222915,0.001129864339639517,5.000110523703552e-05,5.621335308389015e-05,4.531920548497951e-05
1394.0,0.3726098147936734,0.007516917645127906,0.001753390472297226,0.001129476230672911,4.989374515256111e-05,5.614996381667557e-05,4.528597071704938e-05
1395.0,0.3724320531988837,0.007562650115218425,0.001745390685946413,0.001129106679921543,4.979342619231103e-05,5.609996505634728e-05,4.525661817020312e-05
1396.0,0.372333763846455,0.007928920638809449,0.001739110021266322,0.001128760510409842,4.967991233512675e-05,5.605420500916684e-05,4.522748757140428e-05
1397.0,0.3722394099361599,0.007433103683362846,0.001731650021240675,0.001128414566546346,4.957733006306729e-05,5.600850052201265e-05,4.522091656319637e-05
1398.0,0.3720882318872529,0.007282108423747235,0.001725542594357888,0.001128022004450214,4.947255897433746e-05,5.596293112526348e-05,4.520419291577414e-05
1399.0,0.3716946968135248,0.007792739843824726,0.001718604162577603,0.001127610103389737,4.935241330533403e-05,5.592859441825505e-05,4.520203428195475e-05
1400.0,0.3715752660036377,0.007895171145934755,0.001713959147857981,0.001127199746435761,4.922240456481015e-05,5.589002839341682e-05,4.521587341808869e-05
1401.0,0.3712019523497683,0.008616471783715492,0.001709529104813458,0.001126750724194065,4.909218087094687e-05,5.586241306954226e-05,4.522617608237853e-05
1402.0,0.3710318417206187,0.00867056946487016,0.001704478580844895,0.001126324135346362,4.896223266177153e-05,5.584389601758402e-05,4.522847951570871e-05
1403.0,0.3707029327330525,0.007928738580223858,0.001697476731189037,0.001125914813490193,4.882544193222899e-05,5.580422313331196e-05,4.523792717196956e-05
1404.0,0.3707496284549872,0.008137976317947788,0.001691310826309496,0.001125434530948038,4.870410238864668e-05,5.577854769278235e-05,4.526099812856417e-05
1405.0,0.3704354315368564,0.007922231039046263,0.001687231297878369,0.001125017059692747,4.857719915653789e-05,5.573571191881125e-05,4.528567314989747e-05
1406.0,0.370584535212189,0.008516761824951945,0.001683153963345622,0.001124516639450653,4.844608617040994e-05,5.571165531124048e-05,4.531190824541706e-05
1407.0,0.3703968057642257,0.008916399532884676,0.001679074653927674,0.001124006757471148,4.83242705705638e-05,5.570902625748922e-05,4.533183650380704e-05
1408.0,0.3698003089583931,0.008635435387569876,0.001673686577463408,0.001123521864932112,4.819731057245578e-05,5.56845603455802e-05,4.53592055892881e-05
1409.0,0.3696100704930961,0.009160082038120167,0.001668166387537351,0.001123014814433704,4.807405673811478e-05,5.567431885969471e-05,4.538395316766174e-05
1410.0,0.3692837509159255,0.00942373370974681,0.00166228714254529,0.001122529587069058,4.794762250813913e-05,5.565090071001524e-05,4.541486309860675e-05
1411.0,0.3688192819770181,0.007981965106474276,0.001651642314002097,0.001122103396694158,4.781484273959194e-05,5.562588906758386e-05,4.54153674684851e-05
1412.0,0.3682398696332523,0.007222033962761116,0.0016434360969555,0.001121707767970122,4.768808086706703e-05,5.560360085271446e-05,4.543505724378987e-05
1413.0,0.3680451355935747,0.006941439011419325,0.001635643566511838,0.001121364774236522,4.756558467407938e-05,5.56009849348053e-05,4.54536187149451e-05
1414.0,0.3678867102873256,0.006822699367466455,0.001628817369941963,0.001121068600748408,4.74454055232716e-05,5.559639555370001e-05,4.547031688761389e-05
1415.0,0.3678593577318721,0.007733850791536985,0.001623580586416245,0.001120778700670777,4.733533477658685e-05,5.55882688168079e-05,4.547868892863287e-05
1416.0,0.3676808694675005,0.008013945399103547,0.001618743551636955,0.001120516703092501,4.722591579155733e-05,5.557603823700131e-05,4.547448628410128e-05
1417.0,0.3672088376557573,0.007987723334700653,0.001613668594361468,0.001120321132686234,4.712718956203759e-05,5.556806520666286e-05,4.548272859387401e-05
1418.0,0.3668429765444398,0.00798625027884853,0.001607551506867605,0.001120132147420161,4.702795893492664e-05,5.555381113869774e-05,4.549087120248937e-05
1419.0,0.3663733889781846,0.007810405109656316,0.001602864840427265,0.001120026299057742,4.692373351590645e-05,5.553937953343294e-05,4.548172756854783e-05
1420.0,0.3660985241896933,0.006934283157956887,0.00159572306613308,0.001119932551270579,4.681541788296921e-05,5.554182294232699e-05,4.547408546306334e-05
1421.0,0.3659325627109988,0.01016131343570962,0.001594039885701903,0.001119830744946618,4.669858879611735e-05,5.552926069268623e-05,4.545029991917761e-05
1422.0,0.3658016398916772,0.009552246360376108,0.001588933457257562,0.00111978608458926,4.66034909288453e-05,5.55276052699479e-05,4.544614985918796e-05
1423.0,0.365423825591921,0.009810376592019238,0.001586141196758059,0.001119765601128936,4.650176142838032e-05,5.552449701379161e-05,4.543163475262271e-05
1424.0,0.3648893244497853,0.008945181905089927,0.001582426975135262,0.001119847550310393,4.639886155794619e-05,5.55114840082966e-05,4.542664905999974e-05
1425.0,0.3644409102097328,0.008924217907545887,0.00157711140317711,0.00111997320691281,4.630599053699851e-05,5.549074251288358e-05,4.541989055447128e-05
1426.0,0.3642264047137937,0.008727560769556487,0.001571942860960367,0.001120097430038671,4.620932263295776e-05,5.548823421937754e-05,4.541624647168764e-05
1427.0,0.3640976122015899,0.01002818258773194,0.001572395588078322,0.001120229903278312,4.612240645434352e-05,5.550259308340105e-05,4.541207542824103e-05
1428.0,0.3639119281059191,0.009443116505575472,0.001566490089112884,0.001120384731049224,4.604073251032789e-05,5.550611940754462e-05,4.541316898219219e-05
1429.0,0.363701943479951,0.009348239929922725,0.001566373348879018,0.001120636451529236,4.59523221039389e-05,5.550653341578116e-05,4.541153971540809e-05
1430.0,0.3633447477720349,0.008211570727819322,0.001560764069077861,0.001120971379632859,4.586482240613292e-05,5.548890387118601e-05,4.53934969711265e-05
1431.0,0.3627705501903546,0.007392093016566648,0.001556397877120383,0.001121314398684502,4.579162781984875e-05,5.546483530748334e-05,4.538718852164708e-05
1432.0,0.362357581345546,0.007198586024180742,0.001554488490333222,0.001121688181173358,4.571400602798236e-05,5.546200780553908e-05,4.539537358290996e-05
1433.0,0.3617325705826297,0.007565253502504878,0.001553720980535807,0.001122063361398369,4.564099563580019e-05,5.544486735785687e-05,4.540064355040441e-05
1434.0,0.3608980992837659,0.007101795305877914,0.001549602630775237,0.001122424469672674,4.556955676121748e-05,5.543829851782493e-05,4.541003768804021e-05
1435.0,0.3605687216485501,0.0090810148835652,0.001550741915080101,0.001122930408972526,4.549327919342872e-05,5.541745714822222e-05,4.540230106744353e-05
1436.0,0.3599825650877565,0.009005629173501584,0.001553343619335811,0.001123454323551695,4.542010207333551e-05,5.538977074046661e-05,4.539827070753753e-05
1437.0,0.3594777640031294,0.008058315666685077,0.001549067181589702,0.00112403900926416,4.535412464023346e-05,5.536896492066972e-05,4.539121758011954e-05
1438.0,0.3590151047765063,0.008577170750755375,0.001545900084904713,0.001124671502384602,4.529109815556024e-05,5.534549461986571e-05,4.539145376451878e-05
1439.0,0.3585602483329232,0.008311920790727484,0.001547430122928812,0.001125293863059708,4.521604019715316e-05,5.532147906410555e-05,4.538761217277798e-05
1440.0,0.3582736896490951,0.007365938432920049,0.001542891788253097,0.001125949296505067,4.51477921603747e-05,5.52924023204871e-05,4.540219029865977e-05
1441.0,0.3576137914444091,0.006781341020726647,0.001538080074148009,0.001126582788289017,4.508308045009457e-05,5.524884443632018e-05,4.540244321387615e-05
1442.0,0.3568590050620077,0.007524683151570836,0.001536815086443398,0.001127217033205872,4.502391778863276e-05,5.519877723399465e-05,4.538398103243168e-05
1443.0,0.3564677529516331,0.007204566154994801,0.001535579577654993,0.001127916518109514,4.497178336794296e-05,5.516793604424796e-05,4.537020937799424e-05
1444.0,0.3562331416910801,0.008148804799081383,0.001534687851700382,0.00112858540686144,4.491511589049586e-05,5.514109493004403e-05,4.535017208417557e-05
1445.0,0.3558940557648511,0.007653684654809878,0.001530821548812385,0.001129281400442904,4.486225615465855e-05,5.510146617201376e-05,4.533864295479901e-05
1446.0,0.3556799340309353,0.007775078244356046,0.001530112346313224,0.001130018889137114,4.480794445564288e-05,5.50768070236901e-05,4.531991725862071e-05
1447.0,0.3554155044605606,0.006922766847413131,0.001526159975525669,0.001130788790468843,4.475610916343767e-05,5.504383060734953e-05,4.530962789477243e-05
1448.0,0.3550066654485842,0.006689938079127627,0.001522330804799533,0.001131589267227266,4.470166953218401e-05,5.500182561642321e-05,4.529202335400075e-05
1449.0,0.3549127483580126,0.007034038308311868,0.001522157574628423,0.001132370452531378,4.464376870583762e-05,5.495566130526194e-05,4.526456410730085e-05
1450.0,0.3546553412860705,0.007289884529956356,0.001519239228921442,0.001133139397533014,4.458103470011842e-05,5.490425302139092e-05,4.523220673760484e-05
1451.0,0.3540754670174225,0.009545054295085151,0.001521131039123758,0.001133868551500785,4.452073069337785e-05,5.486036340710699e-05,4.519515167343227e-05
1452.0,0.3535905523801745,0.009583754583038144,0.00152435103233386,0.001134540971680709,4.44583538554297e-05,5.480510550582257e-05,4.515908573634944e-05
1453.0,0.3531996290113804,0.007603884310609271,0.001515755467596646,0.00113516336242772,4.439974035598497e-05,5.475173955610854e-05,4.513647720304188e-05
1454.0,0.3528210584151178,0.007609418362973796,0.00151078930655547,0.001135747011498019,4.432960834750706e-05,5.468845051291991e-05,4.510528365830963e-05
1455.0,0.3522566450853589,0.007359468021006023,0.001506769733882441,0.001136332765630843,4.425394540562883e-05,5.463046618919232e-05,4.505246571563454e-05
1456.0,0.3517623374315479,0.00666155247481196,0.001502540595241051,0.001136884184284532,4.419353734134812e-05,5.457133032888244e-05,4.500040486665301e-05
1457.0,0.351675150467139,0.006303061184570616,0.001497557595900387,0.001137459088215932,4.412485678710599e-05,5.450539580926366e-05,4.494410872915311e-05
1458.0,0.351212185589297,0.006453603934234686,0.001493554325141062,0.001138014295187261,4.405602461549137e-05,5.444308694415429e-05,4.489443460718919e-05
1459.0,0.3509245734478489,0.006227107830954865,0.001488949667889115,0.001138615539158995,4.399136953922475e-05,5.436019561815373e-05,4.486392054392815e-05
1460.0,0.3506950731802704,0.006559783924202855,0.001486494782537122,0.001139124715702595,4.391926762881238e-05,5.427211613545157e-05,4.482502492551383e-05
1461.0,0.3501883405331818,0.006421108838198623,0.001482239653680583,0.00113958019816118,4.384783376107533e-05,5.420112034908679e-05,4.476556236050327e-05
1462.0,0.3497681654405743,0.007922371313030308,0.001478426175279495,0.001140026051113972,4.378858202085029e-05,5.412638313656924e-05,4.471816546711631e-05
1463.0,0.3497220425380986,0.007476154554592519,0.001478698030720587,0.001140488482982329,4.374101701286811e-05,5.405899057234097e-05,4.466590389455107e-05
1464.0,0.3490837886033394,0.006715604553922012,0.001471643627585007,0.001140889358793829,4.369056398301758e-05,5.398723186635981e-05,4.45952710167176e-05
1465.0,0.3487852451853495,0.007224130316583818,0.001466607432598155,0.001141325245364323,4.364039588570971e-05,5.390126684949507e-05,4.455939515509782e-05
1466.0,0.3483894467160599,0.006654331274825277,0.001461309710688674,0.001141715305322198,4.358553329215216e-05,5.382095527753329e-05,4.450790994359678e-05
1467.0,0.3477608165712681,0.006544696077387734,0.001456744218548261,0.001142158837791048,4.353876979355562e-05,5.375625385320275e-05,4.445102299449013e-05
1468.0,0.3472627721554454,0.006333083073441586,0.001452797218939243,0.001142636359155965,4.349350184262904e-05,5.369051698286661e-05,4.438135657883652e-05
1469.0,0.3469173883641928,0.008030581685144126,0.001450363549020074,0.001143106501560233,4.345583645310142e-05,5.363209920311185e-05,4.43021013842565e-05
1470.0,0.3466535814362263,0.00820584895567054,0.001447702508839956,0.001143644665499706,4.341109298636928e-05,5.357152151313233e-05,4.423663161667009e-05
1471.0,0.3464552854141229,0.00748431342176396,0.001443279633744468,0.001144121003340073,4.337022266456913e-05,5.349912593282868e-05,4.416745934279171e-05
1472.0,0.3460366512533398,0.007702476997220063,0.00144271786132616,0.00114454447510222,4.332980445820376e-05,5.342411213168277e-05,4.41034144501529e-05
1473.0,0.3456574194945043,0.006294923329965991,0.001435647169149583,0.001144953711435519,4.330039528559821e-05,5.336261659835155e-05,4.404128386802852e-05
1474.0,0.3453973498152406,0.006200442354455839,0.001433026177378395,0.001145272403994166,4.327459912837468e-05,5.330075353484943e-05,4.397482697935974e-05
1475.0,0.3450871785821676,0.005945210774080423,0.001428075198159,0.001145543321175245,4.326693612604412e-05,5.324583551051679e-05,4.392161106688498e-05
1476.0,0.345017274779155,0.005723261920520603,0.001424931450405413,0.001145732093635298,4.325209023683227e-05,5.318679686767841e-05,4.386048458950598e-05
1477.0,0.3450870108055886,0.005750663726467403,0.001422511030699276,0.001145909637957005,4.324394949159901e-05,5.311660347302767e-05,4.379958108369826e-05
1478.0,0.3451817758112687,0.006605343444388717,0.00142152581325062,0.001145981807996951,4.324499336968272e-05,5.305694389768435e-05,4.375587549452307e-05
1479.0,0.3448078785252123,0.006509983755026674,0.001418254409536008,0.001146049486184789,4.323893069040072e-05,5.299712506234901e-05,4.369239861992867e-05
1480.0,0.3446087586332578,0.006823641477606805,0.0014158802182189,0.001146129821806873,4.323354930498689e-05,5.292592968971466e-05,4.362784261975288e-05
1481.0,0.3441711569371272,0.006477172782039646,0.001412645252369247,0.001146200051474177,4.323309824903249e-05,5.286281757600728e-05,4.355579989190126e-05
1482.0,0.3438017093893936,0.006328416279334463,0.001410830941652783,0.001146200285922867,4.324092583083104e-05,5.28023649064342e-05,4.349086882883659e-05
1483.0,0.3435941975743227,0.007676172487179512,0.001409042229962461,0.001146185575935616,4.323854346803915e-05,5.273735674328728e-05,4.341255202083377e-05
1484.0,0.3434142125834,0.007222892372459121,0.001405269732453377,0.001146136596127056,4.325035080015933e-05,5.267430802764182e-05,4.333779136671797e-05
1485.0,0.3432352648750184,0.006912908634003522,0.001402839033217761,0.001146013212767825,4.324490236999996e-05,5.261391941630192e-05,4.32743324361115e-05
1486.0,0.3431537188355741,0.006497017559094776,0.001401604852971729,0.001145794230816466,4.324616478415842e-05,5.25590679155441e-05,4.320699900094743e-05
1487.0,0.342769192835832,0.006227380029669885,0.001398111711475175,0.001145522234250632,4.325518406347244e-05,5.249803244173339e-05,4.314168040661237e-05
1488.0,0.3425999301950641,0.005530934371538745,0.001392695941057938,0.001145225438806779,4.325829086673233e-05,5.243504139788517e-05,4.306910786137519e-05
1489.0,0.3423150388637587,0.006563837937937305,0.001391777044338739,0.001144959436957003,4.326255284234808e-05,5.239763049715194e-05,4.298810343942837e-05
1490.0,0.3420877270707032,0.006644775842171076,0.001391694978062888,0.00114470475267323,4.326903979356221e-05,5.236549844320449e-05,4.29243473062419e-05
1491.0,0.3418654646620025,0.006047402199320441,0.00138540194131608,0.001144488059867481,4.32855425435186e-05,5.232270572658463e-05,4.285826654679867e-05
1492.0,0.3419187356094743,0.006293719836274139,0.001382523307551672,0.001144284800859093,4.329436316355069e-05,5.226982674317954e-05,4.278903503655022e-05
1493.0,0.3418196521722902,0.006419397165830452,0.001380180619489219,0.001144027304478958,4.330586209587142e-05,5.221111488246408e-05,4.272501586619927e-05
1494.0,0.3417928088776305,0.006274344068459405,0.001376558132654667,0.001143711978048497,4.332584194775987e-05,5.215859582182883e-05,4.266621764611866e-05
1495.0,0.3417259718737575,0.006350268934925739,0.001372579262773112,0.001143487514392668,4.334454315669355e-05,5.210438337758557e-05,4.259797830862868e-05
1496.0,0.3417189644713827,0.005881855753118787,0.001366900650004357,0.001143315404772392,4.337185822945768e-05,5.205035347840427e-05,4.254356586947025e-05
1497.0,0.3414093691456418,0.00606485368854565,0.001363081397568081,0.001143157713559368,4.339686709820135e-05,5.199930861496799e-05,4.2477223397129e-05
1498.0,0.3415900876325947,0.005716529123693525,0.00135867062293742,0.001142946707055447,4.340828504729386e-05,5.19605395685585e-05,4.240485848930624e-05
1499.0,0.3417399843358472,0.006482959685370722,0.001355268032881318,0.001142770951253947,4.342651586290386e-05,5.192378194498121e-05,4.233545266435368e-05
1500.0,0.341876157302333,0.005736567372854492,0.001351201693534003,0.001142569154411314,4.34560105806085e-05,5.188144090574969e-05,4.226952464417019e-05
