iteration,continuity,epsilon,k,vf-phase-2,x-velocity,y-velocity,z-velocity
1.0,1.0,3981660.460011747,106.2598058743332,0.1146444084058198,0.0006985436754792174,0.0009702503237685891,0.000748848833430189
2.0,1.0,0.2750672266600798,0.1609033086159778,0.6006960943014684,0.0004844235863005929,0.0006360048680335581,0.0005003940670046791
3.0,0.7162408058993518,0.5971964118531142,0.1455747828058077,0.3003324895347269,0.0002844481437348755,0.00039421301038878,0.0002927533073258051
4.0,0.7007571745460599,1.633442873332404,0.1276803385800163,0.200216748753595,0.0002420891307663499,0.0003326887735087148,0.0002485679338748917
5.0,0.5355680493316045,0.4766716030488644,0.1208087198811003,0.1501620514357249,0.0002225051080446732,0.0002949504980945929,0.0002301383583300312
6.0,0.4632649352039349,0.3809932935708732,0.1064813151929603,0.1201312802173676,0.0002013460723333178,0.000255209716241691,0.0002103510165982558
7.0,0.5669700833250703,1.141484993336855,0.08426256612871097,0.1001112437988343,0.0001981814575376184,0.0002295362847012632,0.0002107658267093561
8.0,0.4366666466362609,1.244468277667256,0.07590103508590897,0.08581137538098192,0.0001765855905468,0.0001940594233297562,0.0001914757512230593
9.0,0.3805580241244436,0.4091094945677258,0.0681230541568929,0.07508697017960575,0.0001655357596518712,0.0001725858278691375,0.0001805498546169628
10.0,0.3973826393006536,0.3713712088288174,0.0616514070428538,0.06674603155570975,0.0001614454128229824,0.000161253028578057,0.0001772895910800449
11.0,0.3271136575420695,0.3072677843057631,0.04968628891553571,0.06007646226202935,0.0001503975671888256,0.0001433663794228927,0.0001665290783274636
12.0,0.3148067170199104,0.2400241096162753,0.04097415749754772,0.0546183952820452,0.0001458835138557064,0.0001329303511022665,0.0001634046780383412
13.0,0.2913597924143341,0.1851955174682187,0.03426256340454206,0.05006799850311773,0.0001400245553620447,0.0001235485034578209,0.0001586403426269755
14.0,0.325964748819253,0.14559978134167,0.02935683727507779,0.04621764016227378,0.0001406048024077948,0.0001216976958056042,0.0001606132192843534
15.0,0.291813655097557,0.1259849510139968,0.02551572516862371,0.04291783477116632,0.00013407073138106,0.000113752033712784,0.0001553233632313165
16.0,0.2957840540991639,28.91917523416794,0.02645602436677789,0.04005837717440709,0.0001313253965372789,0.0001107780015007922,0.0001529038501636475
17.0,0.3294868625022236,40.14907698013702,0.2998372866692711,0.03755667843676467,0.0001331035239211881,0.0001117838363505418,0.0001567592852144467
18.0,0.3007795386837974,0.7826198056527202,0.4016582529217343,0.03534939869066502,0.0001311695064371796,0.0001062001431630594,0.0001560828399629153
19.0,0.3124868695625433,0.7715075396383269,0.1142938678236214,0.03338744186355203,0.000129751416567531,0.0001072255377087907,0.0001561156111192431
20.0,0.3425508619016015,0.5536401999432574,0.03547115976116504,0.03163182827601755,0.000130827775452853,0.0001074433456000089,0.0001590936361932494
21.0,0.3203547497893037,0.4230739930833312,0.02438211533027746,0.03005162938416693,0.0001284867954529046,0.0001048862422284167,0.0001593573345007271
22.0,0.3563985227427817,0.2705260307381361,0.01983421674784821,0.0286221492591781,0.0001321353675930372,0.0001092152658807809,0.0001649366986199672
23.0,0.3396729560105441,0.1559124779348895,0.01877862050135082,0.02732281678796269,0.0001304009402761126,0.0001074020175940978,0.000165561207886463
24.0,0.4153243037163201,0.112296933390023,0.01674976929079494,0.026136474499496,0.0001355752025918434,0.000114298382129656,0.0001730890364742669
25.0,0.3714823165629226,0.09585471694201975,0.01493963602528582,0.02504895430632594,0.0001339006811523208,0.0001120711218349378,0.0001739750943959125
26.0,0.3904432174995482,0.07579149409960927,0.01366153742530821,0.0240482257350148,0.0001364569317035208,0.0001154986933485079,0.0001778955908851874
27.0,0.4181508571718105,0.06214479141590567,0.01263878309506833,0.02312456707556433,0.0001397121891237258,0.0001199217452127462,0.0001848357538575928
28.0,0.3973034643994191,0.05355033442238786,0.01179800169427787,0.02226944448892092,0.0001386083987189832,0.0001183372811918461,0.0001862392600318225
29.0,0.448151079611072,0.04581647252958863,0.01109162778513378,0.02147536760307485,0.0001414623360294642,0.0001246365043517848,0.000191910527003942
30.0,0.4236321071849224,0.03936528268853685,0.01049191045113478,0.02073605216999488,0.0001401502850442889,0.0001229293625692063,0.0001933567602134556
31.0,0.4777363865737941,0.03377765990942208,0.009921551240434897,0.0200460335630183,0.0001428091263613776,0.0001293881014073306,0.0001993717814756763
32.0,0.4483343818902348,0.02991801263822786,0.009466374614874764,0.01940053359479795,0.0001401857446309864,0.0001275220283482657,0.0001992774585742858
33.0,0.4913541428806505,0.0270463271545702,0.00905872368453968,0.01879534294797752,0.0001412914079123,0.0001324630888403615,0.000201100943712999
34.0,0.4617378597817223,0.0247424005307149,0.008743167222711618,0.01822690367126412,0.0001379335582476754,0.0001300810607498271,0.0001993012230983776
35.0,0.5029232355452125,0.02302874806043215,0.008468670662024752,0.01769188016482924,0.0001372368037599138,0.0001345121770000079,0.0001985186345153561
36.0,0.4723515762520831,0.02187096617903952,0.008238466404135628,0.01718742032422757,0.0001334493524980725,0.0001324623956215494,0.0001957654133127979
37.0,0.5146485334288334,0.02109745707511047,0.008062377471710656,0.01671097008176817,0.0001326930549330826,0.0001361826005788963,0.0001936890179411616
38.0,0.4789308232092174,0.01982189699446901,0.007899992849166976,0.01626017831372155,0.0001286530266792677,0.000133791756053706,0.0001897366952377856
39.0,0.4933070403983274,0.01896031007855569,0.00776244804274455,0.01583312018216937,0.0001264662885681836,0.0001354277035884857,0.000186231325955354
40.0,0.4920092154477217,0.0182567029335011,0.007654491722460756,0.01542789376615147,0.0001236734610984868,0.0001348148051907891,0.0001828200765428216
41.0,0.4848380413505763,0.01803830726840179,0.007564514109283369,0.01504291608965725,0.0001208245053957727,0.0001343183807119474,0.0001800413142911945
42.0,0.4809686809601792,0.01777379921434795,0.007486402292417972,0.01467672294428942,0.0001179303558067683,0.0001337137340708866,0.0001772113831919786
43.0,0.4823991921241659,0.0177396706367687,0.007434784179839978,0.01432796161175739,0.0001151325558767938,0.0001330460383902004,0.0001745258873674846
44.0,0.4800512861814742,0.01812835239214235,0.00741034062743706,0.01399536120144566,0.0001124138798355107,0.0001322869226288916,0.0001712089465851177
45.0,0.4786816010216255,0.01776794113671784,0.007386799237500824,0.01367787621922839,0.0001096533389566686,0.0001316010975200755,0.000167760502116597
46.0,0.4794227943744829,0.01798963482601799,0.007376720339150345,0.01337448984337773,0.0001071073946380195,0.0001308622749686169,0.0001646648259650131
47.0,0.4803413278875443,0.01850820476746651,0.007368781150974242,0.01308425416281097,0.0001049422030474179,0.0001299565041852321,0.0001613047999980482
48.0,0.4811883280124242,0.01896366483341588,0.007379726742752926,0.01280633999746552,0.0001029985214363338,0.0001294127800567729,0.0001581858877617526
49.0,0.4829187485949449,0.01944557492511106,0.007389887170275945,0.01253999347928335,0.0001013663296956796,0.0001290278549960403,0.0001553496497833256
50.0,0.4846155525281203,0.02019245245933736,0.007416599436822564,0.01228449219874325,9.99485360931552e-05,0.0001284207981227655,0.0001527745452509974
51.0,0.4865730105032016,0.02047853284504959,0.007428505701016135,0.01203918038138716,9.890572337377883e-05,0.0001280911140895045,0.0001502423809675409
52.0,0.4896141784538263,0.02091902350307839,0.007443330677873371,0.01180349609077896,9.817711079006802e-05,0.0001277187684760119,0.0001480071777366389
53.0,0.4945187925930819,0.02050504271660094,0.007439928599958499,0.01157687165675898,9.754368979953055e-05,0.0001275004496128898,0.0001461364547000852
54.0,0.4998809123765086,0.01997370213921167,0.00743597816148181,0.011358775008352,9.701260462532626e-05,0.0001273446208522901,0.0001441524594789439
55.0,0.507431551204396,0.02011676989467392,0.007439242885497035,0.01114875383582102,9.684787630399984e-05,0.0001272404496397961,0.0001421105008199588
56.0,0.5154089787583189,0.01937015787780917,0.007424706501954259,0.01094634303405305,9.680673693419126e-05,0.0001271415335693364,0.0001403767120545466
57.0,0.5230450149506706,0.01900290949213158,0.007417673341077795,0.0107511388247497,9.680044035218982e-05,0.0001271263186544149,0.0001386964869177345
58.0,0.5324113662708371,0.01870877379640499,0.007410620861527824,0.01056277699087095,9.702360252596361e-05,0.0001271419177504973,0.0001373696021166272
59.0,0.5371925374791271,0.01796003166300613,0.007399466586644925,0.01038088850656757,9.688491881302905e-05,0.0001266147038552759,0.0001366280123282369
60.0,0.5665854499156341,0.01731493982787254,0.007390016509531869,0.01020516118249745,9.816295477134563e-05,0.0001276828633305214,0.0001346004864536215
61.0,0.5614921828202346,0.01702452188472434,0.00738533762011838,0.01003527511944003,9.777776585281721e-05,0.0001270144523337684,0.0001342534126857602
62.0,0.5855403571094975,0.0165339147506225,0.00738061934087173,0.009870946067891639,9.889161574691317e-05,0.0001276755850676526,0.0001327354674684151
63.0,0.5809302688117238,0.01606742491643359,0.007384533525416553,0.009711923606203297,9.864964396588508e-05,0.0001268106410713487,0.0001325119810988967
64.0,0.6061694833195439,0.01573165544012064,0.007389777562952531,0.009557938801120542,9.98562508176653e-05,0.0001274106209134534,0.0001310794734566817
65.0,0.6000031102105586,0.0151077115601284,0.007401038493651414,0.009408773035413471,9.993411646272501e-05,0.0001265599807471085,0.0001307506236809658
66.0,0.6248017224993191,0.01477292505144322,0.007415373723525714,0.009264188797907757,0.0001013563656110375,0.0001271399980520401,0.0001294380847109881
67.0,0.6207926170960003,0.01533119563978465,0.007457104394370544,0.009123982936939157,0.0001015025543331705,0.00012636268208101,0.0001293300163211175
68.0,0.6446723437488746,0.01487075649207376,0.007488460976715611,0.008987974889748326,0.0001027794839052641,0.0001269771943193214,0.0001283243597236234
69.0,0.6419521284006502,0.01488501437243315,0.007520649207788053,0.00885600220716707,0.0001030037147567313,0.0001261666702975717,0.000128214220794903
70.0,0.6692218880614573,0.49234930846431,0.007662690508488929,0.008727857324702678,0.0001043750512188636,0.0001268364184191923,0.0001272326434252096
71.0,0.6634188374333463,0.564339716539703,0.01016441440474331,0.00860334098479851,0.0001046597147393266,0.0001262764705425804,0.0001271360297050893
72.0,0.6877287104439618,0.1484598101895339,0.009201610094749804,0.008482346781376137,0.0001061286916244448,0.0001270827816880546,0.0001265043967428705
73.0,0.6827920544632877,0.6057930803461286,0.0142855595102848,0.008364729131997773,0.0001063852288717086,0.0001265204348557796,0.0001264158928109162
74.0,0.7072651644851823,0.1875081172613697,0.00940950672540716,0.008250318885976594,0.0001077812457702099,0.0001274459765705623,0.0001258120105957177
75.0,0.7001042180700657,0.06300400024367898,0.008403594457499282,0.008138989341602123,0.0001079881852227927,0.0001268670487302157,0.0001254814078329533
76.0,0.7217780077330824,0.04209591356339732,0.008143676197298649,0.00803061575618113,0.0001091476369528693,0.0001274999329029503,0.0001247486289508781
77.0,0.7170003873338137,0.03169388259715827,0.007989604256483287,0.00792508989619382,0.0001092238830096635,0.0001269697858022681,0.000124650159728275
78.0,0.73738080949768,0.02574698895554588,0.007932484624480735,0.007822303037108062,0.0001102103901965869,0.0001276226016781328,0.0001241657739469877
79.0,0.7289727131376939,0.02199117088893478,0.007921844674753781,0.0077221625874572,0.0001103050869641831,0.0001271050396406264,0.0001239089534421855
80.0,0.7439566311506532,0.02023531965775592,0.007929267990385644,0.007624566064171252,0.0001112140147114378,0.0001275175269836066,0.0001234849878220509
81.0,0.7390395143884447,0.01974533537234573,0.007945279816088734,0.007529424256301753,0.00011097639234471,0.0001268498078468268,0.00012326082927702
82.0,0.7539592103075462,0.01906792982739024,0.00797235215167588,0.007436600607741875,0.0001115769736306981,0.0001270974298935433,0.0001232428027666469
83.0,0.7495795201587953,0.01872837826947628,0.008001786242108191,0.007346043818945968,0.0001113262817091286,0.0001264476456791574,0.0001230841472054777
84.0,0.7621847144446934,0.01863030139457409,0.008049790220704322,0.007257647173348245,0.0001119347339807129,0.0001265476368121093,0.0001232403074360342
85.0,0.7562001213324386,0.01868219758570603,0.00810300623506922,0.007171361527439829,0.0001115573229797866,0.0001258889189468351,0.0001230552186370917
86.0,0.7654455739172004,0.0187683731765017,0.008166497216136112,0.007087122004047475,0.000111672674400831,0.0001253625353774697,0.0001230148269466649
87.0,0.7829309220474304,0.01890657305766882,0.008229200701809625,0.007004868354004525,0.0001124826509806442,0.0001253582450920245,0.0001233255268111212
88.0,0.7716145385036727,0.0189876432837525,0.008288266457228698,0.006924528784919236,0.0001119102463545928,0.0001244650181085056,0.0001232353939879469
89.0,0.7787661157566772,0.01922903704379173,0.008340296463328659,0.006846022152318905,0.0001118822949483657,0.0001236953232143706,0.0001231694164659674
90.0,0.7933413798911443,0.0193761372058728,0.008375603747263805,0.006769275173067294,0.0001125319441310747,0.0001233752099375073,0.000123474393791414
91.0,0.7871554874769018,0.01936738179373229,0.008410642755443183,0.006694210963691289,0.0001120446570072094,0.0001225779737126192,0.0001233206473516724
92.0,0.7932365010951923,0.01914073293702779,0.008431394829678852,0.006620816714856565,0.0001119416202178606,0.0001217701455226084,0.0001231597735391606
93.0,0.8062442336998219,0.01898957145974347,0.00843883996546325,0.006549034625247766,0.0001127204801449547,0.0001214746411730427,0.0001233394727591631
94.0,0.8018517959925223,0.0187139891447688,0.008433681399567,0.006478765112231714,0.0001121693794412735,0.0001205652240068899,0.0001230918856456744
95.0,0.8108842468029415,0.01876160795942974,0.00842206090944354,0.006409954352080883,0.0001121108148794215,0.0001196819527994833,0.0001229812656525796
96.0,0.8189171396098406,0.02155844575305126,0.008411359584947684,0.006342577056631785,0.00011220159961435,0.0001189437046416294,0.0001229785970381688
97.0,0.8237699295205333,0.01926603194136799,0.00839604657844254,0.00627662862338051,0.0001122998238436946,0.000118254915388926,0.000122943283277932
98.0,0.8272197641342526,0.019339033850037,0.008378191597460593,0.006212041572000453,0.0001124468180536486,0.0001175561910230331,0.0001227932826252058
99.0,0.8330927946599227,0.01839430401487161,0.008344520951201409,0.006148771505586119,0.0001124988835234413,0.0001168809197361603,0.0001227165384386745
100.0,0.8393335547626573,0.01803336094002352,0.008308211289124498,0.006086793840597562,0.0001124411695055705,0.0001161577543715848,0.0001225262700774667
101.0,0.8453381857626551,0.01773630942372194,0.008263580446796813,0.006026049941157335,0.0001122827323983486,0.0001154162615233142,0.0001224509892319081
102.0,0.848784712486698,0.01734039016217931,0.008206039580656573,0.005966492619041858,0.0001120997864195062,0.0001146871172107333,0.0001223387905080869
103.0,0.8490084248117526,0.01692252197146324,0.008145417612319078,0.005908100161504236,0.0001119066516636196,0.000113869745052349,0.0001220850532480372
104.0,0.8507923328042589,0.01657127791724802,0.008085808703712154,0.005850840389183354,0.0001116204684834238,0.0001130605419106991,0.0001218265674220391
105.0,0.8519565639973689,0.01626927587302867,0.008029755295966346,0.005794705926287101,0.0001111932968749545,0.0001123319783422703,0.0001215613878717331
106.0,0.8542901513808241,0.01596962310113562,0.007971336556773758,0.005739657296445664,0.0001107055218046873,0.0001115658022043593,0.0001213765048525673
107.0,0.8569971700830503,0.01584265775106495,0.007915563681290884,0.005685665378716682,0.00011025532258118,0.0001107528938560214,0.0001209827283123901
108.0,0.8551439873959619,0.01569114330158308,0.007855262213189749,0.005632688632569994,0.0001096927300085515,0.0001099316087945422,0.00012040056670307
109.0,0.8524780956860681,0.0158144201662723,0.007796775077890281,0.005580682464949289,0.0001090277890176892,0.0001090202585972007,0.0001197683669118337
110.0,0.8489559450952662,0.01521866038103753,0.007724332763476605,0.005529641092570301,0.0001083392760628752,0.0001081457345612731,0.0001191413340918513
111.0,0.8436707260511073,0.01487481196186941,0.007656310153565702,0.005479504809213239,0.0001075827120119854,0.000107307722687329,0.0001185274303360208
112.0,0.8388505034050475,0.01461346987842452,0.007593085472857803,0.00543027816184363,0.0001068067599752893,0.0001064759160779475,0.0001178525526528092
113.0,0.8346539603406598,0.01428285352604164,0.00754320254682737,0.005381949814249328,0.0001060295903976437,0.0001056267442352564,0.0001171035363857858
114.0,0.8303098394086327,0.01419716748786875,0.007506863016750208,0.005334467916279643,0.0001052823691975092,0.0001048029476940807,0.0001163432489192835
115.0,0.8242217715131509,0.01440075248424547,0.007484990110301637,0.005287808499265013,0.0001045212186559767,0.0001039966978911219,0.0001156055558577835
116.0,0.8182259308478014,0.01452603073775204,0.007463789807423006,0.00524195354238299,0.0001037794115372912,0.0001032167014626953,0.0001148923740981391
117.0,0.8103437412998791,0.01450214700402858,0.007450657727396624,0.005196891536479223,0.0001031110465905141,0.0001025253531261328,0.0001141308361453052
118.0,0.8021448444072828,0.01452195966524892,0.007439025572187443,0.005152610175862775,0.0001024721393466722,0.0001018718087841635,0.0001133458031891713
119.0,0.7958998771210418,0.01458431644279095,0.007426340256342283,0.005109088847398983,0.0001018139043763748,0.0001011209102923244,0.0001126383343389596
120.0,0.7892406351187938,0.0145566643617531,0.007407478390384903,0.005066290504736001,0.0001011184116529901,0.0001004851715729687,0.0001119085457255202
121.0,0.7839301678129945,0.01445125748025031,0.007386776037891553,0.005024220119344992,0.0001005012615873699,9.981015799690725e-05,0.000111212818937192
122.0,0.7780429014673468,0.01438794066195218,0.007363664744151395,0.004982857808737993,9.98917177089121e-05,9.910618088969627e-05,0.0001105630691866889
123.0,0.7719399125355484,0.01446463390191348,0.007331612064079602,0.004942170876547766,9.926811777989387e-05,9.841476040172447e-05,0.0001098426574613631
124.0,0.765984695983622,0.01450196758656453,0.007290346267754657,0.004902156282755668,9.858875128951014e-05,9.774328046749439e-05,0.0001092094581999367
125.0,0.7613247726548618,0.01438532547313721,0.007240784578878899,0.00486278715475509,9.791943393512615e-05,9.705763105371872e-05,0.0001085842299515289
126.0,0.7576709506244028,0.0142384745321162,0.007182759273211966,0.004824033979511079,9.720409160815757e-05,9.63907723070884e-05,0.0001079712867461666
127.0,0.7539196757979076,0.01412684314184924,0.007123096471480015,0.004785875583330413,9.64691583077775e-05,9.579807710836453e-05,0.0001073652296603195
128.0,0.748936207654248,0.01396277866874618,0.007064919637407724,0.004748334502780835,9.573420473568503e-05,9.518289440614349e-05,0.0001068100627076199
129.0,0.744438774608826,0.01389047969228874,0.007008082948971183,0.004711371629319778,9.49604024005182e-05,9.452264794261781e-05,0.000106282767777511
130.0,0.7399627403068271,0.01375512600646605,0.006947649193388045,0.004674979542790064,9.423245432356336e-05,9.390197980397597e-05,0.0001057807919844201
131.0,0.7355865214270975,0.01355528385803773,0.00688973892178339,0.004639156139495116,9.350772853097743e-05,9.330422620362583e-05,0.0001052659382465485
132.0,0.7311973524888781,0.01361909413551466,0.006833732930695268,0.004603870358133168,9.283149159034529e-05,9.270455167516089e-05,0.000104772031190215
133.0,0.7273398595657576,0.01333485300763454,0.006781489530893648,0.004569113908856089,9.214952360021081e-05,9.215441140888927e-05,0.0001043286223010881
134.0,0.7237655049847509,0.01321760509179086,0.00673202612386882,0.004534879734585946,9.150980406840461e-05,9.164908944225502e-05,0.0001038811628435268
135.0,0.719340764638618,0.01309951513026069,0.006686395761791613,0.004501176098178027,9.084884187166028e-05,9.118225595423308e-05,0.000103466091852938
136.0,0.7152058753505869,0.01303882744216034,0.006645126009229287,0.004467966364174431,9.022503653839216e-05,9.068472576425944e-05,0.0001031198386383949
137.0,0.710810201740014,0.01296701892909499,0.006606830690841256,0.004435269409051535,8.95686879712447e-05,9.025305226244412e-05,0.0001027372064739473
138.0,0.7087749828244307,0.01302069889001484,0.006570805439230022,0.004403057531867258,8.892137581336933e-05,8.99084278732942e-05,0.0001023721540648329
139.0,0.705198460909942,0.01288608037503383,0.006533538122137728,0.004371319216994033,8.833772745040836e-05,8.957478197270506e-05,0.0001020222380814545
140.0,0.7024425781660099,0.01277461190272734,0.006493813812874037,0.004340034190742101,8.776816795976227e-05,8.925822089894423e-05,0.0001016866943166146
141.0,0.7002513884531393,0.0127497350148501,0.006454802632472479,0.004309246351618227,8.721371087089117e-05,8.89572225121069e-05,0.0001013980278018302
142.0,0.6981516948417358,0.01250832322019218,0.006409212156306356,0.004278913672315744,8.670178308127725e-05,8.863271080991173e-05,0.0001011065273105596
143.0,0.6961851344763831,0.012464591121639,0.00636518664904104,0.004248956211823122,8.623420822993484e-05,8.832273355525262e-05,0.0001008168950880204
144.0,0.6945651718122425,0.01248182225174522,0.006324678829834621,0.004219398796670799,8.579192779305734e-05,8.801727324972333e-05,0.0001005542648812637
145.0,0.6927265188754829,0.01260198257755466,0.006280953682271626,0.004190257269750701,8.542635182196696e-05,8.769301273637577e-05,0.0001003176951804168
146.0,0.6912767952273127,0.0127357951782366,0.006231468161939271,0.004161547723214147,8.510211181300575e-05,8.738544443843337e-05,0.0001000354537966551
147.0,0.6901432944786225,0.01264037475597261,0.006179891849942523,0.004133212511065721,8.478565912847807e-05,8.712632797901267e-05,9.9773805127085e-05
148.0,0.6893429334947659,0.01270899389075296,0.006128255387924925,0.00410527925889265,8.450444591889946e-05,8.684791899888839e-05,9.94986765447378e-05
149.0,0.6886148213964767,0.01236526332891272,0.006075555956277215,0.004077690987856214,8.425840709033877e-05,8.66294480122889e-05,9.923294622688305e-05
150.0,0.688090308159604,0.01241596563075644,0.006020825095709632,0.004050485436695707,8.40211308338718e-05,8.642061445939809e-05,9.893201398884347e-05
151.0,0.6871004930944847,0.01225893916988722,0.00596726936387892,0.004023624112068427,8.38185604686609e-05,8.623281320810232e-05,9.864551521830788e-05
152.0,0.6866655013480646,0.01197568581046855,0.005911070973974137,0.003997119682446774,8.359689938831627e-05,8.605295356431746e-05,9.834707396132381e-05
153.0,0.6860955579368502,0.01189413243971292,0.005854302044119258,0.00397095301220686,8.337681359478258e-05,8.590566952859981e-05,9.807302607888548e-05
154.0,0.6863841767044588,0.01186246533279883,0.005799689440018439,0.003945114746481381,8.316370308997872e-05,8.57731647030336e-05,9.778595461311512e-05
155.0,0.6866512215893795,0.01183362210664498,0.005745700846570469,0.003919684835362537,8.293942468741418e-05,8.566379687343183e-05,9.75191084526029e-05
156.0,0.685921984459384,0.01183835756396301,0.005694871789923179,0.003894596367986966,8.271889699618134e-05,8.55306109352668e-05,9.72827353481866e-05
157.0,0.6856910779109185,0.0115914788565271,0.005646191412974184,0.003869812372900295,8.247852802579853e-05,8.537525789258554e-05,9.705482310787266e-05
158.0,0.6832670472010226,0.01141487671591247,0.005601754796339549,0.003845375177406099,8.223688220150864e-05,8.526856064331404e-05,9.682615338960477e-05
159.0,0.681565700476805,0.01152896725353032,0.005561455172169263,0.00382121749653809,8.197129002562853e-05,8.513638927885361e-05,9.66399102962947e-05
160.0,0.6806873441515602,0.01143960491995371,0.005519368362292692,0.003797365228877183,8.17826012034708e-05,8.504137314284472e-05,9.642872584448648e-05
161.0,0.6797348337078029,0.01165252054394645,0.005483204400046362,0.003773803315103412,8.156968475838173e-05,8.493033345666738e-05,9.626655639007219e-05
162.0,0.6786291886721868,0.01156260499485297,0.005447550135631435,0.003750547533209538,8.13480895899808e-05,8.481541703981277e-05,9.613529786029238e-05
163.0,0.6781491635166291,0.01170287714802602,0.005411044100093606,0.003727567736117685,8.119105995478884e-05,8.468254541278746e-05,9.604736447712709e-05
164.0,0.6766608796019267,0.01153775386436827,0.005376378837201996,0.003704879519499814,8.104823202485488e-05,8.457476231195642e-05,9.595542645718208e-05
165.0,0.6764565611835476,0.01153365883289438,0.005338470431390349,0.00368248778639036,8.087886741200788e-05,8.45343231989852e-05,9.588293019087427e-05
166.0,0.6755049590977641,0.01134312017214736,0.005301071137295942,0.003660341901197757,8.074989622964879e-05,8.448161753199819e-05,9.582856175986145e-05
167.0,0.6760584429469859,0.01127625299409409,0.005266581867815344,0.003638495645149304,8.066967901772918e-05,8.441233042981176e-05,9.579156269102696e-05
168.0,0.6771859461843331,0.01126379769735182,0.005231139449254849,0.003616918879204877,8.061567331981642e-05,8.4363313977989e-05,9.577825893475096e-05
169.0,0.678280117357242,0.01126940063500258,0.00519923870272195,0.003595609317585978,8.05888872885827e-05,8.435233804688689e-05,9.576645304519377e-05
170.0,0.679377361965413,0.01114631844538805,0.005164992495723655,0.003574555365919351,8.060412549935802e-05,8.438844347181375e-05,9.577214403230506e-05
171.0,0.6805502631993604,0.01105081849341554,0.005133336474209153,0.003553747678232997,8.066981463446645e-05,8.446081710902075e-05,9.578879878478272e-05
172.0,0.6816449678574729,0.01111190424576354,0.005100371235223603,0.003533150450609266,8.07493693828253e-05,8.447429050486156e-05,9.578690517667578e-05
173.0,0.6815380903263274,0.01128862861210563,0.005067900897889078,0.003512753764277204,8.08115281908369e-05,8.450448552135842e-05,9.580642800282736e-05
174.0,0.6823287938717335,0.01129444998051609,0.00503522064590814,0.003492590494729742,8.08789979507947e-05,8.454798756806648e-05,9.583308572565761e-05
175.0,0.682538518854983,0.01135611129502912,0.005004672576212554,0.003472709785895726,8.097671825416728e-05,8.463591616510422e-05,9.588688170281572e-05
176.0,0.6835309864549665,0.01132867893642109,0.004971364087821483,0.003453016078459747,8.110928769244879e-05,8.476005287636513e-05,9.596319049385214e-05
177.0,0.6839142994418963,0.01120362036821916,0.004940990657421105,0.003433544073823366,8.126157791762666e-05,8.48720413333768e-05,9.602252792017623e-05
178.0,0.6845412703418223,0.0111782752206078,0.004909883264997405,0.003414328668411566,8.142102105167243e-05,8.494823319420947e-05,9.604712283336354e-05
179.0,0.6844137203238011,0.01153986793050054,0.004883431428735369,0.003395327854772651,8.156802192781098e-05,8.507730067372557e-05,9.61084042340772e-05
180.0,0.6853604472513763,0.01156611865453875,0.004856066883708735,0.003376579521066126,8.172058089484093e-05,8.523722371460722e-05,9.615308576592588e-05
181.0,0.6855254315117225,0.01142595228327536,0.004832646761345278,0.003358043478345481,8.187018567427207e-05,8.538332735570551e-05,9.61970482432162e-05
182.0,0.686487182250498,0.01165043205930986,0.004811257001483793,0.003339700995205996,8.204441404827025e-05,8.555194999266926e-05,9.622890701706755e-05
183.0,0.6875686974167141,0.01137749947374076,0.004788782275925483,0.003321540748535216,8.22537663332866e-05,8.57209327822001e-05,9.627568918838283e-05
184.0,0.6887835052650066,0.01152243087695434,0.00477048673718418,0.003303556364622317,8.243576617707325e-05,8.587790530006543e-05,9.630742540900946e-05
185.0,0.6890254005187504,0.01156191818035199,0.004754051970112048,0.003285768550589048,8.262340435879199e-05,8.60270381215188e-05,9.638861896356169e-05
186.0,0.6890869764632259,0.01144441858837596,0.004737199130546781,0.003268151540660682,8.282753767001098e-05,8.616023819119316e-05,9.647594296211876e-05
187.0,0.6901393406804198,0.01158608498099373,0.004719315288235788,0.003250671004025656,8.300026525644941e-05,8.632568574852064e-05,9.652168345202111e-05
188.0,0.6904942582199469,0.01219344893371074,0.004706116024633051,0.003233349368923607,8.320659671639436e-05,8.647472891773697e-05,9.652864496333024e-05
189.0,0.6900491539480428,0.01222063303111681,0.004689617690146731,0.003216233079983744,8.342415078484017e-05,8.659175065750084e-05,9.655929824268845e-05
190.0,0.6892289754520657,0.01244847667003619,0.004672778353157136,0.00319927981459076,8.357857271734063e-05,8.669836946336367e-05,9.660403222364058e-05
191.0,0.689748547078052,0.01231244410757637,0.004653822430072355,0.00318257124849449,8.379919510664586e-05,8.678621044746968e-05,9.661072744606377e-05
192.0,0.6897168027988514,0.01221374717627501,0.004634032216628854,0.003166075468876316,8.395788593704411e-05,8.688858556906967e-05,9.659607882215642e-05
193.0,0.6888649666565705,0.01285210360353577,0.004618077750082219,0.003149735101205735,8.41218103481014e-05,8.699298318422515e-05,9.659264822353439e-05
194.0,0.6893108813819767,0.01271128316863614,0.004598015037362718,0.00313355466455836,8.425699439257963e-05,8.705762415398901e-05,9.654549688814969e-05
195.0,0.690490522153655,0.01279441118068961,0.004580057522128105,0.003117522910233418,8.444471995036653e-05,8.709916907561072e-05,9.642339387123411e-05
196.0,0.6912439833100114,0.01226366031961349,0.004557958313453122,0.00310169265237408,8.456408883584467e-05,8.714646404049038e-05,9.628850737004523e-05
197.0,0.6911815541420948,0.01266042761654558,0.004541799752566032,0.003086053442765808,8.470160407169044e-05,8.714009460692041e-05,9.6144350104778e-05
198.0,0.6897932549806601,0.01278334717735804,0.004521683115809275,0.003070601797993691,8.487141122271215e-05,8.715430878360228e-05,9.599072462150346e-05
199.0,0.6897244312290289,0.01249462728924596,0.004500723178887847,0.003055304035365849,8.502843343702474e-05,8.715188142539656e-05,9.580355000788292e-05
200.0,0.6891076079678774,0.01204501082091919,0.004478009961950361,0.003040108336376374,8.51578046512628e-05,8.714037594987821e-05,9.560509154678348e-05
201.0,0.6892009641557347,0.01214294339513059,0.004459246322522597,0.003025098947672272,8.530324507119803e-05,8.712667851673175e-05,9.540423272261551e-05
202.0,0.6887819894251256,0.0120720911480066,0.004440620557776064,0.003010231474829617,8.545384112085466e-05,8.710667851779419e-05,9.520429371127621e-05
203.0,0.6892170004168247,0.01246387686189299,0.004423126296427675,0.002995480501783904,8.559216446038446e-05,8.708933140525744e-05,9.498145996145749e-05
204.0,0.6888525756699768,0.01236338019123377,0.004406849534784552,0.002980897318531709,8.573293577753142e-05,8.704158203487313e-05,9.473982704214796e-05
205.0,0.6888792308816944,0.01252496748293168,0.004390178833683566,0.002966430892139262,8.588626533671641e-05,8.701350242246201e-05,9.455024233164886e-05
206.0,0.6883679364166422,0.01215307220090425,0.00437428258054062,0.002952052477674914,8.600005276306078e-05,8.69606510032e-05,9.434577779998436e-05
207.0,0.6883517252241329,0.01184133167211593,0.004356683325269972,0.002937851777960185,8.61558883022448e-05,8.692759128950434e-05,9.414661519576795e-05
208.0,0.6887461019737396,0.01145185580734084,0.0043376003207592,0.00292380279173575,8.631448466282432e-05,8.687486677928493e-05,9.392517760595679e-05
209.0,0.6888023450726902,0.01160905701727497,0.004320089947878012,0.002909900262331155,8.6384620781367e-05,8.684596478573675e-05,9.373846132436673e-05
210.0,0.6889655565540883,0.01147073891318936,0.00430261682505172,0.002896134123616123,8.646664076408759e-05,8.680374275888764e-05,9.354512744587198e-05
211.0,0.6890536699389235,0.01245009805104581,0.004288404156979503,0.002882420358063889,8.655099251112787e-05,8.67787881096997e-05,9.335470254685445e-05
212.0,0.6888227888512867,0.01315502695807727,0.004275827490222946,0.002868845254380969,8.662947140531817e-05,8.674627314929019e-05,9.320078554622006e-05
213.0,0.6899314136555623,0.012861250215723,0.00425601242979146,0.002855414463803041,8.670999621602958e-05,8.674967344431184e-05,9.299841600802015e-05
214.0,0.6908014541120413,0.01292561548109193,0.004240917619029265,0.002842087523641124,8.673761042927372e-05,8.676393667686699e-05,9.281939889100797e-05
215.0,0.691894805322233,0.01277599260696929,0.004222517614029896,0.002828868988369912,8.675288493015621e-05,8.6815032046285e-05,9.264682592097494e-05
216.0,0.692203143978261,0.01331202285291126,0.004208023632430181,0.002815769411680961,8.677420215691528e-05,8.683547821573531e-05,9.24817899115154e-05
217.0,0.6927809686882576,0.01278233276966152,0.00418438940367112,0.002802784239999555,8.681328339936009e-05,8.683589057784048e-05,9.229993177892486e-05
218.0,0.6929456247462845,0.01256680377919817,0.004166153543127187,0.002789894526248891,8.680060247409554e-05,8.683881756513076e-05,9.210146633116569e-05
219.0,0.6925967085412374,0.01209917714968065,0.004145978501642472,0.002777136524519716,8.67454092759939e-05,8.691290164601888e-05,9.193399598899657e-05
220.0,0.6923926731789218,0.01155558201893639,0.004126408713839532,0.002764553191331034,8.67101175406556e-05,8.69621490576464e-05,9.176839897023415e-05
221.0,0.69160501179886,0.01167356473563537,0.004109414620121547,0.002752090900876292,8.66682030397269e-05,8.698890572268186e-05,9.160621235086666e-05
222.0,0.6920029393329521,0.0114224451023236,0.00409258932866287,0.00273973537351476,8.662425866261943e-05,8.703209407337895e-05,9.146255902637189e-05
223.0,0.6924599535705596,0.01302051130888008,0.004079412089164687,0.002727483074161177,8.657973656839772e-05,8.709882536590684e-05,9.13238492922534e-05
224.0,0.6931597126029941,0.01299398452378489,0.004070600766663731,0.002715364214547249,8.652082411741982e-05,8.72072256252934e-05,9.122686641349777e-05
225.0,0.6948279870333632,0.01195859594790264,0.004048275100381321,0.002703423185545847,8.649005526760562e-05,8.728050259088336e-05,9.114423314911015e-05
226.0,0.6960598647738151,0.01296020610419154,0.0040339928074753,0.002691615272242016,8.646025415651228e-05,8.738568337859376e-05,9.100975450720913e-05
227.0,0.6969247322983774,0.0123469096239301,0.004020056704200206,0.002679887961055957,8.639076482060785e-05,8.746657184200653e-05,9.091244676708116e-05
228.0,0.6982236696716925,0.01180751127035197,0.004006737279515726,0.002668244460480937,8.639498456853372e-05,8.75664573920679e-05,9.083816389205744e-05
229.0,0.6990411102509317,0.01207917150290954,0.003991062193988996,0.00265669062608069,8.63665257516956e-05,8.767915987097254e-05,9.075496633180202e-05
230.0,0.7017535250157859,0.01134659716444365,0.003977384416583201,0.002645189764286883,8.6366823750946e-05,8.781680709650078e-05,9.066353672209449e-05
231.0,0.7034529839703643,0.01161964672116817,0.003969084432414022,0.002633793926467303,8.640458295658583e-05,8.788449312855722e-05,9.057929022643917e-05
232.0,0.7058740878100165,0.01172292465930527,0.00395816545312919,0.00262251126228529,8.641307045041442e-05,8.793112478245315e-05,9.04740192045877e-05
233.0,0.7071609008417031,0.01120207945932608,0.003943773558528615,0.002611331275197366,8.642887419455894e-05,8.799471018759452e-05,9.03594635698395e-05
234.0,0.7088548813754247,0.01134356975353946,0.003932775426330707,0.002600193981267329,8.643439886201917e-05,8.808492266270395e-05,9.024752975738487e-05
235.0,0.7101683598802883,0.01053797006923928,0.003919348175861433,0.002589157640888964,8.641105789836297e-05,8.814181721674682e-05,9.012081056143556e-05
236.0,0.7109975345208476,0.01331508232538913,0.003913593188072817,0.002578235456184897,8.638732539117768e-05,8.817775689675661e-05,8.997977010917957e-05
237.0,0.7107758908405745,0.01371890148424521,0.003905892976426121,0.00256740466905287,8.635093212808645e-05,8.82287726686633e-05,8.987456755909597e-05
238.0,0.7107562914005274,0.01324929863183821,0.003898099440990817,0.002556643784469728,8.630475273642021e-05,8.820925820916243e-05,8.971693539333891e-05
239.0,0.7103952018593899,0.01251016672110413,0.003883699106118714,0.002545979973614488,8.62821735025181e-05,8.821047482188602e-05,8.950013228701104e-05
240.0,0.7103465329068384,0.0112108025677343,0.003866692376861445,0.002535416950429396,8.624367959172692e-05,8.818739772971497e-05,8.930415799316414e-05
241.0,0.7102980991420857,0.01076199328769371,0.003850378329364439,0.002524943098659579,8.616234430876224e-05,8.81885565603902e-05,8.907814796764737e-05
242.0,0.7093783727581671,0.01070909695446943,0.003838583818047679,0.002514541252537965,8.60960039975057e-05,8.816735053674523e-05,8.887183128904592e-05
243.0,0.7081924811712416,0.01089428203247677,0.003829411192247177,0.002504270399503432,8.603742059322071e-05,8.813016541756364e-05,8.86637590447049e-05
244.0,0.7072135827797925,0.01035361277690616,0.003814651901675481,0.00249409592289248,8.596872711904043e-05,8.809036862289704e-05,8.846015871431787e-05
245.0,0.7059788415311258,0.01009687914123485,0.003800893540622965,0.002484009870383353,8.588914759506555e-05,8.805733556514136e-05,8.825891191028902e-05
246.0,0.7044453159350896,0.009904617094619636,0.003791304768747078,0.00247399341696021,8.579527730303142e-05,8.801064198705812e-05,8.806540383621324e-05
247.0,0.7033662371271492,0.009484481212116513,0.00378201000398321,0.002464023378140371,8.570659958995459e-05,8.799412980503706e-05,8.785860019994402e-05
248.0,0.7037106205413669,0.009770925013927742,0.003774383777695684,0.002454077225264951,8.564449734793666e-05,8.796303646554301e-05,8.767866718931776e-05
249.0,0.7029516187183594,0.009564754539408879,0.003763744263203893,0.002444263514189053,8.558572178273243e-05,8.792747209129859e-05,8.747553917274032e-05
250.0,0.7021732430681508,0.01043863895846876,0.003756126353777401,0.002434513404670581,8.554059695837948e-05,8.790195880381649e-05,8.726775755891556e-05
251.0,0.7018065919084356,0.01123053994390199,0.003750642344147593,0.0024248364712051,8.545973297599568e-05,8.784783766810219e-05,8.705758831079527e-05
252.0,0.7005092253445491,0.01097126711208377,0.003743601843510261,0.002415211279424392,8.534297285357844e-05,8.777936777759046e-05,8.678257423304855e-05
253.0,0.6998933263914081,0.01064687262549312,0.003733327500500781,0.002405688240736881,8.523177027533986e-05,8.772679073579963e-05,8.653391907932265e-05
254.0,0.6991531948667672,0.01053945062465316,0.003725633257972734,0.002396259439784115,8.50740233056684e-05,8.765507824157615e-05,8.626739704147047e-05
255.0,0.6988859465677475,0.01064146261005562,0.00372013517085935,0.002386925549731377,8.489280944349185e-05,8.758357298167637e-05,8.598676916554201e-05
256.0,0.6978757827883851,0.01042102413676946,0.003712202441638858,0.002377659795949989,8.471565762328782e-05,8.744878581520844e-05,8.572701201261146e-05
257.0,0.6968100920841229,0.01073176395729168,0.003706333438662764,0.002368441106042165,8.455621959124339e-05,8.7307352197995e-05,8.548667979416889e-05
258.0,0.6957740538362123,0.01100393460000967,0.003697353390247871,0.002359296545859883,8.438115189368398e-05,8.71709699162715e-05,8.522119567859445e-05
259.0,0.6952895139004901,0.01107195424691759,0.0036916878424765,0.002350240387597864,8.416319293190865e-05,8.704264617889687e-05,8.493649081086966e-05
260.0,0.6946072969188569,0.01092642599980018,0.003682632366510275,0.002341270505772455,8.390727449714334e-05,8.693998707083838e-05,8.465369722634936e-05
261.0,0.6939394602062462,0.01080963901056692,0.003677219355994402,0.002332333023737504,8.366929470534937e-05,8.685487732484998e-05,8.436952850837674e-05
262.0,0.6931416031177526,0.01063569367796426,0.003668186781894539,0.002323444740704624,8.341358405254398e-05,8.676233669986435e-05,8.405640143616931e-05
263.0,0.6916806997574434,0.01032777345268896,0.003661537486070202,0.002314676453991462,8.319417520079257e-05,8.668173338843273e-05,8.378649489541839e-05
264.0,0.6906421228240247,0.01065942493693688,0.003658869438628444,0.002305987644880475,8.295888276404672e-05,8.659606897241537e-05,8.353602026350089e-05
265.0,0.6888397780924774,0.01100236615321992,0.003656197707025536,0.002297363601051937,8.272338694561563e-05,8.648783398889854e-05,8.32658805540207e-05
266.0,0.6877274859291296,0.01105677694534874,0.003649990233303337,0.00228877782733141,8.25070046630795e-05,8.64030235021094e-05,8.301134443702755e-05
267.0,0.6865953600285912,0.0106301008849813,0.003644757131771838,0.00228023329557533,8.229503587739205e-05,8.635172830240035e-05,8.272959185540983e-05
268.0,0.6850543080494881,0.01065366499258393,0.00364084556744345,0.002271789475899801,8.211360301291139e-05,8.629518127787582e-05,8.246426003451196e-05
269.0,0.683671193484641,0.01008128037256496,0.003633909836250451,0.002263411326627302,8.18882276900403e-05,8.624434080397107e-05,8.221572328189198e-05
270.0,0.6833610555390794,0.01114572951252524,0.003633736675711876,0.002255026334240251,8.168011108881853e-05,8.618464820998918e-05,8.199748330262928e-05
271.0,0.6825910664233058,0.01083059428562258,0.003629078615059638,0.002246681751307938,8.147831578846245e-05,8.61219960538394e-05,8.17647399096182e-05
272.0,0.6817057185162504,0.01142749881168407,0.003626802332205055,0.0022383999033843,8.124973554108119e-05,8.60581081868645e-05,8.155564380931071e-05
273.0,0.6803261487968147,0.01101657662954587,0.003620500345491317,0.002230206464424117,8.107309481917164e-05,8.60232008711852e-05,8.133517686431046e-05
274.0,0.6801017607043446,0.01051625698104002,0.003612998939663875,0.002222074159595608,8.092265358685656e-05,8.604016710202161e-05,8.115013769581298e-05
275.0,0.6795877117108221,0.01093457343272923,0.003605529568635387,0.002213973749545592,8.075250096592231e-05,8.603013257778743e-05,8.097839097448357e-05
276.0,0.6781488916849332,0.01408395408818177,0.003603960469769851,0.002205934749506793,8.062081532112758e-05,8.604079336734367e-05,8.080769240051124e-05
277.0,0.677429874693448,0.01332392819665918,0.003595448831159777,0.002197985688429482,8.043494816756106e-05,8.603926750223898e-05,8.070540122170699e-05
278.0,0.6770554905996469,0.01292662352784834,0.003589978075354341,0.0021900751022527,8.024842294840547e-05,8.604581572621904e-05,8.055466805433222e-05
279.0,0.6769271410575802,0.01099629232985122,0.00357420138325712,0.002182205419748709,8.006962285121621e-05,8.600161823901595e-05,8.040773095443636e-05
280.0,0.676529579338938,0.01071318762043329,0.003565775259994161,0.002174387373893939,7.993484824703178e-05,8.599355305594403e-05,8.028250460518922e-05
281.0,0.6771331624374681,0.01026421170222722,0.003555449235434299,0.002166618751947958,7.982550876572497e-05,8.601177526876242e-05,8.016504480444298e-05
282.0,0.6766929878413972,0.01051837541466911,0.003551651654067642,0.002158939599095364,7.967780599760235e-05,8.60436901407436e-05,8.010044181802782e-05
283.0,0.6769741786219885,0.01016654068602737,0.003545287783575536,0.002151315695976889,7.952979832417889e-05,8.60685719304462e-05,7.999427055707104e-05
284.0,0.676559133030397,0.0116375089175412,0.003542101077898906,0.002143732705685874,7.940055205670274e-05,8.605451825420012e-05,7.993477699818065e-05
285.0,0.6765453252264311,0.0107482576641531,0.003539391968044882,0.002136187591426849,7.925530048920586e-05,8.61160292612658e-05,7.992435676200776e-05
286.0,0.6767034473162655,0.009751516792750508,0.003534814824095372,0.002128678640985089,7.908233121494662e-05,8.614272529171715e-05,7.988912461259447e-05
287.0,0.6763353872775035,0.009427296738769233,0.003529316254982098,0.002121233315975721,7.892668602427948e-05,8.613308344727207e-05,7.982890640898657e-05
288.0,0.6763767242407352,0.009109965446203327,0.003527564887430675,0.002113838885965759,7.878110358289246e-05,8.613667823853173e-05,7.98022217255643e-05
289.0,0.6769135815121573,0.00978100031312785,0.003526182214517357,0.002106511740239658,7.864417301474115e-05,8.616944385014631e-05,7.982953429784713e-05
290.0,0.6763590120116988,0.009561483381562324,0.003525778427981135,0.002099217714195087,7.847558309261992e-05,8.615395484101153e-05,7.984949904201382e-05
291.0,0.6772403076271502,0.00940545277410281,0.003524115503576776,0.002091983738623616,7.832365860534856e-05,8.619002344260143e-05,7.985382485702411e-05
292.0,0.6769555401125301,0.009273483776310933,0.003523086820875515,0.002084790266065817,7.81677605855144e-05,8.621208285130936e-05,7.984842869440757e-05
293.0,0.6767262929673802,0.00914407266260452,0.003520666927167448,0.002077627050196019,7.800225425891041e-05,8.624523749074621e-05,7.987839225945671e-05
294.0,0.6763398809147603,0.008948649390949099,0.003519442492248345,0.002070551138917341,7.783450919205143e-05,8.629556597398267e-05,7.990689308854096e-05
295.0,0.6763360715755171,0.008821866112101765,0.003516101925820282,0.002063494615568918,7.765215140296972e-05,8.634175215547827e-05,7.991436168374892e-05
296.0,0.6766823076297681,0.009051314665129638,0.003513463057663605,0.002056515608355748,7.748396798981771e-05,8.637932870256139e-05,7.994755549287105e-05
297.0,0.6766801978931477,0.008920601858092205,0.003510571224348193,0.002049573217472045,7.733267880738762e-05,8.639115318512e-05,7.995189605480881e-05
298.0,0.6764822232611697,0.008838912891987523,0.003506904537564153,0.002042695468773614,7.715729504455238e-05,8.644203658433536e-05,7.998035314698018e-05
299.0,0.6763337404186868,0.00893267693129563,0.00350485571372325,0.002035867219867623,7.695390331477723e-05,8.650126750792609e-05,8.001787901129739e-05
300.0,0.6769215884229371,0.008828761330129718,0.003500281458050223,0.002029081016157751,7.681330051022526e-05,8.655266457126287e-05,8.002509010473725e-05
301.0,0.677990870487374,0.009020714917810414,0.003498348615915945,0.002022319357383142,7.665932545645165e-05,8.660823859331533e-05,8.006552136510529e-05
302.0,0.6782182710731176,0.008469853293917109,0.003493167734938856,0.002015594957546879,7.651764256551738e-05,8.665186216363643e-05,8.01004017824908e-05
303.0,0.6785587845545138,0.008795998507595418,0.00349154821499725,0.002008928046627222,7.636506540953058e-05,8.667506603667003e-05,8.0148151319786e-05
304.0,0.6793316316016135,0.00863540451352267,0.00348941682869461,0.002002251750264571,7.621464447152079e-05,8.672837415152388e-05,8.01826888193658e-05
305.0,0.6790147562985678,0.008594033949124646,0.003487553725327329,0.001995626142800868,7.60794427184718e-05,8.677889503739823e-05,8.022024685657748e-05
306.0,0.6793453156489441,0.008435899472425847,0.003484600822270924,0.001989047944111695,7.594654035005133e-05,8.680415112291428e-05,8.027286560747936e-05
307.0,0.6798507308276369,0.008265920582489402,0.003482715954702047,0.001982508305057523,7.581162458805437e-05,8.683379482901143e-05,8.030289409262182e-05
308.0,0.6793634519061517,0.008218207881737776,0.003479710070030576,0.001976010498611853,7.5684406288725e-05,8.688428909966258e-05,8.03226266706979e-05
309.0,0.6789488611457463,0.007993522672025254,0.003474463902814149,0.001969547217826256,7.556955338878173e-05,8.688947358104032e-05,8.034828456506027e-05
310.0,0.6783910020215793,0.007947923311108145,0.003470088745641395,0.001963162404656522,7.548537582664473e-05,8.690961233935503e-05,8.038400173439212e-05
311.0,0.6783649763572447,0.008030732688225063,0.00346620072996133,0.001956814400433226,7.537676802818977e-05,8.691328326686739e-05,8.041335844699128e-05
312.0,0.6783864455965553,0.008206936787196499,0.003463055462070307,0.001950525225081008,7.531330651245389e-05,8.694127325555351e-05,8.040681104839856e-05
313.0,0.6781763345962049,0.008107676875374777,0.003457650870023111,0.00194426792930946,7.523924310036199e-05,8.694812130693582e-05,8.04318643543153e-05
314.0,0.6775490485164686,0.008224851982687157,0.00345143678517534,0.001938035891458424,7.514146251648071e-05,8.697600133710259e-05,8.045260594069429e-05
315.0,0.6776788220697965,0.008069690366641243,0.003442459846403779,0.001931844987376149,7.50510134690409e-05,8.701278905941946e-05,8.045032790718233e-05
316.0,0.6772164334701533,0.007978702496654187,0.003432387837214947,0.001925677966254744,7.49911306177567e-05,8.702360892955223e-05,8.041801863273232e-05
317.0,0.6766015462188764,0.007849941482543824,0.003421591485584592,0.001919524046061501,7.489503457123981e-05,8.70294665096587e-05,8.040492697258217e-05
318.0,0.6756037595968082,0.007886201238683272,0.003411945158578876,0.001913413762603878,7.480798793916094e-05,8.701054475749422e-05,8.03677079707462e-05
319.0,0.6750072736373206,0.007762682075822788,0.003399725249368533,0.001907357445658963,7.472187343648353e-05,8.702075093001377e-05,8.029421366207164e-05
320.0,0.674538806854932,0.007752180093240871,0.003387836134021153,0.001901324273993694,7.464018567873492e-05,8.702543240336245e-05,8.024282802433196e-05
321.0,0.67358346978263,0.00772818698707179,0.003375590009080789,0.001895340160900659,7.459124362582912e-05,8.704779486496058e-05,8.018216086609835e-05
322.0,0.6724871854573493,0.007622611280498093,0.003363350415676832,0.001889405252071639,7.450493821369296e-05,8.706474336046368e-05,8.00759845599727e-05
323.0,0.6722453093088068,0.007547725211766414,0.003351604240278548,0.001883510350546577,7.442136158148182e-05,8.708112436809921e-05,8.00059793784043e-05
324.0,0.6726823487028833,0.007486787832312884,0.003339324874559613,0.001877637479834827,7.433292927598329e-05,8.706471362432064e-05,7.992337628704654e-05
325.0,0.6715640962688101,0.007476061396148349,0.003327424050258034,0.001871824921553006,7.42534029136695e-05,8.709109313240698e-05,7.982914498756878e-05
326.0,0.6704475081545396,0.00736618694006549,0.003316724331560226,0.001866021189312741,7.416636451179353e-05,8.708243012340462e-05,7.972135683373647e-05
327.0,0.6696938642804736,0.007424894990067303,0.003306418090209264,0.001860243035353104,7.408670845490217e-05,8.706133256899337e-05,7.954779479566874e-05
328.0,0.6680421782585789,0.007459075233605798,0.003296324582354827,0.001854535479222537,7.399504582063537e-05,8.70369409263699e-05,7.93672076704586e-05
329.0,0.666626156500887,0.007378700734762616,0.003286207290227056,0.001848863415887272,7.388811723284807e-05,8.700962133949147e-05,7.91906377674816e-05
330.0,0.665665521685886,0.007350610942247079,0.003277026291517447,0.001843197784349001,7.377224214523298e-05,8.695897638582688e-05,7.900365851483567e-05
331.0,0.6643535058448781,0.007177023232103382,0.003267632739611352,0.001837564112775537,7.364563227045221e-05,8.693257696280804e-05,7.88274383817166e-05
332.0,0.663082850749496,0.007181444384268497,0.003259850463527261,0.001831983364845625,7.349188220384939e-05,8.689056418580864e-05,7.866962700397285e-05
333.0,0.662049804650424,0.007120739200561505,0.003251874430623458,0.001826442366264385,7.335429725562898e-05,8.685180660568727e-05,7.84738520736648e-05
334.0,0.6617462490777469,0.007073122681350141,0.003244891406756914,0.001820907751512628,7.325442894479728e-05,8.677023685378693e-05,7.828269557612906e-05
335.0,0.6605825475831484,0.00708839417289668,0.003238093007855493,0.001815391404839223,7.313033786223885e-05,8.673731709019737e-05,7.810550749329893e-05
336.0,0.6593244143506469,0.007224797030506877,0.003233122381171554,0.001809912455807524,7.299668533406847e-05,8.670236853492953e-05,7.793070342094119e-05
337.0,0.6581363552208441,0.007130512181123789,0.003228416934200446,0.001804454107067323,7.284607986897328e-05,8.666006869506327e-05,7.774491945133231e-05
338.0,0.657837058901465,0.007115710742283089,0.003223338468067709,0.001799044592168767,7.271990596294958e-05,8.65793860290884e-05,7.757649702516243e-05
339.0,0.6565885933867626,0.007050332269870594,0.003218893067142524,0.00179363878969527,7.257701910928594e-05,8.650926624324003e-05,7.74226946960205e-05
340.0,0.6559695950008599,0.006982488707670603,0.003214433164739402,0.001788268728942641,7.243163384926138e-05,8.645833624416025e-05,7.726723080903183e-05
341.0,0.6555475982030422,0.006789904889645822,0.003210722678239079,0.001782950608893608,7.22787540035494e-05,8.639217627197596e-05,7.714168710115947e-05
342.0,0.6545384073171682,0.00680925113120647,0.003208404539342033,0.001777651867808496,7.214562341103515e-05,8.634667055433007e-05,7.700855912225207e-05
343.0,0.6546122461999467,0.006914318019210631,0.003207479763382098,0.001772369261153078,7.205708247023894e-05,8.631192080355726e-05,7.688724700934879e-05
344.0,0.6545690375852654,0.006899649379666672,0.003206374208261369,0.001767140977735939,7.195676635981843e-05,8.626665052319e-05,7.676763907522342e-05
345.0,0.6549767652221755,0.006819924596678881,0.003205706206642083,0.001761975420417913,7.18557334583429e-05,8.622539604684829e-05,7.666855081782538e-05
346.0,0.6552720434602956,0.006977324346914411,0.00320542382199761,0.001756830731715584,7.176856568252846e-05,8.617529766038504e-05,7.657529805938284e-05
347.0,0.654583216059229,0.006956393535331146,0.00320506242805563,0.001751718757409863,7.169391140183262e-05,8.613901720197474e-05,7.647364071828517e-05
348.0,0.65535056263051,0.006893141292722865,0.003204090780536936,0.001746618844330589,7.162130522735485e-05,8.606261168216034e-05,7.63946140438459e-05
349.0,0.65579180895814,0.006988940380170107,0.003204083142141149,0.001741555287929836,7.154115192941483e-05,8.601739280191067e-05,7.631026758257884e-05
350.0,0.6558617520359664,0.006942801298808097,0.003202196431117556,0.00173654956331362,7.148181317679195e-05,8.596124657572884e-05,7.6252490990052e-05
351.0,0.6557371499243702,0.006917074439769316,0.003201870713591866,0.001731588950357258,7.141167023590124e-05,8.591109804090658e-05,7.62252659759926e-05
352.0,0.6554532369695126,0.006747265926574444,0.003199756555877626,0.001726719395434238,7.135998298490081e-05,8.58384261001578e-05,7.61864825043631e-05
353.0,0.6559744710398479,0.006839174016642986,0.003199667422537072,0.001721956826122303,7.134073625286429e-05,8.573586499435006e-05,7.612766571924148e-05
354.0,0.6552735851890004,0.006731425818719787,0.003198821619886391,0.001717313371157872,7.131901343540836e-05,8.566147558705364e-05,7.608329486732375e-05
355.0,0.6543197185392331,0.006893147714345102,0.003198558125204345,0.001712761418584238,7.131042834119828e-05,8.554621554013307e-05,7.601360730705811e-05
356.0,0.6537748835706646,0.006746625869694852,0.003196311629590887,0.001708316182390482,7.128956660854674e-05,8.540807409201318e-05,7.594790690005849e-05
357.0,0.6535374842826946,0.006876858077004253,0.003195946766075791,0.001704001690102265,7.127092440527703e-05,8.53367518854873e-05,7.591938525990069e-05
358.0,0.6526142039163697,0.0068947094769636,0.003195188523152922,0.001699796480729023,7.127653606769273e-05,8.52088293963687e-05,7.586196370654426e-05
359.0,0.6521728917024036,0.006856195771060804,0.003193310712914634,0.001695671726519815,7.12797397906601e-05,8.506593853923411e-05,7.578201853185913e-05
360.0,0.6520696313836338,0.006733099545047709,0.003189185597991532,0.001691562801456131,7.124785688819333e-05,8.491400966966831e-05,7.569416128151163e-05
361.0,0.6514837163607025,0.007021727488778142,0.003187439194865692,0.001687577660764082,7.122548657508882e-05,8.476708922853767e-05,7.558206149441235e-05
362.0,0.6517018109031788,0.006982962233197563,0.003183507342399873,0.001683658083301975,7.123188968735974e-05,8.46246798015073e-05,7.546385230785071e-05
363.0,0.6513987222576147,0.006994891998801072,0.003178376939025113,0.001679842716900773,7.123489341008986e-05,8.446939174688539e-05,7.533889600326449e-05
364.0,0.6488788634309053,0.007120668118720899,0.003173651367142225,0.00167612379977855,7.124271064892647e-05,8.429350399310334e-05,7.523986355567172e-05
365.0,0.6474098560674381,0.007234035826100844,0.003169251039034712,0.001672478309837577,7.124489016588528e-05,8.412541862787408e-05,7.512547857430635e-05
366.0,0.646095295510552,0.007307454265513247,0.00316483434276639,0.00166894268100295,7.121530430720572e-05,8.395430535178436e-05,7.503203227002908e-05
367.0,0.6450877053552614,0.007363232847244002,0.003160172743022136,0.001665505715605873,7.119209969727076e-05,8.373014564349942e-05,7.491919013992837e-05
368.0,0.6437723060280864,0.007204536758738656,0.003152916712702515,0.001662133287066588,7.118066658650185e-05,8.354057455701072e-05,7.481898254058127e-05
369.0,0.6420493698742589,0.007067095822886937,0.003146404403920715,0.001658874086418733,7.11379915836963e-05,8.330879270961092e-05,7.469016435012312e-05
370.0,0.6398074001636732,0.00715641912328793,0.003138375896987536,0.001655672442085154,7.11085904617223e-05,8.306820081485967e-05,7.453971966550945e-05
371.0,0.6385567279536227,0.007080421428747606,0.003131554079019618,0.001652536356136556,7.106000620176156e-05,8.280824697597359e-05,7.436376160050013e-05
372.0,0.6372690565546869,0.007074229472793968,0.003124645757785762,0.001649488685784581,7.100335737266384e-05,8.254871503571703e-05,7.416748572413809e-05
373.0,0.6348264243824064,0.007064239348412226,0.003116406337544726,0.001646520507766097,7.095206107472599e-05,8.228726958425483e-05,7.398883570574515e-05
374.0,0.63273843593954,0.007148567238121795,0.003109001989596852,0.001643663407808489,7.092237238996963e-05,8.200576959233044e-05,7.381813763460703e-05
375.0,0.630764993307366,0.007058072713231539,0.003101035754887056,0.001640919579701218,7.082902637642053e-05,8.176805456837593e-05,7.363571237341081e-05
376.0,0.6291485231970767,0.007020570675565035,0.003092867920492894,0.001638259804714159,7.073347830847756e-05,8.151527090351404e-05,7.3471988283936e-05
377.0,0.6274156660991627,0.007001995781155458,0.003084958392256991,0.001635665829679003,7.064193288506485e-05,8.128995156472654e-05,7.330193930463309e-05
378.0,0.625947440870449,0.007008417441416464,0.003076768266983533,0.001633145486809299,7.052220830308528e-05,8.105774748762658e-05,7.316052721885181e-05
379.0,0.6245419605567724,0.007101024327176748,0.003069551517905787,0.001630724798996676,7.038970944200978e-05,8.082704122538945e-05,7.298153711769338e-05
380.0,0.6227931098731131,0.006992058452460948,0.003060600496182425,0.00162834670454202,7.028253531957276e-05,8.056223320931325e-05,7.277717046672239e-05
381.0,0.6210352027169848,0.006991397722886808,0.003052676312621823,0.001626068302856759,7.018572319258232e-05,8.028792062297182e-05,7.257926648558872e-05
382.0,0.6203217541669653,0.006910761211914952,0.003044020518137605,0.001623893190601825,7.007190562069805e-05,8.003805058988566e-05,7.237300839607844e-05
383.0,0.6204051923293795,0.006903384310574991,0.003037519048691025,0.001621830824298122,6.997302638525408e-05,7.977860560016947e-05,7.218359090333338e-05
384.0,0.6191569166926852,0.006928609664787273,0.003031898792111447,0.001619867020619149,6.983092019983324e-05,7.951205143493274e-05,7.196614611999721e-05
385.0,0.6176416476727707,0.006980920692292177,0.00302708736781436,0.00161800805747121,6.970949780045351e-05,7.923298026869883e-05,7.173587572344503e-05
386.0,0.615813946982414,0.007056615717618597,0.003021826123631896,0.001616246439249331,6.958400187495759e-05,7.89909067101279e-05,7.151914383539053e-05
387.0,0.6145957273807428,0.006992169563984554,0.003016557425117181,0.001614602673108678,6.946520220237081e-05,7.874303399938531e-05,7.131116998369579e-05
388.0,0.6150367831170312,0.007052211028574242,0.003011230275768151,0.00161305031077263,6.932743385126163e-05,7.850184434126821e-05,7.110148004524206e-05
389.0,0.6144615490356147,0.006903559771326089,0.0030046944660845,0.001611608931042368,6.9226305126753e-05,7.823454456819831e-05,7.090409421227941e-05
390.0,0.6134580782191951,0.006825046252268658,0.002997856119288363,0.001610267692637568,6.908746676039781e-05,7.796962133794239e-05,7.072393085736682e-05
391.0,0.6123129126766357,0.006730126243155603,0.002989801962438152,0.001609033840190503,6.894079224701189e-05,7.775240718314207e-05,7.051580771456014e-05
392.0,0.6111625282512309,0.006823329344208477,0.002982042894098784,0.001607936461821085,6.879958042624493e-05,7.752944331072104e-05,7.031804820470275e-05
393.0,0.6112117347436767,0.006773612326642186,0.002973275095302439,0.001606901397533569,6.865250151973008e-05,7.727888060841853e-05,7.010045346738241e-05
394.0,0.6113226068241054,0.006713230166725375,0.002963790197197076,0.001605937262946877,6.848959797334993e-05,7.702841202717157e-05,6.99088328721582e-05
395.0,0.6106846134196232,0.006819379232960844,0.002955251131219853,0.001605043656595955,6.83212561553633e-05,7.676688657433846e-05,6.96956129733034e-05
396.0,0.6103162237045651,0.006947642644958415,0.002946491951112816,0.00160421882198031,6.815569433837041e-05,7.652300318581679e-05,6.950196246374157e-05
397.0,0.6099433197116966,0.006887470566977823,0.002936372582141236,0.001603397903020705,6.797464799794837e-05,7.627318691692209e-05,6.928600331670404e-05
398.0,0.6089893109961232,0.006794170252810883,0.002927657558021276,0.001602673387032504,6.780344102218814e-05,7.599755688605022e-05,6.907940584277916e-05
399.0,0.6072031904841093,0.006881288539250428,0.002917185809531319,0.001601984155220719,6.762900405432412e-05,7.572987388556005e-05,6.888398119268935e-05
400.0,0.6067100535275086,0.006821242389115242,0.002907436055970882,0.001601427255983917,6.747736318541155e-05,7.54840073118758e-05,6.869183015678314e-05
401.0,0.6063107746659946,0.006670426502504733,0.002896521776708505,0.0016008967920032,6.732440963088891e-05,7.5261362255591e-05,6.848858914768044e-05
402.0,0.6056916879554394,0.006558793149871255,0.002885374161321196,0.001600343185969511,6.718162063693503e-05,7.503355545162291e-05,6.828692607464988e-05
403.0,0.6046763696607204,0.006564502466317163,0.002873472041042488,0.00159981635250183,6.70131947795811e-05,7.479789939296114e-05,6.810664678320786e-05
404.0,0.6033020963844512,0.006389763314863094,0.00286065001754929,0.001599382138930937,6.685334244978343e-05,7.455064370057399e-05,6.790670557589862e-05
405.0,0.601969420826939,0.006644353878644648,0.002850153543581702,0.001599026903637624,6.669070729333643e-05,7.435303564848147e-05,6.771513047184436e-05
406.0,0.6006648282280596,0.006482496568359931,0.002837017404836649,0.001598674802676498,6.654112337801891e-05,7.414097816184523e-05,6.755101612287143e-05
407.0,0.599895288800547,0.006450937981273464,0.00282398272034492,0.001598317019453105,6.638459711666664e-05,7.388258294710086e-05,6.73685043513267e-05
408.0,0.5990658523307186,0.006420280153995097,0.002810710900995637,0.001597979415189165,6.625281462108947e-05,7.364068050934734e-05,6.718127500276908e-05
409.0,0.5982518165144288,0.006365359495477919,0.002797414645278237,0.001597644017784599,6.61067357175556e-05,7.341993360005769e-05,6.700284397577813e-05
410.0,0.5965229281970275,0.006394295961168063,0.002784727485119143,0.001597207237494206,6.597810305662905e-05,7.31918245153683e-05,6.682084167318938e-05
411.0,0.5946833330875984,0.006455882215642602,0.002770677574977526,0.001596854858497888,6.580919404682164e-05,7.295052926824557e-05,6.664707746432674e-05
412.0,0.5923766154977652,0.00626153966648728,0.00275565295383676,0.001596560857662566,6.563291224196029e-05,7.272045412442176e-05,6.648370495927133e-05
413.0,0.5904272700507853,0.006304535437558133,0.002741870728273133,0.001596256837313925,6.547863169541389e-05,7.251456168752886e-05,6.631533724114891e-05
414.0,0.588767610286259,0.006214309281824836,0.002727355306902562,0.001595943352419095,6.532550701909708e-05,7.229286430426004e-05,6.617331923578285e-05
415.0,0.5876150094298623,0.006073128207973308,0.002712426144002674,0.001595655686881027,6.518263988978185e-05,7.207958413040962e-05,6.604400561115823e-05
416.0,0.5857910699367751,0.006279620512159729,0.002698698046842594,0.001595374613945193,6.503415500142246e-05,7.185867742358733e-05,6.590415914358779e-05
417.0,0.5839854331467695,0.005947837981805836,0.002684273541222619,0.001595048925429808,6.484175563004519e-05,7.164679506066578e-05,6.573783413036287e-05
418.0,0.5819213475288373,0.006016998109819877,0.002672474812188116,0.001594711515547125,6.467488268482505e-05,7.142172623540212e-05,6.556579424818137e-05
419.0,0.5805460725172771,0.005807882507938416,0.002658418851792519,0.001594350988861635,6.452960223737379e-05,7.123160267948457e-05,6.541009077405072e-05
420.0,0.5788615084013611,0.005912175698111671,0.002647597217792701,0.001593959338510418,6.438725506796792e-05,7.104603758322723e-05,6.52606270054865e-05
421.0,0.5767536536642862,0.005722957973096536,0.002634943392978139,0.001593623513037304,6.425852412903265e-05,7.0854699505249e-05,6.512506229970034e-05
422.0,0.5750939048857978,0.005751254290304677,0.002623673324170079,0.001593232696432489,6.411750768850289e-05,7.067744427605043e-05,6.497331650845978e-05
423.0,0.5731772832423909,0.005773063660314147,0.002612988718142114,0.001592824053591787,6.397223659865997e-05,7.051014874411634e-05,6.48190366826677e-05
424.0,0.5715700087206738,0.005694491017544767,0.002603044852961672,0.001592377917368448,6.382251708141305e-05,7.036428907443947e-05,6.466544982103288e-05
425.0,0.5703151585400558,0.005809858469142204,0.002595694529562906,0.001591928863940533,6.370583042941664e-05,7.024083509889339e-05,6.44680460220763e-05
426.0,0.5688798371064159,0.005630147537726637,0.002586326076607441,0.001591525323167552,6.36047541556502e-05,7.012132973990704e-05,6.429355045965334e-05
427.0,0.5673592184163014,0.005507079764379795,0.002578561798598872,0.001591044808549976,6.349114988682557e-05,7.001613175161937e-05,6.412243131998413e-05
428.0,0.5660694084908483,0.00549340368742473,0.002572444266738273,0.001590530461024782,6.339272460122961e-05,6.991646833873175e-05,6.396524022341304e-05
429.0,0.5652914401033212,0.00575475054916688,0.002567316577224022,0.001590029127670144,6.331187074177975e-05,6.981600061437912e-05,6.38122099955364e-05
430.0,0.5644141193730934,0.005489337028752271,0.002559785692613301,0.00158950471704882,6.323077207455014e-05,6.972963868184021e-05,6.365879431798719e-05
431.0,0.5639933488094114,0.005525826978467425,0.002554655892920824,0.001588919353150306,6.316465755082307e-05,6.964237448695301e-05,6.349971695601414e-05
432.0,0.5627223041182199,0.005620988577000377,0.00255078631084205,0.00158829296061074,6.309666010947861e-05,6.958911564814818e-05,6.334269299165171e-05
433.0,0.5617911906593911,0.00548645909321169,0.002546362035872772,0.001587661907642202,6.304402113416347e-05,6.951329354109314e-05,6.321443693413093e-05
434.0,0.5614719191296976,0.005375915070814746,0.002542909633645548,0.001587003207390086,6.302161804718502e-05,6.946869457757214e-05,6.310322506769031e-05
435.0,0.5613129335571362,0.005540959648996249,0.002541239933887366,0.001586303617799089,6.301613097319385e-05,6.944140577215302e-05,6.298868712969468e-05
436.0,0.5608145104966538,0.005559501225455417,0.00254013175234066,0.00158559702417021,6.299490627421732e-05,6.943609857280671e-05,6.286271743821208e-05
437.0,0.5608689548221105,0.005573657911185317,0.002539900252467139,0.001584832631943344,6.298366301255748e-05,6.94257337055752e-05,6.276162513118405e-05
438.0,0.5607303350481075,0.005699503402978172,0.002540558831664341,0.001584004798865475,6.300250611288876e-05,6.941750180152914e-05,6.266791778420268e-05
439.0,0.5609368090214948,0.005906404851230506,0.002540675349222357,0.001583143982580338,6.302567863331029e-05,6.942560665571163e-05,6.259055176215884e-05
440.0,0.5611839631951211,0.006037856588290896,0.002540584275853235,0.001582337269768495,6.304412264687624e-05,6.944153180548252e-05,6.25321245286622e-05
441.0,0.5615571222251479,0.005854755654121493,0.002540812452264001,0.001581584651303672,6.30658336123921e-05,6.946777214241068e-05,6.246421455838571e-05
442.0,0.5619494901721592,0.00587407489758359,0.002542228319987028,0.001580817862144492,6.308295584101317e-05,6.94965689864102e-05,6.241415042837332e-05
443.0,0.5627957337628969,0.00571508215249359,0.002543629612081605,0.001580021181424569,6.309945565747554e-05,6.953703512909018e-05,6.235826451452186e-05
444.0,0.5636901524224454,0.005792223413034147,0.002547061838532941,0.001579244170138872,6.311904055129419e-05,6.959166076237696e-05,6.232185131597411e-05
445.0,0.5640155930965768,0.005595282644668459,0.002549960802153531,0.001578497140177272,6.313884996404299e-05,6.962916714155765e-05,6.230359909786678e-05
446.0,0.5644761600932735,0.00589206465035623,0.002555547352803051,0.001577703447128964,6.314725943463168e-05,6.96826187167211e-05,6.229275028730985e-05
447.0,0.5652747761165952,0.005792202072160193,0.002559926962751828,0.00157701018346401,6.317012683993778e-05,6.975749774554278e-05,6.229380578843136e-05
448.0,0.5657027450924704,0.006041715357537488,0.002564120772367755,0.001576355601730696,6.321136847162832e-05,6.983213617932754e-05,6.232598881973368e-05
449.0,0.5661765312973484,0.005981051596236145,0.002566545513344121,0.001575755439294624,6.324354193216844e-05,6.99239226921074e-05,6.23337481695992e-05
450.0,0.5669844258671637,0.006033220598002507,0.002569764186066095,0.001575113901654482,6.32754633415693e-05,7.000149557941726e-05,6.239407808539195e-05
451.0,0.567981306595329,0.00587121791155691,0.00257142594083125,0.001574479229805839,6.330464611143274e-05,7.009838083108943e-05,6.243295994202782e-05
452.0,0.5688585776908417,0.006074125351044261,0.002575725535660879,0.001573920278248563,6.333583658292021e-05,7.018431424785017e-05,6.246476437788011e-05
453.0,0.5695472196680854,0.006080930270768666,0.002577838902806794,0.001573444845970216,6.339816007713882e-05,7.02928836665745e-05,6.251429789196814e-05
454.0,0.5707596600488625,0.006044738439167069,0.002579056644113037,0.001573073112830386,6.344084858547443e-05,7.041533636768396e-05,6.255457969070616e-05
455.0,0.5712934578225115,0.006040259935106694,0.002582307361746641,0.001572665048045406,6.346568530364333e-05,7.054386790099668e-05,6.261490494609214e-05
456.0,0.5728731935138113,0.006124091078172801,0.002584601292932732,0.001572289595615611,6.351590795467189e-05,7.068634714004319e-05,6.266845051071e-05
457.0,0.5746982316402263,0.006178462607420615,0.002588413094850201,0.001571954467884212,6.353916024057527e-05,7.080505937231462e-05,6.274558791317135e-05
458.0,0.5763934732149897,0.005900485367240838,0.002593019244645237,0.001571637306037913,6.358968972862438e-05,7.094838185480529e-05,6.279773391030432e-05
459.0,0.5775705603186898,0.00650597176526841,0.002598817610424653,0.001571377280440844,6.36297611101035e-05,7.110846561660079e-05,6.285064760276587e-05
460.0,0.5791532353635832,0.00642914032666919,0.002605287166700022,0.001571107089338949,6.364960216414111e-05,7.127066549816179e-05,6.293635237146818e-05
461.0,0.5811035210024987,0.005996498934320476,0.002607620252911933,0.001570658592055524,6.366767971648409e-05,7.144112868112355e-05,6.30392138570807e-05
462.0,0.582009094886974,0.006322725172737004,0.002614986865063115,0.001570282675617747,6.368645212054536e-05,7.163596832067527e-05,6.309937583956848e-05
463.0,0.5835761007550784,0.006278833733978418,0.002621362776208372,0.001570100375834089,6.373429839952376e-05,7.184298567661029e-05,6.318156358318159e-05
464.0,0.5859106002270796,0.006289741388855404,0.00262668648988668,0.001569822258273932,6.37578803169754e-05,7.203503663654953e-05,6.327649255599346e-05
465.0,0.5876801580894568,0.00640396029127645,0.002632020762303575,0.001569465739191891,6.378468764237918e-05,7.21927084454046e-05,6.33779975002229e-05
466.0,0.5889104086893117,0.00636797662521751,0.002637707301170772,0.001569065464009159,6.381076722833764e-05,7.238173786290341e-05,6.346346800672537e-05
467.0,0.5910209112452581,0.006264796692468535,0.002642775919154949,0.001568505406652589,6.382481634687178e-05,7.256853593049073e-05,6.35552039955957e-05
468.0,0.5931213927883189,0.005954102104003505,0.002646212173963238,0.001567738799170046,6.381975659590616e-05,7.27844263110228e-05,6.364611879398685e-05
469.0,0.5950266534324584,0.00625268701249357,0.002652983537122497,0.001566994447920668,6.379267183083169e-05,7.29789132858615e-05,6.373285150978959e-05
470.0,0.5971609617428675,0.006403780098547277,0.002659542308562596,0.00156600293251311,6.37996892039317e-05,7.318727083216434e-05,6.385295771133649e-05
471.0,0.5988379370873612,0.00630362629042478,0.002664641826224556,0.001564845747144566,6.377193342850182e-05,7.337093310567729e-05,6.398296694976563e-05
472.0,0.6014323987439993,0.007431034571922442,0.002672639527549343,0.001563680080168583,6.375843289178598e-05,7.355581597468686e-05,6.409549760096617e-05
473.0,0.6036550017228097,0.007432511115710315,0.002679564496509385,0.001562470355712726,6.376361031065047e-05,7.3741489583769e-05,6.420967152260903e-05
474.0,0.6064646466356328,0.008005329557053223,0.002686356422077261,0.001561072762293296,6.375074319370634e-05,7.393700741619432e-05,6.434385446015333e-05
475.0,0.6086244360836759,0.007181487151410215,0.00268886836358758,0.001559432361517961,6.371103535819248e-05,7.411553605480241e-05,6.447314258968106e-05
476.0,0.6106971758895468,0.006829322970920306,0.002692609114553821,0.001557735102211496,6.366711358293533e-05,7.42974359411443e-05,6.462582302387739e-05
477.0,0.6130585800908622,0.006521524680137628,0.002694774007824975,0.00155610445117636,6.366830722923037e-05,7.446922600582283e-05,6.478442240964931e-05
478.0,0.6161785055837541,0.006585644749832845,0.002698611988955673,0.001554166823833512,6.367428840622439e-05,7.465844317618771e-05,6.491209867315727e-05
479.0,0.617983185553466,0.00639536260959078,0.002701905192608708,0.001552092674385041,6.368310453438956e-05,7.484997757499795e-05,6.50531308484981e-05
480.0,0.619850051861307,0.006997371312307978,0.002707214262156831,0.001549880551633253,6.368180489592437e-05,7.507794990863268e-05,6.520019773233437e-05
481.0,0.6216902893795593,0.006851987075220538,0.002711552536229504,0.001547691355614919,6.368193212395815e-05,7.528930583522446e-05,6.535745340389085e-05
482.0,0.6231091400605759,0.006859889234092947,0.002715608900516029,0.001545481055634058,6.368364867249494e-05,7.550015132579233e-05,6.551666574107463e-05
483.0,0.6250692738034592,0.006690070011970393,0.002718253504386252,0.001543243093779379,6.370107895617475e-05,7.570588027546811e-05,6.567573839370977e-05
484.0,0.6274602233517732,0.006677397885129061,0.002722163275981789,0.001541021596686056,6.372536118582175e-05,7.592760562737687e-05,6.581152130839088e-05
485.0,0.6297488067107432,0.006650192554255822,0.002725465957890359,0.001538882238022815,6.374742460535368e-05,7.615300882297126e-05,6.593549584083165e-05
486.0,0.6309235720477031,0.006718863287614604,0.002729953418055889,0.00153665208019455,6.375864398807208e-05,7.63702949426651e-05,6.606884610344682e-05
487.0,0.6324558016068301,0.007873727766952093,0.002735748551896732,0.001534394211695356,6.37805557723815e-05,7.657376620734197e-05,6.621608215554267e-05
488.0,0.6342139736920844,0.007682224641403755,0.002738469365724971,0.001532137355859236,6.381124988833194e-05,7.678830874721188e-05,6.63454984045935e-05
489.0,0.6361730043858945,0.007255466355365456,0.0027414278045983,0.001530008170185447,6.381738219789046e-05,7.698962837081541e-05,6.648544050944405e-05
490.0,0.6386882192122721,0.0078465167771676,0.002744269486364049,0.001527880809445428,6.381105788883297e-05,7.719936103066122e-05,6.664947929623645e-05
491.0,0.6408939885229074,0.007414431417105126,0.002746692944091911,0.001525650285931038,6.382040383294516e-05,7.741062534582777e-05,6.67910804296669e-05
492.0,0.6425570359810633,0.007322374789495685,0.00274893286863971,0.001523401565100366,6.385926373630612e-05,7.766049798001984e-05,6.693140546283335e-05
493.0,0.6433543685758136,0.007525704964830602,0.002751585065636698,0.001521101242365422,6.388345043986684e-05,7.788787358925985e-05,6.706577066691727e-05
494.0,0.6447684722419229,0.007017834108519604,0.002752905255485041,0.001518720595631383,6.389943183080494e-05,7.806752773710534e-05,6.719180865964309e-05
495.0,0.6465103695168769,0.007114785257658685,0.00275683298530088,0.001516289995082829,6.388571184742498e-05,7.824226724325015e-05,6.731679652896426e-05
496.0,0.6486997129151149,0.007179915687363678,0.002760772412885795,0.001513771844967044,6.388369114149065e-05,7.843172174990441e-05,6.744242337484852e-05
497.0,0.6507197313388607,0.007312039069765479,0.002764289964452041,0.001511241137926602,6.389097562136093e-05,7.859841386645929e-05,6.758459142072932e-05
498.0,0.652327227942436,0.007506720604860529,0.002767985844592899,0.001508625173654479,6.388081744591762e-05,7.876471638865945e-05,6.77069874497251e-05
499.0,0.6540201190906539,0.007422815058784769,0.00276814799721321,0.001505869621577597,6.388079360609975e-05,7.894834753681922e-05,6.780452716300271e-05
500.0,0.6557750808214242,0.007845105369572452,0.002772180195949085,0.001502974749987143,6.38608964613463e-05,7.910363983207425e-05,6.792738527809703e-05
501.0,0.6572188121425584,0.008027517803915082,0.00277830003517711,0.001499963034258412,6.38406414375979e-05,7.92735013107755e-05,6.806666865578614e-05
502.0,0.6583870498868823,0.007641163329204187,0.002778558687996719,0.00149687240283228,6.381453788000031e-05,7.94142559889331e-05,6.821073809179775e-05
503.0,0.6606691342723668,0.00817383002178787,0.002781008832021522,0.001493619162539178,6.382397917323002e-05,7.957382785049943e-05,6.833160053732235e-05
504.0,0.6620901526686434,0.008148006013833281,0.002788059037990957,0.001490317224116992,6.381028141031366e-05,7.969482721356827e-05,6.841467015838813e-05
505.0,0.6624670470400593,0.007628171539867062,0.002791230756268966,0.001486845605835852,6.376820135033113e-05,7.98193361570359e-05,6.849795175376727e-05
506.0,0.6630779487297377,0.007722746330144684,0.002795370649201435,0.001483271561110287,6.374888262447038e-05,7.992648559935136e-05,6.857042258386852e-05
507.0,0.6634853060318003,0.007785045636488951,0.002799695323564968,0.001479511633229835,6.373894943632771e-05,7.999155130866602e-05,6.863250628800354e-05
508.0,0.6641531508351138,0.00865924274755408,0.002807308908928802,0.001475664898100767,6.374041433260315e-05,8.005147365331721e-05,6.870202223574313e-05
509.0,0.66464584794376,0.008753761508790415,0.002811344949480073,0.001471525796187992,6.371512652982877e-05,8.012640028546643e-05,6.874282837329119e-05
510.0,0.6662593260104184,0.009616696956559244,0.002818540143240124,0.001467320602381834,6.36937958875733e-05,8.020114279924759e-05,6.878682730755338e-05
511.0,0.6669558989914973,0.009537376572840525,0.00282258431417008,0.0014630685807677,6.368705385315847e-05,8.026911511344684e-05,6.88176598281839e-05
512.0,0.6672475820892438,0.008881029742333122,0.002822307046221512,0.001458751645987282,6.365432146571152e-05,8.028186725924193e-05,6.884911508847632e-05
513.0,0.6670519111951861,0.008908758382130648,0.002823557573552431,0.001454341427931795,6.36406668029263e-05,8.028992190040893e-05,6.88452392278491e-05
514.0,0.6664137718761663,0.008911932799571665,0.002826324584885503,0.001449809384855332,6.360619480443295e-05,8.030888654341132e-05,6.882722844764745e-05
515.0,0.6655264385061248,0.00856067434029953,0.002826334046584296,0.001445029162723213,6.357554317975818e-05,8.035372252642647e-05,6.880096824918274e-05
516.0,0.6652367071315851,0.008350119124659187,0.002826383805379871,0.001440234069666415,6.353917737023748e-05,8.036285801089985e-05,6.874548308231254e-05
517.0,0.6653673589094113,0.008077567023071159,0.002827392104911488,0.001435411994196614,6.349730629362548e-05,8.038125566671575e-05,6.869445471181726e-05
518.0,0.6656384213243295,0.008225481355861033,0.002829216761139649,0.001430541335115423,6.345149283297526e-05,8.037956658196121e-05,6.864793352219323e-05
519.0,0.6649916564172574,0.00896785821739826,0.002832411277903608,0.001425603107373829,6.343303618310333e-05,8.036948009537112e-05,6.859048488612233e-05
520.0,0.6637499376028787,0.009112159595790476,0.002834505155085053,0.001420645144395184,6.340167209833311e-05,8.031895551582864e-05,6.851552307880368e-05
521.0,0.6639845083594066,0.00941339483387113,0.002841844170875851,0.001415638096672509,6.337999019879043e-05,8.02895465240827e-05,6.844374235719214e-05
522.0,0.663699674096024,0.008724129900884363,0.002842382659260969,0.001410733337227953,6.335661466866638e-05,8.025947748274668e-05,6.837998805902861e-05
523.0,0.6626297918618902,0.01029395944208149,0.002848508524031923,0.001405900308644857,6.332537366086993e-05,8.023188693565616e-05,6.829805932559466e-05
524.0,0.6611670074299809,0.00945632362088034,0.002849375846687155,0.001401126740880218,6.329669704529441e-05,8.017332797645285e-05,6.819867436490178e-05
525.0,0.6602609343907574,0.008923406301380513,0.002847209869280213,0.00139643671062957,6.326775288458444e-05,8.012991911149651e-05,6.81232734334567e-05
526.0,0.6599166141531261,0.008935485405822124,0.002850592876853158,0.001391829426530253,6.321750462818783e-05,8.009079994072468e-05,6.803355164699404e-05
527.0,0.6588458932522321,0.009311162925154649,0.002851419111941055,0.001387316808044743,6.31788106326114e-05,8.004596608834292e-05,6.792040325184511e-05
528.0,0.6578441328675924,0.00911669378746763,0.002855601532868312,0.001382829510099289,6.311969560611824e-05,8.002280806386993e-05,6.781861858363461e-05
529.0,0.6571785828279767,0.01047393187953315,0.002859760094563059,0.001378440506378262,6.306556709987618e-05,7.996199696209433e-05,6.769882700705171e-05
530.0,0.6564900652278257,0.01005937213652775,0.002860559272608374,0.00137419113562734,6.3015025285371e-05,7.990959246499466e-05,6.757738258585871e-05
531.0,0.6549843154909738,0.009606095022105396,0.002857917176072434,0.00137011885638724,6.301121110448003e-05,7.984221511442482e-05,6.74421837309575e-05
532.0,0.6538405484401068,0.009388828164960918,0.002858725622058475,0.001366227866683635,6.299007374646518e-05,7.97857790507476e-05,6.730191564780455e-05
533.0,0.652987122175074,0.009541277522265317,0.002858236245075554,0.001362444824872818,6.298708276261901e-05,7.970226074338621e-05,6.714392122493666e-05
534.0,0.6518060349843575,0.01098249599606168,0.002861794812278066,0.001358837749877704,6.295255214329128e-05,7.958993165183669e-05,6.69905536629947e-05
535.0,0.6501113224087895,0.01078358268146521,0.002864154729006163,0.001355373627423408,6.289523677127584e-05,7.949030113578163e-05,6.685131000563308e-05
536.0,0.6485369386472896,0.01115032110278433,0.002868361942961664,0.001352083531924736,6.282585674907932e-05,7.939515203289874e-05,6.668222829795705e-05
537.0,0.6476152853991236,0.009788752092540601,0.002863804067042613,0.001348966509800319,6.276531662407047e-05,7.929476644870682e-05,6.652456974529551e-05
538.0,0.646460451365161,0.01053723363504378,0.002864495547734001,0.001346019137599857,6.2734172964469e-05,7.919038470150586e-05,6.636333715501017e-05
539.0,0.6444566659474028,0.01028858662594299,0.002864861880935364,0.001343189525588246,6.270553584070937e-05,7.908848772485607e-05,6.621891965171826e-05
540.0,0.6434552246593785,0.01056279964309745,0.002866005165435621,0.001340501045741559,6.266118537214861e-05,7.897891526043807e-05,6.604790895199013e-05
541.0,0.641976920483166,0.009372801521390146,0.002864353765555737,0.001337906052445565,6.25806628403066e-05,7.883753489745699e-05,6.584898820179169e-05
542.0,0.6415830031793858,0.010015039012223,0.002862421507570989,0.00133546004353093,6.250835774587191e-05,7.870256899332963e-05,6.562677442748706e-05
543.0,0.6411780124595151,0.00919553034618936,0.002859069766492534,0.001333059877455917,6.244643238563095e-05,7.855175526318951e-05,6.543137764684895e-05
544.0,0.6404066618412995,0.01013131203205039,0.002862714288034201,0.001330711827308266,6.24044485147778e-05,7.842430188401276e-05,6.524443309406829e-05
545.0,0.6390941142383694,0.009905570318378323,0.002860203387493047,0.001328479910336007,6.234942287429799e-05,7.827777314994196e-05,6.505278907217602e-05
546.0,0.6377969571084787,0.01151868417329491,0.002865790835947617,0.00132633922582362,6.227532091618964e-05,7.814066260698941e-05,6.486307916004369e-05
547.0,0.6366718254832894,0.01207207484883275,0.002866894193701245,0.001324227488197868,6.219800039086983e-05,7.798350624994294e-05,6.463291698572188e-05
548.0,0.6355659576550781,0.01068361394272448,0.002863619534953063,0.001322221014825944,6.21220152933269e-05,7.783286595638484e-05,6.443637744423215e-05
549.0,0.6343751129238555,0.01136731101986051,0.002862212689942572,0.001320301961168337,6.204418692792029e-05,7.769690101008402e-05,6.424747118835732e-05
550.0,0.6335497184037411,0.0110188412903768,0.002860669573819694,0.001318391890920611,6.19769934332072e-05,7.753456428082171e-05,6.405062971005576e-05
551.0,0.6323786208942681,0.00983329623893687,0.002855668694215392,0.001316410540225829,6.190924167393426e-05,7.7381032743784e-05,6.384016043533955e-05
552.0,0.6302698599315775,0.01139391425951919,0.002859511705603944,0.001314471890683187,6.18563237611058e-05,7.72165371799632e-05,6.364551336151247e-05
553.0,0.6287720183049279,0.0114029130200933,0.002862651137893383,0.001312564538786291,6.176312960728446e-05,7.706515578603156e-05,6.343614948974734e-05
554.0,0.6273288261580096,0.01009497916645869,0.002859757083977554,0.001310617624546735,6.168747177732289e-05,7.69127288161139e-05,6.32230355259116e-05
555.0,0.6265021554660499,0.009911807531310107,0.002856694229918042,0.001308670787377625,6.163133348245777e-05,7.675680284198233e-05,6.300958080775866e-05
556.0,0.6255755580345804,0.009975758871915708,0.002856319375756479,0.001306718101168607,6.156499973408796e-05,7.661323336432452e-05,6.280050399315298e-05
557.0,0.6241287438445352,0.0107135075543015,0.002858665774061082,0.001304783301080788,6.14998857690284e-05,7.647024180245683e-05,6.260097719684597e-05
558.0,0.6230876903003592,0.01074629828925318,0.002857050794531214,0.001302800924775239,6.142450026679747e-05,7.631778494298482e-05,6.242763696025547e-05
559.0,0.6222503352095685,0.01168823626569379,0.002855605819878977,0.001300748134527329,6.134776748836908e-05,7.617649266537269e-05,6.223823745657069e-05
560.0,0.6212978016998091,0.01020588251407234,0.002850957692684024,0.001298681548960619,6.128578208455973e-05,7.603636311883562e-05,6.206743988960564e-05
561.0,0.6195447007721185,0.01073042311072915,0.002850070767035881,0.001296552611112299,6.121317612664175e-05,7.591243255836226e-05,6.190521214982728e-05
562.0,0.6177703738965117,0.01102852851706423,0.002848232580130992,0.001294395273691251,6.114215747620007e-05,7.579976693191352e-05,6.175294449443748e-05
563.0,0.6168327640591263,0.01026083511076759,0.002842377190793373,0.00129218906920022,6.107340898548615e-05,7.568039703135597e-05,6.158429294359871e-05
564.0,0.6161927339719596,0.01044730055888402,0.002840667667465111,0.001289903743536894,6.102599854366045e-05,7.556166969799779e-05,6.144244676843738e-05
565.0,0.6152114112576454,0.009603450176288527,0.002831433934022876,0.001287653693019892,6.097998664202192e-05,7.543272841336606e-05,6.129405687583869e-05
566.0,0.6131530528962302,0.009476709079105744,0.002824645687918498,0.001285412617011191,6.094042968373785e-05,7.531312642351322e-05,6.116286374550495e-05
567.0,0.6117025580442939,0.01002318624938517,0.002821476571185117,0.001283166432225122,6.087897999774569e-05,7.51701146190722e-05,6.102977818697117e-05
568.0,0.6101449903505701,0.0102331314468892,0.002817410580266582,0.001280943931938121,6.081389788849868e-05,7.502998010288137e-05,6.092594826967974e-05
569.0,0.6088906973436831,0.01093587061921954,0.002812550589631347,0.001278710686889922,6.076053503377e-05,7.486709824964557e-05,6.083042976901174e-05
570.0,0.607805111858311,0.01072368290733398,0.002804056159030454,0.001276503905465407,6.07148892466005e-05,7.472335413745868e-05,6.070459825152595e-05
571.0,0.6063200731390221,0.01097966318967652,0.002796929032832228,0.001274310073152919,6.064791492605225e-05,7.45570465453671e-05,6.060252585303473e-05
572.0,0.6051226238529156,0.01102913221542692,0.00278859044605497,0.001272138046632413,6.059985219457065e-05,7.442163281053376e-05,6.049536241591367e-05
573.0,0.6043326741033053,0.01082289901752237,0.002778858246910441,0.00127001923976653,6.05500299572203e-05,7.425063781019129e-05,6.040576906998735e-05
574.0,0.6035496121872346,0.01136724598596338,0.002774151577905426,0.001267868480360363,6.051865942496334e-05,7.407829529838326e-05,6.030509760659689e-05
575.0,0.6019903924549586,0.01098484660362624,0.002760259704413564,0.0012657636734351,6.046359257504123e-05,7.390458203591674e-05,6.021427675867477e-05
576.0,0.6011230623220613,0.01144832755267795,0.002749354641091697,0.001263725059267733,6.039829991508415e-05,7.370829108096499e-05,6.011237586252349e-05
577.0,0.6006529721206096,0.01145929863199061,0.002738704933712048,0.00126167885396153,6.033230061009185e-05,7.349285119180055e-05,5.999880742226524e-05
578.0,0.5998898734392671,0.01129889514060266,0.002724785397376062,0.001259597360701578,6.027011909113485e-05,7.330096072788243e-05,5.985766748200016e-05
579.0,0.6003337742436345,0.01144119752648186,0.002708925292615075,0.001257519298963723,6.021554126915713e-05,7.306335325114816e-05,5.975412804721129e-05
580.0,0.5985311284487421,0.01061987155924672,0.002694738958838151,0.001255477543950544,6.016307674812295e-05,7.284558713598752e-05,5.965725242308224e-05
581.0,0.5970163373765283,0.01070667319679869,0.002680033377510042,0.001253482353146728,6.009084928445467e-05,7.262713878613365e-05,5.954503090432073e-05
582.0,0.5966376652493145,0.01095034214573346,0.002668580955106665,0.001251525722330634,6.002051100743005e-05,7.24318947840163e-05,5.944974156678553e-05
583.0,0.5958960382539712,0.01138079126161277,0.002652689069689946,0.001249673627812664,5.996229365467734e-05,7.221691682041292e-05,5.935975532693203e-05
584.0,0.594624865030695,0.01202407914128725,0.00264084913928643,0.001247839540495994,5.989502765659377e-05,7.20238955447349e-05,5.923663323561167e-05
585.0,0.593803349050682,0.0112623749796521,0.002621941452420344,0.001245993038735981,5.983255609836592e-05,7.18152784132719e-05,5.911463640233055e-05
586.0,0.5921648833255656,0.0110822083349324,0.002608222805782216,0.001244171085037677,5.979684831634393e-05,7.160155519933358e-05,5.90024751050897e-05
587.0,0.5906260929371289,0.01187362913306834,0.002594557459702287,0.00124239276543316,5.975458583914838e-05,7.143451423024256e-05,5.887689757277524e-05
588.0,0.5896149345530214,0.01153090700183937,0.002578545376682179,0.001240625059066787,5.971181196740534e-05,7.127357257414297e-05,5.877700808089224e-05
589.0,0.589115107788582,0.01114881940669433,0.002565021621547048,0.001238876874428998,5.967380684811932e-05,7.108244223177027e-05,5.865713808670536e-05
590.0,0.5886893857689306,0.01092559642474188,0.002554852176777135,0.001237163158016912,5.964735063260705e-05,7.089652408233804e-05,5.859415141643588e-05
591.0,0.5877488949899836,0.00985076768900499,0.002539362028750147,0.001235476270859548,5.962585881819727e-05,7.07269815237451e-05,5.852630373378176e-05
592.0,0.5865117426457784,0.01106727384877887,0.002534986957110027,0.001233764703718714,5.960897114132577e-05,7.057256271059912e-05,5.845372322579112e-05
593.0,0.5861300222091025,0.009685434935430878,0.002524421297144466,0.001232105335555763,5.960086203781878e-05,7.043357139975945e-05,5.83842182778144e-05
594.0,0.5854787551547882,0.009821081573135904,0.002518333717386731,0.001230454426701558,5.959036408398736e-05,7.030178007841522e-05,5.830925018530568e-05
595.0,0.5848264186400421,0.01025194846105785,0.002515632774290539,0.001228834871942393,5.958208888000766e-05,7.018813446118845e-05,5.82558606371962e-05
596.0,0.5847013711597022,0.01067352532523524,0.002514087880555097,0.001227195772328613,5.956435404161641e-05,7.007812881319453e-05,5.820119707164395e-05
597.0,0.5846915188572018,0.009970949844901628,0.00250879208341632,0.001225505358626575,5.954790272793752e-05,6.998085409156866e-05,5.813286024757255e-05
598.0,0.5842450762186956,0.009748590606120263,0.002505087740745586,0.00122378157523254,5.953289140698369e-05,6.99102008239254e-05,5.806365095686017e-05
599.0,0.5834204884849484,0.01033378979541364,0.002505949729273514,0.001221982332934535,5.950753648017342e-05,6.984592446083917e-05,5.799321818833939e-05
600.0,0.5820314274233686,0.009282601548331866,0.002503015702243302,0.001220160137058284,5.948226865156861e-05,6.979625612508881e-05,5.792482431931213e-05
601.0,0.581204688025782,0.010880834081312,0.002502095370675466,0.001218236585150617,5.945631616653923e-05,6.976513235256847e-05,5.782771389181663e-05
602.0,0.5802734173645613,0.01037609321629504,0.002498342149000981,0.001216165861739035,5.944069022905159e-05,6.973790699576562e-05,5.773420386502108e-05
603.0,0.5793922442715691,0.01156238409406615,0.002502000256990161,0.001214017040802316,5.943044622917605e-05,6.972031805743685e-05,5.765106010270183e-05
604.0,0.5787175633795169,0.01062473211275024,0.002501915110324612,0.001211713180865482,5.939182442465828e-05,6.972994040396992e-05,5.756618023328641e-05
605.0,0.5781563228667179,0.0111446754447093,0.002502533853684962,0.001209298741965724,5.938136497137417e-05,6.971270694522239e-05,5.744440537795827e-05
606.0,0.5781821472544819,0.01004793955677804,0.002499195633464158,0.001206827232536108,5.936219478640542e-05,6.970205423897359e-05,5.734391376313165e-05
607.0,0.5778003477061598,0.00926229158242835,0.002494517436344993,0.0012042016189691,5.933646966931104e-05,6.968266879732228e-05,5.725409834744209e-05
608.0,0.5771880658737285,0.009786990701766552,0.002495075067026784,0.001201449080698657,5.930372620811525e-05,6.967029686493619e-05,5.71467312557617e-05
609.0,0.5762174886319918,0.01062496633733767,0.002495567691864804,0.001198590526714273,5.928548548362559e-05,6.968435062897688e-05,5.703820594399885e-05
610.0,0.5754340938930799,0.009938058272330885,0.00249412752480854,0.001195597683771685,5.92549428757124e-05,6.968452143379108e-05,5.692815015815443e-05
611.0,0.5752952035774077,0.009678417933609145,0.002492186019263763,0.001192517587421353,5.922600064684064e-05,6.968022102134186e-05,5.68125757068984e-05
612.0,0.574793015685719,0.009471748591881024,0.002491671331654623,0.001189337874705074,5.920780379114522e-05,6.968518960915692e-05,5.669200289237826e-05
613.0,0.5740209922686071,0.009781994670026951,0.002487647784123347,0.001186073818494538,5.918769825799746e-05,6.96677881656367e-05,5.65506352255677e-05
614.0,0.5728984365753642,0.01108416997742661,0.002490941993077122,0.001182726409897717,5.918543262961143e-05,6.964840811212066e-05,5.640052725956304e-05
615.0,0.5718025274549967,0.00888618868194446,0.002485340346015817,0.001179322834005998,5.9166444479874e-05,6.962184476084156e-05,5.625590101273829e-05
616.0,0.5697673083510615,0.01067047686896285,0.002484632304680878,0.001175847980724838,5.913515530999818e-05,6.960016133610009e-05,5.60980881591785e-05
617.0,0.5684795162227102,0.01025804379210739,0.002485049219643139,0.001172309694882547,5.91208084125262e-05,6.95645041227124e-05,5.595042702795953e-05
618.0,0.5666767198025217,0.009917002434961431,0.002480516659627881,0.00116875477377124,5.910226505564971e-05,6.951463019103771e-05,5.580286655454254e-05
619.0,0.5657083710290409,0.01061918768047319,0.002479043565366499,0.001165178813362544,5.904639422987895e-05,6.947414106501052e-05,5.564681424065495e-05
620.0,0.5646759663776708,0.009144498276500171,0.002474104112218617,0.001161601892258298,5.902688122164691e-05,6.944011516452531e-05,5.551263554703527e-05
621.0,0.5637052052827252,0.009706209843259523,0.002471079219891887,0.001158073399074683,5.899334482231505e-05,6.942440142566988e-05,5.540181919022955e-05
622.0,0.5623682417976065,0.009152903684970857,0.002467372291223347,0.001154575224218408,5.896411897735775e-05,6.938420775195202e-05,5.525849658586405e-05
623.0,0.5612289889569186,0.009632490876831613,0.002465517651542831,0.00115107718409005,5.891864837005178e-05,6.936864486634219e-05,5.509637098928904e-05
624.0,0.5603656338791067,0.008860520967635396,0.002461317185610509,0.001147673397141254,5.889338210555892e-05,6.934774837684878e-05,5.493607136210976e-05
625.0,0.559790057451225,0.0100011752487539,0.002464327676092535,0.001144358394279205,5.885997648311728e-05,6.930308650959301e-05,5.480677977317096e-05
626.0,0.5584430021999752,0.009667462230619487,0.00246044442874554,0.001141212583108182,5.881078602505394e-05,6.925902762395288e-05,5.46716365287094e-05
627.0,0.5568538415809264,0.01058811006019993,0.002461545960014319,0.001138180032968255,5.876486200278004e-05,6.921485594237387e-05,5.454170216255498e-05
628.0,0.5560354485956918,0.009489666764121479,0.00246026730106686,0.001135285637190565,5.87325582784537e-05,6.916373720893217e-05,5.44195418323549e-05
629.0,0.5552596903225397,0.009688962271735794,0.002460050912720871,0.001132539459790978,5.868802039571893e-05,6.911123998492214e-05,5.42828253263369e-05
630.0,0.5546845479251659,0.01053353396902541,0.002461308564497381,0.001129931452540637,5.862630251366785e-05,6.904787120586971e-05,5.41757711576139e-05
631.0,0.5535538196518055,0.01001290494123658,0.002459438918808015,0.001127464443059967,5.857409564526921e-05,6.898726393486425e-05,5.408090279054969e-05
632.0,0.5533494179684811,0.009655132129902945,0.002456441414198123,0.001125155217739887,5.850908416504268e-05,6.892232152285988e-05,5.399142657686433e-05
633.0,0.5525730078279596,0.009561515535501537,0.002455351079113817,0.001123004531662107,5.846963001695564e-05,6.884456568678801e-05,5.390591020733318e-05
634.0,0.5519022168833868,0.01053724556951237,0.002456277992958799,0.00112099901260334,5.839713486056125e-05,6.87868228225761e-05,5.384190219746543e-05
635.0,0.5512361178505651,0.01035671205079935,0.002454053642189025,0.001119149200158332,5.831719250640398e-05,6.87134133475687e-05,5.376496767018324e-05
636.0,0.5500643210242512,0.01027189721811986,0.002450674034204286,0.001117435336486975,5.824125057015634e-05,6.863774082198136e-05,5.369833842288736e-05
637.0,0.5492333757797967,0.01144950498544731,0.002450990490415499,0.001115812919332657,5.813292909724393e-05,6.855370584586878e-05,5.364687017169034e-05
638.0,0.5483553138707575,0.00992824459645917,0.002444854825540595,0.001114346207855565,5.803790270247859e-05,6.84668995860043e-05,5.359843884773342e-05
639.0,0.5477582874846072,0.009902017279427513,0.002438154293251656,0.001113012901154964,5.792283242705196e-05,6.83641041707286e-05,5.354789120311597e-05
640.0,0.5468983220928777,0.01009297423860946,0.002433373735621233,0.001111781675149176,5.781361612305539e-05,6.828069990984024e-05,5.352149724167643e-05
641.0,0.5463245286183238,0.01146023379887313,0.002433610990908676,0.00111070648365662,5.7698009533686e-05,6.819199849349309e-05,5.348404707030925e-05
642.0,0.5458364557309319,0.0105242246898022,0.002423891020918991,0.001109752992502615,5.756611181493668e-05,6.810832751518905e-05,5.347660991352111e-05
643.0,0.545364949142616,0.01033457630841652,0.002419088036114693,0.001108856323435668,5.744150675916799e-05,6.797829498049423e-05,5.345317067694997e-05
644.0,0.5444455584065256,0.009845388700962446,0.002412793463634641,0.001108016718341429,5.731924793609714e-05,6.787306802830581e-05,5.341836345441404e-05
645.0,0.5436689940565984,0.01002898596961775,0.002408730345214806,0.001107236742194921,5.721233037922867e-05,6.775285917081514e-05,5.338291620682539e-05
646.0,0.5428108424435831,0.009199401580227671,0.002400423722850774,0.00110654634198128,5.710066569078839e-05,6.763513283961249e-05,5.335560861308313e-05
647.0,0.5412831108684332,0.009731651395162121,0.002397450168278056,0.001105907040271765,5.699694052882758e-05,6.752020504706787e-05,5.332325259381399e-05
648.0,0.5398440867961251,0.01005237802271693,0.002392418872398447,0.001105321548884163,5.688898735931252e-05,6.74104569453397e-05,5.329862367364053e-05
649.0,0.5389039405743108,0.0099522054389057,0.002383462242621702,0.001104751668282238,5.677055281727103e-05,6.730409099714431e-05,5.3269847073187e-05
650.0,0.5380659166508595,0.01039411374598182,0.00237735542634364,0.001104220383117664,5.665592000519632e-05,6.71975335820725e-05,5.323202869627331e-05
651.0,0.5374878616814548,0.009752269066143822,0.002369289068362556,0.001103704592625436,5.654893304794513e-05,6.708233069072276e-05,5.318326071564444e-05
652.0,0.5364905387667098,0.009344180996012813,0.002362090426364098,0.001103235924365435,5.645052020393301e-05,6.695431747639627e-05,5.312734370556787e-05
653.0,0.5359260783485619,0.009119249464084279,0.002354195049298363,0.001102803486774367,5.635984193787322e-05,6.684370337586575e-05,5.306986749073584e-05
654.0,0.5352224111802503,0.009392177161473714,0.002347205813814055,0.001102411827000279,5.624366543296486e-05,6.673510370034339e-05,5.302365474694426e-05
655.0,0.5335784361262874,0.00916062402146066,0.002339137634594664,0.001102012307638563,5.61426551080536e-05,6.662955890203807e-05,5.297182336469466e-05
656.0,0.5323451869790373,0.008959454962971966,0.002332272385315477,0.001101624966872831,5.6052332302566e-05,6.64965817668505e-05,5.291618541190129e-05
657.0,0.5316009964742548,0.008854582963010728,0.002325249318339572,0.001101184221496427,5.595797852629637e-05,6.63845557680986e-05,5.283532546304653e-05
658.0,0.5303186137874151,0.009017477807944254,0.002319137982033917,0.001100753441323977,5.586223707326484e-05,6.628409786924604e-05,5.274857541349685e-05
659.0,0.5293625082326081,0.008804136438720314,0.002313062533142476,0.001100317987415621,5.577467377235249e-05,6.616425101122968e-05,5.264818167536858e-05
660.0,0.5281304807270077,0.008824154635085915,0.002308158887012446,0.001099842480717771,5.57030324666917e-05,6.604985278704407e-05,5.255021917904175e-05
661.0,0.5275707754417001,0.009255713048821904,0.002303430226771492,0.001099302973199425,5.56220975717615e-05,6.59198618617229e-05,5.243889381688671e-05
662.0,0.5265453125865734,0.008781801842899901,0.002295620361093202,0.001098737624874303,5.556313494785198e-05,6.5807425034169e-05,5.233420961059426e-05
663.0,0.5252101596041078,0.009748129620036947,0.002293286604533555,0.001098196466625193,5.550324706073149e-05,6.567913918328154e-05,5.219855520667606e-05
664.0,0.5245181305020363,0.01039921729341807,0.002292034881009871,0.001097641453798383,5.544886851651125e-05,6.557005604657843e-05,5.209283526901306e-05
665.0,0.5237321618837015,0.0107069540582014,0.002289292118377706,0.001097112780036225,5.539771989031191e-05,6.541784125583184e-05,5.198422367926379e-05
666.0,0.5225440455217562,0.009527731392699183,0.002278452612578457,0.001096504315185883,5.534909292150087e-05,6.528050937563066e-05,5.184101286558454e-05
667.0,0.5209249653625652,0.009390461302704283,0.002273293608144773,0.001095941310241811,5.52837845901196e-05,6.511482093865504e-05,5.169049688049962e-05
668.0,0.5197205190233362,0.009517247539718028,0.0022705532783353,0.001095441778958236,5.523522554210925e-05,6.495721513493513e-05,5.15632267249681e-05
669.0,0.5185389379935806,0.009804113713403687,0.002265372217063183,0.001094925422658882,5.516065177852756e-05,6.481184914326564e-05,5.143001220245498e-05
670.0,0.5174238356856892,0.00904318696901554,0.002258962818607908,0.001094320422295823,5.509676129144976e-05,6.46717531818089e-05,5.128630259866253e-05
671.0,0.5161840164245737,0.008720697122070927,0.002252800442523642,0.001093737205287722,5.501994692512726e-05,6.451431096515097e-05,5.113023706902363e-05
672.0,0.5145697114122478,0.008501643647083331,0.002248765879360495,0.001093152644834288,5.493477908260214e-05,6.435364369076009e-05,5.096137241925895e-05
673.0,0.5130288420803886,0.00830478994407157,0.002242933254514405,0.001092556689071508,5.488087600209295e-05,6.417898209733276e-05,5.079076826581421e-05
674.0,0.5118016845726975,0.008034758730687463,0.002239017894043021,0.001091907507440386,5.482170889190109e-05,6.402840992162523e-05,5.060665352613695e-05
675.0,0.5109191165807611,0.0078815891084213,0.002237102276903353,0.001091244784141233,5.474816199346734e-05,6.387151847033131e-05,5.043915401058726e-05
676.0,0.5105432632902205,0.008212668254718376,0.002234484231299861,0.001090620796276785,5.468188491891173e-05,6.372751405732468e-05,5.028950692049961e-05
677.0,0.5098529607047385,0.007822421828811998,0.002231143017823146,0.001089976704087963,5.461773208408246e-05,6.357732935467234e-05,5.011745888289254e-05
678.0,0.5090560980268357,0.009552259740274594,0.002232242772873521,0.001089387032996508,5.453756305491185e-05,6.344216810432043e-05,4.99586992471009e-05
679.0,0.5081837464249005,0.008752161572966958,0.002228261414238399,0.001088804158502041,5.443683077864526e-05,6.331064679594909e-05,4.980479470744055e-05
680.0,0.5071539560840308,0.008699757392882002,0.002227226968163209,0.001088220388950165,5.435300503979584e-05,6.31580808990061e-05,4.965074897542895e-05
681.0,0.506101159844046,0.008274109365044139,0.002223608942943762,0.00108770514994475,5.427482614253718e-05,6.300551981864167e-05,4.949905927371489e-05
682.0,0.5052037933497705,0.008987775993601373,0.002221995911017991,0.001087262256981688,5.415781297098258e-05,6.286996123583462e-05,4.933814318695312e-05
683.0,0.5043802560751055,0.008499865519210857,0.002220921683797642,0.001086835031521524,5.405521620135772e-05,6.274445065552183e-05,4.916112204791118e-05
684.0,0.5039157322431059,0.00831117952417039,0.002217424391286452,0.001086334885997919,5.394843315333329e-05,6.260974634016623e-05,4.901612961172846e-05
685.0,0.5027194270259471,0.008250719851243116,0.002215710766429235,0.001086058437108344,5.383126451073878e-05,6.246369715568041e-05,4.887842333641232e-05
686.0,0.5015730824247441,0.007924132661953272,0.002210876508351627,0.00108587823633117,5.369632424045109e-05,6.232489547699035e-05,4.872233801440954e-05
687.0,0.50059680258133,0.00952459842933054,0.002210763551045929,0.001085849476280328,5.357731763218659e-05,6.218794315078273e-05,4.857311605454399e-05
688.0,0.4996496181547998,0.008546050731709207,0.002207894349476329,0.001086038024542957,5.343683872228477e-05,6.206648854116318e-05,4.843374527618868e-05
689.0,0.4986194072239849,0.008212737411772817,0.002202820458332671,0.001086325613240558,5.330120979826781e-05,6.193524685743794e-05,4.827952364129417e-05
690.0,0.4978853972007513,0.008380079727017547,0.002199287350909422,0.001086831601380989,5.315930127041881e-05,6.18036143365819e-05,4.813096990386764e-05
691.0,0.4967740578133903,0.00861507261237562,0.002195421156073493,0.001087610664525844,5.301378402168133e-05,6.168893914994795e-05,4.79857860575407e-05
692.0,0.4959124648902489,0.00829691360847217,0.002190400628998132,0.001088689106781615,5.287370406397763e-05,6.155710454006857e-05,4.782131762592602e-05
693.0,0.4950836706741186,0.007958517648032657,0.002184066874622631,0.001089946497889273,5.272732582282757e-05,6.144381369435674e-05,4.767096484397556e-05
694.0,0.4943274549642209,0.008613538405382643,0.002177829013504208,0.001091416553538626,5.257633003793055e-05,6.133822033080098e-05,4.751838922534791e-05
695.0,0.4934664126656503,0.00848993668062382,0.002170662663910956,0.001093079178712841,5.242002258634927e-05,6.121929593157e-05,4.737086041764569e-05
696.0,0.4923171593308355,0.007985060765639313,0.002160271002642637,0.001094929580761882,5.225258267230634e-05,6.109571243324313e-05,4.720261768319294e-05
697.0,0.4914874228598026,0.00790848023352173,0.002152122492953391,0.001096950267298749,5.208203640315769e-05,6.097357075710092e-05,4.703979587220125e-05
698.0,0.4905578170674206,0.007737792454437977,0.00214222869292637,0.001099130820439255,5.192462999640051e-05,6.083866845836699e-05,4.68787710368873e-05
699.0,0.4897330608634402,0.007393610926302573,0.002129995254627929,0.001101559713640318,5.176514549055122e-05,6.071680227432994e-05,4.670503159633986e-05
700.0,0.4890809358701069,0.007898340061899939,0.002121537428747268,0.001104190958526067,5.159906095110695e-05,6.059121192107002e-05,4.652726268533756e-05
701.0,0.4880982160321495,0.008008692937423663,0.002110682272457652,0.001106926845848409,5.144108186412548e-05,6.045224679849602e-05,4.636904465423709e-05
702.0,0.4870834467384837,0.007700418659145051,0.002100281522676047,0.001109848857958935,5.127870760267551e-05,6.02852374235511e-05,4.62007916822494e-05
703.0,0.4858799957850062,0.007994861526011197,0.002088704039975365,0.001112877481065349,5.111688471201385e-05,6.011598418912023e-05,4.601876880167543e-05
704.0,0.4845734814080124,0.007713232897524415,0.002078585651863334,0.001116120458366707,5.093716815369051e-05,5.993752708178529e-05,4.585538932234074e-05
705.0,0.4833017456655228,0.00761057932298717,0.002066017911247944,0.001119562611307633,5.075954002223889e-05,5.97522161087987e-05,4.570769249645012e-05
706.0,0.4822058888403413,0.00982059671187919,0.002057815528539478,0.001123171573476635,5.057846078609929e-05,5.955488391321665e-05,4.555778187296548e-05
707.0,0.4809885819992556,0.009186914914321173,0.002045028189796599,0.001126812279766711,5.038970968636533e-05,5.934953428794516e-05,4.540233045713229e-05
708.0,0.4797346742794595,0.00898792107805465,0.002035118542427631,0.001130527480865783,5.019703932187987e-05,5.913865077908351e-05,4.526179858244239e-05
709.0,0.4785712413069235,0.008434834857518931,0.002018852732566241,0.001134430937417046,5.001710475667833e-05,5.892927669693989e-05,4.512138229624347e-05
710.0,0.4771700929954104,0.007963497850707782,0.002007016630486361,0.001138415125497601,4.981254628540228e-05,5.871256850491626e-05,4.498789043017258e-05
711.0,0.476264965306396,0.00767410222393228,0.001993693614951907,0.001142365130546058,4.960560389091226e-05,5.848977751792303e-05,4.484846631651911e-05
712.0,0.4751915987051251,0.007340596454915701,0.001980841532897876,0.001146339661432287,4.940384655991773e-05,5.825243960116277e-05,4.471889822036794e-05
713.0,0.474141023370828,0.007297138013732158,0.001968328744403213,0.001150343518945599,4.918750940110515e-05,5.800639384008233e-05,4.45870358118908e-05
714.0,0.4725350671915722,0.00735972249948288,0.001958102853410614,0.001154339608050549,4.898554163751834e-05,5.775819179271201e-05,4.447078883071737e-05
715.0,0.4709822138486584,0.007090397785308923,0.001946442256673757,0.001158266413412949,4.877215739614522e-05,5.749592428093745e-05,4.436247840573878e-05
716.0,0.4697640460902294,0.007653446306612737,0.001937358537475688,0.0011622716312504,4.858198985473596e-05,5.72529958485419e-05,4.425393883267003e-05
717.0,0.4691602066108357,0.007846708181921831,0.001928927090887092,0.001166189610178936,4.837785280868867e-05,5.699534648475727e-05,4.414456107428211e-05
718.0,0.4680673736454717,0.00785803023548256,0.001920948780548271,0.00117011024849399,4.816263485137266e-05,5.673076789191931e-05,4.403635237026371e-05
719.0,0.4670178724625569,0.007425313475024194,0.001910950614687906,0.001173971929445634,4.796303872793622e-05,5.646273867968899e-05,4.39303081896002e-05
720.0,0.4655591495117571,0.00720472974183472,0.001902405604267267,0.001177843194869684,4.776107019923171e-05,5.620663249183278e-05,4.383957783575818e-05
721.0,0.4641081315170999,0.008936132822504493,0.001897970732221017,0.001181629765876259,4.754645728866135e-05,5.595968891427464e-05,4.375802921445159e-05
722.0,0.4627740588721175,0.007557329957456882,0.001889026474851137,0.001185403976996652,4.735963754622944e-05,5.572378731210395e-05,4.368789476646782e-05
723.0,0.4611596523819948,0.007228049817917137,0.00187983272811692,0.001189061120884364,4.715775089414996e-05,5.546961189024557e-05,4.358747072102072e-05
724.0,0.4596553136894978,0.007405841289119283,0.001872297406234787,0.001192739250561918,4.696632327244996e-05,5.522319363606004e-05,4.350493108655954e-05
725.0,0.4583834253177727,0.006739967843028601,0.0018650434348522,0.001196301258041538,4.6768794568711e-05,5.498043723015986e-05,4.343004946924793e-05
726.0,0.4573621465202398,0.006581198762881582,0.00185811583988384,0.001199822481753478,4.657007358831492e-05,5.473511311903361e-05,4.336287668023466e-05
727.0,0.4565892824081196,0.006800580668034044,0.001852538181879008,0.001203228326358764,4.637105305800307e-05,5.450460125411599e-05,4.329002599705125e-05
728.0,0.4557362993744686,0.006951874075986284,0.001846552918917881,0.001206578536617713,4.618931488414686e-05,5.426929155589818e-05,4.321982663312165e-05
729.0,0.4546969280530654,0.006791914214940316,0.001839443561239535,0.00120987939709003,4.601387984620454e-05,5.405993305349792e-05,4.316439794152261e-05
730.0,0.4539466779367901,0.007042698331443771,0.001834670796411732,0.001213028744530168,4.584744606568168e-05,5.386477620383546e-05,4.310404957647683e-05
731.0,0.45273413996964,0.007594463242336305,0.001830384281108047,0.001216196927331309,4.566729249464754e-05,5.367511079569537e-05,4.304362843831165e-05
732.0,0.4519368493204022,0.006980975547737077,0.001823764686633486,0.001219297604445133,4.550716180892331e-05,5.348798408591395e-05,4.29837960110946e-05
733.0,0.4504904227174826,0.006557178236902119,0.001816773074690397,0.001222360224425615,4.533370094309888e-05,5.329334631160689e-05,4.290611328025037e-05
734.0,0.4493109586883184,0.00604207552950023,0.001809339968253547,0.001225393369910182,4.516143593272325e-05,5.312259288477872e-05,4.283922157610211e-05
735.0,0.4485465859382142,0.007887268953206756,0.001806687663016677,0.001228447721094264,4.499801442201314e-05,5.296108473148946e-05,4.277798716520106e-05
736.0,0.4479746479375845,0.007327837614356979,0.001805315330904887,0.001231379434486582,4.483575405163084e-05,5.280136774507349e-05,4.272816233853044e-05
737.0,0.4471583226337755,0.007614433691957173,0.001800775525946114,0.0012340339794776,4.467111723958537e-05,5.2634588392711e-05,4.266951547212037e-05
738.0,0.446488738238222,0.006979028988069928,0.001795423015605166,0.001236643088307327,4.452105746513327e-05,5.24856009146875e-05,4.260948797326077e-05
739.0,0.4451332451856448,0.007177890748856736,0.00179241402010348,0.001239097239018846,4.436765150503468e-05,5.233904552051001e-05,4.254450923499067e-05
740.0,0.4438594848662191,0.007165375067828417,0.001788589546642262,0.00124133705264296,4.421470307347937e-05,5.219031032692635e-05,4.246895988099302e-05
741.0,0.4430141956171911,0.006862986893609023,0.001785916614543024,0.001243579611690746,4.406991667190442e-05,5.205013873984275e-05,4.240535411251229e-05
742.0,0.4419756308488798,0.006715605254203662,0.001783652038764091,0.001245596775687344,4.393006440163619e-05,5.192202473227608e-05,4.233104480333055e-05
743.0,0.4411128903672071,0.007309868442652426,0.001781983697999313,0.00124744124492196,4.379597964056784e-05,5.179502463368814e-05,4.226067491845604e-05
744.0,0.4403918247299371,0.006929454884005288,0.001777754234323006,0.001249227462265834,4.364966863628348e-05,5.168336120398779e-05,4.219122922931452e-05
745.0,0.4392607017476855,0.006299098690923936,0.001773713370722767,0.001250963062408824,4.352356055139555e-05,5.156341213942305e-05,4.211041215628245e-05
746.0,0.4382671514472174,0.008574786827415455,0.001773688207759159,0.001252385499662264,4.338230034970539e-05,5.144827801149306e-05,4.203785817967749e-05
747.0,0.4370405503289559,0.007724423927946916,0.001774239934168446,0.001253617606247742,4.32445769953623e-05,5.133140254549978e-05,4.195730708556104e-05
748.0,0.4361918251727212,0.006210870807855377,0.00176668307393277,0.001254759507919061,4.311787570657435e-05,5.120473513488112e-05,4.187180998980231e-05
749.0,0.4351125101151646,0.006386877124071576,0.001765497346894196,0.001255953462148076,4.297612662676087e-05,5.107260747377322e-05,4.180097799127627e-05
750.0,0.4344513208908862,0.00657983539980342,0.001764354023567509,0.001257122158637422,4.285174152487356e-05,5.094621463023602e-05,4.171852201492981e-05
751.0,0.4338724038743547,0.006585842757974698,0.001763490321685629,0.001258185973950924,4.273378885639873e-05,5.0823764638113e-05,4.165853184827924e-05
752.0,0.4330229513952027,0.006702023681085059,0.001762296407522431,0.001259151945268559,4.261994298158669e-05,5.0702971827891e-05,4.156416312326284e-05
753.0,0.4319125553966386,0.007055900057286273,0.001760701085748913,0.001260024328849426,4.249900854060952e-05,5.05735612440852e-05,4.145080632765497e-05
754.0,0.4306591668041441,0.006646227278078615,0.0017592374607809,0.001260915664063252,4.237347783318925e-05,5.044044961658578e-05,4.132260867753286e-05
755.0,0.4293737609815351,0.007394322824765151,0.00175876228703412,0.001261794417678522,4.223661840080756e-05,5.029975880623588e-05,4.119697812163183e-05
756.0,0.4285700167003312,0.007141980098796353,0.001756270861947623,0.001262636454337963,4.21077499329077e-05,5.015056631994414e-05,4.109621225656522e-05
757.0,0.4276662231766469,0.006905962368868403,0.001755029737524408,0.00126330972572809,4.19862273392322e-05,5.000144955746952e-05,4.096640371949674e-05
758.0,0.4263351295680383,0.00752375734324161,0.001753725865555136,0.001264067868881344,4.186262991610666e-05,4.983186929128348e-05,4.083632513754938e-05
759.0,0.4250398538905983,0.007168438181439617,0.001749312418866526,0.001264703579700788,4.172876872468558e-05,4.967507071091179e-05,4.068789316145711e-05
760.0,0.4237421344370245,0.007289809731858964,0.001748472178981649,0.001265420816978448,4.159099081240989e-05,4.951438305368901e-05,4.053963664243103e-05
761.0,0.4226886742005155,0.007111220914435386,0.001745714686495567,0.001265977258993255,4.145885081944252e-05,4.934365893497285e-05,4.039500561169912e-05
762.0,0.4213893319550812,0.007015951341340644,0.001742786661506534,0.001266546454308175,4.131525631796278e-05,4.917294849175669e-05,4.025352855784377e-05
763.0,0.4202320165290362,0.006596711409453479,0.001737668580803205,0.001266927772371322,4.118087442081712e-05,4.900288790529667e-05,4.008637155360747e-05
764.0,0.419091793333994,0.007114064134163555,0.001735369580625849,0.001267324393499119,4.104322507355741e-05,4.882684269533645e-05,3.992092141276537e-05
765.0,0.4177098282225683,0.007551638428446381,0.00173412601037093,0.001267546427161276,4.091556683618596e-05,4.865138188222534e-05,3.976569081283594e-05
766.0,0.4162891197126635,0.0073273208714085,0.001729457250831865,0.001267719205227544,4.078556146670251e-05,4.846044477566903e-05,3.961729878006659e-05
767.0,0.4148904621248833,0.0078283862126632,0.00172684571068594,0.001267740896682754,4.063914981590238e-05,4.827442533568127e-05,3.945618438900776e-05
768.0,0.4134997853233873,0.007791059697239686,0.001723788378043799,0.0012676697487683,4.049867105909087e-05,4.808982384302951e-05,3.929981462754599e-05
769.0,0.4117250751842347,0.007729828830233451,0.001720233277227327,0.001267501326538193,4.036237023204435e-05,4.78991498230837e-05,3.914666865589337e-05
770.0,0.4100867134889444,0.008001346422181338,0.001716958855905157,0.001267232885578663,4.020901445800576e-05,4.769546885912872e-05,3.898003885725441e-05
771.0,0.408431894658657,0.0115625789163409,0.001717589542835661,0.001266784936365626,4.005100032279982e-05,4.750745183588016e-05,3.882022917864291e-05
772.0,0.4067813132393944,0.01064546856869758,0.001712444778930451,0.001266136004122787,3.990924857946659e-05,4.732281218717888e-05,3.865881240829639e-05
773.0,0.4051274547874141,0.01161498475412487,0.001713097340574786,0.001265457117401944,3.977734265005402e-05,4.712959692025158e-05,3.852128493767618e-05
774.0,0.4038359920335533,0.01099837066058015,0.001715335151457155,0.001264813036376959,3.964134357050492e-05,4.693858268862422e-05,3.83868460116517e-05
775.0,0.4025738665466992,0.009436368087578428,0.001705799217938059,0.001263972652382544,3.949614100023702e-05,4.674569322192047e-05,3.825215627752695e-05
776.0,0.4010233862689738,0.007987729322165578,0.001697881561450583,0.001263101277196948,3.933532872657113e-05,4.655161282588423e-05,3.810873463910337e-05
777.0,0.3997723238292533,0.008017988830114545,0.001694033629582862,0.001262135841111418,3.918370932459696e-05,4.634401247987791e-05,3.798277849032278e-05
778.0,0.3981496269378865,0.007187311858532575,0.001688321116597222,0.00126121499253156,3.903181272480742e-05,4.614904840983003e-05,3.785990265311779e-05
779.0,0.3971667604240028,0.01044241210990137,0.001690393123934518,0.001260226779903827,3.887953732697804e-05,4.595183202977608e-05,3.772261200296138e-05
780.0,0.3958854119097612,0.009403784147106554,0.001688078095632597,0.00125915461395747,3.874408107837032e-05,4.575559344687121e-05,3.760965458722e-05
781.0,0.3944930916541272,0.008229226110482326,0.001679516374626322,0.001257940029265489,3.86024232853362e-05,4.555529387831671e-05,3.748879440017695e-05
782.0,0.3928785733663591,0.009060695509642771,0.001676250034639941,0.001256758297997582,3.84499928434195e-05,4.534360316532347e-05,3.735774114699905e-05
783.0,0.3909827110548099,0.007592224258865059,0.001668058533988233,0.001255566107579936,3.830022419916253e-05,4.51366109049232e-05,3.72414796116772e-05
784.0,0.3889382115785254,0.007918256478466607,0.001664354814135279,0.001254408120543113,3.814618369148244e-05,4.492776214070848e-05,3.713500084373038e-05
785.0,0.3870877150682969,0.007603489336285761,0.001657853652576647,0.001253114451839923,3.800423446369655e-05,4.471088805537791e-05,3.701870347956847e-05
786.0,0.3855729917921535,0.007664346587901344,0.001652308735366849,0.001251885527491937,3.786833861571217e-05,4.447827556663614e-05,3.691942599010131e-05
787.0,0.3837698972928834,0.007217865547614969,0.001643894091048285,0.00125066927282869,3.77337509167352e-05,4.425379333357721e-05,3.682168241580108e-05
788.0,0.3820330710375165,0.007579152364559154,0.001638348754052854,0.00124949533253495,3.759256706547771e-05,4.402883350591982e-05,3.670400342581153e-05
789.0,0.3803095765506131,0.00799190349226358,0.001631978503473837,0.001248209991119038,3.74494678227929e-05,4.380337280555181e-05,3.66064462563878e-05
790.0,0.3785755659635902,0.008013597099434923,0.001623829900228732,0.00124693980695175,3.731471639740229e-05,4.357028837488328e-05,3.650696602774135e-05
791.0,0.3771577663601701,0.007894917902645704,0.001615312602122127,0.001245766783809159,3.717718769391311e-05,4.33585217634521e-05,3.641175911273544e-05
792.0,0.3758901806777414,0.008640051265891064,0.001610255022145983,0.001244601832055071,3.704962782130606e-05,4.314390912109179e-05,3.632329741247514e-05
793.0,0.3747168107322943,0.00749576724304846,0.001597877446828535,0.001243498532399143,3.693097217588519e-05,4.291774971685784e-05,3.624673780864124e-05
794.0,0.3730175307733902,0.007300791509637987,0.001589254778198616,0.001242408346731656,3.679644120669356e-05,4.267910188069437e-05,3.612876314231508e-05
795.0,0.3713992297053581,0.007252686756306968,0.001578869235971159,0.001241507816917909,3.666299489252274e-05,4.244908440428491e-05,3.601377677513726e-05
796.0,0.370004244116484,0.01020462369797085,0.001575590226778777,0.001240655727754901,3.652505804732788e-05,4.221529375019133e-05,3.591190292810777e-05
797.0,0.3683137220562896,0.008866469256102062,0.001567816012795814,0.001239922767270902,3.638648277070519e-05,4.198538721575922e-05,3.579934693943275e-05
798.0,0.3668547999586143,0.008085522200525148,0.00155794809701626,0.00123924339611678,3.62635291740239e-05,4.175022685101592e-05,3.568279793986133e-05
799.0,0.3649679029791599,0.007840487724182756,0.001546086558615096,0.001238664084420308,3.612373185893151e-05,4.150839417227449e-05,3.555706432939489e-05
800.0,0.3634236459402553,0.007629590595307754,0.00153786787014942,0.001238250445395206,3.599294293682012e-05,4.128273357336358e-05,3.54328536221477e-05
801.0,0.3619602964591344,0.006977621301265566,0.001528380549684212,0.001237899463158249,3.586832944391439e-05,4.104784566495073e-05,3.529850955016264e-05
802.0,0.3603725102028195,0.007255119461626168,0.001520285181386449,0.001237655309045674,3.573721635306869e-05,4.082717096612587e-05,3.516264508477051e-05
803.0,0.3589954914323238,0.006625734505812188,0.001511665005564158,0.001237466212176375,3.561261304419838e-05,4.059089552802109e-05,3.502067502585235e-05
804.0,0.3575794585354702,0.006954913812723073,0.001505171130016839,0.00123733954846451,3.546882859624353e-05,4.037506441660847e-05,3.487681195404595e-05
805.0,0.3562797190683069,0.007025307098279011,0.001498656553943904,0.001237371415168455,3.531888984007667e-05,4.015680169945349e-05,3.474604623175454e-05
806.0,0.3551042575241817,0.007056994979011752,0.001493378670725433,0.001237526673713139,3.517945406265116e-05,3.994261402919832e-05,3.459896032953875e-05
807.0,0.353871460666412,0.00687802492203682,0.001487465671116801,0.001237739917211154,3.50478573440997e-05,3.97366885116721e-05,3.44466052040698e-05
808.0,0.3521868087311621,0.007200464930000762,0.001481051459804841,0.001238086219897975,3.490300211922696e-05,3.953287155278177e-05,3.43052801938201e-05
809.0,0.3506782439651012,0.008219181860237457,0.001477040888430574,0.001238409653550592,3.475352312429234e-05,3.932918246421796e-05,3.417494711423156e-05
810.0,0.349033792881886,0.007248246535591084,0.001471092504240667,0.001238734205530369,3.460423997406937e-05,3.913005465110826e-05,3.402470303333718e-05
811.0,0.3476544123090777,0.006704239505240867,0.00146227167401873,0.00123912437468008,3.445701493153244e-05,3.89261969950539e-05,3.387063119162464e-05
812.0,0.3460841310061888,0.006208721222009521,0.001456739884368177,0.00123950619639814,3.431484244789869e-05,3.871634552654192e-05,3.372485397735596e-05
813.0,0.3448604299170823,0.006150553536744877,0.001451490148373511,0.001239983689511207,3.416672117940002e-05,3.851571248039841e-05,3.358514864945108e-05
814.0,0.3434521080925581,0.00620664023975322,0.001446331776565786,0.001240504825236027,3.401569546654072e-05,3.832340736115369e-05,3.344373833705507e-05
815.0,0.3421271673695229,0.006990067735868877,0.001444120242918318,0.001241079080145944,3.386701016864912e-05,3.814328050793629e-05,3.332123408815298e-05
816.0,0.3407469804106988,0.007044705807032736,0.001440040105927562,0.001241740113012299,3.372404631244468e-05,3.795657445324099e-05,3.319990549886737e-05
817.0,0.3394222829173326,0.007174516950702648,0.001435772457111241,0.001242458117929513,3.356319320723837e-05,3.776820641139704e-05,3.307605775505098e-05
818.0,0.3382538783332393,0.006958280687226216,0.001433257394251348,0.00124314623001762,3.340327092083189e-05,3.758289337440721e-05,3.295441415465577e-05
819.0,0.3366504667736444,0.005787983255979135,0.001426677437590941,0.001243821334459832,3.324954592196097e-05,3.740806902652593e-05,3.283425539767989e-05
820.0,0.3354909574865707,0.005501831224227411,0.001421850457596455,0.001244566149354808,3.308473749920773e-05,3.722874108598124e-05,3.27159786830746e-05
821.0,0.3341952175844933,0.006395772136853279,0.001419345508823521,0.001245377158386892,3.294522406592409e-05,3.705395187408717e-05,3.260089619456203e-05
822.0,0.3327192547042167,0.006316008500723469,0.0014167794074432,0.00124618480496458,3.280455839836187e-05,3.688704937398954e-05,3.250047277601815e-05
823.0,0.3313630381041581,0.006919504118264616,0.001415158534053809,0.001246867843282902,3.265398002973571e-05,3.672887059041069e-05,3.239406286809195e-05
824.0,0.3303570575003416,0.007090411638558269,0.001413618000776025,0.001247533602838244,3.249034768328401e-05,3.657144303083822e-05,3.229951999979933e-05
825.0,0.3286862550176847,0.007041179479715474,0.001410171020392793,0.001248291049094025,3.235685203600282e-05,3.641709877060939e-05,3.221319397215031e-05
826.0,0.3276417785325479,0.007795464728890526,0.001407058731828626,0.001249109267788287,3.223701687640991e-05,3.627369434828185e-05,3.213031843007891e-05
827.0,0.326613199261317,0.006782723062606732,0.001406305958683474,0.001249865197485001,3.210267459727366e-05,3.613261544487506e-05,3.205235068856282e-05
828.0,0.3257753342186483,0.006595065187238148,0.001401877053677942,0.001250734775301699,3.19890133822606e-05,3.599744138407801e-05,3.198111700212031e-05
829.0,0.3252690832950424,0.007515379953490542,0.001403317440596838,0.001251611433383202,3.187152469832973e-05,3.588072182168718e-05,3.19200195693281e-05
830.0,0.3246233539222169,0.007134640038650244,0.00139910196726572,0.001252482939239977,3.176692576630919e-05,3.576055279316753e-05,3.186314156317627e-05
831.0,0.324100507594511,0.009060565930345483,0.001399855264534742,0.001253455991667709,3.166474967037919e-05,3.566928551967762e-05,3.180918954889925e-05
832.0,0.3238556092238345,0.008006297800787997,0.001397014358742398,0.001254464020887999,3.156061854299647e-05,3.558132142797257e-05,3.176468590553213e-05
833.0,0.3234643451243256,0.007980556976466581,0.001394988335971352,0.001255523912812044,3.147432398880533e-05,3.550096856313192e-05,3.17298450860409e-05
834.0,0.3235493285937611,0.007421995951324194,0.001392044230988152,0.001256674722529086,3.137638322771977e-05,3.543928101631029e-05,3.169487862169689e-05
835.0,0.3231321974038043,0.006211615130848549,0.001385855905732015,0.001257834569434173,3.127692813269954e-05,3.537246103680963e-05,3.165300982985931e-05
836.0,0.322763543657157,0.007067843959959816,0.00138468243755948,0.00125915736919414,3.118599213252053e-05,3.53100485742051e-05,3.161371486473042e-05
837.0,0.32235795400926,0.007771345186148305,0.001383483692691462,0.001260553869111588,3.110119361035555e-05,3.526643496092922e-05,3.157176914217082e-05
838.0,0.3218759471136498,0.00806328675261446,0.001383210902318428,0.00126199910410217,3.102332318769564e-05,3.523494748750098e-05,3.153887348007733e-05
839.0,0.3216493999310721,0.006902181670336846,0.00137765046060442,0.00126356950321262,3.093909107184975e-05,3.520625022805961e-05,3.150518275101818e-05
840.0,0.3211075903559751,0.005941958165958295,0.001372768505870371,0.001265202071007337,3.086019087757533e-05,3.518630854661647e-05,3.14703401501879e-05
841.0,0.3212994090289387,0.006124165236445565,0.001369160757666521,0.001266945585376641,3.078977486325296e-05,3.517985103017225e-05,3.143798532304987e-05
842.0,0.3212056095148355,0.006054908009375467,0.001366509453164381,0.001268776660645308,3.074539659442901e-05,3.518634944786864e-05,3.140822728243333e-05
843.0,0.3212599899866301,0.006226613955168276,0.001362772453808781,0.00127077361681425,3.06894853712684e-05,3.519753787123356e-05,3.137424275208024e-05
844.0,0.3207577409361279,0.005708308721420145,0.001357644668129356,0.001272793114700999,3.063122262667159e-05,3.520999632780262e-05,3.133763679792732e-05
845.0,0.3203893862999319,0.005831558089679429,0.001354270291245485,0.001274914071044551,3.05578892063125e-05,3.523239339875484e-05,3.129900447241234e-05
846.0,0.3198388893485343,0.005940484668969107,0.001351604504820376,0.001277100468910657,3.050209365696735e-05,3.525815179627764e-05,3.12574906390956e-05
847.0,0.3189649754600127,0.00742263520208125,0.001348144524496856,0.001279396947882408,3.043736285382689e-05,3.529053193127991e-05,3.121221688856536e-05
848.0,0.3190021172041999,0.02751918738033473,0.001358260583489846,0.001281722355647464,3.037998523014186e-05,3.533596026642384e-05,3.11627206457683e-05
849.0,0.3188560825529256,0.01137742003464447,0.001354162522411229,0.001284025823238109,3.032731332475373e-05,3.536503088500389e-05,3.11218368430051e-05
850.0,0.3190034427116128,0.01607312458870739,0.001371121091180458,0.001286367098315986,3.027790739210954e-05,3.541681568966814e-05,3.107747712508781e-05
851.0,0.3184705063560781,0.01002652202078362,0.001340023332854818,0.001288819429033866,3.024749539139174e-05,3.547391630784441e-05,3.103444309124779e-05
852.0,0.3179253129030446,0.007337516227991871,0.001330369534581053,0.001291344917516624,3.020269506840206e-05,3.55364012095503e-05,3.098979757428024e-05
853.0,0.317531747994283,0.007218587550707987,0.001325851816038586,0.001293823613531999,3.01561406196418e-05,3.560369484449443e-05,3.093509057655971e-05
854.0,0.3166729099080955,0.006320360153669212,0.001319849277984301,0.001296339095294219,3.012371187112486e-05,3.566665137613446e-05,3.087890334058099e-05
855.0,0.3162497706479826,0.006122941878346597,0.00131439423122128,0.001298880835790323,3.007621455726734e-05,3.574013288531876e-05,3.082702140311783e-05
856.0,0.3159472024789379,0.005879765983602262,0.001309985163289854,0.001301450878527109,3.004509529497984e-05,3.579834684352535e-05,3.078186748833416e-05
857.0,0.3156547172257937,0.005853076223880368,0.001306272242274403,0.001304057014476952,3.001212554639501e-05,3.586880122076693e-05,3.072058263585958e-05
858.0,0.3155751165440549,0.005525625476608178,0.001300914279776056,0.001306620224032198,2.997748456297757e-05,3.594058187206684e-05,3.066403329913068e-05
859.0,0.3152882738732101,0.006001456878187793,0.001299325527981097,0.001309282747115689,2.996953652819331e-05,3.60091215398001e-05,3.062933542054139e-05
860.0,0.3153714837337225,0.006105434698035364,0.001297783427458703,0.001311957457200519,2.995362288373152e-05,3.607156024810637e-05,3.057187512511034e-05
861.0,0.3150010150579182,0.005885119192918285,0.001293316491285495,0.001314630689688553,2.993038761959307e-05,3.612548477256859e-05,3.051993431788974e-05
862.0,0.3146375501866867,0.005427028104099818,0.001288185447802778,0.001317274618744626,2.990370236121351e-05,3.618400918975758e-05,3.046610407142913e-05
863.0,0.3143584398224246,0.005838747190037719,0.001287247540591006,0.001319933354225153,2.988648041964172e-05,3.624210155012951e-05,3.041437253729582e-05
864.0,0.3143423055366197,0.006681806047459493,0.001287075150080738,0.001322509549360031,2.987598029981123e-05,3.629012493743514e-05,3.037498447287223e-05
865.0,0.3143731666371424,0.006884860136405169,0.001283398356463061,0.001324997535063939,2.988043132736774e-05,3.634024617010099e-05,3.032976271792915e-05
866.0,0.3142269003317271,0.006548408613423431,0.001280918850665086,0.00132743430064049,2.988512002331626e-05,3.637810588336017e-05,3.029417260769001e-05
867.0,0.3141909993302888,0.005834973092864099,0.001277965334506701,0.001329830147217332,2.98549015406143e-05,3.64248088098227e-05,3.024448570328422e-05
868.0,0.3141347870685428,0.005769481871389689,0.001274507661326532,0.001332151148845811,2.984293234011137e-05,3.646404684431754e-05,3.020734564448067e-05
869.0,0.3143182482066732,0.005918096228050979,0.001272926387594441,0.001334415333904302,2.983333873814882e-05,3.651282227386263e-05,3.01723128436632e-05
870.0,0.3145326678894819,0.005356294204960994,0.001271271566026921,0.001336683012536788,2.982963783555545e-05,3.655279914431255e-05,3.014399670454777e-05
871.0,0.3148898845838518,0.005784240548489298,0.001270477152591083,0.0013390524922595,2.98307727960325e-05,3.659212315247392e-05,3.010730676401614e-05
872.0,0.314831943489397,0.006603115588580463,0.001270851437854037,0.001341383284334983,2.984053692877806e-05,3.661770025967415e-05,3.008630368504961e-05
873.0,0.3150608307548498,0.006146870008195119,0.001266847565736821,0.001343580010277608,2.984709842989586e-05,3.666457615467577e-05,3.005596975749179e-05
874.0,0.3150663892512799,0.006029470252131,0.001268404854528982,0.001345730363451303,2.98483326533074e-05,3.669741666459294e-05,3.002030881994235e-05
875.0,0.3151317835469389,0.005355209077875447,0.001265632610157144,0.001347868066423084,2.985300267232146e-05,3.672939660100346e-05,2.999086443065667e-05
876.0,0.3153123443199178,0.006437089357308875,0.001268768977252412,0.001349915854848494,2.987530035485215e-05,3.676240515515863e-05,2.996727778871299e-05
877.0,0.3154377196645647,0.006308629617178253,0.00127021189059203,0.001351821174419087,2.990001218907624e-05,3.679423051951887e-05,2.993237007830402e-05
878.0,0.31546727918536,0.005158896048922786,0.00126691979520821,0.001353642785056903,2.990895929788543e-05,3.6839365116082e-05,2.989818758401363e-05
879.0,0.3151318777771066,0.006168426408184823,0.001271303388089312,0.001355327562226625,2.992691573793826e-05,3.689272114598291e-05,2.987929992810981e-05
880.0,0.3149977616755592,0.005324499804516596,0.001270741658898073,0.001356934040983734,2.995599810065248e-05,3.693465865083675e-05,2.986279891522362e-05
881.0,0.3148931391189183,0.00523810909003073,0.001271248840404315,0.001358448890202488,2.996556968259368e-05,3.696951016985811e-05,2.984418672583065e-05
882.0,0.3152602576093541,0.005490380417774794,0.001273398434223015,0.001360064124338137,2.998648302051208e-05,3.701241396607719e-05,2.98288290067685e-05
883.0,0.3155381636233698,0.005275448093130192,0.001274839573246484,0.001361593967355159,3.000505632069228e-05,3.704914608175949e-05,2.981348883042942e-05
884.0,0.315600652516461,0.005369435952642326,0.00127705967045514,0.001363095662649454,3.002947011299082e-05,3.708885798682006e-05,2.980277712832465e-05
885.0,0.3158585654015524,0.005440020902664512,0.001279266219710464,0.001364448693685201,3.006382077171619e-05,3.711987989785183e-05,2.978637747052198e-05
886.0,0.3162112932467273,0.005595194568151003,0.001281786992606939,0.001365770658385075,3.010146045750073e-05,3.714728147994057e-05,2.97884719410806e-05
887.0,0.3168636792649259,0.005208897037134265,0.001281961974556371,0.001367096616911241,3.012807915613197e-05,3.717019023970599e-05,2.979396283360705e-05
888.0,0.3172983206368855,0.005199759634253328,0.001283429611568738,0.001368297150699804,3.015112546209466e-05,3.717965022693763e-05,2.979522335650983e-05
889.0,0.3175433767785105,0.005031391659252145,0.001285028189959111,0.001369428143976823,3.016356547328746e-05,3.71924478835713e-05,2.979324770381104e-05
890.0,0.3178351358777626,0.00515308303380952,0.001287035371471046,0.001370551493634092,3.017649867750865e-05,3.720512879157259e-05,2.979145505858912e-05
891.0,0.3182942617201674,0.00558376653925567,0.001288602218488015,0.001371545233680368,3.020271284486104e-05,3.721866243856134e-05,2.97879316435745e-05
892.0,0.3188334574814043,0.005499219089623742,0.001291115615860283,0.001372491764739002,3.022802790776244e-05,3.722018395007321e-05,2.979018987438273e-05
893.0,0.3194016264431043,0.005386948797134374,0.001293338314303713,0.001373395230510138,3.026267130201514e-05,3.723089372926395e-05,2.980645640185213e-05
894.0,0.3197185027867008,0.005462994857492754,0.001294121232182521,0.001374207635303508,3.02811629717927e-05,3.721488179685845e-05,2.982001861547197e-05
895.0,0.320236151820356,0.005096618234048974,0.001293284914800167,0.001374751324316926,3.029093060775725e-05,3.720619213568717e-05,2.982494830687679e-05
896.0,0.3205736320843142,0.005317438799970403,0.001294452181169769,0.001375279324811072,3.030994481868771e-05,3.718730487756544e-05,2.983298698513521e-05
897.0,0.3206053701231745,0.004916636152983319,0.001294564562682741,0.00137566009266781,3.03251859670147e-05,3.716679245967629e-05,2.984621096141577e-05
898.0,0.3207426475798733,0.00555053681879391,0.00129493953393633,0.001375955193956901,3.034273999572577e-05,3.714126838347328e-05,2.986139363718062e-05
899.0,0.3208479012220058,0.005216037023498596,0.001295565263556066,0.001376164074078181,3.035987190571476e-05,3.71196525210021e-05,2.987189797928782e-05
900.0,0.3208663201933365,0.005453204204366082,0.001297238094171941,0.001376372751892788,3.036689878680557e-05,3.708066693386447e-05,2.988173224235228e-05
901.0,0.3210081954253999,0.00577717542963241,0.001299206567347075,0.001376594601512857,3.036177888368052e-05,3.703115716081354e-05,2.989869780906901e-05
902.0,0.3209220336862376,0.005459653281431522,0.001298771476935688,0.001376795146539367,3.035235690783972e-05,3.698533698357607e-05,2.989926513718383e-05
903.0,0.3209656720094948,0.005637135610015224,0.001299417912353397,0.001376869471149387,3.035613785057623e-05,3.695061371565175e-05,2.990577366984577e-05
904.0,0.3211221710117801,0.005307025821490789,0.001298058116419876,0.001376948669840242,3.034219015284957e-05,3.69175212924686e-05,2.991285507147232e-05
905.0,0.3210225096534725,0.005295735375542347,0.001297780004301142,0.001376912119683908,3.032417260218767e-05,3.68786674337312e-05,2.991754653030664e-05
906.0,0.3209373899326425,0.005154732588924638,0.001296689438056148,0.001376890496498994,3.030620864796834e-05,3.682913593136408e-05,2.993199451711082e-05
907.0,0.3204570488084519,0.005428066848545613,0.001297055274274929,0.001376811052339147,3.028431731450482e-05,3.677472030973797e-05,2.995164744322791e-05
908.0,0.3200746747719852,0.004990706260995429,0.00129647605265531,0.001376803593292942,3.026198752536591e-05,3.673005423217761e-05,2.99592065097027e-05
909.0,0.319559215414972,0.005652892596416151,0.001296676180928916,0.001376648042534329,3.023252192564668e-05,3.668136899784393e-05,2.995770058137649e-05
910.0,0.3188984847695181,0.005414093341855902,0.001297355611158385,0.001376177951846495,3.021162400246227e-05,3.663998250431905e-05,2.995827395614578e-05
911.0,0.3183834868991617,0.005934826151454567,0.001298226148795616,0.001375778466832184,3.019572980836932e-05,3.658653396327634e-05,2.996344108294238e-05
912.0,0.3181626852199257,0.005861031458100685,0.001296974789120077,0.001375336279473753,3.017268142318076e-05,3.654139463385252e-05,2.996671461215036e-05
913.0,0.3179899114458208,0.005579272738242496,0.00129874145047896,0.001374781851235081,3.015385262504873e-05,3.650380457899812e-05,2.996510274839e-05
914.0,0.3179865800757909,0.005642770216779641,0.001299092450889371,0.001374204282781392,3.013325638895521e-05,3.64654982591935e-05,2.996020619040572e-05
915.0,0.3176287699373052,0.005224849494582712,0.001299264925279303,0.001373542261638806,3.012245488104659e-05,3.642848139429662e-05,2.995543551091672e-05
916.0,0.3170716744443246,0.005104559014724162,0.001299298285612343,0.001373199311207484,3.011184581964286e-05,3.638983000962379e-05,2.993512036425867e-05
917.0,0.3166078332157087,0.006547426972608622,0.001302207758757275,0.001372689600792449,3.009091355623268e-05,3.635504647852278e-05,2.992612938457951e-05
918.0,0.3159874026443444,0.006207211251512448,0.001303167713857346,0.001372138105900689,3.009066210506214e-05,3.633127763055493e-05,2.993344168133385e-05
919.0,0.315606115235104,0.006151337708605009,0.001304935561061619,0.001371456317704232,3.008153120341756e-05,3.630802681409053e-05,2.992019706371207e-05
920.0,0.3153413490821769,0.005941996212242638,0.001305343512903097,0.001370807045728066,3.007140378251486e-05,3.628240630847079e-05,2.991601158113948e-05
921.0,0.3151270253452624,0.006037325249009879,0.001306085670252708,0.001370184169215248,3.007219152815164e-05,3.624912491452504e-05,2.989743316190734e-05
922.0,0.3147837015589625,0.005622431237383605,0.001305415238630004,0.001369529213747091,3.007827419142596e-05,3.62195349122131e-05,2.987438042903401e-05
923.0,0.314145497729003,0.005863378881085722,0.001306762916454534,0.001368767339417709,3.0058027658787e-05,3.618569608537468e-05,2.985728538647583e-05
924.0,0.3136718224964041,0.005654730677025935,0.001306938290170696,0.001368008966521188,3.006143954753139e-05,3.61535086959441e-05,2.983149861738886e-05
925.0,0.313158732634008,0.006219720401342435,0.001309489403349494,0.001367366761021592,3.00737276859472e-05,3.612787572817668e-05,2.981161860573121e-05
926.0,0.3127317007920753,0.005785295965281358,0.001310266382275222,0.001366677978198679,3.008934935867173e-05,3.612187161637546e-05,2.979512100749389e-05
927.0,0.3124038329892296,0.005670930389374426,0.001310658578290628,0.001365938565970349,3.010648552595407e-05,3.610602026693056e-05,2.97730444653034e-05
928.0,0.3121673853343091,0.007084376003520396,0.001313707713096383,0.001365264631905953,3.012166391909214e-05,3.607331228862049e-05,2.975605125581033e-05
929.0,0.3120269362549812,0.006656727489056216,0.00131572585994322,0.001364599803978474,3.013951217630093e-05,3.604475701326063e-05,2.973103014973205e-05
930.0,0.3120058377493726,0.0058991757515353,0.001315680382995179,0.00136387666373146,3.017181969383888e-05,3.603026157291532e-05,2.96971795178122e-05
931.0,0.3116683329503819,0.005811364313965757,0.00131641991440993,0.001363029203086289,3.019597243312509e-05,3.601476104844913e-05,2.966814387011934e-05
932.0,0.3112699732042739,0.005667034677627595,0.001317663497943654,0.0013622308269961,3.022497668869463e-05,3.600391123550712e-05,2.964411572123711e-05
933.0,0.3112762613375072,0.00564540081746344,0.001317765333515324,0.001361479046382178,3.025273788844797e-05,3.597765372553448e-05,2.96166848804207e-05
934.0,0.3110768867224381,0.006053523235198608,0.001322368427771843,0.001360756387712369,3.029604421232923e-05,3.596122931158079e-05,2.960066020699356e-05
935.0,0.3109432905467846,0.006502854991970375,0.001323944025832722,0.001360126671149978,3.032862683770076e-05,3.59358001801782e-05,2.958482776452286e-05
936.0,0.3109163267327142,0.005625643869757082,0.001323617125739229,0.001359547639409399,3.036712154811832e-05,3.592113449154486e-05,2.956502280388714e-05
937.0,0.3106825529854075,0.005264143887669195,0.001322925007796458,0.001358868051183896,3.039587687989161e-05,3.590514028148983e-05,2.953187214243457e-05
938.0,0.3105348999484009,0.006205486106853862,0.001326172853680805,0.001358293650166358,3.042849752325263e-05,3.588025732657281e-05,2.950642569371877e-05
939.0,0.3107409641853893,0.005949969212043307,0.001327051345217262,0.001357782466559403,3.049317586534044e-05,3.586409031085676e-05,2.948209057680114e-05
940.0,0.3108786338434005,0.007317942652462501,0.001328941571084857,0.001357447821548482,3.056324876576736e-05,3.583101744031483e-05,2.945720439401331e-05
941.0,0.3106928359027498,0.007088445333834769,0.001331853628829263,0.001357131612411148,3.06280534807525e-05,3.580884878003066e-05,2.943045189166902e-05
942.0,0.3104350921843158,0.006766829772395612,0.001332280729680674,0.001356651310109669,3.06908364934081e-05,3.579704216655664e-05,2.942249624502695e-05
943.0,0.3104445155600347,0.007384195987315868,0.001334346854344403,0.001356055325579389,3.074634973647096e-05,3.576755150785841e-05,2.940141077612569e-05
944.0,0.3104029067002075,0.006944859803605824,0.001330715748752823,0.001355599820278806,3.080215619819151e-05,3.574710764225055e-05,2.937948817895123e-05
945.0,0.3102863245728719,0.006406872743694472,0.001331239768427894,0.001355391778411928,3.08698238774766e-05,3.570687266520357e-05,2.934847164962849e-05
946.0,0.310143682760984,0.006539113595290533,0.001331609160473286,0.001355130325046725,3.094854032154813e-05,3.5664507375547e-05,2.93286116401144e-05
947.0,0.3099376617916562,0.005976016605341963,0.00132841728923887,0.001354961307257124,3.102889377686053e-05,3.562815901420926e-05,2.929477839452199e-05
948.0,0.3101080634339355,0.006419976467382046,0.001330040951885076,0.001354788574900708,3.110582712257579e-05,3.558272742136374e-05,2.926925168254378e-05
949.0,0.3101559196116664,0.006275651621456125,0.001330092215069485,0.001354547007288744,3.118018724950759e-05,3.554357680161906e-05,2.924819015244808e-05
950.0,0.3102543378937536,0.005767309039299515,0.001326022901188598,0.001354327771913676,3.125726699096757e-05,3.550755664134699e-05,2.923106113808567e-05
951.0,0.3103889515434898,0.006082427166083792,0.001326217819829068,0.001354177038668348,3.132163307938771e-05,3.545299811984228e-05,2.921156244427092e-05
952.0,0.3099836761869287,0.005968828868171689,0.001326653317217617,0.00135398351594331,3.137632968413955e-05,3.539434416555986e-05,2.919504754203779e-05
953.0,0.3098418382047247,0.007231751373882499,0.001325685495998927,0.001353484812465659,3.143268070076866e-05,3.534628957411357e-05,2.91748412305086e-05
954.0,0.3098314996261523,0.007227061648544648,0.00132489901704903,0.001352982021945365,3.14938323317712e-05,3.530320385104561e-05,2.91475516880286e-05
955.0,0.3097033486932825,0.007027940151349942,0.001325545712536056,0.001352531184576778,3.154966200750058e-05,3.524176294845628e-05,2.91353635840171e-05
956.0,0.3095245656144311,0.006373729615488759,0.001322255628767535,0.001352074699535755,3.159029405007753e-05,3.517921446544788e-05,2.91227645473765e-05
957.0,0.3090575379751215,0.007676704454398827,0.001322184595178876,0.001351621275205416,3.16294389196051e-05,3.512515100464497e-05,2.911267900515193e-05
958.0,0.309081265112213,0.008525172550510999,0.001321704948783291,0.001351177197887537,3.166989473691329e-05,3.507329648244802e-05,2.910803707388768e-05
959.0,0.3088782593410136,0.008632023077941689,0.001321663558749175,0.001350589196087282,3.170111504673685e-05,3.50294526817062e-05,2.911480058552395e-05
960.0,0.3087429817898215,0.007670849247544582,0.001317767305038199,0.001350091779272765,3.173616997093923e-05,3.496484850533752e-05,2.910665092567837e-05
961.0,0.3082291006440492,0.006862557324479959,0.001312785695932789,0.001349649289949854,3.17587105552132e-05,3.490724932021407e-05,2.910908934295409e-05
962.0,0.3074980556139909,0.006344310700958954,0.001307979553225997,0.001349062020542714,3.176723923521785e-05,3.48329146231985e-05,2.911147369163873e-05
963.0,0.3072722821197734,0.006337240635798073,0.001304874663554171,0.001348672376228027,3.177242268626965e-05,3.47701912202449e-05,2.911402969780755e-05
964.0,0.3071466728468023,0.006245720307309917,0.001302051992108475,0.001348056663650299,3.177085216052655e-05,3.471369703189836e-05,2.912273690686193e-05
965.0,0.3069963803432387,0.006316843841073054,0.001299454709189133,0.001347208276556672,3.175889008634899e-05,3.46716900888444e-05,2.913972352449194e-05
966.0,0.3064143298514838,0.005787783896948913,0.001294767459301168,0.001346416359109553,3.173857728578135e-05,3.461929327719986e-05,2.91597375317184e-05
967.0,0.3060433994189438,0.006523066915551753,0.001292809478287976,0.001345675858339098,3.171846824431138e-05,3.45621455442688e-05,2.917886586402019e-05
968.0,0.3054208593310048,0.006293887061111991,0.001288575297285771,0.001344774729675693,3.169197729448912e-05,3.451237616536818e-05,2.920885445884538e-05
969.0,0.3050947537481721,0.006422668251561724,0.001286042327954687,0.001343790379869707,3.165460076029936e-05,3.446788309785873e-05,2.924289472688545e-05
970.0,0.3046135172593765,0.007973826561096192,0.001286388930786919,0.001342760582071754,3.163037817014979e-05,3.443274601466209e-05,2.927225302367732e-05
971.0,0.3041677072597492,0.007322357851226699,0.001284170670048607,0.001341680822156751,3.159756762922374e-05,3.440631495498371e-05,2.9317583077093e-05
972.0,0.3037386827801299,0.00731808261696528,0.001280607292302536,0.001340626353672872,3.156193479983268e-05,3.437793398272223e-05,2.935913816428644e-05
973.0,0.3030556942203516,0.008839233827653612,0.001278954753746123,0.001339523290677341,3.151102393157331e-05,3.433852741724372e-05,2.940335912109676e-05
974.0,0.3022956378888147,0.007391681456514276,0.001273900560163795,0.001338406233495238,3.14529823051997e-05,3.430387053549062e-05,2.945166928422299e-05
975.0,0.3017499986915356,0.00849539072328905,0.001275591773707003,0.001337300845042875,3.140751899495742e-05,3.427585569309395e-05,2.948553249179072e-05
976.0,0.301447687330788,0.006644387274466185,0.001267877639117329,0.001336133237957696,3.135202687663394e-05,3.425366673150637e-05,2.953080342112605e-05
977.0,0.3010601700512132,0.006876510067756995,0.001263459544616321,0.001334762032187606,3.128771004392181e-05,3.424051881761179e-05,2.956859623733841e-05
978.0,0.3008936810070895,0.006385190571970952,0.00126016239036393,0.001333343726505625,3.122707615895978e-05,3.422140484401147e-05,2.961405941419867e-05
979.0,0.3004532517337322,0.006586269253657146,0.001257471382489751,0.001331981438265361,3.117144838596931e-05,3.419650372018644e-05,2.966298501576144e-05
980.0,0.300198590743776,0.005818310738787328,0.001252120151817456,0.001330717162484349,3.110692877721748e-05,3.416608297214907e-05,2.970145843208858e-05
981.0,0.3000040478567717,0.006801846309056643,0.001251159089007119,0.00132942797749149,3.104868978974526e-05,3.415326536482876e-05,2.973545235128953e-05
982.0,0.29966933251904,0.009153804131453634,0.001252516714235439,0.001328112766090638,3.099981841980758e-05,3.413719846774049e-05,2.97914327860896e-05
983.0,0.2994112223991647,0.008012992833519254,0.001250828040602776,0.001326719708262943,3.094793442591354e-05,3.411258805341984e-05,2.982707030609486e-05
984.0,0.2993425458685237,0.007624427486051747,0.001245278850514193,0.001325310097207218,3.089325905764277e-05,3.410389349911617e-05,2.986659210608946e-05
985.0,0.2991271190211722,0.008217082100289942,0.001244782025881986,0.001323826688169332,3.08301235511813e-05,3.408652443264256e-05,2.992285857217708e-05
986.0,0.2987396083431608,0.007192617894405915,0.001238538838839357,0.001322362934145371,3.077933446671602e-05,3.406663566236471e-05,2.996007221030569e-05
987.0,0.2985299262731666,0.006779279680005741,0.001235948013635758,0.001320742891971134,3.072733660916076e-05,3.403733684637069e-05,3.000169873293144e-05
988.0,0.2986436527613744,0.007712012710010051,0.001234027169074709,0.001319172492092324,3.068002418771851e-05,3.402136832249132e-05,3.004642973954237e-05
989.0,0.2983848127825157,0.008709702596760892,0.001231688538318552,0.001317520801562632,3.063182704937975e-05,3.399698937004371e-05,3.009276090435152e-05
990.0,0.2982220182121867,0.008517256365417166,0.001232462838206175,0.00131580190974899,3.058702706843412e-05,3.396914314586617e-05,3.012530450233569e-05
991.0,0.2982144202421501,0.007084293190604592,0.001225308553692604,0.001314015520531922,3.054403973195219e-05,3.394721363324401e-05,3.017236440761157e-05
992.0,0.2978840660063745,0.007129561886199268,0.001220341169632808,0.001312364479876107,3.049670228908387e-05,3.392392009533802e-05,3.021841453383585e-05
993.0,0.2980175631397151,0.007252439532376818,0.001219339295007732,0.001310629234434841,3.045325823910183e-05,3.390253815844958e-05,3.026110981068011e-05
994.0,0.2980012145371256,0.006862966354127106,0.001214131319131427,0.001308903245344555,3.042136548022673e-05,3.387835671719986e-05,3.032296719238313e-05
995.0,0.2982008795361166,0.006530125363934377,0.001211432425249889,0.00130722292775133,3.038135968845025e-05,3.385945276616031e-05,3.035729148485701e-05
996.0,0.2982446307200095,0.005592942099954014,0.001206110634483653,0.001305552469726564,3.035022985395267e-05,3.383032159409403e-05,3.040629585083073e-05
997.0,0.2984270337392804,0.006869191894140638,0.001207652955791639,0.00130378728878351,3.032490956470717e-05,3.378696856512638e-05,3.044572613668268e-05
998.0,0.2984632698738447,0.00623504180976188,0.001204048072220107,0.001302102782623376,3.030820915712129e-05,3.3747166092026e-05,3.047885725029154e-05
999.0,0.2983995214037658,0.006448681319966398,0.001200865271453799,0.001300393142474528,3.026765617915783e-05,3.369963687586395e-05,3.050086606221068e-05
1000.0,0.298788009169087,0.006611576753618725,0.001200422600756457,0.001298638440317006,3.023843801008323e-05,3.367225239172908e-05,3.053628443935505e-05
1001.0,0.2989240137357083,0.006930939839802843,0.001198260577471285,0.001296900263062278,3.021826259014915e-05,3.364510519718717e-05,3.055972283584858e-05
1002.0,0.2993877679464308,0.007999490576497773,0.00119988277819766,0.001295155191184585,3.021114469720677e-05,3.36174431315584e-05,3.058847444142775e-05
1003.0,0.2997041361160652,0.006622201823115787,0.001194507745885498,0.001293427776198448,3.01993416574721e-05,3.358028255376829e-05,3.061261545114646e-05
1004.0,0.299344597947701,0.006460078735464952,0.001191036612476449,0.001291754644196942,3.017430829589426e-05,3.353279746272929e-05,3.062804686488624e-05
1005.0,0.2995163842417354,0.005893362335995775,0.001188572176675814,0.001290115749743995,3.015267356195907e-05,3.350139871854993e-05,3.064393507024189e-05
1006.0,0.2996524030075131,0.006287202778617908,0.001186880606901046,0.001288406295474488,3.013017727246667e-05,3.345898604302566e-05,3.066302043556045e-05
1007.0,0.3000152072480111,0.005542251304120418,0.001184022150048973,0.001286672131833926,3.012104703614424e-05,3.343359299570486e-05,3.067024687694272e-05
1008.0,0.3002674306348976,0.005897756610044312,0.00118273872125313,0.001284949467679786,3.012437396617164e-05,3.338514062458095e-05,3.066354131988076e-05
1009.0,0.3006932502591138,0.00698740384321812,0.001183382711581982,0.001283205198154491,3.014125337872198e-05,3.334510626886236e-05,3.066708522422284e-05
1010.0,0.301012431141512,0.007860464381333702,0.001185990350618093,0.001281388441503023,3.015068983094486e-05,3.330581615277844e-05,3.067106897715919e-05
1011.0,0.3016289816195752,0.006946087736457158,0.001183095255016977,0.001279544457370347,3.016241398664405e-05,3.327192211525052e-05,3.067304051056219e-05
1012.0,0.3017450856181885,0.006323552552882908,0.001180186949415992,0.001277674895261043,3.017870005928679e-05,3.32387775361645e-05,3.067625446267316e-05
1013.0,0.3020396565391263,0.006785961237304582,0.001179651804965697,0.001275873725007275,3.019002721969765e-05,3.319768633296684e-05,3.066862523882633e-05
1014.0,0.3022500265264568,0.006454413910342592,0.00117998401535772,0.001274152371189944,3.020778815048267e-05,3.316281246651358e-05,3.067245333366264e-05
1015.0,0.3024997062072902,0.006488834891305199,0.001178304850473358,0.001272397176021965,3.023425253379874e-05,3.312318403579325e-05,3.067556983053942e-05
1016.0,0.3030843438917368,0.006278795830028686,0.001177022741067424,0.001270689358955147,3.0256894965484e-05,3.309336385104701e-05,3.0668033893053e-05
1017.0,0.3035559441276813,0.005840133730356509,0.00117547547982367,0.001268909190850254,3.02850720795109e-05,3.305996966528478e-05,3.066611196841812e-05
1018.0,0.3039740196368821,0.005869492538811348,0.001173971743360853,0.001267063674852838,3.030445434412671e-05,3.302465897097466e-05,3.065982008947473e-05
1019.0,0.3044534692547918,0.007072644119797429,0.001176721826511521,0.001265208943963329,3.033903966957427e-05,3.299005026828854e-05,3.065357161700132e-05
1020.0,0.3050163987960702,0.006406396927438449,0.001175599380370257,0.00126337483365729,3.037180105388538e-05,3.29662750306725e-05,3.065184040972632e-05
1021.0,0.3055974564245085,0.006457766015830815,0.001173416641627795,0.001261558362906094,3.04098173349481e-05,3.294979735979246e-05,3.064276470936736e-05
1022.0,0.3061709602494196,0.007598652991628415,0.001177776408106964,0.001259682984658045,3.044238532919426e-05,3.292886890477573e-05,3.064277755351049e-05
1023.0,0.3066129161132889,0.007407983716230452,0.001176315325686643,0.001257899544034248,3.047812594235172e-05,3.29187038966878e-05,3.066089961599639e-05
1024.0,0.3075463336516602,0.006948121980857863,0.001176357933874255,0.001256156591734302,3.052384535728928e-05,3.290423151056745e-05,3.067572695222372e-05
1025.0,0.3077252949233651,0.00640384484442416,0.001175291674215258,0.001254426728183419,3.055597436550626e-05,3.288404125938863e-05,3.068360301139553e-05
1026.0,0.3076191149969986,0.005526126368572725,0.001173688581063027,0.001252637683182093,3.05896420308725e-05,3.2864880720232e-05,3.070185600596442e-05
1027.0,0.3080206209054129,0.005436172646312755,0.001172511172240372,0.001250813054429466,3.06198566945398e-05,3.284263684707752e-05,3.070670801343448e-05
1028.0,0.3083633917077983,0.00545753881085342,0.001174107338098688,0.001249014050859571,3.065024990843135e-05,3.282746066810107e-05,3.072043695155478e-05
1029.0,0.3086780676337885,0.005247489488197926,0.00117407451659965,0.00124720199883658,3.068651773756809e-05,3.281624322468421e-05,3.072672715304896e-05
1030.0,0.3090026405316261,0.004418496278302556,0.001172188984372487,0.001245428845452842,3.07126773324469e-05,3.280398165600751e-05,3.073197767478405e-05
1031.0,0.3092999458406233,0.005044668570574118,0.001175734587200358,0.001243675302313825,3.07404928102071e-05,3.280402407660218e-05,3.074786582919239e-05
1032.0,0.3095578776081381,0.008137657565588178,0.001183360545607392,0.00124195226915123,3.076704669032697e-05,3.281123367373647e-05,3.076933560422983e-05
1033.0,0.3099101165899323,0.006786023300882277,0.001182733327571267,0.001240254258437741,3.080650201423043e-05,3.282222768659715e-05,3.081085777864327e-05
1034.0,0.3106458387360487,0.00670775632770695,0.001185876664008029,0.001238598275687341,3.083713515904109e-05,3.283294063059354e-05,3.082181535312436e-05
1035.0,0.3106010933757967,0.006156142131141808,0.001186738997602558,0.001236990412103798,3.085601365624251e-05,3.283484453761384e-05,3.083459977624322e-05
1036.0,0.3110876258593027,0.005430129809396197,0.001185515087854787,0.00123547419236149,3.089402913283915e-05,3.284620021208096e-05,3.086175940775887e-05
1037.0,0.3112477913594544,0.005277629037924171,0.001187275992975047,0.001233946679743663,3.091691504893718e-05,3.285937044529155e-05,3.08855495131741e-05
1038.0,0.311292425425753,0.005086306163823988,0.001188232796254976,0.001232491350570078,3.093505713858767e-05,3.286837361312037e-05,3.090667393536374e-05
1039.0,0.3116390060685861,0.005193849324059765,0.001191395401264662,0.00123109399259602,3.095369175331073e-05,3.287070601106831e-05,3.092794505318751e-05
1040.0,0.3119180063240118,0.006082243786494684,0.001194957054363506,0.001229756021406111,3.098014934332448e-05,3.287564797414944e-05,3.095612204830463e-05
1041.0,0.3123178644989976,0.005735039508092584,0.001198012688508609,0.00122845343636889,3.09991625207871e-05,3.287945320183077e-05,3.098344018981697e-05
1042.0,0.312574865742821,0.006514190543839869,0.001200767739407705,0.001227216868733605,3.101505684928384e-05,3.289471266398062e-05,3.101025292635697e-05
1043.0,0.3130289859281373,0.006706254832639538,0.001204318847051127,0.001226062334633281,3.103311701288637e-05,3.29096517354545e-05,3.103959993647859e-05
1044.0,0.3133019566829038,0.006286577903437022,0.001204491003487768,0.00122494032980252,3.105136239885571e-05,3.291531791994261e-05,3.105632490017314e-05
1045.0,0.3135638231621204,0.005567224636921509,0.001203747039995281,0.001223880032021136,3.106470072611612e-05,3.290939729665083e-05,3.107485206464292e-05
1046.0,0.3136919472471029,0.006136708745953653,0.001206614600762279,0.001222890200638405,3.107150167618264e-05,3.291478083340274e-05,3.108613087527314e-05
1047.0,0.3140094494569922,0.005645773809605826,0.001207911279872399,0.001221973799241703,3.109186027424879e-05,3.290777537376772e-05,3.109414626414782e-05
1048.0,0.3143513804750613,0.005176014677507914,0.001206778145136398,0.001221083624183445,3.11055832026682e-05,3.290332468369874e-05,3.109690239093438e-05
1049.0,0.3145507951082535,0.005796549401624856,0.001209973006627812,0.001220216239336787,3.110309944801755e-05,3.288894917592194e-05,3.107453194323038e-05
1050.0,0.3146870305897801,0.005348735085611918,0.001209830974452148,0.00121935344055192,3.11183442522509e-05,3.287147428483138e-05,3.107165473951512e-05
1051.0,0.3150581692852885,0.00522466917494806,0.001211571748003063,0.001218506440712131,3.112607795847931e-05,3.285460421528607e-05,3.105279408083454e-05
1052.0,0.3149603980594788,0.00503836689787893,0.00121115094468441,0.001217749112408744,3.112033429012425e-05,3.283019147492157e-05,3.104313415203441e-05
1053.0,0.3150243432493736,0.005030103627824534,0.001212910165845425,0.001217018749524293,3.111747736438629e-05,3.280372428785078e-05,3.10155278038229e-05
1054.0,0.314848527279321,0.004741993626673146,0.001212214291256451,0.001216343295552403,3.111386931128905e-05,3.277139846238791e-05,3.098605673412368e-05
1055.0,0.3146324549570155,0.005546600076745981,0.001214125853576603,0.001215629290091214,3.111027618637061e-05,3.273850180947528e-05,3.094249091288894e-05
1056.0,0.3144793078230768,0.005166384100631255,0.001216624396300642,0.001214920636038274,3.110702818451438e-05,3.270673378156268e-05,3.090002613192691e-05
1057.0,0.314453199392649,0.004858665800889584,0.001215659923619391,0.001214176691167987,3.111195459265639e-05,3.267309755768492e-05,3.08599044899116e-05
1058.0,0.3145197629569551,0.005225313385369234,0.001217033904925652,0.001213380819330846,3.110961751214288e-05,3.262703744207279e-05,3.079994411454995e-05
1059.0,0.3141458635188003,0.005283747435791035,0.001217367363778783,0.001212551174281682,3.110171083705636e-05,3.258011046353662e-05,3.074921855315607e-05
1060.0,0.3140987794457769,0.005185815895430007,0.00121908193017838,0.001211720381035402,3.110512608463185e-05,3.254678140442375e-05,3.06933364936908e-05
1061.0,0.3137219843568751,0.005407690208950806,0.001219641087394252,0.001210871132226181,3.111266294804486e-05,3.250420877936821e-05,3.063948808866506e-05
1062.0,0.3134124854426445,0.005549769250168825,0.001218964312010603,0.001209977988133482,3.110441019395653e-05,3.24530268458419e-05,3.056003472095759e-05
1063.0,0.3131199965083927,0.005278295906626975,0.001219702699160991,0.001209108951190839,3.110963887543207e-05,3.240182389589462e-05,3.048571428877215e-05
1064.0,0.3128634902161442,0.004850808114199912,0.001217758774324177,0.001208247114030629,3.110516039249084e-05,3.234967361327472e-05,3.041171183085244e-05
1065.0,0.3124075267764941,0.004840454568525629,0.001216309552589513,0.001207368935922407,3.109765358255074e-05,3.229972619140249e-05,3.034856275747092e-05
1066.0,0.3121449418405247,0.00509659173160554,0.001216313650073459,0.001206512947562772,3.109729839150635e-05,3.224540123301654e-05,3.028591476041251e-05
1067.0,0.3121816557767485,0.005361752773442147,0.00121554674133903,0.001205699415595734,3.109759232768518e-05,3.219743257989489e-05,3.021732035961786e-05
1068.0,0.3125651347236471,0.005008097608202172,0.001213465187204468,0.001204925479450396,3.110091342655728e-05,3.21519296603034e-05,3.014932611824544e-05
1069.0,0.3119525906819702,0.006003947999437191,0.001212894330428579,0.001204142989494004,3.109683516482693e-05,3.209682411347457e-05,3.008760683257292e-05
1070.0,0.3114836650869202,0.006919439694022606,0.001213902285555943,0.001203377755522784,3.109110912305861e-05,3.205288494449587e-05,3.001313136975611e-05
1071.0,0.3112110197445427,0.006922549810690971,0.001211883195713827,0.001202613519735925,3.109082260126945e-05,3.199834202860458e-05,2.994147485453755e-05
1072.0,0.3106578615867913,0.00647240417383554,0.001208007689183829,0.001201846131523946,3.107410938227808e-05,3.195245007368863e-05,2.987363782279457e-05
1073.0,0.3100971319671696,0.006200082064421784,0.001204068240074406,0.001201078148614738,3.105411471350547e-05,3.190661488453821e-05,2.98063151923381e-05
1074.0,0.309182908397997,0.006106984752499693,0.001199917090555411,0.001200302884896354,3.104151072392376e-05,3.186090037205635e-05,2.973387497957009e-05
1075.0,0.3088823806707434,0.006506821243950533,0.001197227778012275,0.001199587721529043,3.104211955157593e-05,3.181080477785067e-05,2.967567079402104e-05
1076.0,0.3082314767140449,0.005875247945214424,0.001193115403435784,0.001198920161550173,3.103212909790218e-05,3.176956897925679e-05,2.961635073532541e-05
1077.0,0.3075941835864527,0.005464815938935469,0.001190434074627653,0.001198227704627284,3.101834922868534e-05,3.173732367806413e-05,2.955285135864881e-05
1078.0,0.3069304935708193,0.005022400185867912,0.001186213745731689,0.001197578799980293,3.100527274669153e-05,3.169034503849711e-05,2.949423363544544e-05
1079.0,0.3064928230209291,0.00569945051821386,0.001185053225597039,0.001196835810075223,3.099092344652311e-05,3.165350441537715e-05,2.943011632961716e-05
1080.0,0.3059800107204866,0.005549987361302673,0.001182756711792917,0.001196098692678659,3.097397647681363e-05,3.161650053939142e-05,2.937662585714862e-05
1081.0,0.3056580225536363,0.005918551607154702,0.001182718998875934,0.001195347003425252,3.094938561105697e-05,3.158975890157681e-05,2.933157840802177e-05
1082.0,0.3051442387292389,0.00564427014368338,0.001180043155515161,0.001194648687528717,3.092835654620563e-05,3.155498786546222e-05,2.929532550163244e-05
1083.0,0.3049738700754622,0.00563905649804658,0.001177501623671094,0.001193918465956681,3.091049134666683e-05,3.153468844749651e-05,2.925419744100017e-05
1084.0,0.304680763787244,0.006968997130507904,0.001177921016951816,0.001193244206460743,3.088566171540244e-05,3.151783854042983e-05,2.920835416929844e-05
1085.0,0.3043520950972795,0.00735363655828979,0.001176785475562855,0.001192535128304501,3.086374570119141e-05,3.149885229030742e-05,2.916456610509796e-05
1086.0,0.3040763838204429,0.006952101753283014,0.001176424167804384,0.001191809838669305,3.08295544391362e-05,3.147447838459977e-05,2.912300976088806e-05
1087.0,0.303976112736342,0.008068566101013041,0.001175825470923216,0.001191104841346233,3.080206041884126e-05,3.144520802319387e-05,2.909201748669068e-05
1088.0,0.3035865850287017,0.006844279420490975,0.001173917989149191,0.001190481269849022,3.078011254934173e-05,3.141695004916407e-05,2.905709607660141e-05
1089.0,0.3031834664520767,0.006418822405937219,0.001169938193717571,0.001189839456603324,3.074710699748921e-05,3.13894134406439e-05,2.903041058607352e-05
1090.0,0.3025787572423984,0.006658865995894278,0.001169753677802072,0.001189273257371234,3.0707750767348e-05,3.137141851970935e-05,2.899890424596744e-05
1091.0,0.3020871573650579,0.006401174747549792,0.001166884684167053,0.001188683806599046,3.067132499121853e-05,3.135980138443504e-05,2.896920686620211e-05
1092.0,0.301918880580591,0.006342639243110807,0.001164488886966719,0.001188142614965708,3.063424624453655e-05,3.133861202003893e-05,2.893248254267266e-05
1093.0,0.3014912457880995,0.006536957198442505,0.001164394191877026,0.001187667238385275,3.0591510204962e-05,3.131027090847246e-05,2.890531426305614e-05
1094.0,0.3013744573607918,0.006512957071283525,0.001163144218843337,0.001187209962498031,3.054315510951895e-05,3.128239192644086e-05,2.887862708519027e-05
1095.0,0.3011452236946984,0.007147876745992813,0.001163624761796314,0.001186821627482079,3.04964058380165e-05,3.126404236313229e-05,2.885628891315218e-05
1096.0,0.3011652348427239,0.006465475885458679,0.001161071478473648,0.00118647710098754,3.044735071429121e-05,3.123746423359787e-05,2.883800093011053e-05
1097.0,0.3007668210386024,0.006456278376568024,0.001159842715653584,0.001186121114279028,3.039548257232118e-05,3.120979782138887e-05,2.881926226191063e-05
1098.0,0.3005383176998575,0.006134708207383367,0.001157319799972774,0.001185796364020939,3.033924049274164e-05,3.118281726606838e-05,2.880367377542974e-05
1099.0,0.3003542182781548,0.00616074335512398,0.001156527714700783,0.001185472000414439,3.028258207277209e-05,3.115073508010309e-05,2.878997321565558e-05
1100.0,0.3001694865702246,0.006366967930053671,0.001155280767488076,0.001185185613695707,3.02205390473262e-05,3.11191668670296e-05,2.877121604074742e-05
1101.0,0.2998681278151871,0.006530619260785605,0.001154579101002066,0.001185003304359831,3.015252876868368e-05,3.109528015675811e-05,2.87561581465405e-05
1102.0,0.2995722825032959,0.008885520584374794,0.001156631675677036,0.001184897969559074,3.008487706148553e-05,3.107231215774706e-05,2.874227117431931e-05
1103.0,0.2994283705221802,0.007911125688932123,0.001152726025167809,0.001184831929217798,3.001877133996755e-05,3.105644194845455e-05,2.873598209593876e-05
1104.0,0.2990578123239154,0.007685996868479869,0.001152405595306559,0.001184831068265535,2.994972725377715e-05,3.102108845492957e-05,2.871482502510682e-05
1105.0,0.2985935884105086,0.007188165878949489,0.001149073456401097,0.001184891037297238,2.986435483023562e-05,3.099502945405494e-05,2.87002083261613e-05
1106.0,0.2982399503068824,0.006056206683307835,0.001145592794600052,0.001185053431319086,2.978743244525841e-05,3.098210334347051e-05,2.868461118177013e-05
1107.0,0.2978288842944566,0.00682468653805338,0.001144235495658781,0.001185259233232809,2.970039917878387e-05,3.096804879948021e-05,2.867817264311212e-05
1108.0,0.2976468327045572,0.00850334638303242,0.001146411000956931,0.001185543528148034,2.962033059705169e-05,3.094775757130834e-05,2.866402679825439e-05
1109.0,0.2973739090736605,0.007687320625404996,0.001145705842429964,0.001185820420944288,2.954780565750777e-05,3.09234548803543e-05,2.864037610656751e-05
1110.0,0.2971536952314698,0.007150092298537938,0.001142006300052715,0.001186129731909776,2.945370696613565e-05,3.090779121111435e-05,2.862518746898863e-05
1111.0,0.2963148614617478,0.006792339138775904,0.001138554370003503,0.001186496263945936,2.935480904406985e-05,3.089334588944418e-05,2.859733485300606e-05
1112.0,0.2957124985230824,0.006648995240330107,0.00113675558703052,0.001186911932763834,2.924564697173489e-05,3.088601585687551e-05,2.8577381910297e-05
1113.0,0.2950874732500365,0.006616627205124872,0.001135116920399183,0.001187353720558253,2.915138298626078e-05,3.087177130050789e-05,2.855344492871007e-05
1114.0,0.2945834638693487,0.006415119723487016,0.001132856898404722,0.001187865186403964,2.90462297940126e-05,3.085611199890312e-05,2.85204013519964e-05
1115.0,0.294179921817855,0.00655988140660336,0.001131181881536383,0.00118842371738655,2.894945160647607e-05,3.083998073845552e-05,2.848313301896562e-05
1116.0,0.2937779949151408,0.006231818818914204,0.00112909873255384,0.001189030442019665,2.884576440120094e-05,3.082814179136271e-05,2.844718641763178e-05
1117.0,0.2932804920456435,0.0062190115235693,0.00112572756426527,0.001189696019658545,2.873983886837675e-05,3.081992645754368e-05,2.840704528169959e-05
1118.0,0.2928406664291848,0.006877702854679667,0.001126406118630399,0.001190402043732281,2.863233147737608e-05,3.081933230512729e-05,2.836151955516187e-05
1119.0,0.2926320388029269,0.006817219958862451,0.001126396040645681,0.001191189660752311,2.852992488892442e-05,3.081621304136799e-05,2.831309210791009e-05
1120.0,0.2919265774931569,0.007512627266631085,0.001126386769247821,0.001192102674190386,2.843561529246658e-05,3.08041108108187e-05,2.827583505370209e-05
1121.0,0.2915868535317301,0.007133299093892025,0.001123341849788812,0.00119306810143532,2.832034361899968e-05,3.080784048011999e-05,2.822776021569325e-05
1122.0,0.2907499290914379,0.007513432623462953,0.001124376560461672,0.001194123116957256,2.822301708917692e-05,3.080085979296366e-05,2.817023443127017e-05
1123.0,0.2904036947761274,0.007604371899500159,0.001122101838777046,0.001195261150629506,2.81201752851244e-05,3.079669688359485e-05,2.811410147284763e-05
1124.0,0.2900248494623871,0.006899720596682165,0.001119674352566309,0.001196500999650577,2.801663093789042e-05,3.079252263632191e-05,2.805099882155797e-05
1125.0,0.2895554852490963,0.006924089573998479,0.001119691165959095,0.001197755070485824,2.790642971648205e-05,3.078759156341199e-05,2.798196989130339e-05
1126.0,0.2889863401848433,0.007087854655157484,0.00111872028168756,0.001199026762333911,2.780634776772396e-05,3.078174805517256e-05,2.792306507401152e-05
1127.0,0.2886291168481411,0.006300208714689648,0.001114883225339856,0.001200415529096852,2.769896958019651e-05,3.078433716063532e-05,2.786533579034516e-05
1128.0,0.2881870867524592,0.007512226259669455,0.001115341135361662,0.001201885874488736,2.760079806979407e-05,3.077992189454331e-05,2.778998767326033e-05
1129.0,0.2876506282037333,0.00687499542114904,0.00111372643319075,0.001203418972327924,2.750142367047768e-05,3.077187145326463e-05,2.771977896726549e-05
1130.0,0.2874192205687067,0.006440112128585424,0.001112458625565261,0.001204978712627219,2.740697456972994e-05,3.077486659946802e-05,2.765157710778163e-05
1131.0,0.2871154452862494,0.005607140366355251,0.001108500083669169,0.001206604163590881,2.730764866037077e-05,3.078166609008735e-05,2.757209735558115e-05
1132.0,0.2865909547382191,0.005361974137469987,0.00110587550584724,0.001208245456814485,2.720992630338952e-05,3.076803414317025e-05,2.74966481876812e-05
1133.0,0.2860964668002438,0.006704117407485694,0.001107697558067382,0.00120988248780925,2.711505431221587e-05,3.075785765329989e-05,2.741257121891861e-05
1134.0,0.2854840383609037,0.006444102715232068,0.00110690306133675,0.001211496727977283,2.70288839852667e-05,3.074377535961438e-05,2.733998020797444e-05
1135.0,0.2853408799294708,0.008216000503186847,0.001107221765361688,0.001213054442298509,2.694077562829641e-05,3.074555151254814e-05,2.725650291519597e-05
1136.0,0.28466872817868,0.007523834778119196,0.001103451066177529,0.001214657199877356,2.685249194805434e-05,3.073289517049186e-05,2.717179088926163e-05
1137.0,0.2840184195641969,0.007404304800022653,0.001103455829623418,0.001216237454049956,2.676815913552793e-05,3.072136753344256e-05,2.709715455121392e-05
1138.0,0.2834707333392972,0.007331752855617353,0.001100401142613372,0.001217747016672325,2.668494820412325e-05,3.071015691059081e-05,2.702531139101118e-05
1139.0,0.2827575804686527,0.00623979902824414,0.00109573792012965,0.001219221002362852,2.660109255901436e-05,3.069260274211843e-05,2.693756642365079e-05
1140.0,0.2823274064556899,0.008308986439053296,0.00109581744571642,0.00122062389173942,2.652250979865256e-05,3.067718750449599e-05,2.685818122551649e-05
1141.0,0.2819694253213448,0.007802525763394805,0.001091332296533242,0.001221993842226161,2.644928400492671e-05,3.065856177216798e-05,2.677460924479226e-05
1142.0,0.2811333042640357,0.007170401498521234,0.00108784845398127,0.001223363670351351,2.637327120200038e-05,3.064719591969263e-05,2.669507045859576e-05
1143.0,0.2805106723904237,0.006741087253223388,0.001083086240404197,0.001224686458180326,2.630317378317658e-05,3.062293888336863e-05,2.660862737457423e-05
1144.0,0.2798065823842042,0.007237674606203042,0.001079702381108509,0.001225934874715232,2.624488501861911e-05,3.059799311235421e-05,2.653721565604889e-05
1145.0,0.2792221629894993,0.006534729088448478,0.001073394786676765,0.001227194531528466,2.618164331752977e-05,3.057607113566516e-05,2.645613033715574e-05
1146.0,0.2786252268456057,0.00627705091041846,0.001070321817712848,0.001228419230132405,2.611317521962209e-05,3.053658952393494e-05,2.637507285606389e-05
1147.0,0.2780041828101149,0.00579914721842782,0.001065604320724752,0.001229562770231588,2.605151844397847e-05,3.050210904528988e-05,2.62955632180633e-05
1148.0,0.2776683998888642,0.005348345412453529,0.00106002844090366,0.001230673049761133,2.599638772317403e-05,3.048144732513797e-05,2.621749492165797e-05
1149.0,0.277052055978006,0.005384926027021881,0.001055451938671858,0.001231673001476254,2.594795991663738e-05,3.044283156394719e-05,2.613678740627351e-05
1150.0,0.2763939254420619,0.005555553384522261,0.001051203210244744,0.001232564816921967,2.589630030917558e-05,3.040312940865253e-05,2.605125274904528e-05
1151.0,0.2757551720790773,0.00471522439485666,0.001045149163780979,0.00123341525469603,2.584371692599142e-05,3.036518639245406e-05,2.596371208973364e-05
1152.0,0.2753538999642489,0.006010311031026868,0.001043840979192829,0.00123421422020863,2.578707170172649e-05,3.03290743460687e-05,2.587998046185803e-05
1153.0,0.2748290979004595,0.006085802236285452,0.001040551950341241,0.001234907805786232,2.573468529871855e-05,3.028978582952898e-05,2.58013680025387e-05
1154.0,0.2745338146384334,0.00648707938125123,0.001037502707507571,0.001235568005900811,2.568707881931093e-05,3.025595001624667e-05,2.571457640152246e-05
1155.0,0.2743685019264577,0.007124417685673006,0.001035903215705842,0.001236146280464302,2.564775894574139e-05,3.022171639442156e-05,2.562896211631192e-05
1156.0,0.2740940038928957,0.006688272157003288,0.001033263097833527,0.001236645738341152,2.561008028530098e-05,3.019778061624803e-05,2.555371682684416e-05
1157.0,0.2736484003858511,0.005808232042416974,0.00102817433622461,0.001237110039433921,2.556063553012418e-05,3.016272948384864e-05,2.546415513425122e-05
1158.0,0.2731707996374271,0.005505556056567252,0.001025692461487442,0.001237511185887526,2.552662269661624e-05,3.011665251083232e-05,2.537861321605508e-05
1159.0,0.2728504906092463,0.006553192935828732,0.001025411707230782,0.001237829972574442,2.549232547041905e-05,3.00780912817857e-05,2.530461798720656e-05
1160.0,0.2724882381556827,0.005472860544100279,0.001021177930324307,0.001238113300746808,2.545769585227366e-05,3.004506131202219e-05,2.524105302932463e-05
1161.0,0.2725084060501328,0.006312848239554313,0.00102061464278887,0.001238235065757962,2.542359932341882e-05,3.000680868846806e-05,2.517289129391958e-05
1162.0,0.2718643821597167,0.005678176494191368,0.001017757556976146,0.001238227509279289,2.539616727603129e-05,2.995607591401936e-05,2.51104989091695e-05
1163.0,0.2712115352036582,0.00568506431476882,0.001015846605338968,0.001238161697524559,2.53632333230309e-05,2.990237582600914e-05,2.504077593375665e-05
1164.0,0.2707843669929548,0.005348724645619492,0.001013298866716364,0.001238077697424484,2.533682387372465e-05,2.985650991815908e-05,2.497180179708437e-05
1165.0,0.270225441503426,0.005398187647107824,0.001011553968972386,0.001237925025749495,2.5316236188165e-05,2.981113037101869e-05,2.491328182873507e-05
1166.0,0.269819871602366,0.005465045145289515,0.001012474060399485,0.00123762216340976,2.528642849236275e-05,2.976605610097345e-05,2.485081754436024e-05
1167.0,0.269522465901711,0.00565219658156469,0.001012165160201583,0.001237280315948525,2.526059302954931e-05,2.972061066877787e-05,2.478616846077861e-05
1168.0,0.2691666012990672,0.005082592415282793,0.001010660836716047,0.001236844599717629,2.52339770324089e-05,2.967943072622518e-05,2.472476775950697e-05
1169.0,0.268824112039287,0.004695533112159866,0.001010125096084061,0.001236246027488252,2.521352579855974e-05,2.963761316579551e-05,2.465909681434998e-05
1170.0,0.2683990946102378,0.004373104428899747,0.001008114232204053,0.001235615028863455,2.519775026329254e-05,2.9601118057035e-05,2.461191615392268e-05
1171.0,0.2679166000768298,0.004580319316038172,0.001008723887054569,0.001234901024366245,2.518242806640391e-05,2.955450181439227e-05,2.456692169787349e-05
1172.0,0.26734695384695,0.004699211515395228,0.001008728194806522,0.001234133732726235,2.515843449069966e-05,2.950969751413631e-05,2.451280657617883e-05
1173.0,0.2668141202620679,0.004907090552523662,0.001009206529136372,0.001233348742679122,2.514823121201887e-05,2.947325387948371e-05,2.447551538041113e-05
1174.0,0.2666968805742533,0.004991837792095263,0.001008747039045839,0.001232533539570363,2.511818109948908e-05,2.943965493549883e-05,2.442732952412494e-05
1175.0,0.2657880650761437,0.004305807242535738,0.001008146101533173,0.001231700065514009,2.508941247957094e-05,2.939437781184718e-05,2.438358625976748e-05
1176.0,0.2653197369909021,0.004703204285693202,0.00100865268603707,0.001230829819224574,2.50643611930066e-05,2.935566857875124e-05,2.434543410688539e-05
1177.0,0.2649196117680453,0.004455520148258081,0.001008885595035582,0.001229903543276836,2.504689024181838e-05,2.931204900510949e-05,2.431191774146678e-05
1178.0,0.2648057846540066,0.004467304876434599,0.001008709756837323,0.001228913183261512,2.502697898371417e-05,2.927901370448106e-05,2.427701845341458e-05
1179.0,0.2647051817033503,0.004174746818117374,0.001007430828133702,0.001227830456481989,2.500227763761192e-05,2.924148878974865e-05,2.42452168772528e-05
1180.0,0.2644742701054276,0.00551634554100682,0.001010502374895791,0.001226677199081108,2.498578711097358e-05,2.92086738751223e-05,2.422371179050682e-05
1181.0,0.264301301428741,0.004780317108674039,0.001009604422362945,0.001225432494904794,2.496411281759639e-05,2.91735102387891e-05,2.419314102487691e-05
1182.0,0.2640273784297026,0.004392995661322232,0.001008875862740471,0.001224039303684044,2.494305532753572e-05,2.91360269749595e-05,2.416641247697486e-05
1183.0,0.2635991808184855,0.004369890860185925,0.001009251130990666,0.001222622426412184,2.491878487347059e-05,2.90956019847414e-05,2.413709420788689e-05
1184.0,0.2631847530384848,0.00411462315978221,0.001008193802531937,0.001221189162375664,2.489862424897642e-05,2.905818681360141e-05,2.411748862543094e-05
1185.0,0.26269362351392,0.004484200030734942,0.001009439620485483,0.001219817644161254,2.487512052772344e-05,2.90282592856684e-05,2.409021776176479e-05
1186.0,0.2625805730318281,0.004530194652614191,0.001009960754838296,0.001218420571834372,2.486011211672974e-05,2.899622173494222e-05,2.407215141511663e-05
1187.0,0.2621939611562492,0.004324663705802287,0.00100945995450605,0.001216905490631507,2.484043040086919e-05,2.896618343906012e-05,2.405364097873789e-05
1188.0,0.2617803470582641,0.003660917796001526,0.001008752114444039,0.001215347340311976,2.482040349406773e-05,2.893328030947551e-05,2.403723911339312e-05
1189.0,0.2615357523470375,0.003759075449250155,0.00100811666090546,0.001213740689341242,2.480201641527376e-05,2.889645323396114e-05,2.402038827847291e-05
1190.0,0.261214979255878,0.004522595358097029,0.001010163011754809,0.001212110552558593,2.477804340033621e-05,2.886444014870696e-05,2.400035703190642e-05
1191.0,0.2610497164922654,0.004245267797281959,0.001009189583498484,0.001210471897491451,2.475567275522013e-05,2.884717881080094e-05,2.398697552528775e-05
1192.0,0.2606982061543647,0.004543924485521733,0.001011071042001483,0.00120876146526548,2.473223610291022e-05,2.881523345966811e-05,2.396006986539311e-05
1193.0,0.2602765265795886,0.004365712200729087,0.001010056560289427,0.001207056553702307,2.471553494945893e-05,2.8782967867402e-05,2.394904519155749e-05
1194.0,0.2599967739954805,0.003927462367190183,0.001009466895615578,0.001205321310596813,2.46905416023799e-05,2.875601870127747e-05,2.392890143495356e-05
1195.0,0.2599283259046108,0.003771056329803008,0.001009321898443994,0.00120357702500487,2.466941296783871e-05,2.872586051804734e-05,2.391437453454161e-05
1196.0,0.2596303457257021,0.004704450523654721,0.001011758445971519,0.001201821431418231,2.464443553888468e-05,2.870625792961706e-05,2.391055672807117e-05
1197.0,0.2592453342515432,0.00467657009651077,0.001013738762117605,0.001200014757817661,2.46252004411253e-05,2.869151308869781e-05,2.39033727934648e-05
1198.0,0.2591519783901586,0.004200241682050403,0.001011779053441857,0.001198248701068421,2.460680580614555e-05,2.866855419674667e-05,2.388907475045213e-05
1199.0,0.2590207030063068,0.003607175832746008,0.001010166849582247,0.001196493928274067,2.458668830481272e-05,2.864810363709018e-05,2.387966773019616e-05
1200.0,0.2586494553794456,0.003559377147969089,0.001009566490771703,0.001194785808496467,2.456668902581047e-05,2.861975295395792e-05,2.386571837238426e-05
1201.0,0.2585917088643371,0.00383165597135206,0.001010934098855701,0.001193059668594565,2.454212203366011e-05,2.859652865222158e-05,2.386304185549124e-05
1202.0,0.258062793123997,0.003361096952416154,0.001008565171854137,0.001191360303901949,2.451099470224798e-05,2.85677976179134e-05,2.385139995896629e-05
1203.0,0.257649715948261,0.003500792206034423,0.001008418129953956,0.001189678897122028,2.447534118627044e-05,2.853278283400013e-05,2.384653665043041e-05
1204.0,0.2573257816271048,0.003310382796499417,0.001008643608855773,0.001188064686572879,2.444759908502263e-05,2.850817634112049e-05,2.383536104550478e-05
1205.0,0.2570910225102934,0.003712697058153594,0.001009326231481929,0.001186410177643993,2.442232481844622e-05,2.848553347718764e-05,2.383866585344824e-05
1206.0,0.2566991052250571,0.004172391577423872,0.001010359495076939,0.001184756987021988,2.440048174619583e-05,2.845710060574289e-05,2.384258260933988e-05
1207.0,0.2562822337875533,0.004563380172606483,0.00101084749580685,0.001183074844870612,2.436872288809586e-05,2.842916815479174e-05,2.383204034618373e-05
1208.0,0.2558875910347951,0.004157110444024058,0.001010604138273013,0.001181367824535268,2.434082716315559e-05,2.84098395019137e-05,2.383924428697437e-05
1209.0,0.2557944468363424,0.003763144728963651,0.001009080789796835,0.001179636577787855,2.431618108301409e-05,2.838489152800462e-05,2.384741154757749e-05
1210.0,0.2555798512423737,0.00367390687335348,0.001008253419936747,0.001177948698193948,2.428414623025354e-05,2.836346970196124e-05,2.384562356129772e-05
1211.0,0.2552145295255316,0.003812075194662204,0.001007868917727323,0.001176249087165789,2.425090873930241e-05,2.834343128684043e-05,2.384920721631977e-05
1212.0,0.2548601726643737,0.003533751572677813,0.001005960384755625,0.001174580771013102,2.420879274000642e-05,2.831808907880789e-05,2.385282399685599e-05
1213.0,0.2548258749259264,0.003393779888157717,0.001005892008647049,0.001172994337699154,2.418174097803361e-05,2.830317703697101e-05,2.386286630791478e-05
1214.0,0.2544840803220014,0.003168201934293604,0.001004709206778545,0.001171432768606738,2.41473759293457e-05,2.828391844652656e-05,2.387052461682577e-05
1215.0,0.2543267462045647,0.003486622805502768,0.001005435353044799,0.001169869322275274,2.41091104138344e-05,2.826568729115304e-05,2.388207662903905e-05
1216.0,0.2540406536521954,0.003629135109690688,0.001005108901671437,0.001168321951702878,2.407642184398202e-05,2.824587081054373e-05,2.389478428911878e-05
1217.0,0.2537724413721403,0.003731352599200667,0.001004827624546361,0.00116678973634991,2.40410742896204e-05,2.822601411974143e-05,2.391011644127291e-05
1218.0,0.2535159419426526,0.003880686879237998,0.001004037718625581,0.001165296362130468,2.400216763913454e-05,2.820860637512729e-05,2.39223339815708e-05
1219.0,0.2533113003763275,0.004321915155978594,0.001005374795485476,0.001163784263428733,2.395930154232514e-05,2.819251400122567e-05,2.394052669887731e-05
1220.0,0.2530749821796547,0.004248517739099209,0.001004229224873885,0.001162297205154508,2.392892530902792e-05,2.818515180237386e-05,2.395937562058838e-05
1221.0,0.2530889504374588,0.004193435642847224,0.001004493021697988,0.001160842504051674,2.389521185670181e-05,2.817931883065612e-05,2.397688798544379e-05
1222.0,0.2527287652878982,0.003555815278871492,0.001002383626432501,0.00115943637129348,2.38600515408918e-05,2.817311202932209e-05,2.400072186328368e-05
1223.0,0.2525261955511808,0.003799890956105043,0.001002655356020414,0.001158049591376365,2.381457238975998e-05,2.816487905215461e-05,2.40121615188457e-05
1224.0,0.2522820960608602,0.003520034046597142,0.001001471847649622,0.001156713640267108,2.378391158416084e-05,2.815848669803929e-05,2.403825400177976e-05
1225.0,0.2520241316894238,0.003402714634185316,0.001000212274949256,0.001155465780441767,2.375066266975659e-05,2.814888127377912e-05,2.405986516684354e-05
1226.0,0.2517022132524526,0.003530508423288248,0.001000035221094278,0.001154275535859772,2.370635990249993e-05,2.813794679392181e-05,2.407433019631238e-05
1227.0,0.2512478504287932,0.004110128366962696,0.001001090874872155,0.001153185644862704,2.367234877433928e-05,2.812990184337865e-05,2.40966424969649e-05
1228.0,0.2516030379450647,0.003976538116116825,0.001001604247017247,0.001152109025590099,2.364362022435868e-05,2.812667190185565e-05,2.411126351981674e-05
1229.0,0.251186074430536,0.004199215893131717,0.00100136921761407,0.001151039580752593,2.360863758638572e-05,2.812025822803025e-05,2.413316029574016e-05
1230.0,0.2511187103602501,0.004365579327278162,0.001002803769802526,0.001150017369193233,2.357498243608184e-05,2.811300152401025e-05,2.41544638488017e-05
1231.0,0.2508867424770107,0.003779317745101232,0.001001617866001795,0.001148973070533093,2.353939236855509e-05,2.810667959744068e-05,2.417402391737797e-05
1232.0,0.2507012718703774,0.003453589649939838,0.001001349418892244,0.001147958196240222,2.349430863660543e-05,2.810309592630359e-05,2.419374322735899e-05
1233.0,0.25034415524097,0.003755125457482193,0.001002358952762791,0.001147007564834545,2.345624877298452e-05,2.809850225639567e-05,2.421379426105696e-05
1234.0,0.2502238217830995,0.004060232188259779,0.001004073636774525,0.00114609301170098,2.343094674904437e-05,2.809320539295487e-05,2.424090412713335e-05
1235.0,0.2501914242450212,0.004155850275973502,0.001005219790595385,0.001145204882239645,2.341213257555218e-05,2.80986914094082e-05,2.425552190794438e-05
1236.0,0.2500744539860985,0.004072545531467089,0.001006665543587223,0.001144365043078133,2.338976724227878e-05,2.810122693059278e-05,2.426922127297147e-05
1237.0,0.2498844140900029,0.004128840805913089,0.001007154716001992,0.001143545967448384,2.335836339880823e-05,2.810324789128931e-05,2.427998876154252e-05
1238.0,0.2497199743926553,0.003894720724846848,0.00100770371128403,0.001142690459069925,2.333763049466027e-05,2.810721312838004e-05,2.429542224026664e-05
1239.0,0.2495016173880304,0.00409975273276993,0.001009756303082639,0.001141909490073515,2.331894136977012e-05,2.811151622973545e-05,2.430206174777979e-05
1240.0,0.2492211749419628,0.003602159787055849,0.001010356033867553,0.001141230986499036,2.330324327220613e-05,2.810619835886591e-05,2.430627940565877e-05
1241.0,0.2488814968938569,0.003768382494540711,0.001011441734232986,0.001140572765719511,2.328749723355649e-05,2.810013958244091e-05,2.430876872043267e-05
1242.0,0.2486281662853757,0.004076434539771686,0.00101380540531412,0.00113993136430228,2.327528405604673e-05,2.81007967840857e-05,2.431197568375109e-05
1243.0,0.2485484085045367,0.003727356768272631,0.001014207914444297,0.001139333908038178,2.326579750944974e-05,2.810228611446535e-05,2.431933858722994e-05
1244.0,0.2484456020115031,0.003609930224872069,0.00101491059247258,0.001138837262594997,2.32590307339381e-05,2.81074307336233e-05,2.43178427614771e-05
1245.0,0.2488815084776254,0.003931909945773215,0.001016418004315606,0.001138323891570211,2.325597501383245e-05,2.812144725600107e-05,2.431828606652485e-05
1246.0,0.2487638225397222,0.003795875788047623,0.001017499726760423,0.001137825215048488,2.325909015139932e-05,2.81243304687121e-05,2.432030142299868e-05
1247.0,0.2488226779248169,0.0044179566102256,0.001020862050560402,0.001137333174426782,2.326199961199494e-05,2.812980561826851e-05,2.431905628268792e-05
1248.0,0.2488372044328618,0.004308253988466616,0.001021224685299929,0.001136891054252555,2.326655277020199e-05,2.813860697111874e-05,2.431070708854476e-05
1249.0,0.2486030667102208,0.003708805857746505,0.00102141409992403,0.001136440290337366,2.326981136607019e-05,2.814267285736427e-05,2.429458503764911e-05
1250.0,0.2486882470690592,0.003519843813047031,0.001021143966929351,0.001136054263297773,2.326835239737875e-05,2.814394226706595e-05,2.42769561201119e-05
1251.0,0.248649328757005,0.003431570082692414,0.001021936410514152,0.001135716857049552,2.327904178600257e-05,2.815152299251099e-05,2.426895951942432e-05
1252.0,0.2486536664573329,0.003559627530925904,0.00102337256721895,0.001135351675657919,2.328763868751715e-05,2.815770145641826e-05,2.425919819616056e-05
1253.0,0.2486462492745964,0.003703239745004281,0.001024456614993908,0.001135001601870538,2.330095666325289e-05,2.816495649073781e-05,2.424633406499381e-05
1254.0,0.2486221219609273,0.003801663009170447,0.001025129095692869,0.001134697913781054,2.331225491982105e-05,2.816478793475825e-05,2.422540626581728e-05
1255.0,0.2484458114417765,0.003705198977646792,0.001026212190300422,0.001134353867660998,2.331802078398748e-05,2.816970041019838e-05,2.420470973327476e-05
1256.0,0.2483228902155215,0.003637897368034743,0.001026157637346809,0.001134016773102278,2.333214028784778e-05,2.816809982518687e-05,2.418523622695537e-05
1257.0,0.2481077912094583,0.003640368529776473,0.001026375273169834,0.001133658579136582,2.33433696435733e-05,2.817077794850687e-05,2.416635655319596e-05
1258.0,0.2483746474744143,0.003671668210365084,0.00102779693288492,0.00113332468993348,2.335430106530125e-05,2.817382770430755e-05,2.414861707056386e-05
1259.0,0.2484253262111388,0.003784738412096438,0.001028428145481321,0.001133002223782829,2.336520453609878e-05,2.81853576976088e-05,2.413427686719373e-05
1260.0,0.2483345676180584,0.003845037369497109,0.00102868165463411,0.001132704105632345,2.338461633068575e-05,2.818988810431799e-05,2.411572664479043e-05
1261.0,0.2484031864677042,0.003975599330284264,0.001029385703008226,0.001132416233315261,2.340093326957337e-05,2.8197126114417e-05,2.409409061973206e-05
1262.0,0.2483462461632312,0.004244909937981771,0.001029649068643586,0.00113212939484705,2.342370331734705e-05,2.820056770099887e-05,2.406843404371443e-05
1263.0,0.2479707766648486,0.004041379839977965,0.001030505570348489,0.001131815555320106,2.342939447744448e-05,2.819846828519351e-05,2.403586385446626e-05
1264.0,0.247831190997252,0.00426350712785821,0.001030327948481005,0.001131511861632025,2.344369379877444e-05,2.820516024056393e-05,2.400858326863389e-05
1265.0,0.2477491745826513,0.004317039999328779,0.001032833428830512,0.001131197340631511,2.345815576761835e-05,2.820566793259437e-05,2.398832396599942e-05
1266.0,0.2481377597632376,0.004399376015872933,0.001032491039606246,0.001130791933555928,2.347782387387158e-05,2.821652353058518e-05,2.396266234375249e-05
1267.0,0.2479522455546471,0.004248855811984887,0.001034044181799034,0.001130435829538801,2.350013829210607e-05,2.82246332174988e-05,2.394691757034964e-05
1268.0,0.2487167291902692,0.00407495093475574,0.001034093538047999,0.001130072032769997,2.35195467826748e-05,2.823286438441518e-05,2.392844865776713e-05
1269.0,0.2484562175527054,0.003687987064789458,0.001033443793349564,0.001129630609919201,2.353202474730791e-05,2.823235046520596e-05,2.390542019977564e-05
1270.0,0.2483715999565543,0.003593746528532416,0.001033002962362822,0.001129244326423584,2.354044118327544e-05,2.823680040744953e-05,2.387777789513629e-05
1271.0,0.2481919655374144,0.003608414012081239,0.001033957050323935,0.0011288016266355,2.35481819183373e-05,2.824066627617098e-05,2.38483639920695e-05
1272.0,0.2481511103759546,0.003485603492036228,0.001033844303442822,0.001128371504623159,2.35663275023743e-05,2.825100493827927e-05,2.382809489635628e-05
1273.0,0.2482388372663759,0.003746324189537557,0.001035628546650747,0.001127950015872027,2.358342781553633e-05,2.826308502942022e-05,2.38031020978392e-05
1274.0,0.2483924794894065,0.004494845308262664,0.001037953789456785,0.001127539266847461,2.359331516778527e-05,2.82701101895041e-05,2.377909956842747e-05
1275.0,0.2483982776087917,0.004447155755982636,0.001038228423145365,0.001127102028870052,2.361409977941113e-05,2.827749582334966e-05,2.376442555899179e-05
1276.0,0.2488439322294019,0.004333640867647238,0.001038823904605211,0.001126666685857505,2.363248237547156e-05,2.828330521660249e-05,2.374126828607805e-05
1277.0,0.2490340517496164,0.00416362166740272,0.00103883153166622,0.001126215705284129,2.364602976447129e-05,2.829729430752916e-05,2.372480360581842e-05
1278.0,0.2488807599990736,0.004576138689602675,0.001040325738459421,0.001125682463241973,2.366374148212646e-05,2.830831068298503e-05,2.370799898529897e-05
1279.0,0.2488126269925299,0.0042900170206195,0.001040631605409718,0.001125192507113284,2.368220918711051e-05,2.832058690614374e-05,2.368710003854994e-05
1280.0,0.2491317372410743,0.004588511688236755,0.00104336022123044,0.001124722147536641,2.37065244233872e-05,2.834098363098585e-05,2.366360910528113e-05
1281.0,0.249104459709241,0.003938100137972103,0.0010426803718311,0.001124215828835529,2.372547495441074e-05,2.835925831590006e-05,2.363916345966364e-05
1282.0,0.2489854882510169,0.00454017734804047,0.001044446340244207,0.001123705338874162,2.37500717786457e-05,2.836951433922493e-05,2.361707513575506e-05
1283.0,0.2492375001072021,0.004544399491919777,0.001044691749001808,0.001123174440556028,2.377110066503882e-05,2.838637780576864e-05,2.359387183982981e-05
1284.0,0.249307618474355,0.004063072187582503,0.001045659326487381,0.001122585253403591,2.379521291836759e-05,2.84041974541848e-05,2.357271460138457e-05
1285.0,0.249216521216172,0.004126041791181,0.001045666188745871,0.001121964029141271,2.380954012809383e-05,2.841432041465597e-05,2.355119948358772e-05
1286.0,0.2493386405193516,0.004531420244496173,0.001047162360024424,0.001121339203177609,2.383149941060857e-05,2.842846318083466e-05,2.352881908376193e-05
1287.0,0.2494382947915321,0.00459308069628158,0.00104784254180283,0.001120731467105528,2.385950523783395e-05,2.844672963702377e-05,2.350988693550761e-05
1288.0,0.2495204892668107,0.004467610613203964,0.001048817202053075,0.00112008827321562,2.387894981980452e-05,2.846586188452907e-05,2.348296520160202e-05
1289.0,0.2496140899161391,0.004127446056852034,0.0010489075613692,0.001119460420501116,2.391163457441847e-05,2.848442183267521e-05,2.347814252203637e-05
1290.0,0.2499039223027539,0.003985443318556742,0.001049010247088961,0.001118825306253821,2.393301977856846e-05,2.849977609308543e-05,2.345994209806097e-05
1291.0,0.2498102784972745,0.004670403019960702,0.001051784046385034,0.001118188489343527,2.395020956310378e-05,2.851948834884075e-05,2.344358190005906e-05
1292.0,0.2498839841960885,0.005011956318885666,0.001055639261073267,0.001117461754129234,2.397313057924043e-05,2.853606739993094e-05,2.343520916130937e-05
1293.0,0.2496042902385454,0.005154546917972253,0.001055896958730032,0.001116781371692606,2.398963041275102e-05,2.854971818457499e-05,2.343198337934896e-05
1294.0,0.2502666900233683,0.005994344895250307,0.00105927878369101,0.001116058800390931,2.402127375319503e-05,2.856476150116151e-05,2.342520563251804e-05
1295.0,0.2501192752196326,0.005406017109839502,0.001058236135617666,0.001115326457634432,2.403116112845616e-05,2.857542961002603e-05,2.34062156493189e-05
1296.0,0.250058035989779,0.00513269304434353,0.001060471953232511,0.001114586626074522,2.404338832745207e-05,2.859424924488454e-05,2.339195596208134e-05
1297.0,0.2503121162096394,0.006197548576738738,0.001061972065676498,0.001113814830412104,2.4060698027361e-05,2.860707280455009e-05,2.338037220970563e-05
1298.0,0.2504280645201532,0.004779671479925301,0.001060584299273183,0.001113045186231131,2.406591519175746e-05,2.861548707252747e-05,2.336651803830227e-05
1299.0,0.2507709245927194,0.005116646823611428,0.001060870142231858,0.001112244726314327,2.407699163940383e-05,2.862820430365099e-05,2.334604262124228e-05
1300.0,0.2508482205215926,0.004680300319069053,0.001060866980714356,0.001111443326363199,2.408484868914933e-05,2.864598261535423e-05,2.334198898134428e-05
1301.0,0.2511438449183541,0.004724582184232634,0.001061934294029908,0.001110654548587335,2.410153103529104e-05,2.86595371882197e-05,2.334657330475548e-05
1302.0,0.2514596382153376,0.005261870659663842,0.001064406589351625,0.001109823017621621,2.41120435212252e-05,2.867973527794765e-05,2.334327826353288e-05
1303.0,0.2517788435730969,0.005004298793736266,0.001065186535278245,0.001109035305220158,2.413326445831036e-05,2.86947102349679e-05,2.33436500079964e-05
1304.0,0.2520292185311526,0.004626350447784455,0.001063989867867409,0.00110826552289473,2.414538032738835e-05,2.870951654592684e-05,2.333913051659084e-05
1305.0,0.252070473218922,0.005407062119014454,0.001065715200115908,0.001107486078000636,2.415235855920626e-05,2.872187328478617e-05,2.332758687156471e-05
1306.0,0.2521746088811176,0.006458824910895797,0.001069972666322036,0.001106693103417875,2.415587356806852e-05,2.873453762372508e-05,2.33283639590303e-05
1307.0,0.2523654231647456,0.007831408307278544,0.001075538195394714,0.001105959046034065,2.416865317333923e-05,2.874620452245892e-05,2.333128341669734e-05
1308.0,0.2530287120480935,0.00711526015470684,0.001074255583775048,0.00110526030578177,2.417975546986398e-05,2.876756026737059e-05,2.332787733493684e-05
1309.0,0.2532762705417242,0.006062030201203585,0.001072524847134661,0.001104531898519392,2.419688342901683e-05,2.878016564545486e-05,2.332034887272487e-05
1310.0,0.2530490457019198,0.006670923291725599,0.001073340737689624,0.001103838429175368,2.420306382828515e-05,2.879771535361389e-05,2.331666241487697e-05
1311.0,0.2530816957604476,0.00601346292416126,0.001072577280600396,0.001103209560300972,2.420979656552847e-05,2.880305026609531e-05,2.330041182421603e-05
1312.0,0.2530091897280167,0.006455746678890566,0.001074438756560206,0.001102558720284355,2.421452215160712e-05,2.881815416814616e-05,2.329438631411319e-05
1313.0,0.2531392461693112,0.005409110978123373,0.001072298458391248,0.001101922041688167,2.422143290817016e-05,2.883112282542295e-05,2.329061111200139e-05
1314.0,0.2534584915337603,0.005494633284366824,0.001070290903391841,0.001101278130426845,2.423541696854934e-05,2.884007183241255e-05,2.328628295706454e-05
1315.0,0.253884544272383,0.005543852099257354,0.00107137519024657,0.001100633815783983,2.425272338404323e-05,2.885008326697629e-05,2.327986808053371e-05
1316.0,0.2541064748303521,0.005268011893607772,0.001070857286317049,0.001100039981134997,2.426485819793337e-05,2.886298288887708e-05,2.327985938002065e-05
1317.0,0.2543818345351468,0.00494771955476916,0.001069974305713259,0.001099510038178864,2.427649741677157e-05,2.887290810784116e-05,2.327360281201284e-05
1318.0,0.2545688992715642,0.004944227388178049,0.001069210157910588,0.001099011809736999,2.428913699438318e-05,2.889021607271372e-05,2.326610293078083e-05
1319.0,0.2548380946438699,0.005465746517419891,0.001070519527772672,0.001098516111242658,2.430156770366367e-05,2.890298920776544e-05,2.326778210235454e-05
1320.0,0.2549074196720504,0.00882492065461893,0.001075882443179223,0.001098064222173948,2.431285904346893e-05,2.891230674659069e-05,2.327878156169256e-05
1321.0,0.2551971403350253,0.007887010025137378,0.001075297811884332,0.001097637468193981,2.432521150440084e-05,2.89373152035912e-05,2.32770060341511e-05
1322.0,0.2552516730266027,0.007727113493766623,0.001078705512578539,0.001097256612644722,2.433137685690608e-05,2.895171361455075e-05,2.326808991483487e-05
1323.0,0.2551755336166753,0.006595319670398292,0.001075562386205676,0.001096910966950611,2.433705085869866e-05,2.895905770661874e-05,2.32605294936372e-05
1324.0,0.2550734457476774,0.005415799376038812,0.0010710390966645,0.001096563767511921,2.434051429605478e-05,2.896109642806728e-05,2.326780946099608e-05
1325.0,0.2554148810311848,0.005850449822995704,0.001071505868026654,0.001096206014881348,2.434382235798783e-05,2.896721242451379e-05,2.326226784462587e-05
1326.0,0.2552014790122527,0.005104499102629608,0.0010688533875184,0.001095897637432207,2.434193020868667e-05,2.897021338374192e-05,2.326545914130929e-05
1327.0,0.2552313510982441,0.005560229687086528,0.001069224228558967,0.001095629129774021,2.433866411142519e-05,2.898522129914706e-05,2.326393487108762e-05
1328.0,0.2552275458100218,0.005640062648138202,0.001069496199337558,0.001095328143063388,2.434436686146413e-05,2.899433180060637e-05,2.32700588836031e-05
1329.0,0.2556301925478771,0.005705600897467454,0.001070401197926254,0.00109501378373001,2.434896631337738e-05,2.9001848060106e-05,2.327583879453447e-05
1330.0,0.2558322108564983,0.005966997221878741,0.001071001512974581,0.001094696447491832,2.434473413966753e-05,2.901279986592403e-05,2.327740104406919e-05
1331.0,0.2557805830336366,0.005032893786479022,0.001068006438962278,0.001094406040516644,2.433435598739619e-05,2.901803796709197e-05,2.328678880710946e-05
1332.0,0.2560937799106798,0.007023154612397332,0.001072506590417142,0.001094159284009399,2.43303128169586e-05,2.902441041838484e-05,2.329103666495962e-05
1333.0,0.2561454234702594,0.006862074998378541,0.001072697079177488,0.001093928139820779,2.433125471730565e-05,2.90385944330454e-05,2.330885917333344e-05
1334.0,0.2563074225030791,0.006646525154488494,0.001073931059410156,0.001093708455279323,2.432318311926246e-05,2.903998996400897e-05,2.331921498677111e-05
1335.0,0.2564981197745317,0.00785037188746004,0.00107484019566274,0.001093508803657777,2.431281757364013e-05,2.903778220404193e-05,2.333992149039303e-05
1336.0,0.2564489627342983,0.006321956945989678,0.001072437857094996,0.001093321732957072,2.429364627519087e-05,2.904008957349614e-05,2.335087612644441e-05
1337.0,0.2565676807137973,0.00699055875931249,0.001075642846712844,0.001093115422912962,2.427582239528477e-05,2.904341459749132e-05,2.336583182130188e-05
1338.0,0.2566879261544764,0.005952703613328793,0.001071897654610689,0.001092915402964677,2.425058423153641e-05,2.903948383909826e-05,2.337755903030353e-05
1339.0,0.2570002741707022,0.006399941821315275,0.001071264997781934,0.001092708656282562,2.422825027111399e-05,2.903691127948965e-05,2.339213657836144e-05
1340.0,0.2569617116069721,0.005771302934121481,0.00107036363941609,0.001092497480731482,2.420892715695781e-05,2.903819219627295e-05,2.34113494567084e-05
1341.0,0.2571786132438434,0.006142152885044245,0.001071208742236175,0.001092314857160189,2.418665529413819e-05,2.903443027104538e-05,2.343112131836068e-05
1342.0,0.2573970754287567,0.006811116190754953,0.001073558337916427,0.00109215481162366,2.415172466198336e-05,2.903088560698765e-05,2.343935206156961e-05
1343.0,0.2576886768476881,0.006938278583638939,0.00107523970445209,0.001092008001009917,2.412517615297015e-05,2.903377673824701e-05,2.346122802605849e-05
1344.0,0.2580222234474442,0.006316037427704746,0.001073489017559101,0.001091882139672233,2.409293988794509e-05,2.902835996844253e-05,2.347550227831656e-05
1345.0,0.2578232764813613,0.006142715397534268,0.001073443544797221,0.001091829280831678,2.40537861531145e-05,2.902099575952288e-05,2.3481299616521e-05
1346.0,0.2578229374005225,0.006337204705729405,0.001072633412685688,0.001091787474657431,2.402226335876247e-05,2.901034925323781e-05,2.348925163582323e-05
1347.0,0.2579360664772126,0.007416650505009456,0.001075979021480817,0.001091829193948694,2.398574321282215e-05,2.899539505147249e-05,2.35009477727585e-05
1348.0,0.2579431634296446,0.00719148668991858,0.001076672423980085,0.001091962567471742,2.395155967207195e-05,2.89895667631882e-05,2.351063619955184e-05
1349.0,0.2583385335608612,0.006956182403171076,0.001074567566346357,0.001092109471726317,2.391416178756278e-05,2.898152863824734e-05,2.352123024259309e-05
1350.0,0.258162120746031,0.00734201792761095,0.001076758935056964,0.001092240790936824,2.387369014017233e-05,2.897174579999772e-05,2.35332685501813e-05
1351.0,0.2580982002156558,0.007041468985403505,0.001075017340848171,0.001092405001987756,2.382937194315051e-05,2.897213460938499e-05,2.353563232746931e-05
1352.0,0.2580063459656202,0.006351468950445931,0.001072822747035237,0.001092563245433013,2.378148428878603e-05,2.89629740940014e-05,2.35225440076679e-05
1353.0,0.2579832040970259,0.007188059614624662,0.001073918652288812,0.001092736925787502,2.373304662412684e-05,2.895463719079612e-05,2.353738016411658e-05
1354.0,0.2575493350976673,0.006677286206313001,0.001073364166917676,0.001092952717708134,2.36757391095035e-05,2.894697480002842e-05,2.354583048509678e-05
1355.0,0.257790361952333,0.00661052790913942,0.001073513937575145,0.001093242063354099,2.360907358200174e-05,2.894168060044228e-05,2.354643337799048e-05
1356.0,0.2575762904461686,0.007302638610704028,0.001073885006329436,0.001093563635560424,2.355767796724397e-05,2.893496856134641e-05,2.354836781631357e-05
1357.0,0.2574771937102318,0.006463598999198111,0.001072177025290259,0.001093975477570751,2.350727917124516e-05,2.892507950728592e-05,2.354959750164216e-05
1358.0,0.2573350030386448,0.00563796163860004,0.001068172370603746,0.001094358953021127,2.344675649975289e-05,2.891566506117135e-05,2.355341322351904e-05
1359.0,0.2572061949833402,0.007957269000998352,0.001072974155680713,0.001094795529403411,2.337860122592089e-05,2.890300469012497e-05,2.354527929082729e-05
1360.0,0.2568830279595217,0.007100541596549467,0.001071099213301024,0.001095323137564993,2.331773830939822e-05,2.888970244503073e-05,2.354496873580935e-05
1361.0,0.2569192095761225,0.008498211783601028,0.001074591624065688,0.001095862285070593,2.32470352882842e-05,2.887802021004007e-05,2.353814042857813e-05
1362.0,0.2565274252156504,0.007822654711344664,0.001071838308173857,0.001096398733600944,2.318538586656016e-05,2.886462005431346e-05,2.352825130883476e-05
1363.0,0.2563165514802833,0.007990377430861945,0.001070746762823862,0.001096975520353736,2.311818254587362e-05,2.884902950307013e-05,2.35199893174303e-05
1364.0,0.2559881738424671,0.006783205629846824,0.00106818229522996,0.001097526342507933,2.306567120844757e-05,2.882817216001348e-05,2.350369623763904e-05
1365.0,0.255540498209827,0.006364591403844903,0.001066305091087779,0.001098120984814986,2.299564582989557e-05,2.879915044643793e-05,2.348113164803438e-05
1366.0,0.2555132853090328,0.005948659876644416,0.001064990915919328,0.001098680761407391,2.293074627591641e-05,2.877784336755932e-05,2.346503186825952e-05
1367.0,0.2548930174595846,0.005716398519738994,0.001062042980360714,0.00109922780489714,2.287073932454103e-05,2.874617308529664e-05,2.344554820928043e-05
1368.0,0.2547205174292296,0.005908209032859371,0.001060945485065801,0.001099786506486412,2.281378467730892e-05,2.87242983558307e-05,2.34182280118948e-05
1369.0,0.2546166775832933,0.005895540049644441,0.001060132611454068,0.001100364011919105,2.276433201427551e-05,2.869491485713228e-05,2.340388153564126e-05
1370.0,0.2543903886419707,0.007222743345982031,0.001062231687774121,0.001100875215127781,2.271510377718836e-05,2.866633540969821e-05,2.33773013894391e-05
1371.0,0.2541116564569549,0.006569377895064265,0.001058814270788383,0.00110136809275787,2.266199874973992e-05,2.863413498389068e-05,2.334779863360707e-05
1372.0,0.2537475563052141,0.006667405241116964,0.001057415504087707,0.001101860296362194,2.260206045564707e-05,2.859495102255308e-05,2.331848070103465e-05
1373.0,0.2533457967785062,0.006556985348417053,0.001055620169730308,0.001102317339640293,2.255719256264347e-05,2.855095585791304e-05,2.329141639276401e-05
1374.0,0.2529784092627452,0.007387399441403493,0.001055654462596851,0.001102721217456553,2.251415159421504e-05,2.850906867047e-05,2.325936392122977e-05
1375.0,0.2525623214684506,0.006740654549215288,0.001054323389921725,0.001103121471747393,2.247908775242917e-05,2.846556709707246e-05,2.323210418973731e-05
1376.0,0.2522374159746051,0.006122078330647402,0.001050172242355403,0.001103532981905134,2.244149573560694e-05,2.842266770511195e-05,2.319896468150942e-05
1377.0,0.2520199173143631,0.006126234893723427,0.001049902901734431,0.001103889678222583,2.240569855104642e-05,2.836915991171928e-05,2.316436184634381e-05
1378.0,0.2513099874332476,0.006165776823854888,0.001047573240963823,0.001104215432868955,2.237260593979648e-05,2.831319716162023e-05,2.312497249629255e-05
1379.0,0.2510431023142094,0.006111132504625295,0.001045803194402953,0.001104543041507579,2.233683635347578e-05,2.825900093567726e-05,2.309106123919732e-05
1380.0,0.2503823538533937,0.006048795628704667,0.001042874809861122,0.001104852518562434,2.230779686862546e-05,2.819892872730147e-05,2.305447706317357e-05
1381.0,0.2499632281088462,0.005360709633695164,0.001039313352316592,0.00110509969489621,2.227482556320972e-05,2.814505460295001e-05,2.302137022947646e-05
1382.0,0.2495232433533756,0.007300661634790278,0.001040733842145719,0.001105273210808942,2.224762024806091e-05,2.807849014616862e-05,2.297660437092188e-05
1383.0,0.2490051421347542,0.006852726353633981,0.001038242543540915,0.001105454436868563,2.222904854221242e-05,2.802623468153445e-05,2.292814055640861e-05
1384.0,0.2484860833582862,0.007062736922559668,0.001037952695108599,0.001105592835271176,2.220460071042454e-05,2.796553079873474e-05,2.288795784034691e-05
1385.0,0.2479262534997378,0.007331532125990093,0.001036357905402895,0.001105711483099275,2.217160567121211e-05,2.791139868998528e-05,2.284582465249306e-05
1386.0,0.2473712480735217,0.006554210186852419,0.0010320401881307,0.001105838936716323,2.21371803988747e-05,2.785095817490426e-05,2.280250435271763e-05
1387.0,0.2467938929843216,0.006214246448517766,0.001027807257369435,0.001105954855974145,2.211292568882337e-05,2.778836217190542e-05,2.276507217107204e-05
1388.0,0.2460852965399104,0.006262857031668217,0.001023885783704887,0.001106052246264345,2.20788949144641e-05,2.771581513744694e-05,2.271979246844535e-05
1389.0,0.2453936187206251,0.005502118801271923,0.001020169341703466,0.001106119802595674,2.205746616671689e-05,2.76458314451517e-05,2.267175467279635e-05
1390.0,0.2452112108379381,0.005290491476742378,0.001016395431741492,0.001106162531571498,2.203212976826229e-05,2.757545480513372e-05,2.263289183875006e-05
1391.0,0.2446812318431311,0.004887518228879351,0.001013399668717724,0.001106202461469104,2.200262847077408e-05,2.750765924720851e-05,2.258868393503791e-05
1392.0,0.2441994131914031,0.004631210495455285,0.001010687815775413,0.001106206381136337,2.197631194197574e-05,2.744589366116765e-05,2.254767641968702e-05
1393.0,0.2437442387209177,0.005259175969702463,0.001008801467400167,0.001106226446101973,2.195652915283814e-05,2.737732679819569e-05,2.251008156121989e-05
1394.0,0.2432457010098871,0.004781733404866216,0.001007087821748154,0.001106224704213463,2.192384093471655e-05,2.730603441740304e-05,2.246463480863714e-05
1395.0,0.2426581055190207,0.004441329628753309,0.001002418677555468,0.001106227595101924,2.189489595768717e-05,2.723893229001392e-05,2.241441532782231e-05
1396.0,0.24220355260509,0.006244351782677176,0.001005292857747168,0.001106223384380146,2.187420102737362e-05,2.717005526363394e-05,2.23638045697704e-05
1397.0,0.2417772150703496,0.005503162981424236,0.001000136375368358,0.001106178940860226,2.184822434336055e-05,2.710216032646558e-05,2.23157928776396e-05
1398.0,0.2414055199159651,0.006500713470713401,0.001003210361955424,0.001106142801067377,2.181827933541884e-05,2.70440572606103e-05,2.227058210816836e-05
1399.0,0.2408545584805028,0.005221610775698402,0.0009986718069605151,0.001106111685888037,2.179511510245211e-05,2.698868825256261e-05,2.222730340917992e-05
1400.0,0.2404789702183898,0.005070449842073665,0.0009964420200305939,0.001106090418878714,2.176014614237412e-05,2.693401424313298e-05,2.218287276900784e-05
1401.0,0.2401857185320865,0.004927715223953035,0.0009951770305173969,0.001106017762850825,2.172483317392167e-05,2.686989764584727e-05,2.215248846743107e-05
1402.0,0.2394845819946621,0.004840916549833998,0.0009937295452532803,0.001105931658395784,2.169185795621319e-05,2.680722104759778e-05,2.211104334322018e-05
1403.0,0.2392020629673087,0.004720632635276005,0.0009926292703490922,0.001105818753278021,2.165838289638559e-05,2.674804502347425e-05,2.207470765250508e-05
1404.0,0.2388507559733847,0.005679858895016767,0.0009936295446507455,0.001105698107369252,2.162665163817946e-05,2.669280503516223e-05,2.204284935811254e-05
1405.0,0.2381373166915441,0.004758616442632044,0.0009920923654890214,0.001105583085430945,2.159140124079456e-05,2.662426818794315e-05,2.20023560586542e-05
1406.0,0.237422325626059,0.004591113800022625,0.0009902377629654267,0.00110547116474513,2.15586302866779e-05,2.656113421253763e-05,2.19648596833071e-05
1407.0,0.2369856253993646,0.005176261186739513,0.0009913042669866701,0.001105353998606553,2.152463262814537e-05,2.649799535572749e-05,2.19224366587147e-05
1408.0,0.2365207119546687,0.004532533069754228,0.0009888250378228749,0.001105273458615028,2.149178624824442e-05,2.644472623372941e-05,2.188273801948735e-05
1409.0,0.2362065739798528,0.004687922621381564,0.000989419900263771,0.00110522218832637,2.145322878890284e-05,2.63891571145818e-05,2.18486185945228e-05
1410.0,0.2360087112552633,0.004938682469681913,0.0009906378732097204,0.001105173086032817,2.141529983015599e-05,2.633594740615653e-05,2.18097792330893e-05
1411.0,0.2354426940425999,0.004553430368332451,0.00099004061386334,0.00110515878524941,2.138564465004203e-05,2.628190290087357e-05,2.17846124377085e-05
1412.0,0.2352981265642739,0.004648768182673404,0.0009887440253854396,0.001105162225937707,2.133793462685444e-05,2.622322558342606e-05,2.175103324738852e-05
1413.0,0.2348073210640856,0.004432109919551725,0.0009871862355390268,0.001105193076984338,2.129345591932245e-05,2.616162956577799e-05,2.171798849384202e-05
1414.0,0.2342575180752035,0.003919864898870261,0.0009852793971728772,0.001105228227099148,2.124968629749252e-05,2.610074687266787e-05,2.167566828029945e-05
1415.0,0.2339428129109402,0.003812254230145621,0.000984349715595474,0.001105343395631708,2.120805117056091e-05,2.60405644540775e-05,2.16403103243332e-05
1416.0,0.2336437881805903,0.004208254762152919,0.0009842815232556997,0.001105483588730984,2.116855620161107e-05,2.598759159892679e-05,2.16065680091024e-05
1417.0,0.2335409704796977,0.004013190544370332,0.0009830406991591786,0.001105591652451941,2.112985886337618e-05,2.592944405947725e-05,2.157666617761787e-05
1418.0,0.2332782963319971,0.003886214935072587,0.0009816637870094886,0.001105700903045395,2.108280944407398e-05,2.587081963760425e-05,2.154691762675944e-05
1419.0,0.23289126771438,0.004513281233000484,0.0009819691820722887,0.001105798321979238,2.10282809382892e-05,2.580932857663981e-05,2.150887998860766e-05
1420.0,0.2324726985801114,0.003959998979685428,0.0009800067790431781,0.001105884916469683,2.098043552250825e-05,2.57546978598225e-05,2.148790501837485e-05
1421.0,0.2323236674060438,0.003760349931853701,0.0009779655147777373,0.00110599834259863,2.093127842701133e-05,2.569042941519086e-05,2.145603556293403e-05
1422.0,0.2321049261935297,0.004638676663057163,0.0009783995285669856,0.001106100724076026,2.0875622466591e-05,2.562206901543103e-05,2.142385417963886e-05
1423.0,0.2316003360985262,0.003887648589459491,0.0009762398673924326,0.00110622109323145,2.082188025036318e-05,2.555202540857789e-05,2.138571042407305e-05
1424.0,0.2314956142715925,0.00431987894406663,0.0009744813863992283,0.001106355447770936,2.076799585931593e-05,2.548779333478568e-05,2.135897305747365e-05
1425.0,0.2312474521651816,0.003950540819966994,0.0009742182783069222,0.0011064556832924,2.071194509044777e-05,2.542644373330254e-05,2.133506909030257e-05
1426.0,0.2310783810492239,0.00348593965367842,0.000970914810950576,0.0011065759335763,2.06601227787929e-05,2.536231697783863e-05,2.130925799019721e-05
1427.0,0.2304294282534966,0.003384982152327849,0.0009695242834423544,0.001106686458249031,2.060001231621837e-05,2.529937986755823e-05,2.126110642721683e-05
1428.0,0.2302687010176788,0.003498829105902105,0.0009684449022789773,0.001106785350378402,2.054396675266401e-05,2.524022990028171e-05,2.122368821260708e-05
1429.0,0.2298049420848448,0.003474472797576758,0.000967398900480837,0.001106912784653507,2.049185920899338e-05,2.517758925657867e-05,2.11926335153671e-05
1430.0,0.2296235592587106,0.003391413925008099,0.0009655116331333977,0.001107013398107811,2.043303180654453e-05,2.510603551420213e-05,2.115892650924095e-05
1431.0,0.2289981217839088,0.003068162304016585,0.0009635349877690941,0.001107179156235185,2.037330785448892e-05,2.503588856432855e-05,2.111857624388776e-05
1432.0,0.2285410917980808,0.00341374440235735,0.000962361842091747,0.001107342246367025,2.031550299851772e-05,2.496399880724498e-05,2.10855304026431e-05
1433.0,0.2280933207861339,0.00328558314025531,0.0009613332948159894,0.001107516395751866,2.025927343104204e-05,2.489714990626242e-05,2.105695025245177e-05
1434.0,0.2276543232805381,0.00313029574483977,0.0009601171468455115,0.001107666257257534,2.020070535564728e-05,2.483305598594425e-05,2.101818228689873e-05
1435.0,0.2272691825453854,0.003188687529479246,0.0009582198197449362,0.001107824590087537,2.014490894498802e-05,2.476439079501491e-05,2.097867026440393e-05
1436.0,0.2266089603340276,0.003302216155130301,0.0009572123607822378,0.001108013164361015,2.00854914535633e-05,2.46913713532004e-05,2.094426612616517e-05
1437.0,0.2263816970581617,0.003967316111795367,0.0009564723881081819,0.001108204736175253,2.002485398503739e-05,2.462287140664623e-05,2.090826017990277e-05
1438.0,0.2262312924995827,0.003687925139880025,0.0009554902285878248,0.001108397067167277,1.998022040383602e-05,2.455932263627853e-05,2.087882458560532e-05
1439.0,0.2260326627928213,0.004006415806776611,0.00095536264785431,0.001108620028486836,1.992181911875034e-05,2.449079524726703e-05,2.08418358037025e-05
1440.0,0.2256012116646723,0.003468560227300566,0.0009526756523916241,0.001108807841175537,1.98646458958879e-05,2.442267859968236e-05,2.079324221606877e-05
1441.0,0.22540629626035,0.003343798709380576,0.0009510779877901777,0.001108977164557451,1.980459527479292e-05,2.435896216373656e-05,2.075044015344169e-05
1442.0,0.2251786976567026,0.00336814507234215,0.0009507750795842417,0.001109157915333436,1.974632813710787e-05,2.42982382149903e-05,2.071545434311971e-05
1443.0,0.2247828746082403,0.003482741574464752,0.0009493971803687362,0.001109287162822475,1.968628412448518e-05,2.423671837112335e-05,2.067354116543471e-05
1444.0,0.2245726736415623,0.003247873677272217,0.0009480998601167453,0.001109426863771505,1.963500926479044e-05,2.416710276960642e-05,2.063983065216958e-05
1445.0,0.2239901618069804,0.003129390044771864,0.0009454925316010697,0.001109587963043226,1.957258117237787e-05,2.409742571707e-05,2.059570617218053e-05
1446.0,0.2235090441426586,0.00310138081212027,0.0009438653963431037,0.001109788259320408,1.951382364718027e-05,2.403036433120344e-05,2.054726344046334e-05
1447.0,0.2230552573114135,0.003292207889371338,0.0009427641474786435,0.001109998797328435,1.945554213634859e-05,2.396643180857446e-05,2.050610298284316e-05
1448.0,0.2225099805637082,0.003221850464044805,0.0009407650744194898,0.001110176630381391,1.939049362224725e-05,2.390541794764033e-05,2.046375639069956e-05
1449.0,0.2223780971785458,0.003252587931709983,0.0009400381714450166,0.001110343421852716,1.932889100684146e-05,2.384018497756996e-05,2.041951431430568e-05
1450.0,0.2219802019632313,0.003245170696322431,0.0009379314654208812,0.001110518671442972,1.926557146546512e-05,2.377721214026635e-05,2.037440072806987e-05
1451.0,0.2215808749382485,0.002761459618799822,0.0009353782306596878,0.001110699042099956,1.920343454826506e-05,2.370681795389053e-05,2.033304185012999e-05
1452.0,0.2211413828685036,0.002952057327621805,0.0009337206611024555,0.001110888198051458,1.914315026027403e-05,2.363617522698896e-05,2.028346391058089e-05
1453.0,0.220740207658023,0.002993609292368508,0.0009322989520309178,0.001111114470284668,1.908566927227848e-05,2.356626143019797e-05,2.0249862691771e-05
1454.0,0.2205322923014197,0.002932559812403459,0.000930486461050016,0.001111299823215794,1.903051030635702e-05,2.350125904681282e-05,2.021176055750587e-05
1455.0,0.2200670006876816,0.003682142812913509,0.0009299499763368512,0.001111395080701037,1.897475926472517e-05,2.342991898115583e-05,2.017220969571141e-05
1456.0,0.2198175267039058,0.003270391602923018,0.0009269980868200916,0.001111480599687253,1.892161453039322e-05,2.33611715773932e-05,2.013418575188685e-05
1457.0,0.2197101628708887,0.003378351128775526,0.000926194662745723,0.001111615442960943,1.886525806742529e-05,2.329577643205715e-05,2.008691701662981e-05
1458.0,0.2195154990365505,0.00358096324321295,0.0009257375960321394,0.001111787182498766,1.882454132133886e-05,2.323683742469202e-05,2.005817761712915e-05
1459.0,0.2194453018438084,0.002957670604117731,0.0009227278803799034,0.001111980302283445,1.878253108639788e-05,2.316899646586339e-05,2.00165538021584e-05
1460.0,0.2188696978175715,0.003158900716675166,0.0009222112110850838,0.00111218652124732,1.873055789369839e-05,2.309440732973924e-05,1.997006887309593e-05
1461.0,0.2183205547004709,0.003106954236195973,0.0009205143016330832,0.001112365278312912,1.867899983627604e-05,2.302819098937072e-05,1.992791809991497e-05
1462.0,0.2180437109841188,0.002929251282801117,0.0009179059470786047,0.001112488468864589,1.863187999879901e-05,2.296497113929907e-05,1.988042359804281e-05
1463.0,0.2175936156869661,0.00285123226652021,0.0009158480541696565,0.00111258349952664,1.858718717957683e-05,2.290126345042277e-05,1.983779685053825e-05
1464.0,0.217144598747755,0.003060416881249876,0.0009150030148943401,0.00111267998379291,1.85474864527175e-05,2.284058461421555e-05,1.979797949745722e-05
1465.0,0.2167213081239857,0.002990650786587766,0.0009133072548402214,0.001112813830496984,1.851047930437352e-05,2.277142887436433e-05,1.976119252303044e-05
1466.0,0.2164035965755212,0.002953532320972607,0.0009117987465328473,0.001112949049004668,1.84768525933646e-05,2.271457240449811e-05,1.972362247407754e-05
1467.0,0.2162698366277354,0.002908470743294378,0.0009098895642111123,0.001113107979034627,1.845180201294434e-05,2.266092031260899e-05,1.969102089639711e-05
1468.0,0.2160449706845243,0.002901313297893537,0.0009078162537287107,0.001113209841964827,1.841542785036675e-05,2.260570636089869e-05,1.964820188046623e-05
1469.0,0.2157528575118649,0.002741365459196803,0.0009060080383396728,0.001113357202739955,1.838789970095648e-05,2.254676446702378e-05,1.960935761464363e-05
1470.0,0.2156151225666628,0.002731342662790316,0.0009043715436999673,0.001113525786208216,1.836432023091781e-05,2.249090153413965e-05,1.956914422348336e-05
1471.0,0.2153585328091604,0.003247669534918196,0.0009033034579456655,0.001113678015206717,1.834403551190793e-05,2.243641105360426e-05,1.953656934635376e-05
1472.0,0.2148640101355156,0.0031327389354365,0.0009020099298441684,0.00111383196575699,1.832491550547211e-05,2.237969565109143e-05,1.950351691528226e-05
1473.0,0.2143642193444486,0.003347706318191027,0.0008997724057299603,0.001113986393611,1.830619134173239e-05,2.232726274342977e-05,1.945962118000634e-05
1474.0,0.2139035391378584,0.002882282879381978,0.0008967860464165118,0.001114145978781029,1.828225750320153e-05,2.226965131060283e-05,1.941651087631091e-05
1475.0,0.2136726870301555,0.002733264542662099,0.0008941342855507885,0.001114260571960544,1.826032018166515e-05,2.221231352211415e-05,1.937699760795774e-05
1476.0,0.2132119944816346,0.002676714831695052,0.0008919933274726167,0.001114380169098056,1.824717245884052e-05,2.216164938901223e-05,1.934606436800876e-05
1477.0,0.2130091809853134,0.002758088692845186,0.0008900287512884505,0.00111446955750759,1.824086636028526e-05,2.211280117199034e-05,1.931403929733818e-05
1478.0,0.2124918134451446,0.002776095784324503,0.0008882468741895157,0.001114511412419756,1.822890202678097e-05,2.206349467728014e-05,1.928153320012004e-05
1479.0,0.2119250904832072,0.00264468433685176,0.0008861548786248615,0.001114567458395791,1.822090621056632e-05,2.201383441627716e-05,1.925042884515106e-05
1480.0,0.2116367573882128,0.00310263908239813,0.0008846702806086881,0.001114717597030031,1.821256190736653e-05,2.196683978351236e-05,1.921852176772739e-05
1481.0,0.2112072058173257,0.002766279013623693,0.0008818567634221966,0.00111483293997157,1.82082845799758e-05,2.192234382847337e-05,1.91875716780322e-05
1482.0,0.2109593020688486,0.002747056010075671,0.0008795453834258598,0.001114875099238548,1.820476180834417e-05,2.187581551362525e-05,1.91564769050627e-05
1483.0,0.2106274837389385,0.002576464635155139,0.0008769374919456063,0.001114892553772786,1.82002007827321e-05,2.183341400605022e-05,1.913154165797115e-05
1484.0,0.2104152845149855,0.002841545803224668,0.0008748988234372071,0.001114859440687501,1.819396003853224e-05,2.179268005810829e-05,1.910245788422339e-05
1485.0,0.2100396380796099,0.002717762363255609,0.0008727466377453473,0.001114830426080316,1.818896920572143e-05,2.175095222545793e-05,1.907410440223651e-05
1486.0,0.2098432668392214,0.002934605494949052,0.0008708154740815142,0.001114797558377357,1.818748841202979e-05,2.171568177035636e-05,1.904295743565207e-05
1487.0,0.2096015365087464,0.002727421219087887,0.0008692770179541614,0.001114772568740612,1.81843902880713e-05,2.167169337868564e-05,1.901883198645048e-05
1488.0,0.2090971143977613,0.003504531093636297,0.0008678060931595698,0.001114748278886958,1.818225557939564e-05,2.163659398857908e-05,1.899737782717293e-05
1489.0,0.2088644411151471,0.003124448837823987,0.000865780245450275,0.001114751054088887,1.818110191310851e-05,2.160655488808506e-05,1.897274238796393e-05
1490.0,0.2085996561100165,0.003564994951048938,0.0008641543803881782,0.0011148049697716,1.819314129896916e-05,2.157865182410211e-05,1.895706864439818e-05
1491.0,0.2083671407602235,0.003119393737176192,0.0008617045663923114,0.001114900649771749,1.819263464055131e-05,2.155072250585471e-05,1.893432451320983e-05
1492.0,0.207941964077522,0.002942508742541971,0.0008590525178504586,0.001115012219584213,1.819320276239816e-05,2.152056800608704e-05,1.890884775719943e-05
1493.0,0.2076641073176073,0.00278112122211762,0.0008568240479276573,0.001115135698902937,1.819837505186258e-05,2.148882953729886e-05,1.889231489004741e-05
1494.0,0.2073249317561314,0.002620526043739273,0.0008536430999521925,0.001115233579678706,1.819655507524169e-05,2.145968260190922e-05,1.886626300815493e-05
1495.0,0.2069703941011015,0.002734434062105101,0.0008520307063820334,0.001115321848442369,1.819903745504946e-05,2.142860674427286e-05,1.884858110147561e-05
1496.0,0.2064031279499426,0.002589871210820169,0.0008491251505899391,0.001115430129664466,1.819998497813133e-05,2.139806774050463e-05,1.882363870527804e-05
1497.0,0.2063061215904194,0.002570429888135354,0.0008473765370370186,0.001115536618526686,1.819677548463734e-05,2.137905319721727e-05,1.880686475383702e-05
1498.0,0.2060480918265053,0.002409042267323343,0.0008448839935817958,0.001115644526328946,1.820243981771013e-05,2.136533404376567e-05,1.878985605179123e-05
1499.0,0.2057637235936236,0.002549577063407777,0.0008427992866688545,0.001115703858926015,1.820132825059437e-05,2.13466610968101e-05,1.876526037121572e-05
1500.0,0.2055071999216353,0.002668663967795013,0.0008411495915934813,0.001115652757360299,1.820323925007214e-05,2.13276638886768e-05,1.87484567937307e-05
