iteration,continuity,epsilon,k,vf-phase-2,x-velocity,y-velocity,z-velocity
1.0,1.0,59784112.82576634,272.3666928884086,0.1326810677474257,0.00128991360718972,0.001679774243734357,0.001347993436303907
2.0,1.0,0.2519740170338033,0.1784924321900641,0.6002238335771091,0.0007794524648278433,0.001032818274450298,0.0008077142844551574
3.0,0.7608195016584404,0.2936449747469147,0.1589406486766192,0.3000666216920912,0.0004857723483198639,0.0006329472447821736,0.0004890594398670131
4.0,0.7056157895443337,0.2962197727756113,0.1270519830762472,0.2000456421028266,0.00042918039047498,0.0005357593113985317,0.000451850970703302
5.0,0.6581209089744333,0.2841103769050867,0.1051065916496721,0.1500348835035936,0.0004070953251490129,0.0004711907912859286,0.0004447691995858801
6.0,0.62754489742833,0.2660805801101012,0.08563914201388267,0.1200286522478995,0.0003697814242857353,0.0004180811716367368,0.000409493576899561
7.0,0.659325070370439,0.2577873418119942,0.07135342259254739,0.1000239633860811,0.0003620898372208047,0.0003948264437621267,0.000406780614474572
8.0,0.595727836424747,0.2376885970547613,0.05906180363367734,0.08573565012848393,0.0003395116552708,0.0003328654667685273,0.0003878589051405838
9.0,0.5914373001034794,0.2152201715456623,0.04815179160891674,0.07501927161493703,0.0003244140189192971,0.0003104893322651463,0.0003811335805257671
10.0,0.5741579148567524,0.1967718582300361,0.04062405390334744,0.06668445885967286,0.0003073029344275894,0.0002825568713305911,0.0003713608720225506
11.0,0.5637432326393267,0.177281865283593,0.03420351344411543,0.06001675730542087,0.000296699864626748,0.0002646857303852252,0.0003680862579765407
12.0,0.5540213013098954,0.158723589131727,0.02901480139301139,0.05456129321641018,0.0002811307784531935,0.0002495849955929561,0.0003595220052647537
13.0,0.5421387459274204,0.1330984732239189,0.02491305603989006,0.05001510102759565,0.0002721997289545326,0.0002407330186292878,0.0003554644260833923
14.0,0.5270159796280302,0.11579724127664,0.02177381167218374,0.04616860903116845,0.0002580746106033952,0.0002306940005939101,0.0003435784972276421
15.0,0.5238443015597403,0.1088003714340135,0.01954583799009516,0.04287161060677031,0.000249019256958556,0.0002275452484177855,0.0003377201180107152
16.0,0.5087244203476461,0.09718642132335298,0.0176767635365077,0.04001433614599093,0.0002353596384428417,0.0002188598115891149,0.0003250367114678628
17.0,0.4942632537691122,0.08103868073714211,0.01611691494020358,0.03751430228238721,0.0002262831403070678,0.0002167133454688695,0.0003172915094860383
18.0,0.4867756480457143,0.07643675383215826,0.01482911414182485,0.03530859633367762,0.0002153813939987363,0.0002103455820081413,0.0003079623448669679
19.0,0.4880676343014378,0.0680285190122843,0.0137784163624665,0.0333482624847035,0.000207897929304137,0.0002095861850694852,0.0003014868535723143
20.0,0.4810161022123822,0.05866499783052217,0.01292219079051645,0.03159451204073889,0.0001983419569680519,0.0002057491897996906,0.0002935254435513483
21.0,0.4796536107563261,0.05060313294982946,0.01220501476560019,0.03001636101080423,0.0001928065941782637,0.000205945043257312,0.0002878713427085468
22.0,0.4721178550712671,0.05351801011666744,0.01161100204023054,0.02858853968052111,0.0001851318784331236,0.0002027812802883271,0.0002802013856427668
23.0,0.4683715776785957,0.04787979327279991,0.0110840378207956,0.02729061702900632,0.0001802086890215321,0.0002032021911056537,0.0002750187372031157
24.0,0.4672193745575349,0.0453617159842636,0.01070062751870873,0.02610574425904451,0.0001737808565632997,0.0002001978198298771,0.0002680159097067411
25.0,0.463488997719855,0.0329064256330878,0.01028921552159275,0.02501981892811627,0.000168865435433433,0.0001988298334932874,0.0002626182475825342
26.0,0.4655226066602123,0.03757723265635487,0.01001597074129763,0.02402100610675078,0.0001653456514939267,0.0001986726507202201,0.0002584107026767124
27.0,0.4650512570794211,0.0317064318453445,0.009787241748575043,0.02309918935105507,0.0001602965389943267,0.0001957731008644932,0.0002529652383247675
28.0,0.4662741531482338,0.0295346014009116,0.00960512747893517,0.02224566841329503,0.00015616126434613,0.0001940375068084378,0.0002490984538951034
29.0,0.4685904806196762,0.02987958385169969,0.009470456424755408,0.02145319543600326,0.0001524830626789954,0.0001925581314077228,0.0002449999627875046
30.0,0.4725282134723557,0.02719217091622373,0.009366519728142555,0.02071540718868809,0.0001489108754121541,0.0001906152513526203,0.0002412883282249052
31.0,0.4747274604127283,0.02437863063799257,0.009296085440701624,0.02002690826418023,0.0001454835201949817,0.0001886754673704886,0.0002382139831749993
32.0,0.4803500212574209,0.02235573588390638,0.009255701848745447,0.01938294390778916,0.0001420694007015655,0.0001867334401275272,0.0002351304887923292
33.0,0.4839979040165932,0.02155542636823655,0.009245075307022328,0.01877932722149094,0.0001393085415437407,0.000185214142097487,0.0002319973172274052
34.0,0.4933350541048261,0.02074307718060321,0.009267957836492667,0.01821227511975068,0.000137393593180642,0.0001843143048983671,0.0002284967729339661
35.0,0.4994877766133081,0.02072863535733624,0.009310914725551572,0.01767839306023912,0.0001359726537978335,0.0001836918188533396,0.0002251698870700157
36.0,0.506441774663082,0.04296153163540662,0.00938980166601667,0.01717449263131866,0.0001349962973268433,0.000182867667378154,0.0002214374536618012
37.0,0.5133198067599016,0.2471690566704424,0.00980202344670615,0.01669848837301177,0.0001351353316867518,0.0001830453785234772,0.0002183074523376667
38.0,0.5183066413357782,0.1059202882821455,0.009804094409385216,0.01624859281411374,0.0001351647907487791,0.0001824450350920262,0.000213643119634455
39.0,0.5198705607857712,0.04874579861454027,0.009820612747657543,0.01582214465529854,0.0001356957145010737,0.000181792468111025,0.0002099302227575132
40.0,0.5246296258690518,0.02797820889443177,0.009914071865418183,0.0154171604867639,0.0001363892958777106,0.0001813418688675207,0.0002061539056433985
41.0,0.52873104274462,0.02708688799095849,0.01007794920157033,0.01503267517795025,0.0001371009434354167,0.0001811196016707057,0.0002026978213976525
42.0,0.5357233981550691,0.02441495140511509,0.01025276257350089,0.01466718469058108,0.0001377571950703404,0.0001804941913461028,0.0001995837770069725
43.0,0.5418391663700713,0.02334350341053368,0.01046311781888422,0.01431903713489447,0.0001387971478164645,0.0001798333259032156,0.0001962223030351583
44.0,0.5452969224074395,0.0227045005797549,0.01065383328567482,0.01398719673120636,0.0001397544044928823,0.0001789070405095322,0.0001932344548203704
45.0,0.5498519052320662,0.02243837291174351,0.01084489503186892,0.01367038027265436,0.0001405462480193675,0.0001781205184652792,0.0001906187359851198
46.0,0.5560448676688589,0.02198443571838603,0.01104186510097404,0.01336754725047717,0.0001415962668832597,0.0001773411829432137,0.0001884100630938139
47.0,0.5619911707714312,0.02176415667540341,0.01122688788558096,0.01307746469317341,0.0001426771222344131,0.0001769325896567473,0.0001864427066224354
48.0,0.5704388840531088,0.0223920846591624,0.01140791204423395,0.01279952025035049,0.0001435920036993436,0.0001764360347903757,0.0001846291969827471
49.0,0.5782241069707686,0.02293088567288279,0.01155894955191063,0.01253304430059849,0.0001443346829304457,0.0001766395560136052,0.0001830742690577013
50.0,0.5861102005253971,0.02326959991319632,0.01167655411987641,0.01227758682910659,0.0001451717596955991,0.0001767279541335597,0.0001817256192427878
51.0,0.5941804624993499,0.02369151417407793,0.01177637005171799,0.01203270171391064,0.0001457030892839139,0.0001770122212291799,0.0001805529459174658
52.0,0.602455099308383,0.0240431875413199,0.0118411856395593,0.01179760395214146,0.0001462434537462765,0.0001775543572914811,0.0001793806473736992
53.0,0.60836655245116,0.02438691623858761,0.01186479437692048,0.01157136678638121,0.0001471228777480895,0.0001782307329239929,0.0001784310499344729
54.0,0.614813304087933,0.02434140296424027,0.01186360765040244,0.01135361573788099,0.0001478834312412771,0.0001789551619044824,0.0001775945805740053
55.0,0.623498529914708,0.0242126068801079,0.01184363020318103,0.01114379726714605,0.0001484195072675146,0.0001797304419696288,0.0001768292633046382
56.0,0.6292627824984176,0.02384921858239071,0.01181054251434047,0.0109414586441815,0.0001491796034231356,0.0001806160181569168,0.0001763503111185286
57.0,0.6343509548799457,0.02350009258409222,0.01174419020596965,0.01074610444658305,0.0001499002929001557,0.0001808982596950356,0.0001756634106005845
58.0,0.6380949251148661,0.02315166529857852,0.0116800694162926,0.01055774929140187,0.0001505771682653109,0.0001812770691834225,0.0001749978195694891
59.0,0.6439080812360615,0.02308767393503711,0.01163232735958129,0.01037605012508755,0.0001514503058668009,0.0001815846695215932,0.0001741935309193706
60.0,0.6500225183799118,0.02304680374258539,0.0115612414805232,0.01020045323705635,0.0001520935818068684,0.0001817525936193683,0.0001734742567974161
61.0,0.6564488144640107,0.0228541937703067,0.01147503304693062,0.01003066478401075,0.0001527374845055719,0.0001816314966780342,0.0001726603911102218
62.0,0.6654479231795305,0.02265418323848585,0.01137953911606397,0.009866644862171085,0.000153282545438849,0.0001816666191737997,0.0001719273972722194
63.0,0.6709026908209049,0.02263475681400466,0.01128977275751578,0.009708111488704646,0.0001535951080046031,0.00018151477586518,0.000171157474500873
64.0,0.6775602706234872,0.02246658928808787,0.01117980993206811,0.009554641861772675,0.000153837662262424,0.000181028397891412,0.0001704256480547426
65.0,0.6858579762996663,0.02228032186266862,0.01105134807669346,0.00940566904128513,0.0001539678473962546,0.0001804889722443928,0.0001694363924076732
66.0,0.6947352084199685,0.02220053182356409,0.01094528012768824,0.009261270623669614,0.0001538551423606252,0.0001797906044479949,0.0001685177731523235
67.0,0.7003863837217699,0.02203906863990896,0.01081650798691568,0.009121249105795436,0.0001537264234077387,0.0001789175583919838,0.0001671059487330912
68.0,0.7041998072253095,0.02159196707284383,0.01066316899627721,0.008985554846161176,0.0001534229373721865,0.0001778214183881579,0.0001655813890560402
69.0,0.7116435029229867,0.02128840319829506,0.01053979910259118,0.008853699938038867,0.0001527925259839306,0.0001767326027822089,0.0001643279460017572
70.0,0.7157489263633123,0.02100211944189296,0.01041052575916839,0.008725485302087397,0.0001523005705001843,0.0001756607193975359,0.0001630596118310744
71.0,0.7185217820262373,0.02048306093190354,0.01027888150888579,0.008600756794115249,0.0001516786742274119,0.0001745172794836307,0.0001616809302728356
72.0,0.7226553121403074,0.02006193586805524,0.01014999933522257,0.008479669811761325,0.0001509366331120354,0.0001732964149445969,0.0001603815372865212
73.0,0.7261024624438749,0.01971353819089371,0.01004177136337485,0.008361798515969862,0.0001499393681269168,0.0001720397012379145,0.0001594180408872018
74.0,0.7286595453264968,0.01949096571088338,0.009947807881790933,0.008247403422900321,0.0001489953422200582,0.0001709784345406057,0.0001582833957913931
75.0,0.7314497820070165,0.019143815119347,0.009850129904780371,0.00813645942554141,0.0001480141906112551,0.0001698518814803251,0.0001575195852640453
76.0,0.7339140951618314,0.01883581515932781,0.00975648737865807,0.0080288315581141,0.0001470924071840818,0.0001686942417326386,0.0001568420117491385
77.0,0.7361349417475369,0.01895041338632715,0.009677005592491704,0.007924071134763762,0.000146151794004486,0.0001674692332937601,0.0001565927378533797
78.0,0.7377088509672002,0.01889630841560653,0.009593653971851903,0.007821668409801162,0.0001451516355512518,0.0001662791246915312,0.0001565706984793013
79.0,0.7393133200309802,0.01889333317860201,0.009508885031783713,0.007721291959651283,0.0001442121383806503,0.0001651543974806986,0.0001566118008704305
80.0,0.7415246270342408,0.01883700057051606,0.00942481014277524,0.007623298999489634,0.0001432096725261903,0.000163934641867621,0.0001567858768928851
81.0,0.7424659147614804,0.01860586803017606,0.009338410390795422,0.00752790564071854,0.0001422868471872691,0.0001627360154836766,0.0001569406960739585
82.0,0.7434857668099315,0.01838993759872153,0.00926029789787823,0.007435233340398033,0.0001414550138624379,0.0001615073197812837,0.0001572917694385275
83.0,0.7442020137467845,0.01816432086311608,0.009179412840419258,0.007345182860308877,0.0001403727039588794,0.0001603270727032064,0.0001576085010222337
84.0,0.7459554951082317,0.01794664082715542,0.009093696050762061,0.007257338297650163,0.0001396963897050725,0.0001591653731039553,0.0001580422219309853
85.0,0.7468754042291471,0.01761995118672676,0.009008823611273717,0.007171453056592862,0.0001390333813686279,0.0001581640941616508,0.0001585971967200498
86.0,0.7479172599569993,0.01746664100150986,0.00892524827335068,0.007087385591953713,0.0001384921219466926,0.0001572238216055783,0.0001591466497636769
87.0,0.7513976491954426,0.01719725445613622,0.008844490564016087,0.007005254505696345,0.0001380116891643733,0.0001561170220483105,0.000159588776553449
88.0,0.7515260673779262,0.01705083382675112,0.008764191406075575,0.006924781132080684,0.00013757042017052,0.000155200736187714,0.0001600027339445855
89.0,0.7528435655623632,0.01688977114752171,0.008690659241602184,0.00684614461108755,0.0001372472774961508,0.0001542147736388763,0.0001603837104586996
90.0,0.752700612394019,0.01669456096891396,0.00862137746405424,0.006769438830502556,0.0001369490194697666,0.00015328728523559,0.0001606808977016492
91.0,0.7531777172287794,0.01651936258505009,0.008553507945482075,0.006694758833020955,0.0001368253877078921,0.0001524121370242542,0.0001607533468328357
92.0,0.7534653009102079,0.01650688647481225,0.008490504544601863,0.006621730526489182,0.0001367809315092675,0.0001515254551114417,0.0001610055228492312
93.0,0.7545166761207366,0.01636488396031421,0.008434663959258827,0.006550317105492443,0.0001367870182465976,0.000150655983667737,0.0001612575813565756
94.0,0.7546126590190342,0.01625474725976977,0.008381381712465458,0.006480229053205285,0.000136779250928034,0.0001497689731949173,0.0001615050277580058
95.0,0.7558192859158728,0.01610656836124497,0.008334102559366494,0.006411466890656459,0.0001369057445926443,0.0001488365528171921,0.0001616055020612521
96.0,0.7572349109073039,0.01602004453845798,0.008285398623123781,0.006343977416352837,0.0001371800684484057,0.0001479977696556956,0.0001617238731181027
97.0,0.7588533214693618,0.01595346131037768,0.008235737124675504,0.006277937444910712,0.0001373930751707863,0.0001470962913112166,0.0001618312871853353
98.0,0.7609944592593698,0.01594335572439324,0.008184271484547437,0.006213309584944184,0.0001376607010585479,0.0001463082776615839,0.0001619770048702018
99.0,0.761553875039396,0.01586827492311853,0.008123445233813848,0.006150096211493683,0.0001379254764683662,0.0001455416031055219,0.0001620353416313974
100.0,0.7618797656952352,0.0158011505192085,0.00805510933931124,0.006088321752083125,0.0001382292016376577,0.0001447817214307416,0.0001621065042035891
101.0,0.7640097479228605,0.01570664682701019,0.007989526097658881,0.006027728703663331,0.0001384627426895927,0.0001440194475751111,0.0001620604988750367
102.0,0.7811148880526655,0.0156131464346959,0.00792621527369264,0.005968299333361945,0.0001379535883966544,0.0001433628665237914,0.0001619292981197596
103.0,0.7651722088352438,0.01548708342873256,0.007856610638690767,0.005909951380124157,0.0001392646739875619,0.0001426785434245866,0.000161633895981058
104.0,0.7822241809094028,0.01534781601660429,0.007801879104503318,0.005852762527973377,0.0001383520707138341,0.0001420292734941741,0.0001612742399373956
105.0,0.7668747242749955,0.01532209672591452,0.00773747866798211,0.005796609516590243,0.0001393507333947106,0.000141345351360766,0.000160676950918244
106.0,0.7836650401685474,0.01523113946981773,0.007679899616511787,0.005741460828438898,0.0001384315935589383,0.0001406897443482464,0.0001601561999867728
107.0,0.7687551747103951,0.01516845066585329,0.007619641198900211,0.005687423651656398,0.0001394383421789456,0.0001399932920215684,0.000159336910651788
108.0,0.7845443521963841,0.01502942721195187,0.007565096930947025,0.005634416959594836,0.0001386865491574789,0.0001394095034802924,0.0001584849448541154
109.0,0.7698843273600049,0.01496372933660513,0.007507123026012709,0.005582373754205423,0.0001396943659700396,0.0001386995104440983,0.0001576730642225087
110.0,0.7864141938234962,0.01487439346805699,0.007458764231435991,0.00553144361659589,0.0001389987918491712,0.0001380436759444667,0.0001568390038891527
111.0,0.7707486456654263,0.01476963451700135,0.007404265190718694,0.005481511274954817,0.0001401499097933814,0.0001374355187931649,0.0001557661497784977
112.0,0.7878142299804446,0.01461984093941437,0.007355469099976415,0.00543250293499993,0.000139609974228331,0.000136919743691365,0.0001546923569790587
113.0,0.7734814551863275,0.01449225528673014,0.007305277548530694,0.00538439322083974,0.0001406959197397152,0.0001362635314331819,0.0001537184990804727
114.0,0.7907840960670675,0.01436515403449325,0.007265721792684091,0.005337074045244562,0.0001400406430045893,0.000135765711054481,0.0001525448053961935
115.0,0.7736110796012668,0.01423054918441072,0.007216583518042766,0.005290535857850357,0.0001410287194028004,0.000135102408331936,0.0001513281306059639
116.0,0.7894263201620547,0.01404711285929561,0.007177471191241433,0.005244730296403641,0.0001403632905035566,0.0001346050420898847,0.0001502172174336818
117.0,0.7738373163945189,0.01388428010731747,0.007130327697359488,0.005199576660289637,0.0001410726017582605,0.0001339992671280174,0.0001491620465487703
118.0,0.7887120061125635,0.01374992551796448,0.007084574650214206,0.005155300881582835,0.0001401926034508988,0.0001335529558152694,0.00014793208909676
119.0,0.7691582548172018,0.01360237137903038,0.007037766299193334,0.005111917227354223,0.0001407801505232259,0.0001330724878904822,0.0001468402101442912
120.0,0.7840077028924218,0.01340409019355468,0.006993462473696498,0.005069351024887166,0.0001398583068630003,0.0001326349150970943,0.0001454953892984057
121.0,0.7654845454363732,0.01325091167497527,0.006941684523888081,0.005027354418013321,0.0001403423031416117,0.0001321380410699689,0.000144641895954982
122.0,0.7807340427982289,0.01305634982463604,0.006896571610984845,0.004985963232786218,0.0001393544512563428,0.0001316739882288594,0.000143312189563756
123.0,0.7608434624659951,0.01287086718924504,0.006845954563377269,0.004945202843743723,0.0001396522087110769,0.0001311279180464871,0.0001424350357391091
124.0,0.7740582333034692,0.01272078020199648,0.00679966608214677,0.004905066520052823,0.0001386255109172421,0.0001306417548986164,0.0001411613316188682
125.0,0.7546041839487093,0.01249230912854124,0.006744071023581604,0.004865654804324055,0.0001388386682628204,0.0001299782156770081,0.0001402597508191417
126.0,0.7675091549574278,0.01226518782029154,0.00669183683278889,0.004827009535326405,0.0001377483443892058,0.0001294237702105691,0.0001390868698281551
127.0,0.7495045094108582,0.01210228821011103,0.006637329607100678,0.004788970735621091,0.0001377719982424463,0.0001288292614177714,0.0001384354061378204
128.0,0.7626505827509978,0.01185398190219663,0.006585267304597575,0.00475153670915045,0.0001367334144341489,0.000128324357869135,0.0001372021760100194
129.0,0.7444695554303071,0.01167300664164398,0.006528376842003814,0.004714653505568795,0.0001365678323297497,0.0001277713174185207,0.0001365420568802308
130.0,0.7575574290461188,0.01151192348176813,0.006473584377975638,0.004678266004571815,0.0001355106984829523,0.0001273703162133776,0.0001353945985348866
131.0,0.7380674798994097,0.01141089696705777,0.006420407257244426,0.004642400014778114,0.0001353539565335,0.0001267793121057932,0.0001348297373006194
132.0,0.7515076750168009,0.01123957626925804,0.006371875703817871,0.004607104794826056,0.0001342535493138168,0.0001263438677897751,0.0001336861279593648
133.0,0.7335884038645831,0.01114923876634895,0.006322223630460131,0.004572402186236771,0.0001339985877920115,0.0001257490530837162,0.0001332268737836169
134.0,0.7462513996831608,0.01095473563786355,0.006276656286501207,0.004538292597910825,0.0001328634582161133,0.0001253193604635004,0.0001320894230055295
135.0,0.7284652340449829,0.01086181374279252,0.006232728898753617,0.00450470530116889,0.000132573300347246,0.0001246812046541496,0.0001316934834338799
136.0,0.7430644316297023,0.01078605783524902,0.006188480720273753,0.004471523401151389,0.0001314911369999399,0.0001242448432005185,0.0001307066983675521
137.0,0.7251742549422423,0.0107034079059539,0.006147379888498837,0.004438694716457144,0.0001312248474838672,0.0001236283309082385,0.0001304076596782781
138.0,0.7374318702644628,0.01063823973041789,0.006109023642114127,0.004406352910288757,0.0001301056914641584,0.0001230888398105915,0.0001294707857474759
139.0,0.7203541114997671,0.01056207604469778,0.006067673355348431,0.004374527942686069,0.0001296693259250889,0.0001224602002071265,0.0001291572260818721
140.0,0.7320949776437636,0.01048965996649099,0.006028003760379154,0.004343098222597048,0.0001285882157912165,0.0001219865708852763,0.0001282534496629423
141.0,0.7152142734581383,0.01047750887084993,0.005985758743154583,0.004312053995095552,0.0001280913786394862,0.0001213711537489682,0.0001280355381765559
142.0,0.7269342150669514,0.010364244816977,0.005939221218126546,0.004281449497613495,0.0001269379226731078,0.0001208436463307253,0.000127134091757146
143.0,0.7091663306661654,0.0103718995717418,0.005892354098868899,0.004251353773552779,0.0001264016165728137,0.0001201768866408591,0.0001268855560352058
144.0,0.72123718858024,0.01029483088621604,0.005843096383797933,0.004221725260656975,0.0001251352415525272,0.0001195564560657958,0.0001260180336768156
145.0,0.7038510703590711,0.01030050752276499,0.005789011553411561,0.004192610354491696,0.0001244772659163926,0.0001189250524609386,0.0001257681775566374
146.0,0.7138873836744754,0.01020260355072888,0.005734965857806919,0.004163945351809585,0.0001232401800298982,0.0001182312316574984,0.0001248957555302997
147.0,0.696900740508831,0.01012827972226293,0.005676068292309951,0.00413564631434927,0.0001225017641561556,0.0001176128606582765,0.0001246440268396021
148.0,0.7081098011800429,0.01006585160785017,0.005615221559350509,0.004107692050323275,0.0001212466395272704,0.0001169645138382979,0.0001237891359422688
149.0,0.6912634175139833,0.0100033463032159,0.005549009962438485,0.004080106041557515,0.000120572966865542,0.0001163849713020038,0.00012349202990322
150.0,0.7001294424135067,0.009915568859589866,0.005483356114064372,0.004052881660188681,0.000119357932757978,0.000115697870808833,0.0001226466154369388
151.0,0.6842842894825854,0.009929882681984265,0.005417977802705326,0.004026014125976237,0.0001186288713566257,0.0001150630233894871,0.000122447070608652
152.0,0.6947196636801004,0.009778161147182381,0.00535401397880114,0.003999523291371545,0.0001174667645181506,0.0001143361575302766,0.0001216859841148243
153.0,0.6783364974565851,0.009641099323121767,0.005291083489039476,0.003973397669425692,0.0001167723744052149,0.0001136554238699476,0.0001214466880570323
154.0,0.6891735747664705,0.009547229775526803,0.005231305179329362,0.003947558930038461,0.0001156496440145198,0.0001129425566207669,0.0001206623101252555
155.0,0.6742230019499813,0.009465353777339017,0.005172645059829291,0.00392205283002016,0.0001149863101731749,0.000112337434730905,0.0001204415247377508
156.0,0.6854004842533944,0.00939119594053368,0.00511636319563964,0.003896922553289225,0.0001139025056188174,0.0001116275690584773,0.0001197031205721154
157.0,0.6710607365466759,0.00937187038790142,0.005059488605173794,0.003872052376119131,0.0001132806993728554,0.000110939752730767,0.0001195025112154618
158.0,0.6827321376879902,0.009236406124397448,0.005002349289243513,0.003847463757353522,0.0001122238867755924,0.0001101729646647813,0.0001187618763384197
159.0,0.6692736266409903,0.009258220067355322,0.004949477725519534,0.003823187469698906,0.0001116065154913662,0.0001095468232366019,0.0001184715429963972
160.0,0.6807579367230914,0.009086050044278468,0.004901826445503747,0.003799243429880334,0.0001106061149868554,0.0001088168466159167,0.0001177565092035167
161.0,0.6666335637527293,0.008974353205138492,0.004854075459603418,0.003775596144862092,0.0001100229197608564,0.000108178514849867,0.0001174500374544774
162.0,0.6770334679650022,0.008877747513043417,0.004809079008902237,0.003752187378481713,0.0001090336058731834,0.0001074648373734772,0.0001166257079207789
163.0,0.6632666085140888,0.008780016731166055,0.004764197679183822,0.00372914697352287,0.0001084360677356061,0.0001068874901759738,0.0001162457538792069
164.0,0.6751682438592178,0.008703107386924248,0.004720902827084248,0.003706433439532507,0.0001074506930501913,0.0001062194513071467,0.0001153656649080516
165.0,0.6612416074824643,0.008658221246259014,0.004679350823330432,0.003684032154250825,0.0001068635788990571,0.0001056582639238042,0.0001148936116293388
166.0,0.6735407926666228,0.008559862702942187,0.004638431725993214,0.003661973078581872,0.0001059846832562324,0.0001050390956237893,0.0001139512199813949
167.0,0.6606317564512779,0.008477415772486186,0.004598335803351936,0.003640182655560769,0.0001054588658957,0.0001045073293995775,0.0001134685734146751
168.0,0.6715813080471675,0.008489620168209408,0.004560033847733107,0.00361850572358934,0.0001045720749617911,0.0001037870383787112,0.0001125375237334799
169.0,0.6702337966052851,0.008392029040816176,0.004522047882412998,0.003597123932013382,0.0001039146187730764,0.0001031422809162769,0.0001117113008674006
170.0,0.655013758621979,0.0084959986343108,0.004484791606450327,0.003576023947439411,0.00010345709794594,0.0001026274973393226,0.0001113261896403496
171.0,0.6642147230737319,0.008490767319975102,0.004447674714575456,0.003555271946780544,0.0001026169950906068,0.0001020265379059602,0.0001103495422474408
172.0,0.661373340474612,0.008487708587614062,0.004410330852547918,0.003534844330632322,0.0001018936766324042,0.0001013654748345438,0.0001094749886302969
173.0,0.6469405426659741,0.008442678134518941,0.004372847492394933,0.003514699705147067,0.0001014589219027076,0.0001006777396980285,0.0001089561527601277
174.0,0.6563355147939989,0.008369127889480594,0.004339993798573171,0.003494672641842731,0.0001006285287733594,0.0001000488350513074,0.0001079052166420302
175.0,0.6540972607527687,0.008275197434246196,0.004306106652251073,0.003474891224531057,9.995379065397378e-05,9.941709595583536e-05,0.0001070528747623133
176.0,0.6396817236805183,0.00821912737761242,0.004274309446335212,0.003455343448274785,9.951244982551732e-05,9.885776592653971e-05,0.000106578668810642
177.0,0.649735645170904,0.008176373689964106,0.00424334129171477,0.003436067653906819,9.871360303548238e-05,9.831599418041652e-05,0.0001054592705645994
178.0,0.6487617455550256,0.008130104088569198,0.004213305556508026,0.003417073294440149,9.811888285758631e-05,9.77906249294288e-05,0.0001045856242722198
179.0,0.6456271961707553,0.008155038530488483,0.004184280502818246,0.003398394967132889,9.757592552246508e-05,9.723951984234221e-05,0.0001038205365239844
180.0,0.6434892046331079,0.008125054701515663,0.004154176646973861,0.00337991772029479,9.709266918313008e-05,9.674320721275086e-05,0.0001031582523450744
181.0,0.6437599802048048,0.008097005120701196,0.004123476563123474,0.003361525001307103,9.660407699565275e-05,9.631226561473246e-05,0.0001024460547727411
182.0,0.6433829774470102,0.008095838095384625,0.004092847373346586,0.003343353945121346,9.614896841962412e-05,9.595499623648664e-05,0.0001017435247575552
183.0,0.6429115639621148,0.008080827237826497,0.004064504747602134,0.003325309063062198,9.580764373190692e-05,9.560650475621804e-05,0.0001010363825499932
184.0,0.6431471955517346,0.008084821188943164,0.004036254289402223,0.003307432425101695,9.545730667291982e-05,9.530056633865991e-05,0.0001003618618319639
185.0,0.6437233270989683,0.008011891109676162,0.004007876407048963,0.003289792716978709,9.517071955110336e-05,9.502378305788951e-05,9.968700483713296e-05
186.0,0.6444406663822587,0.007979079943852796,0.003978164629604498,0.003272399668318155,9.48988144239986e-05,9.477065232584767e-05,9.90319344244449e-05
187.0,0.6449633242533218,0.007944843825048524,0.003949064642250382,0.003255158914259944,9.471704244271884e-05,9.457818874371375e-05,9.841403400075953e-05
188.0,0.6461327015103456,0.007961651100834757,0.003921549686472234,0.003237984203748405,9.455887109618367e-05,9.442489871897801e-05,9.77829481421386e-05
189.0,0.6474977665613458,0.007868773055849314,0.00389422382693038,0.003221034872223309,9.438906377224072e-05,9.42805055510235e-05,9.721970642870467e-05
190.0,0.6489745893491279,0.007785363333535336,0.003868831051384881,0.003204222885615784,9.432751003884026e-05,9.416290162255827e-05,9.670762967585565e-05
191.0,0.6498007890090988,0.007694814486596343,0.003844734651093535,0.003187542778779806,9.424979592363715e-05,9.408089111876299e-05,9.618092667615652e-05
192.0,0.6511084534711287,0.007658221730712462,0.003820120518144888,0.003171040787574331,9.419556953227636e-05,9.401224664518117e-05,9.57066019392603e-05
193.0,0.6525462733016942,0.007595919662629081,0.003795418953328716,0.003154737686869821,9.413822605745779e-05,9.392871910500288e-05,9.528963529876405e-05
194.0,0.6533806803304864,0.007578245612622454,0.003772065889680539,0.003138530366598363,9.412636246472102e-05,9.384788442353111e-05,9.489987270303371e-05
195.0,0.6543960504111818,0.007454726855457366,0.00375054173102297,0.003122411798706013,9.40741262321441e-05,9.373927777510669e-05,9.453643504701285e-05
196.0,0.6559159956764653,0.007477559765603168,0.003731031881409744,0.003106498809555758,9.402386953380485e-05,9.361791820910701e-05,9.4172799483125e-05
197.0,0.6572303509289458,0.007442807933118832,0.003710480583972919,0.003090708525509993,9.395933677967862e-05,9.349402610347543e-05,9.386587137958243e-05
198.0,0.6584492150652318,0.00730120896947764,0.003692329412925244,0.003074959042719028,9.38887449972249e-05,9.339224021437085e-05,9.353520831717406e-05
199.0,0.6605998176177739,0.007242796089210625,0.003675688748651304,0.003059237472092405,9.38018499323145e-05,9.327615672866666e-05,9.321737607703102e-05
200.0,0.6630067916717938,0.007167056312093165,0.00365659770618666,0.003043628757801264,9.371908929243545e-05,9.313236689935682e-05,9.297018972552274e-05
201.0,0.6643149449532366,0.007075407917089389,0.003637951593367976,0.003028295822019008,9.363299129230948e-05,9.300028400345733e-05,9.26684565725218e-05
202.0,0.6656140592118532,0.007113490005849693,0.0036207597103126,0.003013144492306491,9.354889619635751e-05,9.284620717843021e-05,9.237635205570602e-05
203.0,0.666466590498713,0.007091790533924312,0.003604629656256179,0.002998239359016244,9.343842999300704e-05,9.271135658158249e-05,9.208538227758168e-05
204.0,0.6680674284777075,0.007100149090362788,0.003592041461234366,0.00298360471225749,9.330739373604776e-05,9.25904801031876e-05,9.184681037680043e-05
205.0,0.6694907082573152,0.0070218875779796,0.003578076434133172,0.002969067345643002,9.320879435186682e-05,9.24410959202401e-05,9.163252486203348e-05
206.0,0.671388098532107,0.007006928818521305,0.003565837702986713,0.00295469472129697,9.304814180854366e-05,9.228004502883692e-05,9.137743922063587e-05
207.0,0.6723240870095356,0.007018187350040654,0.003555940656688354,0.002940574468345304,9.291189538144399e-05,9.212609180682076e-05,9.118567114216439e-05
208.0,0.6722760367771852,0.006886431168121051,0.003548166432576944,0.002926795878774056,9.273619677535328e-05,9.194910795521436e-05,9.099337961094999e-05
209.0,0.6729309175145091,0.00694311724574119,0.003542936545033955,0.002913325942285491,9.255029268287639e-05,9.176422902243311e-05,9.077450570429925e-05
210.0,0.6738323523216163,0.006884740253424317,0.003536671952460716,0.002900191465858687,9.239504259665877e-05,9.157268217387206e-05,9.058121641112836e-05
211.0,0.673884204862985,0.006913332062886597,0.003532617659964355,0.002887508962950457,9.221372787846873e-05,9.138410031991694e-05,9.036244325752434e-05
212.0,0.6740651435841125,0.006937077392617641,0.003529485809378374,0.002875058887845369,9.203303701881423e-05,9.120367309618133e-05,9.019792198375934e-05
213.0,0.6734702954220784,0.006951019404994788,0.00352650415048877,0.002862984142383511,9.183256764356786e-05,9.093644358116331e-05,9.003428211282128e-05
214.0,0.6728359404128124,0.006925167097885721,0.003520719842562838,0.002851120277944266,9.159278088857066e-05,9.06348694948024e-05,8.985956315845189e-05
215.0,0.6710319136963997,0.006984839077538304,0.003517584617654684,0.00283958511396374,9.129497152802828e-05,9.032379865727887e-05,8.970829825922098e-05
216.0,0.6709517932226959,0.006995399224071385,0.003515065742314653,0.002828319929418818,9.100521872523543e-05,9.003263371561463e-05,8.95088352026799e-05
217.0,0.670619096549403,0.006972009445940655,0.00351394575282072,0.002817195283782313,9.073223531861816e-05,8.97323030512158e-05,8.932658049496491e-05
218.0,0.670643100932292,0.006971478592235051,0.003511625444034727,0.002806399823255622,9.045339331619733e-05,8.939982255225606e-05,8.910568296110978e-05
219.0,0.6697132658032561,0.00700527781553661,0.003508806907688759,0.002795906029438126,9.0164918614374e-05,8.905738508141331e-05,8.883426453726241e-05
220.0,0.6681460990920807,0.00709031292430639,0.003505144397770252,0.002785610378431624,8.987203060289936e-05,8.875630375224326e-05,8.858620518894768e-05
221.0,0.667734275123467,0.006995902318642254,0.003500023530400018,0.002775505812677208,8.962095080641194e-05,8.843519577709717e-05,8.832621087854646e-05
222.0,0.6665080686323683,0.007004674466610917,0.003496789365302598,0.00276558672842442,8.934788266186283e-05,8.81327723858053e-05,8.806864499574864e-05
223.0,0.6649617753591422,0.00703166029496979,0.003492669661641434,0.002755979372527577,8.904076048119786e-05,8.785323167099027e-05,8.780072299358487e-05
224.0,0.6636859528115725,0.007038258903680375,0.003487810959104021,0.002746660350750857,8.876789087969633e-05,8.756047137686317e-05,8.751735378978747e-05
225.0,0.6626260802949745,0.007112998514427579,0.003484126152784517,0.002737480818391006,8.850242146730806e-05,8.725227014460791e-05,8.720651051047338e-05
226.0,0.6616045078418676,0.007072412959752273,0.003480259980794489,0.002728473937,8.821109620749068e-05,8.696195831709511e-05,8.692699305515799e-05
227.0,0.6606068973819638,0.0071149027057291,0.003477170597455149,0.002719639807790413,8.795799422139033e-05,8.6702736378072e-05,8.662764702371265e-05
228.0,0.6596953791203024,0.006998907920749513,0.003472756384742755,0.002710993558431529,8.770356253572198e-05,8.645773378052908e-05,8.634385353068367e-05
229.0,0.6586526597329674,0.006986896225935854,0.003469099231187172,0.002702593051159489,8.745812547018585e-05,8.619170670288557e-05,8.605418861972776e-05
230.0,0.65828671815393,0.00702599043121413,0.003466138793662543,0.002694338919554333,8.722431954808038e-05,8.594866228494954e-05,8.580504798780772e-05
231.0,0.6585053547499758,0.00698385922576008,0.003461512470000545,0.002686285669620797,8.700487296310359e-05,8.57080891596737e-05,8.555698146802113e-05
232.0,0.658353795560474,0.006991173985235744,0.00345777446868552,0.002678419781334111,8.68177704149285e-05,8.549938206422454e-05,8.525101792369955e-05
233.0,0.6568585573773795,0.006946479678699734,0.003452013764631937,0.002670589481869409,8.66119045164408e-05,8.525799564608377e-05,8.500885258374897e-05
234.0,0.6562011773318899,0.006932362827308668,0.00344821842986179,0.002662903943472298,8.640604285565869e-05,8.500439557313587e-05,8.476626396194745e-05
235.0,0.6563422736438027,0.007064995392881257,0.003444344544546602,0.002655241438251742,8.622840019797189e-05,8.476738855212374e-05,8.45207213606992e-05
236.0,0.6561057034690586,0.006963149613110423,0.003440330570081555,0.00264787565335983,8.603531569475171e-05,8.457260135493551e-05,8.42727077953394e-05
237.0,0.6556994902053215,0.007027720080879154,0.003436835980774891,0.002640696480496862,8.584329631120642e-05,8.435039812225046e-05,8.404754509726681e-05
238.0,0.6560327442861131,0.007030961560173164,0.003432847079582506,0.002633368528012674,8.560423851288565e-05,8.413446599350636e-05,8.385547695368624e-05
239.0,0.6557271543709741,0.007090930805139036,0.003428744512896257,0.002626159466352669,8.541809339514946e-05,8.38841311729272e-05,8.364352513365366e-05
240.0,0.6566465839143587,0.007084827129176955,0.003426167938647258,0.002619208016665392,8.521053778975265e-05,8.368100486655409e-05,8.343396374153249e-05
241.0,0.657828988955781,0.007130056831268732,0.003423219667471376,0.002612217432278286,8.501193755788605e-05,8.346229026261575e-05,8.321777954925443e-05
242.0,0.6588223114278011,0.007075931777054901,0.003420117299151647,0.002605204180087584,8.478433043693967e-05,8.331553926624877e-05,8.299764350428388e-05
243.0,0.6596401490729296,0.007113573500932572,0.003417584724416689,0.002598135661660056,8.454059577394653e-05,8.312969390606874e-05,8.27970610252544e-05
244.0,0.660795742202068,0.007179421408183823,0.003416153218249768,0.002591165711399509,8.42778807564742e-05,8.29376128569229e-05,8.257877396484857e-05
245.0,0.6615843905393213,0.007203572806657165,0.003414882833244467,0.002584230498153164,8.40759615429884e-05,8.276053326150215e-05,8.234359119487666e-05
246.0,0.6619767106026133,0.007251902161488129,0.003412980357465401,0.002577516833965315,8.386067754009841e-05,8.257254589925613e-05,8.211439099392076e-05
247.0,0.6618865877861874,0.007213066090104761,0.003409787030452422,0.00257102240691304,8.360011069892187e-05,8.240122430447242e-05,8.189089633688199e-05
248.0,0.6623788652938588,0.007331910948782186,0.003408655286088434,0.00256453126269174,8.331558311162078e-05,8.223732813436345e-05,8.168435570295509e-05
249.0,0.6619733200131988,0.007456297982787993,0.003405740297326442,0.002557891464161879,8.308329968310977e-05,8.205017977680584e-05,8.146386390726943e-05
250.0,0.6620411183279246,0.00746170308934093,0.003403633094790936,0.002551149642570423,8.285769905591183e-05,8.18212681430885e-05,8.122383318776667e-05
251.0,0.6615079696199654,0.007501803249604845,0.003399261801320184,0.002544481637709227,8.263490622521317e-05,8.162315983704952e-05,8.096654503087887e-05
252.0,0.661408989461855,0.007512390036677179,0.003394760251672204,0.002537776443781484,8.240009831079998e-05,8.142909116889163e-05,8.071216623115469e-05
253.0,0.6606563436664055,0.007477874492857782,0.00338957628690133,0.002531212731457178,8.214546027297366e-05,8.123074216721022e-05,8.045678327159151e-05
254.0,0.6585263446875859,0.007443672843430301,0.003382487266406908,0.002524504743533987,8.186280949282695e-05,8.099799969908454e-05,8.019577958919554e-05
255.0,0.6569706521367095,0.007522166659340883,0.003376649494782946,0.002517755345103318,8.157228343501211e-05,8.075407070073873e-05,7.995640791021588e-05
256.0,0.6552182886456924,0.00755669825878366,0.003369727723860107,0.002511064552815617,8.127329138962515e-05,8.05213582508664e-05,7.971319149050646e-05
257.0,0.6521581103357288,0.007474187071169943,0.003362446609087351,0.002504285067285851,8.092881130696235e-05,8.030637235214054e-05,7.940703979462945e-05
258.0,0.6488374653869893,0.007618285222034648,0.003356080960758041,0.002497592745616166,8.060342585991554e-05,8.007474325020317e-05,7.910456145533671e-05
259.0,0.6467864189349869,0.007704729215945497,0.003350459217083267,0.002490902262288246,8.026343993980556e-05,7.983053554414148e-05,7.880695020361656e-05
260.0,0.6441722327345073,0.007591527060040109,0.003344301318835652,0.002484314519415134,7.990442100445999e-05,7.958131577744358e-05,7.852158891845159e-05
261.0,0.6422852494452048,0.00764144991243876,0.003340000398452613,0.002477972608153501,7.956713470812284e-05,7.930384681909641e-05,7.825169552015165e-05
262.0,0.6394675792993489,0.00765818626308778,0.003336560038622938,0.002471752109268373,7.925995533912322e-05,7.905121817826843e-05,7.79476516452637e-05
263.0,0.6371854819027224,0.007774050247482502,0.0033360026762495,0.002466005683530762,7.892096882807565e-05,7.876915799232325e-05,7.765452981085454e-05
264.0,0.6351296762251447,0.007774590082000726,0.003335360837501189,0.002460415085160105,7.858692137104929e-05,7.850472879469853e-05,7.73141914093627e-05
265.0,0.6331114909233343,0.007839743912947143,0.003335827763258598,0.002455162991416869,7.825847041319091e-05,7.82115689899425e-05,7.700629992613704e-05
266.0,0.6320050427195819,0.0079731000866595,0.003337483963138855,0.002450394638812337,7.793586271271132e-05,7.78933007431779e-05,7.671039251989274e-05
267.0,0.6297226331562031,0.007824193312997186,0.003338252437991562,0.002445548661133458,7.76147913631098e-05,7.753589083836969e-05,7.639841150180653e-05
268.0,0.62780607378092,0.007892706563388644,0.003341214473105988,0.002440729640496715,7.730258640973896e-05,7.719575270675144e-05,7.610594706442446e-05
269.0,0.6261709319858747,0.007904763456233697,0.003342632734323169,0.002435976798404569,7.69782914198285e-05,7.685489690942475e-05,7.578766939245509e-05
270.0,0.6240846683496141,0.007905613929287895,0.00334271829906075,0.00243161968622469,7.6678834180902e-05,7.650253200867372e-05,7.547184943935372e-05
271.0,0.6219001711057653,0.00796861185046434,0.00334464539466001,0.002427580669490434,7.639651135284713e-05,7.611222879207017e-05,7.517832566692639e-05
272.0,0.6199638733317336,0.008067184270542234,0.003348819683994695,0.00242366991297866,7.613477535376207e-05,7.574754801868644e-05,7.486883590848053e-05
273.0,0.617954651721982,0.008112880746487623,0.00335304178975378,0.002419998584762692,7.587451975234872e-05,7.538047367935422e-05,7.456482668309503e-05
274.0,0.6160546372261206,0.008188150055165721,0.003357511201111941,0.002416677515317932,7.565555233294375e-05,7.502367942792224e-05,7.425318235117371e-05
275.0,0.6145102800601013,0.00819317773843464,0.003362339105122973,0.002413529579720134,7.54435810103421e-05,7.46352723507941e-05,7.391944248384963e-05
276.0,0.6130168862740455,0.008236377339900014,0.003366121005176172,0.00241072695423304,7.52687099666081e-05,7.426630279010038e-05,7.360635731166661e-05
277.0,0.6116564160860873,0.00820910809018353,0.003368515162266198,0.002408104137389165,7.508137006923967e-05,7.388006600601976e-05,7.33410254281805e-05
278.0,0.610290767684389,0.008292078321543026,0.003372017628050611,0.00240563351030853,7.490699450078873e-05,7.348138828249114e-05,7.301491131097372e-05
279.0,0.6087212970776168,0.008276695044977356,0.003375612003196126,0.002403536628690396,7.472897818416729e-05,7.305765060104068e-05,7.272406076375849e-05
280.0,0.6069142710786058,0.00825162196255187,0.003376666627377382,0.002401529479330616,7.458163095872069e-05,7.262717492072213e-05,7.244639029545063e-05
281.0,0.6053133554974602,0.008156586618518622,0.003373878294622356,0.002399366227832893,7.446091138062993e-05,7.221240430062379e-05,7.21366714535e-05
282.0,0.6038365056371452,0.008197292610130403,0.003370892924248592,0.002397316564189853,7.433015565779677e-05,7.182184680487376e-05,7.188728916009024e-05
283.0,0.6018101661525802,0.008157914359406722,0.003364734344197088,0.00239549986497092,7.42098848299016e-05,7.1419891846422e-05,7.162853805929539e-05
284.0,0.601024902523909,0.008017969240305213,0.003356725054357064,0.002393754277565246,7.409257516912085e-05,7.107509229696797e-05,7.140166844973415e-05
285.0,0.599819859752479,0.007985369314928313,0.003347554021277378,0.002391986432585809,7.39926983690719e-05,7.072574153931686e-05,7.119484759765181e-05
286.0,0.5992839965419964,0.00785335687415513,0.003337823498505216,0.002390351968569569,7.390928128639729e-05,7.037786190209752e-05,7.10260745328928e-05
287.0,0.5989125284148427,0.007874453191504203,0.003326981491997063,0.002388890973922634,7.37984842190584e-05,7.002118631241408e-05,7.084303987234735e-05
288.0,0.5987236586320593,0.007769993077055821,0.003313433773292447,0.002387574005177488,7.365831418597363e-05,6.970173383599684e-05,7.069229699679336e-05
289.0,0.5975888533604579,0.007757906162219536,0.00329938178407188,0.002386349421086686,7.351742401191703e-05,6.935465853158742e-05,7.053769167770069e-05
290.0,0.5967256609541906,0.007665761706850958,0.003283798424370675,0.002385090450394019,7.335844990303326e-05,6.901188662175294e-05,7.043268270133739e-05
291.0,0.5952661865563771,0.007604745580337635,0.003266739310549258,0.002384101347596522,7.323523616812878e-05,6.866163685231651e-05,7.031339876045306e-05
292.0,0.5936233682020136,0.007844459132197005,0.00325009443525498,0.002383513943110986,7.308657748404081e-05,6.831818179872705e-05,7.018883599634004e-05
293.0,0.5919458724221512,0.007792028341950127,0.00323346127471183,0.002383035429728478,7.295043753934523e-05,6.800506619124229e-05,7.005189927309945e-05
294.0,0.5901586223757596,0.007657199120157313,0.003217469349616454,0.002382768499219391,7.265756647073499e-05,6.763812296317616e-05,6.992737538926042e-05
295.0,0.588141074741694,0.00771135171528748,0.003203473237090448,0.002382339307465221,7.236966495746174e-05,6.729185248967037e-05,6.979111799056014e-05
296.0,0.5864653142743463,0.007840782448515552,0.003189323318974638,0.002382035862354726,7.213225283981104e-05,6.696620044414293e-05,6.9692651337461e-05
297.0,0.5845078945775667,0.007590194231919627,0.003173624896715453,0.002381611397664014,7.18668906946323e-05,6.662807316021573e-05,6.959099340534693e-05
298.0,0.582310839089579,0.007645566856394679,0.003160962000869853,0.002381538445783678,7.162477888705742e-05,6.628485869411412e-05,6.944287315867917e-05
299.0,0.5798531322701319,0.007415433623974231,0.003147904055368146,0.002381539762598366,7.135541555356206e-05,6.592756740328906e-05,6.929433469286707e-05
300.0,0.5779170245535461,0.007996246027701345,0.003138676209748654,0.002381442642676254,7.103423988059806e-05,6.561956134461343e-05,6.91839410665395e-05
301.0,0.5763395138030467,0.008173168340207242,0.003128989662813352,0.002381350497375243,7.069607869880057e-05,6.529384993264157e-05,6.904536650609862e-05
302.0,0.5737978190917032,0.00783911838723938,0.003115064005352326,0.002381160335592981,7.042422031457195e-05,6.497003524383751e-05,6.891122773319621e-05
303.0,0.5708822776657145,0.00758157111814018,0.003102226306083746,0.002381048677981157,7.009435497662027e-05,6.461195393424225e-05,6.875052582211551e-05
304.0,0.5680380899772766,0.007529208847545811,0.003091264602810432,0.002381068622478217,6.968913743827534e-05,6.432623082621263e-05,6.854696186176175e-05
305.0,0.5651843943875549,0.007337169760686101,0.003079602868434118,0.002381437896593448,6.936878355313744e-05,6.39644327569944e-05,6.841519099160312e-05
306.0,0.5620290452678497,0.007550796294438666,0.003071303790950838,0.002382343085280745,6.906117460542397e-05,6.368484926030834e-05,6.820553049483598e-05
307.0,0.5583457500746124,0.006921063855967284,0.003058798889416924,0.002383252489770543,6.873959185188535e-05,6.332381708327417e-05,6.806420980551254e-05
308.0,0.5553796009401102,0.007362219323503223,0.003051124367242256,0.002384146598046022,6.835080682117425e-05,6.299018164848769e-05,6.783951785898734e-05
309.0,0.5533059811175288,0.007238937103563189,0.003041066142245551,0.002385115394959382,6.798222838098432e-05,6.266701585523813e-05,6.770945736395458e-05
310.0,0.5510902370313333,0.00708146872498572,0.003030791564936556,0.002386359241649011,6.759167670713551e-05,6.236917803984442e-05,6.753882592734427e-05
311.0,0.547751166663028,0.007035093067962265,0.003022170435708748,0.002387905149373885,6.728626319621811e-05,6.207100679886518e-05,6.736489455491184e-05
312.0,0.5449106220780304,0.006859763293036877,0.003011993881948422,0.002389479868401715,6.690382799632697e-05,6.180550978143052e-05,6.72053243047069e-05
313.0,0.5423321968722551,0.00720518403295727,0.003006131132005726,0.002391153999870101,6.654018885199296e-05,6.154694911083562e-05,6.70647462139853e-05
314.0,0.5399081558982824,0.00713340912265869,0.002998138487844806,0.002392898260728419,6.612658056296254e-05,6.127015370063845e-05,6.688695063628866e-05
315.0,0.5369878130047648,0.006931088923215477,0.002990072997043089,0.002395241878781265,6.580475793521647e-05,6.105263916120948e-05,6.67544578278199e-05
316.0,0.5346097258540212,0.006832152662992135,0.002982513857088075,0.002397982283514761,6.545121993824643e-05,6.081513999298221e-05,6.657751682532189e-05
317.0,0.532384813814954,0.006791697650297411,0.002977644800679389,0.002400746373061155,6.506860932454759e-05,6.062986396414092e-05,6.640790843481463e-05
318.0,0.5298017266055886,0.00679788343217988,0.002974149210822821,0.002403732707289222,6.463841245821588e-05,6.041272683367292e-05,6.620014822579582e-05
319.0,0.5271733343812027,0.006806105504773052,0.002969087188270298,0.0024071531540195,6.425394933061567e-05,6.024790720694345e-05,6.598500550810053e-05
320.0,0.5262449467532785,0.006748202225779425,0.002965419563025854,0.002410574976386359,6.389430261370721e-05,6.008873430744781e-05,6.574104797736239e-05
321.0,0.5250687404454742,0.006761014376181815,0.002962006753187608,0.002413826595243464,6.347494437181878e-05,5.993223607804678e-05,6.548922087835742e-05
322.0,0.5224422700224768,0.006940753629904883,0.00296103563854645,0.002417480078033183,6.305590543154308e-05,5.976734928082122e-05,6.51944196895875e-05
323.0,0.519615066861453,0.007004629558379538,0.002961359377553785,0.002421496414945208,6.261402466283984e-05,5.957347109707341e-05,6.485042740396898e-05
324.0,0.5174341811354086,0.0071591528106003,0.002961644661205314,0.002425842561766331,6.220555316957669e-05,5.940917234512047e-05,6.459037842577865e-05
325.0,0.5150373813961074,0.007143799272170432,0.002962632150104367,0.002429839210972453,6.180233752795975e-05,5.924553239435672e-05,6.431811992631027e-05
326.0,0.5127684057515629,0.007115088369871049,0.002962995323979053,0.002433411300741183,6.136975319576491e-05,5.906898415340775e-05,6.402600196139101e-05
327.0,0.5112298624533,0.007161657848915612,0.00296425180499884,0.002436116891718872,6.095582900538139e-05,5.893021279061734e-05,6.36433109159771e-05
328.0,0.5082703183179903,0.007068367733223158,0.002963153383707332,0.002438898735263249,6.056139764224855e-05,5.880341244928036e-05,6.330436972182428e-05
329.0,0.5049385088036291,0.007047662393275888,0.002962987780801018,0.00244152484066974,6.014348549993369e-05,5.866964056700349e-05,6.290319189891404e-05
330.0,0.5020177672887277,0.007013760663038072,0.002960708726431437,0.002444530377582166,5.972817803183471e-05,5.854779966375263e-05,6.254959672907165e-05
331.0,0.4992101880540424,0.007012331533091266,0.00295594856286859,0.002447115510108342,5.934795340917129e-05,5.842451720965451e-05,6.212588033755765e-05
332.0,0.4971980427125867,0.006995548056853679,0.002950484099536308,0.002448940622111098,5.891737698334996e-05,5.831468020911178e-05,6.180123380895938e-05
333.0,0.4951787327101234,0.006962366539022025,0.002947218819369982,0.002450546937568984,5.854530954906289e-05,5.822272634510126e-05,6.141212661960464e-05
334.0,0.4944925234959318,0.007007646644205032,0.002944761824055187,0.00245187002495375,5.820244283542974e-05,5.809807491367026e-05,6.106055972148909e-05
335.0,0.4932527837825007,0.006960394870559636,0.002943152123504017,0.002453063770371449,5.782940966785697e-05,5.792901464165635e-05,6.066261956723558e-05
336.0,0.491267442742092,0.006936166401086905,0.002939138546338289,0.002453682891932543,5.752336956450655e-05,5.772629517110765e-05,6.0239536526263e-05
337.0,0.4887748640395841,0.006912223727843941,0.002937338891054775,0.002454102624876749,5.719472173064519e-05,5.755379139694227e-05,5.984342105261998e-05
338.0,0.4858596538073743,0.006889880384705689,0.002934224879954224,0.002454297569937762,5.68487727043719e-05,5.737533531551032e-05,5.946405077400176e-05
339.0,0.4837339537271833,0.006887888530164078,0.002927876611666316,0.002454750856558898,5.652321562717775e-05,5.720537332334124e-05,5.90743079068626e-05
340.0,0.4815535087228692,0.006942073677614511,0.002922297359087197,0.002454597730060875,5.618145453922001e-05,5.69809603968288e-05,5.870165406808277e-05
341.0,0.4795327362260521,0.006910053936615572,0.002917500543793974,0.00245408026829841,5.588834903581978e-05,5.669653295480644e-05,5.823322996546949e-05
342.0,0.4774813303672862,0.006861233150141872,0.002910765604354582,0.002453162780810683,5.559872999592539e-05,5.646812605829993e-05,5.77826923522482e-05
343.0,0.4740784122773429,0.006823360919553615,0.002900984994962848,0.002452074336627593,5.531582713231212e-05,5.619360920394485e-05,5.730640169787507e-05
344.0,0.4714042079539257,0.006715425830499407,0.002890695851362675,0.002450475351561755,5.50599079742526e-05,5.589475865761189e-05,5.690316484804555e-05
345.0,0.469184217354649,0.006633203228289893,0.002878201286649261,0.0024484221471819,5.475869071592822e-05,5.558317975843292e-05,5.647565019195512e-05
346.0,0.4668216223735929,0.006543864128626216,0.002864425321175347,0.002445564130719527,5.444015867748102e-05,5.530014974717603e-05,5.608996155106857e-05
347.0,0.4653556089658947,0.006453436444238395,0.00284837498259913,0.002441784023173957,5.415354654704363e-05,5.499143869639814e-05,5.572479418718796e-05
348.0,0.4632880254153242,0.006332641661528924,0.002831970036228638,0.002437732006669648,5.386186128410249e-05,5.466688041872311e-05,5.537050882896608e-05
349.0,0.4662762747352611,0.008766783507586452,0.002815250500856984,0.00243316331070821,5.35296611101519e-05,5.433493502688534e-05,5.502810691228026e-05
350.0,0.4676028509271065,27.62885235813433,0.006134012496384862,0.002428568455386387,5.546129167950739e-05,5.769494299577709e-05,5.650831540400097e-05
351.0,0.455534717322558,0.3576839925670166,0.006377846111733023,0.002423650753515268,5.537385558416426e-05,5.631172844965955e-05,5.690073906671304e-05
352.0,0.4606840706672349,0.6119086417569085,0.006718202932919989,0.002418865306497717,5.370535254362196e-05,5.471486167216657e-05,5.519809811599487e-05
353.0,0.449923961425955,0.3837457100836374,0.004207380611521741,0.002413176079903562,5.262390216814676e-05,5.416918346604229e-05,5.427246101072107e-05
354.0,0.4613581870680591,0.1831097119986107,0.003457318085616218,0.002408089131833276,5.223811845179124e-05,5.334297169583762e-05,5.378332276652728e-05
355.0,0.4468413208889401,0.08869537518670467,0.00312505561506825,0.002401685024896567,5.183183145228041e-05,5.31788252523724e-05,5.353138928492926e-05
356.0,0.4524873806342087,0.04743577793117468,0.002972688898994469,0.002395049990173353,5.141742097948207e-05,5.259164036521768e-05,5.310205294805242e-05
357.0,0.4406305506411187,0.03314749806234609,0.002885302969621373,0.002387223289715913,5.110763973518992e-05,5.252618958529662e-05,5.290713657114898e-05
358.0,0.4443650161739712,0.02933375986560794,0.002878914369872328,0.002379175725544056,5.072592787229992e-05,5.201411467496618e-05,5.24646294478642e-05
359.0,0.4421999200888203,0.02048661570160405,0.002833549796244949,0.002370710766413814,5.036037353565121e-05,5.169795474122661e-05,5.209505188599765e-05
360.0,0.4324383020069936,0.01485595457568182,0.002781154742887891,0.00236152568590611,5.014754097763072e-05,5.183018956240789e-05,5.213146576114069e-05
361.0,0.437462204131562,0.01194041750531011,0.002743657743475449,0.002352549449924448,4.981033226844811e-05,5.138721362764698e-05,5.168315303531435e-05
362.0,0.4356090420978809,0.01017360248048236,0.002714638890896384,0.002343712752863897,4.952491749813246e-05,5.11009528046996e-05,5.137529184187947e-05
363.0,0.4333550234156719,0.008940816935353542,0.002691924945801762,0.002334792144013361,4.929751296852939e-05,5.098595287298677e-05,5.116236480842778e-05
364.0,0.4319871172785982,0.008117361928722516,0.002674782801018076,0.002325318539375639,4.901442887307504e-05,5.082255220764958e-05,5.094651136607006e-05
365.0,0.43064987098618,0.007394872995882363,0.002662531326616181,0.002315739061793242,4.875373841977335e-05,5.064163958747847e-05,5.071665444436664e-05
366.0,0.4294912030366363,0.007050316861525041,0.002651868067066098,0.002305969317060391,4.845033204440831e-05,5.050211037522592e-05,5.054145685717822e-05
367.0,0.428065757607168,0.006851447296043898,0.002643284940126308,0.002295787903056619,4.817311502782156e-05,5.034518043037964e-05,5.030809945039365e-05
368.0,0.4277195293688395,0.006698618056676626,0.002635418229703884,0.002285788511350167,4.787815784385239e-05,5.025082272949602e-05,5.009826283979216e-05
369.0,0.4271866185665918,0.00669856136799763,0.002627928847256594,0.002275819918115957,4.759853814465046e-05,5.006256388433438e-05,4.9827911182884e-05
370.0,0.4269883557282917,0.006676616191756798,0.002620170639497658,0.002265482875471787,4.731259355231699e-05,4.987476854081719e-05,4.95791461070245e-05
371.0,0.42738856046789,0.0066351841568215,0.002609404786327165,0.002255167653145675,4.702026578963715e-05,4.965640348495504e-05,4.931466459101945e-05
372.0,0.4274571141121439,0.00675278872405996,0.002599740845108438,0.002244620594678821,4.673859380364918e-05,4.931602750283025e-05,4.903706572790008e-05
373.0,0.4272255424783399,0.006708630970700563,0.002589189291750798,0.002234330972293153,4.64783644041635e-05,4.910361846645675e-05,4.879606608173815e-05
374.0,0.4272280077266444,0.006663449899868742,0.002577089691543411,0.002224214763119272,4.620212847216878e-05,4.882637238587218e-05,4.855156119518287e-05
375.0,0.4278885788324457,0.006666601266701505,0.002563665580499525,0.002214236328760698,4.595110813717913e-05,4.853492781301047e-05,4.830848737301664e-05
376.0,0.4269800163857483,0.006718792506031852,0.002549741742357955,0.002204682382161646,4.570175353738484e-05,4.825766543742521e-05,4.805359945804343e-05
377.0,0.4256070239640712,0.006553773690264521,0.002535949644390255,0.002195256762668331,4.547800690096003e-05,4.801314860209779e-05,4.784341653111443e-05
378.0,0.4243715542271734,0.006579305082705027,0.002524260818170004,0.002186253296986554,4.525844912904809e-05,4.779221565448896e-05,4.762507106704255e-05
379.0,0.4231826704913502,0.006387351858482665,0.002512734452803348,0.002177490541169406,4.505193951849118e-05,4.759752973204457e-05,4.739150558813801e-05
380.0,0.4225377212214255,0.006282537996287461,0.002505216786478565,0.002168920135080352,4.486882684633769e-05,4.741665340351429e-05,4.718361833460614e-05
381.0,0.4220646279788786,0.006242921633142358,0.002501547247744231,0.002160343042426243,4.471637283925062e-05,4.724975930242327e-05,4.698597240522702e-05
382.0,0.4214435545155598,0.006104525602385145,0.002499747676744569,0.002151858136601057,4.459480084471463e-05,4.711739562682278e-05,4.680785939711464e-05
383.0,0.4200438366629467,0.006033176317731065,0.002502407292968262,0.002143697370665735,4.448612954177987e-05,4.695219951067483e-05,4.662495411627289e-05
384.0,0.4182852590806894,0.006069106634874421,0.002508750920584415,0.00213574686519789,4.437961395293872e-05,4.677241390480337e-05,4.646543875824757e-05
385.0,0.4166153996833764,0.006105061146801273,0.002514346073153264,0.002128146365770297,4.425329301935526e-05,4.658172240969986e-05,4.629747527808003e-05
386.0,0.414767976467396,0.006017763359018927,0.002518641331471398,0.002120836928318841,4.415453341419155e-05,4.643526524259584e-05,4.613041996512385e-05
387.0,0.4138565197640238,0.006093533526661105,0.002522658853915757,0.002113716804852237,4.407770624648313e-05,4.625543511021572e-05,4.594467982864988e-05
388.0,0.4126474420895069,0.006005926794676366,0.002524961496501887,0.002107160978672407,4.398690572668816e-05,4.609666454722001e-05,4.573222884000602e-05
389.0,0.4119517066832972,0.005995646394549466,0.002530600165171711,0.002100920608442242,4.390990616537565e-05,4.593353368299094e-05,4.553691621382268e-05
390.0,0.4121264770654747,0.005994756085901319,0.002537364502771501,0.002095107357320191,4.379704525026228e-05,4.580016737360269e-05,4.531949441102747e-05
391.0,0.4113617385234781,0.006121312209788067,0.002546069546804974,0.00208968148842667,4.371821359149258e-05,4.568523090942633e-05,4.513728899673077e-05
392.0,0.4116626224739729,0.006286327206854888,0.002557134289429696,0.002084529760012773,4.360455181643425e-05,4.558170763546913e-05,4.498679768390867e-05
393.0,0.4114372302365327,0.006311334628008391,0.002566267484849796,0.00207971548435289,4.351052355759668e-05,4.548085364324207e-05,4.481971933134491e-05
394.0,0.4118717639165888,0.006521936155011984,0.002577516441643868,0.002075046118565013,4.341510839727908e-05,4.539437157533551e-05,4.470471633921819e-05
395.0,0.4117775912749941,0.006522156095813427,0.002583762162065967,0.002070637159539914,4.335591792992584e-05,4.535684343766183e-05,4.461695264438319e-05
396.0,0.412608877417433,0.00647021226724114,0.002589936242248536,0.002066448767385734,4.327105745413992e-05,4.526659278859635e-05,4.451141950984873e-05
397.0,0.4141309404242688,0.006580786702916089,0.002596205270985226,0.002062646825492845,4.321992769236753e-05,4.516856646641159e-05,4.439460449798529e-05
398.0,0.4153037996033094,0.006654276320759709,0.00260217499661861,0.002059323668530804,4.314835069423934e-05,4.509233233910289e-05,4.435237101819576e-05
399.0,0.4165012966668665,0.00674605523112431,0.002605960388325099,0.002056238079578725,4.307926333588565e-05,4.498956039836411e-05,4.427287342307257e-05
400.0,0.4161927236074641,0.006766709222869916,0.002606504991556278,0.002053375841562423,4.299208863805504e-05,4.48993949954958e-05,4.421760850317585e-05
401.0,0.4163847078369299,0.006763001837664121,0.002606989757650276,0.002051023670351621,4.292749511702152e-05,4.477574427181885e-05,4.416568841842136e-05
402.0,0.4172637492422342,0.006746386996762985,0.002606737615063414,0.002048937601343418,4.284139048955871e-05,4.467096591502252e-05,4.411668842677558e-05
403.0,0.4176489035449046,0.006765134399890563,0.002607643832875587,0.002046988061422151,4.274669320558889e-05,4.455230286751604e-05,4.403233546394238e-05
404.0,0.4171598498872242,0.006770967912435298,0.002609234479713843,0.00204536559446725,4.269154131850029e-05,4.444603129354337e-05,4.396653347662306e-05
405.0,0.4168538048817639,0.006773092185860812,0.002612158292488431,0.002044166789443092,4.26389677085367e-05,4.432833052092078e-05,4.38727390049476e-05
406.0,0.4161780153912138,0.006676446361258189,0.002613814995281041,0.002043367721494747,4.257664180376026e-05,4.421690033398021e-05,4.38176633363453e-05
407.0,0.4156017350845328,0.006596954041089875,0.002614042887045551,0.002042859705637955,4.253907266660158e-05,4.408402496394648e-05,4.374316100471649e-05
408.0,0.4149992799960581,0.006458916549271616,0.002611462169393211,0.002042702845162509,4.25106097949675e-05,4.393338200801439e-05,4.368641495614442e-05
409.0,0.4142152404015053,0.006475213094518882,0.002610801200913854,0.002042729682801815,4.250204116804014e-05,4.37994617818496e-05,4.364579357042461e-05
410.0,0.4143649270970429,0.006322618574917255,0.002608926658825851,0.002043011554392155,4.247651213466921e-05,4.367996804380864e-05,4.362457559232407e-05
411.0,0.4138720287225695,0.006185545849825442,0.00260474795105834,0.002043661137131745,4.244737277781826e-05,4.355539114785763e-05,4.356684178866085e-05
412.0,0.4135663978236775,0.006041227984121135,0.002598056681815997,0.002044423910905444,4.241784578604764e-05,4.342787243275339e-05,4.353016293934814e-05
413.0,0.4136266069265126,0.005938015987872794,0.002595709197297592,0.002045453988218379,4.241776477344086e-05,4.330382661727299e-05,4.347974029025264e-05
414.0,0.4131390189125699,0.005898161444493811,0.002597360017093842,0.002046573361924907,4.24188854874138e-05,4.319852977891863e-05,4.342983061992844e-05
415.0,0.4125674796827533,0.005934291885858913,0.002599181970122986,0.002047548572568803,4.240625413667556e-05,4.310972633415178e-05,4.337750128158842e-05
416.0,0.4118034852900884,0.005938902857119485,0.002602430887858142,0.0020485787106149,4.235217960005143e-05,4.30315679928283e-05,4.334455775143093e-05
417.0,0.4111169414070932,0.005894638358015679,0.002604535511468864,0.00204989597276259,4.230998262753708e-05,4.297352320638096e-05,4.33119576704309e-05
418.0,0.4103064943019264,0.005869109138029818,0.002606074053436376,0.002051269976323035,4.225881069378569e-05,4.289850836115728e-05,4.326149954512739e-05
419.0,0.4093949175258314,0.005919078374991292,0.002608278511076608,0.002052575867991404,4.219365975893117e-05,4.281368388170296e-05,4.319079184201093e-05
420.0,0.4089897196189812,0.00598114456128208,0.002610316878867906,0.002053905863545244,4.210786947805878e-05,4.273111133027946e-05,4.311862250948592e-05
421.0,0.4091712077281933,0.00601402070892182,0.002608828740207299,0.0020552001730733,4.20189047980599e-05,4.266783301220252e-05,4.302493841276997e-05
422.0,0.4093446386997617,0.006094302806611066,0.002605495048380924,0.002056440962999808,4.193869611117553e-05,4.261079155484693e-05,4.293668225507748e-05
423.0,0.4090213273482534,0.006143143643112031,0.00259821327530344,0.002057482039661943,4.183363810816091e-05,4.255270391965637e-05,4.283383415928278e-05
424.0,0.4087222638267722,0.006122229169956788,0.002587832226416393,0.002058205676984577,4.171882716216786e-05,4.245448754465106e-05,4.274079985987481e-05
425.0,0.4085937945452419,0.006244672016869538,0.002573619304101049,0.002058741072282913,4.161230339244121e-05,4.234664812412674e-05,4.26171766711177e-05
426.0,0.407986735113458,0.00630100724171492,0.002558916136207121,0.002059378064736724,4.146639856614463e-05,4.223907956964796e-05,4.249604269454027e-05
427.0,0.4073916371302116,0.006210545131646218,0.002539273074080686,0.002059901848476165,4.130738867539718e-05,4.213968513710611e-05,4.237804233468117e-05
428.0,0.4069587517276135,0.006318782822349282,0.002518310248175018,0.002060348240907325,4.114504973460467e-05,4.202062326329083e-05,4.222752061049242e-05
429.0,0.4072883092716615,0.006428153694087243,0.002497102604643928,0.002060638229501641,4.101115458715566e-05,4.191241470685151e-05,4.205561247123457e-05
430.0,0.407642437029485,0.006198682968923345,0.002467372316847999,0.00206075008207859,4.086695048656782e-05,4.178322937037673e-05,4.189766748871828e-05
431.0,0.4079736482082262,0.006084624743705282,0.002437516659239307,0.002060671756331676,4.073645815387105e-05,4.168745921645417e-05,4.172255897129895e-05
432.0,0.4077452321699119,0.00604337888913033,0.002405780769310071,0.002060524588283414,4.061506120439728e-05,4.15678144008488e-05,4.155200044268031e-05
433.0,0.4074133784021132,0.005907281784601823,0.00237529316788072,0.002060655871724123,4.04855429398328e-05,4.14365431958592e-05,4.136913137520444e-05
434.0,0.4071388469648544,0.005816542105411552,0.00234491261425067,0.002060746576377778,4.033920659850767e-05,4.130841957671425e-05,4.119253301729119e-05
435.0,0.4069863905814267,0.005600664982866304,0.002313285188456188,0.002060721122914668,4.020669697504039e-05,4.118995698900011e-05,4.101090741781477e-05
436.0,0.4064116365637399,0.005444227995283846,0.002282207021193963,0.002060645832299984,4.008227818996291e-05,4.108042187372283e-05,4.084318232689322e-05
437.0,0.4058356084518624,0.005383637450051771,0.002252106578043059,0.002060831083566353,3.995970329342509e-05,4.099803304930765e-05,4.068000601672551e-05
438.0,0.4057072508063478,0.005221559201115291,0.002221909415302861,0.002060901779890259,3.985730682680887e-05,4.089840552804175e-05,4.053442335855151e-05
439.0,0.404993515476302,0.005101464472645924,0.002194905502454757,0.002061023573837911,3.975911469085565e-05,4.080893747596044e-05,4.041113811710006e-05
440.0,0.4042015250419867,0.004955106575357905,0.002170444521842883,0.002061098967788388,3.965144934253502e-05,4.072553562237903e-05,4.029729620316493e-05
441.0,0.4032393524763443,0.004800724691621193,0.002149601913531763,0.002060945449636209,3.954639441407782e-05,4.063210072862419e-05,4.018764599190833e-05
442.0,0.4019645294961592,0.004679988188311886,0.002133320773956172,0.002060828698821683,3.944660109202599e-05,4.056532058376604e-05,4.008792934989862e-05
443.0,0.4004150049937615,0.004550097701426167,0.002118129826797929,0.002060338203665534,3.934176449201338e-05,4.04843833711257e-05,3.999724927170163e-05
444.0,0.3990895177020597,0.004418708218520445,0.002102531929139216,0.00205964939381429,3.922658701212074e-05,4.042616821475535e-05,3.99160793285707e-05
445.0,0.3978073470079216,0.004312100132460124,0.002088985431784849,0.002058912564737969,3.912877146683727e-05,4.036032537098148e-05,3.983037785385908e-05
446.0,0.3960102225407708,0.004219834334123296,0.002078178843291791,0.00205789862727488,3.904323747093898e-05,4.03009598016282e-05,3.974309760366463e-05
447.0,0.3946264247042196,0.004174444875484097,0.002070441229852899,0.002056677824908374,3.893323490619165e-05,4.024789065602348e-05,3.966226676673465e-05
448.0,0.3934703205320516,0.00412883475339937,0.002064962726325731,0.002055451018469272,3.882981717517701e-05,4.020850405775127e-05,3.95966142953099e-05
449.0,0.3918759066697332,0.00407659391213921,0.002059619504646512,0.002053638527452995,3.874671224784736e-05,4.018298300175966e-05,3.953998192772495e-05
450.0,0.3906398274110999,0.004022683108552244,0.002056947923272394,0.002051728305632703,3.866732187213212e-05,4.016139836834233e-05,3.94946839105101e-05
451.0,0.3896054255502178,0.004026464311342584,0.002055285679221269,0.002049691500700135,3.858851680492588e-05,4.014931112907747e-05,3.946244005502853e-05
452.0,0.3886392001854299,0.004002968766896394,0.002053488032087592,0.00204711361775214,3.851688250128873e-05,4.012414147563084e-05,3.942920147955664e-05
453.0,0.3876315658063146,0.004027425244545009,0.00205419846245394,0.002044668683553973,3.846391019926185e-05,4.011170482317476e-05,3.938541454870456e-05
454.0,0.387125827380307,0.004045577840134974,0.002056661804025646,0.002042199449185676,3.842044705846622e-05,4.009215872190129e-05,3.935123270841718e-05
455.0,0.3857795036169778,0.004077193792158265,0.002057577672795261,0.002039376215272304,3.837975752509412e-05,4.007734228721768e-05,3.931524757002885e-05
456.0,0.3843488715540806,0.004087378727494106,0.002058399195450664,0.002036487803486593,3.834249392078077e-05,4.00628037654616e-05,3.927567093029296e-05
457.0,0.3831194294183648,0.004116506469857014,0.002060222326263588,0.002033378761972265,3.830739746804742e-05,4.007580326998027e-05,3.924794536490261e-05
458.0,0.3823731968295517,0.004095675061614745,0.002060130492858463,0.002030211210265109,3.828856609334544e-05,4.006224950074188e-05,3.921318446600706e-05
459.0,0.3816605865148789,0.004129853211597408,0.002059607945694017,0.002026963904867258,3.828793624641915e-05,4.004898262913064e-05,3.917807973162197e-05
460.0,0.3811783030154477,0.004141074972334219,0.002057961487497549,0.002023689692704134,3.827407811604415e-05,4.005044638150532e-05,3.915655349029146e-05
461.0,0.3807821655949817,0.004313843221955454,0.002057535115739478,0.002020451743021214,3.829136689067008e-05,4.003557216084058e-05,3.91326643289879e-05
462.0,0.3806159481655021,0.004319269349408497,0.002052449280454675,0.002017153896323376,3.83056820232134e-05,4.002477842356403e-05,3.911899317211822e-05
463.0,0.3796845369956226,0.004334489783446393,0.002045160881986145,0.002013759610175985,3.82992342690328e-05,3.998552022172736e-05,3.911426190381944e-05
464.0,0.3791286174957004,0.004231122604261127,0.002035888372838661,0.002010378305951551,3.832718894805809e-05,3.994316624401996e-05,3.908509299962059e-05
465.0,0.3790507194705631,0.004185489501336392,0.002025746335584087,0.002006821986503213,3.834953859194404e-05,3.990345022158634e-05,3.905843562252189e-05
466.0,0.3793201031141408,0.004220451267113354,0.002017088538202709,0.002003332484528085,3.837159099535647e-05,3.987883661836913e-05,3.904897869921134e-05
467.0,0.3796268359887329,0.00437737128069911,0.002007970203180226,0.001999697740530898,3.838887048541705e-05,3.983781197931295e-05,3.904132704159805e-05
468.0,0.3802771906598231,0.004255172278700191,0.001992154290389818,0.001996114718335345,3.843056443033101e-05,3.97944396336038e-05,3.9030722973965e-05
469.0,0.3807826235206664,0.004164034691131673,0.00197565547602714,0.001992354802467268,3.848894393205553e-05,3.973365404102644e-05,3.900365352719638e-05
470.0,0.3813451996556631,0.004235792800743269,0.001962744677430049,0.001988509371334462,3.852268572595918e-05,3.9682713829003e-05,3.898225774455535e-05
471.0,0.3818198015876361,0.004242195619109188,0.001945772620038613,0.001984868309530453,3.852184177093031e-05,3.962471432058411e-05,3.893624698899063e-05
472.0,0.3820433887514814,0.004155497764195356,0.001925879242766503,0.001981247080249124,3.853518609468394e-05,3.956412698879654e-05,3.886493753631288e-05
473.0,0.3821486084597262,0.004095069563551256,0.001906823469029748,0.001977506269278551,3.854569842803725e-05,3.950513868145154e-05,3.881005023944707e-05
474.0,0.3825600403492886,0.004025069990322379,0.001886424587812947,0.001973721487054783,3.854517206153119e-05,3.942327175199649e-05,3.874456424188642e-05
475.0,0.3834181855878744,0.003937188982601058,0.001864538720976462,0.001970064599611,3.854883213513199e-05,3.933902548352214e-05,3.865150464742078e-05
476.0,0.3830598501093787,0.003849349758588067,0.001844305630358757,0.00196626587480842,3.854327224450258e-05,3.925432844055064e-05,3.854091484913766e-05
477.0,0.3823748073312843,0.003716996655323377,0.001823183176490466,0.001962354172477013,3.85358931353489e-05,3.916219017831867e-05,3.844444813780067e-05
478.0,0.3811728098733258,0.003621018488092947,0.0018041571745534,0.00195823243389271,3.851260628391816e-05,3.907859172238621e-05,3.833788825276326e-05
479.0,0.3804945739253066,0.003581010137806223,0.001788698921596917,0.001953828279010922,3.849702504821159e-05,3.899267708928596e-05,3.822702008624859e-05
480.0,0.3800266113390447,0.00356750841375591,0.00177547955502718,0.001949345852132505,3.846832222907059e-05,3.891573575714248e-05,3.812652539993786e-05
481.0,0.3797209116306222,0.003576498882432037,0.001766776196332661,0.001944951567485871,3.844143093781374e-05,3.88450206377567e-05,3.801450344602486e-05
482.0,0.3794449697921173,0.003536277068524081,0.001757956206758354,0.001940001314939907,3.84312587824471e-05,3.879903341436742e-05,3.792475412845589e-05
483.0,0.3798534080944975,0.003448476791774022,0.001751293262300618,0.001935099798700787,3.841785337470158e-05,3.876066348707917e-05,3.782593200748507e-05
484.0,0.3807311704027662,0.003442531302981711,0.001748317470040242,0.00193021051255221,3.842907473280468e-05,3.873341824488341e-05,3.774818100194845e-05
485.0,0.3812581413782417,0.003407136662079264,0.001745004572882665,0.001925468261878378,3.842382749350078e-05,3.870633121331237e-05,3.769192689867982e-05
486.0,0.3818590636904018,0.003401633003802344,0.001744253362578776,0.001920390316676988,3.843879504898644e-05,3.868647117961346e-05,3.763148093545636e-05
487.0,0.3825457642585095,0.003341085259347431,0.001743823237718655,0.001915124049829043,3.842624974082312e-05,3.867564441708667e-05,3.758119739548173e-05
488.0,0.3828614033099022,0.00331386369175954,0.001744787633400765,0.001909855579138496,3.842641111094307e-05,3.866396257439913e-05,3.752260995659111e-05
489.0,0.3831588413923836,0.003284155871841881,0.00174692085230988,0.001904553432614601,3.84398859981457e-05,3.86543988426301e-05,3.747487477661986e-05
490.0,0.3834137035091982,0.003324458724479184,0.001750697726880149,0.001899328628304336,3.844422812662243e-05,3.866074564009686e-05,3.744565844597409e-05
491.0,0.3837439410350976,0.003325606902288697,0.001754371883645741,0.001894029011182134,3.844634366388494e-05,3.866274778056926e-05,3.743510675310669e-05
492.0,0.3841692544198632,0.003331313554011249,0.001759791215067005,0.001888650457719975,3.843396629026219e-05,3.866586023323591e-05,3.744300305761405e-05
493.0,0.3843944251123341,0.003312647455017419,0.001766863092530713,0.001883175834323703,3.84098516716999e-05,3.867288618530635e-05,3.745814849261079e-05
494.0,0.3850834453240976,0.003330413060396185,0.001775582578581028,0.001877739591154802,3.838902534268202e-05,3.868297700397903e-05,3.748731065000303e-05
495.0,0.3859455772875933,0.003317249072774336,0.001784111837968381,0.001872504725854368,3.837595190251819e-05,3.868599969109205e-05,3.751527109392332e-05
496.0,0.3865923114572652,0.003377888106612556,0.001795337188539456,0.001867133433423665,3.836191196828945e-05,3.869044343229254e-05,3.756930225398239e-05
497.0,0.3873879597386022,0.003388116223763277,0.001806860041599808,0.001861768823287429,3.83341724256353e-05,3.869243700855179e-05,3.762883763686892e-05
498.0,0.3882700580716167,0.003436657929921775,0.001818367430731602,0.001856548965714478,3.830871117680982e-05,3.869616336767801e-05,3.769569414451698e-05
499.0,0.3886288988975933,0.003493591915411347,0.0018305083438044,0.001851389292150031,3.82916318644926e-05,3.870766060660575e-05,3.775878941072264e-05
500.0,0.3891578992846896,0.003481217458156835,0.001843972935603525,0.001846312500248114,3.827528625783824e-05,3.871400003093648e-05,3.781730694855043e-05
501.0,0.3895122742127993,0.003536457420014583,0.001858482847541344,0.001841399937988165,3.826228635492858e-05,3.871630495157185e-05,3.788065890104994e-05
502.0,0.3897117420372299,0.003562421816819177,0.001873279314797886,0.001836700667913191,3.825431413879322e-05,3.871749849039358e-05,3.794711880860933e-05
503.0,0.3899710181545681,0.003619155887205603,0.001887720394566994,0.001831884403432171,3.825298178829615e-05,3.871427277402217e-05,3.801883235607588e-05
504.0,0.3900666853682667,0.003640927272180129,0.001902377827745849,0.001827210353157662,3.824163190967733e-05,3.869664369795455e-05,3.809594803901731e-05
505.0,0.3906024934718863,0.003689974464499157,0.001918276206517694,0.001822350670775701,3.824576815848074e-05,3.868763536130265e-05,3.817392642034708e-05
506.0,0.391129660088186,0.003714570338093798,0.001932646624860237,0.001817524422017269,3.826729455317882e-05,3.868434001955445e-05,3.823878465844166e-05
507.0,0.3917095760447314,0.003741253212173201,0.001948477437593455,0.001812955242404131,3.830415186204875e-05,3.868068642515526e-05,3.828461868570583e-05
508.0,0.3922569157868727,0.003802196909133949,0.00196348639761026,0.00180851463038896,3.834297156056728e-05,3.866578254644636e-05,3.832548778475137e-05
509.0,0.3927337691072897,0.003805719936537491,0.001978718135276776,0.001803990108587871,3.837535652663722e-05,3.866474827592918e-05,3.83744096158233e-05
510.0,0.393624820480024,0.003840620340095123,0.001994128534112876,0.001799561257400085,3.842304788164067e-05,3.865942200278512e-05,3.842423746739574e-05
511.0,0.3943610117555765,0.003925105954464629,0.002009992079051327,0.001795173415405221,3.848566083379838e-05,3.865051785990462e-05,3.84637043080879e-05
512.0,0.3947981175465607,0.0039235061935207,0.002024530057629477,0.001790921275060403,3.85473371326807e-05,3.864796853065833e-05,3.848672990918673e-05
513.0,0.3954913964622152,0.003986438308019921,0.002039513987243493,0.001786780018125301,3.861248807427197e-05,3.863484679545477e-05,3.849872102142246e-05
514.0,0.3966510194522317,0.004052879288401615,0.002055894170680655,0.001782743194057883,3.866853501099901e-05,3.862200742811348e-05,3.851153648297929e-05
515.0,0.397384962074887,0.004044198850706577,0.00207128383235201,0.001778818145579518,3.872134877773474e-05,3.861487972873367e-05,3.851588637381718e-05
516.0,0.3980531405083651,0.004104555467021299,0.002087405253437889,0.001775058061205792,3.87603663268148e-05,3.860118403345015e-05,3.85217008981267e-05
517.0,0.3985562401074044,0.004146140916462007,0.002103800338171791,0.001771268280933449,3.879786646517604e-05,3.858639031622871e-05,3.853210432843033e-05
518.0,0.3994655711548841,0.00411113435109418,0.0021182950515413,0.001767773348934358,3.88382631062222e-05,3.859038855419211e-05,3.853492092390017e-05
519.0,0.4007504266902998,0.004216568706332662,0.002133989823773763,0.001764509574766179,3.888359439529993e-05,3.857084913435607e-05,3.855051693302252e-05
520.0,0.4014287546402402,0.004190243196218127,0.002148418101762325,0.001761586210191829,3.889999742689953e-05,3.855115626721109e-05,3.855512479519702e-05
521.0,0.4017648691367299,0.004184100162182702,0.002163336445977911,0.001758819206228573,3.891185023803353e-05,3.85156363690448e-05,3.856359143643784e-05
522.0,0.4020942667485741,0.004225471648488115,0.002177787308007511,0.001756200970340857,3.891254711421169e-05,3.848577303025603e-05,3.858543207813758e-05
523.0,0.4024279701018775,0.00427298124720657,0.002191194528676673,0.001753869918817682,3.889251149260652e-05,3.844544445037302e-05,3.857906542103856e-05
524.0,0.4021291782104621,0.004309300522635514,0.002202410678859129,0.001751852076302926,3.887604845294169e-05,3.840065327316932e-05,3.857492506971388e-05
525.0,0.4021150568033526,0.004439438958830956,0.00221325570558922,0.001749934329502858,3.885473821071509e-05,3.8359148482444e-05,3.856507519090935e-05
526.0,0.4020394445646318,0.004516950562247106,0.002221392918921373,0.0017481423900105,3.88019624528178e-05,3.831653167484129e-05,3.85484012847377e-05
527.0,0.4019506175534249,0.004534061494765994,0.002228266574022096,0.001746692707555295,3.872905621846213e-05,3.827924640667102e-05,3.852154782717983e-05
528.0,0.4016022393357664,0.004464391985408499,0.002230783997710445,0.001745305840989485,3.864805516111281e-05,3.82301338732797e-05,3.851089425177687e-05
529.0,0.4008266569770103,0.004505372162898371,0.002230874528160692,0.001744147755920889,3.857188814079018e-05,3.818095206808761e-05,3.847097643056671e-05
530.0,0.3999805505205101,0.00451019897829111,0.002227370334288159,0.001743112942704501,3.850697152156841e-05,3.813620719308137e-05,3.841959238412187e-05
531.0,0.3989938734141117,0.004533404367046441,0.002222236517687025,0.00174245482009262,3.841543629738204e-05,3.809785015392372e-05,3.833117541461116e-05
532.0,0.3982496591357537,0.004629159139840186,0.00221521332106967,0.001741892187175986,3.832743724313439e-05,3.806306783633084e-05,3.824392726377961e-05
533.0,0.3979170366639267,0.004620874681544178,0.002206751516444648,0.001741461159623081,3.823459475155066e-05,3.80278817035806e-05,3.81476446741577e-05
534.0,0.3976405660199404,0.004532211363723975,0.002195267845336999,0.001741295988882495,3.815294432000227e-05,3.801509173694417e-05,3.803720542149053e-05
535.0,0.3971564286702755,0.004618994498825257,0.002181491037484138,0.001741465352422479,3.806975029788927e-05,3.800723440462512e-05,3.790017134752545e-05
536.0,0.3967725583997672,0.004612414033844416,0.002164817443657767,0.001741653516482398,3.800156994826274e-05,3.800022526616744e-05,3.775744293314872e-05
537.0,0.3966880418577971,0.004478156658865962,0.002146511282826426,0.001742070089554095,3.791827789025943e-05,3.799484846779621e-05,3.761847808517941e-05
538.0,0.396315424789451,0.004449279158752917,0.002126034965784596,0.001742571450486419,3.786161870330216e-05,3.800078102437018e-05,3.748816547796351e-05
539.0,0.3955130473421212,0.004396110903615249,0.002105804831108513,0.001743293444093124,3.778155520124957e-05,3.799907263442792e-05,3.734425854218305e-05
540.0,0.3944510031777249,0.00431032299099813,0.002082547917878901,0.001744158471210332,3.77112765543399e-05,3.800227481383209e-05,3.720887499777003e-05
541.0,0.3936802070172072,0.00421311219922766,0.00206113797188464,0.001745312439934628,3.763432177500317e-05,3.800746565358262e-05,3.706128369951844e-05
542.0,0.3930362793001718,0.004236619279868925,0.002042732070019846,0.001746589563212515,3.755378471565484e-05,3.801639415948159e-05,3.691572769076071e-05
543.0,0.3926279073029839,0.004306960520606842,0.0020263745784487,0.001747977045260174,3.74947939186668e-05,3.80242871328806e-05,3.676510182242239e-05
544.0,0.3924463815415838,0.00413705675527003,0.002011327935949997,0.001749560678003249,3.744726135371816e-05,3.803097364691516e-05,3.662354743459368e-05
545.0,0.3922808192140073,0.004148309844974415,0.00200087015227299,0.00175120962300668,3.739564033313566e-05,3.804032107629678e-05,3.649610633938387e-05
546.0,0.3920266199626098,0.004022267762038049,0.001989579819827348,0.001752884371653415,3.736396234605183e-05,3.803127932646429e-05,3.637900434772178e-05
547.0,0.3919591250779084,0.004012408332541461,0.001981349213652367,0.001754754073724232,3.732883458898534e-05,3.801865609362825e-05,3.627785061951628e-05
548.0,0.3919687116607162,0.003984937941162382,0.001978116490735036,0.00175671157632057,3.729466954712469e-05,3.801315266027685e-05,3.618379894996712e-05
549.0,0.3920890532956699,0.00404374486560382,0.001974921104309264,0.001758806634438803,3.72624656711705e-05,3.801441533083428e-05,3.609886433919969e-05
550.0,0.392003378170603,0.00399317225119633,0.001972062310097649,0.001760962349031308,3.723401299486322e-05,3.801844541750157e-05,3.603415742462553e-05
551.0,0.3925586224131732,0.003943158449879282,0.001970989440749081,0.001763110840210262,3.723219169081269e-05,3.802393124876799e-05,3.598084265633902e-05
552.0,0.3926988196348087,0.004069949179374133,0.001975248868070862,0.001765471646365829,3.724136344645965e-05,3.802257285293871e-05,3.596989920005713e-05
553.0,0.3927793525935686,0.003911540734704293,0.00197811647376083,0.001767776194241497,3.724284055538629e-05,3.801359910083394e-05,3.59736367900081e-05
554.0,0.3929772407431302,0.003877694792466511,0.001982751085078336,0.001770144121462164,3.723870513840352e-05,3.801262094990701e-05,3.601017631376447e-05
555.0,0.3933915116926424,0.003851695168139655,0.001990306157889308,0.001772679855554267,3.725138729700172e-05,3.802893513916054e-05,3.607228785950142e-05
556.0,0.3935134731967215,0.003891634533775072,0.002000805805796328,0.00177534949793286,3.727527144648417e-05,3.803088413139066e-05,3.616068807626884e-05
557.0,0.3934216729154285,0.003937017772384424,0.002009934903987386,0.001777880270113939,3.731017262939957e-05,3.804798034123629e-05,3.626230819763092e-05
558.0,0.3931956998353194,0.003900047407749089,0.002021218846258855,0.00178038263991986,3.735718612040053e-05,3.80752836427e-05,3.636610070895049e-05
559.0,0.3932419645984666,0.003917467773162018,0.002032847462009986,0.001782971497925329,3.73900848698812e-05,3.810292649756774e-05,3.651143807896579e-05
560.0,0.3931737065553307,0.003917499126464814,0.002045198423591305,0.001785478218807781,3.743482497065565e-05,3.814239008565039e-05,3.666493596720272e-05
561.0,0.3929418148632928,0.00396037827204784,0.002056427226634759,0.00178763673176772,3.748418935051581e-05,3.817163325505413e-05,3.682738159709207e-05
562.0,0.3928500128830271,0.00403325675487859,0.002070202481421196,0.00178992617887904,3.753417388655036e-05,3.821435293534001e-05,3.69914222690518e-05
563.0,0.3930820481150474,0.003999554095843035,0.002083961588489311,0.001792437165246338,3.760317241356757e-05,3.825110526874592e-05,3.714622349607423e-05
564.0,0.3931915373351384,0.004164782189136334,0.002098310030283945,0.001794908771376364,3.768762272486933e-05,3.828080682198296e-05,3.731821030498276e-05
565.0,0.3933920966603369,0.004115455522979674,0.002111309561980715,0.001797206784237328,3.776517316623145e-05,3.83087562397625e-05,3.749859708747442e-05
566.0,0.3937416322341392,0.004161646107167012,0.002122238519829084,0.001799175513627755,3.785101503292516e-05,3.833839860421433e-05,3.768331611078354e-05
567.0,0.3938962099295716,0.004164781731871002,0.002131749224803989,0.001801092102801353,3.79277956889558e-05,3.835728110707071e-05,3.786606296155444e-05
568.0,0.3941819930557286,0.00424881861193993,0.00214050706848904,0.0018028106527068,3.80096548059177e-05,3.836458711159726e-05,3.803492157900473e-05
569.0,0.3944456759571404,0.004318540672626622,0.002150016606241717,0.001804584958125346,3.809528780537286e-05,3.838901535537221e-05,3.821063234093396e-05
570.0,0.3946967790002717,0.00442943722275423,0.002160848613118882,0.001806168979938409,3.816019544508182e-05,3.841026519840219e-05,3.83683958803563e-05
571.0,0.3956169364673436,0.004404053177186652,0.002166181794964946,0.001807447295792295,3.822201442284995e-05,3.841664096114387e-05,3.851005228007059e-05
572.0,0.396398757758868,0.004452765207994475,0.002171868091139246,0.001808686802020879,3.826637115231789e-05,3.840824090482239e-05,3.863825211923189e-05
573.0,0.3968445353486796,0.004492328257425193,0.002177036401009417,0.00180986909624767,3.830428784645367e-05,3.841872280727858e-05,3.873623669081441e-05
574.0,0.3969927671496817,0.004515097969736258,0.002182041080897892,0.001810717939033341,3.835439599820408e-05,3.84067105784377e-05,3.88279270207812e-05
575.0,0.3969033044552741,0.004593803176953917,0.002184665604152338,0.00181161455423812,3.837818622740847e-05,3.837666900686338e-05,3.890602216078425e-05
576.0,0.3972774072325427,0.004661294303652105,0.002187103813332412,0.001812388287846417,3.838799744564228e-05,3.834775357473129e-05,3.897308339201722e-05
577.0,0.3974913535412558,0.004691355701035107,0.002188431137859805,0.001813012001983399,3.839628894991481e-05,3.832390594731968e-05,3.901765954424872e-05
578.0,0.3976325557819981,0.004742662346939058,0.002189912238050929,0.001813390582162976,3.840554998760941e-05,3.829689531199114e-05,3.903669841978192e-05
579.0,0.3980111960562732,0.004707299626065454,0.002190908694862746,0.001813805070434283,3.84176171292407e-05,3.82847271673581e-05,3.903205810227978e-05
580.0,0.3986398432568667,0.004681806536034011,0.002192090552847576,0.001814224425871069,3.843089876160981e-05,3.826602908461077e-05,3.902681322371132e-05
581.0,0.3990190613877201,0.004693355605708316,0.002191842106293964,0.001814560930806982,3.841823987940925e-05,3.824887342261288e-05,3.899480412859655e-05
582.0,0.3989585446601169,0.004658178688675677,0.002191481946158247,0.001814635116361116,3.843595946664847e-05,3.82355486112339e-05,3.896523333131812e-05
583.0,0.3986048127123904,0.004629776086654627,0.002190293968585179,0.001814648254377832,3.843684998239559e-05,3.823488260809649e-05,3.891591805505418e-05
584.0,0.3981651251423315,0.004586977575838801,0.002188771799892626,0.001814670987129616,3.842825289886828e-05,3.822982217755035e-05,3.886672318080438e-05
585.0,0.3981538986371276,0.004569731235824258,0.002186810936757234,0.00181455326823851,3.842945721766729e-05,3.822976299002487e-05,3.881455021472356e-05
586.0,0.3981697158311371,0.004471128218872164,0.002182595569751089,0.001814208653701994,3.843475017016694e-05,3.823151310494692e-05,3.87632440063581e-05
587.0,0.3979907013243295,0.004480516475037392,0.002179107662766784,0.001813743520510817,3.845933136405093e-05,3.824248713678837e-05,3.869658040459484e-05
588.0,0.3981756323628187,0.004394954843528458,0.002172499766143566,0.001813371068845103,3.848511964935065e-05,3.82552099838655e-05,3.862164732116422e-05
589.0,0.3983010893878564,0.004326002799794908,0.002164651435549643,0.001812996191306294,3.851329264548749e-05,3.827280537611175e-05,3.85490701850486e-05
590.0,0.3989786679775271,0.004293381213246887,0.002158428696202112,0.001812834179440177,3.856896945353653e-05,3.828659333295023e-05,3.848109769273925e-05
591.0,0.3996728809382047,0.004277609051040002,0.002150865328934017,0.001812459840254211,3.861178485140428e-05,3.832730270256986e-05,3.838761861168567e-05
592.0,0.4003390050971214,0.004219749097732216,0.002142068641946753,0.001811874623596966,3.865194970675915e-05,3.836746935538474e-05,3.830603682891316e-05
593.0,0.4007639751865775,0.004147777280902126,0.002133411654573006,0.001811363341939365,3.869676107875026e-05,3.841242174373427e-05,3.819182667432013e-05
594.0,0.4012374405221643,0.004105011267791183,0.002124818252505442,0.001810913880575374,3.874401909182376e-05,3.846536773651082e-05,3.806313975015931e-05
595.0,0.4013633568986746,0.004069347232096237,0.002117151135517943,0.001810137261113591,3.87745475245199e-05,3.851166873335481e-05,3.793350657665045e-05
596.0,0.4016751079900146,0.004009685311920095,0.002109475286990878,0.001809379915794962,3.88272510545255e-05,3.855422163638205e-05,3.78045876727003e-05
597.0,0.4019281312291934,0.004022745002042149,0.002101229026760016,0.001808441670741839,3.887614774378929e-05,3.858341264772942e-05,3.772095431557021e-05
598.0,0.4024012944172594,0.003970783787124782,0.002093237820218201,0.001807376860104326,3.892758928566047e-05,3.864550125165836e-05,3.759679054968834e-05
599.0,0.4029202564344045,0.003938742236172207,0.002085360235907276,0.001806164406361151,3.89816209311254e-05,3.871692801765803e-05,3.74769245491334e-05
600.0,0.4030076803318637,0.003895852523221084,0.002078567001943787,0.001804911458505807,3.903330182722112e-05,3.879239302341776e-05,3.738173175956441e-05
601.0,0.403019759458554,0.003883687254654945,0.002071647391760723,0.001803629144826098,3.908322015919871e-05,3.886644562041589e-05,3.730698530612651e-05
602.0,0.4032814369399809,0.003835197128832812,0.00206456013686015,0.001802199222869852,3.9124010715764e-05,3.894987167136365e-05,3.723907266492876e-05
603.0,0.4035891925477247,0.003806758785666735,0.002058518974237253,0.001800804017578429,3.91692018657625e-05,3.903248545331227e-05,3.718461319564786e-05
604.0,0.4042351267384621,0.003778942608366559,0.002051513920179567,0.001799250514749578,3.922653001216437e-05,3.912209468601951e-05,3.715515877679596e-05
605.0,0.4050300422819688,0.003759860524596191,0.002046064595705363,0.001797614397926009,3.926956541390008e-05,3.920920835164363e-05,3.714775717102763e-05
606.0,0.405350325091306,0.003759371775165713,0.002041302702243572,0.001795888159102625,3.932647209936985e-05,3.931382881856346e-05,3.716356424353345e-05
607.0,0.4057539485808578,0.003721853350505351,0.002036500002523501,0.001794042685376297,3.937215640055943e-05,3.943187443674378e-05,3.718944364443233e-05
608.0,0.4067999633613824,0.003707726722322838,0.002030795780086512,0.001792096321051974,3.940545704452903e-05,3.955659383906938e-05,3.723623150754815e-05
609.0,0.4080714843938362,0.003679092984059442,0.002024570297500887,0.001789990804622797,3.944864178925763e-05,3.967220439001047e-05,3.72826958810369e-05
610.0,0.4093329855156185,0.00365393919407088,0.002018479643662268,0.001787676518132726,3.948379949547438e-05,3.97770975559258e-05,3.736923624636251e-05
611.0,0.4099937345030281,0.003629300079175015,0.002013156132979352,0.001785078956012451,3.952597686793883e-05,3.988782116632831e-05,3.747127486631882e-05
612.0,0.4106532627207992,0.003634912748866738,0.002007470586923498,0.001782247721687702,3.956585647520099e-05,4.000293818191299e-05,3.756852902176554e-05
613.0,0.4113676906800787,0.003612638488154166,0.002000977048810943,0.001779387775417921,3.959574726981081e-05,4.009701101900434e-05,3.772536806336208e-05
614.0,0.411764389855488,0.003619805748426359,0.001994600697943532,0.001776437160396154,3.962711842318011e-05,4.01908910873625e-05,3.786535476611658e-05
615.0,0.4127710440385578,0.003580319314240583,0.001988891416739532,0.001773243735502132,3.964975649814723e-05,4.027532633746922e-05,3.803950610711327e-05
616.0,0.4135061644554697,0.003581922637893873,0.001983353386685988,0.00176999881689346,3.966867484277327e-05,4.034860309375286e-05,3.819265087442378e-05
617.0,0.4142535092758234,0.003567769464438884,0.001977425001443234,0.001766646292300036,3.967022349465294e-05,4.042234889618083e-05,3.837420933425075e-05
618.0,0.4144637896377392,0.003557801948888236,0.00197148395960975,0.001763013719081177,3.966349806936869e-05,4.047307600004179e-05,3.855293475517039e-05
619.0,0.4154207734327975,0.003548860997027472,0.001966516665024825,0.001759293583526701,3.965351334098162e-05,4.053951551748653e-05,3.875076786622975e-05
620.0,0.4160980204138569,0.003511298684631128,0.001958883140517401,0.00175563888355027,3.961970695156774e-05,4.057198046649855e-05,3.893326181492177e-05
621.0,0.4170454929770326,0.003512682089084033,0.001951467655607838,0.001751890979983757,3.959518916386696e-05,4.061282480187228e-05,3.912669661602711e-05
622.0,0.4172386515576829,0.003518915633951726,0.001944358798956693,0.001747961157801415,3.95686120672792e-05,4.065783257611061e-05,3.929796649792388e-05
623.0,0.4179109354045106,0.003549045312130048,0.001939444578874705,0.001744070363925466,3.953559103410643e-05,4.067762639658674e-05,3.948178485171041e-05
624.0,0.4185252143908723,0.003540484466697232,0.001934730284528123,0.00174001368958394,3.950508852389059e-05,4.069366133791114e-05,3.966514504794516e-05
625.0,0.4186292917088864,0.003542718889242689,0.001929975021294017,0.001735862278644186,3.948443254497465e-05,4.071455666782e-05,3.982178534825448e-05
626.0,0.419232950139354,0.003567223828302787,0.001927088390931762,0.001731679405344018,3.94640847340258e-05,4.071523769929214e-05,3.996563670754024e-05
627.0,0.4196834044621193,0.003626645686285259,0.001927279394250301,0.001727386668303913,3.944537392625554e-05,4.069407784254116e-05,4.010582066507058e-05
628.0,0.4198382458767658,0.003687593732099249,0.001925679527128368,0.001723122296363505,3.941986749738656e-05,4.064773526264476e-05,4.026048140510604e-05
629.0,0.4197897089780612,0.003784881542773891,0.001927219626419386,0.00171886211134088,3.94177412223973e-05,4.060325585409741e-05,4.038107004220173e-05
630.0,0.4204035777918835,0.003770369321798932,0.001925719460605074,0.001714688709857118,3.939443999271304e-05,4.053682904037149e-05,4.045581460892477e-05
631.0,0.42092968570908,0.003770402586634607,0.001923199563800525,0.001710498250009554,3.939102381787109e-05,4.048084721762077e-05,4.052448624534431e-05
632.0,0.4209788432715023,0.00389979144994956,0.001925820189526557,0.001706268172993505,3.939155257728982e-05,4.042470786318883e-05,4.058794701091856e-05
633.0,0.4206253637184726,0.004032407266258352,0.001928584364530545,0.001701987601750812,3.938349381061769e-05,4.033612766634467e-05,4.061795357978575e-05
634.0,0.4204918276959424,0.003970459049755841,0.001926486987531256,0.0016977034612478,3.935094535715787e-05,4.024109216194887e-05,4.064427346976235e-05
635.0,0.4207265624625754,0.004033070262185369,0.001928292424233465,0.001693468536927185,3.933260162581927e-05,4.015043007990672e-05,4.062356542449266e-05
636.0,0.4204849380313259,0.004061677982234241,0.001929558352902043,0.001689275663449293,3.932923836090398e-05,4.007416939489557e-05,4.057540180602058e-05
637.0,0.4205099105900602,0.004094477641056918,0.001928864646095097,0.001685172157860722,3.932224895601271e-05,3.999766550025856e-05,4.053243795596169e-05
638.0,0.4202871673497566,0.004013574145192411,0.001926673148995888,0.001681104935992758,3.931309621965065e-05,3.992370397543879e-05,4.047420393121001e-05
639.0,0.4199969895682498,0.003986954798677801,0.001923657310224365,0.00167723247214754,3.929002545549067e-05,3.983200194394105e-05,4.040018596408244e-05
640.0,0.4198112385677329,0.003956299703335464,0.001921953262087003,0.0016735357928739,3.929530085358987e-05,3.97508298871354e-05,4.029412587151626e-05
641.0,0.4194868008125924,0.00397634654079191,0.00192013331941687,0.00166996340607529,3.927167953089316e-05,3.968766391945074e-05,4.019983795775611e-05
642.0,0.4187782856994408,0.004102351898183067,0.001921124826063881,0.001666422741947121,3.924672362267618e-05,3.962525878765353e-05,4.006983994959793e-05
643.0,0.4179936378831551,0.00405100292633971,0.001919648818322578,0.001662986412486817,3.921255252292465e-05,3.955668053599947e-05,3.994634186171353e-05
644.0,0.4170114385109551,0.004066801481112346,0.001918517559163882,0.001659585627607936,3.916411808939746e-05,3.949060544723275e-05,3.981319448486369e-05
645.0,0.4164677895542437,0.00407630028190674,0.001917090742807007,0.001656124850316709,3.912565733299585e-05,3.943784827538032e-05,3.968268886873889e-05
646.0,0.4160406345632841,0.00405284219328777,0.001914297257204699,0.001652678254528421,3.910091273831132e-05,3.937897684364282e-05,3.955439251490716e-05
647.0,0.4160313246263304,0.004015234323986686,0.001912042703698789,0.001649337601713529,3.9068955199005e-05,3.933843568236114e-05,3.94255020003703e-05
648.0,0.4156455948403406,0.003946395135458272,0.001910557450635626,0.001646096944101604,3.903559535982131e-05,3.930752294476707e-05,3.927724071829675e-05
649.0,0.4153058570170993,0.00394537405937016,0.001907560300099202,0.001642889289727859,3.901124554206748e-05,3.928668948816442e-05,3.912406801744448e-05
650.0,0.4149096630185547,0.00385878854772133,0.001902163782325665,0.001639707138349064,3.899621293613661e-05,3.926843293663763e-05,3.899396822026157e-05
651.0,0.4141648744623327,0.003790760360296097,0.001897965431137722,0.001636551713905961,3.89857049941107e-05,3.925361949355238e-05,3.885766619973226e-05
652.0,0.4135571408038634,0.003747511230002315,0.00189511611385236,0.001633413802240063,3.897702091129301e-05,3.923419094495976e-05,3.873340993216422e-05
653.0,0.4131330296343431,0.003706222008471798,0.001892472660015761,0.001630260259194147,3.896353291549578e-05,3.921735568314356e-05,3.859092191279398e-05
654.0,0.4128653435204696,0.003679309914226049,0.001890464631706998,0.001627173375049869,3.894757878689975e-05,3.920426560203585e-05,3.845518707851481e-05
655.0,0.4122161226082938,0.00366022018681312,0.001888495304524715,0.001624064104899931,3.895002347917248e-05,3.918602801260318e-05,3.830057000541805e-05
656.0,0.411429010507238,0.003671822876592202,0.001888699430537559,0.001620931673631654,3.893707508863198e-05,3.916412250891511e-05,3.815989128981027e-05
657.0,0.4109973165066569,0.003701413675252595,0.001888681623261974,0.001617733337152643,3.892116180181028e-05,3.913020291609447e-05,3.801462969078943e-05
658.0,0.4101853403015234,0.003726512581758476,0.001888296316530125,0.001614576736710202,3.889243627325235e-05,3.911680190278577e-05,3.787585193634296e-05
659.0,0.4094629655459015,0.0037228187950284,0.001887965596357459,0.001611509781378304,3.886060109062122e-05,3.909961694846847e-05,3.771744034106657e-05
660.0,0.4087849691962319,0.003726608964862799,0.001886117360511866,0.001608405884862343,3.881433175131448e-05,3.905814185282222e-05,3.756247920177526e-05
661.0,0.4080478659269142,0.003715691887583016,0.001884867267373903,0.001605315843419163,3.876939542674314e-05,3.901511608414428e-05,3.74056804943899e-05
662.0,0.4072125288614418,0.003732418932748334,0.001885396390352166,0.001602092379593129,3.870131565903882e-05,3.893778589502329e-05,3.726934947056091e-05
663.0,0.4061188947406391,0.003722687858961563,0.001885801255116238,0.001598899269395753,3.864539773359856e-05,3.887887824523877e-05,3.713378036815455e-05
664.0,0.4048355083066155,0.003723698459834719,0.001888002173975934,0.001595753352492514,3.859192674176483e-05,3.881046979445611e-05,3.702924787533371e-05
665.0,0.4039711506347523,0.003750615628461941,0.001890944865062712,0.001592596709263145,3.853304029464589e-05,3.874975772427575e-05,3.692480690911335e-05
666.0,0.4031777338552264,0.003822701776749838,0.001897671223406611,0.001589456184197734,3.846320330040435e-05,3.869497264946979e-05,3.685460871647491e-05
667.0,0.4022251740281294,0.003805686780865493,0.001900813701898141,0.001586260094895332,3.838545544481851e-05,3.862197957794667e-05,3.678676248371042e-05
668.0,0.4012342038466043,0.003810879791954013,0.001905568823517334,0.001583078363247664,3.831839974248846e-05,3.854887918703552e-05,3.67300963047942e-05
669.0,0.4006404523743115,0.003800020560784337,0.001911846678602478,0.001579975513040025,3.826105356625549e-05,3.847240567120519e-05,3.668715212795696e-05
670.0,0.4002933440590568,0.003799261418016289,0.001916683346017889,0.001576918131818864,3.821793211346091e-05,3.8393151672554e-05,3.663973127715779e-05
671.0,0.3999207836825289,0.003822805020097148,0.00192239971096627,0.001573861447035695,3.817028146332539e-05,3.832668105892606e-05,3.660020990718305e-05
672.0,0.3996610817264649,0.00383373738909561,0.001926253403193854,0.001570801271533228,3.813165591437902e-05,3.82550306784252e-05,3.657104521547127e-05
673.0,0.3998000774400531,0.00384850884489636,0.001930529684624918,0.001567709525107894,3.807566660601568e-05,3.818541890615855e-05,3.654423932701774e-05
674.0,0.3994313051180139,0.003849248951922926,0.001933176680306354,0.001564686380939205,3.804473782619485e-05,3.811571900969957e-05,3.652762313771748e-05
675.0,0.3987457317807717,0.003847445311819562,0.001935186944300882,0.001561751851605251,3.800805452474411e-05,3.80402908674e-05,3.650561614123275e-05
676.0,0.3982983658891501,0.003848667646915381,0.001938215742447809,0.001558865130194091,3.799682432191108e-05,3.796000238207215e-05,3.649960168920795e-05
677.0,0.398047557685995,0.003839486071820898,0.001940014119788724,0.001556034171661621,3.796988125234358e-05,3.788223521073214e-05,3.648914843635011e-05
678.0,0.3975239612430106,0.003830547343172504,0.001941168222113373,0.001553246930202959,3.793823310882168e-05,3.780178499939837e-05,3.647233483756979e-05
679.0,0.396966713212525,0.003840744920632667,0.001941453374507327,0.00155048967628733,3.788614693488496e-05,3.771604055392199e-05,3.648020889418623e-05
680.0,0.3961723627261001,0.003860563287630158,0.001939604383309805,0.001547758181699418,3.78486192839191e-05,3.760729453630447e-05,3.65045383999839e-05
681.0,0.395218416503916,0.003841262825097061,0.001938921584495518,0.001545046150726815,3.780697068693591e-05,3.751293230832134e-05,3.651695878031854e-05
682.0,0.3940538575944373,0.00384140712507408,0.001937789827204453,0.001542439683864248,3.775274278303864e-05,3.741780349879914e-05,3.652255608616548e-05
683.0,0.3927994576262951,0.003846776373621819,0.001936457410573288,0.001539876444534658,3.771820442225843e-05,3.734114298128914e-05,3.654660572335116e-05
684.0,0.3916814419498105,0.003814441975798307,0.001934723995948005,0.001537379760176236,3.767111782198844e-05,3.723525189767492e-05,3.6560400624276e-05
685.0,0.390522649436658,0.003802774347896252,0.001931307929531558,0.001534994903691468,3.760899736192681e-05,3.714107567345372e-05,3.658616581894846e-05
686.0,0.3893318404604011,0.003802506473618201,0.001926125245205254,0.001532667774385907,3.752158591832728e-05,3.706784544236916e-05,3.657910531143592e-05
687.0,0.3884430585346147,0.003828080037037697,0.001922052306792561,0.001530454987372702,3.743884820466687e-05,3.700376358494019e-05,3.659683995848298e-05
688.0,0.3876384489768739,0.003828900825463066,0.001915836467268862,0.001528338145225147,3.734296968380455e-05,3.693283343314632e-05,3.660221708097613e-05
689.0,0.3869166616688198,0.00383072799898488,0.001908990882601198,0.001526271127283878,3.724093426470555e-05,3.686593904960532e-05,3.660708419884427e-05
690.0,0.3860664197167704,0.003861653664232454,0.001901887404174398,0.001524308678634632,3.713709427408748e-05,3.682686314957851e-05,3.660674021941291e-05
691.0,0.3850427855375914,0.003854900169963775,0.001893729178391456,0.001522284043524538,3.700906030579554e-05,3.677463407277383e-05,3.658530638395903e-05
692.0,0.3847415373815475,0.003826979510369965,0.001885116404265039,0.001520264998602484,3.688255969505207e-05,3.672853943437882e-05,3.65494074374198e-05
693.0,0.3842320971746382,0.003841849514220511,0.001874501026088804,0.001518280439764421,3.674225097138568e-05,3.667928162221058e-05,3.650998529961157e-05
694.0,0.3834778687325139,0.003839709174792416,0.001863149276250106,0.001516407989499375,3.659229342822837e-05,3.663134173724822e-05,3.645882759833173e-05
695.0,0.3821605600012621,0.004001983774672149,0.00185631401650179,0.001514561715397566,3.642897209952002e-05,3.657731532659056e-05,3.640102836824736e-05
696.0,0.3809392232588306,0.004061968126190147,0.001846622152753496,0.001512714447493452,3.624755313654694e-05,3.651629516937204e-05,3.630213588612843e-05
697.0,0.3798191136561309,0.00407283197543752,0.001835185837722144,0.001510903224091663,3.606042248303819e-05,3.642018973355101e-05,3.619522946869014e-05
698.0,0.3785830373227875,0.00411426278077768,0.001824740763489484,0.00150912799157952,3.587030126451623e-05,3.632641341122159e-05,3.608300193772985e-05
699.0,0.376668898648706,0.004141133695684178,0.001813205756945789,0.001507360678483194,3.568209022449716e-05,3.623093336842335e-05,3.595505748926133e-05
700.0,0.3751595597308179,0.004415843883112044,0.001806166102640875,0.001505579918704381,3.549090982678207e-05,3.612015421876378e-05,3.581483007886696e-05
701.0,0.3736696397446322,0.004692537660676777,0.001797781031143693,0.001503892172067582,3.53197068281652e-05,3.598516314807453e-05,3.565497438614549e-05
702.0,0.3722890820192162,0.004961008971294559,0.001787653726419402,0.001502238393789053,3.513240855689778e-05,3.584563595723429e-05,3.549193051713602e-05
703.0,0.3705632117825272,0.004968970025751508,0.001776765373552893,0.001500668365391611,3.497086269533286e-05,3.568555016191428e-05,3.531371963434341e-05
704.0,0.3689970083885476,0.00493937532391107,0.001766680291336565,0.001499104802819591,3.478253716752924e-05,3.551287932954268e-05,3.512894824955052e-05
705.0,0.3675066594530093,0.005467178761320075,0.001761741737387099,0.001497564733171527,3.459956547325544e-05,3.533053569962419e-05,3.49433253627574e-05
706.0,0.3659757622618862,0.005713072811135264,0.001755636739357584,0.001496115249700757,3.442382413653873e-05,3.514015654673704e-05,3.475400241392342e-05
707.0,0.3642442928326957,0.005743013090680824,0.001746334892996788,0.001494665447549968,3.425770259628826e-05,3.494971672265375e-05,3.455035316469466e-05
708.0,0.3625316155834731,0.006259387697896372,0.001741242823428693,0.001493229898529917,3.410171514098102e-05,3.47626900783463e-05,3.435860902228832e-05
709.0,0.3608866701077952,0.0061342342098477,0.001731500870777123,0.001491879157852421,3.393235911551747e-05,3.45718628598142e-05,3.417544703826995e-05
710.0,0.359430453810653,0.005799732542309037,0.001721727237904485,0.001490550123873702,3.376346239372776e-05,3.43830123959459e-05,3.399062398732009e-05
711.0,0.3579312024925259,0.005695579517108258,0.001712279597332794,0.001489310418313457,3.362114304770705e-05,3.419801856913007e-05,3.382644584491203e-05
712.0,0.3567794200780767,0.005903109923050651,0.001704595350576481,0.001488025966365746,3.347838433349504e-05,3.402894307229881e-05,3.367404070144811e-05
713.0,0.3556259369362346,0.006019977070366994,0.001697522294178838,0.00148681087623866,3.33315848820843e-05,3.386721701196153e-05,3.354228215987064e-05
714.0,0.3546506038171716,0.005882416857135768,0.001687372913503221,0.001485696861317349,3.32004537085284e-05,3.370781794326188e-05,3.342826751260187e-05
715.0,0.3535289230976212,0.005952005836215599,0.00168323513029414,0.001484663509291922,3.307229579060465e-05,3.355874772279456e-05,3.331715544552325e-05
716.0,0.3531278507656427,0.005593431011725304,0.001673226151319049,0.00148371516138085,3.295504376214338e-05,3.341702154720757e-05,3.322528251423543e-05
717.0,0.3523313676845208,0.005170164653420685,0.001666041576369505,0.001482883914984153,3.284711815081971e-05,3.32806112485037e-05,3.314096871886903e-05
718.0,0.3507986643356936,0.004871603923623651,0.001659886782223445,0.001482122807422841,3.276385859956471e-05,3.317375769656968e-05,3.307518474157793e-05
719.0,0.3496001223138477,0.004668992441336637,0.00165430347042203,0.001481536923580258,3.268557196817477e-05,3.307504674250803e-05,3.301444449540474e-05
720.0,0.3483329312761948,0.004494058822687528,0.001651165781631506,0.001481094743905067,3.26189213377229e-05,3.298256626762097e-05,3.29713323500808e-05
721.0,0.3468203297117035,0.004424184948654122,0.001646510767673323,0.001480795952908173,3.255622569152477e-05,3.290051061630835e-05,3.292385396311592e-05
722.0,0.3453588533333693,0.004402373816161958,0.001643627815991353,0.001480662929406603,3.250246040212561e-05,3.282447888066685e-05,3.287269814329947e-05
723.0,0.3437937796973976,0.004357294213498644,0.001639060902523872,0.00148067352628373,3.246956421599705e-05,3.275435012748188e-05,3.281139124059733e-05
724.0,0.3427026319252044,0.004301723471737897,0.001632981102945743,0.001480798650651114,3.244763831329138e-05,3.267986594533422e-05,3.274998133034399e-05
725.0,0.3412359152835405,0.004263688614469643,0.001626808001979771,0.001481131391586471,3.242321168739775e-05,3.262060024254603e-05,3.267262269182704e-05
726.0,0.3398881694604446,0.004188850232021022,0.001619173610822686,0.001481603856546603,3.239253774235827e-05,3.256059026419694e-05,3.258199823568062e-05
727.0,0.3387377443793282,0.004125990923564689,0.001612668508567623,0.001482194986873305,3.235560265257842e-05,3.250190773306656e-05,3.250204967930943e-05
728.0,0.3379021404826463,0.004047179763132938,0.001604593958880834,0.001482862766756088,3.233415077923616e-05,3.243041163006903e-05,3.242192161210582e-05
729.0,0.3369544773247162,0.003960543318372117,0.001596319779963418,0.001483732950007647,3.230808034724241e-05,3.235823805730747e-05,3.234417369468913e-05
730.0,0.3360924715647921,0.003948358533578218,0.001590118251489778,0.001484740331160118,3.228815891981887e-05,3.228428891387202e-05,3.225892859869446e-05
731.0,0.3354075494753677,0.003890050603356288,0.001583001797789679,0.001485907046612577,3.226898858707032e-05,3.220842814674356e-05,3.216037173718253e-05
732.0,0.3348182196503709,0.003819491241109681,0.001575716257879218,0.001487166871750879,3.225610566438451e-05,3.211179533844134e-05,3.206967192375586e-05
733.0,0.3340164466918957,0.003790154185631732,0.001568922550545291,0.001488431363715063,3.223151064067882e-05,3.203050098692319e-05,3.198071306575445e-05
734.0,0.3336097329971255,0.003749561528765733,0.001562473894587355,0.001489671267511354,3.222872664521964e-05,3.193843645753243e-05,3.188083242856631e-05
735.0,0.3330348619215306,0.003797344292223033,0.001557338369949514,0.001490940041273721,3.221547846874809e-05,3.183737530107352e-05,3.178498813502466e-05
736.0,0.3323069602549615,0.00379633735857759,0.001551039084998854,0.001492194968346252,3.220722772070563e-05,3.172362487036343e-05,3.168103649542833e-05
737.0,0.3316757493960035,0.003717618549903712,0.001544012675490648,0.001493405723188104,3.218782885045518e-05,3.160153136787206e-05,3.156935613737183e-05
738.0,0.3310614979071925,0.003669652072042825,0.001536819915895282,0.001494611055090799,3.216011299981311e-05,3.147897628606572e-05,3.147180070130117e-05
739.0,0.3302107070875899,0.00366217478054883,0.00152997095141651,0.001495859286060267,3.213442292048168e-05,3.134791552600604e-05,3.137711130867075e-05
740.0,0.329526093090952,0.003720864924941665,0.001524512399813255,0.001497111370584218,3.209738661735168e-05,3.121179906533659e-05,3.127774144307706e-05
741.0,0.3287197544719659,0.003715490060165797,0.001517368064031068,0.001498303587613855,3.206055005162548e-05,3.10648437985454e-05,3.117528396964631e-05
742.0,0.3280868950801459,0.00366263173498814,0.001510132533287357,0.001499432611359139,3.201570686550215e-05,3.091788553124717e-05,3.107191769289277e-05
743.0,0.3273479827224482,0.003655808024541697,0.001502593036294461,0.001500595227637292,3.196410422580672e-05,3.076825110691689e-05,3.0974356943444e-05
744.0,0.3265039664854882,0.003712928041294617,0.001495394042997336,0.001501665586603155,3.190219799140882e-05,3.061760748469647e-05,3.08687264203185e-05
745.0,0.3254030401451881,0.003670155049738994,0.001487349285916371,0.001502668322952685,3.182699052009349e-05,3.046949997958305e-05,3.076863724900131e-05
746.0,0.324267883104604,0.003655909021450597,0.001479229346679037,0.001503566092671374,3.174453225076243e-05,3.030210748310822e-05,3.066598449260837e-05
747.0,0.3233483627177203,0.003598548268817424,0.001471248596549822,0.001504374918110891,3.165072551059972e-05,3.013533275895467e-05,3.057502375957539e-05
748.0,0.3225355046343074,0.0035656731378407,0.001462878533027621,0.001505109057728469,3.152915812727814e-05,2.997248514299143e-05,3.049026845847912e-05
749.0,0.3216085880296327,0.003545558396510591,0.001456170632487651,0.001505655176799764,3.139908721155049e-05,2.981495927622717e-05,3.040101887771738e-05
750.0,0.3207957767956867,0.0035500035725209,0.001448080875591882,0.001506112967106204,3.12568343804794e-05,2.965711119006883e-05,3.030322883563113e-05
751.0,0.3195977980184802,0.003548841132043534,0.001440293427017684,0.001506561845376567,3.109704444603517e-05,2.949942191209189e-05,3.019347199267466e-05
752.0,0.318436362747369,0.003554461196530348,0.001432530710994224,0.001506919614842337,3.091213016699791e-05,2.93593903026391e-05,3.008610565686027e-05
753.0,0.3172160923529635,0.00360376125056726,0.00142557618844335,0.001507172910042972,3.073466662097367e-05,2.921540438658805e-05,2.997504231915102e-05
754.0,0.3158285018494704,0.004028302494129142,0.00144529902949466,0.001507393512446669,3.055247929266738e-05,2.908691048051975e-05,2.986033381733532e-05
755.0,0.3145256403356417,0.003528597149130534,0.001416302679668805,0.001507595676357346,3.03583706730298e-05,2.895882055369641e-05,2.973226979806477e-05
756.0,0.3129495862727029,0.003458591002254345,0.001404034702985128,0.001507776595111627,3.015732520615242e-05,2.884625149555507e-05,2.961344873270309e-05
757.0,0.311501327498328,0.003415491193152694,0.001395594713950549,0.001507840943079107,2.996339571523031e-05,2.874219286935132e-05,2.949472649151496e-05
758.0,0.3100511720916681,0.003408458092482117,0.001388774816660075,0.001507890864248855,2.975891610264635e-05,2.864455630810968e-05,2.937133803337031e-05
759.0,0.3085799867998336,0.003393750816806527,0.001382852199160372,0.001507968873539145,2.955089400030222e-05,2.854988670184724e-05,2.923562583374807e-05
760.0,0.3072246454730073,0.003394454237631217,0.001377915055799063,0.001508104612342488,2.934350304464836e-05,2.846573062862478e-05,2.911371397884184e-05
761.0,0.3060161677948868,0.003403635146102805,0.001372362677483122,0.001508152124233024,2.914562475139036e-05,2.837781976000728e-05,2.896941365896533e-05
762.0,0.3045644973864108,0.003420197009298316,0.001367855564081267,0.001508189464192304,2.894233856283062e-05,2.828445440343411e-05,2.884478697162252e-05
763.0,0.3030609599238789,0.003401111051797509,0.001363407088153154,0.001508229066993383,2.875222829072715e-05,2.819445521222066e-05,2.871181565991852e-05
764.0,0.3015025517077951,0.00339822755174089,0.001359593481678813,0.001508275345320212,2.855855752779582e-05,2.810073361826721e-05,2.85859686441705e-05
765.0,0.2999383146800327,0.003399078937537158,0.001356172710274758,0.001508339584005693,2.835910129983151e-05,2.800401925901874e-05,2.844418328282206e-05
766.0,0.2985154466376094,0.003385327548865425,0.001351943671087647,0.001508373548510489,2.815075472695832e-05,2.790448331192002e-05,2.829775612469784e-05
767.0,0.2969769224367734,0.003374551447604614,0.00134867124744526,0.001508357103884472,2.794970615554022e-05,2.78001954292768e-05,2.814456357382447e-05
768.0,0.295771547396886,0.003373052316877167,0.001345150749397591,0.001508334323011052,2.774925334150901e-05,2.769002239658467e-05,2.800347832416592e-05
769.0,0.2943302836356249,0.003344183491730476,0.001340714299169923,0.001508287449862755,2.75552314289756e-05,2.757511712198723e-05,2.786140492970289e-05
770.0,0.2930453553235611,0.003313273522122674,0.001335704462079856,0.001508241075981096,2.735567601179202e-05,2.745379778487235e-05,2.773429611514342e-05
771.0,0.2917448341346262,0.00329651194053777,0.001331955027480849,0.001508099964131975,2.715368980326679e-05,2.733138133868154e-05,2.76067710417831e-05
772.0,0.2904185871621524,0.003258288873999464,0.00132622184443539,0.00150779287002321,2.69596954673697e-05,2.720590406302846e-05,2.746960499485815e-05
773.0,0.2890146225585155,0.003225860202560562,0.001320473952296537,0.001507380827215261,2.677267824946431e-05,2.707315282444189e-05,2.732375425726882e-05
774.0,0.2877322002750783,0.00318386099267095,0.001313987152333201,0.001506877021226669,2.657070725499673e-05,2.693455796132108e-05,2.717954036470607e-05
775.0,0.2865704378767926,0.003171675579324498,0.001307798844874962,0.001506287050763674,2.63843412811718e-05,2.678566818792159e-05,2.703007739242199e-05
776.0,0.2853289081702901,0.003141626139748543,0.00130110118136286,0.00150559896557088,2.619547146171798e-05,2.662940074632803e-05,2.688290943462519e-05
777.0,0.2841200670795717,0.003112089914490963,0.001294537661009849,0.001504748193468814,2.600830146443913e-05,2.646594906878785e-05,2.673071049690273e-05
778.0,0.2829772572551562,0.003071424310016495,0.001287128490253751,0.001503794554605173,2.583329836610588e-05,2.630702979769927e-05,2.657494515601206e-05
779.0,0.2818993603592638,0.003034250025927972,0.001279198024161438,0.001502725047557152,2.567004258687228e-05,2.614927692055037e-05,2.641771172101305e-05
780.0,0.2807477907609113,0.003045494963025718,0.001270963758041804,0.001501597091117301,2.550203692461042e-05,2.599434428377929e-05,2.626209933686776e-05
781.0,0.2794466819297797,0.002997291246473101,0.001261998999550501,0.001500472344415893,2.535195215170696e-05,2.584357238616887e-05,2.609393745312445e-05
782.0,0.2783794384913946,0.002972346082192592,0.001253403839968295,0.001499342377968222,2.520459981920738e-05,2.570122190655563e-05,2.591853649755056e-05
783.0,0.2769381153214749,0.002907834285371943,0.001244073689718869,0.001498056663299257,2.50610247978828e-05,2.556444924872371e-05,2.574481664279957e-05
784.0,0.2755660493244915,0.002863059154439383,0.00123507830412341,0.001496709788149053,2.492267522478873e-05,2.543001847606107e-05,2.556841345894159e-05
785.0,0.2742804843868515,0.00281644751699114,0.001225713447370213,0.001495302660791611,2.479645037288279e-05,2.53016598633724e-05,2.539287792079663e-05
786.0,0.2732595128772782,0.002780528743968167,0.001216266486201373,0.00149388643219219,2.468389092226674e-05,2.518589094651769e-05,2.522806130107976e-05
787.0,0.27208707937711,0.002766616686665618,0.001207360374903298,0.001492378091413686,2.45851985068543e-05,2.507797599006833e-05,2.506415016132341e-05
788.0,0.2708281792576156,0.002709760678146017,0.001198582862146091,0.001490748390970367,2.450049804835735e-05,2.496873288186993e-05,2.489821577094578e-05
789.0,0.269688853180566,0.002693260080636414,0.001190851963076255,0.001489091656922108,2.44175328852692e-05,2.48679910435628e-05,2.474653850433303e-05
790.0,0.2688968434558288,0.002659776484831571,0.001183003111622814,0.001487421573025241,2.435502418891888e-05,2.477558921856127e-05,2.459942897572869e-05
791.0,0.268168445892765,0.002610143210718215,0.001176372818480397,0.001485812833586714,2.42985541006537e-05,2.46942383922824e-05,2.447125658281062e-05
792.0,0.2676078419735087,0.002589799665287744,0.001169598196533144,0.001484248763885156,2.424819270725501e-05,2.462129333215465e-05,2.435039285803526e-05
793.0,0.2671932461228705,0.002534894455375508,0.001163716928175055,0.001482645874687371,2.42066123658897e-05,2.455933984137637e-05,2.42413783642181e-05
794.0,0.2669683848476004,0.002500545895766307,0.001159194037679931,0.001481002688166965,2.417692416867236e-05,2.451434327969199e-05,2.41383529093955e-05
795.0,0.2664650696463816,0.002483959158301785,0.001155069979102563,0.001479396844129317,2.414755407455579e-05,2.446424902565966e-05,2.404996698699568e-05
796.0,0.2662230139326723,0.002449057431548642,0.001151367249788951,0.001477878986513965,2.412924750290677e-05,2.44316857673531e-05,2.397325214461e-05
797.0,0.2660436704235782,0.002440474952627104,0.001148462443891715,0.001476484462503397,2.410645840500542e-05,2.44001568545078e-05,2.391816030136142e-05
798.0,0.2659666189029712,0.002412821942427091,0.001145974822417716,0.001475111753905984,2.408940057638268e-05,2.438076628041208e-05,2.38677567514035e-05
799.0,0.2659035146767066,0.002384307804134008,0.001144713425159026,0.001473794632449698,2.406609049887572e-05,2.435693110370213e-05,2.382876253669393e-05
800.0,0.2658271447994506,0.002388635303653594,0.001144783356005983,0.001472552749932894,2.405019762420944e-05,2.434256678169326e-05,2.379601970761976e-05
801.0,0.2657523365948446,0.002382603861492228,0.00114544213401991,0.001471433307094326,2.403574125683501e-05,2.431739107335192e-05,2.376997216593279e-05
802.0,0.2654614501992113,0.002389399316122833,0.001146558389252623,0.001470318621738896,2.402652349210835e-05,2.429866633818488e-05,2.373949055207119e-05
803.0,0.2650822897270269,0.002385139139584774,0.001147212512499413,0.001469262612208808,2.402564906095786e-05,2.42683306031619e-05,2.371200544573555e-05
804.0,0.2650322096999885,0.00240196824438762,0.001147851182788075,0.001468270647230416,2.402185383758452e-05,2.423728106149834e-05,2.36881818984955e-05
805.0,0.2648954502891278,0.002410772824461646,0.001148732006527107,0.001467280164289976,2.401936347483867e-05,2.419865050692917e-05,2.368278935058042e-05
806.0,0.2647459221573403,0.002431026339780804,0.001148849454539966,0.001466268393966644,2.401218880714016e-05,2.415937960187359e-05,2.36601362335392e-05
807.0,0.264591741116686,0.002422784182432066,0.001148887152451693,0.001465264586574584,2.400148040775271e-05,2.411136293472165e-05,2.363696490688803e-05
808.0,0.2643450240561779,0.002420590412835743,0.00114768123381992,0.001464334456474012,2.399066442497761e-05,2.406829255511243e-05,2.361799417463466e-05
809.0,0.2640901710338779,0.002420954430553584,0.001145689502409067,0.001463486837852476,2.397907664584074e-05,2.401626868973502e-05,2.360338455695726e-05
810.0,0.2638213780599412,0.002402804273606628,0.001143255415491453,0.001462639757093133,2.396139301472039e-05,2.395238968437083e-05,2.358676389954578e-05
811.0,0.2634642180569433,0.002370554528592762,0.001140608673284612,0.001461792290928634,2.394650606239855e-05,2.388720886071833e-05,2.357209957407052e-05
812.0,0.2633760452250583,0.002357091528026082,0.001137121640480177,0.001460890702726063,2.393538145575994e-05,2.381753231494406e-05,2.354654282718688e-05
813.0,0.2632285959560719,0.002322137713219313,0.001133719800106578,0.001459987078925663,2.391604895464058e-05,2.374717006740179e-05,2.351450026587539e-05
814.0,0.2629868377297594,0.002317606902299629,0.00112900834890642,0.001459110962387422,2.389175916258683e-05,2.36682906128478e-05,2.348079375741545e-05
815.0,0.2626363600334023,0.002281987241035413,0.00112372502719945,0.001458281984458923,2.387404707516758e-05,2.358645225643288e-05,2.344562623911472e-05
816.0,0.2624465244535415,0.00225401292399914,0.001118405221614294,0.001457516701351099,2.384908071444459e-05,2.350403450555546e-05,2.341008495103792e-05
817.0,0.2622429617710486,0.002229358496420386,0.00111249373099372,0.001456713812962562,2.382698405121841e-05,2.342179074478852e-05,2.336725946621856e-05
818.0,0.2621322166602566,0.002207289583597478,0.001106487397086615,0.001455870462077169,2.380568235246738e-05,2.334440646816105e-05,2.332922701299145e-05
819.0,0.2618583815555829,0.002160059908763936,0.001100343421852591,0.001454951178516586,2.378661564903591e-05,2.327698805306393e-05,2.328397547611179e-05
820.0,0.2617188700426874,0.00215124129862286,0.001095082884507399,0.00145399250665558,2.376309247185062e-05,2.320993072505765e-05,2.323994252909193e-05
821.0,0.2614251786488768,0.002105660369424508,0.001090150591420886,0.001453052524011218,2.374092780895968e-05,2.314481758893919e-05,2.320006067181382e-05
822.0,0.2611782308431753,0.002069082688131565,0.001085235532161422,0.001452048238510515,2.371096155018041e-05,2.308506465879624e-05,2.316016605091634e-05
823.0,0.2611787184320467,0.002083665340470232,0.001081612927564373,0.001451025745622144,2.368604847457889e-05,2.30267593689631e-05,2.310706989301609e-05
824.0,0.2612964252972459,0.002056671046688563,0.001077954301257401,0.001449950714041959,2.365227043120597e-05,2.297239798331854e-05,2.305705921375939e-05
825.0,0.261447606157217,0.002051872193080016,0.001075974555139867,0.001448836513475412,2.361614371561021e-05,2.292242990873538e-05,2.301127402798033e-05
826.0,0.2614173450795439,0.002043120868805631,0.001073780975218871,0.001447737537988714,2.357534299524727e-05,2.287353329731591e-05,2.297391097791101e-05
827.0,0.2613859130385213,0.002039225119671553,0.00107313479261416,0.001446629738818663,2.354674495912611e-05,2.282915042196346e-05,2.29352548819878e-05
828.0,0.2615236915966297,0.002025483379709119,0.001072623074376884,0.001445461343198859,2.351849313628886e-05,2.278575001406987e-05,2.290744576471971e-05
829.0,0.2616218865258963,0.002026905520410993,0.001072506433580865,0.001444296935525393,2.34881641311572e-05,2.274332401735689e-05,2.288651951156593e-05
830.0,0.2618595858841351,0.002063351392518776,0.00107407414975585,0.001443214302920517,2.344964125911373e-05,2.270397177436916e-05,2.287207340918456e-05
831.0,0.2620683155919023,0.002086996729538863,0.001075081816018072,0.001442107652779146,2.341330981134086e-05,2.267077360722176e-05,2.28528203555726e-05
832.0,0.2622189878535477,0.002104766556427143,0.001075469492403613,0.001440950315719681,2.337297174101695e-05,2.263291981787987e-05,2.283246304710873e-05
833.0,0.2627656026258704,0.002151707034840926,0.00107743965578038,0.001439830777021855,2.332931031764962e-05,2.259641471625421e-05,2.281444249992691e-05
834.0,0.2632854860612651,0.002161128380005394,0.001077524759309288,0.001438649295307463,2.327805169529724e-05,2.256211679535676e-05,2.27970223740252e-05
835.0,0.2635832429028079,0.002178455977543107,0.0010772672548526,0.001437509843595169,2.322191569940797e-05,2.252867715210231e-05,2.277431716715531e-05
836.0,0.2636230226977982,0.002173707333565046,0.00107681205145863,0.001436385015338287,2.316312795407946e-05,2.249431422471576e-05,2.274834405368259e-05
837.0,0.2632046560009055,0.002212303867454129,0.001076368988520033,0.001435224577179725,2.310280718502993e-05,2.245429173575988e-05,2.271902860035728e-05
838.0,0.2627472292721816,0.00230994914256983,0.001077038708270602,0.001434074191690614,2.304223599850798e-05,2.240938659589812e-05,2.268697922008257e-05
839.0,0.2625987709103222,0.002322964941715861,0.001076640692111243,0.001432903877075269,2.296976763061396e-05,2.237323153930924e-05,2.265583330128461e-05
840.0,0.2625030654439737,0.002351490719559048,0.001075208467121172,0.00143171902319565,2.289916548334577e-05,2.233562289767483e-05,2.262286143809639e-05
841.0,0.2622326785511964,0.002403340221544491,0.001074661718305737,0.001430550014838137,2.28288319903662e-05,2.229626677264711e-05,2.258862637971626e-05
842.0,0.2619527901009129,0.002347287561468349,0.001072477651996775,0.001429441843021323,2.274713362499845e-05,2.224556800631363e-05,2.254764399379522e-05
843.0,0.2614628730170935,0.002308751615311889,0.001070845210824662,0.001428315577563244,2.266336099575791e-05,2.219358340003458e-05,2.249581207057638e-05
844.0,0.2607283281044262,0.002339065834344283,0.001069968393879034,0.001427232673280628,2.257566219504161e-05,2.214411508185921e-05,2.243962740328374e-05
845.0,0.2602890920497458,0.002340532023076372,0.001067825715103543,0.001426166404235402,2.248826512315511e-05,2.209534145151825e-05,2.238448401186796e-05
846.0,0.2597813845118513,0.002331539245442747,0.001065889410048711,0.001425161126528417,2.239157832547817e-05,2.204729099762822e-05,2.232915805641083e-05
847.0,0.2593380474811679,0.002311724580060836,0.001063609795209165,0.001424164006677228,2.229914631937421e-05,2.19970662727236e-05,2.226921744318073e-05
848.0,0.2588349114388647,0.002309101805882686,0.001061644829145379,0.001423222271532184,2.220722550983063e-05,2.194226014907367e-05,2.219915587044484e-05
849.0,0.2580790716652984,0.002346487025389029,0.001060367430205669,0.001422278388283942,2.211184182177935e-05,2.18902814070768e-05,2.212495104239475e-05
850.0,0.2572968031519011,0.002310552794870054,0.001057719497691692,0.001421418246621468,2.201478566199572e-05,2.183812148245619e-05,2.205175731107616e-05
851.0,0.2567625094009351,0.002288762777680562,0.001056035367259502,0.001420548774803519,2.191721863619953e-05,2.179043222636911e-05,2.197730851428957e-05
852.0,0.2560591180074023,0.002368529828197187,0.001055205786507201,0.001419690629429723,2.181957372948487e-05,2.174118887895634e-05,2.190180721764245e-05
853.0,0.2554756680084049,0.002322859664454187,0.001052622424093935,0.001418863292104476,2.172072750840404e-05,2.169009304063726e-05,2.182898028432579e-05
854.0,0.2547434791457627,0.002289960562916644,0.001050476760664496,0.001418081899264684,2.162088802216604e-05,2.163395464905381e-05,2.175524610278431e-05
855.0,0.2541250844906101,0.002371738156287476,0.001049622214879324,0.001417375252153547,2.152754848762642e-05,2.158344966951921e-05,2.167884913495064e-05
856.0,0.2536630238723431,0.002300458853298979,0.00104659968647231,0.001416649385379054,2.142863286543353e-05,2.152496854893964e-05,2.160521822280831e-05
857.0,0.2533321465664549,0.002292058238641065,0.001044343952041523,0.001415968884872754,2.133757265086421e-05,2.146314796153977e-05,2.153117078737573e-05
858.0,0.252845141369547,0.002307376257494672,0.001042324039615629,0.001415339799769088,2.124807735407992e-05,2.140146112752597e-05,2.14542170593693e-05
859.0,0.2522809147005298,0.002348027812413346,0.001039972415600555,0.001414673646294875,2.115385050924259e-05,2.134160697261854e-05,2.137239910250057e-05
860.0,0.2519037412213867,0.002350243418305914,0.001037266415807292,0.001414042498081347,2.106926581429323e-05,2.128129131036751e-05,2.128831061661374e-05
861.0,0.251105127822472,0.002321479069243436,0.001033534211031095,0.001413356548012155,2.099459123398701e-05,2.121174354324103e-05,2.120318700021881e-05
862.0,0.2504921574705268,0.002309201166222822,0.00102976183816801,0.001412698637690756,2.092002326936524e-05,2.114624443395051e-05,2.111717625862733e-05
863.0,0.2498470405763843,0.002293567243626619,0.001026141891916778,0.001412076516224675,2.085266603089908e-05,2.107560789642479e-05,2.103346559119551e-05
864.0,0.2494226331223944,0.002306046930580163,0.001022372472539985,0.001411409494160072,2.079366541762831e-05,2.099825670901699e-05,2.093210920723484e-05
865.0,0.2486575310271828,0.002249978430702309,0.001017844708550331,0.001410711764712151,2.07297156805927e-05,2.092595808473548e-05,2.08311945221358e-05
866.0,0.2480683297659839,0.002280492068468822,0.001014422238469285,0.001409963264642035,2.067793531167667e-05,2.085295904511099e-05,2.073885092955563e-05
867.0,0.2473670730123539,0.002213975957931113,0.001009584983790791,0.001409223520877361,2.062822714689918e-05,2.078240284624383e-05,2.065235078074951e-05
868.0,0.2466139797232617,0.002225438391039572,0.001005431033379709,0.00140849850047389,2.057740835734955e-05,2.071246972110587e-05,2.057749699168936e-05
869.0,0.2456739527233688,0.002230349475883941,0.001001794514431369,0.001407783635319159,2.052926360667482e-05,2.064795474452124e-05,2.048825684694371e-05
870.0,0.2447792831319701,0.002225655016723609,0.0009982338942950318,0.001407014296663726,2.047403931443878e-05,2.058983427948834e-05,2.041184487994768e-05
871.0,0.2445090174297814,0.002229958957965757,0.000995396653628454,0.001406169706668419,2.043075109822736e-05,2.053668367036317e-05,2.034612996396947e-05
872.0,0.2442344598518532,0.002166425648547129,0.000992387430501524,0.001405271573051579,2.03822271656141e-05,2.048523567234118e-05,2.029006174399646e-05
873.0,0.2438609444017002,0.002172967843833247,0.000990559034311912,0.001404387312617712,2.032604167695692e-05,2.044295415671046e-05,2.024655238625107e-05
874.0,0.2437089852898086,0.002233845523906669,0.0009889936522940901,0.001403475398340511,2.027422457675693e-05,2.040840396136279e-05,2.021022330180937e-05
875.0,0.2438357261545678,0.01253331177572604,0.001008655322782883,0.001402448977490309,2.023154108727059e-05,2.03854845743044e-05,2.018609450734355e-05
876.0,0.2436749184886183,0.00889011934771308,0.001003921812634735,0.001401385154514189,2.018279881952704e-05,2.034862864345295e-05,2.015249529469271e-05
877.0,0.2429197355954565,0.005720748961054537,0.001003355741432531,0.001400300338579306,2.013704444620711e-05,2.03309709416978e-05,2.013867630680412e-05
878.0,0.2425454515397243,0.002910400861634077,0.0009942636643775538,0.001399186351600414,2.007614435323826e-05,2.03064391573901e-05,2.012935487898918e-05
879.0,0.2422022945078668,0.002376111220328873,0.0009948390885332731,0.001398070260715982,2.002172449918401e-05,2.029216976952179e-05,2.011746940579735e-05
880.0,0.2417635825562195,0.002386552766822128,0.0009947192577101209,0.001396873141283533,1.99578137250968e-05,2.028248999461891e-05,2.010683746778503e-05
881.0,0.2415141524039438,0.002481842717156961,0.0009921035726831741,0.001395661117962093,1.989196286240189e-05,2.026947616037362e-05,2.010181610325663e-05
882.0,0.2413595426796857,0.002328424654158215,0.0009896039539947514,0.001394394435988177,1.982989376967723e-05,2.025945615920109e-05,2.009180092016832e-05
883.0,0.2409938483604825,0.002290492213591019,0.0009877133300096967,0.001393027093589262,1.977256373942393e-05,2.025739138520745e-05,2.008775345348381e-05
884.0,0.2406605104875939,0.002275371332797634,0.0009858359000537447,0.001391762273726268,1.971363667343329e-05,2.025077383741118e-05,2.00819732046718e-05
885.0,0.2402262278876837,0.00226205054921609,0.0009840949703051644,0.001390510949700382,1.966547824790663e-05,2.024467959715438e-05,2.007392835048499e-05
886.0,0.2396703855352475,0.002249903345152324,0.0009825529734881074,0.001389317428488494,1.960918922343706e-05,2.024241270261945e-05,2.006269960412936e-05
887.0,0.2392779896059019,0.002251402713785496,0.0009802736728133457,0.001388164731161138,1.955698233603296e-05,2.023992349433957e-05,2.004704984654406e-05
888.0,0.2390147228324006,0.002245366365853921,0.0009775273992678078,0.001386992767497918,1.950725445203747e-05,2.024031903498001e-05,2.003083407537404e-05
889.0,0.2384786045883296,0.002232729213435287,0.000974858288445005,0.001385787111343492,1.946072750103668e-05,2.024037443801912e-05,2.001750700938891e-05
890.0,0.2379528947364077,0.002234432713074364,0.0009725606565705229,0.001384648218348355,1.941485821465673e-05,2.024785293066675e-05,2.00094229033268e-05
891.0,0.2372876858731039,0.002220539992974605,0.0009696732755450703,0.001383516624213786,1.937173532164994e-05,2.025028283681559e-05,1.999755570840068e-05
892.0,0.2369089969425072,0.002203695168879206,0.000966547685798481,0.001382387750790207,1.933760280962544e-05,2.025691525791589e-05,1.998082377627421e-05
893.0,0.2365576835541821,0.002209177057297251,0.0009641300184382127,0.00138130857256815,1.930593489718442e-05,2.026789742090221e-05,1.996308406021363e-05
894.0,0.2362449720247036,0.002202341274673762,0.0009611530984288155,0.001380275195902938,1.928078159606555e-05,2.028264983141541e-05,1.994779912807789e-05
895.0,0.2356383008262369,0.002177688737912679,0.0009581900511221016,0.001379304590000758,1.925568643891618e-05,2.029797430728346e-05,1.993162716008856e-05
896.0,0.2351978712892627,0.002154172756326164,0.0009558503957316449,0.001378417901088182,1.92336890507222e-05,2.031170299558295e-05,1.991091380625293e-05
897.0,0.2348446576289266,0.00215508461433782,0.0009535480643966818,0.001377560597651887,1.921661424010951e-05,2.033277791519308e-05,1.989457054985264e-05
898.0,0.2345290646319783,0.002150534461340135,0.0009510030916120035,0.001376658202538135,1.92062583467737e-05,2.035292980843756e-05,1.987592639645412e-05
899.0,0.2343796593280286,0.002158246222393051,0.0009482553235573534,0.001375826964394132,1.919998300132475e-05,2.037223871313211e-05,1.98630845577803e-05
900.0,0.2342889777473081,0.002137379407728183,0.0009453337355176067,0.00137508879145633,1.919703952131715e-05,2.03976443882711e-05,1.984647492624743e-05
901.0,0.234386241018,0.0021642726576633,0.0009433178481485765,0.001374470669318925,1.919144307040182e-05,2.042486274912464e-05,1.983685532041584e-05
902.0,0.2344678790366612,0.002118682939913766,0.0009403824610830976,0.001373894420251938,1.919255439354722e-05,2.045014046494266e-05,1.981888741955878e-05
903.0,0.2345391440148714,0.00211089193566705,0.0009371526977057313,0.001373327261182572,1.918821822810532e-05,2.04753966796919e-05,1.980660164395385e-05
904.0,0.2346752778509414,0.00210746979645792,0.0009344334575931535,0.001372910491178083,1.918910414760912e-05,2.048873726715797e-05,1.97818168375748e-05
905.0,0.2346246890495333,0.00212256949439196,0.0009319772324170393,0.001372599461570699,1.918968458669697e-05,2.050260385496276e-05,1.976485693450579e-05
906.0,0.2345140272078393,0.002136408120032888,0.0009297507690435078,0.001372379250135295,1.918783391196035e-05,2.051265580393751e-05,1.975118878224604e-05
907.0,0.2343189461381163,0.002112901303083971,0.000928532031581286,0.001372182517423928,1.917950918784271e-05,2.051432963677641e-05,1.972497607735225e-05
908.0,0.2342803375584099,0.002094945631259469,0.0009267240551481892,0.001372048319295255,1.916461338026358e-05,2.050842927456032e-05,1.970789396733528e-05
909.0,0.2345154654887816,0.002089563885442933,0.0009256070176776325,0.001371974595935217,1.914401023361327e-05,2.049599604399083e-05,1.96868971716988e-05
910.0,0.2349007593736278,0.002056186736789803,0.0009243750130394938,0.001372023376557591,1.912289270423611e-05,2.048677350681238e-05,1.966351440497326e-05
911.0,0.2353223796652645,0.002057801250093969,0.0009241135533418119,0.001372242071147801,1.910664030416e-05,2.047048610785887e-05,1.964697735737573e-05
912.0,0.2354810042402063,0.00207789382321901,0.0009236844568036323,0.001372577271134005,1.908568409888392e-05,2.044679307635049e-05,1.96232223909376e-05
913.0,0.2353756121983884,0.002075826394930365,0.0009233680618986554,0.001373138974299041,1.906103928220427e-05,2.041704165989556e-05,1.959586218295155e-05
914.0,0.2352013489349375,0.002053731251750802,0.0009229810301577949,0.001373781628723377,1.903425355120035e-05,2.038139465295526e-05,1.957957307637507e-05
915.0,0.2351929500328209,0.002058826886439469,0.000922069352148948,0.001374567475387519,1.900689829562258e-05,2.034711453745927e-05,1.956781074925026e-05
916.0,0.2349503770165849,0.002062878791697065,0.0009229701125441403,0.001375566162275906,1.898195043743938e-05,2.030546392240694e-05,1.954627384996248e-05
917.0,0.2349474248106893,0.002057262885819353,0.0009206655057881611,0.001376664519441123,1.895459591098438e-05,2.027255993017211e-05,1.952536279658501e-05
918.0,0.2345913936513752,0.002753684753950533,0.0009211743106136354,0.001377852998522784,1.893095186624558e-05,2.023131338971459e-05,1.950187762805221e-05
919.0,0.2343298667162583,0.003255951446267258,0.00092053473400076,0.001379134383781672,1.89076614024095e-05,2.019229795054988e-05,1.947970864601351e-05
920.0,0.2338903085952364,0.003349124951170633,0.0009201719226275636,0.001380551293424539,1.887756798445903e-05,2.014861650880534e-05,1.945779892342509e-05
921.0,0.2333426118350947,0.00232602836586534,0.000919211667506544,0.00138215145617869,1.884914701371735e-05,2.010679988429018e-05,1.944295911015544e-05
922.0,0.2328750931821142,0.002052622492750535,0.0009176357426232852,0.001383835656700359,1.881798890220198e-05,2.007443615623959e-05,1.94277259476235e-05
923.0,0.2326269458827264,0.00201597467924985,0.0009172444916557965,0.00138555061075886,1.878748760587144e-05,2.004613376194344e-05,1.941518120637478e-05
924.0,0.2324112011052766,0.00199589007526705,0.0009181684566624969,0.001387199025431984,1.876300481842314e-05,2.002204109263921e-05,1.940696867571349e-05
925.0,0.2322293483797707,0.001975897466036006,0.0009180763038537628,0.001388877529425735,1.87361078689913e-05,2.000168371167255e-05,1.940145614918461e-05
926.0,0.2319527086585302,0.001975920001984374,0.0009190729461502657,0.001390540624305515,1.870667804606006e-05,1.998255821662306e-05,1.940124264766574e-05
927.0,0.231737777006032,0.001990803359289398,0.00092189256609918,0.001392187136813491,1.867387319852324e-05,1.997386666604091e-05,1.940137054257397e-05
928.0,0.2316924505938981,0.001985247341927001,0.0009239289007517346,0.001393864785906087,1.865685343048298e-05,1.996553671809718e-05,1.940719690318403e-05
929.0,0.2315967737980098,0.001975379624171,0.0009251510322534998,0.001395501005522372,1.863838726260643e-05,1.995769388665301e-05,1.940855337465968e-05
930.0,0.2313876383712545,0.00195578931100137,0.0009267938759270469,0.001397071467321404,1.862430538983465e-05,1.99578361123116e-05,1.94121662007122e-05
931.0,0.2315983188143268,0.001942905143222175,0.0009290559063786329,0.001398731310560767,1.860504585157682e-05,1.996595621359625e-05,1.94319799427343e-05
932.0,0.2317741626854543,0.001950395811959833,0.0009322533002719298,0.001400449399851545,1.85957123898745e-05,1.998067327410626e-05,1.945973931806813e-05
933.0,0.2317642770513268,0.001973180922535306,0.0009357852284892214,0.001402113174017695,1.85805388324443e-05,1.999713486599881e-05,1.947957869733115e-05
934.0,0.2316820135337692,0.001937496528320044,0.0009384164439967854,0.00140371444134204,1.857764695529493e-05,2.00189091369269e-05,1.950015844828635e-05
935.0,0.231532543926517,0.001925873449556914,0.0009408379524801982,0.001405250061446669,1.856636459935975e-05,2.004075328467277e-05,1.952544777823447e-05
936.0,0.2318495181274542,0.001937802955906847,0.0009442477435079905,0.001406879895083955,1.85655509881031e-05,2.006454002453841e-05,1.95498117002646e-05
937.0,0.2322037464504892,0.001922008399139052,0.0009464222124500574,0.001408520205225295,1.855442299397218e-05,2.009014151369512e-05,1.957890627279368e-05
938.0,0.2323138259907191,0.001936923548913464,0.0009494886382892037,0.001410215247714829,1.854867935299547e-05,2.011360550654965e-05,1.960957716042329e-05
939.0,0.2324087607537283,0.001943765270835772,0.0009521534284316875,0.00141180739603195,1.854217351512093e-05,2.01357900944743e-05,1.964064892512071e-05
940.0,0.2324887861111457,0.001982679062963789,0.0009552407526371637,0.001413281793269175,1.854469800611867e-05,2.015477880662824e-05,1.967115542594945e-05
941.0,0.2325002926663849,0.002006982590817933,0.0009581784462441286,0.001414716399877957,1.853783974257362e-05,2.016885765566828e-05,1.971454743078814e-05
942.0,0.2326802137858121,0.002043474949604828,0.0009610955260536705,0.001416111740018019,1.854343661486926e-05,2.017790993601409e-05,1.975021335759859e-05
943.0,0.2328876497100061,0.002054778310255672,0.0009636702566609242,0.001417287765039393,1.855425706368833e-05,2.018197491454329e-05,1.979101268540639e-05
944.0,0.2330275255527878,0.002089573881086993,0.0009665200515535336,0.001418399674725678,1.857248233023636e-05,2.018636173956416e-05,1.983680926314077e-05
945.0,0.2332955908396952,0.002071193115768251,0.0009689040500290711,0.001419589456285091,1.858831123946599e-05,2.01832723875473e-05,1.988695414989881e-05
946.0,0.2336217500664564,0.002057035090796803,0.0009714144253961456,0.001420707209245129,1.861492971325862e-05,2.018081489949643e-05,1.994127699628102e-05
947.0,0.2337393779063853,0.002046874805484429,0.0009737567916394347,0.001421735086931471,1.864750386651215e-05,2.017778768683789e-05,2.000078109487744e-05
948.0,0.2337282948412924,0.002069963010665177,0.0009770106754493622,0.0014226624102837,1.867776524732197e-05,2.017153432013064e-05,2.00672332065406e-05
949.0,0.2337004553018747,0.002087670431253666,0.0009800530373954286,0.001423627290003916,1.871501334624183e-05,2.016029862766935e-05,2.012952295400193e-05
950.0,0.2335658580395308,0.002063749467897386,0.0009816461594852593,0.001424520662475995,1.876422087303347e-05,2.014339796579544e-05,2.018295752591494e-05
951.0,0.2338473119712247,0.002058722668831221,0.000983693375218415,0.001425211022462358,1.881341571738484e-05,2.013088218338041e-05,2.024652773360751e-05
952.0,0.2342253983394417,0.0020629088619785,0.0009864538802536592,0.001425845470093492,1.886630876167754e-05,2.011898323811091e-05,2.031215838517006e-05
953.0,0.2343823707856576,0.002042044945972192,0.0009891353453099544,0.001426298838275489,1.893026361971356e-05,2.010490222192056e-05,2.037495229131724e-05
954.0,0.2347110145959593,0.002113813365292403,0.0009930481745234385,0.001426571681377132,1.899406624875854e-05,2.009213048664399e-05,2.043246044209593e-05
955.0,0.2348363867212813,0.002073347116626818,0.000995641556275758,0.00142679525936993,1.905860533299819e-05,2.007999322189744e-05,2.048485834730429e-05
956.0,0.2350836463116979,0.002058064747644318,0.0009986229626367618,0.001427039800434223,1.912431071912031e-05,2.00693328196296e-05,2.053543193482621e-05
957.0,0.2355209369731165,0.002032503693691203,0.001001562855869047,0.001427184280655306,1.919497853751252e-05,2.006219260898312e-05,2.057502868825268e-05
958.0,0.235854748460564,0.00203168275991435,0.00100525925869747,0.001427419267113839,1.927433365730088e-05,2.005894745734704e-05,2.061945419150197e-05
959.0,0.2362649726445445,0.002030836845456026,0.001008296525145718,0.001427687040068548,1.935705521321431e-05,2.005938214122833e-05,2.066068235524935e-05
960.0,0.236719740243948,0.002043167062336989,0.001011663520086606,0.001427917030369714,1.943622884640192e-05,2.006816362843654e-05,2.069497361226954e-05
961.0,0.2372173007557611,0.002028537991450093,0.001014481301522659,0.00142798028750658,1.951780271580613e-05,2.0078373597335e-05,2.072225249875852e-05
962.0,0.2377686035466409,0.002031379032541166,0.001017777951917558,0.001428082671852614,1.960424918639857e-05,2.009279107165178e-05,2.074925060355874e-05
963.0,0.2382926325913781,0.002048156440668194,0.001020973093216844,0.001428167311852022,1.969272998016574e-05,2.01111587594884e-05,2.076538778076702e-05
964.0,0.2388072179903186,0.002045573069252559,0.001023833186373713,0.00142821889358681,1.977552491655007e-05,2.013283868412427e-05,2.07853142862988e-05
965.0,0.2394835304490348,0.002073022526084123,0.001027151462679863,0.001428265563862299,1.986533462557621e-05,2.015243673615272e-05,2.079668088806713e-05
966.0,0.2402843226888564,0.002061256783947667,0.001030426086526252,0.001428262938508467,1.995721508215659e-05,2.016920634924882e-05,2.07966729487766e-05
967.0,0.2408966905052011,0.002090394867901881,0.001033941358650687,0.001428313449409178,2.004861502279373e-05,2.019612566812023e-05,2.078908913663616e-05
968.0,0.241680103369364,0.002084860576034651,0.001037127452521541,0.001428376786776477,2.013661190483638e-05,2.022603717514545e-05,2.078189748942643e-05
969.0,0.2426344285863254,0.002109122982611575,0.00104067418217022,0.001428301271009964,2.022834142262016e-05,2.024476714240919e-05,2.076929734622004e-05
970.0,0.2433828591332519,0.002092562011416689,0.001044316844473264,0.00142842326847616,2.031506692602331e-05,2.026961099646551e-05,2.074685771784433e-05
971.0,0.2442657289662399,0.002093567164706424,0.001047733715857767,0.001428440820839424,2.04051488007462e-05,2.029912048438971e-05,2.071986079942893e-05
972.0,0.2454899073196997,0.002095631633882274,0.001051013575511711,0.001428437556053962,2.049326586348607e-05,2.03229622724527e-05,2.069462315830979e-05
973.0,0.2463038993395872,0.002101897937606436,0.001054646810265914,0.001428482357183847,2.058620309028398e-05,2.034961432688094e-05,2.06757002923963e-05
974.0,0.2474518298822795,0.002092476223120252,0.001058148080733742,0.00142846751384525,2.068282012512158e-05,2.037298652305137e-05,2.065052800071373e-05
975.0,0.2487616584171633,0.00209961605912999,0.001062438746417648,0.001428475785031189,2.077700988686801e-05,2.040187291952636e-05,2.062364635915898e-05
976.0,0.2493901670996266,0.002109484174503934,0.001067104792972115,0.001428383790835512,2.087543847090832e-05,2.043450012872929e-05,2.058929179827956e-05
977.0,0.2500082709568138,0.002097863664439987,0.001072341774974061,0.001428104837625631,2.095714080318697e-05,2.045774386723712e-05,2.055908828232982e-05
978.0,0.250403585427087,0.002093681112386899,0.001077567350616913,0.001427749675134053,2.104016148826176e-05,2.04843831730904e-05,2.052631085011625e-05
979.0,0.2510938995527538,0.002106571952261633,0.001082201150273359,0.00142733607342297,2.112864388326189e-05,2.050914237593121e-05,2.049900477626788e-05
980.0,0.2521778533436809,0.002128780085627445,0.001087839275159532,0.001426866985620639,2.120981729973348e-05,2.053585986845574e-05,2.047819348108881e-05
981.0,0.2532557627517397,0.002163828957195552,0.001093532069000597,0.001426305040151456,2.129391933868707e-05,2.055742520848599e-05,2.046207116927887e-05
982.0,0.2541601303555379,0.00217671751061274,0.001098645483001738,0.001425567906137328,2.137307995531361e-05,2.057852596951977e-05,2.044600650349399e-05
983.0,0.2548161164259518,0.002224844150379311,0.001103711514246844,0.001424844183552352,2.144703946159927e-05,2.060147351169921e-05,2.043341671256723e-05
984.0,0.2551469651698861,0.002194911911706607,0.001108440927367226,0.001423910989704775,2.151506599150027e-05,2.062142342233421e-05,2.04123758705121e-05
985.0,0.2552187990648725,0.002211173540455257,0.001113246959721137,0.001423012600721031,2.158284271056785e-05,2.063569359655129e-05,2.03837284025531e-05
986.0,0.2554675906602388,0.002196201006606295,0.001117785546985502,0.001422003642052274,2.164255897128959e-05,2.064371484230244e-05,2.035425479425698e-05
987.0,0.2555547443248199,0.002232025662780533,0.001122288738304851,0.001420960970397703,2.170105638860063e-05,2.065513133995508e-05,2.032617579629607e-05
988.0,0.2558490365267106,0.002222992252732267,0.001125959663603395,0.001419810649587515,2.175487244432776e-05,2.066689880256283e-05,2.030202073481084e-05
989.0,0.2557534915606428,0.002223136073784691,0.001129054625081074,0.001418419536549641,2.179721692103566e-05,2.066935142496557e-05,2.027650703849998e-05
990.0,0.2558119628672215,0.002210511701424781,0.001131806144377182,0.001416900179358783,2.184146531995608e-05,2.067890251185952e-05,2.026035650233255e-05
991.0,0.2557332106892812,0.002203391514602758,0.001134216369309485,0.001415400573629326,2.188098898508259e-05,2.068362270099044e-05,2.023244332343925e-05
992.0,0.2556583555466074,0.002214887866240457,0.001136725963431247,0.001413855588147405,2.190917551353202e-05,2.068547725733399e-05,2.020542296045241e-05
993.0,0.2555570077533559,0.002214878080708464,0.001137850006076829,0.001412096987804048,2.193197339696438e-05,2.06828260478132e-05,2.017547191701631e-05
994.0,0.2552911837384991,0.002256168915452522,0.00113923023540916,0.001410313182211764,2.194815673430793e-05,2.067890871474933e-05,2.014685551923116e-05
995.0,0.254917546577388,0.002254522609782286,0.001139870538547372,0.001408366689589866,2.196837193425304e-05,2.068131786029521e-05,2.011604036106869e-05
996.0,0.2544838679874382,0.002268647562752243,0.001139782024263882,0.001406291649270724,2.197256506073337e-05,2.067453098265938e-05,2.008710934282864e-05
997.0,0.2539729811257581,0.002250732791492857,0.001139463490148135,0.001404129447782389,2.197137208378725e-05,2.066566863555287e-05,2.005687811274758e-05
998.0,0.2534961579017607,0.002224413770277123,0.001138274803300361,0.001401865948418772,2.196455260770343e-05,2.064478325034459e-05,2.002044635979366e-05
999.0,0.2531612233315313,0.002218216065071251,0.001136696593686268,0.001399494044341502,2.195497773056322e-05,2.062491905056123e-05,1.999401921365939e-05
1000.0,0.2529453588699894,0.002236241554145162,0.001135386913504833,0.001397063745274761,2.194326458077014e-05,2.060295387853874e-05,1.99625801111687e-05
1001.0,0.252661022572181,0.002218547273173106,0.001133181476618807,0.001394600728010247,2.19279353223699e-05,2.058841751019112e-05,1.993815733052794e-05
1002.0,0.2524563122197189,0.002206467302697559,0.001131097476210832,0.001392079316585451,2.190945662493189e-05,2.057316039019972e-05,1.991345049121536e-05
1003.0,0.2521601592527924,0.00220753588215063,0.001128760190147335,0.001389484591328356,2.189342119323569e-05,2.055248965983913e-05,1.990028184806107e-05
1004.0,0.2518946742598875,0.002197061602741327,0.001126167289582484,0.001386764613611416,2.186996661949868e-05,2.053828628578974e-05,1.988484454719969e-05
1005.0,0.2517793075766153,0.002224896766839032,0.001124699706780315,0.001383989679614405,2.18422600433844e-05,2.052384863737159e-05,1.987644801671625e-05
1006.0,0.2516091179869442,0.0022139720977402,0.001123148173196539,0.001381114018077596,2.181483964801125e-05,2.050499184847661e-05,1.987262741527e-05
1007.0,0.2512791311997377,0.002211740445086195,0.00112198394586878,0.001378083319415648,2.178972828835653e-05,2.048180172859359e-05,1.987205040650022e-05
1008.0,0.2505893424837376,0.002181910283703906,0.001120542033619916,0.001374927286792716,2.175543718628673e-05,2.046299387895994e-05,1.987416900887376e-05
1009.0,0.2499053616155928,0.002214341408793346,0.001119976142558624,0.001371794465579374,2.172151302540061e-05,2.04431971428274e-05,1.987454825041606e-05
1010.0,0.2492930208596288,0.0022054512029458,0.001119511244899942,0.00136854082485504,2.167661098265459e-05,2.04201059551882e-05,1.987789848879792e-05
1011.0,0.2488037908782426,0.002190138146495678,0.001119363596014632,0.001365320114189577,2.163332355006046e-05,2.040417991075088e-05,1.988298277392977e-05
1012.0,0.2485558745491568,0.002208146097462862,0.00112014909072883,0.001362010672858647,2.158325056408222e-05,2.038474620508965e-05,1.989439572990994e-05
1013.0,0.2482110947720489,0.002192570359536625,0.00112125787632458,0.001358612386602305,2.153784994975955e-05,2.037327861820365e-05,1.990758844037234e-05
1014.0,0.2476910585228506,0.002182444690447617,0.001122915701260408,0.001355208537437649,2.149803923558967e-05,2.03591902676036e-05,1.990986120055164e-05
1015.0,0.2472031351688405,0.002200133944467989,0.001125353420375755,0.001351921466371476,2.144407973607941e-05,2.034597498614256e-05,1.992792294550521e-05
1016.0,0.2467885461066811,0.002212574626397101,0.001128475642804721,0.001348574432313473,2.138800750531854e-05,2.033166268919128e-05,1.994609447018873e-05
1017.0,0.2463245703212781,0.002202298766151261,0.001132069531681575,0.001345137679055565,2.133369495623761e-05,2.031726972373086e-05,1.996508563805678e-05
1018.0,0.2457998543502921,0.002230069774908682,0.001136243479603227,0.001341670252043685,2.127581778709868e-05,2.030592620080778e-05,1.998833137573411e-05
1019.0,0.2453185689512283,0.002237750088066768,0.001141193577623274,0.001338133053318934,2.120629494239127e-05,2.029107556243305e-05,2.001754778027777e-05
1020.0,0.2447684735583932,0.002222197384307696,0.001145732526779149,0.001334574996326874,2.114972791495587e-05,2.027189919215647e-05,2.004622729712871e-05
1021.0,0.2440477802053084,0.002243565883933068,0.001150693933896994,0.001331033279411922,2.107193411078099e-05,2.02580557740841e-05,2.008140620278289e-05
1022.0,0.2436857889818357,0.002287665246420839,0.001155720741805862,0.001327436760091771,2.100720791529722e-05,2.024287000901749e-05,2.011795253638111e-05
1023.0,0.2432871187984568,0.00229186970564699,0.001160562901492834,0.001323873259235285,2.093659502564481e-05,2.022591564268985e-05,2.014249591375504e-05
1024.0,0.2429306047891511,0.002296415241566829,0.001165416386989014,0.001320359494838399,2.087032495304663e-05,2.020646022272232e-05,2.016838879276429e-05
1025.0,0.2426499308105588,0.002305273421007721,0.001170220376371398,0.001316894562077726,2.080038986888384e-05,2.018536129904482e-05,2.019202958588902e-05
1026.0,0.2424558874407695,0.002311890268541352,0.00117474181023138,0.001313436655321355,2.073239872824018e-05,2.015951009168416e-05,2.021793455704087e-05
1027.0,0.2422800041752624,0.002318081191000436,0.001178893066735403,0.001309952520634888,2.065761802060236e-05,2.013361372334485e-05,2.023989790522791e-05
1028.0,0.2419765497701393,0.002333485139866102,0.001183098456210486,0.001306400093559739,2.058807464726438e-05,2.010739012751119e-05,2.026082183108392e-05
1029.0,0.2414250796817384,0.002351280862928903,0.001187371606350768,0.001302840553770193,2.051795162943415e-05,2.00737110913462e-05,2.027294326426659e-05
1030.0,0.241208117327558,0.002349340593638992,0.001191546605245669,0.001299291510374197,2.044585293841507e-05,2.003889286740137e-05,2.028526466284851e-05
1031.0,0.2411337441316038,0.002350018396757839,0.00119524716456262,0.001295777601710337,2.038454266753358e-05,2.000084823459819e-05,2.02897034053417e-05
1032.0,0.2409062656233407,0.002357779738994118,0.001198866566863304,0.001292291585923673,2.031843059764211e-05,1.99661121461617e-05,2.029479967359524e-05
1033.0,0.2405246633666534,0.002358316696336847,0.00120202781066025,0.001288842014728221,2.024301274514335e-05,1.993136537879325e-05,2.029943967157604e-05
1034.0,0.2402684363477768,0.002351686924130548,0.001205164301401652,0.001285376074320557,2.018227577238573e-05,1.989221229602065e-05,2.029220521374169e-05
1035.0,0.2402067227567452,0.002350587527752009,0.001207880006066348,0.001281864379563453,2.011942015030641e-05,1.985589199617792e-05,2.028166763235931e-05
1036.0,0.2400946961769129,0.002355917228694646,0.001209843957509202,0.00127835565084131,2.006028142512176e-05,1.981762006923705e-05,2.027817488935068e-05
1037.0,0.2396903869792275,0.002370184932065413,0.001212029556402177,0.001274887245148052,1.999997975982299e-05,1.978481460136529e-05,2.026716114384681e-05
1038.0,0.2391960574767727,0.002328070617277351,0.001213222038967071,0.001271439180199425,1.993961668276711e-05,1.975358416667204e-05,2.024506551119912e-05
1039.0,0.2389551908183281,0.002344931205030317,0.001214983026366921,0.00126804571561721,1.987260960859593e-05,1.971836709588831e-05,2.022064679289842e-05
1040.0,0.2385908186346069,0.002336226432896987,0.001216261125666761,0.00126467271606209,1.981010929000808e-05,1.967870049435458e-05,2.02001445454552e-05
1041.0,0.2381530576415646,0.002357321945019056,0.001218241655889523,0.001261298807054985,1.975089123510915e-05,1.964830810751274e-05,2.017098380345304e-05
1042.0,0.2377370314009956,0.002339157804626794,0.001219722404064256,0.001257985707772831,1.969576640953551e-05,1.961204660553151e-05,2.014279478943462e-05
1043.0,0.2374415043656049,0.002338262721801836,0.001220897615915574,0.00125473108133323,1.96447752487221e-05,1.95858466575842e-05,2.01093595636281e-05
1044.0,0.2372914339404951,0.002342786230399943,0.001222134208013998,0.00125155265760961,1.959606311546159e-05,1.955700977062997e-05,2.008289986388122e-05
1045.0,0.2368041460177978,0.002336875259699668,0.001224221448014571,0.0012485304403467,1.954211270222149e-05,1.953420537854905e-05,2.005405977995154e-05
1046.0,0.236410230603311,0.002344610184344448,0.00122596767954635,0.001245642046894503,1.949691071599917e-05,1.950608378759406e-05,2.003202213998198e-05
1047.0,0.2360020833021788,0.002359412423261013,0.001228494705891406,0.001242895968426982,1.945000665144846e-05,1.948128224105627e-05,2.001186215479181e-05
1048.0,0.2354866950686481,0.002370969960328861,0.001230680075670708,0.001240268283365844,1.940550297240207e-05,1.946764961262465e-05,1.999562446395023e-05
1049.0,0.2353661092146581,0.002385578474398665,0.001232796088892684,0.001237680922815436,1.935939981849198e-05,1.944894598996124e-05,1.99755455346754e-05
1050.0,0.2353536100675037,0.002374733053759708,0.001234939257760969,0.001235119940150538,1.932322197588638e-05,1.943847731534491e-05,1.995675381091928e-05
1051.0,0.2353289414619688,0.002427252991876901,0.00123793051489771,0.001232653892780435,1.928537500093736e-05,1.942537424711908e-05,1.993026620052337e-05
1052.0,0.2351606262456526,0.002441769896392382,0.001240820001677219,0.001230266672142371,1.924415291653331e-05,1.941835586129238e-05,1.990507491951213e-05
1053.0,0.2350504608660105,0.002506011174181188,0.001243401145901724,0.00122794691824005,1.921002481942876e-05,1.940211049807099e-05,1.988204748292527e-05
1054.0,0.2350437907755256,0.002482779363785768,0.001244593166199107,0.001225742249997049,1.917930875326053e-05,1.939880221855912e-05,1.985199667883084e-05
1055.0,0.2352193720388229,0.002497273356293264,0.001245771457147699,0.001223593176155463,1.914421850824768e-05,1.939062653736845e-05,1.983115787969628e-05
1056.0,0.2352560083017027,0.002493545363692918,0.0012475346962908,0.001221512929798673,1.911330747799871e-05,1.938855649762929e-05,1.979996211670942e-05
1057.0,0.2351410450505628,0.00249460381340613,0.001248419181970459,0.001219433983131172,1.908803761527606e-05,1.938176079249075e-05,1.976918414838101e-05
1058.0,0.2350917558672988,0.002553341525373971,0.001249446863728667,0.001217410386991784,1.90655159280158e-05,1.938492542320125e-05,1.973711192771284e-05
1059.0,0.2350827183992858,0.002562221541862402,0.001249612534551304,0.001215460671990606,1.904846943627745e-05,1.937868378452721e-05,1.969996843065846e-05
1060.0,0.2350602061149328,0.002568214822498817,0.001249146335200967,0.001213612068935311,1.904034925629348e-05,1.937229269270378e-05,1.966254283095852e-05
1061.0,0.2350543775260323,0.002606033323744117,0.001248771341829934,0.001211796051159745,1.904054714527346e-05,1.936312793086571e-05,1.962645433018067e-05
1062.0,0.2347973451440933,0.002623337308188685,0.001247689500710635,0.001210043634166261,1.90431891238665e-05,1.935044181787384e-05,1.958538019853279e-05
1063.0,0.2344679118130907,0.002658824936857558,0.001246544028861762,0.001208304514828086,1.904533272478739e-05,1.934325686030404e-05,1.955405986845719e-05
1064.0,0.2344882524020659,0.002654978606950267,0.001245176951350686,0.001206585070573069,1.905014887611705e-05,1.933515779294231e-05,1.951961302229645e-05
1065.0,0.2347394995797718,0.002683347730131545,0.001243303625541898,0.001204945670794854,1.905922225219837e-05,1.932628655425712e-05,1.948729223172146e-05
1066.0,0.2353858114558683,0.002676784988150573,0.001240965305248528,0.001203386295988271,1.90742770500659e-05,1.932073096790404e-05,1.946102665296796e-05
1067.0,0.235979070976712,0.002695544929449217,0.001238375695907967,0.001201911279100565,1.908648501267231e-05,1.930757257771479e-05,1.944001515724428e-05
1068.0,0.2360673127227345,0.002688460061446285,0.001235553733730244,0.001200422379484649,1.911034161557197e-05,1.930082016906766e-05,1.940631437163746e-05
1069.0,0.2364392189614521,0.002736336392480426,0.00123276065304637,0.001198943129083059,1.913539836564706e-05,1.9288897644186e-05,1.938239297232838e-05
1070.0,0.2367923338479497,0.002731829783296096,0.001229079938752512,0.001197503037574323,1.916243305914248e-05,1.927090971676009e-05,1.935403605618364e-05
1071.0,0.2367150170836912,0.002713762756804701,0.001224888869789867,0.001196078448137601,1.919026598098469e-05,1.924412634120131e-05,1.933311188419639e-05
1072.0,0.2362937616197286,0.002698169181954095,0.001220268705368636,0.001194688878470384,1.921681056256263e-05,1.921892159765946e-05,1.930558021286063e-05
1073.0,0.2361373467882609,0.002723802973654183,0.001216332964061352,0.001193331670956614,1.923947957732863e-05,1.91943287846132e-05,1.928046433178708e-05
1074.0,0.2358049687929086,0.002707130198860067,0.001211326648023492,0.001192027705608575,1.9268420164039e-05,1.917168204874346e-05,1.924737458779142e-05
1075.0,0.2350050694869343,0.002705004016314878,0.001206407772643393,0.001190764567082887,1.929444074217485e-05,1.91408171789302e-05,1.921297592808441e-05
1076.0,0.2346475072738901,0.002756443171306246,0.001202048819173293,0.001189536955411954,1.931929713188468e-05,1.910286507014325e-05,1.918128618889794e-05
1077.0,0.2344324120628102,0.00277493341220238,0.001197445981399622,0.001188368753603176,1.934441965840294e-05,1.906848139610494e-05,1.91530215592613e-05
1078.0,0.2340667005701671,0.002739603993225851,0.001192965892621088,0.001187285262856724,1.93679825355411e-05,1.902571561841786e-05,1.912500437184606e-05
1079.0,0.2338999778938882,0.002755255204328034,0.001188965827687038,0.001186279324874283,1.939847419649393e-05,1.899006447405046e-05,1.910450799215118e-05
1080.0,0.2337477291967511,0.00275617645214895,0.001186039454994571,0.001185357757236181,1.942155926321048e-05,1.89552990266168e-05,1.908356144094477e-05
1081.0,0.2333498662552574,0.002780270702903658,0.001183471778156736,0.001184480675100478,1.944558103190889e-05,1.891905430698744e-05,1.906007779853043e-05
1082.0,0.2329167146601645,0.002780215937276313,0.001180987070486004,0.001183677798301745,1.946332188320342e-05,1.887899024333556e-05,1.903059803321566e-05
1083.0,0.2327106543480403,0.002787272067918022,0.001179120341115322,0.001182922485255731,1.948315105063791e-05,1.88392708068705e-05,1.90043186462782e-05
1084.0,0.2323895934329611,0.002781577096097906,0.001178208826669625,0.001182175359888408,1.950220198252943e-05,1.880325345019519e-05,1.897898636634846e-05
1085.0,0.2323285216912268,0.002828430241906848,0.00117772319108684,0.00118150038602933,1.951176397744419e-05,1.876983933285491e-05,1.894788023518802e-05
1086.0,0.2322320347215923,0.002806418667688351,0.001176988100625902,0.001180921619111218,1.95244791737315e-05,1.872692029824029e-05,1.890820379794372e-05
1087.0,0.2320587511423031,0.002865670422197907,0.00117711785812271,0.001180437882373813,1.953487384973154e-05,1.869000693275068e-05,1.887363073371788e-05
1088.0,0.2317685729513634,0.002903951520100028,0.001178066076829223,0.001179965666008076,1.953701804277178e-05,1.865522771657547e-05,1.88411225888486e-05
1089.0,0.2311413563240547,0.002838314885461066,0.001177746169588262,0.00117949336216285,1.953029971464093e-05,1.862527270351936e-05,1.880153474652443e-05
1090.0,0.2304796551593888,0.002906503714215485,0.001178528628457275,0.001179017230944276,1.952000810075462e-05,1.858435622849672e-05,1.875835236473315e-05
1091.0,0.2299283665114908,0.002852555429930799,0.001178496946006546,0.001178588799703094,1.950860280406859e-05,1.854607702608634e-05,1.871977440450098e-05
1092.0,0.2294049584609117,0.002849460528544157,0.001178616666190813,0.001178178451669813,1.949269898558688e-05,1.850819623958499e-05,1.866697890077307e-05
1093.0,0.228482061703129,0.002832565988354787,0.00117856669949271,0.001177769456300572,1.946648892561055e-05,1.84693292275854e-05,1.86291754513026e-05
1094.0,0.227854369896844,0.00288674837282687,0.001179215912613234,0.001177379676672326,1.943598314150048e-05,1.843325323606284e-05,1.858440530078897e-05
1095.0,0.2271846343306727,0.002873096034896904,0.001179316029912016,0.001177018689719364,1.938946000846748e-05,1.840287938991132e-05,1.853204465995092e-05
1096.0,0.2266931904254914,0.002858336192429499,0.001179101030689568,0.00117663507685674,1.935174372031638e-05,1.836533372403724e-05,1.84860998674048e-05
1097.0,0.2260177646044405,0.002886276711970098,0.00117931638338579,0.001176216008843284,1.930857430629895e-05,1.833225987125827e-05,1.844608284124649e-05
1098.0,0.2250482295662792,0.002873131301727562,0.00117888730425488,0.001175806624634744,1.926160864263162e-05,1.829436551529857e-05,1.840415286300401e-05
1099.0,0.2242611804752905,0.002857851406266396,0.001178514148614596,0.00117541757608931,1.921710723474423e-05,1.826126540168206e-05,1.835837410317468e-05
1100.0,0.2237066700337003,0.002853335190127784,0.001178330604762135,0.001174996807882272,1.917038291016184e-05,1.821973748430697e-05,1.832699558173225e-05
1101.0,0.2230567621515168,0.002878840256169356,0.001178096916150072,0.001174572095233501,1.912467862883749e-05,1.818611152444862e-05,1.829106347443629e-05
1102.0,0.2224697371956402,0.002874180398954484,0.00117718495066468,0.001174137973935175,1.907997183418314e-05,1.814963942622186e-05,1.826061920358982e-05
1103.0,0.22203821420481,0.002925201687752807,0.001177229566146846,0.001173646706160036,1.903554030522686e-05,1.812104188937059e-05,1.82393238587491e-05
1104.0,0.2214832057730986,0.002911518715341081,0.001175021295494389,0.001173094471945984,1.898876291499168e-05,1.809117479822199e-05,1.8214490947814e-05
1105.0,0.2209953391928299,0.002877493108998372,0.001173913892372295,0.001172542402350292,1.89484891452387e-05,1.805693308389951e-05,1.81870989262075e-05
1106.0,0.220459921672312,0.002875965318054678,0.001171641939904016,0.001171994159001906,1.89030212730267e-05,1.801756026008417e-05,1.817301595704129e-05
1107.0,0.2199081740257285,0.002890093632603861,0.001169196668380701,0.001171447886081889,1.886578492802831e-05,1.797738174133421e-05,1.815481203482308e-05
1108.0,0.2191112376448716,0.002867674089358196,0.001165552422556531,0.001170905506183703,1.882711078459707e-05,1.794091200997032e-05,1.814053182672405e-05
1109.0,0.2183823916173424,0.002880288661092565,0.001162518377442633,0.001170345960358647,1.879423784364677e-05,1.790377070191642e-05,1.812406995844423e-05
1110.0,0.2177250647330738,0.002906033431063742,0.001159860918794917,0.001169788751396537,1.87573388174387e-05,1.786478487078879e-05,1.811384662214931e-05
1111.0,0.2170476321223574,0.002907666646149204,0.00115662936827695,0.001169210399805975,1.873010255332969e-05,1.782310045699149e-05,1.809915536552181e-05
1112.0,0.216398199921023,0.002928907492888419,0.001153042464335771,0.001168589730014791,1.870029285721166e-05,1.777732193052925e-05,1.808706970541938e-05
1113.0,0.2159904408020102,0.002963246025790697,0.001149886267120364,0.001167953772368423,1.867410304293824e-05,1.773353398207927e-05,1.807002323184985e-05
1114.0,0.2155576579032926,0.00293011016102785,0.001145085762093661,0.001167288527736305,1.86471444464286e-05,1.768361742267353e-05,1.805610380263936e-05
1115.0,0.2150579185121475,0.002886425177092005,0.001140398208158802,0.001166627838889023,1.86297779637786e-05,1.763639032889347e-05,1.804126848802744e-05
1116.0,0.2146037955908726,0.002942022107981959,0.001135504506867416,0.001165974826309157,1.861334180093783e-05,1.759471179229864e-05,1.802602318211754e-05
1117.0,0.214146499280287,0.002946355862837112,0.001129845186220457,0.001165356348002375,1.860176604989788e-05,1.755072137540014e-05,1.801758837002471e-05
1118.0,0.2136411563610778,0.002900313492607004,0.001124606873610192,0.001164694582286098,1.857282793934282e-05,1.75127370333006e-05,1.800496129597268e-05
1119.0,0.2132426520262119,0.002905480700429587,0.001119782699628309,0.001163986708816655,1.855999799095134e-05,1.747812223546181e-05,1.798790419017253e-05
1120.0,0.2129748271625878,0.002928921229721418,0.001115977928891558,0.001163287083029936,1.854579332472776e-05,1.744598664628045e-05,1.797101931132701e-05
1121.0,0.2127740983376905,0.002910112819004651,0.001110822690497122,0.001162576444487011,1.853301221781688e-05,1.740802663491186e-05,1.795142099888082e-05
1122.0,0.2124021193324346,0.00291568349474538,0.001105926322249197,0.001161843540508254,1.851172816964155e-05,1.736638522708031e-05,1.793070003407284e-05
1123.0,0.2119973620122939,0.002874460368027305,0.001101055877253215,0.001161043081938686,1.847991500759615e-05,1.733401192031182e-05,1.791060832403658e-05
1124.0,0.2115141668644566,0.002854682686252582,0.001096046997498747,0.001160273750605313,1.845102698380604e-05,1.730187213353017e-05,1.788742607130633e-05
1125.0,0.2109932786994857,0.002888016391875146,0.001090905158969989,0.001159556322345893,1.842352128897438e-05,1.727194904068605e-05,1.7859343280092e-05
1126.0,0.210570409121041,0.002895152868579658,0.001086423295571963,0.001158818161961065,1.83981617443264e-05,1.724416792364369e-05,1.783230334601183e-05
1127.0,0.2105177500062559,0.002849078496981028,0.001081237785031131,0.001158065231587455,1.837804470850274e-05,1.721834849652666e-05,1.780407066188204e-05
1128.0,0.2104519740798068,0.002867438549114089,0.001075515190100917,0.001157321204552829,1.834968012177327e-05,1.718616313780707e-05,1.777381884703164e-05
1129.0,0.2104615677302974,0.002813216115414391,0.001069999100566532,0.001156578484061933,1.831524683172347e-05,1.715325663157395e-05,1.774601621620144e-05
1130.0,0.2104183545543144,0.002759485596533625,0.001064299456702164,0.001155843097828583,1.828677006899948e-05,1.712210924538845e-05,1.772130289731168e-05
1131.0,0.2103120458665883,0.002750683771960209,0.001058453758855561,0.001155174789612085,1.824826450130927e-05,1.709252553443774e-05,1.769987738356916e-05
1132.0,0.2103176390632986,0.002756800215208057,0.001052878988650474,0.001154536297715907,1.821419756378319e-05,1.706453808843429e-05,1.766794250088482e-05
1133.0,0.2102078122557714,0.002730591446650311,0.001046922793257493,0.001153948780985253,1.817601649358483e-05,1.703465377009041e-05,1.763866434163802e-05
1134.0,0.2098293100225023,0.002683429677616415,0.001040752009994466,0.001153374053492236,1.81352740296148e-05,1.700460978970409e-05,1.76124873927128e-05
1135.0,0.2096621046414953,0.002651915986705583,0.001034575388545785,0.001152831704766645,1.809358206228575e-05,1.697348540381496e-05,1.758016186566817e-05
1136.0,0.2094585756534088,0.002627509829587958,0.001028287445610473,0.001152250054223424,1.804830021854668e-05,1.693899513809428e-05,1.754901936828444e-05
1137.0,0.2090882124111398,0.002594301376923121,0.001022334241647738,0.001151660489296794,1.800810761619831e-05,1.690480560577749e-05,1.751329714087366e-05
1138.0,0.2087715566554895,0.002562761461224184,0.001016763855224635,0.001151166075463751,1.79597071563074e-05,1.686694296868561e-05,1.747943016855141e-05
1139.0,0.2086877678810403,0.002558832533879152,0.001011648510676241,0.001150727313233402,1.791319067948771e-05,1.683191700394367e-05,1.743926498062759e-05
1140.0,0.2083597672127094,0.002517075746932511,0.001006720717073241,0.001150301348172324,1.787481447070101e-05,1.679345702034811e-05,1.738818257301766e-05
1141.0,0.208022482256142,0.002541000367729511,0.001002197055875897,0.001149866529395566,1.783064251077777e-05,1.675758351356254e-05,1.733762966192797e-05
1142.0,0.207736853567971,0.002542812473420972,0.0009982528971565986,0.001149403446237776,1.77860320985268e-05,1.672412768309784e-05,1.729073883707842e-05
1143.0,0.2072988288230348,0.002510316467506326,0.0009937333391659116,0.001148960628300921,1.77442795769536e-05,1.668814866539359e-05,1.724167510259681e-05
1144.0,0.2067373633796316,0.002520623774964141,0.0009904477592964705,0.001148502785309795,1.770148774051281e-05,1.66533437372358e-05,1.719424540993861e-05
1145.0,0.2061847827718472,0.002464257180528044,0.0009876524665171857,0.001147991843386185,1.76571901620807e-05,1.66188852446504e-05,1.713781445683873e-05
1146.0,0.2057914563053322,0.002457526108179524,0.0009853229848503233,0.001147464340921957,1.761672738308321e-05,1.658701037850633e-05,1.707886366551475e-05
1147.0,0.2054468492051702,0.00245118511681763,0.0009839220745399956,0.001146880967249609,1.757259252526356e-05,1.655412740084773e-05,1.701926068217059e-05
1148.0,0.2050435387872455,0.002473698492054263,0.0009831413077297827,0.001146257525908966,1.75293424966253e-05,1.652841856718668e-05,1.695563565307373e-05
1149.0,0.2045765449668593,0.002444926760436843,0.0009825643268437387,0.001145641874937522,1.747454163961535e-05,1.649485677589731e-05,1.689352357518896e-05
1150.0,0.203930208903957,0.002432919378728563,0.0009825162659172304,0.00114497209211351,1.742411507620286e-05,1.646236121799796e-05,1.682844595891308e-05
1151.0,0.2033962688959944,0.002411986731075181,0.000982027526027291,0.001144285141759934,1.737550855874035e-05,1.643423142004592e-05,1.675903146479865e-05
1152.0,0.2029680230167164,0.002389377542337678,0.000981741933767653,0.00114357721561516,1.732897737990044e-05,1.640346555648489e-05,1.669160409749617e-05
1153.0,0.2026440182919167,0.002400029230994437,0.0009816595098463138,0.001142839730596601,1.727888798480309e-05,1.63797218274979e-05,1.663012036067739e-05
1154.0,0.2023077040246815,0.002419568590327627,0.0009816770341456369,0.001141980449625077,1.723379433561595e-05,1.635781997275751e-05,1.656445711030802e-05
1155.0,0.2019186800491923,0.002382493775059054,0.0009817116259301442,0.001141074886145474,1.71857359182472e-05,1.6333779385721e-05,1.650049776387996e-05
1156.0,0.2014495782438306,0.002371094578368429,0.0009816224666749397,0.001140118804021818,1.71311996073879e-05,1.630932900308887e-05,1.643610005772412e-05
1157.0,0.2009505116616811,0.00231874480281688,0.0009811777246870395,0.001139101720204886,1.707490273675931e-05,1.628425911937842e-05,1.637097662237196e-05
1158.0,0.2005554885242259,0.002338482930508766,0.0009808965123824626,0.001137984009528782,1.702185618593695e-05,1.625638968035723e-05,1.631417470837169e-05
1159.0,0.2001115185415756,0.00229223034985271,0.0009796312361105767,0.001136759106820457,1.696904019202149e-05,1.623201802432274e-05,1.62520507519341e-05
1160.0,0.1997076597556521,0.002270617184599475,0.0009783800773982322,0.001135420111828856,1.691977000799449e-05,1.621234934440367e-05,1.618692841899983e-05
1161.0,0.1992457678642791,0.002255840141878827,0.000976791732426117,0.001133976260229333,1.687068683952469e-05,1.618670546750096e-05,1.612084744787734e-05
1162.0,0.1989780502632399,0.002226336898243924,0.000975071245820482,0.001132504695790925,1.681870521227918e-05,1.616280397421658e-05,1.606076081394327e-05
1163.0,0.1987246372410856,0.002215414122220678,0.0009733121455398577,0.00113100084842623,1.677317207095576e-05,1.613736275125965e-05,1.600168915313566e-05
1164.0,0.1983600106807912,0.002197016322324047,0.0009713737996763163,0.001129424528618685,1.67192914236839e-05,1.610339734152239e-05,1.594955538532682e-05
1165.0,0.1981140007198864,0.002168529861033278,0.0009693822107187946,0.001127789004022704,1.667155804626193e-05,1.606551333854136e-05,1.589615982745806e-05
1166.0,0.1977867857417818,0.002134659925497414,0.0009669553650099929,0.001126031830936057,1.661577973261975e-05,1.603580912575242e-05,1.583791626440341e-05
1167.0,0.1972505351143806,0.002113958177137956,0.0009642508737228945,0.00112419319017591,1.656491672693437e-05,1.600314272426303e-05,1.578933846236841e-05
1168.0,0.1966784968882549,0.002086554397232438,0.0009611845456143418,0.001122299673056578,1.651822516854604e-05,1.59695857223724e-05,1.574201937094384e-05
1169.0,0.1961835342663187,0.002074675296564899,0.0009580302121990408,0.001120361837181698,1.646781815637731e-05,1.592599382117964e-05,1.569521940665337e-05
1170.0,0.1956052340420716,0.002036281478667276,0.0009545366958217373,0.001118369720241812,1.641275318514389e-05,1.588546784406962e-05,1.56532130900897e-05
1171.0,0.1951332456928829,0.002025161667420005,0.0009513329240908302,0.001116383542895107,1.636248489003962e-05,1.584599705530569e-05,1.561606999639699e-05
1172.0,0.1946972094495097,0.002004505371678104,0.0009480604469004425,0.001114362295086025,1.63121700980426e-05,1.581022416562402e-05,1.558457235944874e-05
1173.0,0.1942464962934417,0.001960593546561842,0.0009444115528815414,0.001112310146242598,1.626773610756774e-05,1.577385425425284e-05,1.554409783811557e-05
1174.0,0.1938141239547167,0.001955789049308478,0.0009411000514607857,0.001110246340066213,1.62173427501547e-05,1.574211599829648e-05,1.552091746484265e-05
1175.0,0.1931414118545247,0.001940587378029041,0.0009378793377760441,0.001108227912505405,1.617370360222049e-05,1.570656746270432e-05,1.549080989720676e-05
1176.0,0.1927287999198826,0.00191724985415157,0.0009347403816626738,0.001106195182536791,1.61125577048887e-05,1.567670323184351e-05,1.54670085606334e-05
1177.0,0.1923222140946486,0.001901483141087452,0.0009320468515339014,0.00110416213420488,1.60615280456902e-05,1.564715419464204e-05,1.545298726057181e-05
1178.0,0.1918857813723133,0.001875112175665465,0.0009296132261174243,0.00110213757217056,1.600918048339378e-05,1.562070558312383e-05,1.543730901539648e-05
1179.0,0.1915869043231595,0.001873119163856645,0.00092771955330347,0.001100140703185598,1.595182143981992e-05,1.559839715686468e-05,1.543519457627604e-05
1180.0,0.1914787117493801,0.001865447020398977,0.0009260799957105863,0.001098136903812241,1.58943748231226e-05,1.558349938545e-05,1.543269660264403e-05
1181.0,0.1913709200212391,0.001856213203371107,0.0009242319688648398,0.001096130787502572,1.583722779160368e-05,1.557118532133769e-05,1.543604926690478e-05
1182.0,0.1911280198536969,0.001862673409803402,0.0009229333281947136,0.001094198631821936,1.577881541956877e-05,1.555677902739762e-05,1.544270233653649e-05
1183.0,0.190884899344557,0.001856269145824847,0.000921371169237237,0.001092238326953257,1.571837370501393e-05,1.553893490674747e-05,1.545364416546471e-05
1184.0,0.1906599949163277,0.001844768187046971,0.0009201229898917987,0.001090265378049849,1.565829202496678e-05,1.551980821073487e-05,1.546501680918626e-05
1185.0,0.190373213628048,0.001843336075902628,0.0009192154348338403,0.001088364753103458,1.560189316282578e-05,1.550078079936032e-05,1.547478491117434e-05
1186.0,0.1902393378534014,0.001842467074080584,0.0009184739159326772,0.001086558731293356,1.554543496553455e-05,1.548334252920561e-05,1.549391030920382e-05
1187.0,0.1902946643561277,0.001869295228989956,0.0009185718237352018,0.001084817835551604,1.549977331377224e-05,1.546926604664523e-05,1.551677143890577e-05
1188.0,0.190117983139775,0.001871866408226887,0.000918225481176134,0.001083102162967869,1.545385834544052e-05,1.545444987374532e-05,1.554439218127478e-05
1189.0,0.1899910451025754,0.001882338857973589,0.000918131447701787,0.001081423452151301,1.5412372833596e-05,1.543717987507288e-05,1.556659747529042e-05
1190.0,0.1900324504857199,0.00191091246498772,0.0009185616332729526,0.001079796266797146,1.537919529289321e-05,1.541933122843596e-05,1.559398656800853e-05
1191.0,0.1898520662138486,0.001947494314463142,0.0009186224877864693,0.001078247005299519,1.535148402731242e-05,1.539556765890561e-05,1.562141780999931e-05
1192.0,0.189556129325737,0.001963797020617895,0.0009184321212975658,0.001076676437022299,1.532587947817744e-05,1.536910768104865e-05,1.565188049285695e-05
1193.0,0.1893751784997318,0.001966021949843445,0.0009186851189764609,0.001075173356816599,1.530061380571514e-05,1.534704602199968e-05,1.568371089021282e-05
1194.0,0.1891215779280714,0.001989810326752234,0.0009189860983012001,0.001073697347971384,1.527821783717668e-05,1.53125671303701e-05,1.571264724312662e-05
1195.0,0.1888762227430377,0.002001420815585909,0.0009191583137179112,0.001072278453067635,1.526701964700983e-05,1.528285994013181e-05,1.573838954125182e-05
1196.0,0.1888268676270458,0.002040011524893272,0.0009193192152002245,0.001070937612825182,1.525868612423827e-05,1.525827672629432e-05,1.57642632010742e-05
1197.0,0.18876725870401,0.002071385697561493,0.0009197918088386886,0.001069683908995661,1.525312424136026e-05,1.523078772561648e-05,1.578434775010179e-05
1198.0,0.1888009984424916,0.002119545978989089,0.0009195046549124882,0.001068468950909952,1.525595254913645e-05,1.520221076610985e-05,1.580779039403548e-05
1199.0,0.1887094239775437,0.002119718761600729,0.000918818237619852,0.001067232217685102,1.525286328456528e-05,1.517486006610541e-05,1.582639849669828e-05
1200.0,0.1886349218629913,0.002154263251195632,0.0009185296418456958,0.001066001352542885,1.525572432914679e-05,1.514790139307922e-05,1.584098679071189e-05
1201.0,0.1885723661513781,0.002172618295079988,0.000917849394734645,0.001064835079574391,1.525871655658809e-05,1.512253657022391e-05,1.585516023142429e-05
1202.0,0.1886266012863025,0.002188958060269403,0.0009169361702372801,0.001063680372038792,1.526364766787945e-05,1.509774860170766e-05,1.586972784400975e-05
1203.0,0.1885979487302564,0.002201017071901429,0.0009163923559790332,0.001062538432972435,1.527112165705946e-05,1.507409913130491e-05,1.588008859305757e-05
1204.0,0.188507516019475,0.002211063429143413,0.000915626479898972,0.001061483968789263,1.528299896582497e-05,1.505117036872317e-05,1.588450398895291e-05
1205.0,0.1884622999076308,0.002215973670932617,0.0009153496962665632,0.001060409701565289,1.52923211532768e-05,1.502894061339369e-05,1.58861322930209e-05
1206.0,0.1885547539927022,0.00221745958649769,0.0009149215688629073,0.001059302984373264,1.530112953206408e-05,1.501741839967853e-05,1.588135251293123e-05
1207.0,0.1885981548384591,0.002267074991258449,0.0009152658636245188,0.001058232752908577,1.531291923964964e-05,1.500881573136814e-05,1.587630171754787e-05
1208.0,0.1888253295706599,0.00226536798249203,0.0009152298717867908,0.001057196714481307,1.533322509491473e-05,1.500546008749832e-05,1.586276946677721e-05
1209.0,0.1888859943766581,0.002272914825393372,0.0009151859218806648,0.001056213499922292,1.535019338781786e-05,1.500616434957444e-05,1.584622806175711e-05
1210.0,0.1891160275394763,0.002276980348433223,0.0009151194732009989,0.001055242313845626,1.537432313608845e-05,1.500836204153713e-05,1.582589110518914e-05
1211.0,0.1893589971432057,0.002284598646120524,0.000915240629464419,0.001054312949577999,1.539942659688052e-05,1.50116250434048e-05,1.580420498424368e-05
1212.0,0.1895489806985186,0.002281046805346375,0.000914681752590148,0.001053371633130896,1.54265366771666e-05,1.502355140653834e-05,1.577494767964147e-05
1213.0,0.1896834300398857,0.002290257395645284,0.0009144294039914152,0.00105245357657396,1.544866216088427e-05,1.504173564741755e-05,1.574060306521413e-05
1214.0,0.1898651006826362,0.002298547216473267,0.0009133577216076286,0.001051569822401007,1.547148096207886e-05,1.506116023447528e-05,1.570923505771867e-05
1215.0,0.1899831120580606,0.002330237676843094,0.0009124497564095322,0.001050760316211735,1.548543885827861e-05,1.508195526181247e-05,1.567218941127747e-05
1216.0,0.1902108107479005,0.002313717414543595,0.0009108353172836632,0.001049945190692772,1.550582758312998e-05,1.510466615193304e-05,1.562447397045294e-05
1217.0,0.1905477183838887,0.002353853108412861,0.0009095351879767256,0.001049170803028868,1.552013406914579e-05,1.512954646185215e-05,1.558096412393454e-05
1218.0,0.1908583795202768,0.002329246857992401,0.0009070844058174444,0.001048432708183014,1.553444309325938e-05,1.515640891117815e-05,1.552503896005649e-05
1219.0,0.1912047043245813,0.002312218876815897,0.0009045935467436655,0.001047707059248854,1.554670088856211e-05,1.517535023204136e-05,1.547315790024966e-05
1220.0,0.1915516482544107,0.002307603951361806,0.0009021531100478189,0.001046981830205216,1.555561256309147e-05,1.519197939437395e-05,1.541815211985714e-05
1221.0,0.1918120103144476,0.00230995493591069,0.0008993263394729749,0.00104629069886673,1.555835506668729e-05,1.52128402008371e-05,1.536222584593008e-05
1222.0,0.1919625538649684,0.002298135406660047,0.0008964173602089661,0.001045591823916194,1.555825485163064e-05,1.522950136085648e-05,1.529931569493471e-05
1223.0,0.1920943685780754,0.002266140408744322,0.0008932723372313536,0.001044914486740173,1.555329039053239e-05,1.524500893234722e-05,1.5229157485698e-05
1224.0,0.1922575454823548,0.002259059377191685,0.0008904302132347971,0.001044282842586367,1.55480978141993e-05,1.526072971707606e-05,1.5157122587662e-05
1225.0,0.1924591978116303,0.002234444661095435,0.0008877513650626837,0.001043690904897909,1.553851715516351e-05,1.526331831333283e-05,1.508854018294363e-05
1226.0,0.1924376628733172,0.002243978356772631,0.0008842638613243734,0.001043111724739943,1.552541756928713e-05,1.526487237897079e-05,1.501657320605046e-05
1227.0,0.1922436346549223,0.002230924029304167,0.000880773328011654,0.001042571065822684,1.551595294619741e-05,1.525937402245607e-05,1.494181868491848e-05
1228.0,0.192211250404126,0.002232868441502655,0.0008772118333621383,0.001042018032038651,1.55021763614041e-05,1.525131690580788e-05,1.486971724483329e-05
1229.0,0.1922789066831963,0.002237349707680301,0.0008739270663776512,0.001041482990784971,1.548247740735546e-05,1.524467983246359e-05,1.480677509312153e-05
1230.0,0.1923006789280025,0.002216598271406266,0.0008702950513832463,0.001040967870910177,1.546526934329587e-05,1.523513947030399e-05,1.474141251794774e-05
1231.0,0.1922795796822798,0.00221303607471695,0.0008668398683578736,0.001040455193970315,1.544475428952993e-05,1.522750665435814e-05,1.468192340622897e-05
1232.0,0.1923189886175675,0.002233492825960638,0.0008646048701174108,0.001039902506337814,1.542033119659674e-05,1.520709809730959e-05,1.462251987814067e-05
1233.0,0.192238312111283,0.00221551354556253,0.0008610767243492529,0.001039337087526735,1.539758429122739e-05,1.519617119733146e-05,1.456888810371932e-05
1234.0,0.1919041943610501,0.002229870422821612,0.0008575611659873535,0.00103874546845976,1.537031273144279e-05,1.517382649292782e-05,1.451417285338944e-05
1235.0,0.1917086489279708,0.002234197852043885,0.0008540244530182403,0.001038145056520952,1.534258037610246e-05,1.515250332900663e-05,1.44615093949271e-05
1236.0,0.1915989451265128,0.002273746266152375,0.0008506519054574997,0.001037532630390102,1.531710068784453e-05,1.513118850953415e-05,1.441065559098496e-05
1237.0,0.1915605728127967,0.002225867248197918,0.0008468404385662854,0.001036916314935908,1.529128400921009e-05,1.511023849777054e-05,1.437086027936108e-05
1238.0,0.1914969973911863,0.002220294413764362,0.000843311890638236,0.001036274320625144,1.526432938929943e-05,1.508815447543862e-05,1.43337102048063e-05
1239.0,0.1913942639722858,0.002182448025011556,0.0008390759642590728,0.001035637571652051,1.52291596001795e-05,1.50634209124614e-05,1.43056323302202e-05
1240.0,0.1914960954475323,0.002209248819165667,0.0008355225710179768,0.00103499933095258,1.519868118253506e-05,1.50397683104697e-05,1.42760086495311e-05
1241.0,0.1914761288501927,0.002166393787578456,0.000831488696115706,0.001034397184421423,1.516604056543715e-05,1.501678632694736e-05,1.424626944482871e-05
1242.0,0.1914057374079352,0.002189037172107171,0.000828164177148663,0.001033826033442325,1.513663525814896e-05,1.498919433479657e-05,1.422017895081147e-05
1243.0,0.1913786600258387,0.002186949056450549,0.0008248002887580478,0.001033240168369377,1.510394062572079e-05,1.496608642462759e-05,1.419260002008145e-05
1244.0,0.191438684784231,0.002163661050932964,0.0008214541433254625,0.001032636719360364,1.507677232249942e-05,1.493816070988257e-05,1.416074660949009e-05
1245.0,0.191520790222341,0.002165293782388234,0.0008182809194669875,0.001032020249696469,1.504694002691674e-05,1.491417772448385e-05,1.413139156852141e-05
1246.0,0.1915449410298833,0.002136003086092931,0.000815155974324106,0.001031424230590961,1.501562942997504e-05,1.488850699352801e-05,1.409799129629047e-05
1247.0,0.191772171705432,0.002112472579269373,0.0008118331132820028,0.00103082818894233,1.498597098160072e-05,1.486998046329266e-05,1.406462419344083e-05
1248.0,0.1919290705184218,0.002109429814589001,0.0008086773353124974,0.001030189166779025,1.49547323327771e-05,1.485091335884063e-05,1.403521462225334e-05
1249.0,0.1918300843060053,0.002095728546950297,0.0008058381761075534,0.001029563745940022,1.491757555835719e-05,1.48299915960075e-05,1.400598017283136e-05
1250.0,0.1918750366542894,0.002072933266961936,0.000802980565164568,0.001028924759538953,1.488119230606148e-05,1.480321127378441e-05,1.397610808655583e-05
1251.0,0.1918916116797197,0.002074809907466165,0.000799945624968299,0.001028320086353443,1.485680304123851e-05,1.478706081953151e-05,1.394657187830361e-05
1252.0,0.1918742835015252,0.00204219509156445,0.0007972161396272198,0.00102772804216476,1.482526181189419e-05,1.477049214384139e-05,1.392228642606113e-05
1253.0,0.1918452243757597,0.002032769594607557,0.0007948689076430004,0.001027112747607088,1.47955317393204e-05,1.475105466775667e-05,1.39018857953802e-05
1254.0,0.1921703342506061,0.002006869624365246,0.0007925594281911963,0.001026456723544976,1.476921547206638e-05,1.473285345822181e-05,1.387735005557976e-05
1255.0,0.192374735852417,0.002015699925675604,0.0007908093126516761,0.001025803260348193,1.474382219456508e-05,1.471792189577163e-05,1.385204755332727e-05
1256.0,0.1923258387686758,0.001990017616078693,0.0007890049725282887,0.001025158597663446,1.471576904517893e-05,1.469788426033378e-05,1.38273961679949e-05
1257.0,0.1922762626148154,0.001976612235214607,0.0007875335386442891,0.001024508860595972,1.46809998633632e-05,1.467511196468461e-05,1.38066753978978e-05
1258.0,0.1921591491879319,0.001987888803528186,0.0007861645903559496,0.001023847171867406,1.464427149421649e-05,1.464855208126541e-05,1.378732278530085e-05
1259.0,0.1919123058659267,0.00197485110862743,0.000784467281027248,0.001023203018872714,1.460296087843765e-05,1.461944297994354e-05,1.377068423946077e-05
1260.0,0.1914848302903027,0.002022686507058213,0.0007829407891123654,0.001022536437568293,1.456550920256396e-05,1.458875838329843e-05,1.37489470703002e-05
1261.0,0.1910809117313919,0.002013395961405306,0.0007804885399560373,0.001021855481205145,1.45248134640859e-05,1.455511279542159e-05,1.372613059111172e-05
1262.0,0.1905734792074891,0.002008699714028661,0.0007777464924865413,0.001021181473160979,1.448126079386341e-05,1.45187109417451e-05,1.370295658879909e-05
1263.0,0.1904602170884798,0.002008597510396472,0.0007749537198671565,0.00102052728882965,1.444106639373369e-05,1.447661484115706e-05,1.368231866021723e-05
1264.0,0.1901170745022622,0.001999516957216743,0.000771540145398237,0.001019863876280052,1.439217548886082e-05,1.443590105069251e-05,1.366259878623692e-05
1265.0,0.1895748847875236,0.001992592961304584,0.0007677606176891885,0.001019208284478878,1.434321138366249e-05,1.43959682833118e-05,1.364105030553464e-05
1266.0,0.1889218809034595,0.00198144657698015,0.000763395194343675,0.001018469283428656,1.429077536278223e-05,1.434838153453424e-05,1.362116627837564e-05
1267.0,0.1881525855595571,0.001959546662558687,0.0007589475112458673,0.001017707251019963,1.423794380863625e-05,1.429689443305512e-05,1.359342108874201e-05
1268.0,0.1874095112245425,0.001960517961393519,0.0007549317424462957,0.001016923788677302,1.418502733597254e-05,1.424662311702737e-05,1.35661494080857e-05
1269.0,0.1864860151704668,0.001932714756794684,0.0007505390510583446,0.001016091305422415,1.412444145731652e-05,1.419863878329034e-05,1.354035562602274e-05
1270.0,0.1857037726789596,0.001888584237859983,0.0007459877950124215,0.001015281361943493,1.406156576699449e-05,1.414735815476045e-05,1.351384703533119e-05
1271.0,0.1852742101753592,0.001869873400654133,0.0007413873194588589,0.001014477571097769,1.40051419398145e-05,1.410178842906415e-05,1.34859611248433e-05
1272.0,0.1849942379692825,0.001846842392843885,0.0007365737706862302,0.001013695021555577,1.394415238928149e-05,1.405793598427664e-05,1.346342025436519e-05
1273.0,0.1846523797235473,0.001814267322764067,0.0007321910864872771,0.001012928966258733,1.388479858284121e-05,1.401652309661826e-05,1.34432197994681e-05
1274.0,0.1842810924131558,0.001777731477932868,0.0007277089475454805,0.001012140216628957,1.382073515800218e-05,1.397492452804189e-05,1.342459797540162e-05
1275.0,0.1839656361814515,0.001743426114432432,0.0007236940574962106,0.001011302873796658,1.3756314319296e-05,1.393543337961742e-05,1.340131533741341e-05
1276.0,0.1836922947283965,0.001755087873881088,0.0007196079241650849,0.00101044144567676,1.369212580693142e-05,1.389819293651102e-05,1.338111175449687e-05
1277.0,0.1831055525843469,0.001720074593345717,0.0007154922580360154,0.001009567075344613,1.362174220715703e-05,1.38593480958783e-05,1.336370276300183e-05
1278.0,0.1824557617502169,0.001672183846144306,0.0007115199810489955,0.001008652780687183,1.354870170937421e-05,1.382384623501519e-05,1.334666939172724e-05
1279.0,0.1819055146228642,0.001671166660135787,0.0007076934735041024,0.001007737766657938,1.347812144919411e-05,1.378911788615388e-05,1.332923588858759e-05
1280.0,0.1812346283369327,0.001661343527359173,0.000703970513493183,0.001006830518504313,1.34115694058831e-05,1.375624157177083e-05,1.330754872814811e-05
1281.0,0.1806829493714076,0.001639112607926744,0.0007005323280695887,0.001005891094351486,1.333773391853389e-05,1.372314289412193e-05,1.328897644034421e-05
1282.0,0.1802822962066089,0.001589571314414696,0.000696834397886499,0.001004926097481676,1.327344266162878e-05,1.369828172566573e-05,1.326307265589507e-05
1283.0,0.1799670020455925,0.001609069898235016,0.000693745503519778,0.001003952346131091,1.321486353594676e-05,1.367383374570145e-05,1.323946829049155e-05
1284.0,0.1795795511694327,0.001594701694804277,0.0006903108814452886,0.001002957084047793,1.315406920834695e-05,1.364309471019464e-05,1.321478327981394e-05
1285.0,0.1792135451811713,0.001566070903073374,0.0006870860946423147,0.001001972787667691,1.308735664897192e-05,1.361953003126262e-05,1.318837657209416e-05
1286.0,0.1786544853758822,0.001585080016464025,0.0006836187482677516,0.001000988858713732,1.303130241782874e-05,1.360071165785954e-05,1.316226323040068e-05
1287.0,0.1783176434222691,0.001599139688399984,0.0006806008161614573,0.000999977453867357,1.298016426317959e-05,1.358395014984352e-05,1.313960628459174e-05
1288.0,0.1781024673653897,0.001564564315384009,0.0006772169374964777,0.0009989807403625128,1.293219379428301e-05,1.356535582648538e-05,1.31081588861777e-05
1289.0,0.1777781976878479,0.001545178118486365,0.0006739013125080739,0.0009980067787432058,1.289143100063031e-05,1.355402403973084e-05,1.307835971996467e-05
1290.0,0.1776950108859958,0.001531319529152827,0.0006711074254956403,0.0009970453924842257,1.285384643445645e-05,1.353981724286124e-05,1.304903499323045e-05
1291.0,0.1776637575405355,0.001544908299466304,0.0006686829145846008,0.0009960449765118583,1.28210027005631e-05,1.352876761069062e-05,1.302423407561746e-05
1292.0,0.1774762165010548,0.001533198199050461,0.0006655550600849073,0.0009950155229075696,1.279588080144365e-05,1.351547771176628e-05,1.299913608567489e-05
1293.0,0.1773357063818496,0.001523810294887278,0.0006628601632097295,0.000993911564431065,1.277380473035657e-05,1.350351514961393e-05,1.29697397950302e-05
1294.0,0.1770406517641642,0.00151112568902157,0.0006599129252962246,0.0009927845566271238,1.274537390717743e-05,1.348553340268014e-05,1.293518990845332e-05
1295.0,0.1769906539591167,0.001497044921463706,0.0006570295151505483,0.00099166086746035,1.271537738285051e-05,1.347581478755964e-05,1.290002115540701e-05
1296.0,0.1770187667349051,0.001495537689369412,0.0006541757427108934,0.000990509777870825,1.268756513787163e-05,1.346594835712488e-05,1.286459669079003e-05
1297.0,0.1771478656000532,0.001487984214159372,0.0006510473042706423,0.0009893532421141518,1.266273962012671e-05,1.345613354188069e-05,1.283157760918965e-05
1298.0,0.1772936254100392,0.001554315162510451,0.0006486985356014678,0.0009881651825369964,1.264683877969974e-05,1.344363046022696e-05,1.279989154143917e-05
1299.0,0.1770986070129801,0.001535118723831346,0.0006453834826856486,0.000986955125242733,1.262254153947562e-05,1.342904783546642e-05,1.276928379032872e-05
1300.0,0.1769585276436193,0.001512248513922003,0.0006418757432151518,0.000985752599682111,1.260133849995359e-05,1.341545795530992e-05,1.273695556911093e-05
1301.0,0.1763954109674613,0.001472720777256327,0.0006385008438258596,0.0009845626837020228,1.258342275818115e-05,1.339995498252368e-05,1.271125307437004e-05
1302.0,0.175984852982789,0.001435834268788453,0.0006352554546029826,0.0009833508612120147,1.257089574547559e-05,1.33819084233972e-05,1.268341791292945e-05
1303.0,0.1759116238560594,0.001460512488051776,0.0006323396240397167,0.0009821300747846404,1.256421811981238e-05,1.336908617682923e-05,1.266110137410389e-05
1304.0,0.175721946051641,0.001421279519167859,0.0006294550907863563,0.0009808437540351595,1.255629072650188e-05,1.334599588140042e-05,1.263626770288161e-05
1305.0,0.1751895661281289,0.001391223661071792,0.0006270202529877325,0.0009795504251262383,1.25471822935797e-05,1.332479574807686e-05,1.261489590397569e-05
1306.0,0.1748705431199562,0.001383042810970178,0.0006247889520665317,0.0009782217462965454,1.253786037612286e-05,1.330471183141848e-05,1.259524770627553e-05
1307.0,0.1749122977616744,0.00138142413675854,0.0006228491258326326,0.0009768307922673148,1.253056360148791e-05,1.328927700785691e-05,1.258178486713527e-05
1308.0,0.1751981702111524,0.001357740996795665,0.000621188391226587,0.000975430733761197,1.253223146871155e-05,1.327177371679111e-05,1.256461223713046e-05
1309.0,0.175372533627441,0.001340094754898056,0.0006199483584287273,0.0009740490056429372,1.252913328928208e-05,1.325940297522204e-05,1.254821967347493e-05
1310.0,0.1756788340986656,0.001351406037601212,0.0006191277330386172,0.0009726808143177939,1.253138702423658e-05,1.324610719332927e-05,1.252899611243532e-05
1311.0,0.1759571601895255,0.001350214873389418,0.0006186501915263257,0.0009712637230082097,1.253224774799903e-05,1.323477459269594e-05,1.251467550831368e-05
1312.0,0.1760562693794831,0.001331406583929873,0.0006179616137024156,0.0009698271358465834,1.253664681025813e-05,1.322701485629265e-05,1.250109160591629e-05
1313.0,0.175954068704549,0.001321463104121817,0.0006178679406511194,0.0009683571402770452,1.254001616479079e-05,1.321580173167668e-05,1.248747281487748e-05
1314.0,0.1758719821855481,0.001312931380939234,0.0006178336228613189,0.0009668591152849189,1.254085299988219e-05,1.320618893567672e-05,1.247399293438051e-05
1315.0,0.175879687826282,0.001323763367428416,0.0006181148361469297,0.0009653351862180154,1.254359797872407e-05,1.319617103920138e-05,1.245676045251308e-05
1316.0,0.1758451694054721,0.001319074982660928,0.00061841284891911,0.0009638139159057803,1.254751109164728e-05,1.319306225699933e-05,1.24395188468345e-05
1317.0,0.1758270557361501,0.001345024843884399,0.0006189548583888736,0.0009622602580377407,1.255164517595307e-05,1.318634520154741e-05,1.242585979357128e-05
1318.0,0.1758751660161419,0.001314611512538769,0.0006194593032661827,0.0009607353344020132,1.25567443604829e-05,1.318435950917585e-05,1.240892833308076e-05
1319.0,0.1760047522134032,0.001353051084563199,0.000620549847432097,0.0009592252987287969,1.256353084743104e-05,1.317772469459881e-05,1.239810210205354e-05
1320.0,0.1760323496209396,0.001340208798521239,0.0006212502014919432,0.0009577167256108342,1.256953764701961e-05,1.317087368183842e-05,1.238465505742377e-05
1321.0,0.1760550320514392,0.001344841830732853,0.0006222225035457833,0.0009562050399204839,1.258175254625702e-05,1.31653613033724e-05,1.237618775683664e-05
1322.0,0.1758658384425722,0.001339110783444487,0.0006228781937163943,0.0009546915917783453,1.25874755264185e-05,1.315979604423251e-05,1.237195292931683e-05
1323.0,0.1758120166957629,0.001351992864086526,0.0006239861479192915,0.0009531735147205766,1.259426652927224e-05,1.315455966227207e-05,1.236493173398714e-05
1324.0,0.1758627154107943,0.001336043517657247,0.0006246162240257654,0.0009516845425797566,1.259937316310239e-05,1.314659290929949e-05,1.236299438246979e-05
1325.0,0.1758308018505219,0.001356729278011439,0.0006255000621363335,0.0009502481921915026,1.260932036435706e-05,1.313924827431452e-05,1.236095613891378e-05
1326.0,0.1757860005375942,0.00136819305477568,0.0006262883171964292,0.0009488344772817467,1.261426160967493e-05,1.313124783073022e-05,1.235669760063231e-05
1327.0,0.1760267368930979,0.001382306544936312,0.0006273432949394878,0.0009474182915506228,1.262030906228754e-05,1.312162212843502e-05,1.235934633773413e-05
1328.0,0.1761291898457062,0.001366533496874255,0.0006277143711876654,0.0009460090295948303,1.261941860748676e-05,1.311118033063771e-05,1.236189090744258e-05
1329.0,0.1764106306555485,0.001401134367625587,0.0006287449909143767,0.0009446486915068336,1.262465015842007e-05,1.310393095327033e-05,1.236462387558035e-05
1330.0,0.1768250133266122,0.001404966492795145,0.0006291009142234462,0.0009433289385422433,1.262034359022198e-05,1.309253595818271e-05,1.23740867096628e-05
1331.0,0.1772191527384727,0.001387097674025581,0.000629272096171324,0.0009420347381203687,1.261613604752233e-05,1.308436618888725e-05,1.237923994852327e-05
1332.0,0.1775315150294864,0.001375515985073905,0.000629622908143897,0.0009408052422028478,1.260745182023311e-05,1.308047827955529e-05,1.238273361546559e-05
1333.0,0.177843979679929,0.001407397114609807,0.00063030558568718,0.0009396508689167306,1.260918460001561e-05,1.307096489196613e-05,1.238840875896579e-05
1334.0,0.1781439189932867,0.001403340494499264,0.000630667018932367,0.0009385432958561017,1.259896876480422e-05,1.306231757213764e-05,1.239709191676083e-05
1335.0,0.1783858050452756,0.001420993890781447,0.0006313037398148971,0.0009375109254753487,1.258924529495913e-05,1.305891088770944e-05,1.240714144083165e-05
1336.0,0.1786938797304244,0.001409854723828298,0.0006315714627555788,0.0009365317400720934,1.257143520796738e-05,1.304723164811096e-05,1.241213314647164e-05
1337.0,0.179124171385342,0.001420397286159398,0.0006323095889312071,0.0009355840023970612,1.255819822390589e-05,1.30328531970456e-05,1.241677309113644e-05
1338.0,0.1794089572378302,0.001433466363673711,0.0006326199254187919,0.000934687538073828,1.254062767135457e-05,1.30200098077936e-05,1.242229347180341e-05
1339.0,0.1796519304818617,0.001430627821304436,0.0006331176301680552,0.0009338371131728892,1.252664010343459e-05,1.300923481159362e-05,1.242938112291065e-05
1340.0,0.1800536833941515,0.001406758166055652,0.0006331599192527395,0.0009330453343579043,1.250790321891056e-05,1.299649707085204e-05,1.243744072827272e-05
1341.0,0.1804846087816377,0.001440850731181703,0.0006338053717658651,0.0009322918825055527,1.249318299414975e-05,1.298591615844939e-05,1.244300937941402e-05
1342.0,0.1808207037086797,0.001445328232099215,0.0006336932765035843,0.0009315580768132574,1.2474061185238e-05,1.297504998040336e-05,1.245075208103502e-05
1343.0,0.1809878872622046,0.001467793464370362,0.0006332821204596251,0.0009308406504880999,1.245674630572448e-05,1.295980639009468e-05,1.245883874040558e-05
1344.0,0.1812851076450764,0.001452580999479648,0.0006325736934809647,0.0009301680546578058,1.243074687626409e-05,1.294833181687169e-05,1.246714310776999e-05
1345.0,0.1813952732259116,0.001445103990827006,0.0006317173720408146,0.0009295001511823226,1.240575679998025e-05,1.29309911721195e-05,1.247500885073878e-05
1346.0,0.1815412045813015,0.001447428439307407,0.0006302830713861643,0.0009288687168208269,1.238300288520625e-05,1.290979849785505e-05,1.247768289474271e-05
1347.0,0.1816887750316042,0.001442652811448926,0.0006288062188418334,0.0009282736345500144,1.23636033955381e-05,1.288864935999426e-05,1.24801345256636e-05
1348.0,0.1818986851547741,0.001417430880938486,0.0006268265488039527,0.000927706652799438,1.233712647459165e-05,1.286366935363608e-05,1.247760643019335e-05
1349.0,0.1822101155993371,0.001428767945688433,0.0006250178999373722,0.0009271681531958814,1.231377791855808e-05,1.283750041487295e-05,1.247674195923739e-05
1350.0,0.1823171897681061,0.001406280465383477,0.0006223232342609373,0.0009266619556525053,1.228986759913304e-05,1.281343801231326e-05,1.247887423977291e-05
1351.0,0.1824089919214321,0.001388884874095861,0.0006196283761411519,0.0009261739709424136,1.22684755782531e-05,1.278926481536892e-05,1.248374618738847e-05
1352.0,0.1824653882716678,0.001378054071097407,0.0006167262488855352,0.0009257250293402272,1.22475420304637e-05,1.276811172039768e-05,1.248657939340105e-05
1353.0,0.1821093278829412,0.001353029498642366,0.0006137360642227336,0.000925301769990194,1.222780685249925e-05,1.274047487651442e-05,1.249207228658498e-05
1354.0,0.1820364646310828,0.001350855356532033,0.0006109319385460623,0.0009248749898855174,1.220898778341913e-05,1.272033985326019e-05,1.24972570203621e-05
1355.0,0.1818460271604319,0.001320515054174482,0.0006079288688205729,0.000924456874140885,1.219156496579352e-05,1.26993640320677e-05,1.250619589930616e-05
1356.0,0.1816647185140393,0.001295958557959314,0.0006048957983477408,0.0009240684706496298,1.218165023787078e-05,1.268343262844032e-05,1.251346335956477e-05
1357.0,0.1815403752262295,0.001298307093094311,0.0006023656009816735,0.0009237287919334569,1.216944904575956e-05,1.267427832234629e-05,1.252457422335871e-05
1358.0,0.1813800380261946,0.001280604303260244,0.0006002559767119204,0.0009233966603953245,1.216917653785754e-05,1.266799090777384e-05,1.25422224596507e-05
1359.0,0.1812377355258929,0.00128576738349637,0.0005984960625445968,0.0009230545244461048,1.216981544561165e-05,1.266544216360222e-05,1.255809170830968e-05
1360.0,0.1813646085385882,0.00127235621628506,0.0005970635641859117,0.0009227318827159552,1.217221766324249e-05,1.266735251732958e-05,1.258457846124268e-05
1361.0,0.1813928288859506,0.001247631657201666,0.0005962123764263345,0.0009224121875331541,1.217417939923749e-05,1.267434747179553e-05,1.261737607184849e-05
1362.0,0.1813923456610696,0.001234301824537983,0.000596062264422666,0.0009221284296555012,1.218224130228131e-05,1.268935665172283e-05,1.264400650459701e-05
1363.0,0.1812792533524186,0.001242062869611163,0.0005964356379044541,0.0009218226943123914,1.219145748276754e-05,1.270219668796654e-05,1.267580476821185e-05
1364.0,0.1812182409226229,0.001235713519858947,0.0005970941945365977,0.0009215255696158157,1.220652599795992e-05,1.2720903717034e-05,1.270939833761444e-05
1365.0,0.1813440158476113,0.001236564790724795,0.0005982961360509893,0.0009212167605612395,1.222138868263223e-05,1.274072980897641e-05,1.274187616263124e-05
1366.0,0.181349141209857,0.001225586114930515,0.0005999067185071357,0.0009209437012477395,1.224060558341699e-05,1.276629522128239e-05,1.27761203328028e-05
1367.0,0.1815224004613204,0.00124095896529067,0.0006021597248650074,0.000920673846762674,1.226116116337426e-05,1.279263247749979e-05,1.28094563550349e-05
1368.0,0.1817373560021545,0.001241673559646585,0.0006045975935398608,0.0009204672371648085,1.228594951353158e-05,1.282138903969178e-05,1.284584469435915e-05
1369.0,0.181922841369082,0.00125074713986553,0.0006079379900267538,0.0009202595482698595,1.230926760931326e-05,1.28546409872194e-05,1.287787774856302e-05
1370.0,0.1823612590528351,0.001241073694770388,0.0006113502156733643,0.0009200527314532032,1.233939488051398e-05,1.288535433457726e-05,1.291171993621275e-05
1371.0,0.1828412589708411,0.001256024401449031,0.0006148808581941187,0.0009198152610161008,1.236885449809045e-05,1.291556017343179e-05,1.294746406374526e-05
1372.0,0.1832893445003117,0.0012965776991083,0.0006190198450541703,0.0009195755266591451,1.240356293873862e-05,1.295380881213657e-05,1.297761255228718e-05
1373.0,0.1835899151795293,0.001310121752984191,0.0006232661466316169,0.0009193547588280662,1.243305759572444e-05,1.299064467398509e-05,1.300967343193814e-05
1374.0,0.1838284655778723,0.001313428898709583,0.0006273868759789358,0.0009191465147451194,1.24610953515402e-05,1.302467751236254e-05,1.303342867394568e-05
1375.0,0.1840637288647298,0.001341330003087402,0.0006319150930814285,0.0009189843447131442,1.249692946633687e-05,1.306161171132572e-05,1.305611639253284e-05
1376.0,0.1841138825493253,0.001349009889936836,0.0006362849770889332,0.0009188437682616391,1.252608040693462e-05,1.309756155943967e-05,1.308196324361208e-05
1377.0,0.1842184208963382,0.001377377086460744,0.0006407688809819048,0.0009187011537011832,1.255981046562746e-05,1.312859862948051e-05,1.310614611467447e-05
1378.0,0.1844309998111786,0.00139563866326671,0.0006452480395407612,0.0009185797715066526,1.258982647785675e-05,1.315528163702982e-05,1.312795855125245e-05
1379.0,0.1845702414257223,0.001428374940805327,0.0006496727757975876,0.0009184850992519359,1.262277041575638e-05,1.318739347594819e-05,1.314890294456021e-05
1380.0,0.1846220441174274,0.00140775490246677,0.0006535885759036443,0.0009183726043944672,1.265476672336934e-05,1.32150329346122e-05,1.317230200355838e-05
1381.0,0.1846549726953333,0.001404734611317733,0.0006571913750764772,0.0009182526414515705,1.268991940376474e-05,1.323826517824439e-05,1.319819784568764e-05
1382.0,0.184808167337235,0.001399600978356988,0.0006607352697960897,0.000918152185803753,1.272254573989239e-05,1.32619454312125e-05,1.322456205336716e-05
1383.0,0.1849132169171926,0.001433369427246653,0.0006642709038320199,0.0009180503386305152,1.275527237202225e-05,1.328445788961193e-05,1.32515358417694e-05
1384.0,0.1849280419012741,0.001430328872306721,0.0006674401230981325,0.0009179331264341072,1.278731494702734e-05,1.330125778654593e-05,1.328646558588158e-05
1385.0,0.1848905978727946,0.001436261554321409,0.0006703556252983309,0.0009177625828505489,1.281979680706006e-05,1.331182296402737e-05,1.332208115807772e-05
1386.0,0.1847749074346897,0.001434040089452008,0.0006730469468030129,0.0009175452671510672,1.28529208252758e-05,1.332774185330264e-05,1.335439815660593e-05
1387.0,0.1848301938669721,0.001454170823913987,0.0006755725017457416,0.0009173437435659985,1.2887330063658e-05,1.334194941427653e-05,1.339053560599455e-05
1388.0,0.1848196936495881,0.001468071472012232,0.0006777097132227469,0.000917146159112507,1.291795131094577e-05,1.335363354588111e-05,1.343136552906546e-05
1389.0,0.1845376014067978,0.001451198344630154,0.0006791005170524391,0.00091695601391728,1.29564542813075e-05,1.336403849500179e-05,1.34669517578226e-05
1390.0,0.1844300215431202,0.001478617899344194,0.000680675648461535,0.000916762719215019,1.298885040691758e-05,1.337720175849136e-05,1.35061100583952e-05
1391.0,0.1844722628201389,0.001465916201504307,0.0006817276762776506,0.0009165901907133612,1.3021673647946e-05,1.338575006059477e-05,1.355089514693504e-05
1392.0,0.1845385783488515,0.00146768576111568,0.0006826270345663834,0.0009163911147642904,1.304868905125497e-05,1.340000700146715e-05,1.359396161953924e-05
1393.0,0.1845914834204573,0.001471003267179431,0.000683469480700147,0.0009161665372898296,1.308356472425465e-05,1.341417143451953e-05,1.363563451106701e-05
1394.0,0.1845463631254026,0.001481134450962,0.000684246804479682,0.0009159142566351609,1.312116130473965e-05,1.342678727342755e-05,1.366989166942788e-05
1395.0,0.1846026254110303,0.001490448266462264,0.0006849676312019248,0.0009156559888417382,1.315415660892772e-05,1.34441117219812e-05,1.371656905009738e-05
1396.0,0.1847940510625201,0.001482460754881555,0.0006856153871252435,0.0009154013301416298,1.319568257691921e-05,1.346097755529016e-05,1.376170752866514e-05
1397.0,0.1850139798654451,0.001499715627784316,0.0006865992939962299,0.0009151894137125192,1.323755682505699e-05,1.348395142152e-05,1.380638319927433e-05
1398.0,0.1850169784743043,0.001495665925119062,0.0006874509649286245,0.0009150151886746017,1.327631640896619e-05,1.350890740321605e-05,1.384690255334456e-05
1399.0,0.1853536864144473,0.001482086576861783,0.0006882950200552993,0.0009148352391040922,1.332236645807999e-05,1.353520678518931e-05,1.388377307534932e-05
1400.0,0.1855745134699846,0.00150269618445662,0.0006891540810834944,0.0009145973465070592,1.336616915843753e-05,1.356388931082648e-05,1.391716125261993e-05
1401.0,0.1858078744615482,0.001510489755527353,0.0006904308810335032,0.0009144188881348735,1.341392540860298e-05,1.359154654571969e-05,1.395254509158928e-05
1402.0,0.1860086862859235,0.001522249559896472,0.0006918890590491637,0.0009142359811116023,1.345775166702258e-05,1.36153693292186e-05,1.398254699924484e-05
1403.0,0.1862968501373484,0.001550624325493745,0.0006937504543202516,0.0009140367148304002,1.350874020779048e-05,1.364633538533301e-05,1.401204408563154e-05
1404.0,0.1864670121804944,0.001576413502691687,0.0006958670667309279,0.0009138527376065188,1.355844560670625e-05,1.367971985337895e-05,1.40355944239148e-05
1405.0,0.1864823792973724,0.001558096154091174,0.0006975827821931468,0.0009136560317566713,1.361260589108181e-05,1.370773844785532e-05,1.405679732711515e-05
1406.0,0.1866692177505359,0.001572704704871081,0.0006993930071810588,0.0009134693418854773,1.366462067996614e-05,1.372791590754062e-05,1.408076638075367e-05
1407.0,0.1870988206699436,0.001563566603869421,0.0007014359746801356,0.0009132871706371487,1.371324929533502e-05,1.375204485288719e-05,1.410397605165636e-05
1408.0,0.187350522218579,0.001573761964904148,0.0007036466497802928,0.0009131055376584939,1.376312436804002e-05,1.377784190296954e-05,1.412128807942355e-05
1409.0,0.1875986548129229,0.001566823829655896,0.0007058414901697576,0.0009129432709429362,1.380939257718468e-05,1.380356637223122e-05,1.413464400175597e-05
1410.0,0.1877746711429963,0.001553600944728805,0.0007083823156961194,0.0009128186809564134,1.38605370413462e-05,1.382458353840439e-05,1.414562730595306e-05
1411.0,0.1879615485417674,0.001556951996070338,0.0007110744881125854,0.0009127247525913368,1.391290374538349e-05,1.385298579612471e-05,1.415450474734683e-05
1412.0,0.1882557743382294,0.001570727553228429,0.0007136255625456127,0.0009126436932451825,1.396402715537126e-05,1.387911106246021e-05,1.41701585042241e-05
1413.0,0.18856690387228,0.001578109681018035,0.0007160564288138252,0.0009125174778508669,1.401156662361582e-05,1.390566295741648e-05,1.417609331736655e-05
1414.0,0.1889907135129507,0.001575328360606966,0.0007183554995124508,0.0009124011135422883,1.40577477693849e-05,1.393108510806009e-05,1.417855869189717e-05
1415.0,0.1893087891495776,0.001574546506248002,0.0007206187335370383,0.0009122841046963068,1.410450176924552e-05,1.395714215062246e-05,1.417568983341564e-05
1416.0,0.1895841396515895,0.001604642635219413,0.0007231687567014089,0.0009121242895538829,1.415502021886425e-05,1.397762316391747e-05,1.417880103705638e-05
1417.0,0.1898167630988663,0.001610252429174097,0.0007254650030701755,0.0009119746603016223,1.418994069310532e-05,1.400829280584581e-05,1.418172422929028e-05
1418.0,0.1901134891932177,0.001594787815370318,0.0007276205424157237,0.0009118606160520896,1.422452544121901e-05,1.403734919363268e-05,1.418361957421663e-05
1419.0,0.1904742917602931,0.001625396126268978,0.0007297035768295335,0.0009117392793700594,1.426120988162215e-05,1.406039150201347e-05,1.418833370012301e-05
1420.0,0.1909171543415786,0.001629875223148405,0.0007319312274745147,0.0009116451482596176,1.429660156231631e-05,1.408735413687937e-05,1.419399236383364e-05
1421.0,0.1911187982746601,0.001641837066392246,0.0007338914476688617,0.0009115667148790913,1.432831919960232e-05,1.411964871321273e-05,1.419537076591176e-05
1422.0,0.1911989584654551,0.001672912873037026,0.0007356417168609432,0.0009115191239435521,1.436377981259461e-05,1.414755679844852e-05,1.420543462834952e-05
1423.0,0.191443346597126,0.001691672982415664,0.0007372550294805549,0.0009114554401195258,1.440000835101988e-05,1.417364967718876e-05,1.420622041229897e-05
1424.0,0.1919261638558661,0.001688728125718237,0.0007385649647995033,0.0009114179598679546,1.44325782731803e-05,1.41969892563943e-05,1.421420994583571e-05
1425.0,0.1922963764434005,0.00173093166775989,0.0007397891580470352,0.0009114043636902295,1.446562455076002e-05,1.422672187250431e-05,1.421708629209554e-05
1426.0,0.1926502401591929,0.00174652214963127,0.0007409043828075328,0.000911414393096569,1.449608989148317e-05,1.425538122494734e-05,1.422050237165157e-05
1427.0,0.1930742790381479,0.001746684413273806,0.0007416980429839667,0.0009114554478357033,1.452446856131718e-05,1.428316387906825e-05,1.422555405686301e-05
1428.0,0.1936541912792052,0.001750764272425932,0.0007426070197320085,0.000911509550508158,1.456229950278696e-05,1.431922503111308e-05,1.423826533976821e-05
1429.0,0.1939386602009254,0.001799447449661934,0.0007436436697779707,0.0009115825890787523,1.459297811217521e-05,1.434714092786092e-05,1.424965660239708e-05
1430.0,0.1942347511265681,0.001826393312330906,0.0007450376624442351,0.0009116234335353362,1.462842766738016e-05,1.437906645335791e-05,1.425620377305391e-05
1431.0,0.1944675161035863,0.001835750262880316,0.0007461952291793765,0.0009116049557395637,1.465899434500567e-05,1.440402530538191e-05,1.42591372800985e-05
1432.0,0.1948853170164122,0.001856559081073445,0.0007476116265757052,0.0009116610043153372,1.468738116719349e-05,1.442652734618765e-05,1.426517811606272e-05
1433.0,0.195314994380423,0.001859497450144679,0.0007490780957251478,0.0009116896329027369,1.471654497821626e-05,1.446015317231079e-05,1.427880662502562e-05
1434.0,0.1958386538441718,0.001863461478391663,0.0007504957725171569,0.0009116871608012794,1.473916540805849e-05,1.448486082675631e-05,1.42823082111649e-05
1435.0,0.1963232007280259,0.001905278554484636,0.0007519514660061914,0.0009116730784743566,1.476936223109463e-05,1.450713509365741e-05,1.429506611142439e-05
1436.0,0.1968181930373072,0.001928617502995504,0.0007534181099224973,0.0009116894741571037,1.479147134487568e-05,1.4525507575653e-05,1.431370377892915e-05
1437.0,0.1971111509197603,0.00193358946699549,0.0007546664640970971,0.0009116560734925223,1.480595085359171e-05,1.454098109312038e-05,1.432440437406066e-05
1438.0,0.1972990561130724,0.001944221911693862,0.0007562885773848,0.0009116148877686065,1.481904138237017e-05,1.456112520829804e-05,1.433942487119239e-05
1439.0,0.1974563893566179,0.001978695697447177,0.0007581252716140368,0.0009115381383196582,1.483666524497651e-05,1.457989097712749e-05,1.435876369739493e-05
1440.0,0.1976521343392297,0.001974428423568339,0.0007601042016646685,0.0009114318737333315,1.484907431086229e-05,1.46016840109707e-05,1.437953945074026e-05
1441.0,0.1978075036724504,0.002025173185201657,0.0007611655420495094,0.0009112898884220705,1.486947094947906e-05,1.463293059169135e-05,1.440658317863156e-05
1442.0,0.1979688153331072,0.002028037885666236,0.0007625679264649147,0.0009111314326483455,1.488134294697239e-05,1.465954761592002e-05,1.443178281731854e-05
1443.0,0.1981920000326989,0.0020234464781931,0.0007629868651354725,0.0009109511218615298,1.487941959981957e-05,1.468651527450719e-05,1.445563449922982e-05
1444.0,0.1985132898538338,0.002026407858068433,0.0007642445768593964,0.0009107446419758059,1.488046575704822e-05,1.470745022749744e-05,1.448074130135256e-05
1445.0,0.1986454267944959,0.002053574115639041,0.0007657573411644457,0.000910501111393107,1.487451688321184e-05,1.472467525307118e-05,1.451197698738563e-05
1446.0,0.1986910635086692,0.002073327067790917,0.0007669512170910986,0.0009101973187330513,1.486573410790273e-05,1.474242734654358e-05,1.453108810299057e-05
1447.0,0.1989036825877043,0.002078828286694876,0.000768123661195314,0.0009098449048464388,1.485636449671446e-05,1.475490430854043e-05,1.455632068852096e-05
1448.0,0.1993413781250794,0.00210534466429686,0.0007692509358560326,0.0009094507761746076,1.485118425267271e-05,1.477474028112024e-05,1.458472433949402e-05
1449.0,0.1998722365515324,0.002125611995990013,0.0007700699920368889,0.0009089993074858629,1.484916742323812e-05,1.479015247803983e-05,1.460702844634766e-05
1450.0,0.200153740981999,0.002130257113895639,0.00076989381922217,0.0009085223625595111,1.483735325434198e-05,1.480063554936857e-05,1.463219731694776e-05
1451.0,0.2003119989492503,0.002145948114538704,0.0007699441467958842,0.0009079850679664362,1.482619151873518e-05,1.48244362912825e-05,1.465851248333152e-05
1452.0,0.2006860670249557,0.002133748941401619,0.0007701748286350054,0.0009074079222774234,1.481266118577984e-05,1.483579132836768e-05,1.468338628282115e-05
1453.0,0.2010957638847638,0.002157644791166081,0.0007699897386272167,0.0009067883569300429,1.48069759498487e-05,1.485249906881544e-05,1.470744971441489e-05
1454.0,0.2015754196440786,0.00216435906753217,0.0007696555965430876,0.0009061121944850959,1.479331376730604e-05,1.485930783269667e-05,1.472262780161006e-05
1455.0,0.2020954764509388,0.002201674011599381,0.0007682602535235056,0.0009054034179801522,1.477782345958762e-05,1.487001950687922e-05,1.474102549480955e-05
1456.0,0.2025272054163235,0.00219088809187493,0.0007670517992494789,0.0009046636102171287,1.476779103916236e-05,1.487001775240281e-05,1.475624829923338e-05
1457.0,0.2027750747569606,0.002204656455501444,0.0007658419311544376,0.0009038614376811337,1.475186705487275e-05,1.488564066054551e-05,1.477444816291708e-05
1458.0,0.202896721814644,0.002215741160403306,0.0007640342567976189,0.0009030373399514173,1.473688982706105e-05,1.489013762972312e-05,1.478677695813995e-05
1459.0,0.203181052530835,0.002238150975700022,0.0007624095137433509,0.0009021597420842862,1.471821330090412e-05,1.489358847557099e-05,1.479650637394415e-05
1460.0,0.2032021993368628,0.002256044704253338,0.0007602870597500762,0.0009012946586380538,1.469526269261362e-05,1.489795952499369e-05,1.479833580082796e-05
1461.0,0.2035054520589178,0.002242652451963641,0.000758666869993655,0.0009003924415602926,1.467551609944134e-05,1.490336241630128e-05,1.480764212533546e-05
1462.0,0.204025704551757,0.002240491330781557,0.0007572152122708423,0.0008994601936219796,1.464723701631773e-05,1.490241722835797e-05,1.481180536687072e-05
1463.0,0.2043316831069565,0.002242940658324409,0.0007552716395869317,0.0008984801402203348,1.462980684752694e-05,1.48963112127871e-05,1.482023174984633e-05
1464.0,0.2045189713337307,0.002229052164190538,0.000754209629121342,0.0008974785192010251,1.460278903260029e-05,1.490023841408477e-05,1.482232826807291e-05
1465.0,0.2045290099825451,0.002268405120295221,0.0007534077709295451,0.0008964650801165253,1.45787901096783e-05,1.489625933826799e-05,1.482789739379165e-05
1466.0,0.2046646859446899,0.00228146209088579,0.0007530657397614388,0.0008954759327456542,1.455900684220506e-05,1.489766200844036e-05,1.483257406729217e-05
1467.0,0.2045773404768243,0.002257175480833681,0.0007522413521945557,0.0008944798928794178,1.453141858798884e-05,1.489984524865048e-05,1.483777663004807e-05
1468.0,0.204531880862744,0.00227215277013988,0.000751826601676394,0.0008935090907020381,1.449419021955417e-05,1.490491984137542e-05,1.484582903363342e-05
1469.0,0.2041862658466488,0.002249950475084193,0.00075122615348428,0.0008925343560312923,1.446233741160561e-05,1.490950778210281e-05,1.485866466308274e-05
1470.0,0.2039197736214927,0.002244145204100326,0.0007508211480764925,0.0008915676597702544,1.442948791793548e-05,1.491141045251998e-05,1.486820003647208e-05
1471.0,0.2036218691005816,0.002255938931121945,0.0007505328247962791,0.0008906052984612305,1.440162081095714e-05,1.492004543449325e-05,1.487298241063202e-05
1472.0,0.2034674337071412,0.002265399228128077,0.0007502546619857783,0.0008896333868029246,1.436643955255856e-05,1.493593325805763e-05,1.487243889541463e-05
1473.0,0.2032677422633584,0.002234501342867367,0.0007501240793678198,0.0008886782185060306,1.435116512889544e-05,1.494947892342604e-05,1.487337731220112e-05
1474.0,0.2035672903393132,0.002228200270695732,0.0007499617322857309,0.0008877233158832157,1.432661256001976e-05,1.496794573964482e-05,1.487055350032312e-05
1475.0,0.203629143897896,0.002214100749831928,0.0007492642915513203,0.0008867915159558918,1.430462474301739e-05,1.498766814908437e-05,1.486935765380589e-05
1476.0,0.2034551225690506,0.002212546142301772,0.0007488684241057447,0.0008858785536252432,1.428618127743582e-05,1.500922737289766e-05,1.487446250003099e-05
1477.0,0.2033355222155873,0.002235333459928882,0.0007488157601337799,0.0008850384320606219,1.427134294901602e-05,1.503563129886495e-05,1.487378026207121e-05
1478.0,0.2029047067526762,0.002202512301176628,0.0007484608741669365,0.0008842185334478023,1.426337053777797e-05,1.506117207125947e-05,1.486777179503904e-05
1479.0,0.2025973458683908,0.002196671945669115,0.0007480913638805351,0.0008833659065252028,1.425817289402041e-05,1.508853411364e-05,1.485265500966846e-05
1480.0,0.2025230442821966,0.002181202429466845,0.0007478653579082519,0.0008825401595057036,1.425455061652584e-05,1.511552306963662e-05,1.483093680483406e-05
1481.0,0.2025061252858113,0.002180458545407909,0.000747732997128744,0.0008817430519462874,1.424959497151708e-05,1.51405619370124e-05,1.481305107993597e-05
1482.0,0.2024906004243584,0.002203857991546644,0.0007475162222321818,0.0008809896815378287,1.424885718148831e-05,1.516234912924196e-05,1.480671767338331e-05
1483.0,0.2025898704700133,0.002188258291511023,0.0007472349911600486,0.0008802344944519206,1.425126395876377e-05,1.517635527213241e-05,1.479121810445769e-05
1484.0,0.2026620356835481,0.002168893621274661,0.0007470292967794476,0.0008795084791346804,1.425117924220001e-05,1.519631945166507e-05,1.47683492841758e-05
1485.0,0.2025696268371933,0.002154300985397345,0.0007467913086170176,0.0008788161839424976,1.424967196424075e-05,1.520673678139662e-05,1.473905416344237e-05
1486.0,0.2023537969975476,0.002111965059270993,0.0007465498153597371,0.0008781298869982597,1.424959311574435e-05,1.521731606611531e-05,1.471165745209616e-05
1487.0,0.2023258502306742,0.002071920009928597,0.0007463105608405272,0.0008774729525265154,1.42427362628356e-05,1.522193526071497e-05,1.46790904934547e-05
1488.0,0.202111208107327,0.002090524275176091,0.000746797365992254,0.000876882630135249,1.423594904298082e-05,1.522316128986273e-05,1.464557061133462e-05
1489.0,0.20182558146439,0.00209106122757957,0.0007464530594706559,0.000876330452399265,1.422699645790003e-05,1.522170996897529e-05,1.460791892101633e-05
1490.0,0.201482754915417,0.002106732677707892,0.0007469899303296897,0.0008757751917850365,1.421200593642152e-05,1.521913905349205e-05,1.456879544412948e-05
1491.0,0.2012831069788212,0.002112271674835767,0.0007470712162949226,0.000875197502987977,1.420073954413067e-05,1.52168315782841e-05,1.452923762550094e-05
1492.0,0.2010377796560569,0.002069374712459617,0.0007470624036987389,0.0008746257979012274,1.417225358776186e-05,1.52044235282472e-05,1.449372592160928e-05
1493.0,0.2007117480499574,0.002044307989348756,0.0007466745082940571,0.0008740791503542418,1.415067815431726e-05,1.519671132831457e-05,1.44421670290656e-05
1494.0,0.2005713409185969,0.002059747196583274,0.0007466838916992946,0.0008735174181188501,1.412445004088672e-05,1.518043281534217e-05,1.439067371873946e-05
1495.0,0.2004575992020566,0.002025794483723408,0.0007466168609084505,0.0008729437824240733,1.410694564266551e-05,1.516085628956862e-05,1.434002945573154e-05
1496.0,0.20032432790427,0.002025716321899614,0.0007466676042231278,0.0008723356916864401,1.407912729941247e-05,1.513957974511353e-05,1.428270952536017e-05
1497.0,0.2003134996521022,0.002023551555042721,0.0007466330782063828,0.0008717173472572542,1.405710455257507e-05,1.511542244237982e-05,1.422669492564796e-05
1498.0,0.2000752551444762,0.001994036442483941,0.0007457601742316674,0.0008710734968715429,1.402782534084871e-05,1.508144598664414e-05,1.416656053664115e-05
1499.0,0.1997973274138031,0.002014991145573297,0.0007451928784876374,0.0008704228500216265,1.400118377304849e-05,1.505535782538483e-05,1.410531351379429e-05
1500.0,0.1995895514242696,0.002041499286273378,0.0007441160591832008,0.0008698173706400359,1.397864123371309e-05,1.503367915828336e-05,1.404806424206355e-05
