iteration,continuity,epsilon,k,vf-phase-2,x-velocity,y-velocity,z-velocity
1.0,1.0,40826628.64376491,218.2445452796198,0.1506563338534741,0.001285265928648078,0.001672082584033046,0.001341861243451851
2.0,1.0,0.251806399935819,0.1776631919716767,0.6002254648714526,0.0007745396046045668,0.001027921604674835,0.0008020180630725671
3.0,0.7435241030759765,0.2935506545425863,0.1587578169042566,0.3000673618246311,0.0004782493474145713,0.0006081912191137593,0.0004801736000103402
4.0,0.6968683420228591,0.2961252848510559,0.1272096303519915,0.2000456379732157,0.0004237453883290106,0.0005234838281522779,0.0004462858269959824
5.0,0.6332141261520393,0.2844862126480571,0.1054043470045451,0.1500348683225833,0.0003899013259374645,0.0004519706508226064,0.0004234876379907359
6.0,0.6697993958423278,0.2652600261843911,0.08416590378113563,0.1200288383910393,0.0003722265760799232,0.0004202803023762856,0.0004120943942197954
7.0,0.6201064069651475,0.2552504788935714,0.070061940712836,0.1000245431641614,0.0003530614051900267,0.0003608268689877895,0.0003978038334696374
8.0,0.5896920970165715,0.2336822211910349,0.05738985230786821,0.0857359796650561,0.0003278797078674004,0.0003213079325698866,0.0003769649724073577
9.0,0.594149874359714,0.2139687853426956,0.04652547671445877,0.07501934459318241,0.0003171027408853063,0.0003019257901116969,0.0003719609135397618
10.0,0.5778396659733999,0.1991483436716751,0.03918040547679098,0.06668455790298321,0.0002957405084363141,0.0002726676933383597,0.00035707790577638
11.0,0.5685582672806375,0.1800893284734849,0.03297820773529107,0.0600167527655706,0.0002889010975870721,0.0002586148761087087,0.0003576006004547807
12.0,0.5508082321527215,0.1582953593528467,0.02772207410627769,0.05456139181394901,0.0002720671939982608,0.0002404223221638476,0.0003474705420131381
13.0,0.5538786352892741,0.1321347298405089,0.02362930725185295,0.05001522964988394,0.0002635573073735888,0.0002358475567831623,0.0003447743029846797
14.0,0.5301949916925927,0.1132677092008538,0.02049421553696494,0.04616862672483231,0.0002490229613484888,0.0002240691059429139,0.000332251464530001
15.0,0.5176795687910938,0.1020659045566952,0.01824041865803217,0.04287157587496075,0.0002392491322890269,0.0002179186813927707,0.0003239968652651072
16.0,0.5078893102426654,0.0960063057924634,0.01647674989615922,0.0400140798583948,0.0002268034657528778,0.0002106423824043243,0.0003124210997536246
17.0,0.5014581327333286,0.08370290014706408,0.01498502066166151,0.03751401236260452,0.0002180443776687446,0.0002082024757418097,0.0003052070806619612
18.0,0.4897679631586851,0.07656712791655994,0.01377585654415391,0.03530824321957753,0.0002071303327058808,0.0002027164822158031,0.0002963785090042805
19.0,0.4832403218748672,0.06343236691474893,0.01278738719778944,0.03334787794176678,0.0001994310249925165,0.000201082785512414,0.0002894683982245696
20.0,0.4795429050334413,0.05432304108200053,0.01198121348226664,0.03159401332314316,0.0001900779326507879,0.0001969256168940558,0.0002810947083083906
21.0,0.4754873342291488,0.04893415917937096,0.01134153256189212,0.03001575219811566,0.0001843532780231723,0.0001967274824805066,0.0002750110725234397
22.0,0.4700047515742675,0.04152631268837511,0.01076082857904525,0.02858791124222715,0.0001770604881010529,0.0001937156635079047,0.0002676256751444852
23.0,0.4674405299070357,0.03745178242124139,0.01029073630224028,0.02728997697806427,0.000172137983431613,0.0001939019642835406,0.0002629891041222368
24.0,0.4666656251246629,0.03345783453448155,0.009889307167994845,0.02610509664253784,0.0001659602879273808,0.0001910422354063203,0.0002560406236713213
25.0,0.4628051317420028,0.03013877462306808,0.009556635153639987,0.02501909843503126,0.0001613063415884443,0.0001898373054735242,0.0002508495361579776
26.0,0.4650870262574973,0.02740980235530897,0.009296066753521582,0.02402025723779533,0.0001578537277886714,0.0001896466263749533,0.0002468463973486977
27.0,0.4647346692913871,0.02644678491003911,0.009085929525660005,0.02309838000534662,0.0001530241482225352,0.0001867786006055336,0.0002414225765859794
28.0,0.4655274626143357,0.02681197134093586,0.008929369398755447,0.02224484679597237,0.0001488605600893076,0.0001848246879072492,0.0002375858436726651
29.0,0.4681477196448606,0.02509530235934846,0.008814012926702487,0.02145238306494264,0.0001453414784369372,0.0001832297966508686,0.0002333647486862008
30.0,0.4711372653045429,0.02383254331159671,0.008740075055169402,0.02071471126690827,0.0001417862171800613,0.0001813283605471433,0.0002295671116073316
31.0,0.4739625991371022,0.02270859398294268,0.008687498541546546,0.02002630627377457,0.0001381761159049071,0.0001791576410936678,0.0002263520798458404
32.0,0.4792210190116556,0.02225413464029376,0.00866505140940616,0.01938237817271718,0.000135109924711677,0.0001776583270024284,0.0002233220377972472
33.0,0.4830827790556644,0.02133157061085913,0.008661871558245776,0.01877873981087127,0.0001323179865409087,0.0001761062265274362,0.0002205193922221224
34.0,0.4912126385741177,0.02128893201988177,0.008695069439823405,0.01821168586149027,0.0001304433414299951,0.0001751886998708749,0.0002172656648370901
35.0,0.4976858556629671,0.02020085826268909,0.008739608836317752,0.01767783194944432,0.0001291085576400857,0.000174236198899098,0.0002139431634951477
36.0,0.5035205353851692,0.01966122833208887,0.008809464695257316,0.01717396883689705,0.0001281712691134517,0.0001733708720470376,0.0002103274611059906
37.0,0.5099043050746707,0.02003233574544174,0.008906703556673718,0.01669795600117569,0.0001279182608411003,0.0001728742271163743,0.000206776540499905
38.0,0.5145663585048762,0.02025188363397572,0.009021133041870452,0.01624805229023679,0.0001278666969225984,0.0001725000623644085,0.0002029099556856506
39.0,0.5169067112183297,0.02080215768932004,0.009156712620126356,0.0158216089232116,0.0001283800347570114,0.0001722574000853463,0.000199070281395012
40.0,0.5214886055273095,0.02051446474138234,0.009298537277798793,0.01541662529097962,0.0001289708747892109,0.0001716860149363128,0.0001951938634779665
41.0,0.5254350769899117,0.02065247130579402,0.00947050131212996,0.01503216696072174,0.0001296069830180954,0.000171309901332001,0.0001920080354267297
42.0,0.5326226624641356,0.02088505116181234,0.009649828421477082,0.01466669614964258,0.0001302252270250814,0.0001709357339757313,0.000188778737554838
43.0,0.5380178365017381,0.02089160814767481,0.00985133660868486,0.01431858237388833,0.0001309400855689982,0.000170019332124435,0.0001860119342069247
44.0,0.5421068620798141,0.02091879123729972,0.01003742399994878,0.013986752935415,0.0001319146415154288,0.000169200408428963,0.0001829734384516967
45.0,0.5458521355109761,0.02078180728929108,0.01021830252197306,0.01366996500080403,0.0001326877058791849,0.0001684928601826965,0.0001804204763036633
46.0,0.5519819216721309,0.02085787779323365,0.01040899195294323,0.01336718280464174,0.000133715773645958,0.0001678377502081454,0.000178165007314057
47.0,0.5586612953771717,0.02073280312238661,0.01058262705907189,0.01307712084037133,0.0001346653376354205,0.0001672785884150566,0.0001763335429257232
48.0,0.5669252510982021,0.02106936969129551,0.01075033748667409,0.01279913147008311,0.0001355435980682475,0.0001668163584644785,0.0001747208931191674
49.0,0.574142196519823,0.02162927991161935,0.01089778974875297,0.01253267272242488,0.0001361143966898847,0.0001667891760444671,0.0001731663290186053
50.0,0.5816118420227243,0.0221122962842837,0.01100650941249343,0.01227721120192322,0.0001369345425202487,0.0001669709968372598,0.00017175204055522
51.0,0.5891297935723127,0.0224628757169062,0.01110265756249267,0.01203237290045831,0.0001374252281495878,0.0001672995246776967,0.0001705758046039917
52.0,0.5979767297508832,0.02272130675882545,0.01116353058244859,0.01179729631686495,0.0001380427975551736,0.0001677131481432873,0.000169444849525707
53.0,0.6038885160660107,0.02285705382775157,0.01118738286174423,0.01157110483908787,0.0001387564658839594,0.0001681648067176658,0.0001685422310214545
54.0,0.61024398506838,0.02286512888678989,0.01118204280025938,0.01135335307872483,0.0001393957296006508,0.0001687173637186516,0.0001675268662955103
55.0,0.6181388923940012,0.02272178101216298,0.0111625051422377,0.01114354571109322,0.0001398376257949276,0.0001694170383377685,0.0001668550907957121
56.0,0.624711371560419,0.02259243568030224,0.0111349950836403,0.01094117416859177,0.0001404509800465845,0.0001701861278216743,0.0001664705830592319
57.0,0.6287380660202478,0.02257137951491136,0.01107840334941409,0.010745832474863,0.0001412386348992111,0.0001706343743724698,0.0001656507418762525
58.0,0.6328272975072827,0.02260511246284688,0.01104795126135686,0.01055750788063193,0.0001417732478983313,0.0001708496861533949,0.000164974716544743
59.0,0.6386977966255268,0.02230039845279324,0.01097535712724156,0.01037582123559574,0.0001425660828203652,0.0001711377385086784,0.0001641769431872734
60.0,0.6445295109663547,0.02228444920765817,0.01090546581332642,0.01020024971215522,0.0001431599470189625,0.0001712269805195512,0.0001634703242702886
61.0,0.6507377036528027,0.02216287431124701,0.01083313537852653,0.01003046208583725,0.0001436965812905604,0.0001710672180590309,0.0001626025755608193
62.0,0.6594120116691011,0.02184244595072485,0.01075085844741689,0.009866473948309145,0.0001440959724771575,0.000170951627771788,0.0001618822806154397
63.0,0.6652416495931082,0.02191099000821511,0.01068006130211461,0.009707936336408053,0.000144501195451433,0.0001708674216233944,0.0001609573420844218
64.0,0.6713523331267317,0.02179247756121678,0.0105926972353526,0.009554505816868567,0.0001447402936451232,0.0001703353019641906,0.0001602698234044185
65.0,0.6792447970690961,0.0215717307490772,0.01048486145748923,0.009405567066844782,0.0001447235078424065,0.0001698049653322169,0.0001594032440036281
66.0,0.688204433789286,0.02166008280557362,0.010394909689905,0.009261199006174272,0.0001447207631279098,0.0001691505680435833,0.0001584795700156805
67.0,0.6942182160134022,0.02135755226996462,0.01028746810657869,0.009121165741448084,0.0001445523324737817,0.000168280112513588,0.0001571330162794232
68.0,0.6982836373618468,0.02092090149761348,0.01015320345787668,0.008985472063766202,0.0001441529153000741,0.0001672386625260581,0.0001557249890777331
69.0,0.7050741368631971,0.02065916044255499,0.01004523861617571,0.00885364104202829,0.0001435205359322547,0.0001661214591666596,0.0001544504452019976
70.0,0.7091180371124921,0.02038503472602919,0.009933663396313398,0.008725447976040737,0.0001430996971282153,0.0001650593153846599,0.0001531682861928638
71.0,0.7116890524514348,0.019872638511148,0.009819304160066353,0.008600743139709807,0.0001425213014690551,0.0001638849151246785,0.0001518240521210557
72.0,0.7154005168614178,0.0194734367468278,0.009700557475623688,0.008479673433471776,0.0001417245003783409,0.0001627261396486013,0.0001505883248192262
73.0,0.7197882208056795,0.01928095792311677,0.009604709985010736,0.008361831599972452,0.0001407906526817872,0.0001614885234773087,0.0001495826201310799
74.0,0.7218910079624566,0.0190971946914413,0.009522481711271978,0.008247443396363211,0.000139856129537964,0.0001604841919946416,0.0001484767697308245
75.0,0.7244741534810408,0.01890707218939935,0.00943676861937189,0.008136559940045095,0.0001388954488861205,0.0001594278998401336,0.0001477361809732718
76.0,0.7267094837354696,0.01861379361083003,0.009353359790032137,0.008028952599945731,0.0001379750602226296,0.0001582548644681631,0.0001470604943394326
77.0,0.7285607753429518,0.01866540814866155,0.009279298297559373,0.007924201341078628,0.0001370522930612815,0.0001570239481952665,0.0001467600049511425
78.0,0.7303246859763769,0.01850448780766636,0.0092045992234276,0.00782183790167725,0.0001360702463922378,0.0001558833784627452,0.0001466114050712127
79.0,0.7317144139248078,0.01837614074276128,0.009125846064424337,0.007721475512118684,0.0001351354344159406,0.0001546997482826228,0.0001465931660276478
80.0,0.7332158098411489,0.01817603842968301,0.009047910053437793,0.007623488632291176,0.0001342422185807105,0.0001535418713996707,0.0001466943870320499
81.0,0.7345430473676332,0.01805435510887204,0.0089702025829436,0.007528149638400031,0.0001332134110045951,0.0001523559318447741,0.0001468611831547415
82.0,0.7355098694991029,0.01782381902317333,0.008895476039829122,0.007435517196742762,0.0001324530884116625,0.0001512087970360226,0.0001470911544666192
83.0,0.7357102662816678,0.01763708182608636,0.008822444737033324,0.007345526999464309,0.0001314215512213072,0.0001500561372326142,0.0001473327920477459
84.0,0.7372006788294667,0.01744137556663596,0.008745193684001375,0.007257737333268986,0.0001305725780183132,0.0001489643983266202,0.0001477696786310239
85.0,0.7382663823972637,0.01727709128848111,0.008668259576985601,0.007171919068700001,0.0001299533436309551,0.0001479188149248653,0.0001482106467373152
86.0,0.7391052739743789,0.01704777466826451,0.008591572482499973,0.007087852948521212,0.0001294241988631469,0.0001469660059258995,0.0001486340246925868
87.0,0.7416019259145238,0.01687529948908364,0.008516932899125246,0.007005755002645333,0.0001288929322331748,0.0001459710949957632,0.000149073045932755
88.0,0.7436678123228979,0.0166869154132508,0.00844657092919864,0.00692533631974153,0.0001284788874001515,0.0001449753283657342,0.0001494160824251737
89.0,0.7438880039403922,0.01661866278474303,0.008381377805542599,0.006846754985969177,0.0001280773861388642,0.0001440047168100341,0.0001496944432930475
90.0,0.744271592577429,0.01639289695156659,0.00831890990833838,0.006770096436822977,0.0001277106631169972,0.0001430761398237166,0.0001499299128715789
91.0,0.7444770588501705,0.01616917054522492,0.008256277713785861,0.006695455818101416,0.0001274617329833911,0.0001422469525397911,0.0001500698126010024
92.0,0.7446106116724709,0.01607823699489191,0.008196157014617038,0.006622551708399004,0.0001273797029383643,0.0001414909062154216,0.000150270114390606
93.0,0.74541809103916,0.01599947222899306,0.008147076847120988,0.006551134062937006,0.0001274120864123231,0.0001407261047685378,0.0001504341204643174
94.0,0.7452213358844019,0.01588718268928947,0.008100255525948312,0.0064810271787018,0.0001273602327966456,0.0001398532045688655,0.0001506216564056372
95.0,0.7456557170996377,0.01583789012094835,0.008056161816785952,0.006412283076553484,0.0001274031999297714,0.0001390243061212333,0.0001507463818101463
96.0,0.7479748921917906,0.01577161858568242,0.008013047586381918,0.006344841856443596,0.0001275600340980079,0.0001380971875131673,0.0001507982496063314
97.0,0.749074937359362,0.01578358638947951,0.007970121236283143,0.006278825111902604,0.0001277464193815508,0.0001372261446576457,0.0001509158275831813
98.0,0.7514128053514816,0.0158019635489063,0.00792146990071649,0.0062142441080645,0.0001280241875893171,0.0001364158760172369,0.0001509422633742694
99.0,0.7525281836288491,0.01566724018965986,0.007867934702927985,0.006151077231436189,0.0001282184153524972,0.0001356361313236718,0.0001509772332937613
100.0,0.7527111410499703,0.01554460002034173,0.007805695724202478,0.006089306532894706,0.0001284437909486697,0.0001348718588564994,0.000150966693192457
101.0,0.7541469255596853,0.01543793637106822,0.007744460536331546,0.006028716936994567,0.0001286684305557143,0.0001342096137286231,0.0001509401163237905
102.0,0.7544133180874144,0.01533519810186813,0.007678317891174449,0.005969296355627774,0.000128868738448834,0.0001335276589446571,0.0001508037409985453
103.0,0.755007859459028,0.01516011544201622,0.00761377186940425,0.005910946123226895,0.0001290172520477621,0.0001329394552677716,0.0001505984870315624
104.0,0.7731763036309882,0.01501781787435927,0.007560044278474576,0.005853743760961992,0.0001284429723849467,0.0001323313834866639,0.0001501649233844145
105.0,0.7574186806904811,0.01492204925199754,0.007497139431377277,0.005797588158768074,0.0001294898525664083,0.0001317022666383984,0.0001496363194022409
106.0,0.7734410889893705,0.0148048127248406,0.007438866773384537,0.005742453985438761,0.0001285725067225542,0.0001311463368697078,0.0001491771416401195
107.0,0.7586896227637693,0.01471727029925046,0.007380360278709532,0.005688386038879631,0.0001294170036775889,0.0001304530590158275,0.0001484622955735869
108.0,0.7754756906859884,0.01460752149136658,0.007328536037859757,0.005635383707297686,0.000128664718673592,0.0001299196801535867,0.0001477230320669137
109.0,0.7598372179654901,0.01453526444539724,0.007269738631429316,0.00558336143177226,0.000129609405843788,0.0001292126462738137,0.0001469001125546534
110.0,0.7762228407065508,0.01446255475188958,0.007220715743126061,0.005532366049111649,0.0001289053099804013,0.0001285775093707523,0.0001461628326315213
111.0,0.7612609544802199,0.01434208991640139,0.007167748586892131,0.005482394582483521,0.0001299129458311685,0.0001279151522497968,0.0001451383468629469
112.0,0.7768942063695158,0.01426118690912694,0.007119952600329186,0.005433386292660222,0.0001293606773085701,0.000127396952439269,0.0001442005825063027
113.0,0.7622036938001191,0.01412706376384888,0.007069094839865402,0.005385271979074717,0.0001303350735898703,0.0001267844309516377,0.0001431469409973777
114.0,0.7801998736830356,0.01400331380747902,0.007029821232674391,0.005337938733254774,0.0001297869479977506,0.0001263333347736973,0.0001421450558093621
115.0,0.7640280491434548,0.01385876412796687,0.006985700143819378,0.005291414349550652,0.0001306713906343879,0.0001256753378297425,0.0001411057983875558
116.0,0.7792442747610883,0.01375887085864825,0.0069451242487417,0.005245589039513482,0.0001300701802406526,0.0001251786655240389,0.0001398970785443289
117.0,0.7639739831498774,0.01351746094879453,0.006899782179832076,0.005200492250975497,0.0001308398198916184,0.0001245972471188034,0.0001389191036231768
118.0,0.7790782858402815,0.01338536688553516,0.006857106546687129,0.005156191272253466,0.0001300226014706098,0.0001241349493935876,0.0001377587067974296
119.0,0.7603554940067433,0.01321146915894863,0.006811995335712956,0.005112817419753501,0.0001305104261974623,0.0001237131185801717,0.000136787822131168
120.0,0.7739542038277065,0.01309690899898288,0.006770236345353218,0.005070260973712993,0.0001296206228409696,0.0001232798232874416,0.0001355079004003485
121.0,0.7562738173817282,0.01287951412662055,0.006720184158490235,0.005028276653841084,0.0001301181103986749,0.0001226442835319222,0.0001345608137839589
122.0,0.77052985904884,0.01271157772048942,0.006675323316619193,0.004986907492125062,0.0001292164586906481,0.0001221946050183013,0.0001333571070763375
123.0,0.7521329893921209,0.01252783665522194,0.006627576473119841,0.004946157451654456,0.0001294354881173368,0.0001217088399930233,0.0001324980203470576
124.0,0.7640523954153976,0.01233687731224228,0.006582313553106379,0.004905987701963111,0.0001285424505052552,0.0001212255045298955,0.0001312099599730762
125.0,0.7451901214462545,0.01216016586805036,0.006531880229814511,0.00486649954095128,0.000128685348951436,0.0001206864565200308,0.0001304543469188294
126.0,0.758541269205576,0.0119861365880016,0.006482205721824175,0.004827765059321815,0.0001277659161732048,0.0001201717049081632,0.0001292064671999462
127.0,0.7397283334067964,0.0117721969038166,0.00643039630308649,0.004789676672704349,0.0001277783186584734,0.0001196141232080817,0.0001286102081706364
128.0,0.7532312890011813,0.01159126092314571,0.00638195316403861,0.004752212764593041,0.0001268153390778286,0.0001191887574186155,0.0001274796780276993
129.0,0.7355900522301348,0.01149132133915713,0.006329252234392186,0.004715290989758793,0.0001267189393203305,0.0001185935224231948,0.0001268585569087743
130.0,0.7489384364794246,0.01134813620143259,0.006277791675317154,0.004678935169360969,0.0001257561054462207,0.0001181817967226463,0.0001257061916211859
131.0,0.7300447557572487,0.01112767502806693,0.006224077048396062,0.004643105795720168,0.0001256284610402242,0.0001175995165646087,0.0001251207014771184
132.0,0.7425461681039651,0.01093386262210302,0.006175467706941216,0.004607801001030628,0.0001245845165369327,0.0001171542420795213,0.0001240450564866939
133.0,0.7247741181871936,0.01083354627700263,0.006126972347750707,0.00457309047724787,0.0001242857949045073,0.0001166251372668204,0.0001235444775970206
134.0,0.7370553146231704,0.01073882669189287,0.00608270846961976,0.004538973396715045,0.0001232661987192377,0.0001161745436842263,0.0001224297961082519
135.0,0.7188975537444441,0.01059963511356522,0.006040031628312557,0.004505365742238789,0.000122971132050619,0.0001156267863002285,0.0001219997936352631
136.0,0.7331170665778239,0.01045190647329046,0.005997871624075013,0.004472189097828037,0.0001219597582513909,0.0001151695541208626,0.0001210297410994924
137.0,0.7152658650209063,0.01035601456845211,0.005958497486445659,0.004439440239099325,0.0001216144103512338,0.00011461214251058,0.0001207223189259261
138.0,0.7276501196247653,0.01027060780524752,0.005920443994073834,0.004407109978435879,0.0001206369834322268,0.0001141718020976544,0.0001198489739844604
139.0,0.7106270851038573,0.01026893141069361,0.005884372851955639,0.004375243275914663,0.0001202434803690942,0.0001135713301376856,0.0001195706391885035
140.0,0.7225149825561714,0.01024589769724219,0.005849217298701468,0.004343767106388186,0.0001192281608552733,0.0001130613682276423,0.0001186702726407581
141.0,0.7050986971293839,0.01024434510421024,0.005810561697673907,0.004312727750198198,0.0001188000073325786,0.0001124991482128121,0.0001184530973979901
142.0,0.717693752925008,0.01021971965091023,0.005770805426959537,0.004282173357515785,0.0001177471694450017,0.0001119917324483369,0.0001176347695465532
143.0,0.7004975765583,0.01015940317102833,0.005725992690948522,0.004252050688578247,0.0001171726962783771,0.0001114102100036476,0.000117371364557235
144.0,0.7109659770972098,0.01010065029549643,0.005682245798276062,0.004222396746540337,0.0001160151434780321,0.0001108046844920474,0.0001165625867387819
145.0,0.6944727097070055,0.01014673986140462,0.005632423747178682,0.004193277354415342,0.000115369843615589,0.0001101521502946841,0.0001163014960831758
146.0,0.7051119697110737,0.01013531564357584,0.005582444364396675,0.004164503976061973,0.0001142432839583842,0.0001095517394715693,0.0001154369696272777
147.0,0.6878922333648068,0.01002926082071664,0.005529711974352493,0.004136140985497546,0.0001135427457870746,0.0001089731288724865,0.0001152091794769607
148.0,0.6985541540766909,0.0100366783385671,0.005474763471743418,0.00410817423518603,0.0001123833271025996,0.0001083532610580145,0.0001144347637828237
149.0,0.6820304721926654,0.009875993589486763,0.00541546097244339,0.004080646254440302,0.0001117009743286163,0.0001077963456592469,0.0001141595172903398
150.0,0.6907037693858662,0.009818068668526423,0.005352670407839724,0.004053448343660324,0.0001105933322134613,0.0001071658553974609,0.0001133898177001659
151.0,0.6747498168676469,0.009852850709396888,0.005289778435540933,0.004026634815274444,0.0001099465876996546,0.0001065692582998492,0.0001131117201689797
152.0,0.6842869677123211,0.00985253569718919,0.005230701686795067,0.004000161100451306,0.0001088807394346893,0.0001058972503114098,0.0001123858351367446
153.0,0.6692566471301917,0.009643685622305734,0.005170395160720068,0.003973980189443123,0.0001082331850534706,0.0001052512123737402,0.0001121732248630379
154.0,0.6795290735634716,0.00942801272682393,0.00511290161760492,0.003948177653919861,0.0001071730000060108,0.0001045407757383666,0.0001114617032095204
155.0,0.6649836362639565,0.009344735164755482,0.005055901382471009,0.003922679970195977,0.0001065172891705671,0.0001039608956665916,0.0001112545692055096
156.0,0.6758425587553134,0.009241636301212771,0.005002789552226554,0.003897524645699032,0.0001055043487677406,0.0001033232124405612,0.0001105463464060403
157.0,0.6617788252196303,0.009138079107782601,0.004948446928726136,0.003872719360300233,0.0001049307145741582,0.0001026323688389471,0.0001103147858962949
158.0,0.672624124896767,0.009005943328631553,0.004895504620118164,0.003848205350589723,0.0001039817639944469,0.0001019426638123264,0.0001095909256324979
159.0,0.6586613073731997,0.008970122310209105,0.004843466237475951,0.003823966958521815,0.0001033903448935746,0.0001013016625202532,0.0001093716214447178
160.0,0.6698029495193086,0.008952101074187894,0.00479650903666595,0.003799974767362101,0.0001024714156787769,0.0001006223047485913,0.0001086287799761215
161.0,0.6566457602817088,0.008867770783159316,0.004749425661728719,0.003776276857288973,0.0001019267045435771,0.0001000314575567339,0.0001083744748512046
162.0,0.6677382372080924,0.008838973911124792,0.004705952858429543,0.003752905862803939,0.0001010137197719105,9.94063943479706e-05,0.0001076331643815287
163.0,0.6530319209880532,0.008746690030573672,0.004662724206174338,0.003729840675291632,0.0001004320465576439,9.878097080489998e-05,0.0001072734578387193
164.0,0.6648087446816262,0.008641827328704606,0.004621399056586039,0.003707068244865711,9.951380364410311e-05,9.817024904808218e-05,0.0001064719719289191
165.0,0.650965711093637,0.00852465587741443,0.004579480219895623,0.003684551288155811,9.893641568170439e-05,9.762218412041844e-05,0.0001060690642304459
166.0,0.6629612107244442,0.00837482276846589,0.004537563573710579,0.003662408952137255,9.808357131296897e-05,9.704725238322836e-05,0.0001051677492382207
167.0,0.6494980760555406,0.008326952101470636,0.004498586814019481,0.003640534051838324,9.75339652562914e-05,9.651681415538061e-05,0.0001047154992929097
168.0,0.6616786596208687,0.008245823348896524,0.004461064650651935,0.003618892719721295,9.670082780568322e-05,9.58870562806573e-05,0.0001038414596511111
169.0,0.660149264979118,0.00831650520993044,0.004424051210705012,0.003597630584201368,9.604638382114787e-05,9.524913550559636e-05,0.0001030924480806755
170.0,0.6459849548201878,0.008252142426252402,0.004386101683806563,0.003576632763777456,9.558242323905439e-05,9.473326690296997e-05,0.0001026827900752705
171.0,0.6551585002523013,0.00831516319293444,0.004349989116039427,0.003555852916293214,9.479595623010647e-05,9.415470486621983e-05,0.000101818743867203
172.0,0.6520590100884496,0.008329627185156618,0.004313961155641578,0.003535325668665604,9.413948204208712e-05,9.351093395923581e-05,0.0001010218921362775
173.0,0.6370691041407901,0.008318484899842925,0.004278153180813992,0.003515091918517006,9.36325886920203e-05,9.293529565492417e-05,0.0001005847651337656
174.0,0.6470439045900221,0.008197173511113744,0.004242616330308301,0.003495023103536474,9.284134042391776e-05,9.230502985807188e-05,9.961029748802514e-05
175.0,0.6451143991537531,0.008148308230646707,0.004210277206972485,0.003475197888329671,9.22083004016917e-05,9.169911001650008e-05,9.878504679179961e-05
176.0,0.630378014199054,0.008085121219840405,0.004179767514014937,0.003455653437259273,9.178439799982484e-05,9.114315913212874e-05,9.835270253558413e-05
177.0,0.6398398393733141,0.0080177908418911,0.004148874711093016,0.00343631477985892,9.103481708737027e-05,9.064072041953505e-05,9.73491487495002e-05
178.0,0.638743409418378,0.00806120580228177,0.004120206988710448,0.00341723443280901,9.047535574804927e-05,9.014146716978512e-05,9.650516738938408e-05
179.0,0.6244707072018008,0.008060500012553134,0.004092130606161718,0.003398395573444683,9.013123302033458e-05,8.963639752119613e-05,9.609615332270971e-05
180.0,0.6340714007840312,0.008039619957178919,0.004064031525576262,0.003379739488912985,8.94458406588421e-05,8.91772354078757e-05,9.516290152749146e-05
181.0,0.6344032482290783,0.008054358393868028,0.004035457073059775,0.003361233891252321,8.896863488899197e-05,8.87680614892416e-05,9.440565892081518e-05
182.0,0.633092897007126,0.008047511035452523,0.004006186841744789,0.003343006524560423,8.854734977335082e-05,8.835481217496269e-05,9.378508483045585e-05
183.0,0.6319033372871494,0.008041991486421589,0.003976872763956646,0.00332494628675501,8.819356728199712e-05,8.79907922574044e-05,9.315478686994437e-05
184.0,0.6314008872738655,0.007987789935903723,0.003949075324711388,0.003307095333143471,8.788497246266591e-05,8.764503060664322e-05,9.25247052089752e-05
185.0,0.6320019609303975,0.0079237806258362,0.003920325555464183,0.003289408646631531,8.758156681466255e-05,8.740852562914191e-05,9.187469561719372e-05
186.0,0.6326752287778917,0.007891074235428175,0.003892704073273957,0.003271920252617786,8.733135679931669e-05,8.715801312633663e-05,9.126803944060872e-05
187.0,0.6330121727022561,0.007839676856946198,0.003863190113926258,0.003254583508972815,8.714075993103473e-05,8.692449860869543e-05,9.067235272256131e-05
188.0,0.6334435004626594,0.007884330244278126,0.003836637417212871,0.003237423730653773,8.69634791836475e-05,8.675552328348424e-05,9.005171238544611e-05
189.0,0.6349164244111851,0.007790132938939854,0.003808228197087271,0.003220436211724807,8.680984979754784e-05,8.657592322238805e-05,8.944694920731862e-05
190.0,0.6359591999412932,0.007707768943785999,0.003780808098790776,0.003203676160838377,8.670540654193701e-05,8.6441127314485e-05,8.895096764316505e-05
191.0,0.6361414775817744,0.007681861504722098,0.003757395557435115,0.003187126446936629,8.662985048391965e-05,8.635392767179651e-05,8.845192152197536e-05
192.0,0.6369993831358737,0.00764787305364816,0.003734454254384632,0.003170614946992471,8.655524591361408e-05,8.62641174562952e-05,8.797766241191372e-05
193.0,0.6384120000600148,0.007557829753843786,0.003710467494029825,0.003154249862426023,8.650440394835709e-05,8.616507576584368e-05,8.754446199501084e-05
194.0,0.6394921353480123,0.007407308585301165,0.003686992317154216,0.003137992437325167,8.648574582050428e-05,8.606996876052166e-05,8.714534218011986e-05
195.0,0.6404728548200311,0.007333854181564516,0.003664783882060969,0.003121946644961167,8.647500003275895e-05,8.59672969909568e-05,8.676536076466276e-05
196.0,0.6418944772912781,0.007301847663946507,0.00364262917260305,0.003106087151646035,8.643144902847253e-05,8.587018218740534e-05,8.641615494381278e-05
197.0,0.6431209156702455,0.007261083705763487,0.003622056074127925,0.003090369963455732,8.640960563793545e-05,8.574589318077192e-05,8.608547925311964e-05
198.0,0.6445307492425724,0.007176304395567702,0.003602294754055116,0.003074658116859708,8.637467450145225e-05,8.564760962732707e-05,8.577691299727274e-05
199.0,0.6463407922059994,0.007203962405604736,0.003586178816297466,0.003059057570713225,8.629491706665902e-05,8.554275459955918e-05,8.547423557150508e-05
200.0,0.6470245660530723,0.007145341475347063,0.003567456622027678,0.003043590857591942,8.625148438205824e-05,8.539463498095943e-05,8.520114799215117e-05
201.0,0.6485957732064234,0.007125161837378125,0.003549185838272781,0.003028373675152065,8.617613495842811e-05,8.525811737630733e-05,8.491291598959284e-05
202.0,0.6503143180335789,0.007023323646258374,0.003530717579822604,0.003013307020143634,8.614451780312322e-05,8.515802190145751e-05,8.460279744757018e-05
203.0,0.6518772829051525,0.007028344424500519,0.00351434674178592,0.002998396757046679,8.607530031616445e-05,8.505055212996492e-05,8.432402488163374e-05
204.0,0.6529693847846908,0.007032688049249195,0.003500035811799998,0.002983648738195194,8.597841076563724e-05,8.493543049916087e-05,8.409500273551716e-05
205.0,0.6542927538551211,0.00697953569917942,0.003485956555071906,0.002969112134839576,8.589296119818319e-05,8.477722856751883e-05,8.389209799741379e-05
206.0,0.6561633285647657,0.006916765677738535,0.003473128675700762,0.002954797992345569,8.579990440030743e-05,8.466819293281863e-05,8.366516895772232e-05
207.0,0.6577380963884714,0.006919152660382673,0.003461487809282613,0.002940696288233611,8.569507926023444e-05,8.454087644317108e-05,8.346540453480943e-05
208.0,0.6575567980689099,0.006909990904488488,0.003453296185018541,0.002926824912064215,8.558746062729016e-05,8.4392343624936e-05,8.328193726476212e-05
209.0,0.6590278693884433,0.006901282778858219,0.00344725818885486,0.002913224093531456,8.547765141260395e-05,8.423141873111688e-05,8.30801672810305e-05
210.0,0.6604218723794227,0.0068765485467594,0.003441746808006342,0.002899761160640277,8.536808645701123e-05,8.402896681523341e-05,8.288784976043438e-05
211.0,0.6599540004080782,0.006824599825835668,0.003436981546130786,0.002886539192739596,8.522686387610421e-05,8.38709597608553e-05,8.269516629741809e-05
212.0,0.660507136457462,0.006827645842390151,0.003432329813144732,0.002873613992530067,8.505046833290442e-05,8.369049225696576e-05,8.255655675818075e-05
213.0,0.6611480720381895,0.006813363716990659,0.003428147538783117,0.00286112589441444,8.490062825576309e-05,8.347129384836798e-05,8.237144242474426e-05
214.0,0.6608914672742786,0.006849532580730969,0.003424190298740381,0.002848889220973736,8.474926661614942e-05,8.318394779299528e-05,8.222121561047938e-05
215.0,0.6594034919133007,0.006824338431155192,0.00342004634953601,0.002836933211619671,8.453092228427195e-05,8.29360496447359e-05,8.205970581069115e-05
216.0,0.6588167838056799,0.006852077854524879,0.003417294598699558,0.002825271808119391,8.430248733723865e-05,8.267789257375611e-05,8.18710702981804e-05
217.0,0.6581899402170491,0.00682879001101935,0.003414959730965447,0.002813830365848443,8.407046203854828e-05,8.241096831592574e-05,8.17025580138921e-05
218.0,0.6583258942381958,0.006881227444874637,0.003413603015766517,0.002802612534420751,8.383577333700248e-05,8.212847764758541e-05,8.155002973892927e-05
219.0,0.6578284036846525,0.006926188009464988,0.003411587281309445,0.002791685091164452,8.361339835543611e-05,8.183533568785088e-05,8.135469230289774e-05
220.0,0.6566458122411238,0.00692586916196279,0.003408162554701756,0.0027808921663876,8.340214151440799e-05,8.15339929518978e-05,8.114970637729465e-05
221.0,0.6566575278570153,0.006965288183872567,0.003404252850387143,0.002770241779719141,8.319291104003412e-05,8.127112791622536e-05,8.092865031958172e-05
222.0,0.6555115736632696,0.006934042931486021,0.003400644054591082,0.002759795865446515,8.297378687049078e-05,8.100504792618788e-05,8.068246486403537e-05
223.0,0.6544527609494127,0.007019686203396212,0.003398366090290965,0.002749668976038549,8.272740934631822e-05,8.07384262233629e-05,8.04611331510061e-05
224.0,0.6535692853369965,0.006956488929299915,0.003393838876188988,0.002739787991783036,8.250600924980689e-05,8.048395864237143e-05,8.022506040532367e-05
225.0,0.6518468515367816,0.006992250382888725,0.003389036084087413,0.002730042672060552,8.229217572020383e-05,8.022452662750903e-05,7.997493782405059e-05
226.0,0.6508395847541346,0.006945930264871776,0.003384578964561691,0.002720546382833177,8.204585110207802e-05,7.998840474975019e-05,7.973827211949374e-05
227.0,0.6505734710203936,0.006929322653610333,0.003379325381023485,0.002711228636673183,8.182623908375247e-05,7.980655003912525e-05,7.94690844513559e-05
228.0,0.6499278299502936,0.00698718038568547,0.003375368616055072,0.002702050677487571,8.160714615740272e-05,7.962398157717994e-05,7.923635684327911e-05
229.0,0.6488401728404478,0.006914777542270771,0.003371776663079086,0.002693050511659731,8.140525099499402e-05,7.939181341472978e-05,7.900783899809315e-05
230.0,0.6481782237355443,0.006862723423737862,0.00336998335819077,0.002684245862475121,8.118360492153627e-05,7.918323131751269e-05,7.87881920268323e-05
231.0,0.6494068846154483,0.006856304750698697,0.003368545459651507,0.002675678162927193,8.0978804423339e-05,7.900255839659537e-05,7.857044956158177e-05
232.0,0.6496377876101166,0.006867165901376213,0.003367378512566758,0.002667221607413428,8.080408329396865e-05,7.881962778169942e-05,7.83324992797368e-05
233.0,0.6485687324948772,0.006896062627101005,0.003365500583311319,0.002658944285640724,8.064310618365149e-05,7.864774686817408e-05,7.811969901108511e-05
234.0,0.6486587048219596,0.006949737349679695,0.003362765306046426,0.00265080648029149,8.048383896779153e-05,7.842573901969568e-05,7.789079273401172e-05
235.0,0.6480340612572262,0.006853672740576435,0.003358466160147234,0.002642729814418353,8.032091931990146e-05,7.821974172575707e-05,7.766213536484772e-05
236.0,0.6482933779915574,0.00688579709529707,0.003354476417606703,0.002634778853293899,8.012143418342549e-05,7.80239407989544e-05,7.74798817321199e-05
237.0,0.6487608267278876,0.007038327592078477,0.003352452360151021,0.002626968666882026,7.994995143358004e-05,7.781990932770005e-05,7.731121169369318e-05
238.0,0.6479979581440368,0.006962255371154824,0.003347878922657635,0.00261915306291077,7.979054775663272e-05,7.762802621981451e-05,7.712844280802587e-05
239.0,0.6485948682799517,0.007007118338722106,0.003344816898310828,0.002611339223351876,7.962969420497988e-05,7.744072992709037e-05,7.694628029292797e-05
240.0,0.6486789718943329,0.007082347443504675,0.00334300321675606,0.002603669167221254,7.945065521598571e-05,7.725198214918722e-05,7.677225189249356e-05
241.0,0.6493387602627401,0.007069182759703399,0.003340851588698602,0.002596019515460127,7.928171265420094e-05,7.706216062874905e-05,7.65674404760184e-05
242.0,0.6511673114393859,0.007063936407447512,0.00333848715803203,0.002588356075400301,7.909981935568242e-05,7.690464625075916e-05,7.63743231326762e-05
243.0,0.6523431034213074,0.007033318738380321,0.00333436341654032,0.002580736883612174,7.892198824033693e-05,7.675280680958919e-05,7.619123649217348e-05
244.0,0.6532140653655554,0.007154872805631044,0.003332715421225607,0.002573265778897384,7.87490006583024e-05,7.658210051426619e-05,7.602611339418658e-05
245.0,0.6542739728767006,0.007194861049572403,0.00332994842205589,0.002565917760537167,7.85465430027794e-05,7.64262075647295e-05,7.585495933515092e-05
246.0,0.6556224629587807,0.007281728152422872,0.003328896849964233,0.002558548704779646,7.83645117658806e-05,7.626410890325667e-05,7.565292575111686e-05
247.0,0.6563266289387006,0.007297408449542383,0.003328096956587292,0.002551217302073055,7.815444903585282e-05,7.608537184665258e-05,7.542983010173081e-05
248.0,0.6568689589494094,0.007617369754189519,0.003328121526370935,0.002544030028273675,7.791608446506521e-05,7.59396128260098e-05,7.521051076454094e-05
249.0,0.6566702847040693,0.007509163170418421,0.003326587449828625,0.002536803365671047,7.768794359392621e-05,7.57452872047057e-05,7.500429718242373e-05
250.0,0.6577596387511883,0.00740639362353562,0.003322323071220727,0.002529538415900818,7.7473095605444e-05,7.555654436230504e-05,7.478412132430127e-05
251.0,0.6580758398281374,0.007386359279789821,0.003319543173672551,0.002522124186383582,7.726388036575986e-05,7.53796758784924e-05,7.457123462547562e-05
252.0,0.657593798858824,0.007346568007456709,0.00331433088121302,0.002514699508682003,7.70265055395151e-05,7.517971582559148e-05,7.434962306275492e-05
253.0,0.656794405426268,0.007500704447070008,0.003309382059265779,0.002507277671798962,7.678402433830039e-05,7.496825191011177e-05,7.413882451114855e-05
254.0,0.6550955133045494,0.007470465507113208,0.003302930168504475,0.002499938673359103,7.65208309416409e-05,7.47301610583778e-05,7.391521350440823e-05
255.0,0.6540480108360409,0.007558835507256743,0.003296437439541665,0.002492625777555393,7.62637804339939e-05,7.449220394818507e-05,7.367804851391873e-05
256.0,0.6515434120824174,0.007459687339883332,0.003287685418075839,0.002485307271547272,7.598043863061101e-05,7.42451709641591e-05,7.344361378161913e-05
257.0,0.6488004751979999,0.007496922220522612,0.003278479277896955,0.002477899466253162,7.568089397918619e-05,7.401586614436518e-05,7.318061227428101e-05
258.0,0.6473561061298431,0.007382869512034511,0.003268479200649128,0.002470432274968638,7.535137260599423e-05,7.380518002056757e-05,7.290491510395571e-05
259.0,0.6458601429433788,0.007605615958513946,0.003262455720049876,0.002462962887061955,7.503057024124763e-05,7.357891487393236e-05,7.265588848140131e-05
260.0,0.6437672977348564,0.007673384974422512,0.003256224369435585,0.002455390508638675,7.471212723107549e-05,7.333825309513112e-05,7.241548061729617e-05
261.0,0.6412403788914419,0.007635677775141549,0.00324955866818319,0.002448063574080283,7.439371762416637e-05,7.305956721486925e-05,7.214890696567701e-05
262.0,0.6387697435029199,0.007708271235438143,0.003245151293405599,0.002440929978763374,7.405428189944376e-05,7.280198980575358e-05,7.187379336799558e-05
263.0,0.6361397882486126,0.007631344308247732,0.003240458665059589,0.002433777465642522,7.372495139682173e-05,7.251875234211376e-05,7.159861908163894e-05
264.0,0.6336874938951029,0.007757833620587554,0.003237673036487448,0.002426862852150095,7.338284185209943e-05,7.224911211596342e-05,7.13240124410291e-05
265.0,0.6314200934042218,0.007589539235290605,0.003233477956071325,0.002420418154518014,7.301535767621989e-05,7.196771972363111e-05,7.105009157166188e-05
266.0,0.6283748515421312,0.007742922844163865,0.003231623583882209,0.002414348250004969,7.26746244806007e-05,7.164399262256013e-05,7.076706134268094e-05
267.0,0.6258514901914518,0.007846930086196762,0.003231417092376663,0.00240857083237171,7.234741712206786e-05,7.133449312735295e-05,7.048918942077745e-05
268.0,0.6228856714433527,0.007938807263412274,0.003229799508346363,0.002403057956802948,7.202053445087104e-05,7.097682980585357e-05,7.020686529295264e-05
269.0,0.6201922835150312,0.008005479767001373,0.003230022898335909,0.002397842394486377,7.16843923153465e-05,7.063001087070759e-05,6.991866019556777e-05
270.0,0.6178041907686352,0.007860377926297232,0.003228685775329535,0.002392818062826264,7.13285635401511e-05,7.031054258848591e-05,6.963071497783095e-05
271.0,0.6152428707240997,0.007880549283181397,0.003228617780225354,0.002387889395650598,7.099954292716568e-05,6.995266600789645e-05,6.933157295649543e-05
272.0,0.6132596921573119,0.0079684669126964,0.003228871900233998,0.002383075562899743,7.068898891815411e-05,6.956786057649993e-05,6.903722322552155e-05
273.0,0.6112727036127028,0.007999656213513605,0.003230693458097504,0.002378557054565933,7.039569947662104e-05,6.92261665142472e-05,6.87654949009006e-05
274.0,0.609373126493636,0.008081139400200513,0.003231389978487694,0.002374427925964843,7.011727094641166e-05,6.887717823363725e-05,6.847568815263956e-05
275.0,0.6077647506421485,0.008075771967047306,0.003232964786490577,0.002370558537888389,6.988095149264147e-05,6.851026301765703e-05,6.819661717038126e-05
276.0,0.6059254447465615,0.008119902003379654,0.00323679589462714,0.002366856707141117,6.965942474047701e-05,6.813959874125156e-05,6.78799271868681e-05
277.0,0.6042109016547286,0.008145676966383852,0.003240645233270455,0.002363439814335714,6.948335316874811e-05,6.77638209668747e-05,6.759935673057119e-05
278.0,0.6013875383133866,0.008174630482737151,0.003245146758414412,0.002360334854682251,6.926651955615453e-05,6.740570653474569e-05,6.731224909260263e-05
279.0,0.5987833251654634,0.008126383359856939,0.003247679298584504,0.002357423197602404,6.906622161975982e-05,6.702211278731357e-05,6.702112706359875e-05
280.0,0.597329924860086,0.00805027812779352,0.003247243766920385,0.002354805861092431,6.887560351874941e-05,6.664745061960232e-05,6.674289450104861e-05
281.0,0.5958440409012116,0.008114325149798639,0.003246431207280337,0.002352401959468452,6.872228124257251e-05,6.626882856685663e-05,6.647821975760211e-05
282.0,0.594429577264609,0.008020277328695001,0.003244421794062341,0.002350244685581932,6.855242927748279e-05,6.588620003247347e-05,6.620442952107889e-05
283.0,0.5931329511403204,0.008056207321089115,0.00324238256863253,0.002348357283251818,6.841775325938878e-05,6.549375798034115e-05,6.593152023651609e-05
284.0,0.5916877103784902,0.007914942181634571,0.00323813026789213,0.002346586811909429,6.827055751734077e-05,6.515988290108272e-05,6.568751860141571e-05
285.0,0.590524243803764,0.007896457003941124,0.003232189218779059,0.002345144050703292,6.813919816197914e-05,6.482020879593018e-05,6.550033538757715e-05
286.0,0.5893648179448023,0.007871656664904926,0.003224720711107394,0.002343682695357608,6.802134787208084e-05,6.450971450144137e-05,6.531324878794823e-05
287.0,0.5886579246998194,0.00775697265452968,0.003215071495140389,0.002342373019564041,6.793347969370896e-05,6.419454579191453e-05,6.513859815257055e-05
288.0,0.5882185460670623,0.007702301708676916,0.003204195036505617,0.002341153505721384,6.782782478760139e-05,6.388234573188048e-05,6.501555721105427e-05
289.0,0.5877510150070798,0.007607216170687888,0.003192759308751791,0.002339877980707401,6.772853927346086e-05,6.3583754583952e-05,6.486154524295968e-05
290.0,0.5874795455013705,0.007625954694785552,0.003179831115264234,0.002338669512590365,6.758310754127075e-05,6.328555829045683e-05,6.472588752934688e-05
291.0,0.585697272571832,0.007745738711758108,0.003166920795308622,0.00233742972584842,6.744073001084616e-05,6.298691779369797e-05,6.460963007594836e-05
292.0,0.584158204931786,0.00773955296565294,0.003151734269366105,0.002336411875630716,6.72966771172236e-05,6.267458823770445e-05,6.451213900895229e-05
293.0,0.5826439420851167,0.007579398172098472,0.003135843131979535,0.002335531721985873,6.715799337166679e-05,6.236083142203055e-05,6.441195363427587e-05
294.0,0.5804554881410905,0.007519922165091801,0.003119759712695701,0.002334665707363941,6.700402613955794e-05,6.208501632855153e-05,6.427750923653557e-05
295.0,0.5783441563281218,0.007556628564420889,0.003103548184413313,0.002333965313247446,6.681618765691406e-05,6.177056380792527e-05,6.416729931403135e-05
296.0,0.5757936597715654,0.00752463006988818,0.003087959273757765,0.002333302407957559,6.6569485108716e-05,6.148140218727867e-05,6.403215248811872e-05
297.0,0.5749300214168312,0.007272747028153411,0.003072843455363091,0.002332774411673343,6.630422982516768e-05,6.11860063918111e-05,6.387182080603304e-05
298.0,0.5738024306558673,0.007459192985387044,0.003060027329032448,0.002332557943784575,6.604029210752626e-05,6.093348085365084e-05,6.374125920288169e-05
299.0,0.5723201855373882,0.007494792389233464,0.00304813499122708,0.002332537302600076,6.581941093350531e-05,6.065985265727707e-05,6.363601917949976e-05
300.0,0.5702486726372936,0.007292975879944134,0.003036298316159138,0.002332671570609296,6.554799617344345e-05,6.035762054719163e-05,6.353213856985072e-05
301.0,0.5687016706135635,0.007463277757492669,0.003027163733596155,0.002332906985022259,6.526017016854815e-05,6.010225144374765e-05,6.339710482201506e-05
302.0,0.5670476588020372,0.007565326357470739,0.003019383424583847,0.002332977278720207,6.500106870843778e-05,5.985237882562002e-05,6.329980651579036e-05
303.0,0.5651518368303882,0.007823037906973742,0.003012099264945678,0.0023329404876,6.474178611222743e-05,5.959584466238066e-05,6.32047844500913e-05
304.0,0.5628947929719644,0.007627611135263676,0.00300238513323022,0.002333076119606089,6.445917456543933e-05,5.935405274105777e-05,6.310793326923559e-05
305.0,0.5605882890244082,0.007357623857495354,0.002991780169471656,0.002333526785003243,6.416768480390463e-05,5.910950129649069e-05,6.293352768186439e-05
306.0,0.558139375691113,0.007439294373917486,0.002983970188772772,0.002334208000036014,6.389816794846845e-05,5.886152083791416e-05,6.282097368288493e-05
307.0,0.5553542495601699,0.007194788528643688,0.002974221951715544,0.002334804177173375,6.358230496804241e-05,5.860442372920604e-05,6.269125215587414e-05
308.0,0.5534835651092218,0.007504771408962852,0.002968155864369687,0.002335428365215473,6.331831385349357e-05,5.834147531423781e-05,6.259960548039763e-05
309.0,0.5518801460739281,0.00727583708529849,0.002959071303691857,0.002336183479101295,6.305671050244189e-05,5.805543681440891e-05,6.248385040112657e-05
310.0,0.5497199822944181,0.007108959521397445,0.002949211581229259,0.002337142460401978,6.274316915751146e-05,5.775069617835676e-05,6.240497286788476e-05
311.0,0.5468581773442485,0.007320997296757813,0.00294295866759965,0.002338168300044553,6.244538823888598e-05,5.749641597120561e-05,6.232166651526128e-05
312.0,0.5440368132506106,0.006949803981623005,0.002932073172574977,0.002339216007976366,6.212869732497611e-05,5.723567710819584e-05,6.22423961439679e-05
313.0,0.5416559301921141,0.006741560399735939,0.002921962962169553,0.002340824155785578,6.180745811832604e-05,5.699157012733111e-05,6.212545455172423e-05
314.0,0.5389143831808173,0.006939471609866969,0.002915295851578944,0.002342375889323409,6.149767250637375e-05,5.677961296833447e-05,6.200575739437157e-05
315.0,0.5367242675564111,0.006838769030370675,0.002907424438439389,0.002343892096797305,6.123008518436592e-05,5.652291188811204e-05,6.189563180457718e-05
316.0,0.5337243432134345,0.007012521523478028,0.002901308664638995,0.002345695647878307,6.091745966988607e-05,5.629841086098949e-05,6.177574501354967e-05
317.0,0.5314489127372692,0.0068891939338276,0.002893650614966924,0.002347675370390459,6.058797093818623e-05,5.609682673438329e-05,6.164256504248599e-05
318.0,0.5301369105743955,0.006959797673234166,0.002887765560053042,0.00235012829971865,6.022828750017103e-05,5.589998453844904e-05,6.149871229008798e-05
319.0,0.527538867885432,0.00690669492635126,0.002882864786356593,0.002352552113019333,5.990758958467444e-05,5.571835002147668e-05,6.128180699819984e-05
320.0,0.5251244105872543,0.006744923586373374,0.002876567691748619,0.002355096584432288,5.950943197669896e-05,5.552405100789929e-05,6.10847522428256e-05
321.0,0.5232277169257843,0.006649340270206382,0.002870163774079731,0.002357726197559062,5.916411300425642e-05,5.532910232034441e-05,6.084147336300757e-05
322.0,0.521226914354837,0.006727710929381517,0.002866724417169348,0.002360611902145128,5.886903025930559e-05,5.519699408047986e-05,6.058915377339939e-05
323.0,0.5195386393271035,0.006747706568127582,0.002863499549419723,0.002363494345032722,5.84833627675825e-05,5.507901168210895e-05,6.029167406100312e-05
324.0,0.5165380281669812,0.007063716179952078,0.002863470321742238,0.002366168637304869,5.810268824553074e-05,5.491485852381657e-05,6.002214992727795e-05
325.0,0.5135538011340642,0.007061466917818811,0.002861821719813976,0.002368889903979485,5.774634670745098e-05,5.477962415290451e-05,5.966834316087612e-05
326.0,0.5111606564191187,0.007157609804160712,0.002862202619958136,0.002371411605066475,5.734845364592388e-05,5.461442945658054e-05,5.933923859617349e-05
327.0,0.5094425956052984,0.007043434802912262,0.002862815247054928,0.002373949905721328,5.702618709343065e-05,5.445586653345152e-05,5.906248338361175e-05
328.0,0.5078632783452965,0.007016286111494863,0.002862878124478994,0.002376107218446534,5.666010623093979e-05,5.435537599663494e-05,5.873137771059911e-05
329.0,0.5051326690635021,0.007118050036608034,0.002862021673514062,0.002378086406752454,5.627265153053861e-05,5.423678590124978e-05,5.842816203101508e-05
330.0,0.5027454304385822,0.006995456260915391,0.002862396823649924,0.002379669898802809,5.591702415872261e-05,5.409420106000155e-05,5.803904336292385e-05
331.0,0.5006501018980969,0.006977982428314798,0.002862177822428881,0.00238156926455207,5.554064020729019e-05,5.400190849915245e-05,5.767382240545401e-05
332.0,0.497308797885936,0.006946154919073745,0.002861031320233036,0.002383437283320398,5.516399390177274e-05,5.383195373782605e-05,5.731274914167998e-05
333.0,0.4944481190829914,0.006888222054964051,0.002856506664289552,0.002384897999804793,5.481464619903799e-05,5.37201306719358e-05,5.700282837524806e-05
334.0,0.4927580575008038,0.006864956436187268,0.00285347662332206,0.002385994736762031,5.444894789137272e-05,5.35994102886015e-05,5.666034100827499e-05
335.0,0.4922138115497026,0.006863061527154933,0.002851584672349652,0.00238659110942904,5.415213997425813e-05,5.352657361694598e-05,5.631534425922705e-05
336.0,0.491956219319701,0.006910340446974419,0.002850225941503724,0.002386631134994254,5.381630762294745e-05,5.337643388623039e-05,5.593274283046721e-05
337.0,0.4901501285751961,0.006868883776370235,0.002849778382257875,0.002386678755483828,5.349546102671912e-05,5.324379129640262e-05,5.556538412983168e-05
338.0,0.4883713400142152,0.006832382660740047,0.002848609494466844,0.002386644268889686,5.324534430678241e-05,5.31036916645494e-05,5.516665987690933e-05
339.0,0.485940291684855,0.006795846252732243,0.002847976856019363,0.002386560586223416,5.293701869226748e-05,5.290735898596843e-05,5.484605452242942e-05
340.0,0.482903486033384,0.006808259758844069,0.002846704641646508,0.002386264027361028,5.261778765723759e-05,5.27416062656776e-05,5.452776912558539e-05
341.0,0.4807153350572513,0.006801806811218355,0.002841434254039811,0.002385526797420954,5.232534872239041e-05,5.254846082495033e-05,5.417561389125973e-05
342.0,0.4799419047993506,0.00679436006786996,0.002835963262660051,0.002384843117510498,5.207136749227187e-05,5.232322931714e-05,5.376919462385025e-05
343.0,0.4787587195807445,0.006808164805669249,0.002830886069951103,0.002383572111594096,5.17992799291626e-05,5.210556480983e-05,5.33996832917742e-05
344.0,0.4771189130415319,0.006725688916057874,0.002822963725218334,0.002381574828219356,5.152418926062773e-05,5.187756485896713e-05,5.303756178914901e-05
345.0,0.4747732680731887,0.006658802573429861,0.002814615579613427,0.002378982091386317,5.124269509976571e-05,5.162158644368611e-05,5.269647217842897e-05
346.0,0.4730151917834022,0.006549895333955814,0.002804929788940323,0.002376232213075058,5.097176787203856e-05,5.131686279590699e-05,5.230682195244881e-05
347.0,0.470433026652338,0.006462938526154728,0.002791423079447924,0.002372724514126531,5.072075765768205e-05,5.105264897928858e-05,5.193809990564694e-05
348.0,0.4680953732276399,0.006572840162519091,0.002778007044849398,0.002368561109237892,5.043540844574557e-05,5.078456062875426e-05,5.162245716335688e-05
349.0,0.4662403127424473,0.006367182713839392,0.002761236813491717,0.00236438221452852,5.016784832640201e-05,5.050200558540089e-05,5.127286628927707e-05
350.0,0.4640655781074584,0.006269810485711369,0.002744568044827558,0.00236040243140781,4.9849059323004e-05,5.021758649673704e-05,5.097417319226688e-05
351.0,0.463397646771363,0.006108589959031278,0.00272620148691617,0.002356147199005328,4.957619111071174e-05,4.99101888119855e-05,5.064339206757542e-05
352.0,0.462050697065722,0.006026193658656544,0.002706453079857392,0.002351509193816926,4.927788043515936e-05,4.966875726380918e-05,5.03767213305557e-05
353.0,0.4601647872614186,0.006051517887799898,0.002685407481636285,0.002346296659984949,4.896853547497673e-05,4.93715485333905e-05,5.005400839932177e-05
354.0,0.4585557500304274,0.006117299402873868,0.002664391934357248,0.002340873625835059,4.868857076323333e-05,4.909943169674571e-05,4.980148860419651e-05
355.0,0.4567551027676506,0.006297889880424643,0.002644775368936416,0.002335125851276541,4.838570393571811e-05,4.881682085179364e-05,4.948729174947591e-05
356.0,0.4538581488173626,0.006869347898867014,0.002629947575731572,0.002328645128976926,4.807447300291314e-05,4.859137007026498e-05,4.919696559385712e-05
357.0,0.451259056927826,0.007220548131729771,0.002615073273279945,0.002321551481752034,4.778493392612486e-05,4.833436337030332e-05,4.888485831596815e-05
358.0,0.4479131993837598,0.007680180968431738,0.002600465152690593,0.002314136346048551,4.745178775824295e-05,4.813072194893809e-05,4.858817024552481e-05
359.0,0.4457060476380114,0.00762764942612684,0.002586365529678903,0.002306465828833207,4.71642922673632e-05,4.791076351397746e-05,4.829882269870781e-05
360.0,0.4435348406951179,0.007639823247947824,0.002573767071054927,0.002298758433100427,4.690050520426016e-05,4.774053943537767e-05,4.806000577028606e-05
361.0,0.4416316857338247,0.007591448543779765,0.002560978862298715,0.002291187397069478,4.662837205740758e-05,4.75640155299942e-05,4.781948271802636e-05
362.0,0.4405246377907225,0.007517980634600289,0.002552268804496202,0.002283131380451481,4.641306405981455e-05,4.739999034598637e-05,4.758687662946245e-05
363.0,0.4397484907689546,0.007117222546036965,0.00254377078169049,0.002274734215225952,4.615584686856772e-05,4.732605355521225e-05,4.737416893320001e-05
364.0,0.4382429855330252,0.007371834511837517,0.00253927998012154,0.002266280755182543,4.593653620495613e-05,4.716517059913929e-05,4.718455123360394e-05
365.0,0.4372527244152802,0.007095718518954225,0.002534347264444828,0.00225758341745024,4.571259329773641e-05,4.700174242542127e-05,4.696931716883483e-05
366.0,0.4361687198171931,0.006800297693234884,0.002531357719750613,0.002248776889044416,4.548395983771219e-05,4.688469894347775e-05,4.680167829058104e-05
367.0,0.43537577442995,0.00670910510006483,0.002530583224077383,0.002239924041442978,4.52703186663112e-05,4.671176507991345e-05,4.662352371681441e-05
368.0,0.4351334089113486,0.006649007365445735,0.002529352284685316,0.00223082957694162,4.504415283067499e-05,4.666330854496573e-05,4.645347523672338e-05
369.0,0.434212493425258,0.00648911742000521,0.002529195626589088,0.002221541422189928,4.479280582870506e-05,4.65084166652105e-05,4.624510071950487e-05
370.0,0.4338102440075429,0.006392711435804659,0.002528919758692734,0.002212386933842311,4.454875399517968e-05,4.633266607108146e-05,4.602334053977991e-05
371.0,0.4338088312539281,0.006520858140786878,0.002527109276818138,0.002203147540403407,4.430393234776231e-05,4.619211678375769e-05,4.583273184819998e-05
372.0,0.4341054736325951,0.006617628528925583,0.002525039517614066,0.002193814382927906,4.407581437639557e-05,4.601281713897101e-05,4.563869573667948e-05
373.0,0.4347482517552801,0.006580633565846337,0.002519781820392351,0.002184672195891638,4.385038352227446e-05,4.574480579869957e-05,4.543024306925508e-05
374.0,0.4352415972394901,0.006524037124575015,0.002513436177783342,0.00217570027084263,4.362370353472978e-05,4.555107919628763e-05,4.52140112614527e-05
375.0,0.4355440726791989,0.006548450101115021,0.002505811991535383,0.002167018044107312,4.341860874473642e-05,4.528834308752478e-05,4.498262117411584e-05
376.0,0.4364823164158322,0.00664324110270996,0.002497179046633502,0.002158486497592264,4.322182326568932e-05,4.503248076391599e-05,4.477174289466809e-05
377.0,0.4364481489840067,0.006549116575998393,0.00248494002773819,0.002150098063554204,4.304933502020666e-05,4.477685718140631e-05,4.458287547442067e-05
378.0,0.4355191829648509,0.006484191564186574,0.002473020665653846,0.002141908917923839,4.290543294736979e-05,4.454454937755136e-05,4.440629727988302e-05
379.0,0.4350770616256238,0.006459389840786357,0.002461706476025001,0.002133938988974543,4.274473438168037e-05,4.433579572629892e-05,4.422552494882238e-05
380.0,0.4342307347613403,0.006368436175770424,0.002449878237343375,0.002126195266525161,4.262684054805406e-05,4.414642907343053e-05,4.405106976371277e-05
381.0,0.4333082732591238,0.006211951247562089,0.002440248705219289,0.00211858958179701,4.250217512766241e-05,4.398236850836826e-05,4.386701956546146e-05
382.0,0.4323734252764725,0.00613904241281057,0.002434363733497661,0.002111199755073472,4.237479398367192e-05,4.387088203276627e-05,4.371644192820564e-05
383.0,0.4321659926615554,0.006061936072537881,0.002429731079712153,0.002104036197257424,4.227800451548936e-05,4.374373827340966e-05,4.357222589516224e-05
384.0,0.4315522482576096,0.005974426717070485,0.002428433674715542,0.002096988091906562,4.220976366684118e-05,4.360935662411611e-05,4.343675787659974e-05
385.0,0.4291617846994437,0.005941892388046096,0.002431886719584766,0.002090069151299839,4.214774383508979e-05,4.344505674027792e-05,4.327609737957336e-05
386.0,0.4270467134744099,0.005954986998312239,0.002435360704411956,0.002083342600582377,4.208723415629543e-05,4.327322024441169e-05,4.315382005954258e-05
387.0,0.4256890793386587,0.005868347820868656,0.002436789868056704,0.002076872491891018,4.199708855731982e-05,4.312383822403037e-05,4.301888775436543e-05
388.0,0.4245408875203693,0.005925750981243551,0.002440279119645449,0.002070686560594942,4.191646759000799e-05,4.296709634910956e-05,4.286247094389169e-05
389.0,0.4236908294011273,0.00586456507606189,0.002440156872674055,0.002064535303811386,4.182756027981904e-05,4.282328862902086e-05,4.272895729255617e-05
390.0,0.4228788803283802,0.005898797796389239,0.002441820771630152,0.00205871712073799,4.173149797382646e-05,4.268140211085723e-05,4.253870390661098e-05
391.0,0.4225601287454773,0.005883019957331423,0.002445211619812791,0.002053189308691306,4.166874456283827e-05,4.258855339125297e-05,4.241090377233369e-05
392.0,0.4220150844054133,0.005970174969427591,0.002449453048479616,0.002047774866273855,4.158367521249908e-05,4.252264172786118e-05,4.225236277286558e-05
393.0,0.4221337124033814,0.006042109057063018,0.002455004383390735,0.002042575365419567,4.147607234882455e-05,4.245145920464155e-05,4.210732542800247e-05
394.0,0.4217596407817457,0.006056505959988976,0.002460314871908799,0.002037552721067361,4.135398250911603e-05,4.238803495852762e-05,4.193619477461857e-05
395.0,0.4218579817567349,0.00610880551103689,0.002466673894888929,0.002032891984041549,4.126182178870474e-05,4.235107306984127e-05,4.18164679566865e-05
396.0,0.4221412007897338,0.006208739540906645,0.002472611842604589,0.002028474467566057,4.115978698465093e-05,4.22960683010069e-05,4.171042750442239e-05
397.0,0.4226169610879888,0.006243735860185914,0.002476839048839345,0.002024343300594721,4.108291214500732e-05,4.22668014731018e-05,4.162293107003399e-05
398.0,0.4227320163673127,0.006266870349604716,0.002479221182654145,0.002020443129300671,4.103052089801129e-05,4.221775082400884e-05,4.15561205041935e-05
399.0,0.4241159280541357,0.006368716434238122,0.002482544928514201,0.002016828828385696,4.091564372333098e-05,4.212289215926357e-05,4.146953316374315e-05
400.0,0.4246837115999215,0.00638881470872129,0.002483394579432175,0.002013454106132715,4.08081184219192e-05,4.205914336203614e-05,4.13937541086075e-05
401.0,0.4250513774301438,0.006576086964504481,0.002484404021537618,0.002010547531595486,4.069903443651779e-05,4.197614546769349e-05,4.131143445483743e-05
402.0,0.425564009726686,0.006541152668459223,0.002481000847817269,0.002007987309409722,4.059096443550407e-05,4.188746603501903e-05,4.124617117779831e-05
403.0,0.4280382314741905,0.007500663316764205,0.002480124977895392,0.002005546553116367,4.046910792588649e-05,4.177831256015517e-05,4.116204227672593e-05
404.0,0.4315214614102338,1.519075572812334,0.002887590250039122,0.002003929507929821,4.117241685221898e-05,4.262147917423437e-05,4.174633697040684e-05
405.0,0.4204978710609982,0.321308573744194,0.002851428039405786,0.002002387808409437,4.09306085471403e-05,4.18694150825469e-05,4.1646007420113e-05
406.0,0.4256691659922699,0.2050318038889618,0.002738272731552104,0.002001100964749618,4.031751548379713e-05,4.165802162627175e-05,4.108507003258073e-05
407.0,0.4263292891926198,0.03682059761685957,0.002572991009594537,0.002000035117661042,4.016713820790872e-05,4.140580797865654e-05,4.090093285325279e-05
408.0,0.4250574603717666,0.01962989966044938,0.002526144937805081,0.001999372676702146,4.004929569081081e-05,4.131024754533171e-05,4.080830799000673e-05
409.0,0.4221011058934497,0.01076119035672371,0.002497588191115459,0.001998844171364102,3.997924511617668e-05,4.113009204965269e-05,4.071842597469836e-05
410.0,0.4206670231843802,0.008505066639265755,0.002489007507535682,0.001998685818916724,3.991689483400617e-05,4.097099119655826e-05,4.063131591475815e-05
411.0,0.419756426829243,0.007136924706122281,0.002482080478922065,0.001998542121302833,3.987986782431977e-05,4.081761495920752e-05,4.054047577195861e-05
412.0,0.4189189262732452,0.006625459065042398,0.002478962900487039,0.001998532278380555,3.981390101653508e-05,4.067795665037672e-05,4.046904025120461e-05
413.0,0.4179938773487495,0.006251470304470671,0.002472947569949311,0.001998715507448386,3.977696742290462e-05,4.056091611696934e-05,4.042978505713996e-05
414.0,0.4172167554935985,0.006016675738320898,0.002470263798177543,0.001998887944712429,3.972420612111182e-05,4.042521236332712e-05,4.037781456330116e-05
415.0,0.416310615212048,0.005855599435604293,0.002468864729272535,0.001999034787094544,3.967760702704805e-05,4.029225517609052e-05,4.02959224456967e-05
416.0,0.4154894676522869,0.005770736012648887,0.002469807996368494,0.001999227020609947,3.961126169340148e-05,4.015578766625474e-05,4.023015733435594e-05
417.0,0.4147884030450738,0.005729796937828114,0.002472121190367923,0.001999382541310967,3.953055389320114e-05,4.003928188549795e-05,4.017301769884978e-05
418.0,0.4138632971292877,0.005814088894196565,0.002478943306851316,0.001999398766788456,3.944549159477e-05,3.991932419224435e-05,4.012162253396729e-05
419.0,0.4123385872459902,0.005733709962496731,0.002482811891599172,0.001999146779418011,3.936375262342034e-05,3.978138515995278e-05,4.003750638888693e-05
420.0,0.4108873500689504,0.005811888470844033,0.002486701917656726,0.001998652282809714,3.925206794028696e-05,3.962831821534769e-05,3.996656996708962e-05
421.0,0.4094364391531954,0.005822219807949426,0.002491593317520381,0.001997912660209658,3.915649756152538e-05,3.947484949532254e-05,3.985990451949638e-05
422.0,0.4075742078120322,0.005833154613316916,0.002493919915118195,0.001996909602593919,3.901835512393185e-05,3.933277684337532e-05,3.974719472091737e-05
423.0,0.4064702168228495,0.005906198227126265,0.002494792651081002,0.001995874388142155,3.887829569035073e-05,3.920285914836847e-05,3.965261968582873e-05
424.0,0.4058224416202088,0.005994437282186573,0.002492582208944637,0.001994780050141363,3.875019736679009e-05,3.906655539125379e-05,3.953000213105353e-05
425.0,0.4048553797984375,0.005967185682778072,0.002487460268976112,0.001993430443424995,3.86035344960495e-05,3.892039717250743e-05,3.939445077362806e-05
426.0,0.4041711050598002,0.006096387364461744,0.002478948288369883,0.001991951721878811,3.84486601308864e-05,3.876986070976088e-05,3.927928514969684e-05
427.0,0.4031747451282767,0.006164762637889213,0.00246984448748515,0.001990508509469804,3.828621028815116e-05,3.861139000878505e-05,3.913361901703709e-05
428.0,0.4022040437292222,0.006100317684092718,0.002453996047163693,0.001988945781004728,3.81134179137609e-05,3.847015442592182e-05,3.90168446962423e-05
429.0,0.4010768091156642,0.006032660114679273,0.002438492931505896,0.001987248676329727,3.795878278579933e-05,3.832459976511927e-05,3.88762582835702e-05
430.0,0.4004467892838184,0.006030928455569272,0.002417168553072729,0.001985732365729586,3.780602027322064e-05,3.816690774125489e-05,3.873160524816938e-05
431.0,0.400384730984903,0.00604270798741569,0.002395936215587352,0.001984183314303247,3.767933366360344e-05,3.802994541882558e-05,3.857707977941119e-05
432.0,0.400409670981288,0.006037071451019531,0.002371847194241581,0.001982717683133872,3.755236727882183e-05,3.789965573441955e-05,3.84209505276738e-05
433.0,0.4005071770954651,0.005991269486081184,0.002344860374874796,0.001981158370825897,3.742046333526811e-05,3.775751245992429e-05,3.82601228095922e-05
434.0,0.3997887631373881,0.005957260152082699,0.002317365913576135,0.001979687724001941,3.729866260219979e-05,3.763075967178736e-05,3.810212481545988e-05
435.0,0.3997451392736844,0.00587131204943618,0.002288590430390985,0.001978343132391338,3.720296255457645e-05,3.751481747527079e-05,3.793337359131794e-05
436.0,0.399567882051736,0.005742913380028913,0.002257417218158489,0.001977059812514659,3.710224763008993e-05,3.73822013131448e-05,3.776941487844462e-05
437.0,0.3993163720211941,0.005573966753041488,0.002226064581173871,0.001976031265824317,3.702459978871064e-05,3.725201552090127e-05,3.758554484830505e-05
438.0,0.3988581258649452,0.005427258553773604,0.002195734438670882,0.001975217769224052,3.69245296753616e-05,3.714389408094867e-05,3.741125816790835e-05
439.0,0.3987059055877747,0.005292123442629057,0.002167028468630599,0.001974647659835152,3.68444298876122e-05,3.70413394755307e-05,3.725491581407527e-05
440.0,0.3985627106423801,0.005120394356433745,0.002139276537658435,0.001974023183992415,3.677992427618349e-05,3.69499183227202e-05,3.709761171870523e-05
441.0,0.3982872252922797,0.004996106781323763,0.00211470547689278,0.001973748369797515,3.670488030544455e-05,3.685792126611749e-05,3.696580382165617e-05
442.0,0.3982079289575427,0.004850676451012099,0.002090811883209849,0.001973727325477939,3.664708312556995e-05,3.677112406588095e-05,3.683788628270073e-05
443.0,0.3977900044948773,0.004747310181077186,0.002070312351707403,0.001973703763630254,3.660167919137012e-05,3.667024471236212e-05,3.670685546382476e-05
444.0,0.3969567536508253,0.004595717467870585,0.002053501960590614,0.001973551918163998,3.654181048146584e-05,3.658183456083216e-05,3.658893173298425e-05
445.0,0.3959634384737235,0.004484396236532204,0.002037807436476333,0.001973238355215505,3.648601763907867e-05,3.650496628979795e-05,3.650065703906762e-05
446.0,0.3948182371349578,0.004374619616275134,0.002024680755147911,0.001972942709163725,3.64304709563675e-05,3.644270068017923e-05,3.644144158498552e-05
447.0,0.3939182278766423,0.004287468366534116,0.002013281375150784,0.001972573629739056,3.637735276327425e-05,3.638863599957843e-05,3.640809878622952e-05
448.0,0.3935706423343794,0.004241558627974455,0.002004263130874737,0.001972138345799858,3.633633788538815e-05,3.634122128747382e-05,3.635928852252967e-05
449.0,0.3929110138885788,0.004176726186112293,0.001997692370005071,0.001971716841485439,3.627951902926741e-05,3.628058429551601e-05,3.632060524327786e-05
450.0,0.3920857633953035,0.004136577069455812,0.001992870441366733,0.001971167357567523,3.62248638970439e-05,3.624105395866795e-05,3.628963179795396e-05
451.0,0.3921006774018556,0.004065933991492505,0.001989405811908205,0.00197036085257466,3.617645709696488e-05,3.622098729131798e-05,3.627282301732541e-05
452.0,0.3918379043703502,0.004031545487199695,0.001987461543014039,0.001969457479697492,3.611644147343323e-05,3.619396825246897e-05,3.62612985283811e-05
453.0,0.3913189954281976,0.003981082697829691,0.00198709715076586,0.001968395684426052,3.605634162373923e-05,3.618093513442405e-05,3.625252954031214e-05
454.0,0.3903694993620767,0.003949860095591111,0.001988817535943745,0.001967002578843048,3.597971829613794e-05,3.61915791453847e-05,3.626465050053347e-05
455.0,0.3897923261638342,0.003928173775355184,0.001992085238098037,0.001965456025822442,3.591119838292524e-05,3.619524287996589e-05,3.62730649623444e-05
456.0,0.3887661542227477,0.003934662456513395,0.00199683932731323,0.001963931124399696,3.584627316709859e-05,3.621615727651527e-05,3.626622381608986e-05
457.0,0.3880049789739018,0.003957548260399269,0.002001084366852118,0.001962303200454348,3.581779465424909e-05,3.623573845667563e-05,3.625818707495975e-05
458.0,0.3870065920326618,0.003938081538230116,0.002003529026729704,0.001960623041034862,3.57840603554705e-05,3.623768542127999e-05,3.624740126527031e-05
459.0,0.3865282442473753,0.003960323424023887,0.002006983994280368,0.001958862211711929,3.574131317802658e-05,3.625214362834929e-05,3.623973037351572e-05
460.0,0.3857076169073628,0.00394144025205483,0.00200846960946542,0.001957104123099034,3.571270052602299e-05,3.627806019399033e-05,3.621482996575884e-05
461.0,0.3852261620824535,0.004038266491705119,0.002012012944208225,0.001955089374624749,3.569641216020402e-05,3.629227649523922e-05,3.617130020087211e-05
462.0,0.3848718335651984,0.004191696420883797,0.002016264064766504,0.001952957672920638,3.567194129725273e-05,3.630835444801826e-05,3.614068090066331e-05
463.0,0.3848119935672759,0.004186522564285309,0.002013735279923586,0.001950888551518799,3.564271601906867e-05,3.631584001526756e-05,3.613423850332723e-05
464.0,0.3852304419650873,0.004178505553481694,0.002010183069940889,0.001948812420034388,3.560510307407676e-05,3.632673771791433e-05,3.610528879015953e-05
465.0,0.3854169666275188,0.004168270523930132,0.002004894102825827,0.001946530179190232,3.560067819108693e-05,3.632486231998105e-05,3.605693199177184e-05
466.0,0.385430206351342,0.004154584540170835,0.002000115122077734,0.001943982360357988,3.559392422255583e-05,3.633141170446904e-05,3.59979875833293e-05
467.0,0.3857354932510687,0.004210140041961152,0.00199406379018919,0.00194148263000708,3.560052357358471e-05,3.634228437668068e-05,3.594579323008784e-05
468.0,0.3858430986519935,0.004244516558596746,0.001987655734144038,0.001938818971618917,3.559269240788067e-05,3.633549358346927e-05,3.588068911391307e-05
469.0,0.3860992867990735,0.004190725573625593,0.001977209593061042,0.001936102075408061,3.560727519676498e-05,3.632112831540071e-05,3.580587999728367e-05
470.0,0.385802159463266,0.004281345120605346,0.001967886100543131,0.001933527020856108,3.560706409855513e-05,3.631746152430258e-05,3.572814148986602e-05
471.0,0.3857075057239009,0.004279368005918644,0.001955685654427366,0.001930685491790322,3.559415198298059e-05,3.628430384764072e-05,3.565528836699537e-05
472.0,0.3857171623375486,0.004356357390004927,0.001942527858230569,0.00192771548017773,3.557745872956044e-05,3.627845269369704e-05,3.556712218446705e-05
473.0,0.3857507479412771,0.004157015314155339,0.001923823632449272,0.001924506063433483,3.555623711203219e-05,3.625640938855148e-05,3.547024735140384e-05
474.0,0.3859726167827839,0.004110511697121094,0.001907716660915991,0.001921083827024793,3.552399231633474e-05,3.624531691979317e-05,3.538306048545207e-05
475.0,0.3863188636622616,0.004103719187153512,0.001891231658540831,0.001917515419054088,3.550030304975631e-05,3.622390976245886e-05,3.528782648962282e-05
476.0,0.3861139203134257,0.004134561991667438,0.00187518677356173,0.001913921703792423,3.547337660119246e-05,3.619441341616792e-05,3.518841021470871e-05
477.0,0.3862424541525696,0.004095594071122189,0.0018578572475628,0.001909993019933426,3.545855179066442e-05,3.617117214398096e-05,3.510392782622039e-05
478.0,0.3863178765481959,0.003953113402187211,0.001841479775604768,0.001905983240625409,3.542586906981317e-05,3.614756835806164e-05,3.50215156698131e-05
479.0,0.3859449237836734,0.004135648941922769,0.001829605239882608,0.001901812228692169,3.538322106409945e-05,3.611493653006026e-05,3.49295006761889e-05
480.0,0.3851613127140569,0.004085849675583944,0.001815819231454941,0.001897549915546502,3.533135610784469e-05,3.609116766935153e-05,3.482760225215273e-05
481.0,0.3847394892530435,0.003899650742561777,0.001803892847391906,0.001893240390724087,3.529400218158687e-05,3.607135572600825e-05,3.473795313307161e-05
482.0,0.3844572949182193,0.003869131281769153,0.001796393183853868,0.001888680964482903,3.525522418016818e-05,3.60513889168037e-05,3.464535115833283e-05
483.0,0.3843922759134333,0.003775269573548363,0.001788626683972979,0.001883670682573273,3.522820106913183e-05,3.603335765923324e-05,3.456950444298999e-05
484.0,0.3839839637686487,0.003651605688202417,0.001782867869633411,0.001878691598954039,3.519375783055607e-05,3.601837811353362e-05,3.451028098767928e-05
485.0,0.3839227133415649,0.003617919607537681,0.001780969785440149,0.001873544595859979,3.516626702863817e-05,3.598848691025317e-05,3.447282013120503e-05
486.0,0.3842650283195049,0.003543577717931852,0.001778712684880922,0.001868391988736041,3.515172795447705e-05,3.595869401154436e-05,3.442564152673948e-05
487.0,0.3841620363179097,0.003513726963898877,0.001778509274422777,0.001863353270816271,3.513043755198229e-05,3.592698675614519e-05,3.439258097758742e-05
488.0,0.3842949556142931,0.003559286589315836,0.001780385651582142,0.001858420493772981,3.511400839805947e-05,3.589938344523459e-05,3.436503456608006e-05
489.0,0.3850976466059493,0.003531844966488527,0.001780774476743652,0.001853519119695353,3.511093481797586e-05,3.587338261453361e-05,3.434819495531225e-05
490.0,0.3856233155850967,0.003556409401845023,0.00178268945368757,0.001848518849561468,3.510037132537169e-05,3.583233427576488e-05,3.433740854458204e-05
491.0,0.3855792581589852,0.003553299443444128,0.001783457365632294,0.001843503280432135,3.511462095502204e-05,3.580189490385497e-05,3.431585618884669e-05
492.0,0.3861129802172202,0.003505517770262514,0.001784484840383986,0.001838686385385785,3.510478674141788e-05,3.577840152863754e-05,3.432068488413302e-05
493.0,0.3870247204874594,0.003483124319523718,0.001786464605098686,0.001833925179074833,3.511132102251717e-05,3.573745481574688e-05,3.433378101136997e-05
494.0,0.3880363909198534,0.003440646485525559,0.001787924063478844,0.001829124315526248,3.512965746195468e-05,3.571096228419889e-05,3.434501846321075e-05
495.0,0.3893556527871252,0.003418136454692016,0.001788704574576755,0.001824329911004047,3.514407507418754e-05,3.568923081961982e-05,3.436790805026778e-05
496.0,0.3908389087300584,0.003412720772979313,0.001790515842628985,0.001819723950155423,3.51549566108862e-05,3.568273651136467e-05,3.439485871024188e-05
497.0,0.3924425278416857,0.003440066288456854,0.001793067925013753,0.001815169596007088,3.516080453592913e-05,3.568229531161045e-05,3.443905842402532e-05
498.0,0.3939007114894305,0.003451822718891107,0.001795215922291809,0.001810621221152263,3.515516839355045e-05,3.566864532206388e-05,3.448912284567621e-05
499.0,0.3947490913635973,0.003440663547927927,0.001797273596611878,0.001806112317590835,3.516277693878907e-05,3.56550477601223e-05,3.45337685358857e-05
500.0,0.3955297772929437,0.003405476888356882,0.001799823136601045,0.001801810462231777,3.515507010183873e-05,3.565341768175661e-05,3.458611046695324e-05
501.0,0.3961953707856314,0.003407314213351711,0.001802838661952172,0.001797750608183749,3.51376610045564e-05,3.563714829228349e-05,3.463369203944102e-05
502.0,0.3968505039438643,0.003440838105895643,0.001805422415807897,0.001793938439419617,3.511283171662104e-05,3.562819294192882e-05,3.468805652664349e-05
503.0,0.3975563825709317,0.003429827386664348,0.001808888215474801,0.001790329599276215,3.508186828566194e-05,3.561905999182996e-05,3.474803938916042e-05
504.0,0.3982253766776306,0.003411116454723552,0.001811599639810471,0.001786761347422579,3.503087722700711e-05,3.561672164633808e-05,3.479124669970109e-05
505.0,0.3992999088567748,0.003434184630646246,0.001815132082393172,0.001783341909376769,3.499216687689999e-05,3.5604898982468e-05,3.485870216818353e-05
506.0,0.4003843808645617,0.003455683785043812,0.001818463482231744,0.001779903899020773,3.494219459750963e-05,3.559343395235735e-05,3.492788261644331e-05
507.0,0.4011459145198004,0.00348348426075298,0.001823012477578673,0.001776414836431795,3.490371113115983e-05,3.558900364252474e-05,3.49889167886478e-05
508.0,0.4013239284688854,0.003456787252491984,0.001825168689399001,0.001773085811159624,3.486130988721282e-05,3.558483742883205e-05,3.503945959186413e-05
509.0,0.4022545741659743,0.003493866248218728,0.001828145501025438,0.00176985074174698,3.482924964952646e-05,3.55743376053998e-05,3.507803535668404e-05
510.0,0.4032714379423624,0.00346481380621206,0.001830587801114163,0.001766841851253951,3.47942729957217e-05,3.554936522676393e-05,3.512124027246341e-05
511.0,0.4040600435794949,0.003473675507507918,0.001834238736946752,0.001763866877445207,3.477069031510063e-05,3.552771567793854e-05,3.517566281815246e-05
512.0,0.4040509862244644,0.003497818599864041,0.001838140871906617,0.001760998010751093,3.47654510221256e-05,3.55198093625903e-05,3.521728594964035e-05
513.0,0.404427684317074,0.003495942380374133,0.00184196558034926,0.001758124968894892,3.476640277059179e-05,3.55035194959862e-05,3.524837966527251e-05
514.0,0.4050032971186051,0.00347917636491681,0.001845036942575593,0.001755210953470186,3.478452749746319e-05,3.549871618090523e-05,3.5264209630232e-05
515.0,0.4059968682739827,0.003428618242584026,0.001849095069392505,0.001752431327807976,3.479550035177594e-05,3.548582197713085e-05,3.52785168721126e-05
516.0,0.4067895294346899,0.003434157770372628,0.001855071541416098,0.001749677384408463,3.481949291002305e-05,3.546723941218439e-05,3.529014383212116e-05
517.0,0.4073329613689766,0.003448951074668604,0.001861423176323822,0.001747029065618899,3.485660030068837e-05,3.546586930257961e-05,3.530532124529127e-05
518.0,0.4082575907830829,0.00348748590079128,0.001868728496856079,0.001744370428506849,3.49088050770817e-05,3.545914171054232e-05,3.530880407585936e-05
519.0,0.4090756368524963,0.003524989414162424,0.001875704294248777,0.001741797590069672,3.496366705417126e-05,3.546656741163694e-05,3.530258340601667e-05
520.0,0.4095354090495542,0.003497030608462558,0.001883473819621826,0.001739356124918927,3.502379006170229e-05,3.547686147846901e-05,3.530287779697595e-05
521.0,0.4104091692814565,0.003591163655334173,0.001892645637545951,0.00173689035939455,3.509663762600472e-05,3.54850141467392e-05,3.529149650361962e-05
522.0,0.4113211819608203,0.003569559720662618,0.00190163062908514,0.001734565780941618,3.516025944791831e-05,3.549470744153884e-05,3.529008159700906e-05
523.0,0.4111246635982719,0.003562378674907859,0.001910263358512918,0.0017323858255371,3.524934141193368e-05,3.549659737958991e-05,3.527474267395234e-05
524.0,0.4111764768634247,0.003582287907478414,0.001920020489692668,0.001730252436229042,3.533343779889901e-05,3.549566361430743e-05,3.52540020908152e-05
525.0,0.4117651463730672,0.003572176420081247,0.001929858423702342,0.00172820730970531,3.540523160437307e-05,3.548757576571441e-05,3.524172431670981e-05
526.0,0.4121489968150621,0.003656520949513572,0.001938189473241923,0.001726368542035831,3.547205495746373e-05,3.548406253204034e-05,3.521930024534486e-05
527.0,0.4120832960942061,0.003688438402583279,0.001945587222951521,0.001724467153359769,3.552580739831638e-05,3.547915109319282e-05,3.521268470324395e-05
528.0,0.4121584193712678,0.003700452160810572,0.001953023732124879,0.001722595257232118,3.557848432219704e-05,3.547641137179447e-05,3.52000431955219e-05
529.0,0.4121867918845569,0.00380315679889493,0.001960640573964023,0.001720590242991081,3.56221713363877e-05,3.546951442653855e-05,3.517951721999938e-05
530.0,0.4121488751463217,0.003778329055855583,0.001965270938129443,0.001718699619336284,3.566085646590345e-05,3.545372642269092e-05,3.516295710710697e-05
531.0,0.4115830225122692,0.003870946736710685,0.00196937755396935,0.001717086712037754,3.571647645961748e-05,3.543364735664366e-05,3.514713493027359e-05
532.0,0.4113405081897049,0.003849074102861982,0.001973187073374343,0.001715662501300655,3.574504743847526e-05,3.540386073895881e-05,3.513457154398357e-05
533.0,0.4115949764748116,0.003826715235089333,0.001974849885769235,0.001714298716378815,3.577815256066416e-05,3.539134340436662e-05,3.511767751497211e-05
534.0,0.4122273760765593,0.003878604358186973,0.001975535059956435,0.0017130867386878,3.58051286438988e-05,3.537127880825504e-05,3.511306348481741e-05
535.0,0.4128151646550453,0.003928159054155961,0.001975246125422344,0.001711906999533739,3.584395975125777e-05,3.535010168139013e-05,3.510416296820845e-05
536.0,0.4126722464255765,0.003876551840632291,0.001972410154857663,0.001710895836603456,3.586301645480528e-05,3.533661138704298e-05,3.509369184264285e-05
537.0,0.4124371908849387,0.003818589103817954,0.001966655257986201,0.001709979675510323,3.589129961643191e-05,3.531883724563764e-05,3.507544422067969e-05
538.0,0.4119841724752095,0.003817929892119761,0.001961557711129193,0.001709260790904705,3.591387309916253e-05,3.52953433742888e-05,3.506403636863571e-05
539.0,0.4116235718803368,0.003862183245388763,0.001956079152601522,0.00170861940159895,3.593710571037479e-05,3.528262824411802e-05,3.503905651854791e-05
540.0,0.4122734281607371,0.003879515180519278,0.001950081934739616,0.001708089450621212,3.596548515470188e-05,3.527549297320345e-05,3.500533298357041e-05
541.0,0.4127230447376062,0.003928076552161608,0.001942754324544936,0.001707707781974987,3.601061266677663e-05,3.527803452430126e-05,3.496626150176219e-05
542.0,0.4132058386751702,0.003911781499639186,0.001935446808633894,0.001707555263774504,3.606376704200212e-05,3.529441441587992e-05,3.495179319261495e-05
543.0,0.4140974991407283,0.003990231451781015,0.001928356854418812,0.001707534416284153,3.611109809880621e-05,3.532176198674003e-05,3.492314650276795e-05
544.0,0.4145028145629526,0.00387967165551744,0.001919937278556965,0.001707516767954807,3.616202051880735e-05,3.534397095521924e-05,3.490318558108707e-05
545.0,0.4151841839433155,0.003915964250989765,0.001912786552564099,0.001707568252359534,3.621663840178457e-05,3.538934106412641e-05,3.487473969594687e-05
546.0,0.4154266002284717,0.003997349834528917,0.001906242449710883,0.001707924987422982,3.626853975140802e-05,3.54433962279691e-05,3.484834274025628e-05
547.0,0.415772168538334,0.003969051165695647,0.001899798899537162,0.001708425291645865,3.634558713845537e-05,3.549674291318429e-05,3.481376772081441e-05
548.0,0.4170903894227289,0.003935612689884767,0.001895402725661786,0.001709082099534518,3.641969032857765e-05,3.557575819864313e-05,3.479312115908562e-05
549.0,0.4187922707115105,0.003950734880022345,0.001894724761959462,0.001709858484516302,3.651189188624365e-05,3.566505847733742e-05,3.479361368327839e-05
550.0,0.4201477052653844,0.003929281164791926,0.001895714579304462,0.001710761967589854,3.66112102110201e-05,3.575230552337859e-05,3.479569945528259e-05
551.0,0.4211492161776811,0.003961674905930739,0.001900491397551989,0.001711788837501,3.670657949721048e-05,3.583571492779664e-05,3.479662776620744e-05
552.0,0.4223508129612529,0.003883440581075265,0.001907396467492137,0.001713016694359135,3.67891058127088e-05,3.591790990536735e-05,3.481168679670029e-05
553.0,0.4230682727287525,0.004137200276658917,0.001920977686478791,0.001714483954792477,3.690874535899239e-05,3.601798983696652e-05,3.48428542963521e-05
554.0,0.4237318734896697,0.00404400923350239,0.001931290415261433,0.001715940753596961,3.70221030976352e-05,3.612653226957671e-05,3.488754650916439e-05
555.0,0.4246272282749553,0.004092641815610173,0.00194418219206938,0.001717576489183341,3.714594509557399e-05,3.623121956849787e-05,3.494438604862942e-05
556.0,0.4255298299510735,0.00402405980104183,0.001959029246769888,0.001719393307422537,3.727051437824516e-05,3.633262345399859e-05,3.499791886679455e-05
557.0,0.4264145017555176,0.004196195897419805,0.00197531341775926,0.001721295827026685,3.739515034439942e-05,3.643213078424715e-05,3.509689039893933e-05
558.0,0.4273973704745274,0.004232207247753933,0.00199088739239118,0.00172323763043832,3.752170630166931e-05,3.650843775495913e-05,3.520658524846046e-05
559.0,0.4274253397014221,0.004366576004667289,0.002008681674138575,0.00172520401570671,3.76516350594507e-05,3.660925500442001e-05,3.532254291591633e-05
560.0,0.4276322136632633,0.004263295961831186,0.002024144656958937,0.001727210472306557,3.7805045445829e-05,3.670271631723173e-05,3.545322720514299e-05
561.0,0.4284615931580512,0.004300434062788121,0.002040546372581524,0.001729141763009636,3.794091817510737e-05,3.679443019502979e-05,3.561205928469532e-05
562.0,0.4293032005577009,0.004302457973437071,0.002055731424283538,0.001731179310087486,3.808665141939601e-05,3.688975076200404e-05,3.576882295675935e-05
563.0,0.4297595798898986,0.004346489955039848,0.002072522366294306,0.001733204522981674,3.823636010998008e-05,3.699529422672823e-05,3.595169985735579e-05
564.0,0.4302444700801757,0.004354571482195275,0.002091434961118125,0.001735188443662039,3.836559218756982e-05,3.709844927644395e-05,3.614354360704194e-05
565.0,0.4310262393304158,0.004443105962276191,0.002110099675474487,0.0017370566758479,3.849157097243122e-05,3.718703012085368e-05,3.635745707268939e-05
566.0,0.4317428212113242,0.004431388069293609,0.002128148041250426,0.001738940317054495,3.860723609348527e-05,3.725878711935257e-05,3.656848625755722e-05
567.0,0.4321378683986372,0.004509596725694402,0.002145784547086338,0.001740704052901595,3.873956622863712e-05,3.734315685759603e-05,3.679416477241421e-05
568.0,0.4325996448714219,0.004547336498043461,0.002164291609742752,0.001742274573638969,3.88196402595565e-05,3.7411979565941e-05,3.702744820491158e-05
569.0,0.4337395767810608,0.004631334391441252,0.002183869168228076,0.001743792904140205,3.889118874359239e-05,3.748847830711283e-05,3.725528309980385e-05
570.0,0.435408509989992,0.00470656255890742,0.002201200847579513,0.001745160518828702,3.898729973718061e-05,3.756490094010068e-05,3.748468668658893e-05
571.0,0.4367479818838589,0.004725435398932265,0.002217880862336295,0.001746367422507573,3.906818729138713e-05,3.764406532663057e-05,3.770939793907526e-05
572.0,0.4375270184558808,0.004803858596362465,0.002235738022606573,0.001747466476505325,3.911398667044678e-05,3.770421769533458e-05,3.791285663153146e-05
573.0,0.4384577903440662,0.004742341893544252,0.002253195223441908,0.0017484536771413,3.914127696489763e-05,3.775455030117707e-05,3.810612927754455e-05
574.0,0.4394988324226524,0.004789582060514824,0.002270322897674311,0.001749122049079877,3.917986121822036e-05,3.780880374469676e-05,3.830816316456356e-05
575.0,0.4402939452605745,0.004896825046814842,0.002286485903414475,0.001749741239798855,3.919631745412425e-05,3.786547675189461e-05,3.848183105742772e-05
576.0,0.4408328347567053,0.004847196946570562,0.00230051245601612,0.00175011272552062,3.923240551730617e-05,3.792845232992981e-05,3.863800294353156e-05
577.0,0.4420060698179604,0.004837514914545493,0.002314507727323368,0.001750381833270016,3.924150515215149e-05,3.797405163332813e-05,3.877359190627183e-05
578.0,0.4427925579517634,0.004823293972363626,0.002326219410219488,0.001750453008408683,3.926225723002387e-05,3.80041101369832e-05,3.889645621503932e-05
579.0,0.4433915568806986,0.004826135430337722,0.002336468396242246,0.001750528154996558,3.927408359642338e-05,3.803656923331278e-05,3.899320306402922e-05
580.0,0.4432118140260641,0.004850143850522766,0.002346087906555112,0.001750345351647713,3.92790990632753e-05,3.808593641831812e-05,3.908178189705705e-05
581.0,0.4430283120791653,0.004871378843786904,0.002351399639717937,0.001750016232693752,3.928141198290351e-05,3.813214534303591e-05,3.914487879077539e-05
582.0,0.442742092432978,0.004880191864751516,0.002354122233648028,0.001749641283735356,3.930337322047395e-05,3.815426868042061e-05,3.918981304990205e-05
583.0,0.4427539482993401,0.004832662147430166,0.002354568580896021,0.001749117504704723,3.932436607253043e-05,3.818698473343551e-05,3.92244725125965e-05
584.0,0.442854778724769,0.004795259760597604,0.002353552452621869,0.001748482166396694,3.933817657889356e-05,3.82244132787914e-05,3.923729352305556e-05
585.0,0.4424811132191973,0.004760907708566644,0.00234971105908699,0.001747657614431588,3.934512873083768e-05,3.826627022950997e-05,3.924032466072922e-05
586.0,0.4427268027791161,0.004747699690850477,0.002345123234980082,0.001746869242319374,3.93555591116678e-05,3.829601892056358e-05,3.92396803338152e-05
587.0,0.4426164865665783,0.004744307383470277,0.002340474452975477,0.001746004791196502,3.937731995860793e-05,3.833962786845863e-05,3.922299173429629e-05
588.0,0.4429132200079704,0.004711737577776972,0.00233338193344156,0.001745089200275063,3.937571615275594e-05,3.838031774504696e-05,3.919285856164984e-05
589.0,0.4429301631744871,0.004674973217755589,0.002326907597453305,0.001744080112183936,3.939515142848166e-05,3.840325939991329e-05,3.915305573147183e-05
590.0,0.4430886280092013,0.004637790240549504,0.002322211400672179,0.001742908808480733,3.940844314659803e-05,3.844116724398446e-05,3.910949994829031e-05
591.0,0.4428466763200222,0.004605567365065495,0.002319184889179731,0.001741804295899312,3.942489607731951e-05,3.849504295177497e-05,3.903527819236267e-05
592.0,0.442536332617506,0.004568454548696208,0.002315986905444183,0.001740781537551964,3.944482848072678e-05,3.854025384186505e-05,3.897633337941155e-05
593.0,0.4423374742659488,0.004549782189984091,0.002313761118782467,0.00173953190320078,3.946338827222313e-05,3.858566043723628e-05,3.890214031620597e-05
594.0,0.4428326689307461,0.004507204554047952,0.002310616588677462,0.001738130285068719,3.948051837171829e-05,3.865528905919386e-05,3.881432823277601e-05
595.0,0.4431424266869132,0.004486921653099245,0.002306917735321306,0.001736774552608573,3.950745175155017e-05,3.871401168062277e-05,3.874702241200766e-05
596.0,0.4439049686471639,0.004423258816734698,0.002304161205564676,0.001735416187696577,3.955674963692697e-05,3.877652087776442e-05,3.867420043720734e-05
597.0,0.444385752234964,0.004469426468878278,0.002301720769580788,0.001734085929784262,3.961146666873616e-05,3.884489685641247e-05,3.860624629992023e-05
598.0,0.4452927446335888,0.004402124235473464,0.002299661081206185,0.001732842282932588,3.967040019905397e-05,3.891327355756858e-05,3.852933652510503e-05
599.0,0.4458978992910558,0.004428031590010789,0.002299401991704402,0.001731512753307496,3.973587029463951e-05,3.898101724110482e-05,3.846758431612926e-05
600.0,0.4462167975527299,0.004380891019251815,0.002298789652448688,0.001730210886901783,3.981064350917767e-05,3.904703831164117e-05,3.841315727138798e-05
601.0,0.4470854027336142,0.004360970970321627,0.002298933857190969,0.001728811607000548,3.986717965619729e-05,3.912589140007959e-05,3.838389952853609e-05
602.0,0.4481870085224991,0.004349822605198367,0.002298949129841944,0.001727538419994502,3.99318940154993e-05,3.921941488861247e-05,3.8344152973089e-05
603.0,0.4487230850568828,0.004348418572711212,0.002297967621649401,0.001726087708690045,4.000067724988772e-05,3.929718900872213e-05,3.832366124282437e-05
604.0,0.4497476596859999,0.004326441212132211,0.002296831363205788,0.001724406943082089,4.007357705777957e-05,3.937421305209957e-05,3.830449308859009e-05
605.0,0.4506677963735922,0.004316758619552283,0.002295171105933687,0.00172261814372218,4.015169562415731e-05,3.945011405058522e-05,3.830479049913734e-05
606.0,0.4510339057268193,0.004293640579653322,0.002292347218675577,0.001720838662255189,4.02181010315057e-05,3.951555407861889e-05,3.829170738908717e-05
607.0,0.4519347704491232,0.00429333591710238,0.002290395696223415,0.001718991149896169,4.028036238230835e-05,3.958603799808314e-05,3.829333328751556e-05
608.0,0.4532485869406704,0.004268162096708591,0.002288714910080719,0.001716889389037446,4.032706182169474e-05,3.966259093600105e-05,3.828941637662225e-05
609.0,0.4539863640373175,0.004256431371711403,0.002285644119571552,0.001714764355764722,4.037952471239204e-05,3.971903010524372e-05,3.832035280147891e-05
610.0,0.4550213651957472,0.004228683395521667,0.002282628231078141,0.001712500839273796,4.042156853572505e-05,3.976835626146375e-05,3.835035371773452e-05
611.0,0.4555156889744993,0.004210477488987475,0.002279072234399966,0.001710089689534249,4.042850518899484e-05,3.983640046949155e-05,3.835884029869319e-05
612.0,0.4559171935990885,0.004232503042180788,0.002274798083369244,0.001707545219331864,4.044599694713143e-05,3.988180030041355e-05,3.837738121117343e-05
613.0,0.4559608328098128,0.004195625295201285,0.002271634809709331,0.00170490590731863,4.044964124754415e-05,3.992674169053949e-05,3.843613464908594e-05
614.0,0.4558396607704204,0.00416499837473058,0.002268271554336816,0.001702194021519199,4.04528172935031e-05,3.997771700977181e-05,3.848596149886048e-05
615.0,0.4561038046522584,0.004145878943447012,0.002263287876808481,0.00169929490704747,4.044444596425011e-05,3.999854501038052e-05,3.853832723168488e-05
616.0,0.4563343739933944,0.004161292490937198,0.002256837335409336,0.00169603439855959,4.042458400576106e-05,4.002435443742941e-05,3.861856134522243e-05
617.0,0.4566785645989078,0.004129562383991116,0.002252238543495085,0.001692643979272058,4.039557538977441e-05,4.004278373621591e-05,3.869959486025539e-05
618.0,0.4566069961509864,0.00411403662353819,0.002246504567115098,0.001689212862281385,4.033029191772306e-05,4.00626303536075e-05,3.880729259379475e-05
619.0,0.4563714243708755,0.00408810944194937,0.002240494522499395,0.001685662828234008,4.027106778018776e-05,4.006031330059493e-05,3.890134439467043e-05
620.0,0.4564840411832625,0.004067979245451686,0.002233904688458712,0.001682148276693779,4.020853721072123e-05,4.005486677952985e-05,3.900919395397465e-05
621.0,0.4566218496334183,0.004050927562615319,0.002227014663985035,0.0016783860549732,4.014604239856029e-05,4.003647434380291e-05,3.910958940300751e-05
622.0,0.4563316863755036,0.004070894243974542,0.002220121736424613,0.001674563219797096,4.006324059451703e-05,3.999603160990387e-05,3.922542789367701e-05
623.0,0.4560000477514278,0.004077898688050267,0.00221248313761808,0.001670591667274011,3.997215572396021e-05,3.992582566164839e-05,3.932716243015701e-05
624.0,0.4555841465852016,0.004029458626497192,0.002202334657149922,0.00166656195645338,3.988142379313397e-05,3.986283228398252e-05,3.942719299228798e-05
625.0,0.4554756240053107,0.004069139170625382,0.002193027765023899,0.001662632729878894,3.979211755038753e-05,3.976806604513748e-05,3.949489302696755e-05
626.0,0.4550658965245704,0.004103519117844686,0.002183759272985808,0.001658622712796498,3.969672992472467e-05,3.967135175073856e-05,3.955346787251278e-05
627.0,0.4549334061465967,0.00419773251244049,0.002174578324141574,0.00165454529241937,3.960646831029531e-05,3.958154202426169e-05,3.960067539216179e-05
628.0,0.4545126741522397,0.00415168005827652,0.002162696353802876,0.001650406956960823,3.95063866144185e-05,3.947926520271977e-05,3.964854260988816e-05
629.0,0.454123153660143,0.004154237932396701,0.002150334578390949,0.001646301035734535,3.9440657854512e-05,3.936220733233588e-05,3.967813442345811e-05
630.0,0.4538324540957074,0.004262697834787655,0.002140090853815275,0.001642288204967165,3.93790698606826e-05,3.925338139270428e-05,3.970395539765522e-05
631.0,0.4539454527857946,0.004228611747061038,0.002127385038923869,0.00163825721874314,3.930617804647998e-05,3.911726044545335e-05,3.96978119625585e-05
632.0,0.4536349273723071,0.004150102602493651,0.002113948924605119,0.001634233937081996,3.923539698289919e-05,3.899154696151029e-05,3.968610844899382e-05
633.0,0.4530072669211729,0.004389890710056463,0.002105686624216291,0.001630214394902975,3.918488914052378e-05,3.885574419730231e-05,3.965943234779822e-05
634.0,0.4527088692248695,0.004355466689750283,0.002091793914561724,0.001626140103849394,3.911839029423833e-05,3.872659747861524e-05,3.960113288075511e-05
635.0,0.452427470104617,0.004407202866205185,0.002081883421370971,0.00162221462404344,3.905561480934545e-05,3.861376598181159e-05,3.954407193702508e-05
636.0,0.4517963081567997,0.004315105867281189,0.002070269715392616,0.001618344116998357,3.901633103735333e-05,3.850352627327738e-05,3.94879907844342e-05
637.0,0.4517344007070881,0.004425585391094012,0.002060545265269831,0.001614528566999743,3.896207729763017e-05,3.838805806617126e-05,3.941588223426352e-05
638.0,0.4514190266958391,0.004281424515852751,0.002047583452829557,0.00161075513404412,3.892407855808983e-05,3.828634306607432e-05,3.933581675039021e-05
639.0,0.4511843406742275,0.00415367528446082,0.002036441511909514,0.001606998031762183,3.890249148126611e-05,3.818704511314623e-05,3.92620369697694e-05
640.0,0.4512587712905844,0.004082309967208329,0.002025951575066514,0.001603213278595405,3.887848111712117e-05,3.811710868023821e-05,3.919066784656209e-05
641.0,0.4512439897881777,0.004010072122904761,0.002014689119282988,0.001599584221121431,3.884760201297177e-05,3.805698218937434e-05,3.91187387697563e-05
642.0,0.4511798617649208,0.004029045872561391,0.002004891760894665,0.001595985456263254,3.88431146088259e-05,3.799880675262012e-05,3.904593952164087e-05
643.0,0.4512379617152927,0.004007036434290775,0.001995294044085101,0.001592403783341956,3.883801053234266e-05,3.795176183901648e-05,3.896176419265295e-05
644.0,0.45146613922924,0.003970614244415587,0.001987241655917018,0.001588934046499665,3.88464789631586e-05,3.792863471563863e-05,3.889051476112868e-05
645.0,0.451461978867478,0.00393266128215867,0.001977480758373106,0.00158547766933012,3.885287334105455e-05,3.790983744417297e-05,3.882440670322315e-05
646.0,0.4514313365286083,0.003916971646466648,0.001969352522966449,0.001582073176936557,3.887801901777113e-05,3.791024399211444e-05,3.874549458290518e-05
647.0,0.4509882614606683,0.003877222496727283,0.001962876826768287,0.001578816924301761,3.889628625773501e-05,3.790709641338182e-05,3.867248470717082e-05
648.0,0.4514753831799307,0.003854843718203322,0.001956734344159401,0.001575598675023028,3.893064781255592e-05,3.790125796822823e-05,3.860354336033396e-05
649.0,0.4510342943188643,0.003813004291946407,0.001951052325686728,0.001572443193472262,3.89533241107008e-05,3.791455246549333e-05,3.853813987844254e-05
650.0,0.4508126322371396,0.003855660405294553,0.001949125311088299,0.001569394175739889,3.897234526991108e-05,3.792444366204325e-05,3.84759611948258e-05
651.0,0.4509965681111708,0.00387032579694054,0.001945866874435011,0.001566462350093142,3.897390663444339e-05,3.792403041763351e-05,3.841428676346202e-05
652.0,0.4514074282858984,0.003837658309731665,0.001941208180347218,0.00156362287410072,3.897071916565563e-05,3.793180864465842e-05,3.835140036708771e-05
653.0,0.4520392988176408,0.003813768375616423,0.001937551583576259,0.001560843789457453,3.897425394295915e-05,3.792663539585886e-05,3.827251229366801e-05
654.0,0.4521625012516444,0.003828158753127789,0.001935436782106009,0.001558218267795348,3.895654274140106e-05,3.793504205433408e-05,3.819459653685564e-05
655.0,0.4516109730682746,0.003840012988196065,0.001933077368395075,0.001555658075441975,3.89283168305601e-05,3.792246422013092e-05,3.811072183167412e-05
656.0,0.4514205314114506,0.003848780964663492,0.001932225279085168,0.001553176357465884,3.890816270630132e-05,3.789786650373071e-05,3.801782311056467e-05
657.0,0.4514002269824371,0.003852136602249458,0.001933028693214357,0.001550701559572539,3.888533717987423e-05,3.788179537623053e-05,3.790987729501658e-05
658.0,0.4514169136439396,0.0038600918488475,0.001934703155508825,0.001548245115118134,3.887442030306343e-05,3.785047786967701e-05,3.780709222671199e-05
659.0,0.4516288026564212,0.003893473670720534,0.001938585642014124,0.001545857460078607,3.885930576887553e-05,3.782897764638906e-05,3.770082394764604e-05
660.0,0.4514596727418963,0.00390808764953456,0.001944062821360202,0.001543527100559406,3.883196996283072e-05,3.780349941962807e-05,3.760542135165919e-05
661.0,0.4511963023381714,0.003908935708915809,0.001951291977428097,0.001541127755170776,3.880444700573333e-05,3.776032747978741e-05,3.750962391843627e-05
662.0,0.4512359379735523,0.00388377117167601,0.001959450065592029,0.001538710699737908,3.879502332325197e-05,3.771443898660815e-05,3.741060694132486e-05
663.0,0.4506712055886887,0.003979563011551934,0.001970998728905048,0.001536300011639565,3.877656328087719e-05,3.766565077215583e-05,3.732152271422836e-05
664.0,0.4503236128931746,0.003975870362008265,0.001981592658107814,0.001533985344032627,3.877084826780956e-05,3.758766680196629e-05,3.724136538947928e-05
665.0,0.449795839498177,0.003988658223193662,0.001994296944262776,0.001531652518406437,3.875954877082292e-05,3.751136295793493e-05,3.718759105214401e-05
666.0,0.4487352195015403,0.004006509884777866,0.002006291404974834,0.001529227522898139,3.874748782041103e-05,3.741450701576121e-05,3.713400009847342e-05
667.0,0.4479102441248358,0.00412962784943164,0.002018272579400305,0.00152672652983872,3.872790583599336e-05,3.733904629398423e-05,3.708895721235781e-05
668.0,0.4468561313221988,0.004184012246589605,0.002027757482012577,0.001524220223090725,3.869499271477383e-05,3.725885182464548e-05,3.705825090068908e-05
669.0,0.4454040734348173,0.004144976156688674,0.002036053425601726,0.001521751372521691,3.867714985855696e-05,3.717482406404819e-05,3.703393911600258e-05
670.0,0.4439597048082988,0.004107105660275806,0.002043368157132159,0.00151923855155258,3.862185238899313e-05,3.707585482868412e-05,3.703054547928321e-05
671.0,0.4425667032507031,0.004123912936053293,0.002049851943127378,0.001516640153454481,3.856165235026813e-05,3.69825697150949e-05,3.702597349399204e-05
672.0,0.4417134289550668,0.004136832926944684,0.002054341967093057,0.001514026179970565,3.85224915158149e-05,3.68678564873749e-05,3.702667174643117e-05
673.0,0.4408996556083473,0.004187971450667428,0.002059746621108053,0.001511380093401665,3.847147778195054e-05,3.675987359692708e-05,3.705067438441439e-05
674.0,0.4404335693741681,0.004216346485031763,0.002062492572148065,0.001508781811916734,3.841326364646395e-05,3.666677672961387e-05,3.708014345536979e-05
675.0,0.4400336890593176,0.004221254267407549,0.002065645840309456,0.001506175856536146,3.835059228508353e-05,3.6590017482049e-05,3.714821213683667e-05
676.0,0.4391206438340192,0.004187571145846732,0.002064947640984826,0.001503514577749265,3.827453781203113e-05,3.650590767726662e-05,3.720715888229803e-05
677.0,0.4382302050746631,0.004229825737320182,0.002065118245604608,0.001500822768931566,3.820975275937489e-05,3.644624501620817e-05,3.726291534214108e-05
678.0,0.4373845255228435,0.004266268096251582,0.002065116329376344,0.001498117401650134,3.813915385920535e-05,3.639047476175276e-05,3.734197717199421e-05
679.0,0.4372423646447568,0.00427690716713234,0.002065745682358633,0.001495391831271438,3.804023041734257e-05,3.635798627346153e-05,3.742861460496502e-05
680.0,0.4371289242188414,0.004295673615499501,0.002067106371919078,0.001492648577709349,3.793964620183422e-05,3.63450792801698e-05,3.750529029548501e-05
681.0,0.4370877028242444,0.004416945946979579,0.002069982133565028,0.001489958298689762,3.782983362034574e-05,3.634599990425718e-05,3.758134292940239e-05
682.0,0.4362648427522524,0.004457325730144811,0.002072392319267327,0.001487160943788981,3.772119117102588e-05,3.6357100322927e-05,3.764767450943327e-05
683.0,0.4359889986500949,0.004478499498703657,0.00207209495449291,0.001484397258970115,3.761262577250081e-05,3.63621057520077e-05,3.770650807676445e-05
684.0,0.435434831867624,0.004487241584283055,0.002069597864537101,0.001481602472287705,3.749406543235645e-05,3.639327356916464e-05,3.774183860780241e-05
685.0,0.434554903178651,0.004598905508144639,0.00207242776276314,0.00147882845478974,3.73669640236249e-05,3.6429824660975e-05,3.776833024190981e-05
686.0,0.4335872765669683,0.004807774535194199,0.002074126891271143,0.001476129595622485,3.725554774935055e-05,3.646106011486578e-05,3.775800497662272e-05
687.0,0.4332901517729544,0.00492792074832368,0.002073438483989483,0.001473398704018397,3.714583139920704e-05,3.647541972302439e-05,3.771326305510442e-05
688.0,0.4330720677054432,0.005064562744393376,0.002071633552178753,0.001470692486652927,3.704457861306854e-05,3.647612360747587e-05,3.763778123834573e-05
689.0,0.4320784224696329,0.005487123484220411,0.002070452425811926,0.001467951622444756,3.69505709422928e-05,3.64746337004175e-05,3.754868472259063e-05
690.0,0.4315844800280835,0.00555661379570277,0.002063921269933288,0.001465167913120688,3.685864451668649e-05,3.645352053636337e-05,3.74445803419008e-05
691.0,0.4304193127032075,0.005725291037605964,0.002057360712004412,0.001462434084721589,3.678074368650976e-05,3.640971719816144e-05,3.731909132296387e-05
692.0,0.4296183972325728,0.00585906216223931,0.002048455987868494,0.001459699761054004,3.669483267040518e-05,3.635085532151608e-05,3.715841572687647e-05
693.0,0.4292661300442853,0.005867643683934816,0.002036334269479578,0.001456995655640946,3.66245303218825e-05,3.627266847698183e-05,3.697478193773016e-05
694.0,0.4278549922607298,0.00607362199716188,0.002025649538281857,0.001454344480322806,3.653207169684449e-05,3.618696182886517e-05,3.676075088686555e-05
695.0,0.426397131531575,0.006578322432937692,0.002019403995483712,0.001451685381189896,3.64309133275611e-05,3.609530860097522e-05,3.654335802609674e-05
696.0,0.4258134585952296,0.006956593269745798,0.002011160212226209,0.001449077352304336,3.633354841573686e-05,3.596773570072334e-05,3.632017368852624e-05
697.0,0.4245021645916632,0.006928074568102785,0.001998938427968813,0.001446532493458711,3.622561539016117e-05,3.584042495515749e-05,3.609077826815161e-05
698.0,0.422859024643475,0.007449837501764806,0.001989075726567154,0.001444009058315022,3.611794848358906e-05,3.569865465715789e-05,3.586276414366458e-05
699.0,0.420990991366598,0.007673729988033853,0.001979104213829094,0.001441640354654889,3.601501191872421e-05,3.556193587829201e-05,3.563681807726508e-05
700.0,0.4191429181623548,0.007679838601172047,0.001966829492654457,0.001439468418346002,3.590925815578359e-05,3.54080498359205e-05,3.543896860099629e-05
701.0,0.4171740673763233,0.007543293244846115,0.00195251441624847,0.00143737058668923,3.58080169092483e-05,3.525811702338622e-05,3.52530968230391e-05
702.0,0.4153190857710503,0.006585926067584337,0.001934458773685351,0.001435428849128709,3.571983903240889e-05,3.510581848703674e-05,3.507085706643548e-05
703.0,0.4136703959837022,0.006349952057779177,0.001922851497245962,0.001433589655281338,3.563602903867669e-05,3.494062120021232e-05,3.490016832637808e-05
704.0,0.411432347556304,0.007128092694197939,0.001917158354868802,0.001431911521060389,3.555068597410229e-05,3.47917384557981e-05,3.474884832066366e-05
705.0,0.4100921919468749,0.006995783831316017,0.001904737057864026,0.001430348865333613,3.546131512808375e-05,3.46345033944438e-05,3.461897424032634e-05
706.0,0.4089508731420327,0.006277467647221414,0.00189076915643011,0.001428845108022945,3.538210372742975e-05,3.447927518795912e-05,3.449393127177097e-05
707.0,0.4081186779512037,0.006011555573006803,0.001878908655531085,0.001427512891568106,3.530080490966502e-05,3.432305359646967e-05,3.439481879070751e-05
708.0,0.4075730691933964,0.005816909664997463,0.001868259018392574,0.001426300394161099,3.521171005269341e-05,3.418504766075196e-05,3.430387966648843e-05
709.0,0.4060691451199567,0.005548366323240138,0.001857669575816339,0.001425311994037621,3.513012267742079e-05,3.404601313912608e-05,3.421931068554331e-05
710.0,0.404195853945634,0.005219889173315811,0.001845497912261167,0.001424469591304596,3.505294081586952e-05,3.39127030173266e-05,3.414168846644649e-05
711.0,0.4019086635639166,0.005101865369469744,0.001834007360692476,0.001423701775118079,3.496724913649955e-05,3.37755958315749e-05,3.40722399541414e-05
712.0,0.4000019889517913,0.004937905060404668,0.001822589609761879,0.001422974354334675,3.486468774575961e-05,3.363929409763133e-05,3.400003411647889e-05
713.0,0.3981283631308158,0.005010408160238086,0.001811845282491564,0.001422413073558867,3.474785150635878e-05,3.351280465365415e-05,3.390717278793602e-05
714.0,0.3965673161688162,0.005149699460301597,0.001800761997467295,0.001421998290120414,3.463406647435499e-05,3.338953520794046e-05,3.380760024068433e-05
715.0,0.3951975105658324,0.005106035877050613,0.001787259744369212,0.001421637021631569,3.452806493167333e-05,3.327319232836598e-05,3.372075368666797e-05
716.0,0.3936088908326137,0.004777939034510468,0.001769345546636704,0.001421338065861796,3.440870793692108e-05,3.314968978461241e-05,3.361582782421664e-05
717.0,0.3917650550588099,0.00456017447092126,0.001750152547993884,0.001421104901976389,3.427565655519998e-05,3.30308206886843e-05,3.352140521608876e-05
718.0,0.3901369041893203,0.004430535969210262,0.001731392517839237,0.001420915539242549,3.41354598526905e-05,3.291805855078284e-05,3.343615836945762e-05
719.0,0.3884725534029935,0.004328855304230797,0.001712840923092949,0.001420786867375918,3.39934734300002e-05,3.280501812769557e-05,3.334081059378146e-05
720.0,0.3871149766177814,0.004265036176319386,0.001694810430962985,0.001420711282938845,3.38423658202115e-05,3.269961638437928e-05,3.323751689140214e-05
721.0,0.3857309389481403,0.004183285698723047,0.00167621661374198,0.001420624045348359,3.36957515114351e-05,3.2596735360736e-05,3.314918728332176e-05
722.0,0.3843788094488512,0.004082244378995075,0.001657448018553428,0.00142059937940495,3.354653761912593e-05,3.249053116688218e-05,3.306418579255456e-05
723.0,0.3833298602906641,0.003979762552971197,0.001639125112148479,0.001420605357931513,3.33979858966599e-05,3.239601650899806e-05,3.298342215723962e-05
724.0,0.3823361470368326,0.003942876863844571,0.001622170369524538,0.001420646969469504,3.324776482305735e-05,3.230580777537798e-05,3.289626993964911e-05
725.0,0.3813014498291423,0.00385256907059248,0.00160573723786327,0.001420676279219654,3.310932885940143e-05,3.222573801613793e-05,3.280077496840347e-05
726.0,0.3801554100378322,0.00382479717094902,0.001590691726747409,0.001420725207287901,3.295802065938945e-05,3.214773880028596e-05,3.272486460596054e-05
727.0,0.3790522163479634,0.003728503807573979,0.001575220507053901,0.001420818147075592,3.280612697719495e-05,3.207381441056826e-05,3.265157015965185e-05
728.0,0.3776908803893509,0.003678039996452936,0.001561424205766814,0.001420881303466134,3.264636946411998e-05,3.200616610359425e-05,3.258446948688434e-05
729.0,0.3765387671135914,0.003636370346233815,0.00154858121047268,0.001420944754422713,3.249987884873506e-05,3.193697386134591e-05,3.251173179892232e-05
730.0,0.3757964014239242,0.003586645214336166,0.001536514015066226,0.001420933045376812,3.234838447335427e-05,3.186343126495068e-05,3.244602374337234e-05
731.0,0.3747054538947121,0.003581656260415731,0.001524450823010051,0.001420885651396406,3.220991070201576e-05,3.179109505900554e-05,3.237347133834219e-05
732.0,0.3738747668826062,0.003568893594778403,0.001513433806725534,0.001420843028592314,3.20683183446882e-05,3.171901014972814e-05,3.230014403296391e-05
733.0,0.3732068962755515,0.003546505142324253,0.001502448831947108,0.001420726514455354,3.193922856939496e-05,3.165699630307603e-05,3.222635208710673e-05
734.0,0.3729632845422129,0.003505814614144199,0.001491250793560405,0.001420656714291542,3.180500748214005e-05,3.1586262564911e-05,3.216192127936367e-05
735.0,0.3720183298881815,0.003496468049459437,0.001481100778070074,0.001420554292641587,3.167850929894758e-05,3.151902366128448e-05,3.210135617936038e-05
736.0,0.3710970841015742,0.003470086024313644,0.001470743068808558,0.001420350112158551,3.155351297753903e-05,3.145538301385365e-05,3.204284421512386e-05
737.0,0.3704560508801312,0.003451079744611108,0.001461138265228694,0.001420094486592661,3.142868985824221e-05,3.138361979751965e-05,3.197443167573953e-05
738.0,0.3695944428279583,0.003435336644372026,0.001452777135843866,0.001419917000352877,3.131548781080358e-05,3.131189968573186e-05,3.190172023486438e-05
739.0,0.3682207150185274,0.003425710970833879,0.001445091644379283,0.001419563840216259,3.119785413016869e-05,3.122854074280799e-05,3.183428798824575e-05
740.0,0.3669185807656666,0.003440468278057572,0.001437775083637013,0.001419194214001407,3.10820929872607e-05,3.114156665977355e-05,3.176629265494017e-05
741.0,0.3660791464604249,0.003434008651295645,0.001432427335000538,0.001418855590481425,3.098066125219121e-05,3.106012146996261e-05,3.168424113248189e-05
742.0,0.3654227264176438,0.003452697278219508,0.001427933287517333,0.001418531174540824,3.087820976119948e-05,3.097807477886652e-05,3.161321329724237e-05
743.0,0.3645814981526313,0.003403715319753317,0.001424938383652738,0.001418223796902263,3.078307024326276e-05,3.089262427704855e-05,3.153402501525899e-05
744.0,0.3639100949804693,0.003426645661567937,0.001423367307150546,0.001417858919586283,3.068762030366526e-05,3.080402839166094e-05,3.145037234916472e-05
745.0,0.3630885333136624,0.003427872186341751,0.001423111604638409,0.001417410054830806,3.058032196767649e-05,3.070899418934536e-05,3.136452384853174e-05
746.0,0.3626385524235696,0.003496857862605609,0.001423382515623241,0.00141696662722528,3.047562199820906e-05,3.061573157824641e-05,3.127615350511768e-05
747.0,0.3615741351902937,0.00363714385654624,0.00142489769727122,0.001416533071010322,3.036491004129415e-05,3.052361552064978e-05,3.117561069028186e-05
748.0,0.3598505534185433,0.003592141288221178,0.001428990475040851,0.001415995985988873,3.025086718938897e-05,3.042155420700057e-05,3.105963494173842e-05
749.0,0.3587136761393053,0.003556697021347308,0.001428846560371048,0.001415538989662301,3.013632457831744e-05,3.032226986289167e-05,3.093964897938939e-05
750.0,0.3581827716054274,0.003594251074504421,0.001431349976808967,0.001415027887158641,3.002257393826143e-05,3.021421901558409e-05,3.082942512745778e-05
751.0,0.3570067727980414,0.003583491585417475,0.00143337175403341,0.001414509663243186,2.991611755707615e-05,3.010668788854441e-05,3.070760013051484e-05
752.0,0.3561002404855782,0.003602339596557549,0.001435708750665315,0.001414117328866023,2.980848075185433e-05,2.999876742391576e-05,3.058597578310248e-05
753.0,0.3553190871876301,0.003622455818834583,0.001437313622857812,0.00141376873009754,2.969870628302221e-05,2.989399104457532e-05,3.044915167022843e-05
754.0,0.3546401991937478,0.003640915278498264,0.001439613201677572,0.001413530213110393,2.959139369173994e-05,2.978087883872131e-05,3.030393490497126e-05
755.0,0.3535806234502846,0.003641104960146579,0.001440538191522591,0.001413328961443997,2.947779432050989e-05,2.967215062648548e-05,3.015180668372342e-05
756.0,0.3522531615163094,0.003652369961582876,0.001440740421837174,0.001413148074752465,2.936664230427239e-05,2.955685572106983e-05,3.000313767752892e-05
757.0,0.3511561383925058,0.003640387313193108,0.001440649385991395,0.001412989773506841,2.924897824905131e-05,2.943750238595376e-05,2.984410017436219e-05
758.0,0.3502277091389751,0.00360657216410196,0.001440082657801257,0.001412935102278763,2.913409034779416e-05,2.931304153610623e-05,2.968995228096697e-05
759.0,0.3491109542741279,0.003630871085003125,0.001439990384773248,0.00141303338208615,2.9028992382292e-05,2.918898890261646e-05,2.953685929215496e-05
760.0,0.3479410874905787,0.003596769263536624,0.001439580120615485,0.001413159020939753,2.891861443802025e-05,2.905708060810355e-05,2.938646051122968e-05
761.0,0.3467662709173555,0.003575586822034933,0.00143755923155087,0.001413368547880459,2.880744387510201e-05,2.89296367301647e-05,2.923544609498905e-05
762.0,0.3456062012386439,0.003551767536531777,0.001435531146001209,0.00141369621942222,2.870269250723762e-05,2.87922482239193e-05,2.909329297798499e-05
763.0,0.3445069518436399,0.003528277656237617,0.001432599657484776,0.001414101404547544,2.858630895867372e-05,2.865723027933441e-05,2.895306364226867e-05
764.0,0.3433543539315514,0.003518967127105027,0.001430765434710777,0.00141452575129097,2.847674378159883e-05,2.853174821992944e-05,2.881286397180119e-05
765.0,0.3419306181828951,0.003494001603077318,0.001428213864132299,0.001415152014165194,2.834361034656248e-05,2.840425347403792e-05,2.868488494704924e-05
766.0,0.3405777756254633,0.003520639860531727,0.00142572751905511,0.001415887248712575,2.821350236612421e-05,2.827626075790585e-05,2.855611689733017e-05
767.0,0.3386674006198191,0.003484690864391248,0.001422793165210701,0.001416588180037972,2.808441789060954e-05,2.815560656780153e-05,2.841976892305333e-05
768.0,0.3372342105138326,0.003503315677299352,0.001421160946001479,0.00141725206016411,2.796813574998368e-05,2.803686296307326e-05,2.829311485350038e-05
769.0,0.335833250776074,0.003488254707866041,0.001417916529060323,0.001417967969567541,2.784466117124401e-05,2.792995161366344e-05,2.815827578520471e-05
770.0,0.3343427146236477,0.003492408733425263,0.001414654849900922,0.001418738099554636,2.77058849439257e-05,2.781863847053555e-05,2.802836316461513e-05
771.0,0.3329914892895801,0.003471615783567604,0.001410368639412852,0.001419555884809673,2.757067534465091e-05,2.771330266101749e-05,2.788645002569959e-05
772.0,0.3317984712240495,0.003472255648167197,0.00140697005717981,0.001420358884137841,2.743621307948488e-05,2.761088104561374e-05,2.775588059995129e-05
773.0,0.3307734004188238,0.003460098443463185,0.001402157385563898,0.001421217813814355,2.728651752556185e-05,2.752740660451336e-05,2.76203559248121e-05
774.0,0.329548905309672,0.003466618035862937,0.001397412147465928,0.001422033074419129,2.714271399575162e-05,2.744391157661906e-05,2.748926257767811e-05
775.0,0.3282495093486997,0.003434580268236396,0.001392564768935065,0.001422823311704673,2.700168862370667e-05,2.736086462314961e-05,2.734989666251414e-05
776.0,0.3269355054970538,0.003432789862734131,0.001388077304285321,0.001423545245023132,2.684883849057278e-05,2.727409375377369e-05,2.721971343663324e-05
777.0,0.3257326950882467,0.003417179785468584,0.001382860842311325,0.001424100385563988,2.669381324695108e-05,2.719206523700306e-05,2.708549532722645e-05
778.0,0.3242603138336163,0.003401730961567343,0.001376787103962038,0.001424484387113556,2.652822050567288e-05,2.709767533066438e-05,2.695271953029584e-05
779.0,0.323025806026244,0.003379742125571435,0.00137082391597784,0.001424792246450199,2.63646308574063e-05,2.699290686031416e-05,2.680922235757407e-05
780.0,0.3219669079896142,0.00336065078799266,0.001364604781536476,0.001424956522552551,2.620620216902408e-05,2.688852294777686e-05,2.667343143130963e-05
781.0,0.3209655827953624,0.003330005064579655,0.001357548515831495,0.001425027523026065,2.605582575384975e-05,2.677985828024025e-05,2.653235578065659e-05
782.0,0.3198487603358186,0.003294478051918018,0.001350241565931499,0.001425059604036352,2.591089076972063e-05,2.66653228543853e-05,2.639673984021544e-05
783.0,0.3187568021840103,0.003274005427402618,0.001341324574527006,0.00142501612265901,2.575568575753998e-05,2.654987368904477e-05,2.62478740288178e-05
784.0,0.3174015459579241,0.003216580708395024,0.001330948357210858,0.001424833443616401,2.558394434072435e-05,2.643122333361525e-05,2.610235169776633e-05
785.0,0.3157815659038725,0.003153530731550295,0.001320643328139958,0.001424415315584929,2.541859656259576e-05,2.630512602319605e-05,2.59476827640469e-05
786.0,0.3144210093115554,0.003120289416357318,0.001309644111285907,0.001423930786002555,2.525819851525419e-05,2.617345196804567e-05,2.579691665203504e-05
787.0,0.3131725325208156,0.00304853680523244,0.001298490682309705,0.001423362873689881,2.510145086126283e-05,2.60369448946015e-05,2.563733153873766e-05
788.0,0.3117802039925331,0.003006998665934051,0.001288422723040167,0.001422626739554036,2.496005971181935e-05,2.589882115276609e-05,2.548297434646694e-05
789.0,0.3103854846090679,0.00295466051467388,0.001277586111065086,0.00142178852190413,2.481819051759282e-05,2.576118205114863e-05,2.533334945090016e-05
790.0,0.3090510347961703,0.00289721890615579,0.001266451094898176,0.001420787676724478,2.468572598059361e-05,2.563100858783347e-05,2.51888227824729e-05
791.0,0.3078199224539656,0.00283640292374235,0.001256244448102141,0.001419769574841851,2.455002773587992e-05,2.550306372271227e-05,2.50374310188448e-05
792.0,0.3064869699356166,0.002800601544130102,0.001246648113957068,0.001418789854393987,2.442194896108329e-05,2.537809385763743e-05,2.489720112176812e-05
793.0,0.3055663450978235,0.002767308987636856,0.001238132912909925,0.001417777351744105,2.430259797727967e-05,2.526176208392707e-05,2.475397281869117e-05
794.0,0.3045769007096775,0.002714404509821721,0.001230284794476177,0.001416748357254882,2.418974548125723e-05,2.515602457480088e-05,2.461539376058252e-05
795.0,0.3036420224002728,0.002655421384286696,0.001223700260478678,0.001415600126654383,2.407811226017727e-05,2.505162766180822e-05,2.44820517162949e-05
796.0,0.3027103124311869,0.00260761936127391,0.001217662030986601,0.001414460937962364,2.3982982389219e-05,2.495521851725973e-05,2.43571366781518e-05
797.0,0.3016609503244935,0.002551834512234383,0.001212467260205417,0.001413509051328164,2.388752341243385e-05,2.486597465085508e-05,2.423876212009809e-05
798.0,0.3007311866974446,0.002483354533171153,0.001208216653860684,0.001412609763517565,2.379781501589024e-05,2.479600122183308e-05,2.412610789645088e-05
799.0,0.2999652627926186,0.002440366513957967,0.001204631329072525,0.001411762999288666,2.371240815254299e-05,2.472364645421197e-05,2.40238091462496e-05
800.0,0.2990080467898825,0.002406879891110271,0.001200979281117121,0.0014109220940393,2.363042930417707e-05,2.465263112152993e-05,2.39305953408785e-05
801.0,0.2982746798991828,0.002388775702253124,0.001198052300154301,0.001410155325945249,2.355586333752901e-05,2.458967756724098e-05,2.384136473261535e-05
802.0,0.2972748243056726,0.002393076967211608,0.001195366447889002,0.001409490082818247,2.348044351135477e-05,2.453469623867426e-05,2.375466538616642e-05
803.0,0.2962934102157322,0.002357090738040285,0.001193239037893527,0.001408891832917813,2.341723991111738e-05,2.447414860388947e-05,2.367348224289376e-05
804.0,0.2953448732395086,0.00232791659278321,0.001190678909935143,0.001408340132092454,2.335938099119142e-05,2.44111209245467e-05,2.360041146052961e-05
805.0,0.2945955978950121,0.00230191653175945,0.001188334422863124,0.001407763289259602,2.331231497837369e-05,2.435430133644809e-05,2.352952007731159e-05
806.0,0.2939939342936681,0.002289708848188844,0.001186021470950263,0.001407193848222488,2.327789608551736e-05,2.429796608650334e-05,2.347046111465449e-05
807.0,0.2931621337834097,0.002297547806581758,0.001183959866142697,0.001406566143097543,2.325605154090929e-05,2.424549253116115e-05,2.341778920951782e-05
808.0,0.2925481750723314,0.002278944804280834,0.001181158902165189,0.001405944902033175,2.323471301946564e-05,2.419892202421348e-05,2.337390812279914e-05
809.0,0.2919377615648103,0.00226819768080566,0.001178349620619659,0.001405428496289655,2.322622975614788e-05,2.414051405145247e-05,2.332621578103476e-05
810.0,0.2912046789871273,0.002248289897620318,0.001175779219825756,0.001404795319963313,2.322567340300055e-05,2.408473588986507e-05,2.328185734928037e-05
811.0,0.2904435294385793,0.00223231716479834,0.001172759766026901,0.001404159275920931,2.322689982411622e-05,2.402936626654749e-05,2.32323200480551e-05
812.0,0.2899526023740099,0.002219573309252412,0.001169781960241308,0.001403419919339679,2.323208466178695e-05,2.397544390159392e-05,2.319339774575179e-05
813.0,0.2893933892656702,0.002204770348614001,0.001167300356434994,0.001402733604407629,2.324532148312641e-05,2.392708445050485e-05,2.31539483600623e-05
814.0,0.2891339112918812,0.002203643512260346,0.001165220256185982,0.001401909694020508,2.327244933326327e-05,2.387405719253192e-05,2.311578333429355e-05
815.0,0.2888591155942466,0.002195010489468462,0.001163048241685966,0.00140111085829932,2.3298674472839e-05,2.382412500724622e-05,2.307578020086073e-05
816.0,0.2888239682409285,0.002197725683505125,0.00116124452425936,0.001400363620762185,2.332958754100976e-05,2.377862575320524e-05,2.304154703193078e-05
817.0,0.2887624456869504,0.002194322858574009,0.001160065860168466,0.001399661451457622,2.336673958165105e-05,2.373234306620314e-05,2.300801945879448e-05
818.0,0.2888270192611799,0.002225966897481686,0.00115968947282184,0.001398900579170403,2.33938321990071e-05,2.368664187598963e-05,2.297579262727333e-05
819.0,0.2891337874866986,0.002212366912923704,0.001159266605731464,0.001398063203314944,2.342787273613514e-05,2.363830362355029e-05,2.294637826017862e-05
820.0,0.2894448716735492,0.002204144474151281,0.001159346908407865,0.001397277942357456,2.34637033279989e-05,2.359296710516517e-05,2.29199836428142e-05
821.0,0.2899492982947214,0.002197842104459991,0.001159281967733227,0.001396452651511725,2.350367798105644e-05,2.355023227630649e-05,2.289189064024491e-05
822.0,0.2901239806055176,0.002180019900979394,0.001159075767851733,0.001395659384730587,2.353475264496121e-05,2.350978259942242e-05,2.286186137661458e-05
823.0,0.290403760324131,0.00217794284134491,0.001159263642483807,0.001394960333334844,2.356713787253463e-05,2.346863048527435e-05,2.284188149939698e-05
824.0,0.2906219699931092,0.002170266842803109,0.001159402790500628,0.001394192797794682,2.359888560429856e-05,2.342550049191968e-05,2.281117078173864e-05
825.0,0.2906805548809083,0.002165415895703241,0.001159888759800793,0.001393445834909352,2.362737505806116e-05,2.33819780318812e-05,2.279127518684785e-05
826.0,0.2907830849174461,0.00216207282812392,0.001159785702446801,0.00139273947232933,2.365456239673779e-05,2.334654838038861e-05,2.277181504602114e-05
827.0,0.2910723058811628,0.002149394184888349,0.001159234765149374,0.001392077631767396,2.367377218124723e-05,2.330918992492423e-05,2.275795746316657e-05
828.0,0.291229068945719,0.002142832050806146,0.001158888826519473,0.001391439578655319,2.369839739778977e-05,2.327062616787829e-05,2.274303132801124e-05
829.0,0.291436282173021,0.002133274586052275,0.001158870743561864,0.001390984265099239,2.371391068361472e-05,2.323217820430665e-05,2.273521945388977e-05
830.0,0.2912192663948665,0.00212626189838986,0.001158497422239172,0.001390542547837662,2.372562093245076e-05,2.32055517621008e-05,2.272347466371321e-05
831.0,0.291116815595383,0.002134687232540894,0.00115811748912619,0.001390150577016365,2.372641427363337e-05,2.318387663538089e-05,2.272305616860732e-05
832.0,0.2911476646105605,0.002109571255308227,0.001157162553772731,0.001389814180782576,2.372791129330587e-05,2.316070362215391e-05,2.272380384043356e-05
833.0,0.2913250406347129,0.002103942441050629,0.001156686118310804,0.001389377881302709,2.373035132212425e-05,2.313581283606256e-05,2.273224275117989e-05
834.0,0.2911777559654988,0.0020814874025124,0.001155813368971364,0.001389001403822054,2.37312291805885e-05,2.311225240654402e-05,2.274429038614326e-05
835.0,0.2908082774491418,0.0020900321526429,0.001155548971953576,0.001388715417489552,2.373343267363613e-05,2.309106529588988e-05,2.276167548379871e-05
836.0,0.2910254836385253,0.002081233379357381,0.001154805581655793,0.001388329430441134,2.372795397584445e-05,2.308412940017262e-05,2.278050720124566e-05
837.0,0.291444886145808,0.002056939141826921,0.001154569649280593,0.001387988809117045,2.371987666343599e-05,2.307886778803044e-05,2.281028112655792e-05
838.0,0.2913580970996989,0.002069939995356704,0.001154627215653746,0.001387698723197975,2.371142058703965e-05,2.30879267866539e-05,2.283831965745388e-05
839.0,0.2917215711218504,0.002058275780983599,0.001154470257336073,0.001387393471267111,2.369780101197174e-05,2.310116537665465e-05,2.288370182000675e-05
840.0,0.2917670306206218,0.002063151847203689,0.001155403828025863,0.001387179008036253,2.369938318675326e-05,2.312476463201227e-05,2.292570738516074e-05
841.0,0.2916935070509303,0.002131628635989248,0.001157162953857922,0.00138691722896109,2.370765530695797e-05,2.31498326415932e-05,2.297205731957303e-05
842.0,0.2916498755684157,0.002115141896364483,0.001159013123161002,0.001386684096046431,2.370909987867442e-05,2.318833483442829e-05,2.302277661784658e-05
843.0,0.2919924810993954,0.00211145678234739,0.001161878259019849,0.001386452252609082,2.371668385928688e-05,2.32315986624308e-05,2.307197052900156e-05
844.0,0.2922302830807096,0.00212127634036643,0.001165408465226038,0.001386147421937201,2.372964517329533e-05,2.327939309439151e-05,2.31248522555756e-05
845.0,0.2925957064614419,0.002158700315796026,0.001169672178369906,0.001385848579888844,2.373603953686496e-05,2.333310256396025e-05,2.318088199593535e-05
846.0,0.2927617458654092,0.002172303610083805,0.00117412433661842,0.001385482193214398,2.375185471771057e-05,2.339424175378426e-05,2.323588175424992e-05
847.0,0.2928946503816867,0.00218747971046103,0.001179141113797876,0.001385137541122451,2.37786768228585e-05,2.344982616364222e-05,2.327719692801325e-05
848.0,0.2931811367220583,0.002205886230911031,0.00118466494721241,0.001384757969533984,2.380382111527431e-05,2.350809698004383e-05,2.333060767810083e-05
849.0,0.2934206234099135,0.002261875152550582,0.001190784574922116,0.001384346818467954,2.383277423180927e-05,2.357532703992073e-05,2.337779769413207e-05
850.0,0.293589772041699,0.002322239759248767,0.001197237185921363,0.00138392543845327,2.386294119572203e-05,2.363291996771654e-05,2.342926188221626e-05
851.0,0.2940987757530295,0.002370689758246469,0.001203766319463782,0.001383508825803361,2.388943216514589e-05,2.36836082258699e-05,2.348422569691998e-05
852.0,0.2945616879961144,0.002398459583533722,0.001210698553533071,0.001383091627403725,2.391700946097658e-05,2.372874947110426e-05,2.354406914257904e-05
853.0,0.2950725837225965,0.00245723864286276,0.001218540256770265,0.0013825814618965,2.39436633017118e-05,2.376690996442575e-05,2.36042696752589e-05
854.0,0.2953714725122921,0.002478032986480439,0.001225952331898971,0.001382086919579664,2.398091915571519e-05,2.380631013295494e-05,2.365280409390895e-05
855.0,0.2957684456953761,0.002508735026823055,0.001233681849549684,0.001381509880068261,2.401006339239459e-05,2.383470525992685e-05,2.369831674136615e-05
856.0,0.2961250331783376,0.002549809206860041,0.001241767583339064,0.001380877350496027,2.403885536554741e-05,2.385762339658284e-05,2.373934463609065e-05
857.0,0.2966908341964881,0.002571511875944783,0.00124953690153947,0.001380325336094191,2.406178282768839e-05,2.388338271319984e-05,2.37881216989181e-05
858.0,0.2972355005355334,0.002690416432631016,0.00125786118024623,0.001379751604555303,2.408616103032617e-05,2.390550642876863e-05,2.383832593043596e-05
859.0,0.2976310106922747,0.002716886385844266,0.00126616341729117,0.001379136424803445,2.411602509554845e-05,2.392060800923162e-05,2.387632686673343e-05
860.0,0.2976482383826664,0.002722364038157849,0.001272956865387405,0.001378430642442713,2.413686466140401e-05,2.392911449386403e-05,2.391699269894671e-05
861.0,0.2982163516828376,0.002746038227653985,0.001279854304013135,0.001377774671754357,2.415627161278532e-05,2.393381276929715e-05,2.393908812924663e-05
862.0,0.2986155404888806,0.002832454618554992,0.001285638523229201,0.001377140189642159,2.417885340912884e-05,2.394216435084117e-05,2.396074433445272e-05
863.0,0.2986102682499286,0.002858896208717314,0.001290672965576349,0.001376375345927474,2.419161851804589e-05,2.394393860003707e-05,2.399193459576806e-05
864.0,0.2991115710095867,0.00288212610119526,0.001295024888714991,0.001375519701100226,2.420480237537229e-05,2.394123738140464e-05,2.400316305017807e-05
865.0,0.2994843425024244,0.002929137530841088,0.001298688013387412,0.001374612432110556,2.422439716275039e-05,2.393831979121365e-05,2.401000638636493e-05
866.0,0.2998490757778787,0.002902208979864233,0.001300089741408482,0.001373662051369654,2.423662439577293e-05,2.392771204849185e-05,2.401056167800037e-05
867.0,0.3002326548016873,0.002898787278281302,0.001300817443035432,0.001372809523165984,2.424027967823149e-05,2.392420838346759e-05,2.400169398966191e-05
868.0,0.3001350543438004,0.002915026579304682,0.00130026819439246,0.001371894301046567,2.424816761346845e-05,2.391315964982178e-05,2.399406739733582e-05
869.0,0.3002053342868423,0.002916766269351464,0.001298308066688289,0.001370977488038917,2.425712661860788e-05,2.389844207758398e-05,2.398099223170301e-05
870.0,0.300075533124588,0.002899908408843532,0.001295242675580714,0.001370119500584682,2.426282983156848e-05,2.388139837742414e-05,2.396406059103549e-05
871.0,0.3002869999495344,0.002966532797573296,0.001292614558431812,0.001369253102180996,2.425095157623732e-05,2.387022655413644e-05,2.394772726736465e-05
872.0,0.3001684140930037,0.002938706283206139,0.001287091448345496,0.001368420135954276,2.422313658681819e-05,2.384766700955846e-05,2.393717555560585e-05
873.0,0.2998291881446667,0.002870767348022301,0.001281532925660224,0.0013676527873316,2.41859968675378e-05,2.383054089022658e-05,2.392131602490916e-05
874.0,0.2994689879380142,0.002812343582117175,0.001275478575035794,0.001366908170282702,2.414555076946732e-05,2.380944710483239e-05,2.390261979492961e-05
875.0,0.2992779301831562,0.0027838880423313,0.001269566789156991,0.001366260581726988,2.410714204522278e-05,2.378323131088563e-05,2.388806739301505e-05
876.0,0.2987040930641223,0.002790813805943411,0.001263713367350396,0.001365624395184805,2.407077454229253e-05,2.375776859596006e-05,2.387487730166853e-05
877.0,0.2981139094864058,0.002742549995010455,0.001257502147360898,0.00136497342463331,2.401370439595121e-05,2.372991378000166e-05,2.386395811310674e-05
878.0,0.2972920103616308,0.002745100017771188,0.001251717660019603,0.001364285338019965,2.395177751421033e-05,2.369660861587159e-05,2.38527764114077e-05
879.0,0.2963037477378077,0.002684528769297756,0.00124564032571252,0.00136361764237734,2.38812329916166e-05,2.366221349674372e-05,2.382713570107509e-05
880.0,0.2955530009709633,0.002628304293271261,0.001239110253703135,0.001362916918633981,2.380711887123633e-05,2.363681769468448e-05,2.381094998783575e-05
881.0,0.2949896542874369,0.002610690864857482,0.001232684866238228,0.001362220520568408,2.372996138351201e-05,2.36129168669778e-05,2.3793299928591e-05
882.0,0.2946480971101415,0.002654321578024743,0.001227244293640529,0.001361474417155775,2.365964835677348e-05,2.359319729129831e-05,2.377489412841963e-05
883.0,0.2943484227892765,0.002692120990876522,0.001221280351069033,0.001360716101510827,2.357789498662563e-05,2.357881537178981e-05,2.374644006789611e-05
884.0,0.294218797815004,0.002685347728398482,0.001215528738237874,0.001359911087314656,2.350351974567201e-05,2.358369608978821e-05,2.372706402555506e-05
885.0,0.294079942125322,0.002662866416107692,0.001209652390140744,0.00135911220350903,2.343301427612619e-05,2.358635728039453e-05,2.370790158548983e-05
886.0,0.2940526507516791,0.002597966738391487,0.001203699040013353,0.001358341982932919,2.336782038238689e-05,2.359302254691506e-05,2.368229899879656e-05
887.0,0.2940398185031889,0.002587374720382187,0.001197767444553218,0.001357607242637127,2.329453977550222e-05,2.360295087859928e-05,2.365644862829588e-05
888.0,0.2937678928058371,0.002571973385313471,0.001191977478367959,0.001356875680815189,2.324597636257122e-05,2.362082866838227e-05,2.362925071602963e-05
889.0,0.2934258548595241,0.002558778811079336,0.00118651456064984,0.001356150822569752,2.319257693042458e-05,2.363819142496591e-05,2.360767003332023e-05
890.0,0.2930729733442466,0.002523204283309823,0.001180843358594722,0.001355464186417328,2.314015895039408e-05,2.365339489083902e-05,2.358136609489622e-05
891.0,0.2928844602291854,0.00253657571820393,0.00117549245492788,0.001354788039671972,2.310224478241173e-05,2.367688774525818e-05,2.355307928588652e-05
892.0,0.2927631987372573,0.002529429834383328,0.001170274950119184,0.001354068836410072,2.307035685435443e-05,2.369357479057546e-05,2.352652034378935e-05
893.0,0.2926008934225671,0.002544908265068126,0.001165711745359094,0.001353331015118011,2.303931606243547e-05,2.370863111355111e-05,2.349710811642e-05
894.0,0.2923928419891014,0.002531386964221538,0.001161547819812529,0.00135258502860312,2.302470330314645e-05,2.37280370532628e-05,2.347299315473842e-05
895.0,0.29203107183147,0.002574734871394041,0.001157907821590695,0.001351838214691754,2.301003579612596e-05,2.373102936808464e-05,2.344881052135714e-05
896.0,0.291529182887775,0.002540388036127769,0.00115439832434786,0.001351069661354393,2.300745432782932e-05,2.374601182786968e-05,2.341594304399252e-05
897.0,0.2909745177992645,0.002510579220335791,0.001150949971922851,0.001350347366232402,2.299563724180083e-05,2.376227753656512e-05,2.338134755424604e-05
898.0,0.290629860479113,0.002477697138311173,0.001148100288586186,0.001349650889876982,2.299148599036236e-05,2.377897063779291e-05,2.335135939976862e-05
899.0,0.290209079048436,0.002489351691413274,0.001145496373320262,0.001348909460893964,2.298546389010352e-05,2.378741439299205e-05,2.331280383961938e-05
900.0,0.2901568081736766,0.002485884253735971,0.001143450601989439,0.001348263242008253,2.298484719048785e-05,2.379549476931912e-05,2.327469958115429e-05
901.0,0.2900681880632451,0.002478093895626064,0.00114197820230397,0.001347535692128336,2.298931987684259e-05,2.379441076065688e-05,2.323327375218632e-05
902.0,0.289730472885752,0.002491141598306254,0.001141457544955756,0.001346759940225637,2.299239681694521e-05,2.378532116885151e-05,2.318119648999778e-05
903.0,0.2895292975219689,0.002511959972678683,0.001141702909907775,0.001346034801885936,2.299166766531804e-05,2.377539864292762e-05,2.313379360286534e-05
904.0,0.2895544078264952,0.002525205175986594,0.001142925249861335,0.00134536562027323,2.300823549833303e-05,2.37656328943204e-05,2.308396147751521e-05
905.0,0.2895792237554098,0.002579393375267628,0.001144802335721538,0.001344824583524982,2.300721782649381e-05,2.375357371670861e-05,2.303356781983763e-05
906.0,0.2893794826123058,0.002572639239479244,0.001145651192723848,0.001344419532620875,2.301796918142089e-05,2.373029836402559e-05,2.297849131675352e-05
907.0,0.2892633360325728,0.002575966455648785,0.001147084130131976,0.00134410646381127,2.30203334431487e-05,2.371021536923509e-05,2.293303886107614e-05
908.0,0.2890492719635609,0.002598102382460698,0.001149141235794915,0.001343744758824045,2.302628597406842e-05,2.36840032461215e-05,2.289514915119779e-05
909.0,0.2886645904213111,0.002640049593895123,0.001151636980341593,0.001343485687557498,2.301556183864638e-05,2.364137688317627e-05,2.286232615502355e-05
910.0,0.287954206310936,0.002623079762165576,0.001153067356187376,0.001343194652875112,2.300302981805863e-05,2.359356159048883e-05,2.281286858900119e-05
911.0,0.2875646423041108,0.002613519890139647,0.001154240996791308,0.001343059288848008,2.297657257968135e-05,2.353889716401267e-05,2.276581214821478e-05
912.0,0.287352473262464,0.002744524352862393,0.001155157331267927,0.001343065621248244,2.29397349968732e-05,2.348536824442367e-05,2.271560962914533e-05
913.0,0.2873531571908897,0.002771251216838696,0.001155689257447055,0.001343210798113087,2.290525756491015e-05,2.342152388052766e-05,2.2662654482659e-05
914.0,0.2861573807393948,0.002800508152929515,0.001156507978738118,0.001343462874168483,2.287495154616919e-05,2.33486757482764e-05,2.260176961015709e-05
915.0,0.2853523736021631,0.002670026208298604,0.00115664282339197,0.001343925912248764,2.28323600908919e-05,2.327471145385193e-05,2.255630871272892e-05
916.0,0.2847383466665034,0.002665352089726851,0.001157543339166191,0.001344549932363498,2.279068332534266e-05,2.319566468446642e-05,2.250314047712685e-05
917.0,0.2839994128847095,0.002663428822188857,0.00115865598557171,0.001345191276836972,2.274358744357521e-05,2.311289875316438e-05,2.245801120129521e-05
918.0,0.2831476313511163,0.002668764677792559,0.001160132498227665,0.001345962954614153,2.269882519019525e-05,2.302171890952781e-05,2.240301444559574e-05
919.0,0.2824488764475095,0.002657725667780149,0.001161688751158847,0.001346903427162229,2.26347464654956e-05,2.293046954331954e-05,2.23527524151971e-05
920.0,0.2818384524414994,0.002679291860197277,0.001163916296574985,0.00134797516617579,2.256929897234649e-05,2.284541141557144e-05,2.229838368326583e-05
921.0,0.2813578317209451,0.002679286045195998,0.001165749606828366,0.001349165479341023,2.249616601627259e-05,2.275891174302615e-05,2.224576717249283e-05
922.0,0.2808101755665621,0.002654005242062722,0.001167148766461609,0.001350484850835623,2.242259735768583e-05,2.267304911433831e-05,2.21834177633496e-05
923.0,0.2803201776026736,0.002654156750797834,0.001169166100898383,0.001351874574125678,2.234087248036617e-05,2.259262806268009e-05,2.212800724374267e-05
924.0,0.2797578695124667,0.002643952149606675,0.001171420867998796,0.001353324238864281,2.226337600362253e-05,2.250666634255818e-05,2.206403833678736e-05
925.0,0.2793035920941477,0.002632667110933318,0.001173274444577207,0.001354829434623362,2.216922041133642e-05,2.242789454049871e-05,2.200373951300701e-05
926.0,0.2788990016125994,0.002624965902116512,0.001174760720017382,0.001356362291956423,2.207977570179084e-05,2.234924974864879e-05,2.194493579883526e-05
927.0,0.278354209467364,0.002631243603740982,0.001176231668521435,0.001358026566062306,2.198042570271623e-05,2.227667365955589e-05,2.189666170024634e-05
928.0,0.2775732823014339,0.002614623273270781,0.001177140946159989,0.001359710333199071,2.18954876800999e-05,2.220348357168902e-05,2.184485622329052e-05
929.0,0.2764998141172739,0.002622256464587883,0.001178786018705937,0.001361482572335609,2.179489718764479e-05,2.212674818559729e-05,2.178621083171315e-05
930.0,0.2755803070492611,0.002611452957492522,0.001179882607352082,0.001363182372172584,2.170674786765029e-05,2.204377510886752e-05,2.172120151817294e-05
931.0,0.2748805806471717,0.002618889325134107,0.001180464572091519,0.00136491351241404,2.161248898756741e-05,2.196515210358588e-05,2.166606581615893e-05
932.0,0.2742636497450125,0.002607339079956614,0.001180557688549803,0.001366619009995516,2.153106563290709e-05,2.188459692450606e-05,2.160789816675921e-05
933.0,0.2736526304452656,0.002601770777192653,0.00118083581651153,0.001368418132472115,2.144707941002827e-05,2.180595263681399e-05,2.155176762498802e-05
934.0,0.2726891652269737,0.002591037161183483,0.001180451962642287,0.001370161104084643,2.135905438947311e-05,2.172991794505669e-05,2.149607709997547e-05
935.0,0.2719064296021227,0.002602164645970965,0.001179686734317854,0.001371929557739484,2.128297651673728e-05,2.164844464101625e-05,2.145178931223376e-05
936.0,0.2711937032345351,0.002599213500457127,0.001178035818757064,0.001373715457750091,2.121490926624092e-05,2.156570718577589e-05,2.140290846990688e-05
937.0,0.2705648137008549,0.002629083580910485,0.001176262709438325,0.001375418378193515,2.114972875419403e-05,2.148521591544761e-05,2.135261831683675e-05
938.0,0.2698097054301066,0.002627215052771931,0.00117405314964209,0.001376984933489082,2.109235554934089e-05,2.140247497798002e-05,2.130236937297423e-05
939.0,0.2690402449535712,0.002620512601619699,0.001171394519394966,0.001378546012637165,2.103131409950378e-05,2.131340337494007e-05,2.126152197017171e-05
940.0,0.268065781119943,0.002621139168817699,0.001169079811466205,0.001380071722245382,2.097922973720115e-05,2.122798151516423e-05,2.121703627799765e-05
941.0,0.2674293907450912,0.002617580445819525,0.001166879712721681,0.001381462512484679,2.092536192478893e-05,2.113888463505247e-05,2.11803346372717e-05
942.0,0.2664883751394406,0.002595860180708447,0.001164537735649485,0.001382715757001453,2.087018007354885e-05,2.103927857619472e-05,2.113942385529958e-05
943.0,0.2654718990786534,0.002582986730053061,0.001161794100164488,0.001383655935735014,2.081826763129105e-05,2.094465236503897e-05,2.110629382447299e-05
944.0,0.2647195755265481,0.002564173706033878,0.001158328775960634,0.00138455400078545,2.077705894725648e-05,2.08516118972588e-05,2.107498484829147e-05
945.0,0.2640497573023925,0.002530284429838763,0.001154631477013461,0.001385387672373281,2.073577973917173e-05,2.075675629489908e-05,2.104464997977938e-05
946.0,0.2633384799254765,0.002524274854191324,0.001151055460467899,0.001386047340353816,2.070161339775012e-05,2.066729115752682e-05,2.102004810965683e-05
947.0,0.2627423384238133,0.002474968645449978,0.001147238310193194,0.001386571427453367,2.066361872716064e-05,2.058041214161725e-05,2.099549834166725e-05
948.0,0.2620305824520152,0.002451555754224522,0.001143063335681032,0.001386970748815123,2.063082728935504e-05,2.049675500592524e-05,2.097739440226064e-05
949.0,0.2613820242379229,0.002454982966435399,0.001138158759269294,0.001387299588478196,2.060392010329319e-05,2.041514700730955e-05,2.096811189345228e-05
950.0,0.2607412299199465,0.002431359252405279,0.001133069591313206,0.001387485323606651,2.058455824217765e-05,2.034310216280376e-05,2.096156106928808e-05
951.0,0.2602354272179794,0.002418617329136297,0.001127250604632352,0.001387544597123402,2.056491570309104e-05,2.027111041294499e-05,2.094924250605746e-05
952.0,0.2598148926750287,0.002397678807773134,0.00112033016520896,0.001387452335834385,2.054599291347617e-05,2.019718964307525e-05,2.09352605043168e-05
953.0,0.2593861299383118,0.002397614891406125,0.001113379259896817,0.001387226866514733,2.052551279882419e-05,2.013256904465037e-05,2.091593504502237e-05
954.0,0.2590233645363042,0.002347278943827804,0.001105647272553222,0.001386960626684803,2.050068898745743e-05,2.006114126050646e-05,2.090674645643521e-05
955.0,0.2586739433767339,0.002315427668950609,0.001098224830320574,0.001386489234371635,2.047877070965707e-05,1.998756227887896e-05,2.089691779852362e-05
956.0,0.2582199656272038,0.00227239244654367,0.001090852862208517,0.001385934773954469,2.046467188211182e-05,1.991378860413722e-05,2.088146599630577e-05
957.0,0.2577665190311145,0.002263938980013038,0.001084222576176988,0.001385326423463491,2.044683674413728e-05,1.984409880850125e-05,2.085956650258785e-05
958.0,0.2573882856213796,0.002205424897416472,0.001077975985175198,0.001384614887672522,2.043211508423855e-05,1.977885148354477e-05,2.08367543819285e-05
959.0,0.2569170708159603,0.002195826432855825,0.001072764895251623,0.001383785568295383,2.04175857603953e-05,1.971848419814643e-05,2.081962944693569e-05
960.0,0.2564715560076362,0.002142176520902755,0.001067422986600281,0.001382914357090542,2.040176367869251e-05,1.965995976379216e-05,2.079631153154178e-05
961.0,0.2561900569793107,0.002124451834586695,0.001062849716925394,0.001382088480164087,2.038500210044524e-05,1.960752174274853e-05,2.077431379329725e-05
962.0,0.2561670418320562,0.002056610324366324,0.001058151707032649,0.001381100954315338,2.037115455886544e-05,1.955699531666042e-05,2.074989903799897e-05
963.0,0.2561782654330913,0.002049097851658627,0.001054482696586738,0.001379935662581274,2.036359382996912e-05,1.950962700948333e-05,2.072058745961252e-05
964.0,0.2561547459810821,0.001990584337059587,0.001050684121805034,0.001378708528472144,2.035662194898167e-05,1.947088699680712e-05,2.069023780506798e-05
965.0,0.2563652110565972,0.002008894479899597,0.001047847153541136,0.001377427490654998,2.034373980334198e-05,1.943771583775314e-05,2.066989736953204e-05
966.0,0.256389362493497,0.002009351457698439,0.001045181559445084,0.001376174543577573,2.033652625179689e-05,1.940303340785653e-05,2.064131785884731e-05
967.0,0.2563451493787191,0.001967551623485758,0.001042707827606166,0.00137495435460785,2.032692187703509e-05,1.937429836093109e-05,2.060561376246783e-05
968.0,0.2564007853001607,0.001973401532310396,0.001040577368905464,0.001373769766656949,2.031588882148171e-05,1.93493080095439e-05,2.057257393240383e-05
969.0,0.2565488640382327,0.001945527071960685,0.001038446489968081,0.001372590866813229,2.031410105174458e-05,1.932243476286105e-05,2.052739368588232e-05
970.0,0.2567001748056428,0.002014856243218173,0.001037077094160029,0.001371363862783258,2.031273937670568e-05,1.930408076470412e-05,2.049160862283614e-05
971.0,0.2563937862384252,0.001986641069196076,0.001035072942691722,0.001370038142902648,2.030598539751733e-05,1.928528686004028e-05,2.045395431710772e-05
972.0,0.2559660714637901,0.001959956151225991,0.001033218959906629,0.001368688228972092,2.030333641057892e-05,1.926604930074983e-05,2.040776040778797e-05
973.0,0.2556844960060053,0.001902364978204343,0.001031050154802077,0.001367329598665222,2.031155522229365e-05,1.925151962085091e-05,2.036433001625907e-05
974.0,0.2553518048413205,0.001921471415076588,0.001029296194929562,0.001365946609721095,2.032221626199474e-05,1.924270376330899e-05,2.031739540854615e-05
975.0,0.2549907154271419,0.001889993351529922,0.001026763742569365,0.001364554827344154,2.033512981752435e-05,1.92339669790418e-05,2.026920559484126e-05
976.0,0.2547396891547447,0.0018775426296967,0.001023919085330247,0.001363324961925167,2.035029070632964e-05,1.923190599748499e-05,2.022100974676612e-05
977.0,0.2545635503324118,0.001860122532350336,0.001021032181208885,0.001362120428314876,2.03629844143809e-05,1.922807266985028e-05,2.017172852336132e-05
978.0,0.2543657622762023,0.001879509770237338,0.001018327051550122,0.001360970523807194,2.038301778261358e-05,1.922121042011193e-05,2.013026203348218e-05
979.0,0.254123505621983,0.001840516720237927,0.001014804652770457,0.001359855396462043,2.040382690390803e-05,1.920794215559087e-05,2.008407001656698e-05
980.0,0.2536234005273508,0.001825125614206807,0.001011450108349479,0.001358738122434088,2.043408835740422e-05,1.919822157068259e-05,2.003978526154442e-05
981.0,0.2533605281054412,0.001809776552324262,0.001007813977243605,0.001357736101501895,2.046142528164008e-05,1.918482482601592e-05,1.999293026010149e-05
982.0,0.2530568273543884,0.001806522614726855,0.001004321620768701,0.001356771697472389,2.049370925154479e-05,1.917018407200808e-05,1.994431862680549e-05
983.0,0.2527443651556796,0.001790377927097014,0.001000630544529102,0.001355770683401498,2.052530711300421e-05,1.916655667693878e-05,1.989398434594731e-05
984.0,0.2523669122201075,0.001786004249642945,0.0009966617235313657,0.001354883977762576,2.056100282081763e-05,1.915969410440933e-05,1.984450293066972e-05
985.0,0.2522142773791923,0.001814679277654661,0.0009928850064001092,0.00135402669117922,2.059116127222515e-05,1.915517331167536e-05,1.979813543291881e-05
986.0,0.2518675149124939,0.001815181851620075,0.0009895420769031329,0.001353315741025569,2.062461648071384e-05,1.914391715256878e-05,1.975453268109633e-05
987.0,0.2515531222297468,0.001798739018501779,0.0009861862089079573,0.001352712889278469,2.064618591371944e-05,1.913746373922988e-05,1.971397360006825e-05
988.0,0.2512860107010089,0.001836582963562387,0.0009836533769890037,0.001352185170049007,2.067292381006153e-05,1.912924048221839e-05,1.96764089895398e-05
989.0,0.2510700856913329,0.001825209180815519,0.0009806311717895002,0.001351806828484458,2.069847463221584e-05,1.91264451752576e-05,1.964467414703095e-05
990.0,0.2509690105711004,0.00183111296805151,0.0009781505161385433,0.001351485257352548,2.072551968044477e-05,1.912724386328173e-05,1.961216617575205e-05
991.0,0.2509846045972533,0.001833716976773969,0.0009758632500343219,0.001351196714958052,2.074629376436358e-05,1.91360824797827e-05,1.958304906724982e-05
992.0,0.2510022993493168,0.001807497188054005,0.0009741628184282888,0.001351026369376843,2.077027940387308e-05,1.914774621827182e-05,1.955669290854018e-05
993.0,0.251138631369716,0.001817884763895766,0.0009728101904859247,0.001350936472772151,2.078309887221571e-05,1.915978630980142e-05,1.954291517343266e-05
994.0,0.2510614903738853,0.001811782093241027,0.0009721653755503793,0.001350777908924496,2.080030571734617e-05,1.916898908715301e-05,1.952575800645833e-05
995.0,0.2508644579023365,0.001857107059536227,0.0009721433040381099,0.001350628371917512,2.080653170288434e-05,1.918988137184073e-05,1.950976640120598e-05
996.0,0.2507674248973135,0.00185305939932928,0.0009719786185585007,0.001350580770287237,2.080927303034574e-05,1.921711684898215e-05,1.949888355234353e-05
997.0,0.250609118087476,0.001881615013946745,0.0009726147033975702,0.001350576251490417,2.080814296095113e-05,1.924455303878876e-05,1.949173058613779e-05
998.0,0.2504068790824496,0.00186517304952752,0.0009732704698507832,0.001350545860201024,2.080411668515518e-05,1.927456627984759e-05,1.948933604809114e-05
999.0,0.2502646307585152,0.001857993966708532,0.0009745542647927101,0.001350544054630615,2.080373782512754e-05,1.93080759009487e-05,1.948775661799447e-05
1000.0,0.2500766479174005,0.001873192078252657,0.0009766388950505876,0.001350598319830622,2.080445913790194e-05,1.93459353932193e-05,1.947827678150681e-05
1001.0,0.2501434247705418,0.001885698574198221,0.0009792717238066826,0.001350622776602558,2.081032310300265e-05,1.938125647929795e-05,1.947291981353121e-05
1002.0,0.2501827395486714,0.001906820934496223,0.000983033405189298,0.001350629105763042,2.081037657324549e-05,1.941953439053565e-05,1.947505394692832e-05
1003.0,0.2500233275242039,0.001941261415573539,0.000987383316677551,0.001350543161441692,2.08103119649204e-05,1.945320311864247e-05,1.946920109347055e-05
1004.0,0.2499878210188849,0.001952334856315448,0.0009923121184554928,0.001350401813784728,2.080009927261101e-05,1.948294865488185e-05,1.946549846854197e-05
1005.0,0.2499413278001332,0.001968812478462518,0.0009982454079223424,0.001350185288460535,2.079352750699793e-05,1.951163731529331e-05,1.945546650386742e-05
1006.0,0.2498933437193339,0.002005479393010613,0.00100502902589574,0.001349936163000011,2.078178958487256e-05,1.954054505288121e-05,1.945276097032484e-05
1007.0,0.24991220255501,0.002031965394503176,0.001011784868517801,0.001349684947132152,2.07647590179431e-05,1.955904472083487e-05,1.945319866839193e-05
1008.0,0.2498996030210971,0.002074609310573656,0.001018686781082805,0.001349373402734203,2.074391691533043e-05,1.958782713601691e-05,1.94519686007442e-05
1009.0,0.2496329221870951,0.002142430617614385,0.001026748542011842,0.001348925122231345,2.072182398429583e-05,1.9609343894741e-05,1.944738773218186e-05
1010.0,0.2493671256098355,0.002179693245147704,0.001034054015978578,0.001348363452705588,2.069640570840022e-05,1.962023800336051e-05,1.944924053276053e-05
1011.0,0.2492557855335148,0.002222927591241454,0.001041709029995042,0.001347716637889513,2.066692295695904e-05,1.9626268747427e-05,1.945043515654467e-05
1012.0,0.2491640842720771,0.002230988954706747,0.001048306235416085,0.001347019638875254,2.063860661121602e-05,1.963030400703839e-05,1.945629352644914e-05
1013.0,0.2494841542536563,0.00224709916609582,0.001054902645864044,0.001346255820283039,2.061411176235073e-05,1.962859772081022e-05,1.94684400652963e-05
1014.0,0.2497641324584892,0.002262258497136672,0.001061548295166744,0.001345375573232452,2.058374483928133e-05,1.962637710644872e-05,1.947658084134242e-05
1015.0,0.2499272355560054,0.002291257755081991,0.001067353660424176,0.001344447950024865,2.055558721452566e-05,1.962741336178195e-05,1.948524634637381e-05
1016.0,0.2502597015512182,0.002312563698037039,0.001072826736374074,0.001343404523712659,2.052836804380187e-05,1.962168580659304e-05,1.949725854192828e-05
1017.0,0.2504359547811719,0.002354519592598713,0.00107783996383948,0.001342230245170631,2.050591621674076e-05,1.961304263238697e-05,1.951069675205031e-05
1018.0,0.2506763027853984,0.00237343262375629,0.001081995990056758,0.001340979865405357,2.047960321872715e-05,1.961115162499374e-05,1.952198823981805e-05
1019.0,0.2508002613291102,0.00235453187410375,0.001085200253742781,0.001339635985054059,2.045529918470128e-05,1.960422896735436e-05,1.953431877365981e-05
1020.0,0.2510386395800638,0.002366873203339899,0.001088237064141506,0.001338268099908176,2.042917315017341e-05,1.959588146011761e-05,1.955172815226567e-05
1021.0,0.2512026127562801,0.002349307092976518,0.001090585084210646,0.001336845169776082,2.039644301539041e-05,1.958985030893423e-05,1.95740946449406e-05
1022.0,0.2514993834863318,0.002402724473064053,0.001092082329314426,0.001335399277402809,2.036262610716041e-05,1.958527308457546e-05,1.958794597105745e-05
1023.0,0.2518707060224363,0.0023943591977687,0.001093105321209069,0.00133387122852364,2.033023695689544e-05,1.958515552015184e-05,1.959980307823068e-05
1024.0,0.2520575150957873,0.002381212092856386,0.001093184676208473,0.001332264677992546,2.029384654626575e-05,1.958603878378708e-05,1.961159251938685e-05
1025.0,0.2520906628465127,0.002372166620058088,0.001093400962756675,0.00133061011829503,2.025876149707104e-05,1.957897223223135e-05,1.963027922892966e-05
1026.0,0.2524210645724307,0.002348602499586843,0.001092823711074878,0.00132884789779575,2.022794710213876e-05,1.957729923080259e-05,1.96500171672546e-05
1027.0,0.2525913703168291,0.002321181059821484,0.001091600219457865,0.001326995756126698,2.018638489701696e-05,1.957979102478532e-05,1.967778668776053e-05
1028.0,0.2525777065723079,0.002287986720838618,0.001090452270571445,0.001325039745700849,2.014502611808554e-05,1.958498769719012e-05,1.969990431577812e-05
1029.0,0.2527820696744235,0.002322199074573665,0.001089196300151324,0.001323115185429427,2.010083620249163e-05,1.959582770301821e-05,1.972119141748555e-05
1030.0,0.2531002495604817,0.002271878120375507,0.001086981680479976,0.001321038396432016,2.00601192324277e-05,1.961164387276407e-05,1.974042851022348e-05
1031.0,0.2533715038959331,0.002245196778531764,0.001084632748665036,0.001318880786277354,2.001005271202292e-05,1.962127901834403e-05,1.97579441862004e-05
1032.0,0.2535253865598594,0.002224369593739675,0.001082026309330061,0.001316658920763529,1.996492830624938e-05,1.962271975402427e-05,1.978823896948099e-05
1033.0,0.253743968281135,0.002226277429405289,0.001079368909538864,0.001314373123651589,1.991775543355606e-05,1.963070416688913e-05,1.981751325100615e-05
1034.0,0.253569875455178,0.002191114214665483,0.001076491015408212,0.001312109654856534,1.987006419695226e-05,1.963767219282879e-05,1.984574336281276e-05
1035.0,0.253190173645146,0.002222193331667001,0.001074251663277193,0.001309796982006122,1.981455485845172e-05,1.964378144113357e-05,1.986687214276443e-05
1036.0,0.2525012016939593,0.002167679023458252,0.001070678696451936,0.001307413094693941,1.976166217147162e-05,1.96514283560058e-05,1.989077465790094e-05
1037.0,0.2520386388155456,0.002163702320417675,0.001067941281951483,0.00130493800806963,1.970224486864506e-05,1.965443252674285e-05,1.990960505162282e-05
1038.0,0.2520136404309822,0.00221698996522062,0.001065462166582054,0.001302406870279569,1.964744238123705e-05,1.966336734881548e-05,1.992397826949098e-05
1039.0,0.251690890087572,0.002139306018551763,0.001062135933824421,0.001299767594030631,1.959902818371709e-05,1.967005117852987e-05,1.994717054673662e-05
1040.0,0.2510761721022612,0.002133974314469866,0.001059528758903299,0.001297109909241094,1.954425025840671e-05,1.967166482907779e-05,1.99639793279034e-05
1041.0,0.2507589741018693,0.002143472688782086,0.00105715801211164,0.001294435648806742,1.948178499999244e-05,1.967942180747491e-05,1.998161926624011e-05
1042.0,0.2503330704047034,0.002126840300960046,0.001055248054731645,0.001291696492581966,1.94279628645676e-05,1.968820057695477e-05,1.999682033825047e-05
1043.0,0.2499103379794347,0.002122342773020177,0.001054134663837122,0.001288951910418112,1.937670939254574e-05,1.969727650975991e-05,2.000203959935008e-05
1044.0,0.2494837658948267,0.002132127889104904,0.00105343948832635,0.001286164747456261,1.933611351989944e-05,1.971194276502307e-05,2.001132204139768e-05
1045.0,0.2490667164817458,0.002139178208246382,0.001052896245070691,0.001283348025236474,1.929431364855009e-05,1.971914316554382e-05,2.002438762833971e-05
1046.0,0.2486599287155476,0.002151426750669051,0.00105325794169254,0.001280480751814267,1.925619019663183e-05,1.972687385943565e-05,2.003167707826924e-05
1047.0,0.24839747235695,0.002155058808821617,0.001054208700895152,0.001277562930551537,1.921555285513415e-05,1.973686479528864e-05,2.003131850456978e-05
1048.0,0.2479787666346712,0.002163496485891085,0.001055503018093483,0.001274574836963541,1.91776145701838e-05,1.97531015497247e-05,2.004055771241467e-05
1049.0,0.2476987540881756,0.002177772925900455,0.001057597268900465,0.001271615527082103,1.914830492806878e-05,1.976449610614342e-05,2.004046037835309e-05
1050.0,0.2473517536884303,0.002209130084237299,0.001060338037485186,0.001268619152395071,1.911755698652908e-05,1.977514450443063e-05,2.004547188595106e-05
1051.0,0.246895151147626,0.002241759069773112,0.001063948058982153,0.001265539156125926,1.909678179002282e-05,1.977420964921465e-05,2.004446858363609e-05
1052.0,0.2466638323056702,0.00228470720698604,0.001067848957713777,0.001262413554928085,1.908664621774852e-05,1.977349877601931e-05,2.003795126064413e-05
1053.0,0.2462632891393327,0.002262164245068053,0.001070945590970688,0.001259278348469399,1.907471223673135e-05,1.977251796193245e-05,2.002723531009524e-05
1054.0,0.2458650909666111,0.002289738885781779,0.001074757020838178,0.001256142838923331,1.906939191029181e-05,1.977402922722628e-05,2.001458728038679e-05
1055.0,0.2453424779465079,0.002313761593176438,0.001078573349788417,0.001252932089386556,1.907459384662469e-05,1.977357128728253e-05,1.999740096555777e-05
1056.0,0.2447933674263846,0.002322529575848773,0.001082130227682063,0.001249750176819555,1.908332042330232e-05,1.977172487305864e-05,1.997239041872674e-05
1057.0,0.2444056030750111,0.002370153130675982,0.001085381614081726,0.001246547029377928,1.909851551288017e-05,1.977136913100661e-05,1.994343735956434e-05
1058.0,0.2439357945329512,0.002365490132376011,0.001087986912812977,0.001243363870278657,1.911082602936361e-05,1.976857647359615e-05,1.991471153421057e-05
1059.0,0.2434287303083693,0.002391133003426902,0.001090404430974034,0.001240122978910135,1.912836500683585e-05,1.976516916905493e-05,1.988313754240214e-05
1060.0,0.2429130315090859,0.002413826538926708,0.001092978976548899,0.001236883618240999,1.915234251331483e-05,1.976565410595547e-05,1.984748552730992e-05
1061.0,0.2425801458724714,0.002431503690043425,0.001095060722363741,0.001233643256057701,1.917230069865877e-05,1.976268249786131e-05,1.981192772145961e-05
1062.0,0.2422626574590281,0.002445215287026687,0.001097358311072649,0.001230336529389739,1.918668944752964e-05,1.975953859717152e-05,1.977011570228218e-05
1063.0,0.2421870641638869,0.002436602441196738,0.001099445117902059,0.001227083200938884,1.920989294140515e-05,1.975989663427613e-05,1.973032171938675e-05
1064.0,0.2419513075931197,0.002479862009374525,0.001101300611254185,0.001223829040734313,1.924195090492119e-05,1.975187844124568e-05,1.969184093662124e-05
1065.0,0.2415589427032176,0.002487138752095505,0.001102924125764525,0.001220541103917836,1.927178826421265e-05,1.975190682354224e-05,1.9653467859371e-05
1066.0,0.2413375887481656,0.002504561400962159,0.001104243606746694,0.001217274164933944,1.930974826641401e-05,1.975269691145657e-05,1.961725669652161e-05
1067.0,0.2411903315819753,0.002517989666886664,0.001105625026271975,0.001213994883726898,1.934847513037738e-05,1.975343198631219e-05,1.957912418718882e-05
1068.0,0.2409230341287972,0.002510663927885468,0.001106677590882416,0.001210725588212606,1.939440635562141e-05,1.975120149347491e-05,1.954332111500737e-05
1069.0,0.2406060685680874,0.002526796059084997,0.001108216870959024,0.001207380301303143,1.943200877875384e-05,1.975595069750923e-05,1.951261888944098e-05
1070.0,0.2405564652343203,0.002545895180256468,0.001109560935382574,0.001204094788857376,1.948433880155941e-05,1.97545052771273e-05,1.947805638277454e-05
1071.0,0.2406814573689068,0.002516510404064648,0.001110702312775393,0.001200808350627916,1.953360975818345e-05,1.976146804216578e-05,1.945025805301683e-05
1072.0,0.2405725152285241,0.002520948722979391,0.001112551827233147,0.00119759657545203,1.958843081579984e-05,1.975930735529753e-05,1.942336377847045e-05
1073.0,0.2402441446176421,0.002517111370592675,0.001114459804898533,0.001194395764530123,1.963854412343933e-05,1.975527734992841e-05,1.940273411953295e-05
1074.0,0.2401288942809213,0.002522260084401368,0.001116790874419971,0.001191227102405057,1.96906545012075e-05,1.975661685733026e-05,1.937197421191686e-05
1075.0,0.2399322221999921,0.002515688746299842,0.001119376235088553,0.001188069655090339,1.973705382917562e-05,1.976147510345547e-05,1.935103771884436e-05
1076.0,0.2401593588572367,0.002540718566398374,0.001122952350608532,0.001184944973700396,1.978318754700181e-05,1.975968338444296e-05,1.932735300777453e-05
1077.0,0.2400292475316223,0.002562070338213045,0.001126977638466069,0.001181822288826212,1.982788284856481e-05,1.976228394841446e-05,1.930789724580414e-05
1078.0,0.2400020817519711,0.002550491472560612,0.001131905024374071,0.001178742161717643,1.987265602387444e-05,1.976328212800843e-05,1.928401065528932e-05
1079.0,0.2401737278191046,0.002573901799003314,0.001137236196848101,0.001175695481796406,1.991182423788862e-05,1.975917000002487e-05,1.927372201622345e-05
1080.0,0.2401908037643457,0.002583006393674886,0.001142403438721826,0.001172687053807608,1.994865225337134e-05,1.976327831083254e-05,1.925259462061427e-05
1081.0,0.240309824571843,0.0025604942587457,0.001148594224952967,0.00116974458790875,1.998673004393566e-05,1.975868938738106e-05,1.923490010186502e-05
1082.0,0.2407144441037077,0.002598399581422601,0.001155307899825253,0.001166857827092317,2.001839428861969e-05,1.974690376171213e-05,1.921403170761383e-05
1083.0,0.2407128989065921,0.002590205387603252,0.001161575890419391,0.001164021621375304,2.004275726071043e-05,1.974106306379477e-05,1.919588680842674e-05
1084.0,0.240562208066429,0.0026100421621717,0.001167596149201537,0.001161290617379389,2.005939238770598e-05,1.973265016202657e-05,1.917799037551999e-05
1085.0,0.2404560821133005,0.002619546339819105,0.00117291209195621,0.001158651299660024,2.007171661586125e-05,1.972325872544748e-05,1.916044941727746e-05
1086.0,0.2403616729665125,0.002600958949487228,0.001177782157910751,0.001156087818615855,2.008029636493291e-05,1.971028713363453e-05,1.913701626225125e-05
1087.0,0.2401080781585631,0.002611799030437264,0.001182572731221706,0.001153508575351142,2.008007139350043e-05,1.969765249710069e-05,1.911318460760295e-05
1088.0,0.2402504155500588,0.002622304225564091,0.001187144744486931,0.00115105504889323,2.00771059496574e-05,1.968293014965928e-05,1.908791662709347e-05
1089.0,0.2404480723331273,0.002627552495412674,0.001191012714706635,0.001148668330880005,2.007016913316979e-05,1.967468208862614e-05,1.906665977622815e-05
1090.0,0.2405634569663092,0.002605245714303555,0.001194405878173203,0.001146369162838865,2.00616995883752e-05,1.965749496706081e-05,1.903884142050635e-05
1091.0,0.2405970743761237,0.002652107689052189,0.001197872202744822,0.001144203976855332,2.005092326759058e-05,1.964428240018939e-05,1.900822967518796e-05
1092.0,0.2406695438722823,0.002619455794734094,0.001200691222730503,0.001142123748318567,2.003160869513205e-05,1.962875883441085e-05,1.897203344097783e-05
1093.0,0.2405680952757894,0.0026582768600143,0.001204299216239611,0.001140176068118055,2.001365324616682e-05,1.960843837553458e-05,1.892992344503026e-05
1094.0,0.2404148171304605,0.002673621725126127,0.00120763577377248,0.001138301851539104,1.998821252556209e-05,1.958556068092859e-05,1.888111607058418e-05
1095.0,0.2403156740751082,0.002695687808870167,0.001210971180408954,0.001136559123923429,1.995718483670572e-05,1.956671678465252e-05,1.882459703311119e-05
1096.0,0.2402871599082174,0.002721923194498354,0.001213671315389915,0.001134862120187683,1.992043642395533e-05,1.954543859328492e-05,1.87655126896116e-05
1097.0,0.2400789529859449,0.002720776514771465,0.001215549674400176,0.001133234938505545,1.988649709216373e-05,1.952719838905804e-05,1.870709683201495e-05
1098.0,0.2397187635575741,0.002746751846631333,0.001216933083848697,0.001131702830437472,1.984811317347771e-05,1.950528030294949e-05,1.864485813390601e-05
1099.0,0.2393374402096647,0.002754813454992384,0.001218220283546864,0.001130279553139546,1.981225814774532e-05,1.948838704591008e-05,1.857686783964545e-05
1100.0,0.2388530933518508,0.002744886357935072,0.001218123791722887,0.001128957431653753,1.977065941394837e-05,1.947131355044906e-05,1.85121293407994e-05
1101.0,0.2384716715636031,0.002768303023467534,0.001217171481791455,0.001127743457980617,1.972720515504176e-05,1.944893460015421e-05,1.844739711419453e-05
1102.0,0.2381131350005527,0.002757108943684371,0.001215150287301679,0.001126625411025568,1.967601487425299e-05,1.942977204364724e-05,1.837730149585846e-05
1103.0,0.2376790484680113,0.002788045822891435,0.001212927458610455,0.001125580295273353,1.962538323722713e-05,1.940737360836037e-05,1.831084754217195e-05
1104.0,0.2372248907023366,0.002794054310376586,0.00120918916071485,0.001124570724292092,1.957608345151198e-05,1.938166722987987e-05,1.824156720818275e-05
1105.0,0.2366547277322853,0.002783851727047929,0.001204710712006776,0.001123627454107561,1.951995047173275e-05,1.935969125013733e-05,1.817464410842479e-05
1106.0,0.2360595104379393,0.002793329636085885,0.001199995563032547,0.001122810692331455,1.946307023315921e-05,1.933023339298698e-05,1.811357351293766e-05
1107.0,0.2356242475736718,0.002748692804010132,0.001194177154908751,0.001122038682742157,1.940796653525315e-05,1.930277786470564e-05,1.805037554316289e-05
1108.0,0.235190364123786,0.002776201530196288,0.001188209005365785,0.001121306385564878,1.935408378439313e-05,1.927417308078897e-05,1.798778398840794e-05
1109.0,0.2347631511900747,0.002766668659315086,0.001182125391662643,0.001120648957078769,1.929934571856342e-05,1.924484408968788e-05,1.792610193969968e-05
1110.0,0.2341924816540477,0.002736602274646008,0.001174489603102179,0.001120081665456952,1.923677123802716e-05,1.920885436309733e-05,1.787184095916321e-05
1111.0,0.2336680118234647,0.002695751439958551,0.001166815900869174,0.001119572079622888,1.917755956407502e-05,1.917003616244906e-05,1.782255624920031e-05
1112.0,0.2331513807087204,0.002645012758964904,0.001159452704068802,0.001119106582399862,1.911931091724154e-05,1.913184671293193e-05,1.777928952567409e-05
1113.0,0.2328341579499196,0.002615320816366209,0.001152612789230309,0.001118677147415284,1.90575406546568e-05,1.909325200553943e-05,1.774500712045155e-05
1114.0,0.2327144126702235,0.002604219904447286,0.001145591021621722,0.001118243321133947,1.899955341569154e-05,1.90513768135076e-05,1.771567108377679e-05
1115.0,0.2322966784744414,0.002592554299082723,0.001138457189341353,0.001117868979437598,1.893948506236705e-05,1.900209490514082e-05,1.768483221577415e-05
1116.0,0.2319083915549412,0.002569187559551394,0.001131193515730452,0.00111750419327121,1.887301931342504e-05,1.895929425613006e-05,1.766151130568945e-05
1117.0,0.2316417450914956,0.002556807802762498,0.00112472573443923,0.001117174171639533,1.881452548584148e-05,1.891479309429085e-05,1.76404717594313e-05
1118.0,0.231309320680447,0.002541710681059671,0.001118972513232331,0.001116867007113977,1.876084552256549e-05,1.886043485442205e-05,1.762175497590097e-05
1119.0,0.2309873159792429,0.002521180926838527,0.001112628525518044,0.001116538518710872,1.870290855746109e-05,1.881335245226781e-05,1.759982327307348e-05
1120.0,0.2308529133258451,0.002473697076303106,0.001107393144261466,0.001116205928436965,1.864327727626724e-05,1.876741271041601e-05,1.758142413562478e-05
1121.0,0.2308063703656506,0.002445500518023318,0.001102819016408566,0.001115888542342418,1.859051499163472e-05,1.871965815771641e-05,1.757303655413277e-05
1122.0,0.2308086761291216,0.002461507724013337,0.001099162034485208,0.001115599260513507,1.853676497466396e-05,1.867424911226307e-05,1.756199393848456e-05
1123.0,0.2305502796675441,0.002441631653156763,0.001096104100681442,0.001115347365510705,1.848506840118033e-05,1.863114553106465e-05,1.754459389376803e-05
1124.0,0.2303083144819345,0.002374104657373468,0.001094357812193691,0.001115130102654673,1.843563215607254e-05,1.858552942345197e-05,1.752930056652632e-05
1125.0,0.2301618865385518,0.00238865642916097,0.001094054911064902,0.001114950568219261,1.838588886171972e-05,1.85421556181676e-05,1.752150695052766e-05
1126.0,0.2300735771502407,0.00238792170342805,0.001094316738009429,0.001114808407067961,1.834952500763095e-05,1.850211040614305e-05,1.751217487149366e-05
1127.0,0.2298299693504269,0.002381544461614654,0.001095202844014327,0.001114664337342484,1.830766401240207e-05,1.846386290451968e-05,1.750587330919359e-05
1128.0,0.2294922656151078,0.002393628178911529,0.001096470425774375,0.001114502228919539,1.827029904471794e-05,1.842906712894853e-05,1.75099467860968e-05
1129.0,0.2292303876727095,0.002401257222326597,0.001098405373294405,0.001114322021828671,1.822713635028682e-05,1.839903108988484e-05,1.75147887135349e-05
1130.0,0.2291101529427053,0.002416863748376997,0.001100946048846596,0.001114210693805892,1.819018048655801e-05,1.836550266855494e-05,1.751842094158691e-05
1131.0,0.2287858226260554,0.002461835207144308,0.001103635223511714,0.001114103898523717,1.815444013482949e-05,1.833494476490356e-05,1.752217159684657e-05
1132.0,0.2285036514623373,0.002402942186453032,0.001105555932245385,0.001113955522246235,1.812483854229544e-05,1.830396470773517e-05,1.752729258091702e-05
1133.0,0.2283854786866049,0.002398566483581745,0.001108107650249714,0.001113806080310049,1.809449024579777e-05,1.827463281902346e-05,1.753065893078417e-05
1134.0,0.2282744745461991,0.00240629659713492,0.001110607213011555,0.001113716460123337,1.806983554261968e-05,1.824444137579438e-05,1.753370047265909e-05
1135.0,0.2282433416800867,0.002414119367508501,0.001113529984023188,0.001113639798171569,1.803753638061273e-05,1.821536808262731e-05,1.754143072550824e-05
1136.0,0.2280743312878377,0.002401411118314735,0.001116250446550397,0.001113582997723834,1.800594667438033e-05,1.8185421444586e-05,1.755126823498712e-05
1137.0,0.2279025416762082,0.002433398035993127,0.001119437110472096,0.001113476584255114,1.797480940379915e-05,1.815455148235875e-05,1.756101634070799e-05
1138.0,0.2277983950624823,0.00244507066996892,0.001121806245240758,0.001113335115650909,1.793958286761055e-05,1.812770128082575e-05,1.756869309717457e-05
1139.0,0.2276864442025367,0.002465087825893956,0.001124092062776117,0.001113220769995244,1.790995068508657e-05,1.810140511760851e-05,1.757561050248982e-05
1140.0,0.2273740963165053,0.002450369010607952,0.001126107043781961,0.001113113600423797,1.788398747872504e-05,1.807524256558525e-05,1.758277477901011e-05
1141.0,0.2274215267066937,0.002465034901913838,0.001128780242434142,0.001113022866567957,1.785191297426575e-05,1.804179510495021e-05,1.759367363422638e-05
1142.0,0.2274810107377487,0.002488674516746168,0.001131082432518915,0.001112898787875302,1.782231264782026e-05,1.801093548994206e-05,1.760001502224642e-05
1143.0,0.22757786737173,0.002536368295786813,0.001133127546554111,0.001112763864309348,1.779325829667485e-05,1.798112445295493e-05,1.760490387346555e-05
1144.0,0.2279176725313872,0.002554555821815889,0.001135208454697795,0.001112665724380106,1.776684393723944e-05,1.795391710577517e-05,1.761005096884506e-05
1145.0,0.2282120434557371,0.002517416825893663,0.00113638703127546,0.001112573001594901,1.773685391560868e-05,1.792581743808031e-05,1.761545840070863e-05
1146.0,0.2282131271023453,0.002485554793230516,0.001137149593666297,0.001112507126596761,1.771229958674916e-05,1.789439796070673e-05,1.762072472749658e-05
1147.0,0.2282303722372717,0.002477903513797746,0.001137410560929529,0.001112456638199918,1.76904147906889e-05,1.785860437894037e-05,1.762108027100511e-05
1148.0,0.2283755325979074,0.002448040517394596,0.001136997574051827,0.001112444412413687,1.767394840025826e-05,1.782487649088231e-05,1.761534024744296e-05
1149.0,0.2284286259822426,0.002410209658384452,0.001136032037020904,0.001112430764231482,1.765005743204677e-05,1.779003719806079e-05,1.760711978611139e-05
1150.0,0.2284314968480726,0.002393843398247319,0.001134984021217132,0.001112397039711286,1.763402827331081e-05,1.775122252365081e-05,1.759647671653394e-05
1151.0,0.2282951485054873,0.002384813667988598,0.001133309108755652,0.001112385425553556,1.761842938498734e-05,1.771370683772577e-05,1.75848304466506e-05
1152.0,0.2282049295893819,0.002371771420261402,0.001131715682084035,0.001112337962012706,1.760256326924275e-05,1.767241246491097e-05,1.757488095448219e-05
1153.0,0.2284338784322297,0.002353860245021775,0.00112933760845603,0.001112287827820949,1.758623874283464e-05,1.763477244564932e-05,1.755636527775428e-05
1154.0,0.2284488157496549,0.002377997374716786,0.001127031113581368,0.001112258097108208,1.757520715719324e-05,1.76008953720524e-05,1.75484705783271e-05
1155.0,0.2282596412720286,0.002364873725425479,0.00112423799330553,0.001112228584053682,1.756472309099653e-05,1.75605210678718e-05,1.753305248218698e-05
1156.0,0.2284130499856643,0.002362092397894391,0.001121291149637449,0.001112188401503072,1.75674234110224e-05,1.752329410894728e-05,1.751725436942408e-05
1157.0,0.2283689777978204,0.002347830844060573,0.001118169550325412,0.001112144547021502,1.757198859589564e-05,1.748777314715402e-05,1.750366544280905e-05
1158.0,0.228313239998318,0.002331808362897456,0.001114793903375807,0.001112068539436507,1.757732324828479e-05,1.745379076696862e-05,1.749422900070234e-05
1159.0,0.2282960745484849,0.002361525023779863,0.001111198984887368,0.001111923337300027,1.75812539999348e-05,1.742442229718508e-05,1.747878853962433e-05
1160.0,0.2283575460151115,0.002341627650691404,0.001107497258068456,0.001111771308630113,1.759003539728406e-05,1.739524926660291e-05,1.746291908246107e-05
1161.0,0.2284290002126669,0.002328020775191202,0.001103639998261061,0.001111583216684089,1.75995355590864e-05,1.73732547662685e-05,1.743971703476791e-05
1162.0,0.2285169912273394,0.002356758989120501,0.00110037641278289,0.001111402314715,1.76072135381185e-05,1.735070162071521e-05,1.742892659701989e-05
1163.0,0.2282770987419383,0.002357954028522637,0.001096725845585491,0.001111250523773047,1.760754572043661e-05,1.73252348894682e-05,1.741605990444903e-05
1164.0,0.2281602708143232,0.002366466070059645,0.001093580666813707,0.001111070927466222,1.761184390315515e-05,1.730406244365116e-05,1.740022201060704e-05
1165.0,0.2278749541405952,0.002355488430378445,0.001090288553888553,0.001110919112694821,1.761105541303726e-05,1.728711605379448e-05,1.73743807558756e-05
1166.0,0.2278670529509282,0.002369108757373834,0.001087662815782762,0.001110789179675287,1.760550292363808e-05,1.726728898552272e-05,1.735704271137636e-05
1167.0,0.2280136545745226,0.002321536681393819,0.001084582160442733,0.00111064439306974,1.759311945603009e-05,1.725477642626814e-05,1.733894157015575e-05
1168.0,0.2279439078435907,0.002302019001903494,0.001082026063873507,0.001110453843001067,1.757700217225125e-05,1.724218291286156e-05,1.732237591768486e-05
1169.0,0.2278020707789241,0.002306083387832461,0.001079258022183224,0.001110238568356881,1.755861111016049e-05,1.722939704045343e-05,1.73023557739935e-05
1170.0,0.2275130447285852,0.002286419568336781,0.001076076620007037,0.001109944398066036,1.753736579388432e-05,1.721511307384266e-05,1.727993530888435e-05
1171.0,0.2270948616640325,0.002298914011416553,0.001073324049934011,0.001109605871278414,1.751083359545188e-05,1.72054807759126e-05,1.725210928691511e-05
1172.0,0.2267883942806167,0.002292555786123053,0.001070047951446561,0.001109213251568807,1.748104229765899e-05,1.719280897766558e-05,1.722967883337058e-05
1173.0,0.2264885332803926,0.002332145821623797,0.001066543529281867,0.001108733082564428,1.745454320635075e-05,1.718628651583816e-05,1.720701867789852e-05
1174.0,0.225903975959688,0.002302726547176128,0.001061993270586685,0.001108140625621204,1.741715141377714e-05,1.717018718646842e-05,1.718080381859831e-05
1175.0,0.2253242308633321,0.002291080103231544,0.001057151829571643,0.001107455313982893,1.738476841108538e-05,1.71693020020373e-05,1.715150445246357e-05
1176.0,0.2249976722325498,0.002288752572376849,0.001052590325697206,0.001106698158728781,1.7358953669567e-05,1.716699156195091e-05,1.712720723449113e-05
1177.0,0.2247450767940097,0.002307953449997078,0.001048034889234899,0.001105888301938998,1.733462294664212e-05,1.716095937005557e-05,1.710037851209746e-05
1178.0,0.2246259966858503,0.002345974555857314,0.001043278682950888,0.00110501238064898,1.730949726174691e-05,1.715799149033319e-05,1.707398392721274e-05
1179.0,0.2245194304607499,0.002319560537038072,0.001038278458287424,0.001104074798640003,1.728686712292335e-05,1.71592848762551e-05,1.704833269577102e-05
1180.0,0.2242195463040949,0.002341519417770895,0.001033827679003052,0.001103059017190684,1.72678711245484e-05,1.716176947880491e-05,1.702461375430353e-05
1181.0,0.2241003202058079,0.002287865894320196,0.001029667629859345,0.001101983041767628,1.725704457493893e-05,1.716394809814498e-05,1.699744911288705e-05
1182.0,0.2238672026786784,0.002329258467311665,0.0010261059648663,0.001100784279355439,1.724016170436346e-05,1.71758436434919e-05,1.697483946235142e-05
1183.0,0.2238942995017764,0.002340101232677653,0.001022616467582494,0.001099591346925293,1.723316724297881e-05,1.717988801390275e-05,1.695130368441425e-05
1184.0,0.2239114564586638,0.002358467226344358,0.001019729056074167,0.001098318444431,1.722615668789934e-05,1.718736093174017e-05,1.693206187784886e-05
1185.0,0.22393995607906,0.002284132486770995,0.00101675991421166,0.001097002229811188,1.722650833469897e-05,1.719108175681292e-05,1.691615918838974e-05
1186.0,0.2240775996242145,0.002280487306184047,0.001014589643808593,0.001095610343828352,1.72291344263078e-05,1.719741862978603e-05,1.690422875415629e-05
1187.0,0.2244736484949126,0.002245807645575994,0.001012727975178239,0.001094147353724336,1.723543986492521e-05,1.720741308668908e-05,1.689705136032761e-05
1188.0,0.2246481694808394,0.002237782829234069,0.001011876761312386,0.001092701662517937,1.724637111581011e-05,1.722337967630708e-05,1.688873134572947e-05
1189.0,0.224754992417662,0.002226407280421765,0.00101156352208277,0.00109119129781648,1.725560001181983e-05,1.724110674591113e-05,1.688065224239876e-05
1190.0,0.2249435825983965,0.002227323613690641,0.001011768411481312,0.001089650820202371,1.727178596910345e-05,1.726464791892708e-05,1.687570517738061e-05
1191.0,0.225107147854986,0.002217987370418932,0.001012341597280158,0.001088161806132192,1.728882348012426e-05,1.728784026067832e-05,1.687663354404693e-05
1192.0,0.2250170296376177,0.002222088739131284,0.001013279255491476,0.001086624191947794,1.731627444096881e-05,1.73147885488876e-05,1.687350477954152e-05
1193.0,0.2247173093144224,0.002229607052164898,0.001014176473996387,0.001085081472926849,1.734098009580918e-05,1.733872172942909e-05,1.687647790298859e-05
1194.0,0.2246040415605533,0.002208842488642546,0.001015329657430185,0.00108354158218981,1.736765507315309e-05,1.735976230606094e-05,1.688500400501643e-05
1195.0,0.2246559055900023,0.002173295549709595,0.00101607046740273,0.001082040166715816,1.74054844942609e-05,1.738165693914616e-05,1.689171058729677e-05
1196.0,0.2246775538245914,0.002200197824431511,0.001017087502541576,0.001080520958241383,1.744557269564189e-05,1.740953775173953e-05,1.690028983898192e-05
1197.0,0.2245121223268632,0.002171945268189219,0.00101776507243657,0.001079013157081873,1.748063805719931e-05,1.743366077373243e-05,1.690889973374244e-05
1198.0,0.2242300043435122,0.00217982354909857,0.001018767446273868,0.001077569307086635,1.752244220275642e-05,1.746659650842591e-05,1.691828088504299e-05
1199.0,0.2240408955551983,0.002232498407299201,0.001019580249427854,0.001076145208849405,1.75676771029123e-05,1.748964187274474e-05,1.69313845137804e-05
1200.0,0.2238403369138208,0.002252508063629524,0.001020186687211105,0.001074733541852344,1.760836194013277e-05,1.751640186274542e-05,1.695232229281573e-05
1201.0,0.2235008437390378,0.002251904213971278,0.001021181174486801,0.001073413247177633,1.764565977101043e-05,1.753768888598051e-05,1.696884894408229e-05
1202.0,0.2234293520981905,0.002240086041463566,0.001021977156648586,0.001072167015493862,1.76803907925489e-05,1.756688101956516e-05,1.699342703940606e-05
1203.0,0.2233178624930047,0.002238770006218638,0.001021219604222064,0.001070979411595162,1.771495106829064e-05,1.758958790782856e-05,1.702171470078339e-05
1204.0,0.2233581644722561,0.002252684233934303,0.001020313207466645,0.001069853397766811,1.774690791373441e-05,1.761688527388285e-05,1.704701671812272e-05
1205.0,0.2237226677803229,0.002258565644507873,0.001019718765161692,0.001068808494055601,1.777687167097317e-05,1.764195495358509e-05,1.707694138188302e-05
1206.0,0.2239175252960687,0.002285424902029618,0.001019484495253903,0.001067818390665359,1.780855117226752e-05,1.767072903987324e-05,1.71035410911751e-05
1207.0,0.2241439113329552,0.002260326352621329,0.001018848381909213,0.001066955136057922,1.783255113374478e-05,1.770119062894769e-05,1.713245445257005e-05
1208.0,0.2242639854962105,0.002263071709555422,0.001018164562638947,0.001066149484434561,1.785889815515902e-05,1.77288499516533e-05,1.715325359234417e-05
1209.0,0.2242686332928184,0.002262246496723631,0.001017689147379368,0.001065405050020864,1.787699296517706e-05,1.775246405903069e-05,1.717984175842174e-05
1210.0,0.2244671034750509,0.002257291678236154,0.001017687717007955,0.001064737641352069,1.78945415154171e-05,1.777131301624175e-05,1.719908204751841e-05
1211.0,0.2246877755532936,0.002294660099963149,0.001017822202655056,0.001064230342908519,1.790701620097528e-05,1.779721633461849e-05,1.722104790582012e-05
1212.0,0.2249748609310943,0.002288451374773684,0.001018380539943552,0.001063784250313774,1.791809271292135e-05,1.782652477179351e-05,1.723655159538687e-05
1213.0,0.2249025381297449,0.002339843194387641,0.001019720508485427,0.001063409982021201,1.792294415142058e-05,1.78530764685907e-05,1.723980565642063e-05
1214.0,0.2248283024302974,0.002400822815407995,0.001020672352984496,0.001063148353464559,1.79284492193187e-05,1.787927134602543e-05,1.723802460449456e-05
1215.0,0.2246449002979535,0.002339532100114952,0.001020749578937689,0.001062980637320445,1.792574489409575e-05,1.790401204805554e-05,1.723015603733924e-05
1216.0,0.224562576154033,0.002322756823848011,0.001020755889144158,0.001062911407170484,1.792068534033433e-05,1.792867089496821e-05,1.722381650738307e-05
1217.0,0.2243328141820876,0.002332517307684712,0.001020870065460473,0.001062889380100681,1.790962946353188e-05,1.795008752407392e-05,1.721052807552012e-05
1218.0,0.2241191324346903,0.002309024891001138,0.001021287424509414,0.001062913120177474,1.788942752475841e-05,1.796226163744874e-05,1.719146826076819e-05
1219.0,0.2236798875571432,0.002290753037681376,0.001021348107823053,0.001062964595386239,1.786884850442682e-05,1.796803217622252e-05,1.716953246131745e-05
1220.0,0.2231817242603452,0.002296405074141333,0.00102110703564109,0.001063070453938901,1.78434970056058e-05,1.796855321737004e-05,1.714176535888669e-05
1221.0,0.2227827973260868,0.002285362647788655,0.00102105866019133,0.001063270729442679,1.7817005307788e-05,1.796911993996722e-05,1.711549331669718e-05
1222.0,0.2224300497242399,0.002295695270882933,0.001020572355253732,0.001063536292251587,1.77888205591394e-05,1.796400288298071e-05,1.708977842746081e-05
1223.0,0.222049675439265,0.002271827198609617,0.001020465251044285,0.001063902484555075,1.776242338958434e-05,1.795647149684659e-05,1.706288612964774e-05
1224.0,0.2214815543361082,0.002246161505850104,0.001020362520107148,0.001064327614493465,1.773369393340494e-05,1.794435164193197e-05,1.703343336820665e-05
1225.0,0.2211274011017129,0.002240465705163573,0.00102004623700908,0.001064771578201172,1.770425026340587e-05,1.792865899862288e-05,1.700572589475986e-05
1226.0,0.2207219202139829,0.002249096440776585,0.001019438774421691,0.00106528082753268,1.76769631124309e-05,1.790756161539302e-05,1.698123571787457e-05
1227.0,0.2203024069824368,0.002306204434596055,0.001020054847837772,0.001065799397392518,1.764898481438288e-05,1.788467293608649e-05,1.695286512404722e-05
1228.0,0.2201292296398812,0.002290194845358748,0.001018431059034029,0.001066373958658805,1.762009703974505e-05,1.786313317428267e-05,1.692566567963497e-05
1229.0,0.2197110476476797,0.002295738030232513,0.001017811732403894,0.001066938987683979,1.759380434351289e-05,1.784321090354465e-05,1.689997678258243e-05
1230.0,0.2191043149133901,0.002261737286905165,0.001017488797179682,0.001067538256955226,1.756361755905979e-05,1.78209957859348e-05,1.687509779733981e-05
1231.0,0.2187138025320894,0.002249405393178501,0.001015856308096694,0.001068160650007263,1.753214837364752e-05,1.779851640039903e-05,1.684941064338118e-05
1232.0,0.2183499125594245,0.002264637682354686,0.001014909637463355,0.001068818322579144,1.749985652684527e-05,1.77671240471184e-05,1.682363344035726e-05
1233.0,0.2178765307221314,0.002246030827239179,0.001013182108610956,0.001069486039937564,1.746478631635948e-05,1.774350983311513e-05,1.680513312478977e-05
1234.0,0.2176901197216057,0.00225535070938881,0.001011495639797708,0.001070179593949805,1.742343710155143e-05,1.772478765140414e-05,1.678715961000471e-05
1235.0,0.2177045246415494,0.002233401718244265,0.001009326516177609,0.001070842617857416,1.738589892805346e-05,1.770178105980086e-05,1.676794958602444e-05
1236.0,0.2175807291739611,0.002236453804336549,0.001007584777022427,0.001071554104130797,1.734428730894096e-05,1.767976353461474e-05,1.675116911806249e-05
1237.0,0.2175345006123437,0.002255964811489271,0.001006127683850339,0.001072252008813524,1.730167702748432e-05,1.765733889808649e-05,1.673686627877108e-05
1238.0,0.2175211796103074,0.00225035088474521,0.001002975097434555,0.001072928240834603,1.725314568698218e-05,1.763567077028198e-05,1.672419127493428e-05
1239.0,0.2174708195769793,0.002285512561714363,0.001000202738933825,0.001073593378650001,1.720338633916413e-05,1.761603423874142e-05,1.671135973938897e-05
1240.0,0.2174749356466076,0.002257151142909244,0.0009972576951709081,0.001074242034972562,1.714677939769522e-05,1.760051224542462e-05,1.670377011104956e-05
1241.0,0.2174536528886558,0.002266748782328668,0.0009946860880664567,0.001074824668390674,1.709677711942238e-05,1.758292532207569e-05,1.66910941979727e-05
1242.0,0.2174767321863013,0.002303114125114888,0.0009917860738207392,0.001075403840623751,1.704140341237562e-05,1.757327691942941e-05,1.667800368510195e-05
1243.0,0.2173841913296256,0.002296041416428822,0.0009886184801120624,0.001075969827082321,1.697688197344146e-05,1.756329678813797e-05,1.6660909210088e-05
1244.0,0.2173448809974044,0.002322637766454296,0.000985478804055587,0.001076473474240229,1.691659086419288e-05,1.755435986926096e-05,1.665006563692381e-05
1245.0,0.2170427658373473,0.002315946161353573,0.0009815952818917003,0.001076927171234923,1.684603257337977e-05,1.755063388298362e-05,1.663633444829193e-05
1246.0,0.2169273559822424,0.002298023311246633,0.000977846098120258,0.001077428540027751,1.678357509932903e-05,1.754594207996185e-05,1.662463039974604e-05
1247.0,0.2169043987472569,0.002336252453077702,0.0009745069223850304,0.001077899964147035,1.672077220233774e-05,1.753764243665407e-05,1.660996662718158e-05
1248.0,0.2168529758220424,0.002513552804467568,0.0009717345761287137,0.001078340150414628,1.666463119798423e-05,1.75318784406437e-05,1.658942481477891e-05
1249.0,0.2168215066304017,0.002398856696682033,0.0009658992385413126,0.0010787167097198,1.660088863217202e-05,1.752460537419422e-05,1.656898445831129e-05
1250.0,0.2167004314402896,0.002339832356499809,0.0009606173729354217,0.00107904640899739,1.654485005884012e-05,1.751671900413392e-05,1.654929766911021e-05
1251.0,0.2164293506514975,0.002300491917643924,0.0009552537944792133,0.001079365992413388,1.648380870358093e-05,1.750920138280827e-05,1.652152200060282e-05
1252.0,0.2160747286854692,0.002250941721418884,0.0009502110768559981,0.001079730941560965,1.642984046381436e-05,1.749870693891116e-05,1.64974276465302e-05
1253.0,0.2158864409986639,0.00223804246184684,0.0009459486312442035,0.001080099487106287,1.637939038137581e-05,1.748913983185854e-05,1.646869660347896e-05
1254.0,0.2158555821816767,0.002238770171837419,0.0009415396907032804,0.00108044015460459,1.63366490349345e-05,1.747954879858315e-05,1.644350116131591e-05
1255.0,0.215783808394051,0.002206952878601216,0.0009369991422346417,0.001080758491819789,1.629215867687917e-05,1.747057450259649e-05,1.641400116467544e-05
1256.0,0.215635945176128,0.002199574189848111,0.0009332345477667937,0.001081060722542671,1.626073744997977e-05,1.745931436058758e-05,1.638388851853417e-05
1257.0,0.2155485567422599,0.002200270503019221,0.0009281928070495388,0.001081326930045504,1.622350586954543e-05,1.744266767087887e-05,1.635492127569532e-05
1258.0,0.2153509412987329,0.002169584088144523,0.0009236298347664593,0.00108152681654975,1.619299089829445e-05,1.742844358696162e-05,1.631981669744178e-05
1259.0,0.2152144324022661,0.002144125854471087,0.0009189505544755655,0.001081661475774321,1.61600163962918e-05,1.741538577196039e-05,1.628153864258547e-05
1260.0,0.2150983354832477,0.002187814867919625,0.0009151574166182267,0.001081704375677591,1.614252849023639e-05,1.739764286144207e-05,1.624855998556054e-05
1261.0,0.2148521970741025,0.002151144527648,0.0009110510353365201,0.001081714711391612,1.611858729953779e-05,1.738078183788208e-05,1.620923794369708e-05
1262.0,0.2147456651467823,0.002145849511229611,0.000907047407577594,0.001081688960454858,1.610593172153257e-05,1.736477999291909e-05,1.617268854969937e-05
1263.0,0.2146194626170749,0.002128820992601376,0.0009029379635093898,0.001081609974385674,1.608519753882406e-05,1.73522053028133e-05,1.61411195205113e-05
1264.0,0.2144649747707579,0.002093928122439055,0.0008993253083365509,0.001081510699744253,1.607381483599868e-05,1.733513208714491e-05,1.611083045635887e-05
1265.0,0.214158145882471,0.002067013395537086,0.0008953244631065676,0.001081412930988849,1.606034384292911e-05,1.731709534345081e-05,1.607856474203756e-05
1266.0,0.2140517837852038,0.002066399312871509,0.0008913757511727202,0.001081265806143526,1.605678975071722e-05,1.729365486139201e-05,1.60473645368968e-05
1267.0,0.2140000047286953,0.002028316299747193,0.0008874619100524096,0.001081075251923716,1.604750089022317e-05,1.726933618500149e-05,1.601699321547275e-05
1268.0,0.2141407143690319,0.002006020787147376,0.0008837585011291078,0.001080838187089466,1.604499448369864e-05,1.724614825085077e-05,1.599717019437023e-05
1269.0,0.2142207317225082,0.001981789292265889,0.0008807395089147977,0.001080550019391886,1.604079306103093e-05,1.7226241907813e-05,1.597909914370023e-05
1270.0,0.2144822287467681,0.001958577690590063,0.0008778787470229614,0.001080239444551408,1.603955376711884e-05,1.721054701658467e-05,1.596064499009047e-05
1271.0,0.21467213901684,0.001928437898819173,0.000875555653256539,0.001079883991587583,1.603975898342918e-05,1.719341005756645e-05,1.594518542556953e-05
1272.0,0.2145528671313027,0.001899918156942967,0.0008734965828482425,0.001079509281952483,1.603744163760872e-05,1.717789444189868e-05,1.592750661801848e-05
1273.0,0.214627012318801,0.00189532480469763,0.0008722203596474968,0.001079155075825534,1.603987514364233e-05,1.716261138206824e-05,1.591492478259027e-05
1274.0,0.2146824327693389,0.00186007274935165,0.0008713818856566718,0.001078745009298459,1.604161144421951e-05,1.715281138574238e-05,1.590775040394186e-05
1275.0,0.2145567785997321,0.001894564886144924,0.0008713331838189287,0.001078289832583525,1.604014940973582e-05,1.714248784475319e-05,1.59018749071904e-05
1276.0,0.2146451663173196,0.00187014521760692,0.0008714539267438165,0.001077854421088638,1.603533865485642e-05,1.71338913503413e-05,1.590057911751902e-05
1277.0,0.214737630004304,0.001870833450398391,0.0008720592660889182,0.001077378810090588,1.6030670630692e-05,1.712472845948921e-05,1.590097877417511e-05
1278.0,0.2148469565746851,0.001858319942751568,0.0008724011509382153,0.001076854453798062,1.602665502969799e-05,1.712264472715473e-05,1.590692254860126e-05
1279.0,0.2149234434806238,0.001858990882844879,0.0008730856446548213,0.001076338658542305,1.602851082823346e-05,1.71166561006374e-05,1.591504359230807e-05
1280.0,0.2149707140175321,0.001836522290840657,0.0008737759483947484,0.001075796807192488,1.603146052298725e-05,1.710995760592413e-05,1.592590285942169e-05
1281.0,0.2150276083303113,0.001869977855396157,0.0008750281600393398,0.001075254893135425,1.603127587676e-05,1.710421343090049e-05,1.593494101917502e-05
1282.0,0.215179333086214,0.001838630552054011,0.0008756662889030029,0.001074703359269375,1.603320313015097e-05,1.709730182960553e-05,1.595809941250684e-05
1283.0,0.2151423782745111,0.001871235054277146,0.0008766004838027983,0.001074173106769165,1.603747890451378e-05,1.709227356874619e-05,1.598473221584182e-05
1284.0,0.2153638757653248,0.001883037492667978,0.0008771428113612532,0.001073642704524657,1.604086232022898e-05,1.708978150220111e-05,1.600894242052394e-05
1285.0,0.215641449482971,0.001895395655991127,0.0008777105015876217,0.001073134784063001,1.604624570428662e-05,1.708756618677103e-05,1.603863449124158e-05
1286.0,0.2159373459052742,0.001903079726298443,0.0008776314281350816,0.001072647832143432,1.605892660086335e-05,1.708260036788891e-05,1.607079636153413e-05
1287.0,0.2159592999447113,0.00193051719867039,0.0008779171631793471,0.001072210701406262,1.607088484094398e-05,1.708379905650617e-05,1.610086172261839e-05
1288.0,0.2161609401406392,0.00192851661323054,0.0008777179786311371,0.001071820498658309,1.60740582648005e-05,1.708085430034118e-05,1.613116645482652e-05
1289.0,0.2163257191092494,0.002034676811922686,0.0008778117822681301,0.001071492128090609,1.608586637588335e-05,1.70802559875125e-05,1.616149122641898e-05
1290.0,0.2166134240793678,0.002015310756060363,0.0008766470241861257,0.001071210913664952,1.609659129412243e-05,1.708257820263202e-05,1.618947017171441e-05
1291.0,0.2168054568752128,0.001972298092523271,0.0008756732633126277,0.001071016419917666,1.610496458838338e-05,1.708116203843359e-05,1.621699459117856e-05
1292.0,0.2170597391717768,0.001974704269498517,0.0008744728618832767,0.001070911561446177,1.611513386763051e-05,1.707618406897865e-05,1.624410619791278e-05
1293.0,0.2172541113369635,0.00193348125893321,0.000872794567157484,0.001070896429100426,1.612722802733072e-05,1.707516503014212e-05,1.626911149885539e-05
1294.0,0.2173824119632394,0.001910195450734962,0.0008713791049864689,0.001070899513421747,1.614323020595881e-05,1.707442646098739e-05,1.628952545843834e-05
1295.0,0.2176110499635591,0.001881546647182527,0.0008698919239097311,0.001071023823065448,1.615853903151858e-05,1.70790578004298e-05,1.630228442568067e-05
1296.0,0.2178323609631007,0.001895988556460124,0.0008686525080397673,0.001071215570816269,1.616947163010168e-05,1.707848842101331e-05,1.631492524256049e-05
1297.0,0.218017278221108,0.001873014570237019,0.0008665879604568104,0.001071489858333546,1.618024654764095e-05,1.707386527608563e-05,1.63263830482562e-05
1298.0,0.2183888492578893,0.001848879704599402,0.0008645712781299287,0.001071832183976937,1.619074999548669e-05,1.707510389570452e-05,1.633181219953335e-05
1299.0,0.2186491986287322,0.00189289128744482,0.0008628231840293709,0.001072186744599306,1.620722188887641e-05,1.708286668448261e-05,1.633435769822872e-05
1300.0,0.2188292265093933,0.001864943511319447,0.0008610467268877109,0.001072577602591656,1.622242420523326e-05,1.709396418565541e-05,1.633572757616582e-05
1301.0,0.2190891879737379,0.001855305457842228,0.0008588514021540758,0.001072998162267432,1.623704714538266e-05,1.710430185134577e-05,1.632802928161614e-05
1302.0,0.2191664569087323,0.001835822988800829,0.0008567547059406502,0.001073445984565729,1.625282795216715e-05,1.711386211247373e-05,1.631678832746673e-05
1303.0,0.2192314296684059,0.001818914714992171,0.0008549381711239195,0.001073972316150338,1.626257193042429e-05,1.712743862417291e-05,1.630085346427448e-05
1304.0,0.2193096007168118,0.001787079425996791,0.0008526655471508074,0.001074525923801002,1.627016247481012e-05,1.713636620186454e-05,1.628833915634386e-05
1305.0,0.2196849654317923,0.001789774809100718,0.0008505474086916165,0.001075127424908796,1.627660753517446e-05,1.714594770064306e-05,1.627200276465612e-05
1306.0,0.2199466851192161,0.001761917215649416,0.0008479058634279987,0.001075709208577836,1.62864278124057e-05,1.715971577251784e-05,1.625525873919054e-05
1307.0,0.2202154357730289,0.001754890551632142,0.0008454740077136501,0.001076317694379624,1.629382909835686e-05,1.717593304547908e-05,1.623839164882572e-05
1308.0,0.2207628130463783,0.001769938299920747,0.0008432595763099975,0.001076915870927649,1.630397588308694e-05,1.719628668427188e-05,1.621963472103953e-05
1309.0,0.2212857319015164,0.001751244178876944,0.0008408774322124097,0.0010775270890776,1.631249756138955e-05,1.721252651372785e-05,1.619786327906358e-05
1310.0,0.2215765574714575,0.00173465855951085,0.0008379818007585711,0.001078140595825224,1.631638412712139e-05,1.72302095656478e-05,1.617977646623651e-05
1311.0,0.2218921578172004,0.001727386871444971,0.0008352533383633333,0.00107875620863975,1.630944324137692e-05,1.724414786606692e-05,1.615812148739053e-05
1312.0,0.2220600437770703,0.001737024871547024,0.0008327258114894516,0.001079340839498549,1.630379936663114e-05,1.72627467078828e-05,1.614258066038015e-05
1313.0,0.2221781246160022,0.001698555941222723,0.0008292926950879941,0.001079932120956449,1.629346549752078e-05,1.728140265589123e-05,1.612427523379524e-05
1314.0,0.2222267574691464,0.001786822752526893,0.0008266155588420194,0.001080452642458701,1.62862139279192e-05,1.730473844017245e-05,1.610893135974214e-05
1315.0,0.2223525864340054,0.001745417708527794,0.0008230498953922926,0.001080957048567424,1.626969135061406e-05,1.732405879178885e-05,1.609016756583901e-05
1316.0,0.2223233349663228,0.001732141110033595,0.0008194382230841386,0.001081341110568056,1.625706258648909e-05,1.734559901920844e-05,1.607052602782198e-05
1317.0,0.2222821088190384,0.001702137254993473,0.0008161054152079056,0.001081612296887886,1.623899128713881e-05,1.736475473145059e-05,1.605517802153894e-05
1318.0,0.2223457521607475,0.001660462587493424,0.0008126931482668275,0.001081875559295801,1.622315038321561e-05,1.738306691556097e-05,1.603655419547525e-05
1319.0,0.2221739141805684,0.001632013921470178,0.0008090382401480739,0.001082102530436216,1.620560436510312e-05,1.740173662054206e-05,1.602469832550991e-05
1320.0,0.2220245442040983,0.001660520937763599,0.000805988671433862,0.001082317811487727,1.61888372004542e-05,1.741927311834768e-05,1.60110696976593e-05
1321.0,0.2217482710257815,0.001642798118742143,0.0008024442113369137,0.001082475345966585,1.616356563053233e-05,1.743851413575731e-05,1.59957984973913e-05
1322.0,0.2216106347775496,0.001654080197931452,0.0007992328708677132,0.001082590091235495,1.614295274506645e-05,1.745941675269639e-05,1.598578081906562e-05
1323.0,0.2216681009397884,0.00164497250819728,0.0007963277980375195,0.001082653522122996,1.612280315597681e-05,1.748075037728576e-05,1.598470553861778e-05
1324.0,0.2216696128949615,0.0016270819714353,0.0007937681545704038,0.001082648455695359,1.610017779761938e-05,1.749790276443151e-05,1.598014303660857e-05
1325.0,0.2216496302118171,0.001630161863838654,0.0007916901516322643,0.00108258646327722,1.608335559849843e-05,1.751695429591683e-05,1.597682443902863e-05
1326.0,0.2215934085063977,0.001642987267362529,0.0007896802767932247,0.001082486966405711,1.606158860218341e-05,1.753392473344085e-05,1.597267810693816e-05
1327.0,0.2214641405841273,0.001667229779148008,0.000787937782735856,0.00108237474100421,1.604210006033134e-05,1.755326258478349e-05,1.596888427014097e-05
1328.0,0.2212580303616606,0.00175639947737611,0.0007863242045998329,0.001082194030164713,1.601814878793122e-05,1.756557946030196e-05,1.596543208366455e-05
1329.0,0.220974520740364,0.001747179369644434,0.0007849083244547294,0.001081903037963129,1.599515667108847e-05,1.758225817439176e-05,1.595944197860507e-05
1330.0,0.2206543366360918,0.001690614096717418,0.0007834739738530479,0.001081558728118698,1.597199255074414e-05,1.759007730596098e-05,1.595429386483356e-05
1331.0,0.2203108969448231,0.00164203492463241,0.000782329328220845,0.00108116798132429,1.594713443888698e-05,1.759604853136018e-05,1.595051725798313e-05
1332.0,0.2201104827610894,0.00160817012082182,0.0007815007014004677,0.001080724229442251,1.593089103381582e-05,1.760214571821337e-05,1.594626976081625e-05
1333.0,0.2200505161272479,0.001604899839589585,0.0007807942647039334,0.001080237245944944,1.591317112378773e-05,1.760398969031954e-05,1.59472651751885e-05
1334.0,0.2199637864800701,0.001569309994840702,0.0007799250563361956,0.001079755345725164,1.589354906627088e-05,1.760586507085728e-05,1.595545652891336e-05
1335.0,0.2198399799506199,0.001621067064142208,0.0007796513174078921,0.001079245048369765,1.587742586183401e-05,1.760829193587229e-05,1.596740793573055e-05
1336.0,0.2195456538855233,0.001598085057469303,0.0007791256433164709,0.001078691037908538,1.585513551230673e-05,1.759988220597277e-05,1.598144285588341e-05
1337.0,0.2194270991238138,0.001588472774915152,0.0007785915721823222,0.001078206883405369,1.58399739487945e-05,1.758733985277653e-05,1.599495926136573e-05
1338.0,0.2193385753786472,0.001590165557779114,0.0007781559342848289,0.001077787594715094,1.582685894013518e-05,1.758195742527771e-05,1.600994695631973e-05
1339.0,0.219327534020066,0.001583790515732756,0.0007776719193678325,0.001077382244866182,1.582193548454861e-05,1.757505217084644e-05,1.602217992291118e-05
1340.0,0.2190797574373907,0.001593379100847655,0.0007771973831983081,0.001076958356541197,1.581698725999668e-05,1.756517385627688e-05,1.604104316910581e-05
1341.0,0.2188908613863904,0.001616428026579665,0.0007768392609832361,0.001076521175072223,1.581795274074153e-05,1.755601408373271e-05,1.606272554996938e-05
1342.0,0.218942389844779,0.001708631162403015,0.0007771027248402322,0.001076107639815526,1.582281943264202e-05,1.754953144599834e-05,1.608511772204105e-05
1343.0,0.2189109294374633,0.001693957986540971,0.0007769198573140702,0.001075697529452764,1.583050547261352e-05,1.754198831201708e-05,1.610479483281761e-05
1344.0,0.2188536297800769,0.001691070687878459,0.0007768361535260767,0.001075332143115256,1.584619372354381e-05,1.754020788084992e-05,1.612677489145151e-05
1345.0,0.218671586043625,0.001643060591147288,0.0007765929031576556,0.001075046630072483,1.586109175938447e-05,1.753424959580251e-05,1.614901398017037e-05
1346.0,0.2187819342172757,0.001624164894313151,0.0007763838416592931,0.001074766368005209,1.587867406929393e-05,1.753153078580786e-05,1.617552765169953e-05
1347.0,0.2189917147554807,0.001614989195905371,0.0007761386846536033,0.00107443226537994,1.590249838598387e-05,1.753558590200069e-05,1.620280897736069e-05
1348.0,0.219227338316124,0.001584937231086866,0.0007758165419996966,0.001074107815286839,1.592498645130483e-05,1.753597665490676e-05,1.623345903391193e-05
1349.0,0.2195368930327951,0.001630437860591789,0.000775944159311664,0.001073811063478561,1.59540821899949e-05,1.754311732934183e-05,1.625810003190553e-05
1350.0,0.2200353247329191,0.001629277892933353,0.0007760150962560422,0.001073542876126405,1.598732253859514e-05,1.755153785969141e-05,1.628334000532146e-05
1351.0,0.220317637425559,0.001631270296600513,0.0007764408476453028,0.001073338201244285,1.602490713213315e-05,1.755860899202588e-05,1.631013810875876e-05
1352.0,0.2207933141677599,0.001645727794273625,0.0007773021332178572,0.001073157954125156,1.60593401285511e-05,1.756593150500596e-05,1.633669987996536e-05
1353.0,0.2212181772594839,0.001643559018308056,0.0007778221762782248,0.001073031836420236,1.609522311672267e-05,1.757473218874804e-05,1.636298486489846e-05
1354.0,0.2218287552873982,0.001660320325396943,0.0007785749371614949,0.001072950767848697,1.613105591899879e-05,1.758412228919783e-05,1.639164849824501e-05
1355.0,0.2225382140440222,0.001693299603198604,0.0007800058952301357,0.001072861888641373,1.616954502839008e-05,1.759514686477353e-05,1.641270799747444e-05
1356.0,0.223264317684341,0.001734053146837044,0.0007815767329105913,0.001072752307045522,1.620822562993973e-05,1.760559166724274e-05,1.643754850314535e-05
1357.0,0.2240657346379751,0.001734715437844444,0.0007834121185483226,0.001072645513049358,1.624417426336636e-05,1.761913472142504e-05,1.645389941334789e-05
1358.0,0.2247894933419081,0.001717636171747618,0.0007853135825719949,0.001072485947695003,1.627902842664273e-05,1.763580884691813e-05,1.646703863673897e-05
1359.0,0.2254741624234728,0.001727294817669871,0.0007878990429061012,0.001072355358234303,1.631948479999221e-05,1.764900985065918e-05,1.647912992039291e-05
1360.0,0.2261254781622712,0.00171167569283323,0.0007904772401074523,0.001072258001002034,1.635385798340425e-05,1.765680188330876e-05,1.649535711077708e-05
1361.0,0.2269303167588769,0.001725363220002719,0.000793077337237608,0.001072201402842736,1.638509496702583e-05,1.767301357019038e-05,1.650621019549982e-05
1362.0,0.2276359472308655,0.001769077018883742,0.0007965642857163752,0.001072039094536811,1.641818422738811e-05,1.768370849297186e-05,1.651130427822647e-05
1363.0,0.2282448921103326,0.001773307790950168,0.0007997129281291095,0.001071807774670667,1.644675506483945e-05,1.769882225609994e-05,1.651377284488413e-05
1364.0,0.2287323705419975,0.001792505255983121,0.0008031413122934942,0.001071512322906114,1.647103434379693e-05,1.771605824953458e-05,1.651419436936685e-05
1365.0,0.2291773753730447,0.001795709276588783,0.0008062893070025327,0.001071144263316753,1.64872509991135e-05,1.772790719257853e-05,1.65160382176317e-05
1366.0,0.2293877002396702,0.001804436349787041,0.0008095389738476132,0.001070760672880908,1.650155036865863e-05,1.773347127239683e-05,1.651763472223732e-05
1367.0,0.229624720389982,0.001852033360624296,0.0008131782240791077,0.001070301556580826,1.651648659993492e-05,1.774279318841821e-05,1.650791755051502e-05
1368.0,0.2299049146436819,0.001878143197120557,0.0008167294275911072,0.001069775837404967,1.653265327983049e-05,1.77480289521914e-05,1.650450153384408e-05
1369.0,0.2299164320712538,0.001898657146562812,0.0008204089778606969,0.001069179529934766,1.654359427693284e-05,1.774970425101311e-05,1.649478393342099e-05
1370.0,0.2299363953712991,0.001920048464278536,0.0008236472616619848,0.001068497006091126,1.655231544821488e-05,1.775095431703914e-05,1.648059077529322e-05
1371.0,0.2298698655376215,0.001925893468052054,0.0008268335144534501,0.001067710172795415,1.656072455401777e-05,1.774260482277288e-05,1.646177373911454e-05
1372.0,0.2299043978834454,0.001990794656810779,0.0008303752074262811,0.00106686410093679,1.656109521473019e-05,1.773687648636295e-05,1.644249196672842e-05
1373.0,0.229672257263288,0.002110799552359131,0.0008335517036163439,0.001065925199785665,1.655895350685479e-05,1.771738274075702e-05,1.642256299980644e-05
1374.0,0.2293909151313299,0.002061645683703356,0.0008355826760898271,0.001064906800896019,1.655101109747981e-05,1.770484614651392e-05,1.640651903140113e-05
1375.0,0.2289393591085905,0.002010356500096184,0.0008375888036477676,0.001063816516072042,1.653963044959563e-05,1.769074588406626e-05,1.639471314286511e-05
1376.0,0.2285393623822741,0.001999356086942048,0.0008390340783075722,0.001062640804309047,1.652448374848186e-05,1.767289265608429e-05,1.637745120247855e-05
1377.0,0.2282825163759719,0.002001613688583827,0.0008403523847189128,0.001061420731171911,1.651096105227959e-05,1.765530579008823e-05,1.635870678365975e-05
1378.0,0.2283447529880188,0.001983240502575252,0.0008413694704188981,0.001060141607024513,1.649413300250402e-05,1.763416072718712e-05,1.634080271545863e-05
1379.0,0.228451285873589,0.002010397921682256,0.000842900907029256,0.00105880337557337,1.647835815324108e-05,1.761172521295003e-05,1.632414535513543e-05
1380.0,0.2283608382861655,0.002008034893829473,0.0008439732861719466,0.001057385249464129,1.645764885075792e-05,1.758826970169533e-05,1.630919702826775e-05
1381.0,0.2282834911317156,0.00200653631505635,0.0008450047535431376,0.001055903147514201,1.644334795554728e-05,1.756523012382373e-05,1.629428576550082e-05
1382.0,0.2281763740158911,0.002019973516322047,0.0008456419763203711,0.001054330146794513,1.64195219490286e-05,1.754317051023152e-05,1.627538022813469e-05
1383.0,0.2280039047295512,0.002018204421233532,0.0008465079519254385,0.001052717282296194,1.63896016622007e-05,1.752303895698761e-05,1.62572557531951e-05
1384.0,0.2278034342120501,0.002041512100415276,0.0008474653630989062,0.001051077725422972,1.635750958128087e-05,1.749739875240689e-05,1.623983433418388e-05
1385.0,0.2276240721563544,0.002047058512598067,0.0008479756522887453,0.001049402064561749,1.632082235968353e-05,1.747617794648631e-05,1.621893128784696e-05
1386.0,0.2274939588317341,0.002045901107762886,0.0008487641678394564,0.00104764060845309,1.628321444275625e-05,1.745650807087217e-05,1.619774629249077e-05
1387.0,0.227225183462782,0.002057233967531292,0.0008496585634652963,0.001045833152856953,1.624236101653111e-05,1.743670986068805e-05,1.617298168665486e-05
1388.0,0.2268525352182131,0.002063437530450967,0.0008508165899215564,0.001043972929842405,1.620071741631709e-05,1.7416368526028e-05,1.61528821129211e-05
1389.0,0.2265825026338106,0.002060684009250225,0.0008514447786444905,0.001042114481073868,1.616216733188774e-05,1.739372270689822e-05,1.612818835695829e-05
1390.0,0.2263216817068416,0.002079099809319326,0.0008519218799991094,0.001040232510518753,1.61289742206712e-05,1.737287919578954e-05,1.610327195450646e-05
1391.0,0.2261875144886274,0.002093829190977349,0.0008527874534995577,0.001038260566451547,1.609962966436201e-05,1.735026901435238e-05,1.608172200678014e-05
1392.0,0.2261291674119568,0.002104452519336975,0.0008534874158605937,0.001036258098234568,1.606566411891535e-05,1.733495136570419e-05,1.606209856987223e-05
1393.0,0.2260628770348019,0.002123828168174576,0.0008542570648591575,0.001034203231200987,1.603432274894972e-05,1.731946460029657e-05,1.604300995133965e-05
1394.0,0.2261405891105946,0.002126184236613809,0.0008550419963719275,0.001032142521518963,1.600532180407973e-05,1.730117148608853e-05,1.602323431945947e-05
1395.0,0.2262004768211851,0.002123432319314833,0.0008556323859909231,0.001030104368048126,1.596605166003801e-05,1.728892507750766e-05,1.600154339295701e-05
1396.0,0.2262377939300549,0.002125876027505391,0.0008566122342511457,0.001028049830746889,1.59382559243035e-05,1.727836829626784e-05,1.598139005274044e-05
1397.0,0.2262291464784449,0.002190527433091763,0.0008580307507642918,0.001025983558144809,1.591860772694502e-05,1.727566364706336e-05,1.597220659611306e-05
1398.0,0.2262642002000597,0.002197917979876315,0.0008593843384799873,0.001023966542697761,1.589303009003945e-05,1.726137886479623e-05,1.596312225654835e-05
1399.0,0.2263119863832327,0.002210312230050023,0.0008606398168159408,0.001021969844393005,1.586919534095195e-05,1.724952121225374e-05,1.594781743472062e-05
1400.0,0.2263042796207756,0.002192748836069316,0.0008620029917752548,0.001020003425657888,1.58567965309128e-05,1.724473070519051e-05,1.593815418508023e-05
1401.0,0.2263856994672434,0.002192069154713647,0.0008637439677018858,0.001018063045456844,1.584561688416179e-05,1.723854624836531e-05,1.592580593077493e-05
1402.0,0.2263550546989979,0.002203235838151693,0.0008657022182314577,0.001016134288304638,1.583737042434918e-05,1.723507554657763e-05,1.591925004669896e-05
1403.0,0.2264304528367248,0.002246059094569842,0.0008672663833257687,0.001014317823244855,1.583218061801971e-05,1.723265647886398e-05,1.590742158431617e-05
1404.0,0.2263490462162664,0.002228141689471158,0.000868359938331788,0.001012530997691744,1.58310915052374e-05,1.723288122924601e-05,1.589918543399737e-05
1405.0,0.2264174869854139,0.002233481151558535,0.0008694081709555442,0.001010799162282352,1.58268499905681e-05,1.72373587315131e-05,1.589891136025773e-05
1406.0,0.2264773987070515,0.002227549701513863,0.0008697470637572175,0.001009135736807181,1.5830005579688e-05,1.723176344739029e-05,1.590085274502188e-05
1407.0,0.2263990393467416,0.002230494453860094,0.0008697522886649601,0.001007535633630772,1.582848260266158e-05,1.723383801925489e-05,1.591192134321371e-05
1408.0,0.2263324515056833,0.00228588064886286,0.0008698523658596818,0.001005929385332558,1.583354421893585e-05,1.72317921511307e-05,1.592147601863434e-05
1409.0,0.2263022256577027,0.002275711198831811,0.0008694360540711276,0.001004361448178923,1.583698859601551e-05,1.723487904953898e-05,1.593036910782084e-05
1410.0,0.2264734757501682,0.002284831037537566,0.0008686349661797811,0.001002838022593114,1.583718170297315e-05,1.723555529731814e-05,1.594557565127609e-05
1411.0,0.2266907940122287,0.002301000546032515,0.0008674224820122515,0.001001303498963913,1.582954482751564e-05,1.723246199243039e-05,1.596362627734194e-05
1412.0,0.2268367750111896,0.002315679408062492,0.0008658162230860883,0.0009997867580502783,1.583160812653412e-05,1.722389490704436e-05,1.598469791498228e-05
1413.0,0.2268277376221427,0.00233372365258719,0.0008643074644175597,0.000998323476784652,1.582537813838124e-05,1.721575796443055e-05,1.601239649151596e-05
1414.0,0.2268988501123678,0.002328571946159084,0.0008628515436710052,0.0009969169256673998,1.58181921075952e-05,1.720974307167582e-05,1.604613901778493e-05
1415.0,0.2266126135960977,0.0023464673444954,0.0008609172136954072,0.0009955154794244248,1.581889153757967e-05,1.720721054786864e-05,1.607108873927919e-05
1416.0,0.2261899220963719,0.002356428405809122,0.0008593832436541997,0.0009941289173717594,1.581179076430729e-05,1.72045200234311e-05,1.609852278543525e-05
1417.0,0.2262167966130697,0.002342698073870182,0.0008576000159441515,0.0009927776251380982,1.580213788441876e-05,1.719588535898214e-05,1.612716142135994e-05
1418.0,0.2264974311814589,0.002351726416485173,0.0008549463354998698,0.0009914208710933,1.579957144469166e-05,1.718992671912079e-05,1.615143575089756e-05
1419.0,0.2268360894672853,0.002360526855403089,0.0008524735784376221,0.0009900393877830254,1.579007298837716e-05,1.718063249511502e-05,1.617735816737129e-05
1420.0,0.2271408428763792,0.002321230053654722,0.0008501144955254035,0.0009886847056288226,1.5784264433856e-05,1.716746521374558e-05,1.619914171551666e-05
1421.0,0.2272527105563644,0.002298454847829112,0.0008478191221916937,0.0009873719260676,1.577762234866912e-05,1.71616922705903e-05,1.621870810326348e-05
1422.0,0.2274562921942118,0.002329398637872379,0.0008460673048566111,0.000986098751941679,1.57689552632782e-05,1.714705602262996e-05,1.623191338610832e-05
1423.0,0.2276385290113944,0.002322609129711511,0.0008441199550764957,0.0009848366889433611,1.575732809930442e-05,1.714116816599083e-05,1.625483789768599e-05
1424.0,0.2275656095963562,0.002310352567445074,0.0008422461147112667,0.0009836299322101274,1.574477825773414e-05,1.713564682019082e-05,1.626910131416743e-05
1425.0,0.227603720311341,0.002298577748498674,0.0008402358006597729,0.0009824830855252873,1.573264299195808e-05,1.712282250840136e-05,1.628056177550922e-05
1426.0,0.2275183541896787,0.002277676620673195,0.0008385060675682807,0.0009813722809813344,1.572234256667218e-05,1.710850120416727e-05,1.628933977229162e-05
1427.0,0.2274309299901563,0.002296287130919577,0.0008365860176660852,0.0009802648874333944,1.571277586194141e-05,1.709692719198195e-05,1.629309218728995e-05
1428.0,0.2273670720861604,0.002257084505010031,0.0008347844246132604,0.0009792403683855427,1.569707826184549e-05,1.708803261500199e-05,1.629562866601729e-05
1429.0,0.2273289262721068,0.002234870839412752,0.0008326106122590457,0.0009782729460347116,1.568798089724281e-05,1.708298736608447e-05,1.629478924385815e-05
1430.0,0.2272412515996896,0.002220063876723504,0.0008304779517650885,0.0009773947809958265,1.567416147121361e-05,1.706694688499443e-05,1.629880432663636e-05
1431.0,0.2271490817796216,0.002202633056805494,0.0008283529483251024,0.0009765858754636977,1.566666285554442e-05,1.705409989540597e-05,1.629616666707992e-05
1432.0,0.2269069526175925,0.002203363151956011,0.0008264242331549747,0.0009758786450261922,1.565414691534439e-05,1.704150678491977e-05,1.629281551989473e-05
1433.0,0.2267345693871906,0.002280873541054689,0.00082457952214985,0.0009752198332622907,1.563911653716416e-05,1.702809464533381e-05,1.628325163225267e-05
1434.0,0.2263664170279304,0.002232481500253338,0.0008223015548074605,0.0009745790317333458,1.562655265984079e-05,1.702156825786174e-05,1.626893491641147e-05
1435.0,0.2259324817308766,0.002231980015494696,0.0008202544309945698,0.0009740149853228938,1.561561254788725e-05,1.700928886444302e-05,1.625152267691347e-05
1436.0,0.2256350331338345,0.002191153127484394,0.0008175437919272548,0.0009734815828470537,1.560511028029793e-05,1.699527012460905e-05,1.623678263733346e-05
1437.0,0.2251967639699562,0.002149360703569139,0.0008152013089236229,0.0009729992748045118,1.559324890834047e-05,1.699199645809308e-05,1.621567531394038e-05
1438.0,0.2248603021195052,0.002158548845223633,0.0008131218919809666,0.0009725158045635549,1.558875245962506e-05,1.698336906501359e-05,1.619008628674174e-05
1439.0,0.2245652715377509,0.002132472939556176,0.000810383265766714,0.0009720796328574306,1.558444497525682e-05,1.697309581848836e-05,1.616303400303108e-05
1440.0,0.2240361779630081,0.00210857754005248,0.000807959721372357,0.0009717275597268754,1.557899923505169e-05,1.69600316099952e-05,1.613175201592572e-05
1441.0,0.2235660079870876,0.002080769074468095,0.0008054303260753383,0.0009714001011133903,1.557838360916883e-05,1.694584733881688e-05,1.610018334390538e-05
1442.0,0.223333124553371,0.002050962060436333,0.0008028121189196068,0.000971083384151503,1.557631774922974e-05,1.69280264931774e-05,1.607324442010968e-05
1443.0,0.2231368121059512,0.002039432211711055,0.0008002580098271318,0.0009708329072185851,1.557456413153121e-05,1.691102388110576e-05,1.603857420693138e-05
1444.0,0.2229299944285199,0.002008475517285407,0.0007974196838855544,0.0009706423862568164,1.55774440124923e-05,1.689277946232375e-05,1.600284850220044e-05
1445.0,0.2227550051574765,0.002050874167036004,0.0007949013724048285,0.000970531131791284,1.557930526200164e-05,1.687337606141297e-05,1.596461996883658e-05
1446.0,0.2223556795040541,0.002041716715782414,0.0007922551247930769,0.0009704220630258131,1.558264702243085e-05,1.68595730697545e-05,1.592499155949536e-05
1447.0,0.2219043868161052,0.001998206238396678,0.0007893242460544794,0.0009703411162355281,1.558174698138905e-05,1.684134661251626e-05,1.588061336588359e-05
1448.0,0.2214930089012845,0.001966801705534863,0.0007864190565304469,0.0009702851225508627,1.558254800514596e-05,1.682221941281142e-05,1.583689603356856e-05
1449.0,0.2211033729806987,0.001962631483024034,0.0007837571376180801,0.0009702768545475981,1.558622584468847e-05,1.680004531913179e-05,1.579232630009308e-05
1450.0,0.220705001968517,0.001914727534278561,0.0007810942206146515,0.0009702789214490367,1.558920967815607e-05,1.677784705733871e-05,1.574148554883278e-05
1451.0,0.2201655003877964,0.001922229766698825,0.0007785415084454514,0.0009703228297472673,1.559073206814432e-05,1.675640239266473e-05,1.568811754697239e-05
1452.0,0.219664863240739,0.001878492016772367,0.0007757376399913032,0.0009703550891588638,1.55920313961035e-05,1.673576237366623e-05,1.564214797681385e-05
1453.0,0.2193592752725962,0.001872284015031491,0.0007728893472283013,0.0009704358263689023,1.560043323333562e-05,1.670895020200668e-05,1.559418967954687e-05
1454.0,0.2188064239623624,0.001833740493429339,0.0007701463705565988,0.0009704648662111839,1.560102906935372e-05,1.668071388927501e-05,1.554931861452511e-05
1455.0,0.2182460957252303,0.001818153614892276,0.0007677044693131736,0.000970505302839985,1.560332772930476e-05,1.665459507169958e-05,1.550555407376482e-05
1456.0,0.217735625729588,0.001823710656027185,0.000765450387540463,0.0009705650523975228,1.560812617516884e-05,1.66303994508633e-05,1.546407751244109e-05
1457.0,0.2173382580908922,0.001831527752882858,0.0007632895502993648,0.000970610406618465,1.560853143003067e-05,1.660485942888432e-05,1.542843711458628e-05
1458.0,0.2169754499403441,0.001825439127419926,0.0007611777382741454,0.0009706925928977307,1.560431005015393e-05,1.658264402761983e-05,1.539253980142302e-05
1459.0,0.2166249178618747,0.001784768766951356,0.0007588530220709025,0.0009707250756858439,1.560040757010296e-05,1.65559027158763e-05,1.535775284299335e-05
1460.0,0.2162916525058921,0.001779289457170665,0.0007567448241025325,0.0009706869463625587,1.560276075223197e-05,1.654010691409935e-05,1.532664960191487e-05
1461.0,0.2157868333296199,0.001757405899977822,0.0007549019955828385,0.000970594726436407,1.560467680900044e-05,1.65239591922298e-05,1.529324505501008e-05
1462.0,0.2153229499540955,0.001756415404876853,0.0007531250290882471,0.0009705202515072594,1.56032962737705e-05,1.650854033024103e-05,1.526294306873278e-05
1463.0,0.2150220807252191,0.00174822498723402,0.0007514212844684167,0.000970456955868241,1.560326319805746e-05,1.649342209228239e-05,1.524176965905001e-05
1464.0,0.2148441395884951,0.001751667381537117,0.0007497634773394373,0.0009703679076982714,1.560956138059665e-05,1.648474527356804e-05,1.521998685061687e-05
1465.0,0.2147955750483061,0.001761122690975751,0.0007479176083074064,0.0009701573153934975,1.561730919292794e-05,1.647768757970928e-05,1.520209560908579e-05
1466.0,0.2146834893214965,0.001755053719094203,0.0007461022386819707,0.0009699124950874,1.562459147238446e-05,1.647353724333579e-05,1.518369965947921e-05
1467.0,0.2146228935599033,0.001732141760729163,0.0007441885302885616,0.0009696172006554655,1.563861182849958e-05,1.647100688821744e-05,1.516928206032857e-05
1468.0,0.21478443925971,0.001764771747938397,0.0007425880205773078,0.0009693007321658248,1.565365412612906e-05,1.647488098075514e-05,1.515640120486806e-05
1469.0,0.2149977464455288,0.001752047674249876,0.0007409332014270054,0.0009689406238804161,1.567022101387662e-05,1.647960666017126e-05,1.515271043879877e-05
1470.0,0.215331286353344,0.001722396578349815,0.0007391099567263451,0.0009685053292662931,1.568611606720543e-05,1.648813411577455e-05,1.515269342275076e-05
1471.0,0.2154171100671884,0.001732998605452485,0.000737640351778548,0.0009681033342926628,1.570171248515857e-05,1.649467534729888e-05,1.516111369706551e-05
1472.0,0.2155062996687304,0.001744439994433655,0.0007359046208148175,0.0009676707788500243,1.571245279706803e-05,1.650512972560789e-05,1.517188168252538e-05
1473.0,0.2159777035930253,0.001751764358061376,0.0007344191324947356,0.0009671999800774072,1.573024297733917e-05,1.650946221246651e-05,1.518175658198269e-05
1474.0,0.2162446330104371,0.001744598387880121,0.0007328986506923115,0.000966662917748286,1.574383283637989e-05,1.651822003928354e-05,1.519413654141301e-05
1475.0,0.2167282322343851,0.001733541944843763,0.0007315127625284333,0.0009661221342808566,1.575869089392744e-05,1.653059157765409e-05,1.520901711556697e-05
1476.0,0.2170332735653148,0.001759866461141031,0.0007304393821654032,0.000965564651893357,1.577512117582696e-05,1.654399321475931e-05,1.523110068036641e-05
1477.0,0.2175352797568362,0.00177794236812846,0.0007292553662196007,0.0009649799899536244,1.578826828842249e-05,1.655794665416745e-05,1.52552606906388e-05
1478.0,0.2179770422786139,0.001783045910953583,0.0007281539163392843,0.0009644161289842699,1.579656977645105e-05,1.656930267858173e-05,1.528323550922946e-05
1479.0,0.2185248037174472,0.001762428891667138,0.0007267268990542413,0.0009638177477679493,1.580056951645052e-05,1.65778470203373e-05,1.531364737855706e-05
1480.0,0.219073266539116,0.00176502157806695,0.0007255876074312509,0.000963205251420332,1.580494680109373e-05,1.6586112306819e-05,1.534529853117074e-05
1481.0,0.2196241221040498,0.001739353127473995,0.000724545225823517,0.0009625684215796978,1.581480145606738e-05,1.659689557207254e-05,1.537945323857577e-05
1482.0,0.2200188341997037,0.001758085183839189,0.0007235783788663166,0.0009618671304876165,1.581888526046423e-05,1.66044593793355e-05,1.542170292869871e-05
1483.0,0.220335707081339,0.001774232474565942,0.00072265591238208,0.0009611945066973571,1.582369994795418e-05,1.660935685981462e-05,1.546144848721668e-05
1484.0,0.2208081709494632,0.001796145571072523,0.0007220163409249834,0.0009604789012666988,1.582527297853294e-05,1.661846988082004e-05,1.550958102136616e-05
1485.0,0.2212257283604592,0.001806174145279415,0.0007215723719193144,0.0009597863322831485,1.5825220006245e-05,1.662804889772588e-05,1.555004161511158e-05
1486.0,0.2216475272428115,0.001793387032967606,0.0007214366128114192,0.0009590878197267017,1.582471106674813e-05,1.662845290840127e-05,1.559564198123857e-05
1487.0,0.2220634272533643,0.00177584808303403,0.0007214887399751558,0.0009583987216024617,1.582313719999613e-05,1.663331995778244e-05,1.564497627983068e-05
1488.0,0.222479124221675,0.001803007158574761,0.0007219008869200196,0.0009577343994303328,1.582479520845791e-05,1.663393221399137e-05,1.56959591520752e-05
1489.0,0.2229705771408537,0.00179725683670439,0.0007224043116002907,0.000957098253973585,1.582120837613353e-05,1.663282743433149e-05,1.574177332945017e-05
1490.0,0.2236402837255176,0.001816758789184373,0.0007229439712961232,0.0009564506265096451,1.582511960272146e-05,1.663469619866519e-05,1.579323835138117e-05
1491.0,0.2244332852496215,0.001820559426169543,0.0007240530048183755,0.0009558418742004722,1.582504665975086e-05,1.663388897164535e-05,1.583465973568576e-05
1492.0,0.2252455495599976,0.001825349319137826,0.0007252231817108981,0.0009552439964226493,1.582585642589717e-05,1.662712158567023e-05,1.587784926528955e-05
1493.0,0.2260366013821207,0.001817699574474637,0.0007266605664238642,0.0009546459626475961,1.582115911386019e-05,1.662093316182962e-05,1.5915690835876e-05
1494.0,0.2265786506294375,0.001830008321518616,0.0007282045262321341,0.000954053177743423,1.582024779691282e-05,1.661603372715557e-05,1.595839179636805e-05
1495.0,0.2269843805411817,0.001853351162797151,0.0007300478935630527,0.0009534490256278231,1.581895570582587e-05,1.661284481279664e-05,1.599569517137244e-05
1496.0,0.2273979259397207,0.001851795465865978,0.0007319419336423364,0.0009528478891805021,1.58204101470592e-05,1.660989567383292e-05,1.603584591086504e-05
1497.0,0.2277184458219225,0.001864683401396727,0.0007339354642416901,0.0009523032591897232,1.581477270654e-05,1.660614635150634e-05,1.606858218522131e-05
1498.0,0.2280674284554358,0.001892492208422685,0.0007359888486922496,0.0009518410895330771,1.582074216567691e-05,1.660285383497789e-05,1.61009854413073e-05
1499.0,0.2285025614282557,0.001913935549169017,0.000738359544521574,0.0009513470262462814,1.582556499850706e-05,1.660533307601514e-05,1.612869975218337e-05
1500.0,0.2289779740607145,0.001924192881404548,0.000740022129960962,0.0009508639437602126,1.582576178997877e-05,1.660429132699125e-05,1.615316485167951e-05
